[1,["ecpdLyjvZBwrvm+cedCcQy","0dzZvj0dlHp7XmC9AWvfYC","0cIMsao6FEjrKdB6UBnIP/","a0OIMjSTZCja4Yyi0TEF4D","36aaJCLbxAMru71mwo6tyV","58FPHdF6lEgoOhF8MAxa+E","e5kYwYVUpHcqS3BR7oeicK","0fzbQSrtRPQK9dx4Blt8zm","40fKTTluBND4bAOPjADP/0","1d4VnN6uZJspI99VAOYCFO","43vm5Ce5tPgIGqg2u7r0Dy","b2bujnIlZKUrrMLzwIVp++","96Md++HTxBDIfXDP2Mi7Kn","fa4Ig2dgtAnYWoOGiYSQpO","bflDkAZu1FH47yTlmGDPLu","31x7soOzpIhrqCveFQQKF7","44dGgHtHdLkYCAb6hHEtrt","60JPesaSZOMK47WHc23x+m","30dwbwYtBGM6hryWmz7bPV"],["node","_spriteFrame","_textureSetter","_parent","root","effectPanel","audioPanel","data"],[["cc.Node",["_name","_opacity","_active","_prefab","_contentSize","_components","_parent","_trs","_children","_color"],0,4,5,9,1,7,2,5],"cc.SpriteFrame",["cc.Sprite",["_sizeMode","_type","node","_materials","_spriteFrame"],1,1,3,6],["cc.Widget",["_alignFlags","_originalWidth","_originalHeight","_left","_right","node"],-2,1],["cc.PrefabInfo",["fileId","root","asset"],2,1,1],["cc.Button",["_N$transition","node","clickEvents"],2,1,9],["cc.Prefab",["_name"],2],["61e2fu+KzdDsr4xIqgW79su",["node","audioPanel","effectPanel"],3,1,1,1],["cc.BlockInputEvents",["node"],3,1],["cc.ClickEvent",["_componentId","handler","target"],1,1],["cc.Label",["_string","_fontSize","_lineHeight","_styleFlags","_N$horizontalAlign","_N$verticalAlign","node","_materials"],-3,1,3],["cc.LabelOutline",["node","_color"],3,1,5],["cc.LabelShadow",["node","_color","_offset"],3,1,5,5]],[[4,0,1,2,2],[2,2,3,4,1],[0,0,6,5,3,4,7,2],[10,0,1,2,3,4,5,6,7,7],[11,0,1,1],[0,0,6,8,5,3,4,7,2],[9,0,1,2,3],[2,1,0,2,3,4,3],[0,0,2,6,5,3,4,7,3],[5,1,2,1],[0,0,8,5,3,4,7,2],[5,0,1,2,2],[0,0,6,5,3,4,2],[2,0,2,3,4,2],[12,0,1,2,1],[6,0,2],[0,0,8,5,3,4,2],[0,0,6,8,3,4,7,2],[0,0,1,6,5,3,9,4,3],[0,0,6,8,3,7,2],[3,0,1,2,5,4],[3,0,3,4,1,2,5,6],[7,0,1,2,1],[4,1,2,1],[8,0,1]],[[[{"name":"a056","rect":[0,0,47,48],"offset":[0,0],"originalSize":[47,48],"capInsets":[0,0,0,0]}],[1],0,[0],[2],[4]],[[{"name":"a057","rect":[0,0,49,40],"offset":[0,0],"originalSize":[49,40],"capInsets":[0,0,0,0]}],[1],0,[0],[2],[5]],[[{"name":"a053","rect":[0,0,223,55],"offset":[0,0],"originalSize":[223,55],"capInsets":[0,0,0,0]}],[1],0,[0],[2],[6]],[[[15,"PauseUI"],[10,"PauseUI",[-6,-7],[[20,45,900,600,-2],[22,-5,-4,-3]],[23,-1,0],[5,1334,750],[667,375,0,0,0,0,1,1,1,1]],[10,"AudioPanel",[-9,-10,-11,-12,-13],[[1,-8,[30],31]],[0,"b0FQ856/xMApchdg8pywXH",1,0],[5,55,56],[-188.644,60,0,0,0,0,1,1,1,1]],[10,"EffectPanel",[-15,-16,-17,-18,-19],[[1,-14,[43],44]],[0,"66jsiOFjtOWpTYNPbAtwC4",1,0],[5,57,50],[-188.644,-50.883,0,0,0,0,1,1,1,1]],[16,"Bg",[-21,-22,2,3],[[7,1,0,-20,[45],46]],[0,"16BQKYZ0ZDQ60jheoNaRyT",1,0],[5,530,330]],[17,"Title",4,[-23,-24,-25,-26],[0,"54RbR19NpCdq7ENex5vFF4",1,0],[5,208,63],[0,185.86,0,0,0,0,1,1,1,1]],[18,"New Sprite(Splash)",144,1,[[13,0,-27,[0],1],[21,45,-183,-183,100,100,-28],[24,-29]],[0,"3a8PGO8MdNAIGXHWjKx9Nf",1,0],[4,4278190080],[5,1700,750]],[19,"BtnPanel",4,[-30,-31,-32],[0,"d0tgwdL8lNIpkJCsAHoN2I",1,0],[0,-12.991,0,0,0,0,1,1,1,1]],[5,"BackBtn",7,[-35],[[7,1,0,-33,[11],12],[11,1,-34,[[6,"61e2fu+KzdDsr4xIqgW79su","onClickBackHomeBtn",1]]]],[0,"48awl4qzxGTawTPtVgKQRg",1,0],[5,160,70],[-240,-219.38,0,0,0,0,1,1,1,1]],[5,"BackBtn copy",7,[-38],[[7,1,0,-36,[14],15],[11,1,-37,[[6,"61e2fu+KzdDsr4xIqgW79su","onClickRestartBtn",1]]]],[0,"8fLOeqzLBBn5qYePbIVlKk",1,0],[5,160,70],[0,-219.38,0,0,0,0,1,1,1,1]],[5,"BackBtn copy",7,[-41],[[7,1,0,-39,[17],18],[11,1,-40,[[6,"61e2fu+KzdDsr4xIqgW79su","onClickContinueBtn",1]]]],[0,"e0xXSnRg1NRJGv0495Usx6",1,0],[5,160,70],[240,-219.38,0,0,0,0,1,1,1,1]],[2,"New Label copy",2,[[3,"音乐",30,30,1,1,1,-42,[19]],[4,-43,[4,4278190080]],[14,-44,[4,4278190080],[0,2,-2]]],[0,"d8+qRUprtIL7yj40xCXl8K",1,0],[5,62,39.8],[89.203,0.546,0,0,0,0,1,1,1,1]],[5,"Open",2,[-47],[[1,-45,[24],25],[9,-46,[[6,"61e2fu+KzdDsr4xIqgW79su","onClickOpenMusic",1]]]],[0,"bbIFD+WGtCNK02GaIFTnJP",1,0],[5,47,48],[226.063,0,0,0,0,0,1,1,1,1]],[5,"Close",2,[-50],[[1,-48,[28],29],[9,-49,[[6,"61e2fu+KzdDsr4xIqgW79su","onClickCloseMusic",1]]]],[0,"ddy4kLaQRGI415GNhQGDBD",1,0],[5,47,48],[371.634,0,0,0,0,0,1,1,1,1]],[2,"New Label copy",3,[[3,"音效",30,30,1,1,1,-51,[32]],[4,-52,[4,4278190080]],[14,-53,[4,4278190080],[0,2,-2]]],[0,"70xXgjVuBO1rA4C1+CKsQk",1,0],[5,62,39.8],[89.203,0.546,0,0,0,0,1,1,1,1]],[5,"Open",3,[-56],[[1,-54,[37],38],[9,-55,[[6,"61e2fu+KzdDsr4xIqgW79su","onClickOpenEffect",1]]]],[0,"3c4MJ+i5VM4oVx3uAqrwGl",1,0],[5,47,48],[226.063,0,0,0,0,0,1,1,1,1]],[5,"Close",3,[-59],[[1,-57,[41],42],[9,-58,[[6,"61e2fu+KzdDsr4xIqgW79su","onClickCloseEffect",1]]]],[0,"08AzIz0EhBTq9jLGKdNkEh",1,0],[5,47,48],[371.634,0,0,0,0,0,1,1,1,1]],[5,"Panel",1,[4],[[7,1,0,-60,[47],48]],[0,"c55DDjSXROpbADXq2DQUeI",1,0],[5,550,350],[6.865,67.895,0,0,0,0,1,1,1,1]],[2,"New Label",8,[[3,"返回地图",30,30,1,1,1,-61,[10]],[4,-62,[4,4278190080]]],[0,"207Oa/Ql9IUJ0JSCxfxBOW",1,0],[5,122,39.8],[0,4.791,0,0,0,0,1,1,1,1]],[2,"New Label",9,[[3,"重新开始",30,30,1,1,1,-63,[13]],[4,-64,[4,4278190080]]],[0,"9fN3HvY2lMP5qOQjwVtEKS",1,0],[5,122,39.8],[0,4.791,0,0,0,0,1,1,1,1]],[2,"New Label",10,[[3,"继续",30,30,1,1,1,-65,[16]],[4,-66,[4,4278190080]]],[0,"54Rcb9qd5E/JbC07H3Ock8",1,0],[5,62,39.8],[0,4.791,0,0,0,0,1,1,1,1]],[2,"New Label copy",2,[[3,"开",30,30,1,1,1,-67,[20]],[4,-68,[4,4278190080]]],[0,"d9lmW0NUVNuL8NXsAxGBpy",1,0],[5,32,39.8],[163.227,0.546,0,0,0,0,1,1,1,1]],[2,"New Label copy",2,[[3,"关",30,30,1,1,1,-69,[21]],[4,-70,[4,4278190080]]],[0,"ddCxGpy/REdrRvoGEEZ5Gn",1,0],[5,32,39.8],[308.798,0.546,0,0,0,0,1,1,1,1]],[2,"New Label copy",3,[[3,"开",30,30,1,1,1,-71,[33]],[4,-72,[4,4278190080]]],[0,"1fgmzl4B5LEJFl3AUlFMJs",1,0],[5,32,39.8],[163.227,0.546,0,0,0,0,1,1,1,1]],[2,"New Label copy",3,[[3,"关",30,30,1,1,1,-73,[34]],[4,-74,[4,4278190080]]],[0,"35JW/oan9DvYPnvzJHovJ4",1,0],[5,32,39.8],[308.798,0.546,0,0,0,0,1,1,1,1]],[2,"a040",5,[[1,-75,[2],3]],[0,"0a/JhmOWVG/aTC0f9E9EYB",1,0],[5,79,73],[-173.046,9.629,0,0,0,0,1,1,1,1]],[2,"a040 copy",5,[[1,-76,[4],5]],[0,"58KKj6RY1FZbK2NgIKoZJB",1,0],[5,79,73],[172.134,10.434,0,0,0,0,1,-1,1,1]],[12,"a120",5,[[13,0,-77,[6],7]],[0,"5794NkjzJCpaa9WDU82VRM",1,0],[5,300,71]],[12,"Title copy",5,[[1,-78,[8],9]],[0,"38FbzDb1VMQ7JZDwS0U+Iq",1,0],[5,223,55]],[8,"a057",false,12,[[1,-79,[22],23]],[0,"e2WbbOTZJL8Yq+XGhjSkJH",1,0],[5,49,40],[0,5.897,0,0,0,0,1,1,1,1]],[8,"a057",false,13,[[1,-80,[26],27]],[0,"7egme4zplHyo/xXBOTMHCM",1,0],[5,49,40],[0,5.897,0,0,0,0,1,1,1,1]],[8,"a057",false,15,[[1,-81,[35],36]],[0,"058pKzj/FPlZnbjshca3KQ",1,0],[5,49,40],[0,5.897,0,0,0,0,1,1,1,1]],[8,"a057",false,16,[[1,-82,[39],40]],[0,"c4ObgcoblIYIY+ptXsbjeD",1,0],[5,49,40],[0,5.897,0,0,0,0,1,1,1,1]]],0,[0,4,1,0,0,1,0,5,3,0,6,2,0,0,1,0,-1,6,0,-2,17,0,0,2,0,-1,11,0,-2,21,0,-3,22,0,-4,12,0,-5,13,0,0,3,0,-1,14,0,-2,23,0,-3,24,0,-4,15,0,-5,16,0,0,4,0,-1,5,0,-2,7,0,-1,25,0,-2,26,0,-3,27,0,-4,28,0,0,6,0,0,6,0,0,6,0,-1,8,0,-2,9,0,-3,10,0,0,8,0,0,8,0,-1,18,0,0,9,0,0,9,0,-1,19,0,0,10,0,0,10,0,-1,20,0,0,11,0,0,11,0,0,11,0,0,12,0,0,12,0,-1,29,0,0,13,0,0,13,0,-1,30,0,0,14,0,0,14,0,0,14,0,0,15,0,0,15,0,-1,31,0,0,16,0,0,16,0,-1,32,0,0,17,0,0,18,0,0,18,0,0,19,0,0,19,0,0,20,0,0,20,0,0,21,0,0,21,0,0,22,0,0,22,0,0,23,0,0,23,0,0,24,0,0,24,0,0,25,0,0,26,0,0,27,0,0,28,0,0,29,0,0,30,0,0,31,0,0,32,0,7,1,2,3,4,3,3,4,4,3,17,82],[0,0,0,0,0,0,0,0,0,0,0,0,0,0,0,0,0,0,0,0,0,0,0,0,0,0,0,0,0,0,0,0,0,0,0,0,0,0,0,0,0,0,0,0,0,0,0,0,0],[-1,1,-1,1,-1,1,-1,1,-1,1,-1,-1,1,-1,-1,1,-1,-1,1,-1,-1,-1,-1,1,-1,1,-1,1,-1,1,-1,1,-1,-1,-1,-1,1,-1,1,-1,1,-1,1,-1,1,-1,1,-1,1],[0,7,0,3,0,3,0,8,0,9,0,0,10,0,0,11,0,0,12,0,0,0,0,1,0,2,0,1,0,2,0,13,0,0,0,0,1,0,2,0,1,0,2,0,14,0,15,0,16]],[[{"name":"a055","rect":[0,0,57,50],"offset":[0,0],"originalSize":[57,50],"capInsets":[0,0,0,0]}],[1],0,[0],[2],[17]],[[{"name":"a054","rect":[0,0,55,56],"offset":[-0.5,0],"originalSize":[56,56],"capInsets":[0,0,0,0]}],[1],0,[0],[2],[18]]]]