[1,["e0eDoYKPdGFqfXW3XLJ46b","92vYIZ8nRIn5KscvQdK5yS"],["_textureSetter"],["cc.SpriteFrame",["cc.AnimationClip",["_name","_duration","wrapMode","curveData"],-1]],[[1,0,1,2,3,5]],[[[[0,"ball",2,2,{"props":{"angle":[{"frame":0,"value":0},{"frame":2,"value":360}]}}]],0,0,[],[],[]],[[{"name":"ballTitle","rect":[5,2,276,107],"offset":[-0.5,0.5],"originalSize":[287,112],"capInsets":[0,0,0,0]}],[0],0,[0],[0],[0]],[[{"name":"1-1","rect":[3,3,186,186],"offset":[-0.5,0.5],"originalSize":[193,193],"capInsets":[0,0,0,0]}],[0],0,[0],[0],[1]]]]