[1,["ecpdLyjvZBwrvm+cedCcQy","caohSHbS5GEIzmwCrnMGn5","7a/QZLET9IDreTiBfRn2PD","137b5eb28","d6SbXcsMdPHJCmWl8V4r0t","1eOYxtQptCNqTzT95llWlR","97RWUdbdhDf7PwmKzSu13g","35AWwDfGJD1Y9nlO1C+xZs","15U2uVlqxEB4yYjqRtzLmL","65ybVT/JhNvbjVcDxJ07U+","dadQ2zZntCQp4oUekYnXUp","862V3mvtdEX5NM00fGQv24","a0YIO8jbNOdqRuj1/jiDKT","5b2E3BaVNNzZPAk8+DkCbZ","c4CGt6V2BEELgWlQZ2tLBZ","60afZXM9FL9LYMQe6oLLq2","dfRSbjeAVCdJxC1sjYJhDn","61gmdS5rFPHr+LE2zChh66","2feRlJ3QNFh5DUZG3E5FSJ","11aX3SpyRCQ5Ea1ipmYGdA"],["node","_spriteFrame","_N$file","_N$skeletonData","_textureSetter","_parent","root","zjNode","jdNode","xyZombieNode","zjZombieNode1","zombieNode","zjPlantNode","plantNode","data"],[["cc.Node",["_name","_active","_components","_prefab","_contentSize","_trs","_parent","_children","_anchorPoint","_color"],1,9,4,5,7,1,2,5,5],"cc.SpriteFrame",["cc.Widget",["_alignFlags","_originalWidth","_originalHeight","_left","_right","_top","_bottom","node"],-4,1],["cc.Sprite",["_type","_sizeMode","_isTrimmedMode","node","_materials","_spriteFrame"],0,1,3,6],["cc.Label",["_string","_isSystemFontUsed","_N$horizontalAlign","_N$verticalAlign","_lineHeight","_fontSize","node","_materials","_N$file"],-3,1,3,6],["sp.Skeleton",["defaultSkin","defaultAnimation","_preCacheMode","_animationName","premultipliedAlpha","_N$enableBatch","node","_materials","_N$skeletonData"],-3,1,3,6],["cc.PrefabInfo",["fileId","root","asset"],2,1,1],["cc.Button",["_N$transition","node","clickEvents"],2,1,9],["cc.Prefab",["_name"],2],["cc.BlockInputEvents",["node"],3,1],["3cd4cOQNe5AlKqqOM/396Us",["node","plantNode","zjPlantNode","zombieNode","zjZombieNode1","xyZombieNode","jdNode","zjNode"],3,1,1,1,1,1,1,1,1],["cc.ClickEvent",["_componentId","handler","target"],1,1],["cc.Layout",["_N$layoutType","_N$spacingX","node","_layoutSize"],1,1,5],["cc.LabelOutline",["_width","node","_color"],2,1,5]],[[6,0,1,2,2],[0,0,6,2,3,4,5,2],[3,0,1,2,3,4,5,4],[3,3,4,5,1],[11,0,1,2,3],[13,0,1,2,2],[0,0,6,7,2,3,4,5,2],[0,0,6,2,3,9,4,5,2],[7,1,2,1],[4,0,1,2,3,6,7,8,5],[5,0,1,2,4,3,5,6,7,8,7],[0,0,7,2,3,4,5,2],[0,0,6,2,3,4,2],[0,0,6,2,3,4,8,5,2],[4,0,4,1,2,3,6,7,8,6],[8,0,2],[0,0,1,7,2,3,4,5,3],[0,0,6,7,2,3,4,8,5,2],[0,0,1,6,2,3,4,5,3],[0,0,6,2,3,9,4,2],[2,0,7,2],[2,0,1,2,7,4],[2,0,3,4,5,6,1,2,7,8],[9,0,1],[10,0,1,2,3,4,5,6,7,1],[6,1,2,1],[3,0,1,3,4,5,3],[7,0,1,2,2],[12,0,1,2,3,3],[4,0,5,4,1,2,3,6,7,8,7],[5,0,1,2,3,6,7,8,5],[5,0,1,2,4,3,6,7,8,6]],[[[{"name":"tittle_bg","rect":[3,3,853,118],"offset":[0,0],"originalSize":[853,118],"rotated":1,"capInsets":[370,0,420,0]}],[1],0,[0],[4],[3]],[[{"name":"type_bg","rect":[127,776,204,74],"offset":[0,0],"originalSize":[204,74],"capInsets":[0,0,0,0]}],[1],0,[0],[4],[3]],[[{"name":"zombie_board_down","rect":[631,487,248,46],"offset":[0,0],"originalSize":[248,46],"rotated":1,"capInsets":[105,0,105,0]}],[1],0,[0],[4],[3]],[[[15,"HandbookView"],[11,"HandbookView",[-12,-13,-14,-15,-16,-17,-18],[[20,45,-2],[23,-3],[24,-11,-10,-9,-8,-7,-6,-5,-4]],[25,-1,0],[5,1280,720],[640,360,0,0,0,0,1,1,1,1]],[6,"zombie_board",1,[-20,-21,-22,-23,-24,-25,-26],[[2,1,0,false,-19,[32],33]],[0,"19fAMiDwxAGJ96KF2BEqMq",1,0],[5,413,100],[230,89,0,0,0,0,1,1,1,1]],[6,"plant_board",1,[-29,-30,-31,-32,-33],[[2,1,0,false,-27,[18],19],[8,-28,[[4,"3cd4cOQNe5AlKqqOM/396Us","clickPlantBook",1]]]],[0,"32mcJoBldHqapwWcSu78rI",1,0],[5,405,364],[-263,-44,0,0,0,0,1,1,1,1]],[6,"btn_close",1,[-36,-37],[[3,-34,[38],39],[27,3,-35,[[4,"3cd4cOQNe5AlKqqOM/396Us","clickClose",1]]]],[0,"5dqnZKsllEqployEUjHi2M",1,0],[5,186,67],[449,-317,0,0,0,0,1,1,1,0]],[11,"type_bg",[-40],[[3,-38,[42],43],[8,-39,[[4,"3cd4cOQNe5AlKqqOM/396Us","clickJdBtn",1]]]],[0,"7cRkwsQ9ZEDqmR9f2veYGd",1,0],[5,204,74],[102,0,0,0,0,0,1,1,1,1]],[16,"type_bg",false,[-43],[[3,-41,[46],47],[8,-42,[[4,"3cd4cOQNe5AlKqqOM/396Us","clickZjBtn",1]]]],[0,"083XttSmRHobP0mxtjcIsD",1,0],[5,204,74],[326,0,0,0,0,0,1,1,1,1]],[17,"layout",1,[5,6],[[28,1,20,-44,[5,500,100]]],[0,"ecqGttiXlGcImTIVBe7QkG",1,0],[5,500,100],[0,0,0.5],[-587.23,-289.556,0,0,0,0,1,1,1,1]],[12,"new_plant_bg",1,[[26,1,0,-45,[0],1],[21,45,149,142,-46]],[0,"2fzir3ENRNqLigvE3WcoNE",1,0],[5,1280,720]],[12,"new_plant_bg2",1,[[2,1,0,false,-47,[2],3],[22,45,35,35,20,20,70,62,-48]],[0,"7dsX9raBFJWIij8EXdbKmY",1,0],[5,1210,680]],[6,"tittle_bg",1,[-50],[[2,1,0,false,-49,[6],7]],[0,"0e2Gs39XpACZhg0uTGh4gK",1,0],[5,1150,118],[-2,262,0,0,0,0,1,1,1,1]],[1,"tittle",10,[[29,"大图鉴-目录",70,75,false,1,1,-51,[4],5],[5,2,-52,[4,4278190080]]],[0,"d6xRdSfKdDvYfIOBEskIOf",1,0],[5,395.86,98.5],[4,2,0,0,0,0,1,1,1,1]],[1,"02_plant",3,[[30,"skin1","idle1",0,"idle1",-53,[12],13]],[0,"f6x1aPGYlKnrJtF1/oqQFG",1,0],[5,105.41000366210938,123.50399780273438],[0,-36,0,0,0,0,1,1,1,1]],[7,"txt",3,[[14,"查看植物",44,false,1,1,-54,[14],15],[5,2,-55,[4,4278596427]]],[0,"59foJvhelKEq8G0G2fHF9m",1,0],[4,4280135167],[5,164,59.44],[0,-116,0,0,0,0,1,1,1,1]],[1,"zjPlant",3,[[31,"default","idle",0,false,"idle",-56,[16],17]],[0,"36Op7GGqxHAJxVPKOO8wXw",1,0],[5,168.78248596191406,109.98406982421875],[0,-36,0,0,0,0,1,1,1,1]],[1,"01_03zombie",2,[[10,"zombie_1","idle1",0,false,"idle1",true,-57,[24],25]],[0,"9d8J0W2tZNo5S1UZB4rxj7",1,0],[5,97.35409545898438,147.5260009765625],[0,-206,0,0,0,0,1,1,1,1]],[7,"txt",2,[[14,"查看僵尸",44,false,1,1,-58,[26],27],[5,2,-59,[4,4278330370]]],[0,"5b0LjWILtBfrk+4byuy0k1",1,0],[4,4279746326],[5,164,59.44],[0,-244,0,0,0,0,1,1,1,1]],[1,"zjZombie",2,[[10,"zombie_1","idle1",0,false,"idle1",true,-60,[28],29]],[0,"7eadywhmhFyJ1l8IWpWnsY",1,0],[5,97.35409545898438,147.5260009765625],[0,-206,0,0,0,0,1,1,1,1]],[18,"xyZombie",false,2,[[10,"zombie_1","idle1",0,false,"idle1",true,-61,[30],31]],[0,"0ct3EiXDVAz5CqBVhSpAn9",1,0],[5,108.55142211914062,166.74720764160156],[0,-206,0,0,0,0,1,1,1,1]],[19,"New Label",5,[[9,"经典版",false,1,1,-62,[40],41],[5,2,-63,[4,4278190080]]],[0,"edUvxRRetFSpxRn+HQWHLU",1,0],[4,4280134909],[5,124,54.4]],[7,"New Label",6,[[9,"创意模式",false,1,1,-64,[44],45],[5,2,-65,[4,4278190080]]],[0,"2c/zSS8G5Ds7wwBSdQkIeW",1,0],[4,4278255360],[5,164,54.4],[-5.367,0,0,0,0,0,1,1,1,1]],[1,"plant_board_bg",3,[[2,1,0,false,-66,[8],9]],[0,"87l7xSnUpGMLmYTOcK2l0Z",1,0],[5,350,303],[-1,1,0,0,0,0,1,1,1,1]],[1,"shadow_new",3,[[3,-67,[10],11]],[0,"b4Ot4RK+JMtZpzWYwh41JC",1,0],[5,74,37],[0,-39,0,0,0,0,1,1,1,1]],[13,"common_pop_view_3",2,[[2,1,0,false,-68,[20],21]],[0,"acUhlLeQVGcJrGEqNXudX1",1,0],[5,407,223],[0,0.5,1],[1,-49,0,0,0,0,1,1,1,1]],[13,"zombie_board_down",2,[[2,1,0,false,-69,[22],23]],[0,"5avrsttP9P9aX1pwaiw6vk",1,0],[5,412,46],[0,0.5,0],[-0.5,-316,0,0,0,0,1,1,1,1]],[1,"btn",2,[[8,-70,[[4,"3cd4cOQNe5AlKqqOM/396Us","clickZombieBook",1]]]],[0,"a6W3CCkg5K64FYSVVjfFiv",1,0],[5,413,364],[0,-131,0,0,0,0,1,1,1,1]],[7,"txt",4,[[9,"关闭",false,1,1,-71,[34],35]],[0,"0apnSsa6tHeJ/evk8ew20A",1,0],[4,4285150504],[5,80,50.4],[-29,0,0,0,0,0,1,1,1,1]],[1,"btn_close",4,[[3,-72,[36],37]],[0,"61M+oiZYFKqb5LK18kJbFV",1,0],[5,88,82],[51,0,0,0,0,0,1,0.55,0.55,1]]],0,[0,6,1,0,0,1,0,0,1,0,7,6,0,8,5,0,9,18,0,10,17,0,11,15,0,12,14,0,13,12,0,0,1,0,-1,8,0,-2,9,0,-3,10,0,-4,3,0,-5,2,0,-6,4,0,-7,7,0,0,2,0,-1,23,0,-2,24,0,-3,15,0,-4,16,0,-5,25,0,-6,17,0,-7,18,0,0,3,0,0,3,0,-1,21,0,-2,22,0,-3,12,0,-4,13,0,-5,14,0,0,4,0,0,4,0,-1,26,0,-2,27,0,0,5,0,0,5,0,-1,19,0,0,6,0,0,6,0,-1,20,0,0,7,0,0,8,0,0,8,0,0,9,0,0,9,0,0,10,0,-1,11,0,0,11,0,0,11,0,0,12,0,0,13,0,0,13,0,0,14,0,0,15,0,0,16,0,0,16,0,0,17,0,0,18,0,0,19,0,0,19,0,0,20,0,0,20,0,0,21,0,0,22,0,0,23,0,0,24,0,0,25,0,0,26,0,0,27,0,14,1,5,5,7,6,5,7,72],[0,0,0,0,0,0,0,0,0,0,0,0,0,0,0,0,0,0,0,0,0,0,0,0,0,0,0,0,0,0,0,0,0,0,0,0,0,0,0,0,0,0,0,0,0,0,0,0],[-1,1,-1,1,-1,2,-1,1,-1,1,-1,1,-1,3,-1,2,-1,3,-1,1,-1,1,-1,1,-1,3,-1,2,-1,3,-1,3,-1,1,-1,2,-1,1,-1,1,-1,2,-1,1,-1,2,-1,1],[0,6,0,7,0,1,0,8,0,9,0,10,2,11,0,1,2,12,0,13,0,14,0,15,2,4,0,1,2,4,2,16,0,17,0,1,0,18,0,19,0,1,0,5,0,1,0,5]]]]