[1,["ecpdLyjvZBwrvm+cedCcQy","caohSHbS5GEIzmwCrnMGn5","11T5fWN1pNsLH59ra/2iGY","1a3kW4M+dGIopQBVB6amB7","57lnUrHrBBKLImHUW/AST+","17rG/mhQNNo4tWKL6Ch3Eu","23PFEXhnxK9rU+8q2vuzup","12aabfc9a","1d18c5455","16572be7f"],["node","_spriteFrame","_N$file","_textureSetter","root","flagCount","nick","headIcon","rank","rankTag","data"],[["cc.Sprite",["_sizeMode","_isTrimmedMode","_type","node","_materials","_spriteFrame"],0,1,3,6],"cc.SpriteFrame",["cc.Node",["_name","_active","_parent","_components","_prefab","_contentSize","_trs","_color","_anchorPoint"],1,1,2,4,5,7,5,5],["cc.Label",["_string","_fontSize","_isSystemFontUsed","_N$verticalAlign","_N$horizontalAlign","_lineHeight","_N$overflow","node","_materials"],-4,1,3],["cc.Node",["_name","_components","_prefab","_contentSize","_trs","_children","_parent"],2,9,4,5,7,2,1],["cc.PrefabInfo",["fileId","root","asset"],2,1,1],["cc.Prefab",["_name"],2],["cc.Node",["_name","_parent","_components","_prefab","_color","_contentSize","_trs"],2,1,12,4,5,5,7],["7d3a7Ws9V1NF5AmcmUXp4UN",["node","rankTag","rankTagFrames","rank","headIcon","nick","flagCount"],3,1,1,3,1,1,1,1],["cc.LabelOutline",["_width","node","_color"],2,1,5]],[[5,0,1,2,2],[2,0,2,3,4,7,5,8,6,2],[6,0,2],[4,0,5,1,2,3,4,2],[4,0,6,1,2,3,4,2],[7,0,1,2,3,4,5,6,2],[2,0,1,2,3,4,5,6,3],[2,0,2,3,4,5,6,2],[0,2,0,1,3,4,5,4],[0,3,4,1],[0,0,1,3,4,3],[0,3,4,5,1],[8,0,1,2,3,4,5,6,1],[5,1,2,1],[9,0,1,2,2],[3,0,1,2,4,3,7,8,6],[3,0,1,5,2,3,6,7,8,7],[3,0,1,5,2,4,3,7,8,7]],[[[[2,"RankItem"],[3,"RankItem",[-9,-10,-11,-12,-13,-14],[[8,1,0,false,-2,[7],8],[12,-8,-7,[9,10,11],-6,-5,-4,-3]],[13,-1,0],[5,598,80],[0,-41,0,0,0,0,1,1,1,1]],[5,"rank",1,[[-15,[14,3,-16,[4,4278596427]]],1,4],[0,"9ejWVyUcxA/KTkwUpgzINs",1,0],[4,4280135167],[5,18.39,56.4],[-248,0,0,0,0,0,1,1,1,1]],[6,"rank_tag",false,1,[-17],[0,"e5T7Qac4lHJ5pv1odmlLwK",1,0],[5,50,63],[-248,0,0,0,0,0,1,1,1,1]],[9,3,[0]],[15,"1",35,false,1,1,2,[1]],[7,"head_icon",1,[-18],[0,"efYF51yt5NCLvegmGswSH1",1,0],[5,60,60],[-179,0,0,0,0,0,1,1,1,1]],[10,0,false,6,[2]],[1,"nick",1,[-19],[0,"8f3RLseuBN4o5gm7BmgAJ+",1,0],[4,4285150504],[5,250,44.1],[0,0,0.5],[-136,-1,0,0,0,0,1,1,1,1]],[16,"好长的用户名字",30,35,false,1,2,8,[3]],[4,"flag",1,[[11,-20,[4],5]],[0,"e8Y1QNktNDEYKRxOg6kiaH",1,0],[5,30,30],[203,-1,0,0,0,0,1,1,1,1]],[1,"count",1,[-21],[0,"02eyLUYI5CRqwCz3YpfrZS",1,0],[4,4281030570],[5,45.78,44.1],[0,1,0.5],[181,-1,0,0,0,0,1,1,1,1]],[17,"100",30,35,false,2,1,11,[6]]],0,[0,4,1,0,0,1,0,5,12,0,6,9,0,7,7,0,8,5,0,9,4,0,0,1,0,-1,3,0,-2,2,0,-3,6,0,-4,8,0,-5,10,0,-6,11,0,-1,5,0,0,2,0,-1,4,0,-1,7,0,-1,9,0,0,10,0,-1,12,0,10,1,21],[0,0,0,0,0,0,0,0,0,0,0,0,4,5,9,12],[-1,-1,-1,-1,-1,1,-1,-1,1,-1,-2,-3,1,2,2,2],[0,0,0,0,0,3,0,0,4,2,5,6,2,1,1,1]],[[{"name":"rank_1","rect":[971,951,50,63],"offset":[0,0],"originalSize":[50,63],"capInsets":[0,0,0,0]}],[1],0,[0],[3],[7]],[[{"name":"rank_2","rect":[604,818,53,56],"offset":[0,0],"originalSize":[53,56],"rotated":1,"capInsets":[0,0,0,0]}],[1],0,[0],[3],[8]],[[{"name":"rank_3","rect":[292,968,52,52],"offset":[0,0],"originalSize":[52,52],"capInsets":[0,0,0,0]}],[1],0,[0],[3],[9]]]]