[1,["f6I2e/z0hCg6zp0hbVHiUZ"],0,[["sp.SkeletonData",["_name","_atlasText","textureNames","_skeletonJson","textures"],-1,3]],[[0,0,1,2,3,4,5]],[[0,"s01","\r\ns01.png\r\nsize: 301,120\r\nformat: RGBA8888\r\nfilter: Linear,Linear\r\nrepeat: none\r\n26/huo1\r\n  rotate: true\r\n  xy: 2, 62\r\n  size: 56, 120\r\n  orig: 59, 122\r\n  offset: 2, 1\r\n  index: -1\r\n26/huo2\r\n  rotate: true\r\n  xy: 118, 2\r\n  size: 58, 116\r\n  orig: 59, 122\r\n  offset: 1, 3\r\n  index: -1\r\n26/huo3\r\n  rotate: true\r\n  xy: 2, 3\r\n  size: 57, 114\r\n  orig: 59, 122\r\n  offset: 1, 4\r\n  index: -1\r\n26/huo4\r\n  rotate: true\r\n  xy: 124, 62\r\n  size: 56, 116\r\n  orig: 59, 122\r\n  offset: 1, 3\r\n  index: -1\r\n26/huo5\r\n  rotate: false\r\n  xy: 242, 5\r\n  size: 57, 113\r\n  orig: 59, 122\r\n  offset: 1, 5\r\n  index: -1\r\n",["s01.png"],{"skeleton":{"hash":"phTLkknE6K2QIW3N0bCq+BmGJMU","spine":"3.8.99","fps":24,"images":"D:/Work/植物大战僵尸2娘化版/动画/娘化版/子弹/龙骨导出的spine资源/library","audio":"D:\\Work\\植物大战僵尸2娘化版\\动画\\娘化版\\子弹\\龙骨导出的spine资源"},"bones":[{"name":"root"},{"name":"huo1","parent":"root","length":92,"rotation":-180}],"slots":[{"name":"huo1","bone":"huo1","attachment":"26/huo2"}],"skins":[{"name":"default","attachments":{"huo1":{"26/huo1":{"x":41.31,"y":1.01,"rotation":-90.4,"width":59,"height":122},"26/huo2":{"x":41.31,"y":1.01,"rotation":-90.4,"width":59,"height":122},"26/huo3":{"x":41.31,"y":1.01,"rotation":-90.4,"width":59,"height":122},"26/huo4":{"x":41.31,"y":1.01,"rotation":-90.4,"width":59,"height":122},"26/huo5":{"x":41.31,"y":1.01,"rotation":-90.4,"width":59,"height":122}}}}],"animations":{"newAnimation":{"slots":{"huo1":{"attachment":[{"name":"26/huo1"},{"time":0.0417,"name":"26/huo2"},{"time":0.0833,"name":"26/huo3"},{"time":0.125,"name":"26/huo4"},{"time":0.1667,"name":"26/huo5"},{"time":0.2083,"name":"26/huo1"}]}}}}},[0]]],0,0,[0],[-1],[0]]