[1,["6adF+kohhMGo6rtouieoTD"],0,[["sp.SkeletonData",["_name","_atlasText","textureNames","_skeletonJson","textures"],-1,3]],[[0,0,1,2,3,4,5]],[[0,"b02","\r\nb02.png\r\nsize: 335,1027\r\nformat: RGBA8888\r\nfilter: Linear,Linear\r\nrepeat: none\r\nhajr_0\r\n  rotate: true\r\n  xy: 184, 361\r\n  size: 104, 134\r\n  orig: 104, 134\r\n  offset: 0, 0\r\n  index: -1\r\nhajr_body\r\n  rotate: true\r\n  xy: 2, 758\r\n  size: 267, 291\r\n  orig: 279, 291\r\n  offset: 0, 0\r\n  index: -1\r\nhajr_head_01\r\n  rotate: true\r\n  xy: 193, 637\r\n  size: 119, 140\r\n  orig: 135, 140\r\n  offset: 0, 0\r\n  index: -1\r\nhajr_head_02\r\n  rotate: true\r\n  xy: 114, 2\r\n  size: 83, 72\r\n  orig: 83, 75\r\n  offset: 0, 0\r\n  index: -1\r\nhajr_j1\r\n  rotate: true\r\n  xy: 2, 609\r\n  size: 147, 189\r\n  orig: 147, 189\r\n  offset: 0, 0\r\n  index: -1\r\nhajr_j2\r\n  rotate: false\r\n  xy: 193, 467\r\n  size: 137, 168\r\n  orig: 137, 168\r\n  offset: 0, 0\r\n  index: -1\r\nhajr_wq\r\n  rotate: true\r\n  xy: 2, 165\r\n  size: 442, 180\r\n  orig: 442, 180\r\n  offset: 0, 0\r\n  index: -1\r\nhajr_xb\r\n  rotate: true\r\n  xy: 114, 87\r\n  size: 76, 63\r\n  orig: 76, 63\r\n  offset: 0, 0\r\n  index: -1\r\nhajr_xs1\r\n  rotate: true\r\n  xy: 295, 972\r\n  size: 53, 36\r\n  orig: 53, 36\r\n  offset: 0, 0\r\n  index: -1\r\nhajr_xs2\r\n  rotate: true\r\n  xy: 295, 918\r\n  size: 52, 26\r\n  orig: 52, 26\r\n  offset: 0, 0\r\n  index: -1\r\nhajr_y1\r\n  rotate: false\r\n  xy: 295, 893\r\n  size: 23, 23\r\n  orig: 23, 23\r\n  offset: 0, 0\r\n  index: -1\r\nhajr_y2\r\n  rotate: false\r\n  xy: 188, 79\r\n  size: 50, 50\r\n  orig: 50, 50\r\n  offset: 0, 0\r\n  index: -1\r\nhajr_zs1\r\n  rotate: false\r\n  xy: 2, 4\r\n  size: 110, 159\r\n  orig: 110, 159\r\n  offset: 0, 0\r\n  index: -1\r\nhajr_zs2\r\n  rotate: true\r\n  xy: 184, 131\r\n  size: 106, 131\r\n  orig: 106, 131\r\n  offset: 0, 0\r\n  index: -1\r\nhajr_zs3\r\n  rotate: true\r\n  xy: 184, 239\r\n  size: 120, 132\r\n  orig: 120, 132\r\n  offset: 0, 0\r\n  index: -1\r\n",["b02.png"],{"skeleton":{"hash":"aWvw9MjSpo0Xr4Ca6xlAN6PNfl8","spine":"3.8.99","x":-135.36,"y":-13.67,"width":236.77,"height":221.8,"fps":24,"images":"","audio":"D:/Work/植物大战僵尸2娘化版/动画/娘化版/工程文件/僵尸/b02"},"bones":[{"name":"root","x":-11.36,"scaleX":0.25,"scaleY":0.25},{"name":"yd","parent":"root"},{"name":"hajr_j2","parent":"yd","length":192,"rotation":-77.52,"x":78.9,"y":263.46},{"name":"hajr_body","parent":"yd","length":147,"rotation":96.84,"x":138.15,"y":260.61},{"name":"hajr_j11","parent":"yd","length":201,"rotation":-81,"x":247.05,"y":238.81},{"name":"hajr_body1","parent":"hajr_body","length":145,"rotation":36.85,"x":147.07,"y":-2.28},{"name":"hajr_j12","parent":"hajr_j11","length":91,"rotation":-82.04,"x":197.92,"y":0.25},{"name":"hajr_j21","parent":"hajr_j2","length":121,"rotation":-75.58,"x":173.53,"y":-0.1},{"name":"hajr_j13","parent":"hajr_j12","length":58,"rotation":0.47,"x":91.21},{"name":"hajr_body2","parent":"hajr_body1","length":171,"rotation":131.63,"x":177.33,"y":24.06},{"name":"hajr_zs3","parent":"hajr_body1","length":163,"rotation":141.22,"x":-6.57,"y":-223.44},{"name":"hajr_j22","parent":"hajr_j21","length":60,"rotation":0.06,"x":121.87,"y":-0.38},{"name":"hajr_0","parent":"hajr_body1","length":128,"rotation":-36.16,"x":-84.35,"y":-250.93},{"name":"hajr_head_01","parent":"hajr_body1","length":134,"rotation":59.86,"x":143.25,"y":-0.9},{"name":"hajr_01","parent":"hajr_0","length":77,"rotation":16.23,"x":128.46},{"name":"hajr_zs1","parent":"hajr_body2","length":120,"rotation":-1.97,"x":170.82,"y":-3.07},{"name":"hajr_y1","parent":"hajr_head_01","rotation":-96.71,"x":189.89,"y":-27.1},{"name":"hajr_zs2","parent":"hajr_zs3","length":202,"rotation":-12.56,"x":163.6},{"name":"hajr_xb","parent":"hajr_head_01","length":102,"rotation":54.79,"x":44.19,"y":56.57},{"name":"hajr_y2","parent":"hajr_head_01","rotation":-96.71,"x":74.52,"y":-16.68},{"name":"hajr_xs1","parent":"hajr_01","length":61,"rotation":93.88,"x":43.63,"y":-3.53},{"name":"hajr_head_02","parent":"hajr_01","length":75,"rotation":36.82,"x":74.4,"y":-0.53},{"name":"hajr_xb1","parent":"hajr_xb","length":89,"rotation":-68.63,"x":103.04,"y":-2.6},{"name":"hajr_j1","parent":"hajr_zs2","length":85,"rotation":-28.28,"x":202.94,"y":-0.99},{"name":"hajr_zs11","parent":"hajr_zs1","length":93,"rotation":4.19,"x":121.05,"y":-1.99},{"name":"hajr_xs2","parent":"hajr_01","length":48,"rotation":79.28,"x":67.7,"y":59.57},{"name":"hajr_xs11","parent":"hajr_xs1","length":46,"rotation":-7.6,"x":61.86},{"name":"hajr_xs21","parent":"hajr_xs2","length":43,"rotation":-17.42,"x":48.5}],"slots":[{"name":"hajr_zs1","bone":"hajr_zs1","attachment":"hajr_zs1"},{"name":"hajr_j2","bone":"hajr_j2","attachment":"hajr_j2"},{"name":"hajr_j1","bone":"hajr_j11","attachment":"hajr_j1"},{"name":"hajr_0","bone":"hajr_01","attachment":"hajr_0"},{"name":"hajr_body","bone":"hajr_body","attachment":"hajr_body"},{"name":"hajr_xs2","bone":"hajr_xs21","attachment":"hajr_xs2"},{"name":"hajr_xb","bone":"hajr_xb1","attachment":"hajr_xb"},{"name":"hajr_head_01","bone":"hajr_head_01","attachment":"hajr_head_01"},{"name":"hajr_y2","bone":"hajr_y2","attachment":"hajr_y2"},{"name":"hajr_y1","bone":"hajr_y1","attachment":"hajr_y1"},{"name":"hajr_head_02","bone":"hajr_head_02","attachment":"hajr_head_02"},{"name":"hajr_wq","bone":"hajr_j1","attachment":"hajr_wq"},{"name":"hajr_zs3","bone":"hajr_zs3","attachment":"hajr_zs3"},{"name":"hajr_zs2","bone":"hajr_zs2","attachment":"hajr_zs2"},{"name":"hajr_xs1","bone":"hajr_xs11","attachment":"hajr_xs1"}],"skins":[{"name":"default","attachments":{"hajr_0":{"hajr_0":{"type":"mesh","hull":16,"width":208,"height":268,"uvs":[0,0.22912,0,0.37481,0.08053,0.56324,0.59279,1,0.73293,1,0.8774,0.93414,1,0.82015,1,0.55565,0.68739,0.12809,0.63122,0,0.41442,0,0.26466,0.04078,0.10363,0.10956,0.26193,0.74843,0.48829,0.68804,0.75999,0.55458,0.88871,0.41919,0.91278,0.32787,0.35329,0.50835,0.57882,0.37159,0.6799,0.24424,0.38859,0.85797,0.59736,0.81212,0.84687,0.70031],"triangles":[1,2,18,2,13,18,18,13,14,0,1,18,12,0,18,11,12,19,12,18,19,10,11,20,11,19,20,9,10,8,10,20,8,18,14,15,19,18,15,20,19,16,20,16,17,8,20,17,13,21,14,14,21,22,22,21,3,22,3,4,14,22,23,15,14,23,19,15,16,22,4,5,23,22,5,17,16,7,23,6,7,15,23,7,16,15,7,23,5,6],"vertices":[2,12,202.82,93.81,0.2663,14,97.61,69.29,0.7337,2,12,164.19,98.92,0.39432,14,61.96,84.99,0.60568,2,12,111.93,88.94,0.50601,14,8.99,90.01,0.49399,2,12,-18.08,-1.34,0.89,14,-141.08,39.67,0.11,2,12,-21.91,-30.24,0.86,14,-152.82,12.99,0.14,2,12,-8.35,-62.34,0.85104,14,-148.78,-21.62,0.14896,2,12,18.59,-91.63,0.89,14,-131.1,-57.27,0.11,2,12,88.05,-100.91,0.7,14,-67,-85.6,0.3,2,12,211.1,-51.64,0.2,14,64.92,-72.68,0.8,2,12,246.55,-44.41,0.2821,14,100.97,-75.65,0.7179,2,12,252.47,0.29,0.16035,14,119.15,-34.38,0.83965,2,12,245.75,32.6,0.11829,14,121.73,-1.48,0.88171,2,12,231.46,68.28,0.16477,14,117.98,36.77,0.83523,2,12,57.82,58.04,0.71277,14,-51.6,75.47,0.28723,2,12,66.75,9.33,0.49,14,-56.64,26.2,0.51,2,12,95.59,-51.33,0.58506,14,-45.9,-40.1,0.41494,2,12,127.95,-83.15,0.50001,14,-23.73,-79.69,0.49999,2,12,151.24,-91.1,0.4994,14,-3.59,-93.84,0.5006,2,12,119.26,30.72,0.21,14,-0.25,32.07,0.79,2,12,148.35,-20.44,0.43256,14,13.39,-25.18,0.56744,2,12,180.25,-45.03,0.41178,14,37.14,-57.71,0.58822,2,12,25.22,35.77,0.7,14,-89.13,63.2,0.3,2,12,31.36,-8.84,0.7,14,-95.7,18.65,0.3,2,12,54.49,-64.25,0.69927,14,-88.98,-41.02,0.30073],"edges":[0,2,2,4,4,26,6,8,6,42,8,10,10,12,12,14,14,34,16,18,16,34,18,20,20,22,22,24,26,42,24,0,26,28,28,30,30,32,34,32,4,36,36,38,38,40,16,40,42,44,44,46,46,14]}},"hajr_body":{"hajr_body":{"type":"mesh","hull":28,"width":557,"height":581,"uvs":[0,0.4364,0.06661,0.55301,0.15916,0.64423,0.18609,0.82952,0.20072,1,0.38133,1,0.857,0.92651,0.90961,0.71652,0.89686,0.64372,0.95709,0.40198,0.91203,0.18864,0.78501,0.04544,0.60027,0.00009,0.30332,0.00009,0.14399,0.04114,0.04937,0.13391,0,0.25508,0.18033,0.73058,0.31867,0.75155,0.43339,0.7401,0.66607,0.68787,0.31724,0.84966,0.19464,0.92914,0.31741,0.92943,0.31643,1,0.54185,0.7007,0.57675,0.85154,0.44982,0.82453,0.46239,0.88597,0.47208,0.92941,0.56546,0.78799,0.67361,0.79432,0.6828,0.88291,0.77737,0.67008,0.77424,0.80284,0.77259,0.90946,0.88407,0.82333,0.44982,0.11446,0.41093,0.23896,0.45987,0.42186,0.62083,0.54002,0.7868,0.5617,0.88734,0.54845,0.96253,0.53095,0.51894,0.62806,0.49397,0.5358,0.52229,0.02889,0.44856,0.00009,0.34524,0.03462,0.25515,0.12391,0.2085,0.2469,0.22185,0.42939,0.25707,0.54534,0.31387,0.63728,0.643,0.62771,0.7825,0.62349,0.89605,0.59458,0.93309,0.5815],"triangles":[1,2,52,52,2,53,3,22,21,22,23,21,18,3,21,22,4,23,4,24,23,17,3,18,53,17,18,2,17,53,23,24,5,18,21,27,19,18,27,53,18,19,21,23,28,27,21,28,23,5,29,28,23,29,52,53,45,39,52,45,53,19,44,45,53,44,44,19,25,19,27,30,25,19,30,28,29,26,27,28,26,30,27,26,45,44,40,44,25,54,40,44,54,54,25,20,39,45,40,30,26,31,25,30,20,31,26,32,20,30,31,54,20,55,20,33,55,31,32,34,40,54,41,54,55,41,20,34,33,34,32,35,20,31,34,34,35,36,55,8,56,41,55,56,42,41,56,55,33,8,35,6,36,8,33,7,33,34,7,34,36,7,42,56,57,41,42,9,42,57,43,9,42,43,40,41,9,10,40,9,56,8,57,47,48,46,37,48,46,13,14,48,49,14,48,15,16,50,16,0,51,50,16,51,0,1,51,14,15,49,51,1,52,15,50,49,49,50,38,48,49,37,49,38,37,50,51,38,13,48,47,51,52,39,38,51,39,47,46,12,46,37,12,12,37,11,37,38,11,38,39,10,11,38,10,39,40,10],"vertices":[1,5,184.62,152.64,1,2,5,76.76,179.14,0.52171,3,101.05,187.1,0.47829,2,5,23.64,160.46,0.43324,3,69.76,140.29,0.56676,1,3,-10.08,152.29,1,1,3,-135.31,157.44,1,1,3,-146.88,60.98,1,1,3,-116.89,-212.89,1,1,3,17.35,-261.28,1,1,3,25.33,-250.6,1,1,3,157.73,-293.83,1,1,5,-62.22,-314.11,1,1,5,46.81,-320.43,1,1,5,136.95,-264.23,1,1,5,251.21,-144.64,1,1,5,294.94,-71.43,1,1,5,292.94,14.64,1,1,5,260.79,79.86,1,2,5,-10.94,195.51,0.36231,3,21.06,147.6,0.63769,2,5,-64.98,154.33,0.19432,3,2.52,82.23,0.80568,2,5,-129.24,75,0.0173,3,-1.33,-19.78,0.9827,2,5,-184.88,-10.88,0.30219,3,5.66,-121.87,0.69781,1,3,-46.96,88.93,1,1,3,-83.26,155.29,1,1,3,-98.15,99.82,1,1,3,-141.83,103.13,1,2,5,-150.05,42.87,0.12128,3,1.29,-57.98,0.87872,1,3,-74.49,-59.65,1,1,3,-57.48,-5.32,1,1,3,-84.21,-1.2,1,1,3,-112.46,3.62,1,2,5,-180.54,64.68,0.11476,3,-36.18,-58.81,0.88524,1,3,-41.9,-119.91,1,1,3,-99.61,-116.13,1,1,3,15.3,-184.94,1,1,3,-44.36,-179.36,1,1,3,-120.88,-163.95,1,1,3,-58.34,-234,1,1,5,154.96,-149.14,1,2,5,108.34,-93.19,0.70235,3,289.66,-11.87,0.29765,2,5,13.55,-41.05,0.54176,3,182.54,-27,0.45824,2,5,-94.68,-60.22,0.47744,3,107.43,-107.26,0.52256,1,3,84.55,-200.92,1,1,3,88.03,-260.67,1,1,3,95.63,-306.23,1,2,5,-89.89,12.29,0.20704,3,67.77,-46.36,0.79296,2,5,-42.7,-12.04,0.41706,3,120.13,-37.52,0.58294,1,5,140.34,-242.52,1,1,5,195.32,-203.13,1,1,5,212.7,-162.45,1,1,5,222.03,-69.52,1,2,5,183.44,-7.94,0.95574,3,298.62,101.38,0.04426,2,5,102.1,59.2,0.79325,3,193.27,106.32,0.20675,2,5,23.52,93.94,0.46164,3,109.55,86.99,0.53836,2,5,-25.18,96.75,0.26502,3,68.9,60.03,0.73498,2,5,-146.07,-29.4,0.36684,3,47.82,-113.41,0.63316,1,3,45,-192.37,1,1,3,57.47,-258.12,1,1,3,64.12,-281.3,1],"edges":[0,2,2,4,4,34,6,34,6,44,8,44,8,48,10,48,10,58,12,70,12,72,14,16,14,72,16,114,18,20,18,86,20,22,22,24,24,94,26,28,26,94,28,30,30,32,52,58,52,64,64,70,86,114,32,0,50,40,40,66,66,16,38,50,34,36,36,38,74,76,76,78,78,80,80,82,82,84,84,86,88,50,78,90,90,88,24,92,92,74,28,96,96,92,94,96,30,98,98,74,96,98,32,100,100,76,98,100,78,102,102,0,100,102,2,104,104,90,102,104,4,106,106,88,104,106,106,36,88,108,108,110,110,112,112,114]}},"hajr_head_01":{"hajr_head_01":{"type":"mesh","hull":23,"width":270,"height":280,"uvs":[0,0.54589,0.045,0.64321,0.04241,0.76964,0.10926,0.79232,0.16685,0.83536,0.21926,0.89214,0.62296,0.88839,0.70944,1,0.78019,1,0.79315,0.77339,0.82315,0.74179,0.8637,0.71536,0.88093,0.47518,0.81667,0.25161,0.71463,0.13661,0.73296,0.06071,0.62426,0,0.42759,0,0.24426,0.08857,0.1237,0.23893,0.05944,0.40446,0,0.47018,0.22722,0.79214,0.43815,0.78714,0.66222,0.77839,0.42513,0.89023],"triangles":[13,23,12,23,24,12,24,10,12,10,11,12,6,7,8,6,8,9,19,23,14,24,6,9,14,23,13,24,9,10,18,19,14,19,20,23,17,18,14,16,14,15,16,17,14,23,6,24,23,25,6,20,1,22,20,22,23,22,25,23,22,5,25,0,1,20,1,3,22,4,5,22,21,0,20,3,4,22,1,2,3],"vertices":[225.06,-58.93,219.63,-29.59,228.61,4.66,212.55,15.06,200.25,30.42,190.22,49.2,84.01,73.72,68.64,109.57,50.07,114.04,31.8,53.18,21.85,46.47,9.47,41.85,-10.81,-22.44,-8.61,-87.36,10.63,-125.12,0.83,-144.62,25.38,-168.03,77.01,-180.47,130.94,-167.96,172.45,-134.66,200.18,-93.66,220.09,-79.54,181.57,22.48,125.88,34.46,66.49,46.26,136.06,61.69],"edges":[0,2,2,4,4,6,6,8,8,10,10,50,12,14,12,50,14,16,16,18,18,20,20,22,22,24,24,26,26,28,28,30,30,32,32,34,34,36,36,38,38,40,40,42,42,0,6,44,44,46,46,48,48,20]}},"hajr_head_02":{"hajr_head_02":{"x":70.17,"y":-9.92,"rotation":-150.58,"width":166,"height":149}},"hajr_j1":{"hajr_j1":{"type":"mesh","hull":22,"width":294,"height":377,"uvs":[0.32704,0.00093,0.1898,0.07944,0.19473,0.22639,0.28061,0.37626,0.41565,0.4996,0.46463,0.59125,0.40204,0.68329,0.26701,0.66141,0.19184,0.7569,0,0.82321,0,0.94257,0.22092,1,0.52704,1,1,0.88952,1,0.76485,0.97296,0.62692,0.97194,0.47122,0.88078,0.16538,0.73452,0,0.22211,0.88767,0.51684,0.89324,0.66582,0.85504,0.67301,0.9659,0.0793,0.7958,0.32114,0.84966,0.42461,0.8051,0.89711,0.7939,0.60835,0.72938,0.92833,0.3249,0.70683,0.60825,0.72722,0.52912,0.67323,0.41183,0.5665,0.25756,0.46105,0.11008],"triangles":[6,8,25,24,8,25,8,23,24,19,23,24,24,19,20,20,11,12,19,11,20,23,9,19,10,9,19,10,11,19,7,8,6,25,24,20,27,25,21,20,25,21,6,25,27,20,12,22,21,20,22,27,21,26,29,27,26,29,26,15,21,22,26,26,22,13,14,26,13,15,26,14,0,1,33,1,2,33,2,3,32,33,2,32,5,6,27,3,4,32,32,4,31,5,27,29,4,5,31,31,5,30,5,29,30,33,32,18,0,33,18,18,32,17,32,31,28,17,32,28,31,30,16,28,31,16,30,29,15,30,15,16],"vertices":[1,4,-96.04,-74.8,1,1,4,-73.11,-119.28,1,1,4,-17.36,-133.88,1,1,4,47.53,-115.4,1,1,4,94.83,-82.7,1,2,4,123.67,-70,0.63,6,59.29,-83.27,0.37,3,4,161.5,-93.25,0.3,6,87.56,-49.02,0.43,8,-4.06,-48.99,0.27,3,4,147.14,-131.17,0.16,6,123.13,-68.49,0.46,8,31.35,-68.75,0.38,3,4,179.24,-158.63,0.0497,6,154.77,-40.5,0.21913,8,63.22,-41.02,0.73117,2,6,216,-33.04,0.2504,8,124.52,-34.06,0.7496,2,6,229.13,10.01,0.25245,8,137.99,8.88,0.74755,3,4,271.1,-164.52,0.06612,6,173.31,49.66,0.22884,8,82.5,48.98,0.70504,2,6,87.23,75.9,0.5,8,-3.37,75.93,0.5,1,6,-57.93,76.61,1,2,4,219.36,75.58,0.19,6,-71.63,31.66,0.81,2,4,146.52,75.92,0.35,6,-82.06,-40.44,0.65,1,4,72.13,85.67,1,1,4,-9.34,76.3,1,1,4,-77.65,43.58,1,3,4,222.74,-161.07,0.00719,6,163.2,2.25,0.03642,8,72,1.66,0.95638,2,6,72.72,39.45,0.55,8,-18.18,39.6,0.45,2,6,28.36,37.55,0.8,8,-62.54,38.07,0.2,2,6,42.43,76.13,0.59,8,-48.16,76.52,0.41,3,4,188.55,-193.61,0.0603,6,190.7,-36.12,0.20104,8,99.18,-36.93,0.73866,3,4,220.9,-123.24,0.0018,6,125.48,5.65,0.02299,8,34.31,5.37,0.97521,3,4,208.61,-91.84,0.00035,6,92.69,-2.17,0.38704,8,1.45,-2.18,0.61261,2,4,225.89,45.26,0.21,6,-40.71,33.93,0.79,3,4,188.33,-35.53,0.42,6,34.11,-14.45,0.48,8,-57.22,-13.99,0.1,1,4,33.15,81.19,1,2,4,134.55,-0.48,0.68,6,-8.05,-62.86,0.32,1,4,96.99,10.58,1,1,4,63.84,-0.36,1,2,4,4.88,-21.56,0.98784,6,-5.13,-194.2,0.01216,1,4,-51.64,-42.81,1],"edges":[0,2,2,4,4,6,6,8,8,10,10,12,12,14,14,16,16,46,18,20,18,46,20,22,22,24,24,44,26,28,26,44,28,30,30,32,32,56,34,36,34,56,36,0,18,38,38,22,38,40,40,24,42,44,42,40,46,48,48,40,38,48,16,50,50,42,48,50,42,52,52,28,12,54,54,52,50,54,10,58,58,30,54,58,10,60,60,32,58,60,8,62,62,56,60,62,62,64,64,6,64,34,4,66,66,36,66,64,0,66]}},"hajr_j2":{"hajr_j2":{"type":"mesh","hull":23,"width":274,"height":335,"uvs":[0.52263,0,0.42682,0.04552,0.36825,0.13269,0.35931,0.32582,0.40547,0.41597,0.39836,0.53791,0.40547,0.61194,0.26332,0.65269,0,0.7891,0,0.87627,0.19069,1,0.39307,1,0.65931,0.91403,1,0.85597,1,0.71507,0.94708,0.52194,0.94343,0.2794,0.87245,0.11522,0.70201,0.00343,0.06431,0.75579,0.39124,0.88358,0.18704,0.88358,0.66004,0.79866,0.86168,0.75567,0.86317,0.87929,0.07815,0.92698,0.08092,0.82998,0.20568,0.81104,0.45403,0.72286,0.60189,0.67382,0.98346,0.6547],"triangles":[9,25,26,8,9,26,19,8,26,26,25,21,19,26,27,26,21,27,21,25,10,19,27,7,27,21,20,20,10,11,21,10,20,5,29,30,29,23,30,6,7,28,7,27,28,27,20,28,6,28,29,28,20,22,20,12,22,29,28,22,20,11,12,5,6,29,22,12,24,29,22,23,15,5,30,4,5,15,0,2,18,1,2,0,2,3,17,18,2,17,22,24,23,3,4,16,17,3,16,16,4,15,23,24,13,14,23,13,30,23,14],"vertices":[1,2,-51.04,-11.95,1,1,2,-41.82,-40.88,1,2,2,-16.78,-62.86,0.90426,7,13.38,-199.94,0.09574,3,2,45.86,-79.23,0.64787,7,44.84,-143.35,0.19791,11,-77.19,-142.88,0.15421,3,2,78.08,-73.41,0.57357,7,47.22,-110.7,0.25222,11,-74.77,-110.23,0.17421,3,2,117.55,-84.14,0.32455,7,67.44,-75.15,0.4068,11,-54.5,-74.71,0.26866,3,2,142.18,-87.59,0.18338,7,76.93,-52.15,0.51725,11,-45,-51.72,0.29937,3,2,147.09,-128.57,0.09087,7,117.84,-57.61,0.45265,11,-4.09,-57.22,0.45649,2,7,202.86,-49.5,0.23808,11,80.94,-49.2,0.76192,2,7,216.07,-23.46,0.151,11,94.18,-23.18,0.84899,3,2,256.4,-173.14,0.03288,7,188.23,37.15,0.19018,11,66.41,37.46,0.77694,3,2,268.38,-119,0.09196,7,138.78,62.24,0.43887,11,16.99,62.6,0.46917,3,2,256.02,-41.55,0.34742,7,60.7,69.56,0.4182,11,-61.09,70.02,0.23438,3,2,257.2,53.8,0.5151,7,-31.35,94.46,0.37155,11,-153.11,95.01,0.11335,3,2,211.12,63.99,0.5149,7,-52.71,52.37,0.41604,11,-174.52,52.95,0.06906,3,2,144.81,63.82,0.51525,7,-69.05,-11.89,0.42739,11,-190.93,-11.29,0.05736,2,2,65.26,80.4,0.73793,7,-104.93,-84.8,0.26207,2,2,7.36,73.29,0.86,7,-112.47,-142.65,0.14,1,2,-39.3,35.79,1,3,2,169.04,-189.28,0.04926,7,182.1,-51.48,0.27651,11,60.17,-51.16,0.67423,3,2,230.19,-111.06,0.02654,7,121.58,27.23,0.49347,11,-0.25,27.62,0.47999,3,2,218.1,-165.69,0.00018,7,171.48,1.92,0.00197,11,49.61,2.25,0.99785,3,2,218.33,-33,0.37345,7,43.03,35.19,0.53757,11,-78.8,35.66,0.08898,3,2,216.2,24.05,0.6488,7,-12.76,47.35,0.31417,11,-134.57,47.88,0.03703,3,2,256.72,15.5,0.54501,7,5.62,84.46,0.33843,11,-116.16,84.97,0.11656,2,7,204.67,1.38,0.06945,11,82.8,1.67,0.93055,3,2,194.28,-190.2,0.0185,7,189.28,-27.26,0.12385,11,67.39,-26.95,0.85764,3,2,195.48,-155.45,0.01004,7,155.92,-17.44,0.1593,11,34.04,-17.09,0.83066,3,2,181.34,-82.64,0.02207,7,81.88,-13,0.8922,11,-40,-12.57,0.08572,3,2,174.05,-39.52,0.05202,7,38.31,-9.31,0.93647,11,-83.56,-8.84,0.01151,3,2,190.38,63.94,0.48664,7,-57.82,32.28,0.45371,11,-179.65,32.86,0.05965],"edges":[0,2,2,4,4,6,6,8,8,10,10,12,12,14,14,38,16,18,16,38,18,50,20,22,20,50,22,24,24,48,26,28,26,48,28,60,30,32,30,60,32,34,34,36,36,0,40,22,42,20,42,40,40,44,44,24,46,44,46,28,46,48,16,52,52,42,50,52,38,54,54,40,52,54,14,56,56,44,54,56,12,58,58,46,56,58,10,30,10,60]}},"hajr_wq":{"hajr_wq":{"x":185.36,"y":-271.98,"rotation":125.93,"width":884,"height":359}},"hajr_xb":{"hajr_xb":{"type":"mesh","hull":13,"width":152,"height":125,"uvs":[0.00757,0.72,0.09967,0.8928,0.55,1,0.79474,1,0.81579,0.7616,1,0.5632,1,0.3392,0.88684,0.1216,0.59474,0,0.33914,0,0.08125,0.0768,0.08125,0.32,0,0.4,0.32928,0.31,0.59211,0.3072,0.86513,0.4104],"triangles":[7,15,6,6,15,5,15,4,5,14,4,15,14,15,7,8,14,7,2,3,4,14,2,4,13,1,2,13,2,14,9,13,14,9,14,8,12,0,11,0,1,13,11,0,13,10,11,13,10,13,9],"vertices":[108.38,-15,94.27,6.53,25.75,19.58,-11.45,19.39,-14.5,-10.42,-42.37,-35.36,-42.23,-63.36,-24.89,-90.48,19.58,-105.45,58.43,-105.26,97.58,-95.46,97.43,-65.06,109.73,-55,59.74,-66.5,19.79,-67.05,-21.78,-54.36],"edges":[0,2,2,4,4,6,6,8,8,10,10,12,12,14,14,16,16,18,18,20,20,22,22,24,24,0,22,26,26,28,28,30,30,10]}},"hajr_xs1":{"hajr_xs1":{"type":"mesh","hull":19,"width":106,"height":71,"uvs":[0,0.57746,0.11462,0.51408,0.22736,0.38451,0.69009,0.14225,0.85189,0,1,0,1,0.28592,0.90377,0.51056,0.80755,0.60211,0.67358,0.87887,0.575,1,0.45236,0.99437,0.35425,0.74577,0.36368,0.90704,0.21085,0.99085,0.09104,0.91408,0,0.84718,0.44434,0.58099,0.35951,0.32789,0.54183,0.22551,0.65047,0.43592,0.79104,0.31056,0.92028,0.12113],"triangles":[0,16,1,16,15,1,1,15,12,15,14,12,14,13,12,2,1,12,2,12,17,18,2,17,18,17,19,17,12,11,17,11,10,17,10,9,19,17,20,19,20,3,20,17,9,3,20,21,20,9,8,21,20,8,21,8,7,3,21,4,4,21,22,5,22,6,21,7,6,22,21,6,4,22,5],"vertices":[2,20,106.65,-19.23,0.06601,26,46.94,-13.14,0.93398,2,20,93.8,-17.58,0.11174,26,33.98,-13.2,0.88826,2,20,78.95,-20.18,0.30154,26,19.61,-17.75,0.69846,2,20,27.52,-12.66,0.89314,26,-32.37,-17.09,0.10686,2,20,7.64,-13.65,0.94374,26,-51.94,-20.7,0.05626,2,20,-6.27,-6.37,0.98323,26,-66.69,-15.32,0.01677,2,20,3.15,11.62,0.9637,26,-59.73,3.75,0.0363,2,20,19.58,21.01,0.83466,26,-44.68,15.24,0.16534,2,20,31.64,22.04,0.74233,26,-32.87,17.85,0.25767,2,20,53.33,32.86,0.5163,26,-12.8,31.44,0.4837,2,20,66.58,35.63,0.49829,26,-0.03,35.94,0.50171,2,20,77.79,29.02,0.45881,26,11.96,30.87,0.54119,2,20,78.93,8.78,0.23156,26,15.76,10.96,0.76844,2,20,83.36,19.39,0.35717,26,18.75,22.06,0.64283,2,20,100.47,17.14,0.20865,26,36.01,22.1,0.79135,2,20,109.19,6.42,0.06316,26,46.07,12.62,0.93684,2,20,115.54,-2.26,0.02611,26,53.51,4.85,0.97389,2,20,65.05,2.85,0.30065,26,2.78,3.24,0.69935,2,20,64.67,-17.24,0.47353,26,5.07,-16.72,0.52647,2,20,44.18,-14.72,0.70958,26,-15.58,-16.93,0.29042,2,20,40.91,3.86,0.96821,26,-21.28,1.06,0.03179,2,20,23.58,2.89,0.99437,26,-38.32,-2.2,0.00563,2,20,5.21,-2.67,0.99779,26,-55.8,-10.14,0.00221],"edges":[0,2,2,4,4,36,6,8,6,38,8,10,10,12,12,14,14,16,16,18,18,20,20,22,22,24,24,26,26,28,28,30,30,32,36,38,32,0,24,34,34,40,40,42,42,44,44,10]}},"hajr_xs2":{"hajr_xs2":{"type":"mesh","hull":23,"width":104,"height":51,"uvs":[0.00096,0.28333,0.06923,0.08725,0.21779,0,0.33413,0.09706,0.3649,0.15098,0.56346,0.09412,0.70577,0,0.94087,0,1,0.14118,1,0.31765,0.93654,0.48529,0.8125,0.63333,0.66538,0.8451,0.51971,1,0.42212,1,0.33413,0.62745,0.30625,0.67745,0.21779,0.62059,0.22885,0.45098,0.18077,0.45686,0.13413,0.55784,0.05048,0.51667,0.3851,0.48235,0.49808,0.51078,0.62981,0.41863,0.76731,0.31765,0.82933,0,0.89163,0.22336],"triangles":[0,21,19,21,20,19,1,0,19,1,19,2,2,19,18,2,18,3,18,17,15,17,16,15,18,15,22,4,18,22,3,18,4,22,15,23,15,14,23,4,22,23,4,23,5,23,14,13,5,23,24,23,13,12,24,23,12,6,24,25,5,24,6,24,12,11,6,25,26,25,24,11,26,25,27,25,11,10,26,27,7,27,25,10,7,27,8,27,9,8,27,10,9],"vertices":[2,25,91.47,-16.58,0.00802,27,45.96,-2.96,0.99198,2,25,82.29,-24.72,0.09217,27,39.64,-13.47,0.90783,2,25,66.24,-25.56,0.26969,27,24.58,-19.08,0.73031,2,25,55.57,-18.01,0.37305,27,12.13,-15.07,0.62695,2,25,53.07,-14.61,0.3979,27,8.73,-12.57,0.6021,2,25,32.3,-12.77,0.72293,27,-11.64,-17.04,0.27707,2,25,16.8,-14.11,0.85817,27,-26.03,-22.95,0.14183,2,25,-7.02,-8.59,0.96249,27,-50.41,-24.81,0.03751,2,25,-11.39,-0.18,0.96511,27,-57.09,-18.1,0.03489,2,25,-9.35,8.58,0.95501,27,-57.77,-9.13,0.04499,2,25,-0.99,15.42,0.91839,27,-51.84,-0.1,0.08161,2,25,13.28,19.87,0.8056,27,-39.56,8.41,0.1944,2,25,30.62,26.93,0.5903,27,-25.12,20.35,0.4097,2,25,47.16,31.21,0.50046,27,-10.62,29.38,0.49954,2,25,57.05,28.92,0.49758,27,-0.5,30.15,0.50242,2,25,61.68,8.34,0.35569,27,10.07,11.9,0.64431,2,25,65.08,10.17,0.35251,27,12.77,14.67,0.64749,2,25,73.38,5.27,0.188,27,22.16,12.47,0.812,2,25,70.31,-2.9,0.0272,27,21.68,3.76,0.9728,2,25,75.25,-3.73,0.02542,27,26.64,4.44,0.97458,2,25,81.14,0.19,0.08265,27,31.08,9.95,0.91735,2,25,89.14,-3.82,0.04075,27,39.92,8.52,0.95925,2,25,54.84,2.33,0.24524,27,5.35,4.12,0.75476,2,25,43.72,6.39,0.60919,27,-6.47,4.67,0.39081,2,25,29.95,4.76,0.9418,27,-19.13,-1.01,0.0582,2,25,14.22,3.12,0.99185,27,-33.64,-7.28,0.00815,2,25,4.28,-11.21,0.9431,27,-38.84,-23.93,0.0569,2,25,0.54,1.35,0.9992,27,-46.17,-13.06,0.0008],"edges":[0,2,2,4,4,6,6,8,8,10,10,12,12,52,14,16,14,52,16,18,18,20,20,22,22,24,24,26,26,28,28,30,30,32,32,34,34,36,36,38,38,40,40,42,42,0,30,44,44,46,46,48,48,50,50,54,54,16]}},"hajr_y1":{"hajr_y1":{"x":-0.43,"y":0.2,"rotation":-96.84,"width":45,"height":46}},"hajr_y2":{"hajr_y2":{"x":-0.64,"y":1.84,"rotation":-96.84,"width":99,"height":99}},"hajr_zs1":{"hajr_zs1":{"type":"mesh","hull":16,"width":219,"height":317,"uvs":[0.70388,0,0.93607,0.06656,1,0.16861,1,0.34653,0.89178,0.49669,0.75251,0.59732,0.75251,0.73297,0.87283,0.78249,0.83699,1,0,1,0,0.71104,0.24384,0.52445,0.18265,0.40174,0.1532,0.29259,0.30936,0.09543,0.49292,0],"triangles":[10,9,6,11,10,6,5,11,6,6,9,8,6,8,7,13,12,14,12,11,5,14,12,4,12,5,4,15,14,0,1,0,2,0,3,2,0,14,3,14,4,3],"vertices":[1,15,-80.74,18.92,1,1,15,-65.67,71.87,1,1,15,-35.16,89.53,1,2,15,20.86,96.06,0.9,24,-92.75,105.11,0.1,2,15,70.88,78.04,0.75,24,-44.18,83.48,0.25,2,15,106.1,51.44,0.5377,24,-11,54.38,0.4623,1,24,31.96,56.23,1,1,24,46.52,83.23,1,1,24,115.74,78.35,1,1,24,123.62,-104.78,1,1,24,32.1,-108.72,1,2,15,96.07,-61.88,0.52375,24,-29.29,-57.91,0.47625,2,15,58.98,-79.7,0.73,24,-67.58,-72.97,0.27,2,15,25.36,-90.12,0.9,24,-101.87,-80.9,0.1,1,15,-40.68,-63.39,1,1,15,-75.43,-26.97,1],"edges":[0,2,2,4,4,6,6,8,8,10,10,12,12,14,14,16,16,18,18,20,20,22,22,24,24,26,26,28,28,30,30,0]}},"hajr_zs2":{"hajr_zs2":{"x":80.99,"y":-5.77,"rotation":97.65,"width":211,"height":261}},"hajr_zs3":{"hajr_zs3":{"x":53.91,"y":-9.15,"rotation":85.09,"width":239,"height":263}}}}],"animations":{"attack":{"bones":{"hajr_body":{"rotate":[{"curve":0,"c3":0.5},{"time":0.5,"angle":10.06,"curve":0,"c3":0.5},{"time":0.7917,"angle":-10.59,"curve":"stepped"},{"time":1.7083,"angle":-10.59,"curve":0,"c3":0.5},{"time":2.0833}],"translate":[{"curve":0,"c3":0.5},{"time":0.5,"x":29.27,"y":-39.02,"curve":0,"c3":0.5},{"time":0.7917,"x":-14.63,"y":9.63,"curve":"stepped"},{"time":1.7083,"x":-14.63,"y":9.63,"curve":0,"c3":0.5},{"time":2.0833}]},"hajr_body1":{"rotate":[{"curve":0,"c3":0.5},{"time":0.5,"angle":-5.82,"curve":0,"c3":0.5},{"time":0.7917,"angle":-26.66,"curve":"stepped"},{"time":1.7083,"angle":-26.66,"curve":0,"c3":0.5},{"time":2.0833}]},"hajr_j2":{"translate":[{"curve":0,"c3":0.5},{"time":0.5,"y":117.77,"curve":0,"c3":0.5},{"time":0.5417}]},"hajr_head_01":{"rotate":[{"curve":0,"c3":0.5},{"time":0.5,"angle":-9.88,"curve":0,"c3":0.5},{"time":0.7917,"angle":20.16,"curve":0,"c3":0.5},{"time":1.0417,"angle":8.6,"curve":"stepped"},{"time":1.7083,"angle":8.6},{"time":2.0833}]},"hajr_j21":{"rotate":[{"curve":0,"c3":0.5},{"time":0.25,"angle":23.59,"curve":0,"c3":0.5},{"time":0.5}]},"hajr_body2":{"rotate":[{"curve":0,"c3":0.5},{"time":0.5,"angle":-19.65,"curve":0,"c3":0.5},{"time":0.7917,"angle":18.47,"curve":"stepped"},{"time":1.7083,"angle":18.47,"curve":0,"c3":0.5},{"time":2.0833}],"translate":[{"time":0.5,"curve":0,"c3":0.5},{"time":0.7917,"x":-9.54,"y":-84.54,"curve":"stepped"},{"time":1.7083,"x":-9.54,"y":-84.54,"curve":0,"c3":0.5},{"time":2.0833}]},"hajr_zs3":{"rotate":[{"curve":0,"c3":0.5},{"time":0.5,"angle":49.45,"curve":0.5},{"time":0.7917,"angle":-63.52,"curve":0,"c3":0.5},{"time":1.0417,"angle":-56.67,"curve":0,"c3":0.5},{"time":1.3333,"angle":-63.52,"curve":0,"c3":0.5},{"time":1.7083,"angle":-57.96,"curve":0.5},{"time":2.0833}]},"hajr_01":{"rotate":[{"curve":0,"c3":0.5},{"time":0.5,"angle":9.06,"curve":0,"c3":0.5},{"time":0.7917,"angle":-15.42,"curve":"stepped"},{"time":1.3333,"angle":-15.42,"curve":0,"c3":0.5},{"time":1.75}]},"hajr_zs1":{"rotate":[{"curve":0,"c3":0.5},{"time":0.5,"angle":-30.87,"curve":0,"c3":0.5},{"time":0.7917,"angle":-39.51,"curve":"stepped"},{"time":1.7083,"angle":-39.51,"curve":0,"c3":0.5},{"time":2.0833}]},"hajr_zs2":{"rotate":[{"curve":0,"c3":0.5},{"time":0.5,"angle":-51.35,"curve":0.5},{"time":0.7917,"angle":-9.04,"curve":0,"c3":0.5},{"time":1.0417,"angle":-32.57,"curve":0,"c3":0.5},{"time":1.3333,"angle":-9.04,"curve":0,"c3":0.5},{"time":1.7083,"angle":-32.65,"curve":0.5},{"time":2.0833}]},"hajr_zs11":{"rotate":[{"time":0.5,"curve":0,"c3":0.5},{"time":0.7917,"angle":-5.68,"curve":"stepped"},{"time":1.7083,"angle":-5.68,"curve":0,"c3":0.5},{"time":2.0833}]},"hajr_xs1":{"rotate":[{"time":0.5,"curve":0,"c3":0.5},{"time":0.7917,"angle":32.62,"curve":0,"c3":0.5},{"time":0.9583,"angle":-19.41,"curve":0,"c3":0.5},{"time":1.125,"angle":32.62,"curve":0,"c3":0.5},{"time":1.2917,"angle":-19.41,"curve":0,"c3":0.5},{"time":1.4167,"angle":32.62,"curve":0,"c3":0.5},{"time":1.5833,"angle":-19.41,"curve":0,"c3":0.5},{"time":1.75}]},"hajr_xs2":{"rotate":[{"time":0.5,"curve":0,"c3":0.5},{"time":0.7917,"angle":-17.9,"curve":0,"c3":0.5},{"time":0.9583,"angle":39.37,"curve":0,"c3":0.5},{"time":1.125,"angle":-17.9,"curve":0,"c3":0.5},{"time":1.2917,"angle":39.37,"curve":0,"c3":0.5},{"time":1.4167,"angle":-17.9,"curve":0,"c3":0.5},{"time":1.5833,"angle":39.37,"curve":0,"c3":0.5},{"time":1.75}]},"hajr_j1":{"rotate":[{"curve":0,"c3":0.5},{"time":0.5,"angle":3.34,"curve":0,"c3":0.5},{"time":0.7917,"angle":44.5,"curve":0,"c3":0.5},{"time":1.0417,"angle":7.81,"curve":0,"c3":0.5},{"time":1.3333,"angle":44.5,"curve":0,"c3":0.5},{"time":1.7083,"angle":11.57,"curve":0,"c3":0.5},{"time":2.0833}]},"hajr_head_02":{"rotate":[{"curve":0,"c3":0.5},{"time":0.5,"angle":9.06,"curve":0,"c3":0.5},{"time":0.7917,"angle":-15.42,"curve":"stepped"},{"time":1.3333,"angle":-15.42,"curve":0,"c3":0.5},{"time":1.75}]}}},"death":{"slots":{"hajr_0":{"color":[{"color":"ffffffff"},{"time":0.2083,"color":"000000ff","curve":"stepped"},{"time":1.875,"color":"000000ff"},{"time":2.25,"color":"00000000"}]},"hajr_body":{"color":[{"color":"ffffffff"},{"time":0.2083,"color":"000000ff","curve":"stepped"},{"time":1.875,"color":"000000ff"},{"time":2.25,"color":"00000000"}]},"hajr_head_01":{"color":[{"color":"ffffffff"},{"time":0.2083,"color":"000000ff","curve":"stepped"},{"time":1.875,"color":"000000ff"},{"time":2.25,"color":"00000000"}]},"hajr_head_02":{"color":[{"color":"ffffffff"},{"time":0.2083,"color":"000000ff","curve":"stepped"},{"time":1.875,"color":"000000ff"},{"time":2.25,"color":"00000000"}]},"hajr_j1":{"color":[{"color":"ffffffff"},{"time":0.2083,"color":"000000ff","curve":"stepped"},{"time":1.875,"color":"000000ff"},{"time":2.25,"color":"00000000"}]},"hajr_j2":{"color":[{"color":"ffffffff"},{"time":0.2083,"color":"000000ff","curve":"stepped"},{"time":1.875,"color":"000000ff"},{"time":2.25,"color":"00000000"}]},"hajr_wq":{"color":[{"color":"ffffffff"},{"time":0.2083,"color":"000000ff","curve":"stepped"},{"time":1.875,"color":"000000ff"},{"time":2.25,"color":"00000000"}]},"hajr_xb":{"color":[{"color":"ffffffff"},{"time":0.2083,"color":"000000ff","curve":"stepped"},{"time":1.875,"color":"000000ff"},{"time":2.25,"color":"00000000"}]},"hajr_xs1":{"color":[{"color":"ffffffff"},{"time":0.2083,"color":"000000ff","curve":"stepped"},{"time":1.875,"color":"000000ff"},{"time":2.25,"color":"00000000"}]},"hajr_xs2":{"color":[{"color":"ffffffff"},{"time":0.2083,"color":"000000ff","curve":"stepped"},{"time":1.875,"color":"000000ff"},{"time":2.25,"color":"00000000"}]},"hajr_y1":{"color":[{"time":1.875,"color":"ffffffff"},{"time":2.25,"color":"ffffff00"}]},"hajr_y2":{"color":[{"time":1.875,"color":"ffffffff"},{"time":2.25,"color":"ffffff00"}]},"hajr_zs1":{"color":[{"color":"ffffffff"},{"time":0.2083,"color":"000000ff","curve":"stepped"},{"time":1.875,"color":"000000ff"},{"time":2.25,"color":"00000000"}]},"hajr_zs2":{"color":[{"color":"ffffffff"},{"time":0.2083,"color":"000000ff","curve":"stepped"},{"time":1.875,"color":"000000ff"},{"time":2.25,"color":"00000000"}]},"hajr_zs3":{"color":[{"color":"ffffffff"},{"time":0.2083,"color":"000000ff","curve":"stepped"},{"time":1.875,"color":"000000ff"},{"time":2.25,"color":"00000000"}]}},"bones":{"hajr_head_01":{"rotate":[{"time":1.3333},{"time":1.5417,"angle":28.64},{"time":1.875,"angle":77.02}],"translate":[{"time":1.3333},{"time":1.5417,"x":-251.05,"y":239.85},{"time":1.6667,"x":-153.46,"y":241.29},{"time":1.875,"x":-107.46,"y":355.12}]},"hajr_y2":{"scale":[{"time":0.4583},{"time":0.5,"x":0.01},{"time":0.5833}]},"hajr_y1":{"scale":[{"time":0.4583},{"time":0.5,"x":0.01},{"time":0.5833}]},"hajr_j1":{"rotate":[{"time":0.8333,"curve":0,"c3":0.5},{"time":0.875,"angle":6.19},{"time":0.9583,"angle":2.85}],"translate":[{"time":0.8333,"curve":0,"c3":0.5},{"time":0.875,"x":25.71,"y":3.45},{"time":0.9583,"x":63.02,"y":8.46}]},"hajr_0":{"rotate":[{"time":1.2083},{"time":1.6667,"angle":-71.73}],"translate":[{"time":1,"curve":0,"c3":0.5},{"time":1.2083,"x":-359.91,"y":343.85},{"time":1.375,"x":-290.64,"y":338.52},{"time":1.5417,"x":-305.79,"y":413.83},{"time":1.6667,"x":-276.33,"y":431.32}]}}},"kenyao":{"bones":{"hajr_body":{"rotate":[{"curve":0,"c3":0.5},{"time":0.625,"angle":-20.97,"curve":0.5},{"time":0.9583,"angle":-20.82,"curve":"stepped"},{"time":1.5,"angle":-20.82,"curve":0.5},{"time":2.0833}],"translate":[{"curve":0,"c3":0.5},{"time":0.625,"x":11.13,"y":30.62,"curve":0.5},{"time":0.75,"x":-1.81,"y":-21.68},{"time":0.9583}]},"hajr_head_01":{"rotate":[{"time":0.625},{"time":0.75,"angle":12.83},{"time":0.9583,"angle":19.5,"curve":"stepped"},{"time":1.5,"angle":19.5,"curve":0.5},{"time":2.0833}]},"hajr_body2":{"rotate":[{"curve":0,"c3":0.5},{"time":0.625,"angle":-24.71},{"time":0.9583,"angle":-7.89,"curve":"stepped"},{"time":1.5,"angle":-7.89,"curve":0.5},{"time":2.0833}],"translate":[{"curve":0,"c3":0.5},{"time":0.625,"x":-2.68,"y":-116.84},{"time":0.75,"x":25.56,"y":-128.69},{"time":0.9583,"x":-51.4,"y":-96.28,"curve":"stepped"},{"time":1.5,"x":-51.4,"y":-96.28,"curve":0.5},{"time":2.0833}]},"hajr_zs3":{"rotate":[{"curve":0,"c3":0.5},{"time":0.625,"angle":-57.37,"curve":0,"c3":0.5},{"time":0.75,"angle":50.82},{"time":0.9583,"angle":46.75,"curve":"stepped"},{"time":1.5,"angle":46.75,"curve":0.5},{"time":2.0833}],"translate":[{"time":0.625,"curve":0,"c3":0.5},{"time":0.9583,"x":39.4,"y":-17.94,"curve":"stepped"},{"time":1.5,"x":39.4,"y":-17.94,"curve":0.5},{"time":2.0833}]},"hajr_zs1":{"rotate":[{"curve":0,"c3":0.5},{"time":0.625,"angle":-33.04,"curve":"stepped"},{"time":1.5,"angle":-33.04,"curve":0.5},{"time":2.0833}]},"hajr_zs2":{"rotate":[{"curve":0,"c3":0.5},{"time":0.625,"angle":-49.12,"curve":0,"c3":0.5},{"time":0.9583,"angle":-64.6,"curve":"stepped"},{"time":1.5,"angle":-64.6,"curve":0.5},{"time":2.0833}]},"hajr_j1":{"rotate":[{"time":0.625,"curve":0,"c3":0.5},{"time":0.75,"angle":25.85},{"time":0.8333,"angle":27.43},{"time":0.9583,"angle":44.56,"curve":"stepped"},{"time":1.5,"angle":44.56,"curve":0.5},{"time":2.0833}]}}},"move":{"bones":{"hajr_body":{"translate":[{},{"time":0.5,"x":-27.06,"y":69.9},{"time":0.875,"x":-44.79,"curve":"stepped"},{"time":1.25,"x":-44.79},{"time":1.7083,"x":-181.43,"y":69.9},{"time":2.125,"x":-185.2}]},"hajr_j11":{"rotate":[{},{"time":0.2083,"angle":19.78,"curve":"stepped"},{"time":0.4167,"angle":19.78},{"time":0.625,"angle":-18.97},{"time":0.8333}],"translate":[{},{"time":0.2083,"x":-65.5},{"time":0.4167,"x":-66.76,"y":99.03},{"time":0.625,"x":-126.01,"y":35.36},{"time":0.8333,"x":-187.93,"y":1.32}]},"hajr_body1":{"rotate":[{"time":0.125},{"time":0.7083,"angle":7.47,"curve":0.5,"c3":0.5},{"time":0.9583,"angle":7.33,"curve":0.5},{"time":1.25,"curve":0,"c3":0.5},{"time":1.875,"angle":-11.82},{"time":2.0833,"angle":0.5},{"time":2.5}]},"hajr_j2":{"rotate":[{"time":1.25},{"time":1.4583,"angle":24.46,"curve":"stepped"},{"time":1.6667,"angle":24.46},{"time":1.875,"angle":-12.67},{"time":2,"angle":-25.29},{"time":2.0833}],"translate":[{"time":1.25},{"time":1.4583,"x":-138.28,"y":40.58},{"time":1.6667,"x":-167.48,"y":82.31},{"time":1.875,"x":-148.63,"y":50.88},{"time":2,"x":-137.32,"y":-30.19},{"time":2.0833,"x":-187.88,"y":-1.32}]},"hajr_head_01":{"rotate":[{},{"time":0.625,"angle":-8.87},{"time":0.8333,"angle":-8.96},{"time":1.0417,"angle":-6.2},{"time":1.25},{"time":1.6667,"angle":11.75},{"time":1.9583,"angle":5.64},{"time":2.2917}],"translate":[{"time":0.6667},{"time":0.875,"x":-7.32,"y":9.07,"curve":0.446,"c2":0.72,"c3":0.627,"c4":0.87},{"time":1,"curve":"stepped"},{"time":1.9167},{"time":2.125,"x":-7.32,"y":9.07,"curve":0.446,"c2":0.72,"c3":0.627,"c4":0.87},{"time":2.25}]},"hajr_j21":{"rotate":[{"time":1.25},{"time":1.4583,"angle":11.55},{"time":1.875,"angle":-5.96},{"time":2.0833}]},"hajr_body2":{"rotate":[{"curve":0.5},{"time":0.5833,"angle":-15.12,"curve":"stepped"},{"time":1.125,"angle":-15.12,"curve":0.5},{"time":1.375,"curve":0,"c3":0.5},{"time":2.0833,"angle":4.77,"curve":0,"c3":0.5},{"time":2.5}]},"hajr_zs3":{"rotate":[{"angle":-4.93},{"time":0.7083,"angle":34.75,"curve":"stepped"},{"time":1.25,"angle":34.75},{"time":1.5833,"angle":20.77},{"time":2,"angle":-5.15},{"time":2.125,"angle":-1.31},{"time":2.3333,"angle":-4.93}]},"hajr_j12":{"rotate":[{},{"time":0.2083,"angle":6.65},{"time":0.625}]},"hajr_j13":{"rotate":[{},{"time":0.2083,"angle":-37.93},{"time":0.4167,"angle":15.54},{"time":0.625,"angle":-42.25},{"time":0.8333}]},"hajr_j22":{"rotate":[{"time":1.25},{"time":1.4583,"angle":-35.59},{"time":1.6667,"angle":22.55},{"time":1.875,"angle":-32.12},{"time":2.0833}]},"hajr_zs1":{"rotate":[{"curve":0.5},{"time":0.7917,"angle":-15.12,"curve":"stepped"},{"time":1.5417,"angle":-15.12,"curve":0.5},{"time":1.9583,"curve":0,"c3":0.5},{"time":2.1667,"angle":15,"curve":0,"c3":0.5},{"time":2.5}]},"hajr_zs2":{"rotate":[{"angle":-4.93,"curve":"stepped"},{"time":0.0833,"angle":-4.93},{"time":0.7917,"angle":-17.88},{"time":0.9583,"angle":-20.9,"curve":"stepped"},{"time":1.3333,"angle":-20.9},{"time":1.6667,"angle":-17.88},{"time":2.0833,"angle":-5.15},{"time":2.2083,"angle":-1.31},{"time":2.4167,"angle":-4.93}]},"hajr_xb1":{"translate":[{"time":0.625,"curve":0.5},{"time":0.7917,"x":13.28,"y":8.27,"curve":0.5},{"time":0.875,"x":17.62,"y":8.53},{"time":1.25,"curve":"stepped"},{"time":1.875,"curve":0.5},{"time":2.0417,"x":13.28,"y":8.27,"curve":0.5},{"time":2.125,"x":17.62,"y":8.53},{"time":2.5}]},"hajr_zs11":{"rotate":[{"curve":0.5},{"time":0.9583,"angle":-15.12,"curve":"stepped"},{"time":1.7083,"angle":-15.12,"curve":0.5},{"time":2.125,"curve":0,"c3":0.5},{"time":2.3333,"angle":15,"curve":0,"c3":0.5},{"time":2.5}]},"hajr_j1":{"rotate":[{"angle":4.5},{"time":0.1667},{"time":0.875,"angle":-10.5},{"time":1.0417,"angle":-6.09},{"time":1.4167,"angle":8.31},{"time":1.75,"angle":-3.97},{"time":2.1667},{"time":2.2917,"angle":0.1},{"time":2.5,"angle":4.5}]},"hajr_head_02":{"rotate":[{"curve":0.5,"c3":0.5},{"time":0.3333,"angle":5.05},{"time":0.5,"curve":0.5,"c3":0.5},{"time":0.6667,"angle":-14.08,"curve":"stepped"},{"time":0.75,"angle":-14.08,"curve":0.5,"c3":0.5},{"time":0.875,"angle":5.44,"curve":0,"c3":0.5},{"time":1.0417,"curve":"stepped"},{"time":1.25,"curve":0.5,"c3":0.5},{"time":1.5833,"angle":5.05},{"time":1.75,"curve":0.5,"c3":0.5},{"time":1.9167,"angle":-14.08,"curve":"stepped"},{"time":2,"angle":-14.08,"curve":0.5,"c3":0.5},{"time":2.125,"angle":5.44,"curve":0,"c3":0.5},{"time":2.2917}]},"yd":{"translate":[{"time":1.25},{"time":2.0833,"x":188.05}]}},"deform":{"default":{"hajr_j1":{"hajr_j1":[{"vertices":[3.15,1.2]},{"time":0.8333,"curve":"stepped","vertices":[96.9,-23.6,101.6,-1.95,77.65,-4.95,39.6,6.9,0,0,0,0,0,0,0,0,0,0,0,0,0,0,0,0,0,0,0,0,0,0,0,0,-6.8,-18.15,-6.9485,-18.09367,20.61563,-38.43237,20.3,-38.6,0,0,0,0,0,0,0,0,0,0,0,0,0,0,0,0,0,0,0,0,0,0,0,0,17.65,-16,-21.6797,-45.06389,41.62848,-27.70982,41.4,-28.05]},{"time":2.0833,"vertices":[96.9,-23.6,101.6,-1.95,77.65,-4.95,39.6,6.9,0,0,0,0,0,0,0,0,0,0,0,0,0,0,0,0,0,0,0,0,0,0,0,0,-6.8,-18.15,-6.9485,-18.09367,20.61563,-38.43237,20.3,-38.6,0,0,0,0,0,0,0,0,0,0,0,0,0,0,0,0,0,0,0,0,0,0,0,0,17.65,-16,-21.6797,-45.06389,41.62848,-27.70982,41.4,-28.05]},{"time":2.2917,"vertices":[3.15,1.2]}]}}}}}},[0]]],0,0,[0],[-1],[0]]