[1,["ecpdLyjvZBwrvm+cedCcQy","31v4G/MyhJxqrVHtWgIHYA","0fzbQSrtRPQK9dx4Blt8zm","a21JHgrj5C3LdUvXuqatXk","f90cN9m5FFAIt0Zsd3jjct","c2KSdhv3dGZYTW0uYPRHVo","05E1x+zfxA3YYIm5w4TEDa","69t9FHGrtEY6GK+oHNslBW","51pEkuEX1JrbIfYaP/v0j4","e4eEuly1dPT75/oD2QtX8H","4dcOWqvt5C3IXklJYh9ebB","02dhdsTcVCsoFNUtfQjQbc","6daRgr4VFK/rIdKbJ9OHYb","b39H6SMo1AGKAb+jbtbN/l","240sSBLylGyqDkA6JTddls","5b4b5cToxEW5qA+UCcOZ28","1cNwRt74ZD47P/hB0zK9Wm"],["node","_spriteFrame","_textureSetter","root","new","costMask","costLabel","mask","icon","bg","data","_N$file"],[["cc.Node",["_name","_active","_opacity","_prefab","_components","_contentSize","_parent","_children","_trs","_color","_anchorPoint"],0,4,9,5,1,2,7,5,5],"cc.SpriteFrame",["cc.Widget",["_alignFlags","_left","_top","_right","_bottom","_originalWidth","_originalHeight","node","_target"],-4,1,1],["cc.Sprite",["_sizeMode","_fillType","_fillRange","_type","node","_materials","_spriteFrame"],-1,1,3,6],["cc.PrefabInfo",["fileId","root","asset"],2,1,1],["cc.Prefab",["_name"],2],["cc.Node",["_name","_parent","_components","_prefab","_contentSize","_trs"],2,1,12,4,5,7],["b3fa31XLfhG4rBQE2mdiIbn",["_name","node","bg","icon","mask","costLabel","costMask","new"],2,1,1,1,1,1,1,1],["cc.BlockInputEvents",["node"],3,1],["cc.LabelOutline",["node","_color"],3,1,5],["cc.Label",["_string","_fontSize","_lineHeight","_isSystemFontUsed","_N$horizontalAlign","_N$verticalAlign","_N$cacheMode","node","_materials"],-4,1,3]],[[4,0,1,2,2],[3,4,5,6,1],[0,0,6,4,3,5,8,2],[0,0,1,6,4,3,5,8,3],[2,0,5,6,7,4],[0,0,1,2,6,4,3,9,5,4],[3,0,4,5,6,2],[8,0,1],[5,0,2],[0,0,7,4,3,5,2],[0,0,1,6,7,3,3],[0,0,1,6,7,4,3,5,3],[0,0,6,4,3,5,10,8,2],[0,0,2,6,4,3,9,5,3],[0,0,1,6,4,3,5,3],[6,0,1,2,3,4,5,2],[3,3,0,1,2,4,5,6,5],[3,0,1,2,4,5,6,4],[7,0,1,2,3,4,5,6,7,2],[4,1,2,1],[2,0,7,2],[2,0,1,2,7,4],[2,0,1,3,2,7,8,5],[2,0,1,2,4,7,5],[2,0,1,3,2,4,7,6],[9,0,1,1],[10,0,1,2,3,4,5,6,7,8,8]],[[[{"name":"card_lock","rect":[0,0,25,29],"offset":[0,0],"originalSize":[25,29],"capInsets":[0,0,0,0]}],[1],0,[0],[2],[3]],[[[8,"card_1"],[9,"bg",[-10,-11,-12,-13,-14,-15,-16,-17,-18],[[6,0,-2,[27],28],[18,null,-9,-8,-7,-6,-5,-4,-3]],[19,-1,0],[5,117,66]],[10,"HighLight",false,1,[-19,-20,-21,-22],[0,"18nMF2lqhN+LhCGomcBsrR",1,0]],[11,"Lock",false,1,[-24,-25,-26],[[20,45,-23]],[0,"45Xu63L0pOEJv+s6OOqhdh",1,0],[5,117,66]],[5,"CD",false,150,1,[[16,3,0,1,1,-27,[11],12],[4,45,130,70,-28],[7,-29]],[0,"72WX/vwz9AYLxBA0n8bIoC",1,0],[4,4278190080],[5,117,66]],[5,"Cost",false,150,1,[[17,0,1,1,-30,[13],14],[4,45,130,70,-31],[7,-32]],[0,"9egfJTTCNDhqaNTz60LiV+",1,0],[4,4278190080],[5,117,66]],[15,"sunNum",1,[[-33,[25,-34,[4,4278190080]]],1,4],[0,"2edJcMb2hDA7iZ7Z6+M4Th",1,0],[5,90,35],[27.986,-15.872,0,0,0,0,1,0.5,0.5,1]],[12,"icon",1,[[1,-35,[1],2]],[0,"88x02w7gpFbqNC1tJ3kdlq",1,0],[5,95,100],[0,0.5,0],[-27.824,-29.96,0,0,0,0,1,0.63,0.63,1]],[3,"New",false,1,[[1,-36,[3],4]],[0,"4crVYkdxVNL6hoDthLHLLy",1,0],[5,31,31],[51.582,32.436,0,0,0,0,1,1,1,1]],[13,"Mask",140,3,[[6,0,-37,[5],6],[4,45,45,51,-38]],[0,"42o3exAoBJw4XNWnx8Yteo",1,0],[4,4278190080],[5,117,66]],[2,"a019",2,[[1,-39,[15],16],[21,9,-75.87899999999999,-50.44,-40]],[0,"60+BT6/zZDnpr7uarykZLW",1,0],[5,46,46],[-52.87899999999999,27.439999999999998,0,0,0,0,1,1,1,1]],[2,"a019 copy",2,[[1,-41,[17],18],[22,33,-90,-75.14699999999999,-50.234,-42,2]],[0,"87lr13t5tNWKD6Op2AKgf0",1,0],[5,46,46],[52.14699999999999,27.234,0,0,0,0,1,-1,1,1]],[2,"a019 copy",2,[[1,-43,[19],20],[23,12,-75.87899999999999,-60,-48.128,-44]],[0,"72J1zURnNCHYcX3RsJbCgj",1,0],[5,46,46],[-52.87899999999999,-25.128,0,0,0,0,1,1,-1,1]],[2,"a019 copy",2,[[1,-45,[21],22],[24,36,-90,-75.357,-60,-48.679,-46]],[0,"07MDokObtNXYgow9ftdh7m",1,0],[5,46,46],[52.357,-25.679000000000002,0,0,0,0,1,-1,-1,1]],[26,"100",30,35,false,1,1,1,6,[0]],[2,"card_lock",3,[[1,-47,[7],8]],[0,"7aHIZJj2NC0K4prA5/HI42",1,0],[5,25,29],[40.491,16.953,0,0,0,0,1,1,1,1]],[3,"Try",false,3,[[1,-48,[9],10]],[0,"5ajKEFJXhJcLMkQ0Oun5gs",1,0],[5,100,55],[-8.055,-1.119,0,0,0,0,1,0.7,0.7,1]],[14,"Compound",false,1,[[1,-49,[23],24]],[0,"ccSsVbYa1EiJ78OygSuFlM",1,0],[5,72,36]],[3,"UpgradeIcon",false,1,[[1,-50,[25],26]],[0,"52JkLu8ktAA7pB4bRQ6Ey1",1,0],[5,33,33],[51.123,31.879,0,0,0,0,1,1,1,1]]],0,[0,3,1,0,0,1,0,4,8,0,5,5,0,6,14,0,7,4,0,8,7,0,9,1,0,0,1,0,-1,6,0,-2,7,0,-3,8,0,-4,3,0,-5,4,0,-6,5,0,-7,2,0,-8,17,0,-9,18,0,-1,10,0,-2,11,0,-3,12,0,-4,13,0,0,3,0,-1,9,0,-2,15,0,-3,16,0,0,4,0,0,4,0,0,4,0,0,5,0,0,5,0,0,5,0,-1,14,0,0,6,0,0,7,0,0,8,0,0,9,0,0,9,0,0,10,0,0,10,0,0,11,0,0,11,0,0,12,0,0,12,0,0,13,0,0,13,0,0,15,0,0,16,0,0,17,0,0,18,0,10,1,50],[0,0,0,0,0,0,0,0,0,0,0,0,0,0,0,0,0,0,0,0,0,0,0,0,0,0,0,0,0,14],[-1,-1,1,-1,1,-1,1,-1,1,-1,1,-1,1,-1,1,-1,1,-1,1,-1,1,-1,1,-1,1,-1,1,-1,1,11],[0,0,4,0,5,0,2,0,6,0,7,0,2,0,2,0,1,0,1,0,1,0,1,0,8,0,9,0,10,11]],[[{"name":"a019","rect":[0,0,46,46],"offset":[-0.5,0],"originalSize":[47,46],"capInsets":[0,0,0,0]}],[1],0,[0],[2],[12]],[[{"name":"card_bg_1","rect":[0,0,130,76],"offset":[0,0],"originalSize":[130,76],"capInsets":[0,0,0,0]}],[1],0,[0],[2],[13]],[[{"name":"card1","rect":[0,0,72,36],"offset":[0,0],"originalSize":[72,36],"capInsets":[0,0,0,0]}],[1],0,[0],[2],[14]],[[{"name":"try","rect":[0,0,100,55],"offset":[0,0],"originalSize":[100,55],"capInsets":[0,0,0,0]}],[1],0,[0],[2],[15]],[[{"name":"a082","rect":[2,2,31,31],"offset":[0,0],"originalSize":[35,35],"capInsets":[0,0,0,0]}],[1],0,[0],[2],[16]]]]