[1,["a9kDZPoGZI6ZI8ptZPkBs7","89JCerN55EEI6t+TsHl+L0","84NkgYOWtOCYlGPeImArXk","a7geC3H49Ov4qNe4AFrllF"],["value","_textureSetter"],["cc.SpriteFrame",["cc.AnimationClip",["_name","_duration","speed","wrapMode","curveData"],-1,11]],[[1,0,1,2,4,4],[1,0,1,3,4,4]],[[[[0,"FanPai",1,2,[{},"props",11,[{"y":[{"frame":0,"value":0},{"frame":0.5,"value":50},{"frame":1,"value":0}]},"eulerAngles",12,[[[{"frame":0},"value",8,[1,180,180,0]],[{"frame":0.5},"value",8,[1,90,90,0]],[{"frame":1},"value",8,[1,0,0,0]]],11,11,11]],"paths",11,[{"AwardPanel":{"props":{"opacity":[{"frame":0,"value":0},{"frame":0.48333333333333334,"value":0},{"frame":0.5,"value":255}]}}},"Bg",11,[{},"comps",11,[{},"cc.Sprite",11,[{},"spriteFrame",12,[[[{"frame":0},"value",6,0],[{"frame":0.48333333333333334},"value",6,1],[{"frame":0.5},"value",6,2]],11,11,11]]]]]]]],0,0,[0,0,0],[0,0,0],[0,0,1]],[[{"name":"a032","rect":[0,0,202,258],"offset":[0,0],"originalSize":[202,258],"capInsets":[0,0,0,0]}],[0],0,[0],[1],[2]],[[{"name":"a031","rect":[0,0,202,258],"offset":[0,0],"originalSize":[202,258],"capInsets":[0,0,0,0]}],[0],0,[0],[1],[3]],[[[1,"Breath",0.6666666666666666,2,[{},"props",11,[{},"scale",12,[[[{"frame":0},"value",8,[1,1,1,1]],[{"frame":0.3333333333333333},"value",8,[0,1.2,1.2]],[{"frame":0.6666666666666666},"value",8,[1,1,1,1]]],11,11,11]]]]],0,0,[],[],[]]]]