[1,["54qHuZNxZO1ZKuNcODsf2j","7a/QZLET9IDreTiBfRn2PD","d2D5q3tedP3YA42sSZcKH8"],["root","node","data","_N$skeletonData"],[["cc.Node",["_name","_opacity","_prefab","_contentSize","_children","_parent","_components","_trs"],1,4,5,2,1,9,7],["cc.PrefabInfo",["fileId","root","asset"],2,1,1],["sp.SkeletonData",["_name","_atlasText","textureNames","_skeletonJson","textures"],-1,3],["cc.Prefab",["_name"],2],["sp.Skeleton",["defaultSkin","defaultAnimation","_preCacheMode","_animationName","_N$useTint","_N$enableBatch","node","_materials","_N$skeletonData"],-3,1,3,6]],[[2,0,1,2,3,4,5],[3,0,2],[0,0,1,4,2,3,3],[0,0,5,6,2,3,7,2],[1,1,2,1],[1,0,1,2,2],[4,0,1,2,3,4,5,6,7,8,7]],[[[[0,"zuobiao_FX","\r\nzuobiao_FX.png\r\nsize: 819,143\r\nformat: RGBA8888\r\nfilter: Linear,Linear\r\nrepeat: none\r\ndian\r\n  rotate: false\r\n  xy: 801, 51\r\n  size: 7, 7\r\n  orig: 7, 7\r\n  offset: 0, 0\r\n  index: -1\r\nfx1\r\n  rotate: true\r\n  xy: 2, 2\r\n  size: 139, 223\r\n  orig: 161, 276\r\n  offset: 11, 11\r\n  index: -1\r\nfx2\r\n  rotate: false\r\n  xy: 666, 48\r\n  size: 133, 93\r\n  orig: 133, 93\r\n  offset: 0, 0\r\n  index: -1\r\nfx21\r\n  rotate: true\r\n  xy: 623, 3\r\n  size: 37, 194\r\n  orig: 37, 194\r\n  offset: 0, 0\r\n  index: -1\r\nfx22\r\n  rotate: true\r\n  xy: 365, 3\r\n  size: 37, 256\r\n  orig: 37, 256\r\n  offset: 0, 0\r\n  index: -1\r\nfx23\r\n  rotate: true\r\n  xy: 365, 42\r\n  size: 99, 299\r\n  orig: 99, 299\r\n  offset: 0, 0\r\n  index: -1\r\nfx24\r\n  rotate: true\r\n  xy: 227, 20\r\n  size: 121, 136\r\n  orig: 121, 136\r\n  offset: 0, 0\r\n  index: -1\r\nfx3\r\n  rotate: false\r\n  xy: 811, 60\r\n  size: 6, 81\r\n  orig: 6, 81\r\n  offset: 0, 0\r\n  index: -1\r\nfx4\r\n  rotate: false\r\n  xy: 811, 60\r\n  size: 6, 81\r\n  orig: 6, 81\r\n  offset: 0, 0\r\n  index: -1\r\nfx5\r\n  rotate: false\r\n  xy: 811, 60\r\n  size: 6, 81\r\n  orig: 6, 81\r\n  offset: 0, 0\r\n  index: -1\r\nfx6\r\n  rotate: false\r\n  xy: 801, 60\r\n  size: 8, 81\r\n  orig: 8, 81\r\n  offset: 0, 0\r\n  index: -1\r\nfx7\r\n  rotate: false\r\n  xy: 801, 60\r\n  size: 8, 81\r\n  orig: 8, 81\r\n  offset: 0, 0\r\n  index: -1\r\n",["zuobiao_FX.png"],{"skeleton":{"hash":"idLyS3EU/KaBoMDH16FqSlD4zeU","spine":"3.8.99","x":-90.51,"y":142.42,"width":150.32,"height":336.67},"bones":[{"name":"root"},{"name":"bone","parent":"root","x":-4.83,"y":47.4},{"name":"bone2","parent":"bone","x":71.13,"y":330.03,"scaleX":0.7,"scaleY":0.7},{"name":"bone3","parent":"bone","x":-20.07,"y":383.15},{"name":"bone4","parent":"bone","x":-65.93,"y":25.21},{"name":"bone5","parent":"bone","x":102.07,"y":24.55},{"name":"bone9","parent":"bone","x":-9.55,"y":119.17},{"name":"bone6","parent":"bone9","length":47.61,"rotation":89.68,"x":-28.22,"y":56.99},{"name":"bone6b","parent":"bone6","length":47.61,"x":47.61},{"name":"bone8","parent":"bone9","length":38.28,"rotation":88.75,"x":35.91,"y":42.73},{"name":"bone8b","parent":"bone8","length":38.28,"x":38.28},{"name":"bone8c","parent":"bone8b","length":38.28,"x":38.28},{"name":"bone7","parent":"bone9","length":47.84,"rotation":89.75,"x":0.34,"y":42.73},{"name":"bone7b","parent":"bone7","length":47.84,"x":47.84},{"name":"bone7c","parent":"bone7b","length":47.84,"x":47.84},{"name":"bone10","parent":"bone","x":71.13,"y":330.03,"scaleX":0.7,"scaleY":0.7},{"name":"bone11","parent":"bone","x":71.13,"y":330.03,"scaleX":0.7,"scaleY":0.7},{"name":"bone12","parent":"bone","x":71.13,"y":330.03,"scaleX":0.7,"scaleY":0.7},{"name":"bone13","parent":"bone","x":71.13,"y":330.03,"scaleX":0.7,"scaleY":0.7},{"name":"bone14","parent":"bone","x":71.13,"y":330.03,"scaleX":0.7,"scaleY":0.7},{"name":"bone15","parent":"bone","x":71.13,"y":330.03,"scaleX":0.7,"scaleY":0.7},{"name":"bone16","parent":"bone","x":71.13,"y":330.03,"scaleX":0.7,"scaleY":0.7},{"name":"bone17","parent":"bone","x":71.13,"y":330.03,"scaleX":0.7,"scaleY":0.7},{"name":"bone18","parent":"bone","x":71.13,"y":330.03,"scaleX":0.7,"scaleY":0.7},{"name":"bone19","parent":"bone","x":71.13,"y":330.03,"scaleX":0.7,"scaleY":0.7},{"name":"bone20","parent":"bone","x":71.13,"y":330.03,"scaleX":0.7,"scaleY":0.7},{"name":"bone21","parent":"bone","x":71.13,"y":330.03,"scaleX":0.7,"scaleY":0.7},{"name":"bone22","parent":"bone","x":71.13,"y":330.03,"scaleX":0.7,"scaleY":0.7},{"name":"bone23","parent":"bone","x":71.13,"y":330.03,"scaleX":0.7,"scaleY":0.7},{"name":"bone24","parent":"bone","x":71.13,"y":330.03,"scaleX":0.7,"scaleY":0.7},{"name":"bone25","parent":"bone","x":71.13,"y":330.03,"scaleX":0.7,"scaleY":0.7},{"name":"bone26","parent":"bone","x":71.13,"y":330.03,"scaleX":0.7,"scaleY":0.7},{"name":"bone27","parent":"bone","x":71.13,"y":330.03,"scaleX":0.7,"scaleY":0.7},{"name":"bone28","parent":"bone","x":71.13,"y":330.03,"scaleX":0.7,"scaleY":0.7},{"name":"bone29","parent":"bone","x":71.13,"y":330.03,"scaleX":0.7,"scaleY":0.7},{"name":"bone30","parent":"bone","x":71.13,"y":330.03,"scaleX":0.7,"scaleY":0.7},{"name":"bone31","parent":"bone","x":71.13,"y":330.03,"scaleX":0.3942,"scaleY":0.3942},{"name":"bone32","parent":"bone","x":71.13,"y":330.03,"scaleX":0.4436,"scaleY":0.4436},{"name":"bone33","parent":"bone","x":71.13,"y":330.03,"scaleX":0.7,"scaleY":0.7}],"slots":[{"name":"buliang","bone":"bone"},{"name":"liang","bone":"bone"},{"name":"fx24","bone":"bone4"},{"name":"fx23","bone":"bone4"},{"name":"fx22","bone":"bone4"},{"name":"fx21","bone":"bone4"},{"name":"fx1","bone":"bone5","attachment":"fx1"},{"name":"fx2","bone":"bone3","attachment":"fx2"},{"name":"fx7","bone":"bone5","attachment":"fx7"},{"name":"fx6","bone":"bone5","attachment":"fx6"},{"name":"fx5","bone":"bone5","attachment":"fx5"},{"name":"fx4","bone":"bone5","attachment":"fx4"},{"name":"fx3","bone":"bone5","attachment":"fx3"},{"name":"dian","bone":"bone2","color":"ffffffb3"},{"name":"dian4","bone":"bone12","color":"ffffffb3","blend":"additive"},{"name":"dian12","bone":"bone20","color":"ffffffb3","blend":"additive"},{"name":"dian23","bone":"bone31","color":"ffffffb3","blend":"additive"},{"name":"dian5","bone":"bone13","color":"ffffffb3","blend":"additive"},{"name":"dian13","bone":"bone21","color":"ffffffb3","blend":"additive"},{"name":"dian22","bone":"bone30","color":"ffffffb3","blend":"additive"},{"name":"dian6","bone":"bone14","color":"ffffffb3","blend":"additive"},{"name":"dian14","bone":"bone22","color":"ffffffb3","blend":"additive"},{"name":"dian21","bone":"bone29","color":"ffffffb3","blend":"additive"},{"name":"dian9","bone":"bone17","color":"ffffffb3","blend":"additive"},{"name":"dian17","bone":"bone25","color":"ffffffb3","blend":"additive"},{"name":"dian18","bone":"bone26","color":"ffffffb3","blend":"additive"},{"name":"dian7","bone":"bone15","color":"ffffffb3","blend":"additive"},{"name":"dian15","bone":"bone23","color":"ffffffb3","blend":"additive"},{"name":"dian20","bone":"bone28","color":"ffffffb3","blend":"additive"},{"name":"dian8","bone":"bone16","color":"ffffffb3","blend":"additive"},{"name":"dian16","bone":"bone24","color":"ffffffb3","blend":"additive"},{"name":"dian19","bone":"bone27","color":"ffffffb3","blend":"additive"},{"name":"dian3","bone":"bone11","color":"ffffffb3"},{"name":"dian11","bone":"bone19","color":"ffffffb3","blend":"additive"},{"name":"dian24","bone":"bone32","color":"ffffffb3","blend":"additive"},{"name":"dian2","bone":"bone10","color":"ffffffb3"},{"name":"dian10","bone":"bone18","color":"ffffffb3","blend":"additive"},{"name":"dian25","bone":"bone33","color":"ffffffb3","blend":"additive"}],"skins":[{"name":"default","attachments":{"dian":{"dian":{"type":"mesh","hull":9,"uvs":[1,0.4204,1,0.5753,0.71659,0.85868,0.28443,0.85863,0,0.57352,0,0.42062,0.21278,0,0.78085,0,0.78647,0],"triangles":[3,4,5,7,8,0,7,5,6,7,3,5,7,2,3,7,0,2,1,2,0],"vertices":[5.87,1.11,5.87,-0.87,2.26,-4.48,-3.25,-4.48,-6.88,-0.85,-6.88,1.1,-4.16,6.47,3.08,6.47,3.15,6.47]}},"dian2":{"dian":{"type":"mesh","hull":5,"uvs":[0,0.15942,0,1,1,1,1,0,0,0],"triangles":[0,4,3,2,1,0,2,0,3],"vertices":[-4.13,2.41,-4.13,-3.47,2.87,-3.47,2.87,3.53,-4.13,3.53]}},"dian3":{"dian":{"type":"mesh","hull":9,"uvs":[1,0.42232,1,0.57356,0.71858,0.85874,0.28523,0.85885,0,0.57417,0,0.42192,0.21262,0,0.77489,0,0.7871,0],"triangles":[7,8,0,5,3,4,7,5,6,7,2,5,0,2,7,1,2,0,2,3,5],"vertices":[3.12,1.03,3.12,-0.03,1.15,-2.02,-1.89,-2.03,-3.88,-0.03,-3.88,1.03,-2.39,3.99,1.54,3.99,1.63,3.99]}},"dian4":{"dian":{"type":"mesh","hull":8,"uvs":[0.78678,0,1,0.42254,1,0.57357,0.71538,0.85953,0.28618,0.86188,0,0.57369,0,0.4241,0.21265,0],"triangles":[3,0,1,6,4,5,3,7,0,2,3,1,3,6,7,3,4,6],"vertices":[1.63,2.68,3.12,-0.27,3.12,-1.33,1.13,-3.33,-1.88,-3.35,-3.88,-1.33,-3.88,-0.28,-2.39,2.68]}},"dian5":{"dian":{"type":"mesh","hull":8,"uvs":[0.78739,0,1,0.42523,1,0.57623,0.71554,0.85975,0.28685,0.86035,0,0.57528,0,0.41841,0.21344,0],"triangles":[6,4,5,3,0,1,0,4,7,2,3,1,7,4,6,4,0,3],"vertices":[1.53,3.27,3.02,0.29,3.02,-0.76,1.03,-2.75,-1.97,-2.75,-3.98,-0.76,-3.98,0.34,-2.48,3.27]}},"dian6":{"dian":{"type":"mesh","hull":8,"uvs":[0.78866,0,1,0.42444,1,0.57356,0.71669,0.85897,0.28235,0.85895,0,0.57473,0,0.42246,0.21329,0],"triangles":[1,7,0,4,5,6,1,4,7,1,3,4,4,6,7,2,3,1],"vertices":[1.54,3.27,3.02,0.3,3.02,-0.74,1.04,-2.74,-2,-2.74,-3.98,-0.75,-3.98,0.31,-2.49,3.27]}},"dian7":{"dian":{"type":"mesh","hull":8,"uvs":[0.78611,0,1,0.41985,1,0.57368,0.71325,0.86039,0.28174,0.85966,0,0.57554,0,0.42149,0.21344,0],"triangles":[7,0,3,4,5,6,7,3,6,0,1,3,6,3,4,2,3,1],"vertices":[1.21,3.32,2.71,0.38,2.71,-0.7,0.7,-2.7,-2.32,-2.7,-4.29,-0.71,-4.29,0.37,-2.8,3.32]}},"dian8":{"dian":{"type":"mesh","hull":8,"uvs":[0.78595,0,1,0.41823,1,0.5743,0.71736,0.85905,0.28563,0.85961,0,0.57366,0,0.41821,0.21395,0],"triangles":[6,4,5,3,0,1,0,4,7,2,3,1,7,4,6,4,0,3],"vertices":[1.21,3.32,2.71,0.39,2.71,-0.7,0.73,-2.69,-2.29,-2.7,-4.29,-0.7,-4.29,0.39,-2.79,3.32]}},"dian9":{"dian":{"type":"mesh","hull":8,"uvs":[0.78782,0,1,0.42321,1,0.57369,0.71408,0.85938,0.28319,0.86052,0,0.57465,0,0.4211,0.21319,0],"triangles":[3,0,1,6,4,5,3,7,0,2,3,1,3,6,7,3,4,6],"vertices":[1.23,3.32,2.71,0.36,2.71,-0.7,0.71,-2.7,-2.31,-2.7,-4.29,-0.7,-4.29,0.37,-2.8,3.32]}},"dian10":{"dian":{"type":"mesh","hull":8,"uvs":[0.78742,0,1,0.42343,1,0.57525,0.71727,0.85905,0.28497,0.85871,0,0.57415,0,0.42137,0.21368,0],"triangles":[4,5,6,4,0,1,4,7,0,1,3,4,4,6,7,2,3,1],"vertices":[1.22,3.32,2.71,0.36,2.71,-0.71,0.73,-2.69,-2.29,-2.69,-4.29,-0.7,-4.29,0.37,-2.79,3.32]}},"dian11":{"dian":{"type":"mesh","hull":9,"uvs":[0.7873,0,1,0.41843,1,0.5736,0.71699,0.85868,0.28483,0.85912,0,0.57501,0,0.4215,0.21122,0,0.23402,0],"triangles":[1,8,0,8,5,6,1,3,8,2,3,1,4,8,3,8,6,7,4,5,8],"vertices":[1.22,3.32,2.71,0.39,2.71,-0.7,0.73,-2.69,-2.3,-2.69,-4.29,-0.71,-4.29,0.37,-2.81,3.32,-2.65,3.32]}},"dian12":{"dian":{"type":"mesh","hull":9,"uvs":[1,0.42354,1,0.57444,0.71441,0.85963,0.28484,0.85878,0,0.57379,0,0.42371,0.2124,0,0.76342,0,0.78698,0],"triangles":[3,4,5,7,8,0,7,5,6,7,3,5,7,2,3,7,0,2,1,2,0],"vertices":[2.9,0.48,2.9,-0.58,0.91,-2.57,-2.1,-2.57,-4.1,-0.57,-4.1,0.48,-2.61,3.44,1.25,3.44,1.41,3.44]}},"dian13":{"dian":{"type":"mesh","hull":9,"uvs":[0.78732,0,1,0.42073,1,0.57526,0.71529,0.85891,0.2845,0.85889,0,0.57576,0,0.42295,0.21229,0.00046,0.27919,0],"triangles":[1,8,0,8,5,6,1,4,8,1,3,4,8,6,7,4,5,8,2,3,1],"vertices":[1.08,2.76,2.57,-0.18,2.57,-1.26,0.57,-3.25,-2.44,-3.25,-4.43,-1.27,-4.43,-0.2,-2.95,2.76,-2.48,2.76]}},"dian14":{"dian":{"type":"mesh","hull":8,"uvs":[0.78764,0,1,0.42458,1,0.57538,0.71603,0.85918,0.28703,0.86062,0,0.57463,0,0.42157,0.2108,0],"triangles":[6,4,5,3,0,1,0,6,7,2,3,1,0,3,6,3,4,6],"vertices":[1.08,2.76,2.57,-0.21,2.57,-1.26,0.58,-3.25,-2.42,-3.26,-4.43,-1.26,-4.43,-0.19,-2.96,2.76]}},"dian15":{"dian":{"type":"mesh","hull":9,"uvs":[0.78692,0,1,0.42211,1,0.57585,0.71535,0.85955,0.28514,0.85869,0,0.57551,0,0.41843,0.2137,0.0004,0.27384,0],"triangles":[8,5,6,1,8,0,1,4,8,1,3,4,8,6,7,4,5,8,2,3,1],"vertices":[1.07,2.76,2.57,-0.19,2.57,-1.27,0.57,-3.25,-2.44,-3.25,-4.43,-1.26,-4.43,-0.16,-2.94,2.76,-2.52,2.76]}},"dian16":{"dian":{"type":"mesh","hull":9,"uvs":[1,0.42314,1,0.57361,0.71507,0.85936,0.28414,0.86015,0,0.57406,0,0.42142,0.21133,0,0.74219,0,0.78875,0],"triangles":[7,8,0,5,3,4,7,5,6,7,2,5,0,2,7,1,2,0,2,3,5],"vertices":[2.57,-0.2,2.57,-1.25,0.57,-3.25,-2.45,-3.26,-4.43,-1.25,-4.43,-0.18,-2.95,2.76,0.76,2.76,1.09,2.76]}},"dian17":{"dian":{"type":"mesh","hull":8,"uvs":[0.78666,0,1,0.42229,1,0.57416,0.71385,0.85965,0.28605,0.86008,0,0.5767,0,0.42537,0.21158,0],"triangles":[3,0,1,6,4,5,0,6,7,2,3,1,0,3,6,3,4,6],"vertices":[1.07,2.76,2.57,-0.19,2.57,-1.25,0.56,-3.25,-2.43,-3.26,-4.43,-1.27,-4.43,-0.21,-2.95,2.76]}},"dian18":{"dian":{"type":"mesh","hull":9,"uvs":[1,0.42407,1,0.57402,0.71587,0.8591,0.28788,0.86152,0,0.57421,0,0.42472,0.21272,0,0.76237,0,0.78793,0],"triangles":[7,8,0,5,3,4,7,5,6,7,2,5,0,2,7,1,2,0,2,3,5],"vertices":[2.57,-0.2,2.57,-1.25,0.58,-3.25,-2.42,-3.27,-4.43,-1.25,-4.43,-0.21,-2.95,2.76,0.9,2.76,1.08,2.76]}},"dian19":{"dian":{"type":"mesh","hull":8,"uvs":[0.78754,0,1,0.4248,1,0.5738,0.71464,0.85921,0.28592,0.85959,0,0.57514,0,0.42275,0.21235,0],"triangles":[3,0,1,6,4,5,3,7,0,2,3,1,7,4,6,7,3,4],"vertices":[1.08,2.76,2.57,-0.21,2.57,-1.25,0.57,-3.25,-2.43,-3.25,-4.43,-1.26,-4.43,-0.19,-2.95,2.76]}},"dian20":{"dian":{"type":"mesh","hull":8,"uvs":[0.78715,0,1,0.42301,1,0.575,0.71309,0.86068,0.28511,0.85944,0,0.5751,0,0.42402,0.21234,0],"triangles":[3,4,0,4,5,6,4,7,0,0,1,3,4,6,7,2,3,1],"vertices":[1.08,2.76,2.57,-0.2,2.57,-1.26,0.56,-3.26,-2.44,-3.25,-4.43,-1.26,-4.43,-0.2,-2.95,2.76]}},"dian21":{"dian":{"type":"mesh","hull":8,"uvs":[0.78792,0,1,0.42489,1,0.5737,0.71461,0.85892,0.28872,0.86295,0,0.57406,0,0.42407,0.21186,0],"triangles":[3,0,1,6,4,5,3,7,0,2,3,1,3,6,7,3,4,6],"vertices":[1.36,2.77,2.84,-0.21,2.84,-1.25,0.85,-3.25,-2.14,-3.27,-4.16,-1.25,-4.16,-0.2,-2.67,2.77]}},"dian22":{"dian":{"type":"mesh","hull":8,"uvs":[0.78931,0,1,0.42305,1,0.57425,0.71606,0.86047,0.28354,0.85873,0,0.57509,0,0.42156,0.21322,0],"triangles":[1,7,0,4,5,6,1,4,7,1,3,4,4,6,7,2,3,1],"vertices":[1.57,3.34,3.05,0.36,3.05,-0.7,1.05,-2.72,-2,-2.71,-3.99,-0.71,-3.99,0.37,-2.49,3.34]}},"dian23":{"dian":{"type":"mesh","hull":4,"uvs":[0.83333,0.93651,0.16667,0.93651,0.16667,0.06349,0.83333,0.06349],"triangles":[1,2,3,1,3,0],"vertices":[2.65,-3.42,-3.86,-3.42,-3.86,3.73,2.65,3.73]}},"dian24":{"dian":{"type":"mesh","hull":4,"uvs":[0.83333,0.93651,0.16667,0.93651,0.16667,0.06349,0.83333,0.06349],"triangles":[1,2,3,1,3,0],"vertices":[4.39,-5.34,-5.61,-5.34,-5.61,5.66,4.39,5.66]}},"dian25":{"dian":{"type":"mesh","hull":4,"uvs":[1,0.93651,0,0.93651,0,0.06349,1,0.06349],"triangles":[1,2,3,1,3,0],"vertices":[4.39,-5.34,-5.61,-5.34,-5.61,5.66,4.39,5.66]}},"fx1":{"fx1":{"type":"mesh","hull":37,"uvs":[0.50431,0.1544,0.52475,0.15978,0.56373,0.20381,0.59642,0.33546,0.67802,0.32256,0.70858,0.25204,0.74448,0.2753,0.76682,0.35362,0.77748,0.41373,0.79614,0.47131,0.8293,0.46567,0.84595,0.51392,0.84565,0.54499,0.8703,0.62674,0.91264,0.70284,0.92743,0.76031,0.92523,0.83654,0.89384,0.8846,0.84025,0.91588,0.80303,0.92846,0.72033,0.94457,0.60478,0.9566,0.36766,0.95663,0.27202,0.93844,0.18565,0.91286,0.11975,0.87445,0.07515,0.81803,0.07188,0.72573,0.0978,0.62252,0.14738,0.46341,0.25664,0.30524,0.28381,0.23208,0.32142,0.24189,0.37181,0.37243,0.44247,0.28084,0.4716,0.17425,0.48166,0.16256],"triangles":[9,28,29,28,13,27,30,31,32,32,33,30,29,30,33,9,29,33,36,0,1,35,36,1,2,35,1,34,35,2,34,2,3,33,34,3,4,5,6,4,6,7,8,3,4,7,8,4,3,8,9,9,10,11,3,9,33,12,9,11,9,12,28,14,24,13,28,12,13,15,16,18,16,17,18,20,21,14,23,24,14,24,25,13,22,23,14,21,22,14,25,26,27,13,25,27,15,19,20,18,19,15,14,15,20],"vertices":[1,14,58.88,-5.06,1,1,14,57.41,-8.35,1,2,11,63.86,23.33,0.00005,14,45.29,-14.68,0.99995,3,11,27.65,17.28,0.40963,14,8.98,-20.1,0.49648,13,56.82,-20.1,0.09389,3,11,31.5,4.22,0.96292,14,12.59,-33.23,0.02864,13,60.43,-33.23,0.00844,1,11,51.06,-0.27,1,1,11,44.77,-6.19,1,1,11,23.24,-10.26,1,2,10,44.97,-12.33,0.16692,11,6.69,-12.33,0.83308,3,9,67.43,-15.68,0.00233,10,29.15,-15.68,0.94889,11,-9.13,-15.68,0.04878,3,9,69.1,-20.99,0.00515,10,30.82,-20.99,0.98429,11,-7.46,-20.99,0.01056,2,9,55.85,-23.96,0.09002,10,17.56,-23.96,0.90998,2,9,47.27,-24.09,0.27319,10,8.99,-24.09,0.72681,3,6,65,66.9,0.00005,9,24.8,-28.55,0.895,10,-13.48,-28.55,0.10495,3,6,71.81,45.9,0.03222,9,3.95,-35.82,0.96761,10,-34.33,-35.82,0.00017,1,6,74.2,30.04,1,1,6,73.84,9,1,1,6,68.79,-4.26,1,1,6,60.16,-12.9,1,1,6,54.17,-16.37,1,1,6,40.85,-20.81,1,1,6,22.25,-24.13,1,1,6,-15.93,-24.15,1,1,6,-31.32,-19.12,1,1,6,-45.23,-12.06,1,1,6,-55.84,-1.46,1,1,6,-63.02,14.11,1,3,6,-63.55,39.59,0.17946,12,-3.42,63.88,0.00015,7,-17.6,35.23,0.82039,2,6,-59.37,68.07,0.01503,7,10.91,31.22,0.98497,2,8,7.25,23.48,0.62787,7,54.87,23.48,0.37213,1,8,51,6.13,1,1,8,71.22,1.87,1,1,8,68.55,-4.2,1,3,14,-1.39,16.01,0.15857,13,46.45,16.01,0.27806,8,32.56,-12.51,0.56337,2,14,23.94,4.75,0.99967,8,57.91,-23.75,0.00033,1,14,53.38,0.19,1,1,14,56.61,-1.42,1]}},"fx2":{"fx2":{"type":"mesh","hull":4,"uvs":[1,1,0,1,0,0,1,0],"triangles":[1,2,3,1,3,0],"vertices":[67.4,-44.45,-65.6,-44.45,-65.6,48.55,67.4,48.55]}},"fx3":{"fx3":{"type":"mesh","hull":4,"uvs":[1,1,0,1,0,0,1,0],"triangles":[1,2,3,1,3,0],"vertices":[-54.74,123.51,-60.74,123.51,-60.74,204.51,-54.74,204.51]}},"fx4":{"fx4":{"type":"mesh","hull":4,"uvs":[1,1,0,1,0,0,1,0],"triangles":[1,2,3,1,3,0],"vertices":[-57.74,100.51,-63.74,100.51,-63.74,181.51,-57.74,181.51]}},"fx5":{"fx5":{"type":"mesh","hull":4,"uvs":[1,1,0,1,0,0,1,0],"triangles":[1,2,3,1,3,0],"vertices":[-147.74,101.51,-153.74,101.51,-153.74,182.51,-147.74,182.51]}},"fx6":{"fx6":{"type":"mesh","hull":4,"uvs":[1,1,0,1,0,0,1,0],"triangles":[1,2,3,1,3,0],"vertices":[-97.74,130.51,-105.74,130.51,-105.74,211.51,-97.74,211.51]}},"fx7":{"fx7":{"type":"mesh","hull":4,"uvs":[1,1,0,1,0,0,1,0],"triangles":[1,2,3,1,3,0],"vertices":[-121.74,108.51,-129.74,108.51,-129.74,189.51,-121.74,189.51]}},"fx21":{"fx21":{"type":"mesh","hull":4,"uvs":[1,1,0,1,0,0,1,0],"triangles":[1,2,3,1,3,0],"vertices":[46.26,61.49,9.26,61.49,9.26,255.49,46.26,255.49]}},"fx22":{"fx22":{"type":"mesh","hull":4,"uvs":[1,1,0,1,0,0,1,0],"triangles":[1,2,3,1,3,0],"vertices":[116.26,59.49,79.26,59.49,79.26,315.49,116.26,315.49]}},"fx23":{"fx23":{"type":"mesh","hull":4,"uvs":[1,1,0,1,0,0,1,0],"triangles":[1,2,3,1,3,0],"vertices":[102.26,15.49,3.26,15.49,3.26,314.49,102.26,314.49]}},"fx24":{"fx24":{"type":"mesh","hull":4,"uvs":[1,1,0,1,0,0,1,0],"triangles":[1,2,3,1,3,0],"vertices":[124.26,82.49,3.26,82.49,3.26,218.49,124.26,218.49]}}}}],"events":{"dazhao":{},"gongji":{}},"animations":{"FX":{"slots":{"buliang":{"attachment":[{"time":0.1667,"name":null},{"time":0.6667,"name":null}]},"dian":{"color":[{"time":0.4333,"color":"ffffff00","curve":0.263,"c2":0.38,"c3":0.651,"c4":0.82},{"time":0.6667,"color":"ffffff92"}],"attachment":[{"time":0.4333,"name":"dian"}]},"dian2":{"color":[{"time":0.6667,"color":"ffffff30"}],"attachment":[{"time":0.6667,"name":"dian"}]},"dian3":{"color":[{"time":0.6667,"color":"ffffffff"}]},"dian4":{"color":[{"time":0.6667,"color":"52ff3eff"}]},"dian5":{"color":[{"time":0.6667,"color":"52ff3eff"}]},"dian6":{"color":[{"time":0.5,"color":"ffffff00","curve":0,"c2":0.16,"c3":0.397,"c4":0.56},{"time":0.6667,"color":"ffffff92"}],"attachment":[{"time":0.5,"name":"dian"}]},"dian7":{"color":[{"time":0.6667,"color":"52ff3eff"}]},"dian8":{"color":[{"time":0.6667,"color":"52ff3eff"}]},"dian9":{"color":[{"time":0.6667,"color":"52ff3eff"}]},"dian10":{"color":[{"time":0.6667,"color":"52ff3eff"}]},"dian11":{"color":[{"time":0.6667,"color":"52ff3eff"}]},"dian12":{"color":[{"time":0.6667,"color":"52ff3eff"}]},"dian13":{"color":[{"time":0.6667,"color":"52ff3eff"}]},"dian14":{"color":[{"time":0.6667,"color":"52ff3eff"}]},"dian15":{"color":[{"time":0.6667,"color":"52ff3eff"}]},"dian16":{"color":[{"time":0.6667,"color":"52ff3eff"}]},"dian17":{"color":[{"time":0.6667,"color":"52ff3eff"}]},"dian18":{"color":[{"time":0.5333,"color":"ffffffff","curve":0,"c2":0.19,"c3":0.428,"c4":0.59},{"time":0.6667,"color":"ffffff69"}],"attachment":[{"time":0.3333,"name":"dian"}]},"dian19":{"color":[{"time":0.3333,"color":"ffffff00","curve":0,"c2":0.15,"c3":0.544,"c4":0.81},{"time":0.5,"color":"ffffffff"}],"attachment":[{"time":0.3333,"name":"dian"}]},"dian20":{"color":[{"time":0.3333,"color":"ffffff00","curve":0,"c2":0.15,"c3":0.544,"c4":0.81},{"time":0.6,"color":"ffffffff"}],"attachment":[{"time":0.3333,"name":"dian"}]},"dian21":{"color":[{"time":0.3333,"color":"ffffff92","curve":0.367,"c2":0.45,"c3":0.715,"c4":0.8},{"time":0.5,"color":"ffffff00"}],"attachment":[{"time":0.3333,"name":"dian"}]},"dian22":{"color":[{"time":0.3333,"color":"ffffffb4","curve":0.302,"c2":0.4,"c3":0.66,"c4":0.78},{"time":0.6667,"color":"fffffffa"}],"attachment":[{"time":0.3333,"name":"dian"}]},"dian23":{"color":[{"time":0.3333,"color":"ffffffb4","curve":0.302,"c2":0.4,"c3":0.66,"c4":0.78},{"time":0.6667,"color":"fffffffa"}],"attachment":[{"time":0.3333,"name":"dian"}]},"dian24":{"color":[{"time":0.3333,"color":"ffffffdb","curve":0.331,"c2":0.42,"c3":0.673,"c4":0.78},{"time":0.5333,"color":"ffffffff","curve":0,"c2":0.19,"c3":0.428,"c4":0.59},{"time":0.6667,"color":"ffffff69"}],"attachment":[{"time":0.3333,"name":"dian"}]},"dian25":{"color":[{"time":0.3333,"color":"ffffff38","curve":0.362,"c2":0.45,"c3":0.725,"c4":0.83},{"time":0.5667,"color":"ffffff00","curve":"stepped"},{"time":0.6,"color":"ffffff06","curve":0,"c2":0.29,"c3":0.34,"c4":0.62},{"time":0.6667,"color":"ffffff00"}],"attachment":[{"time":0.3333,"name":"dian"}]},"fx1":{"color":[{"time":0.4333,"color":"ffffffff","curve":0,"c2":0.19,"c3":0.662,"c4":0.85},{"time":0.5667,"color":"ffffff00"}],"attachment":[{"name":null},{"time":0.1,"name":"fx1"},{"time":0.6,"name":null}]},"fx2":{"color":[{"color":"ffffff00","curve":0,"c2":0.19,"c3":0.662,"c4":0.85},{"time":0.0667,"color":"ffffffff","curve":"stepped"},{"time":0.1333,"color":"ffffffff","curve":0,"c2":0.19,"c3":0.662,"c4":0.85},{"time":0.2667,"color":"ffffff00"}],"attachment":[{"time":0.3,"name":null}]},"fx3":{"color":[{"time":0.4,"color":"ffffffff","curve":0,"c2":0.19,"c3":0.662,"c4":0.85},{"time":0.5,"color":"ffffff00"}],"attachment":[{"name":null},{"time":0.2,"name":"fx3"},{"time":0.6667,"name":null}]},"fx4":{"color":[{"time":0.3333,"color":"ffffffff","curve":0,"c2":0.19,"c3":0.662,"c4":0.85},{"time":0.4,"color":"ffffff00"}],"attachment":[{"name":null},{"time":0.2,"name":"fx4"},{"time":0.6667,"name":null}]},"fx5":{"color":[{"time":0.3667,"color":"ffffffff","curve":0,"c2":0.19,"c3":0.662,"c4":0.85},{"time":0.4333,"color":"ffffff00"}],"attachment":[{"name":null},{"time":0.2,"name":"fx5"},{"time":0.6667,"name":null}]},"fx6":{"color":[{"time":0.3,"color":"ffffffff","curve":0,"c2":0.19,"c3":0.662,"c4":0.85},{"time":0.3667,"color":"ffffff00"}],"attachment":[{"name":null},{"time":0.2,"name":"fx6"},{"time":0.6667,"name":null}]},"fx7":{"color":[{"time":0.4,"color":"ffffffff","curve":0,"c2":0.19,"c3":0.662,"c4":0.85},{"time":0.5,"color":"ffffff00"}],"attachment":[{"name":null},{"time":0.2,"name":"fx7"},{"time":0.6667,"name":null}]},"fx21":{"color":[{"time":0.2,"color":"ffffff3f","curve":0.25,"c3":0.75},{"time":0.3333,"color":"f5e9e9e3","curve":0.272,"c3":0.619,"c4":0.41},{"time":0.6667,"color":"f7edede9"}],"attachment":[{"time":0.2,"name":"fx21"}]},"fx22":{"color":[{"time":0.2,"color":"ffffff3f","curve":0.25,"c3":0.75},{"time":0.3333,"color":"f5e9e9e3","curve":0.272,"c3":0.619,"c4":0.41},{"time":0.6667,"color":"f7edede9"}],"attachment":[{"time":0.2,"name":"fx22"}]},"fx23":{"color":[{"time":0.2,"color":"ffffff3f","curve":0.25,"c3":0.75},{"time":0.3333,"color":"f5e9e9e3","curve":0.272,"c3":0.619,"c4":0.41},{"time":0.6667,"color":"f7edede9"}],"attachment":[{"time":0.2,"name":"fx23"}]},"fx24":{"color":[{"time":0.2,"color":"ffffff3f","curve":0.25,"c3":0.75},{"time":0.3333,"color":"f5e9e9e3","curve":0.272,"c3":0.619,"c4":0.41},{"time":0.6667,"color":"f7edede9"}],"attachment":[{"time":0.2,"name":"fx24"}]},"liang":{"attachment":[{"name":null},{"time":0.1667,"name":null}]}},"bones":{"bone9":{"scale":[{"time":0.1,"y":0.436,"curve":0.366,"c4":0.78},{"time":0.2333,"x":1.101,"y":1.278,"curve":0.25,"c3":0.625,"c4":0.5},{"time":0.3333,"x":1.051,"y":1.139,"curve":0.375,"c2":0.5,"c3":0.75},{"time":0.4333,"y":0.429}]},"bone6":{"translate":[{"time":0.1,"curve":0,"c2":0.19,"c3":0.662,"c4":0.85},{"time":0.2333,"x":2.29,"y":18.52,"curve":0.227,"c2":0.35,"c3":0.716,"c4":0.86},{"time":0.3667,"x":1.16,"y":-6.12,"curve":0,"c2":0.19,"c3":0.662,"c4":0.85},{"time":0.5667,"x":0.92,"y":-1.51}]},"bone6b":{"translate":[{"time":0.1,"curve":0,"c2":0.19,"c3":0.662,"c4":0.85},{"time":0.2333,"x":-13.18,"curve":0,"c2":0.19,"c3":0.662,"c4":0.85},{"time":0.3667,"x":-5,"y":-0.61,"curve":0,"c2":0.19,"c3":0.662,"c4":0.85},{"time":0.5667,"x":12.25,"y":-2.12}]},"bone8b":{"translate":[{"time":0.1,"curve":0,"c2":0.19,"c3":0.662,"c4":0.85},{"time":0.2333,"x":5.89,"y":-2.85,"curve":0.227,"c2":0.35,"c3":0.716,"c4":0.86},{"time":0.3667,"x":-10.06,"y":2.11,"curve":0,"c2":0.19,"c3":0.662,"c4":0.85},{"time":0.5667,"x":12.06,"y":-0.63}],"scale":[{"time":0.3667,"curve":0,"c2":0.19,"c3":0.662,"c4":0.85},{"time":0.5667,"x":1.083,"y":1.083}]},"bone8c":{"translate":[{"time":0.1,"curve":0,"c2":0.19,"c3":0.662,"c4":0.85},{"time":0.2333,"x":-0.74,"y":-1.82,"curve":0,"c2":0.19,"c3":0.662,"c4":0.85},{"time":0.3667,"x":-6.71,"y":1.6,"curve":0,"c2":0.19,"c3":0.662,"c4":0.85},{"time":0.5667,"x":7.3,"y":-1.46}]},"bone7":{"translate":[{"time":0.1,"curve":0,"c2":0.19,"c3":0.662,"c4":0.85},{"time":0.2333,"x":-4.07,"y":-7.23,"curve":0,"c2":0.19,"c3":0.662,"c4":0.85},{"time":0.3667}]},"bone7b":{"translate":[{"time":0.1,"curve":0,"c2":0.19,"c3":0.662,"c4":0.85},{"time":0.2333,"x":24.41,"y":-1.64,"curve":0,"c2":0.19,"c3":0.662,"c4":0.85},{"time":0.3667,"curve":0,"c2":0.19,"c3":0.662,"c4":0.85},{"time":0.5667,"x":-17.57,"y":-1.03}],"scale":[{"time":0.3667,"curve":0,"c2":0.19,"c3":0.662,"c4":0.85},{"time":0.5667,"x":1.071,"y":1.071}]},"bone7c":{"translate":[{"time":0.1,"curve":0,"c2":0.19,"c3":0.662,"c4":0.85},{"time":0.2333,"x":0.45,"y":-0.45,"curve":0,"c2":0.19,"c3":0.662,"c4":0.85},{"time":0.3667,"curve":0,"c2":0.19,"c3":0.662,"c4":0.85},{"time":0.5667,"x":-2.45,"y":-0.01}]},"bone2":{"rotate":[{"angle":1.2,"curve":0,"c2":0.18,"c3":0.553,"c4":0.71},{"time":0.4333}],"translate":[{"y":-210.35,"curve":0,"c2":0.18,"c3":0.553,"c4":0.71},{"time":0.4333,"x":25.13,"y":-65.18,"curve":0,"c2":0.19,"c3":0.662,"c4":0.85},{"time":0.6667,"x":4.78,"y":-77.28}],"scale":[{"curve":0,"c2":0.18,"c3":0.553,"c4":0.71},{"time":0.4333,"x":1.751,"y":1.751}]},"bone10":{"rotate":[{"angle":1.2,"curve":0,"c2":0.18,"c3":0.507,"c4":0.66},{"time":0.6667}],"translate":[{"y":-210.35,"curve":0,"c2":0.18,"c3":0.507,"c4":0.66},{"time":0.6667,"x":-159.53,"y":-57.09}],"scale":[{"curve":0,"c2":0.18,"c3":0.507,"c4":0.66},{"time":0.6667,"x":1.853,"y":1.853}]},"bone11":{"rotate":[{"angle":1.2,"curve":0,"c2":0.18,"c3":0.553,"c4":0.71},{"time":0.6667,"angle":0.14}],"translate":[{"y":-210.35,"curve":0,"c2":0.18,"c3":0.553,"c4":0.71},{"time":0.6667,"x":-67.23,"y":-35.77}],"scale":[{"curve":0,"c2":0.18,"c3":0.553,"c4":0.71},{"time":0.6667,"x":1.776,"y":1.776}]},"bone12":{"rotate":[{"angle":1.2,"curve":0,"c2":0.18,"c3":0.498,"c4":0.65},{"time":0.6667,"angle":0.26}],"translate":[{"y":-210.35,"curve":0,"c2":0.18,"c3":0.498,"c4":0.65},{"time":0.6667,"x":-11.92,"y":-56.29}],"scale":[{"curve":0,"c2":0.18,"c3":0.498,"c4":0.65},{"time":0.6667,"x":1.688,"y":1.688}]},"bone13":{"rotate":[{"angle":1.2,"curve":0,"c2":0.18,"c3":0.498,"c4":0.65},{"time":0.6667,"angle":0.26}],"translate":[{"y":-210.35,"curve":0,"c2":0.18,"c3":0.498,"c4":0.65},{"time":0.6667,"x":-93.74,"y":-66.18}],"scale":[{"curve":0,"c2":0.18,"c3":0.498,"c4":0.65},{"time":0.6667,"x":1.688,"y":1.688}]},"bone14":{"rotate":[{"angle":1.2,"curve":0,"c2":0.19,"c3":0.662,"c4":0.85},{"time":0.5}],"translate":[{"y":-210.35,"curve":0,"c2":0.19,"c3":0.662,"c4":0.85},{"time":0.5,"x":-223.37,"y":-159.67},{"time":0.6667,"x":-204.37,"y":-164.73}],"scale":[{"curve":0,"c2":0.19,"c3":0.662,"c4":0.85},{"time":0.5,"x":1.881,"y":1.881},{"time":0.6667,"x":1.751,"y":1.751}]},"bone15":{"rotate":[{"angle":1.2,"curve":0,"c2":0.19,"c3":0.443,"c4":0.6},{"time":0.6667,"angle":0.43}],"translate":[{"y":-210.35,"curve":0,"c2":0.19,"c3":0.443,"c4":0.6},{"time":0.6667,"x":-139.88,"y":-134.53}],"scale":[{"curve":0,"c2":0.19,"c3":0.443,"c4":0.6},{"time":0.6667,"x":1.563,"y":1.563}]},"bone16":{"rotate":[{"angle":1.2,"curve":0,"c2":0.19,"c3":0.44,"c4":0.6},{"time":0.6667,"angle":0.45}],"translate":[{"y":-210.35,"curve":0,"c2":0.19,"c3":0.44,"c4":0.6},{"time":0.6667,"x":48.76,"y":-138.68}],"scale":[{"curve":0,"c2":0.19,"c3":0.44,"c4":0.6},{"time":0.6667,"x":1.552,"y":1.552}]},"bone17":{"rotate":[{"angle":1.2,"curve":0,"c2":0.18,"c3":0.553,"c4":0.71},{"time":0.6667,"angle":0.14}],"translate":[{"y":-210.35,"curve":0,"c2":0.18,"c3":0.553,"c4":0.71},{"time":0.6667,"x":64.62,"y":-169.57}],"scale":[{"curve":0,"c2":0.18,"c3":0.553,"c4":0.71},{"time":0.6667,"x":1.776,"y":1.776}]},"bone3":{"rotate":[{"angle":1.2,"curve":0,"c2":0.19,"c3":0.662,"c4":0.85},{"time":0.2333}],"translate":[{"x":17.14,"y":-263.47,"curve":0,"c2":0.19,"c3":0.662,"c4":0.85},{"time":0.2333,"x":18.4,"y":-255.26}],"scale":[{"x":0.857,"y":0.857,"curve":0,"c2":0.19,"c3":0.662,"c4":0.85},{"time":0.2333,"x":1.856,"y":1.856}]},"bone18":{"rotate":[{"angle":1.2,"curve":0,"c2":0.18,"c3":0.491,"c4":0.64},{"time":0.6667,"angle":0.28}],"translate":[{"y":-210.35,"curve":0,"c2":0.18,"c3":0.491,"c4":0.64},{"time":0.6667,"x":-123.4,"y":-89.94}],"scale":[{"curve":0,"c2":0.18,"c3":0.491,"c4":0.64},{"time":0.6667,"x":1.673,"y":1.673}]},"bone19":{"rotate":[{"angle":1.2,"curve":0,"c2":0.18,"c3":0.456,"c4":0.61},{"time":0.6667,"angle":0.39}],"translate":[{"y":-210.35,"curve":0,"c2":0.18,"c3":0.456,"c4":0.61},{"time":0.6667,"x":-51.43,"y":-76.8}],"scale":[{"curve":0,"c2":0.18,"c3":0.456,"c4":0.61},{"time":0.6667,"x":1.594,"y":1.594}]},"bone20":{"rotate":[{"angle":1.2,"curve":0,"c2":0.19,"c3":0.437,"c4":0.59},{"time":0.6667,"angle":0.46}],"translate":[{"y":-210.35,"curve":0,"c2":0.19,"c3":0.437,"c4":0.59},{"time":0.6667,"x":-9.41,"y":-88.83}],"scale":[{"curve":0,"c2":0.19,"c3":0.437,"c4":0.59},{"time":0.6667,"x":1.543,"y":1.543}]},"bone21":{"rotate":[{"angle":1.2,"curve":0,"c2":0.19,"c3":0.437,"c4":0.59},{"time":0.6667,"angle":0.46}],"translate":[{"y":-210.35,"curve":0,"c2":0.19,"c3":0.437,"c4":0.59},{"time":0.6667,"x":-73.94,"y":-96.62}],"scale":[{"curve":0,"c2":0.19,"c3":0.437,"c4":0.59},{"time":0.6667,"x":1.543,"y":1.543}]},"bone22":{"rotate":[{"angle":1.2,"curve":0,"c2":0.18,"c3":0.527,"c4":0.68},{"time":0.6667,"angle":0.19}],"translate":[{"y":-210.35,"curve":0,"c2":0.18,"c3":0.527,"c4":0.68},{"time":0.6667,"x":-187.37,"y":-167.83}],"scale":[{"curve":0,"c2":0.18,"c3":0.527,"c4":0.68},{"time":0.6667,"x":1.739,"y":1.739}]},"bone23":{"rotate":[{"angle":1.2,"curve":0,"c2":0.19,"c3":0.423,"c4":0.59},{"time":0.6667,"angle":0.52}],"translate":[{"y":-210.35,"curve":0,"c2":0.19,"c3":0.423,"c4":0.59},{"time":0.6667,"x":-124.32,"y":-142.97}],"scale":[{"curve":0,"c2":0.19,"c3":0.423,"c4":0.59},{"time":0.6667,"x":1.5,"y":1.5}]},"bone24":{"rotate":[{"angle":1.2,"curve":0,"c2":0.18,"c3":0.498,"c4":0.65},{"time":0.6667,"angle":0.26}],"translate":[{"y":-210.35,"curve":0,"c2":0.18,"c3":0.498,"c4":0.65},{"time":0.6667,"x":60.72,"y":-121.1}],"scale":[{"curve":0,"c2":0.18,"c3":0.498,"c4":0.65},{"time":0.6667,"x":1.688,"y":1.688}]},"bone25":{"rotate":[{"angle":1.2,"curve":0,"c2":0.18,"c3":0.456,"c4":0.61},{"time":0.6667,"angle":0.39}],"translate":[{"y":-210.35,"curve":0,"c2":0.18,"c3":0.456,"c4":0.61},{"time":0.6667,"x":49.44,"y":-179.15}],"scale":[{"curve":0,"c2":0.18,"c3":0.456,"c4":0.61},{"time":0.6667,"x":1.594,"y":1.594}]},"bone26":{"rotate":[{"angle":1.2,"curve":0,"c2":0.19,"c3":0.662,"c4":0.85},{"time":0.3333}],"translate":[{"y":-210.35,"curve":0,"c2":0.19,"c3":0.662,"c4":0.85},{"time":0.3333,"x":-2.5,"y":-179.38,"curve":0,"c2":0.18,"c3":0.498,"c4":0.65},{"time":0.6667,"x":-49.26,"y":-188.81}],"scale":[{"curve":0,"c2":0.19,"c3":0.662,"c4":0.85},{"time":0.3333,"x":1.388,"y":1.388,"curve":0,"c2":0.18,"c3":0.498,"c4":0.65},{"time":0.6667,"x":1.085,"y":1.085}]},"bone27":{"rotate":[{"angle":1.2,"curve":0,"c2":0.19,"c3":0.662,"c4":0.85},{"time":0.3333}],"translate":[{"y":-210.35,"curve":0,"c2":0.19,"c3":0.662,"c4":0.85},{"time":0.3333,"x":50.71,"y":-115.72,"curve":0,"c2":0.2,"c3":0.408,"c4":0.58},{"time":0.6667,"x":-2.96,"y":-154.71}],"scale":[{"curve":0,"c2":0.19,"c3":0.662,"c4":0.85},{"time":0.3333,"x":1.699,"y":1.699,"curve":0,"c2":0.2,"c3":0.408,"c4":0.58},{"time":0.6667,"x":1.339,"y":1.339}]},"bone28":{"rotate":[{"angle":1.2,"curve":0,"c2":0.19,"c3":0.662,"c4":0.85},{"time":0.3333}],"translate":[{"y":-210.35,"curve":0,"c2":0.19,"c3":0.662,"c4":0.85},{"time":0.3333,"x":-203.23,"y":-103.73,"curve":0,"c2":0.21,"c3":0.399,"c4":0.58},{"time":0.6667,"x":-147.11,"y":-146.75}],"scale":[{"curve":0,"c2":0.19,"c3":0.662,"c4":0.85},{"time":0.3333,"x":1.777,"y":1.777,"curve":0,"c2":0.21,"c3":0.399,"c4":0.58},{"time":0.6667,"x":1.407,"y":1.407}]},"bone29":{"rotate":[{"angle":1.2,"curve":0,"c2":0.19,"c3":0.662,"c4":0.85},{"time":0.3333}],"translate":[{"y":-210.35,"curve":0,"c2":0.19,"c3":0.662,"c4":0.85},{"time":0.3333,"x":-113.15,"y":-189.04,"curve":0,"c2":0.19,"c3":0.662,"c4":0.85},{"time":0.5,"x":-94.15,"y":-194.11}],"scale":[{"curve":0,"c2":0.19,"c3":0.662,"c4":0.85},{"time":0.3333,"x":1.129,"y":1.129,"curve":0,"c2":0.19,"c3":0.662,"c4":0.85},{"time":0.5}]},"bone30":{"rotate":[{"angle":1.2,"curve":0,"c2":0.19,"c3":0.662,"c4":0.85},{"time":0.3333}],"translate":[{"y":-210.35,"curve":0,"c2":0.19,"c3":0.662,"c4":0.85},{"time":0.3333,"x":-105.82,"y":-95.41,"curve":0,"c2":0.19,"c3":0.443,"c4":0.6},{"time":0.6667,"x":-92.86,"y":-158.96}],"scale":[{"curve":0,"c2":0.19,"c3":0.662,"c4":0.85},{"time":0.3333,"x":1.518,"y":1.518,"curve":0,"c2":0.19,"c3":0.443,"c4":0.6},{"time":0.6667,"x":1.187,"y":1.187}]},"bone31":{"rotate":[{"angle":1.2,"curve":0,"c2":0.19,"c3":0.662,"c4":0.85},{"time":0.3333}],"translate":[{"y":-210.35,"curve":0,"c2":0.19,"c3":0.662,"c4":0.85},{"time":0.3333,"x":-36.68,"y":-84.78,"curve":0,"c2":0.19,"c3":0.443,"c4":0.6},{"time":0.6667,"x":-56.22,"y":-150.19}],"scale":[{"curve":0,"c2":0.19,"c3":0.662,"c4":0.85},{"time":0.3333,"x":1.518,"y":1.518,"curve":0,"c2":0.19,"c3":0.443,"c4":0.6},{"time":0.6667,"x":1.187,"y":1.187}]},"bone32":{"rotate":[{"angle":1.2,"curve":0,"c2":0.19,"c3":0.662,"c4":0.85},{"time":0.3333}],"translate":[{"y":-210.35,"curve":0,"c2":0.19,"c3":0.662,"c4":0.85},{"time":0.3333,"x":-75.13,"y":-107.84,"curve":0,"c2":0.18,"c3":0.498,"c4":0.65},{"time":0.6667,"x":-74.43,"y":-166.77}],"scale":[{"curve":0,"c2":0.19,"c3":0.662,"c4":0.85},{"time":0.3333,"x":1.388,"y":1.388,"curve":0,"c2":0.18,"c3":0.498,"c4":0.65},{"time":0.6667,"x":1.085,"y":1.085}]},"bone33":{"rotate":[{"angle":1.2,"curve":0,"c2":0.19,"c3":0.662,"c4":0.85},{"time":0.3333}],"translate":[{"y":-210.35,"curve":0,"c2":0.19,"c3":0.662,"c4":0.85},{"time":0.3333,"x":-113.34,"y":-159.91,"curve":0,"c2":0.19,"c3":0.662,"c4":0.85},{"time":0.5667,"x":-99.87,"y":-189.9,"curve":"stepped"},{"time":0.6,"x":-165.12,"y":-44},{"time":0.6667,"x":-161.45,"y":-52.81}],"scale":[{"curve":0,"c2":0.19,"c3":0.662,"c4":0.85},{"time":0.3333,"x":1.193,"y":1.193,"curve":0,"c2":0.19,"c3":0.662,"c4":0.85},{"time":0.5667,"curve":"stepped"},{"time":0.6,"x":1.881,"y":1.881}]}},"deform":{"default":{"dian23":{"dian":[{"time":0.3333,"vertices":[1.98232,-2.18059,-1.98232,-2.18059,-1.98232,2.18056,1.98232,2.18056]}]},"fx3":{"fx3":[{"time":0.2333,"curve":0,"c2":0.19,"c3":0.662,"c4":0.85},{"time":0.5,"curve":0,"c2":0.19,"c3":0.662,"c4":0.85,"vertices":[-2.45998,109.46997,-2.45998,109.46997,-2.45998,109.46997,-2.45998,109.46997]},{"time":0.6667}]},"fx4":{"fx4":[{"time":0.2667,"curve":0,"c2":0.19,"c3":0.662,"c4":0.85,"vertices":[-25.21497,6.76498,-25.21497,6.76498,-25.21497,6.76498,-25.21497,6.76498]},{"time":0.4,"curve":0,"c2":0.19,"c3":0.662,"c4":0.85,"vertices":[-25.215,204.17995,-25.215,204.17995,-25.215,204.17995,-25.215,204.17995]},{"time":0.6667}]},"fx5":{"fx5":[{"time":0.2,"curve":0,"c2":0.19,"c3":0.662,"c4":0.85},{"time":0.4333,"curve":0,"c2":0.19,"c3":0.662,"c4":0.85,"vertices":[2.95137,180.81483,2.95137,180.81483,2.95137,180.81483,2.95137,180.81483]},{"time":0.6667}]},"fx6":{"fx6":[{"time":0.2333,"curve":0,"c2":0.19,"c3":0.662,"c4":0.85},{"time":0.3667,"offset":1,"curve":0,"c2":0.19,"c3":0.662,"c4":0.85,"vertices":[186.48001,0.00002,186.48001,0.00002,186.48001,0.00002,186.48001]},{"time":0.6667}]},"fx7":{"fx7":[{"time":0.2333,"curve":0.25,"c3":0.75},{"time":0.5,"offset":1,"curve":0,"c2":0.19,"c3":0.662,"c4":0.85,"vertices":[197.80203,0.00005,197.80203,0.00005,197.80203,0.00005,197.80203]},{"time":0.6667}]},"fx21":{"fx21":[{"time":0.2,"curve":0.305,"c3":0.64,"c4":0.36,"vertices":[8.21704,-12.67905,8.21704,-12.67905,-29.87302,-15.44389,-29.87302,-15.44389]},{"time":0.4,"curve":0.298,"c2":0.19,"c3":0.639,"c4":0.55,"vertices":[7.86738,-12.13951,7.86738,-12.13951,-28.60182,57.33865,-28.60182,57.33865]},{"time":0.6667,"vertices":[6.14985,-9.48933,6.14985,-9.48933,-22.35773,44.821,-22.35773,44.821]}]},"fx22":{"fx22":[{"time":0.2,"curve":0.305,"c3":0.64,"c4":0.36,"vertices":[-6.06998,-10.95605,-6.06998,-10.95605,26.64804,-23.18402,26.64804,-23.18402]},{"time":0.4,"curve":0.298,"c2":0.19,"c3":0.639,"c4":0.55,"vertices":[-5.81168,-10.48984,-5.81168,-10.48984,25.51409,49.92789,25.51409,49.92789]},{"time":0.6667,"vertices":[-4.54293,-8.19979,-4.54293,-8.19979,19.94408,39.02809,19.94408,39.02809]}]},"fx23":{"fx23":[{"time":0.2,"offset":4,"curve":0.305,"c3":0.64,"c4":0.36,"vertices":[-18.84604,-96.96896,6.98003,-101.85498]},{"time":0.4,"offset":4,"curve":0.298,"c2":0.19,"c3":0.639,"c4":0.55,"vertices":[-18.04407,-20.71726,6.68301,-25.39536]},{"time":0.6667,"offset":4,"vertices":[-14.10485,-16.19446,5.22404,-19.85128]}]},"fx24":{"fx24":[{"time":0.2,"curve":0.305,"c3":0.64,"c4":0.36,"vertices":[-2.09399,-4.88597,-0.698,-5.58401,-33.50401,-44.82294,23.80296,-46.86395]},{"time":0.4,"curve":0.298,"c2":0.19,"c3":0.639,"c4":0.55,"vertices":[-2.00489,-4.67806,-0.6683,-5.3464,-32.0783,29.20978,22.79008,27.25562]},{"time":0.6667,"vertices":[-1.5672,-3.65679,-0.5224,-4.17922,-25.07526,22.83297,17.81476,21.30542]}]}}}},"FX1":{"slots":{"dian":{"color":[{"color":"ffffff92","curve":0.263,"c2":0.38,"c3":0.651,"c4":0.82},{"time":0.6,"color":"ffffffff","curve":"stepped"},{"time":1.7,"color":"ffffffff","curve":0,"c2":0.19,"c3":0.662,"c4":0.85},{"time":2.4,"color":"ffffff00","curve":"stepped"},{"time":5.6,"color":"ffffff00","curve":0,"c2":0.16,"c3":0.397,"c4":0.56},{"time":6,"color":"ffffff92"}],"attachment":[{"name":"dian"}]},"dian2":{"color":[{"color":"ffffff30","curve":0.086,"c2":0.22,"c3":0.58,"c4":0.82},{"time":0.8667,"color":"ffffffff","curve":"stepped"},{"time":1.9,"color":"ffffffff","curve":0,"c2":0.19,"c3":0.662,"c4":0.85},{"time":2.6,"color":"ffffff00","curve":"stepped"},{"time":5.9,"color":"ffffff00","curve":0,"c2":0.26,"c3":0.345,"c4":0.6},{"time":6,"color":"ffffff30"}],"attachment":[{"name":"dian"}]},"dian3":{"color":[{"color":"ffffffff","curve":0,"c2":0.19,"c3":0.662,"c4":0.85},{"time":0.4,"color":"ffffff00","curve":0,"c2":0.15,"c3":0.544,"c4":0.81},{"time":1.4667,"color":"ffffffff","curve":"stepped"},{"time":2.5,"color":"ffffffff","curve":0,"c2":0.19,"c3":0.662,"c4":0.85},{"time":3.2667,"color":"ffffff00","curve":"stepped"},{"time":6,"color":"ffffffff"}],"attachment":[{"time":0.4,"name":"dian"},{"time":6,"name":null}]},"dian4":{"color":[{"color":"52ff3eff","curve":0,"c2":0.19,"c3":0.662,"c4":0.85},{"time":0.8667,"color":"ffffff00","curve":0,"c2":0.15,"c3":0.544,"c4":0.81},{"time":1.8333,"color":"ffffffff","curve":"stepped"},{"time":2.9667,"color":"ffffffff","curve":0,"c2":0.19,"c3":0.662,"c4":0.85},{"time":3.6333,"color":"ffffff00","curve":"stepped"},{"time":3.7,"color":"ffffff00","curve":"stepped"},{"time":6,"color":"52ff3eff"}],"attachment":[{"time":0.8667,"name":"dian"},{"time":6,"name":null}]},"dian5":{"color":[{"color":"52ff3eff","curve":0,"c2":0.19,"c3":0.662,"c4":0.85},{"time":0.8667,"color":"ffffff00","curve":0,"c2":0.15,"c3":0.544,"c4":0.81},{"time":1.8333,"color":"ffffffff","curve":"stepped"},{"time":2.9667,"color":"ffffffff","curve":0,"c2":0.19,"c3":0.662,"c4":0.85},{"time":3.6333,"color":"ffffff00","curve":"stepped"},{"time":3.7,"color":"ffffff00","curve":"stepped"},{"time":6,"color":"52ff3eff"}],"attachment":[{"time":0.8667,"name":"dian"},{"time":6,"name":null}]},"dian6":{"color":[{"color":"ffffff92","curve":0.263,"c2":0.38,"c3":0.651,"c4":0.82},{"time":0.6,"color":"ffffffff","curve":"stepped"},{"time":1.7,"color":"ffffffff","curve":0,"c2":0.19,"c3":0.662,"c4":0.85},{"time":2.4,"color":"ffffff00","curve":"stepped"},{"time":5.6,"color":"ffffff00","curve":0,"c2":0.16,"c3":0.397,"c4":0.56},{"time":6,"color":"ffffff92"}],"attachment":[{"name":"dian"}]},"dian7":{"color":[{"color":"52ff3eff","curve":0,"c2":0.19,"c3":0.662,"c4":0.85},{"time":1.7,"color":"ffffff00","curve":0,"c2":0.15,"c3":0.544,"c4":0.81},{"time":2.6667,"color":"ffffffff","curve":"stepped"},{"time":3.7,"color":"ffffffff","curve":0,"c2":0.19,"c3":0.662,"c4":0.85},{"time":4.5,"color":"ffffff00","curve":"stepped"},{"time":4.5333,"color":"ffffff00","curve":"stepped"},{"time":6,"color":"52ff3eff"}],"attachment":[{"time":1.7,"name":"dian"},{"time":6,"name":null}]},"dian8":{"color":[{"color":"52ff3eff","curve":0,"c2":0.19,"c3":0.662,"c4":0.85},{"time":1.7667,"color":"ffffff00","curve":0,"c2":0.15,"c3":0.544,"c4":0.81},{"time":2.7333,"color":"ffffffff","curve":"stepped"},{"time":3.8667,"color":"ffffffff","curve":0,"c2":0.19,"c3":0.662,"c4":0.85},{"time":4.5333,"color":"ffffff00","curve":"stepped"},{"time":6,"color":"52ff3eff"}],"attachment":[{"time":1.7667,"name":"dian"},{"time":6,"name":null}]},"dian9":{"color":[{"color":"52ff3eff","curve":0,"c2":0.19,"c3":0.662,"c4":0.85},{"time":0.4,"color":"ffffff00","curve":0,"c2":0.15,"c3":0.544,"c4":0.81},{"time":1.4667,"color":"ffffffff","curve":"stepped"},{"time":2.5,"color":"ffffffff","curve":0,"c2":0.19,"c3":0.662,"c4":0.85},{"time":3.2667,"color":"ffffff00","curve":"stepped"},{"time":3.3,"color":"ffffff00","curve":"stepped"},{"time":6,"color":"52ff3eff"}],"attachment":[{"time":0.4,"name":"dian"},{"time":6,"name":null}]},"dian10":{"color":[{"color":"52ff3eff","curve":0,"c2":0.19,"c3":0.662,"c4":0.85},{"time":0.9,"color":"ffffff00","curve":0,"c2":0.15,"c3":0.544,"c4":0.81},{"time":1.8333,"color":"ffffffff","curve":"stepped"},{"time":2.9667,"color":"ffffffff","curve":0,"c2":0.19,"c3":0.662,"c4":0.85},{"time":3.6,"color":"ffffff00","curve":"stepped"},{"time":3.6333,"color":"ffffff00","curve":"stepped"},{"time":6,"color":"52ff3eff"}],"attachment":[{"time":0.9,"name":"dian"},{"time":6,"name":null}]},"dian11":{"color":[{"color":"52ff3eff","curve":0,"c2":0.19,"c3":0.662,"c4":0.85},{"time":1.4667,"color":"ffffff00","curve":0,"c2":0.15,"c3":0.544,"c4":0.81},{"time":2.4,"color":"ffffffff","curve":"stepped"},{"time":3.5,"color":"ffffffff","curve":0,"c2":0.19,"c3":0.662,"c4":0.85},{"time":4.2333,"color":"ffffff00","curve":"stepped"},{"time":6,"color":"52ff3eff"}],"attachment":[{"time":1.4667,"name":"dian"},{"time":6,"name":null}]},"dian12":{"color":[{"color":"52ff3eff","curve":0,"c2":0.19,"c3":0.662,"c4":0.85},{"time":1.8333,"color":"ffffff00","curve":0,"c2":0.15,"c3":0.544,"c4":0.81},{"time":2.8,"color":"ffffffff","curve":"stepped"},{"time":3.9,"color":"ffffffff","curve":0,"c2":0.19,"c3":0.662,"c4":0.85},{"time":4.7,"color":"ffffff00","curve":"stepped"},{"time":4.7667,"color":"ffffff00","curve":"stepped"},{"time":6,"color":"52ff3eff"}],"attachment":[{"time":1.8333,"name":"dian"},{"time":6,"name":null}]},"dian13":{"color":[{"color":"52ff3eff","curve":0,"c2":0.19,"c3":0.662,"c4":0.85},{"time":1.8333,"color":"ffffff00","curve":0,"c2":0.15,"c3":0.544,"c4":0.81},{"time":2.8,"color":"ffffffff","curve":"stepped"},{"time":3.9,"color":"ffffffff","curve":0,"c2":0.19,"c3":0.662,"c4":0.85},{"time":4.7,"color":"ffffff00","curve":"stepped"},{"time":4.7667,"color":"ffffff00","curve":"stepped"},{"time":6,"color":"52ff3eff"}],"attachment":[{"time":1.8333,"name":"dian"},{"time":6,"name":null}]},"dian14":{"color":[{"color":"52ff3eff","curve":0,"c2":0.19,"c3":0.662,"c4":0.85},{"time":0.6,"color":"ffffff00","curve":0,"c2":0.15,"c3":0.544,"c4":0.81},{"time":1.5333,"color":"ffffffff","curve":"stepped"},{"time":2.6667,"color":"ffffffff","curve":0,"c2":0.19,"c3":0.662,"c4":0.85},{"time":3.4,"color":"ffffff00","curve":"stepped"},{"time":3.5,"color":"ffffff00","curve":"stepped"},{"time":6,"color":"52ff3eff"}],"attachment":[{"time":0.6,"name":"dian"},{"time":6,"name":null}]},"dian15":{"color":[{"color":"52ff3eff","curve":0,"c2":0.19,"c3":0.662,"c4":0.85},{"time":2.2,"color":"ffffff00","curve":0,"c2":0.15,"c3":0.544,"c4":0.81},{"time":3.2667,"color":"ffffffff","curve":"stepped"},{"time":4.3667,"color":"ffffffff","curve":0,"c2":0.19,"c3":0.662,"c4":0.85},{"time":5.1,"color":"ffffff00","curve":"stepped"},{"time":5.1333,"color":"ffffff00","curve":"stepped"},{"time":6,"color":"52ff3eff"}],"attachment":[{"time":2.2,"name":"dian"},{"time":6,"name":null}]},"dian16":{"color":[{"color":"52ff3eff","curve":0,"c2":0.19,"c3":0.662,"c4":0.85},{"time":0.8667,"color":"ffffff00","curve":0,"c2":0.15,"c3":0.544,"c4":0.81},{"time":1.8333,"color":"ffffffff","curve":"stepped"},{"time":2.9667,"color":"ffffffff","curve":0,"c2":0.19,"c3":0.662,"c4":0.85},{"time":3.6333,"color":"ffffff00","curve":"stepped"},{"time":3.7,"color":"ffffff00","curve":"stepped"},{"time":6,"color":"52ff3eff"}],"attachment":[{"time":0.8667,"name":"dian"},{"time":6,"name":null}]},"dian17":{"color":[{"color":"52ff3eff","curve":0,"c2":0.19,"c3":0.662,"c4":0.85},{"time":1.4667,"color":"ffffff00","curve":0,"c2":0.15,"c3":0.544,"c4":0.81},{"time":2.4,"color":"ffffffff","curve":"stepped"},{"time":3.5,"color":"ffffffff","curve":0,"c2":0.19,"c3":0.662,"c4":0.85},{"time":4.2333,"color":"ffffff00","curve":"stepped"},{"time":4.3667,"color":"ffffff00","curve":"stepped"},{"time":6,"color":"52ff3eff"}],"attachment":[{"time":1.4667,"name":"dian"},{"time":6,"name":null}]},"dian18":{"color":[{"color":"ffffff69","curve":0.315,"c2":0.42,"c3":0.73,"c4":0.85},{"time":0.4,"color":"ffffff00","curve":"stepped"},{"time":3.6,"color":"ffffff00","curve":0,"c2":0.14,"c3":0.472,"c4":0.66},{"time":5.1333,"color":"ffffffdb","curve":0.331,"c2":0.42,"c3":0.673,"c4":0.78},{"time":5.6667,"color":"ffffffff","curve":0,"c2":0.19,"c3":0.428,"c4":0.59},{"time":6,"color":"ffffff69"}],"attachment":[{"name":"dian"}]},"dian19":{"color":[{"color":"ffffffff","curve":"stepped"},{"time":0.6333,"color":"ffffffff","curve":0,"c2":0.19,"c3":0.662,"c4":0.85},{"time":1.4667,"color":"ffffff00","curve":"stepped"},{"time":5.1333,"color":"ffffff00","curve":0,"c2":0.15,"c3":0.544,"c4":0.81},{"time":5.6,"color":"ffffffff"}],"attachment":[{"name":"dian"}]},"dian20":{"color":[{"color":"ffffffff","curve":"stepped"},{"time":0.9,"color":"ffffffff","curve":0,"c2":0.19,"c3":0.662,"c4":0.85},{"time":1.7,"color":"ffffff00","curve":"stepped"},{"time":5.1333,"color":"ffffff00","curve":0,"c2":0.15,"c3":0.544,"c4":0.81},{"time":5.8667,"color":"ffffffff"}],"attachment":[{"name":"dian"}]},"dian21":{"color":[{"color":"ffffff00","curve":"stepped"},{"time":2.7333,"color":"ffffff00","curve":0,"c2":0.15,"c3":0.544,"c4":0.81},{"time":3.7,"color":"ffffffff","curve":0,"c2":0.18,"c3":0.541,"c4":0.69},{"time":5.1333,"color":"ffffff92","curve":0.367,"c2":0.45,"c3":0.715,"c4":0.8},{"time":5.6,"color":"ffffff00"}],"attachment":[{"name":"dian"}]},"dian22":{"color":[{"color":"fffffffa","curve":0.335,"c2":0.36,"c3":0.669,"c4":0.7},{"time":0.0333,"color":"ffffffff","curve":0,"c2":0.19,"c3":0.662,"c4":0.85},{"time":0.8667,"color":"ffffff00","curve":"stepped"},{"time":4,"color":"ffffff00","curve":0,"c2":0.15,"c3":0.426,"c4":0.59},{"time":5.1333,"color":"ffffffb4","curve":0.302,"c2":0.4,"c3":0.66,"c4":0.78},{"time":6,"color":"fffffffa"}],"attachment":[{"name":"dian"}]},"dian23":{"color":[{"color":"fffffffa","curve":0.335,"c2":0.36,"c3":0.669,"c4":0.7},{"time":0.0333,"color":"ffffffff","curve":0,"c2":0.19,"c3":0.662,"c4":0.85},{"time":0.8667,"color":"ffffff00","curve":"stepped"},{"time":4,"color":"ffffff00","curve":0,"c2":0.15,"c3":0.426,"c4":0.59},{"time":5.1333,"color":"ffffffb4","curve":0.302,"c2":0.4,"c3":0.66,"c4":0.78},{"time":6,"color":"fffffffa"}],"attachment":[{"name":"dian"}]},"dian24":{"color":[{"color":"ffffff69","curve":0.315,"c2":0.42,"c3":0.73,"c4":0.85},{"time":0.4,"color":"ffffff00","curve":"stepped"},{"time":3.6,"color":"ffffff00","curve":0,"c2":0.14,"c3":0.472,"c4":0.66},{"time":5.1333,"color":"ffffffdb","curve":0.331,"c2":0.42,"c3":0.673,"c4":0.78},{"time":5.6667,"color":"ffffffff","curve":0,"c2":0.19,"c3":0.428,"c4":0.59},{"time":6,"color":"ffffff69"}],"attachment":[{"name":"dian"}]},"dian25":{"color":[{"color":"ffffff00","curve":"stepped"},{"time":3.0333,"color":"ffffff00","curve":0,"c2":0.15,"c3":0.544,"c4":0.81},{"time":4,"color":"ffffffff","curve":0,"c2":0.18,"c3":0.498,"c4":0.65},{"time":5.1333,"color":"ffffff38","curve":0.362,"c2":0.45,"c3":0.725,"c4":0.83},{"time":5.7333,"color":"ffffff00"}],"attachment":[{"name":"dian"}]},"fx1":{"attachment":[{"name":null}]},"fx2":{"attachment":[{"name":null}]},"fx3":{"attachment":[{"name":null}]},"fx4":{"attachment":[{"name":null}]},"fx5":{"attachment":[{"name":null}]},"fx6":{"attachment":[{"name":null}]},"fx7":{"attachment":[{"name":null}]},"fx21":{"color":[{"color":"f7edede9","curve":0.34,"c2":0.36,"c3":0.757},{"time":2.1333,"color":"ffffffff","curve":0.25,"c3":0.75},{"time":5.1333,"color":"f5e9e9e4","curve":0.272,"c3":0.619,"c4":0.41},{"time":6,"color":"f7edede9"}],"attachment":[{"name":"fx21"}]},"fx22":{"color":[{"color":"f7edede9","curve":0.34,"c2":0.36,"c3":0.757},{"time":2.1333,"color":"ffffffff","curve":0.25,"c3":0.75},{"time":5.1333,"color":"f5e9e9e4","curve":0.272,"c3":0.619,"c4":0.41},{"time":6,"color":"f7edede9"}],"attachment":[{"name":"fx22"}]},"fx23":{"color":[{"color":"f7edede9","curve":0.34,"c2":0.36,"c3":0.757},{"time":2.1333,"color":"ffffffff","curve":0.25,"c3":0.75},{"time":5.1333,"color":"f5e9e9e4","curve":0.272,"c3":0.619,"c4":0.41},{"time":6,"color":"f7edede9"}],"attachment":[{"name":"fx23"}]},"fx24":{"color":[{"color":"f7edede9","curve":0.34,"c2":0.36,"c3":0.757},{"time":2.1333,"color":"ffffffff","curve":0.25,"c3":0.75},{"time":5.1333,"color":"f5e9e9e4","curve":0.272,"c3":0.619,"c4":0.41},{"time":6,"color":"f7edede9"}],"attachment":[{"name":"fx24"}]}},"bones":{"bone2":{"translate":[{"x":4.78,"y":-77.28,"curve":0,"c2":0.19,"c3":0.662,"c4":0.85},{"time":2.4,"x":-52.73,"y":-180.8,"curve":"stepped"},{"time":2.5,"x":14.7,"y":-59.43,"curve":"stepped"},{"time":5.6,"x":14.7,"y":-59.43},{"time":6,"x":4.78,"y":-77.28}],"scale":[{"x":1.751,"y":1.751,"curve":0,"c2":0.19,"c3":0.662,"c4":0.85},{"time":2.4,"curve":"stepped"},{"time":2.5,"x":1.881,"y":1.881,"curve":"stepped"},{"time":5.6,"x":1.881,"y":1.881},{"time":6,"x":1.751,"y":1.751}]},"bone10":{"translate":[{"x":-159.53,"y":-57.09,"curve":0,"c2":0.19,"c3":0.662,"c4":0.85},{"time":2.6,"x":-99.87,"y":-189.9,"curve":"stepped"},{"time":2.6667,"x":-161.45,"y":-52.81,"curve":"stepped"},{"time":5.9,"x":-161.45,"y":-52.81},{"time":6,"x":-159.53,"y":-57.09}],"scale":[{"x":1.853,"y":1.853,"curve":0,"c2":0.19,"c3":0.662,"c4":0.85},{"time":2.6,"curve":"stepped"},{"time":2.6667,"x":1.881,"y":1.881,"curve":"stepped"},{"time":5.9,"x":1.881,"y":1.881},{"time":6,"x":1.853,"y":1.853}]},"bone11":{"translate":[{"curve":0,"c2":0.19,"c3":0.662,"c4":0.85},{"time":0.4,"x":-76.27,"y":-12.29},{"time":3.2667,"x":-74.24,"y":-183.28,"curve":"stepped"},{"time":6}],"scale":[{"curve":0,"c2":0.19,"c3":0.662,"c4":0.85},{"time":0.4,"x":1.881,"y":1.881},{"time":3.2667}]},"bone12":{"translate":[{"curve":0,"c2":0.19,"c3":0.662,"c4":0.85},{"time":0.8667,"x":-15.27,"y":-13.12},{"time":3.6333,"x":-67.26,"y":-187.16,"curve":"stepped"},{"time":3.7,"x":-15.27,"y":-13.12,"curve":"stepped"},{"time":6}],"scale":[{"curve":0,"c2":0.19,"c3":0.662,"c4":0.85},{"time":0.8667,"x":1.881,"y":1.881},{"time":3.6333,"curve":"stepped"},{"time":3.7,"x":1.881,"y":1.881,"curve":"stepped"},{"time":6}]},"bone13":{"translate":[{"curve":0,"c2":0.19,"c3":0.662,"c4":0.85},{"time":0.8667,"x":-120.01,"y":-25.77},{"time":3.6333,"x":-85.54,"y":-194.89,"curve":"stepped"},{"time":3.7,"x":-120.01,"y":-25.77,"curve":"stepped"},{"time":6}],"scale":[{"curve":0,"c2":0.19,"c3":0.662,"c4":0.85},{"time":0.8667,"x":1.881,"y":1.881},{"time":3.6333,"curve":"stepped"},{"time":3.7,"x":1.881,"y":1.881,"curve":"stepped"},{"time":6}]},"bone14":{"translate":[{"x":-204.37,"y":-164.73,"curve":0,"c2":0.19,"c3":0.662,"c4":0.85},{"time":2.4,"x":-94.15,"y":-194.11,"curve":"stepped"},{"time":2.5,"x":-223.37,"y":-159.67,"curve":"stepped"},{"time":5.6,"x":-223.37,"y":-159.67},{"time":6,"x":-204.37,"y":-164.73}],"scale":[{"x":1.751,"y":1.751,"curve":0,"c2":0.19,"c3":0.662,"c4":0.85},{"time":2.4,"curve":"stepped"},{"time":2.5,"x":1.881,"y":1.881,"curve":"stepped"},{"time":5.6,"x":1.881,"y":1.881},{"time":6,"x":1.751,"y":1.751}]},"bone15":{"translate":[{"curve":0,"c2":0.19,"c3":0.662,"c4":0.85},{"time":1.7,"x":-218.95,"y":-91.67},{"time":4.5,"x":-85.32,"y":-194.11,"curve":"stepped"},{"time":4.5333,"x":-218.95,"y":-91.67,"curve":"stepped"},{"time":6}],"scale":[{"curve":0,"c2":0.19,"c3":0.662,"c4":0.85},{"time":1.7,"x":1.881,"y":1.881},{"time":4.5,"curve":"stepped"},{"time":4.5333,"x":1.881,"y":1.881,"curve":"stepped"},{"time":6}]},"bone16":{"translate":[{"curve":0,"c2":0.19,"c3":0.662,"c4":0.85},{"time":1.7667,"x":77.73,"y":-96.09},{"time":4.5333,"x":-53.53,"y":-191.46,"curve":"stepped"},{"time":6}],"scale":[{"curve":0,"c2":0.19,"c3":0.662,"c4":0.85},{"time":1.7667,"x":1.881,"y":1.881},{"time":4.5333}]},"bone17":{"translate":[{"curve":0,"c2":0.19,"c3":0.662,"c4":0.85},{"time":0.4,"x":73.32,"y":-164.08},{"time":3.2667,"x":-62.36,"y":-191.46,"curve":"stepped"},{"time":3.3,"x":73.32,"y":-164.08,"curve":"stepped"},{"time":6}],"scale":[{"curve":0,"c2":0.19,"c3":0.662,"c4":0.85},{"time":0.4,"x":1.881,"y":1.881},{"time":3.2667,"curve":"stepped"},{"time":3.3,"x":1.881,"y":1.881,"curve":"stepped"},{"time":6}]},"bone18":{"translate":[{"curve":0,"c2":0.19,"c3":0.662,"c4":0.85},{"time":0.9,"x":-161.45,"y":-52.81},{"time":3.6,"x":-99.87,"y":-189.9,"curve":"stepped"},{"time":3.6333,"x":-161.45,"y":-52.81,"curve":"stepped"},{"time":6}],"scale":[{"curve":0,"c2":0.19,"c3":0.662,"c4":0.85},{"time":0.9,"x":1.881,"y":1.881},{"time":3.6,"curve":"stepped"},{"time":3.6333,"x":1.881,"y":1.881,"curve":"stepped"},{"time":6}]},"bone19":{"translate":[{"curve":0,"c2":0.19,"c3":0.662,"c4":0.85},{"time":1.4667,"x":-76.27,"y":-12.29},{"time":4.2333,"x":-74.24,"y":-183.28,"curve":"stepped"},{"time":6}],"scale":[{"curve":0,"c2":0.19,"c3":0.662,"c4":0.85},{"time":1.4667,"x":1.881,"y":1.881},{"time":4.2333}]},"bone20":{"translate":[{"curve":0,"c2":0.19,"c3":0.662,"c4":0.85},{"time":1.8333,"x":-15.27,"y":-13.12},{"time":4.7,"x":-67.26,"y":-187.16,"curve":"stepped"},{"time":4.7667,"x":-15.27,"y":-13.12,"curve":"stepped"},{"time":6}],"scale":[{"curve":0,"c2":0.19,"c3":0.662,"c4":0.85},{"time":1.8333,"x":1.881,"y":1.881},{"time":4.7,"curve":"stepped"},{"time":4.7667,"x":1.881,"y":1.881,"curve":"stepped"},{"time":6}]},"bone21":{"translate":[{"curve":0,"c2":0.19,"c3":0.662,"c4":0.85},{"time":1.8333,"x":-120.01,"y":-25.77},{"time":4.7,"x":-85.54,"y":-194.89,"curve":"stepped"},{"time":4.7667,"x":-120.01,"y":-25.77,"curve":"stepped"},{"time":6}],"scale":[{"curve":0,"c2":0.19,"c3":0.662,"c4":0.85},{"time":1.8333,"x":1.881,"y":1.881},{"time":4.7,"curve":"stepped"},{"time":4.7667,"x":1.881,"y":1.881,"curve":"stepped"},{"time":6}]},"bone22":{"translate":[{"curve":0,"c2":0.19,"c3":0.662,"c4":0.85},{"time":0.6,"x":-223.37,"y":-159.67},{"time":3.4,"x":-94.15,"y":-194.11,"curve":"stepped"},{"time":3.5,"x":-223.37,"y":-159.67,"curve":"stepped"},{"time":6}],"scale":[{"curve":0,"c2":0.19,"c3":0.662,"c4":0.85},{"time":0.6,"x":1.881,"y":1.881},{"time":3.4,"curve":"stepped"},{"time":3.5,"x":1.881,"y":1.881,"curve":"stepped"},{"time":6}]},"bone23":{"translate":[{"curve":0,"c2":0.19,"c3":0.662,"c4":0.85},{"time":2.2,"x":-218.95,"y":-91.67},{"time":5.1,"x":-85.32,"y":-194.11,"curve":"stepped"},{"time":5.1333,"x":-218.95,"y":-91.67,"curve":"stepped"},{"time":6}],"scale":[{"curve":0,"c2":0.19,"c3":0.662,"c4":0.85},{"time":2.2,"x":1.881,"y":1.881},{"time":5.1,"curve":"stepped"},{"time":5.1333,"x":1.881,"y":1.881,"curve":"stepped"},{"time":6}]},"bone24":{"translate":[{"curve":0,"c2":0.19,"c3":0.662,"c4":0.85},{"time":0.8667,"x":77.73,"y":-96.09},{"time":3.6333,"x":-53.53,"y":-191.46,"curve":"stepped"},{"time":3.7,"x":77.73,"y":-96.09,"curve":"stepped"},{"time":6}],"scale":[{"curve":0,"c2":0.19,"c3":0.662,"c4":0.85},{"time":0.8667,"x":1.881,"y":1.881},{"time":3.6333,"curve":"stepped"},{"time":3.7,"x":1.881,"y":1.881,"curve":"stepped"},{"time":6}]},"bone25":{"translate":[{"curve":0,"c2":0.19,"c3":0.662,"c4":0.85},{"time":1.4667,"x":73.32,"y":-164.08},{"time":4.2333,"x":-62.36,"y":-191.46,"curve":"stepped"},{"time":4.3667,"x":73.32,"y":-164.08,"curve":"stepped"},{"time":6}],"scale":[{"curve":0,"c2":0.19,"c3":0.662,"c4":0.85},{"time":1.4667,"x":1.881,"y":1.881},{"time":4.2333,"curve":"stepped"},{"time":4.3667,"x":1.881,"y":1.881,"curve":"stepped"},{"time":6}]},"bone26":{"translate":[{"x":-49.26,"y":-188.81,"curve":0.362,"c2":0.45,"c3":0.725,"c4":0.83},{"time":0.4,"x":-62.36,"y":-191.46,"curve":"stepped"},{"time":3.6,"x":73.32,"y":-164.08},{"time":5.1333,"x":-2.5,"y":-179.38,"curve":0,"c2":0.18,"c3":0.498,"c4":0.65},{"time":6,"x":-49.26,"y":-188.81}],"scale":[{"x":1.085,"y":1.085,"curve":0.362,"c2":0.45,"c3":0.725,"c4":0.83},{"time":0.4,"curve":"stepped"},{"time":3.6,"x":1.881,"y":1.881},{"time":5.1333,"x":1.388,"y":1.388,"curve":0,"c2":0.18,"c3":0.498,"c4":0.65},{"time":6,"x":1.085,"y":1.085}]},"bone27":{"translate":[{"x":-2.96,"y":-154.71,"curve":0.288,"c2":0.4,"c3":0.727,"c4":0.86},{"time":1.4667,"x":-53.53,"y":-191.46,"curve":"stepped"},{"time":5.1333,"x":50.71,"y":-115.72,"curve":0,"c2":0.2,"c3":0.408,"c4":0.58},{"time":6,"x":-2.96,"y":-154.71}],"scale":[{"x":1.339,"y":1.339,"curve":0.288,"c2":0.4,"c3":0.727,"c4":0.86},{"time":1.4667,"curve":"stepped"},{"time":5.1333,"x":1.699,"y":1.699,"curve":0,"c2":0.2,"c3":0.408,"c4":0.58},{"time":6,"x":1.339,"y":1.339}]},"bone28":{"translate":[{"x":-147.11,"y":-146.75,"curve":0.271,"c2":0.38,"c3":0.724,"c4":0.86},{"time":1.7,"x":-85.32,"y":-194.11,"curve":"stepped"},{"time":5.1333,"x":-203.23,"y":-103.73,"curve":0,"c2":0.21,"c3":0.399,"c4":0.58},{"time":6,"x":-147.11,"y":-146.75}],"scale":[{"x":1.407,"y":1.407,"curve":0.271,"c2":0.38,"c3":0.724,"c4":0.86},{"time":1.7,"curve":"stepped"},{"time":5.1333,"x":1.777,"y":1.777,"curve":0,"c2":0.21,"c3":0.399,"c4":0.58},{"time":6,"x":1.407,"y":1.407}]},"bone29":{"translate":[{"x":-94.15,"y":-194.11,"curve":"stepped"},{"time":2.7333,"x":-223.37,"y":-159.67},{"time":5.1333,"x":-113.15,"y":-189.04,"curve":0,"c2":0.19,"c3":0.662,"c4":0.85},{"time":5.6,"x":-94.15,"y":-194.11}],"scale":[{"curve":"stepped"},{"time":2.7333,"x":1.881,"y":1.881},{"time":5.1333,"x":1.129,"y":1.129,"curve":0,"c2":0.19,"c3":0.662,"c4":0.85},{"time":5.6}]},"bone30":{"translate":[{"x":-92.86,"y":-158.96,"curve":0.332,"c2":0.43,"c3":0.731,"c4":0.85},{"time":0.8667,"x":-85.54,"y":-194.89,"curve":"stepped"},{"time":4,"x":-120.01,"y":-25.77},{"time":5.1333,"x":-105.82,"y":-95.41,"curve":0,"c2":0.19,"c3":0.443,"c4":0.6},{"time":6,"x":-92.86,"y":-158.96}],"scale":[{"x":1.187,"y":1.187,"curve":0.332,"c2":0.43,"c3":0.731,"c4":0.85},{"time":0.8667,"curve":"stepped"},{"time":4,"x":1.881,"y":1.881},{"time":5.1333,"x":1.518,"y":1.518,"curve":0,"c2":0.19,"c3":0.443,"c4":0.6},{"time":6,"x":1.187,"y":1.187}]},"bone31":{"translate":[{"x":-56.22,"y":-150.19,"curve":0.332,"c2":0.43,"c3":0.731,"c4":0.85},{"time":0.8667,"x":-67.26,"y":-187.16,"curve":"stepped"},{"time":4,"x":-15.27,"y":-13.12},{"time":5.1333,"x":-36.68,"y":-84.78,"curve":0,"c2":0.19,"c3":0.443,"c4":0.6},{"time":6,"x":-56.22,"y":-150.19}],"scale":[{"x":1.187,"y":1.187,"curve":0.332,"c2":0.43,"c3":0.731,"c4":0.85},{"time":0.8667,"curve":"stepped"},{"time":4,"x":1.881,"y":1.881},{"time":5.1333,"x":1.518,"y":1.518,"curve":0,"c2":0.19,"c3":0.443,"c4":0.6},{"time":6,"x":1.187,"y":1.187}]},"bone32":{"translate":[{"x":-74.43,"y":-166.77,"curve":0.362,"c2":0.45,"c3":0.725,"c4":0.83},{"time":0.4,"x":-74.24,"y":-183.28,"curve":"stepped"},{"time":3.6,"x":-76.27,"y":-12.29},{"time":5.1333,"x":-75.13,"y":-107.84,"curve":0,"c2":0.18,"c3":0.498,"c4":0.65},{"time":6,"x":-74.43,"y":-166.77}],"scale":[{"x":1.085,"y":1.085,"curve":0.362,"c2":0.45,"c3":0.725,"c4":0.83},{"time":0.4,"curve":"stepped"},{"time":3.6,"x":1.881,"y":1.881},{"time":5.1333,"x":1.388,"y":1.388,"curve":0,"c2":0.18,"c3":0.498,"c4":0.65},{"time":6,"x":1.085,"y":1.085}]},"bone33":{"translate":[{"x":-161.45,"y":-52.81,"curve":"stepped"},{"time":3.0333,"x":-161.45,"y":-52.81},{"time":5.1333,"x":-113.34,"y":-159.91,"curve":0,"c2":0.19,"c3":0.662,"c4":0.85},{"time":5.7333,"x":-99.87,"y":-189.9,"curve":"stepped"},{"time":5.8667,"x":-161.45,"y":-52.81}],"scale":[{"x":1.881,"y":1.881,"curve":"stepped"},{"time":3.0333,"x":1.881,"y":1.881},{"time":5.1333,"x":1.193,"y":1.193,"curve":0,"c2":0.19,"c3":0.662,"c4":0.85},{"time":5.7333,"curve":"stepped"},{"time":5.8667,"x":1.881,"y":1.881}]}},"deform":{"default":{"dian23":{"dian":[{"vertices":[1.98232,-2.18059,-1.98232,-2.18059,-1.98232,2.18056,1.98232,2.18056]}]},"dian24":{"dian":[{"time":0.4,"vertices":[-1.1214,1.38139,1.46232,1.38139,3.6913,-0.96524,-1.1214,-1.46071]}]},"fx21":{"fx21":[{"curve":0.34,"c2":0.36,"c3":0.757,"vertices":[6.45308,-9.95722,6.45308,-9.95722,-23.46014,47.03103,-23.46014,47.03103]},{"time":2.1333,"curve":0.25,"c3":0.75},{"time":5.1333,"curve":0.272,"c3":0.619,"c4":0.41,"vertices":[8.21704,-12.67905,8.21704,-12.67905,-29.87301,59.88704,-29.87301,59.88704]},{"time":6,"vertices":[6.45308,-9.95722,6.45308,-9.95722,-23.46014,47.03103,-23.46014,47.03103]}]},"fx22":{"fx22":[{"curve":0.34,"c2":0.36,"c3":0.757,"vertices":[-4.76693,-8.60411,-4.76693,-8.60411,20.92748,40.95248,20.92748,40.95248]},{"time":2.1333,"curve":0.25,"c3":0.75},{"time":5.1333,"curve":0.272,"c3":0.619,"c4":0.41,"vertices":[-6.06998,-10.95605,-6.06998,-10.95605,26.64805,52.14691,26.64805,52.14691]},{"time":6,"vertices":[-4.76693,-8.60411,-4.76693,-8.60411,20.92748,40.95248,20.92748,40.95248]}]},"fx23":{"fx23":[{"offset":4,"curve":0.34,"c2":0.36,"c3":0.757,"vertices":[-14.80033,-16.99297,5.48162,-20.8301]},{"time":2.1333,"curve":0.25,"c3":0.75},{"time":5.1333,"offset":4,"curve":0.272,"c3":0.619,"c4":0.41,"vertices":[-18.84603,-21.63803,6.98003,-26.52405]},{"time":6,"offset":4,"vertices":[-14.80033,-16.99297,5.48162,-20.8301]}]},"fx24":{"fx24":[{"curve":0.34,"c2":0.36,"c3":0.757,"vertices":[-1.64447,-3.83709,-0.54816,-4.38529,-26.31167,23.95881,18.69316,22.35595]},{"time":2.1333,"curve":0.25,"c3":0.75},{"time":5.1333,"curve":0.272,"c3":0.619,"c4":0.41,"vertices":[-2.09399,-4.88597,-0.698,-5.58401,-33.50401,30.508,23.80297,28.46698]},{"time":6,"vertices":[-1.64447,-3.83709,-0.54816,-4.38529,-26.31167,23.95881,18.69316,22.35595]}]}}}}}},[0]]],0,0,[0],[-1],[0]],[[[1,"BtnEffect"],[2,"BtnEffect",180,[-2],[4,-1,0],[5,150.32,336.67]],[3,"New Node",1,[[6,"default","FX1",0,"FX1",true,true,-3,[0],1]],[5,"d9ym9W/KlBrbjTAjwbDXA8",1,0],[5,150.32,336.67],[7.086,-167.297,0,0,0,0,1,1,1,1]]],0,[0,0,1,0,-1,2,0,1,2,0,2,1,3],[0,0],[-1,3],[1,2]]]]