[1,["ecpdLyjvZBwrvm+cedCcQy","9drYZpeFVF/Y0TO3bG+BLP","84eU4pgxdEK5rp2JwzftFH","2aVLauDn9BhL3HcfGQ0CLi","2faXiO1H1FYJITcyNmXwNh","5ekfpDX0BDWqsBpExpied7","045pE65f9GPbnrvxkO4AlE","43BSjnP/dHsYB3TlWD38iG","d28pOVTmFL5pWx3kHJhmqN","6cVpyfK3BMdrdIv+q2FD1H"],["node","_spriteFrame","root","ccAni","data","_parent","poolPrefab","_defaultClip"],[["cc.Node",["_name","_components","_prefab","_children","_parent","_contentSize"],2,9,4,2,1,5],["cc.PrefabInfo",["fileId","root","asset"],2,1,1],["cc.Prefab",["_name"],2],["cc.Node",["_name","_children","_components","_prefab"],2,2,2,4],["b2afbvP8rxKZpOCQLPbuZGR",["aniName","node","ccAni","poolPrefab"],2,1,1,6],["cc.Sprite",["node","_materials","_spriteFrame"],3,1,3,6],["cc.Animation",["playOnLoad","node","_clips"],2,1,3],["cc.AnimationClip",["_name","_duration","sample","wrapMode","curveData"],-1,11]],[[1,0,1,2],[0,0,4,1,2,5,2],[5,0,1,2,1],[2,0,2],[3,0,1,2,3,2],[0,0,3,1,2,2],[1,1,2,1],[4,0,1,2,3,2],[6,0,1,2,2],[7,0,1,2,3,4,5]],[[[[3,"KernelHitEffect"],[4,"30fx01",[-3,-4,-5,-6,-7,-8,-9],[-2],[0,"d31tgwVqlKLoGOTN/xuHyP",-1]],[5,"KernelHitEffect",[1],[[7,"blow",-12,-11,15]],[6,-10,0]],[1,"30FX1",1,[[2,-13,[0],1]],[0,"279McETZ1GPrGavYbLvLVF",1],[5,33,31]],[1,"30FX2",1,[[2,-14,[2],3]],[0,"e1DFgxhglC64oZpLE3juxt",1],[5,13,12]],[1,"30FX3",1,[[2,-15,[4],5]],[0,"c4b43QTS9F561/H54QUEBy",1],[5,17,16]],[1,"30FX4",1,[[2,-16,[6],7]],[0,"5fCbdPgZZCAKLMbYbCSyhs",1],[5,12,12]],[1,"30FX5",1,[[2,-17,[8],9]],[0,"126n8BT7RIfpIK8s9xbiHz",1],[5,16,17]],[1,"30FX6",1,[[2,-18,[10],11]],[0,"f7sqO4MuNJso2xibJEC/Tb",1],[5,20,19]],[1,"30FX7",1,[[2,-19,[12],13]],[0,"70WKDhvBBNmKxy08k6F7Xx",1],[5,18,17]],[8,true,1,[14]]],0,[0,2,1,0,-1,10,0,-1,3,0,-2,4,0,-3,5,0,-4,6,0,-5,7,0,-6,8,0,-7,9,0,2,2,0,3,10,0,0,2,0,0,3,0,0,4,0,0,5,0,0,6,0,0,7,0,0,8,0,0,9,0,4,2,1,5,2,19],[0,0,0,0,0,0,0,0,0,0,0,0,0,0,0,0,10],[-1,1,-1,1,-1,1,-1,1,-1,1,-1,1,-1,1,-1,6,7],[0,2,0,3,0,4,0,5,0,6,0,7,0,8,1,9,1]],[[[9,"35FX01",0.4666666666666667,30,2,[{},"paths",11,[{"30FX1":{"props":{"scale":[],"opacity":[{"frame":0,"value":0}]}}},"30FX2",11,[{},"props",11,[{"x":[{"frame":0,"value":-9.488},{"frame":0.13333333333333333,"value":-21.902},{"frame":0.4,"value":-40.138}],"y":[{"frame":0,"value":10.939},{"frame":0.13333333333333333,"value":39.991},{"frame":0.4,"value":-4.316}],"opacity":[{"frame":0,"value":255},{"frame":0.3,"value":255},{"frame":0.43333333333333335,"value":0}]},"scale",12,[[[{"frame":0},"value",8,[1,0.826,0.826,0.826]],[{"frame":0.13333333333333333},"value",8,[1,1,1,1]]],11,11]]],"30FX3",11,[{},"props",11,[{"x":[{"frame":0,"value":1.848},{"frame":0.16666666666666666,"value":-11.894}],"y":[{"frame":0,"value":-6.706},{"frame":0.16666666666666666,"value":-36.145}],"opacity":[{"frame":0,"value":255},{"frame":0.1,"value":255},{"frame":0.2,"value":0}]},"scale",12,[[[{"frame":0},"value",8,[1,0.83,0.83,0.83]],[{"frame":0.16666666666666666},"value",8,[1,1,1,1]]],11,11]]],"30FX4",11,[{},"props",11,[{"x":[{"frame":0,"value":8.008},{"frame":0.13333333333333333,"value":27.888},{"frame":0.4,"value":40.398}],"y":[{"frame":0,"value":5.353},{"frame":0.13333333333333333,"value":23.943},{"frame":0.4,"value":-14.708}],"opacity":[{"frame":0,"value":255},{"frame":0.3,"value":255},{"frame":0.4666666666666667,"value":0}]},"scale",12,[[[{"frame":0},"value",8,[1,0.877,0.877,0.877]],[{"frame":0.13333333333333333},"value",8,[1,1,1,1]]],11,11]]],"30FX5",11,[{},"props",11,[{"x":[{"frame":0,"value":6.792},{"frame":0.26666666666666666,"value":34.559}],"y":[{"frame":0,"value":-0.272},{"frame":0.26666666666666666,"value":-41.493}],"opacity":[{"frame":0,"value":255},{"frame":0.2,"value":255},{"frame":0.3,"value":0}]},"scale",12,[[[{"frame":0},"value",8,[1,0.79,0.79,0.79]],[{"frame":0.26666666666666666},"value",8,[1,1,1,1]]],11,11]]],"30FX6",11,[{},"props",11,[{"x":[{"frame":0,"value":1.596},{"frame":0.16666666666666666,"value":-6.021},{"frame":0.36666666666666664,"value":-14.808}],"y":[{"frame":0,"value":10.448},{"frame":0.16666666666666666,"value":43.445},{"frame":0.36666666666666664,"value":1.889}],"opacity":[{"frame":0,"value":255},{"frame":0.3,"value":255},{"frame":0.4,"value":0}]},"scale",12,[[[{"frame":0},"value",8,[1,0.849,0.849,0.849]],[{"frame":0.16666666666666666},"value",8,[1,1,1,1]]],11,11]]],"30FX7",11,[{},"props",11,[{"x":[{"frame":0,"value":-10.794},{"frame":0.16666666666666666,"value":-36.5},{"frame":0.43333333333333335,"value":-53.839}],"y":[{"frame":0,"value":2.544},{"frame":0.16666666666666666,"value":11.692},{"frame":0.43333333333333335,"value":-36.425}],"opacity":[{"frame":0,"value":255},{"frame":0.3333333333333333,"value":255},{"frame":0.4666666666666667,"value":0}]},"scale",12,[[[{"frame":0},"value",8,[1,0.701,0.701,0.701]],[{"frame":0.16666666666666666},"value",8,[1,1,1,1]]],11,11]]]]]]],0,0,[],[],[]]]]