[1,["ecpdLyjvZBwrvm+cedCcQy","caohSHbS5GEIzmwCrnMGn5","e85aLEeipEqbh/pVgqaJo3","50E8PjseZNEKHSoXHav3Gn","eeDrguTHxLd72PhCp10iFw","99xvwuQzJNaboCPUZnKMky","36cZlbneJPFrfdM6kK85M4","banXzz+9BBsK2VqAIEakjU","836UZ9bM1LRZGK5PQS5mxD","9fe0UP4KZKBacRdfd2tzdI"],["node","_spriteFrame","_N$file","root","getBtn","reward2","reward1Amount","reward1","descLab","data","_textureSetter"],[["cc.Node",["_name","_opacity","_components","_prefab","_contentSize","_parent","_trs","_children","_anchorPoint"],1,9,4,5,1,7,2,5],["cc.Sprite",["_sizeMode","_type","node","_materials","_spriteFrame"],1,1,3,6],["cc.Node",["_name","_parent","_components","_prefab","_contentSize","_trs","_color","_anchorPoint"],2,1,12,4,5,7,5,5],["cc.PrefabInfo",["fileId","root","asset"],2,1,1],["cc.Label",["_string","_fontSize","_lineHeight","_isSystemFontUsed","_N$horizontalAlign","_N$verticalAlign","node","_materials","_N$file"],-3,1,3,6],"cc.SpriteFrame",["cc.Prefab",["_name"],2],["ee1a2sCModLlrIpMrEHIzDJ",["node","descLab","reward1","reward1Amount","reward2","getBtn"],3,1,1,1,1,1,1],["cc.Button",["_N$transition","node"],2,1],["cc.LabelOutline",["_width","node","_color"],2,1,5]],[[3,0,1,2,2],[1,2,3,4,1],[0,0,5,2,3,4,6,2],[9,0,1,2,2],[0,0,5,7,2,3,4,6,2],[0,0,1,5,2,3,4,3],[1,1,0,2,3,4,3],[1,0,2,3,4,2],[4,0,1,2,3,4,5,6,7,8,7],[4,0,1,2,3,4,5,6,7,7],[6,0,2],[0,0,7,2,3,4,6,2],[0,0,5,2,3,4,8,6,2],[0,0,5,2,3,4,2],[2,0,1,2,3,6,4,7,5,2],[2,0,1,2,3,4,5,2],[7,0,1,2,3,4,5,1],[3,1,2,1],[8,0,1,2]],[[[[10,"recruitTaskItem"],[11,"recruitTaskItem",[-9,-10,-11,-12],[[6,1,0,-2,[24],25],[16,-8,-7,-6,-5,-4,-3]],[17,-1,0],[5,720,100],[0,-50,0,0,0,0,1,1,1,1]],[4,"reward1",1,[-14,-15,-16,-17],[[1,-13,[12],13]],[0,"780EllqhZMTqvXzEbbqONh",1,0],[5,78,78],[125,0,0,0,0,0,1,1,1,1]],[4,"reward2",1,[-19,-20,-21,-22],[[1,-18,[22],23]],[0,"c4PvcMOrdEnKy8QsNrEnbo",1,0],[5,78,78],[32.526,0,0,0,0,0,1,1,1,1]],[4,"club_btn",1,[-25],[[6,1,0,-23,[3],4],[18,3,-24]],[0,"3fKdBDZYNJJ4Pvzd6iAf0v",1,0],[5,140,56],[260.575,0,0,0,0,0,1,1,1,0]],[14,"desc",1,[[-26,[3,2,-27,[4,4278208621]]],1,4],[0,"0aAioTVQJLVpaB7tAsCXI/",1,0],[4,4284081919],[5,196,44.32],[0,0,0.5],[-323.803,0,0,0,0,0,1,1,1,1]],[12,"lab",4,[[8,"领取",35,35,false,1,1,-28,[1],2],[3,2,-29,[4,4278190080]]],[0,"d2sFYr4mlBT6CZCgrvGU0z",1,0],[5,74,48.1],[0,0,0.5],[-34.07,0,0,0,0,0,1,1,1,1]],[15,"lab",2,[[-30,[3,2,-31,[4,4278190080]]],1,4],[0,"5cxv3TZChDN6BnQOMwI5OQ",1,0],[5,49.5,29.2],[0,-24.05,0,0,0,0,1,1,1,1]],[2,"lab",3,[[8,"免费试用",20,20,false,1,1,-32,[16],17],[3,2,-33,[4,4278190080]]],[0,"0b0eHRjv1EArUzXL0cP7ez",1,0],[5,84,29.2],[0,-24.05,0,0,0,0,1,1,1,1]],[9,"每日登录奖励",32,32,false,1,1,5,[0]],[13,"recruitImg6",2,[[1,-34,[5],6]],[0,"cbcjhKbLZORLxD2Accwmxt",1,0],[5,56,56]],[9,"X100",20,20,false,1,1,7,[7]],[5,"slot_mask",140,2,[[7,0,-35,[8],9]],[0,"fbQJnaFytPQoF11iw3c9Vz",1,0],[5,78,78]],[2,"select",2,[[1,-36,[10],11]],[0,"5dgAi1ENpBNKFPexVJ+xRn",1,0],[5,85,72],[0,0,0,0,0,0,1,0.7,0.7,0.7]],[2,"recruitImg25",3,[[1,-37,[14],15]],[0,"f3VngAN9xPGLb0XMHpxMDm",1,0],[5,224,256],[0,0,0,0,0,0,1,0.25,0.25,1]],[5,"slot_mask",140,3,[[7,0,-38,[18],19]],[0,"7fca3FSXRLML507ufQY/VM",1,0],[5,78,78]],[2,"select",3,[[1,-39,[20],21]],[0,"9ex0gIcMxKqqG8hXfEnO0p",1,0],[5,85,72],[0,0,0,0,0,0,1,0.7,0.7,0.7]]],0,[0,3,1,0,0,1,0,4,4,0,5,3,0,6,11,0,7,2,0,8,9,0,0,1,0,-1,5,0,-2,4,0,-3,2,0,-4,3,0,0,2,0,-1,10,0,-2,7,0,-3,12,0,-4,13,0,0,3,0,-1,14,0,-2,8,0,-3,15,0,-4,16,0,0,4,0,0,4,0,-1,6,0,-1,9,0,0,5,0,0,6,0,0,6,0,-1,11,0,0,7,0,0,8,0,0,8,0,0,10,0,0,12,0,0,13,0,0,14,0,0,15,0,0,16,0,9,1,39],[0,0,0,0,0,0,0,0,0,0,0,0,0,0,0,0,0,0,0,0,0,0,0,0,0,0,9,11],[-1,-1,2,-1,1,-1,1,-1,-1,1,-1,1,-1,1,-1,1,-1,2,-1,1,-1,1,-1,1,-1,1,2,2],[0,0,1,0,5,0,6,0,0,2,0,3,0,4,0,7,0,1,0,2,0,3,0,4,0,8,1,1]],[[{"name":"recruitImg25","rect":[0,0,224,256],"offset":[0,0],"originalSize":[224,256],"capInsets":[0,0,0,0]}],[5],0,[0],[10],[9]]]]