[1,["2e5hcvCd5NU4ZJP2a3SJRU"],0,[["sp.SkeletonData",["_name","_atlasText","textureNames","_skeletonJson","textures"],-1,3]],[[0,0,1,2,3,4,5]],[[0,"chongdong_FX","\r\nchongdong_FX.png\r\nsize: 237,859\r\nformat: RGBA8888\r\nfilter: Linear,Linear\r\nrepeat: none\r\n1\r\n  rotate: false\r\n  xy: 2, 94\r\n  size: 118, 267\r\n  orig: 125, 389\r\n  offset: 4, 11\r\n  index: -1\r\n2\r\n  rotate: false\r\n  xy: 2, 455\r\n  size: 134, 291\r\n  orig: 147, 394\r\n  offset: 5, 11\r\n  index: -1\r\n3\r\n  rotate: true\r\n  xy: 2, 748\r\n  size: 109, 223\r\n  orig: 109, 223\r\n  offset: 0, 0\r\n  index: -1\r\ndian1\r\n  rotate: true\r\n  xy: 124, 327\r\n  size: 91, 106\r\n  orig: 135, 135\r\n  offset: 13, 18\r\n  index: -1\r\ndian2\r\n  rotate: false\r\n  xy: 138, 542\r\n  size: 97, 101\r\n  orig: 135, 135\r\n  offset: 6, 18\r\n  index: -1\r\ndian3\r\n  rotate: true\r\n  xy: 138, 420\r\n  size: 120, 96\r\n  orig: 135, 135\r\n  offset: 2, 21\r\n  index: -1\r\ndian4\r\n  rotate: false\r\n  xy: 2, 363\r\n  size: 120, 90\r\n  orig: 135, 135\r\n  offset: 3, 23\r\n  index: -1\r\ndian5\r\n  rotate: false\r\n  xy: 122, 241\r\n  size: 113, 84\r\n  orig: 135, 135\r\n  offset: 10, 25\r\n  index: -1\r\ndian6\r\n  rotate: false\r\n  xy: 2, 2\r\n  size: 116, 90\r\n  orig: 135, 135\r\n  offset: 10, 29\r\n  index: -1\r\ndian7\r\n  rotate: true\r\n  xy: 122, 29\r\n  size: 115, 94\r\n  orig: 135, 135\r\n  offset: 5, 23\r\n  index: -1\r\ndian8\r\n  rotate: false\r\n  xy: 122, 146\r\n  size: 102, 93\r\n  orig: 135, 135\r\n  offset: 10, 23\r\n  index: -1\r\ndian9\r\n  rotate: false\r\n  xy: 138, 645\r\n  size: 97, 101\r\n  orig: 135, 135\r\n  offset: 13, 14\r\n  index: -1\r\nxin1\r\n  rotate: false\r\n  xy: 218, 42\r\n  size: 14, 50\r\n  orig: 16, 81\r\n  offset: 1, 16\r\n  index: -1\r\nxin2\r\n  rotate: false\r\n  xy: 218, 94\r\n  size: 15, 50\r\n  orig: 17, 75\r\n  offset: 1, 12\r\n  index: -1\r\nxin3\r\n  rotate: false\r\n  xy: 218, 6\r\n  size: 14, 34\r\n  orig: 16, 45\r\n  offset: 1, 3\r\n  index: -1\r\n",["chongdong_FX.png"],{"skeleton":{"hash":"Mo2udv9LaCZH1l/CgWetJAuLuXU","spine":"3.8.99","x":-58.85,"y":-21.32,"width":133.09,"height":162.21},"bones":[{"name":"root","scaleX":0.5,"scaleY":0.56},{"name":"bone","parent":"root","x":-3.06,"y":-60.64},{"name":"bone2","parent":"bone","length":32.28,"rotation":-94.83,"x":-3.21,"y":173.72},{"name":"bone19","parent":"bone","x":95.29,"y":124.61},{"name":"bone3","parent":"bone2","length":26.69,"rotation":-4.84,"x":53.85,"y":-44.31},{"name":"bone4","parent":"bone2","length":31.12,"rotation":-3.46,"x":87.12,"y":-19},{"name":"bone5","parent":"bone2","length":36.49,"rotation":6.24,"x":109.61,"y":9.61},{"name":"bone6","parent":"bone2","length":34.1,"rotation":6.34,"x":67.69,"y":40.57},{"name":"bone7","parent":"bone2","length":42.77,"rotation":-176.37,"x":-31.78,"y":-44.05},{"name":"bone8","parent":"bone2","length":28.67,"rotation":177.04,"x":-55.57,"y":-25.36},{"name":"bone9","parent":"bone2","length":56.84,"rotation":-173.36,"x":-68.19,"y":3.28},{"name":"bone10","parent":"bone2","length":37.08,"rotation":-176.09,"x":-59.24,"y":35.85},{"name":"bone11","parent":"bone2","length":30.81,"rotation":-173.5,"x":-48.15,"y":21.78},{"name":"bone13","parent":"bone","x":-7.47,"y":163.52,"scaleX":1.9717,"scaleY":1.9717}],"slots":[{"name":"2","bone":"bone2","attachment":"2"},{"name":"dian1","bone":"bone13","color":"9dddffff","attachment":"dian1"},{"name":"3","bone":"bone","attachment":"3"},{"name":"bone19","bone":"bone19","attachment":"bone19"},{"name":"xin3","bone":"bone19","attachment":"xin3"},{"name":"xin2","bone":"bone19","attachment":"xin2"},{"name":"xin5","bone":"bone19","attachment":"xin2"},{"name":"xin4","bone":"bone19","attachment":"xin1"},{"name":"xin1","bone":"bone19","attachment":"xin1"},{"name":"1","bone":"bone"},{"name":"bone191","bone":"bone19","attachment":"bone191"},{"name":"xin6","bone":"bone19","attachment":"xin3"}],"skins":[{"name":"default","attachments":{"1":{"1":{"type":"mesh","hull":25,"uvs":[0.56662,0.28605,0.60462,0.33401,0.60854,0.34694,0.94337,0.39593,0.96815,0.42248,0.96873,0.5282,0.91649,0.62991,0.93385,0.63234,0.8628,0.80728,0.72191,0.89439,0.54472,0.97112,0.51449,0.97107,0.43886,0.89204,0.29008,0.89206,0.25174,0.89261,0.21234,0.76893,0.15773,0.78258,0.0819,0.78474,0.03424,0.71442,0.07658,0.66672,0.06361,0.64994,0.06355,0.56435,0.16144,0.48574,0.38236,0.36432,0.52486,0.33199],"triangles":[24,0,1,23,2,5,4,2,3,5,2,4,6,19,20,2,23,24,2,24,1,5,22,23,6,22,5,20,21,6,6,21,22,15,19,6,18,19,15,16,18,15,17,18,16,8,15,6,8,6,7,12,15,8,12,13,15,13,14,15,9,12,8,10,11,12,9,10,12],"vertices":[3.48,293.36,8.23,274.71,8.72,269.68,50.58,250.62,53.68,240.29,53.75,199.17,47.22,159.6,49.39,158.66,40.51,90.61,22.9,56.72,0.75,26.87,-3.03,26.89,-12.49,57.64,-31.08,57.63,-35.88,57.41,-40.8,105.53,-47.63,100.22,-57.11,99.37,-63.06,126.73,-57.77,145.28,-59.39,151.81,-59.4,185.11,-47.16,215.68,-19.55,262.92,-1.74,275.5]}},"2":{"2":{"type":"mesh","hull":82,"uvs":[0.56633,0.2361,0.57835,0.24772,0.57833,0.30693,0.61232,0.32613,0.61274,0.33496,0.64651,0.33498,0.65314,0.33977,0.65673,0.35292,0.67498,0.38043,0.69381,0.37811,0.70726,0.36538,0.73206,0.36542,0.74413,0.37136,0.75968,0.34849,0.77536,0.34261,0.79138,0.34259,0.80287,0.35516,0.80958,0.37994,0.80996,0.39818,0.85571,0.39271,0.87255,0.3986,0.88474,0.42865,0.88467,0.44335,0.93899,0.48502,0.93892,0.51297,0.90868,0.55204,0.87734,0.56389,0.8575,0.58663,0.86013,0.60703,0.87085,0.62665,0.87089,0.65718,0.82339,0.72855,0.82354,0.76149,0.82367,0.79194,0.79119,0.80818,0.74739,0.86567,0.71401,0.86563,0.69052,0.85564,0.6489,0.91286,0.58723,0.93577,0.5446,0.95681,0.49243,0.97072,0.46942,0.96198,0.46883,0.93379,0.45051,0.92012,0.43406,0.90783,0.40805,0.88841,0.38567,0.88564,0.36023,0.87322,0.32005,0.88077,0.29926,0.89593,0.27841,0.88847,0.23758,0.85497,0.21721,0.82065,0.21752,0.77437,0.18057,0.76022,0.16861,0.78231,0.14983,0.78941,0.13323,0.78945,0.11573,0.7781,0.11514,0.75071,0.05759,0.73346,0.03819,0.71965,0.04609,0.69954,0.08131,0.65754,0.09528,0.6354,0.13326,0.51961,0.14557,0.46476,0.16923,0.44696,0.19047,0.43859,0.21314,0.37526,0.24714,0.37525,0.27064,0.41763,0.28535,0.41609,0.32648,0.39844,0.35003,0.37183,0.39457,0.35525,0.41527,0.35506,0.43666,0.34402,0.47869,0.30858,0.51685,0.28906,0.55538,0.23552,0.66826,0.55765,0.67058,0.60253,0.73996,0.55852,0.77697,0.61374,0.67058,0.63187,0.36527,0.83122,0.35139,0.74492,0.21493,0.72766,0.41765,0.83813,0.66827,0.80227,0.42556,0.43294,0.66864,0.45122,0.59327,0.44278,0.28612,0.48285,0.30299,0.44757,0.46717,0.43538,0.73836,0.45543,0.78735,0.46879,0.78735,0.49902,0.82881,0.5637,0.77103,0.4845,0.64029,0.44804,0.44355,0.5879,0.46094,0.66899],"triangles":[65,66,104,66,95,104,104,95,97,66,67,95,67,68,95,68,69,95,96,95,72,95,69,72,72,73,96,69,70,72,70,71,72,97,95,96,96,92,97,92,74,77,76,77,75,75,77,74,96,74,92,96,73,74,97,92,77,8,4,7,97,4,94,94,4,8,4,97,77,7,4,6,6,4,5,77,78,4,3,4,2,4,78,79,4,79,2,79,80,2,2,80,1,1,81,0,1,80,81,86,105,83,83,105,104,82,94,103,94,82,97,86,83,85,82,83,104,85,28,29,83,84,85,85,27,28,85,101,27,85,84,101,83,82,84,82,104,97,27,101,26,84,82,100,102,93,98,102,82,93,82,103,93,93,9,98,93,103,8,8,9,93,103,94,8,26,101,25,25,101,100,100,101,84,82,102,100,25,100,24,24,100,23,102,99,100,23,100,22,22,100,21,102,98,99,21,19,20,100,99,19,18,99,98,19,99,18,98,12,18,17,18,12,12,98,9,12,10,11,12,9,10,21,100,19,12,16,17,12,13,16,13,14,16,14,15,16,58,59,57,57,59,56,56,59,55,59,60,55,55,89,54,55,60,89,60,61,89,88,89,105,89,61,63,61,62,63,63,64,89,105,89,65,89,64,65,65,104,105,50,51,49,51,52,49,49,52,48,48,87,90,48,52,87,52,53,87,91,90,88,53,54,87,54,88,87,90,87,88,54,89,88,41,42,40,42,43,40,40,43,39,38,39,44,39,43,44,44,45,38,38,45,37,37,45,90,45,46,90,90,46,48,46,47,48,34,35,37,35,36,37,90,91,37,37,91,34,34,91,33,88,105,91,91,32,33,91,31,32,31,105,86,31,91,105,31,86,30,30,85,29,85,30,86],"vertices":[3,12,92.56,12.95,0.00169,10,70.54,-3.33,0.99694,9,84.2,-19.47,0.00137,3,12,87.93,11.32,0.00821,10,65.91,-4.95,0.99175,9,79.9,-21.84,0.00003,6,7,-181.77,-18.07,0,4,-168.2,32.78,0.00001,12,64.61,12,0.03883,10,42.59,-4.22,0.95964,9,56.78,-25,0.0015,8,76.09,-51.52,0.00002,6,7,-174.08,-13.27,0.00001,4,-161.59,38.97,0.00003,12,56.9,7.22,0.10514,10,34.88,-8.97,0.87995,9,49.97,-30.98,0.01482,8,68.64,-56.67,0.00006,6,7,-170.6,-13.3,0.00002,4,-158.17,39.62,0.00007,12,53.42,7.26,0.22334,10,31.39,-8.92,0.71674,9,46.53,-31.51,0.05298,8,65.16,-56.81,0.00685,7,7,-170.46,-8.34,0.00001,4,-159,44.52,0.00003,11,43.01,19.5,0.00401,12,53.27,2.3,0.22129,10,31.23,-13.88,0.75978,9,47.19,-36.43,0.01482,8,65.26,-61.77,0.00006,7,7,-168.55,-7.42,0,4,-157.3,45.79,0.00001,11,41.13,18.49,0.02149,12,51.36,1.38,0.29947,10,29.31,-14.8,0.6775,9,45.46,-37.65,0.00151,8,63.39,-62.78,0.00002,7,7,-163.36,-7.03,0.00003,4,-152.28,47.18,0,11,35.96,17.88,0.07896,12,46.16,1.01,0.43964,10,24.12,-15.16,0.48102,9,40.4,-38.88,0.00034,8,58.22,-63.42,0.00001,7,7,-152.45,-4.63,0.00047,4,-142.05,51.65,0.00006,11,25.17,15.03,0.19139,12,35.25,-1.36,0.5787,10,13.2,-17.5,0.22736,9,30.02,-43,0.00196,8,47.44,-66.33,0.00006,7,7,-153.29,-1.84,0.00003,4,-143.41,54.23,0,11,26.12,12.27,0.35855,12,36.08,-4.15,0.53675,10,14.02,-20.3,0.10432,9,31.3,-45.62,0.00034,8,48.41,-69.08,0.00001,7,7,-158.25,0.27,0.00004,4,-148.69,55.33,0,11,31.17,10.38,0.52841,12,41.04,-6.28,0.43645,10,18.97,-22.43,0.03508,9,36.54,-46.9,0.00001,8,53.47,-70.95,0,7,7,-158.14,3.91,0.00063,4,-149.29,58.93,0.00005,11,31.22,6.73,0.65212,12,40.92,-9.92,0.34065,10,18.85,-26.07,0.00651,9,37.02,-50.52,0.00001,8,53.53,-74.59,0.00003,7,7,-155.76,5.63,0.00233,4,-147.28,61.07,0.00022,11,28.91,4.92,0.69979,12,38.53,-11.62,0.29338,10,16.45,-27.78,0.00388,9,34.94,-52.59,0.00026,8,51.23,-76.42,0.00015,7,7,-164.71,8.15,0.00063,4,-156.54,61.81,0.00005,11,37.95,2.78,0.86906,12,47.47,-14.17,0.13014,10,25.39,-30.34,0.00007,9,44.18,-53.63,0.00001,8,60.28,-78.51,0.00003,4,7,-166.96,10.51,0.00004,11,40.3,0.51,0.9612,12,49.71,-16.54,0.03876,10,27.63,-32.72,0,3,11,40.35,-1.84,0.99368,12,49.65,-18.9,0.00632,10,27.56,-35.08,0,6,7,-161.91,14.43,0.00034,4,-155.02,68.51,0.00001,11,35.42,-3.61,0.99265,12,44.65,-20.44,0.007,10,22.56,-36.61,0,8,57.79,-84.92,0,6,7,-152.13,15.16,0.00264,4,-145.56,71.12,0.00023,11,25.68,-4.75,0.95554,12,34.87,-21.14,0.04144,9,32.89,-62.58,0.00002,8,48.05,-86.11,0.00013,7,7,-144.94,15.02,0.01026,5,-168.37,48.44,0,4,-138.49,72.38,0.00111,11,18.49,-4.93,0.86507,12,27.68,-20.99,0.12273,9,25.78,-63.61,0.00012,8,40.86,-86.31,0.00072,7,7,-146.92,21.8,0.02203,5,-171.48,54.79,0,4,-141.74,78.65,0.00276,11,20.76,-11.62,0.82071,12,29.64,-27.78,0.15222,9,28.83,-69.98,0.00037,8,43.16,-92.99,0.0019,7,7,-144.53,24.22,0.01056,5,-169.54,57.57,0,4,-139.87,81.48,0.00108,11,18.48,-14.13,0.9228,12,27.25,-30.18,0.06471,9,26.86,-72.75,0.00014,8,40.89,-95.51,0.00071,6,7,-132.65,25.7,0.00984,4,-128.5,85.24,0.00048,11,6.67,-16.11,0.94297,12,15.36,-31.63,0.04653,9,15.38,-76.13,0.00002,8,29.09,-97.55,0.00016,6,7,-126.86,25.53,0.02309,4,-122.79,86.2,0.00139,11,0.88,-16.2,0.88348,12,9.57,-31.45,0.09155,9,9.64,-76.91,0.00002,8,23.3,-97.67,0.00047,6,7,-110.24,33.08,0.0483,4,-107.95,96.83,0.00394,11,-15.41,-24.44,0.76767,12,-7.07,-38.95,0.17816,9,-5.55,-87.04,0.00012,8,7.06,-105.99,0.00181,7,7,-99.23,32.78,0.08703,5,-126.35,73.72,0,4,-97.09,98.67,0.00883,11,-26.42,-24.61,0.62057,12,-18.08,-38.62,0.27829,9,-16.46,-88.53,0.00046,8,-3.95,-106.21,0.00482,7,7,-83.96,27.93,0.13875,5,-110.48,71.54,0,4,-81.16,96.88,0.01603,11,-41.89,-20.41,0.47255,12,-33.34,-33.73,0.362,9,-32.31,-86.21,0.00113,8,-19.44,-102.09,0.00952,7,7,-79.41,23.21,0.20502,5,-105.19,67.65,0.00001,4,-75.79,93.12,0.02495,11,-46.63,-15.88,0.33998,12,-37.87,-28.99,0.41269,9,-37.56,-82.28,0.00203,8,-24.2,-97.58,0.01533,7,7,-70.53,20.06,0.28344,5,-95.91,66.06,0.00002,4,-66.47,91.75,0.03376,11,-55.63,-13.11,0.23656,12,-46.74,-25.81,0.42289,9,-46.84,-80.6,0.00275,8,-33.22,-94.86,0.02058,7,7,-62.49,20.23,0.37981,5,-88.01,67.6,0.00008,4,-58.61,93.48,0.03982,11,-63.66,-13.63,0.15825,12,-54.79,-25.97,0.39566,9,-54.75,-82.07,0.00293,8,-41.25,-95.41,0.02346,7,7,-54.72,21.6,0.49819,5,-80.59,70.27,0.00019,4,-51.25,96.33,0.0403,11,-71.37,-15.33,0.10239,12,-62.56,-27.32,0.33389,9,-62.19,-84.68,0.00245,8,-48.95,-97.15,0.02259,8,7,-42.69,21.29,0.63862,6,-81.04,56.56,0.00269,5,-68.68,72.01,0.00133,4,-39.4,98.36,0.03374,11,-83.39,-15.53,0.0608,12,-74.58,-26.97,0.24336,9,-74.11,-86.32,0.0016,8,-60.97,-97.41,0.01788,8,7,-14.77,13.57,0.75894,6,-53.1,48.88,0.02033,5,-39.85,69.15,0.01404,4,-10.5,96.2,0.02189,11,-111.62,-9,0.03076,12,-102.49,-19.17,0.14228,9,-102.91,-83.22,0.00078,8,-89.23,-91.02,0.01096,8,7,-1.79,13.25,0.81037,6,-40.13,48.59,0.07593,5,-27.01,71.05,0.04377,4,2.29,98.41,0.00842,11,-124.6,-9.23,0.0091,12,-115.46,-18.82,0.04837,9,-115.77,-85,0.0002,8,-102.21,-91.31,0.00385,8,7,10.2,12.96,0.93997,6,-28.13,48.31,0.02152,5,-15.14,72.79,0.01383,4,14.11,100.44,0.00323,11,-136.59,-9.44,0.00279,12,-127.45,-18.49,0.01724,9,-127.66,-86.64,0.00004,8,-114.2,-91.58,0.00138,8,7,16.47,8.01,0.97936,6,-21.85,43.38,0.01449,5,-8.12,68.99,0.00107,4,21.22,96.81,0.00074,11,-143.07,-4.77,0.00046,12,-133.71,-13.53,0.0036,9,-134.64,-82.78,0,8,-120.7,-86.94,0.00028,7,7,38.95,0.98,0.94098,6,0.63,36.39,0.05725,5,15.22,65.88,0.00109,4,44.63,94.27,0.00012,11,-165.82,1.3,0.00006,12,-156.16,-6.43,0.00046,8,-143.48,-80.98,0.00003,7,7,38.8,-3.92,0.82215,6,0.5,31.48,0.16346,5,15.91,61.03,0.01388,4,45.44,89.43,0.0002,11,-165.88,6.21,0.00003,12,-156.01,-1.53,0.00027,8,-143.57,-76.07,0.00002,8,7,34.78,-7.27,0.61519,6,-3.52,28.13,0.33809,5,12.51,57.04,0.04372,4,42.14,85.36,0.00069,11,-162,9.72,0.00024,12,-151.97,1.81,0.00191,9,-155.17,-70.65,0,8,-139.7,-72.54,0.00016,7,7,57.15,-13.98,0.36312,6,18.86,21.46,0.62249,5,35.71,54.24,0.01388,4,65.39,83.12,0.0002,11,-184.65,15.48,0.00003,12,-174.33,8.58,0.00027,8,-162.37,-66.9,0.00002,6,7,65.94,-23.28,0.15534,6,27.66,12.17,0.84349,5,45.94,46.57,0.00109,4,75.81,75.7,0.00007,12,-183.09,17.91,0,8,-171.59,-58.02,0,3,7,74.06,-29.76,0.04355,6,35.8,5.7,0.95642,5,55.05,41.56,0.00003,3,7,79.34,-37.57,0.00562,6,41.09,-2.1,0.99414,5,61.58,34.76,0.00024,3,7,75.81,-40.86,0.00068,6,37.56,-5.4,0.99721,5,58.66,30.92,0.00211,3,7,64.7,-40.66,0.00091,6,26.46,-5.21,0.97281,5,47.68,29.23,0.02628,6,7,59.24,-43.21,0.02053,6,21.01,-7.77,0.88843,5,42.74,25.79,0.09099,4,73.11,54.85,0.00005,12,-176.34,37.81,0,8,-165.84,-37.8,0,8,7,54.34,-45.5,0.07497,6,16.11,-10.07,0.70018,5,38.29,22.7,0.21805,4,68.75,51.65,0.00603,11,-183.17,47.09,0.00002,12,-171.43,40.09,0.00053,9,-180.66,-36.09,0.00001,8,-161.05,-35.28,0.00021,6,7,46.59,-49.12,0.02091,6,8.36,-13.7,0.67587,5,31.27,17.81,0.30317,4,61.85,46.6,0.00005,12,-163.67,43.69,0,8,-153.48,-31.3,0,7,7,45.41,-52.38,0.00511,6,7.19,-16.96,0.5307,5,30.67,14.4,0.45562,4,61.32,43.17,0.00786,12,-162.48,46.95,0.00044,9,-172.96,-27.86,0.00002,8,-152.46,-27.98,0.00026,7,7,40.42,-55.99,0.02375,6,2.21,-20.58,0.31675,5,26.36,9.99,0.61945,4,57.13,38.66,0.03811,12,-157.48,50.54,0.00119,9,-168.62,-23.49,0.00004,8,-147.65,-24.14,0.00071,7,7,43.24,-61.97,0.00422,6,5.03,-26.56,0.16856,5,30.16,4.58,0.81866,4,61.05,33.34,0.00786,12,-160.28,56.53,0.00044,9,-172.37,-18.04,0.00002,8,-150.74,-18.3,0.00026,4,7,49.13,-65.18,0.00038,6,10.93,-29.76,0.06692,5,36.51,2.41,0.93199,4,67.46,31.33,0.00071,5,7,46.11,-68.17,0.00017,6,7.92,-32.75,0.01791,5,34.04,-1.04,0.96314,4,65.07,27.82,0.01875,12,-163.14,62.74,0.00002,7,7,32.76,-73.82,0.00094,6,-5.42,-38.43,0.00189,5,21.85,-8.88,0.89781,4,53.07,19.68,0.09907,12,-149.77,68.35,0.00019,9,-163.94,-4.65,0,8,-140.84,-5.97,0.00009,7,7,19.17,-76.46,0.00571,6,-19.01,-41.09,0.00038,5,8.9,-13.8,0.7217,4,40.24,14.46,0.27053,12,-136.17,70.95,0.00107,9,-150.95,0.15,0.00003,8,-127.38,-2.69,0.00058,7,7,0.94,-75.93,0.01356,6,-37.25,-40.6,0.00559,5,-9.15,-16.38,0.46635,4,22.26,11.44,0.51052,12,-117.94,70.38,0.00247,9,-132.88,2.58,0.00008,8,-109.15,-2.35,0.00143,7,7,-4.78,-81.22,0.00598,6,-42.95,-45.89,0.00038,5,-13.89,-22.56,0.25925,4,17.68,5.15,0.73266,12,-112.21,75.65,0.00111,9,-128.09,8.72,0.00003,8,-103.69,3.2,0.00058,6,7,3.87,-83.2,0.00128,5,-5.02,-23.04,0.10869,4,26.55,4.88,0.8897,12,-120.86,77.66,0.00024,9,-136.95,9.28,0,8,-112.43,4.77,0.00009,4,7,6.6,-86.04,0.00037,5,-1.86,-25.37,0.03237,4,29.77,2.63,0.9672,12,-123.57,80.5,0.00005,5,7,6.55,-88.48,0.00007,5,-1.49,-27.78,0.00406,4,30.2,0.22,0.99587,12,-123.52,82.94,0.00001,8,-115.35,9.91,0,4,7,2.01,-90.93,0,5,-5.54,-30.97,0,4,26.22,-3.06,0.99988,8,-110.93,12.58,0.00012,5,7,-8.78,-90.73,0,5,-16.21,-32.61,0,4,15.6,-4.96,0.99889,12,-108.18,85.15,0.00002,8,-100.14,12.89,0.00109,5,7,-15.79,-99.01,0.00022,5,-21.71,-41.97,0,4,10.32,-14.44,0.99056,12,-101.14,93.41,0.00059,8,-93.53,21.49,0.00864,4,7,-21.31,-101.72,0.0011,4,5.43,-18.17,0.96373,12,-95.62,96.1,0.00269,8,-88.15,24.46,0.03248,4,7,-29.2,-100.35,0.00272,4,-2.57,-18.36,0.88602,12,-87.74,94.71,0.00649,8,-80.2,23.46,0.10478,6,7,-45.6,-94.74,0.00435,4,-19.75,-16.03,0.73292,12,-71.35,89.05,0.01098,10,-93.17,73.17,0.00013,9,-89.99,28.66,0.00645,8,-63.55,18.63,0.24517,6,7,-54.27,-92.46,0.00452,4,-28.7,-15.47,0.4893,12,-62.69,86.75,0.01256,10,-84.52,70.84,0.00032,9,-81.07,27.8,0.03389,8,-54.79,16.76,0.4594,6,7,-99.73,-85.68,0.003,4,-74.61,-17.64,0.20654,12,-17.24,79.84,0.01184,10,-39.09,63.82,0.00712,9,-35.11,28.46,0.10292,8,-9.05,12.14,0.66858,6,7,-121.28,-83.3,0.00166,4,-96.22,-19.48,0.0885,12,4.3,77.4,0.00592,10,-17.55,61.33,0.00032,9,-13.45,29.6,0.03389,8,12.59,10.78,0.86971,6,7,-128.2,-79.64,0.00061,4,-103.71,-17.23,0.02572,12,11.21,73.72,0.00224,10,-10.66,57.63,0.00013,9,-6.03,27.1,0.00645,8,19.67,7.45,0.96486,5,7,-131.42,-76.43,0.00007,4,-107.49,-14.71,0.00234,12,14.42,70.5,0.00022,9,-2.34,24.45,0.01063,8,23.04,4.4,0.98673,6,7,-156.28,-72.44,0.00007,4,-132.65,-15.62,0.0001,12,39.26,66.44,0.0009,10,17.38,50.29,0.00013,9,22.83,24.54,0.05069,8,48.05,1.59,0.9481,6,7,-156.15,-67.45,0.00023,4,-133.49,-10.69,0.00158,12,39.12,61.45,0.00244,10,17.23,45.3,0.00032,9,23.52,19.58,0.15295,8,48.16,-3.41,0.84248,6,7,-139.36,-64.43,0.00066,4,-117.61,-4.48,0.01426,12,22.33,58.48,0.00633,10,0.43,42.37,0.00712,9,7.44,13.9,0.31495,8,31.54,-7.21,0.65668,6,7,-139.91,-62.25,0.0003,4,-118.57,-2.45,0.00166,12,22.87,56.3,0.00472,10,0.96,40.19,0.01306,9,8.33,11.84,0.52199,8,32.19,-9.36,0.45826,6,7,-146.71,-56.03,0.00025,4,-126.44,2.34,0.00127,12,29.65,50.05,0.01516,10,7.73,33.93,0.04874,9,16.04,6.79,0.6574,8,39.27,-15.26,0.27718,6,7,-157.1,-52.29,0.00008,4,-137.36,3.99,0.00009,12,40.03,46.29,0.0031,10,18.09,30.13,0.09268,9,26.9,4.78,0.79584,8,49.82,-18.5,0.10821,6,7,-163.45,-45.57,0.00003,4,-144.9,9.35,0.00002,12,46.36,39.55,0.00419,10,24.42,23.38,0.19838,9,34.26,-0.82,0.7684,8,56.49,-24.91,0.02898,6,7,-163.45,-42.53,0.00006,4,-145.49,12.34,0.00006,12,46.35,36.51,0.02086,10,24.4,20.34,0.35852,9,34.75,-3.82,0.61036,8,56.63,-27.95,0.01015,5,7,-167.71,-39.27,0.00002,4,-150.3,14.7,0.00002,12,50.61,33.24,0.00411,10,28.64,17.06,0.59571,9,39.48,-6.35,0.40014,5,7,-181.51,-32.73,0.00001,4,-165.11,18.45,0,12,64.39,26.66,0.00081,10,42.41,10.44,0.79386,9,54.16,-10.58,0.20531,3,12,71.91,20.83,0,10,49.91,4.6,0.92408,9,62.53,-15.09,0.07592,3,12,92.83,14.55,0.00006,10,70.82,-1.73,0.98182,9,84.2,-17.85,0.01812,8,7,-82.68,-7.45,0.26791,5,-103.2,36.88,0.0062,4,-73.05,62.41,0.06524,11,-44.67,14.89,0.10237,12,-34.52,1.66,0.48017,10,-56.56,-14.31,0.0008,9,-39.3,-51.49,0.02307,8,-22.39,-66.81,0.05423,8,7,-64.99,-7.58,0.28963,5,-85.75,39.77,0.00775,4,-55.68,65.72,0.07119,11,-62.34,14.26,0.0914,12,-52.2,1.84,0.46043,10,-74.24,-14.09,0.00069,9,-56.77,-54.23,0.02243,8,-40.06,-67.52,0.05648,8,7,-82.06,3.07,0.27454,5,-104.38,47.36,0.00564,4,-74.48,72.86,0.06237,11,-44.84,4.34,0.10815,12,-35.17,-8.87,0.47702,10,-57.23,-24.84,0.00069,9,-38.2,-61.98,0.02091,8,-22.51,-77.35,0.05069,8,7,-60.16,7.94,0.29988,5,-83.63,55.88,0.00688,4,-53.95,81.88,0.06659,11,-66.5,-1.45,0.10164,12,-57.07,-13.67,0.45514,10,-79.15,-29.59,0.00047,9,-59.03,-70.32,0.01875,8,-44.15,-83.25,0.05065,8,7,-53.44,-7.88,0.30968,5,-74.31,41.43,0.00809,4,-44.28,67.66,0.07191,11,-73.9,14.07,0.09116,12,-63.76,2.17,0.44484,10,-85.8,-13.73,0.00047,9,-68.22,-55.79,0.01966,8,-51.62,-67.76,0.05418,8,7,23.9,-54.81,0.09393,6,-14.32,-19.43,0.26692,5,9.88,8.34,0.49886,4,40.69,36.61,0.13454,11,-153.15,57.68,0.00002,12,-140.96,49.32,0.00358,9,-152.12,-21.98,0.00012,8,-131.09,-24.54,0.00203,7,7,-10.14,-55.96,0.0545,6,-48.36,-20.64,0.12386,5,-23.47,1.42,0.47641,4,7.51,28.89,0.33592,12,-106.91,50.37,0.00569,9,-118.71,-15.35,0.0002,8,-97.14,-21.78,0.00341,7,7,-17.47,-75.83,0.0322,6,-55.65,-40.52,0.04058,5,-27.31,-19.41,0.45326,4,4.18,7.97,0.46513,12,-99.53,70.22,0.00542,9,-114.7,5.45,0.00019,8,-90.76,-1.59,0.00321,8,7,26.82,-47.19,0.25018,6,-11.41,-11.8,0.40961,5,11.46,16.35,0.29724,4,42.08,44.66,0.03874,11,-155.75,49.94,0.00024,12,-143.91,41.7,0.00309,9,-153.78,-29.98,0.00004,8,-133.65,-32.29,0.00087,8,7,13.67,-9.99,0.58716,6,-24.63,25.37,0.25411,5,-7.82,50.77,0.13438,4,21.96,78.6,0.00844,11,-141.03,13.33,0.00202,12,-130.86,4.47,0.01266,9,-134.78,-64.56,0.00004,8,-118.75,-68.83,0.00119,6,7,-132.74,-41.82,0.00017,4,-115.49,18.98,0.0002,12,15.64,35.89,0.07856,10,-6.32,19.8,0.31218,9,4.55,-9.48,0.56297,8,25.99,-30.11,0.04592,7,7,-124.6,-6.29,0.00233,4,-114.4,55.42,0.00027,11,-2.73,15.51,0.22638,12,7.4,0.38,0.61759,10,-14.65,-15.69,0.13657,9,2.26,-45.86,0.01662,8,19.54,-65.98,0.00025,7,7,-128.21,-17.28,0.00014,4,-115.81,43.94,0.0002,11,0.41,26.64,0.01345,12,11.04,11.36,0.35786,10,-10.97,-4.72,0.41623,9,4.05,-34.43,0.17978,8,22.63,-54.83,0.03234,6,7,-113.62,-62.83,0.00147,4,-92.66,2.08,0.06232,12,-3.42,56.95,0.02039,10,-25.33,40.91,0.02972,9,-17.71,8.16,0.29963,8,5.89,-10.02,0.58648,6,7,-127.45,-59.99,0.00069,4,-106.78,2.19,0.01429,12,10.4,54.07,0.05741,10,-11.51,37.99,0.10944,9,-3.6,7.59,0.49623,8,19.85,-12.21,0.32194,6,7,-131.61,-35.74,0.00026,4,-115.57,25.17,0.00131,12,14.5,29.81,0.16959,10,-7.48,13.71,0.26993,9,4.43,-15.67,0.43398,8,25.15,-36.24,0.12492,8,7,-122.67,3.91,0.00949,5,-144.54,41.28,0,4,-114.48,65.8,0.00107,11,-4.23,5.23,0.49799,12,5.44,-9.81,0.45933,10,-16.63,-25.88,0.02933,9,2,-56.24,0.00205,8,18.09,-76.26,0.00074,8,7,-117.22,10.97,0.01549,5,-140.37,49.16,0,4,-110.5,73.78,0.00165,11,-9.38,-2.05,0.74277,12,-0.03,-16.86,0.23879,10,-22.12,-32.91,0.00007,9,-2.23,-64.09,0.00017,8,12.98,-83.57,0.00107,8,7,-105.31,10.66,0.04948,5,-128.58,50.88,0.00001,4,-98.76,75.79,0.00648,11,-21.29,-2.25,0.62564,12,-11.94,-16.51,0.31296,10,-34.02,-32.54,0.00005,9,-14.04,-65.71,0.00089,8,1.07,-83.82,0.00448,7,7,-79.67,16.08,0.07508,5,-104.24,60.58,0.00002,4,-74.66,86.07,0.01005,11,-46.67,-8.75,0.53517,12,-37.59,-21.86,0.37128,9,-38.46,-75.2,0.00141,8,-24.28,-90.45,0.00699,8,7,-111.09,8.41,0.02563,5,-133.9,47.68,0,4,-104,72.46,0.00308,11,-15.6,0.25,0.60679,12,-6.15,-14.28,0.35853,10,-28.23,-30.32,0.00325,9,-8.69,-62.55,0.00062,8,6.74,-81.3,0.00209,7,7,-125.96,-10.43,0.00067,4,-114.93,51.1,0.00017,11,-1.55,19.69,0.08069,12,8.77,4.51,0.58972,10,-13.27,-11.56,0.24372,9,2.93,-41.56,0.07581,8,20.7,-61.79,0.00922,8,7,-71.63,-40.79,0.1352,5,-86.64,5.91,0.01438,4,-55.75,31.85,0.20374,11,-57.11,47.72,0.00322,12,-45.47,35.03,0.29697,10,-67.43,19.08,0.00439,9,-55.58,-20.38,0.07562,8,-35,-34.03,0.26647,8,7,-39.63,-39.07,0.28477,6,-77.87,-3.8,0.00103,5,-55.4,13.05,0.10192,4,-24.68,39.74,0.32625,11,-89.02,44.65,0.00321,12,-77.48,33.4,0.15938,9,-86.89,-27.25,0.0145,8,-66.89,-37.26,0.10895]}},"3":{"3":{"type":"mesh","hull":21,"uvs":[0.5465,0,0.5585,0,0.58768,0.01214,0.63891,0.06541,0.8072,0.18303,0.90347,0.12153,0.9504,0.17271,0.99444,0.27646,0.88007,0.45567,0.92396,0.4718,0.94295,0.52542,0.84289,0.7699,0.68121,0.90099,0.59064,0.99779,0.5426,0.98149,0.24613,0.85726,0.19234,0.71239,0.16695,0.69767,0.00318,0.63964,0.05392,0.50864,0.12725,0.23361,0.45251,0.61337,0.4349,0.6313,0.45398,0.65949,0.52297,0.6518,0.5171,0.61144,0.28517,0.52624,0.25288,0.54226,0.30719,0.56468,0.3527,0.5461,0.33068,0.52304,0.52591,0.72932,0.59196,0.71971,0.62426,0.74085,0.56994,0.76711,0.51563,0.75366,0.49798,0.35979,0.46606,0.37326,0.48096,0.40066,0.53736,0.39509,0.55439,0.36583,0.31281,0.22232,0.29046,0.23764,0.31707,0.2669,0.3873,0.26365,0.38518,0.2251,0.30473,0.40946,0.62509,0.2192,0.75725,0.67712,0.34176,0.71356,0.88148,0.22825,0.89981,0.33136,0.53566,0.14226],"triangles":[4,5,6,2,3,0,4,52,3,52,41,0,0,1,2,3,52,0,4,47,52,45,41,52,45,52,47,50,4,6,41,20,0,42,20,41,44,45,47,43,41,45,43,45,44,42,41,43,50,6,7,51,50,7,36,44,47,40,36,47,47,4,50,37,44,36,39,36,40,37,36,39,38,37,39,42,43,20,43,44,37,46,43,37,47,51,40,51,47,50,8,40,51,39,40,8,8,51,7,43,19,20,46,19,43,38,30,46,38,46,37,26,19,46,30,26,46,27,19,26,29,30,38,29,28,26,29,26,30,27,26,28,39,29,38,25,39,8,25,29,39,21,29,25,28,29,21,22,28,21,18,19,27,48,24,25,22,25,24,25,22,21,23,22,24,25,10,48,8,10,25,10,8,9,17,18,27,17,27,28,17,28,22,49,16,17,17,22,49,23,49,22,32,24,48,31,24,32,23,24,31,49,23,31,33,32,48,35,49,31,34,31,32,34,32,33,35,31,34,11,48,10,33,48,11,15,16,49,15,49,35,11,34,33,12,34,11,34,15,35,12,15,34,12,14,15,13,14,12],"vertices":[1.22,267.64,2.53,267.64,5.71,264.93,11.3,253.05,29.64,226.82,40.13,240.54,45.25,229.12,50.05,205.99,37.58,166.02,42.37,162.43,44.44,150.47,33.53,95.95,15.91,66.72,6.04,45.13,0.8,48.77,-31.52,76.47,-37.38,108.78,-40.15,112.06,-58,125,-52.47,154.21,-44.47,215.54,-9.02,130.86,-10.94,126.86,-8.86,120.57,-1.34,122.29,-1.98,131.29,-27.26,150.29,-30.78,146.72,-24.86,141.72,-19.9,145.86,-22.3,151,-1.02,105,6.18,107.14,9.7,102.43,3.78,96.57,-2.14,99.57,-4.06,187.41,-7.54,184.4,-5.92,178.29,0.23,179.53,2.08,186.06,-24.25,218.06,-26.68,214.64,-23.78,208.12,-16.13,208.84,-16.36,217.44,-25.13,176.33,9.79,218.76,24.2,116.64,-21.09,108.51,37.74,216.74,39.74,193.75,0.04,235.91]}},"bone19":{"bone19":{"type":"clipping","end":"xin1","vertexCount":143,"vertices":[-92,133.14,-93.89,134.98,-105.16,120.45,-109.74,113.86,-114.68,108.51,-123.71,99.05,-128.09,93.69,-130.96,88.01,-132.42,85.02,-133.29,81.27,-133.16,77.54,-132.11,68.55,-131.39,60.9,-129.93,52.17,-129.82,47.86,-129.75,45.07,-131.63,46.81,-131.79,51.59,-132.54,57.32,-133.58,62.58,-134.42,67.94,-135.46,72.55,-136.7,76.53,-138.54,66.67,-143.14,32.05,-141,32.93,-137.52,35.23,-133.48,39.74,-132.48,43.69,-131.64,46.81,-129.56,44.55,-129.95,39.89,-132.74,35.66,-137.21,32.27,-140.6,29.61,-143.02,26.22,-145.39,19.88,-146.12,12.46,-146.2,7.4,-146.1,5.34,-144.89,3.48,-141.47,1.26,-137.89,-1.67,-134.16,-3.8,-130.44,-6.69,-128.13,-9.8,-127.37,-11.81,-127.13,-13.94,-126.44,-19.04,-126.07,-25.93,-125.59,-30.87,-125.59,-35.01,-124.62,-38.28,-122.5,-39.06,-120.61,-37.64,-118.9,-34.22,-117.54,-36.7,-117.75,-37.08,-118.72,-38.88,-119.96,-40.42,-118.31,-40.53,-116.72,-39.35,-115.24,-38.53,-114,-39.06,-112.82,-41.12,-112.71,-37.64,-113.41,-35.22,-114.48,-33.57,-115.48,-33.22,-116.54,-34.16,-117.52,-36.7,-118.92,-34.22,-118.5,-33.6,-116.8,-31.04,-114.66,-30.34,-112.02,-31.08,-110.48,-33.76,-109.7,-37.88,-109.08,-42.02,-107.37,-46.68,-105.57,-51.18,-103.21,-57.03,-100.11,-61.58,-97.64,-64.43,-94.67,-66.36,-92.92,-67.15,-91.34,-67.21,-89.91,-66.38,-89.09,-64.85,-87.33,-61.83,-85.35,-58.44,-83.66,-54.56,-81.75,-49.64,-80.25,-44.24,-79.75,-38.44,-79.35,-33.34,-77.15,-28.54,-73.95,-25.14,-71.51,-24.04,-71.65,-26.14,-73.45,-27.84,-74.45,-30.44,-74.75,-32.64,-74.95,-35.04,-72.45,-32.14,-69.95,-31.14,-67.35,-28.44,-65.65,-25.34,-66.75,-24.14,-69.15,-24.84,-71.64,-26.15,-71.52,-24.01,-68.89,-22.95,-66.89,-22.19,-64.93,-21.15,-63.33,-12.27,-62.73,-4.45,-58.75,3.48,-56.93,8.48,-55.71,15.51,-55.63,21.99,-54.71,27.23,-58.62,34.52,-60.61,36.99,-67.91,28.69,-68.33,26.76,-69.61,23.77,-71.67,20.81,-75.05,15.96,-75.95,31.25,-76.17,46.69,-75.19,53.01,-74.61,58.81,-74.45,62.81,-75.07,72.77,-75.7,84.79,-76.6,98.78,-77,106.55,-78.29,109.39,-80.94,112.11,-85.09,118.11,-87.36,123.5,-89.38,128.64]}},"bone191":{"bone191":{"type":"clipping","end":"bone191","vertexCount":17,"vertices":[-55.49,106.15,-63.41,98.39,-63.86,93.75,-63.33,87.35,-62.56,82.17,-62.16,76.93,-62.56,72.59,-63.27,64.69,-61.15,61.87,-56.36,56.23,-54.67,63,-52.5,69.17,-50.3,75.55,-49.45,81.05,-49.56,85.46,-50.44,90.77,-54.1,101.63]}},"dian1":{"dian1":{"x":13.14,"y":-1.35,"width":135,"height":135},"dian2":{"x":13.14,"y":-1.35,"width":135,"height":135},"dian3":{"x":13.14,"y":-1.35,"width":135,"height":135},"dian4":{"x":13.14,"y":-1.35,"width":135,"height":135},"dian5":{"x":13.14,"y":-1.35,"width":135,"height":135},"dian6":{"x":13.14,"y":-1.35,"width":135,"height":135},"dian7":{"x":13.14,"y":-1.35,"width":135,"height":135},"dian8":{"x":13.14,"y":-1.35,"width":135,"height":135},"dian9":{"x":13.14,"y":-1.35,"width":135,"height":135}},"xin1":{"xin1":{"type":"mesh","hull":4,"uvs":[0.87957,0.196,0.87684,0.78764,0.12871,0.79411,0.11695,0.19819],"triangles":[1,3,0,1,2,3],"vertices":[-98.56,124.15,-98.61,76.23,-110.58,75.7,-110.76,123.97]}},"xin2":{"xin2":{"type":"mesh","hull":4,"uvs":[0.9069,0.8023,0.11671,0.82712,0.11393,0.17563,0.86473,0.22583],"triangles":[1,2,3,1,3,0],"vertices":[-109.22,-33.15,-122.65,-35.01,-122.7,13.85,-109.94,10.09]}},"xin3":{"xin3":{"type":"mesh","hull":4,"uvs":[0.86658,0.18932,0.88597,0.91341,0.12055,0.90997,0.12524,0.25402],"triangles":[3,0,1,2,3,1],"vertices":[-66.77,27.51,-66.46,-5.08,-78.71,-4.92,-78.63,24.6]}},"xin4":{"xin1":{"type":"mesh","hull":4,"uvs":[0.87957,0.196,0.87684,0.78764,0.12871,0.79411,0.11695,0.19819],"triangles":[1,3,0,1,2,3],"vertices":[-98.56,124.15,-98.61,76.23,-110.58,75.7,-110.76,123.97]}},"xin5":{"xin2":{"type":"mesh","hull":4,"uvs":[0.9069,0.8023,0.11671,0.82712,0.11393,0.17563,0.86473,0.22583],"triangles":[1,2,3,1,3,0],"vertices":[-109.22,-33.15,-122.65,-35.01,-122.7,13.85,-109.94,10.09]}},"xin6":{"xin3":{"type":"mesh","hull":4,"uvs":[0.86658,0.18932,0.88597,0.91341,0.12055,0.90997,0.12524,0.25402],"triangles":[3,0,1,2,3,1],"vertices":[-66.77,27.51,-66.46,-5.08,-78.71,-4.92,-78.63,24.6]}}}}],"animations":{"newAnimation":{"slots":{"1":{"color":[{"color":"ffffff00","curve":0,"c2":0.19,"c3":0.662,"c4":0.85},{"time":0.1,"color":"ffffffff","curve":"stepped"},{"time":0.1667,"color":"ffffffff","curve":0,"c2":0.19,"c3":0.662,"c4":0.85},{"time":0.3333,"color":"ffffff00"}]},"dian1":{"attachment":[{"time":0.0667,"name":"dian2"},{"time":0.1333,"name":"dian3"},{"time":0.2,"name":"dian4"},{"time":0.2667,"name":"dian5"},{"time":0.3333,"name":"dian6"},{"time":0.4,"name":"dian7"},{"time":0.4667,"name":"dian8"},{"time":0.5333,"name":"dian9"},{"time":0.6,"name":"dian1"},{"time":0.6667,"name":"dian2"},{"time":0.7333,"name":"dian3"},{"time":0.8,"name":"dian4"},{"time":0.8667,"name":"dian5"},{"time":0.9333,"name":"dian6"},{"time":1,"name":"dian7"},{"time":1.0667,"name":"dian8"},{"time":1.1333,"name":"dian9"},{"time":1.2,"name":"dian1"},{"time":1.2667,"name":"dian2"},{"time":1.3333,"name":"dian3"},{"time":1.4,"name":"dian4"},{"time":1.4667,"name":"dian6"},{"time":1.5333,"name":"dian8"},{"time":1.6,"name":"dian9"},{"time":1.6667,"name":"dian1"}]}},"bones":{"bone6":{"translate":[{"x":7.42,"y":-0.15,"curve":0.25,"c3":0.75},{"time":0.2667,"curve":0.244,"c3":0.694,"c4":0.77},{"time":0.8333,"x":-13.48,"y":3.93,"curve":0.369,"c2":0.63,"c3":0.706},{"time":0.9333,"x":-17.8,"y":1.74,"curve":0.25,"c3":0.75},{"time":1.6,"x":8.65,"y":-0.18,"curve":0.25,"c3":0.75},{"time":1.6667,"x":7.42,"y":-0.15}],"scale":[{"x":1.078,"y":1.078,"curve":0.25,"c3":0.75},{"time":0.2667,"curve":0.244,"c3":0.694,"c4":0.77},{"time":0.8333,"x":0.962,"y":0.962,"curve":0.369,"c2":0.63,"c3":0.706},{"time":0.9333,"x":0.903,"y":0.903,"curve":0.25,"c3":0.75},{"time":1.6,"x":1.106,"y":1.106,"curve":0.25,"c3":0.75},{"time":1.6667,"x":1.078,"y":1.078}]},"bone3":{"translate":[{"x":11.79,"y":0.04,"curve":0.25,"c3":0.75},{"time":0.4333,"x":-9.93,"y":-0.84,"curve":0.25,"c3":0.75},{"time":0.8333,"x":4,"y":-2.43,"curve":0.289,"c2":0.17,"c3":0.755},{"time":1.4333,"x":22.66,"y":0.47,"curve":0.25,"c3":0.75},{"time":1.6667,"x":11.79,"y":0.04}],"scale":[{"x":1.009,"y":1.009,"curve":0.25,"c3":0.75},{"time":0.4333,"x":0.684,"y":0.684,"curve":0.25,"c3":0.75},{"time":0.8333,"x":1.063,"y":1.063,"curve":0.289,"c2":0.17,"c3":0.755},{"time":1.4333,"x":1.171,"y":1.171,"curve":0.25,"c3":0.75},{"time":1.6667,"x":1.009,"y":1.009}]},"bone4":{"translate":[{"x":5.27,"y":-0.07,"curve":0.25,"c3":0.75},{"time":0.1333,"x":10.46,"y":-0.03,"curve":0.25,"c3":0.75},{"time":0.4333,"curve":0.246,"c3":0.633,"c4":0.54},{"time":0.8333,"x":-4.89,"y":-1.19,"curve":0.38,"c2":0.53,"c3":0.745},{"time":1.1333,"x":-15.47,"y":-0.23,"curve":0.25,"c3":0.75},{"time":1.6667,"x":5.27,"y":-0.07}],"scale":[{"x":1.162,"y":1.162,"curve":0.25,"c3":0.75},{"time":0.1333,"x":1.239,"y":1.239,"curve":0.25,"c3":0.75},{"time":0.4333,"curve":0.246,"c3":0.633,"c4":0.54},{"time":0.8333,"x":0.964,"y":0.964,"curve":0.38,"c2":0.53,"c3":0.745},{"time":1.1333,"x":0.854,"y":0.854,"curve":0.25,"c3":0.75},{"time":1.6667,"x":1.162,"y":1.162}]},"bone5":{"translate":[{"x":0.82,"y":0.63,"curve":0.25,"c3":0.75},{"time":0.1,"curve":0.25,"c3":0.75},{"time":0.8333,"x":10.81,"y":-0.09,"curve":0.289,"c2":0.17,"c3":0.755},{"time":1.4333,"x":2.86,"y":2.22,"curve":0.25,"c3":0.75},{"time":1.6667,"x":0.82,"y":0.63}],"scale":[{"x":0.872,"y":0.872,"curve":0.25,"c3":0.75},{"time":0.1,"curve":0.25,"c3":0.75},{"time":0.8333,"x":1.226,"y":1.226,"curve":0.289,"c2":0.17,"c3":0.755},{"time":1.4333,"x":0.55,"y":0.55,"curve":0.25,"c3":0.75},{"time":1.6667,"x":0.872,"y":0.872}]},"bone7":{"translate":[{"x":8.83,"y":-0.2,"curve":0.25,"c3":0.75},{"time":0.0333,"x":10.91,"y":0.01,"curve":0.25,"c3":0.75},{"time":0.3667,"curve":0.243,"c3":0.655,"c4":0.63},{"time":1.0333,"x":-20.27,"y":-3.15,"curve":0.25,"c3":0.75},{"time":1.6667,"x":8.83,"y":-0.2}],"scale":[{"x":0.854,"y":0.854,"curve":0.25,"c3":0.75},{"time":0.0333,"x":0.845,"y":0.845,"curve":0.25,"c3":0.75},{"time":0.3667,"curve":0.243,"c3":0.655,"c4":0.63},{"time":1.0333,"x":0.973,"y":0.973,"curve":0.25,"c3":0.75},{"time":1.6667,"x":0.854,"y":0.854}]},"bone8":{"translate":[{"x":-8.25,"y":-0.7,"curve":0.25,"c3":0.75},{"time":0.1667,"curve":0.247,"c3":0.73,"c4":0.91},{"time":0.8667,"x":17.38,"y":-1.05,"curve":0.25,"c3":0.75},{"time":1.5333,"x":-14.44,"y":-1.22,"curve":0.25,"c3":0.75},{"time":1.6667,"x":-8.25,"y":-0.7}]},"bone9":{"translate":[{"curve":0,"c2":0.19,"c3":0.662,"c4":0.85},{"time":0.6667,"x":-16.58,"y":0.04,"curve":0.276,"c3":0.621,"c4":0.4},{"time":1.2667,"x":12.54,"y":-2.46},{"time":1.6667}],"scale":[{"curve":0,"c2":0.19,"c3":0.662,"c4":0.85},{"time":0.6667,"x":1.285,"y":1.285,"curve":0.276,"c3":0.621,"c4":0.4},{"time":1.2667,"x":0.959,"y":0.959},{"time":1.6667}]},"bone10":{"translate":[{"x":7.54,"y":0.64,"curve":0.25,"c3":0.75},{"time":0.1333,"curve":0.25,"c3":0.75},{"time":0.8,"x":-13.21,"y":-1.48,"curve":0.318,"c3":0.652,"c4":0.34},{"time":1.4667,"x":17.6,"y":1.49,"curve":0.25,"c3":0.75},{"time":1.6667,"x":7.54,"y":0.64}],"scale":[{"x":0.98,"y":0.98,"curve":0.25,"c3":0.75},{"time":0.1333,"curve":0.25,"c3":0.75},{"time":0.8,"x":0.889,"y":0.889,"curve":0.318,"c3":0.652,"c4":0.34},{"time":1.4667,"x":0.932,"y":0.932,"curve":0.25,"c3":0.75},{"time":1.6667,"x":0.98,"y":0.98}]},"bone11":{"translate":[{"x":-12.96,"y":-1.02,"curve":0.25,"c3":0.75},{"time":0.1333,"x":-19.45,"y":-1.19,"curve":0.25,"c3":0.75},{"time":0.4333,"curve":0.246,"c3":0.633,"c4":0.54},{"time":0.8333,"x":5.49,"y":0.99,"curve":0.38,"c2":0.53,"c3":0.745},{"time":1.1333,"x":13,"y":-0.34,"curve":0.25,"c3":0.75},{"time":1.6667,"x":-12.96,"y":-1.02}],"scale":[{"time":0.4333,"curve":0.246,"c3":0.633,"c4":0.54},{"time":0.8333,"x":1.055,"y":1.055,"curve":0.38,"c2":0.53,"c3":0.745},{"time":1.1333}]},"bone2":{"scale":[{"curve":0.25,"c3":0.75},{"time":0.8333,"x":1.048,"y":1.029,"curve":0.25,"c3":0.75},{"time":1.6667}]},"bone13":{"translate":[{"x":-7.55}],"scale":[{"x":0.849,"y":1.275}]}},"deform":{"default":{"1":{"1":[{"curve":0,"c2":0.19,"c3":0.662,"c4":0.85,"vertices":[0.52404,12.14227,0.95647,10.44354,1.00113,9.9856,4.81201,8.25035,5.09407,7.31001,5.10069,3.56541,4.50615,-0.03709,4.70366,-0.12303,3.89505,-6.31947,2.29147,-9.40459,0.27478,-12.12257,-0.06932,-12.12079,-0.93008,-9.32139,-2.62343,-9.32225,-3.05975,-9.34171,-3.50823,-4.96091,-4.12979,-5.44446,-4.99286,-5.52112,-5.5353,-3.0304,-5.05341,-1.34085,-5.201,-0.74643,-5.20172,2.28522,-4.08756,5.06931,-1.57317,9.37024,0.04878,10.51532]},{"time":0.3333,"vertices":[3.38695,44.36111,6.18182,38.15488,6.47046,36.48181,31.10069,30.14214,32.9237,26.70671,32.9664,13.02602,29.12383,-0.13551,30.40037,-0.44949,25.17424,-23.08782,14.8101,-34.3591,1.77593,-44.28911,-0.44805,-44.28258,-6.01121,-34.05515,-16.95555,-34.05829,-19.77557,-34.12939,-22.67414,-18.12437,-26.69135,-19.891,-32.26955,-20.17107,-35.77539,-11.07137,-32.66085,-4.89874,-33.61475,-2.72704,-33.61945,8.34889,-26.41842,18.52042,-10.16762,34.23361,0.31527,38.41711]}]},"3":{"3":[{"curve":0.262,"c3":0.618,"c4":0.44},{"time":0.8333,"curve":0.245,"c3":0.637,"c4":0.56,"vertices":[0.08141,4.3576,0.11542,4.3576,0.19809,4.24803,0.34328,3.76713,0.82012,2.70527,1.09291,3.26045,1.2259,2.79838,1.35069,1.86175,1.02662,0.24391,1.15097,0.09827,1.20478,-0.38579,0.92126,-2.59283,0.46314,-3.77634,0.2065,-4.6502,0.07035,-4.50304,-0.76972,-3.38159,-0.92215,-2.07369,-0.99408,-1.94077,-1.45815,-1.41693,-1.31437,-0.23435,-1.10658,2.24858,0.96023,0.8054,-0.58137,0.01396,0.94603,-2.28888,1.13464,1.18397,0.33543,0.76737,-0.54834,-0.93047,-0.4431,-0.82372,-0.6201,-0.67421,-0.7684,-0.79806,-0.69665,-0.95187,-0.6036,-3.61116,0.36568,-3.32264,0.83956,-3.95729,0.04259,-4.74582,-0.7544,-4.34194,0.43311,-0.03342,0.70015,0.19707,0.57553,0.66594,0.10376,0.57061,-0.03867,0.0699,-0.41937,3.67019,-0.72779,3.23745,-0.36062,2.41133,0.60868,2.50312,0.57931,3.59146,-2.88199,0,1.572,3.74284,-0.94401,1.37141,-2.61998,-3.04107,-0.262,-2.10537,-0.00001,2.80708,0.52399,3.5089]},{"time":1.6667}]},"bone19":{"bone19":[{"offset":143,"vertices":[0.08002,0,0,0,0,0,0,0,0,0,0,0,0,0,0,0,0,0,0,0,0,0,0,0,0,0,0,0,0,0,0,0,0,0,0,0,0,0,0,0,0,0,0,0,0,0,0,0,0,0,0,0,0,-0.1]}]},"xin1":{"xin1":[{},{"time":0.3333,"offset":1,"curve":"stepped","vertices":[56.17297,0.00001,56.17297,0.00001,56.17297,0.00001,56.17297]},{"time":0.3667,"offset":1,"vertices":[-187.03287,-0.00002,-187.03287,-0.00002,-187.03287,-0.00002,-187.03287]},{"time":1.1,"offset":1,"curve":"stepped","vertices":[56.17297,0.00001,56.17297,0.00001,56.17297,0.00001,56.17297]},{"time":1.1333,"offset":1,"vertices":[-187.03287,-0.00002,-187.03287,-0.00002,-187.03287,-0.00002,-187.03287]},{"time":1.6667}]},"xin2":{"xin2":[{},{"time":0.8333,"offset":1,"curve":"stepped","vertices":[153.06197,0.00002,153.06197,0.00002,153.06197,0.00002,153.06197]},{"time":1.3333,"offset":1,"vertices":[-58.56596,0.00001,-58.56596,0.00001,-58.56596,0.00001,-58.56596]},{"time":1.6667}]},"xin3":{"xin3":[{},{"time":0.3333,"offset":1,"curve":"stepped","vertices":[38.83597,0.00001,38.83597,0.00001,38.83597,0.00001,38.83597]},{"time":0.3667,"curve":"stepped","vertices":[100.53587,48.95026,100.53587,48.95026,100.53587,48.95026,100.53587,48.95026]},{"time":0.5333,"offset":1,"curve":"stepped","vertices":[-69.24997,-0.00001,-69.24997,-0.00001,-69.24997,-0.00001,-69.24997]},{"time":0.7667,"offset":1,"vertices":[-69.24997,-0.00001,-69.24997,-0.00001,-69.24997,-0.00001,-69.24997]},{"time":1.0333,"offset":1,"curve":"stepped","vertices":[38.83597,0.00001,38.83597,0.00001,38.83597,0.00001,38.83597]},{"time":1.0667,"curve":"stepped","vertices":[51.44787,32.09312,51.44787,32.09312,51.44787,32.09312,51.44787,32.09312]},{"time":1.6667}]},"xin4":{"xin1":[{"vertices":[-34.2,-142.81363,-34.2,-142.81363,-34.2,-142.81363,-34.2,-142.81363]},{"time":0.2333,"vertices":[-34.2,-76.48476,-34.2,-76.48476,-34.2,-76.48476,-34.2,-76.48476]},{"time":0.6,"curve":"stepped","vertices":[-34.19998,56.17297,-34.19998,56.17297,-34.19998,56.17297,-34.19998,56.17297]},{"time":0.6333,"vertices":[-34.20001,-187.03287,-34.20001,-187.03287,-34.20001,-187.03287,-34.20001,-187.03287]},{"time":0.7333,"vertices":[-34.20001,-151.96423,-34.20001,-151.96423,-34.20001,-151.96423,-34.20001,-151.96423]},{"time":1.1667,"vertices":[-34.19999,0,-34.19999,0,-34.19999,0,-34.19999]},{"time":1.5,"curve":"stepped","vertices":[-34.19998,56.17297,-34.19998,56.17297,-34.19998,56.17297,-34.19998,56.17297]},{"time":1.5333,"vertices":[-34.20001,-187.03287,-34.20001,-187.03287,-34.20001,-187.03287,-34.20001,-187.03287]},{"time":1.6667,"vertices":[-34.2,-142.81363,-34.2,-142.81363,-34.2,-142.81363,-34.2,-142.81363]}]},"xin5":{"xin2":[{"curve":"stepped","vertices":[27.00002,153.06197,27.00002,153.06197,27.00002,153.06197,27.00002,153.06197]},{"time":0.1,"vertices":[27,-91.07845,27,-91.07845,27,-91.07845,27,-91.07845]},{"time":0.7667,"curve":"stepped","vertices":[27.00002,153.06197,27.00002,153.06197,27.00002,153.06197,27.00002,153.06197]},{"time":0.9333,"vertices":[26.99999,-91.07846,26.99999,-91.07846,26.99999,-91.07846,26.99999,-91.07846]},{"time":1.6667,"vertices":[27.00002,153.06197,27.00002,153.06197,27.00002,153.06197,27.00002,153.06197]}]},"xin6":{"xin3":[{"vertices":[15.60001,34.55005,15.60001,34.55005,15.60001,34.55005,15.60001,34.55005]},{"time":0.4333,"vertices":[15.60002,103.80002,15.60002,103.80002,15.60002,103.80002,15.60002,103.80002]},{"time":0.7667,"curve":"stepped","vertices":[15.60003,142.63602,15.60003,142.63602,15.60003,142.63602,15.60003,142.63602]},{"time":0.9667,"vertices":[15.60001,34.55005,15.60001,34.55005,15.60001,34.55005,15.60001,34.55005]},{"time":1.1333,"vertices":[15.60002,70.57868,15.60002,70.57868,15.60002,70.57868,15.60002,70.57868]},{"time":1.4667,"curve":"stepped","vertices":[15.60003,142.63602,15.60003,142.63602,15.60003,142.63602,15.60003,142.63602]},{"time":1.6667,"vertices":[15.60001,34.55005,15.60001,34.55005,15.60001,34.55005,15.60001,34.55005]}]}}}}}},[0]]],0,0,[0],[-1],[0]]