[1,["ecpdLyjvZBwrvm+cedCcQy","caohSHbS5GEIzmwCrnMGn5","75qC1bxqBDSr4rJaQTvQ3Q","af3FuThF1PLqyklrmWmoJ5","d61C/zuQVIGJ7IAWakUXS9","7ctLyvz1tPbYvB6bupdcYI","22QtY+Q65AsJhNsP3QqzhI","faVX/cIgNM85EX1gLOthex","a2MjXRFdtLlYQ5ouAFv/+R","a1U5RdJRFMFL57BdJC9H1X","59dUP6nR9F/bMYCyKaYjLE","915RWSU6xMBr2arxBZnvyk","92/em+qtdJC4nTusSlUl+U","303ZM1d+ZJcY5Txk66hj/A","0bsoIV9JVEwbi1FLdsHVea","3fwrasNztE/6XJwu2srHeZ","62GTRe4E1Ee4akLd+6+GU/","ccA3P6MHpBXbv06/uAfg2O","fdqK1WUYRCi7Do7Af1b5gq","77OzK+3XFE0q1iyVXM9kVQ","9d8XenLMpE64Z4QRwvADCM","f5gSJkRdNF1ryMpsXVaTpb","f0enFH5oRIHaJNlrQsZN5S","50v16nTfZLmoWZm1hCSABM","36c01VmZhDi6wFfsJe8IMw","eej56hZehJ/5Qyitrx6MPk","19Dvclx1dGbKC+f3ZICRoX","9ePQUWsRxBcoUB8RNIB/n1","6cW4BE23tMJIWI51SKDyJn","778h5V+MFJSoLFfHH1aeli","1awGIKlJtDU5N8UZ7Cbn4H","bePHN5EBVISLaSIC/krPs0","e1FQ9CZeBDTo+nubgCFK10","b6JBuYQGVJTZBkQDbZP3nI","ce/jhappRJUKn4zwHATrBi","08oos/Q2hMc5B6fcS+S6sJ"],["node","_spriteFrame","_textureSetter","_parent","_N$file","root","word","data","plantTouchNode","lossPlantTip","lossCarTip","upBgNode","upEffectNode","bulletNode","plantZombieNode","downEffectNode","battleUINode","grassNode","bgNode","redLine","battleDownView","battleUpView","previewShadowNode","previewZombieNode","tussock","inDoorSprite","preMapSprite","mapSprite","popNode","boardNode","maskNode","tipNode","touchShowGraph","scene","previewTipPrefab","guideTipPrefab"],[["cc.Node",["_name","_active","_opacity","_id","_groupIndex","_components","_contentSize","_parent","_trs","_children","_prefab","_color","_eulerAngles","_anchorPoint"],-2,9,5,1,7,2,4,5,5,5],"cc.SpriteFrame",["cc.Sprite",["_sizeMode","_type","_isTrimmedMode","_fillStart","_fillRange","node","_materials","_spriteFrame"],-2,1,3,6],["cc.Node",["_name","_parent","_components","_contentSize","_trs","_anchorPoint","_color","_children"],2,1,2,5,7,5,5,2],["cc.Node",["_name","_active","_components","_parent","_contentSize","_trs","_prefab","_color","_children","_anchorPoint"],1,12,1,5,7,4,5,2,5],["cc.Label",["_string","_N$horizontalAlign","_N$verticalAlign","_fontSize","_lineHeight","_isSystemFontUsed","_styleFlags","node","_materials","_N$file"],-4,1,3,6],["cc.Widget",["_alignFlags","_originalWidth","_left","node"],0,1],["cc.PrefabInfo",["fileId","root","asset"],2,1,1],["cc.LabelOutline",["_width","node","_color"],2,1,5],["cc.Prefab",["_name"],2],["8c8adtgMMlIxaYhA5UfNdVR",["node","word","lossCarTip","lossPlantTip"],3,1,1,1,1],["cc.SceneAsset",["_name","asyncLoadAssets"],1],["df721QfqtJH6ISch33dy7N5",["node","bgNode","grassNode","battleUINode","downEffectNode","plantZombieNode","bulletNode","upEffectNode","upBgNode"],3,1,1,1,1,1,1,1,1,1],["43616PuMRlF4ooGSkXeY6Ka",["node"],3,1],["3114bnqbzFBEqjH2YiD/Eos",["node"],3,1],["2ae8cyvWMVGZ5KducPAy6fC",["node","mapSprite","preMapSprite","inDoorSprite","tussock","previewZombieNode","previewShadowNode","plantTouchNode","battleUpView","battleDownView","redLine"],3,1,1,1,1,1,1,1,1,1,1,1],["769a2uE36pNHoz5+DpNycx5",["node"],3,1],["cc.Canvas",["node","_designResolution"],3,1,5],["132dcxtIelN5q2Nk4+WL4Rp",["node"],3,1],["5c468O9/vFPubEpk5DzQ5Lm",["node"],3,1],["d13677cUm5Cm5ueL3UZ51Y4",["node"],3,1],["f47c5wLAAZL35lEo7ZfwU94",["enabledDebugDraw","node"],2,1],["6596eId2FRLVqFNHXeYVQ+4",["node"],3,1],["5fc2bwtxBVEhpbi01E3sB0R",["node","boardNode","popNode"],3,1,1,1],["8acf6hM6spH95r2V4yFdaI6",["node","maskNode"],3,1,1],["39a22IkorxKOZqNP3AroKAb",["node","tipNode","previewTipPrefab","guideTipPrefab"],3,1,1,6,6],["86a4cwtXIlMSrXJ0lrmrlsK",["node","plantTouchNode","touchShowGraph"],3,1,1,1],["cc.Button",["_N$transition","node","clickEvents"],2,1,9],["cc.ClickEvent",["_componentId","handler","target"],1,1],["cc.BlockInputEvents",["node"],3,1],["ac5c4atzNFKvqhf2EX+LIiv",["node"],3,1],["cc.Scene",["_name","_active","_children","_anchorPoint","_trs"],1,2,5,7],["cc.Camera",["_clearFlags","_depth","node"],1,1],["cc.BoxCollider",["tag","node","_offset","_size"],2,1,5,5],["cc.Graphics",["_lineWidth","node","_materials","_strokeColor","_fillColor"],2,1,3,5,5],["980c1Mp5PZGYaDiC5mPrVDT",["node","sunUIShowNode","sunCountLabel","sunUINode","shovelShowNode","shovel","blackShovel","guideArrow","pauseBtn"],3,1,1,1,1,1,1,1,1,1],["62cb1l/69BGA7XnrfIYDdqK",["node","coinShowNode","coinUINode","coinLabel","partLabel","partProNode","partProgress","zombieHeadNode","partFlags"],3,1,1,1,1,1,1,1,1,2],["f8bc1KUK1dFB62k9KmZdlgF",["node","word"],3,1,1]],[[6,0,3,2],[2,5,6,7,1],[0,0,7,2],[0,0,7,5,6,8,2],[7,0,1,2,2],[0,0,7,5,6,2],[2,0,5,6,7,2],[2,1,0,2,5,6,7,4],[0,0,7,5,6,13,8,2],[0,0,7,9,5,6,8,2],[8,0,1,2,2],[9,0,2],[0,0,1,7,9,5,10,11,6,8,3],[0,0,7,5,10,6,8,2],[0,0,7,9,2],[0,0,7,9,5,6,2],[0,0,1,7,9,5,6,8,3],[0,0,1,7,5,6,3],[0,0,4,7,5,6,13,8,3],[3,0,1,2,3,4,2],[7,1,2,1],[5,0,3,4,5,1,2,7,8,9,7],[5,0,3,4,6,1,2,7,8,7],[8,1,2,1],[33,0,1,2,3,2],[0,0,9,5,10,6,8,2],[0,0,2,7,5,10,11,6,8,3],[0,0,9,5,6,2],[0,0,3,9,5,6,8,3],[0,0,9,8,2],[0,0,7,9,5,8,2],[0,0,1,7,5,6,8,3],[0,0,7,5,6,8,12,2],[0,0,2,7,5,11,6,8,12,3],[0,0,9,5,10,2],[4,0,3,2,6,7,4,5,2],[4,0,1,3,8,2,5,3],[4,0,1,8,2,4,3],[4,0,3,2,7,4,9,5,2],[4,0,3,2,6,4,5,2],[3,0,1,7,2,3,5,4,2],[3,0,1,2,2],[3,0,1,2,6,3,4,2],[3,0,1,2,3,5,4,2],[3,0,1,2,6,3,5,4,2],[6,0,1,3,3],[6,0,2,3,3],[10,0,1,2,3,1],[5,0,4,5,1,2,7,8,6],[5,0,3,4,1,2,7,8,6],[5,0,3,6,1,2,7,8,6],[2,0,5,6,2],[2,5,6,1],[2,0,2,5,6,3],[2,1,0,5,6,7,3],[2,1,0,3,4,2,5,6,6],[11,0,1,3],[12,0,1,2,3,4,5,6,7,8,1],[13,0,1],[14,0,1],[15,0,1,2,3,4,5,6,7,8,9,10,1],[16,0,1],[17,0,1,1],[18,0,1],[19,0,1],[20,0,1],[21,0,1,2],[22,0,1],[23,0,1,2,1],[24,0,1,1],[25,0,1,2,3,1],[26,0,1,2,1],[27,0,1,2,2],[28,0,1,2,3],[29,0,1],[30,0,1],[31,0,1,2,3,4,3],[32,0,1,2,3],[34,0,1,2,3,4,2],[35,0,1,2,3,4,5,6,7,8,1],[36,0,1,2,3,4,5,6,7,8,1],[37,0,1,1]],[[[{"name":"sun_board","rect":[0,0,228,70],"offset":[0,0],"originalSize":[228,70],"capInsets":[0,0,0,0]}],[1],0,[0],[2],[6]],[[{"name":"sun","rect":[0,0,71,74],"offset":[0,0],"originalSize":[71,74],"capInsets":[0,0,0,0]}],[1],0,[0],[2],[7]],[[[11,"GuideTip"],[25,"GuideTip",[-7,-8,-9,-10],[[0,45,-2],[47,-6,-5,-4,-3]],[20,-1,0],[5,1280,720],[640,360,0,0,0,0,1,1,1,1]],[12,"tip_1",false,1,[-13],[[21,"保留小推车失败，-",45,50,false,1,1,-11,[5],6],[10,2,-12,[4,4278330370]]],[4,"97nD1PQXVIw7LwKnPZNYUc",1,0],[4,4279746326],[5,390.91,67],[-40,-185,0,0,0,0,1,1,1,1]],[12,"tip_2",false,1,[-16],[[21,"损失3个植物，-",45,50,false,1,1,-14,[9],10],[10,2,-15,[4,4278330370]]],[4,"cb5yUbbHpB4aQVM+ZQbCd1",1,0],[4,4279746326],[5,331.01,67],[-20,-185,0,0,0,0,1,1,1,1]],[26,"mask",153,1,[[6,0,-17,[0],1],[45,40,100,-18]],[4,"d12K1VnAJOBps+rPBnLA79",1,0],[4,4278190080],[5,1280,170],[0,-186,0,0,0,0,1,1,1,1]],[35,"tip",1,[[-19,[23,-20,[4,4278190080]]],1,4],[4,"cfegv7qWVLJ4CFzbeGWR0Z",1,0],[4,4284993522],[5,522,148.9],[0,-185,0,0,0,0,1,1,1,1]],[48,"太好了！你已经收集到了足够\n进行下一次种植的阳光！",65,false,1,1,5,[2]],[13,"win_star",2,[[1,-21,[3],4]],[4,"bbfc0wvFRJELtZRqlexW+r",1,0],[5,115,104],[250,0,0,0,0,0,1,0.8,0.8,0.8]],[13,"win_star",3,[[1,-22,[7],8]],[4,"627CTd9XRHFodUqIPeF7TB",1,0],[5,115,104],[220,0,0,0,0,0,1,0.8,0.8,0.8]]],0,[0,5,1,0,0,1,0,9,3,0,10,2,0,6,6,0,0,1,0,-1,4,0,-2,5,0,-3,2,0,-4,3,0,0,2,0,0,2,0,-1,7,0,0,3,0,0,3,0,-1,8,0,0,4,0,0,4,0,-1,6,0,0,5,0,0,7,0,0,8,0,7,1,22],[0,0,0,0,0,0,0,0,0,0,0,6],[-1,1,-1,-1,1,-1,4,-1,1,-1,4,4],[0,8,0,0,3,0,1,0,3,0,1,1]],[[[56,"main",null],[27,"battle",[-25,-26,-27,-28,-29,-30,-31,-32,-33,-34],[[0,45,-1],[57,-10,-9,-8,-7,-6,-5,-4,-3,-2],[58,-11],[59,-12],[60,-23,-22,-21,-20,-19,-18,-17,-16,-15,-14,-13],[61,-24]],[5,1280,720]],[28,"Canvas","a5esZu+45LA5mBpvttspPD",[-42,1,-43,-44,-45],[[62,-35,[5,1280,720]],[0,45,-36],[63,-37],[64,-38],[65,-39],[66,false,-40],[67,-41]],[5,1280,720],[640,360,0,0,0,0,1,1,1,1]],[14,"bg",1,[-46,-47,-48,-49,-50,-51,-52,-53]],[29,"ZombiePro",[-54,-55,-56,-57,-58,-59],[640,-360,0,0,0,0,1,1,1,1]],[15,"UI",2,[-68,-69,-70],[[0,45,-60],[68,-63,-62,-61],[69,-65,-64],[70,-67,-66,48,49]],[5,1280,720]],[36,"BattleDownUI",false,1,[-73,-74,-75],[[[0,1,-71],-72],4,1],[0,360,0,0,0,0,1,1,1,1]],[14,"ShovelNode",6,[-76,-77,-78,-79]],[37,"BattleUpUI",false,[4,-82,-83],[[[0,45,-80],-81],4,1],[5,1280,720]],[16,"coin_node",false,8,[-86,-87],[[7,1,0,false,-84,[46],47],[46,8,174,-85]],[5,290,60],[-321,-313,0,0,0,0,1,1,1,1]],[9,"SunBack",6,[-89,-90],[[1,-88,[12],13]],[5,228,70],[-214,-41,0,0,0,0,1,1,1,1]],[40,"background1",3,[-92,-93],[-91],[5,2340,720],[0,0.098,0],[-640,-360,0,0,0,0,1,1,1,1]],[30,"PlantTouch",3,[-97],[[71,-96,-95,-94]],[-450,-340,0,0,0,0,1,1,1,1]],[16,"redline",false,3,[-99],[[7,2,0,false,-98,[4],5]],[5,35,610],[-90,-23,0,0,0,0,1,1,1,1]],[3,"btn_pause",6,[[1,-100,[22],23],[72,3,-101,[[73,"980c1Mp5PZGYaDiC5mPrVDT","clickPause",6]]]],[5,85,81],[391,-53,0,0,0,0,1,1,1,0]],[15,"BattleUI",2,[8],[[0,45,-102]],[5,1280,720]],[9,"part_progress_bg",4,[-104,-105],[[7,1,0,false,-103,[28],29]],[5,338,46],[-194,31,0,0,0,0,1,1,1,1]],[17,"CommonMask",false,5,[[0,45,-106],[74,-107]],[5,1280,720]],[5,"PlantTouchNode",1,[[0,45,-108]],[5,1280,720]],[31,"tussock",false,3,[[1,-109,[6],7]],[5,315,123],[650,272,0,0,0,0,1,1,1,1]],[3,"sun",10,[[1,-110,[10],11]],[5,71,74],[-77,0,0,0,0,0,1,1,1,1]],[32,"Shovel",7,[[1,-111,[16],17]],[5,205,102],[-51,-47,0,0,0,0.27563735581699916,0.9612616959383189,0.53,0.5,0.53],[1,0,0,32]],[33,"BlackShovel",0,7,[[1,-112,[18],19]],[4,4278190080],[5,205,102],[-51,-47,0,0,0,0.27563735581699916,0.9612616959383189,0.53,0.5,0.53],[1,0,0,32]],[17,"arrow",false,7,[[1,-113,[20],21]],[5,45,52]],[5,"GameTouch",1,[[0,45,-114],[75,-115]],[5,1280,720]],[8,"FlagMeterParts1",4,[[6,2,-116,[30],31]],[5,44,46],[0,0,0.5],[-135,42,0,0,0,0,1,1,1,1]],[8,"FlagMeterParts2",4,[[6,2,-117,[32],33]],[5,44,46],[0,0,0.5],[-240,42,0,0,0,0,1,1,1,1]],[8,"FlagMeterParts3",4,[[6,2,-118,[34],35]],[5,44,46],[0,0,0.5],[-345,42,0,0,0,0,1,1,1,1]],[9,"part_txt",4,[-120],[[7,1,0,false,-119,[38],39]],[5,184,26],[-194,14,0,0,0,0,1,1,1,1]],[8,"FlagZombie",4,[[6,2,-121,[40],41]],[5,59,52],[0,1,0.5],[-15,37,0,0,0,0,1,1,1,1]],[38,"part",8,[[-122,[10,3,-123,[4,4278208621]]],1,4],[4,4284081919],[5,56.59,53.88],[0,1,0.5],[238,-328,0,0,0,0,1,1,1,1]],[3,"coin_icon",9,[[1,-124,[43],44]],[5,65,73],[-99,5,0,0,0,0,1,1,1,1]],[5,"TipNode",2,[[0,45,-125]],[5,1280,720]],[5,"Board",5,[[0,45,-126]],[5,1280,720]],[5,"PopUI",5,[[0,45,-127]],[5,1280,720]],[76,"New Node",false,[2],[0,0,0],[0,0,0,0,0,0,1,1,1,1]],[5,"Main Camera",2,[[77,7,-1,-128]],[5,1280,720]],[18,"wall_down",7,3,[[24,1,-129,[0,700,0],[5,1400,10]]],[5,1400,10],[0,0,0.5],[-450,280,0,0,0,0,1,1,1,1]],[2,"previewShadow",11],[2,"previewZombie",11],[51,2,11,[0]],[2,"grass_node",3],[41,"TouchShowGraph",12,[-130]],[78,0,42,[1],[4,2063597567],[4,2063597567]],[3,"redline_top",13,[[1,-131,[2],3]],[5,15,11],[4,310,0,0,0,0,1,1,1,1]],[18,"wall_down",7,3,[[24,3,-132,[0,700,0],[5,1400,10]]],[5,1400,10],[0,0,0.5],[-450,-326,0,0,0,0,1,1,1,1]],[19,"indoor",3,[-133],[5,153,289],[-594,-42,0,0,0,0,1,1,1,1]],[52,46,[8]],[42,"SunCount",10,[-134],[4,4278190080],[5,97.33,47.88],[30,-2,0,0,0,0,1,1,1,1]],[22,"12345",35,38,1,1,1,48,[9]],[3,"Shovel_bg",7,[[7,1,0,false,-135,[14],15]],[5,91,65],[-48,-45,0,0,0,0,1,1,1,1]],[79,6,10,49,20,7,21,22,23,14],[2,"downeffect",1],[2,"plantZombie",1],[19,"PreBg",1,[-136],[5,279,350],[-729.6,-37.3,0,0,0,0,1,1,1,1]],[53,2,false,54,[24]],[2,"bullet",1],[2,"upeffect",1],[2,"UpBg",1],[3,"part_progress_bg2",16,[[54,1,0,-137,[25],26]],[5,316,23],[1,-2,0,0,0,0,1,1,1,1]],[43,"part_progress_bar",16,[-138],[5,314,20],[0,1,0.5],[157,-1,0,0,0,0,1,1,1,1]],[55,3,2,1,-1,false,60,[27]],[3,"part_progress_txt",28,[[1,-139,[36],37]],[5,132,14],[-4,0,0,0,0,0,1,1,1,1]],[22,"1-5",35,38,1,1,1,30,[42]],[44,"coin_count",9,[-140],[4,4283689900],[5,153.21,40.32],[0,1,0.5],[123,1,0,0,0,0,1,1,1,1]],[49,"123,123456",29,32,1,1,64,[45]],[80,8,9,31,65,63,4,61,29,[25,26,27]]],0,[0,0,1,0,11,58,0,12,57,0,13,56,0,14,53,0,15,52,0,16,15,0,17,41,0,18,3,0,0,1,0,0,1,0,0,1,0,19,13,0,20,51,0,21,66,0,8,12,0,22,38,0,23,39,0,24,19,0,25,47,0,26,55,0,27,40,0,0,1,0,0,1,0,-1,3,0,-2,18,0,-3,6,0,-4,52,0,-5,53,0,-6,54,0,-7,56,0,-8,57,0,-9,58,0,-10,24,0,0,2,0,0,2,0,0,2,0,0,2,0,0,2,0,0,2,0,0,2,0,-1,36,0,-3,15,0,-4,32,0,-5,5,0,-1,37,0,-2,11,0,-3,41,0,-4,12,0,-5,13,0,-6,45,0,-7,19,0,-8,46,0,-1,16,0,-2,25,0,-3,26,0,-4,27,0,-5,28,0,-6,29,0,0,5,0,28,34,0,29,33,0,0,5,0,30,17,0,0,5,0,31,32,0,0,5,0,-1,33,0,-2,34,0,-3,17,0,0,6,0,-2,51,0,-1,10,0,-2,7,0,-3,14,0,-1,50,0,-2,21,0,-3,22,0,-4,23,0,0,8,0,-2,66,0,-2,30,0,-3,9,0,0,9,0,0,9,0,-1,31,0,-2,64,0,0,10,0,-1,48,0,-2,20,0,-1,40,0,-1,38,0,-2,39,0,32,43,0,8,18,0,0,12,0,-1,42,0,0,13,0,-1,44,0,0,14,0,0,14,0,0,15,0,0,16,0,-1,59,0,-2,60,0,0,17,0,0,17,0,0,18,0,0,19,0,0,20,0,0,21,0,0,22,0,0,23,0,0,24,0,0,24,0,0,25,0,0,26,0,0,27,0,0,28,0,-1,62,0,0,29,0,-1,63,0,0,30,0,0,31,0,0,32,0,0,33,0,0,34,0,0,36,0,0,37,0,-1,43,0,0,44,0,0,45,0,-1,47,0,-1,49,0,0,50,0,-1,55,0,0,59,0,-1,61,0,0,62,0,-1,65,0,33,35,1,3,2,2,3,35,4,3,8,8,3,15,140],[0,0,0,0,0,0,0,0,0,0,0,0,0,0,0,0,0,0,0,0,0,0,0,0,0,0,0,0,0,0,0,0,0,0,0,0,0,0,0,0,0,0,0,0,0,0,0,0,0,0,61],[-1,-1,-1,1,-1,1,-1,1,-1,-1,-1,1,-1,1,-1,1,-1,1,-1,1,-1,1,-1,1,-1,-1,1,-1,-1,1,-1,1,-1,1,-1,1,-1,1,-1,1,-1,1,-1,-1,1,-1,-1,1,34,35,1],[0,9,0,10,0,11,0,12,0,0,0,13,0,14,0,15,0,4,0,4,0,16,0,17,0,0,18,0,0,5,0,2,0,2,0,2,0,19,0,5,0,20,0,0,21,0,0,22,23,24,25]],[[{"name":"Shovel_bg","rect":[0,0,20,25],"offset":[0,0],"originalSize":[20,25],"capInsets":[7,7,7,7]}],[1],0,[0],[2],[26]],[[[11,"PreviewTip"],[34,"PreviewTip",[-4],[[81,-3,-2]],[20,-1,0]],[39,"tip",1,[[-5,[23,-6,[4,4278190080]]],1,4],[4,"5c3n+kM+NFjogopjm/GErw",1,0],[5,254,52.4],[0,-285,0,0,0,0,1,1,1,1]],[50,"这里是你的房子",36,1,1,1,2,[0]]],0,[0,5,1,0,6,3,0,0,1,0,-1,2,0,-1,3,0,0,2,0,7,1,6],[0],[-1],[0]],[[{"name":"redline_top","rect":[0,0,15,11],"offset":[0,0],"originalSize":[15,11],"capInsets":[0,0,0,0]}],[1],0,[0],[2],[27]],[[{"name":"FlagMeterParts2","rect":[0,0,44,46],"offset":[0,0],"originalSize":[44,46],"capInsets":[0,0,0,0]}],[1],0,[0],[2],[28]],[[{"name":"part_progress_txt","rect":[0,0,132,14],"offset":[0,0],"originalSize":[132,14],"capInsets":[0,0,0,0]}],[1],0,[0],[2],[29]],[[{"name":"part_progress_bg","rect":[0,0,37,36],"offset":[0,0],"originalSize":[37,36],"capInsets":[14,16,14,16]}],[1],0,[0],[2],[30]],[[{"name":"redline","rect":[0,0,35,153],"offset":[0,0],"originalSize":[35,153],"capInsets":[0,0,0,0]}],[1],0,[0],[2],[31]],[[{"name":"tussock","rect":[0,0,315,123],"offset":[0,0],"originalSize":[315,123],"capInsets":[0,0,0,0]}],[1],0,[0],[2],[32]],[[{"name":"FlagMeterParts1","rect":[0,0,59,52],"offset":[0,0],"originalSize":[59,52],"capInsets":[0,0,0,0]}],[1],0,[0],[2],[33]],[[{"name":"part_progress_bar","rect":[0,0,314,20],"offset":[0,0],"originalSize":[314,20],"capInsets":[0,0,0,0]}],[1],0,[0],[2],[34]],[[{"name":"part_progress_bg2","rect":[0,0,32,23],"offset":[0,0],"originalSize":[32,23],"capInsets":[10,0,10,0]}],[1],0,[0],[2],[35]]]]