[1,["ecpdLyjvZBwrvm+cedCcQy","0f0fPqLlhMppYQ/j+sNpYl","77ao5MeUpNcKbbXEb/z1P4","bfhrjbUAdPTIozM00l3UkP","78vFYPCZlFaJv2sNTy2EcU","15c82d3d1"],["node","_spriteFrame","_textureSetter","root","widget","data"],[["cc.Node",["_name","_active","_opacity","_prefab","_trs","_parent","_children","_components","_contentSize","_color","_anchorPoint"],0,4,7,1,2,9,5,5,5],["cc.Sprite",["_sizeMode","_isTrimmedMode","node","_materials","_spriteFrame"],1,1,3,6],["cc.Node",["_name","_parent","_components","_prefab","_contentSize","_trs","_color","_anchorPoint"],2,1,2,4,5,7,5,5],["cc.Widget",["_alignFlags","_left","node"],1,1],["cc.PrefabInfo",["fileId","root","asset"],2,1,1],"cc.SpriteFrame",["cc.Prefab",["_name"],2],["cc.Node",["_name","_parent","_children","_components","_prefab","_contentSize","_anchorPoint","_trs"],2,1,2,12,4,5,5,7],["7618fDpLWdEeIIeX3WkhaY6",["node","cardList"],3,1,2],["42313kvA4BFtrzlzDcwp0vx",["leftOffset","node","widget"],2,1,1],["cc.Mask",["node","_materials"],3,1,3],["cc.Label",["_string","_fontSize","_lineHeight","_N$horizontalAlign","_N$verticalAlign","_N$overflow","node","_materials"],-3,1,3],["3b719bhP+NDUpgv/kC7a5T2",["node","cardIcon","priceLabel","mask","selectTag"],3,1,1,1,1,1]],[[4,0,1,2,2],[1,2,3,4,1],[0,0,5,7,3,8,4,2],[0,0,5,6,7,3,8,4,2],[1,0,1,2,3,4,3],[7,0,1,2,3,4,5,6,7,2],[0,0,2,5,7,3,9,8,10,3],[2,0,1,2,3,4,5,2],[2,0,1,2,3,6,4,7,5,2],[1,0,1,2,3,3],[10,0,1,1],[11,0,1,2,3,4,5,6,7,7],[12,0,1,2,3,4,1],[0,0,1,5,6,3,4,3],[6,0,2],[0,0,6,7,3,8,4,2],[0,0,5,6,3,4,2],[3,0,2,2],[3,0,1,2,3],[8,0,1,1],[4,1,2,1],[9,0,1,2,2]],[[[{"name":"zombie_slot","rect":[282,927,136,82],"offset":[0,0],"originalSize":[136,82],"capInsets":[0,0,0,0]}],[5],0,[0],[2],[5]],[[[14,"ZombieSelectView"],[15,"ZombieSelectView",[-13],[[17,45,-2],[19,-12,[-3,-4,-5,-6,-7,-8,-9,-10,-11]]],[20,-1,0],[5,1280,720],[640,360,0,0,0,0,1,1,1,1]],[5,"CardContent",1,[-17,-18,-19,-20,-21,-22,-23,-24,-25],[[-14,[21,50,-16,-15]],1,4],[0,"c65tkZAQpOFr6WWLZALlUf",1,0],[5,150,660],[0,0,1],[-617,348,0,0,0,0,1,1,1,1]],[5,"ZombieCard1",2,[-28,-29,-30,-31],[[[1,-26,[15],16],-27],4,1],[0,"1aPGaEopBELLTRs35GBQG2",1,0],[5,136,82],[0,0,0.5],[2,-37,0,0,0,0,1,1,1,1]],[5,"ZombieCard2",2,[-34,-35,-36,-37],[[[1,-32,[32],33],-33],4,1],[0,"0848QU6xBD7ZQFyxtZC5E0",1,0],[5,136,82],[0,0,0.5],[2,-115,0,0,0,0,1,1,1,1]],[5,"ZombieCard3",2,[-40,-41,-42,-43],[[[1,-38,[49],50],-39],4,1],[0,"3dlk7d8LVPWoUqRUEC71nc",1,0],[5,136,82],[0,0,0.5],[2,-193,0,0,0,0,1,1,1,1]],[5,"ZombieCard4",2,[-46,-47,-48,-49],[[[1,-44,[66],67],-45],4,1],[0,"c0gscom5tDUbk1cmXB8xSp",1,0],[5,136,82],[0,0,0.5],[2,-271,0,0,0,0,1,1,1,1]],[5,"ZombieCard5",2,[-52,-53,-54,-55],[[[1,-50,[83],84],-51],4,1],[0,"3cdp79FfNCeoicxfqxeYpv",1,0],[5,136,82],[0,0,0.5],[2,-349,0,0,0,0,1,1,1,1]],[5,"ZombieCard6",2,[-58,-59,-60,-61],[[[1,-56,[100],101],-57],4,1],[0,"c5BwkONjNH0I/SVGsaR9UN",1,0],[5,136,82],[0,0,0.5],[2,-427,0,0,0,0,1,1,1,1]],[5,"ZombieCard7",2,[-64,-65,-66,-67],[[[1,-62,[117],118],-63],4,1],[0,"65YQ6DnKBNeYUzPLn/6sQC",1,0],[5,136,82],[0,0,0.5],[2,-505,0,0,0,0,1,1,1,1]],[5,"ZombieCard8",2,[-70,-71,-72,-73],[[[1,-68,[134],135],-69],4,1],[0,"0ebM4FUl1MXo/FZX8biYIQ",1,0],[5,136,82],[0,0,0.5],[2,-583,0,0,0,0,1,1,1,1]],[5,"ZombieCard9",2,[-76,-77,-78,-79],[[[1,-74,[151],152],-75],4,1],[0,"42DKFYBChJP7UYFUMAhJm4",1,0],[5,136,82],[0,0,0.5],[2,-661,0,0,0,0,1,1,1,1]],[16,"selected",3,[-80,-81,-82,-83],[0,"8auRLvHy1NvIQsVIbp9faQ",1,0],[-3,0,0,0,0,0,1,1,1,1]],[13,"selected",false,4,[-84,-85,-86,-87],[0,"aaHs6jd9ZGaKswX3ifSGf/",1,0],[-3,0,0,0,0,0,1,1,1,1]],[13,"selected",false,5,[-88,-89,-90,-91],[0,"6dOiJKGl9O4bmJzWpH7Wnp",1,0],[-3,0,0,0,0,0,1,1,1,1]],[13,"selected",false,6,[-92,-93,-94,-95],[0,"66tJag1+NIur4W8R5p2pqV",1,0],[-3,0,0,0,0,0,1,1,1,1]],[13,"selected",false,7,[-96,-97,-98,-99],[0,"9eI+1GLGJFyb1TzVIYVii1",1,0],[-3,0,0,0,0,0,1,1,1,1]],[13,"selected",false,8,[-100,-101,-102,-103],[0,"49zD7a08NIyr5NBL7B0Fe/",1,0],[-3,0,0,0,0,0,1,1,1,1]],[13,"selected",false,9,[-104,-105,-106,-107],[0,"a2ao0xkF1PpL0IUoqhuhM3",1,0],[-3,0,0,0,0,0,1,1,1,1]],[13,"selected",false,10,[-108,-109,-110,-111],[0,"b2GV/u0WJOh7KSMiZj7P8X",1,0],[-3,0,0,0,0,0,1,1,1,1]],[13,"selected",false,11,[-112,-113,-114,-115],[0,"13CIyx2aVKeLBKvOxlh0+I",1,0],[-3,0,0,0,0,0,1,1,1,1]],[3,"Card",3,[-117],[[10,-116,[1]]],[0,"4easSx/c1FKIGFUX69fJoa",1,0],[5,110,55],[68,0,0,0,0,0,1,1,1,1]],[3,"price_bg",3,[-119],[[4,2,false,-118,[3],4]],[0,"34/1JcMYtIloSlbFYc/yoB",1,0],[5,57,31],[100,-19.7,0,0,0,0,1,1,1,1]],[6,"mask",155,3,[[4,0,false,-120,[5],6]],[0,"a3xq23Wz5DNLJOAm/J+asx",1,0],[4,4278190080],[5,130,75],[0,0,0.5]],[3,"Card",4,[-122],[[10,-121,[18]]],[0,"3f+q1BwF9B4rZpZchScL3u",1,0],[5,110,55],[68,0,0,0,0,0,1,1,1,1]],[3,"price_bg",4,[-124],[[4,2,false,-123,[20],21]],[0,"a64DW0nDNBD4btlF65Oj9n",1,0],[5,57,31],[100,-19.7,0,0,0,0,1,1,1,1]],[6,"mask",155,4,[[4,0,false,-125,[22],23]],[0,"5dUqR2jixN7qs0+oEga6Qm",1,0],[4,4278190080],[5,130,75],[0,0,0.5]],[3,"Card",5,[-127],[[10,-126,[35]]],[0,"b8deqlPdhC1rGmf1PdCsfr",1,0],[5,110,55],[68,0,0,0,0,0,1,1,1,1]],[3,"price_bg",5,[-129],[[4,2,false,-128,[37],38]],[0,"b9v8HV43RLN43sSmQBAk2Q",1,0],[5,57,31],[100,-19.7,0,0,0,0,1,1,1,1]],[6,"mask",155,5,[[4,0,false,-130,[39],40]],[0,"c7pYQMrT1CVaKuGJY6dbjt",1,0],[4,4278190080],[5,130,75],[0,0,0.5]],[3,"Card",6,[-132],[[10,-131,[52]]],[0,"d4V2nWMD1FYrAqFsoMWm7s",1,0],[5,110,55],[68,0,0,0,0,0,1,1,1,1]],[3,"price_bg",6,[-134],[[4,2,false,-133,[54],55]],[0,"02EFkdlUxDVJxSb46FCd7V",1,0],[5,57,31],[100,-19.7,0,0,0,0,1,1,1,1]],[6,"mask",155,6,[[4,0,false,-135,[56],57]],[0,"83SfAWjuVH57l1cpns0nsu",1,0],[4,4278190080],[5,130,75],[0,0,0.5]],[3,"Card",7,[-137],[[10,-136,[69]]],[0,"a9zrnDaDdMVKcztI336lcz",1,0],[5,110,55],[68,0,0,0,0,0,1,1,1,1]],[3,"price_bg",7,[-139],[[4,2,false,-138,[71],72]],[0,"dbkswzEP1HlLDLqtbsAkXP",1,0],[5,57,31],[100,-19.7,0,0,0,0,1,1,1,1]],[6,"mask",155,7,[[4,0,false,-140,[73],74]],[0,"5eg7vu939FdYiRR6omFUPz",1,0],[4,4278190080],[5,130,75],[0,0,0.5]],[3,"Card",8,[-142],[[10,-141,[86]]],[0,"aaX3bqTutIM7GBloqzwlbU",1,0],[5,110,55],[68,0,0,0,0,0,1,1,1,1]],[3,"price_bg",8,[-144],[[4,2,false,-143,[88],89]],[0,"00akE+ASdB+KVqmLE8NtsG",1,0],[5,57,31],[100,-19.7,0,0,0,0,1,1,1,1]],[6,"mask",155,8,[[4,0,false,-145,[90],91]],[0,"24qZjRYwRGuaVa3PDwh53i",1,0],[4,4278190080],[5,130,75],[0,0,0.5]],[3,"Card",9,[-147],[[10,-146,[103]]],[0,"dc9W3V5J5E3aBpq6ekyc+f",1,0],[5,110,55],[68,0,0,0,0,0,1,1,1,1]],[3,"price_bg",9,[-149],[[4,2,false,-148,[105],106]],[0,"e016baCcxCZKnix9VRMc8G",1,0],[5,57,31],[100,-19.7,0,0,0,0,1,1,1,1]],[6,"mask",155,9,[[4,0,false,-150,[107],108]],[0,"3fmCrpZBdJP7YL0frU3vpJ",1,0],[4,4278190080],[5,130,75],[0,0,0.5]],[3,"Card",10,[-152],[[10,-151,[120]]],[0,"2cYTzpcZNLKaR+tzAUj6lc",1,0],[5,110,55],[68,0,0,0,0,0,1,1,1,1]],[3,"price_bg",10,[-154],[[4,2,false,-153,[122],123]],[0,"d8sVNkcjhCbo0RF1XXTOy8",1,0],[5,57,31],[100,-19.7,0,0,0,0,1,1,1,1]],[6,"mask",155,10,[[4,0,false,-155,[124],125]],[0,"b1+CjIPSNClImKk1l4azho",1,0],[4,4278190080],[5,130,75],[0,0,0.5]],[3,"Card",11,[-157],[[10,-156,[137]]],[0,"e7cWpwFBxEkrQhlD/eYDUB",1,0],[5,110,55],[68,0,0,0,0,0,1,1,1,1]],[3,"price_bg",11,[-159],[[4,2,false,-158,[139],140]],[0,"5dFCdCca9PPI9hrMarOZLt",1,0],[5,57,31],[100,-19.7,0,0,0,0,1,1,1,1]],[6,"mask",155,11,[[4,0,false,-160,[141],142]],[0,"eexF1creFAKYx9o/uQZ1Fj",1,0],[4,4278190080],[5,130,75],[0,0,0.5]],[7,"Icon",21,[-161],[0,"77ddo7N6BFL6LDY967p03L",1,0],[5,128,198],[0,0,0,0,0,0,1,0.47,0.47,1]],[9,2,false,48,[0]],[8,"price",22,[-162],[0,"28BB1h1pBJUrQojI1ttAC3",1,0],[4,4278190080],[5,51,42.84],[0,1,0.5],[22,-1,0,0,0,0,1,1,1,1]],[11,"50",27,30,2,1,2,50,[2]],[2,"select_light",12,[[1,-163,[7],8]],[0,"67uUxaDRlJzIMR0M6WPCSX",1,0],[5,81,64],[23,23,0,0,0,0,1,1,1,1]],[2,"select_light copy",12,[[1,-164,[9],10]],[0,"bds3qxErxBgYzHOxY/PeWj",1,0],[5,81,64],[113,23,0,0,0,0,1,-1,1,1]],[2,"select_light copy",12,[[1,-165,[11],12]],[0,"4cSdLJ+kFGK4Wlrc9H1T80",1,0],[5,81,64],[113,-23,0,0,0,0,1,-1,-1,1]],[2,"select_light copy",12,[[1,-166,[13],14]],[0,"3eSVLgSQ9JcrQ9REC5vPTg",1,0],[5,81,64],[23,-23,0,0,0,0,1,1,-1,1]],[12,3,49,51,23,12],[7,"Icon",24,[-167],[0,"ee/jPbjn9CbbZ8r9IwMyNi",1,0],[5,128,198],[0,0,0,0,0,0,1,0.47,0.47,1]],[9,2,false,57,[17]],[8,"price",25,[-168],[0,"09QnCBIwVOxZc6w0wKUqc+",1,0],[4,4278190080],[5,51,42.84],[0,1,0.5],[22,-1,0,0,0,0,1,1,1,1]],[11,"50",27,30,2,1,2,59,[19]],[2,"select_light",13,[[1,-169,[24],25]],[0,"b7+WwUQeNLm7t3fraC6u7e",1,0],[5,81,64],[23,23,0,0,0,0,1,1,1,1]],[2,"select_light copy",13,[[1,-170,[26],27]],[0,"8el7uKumFPobjbbFDE8ik+",1,0],[5,81,64],[113,23,0,0,0,0,1,-1,1,1]],[2,"select_light copy",13,[[1,-171,[28],29]],[0,"86w0+PquZESIYlOFHnEvgt",1,0],[5,81,64],[113,-23,0,0,0,0,1,-1,-1,1]],[2,"select_light copy",13,[[1,-172,[30],31]],[0,"48F8njlHNDDK+41CKLj8Qv",1,0],[5,81,64],[23,-23,0,0,0,0,1,1,-1,1]],[12,4,58,60,26,13],[7,"Icon",27,[-173],[0,"deFzZlz45DFb3QUfzZD8WL",1,0],[5,128,198],[0,0,0,0,0,0,1,0.47,0.47,1]],[9,2,false,66,[34]],[8,"price",28,[-174],[0,"19L8pvN3tOBrDQ5cwJiJ4s",1,0],[4,4278190080],[5,51,42.84],[0,1,0.5],[22,-1,0,0,0,0,1,1,1,1]],[11,"50",27,30,2,1,2,68,[36]],[2,"select_light",14,[[1,-175,[41],42]],[0,"ecl1/DSnxN1oE5V1cT7RHe",1,0],[5,81,64],[23,23,0,0,0,0,1,1,1,1]],[2,"select_light copy",14,[[1,-176,[43],44]],[0,"66QHSAIsFK0oFecJqvD1b3",1,0],[5,81,64],[113,23,0,0,0,0,1,-1,1,1]],[2,"select_light copy",14,[[1,-177,[45],46]],[0,"7dxXbqsqJF95L9BPyYdhvH",1,0],[5,81,64],[113,-23,0,0,0,0,1,-1,-1,1]],[2,"select_light copy",14,[[1,-178,[47],48]],[0,"32nh1MiDtKJZ06X7/nEhYW",1,0],[5,81,64],[23,-23,0,0,0,0,1,1,-1,1]],[12,5,67,69,29,14],[7,"Icon",30,[-179],[0,"793s8iiLJFRLK9pxmTS1Od",1,0],[5,128,198],[0,0,0,0,0,0,1,0.47,0.47,1]],[9,2,false,75,[51]],[8,"price",31,[-180],[0,"dceDqp885IlYZlfnJUbTsa",1,0],[4,4278190080],[5,51,42.84],[0,1,0.5],[22,-1,0,0,0,0,1,1,1,1]],[11,"50",27,30,2,1,2,77,[53]],[2,"select_light",15,[[1,-181,[58],59]],[0,"e7dqpsId5DR47XcVZ5iQ+R",1,0],[5,81,64],[23,23,0,0,0,0,1,1,1,1]],[2,"select_light copy",15,[[1,-182,[60],61]],[0,"07u0uyHJJD0rO1OjyeNE2Z",1,0],[5,81,64],[113,23,0,0,0,0,1,-1,1,1]],[2,"select_light copy",15,[[1,-183,[62],63]],[0,"139jzPJMdNM6dFe4tnVWiH",1,0],[5,81,64],[113,-23,0,0,0,0,1,-1,-1,1]],[2,"select_light copy",15,[[1,-184,[64],65]],[0,"27ryy7lT5CL7Wt4Hv5WCL2",1,0],[5,81,64],[23,-23,0,0,0,0,1,1,-1,1]],[12,6,76,78,32,15],[7,"Icon",33,[-185],[0,"ecv3dRiLtO6Kx720qgdIDI",1,0],[5,128,198],[0,0,0,0,0,0,1,0.47,0.47,1]],[9,2,false,84,[68]],[8,"price",34,[-186],[0,"537K+bfjpLkIrWeLVlgiVJ",1,0],[4,4278190080],[5,51,42.84],[0,1,0.5],[22,-1,0,0,0,0,1,1,1,1]],[11,"50",27,30,2,1,2,86,[70]],[2,"select_light",16,[[1,-187,[75],76]],[0,"2bqaRIRFdEJbgqxQ99rJsg",1,0],[5,81,64],[23,23,0,0,0,0,1,1,1,1]],[2,"select_light copy",16,[[1,-188,[77],78]],[0,"7ejxZbRMdM/Zo/iLU7HTt7",1,0],[5,81,64],[113,23,0,0,0,0,1,-1,1,1]],[2,"select_light copy",16,[[1,-189,[79],80]],[0,"463PrEVE1PkqT33seFVeRY",1,0],[5,81,64],[113,-23,0,0,0,0,1,-1,-1,1]],[2,"select_light copy",16,[[1,-190,[81],82]],[0,"24h+o2m1tCA64bRxchmtD7",1,0],[5,81,64],[23,-23,0,0,0,0,1,1,-1,1]],[12,7,85,87,35,16],[7,"Icon",36,[-191],[0,"edwsmvi1xP8qEO9/AXzGGN",1,0],[5,128,198],[0,0,0,0,0,0,1,0.47,0.47,1]],[9,2,false,93,[85]],[8,"price",37,[-192],[0,"e2iDLmSYZKHLMaSKTE/53B",1,0],[4,4278190080],[5,51,42.84],[0,1,0.5],[22,-1,0,0,0,0,1,1,1,1]],[11,"50",27,30,2,1,2,95,[87]],[2,"select_light",17,[[1,-193,[92],93]],[0,"6apfMIlF1CCLSRD8t5HVM9",1,0],[5,81,64],[23,23,0,0,0,0,1,1,1,1]],[2,"select_light copy",17,[[1,-194,[94],95]],[0,"a1/ZdnxlBC9o4LV4rDV4sx",1,0],[5,81,64],[113,23,0,0,0,0,1,-1,1,1]],[2,"select_light copy",17,[[1,-195,[96],97]],[0,"6d1b0OslNGZ7yOg1I327+a",1,0],[5,81,64],[113,-23,0,0,0,0,1,-1,-1,1]],[2,"select_light copy",17,[[1,-196,[98],99]],[0,"371nwx0ppCUIHXzFQXzZf8",1,0],[5,81,64],[23,-23,0,0,0,0,1,1,-1,1]],[12,8,94,96,38,17],[7,"Icon",39,[-197],[0,"f4GkmxYLVJdrvRe39zUM8b",1,0],[5,128,198],[0,0,0,0,0,0,1,0.47,0.47,1]],[9,2,false,102,[102]],[8,"price",40,[-198],[0,"f0khzqnrRHHrzxCSUXnzZn",1,0],[4,4278190080],[5,51,42.84],[0,1,0.5],[22,-1,0,0,0,0,1,1,1,1]],[11,"50",27,30,2,1,2,104,[104]],[2,"select_light",18,[[1,-199,[109],110]],[0,"ffjMtwuspGKrYGbsKC2ADh",1,0],[5,81,64],[23,23,0,0,0,0,1,1,1,1]],[2,"select_light copy",18,[[1,-200,[111],112]],[0,"64lv3Qy/JIQo3YcMP6nZML",1,0],[5,81,64],[113,23,0,0,0,0,1,-1,1,1]],[2,"select_light copy",18,[[1,-201,[113],114]],[0,"91hKEEyVBMI4a/o7fVX68p",1,0],[5,81,64],[113,-23,0,0,0,0,1,-1,-1,1]],[2,"select_light copy",18,[[1,-202,[115],116]],[0,"c2YUdrgtlFdKWHN3mf4uMa",1,0],[5,81,64],[23,-23,0,0,0,0,1,1,-1,1]],[12,9,103,105,41,18],[7,"Icon",42,[-203],[0,"bcsPn97G1PO7THmMlBoohr",1,0],[5,128,198],[0,0,0,0,0,0,1,0.47,0.47,1]],[9,2,false,111,[119]],[8,"price",43,[-204],[0,"1coiKbNz5NZoLJbHwK5mxw",1,0],[4,4278190080],[5,51,42.84],[0,1,0.5],[22,-1,0,0,0,0,1,1,1,1]],[11,"50",27,30,2,1,2,113,[121]],[2,"select_light",19,[[1,-205,[126],127]],[0,"b1YIHAld9OSqxGYr/sV7vX",1,0],[5,81,64],[23,23,0,0,0,0,1,1,1,1]],[2,"select_light copy",19,[[1,-206,[128],129]],[0,"21tjYmd75Fo4rEER6wLy1B",1,0],[5,81,64],[113,23,0,0,0,0,1,-1,1,1]],[2,"select_light copy",19,[[1,-207,[130],131]],[0,"08uWUtw9FJNo50cZkbogv8",1,0],[5,81,64],[113,-23,0,0,0,0,1,-1,-1,1]],[2,"select_light copy",19,[[1,-208,[132],133]],[0,"3eRjH+b9RJKLUdEsbNckIq",1,0],[5,81,64],[23,-23,0,0,0,0,1,1,-1,1]],[12,10,112,114,44,19],[7,"Icon",45,[-209],[0,"7cKAxQGdNKso6DIrstMnLw",1,0],[5,128,198],[0,0,0,0,0,0,1,0.47,0.47,1]],[9,2,false,120,[136]],[8,"price",46,[-210],[0,"5eHeQMx7FMx6Jc4Q1uDA6O",1,0],[4,4278190080],[5,51,42.84],[0,1,0.5],[22,-1,0,0,0,0,1,1,1,1]],[11,"50",27,30,2,1,2,122,[138]],[2,"select_light",20,[[1,-211,[143],144]],[0,"704uJnnRlNPYhfSz7k0dis",1,0],[5,81,64],[23,23,0,0,0,0,1,1,1,1]],[2,"select_light copy",20,[[1,-212,[145],146]],[0,"a2HnJDUW5AYo2Y1gyG1/hB",1,0],[5,81,64],[113,23,0,0,0,0,1,-1,1,1]],[2,"select_light copy",20,[[1,-213,[147],148]],[0,"dbrTckYqNIIqXx+inpbrVh",1,0],[5,81,64],[113,-23,0,0,0,0,1,-1,-1,1]],[2,"select_light copy",20,[[1,-214,[149],150]],[0,"a2EV3ktTVKOKuS1WlvYR5W",1,0],[5,81,64],[23,-23,0,0,0,0,1,1,-1,1]],[12,11,121,123,47,20],[18,8,23,2]],0,[0,3,1,0,0,1,0,-1,56,0,-2,65,0,-3,74,0,-4,83,0,-5,92,0,-6,101,0,-7,110,0,-8,119,0,-9,128,0,0,1,0,-1,2,0,-1,129,0,4,129,0,0,2,0,-1,3,0,-2,4,0,-3,5,0,-4,6,0,-5,7,0,-6,8,0,-7,9,0,-8,10,0,-9,11,0,0,3,0,-2,56,0,-1,21,0,-2,22,0,-3,23,0,-4,12,0,0,4,0,-2,65,0,-1,24,0,-2,25,0,-3,26,0,-4,13,0,0,5,0,-2,74,0,-1,27,0,-2,28,0,-3,29,0,-4,14,0,0,6,0,-2,83,0,-1,30,0,-2,31,0,-3,32,0,-4,15,0,0,7,0,-2,92,0,-1,33,0,-2,34,0,-3,35,0,-4,16,0,0,8,0,-2,101,0,-1,36,0,-2,37,0,-3,38,0,-4,17,0,0,9,0,-2,110,0,-1,39,0,-2,40,0,-3,41,0,-4,18,0,0,10,0,-2,119,0,-1,42,0,-2,43,0,-3,44,0,-4,19,0,0,11,0,-2,128,0,-1,45,0,-2,46,0,-3,47,0,-4,20,0,-1,52,0,-2,53,0,-3,54,0,-4,55,0,-1,61,0,-2,62,0,-3,63,0,-4,64,0,-1,70,0,-2,71,0,-3,72,0,-4,73,0,-1,79,0,-2,80,0,-3,81,0,-4,82,0,-1,88,0,-2,89,0,-3,90,0,-4,91,0,-1,97,0,-2,98,0,-3,99,0,-4,100,0,-1,106,0,-2,107,0,-3,108,0,-4,109,0,-1,115,0,-2,116,0,-3,117,0,-4,118,0,-1,124,0,-2,125,0,-3,126,0,-4,127,0,0,21,0,-1,48,0,0,22,0,-1,50,0,0,23,0,0,24,0,-1,57,0,0,25,0,-1,59,0,0,26,0,0,27,0,-1,66,0,0,28,0,-1,68,0,0,29,0,0,30,0,-1,75,0,0,31,0,-1,77,0,0,32,0,0,33,0,-1,84,0,0,34,0,-1,86,0,0,35,0,0,36,0,-1,93,0,0,37,0,-1,95,0,0,38,0,0,39,0,-1,102,0,0,40,0,-1,104,0,0,41,0,0,42,0,-1,111,0,0,43,0,-1,113,0,0,44,0,0,45,0,-1,120,0,0,46,0,-1,122,0,0,47,0,-1,49,0,-1,51,0,0,52,0,0,53,0,0,54,0,0,55,0,-1,58,0,-1,60,0,0,61,0,0,62,0,0,63,0,0,64,0,-1,67,0,-1,69,0,0,70,0,0,71,0,0,72,0,0,73,0,-1,76,0,-1,78,0,0,79,0,0,80,0,0,81,0,0,82,0,-1,85,0,-1,87,0,0,88,0,0,89,0,0,90,0,0,91,0,-1,94,0,-1,96,0,0,97,0,0,98,0,0,99,0,0,100,0,-1,103,0,-1,105,0,0,106,0,0,107,0,0,108,0,0,109,0,-1,112,0,-1,114,0,0,115,0,0,116,0,0,117,0,0,118,0,-1,121,0,-1,123,0,0,124,0,0,125,0,0,126,0,0,127,0,5,1,214],[0,0,0,0,0,0,0,0,0,0,0,0,0,0,0,0,0,0,0,0,0,0,0,0,0,0,0,0,0,0,0,0,0,0,0,0,0,0,0,0,0,0,0,0,0,0,0,0,0,0,0,0,0,0,0,0,0,0,0,0,0,0,0,0,0,0,0,0,0,0,0,0,0,0,0,0,0,0,0,0,0,0,0,0,0,0,0,0,0,0,0,0,0,0,0,0,0,0,0,0,0,0,0,0,0,0,0,0,0,0,0,0,0,0,0,0,0,0,0,0,0,0,0,0,0,0,0,0,0,0,0,0,0,0,0,0,0,0,0,0,0,0,0,0,0,0,0,0,0,0,0,0,0],[-1,-1,-1,-1,1,-1,1,-1,1,-1,1,-1,1,-1,1,-1,1,-1,-1,-1,-1,1,-1,1,-1,1,-1,1,-1,1,-1,1,-1,1,-1,-1,-1,-1,1,-1,1,-1,1,-1,1,-1,1,-1,1,-1,1,-1,-1,-1,-1,1,-1,1,-1,1,-1,1,-1,1,-1,1,-1,1,-1,-1,-1,-1,1,-1,1,-1,1,-1,1,-1,1,-1,1,-1,1,-1,-1,-1,-1,1,-1,1,-1,1,-1,1,-1,1,-1,1,-1,1,-1,-1,-1,-1,1,-1,1,-1,1,-1,1,-1,1,-1,1,-1,1,-1,-1,-1,-1,1,-1,1,-1,1,-1,1,-1,1,-1,1,-1,1,-1,-1,-1,-1,1,-1,1,-1,1,-1,1,-1,1,-1,1,-1,1],[0,0,0,0,2,0,3,0,1,0,1,0,1,0,1,0,4,0,0,0,0,2,0,3,0,1,0,1,0,1,0,1,0,4,0,0,0,0,2,0,3,0,1,0,1,0,1,0,1,0,4,0,0,0,0,2,0,3,0,1,0,1,0,1,0,1,0,4,0,0,0,0,2,0,3,0,1,0,1,0,1,0,1,0,4,0,0,0,0,2,0,3,0,1,0,1,0,1,0,1,0,4,0,0,0,0,2,0,3,0,1,0,1,0,1,0,1,0,4,0,0,0,0,2,0,3,0,1,0,1,0,1,0,1,0,4,0,0,0,0,2,0,3,0,1,0,1,0,1,0,1,0,4]]]]