[1,["3chtreKS9OvaRne66njVeK"],0,[["sp.SkeletonData",["_name","_atlasText","textureNames","_skeletonJson","textures"],-1,3]],[[0,0,1,2,3,4,5]],[[0,"Zombie_pogo","\nZombie_pogo.png\nsize: 512,128\nformat: RGBA8888\nfilter: Linear,Linear\nrepeat: none\nbashou1\n  rotate: true\n  xy: 176, 55\n  size: 38, 31\n  orig: 39, 31\n  offset: 1, 0\n  index: -1\nbashou2\n  rotate: false\n  xy: 192, 95\n  size: 38, 31\n  orig: 39, 36\n  offset: 1, 0\n  index: -1\nbashou3\n  rotate: false\n  xy: 151, 95\n  size: 39, 31\n  orig: 39, 36\n  offset: 0, 0\n  index: -1\ndanshou\n  rotate: false\n  xy: 99, 95\n  size: 50, 31\n  orig: 51, 34\n  offset: 1, 0\n  index: -1\nshenti\n  rotate: false\n  xy: 2, 73\n  size: 49, 53\n  orig: 49, 53\n  offset: 0, 0\n  index: -1\ntaban1\n  rotate: false\n  xy: 53, 81\n  size: 44, 45\n  orig: 44, 45\n  offset: 0, 0\n  index: -1\ntaban2\n  rotate: false\n  xy: 52, 25\n  size: 44, 46\n  orig: 44, 46\n  offset: 0, 0\n  index: -1\ntaban3\n  rotate: false\n  xy: 98, 33\n  size: 41, 46\n  orig: 42, 46\n  offset: 0, 0\n  index: -1\ntiaogan\n  rotate: true\n  xy: 2, 3\n  size: 16, 58\n  orig: 16, 58\n  offset: 0, 0\n  index: -1\ntou\n  rotate: true\n  xy: 2, 21\n  size: 50, 48\n  orig: 50, 48\n  offset: 0, 0\n  index: -1\ntoufa\n  rotate: false\n  xy: 100, 5\n  size: 49, 26\n  orig: 50, 26\n  offset: 0, 0\n  index: -1\nxiaba\n  rotate: true\n  xy: 239, 9\n  size: 28, 21\n  orig: 30, 21\n  offset: 0, 0\n  index: -1\nyanjing\n  rotate: false\n  xy: 151, 3\n  size: 45, 28\n  orig: 45, 28\n  offset: 0, 0\n  index: -1\nyoudabi\n  rotate: false\n  xy: 286, 30\n  size: 15, 20\n  orig: 15, 24\n  offset: 0, 4\n  index: -1\nyoudatui\n  rotate: false\n  xy: 232, 98\n  size: 28, 28\n  orig: 29, 29\n  offset: 0, 1\n  index: -1\nyoujiao\n  rotate: false\n  xy: 62, 2\n  size: 36, 21\n  orig: 36, 21\n  offset: 0, 0\n  index: -1\nyoushou\n  rotate: true\n  xy: 141, 33\n  size: 18, 20\n  orig: 19, 21\n  offset: 0, 0\n  index: -1\nyoushou1\n  rotate: false\n  xy: 279, 52\n  size: 20, 22\n  orig: 20, 22\n  offset: 0, 0\n  index: -1\nyouxiaobi\n  rotate: true\n  xy: 262, 102\n  size: 24, 19\n  orig: 26, 19\n  offset: 1, 0\n  index: -1\nyouxiaotui\n  rotate: false\n  xy: 238, 64\n  size: 22, 32\n  orig: 22, 32\n  offset: 0, 0\n  index: -1\nyouyan\n  rotate: false\n  xy: 59, 75\n  size: 3, 4\n  orig: 4, 4\n  offset: 0, 0\n  index: -1\nyouyanzhu\n  rotate: true\n  xy: 286, 14\n  size: 14, 13\n  orig: 14, 13\n  offset: 0, 0\n  index: -1\nzuodabi\n  rotate: true\n  xy: 184, 34\n  size: 19, 32\n  orig: 19, 32\n  offset: 0, 0\n  index: -1\nzuodatui\n  rotate: false\n  xy: 141, 53\n  size: 33, 40\n  orig: 33, 42\n  offset: 0, 2\n  index: -1\nzuojiao\n  rotate: false\n  xy: 198, 9\n  size: 39, 23\n  orig: 40, 23\n  offset: 0, 0\n  index: -1\nzuoshou\n  rotate: false\n  xy: 262, 15\n  size: 22, 22\n  orig: 22, 22\n  offset: 0, 0\n  index: -1\nzuoshou1\n  rotate: true\n  xy: 209, 63\n  size: 30, 27\n  orig: 30, 27\n  offset: 0, 0\n  index: -1\nzuoshou2\n  rotate: true\n  xy: 253, 39\n  size: 23, 24\n  orig: 23, 24\n  offset: 0, 0\n  index: -1\nzuoxiaobi\n  rotate: true\n  xy: 262, 76\n  size: 24, 19\n  orig: 25, 19\n  offset: 0, 0\n  index: -1\nzuoxiaotui\n  rotate: true\n  xy: 218, 39\n  size: 22, 33\n  orig: 22, 33\n  offset: 0, 0\n  index: -1\nzuoyan\n  rotate: false\n  xy: 53, 75\n  size: 4, 4\n  orig: 5, 4\n  offset: 0, 0\n  index: -1\nzuoyanzhu\n  rotate: true\n  xy: 163, 33\n  size: 18, 19\n  orig: 18, 19\n  offset: 0, 0\n  index: -1\n",["Zombie_pogo.png"],{"skeleton":{"hash":"MMePTOpbYe577586CcnLWBAPSVo","spine":"3.8.99","x":-33.07,"y":-0.81,"width":54,"height":88,"images":"./images/","audio":"F:/Zombie03052150/第四关/Zombie_pogo"},"bones":[{"name":"root","scaleX":0.5,"scaleY":0.5},{"name":"1","parent":"root","x":8.54,"y":65.95},{"name":"bone","parent":"1","x":37.3,"y":106.35},{"name":"zuodatui","parent":"bone","length":61.59,"rotation":-123.41,"x":20.29,"y":3.72},{"name":"zuoxiaotui","parent":"zuodatui","length":48.58,"rotation":26.24,"x":66.05,"y":1.66},{"name":"youdatui","parent":"bone","length":50.44,"rotation":-132.68,"x":-15.47,"y":-7.27},{"name":"youxiaotui","parent":"youdatui","length":47.21,"rotation":29.8,"x":51.18,"y":-0.03},{"name":"shenti","parent":"bone","length":40.26,"rotation":112.73,"x":-0.72,"y":3.6},{"name":"shenti2","parent":"shenti","length":33.81,"rotation":12.2,"x":41.86,"y":-0.06},{"name":"tou","parent":"shenti2","length":68.08,"rotation":3.17,"x":36.27,"y":-0.95},{"name":"toufa","parent":"tou","x":73.14,"y":0.07},{"name":"zuoyanzhu","parent":"tou","x":27.94,"y":5.33},{"name":"zuoyan","parent":"zuoyanzhu","x":-0.51,"y":-4.77},{"name":"youyanzhu","parent":"tou","x":44.82,"y":48.27},{"name":"yanjing","parent":"tou","x":29.53,"y":36.05},{"name":"xiaba","parent":"tou","x":-6.22,"y":19.48},{"name":"xiaba2","parent":"xiaba","x":2.61,"y":23.6},{"name":"zuodabi2","parent":"shenti2","length":42.63,"rotation":155.95,"x":13.18,"y":-17.91},{"name":"zuoxiaobi","parent":"zuodabi2","length":36.4,"rotation":-60.76,"x":42.64,"y":-1.17},{"name":"youdabi","parent":"shenti2","length":27.6,"rotation":149.37,"x":23.57,"y":28.7},{"name":"youxiaobi","parent":"youdabi","length":38.93,"rotation":-58.92,"x":29.32,"y":0.33},{"name":"zuojiao","parent":"1","x":15.91,"y":4.5,"color":"ff3f00ff"},{"name":"youjiao","parent":"1","x":-24.3,"y":12.7,"color":"ff3f00ff"},{"name":"youyan","parent":"youyanzhu","x":1.07,"y":1.11},{"name":"2","parent":"root","x":-616.09,"y":21.16},{"name":"bone2","parent":"2","rotation":-8.81,"x":23.61,"y":105.73},{"name":"zuodatui2","parent":"bone2","length":61.59,"rotation":-123.41,"x":17.39,"y":5.19},{"name":"zuoxiaotui2","parent":"zuodatui2","length":48.58,"rotation":26.24,"x":66.05,"y":1.66},{"name":"youdatui2","parent":"bone2","length":50.44,"rotation":-132.68,"x":-18.6,"y":-5.11},{"name":"youxiaotui2","parent":"youdatui2","length":47.21,"rotation":29.8,"x":51.18,"y":-0.03},{"name":"shenti3","parent":"bone2","length":40.26,"rotation":110.99,"x":-0.72,"y":3.6},{"name":"shenti4","parent":"shenti3","length":33.81,"rotation":12.2,"x":41.86,"y":-0.06},{"name":"tou2","parent":"shenti4","length":68.08,"rotation":3.17,"x":37.43,"y":-2.57},{"name":"toufa2","parent":"tou2","x":73.14,"y":0.07},{"name":"zuoyanzhu2","parent":"tou2","x":27.94,"y":5.33},{"name":"zuoyan2","parent":"zuoyanzhu2","x":-0.51,"y":-4.77},{"name":"youyanzhu2","parent":"tou2","x":44.82,"y":48.27},{"name":"youyan2","parent":"youyanzhu2","x":1.07,"y":1.11},{"name":"yanjing2","parent":"tou2","x":29.53,"y":36.05},{"name":"xiaba3","parent":"tou2","x":-6.22,"y":19.48},{"name":"xiaba4","parent":"xiaba3","x":2.61,"y":23.6},{"name":"zuodabi3","parent":"shenti4","length":42.63,"rotation":166.12,"x":13.18,"y":-17.91},{"name":"zuoxiaobi2","parent":"zuodabi3","length":36.4,"rotation":-22.33,"x":42.64,"y":-1.17},{"name":"youdabi2","parent":"shenti4","length":27.6,"rotation":154.5,"x":21.43,"y":23.97},{"name":"youxiaobi2","parent":"youdabi2","length":38.93,"rotation":-14.76,"x":29.32,"y":0.33},{"name":"zuojiao2","parent":"2","length":20,"rotation":-152.1,"x":48.27,"y":4.5,"color":"ff3f00ff"},{"name":"youjiao2","parent":"2","length":20,"rotation":-27.86,"x":-18.63,"y":12.7,"color":"ff3f00ff"},{"name":"zuoshou1","parent":"zuoxiaobi2","length":30.99,"rotation":1.02,"x":36.66,"y":-0.7},{"name":"youshou1","parent":"youxiaobi2","length":30,"rotation":-2.75,"x":39.59,"y":-0.76},{"name":"danshou","parent":"1","length":37.04,"rotation":5.39,"x":-31.48,"y":85.38},{"name":"zuoba","parent":"danshou","rotation":-5.39,"x":31.61,"y":11.03,"color":"ff3f00ff"},{"name":"youba","parent":"danshou","rotation":-5.39,"x":-20.55,"y":13.79,"color":"ff3f00ff"},{"name":"taban","parent":"danshou","length":36.6,"rotation":-84.84,"x":2.71,"y":-38.95},{"name":"tiaogan","parent":"taban","length":69.45,"rotation":177.9,"x":109.34,"y":-3.23},{"name":"bashou","parent":"danshou","rotation":-83.74,"y":-2.23},{"name":"danshou2","parent":"root","length":37.04,"rotation":5.39,"x":-21.39,"y":151.33},{"name":"zuoba2","parent":"danshou2","rotation":-5.39,"x":31.61,"y":11.03,"color":"ff3f00ff"},{"name":"youba2","parent":"danshou2","rotation":-5.39,"x":-20.55,"y":13.79,"color":"ff3f00ff"},{"name":"taban2","parent":"danshou2","length":36.6,"rotation":-84.84,"x":2.71,"y":-38.95},{"name":"tiaogan2","parent":"taban2","length":69.45,"rotation":177.9,"x":109.34,"y":-3.23},{"name":"bashou2","parent":"danshou2","rotation":-83.74,"y":-2.23}],"slots":[{"name":"zhong","bone":"root","attachment":"zhong"},{"name":"youshou1","bone":"youshou1","attachment":"youshou1"},{"name":"tiaogan","bone":"tiaogan","attachment":"tiaogan"},{"name":"tiaogan2","bone":"tiaogan2","attachment":"tiaogan"},{"name":"youxiaobi","bone":"youxiaobi","attachment":"youxiaobi"},{"name":"youxiaobi2","bone":"youxiaobi2","attachment":"youxiaobi"},{"name":"youdabi","bone":"youdabi","attachment":"youdabi"},{"name":"youdabi2","bone":"youdabi2","attachment":"youdabi"},{"name":"youdatui","bone":"youdatui","attachment":"youdatui"},{"name":"youdatui2","bone":"youdatui2","attachment":"youdatui"},{"name":"youxiaotui","bone":"youxiaotui","attachment":"youxiaotui"},{"name":"youxiaotui2","bone":"youxiaotui2","attachment":"youxiaotui"},{"name":"youjiao","bone":"youjiao","attachment":"youjiao"},{"name":"youjiao2","bone":"youjiao2","attachment":"youjiao"},{"name":"taban1","bone":"taban","attachment":"taban1"},{"name":"taban2","bone":"taban2","attachment":"taban1"},{"name":"zuodatui","bone":"zuodatui","attachment":"zuodatui"},{"name":"zuodatui2","bone":"zuodatui2","attachment":"zuodatui"},{"name":"zuoxiaotui","bone":"zuoxiaotui","attachment":"zuoxiaotui"},{"name":"zuoxiaotui2","bone":"zuoxiaotui2","attachment":"zuoxiaotui"},{"name":"zuojiao","bone":"zuojiao","attachment":"zuojiao"},{"name":"zuojiao2","bone":"zuojiao2","attachment":"zuojiao"},{"name":"shenti","bone":"shenti","attachment":"shenti"},{"name":"shenti2","bone":"shenti3","attachment":"shenti"},{"name":"zuodabi","bone":"zuodabi2","attachment":"zuodabi"},{"name":"zuodabi2","bone":"zuodabi3","attachment":"zuodabi"},{"name":"zuoxiaobi","bone":"zuoxiaobi","attachment":"zuoxiaobi"},{"name":"zuoxiaobi2","bone":"zuoxiaobi2","attachment":"zuoxiaobi"},{"name":"tou","bone":"tou","attachment":"tou"},{"name":"tou2","bone":"tou2","attachment":"tou"},{"name":"youyanzhu","bone":"youyanzhu","attachment":"youyanzhu"},{"name":"youyanzhu2","bone":"youyanzhu2","attachment":"youyanzhu"},{"name":"zuoyanzhu","bone":"zuoyanzhu","attachment":"zuoyanzhu"},{"name":"zuoyanzhu2","bone":"zuoyanzhu2","attachment":"zuoyanzhu"},{"name":"zuoyan","bone":"zuoyan","attachment":"zuoyan"},{"name":"zuoyan2","bone":"zuoyan2","attachment":"zuoyan"},{"name":"xiaba","bone":"xiaba","attachment":"xiaba"},{"name":"xiaba2","bone":"xiaba3","attachment":"xiaba"},{"name":"toufa","bone":"toufa","attachment":"toufa"},{"name":"toufa2","bone":"toufa2","attachment":"toufa"},{"name":"yanjing","bone":"yanjing","attachment":"yanjing"},{"name":"yanjing2","bone":"yanjing2","attachment":"yanjing"},{"name":"danshou","bone":"danshou"},{"name":"danshou2","bone":"danshou2","attachment":"danshou"},{"name":"bashou1","bone":"bashou","attachment":"bashou1"},{"name":"bashou2","bone":"bashou2","attachment":"bashou1"},{"name":"youshou","bone":"youba","attachment":"youshou"},{"name":"youshou2","bone":"youba2","attachment":"youshou"},{"name":"zuoshou","bone":"zuoba","attachment":"zuoshou"},{"name":"zuoshou2","bone":"zuoba2","attachment":"zuoshou"},{"name":"youyan","bone":"youyan","attachment":"youyan"},{"name":"youyan2","bone":"youyan2","attachment":"youyan"},{"name":"zuoshou1","bone":"zuoshou1","attachment":"zuoshou2"}],"ik":[{"name":"youba","order":5,"target":"youba","bendPositive":false,"bones":["youdabi","youxiaobi"]},{"name":"youjiao","order":1,"target":"youjiao","bones":["youdatui","youxiaotui"]},{"name":"youjiao2","order":3,"target":"youjiao2","bendPositive":false,"bones":["youdatui2","youxiaotui2"]},{"name":"zuoba","order":4,"target":"zuoba","bendPositive":false,"bones":["zuodabi2","zuoxiaobi"]},{"name":"zuojiao","target":"zuojiao","bones":["zuodatui","zuoxiaotui"]},{"name":"zuojiao2","order":2,"target":"zuojiao2","bones":["zuodatui2","zuoxiaotui2"]}],"skins":[{"name":"taban1_1","attachments":{"bashou1":{"bashou1":{"x":14.65,"y":14.43,"rotation":78.35,"width":78,"height":61}},"bashou2":{"bashou1":{"x":14.65,"y":14.43,"rotation":78.35,"width":78,"height":61}},"danshou":{"danshou":{"x":5.24,"y":-11,"rotation":-5.39,"width":102,"height":67}},"danshou2":{"danshou":{"x":5.24,"y":-11,"rotation":-5.39,"width":102,"height":67}},"shenti":{"shenti":{"type":"mesh","hull":31,"width":97,"height":106,"uvs":[0.08823,0.09786,0.03714,0.16465,0,0.25148,0,0.38061,0.02984,0.49639,0.0858,0.60548,0.13689,0.69231,0.14176,0.78804,0.14906,0.88601,0.15636,0.94835,0.20745,0.9862,0.30963,1,0.47994,1,0.63565,0.97729,0.7792,0.94389,0.88382,0.90827,0.96167,0.89046,1,0.83703,0.97627,0.75465,0.93004,0.66337,0.89355,0.54759,0.86435,0.42514,0.85706,0.32495,0.7865,0.28265,0.66242,0.23367,0.58943,0.14684,0.5213,0.07782,0.44588,0.03107,0.33396,0,0.24881,0,0.14906,0.03107],"triangles":[3,2,1,0,4,3,1,0,3,30,5,4,0,30,4,27,6,5,27,7,6,30,29,28,27,30,28,5,30,27,20,8,7,27,25,7,26,25,27,24,7,25,18,15,19,16,18,17,21,20,24,19,14,20,16,15,18,20,7,24,23,21,24,21,23,22,19,15,14,20,13,8,8,10,9,20,14,13,8,11,10,8,12,11,13,12,8],"vertices":[88.06,13.27,83.44,20.57,76.35,27.45,63.72,32.74,51.28,34.81,38.52,34.27,28.12,33.26,18.57,36.74,8.72,40.1,2.35,42,-3.26,38.98,-8.44,30.4,-14.82,15.16,-18.44,0.3,-20.55,-13.91,-20.99,-24.73,-22.16,-32.42,-18.38,-38.04,-9.43,-39.29,1.22,-38.89,13.91,-40.37,26.98,-42.77,37.05,-46.22,43.83,-41.64,53.27,-32.54,64.49,-29.57,73.79,-26.3,81.19,-21.47,88.42,-12.73,91.61,-5.11,92.31,5.09],"edges":[0,2,2,4,4,6,6,8,8,10,10,12,12,14,14,16,16,18,18,20,20,22,22,24,24,26,26,28,28,30,30,32,32,34,34,36,36,38,38,40,40,42,42,44,44,46,46,48,48,50,50,52,52,54,54,56,56,58,58,60,0,60]}},"shenti2":{"shenti":{"type":"mesh","hull":31,"width":97,"height":106,"uvs":[0.08823,0.09786,0.03714,0.16465,0,0.25148,0,0.38061,0.02984,0.49639,0.0858,0.60548,0.13689,0.69231,0.14176,0.78804,0.14906,0.88601,0.15636,0.94835,0.20745,0.9862,0.30963,1,0.47994,1,0.63565,0.97729,0.7792,0.94389,0.88382,0.90827,0.96167,0.89046,1,0.83703,0.97627,0.75465,0.93004,0.66337,0.89355,0.54759,0.86435,0.42514,0.85706,0.32495,0.7865,0.28265,0.66242,0.23367,0.58943,0.14684,0.5213,0.07782,0.44588,0.03107,0.33396,0,0.24881,0,0.14906,0.03107],"triangles":[3,2,1,0,4,3,1,0,3,30,5,4,0,30,4,27,6,5,27,7,6,30,29,28,27,30,28,5,30,27,20,8,7,27,25,7,26,25,27,24,7,25,18,15,19,16,18,17,21,20,24,19,14,20,16,15,18,20,7,24,23,21,24,21,23,22,19,15,14,20,13,8,8,10,9,20,14,13,8,11,10,8,12,11,13,12,8],"vertices":[86.03,13.7,81.42,21.01,74.32,27.89,61.69,33.18,49.26,35.25,36.49,34.71,26.09,33.69,16.55,37.18,6.69,40.54,0.33,42.44,-5.29,39.42,-10.47,30.84,-16.85,15.6,-20.47,0.74,-22.58,-13.47,-23.02,-24.29,-24.19,-31.99,-20.41,-37.6,-11.46,-38.85,-0.8,-38.46,11.88,-39.93,24.95,-42.33,35.02,-45.78,41.8,-41.2,51.24,-32.11,62.46,-29.13,71.76,-25.86,79.16,-21.03,86.39,-12.29,89.58,-4.67,90.28,5.53],"edges":[0,2,2,4,4,6,6,8,8,10,10,12,12,14,14,16,16,18,18,20,20,22,22,24,24,26,26,28,28,30,30,32,32,34,34,36,36,38,38,40,40,42,42,44,44,46,46,48,48,50,50,52,52,54,54,56,56,58,58,60,0,60]}},"taban1":{"taban1":{"x":32.38,"y":7.59,"rotation":79.46,"width":87,"height":90}},"taban2":{"taban1":{"x":32.38,"y":7.59,"rotation":79.46,"width":87,"height":90}},"tiaogan":{"tiaogan":{"x":51.74,"y":-3.19,"rotation":-98.44,"width":31,"height":116}},"tiaogan2":{"tiaogan":{"x":51.74,"y":-3.19,"rotation":-98.44,"width":31,"height":116}},"tou":{"tou":{"x":33.69,"y":14.51,"rotation":-128.1,"width":99,"height":96}},"tou2":{"tou":{"x":33.69,"y":14.51,"rotation":-128.1,"width":99,"height":96}},"toufa":{"toufa":{"x":-9.75,"y":-4.41,"rotation":-128.1,"width":100,"height":52}},"toufa2":{"toufa":{"x":-9.75,"y":-4.41,"rotation":-128.1,"width":100,"height":52}},"xiaba":{"xiaba":{"type":"mesh","hull":31,"width":59,"height":41,"uvs":[0.09138,0.17638,0.02138,0.27423,0,0.41238,0.03738,0.5016,0.12138,0.56204,0.15738,0.6455,0.15538,0.76638,0.17938,0.89589,0.25338,0.98511,0.34738,1,0.40538,0.90165,0.47138,0.82682,0.52738,0.74048,0.62938,0.66853,0.70738,0.57355,0.79138,0.45267,0.85138,0.36058,0.88538,0.25121,0.91738,0.09867,0.90938,0.02384,0.82138,0.04111,0.72338,0.0555,0.68538,0.06989,0.62338,0.12458,0.57138,0.17926,0.48738,0.23106,0.41138,0.24833,0.33338,0.25409,0.29538,0.23682,0.27138,0.13897,0.19338,0.13897],"triangles":[4,3,1,2,1,3,28,4,0,4,1,0,30,29,28,28,0,30,27,5,4,27,4,28,13,25,14,12,25,13,26,25,12,12,27,26,6,5,10,10,7,6,12,5,27,12,11,5,5,11,10,8,7,10,9,8,10,18,17,20,18,20,19,17,21,20,21,16,22,17,16,21,16,23,22,15,23,16,15,24,23,14,24,15,14,25,24],"vertices":[1,16,23.11,5.57,1,1,16,22.5,11.3,1,1,16,18.82,15.78,1,1,16,14.58,16.3,1,1,16,9.58,13.93,1,1,16,5.57,14.37,1,1,16,1.75,17.52,1,1,16,-3.31,19.69,1,1,16,-8.88,18.51,1,1,16,-12.78,14.52,1,2,15,-9.11,32.94,0.0004,16,-11.72,9.34,0.9996,2,15,-9.1,27.98,0.01532,16,-11.71,4.38,0.98468,2,15,-8.35,23.19,0.09001,16,-10.96,-0.4,0.90999,2,15,-9.75,16.64,0.32075,16,-12.35,-6.96,0.67925,2,15,-9.52,10.61,0.57727,16,-12.13,-12.98,0.42273,2,15,-8.68,3.66,0.86769,16,-11.29,-19.94,0.13231,2,15,-7.89,-1.46,0.97823,16,-10.5,-25.06,0.02177,2,15,-5.6,-5.8,0.99992,16,-8.21,-29.4,0.00008,1,15,-1.84,-11.15,1,1,15,0.86,-12.67,1,1,15,3.51,-8.15,1,2,15,6.61,-3.23,0.99274,16,4,-26.83,0.00726,2,15,7.53,-1.11,0.97379,16,4.92,-24.7,0.02621,2,15,8.02,3.16,0.87441,16,5.41,-20.44,0.12559,2,15,8.15,6.95,0.69651,16,5.54,-16.64,0.30349,2,15,9.54,12.16,0.37166,16,6.93,-11.43,0.62834,2,15,11.75,16.13,0.15492,16,9.14,-7.47,0.84508,2,15,14.4,19.9,0.03969,16,11.79,-3.7,0.96031,2,15,16.34,21.22,0.01161,16,13.73,-2.37,0.98839,2,15,20.37,19.86,0.00071,16,17.77,-3.73,0.99929,1,16,20.61,-0.11,1],"edges":[0,2,2,4,4,6,6,8,8,10,10,12,12,14,14,16,16,18,18,20,20,22,22,24,24,26,26,28,28,30,30,32,32,34,34,36,36,38,38,40,40,42,42,44,44,46,46,48,48,50,50,52,52,54,54,56,56,58,58,60,0,60]}},"xiaba2":{"xiaba":{"type":"mesh","hull":31,"width":59,"height":41,"uvs":[0.09138,0.17638,0.02138,0.27423,0,0.41238,0.03738,0.5016,0.12138,0.56204,0.15738,0.6455,0.15538,0.76638,0.17938,0.89589,0.25338,0.98511,0.34738,1,0.40538,0.90165,0.47138,0.82682,0.52738,0.74048,0.62938,0.66853,0.70738,0.57355,0.79138,0.45267,0.85138,0.36058,0.88538,0.25121,0.91738,0.09867,0.90938,0.02384,0.82138,0.04111,0.72338,0.0555,0.68538,0.06989,0.62338,0.12458,0.57138,0.17926,0.48738,0.23106,0.41138,0.24833,0.33338,0.25409,0.29538,0.23682,0.27138,0.13897,0.19338,0.13897],"triangles":[4,3,1,2,1,3,28,4,0,4,1,0,30,29,28,28,0,30,27,5,4,27,4,28,13,25,14,12,25,13,26,25,12,12,27,26,6,5,10,10,7,6,12,5,27,12,11,5,5,11,10,8,7,10,9,8,10,18,17,20,18,20,19,17,21,20,21,16,22,17,16,21,16,23,22,15,23,16,15,24,23,14,24,15,14,25,24],"vertices":[1,40,23.11,5.57,1,1,40,22.5,11.3,1,1,40,18.82,15.78,1,1,40,14.58,16.3,1,1,40,9.58,13.93,1,1,40,5.57,14.37,1,1,40,1.75,17.52,1,1,40,-3.31,19.69,1,1,40,-8.88,18.51,1,1,40,-12.78,14.52,1,2,39,-9.11,32.94,0.0004,40,-11.72,9.34,0.9996,2,39,-9.1,27.98,0.01532,40,-11.71,4.38,0.98468,2,39,-8.35,23.19,0.09001,40,-10.96,-0.4,0.90999,2,39,-9.75,16.64,0.32075,40,-12.35,-6.96,0.67925,2,39,-9.52,10.61,0.57727,40,-12.13,-12.98,0.42273,2,39,-8.68,3.66,0.86769,40,-11.29,-19.94,0.13231,2,39,-7.89,-1.46,0.97823,40,-10.5,-25.06,0.02177,2,39,-5.6,-5.8,0.99992,40,-8.21,-29.4,0.00008,1,39,-1.84,-11.15,1,1,39,0.86,-12.67,1,1,39,3.51,-8.15,1,2,39,6.61,-3.23,0.99274,40,4,-26.83,0.00726,2,39,7.53,-1.11,0.97379,40,4.92,-24.7,0.02621,2,39,8.02,3.16,0.87441,40,5.41,-20.44,0.12559,2,39,8.15,6.95,0.69651,40,5.54,-16.64,0.30349,2,39,9.54,12.16,0.37166,40,6.93,-11.43,0.62834,2,39,11.75,16.13,0.15492,40,9.14,-7.47,0.84508,2,39,14.4,19.9,0.03969,40,11.79,-3.7,0.96031,2,39,16.34,21.22,0.01161,40,13.73,-2.37,0.98839,2,39,20.37,19.86,0.00071,40,17.77,-3.73,0.99929,1,40,20.61,-0.11,1],"edges":[0,2,2,4,4,6,6,8,8,10,10,12,12,14,14,16,16,18,18,20,20,22,22,24,24,26,26,28,28,30,30,32,32,34,34,36,36,38,38,40,40,42,42,44,44,46,46,48,48,50,50,52,52,54,54,56,56,58,58,60,0,60]}},"yanjing":{"yanjing":{"x":1.65,"y":-12.59,"rotation":-128.1,"width":90,"height":55}},"yanjing2":{"yanjing":{"x":1.65,"y":-12.59,"rotation":-128.1,"width":90,"height":55}},"youdabi":{"youdabi":{"x":19.06,"y":-0.6,"rotation":85.7,"width":29,"height":48}},"youdabi2":{"youdabi":{"x":19.06,"y":-0.6,"rotation":85.7,"width":29,"height":48}},"youdatui":{"youdatui":{"x":27.47,"y":1.43,"rotation":132.68,"width":57,"height":57}},"youdatui2":{"youdatui":{"x":27.47,"y":1.43,"rotation":132.68,"width":57,"height":57}},"youjiao":{"youjiao":{"x":-6.93,"y":-3.78,"width":72,"height":41}},"youjiao2":{"youjiao":{"x":9.19,"y":3.18,"scaleX":-1,"rotation":31.4,"width":72,"height":41}},"youshou":{"youshou":{"x":-4,"y":-9.76,"width":38,"height":42}},"youshou1":{"youshou1":{"x":14.56,"y":-4.1,"rotation":-167.86,"width":40,"height":44}},"youxiaobi":{"youxiaobi":{"x":17.28,"y":-0.2,"rotation":144.62,"width":52,"height":38}},"youxiaobi2":{"youxiaobi":{"x":17.28,"y":-0.2,"rotation":144.62,"width":52,"height":38}},"youxiaotui":{"youxiaotui":{"x":22.47,"y":0.67,"rotation":102.87,"width":44,"height":64}},"youxiaotui2":{"youxiaotui":{"x":22.47,"y":0.67,"rotation":102.87,"width":44,"height":64}},"youyan":{"youyan":{"width":7,"height":7}},"youyan2":{"youyan":{"width":7,"height":7}},"youyanzhu":{"youyanzhu":{"x":0.58,"y":-1.01,"rotation":-128.1,"width":27,"height":26}},"youyanzhu2":{"youyanzhu":{"x":0.58,"y":-1.01,"rotation":-128.1,"width":27,"height":26}},"zhong":{"zhong":{"type":"clipping","end":"zhong","vertexCount":4,"color":"ce3a3aff","vertices":[-326.42,-53.03,290.42,-49.31,291.01,602.28,-332.27,601.22]}},"zuodabi":{"zuodabi":{"x":20.86,"y":-1.29,"rotation":79.11,"width":37,"height":63}},"zuodabi2":{"zuodabi":{"x":20.86,"y":-1.29,"rotation":79.11,"width":37,"height":63}},"zuodatui":{"zuodatui":{"x":34.72,"y":5.75,"rotation":123.41,"width":65,"height":83}},"zuodatui2":{"zuodatui":{"x":34.72,"y":5.75,"rotation":123.41,"width":65,"height":83}},"zuojiao":{"zuojiao":{"x":-11.14,"y":-3.58,"width":80,"height":45}},"zuojiao2":{"zuojiao":{"x":16.53,"y":-4.19,"rotation":152.1,"width":80,"height":45}},"zuoshou":{"zuoshou":{"x":-1.19,"y":-9.41,"width":44,"height":43}},"zuoshou1":{"zuoshou1":{"x":17.55,"y":4.74,"rotation":86.15,"width":59,"height":54},"zuoshou2":{"x":17.44,"y":-4.02,"rotation":100.81,"width":45,"height":48}},"zuoxiaobi":{"zuoxiaobi":{"x":14.5,"y":3.65,"rotation":139.87,"width":50,"height":38}},"zuoxiaobi2":{"zuoxiaobi":{"x":14.5,"y":3.65,"rotation":139.87,"width":50,"height":38}},"zuoxiaotui":{"zuoxiaotui":{"x":24.7,"y":0.75,"rotation":97.18,"width":43,"height":66}},"zuoxiaotui2":{"zuoxiaotui":{"x":24.7,"y":0.75,"rotation":91.38,"width":43,"height":66}},"zuoyan":{"zuoyan":{"x":-0.24,"y":-0.02,"rotation":-128.1,"width":9,"height":7}},"zuoyan2":{"zuoyan":{"x":-0.24,"y":-0.02,"rotation":-128.1,"width":9,"height":7}},"zuoyanzhu":{"zuoyanzhu":{"x":0.62,"y":-1.42,"rotation":-128.1,"width":36,"height":37}},"zuoyanzhu2":{"zuoyanzhu":{"x":0.62,"y":-1.42,"rotation":-128.1,"width":36,"height":37}}}},{"name":"taban1_2","attachments":{"bashou1":{"bashou1":{"name":"bashou2","x":9.27,"y":15.4,"rotation":78.35,"width":78,"height":71}},"bashou2":{"bashou1":{"name":"bashou2","x":9.27,"y":15.4,"rotation":78.35,"width":78,"height":71}},"danshou":{"danshou":{"x":5.24,"y":-11,"rotation":-5.39,"width":102,"height":67}},"danshou2":{"danshou":{"x":5.24,"y":-11,"rotation":-5.39,"width":102,"height":67}},"shenti":{"shenti":{"type":"mesh","hull":31,"width":97,"height":106,"uvs":[0.08823,0.09786,0.03714,0.16465,0,0.25148,0,0.38061,0.02984,0.49639,0.0858,0.60548,0.13689,0.69231,0.14176,0.78804,0.14906,0.88601,0.15636,0.94835,0.20745,0.9862,0.30963,1,0.47994,1,0.63565,0.97729,0.7792,0.94389,0.88382,0.90827,0.96167,0.89046,1,0.83703,0.97627,0.75465,0.93004,0.66337,0.89355,0.54759,0.86435,0.42514,0.85706,0.32495,0.7865,0.28265,0.66242,0.23367,0.58943,0.14684,0.5213,0.07782,0.44588,0.03107,0.33396,0,0.24881,0,0.14906,0.03107],"triangles":[3,2,1,0,4,3,1,0,3,30,5,4,0,30,4,27,6,5,27,7,6,30,29,28,27,30,28,5,30,27,20,8,7,27,25,7,26,25,27,24,7,25,18,15,19,16,18,17,21,20,24,19,14,20,16,15,18,20,7,24,23,21,24,21,23,22,19,15,14,20,13,8,8,10,9,20,14,13,8,11,10,8,12,11,13,12,8],"vertices":[88.06,13.27,83.44,20.57,76.35,27.45,63.72,32.74,51.28,34.81,38.52,34.27,28.12,33.26,18.57,36.74,8.72,40.1,2.35,42,-3.26,38.98,-8.44,30.4,-14.82,15.16,-18.44,0.3,-20.55,-13.91,-20.99,-24.73,-22.16,-32.42,-18.38,-38.04,-9.43,-39.29,1.22,-38.89,13.91,-40.37,26.98,-42.77,37.05,-46.22,43.83,-41.64,53.27,-32.54,64.49,-29.57,73.79,-26.3,81.19,-21.47,88.42,-12.73,91.61,-5.11,92.31,5.09],"edges":[0,2,2,4,4,6,6,8,8,10,10,12,12,14,14,16,16,18,18,20,20,22,22,24,24,26,26,28,28,30,30,32,32,34,34,36,36,38,38,40,40,42,42,44,44,46,46,48,48,50,50,52,52,54,54,56,56,58,58,60,0,60]}},"shenti2":{"shenti":{"type":"mesh","hull":31,"width":97,"height":106,"uvs":[0.08823,0.09786,0.03714,0.16465,0,0.25148,0,0.38061,0.02984,0.49639,0.0858,0.60548,0.13689,0.69231,0.14176,0.78804,0.14906,0.88601,0.15636,0.94835,0.20745,0.9862,0.30963,1,0.47994,1,0.63565,0.97729,0.7792,0.94389,0.88382,0.90827,0.96167,0.89046,1,0.83703,0.97627,0.75465,0.93004,0.66337,0.89355,0.54759,0.86435,0.42514,0.85706,0.32495,0.7865,0.28265,0.66242,0.23367,0.58943,0.14684,0.5213,0.07782,0.44588,0.03107,0.33396,0,0.24881,0,0.14906,0.03107],"triangles":[3,2,1,0,4,3,1,0,3,30,5,4,0,30,4,27,6,5,27,7,6,30,29,28,27,30,28,5,30,27,20,8,7,27,25,7,26,25,27,24,7,25,18,15,19,16,18,17,21,20,24,19,14,20,16,15,18,20,7,24,23,21,24,21,23,22,19,15,14,20,13,8,8,10,9,20,14,13,8,11,10,8,12,11,13,12,8],"vertices":[86.03,13.7,81.42,21.01,74.32,27.89,61.69,33.18,49.26,35.25,36.49,34.71,26.09,33.69,16.55,37.18,6.69,40.54,0.33,42.44,-5.29,39.42,-10.47,30.84,-16.85,15.6,-20.47,0.74,-22.58,-13.47,-23.02,-24.29,-24.19,-31.99,-20.41,-37.6,-11.46,-38.85,-0.8,-38.46,11.88,-39.93,24.95,-42.33,35.02,-45.78,41.8,-41.2,51.24,-32.11,62.46,-29.13,71.76,-25.86,79.16,-21.03,86.39,-12.29,89.58,-4.67,90.28,5.53],"edges":[0,2,2,4,4,6,6,8,8,10,10,12,12,14,14,16,16,18,18,20,20,22,22,24,24,26,26,28,28,30,30,32,32,34,34,36,36,38,38,40,40,42,42,44,44,46,46,48,48,50,50,52,52,54,54,56,56,58,58,60,0,60]}},"taban1":{"taban1":{"name":"taban2","x":32.38,"y":7.59,"rotation":79.46,"width":87,"height":91}},"taban2":{"taban1":{"name":"taban2","x":32.38,"y":7.59,"rotation":79.46,"width":87,"height":91}},"tiaogan":{"tiaogan":{"x":51.74,"y":-3.19,"rotation":-98.44,"width":31,"height":116}},"tiaogan2":{"tiaogan":{"x":51.74,"y":-3.19,"rotation":-98.44,"width":31,"height":116}},"tou":{"tou":{"x":33.69,"y":14.51,"rotation":-128.1,"width":99,"height":96}},"tou2":{"tou":{"x":33.69,"y":14.51,"rotation":-128.1,"width":99,"height":96}},"toufa":{"toufa":{"x":-9.75,"y":-4.41,"rotation":-128.1,"width":100,"height":52}},"toufa2":{"toufa":{"x":-9.75,"y":-4.41,"rotation":-128.1,"width":100,"height":52}},"xiaba":{"xiaba":{"type":"mesh","hull":31,"width":59,"height":41,"uvs":[0.09138,0.17638,0.02138,0.27423,0,0.41238,0.03738,0.5016,0.12138,0.56204,0.15738,0.6455,0.15538,0.76638,0.17938,0.89589,0.25338,0.98511,0.34738,1,0.40538,0.90165,0.47138,0.82682,0.52738,0.74048,0.62938,0.66853,0.70738,0.57355,0.79138,0.45267,0.85138,0.36058,0.88538,0.25121,0.91738,0.09867,0.90938,0.02384,0.82138,0.04111,0.72338,0.0555,0.68538,0.06989,0.62338,0.12458,0.57138,0.17926,0.48738,0.23106,0.41138,0.24833,0.33338,0.25409,0.29538,0.23682,0.27138,0.13897,0.19338,0.13897],"triangles":[4,3,1,2,1,3,28,4,0,4,1,0,30,29,28,28,0,30,27,5,4,27,4,28,13,25,14,12,25,13,26,25,12,12,27,26,6,5,10,10,7,6,12,5,27,12,11,5,5,11,10,8,7,10,9,8,10,18,17,20,18,20,19,17,21,20,21,16,22,17,16,21,16,23,22,15,23,16,15,24,23,14,24,15,14,25,24],"vertices":[1,16,23.11,5.57,1,1,16,22.5,11.3,1,1,16,18.82,15.78,1,1,16,14.58,16.3,1,1,16,9.58,13.93,1,1,16,5.57,14.37,1,1,16,1.75,17.52,1,1,16,-3.31,19.69,1,1,16,-8.88,18.51,1,1,16,-12.78,14.52,1,2,15,-9.11,32.94,0.0004,16,-11.72,9.34,0.9996,2,15,-9.1,27.98,0.01532,16,-11.71,4.38,0.98468,2,15,-8.35,23.19,0.09001,16,-10.96,-0.4,0.90999,2,15,-9.75,16.64,0.32075,16,-12.35,-6.96,0.67925,2,15,-9.52,10.61,0.57727,16,-12.13,-12.98,0.42273,2,15,-8.68,3.66,0.86769,16,-11.29,-19.94,0.13231,2,15,-7.89,-1.46,0.97823,16,-10.5,-25.06,0.02177,2,15,-5.6,-5.8,0.99992,16,-8.21,-29.4,0.00008,1,15,-1.84,-11.15,1,1,15,0.86,-12.67,1,1,15,3.51,-8.15,1,2,15,6.61,-3.23,0.99274,16,4,-26.83,0.00726,2,15,7.53,-1.11,0.97379,16,4.92,-24.7,0.02621,2,15,8.02,3.16,0.87441,16,5.41,-20.44,0.12559,2,15,8.15,6.95,0.69651,16,5.54,-16.64,0.30349,2,15,9.54,12.16,0.37166,16,6.93,-11.43,0.62834,2,15,11.75,16.13,0.15492,16,9.14,-7.47,0.84508,2,15,14.4,19.9,0.03969,16,11.79,-3.7,0.96031,2,15,16.34,21.22,0.01161,16,13.73,-2.37,0.98839,2,15,20.37,19.86,0.00071,16,17.77,-3.73,0.99929,1,16,20.61,-0.11,1],"edges":[0,2,2,4,4,6,6,8,8,10,10,12,12,14,14,16,16,18,18,20,20,22,22,24,24,26,26,28,28,30,30,32,32,34,34,36,36,38,38,40,40,42,42,44,44,46,46,48,48,50,50,52,52,54,54,56,56,58,58,60,0,60]}},"xiaba2":{"xiaba":{"type":"mesh","hull":31,"width":59,"height":41,"uvs":[0.09138,0.17638,0.02138,0.27423,0,0.41238,0.03738,0.5016,0.12138,0.56204,0.15738,0.6455,0.15538,0.76638,0.17938,0.89589,0.25338,0.98511,0.34738,1,0.40538,0.90165,0.47138,0.82682,0.52738,0.74048,0.62938,0.66853,0.70738,0.57355,0.79138,0.45267,0.85138,0.36058,0.88538,0.25121,0.91738,0.09867,0.90938,0.02384,0.82138,0.04111,0.72338,0.0555,0.68538,0.06989,0.62338,0.12458,0.57138,0.17926,0.48738,0.23106,0.41138,0.24833,0.33338,0.25409,0.29538,0.23682,0.27138,0.13897,0.19338,0.13897],"triangles":[4,3,1,2,1,3,28,4,0,4,1,0,30,29,28,28,0,30,27,5,4,27,4,28,13,25,14,12,25,13,26,25,12,12,27,26,6,5,10,10,7,6,12,5,27,12,11,5,5,11,10,8,7,10,9,8,10,18,17,20,18,20,19,17,21,20,21,16,22,17,16,21,16,23,22,15,23,16,15,24,23,14,24,15,14,25,24],"vertices":[1,40,23.11,5.57,1,1,40,22.5,11.3,1,1,40,18.82,15.78,1,1,40,14.58,16.3,1,1,40,9.58,13.93,1,1,40,5.57,14.37,1,1,40,1.75,17.52,1,1,40,-3.31,19.69,1,1,40,-8.88,18.51,1,1,40,-12.78,14.52,1,2,39,-9.11,32.94,0.0004,40,-11.72,9.34,0.9996,2,39,-9.1,27.98,0.01532,40,-11.71,4.38,0.98468,2,39,-8.35,23.19,0.09001,40,-10.96,-0.4,0.90999,2,39,-9.75,16.64,0.32075,40,-12.35,-6.96,0.67925,2,39,-9.52,10.61,0.57727,40,-12.13,-12.98,0.42273,2,39,-8.68,3.66,0.86769,40,-11.29,-19.94,0.13231,2,39,-7.89,-1.46,0.97823,40,-10.5,-25.06,0.02177,2,39,-5.6,-5.8,0.99992,40,-8.21,-29.4,0.00008,1,39,-1.84,-11.15,1,1,39,0.86,-12.67,1,1,39,3.51,-8.15,1,2,39,6.61,-3.23,0.99274,40,4,-26.83,0.00726,2,39,7.53,-1.11,0.97379,40,4.92,-24.7,0.02621,2,39,8.02,3.16,0.87441,40,5.41,-20.44,0.12559,2,39,8.15,6.95,0.69651,40,5.54,-16.64,0.30349,2,39,9.54,12.16,0.37166,40,6.93,-11.43,0.62834,2,39,11.75,16.13,0.15492,40,9.14,-7.47,0.84508,2,39,14.4,19.9,0.03969,40,11.79,-3.7,0.96031,2,39,16.34,21.22,0.01161,40,13.73,-2.37,0.98839,2,39,20.37,19.86,0.00071,40,17.77,-3.73,0.99929,1,40,20.61,-0.11,1],"edges":[0,2,2,4,4,6,6,8,8,10,10,12,12,14,14,16,16,18,18,20,20,22,22,24,24,26,26,28,28,30,30,32,32,34,34,36,36,38,38,40,40,42,42,44,44,46,46,48,48,50,50,52,52,54,54,56,56,58,58,60,0,60]}},"yanjing":{"yanjing":{"x":1.65,"y":-12.59,"rotation":-128.1,"width":90,"height":55}},"yanjing2":{"yanjing":{"x":1.65,"y":-12.59,"rotation":-128.1,"width":90,"height":55}},"youdabi":{"youdabi":{"x":19.06,"y":-0.6,"rotation":85.7,"width":29,"height":48}},"youdabi2":{"youdabi":{"x":19.06,"y":-0.6,"rotation":85.7,"width":29,"height":48}},"youdatui":{"youdatui":{"x":27.47,"y":1.43,"rotation":132.68,"width":57,"height":57}},"youdatui2":{"youdatui":{"x":27.47,"y":1.43,"rotation":132.68,"width":57,"height":57}},"youjiao":{"youjiao":{"x":-6.93,"y":-3.78,"width":72,"height":41}},"youjiao2":{"youjiao":{"x":9.19,"y":3.18,"scaleX":-1,"rotation":31.4,"width":72,"height":41}},"youshou":{"youshou":{"x":-4,"y":-9.76,"width":38,"height":42}},"youshou1":{"youshou1":{"x":14.56,"y":-4.1,"rotation":-167.86,"width":40,"height":44}},"youxiaobi":{"youxiaobi":{"x":17.28,"y":-0.2,"rotation":144.62,"width":52,"height":38}},"youxiaobi2":{"youxiaobi":{"x":17.28,"y":-0.2,"rotation":144.62,"width":52,"height":38}},"youxiaotui":{"youxiaotui":{"x":22.47,"y":0.67,"rotation":102.87,"width":44,"height":64}},"youxiaotui2":{"youxiaotui":{"x":22.47,"y":0.67,"rotation":102.87,"width":44,"height":64}},"youyan":{"youyan":{"width":7,"height":7}},"youyan2":{"youyan":{"width":7,"height":7}},"youyanzhu":{"youyanzhu":{"x":0.58,"y":-1.01,"rotation":-128.1,"width":27,"height":26}},"youyanzhu2":{"youyanzhu":{"x":0.58,"y":-1.01,"rotation":-128.1,"width":27,"height":26}},"zhong":{"zhong":{"type":"clipping","end":"zhong","vertexCount":4,"color":"ce3a3aff","vertices":[-326.42,-53.03,290.42,-49.31,291.01,499.85,-332.27,498.8]}},"zuodabi":{"zuodabi":{"x":20.86,"y":-1.29,"rotation":79.11,"width":37,"height":63}},"zuodabi2":{"zuodabi":{"x":20.86,"y":-1.29,"rotation":79.11,"width":37,"height":63}},"zuodatui":{"zuodatui":{"x":34.72,"y":5.75,"rotation":123.41,"width":65,"height":83}},"zuodatui2":{"zuodatui":{"x":34.72,"y":5.75,"rotation":123.41,"width":65,"height":83}},"zuojiao":{"zuojiao":{"x":-11.14,"y":-3.58,"width":80,"height":45}},"zuojiao2":{"zuojiao":{"x":16.53,"y":-4.19,"rotation":152.1,"width":80,"height":45}},"zuoshou":{"zuoshou":{"x":-1.19,"y":-9.41,"width":44,"height":43}},"zuoshou1":{"zuoshou1":{"x":17.55,"y":4.74,"rotation":86.15,"width":59,"height":54},"zuoshou2":{"x":17.44,"y":-4.02,"rotation":100.81,"width":45,"height":48}},"zuoxiaobi":{"zuoxiaobi":{"x":14.5,"y":3.65,"rotation":139.87,"width":50,"height":38}},"zuoxiaobi2":{"zuoxiaobi":{"x":14.5,"y":3.65,"rotation":139.87,"width":50,"height":38}},"zuoxiaotui":{"zuoxiaotui":{"x":24.7,"y":0.75,"rotation":97.18,"width":43,"height":66}},"zuoxiaotui2":{"zuoxiaotui":{"x":24.7,"y":0.75,"rotation":91.38,"width":43,"height":66}},"zuoyan":{"zuoyan":{"x":-0.24,"y":-0.02,"rotation":-128.1,"width":9,"height":7}},"zuoyan2":{"zuoyan":{"x":-0.24,"y":-0.02,"rotation":-128.1,"width":9,"height":7}},"zuoyanzhu":{"zuoyanzhu":{"x":0.62,"y":-1.42,"rotation":-128.1,"width":36,"height":37}},"zuoyanzhu2":{"zuoyanzhu":{"x":0.62,"y":-1.42,"rotation":-128.1,"width":36,"height":37}}}},{"name":"taban1_3","attachments":{"bashou1":{"bashou1":{"name":"bashou3","x":9.27,"y":15.4,"rotation":78.35,"width":78,"height":71}},"bashou2":{"bashou1":{"name":"bashou3","x":9.27,"y":15.4,"rotation":78.35,"width":78,"height":71}},"danshou":{"danshou":{"x":5.24,"y":-11,"rotation":-5.39,"width":102,"height":67}},"danshou2":{"danshou":{"x":5.24,"y":-11,"rotation":-5.39,"width":102,"height":67}},"shenti":{"shenti":{"type":"mesh","hull":31,"width":97,"height":106,"uvs":[0.08823,0.09786,0.03714,0.16465,0,0.25148,0,0.38061,0.02984,0.49639,0.0858,0.60548,0.13689,0.69231,0.14176,0.78804,0.14906,0.88601,0.15636,0.94835,0.20745,0.9862,0.30963,1,0.47994,1,0.63565,0.97729,0.7792,0.94389,0.88382,0.90827,0.96167,0.89046,1,0.83703,0.97627,0.75465,0.93004,0.66337,0.89355,0.54759,0.86435,0.42514,0.85706,0.32495,0.7865,0.28265,0.66242,0.23367,0.58943,0.14684,0.5213,0.07782,0.44588,0.03107,0.33396,0,0.24881,0,0.14906,0.03107],"triangles":[3,2,1,0,4,3,1,0,3,30,5,4,0,30,4,27,6,5,27,7,6,30,29,28,27,30,28,5,30,27,20,8,7,27,25,7,26,25,27,24,7,25,18,15,19,16,18,17,21,20,24,19,14,20,16,15,18,20,7,24,23,21,24,21,23,22,19,15,14,20,13,8,8,10,9,20,14,13,8,11,10,8,12,11,13,12,8],"vertices":[88.06,13.27,83.44,20.57,76.35,27.45,63.72,32.74,51.28,34.81,38.52,34.27,28.12,33.26,18.57,36.74,8.72,40.1,2.35,42,-3.26,38.98,-8.44,30.4,-14.82,15.16,-18.44,0.3,-20.55,-13.91,-20.99,-24.73,-22.16,-32.42,-18.38,-38.04,-9.43,-39.29,1.22,-38.89,13.91,-40.37,26.98,-42.77,37.05,-46.22,43.83,-41.64,53.27,-32.54,64.49,-29.57,73.79,-26.3,81.19,-21.47,88.42,-12.73,91.61,-5.11,92.31,5.09],"edges":[0,2,2,4,4,6,6,8,8,10,10,12,12,14,14,16,16,18,18,20,20,22,22,24,24,26,26,28,28,30,30,32,32,34,34,36,36,38,38,40,40,42,42,44,44,46,46,48,48,50,50,52,52,54,54,56,56,58,58,60,0,60]}},"shenti2":{"shenti":{"type":"mesh","hull":31,"width":97,"height":106,"uvs":[0.08823,0.09786,0.03714,0.16465,0,0.25148,0,0.38061,0.02984,0.49639,0.0858,0.60548,0.13689,0.69231,0.14176,0.78804,0.14906,0.88601,0.15636,0.94835,0.20745,0.9862,0.30963,1,0.47994,1,0.63565,0.97729,0.7792,0.94389,0.88382,0.90827,0.96167,0.89046,1,0.83703,0.97627,0.75465,0.93004,0.66337,0.89355,0.54759,0.86435,0.42514,0.85706,0.32495,0.7865,0.28265,0.66242,0.23367,0.58943,0.14684,0.5213,0.07782,0.44588,0.03107,0.33396,0,0.24881,0,0.14906,0.03107],"triangles":[3,2,1,0,4,3,1,0,3,30,5,4,0,30,4,27,6,5,27,7,6,30,29,28,27,30,28,5,30,27,20,8,7,27,25,7,26,25,27,24,7,25,18,15,19,16,18,17,21,20,24,19,14,20,16,15,18,20,7,24,23,21,24,21,23,22,19,15,14,20,13,8,8,10,9,20,14,13,8,11,10,8,12,11,13,12,8],"vertices":[86.03,13.7,81.42,21.01,74.32,27.89,61.69,33.18,49.26,35.25,36.49,34.71,26.09,33.69,16.55,37.18,6.69,40.54,0.33,42.44,-5.29,39.42,-10.47,30.84,-16.85,15.6,-20.47,0.74,-22.58,-13.47,-23.02,-24.29,-24.19,-31.99,-20.41,-37.6,-11.46,-38.85,-0.8,-38.46,11.88,-39.93,24.95,-42.33,35.02,-45.78,41.8,-41.2,51.24,-32.11,62.46,-29.13,71.76,-25.86,79.16,-21.03,86.39,-12.29,89.58,-4.67,90.28,5.53],"edges":[0,2,2,4,4,6,6,8,8,10,10,12,12,14,14,16,16,18,18,20,20,22,22,24,24,26,26,28,28,30,30,32,32,34,34,36,36,38,38,40,40,42,42,44,44,46,46,48,48,50,50,52,52,54,54,56,56,58,58,60,0,60]}},"taban1":{"taban1":{"name":"taban3","x":32.38,"y":7.59,"rotation":79.46,"width":83,"height":91}},"taban2":{"taban1":{"name":"taban3","x":32.38,"y":7.59,"rotation":79.46,"width":83,"height":91}},"tiaogan":{"tiaogan":{"x":51.74,"y":-3.19,"rotation":-98.44,"width":31,"height":116}},"tiaogan2":{"tiaogan":{"x":51.74,"y":-3.19,"rotation":-98.44,"width":31,"height":116}},"tou":{"tou":{"x":33.69,"y":14.51,"rotation":-128.1,"width":99,"height":96}},"tou2":{"tou":{"x":33.69,"y":14.51,"rotation":-128.1,"width":99,"height":96}},"toufa":{"toufa":{"x":-9.75,"y":-4.41,"rotation":-128.1,"width":100,"height":52}},"toufa2":{"toufa":{"x":-9.75,"y":-4.41,"rotation":-128.1,"width":100,"height":52}},"xiaba":{"xiaba":{"type":"mesh","hull":31,"width":59,"height":41,"uvs":[0.09138,0.17638,0.02138,0.27423,0,0.41238,0.03738,0.5016,0.12138,0.56204,0.15738,0.6455,0.15538,0.76638,0.17938,0.89589,0.25338,0.98511,0.34738,1,0.40538,0.90165,0.47138,0.82682,0.52738,0.74048,0.62938,0.66853,0.70738,0.57355,0.79138,0.45267,0.85138,0.36058,0.88538,0.25121,0.91738,0.09867,0.90938,0.02384,0.82138,0.04111,0.72338,0.0555,0.68538,0.06989,0.62338,0.12458,0.57138,0.17926,0.48738,0.23106,0.41138,0.24833,0.33338,0.25409,0.29538,0.23682,0.27138,0.13897,0.19338,0.13897],"triangles":[4,3,1,2,1,3,28,4,0,4,1,0,30,29,28,28,0,30,27,5,4,27,4,28,13,25,14,12,25,13,26,25,12,12,27,26,6,5,10,10,7,6,12,5,27,12,11,5,5,11,10,8,7,10,9,8,10,18,17,20,18,20,19,17,21,20,21,16,22,17,16,21,16,23,22,15,23,16,15,24,23,14,24,15,14,25,24],"vertices":[1,16,23.11,5.57,1,1,16,22.5,11.3,1,1,16,18.82,15.78,1,1,16,14.58,16.3,1,1,16,9.58,13.93,1,1,16,5.57,14.37,1,1,16,1.75,17.52,1,1,16,-3.31,19.69,1,1,16,-8.88,18.51,1,1,16,-12.78,14.52,1,2,15,-9.11,32.94,0.0004,16,-11.72,9.34,0.9996,2,15,-9.1,27.98,0.01532,16,-11.71,4.38,0.98468,2,15,-8.35,23.19,0.09001,16,-10.96,-0.4,0.90999,2,15,-9.75,16.64,0.32075,16,-12.35,-6.96,0.67925,2,15,-9.52,10.61,0.57727,16,-12.13,-12.98,0.42273,2,15,-8.68,3.66,0.86769,16,-11.29,-19.94,0.13231,2,15,-7.89,-1.46,0.97823,16,-10.5,-25.06,0.02177,2,15,-5.6,-5.8,0.99992,16,-8.21,-29.4,0.00008,1,15,-1.84,-11.15,1,1,15,0.86,-12.67,1,1,15,3.51,-8.15,1,2,15,6.61,-3.23,0.99274,16,4,-26.83,0.00726,2,15,7.53,-1.11,0.97379,16,4.92,-24.7,0.02621,2,15,8.02,3.16,0.87441,16,5.41,-20.44,0.12559,2,15,8.15,6.95,0.69651,16,5.54,-16.64,0.30349,2,15,9.54,12.16,0.37166,16,6.93,-11.43,0.62834,2,15,11.75,16.13,0.15492,16,9.14,-7.47,0.84508,2,15,14.4,19.9,0.03969,16,11.79,-3.7,0.96031,2,15,16.34,21.22,0.01161,16,13.73,-2.37,0.98839,2,15,20.37,19.86,0.00071,16,17.77,-3.73,0.99929,1,16,20.61,-0.11,1],"edges":[0,2,2,4,4,6,6,8,8,10,10,12,12,14,14,16,16,18,18,20,20,22,22,24,24,26,26,28,28,30,30,32,32,34,34,36,36,38,38,40,40,42,42,44,44,46,46,48,48,50,50,52,52,54,54,56,56,58,58,60,0,60]}},"xiaba2":{"xiaba":{"type":"mesh","hull":31,"width":59,"height":41,"uvs":[0.09138,0.17638,0.02138,0.27423,0,0.41238,0.03738,0.5016,0.12138,0.56204,0.15738,0.6455,0.15538,0.76638,0.17938,0.89589,0.25338,0.98511,0.34738,1,0.40538,0.90165,0.47138,0.82682,0.52738,0.74048,0.62938,0.66853,0.70738,0.57355,0.79138,0.45267,0.85138,0.36058,0.88538,0.25121,0.91738,0.09867,0.90938,0.02384,0.82138,0.04111,0.72338,0.0555,0.68538,0.06989,0.62338,0.12458,0.57138,0.17926,0.48738,0.23106,0.41138,0.24833,0.33338,0.25409,0.29538,0.23682,0.27138,0.13897,0.19338,0.13897],"triangles":[4,3,1,2,1,3,28,4,0,4,1,0,30,29,28,28,0,30,27,5,4,27,4,28,13,25,14,12,25,13,26,25,12,12,27,26,6,5,10,10,7,6,12,5,27,12,11,5,5,11,10,8,7,10,9,8,10,18,17,20,18,20,19,17,21,20,21,16,22,17,16,21,16,23,22,15,23,16,15,24,23,14,24,15,14,25,24],"vertices":[1,40,23.11,5.57,1,1,40,22.5,11.3,1,1,40,18.82,15.78,1,1,40,14.58,16.3,1,1,40,9.58,13.93,1,1,40,5.57,14.37,1,1,40,1.75,17.52,1,1,40,-3.31,19.69,1,1,40,-8.88,18.51,1,1,40,-12.78,14.52,1,2,39,-9.11,32.94,0.0004,40,-11.72,9.34,0.9996,2,39,-9.1,27.98,0.01532,40,-11.71,4.38,0.98468,2,39,-8.35,23.19,0.09001,40,-10.96,-0.4,0.90999,2,39,-9.75,16.64,0.32075,40,-12.35,-6.96,0.67925,2,39,-9.52,10.61,0.57727,40,-12.13,-12.98,0.42273,2,39,-8.68,3.66,0.86769,40,-11.29,-19.94,0.13231,2,39,-7.89,-1.46,0.97823,40,-10.5,-25.06,0.02177,2,39,-5.6,-5.8,0.99992,40,-8.21,-29.4,0.00008,1,39,-1.84,-11.15,1,1,39,0.86,-12.67,1,1,39,3.51,-8.15,1,2,39,6.61,-3.23,0.99274,40,4,-26.83,0.00726,2,39,7.53,-1.11,0.97379,40,4.92,-24.7,0.02621,2,39,8.02,3.16,0.87441,40,5.41,-20.44,0.12559,2,39,8.15,6.95,0.69651,40,5.54,-16.64,0.30349,2,39,9.54,12.16,0.37166,40,6.93,-11.43,0.62834,2,39,11.75,16.13,0.15492,40,9.14,-7.47,0.84508,2,39,14.4,19.9,0.03969,40,11.79,-3.7,0.96031,2,39,16.34,21.22,0.01161,40,13.73,-2.37,0.98839,2,39,20.37,19.86,0.00071,40,17.77,-3.73,0.99929,1,40,20.61,-0.11,1],"edges":[0,2,2,4,4,6,6,8,8,10,10,12,12,14,14,16,16,18,18,20,20,22,22,24,24,26,26,28,28,30,30,32,32,34,34,36,36,38,38,40,40,42,42,44,44,46,46,48,48,50,50,52,52,54,54,56,56,58,58,60,0,60]}},"yanjing":{"yanjing":{"x":1.65,"y":-12.59,"rotation":-128.1,"width":90,"height":55}},"yanjing2":{"yanjing":{"x":1.65,"y":-12.59,"rotation":-128.1,"width":90,"height":55}},"youdabi":{"youdabi":{"x":19.06,"y":-0.6,"rotation":85.7,"width":29,"height":48}},"youdabi2":{"youdabi":{"x":19.06,"y":-0.6,"rotation":85.7,"width":29,"height":48}},"youdatui":{"youdatui":{"x":27.47,"y":1.43,"rotation":132.68,"width":57,"height":57}},"youdatui2":{"youdatui":{"x":27.47,"y":1.43,"rotation":132.68,"width":57,"height":57}},"youjiao":{"youjiao":{"x":-6.93,"y":-3.78,"width":72,"height":41}},"youjiao2":{"youjiao":{"x":9.19,"y":3.18,"scaleX":-1,"rotation":31.4,"width":72,"height":41}},"youshou":{"youshou":{"x":-4,"y":-9.76,"width":38,"height":42}},"youshou1":{"youshou1":{"x":14.56,"y":-4.1,"rotation":-167.86,"width":40,"height":44}},"youxiaobi":{"youxiaobi":{"x":17.28,"y":-0.2,"rotation":144.62,"width":52,"height":38}},"youxiaobi2":{"youxiaobi":{"x":17.28,"y":-0.2,"rotation":144.62,"width":52,"height":38}},"youxiaotui":{"youxiaotui":{"x":22.47,"y":0.67,"rotation":102.87,"width":44,"height":64}},"youxiaotui2":{"youxiaotui":{"x":22.47,"y":0.67,"rotation":102.87,"width":44,"height":64}},"youyan":{"youyan":{"width":7,"height":7}},"youyan2":{"youyan":{"width":7,"height":7}},"youyanzhu":{"youyanzhu":{"x":0.58,"y":-1.01,"rotation":-128.1,"width":27,"height":26}},"youyanzhu2":{"youyanzhu":{"x":0.58,"y":-1.01,"rotation":-128.1,"width":27,"height":26}},"zhong":{"zhong":{"type":"clipping","end":"zhong","vertexCount":4,"color":"ce3a3aff","vertices":[-326.42,-53.03,290.42,-49.31,291.01,499.85,-332.27,498.8]}},"zuodabi":{"zuodabi":{"x":20.86,"y":-1.29,"rotation":79.11,"width":37,"height":63}},"zuodabi2":{"zuodabi":{"x":20.86,"y":-1.29,"rotation":79.11,"width":37,"height":63}},"zuodatui":{"zuodatui":{"x":34.72,"y":5.75,"rotation":123.41,"width":65,"height":83}},"zuodatui2":{"zuodatui":{"x":34.72,"y":5.75,"rotation":123.41,"width":65,"height":83}},"zuojiao":{"zuojiao":{"x":-11.14,"y":-3.58,"width":80,"height":45}},"zuojiao2":{"zuojiao":{"x":16.53,"y":-4.19,"rotation":152.1,"width":80,"height":45}},"zuoshou":{"zuoshou":{"x":-1.19,"y":-9.41,"width":44,"height":43}},"zuoshou1":{"zuoshou1":{"x":17.55,"y":4.74,"rotation":86.15,"width":59,"height":54},"zuoshou2":{"x":17.44,"y":-4.02,"rotation":100.81,"width":45,"height":48}},"zuoxiaobi":{"zuoxiaobi":{"x":14.5,"y":3.65,"rotation":139.87,"width":50,"height":38}},"zuoxiaobi2":{"zuoxiaobi":{"x":14.5,"y":3.65,"rotation":139.87,"width":50,"height":38}},"zuoxiaotui":{"zuoxiaotui":{"x":24.7,"y":0.75,"rotation":97.18,"width":43,"height":66}},"zuoxiaotui2":{"zuoxiaotui":{"x":24.7,"y":0.75,"rotation":91.38,"width":43,"height":66}},"zuoyan":{"zuoyan":{"x":-0.24,"y":-0.02,"rotation":-128.1,"width":9,"height":7}},"zuoyan2":{"zuoyan":{"x":-0.24,"y":-0.02,"rotation":-128.1,"width":9,"height":7}},"zuoyanzhu":{"zuoyanzhu":{"x":0.62,"y":-1.42,"rotation":-128.1,"width":36,"height":37}},"zuoyanzhu2":{"zuoyanzhu":{"x":0.62,"y":-1.42,"rotation":-128.1,"width":36,"height":37}}}},{"name":"taban0_1","attachments":{"bashou1":{"bashou1":{"x":14.65,"y":14.43,"rotation":78.35,"width":78,"height":61}},"bashou2":{"bashou1":{"x":14.65,"y":14.43,"rotation":78.35,"width":78,"height":61}},"danshou":{"danshou":{"x":5.24,"y":-11,"rotation":-5.39,"width":102,"height":67}},"danshou2":{"danshou":{"x":5.24,"y":-11,"rotation":-5.39,"width":102,"height":67}},"taban1":{"taban1":{"x":32.38,"y":7.59,"rotation":79.46,"width":87,"height":90}},"taban2":{"taban1":{"x":32.38,"y":7.59,"rotation":79.46,"width":87,"height":90}},"tiaogan":{"tiaogan":{"x":51.74,"y":-3.19,"rotation":-98.44,"width":31,"height":116}},"tiaogan2":{"tiaogan":{"x":51.74,"y":-3.19,"rotation":-98.44,"width":31,"height":116}},"zhong":{"zhong":{"type":"clipping","end":"zhong","vertexCount":4,"color":"ce3a3aff","vertices":[-326.42,-53.03,290.42,-49.31,291.01,499.85,-332.27,498.8]}}}},{"name":"taban0_2","attachments":{"bashou2":{"bashou1":{"name":"bashou2","x":9.8,"y":15.95,"rotation":78.35,"width":78,"height":71}},"danshou2":{"danshou":{"x":5.24,"y":-11,"rotation":-5.39,"width":102,"height":67}},"taban2":{"taban1":{"name":"taban2","x":32.38,"y":7.59,"rotation":79.46,"width":87,"height":91}},"tiaogan":{"tiaogan":{"x":51.74,"y":-3.19,"rotation":-98.44,"width":31,"height":116}},"tiaogan2":{"tiaogan":{"x":51.74,"y":-3.19,"rotation":-98.44,"width":31,"height":116}},"zhong":{"zhong":{"type":"clipping","end":"zhong","vertexCount":4,"color":"ce3a3aff","vertices":[-326.42,-53.03,290.42,-49.31,291.01,499.85,-332.27,498.8]}}}},{"name":"taban0_3","attachments":{"bashou2":{"bashou1":{"name":"bashou3","x":10.53,"y":15.28,"rotation":78.35,"width":78,"height":71}},"danshou2":{"danshou":{"x":3.91,"y":-11.39,"rotation":-5.39,"width":102,"height":67}},"taban2":{"taban1":{"name":"taban3","x":32.38,"y":7.59,"rotation":79.46,"width":83,"height":91}},"tiaogan":{"tiaogan":{"x":51.74,"y":-3.19,"rotation":-98.44,"width":31,"height":116}},"tiaogan2":{"tiaogan":{"x":51.74,"y":-3.19,"rotation":-98.44,"width":31,"height":116}},"zhong":{"zhong":{"type":"clipping","end":"zhong","vertexCount":4,"color":"ce3a3aff","vertices":[-326.42,-53.03,290.42,-49.31,291.01,499.85,-332.27,498.8]}}}}],"events":{"jump":{}},"animations":{"attack":{"bones":{"1":{"translate":[{"x":453.96}]},"2":{"translate":[{"x":617.84}]},"bone":{"translate":[{"x":-5.78,"y":-9.43}]},"shenti":{"rotate":[{"angle":-5.96}]},"shenti2":{"rotate":[{"angle":-5.96}]},"youdabi":{"rotate":[{"angle":-20.17}],"translate":[{"x":-8.03,"y":1.66}]},"youxiaobi":{"rotate":[{"angle":26.7}]},"zuodabi2":{"rotate":[{"angle":-16.57}]},"zuoxiaobi":{"rotate":[{"angle":26.73}]},"youdatui":{"rotate":[{"angle":9.26}]},"youxiaotui":{"rotate":[{"angle":-18.7}]},"zuodatui":{"rotate":[{"angle":3.48}]},"zuoxiaotui":{"rotate":[{"angle":-8.38}]},"danshou":{"rotate":[{"angle":1.12}],"translate":[{"x":-2.32}]},"bone2":{"rotate":[{"angle":2.74}],"translate":[{"x":-15.39,"y":5.03,"curve":0.25,"c3":0.75},{"time":0.1667,"x":-11,"y":4.27,"curve":0.25,"c3":0.75},{"time":0.3333,"x":-14.26,"y":1.73,"curve":0.25,"c3":0.75},{"time":0.8333,"x":-11,"y":4.27,"curve":0.25,"c3":0.75},{"time":1,"x":-14.26,"y":1.73,"curve":0.25,"c3":0.75},{"time":1.3333,"x":-15.39,"y":5.03}]},"shenti3":{"rotate":[{"angle":9.06,"curve":0.25,"c3":0.75},{"time":0.1667,"angle":7.66,"curve":0.25,"c3":0.75},{"time":0.3333,"angle":11.99,"curve":0.25,"c3":0.75},{"time":0.8333,"angle":7.66,"curve":0.25,"c3":0.75},{"time":1,"angle":11.99,"curve":0.25,"c3":0.75},{"time":1.3333,"angle":9.06}]},"shenti4":{"rotate":[{"angle":-0.31}]},"tou2":{"rotate":[{"angle":-17.13}],"translate":[{},{"time":0.1667,"x":-1.81,"y":-2.63},{"time":0.5,"x":-0.06,"y":3.41},{"time":0.8333,"x":-1.81,"y":-2.63},{"time":1.1667,"x":-0.06,"y":3.41},{"time":1.3333}]},"xiaba3":{"translate":[{"x":3.96,"y":-1.31},{"time":0.1667,"x":1.28,"y":-4.02},{"time":0.3333,"x":5.23,"y":-0.17},{"time":0.5,"x":6.55,"y":-1.25},{"time":0.8333,"x":1.28,"y":-4.02},{"time":1,"x":5.23,"y":-0.17},{"time":1.1667,"x":6.55,"y":-1.25},{"time":1.3333,"x":3,"y":-2.19}]},"xiaba4":{"translate":[{"x":0.98,"y":1.04},{"time":0.1333,"x":-5.78,"y":-0.43},{"time":0.3333,"x":-0.94,"y":-1.16,"curve":"stepped"},{"time":0.5,"x":-0.94,"y":-1.16},{"time":0.8333,"x":-5.95,"y":-0.82},{"time":1.0333,"x":-0.94,"y":-1.16},{"time":1.3333,"x":0.98,"y":1.04}]},"yanjing2":{"translate":[{},{"time":0.1667,"x":1.01,"y":2.71},{"time":0.3333,"x":-0.14,"y":0.13},{"time":0.5667,"x":0.83,"y":2.32},{"time":0.6667},{"time":0.8333,"x":1.01,"y":2.71},{"time":1,"x":-0.14,"y":0.13},{"time":1.2333,"x":0.83,"y":2.32},{"time":1.3333}]},"youdabi2":{"rotate":[{"angle":-49.66},{"time":0.5,"angle":-51.02},{"time":0.8333,"angle":-70.96},{"time":1.3333,"angle":-49.66}],"translate":[{"x":3.11,"y":0.06},{"time":0.3333,"x":2.14,"y":-3.37},{"time":0.5,"x":3.11,"y":0.06}]},"youxiaobi2":{"rotate":[{"angle":-53.1},{"time":0.3333,"angle":-7.91},{"time":0.5,"angle":-7.83},{"time":0.8333,"angle":-64.43},{"time":1.3333,"angle":-53.1}]},"youshou1":{"rotate":[{"time":0.5},{"time":0.8333,"angle":-37},{"time":1.3333}]},"zuodabi3":{"rotate":[{"angle":-67.35},{"time":0.5,"angle":-63.43},{"time":1,"angle":-47.15},{"time":1.3333,"angle":-67.35}]},"zuoxiaobi2":{"rotate":[{"angle":-42.97},{"time":0.5,"angle":-50.73},{"time":0.8333,"angle":-12.28},{"time":1,"angle":-22.89},{"time":1.3333,"angle":-42.97}]},"zuoshou1":{"rotate":[{"angle":-22.94}]},"youdatui2":{"rotate":[{"angle":20.25}],"translate":[{"x":3.6,"y":0.74}]},"youxiaotui2":{"rotate":[{"angle":5.66}]},"zuodatui2":{"rotate":[{"angle":23.29}],"translate":[{"x":-2.58,"y":-0.27}]},"zuoxiaotui2":{"rotate":[{"angle":25.82}]},"youjiao2":{"translate":[{"x":5.93}]},"danshou2":{"rotate":[{"angle":1.12}],"translate":[{"x":-610.73}]}}},"die":{"slots":{"zuoshou1":{"attachment":[{"name":"zuoshou1"}]}},"bones":{"1":{"translate":[{"x":453.96}]},"2":{"translate":[{"x":617.84}]},"bone":{"translate":[{"x":-5.78,"y":-9.43}]},"shenti":{"rotate":[{"angle":-5.96}]},"shenti2":{"rotate":[{"angle":-5.96}]},"youdabi":{"rotate":[{"angle":-20.17}],"translate":[{"x":-8.03,"y":1.66}]},"youxiaobi":{"rotate":[{"angle":26.7}]},"zuodabi2":{"rotate":[{"angle":-16.57}]},"zuoxiaobi":{"rotate":[{"angle":26.73}]},"youdatui":{"rotate":[{"angle":9.26}]},"youxiaotui":{"rotate":[{"angle":-18.7}]},"zuodatui":{"rotate":[{"angle":3.48}]},"zuoxiaotui":{"rotate":[{"angle":-8.38}]},"danshou":{"rotate":[{"angle":1.12}],"translate":[{"x":-2.32}]},"bone2":{"rotate":[{"angle":2.74},{"time":0.2,"angle":-2.53},{"time":0.6667,"angle":4.81},{"time":0.8333,"angle":38.82},{"time":1,"angle":89.84}],"translate":[{"x":-15.39,"y":5.03},{"time":0.2,"x":-33.72,"y":-46.92},{"time":0.3667,"x":-33.72,"y":-41.33},{"time":0.6667,"x":-33.72,"y":-30.96},{"time":0.7667,"x":-56.87,"y":-30.96},{"time":0.8333,"x":-82.32,"y":-48.02},{"time":1,"x":-94.41,"y":-90.03,"curve":"stepped"},{"time":1.1,"x":-94.41,"y":-90.03},{"time":1.1667,"x":-94.41,"y":-77.63},{"time":1.2667,"x":-94.41,"y":-90.03}]},"shenti3":{"rotate":[{"angle":9.06},{"time":0.3333,"angle":4.69},{"time":0.5,"angle":3.21},{"time":0.6667,"angle":-0.3},{"time":0.8333,"angle":-9.78}]},"shenti4":{"rotate":[{},{"time":0.3333,"angle":-4.37},{"time":0.5,"angle":-5.85},{"time":0.6667,"angle":-9.36},{"time":0.8333,"angle":-18.84}]},"tou2":{"rotate":[{"angle":-10.38}]},"xiaba3":{"translate":[{"x":3,"y":-2.19}]},"xiaba4":{"translate":[{"x":0.27,"y":1.43}]},"youdabi2":{"rotate":[{"angle":-2.05},{"time":0.3333,"angle":1.75},{"time":0.8333,"angle":40.08},{"time":1,"angle":120.72},{"time":1.1,"angle":36.72}],"translate":[{"x":3.11,"y":0.06}]},"youxiaobi2":{"rotate":[{"angle":6.06}]},"zuodabi3":{"rotate":[{"angle":-22.38},{"time":0.8333,"angle":6.94},{"time":1,"angle":77.05},{"time":1.1,"angle":17.22}],"translate":[{},{"time":1,"x":-1.44,"y":18.77},{"time":1.1,"x":-2.38,"y":31.04}]},"zuoxiaobi2":{"rotate":[{"angle":17.23}]},"youdatui2":{"rotate":[{"angle":20.25}],"translate":[{"x":3.6,"y":0.74,"curve":"stepped"},{"time":1,"x":3.6,"y":0.74},{"time":1.1,"x":24.42,"y":4.03}]},"youxiaotui2":{"rotate":[{"angle":5.66}]},"zuodatui2":{"rotate":[{"angle":23.29}],"translate":[{"x":-2.58,"y":-0.27,"curve":"stepped"},{"time":1,"x":-2.58,"y":-0.27},{"time":1.1,"x":-27.07,"y":-4.14}]},"zuoxiaotui2":{"rotate":[{"angle":25.82}],"translate":[{},{"time":0.2,"x":-0.77,"y":0.44}]},"youjiao2":{"rotate":[{"time":0.8333},{"time":1,"angle":-179.9}],"translate":[{"x":5.93},{"time":0.2,"x":-8.54},{"time":0.8333,"x":5.58,"y":12.84},{"time":1,"x":-77.59,"y":72.54},{"time":1.1,"x":45.17,"y":-11.16},{"time":1.1667,"x":45.17,"y":-3.1},{"time":1.2667,"x":45.17,"y":-11.16}]},"zuojiao2":{"rotate":[{},{"time":0.2,"angle":32.94,"curve":"stepped"},{"time":0.8333,"angle":32.94},{"time":1,"angle":-168.72},{"time":1.1,"angle":112.84}],"translate":[{},{"time":0.2,"x":-15.16,"y":21.1,"curve":"stepped"},{"time":0.8333,"x":-15.16,"y":21.1},{"time":1,"x":-113.92,"y":128.17},{"time":1.1,"x":-16.58,"y":4.79},{"time":1.1667,"x":-16.58,"y":25.87},{"time":1.2667,"x":-16.58,"y":4.79}]},"danshou2":{"rotate":[{"angle":1.12}],"translate":[{"x":-610.73}]}}},"fall":{"slots":{"bashou2":{"color":[{"time":0.1333,"color":"ffffffff","curve":0.25,"c3":0.75},{"time":0.4,"color":"ffffff00"}]},"danshou2":{"color":[{"time":0.1333,"color":"ffffffff","curve":0.25,"c3":0.75},{"time":0.4,"color":"ffffff00"}]},"taban2":{"color":[{"time":0.1333,"color":"ffffffff","curve":0.25,"c3":0.75},{"time":0.4,"color":"ffffff00"}]},"tiaogan2":{"color":[{"time":0.1333,"color":"ffffffff","curve":0.25,"c3":0.75},{"time":0.4,"color":"ffffff00"}]},"zuoshou1":{"attachment":[{"name":"zuoshou1"}]}},"bones":{"1":{"translate":[{"x":453.96}]},"2":{"translate":[{"x":26.57}]},"bone":{"translate":[{"x":-5.78,"y":-9.43}]},"shenti":{"rotate":[{"angle":-5.96}]},"shenti2":{"rotate":[{"angle":-5.96}]},"youdabi":{"rotate":[{"angle":-20.17}],"translate":[{"x":-8.03,"y":1.66}]},"youxiaobi":{"rotate":[{"angle":26.7}]},"zuodabi2":{"rotate":[{"angle":-16.57}]},"zuoxiaobi":{"rotate":[{"angle":26.73}]},"youdatui":{"rotate":[{"angle":9.26}]},"youxiaotui":{"rotate":[{"angle":-18.7}]},"zuodatui":{"rotate":[{"angle":3.48}]},"zuoxiaotui":{"rotate":[{"angle":-8.38}]},"danshou":{"rotate":[{"angle":1.12}],"translate":[{"x":-2.32}]},"bone2":{"rotate":[{"angle":2.74}],"translate":[{"x":-15.39,"y":-1.52}]},"shenti3":{"rotate":[{"angle":9.06}]},"shenti4":{"rotate":[{"angle":1.03}]},"tou2":{"rotate":[{"angle":-10.38}]},"xiaba3":{"translate":[{"x":3,"y":-2.19}]},"xiaba4":{"translate":[{"x":0.27,"y":1.43}]},"youdabi2":{"rotate":[{"angle":-2.05}],"translate":[{"x":3.11,"y":0.06}]},"youxiaobi2":{"rotate":[{"angle":6.06}]},"zuodabi3":{"rotate":[{"angle":-22.38}]},"zuoxiaobi2":{"rotate":[{"angle":17.23}]},"youdatui2":{"rotate":[{"angle":20.25}],"translate":[{"x":3.6,"y":0.74}]},"youxiaotui2":{"rotate":[{"angle":5.66}]},"zuodatui2":{"rotate":[{"angle":23.29}],"translate":[{"x":-2.58,"y":-0.27}]},"zuoxiaotui2":{"rotate":[{"angle":25.82}]},"youjiao2":{"translate":[{"x":5.93}]},"danshou2":{"rotate":[{"angle":1.12},{"time":0.1333,"angle":-36.24,"curve":0.25,"c3":0.75},{"time":0.4,"angle":-53.49}],"translate":[{"x":-2.32},{"time":0.1333,"x":148.14,"y":14.61,"curve":0.25,"c3":0.75},{"time":0.4,"x":201.32,"y":-44.41}]}}},"idle":{"slots":{"zuoshou1":{"attachment":[{"name":"zuoshou1"}]}},"bones":{"1":{"translate":[{"x":453.96}]},"2":{"translate":[{"x":617.84}]},"bone":{"translate":[{"x":-5.78,"y":-9.43}]},"shenti":{"rotate":[{"angle":-5.96}]},"shenti2":{"rotate":[{"angle":-5.96}]},"youdabi":{"rotate":[{"angle":-20.17}],"translate":[{"x":-8.03,"y":1.66}]},"youxiaobi":{"rotate":[{"angle":26.7}]},"zuodabi2":{"rotate":[{"angle":-16.57}]},"zuoxiaobi":{"rotate":[{"angle":26.73}]},"youdatui":{"rotate":[{"angle":9.26}]},"youxiaotui":{"rotate":[{"angle":-18.7}]},"zuodatui":{"rotate":[{"angle":3.48}]},"zuoxiaotui":{"rotate":[{"angle":-8.38}]},"danshou":{"rotate":[{"angle":1.12}],"translate":[{"x":-2.32}]},"bone2":{"rotate":[{"angle":2.74}],"translate":[{"x":-15.39,"y":-1.52},{"time":0.2667,"x":-15.39,"y":5.03,"curve":0.25,"c3":0.75},{"time":0.5667,"x":-10.77,"y":-5.75,"curve":0.25,"c3":0.75},{"time":0.9333,"x":-12.23,"y":4.98,"curve":0.25,"c3":0.75},{"time":1.6,"x":-15.39,"y":-1.52}]},"shenti3":{"rotate":[{"angle":9.06},{"time":0.2667,"angle":0.96},{"time":0.5667,"angle":-3.76},{"time":0.9333,"angle":2.35},{"time":1.2333,"angle":11.21},{"time":1.6,"angle":9.06}]},"shenti4":{"rotate":[{"angle":1.03},{"time":0.0667},{"time":0.3333,"angle":-4.6},{"time":0.6333,"angle":-9.32},{"time":1,"angle":-3.21},{"time":1.3,"angle":5.64},{"time":1.6,"angle":1.03}]},"tou2":{"rotate":[{"angle":-10.38}]},"xiaba3":{"translate":[{"x":3,"y":-2.19}]},"xiaba4":{"rotate":[{},{"time":0.5667,"angle":17.04},{"time":1.6}],"translate":[{"x":0.27,"y":1.43},{"time":0.5667,"x":-7.29,"y":-0.83},{"time":1,"x":-0.81,"y":-0.37},{"time":1.6,"x":0.27,"y":1.43}]},"yanjing2":{"rotate":[{},{"time":0.4,"angle":-4.2},{"time":0.7667,"angle":1.63},{"time":1.1667,"angle":7.62},{"time":1.6}],"translate":[{},{"time":0.7667,"x":-2.82,"y":2.93},{"time":1.6}]},"youdabi2":{"rotate":[{"angle":-2.05},{"time":0.4,"angle":5.07},{"time":0.7667,"angle":3.14},{"time":1.1667,"angle":-6.1},{"time":1.6,"angle":-2.05}],"translate":[{"x":3.11,"y":0.06}]},"youxiaobi2":{"rotate":[{"angle":6.06},{"time":0.2667,"angle":11.98},{"time":1.6,"angle":6.06}]},"zuodabi3":{"rotate":[{"angle":-22.38,"curve":0.25,"c3":0.75},{"time":0.2667,"angle":-4.71,"curve":0.25,"c3":0.75},{"time":1.6,"angle":-22.38}]},"zuoxiaobi2":{"rotate":[{"angle":17.23,"curve":0.25,"c3":0.75},{"time":0.2667,"angle":-4.63,"curve":0.25,"c3":0.75},{"time":0.7,"angle":22.66,"curve":0.25,"c3":0.75},{"time":1.6,"angle":17.23}]},"zuoshou1":{"rotate":[{},{"time":0.5667,"angle":-13.9},{"time":1.6}]},"youdatui2":{"rotate":[{"angle":20.25}],"translate":[{"x":3.6,"y":0.74},{"time":0.4,"x":-2.63,"y":4.29},{"time":0.5667,"x":-3.41,"y":12.28},{"time":0.7667,"x":-2.54,"y":4.9},{"time":1.1333,"x":0.43,"y":-0.1},{"time":1.6,"x":3.6,"y":0.74}]},"youxiaotui2":{"rotate":[{"angle":5.66}]},"zuodatui2":{"rotate":[{"angle":23.29}],"translate":[{"x":-2.58,"y":-0.27}]},"zuoxiaotui2":{"rotate":[{"angle":25.82}]},"youjiao2":{"translate":[{"x":5.93}]},"danshou2":{"rotate":[{"angle":1.12}],"translate":[{"x":-610.73}]}}},"idle2":{"slots":{"zuoshou1":{"attachment":[{"name":"zuoshou1"}]}},"bones":{"1":{"translate":[{"x":453.96}]},"2":{"translate":[{"x":26.57}]},"bone":{"translate":[{"x":-5.78,"y":-9.43}]},"shenti":{"rotate":[{"angle":-5.96}]},"shenti2":{"rotate":[{"angle":-5.96}]},"youdabi":{"rotate":[{"angle":-20.17}],"translate":[{"x":-8.03,"y":1.66}]},"youxiaobi":{"rotate":[{"angle":26.7}]},"zuodabi2":{"rotate":[{"angle":-16.57}]},"zuoxiaobi":{"rotate":[{"angle":26.73}]},"youdatui":{"rotate":[{"angle":9.26}]},"youxiaotui":{"rotate":[{"angle":-18.7}]},"zuodatui":{"rotate":[{"angle":3.48}]},"zuoxiaotui":{"rotate":[{"angle":-8.38}]},"danshou":{"rotate":[{"angle":1.12}],"translate":[{"x":-2.32}]},"bone2":{"rotate":[{"angle":2.74}],"translate":[{"x":-15.39,"y":-1.52},{"time":0.2667,"x":-15.39,"y":5.03,"curve":0.25,"c3":0.75},{"time":0.5667,"x":-10.77,"y":-5.75,"curve":0.25,"c3":0.75},{"time":0.9333,"x":-12.23,"y":4.98,"curve":0.25,"c3":0.75},{"time":1.6,"x":-15.39,"y":-1.52}]},"shenti3":{"rotate":[{"angle":9.06},{"time":0.2667,"angle":0.96},{"time":0.5667,"angle":-3.76},{"time":0.9333,"angle":2.35},{"time":1.2333,"angle":11.21},{"time":1.6,"angle":9.06}]},"shenti4":{"rotate":[{"angle":1.03},{"time":0.0667},{"time":0.3333,"angle":-4.6},{"time":0.6333,"angle":-9.32},{"time":1,"angle":-3.21},{"time":1.3,"angle":5.64},{"time":1.6,"angle":1.03}]},"tou2":{"rotate":[{"angle":-10.38}]},"xiaba3":{"translate":[{"x":3,"y":-2.19}]},"xiaba4":{"rotate":[{},{"time":0.5667,"angle":17.04},{"time":1.6}],"translate":[{"x":0.27,"y":1.43},{"time":0.5667,"x":-7.29,"y":-0.83},{"time":1,"x":-0.81,"y":-0.37},{"time":1.6,"x":0.27,"y":1.43}]},"yanjing2":{"rotate":[{},{"time":0.4,"angle":-4.2},{"time":0.7667,"angle":1.63},{"time":1.1667,"angle":7.62},{"time":1.6}],"translate":[{},{"time":0.7667,"x":-2.82,"y":2.93},{"time":1.6}]},"youdabi2":{"rotate":[{"angle":-2.05},{"time":0.4,"angle":5.07},{"time":0.7667,"angle":3.14},{"time":1.1667,"angle":-6.1},{"time":1.6,"angle":-2.05}],"translate":[{"x":3.11,"y":0.06}]},"youxiaobi2":{"rotate":[{"angle":6.06},{"time":0.2667,"angle":11.98},{"time":1.6,"angle":6.06}]},"zuodabi3":{"rotate":[{"angle":-22.38,"curve":0.25,"c3":0.75},{"time":0.2667,"angle":-4.71,"curve":0.25,"c3":0.75},{"time":1.6,"angle":-22.38}]},"zuoxiaobi2":{"rotate":[{"angle":17.23,"curve":0.25,"c3":0.75},{"time":0.2667,"angle":-4.63,"curve":0.25,"c3":0.75},{"time":0.7,"angle":22.66,"curve":0.25,"c3":0.75},{"time":1.6,"angle":17.23}]},"zuoshou1":{"rotate":[{},{"time":0.5667,"angle":-13.9},{"time":1.6}]},"youdatui2":{"rotate":[{"angle":20.25}],"translate":[{"x":3.6,"y":0.74},{"time":0.4,"x":-2.63,"y":4.29},{"time":0.5667,"x":-3.41,"y":12.28},{"time":0.7667,"x":-2.54,"y":4.9},{"time":1.1333,"x":0.43,"y":-0.1},{"time":1.6,"x":3.6,"y":0.74}]},"youxiaotui2":{"rotate":[{"angle":5.66}]},"zuodatui2":{"rotate":[{"angle":23.29}],"translate":[{"x":-2.58,"y":-0.27}]},"zuoxiaotui2":{"rotate":[{"angle":25.82}]},"youjiao2":{"translate":[{"x":5.93}]},"danshou2":{"rotate":[{"angle":1.12}],"translate":[{"x":-2.32}]}}},"jump1":{"bones":{"1":{"translate":[{},{"time":0.0667,"x":5.13,"y":-27.84},{"time":0.3,"y":189.41},{"time":0.5667,"y":202.06},{"time":0.8}]},"2":{"translate":[{"x":-121.8}]},"bone":{"translate":[{"x":-13.38,"y":-1.14},{"time":0.2,"x":-1.61,"y":-21.58},{"time":0.6667,"x":-10.76,"y":0.86},{"time":0.8,"x":-13.38,"y":-1.14}]},"shenti":{"rotate":[{"angle":-5.96},{"time":0.1667,"angle":3.96},{"time":0.8,"angle":-5.96}]},"shenti2":{"rotate":[{"angle":-5.96},{"time":0.1667,"angle":9.16},{"time":0.8,"angle":-5.96}]},"toufa":{"translate":[{},{"time":0.4,"x":-1.51,"y":2.62},{"time":0.8}]},"xiaba":{"translate":[{"x":1.99,"y":-0.98},{"time":0.4},{"time":0.8,"x":1.99,"y":-0.98}]},"xiaba2":{"translate":[{"x":0.42,"y":0.86},{"time":0.4,"x":-4.28,"y":1.67},{"time":0.8,"x":0.42,"y":0.86}]},"yanjing":{"rotate":[{},{"time":0.2,"angle":-4.2},{"time":0.4,"angle":1.63},{"time":0.6,"angle":7.62},{"time":0.8}],"translate":[{},{"time":0.4,"x":-2.82,"y":2.93},{"time":0.8}]},"youdabi":{"rotate":[{"angle":-20.17}],"translate":[{"x":-8.03,"y":1.66},{"time":0.4,"x":6.87,"y":-6.37},{"time":0.8,"x":-8.03,"y":1.66}]},"youxiaobi":{"rotate":[{"angle":26.7}]},"zuodabi2":{"rotate":[{"angle":-16.57}]},"zuoxiaobi":{"rotate":[{"angle":26.73}]},"youdatui":{"rotate":[{"angle":9.26}]},"youxiaotui":{"rotate":[{"angle":-18.7}]},"zuodatui":{"rotate":[{"angle":3.48}]},"zuoxiaotui":{"rotate":[{"angle":-8.38}]},"danshou":{"rotate":[{"angle":1.12},{"time":0.1667,"angle":-0.64},{"time":0.8,"angle":1.12}],"translate":[{"x":-2.32,"curve":0.25,"c3":0.75},{"time":0.1667,"x":2.74,"curve":0.25,"c3":0.75},{"time":0.8,"x":-2.32}]},"tiaogan":{"translate":[{},{"time":0.0667,"x":-27.69,"curve":0.25,"c3":0.75},{"time":0.2,"x":15.14,"y":-2.04},{"time":0.8}]},"youjiao":{"rotate":[{},{"time":0.4,"angle":5.39},{"time":0.8}]},"zuojiao":{"rotate":[{},{"time":0.4,"angle":5.48},{"time":0.8}]},"youdatui2":{"rotate":[{"angle":20.25}]},"youxiaotui2":{"rotate":[{"angle":5.66}]},"zuodatui2":{"rotate":[{"angle":23.29}]},"zuoxiaotui2":{"rotate":[{"angle":25.82}]},"tiaogan2":{"translate":[{},{"time":0.2,"x":-28.23},{"time":0.4}]},"danshou2":{"rotate":[{"angle":1.12},{"time":0.4,"angle":-0.64},{"time":0.8,"angle":1.12}],"translate":[{"x":-610.73}]}},"events":[{"time":0.1667,"name":"jump"}]},"jump2":{"bones":{"1":{"translate":[{},{"time":0.0667,"x":5.13,"y":-27.84},{"time":0.3333,"y":83.45},{"time":0.5,"y":69.33},{"time":0.8}]},"2":{"translate":[{"x":-121.8}]},"bone":{"translate":[{"x":-13.38,"y":-1.14},{"time":0.2,"x":-1.61,"y":-21.58},{"time":0.6667,"x":-10.76,"y":0.86},{"time":0.8,"x":-13.38,"y":-1.14}]},"shenti":{"rotate":[{"angle":-5.96},{"time":0.1667,"angle":3.96},{"time":0.8,"angle":-5.96}]},"shenti2":{"rotate":[{"angle":-5.96},{"time":0.1667,"angle":9.16},{"time":0.8,"angle":-5.96}]},"toufa":{"translate":[{},{"time":0.4,"x":-1.51,"y":2.62},{"time":0.8}]},"xiaba":{"translate":[{"x":1.99,"y":-0.98},{"time":0.4},{"time":0.8,"x":1.99,"y":-0.98}]},"xiaba2":{"translate":[{"x":0.42,"y":0.86},{"time":0.4,"x":-4.28,"y":1.67},{"time":0.8,"x":0.42,"y":0.86}]},"yanjing":{"rotate":[{},{"time":0.2,"angle":-4.2},{"time":0.4,"angle":1.63},{"time":0.6,"angle":7.62},{"time":0.8}],"translate":[{},{"time":0.4,"x":-2.82,"y":2.93},{"time":0.8}]},"youdabi":{"rotate":[{"angle":-20.17}],"translate":[{"x":-8.03,"y":1.66},{"time":0.4,"x":6.87,"y":-6.37},{"time":0.8,"x":-8.03,"y":1.66}]},"youxiaobi":{"rotate":[{"angle":26.7}]},"zuodabi2":{"rotate":[{"angle":-16.57}]},"zuoxiaobi":{"rotate":[{"angle":26.73}]},"youdatui":{"rotate":[{"angle":9.26}]},"youxiaotui":{"rotate":[{"angle":-18.7}]},"zuodatui":{"rotate":[{"angle":3.48}]},"zuoxiaotui":{"rotate":[{"angle":-8.38}]},"danshou":{"rotate":[{"angle":1.12},{"time":0.1667,"angle":-0.64},{"time":0.8,"angle":1.12}],"translate":[{"x":-2.32,"curve":0.25,"c3":0.75},{"time":0.1667,"x":2.74,"curve":0.25,"c3":0.75},{"time":0.8,"x":-2.32}]},"tiaogan":{"translate":[{},{"time":0.0667,"x":-27.69,"curve":0.25,"c3":0.75},{"time":0.2,"x":15.14,"y":-2.04},{"time":0.8}]},"youjiao":{"rotate":[{},{"time":0.4,"angle":5.39},{"time":0.8}]},"zuojiao":{"rotate":[{},{"time":0.4,"angle":5.48},{"time":0.8}]},"youdatui2":{"rotate":[{"angle":20.25}]},"youxiaotui2":{"rotate":[{"angle":5.66}]},"zuodatui2":{"rotate":[{"angle":23.29}]},"zuoxiaotui2":{"rotate":[{"angle":25.82}]},"tiaogan2":{"translate":[{},{"time":0.2,"x":-28.23},{"time":0.4}]},"danshou2":{"rotate":[{"angle":1.12},{"time":0.4,"angle":-0.64},{"time":0.8,"angle":1.12}],"translate":[{"x":-610.73}]}}},"move":{"slots":{"zuoshou1":{"attachment":[{"name":"zuoshou1"}]}},"bones":{"1":{"translate":[{"x":453.96}]},"2":{"translate":[{"x":617.84}]},"bone":{"translate":[{"x":-5.78,"y":-9.43}]},"shenti":{"rotate":[{"angle":-5.96}]},"shenti2":{"rotate":[{"angle":-5.96}]},"youdabi":{"rotate":[{"angle":-20.17}],"translate":[{"x":-8.03,"y":1.66}]},"youxiaobi":{"rotate":[{"angle":26.7}]},"zuodabi2":{"rotate":[{"angle":-16.57}]},"zuoxiaobi":{"rotate":[{"angle":26.73}]},"youdatui":{"rotate":[{"angle":9.26}]},"youxiaotui":{"rotate":[{"angle":-18.7}]},"zuodatui":{"rotate":[{"angle":3.48}]},"zuoxiaotui":{"rotate":[{"angle":-8.38}]},"danshou":{"rotate":[{"angle":1.12}],"translate":[{"x":-2.32}]},"bone2":{"rotate":[{"angle":2.74}],"translate":[{"x":-15.39,"y":-1.52},{"time":0.3667,"x":-15.39,"y":7.94},{"time":0.7667,"x":-15.39,"y":-1.52},{"time":1.1667,"x":-15.39,"y":7.94},{"time":1.5333,"x":-15.39,"y":-1.52}]},"shenti3":{"rotate":[{"angle":9.06},{"time":0.3667,"angle":-0.76},{"time":0.7667,"angle":9.06},{"time":1.1667,"angle":-0.76},{"time":1.5333,"angle":9.06}]},"shenti4":{"rotate":[{},{"time":0.3667,"angle":-9.82},{"time":0.7667},{"time":1.1667,"angle":-9.82},{"time":1.5333}]},"tou2":{"rotate":[{"angle":-4.74},{"time":0.3667,"angle":-6.22,"curve":"stepped"},{"time":1.1667,"angle":-6.22},{"time":1.5333,"angle":-4.74}]},"xiaba3":{"translate":[{"x":3,"y":-2.19}]},"xiaba4":{"translate":[{"x":0.27,"y":1.43},{"time":0.4,"x":-8.27,"y":3.47},{"time":0.7667,"x":0.27,"y":1.43},{"time":1.1667,"x":-8.27,"y":3.47},{"time":1.5333,"x":0.27,"y":1.43}]},"yanjing2":{"rotate":[{},{"time":0.4,"angle":-4.2},{"time":0.7667},{"time":1.1667,"angle":-4.2},{"time":1.5333}]},"youdabi2":{"rotate":[{"angle":-2.05},{"time":0.3667,"angle":-6.79},{"time":0.7667,"angle":4.36},{"time":1.2,"angle":40.56},{"time":1.5333,"angle":-2.05}],"translate":[{"x":3.11,"y":0.06}]},"youxiaobi2":{"rotate":[{"angle":6.06},{"time":0.7667,"angle":17.72},{"time":1.5333,"angle":6.06}]},"youshou1":{"rotate":[{},{"time":0.3667,"angle":12.74},{"time":0.7667,"angle":-2.94},{"time":1.5333}]},"zuodabi3":{"rotate":[{"angle":-22.38},{"time":0.3667,"angle":9.51},{"time":1.2,"angle":-30.18},{"time":1.5333,"angle":-22.38}]},"zuoxiaobi2":{"rotate":[{"angle":17.23},{"time":0.3667,"angle":31.82},{"time":0.7667,"angle":21.24},{"time":1.5333,"angle":17.23}]},"zuoshou1":{"rotate":[{},{"time":0.3667,"angle":36.87},{"time":1,"angle":18.4},{"time":1.1667,"angle":-13.53},{"time":1.5333}]},"youdatui2":{"rotate":[{"angle":20.25}],"translate":[{"x":3.6,"y":0.74,"curve":"stepped"},{"time":0.7667,"x":3.6,"y":0.74},{"time":1.2,"x":-4.76,"y":1.24},{"time":1.5333,"x":3.6,"y":0.74}]},"youxiaotui2":{"rotate":[{"angle":5.66}]},"zuodatui2":{"rotate":[{"angle":23.29}],"translate":[{"x":-2.58,"y":-0.27},{"time":0.3667,"x":-10.59,"y":-1.13},{"time":0.7667,"x":-2.58,"y":-0.27}]},"zuoxiaotui2":{"rotate":[{"angle":25.82}]},"youjiao2":{"rotate":[{},{"time":0.7667,"angle":63.24},{"time":1.2,"angle":29.82},{"time":1.5333}],"translate":[{"x":5.93},{"time":0.7667,"x":72.53,"y":8.77},{"time":1.2,"x":0.72,"y":3.81},{"time":1.3333,"x":6.57,"y":2.29},{"time":1.5333,"x":5.93}]},"zuojiao2":{"translate":[{},{"time":0.3667,"x":-49.87},{"time":0.7667,"x":-19.5},{"time":1.3333,"x":14.9},{"time":1.5333}]},"danshou2":{"rotate":[{"angle":1.12}],"translate":[{"x":-610.73}]}}}}},[0]]],0,0,[0],[-1],[0]]