[1,["ecpdLyjvZBwrvm+cedCcQy","caohSHbS5GEIzmwCrnMGn5","65ybVT/JhNvbjVcDxJ07U+","5b2E3BaVNNzZPAk8+DkCbZ","4efU//9OVNGo8MfkCbZl+N","5cO7kybDxGj4ipyMYdRYZB","07VFtYLupNfq+BZr2GTGa/","42Il2weJdAnJrBo6iJFV7k","bazkiWx29Lx55jqro5XojG","fayNuCRs5OKqf+d/p0Fi4j","6ciBO76X1O5IEXjbbbH+Gt","63HaUmZ3RNb78E7IJpsc5Z","59kDQ8uE9C97ZD4grkq3IX","794Z2ehSVKBbJ4+hjP0/mP","47Ckj4raBKs7V+VLEox2Qs","9ceCns4bNP45WT2tfQKj92","1a4253cf1"],["node","_spriteFrame","_N$file","_parent","_textureSetter","_scrollView","root","btn_main","btn_return","equipBtnLab","equipNode","desc2","desc1","equipImg","equipName","carContent","shovelContent","data","equipItemPre","spri_equipNode"],[["cc.Node",["_name","_components","_prefab","_contentSize","_parent","_trs","_children","_anchorPoint","_color"],2,9,4,5,1,7,2,5,5],["cc.Sprite",["_sizeMode","_type","_isTrimmedMode","node","_materials","_spriteFrame"],0,1,3,6],["cc.Node",["_name","_components","_prefab","_contentSize","_parent","_trs","_color","_children","_anchorPoint"],2,2,4,5,1,7,5,2,5],["cc.Label",["_string","_isSystemFontUsed","_N$verticalAlign","_N$horizontalAlign","_fontSize","_lineHeight","_N$overflow","node","_materials","_N$file"],-4,1,3,6],["cc.Widget",["_alignFlags","_originalHeight","_bottom","alignMode","_left","_originalWidth","node"],-3,1],"cc.SpriteFrame",["cc.Node",["_name","_parent","_components","_prefab","_contentSize","_trs","_children","_anchorPoint","_color"],2,1,12,4,5,7,2,5,5],["cc.PrefabInfo",["fileId","root","asset"],2,1,1],["cc.Layout",["_N$layoutType","_resize","_N$paddingTop","_N$spacingX","_N$spacingY","node","_layoutSize"],-2,1,5],["cc.Prefab",["_name"],2],["cc.BlockInputEvents",["node"],3,1],["825f3/GmT5AjbmV2Bl4blUn",["node","shovelContent","carContent","equipName","equipImg","desc1","desc2","equipNode","equipBtnLab","btn_return","btn_main","equipItemPre","spri_equipNode"],3,1,1,1,1,1,1,1,1,1,1,1,6,6],["cc.Button",["_N$transition","node","clickEvents"],2,1,9],["cc.ClickEvent",["_componentId","handler","target"],1,1],["cc.LabelOutline",["_width","node","_color"],2,1,5],["cc.Mask",["_N$alphaThreshold","node","_materials"],2,1,3],["cc.Scrollbar",["_N$direction","node","_N$handle"],2,1,1],["cc.ScrollView",["horizontal","inertia","brake","bounceDuration","_N$horizontalScrollBar","node","_N$content","_N$verticalScrollBar"],-2,1,1,1]],[[7,0,1,2,2],[0,0,4,6,1,2,3,5,2],[1,1,0,2,3,4,5,4],[0,0,4,1,2,8,3,2],[0,0,4,1,2,3,5,2],[1,0,3,4,5,2],[0,0,6,1,2,3,5,2],[0,0,1,2,3,7,5,2],[0,0,4,6,1,2,3,2],[2,0,7,1,2,3,2],[2,0,4,1,2,6,3,5,2],[2,0,4,1,2,3,8,5,2],[6,0,1,6,2,3,4,7,5,2],[4,3,0,4,1,6,5],[1,3,4,5,1],[1,1,0,3,4,5,3],[1,1,0,3,4,3],[12,0,1,2,2],[13,0,1,2,3],[8,0,2,3,4,5,6,5],[3,0,4,5,1,2,6,7,8,7],[3,0,1,3,2,7,8,9,5],[14,0,1,2,2],[15,0,1,2,2],[16,0,1,2,2],[17,0,1,2,3,4,5,6,7,6],[9,0,2],[0,0,4,6,1,2,3,7,5,2],[0,0,4,1,2,3,2],[2,0,4,1,2,3,5,2],[2,0,4,1,2,6,3,2],[6,0,1,2,3,8,4,5,2],[4,0,6,2],[4,0,2,6,3],[4,0,5,1,6,4],[10,0,1],[11,0,1,2,3,4,5,6,7,8,9,10,11,12,1],[7,1,2,1],[1,3,4,1],[8,1,0,5,6,3],[3,0,4,5,1,3,2,7,8,9,7],[3,0,4,5,1,3,2,7,8,7],[3,0,1,3,2,7,8,5]],[[[{"name":"handbookBtn","rect":[1,3,185,60],"offset":[0.5,0.5],"originalSize":[186,67],"capInsets":[0,0,0,0]}],[5],0,[0],[4],[6]],[[[26,"EquipView"],[6,"EquipView",[-15,-16,-17,-18,-19],[[32,45,-2],[35,-3],[36,-14,-13,-12,-11,-10,-9,-8,-7,-6,-5,-4,43,44]],[37,-1,0],[5,1280,720],[640,360,0,0,0,0,1,1,1,1]],[1,"info_bg",1,[-21,-22,-23,-24,-25,-26,-27,-28,-29],[[2,1,0,false,-20,[29],30]],[0,"a9sZzQc8NNQ6RyOgqPyJ11",1,0],[5,482,688],[297,9,0,0,0,0,1,1,1,1]],[6,"equipBtn",[-32],[[14,-30,[15],16],[33,4,10,-31]],[0,"9aAoWRUm1M87vScZVRMnZ7",1,0],[5,167,76],[0,-97,0,0,0,0,1,1,1,1]],[1,"backToMainBtn",2,[-35],[[14,-33,[23],24],[17,3,-34,[[18,"825f3/GmT5AjbmV2Bl4blUn","close",1]]]],[0,"c5etkZbwtOMZFLbgubbrTl",1,0],[5,202,76],[210,-320,0,0,0,0,1,1,1,0]],[1,"return",2,[-38],[[5,0,-36,[27],28],[17,3,-37,[[18,"825f3/GmT5AjbmV2Bl4blUn","return",1]]]],[0,"57qZ/tJPdC5rWcIpyu5BQG",1,0],[5,202,76],[-160,-320,0,0,0,0,1,1,1,0]],[27,"content",2,[-40,-41],[[39,1,2,-39,[5,410,125.6]]],[0,"dcpuOkghFApqWfejiJhd7Y",1,0],[5,410,125.6],[0,0.5,1],[0,-11.946,0,0,0,0,1,1,1,1]],[9,"New ScrollView",[-43,-44],[-42],[0,"e45OFBO4FAqLOf8aep2rps",1,0],[5,580,230]],[12,"scrollBar",7,[-47],[[-45,[13,0,37,350.07654921020657,237,-46]],1,4],[0,"ecppXqhE5FAoeWAW3ecBE8",1,0],[5,12,230],[0,1,0.5],[290,0,0,0,0,0,1,1,1,1]],[7,"Shovelcontent",[[19,3,10,15,15,-48,[5,550,230]]],[0,"4399GJ2OtKVKVa/4dPgL4e",1,0],[5,550,230],[0,0.5,1],[0,115,0,0,0,0,1,1,1,1]],[9,"New ScrollView",[-50,-51],[-49],[0,"1aQRqY8fJGPbzChdHFO7eN",1,0],[5,580,230]],[12,"scrollBar",10,[-54],[[-52,[13,0,37,350.07654921020657,237,-53]],1,4],[0,"3ewmZlINtJjZotJT0lW3C8",1,0],[5,12,230],[0,1,0.5],[290,0,0,0,0,0,1,1,1,1]],[7,"carContent",[[19,3,10,15,15,-55,[5,550,230]]],[0,"58LX7vlfFJQLIMotoIqFq7",1,0],[5,550,230],[0,0.5,1],[0,115,0,0,0,0,1,1,1,1]],[28,"bg",1,[[15,1,0,-56,[0],1],[34,45,1280,720,-57]],[0,"02f8ymE2tMHpACs1PwouBi",1,0],[5,1280,720]],[1,"tittle_bg",1,[-59],[[15,1,0,-58,[4],5]],[0,"6cU4mKiBBAWqzclXxYLYMG",1,0],[5,550,94],[-280,294.434,0,0,0,0,1,1,1,1]],[3,"tittle",14,[[40,"道具图鉴",45,45,false,1,1,-60,[2],3],[22,2,-61,[4,4279642182]]],[0,"54MkrWbIRBv6VSyy7QrVkK",1,0],[4,4289912570],[5,184,60.7]],[31,"name",2,[[-62,[22,2,-63,[4,4278596427]]],1,4],[0,"1fXbkEY3dJEKfuSJ/M6v4B",1,0],[4,4280135167],[5,109,53.14],[-1.561,298.683,0,0,0,0,1,1,1,1]],[1,"plant_desc_bg",2,[3],[[2,1,0,false,-64,[17],18]],[0,"a5rZp7p/9KQond883BS/QO",1,0],[5,436,290],[0,-145.317,0,0,0,0,1,1,1,1]],[1,"shovelContent",1,[-66],[[2,1,0,false,-65,[35],36]],[0,"82mFSj34dNTbfzwlkm1rG7",1,0],[5,620,260],[-286.586,88.546,0,0,0,0,1,1,1,1]],[1,"common_bg",18,[7],[[2,1,0,false,-67,[33],34]],[0,"bcq0fL0tVD2Z2KCJj9wajj",1,0],[5,580,230],[-0.5,2.038,0,0,0,0,1,1,1,1]],[8,"view",7,[9],[[23,0,-68,[32]]],[0,"101mqgSJxItqkaEl7Buivd",1,0],[5,550,230]],[1,"CarContent",1,[-70],[[2,1,0,false,-69,[41],42]],[0,"e0XYiZQ+RDFpIlNy1dCAsB",1,0],[5,620,260],[-286.586,-204.914,0,0,0,0,1,1,1,1]],[1,"common_bg",21,[10],[[2,1,0,false,-71,[39],40]],[0,"8ay+jc0DNPX4vtG6+oATfb",1,0],[5,580,230],[-0.5,2.038,0,0,0,0,1,1,1,1]],[8,"view",10,[12],[[23,0,-72,[38]]],[0,"09BFVTHbpBm6sLsMh1jBk1",1,0],[5,550,230]],[4,"common_bg",2,[[2,1,0,false,-73,[6],7]],[0,"e9L0CV8yxL0LbaOwvXr+1I",1,0],[5,421.4,224.2],[-0.5,123.8,0,0,0,0,1,1,1,1]],[4,"info_bg",2,[[5,0,-74,[8],9]],[0,"16WLI8xOxCCp1OwQgS7h6F",1,0],[5,214.1,206.2],[-3.699,123.397,0,0,0,0,1,1,1,1]],[4,"nameFrame",2,[[5,2,-75,[10],11]],[0,"fczct+mOVPOoTXRME1bl+E",1,0],[5,233,68],[-1.561,293.877,0,0,0,0,1,1,1,1]],[41,"玩具铲",35,39,false,1,1,16,[12]],[29,"equipImg",2,[-76],[0,"52RJMH/BZNI60lN89Za3pR",1,0],[5,136,99],[0,107.57,0,0,0,0,1,1,1,1]],[38,28,[13]],[30,"equipBtnLab",3,[-77],[0,"fe7b81bx5FXrwmAHAIbUWF",1,0],[4,4285150504],[5,120,50.4]],[42,"已装备",false,1,1,30,[14]],[10,"effect",6,[-78],[0,"57fM+yUgZDlJ2NJjgE1an7",1,0],[4,4285150504],[5,380,44.1],[-6,-22.05,0,0,0,0,1,1,1,1]],[20,"移除植物，无特殊效果。",30,35,false,1,3,32,[19]],[10,"desc",6,[-79],[0,"f9lhmHwsdEj5L1EfC0vdPY",1,0],[4,4285150504],[5,380,81.5],[-6,-84.85,0,0,0,0,1,1,1,1]],[20,"小芙送你的小铲子!\n现在有了其他强力的铲子，\n它或许也可以放个假了。",25,25,false,1,3,34,[20]],[3,"txt",4,[[21,"主菜单",false,1,1,-80,[21],22]],[0,"3d82dnqBhNXJdKDFQ085pV",1,0],[4,4281809735],[5,120,50.4]],[3,"txt",5,[[21,"返回",false,1,1,-81,[25],26]],[0,"eanDj5iQZJLa7iDtTaDgsK",1,0],[4,4281809735],[5,80,50.4]],[11,"bar",8,[-82],[0,"10KQpe/mRLVZihbu6/VxkZ",1,0],[5,10,30],[0,1,0],[-1,0,0,0,0,0,1,1,1,1]],[16,1,0,38,[31]],[24,1,8,39],[25,false,false,0.75,0.23,null,7,9,40],[11,"bar",11,[-83],[0,"679kfAdMZJq7Hj5CWN9Ty0",1,0],[5,10,30],[0,1,0],[-1,0,0,0,0,0,1,1,1,1]],[16,1,0,42,[37]],[24,1,11,43],[25,false,false,0.75,0.23,null,10,12,44]],0,[0,6,1,0,0,1,0,0,1,0,7,4,0,8,5,0,9,31,0,10,3,0,11,35,0,12,33,0,13,29,0,14,27,0,15,12,0,16,9,0,0,1,0,-1,13,0,-2,14,0,-3,2,0,-4,18,0,-5,21,0,0,2,0,-1,24,0,-2,25,0,-3,26,0,-4,16,0,-5,28,0,-6,17,0,-7,6,0,-8,4,0,-9,5,0,0,3,0,0,3,0,-1,30,0,0,4,0,0,4,0,-1,36,0,0,5,0,0,5,0,-1,37,0,0,6,0,-1,32,0,-2,34,0,-1,41,0,-1,8,0,-2,20,0,-1,40,0,0,8,0,-1,38,0,0,9,0,-1,45,0,-1,11,0,-2,23,0,-1,44,0,0,11,0,-1,42,0,0,12,0,0,13,0,0,13,0,0,14,0,-1,15,0,0,15,0,0,15,0,-1,27,0,0,16,0,0,17,0,0,18,0,-1,19,0,0,19,0,0,20,0,0,21,0,-1,22,0,0,22,0,0,23,0,0,24,0,0,25,0,0,26,0,-1,29,0,-1,31,0,-1,33,0,-1,35,0,0,36,0,0,37,0,-1,39,0,-1,43,0,17,1,3,3,17,7,3,19,9,3,20,10,3,22,12,3,23,40,5,41,44,5,45,83],[0,0,0,0,0,0,0,0,0,0,0,0,0,0,0,0,0,0,0,0,0,0,0,0,0,0,0,0,0,0,0,0,0,0,0,0,0,0,0,0,0,0,0,0,0,27,29,31,33,35,39,43],[-1,1,-1,2,-1,1,-1,1,-1,1,-1,1,-1,-1,-1,-1,1,-1,1,-1,-1,-1,2,-1,1,-1,2,-1,1,-1,1,-1,-1,-1,1,-1,1,-1,-1,-1,1,-1,1,18,19,2,1,2,2,2,1,1],[0,7,0,1,0,8,0,2,0,9,0,10,0,0,0,0,4,0,11,0,0,0,1,0,12,0,1,0,13,0,3,0,0,0,2,0,3,0,0,0,2,0,3,14,4,1,15,1,1,1,5,5]],[[{"name":"equip_3","rect":[3,907,87,88],"offset":[0,0],"originalSize":[87,88],"capInsets":[18,18,18,18]}],[5],0,[0],[4],[16]]]]