[1,["ecpdLyjvZBwrvm+cedCcQy","63Xhl1adlILooHaFKpcTGA","99griRbcJHorZpmKKHZbD7","351ZPJbTBPEqX0JYoB0fXc","1314782d5","c0CdVePd1ByrdaO/Ii9Y9f","7a/QZLET9IDreTiBfRn2PD","f7SF9978tPNq9BC05lvRCP","249gfJTedOkrIAqURIfyww","e7lfZwj+hHAo00IdyY6Kh/","6fzW/pQtZFPJ4ZgxaCE7xc","15zHH8IpxEX7xs8ZoxaN6O","89vcFbKhJEuardqG0UXnTi","0dt6Gp4/lEtIfNd//VYBzx","26ipmoxhtEnY1VpTmYs8Pi","7aKVSYjxdIO5IIx2FT60fw","caohSHbS5GEIzmwCrnMGn5"],["node","_textureSetter","_spriteFrame","root","node_kuang","img_limit","ani_prop","img_icon","lab_num","data","_N$skeletonData","_N$file"],["cc.SpriteFrame",["cc.Node",["_name","_active","_components","_prefab","_contentSize","_trs","_parent","_children"],1,9,4,5,7,1,2],["cc.Sprite",["_sizeMode","node","_materials","_spriteFrame"],2,1,3,6],["cc.Node",["_name","_active","_parent","_components","_prefab","_trs","_contentSize"],1,1,2,4,7,5],["cc.PrefabInfo",["fileId","root","asset"],2,1,1],["cc.Prefab",["_name"],2],["cc.Node",["_name","_parent","_components","_prefab","_contentSize","_anchorPoint","_trs"],2,1,12,4,5,5,7],["6562cPUQSRBGrt291sNe1N5",["node","lab_num","img_icon","ani_prop","img_limit","frames_prop","frames_achieve","node_kuang"],3,1,1,1,1,1,3,3,1],["cc.LabelOutline",["_width","node","_color"],2,1,5],["sp.Skeleton",["defaultSkin","defaultAnimation","_preCacheMode","_animationName","node","_materials"],-1,1,3],["261d4+Q1HdGA5w3tjdBw83c",["node","spineAnimation"],3,1,1],["cc.Label",["_string","_fontSize","_lineHeight","_isSystemFontUsed","_N$horizontalAlign","_N$verticalAlign","_N$cacheMode","node","_materials"],-4,1,3]],[[4,0,1,2,2],[2,0,1,2,3,2],[5,0,2],[1,0,7,2,3,4,5,2],[1,0,1,6,2,3,4,3],[1,0,6,2,3,4,5,2],[3,0,1,2,3,4,5,3],[3,0,2,3,4,6,5,2],[6,0,1,2,3,4,5,6,2],[2,1,2,3,1],[2,1,2,1],[7,0,1,2,3,4,5,6,7,1],[4,1,2,1],[8,0,1,2,2],[9,0,1,2,3,4,5,5],[10,0,1,1],[11,0,1,2,3,4,5,6,7,8,8]],[[[{"name":"achieve_40","rect":[0,0,134,134],"offset":[0,0],"originalSize":[134,134],"capInsets":[0,0,0,0]}],[0],0,[0],[1],[2]],[[{"name":"achieve_38","rect":[0,0,134,134],"offset":[0,0],"originalSize":[134,134],"capInsets":[0,0,0,0]}],[0],0,[0],[1],[3]],[[{"name":"11","rect":[140,551,92,131],"offset":[2,0.5],"originalSize":[150,150],"capInsets":[0,0,0,0]}],[0],0,[0],[1],[4]],[[{"name":"achieve_39","rect":[0,0,134,134],"offset":[0,0],"originalSize":[134,134],"capInsets":[0,0,0,0]}],[0],0,[0],[1],[5]],[[[2,"tasksIcon"],[3,"tasksIcon",[-9,-10,-11,-12,-13],[[1,0,-2,[7],8],[11,-8,-7,-6,-5,-4,[9,10,11],[12,13,14],-3]],[12,-1,0],[5,50,50],[39,0,0,0,0,0,1,1,1,1]],[6,"27FX_ui",false,1,[-14,-15],[0,"8eKTqFwKtBZaFmh3PzKIre",1,0],[0,2.949,0,0,0,0,1,0.35,0.35,1]],[8,"num",1,[[-16,[13,2,-17,[4,4278190080]]],1,4],[0,"f32SpxHgRF3YfG6/38ZAO1",1,0],[5,49.51,16],[0,1,0.5],[23.706,-17.432,0,0,0,0,1,1,1,1]],[4,"endless_10",false,1,[[1,0,-18,[3],4]],[0,"41At37M7FK07Ht2JJnOVZi",1,0],[5,50,50]],[5,"t_limit",1,[[9,-19,[5],6]],[0,"f4/pU/xIVCZZbRBMFdsJlM",1,0],[5,74,33],[0,20,0,0,0,0,1,0.8,0.8,0.8]],[7,"icon",1,[-20],[0,"4fIPFFjPZMooRgw9Qv4u2m",1,0],[5,99,79],[0,0,0,0,0,0,1,0.35,0.35,1]],[10,6,[0]],[14,"default","1ui_1",0,"1ui_1",2,[1]],[15,2,8],[16,"X50000",12,12,false,1,1,2,3,[2]]],0,[0,3,1,0,0,1,0,4,4,0,5,5,0,6,9,0,7,7,0,8,10,0,0,1,0,-1,6,0,-2,2,0,-3,3,0,-4,4,0,-5,5,0,-1,8,0,-2,9,0,-1,10,0,0,3,0,0,4,0,0,5,0,-1,7,0,9,1,20],[0,0,0,0,0,0,0,0,0,0,0,0,0,0,0,7,8,10],[-1,-1,-1,-1,2,-1,2,-1,2,-1,-2,-3,-1,-2,-3,2,10,11],[0,6,0,0,7,0,8,0,9,1,10,1,11,12,13,14,15,16]]]]