[1,["ecpdLyjvZBwrvm+cedCcQy","1930e3dc6","2aKJYU6u9G55yvfDap1e83","7a/QZLET9IDreTiBfRn2PD","77ao5MeUpNcKbbXEb/z1P4","62GTRe4E1Ee4akLd+6+GU/","d61C/zuQVIGJ7IAWakUXS9","2c5XU6AINJ2rAFBr7kNCIz","cavc9j4QRNqpxv+KB1O/L2","ef7ILtPalHj6mzG3Eaqegg","56qexoh35AQKuoZjqZwTnb","1ck1Yi/LlB8JKzBOWUtWiJ","87OAa9f15Nm6EEaBJEQiuy","34R4nAUsBDOrdayS/APw85","21YQCh38JC0p3uHD5IvuB3","5aalEjxDdKdrNa7bJxf8La","2b7dbpFudEIKLJQ+wQLCHj","41h23UWCFA2LzhkavM30Uq","c49dEp8hpEB5d9quQ3AEf1","bctxz3QRxNk7sBEmC8dbQz","0aEQkUvelGBYm1Vmt+gHMR","1606a1f26"],["node","_spriteFrame","_textureSetter","root","node_belt","img_nextPart","img_pictureBook","lightAni","trophy","coinPackage","paper","taco","handbook","shovel","propNode","cardPrice","cardIcon","cardBoard","arrow","data","_N$skeletonData"],[["cc.Node",["_name","_prefab","_parent","_components","_contentSize","_children","_trs","_anchorPoint","_eulerAngles"],2,4,1,9,5,2,7,5,5],["cc.Sprite",["_sizeMode","_isTrimmedMode","_type","node","_materials","_spriteFrame"],0,1,3,6],"cc.SpriteFrame",["cc.Node",["_name","_parent","_components","_prefab","_contentSize","_trs","_anchorPoint","_color"],2,1,2,4,5,7,5,5],["cc.Node",["_name","_parent","_children","_components","_prefab","_contentSize","_anchorPoint","_trs"],2,1,2,12,4,5,5,7],["cc.PrefabInfo",["fileId","root","asset"],2,1,1],["cc.Prefab",["_name"],2],["94b08Rs2DtFaZTn5L6m+n0u",["node","arrow","cardBoard","cardBoardFrames","cardIcon","cardPrice","propNode","shovel","handbook","taco","paper","coinPackage","trophy","lightAni","img_pictureBook","img_nextPart","node_belt"],3,1,1,1,3,1,1,1,1,1,1,1,1,1,1,1,1,1],["cc.Button",["node","clickEvents"],3,1,9],["cc.ClickEvent",["_componentId","handler","target"],1,1],["sp.Skeleton",["defaultSkin","defaultAnimation","_preCacheMode","loop","_animationName","_playTimes","_N$useTint","node","_materials"],-4,1,3],["261d4+Q1HdGA5w3tjdBw83c",["node","spineAnimation"],3,1,1],["cc.Label",["_string","_fontSize","_lineHeight","_N$horizontalAlign","_N$verticalAlign","node","_materials"],-2,1,3]],[[5,0,1,2,2],[8,0,1,1],[9,0,1,2,3],[1,3,4,5,1],[0,0,2,3,1,4,7,6,2],[1,3,4,1],[0,0,2,5,3,1,4,6,2],[3,0,1,2,3,4,5,2],[1,0,3,4,5,2],[6,0,2],[0,0,5,3,1,2],[0,0,2,5,1,2],[0,0,2,3,1,4,7,6,8,2],[0,0,2,3,1,4,6,2],[0,0,2,5,1,4,7,2],[0,0,2,3,1,4,2],[4,0,1,2,3,4,5,6,2],[4,0,1,2,3,4,5,7,2],[3,0,1,2,3,4,6,5,2],[3,0,1,2,3,7,4,6,5,2],[7,0,1,2,3,4,5,6,7,8,9,10,11,12,13,14,15,16,1],[5,1,2,1],[1,0,1,3,4,5,3],[1,0,1,3,4,3],[1,2,0,3,4,5,3],[10,0,1,2,3,4,5,6,7,8,8],[11,0,1,1],[12,0,1,2,3,4,5,6,6]],[[[{"name":"drop_paper","rect":[313,895,114,91],"offset":[0,0],"originalSize":[114,91],"rotated":1,"capInsets":[0,0,0,0]}],[2],0,[0],[2],[1]],[[{"name":"drop_coin_package","rect":[499,3,124,123],"offset":[0,0],"originalSize":[124,123],"capInsets":[0,0,0,0]}],[2],0,[0],[2],[1]],[[[9,"DropCard"],[10,"DropCard",[-18,-19,-20,-21],[[20,-17,-16,-15,[26,27,28,29,30],-14,-13,-12,-11,-10,-9,-8,-7,-6,-5,-4,-3,-2]],[21,-1,0]],[11,"prop",1,[-22,-23,-24,-25,-26,-27,-28],[0,"c2eeqf7/1JpIm84kwb0IuR",1,0]],[16,"CardSlot",1,[-31,-32],[[-29,[1,-30,[[2,"94b08Rs2DtFaZTn5L6m+n0u","clickCard",1]]]],1,4],[0,"c8mDYTobZKV6+uVXoeDti2",1,0],[5,136,75],[0,0.5,0]],[17,"pictureBook",2,[-35,-36],[[-33,[1,-34,[[2,"94b08Rs2DtFaZTn5L6m+n0u","clickCard",1]]]],1,4],[0,"41SwHTdxVCda9D3nfdeu+q",1,0],[5,171,123],[0,52,0,0,0,0,1,0.8,0.8,1]],[12,"Shovel",2,[[3,-37,[8],9],[1,-38,[[2,"94b08Rs2DtFaZTn5L6m+n0u","clickCard",1]]]],[0,"9461SF1N9Ntp5hvb77oBqc",1,0],[5,200,100],[0,0.5,0],[25,14,0,0,0,0.25881904510252074,0.9659258262890683,0.7,0.7,1],[1,0,0,30]],[4,"drop_paper",2,[[3,-39,[10],11],[1,-40,[[2,"94b08Rs2DtFaZTn5L6m+n0u","clickCard",1]]]],[0,"eepbvGBCxJfZRFWScwZME6",1,0],[5,114,91],[0,0.5,0],[0,7,0,0,0,0,1,1,1,1]],[4,"drop_handbook",2,[[3,-41,[12],13],[1,-42,[[2,"94b08Rs2DtFaZTn5L6m+n0u","clickCard",1]]]],[0,"4brBPf4mNHKKNjCWV3gijM",1,0],[5,145,143],[0,0.5,0],[0,-22,0,0,0,0,1,0.7,0.7,1]],[4,"drop_taco",2,[[3,-43,[14],15],[1,-44,[[2,"94b08Rs2DtFaZTn5L6m+n0u","clickCard",1]]]],[0,"9d0q1e5vxGwohbhWplwAPK",1,0],[5,126,111],[0,0.5,0],[0,-22,0,0,0,0,1,1,1,1]],[4,"drop_coin_package",2,[[8,0,-45,[16],17],[1,-46,[[2,"94b08Rs2DtFaZTn5L6m+n0u","clickCard",1]]]],[0,"00EjtjLzxPv6nEbyN1W0kY",1,0],[5,154.4,153.1],[0,0.5,0],[0,-26,0,0,0,0,1,0.6,0.6,1]],[4,"drop_trophy",2,[[3,-47,[18],19],[1,-48,[[2,"94b08Rs2DtFaZTn5L6m+n0u","clickCard",1]]]],[0,"702EpIKhBCvLAgnUNv4wdQ",1,0],[5,183,169],[0,0.5,0],[0,0,0,0,0,0,1,0.6,0.6,1]],[6,"belt",4,[-50],[[8,0,-49,[23],24]],[0,"d0iRCTH3BI7qDrIVNrj60Q",1,0],[5,36,147],[-35.206,4.989,0,0,0,0,1,0.625,0.5,0.625]],[7,"05_light",1,[-51,-52],[0,"6cIoYEIb5GkYzWihnMhPbu",1,0],[5,412.0843505859375,313.269287109375],[0,37,0,0,0,0,1,1,1,1]],[6,"plant_price_bg",3,[-54],[[22,2,false,-53,[3],4]],[0,"9esKj9mIVOb5s+pv0yTAP0",1,0],[5,57,31],[30.42,23.037,0,0,0,0,1,1,1,1]],[13,"arrow",1,[[3,-55,[6],7]],[0,"b9DVf1639BeZVkVm4cNFXC",1,0],[5,48,58],[0,110,0,0,0,0,1,1,-1,1]],[25,"default","idle1",0,false,"idle1",1,true,12,[0]],[26,12,15],[14,"Card",3,[-56],[0,"4edZOOgBFNOLRuItqIyGh7",1,0],[5,136,75],[0,0.5,0]],[18,"Icon",17,[-57],[0,"95QirYzOhNc5SO8B43nu7Z",1,0],[5,128,68],[0,0.5,0],[0,8,0,0,0,0,1,1,1,1]],[23,0,false,18,[1]],[19,"price",13,[-58],[0,"8bZr3j3cdH14e+Lj7i9CTc",1,0],[4,4278190080],[5,33.37,42.84],[0,1,0.5],[31,0.7,0,0,0,0,1,1,1,1]],[27,"50",30,34,1,1,20,[2]],[5,3,[5]],[7,"lv_img1",4,[-59],[0,"86iqsPz0BIWJpxRGatRzEc",1,0],[5,196,144],[2.277,5.312,0,0,0,0,1,0.5,0.5,1]],[5,23,[20]],[15,"belt",11,[[24,2,0,-60,[21],22]],[0,"06mZ1wpeRLs7XcLZKtVrev",1,0],[5,28.9,139]],[5,4,[25]]],0,[0,3,1,0,4,11,0,5,24,0,6,26,0,7,16,0,8,10,0,9,9,0,10,6,0,11,8,0,12,7,0,13,5,0,14,2,0,15,21,0,16,19,0,17,22,0,18,14,0,0,1,0,-1,12,0,-2,3,0,-3,14,0,-4,2,0,-1,5,0,-2,6,0,-3,7,0,-4,8,0,-5,9,0,-6,10,0,-7,4,0,-1,22,0,0,3,0,-1,17,0,-2,13,0,-1,26,0,0,4,0,-1,23,0,-2,11,0,0,5,0,0,5,0,0,6,0,0,6,0,0,7,0,0,7,0,0,8,0,0,8,0,0,9,0,0,9,0,0,10,0,0,10,0,0,11,0,-1,25,0,-1,15,0,-2,16,0,0,13,0,-1,20,0,0,14,0,-1,18,0,-1,19,0,-1,21,0,-1,24,0,0,25,0,19,1,60],[0,0,0,0,0,0,0,0,0,0,0,0,0,0,0,0,0,0,0,0,0,0,0,0,0,0,0,0,0,0,0,15,22,24,26],[-1,-1,-1,-1,1,-1,-1,1,-1,1,-1,1,-1,1,-1,1,-1,1,-1,1,-1,-1,1,-1,1,-1,-1,-2,-3,-4,-5,20,1,1,1],[3,0,0,0,4,0,0,5,0,6,0,7,0,8,0,9,0,10,0,11,0,0,12,0,13,0,14,2,15,16,17,18,2,19,20]],[[{"name":"lv_img1","rect":[3,707,196,144],"offset":[0,0],"originalSize":[196,144],"capInsets":[0,0,0,0]}],[2],0,[0],[2],[21]]]]