[1,["ecpdLyjvZBwrvm+cedCcQy","caohSHbS5GEIzmwCrnMGn5","7a/QZLET9IDreTiBfRn2PD","7aKVSYjxdIO5IIx2FT60fw","384w4kV5JAurVtdLwsxF79","dfMmHFPAFNmZDOgSb9HCJW","11aX3SpyRCQ5Ea1ipmYGdA","7ePqw7z7xFCp9GjHIZag91","b7+2Y3/ehMH5++mYZDEvYt","a5eMDdha5A8JGI3qKzgEqe","5d/mHIWhtGWZzt1xEz8a2u","a5Qi1k0ClM2ovGuHRQPO1e","6cudj5r4pH4LTeHynDeVY8","1ezgZnlt5Fxp08YYq27dev","97u4YcmV5O66YEswztx3MH","39OgcqCk5BP6myZnBGV5Ha","a2MjXRFdtLlYQ5ouAFv/+R","2feRlJ3QNFh5DUZG3E5FSJ","0eTMtHVPxAN7MDG9Tfj3EY","bayVZcpI9LxqhS9TJisqNz","2eYLUKo6tPT57j6FrILgK/","c4x1NSaXdL5qwImDtf0sal","b4Ddtp8PRMPYNCLfFQak7Y","45ogOoLV9BRYGksemesMc2","1cfVLMD2RMv4InAu/Wgpfl","65ybVT/JhNvbjVcDxJ07U+","5b2E3BaVNNzZPAk8+DkCbZ","ceFn8s+C5IsLr9nI2pvYfY","5aJ6ayw+xNfpVCmwnMCV/t","cdiQbOo4JJYLE/gh1dvDMk","abf4+1kJ9LropfVB0N7jVg","00oZKqUiZEOoy2m/qzema8","63S1uKRDRF56J789BGD6WB","45fN5Sw0FGdo2MgVw/hEDR","78cDLOAe9MvIvZCxenwwI+","dedkHOuCVHybq01w1d3Wi+","3ca5H/+0VDk5recSnvFCQJ","0drTkSQ4RHq7CsKsY2eDgv","88cRaeOX9EIbsIJOiEbpkE"],["node","_spriteFrame","_N$file","_parent","_textureSetter","_N$skeletonData","root","spineAnimation","daveFreeSunNode","davePowerNode","scroll","PlantOnHideBtn","PlantOnShowBtn","ResOnHideBtn","ResOnShowBtn","PlantContent","ResContent","GardenGiftItem","PlayPucketGiftItem","DaveGiftItem","BeginGiftItem","data","PlantGiftPre"],[["cc.Node",["_name","_active","_opacity","_prefab","_contentSize","_parent","_components","_trs","_children","_eulerAngles","_color","_anchorPoint"],0,4,5,1,9,7,2,5,5,5],"cc.SpriteFrame",["cc.Widget",["_alignFlags","_originalWidth","_originalHeight","_left","_right","_bottom","_top","node"],-4,1],["cc.Sprite",["_sizeMode","_type","_isTrimmedMode","node","_materials","_spriteFrame"],0,1,3,6],["sp.Skeleton",["defaultSkin","_preCacheMode","_animationName","_N$enableBatch","defaultAnimation","node","_materials","_N$skeletonData"],-2,1,3,6],["cc.PrefabInfo",["fileId","root","asset"],2,1,1],["cc.Node",["_name","_children","_components","_prefab","_parent","_contentSize","_anchorPoint","_trs"],2,2,12,4,1,5,5,7],["cc.Layout",["_N$layoutType","_N$paddingLeft","_N$paddingRight","_N$paddingTop","_N$spacingX","_N$spacingY","_enabled","_resize","node","_layoutSize"],-5,1,5],["cc.ClickEvent",["_componentId","handler","customEventData","target"],0,1],["cc.Label",["_string","_fontSize","_isSystemFontUsed","_lineHeight","_N$horizontalAlign","_N$verticalAlign","node","_materials","_N$file"],-3,1,3,6],["cc.Prefab",["_name"],2],["cc.Node",["_name","_parent","_children","_prefab","_trs","_eulerAngles"],2,1,12,4,7,5],["cc.Node",["_name","_parent","_children","_components","_prefab"],2,1,9,9,4],["cc.BlockInputEvents",["node"],3,1],["ea5c3cUbB9AI488NxJstYbj",["node","BeginGiftItem","DaveGiftItem","PlayPucketGiftItem","GardenGiftItem","ResContent","PlantContent","ResOnShowBtn","ResOnHideBtn","PlantOnShowBtn","PlantOnHideBtn","scroll","plantImg","davePowerNode","daveFreeSunNode","PlantGiftPre"],3,1,1,1,1,1,1,1,1,1,1,1,1,3,1,1,6],["cc.Mask",["_N$alphaThreshold","node","_materials"],2,1,3],["cc.Button",["_N$transition","node","clickEvents"],2,1,9],["261d4+Q1HdGA5w3tjdBw83c",["node","spineAnimation"],3,1,1],["7ff46OJBOxMo526UYe9FYB3",["node"],3,1],["cc.LabelOutline",["_width","node","_color"],2,1,5],["cc.ScrollView",["vertical","brake","bounceDuration","_N$horizontalScrollBar","_N$verticalScrollBar","node","_N$content"],-2,1,1]],[[5,0,1,2,2],[9,0,1,3,2,6,7,8,5],[19,0,1,2,2],[3,3,4,5,1],[0,0,5,8,6,3,4,7,2],[0,0,5,6,3,10,4,7,2],[3,0,3,4,5,2],[0,0,5,6,3,4,7,2],[16,0,1,2,2],[3,1,0,2,3,4,5,4],[0,0,8,6,3,4,7,2],[0,0,6,3,10,4,7,9,2],[0,0,5,6,3,10,4,7,9,2],[0,0,5,8,3,2],[0,0,6,3,4,7,9,2],[0,0,1,5,6,3,4,7,3],[5,0,1,2],[3,1,0,3,4,5,3],[8,0,1,2,3,4],[18,0,1],[9,0,1,2,4,5,6,7,8,6],[4,0,4,1,2,3,5,6,7,6],[0,0,1,5,8,6,3,4,7,3],[0,0,5,8,3,4,7,9,2],[0,0,1,5,8,3,4,7,3],[0,0,5,8,3,4,7,2],[6,0,1,2,3,2],[8,0,1,3,3],[17,0,1,1],[0,0,1,8,6,3,4,7,3],[0,0,8,6,3,2],[0,0,5,3,2],[0,0,5,6,3,4,2],[0,0,5,6,3,10,4,2],[12,0,1,2,3,4,2],[2,0,3,4,5,1,2,7,7],[2,0,1,2,7,4],[4,0,4,1,2,3,5,6,6],[10,0,2],[0,0,8,6,3,4,11,2],[0,0,5,8,6,3,4,11,2],[0,0,5,3,4,2],[0,0,1,5,6,3,4,11,7,3],[0,0,2,5,6,3,10,4,3],[0,0,5,8,3,7,9,2],[0,0,5,6,3,2],[6,0,4,1,2,3,5,6,7,2],[11,0,1,2,3,4,5,2],[2,0,7,2],[2,0,3,4,6,5,1,2,7,8],[13,0,1],[14,0,1,2,3,4,5,6,7,8,9,10,11,12,13,14,15,1],[5,1,2,1],[7,6,0,1,2,3,4,5,8,9,8],[7,7,0,1,2,3,4,5,8,9,8],[15,0,1,2,2],[4,0,1,5,6,3],[4,0,1,2,3,5,6,5],[20,0,1,2,3,4,5,6,6]],[[[{"name":"zw106","rect":[6,4,83,87],"offset":[-0.5,0.5],"originalSize":[96,96],"capInsets":[0,0,0,0]}],[1],0,[0],[4],[10]],[[{"name":"gardengift","rect":[0,0,238,302],"offset":[0,0],"originalSize":[238,302],"capInsets":[0,0,0,0]}],[1],0,[0],[4],[11]],[[{"name":"zw108","rect":[8,3,79,92],"offset":[-0.5,-1],"originalSize":[96,96],"capInsets":[0,0,0,0]}],[1],0,[0],[4],[12]],[[{"name":"playgift","rect":[0,0,238,302],"offset":[0,0],"originalSize":[238,302],"capInsets":[0,0,0,0]}],[1],0,[0],[4],[13]],[[{"name":"zw103","rect":[1,13,93,71],"offset":[-0.5,-0.5],"originalSize":[96,96],"capInsets":[0,0,0,0]}],[1],0,[0],[4],[14]],[[{"name":"zw107","rect":[17,2,62,92],"offset":[0,0],"originalSize":[96,96],"capInsets":[0,0,0,0]}],[1],0,[0],[4],[15]],[[[38,"GiftView"],[10,"GiftView",[-18,-19],[[48,45,-2],[50,-3],[51,-17,-16,-15,-14,-13,-12,-11,-10,-9,-8,-7,-6,[128,129,130,131,132,133],-5,-4,127]],[52,-1,0],[5,1280,720],[640,360,0,0,0,0,1,1,1,1]],[10,"giftItem",[-21,-22,-23,-24,-25,-26,-27],[[3,-20,[33],34]],[0,"45rufvOIdO8bn9kFHYEqZH",1,0],[5,238,302],[0,-171,0,0,0,0,1,1,1,1]],[10,"giftItem",[-29,-30,-31,-32,-33,-34,-35],[[3,-28,[62],63]],[0,"00N1WDagJPEa7H/Ae532EE",1,0],[5,238,302],[0,-171,0,0,0,0,1,1,1,0]],[39,"content",[2,3,-38,-39],[[53,false,3,15,15,20,20,10,-36,[5,793,462]],[35,13,-0.30000000000001137,-43.80000000000001,-0.1999999999999318,880,420,-37]],[0,"9fvfzdCOFEeqcHrxfdRHZF",1,0],[5,793,462],[0,0.5,1]],[22,"giftItem",false,4,[-41,-42,-43,-44,-45],[[3,-40,[80],81]],[0,"d2sG8oFw9LcIAhv2ktpc0H",1,0],[5,238,302],[253.5,-171,0,0,0,0,1,1,1,0]],[22,"giftItem",false,4,[-47,-48,-49,-50,-51],[[3,-46,[100],101]],[0,"48u4gNgYBBzJkAGL+MsoGp",1,0],[5,238,302],[-262.5,-483,0,0,0,0,1,1,1,0]],[4,"board",1,[-53,-54,-55,-56,-57],[[9,1,0,false,-52,[125],126]],[0,"79if67nshKTrN/ovWVOpFz",1,0],[5,824.4,561.5],[37.721,3.5,0,0,0,0,1,1,1,1]],[46,"New ScrollView",7,[-61],[[-58,[49,45,16,16,78.64999999999999,21.049999999999983,880,420,-59],[9,1,0,false,-60,[103],104]],1,4,4],[0,"7bSjmjb4VGxqeqZ65zvDpr",1,0],[5,792.4,461.80000000000007],[0,0.5,1],[0,202.10000000000002,0,0,0,0,1,1,1,1]],[40,"view",8,[4,-64],[[55,0,-62,[102]],[36,45,880,420,-63]],[0,"a1IJ4i8cxOea8AmkqkZ4tL",1,0],[5,792.4,461.80000000000007],[0,0.5,1]],[4,"btn_5",2,[-67,-68],[[17,1,0,-65,[29],30],[8,3,-66,[[18,"ea5c3cUbB9AI488NxJstYbj","clickVideoBtn","0",1]]]],[0,"0cu0WoD6dLZpd5MFDAMHBr",1,0],[5,200,68],[0,-243.976,0,0,0,0,1,1,1,0]],[4,"btn_5",3,[-71,-72],[[17,1,0,-69,[58],59],[8,3,-70,[[18,"ea5c3cUbB9AI488NxJstYbj","clickVideoBtn","1",1]]]],[0,"32HaM0mHhMDKoZ27dE4KWv",1,0],[5,200,68],[0,-243.976,0,0,0,0,1,1,1,0]],[4,"btn_5",5,[-75,-76],[[17,1,0,-73,[76],77],[8,3,-74,[[18,"ea5c3cUbB9AI488NxJstYbj","clickVideoBtn","2",1]]]],[0,"8fEvWWoW9G2L6X1ff+X+Il",1,0],[5,200,68],[0,-243.976,0,0,0,0,1,1,1,0]],[4,"btn_5",6,[-79,-80],[[17,1,0,-77,[96],97],[8,3,-78,[[18,"ea5c3cUbB9AI488NxJstYbj","clickVideoBtn","3",1]]]],[0,"44VJ9fOY5NkKyKAXfdNb2c",1,0],[5,200,68],[0,-243.976,0,0,0,0,1,1,1,0]],[10,"resShow",[-82,-83],[[9,1,0,false,-81,[109],110]],[0,"19Ka+nMTpKKo8QpQ9NgGrE",1,0],[5,220.8,75.5],[-1.3,0.3,0,0,0,0,1,1,1,1]],[29,"resHide",false,[-86],[[9,1,0,false,-84,[113],114],[8,3,-85,[[27,"ea5c3cUbB9AI488NxJstYbj","clickShowResBtn",1]]]],[0,"6c9t+xBSBMwrvnVujZ7BLH",1,0],[5,198.8,75.5],[-12.3,0.3,0,0,0,0,1,1,1,0]],[29,"plantShow",false,[-88,-89],[[9,1,0,false,-87,[119],120]],[0,"a7exKz4ZJDrYgbDgKl59y/",1,0],[5,220.8,75.5],[-1.3,0.3,0,0,0,0,1,1,1,1]],[10,"plantHide",[-92],[[9,1,0,false,-90,[123],124],[8,3,-91,[[27,"ea5c3cUbB9AI488NxJstYbj","clickShowPlantBtn",1]]]],[0,"6bflzfeXlKsZzZskY6Kivx",1,0],[5,198.8,75.5],[-12.3,0.3,0,0,0,0,1,1,1,0]],[26,"cherry_bomb",[-96],[[-93,[28,-95,-94]],1,4],[0,"198iK3sU1EBbvNAlaTj6Bq",1,0]],[14,"adTickIcon",[[6,0,-98,[23],24],[19,-99]],[16,"f7C5LfbMxCc7K1NRSNfTAF",-97],[5,44.1,36.5],[-2.1,-0.7,0,0,0,0.13917310096006544,0.9902680687415704,1,1,1],[1,0,0,16]],[22,"powerIcon",false,3,[-101],[[3,-100,[41],42]],[0,"aamFDRJutJFqWcq96WfLhr",1,0],[5,81,82],[29.887,-57.906,0,0,0,0,1,1,1,1]],[26,"cherry_bomb",[-105],[[-102,[28,-104,-103]],1,4],[0,"8f4cCH0QFJr4w3sY4kCIZg",1,0]],[23,"free_sun_btn",3,[-106,-107],[0,"97U0SSQUlO25mqWJx2rxc4",1,0],[5,100,100],[22.405,-53.533,0,0,0,-0.12192997437186266,0.9925387052149034,0.8,0.8,0.8],[1,0,0,-14.007]],[14,"adTickIcon",[[6,0,-109,[52],53],[19,-110]],[16,"abGUraBgVGj6cMliqaHrl7",-108],[5,44.1,36.5],[-2.1,-0.7,0,0,0,0.13917310096006544,0.9902680687415704,1,1,1],[1,0,0,16]],[14,"adTickIcon",[[6,0,-112,[70],71],[19,-113]],[16,"76UB6BW0xBgbJmyW+4MgqG",-111],[5,44.1,36.5],[-2.1,-0.7,0,0,0,0.13917310096006544,0.9902680687415704,1,1,1],[1,0,0,16]],[47,"New Node",6,[[-114,[41,"gold_hole_1",-115,[0,"fbhDtvpk1MtroCLX6j5GzM",1,0],[5,53,44.1]],-116],1,4,1],[0,"795SHRXZNA1pTLnLf1mGts",1,0],[-11.269,-19.971,0,0,0,0.16016545589512243,0.9870901816642224,1,1,1],[1,0,0,18.433]],[26,"cherry_bomb",[-120],[[-117,[28,-119,-118]],1,4],[0,"b3ZzjUbZlLp4iCvnA3f7sd",1,0]],[14,"adTickIcon",[[6,0,-122,[90],91],[19,-123]],[16,"70yhpc+r1PiL8KBGZn27wk",-121],[5,44.1,36.5],[-2.1,-0.7,0,0,0,0.13917310096006544,0.9902680687415704,1,1,1],[1,0,0,16]],[42,"content",false,9,[[54,1,1,30,15,30,25,10,-124,[5,928,462]],[35,13,0.19999999999998863,-43.80000000000001,-0.1999999999999318,880,420,-125]],[0,"0eJSg8u9lPJoRQIqYq8rxO",1,0],[5,928,462],[0,0,1],[-396,0,0,0,0,0,1,1,1,1]],[43,"mask",177,1,[[6,0,-126,[0],1],[36,45,100,100,-127]],[0,"2eDfL0T9xOqa7Wx7Tvdjk2",1,0],[4,4278190080],[5,1280,720]],[7,"btn_close",7,[[6,0,-128,[2],3],[8,3,-129,[[27,"ea5c3cUbB9AI488NxJstYbj","close",1]]]],[0,"32Rgi6xVVMjIMcCYtjVQJU",1,0],[5,36.4,34],[398.4,273.789,0,0,0,0,1,2,2,0]],[5,"title",7,[[1,"福利礼包",62,65,false,-130,[4],5],[2,2,-131,[4,4278190080]]],[0,"05nZqpB1xPB4hl5E/EemIl",1,0],[4,4282891513],[5,252,85.9],[-18.334,229.79,0,0,0,0,1,1,1,1]],[30,"auto_pick",[-133],[[21,"default","2ui_idle",0,"2ui_idle",true,-132,[8],9]],[0,"76+/qQAPBAOpm5U749xoaD",1,0]],[11,"text",[[1,"+1",37,37,false,-134,[6],7],[2,2,-135,[4,4278190080]]],[0,"d6wIQelLpEGab8e2lWPgNe",1,0],[4,4283692543],[5,39.3,50.62],[-41.139,-43.275,0,0,0,0.2567364100944095,0.966481461659682,1,1,1],[1,0,0,29.753]],[44,"New Node",2,[-136,-137],[0,"92yi+rSkpJjboS+xuaRYJO",1,0],[-48.683,35.539,0,0,0,0.16016545589512243,0.9870901816642224,1,1,1],[1,0,0,18.433]],[12,"text",34,[[1,"5000",20,20,false,-138,[12],13],[2,2,-139,[4,4278190080]]],[0,"c4nLCl1tlFdo79CoqfrIoa",1,0],[4,4283692543],[5,53.16,29.2],[4.506,-35.798,0,0,0,0.04689724267181702,0.9988997190057572,1,1,1],[1,0,0,5.376]],[11,"text",[[1,"+1",30,30,false,-140,[14],15],[2,2,-141,[4,4278190080]]],[0,"5dkupNei1HmI4dQp3rR8Rg",1,0],[4,4283692543],[5,32.620000000000005,41.8],[45.15,-38.302,0,0,0,-0.18223552549214747,0.9832549075639546,1,1,1],[1,0,0,-21]],[23,"free_sun_btn",2,[-142,-143],[0,"9crqaI3c9P5rbPwn02tjVB",1,0],[5,100,100],[41.798,18.703,0,0,0,-0.12192997437186266,0.9925387052149034,0.8,0.8,0.8],[1,0,0,-14.007]],[34,"free_sun",37,[[31,"New Node",-145,[0,"61YRcRITRK2L8jUKHm4/Sw",1,0]]],[[21,"default","1ui_idle",0,"1ui_idle",true,-144,[17],18]],[0,"5faOu6DNJINZUUFt+FWPqW",1,0]],[12,"text",37,[[1,"+1",30,30,false,-146,[19],20],[2,2,-147,[4,4278190080]]],[0,"4c5T0U+n9I37hKJfn0hBoX",1,0],[4,4283692543],[5,32.620000000000005,41.8],[60.502,-20.476,0,0,0,-0.06098756683585237,0.9981385258026275,1.25,1.25,1.25],[1,0,0,-6.993]],[7,"buy_text",2,[[1,"可购买1/1",20,20,false,-148,[21],22],[2,2,-149,[4,4278190080]]],[0,"160En30CVP0LRe3tDa75En",1,0],[5,98.16,29.2],[0,-182.665,0,0,0,0,1,1,1,1]],[4,"ad_icon",10,[19],[[3,-150,[25],26]],[0,"0fcqGwgG5B06u7Y6hSIRz9",1,0],[5,35,26],[-59.243,0,0,0,0,0,1,1,1,1]],[15,"buy_over",false,2,[[1,"今日次数已用完",30,30,false,-151,[31],32],[2,2,-152,[4,4278190080]]],[0,"e7ZQ2fEApG9ZMprMn3Zlv1",1,0],[5,214,41.8],[0,-245.148,0,0,0,0,1,1,1,1]],[30,"auto_pick",[-154],[[21,"default","2ui_1",0,"2ui_1",true,-153,[37],38]],[0,"bdHV8e8FJIyZtiysNN2ibJ",1,0]],[11,"text",[[1,"+1",37,37,false,-155,[35],36],[2,2,-156,[4,4278190080]]],[0,"dczJ0GfpRA3IgJm1KvSuW3",1,0],[4,4283692543],[5,39.3,50.62],[-41.139,-43.275,0,0,0,0.2567364100944095,0.966481461659682,1,1,1],[1,0,0,29.753]],[12,"text",20,[[1,"+10",37,37,false,-157,[39],40],[2,2,-158,[4,4278190080]]],[0,"7dvbHkU4RGzrC5SstqcoZh",1,0],[4,4283692543],[5,60.98,50.62],[18.022,-29.688,0,0,0,-0.10406847354254534,0.9945701346886123,1,1,1],[1,0,0,-11.947]],[11,"text",[[1,"+3",30,30,false,-159,[43],44],[2,2,-160,[4,4278190080]]],[0,"e96NGENktGooZBZ1D4QSU2",1,0],[4,4283692543],[5,42.07,41.8],[45.15,-38.302,0,0,0,-0.18223552549214747,0.9832549075639546,1,1,1],[1,0,0,-21]],[34,"free_sun",22,[[31,"New Node",-162,[0,"f7rEv0UplLDo69rMD8M944",1,0]]],[[21,"default","1ui_1",0,"1ui_1",true,-161,[46],47]],[0,"42Mwbyxx5GRri8bOM4R47g",1,0]],[12,"text",22,[[1,"+1",30,30,false,-163,[48],49],[2,2,-164,[4,4278190080]]],[0,"fb0Cn6ng9Ck736ozTp3lBy",1,0],[4,4283692543],[5,32.620000000000005,41.8],[60.502,-20.476,0,0,0,-0.06098756683585237,0.9981385258026275,1.25,1.25,1.25],[1,0,0,-6.993]],[7,"buy_text",3,[[1,"可购买1/1",20,20,false,-165,[50],51],[2,2,-166,[4,4278190080]]],[0,"79cpxRn69JxrL85sng9lWJ",1,0],[5,98.16,29.2],[0,-182.665,0,0,0,0,1,1,1,1]],[4,"ad_icon",11,[23],[[3,-167,[54],55]],[0,"acxVA9viNEOIgWwSUVAmAk",1,0],[5,35,26],[-59.243,0,0,0,0,0,1,1,1,1]],[15,"buy_over",false,3,[[1,"今日次数已用完",30,30,false,-168,[60],61],[2,2,-169,[4,4278190080]]],[0,"c03/J5xmdGvLCDpSyhE+yc",1,0],[5,214,41.8],[0,-245.148,0,0,0,0,1,1,1,1]],[5,"text",5,[[1,"+3",42,42,false,-170,[64],65],[2,2,-171,[4,4278190080]]],[0,"43ST1CSHhNXpyEKA2zItHE",1,0],[4,4283692543],[5,57.3,56.92],[0,-100.985,0,0,0,0,1,1,1,0.7]],[7,"buy_text",5,[[1,"可购买1/1",20,20,false,-172,[68],69],[2,2,-173,[4,4278190080]]],[0,"5eZlw6Nv9P2772wcMGj/6Q",1,0],[5,98.16,29.2],[0,-182.665,0,0,0,0,1,1,1,1]],[4,"ad_icon",12,[24],[[3,-174,[72],73]],[0,"05+0C7dv5L3IOIPkEwztMT",1,0],[5,35,26],[-59.243,0,0,0,0,0,1,1,1,1]],[15,"buy_over",false,5,[[1,"今日次数已用完",30,30,false,-175,[78],79],[2,2,-176,[4,4278190080]]],[0,"01zSVLkI9IvqPY/R5GCmw2",1,0],[5,214,41.8],[0,-245.148,0,0,0,0,1,1,1,1]],[12,"text",25,[[1,"+10",37,37,false,-177,[83],84],[2,2,-178,[4,4278190080]]],[0,"cdFvX8mOZNt7HbWm1EPT6n",1,0],[4,4283692543],[5,60.98,50.62],[-48.058,4.744,0,0,0,-0.17569319006148829,0.9844449720355211,1,1,1],[1,0,0,-20.238]],[11,"text",[[1,"+5",37,37,false,-179,[85],86],[2,2,-180,[4,4278190080]]],[0,"1frXYExGNMMJzyfV8xO8Ij",1,0],[4,4283692543],[5,52.1,50.62],[29.023,29.262,0,0,0,0.23421747324338416,0.9721842290571703,1,1,1],[1,0,0,27.091]],[7,"buy_text",6,[[1,"可购买1/1",20,20,false,-181,[88],89],[2,2,-182,[4,4278190080]]],[0,"8dfZhYHeRBVrz6+b/fmgD2",1,0],[5,98.16,29.2],[0,-182.665,0,0,0,0,1,1,1,1]],[4,"ad_icon",13,[27],[[3,-183,[92],93]],[0,"b7jc8X18dOtp+rZ+iPVf4q",1,0],[5,35,26],[-59.243,0,0,0,0,0,1,1,1,1]],[15,"buy_over",false,6,[[1,"今日次数已用完",30,30,false,-184,[98],99],[2,2,-185,[4,4278190080]]],[0,"4fj29e7JlJHZejjeRwEfpH",1,0],[5,214,41.8],[0,-245.148,0,0,0,0,1,1,1,1]],[24,"res",false,7,[14,15],[0,"f607LOzo1JDIdYQ+Yr1zQD",1,0],[5,219.8,71.5],[-505.7,154.1,0,0,0,0,1,1,1,0]],[5,"txt",14,[[20,"资源",36,false,1,1,-186,[107],108],[2,3,-187,[4,4278202957]]],[0,"3bKJb8ekRPkKZQVqHfAtFS",1,0],[4,4284072191],[5,78,56.4],[-8.909,0,0,0,0,0,1,1,1,1]],[24,"plant",false,7,[16,17],[0,"f75h/SlJ5IfZITrFRn5j/O",1,0],[5,219.8,71.5],[-505.7,52.506,0,0,0,0,1,1,1,0]],[5,"txt",16,[[20,"植物",36,false,1,1,-188,[117],118],[2,3,-189,[4,4278202957]]],[0,"ccnfZztVlF1LgDlSlBR1so",1,0],[4,4284072191],[5,78,56.4],[-8.909,0,0,0,0,0,1,1,1,1]],[25,"auto_pick_btn",2,[32],[0,"eaH/LHu2ZJdK/K0N1kER/9",1,0],[5,100,100],[-45.778,-42.697,0,0,0,0,1,0.7,0.7,0.7]],[13,"New Node",32,[33],[0,"f4subEP41I6r4pKKYe1men",1,0]],[32,"gold_hole_1",34,[[6,0,-190,[10],11]],[0,"d1ph+3UKtDCKlNkPtiplhR",1,0],[5,53,44.1]],[25,"cherry_bomb_btn",2,[18],[0,"08zA0L2OZPNLujdXpnYiZf",1,0],[5,100,100],[33.23,-70.309,0,0,0,0,1,0.9,0.9,1]],[13,"New Node",18,[36],[0,"5dg0NIRA1Of5Zrfmi2cL0t",1,0]],[37,"default","3ui_idle1",0,"3ui_idle1",true,18,[16]],[5,"text",10,[[1,"立即领取",28,28,false,-191,[27],28]],[0,"24H56dz3pH6ZW6ncawnvE7",1,0],[4,4285072899],[5,112,35.28],[19.664,-2.739,0,0,0,0,1,1,1,1]],[25,"auto_pick_btn",3,[43],[0,"95M1ZkWABHubz8t2lj1xsj",1,0],[5,100,100],[-43.635,24.813,0,0,0,0,1,0.7,0.7,0.7]],[13,"New Node",43,[44],[0,"3fQNXw9H5LT6gEqRkrmOuz",1,0]],[24,"cherry_bomb_btn",false,3,[21],[0,"d1urBK6KpKSIO2SZaxh91Y",1,0],[5,100,100],[33.23,-70.309,0,0,0,0,1,0.9,0.9,1]],[13,"New Node",21,[46],[0,"b3EVjjTvFFi4dF7ctuh4S0",1,0]],[37,"default","3ui_idle1",0,"3ui_idle1",true,21,[45]],[5,"text",11,[[1,"立即领取",28,28,false,-192,[56],57]],[0,"8cFcV4nLpEiYH00Ywxdr7m",1,0],[4,4285072899],[5,112,35.28],[19.664,-2.739,0,0,0,0,1,1,1,1]],[32,"playticket",5,[[6,2,-193,[66],67]],[0,"4dnf2XPm9BAJD+CFcVMr+6",1,0],[5,182,123]],[5,"text",12,[[1,"立即领取",28,28,false,-194,[74],75]],[0,"537n1uCMlGCqkL8bYhNQs0",1,0],[4,4285072899],[5,112,35.28],[19.664,-2.739,0,0,0,0,1,1,1,1]],[45,"28FX_pr2",25,[[56,"default",0,-195,[82]]],[0,"03tHAu7rVFla04Eqsnh7/J",1,0]],[23,"cherry_bomb_btn",6,[26],[0,"a5UXu1A5dFrLHBusFmwVSK",1,0],[5,100,100],[19.06,-84.479,0,0,0,-0.2334453638559054,0.9723699203976766,1,1,1],[1,0,0,-27]],[13,"New Node",26,[57],[0,"b5hv1XyUVGa5J1n4ZVpv5F",1,0]],[57,"default",0,"3ui_idle1",true,26,[87]],[5,"text",13,[[1,"立即领取",28,28,false,-196,[94],95]],[0,"816L+msmxG47DJ4Nrr3nC5",1,0],[4,4285072899],[5,112,35.28],[19.664,-2.739,0,0,0,0,1,1,1,1]],[58,false,0.75,0.23,null,null,8,4],[7,"rank_arrow",14,[[3,-197,[105],106]],[0,"58Y6jwV+lHv4hC/49gwQ5T",1,0],[5,21,35],[83.726,1.263,0,0,0,0,1,1,1,1]],[33,"txt",15,[[20,"资源",36,false,1,1,-198,[111],112]],[0,"52pHkLV/dFL59XAJugY0LU",1,0],[4,4278200380],[5,72,50.4]],[7,"rank_arrow",16,[[3,-199,[115],116]],[0,"5aUW9Y0xJP26FTwRkXXHRV",1,0],[5,21,35],[83.726,1.263,0,0,0,0,1,1,1,1]],[33,"txt",17,[[20,"植物",36,false,1,1,-200,[121],122]],[0,"2ea66OAmJAyJHkoBehHfr3",1,0],[4,4278200380],[5,72,50.4]]],0,[0,6,1,0,0,1,0,0,1,0,8,22,0,9,20,0,10,85,0,11,17,0,12,16,0,13,15,0,14,14,0,15,28,0,16,4,0,17,6,0,18,5,0,19,3,0,20,2,0,0,1,0,-1,29,0,-2,7,0,0,2,0,-1,65,0,-2,34,0,-3,68,0,-4,37,0,-5,40,0,-6,10,0,-7,42,0,0,3,0,-1,72,0,-2,20,0,-3,74,0,-4,22,0,-5,49,0,-6,11,0,-7,51,0,0,4,0,0,4,0,-3,5,0,-4,6,0,0,5,0,-1,52,0,-2,78,0,-3,53,0,-4,12,0,-5,55,0,0,6,0,-1,25,0,-2,81,0,-3,58,0,-4,13,0,-5,60,0,0,7,0,-1,30,0,-2,31,0,-3,8,0,-4,61,0,-5,63,0,-1,85,0,0,8,0,0,8,0,-1,9,0,0,9,0,0,9,0,-2,28,0,0,10,0,0,10,0,-1,41,0,-2,71,0,0,11,0,0,11,0,-1,50,0,-2,77,0,0,12,0,0,12,0,-1,54,0,-2,79,0,0,13,0,0,13,0,-1,59,0,-2,84,0,0,14,0,-1,86,0,-2,62,0,0,15,0,0,15,0,-1,87,0,0,16,0,-1,88,0,-2,64,0,0,17,0,0,17,0,-1,89,0,-1,70,0,7,70,0,0,18,0,-1,69,0,6,19,0,0,19,0,0,19,0,0,20,0,-1,45,0,-1,76,0,7,76,0,0,21,0,-1,75,0,-1,47,0,-2,48,0,6,23,0,0,23,0,0,23,0,6,24,0,0,24,0,0,24,0,-1,80,0,3,25,0,-3,56,0,-1,83,0,7,83,0,0,26,0,-1,82,0,6,27,0,0,27,0,0,27,0,0,28,0,0,28,0,0,29,0,0,29,0,0,30,0,0,30,0,0,31,0,0,31,0,0,32,0,-1,66,0,0,33,0,0,33,0,-1,67,0,-2,35,0,0,35,0,0,35,0,0,36,0,0,36,0,-1,38,0,-2,39,0,0,38,0,3,38,0,0,39,0,0,39,0,0,40,0,0,40,0,0,41,0,0,42,0,0,42,0,0,43,0,-1,73,0,0,44,0,0,44,0,0,45,0,0,45,0,0,46,0,0,46,0,0,47,0,3,47,0,0,48,0,0,48,0,0,49,0,0,49,0,0,50,0,0,51,0,0,51,0,0,52,0,0,52,0,0,53,0,0,53,0,0,54,0,0,55,0,0,55,0,0,56,0,0,56,0,0,57,0,0,57,0,0,58,0,0,58,0,0,59,0,0,60,0,0,60,0,0,62,0,0,62,0,0,64,0,0,64,0,0,67,0,0,71,0,0,77,0,0,78,0,0,79,0,0,80,0,0,84,0,0,86,0,0,87,0,0,88,0,0,89,0,21,1,2,3,4,3,3,4,4,3,9,14,3,61,15,3,61,16,3,63,17,3,63,18,3,68,19,3,41,21,3,74,23,3,50,24,3,54,26,3,81,27,3,59,32,3,65,33,3,66,36,3,69,43,3,72,44,3,73,46,3,75,57,3,82,200],[0,0,0,0,0,0,0,0,0,0,0,0,0,0,0,0,0,0,0,0,0,0,0,0,0,0,0,0,0,0,0,0,0,0,0,0,0,0,0,0,0,0,0,0,0,0,0,0,0,0,0,0,0,0,0,0,0,0,0,0,0,0,0,0,0,0,0,0,0,0,0,0,0,0,0,0,0,0,0,0,0,0,0,0,0,0,0,0,0,0,0,0,0,0,0,0,0,0,0,0,0,0,0,0,0,0,0,0,0,0,0,0,0,0,0,0,0,0,0,0,0,0,0,0,0,0,0,0,0,0,0,0,0,0,70,76],[-1,1,-1,1,-1,2,-1,2,-1,5,-1,1,-1,2,-1,2,-1,-1,5,-1,2,-1,2,-1,1,-1,1,-1,2,-1,1,-1,2,-1,1,-1,2,-1,5,-1,2,-1,1,-1,2,-1,-1,5,-1,2,-1,2,-1,1,-1,1,-1,2,-1,1,-1,2,-1,1,-1,2,-1,1,-1,2,-1,1,-1,1,-1,2,-1,1,-1,2,-1,1,-1,-1,2,-1,2,-1,-1,2,-1,1,-1,1,-1,2,-1,1,-1,2,-1,1,-1,-1,1,-1,1,-1,2,-1,1,-1,2,-1,1,-1,1,-1,2,-1,1,-1,2,-1,1,-1,1,22,-1,-2,-3,-4,-5,-6,5,5],[0,16,0,17,0,1,0,1,2,3,0,18,0,1,0,1,2,2,3,0,1,0,1,0,4,0,5,0,1,0,6,0,1,0,19,0,1,2,3,0,1,0,20,0,1,2,2,3,0,1,0,1,0,4,0,5,0,1,0,6,0,1,0,21,0,1,0,22,0,1,0,4,0,5,0,1,0,6,0,1,0,23,2,0,1,0,1,2,0,1,0,4,0,5,0,1,0,6,0,1,0,24,0,0,25,0,7,0,1,0,8,0,1,0,9,0,7,0,1,0,8,0,1,0,9,0,26,27,28,29,30,31,32,33,3,3]],[[{"name":"zw044","rect":[8,3,80,88],"offset":[0,1],"originalSize":[96,96],"capInsets":[0,0,0,0]}],[1],0,[0],[4],[34]],[[{"name":"playticket","rect":[0,0,179,122],"offset":[-1.5,0.5],"originalSize":[182,123],"capInsets":[0,0,0,0]}],[1],0,[0],[4],[35]],[[{"name":"begingift","rect":[0,0,238,302],"offset":[0,0],"originalSize":[238,302],"capInsets":[0,0,0,0]}],[1],0,[0],[4],[36]],[[{"name":"davegift","rect":[0,0,238,302],"offset":[0,0],"originalSize":[238,302],"capInsets":[0,0,0,0]}],[1],0,[0],[4],[37]],[[{"name":"zw104","rect":[16,3,60,91],"offset":[-2,-0.5],"originalSize":[96,96],"capInsets":[0,0,0,0]}],[1],0,[0],[4],[38]]]]