[1,["c6+S1NZnhA+o5ygShssRye","ecpdLyjvZBwrvm+cedCcQy","328pQhMuNEubN3gSh7Mxra"],["node","_textureSetter","root","data","_spriteFrame"],[["cc.Node",["_name","_components","_prefab","_children","_parent","_contentSize","_anchorPoint","_trs"],2,9,4,2,1,5,5,7],["cc.PrefabInfo",["fileId","root","asset"],2,1,1],"cc.SpriteFrame",["cc.Prefab",["_name"],2],["8242bUT/KJOJoQL6XKXRfTg",["node"],3,1],["cc.Sprite",["node","_materials","_spriteFrame"],3,1,3,6]],[[3,0,2],[0,0,3,1,2,2],[0,0,4,1,2,5,6,7,2],[4,0,1],[1,1,2,1],[1,0,1,2,2],[5,0,1,2,1]],[[[{"name":"BungeeTarget","rect":[0,0,71,76],"offset":[0,0],"originalSize":[71,76],"capInsets":[0,0,0,0]}],[2],0,[0],[1],[0]],[[[0,"BungeeTarget"],[1,"BungeeTarget",[-3],[[3,-2]],[4,-1,0]],[2,"BungeeTarget",1,[[6,-4,[0],1]],[5,"0eMqITcOZHGKtt1+uYGOfE",1,0],[5,71,76],[0,0.5,0],[0,0,0,0,0,0,1,1.5,1.5,1]]],0,[0,2,1,0,0,1,0,-1,2,0,0,2,0,3,1,4],[0,0],[-1,4],[1,2]]]]