[1,["2c5jnEBcxG1KIFZHe/OQAb"],["_texture"],[["dragonBones.DragonBonesAtlasAsset",["_name","_atlasJson"],1]],[[0,0,1,3]],[[0,"04_xiguatoushou_tex","{\"width\":128,\"imagePath\":\"04_xiguatoushou_tex.png\",\"name\":\"04_xiguatoushou\",\"SubTexture\":[{\"width\":48,\"y\":1,\"height\":39,\"name\":\"04_xiguatoushou/guadi\",\"x\":66},{\"width\":36,\"y\":46,\"height\":42,\"name\":\"04_xiguatoushou/xiaogua\",\"x\":1},{\"width\":48,\"y\":42,\"height\":32,\"name\":\"04_xiguatoushou/zhe\",\"x\":66},{\"width\":26,\"y\":76,\"height\":18,\"name\":\"04_xiguatoushou/teng\",\"x\":39},{\"width\":23,\"y\":107,\"height\":11,\"name\":\"04_xiguatoushou/yezi3\",\"x\":29},{\"width\":24,\"y\":96,\"height\":10,\"name\":\"04_xiguatoushou/yezi2\",\"x\":54},{\"width\":26,\"y\":107,\"height\":12,\"name\":\"04_xiguatoushou/yezi1\",\"x\":1},{\"width\":23,\"y\":46,\"height\":18,\"name\":\"04_xiguatoushou/yezi0\",\"x\":39},{\"width\":63,\"y\":1,\"height\":43,\"name\":\"04_xiguatoushou/shenti\",\"x\":1},{\"width\":5,\"y\":90,\"height\":9,\"name\":\"04_xiguatoushou/eye1\",\"x\":32},{\"width\":8,\"y\":76,\"height\":10,\"name\":\"04_xiguatoushou/eye0\",\"x\":67},{\"width\":29,\"y\":90,\"height\":15,\"name\":\"04_xiguatoushou/meimao\",\"x\":1}],\"height\":128}"]],0,0,[0],[0],[0]]