[1,["bcydeDaSFIoaXzH5mCi24e"],["_texture"],[["dragonBones.DragonBonesAtlasAsset",["_name","_atlasJson"],1]],[[0,0,1,3]],[[0,"PuTongJiangShi_tex","{\"width\":128,\"SubTexture\":[{\"width\":15,\"y\":65,\"height\":17,\"name\":\"手2\",\"x\":64},{\"width\":13,\"y\":65,\"height\":20,\"name\":\"手臂2\",\"x\":49},{\"width\":12,\"y\":96,\"height\":28,\"name\":\"臂膀2\",\"x\":113},{\"width\":27,\"y\":96,\"height\":28,\"name\":\"脚2\",\"x\":35},{\"width\":10,\"y\":65,\"height\":23,\"name\":\"大腿2\",\"x\":95},{\"width\":23,\"y\":49,\"height\":14,\"name\":\"腰\",\"x\":37},{\"width\":32,\"y\":96,\"height\":27,\"name\":\"脚_1\",\"x\":1},{\"width\":14,\"y\":96,\"height\":31,\"name\":\"大腿1\",\"x\":64},{\"width\":34,\"y\":49,\"height\":45,\"name\":\"身体\",\"x\":1},{\"width\":12,\"y\":96,\"height\":31,\"name\":\"领带\",\"x\":99},{\"width\":44,\"y\":1,\"height\":46,\"name\":\"头\",\"x\":1},{\"width\":15,\"y\":65,\"height\":15,\"name\":\"眼睛2\",\"x\":107},{\"width\":10,\"y\":84,\"height\":10,\"name\":\"眼睛1\",\"x\":64},{\"width\":17,\"y\":96,\"height\":23,\"name\":\"手1\",\"x\":80},{\"width\":12,\"y\":65,\"height\":20,\"name\":\"手臂1\",\"x\":81},{\"width\":10,\"y\":65,\"height\":28,\"name\":\"臂膀1\",\"x\":37}],\"height\":128,\"name\":\"PuTongJiangShi\",\"imagePath\":\"PuTongJiangShi_tex.png\"}"]],0,0,[0],[0],[0]]