[1,["19be43ef3","ecpdLyjvZBwrvm+cedCcQy","darcfjqJ9OMpVHytdGac/5","eeyq21o+tOxYhj/uZuTX1w","60BqJDn51PUJpNWBIs8jw+","7fNS+ijmpBz6ZMJiraQyG+","feclHZzPlNkp8kZVR4/uOb","d1A2hk7ppJhbLAPiSenwUb","97DrwH0XNL0Zd7sPLBIAGE","ac7dzFhitLZqGPT92B4lmb","0bjKPm9+hLH71KGarSttu9","f03Djwxw9EtKkXdI/lJFTT","f5/pCQ021HMJg0FCvmmmAx","287PiLCf5IMJNqP42cUfVJ","8bvPd04IBKYYhYiLinWpab"],["_textureSetter","node","root","ani","data","poolPrefab"],["cc.SpriteFrame",["cc.PrefabInfo",["fileId","root","asset"],2,1,1],["cc.Prefab",["_name"],2],["cc.Node",["_name","_children","_components","_prefab"],2,2,9,4],["cc.Node",["_name","_parent","_components","_prefab","_contentSize"],2,1,12,4,5],["7c9ef+mNP5N/ZWOKV0x/u2L",["node","ani","poolPrefab"],3,1,1,6],["cc.Sprite",["node","_materials"],3,1,3],["2f54fyh8VpKBaCciEDVPkHC",["duration","node","spriteFrames"],2,1,3]],[[2,0,2],[3,0,1,2,3,2],[4,0,1,2,3,4,2],[5,0,1,2,1],[1,1,2,1],[1,0,1,2,2],[6,0,1,1],[7,0,1,2,2]],[[[{"name":"06FX_9","rect":[340,322,316,297],"offset":[3,1],"originalSize":[346,315],"capInsets":[0,0,0,0]}],[0],0,[0],[0],[0]],[[{"name":"06FX_12","rect":[3,924,149,59],"offset":[8.5,11],"originalSize":[346,315],"capInsets":[0,0,0,0]}],[0],0,[0],[0],[0]],[[{"name":"06FX_3","rect":[703,312,237,240],"offset":[-4.5,-11.5],"originalSize":[346,315],"rotated":1,"capInsets":[0,0,0,0]}],[0],0,[0],[0],[0]],[[{"name":"06FX_4","rect":[662,555,282,264],"offset":[-1,-15.5],"originalSize":[346,315],"capInsets":[0,0,0,0]}],[0],0,[0],[0],[0]],[[[0,"CherryBoomEffect"],[1,"CherryBoomEffect",[-4],[[3,-3,-2,13]],[4,-1,0]],[2,"boom",1,[[[6,-5,[0]],-6],4,1],[5,"dd7xg+yFhL9rDJu5TGLswM",1,0],[5,153,165]],[7,0.04,2,[1,2,3,4,5,6,7,8,9,10,11,12]]],0,[0,2,1,0,3,3,0,1,1,0,-1,2,0,1,2,0,-2,3,0,4,1,6],[0,0,0,0,0,0,0,0,0,0,0,0,0,0],[-1,-1,-2,-3,-4,-5,-6,-7,-8,-9,-10,-11,-12,5],[1,2,3,4,5,6,7,8,9,10,11,12,13,14]],[[{"name":"06FX_7","rect":[355,3,342,313],"offset":[0,1],"originalSize":[346,315],"capInsets":[0,0,0,0]}],[0],0,[0],[0],[0]],[[{"name":"06FX_8","rect":[3,320,331,307],"offset":[2.5,4],"originalSize":[346,315],"capInsets":[0,0,0,0]}],[0],0,[0],[0],[0]],[[{"name":"06FX_6","rect":[3,3,346,311],"offset":[0,-2],"originalSize":[346,315],"capInsets":[0,0,0,0]}],[0],0,[0],[0],[0]],[[{"name":"06FX_1","rect":[158,838,153,165],"offset":[0.5,-1],"originalSize":[346,315],"rotated":1,"capInsets":[0,0,0,0]}],[0],0,[0],[0],[0]],[[{"name":"06FX_2","rect":[158,633,175,199],"offset":[-1.5,-9],"originalSize":[346,315],"capInsets":[0,0,0,0]}],[0],0,[0],[0],[0]],[[{"name":"06FX_10","rect":[703,3,303,248],"offset":[3.5,14.5],"originalSize":[346,315],"rotated":1,"capInsets":[0,0,0,0]}],[0],0,[0],[0],[0]],[[{"name":"06FX_11","rect":[655,825,247,196],"offset":[1.5,1.5],"originalSize":[346,315],"capInsets":[0,0,0,0]}],[0],0,[0],[0],[0]],[[{"name":"06FX_5","rect":[340,625,309,293],"offset":[4.5,-9],"originalSize":[346,315],"capInsets":[0,0,0,0]}],[0],0,[0],[0],[0]]]]