[1,["ecpdLyjvZBwrvm+cedCcQy","a2MjXRFdtLlYQ5ouAFv/+R","7cpKY0HL5JRrqAtu1dcHYF","12aabfc9a"],["node","_spriteFrame","root","bg","picUri","clickBtnTxt","source","title","data","_textureSetter"],[["cc.Node",["_name","_components","_prefab","_trs","_parent","_contentSize","_children","_color"],2,9,4,7,1,5,2,5],["cc.Node",["_name","_opacity","_parent","_components","_prefab","_contentSize","_color","_anchorPoint","_trs"],1,1,2,4,5,5,5,7],["cc.Label",["_N$horizontalAlign","_N$verticalAlign","_fontSize","_string","node","_materials"],-1,1,3],["cc.PrefabInfo",["fileId","root","asset"],2,1,1],["cc.Sprite",["_sizeMode","node","_materials","_spriteFrame"],2,1,3,6],"cc.SpriteFrame",["cc.Prefab",["_name"],2],["0f2baGLC15CGZPjOXrqHPIN",["node","title","source","clickBtnTxt","picUri","bg"],3,1,1,1,1,1,1],["cc.Button",["node","clickEvents"],3,1,9],["cc.ClickEvent",["_componentId","handler","target"],1,1]],[[3,0,1,2,2],[4,0,1,2,3,2],[0,0,4,6,1,2,7,5,3,2],[2,3,2,0,1,4,5,5],[0,0,4,1,2,5,2],[1,0,2,3,4,5,2],[8,0,1,1],[9,0,1,2,3],[6,0,2],[0,0,6,1,2,3,2],[0,0,4,1,2,7,5,3,2],[1,0,2,3,4,6,5,7,8,2],[1,0,1,2,3,4,6,5,7,8,3],[7,0,1,2,3,4,5,1],[3,1,2,1],[4,0,1,2,2],[2,0,1,4,5,3],[2,2,0,1,4,5,4]],[[[[8,"NativeInterAd"],[9,"NativeInterAd",[-8,-9,-10,-11,-12,-13,-14],[[13,-7,-6,-5,-4,-3,-2]],[14,-1,0],[0,78,0,0,0,0,1,0.8,0.8,1]],[2,"clickAd",1,[-17],[[1,0,-15,[9],10],[6,-16,[[7,"0f2baGLC15CGZPjOXrqHPIN","clickAd",1]]]],[0,"0dfuUoHwVKpb+i11yCMMOl",1,0],[4,4294921031],[5,180.5,64.9],[250.5,-390.528,0,0,0,0,1,1,1,1]],[2,"close",1,[-20],[[1,0,-18,[12],13],[6,-19,[[7,"0f2baGLC15CGZPjOXrqHPIN","close",1]]]],[0,"fbkdKwFcBMQ4IwK4Z0pVMJ",1,0],[4,4289638062],[5,88,60.8],[442.2,-390.528,0,0,0,0,1,1,1,1]],[10,"bg",1,[[1,0,-21,[0],1]],[0,"beDLOc489Cq4fDmntObRko",1,0],[4,4292993505],[5,1080,766],[0,-78,0,0,0,0,1,1,1,1]],[2,"tag",1,[-23],[[1,0,-22,[6],7]],[0,"39T49DtoZKepRYlRWksmqe",1,0],[4,4289440683],[5,59.5,36.1],[-262.144,-415.695,0,0,0,0,1,1,1,1]],[5,"picUri",1,[-24],[0,"b0wn5jDAVH6reg5g2/pRb7",1,0],[5,1080,607]],[15,0,6,[2]],[11,"title",1,[-25],[0,"68rc/4ydlHcarkka9X/ang",1,0],[4,4278190080],[5,0,50.4],[0,0,0.5],[-511.714,-350.913,0,0,0,0,1,1,1,1]],[16,1,1,8,[3]],[12,"source",200,1,[-26],[0,"47Hty74HVFW4kGyu9OSISi",1,0],[4,4285164138],[5,0,50.4],[0,0,0.5],[-511.714,-411.994,0,0,0,0,1,1,1,1]],[17,25,1,1,10,[4]],[4,"New Label",5,[[3,"Ad",20,1,1,-27,[5]]],[0,"0aOBFX7FZBw5EllRFZOWI3",1,0],[5,24.46,50.4]],[5,"txt",2,[-28],[0,"dcb7ugEmVEjJcsdDRTyP5d",1,0],[5,112,50.4]],[3,"立即打开",28,1,1,13,[8]],[4,"txt",3,[[3,"关闭",28,1,1,-29,[11]]],[0,"64vDIWFAVNcJuqh3O4As+q",1,0],[5,56,50.4]]],0,[0,2,1,0,3,4,0,4,7,0,5,14,0,6,11,0,7,9,0,0,1,0,-1,4,0,-2,6,0,-3,8,0,-4,10,0,-5,5,0,-6,2,0,-7,3,0,0,2,0,0,2,0,-1,13,0,0,3,0,0,3,0,-1,15,0,0,4,0,0,5,0,-1,12,0,-1,7,0,-1,9,0,-1,11,0,0,12,0,-1,14,0,0,15,0,8,1,29],[0,0,0,0,0,0,0,0,0,0,0,0,0,0,7],[-1,1,-1,-1,-1,-1,-1,1,-1,-1,1,-1,-1,1,1],[0,1,0,0,0,0,0,1,0,0,2,0,0,1,1]],[[{"name":"btn_ad","rect":[916,868,150,49],"offset":[0,0],"originalSize":[150,49],"rotated":1,"capInsets":[0,0,0,0]}],[5],0,[0],[9],[3]]]]