[1,["7a/QZLET9IDreTiBfRn2PD","8cAd5fQwdDDa/PVKVmeJ/W","038lxm8v9J07T8BsOupNJ5"],["root","torchwoodBody","body","animation","node","data","_N$skeletonData"],[["cc.Node",["_name","_groupIndex","_parent","_components","_prefab","_contentSize"],1,1,2,4,5],["cc.PrefabInfo",["fileId","root","asset"],2,1,1],["cc.Prefab",["_name"],2],["cc.Node",["_name","_children","_components","_prefab","_trs"],2,2,12,4,7],["ec469XJcg1Ccr6pdk9quX8Q",["node","animation","body","torchwoodBody"],3,1,1,1,1],["cc.BoxCollider",["node","_offset","_size"],3,1,5,5],["96c396uvMtPhLUJFoRD9JmK",["node","body"],3,1,1],["sp.Skeleton",["defaultSkin","defaultAnimation","_preCacheMode","_animationName","node","_materials"],-1,1,3],["261d4+Q1HdGA5w3tjdBw83c",["node","spineAnimation"],3,1,1],["sp.SkeletonData",["_name","_atlasText","textureNames","_skeletonJson","textures"],-1,3]],[[1,0,1,2,2],[0,0,1,2,3,4,3],[5,0,1,2,1],[6,0,1,1],[2,0,2],[3,0,1,2,3,4,2],[0,0,2,3,4,5,2],[4,0,1,2,3,1],[1,1,2,1],[7,0,1,2,3,4,5,5],[8,0,1,1],[9,0,1,2,3,4,5]],[[[[4,"Torchwood"],[5,"Torchwood",[-7,-8,-9],[[-2,[7,-6,-5,-4,-3]],1,4],[8,-1,0],[-494,-293,0,0,0,0,1,1,1,1]],[1,"TorchwoodBody",3,1,[-10,-11],[0,"23xPIeh11ET6V2WQccD/ZV",1,0]],[1,"bodyC",5,1,[-12,-13],[0,"d49hvnC2JGUrqQDMabbP4G",1,0]],[2,2,[0,0,60],[5,80,130]],[3,2,4],[2,3,[0,0,40],[5,80,100]],[3,3,6],[6,"23_plant",1,[-14],[0,"a5lSsupxhEn6PhvwTZE/wb",1,0],[5,93.62,101.41]],[9,"default","idle",0,"idle",8,[0]],[10,1,9]],0,[0,0,1,0,-1,10,0,1,5,0,2,7,0,3,10,0,4,1,0,-1,2,0,-2,3,0,-3,8,0,-1,4,0,-2,5,0,-1,6,0,-2,7,0,-1,9,0,5,1,14],[0,9],[-1,6],[0,1]],[[[11,"23_plant","\n23_plant.png\nsize: 512,128\nformat: RGBA8888\nfilter: Linear,Linear\nrepeat: none\nbody\n  rotate: false\n  xy: 74, 25\n  size: 142, 100\n  orig: 144, 102\n  offset: 1, 1\n  index: -1\neye2\n  rotate: false\n  xy: 74, 4\n  size: 67, 19\n  orig: 69, 21\n  offset: 1, 1\n  index: -1\neye3\n  rotate: false\n  xy: 143, 4\n  size: 67, 19\n  orig: 69, 21\n  offset: 1, 1\n  index: -1\nfire1\n  rotate: true\n  xy: 2, 17\n  size: 108, 70\n  orig: 110, 72\n  offset: 1, 1\n  index: -1\nfire2\n  rotate: true\n  xy: 289, 32\n  size: 93, 72\n  orig: 95, 74\n  offset: 1, 1\n  index: -1\nfire3\n  rotate: true\n  xy: 218, 28\n  size: 97, 69\n  orig: 99, 71\n  offset: 1, 1\n  index: -1\nlight1\n  rotate: false\n  xy: 2, 3\n  size: 12, 12\n  orig: 15, 16\n  offset: 1, 2\n  index: -1\nmouth\n  rotate: false\n  xy: 218, 2\n  size: 69, 24\n  orig: 71, 26\n  offset: 1, 1\n  index: -1\n",["23_plant.png"],{"skeleton":{"hash":"VKhkdKEmQ74M4lv7THU3P3n1UNc","spine":"3.8.99","x":-51.1,"y":-5.07,"width":93.62,"height":101.41},"bones":[{"name":"root"},{"name":"plant","parent":"root","scaleX":0.195,"scaleY":0.195},{"name":"body","parent":"plant","length":221.06,"rotation":90,"x":0.93,"y":9.99},{"name":"mouth","parent":"body","x":155.83,"y":40.47},{"name":"eye2","parent":"body","x":185.74,"y":-51.34},{"name":"fire1","parent":"body","length":105.87,"x":254.84,"y":0.77,"scaleX":0.195,"scaleY":0.195,"transform":"noScale"},{"name":"light1","parent":"plant","x":277.89,"y":312.74,"scaleX":0.4737,"scaleY":0.5576},{"name":"light2","parent":"plant","x":277.89,"y":312.74,"scaleX":0.4328,"scaleY":0.4232},{"name":"light3","parent":"plant","x":277.89,"y":312.74,"scaleX":0.6541,"scaleY":0.6948}],"slots":[{"name":"fire1","bone":"fire1","attachment":"fire1"},{"name":"body","bone":"body","attachment":"body"},{"name":"light1","bone":"light1","blend":"screen"},{"name":"light2","bone":"light2","blend":"screen"},{"name":"light3","bone":"light3","blend":"screen"},{"name":"eye2","bone":"eye2"},{"name":"mouth","bone":"mouth","attachment":"mouth"}],"skins":[{"name":"default","attachments":{"body":{"body":{"x":134.01,"y":22.93,"rotation":-90,"width":480,"height":340}},"eye2":{"eye2":{"x":11.77,"y":33.27,"rotation":-90,"width":230,"height":69},"eye3":{"x":11.77,"y":32.77,"rotation":-90,"width":231,"height":69}},"fire1":{"fire1":{"x":109.67,"y":21.66,"rotation":-90,"width":365,"height":239},"fire2":{"x":114.17,"y":26.16,"rotation":-90,"width":318,"height":246},"fire3":{"x":106.67,"y":14.66,"rotation":-90,"width":331,"height":235}},"light1":{"light1":{"width":51,"height":52}},"light2":{"light1":{"width":51,"height":52}},"light3":{"light1":{"width":51,"height":52}},"mouth":{"mouth":{"x":4.68,"y":-10.04,"rotation":-90,"width":235,"height":87}}}}],"animations":{"idle":{"slots":{"fire1":{"attachment":[{"time":0.0667,"name":"fire2"},{"time":0.1333,"name":"fire3"},{"time":0.2,"name":"fire1"},{"time":0.2667,"name":"fire2"},{"time":0.3333,"name":"fire3"},{"time":0.4,"name":"fire1"},{"time":0.4667,"name":"fire2"},{"time":0.5333,"name":"fire3"},{"time":0.6,"name":"fire1"},{"time":0.6667,"name":"fire2"},{"time":0.7333,"name":"fire3"},{"time":0.8,"name":"fire1"},{"time":0.8667,"name":"fire2"},{"time":0.9333,"name":"fire3"},{"time":1,"name":"fire1"},{"time":1.0667,"name":"fire2"},{"time":1.1333,"name":"fire3"},{"time":1.2,"name":"fire1"},{"time":1.2667,"name":"fire2"},{"time":1.3333,"name":"fire3"}]},"light1":{"color":[{"time":0.1333,"color":"ffffffff"},{"time":0.5333,"color":"ffffff22","curve":"stepped"},{"time":0.6667,"color":"ffffffff"},{"time":0.9333,"color":"ffffff22","curve":"stepped"},{"time":1.0667,"color":"ffffffff"},{"time":1.2667,"color":"ffffff22"}],"attachment":[{"time":0.1333,"name":"light1"},{"time":0.6,"name":null},{"time":0.6667,"name":"light1"},{"time":1,"name":null},{"time":1.0667,"name":"light1"},{"time":1.3333,"name":null}]},"light2":{"color":[{"color":"ffffffff"},{"time":0.2667,"color":"ffffff22","curve":"stepped"},{"time":0.4,"color":"ffffffff"},{"time":0.6,"color":"ffffff22","curve":"stepped"},{"time":0.8,"color":"ffffffff"},{"time":1.2,"color":"ffffff22"}],"attachment":[{"name":"light1"},{"time":0.3333,"name":null},{"time":0.4,"name":"light1"},{"time":0.6667,"name":null},{"time":0.8,"name":"light1"},{"time":1.2667,"name":null}]},"light3":{"color":[{"color":"ffffffff"},{"time":0.2,"color":"ffffff22","curve":"stepped"},{"time":0.5333,"color":"ffffffff"},{"time":0.9333,"color":"ffffff22","curve":"stepped"},{"time":1.0667,"color":"ffffffff"},{"time":1.3333,"color":"ffffff22"}],"attachment":[{"name":"light1"},{"time":0.2667,"name":null},{"time":0.5333,"name":"light1"},{"time":1,"name":null},{"time":1.0667,"name":"light1"},{"time":1.3333,"name":null}]}},"bones":{"body":{"scale":[{},{"time":0.6667,"x":0.926,"y":1.036},{"time":1.3333}]},"fire1":{"translate":[{"x":-2.95,"y":-10.83,"curve":"stepped"},{"time":0.0667,"x":-18.62,"y":-12.63,"curve":"stepped"},{"time":0.1333,"x":-15.84,"y":-6.04,"curve":"stepped"},{"time":0.2,"x":-15.88,"y":-6.95,"curve":"stepped"},{"time":0.2667,"x":-15.96,"y":-20.2,"curve":"stepped"},{"time":0.3333,"x":-16.06,"y":-10.84,"curve":"stepped"},{"time":0.4,"x":-10.04,"y":-13.22,"curve":"stepped"},{"time":0.4667,"x":-16.28,"y":-23.78,"curve":"stepped"},{"time":0.5333,"x":-14.6,"y":-6.47,"curve":"stepped"},{"time":0.6,"x":2.35,"y":-12.37,"curve":"stepped"},{"time":0.6667,"x":-16.5,"y":-20.51,"curve":"stepped"},{"time":0.7333,"x":-3.5,"y":-4.97,"curve":"stepped"},{"time":0.8,"x":-11.12,"y":-16.95,"curve":"stepped"},{"time":0.8667,"x":-12.43,"y":-17.6,"curve":"stepped"},{"time":0.9333,"x":-4.08,"y":-10.91,"curve":"stepped"},{"time":1,"x":-12.33,"y":-13.2,"curve":"stepped"},{"time":1.0667,"x":-14.4,"y":-18.82,"curve":"stepped"},{"time":1.1333,"x":-7.02,"y":-7.94,"curve":"stepped"},{"time":1.2,"x":-3.12,"y":-11.93,"curve":"stepped"},{"time":1.2667,"x":-16.94,"y":-23.45,"curve":"stepped"},{"time":1.3333,"x":-8.7,"y":-4.37}],"scale":[{"x":1.335,"y":0.977,"curve":"stepped"},{"time":0.0667,"x":1.308,"y":0.995,"curve":"stepped"},{"time":0.1333,"x":1.426,"y":0.982,"curve":"stepped"},{"time":0.2,"x":1.412,"y":0.988,"curve":"stepped"},{"time":0.2667,"x":1.386,"y":1.05,"curve":"stepped"},{"time":0.3333,"x":1.354,"y":1.013,"curve":"stepped"},{"time":0.4,"x":1.218,"y":0.985,"curve":"stepped"},{"time":0.4667,"x":1.23,"y":1.087,"curve":"stepped"},{"time":0.5333,"x":1.249,"y":0.987,"curve":"stepped"},{"time":0.6,"x":1.156,"y":0.973,"curve":"stepped"},{"time":0.6667,"x":1.209,"y":1.075,"curve":"stepped"},{"time":0.7333,"x":1.222,"y":1.012,"curve":"stepped"},{"time":0.8,"x":1.206,"y":0.976,"curve":"stepped"},{"time":0.8667,"x":1.247,"y":1.046,"curve":"stepped"},{"time":0.9333,"x":1.221,"y":1.015,"curve":"stepped"},{"time":1,"x":1.254,"y":0.951,"curve":"stepped"},{"time":1.0667,"x":1.272,"y":1.089,"curve":"stepped"},{"time":1.1333,"x":1.374,"y":0.978,"curve":"stepped"},{"time":1.2,"x":1.291,"y":0.957,"curve":"stepped"},{"time":1.2667,"x":1.348,"y":1.034,"curve":"stepped"},{"time":1.3333,"x":1.377,"y":0.951}],"shear":[{"curve":"stepped"},{"time":0.0667,"x":0.1,"y":0.67,"curve":"stepped"},{"time":0.1333,"x":1.18,"y":0.6,"curve":"stepped"},{"time":0.2,"x":1.17,"y":0.56,"curve":"stepped"},{"time":0.2667,"x":1.15,"y":0.49,"curve":"stepped"},{"time":0.3333,"x":1.76,"y":0.4,"curve":"stepped"},{"time":0.4,"x":1.08,"y":0.3,"curve":"stepped"},{"time":0.4667,"x":1.05,"y":0.2,"curve":"stepped"},{"time":0.5333,"x":1.02,"y":2.08,"curve":"stepped"},{"time":0.6,"x":1,"y":0.04,"curve":"stepped"},{"time":0.6667,"x":0.99,"curve":"stepped"},{"time":0.7333,"x":0.89,"curve":"stepped"},{"time":0.8,"x":0.79,"curve":"stepped"},{"time":0.8667,"x":0.69,"curve":"stepped"},{"time":0.9333,"x":0.59,"curve":"stepped"},{"time":1,"x":0.49,"curve":"stepped"},{"time":1.0667,"x":0.39,"curve":"stepped"},{"time":1.1333,"x":2.26,"curve":"stepped"},{"time":1.2,"x":0.2,"curve":"stepped"},{"time":1.2667,"x":0.1,"curve":"stepped"},{"time":1.3333}]},"mouth":{"translate":[{},{"time":0.6667,"x":-2.19,"y":3.92},{"time":1.3333}],"scale":[{},{"time":0.6667,"x":1.239},{"time":1.3333}]},"light1":{"translate":[{"time":0.1333,"x":-308.92,"y":-19.12},{"time":0.5333,"x":-330.15,"y":288.01,"curve":"stepped"},{"time":0.6667,"x":-230.97,"y":-15.41},{"time":0.9333,"x":-241.18,"y":229.59,"curve":"stepped"},{"time":1.0667,"x":-180.22,"y":-42.55},{"time":1.2667,"x":-157.29,"y":302.09}]},"light2":{"translate":[{"x":-358.34,"y":-36.38},{"time":0.2667,"x":-360.7,"y":282.9,"curve":"stepped"},{"time":0.4,"x":-295.59,"y":-16.77},{"time":0.6,"x":-291.66,"y":202.1,"curve":"stepped"},{"time":0.8,"x":-205.37,"y":-13.63},{"time":1.2,"x":-196.74,"y":215.43}]},"light3":{"translate":[{"x":-184.38,"y":-36.73},{"time":0.2,"x":-184.73,"y":288.9,"curve":"stepped"},{"time":0.5333,"x":-303.58,"y":-20.77},{"time":0.9333,"x":-297.66,"y":261.09,"curve":"stepped"},{"time":1.0667,"x":-355.34,"y":-43.62},{"time":1.3333,"x":-344.71,"y":291.42}]}}},"idle_eye":{"slots":{"eye2":{"attachment":[{"time":0.6,"name":"eye2"},{"time":0.6667,"name":"eye3"},{"time":0.7333,"name":"eye2"},{"time":0.8,"name":null}]},"fire1":{"attachment":[{"time":0.0667,"name":"fire2"},{"time":0.1333,"name":"fire3"},{"time":0.2,"name":"fire1"},{"time":0.2667,"name":"fire2"},{"time":0.3333,"name":"fire3"},{"time":0.4,"name":"fire1"},{"time":0.4667,"name":"fire2"},{"time":0.5333,"name":"fire3"},{"time":0.6,"name":"fire1"},{"time":0.6667,"name":"fire2"},{"time":0.7333,"name":"fire3"},{"time":0.8,"name":"fire1"},{"time":0.8667,"name":"fire2"},{"time":0.9333,"name":"fire3"},{"time":1,"name":"fire1"},{"time":1.0667,"name":"fire2"},{"time":1.1333,"name":"fire3"},{"time":1.2,"name":"fire1"},{"time":1.2667,"name":"fire2"},{"time":1.3333,"name":"fire3"}]},"light1":{"color":[{"time":0.1333,"color":"ffffffff"},{"time":0.5333,"color":"ffffff22","curve":"stepped"},{"time":0.6667,"color":"ffffffff"},{"time":0.9333,"color":"ffffff22","curve":"stepped"},{"time":1.0667,"color":"ffffffff"},{"time":1.2667,"color":"ffffff22"}],"attachment":[{"time":0.1333,"name":"light1"},{"time":0.6,"name":null},{"time":0.6667,"name":"light1"},{"time":1,"name":null},{"time":1.0667,"name":"light1"},{"time":1.3333,"name":null}]},"light2":{"color":[{"color":"ffffffff"},{"time":0.2667,"color":"ffffff22","curve":"stepped"},{"time":0.4,"color":"ffffffff"},{"time":0.6,"color":"ffffff22","curve":"stepped"},{"time":0.8,"color":"ffffffff"},{"time":1.2,"color":"ffffff22"}],"attachment":[{"name":"light1"},{"time":0.3333,"name":null},{"time":0.4,"name":"light1"},{"time":0.6667,"name":null},{"time":0.8,"name":"light1"},{"time":1.2667,"name":null}]},"light3":{"color":[{"color":"ffffffff"},{"time":0.2,"color":"ffffff22","curve":"stepped"},{"time":0.5333,"color":"ffffffff"},{"time":0.9333,"color":"ffffff22","curve":"stepped"},{"time":1.0667,"color":"ffffffff"},{"time":1.3333,"color":"ffffff22"}],"attachment":[{"name":"light1"},{"time":0.2667,"name":null},{"time":0.5333,"name":"light1"},{"time":1,"name":null},{"time":1.0667,"name":"light1"},{"time":1.3333,"name":null}]}},"bones":{"body":{"scale":[{},{"time":0.6667,"x":0.926,"y":1.036},{"time":1.3333}]},"fire1":{"translate":[{"x":-2.95,"y":-10.83,"curve":"stepped"},{"time":0.0667,"x":-18.62,"y":-12.63,"curve":"stepped"},{"time":0.1333,"x":-15.84,"y":-6.04,"curve":"stepped"},{"time":0.2,"x":-15.88,"y":-6.95,"curve":"stepped"},{"time":0.2667,"x":-15.96,"y":-20.2,"curve":"stepped"},{"time":0.3333,"x":-16.06,"y":-10.84,"curve":"stepped"},{"time":0.4,"x":-10.04,"y":-13.22,"curve":"stepped"},{"time":0.4667,"x":-16.28,"y":-23.78,"curve":"stepped"},{"time":0.5333,"x":-14.6,"y":-6.47,"curve":"stepped"},{"time":0.6,"x":2.35,"y":-12.37,"curve":"stepped"},{"time":0.6667,"x":-16.5,"y":-20.51,"curve":"stepped"},{"time":0.7333,"x":-3.5,"y":-4.97,"curve":"stepped"},{"time":0.8,"x":-11.12,"y":-16.95,"curve":"stepped"},{"time":0.8667,"x":-12.43,"y":-17.6,"curve":"stepped"},{"time":0.9333,"x":-4.08,"y":-10.91,"curve":"stepped"},{"time":1,"x":-12.33,"y":-13.2,"curve":"stepped"},{"time":1.0667,"x":-14.4,"y":-18.82,"curve":"stepped"},{"time":1.1333,"x":-7.02,"y":-7.94,"curve":"stepped"},{"time":1.2,"x":-3.12,"y":-11.93,"curve":"stepped"},{"time":1.2667,"x":-16.94,"y":-23.45,"curve":"stepped"},{"time":1.3333,"x":-8.7,"y":-4.37}],"scale":[{"x":1.335,"y":0.977,"curve":"stepped"},{"time":0.0667,"x":1.308,"y":0.995,"curve":"stepped"},{"time":0.1333,"x":1.426,"y":0.982,"curve":"stepped"},{"time":0.2,"x":1.412,"y":0.988,"curve":"stepped"},{"time":0.2667,"x":1.386,"y":1.05,"curve":"stepped"},{"time":0.3333,"x":1.354,"y":1.013,"curve":"stepped"},{"time":0.4,"x":1.218,"y":0.985,"curve":"stepped"},{"time":0.4667,"x":1.23,"y":1.087,"curve":"stepped"},{"time":0.5333,"x":1.249,"y":0.987,"curve":"stepped"},{"time":0.6,"x":1.156,"y":0.973,"curve":"stepped"},{"time":0.6667,"x":1.209,"y":1.075,"curve":"stepped"},{"time":0.7333,"x":1.222,"y":1.012,"curve":"stepped"},{"time":0.8,"x":1.206,"y":0.976,"curve":"stepped"},{"time":0.8667,"x":1.247,"y":1.046,"curve":"stepped"},{"time":0.9333,"x":1.221,"y":1.015,"curve":"stepped"},{"time":1,"x":1.254,"y":0.951,"curve":"stepped"},{"time":1.0667,"x":1.272,"y":1.089,"curve":"stepped"},{"time":1.1333,"x":1.374,"y":0.978,"curve":"stepped"},{"time":1.2,"x":1.291,"y":0.957,"curve":"stepped"},{"time":1.2667,"x":1.348,"y":1.034,"curve":"stepped"},{"time":1.3333,"x":1.377,"y":0.951}],"shear":[{"curve":"stepped"},{"time":0.0667,"x":0.1,"y":0.67,"curve":"stepped"},{"time":0.1333,"x":1.18,"y":0.6,"curve":"stepped"},{"time":0.2,"x":1.17,"y":0.56,"curve":"stepped"},{"time":0.2667,"x":1.15,"y":0.49,"curve":"stepped"},{"time":0.3333,"x":1.76,"y":0.4,"curve":"stepped"},{"time":0.4,"x":1.08,"y":0.3,"curve":"stepped"},{"time":0.4667,"x":1.05,"y":0.2,"curve":"stepped"},{"time":0.5333,"x":1.02,"y":2.08,"curve":"stepped"},{"time":0.6,"x":1,"y":0.04,"curve":"stepped"},{"time":0.6667,"x":0.99,"curve":"stepped"},{"time":0.7333,"x":0.89,"curve":"stepped"},{"time":0.8,"x":0.79,"curve":"stepped"},{"time":0.8667,"x":0.69,"curve":"stepped"},{"time":0.9333,"x":0.59,"curve":"stepped"},{"time":1,"x":0.49,"curve":"stepped"},{"time":1.0667,"x":0.39,"curve":"stepped"},{"time":1.1333,"x":2.26,"curve":"stepped"},{"time":1.2,"x":0.2,"curve":"stepped"},{"time":1.2667,"x":0.1,"curve":"stepped"},{"time":1.3333}]},"mouth":{"translate":[{},{"time":0.6667,"x":-2.19,"y":3.92},{"time":1.3333}],"scale":[{},{"time":0.6667,"x":1.239},{"time":1.3333}]},"light1":{"translate":[{"time":0.1333,"x":-308.92,"y":-19.12},{"time":0.5333,"x":-330.15,"y":288.01,"curve":"stepped"},{"time":0.6667,"x":-230.97,"y":-15.41},{"time":0.9333,"x":-241.18,"y":229.59,"curve":"stepped"},{"time":1.0667,"x":-180.22,"y":-42.55},{"time":1.2667,"x":-157.29,"y":302.09}]},"light2":{"translate":[{"x":-358.34,"y":-36.38},{"time":0.2667,"x":-360.7,"y":282.9,"curve":"stepped"},{"time":0.4,"x":-295.59,"y":-16.77},{"time":0.6,"x":-291.66,"y":202.1,"curve":"stepped"},{"time":0.8,"x":-205.37,"y":-13.63},{"time":1.2,"x":-196.74,"y":215.43}]},"light3":{"translate":[{"x":-184.38,"y":-36.73},{"time":0.2,"x":-184.73,"y":288.9,"curve":"stepped"},{"time":0.5333,"x":-303.58,"y":-20.77},{"time":0.9333,"x":-297.66,"y":261.09,"curve":"stepped"},{"time":1.0667,"x":-355.34,"y":-43.62},{"time":1.3333,"x":-344.71,"y":291.42}]}}}}},[0]]],0,0,[0],[-1],[2]]]]