[1,["b2UZxm9QlEcb/KCtkzLpxx"],0,[["sp.SkeletonData",["_name","_atlasText","textureNames","_skeletonJson","textures"],-1,3]],[[0,0,1,2,3,4,5]],[[0,"effect021","\r\neffect021.png\r\nsize: 493,1060\r\nformat: RGBA8888\r\nfilter: Linear,Linear\r\nrepeat: none\r\nbaozha/0\r\n  rotate: true\r\n  xy: 244, 2\r\n  size: 173, 175\r\n  orig: 196, 181\r\n  offset: 11, 2\r\n  index: -1\r\nbaozha/1\r\n  rotate: false\r\n  xy: 2, 541\r\n  size: 276, 257\r\n  orig: 276, 257\r\n  offset: 0, 0\r\n  index: -1\r\nbaozha/2\r\n  rotate: false\r\n  xy: 2, 800\r\n  size: 280, 258\r\n  orig: 280, 258\r\n  offset: 0, 0\r\n  index: -1\r\nbaozha/3\r\n  rotate: false\r\n  xy: 2, 289\r\n  size: 250, 250\r\n  orig: 264, 259\r\n  offset: 10, 0\r\n  index: -1\r\nnvshizhuang5-attack_00\r\n  rotate: false\r\n  xy: 244, 177\r\n  size: 231, 85\r\n  orig: 231, 102\r\n  offset: 0, 0\r\n  index: -1\r\nnvshizhuang5-attack_01\r\n  rotate: false\r\n  xy: 254, 264\r\n  size: 231, 130\r\n  orig: 240, 130\r\n  offset: 0, 0\r\n  index: -1\r\nnvshizhuang5-attack_02\r\n  rotate: false\r\n  xy: 2, 155\r\n  size: 240, 132\r\n  orig: 240, 133\r\n  offset: 0, 0\r\n  index: -1\r\nnvshizhuang5-attack_03\r\n  rotate: false\r\n  xy: 254, 396\r\n  size: 237, 133\r\n  orig: 240, 136\r\n  offset: 1, 3\r\n  index: -1\r\nnvshizhuang5-attack_04\r\n  rotate: false\r\n  xy: 2, 20\r\n  size: 238, 133\r\n  orig: 240, 137\r\n  offset: 0, 3\r\n  index: -1\r\nnvshizhuang5-attack_05\r\n  rotate: true\r\n  xy: 280, 531\r\n  size: 229, 134\r\n  orig: 240, 134\r\n  offset: 1, 0\r\n  index: -1\r\nyan\r\n  rotate: true\r\n  xy: 284, 762\r\n  size: 296, 203\r\n  orig: 341, 226\r\n  offset: 24, 12\r\n  index: -1\r\n",["effect021.png"],{"skeleton":{"hash":"YnMvCJ/vZ738DZsJbj83z0nIJUg","spine":"3.8.99","x":-171.82,"y":-136.64,"width":341,"height":277.57,"fps":24,"images":"","audio":"D:/Work/植物大战僵尸2娘化版/动画/娘化版/工程文件/特效"},"bones":[{"name":"root","x":-23.47,"y":-8.14},{"name":"SE-bao","parent":"root","x":30.64,"y":-6.12},{"name":"0","parent":"root","x":3.15,"y":32.4},{"name":"yan","parent":"root","rotation":90,"x":22.16,"y":36.07}],"slots":[{"name":"SE-bao","bone":"SE-bao","attachment":"nvshizhuang5-attack_00","blend":"additive"},{"name":"0","bone":"0","attachment":"baozha/1"},{"name":"yan","bone":"yan","attachment":"yan"}],"skins":[{"name":"default","attachments":{"0":{"baozha/0":{"x":-3.15,"y":-32.4,"width":196,"height":181},"baozha/1":{"x":-3.15,"y":-32.4,"width":276,"height":257},"baozha/2":{"x":-3.15,"y":-32.4,"width":280,"height":258},"baozha/3":{"x":-3.15,"y":-32.4,"width":264,"height":259}},"SE-bao":{"nvshizhuang5-attack_00":{"x":-2.03,"y":48.35,"width":231,"height":102},"nvshizhuang5-attack_01":{"x":-2.03,"y":48.35,"width":240,"height":130},"nvshizhuang5-attack_02":{"x":-2.03,"y":48.35,"width":240,"height":133},"nvshizhuang5-attack_03":{"x":-2.03,"y":48.35,"width":240,"height":136},"nvshizhuang5-attack_04":{"x":-2.03,"y":48.35,"width":240,"height":137},"nvshizhuang5-attack_05":{"x":-2.03,"y":48.35,"width":240,"height":134}},"yan":{"yan":{"rotation":-90,"width":341,"height":226}}}}],"animations":{"newAnimation":{"slots":{"0":{"color":[{"time":0.0833,"color":"ffffffff"},{"time":0.25,"color":"ffffff00"}],"attachment":[{"name":"baozha/0"},{"time":0.0833,"name":"baozha/1"},{"time":0.2083,"name":"baozha/2"},{"time":0.2917,"name":"baozha/3"}]},"SE-bao":{"color":[{"color":"ff8585ff"},{"time":0.0833,"color":"850000ff"}],"attachment":[{"time":0.0417,"name":"nvshizhuang5-attack_01"},{"time":0.0833,"name":"nvshizhuang5-attack_02"},{"time":0.125,"name":"nvshizhuang5-attack_03"},{"time":0.1667,"name":"nvshizhuang5-attack_04"},{"time":0.2083,"name":"nvshizhuang5-attack_05"},{"time":0.25,"name":null}]},"yan":{"color":[{"color":"ffffff00"},{"time":0.0833,"color":"120d05ff"},{"time":0.375,"color":"520f0f00"}]}},"bones":{"0":{"translate":[{"x":31.97,"y":34.81},{"time":0.0833,"x":31.97,"y":70.24},{"time":0.375,"x":31.97,"y":89.02}],"scale":[{"x":0.5,"y":0.5},{"time":0.0833},{"time":0.25,"x":1.5,"y":1.5}]},"SE-bao":{"scale":[{"x":0.5},{"time":0.0833,"y":2}]},"yan":{"scale":[{"x":0.5,"y":0.54},{"time":0.0833,"x":0.8,"y":0.8},{"time":0.375,"x":0.7,"y":1.5}]}},"drawOrder":[{"offsets":[{"slot":"yan","offset":-2}]}]}}},[0]]],0,0,[0],[-1],[0]]