[1,["ecpdLyjvZBwrvm+cedCcQy","bfhrjbUAdPTIozM00l3UkP","caohSHbS5GEIzmwCrnMGn5","2aKJYU6u9G55yvfDap1e83","15c82d3d1","ebwHR7n1VCVZE1KVe3zsZw","77ao5MeUpNcKbbXEb/z1P4","d34yQfg5FLQKGk/ldVLZp2","b39lXuqvFKBZFv+8sr9eaN","384w4kV5JAurVtdLwsxF79","1a1OV6Ex9K3bwsux0oIOqM","dbrldQ7sJFb5TfvGX0fMW3","21YQCh38JC0p3uHD5IvuB3","5aalEjxDdKdrNa7bJxf8La","2b7dbpFudEIKLJQ+wQLCHj","41h23UWCFA2LzhkavM30Uq","22rMoykslEepe/P33a815A"],["node","_spriteFrame","root","_N$file","_textureSetter","lab_purplePirce","node_purpleBuy","videoIcon","videoTrial","unselectTag","mask","priceLabel","cardIcon","cardBoard","swIcon","voidBoard","data","_parent"],[["cc.Node",["_name","_active","_opacity","_prefab","_contentSize","_components","_parent","_trs","_children","_anchorPoint","_color","_eulerAngles"],0,4,5,9,1,7,2,5,5,5],["cc.Sprite",["_sizeMode","_isTrimmedMode","_enabled","_type","node","_materials","_spriteFrame"],-1,1,3,6],["cc.Node",["_name","_parent","_components","_prefab","_contentSize","_anchorPoint","_trs","_children","_color"],2,1,2,4,5,5,7,2,5],["cc.PrefabInfo",["fileId","root","asset"],2,1,1],["cc.Label",["_string","_fontSize","_lineHeight","_N$horizontalAlign","_N$verticalAlign","_N$overflow","_isSystemFontUsed","node","_materials","_N$file"],-4,1,3,6],"cc.SpriteFrame",["cc.Prefab",["_name"],2],["d4c9aa5gwhP3pERHLKMrPqN",["node","voidBoard","swIcon","cardBoard","cardBoardFrames","cardIcon","priceLabel","mask","unselectTag","videoTrial","videoIcon","node_purpleBuy","lab_purplePirce"],3,1,1,1,1,3,1,1,1,1,1,1,1,1],["cc.Button",["node","clickEvents"],3,1,9],["cc.ClickEvent",["_componentId","handler","target"],1,1],["7ff46OJBOxMo526UYe9FYB3",["node"],3,1]],[[3,0,1,2,2],[0,0,6,5,3,4,7,2],[1,0,1,4,5,6,3],[2,0,1,2,3,4,5,6,2],[1,4,5,6,1],[8,0,1,1],[9,0,1,2,3],[6,0,2],[0,0,8,5,3,4,9,7,2],[0,0,1,2,6,8,5,3,10,4,9,4],[0,0,8,5,3,4,7,2],[0,0,6,8,5,3,4,9,7,2],[0,0,6,5,3,4,7,11,2],[0,0,6,8,3,4,9,2],[0,0,1,6,5,3,4,7,3],[0,0,6,8,5,3,4,7,2],[0,0,2,6,5,3,10,4,9,3],[0,0,6,5,3,4,9,2],[2,0,1,7,2,3,4,5,2],[2,0,1,2,3,8,4,5,6,2],[7,0,1,2,3,4,5,6,7,8,9,10,11,12,1],[3,1,2,1],[3,0,1,2],[1,2,4,5,6,2],[1,2,0,4,5,6,3],[1,3,0,1,4,5,6,4],[1,0,1,4,5,3],[1,4,5,1],[1,0,4,5,6,2],[10,0,1],[4,0,1,2,3,4,5,7,8,7],[4,0,1,2,6,3,4,5,7,8,9,8],[4,0,1,2,6,3,4,7,8,7]],[[[[7,"BagPlantCard"],[8,"BagPlantCard",[-14,-15,-16,-17],[[20,-13,-12,-11,-10,[24,25,26,27,28,29],-9,-8,-7,-6,-5,-4,-3,-2]],[21,-1,0],[5,136,75],[0,0,0.5],[-285,-42.5,0,0,0,0,1,1,1,1]],[18,"card_slot_1",1,[-19,-20,-21,-22],[-18],[0,"2cmnw+rLZF96ZetNddn9Ww",1,0],[5,136,75],[0,0,0.5]],[9,"purpleBuy",false,200,1,[-25,-26],[[2,2,false,-23,[22],23],[5,-24,[[6,"d4c9aa5gwhP3pERHLKMrPqN","clickBuyPurplePlant",1]]]],[0,"dabpUU2AtPc7V2TpS6Njci",1,0],[4,4278190080],[5,136,75],[0,0,0.5]],[10,"ad_icon",[-28,-29],[[23,false,-27,[17],18]],[0,"64ldDpKmxFs6d1RxpdIJaP",1,0],[5,35,26],[71,-14,0,0,0,0,1,1,1,1]],[11,"videoTrait",1,[4],[[5,-30,[[6,"d4c9aa5gwhP3pERHLKMrPqN","clickVideoUnlockBtn",1]]]],[0,"9bC29O21JMzb+gtRYRLURS",1,0],[5,141.5,79.6],[0,0,0.5],[-2.114,0.1,0,0,0,0,1,1,1,1]],[12,"adTickIcon",4,[[24,false,0,-32,[13],14],[29,-33]],[22,"1dUIxv75pOmI/xWhDooFfC",-31],[5,44.1,36.5],[-2.1,-0.7,0,0,0,0.13917310096006544,0.9902680687415704,1,1,1],[1,0,0,16]],[13,"Card",2,[-34,-35],[0,"dcTLyc9MFCM413YTUCiPTp",1,0],[5,136,75],[0,0,0.5]],[14,"swIcon",false,7,[[4,-36,[1],2]],[0,"61dJN/tq1AVZs3uSqNAMp7",1,0],[5,41,22],[26.987,-18.717,0,0,0,0,1,1,1,1]],[15,"plant_price_bg",2,[-38],[[2,2,false,-37,[4],5]],[0,"97tIyV9g5FvYQRzdfWJwpT",1,0],[5,57,31],[101,-14.7,0,0,0,0,1,1,1,1]],[16,"mask",200,2,[[2,2,false,-39,[6],7]],[0,"80XE7bn4lNXrrs+41yOVvm",1,0],[4,4278190080],[5,136,75],[0,0,0.5]],[1,"card_selected",2,[[4,-40,[8],9]],[0,"bcpEg/kA1EZZ3buadoI8ng",1,0],[5,101,49],[65,0,0,0,0,0,1,1,1,1]],[17,"void_slot_7",1,[[25,1,0,false,-41,[11],12]],[0,"66NxbAwhJNpb5qeVp6wcOD",1,0],[5,136,75],[0,0,0.5]],[3,"Icon",7,[-42],[0,"92BUt2CCtNBLV6sDnFMBRI",1,0],[5,128,68],[0,0,0.5],[6,4,0,0,0,0,1,1,1,1]],[26,0,false,13,[0]],[19,"price",9,[-43],[0,"00RuwymqRJO5cea0aU4bvS",1,0],[4,4278190080],[5,51,42.84],[0,1,0.5],[28,-1,0,0,0,0,1,1,1,1]],[30,"250+",30,34,1,1,2,15,[3]],[27,2,[10]],[1,"tips",4,[[31,"未解锁",30,34,false,1,1,2,-44,[15],16]],[0,"3fIcu1QwlIwr40ghoB4FJK",1,0],[5,62.4,42.8],[-2.949,14.374,0,0,0,0,1,1,1,1]],[1,"bullet_coin2",3,[[28,0,-45,[19],20]],[0,"c2BiebJMxM4YNf9Ui2l+3R",1,0],[5,30,30],[11.317,24.375,0,0,0,0,1,1,1,1]],[3,"coin",3,[-46],[0,"69t0gtKiBAmpPjqGA6J6sP",1,0],[5,68.6,27.72],[0,0,0.5],[28.82,23.07,0,0,0,0,1,1,1,1]],[32,"134,00",22,22,false,1,1,20,[21]]],0,[0,2,1,0,5,21,0,6,3,0,7,4,0,8,5,0,9,11,0,10,10,0,11,16,0,12,14,0,13,17,0,14,8,0,15,12,0,0,1,0,-1,2,0,-2,12,0,-3,5,0,-4,3,0,-1,17,0,-1,7,0,-2,9,0,-3,10,0,-4,11,0,0,3,0,0,3,0,-1,19,0,-2,20,0,0,4,0,-1,6,0,-2,18,0,0,5,0,2,6,0,0,6,0,0,6,0,-1,13,0,-2,8,0,0,8,0,0,9,0,-1,15,0,0,10,0,0,11,0,0,12,0,-1,14,0,-1,16,0,0,18,0,0,19,0,-1,21,0,16,1,4,17,5,46],[0,0,0,0,0,0,0,0,0,0,0,0,0,0,0,0,0,0,0,0,0,0,0,0,0,0,0,0,0,0,17,21],[-1,-1,1,-1,-1,1,-1,1,-1,1,-1,-1,1,-1,1,-1,3,-1,1,-1,1,-1,-1,1,-1,-2,-3,-4,-5,-6,1,3],[0,0,5,0,0,6,0,1,0,7,0,0,8,0,9,0,2,0,10,0,11,0,0,1,12,3,13,14,15,16,3,2]],[[{"name":"void_slot","rect":[427,334,34,39],"offset":[0,0],"originalSize":[34,39],"rotated":1,"capInsets":[13,15,13,15]}],[5],0,[0],[4],[4]],[[{"name":"card_selected","rect":[625,763,101,49],"offset":[0,0],"originalSize":[101,49],"capInsets":[0,0,0,0]}],[5],0,[0],[4],[4]]]]