[1,["ecpdLyjvZBwrvm+cedCcQy","e3Na6WdjJK9LpgWa8SaKIQ","36qKZ1yBxLDJqP6AZdzfK9","0bows+JaBIMbahJMwFOrzv","4c74VRKrZFtJel7/EsLDzw","f31/yFnMhLyZvL8ZtgtfgR","1930e3dc6"],["node","_spriteFrame","_N$skeletonData","root","ashesEffect","handAni","carryNode","cordNode","body","animation","data","targetPrefab","_textureSetter"],[["cc.Node",["_name","_active","_prefab","_components","_parent","_contentSize","_trs","_children","_anchorPoint"],1,4,9,1,5,7,2,5],["cc.Node",["_name","_groupIndex","_parent","_components","_prefab","_contentSize","_trs","_children"],1,1,2,4,5,7,2],["cc.PrefabInfo",["fileId","root","asset"],2,1,1],["cc.Sprite",["_type","_sizeMode","_isTrimmedMode","node","_materials","_spriteFrame"],0,1,3,6],["sp.Skeleton",["defaultSkin","defaultAnimation","_preCacheMode","_animationName","_N$enableBatch","node","_materials"],-2,1,3],"cc.SpriteFrame",["cc.Prefab",["_name"],2],["840be7Xt5hAxIWKZBLLxR4S",["srBlowDeathAni","srBlowDeathInWaterAni","needShadow","uiIdleName","srDeathInWaterAni","srDeathAni","srAttackInWaterAni","srAttackAni","srMoveInWaterAni","srMoveAni","srIdleAni","attackAniName","deathAniName","moveAniName","idleAniName","node","animation","body","cordNode","carryNode","handAni","ashesEffect","targetPrefab"],-12,1,1,1,1,1,1,1,6],["261d4+Q1HdGA5w3tjdBw83c",["activeFlash","node","spineAnimation"],2,1,1],["cc.BoxCollider",["node","_offset","_size"],3,1,5,5],["b1abdSI13NE76lu3aJ+NI5X",["node","body"],3,1,1]],[[2,0,1,2,2],[8,0,1,2,2],[6,0,2],[0,0,7,3,2,2],[0,0,4,3,2,5,8,6,2],[0,0,1,4,3,2,5,6,3],[0,0,4,2,2],[1,0,2,7,3,4,5,6,2],[1,0,2,3,4,5,2],[1,0,1,2,3,4,6,3],[7,0,1,2,3,4,5,6,7,8,9,10,11,12,13,14,15,16,17,18,19,20,21,22,16],[2,1,2,1],[3,0,1,2,3,4,5,4],[3,3,4,5,1],[4,0,1,2,3,5,6,5],[4,0,1,2,3,4,5,6,6],[9,0,1,2,1],[10,0,1,1]],[[[[2,"BungeeZombie"],[3,"BungeeZombie",[-9,-10,-11],[[10,"","",false,"idle4",[],[],[],[],[],[],[],[],[],[],["idle4"],-8,-7,-6,-5,-4,-3,-2,6]],[11,-1,0]],[7,"Zombie_bungi",1,[-14,-15,-16],[-12,-13],[0,"fdoBD0YHNBabH999tKGZ41",1,0],[5,79.03997802734375,42.61603927612305],[0,-33.083,0,0,0,0,1,1,1,1]],[4,"cord",1,[[12,2,0,false,-17,[0],1]],[0,"4bMVD9PKtBtaT1malPG3tE",1,0],[5,13,800],[0,0.5,0],[0,60,0,0,0,0,1,1,1,1]],[8,"hand",2,[-18,-19],[0,"e0tmBxLZdMaoAgAT2vAtA/",1,0],[5,79.03997802734375,42.61603927612305]],[9,"BodyC",2,2,[-20,-21],[0,"4btKxnid9PNLLpTsqHoJ48",1,0],[-8,0,0,0,0,0,1,1,1,1]],[5,"BungeeAshesEffect",false,1,[[13,-22,[4],5]],[0,"609TFh8NpLtY/4vCbCeB8L",1,0],[5,180,136],[0,61,0,0,0,0,1,1,1,1]],[6,"carryNode",2,[0,"b7xNYlV69IobOSdx25X+rO",1,0]],[14,"shuangshou","attack",0,"attack",4,[2]],[1,true,4,8],[16,5,[0,0,70],[5,60,140]],[17,5,10],[15,"biaoqing1","attack2",0,"attack2",true,2,[3]],[1,true,2,12]],0,[0,3,1,0,4,6,0,5,9,0,6,7,0,7,3,0,8,11,0,9,13,0,0,1,0,-1,3,0,-2,2,0,-3,6,0,-1,12,0,-2,13,0,-1,7,0,-2,4,0,-3,5,0,0,3,0,-1,8,0,-2,9,0,-1,10,0,-2,11,0,0,6,0,10,1,22],[0,0,0,0,0,0,0,8,12],[-1,1,-1,-1,-1,1,11,2,2],[0,3,1,1,0,4,5,2,2]],[[{"name":"BungeeAshesEffect","rect":[448,231,180,136],"offset":[-1,2],"originalSize":[184,140],"capInsets":[0,0,0,0]}],[5],0,[0],[12],[6]]]]