[1,["ecpdLyjvZBwrvm+cedCcQy","caohSHbS5GEIzmwCrnMGn5","2eYLUKo6tPT57j6FrILgK/","37q9ssi/pPraicXQhdEjQC","0cdVRQ7jBBr4eBhvqFIHIR","1930e3dc6","bavBC8Ao9CE7rRwKRxF/TE","79nSRfxfpNbpL479HwN+pF","467MD1RRhKOaUHi45Vj51k","42Il2weJdAnJrBo6iJFV7k","ebtVxMakpBn7+o4SJLgf1m","f8rF+5RY1IBJ1XHbHwxY9G","cavc9j4QRNqpxv+KB1O/L2","79c1BnbcNKpK3Koo/AW1YI","8bTJbJxeRNupvQhP4MKZRt","64IAHuwOJCoJnLhhQ/vaak","d0S+eewr1IN6hqfXXfNg1m","a2MjXRFdtLlYQ5ouAFv/+R","f0Y6JqdEVE6K5Udd/iaaFO","1ck1Yi/LlB8JKzBOWUtWiJ","90mZpZ4gRDo4nWwJOiASXX"],["node","_spriteFrame","_N$file","root","node_trophy","data","_parent","_textureSetter","lab_cost","lab_gameName","lab_Part","img_zjPlantImg","img_zjPlantBg","lab_trophyCnt","scrollView_content","node_content","node_handBook","node_close","getPowerLeftLab","powerAni","powerLab","tipNode","pre_Item"],[["cc.Node",["_name","_active","_prefab","_components","_contentSize","_parent","_trs","_children","_color","_anchorPoint"],1,4,9,5,1,7,2,5,5],["cc.Sprite",["_sizeMode","_type","_isTrimmedMode","node","_materials","_spriteFrame"],0,1,3,6],["cc.Label",["_N$horizontalAlign","_N$verticalAlign","_fontSize","_lineHeight","_string","_isSystemFontUsed","_styleFlags","node","_materials","_N$file"],-4,1,3,6],["cc.Node",["_name","_components","_prefab","_contentSize","_parent","_trs","_anchorPoint","_color","_children"],2,12,4,5,1,7,5,5,2],["cc.Node",["_name","_parent","_components","_prefab","_contentSize","_trs","_children","_anchorPoint","_color"],2,1,2,4,5,7,2,5,5],["cc.Widget",["_alignFlags","_right","_left","_bottom","_originalWidth","_originalHeight","node"],-3,1],["cc.PrefabInfo",["fileId","root","asset"],2,1,1],["cc.Button",["_N$transition","node","clickEvents"],2,1,9],"cc.SpriteFrame",["cc.Prefab",["_name"],2],["4e60dSV7+5OmqJ3E31nv4jj",["node","node_trophy","img_zjPlantBg","img_zjPlantImg","lab_Part","lab_gameName","frames_plant","lab_cost"],3,1,1,1,1,1,1,3,1],["cc.LabelOutline",["_width","node","_color"],2,1,5],["cc.BlockInputEvents",["node"],3,1],["aa64fv/PT1NvY45vSiRrPme",["node","node_close","node_handBook","node_trophy","node_content","scrollView_content","lab_trophyCnt","pre_Item"],3,1,1,1,1,1,1,1,6],["ecd83JmX5VOKoHPwQkk0m/P",["node","powerLab","powerAni","getPowerLeftLab"],3,1,1,1,1],["0c8c7sXsaRMZ4adaa2ij6aR",["type","node","tipNode"],2,1,1],["cc.Layout",["_N$layoutType","_N$spacingX","_N$spacingY","node","_layoutSize"],0,1,5],["cc.Mask",["_N$alphaThreshold","node","_materials"],2,1,3],["cc.ClickEvent",["_componentId","handler","target"],1,1],["cc.ScrollView",["horizontal","brake","bounceDuration","_N$horizontalScrollBar","_N$verticalScrollBar","node","scrollEvents","_N$content"],-2,1,9,1]],[[6,0,1,2,2],[1,3,4,5,1],[0,0,5,7,3,2,4,6,2],[11,0,1,2,2],[0,0,5,3,2,4,6,2],[0,0,5,3,2,4,2],[1,0,3,4,5,2],[2,4,2,3,5,0,1,7,8,9,7],[7,0,1,2],[9,0,2],[0,0,7,3,2,4,6,2],[0,0,1,5,7,3,2,4,6,3],[1,1,0,3,4,5,3],[1,3,4,1],[6,1,2,1],[2,4,2,3,5,0,1,7,8,7],[18,0,1,2,3],[0,0,3,2,4,9,6,2],[0,0,5,7,3,2,8,4,6,2],[0,0,5,7,3,2,6,2],[0,0,5,3,2,8,4,2],[0,0,5,7,3,2,4,2],[0,0,5,3,2,8,4,6,2],[0,0,5,7,2,4,6,2],[4,0,1,6,2,3,4,5,2],[4,0,1,2,3,4,5,2],[4,0,1,2,3,4,7,5,2],[4,0,1,2,3,8,4,5,2],[3,0,4,1,2,3,5,2],[3,0,4,1,2,3,6,5,2],[3,0,4,1,2,7,3,5,2],[3,0,8,1,2,3,2],[3,0,4,1,2,7,3,6,5,2],[1,1,0,2,3,4,5,4],[1,1,0,3,4,3],[1,0,3,4,2],[10,0,1,2,3,4,5,6,7,1],[2,4,2,3,5,6,0,1,7,8,8],[2,2,3,5,0,1,7,8,6],[2,2,3,0,1,7,8,5],[2,4,6,0,1,7,8,5],[5,0,6,2],[5,0,2,1,6,4],[5,0,1,3,6,4],[5,0,4,5,6,4],[12,0,1],[13,0,1,2,3,4,5,6,7,1],[14,0,1,2,3,1],[15,0,1,2,2],[7,1,2,1],[16,0,1,2,3,4,4],[17,0,1,2,2],[19,0,1,2,3,4,5,6,7,6]],[[[{"name":"change_trophy","rect":[539,565,118,89],"offset":[0,0],"originalSize":[118,89],"rotated":1,"capInsets":[0,0,0,0]}],[8],0,[0],[7],[5]],[[[9,"ChallengeItem"],[10,"ChallengeItem",[-10,-11,-12,-13],[[12,1,0,-2,[9],10],[36,-9,-8,-7,-6,-5,-4,[11,12],-3]],[14,-1,0],[5,190,190],[-455,-95,0,0,0,0,1,1,1,1]],[24,"plantBg",1,[-15,-16],[-14],[0,"c7l7gN6aBJXbCkc6WihRFh",1,0],[5,151,109],[0,25.928,0,0,0,0,1,1,1,1]],[28,"gamePart",2,[[-17,[3,2,-18,[4,4279057030]]],1,4],[0,"96QSRYjGNDta8W2m9vfGhL",1,0],[5,21.7,67],[57.083,0.4,0,0,0,0,1,1,1,1]],[4,"trophy",1,[[1,-19,[3],4]],[0,"05+b0u6s9Bn4mipuI0roRZ",1,0],[5,61,55],[-53.272,56.65899999999999,0,0,0,0,1,1,1,1]],[2,"powerIcon",1,[-21],[[1,-20,[6],7]],[0,"5fX0BNjiFOYpiQs+KOM5vI",1,0],[5,74,74],[-18.739,-42.38,0,0,0,0,1,0.3,0.3,1]],[29,"New Label",5,[[-22,[3,2,-23,[4,4278190080]]],1,4],[0,"f803tQeUhHxZbOD0j/Iswr",1,0],[5,88.78,60.7],[0,0,0.5],[49.955,0,0,0,0,0,1,1.33333,1.33333,1.33333]],[30,"name",1,[[-24,[3,3,-25,[4,4278596427]]],1,4],[0,"5d3kL1h2ZNvJUHBH2y/Eih",1,0],[4,4280135167],[5,6,33.72],[0,-70.28,0,0,0,0,1,1,1,1]],[37,"1",50,50,false,1,1,1,3,[0]],[25,"plantImg",2,[-26],[0,"2aYliEsKZFIpJXacEU/uO7",1,0],[5,104,63],[-16.088,-1.373,0,0,0,0,1,1,1,1]],[13,9,[1]],[13,2,[2]],[15,"X 2",45,45,false,1,1,6,[5]],[38,22,22,false,1,1,7,[8]]],0,[0,3,1,0,0,1,0,8,12,0,9,13,0,10,8,0,11,10,0,12,11,0,4,4,0,0,1,0,-1,2,0,-2,4,0,-3,5,0,-4,7,0,-1,11,0,-1,3,0,-2,9,0,-1,8,0,0,3,0,0,4,0,0,5,0,-1,6,0,-1,12,0,0,6,0,-1,13,0,0,7,0,-1,10,0,5,1,26],[0,0,0,0,0,0,0,0,0,0,0,0,0,8,11,12,13],[-1,-1,-1,-1,1,-1,-1,1,-1,-1,1,-1,-2,2,1,2,2],[0,0,0,0,6,0,0,2,0,0,7,8,4,1,4,1,1]],[[[9,"ChallengeView"],[10,"ChallengeView",[-11,-12,-13,-14,-15,-16,-17,-18],[[41,45,-2],[45,-3],[46,-10,-9,-8,-7,-6,-5,-4,44]],[14,-1,0],[5,1280,720],[640,360,0,0,0,0,1,1,1,1]],[2,"power_bg",1,[-25,-26,-27,-28],[[33,1,0,false,-19,[39],40],[42,32,53.5,3.2619999999998868,-20],[47,-24,-23,-22,-21]],[0,"6djWnOWcpJc5gO5u474qTf",1,0],[5,249,68],[512.238,-312.414,0,0,0,0,1,1,1,1]],[2,"btn_trophy",1,[-33,-34,-35],[[1,-29,[25],26],[48,6,-31,-30],[8,3,-32]],[0,"e7bgpmTTBFJoQhNecUbqwN",1,0],[5,123,128],[-272.533,-298,0,0,0,0,1,1,1,0]],[2,"btn_back",1,[-38],[[1,-36,[10],11],[8,3,-37]],[0,"54AByvspRCs6F+E/s8muMA",1,0],[5,123,128],[-549,-298,0,0,0,0,1,1,1,0]],[2,"btn_handBook",1,[-41],[[1,-39,[14],15],[8,3,-40]],[0,"b3Gu6BXtNFfKk61xeUtst+",1,0],[5,123,128],[-408.726,-298,0,0,0,0,1,1,1,0]],[31,"New ScrollView",[-44],[[[34,1,0,-42,[7]],-43],4,1],[0,"27+sEl1GlD46bCTk8HUjxn",1,0],[5,1100,430]],[17,"content",[[50,3,35,5,-45,[5,1100,430]]],[0,"8duetGe4xBf5bAWPzdhYA5",1,0],[5,1100,430],[0,0.5,1],[0,220,0,0,0,0,1,1,1,1]],[11,"red",false,3,[-47],[[1,-46,[20],21]],[0,"4aBu54L3xBSqyYGd3E1Qvp",1,0],[5,63,75],[28.543,36.054,0,0,0,0,1,0.8,0.8,0.75]],[18,"countdownBg",2,[-49,-50],[[6,0,-48,[32],33]],[0,"9b9anmxfNGPJkeOd6aIwX9",1,0],[4,4278190080],[5,80,25],[-63.125,-28.842,0,0,0,0,1,1,1,1]],[11,"powerIcon",false,2,[-52],[[6,0,-51,[37],38]],[0,"c56Jf4OsFNJqVZZLDLFKSY",1,0],[5,72.9,73.8],[-5.954,0,0,0,0,0,1,0.85,0.85,0.9]],[19,"tryphy_node",1,[-54,-55],[[43,36,344.441,42.206999999999994,-53]],[0,"ddUbs7Ul5LjZyKuNw7awiO",1,0],[295.559,-317.793,0,0,0,0,1,1,1,1]],[5,"new_plant_bg",1,[[12,1,0,-56,[0],1],[44,45,149,142,-57]],[0,"2fzir3ENRNqLigvE3WcoNE",1,0],[5,1280,720]],[2,"tittle_bg",1,[-59],[[1,-58,[4],5]],[0,"24ethLUJNGvq3xCnfJBhQB",1,0],[5,572,123],[0,282,0,0,0,0,1,1,1,1]],[20,"New Label",13,[[7,"挑战模式",60,60,false,1,1,-60,[2],3],[3,2,-61,[4,4278596427]]],[0,"39qwlq8oNIIaBQ0TDW5KAz",1,0],[4,4284274431],[5,244,79.6]],[21,"view",6,[7],[[51,0,-62,[6]]],[0,"66Wy7oGp5MT74XtobyYq8f",1,0],[5,1100,430]],[2,"home_icon",3,[-64],[[35,0,-63,[24]]],[0,"d4VpuqOEVMoIgHtOTK5Ri2",1,0],[5,110,36],[0,-43.058,0,0,0,0,1,1,1,1]],[5,"New Label",16,[[7,"奖杯兑换",24,28,false,1,1,-65,[22],23],[3,2,-66,[4,4278190080]]],[0,"934HyepudCkasY1e1U7J8B",1,0],[5,100,39.28]],[4,"power_icon",2,[[1,-67,[27],28],[49,-68,[[16,"ecd83JmX5VOKoHPwQkk0m/P","clickPower",2]]]],[0,"e5jY3q20hCPbOQMAk7wlTG",1,0],[5,74,74],[-110,-1,0,0,0,0,1,1,1,1]],[22,"title",10,[[7,"-2",30,32,false,1,1,-69,[35],36],[3,2,-70,[4,4278190080]]],[0,"42k39s59BJgYQjfcIits4t",1,0],[4,4284081919],[5,40.99,44.32],[53.511,0,0,0,0,0,1,1.3,1.3,1]],[32,"trophy_cnt",11,[[-71,[3,2,-72,[4,4278190080]]],1,4],[0,"96lAGKt7FDA70K3HNJ/SNT",1,0],[4,4278298111],[5,81.85,54.4],[0,1,0.5],[-54.277,0,0,0,0,0,1,1,1,1]],[23,"contentBg",1,[6],[0,"8cDVUmEVdJ8498Y3xzlYnD",1,0],[5,1100,430],[0,-5,0,0,0,0,1,1,1,1]],[52,false,0.75,0.23,null,null,6,[[16,"aa64fv/PT1NvY45vSiRrPme","scrollEvent",1]],7],[5,"lv_imgJt",4,[[1,-73,[8],9]],[0,"49sKkVtNxFkZ2iR+rMnNyg",1,0],[5,71,64]],[5,"lv_imgJt",5,[[6,0,-74,[12],13]],[0,"650wVU77NIg4CLLL7EuVhY",1,0],[5,80,85]],[4,"trophy",3,[[1,-75,[16],17]],[0,"6a173UPJxIk6EsMVsPLnGf",1,0],[5,118,89],[0,3.11,0,0,0,0,1,1,1,1]],[4,"redTip",8,[[1,-76,[18],19]],[0,"92V1xwMhxMapJPZOQ3d+al",1,0],[5,38,52],[3.459,6.918,0,0,0,0,1,1,1,1]],[4,"power_add",9,[[1,-77,[29],30]],[0,"15JbnNc1hCqLo1f1XixE9H",1,0],[5,30,30],[-46.352,1.393,0,0,0,0,1,1,1,1]],[26,"power_left",9,[-78],[0,"42hrTNC81JO4/Ymm0kmKjs",1,0],[5,0,25.2],[0,1,0.5],[24.352,1.062,0,0,0,0,1,1,1,1]],[39,20,20,1,1,28,[31]],[27,"power_lab",2,[-79],[0,"8aPHHvC8VPSI+uGcWppPug",1,0],[4,4278190080],[5,114.62,47.88],[-4,0,0,0,0,0,1,1,1,1]],[15,"15/20",35,38,false,1,1,30,[34]],[4,"drop_trophy",11,[[1,-80,[41],42]],[0,"81ERrlvSBD64skSK+M7yK2",1,0],[5,183,169],[0,0,0,0,0,0,1,0.54,0.54,1]],[40,"5/66",1,1,1,20,[43]]],0,[0,3,1,0,0,1,0,0,1,0,13,33,0,14,22,0,15,7,0,4,3,0,16,5,0,17,4,0,0,1,0,-1,12,0,-2,13,0,-3,21,0,-4,4,0,-5,5,0,-6,3,0,-7,2,0,-8,11,0,0,2,0,0,2,0,18,29,0,19,10,0,20,31,0,0,2,0,-1,18,0,-2,9,0,-3,30,0,-4,10,0,0,3,0,21,8,0,0,3,0,0,3,0,-1,25,0,-2,8,0,-3,16,0,0,4,0,0,4,0,-1,23,0,0,5,0,0,5,0,-1,24,0,0,6,0,-2,22,0,-1,15,0,0,7,0,0,8,0,-1,26,0,0,9,0,-1,27,0,-2,28,0,0,10,0,-1,19,0,0,11,0,-1,32,0,-2,20,0,0,12,0,0,12,0,0,13,0,-1,14,0,0,14,0,0,14,0,0,15,0,0,16,0,-1,17,0,0,17,0,0,17,0,0,18,0,0,18,0,0,19,0,0,19,0,-1,33,0,0,20,0,0,23,0,0,24,0,0,25,0,0,26,0,0,27,0,-1,29,0,-1,31,0,0,32,0,5,1,6,6,21,7,6,15,80],[0,0,0,0,0,0,0,0,0,0,0,0,0,0,0,0,0,0,0,0,0,0,0,0,0,0,0,0,0,0,0,0,0,0,0,0,0,0,0,0,0,0,0,0,0,31],[-1,1,-1,2,-1,1,-1,-1,-1,1,-1,1,-1,1,-1,1,-1,1,-1,1,-1,1,-1,2,-1,-1,1,-1,1,-1,1,-1,-1,1,-1,-1,2,-1,1,-1,1,-1,1,-1,22,2],[0,9,0,1,0,10,0,0,0,11,0,3,0,12,0,3,0,13,0,14,0,15,0,1,0,0,3,0,2,0,16,0,0,17,0,0,1,0,2,0,18,0,19,0,20,1]]]]