[1,["1c50af12d","datK7PTx5J4K1Ld1QagtsC","ecpdLyjvZBwrvm+cedCcQy","bdseaTmEdE+6iI0xEVYDTK","67vjzVVyNDrpzGgSx43sxS","0bVIwvlghEPLa2Itt1Ijim"],["_textureSetter","node","root","ani","data","_spriteFrame","poolPrefab"],["cc.SpriteFrame",["cc.PrefabInfo",["fileId","root","asset"],2,1,1],["cc.Prefab",["_name"],2],["cc.Node",["_name","_children","_components","_prefab"],2,2,9,4],["cc.Node",["_name","_parent","_components","_prefab","_contentSize"],2,1,12,4,5],["b8bfb61mf5JK4Xs6nmfC9To",["node","ani","poolPrefab"],3,1,1,6],["cc.Sprite",["node","_materials","_spriteFrame"],3,1,3,6],["2f54fyh8VpKBaCciEDVPkHC",["duration","loop","node","spriteFrames"],1,1,3]],[[2,0,2],[3,0,1,2,3,2],[4,0,1,2,3,4,2],[5,0,1,2,1],[1,1,2,1],[1,0,1,2,2],[6,0,1,2,1],[7,0,1,2,3,3]],[[[[0,"WaterWaveEffect"],[1,"WaterWaveEffect",[-4],[[3,-3,-2,5]],[4,-1,0]],[2,"boom",1,[[[6,-5,[0],1],-6],4,1],[5,"dd7xg+yFhL9rDJu5TGLswM",1,0],[5,451,77]],[7,0.04,true,2,[2,3,4]]],0,[0,2,1,0,3,3,0,1,1,0,-1,2,0,1,2,0,-2,3,0,4,1,6],[0,0,0,0,0,0],[-1,5,-1,-2,-3,6],[2,1,1,3,4,5]],[[{"name":"bo3","rect":[3,231,450,67],"offset":[0,0],"originalSize":[458,75],"capInsets":[0,0,0,0]}],[0],0,[0],[0],[0]],[[{"name":"bo2","rect":[3,75,460,67],"offset":[0,0],"originalSize":[468,75],"capInsets":[0,0,0,0]}],[0],0,[0],[0],[0]],[[{"name":"bo1","rect":[3,148,451,77],"offset":[0,0],"originalSize":[459,85],"capInsets":[0,0,0,0]}],[0],0,[0],[0],[0]]]]