[1,["ecpdLyjvZBwrvm+cedCcQy","191f7c2e3","1ad72aa17","30VF21O7tJKqGVOHaok8B3","9bLyBOIdhC2I0FFKU8X3XV","feKe3lqf1LUKcXWqJX68b3","149443d70"],["node","_textureSetter","_spriteFrame","root","voidNode","cardNode","cardIcon","target","data"],["cc.SpriteFrame",["cc.Node",["_name","_components","_prefab","_contentSize","_children","_parent","_trs"],2,9,4,5,2,1,7],["cc.Sprite",["_sizeMode","_isTrimmedMode","node","_materials","_spriteFrame"],1,1,3,6],["cc.PrefabInfo",["fileId","root","asset"],2,1,1],["cc.Prefab",["_name"],2],["cc.Node",["_name","_parent","_components","_prefab","_contentSize","_trs"],2,1,2,4,5,7],["9484177j0tLUo9Ri0pFBdw8",["node","cardIcon","cardNode","voidNode"],3,1,1,1,1],["cc.Button",["node","clickEvents"],3,1,9],["cc.ClickEvent",["_componentId","handler","target"],1,1],["cc.Mask",["node","_materials"],3,1,3]],[[3,0,1,2,2],[1,0,5,4,1,2,3,2],[4,0,2],[1,0,4,1,2,3,6,2],[1,0,5,1,2,3,2],[5,0,1,2,3,4,5,2],[6,0,1,2,3,1],[7,0,1,1],[8,0,1,2,3],[3,1,2,1],[2,0,2,3,4,2],[2,2,3,4,1],[2,0,1,2,3,3],[9,0,1,1]],[[[{"name":"zombie_info","rect":[3,197,119,119],"offset":[0,0],"originalSize":[123,123],"capInsets":[55,54,51,53]}],[0],0,[0],[1],[1]],[[{"name":"void_zombie","rect":[861,607,154,148],"offset":[0,0],"originalSize":[154,148],"capInsets":[0,0,0,0]}],[0],0,[0],[1],[2]],[[[2,"ZombieBookCard"],[3,"ZombieBookCard",[-8,-9],[[6,-5,-4,-3,-2],[7,-7,[[8,"9484177j0tLUo9Ri0pFBdw8","clickCard",-6]]]],[9,-1,0],[5,166,158],[-185,-84,0,0,0,0,1,1,1,1]],[1,"zombie_card_board",1,[-11],[[10,0,-10,[2],3]],[0,"104Gx4iD1JYbJ3k529QWov",1,0],[5,166,158]],[1,"mask",2,[-13],[[13,-12,[1]]],[0,"68XTP7VCNA/57QX7e8GnAk",1,0],[5,128,120]],[4,"void_zombie",1,[[11,-14,[4],5]],[0,"a7USbq8hdBab9xluXArL8U",1,0],[5,154,148]],[5,"1",3,[-15],[0,"d5U/zywCBHYItCXhFv8u8V",1,0],[5,160,160],[0,-4,0,0,0,0,1,0.8,0.8,1]],[12,2,false,5,[0]]],0,[0,3,1,0,4,4,0,5,2,0,6,6,0,0,1,0,7,1,0,0,1,0,-1,2,0,-2,4,0,0,2,0,-1,3,0,0,3,0,-1,5,0,0,4,0,-1,6,0,8,1,15],[0,0,0,0,0,0,6],[-1,-1,-1,2,-1,2,2],[0,0,0,3,0,4,5]],[[{"name":"8","rect":[3,141,96,132],"offset":[-1,-5],"originalSize":[160,160],"capInsets":[0,0,0,0]}],[0],0,[0],[1],[6]]]]