[1,["6cudj5r4pH4LTeHynDeVY8","97u4YcmV5O66YEswztx3MH","39OgcqCk5BP6myZnBGV5Ha","78cDLOAe9MvIvZCxenwwI+","88cRaeOX9EIbsIJOiEbpkE"],["_textureSetter"],["cc.SpriteFrame"],0,[[[{"name":"zw108","rect":[2,5,91,82],"offset":[-0.5,2],"originalSize":[96,96],"capInsets":[0,0,0,0]}],[0],0,[0],[0],[0]],[[{"name":"zw103","rect":[3,2,86,90],"offset":[-2,1],"originalSize":[96,96],"capInsets":[0,0,0,0]}],[0],0,[0],[0],[1]],[[{"name":"zw107","rect":[2,14,92,71],"offset":[0,-1.5],"originalSize":[96,96],"capInsets":[0,0,0,0]}],[0],0,[0],[0],[2]],[[{"name":"zw044","rect":[8,3,80,88],"offset":[0,1],"originalSize":[96,96],"capInsets":[0,0,0,0]}],[0],0,[0],[0],[3]],[[{"name":"zw104","rect":[9,6,77,87],"offset":[-0.5,-1.5],"originalSize":[96,96],"capInsets":[0,0,0,0]}],[0],0,[0],[0],[4]]]]