[1,["2fY3g8jxBGT4DzarLRXofP","1c3ff388b","1ed7c1957","ecpdLyjvZBwrvm+cedCcQy","a3R67Y3idOSbfVCvo9y1B7"],["_textureSetter","root","duckImg","body","node","data","_spriteFrame"],["cc.SpriteFrame",["cc.Node",["_name","_groupIndex","_parent","_components","_prefab","_contentSize","_trs"],1,1,2,4,5,7],["cc.PrefabInfo",["fileId","root","asset"],2,1,1],["cc.Prefab",["_name"],2],["cc.Node",["_name","_children","_components","_prefab","_contentSize","_anchorPoint"],2,2,9,4,5,5],["11ccdLbw0RKmYN9e3qaLbuU",["uiIdleName","node","body","duckImg","stateImgArr"],2,1,1,1,3],["cc.Sprite",["node","_materials"],3,1,3],["cc.BoxCollider",["node","_offset","_size"],3,1,5,5],["b1abdSI13NE76lu3aJ+NI5X",["node","body"],3,1,1]],[[2,0,1,2,2],[3,0,2],[4,0,1,2,3,4,5,2],[1,0,1,2,3,4,3],[1,0,2,3,4,5,6,2],[5,0,1,2,3,4,2],[2,1,2,1],[6,0,1,1],[7,0,1,2,1],[8,0,1,1]],[[[{"name":"duck_state1","rect":[834,549,89,60],"offset":[0,0],"originalSize":[89,60],"rotated":1,"capInsets":[0,0,0,0]}],[0],0,[0],[0],[1]],[[{"name":"duck_state2","rect":[563,665,93,55],"offset":[0,0],"originalSize":[93,55],"capInsets":[0,0,0,0]}],[0],0,[0],[0],[2]],[[[1,"DuckSwimmingCircle"],[2,"DuckSwimmingCircle",[-5,-6],[[5,"",-4,-3,-2,[1,2]]],[6,-1,0],[5,200,200],[0,0.5,0]],[3,"BodyC",2,1,[-7,-8],[0,"c3tT9T0/tCGpIck6kK8n6d",1,0]],[4,"duck_state1",1,[-9],[0,"95idMTobZItpTOm0M+94NN",1,0],[5,89,60],[0,30,0,0,0,0,1,1,1,1]],[7,3,[0]],[8,2,[0,10,70],[5,70,140]],[9,2,5]],0,[0,1,1,0,2,4,0,3,6,0,4,1,0,-1,3,0,-2,2,0,-1,5,0,-2,6,0,-1,4,0,5,1,9],[0,0,0,4],[-1,-1,-2,6],[3,0,4,0]]]]