[1,["7a/QZLET9IDreTiBfRn2PD","fePsi7pgNGd6fI8AImVgSJ","98iuufsr5EwL5ZrjIPokZF"],["root","spine","node","data","_N$skeletonData"],[["cc.PrefabInfo",["fileId","root","asset"],2,1,1],["cc.Prefab",["_name"],2],["cc.Node",["_name","_children","_components","_prefab"],2,2,9,4],["cc.Node",["_name","_parent","_components","_prefab","_contentSize"],2,1,2,4,5],["b2afbvP8rxKZpOCQLPbuZGR",["aniName","node","spine"],2,1,1],["sp.Skeleton",["defaultSkin","defaultAnimation","_preCacheMode","_animationName","node","_materials"],-1,1,3],["261d4+Q1HdGA5w3tjdBw83c",["node","spineAnimation"],3,1,1],["sp.SkeletonData",["_name","_atlasText","textureNames","_skeletonJson","textures"],-1,3]],[[1,0,2],[2,0,1,2,3,2],[3,0,1,2,3,4,2],[4,0,1,2,2],[0,1,2,1],[0,0,1,2,2],[5,0,1,2,3,4,5,5],[6,0,1,1],[7,0,1,2,3,4,5]],[[[[0,"WaterFlowerEffect"],[1,"WaterFlowerEffect",[-4],[[3,"idle",-3,-2]],[4,-1,0]],[2,"11FX_water",1,[-5,-6],[5,"67gre0kYZNpI4Y07tbpFs1",1,0],[5,70.2,32.1]],[6,"default","idle",0,"idle",2,[0]],[7,2,3]],0,[0,0,1,0,1,4,0,2,1,0,-1,2,0,-1,3,0,-2,4,0,3,1,6],[0,3],[-1,4],[0,1]],[[[8,"11FX_water","\n11FX_water.png\nsize: 128,128\nformat: RGBA8888\nfilter: Linear,Linear\nrepeat: none\n1\n  rotate: false\n  xy: 2, 53\n  size: 84, 31\n  orig: 92, 44\n  offset: 3, 3\n  index: -1\n2\n  rotate: true\n  xy: 88, 35\n  size: 43, 28\n  orig: 48, 33\n  offset: 2, 3\n  index: -1\n3\n  rotate: false\n  xy: 2, 17\n  size: 76, 34\n  orig: 81, 38\n  offset: 2, 2\n  index: -1\n4\n  rotate: true\n  xy: 99, 80\n  size: 42, 24\n  orig: 48, 28\n  offset: 4, 2\n  index: -1\n6\n  rotate: false\n  xy: 2, 86\n  size: 95, 36\n  orig: 99, 40\n  offset: 2, 2\n  index: -1\nz1\n  rotate: false\n  xy: 80, 14\n  size: 26, 19\n  orig: 26, 22\n  offset: 0, 3\n  index: -1\nz2\n  rotate: true\n  xy: 108, 14\n  size: 19, 16\n  orig: 19, 16\n  offset: 0, 0\n  index: -1\nz3\n  rotate: false\n  xy: 2, 3\n  size: 26, 12\n  orig: 26, 12\n  offset: 0, 0\n  index: -1\nz4\n  rotate: false\n  xy: 55, 2\n  size: 20, 13\n  orig: 20, 13\n  offset: 0, 0\n  index: -1\nz5\n  rotate: false\n  xy: 30, 4\n  size: 23, 11\n  orig: 23, 11\n  offset: 0, 0\n  index: -1\n",["11FX_water.png"],{"skeleton":{"hash":"k7nn7TJ3jOewbRlTfGKCg5CuZcQ","spine":"3.8.99","x":-36.6,"y":-5.4,"width":70.2,"height":32.1},"bones":[{"name":"root"},{"name":"water","parent":"root","scaleX":0.3,"scaleY":0.3},{"name":"1","parent":"water"},{"name":"2","parent":"water","length":86.94,"rotation":158.41,"x":-44.28,"y":11.61},{"name":"3","parent":"water","length":59.2,"rotation":92,"x":-9.54,"y":24.69},{"name":"4","parent":"water","length":65.41,"rotation":14.62,"x":40.69,"y":28.81},{"name":"6","parent":"water"},{"name":"7","parent":"6"},{"name":"8","parent":"6"},{"name":"z","parent":"water"},{"name":"z4","parent":"z"},{"name":"z3","parent":"z"},{"name":"z2","parent":"z"},{"name":"z1","parent":"z"},{"name":"z6","parent":"z"},{"name":"z7","parent":"z"},{"name":"z8","parent":"z"},{"name":"z9","parent":"z"},{"name":"z10","parent":"z"}],"slots":[{"name":"z1","bone":"z1"},{"name":"z10","bone":"z10"},{"name":"z2","bone":"z2"},{"name":"z9","bone":"z9"},{"name":"z3","bone":"z3"},{"name":"z8","bone":"z8"},{"name":"z4","bone":"z4"},{"name":"z7","bone":"z7"},{"name":"z6","bone":"z6"},{"name":"6","bone":"7"},{"name":"7","bone":"8"},{"name":"1","bone":"1","attachment":"1"},{"name":"4","bone":"4","attachment":"4"},{"name":"3","bone":"3","attachment":"3"},{"name":"2","bone":"2","attachment":"2"}],"skins":[{"name":"default","attachments":{"1":{"1":{"x":2.5,"y":26,"width":183,"height":88}},"2":{"2":{"x":34.03,"y":-5.23,"rotation":-158.41,"width":96,"height":66}},"3":{"3":{"x":26.64,"y":-5.47,"rotation":-92,"width":162,"height":75}},"4":{"4":{"x":25.24,"y":2.39,"rotation":-14.62,"width":95,"height":55}},"6":{"6":{"width":198,"height":80}},"7":{"6":{"width":198,"height":80}},"z1":{"z1":{"x":5,"y":5,"width":51,"height":44}},"z2":{"z2":{"width":37,"height":32}},"z3":{"z3":{"width":52,"height":24}},"z4":{"z4":{"width":40,"height":26}},"z6":{"z5":{"width":45,"height":22}},"z7":{"z4":{"width":40,"height":26}},"z8":{"z3":{"width":52,"height":24}},"z9":{"z2":{"width":37,"height":32}},"z10":{"z1":{"width":51,"height":44}}}}],"animations":{"idle":{"slots":{"1":{"attachment":[{"time":0.7333,"name":null}]},"2":{"color":[{"time":0.5667,"color":"ffffffff","curve":0.25,"c3":0.75},{"time":0.6667,"color":"ffffff00"}]},"3":{"color":[{"time":0.5667,"color":"ffffffff","curve":0.25,"c3":0.75},{"time":0.6667,"color":"ffffff00"}]},"4":{"color":[{"time":0.5667,"color":"ffffffff","curve":0.25,"c3":0.75},{"time":0.6667,"color":"ffffff00"}]},"6":{"color":[{"time":0.2667,"color":"ffffffff"},{"time":0.6333,"color":"ffffff00"}],"attachment":[{"time":0.0667,"name":"6"}]},"7":{"color":[{"time":0.5,"color":"ffffffff"},{"time":0.7333,"color":"ffffff00"}],"attachment":[{"time":0.2667,"name":"6"}]},"z1":{"color":[{"time":0.2,"color":"ffffffff","curve":0.25,"c3":0.75},{"time":0.3333,"color":"ffffff00"}],"attachment":[{"name":"z1"}]},"z2":{"color":[{"time":0.2,"color":"ffffffff","curve":0.25,"c3":0.75},{"time":0.3333,"color":"ffffff00"}],"attachment":[{"name":"z2"}]},"z3":{"color":[{"time":0.2,"color":"ffffffff","curve":0.25,"c3":0.75},{"time":0.3333,"color":"ffffff00"}],"attachment":[{"name":"z3"}]},"z4":{"color":[{"time":0.2,"color":"ffffffff","curve":0.25,"c3":0.75},{"time":0.3333,"color":"ffffff00"}],"attachment":[{"name":"z4"}]},"z6":{"color":[{"time":0.2,"color":"ffffffff","curve":0.25,"c3":0.75},{"time":0.3333,"color":"ffffff00"}],"attachment":[{"name":"z5"}]},"z7":{"color":[{"time":0.2,"color":"ffffffff","curve":0.25,"c3":0.75},{"time":0.3333,"color":"ffffff00"}],"attachment":[{"name":"z4"}]},"z8":{"color":[{"time":0.2,"color":"ffffffff","curve":0.25,"c3":0.75},{"time":0.3333,"color":"ffffff00"}],"attachment":[{"name":"z3"}]},"z9":{"color":[{"time":0.2,"color":"ffffffff","curve":0.25,"c3":0.75},{"time":0.3333,"color":"ffffff00"}],"attachment":[{"name":"z2"}]},"z10":{"color":[{"time":0.2,"color":"ffffffff","curve":0.25,"c3":0.75},{"time":0.3333,"color":"ffffff00"}],"attachment":[{"name":"z1"}]}},"bones":{"1":{"translate":[{"x":-1.72,"y":1.32},{"time":0.0667,"x":-3.89,"y":-0.71},{"time":0.3,"x":-6.14,"y":2.36},{"time":0.6667,"x":-6.76,"y":-5.86}],"scale":[{"x":0.725,"y":0.328},{"time":0.0667,"x":1.082,"y":1.067},{"time":0.3,"x":1.297,"y":1.008},{"time":0.6667,"x":1.615,"y":0.832}]},"2":{"rotate":[{"angle":13.75},{"time":0.1},{"time":0.3333,"angle":-4.02}],"translate":[{"x":29.84,"y":-8.18},{"time":0.1,"x":-6.73,"y":9.2},{"time":0.3333,"x":-3.28,"y":16.93},{"time":0.6333,"x":-11.39,"y":-13.29}],"scale":[{"x":0.714,"y":0.652},{"time":0.1,"y":1.161},{"time":0.3333,"x":1.734,"y":1.629},{"time":0.6333,"x":1.396,"y":1.042}],"shear":[{"y":-35.29},{"time":0.1},{"time":0.3333,"y":-25.45},{"time":0.6333}]},"3":{"rotate":[{"angle":-3.62},{"time":0.1}],"translate":[{"x":4.18,"y":-20.71},{"time":0.1,"x":9.56,"y":2.83},{"time":0.3333,"x":10.17,"y":7.15},{"time":0.6333,"x":9.27,"y":-6.83}],"scale":[{"x":0.387,"y":0.657},{"time":0.1},{"time":0.3333,"x":2.867,"y":1.306},{"time":0.6333,"x":1.436,"y":1.356}],"shear":[{"time":0.1},{"time":0.3333,"x":-2.69},{"time":0.6333,"x":-5.88}]},"4":{"rotate":[{"angle":-14.27},{"time":0.1,"angle":6.92},{"time":0.3333,"angle":14.93}],"translate":[{"x":-29.08,"y":-24.92},{"time":0.1,"x":11.27,"y":-0.76},{"time":0.3333,"x":3.82,"y":3.28},{"time":0.6333,"x":11.85,"y":-26.04}],"scale":[{"x":0.625,"y":0.393},{"time":0.1,"x":1.076,"y":1.079},{"time":0.3333,"x":2.204,"y":1.779},{"time":0.6333,"x":1.5,"y":1.277}],"shear":[{"time":0.1},{"time":0.3333,"x":3.13,"y":25.79},{"time":0.6333}]},"7":{"translate":[{"time":0.0667,"x":-5.17,"y":6.72},{"time":0.1,"x":-6.62,"y":6.05},{"time":0.2667,"x":-10.31,"y":4.33},{"time":0.6333,"x":-19.65}],"scale":[{"time":0.0667,"x":0.742,"y":0.355},{"time":0.1,"x":0.973,"y":0.465},{"time":0.2667,"x":1.429,"y":0.781},{"time":0.6333,"x":2.059,"y":1.187}]},"8":{"translate":[{"time":0.2667,"x":-8.53,"y":9.31},{"time":0.4667,"x":-6.73,"y":1.76},{"time":0.6333,"x":-8.53,"y":-3.89}],"scale":[{"time":0.2667,"x":0.438,"y":0.16},{"time":0.4667,"x":1.23,"y":0.49},{"time":0.6333,"x":1.702,"y":0.622,"curve":0.25,"c3":0.75},{"time":0.6667,"x":1.784,"y":0.695}]},"z7":{"rotate":[{"angle":-9.28,"curve":"stepped"},{"time":0.1333,"angle":-9.28,"curve":0.25,"c2":0.11,"c3":0.95,"c4":0.8},{"time":0.3,"angle":23.35}],"translate":[{"x":-76.91,"y":11.85,"curve":0.17,"c2":0.26,"c3":0.75,"c4":0.95},{"time":0.1333,"x":-185.08,"y":98.53,"curve":0.25,"c2":0.11,"c3":0.95,"c4":0.8},{"time":0.3,"x":-218.12,"y":29.56}],"scale":[{"x":0.763,"y":0.763,"curve":0.17,"c2":0.26,"c3":0.75,"c4":0.95},{"time":0.1333,"curve":0.25,"c2":0.11,"c3":0.95,"c4":0.8},{"time":0.3,"x":0.726,"y":0.726}]},"z8":{"rotate":[{"angle":141.84,"curve":0.17,"c2":0.26,"c3":0.75,"c4":0.95},{"time":0.1333,"angle":148.12,"curve":0.25,"c2":0.11,"c3":0.95,"c4":0.8},{"time":0.3,"angle":-165.16}],"translate":[{"x":-68.01,"y":31.46,"curve":0.17,"c2":0.26,"c3":0.75,"c4":0.95},{"time":0.1333,"x":-161.39,"y":120.98,"curve":0.25,"c2":0.11,"c3":0.95,"c4":0.8},{"time":0.3,"x":-179.09,"y":50.83}],"scale":[{"x":0.763,"y":0.763,"curve":0.17,"c2":0.26,"c3":0.75,"c4":0.95},{"time":0.1333,"curve":0.25,"c2":0.11,"c3":0.95,"c4":0.8},{"time":0.3,"x":0.884,"y":0.884}]},"z9":{"rotate":[{"angle":-58.6,"curve":0.25,"c3":0.75},{"time":0.1333,"angle":13.73,"curve":0.25,"c2":0.11,"c3":0.95,"c4":0.8},{"time":0.3,"angle":-4.76}],"translate":[{"x":-14.68,"y":29.76,"curve":0.25,"c3":0.75},{"time":0.1333,"x":18.39,"y":170.36,"curve":0.25,"c2":0.11,"c3":0.95,"c4":0.8},{"time":0.3,"x":47.86,"y":107.94}],"scale":[{"x":0.544,"y":0.804,"curve":0.25,"c3":0.75},{"time":0.1333,"x":0.874,"y":1.291,"curve":0.25,"c2":0.11,"c3":0.95,"c4":0.8},{"time":0.3,"x":0.769,"y":1.136}]},"z4":{"rotate":[{"curve":0.17,"c2":0.26,"c3":0.75,"c4":0.95},{"time":0.1333,"angle":32.58,"curve":0.25,"c2":0.11,"c3":0.95,"c4":0.8},{"time":0.3,"angle":-1.14}],"translate":[{"x":21.6,"y":25.49,"curve":0.17,"c2":0.26,"c3":0.75,"c4":0.95},{"time":0.1333,"x":86.85,"y":184.19,"curve":0.25,"c2":0.11,"c3":0.95,"c4":0.8},{"time":0.3,"x":115.76,"y":135.34}],"scale":[{"x":0.763,"y":0.763,"curve":0.17,"c2":0.26,"c3":0.75,"c4":0.95},{"time":0.1333,"curve":0.25,"c2":0.11,"c3":0.95,"c4":0.8},{"time":0.3,"x":1.24,"y":1.24}]},"z2":{"rotate":[{"curve":0.17,"c2":0.26,"c3":0.75,"c4":0.95},{"time":0.1333,"angle":-16.26,"curve":0.25,"c2":0.11,"c3":0.95,"c4":0.8},{"time":0.3,"angle":36.73}],"translate":[{"x":-48.03,"y":32.98,"curve":0.17,"c2":0.26,"c3":0.75,"c4":0.95},{"time":0.1333,"x":-88.3,"y":194.09,"curve":0.25,"c2":0.11,"c3":0.95,"c4":0.8},{"time":0.3,"x":-108.33,"y":142.85}],"scale":[{"x":0.763,"y":0.763,"curve":0.17,"c2":0.26,"c3":0.75,"c4":0.95},{"time":0.1333,"curve":0.25,"c2":0.11,"c3":0.95,"c4":0.8},{"time":0.3,"x":0.829,"y":0.829}]},"z6":{"rotate":[{"angle":23.83,"curve":"stepped"},{"time":0.1333,"angle":23.83,"curve":0.25,"c2":0.11,"c3":0.95,"c4":0.8},{"time":0.3,"angle":-39.09}],"translate":[{"x":62.87,"y":32.83,"curve":0.17,"c2":0.26,"c3":0.75,"c4":0.95},{"time":0.1333,"x":150.75,"y":154.45,"curve":0.25,"c2":0.11,"c3":0.95,"c4":0.8},{"time":0.3,"x":170.79,"y":73.8}],"scale":[{"x":0.529,"y":0.529,"curve":0.17,"c2":0.26,"c3":0.75,"c4":0.95},{"time":0.1333,"x":0.847,"y":0.847,"curve":0.25,"c2":0.11,"c3":0.95,"c4":0.8},{"time":0.3,"x":0.761,"y":0.761}]},"z1":{"rotate":[{"curve":0.17,"c2":0.26,"c3":0.75,"c4":0.95},{"time":0.1333,"angle":-7.4,"curve":0.25,"c2":0.11,"c3":0.95,"c4":0.8},{"time":0.3,"angle":-46.52}],"translate":[{"x":51.07,"y":36.35,"curve":0.17,"c2":0.26,"c3":0.75,"c4":0.95},{"time":0.1333,"x":107.95,"y":215.85,"curve":0.25,"c2":0.11,"c3":0.95,"c4":0.8},{"time":0.3,"x":158.72,"y":173.46}],"scale":[{"x":0.625,"y":0.625,"curve":0.17,"c2":0.26,"c3":0.75,"c4":0.95},{"time":0.1333,"curve":0.25,"c2":0.11,"c3":0.95,"c4":0.8},{"time":0.3,"x":1.116,"y":1.116}]},"z10":{"rotate":[{"angle":99.41,"curve":0.17,"c2":0.26,"c3":0.75,"c4":0.95},{"time":0.1333,"angle":160.06,"curve":0.25,"c2":0.11,"c3":0.95,"c4":0.8},{"time":0.3,"angle":-173.78}],"translate":[{"x":-17.29,"y":53.78,"curve":0.17,"c2":0.26,"c3":0.75,"c4":0.95},{"time":0.1333,"x":-17.44,"y":250.42,"curve":0.25,"c2":0.11,"c3":0.95,"c4":0.8},{"time":0.3,"x":-42.78,"y":178}],"scale":[{"x":0.67,"y":0.67,"curve":0.17,"c2":0.26,"c3":0.75,"c4":0.95},{"time":0.1333,"curve":0.25,"c2":0.11,"c3":0.95,"c4":0.8},{"time":0.3,"x":0.86,"y":0.86}]},"z3":{"rotate":[{"curve":0.25,"c3":0.75},{"time":0.2,"angle":21.47,"curve":0.25,"c3":0.75},{"time":0.3,"angle":-31.88}],"translate":[{"x":66,"y":13.29,"curve":0.25,"c3":0.75},{"time":0.2,"x":145.63,"y":126.14,"curve":0.25,"c3":0.75},{"time":0.3,"x":173.36,"y":79.53}],"scale":[{"x":0.625,"y":0.625,"curve":0.25,"c3":0.75},{"time":0.2,"y":1.439,"curve":0.25,"c3":0.75},{"time":0.3,"x":0.782,"y":1.126}]}}}}},[0]]],0,0,[0],[-1],[2]]]]