[1,["ecpdLyjvZBwrvm+cedCcQy","87aoCHvj5BY78Onuez7tTA","74SzU1GLpKd4xxLpk5iOyG","3bzhDl759OyZagcZV5V4d+","a9tyWwFolFS446LS/L2ako","9bKme25ZdLp7IjgWQEe+NU"],["node","_spriteFrame","_textureSetter","root","data"],[["cc.Node",["_name","_components","_prefab","_contentSize","_trs","_parent","_children","_anchorPoint"],2,9,4,5,7,1,2,5],"cc.SpriteFrame",["cc.Sprite",["_enabled","node","_materials","_spriteFrame"],2,1,3,6],["cc.PrefabInfo",["fileId","root","asset"],2,1,1],["cc.Prefab",["_name"],2]],[[2,1,2,3,1],[3,0,1,2,2],[4,0,2],[0,0,6,1,2,3,4,2],[0,0,5,1,2,3,7,4,2],[0,0,5,1,2,3,4,2],[2,0,1,2,3,2],[3,1,2,1]],[[[{"name":"title","rect":[0,0,140,66],"offset":[0,0],"originalSize":[140,66],"capInsets":[0,0,0,0]}],[1],0,[0],[2],[1]],[[[2,"Achieve_top"],[3,"Achieve_top",[-3,-4],[[6,false,-2,[4],5]],[7,-1,0],[5,1680,185],[0,-92.5,0,0,0,0,1,1,1,1]],[4,"achieve_top",1,[[0,-5,[0],1]],[1,"c2rnWUDeZGEKNAXuAWcpOI",1,0],[5,1680,245],[0,0.5,1],[0,107.065,0,0,0,0,1,1,1,1]],[5,"title",1,[[0,-6,[2],3]],[1,"a0V9GPqRxL44oJxivlMeP9",1,0],[5,140,66],[5.277,32.492,0,0,0,0,1,1,1,1]]],0,[0,3,1,0,0,1,0,-1,2,0,-2,3,0,0,2,0,0,3,0,4,1,6],[0,0,0,0,0,0],[-1,1,-1,1,-1,1],[0,2,0,3,0,4]],[[{"name":"top","rect":[0,0,1680,245],"offset":[0,0],"originalSize":[1680,245],"capInsets":[0,0,0,0]}],[1],0,[0],[2],[5]]]]