[1,["ecpdLyjvZBwrvm+cedCcQy","eeQH+g7J9HmI6IK/dy0k81","07XPPGRsFC7orZmjPWC+wi","f19MFXfF9AgJgilTT4hqUt","47XQShEgNAr70hPvUjutDe","41D7kWhyFGY7q4NDlzkazn","26DhoZolBGtLH6GkX3vgiN","32DkXhLFhASLwP3H4sw6eu","6cuxhEMiNBQZme/r8DCVtp","darZDM9ONMKawNNs2WV/0T","a4pyTM8QNBLq2xj6VncLvw","4aqSZKvkxHG5qdbond9NY0","1dIeryGONHxrNF1KvSFTwG","5fDoo599tMgZPtQPXZqYoR","45rO4N2tdFwoPJQF84aPjF","f7bLvZlwVC/bQsP11KZ3Hl","5cwRN1QxhMMbUn6X8Fyfcb","855mQ5TRpBwpw9NXSAlFxM","8fTlsV/rtCV7TmuFBJbUMi","0a+pdV2DpLK7kTq3XBeJV6"],["node","_spriteFrame","prefeb","_N$dragonAsset","_N$dragonAtlasAsset","effectNode","bulletGroup","upParentNode","downParentNode","enemyGroup","scene","_parent","_N$file","bastionPrefeb","_textureSetter"],[["cc.Node",["_name","_id","_active","_components","_parent","_contentSize","_trs","_children","_anchorPoint"],0,9,1,5,7,2,5],["dragonBones.ArmatureDisplay",["_armatureName","_animationName","_preCacheMode","_armatureKey","_N$timeScale","node","_materials","_N$dragonAsset","_N$dragonAtlasAsset"],-2,1,3,6,6],["cc.ParticleSystem",["_custom","emissionRate","startSize","speed","speedVar","angle","angleVar","startSizeVar","emitterMode","startRadius","startRadiusVar","endRadius","endRadiusVar","rotatePerS","rotatePerSVar","life","node","_materials","_startColor","_startColorVar","_endColor","_endColorVar","posVar","_spriteFrame"],-13,1,3,8,8,8,8,5,6],"cc.SpriteFrame",["cc.SceneAsset",["_name","asyncLoadAssets"],1],["cc.Canvas",["_fitWidth","node","_designResolution"],2,1,5],["cc.Widget",["_alignFlags","node"],2,1],["623adl7O6lJEp/qc+FWuy24",["node","enemyGroup","downParentNode","upParentNode","bulletGroup","effectNode","bastionPrefeb"],3,1,1,1,1,1,1,6],["e8f00LuAHpE3JSI8b3CDFXZ",["node","poolArray"],3,1,9],["nodePoolClass",["size","name","prefeb"],1,6],["a8ac7HVAKVOw4FHoul+2znp",["node"],3,1],["cc.Sprite",["node","_materials","_spriteFrame"],3,1,3,6],["67834I8CGRObqVjZ6wRlNdZ",["node"],3,1],["cc.Scene",["_name","_active","_children","_anchorPoint","_trs"],1,2,5,7],["cc.Camera",["_clearFlags","_depth","node"],1,1],["cc.Label",["_isSystemFontUsed","_N$horizontalAlign","_N$verticalAlign","node","_materials","_N$file"],0,1,3,6]],[[9,0,1,2,3],[0,0,4,2],[11,0,1,2,1],[0,0,4,7,3,5,6,2],[0,0,4,3,5,6,2],[0,0,4,3,6,2],[1,0,1,2,3,5,6,7,8,5],[2,0,1,5,6,2,7,8,3,4,9,10,11,12,13,14,16,17,18,19,20,21,22,23,16],[2,0,1,15,2,3,4,16,17,18,19,20,21,22,23,7],[4,0,1,3],[0,0,1,7,3,5,6,3],[0,0,2,4,7,3,5,8,3],[0,0,4,3,2],[0,0,4,3,5,2],[5,0,1,2,2],[6,0,1,2],[7,0,1,2,3,4,5,6,1],[8,0,1,1],[10,0,1],[1,0,1,2,3,4,5,6,7,8,6],[12,0,1],[13,0,1,2,3,4,3],[14,0,1,2,3],[15,0,1,2,3,4,5,4]],[[[[9,"MainScene",null],[10,"Canvas","4f2n7+nJZAfJAydTHrIdjw",[-11,-12,-13,-14,-15,-16,-17,-18,-19,-20,-21,-22,-23],[[14,true,-1,[5,750,1334]],[15,45,-2],[16,-8,-7,-6,-5,-4,-3,29],[17,-9,[[0,100,"bullet",30],[0,100,"enemy",31],[0,30,"plant",32],[0,30,"laserbullet",33],[0,100,"burst",34],[0,200,"hitNumEffect",35],[0,100,"hitEffect",36]]],[18,-10]],[5,750,1334],[375,667,0,0,0,0,1,1,1,1]],[3,"a001",1,[-25,-26],[[2,-24,[19],20]],[5,103,18],[321.869,540.313,0,0,0,0,1,1,1,1]],[3,"a001",1,[-28,-29],[[2,-27,[25],26]],[5,103,18],[323.679,-359.66,0,0,0,0,1,1,-1,1]],[3,"a003",1,[-31],[[6,"armatureName","newAnimation",0,"075cf3c6-46c1-42ee-8ad9-9a33d60bec22#f1f4c157-7c5f-4080-9822-9534f886a52d",-30,[4],5,6]],[5,156,153],[-304.67,-341.334,0,0,0,0,1,1,1,1]],[3,"a003",1,[-33],[[6,"armatureName","newAnimation",0,"075cf3c6-46c1-42ee-8ad9-9a33d60bec22#f1f4c157-7c5f-4080-9822-9534f886a52d",-32,[9],10,11]],[5,156,153],[-315.229,517.494,0,0,0,0,1,1,1,1]],[11,"light",false,1,[-35],[[20,-34]],[5,100,30],[0,0,0.5]],[21,"New Node",false,[1],[0,0,0],[0,0,0,0,0,0,1,1,1,1]],[12,"Main Camera",1,[[22,7,-1,-36]]],[4,"BackgroundPVPPortrait",1,[[2,-37,[0],1]],[5,750,1750],[0,-15,0,0,0,0,1,1,1,1]],[5,"New Node",4,[[7,true,30,360,360,5,5,1,-100,-5,-30,-30,-10,-10,-180,-180,-38,[2],[4,4293545659],[4,0],[4,15419053],[4,0],[0,5,5],3]],[0.93,7.936,0,0,0,0,1,1,1,1]],[5,"New Node",5,[[7,true,30,360,360,5,5,1,-100,-5,-30,-30,-10,-10,-180,-180,-39,[7],[4,4293545659],[4,0],[4,15419053],[4,0],[0,5,5],8]],[0.93,7.936,0,0,0,0,1,1,1,1]],[1,"upparent",1],[1,"enemygroup",1],[1,"downparent",1],[1,"bulletgroup",1],[1,"effect",1],[4,"ani",6,[[19,"zhuxianjian","daiji1",0,"6cbb1844-3223-4141-999e-febf03095b69#daad90cc-f4e3-4c29-ac0d-36cd9657fd13",2,-40,[12],13,14]],[5,264.27824799999996,268],[131,0,0,0,0,0,1,1,1,1]],[4,"a002",2,[[2,-41,[15],16]],[5,108,53],[5.196,-30.833,0,0,0,0,1,1,1,1]],[5,"New Node",2,[[8,true,20,0.5,10,-100,-5,-42,[17],[4,4278255615],[4,0],[4,65535],[4,0],[0,50,0],18]],[2.79,-7.876,0,0,0,0,1,1,1,1]],[4,"a002",3,[[2,-43,[21],22]],[5,108,53],[5.196,-30.833,0,0,0,0,1,1,1,1]],[5,"New Node",3,[[8,true,20,0.5,10,100,5,-44,[23],[4,4278255615],[4,0],[4,65535],[4,0],[0,50,0],24]],[2.79,-7.876,0,0,0,0,1,1,1,1]],[13,"New Label",1,[[23,false,1,1,-45,[27],28]],[5,0,50.4]]],0,[0,0,1,0,0,1,0,5,16,0,6,15,0,7,12,0,8,14,0,9,13,0,0,1,0,0,1,0,0,1,0,-1,8,0,-2,9,0,-3,4,0,-4,5,0,-5,12,0,-6,13,0,-7,14,0,-8,15,0,-9,16,0,-10,6,0,-11,2,0,-12,3,0,-13,22,0,0,2,0,-1,18,0,-2,19,0,0,3,0,-1,20,0,-2,21,0,0,4,0,-1,10,0,0,5,0,-1,11,0,0,6,0,-1,17,0,0,8,0,0,9,0,0,10,0,0,11,0,0,17,0,0,18,0,0,19,0,0,20,0,0,21,0,0,22,0,10,7,1,11,7,45],[0,0,0,0,0,0,0,0,0,0,0,0,0,0,0,0,0,0,0,0,0,0,0,0,0,0,0,0,0,0,0,0,0,0,0,0,0],[-1,1,-1,1,-1,3,4,-1,1,-1,3,4,-1,3,4,-1,1,-1,1,-1,1,-1,1,-1,1,-1,1,-1,12,13,2,2,2,2,2,2,2],[0,7,0,1,0,2,3,0,1,0,2,3,0,8,9,0,4,0,5,0,6,0,4,0,5,0,6,0,10,11,12,13,14,15,16,17,18]],[[{"name":"sigleCirle","rect":[0,0,18,18],"offset":[0,0],"originalSize":[18,18],"capInsets":[0,0,0,0]}],[3],0,[0],[14],[19]]]]