[1,["0b4F79MghEdr2kTfJEdvHr"],0,[["sp.SkeletonData",["_name","_atlasText","textureNames","_skeletonJson","textures"],-1,3]],[[0,0,1,2,3,4,5]],[[0,"effect007","\r\neffect007.png\r\nsize: 185,84\r\nformat: RGBA8888\r\nfilter: Linear,Linear\r\nrepeat: none\r\n14/14\r\n  rotate: true\r\n  xy: 100, 2\r\n  size: 80, 83\r\n  orig: 100, 100\r\n  offset: 11, 9\r\n  index: -1\r\n14/141\r\n  rotate: true\r\n  xy: 2, 10\r\n  size: 72, 96\r\n  orig: 100, 100\r\n  offset: 13, 2\r\n  index: -1\r\n",["effect007.png"],{"skeleton":{"hash":"dv89FuuwAKyIbiQldHmAzK5/TNc","spine":"3.8.99","fps":24,"images":"D:/Work/植物大战僵尸2娘化版/动画/娘化版/打击特效/龙骨导出的spine资源/library","audio":"D:\\Work\\植物大战僵尸2娘化版\\动画\\娘化版\\打击特效\\龙骨导出的spine资源"},"bones":[{"name":"root"},{"name":"14","parent":"root"},{"name":"141","parent":"root","rotation":90}],"slots":[{"name":"14","bone":"14","attachment":"14/14","blend":"additive"},{"name":"141","bone":"141","attachment":"14/141","blend":"additive"}],"skins":[{"name":"default","attachments":{"14":{"14/14":{"width":100,"height":100}},"141":{"14/141":{"rotation":-90,"width":100,"height":100}}}}],"animations":{"newAnimation":{"slots":{"14":{"color":[{"color":"ffffff00"},{"time":0.0833,"color":"c4171aff"},{"time":0.2083,"color":"ffffffff"},{"time":0.2917,"color":"b8000000"}]},"141":{"color":[{"color":"ffffff00"},{"time":0.0417,"color":"bd000000"},{"time":0.125,"color":"ff3636ff"},{"time":0.5,"color":"ba000000"}]}},"bones":{"14":{"scale":[{"x":0.5,"y":0.5},{"time":0.0833},{"time":0.2917,"x":1.3,"y":1.3}]},"141":{"scale":[{"x":0.5,"y":0.5,"curve":"stepped"},{"time":0.0417,"x":0.5,"y":0.5},{"time":0.125,"x":1.2,"y":1.2},{"time":0.5,"x":1.6,"y":1.6}]}}}}},[0]]],0,0,[0],[-1],[0]]