[1,["ecpdLyjvZBwrvm+cedCcQy","caohSHbS5GEIzmwCrnMGn5","137b5eb28","5cO7kybDxGj4ipyMYdRYZB","65ybVT/JhNvbjVcDxJ07U+","5b2E3BaVNNzZPAk8+DkCbZ","11aX3SpyRCQ5Ea1ipmYGdA","fayNuCRs5OKqf+d/p0Fi4j","97RWUdbdhDf7PwmKzSu13g","35AWwDfGJD1Y9nlO1C+xZs","63HaUmZ3RNb78E7IJpsc5Z","2feRlJ3QNFh5DUZG3E5FSJ","36b4xODH1PiKLIo8tKE/nc","dadQ2zZntCQp4oUekYnXUp","3dpj4y9E5E0Y2/RgNn/KAN","26s19/ubRN3YKuQiaibIL7","bfzt63I6JCFYya7lGFFTRW","c1d5O3NIFGC6aNVDEkTUkj","21flzj5DZIfKS1/TaRgB7y"],["node","_spriteFrame","_N$font","_N$file","_textureSetter","_parent","_N$verticalScrollBar","root","title","zjCost","zjCdSpeed","zjDesc","zjDeathWord","zjSpecial","zjArea","zjPower","zjProp","cardScroll","shadow","plantAniNode","plantAniBg","zjTxtScroll","txtScroll","sunPrice","plantCD","bg2","bg1","special","plantProp","plantDesc","plantName","cardContent","data","cardPrefab"],[["cc.Node",["_name","_prefab","_components","_contentSize","_parent","_children","_trs","_anchorPoint","_color"],2,4,9,5,1,2,7,5,5],["cc.Sprite",["_sizeMode","_type","_isTrimmedMode","node","_materials","_spriteFrame"],0,1,3,6],["cc.Widget",["_alignFlags","_originalHeight","_left","alignMode","_right","_originalWidth","_top","_bottom","node"],-5,1],"cc.SpriteFrame",["cc.Node",["_name","_parent","_components","_prefab","_contentSize","_trs","_anchorPoint","_children","_color"],2,1,2,4,5,7,5,2,5],["cc.Label",["_string","_isSystemFontUsed","_N$verticalAlign","_fontSize","_lineHeight","_N$horizontalAlign","_N$overflow","node","_materials","_N$file"],-4,1,3,6],["cc.Node",["_name","_parent","_components","_prefab","_contentSize","_trs","_children","_anchorPoint","_color"],2,1,12,4,5,7,2,5,5],["cc.PrefabInfo",["fileId","root","asset"],2,1,1],["cc.Layout",["_resize","_N$layoutType","_N$paddingLeft","_N$paddingTop","_N$paddingBottom","_N$spacingX","_N$spacingY","node","_layoutSize"],-4,1,5],["cc.Prefab",["_name"],2],["cc.BlockInputEvents",["node"],3,1],["e34a1VvNv1H9J5Da8DtogW6",["node","cardContent","plantName","plantDesc","plantProp","special","bg1","bg2","plantCD","sunPrice","txtScroll","zjTxtScroll","plantAniBg","plantAniBgFrame","plantAniNode","shadow","cardScroll","zjProp","zjPower","zjArea","zjSpecial","zjDeathWord","zjDesc","zjCdSpeed","zjCost","title","cardPrefab"],3,1,1,1,1,1,1,1,1,1,1,1,1,1,3,1,1,1,1,1,1,1,1,1,1,1,1,6],["cc.Button",["_N$transition","node","clickEvents"],2,1,9],["cc.ClickEvent",["_componentId","handler","target"],1,1],["cc.LabelOutline",["_width","node","_color"],2,1,5],["cc.ScrollView",["horizontal","inertia","brake","bounceDuration","_N$horizontalScrollBar","node","_N$content"],-2,1,1],["cc.Mask",["_N$alphaThreshold","node","_materials"],2,1,3],["cc.Scrollbar",["_N$direction","node","_scrollView","_N$handle"],2,1,1,1],["cc.RichText",["_isSystemFontUsed","_N$string","_N$fontSize","_N$maxWidth","_N$lineHeight","node"],-2,1]],[[7,0,1,2,2],[4,0,1,2,3,4,6,5,2],[18,0,1,2,3,4,5,6],[0,0,4,2,1,3,6,2],[1,1,0,2,3,4,5,4],[4,0,1,2,3,8,4,5,2],[5,0,3,4,1,2,6,7,8,7],[0,0,4,5,2,1,3,6,2],[1,3,4,5,1],[0,0,4,5,2,1,3,7,2],[4,0,1,7,2,3,4,6,5,2],[6,0,1,6,2,3,4,7,5,2],[1,1,0,3,4,3],[15,0,1,2,3,4,5,6,6],[16,0,1,2,2],[17,0,1,2,3,2],[0,0,5,2,1,3,7,2],[0,0,4,2,1,3,2],[6,0,1,2,3,8,4,5,2],[2,3,0,2,1,8,5],[8,0,1,7,8,3],[12,0,1,2,2],[13,0,1,2,3],[14,0,1,2,2],[5,0,3,4,1,5,2,7,8,7],[5,0,1,5,2,7,8,9,5],[9,0,2],[0,0,5,2,1,3,6,2],[0,0,2,1,3,7,2],[0,0,4,5,1,6,2],[0,0,4,2,1,8,3,6,2],[0,0,4,2,1,8,3,2],[4,0,1,2,3,4,5,2],[2,0,8,2],[2,3,0,2,4,1,8,6],[2,0,5,1,8,4],[2,0,2,4,6,7,5,1,8,8],[10,0,1],[11,0,1,2,3,4,5,6,7,8,9,10,11,12,13,14,15,16,17,18,19,20,21,22,23,24,25,26,1],[7,1,2,1],[8,0,1,2,3,4,5,6,7,8,8],[1,1,0,3,4,5,3],[1,3,4,1],[1,0,2,3,4,5,3]],[[[{"name":"info_bg5","rect":[425,3,246,236],"offset":[0,0],"originalSize":[246,236],"capInsets":[0,0,0,0]}],[3],0,[0],[4],[2]],[[{"name":"info_bg2","rect":[425,245,246,236],"offset":[0,0],"originalSize":[246,236],"capInsets":[0,0,0,0]}],[3],0,[0],[4],[2]],[[[26,"PlantHandbookView"],[27,"PlantHandbookView",[-29,-30,-31,-32,-33,-34,-35,-36],[[33,45,-2],[37,-3],[38,-28,-27,-26,-25,-24,-23,-22,-21,-20,-19,-18,-17,-16,[43,44,45,46,47],-15,-14,-13,-12,-11,-10,-9,-8,-7,-6,-5,-4,42]],[39,-1,0],[5,1280,720],[640,360,0,0,0,0,1,1,1,1]],[16,"zjcontent",[-38,-39,-40,-41,-42,-43,-44,-45],[[20,1,2,-37,[5,410,649.04]]],[0,"1accW6JQZIPrG6vQApXT0e",1,0],[5,410,649.04],[0,0.5,1]],[16,"content",[-47,-48,-49,-50,-51,-52,-53],[[20,1,2,-46,[5,410,449.15999999999997]]],[0,"655c1tFuxH5JvIvzObdDbp",1,0],[5,410,449.15999999999997],[0,0.5,1]],[7,"info_bg",1,[-55,-56,-57,-58,-59,-60],[[4,1,0,false,-54,[24],25]],[0,"d9LTmGK7FCg6UUacYQ6CTM",1,0],[5,482,688],[297,9,0,0,0,0,1,1,1,1]],[7,"btn_close",1,[-63,-64],[[8,-61,[30],31],[21,3,-62,[[22,"e34a1VvNv1H9J5Da8DtogW6","clickClose",1]]]],[0,"9bLzjOe8JH2amTZxa4ESO8",1,0],[5,186,67],[449,-317,0,0,0,0,1,1,1,0]],[10,"PlantCardScroll",1,[-66,-67,-68],[-65],[0,"8aemyw7pBB0LT5oa63bBJO",1,0],[5,564,545],[0,0.5,1],[-258,236,0,0,0,0,1,1,1,1]],[7,"tittle_bg",1,[-70,-71],[[4,1,0,false,-69,[7],8]],[0,"1a2929CihAJLxj3cKcbrca",1,0],[5,598,94],[-255,308,0,0,0,0,1,1,1,1]],[10,"DescScrollView",4,[-73,-74],[-72],[0,"6bZ5l4AG9HZ4rNeXftQix6",1,0],[5,410,250],[0,0.5,1],[0,-25,0,0,0,0,1,1,1,1]],[11,"scrollBar",8,[-77],[[-75,[19,0,37,350.07654921020657,237,-76]],1,4],[0,"99MejnLn5FxrhbJKHQj0gu",1,0],[5,12,250],[0,1,0.5],[205,-125,0,0,0,0,1,1,1,1]],[10,"ZjDescScrollView",4,[-79,-80],[-78],[0,"14aQ2gNQNONIcvO/FLMnBW",1,0],[5,410,250],[0,0.5,1],[0,-25,0,0,0,0,1,1,1,1]],[11,"scrollBar",10,[-83],[[-81,[19,0,37,350.07654921020657,237,-82]],1,4],[0,"0eS1wjRkFIo5d7V+plhCH0",1,0],[5,12,250],[0,1,0.5],[205,-125,0,0,0,0,1,1,1,1]],[7,"btn_back",1,[-86],[[8,-84,[34],35],[21,3,-85,[[22,"e34a1VvNv1H9J5Da8DtogW6","clickBack",1]]]],[0,"c2toqnYINA+I0gLcGIB/cQ",1,0],[5,186,67],[146,-317,0,0,0,0,1,1,1,0]],[11,"scrollBar",6,[-89],[[-87,[34,0,37,350.07654921020657,-20,237,-88]],1,4],[0,"84ybVNgAxAM7Z5dWaZ8HS+",1,0],[5,12,545],[0,1,0.5],[302,-272.5,0,0,0,0,1,1,1,1]],[28,"content",[[40,1,3,3,-68,50,4,8,-90,[5,564,132]]],[0,"3a8u8t32tPs7RPie43E+Su",1,0],[5,564,132],[0,0.5,1]],[17,"new_plant_bg",1,[[41,1,0,-91,[0],1],[35,45,149,142,-92]],[0,"adtyGvry9DJoPGcujyc5/A",1,0],[5,1280,720]],[17,"new_plant_bg2",1,[[4,1,0,false,-93,[2],3],[36,45,35,35,20,20,70,62,-94]],[0,"bby9bmoaZGQpep61xMEmvr",1,0],[5,1210,680]],[18,"tittle",7,[[-95,[23,2,-96,[4,4278596427]]],1,4],[0,"d7I8sJF/xK6r1J5B9gsYc8",1,0],[4,4280135167],[5,250.31,64.47999999999999],[-5,3,0,0,0,0,1,1,1,1]],[18,"name",4,[[-97,[23,2,-98,[4,4278596427]]],1,4],[0,"41ChIhb5RHDY67vGBpv8lB",1,0],[4,4280135167],[5,144,53.14],[-6,312,0,0,0,0,1,1,1,1]],[13,false,false,0.75,0.23,null,8,3],[9,"view",8,[3],[[14,0,-99,[16]]],[0,"945NwXsXREiqBIwEIX77kU",1,0],[5,410,250],[0,0.5,1]],[13,false,false,0.75,0.23,null,10,2],[9,"view",10,[2],[[14,0,-100,[21]]],[0,"d72ybQCbJA8r0W7E/StEwV",1,0],[5,410,250],[0,0.5,1]],[13,false,false,0.75,0.23,null,6,14],[9,"view",6,[14],[[14,0,-101,[37]]],[0,"04dt8ZCCpHpY0VOKBNj3gx",1,0],[5,564,545],[0,0.5,1]],[29,"plantNode",1,[-102],[0,"a8z7jhRGlERoF75Zj7+ipt",1,0],[292,120,0,0,0,0,1,1,1,1]],[3,"shadow_new",25,[[8,-103,[40],41]],[0,"69cG/4aftIDqO8DrOWkf0H",1,0],[5,74,37],[0,-5,0,0,0,0,1,1,1,1]],[3,"common_bg",7,[[4,1,0,false,-104,[4],5]],[0,"07fOyn9E9C1LNMAV/+Oc1i",1,0],[5,564,61],[-1,1,0,0,0,0,1,1,1,1]],[24,"大图鉴-植物",44,48,false,1,1,17,[6]],[3,"common_bg",4,[[4,1,0,false,-105,[9],10]],[0,"7fXKiuI7JAEri624l+RIJY",1,0],[5,292,276],[-6,146,0,0,0,0,1,1,1,1]],[32,"info_bg",4,[-106],[0,"c35g6B++BM9IkcEn2Tl5wC",1,0],[5,246,236],[-5,144,0,0,0,0,1,1,1,1]],[42,30,[11]],[24,"豌豆射手",35,39,false,1,1,18,[12]],[3,"plant_desc_bg",4,[[4,1,0,false,-107,[13],14]],[0,"a0nEeNqrVEPr1lYqzL6Zod",1,0],[5,436,279],[0,-152,0,0,0,0,1,1,1,1]],[1,"bar",9,[-108],[0,"923srNPrFEza/ye0WRPo3s",1,0],[5,10,30],[0,1,0],[-1,0,0,0,0,0,1,1,1,1]],[12,1,0,34,[15]],[15,1,9,19,35],[5,"desc",3,[-109],[0,"27L4xIFqJPxpIuEt5AGkKJ",1,0],[4,4285150504],[5,380,85.88],[-6,-42.94,0,0,0,0,1,1,1,1]],[6,"豌豆射手，你的第一道防线，发射豌豆攻击僵尸。",33,38,false,1,3,37,[17]],[1,"prop",3,[-110],[0,"cclj3jI4BA1ZBRPsMfViGN",1,0],[5,380,47.88],[0,0,0.5],[-196,-109.82,0,0,0,0,1,1,1,1]],[2,false,"<color=#aa582b>伤害：</c><color=#e6300d>巨大</color>",33,380,38,39],[1,"special",3,[-111],[0,"1ddkRe5Q1DG5HBYIxh1uAq",1,0],[5,380,47.88],[0,0,0.5],[-196,-157.7,0,0,0,0,1,1,1,1]],[2,false,"<color=#953C9F>白天要睡觉</c>",33,380,38,41],[5,"bg1",3,[-112],[0,"c2pbAGzudBxq1FqjmEtjnc",1,0],[4,4281030826],[5,380,85.88],[-6,-224.57999999999998,0,0,0,0,1,1,1,1]],[6,"豌豆射手，你的第一道防线，发射豌豆攻击僵尸。",33,38,false,1,3,43,[18]],[5,"bg2",3,[-113],[0,"08Tb/WiP5HRYYa0Tt93hBW",1,0],[4,4279054566],[5,380,85.88],[-6,-310.46,0,0,0,0,1,1,1,1]],[6,"豌豆射手，你的第一道防线，发射豌豆攻击僵尸。",33,38,false,1,3,45,[19]],[1,"cd",3,[-114],[0,"ad838J+jlC2bNgIdKjgre8",1,0],[5,380,47.88],[0,0,0.5],[-196,-377.34,0,0,0,0,1,1,1,1]],[2,false,"<color=#aa582b>恢复时间：</c><color=#e6300d>短</color>",33,380,38,47],[1,"price",3,[-115],[0,"c5q85X1C9DIIJqhQzQDom0",1,0],[5,380,47.88],[0,0,0.5],[-196,-425.21999999999997,0,0,0,0,1,1,1,1]],[2,false,"<color=#aa582b>消耗阳光：</c><color=#e6300d>0</color>",33,380,38,49],[1,"bar",11,[-116],[0,"d1SXPARyhHYYDlaMlDiHUY",1,0],[5,10,30],[0,1,0],[-1,0,0,0,0,0,1,1,1,1]],[12,1,0,51,[20]],[15,1,11,21,52],[5,"prop",2,[-117],[0,"10BBz/0lhAp7Z4R0zKD+CD",1,0],[4,4285150504],[5,380,85.88],[-6,-42.94,0,0,0,0,1,1,1,1]],[6,"冰冻坚果能发射子弹，还能冻结僵尸。",33,38,false,1,3,54,[22]],[1,"power",2,[-118],[0,"b49gjiEtFBYIkmfp4FSb80",1,0],[5,380,47.88],[0,0,0.5],[-196,-109.82,0,0,0,0,1,1,1,1]],[2,false,"<color=#aa582b>威力：</c><color=#e6300d>20X2/1.5秒</color>",33,380,38,56],[1,"area",2,[-119],[0,"c3E0+q41NIwKdEnP0DvN2o",1,0],[5,380,47.88],[0,0,0.5],[-196,-157.7,0,0,0,0,1,1,1,1]],[2,false,"<color=#aa582b>范围：</c><color=#e6300d>前方一行</color>",33,380,38,58],[1,"special",2,[-120],[0,"e2L/g1+k1Dyb15CxOm//5P",1,0],[5,380,123.88],[0,0,0.5],[-196,-243.57999999999998,0,0,0,0,1,1,1,1]],[2,false,"<color=#aa582b>特点: </c><color=#e6300d>每1.5秒发射2枚寒冰子弹。对啃咬他的僵尸造成减速和每秒20伤害</color>",33,380,38,60],[1,"deathWord",2,[-121],[0,"b7hrbwSpJPhrdOkiT+7VzH",1,0],[5,380,85.88],[0,0,0.5],[-196,-348.46,0,0,0,0,1,1,1,1]],[2,false,"<color=#e6300d>亡语: </c><color=#e6300d>冻结3*3范围内的所有僵尸3秒和20秒减速。</color>",33,380,38,62],[5,"desc",2,[-122],[0,"cbcoLMCdREVJYcnc8g22C+",1,0],[4,4281030826],[5,380,161.88],[-6,-472.34,0,0,0,0,1,1,1,1]],[6,"坚果在冰箱出来后，赶紧多穿了几件衣服，但让他没想到的是：衣服也被冻住了……",33,38,false,1,3,64,[23]],[1,"speed",2,[-123],[0,"6cdcrCSoJBOo8Cu6Su8YWc",1,0],[5,380,47.88],[0,0,0.5],[-196,-577.22,0,0,0,0,1,1,1,1]],[2,false,"<color=#aa582b>冷却速度: </c><color=#e6300d>中等</color>",33,380,38,66],[1,"price",2,[-124],[0,"02Hpr8neVMDLsaS5IvuvCe",1,0],[5,380,47.88],[0,0,0.5],[-196,-625.1000000000001,0,0,0,0,1,1,1,1]],[2,false,"<color=#aa582b>消耗阳光: </c><color=#e6300d>150</color>",33,380,38,68],[30,"txt",5,[[25,"关闭",false,1,1,-125,[26],27]],[0,"70IqwV2YNJJaebja+H3Qy1",1,0],[4,4285150504],[5,80,50.4],[-29,0,0,0,0,0,1,1,1,1]],[3,"btn_close",5,[[8,-126,[28],29]],[0,"628sQUm6lJZKVlMaM8vJBk",1,0],[5,88,82],[51,0,0,0,0,0,1,0.55,0.55,1]],[31,"txt",12,[[25,"返回",false,1,1,-127,[32],33]],[0,"37Bdf36p9CwIMJecLaI6Vv",1,0],[4,4285150504],[5,80,50.4]],[1,"bar",13,[-128],[0,"cbY0UyqoRCNqWEO/usgcDv",1,0],[5,10,30],[0,1,0],[-1,0,0,0,0,0,1,1,1,1]],[12,1,0,73,[36]],[15,1,13,23,74],[3,"mask",6,[[43,0,false,-129,[38],39]],[0,"c9sSZWHtFLnostn6xia+hP",1,0],[5,600,35],[0,-548,0,0,0,0,1,1,1,1]]],0,[0,7,1,0,0,1,0,0,1,0,8,28,0,9,69,0,10,67,0,11,65,0,12,63,0,13,61,0,14,59,0,15,57,0,16,55,0,17,23,0,18,26,0,19,25,0,20,31,0,21,21,0,22,19,0,23,50,0,24,48,0,25,46,0,26,44,0,27,42,0,28,40,0,29,38,0,30,32,0,31,14,0,0,1,0,-1,15,0,-2,16,0,-3,7,0,-4,4,0,-5,5,0,-6,12,0,-7,6,0,-8,25,0,0,2,0,-1,54,0,-2,56,0,-3,58,0,-4,60,0,-5,62,0,-6,64,0,-7,66,0,-8,68,0,0,3,0,-1,37,0,-2,39,0,-3,41,0,-4,43,0,-5,45,0,-6,47,0,-7,49,0,0,4,0,-1,29,0,-2,30,0,-3,18,0,-4,33,0,-5,8,0,-6,10,0,0,5,0,0,5,0,-1,70,0,-2,71,0,-1,23,0,-1,13,0,-2,24,0,-3,76,0,0,7,0,-1,27,0,-2,17,0,-1,19,0,-1,9,0,-2,20,0,-1,36,0,0,9,0,-1,34,0,-1,21,0,-1,11,0,-2,22,0,-1,53,0,0,11,0,-1,51,0,0,12,0,0,12,0,-1,72,0,-1,75,0,0,13,0,-1,73,0,0,14,0,0,15,0,0,15,0,0,16,0,0,16,0,-1,28,0,0,17,0,-1,32,0,0,18,0,0,20,0,0,22,0,0,24,0,-1,26,0,0,26,0,0,27,0,0,29,0,-1,31,0,0,33,0,-1,35,0,-1,38,0,-1,40,0,-1,42,0,-1,44,0,-1,46,0,-1,48,0,-1,50,0,-1,52,0,-1,55,0,-1,57,0,-1,59,0,-1,61,0,-1,63,0,-1,65,0,-1,67,0,-1,69,0,0,70,0,0,71,0,0,72,0,-1,74,0,0,76,0,32,1,2,5,22,3,5,20,14,5,24,19,6,36,21,6,53,23,6,75,129],[0,0,0,0,0,0,0,0,0,0,0,0,0,0,0,0,0,0,0,0,0,0,0,0,0,0,0,0,0,0,0,0,0,0,0,0,0,0,0,0,0,0,0,0,0,0,0,0,28,31,32,35,38,40,42,44,46,48,50,52,55,57,59,61,63,65,67,69,74],[-1,1,-1,1,-1,1,-1,-1,1,-1,1,-1,-1,-1,1,-1,-1,-1,-1,-1,-1,-1,-1,-1,-1,1,-1,3,-1,1,-1,1,-1,3,-1,1,-1,-1,-1,1,-1,1,33,-1,-2,-3,-4,-5,3,1,3,1,3,2,2,3,3,2,2,1,3,2,2,2,2,3,2,2,1],[0,8,0,9,0,4,0,0,5,0,4,0,0,0,10,0,0,0,0,0,0,0,0,0,0,5,0,1,0,11,0,6,0,1,0,6,0,0,0,12,0,13,14,7,15,16,17,18,1,7,1,3,1,1,1,1,1,1,1,3,1,1,1,1,1,1,1,1,3]],[[{"name":"info_bg3","rect":[127,292,246,236],"offset":[0,0],"originalSize":[246,236],"capInsets":[0,0,0,0]}],[3],0,[0],[4],[2]],[[{"name":"info_bg4","rect":[379,487,246,236],"offset":[0,0],"originalSize":[246,236],"capInsets":[0,0,0,0]}],[3],0,[0],[4],[2]]]]