[1,["19e3e59c0","ecpdLyjvZBwrvm+cedCcQy","70xStdqQdAZpXljI3ckhEP"],["node","_textureSetter","root","data","_spriteFrame"],[["cc.Node",["_name","_opacity","_components","_prefab","_trs","_children","_parent","_contentSize"],1,9,4,7,2,1,5],["cc.PrefabInfo",["fileId","root","asset"],2,1,1],"cc.SpriteFrame",["cc.Prefab",["_name"],2],["68b4f/6l2NC8IeaIP9jO6rZ",["node"],3,1],["cc.Sprite",["node","_materials","_spriteFrame"],3,1,3,6]],[[3,0,2],[0,0,1,5,2,3,4,3],[0,0,6,2,3,7,4,2],[4,0,1],[1,1,2,1],[1,0,1,2,2],[5,0,1,2,1]],[[[{"name":"startFruitImg","rect":[906,616,91,77],"offset":[1.5,-1.5],"originalSize":[108,104],"capInsets":[0,0,0,0]}],[2],0,[0],[1],[0]],[[[0,"StarFruitShadow"],[1,"StarFruitShadow",120,[-3],[[3,-2]],[4,-1,0],[-494,-293,0,0,0,0,1,1,1,1]],[2,"startFruitImg",1,[[6,-4,[0],1]],[5,"05lrCEEU9J14wmp7wn6quR",1,0],[5,91,77],[-4.792,20.64,0,0,0,0,1,1,1,1]]],0,[0,2,1,0,0,1,0,-1,2,0,0,2,0,3,1,4],[0,0],[-1,4],[1,2]]]]