[1,["76r2+R/xdE/K8bAgI3u6d2","ecpdLyjvZBwrvm+cedCcQy","e8mNMhMJ9KxpkuLbooCIdJ","1c50af12d","1930e3dc6"],["_textureSetter","root","hole","node","data","_spriteFrame"],["cc.SpriteFrame",["cc.PrefabInfo",["fileId","root","asset"],2,1,1],["cc.Prefab",["_name"],2],["cc.Node",["_name","_children","_components","_prefab"],2,2,9,4],["cc.Node",["_name","_parent","_components","_prefab","_contentSize"],2,1,2,4,5],["793d73TCaNGDazKre3AVRaZ",["node","hole","holeFrames"],3,1,1,3],["cc.Sprite",["node","_materials"],3,1,3]],[[2,0,2],[3,0,1,2,3,2],[4,0,1,2,3,4,2],[5,0,1,2,1],[1,1,2,1],[1,0,1,2,2],[6,0,1,1]],[[[[0,"GoldHoleEffect"],[1,"GoldHoleEffect",[-4],[[3,-3,-2,[1,2]]],[4,-1,0]],[2,"hole",1,[-5],[5,"41DmPF/h1FSJ/LmawE2Ja4",1,0],[5,131,104]],[6,2,[0]]],0,[0,1,1,0,2,3,0,3,1,0,-1,2,0,-1,3,0,4,1,5],[0,0,0,3],[-1,-1,-2,5],[1,0,2,0]],[[{"name":"gold_hole_1","rect":[3,304,131,104],"offset":[0,0],"originalSize":[131,104],"rotated":1,"capInsets":[0,0,0,0]}],[0],0,[0],[0],[3]],[[{"name":"gold_hole_2","rect":[102,895,124,93],"offset":[0,0],"originalSize":[124,93],"rotated":1,"capInsets":[0,0,0,0]}],[0],0,[0],[0],[4]]]]