[1,["ee4BH2wRJFY6H7NXasqtqY"],0,[["sp.SkeletonData",["_name","_atlasText","textureNames","_skeletonJson","textures"],-1,3]],[[0,0,1,2,3,4,5]],[[0,"n08_jiguangdou","\r\nn08_jiguangdou.png\r\nsize: 240,107\r\nformat: RGBA8888\r\nfilter: Linear,Linear\r\nrepeat: none\r\nGlow05\r\n  rotate: false\r\n  xy: 195, 38\r\n  size: 32, 32\r\n  orig: 38, 38\r\n  offset: 3, 3\r\n  index: -1\r\njiguangdou/tianxian\r\n  rotate: false\r\n  xy: 127, 23\r\n  size: 32, 41\r\n  orig: 32, 41\r\n  offset: 0, 0\r\n  index: -1\r\njiguangdou/yanjing0\r\n  rotate: false\r\n  xy: 161, 31\r\n  size: 32, 33\r\n  orig: 32, 33\r\n  offset: 0, 0\r\n  index: -1\r\njiguangdou/yanjing1\r\n  rotate: false\r\n  xy: 127, 66\r\n  size: 38, 39\r\n  orig: 38, 39\r\n  offset: 0, 0\r\n  index: -1\r\njiguangdou/yanpi1\r\n  rotate: true\r\n  xy: 201, 74\r\n  size: 31, 22\r\n  orig: 31, 22\r\n  offset: 0, 0\r\n  index: -1\r\njiguangdou/yanpi11\r\n  rotate: false\r\n  xy: 187, 2\r\n  size: 32, 27\r\n  orig: 32, 27\r\n  offset: 0, 0\r\n  index: -1\r\njiguangdou/yanpi2\r\n  rotate: false\r\n  xy: 167, 72\r\n  size: 32, 33\r\n  orig: 32, 33\r\n  offset: 0, 0\r\n  index: -1\r\njiguangdou/嘴1\r\n  rotate: true\r\n  xy: 225, 82\r\n  size: 23, 13\r\n  orig: 23, 13\r\n  offset: 0, 0\r\n  index: -1\r\njiguangdou/嘴2\r\n  rotate: true\r\n  xy: 221, 17\r\n  size: 19, 14\r\n  orig: 19, 14\r\n  offset: 0, 0\r\n  index: -1\r\njiguangdou/眉\r\n  rotate: false\r\n  xy: 127, 5\r\n  size: 58, 16\r\n  orig: 58, 16\r\n  offset: 0, 0\r\n  index: -1\r\njiguangdou/身体\r\n  rotate: true\r\n  xy: 2, 8\r\n  size: 97, 123\r\n  orig: 97, 123\r\n  offset: 0, 0\r\n  index: -1\r\n",["n08_jiguangdou.png"],{"skeleton":{"hash":"iErl6DmALNDyB+niZJRQrrF/Q+g","spine":"3.8.99","x":-29.82,"y":-2.31,"width":59.06,"height":91.42,"fps":24,"images":"./library/","audio":"D:/Work/植物大战僵尸2娘化版/动画/娘化版/普通植物/龙骨导出的spine资源/n08_jiguangdou"},"bones":[{"name":"root","x":-0.29,"y":-2.31,"scaleX":0.1828,"scaleY":0.1828},{"name":"Glow05","parent":"root","x":34.45,"y":297.48},{"name":"bone","parent":"root","x":41,"y":-2.3},{"name":"Glow051","parent":"root","x":-39.27,"y":197.66},{"name":"Glow0511","parent":"root","x":-39.27,"y":197.66},{"name":"身体","parent":"bone","length":385,"rotation":106.89,"x":0.7,"y":14},{"name":"tianxian","parent":"身体","length":121,"rotation":17.28,"x":392.59,"y":1.42},{"name":"嘴1","parent":"身体","x":218.06,"y":-40.6},{"name":"眉","parent":"身体","x":323.15,"y":-91.52},{"name":"yanjing0","parent":"身体","x":297.22,"y":-22.72},{"name":"yanpi11","parent":"yanjing0","rotation":-106.89,"x":45.23,"y":-6.01,"scaleX":1.04},{"name":"yanpi1","parent":"yanjing0","rotation":-106.89,"x":20.33,"y":-85.22}],"slots":[{"name":"tianxian","bone":"tianxian","attachment":"jiguangdou/tianxian"},{"name":"身体","bone":"身体","attachment":"jiguangdou/身体"},{"name":"嘴1","bone":"嘴1","attachment":"jiguangdou/嘴2"},{"name":"yanpi1","bone":"yanpi1","attachment":"jiguangdou/yanpi11"},{"name":"yanjing0","bone":"yanjing0","attachment":"jiguangdou/yanjing0"},{"name":"yanpi11","bone":"yanpi11","attachment":"jiguangdou/yanpi11"},{"name":"yanjing01","bone":"yanjing0","attachment":"jiguangdou/yanjing0"},{"name":"眉","bone":"眉","attachment":"jiguangdou/眉"},{"name":"Glow05","bone":"Glow05","color":"36f2ffff","attachment":"Glow05","blend":"additive"},{"name":"Glow051","bone":"Glow051","color":"36f2ffff","attachment":"Glow05"},{"name":"Glow0511","bone":"Glow0511","color":"36f2ffff","attachment":"Glow05"},{"name":"Glow052","bone":"Glow05","color":"36f2ffff","attachment":"Glow05","blend":"additive"}],"skins":[{"name":"default","attachments":{"Glow05":{"Glow05":{"width":125,"height":125}},"Glow051":{"Glow05":{"x":4.9,"y":17.49,"width":125,"height":125}},"Glow052":{"Glow05":{"width":125,"height":125}},"Glow0511":{"Glow05":{"x":4.9,"y":17.49,"width":125,"height":125}},"tianxian":{"jiguangdou/tianxian":{"x":54.31,"y":1.57,"rotation":-124.17,"width":108,"height":138}},"yanjing0":{"jiguangdou/yanjing0":{"x":-16.73,"y":-78.18,"rotation":-108.89,"width":106,"height":109},"jiguangdou/yanjing1":{"x":-24,"y":-77,"rotation":-109,"width":127,"height":131}},"yanjing01":{"jiguangdou/yanjing0":{"x":3,"rotation":-106.89,"width":106,"height":109},"jiguangdou/yanjing1":{"x":3,"rotation":-106.89,"width":127,"height":131}},"yanpi1":{"jiguangdou/yanpi1":{"x":4.32,"y":-23.5,"width":102,"height":73},"jiguangdou/yanpi2":{"x":2.53,"y":-42.12,"width":106,"height":109},"jiguangdou/yanpi11":{"x":2.63,"y":-32.06,"rotation":-10.47,"width":106,"height":91}},"yanpi11":{"jiguangdou/yanpi1":{"x":4.32,"y":-23.5,"width":102,"height":73},"jiguangdou/yanpi2":{"x":2.53,"y":-42.12,"width":106,"height":109},"jiguangdou/yanpi11":{"x":6.9,"y":-32.06,"rotation":-8.64,"width":106,"height":91}},"嘴1":{"jiguangdou/嘴1":{"x":-9.49,"y":8.84,"rotation":-106.89,"width":78,"height":43},"jiguangdou/嘴2":{"x":-5.68,"y":2.46,"scaleY":0.8,"rotation":-106.89,"width":64,"height":46}},"眉":{"jiguangdou/眉":{"x":11.98,"y":11.93,"rotation":-106.89,"width":194,"height":53}},"身体":{"jiguangdou/身体":{"x":197.56,"y":-16.4,"rotation":-106.89,"width":323,"height":411}}}}],"events":{"gongji":{}},"animations":{"daiji":{"slots":{"Glow05":{"color":[{"color":"36f2ff00"}]},"Glow051":{"color":[{"color":"36f2ff00"}]},"Glow052":{"color":[{"color":"36f2ff00"}]},"Glow0511":{"color":[{"color":"36f2ff00"}]},"yanpi1":{"attachment":[{"name":null},{"time":0.5417,"name":"jiguangdou/yanpi11"},{"time":0.5833,"name":"jiguangdou/yanpi2"},{"time":0.7083,"name":"jiguangdou/yanpi1"},{"time":0.75,"name":null},{"time":0.9167,"name":"jiguangdou/yanpi11"},{"time":0.9583,"name":"jiguangdou/yanpi2"},{"time":1.0417,"name":"jiguangdou/yanpi1"},{"time":1.0833,"name":null}]},"yanpi11":{"attachment":[{"name":null},{"time":0.5417,"name":"jiguangdou/yanpi11"},{"time":0.5833,"name":"jiguangdou/yanpi2"},{"time":0.7083,"name":"jiguangdou/yanpi1"},{"time":0.75,"name":null},{"time":0.9167,"name":"jiguangdou/yanpi11"},{"time":0.9583,"name":"jiguangdou/yanpi2"},{"time":1.0417,"name":"jiguangdou/yanpi1"},{"time":1.0833,"name":null}]},"嘴1":{"attachment":[{"name":"jiguangdou/嘴1"}]}},"bones":{"身体":{"scale":[{},{"time":0.6667,"x":1.1},{"time":1.3333}]},"tianxian":{"rotate":[{"angle":8.12},{"time":0.2083,"angle":14.74},{"time":0.8333,"angle":0.12},{"time":1.3333,"angle":8.12}]}},"drawOrder":[{"offsets":[{"slot":"yanpi1","offset":2},{"slot":"yanpi11","offset":1}]}]},"gongji":{"slots":{"Glow05":{"color":[{"color":"ffffff00"},{"time":0.125,"color":"36f2ff00"},{"time":0.2083,"color":"36f2ffff","curve":"stepped"},{"time":0.3333,"color":"36f2ffff"},{"time":0.5833,"color":"36f2ff00"}]},"Glow051":{"color":[{"color":"ffffff00"},{"time":0.125,"color":"36f2ff00"},{"time":0.2083,"color":"36f2ffff","curve":"stepped"},{"time":0.5,"color":"36f2ffff"},{"time":0.6667,"color":"36f2ff00"}]},"Glow052":{"color":[{"color":"ffffff00"},{"time":0.125,"color":"36f2ff00"},{"time":0.2083,"color":"36f2ffff","curve":"stepped"},{"time":0.3333,"color":"36f2ffff"},{"time":0.5833,"color":"36f2ff00"}]},"Glow0511":{"color":[{"color":"ffffff00"},{"time":0.125,"color":"36f2ff00"},{"time":0.2083,"color":"36f2ffff"},{"time":0.6667,"color":"36f2ff00"}]},"yanjing0":{"attachment":[{"time":0.2083,"name":"jiguangdou/yanjing1"},{"time":0.5417,"name":"jiguangdou/yanjing0"}]},"yanjing01":{"attachment":[{"time":0.2083,"name":"jiguangdou/yanjing1"},{"time":0.5417,"name":"jiguangdou/yanjing0"}]},"yanpi1":{"attachment":[{"name":null}]},"yanpi11":{"attachment":[{"name":null}]}},"bones":{"Glow05":{"translate":[{"x":-50.14,"y":12.72}],"scale":[{},{"time":0.125,"y":0.5},{"time":0.2083,"x":6},{"time":0.5833,"x":7,"y":0.5}]},"Glow051":{"translate":[{"x":-50.14,"y":12.72},{"time":0.125,"x":42.17,"y":65.3},{"time":0.2083,"x":-50.34,"y":25.74},{"time":0.6667,"x":-89.88,"y":-10.42}],"scale":[{},{"time":0.125,"x":0.5,"y":0.5},{"time":0.2083,"x":1.5,"y":1.5},{"time":0.6667,"x":2,"y":2}]},"Glow0511":{"translate":[{"x":-50.14,"y":12.72},{"time":0.125,"x":114.9,"y":105.38},{"time":0.2083,"x":137.38,"y":124.4},{"time":0.3333,"x":173.31,"y":121.9},{"time":0.6667,"x":205.07,"y":111.74}],"scale":[{},{"time":0.125,"x":0.5,"y":0.5},{"time":0.2083}]},"身体":{"rotate":[{},{"time":0.125,"angle":-6.02},{"time":0.2083,"angle":6.85},{"time":0.4167,"angle":8.66},{"time":0.5417}],"scale":[{},{"time":0.125,"x":0.95,"y":1.05},{"time":0.2083,"x":1.1,"y":0.95,"curve":"stepped"},{"time":0.4167,"x":1.1,"y":0.95},{"time":0.5417}]},"眉":{"translate":[{},{"time":0.125,"x":-0.65,"y":1.22},{"time":0.2083,"x":-11.38,"y":5.9,"curve":"stepped"},{"time":0.4167,"x":-11.38,"y":5.9},{"time":0.5417}],"scale":[{},{"time":0.2083,"x":1.2,"y":1.1},{"time":0.5417}]},"tianxian":{"rotate":[{"angle":8.12},{"time":0.125,"angle":-16.67},{"time":0.2083,"angle":21.39},{"time":0.4167,"angle":31.21},{"time":0.5417,"angle":8.12}]},"嘴1":{"rotate":[{},{"time":0.2083,"angle":-3.29},{"time":0.5417}],"scale":[{},{"time":0.125,"x":0.95,"y":0.5},{"time":0.2083,"y":1.5,"curve":"stepped"},{"time":0.4167,"y":1.5},{"time":0.5417}]}},"events":[{"time":0.25,"name":"gongji"}]}}},[0]]],0,0,[0],[-1],[0]]