[1,["ecpdLyjvZBwrvm+cedCcQy","6c4suFwQpNQbg80/iG7Tvd","5dxeCBrPdDKpnNer4LjTJF","08wVP1Ww1IDa2Yf2BpK0lH","bct/ggQdZI56v41s+xKzVE","a4pyTM8QNBLq2xj6VncLvw"],["node","_N$dragonAsset","_N$dragonAtlasAsset","root","deadAni","ani","secEffect","frozenEffect","huribleEffect","slowEffect","hpLabel","dizzEffect","poisonEffect","data","_N$file"],[["cc.Node",["_name","_active","_parent","_components","_prefab","_contentSize","_trs"],1,1,2,4,5,7],["dragonBones.ArmatureDisplay",["_armatureName","_preCacheMode","_armatureKey","_animationName","node","_materials","_N$dragonAsset","_N$dragonAtlasAsset"],-1,1,3,6,6],["cc.Node",["_name","_groupIndex","_active","_components","_prefab","_contentSize","_trs","_children","_parent"],0,9,4,5,7,2,1],["cc.PrefabInfo",["fileId","root"],2,1],["cc.Label",["_string","_N$horizontalAlign","_N$verticalAlign","_fontSize","_isSystemFontUsed","_styleFlags","node","_materials"],-3,1,3],["dragonBones.DragonBonesAsset",["_name","_dragonBonesJson"],1],["cc.Prefab",["_name"],2],["cc.Node",["_name","_groupIndex","_parent","_components","_prefab","_contentSize","_trs"],1,1,12,4,5,7],["13203NKMlNPGZGYuOhzN0+e",["speed","dir","node","poisonEffect","dizzEffect","hpLabel","slowEffect","huribleEffect","frozenEffect","secEffect","ani","deadAni"],1,1,1,1,1,1,1,1,1,1,1],["cc.CircleCollider",["_radius","node","_offset"],2,1,5],["cc.LabelOutline",["node","_color"],3,1,5]],[[3,0,1,2],[2,0,2,8,3,4,5,6,3],[1,0,3,1,2,4,5,6,7,5],[4,0,1,2,6,7,4],[5,0,1,3],[6,0,2],[2,0,1,7,3,4,5,6,3],[7,0,1,2,3,4,5,6,3],[0,0,2,3,4,5,6,2],[0,0,1,2,3,4,5,6,3],[0,0,1,2,3,4,5,3],[8,0,1,2,3,4,5,6,7,8,9,10,11,3],[9,0,1,2,2],[3,1,1],[1,0,3,1,2,4,5,5],[1,0,1,2,4,5,4],[4,0,3,4,5,1,2,6,7,7],[10,0,1,1]],[[[[4,"TaiYangShengJiangShi_ske","{\"frameRate\":24,\"name\":\"TaiYangShengJiangShi\",\"version\":\"5.5\",\"compatibleVersion\":\"5.5\",\"armature\":[{\"type\":\"Armature\",\"frameRate\":24,\"name\":\"JiangShi\",\"aabb\":{\"x\":-73.15,\"y\":-109.95,\"width\":108.99,\"height\":115.08},\"bone\":[{\"name\":\"root\"},{\"name\":\"bone1\",\"parent\":\"root\"},{\"length\":3.5000000000000004,\"name\":\"臂膀1\",\"parent\":\"bone1\",\"transform\":{\"x\":14.917007000000002,\"y\":-45.087700000000005,\"skX\":165.8879,\"skY\":165.8879}},{\"length\":3.5000000000000004,\"name\":\"bone_ikTarget_left\",\"parent\":\"bone1\",\"transform\":{\"x\":28.838824000000002,\"y\":-5.602261000000001,\"skX\":31.0009,\"skY\":31.0009}},{\"length\":3.5000000000000004,\"name\":\"bone_ikTarget_right\",\"parent\":\"bone1\",\"transform\":{\"x\":-0.045542,\"y\":-3.4536390000000003,\"skX\":145.812,\"skY\":145.812}},{\"length\":13.090000000000002,\"name\":\"身体\",\"parent\":\"臂膀1\",\"transform\":{\"x\":0.09287600000000001,\"y\":0.815906,\"skX\":89.5615,\"skY\":89.5615}},{\"name\":\"bone_ikTarget\",\"parent\":\"bone_ikTarget_right\",\"transform\":{\"x\":-10.982622000000001,\"y\":-6.572713,\"skX\":-145.812,\"skY\":-145.812}},{\"length\":3.5000000000000004,\"name\":\"腰\",\"parent\":\"臂膀1\",\"transform\":{\"x\":0.181342,\"y\":-1.095549,\"skX\":-75.8133,\"skY\":-75.8133}},{\"length\":6.0200000000000005,\"name\":\"脚_11\",\"parent\":\"bone_ikTarget_left\",\"transform\":{\"x\":-0.48829200000000006,\"y\":0.938343,\"skX\":130.1214,\"skY\":130.1214}},{\"name\":\"bone_ikTarget1\",\"parent\":\"bone_ikTarget_left\",\"transform\":{\"x\":-15.427706000000002,\"y\":15.770454000000003,\"skX\":-31.0821,\"skY\":-31.0821}},{\"length\":17.5,\"name\":\"大腿2\",\"parent\":\"腰\",\"transform\":{\"x\":2.624349,\"y\":7.573160000000001,\"skX\":1.5856,\"skY\":1.5856}},{\"length\":20.720000000000002,\"name\":\"身体1\",\"parent\":\"身体\",\"transform\":{\"x\":13.197401000000001,\"y\":0.075852,\"skX\":-15.7378,\"skY\":-15.7378}},{\"length\":20.020000000000003,\"name\":\"大腿1\",\"parent\":\"腰\",\"transform\":{\"x\":1.5087100000000002,\"y\":-6.0457600000000005,\"skX\":4.6603,\"skY\":4.6603}},{\"length\":15.05,\"name\":\"脚_12\",\"parent\":\"脚_11\",\"transform\":{\"x\":6.1014170000000005,\"y\":0.011753000000000001,\"skX\":7.1089,\"skY\":7.1089}},{\"length\":20.090000000000003,\"name\":\"头\",\"parent\":\"身体1\",\"transform\":{\"x\":22.090208000000004,\"y\":-4.655861,\"skX\":-15.9821,\"skY\":-15.9821}},{\"length\":20.37,\"name\":\"臂膀11\",\"parent\":\"身体1\",\"transform\":{\"x\":11.522112,\"y\":5.8280460000000005,\"skX\":-148.0237,\"skY\":-148.0237}},{\"length\":18.76,\"name\":\"脚_1\",\"parent\":\"大腿1\",\"transform\":{\"x\":20.698335,\"y\":-0.082747,\"skX\":-34.9297,\"skY\":-34.9297}},{\"length\":21.560000000000002,\"name\":\"脚2\",\"parent\":\"大腿2\",\"transform\":{\"x\":17.517850000000003,\"skX\":17.2008,\"skY\":17.2008}},{\"length\":18.970000000000002,\"name\":\"臂膀2\",\"parent\":\"身体1\",\"transform\":{\"x\":15.928612000000003,\"y\":-3.086062,\"skX\":-114.565,\"skY\":-114.565}},{\"length\":26.810000000000002,\"name\":\"领带\",\"parent\":\"身体1\",\"transform\":{\"x\":16.423946,\"y\":3.8166940000000005,\"skX\":-125.504,\"skY\":-125.504}},{\"length\":17.64,\"name\":\"手臂1\",\"parent\":\"臂膀11\",\"transform\":{\"x\":20.438369,\"skX\":11.878,\"skY\":11.878}},{\"length\":12.81,\"name\":\"脚21\",\"parent\":\"脚2\",\"transform\":{\"x\":21.588679000000003,\"skX\":-88.0426,\"skY\":-88.0426}},{\"length\":18.200000000000003,\"name\":\"手臂2\",\"parent\":\"臂膀2\",\"transform\":{\"x\":19.031607000000005,\"skX\":33.501,\"skY\":33.501}},{\"length\":1.4000000000000001,\"name\":\"眼睛2_\",\"parent\":\"头\",\"transform\":{\"x\":8.625645,\"y\":7.117369,\"skX\":41.2302,\"skY\":41.2302}},{\"length\":1.4000000000000001,\"name\":\"眼睛1_\",\"parent\":\"头\",\"transform\":{\"x\":22.557164000000004,\"y\":-8.683150000000001,\"skX\":41.6663,\"skY\":41.6663}},{\"length\":14.070000000000002,\"name\":\"bone\",\"parent\":\"头\",\"transform\":{\"x\":-0.031304000000000005,\"y\":-6.95352,\"skX\":-78.5998,\"skY\":-78.5998}},{\"length\":13.790000000000001,\"name\":\"手2\",\"parent\":\"手臂2\",\"transform\":{\"x\":16.300886000000002,\"y\":-0.309526,\"skX\":12.4998,\"skY\":12.4998}},{\"length\":15.750000000000002,\"name\":\"大腿21\",\"parent\":\"手臂1\",\"transform\":{\"x\":17.681804,\"skX\":-19.5498,\"skY\":-19.5498}}],\"slot\":[{\"name\":\"手臂2\",\"parent\":\"手臂2\"},{\"name\":\"手2\",\"parent\":\"手2\"},{\"name\":\"臂膀2\",\"parent\":\"臂膀2\"},{\"name\":\"帽2\",\"parent\":\"头\"},{\"name\":\"脚2\",\"parent\":\"脚2\"},{\"name\":\"大腿2\",\"parent\":\"大腿2\"},{\"displayIndex\":-1,\"name\":\"腰\",\"parent\":\"腰\"},{\"name\":\"脚_1\",\"parent\":\"脚_1\"},{\"name\":\"身体\",\"parent\":\"身体\"},{\"name\":\"大腿1\",\"parent\":\"大腿1\"},{\"name\":\"领带\",\"parent\":\"领带\"},{\"name\":\"头\",\"parent\":\"头\"},{\"name\":\"眼睛2_\",\"parent\":\"眼睛2_\"},{\"name\":\"眼睛1_\",\"parent\":\"眼睛1_\"},{\"name\":\"绷带\",\"parent\":\"头\"},{\"name\":\"手1\",\"parent\":\"大腿21\"},{\"name\":\"手臂1\",\"parent\":\"手臂1\"},{\"name\":\"臂膀1\",\"parent\":\"臂膀11\"}],\"ik\":[{\"chain\":1,\"name\":\"bone_ik\",\"bone\":\"脚2\",\"target\":\"bone_ikTarget_right\"},{\"bendPositive\":false,\"chain\":1,\"name\":\"bone_ik1\",\"bone\":\"脚_1\",\"target\":\"bone_ikTarget_left\"},{\"name\":\"bone_ik3\",\"bone\":\"脚_12\",\"target\":\"bone_ikTarget1\"},{\"name\":\"bone_ik2\",\"bone\":\"脚21\",\"target\":\"bone_ikTarget\"}],\"skin\":[{\"slot\":[{\"name\":\"手臂2\",\"display\":[{\"name\":\"手臂2\",\"transform\":{\"x\":9.23,\"y\":-0.38,\"skX\":-156.11,\"skY\":-156.11}}]},{\"name\":\"脚2\",\"display\":[{\"type\":\"mesh\",\"name\":\"脚2\",\"width\":25,\"height\":27,\"vertices\":[3.61,-27.22,7.25,-26.03,8.3,-22.95,5.15,-10.14,6.06,-9.86,8.51,-10.07,11.1,-9.72,15.23,-7.62,16.84,-4.89,17.12,-4.82,17.68,-4.68,17.96,-2.72,17.89,-2.23,17.96,-2.02,17.68,-0.83,17.75,-0.76,17.47,0.08,8.71,1.06,6.68,0.85,6.47,0.92,-0.81,-0.2,-4.17,0.01,-6.97,-0.13,-7.46,-3.98,-8.65,-3.56,-8.37,-5.24,-8.51,-6.36,-6.41,-8.04,-7.04,-9.3,-5.71,-10.98,-5.21,-11.33,1.51,-26.24,-2.28,-17.84,-4.13,-13.75,-0.35,-22.12,6.62,-16.15,7.43,-19.42,5.7,-12.38,7.76,-24.52,5.54,-26.59,-7.19,-1.94,13.84,0.48,13.2,-8.73,-3.42,-5.64,0.72,-6.43,7.23,-5.24,2.25,0.27],\"uvs\":[0.45707,-0.01266,0.5964,0.01304,0.65249,0.17772,0.51801,0.60506,0.55402,0.61519,0.65096,0.6076,0.75347,0.62025,0.94155,0.71721,0.98061,0.79493,0.99169,0.79746,1.01385,0.80253,1.02494,0.87342,1.02216,0.89114,1.02494,0.89874,1.01385,0.94177,1.01662,0.9443,1.01122,0.98,0.65928,1.01013,0.57894,1.00253,0.57064,1.00506,0.29571,0.97368,0.14959,0.97215,0.03878,0.97494,0.01939,0.82784,-0.0277,0.84304,-0.01662,0.78228,-0.02216,0.74177,0.06094,0.68101,0.01869,0.64494,0.07286,0.57468,0.10803,0.56202,0.37396,0.02279,0.17191,0.29232,0.11352,0.46939,0.27815,0.10984,0.55349,0.38774,0.59068,0.26566,0.53036,0.53059,0.64848,0.09282,0.53931,-0.01266,0.01722,0.90175,0.8655,1.00134,0.85845,0.64469,0.18341,0.77092,0.34707,0.74228,0.60064,0.78232,0.41098,0.98684],\"triangles\":[8,12,11,9,8,11,10,9,11,12,14,13,14,16,15,41,14,12,8,41,12,41,16,14,7,45,8,45,41,8,42,45,7,6,45,42,45,17,41,45,18,17,5,45,6,19,18,45,4,45,5,0,31,36,46,19,45,38,0,2,0,36,2,39,0,38,1,39,38,31,34,36,44,46,45,32,35,36,34,32,36,32,33,37,32,37,35,30,3,37,33,30,37,44,20,46,43,20,44,43,21,20,29,27,30,23,40,21,23,21,43,27,23,43,25,23,27,40,22,21,26,25,27,28,27,29,25,24,23,45,44,4,3,44,4,30,3,27,27,44,3,27,43,44],\"weights\":[1,17,1,1,17,1,1,17,1,2,21,0.351015,17,0.648985,2,21,0.46738,17,0.53262,2,21,0.628706,17,0.371294,2,21,0.778033,17,0.221967,1,21,1,1,21,1,1,21,1,1,21,1,1,21,1,1,21,1,1,21,1,1,21,1,1,21,1,1,21,1,2,21,0.838358,17,0.161642,2,21,0.80474,17,0.19526,2,21,0.795749,17,0.204251,2,21,0.526613,17,0.473387,2,21,0.503445,17,0.496555,2,21,0.501918,17,0.498082,2,21,0.500597,17,0.499403,2,21,0.500662,17,0.499338,2,21,0.500113,17,0.499887,2,21,0.497656,17,0.502344,2,21,0.439503,17,0.560497,2,21,0.424949,17,0.575051,2,21,0.33172,17,0.66828,2,21,0.2992,17,0.7008,1,17,1,1,17,1,2,21,0.203321,17,0.796679,1,17,1,2,21,0.100468,17,0.899532,1,17,1,2,21,0.213262,17,0.786738,1,17,1,1,17,1,2,21,0.501529,17,0.498471,1,21,1,2,21,0.858578,17,0.141422,1,21,1,1,21,1,1,21,1,1,21,1],\"slotPose\":[1,0,0,1,0,0],\"bonePose\":[21,0.998232,-0.059441,0.059441,0.998232,-2.03,-3.4265,17,-0.323271,0.946306,-0.946306,-0.323271,4.949,-23.856],\"edges\":[3,4,4,5,5,6,7,8,8,9,10,11,11,12,12,13,13,14,14,15,15,16,17,18,18,19,20,21,21,22,23,24,24,25,25,26,26,27,27,28,28,29,29,30,31,0,30,33,33,32,32,34,34,31,2,36,36,35,35,37,37,3,1,38,38,2,0,39,39,1,22,40,40,23,16,41,41,17,42,7,9,10,6,42,19,46,46,20],\"userEdges\":[23,43,43,44,44,4,44,20,6,45,45,46,3,27]}]},{\"name\":\"手2\",\"display\":[{\"name\":\"手2\",\"transform\":{\"x\":16.75,\"y\":16.89,\"skX\":-169.08,\"skY\":-169.08},\"path\":\"旗子\"}]},{\"name\":\"头\",\"display\":[{\"type\":\"mesh\",\"name\":\"头\",\"width\":40,\"height\":45,\"vertices\":[-30.33,-77.52,-21.39,-60.19,-8.54,-60.19,-1.64,-65.66,1.55,-71.76,6.95,-76.81,9.84,-82.48,9.84,-91.07,4.65,-101.34,-2.97,-104.05,-16.24,-104.05,-26.25,-98.86,-31.04,-91.51,-31.04,-87.88,-28.02,-83.81,-28.41,-74.21,-25.11,-75.75,-17.25,-76.58,-8.82,-76,-2.63,-74.41,-23.55,-70.21,-21.68,-70.57,-17.67,-70.73,-11.99,-71.32,-7.06,-71.82,-2.46,-71.48,-23.57,-72.51,-22.16,-73,-17.34,-73.25,-12.16,-73.89,-9.6,-73.92,-7.58,-73.71,-15.74,-85.16,-1.58,-84.89,-23.46,-67.39,-18.26,-66.35,-10.01,-66.73,-3.88,-68.62],\"uvs\":[0.01755,0.62149,0.2363,1,0.55051,1,0.71935,0.88066,0.79743,0.74732,0.92945,0.63708,1.00009,0.51315,1.00009,0.32554,0.87312,0.1013,0.68682,0.04212,0.36207,0.04212,0.11729,0.15536,0,0.3159,0,0.39518,0.07397,0.48417,0.06453,0.69375,0.14521,0.66027,0.33733,0.642,0.54375,0.65477,0.69503,0.68947,0.18345,0.78128,0.22902,0.77342,0.32714,0.76975,0.4661,0.75698,0.58673,0.74605,0.69914,0.75339,0.18287,0.73098,0.21729,0.72029,0.33527,0.71486,0.46199,0.70079,0.52466,0.7001,0.57397,0.70485,0.3744,0.45462,0.72072,0.4605,0.18562,0.84276,0.31267,0.86563,0.51447,0.85729,0.66447,0.81585],\"triangles\":[8,33,7,7,33,6,33,5,6,9,33,8,19,4,5,33,19,5,10,32,9,9,32,33,25,37,3,19,25,4,25,3,4,18,19,33,32,18,33,37,36,3,36,2,3,31,24,19,18,31,19,19,24,25,24,37,25,24,36,37,32,17,18,31,30,24,30,23,24,23,36,24,18,30,31,10,11,32,17,29,18,36,35,2,35,1,2,29,30,18,29,23,30,23,35,36,22,35,23,29,28,23,28,22,23,17,28,29,14,16,17,11,12,32,12,14,32,14,17,32,21,35,22,27,21,22,27,22,28,27,28,17,16,27,17,12,13,14,34,1,35,21,34,35,20,34,21,27,26,21,16,26,27,26,20,21,14,0,16,16,15,26,0,15,16],\"weights\":[1,14,1,1,25,1,1,25,1,2,14,0.12,25,0.88,2,14,0.733972,25,0.266028,1,14,1,1,14,1,1,14,1,1,14,1,1,14,1,1,14,1,1,14,1,1,14,1,1,14,1,1,14,1,1,14,1,1,14,1,1,14,1,1,14,1,2,14,0.973183,25,0.026817,1,25,1,1,25,1,1,25,1,1,25,1,1,25,1,2,14,0.693891,25,0.306109,1,14,1,1,14,1,1,14,1,1,14,1,1,14,1,1,14,1,1,14,1,1,14,1,1,25,1,1,25,1,1,25,1,2,14,0.254348,25,0.745652],\"slotPose\":[1,0,0,1,0,0],\"bonePose\":[14,-0.722612,-0.691254,0.691254,-0.722612,-3.775826,-75.376152,25,-0.820448,0.571722,-0.571722,-0.820448,-8.559852,-70.329818],\"edges\":[1,2,2,3,3,4,4,5,5,6,6,7,7,8,8,9,9,10,10,11,11,12,12,13,13,14,14,0,0,15,15,26,26,20,20,34,34,1],\"userEdges\":[15,16,16,17,17,18,18,19,19,4,20,21,21,22,22,23,23,24,24,25,25,4,26,27,27,28,28,29,29,30,30,31,31,19,14,32,32,33,33,6,34,35,35,36,36,37]}]},{\"name\":\"手臂1\",\"display\":[{\"name\":\"手臂1\",\"transform\":{\"x\":8.76,\"y\":-0.13,\"skX\":-102.18,\"skY\":-102.18}}]},{\"name\":\"大腿1\",\"display\":[{\"name\":\"大腿1\",\"transform\":{\"x\":11.18,\"y\":-0.87,\"skX\":-94.75,\"skY\":-94.75}}]},{\"name\":\"手1\",\"display\":[{\"name\":\"手1\",\"transform\":{\"x\":7.29,\"y\":-1.78,\"skX\":-84.02,\"skY\":-84.02}}]},{\"name\":\"脚_1\",\"display\":[{\"type\":\"mesh\",\"name\":\"脚_1\",\"width\":31,\"height\":26,\"vertices\":[2.33,-0.86,4.48,-1.8,8.06,-6.32,8.21,-7.49,14.05,-8.43,18.57,-7.85,20.53,-7.77,21.12,-9.3,19.52,-11.86,22.73,-12.15,18.07,-19.37,18.07,-21.64,19.31,-22.39,22.01,-22.39,24.64,-20.97,27.99,-12.44,29.44,-11.12,34.33,-11.92,33.37,-3.09,34.32,-1.26,34.17,1,24.18,1.06,19.43,2.66,14.98,3.64,5.64,3.63,2.33,2.13,27.1,-5.79,28.2,-8.06,33.78,-6.9,22.43,-4.19,17.98,-3.18,11.41,-2.09],\"uvs\":[0,0.82769,0.06718,0.79126,0.17899,0.61761,0.18348,0.57272,0.36597,0.53629,0.50744,0.55874,0.56882,0.56156,0.5872,0.50269,0.53709,0.40457,0.63742,0.39341,0.49147,0.11599,0.49147,0.02917,0.5302,0,0.61444,0,0.69672,0.0543,0.80164,0.38199,0.84726,0.43266,0.99989,0.40175,0.97024,0.74086,0.99989,0.81089,0.99551,0.89772,0.68304,0.90054,0.53479,0.96223,0.39562,1,0.10372,1,0,0.94261,0.77429,0.63723,0.80842,0.55027,0.98304,0.59443,0.62823,0.69879,0.48917,0.73804,0.28392,0.78011],\"triangles\":[18,20,19,16,28,17,16,27,28,18,21,20,26,21,18,26,18,28,27,26,28,14,9,15,15,27,16,29,21,26,7,26,27,9,7,27,15,9,27,6,29,26,7,6,26,29,22,21,10,9,14,13,10,14,30,22,29,12,10,13,8,7,9,11,10,12,30,23,22,31,23,30,4,30,5,4,31,30,2,31,4,31,24,23,3,2,4,2,1,31,1,24,31,0,25,1,1,25,24,30,5,29,6,5,29],\"weights\":[1,13,1,1,13,1,1,13,1,1,13,1,3,13,0.536613,8,0.266503,16,0.196884,3,13,0.436525,8,0.352654,16,0.210821,3,13,0.380409,8,0.37221,16,0.247381,3,13,0.26778,16,0.458121,8,0.274099,3,13,0.184065,16,0.633458,8,0.182477,3,13,0.04386,16,0.904901,8,0.051239,1,16,1,1,16,1,1,16,1,1,16,1,1,16,1,3,13,0.050083,16,0.838542,8,0.111375,3,13,0.067293,16,0.730316,8,0.202391,2,16,0.584063,8,0.415937,3,13,0.105884,16,0.495388,8,0.398727,3,13,0.146211,16,0.45238,8,0.401409,3,13,0.186256,16,0.416376,8,0.397368,3,13,0.426896,8,0.43571,16,0.137394,3,13,0.558609,8,0.349692,16,0.091699,2,13,0.78907,8,0.21093,1,13,1,1,13,1,3,13,0.01971,8,0.662837,16,0.317453,3,13,0.007098,16,0.945223,8,0.047679,3,13,0.093419,16,0.534867,8,0.371714,3,13,0.415115,8,0.571068,16,0.013817,3,13,0.946428,8,0.046133,16,0.007439,2,13,0.987686,8,0.012314],\"slotPose\":[1,0,0,1,0,0],\"bonePose\":[13,-0.978978,0.203964,-0.203964,-0.978978,22.159949,-3.086456,8,-0.946211,0.32355,-0.32355,-0.946211,27.936982,-5.049448,16,0.50175,0.865012,-0.865012,0.50175,19.425984,-21.829898],\"edges\":[0,1,1,2,2,3,3,4,4,5,5,6,6,7,7,8,8,9,9,10,10,11,11,12,12,13,13,14,14,15,15,16,16,17,18,19,19,20,20,21,21,22,22,23,23,24,24,25,25,0,17,28,28,18],\"userEdges\":[6,26,26,18,7,27,27,28,5,29,29,21,4,30,30,22,2,31,31,23]}]},{\"name\":\"眼睛1_\",\"display\":[{\"name\":\"眼睛1_\",\"transform\":{\"x\":0.49,\"y\":0.09,\"skX\":94.6,\"skY\":94.6},\"path\":\"眼睛1\"}]},{\"name\":\"绷带\",\"display\":[{\"name\":\"绷带\",\"transform\":{\"x\":9.38,\"y\":4.24,\"skX\":136.27,\"skY\":136.27}}]},{\"name\":\"眼睛2_\",\"display\":[{\"name\":\"眼睛2_\",\"transform\":{\"x\":0.35,\"y\":0.06,\"skX\":95.04,\"skY\":95.04},\"path\":\"眼睛2\"}]},{\"name\":\"臂膀2\",\"display\":[{\"type\":\"mesh\",\"name\":\"臂膀2\",\"width\":12,\"height\":27,\"vertices\":[-8.92,-47.57,-6.08,-45.07,-2.66,-45.07,0.61,-47.34,2.28,-50.13,1.87,-51.84,2.36,-56.78,2.77,-62.31,2.77,-68.15,2.21,-70.89,0.35,-73.35,-2.21,-73.35,-5.11,-71.26,-6.6,-67.7,-7.56,-63.16,-7.86,-57.11,-7.97,-54.44,-8.92,-52.76,-1.17,-71.04,-1.77,-66.66,-2.21,-62.64,-2.73,-56.78,-3.18,-51.76,-8.92,-49.94,-3.74,-48.72],\"uvs\":[0.03352,0.92449,0.26089,1.01531,0.53352,1.01531,0.79441,0.93265,0.92793,0.83099,0.89525,0.76888,0.9338,0.58878,0.96648,0.38724,0.96648,0.17449,0.92179,0.07461,0.77374,-0.01518,0.56927,-0.01518,0.33799,0.06109,0.21927,0.19082,0.14218,0.35613,0.11872,0.57666,0.10978,0.67398,0.03352,0.73521,0.65223,0.06901,0.60475,0.2287,0.56927,0.375,0.52765,0.58878,0.49218,0.77156,0.03352,0.83789,0.44748,0.88252],\"triangles\":[21,5,6,20,21,6,20,6,7,19,20,7,9,18,8,18,19,8,19,7,8,21,22,5,10,18,9,5,22,4,22,3,4,22,24,3,24,2,3,11,18,10,15,21,20,12,13,19,12,19,18,11,12,18,16,22,21,13,14,20,14,15,20,13,20,19,24,1,2,15,16,21,16,17,22,23,24,22,17,23,22,0,1,24,23,0,24],\"weights\":[1,22,1,2,18,0.008592,22,0.991408,1,22,1,1,22,1,2,18,0.496051,22,0.503949,2,18,0.85,22,0.15,1,18,1,1,18,1,1,18,1,1,18,1,1,18,1,1,18,1,1,18,1,1,18,1,1,18,1,1,18,1,2,18,0.88,22,0.12,2,18,0.5,22,0.5,1,18,1,1,18,1,1,18,1,1,18,1,2,18,0.83,22,0.17,1,22,1,1,22,1],\"slotPose\":[1,0,0,1,0,0],\"bonePose\":[18,-0.059401,0.998234,-0.998234,-0.059401,-2.6355,-71.162,22,-0.219206,0.975679,-0.975679,-0.219206,-3.766,-52.164],\"edges\":[0,1,1,2,2,3,3,4,4,5,5,6,6,7,7,8,8,9,9,10,10,11,11,12,12,13,13,14,14,15,15,16,16,17,17,23,23,0],\"userEdges\":[]}]},{\"name\":\"领带\",\"display\":[{\"name\":\"领带\",\"transform\":{\"x\":12.76,\"y\":0.88,\"skX\":-114.21,\"skY\":-114.21}}]},{\"name\":\"臂膀1\",\"display\":[{\"type\":\"mesh\",\"name\":\"臂膀1\",\"width\":10,\"height\":27,\"vertices\":[2.77,-64.74,5.76,-71.74,11.12,-71.62,13.13,-68.38,2.76,-51.6,7.78,-52.99,13.12,-51.08,13.12,-48.13,9.35,-44.58,4.89,-44.58,3.59,-46.26,7.64,-48.45,7.19,-44.58,2.76,-48.29,7.95,-57.7,8.02,-64.96,8.59,-71.95,13.13,-64.9,2.76,-57.5,13.13,-57.6],\"uvs\":[0.02258,0.26368,0.29839,0.00768,0.79225,0.01215,0.97742,0.13056,0.02258,0.74374,0.48516,0.69297,0.97742,0.76266,0.97742,0.87059,0.62936,1,0.21871,1,0.09903,0.93875,0.47162,0.85882,0.43032,1,0.02258,0.86471,0.50065,0.52098,0.50677,0.2555,0.55968,0,0.97742,0.2578,0.02258,0.52801,0.97742,0.52442],\"triangles\":[15,14,17,5,11,6,17,14,19,5,6,19,14,5,19,15,17,3,2,15,3,6,11,7,11,8,7,16,15,2,15,0,14,0,18,14,1,15,16,11,12,8,4,11,5,1,0,15,18,5,14,4,13,11,9,12,11,10,9,11,18,4,5,13,10,11],\"weights\":[1,15,1,1,15,1,1,15,1,1,15,1,2,15,0.85,20,0.15,2,15,0.88,20,0.12,2,15,0.84,20,0.16,2,15,0.51,20,0.49,1,20,1,1,20,1,2,20,0.71,15,0.29,2,15,0.51,20,0.49,1,20,1,2,15,0.51,20,0.49,2,15,0.999393,20,0.000607,1,15,1,1,15,1,1,15,1,1,15,1,1,15,1],\"slotPose\":[1,0,0,1,0,0],\"bonePose\":[15,-0.029454,0.999566,-0.999566,-0.029454,8.519,-70.861,20,-0.234563,0.972101,-0.972101,-0.234563,7.917,-50.4315],\"edges\":[6,7,9,10,7,8,8,12,12,9,10,13,13,4,1,16,16,2,3,17,4,18,18,0,17,19,19,6,2,3,0,1],\"userEdges\":[4,5,5,6,13,11,11,7,18,14,14,19]}]},{\"name\":\"帽2\",\"display\":[{\"name\":\"帽2\",\"transform\":{\"x\":25.83,\"y\":-12.58,\"skX\":136.27,\"skY\":136.27}}]},{\"name\":\"身体\",\"display\":[{\"type\":\"mesh\",\"name\":\"身体\",\"width\":33,\"height\":39,\"vertices\":[6.84,-38.25,4.12,-41.31,2.43,-49.16,1.08,-53.63,-4.8,-60.57,-4.8,-67.02,-3.23,-68.92,1.15,-72.67,10.49,-75.02,15.6,-73.22,21.71,-65.57,25.18,-53.48,27.47,-47.92,28.45,-44.66,25.93,-36.79,22.1,-35.89,6.7,-67.97,10.12,-60.14,13.3,-50.36,23.88,-58.91,15.59,-43.63,16.6,-39.61,12.03,-36.05,16.61,-35.89,3.18,-44.78,14.58,-46.86,26.93,-51.05,28.14,-39.49,17.02,-74.12,19.79,-68.96,19.05,-72.56,-1.13,-69.12,4.9,-74.96],\"uvs\":[0.35,0.93971,0.2681,0.86136,0.21748,0.66074,0.17684,0.54669,0,0.36923,0,0.20447,0.04705,0.15581,0.17895,0.05993,0.45968,-0.00009,0.61358,0.04589,0.79737,0.24142,0.90158,0.55036,0.97042,0.69258,1,0.77576,0.92421,0.97692,0.80894,1,0.34569,0.18023,0.44863,0.38014,0.54431,0.63014,0.86263,0.41155,0.61315,0.80206,0.64358,0.90501,0.50626,0.99597,0.64389,1,0.24006,0.77279,0.58295,0.71958,0.95424,0.61244,0.99063,0.90794,0.65611,0.02292,0.73942,0.15495,0.71738,0.06274,0.11049,0.15078,0.29182,0.00157],\"triangles\":[15,14,27,21,15,27,12,20,13,21,27,13,20,21,13,26,25,12,25,20,12,11,25,26,19,18,11,18,25,11,10,17,19,17,18,19,21,23,15,29,17,10,9,16,29,16,17,29,30,9,29,28,9,30,21,22,23,8,16,9,25,1,20,1,0,20,18,24,25,24,1,25,17,3,18,3,2,18,2,24,18,32,16,8,16,4,17,4,3,17,31,4,16,32,7,16,7,31,16,5,4,31,6,5,31,22,0,21,20,0,21],\"weights\":[1,7,1,2,5,0.495288,7,0.504712,2,5,0.566785,7,0.433215,2,5,0.515001,11,0.484999,1,11,1,1,11,1,1,11,1,1,11,1,1,11,1,1,11,1,2,5,0.494285,11,0.505715,2,5,0.574771,7,0.425229,2,5,0.505652,7,0.494348,1,7,1,1,7,1,1,7,1,2,5,0.003785,11,0.996215,2,5,0.027553,11,0.972447,3,5,0.999129,7,0.000543,11,0.000328,2,5,0.513587,11,0.486413,2,5,0.117218,7,0.882782,1,7,1,1,7,1,1,7,1,2,5,0.533704,7,0.466296,3,5,0.994534,7,0.005172,11,0.000294,2,5,0.524969,7,0.475031,1,7,1,1,11,1,2,5,0.2,11,0.8,1,11,1,1,5,1,1,11,1],\"slotPose\":[1,0,0,1,0,0],\"bonePose\":[5,-0.251236,-0.967926,0.967926,-0.251236,14.627997,-45.856335,11,-0.504353,-0.863498,0.863498,-0.504353,11.385756,-58.6495,7,-0.001301,0.999999,-0.999999,-0.001301,15.008256,-43.981],\"edges\":[0,1,2,3,3,4,4,5,5,6,8,9,12,13,14,15,10,19,19,11,22,0,15,23,23,22,1,24,24,2,11,26,26,12,13,27,27,14,9,28,29,10,28,30,30,29,6,31,31,7,7,32,32,8],\"userEdges\":[0,21,21,13,7,16,16,17,17,18,20,21,21,23,18,25,25,20,24,25,25,26,1,20,20,12]}]},{\"name\":\"大腿2\",\"display\":[{\"name\":\"大腿2\",\"transform\":{\"x\":9.48,\"y\":-0.31,\"skX\":-91.66,\"skY\":-91.66}}]}]}],\"animation\":[{\"duration\":60,\"playTimes\":0,\"name\":\"move\",\"bone\":[{\"name\":\"bone_ikTarget_right\",\"translateFrame\":[{\"duration\":14,\"tweenEasing\":0,\"x\":28.06},{\"duration\":11,\"tweenEasing\":0,\"x\":39.05},{\"duration\":15,\"tweenEasing\":0,\"x\":43.12},{\"duration\":5,\"tweenEasing\":0,\"x\":24.64,\"y\":-8.07},{\"duration\":3,\"tweenEasing\":0,\"x\":12.32,\"y\":-11.02},{\"duration\":2,\"tweenEasing\":0,\"x\":4.93,\"y\":-0.19},{\"duration\":10,\"tweenEasing\":0},{\"duration\":0,\"x\":28.06}],\"rotateFrame\":[{\"duration\":25,\"tweenEasing\":0},{\"duration\":15,\"tweenEasing\":0},{\"duration\":5,\"tweenEasing\":0,\"rotate\":24.27},{\"duration\":5,\"tweenEasing\":0,\"rotate\":42.83},{\"duration\":10}]},{\"name\":\"臂膀1\",\"translateFrame\":[{\"duration\":14,\"tweenEasing\":0,\"x\":24.88,\"y\":10.17},{\"duration\":6,\"tweenEasing\":0,\"x\":21.02,\"y\":4.92},{\"duration\":5,\"tweenEasing\":0,\"x\":18.91,\"y\":0.18},{\"duration\":8,\"tweenEasing\":0,\"x\":23.34,\"y\":6.25},{\"duration\":7,\"tweenEasing\":0,\"x\":17.6,\"y\":0.79},{\"duration\":10,\"tweenEasing\":0,\"x\":11.73,\"y\":-1.62},{\"duration\":10,\"tweenEasing\":0,\"x\":3.68,\"y\":2.66},{\"duration\":0,\"x\":24.88,\"y\":10.17}],\"rotateFrame\":[{\"duration\":14,\"tweenEasing\":0,\"rotate\":5.57},{\"duration\":11,\"tweenEasing\":0,\"rotate\":0.1},{\"duration\":15,\"tweenEasing\":0,\"rotate\":-23.11},{\"duration\":20,\"tweenEasing\":0,\"rotate\":-8.32},{\"duration\":0,\"rotate\":5.57}]},{\"name\":\"bone_ikTarget_left\",\"translateFrame\":[{\"duration\":14,\"tweenEasing\":0,\"x\":40.39,\"y\":-10.92},{\"duration\":6,\"tweenEasing\":0,\"x\":29.06,\"y\":-14.54},{\"duration\":3,\"tweenEasing\":0,\"x\":12.13,\"y\":-16.74},{\"duration\":2,\"tweenEasing\":0,\"x\":-6.79,\"y\":-4.61},{\"duration\":8,\"tweenEasing\":0,\"x\":-5.02},{\"duration\":27,\"tweenEasing\":0,\"x\":2.55},{\"duration\":0,\"x\":40.39,\"y\":-10.92}],\"rotateFrame\":[{\"duration\":14,\"tweenEasing\":0,\"rotate\":-28.8},{\"duration\":3,\"tweenEasing\":0,\"rotate\":-65.68},{\"duration\":3,\"tweenEasing\":0,\"rotate\":-95.02},{\"duration\":3,\"tweenEasing\":0,\"rotate\":-43.45},{\"duration\":2,\"tweenEasing\":0,\"rotate\":18.4},{\"duration\":15,\"tweenEasing\":0,\"rotate\":5.27},{\"duration\":20,\"tweenEasing\":0,\"rotate\":3.01},{\"duration\":0,\"rotate\":-28.8}]},{\"name\":\"身体\",\"rotateFrame\":[{\"duration\":14,\"tweenEasing\":0,\"rotate\":-5.71},{\"duration\":11,\"tweenEasing\":0,\"rotate\":5.14},{\"duration\":15,\"tweenEasing\":0,\"rotate\":19.15},{\"duration\":20,\"tweenEasing\":0,\"rotate\":1.03},{\"duration\":0,\"rotate\":-5.71}]},{\"name\":\"大腿1\",\"translateFrame\":[{\"duration\":14,\"tweenEasing\":0},{\"duration\":6,\"tweenEasing\":0,\"x\":-2.54,\"y\":-2.3},{\"duration\":3,\"tweenEasing\":0,\"x\":0.92,\"y\":-2.07},{\"duration\":2,\"tweenEasing\":0,\"x\":-1.09,\"y\":3.56},{\"duration\":8,\"tweenEasing\":0,\"x\":-0.02,\"y\":5.21},{\"duration\":7,\"tweenEasing\":0,\"x\":0.27,\"y\":-0.83},{\"duration\":9,\"tweenEasing\":0,\"x\":-0.51,\"y\":-1.32},{\"tweenEasing\":0,\"x\":1.44,\"y\":-0.25},{\"duration\":10,\"tweenEasing\":0,\"x\":1.99,\"y\":-0.74},{\"duration\":0}],\"rotateFrame\":[{\"duration\":14,\"tweenEasing\":0,\"rotate\":7.87},{\"duration\":11,\"tweenEasing\":0,\"rotate\":6.31},{\"duration\":35,\"tweenEasing\":0,\"rotate\":65.02},{\"duration\":0,\"rotate\":7.87}]},{\"name\":\"大腿2\",\"translateFrame\":[{\"duration\":25,\"tweenEasing\":0},{\"duration\":25,\"tweenEasing\":0},{\"duration\":10,\"tweenEasing\":0,\"x\":2.12,\"y\":-0.06},{\"duration\":0}],\"rotateFrame\":[{\"duration\":14,\"tweenEasing\":0,\"rotate\":-47.68},{\"duration\":11,\"tweenEasing\":0,\"rotate\":-35.02},{\"duration\":15,\"tweenEasing\":0,\"rotate\":-23.6},{\"duration\":20,\"tweenEasing\":0,\"rotate\":66.74},{\"duration\":0,\"rotate\":-47.68}]},{\"name\":\"身体1\",\"translateFrame\":[{\"duration\":14,\"tweenEasing\":0},{\"duration\":6,\"tweenEasing\":0},{\"duration\":5,\"tweenEasing\":0,\"x\":-2.35,\"y\":0.3},{\"duration\":35}],\"rotateFrame\":[{\"duration\":14,\"tweenEasing\":0,\"rotate\":-0.9},{\"duration\":6,\"tweenEasing\":0,\"rotate\":6.36},{\"duration\":5,\"tweenEasing\":0,\"rotate\":-8.49},{\"duration\":15,\"tweenEasing\":0,\"rotate\":-12.43},{\"duration\":20,\"tweenEasing\":0,\"rotate\":19.43},{\"duration\":0,\"rotate\":-0.9}]},{\"name\":\"臂膀2\",\"translateFrame\":[{\"duration\":14,\"tweenEasing\":0,\"x\":-6.09,\"y\":-4.14},{\"duration\":11,\"tweenEasing\":0,\"x\":-5.5,\"y\":-8.36},{\"duration\":15,\"tweenEasing\":0,\"x\":-7.02,\"y\":-0.73},{\"duration\":10,\"tweenEasing\":0,\"x\":-8.67,\"y\":-7.77},{\"duration\":10,\"tweenEasing\":0,\"x\":-4.18,\"y\":-5.31},{\"duration\":0,\"x\":-6.09,\"y\":-4.14}],\"rotateFrame\":[{\"duration\":14,\"tweenEasing\":0,\"rotate\":22.7},{\"duration\":11,\"tweenEasing\":0,\"rotate\":15.04},{\"duration\":15,\"tweenEasing\":0,\"rotate\":49.76},{\"duration\":10,\"tweenEasing\":0,\"rotate\":-28.2},{\"duration\":10,\"tweenEasing\":0,\"rotate\":-5.07},{\"duration\":0,\"rotate\":22.7}]},{\"name\":\"脚_1\",\"rotateFrame\":[{\"duration\":14,\"tweenEasing\":0,\"rotate\":-53.26},{\"duration\":11,\"tweenEasing\":0,\"rotate\":-6.66},{\"duration\":35,\"tweenEasing\":0,\"rotate\":-36.1},{\"duration\":0,\"rotate\":-53.26}]},{\"name\":\"脚2\",\"rotateFrame\":[{\"duration\":14,\"tweenEasing\":0,\"rotate\":68.6},{\"duration\":11,\"tweenEasing\":0,\"rotate\":74.82},{\"duration\":15,\"tweenEasing\":0,\"rotate\":11.77},{\"duration\":20,\"tweenEasing\":0,\"rotate\":-96.72},{\"duration\":0,\"rotate\":68.6}]},{\"name\":\"臂膀11\",\"translateFrame\":[{\"duration\":14,\"tweenEasing\":0,\"x\":-0.7,\"y\":-1.8},{\"duration\":11,\"tweenEasing\":0},{\"duration\":25,\"tweenEasing\":0,\"x\":0.76,\"y\":0.39},{\"duration\":10,\"tweenEasing\":0,\"x\":-2.01,\"y\":-3.02},{\"duration\":0,\"x\":-0.7,\"y\":-1.8}],\"rotateFrame\":[{\"duration\":14,\"tweenEasing\":0,\"rotate\":-35.01},{\"duration\":11,\"tweenEasing\":0,\"rotate\":-53.38},{\"duration\":15,\"tweenEasing\":0,\"rotate\":-38.08},{\"duration\":10,\"tweenEasing\":0,\"rotate\":-17.52},{\"duration\":10,\"tweenEasing\":0,\"rotate\":3.05},{\"duration\":0,\"rotate\":-35.01}]},{\"name\":\"头\",\"translateFrame\":[{\"duration\":14,\"tweenEasing\":0,\"x\":-2.58,\"y\":-0.18},{\"duration\":11,\"tweenEasing\":0,\"x\":-2.58,\"y\":-0.18},{\"duration\":15,\"tweenEasing\":0,\"x\":-4.35,\"y\":-1.23},{\"duration\":10,\"tweenEasing\":0,\"x\":-3.4,\"y\":-1.04},{\"duration\":10,\"tweenEasing\":0,\"x\":-1.69,\"y\":-0.54},{\"duration\":0,\"x\":-2.58,\"y\":-0.18}],\"rotateFrame\":[{\"duration\":14,\"tweenEasing\":0,\"rotate\":11.97},{\"duration\":6,\"tweenEasing\":0,\"rotate\":-18.74},{\"duration\":5,\"tweenEasing\":0,\"rotate\":0.12},{\"duration\":8,\"tweenEasing\":0,\"rotate\":3.38},{\"duration\":7,\"tweenEasing\":0,\"rotate\":-19.25},{\"duration\":10,\"tweenEasing\":0,\"rotate\":-15.67},{\"duration\":5,\"tweenEasing\":0,\"rotate\":2.36},{\"duration\":5,\"tweenEasing\":0,\"rotate\":8.11},{\"duration\":0,\"rotate\":11.97}]},{\"name\":\"脚21\",\"rotateFrame\":[{\"duration\":14,\"tweenEasing\":0,\"rotate\":-50.68},{\"duration\":11,\"tweenEasing\":0,\"rotate\":-16.67},{\"duration\":15,\"tweenEasing\":0,\"rotate\":61.93},{\"duration\":20,\"tweenEasing\":0,\"rotate\":49.38},{\"duration\":0,\"rotate\":-50.68}]},{\"name\":\"手臂2\",\"rotateFrame\":[{\"duration\":14,\"tweenEasing\":0,\"rotate\":-7.53},{\"duration\":11,\"tweenEasing\":0,\"rotate\":-0.61},{\"duration\":15,\"tweenEasing\":0,\"rotate\":-13.58},{\"duration\":10,\"tweenEasing\":0,\"rotate\":66.33},{\"duration\":10,\"tweenEasing\":0,\"rotate\":24.65},{\"duration\":0,\"rotate\":-7.53}]},{\"name\":\"脚_11\",\"rotateFrame\":[{\"duration\":14,\"tweenEasing\":0,\"rotate\":-60.15},{\"duration\":6,\"tweenEasing\":0,\"rotate\":-39.16},{\"duration\":5,\"tweenEasing\":0,\"rotate\":19.57},{\"duration\":35,\"tweenEasing\":0,\"rotate\":-38.12},{\"duration\":0,\"rotate\":-60.15}]},{\"name\":\"手臂1\",\"rotateFrame\":[{\"duration\":14,\"tweenEasing\":0,\"rotate\":60.81},{\"duration\":11,\"tweenEasing\":0,\"rotate\":61.89},{\"duration\":25,\"tweenEasing\":0,\"rotate\":30.14},{\"duration\":10,\"tweenEasing\":0,\"rotate\":2.56},{\"duration\":0,\"rotate\":60.81}]},{\"name\":\"大腿21\",\"rotateFrame\":[{\"duration\":14,\"tweenEasing\":0,\"rotate\":16.4},{\"duration\":11,\"tweenEasing\":0,\"rotate\":-18.53},{\"duration\":15,\"tweenEasing\":0,\"rotate\":73.49},{\"duration\":10,\"tweenEasing\":0,\"rotate\":-0.72},{\"duration\":10,\"tweenEasing\":0,\"rotate\":46.36},{\"duration\":0,\"rotate\":16.4}]},{\"name\":\"手2\",\"translateFrame\":[{\"duration\":14,\"tweenEasing\":0,\"x\":-0.21,\"y\":-1.12},{\"duration\":36,\"tweenEasing\":0},{\"duration\":10,\"tweenEasing\":0},{\"duration\":0,\"x\":-0.21,\"y\":-1.12}],\"rotateFrame\":[{\"duration\":14,\"tweenEasing\":0,\"rotate\":7.51},{\"duration\":11,\"tweenEasing\":0,\"rotate\":-5.26},{\"duration\":15,\"tweenEasing\":0,\"rotate\":-3.93},{\"duration\":10,\"tweenEasing\":0,\"rotate\":-44.67},{\"duration\":10,\"tweenEasing\":0,\"rotate\":-15.71},{\"duration\":0,\"rotate\":7.51}]},{\"name\":\"脚_12\",\"rotateFrame\":[{\"duration\":60,\"rotate\":9.73}]},{\"name\":\"bone\",\"translateFrame\":[{\"duration\":14,\"tweenEasing\":0,\"x\":-1.49,\"y\":-2.5},{\"duration\":11,\"tweenEasing\":0,\"x\":-2.88,\"y\":-1.98},{\"duration\":15,\"tweenEasing\":0},{\"duration\":20,\"tweenEasing\":0,\"x\":-2.13,\"y\":-2.89},{\"duration\":0,\"x\":-1.49,\"y\":-2.5}],\"rotateFrame\":[{\"duration\":25,\"tweenEasing\":0},{\"duration\":15,\"tweenEasing\":0},{\"duration\":20,\"tweenEasing\":0,\"rotate\":-10.61},{\"duration\":0}]},{\"name\":\"领带\",\"rotateFrame\":[{\"duration\":14,\"tweenEasing\":0,\"rotate\":-15.46},{\"duration\":6,\"tweenEasing\":0,\"rotate\":-19.81},{\"duration\":5,\"tweenEasing\":0,\"rotate\":-6.49},{\"duration\":9,\"tweenEasing\":0,\"rotate\":10.05},{\"duration\":6,\"tweenEasing\":0,\"rotate\":-14.92},{\"duration\":7,\"tweenEasing\":0,\"rotate\":-23.43},{\"duration\":8,\"tweenEasing\":0,\"rotate\":-13.44},{\"duration\":5,\"tweenEasing\":0,\"rotate\":-22.29},{\"duration\":0,\"rotate\":-15.46}]},{\"name\":\"bone1\",\"translateFrame\":[{\"duration\":14,\"tweenEasing\":0,\"x\":-19.98},{\"duration\":6,\"tweenEasing\":0,\"x\":-21.12},{\"duration\":5,\"tweenEasing\":0,\"x\":-16.03},{\"duration\":8,\"tweenEasing\":0,\"x\":-14.89},{\"duration\":7,\"tweenEasing\":0,\"x\":-11.31},{\"duration\":10,\"tweenEasing\":0,\"x\":-5.84},{\"duration\":10,\"tweenEasing\":0,\"x\":-3.01},{\"duration\":0,\"x\":-19.98}]}],\"ik\":[{\"name\":\"bone_ik\",\"frame\":[{\"duration\":14,\"tweenEasing\":0},{\"duration\":4,\"tweenEasing\":0},{\"duration\":7,\"tweenEasing\":0,\"bendPositive\":false},{\"duration\":15,\"tweenEasing\":0,\"bendPositive\":false},{\"duration\":8,\"tweenEasing\":0,\"bendPositive\":false},{\"duration\":12,\"tweenEasing\":0},{\"duration\":0}]},{\"name\":\"bone_ik1\",\"frame\":[{\"duration\":25,\"tweenEasing\":0,\"bendPositive\":false},{\"duration\":35,\"tweenEasing\":0,\"bendPositive\":false},{\"duration\":0,\"bendPositive\":false}]},{\"name\":\"bone_ik3\",\"frame\":[{\"duration\":60,\"tweenEasing\":0},{\"duration\":0}]}]}],\"defaultActions\":[{\"gotoAndPlay\":\"move\"}]}]}"]],0,0,[],[],[]],[[[5,"enemy"],[6,"enemy",2,[-13,-14,-15,-16,-17,-18,-19,-20,-21],[[11,25,0,-11,-10,-9,-8,-7,-6,-5,-4,-3,-2],[12,10,-12,[0,3,4]]],[13,-1],[5,100,100],[221.228,6.114,0,0,0,0,1,1,1,1]],[1,"slowEffect",false,1,[[2,"jiansu","newAnimation",0,"6ce2cb85-c10a-4d41-b83c-d3f886ed3bdd#5dc5e081-acf7-432a-99cd-7abe0b8d3245",-22,[1],2,3]],[0,"08edVnAM9Owq2uCd/kebXz",1],[5,40.5,25.5],[-10.466,-14.569,0,0,0,0,1,1,1,1]],[1,"fronzenEffect",false,1,[[3,"\n",1,1,-23,[4]]],[0,"08CSik+cxCuZsiNZN+iWBx",1],[5,80,50.4],[11,-17,0,0,0,0,1,1,1,1]],[1,"dizzEffect",false,1,[[2,"xuanyun","newAnimation",0,"6ce2cb85-c10a-4d41-b83c-d3f886ed3bdd#5dc5e081-acf7-432a-99cd-7abe0b8d3245",-24,[6],7,8]],[0,"73TsRpTSVPlIDDXCABAqr2",1],[5,50,52.24363511396011],[12.474,41.373,0,0,0,0,1,1,1,1]],[1,"secEffect",false,1,[[3,"秒杀",1,1,-25,[9]]],[0,"3ctpZ86SpHnoGvDLwDgdVD",1],[5,120,50.4],[11,-17,0,0,0,0,1,1,1,1]],[1,"huEffect",false,1,[[2,"yishang","newAnimation",0,"6ce2cb85-c10a-4d41-b83c-d3f886ed3bdd#5dc5e081-acf7-432a-99cd-7abe0b8d3245",-26,[10],11,12]],[0,"f3Ipb0z49Luaexk2bZlJ9V",1],[5,41.02340663571537,50.18868352451116],[-10.466,-14.569,0,0,0,0,1,1,1,1]],[7,"hpLb",2,1,[[-27,[17,-28,[4,4278190080]]],1,4],[0,"7fAM2hVwpKhoVZyKfws2x4",1],[5,39,52.4],[3.103,-25.136,0,0,0,0,1,1,1,1]],[8,"ani",1,[-29],[0,"84q87xha1IlpzhTAXweRHr",1],[5,108.99,115.08],[7.852,-23.021,0,0,0,0,1,-0.7,0.7,1]],[14,"JiangShi","move",0,"08c153f5-5b0d-480d-ad98-7f60692b4947#bcb7f820-41d6-48e7-abf8-d6cfb12b3544",8,[0]],[9,"poisonEffect",false,1,[-30],[0,"de3P/rPQdMMqZPb6L/ZiEX",1],[5,120,50.4],[11,-17,0,0,0,0,1,1,1,1]],[3,"中毒中",1,1,10,[5]],[16,"100",20,false,1,1,1,7,[13]],[10,"deadAni",false,1,[-31],[0,"f7eLli6xZEv67KiDneDkEu",1],[5,112.5,112.5]],[15,"baozha",0,"6ce2cb85-c10a-4d41-b83c-d3f886ed3bdd#5dc5e081-acf7-432a-99cd-7abe0b8d3245",13,[14]]],0,[0,3,1,0,4,14,0,5,9,0,6,5,0,7,3,0,8,6,0,9,2,0,10,12,0,11,4,0,12,11,0,0,1,0,0,1,0,-1,8,0,-2,2,0,-3,3,0,-4,10,0,-5,4,0,-6,5,0,-7,6,0,-8,7,0,-9,13,0,0,2,0,0,3,0,0,4,0,0,5,0,0,6,0,-1,12,0,0,7,0,-1,9,0,-1,11,0,-1,14,0,13,1,31],[0,0,0,0,0,0,0,0,0,0,0,0,0,0,0,9,9,12,14,14],[-1,-1,1,2,-1,-1,-1,1,2,-1,-1,1,2,-1,-1,1,2,14,1,2],[0,0,1,2,0,0,0,1,2,0,0,1,2,0,0,3,4,5,1,2]]]]