[1,["57ZnZXggZBWJ+V1zMLWbXa","7a/QZLET9IDreTiBfRn2PD","89HKvl8flNloy+gaG5gN5d"],["root","animation","node","data","_N$skeletonData"],[["cc.PrefabInfo",["fileId","root","asset"],2,1,1],["sp.SkeletonData",["_name","_atlasText","textureNames","_skeletonJson","textures"],-1,3],["cc.Prefab",["_name"],2],["cc.Node",["_name","_children","_components","_prefab","_trs"],2,2,12,4,7],["cc.Node",["_name","_parent","_components","_prefab","_contentSize","_trs"],2,1,2,4,5,7],["a41fdxYsaxBIZPWmsxhOAdl",["node","animation"],3,1,1],["sp.Skeleton",["defaultSkin","defaultAnimation","_preCacheMode","_animationName","node","_materials"],-1,1,3],["261d4+Q1HdGA5w3tjdBw83c",["node","spineAnimation"],3,1,1]],[[1,0,1,2,3,4,5],[2,0,2],[3,0,1,2,3,4,2],[4,0,1,2,3,4,5,2],[5,0,1,1],[0,1,2,1],[0,0,1,2,2],[6,0,1,2,3,4,5,5],[7,0,1,1]],[[[[0,"weapon25","\nweapon25.png\nsize: 2048,256\nformat: RGBA8888\nfilter: Linear,Linear\nrepeat: none\n上嘴\n  rotate: false\n  xy: 653, 113\n  size: 275, 141\n  orig: 275, 141\n  offset: 0, 0\n  index: -1\n下嘴\n  rotate: false\n  xy: 485, 85\n  size: 166, 169\n  orig: 166, 169\n  offset: 0, 0\n  index: -1\n叶子1\n  rotate: false\n  xy: 627, 23\n  size: 107, 60\n  orig: 107, 60\n  offset: 0, 0\n  index: -1\n叶子2\n  rotate: false\n  xy: 343, 2\n  size: 107, 59\n  orig: 108, 60\n  offset: 1, 0\n  index: -1\n叶子3\n  rotate: true\n  xy: 452, 7\n  size: 54, 45\n  orig: 56, 48\n  offset: 0, 1\n  index: -1\n叶子4\n  rotate: true\n  xy: 736, 57\n  size: 54, 45\n  orig: 56, 48\n  offset: 1, 1\n  index: -1\n嘴1\n  rotate: true\n  xy: 499, 13\n  size: 70, 62\n  orig: 74, 66\n  offset: 2, 2\n  index: -1\n嘴2\n  rotate: true\n  xy: 563, 13\n  size: 70, 62\n  orig: 74, 66\n  offset: 2, 2\n  index: -1\n头\n  rotate: true\n  xy: 930, 141\n  size: 113, 111\n  orig: 113, 111\n  offset: 0, 0\n  index: -1\n头上叶子\n  rotate: false\n  xy: 343, 63\n  size: 140, 191\n  orig: 140, 191\n  offset: 0, 0\n  index: -1\n眼睛1\n  rotate: true\n  xy: 784, 19\n  size: 42, 36\n  orig: 46, 40\n  offset: 2, 2\n  index: -1\n眼睛2\n  rotate: true\n  xy: 783, 63\n  size: 48, 36\n  orig: 52, 40\n  offset: 2, 2\n  index: -1\n茎\n  rotate: false\n  xy: 2, 3\n  size: 173, 251\n  orig: 173, 251\n  offset: 0, 0\n  index: -1\n里嘴\n  rotate: false\n  xy: 177, 38\n  size: 164, 216\n  orig: 164, 216\n  offset: 0, 0\n  index: -1\n鼓\n  rotate: true\n  xy: 736, 3\n  size: 52, 46\n  orig: 56, 50\n  offset: 2, 2\n  index: -1\n",["weapon25.png"],{"skeleton":{"hash":"w3Bx6MC+BQ3g21fmpk6an2Ld3IM","spine":"3.8.99","x":-113.6,"y":-19.32,"width":177.2,"height":171.87},"bones":[{"name":"root","scaleX":-0.23,"scaleY":0.23},{"name":"A04-1","parent":"root"},{"name":"叶子1","parent":"A04-1","length":73.73,"rotation":-128.13,"x":-62.52,"y":19.74},{"name":"叶子2","parent":"叶子1","length":62.18,"rotation":-37.22,"x":73.73},{"name":"叶子3","parent":"叶子2","length":50.57,"rotation":-73.68,"x":62.71,"y":-0.14},{"name":"叶子4","parent":"叶子3","length":37.38,"rotation":-47.82,"x":50.57},{"name":"叶子5","parent":"A04-1","length":87.79,"rotation":-46.25,"x":36.65,"y":21.37},{"name":"叶子6","parent":"叶子5","length":59.32,"rotation":34.12,"x":87.79},{"name":"叶子7","parent":"叶子6","length":40.16,"rotation":70.37,"x":59.32},{"name":"叶子8","parent":"叶子7","length":40.22,"rotation":45.8,"x":40.16},{"name":"叶子9","parent":"A04-1","length":71.15,"rotation":1.13,"x":35.92,"y":27.76},{"name":"叶子10","parent":"叶子9","length":30.45,"rotation":43.87,"x":71.15},{"name":"叶子11","parent":"叶子10","length":20.79,"rotation":76.19,"x":30.45},{"name":"叶子12","parent":"A04-1","length":57.18,"rotation":172,"x":-51.05,"y":18.4},{"name":"叶子13","parent":"叶子12","length":34.03,"rotation":-23.51,"x":57.18},{"name":"叶子14","parent":"叶子13","length":27.34,"rotation":-65.38,"x":33.23,"y":-0.49},{"name":"茎","parent":"A04-1","length":103.61,"rotation":104.21,"x":1.08,"y":-0.28},{"name":"茎2","parent":"茎","length":112.2,"rotation":49.39,"x":103.65,"y":0.72},{"name":"茎3","parent":"茎2","length":110.34,"rotation":-11.15,"x":112.2},{"name":"茎4","parent":"茎3","length":102.04,"rotation":-50.02,"x":109.9,"y":0.57},{"name":"茎5","parent":"茎4","length":88.63,"rotation":-30.67,"x":102.04},{"name":"茎7","parent":"茎5","length":71.15,"rotation":-33.9,"x":88.63},{"name":"茎6","parent":"茎7","length":65.43,"rotation":-6.72,"x":71.67,"y":-1.48},{"name":"头上叶子","parent":"茎6","rotation":-320.69,"x":66.97,"y":-2.91,"scaleX":-0.23,"scaleY":0.23,"transform":"onlyTranslation"},{"name":"上嘴","parent":"头上叶子","length":163.53,"rotation":41.12,"x":-2.29,"y":9.11},{"name":"下嘴","parent":"头上叶子","length":187.47,"rotation":-44.74,"x":22.08,"y":-11.31},{"name":"下嘴2","parent":"下嘴","length":121.52,"rotation":30.77,"x":187.47},{"name":"下嘴3","parent":"下嘴2","length":113.81,"rotation":31.27,"x":121.52},{"name":"下嘴4","parent":"下嘴3","length":94.2,"rotation":40.04,"x":114.42,"y":0.25},{"name":"上嘴2","parent":"上嘴","length":121.86,"rotation":3.63,"x":163.6,"y":0.35},{"name":"上嘴2b","parent":"上嘴2","length":121.86,"x":121.86},{"name":"上嘴2c","parent":"上嘴2b","length":121.86,"x":121.86},{"name":"头上叶子3","parent":"头上叶子","length":51.96,"rotation":-57.88,"x":4.98,"y":-1.33},{"name":"头上叶子3b","parent":"头上叶子3","length":51.96,"x":51.96},{"name":"头上叶子3c","parent":"头上叶子3b","length":51.96,"x":51.96},{"name":"头上叶子4","parent":"头上叶子","length":48.24,"rotation":161.58,"x":-37.96,"y":-1.2},{"name":"头上叶子4b","parent":"头上叶子4","length":48.24,"x":48.24},{"name":"头上叶子4c","parent":"头上叶子4b","length":48.24,"x":48.24},{"name":"头上叶子2","parent":"头上叶子","length":77.59,"rotation":92.34,"x":-9.15,"y":13.53},{"name":"头上叶子2b","parent":"头上叶子2","length":77.59,"x":77.59},{"name":"头上叶子2c","parent":"头上叶子2b","length":77.59,"x":77.59},{"name":"头","parent":"头上叶子","length":101.45,"rotation":-7.09,"x":38.95,"y":-3.89},{"name":"鼓","parent":"头","rotation":7.09,"x":126.21,"y":-28.12},{"name":"眼睛2","parent":"头","rotation":7.09,"x":150.13,"y":41.65},{"name":"嘴1","parent":"头","length":128.7,"rotation":1.63,"x":188.73,"y":-1.31}],"slots":[{"name":"叶子4","bone":"叶子9","attachment":"叶子4"},{"name":"叶子3","bone":"叶子12","attachment":"叶子3"},{"name":"茎","bone":"茎","attachment":"茎"},{"name":"里嘴","bone":"头上叶子","attachment":"里嘴"},{"name":"头","bone":"头","attachment":"头"},{"name":"嘴1","bone":"嘴1","attachment":"嘴1"},{"name":"嘴2","bone":"嘴1"},{"name":"眼睛1","bone":"眼睛2","attachment":"眼睛1"},{"name":"鼓","bone":"鼓"},{"name":"下嘴","bone":"下嘴","attachment":"下嘴"},{"name":"上嘴","bone":"上嘴","attachment":"上嘴"},{"name":"叶子2","bone":"叶子5","attachment":"叶子2"},{"name":"叶子1","bone":"叶子1","attachment":"叶子1"},{"name":"头上叶子","bone":"头上叶子4","attachment":"头上叶子"}],"skins":[{"name":"default","attachments":{"上嘴":{"上嘴":{"type":"mesh","hull":20,"uvs":[0,0.5054,0,0.74768,0.0772,0.87935,0.20905,0.96889,0.35033,0.98469,0.48622,1,0.64094,0.98733,0.77953,0.92412,0.90734,0.85565,0.99153,0.69759,1,0.46585,0.95655,0.34471,0.85429,0.3052,0.76818,0.24464,0.68073,0.09716,0.56906,0,0.41702,0,0.27171,0.01816,0.14255,0.1393,0.04702,0.31574,0.32149,0.58699,0.54484,0.54485,0.76011,0.50798,0.16408,0.59752,0.32688,0.8319,0.60538,0.7924,0.79644,0.71339,0.14658,0.78713,0.24211,0.29204,0.55291,0.23147,0.38473,0.24727],"triangles":[7,26,8,10,9,26,9,8,26,10,26,12,26,22,12,11,10,12,22,13,12,6,5,25,21,25,5,6,25,7,7,25,26,25,22,26,25,21,22,21,29,22,21,30,29,22,29,13,13,29,14,29,15,14,29,16,15,5,4,24,5,24,21,24,20,21,20,30,21,20,28,30,30,16,29,30,17,16,3,24,4,2,27,3,3,27,24,24,23,20,23,24,27,2,1,27,27,1,23,1,0,23,0,19,23,23,19,28,23,28,20,28,19,18,28,17,30,28,18,17],"vertices":[1,24,-11.26,29.76,1,1,24,-13.3,-38.29,1,2,24,28.04,-76.55,0.9997,29,-140.16,-68.16,0.0003,2,24,99.77,-103.87,0.88183,29,-70.3,-99.97,0.11817,3,24,177.3,-110.64,0.34806,29,6.65,-111.63,0.629,30,-115.21,-111.63,0.02294,3,24,251.88,-117.18,0.02634,29,80.66,-122.88,0.71452,30,-41.2,-122.88,0.25915,3,29,165.72,-127.26,0.23501,30,43.86,-127.26,0.74237,31,-77.99,-127.26,0.02261,3,29,243.26,-116.68,0.02032,30,121.41,-116.68,0.65443,31,-0.45,-116.68,0.32525,2,30,193.2,-104.08,0.20188,31,71.34,-104.08,0.79812,2,30,243.44,-64.17,0.02459,31,121.58,-64.17,0.97541,1,31,132.29,0.23,1,1,31,111.66,36.35,1,2,30,178.56,52.64,0.12155,31,56.7,52.64,0.87845,3,29,254.85,74,0.01729,30,132.99,74,0.66931,31,11.14,74,0.31339,4,24,366.41,133.2,0.00015,29,210.82,119.74,0.1505,30,88.96,119.74,0.83338,31,-32.89,119.74,0.01598,3,24,305.84,162.33,0.01784,29,152.21,152.65,0.38328,30,30.36,152.65,0.59888,3,24,222.26,164.84,0.16654,29,68.96,160.45,0.60763,30,-52.9,160.45,0.22582,3,24,142.22,162.13,0.50079,29,-11.09,162.81,0.45914,30,-132.95,162.81,0.04007,3,24,70.19,130.24,0.82916,29,-84.99,135.54,0.16991,30,-206.85,135.54,0.00093,2,24,16.19,82.25,0.97861,29,-141.93,91.08,0.02139,2,24,164.8,1.54,0.38816,29,1.27,1.12,0.61184,2,29,124.68,1.46,0.25028,30,2.82,1.46,0.74972,2,30,121.68,0.74,0.51647,31,-0.18,0.74,0.48353,2,24,78.17,1.18,0.99996,29,-85.21,6.24,0.00004,3,24,165.7,-67.33,0.45764,29,-2.19,-67.68,0.53778,30,-124.05,-67.68,0.00459,3,29,151.35,-70.9,0.25367,30,29.5,-70.9,0.74282,31,-92.36,-70.9,0.0035,3,29,258.04,-58.59,0.00129,30,136.19,-58.59,0.47584,31,14.33,-58.59,0.52287,2,24,66.96,-51.79,0.99397,29,-99.75,-45.91,0.00603,3,24,123.64,85.69,0.71892,29,-34.47,87.71,0.27579,30,-156.33,87.71,0.00529,3,24,295.01,97.59,0.01104,29,137.31,88.72,0.38952,30,15.45,88.72,0.59944,3,24,202.42,95.92,0.20907,29,44.8,92.92,0.69081,30,-77.06,92.92,0.10011]}},"下嘴":{"下嘴":{"type":"mesh","hull":26,"uvs":[0.05497,0.00895,0.15775,0,0.1844,0.10616,0.25863,0.20524,0.33095,0.32115,0.33857,0.45949,0.37663,0.57539,0.44706,0.66512,0.53461,0.77168,0.65261,0.76101,0.78014,0.78905,0.88292,0.77222,1,0.77035,1,0.91056,0.91908,0.96851,0.79727,1,0.66023,1,0.52128,0.98721,0.40709,0.93113,0.30621,0.86009,0.19962,0.78531,0.09684,0.68249,0.03403,0.55163,0,0.41516,0,0.27682,0.0169,0.10484,0.14823,0.53481,0.10826,0.26935,0.26243,0.70492,0.37663,0.83578,0.5289,0.90495,0.69639,0.94795,0.86388,0.90869],"triangles":[16,31,15,15,32,14,15,31,32,14,32,13,31,10,32,31,9,10,32,11,13,11,12,13,32,10,11,17,30,16,16,30,31,31,30,9,30,8,9,17,18,30,19,29,18,18,29,30,30,29,8,29,7,8,29,19,28,19,20,28,29,28,7,20,21,28,21,26,28,28,6,7,28,26,6,21,22,26,26,5,6,22,23,26,23,27,26,26,4,5,4,27,3,4,26,27,23,24,27,24,25,27,27,25,2,27,2,3,2,0,1,0,2,25],"vertices":[1,25,7.1,-12.6,1,1,25,7.57,21.55,1,1,25,44.06,26.67,1,2,25,79.78,47.71,0.99933,26,-68.13,96.09,0.00067,2,25,121.07,67.55,0.93819,26,-22.5,92.01,0.06181,2,25,167.71,65.3,0.55968,26,16.43,66.22,0.44032,3,25,207.85,73.85,0.08984,26,55.29,53.03,0.89487,27,-29.08,79.71,0.01529,3,25,240.31,93.96,0.00129,26,93.47,53.7,0.76312,27,3.89,60.46,0.23559,3,26,139.57,55.54,0.09953,27,44.26,38.1,0.87821,28,-29.37,74.11,0.02226,3,26,159.99,89.03,0.00006,27,79.09,56.13,0.70721,28,8.9,65.51,0.29274,2,27,121.76,63.27,0.15258,28,46.16,43.53,0.84742,2,27,151.14,81.32,0.00491,28,80.27,38.45,0.99509,1,28,117.34,27.12,1,1,28,102.79,-17.83,1,1,28,71.3,-28.17,1,1,28,29.67,-25.86,1,2,27,111.74,-17.54,0.84789,28,-13.49,-11.89,0.15211,1,27,67.51,-30.85,1,1,27,25.38,-27.57,1,2,26,118.39,-22.91,0.8306,27,-14.57,-17.96,0.1694,1,26,77.12,-36.19,1,2,25,234.31,-21.95,0.00344,26,29.01,-42.83,0.99656,2,25,188.32,-38.14,0.69338,26,-18.78,-33.21,0.30662,1,25,141.43,-44.66,1,1,25,95.05,-39.91,1,1,25,37.96,-28.43,1,2,25,186.54,0.04,0.58487,26,-0.78,0.51,0.41513,1,25,96.19,-4,1,1,26,67.78,-3.35,1,2,26,125.72,0.68,0.04992,27,3.94,-1.6,0.95008,1,27,59.41,-4.22,1,2,27,116.23,3.22,0.15828,28,3.3,1.11,0.84172,1,28,60.12,-3.37,1]}},"叶子1":{"叶子1":{"type":"mesh","hull":30,"uvs":[0.69444,0.08304,0.80547,0.05664,0.90786,0.14244,0.97818,0.30744,1,0.49224,0.96214,0.66824,0.91033,0.83544,0.8067,0.94324,0.68457,0.94544,0.54887,0.96744,0.42181,0.99604,0.28981,0.96304,0.17138,0.91244,0.07885,0.78484,0.02087,0.59564,0.0036,0.36684,0.01717,0.17544,0.05542,0.01924,0.17385,0.04784,0.2454,0.18204,0.22319,0.36684,0.14917,0.39324,0.14054,0.49664,0.17631,0.64404,0.22072,0.54944,0.26513,0.36024,0.31942,0.19304,0.3996,0.07644,0.50199,0.00384,0.59575,0.00384,0.46252,0.63744,0.61426,0.32944,0.33669,0.71444,0.18248,0.77824,0.11586,0.61764,0.06035,0.42624,0.08256,0.20844],"triangles":[21,35,36,35,15,36,20,21,19,19,21,36,15,16,36,16,17,36,36,18,19,36,17,18,33,34,23,34,33,13,13,14,34,23,34,22,22,34,35,34,14,35,14,15,35,22,35,21,11,32,10,10,30,9,10,32,30,12,33,11,11,33,32,12,13,33,32,23,24,32,33,23,30,32,25,32,24,25,25,26,30,9,30,8,7,8,31,8,30,31,7,31,5,3,5,31,6,7,5,2,3,31,1,2,0,5,3,4,2,31,0,31,27,28,28,29,31,30,26,31,27,31,26,31,29,0],"vertices":[1,2,-8.29,-1.25,1,1,2,-25.45,15.48,1,1,2,-30.88,39.08,1,1,2,-24.6,63.14,1,1,2,-10.04,80.5,1,1,2,11.57,87.17,1,2,2,34.2,90.84,0.99959,3,-86.43,48.42,0.00041,2,2,58.07,81.39,0.98282,3,-61.7,55.33,0.01718,2,2,74.42,60.99,0.88314,3,-36.35,48.98,0.11686,2,2,94.43,39.78,0.48703,3,-7.58,44.2,0.51297,2,2,113.92,20.51,0.0692,3,19.59,40.64,0.9308,1,3,45.92,29.67,1,2,3,68.91,17.39,0.79849,4,-15.08,10.88,0.20151,1,4,8.24,19.98,1,1,4,34.09,18.94,1,2,4,59.54,7.98,0.18068,5,0.11,12.01,0.81932,1,5,22.93,15.89,1,1,5,43.24,13.49,1,2,4,73.62,-42.95,0.00021,5,47.31,-11.76,0.99979,2,4,51.93,-47.8,0.02752,5,36.34,-31.08,0.97248,2,4,35.36,-32.31,0.13543,5,13.74,-32.97,0.86457,2,4,40.79,-17.1,0.44524,5,6.11,-18.73,0.55476,2,4,31.1,-9.13,0.95459,5,-6.3,-20.56,0.04541,3,2,113.13,-46.9,0.00168,3,59.75,-13.51,0.35678,4,12,-6.6,0.64154,3,2,98.34,-46.43,0.04592,3,47.68,-22.09,0.93046,4,16.84,-20.59,0.02361,2,2,74.61,-52.97,0.29978,3,32.75,-41.65,0.70022,2,2,51.65,-56.23,0.5986,3,16.44,-58.13,0.4014,2,2,30.05,-51.37,0.81214,3,-3.7,-67.33,0.18786,2,2,9.67,-39.51,0.94728,3,-27.11,-70.22,0.05272,2,2,-2.72,-23.73,0.9916,3,-46.52,-65.15,0.0084,2,2,74.69,0.79,0.39154,3,0.29,1.21,0.60846,1,2,25.57,3.51,1,1,3,28.68,3.34,1,1,3,62.54,2.41,1,1,4,21.37,2.86,1,1,4,47.18,1.23,1,1,5,23.2,1.35,1]}},"叶子2":{"叶子2":{"type":"mesh","hull":37,"uvs":[0.30736,0.06693,0.39577,0.01368,0.50874,0.01812,0.6082,0.09355,0.68433,0.21335,0.74081,0.39083,0.77397,0.56165,0.82063,0.64817,0.85378,0.58384,0.86974,0.484,0.87466,0.37308,0.81449,0.39748,0.7666,0.30652,0.77151,0.13792,0.84764,0.05362,0.94342,0.02921,0.99008,0.17342,1,0.36864,0.98148,0.56609,0.93482,0.71916,0.88325,0.83452,0.79607,0.91883,0.69293,0.9632,0.58119,1,0.48664,0.98538,0.38104,0.94767,0.31227,0.88777,0.28526,0.83896,0.28035,0.93657,0.18826,0.92105,0.11826,0.84784,0.0495,0.73469,0.01512,0.60158,0.01021,0.39526,0.06178,0.20669,0.14159,0.08911,0.22878,0.06249,0.38595,0.3997,0.56277,0.64152,0.70889,0.74579,0.85869,0.74357,0.91149,0.6038,0.94096,0.46847,0.92746,0.22444],"triangles":[9,10,42,42,10,17,11,12,10,10,12,43,43,12,13,10,43,17,43,13,14,43,16,17,43,15,16,43,14,15,21,40,20,20,40,19,7,8,40,40,41,19,40,8,41,19,41,18,8,9,41,41,42,18,41,9,42,18,42,17,39,22,23,22,39,21,39,23,38,40,39,7,40,21,39,39,6,7,39,38,6,38,5,6,38,23,24,24,25,38,25,26,38,28,29,27,29,30,27,26,37,38,26,27,37,30,31,27,38,37,3,37,1,2,27,31,37,33,34,37,34,35,37,37,36,0,37,35,36,37,31,32,38,4,5,38,3,4,3,37,2,37,32,33,37,0,1],"vertices":[1,6,-1.72,6.39,1,2,6,6.85,24.51,0.99917,7,-53.26,65.69,0.00083,2,6,24.02,41.69,0.9717,7,-29.4,70.28,0.0283,2,6,45.29,50.93,0.87539,7,-6.61,66,0.12461,2,6,66.91,52.89,0.68757,7,12.39,55.5,0.31243,2,6,90.57,47.06,0.34638,7,28.7,37.4,0.65362,3,6,110.18,38.15,0.05996,7,39.94,19.02,0.92323,8,11.41,24.64,0.01681,3,6,124.55,38.28,0.0016,7,51.91,11.07,0.56101,8,7.94,10.69,0.43739,2,7,57.27,20.05,0.03557,8,18.2,8.66,0.96443,2,8,30.1,12,0.79227,9,1.59,15.57,0.20773,2,8,41.88,18.05,0.06006,9,14.14,11.35,0.93994,1,9,14.46,24.6,1,1,9,27.46,31.96,1,1,9,46.67,26.07,1,1,9,52.43,7.76,1,1,9,50.25,-12.92,1,1,9,31.17,-18.49,1,2,8,56.52,-4.59,0.00091,9,8.12,-14.93,0.99909,2,8,34.44,-13.57,0.95934,9,-13.71,-5.36,0.04065,1,8,13.68,-14.63,1,2,7,69.73,-7.78,0.35435,8,-3.83,-12.43,0.64565,2,7,53.52,-21.53,0.99919,8,-22.23,-1.77,0.00081,2,6,132.65,-7.48,0.00372,7,32.95,-31.35,0.99628,2,6,119.2,-27.86,0.17139,7,10.38,-40.68,0.82861,2,6,103.89,-41.34,0.51161,7,-9.86,-43.26,0.48839,2,6,84.94,-54.64,0.83218,7,-33,-43.64,0.16782,2,6,69.57,-60.39,0.94051,7,-48.95,-39.78,0.05949,2,6,61.36,-60.57,0.98057,7,-55.85,-35.32,0.01943,2,6,69.02,-69.36,0.9954,7,-54.44,-46.9,0.0046,2,6,53.99,-82.39,0.99985,7,-74.19,-49.25,0.00015,1,6,37.29,-87.23,1,1,6,17.35,-88.6,1,1,6,0.79,-82.99,1,1,6,-17.67,-66.77,1,1,6,-26.22,-43.25,1,1,6,-24.46,-21.18,1,1,6,-13.79,-5.45,1,1,6,38.57,-8.78,1,2,6,85.64,-1.22,0.8694,7,-2.46,0.19,0.1306,1,7,30.86,-5.34,1,1,8,2.59,-2.24,1,1,8,22.71,-3.14,1,2,8,39.74,-0.05,0.56964,9,-0.33,0.27,0.43036,1,9,28.55,-3.96,1]}},"叶子3":{"叶子3":{"type":"mesh","hull":24,"uvs":[0.92947,0.41855,0.96039,0.57805,0.96276,0.7458,0.90568,0.86955,0.79152,0.9438,0.63693,0.9713,0.47995,0.9548,0.33012,0.8998,0.19693,0.7953,0.09228,0.6633,0.02806,0.50655,0.01141,0.3168,0.05185,0.1353,0.18741,0.0583,0.34914,0.05555,0.39195,0.1793,0.3428,0.23421,0.23199,0.23421,0.25563,0.30938,0.33098,0.27008,0.46247,0.18467,0.60136,0.1505,0.74615,0.1915,0.86582,0.28375,0.38565,0.58613,0.69592,0.63737,0.24085,0.48875,0.13595,0.40504,0.16107,0.22396],"triangles":[24,19,20,25,21,22,25,22,23,25,23,0,25,0,1,25,1,2,3,25,2,20,21,25,24,20,25,4,25,3,6,24,25,5,6,25,7,24,6,4,5,25,27,11,28,26,27,18,10,11,27,26,18,19,24,26,19,26,9,10,26,10,27,8,9,26,8,26,24,7,8,24,28,12,13,17,13,14,16,17,14,28,13,17,15,16,14,11,12,28,18,27,28,18,28,17],"vertices":[1,13,0.07,-23.64,1,1,13,-5.46,-8.96,1,1,13,-7.96,6.95,1,1,13,-3.34,19.6,1,1,13,8.22,28.42,1,2,14,-42.99,17.75,0.00401,13,24.84,33.42,0.99599,2,14,-27.31,25.51,0.09152,13,42.32,34.28,0.90848,2,14,-10.37,29.69,0.39836,13,59.52,31.36,0.60164,2,14,7.48,28.87,0.83062,13,75.56,23.49,0.16938,2,14,24.01,24.13,0.99532,13,88.82,12.55,0.00468,1,14,37.95,15.03,1,2,15,5.72,14.77,0.38943,14,49.04,0.46,0.61057,2,15,23.56,12.4,0.96004,14,54.32,-16.74,0.03996,1,15,32.7,-1.65,1,1,15,35.11,-19.45,1,1,15,23.89,-25.59,1,1,15,18,-20.8,1,3,15,16.53,-8.59,0.98336,14,32.31,-19.09,0.01237,13,79.2,-30.39,0.00427,3,15,9.68,-12.06,0.61201,14,26.3,-14.31,0.31412,13,75.6,-23.61,0.07387,3,15,14.42,-19.91,0.21944,14,21.14,-21.9,0.44815,13,67.84,-28.51,0.33241,3,15,24.31,-33.42,0.06163,14,12.98,-36.52,0.21954,13,54.53,-38.66,0.71883,3,15,29.42,-48.33,0.02051,14,1.55,-47.37,0.08355,13,39.72,-44.06,0.89595,3,15,27.43,-64.76,0.00442,14,-14.21,-52.41,0.01844,13,23.25,-42.39,0.97715,3,15,20.23,-79.01,0.00017,14,-30.16,-51.8,0.0006,13,8.87,-35.47,0.99923,2,14,0.11,0.8,0.59318,13,57.61,0.69,0.40682,1,13,22.82,0.77,1,1,14,18.7,1.23,1,1,14,32.83,0.46,1,2,15,16.56,-0.66,0.99983,13,87.13,-30.27,0.00017]}},"叶子4":{"叶子4":{"type":"mesh","hull":26,"uvs":[0.02637,0.70058,0.03375,0.51608,0.10911,0.32304,0.22139,0.22567,0.3588,0.17442,0.51246,0.16588,0.6144,0.2325,0.72521,0.31621,0.76806,0.28033,0.75181,0.22738,0.6735,0.24446,0.61883,0.20175,0.60997,0.08046,0.73408,0.05996,0.85818,0.08729,0.95718,0.16246,0.98525,0.30767,0.96456,0.46825,0.9291,0.61346,0.85671,0.73817,0.74737,0.85433,0.62622,0.91925,0.49473,0.95683,0.35141,0.9705,0.19775,0.95,0.08251,0.83725,0.34254,0.63567,0.66759,0.5605,0.80352,0.43921,0.87444,0.33159,0.82568,0.19663],"triangles":[30,13,14,30,14,15,11,12,13,13,10,11,30,9,13,13,9,10,8,9,30,29,30,15,16,29,15,8,30,29,28,8,29,7,8,28,17,29,16,28,29,17,27,7,28,18,28,17,18,27,28,19,27,18,27,6,7,26,3,4,2,3,26,1,2,26,26,4,5,6,26,5,26,6,27,0,1,26,25,0,26,20,27,19,21,26,27,21,27,20,24,25,26,26,23,24,21,22,26,22,23,26],"vertices":[1,10,-1.25,-12.99,1,1,10,-0.08,4.7,1,2,10,8.65,23.06,0.99395,11,-29.08,59.94,0.00605,2,10,21.29,32.16,0.96358,11,-13.65,57.74,0.03642,2,10,36.64,36.78,0.88144,11,0.61,50.43,0.11856,2,10,53.71,37.27,0.7244,11,13.25,38.95,0.2756,3,10,64.9,30.65,0.53281,11,16.73,26.43,0.46379,12,22.39,19.63,0.0034,3,10,77.03,22.37,0.1194,11,19.75,12.05,0.71899,12,9.15,13.27,0.16161,3,10,81.86,25.72,0.01455,11,25.54,11.12,0.32201,12,9.63,7.42,0.66345,3,10,80.15,30.84,0.00061,11,27.86,15.99,0.02723,12,14.91,6.33,0.97217,1,12,18.01,14.61,1,1,12,24.66,17.68,1,1,12,35.13,12.49,1,1,12,29.68,-0.31,1,1,12,20.3,-10.74,1,1,12,8.44,-16.4,1,2,11,40.74,-7.78,0.33213,12,-5.1,-11.85,0.66787,2,11,28.21,-17.06,0.96681,12,-17.1,-1.9,0.03319,2,10,99.1,-6.61,0.04036,11,15.57,-24.13,0.95964,2,10,90.83,-18.42,0.30981,11,1.42,-26.92,0.69019,2,10,78.47,-29.33,0.75784,11,-15.04,-26.22,0.24216,2,10,64.91,-35.29,0.95852,11,-28.96,-21.12,0.04148,2,10,50.24,-38.61,0.99977,11,-41.83,-13.35,0.00023,1,10,34.31,-39.61,1,1,10,17.3,-37.31,1,1,10,4.72,-26.23,1,1,10,33.96,-7.45,1,2,10,70.18,-0.95,0.88731,11,-1.36,-0.01,0.11269,1,11,17.54,-2.45,1,2,11,30.41,-0.71,0.64701,12,-0.69,-0.14,0.35299,1,12,13.19,-2.22,1]}},"嘴1":{"嘴1":{"x":53.64,"y":3.93,"rotation":44.87,"width":147,"height":131},"嘴2":{"x":53.64,"y":3.93,"rotation":44.87,"width":147,"height":131}},"头":{"头":{"type":"mesh","hull":4,"uvs":[1,1,0,1,0,0,1,0],"triangles":[1,2,3,1,3,0],"vertices":[266.97,4.78,112.08,-158.42,-63.41,-8.26,106.67,156.92]}},"头上叶子":{"头上叶子":{"type":"mesh","hull":45,"uvs":[1,0.11275,0.89315,0.18988,0.79631,0.22223,0.73685,0.28319,0.69098,0.34415,0.64001,0.40636,0.60603,0.48349,0.57375,0.55316,0.52448,0.61039,0.54147,0.6701,0.50919,0.73977,0.51259,0.81318,0.5007,0.88906,0.45313,0.95873,0.37498,1,0.29003,1,0.26795,0.95251,0.31382,0.89404,0.26965,0.84677,0.1898,0.82188,0.16431,0.74599,0.16771,0.6614,0.1898,0.57431,0.24586,0.51957,0.15752,0.48225,0.11165,0.43995,0.04709,0.38147,0,0.31554,0,0.24836,0,0.16127,0.08276,0.13888,0.12014,0.21974,0.21528,0.19113,0.31721,0.2185,0.36139,0.27697,0.43614,0.24462,0.52618,0.25955,0.56866,0.23592,0.58225,0.16625,0.57715,0.09782,0.66549,0.07792,0.74195,0.11648,0.8065,0.07916,0.83199,0,1,0,0.33251,0.50588,0.41575,0.52828,0.46672,0.55814,0.39876,0.43995,0.44463,0.34166,0.4973,0.29688,0.36818,0.69872,0.35629,0.82313,0.36309,0.93012,0.58055,0.3653,0.76743,0.18864,0.22887,0.38521,0.13543,0.28319],"triangles":[27,28,57,28,31,57,57,31,32,28,29,31,29,30,31,25,26,56,26,57,56,34,56,57,56,34,49,34,57,33,33,57,32,26,27,57,51,22,45,22,23,45,51,45,46,45,23,56,23,24,56,45,56,48,24,25,56,38,41,55,2,55,1,55,42,1,1,42,0,55,41,42,0,42,44,42,43,44,36,37,54,54,37,4,4,37,3,50,35,36,3,37,55,55,37,38,3,55,2,41,38,40,38,39,40,7,47,6,6,47,46,45,48,46,6,48,54,54,48,49,48,6,46,6,54,5,48,56,49,5,54,4,49,50,54,50,36,54,34,35,49,49,35,50,15,53,14,14,53,13,15,16,53,13,53,12,16,17,53,12,53,52,53,17,52,17,18,52,12,52,11,52,18,20,52,10,11,52,51,10,51,52,20,20,18,19,20,21,51,21,22,51,10,51,9,51,8,9,51,47,8,51,46,47,8,47,7],"vertices":[2,39,141.1,-34.52,0.00001,40,63.51,-34.52,0.99999,2,39,99.68,-28.44,0.00105,40,22.09,-28.44,0.99895,2,39,73.56,-14.31,0.62519,40,-4.03,-14.31,0.37481,1,39,45.03,-15.07,1,2,38,96.37,-18.86,0.03945,39,18.78,-18.86,0.96055,3,32,-69.06,49.07,0.00225,38,68.89,-21.79,0.8463,39,-8.7,-21.79,0.15145,2,32,-38.71,43.39,0.09998,38,39.73,-31.94,0.90002,2,32,-11.24,37.82,0.44799,38,13.12,-40.75,0.55201,3,32,12.13,26.95,0.89563,33,-39.83,26.95,0.00153,38,-12.56,-42.93,0.10283,3,32,34.1,34.54,0.88213,33,-17.86,34.54,0.11648,38,-27.86,-60.42,0.00139,3,32,61.57,28.97,0.26607,33,9.61,28.97,0.73388,34,-42.35,28.97,0.00005,3,32,89.19,33.46,0.00203,33,37.23,33.46,0.83973,34,-14.73,33.46,0.15824,2,33,66.33,33.83,0.25203,34,14.37,33.83,0.74797,2,33,94.35,24.03,0.00432,34,42.39,24.03,0.99568,1,34,60.74,4.4,1,1,34,63.75,-19.11,1,1,34,46.58,-27.52,1,4,23,57.45,-118.09,0.00123,33,74.82,-17.65,0.04871,34,22.86,-17.65,0.94904,35,-127.46,80.75,0.00102,5,23,36.49,-111.99,0.01885,32,110.48,-32.16,0.00229,33,58.52,-32.16,0.53864,34,6.56,-32.16,0.42296,35,-105.66,81.59,0.01727,5,23,13.26,-118.81,0.04985,32,103.9,-55.46,0.02459,33,51.94,-55.46,0.7309,34,-0.02,-55.46,0.14703,35,-85.77,95.4,0.04763,5,23,-10.59,-100.98,0.10381,32,76.12,-66.17,0.10712,33,24.16,-66.17,0.64521,34,-27.8,-66.17,0.0366,35,-57.51,86.02,0.10727,5,23,-30.31,-75.48,0.20121,32,44.03,-69.32,0.21407,33,-7.93,-69.32,0.34062,34,-59.89,-69.32,0.00094,35,-30.73,68.05,0.24316,4,23,-46.62,-45.93,0.25934,32,10.33,-67.41,0.17083,33,-41.63,-67.41,0.10481,35,-5.93,45.17,0.46503,5,23,-47.77,-19.88,0.11695,32,-12.34,-54.54,0.0439,33,-64.3,-54.54,0.01706,35,3.4,20.83,0.82053,36,-44.85,20.83,0.00156,3,33,-75.28,-80.79,0.00001,35,28.56,34.12,0.81652,36,-19.69,34.12,0.18347,3,35,49.02,36.37,0.43353,36,0.77,36.37,0.56438,37,-47.47,36.37,0.00209,3,35,77.46,39.76,0.04139,36,29.22,39.76,0.82264,37,-19.03,39.76,0.13597,2,36,57.48,37.5,0.38536,37,9.23,37.5,0.61464,2,36,79.14,23.87,0.03104,37,30.9,23.87,0.96896,1,37,58.98,6.2,1,1,37,53.91,-17.88,1,3,38,38.21,136.8,0.00125,36,70.53,-10.31,0.02225,37,22.28,-10.31,0.9765,4,38,62.9,122.19,0.02671,39,-14.69,122.19,0.00084,36,65.62,-38.58,0.42734,37,17.37,-38.58,0.54511,5,38,71.72,93.21,0.09553,39,-5.87,93.21,0.01191,35,89.89,-57.1,0.01532,36,41.65,-57.1,0.64317,37,-6.59,-57.1,0.23408,5,38,61.38,69.95,0.29149,39,-16.22,69.95,0.07496,35,64.48,-55.67,0.0975,36,16.23,-55.67,0.49073,37,-32.01,-55.67,0.04533,5,38,83.78,60.73,0.42916,39,6.19,60.73,0.25629,35,63.8,-79.89,0.07292,36,15.56,-79.89,0.23873,37,-32.69,-79.89,0.0029,5,38,94.38,37.26,0.26943,39,16.79,37.26,0.62476,40,-60.8,37.26,0,35,45.61,-98.12,0.02528,36,-2.63,-98.12,0.08053,5,38,108.71,33.23,0.05858,39,31.12,33.23,0.91151,40,-46.47,33.23,0.00629,35,46.93,-112.95,0.00438,36,-1.32,-112.95,0.01924,3,39,54.59,46.2,0.8533,40,-23.01,46.2,0.14617,36,19.13,-130.29,0.00054,2,39,74.53,63.05,0.71153,40,-3.06,63.05,0.28847,2,39,95.44,47.95,0.59153,40,17.85,47.95,0.40847,2,39,96.57,22.08,0.21744,40,18.98,22.08,0.78256,2,39,118.77,16.28,0.00008,40,41.18,16.28,0.99992,1,40,69.53,28.78,1,2,39,175.38,-8.62,0,40,97.79,-8.62,1,5,23,-32.4,-0.51,0.09384,32,-20.57,-31.22,0.00264,33,-72.53,-31.22,0.00035,38,-13.08,23.81,0.09902,35,-5.06,-2.41,0.80415,3,23,-9.04,7.64,0.33822,38,-5.89,0.14,0.61316,35,-24.65,-17.53,0.04862,3,23,9.17,7.88,0.13087,32,-5.57,8.44,0.61064,38,-6.39,-18.07,0.25849,3,38,18.11,24.2,0.62699,35,6.36,-31.44,0.34955,36,-41.88,-31.44,0.02346,5,38,55.71,36.56,0.61764,39,-21.89,36.56,0.09577,35,31.25,-62.21,0.12723,36,-17,-62.21,0.15903,37,-65.24,-62.21,0.00034,4,38,78.18,35.12,0.456,39,0.59,35.12,0.37716,35,37.87,-83.73,0.04746,36,-10.38,-83.73,0.11938,4,23,21.93,-50.96,0.03674,32,51.04,-12.04,0.49329,33,-0.92,-12.04,0.44047,35,-72.55,28.28,0.02951,4,23,49.46,-89.69,0.00351,33,46.52,-9.32,0.79765,34,-5.44,-9.32,0.19572,35,-110.9,56.33,0.00313,1,34,34.76,-2.27,1,4,38,71.37,0.87,0.9975,39,-6.22,0.87,0.00109,35,3.43,-89.51,0.00049,36,-44.81,-89.51,0.00093,2,39,78.92,-0.17,0.37226,40,1.33,-0.17,0.62774,4,38,6.19,74.6,0.00489,39,-71.41,74.6,0.00011,35,49.25,-2.42,0.39214,36,1.01,-2.42,0.60286,4,38,21.49,118.82,0.00022,39,-56.1,118.82,0,36,47.79,-1.05,0.5458,37,-0.45,-1.05,0.45397]}},"眼睛1":{"眼睛1":{"x":-14.21,"y":4.99,"rotation":39.41,"width":91,"height":80},"眼睛2":{"x":-17.34,"y":5.65,"rotation":39.41,"width":103,"height":79}},"茎":{"茎":{"type":"mesh","hull":58,"uvs":[0.5946,0.91628,0.61882,0.97637,0.72054,1,0.86344,0.99641,0.97848,0.95467,1,0.9071,0.97969,0.8445,0.94821,0.7844,0.90098,0.7218,0.84164,0.67339,0.77084,0.63917,0.70424,0.6183,0.63158,0.59911,0.54318,0.58241,0.48021,0.56739,0.47658,0.5315,0.45478,0.49227,0.38575,0.48225,0.32399,0.48392,0.36274,0.44136,0.38091,0.39795,0.36517,0.35288,0.32036,0.32534,0.34216,0.30948,0.41239,0.28361,0.46204,0.25272,0.49837,0.21016,0.51654,0.16759,0.58435,0.14171,0.63037,0.11417,0.65096,0.08245,0.63279,0.04239,0.58799,0.00733,0.48505,0,0.40997,0.01902,0.33731,0.0474,0.28403,0.07494,0.23317,0.10081,0.15082,0.12168,0.10602,0.14422,0.08058,0.18595,0.0818,0.22518,0.0818,0.26608,0.06363,0.30948,0.04304,0.36123,0.03215,0.40797,0.03336,0.45555,0.00672,0.50563,0.00429,0.56739,0.04183,0.61747,0.1157,0.63166,0.17625,0.65169,0.24286,0.68257,0.3252,0.70177,0.40634,0.72431,0.47779,0.75602,0.5439,0.79558,0.5778,0.84065,0.7316,0.76637,0.7873,0.86235,0.58991,0.69375,0.43975,0.65953,0.28475,0.58274,0.19029,0.53266,0.17455,0.41581,0.17939,0.32817,0.23873,0.2422,0.30049,0.16875,0.40221,0.13203,0.48698,0.10866,0.58507,0.08028],"triangles":[70,33,32,70,32,31,70,31,30,69,33,70,29,70,30,28,69,70,28,70,29,27,69,28,68,69,27,34,33,69,68,35,34,68,34,69,36,35,68,67,36,68,37,36,67,26,68,27,25,68,26,67,68,25,25,24,67,66,41,40,67,38,37,66,38,67,39,38,66,66,40,39,24,66,67,42,41,66,23,66,24,22,66,23,65,42,66,65,66,22,43,42,65,65,44,43,64,44,65,45,44,64,64,21,20,21,64,22,46,45,64,22,64,65,64,20,19,18,64,19,63,64,18,46,64,63,47,46,63,48,47,63,62,63,18,49,48,63,50,49,63,51,50,63,62,51,63,62,18,17,15,17,16,15,62,17,61,14,13,52,51,62,62,15,14,61,62,14,53,62,61,52,62,53,54,53,61,60,13,12,60,12,11,61,13,60,55,61,60,54,61,55,10,60,11,58,10,9,58,60,10,56,55,60,56,60,58,57,56,58,58,9,8,7,59,58,7,58,8,59,7,6,57,58,59,0,57,59,5,4,59,5,59,6,2,1,0,3,59,4,59,2,0,3,2,59],"vertices":[2,16,40.6,65.39,0.91229,17,8.06,89.96,0.08771,2,16,9.3,64.67,0.98436,17,-12.86,113.25,0.01564,1,16,-10.84,33.46,1,1,16,-21.22,-14.91,1,1,16,-10.68,-58.64,1,1,16,10.64,-71.72,1,1,16,42.83,-72.62,1,2,16,74.75,-69.47,0.97843,17,-72.09,-23.74,0.02157,2,16,109.23,-61.34,0.76824,17,-43.48,-44.62,0.23176,2,16,137.82,-47.4,0.38256,17,-14.29,-57.26,0.61744,2,16,160.49,-27.87,0.09143,17,15.29,-61.76,0.90857,3,16,176.3,-8.1,0.00652,17,40.59,-60.89,0.99127,18,-58.48,-73.59,0.00221,2,17,67.4,-58.35,0.95056,18,-32.68,-65.91,0.04944,3,17,98.52,-52.25,0.66557,18,-3.32,-53.91,0.3344,19,-31,-121.76,0.00002,3,17,121.39,-49.32,0.21242,18,18.55,-46.61,0.77915,19,-22.54,-100.31,0.00843,3,17,130.53,-64.9,0.043,18,30.53,-60.13,0.92399,19,-4.48,-99.82,0.03301,4,17,146.04,-79.19,0.00509,18,48.51,-71.15,0.93067,19,15.51,-93.13,0.06424,20,-26.91,-124.23,0,3,18,70.51,-60.58,0.84611,19,21.55,-69.48,0.15347,20,-33.78,-100.82,0.00042,3,18,86.94,-46.9,0.50603,19,21.62,-48.09,0.4818,20,-44.63,-82.39,0.01217,3,18,89.33,-72.01,0.13192,19,42.4,-62.4,0.78518,20,-19.46,-84.09,0.0829,4,18,97.63,-93.12,0.04579,19,63.9,-69.6,0.77967,20,2.71,-79.32,0.17453,22,-84.93,-123.06,0.00001,5,18,115.73,-107.74,0.0133,19,86.74,-65.12,0.66807,20,20.07,-63.81,0.31532,21,-21.32,-91.2,0.00213,22,-81.85,-99.99,0.00118,5,18,136.45,-109.25,0.00139,19,101.21,-50.22,0.36178,20,24.92,-43.61,0.59955,21,-28.57,-71.73,0.027,22,-91.32,-81.5,0.01028,5,18,135.32,-120.16,0.00001,19,108.85,-58.09,0.14231,20,35.5,-46.49,0.73508,21,-18.18,-68.22,0.09016,22,-81.42,-76.8,0.03244,4,19,120.79,-82.93,0.01163,20,58.44,-61.76,0.57574,21,9.38,-68.1,0.29082,22,-54.07,-73.45,0.1218,3,20,80.22,-69.55,0.34527,21,31.81,-62.42,0.41363,22,-32.45,-65.19,0.2411,3,20,105,-70.52,0.13939,21,52.91,-49.41,0.40203,22,-13.02,-49.79,0.45858,3,20,126.8,-65.95,0.02611,21,68.46,-33.45,0.16093,22,0.55,-32.13,0.81296,2,20,149.34,-80.47,0.00003,22,27.12,-28.48,0.99997,2,21,115.81,-28.16,0.00011,22,46.96,-21.32,0.99989,2,21,129.55,-17.41,0.00042,22,59.34,-9.04,0.99958,2,21,133.39,3.31,0.02657,22,60.74,11.98,0.97343,2,21,127.91,26.11,0.18661,22,52.63,33.99,0.81339,2,21,98.15,46.01,0.66009,22,20.74,50.27,0.33991,2,21,70.72,49.71,0.95204,22,-6.94,50.73,0.04796,2,20,150.61,17.23,0.00031,21,41.84,48.87,0.99969,2,20,129.71,26.93,0.07073,21,19.08,45.26,0.92927,2,20,109.94,36.29,0.38681,21,-2.55,42.01,0.61319,2,20,87.23,56.44,0.84896,21,-32.64,46.06,0.15104,2,20,69.93,64.74,0.95154,21,-51.63,43.31,0.04846,2,20,47.31,62.58,0.99475,21,-69.2,28.9,0.00525,2,19,154.96,30.11,0.00415,20,30.16,52.9,0.99585,2,19,134.45,30.98,0.10618,20,12.07,43.18,0.89382,2,19,112.95,38.19,0.50928,20,-10.1,38.41,0.49072,2,19,87.29,46.41,0.92106,20,-36.35,32.4,0.07894,2,19,64.01,51.17,0.99795,20,-58.81,24.62,0.00205,2,18,175.35,3.09,0.01002,19,40.13,51.77,0.98998,2,18,167.34,28.64,0.1249,19,15.41,62.05,0.8751,2,18,149.11,53.73,0.39001,19,-15.54,64.2,0.60999,2,18,123.49,65.75,0.6251,19,-41.21,52.3,0.3749,2,18,98.89,55.82,0.84994,19,-49.41,27.06,0.15006,2,18,76.15,51.03,0.98651,19,-60.35,6.56,0.01349,1,18,48.43,49.28,1,2,17,139.43,34.95,0.05418,18,19.97,39.55,0.94582,2,17,109.26,32.6,0.63805,18,-9.19,31.42,0.36195,3,16,128.51,84.83,0.01142,17,80.04,35.87,0.98169,18,-38.49,28.98,0.00688,2,16,103.64,67.52,0.16831,17,50.72,43.49,0.83169,2,16,78.83,61.7,0.54765,17,30.15,58.54,0.45235,2,16,101.92,0.97,0.62171,17,-0.93,1.47,0.37829,1,16,50.48,-5.89,1,2,17,59.18,-9.38,0.99992,18,-50.2,-19.45,0.00008,2,17,113.36,-1.67,0.40108,18,1.46,-1.41,0.59892,1,18,67.48,0.71,1,2,18,108.71,0.69,0.58157,19,-0.85,-0.83,0.41843,1,19,57.98,2.11,1,3,19,101.87,-1.43,0.48062,20,0.59,-1.32,0.51938,22,-137.33,-65.23,0,1,20,48.32,1.02,1,2,20,90.91,-0.37,0.33299,21,2.1,0.97,0.66701,1,21,41.83,0.82,1,1,22,1.68,-0.85,1,2,21,109.91,-5.79,0.00083,22,38.48,0.2,0.99917]}},"里嘴":{"里嘴":{"type":"mesh","hull":28,"uvs":[0.4532,0.0994,0.62432,0.1778,0.72597,0.28706,0.81407,0.40532,0.88183,0.52614,0.96178,0.62479,1,0.76747,1,0.85873,0.96178,0.94613,0.86339,0.97805,0.79575,1,0.61955,1,0.55876,0.99178,0.43982,0.9757,0.43982,0.9757,0.30375,0.90401,0.24503,0.85877,0.1809,0.80937,0.12374,0.72585,0.07885,0.66025,0.05335,0.56723,0.02971,0.48101,0.0148,0.37382,0,0.26737,0,0.15081,0.09234,0.05184,0.21432,0,0.3668,0,0.4719,0.5038,0.31188,0.25165,0.67587,0.70925,0.83941,0.87334,0.64422,0.92537,0.46838,0.83332,0.26968,0.61853,0.20286,0.43442,0.17297,0.16894],"triangles":[29,36,0,23,24,36,29,23,36,2,29,1,36,25,26,24,25,36,36,27,0,27,36,26,1,29,0,31,30,6,7,31,6,8,31,7,9,31,8,10,32,31,31,9,10,14,15,33,30,33,34,30,4,5,32,33,30,13,14,33,33,12,13,32,12,33,11,12,32,10,11,32,31,32,30,30,5,6,2,28,29,35,29,28,4,28,3,4,30,28,34,35,28,18,19,34,17,18,34,30,34,28,16,17,34,33,16,34,15,16,33,28,2,3,19,20,34,29,22,23,35,22,29,21,22,35,20,21,35,20,35,34],"vertices":[5,25,-47.83,139.79,0.00336,26,-130.66,240.49,0.0036,27,-90.72,336.45,0.0013,28,59.22,389.37,0.00598,24,140.91,26.37,0.98575,5,25,-8.51,192.01,0.00336,26,-70.16,265.24,0.33693,27,-26.16,326.2,0.0013,28,102.05,339.99,0.00598,24,195.82,-9.08,0.65241,5,25,41.73,220.27,0.00336,26,-12.54,263.83,0.67027,27,22.36,295.09,0.0013,28,119.18,284.96,0.00598,24,227.64,-57.15,0.31908,1,26,45.56,256.55,1,2,26,100.57,243.27,0.66667,27,108.36,218.8,0.33333,3,26,150.29,238.89,0.33333,27,148.58,189.25,0.33333,28,147.74,122.73,0.33333,2,27,183.31,136.99,0.33333,28,140.71,60.37,0.66667,1,28,128.6,22.95,1,1,28,105.11,-9.05,1,1,28,70.27,-12.23,1,2,27,159.15,18.99,0.33333,28,46.31,-14.42,0.66667,2,27,105.77,-2.69,0.66667,28,-8.51,3.31,0.33333,1,27,86.02,-6.89,1,1,27,47.38,-15.11,1,2,26,169.86,11.68,0.33333,27,47.38,-15.11,0.66667,2,26,118.52,-5.6,0.66667,27,-5.47,-3.23,0.33333,1,26,91.42,-9.38,1,1,26,61.82,-13.51,1,2,25,209.78,5.09,0.33333,26,21.78,-7.04,0.66667,2,25,180.16,-6.63,0.66667,26,-9.67,-1.95,0.33333,1,25,139.43,-10.84,1,1,25,101.68,-14.74,1,1,25,55.22,-14.88,1,2,25,9.08,-15.01,0.66667,24,-9.39,-41.55,0.33333,2,25,-40.89,-9.89,0.33333,24,-7.89,8.66,0.66667,1,24,23.57,50.4,1,1,24,64.11,71.53,1,1,24,113.95,70.04,1,1,26,12.88,141.43,1,5,25,12.74,87.13,0.17736,26,-105.56,164.26,0.00766,27,-108.83,258.26,0.0012,28,-4.95,341.16,0.00441,24,92.75,-37.83,0.80936,1,27,75.67,120.34,1,5,25,296.88,231.42,0.00103,26,212.4,142.87,0.01386,27,151.83,74.94,0.04894,28,76.69,33.12,0.91889,24,257.15,-310.83,0.01728,1,27,101.14,30.14,1,1,27,32.94,45.26,1,1,26,13.12,58.86,1,5,25,87.47,43.64,0.81595,26,-63.6,88.65,0.03645,27,-112.21,171.86,0.00404,28,-63.12,277.18,0.0089,24,54.76,-115.51,0.13465,4,25,-27.35,45.58,0.00296,26,-161.27,149.07,0,28,-37.19,389.06,0,24,48.41,-0.84,0.99704]}},"鼓":{"鼓":{"x":-2.92,"y":-2.34,"rotation":39.41,"width":111,"height":99}}}}],"events":{"gongji":{}},"animations":{"daiji":{"bones":{"叶子1":{"rotate":[{"curve":0.25,"c3":0.75},{"time":0.5333,"angle":-1.63,"curve":0.25,"c3":0.75},{"time":1.0667}],"scale":[{"curve":0.25,"c3":0.75},{"time":0.5333,"x":0.939,"y":1.048,"curve":0.25,"c3":0.75},{"time":1.0667}]},"叶子2":{"rotate":[{"angle":-1.52,"curve":0.379,"c2":0.6,"c3":0.724},{"time":0.1333,"curve":0.25,"c3":0.75},{"time":0.6667,"angle":-8.23,"curve":0.242,"c3":0.667,"c4":0.67},{"time":1.0667,"angle":-1.52}]},"叶子3":{"rotate":[{"angle":-4.11,"curve":0.375,"c2":0.5,"c3":0.75},{"time":0.2667,"curve":0.25,"c3":0.75},{"time":0.8,"angle":-8.23,"curve":0.25,"c3":0.625,"c4":0.5},{"time":1.0667,"angle":-4.11}]},"叶子4":{"rotate":[{"angle":-6.71,"curve":0.333,"c2":0.33,"c3":0.758},{"time":0.4,"curve":0.25,"c3":0.75},{"time":0.9333,"angle":-8.23,"curve":0.276,"c3":0.621,"c4":0.4},{"time":1.0667,"angle":-6.71}]},"叶子5":{"rotate":[{"angle":0.32,"curve":0.374,"c2":0.62,"c3":0.714},{"time":0.1,"curve":0.25,"c3":0.75},{"time":0.6333,"angle":2.77,"curve":0.243,"c3":0.683,"c4":0.73},{"time":1.0667,"angle":0.32}],"scale":[{"x":0.993,"y":1.006,"curve":0.374,"c2":0.62,"c3":0.714},{"time":0.1,"curve":0.25,"c3":0.75},{"time":0.6333,"x":0.939,"y":1.048,"curve":0.243,"c3":0.683,"c4":0.73},{"time":1.0667,"x":0.993,"y":1.006}]},"叶子6":{"rotate":[{"angle":2.05,"curve":0.344,"c2":0.37,"c3":0.683,"c4":0.72},{"time":0.1,"angle":0.91,"curve":0.379,"c2":0.6,"c3":0.724},{"time":0.2333,"curve":0.25,"c3":0.75},{"time":0.7667,"angle":4.94,"curve":0.247,"c3":0.632,"c4":0.53},{"time":1.0667,"angle":2.05}]},"叶子7":{"rotate":[{"angle":3.67,"curve":0.323,"c2":0.3,"c3":0.661,"c4":0.65},{"time":0.1,"angle":2.47,"curve":0.375,"c2":0.5,"c3":0.75},{"time":0.3667,"curve":0.25,"c3":0.75},{"time":0.9,"angle":4.94,"curve":0.267,"c3":0.618,"c4":0.42},{"time":1.0667,"angle":3.67}]},"叶子8":{"rotate":[{"angle":4.86,"curve":0.296,"c2":0.15,"c3":0.636,"c4":0.52},{"time":0.1,"angle":4.03,"curve":0.333,"c2":0.33,"c3":0.758},{"time":0.5,"curve":0.25,"c3":0.75},{"time":1.0333,"angle":4.94,"curve":0.314,"c3":0.649,"c4":0.35},{"time":1.0667,"angle":4.86}]},"叶子9":{"rotate":[{"angle":0.77,"curve":0.347,"c2":0.38,"c3":0.757},{"time":0.3667,"angle":3.01,"curve":0.25,"c3":0.75},{"time":0.9,"curve":0.267,"c3":0.618,"c4":0.42},{"time":1.0667,"angle":0.77}],"scale":[{"x":1.014,"y":0.974,"curve":0.347,"c2":0.38,"c3":0.757},{"time":0.3667,"x":1.052,"y":0.9,"curve":0.25,"c3":0.75},{"time":0.9,"curve":0.267,"c3":0.618,"c4":0.42},{"time":1.0667,"x":1.014,"y":0.974}]},"叶子10":{"rotate":[{"angle":0.06,"curve":0.276,"c2":0.11,"c3":0.753},{"time":0.5,"angle":3.01,"curve":0.242,"c3":0.667,"c4":0.67},{"time":0.9,"angle":0.55,"curve":0.379,"c2":0.6,"c3":0.724},{"time":1.0333,"curve":0.314,"c3":0.649,"c4":0.35},{"time":1.0667,"angle":0.06}]},"叶子11":{"rotate":[{"angle":0.35,"curve":0.374,"c2":0.62,"c3":0.714},{"time":0.1,"curve":0.25,"c3":0.75},{"time":0.6333,"angle":3.01,"curve":0.25,"c3":0.625,"c4":0.5},{"time":0.9,"angle":1.5,"curve":0.348,"c2":0.38,"c3":0.697,"c4":0.77},{"time":1.0667,"angle":0.35}]},"叶子12":{"rotate":[{"angle":-3.71,"curve":0.375,"c2":0.5,"c3":0.75},{"time":0.2667,"angle":-7.43,"curve":0.25,"c3":0.75},{"time":0.8,"curve":0.25,"c3":0.625,"c4":0.5},{"time":1.0667,"angle":-3.71}],"scale":[{"x":1.026,"y":0.95,"curve":0.375,"c2":0.5,"c3":0.75},{"time":0.2667,"x":1.052,"y":0.9,"curve":0.25,"c3":0.75},{"time":0.8,"curve":0.25,"c3":0.625,"c4":0.5},{"time":1.0667,"x":1.026,"y":0.95}]},"叶子13":{"rotate":[{"angle":-1.37,"curve":0.333,"c2":0.33,"c3":0.758},{"time":0.4,"angle":-7.43,"curve":0.242,"c3":0.667,"c4":0.67},{"time":0.8,"angle":-1.37,"curve":0.379,"c2":0.6,"c3":0.724},{"time":0.9333,"curve":0.276,"c3":0.621,"c4":0.4},{"time":1.0667,"angle":-1.37}]},"叶子14":{"rotate":[{"curve":0.25,"c3":0.75},{"time":0.5333,"angle":-7.43,"curve":0.25,"c3":0.625,"c4":0.5},{"time":0.8,"angle":-3.71,"curve":0.375,"c2":0.5,"c3":0.75},{"time":1.0667}]},"茎":{"rotate":[{"angle":6.06,"curve":0.25,"c3":0.75},{"time":0.5333,"angle":-1.18,"curve":0.25,"c3":0.75},{"time":1.0667,"angle":6.06}],"scale":[{"x":1.016,"curve":0.25,"c3":0.75},{"time":0.5333,"x":0.945,"y":1.035,"curve":0.25,"c3":0.75},{"time":1.0667,"x":1.016}]},"茎2":{"rotate":[{"angle":-2.34,"curve":0.364,"c2":0.64,"c3":0.701},{"time":0.0667,"angle":-2.42,"curve":0.25,"c3":0.75},{"time":0.6,"angle":-1.18,"curve":0.244,"c3":0.702,"c4":0.8},{"time":1.0667,"angle":-2.34}],"translate":[{"x":11.47,"y":-1.39,"curve":0.364,"c2":0.64,"c3":0.701},{"time":0.0667,"x":12.33,"y":-0.78,"curve":0.25,"c3":0.75},{"time":0.6,"x":-1.3,"y":-10.45,"curve":0.244,"c3":0.702,"c4":0.8},{"time":1.0667,"x":11.47,"y":-1.39}],"scale":[{"x":1.013,"curve":0.364,"c2":0.64,"c3":0.701},{"time":0.0667,"x":1.016,"curve":0.25,"c3":0.75},{"time":0.6,"x":0.968,"curve":0.244,"c3":0.702,"c4":0.8},{"time":1.0667,"x":1.013}]},"茎3":{"rotate":[{"angle":2.41,"curve":0.379,"c2":0.6,"c3":0.724},{"time":0.1333,"angle":3.22,"curve":0.25,"c3":0.75},{"time":0.6667,"angle":-1.18,"curve":0.242,"c3":0.667,"c4":0.67},{"time":1.0667,"angle":2.41}],"translate":[{"x":7.12,"y":1.65,"curve":0.379,"c2":0.6,"c3":0.724},{"time":0.1333,"x":10.22,"y":3.13,"curve":0.25,"c3":0.75},{"time":0.6667,"x":-6.6,"y":-4.9,"curve":0.242,"c3":0.667,"c4":0.67},{"time":1.0667,"x":7.12,"y":1.65}],"scale":[{"x":1.007,"curve":0.379,"c2":0.6,"c3":0.724},{"time":0.1333,"x":1.016,"curve":0.25,"c3":0.75},{"time":0.6667,"x":0.968,"curve":0.242,"c3":0.667,"c4":0.67},{"time":1.0667,"x":1.007}]},"茎4":{"rotate":[{"angle":1.75,"curve":0.382,"c2":0.56,"c3":0.74},{"time":0.2,"angle":3.22,"curve":0.25,"c3":0.75},{"time":0.7333,"angle":-1.18,"curve":0.244,"c3":0.641,"c4":0.57},{"time":1.0667,"angle":1.75}],"translate":[{"x":-1.7,"y":-0.66,"curve":0.382,"c2":0.56,"c3":0.74},{"time":0.2,"curve":0.25,"c3":0.75},{"time":0.7333,"x":-5.07,"y":-1.96,"curve":0.244,"c3":0.641,"c4":0.57},{"time":1.0667,"x":-1.7,"y":-0.66}],"scale":[{"curve":0.382,"c2":0.56,"c3":0.74},{"time":0.2,"x":1.016,"curve":0.25,"c3":0.75},{"time":0.7333,"x":0.968,"curve":0.244,"c3":0.641,"c4":0.57},{"time":1.0667}]},"茎5":{"rotate":[{"angle":1.02,"curve":0.375,"c2":0.5,"c3":0.75},{"time":0.2667,"angle":3.22,"curve":0.25,"c3":0.75},{"time":0.8,"angle":-1.18,"curve":0.25,"c3":0.625,"c4":0.5},{"time":1.0667,"angle":1.02}],"translate":[{"x":4.26,"y":-3.31,"curve":0.375,"c2":0.5,"c3":0.75},{"time":0.2667,"x":8.34,"y":0.36,"curve":0.25,"c3":0.75},{"time":0.8,"x":0.18,"y":-6.99,"curve":0.25,"c3":0.625,"c4":0.5},{"time":1.0667,"x":4.26,"y":-3.31}],"scale":[{"x":0.992,"curve":0.375,"c2":0.5,"c3":0.75},{"time":0.2667,"x":1.016,"curve":0.25,"c3":0.75},{"time":0.8,"x":0.968,"curve":0.25,"c3":0.625,"c4":0.5},{"time":1.0667,"x":0.992}]},"茎7":{"rotate":[{"angle":0.3,"curve":0.359,"c2":0.43,"c3":0.756},{"time":0.3333,"angle":3.22,"curve":0.25,"c3":0.75},{"time":0.8667,"angle":-1.18,"curve":0.26,"c3":0.618,"c4":0.44},{"time":1.0667,"angle":0.3}],"scale":[{"x":0.984,"curve":0.359,"c2":0.43,"c3":0.756},{"time":0.3333,"x":1.016,"curve":0.25,"c3":0.75},{"time":0.8667,"x":0.968,"curve":0.26,"c3":0.618,"c4":0.44},{"time":1.0667,"x":0.984}]},"茎6":{"rotate":[{"angle":-0.96,"curve":0.333,"c2":0.33,"c3":0.758},{"time":0.4,"curve":0.25,"c3":0.75},{"time":0.9333,"angle":-1.18,"curve":0.276,"c3":0.621,"c4":0.4},{"time":1.0667,"angle":-0.96}],"scale":[{"x":0.977,"curve":0.333,"c2":0.33,"c3":0.758},{"time":0.4,"x":1.016,"curve":0.25,"c3":0.75},{"time":0.9333,"x":0.968,"curve":0.276,"c3":0.621,"c4":0.4},{"time":1.0667,"x":0.977}]},"头上叶子":{"rotate":[{"angle":-7.81,"curve":0.25,"c3":0.75},{"time":0.5333,"angle":5.6,"curve":0.25,"c3":0.75},{"time":1.0667,"angle":-7.81}]},"上嘴":{"rotate":[{"angle":-0.49,"curve":0.333,"c2":0.33,"c3":0.758},{"time":0.4,"angle":10.93,"curve":0.25,"c3":0.75},{"time":0.9333,"angle":-3.07,"curve":0.276,"c3":0.621,"c4":0.4},{"time":1.0667,"angle":-0.49}]},"下嘴":{"rotate":[{"angle":10.69,"curve":0.333,"c2":0.33,"c3":0.758},{"time":0.4,"angle":-4.34,"curve":0.25,"c3":0.75},{"time":0.9333,"angle":14.09,"curve":0.276,"c3":0.621,"c4":0.4},{"time":1.0667,"angle":10.69}]},"下嘴2":{"rotate":[{"angle":1.88,"curve":0.298,"c2":0.2,"c3":0.756},{"time":0.4667,"angle":-1.88,"curve":0.244,"c3":0.702,"c4":0.8},{"time":0.9333,"angle":1.88,"curve":0.364,"c2":0.64,"c3":0.701},{"time":1,"angle":2.14,"curve":0.299,"c3":0.636,"c4":0.36},{"time":1.0667,"angle":1.88}]},"下嘴3":{"rotate":[{"angle":2.14,"curve":0.25,"c3":0.75},{"time":0.5333,"angle":-1.88,"curve":0.242,"c3":0.667,"c4":0.67},{"time":0.9333,"angle":1.4,"curve":0.379,"c2":0.6,"c3":0.724},{"time":1.0667,"angle":2.14}]},"下嘴4":{"rotate":[{"angle":1.9,"curve":0.364,"c2":0.64,"c3":0.701},{"time":0.0667,"angle":2.14,"curve":0.25,"c3":0.75},{"time":0.6,"angle":-1.88,"curve":0.244,"c3":0.641,"c4":0.57},{"time":0.9333,"angle":0.79,"curve":0.359,"c2":0.43,"c3":0.702,"c4":0.8},{"time":1.0667,"angle":1.9}]},"上嘴2":{"rotate":[{"angle":-2.29,"curve":0.359,"c2":0.43,"c3":0.756},{"time":0.3333,"angle":-5.96,"curve":0.25,"c3":0.75},{"time":0.8667,"angle":-0.47,"curve":0.299,"c3":0.636,"c4":0.36},{"time":0.9333,"angle":-0.81,"curve":0.298,"c2":0.2,"c3":0.641,"c4":0.57},{"time":1.0667,"angle":-2.29}]},"上嘴2b":{"rotate":[{"angle":-3.2,"curve":0.375,"c2":0.5,"c3":0.75},{"time":0.2667,"angle":-5.96,"curve":0.25,"c3":0.75},{"time":0.8,"angle":-0.47,"curve":0.276,"c3":0.621,"c4":0.4},{"time":0.9333,"angle":-1.48,"curve":0.314,"c2":0.27,"c3":0.657,"c4":0.64},{"time":1.0667,"angle":-3.2}]},"上嘴2c":{"rotate":[{"angle":-4.11,"curve":0.382,"c2":0.56,"c3":0.74},{"time":0.2,"angle":-5.96,"curve":0.25,"c3":0.75},{"time":0.7333,"angle":-0.47,"curve":0.26,"c3":0.618,"c4":0.44},{"time":0.9333,"angle":-2.31,"curve":0.329,"c2":0.32,"c3":0.671,"c4":0.68},{"time":1.0667,"angle":-4.11}]},"头上叶子3":{"rotate":[{"angle":-1.93,"curve":0.333,"c2":0.33,"c3":0.758},{"time":0.4,"angle":-10.48,"curve":0.25,"c3":0.75},{"time":0.9333,"curve":0.276,"c3":0.621,"c4":0.4},{"time":1.0667,"angle":-1.93}]},"头上叶子3b":{"rotate":[{"angle":-0.23,"curve":0.276,"c2":0.11,"c3":0.753},{"time":0.5,"angle":-10.75,"curve":0.243,"c3":0.683,"c4":0.73},{"time":0.9333,"angle":-1.25,"curve":0.374,"c2":0.62,"c3":0.714},{"time":1.0333,"curve":0.314,"c3":0.649,"c4":0.35},{"time":1.0667,"angle":-0.23}]},"头上叶子3c":{"rotate":[{"angle":-0.34,"curve":0.364,"c2":0.64,"c3":0.701},{"time":0.0667,"curve":0.25,"c3":0.75},{"time":0.6,"angle":-5.81,"curve":0.244,"c3":0.641,"c4":0.57},{"time":0.9333,"angle":-1.95,"curve":0.359,"c2":0.43,"c3":0.702,"c4":0.8},{"time":1.0667,"angle":-0.34}]},"头上叶子4":{"rotate":[{"angle":3.78,"curve":0.38,"c2":0.53,"c3":0.746},{"time":0.2333,"curve":0.25,"c3":0.75},{"time":0.7667,"angle":9.06,"curve":0.247,"c3":0.632,"c4":0.53},{"time":1.0667,"angle":3.78}]},"头上叶子4b":{"rotate":[{"angle":6.7,"curve":0.325,"c2":0.31,"c3":0.687,"c4":0.73},{"time":0.2333,"angle":1.67,"curve":0.379,"c2":0.6,"c3":0.724},{"time":0.3667,"curve":0.25,"c3":0.75},{"time":0.9,"angle":9.06,"curve":0.267,"c3":0.618,"c4":0.42},{"time":1.0667,"angle":6.7}]},"头上叶子4c":{"rotate":[{"angle":8.89,"curve":0.271,"c2":0.1,"c3":0.636,"c4":0.55},{"time":0.2333,"angle":4.53,"curve":0.375,"c2":0.5,"c3":0.75},{"time":0.5,"curve":0.25,"c3":0.75},{"time":1.0333,"angle":9.06,"curve":0.314,"c3":0.649,"c4":0.35},{"time":1.0667,"angle":8.89}]},"头上叶子2":{"rotate":[{"angle":0.88,"curve":0.333,"c2":0.33,"c3":0.758},{"time":0.4,"angle":4.76,"curve":0.25,"c3":0.75},{"time":0.9333,"curve":0.276,"c3":0.621,"c4":0.4},{"time":1.0667,"angle":0.88}]},"头上叶子2b":{"rotate":[{"angle":0.18,"curve":0.276,"c2":0.11,"c3":0.753},{"time":0.5,"angle":8.4,"curve":0.243,"c3":0.683,"c4":0.73},{"time":0.9333,"angle":0.98,"curve":0.374,"c2":0.62,"c3":0.714},{"time":1.0333,"curve":0.314,"c3":0.649,"c4":0.35},{"time":1.0667,"angle":0.18}]},"头上叶子2c":{"rotate":[{"angle":0.37,"curve":0.364,"c2":0.64,"c3":0.701},{"time":0.0667,"curve":0.25,"c3":0.75},{"time":0.6,"angle":6.28,"curve":0.244,"c3":0.641,"c4":0.57},{"time":0.9333,"angle":2.11,"curve":0.359,"c2":0.43,"c3":0.702,"c4":0.8},{"time":1.0667,"angle":0.37}]},"头":{"rotate":[{"angle":6.26,"curve":0.333,"c2":0.33,"c3":0.758},{"time":0.4,"angle":-0.26,"curve":0.25,"c3":0.75},{"time":0.9333,"angle":7.74,"curve":0.276,"c3":0.621,"c4":0.4},{"time":1.0667,"angle":6.26}],"translate":[{"x":-0.65,"y":6.89,"curve":0.333,"c2":0.33,"c3":0.758},{"time":0.4,"x":5.46,"y":9.06,"curve":0.25,"c3":0.75},{"time":0.9333,"x":-2.03,"y":6.4,"curve":0.276,"c3":0.621,"c4":0.4},{"time":1.0667,"x":-0.65,"y":6.89}],"scale":[{"x":1.03,"y":1.03,"curve":0.333,"c2":0.33,"c3":0.758},{"time":0.4,"x":1.074,"y":1.074,"curve":0.25,"c3":0.75},{"time":0.9333,"x":1.02,"y":1.02,"curve":0.276,"c3":0.621,"c4":0.4},{"time":1.0667,"x":1.03,"y":1.03}]},"眼睛2":{"translate":[{"curve":0.25,"c3":0.75},{"time":0.5333,"x":-6.6,"y":-1.54,"curve":0.242,"c3":0.667,"c4":0.67},{"time":0.9333,"x":-1.22,"y":-0.28,"curve":0.379,"c2":0.6,"c3":0.724},{"time":1.0667}]},"嘴1":{"translate":[{"curve":0.25,"c3":0.75},{"time":0.5333,"x":-6.31,"y":0.56,"curve":0.242,"c3":0.667,"c4":0.67},{"time":0.9333,"x":-1.16,"y":0.1,"curve":0.379,"c2":0.6,"c3":0.724},{"time":1.0667}],"scale":[{"curve":0.25,"c3":0.75},{"time":0.5333,"x":0.924,"y":1.168,"curve":0.242,"c3":0.667,"c4":0.67},{"time":0.9333,"x":0.986,"y":1.031,"curve":0.379,"c2":0.6,"c3":0.724},{"time":1.0667}]}}},"gongji":{"slots":{"嘴1":{"attachment":[{"time":0.0667,"name":"嘴2"},{"time":0.3,"name":"嘴1"}]},"鼓":{"color":[{"time":0.0667,"color":"ffffff73","curve":0.25,"c3":0.75},{"time":0.1667,"color":"ffffffff"}],"attachment":[{"time":0.0667,"name":"鼓"},{"time":0.2667,"name":null}]}},"bones":{"叶子1":{"rotate":[{"curve":0.25,"c3":0.472,"c4":0.99},{"time":0.2,"angle":4.81,"curve":0.513,"c3":0.487,"c4":0.88},{"time":0.4,"angle":-5.33,"curve":0.145,"c2":0.16,"c3":0.607,"c4":0.81},{"time":0.6333}],"scale":[{"curve":0.25,"c3":0.472,"c4":0.99},{"time":0.2,"x":1.021,"y":0.943,"curve":0.513,"c3":0.487,"c4":0.88},{"time":0.4,"x":0.965,"y":1.095,"curve":0.145,"c2":0.16,"c3":0.607,"c4":0.81},{"time":0.6333}]},"叶子2":{"rotate":[{"angle":-1.99,"curve":0.337,"c2":0.4,"c3":0.673,"c4":0.74},{"time":0.0333,"angle":-1.52,"curve":0.25,"c3":0.509,"c4":0.99},{"time":0.2333,"angle":3.29,"curve":0.513,"c3":0.487,"c4":0.88},{"time":0.4333,"angle":-6.85,"curve":0.15,"c2":0.16,"c3":0.581,"c4":0.71},{"time":0.6333,"angle":-1.99}]},"叶子3":{"rotate":[{"angle":-5.19,"curve":0.332,"c2":0.42,"c3":0.674,"c4":0.78},{"time":0.0667,"angle":-4.11,"curve":0.25,"c3":0.509,"c4":0.99},{"time":0.2667,"angle":0.7,"curve":0.513,"c3":0.487,"c4":0.88},{"time":0.4667,"angle":-9.45,"curve":0.158,"c2":0.15,"c3":0.563,"c4":0.64},{"time":0.6333,"angle":-5.19}]},"叶子4":{"rotate":[{"angle":-8.51,"curve":0.319,"c2":0.41,"c3":0.672,"c4":0.81},{"time":0.1,"angle":-6.71,"curve":0.25,"c3":0.509,"c4":0.99},{"time":0.3,"angle":-1.9,"curve":0.513,"c3":0.487,"c4":0.88},{"time":0.5,"angle":-12.04,"curve":0.17,"c2":0.16,"c3":0.553,"c4":0.59},{"time":0.6333,"angle":-8.51}]},"叶子5":{"rotate":[{"angle":0.32,"curve":0.25,"c3":0.472,"c4":0.99},{"time":0.2,"angle":-3.69,"curve":0.513,"c3":0.487,"c4":0.88},{"time":0.4,"angle":5.49,"curve":0.145,"c2":0.16,"c3":0.607,"c4":0.81},{"time":0.6333,"angle":0.32}],"scale":[{"x":0.993,"y":1.006,"curve":0.25,"c3":0.472,"c4":0.99},{"time":0.2,"x":1.013,"y":0.948,"curve":0.513,"c3":0.487,"c4":0.88},{"time":0.4,"x":0.958,"y":1.101,"curve":0.145,"c2":0.16,"c3":0.607,"c4":0.81},{"time":0.6333,"x":0.993,"y":1.006}]},"叶子6":{"rotate":[{"angle":2.5,"curve":0.337,"c2":0.4,"c3":0.673,"c4":0.74},{"time":0.0333,"angle":2.05,"curve":0.25,"c3":0.509,"c4":0.99},{"time":0.2333,"angle":-1.97,"curve":0.513,"c3":0.487,"c4":0.88},{"time":0.4333,"angle":7.22,"curve":0.15,"c2":0.16,"c3":0.581,"c4":0.71},{"time":0.6333,"angle":2.5}]},"叶子7":{"rotate":[{"angle":4.72,"curve":0.332,"c2":0.42,"c3":0.674,"c4":0.78},{"time":0.0667,"angle":3.67,"curve":0.25,"c3":0.509,"c4":0.99},{"time":0.2667,"angle":-0.34,"curve":0.513,"c3":0.487,"c4":0.88},{"time":0.4667,"angle":8.84,"curve":0.158,"c2":0.15,"c3":0.563,"c4":0.64},{"time":0.6333,"angle":4.72}]},"叶子8":{"rotate":[{"angle":6.6,"curve":0.319,"c2":0.41,"c3":0.672,"c4":0.81},{"time":0.1,"angle":4.86,"curve":0.25,"c3":0.509,"c4":0.99},{"time":0.3,"angle":0.84,"curve":0.513,"c3":0.487,"c4":0.88},{"time":0.5,"angle":10.03,"curve":0.17,"c2":0.16,"c3":0.553,"c4":0.59},{"time":0.6333,"angle":6.6}]},"叶子9":{"rotate":[{"angle":1.82,"curve":0.332,"c2":0.42,"c3":0.674,"c4":0.78},{"time":0.0667,"angle":0.77,"curve":0.25,"c3":0.509,"c4":0.99},{"time":0.2667,"angle":-3.24,"curve":0.513,"c3":0.487,"c4":0.88},{"time":0.4667,"angle":5.94,"curve":0.158,"c2":0.15,"c3":0.563,"c4":0.64},{"time":0.6333,"angle":1.82}],"scale":[{"x":1.006,"y":0.993,"curve":0.332,"c2":0.42,"c3":0.674,"c4":0.78},{"time":0.0667,"x":1.014,"y":0.974,"curve":0.25,"c3":0.509,"c4":0.99},{"time":0.2667,"x":1.034,"y":0.918,"curve":0.513,"c3":0.487,"c4":0.88},{"time":0.4667,"x":0.978,"y":1.067,"curve":0.158,"c2":0.15,"c3":0.563,"c4":0.64},{"time":0.6333,"x":1.006,"y":0.993}]},"叶子10":{"rotate":[{"angle":1.83,"curve":0.319,"c2":0.37,"c3":0.661,"c4":0.73},{"time":0.0667,"angle":0.52,"curve":0.337,"c2":0.4,"c3":0.673,"c4":0.74},{"time":0.1,"angle":0.06,"curve":0.25,"c3":0.509,"c4":0.99},{"time":0.3,"angle":-3.95,"curve":0.513,"c3":0.487,"c4":0.88},{"time":0.5,"angle":5.23,"curve":0.17,"c2":0.16,"c3":0.553,"c4":0.59},{"time":0.6333,"angle":1.83}]},"叶子11":{"rotate":[{"angle":2.9,"curve":0.304,"c2":0.34,"c3":0.647,"c4":0.69},{"time":0.0667,"angle":1.39,"curve":0.332,"c2":0.42,"c3":0.674,"c4":0.78},{"time":0.1333,"angle":0.35,"curve":0.25,"c3":0.509,"c4":0.99},{"time":0.3333,"angle":-3.67,"curve":0.513,"c3":0.487,"c4":0.88},{"time":0.5333,"angle":5.52,"curve":0.188,"c2":0.17,"c3":0.552,"c4":0.57},{"time":0.6333,"angle":2.9}]},"叶子12":{"rotate":[{"angle":-4.79,"curve":0.332,"c2":0.42,"c3":0.674,"c4":0.78},{"time":0.0667,"angle":-3.71,"curve":0.25,"c3":0.509,"c4":0.99},{"time":0.2667,"angle":1.1,"curve":0.513,"c3":0.487,"c4":0.88},{"time":0.4667,"angle":-9.04,"curve":0.158,"c2":0.15,"c3":0.563,"c4":0.64},{"time":0.6333,"angle":-4.79}],"scale":[{"x":1.019,"y":0.968,"curve":0.332,"c2":0.42,"c3":0.674,"c4":0.78},{"time":0.0667,"x":1.026,"y":0.95,"curve":0.25,"c3":0.509,"c4":0.99},{"time":0.2667,"x":1.047,"y":0.895,"curve":0.513,"c3":0.487,"c4":0.88},{"time":0.4667,"x":0.99,"y":1.04,"curve":0.158,"c2":0.15,"c3":0.563,"c4":0.64},{"time":0.6333,"x":1.019,"y":0.968}]},"叶子13":{"rotate":[{"angle":-3.19,"curve":0.319,"c2":0.37,"c3":0.661,"c4":0.73},{"time":0.0667,"angle":-1.84,"curve":0.337,"c2":0.4,"c3":0.673,"c4":0.74},{"time":0.1,"angle":-1.37,"curve":0.25,"c3":0.509,"c4":0.99},{"time":0.3,"angle":3.44,"curve":0.513,"c3":0.487,"c4":0.88},{"time":0.5,"angle":-6.7,"curve":0.17,"c2":0.16,"c3":0.553,"c4":0.59},{"time":0.6333,"angle":-3.19}]},"叶子14":{"rotate":[{"angle":-2.64,"curve":0.304,"c2":0.34,"c3":0.647,"c4":0.69},{"time":0.0667,"angle":-1.08,"curve":0.332,"c2":0.42,"c3":0.674,"c4":0.78},{"time":0.1333,"curve":0.25,"c3":0.509,"c4":0.99},{"time":0.3333,"angle":4.81,"curve":0.513,"c3":0.487,"c4":0.88},{"time":0.5333,"angle":-5.33,"curve":0.188,"c2":0.17,"c3":0.552,"c4":0.57},{"time":0.6333,"angle":-2.64}]},"茎":{"rotate":[{"angle":6.06,"curve":0.25,"c3":0.472,"c4":0.99},{"time":0.2,"angle":10.54,"curve":0.513,"c3":0.487,"c4":0.88},{"time":0.4,"angle":-2.75,"curve":0.145,"c2":0.16,"c3":0.607,"c4":0.81},{"time":0.6333,"angle":6.06}],"scale":[{"x":1.016,"curve":0.25,"c3":0.472,"c4":0.99},{"time":0.2,"x":1.146,"y":0.893,"curve":0.513,"c3":0.487,"c4":0.88},{"time":0.4,"x":1.042,"y":0.979,"curve":0.145,"c2":0.16,"c3":0.607,"c4":0.81},{"time":0.6333,"x":1.016}]},"茎2":{"rotate":[{"angle":-2.34,"curve":0.25,"c3":0.472,"c4":0.99},{"time":0.2,"angle":4.12,"curve":0.513,"c3":0.487,"c4":0.88},{"time":0.4,"angle":-11.34,"curve":0.145,"c2":0.16,"c3":0.607,"c4":0.81},{"time":0.6333,"angle":-2.34}],"translate":[{"x":11.47,"y":-1.39}],"scale":[{"x":1.013,"curve":0.25,"c3":0.472,"c4":0.99},{"time":0.2,"x":1.143,"y":0.893,"curve":0.513,"c3":0.487,"c4":0.88},{"time":0.4,"x":0.863,"y":0.979,"curve":0.145,"c2":0.16,"c3":0.607,"c4":0.81},{"time":0.6333,"x":1.013}]},"茎3":{"rotate":[{"angle":2.41,"curve":0.25,"c3":0.472,"c4":0.99},{"time":0.2,"angle":11.32,"curve":0.513,"c3":0.487,"c4":0.88},{"time":0.4,"angle":10.87,"curve":0.145,"c2":0.16,"c3":0.607,"c4":0.81},{"time":0.6333,"angle":2.41}],"translate":[{"x":7.12,"y":1.65}],"scale":[{"x":1.007,"curve":0.25,"c3":0.472,"c4":0.99},{"time":0.2,"x":1.136,"y":0.893,"curve":0.513,"c3":0.487,"c4":0.88},{"time":0.4,"x":0.857,"y":0.979,"curve":0.145,"c2":0.16,"c3":0.607,"c4":0.81},{"time":0.6333,"x":1.007}]},"茎4":{"rotate":[{"angle":3.3,"curve":0.332,"c2":0.42,"c3":0.674,"c4":0.78},{"time":0.0667,"angle":1.75,"curve":0.25,"c3":0.509,"c4":0.99},{"time":0.2667,"angle":9.86,"curve":0.513,"c3":0.487,"c4":0.88},{"time":0.4667,"angle":9.41,"curve":0.158,"c2":0.15,"c3":0.563,"c4":0.64},{"time":0.6333,"angle":3.3}],"translate":[{"x":-1.7,"y":-0.66}],"scale":[{"x":1.005,"y":0.996,"curve":0.332,"c2":0.42,"c3":0.674,"c4":0.78},{"time":0.0667,"curve":0.25,"c3":0.509,"c4":0.99},{"time":0.2667,"x":1.128,"y":0.893,"curve":0.513,"c3":0.487,"c4":0.88},{"time":0.4667,"x":1.025,"y":0.979,"curve":0.158,"c2":0.15,"c3":0.563,"c4":0.64},{"time":0.6333,"x":1.005,"y":0.996}]},"茎5":{"rotate":[{"angle":1.02,"curve":0.25,"c3":0.472,"c4":0.99},{"time":0.2,"angle":-11.6,"curve":0.513,"c3":0.487,"c4":0.88},{"time":0.4,"angle":-12.05,"curve":0.145,"c2":0.16,"c3":0.607,"c4":0.81},{"time":0.6333,"angle":1.02}],"translate":[{"x":4.26,"y":-3.31}],"scale":[{"x":0.992,"curve":0.25,"c3":0.472,"c4":0.99},{"time":0.2,"x":1.119,"y":0.893,"curve":0.513,"c3":0.487,"c4":0.88},{"time":0.4,"x":1.017,"y":0.979,"curve":0.145,"c2":0.16,"c3":0.607,"c4":0.81},{"time":0.6333,"x":0.992}]},"茎7":{"rotate":[{"angle":0.3,"curve":0.25,"c3":0.472,"c4":0.99},{"time":0.2,"angle":2.75,"curve":0.513,"c3":0.487,"c4":0.88},{"time":0.4,"angle":2.3,"curve":0.145,"c2":0.16,"c3":0.607,"c4":0.81},{"time":0.6333,"angle":0.3}],"scale":[{"x":0.984,"curve":0.25,"c3":0.472,"c4":0.99},{"time":0.2,"x":1.11,"y":0.893,"curve":0.513,"c3":0.487,"c4":0.88},{"time":0.4,"x":1.008,"y":0.979,"curve":0.145,"c2":0.16,"c3":0.607,"c4":0.81},{"time":0.6333,"x":0.984}]},"茎6":{"rotate":[{"angle":-0.96}],"scale":[{"x":0.977,"curve":0.25,"c3":0.472,"c4":0.99},{"time":0.2,"x":1.069,"y":0.917,"curve":0.513,"c3":0.487,"c4":0.88},{"time":0.4,"x":0.977}]},"头上叶子":{"rotate":[{"angle":1.03,"curve":0.24,"c2":0.4,"c3":0.529},{"time":0.1333,"angle":-26.23,"curve":0.513,"c3":0.487,"c4":0.88},{"time":0.3333,"angle":-26.75,"curve":0.145,"c2":0.16,"c3":0.607,"c4":0.81},{"time":0.5667,"angle":1.83,"curve":0.329,"c3":0.646,"c4":0.43},{"time":0.6333,"angle":1.03}]},"上嘴":{"rotate":[{"angle":1.62,"curve":0.332,"c2":0.42,"c3":0.674,"c4":0.78},{"time":0.0667,"angle":-0.49,"curve":0.25,"c3":0.509,"c4":0.99},{"time":0.2667,"angle":-2.5,"curve":0.513,"c3":0.487,"c4":0.88},{"time":0.4667,"angle":9.93,"curve":0.158,"c2":0.15,"c3":0.563,"c4":0.64},{"time":0.6333,"angle":1.62}]},"下嘴":{"rotate":[{"angle":5.01,"curve":0.332,"c2":0.42,"c3":0.674,"c4":0.78},{"time":0.0667,"angle":10.69,"curve":0.25,"c3":0.509,"c4":0.99},{"time":0.2667,"angle":3.56,"curve":0.513,"c3":0.487,"c4":0.88},{"time":0.4667,"angle":-7.64,"curve":0.158,"c2":0.15,"c3":0.563,"c4":0.64},{"time":0.6333,"angle":5.01}],"translate":[{"x":-2.68,"y":-0.1,"curve":0.332,"c2":0.42,"c3":0.674,"c4":0.78},{"time":0.0667,"curve":"stepped"},{"time":0.2667,"curve":0.513,"c3":0.487,"c4":0.88},{"time":0.4667,"x":-13.28,"y":-0.48,"curve":0.158,"c2":0.15,"c3":0.563,"c4":0.64},{"time":0.6333,"x":-2.68,"y":-0.1}]},"下嘴2":{"rotate":[{"angle":1.88,"curve":"stepped"},{"time":0.0667,"angle":1.88,"curve":0.25,"c3":0.509,"c4":0.99},{"time":0.2667,"angle":4.17,"curve":0.513,"c3":0.487,"c4":0.88},{"time":0.4667,"angle":1.88}]},"下嘴3":{"rotate":[{"angle":2.14,"curve":"stepped"},{"time":0.0667,"angle":2.14,"curve":0.25,"c3":0.509,"c4":0.99},{"time":0.2667,"angle":4.42,"curve":0.513,"c3":0.487,"c4":0.88},{"time":0.4667,"angle":2.14}]},"下嘴4":{"rotate":[{"angle":1.9,"curve":"stepped"},{"time":0.0667,"angle":1.9,"curve":0.25,"c3":0.509,"c4":0.99},{"time":0.2667,"angle":4.18,"curve":0.513,"c3":0.487,"c4":0.88},{"time":0.4667,"angle":1.9}]},"上嘴2":{"rotate":[{"angle":-4.67,"curve":0.332,"c2":0.42,"c3":0.674,"c4":0.78},{"time":0.0667,"angle":-2.29,"curve":0.25,"c3":0.509,"c4":0.99},{"time":0.2667,"angle":-5.22,"curve":0.513,"c3":0.487,"c4":0.88},{"time":0.4667,"angle":-14.09,"curve":0.158,"c2":0.15,"c3":0.563,"c4":0.64},{"time":0.6333,"angle":-4.67}]},"上嘴2b":{"rotate":[{"angle":-4.7,"curve":0.332,"c2":0.42,"c3":0.674,"c4":0.78},{"time":0.0667,"angle":-3.2,"curve":0.25,"c3":0.509,"c4":0.99},{"time":0.2667,"angle":-6.13,"curve":0.513,"c3":0.487,"c4":0.88},{"time":0.4667,"angle":-10.66,"curve":0.158,"c2":0.15,"c3":0.563,"c4":0.64},{"time":0.6333,"angle":-4.7}]},"上嘴2c":{"rotate":[{"angle":-5.62,"curve":0.332,"c2":0.42,"c3":0.674,"c4":0.78},{"time":0.0667,"angle":-4.11,"curve":0.25,"c3":0.509,"c4":0.99},{"time":0.2667,"angle":-7.05,"curve":0.513,"c3":0.487,"c4":0.88},{"time":0.4667,"angle":-11.57,"curve":0.158,"c2":0.15,"c3":0.563,"c4":0.64},{"time":0.6333,"angle":-5.62}]},"头上叶子3":{"rotate":[{"angle":-1.93,"curve":0.25,"c3":0.472,"c4":0.99},{"time":0.2,"angle":-3.08,"curve":0.513,"c3":0.487,"c4":0.88},{"time":0.4,"angle":-15.7,"curve":0.145,"c2":0.16,"c3":0.607,"c4":0.81},{"time":0.6333,"angle":-1.93}]},"头上叶子3b":{"rotate":[{"angle":-0.23,"curve":0.25,"c3":0.472,"c4":0.99},{"time":0.2,"angle":3.13,"curve":0.513,"c3":0.487,"c4":0.88},{"time":0.4,"angle":-3.98,"curve":0.145,"c2":0.16,"c3":0.607,"c4":0.81},{"time":0.6333,"angle":-0.23}]},"头上叶子3c":{"rotate":[{"angle":-0.34,"curve":0.25,"c3":0.472,"c4":0.99},{"time":0.2,"angle":3.02,"curve":0.513,"c3":0.487,"c4":0.88},{"time":0.4,"angle":-4.09,"curve":0.145,"c2":0.16,"c3":0.607,"c4":0.81},{"time":0.6333,"angle":-0.34}]},"头上叶子4":{"rotate":[{"angle":3.78,"curve":0.25,"c3":0.472,"c4":0.99},{"time":0.2,"angle":24.72,"curve":0.513,"c3":0.487,"c4":0.88},{"time":0.4,"angle":3.09,"curve":0.145,"c2":0.16,"c3":0.607,"c4":0.81},{"time":0.6333,"angle":3.78}]},"头上叶子4b":{"rotate":[{"angle":6.7,"curve":0.25,"c3":0.472,"c4":0.99},{"time":0.2,"angle":27.64,"curve":0.513,"c3":0.487,"c4":0.88},{"time":0.4,"angle":6.01,"curve":0.145,"c2":0.16,"c3":0.607,"c4":0.81},{"time":0.6333,"angle":6.7}]},"头上叶子4c":{"rotate":[{"angle":8.89,"curve":0.25,"c3":0.472,"c4":0.99},{"time":0.2,"angle":29.84,"curve":0.513,"c3":0.487,"c4":0.88},{"time":0.4,"angle":8.21,"curve":0.145,"c2":0.16,"c3":0.607,"c4":0.81},{"time":0.6333,"angle":8.89}]},"头上叶子2":{"rotate":[{"angle":0.88,"curve":0.25,"c3":0.472,"c4":0.99},{"time":0.2,"angle":4.38,"curve":0.513,"c3":0.487,"c4":0.88},{"time":0.4,"angle":11.51,"curve":0.145,"c2":0.16,"c3":0.607,"c4":0.81},{"time":0.6333,"angle":0.88}]},"头上叶子2b":{"rotate":[{"angle":0.18,"curve":0.25,"c3":0.472,"c4":0.99},{"time":0.2,"angle":-2.66,"curve":0.513,"c3":0.487,"c4":0.88},{"time":0.4,"angle":4.47,"curve":0.145,"c2":0.16,"c3":0.607,"c4":0.81},{"time":0.6333,"angle":0.18}]},"头上叶子2c":{"rotate":[{"angle":0.37,"curve":0.25,"c3":0.472,"c4":0.99},{"time":0.2,"angle":-2.47,"curve":0.513,"c3":0.487,"c4":0.88},{"time":0.4,"angle":4.66,"curve":0.145,"c2":0.16,"c3":0.607,"c4":0.81},{"time":0.6333,"angle":0.37}]},"头":{"rotate":[{"angle":6.26,"curve":"stepped"},{"time":0.2,"angle":6.26,"curve":0.513,"c3":0.487,"c4":0.88},{"time":0.4,"angle":17.97,"curve":0.145,"c2":0.16,"c3":0.607,"c4":0.81},{"time":0.6333,"angle":6.26}],"translate":[{"x":-0.65,"y":6.89,"curve":"stepped"},{"time":0.2,"x":-0.65,"y":6.89,"curve":0.513,"c3":0.487,"c4":0.88},{"time":0.4,"x":6.39,"y":-40.34,"curve":0.145,"c2":0.16,"c3":0.607,"c4":0.81},{"time":0.6333,"x":-0.65,"y":6.89}],"scale":[{"x":1.03,"y":1.03,"curve":"stepped"},{"time":0.2,"x":1.03,"y":1.03,"curve":0.513,"c3":0.487,"c4":0.88},{"time":0.4,"x":1.197,"y":1.144,"curve":0.145,"c2":0.16,"c3":0.607,"c4":0.81},{"time":0.6333,"x":1.03,"y":1.03}]},"鼓":{"rotate":[{"curve":"stepped"},{"time":0.0667,"angle":-2.19,"curve":0.24,"c2":0.4,"c3":0.529},{"time":0.2667}],"translate":[{"curve":"stepped"},{"time":0.0667,"x":7.35,"y":-11.39,"curve":0.24,"c2":0.4,"c3":0.529},{"time":0.2667}],"scale":[{"curve":"stepped"},{"time":0.0667,"x":0.734,"y":0.734,"curve":0.24,"c2":0.4,"c3":0.529},{"time":0.2667}]},"眼睛2":{"translate":[{"curve":0.25,"c3":0.472,"c4":0.99},{"time":0.2,"x":-13.29,"y":0.8,"curve":0.513,"c3":0.487,"c4":0.88},{"time":0.4,"x":-4.49,"y":0.99,"curve":0.145,"c2":0.16,"c3":0.607,"c4":0.81},{"time":0.6333}]},"嘴1":{"translate":[{"curve":0.25,"c3":0.472,"c4":0.99},{"time":0.2,"x":-13.21,"y":-0.66,"curve":0.513,"c3":0.487,"c4":0.88},{"time":0.4,"x":-0.62,"y":-0.01,"curve":0.145,"c2":0.16,"c3":0.607,"c4":0.81},{"time":0.6333}],"scale":[{"curve":0.25,"c3":0.472,"c4":0.99},{"time":0.2,"x":0.555,"y":0.87,"curve":0.513,"c3":0.487,"c4":0.88},{"time":0.4,"x":1.229,"y":1.276,"curve":0.145,"c2":0.16,"c3":0.607,"c4":0.81},{"time":0.6333}]}},"events":[{"time":0.3,"name":"gongji"}]},"gongji2":{"slots":{"嘴1":{"attachment":[{"time":0.0333,"name":"嘴2"},{"time":0.0667,"name":"嘴1"}]}},"bones":{"叶子1":{"rotate":[{"curve":0.274,"c3":0.523,"c4":0.75},{"time":0.0333,"angle":4.62,"curve":0.302,"c2":0.62,"c3":0.633,"c4":0.99},{"time":0.0667,"angle":-3.48,"curve":0.261,"c2":0.34,"c3":0.652,"c4":0.82},{"time":0.1}],"scale":[{"curve":0.274,"c3":0.523,"c4":0.75},{"time":0.0333,"x":1.02,"y":0.945,"curve":0.302,"c2":0.62,"c3":0.633,"c4":0.99},{"time":0.0667,"x":0.977,"y":1.062,"curve":0.261,"c2":0.34,"c3":0.652,"c4":0.82},{"time":0.1}]},"叶子2":{"rotate":[{"angle":-1.99,"curve":0.337,"c2":0.4,"c3":0.673,"c4":0.74},{"time":0.0333,"angle":2.48,"curve":0.285,"c2":0.57,"c3":0.612,"c4":0.99},{"time":0.0667,"angle":-5.94,"curve":0.217,"c2":0.25,"c3":0.613,"c4":0.73},{"time":0.1,"angle":-1.99}]},"叶子3":{"rotate":[{"angle":-5.19,"curve":0.332,"c2":0.42,"c3":0.674,"c4":0.78},{"time":0.0333,"angle":-1.07,"curve":0.267,"c2":0.5,"c3":0.584,"c4":0.99},{"time":0.0667,"angle":-9.45,"curve":0.158,"c2":0.15,"c3":0.563,"c4":0.64},{"time":0.1,"angle":-5.19}]},"叶子4":{"rotate":[{"angle":-8.51,"curve":0.319,"c2":0.41,"c3":0.672,"c4":0.81},{"time":0.0333,"angle":-4.91,"curve":0.254,"c2":0.4,"c3":0.557},{"time":0.0667,"angle":-11.24,"curve":0.28,"c2":0.48,"c3":0.605,"c4":0.83},{"time":0.1,"angle":-8.51}]},"叶子5":{"rotate":[{"angle":0.32,"curve":0.274,"c3":0.523,"c4":0.75},{"time":0.0333,"angle":-3.54,"curve":0.302,"c2":0.62,"c3":0.633,"c4":0.99},{"time":0.0667,"angle":3.69,"curve":0.261,"c2":0.34,"c3":0.652,"c4":0.82},{"time":0.1,"angle":0.32}],"scale":[{"x":0.993,"y":1.006,"curve":0.274,"c3":0.523,"c4":0.75},{"time":0.0333,"x":1.013,"y":0.95,"curve":0.302,"c2":0.62,"c3":0.633,"c4":0.99},{"time":0.0667,"x":0.97,"y":1.068,"curve":0.261,"c2":0.34,"c3":0.652,"c4":0.82},{"time":0.1,"x":0.993,"y":1.006}]},"叶子6":{"rotate":[{"angle":2.5,"curve":0.337,"c2":0.4,"c3":0.673,"c4":0.74},{"time":0.0333,"angle":-1.29,"curve":0.285,"c2":0.57,"c3":0.612,"c4":0.99},{"time":0.0667,"angle":6.33,"curve":0.217,"c2":0.25,"c3":0.613,"c4":0.73},{"time":0.1,"angle":2.5}]},"叶子7":{"rotate":[{"angle":4.72,"curve":0.332,"c2":0.42,"c3":0.674,"c4":0.78},{"time":0.0333,"angle":1.13,"curve":0.267,"c2":0.5,"c3":0.584,"c4":0.99},{"time":0.0667,"angle":8.84,"curve":0.158,"c2":0.15,"c3":0.563,"c4":0.64},{"time":0.1,"angle":4.72}]},"叶子8":{"rotate":[{"angle":6.6,"curve":0.319,"c2":0.41,"c3":0.672,"c4":0.81},{"time":0.0333,"angle":3.36,"curve":0.254,"c2":0.4,"c3":0.557},{"time":0.0667,"angle":9.3,"curve":0.28,"c2":0.48,"c3":0.605,"c4":0.83},{"time":0.1,"angle":6.6}]},"叶子9":{"rotate":[{"angle":1.82,"curve":0.332,"c2":0.42,"c3":0.674,"c4":0.78},{"time":0.0333,"angle":-1.77,"curve":0.267,"c2":0.5,"c3":0.584,"c4":0.99},{"time":0.0667,"angle":5.94,"curve":0.158,"c2":0.15,"c3":0.563,"c4":0.64},{"time":0.1,"angle":1.82}],"scale":[{"x":1.006,"y":0.993,"curve":0.332,"c2":0.42,"c3":0.674,"c4":0.78},{"time":0.0333,"x":1.027,"y":0.939,"curve":0.267,"c2":0.5,"c3":0.584,"c4":0.99},{"time":0.0667,"x":0.978,"y":1.067,"curve":0.158,"c2":0.15,"c3":0.563,"c4":0.64},{"time":0.1,"x":1.006,"y":0.993}]},"叶子10":{"rotate":[{"angle":1.83,"curve":0.319,"c2":0.37,"c3":0.661,"c4":0.73},{"time":0.0333,"angle":-1.44,"curve":0.254,"c2":0.4,"c3":0.557},{"time":0.0667,"angle":4.51,"curve":0.28,"c2":0.48,"c3":0.605,"c4":0.83},{"time":0.1,"angle":1.83}]},"叶子11":{"rotate":[{"angle":2.9,"curve":0.304,"c2":0.34,"c3":0.647,"c4":0.69},{"time":0.0333,"angle":-0.14,"curve":0.247,"c2":0.25,"c3":0.532},{"time":0.0667,"angle":3.2,"curve":0.244,"c2":0.48,"c3":0.542,"c4":0.88},{"time":0.1,"angle":2.9}]},"叶子12":{"rotate":[{"angle":-4.79,"curve":0.332,"c2":0.42,"c3":0.674,"c4":0.78},{"time":0.0333,"angle":-0.66,"curve":0.267,"c2":0.5,"c3":0.584,"c4":0.99},{"time":0.0667,"angle":-9.04,"curve":0.158,"c2":0.15,"c3":0.563,"c4":0.64},{"time":0.1,"angle":-4.79}],"scale":[{"x":1.019,"y":0.968,"curve":0.332,"c2":0.42,"c3":0.674,"c4":0.78},{"time":0.0333,"x":1.04,"y":0.915,"curve":0.267,"c2":0.5,"c3":0.584,"c4":0.99},{"time":0.0667,"x":0.99,"y":1.04,"curve":0.158,"c2":0.15,"c3":0.563,"c4":0.64},{"time":0.1,"x":1.019,"y":0.968}]},"叶子13":{"rotate":[{"angle":-3.19,"curve":0.319,"c2":0.37,"c3":0.661,"c4":0.73},{"time":0.0333,"angle":0.43,"curve":0.254,"c2":0.4,"c3":0.557},{"time":0.0667,"angle":-5.9,"curve":0.28,"c2":0.48,"c3":0.605,"c4":0.83},{"time":0.1,"angle":-3.19}]},"叶子14":{"rotate":[{"angle":-2.64,"curve":0.304,"c2":0.34,"c3":0.647,"c4":0.69},{"time":0.0333,"angle":0.59,"curve":0.247,"c2":0.25,"c3":0.532},{"time":0.0667,"angle":-2.77,"curve":0.244,"c2":0.48,"c3":0.542,"c4":0.88},{"time":0.1,"angle":-2.64}]},"茎":{"rotate":[{"angle":6.06,"curve":0.274,"c3":0.523,"c4":0.75},{"time":0.0333,"angle":10.36,"curve":0.302,"c2":0.62,"c3":0.633,"c4":0.99},{"time":0.0667,"angle":0.31,"curve":0.261,"c2":0.34,"c3":0.652,"c4":0.82},{"time":0.1,"angle":6.06}],"scale":[{"x":1.016,"curve":0.274,"c3":0.523,"c4":0.75},{"time":0.0333,"x":1.141,"y":0.897,"curve":0.302,"c2":0.62,"c3":0.633,"c4":0.99},{"time":0.0667,"x":1.033,"y":0.986,"curve":0.261,"c2":0.34,"c3":0.652,"c4":0.82},{"time":0.1,"x":1.016}]},"茎2":{"rotate":[{"angle":-2.34,"curve":0.274,"c3":0.523,"c4":0.75},{"time":0.0333,"angle":3.87,"curve":0.302,"c2":0.62,"c3":0.633,"c4":0.99},{"time":0.0667,"angle":-8.21,"curve":0.261,"c2":0.34,"c3":0.652,"c4":0.82},{"time":0.1,"angle":-2.34}],"translate":[{"x":11.47,"y":-1.39}],"scale":[{"x":1.013,"curve":0.274,"c3":0.523,"c4":0.75},{"time":0.0333,"x":1.138,"y":0.897,"curve":0.302,"c2":0.62,"c3":0.633,"c4":0.99},{"time":0.0667,"x":0.915,"y":0.986,"curve":0.261,"c2":0.34,"c3":0.652,"c4":0.82},{"time":0.1,"x":1.013}]},"茎3":{"rotate":[{"angle":2.41,"curve":0.274,"c3":0.523,"c4":0.75},{"time":0.0333,"angle":10.97,"curve":0.302,"c2":0.62,"c3":0.633,"c4":0.99},{"time":0.0667,"angle":7.93,"curve":0.261,"c2":0.34,"c3":0.652,"c4":0.82},{"time":0.1,"angle":2.41}],"translate":[{"x":7.12,"y":1.65}],"scale":[{"x":1.007,"curve":0.274,"c3":0.523,"c4":0.75},{"time":0.0333,"x":1.131,"y":0.897,"curve":0.302,"c2":0.62,"c3":0.633,"c4":0.99},{"time":0.0667,"x":0.91,"y":0.986,"curve":0.261,"c2":0.34,"c3":0.652,"c4":0.82},{"time":0.1,"x":1.007}]},"茎4":{"rotate":[{"angle":3.3,"curve":0.332,"c2":0.42,"c3":0.674,"c4":0.78},{"time":0.0333,"angle":6.89,"curve":0.267,"c2":0.5,"c3":0.584,"c4":0.99},{"time":0.0667,"angle":9.41,"curve":0.158,"c2":0.15,"c3":0.563,"c4":0.64},{"time":0.1,"angle":3.3}],"translate":[{"x":-1.7,"y":-0.66}],"scale":[{"x":1.005,"y":0.996,"curve":0.332,"c2":0.42,"c3":0.674,"c4":0.78},{"time":0.0333,"x":1.081,"y":0.932,"curve":0.267,"c2":0.5,"c3":0.584,"c4":0.99},{"time":0.0667,"x":1.025,"y":0.979,"curve":0.158,"c2":0.15,"c3":0.563,"c4":0.64},{"time":0.1,"x":1.005,"y":0.996}]},"茎5":{"rotate":[{"angle":1.02,"curve":0.274,"c3":0.523,"c4":0.75},{"time":0.0333,"angle":-11.11,"curve":0.302,"c2":0.62,"c3":0.633,"c4":0.99},{"time":0.0667,"angle":-7.51,"curve":0.261,"c2":0.34,"c3":0.652,"c4":0.82},{"time":0.1,"angle":1.02}],"translate":[{"x":4.26,"y":-3.31}],"scale":[{"x":0.992,"curve":0.274,"c3":0.523,"c4":0.75},{"time":0.0333,"x":1.114,"y":0.897,"curve":0.302,"c2":0.62,"c3":0.633,"c4":0.99},{"time":0.0667,"x":1.008,"y":0.986,"curve":0.261,"c2":0.34,"c3":0.652,"c4":0.82},{"time":0.1,"x":0.992}]},"茎7":{"rotate":[{"angle":0.3,"curve":0.274,"c3":0.523,"c4":0.75},{"time":0.0333,"angle":2.65,"curve":0.302,"c2":0.62,"c3":0.633,"c4":0.99},{"time":0.0667,"angle":1.6,"curve":0.261,"c2":0.34,"c3":0.652,"c4":0.82},{"time":0.1,"angle":0.3}],"scale":[{"x":0.984,"curve":0.274,"c3":0.523,"c4":0.75},{"time":0.0333,"x":1.105,"y":0.897,"curve":0.302,"c2":0.62,"c3":0.633,"c4":0.99},{"time":0.0667,"y":0.986,"curve":0.261,"c2":0.34,"c3":0.652,"c4":0.82},{"time":0.1,"x":0.984}]},"茎6":{"rotate":[{"angle":-0.96}],"scale":[{"x":0.977,"curve":0.274,"c3":0.523,"c4":0.75},{"time":0.0333,"x":1.065,"y":0.92,"curve":0.302,"c2":0.62,"c3":0.633,"c4":0.99},{"time":0.0667,"x":0.977}]},"头上叶子":{"rotate":[{"angle":1.03,"curve":0.24,"c2":0.4,"c3":0.529},{"time":0.0333,"angle":-26.25,"curve":0.386,"c2":0.22,"c3":0.454,"c4":0.9},{"time":0.0667,"angle":-7.79,"curve":0.319,"c2":0.41,"c3":0.672,"c4":0.81},{"time":0.1,"angle":1.03}]},"上嘴":{"rotate":[{"angle":1.62,"curve":0.332,"c2":0.42,"c3":0.674,"c4":0.78},{"time":0.0333,"angle":-1.76,"curve":0.267,"c2":0.5,"c3":0.584,"c4":0.99},{"time":0.0667,"angle":9.93,"curve":0.158,"c2":0.15,"c3":0.563,"c4":0.64},{"time":0.1,"angle":1.62}]},"下嘴":{"rotate":[{"angle":5.01,"curve":0.332,"c2":0.42,"c3":0.674,"c4":0.78},{"time":0.0333,"angle":6.17,"curve":0.267,"c2":0.5,"c3":0.584,"c4":0.99},{"time":0.0667,"angle":-7.64,"curve":0.158,"c2":0.15,"c3":0.563,"c4":0.64},{"time":0.1,"angle":5.01}],"translate":[{"x":-2.68,"y":-0.1,"curve":0.332,"c2":0.42,"c3":0.674,"c4":0.78},{"time":0.0333,"curve":0.267,"c2":0.5,"c3":0.584,"c4":0.99},{"time":0.0667,"x":-13.28,"y":-0.48,"curve":0.158,"c2":0.15,"c3":0.563,"c4":0.64},{"time":0.1,"x":-2.68,"y":-0.1}]},"下嘴2":{"rotate":[{"angle":1.88,"curve":0.332,"c2":0.42,"c3":0.674,"c4":0.78},{"time":0.0333,"angle":3.33,"curve":0.267,"c2":0.5,"c3":0.584,"c4":0.99},{"time":0.0667,"angle":1.88}]},"下嘴3":{"rotate":[{"angle":2.14,"curve":0.332,"c2":0.42,"c3":0.674,"c4":0.78},{"time":0.0333,"angle":3.58,"curve":0.267,"c2":0.5,"c3":0.584,"c4":0.99},{"time":0.0667,"angle":2.14}]},"下嘴4":{"rotate":[{"angle":1.9,"curve":0.332,"c2":0.42,"c3":0.674,"c4":0.78},{"time":0.0333,"angle":3.35,"curve":0.267,"c2":0.5,"c3":0.584,"c4":0.99},{"time":0.0667,"angle":1.9}]},"上嘴2":{"rotate":[{"angle":-4.67,"curve":0.332,"c2":0.42,"c3":0.674,"c4":0.78},{"time":0.0333,"angle":-4.15,"curve":0.267,"c2":0.5,"c3":0.584,"c4":0.99},{"time":0.0667,"angle":-14.09,"curve":0.158,"c2":0.15,"c3":0.563,"c4":0.64},{"time":0.1,"angle":-4.67}]},"上嘴2b":{"rotate":[{"angle":-4.7,"curve":0.332,"c2":0.42,"c3":0.674,"c4":0.78},{"time":0.0333,"angle":-5.06,"curve":0.267,"c2":0.5,"c3":0.584,"c4":0.99},{"time":0.0667,"angle":-10.66,"curve":0.158,"c2":0.15,"c3":0.563,"c4":0.64},{"time":0.1,"angle":-4.7}]},"上嘴2c":{"rotate":[{"angle":-5.62,"curve":0.332,"c2":0.42,"c3":0.674,"c4":0.78},{"time":0.0333,"angle":-5.97,"curve":0.267,"c2":0.5,"c3":0.584,"c4":0.99},{"time":0.0667,"angle":-11.57,"curve":0.158,"c2":0.15,"c3":0.563,"c4":0.64},{"time":0.1,"angle":-5.62}]},"头上叶子3":{"rotate":[{"angle":-1.93,"curve":0.274,"c3":0.523,"c4":0.75},{"time":0.0333,"angle":-3.04,"curve":0.302,"c2":0.62,"c3":0.633,"c4":0.99},{"time":0.0667,"angle":-10.91,"curve":0.261,"c2":0.34,"c3":0.652,"c4":0.82},{"time":0.1,"angle":-1.93}]},"头上叶子3b":{"rotate":[{"angle":-0.23,"curve":0.274,"c3":0.523,"c4":0.75},{"time":0.0333,"angle":3,"curve":0.302,"c2":0.62,"c3":0.633,"c4":0.99},{"time":0.0667,"angle":-2.68,"curve":0.261,"c2":0.34,"c3":0.652,"c4":0.82},{"time":0.1,"angle":-0.23}]},"头上叶子3c":{"rotate":[{"angle":-0.34,"curve":0.274,"c3":0.523,"c4":0.75},{"time":0.0333,"angle":2.89,"curve":0.302,"c2":0.62,"c3":0.633,"c4":0.99},{"time":0.0667,"angle":-2.79,"curve":0.261,"c2":0.34,"c3":0.652,"c4":0.82},{"time":0.1,"angle":-0.34}]},"头上叶子4":{"rotate":[{"angle":3.78,"curve":0.274,"c3":0.523,"c4":0.75},{"time":0.0333,"angle":23.91,"curve":0.302,"c2":0.62,"c3":0.633,"c4":0.99},{"time":0.0667,"angle":3.33,"curve":0.261,"c2":0.34,"c3":0.652,"c4":0.82},{"time":0.1,"angle":3.78}]},"头上叶子4b":{"rotate":[{"angle":6.7,"curve":0.274,"c3":0.523,"c4":0.75},{"time":0.0333,"angle":26.83,"curve":0.302,"c2":0.62,"c3":0.633,"c4":0.99},{"time":0.0667,"angle":6.25,"curve":0.261,"c2":0.34,"c3":0.652,"c4":0.82},{"time":0.1,"angle":6.7}]},"头上叶子4c":{"rotate":[{"angle":8.89,"curve":0.274,"c3":0.523,"c4":0.75},{"time":0.0333,"angle":29.02,"curve":0.302,"c2":0.62,"c3":0.633,"c4":0.99},{"time":0.0667,"angle":8.44,"curve":0.261,"c2":0.34,"c3":0.652,"c4":0.82},{"time":0.1,"angle":8.89}]},"头上叶子2":{"rotate":[{"angle":0.88,"curve":0.274,"c3":0.523,"c4":0.75},{"time":0.0333,"angle":4.24,"curve":0.302,"c2":0.62,"c3":0.633,"c4":0.99},{"time":0.0667,"angle":7.81,"curve":0.261,"c2":0.34,"c3":0.652,"c4":0.82},{"time":0.1,"angle":0.88}]},"头上叶子2b":{"rotate":[{"angle":0.18,"curve":0.274,"c3":0.523,"c4":0.75},{"time":0.0333,"angle":-2.55,"curve":0.302,"c2":0.62,"c3":0.633,"c4":0.99},{"time":0.0667,"angle":2.98,"curve":0.261,"c2":0.34,"c3":0.652,"c4":0.82},{"time":0.1,"angle":0.18}]},"头上叶子2c":{"rotate":[{"angle":0.37,"curve":0.274,"c3":0.523,"c4":0.75},{"time":0.0333,"angle":-2.36,"curve":0.302,"c2":0.62,"c3":0.633,"c4":0.99},{"time":0.0667,"angle":3.17,"curve":0.261,"c2":0.34,"c3":0.652,"c4":0.82},{"time":0.1,"angle":0.37}]},"头":{"rotate":[{"angle":6.26,"curve":"stepped"},{"time":0.0333,"angle":6.26,"curve":0.302,"c2":0.62,"c3":0.633,"c4":0.99},{"time":0.0667,"angle":13.9,"curve":0.261,"c2":0.34,"c3":0.652,"c4":0.82},{"time":0.1,"angle":6.26}],"translate":[{"x":-0.65,"y":6.89,"curve":"stepped"},{"time":0.0333,"x":-0.65,"y":6.89,"curve":0.302,"c2":0.62,"c3":0.633,"c4":0.99},{"time":0.0667,"x":3.94,"y":-23.92,"curve":0.261,"c2":0.34,"c3":0.652,"c4":0.82},{"time":0.1,"x":-0.65,"y":6.89}],"scale":[{"x":1.03,"y":1.03,"curve":"stepped"},{"time":0.0333,"x":1.03,"y":1.03,"curve":0.302,"c2":0.62,"c3":0.633,"c4":0.99},{"time":0.0667,"x":1.139,"y":1.104,"curve":0.261,"c2":0.34,"c3":0.652,"c4":0.82},{"time":0.1,"x":1.03,"y":1.03}]},"鼓":{"rotate":[{"curve":"stepped"},{"time":0.0333,"angle":-0.56,"curve":0.275,"c2":0.57,"c3":0.598,"c4":0.99},{"time":0.0667}],"translate":[{"curve":"stepped"},{"time":0.0333,"x":1.87,"y":-2.9,"curve":0.275,"c2":0.57,"c3":0.598,"c4":0.99},{"time":0.0667}],"scale":[{"curve":"stepped"},{"time":0.0333,"x":0.932,"y":0.932,"curve":0.275,"c2":0.57,"c3":0.598,"c4":0.99},{"time":0.0667}]},"眼睛2":{"translate":[{"curve":0.274,"c3":0.523,"c4":0.75},{"time":0.0333,"x":-12.77,"y":0.77,"curve":0.302,"c2":0.62,"c3":0.633,"c4":0.99},{"time":0.0667,"x":-2.93,"y":0.65,"curve":0.261,"c2":0.34,"c3":0.652,"c4":0.82},{"time":0.1}]},"嘴1":{"translate":[{"curve":0.274,"c3":0.523,"c4":0.75},{"time":0.0333,"x":-12.7,"y":-0.64,"curve":0.302,"c2":0.62,"c3":0.633,"c4":0.99},{"time":0.0667,"x":-0.4,"curve":0.261,"c2":0.34,"c3":0.652,"c4":0.82},{"time":0.1}],"scale":[{"curve":0.274,"c3":0.523,"c4":0.75},{"time":0.0333,"x":0.573,"y":0.875,"curve":0.302,"c2":0.62,"c3":0.633,"c4":0.99},{"time":0.0667,"x":1.149,"y":1.18,"curve":0.261,"c2":0.34,"c3":0.652,"c4":0.82},{"time":0.1}]}},"events":[{"time":0.0667,"name":"gongji"}]}}},[0]]],0,0,[0],[-1],[0]],[[[1,"Chomper"],[2,"Chomper",[-5],[[-2,[4,-4,-3]],1,4],[5,-1,0],[-494,-293,0,0,0,0,1,1,1,1]],[3,"weapon25",1,[-6],[6,"0bcB+IZ4tI2Ix4JO4np5Yl",1,0],[5,177.2,171.87],[0,0,0,0,0,0,1,-0.7,0.7,1]],[7,"default","daiji",0,"daiji",2,[0]],[8,1,3]],0,[0,0,1,0,-1,4,0,1,4,0,2,1,0,-1,2,0,-1,3,0,3,1,6],[0,3],[-1,4],[1,2]]]]