[1,["95BeUS6x5FW6+WkwrHqaFj"],0,[["sp.SkeletonData",["_name","_atlasText","textureNames","_skeletonJson","textures"],-1,3]],[[0,0,1,2,3,4,5]],[[0,"b01","\r\nb01.png\r\nsize: 1286,269\r\nformat: RGBA8888\r\nfilter: Linear,Linear\r\nrepeat: none\r\nbsjs_10\r\n  rotate: true\r\n  xy: 2, 12\r\n  size: 255, 330\r\n  orig: 255, 330\r\n  offset: 0, 0\r\n  index: -1\r\nbsjs_12\r\n  rotate: false\r\n  xy: 1119, 149\r\n  size: 79, 118\r\n  orig: 79, 118\r\n  offset: 0, 0\r\n  index: -1\r\nbsjs_13\r\n  rotate: true\r\n  xy: 627, 3\r\n  size: 74, 81\r\n  orig: 74, 81\r\n  offset: 0, 0\r\n  index: -1\r\nbsjs_14\r\n  rotate: true\r\n  xy: 1163, 47\r\n  size: 62, 112\r\n  orig: 62, 112\r\n  offset: 0, 0\r\n  index: -1\r\nbsjs_15\r\n  rotate: false\r\n  xy: 1079, 18\r\n  size: 82, 122\r\n  orig: 82, 122\r\n  offset: 0, 0\r\n  index: -1\r\nbsjs_16\r\n  rotate: true\r\n  xy: 1200, 190\r\n  size: 77, 84\r\n  orig: 77, 84\r\n  offset: 0, 0\r\n  index: -1\r\nbsjs_17\r\n  rotate: true\r\n  xy: 777, 12\r\n  size: 65, 117\r\n  orig: 65, 117\r\n  offset: 0, 0\r\n  index: -1\r\nbsjs_18\r\n  rotate: true\r\n  xy: 334, 45\r\n  size: 222, 275\r\n  orig: 222, 275\r\n  offset: 0, 0\r\n  index: -1\r\nbsjs_19\r\n  rotate: false\r\n  xy: 896, 12\r\n  size: 65, 65\r\n  orig: 65, 65\r\n  offset: 0, 0\r\n  index: -1\r\nbsjs_2\r\n  rotate: true\r\n  xy: 1062, 142\r\n  size: 125, 55\r\n  orig: 125, 55\r\n  offset: 0, 0\r\n  index: -1\r\nbsjs_20\r\n  rotate: false\r\n  xy: 963, 14\r\n  size: 56, 95\r\n  orig: 56, 95\r\n  offset: 0, 0\r\n  index: -1\r\nbsjs_21\r\n  rotate: true\r\n  xy: 710, 11\r\n  size: 66, 65\r\n  orig: 66, 65\r\n  offset: 0, 0\r\n  index: -1\r\nbsjs_22\r\n  rotate: false\r\n  xy: 1021, 15\r\n  size: 56, 94\r\n  orig: 56, 94\r\n  offset: 0, 0\r\n  index: -1\r\nbsjs_6_1\r\n  rotate: false\r\n  xy: 582, 23\r\n  size: 43, 20\r\n  orig: 43, 20\r\n  offset: 0, 0\r\n  index: -1\r\nbsjs_6_10\r\n  rotate: false\r\n  xy: 471, 2\r\n  size: 23, 15\r\n  orig: 23, 15\r\n  offset: 0, 0\r\n  index: -1\r\nbsjs_6_11\r\n  rotate: true\r\n  xy: 490, 23\r\n  size: 20, 44\r\n  orig: 20, 44\r\n  offset: 0, 0\r\n  index: -1\r\nbsjs_6_12\r\n  rotate: true\r\n  xy: 536, 23\r\n  size: 20, 44\r\n  orig: 20, 44\r\n  offset: 0, 0\r\n  index: -1\r\nbsjs_6_2\r\n  rotate: true\r\n  xy: 1200, 111\r\n  size: 77, 82\r\n  orig: 77, 82\r\n  offset: 0, 0\r\n  index: -1\r\nbsjs_6_3\r\n  rotate: false\r\n  xy: 368, 10\r\n  size: 13, 33\r\n  orig: 13, 33\r\n  offset: 0, 0\r\n  index: -1\r\nbsjs_6_4\r\n  rotate: true\r\n  xy: 383, 15\r\n  size: 28, 24\r\n  orig: 28, 24\r\n  offset: 0, 0\r\n  index: -1\r\nbsjs_6_5\r\n  rotate: true\r\n  xy: 471, 19\r\n  size: 24, 17\r\n  orig: 24, 17\r\n  offset: 0, 0\r\n  index: -1\r\nbsjs_6_6\r\n  rotate: true\r\n  xy: 334, 7\r\n  size: 36, 32\r\n  orig: 36, 32\r\n  offset: 0, 0\r\n  index: -1\r\nbsjs_6_7\r\n  rotate: true\r\n  xy: 1163, 3\r\n  size: 42, 77\r\n  orig: 42, 77\r\n  offset: 0, 0\r\n  index: -1\r\nbsjs_6_8\r\n  rotate: false\r\n  xy: 409, 16\r\n  size: 18, 27\r\n  orig: 18, 27\r\n  offset: 0, 0\r\n  index: -1\r\nbsjs_6_9\r\n  rotate: true\r\n  xy: 429, 17\r\n  size: 26, 22\r\n  orig: 26, 22\r\n  offset: 0, 0\r\n  index: -1\r\nbsjs_8\r\n  rotate: false\r\n  xy: 453, 17\r\n  size: 16, 26\r\n  orig: 16, 26\r\n  offset: 0, 0\r\n  index: -1\r\n椭圆_1\r\n  rotate: false\r\n  xy: 917, 111\r\n  size: 143, 156\r\n  orig: 149, 156\r\n  offset: 6, 0\r\n  index: -1\r\n身体2\r\n  rotate: true\r\n  xy: 611, 79\r\n  size: 188, 304\r\n  orig: 188, 304\r\n  offset: 0, 0\r\n  index: -1\r\n",["b01.png"],{"skeleton":{"hash":"a/KkM4n6riElsir6iq2xDec2mgk","spine":"3.8.99","x":-88.29,"y":-24.93,"width":167.66,"height":230.8,"fps":24,"images":"","audio":"D:/Work/植物大战僵尸2娘化版/动画/娘化版/工程文件/僵尸/aijijiangwang"},"bones":[{"name":"root","scaleX":0.25,"scaleY":0.25},{"name":"bsjs_18","parent":"root","length":124,"rotation":-89.22,"x":32.3,"y":156.35},{"name":"bone_ikTarget3","parent":"root","x":-163.72,"y":262.2,"color":"ff3f00ff"},{"name":"bone_ikTarget2","parent":"root","x":206.03,"y":261.97,"color":"ff3f00ff"},{"name":"bone_ikTarget1","parent":"root","x":194.52,"y":113.73,"color":"ff3f00ff"},{"name":"bone_ikTarget6","parent":"root","x":-250.18,"y":-53.73,"color":"ff3f00ff"},{"name":"bone_ikTarget","parent":"root","x":-128.23,"y":101.65,"color":"ff3f00ff"},{"name":"bone_ikTarget4","parent":"root","x":262.27,"y":128.42,"color":"ff3f00ff"},{"name":"bone_ikTarget7","parent":"root","x":302.07,"y":-68.89,"color":"ff3f00ff"},{"name":"bone_ikTarget5","parent":"root","x":-224.83,"y":126.58,"color":"ff3f00ff"},{"name":"bsjs_14","parent":"bsjs_18","length":169,"rotation":152.47,"x":19.98,"y":-30.87},{"name":"bsjs_182","parent":"bsjs_18","length":118,"rotation":-32.85,"x":-84.77,"y":-44.75},{"name":"bone1","parent":"bsjs_18","length":280,"rotation":-179.44,"x":-44.12,"y":9.95},{"name":"bsjs_17","parent":"bsjs_18","length":164,"rotation":17.94,"x":15.7,"y":29.49},{"name":"bsjs_181","parent":"bsjs_18","length":119,"rotation":27.8,"x":-91.58,"y":38.22},{"name":"bsjs_6_11","parent":"bone1","length":53,"rotation":-33.06,"x":365.09,"y":172.96},{"name":"bsjs_21","parent":"bsjs_181","length":143,"rotation":117.08,"x":118.65,"y":-0.75},{"name":"bsjs_6_12","parent":"bone1","length":47,"rotation":13.3,"x":388.6,"y":195.64},{"name":"bone","parent":"bsjs_14","length":146,"rotation":-125.61,"x":151.87,"y":0.67},{"name":"bsjs_19","parent":"bsjs_182","length":150,"rotation":-112.35,"x":118.36},{"name":"bsjs_16","parent":"bsjs_17","length":151,"rotation":129.37,"x":164.19},{"name":"bsjs_7","parent":"bone1","length":64,"rotation":-8.71,"x":370.54,"y":108.21},{"name":"bsjs_3","parent":"bone1","length":204,"rotation":-179.67,"x":215.51,"y":75.11},{"name":"bone_ikTarget11","parent":"bone1","length":6,"rotation":-93.64,"x":423.6,"y":144.94,"color":"ff3f00ff"},{"name":"bsjs_8","parent":"bone1","x":153.7,"y":276.59},{"name":"bone_ikTarget10","parent":"bone1","length":6,"rotation":-109.48,"x":436.36,"y":202.74,"color":"ff3f00ff"},{"name":"bsjs_6_7","parent":"bsjs_7","length":73,"rotation":34.25,"x":64.68},{"name":"bsjs_12","parent":"bone","length":205,"rotation":111.65,"x":146.16},{"name":"bsjs_23","parent":"bsjs_3","length":332,"rotation":-76.36,"x":186.49,"y":34.78},{"name":"bsjs_15","parent":"bsjs_16","length":212,"rotation":-117.63,"x":151.15},{"name":"bsjs_20","parent":"bsjs_19","length":149,"rotation":120.33,"x":150.49},{"name":"bsjs_22","parent":"bsjs_21","length":145,"rotation":-122.88,"x":143.17},{"name":"bsjs_6_2","parent":"bsjs_6_7","length":77,"rotation":-0.91,"x":72.36,"y":-0.13},{"name":"bsjs_6_8","parent":"bsjs_6_7","length":44,"rotation":126.81,"x":62.5,"y":9.18},{"name":"bsjs_6_3","parent":"bsjs_6_7","length":50,"rotation":151.54,"x":51.6,"y":-21.5},{"name":"bsjs_6_9","parent":"bsjs_6_8","length":40,"rotation":-56.54,"x":44.12,"y":0.23},{"name":"bsjs_6_6","parent":"bsjs_6_2","length":62,"rotation":103.17,"x":0.53,"y":3.36},{"name":"bsjs_6_4","parent":"bsjs_6_3","length":43,"rotation":-64.57,"x":48.91,"y":0.45},{"name":"bsjs_6_5","parent":"bsjs_6_4","length":32,"rotation":-13.27,"x":43.41},{"name":"bsjs_6_10","parent":"bsjs_6_9","length":29,"rotation":4.7,"x":40.97},{"name":"bone_ikTarget8","parent":"bsjs_6_10","rotation":177.05,"x":15.88,"y":-3.93,"color":"ff3f00ff"},{"name":"bone_ikTarget9","parent":"bsjs_6_5","rotation":171.73,"x":20.42,"y":-8.36,"color":"ff3f00ff"}],"slots":[{"name":"bsjs_141","bone":"bsjs_182","attachment":"bsjs_15"},{"name":"bsjs_1411","bone":"bsjs_181","attachment":"bsjs_15"},{"name":"bsjs_22","bone":"bsjs_22","attachment":"bsjs_22"},{"name":"bsjs_21","bone":"bsjs_21","attachment":"bsjs_21"},{"name":"bsjs_20","bone":"bsjs_20","attachment":"bsjs_20"},{"name":"bsjs_19","bone":"bsjs_19","attachment":"bsjs_19"},{"name":"bsjs_18","bone":"bsjs_18","attachment":"bsjs_18"},{"name":"bsjs_17","bone":"bsjs_17","attachment":"bsjs_17"},{"name":"bsjs_16","bone":"bsjs_16","attachment":"bsjs_16"},{"name":"bsjs_15","bone":"bsjs_15","attachment":"bsjs_15"},{"name":"身体2","bone":"bone1","attachment":"身体2"},{"name":"bsjs_6_12","bone":"bsjs_6_12","attachment":"bsjs_6_12"},{"name":"bsjs_6_11","bone":"bsjs_6_11","attachment":"bsjs_6_11"},{"name":"bsjs_6_10","bone":"bsjs_6_10","attachment":"bsjs_6_10"},{"name":"bsjs_6_9","bone":"bsjs_6_9","attachment":"bsjs_6_9"},{"name":"bsjs_6_8","bone":"bsjs_6_8","attachment":"bsjs_6_8"},{"name":"bsjs_6_7","bone":"bsjs_6_7","attachment":"bsjs_6_7"},{"name":"bsjs_10","bone":"bone1","attachment":"bsjs_10"},{"name":"bsjs_6_6","bone":"bsjs_6_6","attachment":"bsjs_6_6"},{"name":"椭圆_1","bone":"bone1","attachment":"椭圆_1"},{"name":"bsjs_8","bone":"bsjs_8","attachment":"bsjs_8"},{"name":"bsjs_6_5","bone":"bsjs_6_5","attachment":"bsjs_6_5"},{"name":"bsjs_6_4","bone":"bsjs_6_4","attachment":"bsjs_6_4"},{"name":"bsjs_6_3","bone":"bsjs_6_3","attachment":"bsjs_6_3"},{"name":"bsjs_6_2","bone":"bsjs_6_2","attachment":"bsjs_6_2"},{"name":"bsjs_6_1","bone":"bsjs_6_2","attachment":"bsjs_6_1"},{"name":"bsjs_2","bone":"bsjs_23","attachment":"bsjs_2"},{"name":"bsjs_14","bone":"bsjs_14","attachment":"bsjs_14"},{"name":"bsjs_13","bone":"bone","attachment":"bsjs_13"},{"name":"bsjs_12","bone":"bsjs_12","attachment":"bsjs_12"}],"ik":[{"name":"bone_ik","target":"bone_ikTarget","bendPositive":false,"bones":["bsjs_14","bone"]},{"name":"bone_ik1","order":2,"target":"bone_ikTarget1","bones":["bsjs_17","bsjs_16"]},{"name":"bone_ik2","order":3,"target":"bone_ikTarget2","bones":["bsjs_181","bsjs_21"]},{"name":"bone_ik3","order":1,"target":"bone_ikTarget3","bendPositive":false,"bones":["bsjs_182","bsjs_19"]},{"name":"bone_ik4","order":9,"target":"bone_ikTarget4","bones":["bsjs_22"]},{"name":"bone_ik5","order":8,"target":"bone_ikTarget5","bones":["bsjs_20"]},{"name":"bone_ik6","order":6,"target":"bone_ikTarget6","bones":["bsjs_12"]},{"name":"bone_ik7","order":7,"target":"bone_ikTarget7","bones":["bsjs_15"]},{"name":"bone_ik8","order":5,"target":"bone_ikTarget8","bones":["bsjs_6_12"]},{"name":"bone_ik9","order":4,"target":"bone_ikTarget9","bones":["bsjs_6_11"]},{"name":"bone_ik10","order":10,"target":"bone_ikTarget10","bendPositive":false,"bones":["bsjs_6_8","bsjs_6_9"]},{"name":"bone_ik11","order":11,"target":"bone_ikTarget11","bendPositive":false,"bones":["bsjs_6_3","bsjs_6_4"]}],"skins":[{"name":"default","attachments":{"bsjs_2":{"bsjs_2":{"x":173.19,"y":-26.96,"rotation":164.69,"width":250,"height":109}},"bsjs_6_1":{"bsjs_6_1":{"x":31.76,"y":55.79,"rotation":-115.97,"width":86,"height":40}},"bsjs_6_2":{"bsjs_6_2":{"x":57.66,"y":16.48,"rotation":-115.97,"width":154,"height":163}},"bsjs_6_3":{"bsjs_6_3":{"x":23.61,"y":-2.32,"rotation":91.58,"width":26,"height":65}},"bsjs_6_4":{"bsjs_6_4":{"x":23.31,"y":1.87,"rotation":156.15,"width":56,"height":47}},"bsjs_6_5":{"bsjs_6_5":{"x":16.96,"y":-1.05,"rotation":169.42,"width":47,"height":34}},"bsjs_6_6":{"bsjs_6_6":{"x":39.71,"y":-1.53,"rotation":140.86,"width":71,"height":63}},"bsjs_6_7":{"bsjs_6_7":{"x":15.26,"y":6.41,"rotation":-116.88,"width":84,"height":154}},"bsjs_6_8":{"bsjs_6_8":{"x":19.21,"y":1.5,"rotation":116.31,"width":35,"height":53}},"bsjs_6_9":{"bsjs_6_9":{"x":17.65,"y":1.55,"rotation":172.85,"width":52,"height":43}},"bsjs_6_10":{"bsjs_6_10":{"x":13.14,"y":0.96,"rotation":168.15,"width":46,"height":29}},"bsjs_6_11":{"bsjs_6_11":{"x":19.71,"y":-1.72,"rotation":-82.47,"width":39,"height":87}},"bsjs_6_12":{"bsjs_6_12":{"x":14.51,"y":1.67,"rotation":-104.14,"width":39,"height":87}},"bsjs_8":{"bsjs_8":{"x":36.42,"y":0.36,"scaleX":1.1834,"scaleY":1.1834,"rotation":-91.22,"width":31,"height":52}},"bsjs_10":{"bsjs_10":{"x":248.91,"y":80.19,"rotation":-91.34,"width":510,"height":660}},"bsjs_12":{"bsjs_12":{"x":89.92,"y":7.39,"rotation":121.13,"width":157,"height":235}},"bsjs_13":{"bsjs_13":{"x":52.88,"y":8.26,"rotation":-127.21,"width":147,"height":162}},"bsjs_14":{"bsjs_14":{"x":69.33,"y":-1.88,"rotation":107.17,"width":124,"height":224}},"bsjs_15":{"bsjs_15":{"x":87.83,"y":-3.7,"rotation":59.54,"width":163,"height":243}},"bsjs_16":{"bsjs_16":{"x":60.41,"y":0.83,"rotation":-58.09,"width":153,"height":168}},"bsjs_17":{"bsjs_17":{"x":66.04,"y":2.36,"rotation":71.28,"width":129,"height":233}},"bsjs_18":{"bsjs_18":{"x":-143.24,"y":51.35,"rotation":89.22,"width":444,"height":549}},"bsjs_19":{"bsjs_19":{"x":60.92,"y":-3.47,"rotation":-125.58,"width":130,"height":130}},"bsjs_20":{"bsjs_20":{"x":55.23,"y":12.03,"rotation":114.09,"width":111,"height":189}},"bsjs_21":{"bsjs_21":{"x":56.49,"y":2.18,"rotation":-55.66,"width":131,"height":130}},"bsjs_22":{"bsjs_22":{"x":51.22,"y":-4.8,"rotation":64.78,"width":111,"height":188}},"bsjs_141":{"bsjs_15":{"path":"bsjs_14","x":48.87,"y":3.05,"scaleX":0.7096,"scaleY":0.7096,"rotation":105.28,"width":124,"height":224}},"bsjs_1411":{"bsjs_15":{"path":"bsjs_14","x":48.2,"y":-1.79,"scaleX":-0.71,"scaleY":0.7096,"rotation":70.19,"width":124,"height":224}},"椭圆_1":{"椭圆_1":{"x":238.51,"y":206.15,"rotation":-91.22,"width":297,"height":312}},"身体2":{"身体2":{"x":285.72,"y":200.65,"rotation":-91.34,"width":375,"height":607}}}}],"animations":{"attack":{"bones":{"bone_ikTarget":{"translate":[{"time":0.3333},{"time":0.375,"x":6.1,"y":31.01,"curve":0.5},{"time":0.5417,"x":196.59,"y":525.9,"curve":0,"c3":0.5},{"time":0.625,"x":305.95,"y":495.24,"curve":"stepped"},{"time":0.75,"x":305.95,"y":495.24},{"time":1.0417,"x":292.28,"y":478.54,"curve":0,"c3":0.5},{"time":1.125,"x":-22.3,"y":73.1},{"time":1.3333}]},"bsjs_18":{"rotate":[{},{"time":0.375,"angle":8.92},{"time":0.625,"angle":19.82,"curve":"stepped"},{"time":0.75,"angle":19.82},{"time":1.5833}],"translate":[{"curve":0.5},{"time":0.25,"x":105.82,"y":-16.35,"curve":0,"c3":0.74},{"time":0.375,"x":121.12,"y":94.41},{"time":0.5,"x":124.77,"y":120.83,"curve":0,"c3":0.5},{"time":0.625,"x":124.77,"y":177.28},{"time":1.0417,"x":124.77,"y":227.86,"curve":0,"c3":0.5},{"time":1.25,"x":43.15,"y":-73.2,"curve":0,"c3":0.5},{"time":1.4167,"x":-1.14,"y":-10.66,"curve":0,"c3":0.5},{"time":1.5833}]},"bone_ikTarget3":{"translate":[{},{"time":0.25,"x":25.53,"y":-19.14,"curve":"stepped"},{"time":0.375,"x":25.53,"y":-19.14,"curve":0.5},{"time":0.5417,"x":108.15,"y":381.63,"curve":0,"c3":0.5},{"time":0.625,"x":153.94,"y":419.41,"curve":"stepped"},{"time":1.0417,"x":153.94,"y":419.41,"curve":0,"c3":0.5},{"time":1.125,"x":7.01,"y":73.35},{"time":1.3333}]},"bone_ikTarget2":{"translate":[{},{"time":0.25,"x":111.41,"y":18.12,"curve":0.5},{"time":0.375,"x":108.33,"y":18.12},{"time":0.625,"x":56.73,"y":18.12,"curve":0.5},{"time":1.0417,"x":116.63,"y":18.12,"curve":0,"c3":0.5},{"time":1.1667,"x":56.73,"y":18.12,"curve":0,"c3":0.5},{"time":1.25}]},"bone_ikTarget1":{"translate":[{},{"time":0.25,"x":154.38,"y":18.12,"curve":0.5},{"time":0.375,"x":148.87,"y":18.12},{"time":0.625,"x":56.73,"y":18.12,"curve":0.5},{"time":1.0417,"x":116.63,"y":18.12,"curve":0,"c3":0.5},{"time":1.1667,"x":56.73,"y":18.12,"curve":0,"c3":0.5},{"time":1.25}]},"bone_ikTarget6":{"translate":[{"time":0.375,"curve":0.5},{"time":0.5417,"x":163.81,"y":588.76,"curve":0,"c3":0.5},{"time":0.625,"x":334,"y":831.69,"curve":"stepped"},{"time":1.0417,"x":334,"y":831.69,"curve":0,"c3":0.5},{"time":1.125,"x":25.86,"y":84.02},{"time":1.3333}]},"bone_ikTarget5":{"translate":[{"time":0.375,"curve":0.5},{"time":0.5417,"x":35.06,"y":460.54,"curve":0,"c3":0.5},{"time":0.625,"x":42.87,"y":588.16,"curve":"stepped"},{"time":0.75,"x":42.87,"y":588.16},{"time":1.0417,"x":70.31,"y":571.8,"curve":0,"c3":0.5},{"time":1.125,"x":0.71,"y":104.74},{"time":1.3333}]},"bsjs_17":{"rotate":[{},{"time":0.375,"angle":-21.5},{"time":0.625,"angle":-67.68},{"time":1.5833}]},"bsjs_181":{"rotate":[{},{"time":0.375,"angle":-34.64},{"time":0.625,"angle":-65.35},{"time":1.5833}]},"bsjs_182":{"rotate":[{},{"time":0.375,"angle":-21.51},{"time":0.625,"angle":-149.26},{"time":1.5833}]},"bone1":{"rotate":[{},{"time":0.125,"angle":10.94},{"time":0.375,"angle":-31.14},{"time":0.4167,"angle":-38.16},{"time":0.5417,"angle":-23.88},{"time":0.625,"angle":-34.41,"curve":"stepped"},{"time":1.1667,"angle":-34.41,"curve":0,"c3":0.5},{"time":1.2917,"angle":-8.89,"curve":0,"c3":0.5},{"time":1.4167,"angle":5.29,"curve":0,"c3":0.5},{"time":1.5833}],"translate":[{},{"time":0.125,"x":0.53,"y":38.66,"curve":"stepped"},{"time":1.1667,"x":0.53,"y":38.66,"curve":0,"c3":0.5},{"time":1.2917}]},"bsjs_14":{"rotate":[{"angle":-167.74},{"time":0.375,"angle":154.58},{"time":0.625,"angle":4.89},{"time":1.5833,"angle":-167.74}]},"bsjs_16":{"rotate":[{},{"time":0.375,"angle":-24.21},{"time":0.625,"angle":-31.21},{"time":1.5833}]},"bsjs_19":{"rotate":[{},{"time":0.375,"angle":66.84},{"time":0.625,"angle":112.35},{"time":1.5833}]},"bone":{"rotate":[{"angle":-0.55},{"time":0.375,"angle":71.84},{"time":0.625,"angle":112.65},{"time":1.5833,"angle":-0.55}]},"bsjs_21":{"rotate":[{},{"time":0.375,"angle":-8.98},{"time":0.625,"angle":-26.14},{"time":1.5833}]},"bsjs_8":{"rotate":[{"time":0.375},{"time":0.625,"angle":-6.41},{"time":1.0417,"angle":-16.9},{"time":1.375}],"translate":[{"time":0.375},{"time":0.625,"x":21.19,"y":0.52},{"time":1.0417,"x":35.54,"y":-4.87},{"time":1.375}],"scale":[{"time":0.375},{"time":0.625,"x":1.89,"y":1.89},{"time":1.0417,"x":2.44,"y":2.44},{"time":1.375}]},"bsjs_22":{"rotate":[{},{"time":0.375,"angle":-7.08},{"time":0.625,"angle":48.64},{"time":1.5833}]},"bsjs_15":{"rotate":[{},{"time":0.375,"angle":-5.33},{"time":0.625,"angle":62.77},{"time":1.5833}]},"bsjs_20":{"rotate":[{},{"time":0.375,"angle":-66.64},{"time":0.625,"angle":-67.79},{"time":1.5833}]},"bsjs_6_11":{"rotate":[{"angle":27.59}]},"bsjs_6_12":{"rotate":[{"angle":14.32}]},"bsjs_12":{"rotate":[{"angle":-9.08},{"time":0.375,"angle":-49.08},{"time":0.625,"angle":-69.21},{"time":1.5833,"angle":-9.08}]},"bsjs_6_8":{"rotate":[{"angle":-26.45}]},"bsjs_6_3":{"rotate":[{"angle":-3.04}]},"bsjs_6_4":{"rotate":[{"angle":5.3}]},"bsjs_6_9":{"rotate":[{"angle":56.84}]},"bsjs_3":{"rotate":[{},{"time":0.25,"angle":-9.13,"curve":0.5},{"time":0.375,"angle":-9.9},{"time":0.4167,"angle":-11.09,"curve":"stepped"},{"time":1.1667,"angle":-11.09,"curve":0,"c3":0.5},{"time":1.25,"curve":0,"c3":0.5},{"time":1.5833,"angle":-11.09}]},"bsjs_23":{"rotate":[{"time":0.2917,"curve":0.5},{"time":0.375,"angle":4.14},{"time":0.4583,"angle":22.54,"curve":"stepped"},{"time":1.1667,"angle":22.54,"curve":0,"c3":0.5},{"time":1.25}]}}},"death":{"slots":{"bsjs_2":{"color":[{"color":"ffffffff"},{"time":0.0417,"color":"000000ff","curve":"stepped"},{"time":0.6667,"color":"000000ff"},{"time":1,"color":"00000000"}]},"bsjs_6_1":{"color":[{"time":0.6667,"color":"ffffffff"},{"time":1,"color":"ffffff00"}]},"bsjs_6_2":{"color":[{"color":"ffffffff"},{"time":0.0417,"color":"000000ff","curve":"stepped"},{"time":0.6667,"color":"000000ff"},{"time":1,"color":"00000000"}]},"bsjs_6_3":{"color":[{"color":"ffffffff"},{"time":0.0417,"color":"000000ff","curve":"stepped"},{"time":0.6667,"color":"000000ff"},{"time":1,"color":"00000000"}]},"bsjs_6_4":{"color":[{"color":"ffffffff"},{"time":0.0417,"color":"000000ff","curve":"stepped"},{"time":0.6667,"color":"000000ff"},{"time":1,"color":"00000000"}]},"bsjs_6_5":{"color":[{"color":"ffffffff"},{"time":0.0417,"color":"000000ff","curve":"stepped"},{"time":0.6667,"color":"000000ff"},{"time":1,"color":"00000000"}]},"bsjs_6_6":{"color":[{"color":"ffffffff"},{"time":0.0417,"color":"000000ff","curve":"stepped"},{"time":0.6667,"color":"000000ff"},{"time":1,"color":"00000000"}]},"bsjs_6_7":{"color":[{"color":"ffffffff"},{"time":0.0417,"color":"000000ff","curve":"stepped"},{"time":0.6667,"color":"000000ff"},{"time":1,"color":"00000000"}]},"bsjs_6_8":{"color":[{"color":"ffffffff"},{"time":1,"color":"ffffff00"}]},"bsjs_6_9":{"color":[{"color":"ffffffff"},{"time":0.0417,"color":"000000ff","curve":"stepped"},{"time":0.6667,"color":"000000ff"},{"time":1,"color":"00000000"}]},"bsjs_6_10":{"color":[{"color":"ffffffff"},{"time":0.0417,"color":"000000ff","curve":"stepped"},{"time":0.6667,"color":"000000ff"},{"time":1,"color":"00000000"}]},"bsjs_6_11":{"color":[{"color":"ffffffff"},{"time":0.0417,"color":"000000ff","curve":"stepped"},{"time":0.6667,"color":"000000ff"},{"time":1,"color":"00000000"}]},"bsjs_6_12":{"color":[{"color":"ffffffff"},{"time":0.0417,"color":"000000ff","curve":"stepped"},{"time":0.6667,"color":"000000ff"},{"time":1,"color":"00000000"}]},"bsjs_8":{"color":[{"color":"ffffffff"},{"time":1,"color":"ffffff00"}]},"bsjs_10":{"color":[{"color":"ffffffff"},{"time":0.25,"color":"000000ff","curve":"stepped"},{"time":0.6667,"color":"000000ff"},{"time":1,"color":"00000000"}]},"bsjs_12":{"color":[{"color":"ffffffff"},{"time":0.0417,"color":"000000ff","curve":"stepped"},{"time":0.6667,"color":"000000ff"},{"time":1,"color":"00000000"}]},"bsjs_13":{"color":[{"color":"ffffffff"},{"time":0.0417,"color":"000000ff","curve":"stepped"},{"time":0.6667,"color":"000000ff"},{"time":1,"color":"00000000"}]},"bsjs_14":{"color":[{"color":"ffffffff"},{"time":0.0417,"color":"000000ff","curve":"stepped"},{"time":0.6667,"color":"000000ff"},{"time":1,"color":"00000000"}]},"bsjs_15":{"color":[{"color":"ffffffff"},{"time":0.0417,"color":"000000ff","curve":"stepped"},{"time":0.6667,"color":"000000ff"},{"time":1,"color":"00000000"}]},"bsjs_16":{"color":[{"color":"ffffffff"},{"time":0.0417,"color":"000000ff","curve":"stepped"},{"time":0.6667,"color":"000000ff"},{"time":1,"color":"00000000"}]},"bsjs_17":{"color":[{"color":"ffffffff"},{"time":0.0417,"color":"000000ff","curve":"stepped"},{"time":0.6667,"color":"000000ff"},{"time":1,"color":"00000000"}]},"bsjs_18":{"color":[{"color":"ffffffff"},{"time":0.0417,"color":"000000ff","curve":"stepped"},{"time":0.6667,"color":"000000ff"},{"time":1,"color":"00000000"}]},"bsjs_19":{"color":[{"color":"ffffffff"},{"time":0.0417,"color":"000000ff","curve":"stepped"},{"time":0.6667,"color":"000000ff"},{"time":1,"color":"00000000"}]},"bsjs_20":{"color":[{"color":"ffffffff"},{"time":0.0417,"color":"000000ff","curve":"stepped"},{"time":0.6667,"color":"000000ff"},{"time":1,"color":"00000000"}]},"bsjs_21":{"color":[{"color":"ffffffff"},{"time":0.0417,"color":"000000ff","curve":"stepped"},{"time":0.6667,"color":"000000ff"},{"time":1,"color":"00000000"}]},"bsjs_22":{"color":[{"color":"ffffffff"},{"time":0.0417,"color":"000000ff","curve":"stepped"},{"time":0.6667,"color":"000000ff"},{"time":1,"color":"00000000"}]},"bsjs_141":{"color":[{"color":"ffffffff"},{"time":1,"color":"ffffff00"}]},"bsjs_1411":{"color":[{"color":"ffffffff"},{"time":1,"color":"ffffff00"}]},"椭圆_1":{"color":[{"time":0.6667,"color":"ffffffff"},{"time":1,"color":"ffffff00"}]},"身体2":{"color":[{"color":"ffffffff"},{"time":0.25,"color":"000000ff","curve":"stepped"},{"time":0.6667,"color":"000000ff"},{"time":1,"color":"00000000"}]}},"bones":{"bsjs_18":{"rotate":[{"curve":0.5,"c3":0.5},{"time":0.125,"angle":-16.53,"curve":0.5,"c3":0.5},{"time":0.4167,"angle":1.19}],"translate":[{"curve":0.5,"c3":0.5},{"time":0.125,"x":8.54,"y":62.96,"curve":0.5,"c3":0.5},{"time":0.4167,"y":-62.22}]},"bone1":{"rotate":[{"time":0.2917,"curve":0.5,"c3":0.5},{"time":0.6667,"angle":12.53}]},"bsjs_6_12":{"rotate":[{"angle":14.32}]},"bsjs_6_11":{"rotate":[{"angle":27.59}]},"bsjs_6_9":{"rotate":[{"angle":56.84}]},"bsjs_6_8":{"rotate":[{"angle":-26.45}]},"bsjs_6_4":{"rotate":[{"angle":5.3}]},"bsjs_6_3":{"rotate":[{"angle":-3.04}]},"bsjs_14":{"rotate":[{"angle":-167.74}]},"bone":{"rotate":[{"angle":-0.55}]},"bsjs_12":{"rotate":[{"angle":-9.08}]},"bone_ikTarget3":{"translate":[{"time":0.2083,"curve":0.5,"c3":0.5},{"time":0.4167,"x":-130.35,"y":-152.81}]},"bone_ikTarget2":{"translate":[{"time":0.2083,"curve":0.5,"c3":0.5},{"time":0.4167,"x":76.68,"y":-118.3}]},"bone_ikTarget1":{"translate":[{"time":0.2083,"curve":0.5,"c3":0.5},{"time":0.4167,"x":131.34,"y":-171.43}]},"bone_ikTarget6":{"translate":[{"time":0.2917,"curve":0.5,"c3":0.5},{"time":0.4583,"x":-159.93,"y":2.19}]},"bone_ikTarget":{"translate":[{"time":0.2083,"curve":0.5,"c3":0.5},{"time":0.4167,"x":-130.35,"y":-152.81}]},"bone_ikTarget4":{"translate":[{"time":0.2917,"curve":0.5,"c3":0.5},{"time":0.4583,"x":117.43,"y":-14.02}]},"bone_ikTarget7":{"translate":[{"time":0.2917,"curve":0.5,"c3":0.5},{"time":0.4583,"x":92.01,"y":2.19}]},"bone_ikTarget5":{"translate":[{"time":0.2917,"curve":0.5,"c3":0.5},{"time":0.4583,"x":-122.25,"y":-20.7}]}}},"kenyao":{"bones":{"bsjs_18":{"translate":[{"curve":0.5,"c3":0.5},{"time":0.2083,"y":47.35,"curve":0.5,"c3":0.5},{"time":0.375,"x":-55.51,"y":16.74,"curve":"stepped"},{"time":0.625,"x":-55.51,"y":16.74},{"time":0.8333,"x":-45.73,"y":14.62},{"time":1}]},"bsjs_14":{"rotate":[{"angle":-167.74}]},"bone1":{"rotate":[{},{"time":0.2083,"angle":2.7},{"time":0.4167,"angle":-3.19},{"time":0.5417,"angle":4.3},{"time":0.6667,"angle":-3.19},{"time":0.7917,"angle":4.3},{"time":0.9167,"angle":-3.19}]},"bsjs_6_11":{"rotate":[{"angle":27.59}]},"bsjs_6_12":{"rotate":[{"angle":14.32}]},"bone":{"rotate":[{"angle":-0.55}]},"bsjs_23":{"rotate":[{"time":0.4167},{"time":0.5417,"angle":10.6},{"time":0.6667},{"time":0.7917,"angle":10.6},{"time":0.9167,"angle":-3.19}]},"bsjs_12":{"rotate":[{"angle":-9.08}]},"bsjs_6_8":{"rotate":[{"angle":-26.45}]},"bsjs_6_3":{"rotate":[{"angle":-3.04}]},"bsjs_6_9":{"rotate":[{"angle":56.84}]},"bsjs_6_4":{"rotate":[{"angle":5.3}]}}},"move":{"bones":{"bsjs_18":{"translate":[{"curve":0.5,"c3":0.5},{"time":0.2083,"y":19.69,"curve":0.5,"c3":0.5},{"time":0.4167,"curve":0.5,"c3":0.5},{"time":0.625,"y":19.69,"curve":0.5,"c3":0.5},{"time":0.8333,"curve":0.5,"c3":0.5},{"time":1.0417,"y":19.69,"curve":0.5,"c3":0.5},{"time":1.25,"curve":0.5,"c3":0.5},{"time":1.4583,"y":19.69,"curve":0.5,"c3":0.5},{"time":1.6667,"curve":0.5,"c3":0.5},{"time":1.875,"y":19.69,"curve":0.5,"c3":0.5},{"time":2.0833,"curve":0.5,"c3":0.5},{"time":2.2917,"y":19.69,"curve":0.5,"c3":0.5},{"time":2.5}]},"bone_ikTarget3":{"translate":[{"x":-50.41,"y":-2.42},{"time":0.2083,"y":58.78},{"time":0.3333,"x":-24.21,"y":79.24},{"time":0.4167,"x":-109.51,"y":-2.42},{"time":0.8333,"x":-50.41,"y":-2.42},{"time":1.0417,"y":58.78},{"time":1.1667,"x":-24.21,"y":79.24},{"time":1.25,"x":-109.51,"y":-2.42},{"time":1.6667,"x":-50.41,"y":-2.42},{"time":1.875,"y":58.78},{"time":2,"x":-24.21,"y":79.24},{"time":2.0833,"x":-109.51,"y":-2.42},{"time":2.5,"x":-50.41,"y":-2.42}]},"bone_ikTarget2":{"translate":[{"x":8.75,"y":10.2},{"time":0.4167,"x":62.17,"y":-11.06},{"time":0.625,"x":10.57,"y":29.29},{"time":0.75,"x":8.18,"y":74.52},{"time":0.8333,"x":8.75,"y":10.2},{"time":1.25,"x":62.17,"y":-11.06},{"time":1.4583,"x":10.57,"y":29.29},{"time":1.5833,"x":8.18,"y":74.52},{"time":1.6667,"x":8.75,"y":10.2},{"time":2.0833,"x":62.17,"y":-11.06},{"time":2.2917,"x":10.57,"y":29.29},{"time":2.4167,"x":8.18,"y":74.52},{"time":2.5,"x":8.75,"y":10.2}]},"bone_ikTarget1":{"translate":[{"x":59.11,"y":2.2},{"time":0.2083,"x":-18.52,"y":71.99},{"time":0.3333,"x":26.26,"y":92.92},{"time":0.4167,"x":20.24,"y":31.19},{"time":0.8333,"x":59.11,"y":2.2},{"time":1.0417,"x":-18.52,"y":71.99},{"time":1.1667,"x":26.26,"y":92.92},{"time":1.25,"x":20.24,"y":31.19},{"time":1.6667,"x":59.11,"y":2.2},{"time":1.875,"x":-18.52,"y":71.99},{"time":2,"x":26.26,"y":92.92},{"time":2.0833,"x":20.24,"y":31.19},{"time":2.5,"x":59.11,"y":2.2}]},"bone_ikTarget6":{"translate":[{"x":-132.71},{"time":0.4167,"x":3.65,"y":3.22},{"time":0.625,"x":50.46,"y":71.99},{"time":0.75,"x":-30.23,"y":82.86},{"time":0.8333,"x":-90.85,"y":-32.18},{"time":1.25,"x":3.65,"y":3.22},{"time":1.4583,"x":50.46,"y":71.99},{"time":1.5833,"x":-30.23,"y":82.86},{"time":1.6667,"x":-132.71},{"time":2.0833,"x":3.65,"y":3.22},{"time":2.2917,"x":50.46,"y":71.99},{"time":2.4167,"x":-30.23,"y":82.86},{"time":2.5,"x":-132.71}]},"bone_ikTarget":{"translate":[{"x":-132.71},{"time":0.4167,"x":3.65,"y":3.22},{"time":0.625,"x":14.39,"y":55.13},{"time":0.75,"x":-101.52,"y":115.37},{"time":0.8333,"x":-132.71},{"time":1.25,"x":3.65,"y":3.22},{"time":1.4583,"x":14.39,"y":55.13},{"time":1.5833,"x":-73.87,"y":76.97},{"time":1.6667,"x":-132.71},{"time":2.0833,"x":3.65,"y":3.22},{"time":2.2917,"x":14.39,"y":55.13},{"time":2.4167,"x":-73.87,"y":76.97},{"time":2.5,"x":-132.71}]},"bone_ikTarget4":{"translate":[{"x":-30.98,"y":3.22},{"time":0.4167,"x":79.18,"y":3.22},{"time":0.625,"x":1.82,"y":96.56},{"time":0.75,"x":-25.33,"y":79.43},{"time":0.8333,"x":-30.98,"y":3.22},{"time":1.25,"x":79.18,"y":3.22},{"time":1.4583,"x":1.82,"y":96.56},{"time":1.5833,"x":-25.33,"y":79.43},{"time":1.6667,"x":-30.98,"y":3.22},{"time":2.0833,"x":79.18,"y":3.22},{"time":2.2917,"x":1.82,"y":96.56},{"time":2.4167,"x":-25.33,"y":79.43},{"time":2.5,"x":-30.98,"y":3.22}]},"bone_ikTarget7":{"translate":[{"x":59.11,"y":2.2},{"time":0.2083,"x":-44.34,"y":153.8},{"time":0.3333,"x":-33.39,"y":78.81},{"time":0.4167,"x":-47.56,"y":2.2},{"time":0.8333,"x":59.11,"y":2.2},{"time":1.0417,"x":-44.34,"y":153.8},{"time":1.1667,"x":-33.39,"y":78.81},{"time":1.25,"x":-47.56,"y":2.2},{"time":1.6667,"x":59.11,"y":2.2},{"time":1.875,"x":-44.34,"y":153.8},{"time":2,"x":-33.39,"y":78.81},{"time":2.0833,"x":-47.56,"y":2.2},{"time":2.5,"x":59.11,"y":2.2}]},"bone_ikTarget5":{"translate":[{"x":-50.41,"y":-2.42},{"time":0.2083,"y":58.78},{"time":0.3333,"x":-85.61,"y":147.92},{"time":0.4167,"x":-109.51,"y":-2.42},{"time":0.8333,"x":-50.41,"y":-2.42},{"time":1.0417,"y":58.78},{"time":1.1667,"x":-85.61,"y":147.92},{"time":1.25,"x":-109.51,"y":-2.42},{"time":1.6667,"x":-50.41,"y":-2.42},{"time":1.875,"y":58.78},{"time":2,"x":-85.61,"y":147.92},{"time":2.0833,"x":-109.51,"y":-2.42},{"time":2.5,"x":-50.41,"y":-2.42}]},"bsjs_14":{"rotate":[{"angle":150.59}]},"bsjs_182":{"rotate":[{"angle":-15.72}]},"bone1":{"rotate":[{"angle":-2.91,"curve":0.5,"c3":0.5},{"time":0.4167,"angle":2.54,"curve":0.5,"c3":0.5},{"time":0.8333,"angle":-2.91,"curve":0.5,"c3":0.5},{"time":1.25,"angle":2.54,"curve":0.5,"c3":0.5},{"time":1.6667,"angle":-2.91,"curve":0.5,"c3":0.5},{"time":2.0833,"angle":2.54,"curve":0.5,"c3":0.5},{"time":2.5,"angle":-2.91}]},"bsjs_17":{"rotate":[{"angle":14.66}]},"bsjs_181":{"rotate":[{"angle":7.1}]},"bsjs_6_11":{"rotate":[{"angle":44.46}]},"bsjs_21":{"rotate":[{"angle":-5.3}]},"bsjs_6_12":{"rotate":[{"angle":17.36}]},"bone":{"rotate":[{"angle":71.39}]},"bsjs_19":{"rotate":[{"angle":28.94}]},"bsjs_16":{"rotate":[{"angle":-24.88}]},"bsjs_7":{"rotate":[{"angle":-2.89},{"time":0.4167,"angle":1.94},{"time":0.8333,"angle":-2.89},{"time":1.25,"angle":1.94},{"time":1.6667,"angle":-2.89},{"time":2.0833,"angle":1.94},{"time":2.5,"angle":-2.89}]},"bone_ikTarget10":{"translate":[{"x":1.32,"y":19.54,"curve":0.5,"c3":0.5},{"time":0.2917,"curve":0.5,"c3":0.5},{"time":0.8333,"x":1.32,"y":19.54}]},"bone_ikTarget11":{"translate":[{"x":1.32,"y":19.54,"curve":0.5,"c3":0.5},{"time":0.5,"curve":0.5,"c3":0.5},{"time":0.8333,"x":1.32,"y":19.54}]},"bsjs_8":{"rotate":[{"curve":0.5,"c3":0.5},{"time":0.4167,"angle":-18.11,"curve":0.5,"c3":0.5},{"time":1,"angle":-12.11,"curve":0.5,"c3":0.5},{"time":1.7083,"angle":-12.07,"curve":0.5,"c3":0.5},{"time":2.5}],"translate":[{"curve":0.5,"c3":0.5},{"time":0.4167,"x":32.77,"y":0.9,"curve":"stepped"},{"time":1,"x":32.77,"y":0.9,"curve":0.5,"c3":0.5},{"time":1.7083,"x":-7.21,"y":-45.67,"curve":0.5,"c3":0.5},{"time":2.5}]},"bsjs_3":{"translate":[{},{"time":0.25,"x":15.31,"y":-0.36},{"time":0.4583},{"time":0.6667,"x":15.31,"y":-0.36},{"time":0.8333},{"time":1.0833,"x":15.31,"y":-0.36},{"time":1.2917},{"time":1.5,"x":15.31,"y":-0.36},{"time":1.6667},{"time":1.9167,"x":15.31,"y":-0.36},{"time":2.125},{"time":2.3333,"x":15.31,"y":-0.36},{"time":2.5}]},"bsjs_6_7":{"rotate":[{"angle":17.38,"curve":0.5},{"time":0.4167,"angle":1.94,"curve":0.5},{"time":0.8333,"angle":17.38,"curve":0.5},{"time":1.25,"angle":1.94,"curve":0.5},{"time":1.6667,"angle":17.38,"curve":0.5},{"time":2.0833,"angle":1.94,"curve":0.5},{"time":2.5,"angle":17.38}]},"bsjs_15":{"rotate":[{"angle":10.22}]},"bsjs_12":{"rotate":[{"angle":-39.36}]},"bsjs_20":{"rotate":[{"angle":-13.2}]},"bsjs_22":{"rotate":[{"angle":-17.92}]},"bsjs_6_2":{"rotate":[{"angle":-28.38},{"time":0.4167,"angle":-20.88},{"time":0.8333,"angle":-28.38},{"time":1.25,"angle":-20.88},{"time":1.6667,"angle":-28.38},{"time":2.0833,"angle":-20.88},{"time":2.5,"angle":-28.38}]},"bsjs_6_8":{"rotate":[{"angle":-51.59}]},"bsjs_6_3":{"rotate":[{"angle":-26.58}]},"bsjs_6_9":{"rotate":[{"angle":56.84}]},"bsjs_6_6":{"rotate":[{"curve":0.5,"c3":0.5},{"time":0.4167,"angle":8.32,"curve":0.5,"c3":0.5},{"time":0.8333,"curve":0.5,"c3":0.5},{"time":1.25,"angle":8.32,"curve":0.5,"c3":0.5},{"time":1.6667,"curve":0.5,"c3":0.5},{"time":2.0833,"angle":8.32,"curve":0.5,"c3":0.5},{"time":2.5}]},"bsjs_6_4":{"rotate":[{"angle":9.95}]},"bone_ikTarget8":{"translate":[{"x":-10.37,"y":2.76}]}}}}},[0]]],0,0,[0],[-1],[0]]