[1,["ecpdLyjvZBwrvm+cedCcQy","caohSHbS5GEIzmwCrnMGn5","7fAsMx3xVJmYXyvonK5TnC","35yMXciZJADZBKTwaHGOu+","11aX3SpyRCQ5Ea1ipmYGdA","15/YKB1bZML7npb31dZP8p","a0ShWAtBpOeZM/aE5R7WBJ","86DX7rn1JIfq0EMOe6LHgd","35bGepcfhMkorXYRg4u/bE"],["node","_N$file","_spriteFrame","_textureSetter","_parent","root","special","rewardContainer","reward","reward_rec","bt_reward","pic_bg","pic_icon","t_desc","t_name","data","reward_prefab"],[["cc.Node",["_name","_active","_prefab","_components","_contentSize","_parent","_trs","_children","_anchorPoint","_color"],1,4,9,5,1,7,2,5,5],["cc.Sprite",["_sizeMode","node","_materials","_spriteFrame"],2,1,3,6],["cc.Label",["_string","_fontSize","_lineHeight","_isSystemFontUsed","_N$cacheMode","_N$verticalAlign","_N$overflow","node","_materials","_N$file"],-4,1,3,6],"cc.SpriteFrame",["cc.Node",["_name","_parent","_components","_prefab","_contentSize","_anchorPoint","_trs","_color"],2,1,12,4,5,5,7,5],["cc.Node",["_name","_parent","_components","_prefab","_contentSize","_anchorPoint","_trs"],2,1,2,4,5,5,7],["cc.PrefabInfo",["fileId","root","asset"],2,1,1],["cc.Prefab",["_name"],2],["3d125L0iahI36Dm6qIZMrRf",["node","t_name","t_desc","pic_icon","pic_bg","bt_reward","reward_rec","reward","rewardContainer","special","reward_prefab"],3,1,1,1,1,1,1,1,1,1,1,6],["cc.LabelOutline",["_width","node","_color"],2,1,5],["cc.Layout",["_resize","_N$layoutType","_N$spacingX","node","_layoutSize"],0,1,5]],[[6,0,1,2,2],[9,0,1,2,2],[0,0,5,7,2,6,2],[0,0,5,3,2,4,6,2],[2,0,1,2,3,4,7,8,9,6],[7,0,2],[0,0,7,3,2,4,8,2],[0,0,5,7,3,2,4,6,2],[0,0,1,5,3,2,9,4,6,3],[0,0,7,2,2],[0,0,5,3,2,4,8,6,2],[0,0,3,2,4,8,6,2],[0,0,5,7,2,2],[4,0,1,2,3,7,4,5,6,2],[4,0,1,2,3,4,5,6,2],[5,0,1,2,3,4,5,2],[5,0,1,2,3,4,6,2],[8,0,1,2,3,4,5,6,7,8,9,10,1],[6,1,2,1],[1,0,1,2,3,2],[1,1,2,3,1],[1,0,1,2,2],[1,1,2,1],[2,0,1,2,3,5,4,7,8,9,7],[2,0,1,2,3,5,4,7,8,7],[2,0,1,2,3,6,4,7,8,7],[10,0,1,2,3,4,4]],[[[{"name":"achieve_1","rect":[0,0,134,134],"offset":[0,0],"originalSize":[134,134],"capInsets":[0,0,0,0]}],[3],0,[0],[3],[2]],[[{"name":"achieve_bg1","rect":[0,0,1680,185],"offset":[0,0],"originalSize":[1680,185],"capInsets":[0,0,0,0]}],[3],0,[0],[3],[3]],[[[5,"Achieve_item"],[6,"Achieve_item",[-12,-13,-14,-15,-16],[[17,-11,-10,-9,-8,-7,-6,-5,-4,-3,-2,14]],[18,-1,0],[5,1680,185],[0,0.5,1]],[2,"reward",1,[-17,-18,-19,-20],[0,"a1FfZqfn1MW6tfwaI1MeJh",1,0],[0,16.024,0,0,0,0,1,1,1,1]],[7,"btn_5",2,[-22],[[19,0,-21,[6],7]],[0,"6b3sIilBNLAJofkLHcj52e",1,0],[5,130,50],[274,-138,0,0,0,0,1,1,1,1]],[8,"specail",false,1,[[23,"东方特快 成就达成",35,35,false,1,2,-23,[12],13],[1,3,-24,[4,4278208621]]],[0,"61tPCN6ytAQInvgj2ZEb6p",1,0],[4,4284081919],[5,303.5,50.1],[0,-113.976,0,0,0,0,1,1,1,1]],[9,"sub",[-25,-26],[0,"e52xMHiGJJ0qKXYzfiJm9Y",1,0]],[13,"t_name",5,[[-27,[1,3,-28,[4,4278330370]]],1,4],[0,"e6T0jBjXdE94TxVGHkysgQ",1,0],[4,4279746326],[5,146,41],[0,0,0.5],[-206.27,-38.833,0,0,0,0,1,1,1,1]],[14,"t_desc",5,[[-29,[1,3,-30,[4,4278190080]]],1,4],[0,"c2BWXsYuBOYIunjceTaWRF",1,0],[5,520,66],[0,0,1],[-203.47,-58.433,0,0,0,0,1,1,1,1]],[3,"t_bt",3,[[4,"领取",25,30,false,2,-31,[4],5],[1,3,-32,[4,4278190080]]],[0,"32qLSw021JJYPCAq9rcnQi",1,0],[5,56,36],[0,-2.8,0,0,0,0,1,1,1,1]],[3,"achieve_picked",2,[[20,-33,[8],9]],[0,"479PY4DANGM5xYXVD9ydU5",1,0],[5,150,65],[274,-138,0,0,0,0,1,1,1,1]],[10,"rewards",2,[[26,1,1,10,-34,[5,178.32,50]]],[0,"05VbZahBlLp7P7L0VvhTnU",1,0],[5,178.32,50],[0,0,0.5],[-131,-140,0,0,0,0,1,1,1,1]],[11,"t_reward",[[4,"奖励: ",25,30,false,2,-35,[10],11],[1,3,-36,[4,4278190080]]],[0,"122CDV9B1CMrHmT0OPv1HG",1,0],[5,74.07,36],[0,0,1],[-203.47,-124.234,0,0,0,0,1,1,1,1]],[15,"achieve_bg1",1,[-37],[0,"efmJ7In0ZE1qFYsfb8ojwE",1,0],[5,1680,185],[0,0.5,1]],[21,2,12,[0]],[16,"achieve_1",1,[-38],[0,"10NPRHCiJDi5AIv2+yBkKn",1,0],[5,134,134],[-297.449,-75.284,0,0,0,0,1,1,1,1]],[22,14,[1]],[2,"txt",1,[5],[0,"18xjltvoVOGJ8EORURVakc",1,0],[0,16.024,0,0,0,0,1,1,1,1]],[24,"庭院无忧",35,35,false,1,2,6,[2]],[25,"成功用一个樱桃炸弹同时炸死十个正常体型的僵尸",25,30,false,3,2,7,[3]],[12,"sub",2,[11],[0,"e1kO/yfa9A5JDOx/I9G4rS",1,0]]],0,[0,5,1,0,6,4,0,7,10,0,8,2,0,9,9,0,10,3,0,11,13,0,12,15,0,13,18,0,14,17,0,0,1,0,-1,12,0,-2,14,0,-3,16,0,-4,2,0,-5,4,0,-1,3,0,-2,9,0,-3,10,0,-4,19,0,0,3,0,-1,8,0,0,4,0,0,4,0,-1,6,0,-2,7,0,-1,17,0,0,6,0,-1,18,0,0,7,0,0,8,0,0,8,0,0,9,0,0,10,0,0,11,0,0,11,0,-1,13,0,-1,15,0,15,1,5,4,16,11,4,19,38],[0,0,0,0,0,0,0,0,0,0,0,0,0,0,0,13,15,17,18],[-1,-1,-1,-1,-1,1,-1,2,-1,2,-1,1,-1,1,16,2,2,1,1],[0,0,0,0,0,1,0,4,0,5,0,1,0,1,6,7,8,1,1]]]]