[1,["ecpdLyjvZBwrvm+cedCcQy","datVxFEw9MnIxX+1zRCUVW","1ed7c1957","e3Na6WdjJK9LpgWa8SaKIQ","8cgOzDmO5LFoUH+b5AEcLf","6dD+EAH19PoqdYzoW20VoL","d05m9CyyxCI6v0r5FMXnPZ","0fOp7sKpdEYoYYepTE5GXZ","1c3ff388b"],["_parent","_spriteFrame","_textureSetter","root","mask","body","animation","node","data","_N$skeletonData"],[["cc.Node",["_name","_groupIndex","_prefab","_parent","_children","_components","_contentSize","_trs"],1,4,1,12,2,5,7],["cc.Node",["_name","_prefab","_children","_parent","_components","_contentSize","_anchorPoint"],2,4,2,1,12,5,5],"cc.SpriteFrame",["cc.PrefabInfo",["fileId","root","asset"],2,1,1],["cc.Prefab",["_name"],2],["cc.Node",["_name","_parent","_children","_components","_prefab","_contentSize"],2,1,2,2,4,5],["045b3WlsgBOGY909sopESqJ",["uiIdleName","skinName","attackAniName","deathAniName","moveAniName","idleAniName","node","animation","body","shadowOffset","mask","waterGrass","waterGrassFrame"],-3,1,1,1,5,1,2,3],["cc.Sprite",["_sizeMode","node","_materials"],2,1,3],["sp.Skeleton",["defaultSkin","defaultAnimation","_preCacheMode","premultipliedAlpha","_animationName","_N$enableBatch","node","_materials"],-3,1,3],["261d4+Q1HdGA5w3tjdBw83c",["activeFlash","node","spineAnimation"],2,1,1],["cc.BoxCollider",["node","_offset","_size"],3,1,5,5],["b1abdSI13NE76lu3aJ+NI5X",["node","body"],3,1,1],["cc.Mask",["node","_materials"],3,1,3]],[[3,0,1,2,2],[1,0,3,1,2],[1,0,3,2,1,2],[0,0,4,2,2],[0,0,3,5,2,6,7,2],[7,0,1,2,2],[4,0,2],[1,0,2,4,1,5,6,2],[0,0,3,4,2,2],[0,0,1,3,5,2,3],[5,0,1,2,3,4,5,2],[6,0,1,2,3,4,5,6,7,8,9,10,11,12,7],[3,1,2,1],[8,0,1,2,3,4,5,6,7,7],[9,0,1,2,2],[10,0,1,2,1],[11,0,1,1],[12,0,1,1]],[[[{"name":"pr3","rect":[385,393,31,25],"offset":[0,0],"originalSize":[31,25],"rotated":1,"capInsets":[0,0,0,0]}],[2],0,[0],[2],[2]],[[[6,"DuckyTubeZombie"],[7,"DuckyTubeZombie",[-10,-11],[[[11,"idle1",["zombie_1"],["attack2"],["death","death2"],["move","move2"],["idle1","idle2","idle3"],-8,-7,-6,[0,14,6],-5,[-2,-3,-4],[5,6,7,8]],-9],4,1],[12,-1,0],[5,200,200],[0,0.5,0.02]],[3,"ATTACHED_NODE:1",[[-12,[1,"ATTACHED_NODE:1leg2",-13,[0,"b3Qo752pZGtKfBlb6PS3BK",1,0]],-14,[1,"ATTACHED_NODE:bo1",-15,[0,"50V6YjV6dOD6dqSiZ78WME",1,0]],[1,"ATTACHED_NODE:duck",-16,[0,"a9Qv2Vm9NAgr4/aqo6d4sD",1,0]]],1,4,1,4,4],[0,"26vQZMgNpAbqlTjXKq6moM",1,0]],[3,"ATTACHED_NODE:1head1",[[[1,"ATTACHED_NODE:1teats",-17,[0,"f4KAlUtaxD15KLcvkhHBnD",1,0]],[1,"ATTACHED_NODE:1mouth1",-18,[0,"d4vKKzl0VFy623RAoVFR1V",1,0]],[1,"ATTACHED_NODE:1hat",-19,[0,"55VSmaU4tL/YpnWeLTUVtf",1,0]],[1,"ATTACHED_NODE:10pr",-20,[0,"81gmSVFKhDU4E/ejzsDcDe",1,0]],-21],4,4,4,4,1],[0,"15aLI9ll9JYrvcloP6scDe",1,0]],[3,"ATTACHED_NODE:1body1",[[[1,"ATTACHED_NODE:1arm1",-22,[0,"c4EWDwQCBGm6DBNprqUxDr",1,0]],[1,"ATTACHED_NODE:1arm2",-23,[0,"11m6ByL5ZMnJXuczLxkTbS",1,0]],3,-24],4,4,1,1],[0,"3cf82Mdd5N9bbDbuy4tv7i",1,0]],[10,"07zombie",1,[-27],[-25,-26],[0,"b6g9T6bvdNJYdjLXjtm+dB",1,0],[5,115.60002136230469,135.8000030517578]],[8,"ATTACHED_NODE:2",2,[[4,[1,"ATTACHED_NODE:1bidy2",-28,[0,"95ozXQbv1Ehaukqqu/R/4i",1,0]]],1,4],[0,"b70CNam19Ff5KAHbrM6+jF",1,0]],[9,"BodyC",2,1,[-29,-30],[0,"a9KxISf9NPXqmxIa34MR5l",1,0]],[2,"ATTACHED_NODE_TREE",5,[-31],[0,"0920mQSTlLsLrPNoxIoBH3",1,0]],[2,"ATTACHED_NODE:root",8,[2],[0,"d5LKmAEHxIeJjghbT9XaiJ",1,0]],[4,"pr1",3,[-32],[0,"e3e1O+NYJOooVy/P79Fjc1",1,0],[5,55,54],[302.871,1.512,0,0,0,0,1,3,3,3]],[5,0,10,[0]],[4,"pr1",4,[-33],[0,"63XeEUee9PsKhWQ/B0cZ/w",1,0],[5,55,54],[21.997,102.447,0,0,0,0,1,3,3,3]],[5,0,12,[1]],[2,"ATTACHED_NODE:1leg1",2,[-34],[0,"bfh6A+NKJG5akAq7K6zDXB",1,0]],[4,"pr1",14,[-35],[0,"07t4HFKGFO6aNwqu2UVphd",1,0],[5,55,54],[19.292,28.874,0,0,0,0,1,3,3,3]],[5,0,15,[2]],[13,"zombie_1","move",0,false,"move",true,5,[3]],[14,true,5,17],[15,7,[0,10,80],[5,70,140]],[16,7,19],[17,1,[4]]],0,[0,3,1,0,-1,11,0,-2,16,0,-3,13,0,4,21,0,5,20,0,6,18,0,7,1,0,-2,21,0,-1,5,0,-2,7,0,-1,6,0,0,2,0,-3,14,0,0,2,0,0,2,0,0,3,0,0,3,0,0,3,0,0,3,0,-5,10,0,0,4,0,0,4,0,-4,12,0,-1,17,0,-2,18,0,-1,8,0,0,6,0,-1,19,0,-2,20,0,-1,9,0,-1,11,0,-1,13,0,-1,15,0,-1,16,0,8,1,2,0,9,3,0,4,4,0,6,35],[0,0,0,0,0,0,0,0,0,11,13,16,17],[-1,-1,-1,-1,-1,-1,-2,-3,-4,1,1,1,9],[0,0,0,3,0,1,4,5,6,1,1,1,7]],[[{"name":"pr4","rect":[591,999,23,21],"offset":[0,0],"originalSize":[23,21],"capInsets":[0,0,0,0]}],[2],0,[0],[2],[8]]]]