[1,["ecpdLyjvZBwrvm+cedCcQy","64gzkXKfhPaYTs1C2jEJHj","76PKPx2gdAfISzQvBquGZ1","26yuuTa+lMr6EnAZyDmMTR","b3zGbg8yBAJLGbQIk8vgkR","1c3ff388b","1ed7c1957"],["node","_spriteFrame","_textureSetter","root","data"],["cc.SpriteFrame",["cc.Node",["_name","_prefab","_children","_components","_parent","_contentSize","_trs"],2,4,2,9,1,5,7],["cc.PrefabInfo",["fileId","root","asset"],2,1,1],["cc.Prefab",["_name"],2],["89d9aoAzfxKuobLHg49NVFI",["node","column5Cloud","column6Cloud","column7Cloud","column8Cloud","column9Cloud"],3,1,2,2,2,2,2],["cc.Sprite",["node","_materials","_spriteFrame"],3,1,3,6]],[[2,0,1,2,2],[5,0,1,2,1],[1,0,4,3,1,5,6,2],[1,0,4,2,3,1,5,6,2],[1,0,4,2,1,2],[3,0,2],[1,0,2,3,1,2],[4,0,1,2,3,4,5,1],[2,1,2,1]],[[[{"name":"fog3","rect":[3,3,243,201],"offset":[0,0],"originalSize":[243,201],"capInsets":[0,0,0,0]}],[0],0,[0],[2],[6]],[[[5,"FogEffect"],[6,"FogEffect",[-33,-34,-35,-36,-37],[[7,-32,[-26,-27,-28,-29,-30,-31],[-20,-21,-22,-23,-24,-25],[-14,-15,-16,-17,-18,-19],[-8,-9,-10,-11,-12,-13],[-2,-3,-4,-5,-6,-7]]],[8,-1,0]],[4,"5",1,[-38,-39,-40,-41,-42,-43],[0,"01pdVuAPNADIMhbfiPCKci",1,0]],[4,"6",1,[-44,-45,-46,-47,-48,-49],[0,"d2nhBUwWFH6ZslkQi8Zefl",1,0]],[4,"7",1,[-50,-51,-52,-53,-54,-55],[0,"c73cQ7z6pEprwTNT73I4Nr",1,0]],[4,"8",1,[-56,-57,-58,-59,-60,-61],[0,"44ha+q4fVO566Vg/nLvesr",1,0]],[4,"9",1,[-62,-63,-64,-65,-66,-67],[0,"49R4bmFsdPC5MSOWdm/eMQ",1,0]],[3,"1",6,[-69,-70],[[1,-68,[80],81]],[0,"21wic/cntGdoxUXqldEI1q",1,0],[5,242,202],[529,-284,0,0,0,0,1,1,1,1]],[3,"1",2,[-72],[[1,-71,[12],13]],[0,"b2qZszfONPD6csA0utDOMB",1,0],[5,242,202],[119,-284,0,0,0,0,1,1,1,1]],[3,"1",3,[-74],[[1,-73,[26],27]],[0,"e5IqiTblZKg7IEjxnOUvGh",1,0],[5,242,202],[239,-278,0,0,0,0,1,1,1,1]],[3,"1",4,[-76],[[1,-75,[40],41]],[0,"ccxAbsA1RGDJuVwtilWkJG",1,0],[5,242,202],[353,-284,0,0,0,0,1,1,1,1]],[3,"1",5,[-78],[[1,-77,[54],55]],[0,"0f5hDPphhKRqa/W1TyEVF2",1,0],[5,242,202],[409,-278,0,0,0,0,1,1,1,1]],[3,"6",6,[-80],[[1,-79,[58],59]],[0,"99LJ+1h65DzITdT5eMAyJH",1,0],[5,243,204],[545,221,0,0,0,0,1,1,1,1]],[3,"5",6,[-82],[[1,-81,[62],63]],[0,"e7RiGRlh1BXrnUSjTNCQF7",1,0],[5,242,202],[535,130,0,0,0,0,1,1,1,1]],[3,"4",6,[-84],[[1,-83,[66],67]],[0,"a6j1X7x+JKiqL2yjCIhQtp",1,0],[5,243,204],[540,11,0,0,0,0,1,1,1,1]],[3,"3",6,[-86],[[1,-85,[70],71]],[0,"78N1m+JBtAbokzso5dkUPL",1,0],[5,242,202],[530,-82,0,0,0,0,1,1,1,1]],[3,"2",6,[-88],[[1,-87,[74],75]],[0,"cepzwadANGoqoZ/6gNf+8W",1,0],[5,243,204],[539,-186,0,0,0,0,1,1,1,1]],[2,"6",2,[[1,-89,[0],1]],[0,"90sdJVjHZHb6kHjpxUwPln",1,0],[5,243,204],[135,221,0,0,0,0,1,1,1,1]],[2,"5",2,[[1,-90,[2],3]],[0,"ddFEkX8hFNPI/++KIiFEsp",1,0],[5,242,202],[125,130,0,0,0,0,1,1,1,1]],[2,"4",2,[[1,-91,[4],5]],[0,"aeuQvsiNhJE7SB6tkoHbmv",1,0],[5,243,204],[130,11,0,0,0,0,1,1,1,1]],[2,"3",2,[[1,-92,[6],7]],[0,"2evcn5ZfhOG5vXxyghqmGe",1,0],[5,242,202],[120,-80,0,0,0,0,1,1,1,1]],[2,"2",2,[[1,-93,[8],9]],[0,"6aIwOceB9MWItIHa82WUD0",1,0],[5,243,204],[129,-183,0,0,0,0,1,1,1,1]],[2,"6",3,[[1,-94,[14],15]],[0,"e8vUhplIpGtJRQPcZfI/v6",1,0],[5,243,201],[256,224,0,0,0,0,1,1,1,1]],[2,"5",3,[[1,-95,[16],17]],[0,"f1fGAZbvNLwoVK6FdT3FCv",1,0],[5,242,202],[248,133,0,0,0,0,1,1,1,1]],[2,"4",3,[[1,-96,[18],19]],[0,"23XmNRQQtFmo/2tUSCj0MG",1,0],[5,243,201],[247,24,0,0,0,0,1,1,1,1]],[2,"3",3,[[1,-97,[20],21]],[0,"ebjs06fVVPda326zWfXa9U",1,0],[5,242,202],[239,-67,0,0,0,0,1,1,1,1]],[2,"2",3,[[1,-98,[22],23]],[0,"65qpptfrpGZaGSzDZG8X3i",1,0],[5,243,201],[247,-187,0,0,0,0,1,1,1,1]],[2,"6",4,[[1,-99,[28],29]],[0,"10/L1a4C1OCJhUMXsaUSCR",1,0],[5,243,204],[369,221,0,0,0,0,1,1,1,1]],[2,"5",4,[[1,-100,[30],31]],[0,"fbxk4oTNpPZpbfWGPO3ZlI",1,0],[5,242,202],[359,130,0,0,0,0,1,1,1,1]],[2,"4",4,[[1,-101,[32],33]],[0,"b3NqWCdHxOd5o0qYNM4sAc",1,0],[5,243,204],[364,11,0,0,0,0,1,1,1,1]],[2,"3",4,[[1,-102,[34],35]],[0,"e92MyrgolKHZCoDjAFd1Q8",1,0],[5,242,202],[354,-80,0,0,0,0,1,1,1,1]],[2,"2",4,[[1,-103,[36],37]],[0,"246Bez7flKhLNiXxudQMsL",1,0],[5,243,204],[363,-193,0,0,0,0,1,1,1,1]],[2,"6",5,[[1,-104,[42],43]],[0,"18ha+2XP5ICLIWTy5ooofl",1,0],[5,243,201],[426,224,0,0,0,0,1,1,1,1]],[2,"5",5,[[1,-105,[44],45]],[0,"d8pWwESFROErCVWTd0V6Tp",1,0],[5,242,202],[418,133,0,0,0,0,1,1,1,1]],[2,"4",5,[[1,-106,[46],47]],[0,"988+UnbYVJypoN/XdcsXjJ",1,0],[5,243,201],[417,24,0,0,0,0,1,1,1,1]],[2,"3",5,[[1,-107,[48],49]],[0,"7cidb1DntAVL5A4sJLg8Xe",1,0],[5,242,202],[409,-67,0,0,0,0,1,1,1,1]],[2,"2",5,[[1,-108,[50],51]],[0,"75VuL0xkRDf5oGQqM863JX",1,0],[5,243,201],[417,-187,0,0,0,0,1,1,1,1]],[2,"fog1",8,[[1,-109,[10],11]],[0,"7cswHlH21MMaXOE4C15lla",1,0],[5,243,204],[0,-92,0,0,0,0,1,1,1,1]],[2,"fog4",9,[[1,-110,[24],25]],[0,"79S2WRCVpO+YJfAS0zG99A",1,0],[5,242,202],[0,-101,0,0,0,0,1,1,1,1]],[2,"fog1",10,[[1,-111,[38],39]],[0,"f5VkEi0w9ANYHlrf7NlRoY",1,0],[5,243,204],[0,-92,0,0,0,0,1,1,1,1]],[2,"fog2",11,[[1,-112,[52],53]],[0,"4bF5Pyl51AN6UVYEGbp+qj",1,0],[5,242,202],[0,-105,0,0,0,0,1,1,1,1]],[2,"fog1",12,[[1,-113,[56],57]],[0,"e2E/pgM05OdLWAlYVDKPwR",1,0],[5,243,204],[118,0,0,0,0,0,1,1,1,1]],[2,"fog2",13,[[1,-114,[60],61]],[0,"35F7mWTtRDyqM+v3sk8inX",1,0],[5,242,202],[110,0,0,0,0,0,1,1,1,1]],[2,"fog3",14,[[1,-115,[64],65]],[0,"8frhVCqUVLVbrcfS+BYOBk",1,0],[5,243,201],[118,0,0,0,0,0,1,1,1,1]],[2,"fog4",15,[[1,-116,[68],69]],[0,"7bWv95jvZA9adN2YybITfY",1,0],[5,242,202],[141,0,0,0,0,0,1,1,1,1]],[2,"fog1",16,[[1,-117,[72],73]],[0,"67r4m5todJ64JXA0oGqYF+",1,0],[5,243,204],[98,5,0,0,0,0,1,1,1,1]],[2,"fog2",7,[[1,-118,[76],77]],[0,"edqHKW8H9JrLwJkP1BCHvI",1,0],[5,242,202],[125,0,0,0,0,0,1,1,1,1]],[2,"fog3",7,[[1,-119,[78],79]],[0,"dcSMI3oSxOLp82ek+FjYgu",1,0],[5,243,201],[0,-105,0,0,0,0,1,1,1,1]]],0,[0,3,1,0,-1,7,0,-2,16,0,-3,15,0,-4,14,0,-5,13,0,-6,12,0,-1,11,0,-2,36,0,-3,35,0,-4,34,0,-5,33,0,-6,32,0,-1,10,0,-2,31,0,-3,30,0,-4,29,0,-5,28,0,-6,27,0,-1,9,0,-2,26,0,-3,25,0,-4,24,0,-5,23,0,-6,22,0,-1,8,0,-2,21,0,-3,20,0,-4,19,0,-5,18,0,-6,17,0,0,1,0,-1,2,0,-2,3,0,-3,4,0,-4,5,0,-5,6,0,-1,17,0,-2,18,0,-3,19,0,-4,20,0,-5,21,0,-6,8,0,-1,22,0,-2,23,0,-3,24,0,-4,25,0,-5,26,0,-6,9,0,-1,27,0,-2,28,0,-3,29,0,-4,30,0,-5,31,0,-6,10,0,-1,32,0,-2,33,0,-3,34,0,-4,35,0,-5,36,0,-6,11,0,-1,12,0,-2,13,0,-3,14,0,-4,15,0,-5,16,0,-6,7,0,0,7,0,-1,46,0,-2,47,0,0,8,0,-1,37,0,0,9,0,-1,38,0,0,10,0,-1,39,0,0,11,0,-1,40,0,0,12,0,-1,41,0,0,13,0,-1,42,0,0,14,0,-1,43,0,0,15,0,-1,44,0,0,16,0,-1,45,0,0,17,0,0,18,0,0,19,0,0,20,0,0,21,0,0,22,0,0,23,0,0,24,0,0,25,0,0,26,0,0,27,0,0,28,0,0,29,0,0,30,0,0,31,0,0,32,0,0,33,0,0,34,0,0,35,0,0,36,0,0,37,0,0,38,0,0,39,0,0,40,0,0,41,0,0,42,0,0,43,0,0,44,0,0,45,0,0,46,0,0,47,0,4,1,119],[0,0,0,0,0,0,0,0,0,0,0,0,0,0,0,0,0,0,0,0,0,0,0,0,0,0,0,0,0,0,0,0,0,0,0,0,0,0,0,0,0,0,0,0,0,0,0,0,0,0,0,0,0,0,0,0,0,0,0,0,0,0,0,0,0,0,0,0,0,0,0,0,0,0,0,0,0,0,0,0,0,0],[-1,1,-1,1,-1,1,-1,1,-1,1,-1,1,-1,1,-1,1,-1,1,-1,1,-1,1,-1,1,-1,1,-1,1,-1,1,-1,1,-1,1,-1,1,-1,1,-1,1,-1,1,-1,1,-1,1,-1,1,-1,1,-1,1,-1,1,-1,1,-1,1,-1,1,-1,1,-1,1,-1,1,-1,1,-1,1,-1,1,-1,1,-1,1,-1,1,-1,1,-1,1],[0,1,0,2,0,1,0,2,0,1,0,1,0,2,0,3,0,4,0,3,0,4,0,3,0,4,0,4,0,1,0,2,0,1,0,2,0,1,0,1,0,2,0,3,0,4,0,3,0,4,0,3,0,2,0,4,0,1,0,1,0,2,0,2,0,3,0,1,0,4,0,2,0,1,0,1,0,2,0,3,0,2]],[[{"name":"fog1","rect":[356,75,243,204],"offset":[0,0],"originalSize":[243,204],"rotated":1,"capInsets":[0,0,0,0]}],[0],0,[0],[2],[5]],[[{"name":"fog2","rect":[344,533,242,202],"offset":[0,0],"originalSize":[242,202],"rotated":1,"capInsets":[0,0,0,0]}],[0],0,[0],[2],[5]],[[{"name":"fog4","rect":[626,779,242,202],"offset":[0,0],"originalSize":[242,202],"rotated":1,"capInsets":[0,0,0,0]}],[0],0,[0],[2],[5]]]]