[1,["ecpdLyjvZBwrvm+cedCcQy","caohSHbS5GEIzmwCrnMGn5","4a6GLKc2hMCKhrl25p539q","2feRlJ3QNFh5DUZG3E5FSJ","0ddMORfRxGRINCJ1R+gQ78","b0Fm6r20FK87Rf/UB4UZCT","384w4kV5JAurVtdLwsxF79","d6cIYKsCRBtJzBPPVJuoGG","aefj1eUpBCR6zwmAbDjUMY","efu4jbKnBIDKhrM/cjqFqk","d8Bnc3Mc9DbbQw5BfiKNUa","7bWAKXTBJE8qeb5/Egvb3Q","b6SjG1mMhB8KTZkhnLOizZ","b54naas9JCK6YTFOSLy8Az","f80O621RZNq5ShjPiq6lBq","8eXK4L9I9KuZhC3vZvqMMi","0065SrK+lBR6x6sBtFS1bU","a2MjXRFdtLlYQ5ouAFv/+R","f6EL+Fo91CabAxjCmhQMrJ","51L6yfjn1JgZX5iENxRn51","31fmtHXT5B8bSfohAredFc","a75AHiAgxISLYNqmi7A4Xk","4fvsSmf9dEnLldfx99Gwjq","10eCUJYbtAQ5vQfsp1HpsA","9d3EI/H4ZCmaGlMM31H8FC","7477ht0KBNE4SCCPu6n1zZ","82lm+8wfVAS5Ba8nR8qxJJ","65ybVT/JhNvbjVcDxJ07U+","d1xkfSNSlMLL5UR9YX2zD2","5b2E3BaVNNzZPAk8+DkCbZ","4dgE+OwC1OX7x+1Sc19ZPi","47sGxfCANDlo+NeEVLGYlA","000tQpkbJKD5eCmJBZfT3B"],["node","_spriteFrame","_N$file","_textureSetter","_parent","root","board2_adTickedLB","board1_adTickedLB","board2_buyTips","board1_plantLabel","board1_plantGift","board1_plantIcon","board1_adTickCount","board2","board1","data"],[["cc.Node",["_name","_active","_opacity","_prefab","_parent","_components","_contentSize","_trs","_children","_color","_eulerAngles","_anchorPoint"],0,4,1,9,5,7,2,5,5,5],"cc.SpriteFrame",["cc.Label",["_string","_fontSize","_lineHeight","_isSystemFontUsed","_N$horizontalAlign","_N$verticalAlign","node","_materials","_N$file"],-3,1,3,6],["cc.Sprite",["_sizeMode","_type","_isTrimmedMode","node","_materials","_spriteFrame"],0,1,3,6],["cc.Node",["_name","_parent","_components","_prefab","_contentSize","_trs","_color","_eulerAngles"],2,1,12,4,5,7,5,5],["cc.Widget",["_alignFlags","_originalWidth","_originalHeight","_left","_right","_top","_bottom","node"],-4,1],["cc.Node",["_name","_opacity","_parent","_components","_prefab","_contentSize","_trs","_color"],1,1,2,4,5,7,5],["cc.PrefabInfo",["fileId","root","asset"],2,1,1],["cc.ClickEvent",["_componentId","handler","customEventData","target"],0,1],["cc.LabelOutline",["_width","node","_color"],2,1,5],["cc.Prefab",["_name"],2],["cc.BlockInputEvents",["node"],3,1],["2fdb85mSX1A/KjIZopUGUy8",["node","board1","board2","board1_adTickCount","board1_plantIcon","board1_plantGift","board1_plantLabel","board1_plantIconSfs","board1_plantTitle","board1_priceOrigin","board1_priceDisCount","disCountPriceLb","board2_buyTips","board1_adTickedLB","board2_adTickedLB"],3,1,1,1,1,1,1,1,3,2,2,2,2,1,1,1],["cc.Button",["_N$transition","node","clickEvents"],2,1,9]],[[7,0,1,2,2],[3,3,4,5,1],[9,0,1,2,2],[0,0,4,5,3,6,7,2],[0,0,4,8,5,3,6,7,2],[13,0,1,2,2],[4,0,1,2,3,6,4,5,2],[8,0,1,3,3],[2,0,1,2,3,4,5,6,7,8,7],[2,0,1,2,3,4,6,7,6],[0,0,8,5,3,6,7,2],[0,0,1,4,5,3,6,3],[3,1,0,2,3,4,5,4],[3,0,3,4,5,2],[2,0,1,2,3,4,5,6,7,7],[0,0,1,4,8,5,3,6,7,3],[0,0,4,8,3,2],[0,0,4,5,3,9,6,7,2],[0,0,4,5,3,6,2],[0,0,2,4,5,3,9,6,7,3],[4,0,1,2,3,6,4,5,7,2],[6,0,2,3,4,5,6,2],[3,1,0,3,4,5,3],[3,0,3,4,2],[8,0,1,2,3,4],[9,0,1,2],[2,0,1,2,3,6,7,8,5],[10,0,2],[0,0,1,4,8,5,3,6,3],[0,0,4,8,3,7,2],[0,0,1,4,5,3,6,7,3],[0,0,2,4,5,3,9,6,3],[0,0,1,4,5,3,9,6,7,3],[0,0,1,4,5,3,9,6,7,10,3],[0,0,4,5,3,6,11,7,2],[4,0,1,2,3,4,5,2],[6,0,1,2,3,4,7,5,6,3],[5,0,7,2],[5,0,1,2,7,4],[5,0,3,4,5,6,1,2,7,8],[11,0,1],[12,0,1,2,3,4,5,6,7,8,9,10,11,12,13,14,1],[7,1,2,1],[2,0,1,2,3,4,6,7,8,6],[2,0,1,2,3,6,7,5]],[[[{"name":"zw053","rect":[8,3,82,90],"offset":[1,0],"originalSize":[96,96],"capInsets":[0,0,0,0]}],[1],0,[0],[3],[9]],[[{"name":"buyBtn","rect":[0,0,228,95],"offset":[0,0],"originalSize":[228,95],"capInsets":[0,0,0,0]}],[1],0,[0],[3],[10]],[[{"name":"字体颜色（6ca361）","rect":[0,0,80,39],"offset":[0,0],"originalSize":[80,39],"capInsets":[0,0,0,0]}],[1],0,[0],[3],[11]],[[{"name":"tag","rect":[0,0,262,92],"offset":[0,0],"originalSize":[262,92],"capInsets":[0,0,0,0]}],[1],0,[0],[3],[12]],[[{"name":"title2","rect":[0,0,534,283],"offset":[0,0],"originalSize":[534,283],"capInsets":[0,0,0,0]}],[1],0,[0],[3],[13]],[[{"name":"board","rect":[0,0,109,513],"offset":[0,0],"originalSize":[109,513],"capInsets":[47,83,44,390]}],[1],0,[0],[3],[14]],[[{"name":"title","rect":[0,0,534,278],"offset":[0,0],"originalSize":[534,278],"capInsets":[0,0,0,0]}],[1],0,[0],[3],[15]],[[{"name":"buyBtn2","rect":[0,0,241,94],"offset":[0,0],"originalSize":[241,94],"capInsets":[0,0,0,0]}],[1],0,[0],[3],[16]],[[[27,"PlayGiftView"],[10,"PlayAbleView",[-28,-29,-30],[[37,45,-2],[40,-3],[41,-27,-26,-25,-24,-23,-22,-21,[74,75,76],[-18,-19,-20],[-15,-16,-17],[-11,-12,-13,-14],[-7,-8,-9,-10],-6,-5,-4]],[42,-1,0],[5,1280,720],[640,360,0,0,0,0,1,1,1,1]],[15,"board1",false,1,[-32,-33,-34,-35,-36,-37,-38,-39,-40,-41],[[12,1,0,false,-31,[46],47]],[0,"79if67nshKTrN/ovWVOpFz",1,0],[5,856.2,512.6],[7.3,-13,0,0,0,0,1,1,1,1]],[28,"board2",false,1,[-43,-44,-45,-46,-47,-48],[[12,1,0,false,-42,[72],73]],[0,"f8A/3iX4ZHX6b6PeZsA8x1",1,0],[5,824.4,561.5]],[4,"btn_origin",3,[-51,-52],[[22,1,2,-49,[65],66],[5,3,-50,[[24,"2fdb85mSX1A/KjIZopUGUy8","clickBuyBtn","1",1]]]],[0,"66zQICS21MK4b8pkg+wds6",1,0],[5,228,95],[0,-181.222,0,0,0,0,1,1,1,0]],[4,"btn_discount",3,[-55,-56],[[22,1,2,-53,[70],71],[5,3,-54,[[24,"2fdb85mSX1A/KjIZopUGUy8","clickBuyBtn","1",1]]]],[0,"58sjuvuztMgrP+B4uI+e08",1,0],[5,241,94],[0,-181.222,0,0,0,0,1,1,1,0]],[4,"title_discount",2,[-58,-59],[[1,-57,[14],15]],[0,"40vX9z8DlDpb7fQaXKCXJ6",1,0],[5,534,283],[142.805,190.514,0,0,0,0,1,1,1,1]],[4,"buyBtn_discount",2,[-62],[[1,-60,[27],28],[5,3,-61,[[7,"2fdb85mSX1A/KjIZopUGUy8","clickBuyBtn",1]]]],[0,"15BXXpuHtMKJNpWkBS8+e+",1,0],[5,241,94],[160.685,-169.147,0,0,0,0,1,1,1,0]],[10,"reward",[-64,-65,-66],[[1,-63,[36],37]],[0,"7fe0KTUkFDLIj1sAg9iMHZ",1,0],[5,107,107],[94.019,-20.023,0,0,0,0,1,1,1,1]],[10,"reward",[-68,-69,-70],[[1,-67,[42],43]],[0,"f6NvZpHeJJf4zdDgdY559l",1,0],[5,107,107],[249.019,-20.023,0,0,0,0,1,1,1,1]],[4,"giftItem",3,[-72,-73,-74],[[1,-71,[60],61]],[0,"a45udW5tdJBY5S91YmuXDe",1,0],[5,204,258],[0,28.469,0,0,0,0,1,1,1,1]],[16,"gift",2,[-75,-76,-77],[0,"daTkNhKx9Dp4Pc29Y46vx0",1,0]],[15,"title_origin",false,2,[-79],[[1,-78,[9],10]],[0,"f1niwBXtpHrIvb4yq5/AHj",1,0],[5,534,278],[142.805,190.514,0,0,0,0,1,1,1,1]],[29,"names",2,[-80,-81,-82],[0,"97LBejz1RD4YBNPlwOD8RI",1,0],[303.965,89.135,0,0,0,0,1,1,1,1]],[30,"buyBtn_origin",false,2,[[1,-83,[24],25],[5,3,-84,[[7,"2fdb85mSX1A/KjIZopUGUy8","clickBuyBtn",1]]]],[0,"177JDR9NxM6b3j9HlaXQiz",1,0],[5,228,95],[160.685,-169.147,0,0,0,0,1,1,1,0]],[4,"tag",10,[-86],[[1,-85,[58],59]],[0,"23Uz1cYfFJ+bW1bOr6v6Ac",1,0],[5,262,92],[161.51,102.779,0,0,0,0,1,1,1,1]],[31,"mask",177,1,[[13,0,-87,[0],1],[38,45,100,100,-88]],[0,"2eDfL0T9xOqa7Wx7Tvdjk2",1,0],[4,4278190080],[5,1280,720]],[20,"text",6,[[-89,[2,2,-90,[4,4283651051]]],1,4],[0,"72noPDqPBAGIHJ8pG1LrNh",1,0],[4,4284479739],[5,34.78,60.7],[47.509,79.542,0,0,0,0.06104853953485687,0.9981347984218669,1,1,1],[1,0,0,7]],[11,"t0",false,13,[[1,-91,[16],17]],[0,"3d1Hw8kPVKBq75SSJQKPB+",1,0],[5,171,67]],[11,"t1",false,13,[[1,-92,[18],19]],[0,"1foLolx4dLKr9I000JURtd",1,0],[5,167,65]],[11,"t2",false,13,[[1,-93,[20],21]],[0,"9c+kNyM2dLUYZxpmV2+0hV",1,0],[5,168,67]],[3,"btn_close",2,[[13,0,-94,[22],23],[5,3,-95,[[7,"2fdb85mSX1A/KjIZopUGUy8","clickCancel",1]]]],[0,"32Rgi6xVVMjIMcCYtjVQJU",1,0],[5,36.4,34],[417.444,255.573,0,0,0,0,1,2,2,0]],[6,"text",7,[[-96,[25,2,-97]],1,4],[0,"6eCnVRcn5Js6+N7y3xNJpi",1,0],[4,4284440571],[5,38.2,67],[-62.602,-5.584,0,0,0,0,1,1,1,1]],[16,"rewards",2,[8,9],[0,"b0SQMD6IlM/oUaT7jLRsj6",1,0]],[6,"count",8,[[-98,[2,2,-99,[4,4278190080]]],1,4],[0,"44arrmgClFmr5pWBqo8YWJ",1,0],[4,4283692543],[5,54.82,45.58],[0,-33.132,0,0,0,0,1,1,1,1]],[14,"+10",33,33,false,1,1,24,[33]],[3,"desc",8,[[8,"免费广告券",25,25,false,1,1,-100,[34],35],[2,2,-101,[4,4278190080]]],[0,"84k+ttI1pJa7c4xjcfWnFI",1,0],[5,129,35.5],[0,-73.744,0,0,0,0,1,1,1,1]],[32,"count",false,9,[[8,"+10",33,33,false,1,1,-102,[39],40],[2,2,-103,[4,4278190080]]],[0,"211JuCFAFMIqrHXLzD5Hra",1,0],[4,4283692543],[5,54.82,45.58],[0,-33.132,0,0,0,0,1,1,1,1]],[35,"desc",9,[[-104,[2,2,-105,[4,4278190080]]],1,4],[0,"a0i1n9Gu9EubNBUTIDdYYc",1,0],[5,79,35.5],[0,-73.744,0,0,0,0,1,1,1,1]],[33,"text",false,2,[[43,"0.1",45,45,false,1,-106,[44],45],[2,2,-107,[4,4283651051]]],[0,"5aPP5h3MBCN7reRf7DKcSL",1,0],[4,4284479739],[5,56.6,60.7],[190.54,271.698,0,0,0,0.06104853953485687,0.9981347984218669,1,1,1],[1,0,0,7]],[34,"bg",3,[[39,45,16,16,78.64999999999999,21.049999999999983,880,420,-108],[12,1,0,false,-109,[48],49]],[0,"9btZbIU8xCaKdZTqB8SKLK",1,0],[5,792.4,461.80000000000007],[0,0.5,1],[0,202.10000000000002,0,0,0,0,1,1,1,1]],[3,"btn_close",3,[[13,0,-110,[50],51],[5,3,-111,[[7,"2fdb85mSX1A/KjIZopUGUy8","clickCancel",1]]]],[0,"529n8gEKVPIYs2fOpnXu+M",1,0],[5,36.4,34],[398.4,273.789,0,0,0,0,1,2,2,0]],[17,"title",3,[[26,"畅玩礼包",62,65,false,-112,[52],53],[2,2,-113,[4,4278190080]]],[0,"41lfJkdftKW4l5pOtFsJpo",1,0],[4,4282891513],[5,252,85.9],[0,229.79,0,0,0,0,1,1,1,1]],[6,"text",10,[[-114,[2,2,-115,[4,4278190080]]],1,4],[0,"f4qGkvOEZEWaTZwoAUcRtA",1,0],[4,4283692543],[5,120.35,35.5],[0,-77,0,0,0,0,1,1,1,1]],[20,"text",15,[[-116,[2,2,-117,[4,4283651051]]],1,4],[0,"3dG65iukFI2oHcwKl5SCFN",1,0],[4,4284479739],[5,34.78,60.7],[-78.985,-16.031,0,0,0,0.06104853953485687,0.9981347984218669,1,1,1],[1,0,0,7]],[6,"text",5,[[-118,[25,2,-119]],1,4],[0,"2b5MY4ap1AGbM17EfWwKDk",1,0],[4,4284440571],[5,38.2,67],[-64.754,-4.9,0,0,0,0,1,1,1,1]],[3,"bottom",11,[[1,-120,[2],3]],[0,"3aD81ZBrBAPYhF86hEHKdc",1,0],[5,464,194],[-189.385,-194.052,0,0,0,0,1,1,1,1]],[21,"plant",11,[-121],[0,"63LQ51f1lFNYp9DbfS8XEc",1,0],[5,446,299],[-229.502,0.24400000000000022,0,0,0,0,1,1,1,1]],[23,2,37,[4]],[3,"top",11,[[1,-122,[5],6]],[0,"cd348lln1BE7Cbt4PbYA48",1,0],[5,438,322],[-337.592,179.868,0,0,0,0,1,1,1,1]],[3,"169",12,[[1,-123,[7],8]],[0,"da6zZ9MFVKA7pQJ/gsmhhr",1,0],[5,80,39],[179.251,99.107,0,0,0,0,1,1,1,1]],[3,"tag",6,[[1,-124,[11],12]],[0,"6c6pY9t3FD6Ir5pop3LQok",1,0],[5,262,92],[127.369,96.057,0,0,0,0,1,1,1,1]],[9,"6",45,45,false,1,17,[13]],[9,"6",50,50,false,2,22,[26]],[17,"tips",2,[[8,"限购1次",22,31,false,1,1,-125,[29],30]],[0,"91dkOuBk1LlKmRGoFPPlQv",1,0],[4,4278190080],[5,73.79,39.06],[176.318,-230.052,0,0,0,0,1,1,1,1]],[18,"icon",8,[[1,-126,[31],32]],[0,"abG1HcnWxF14Y4vrdfcNiU",1,0],[5,75,62]],[21,"icon",9,[-127],[0,"59aE2vRMFCcaM5dR3T745R",1,0],[5,70.9,70.9],[-1.053,-0.065,0,0,0,0,1,1,1,1]],[23,0,46,[38]],[14,"菜师傅",25,25,false,1,1,28,[41]],[18,"ad_ticket",10,[[1,-128,[54],55]],[0,"fdsGgYEzpJZoe6lt+OSX2r",1,0],[5,75,62]],[44,"广告券+15",25,25,false,33,[56]],[9,"6",45,45,false,1,34,[57]],[19,"text",0,4,[[26,"6元购买",28,28,false,-129,[62],63]],[0,"8f1JJZGiBAB40wQMKqo6v0",1,0],[4,4285072899],[5,103.15,35.28],[0,-2.739,0,0,0,0,1,1,1,1]],[36,"buytips",0,4,[-130],[0,"20DnfIzUJDY7veBsU9pgXG",1,0],[4,4278190080],[5,130.62,39.06],[187.106,-4.716,0,0,0,0,1,1,1,1]],[14,"优惠至1元",30,31,false,1,1,53,[64]],[9,"6",50,50,false,2,35,[67]],[19,"buytips",0,5,[[8,"优惠至1元",30,31,false,1,1,-131,[68],69]],[0,"91heqcz0hO7Jz98UsYotwE",1,0],[4,4278190080],[5,130.62,39.06],[187.106,-4.716,0,0,0,0,1,1,1,1]]],0,[0,5,1,0,0,1,0,0,1,0,6,50,0,7,25,0,8,54,0,-1,42,0,-2,43,0,-3,51,0,-4,55,0,-1,7,0,-2,6,0,-3,15,0,-4,5,0,-1,14,0,-2,12,0,-3,4,0,-1,18,0,-2,19,0,-3,20,0,9,48,0,10,38,0,11,47,0,12,25,0,13,3,0,14,2,0,0,1,0,-1,16,0,-2,2,0,-3,3,0,0,2,0,-1,11,0,-2,12,0,-3,6,0,-4,13,0,-5,21,0,-6,14,0,-7,7,0,-8,44,0,-9,23,0,-10,29,0,0,3,0,-1,30,0,-2,31,0,-3,32,0,-4,10,0,-5,4,0,-6,5,0,0,4,0,0,4,0,-1,52,0,-2,53,0,0,5,0,0,5,0,-1,35,0,-2,56,0,0,6,0,-1,41,0,-2,17,0,0,7,0,0,7,0,-1,22,0,0,8,0,-1,45,0,-2,24,0,-3,26,0,0,9,0,-1,46,0,-2,27,0,-3,28,0,0,10,0,-1,49,0,-2,33,0,-3,15,0,-1,36,0,-2,37,0,-3,39,0,0,12,0,-1,40,0,-1,18,0,-2,19,0,-3,20,0,0,14,0,0,14,0,0,15,0,-1,34,0,0,16,0,0,16,0,-1,42,0,0,17,0,0,18,0,0,19,0,0,20,0,0,21,0,0,21,0,-1,43,0,0,22,0,-1,25,0,0,24,0,0,26,0,0,26,0,0,27,0,0,27,0,-1,48,0,0,28,0,0,29,0,0,29,0,0,30,0,0,30,0,0,31,0,0,31,0,0,32,0,0,32,0,-1,50,0,0,33,0,-1,51,0,0,34,0,-1,55,0,0,35,0,0,36,0,-1,38,0,0,39,0,0,40,0,0,41,0,0,44,0,0,45,0,-1,47,0,0,49,0,0,52,0,-1,54,0,0,56,0,15,1,8,4,23,9,4,23,131],[0,0,0,0,0,0,0,0,0,0,0,0,0,0,0,0,0,0,0,0,0,0,0,0,0,0,0,0,0,0,0,0,0,0,0,0,0,0,0,0,0,0,0,0,0,0,0,0,0,0,0,0,0,0,0,0,0,0,0,0,0,0,0,0,0,0,0,0,0,0,0,0,0,0,0,0,0,38,42,43,25,47,48,50,51,54,55],[-1,1,-1,1,-1,-1,1,-1,1,-1,1,-1,1,-1,-1,1,-1,1,-1,1,-1,1,-1,1,-1,1,-1,-1,1,-1,2,-1,1,-1,-1,2,-1,1,-1,-1,2,-1,-1,1,-1,2,-1,1,-1,1,-1,1,-1,2,-1,1,-1,-1,-1,1,-1,1,-1,2,-1,-1,1,-1,-1,2,-1,1,-1,1,-1,-2,-3,1,2,2,2,1,2,2,2,2,2],[0,17,0,18,0,0,19,0,20,0,21,0,2,0,0,22,0,23,0,24,0,25,0,3,0,4,0,0,5,0,1,0,6,0,0,1,0,7,0,0,1,0,0,7,0,1,0,26,0,27,0,3,0,1,0,6,0,0,0,2,0,28,0,1,0,0,4,0,0,1,0,5,0,29,8,30,31,8,1,1,1,32,1,1,1,1,1]]]]