[1,["17oKtbeYtN6YX/gopsksUr","5fKoSMHE5BVYAvJ3Nw49p5","bdG9x83AhLYa19ZQ+WNPkY","21c17oiSxAfI7E5UIfaHQD","30AN5U0A9NwILCY5F6Fxkp","86tepr4ORB9Km0lYxcDQQt","313K1uyyJJ6qKxB4+OzeEb","cbIrJZ6xpEu5M2R7Hdacpa","f3UtdmgepBpYr0QKCeaqn/","f8t4C5zR5PrLoDUaEXoQXp","deN5zfwxJI2pAJBml9RUid","eeGJaEm7RPT7J39ekvV/BH","f0pgVKZp9ClbKs0bPuTph4","dcwlEkRPFMOocPlvBLljld","81k9SsXcRJoYV2yODQcSzL","a7wm0pxiBIGbjJc38SfVdC","c7GXh328ZFM5OKt0bFacV9","dcKKv3jBxBrIVxg4J57wk3","6fwIEgwTxDCInanVezYeyj","46XXqy7UlEn6ZCkybpQMCD","9d1oiVzxdIT7P1Pu3vBa3M","41LfTBqd9B07fmzlZ3SbKx","b9XQjrdUNNj7CAM716Xe09","f0b/IF5+BDmbeOTPkcNeWh","92OyPwcaBOt4jLw+DJEDja","2eW0tqLXZIaq/xdCFFHeYW","f3gQWO1tlN4Kofmq05gdci","a0B4YX4bZASIi+CJjTzWDQ","afZZ022DhIGK+l3mQ8X0dO","64sfaKZO1IZJuznT3Helr+","3aSL1gvJ5KVrMWeXCpZ/Rl","3dYdq1l+ZPLoirS3mAbR3w","f0IXFl9IdI3oYMYezd6IVW","16DkagfdVJkLI+vsq6NchZ","faIVuoV9tFU4NqAMkUZp4S","b09zK9rGtNRIxkTPJOe+4d","7eIrAkXX5HfbInvcedKnEv","b8yJyj2Q1JkoUtETQjYR5D","f4DXOQxWZI6LRF41Y2hC2z","6eQ0F+BDZATqd6GWOsid4d","0dKR81cUlA3ZmY6T/XSaic","d0mkD64ZxMELHLb/Ryij/p","a19VV+ZStBIqFFWiUfyAb4","b54QwkdJNNfJltLDXRdZp7","fcLP8gOLxO86Yfd+dTjOdf","54MV66D7hOQZZ89rvFVRRA","d4qKn/rxFPm7In85CR4509","a9tyWwFolFS446LS/L2ako","afmfSN7TdPVale9GS2zFRd","288TrAE+JLwpoJO1UVR01m","b6uhm9TRVHibvfLHOsIM7P","15/YKB1bZML7npb31dZP8p","08AYsgd6NBGbFu00lCB7Vi"],["_textureSetter","achieve_1","achieve_10","achieve_11","achieve_12","achieve_13","achieve_14","achieve_15","achieve_16","achieve_17","achieve_18","achieve_19","achieve_2","achieve_20","achieve_21","achieve_22","achieve_23","achieve_24","achieve_25","achieve_26","achieve_27","achieve_28","achieve_29","achieve_3","achieve_30","achieve_31","achieve_32","achieve_33","achieve_34","achieve_35","achieve_36","achieve_37","achieve_38","achieve_39","achieve_4","achieve_40","achieve_41","achieve_42","achieve_43","achieve_44","achieve_45","achieve_46","achieve_5","achieve_6","achieve_7","achieve_8","achieve_9","achieve_bg1","achieve_i_1","achieve_i_2","achieve_i_3","achieve_picked","achieve_top"],["cc.SpriteFrame",["cc.SpriteAtlas",["_name","_spriteFrames"],2,11]],[[1,0,1,2]],[[[{"name":"achieve_45","rect":[1633,1089,134,134],"offset":[0,0],"originalSize":[134,134],"capInsets":[0,0,0,0]}],[0],0,[0],[0],[0]],[[{"name":"achieve_39","rect":[1497,952,134,134],"offset":[0,0],"originalSize":[134,134],"capInsets":[0,0,0,0]}],[0],0,[0],[0],[0]],[[{"name":"achieve_11","rect":[137,1224,134,134],"offset":[0,0],"originalSize":[134,134],"capInsets":[0,0,0,0]}],[0],0,[0],[0],[0]],[[{"name":"achieve_i_2","rect":[1,765,1680,185],"offset":[0,0],"originalSize":[1680,185],"capInsets":[0,0,0,0]}],[0],0,[0],[0],[0]],[[{"name":"achieve_31","rect":[953,1224,134,134],"offset":[0,0],"originalSize":[134,134],"capInsets":[0,0,0,0]}],[0],0,[0],[0],[0]],[[{"name":"achieve_12","rect":[273,1088,134,134],"offset":[0,0],"originalSize":[134,134],"capInsets":[0,0,0,0]}],[0],0,[0],[0],[0]],[[{"name":"achieve_14","rect":[1683,545,134,134],"offset":[0,0],"originalSize":[134,134],"capInsets":[0,0,0,0]}],[0],0,[0],[0],[0]],[[{"name":"achieve_36","rect":[1361,952,134,134],"offset":[0,0],"originalSize":[134,134],"capInsets":[0,0,0,0]}],[0],0,[0],[0],[0]],[[{"name":"achieve_37","rect":[1225,1224,134,134],"offset":[0,0],"originalSize":[134,134],"capInsets":[0,0,0,0]}],[0],0,[0],[0],[0]],[[{"name":"achieve_28","rect":[817,1224,134,134],"offset":[0,0],"originalSize":[134,134],"capInsets":[0,0,0,0]}],[0],0,[0],[0],[0]],[[{"name":"achieve_26","rect":[817,1088,134,134],"offset":[0,0],"originalSize":[134,134],"capInsets":[0,0,0,0]}],[0],0,[0],[0],[0]],[[[0,"achiveTP.plist",[{},"achieve_1",6,0,"achieve_10",6,1,"achieve_11",6,2,"achieve_12",6,3,"achieve_13",6,4,"achieve_14",6,5,"achieve_15",6,6,"achieve_16",6,7,"achieve_17",6,8,"achieve_18",6,9,"achieve_19",6,10,"achieve_2",6,11,"achieve_20",6,12,"achieve_21",6,13,"achieve_22",6,14,"achieve_23",6,15,"achieve_24",6,16,"achieve_25",6,17,"achieve_26",6,18,"achieve_27",6,19,"achieve_28",6,20,"achieve_29",6,21,"achieve_3",6,22,"achieve_30",6,23,"achieve_31",6,24,"achieve_32",6,25,"achieve_33",6,26,"achieve_34",6,27,"achieve_35",6,28,"achieve_36",6,29,"achieve_37",6,30,"achieve_38",6,31,"achieve_39",6,32,"achieve_4",6,33,"achieve_40",6,34,"achieve_41",6,35,"achieve_42",6,36,"achieve_43",6,37,"achieve_44",6,38,"achieve_45",6,39,"achieve_46",6,40,"achieve_5",6,41,"achieve_6",6,42,"achieve_7",6,43,"achieve_8",6,44,"achieve_9",6,45,"achieve_bg1",6,46,"achieve_i_1",6,47,"achieve_i_2",6,48,"achieve_i_3",6,49,"achieve_picked",6,50,"achieve_top",6,51]]],0,0,[0,0,0,0,0,0,0,0,0,0,0,0,0,0,0,0,0,0,0,0,0,0,0,0,0,0,0,0,0,0,0,0,0,0,0,0,0,0,0,0,0,0,0,0,0,0,0,0,0,0,0,0],[1,2,3,4,5,6,7,8,9,10,11,12,13,14,15,16,17,18,19,20,21,22,23,24,25,26,27,28,29,30,31,32,33,34,35,36,37,38,39,40,41,42,43,44,45,46,47,48,49,50,51,52],[1,2,3,4,5,6,7,8,9,10,11,12,13,14,15,16,17,18,19,20,21,22,23,24,25,26,27,28,29,30,31,32,33,34,35,36,37,38,39,40,41,42,43,44,45,46,47,48,49,50,51,52]],[[{"name":"achieve_8","rect":[137,1088,134,134],"offset":[0,0],"originalSize":[134,134],"capInsets":[0,0,0,0]}],[0],0,[0],[0],[0]],[[{"name":"achieve_1","rect":[1683,1,134,134],"offset":[0,0],"originalSize":[134,134],"capInsets":[0,0,0,0]}],[0],0,[0],[0],[0]],[[{"name":"achieve_35","rect":[1225,1088,134,134],"offset":[0,0],"originalSize":[134,134],"capInsets":[0,0,0,0]}],[0],0,[0],[0],[0]],[[{"name":"achieve_44","rect":[1633,953,134,134],"offset":[0,0],"originalSize":[134,134],"capInsets":[0,0,0,0]}],[0],0,[0],[0],[0]],[[{"name":"achieve_25","rect":[681,1224,134,134],"offset":[0,0],"originalSize":[134,134],"capInsets":[0,0,0,0]}],[0],0,[0],[0],[0]],[[{"name":"achieve_41","rect":[1497,1088,134,134],"offset":[0,0],"originalSize":[134,134],"capInsets":[0,0,0,0]}],[0],0,[0],[0],[0]],[[{"name":"achieve_21","rect":[681,952,134,134],"offset":[0,0],"originalSize":[134,134],"capInsets":[0,0,0,0]}],[0],0,[0],[0],[0]],[[{"name":"achieve_13","rect":[409,952,134,134],"offset":[0,0],"originalSize":[134,134],"capInsets":[0,0,0,0]}],[0],0,[0],[0],[0]],[[{"name":"achieve_30","rect":[1089,952,134,134],"offset":[0,0],"originalSize":[134,134],"capInsets":[0,0,0,0]}],[0],0,[0],[0],[0]],[[{"name":"achieve_27","rect":[953,952,134,134],"offset":[0,0],"originalSize":[134,134],"capInsets":[0,0,0,0]}],[0],0,[0],[0],[0]],[[{"name":"achieve_33","rect":[1225,952,134,134],"offset":[0,0],"originalSize":[134,134],"capInsets":[0,0,0,0]}],[0],0,[0],[0],[0]],[[{"name":"achieve_5","rect":[137,952,134,134],"offset":[0,0],"originalSize":[134,134],"capInsets":[0,0,0,0]}],[0],0,[0],[0],[0]],[[{"name":"achieve_22","rect":[545,1224,134,134],"offset":[0,0],"originalSize":[134,134],"capInsets":[0,0,0,0]}],[0],0,[0],[0],[0]],[[{"name":"achieve_34","rect":[1089,1224,134,134],"offset":[0,0],"originalSize":[134,134],"capInsets":[0,0,0,0]}],[0],0,[0],[0],[0]],[[{"name":"achieve_i_1","rect":[1,578,1680,185],"offset":[0,0],"originalSize":[1680,185],"capInsets":[0,0,0,0]}],[0],0,[0],[0],[0]],[[{"name":"achieve_40","rect":[1361,1224,134,134],"offset":[0,0],"originalSize":[134,134],"capInsets":[0,0,0,0]}],[0],0,[0],[0],[0]],[[{"name":"achieve_6","rect":[1683,273,134,134],"offset":[0,0],"originalSize":[134,134],"capInsets":[0,0,0,0]}],[0],0,[0],[0],[0]],[[{"name":"achieve_i_3","rect":[1,199,1680,190],"offset":[0,0],"originalSize":[1680,190],"capInsets":[0,0,0,0]}],[0],0,[0],[0],[0]],[[{"name":"achieve_42","rect":[1497,1224,134,134],"offset":[0,0],"originalSize":[134,134],"capInsets":[0,0,0,0]}],[0],0,[0],[0],[0]],[[{"name":"achieve_29","rect":[953,1088,134,134],"offset":[0,0],"originalSize":[134,134],"capInsets":[0,0,0,0]}],[0],0,[0],[0],[0]],[[{"name":"achieve_10","rect":[1683,409,134,134],"offset":[0,0],"originalSize":[134,134],"capInsets":[0,0,0,0]}],[0],0,[0],[0],[0]],[[{"name":"achieve_23","rect":[681,1088,134,134],"offset":[0,0],"originalSize":[134,134],"capInsets":[0,0,0,0]}],[0],0,[0],[0],[0]],[[{"name":"achieve_15","rect":[273,1224,134,134],"offset":[0,0],"originalSize":[134,134],"capInsets":[0,0,0,0]}],[0],0,[0],[0],[0]],[[{"name":"achieve_46","rect":[1633,1225,134,134],"offset":[0,0],"originalSize":[134,134],"capInsets":[0,0,0,0]}],[0],0,[0],[0],[0]],[[{"name":"achieve_9","rect":[273,952,134,134],"offset":[0,0],"originalSize":[134,134],"capInsets":[0,0,0,0]}],[0],0,[0],[0],[0]],[[{"name":"achieve_24","rect":[817,952,134,134],"offset":[0,0],"originalSize":[134,134],"capInsets":[0,0,0,0]}],[0],0,[0],[0],[0]],[[{"name":"achieve_20","rect":[545,1088,134,134],"offset":[0,0],"originalSize":[134,134],"capInsets":[0,0,0,0]}],[0],0,[0],[0],[0]],[[{"name":"achieve_18","rect":[1683,681,134,134],"offset":[0,0],"originalSize":[134,134],"capInsets":[0,0,0,0]}],[0],0,[0],[0],[0]],[[{"name":"achieve_19","rect":[409,1224,134,134],"offset":[0,0],"originalSize":[134,134],"capInsets":[0,0,0,0]}],[0],0,[0],[0],[0]],[[{"name":"achieve_38","rect":[1361,1088,134,134],"offset":[0,0],"originalSize":[134,134],"capInsets":[0,0,0,0]}],[0],0,[0],[0],[0]],[[{"name":"achieve_3","rect":[1683,137,134,134],"offset":[0,0],"originalSize":[134,134],"capInsets":[0,0,0,0]}],[0],0,[0],[0],[0]],[[{"name":"achieve_2","rect":[1,952,134,134],"offset":[0,0],"originalSize":[134,134],"capInsets":[0,0,0,0]}],[0],0,[0],[0],[0]],[[{"name":"achieve_16","rect":[409,1088,134,134],"offset":[0,0],"originalSize":[134,134],"capInsets":[0,0,0,0]}],[0],0,[0],[0],[0]],[[{"name":"achieve_32","rect":[1089,1088,134,134],"offset":[0,0],"originalSize":[134,134],"capInsets":[0,0,0,0]}],[0],0,[0],[0],[0]],[[{"name":"achieve_43","rect":[1683,817,134,134],"offset":[0,0],"originalSize":[134,134],"capInsets":[0,0,0,0]}],[0],0,[0],[0],[0]],[[{"name":"achieve_17","rect":[545,952,134,134],"offset":[0,0],"originalSize":[134,134],"capInsets":[0,0,0,0]}],[0],0,[0],[0],[0]],[[{"name":"achieve_4","rect":[1,1088,134,134],"offset":[0,0],"originalSize":[134,134],"capInsets":[0,0,0,0]}],[0],0,[0],[0],[0]],[[{"name":"achieve_7","rect":[1,1224,134,134],"offset":[0,0],"originalSize":[134,134],"capInsets":[0,0,0,0]}],[0],0,[0],[0],[0]]]]