[1,["ecpdLyjvZBwrvm+cedCcQy","caohSHbS5GEIzmwCrnMGn5","93Chs0x+JN5I7wpg2M4L6V","2aOZR90qlJvZQVW2xIdA3J","46PhziIBpJn6XwqnbY/Qq5","65ybVT/JhNvbjVcDxJ07U+","0bO31Ueg5BLaMJnKTUeIUj","2bj/y+tWVPh4FbDql0Lei/","350mFr0VNBLpZ2V/7vLSLo","a2MjXRFdtLlYQ5ouAFv/+R","aaUeQxHhROlriGY/EIWppv","5b2E3BaVNNzZPAk8+DkCbZ","deJKeer0BMDoQY/Nlfb6go","fayNuCRs5OKqf+d/p0Fi4j","eap905ZA1AeLF/fct0LR5P","9cLIlDRvxByIyzrIGWIEW/","8a/9+cFQZDG7GexhCXurWh","dfMmHFPAFNmZDOgSb9HCJW","11aX3SpyRCQ5Ea1ipmYGdA","2feRlJ3QNFh5DUZG3E5FSJ","f2kgpSEU1LEbbLd08V1akg","99xvwuQzJNaboCPUZnKMky","38PhdP7u5IZof6eaPjuRBR","0dOE5PdVJGmpNt/o+zF1aF","7cgj30s1tHA7EvrRMKm1Tz","384w4kV5JAurVtdLwsxF79","5c4IUllAlLbYhsrqSxiWHi","ef6tu4kv9P3LK68rCCdk9m","6exHShkIRDQ70WpqIap6mU","48cluZgYxGoaRqV2LW8NFz"],["node","_spriteFrame","_N$file","_textureSetter","_parent","root","videoNumLabel","VideoBtnNode","plantSkinWearNode","plantWearNode","skinPlantName","skinPlantImg","plantName","plantImg","btnImg","btnLab","selectNode","lockNode","plantAniNode","selectPlantName","cardContent","icon","_N$content","data","plantCardPre"],[["cc.Node",["_name","_opacity","_active","_prefab","_contentSize","_parent","_components","_trs","_children","_anchorPoint","_color"],0,4,5,1,9,7,2,5,5],"cc.SpriteFrame",["cc.Node",["_name","_active","_components","_prefab","_contentSize","_parent","_trs","_color","_children","_eulerAngles"],1,12,4,5,1,7,5,2,5],["cc.Sprite",["_sizeMode","_type","_isTrimmedMode","node","_materials","_spriteFrame"],0,1,3,6],["cc.Label",["_string","_isSystemFontUsed","_fontSize","_lineHeight","_N$horizontalAlign","_N$verticalAlign","node","_materials","_N$file"],-3,1,3,6],["cc.PrefabInfo",["fileId","root","asset"],2,1,1],["cc.Widget",["_alignFlags","_originalWidth","_originalHeight","node"],0,1],["cc.Button",["_N$transition","node","clickEvents"],2,1,9],["cc.Mask",["_N$alphaThreshold","node","_materials"],2,1,3],["cc.Prefab",["_name"],2],["cc.Node",["_name","_parent","_components","_prefab","_contentSize","_trs"],2,1,2,4,5,7],["cc.BlockInputEvents",["node"],3,1],["c244fSnMdZN2rVTQ+zkegTY",["node","cardContent","selectPlantName","plantAniNode","lockNode","selectNode","btnLab","btnImg","btnImgArr","plantImg","plantName","skinPlantImg","skinPlantName","plantWearNode","plantSkinWearNode","VideoBtnNode","videoNumLabel","plantCardPre"],3,1,1,1,1,1,1,1,1,3,1,1,1,1,1,1,1,1,6],["cc.ClickEvent",["_componentId","handler","target"],1,1],["7ff46OJBOxMo526UYe9FYB3",["node","icon"],3,1,1],["cc.ScrollView",["vertical","brake","bounceDuration","_N$horizontalScrollBar","_N$verticalScrollBar","node","_N$content"],-2,1,1],["cc.Layout",["_N$layoutType","_N$startAxis","_N$paddingLeft","_N$paddingTop","_N$spacingX","_N$spacingY","node","_layoutSize"],-3,1,5],["cc.LabelOutline",["_width","node","_color"],2,1,5]],[[5,0,1,2,2],[3,3,4,5,1],[0,0,5,6,3,4,7,2],[0,0,5,8,6,3,4,7,2],[17,0,1,2,2],[3,0,3,4,5,2],[13,0,1,2,3],[4,0,2,3,1,4,5,6,7,7],[3,1,0,2,3,4,5,4],[7,0,1,2,2],[0,0,8,6,3,4,7,2],[0,0,5,8,6,3,4,9,7,2],[0,0,5,6,3,10,4,7,2],[2,0,5,2,3,4,6,2],[10,0,1,2,3,4,5,2],[3,1,0,3,4,3],[3,3,4,1],[7,1,2,1],[8,1,2,1],[9,0,2],[0,0,5,8,3,7,2],[0,0,5,8,3,4,7,2],[0,0,2,5,8,6,3,4,7,3],[0,0,5,8,3,4,2],[0,0,8,6,3,4,9,7,2],[0,0,6,3,4,9,7,2],[0,0,1,5,6,3,10,4,3],[0,0,5,8,6,3,4,9,2],[0,0,5,3,7,2],[0,0,1,5,6,3,4,3],[0,0,5,6,3,4,2],[2,0,5,8,2,3,4,6,2],[2,0,2,3,4,6,9,2],[2,0,5,2,3,7,4,2],[2,0,5,2,3,7,4,6,2],[2,0,1,5,2,3,4,6,3],[6,0,3,2],[6,0,1,2,3,4],[11,0,1],[12,0,1,2,3,4,5,6,7,8,9,10,11,12,13,14,15,16,17,1],[5,1,2,1],[5,0,1,2],[3,0,3,4,2],[14,0,1,1],[15,0,1,2,3,4,5,6,6],[16,0,1,2,3,4,5,6,7,7],[8,0,1,2,2],[4,0,2,3,1,4,5,6,7,8,7],[4,0,1,4,5,6,7,5],[4,0,2,3,1,6,7,8,5]],[[[{"name":"zw001","rect":[13,3,71,90],"offset":[0.5,0],"originalSize":[96,96],"capInsets":[0,0,0,0]}],[1],0,[0],[3],[7]],[[{"name":"plantSkinView_8","rect":[0,0,35,73],"offset":[0,0],"originalSize":[35,73],"capInsets":[0,0,0,0]}],[1],0,[0],[3],[8]],[[[19,"PlantSkinView"],[10,"PlantSkinView",[-20,-21],[[36,45,-2],[38,-3],[39,-19,-18,-17,-16,-15,-14,-13,-12,[60,61,62],-11,-10,-9,-8,-7,-6,-5,-4,59]],[40,-1,0],[5,1280,720],[640,360,0,0,0,0,1,1,1,1]],[10,"top_bg",[-23,-24,-25,-26,-27,-28,-29],[[8,1,0,false,-22,[49],50]],[0,"2cdY4YBVNJ54Wg0zYgI6Za",1,0],[5,770,300],[0,112.591,0,0,0,0,1,1,1,1]],[3,"skinPlantBoard",2,[-32,-33,-34,-35,-36],[[1,-30,[29],30],[17,-31,[[6,"c244fSnMdZN2rVTQ+zkegTY","clickSkinPlant",1]]]],[0,"7apJAQIcpAcqectkr6nhwi",1,0],[5,196,190],[257,32,0,0,0,0,1,1,1,1]],[20,"board",1,[-37,-38,2,-39,-40,-41],[0,"79if67nshKTrN/ovWVOpFz",1,0],[0,-40.334,0,0,0,0,1,1,1,1]],[3,"normalPlantBoard",2,[-44,-45,-46],[[1,-42,[16],17],[17,-43,[[6,"c244fSnMdZN2rVTQ+zkegTY","clickNormalPlant",1]]]],[0,"bdUB2fWsNHo4kPFZdnTndY",1,0],[5,196,190],[25,32,0,0,0,0,1,1,1,1]],[21,"select",2,[-47,-48,-49,-50],[0,"a2yMqWcMdMhZxVcMW7z0Iq",1,0],[5,196,190],[25,32,0,0,0,0,1,1,1,1]],[22,"videoBtn",false,2,[-53,-54],[[5,0,-51,[46],47],[9,3,-52,[[6,"c244fSnMdZN2rVTQ+zkegTY","clickVideoBtn",1]]]],[0,"6d+fkcAJJGGqeNJRF0kEdc",1,0],[5,200,68],[130.466,-107.849,0,0,0,0,1,1,1,0]],[3,"info_bg",2,[-56,-57],[[1,-55,[9],10]],[0,"51gNw29PFHSLFpgdM+oOkW",1,0],[5,246,236],[-231.698,-11.84,0,0,0,0,1,1,1,1]],[23,"lockNode",3,[-58,-59],[0,"c4jXxkKY1Nw6k+yUrqy+gn",1,0],[5,196,190]],[31,"btn",2,[-62],[[-60,[9,3,-61,[[6,"c244fSnMdZN2rVTQ+zkegTY","clickBtn",1]]]],1,4],[0,"d7c0ZsCQ5LoLxdR5L6E0a0",1,0],[5,140,56],[137.333,-111.215,0,0,0,0,1,1,1,0]],[32,"adTickIcon",[[-64,[43,-66,-65]],1,4],[41,"83kuiKi4xPsYc01ofGGA6W",-63],[5,55.3,45.7],[-2.193,-0.015,0,0,0,0.1299551393549655,0.9915198746143374,0.8,0.8,1],[1,0,0,14.934000000000001]],[24,"New ScrollView",[-70],[[15,1,0,-67,[56]],[44,false,0.75,0.23,null,null,-69,-68]],[0,"936mgFD5ZJWbFA8w9U+sTC",1,0],[5,770,190],[0,0.5,1],[0,93.049,0,0,0,0,1,1,1,1]],[25,"content",[[45,3,1,10,15,10,10,-71,[5,770,190]]],[0,"36DSGIZUpPLZKPGF5oTJiS",1,0],[5,770,190],[0,0,1],[-385,0,0,0,0,0,1,1,1,1]],[26,"mask",177,1,[[5,0,-72,[0],1],[37,45,100,100,-73]],[0,"2eDfL0T9xOqa7Wx7Tvdjk2",1,0],[4,4278190080],[5,1280,720]],[3,"plantSkinView_2",8,[-75],[[1,-74,[7],8]],[0,"fadf/tbKZHCJjT0YL6DkfO",1,0],[5,285,63],[0,113.378,0,0,0,0,1,1,1,1]],[33,"plantName",15,[[-76,[4,2,-77,[4,4278596427]]],1,4],[0,"bbmESinP9FkJrmt6j3Ee83",1,0],[4,4280135167],[5,124,54.4]],[13,"plantName",5,[[-78,[4,2,-79,[4,4278190080]]],1,4],[0,"27QrI02C5CjLKFejs+ZoIH",1,0],[5,70,31.72],[0,-61,0,0,0,0,1,1,1,1]],[11,"mask",5,[-81],[[18,-80,[13]]],[0,"f0G0H0DB1C6ZWnjJgeK3jC",1,0],[5,150,100],[0,0.5,0],[0,-30,0,0,0,0,1,1,1,1]],[2,"plantWearNode",5,[[1,-82,[14],15]],[0,"aejPHRi/BLyZ8jfJGQ+dGh",1,0],[5,35,73],[72,49,0,0,0,0,1,1,1,1]],[34,"skinplantName",3,[[-83,[4,2,-84,[4,4278274157]]],1,4],[0,"e4bpIpFNRL8rt/YyN1o+S+",1,0],[4,4284147711],[5,114,31.72],[0,-61,0,0,0,0,1,1,1,1]],[11,"mask",3,[-86],[[18,-85,[22]]],[0,"70Xkk3FqNC+ZvKLWdNyY1H",1,0],[5,150,100],[0,0.5,0],[0,-30,0,0,0,0,1,1,1,1]],[2,"plantSkinWearNode",3,[[1,-87,[27],28]],[0,"cfVeuLWmxKYZnbq1D+/bZS",1,0],[5,35,73],[72,49,0,0,0,0,1,1,1,1]],[13,"btnLab",10,[[-88,[4,2,-89,[4,4278190080]]],1,4],[0,"38rmcIm4JIn613sBzX8hXv",1,0],[5,64,41.8],[0,2,0,0,0,0,1,1,1,1]],[3,"ad_icon",7,[11],[[1,-90,[42],43]],[0,"e8zHooy2hNv43xB9r56DkY",1,0],[5,35,26],[-59.243,0,0,0,0,0,1,1,1,1]],[35,"videoLab",false,2,[[-91,[4,2,-92,[4,4278190080]]],1,4],[0,"48Fq8KHltIbrSF4ABVfAyh",1,0],[5,132.1,41.8],[286.363,-110.645,0,0,0,0,1,1,1,1]],[2,"btn_close",4,[[5,0,-93,[51],52],[9,3,-94,[[6,"c244fSnMdZN2rVTQ+zkegTY","close",1]]]],[0,"32Rgi6xVVMjIMcCYtjVQJU",1,0],[5,39,36],[417.517,289.803,0,0,0,0,1,1.5,1.5,0]],[12,"tittle",4,[[47,"植物装扮",45,45,false,1,1,-95,[53],54],[4,2,-96,[4,4278596427]]],[0,"30C7NQLWpJcqWho/exjScw",1,0],[4,4280135167],[5,184,60.7],[0,291.315,0,0,0,0,1,1,1,1]],[3,"bottom_bg",4,[12],[[8,1,0,false,-97,[57],58]],[0,"875A/fTr1A7patHGb1EbWx",1,0],[5,770,190],[0,-168.567,0,0,0,0,1,1,1,1]],[27,"view",12,[13],[[46,0,-98,[55]]],[0,"730xGm0WdCeJkI3lVcdcwF",1,0],[5,770,190],[0,0.5,1]],[2,"rank_grass",4,[[5,0,-99,[2],3]],[0,"b6gv7Uw+5K/qGLVSLG6JvE",1,0],[5,800,46],[0,336.518,0,0,0,0,1,1,1,1]],[2,"common_board",4,[[8,1,0,false,-100,[4],5]],[0,"19/JuQlb5PAYsVppqHxHTw",1,0],[5,850,610],[0,21.386,0,0,0,0,1,1,1,1]],[48,"向日葵",false,1,1,16,[6]],[28,"plantParent",8,[0,"9fwvRZt+BAnIJtTX/Ex+wP",1,0],[0,-60,0,0,0,0,1,1,1,1]],[7,"向日葵",22,22,false,1,1,17,[11]],[14,"plantIcon",18,[-101],[0,"bbCoTAAaFP+pclTrGKoajy",1,0],[5,71,90],[0,30,0,0,0,0,1,1,1,1]],[16,35,[12]],[2,"plantSkinView_5",3,[[1,-102,[18],19]],[0,"f3xWCaprtILK7RHb59cRMu",1,0],[5,166,112],[0,23.226,0,0,0,0,1,1,1,1]],[7,"唐僧向日葵",22,22,false,1,1,20,[20]],[14,"skinIcon",21,[-103],[0,"450QLC/UxGc4OgQL/w4ZZ6",1,0],[5,74,94],[0,35,0,0,0,0,1,1,1,1]],[16,39,[21]],[29,"plantSkinView_7",120,9,[[1,-104,[23],24]],[0,"b4QdZUsAlPOIcNcMXQwRfU",1,0],[5,196,190]],[30,"lv_imgLock2",9,[[5,0,-105,[25],26]],[0,"eamyNLjT5Btbo7KEUgmUqv",1,0],[5,41.76,53.28]],[2,"plantSkinView_3",6,[[1,-106,[31],32]],[0,"539IreEZNNrZe4OBdVW5en",1,0],[5,32,32],[-83.044,82,0,0,0,0,1,1,1,1]],[2,"plantSkinView_3",6,[[1,-107,[33],34]],[0,"faojlvh21OTo7a8CfzY9E7",1,0],[5,32,32],[85.417,82,0,0,0,0,1,-1,1,1]],[2,"plantSkinView_3",6,[[1,-108,[35],36]],[0,"19FaZ702xFfZPAwVrOf3Fj",1,0],[5,32,32],[-83.044,-82,0,0,0,0,1,1,-1,1]],[2,"plantSkinView_3",6,[[1,-109,[37],38]],[0,"a58kPILmFKK5KxPe9NMQKa",1,0],[5,32,32],[85.417,-82,0,0,0,0,1,-1,-1,1]],[7,"来源",30,30,false,1,1,23,[39]],[15,1,0,10,[40]],[42,0,11,[41]],[12,"text",7,[[49,"立即领取",28,28,false,-110,[44],45]],[0,"2drbLfQpFLsYlg/qU84jXk",1,0],[4,4285072899],[5,112,35.28],[19.664,-2.739,0,0,0,0,1,1,1,1]],[7,"（2/2）",30,30,false,1,1,25,[48]]],0,[0,5,1,0,0,1,0,0,1,0,6,51,0,7,7,0,8,22,0,9,19,0,10,38,0,11,40,0,12,34,0,13,36,0,14,48,0,15,47,0,16,6,0,17,9,0,18,33,0,19,32,0,20,13,0,0,1,0,-1,14,0,-2,4,0,0,2,0,-1,8,0,-2,5,0,-3,3,0,-4,6,0,-5,10,0,-6,7,0,-7,25,0,0,3,0,0,3,0,-1,37,0,-2,20,0,-3,21,0,-4,9,0,-5,22,0,-1,30,0,-2,31,0,-4,26,0,-5,27,0,-6,28,0,0,5,0,0,5,0,-1,17,0,-2,18,0,-3,19,0,-1,43,0,-2,44,0,-3,45,0,-4,46,0,0,7,0,0,7,0,-1,24,0,-2,50,0,0,8,0,-1,15,0,-2,33,0,-1,41,0,-2,42,0,-1,48,0,0,10,0,-1,23,0,5,11,0,-1,49,0,21,49,0,0,11,0,0,12,0,22,13,0,0,12,0,-1,29,0,0,13,0,0,14,0,0,14,0,0,15,0,-1,16,0,-1,32,0,0,16,0,-1,34,0,0,17,0,0,18,0,-1,35,0,0,19,0,-1,38,0,0,20,0,0,21,0,-1,39,0,0,22,0,-1,47,0,0,23,0,0,24,0,-1,51,0,0,25,0,0,26,0,0,26,0,0,27,0,0,27,0,0,28,0,0,29,0,0,30,0,0,31,0,-1,36,0,0,37,0,-1,40,0,0,41,0,0,42,0,0,43,0,0,44,0,0,45,0,0,46,0,0,50,0,23,1,2,4,4,11,4,24,12,4,28,13,4,29,110],[0,0,0,0,0,0,0,0,0,0,0,0,0,0,0,0,0,0,0,0,0,0,0,0,0,0,0,0,0,0,0,0,0,0,0,0,0,0,0,0,0,0,0,0,0,0,0,0,0,0,0,0,0,0,0,0,0,0,0,0,0,0,0,32,34,36,38,40,47,48,49,51],[-1,1,-1,1,-1,1,-1,-1,1,-1,1,-1,-1,-1,-1,1,-1,1,-1,1,-1,-1,-1,-1,1,-1,1,-1,1,-1,1,-1,1,-1,1,-1,1,-1,1,-1,-1,-1,-1,1,-1,2,-1,1,-1,-1,1,-1,1,-1,2,-1,-1,-1,1,24,-1,-2,-3,2,2,1,2,1,2,1,1,2],[0,9,0,10,0,11,0,0,12,0,13,0,0,0,0,3,0,4,0,14,0,0,0,0,15,0,16,0,3,0,4,0,2,0,2,0,2,0,2,0,0,0,0,17,0,1,0,18,0,0,5,0,19,0,1,0,0,0,5,20,6,21,22,1,1,23,1,24,1,6,25,1]],[[{"name":"plantSkinView_4","rect":[0,0,196,190],"offset":[0,0],"originalSize":[196,190],"capInsets":[0,0,0,0]}],[1],0,[0],[3],[26]],[[{"name":"plantSkinView_3","rect":[0,0,32,32],"offset":[0,0],"originalSize":[32,32],"capInsets":[0,0,0,0]}],[1],0,[0],[3],[27]],[[{"name":"plantSkinView_7","rect":[0,0,196,190],"offset":[0,0],"originalSize":[196,190],"capInsets":[0,0,0,0]}],[1],0,[0],[3],[28]],[[{"name":"plantSkinView_5","rect":[0,0,166,112],"offset":[0,0],"originalSize":[166,112],"capInsets":[0,0,0,0]}],[1],0,[0],[3],[29]]]]