[1,["ecpdLyjvZBwrvm+cedCcQy","dcPAKtVnpBg75+aRQeZkaX","a302UKmCNHLqA3ccPtM45g","1191eff44"],["node","root","bulletNode","data","_spriteFrame","poolPrefab","_textureSetter"],[["cc.Node",["_name","_groupIndex","_components","_prefab","_children","_parent","_contentSize","_trs"],1,9,4,2,1,5,7],["cc.PrefabInfo",["fileId","root","asset"],2,1,1],"cc.SpriteFrame",["cc.Prefab",["_name"],2],["cc.CircleCollider",["_radius","node"],2,1],["fee5cYvFCdESpVzGX06894o",["throwMaxHeight","node","bulletNode","poolPrefab"],2,1,1,6],["cc.Sprite",["node","_materials","_spriteFrame"],3,1,3,6]],[[3,0,2],[0,0,1,4,2,3,3],[0,0,1,5,2,3,6,7,3],[4,0,1,2],[5,0,1,2,3,2],[1,1,2,1],[1,0,1,2,2],[6,0,1,2,1]],[[[[0,"XyCatapultBullet"],[1,"XyCatapultBullet",8,[-5],[[3,20,-2],[4,200,-4,-3,2]],[5,-1,0]],[2,"xycatapult_bullet",8,1,[[7,-6,[0],1]],[6,"ddXn3HrKFLTZyXwkuoIPWo",1,0],[5,66,54],[0,0,0,0,0,0,1,1.15,1.15,1]]],0,[0,1,1,0,0,1,0,2,2,0,0,1,0,-1,2,0,0,2,0,3,1,6],[0,0,0],[-1,4,5],[0,1,2]],[[{"name":"xycatapult_bullet","rect":[3,290,66,54],"offset":[0.5,0],"originalSize":[67,54],"capInsets":[0,0,0,0]}],[2],0,[0],[6],[3]]]]