[1,["ecpdLyjvZBwrvm+cedCcQy","15076e075","25jqjYaT1LPrUQdI7moVXP","7bTQ58jUZGvKcKBsfxZ6VU","caohSHbS5GEIzmwCrnMGn5","7a/QZLET9IDreTiBfRn2PD","7f77mB2w1AnK/TDboDKVjB","1bUxcYRkhNyYdtNbPX0Use","90fS1YrhVA8oHL/sKWF4Yn","bcgmU2ddBDFKnjI3/2o0Ls","3dfZgFvIBKWazxILjQmfv2","deTxPBeOVMxLsNlR1JRzXO","8euK8kl3lAIJs2tbY2ywBA","2dpCw2mG5G1Y6jj2fagc0k","faUENlvPJJD4WyZq7maajf","f5gSJkRdNF1ryMpsXVaTpb","f0enFH5oRIHaJNlrQsZN5S","b8TPRxn05ND691GmcYZ2s8","38PhdP7u5IZof6eaPjuRBR","d4+Wj6w1xEPLJbzWCvA8yw","f8EXzBw+lO17lSx+YU1k6a","e3CI6VznJK44Nh8qso48pt","d25VhDsKhP64E/ei7HXvSx","96nr8qscdDb7PBCRYCai8b","ffPhBTLU1BxbDvJnHNePJO","2bplaEjn5HKYTlv+sEeJRn","02O+0dlppJxqUqyBlDcUcx","35Ou37lD1P0IV0qNKU+AdM","4eSJWQyPdKo5o15RHXdtDE","4a3oodILtFU5P4UD2bQ5L6","8cosxEsvFHJp33SgwbL1LU"],["node","_textureSetter","_spriteFrame","_N$file","_N$skeletonData","_N$normalSprite","_N$pressedSprite","_N$hoverSprite","_N$disabledSprite","root","diamond","dialogDave","rightLightBtn","leftLightBtn","shopContent","mainBtn","mainBtnNode","coin","nightbackWindow","nightWindow","backCarCloseDoor","backCarDoor","backCarNode","bg","data","_parent","dave","spineAnimation","itemPrefab"],["cc.SpriteFrame",["cc.Node",["_name","_active","_prefab","_parent","_components","_trs","_contentSize","_children","_color"],1,4,1,9,7,5,2,5],["cc.Node",["_name","_parent","_components","_prefab","_contentSize","_trs","_color","_anchorPoint"],2,1,2,4,5,7,5,5],["cc.Label",["_string","_N$horizontalAlign","_N$verticalAlign","_fontSize","_lineHeight","_isSystemFontUsed","_N$overflow","node","_materials","_N$file"],-4,1,3,6],["cc.Sprite",["_type","_sizeMode","_isTrimmedMode","node","_materials","_spriteFrame"],0,1,3,6],["cc.Node",["_name","_parent","_components","_prefab","_contentSize","_children","_trs"],2,1,12,4,5,2,7],["cc.PrefabInfo",["fileId","root","asset"],2,1,1],["sp.Skeleton",["defaultSkin","defaultAnimation","_preCacheMode","_animationName","loop","_playTimes","node","_materials","_N$skeletonData"],-3,1,3,6],["cc.Prefab",["_name"],2],["cc.Widget",["_alignFlags","node"],2,1],["cc.BlockInputEvents",["node"],3,1],["33f42AEVkRP07M+oYZJtsjF",["node","bg","bgFrames","backCarNode","backCarDoor","backCarCloseDoor","nightWindow","nightbackWindow","coin","mainBtnNode","mainBtn","mainBtnFrames","shopContent","leftLightBtn","rightLightBtn","dialogDave","diamond","itemPrefab"],3,1,1,3,1,1,1,1,1,1,1,1,3,1,1,1,1,1,6],["cc.Button",["_N$transition","node","clickEvents"],2,1,9],["cc.ClickEvent",["_componentId","handler","target"],1,1],["cc.LabelOutline",["_width","node","_color"],2,1,5],["b5b2cEuGkdC97sMnawdSsxr",["node","dialogNode","word","continueNode"],3,1,1,1,1],["261d4+Q1HdGA5w3tjdBw83c",["node"],3,1]],[[6,0,1,2,2],[4,3,4,5,1],[1,0,3,4,2,6,5,2],[1,0,3,7,4,2,6,5,2],[12,0,1,2,2],[13,0,1,2,3],[1,0,7,4,2,6,5,2],[1,0,3,4,2,8,6,5,2],[5,0,1,2,3,4,6,2],[2,0,1,2,3,4,5,2],[9,0,1,2],[4,0,1,2,3,4,5,4],[4,3,4,1],[8,0,2],[1,0,3,7,2,2],[1,0,1,3,4,2,5,3],[1,0,3,2,2],[5,0,1,5,2,3,4,2],[2,0,1,2,3,4,2],[2,0,1,2,3,6,4,5,2],[2,0,1,2,3,6,4,7,5,2],[10,0,1],[11,0,1,2,3,4,5,6,7,8,9,10,11,12,13,14,15,16,17,1],[6,1,2,1],[3,0,3,4,5,1,2,7,8,9,7],[3,0,5,1,2,7,8,9,5],[3,0,3,4,5,1,2,6,7,8,8],[3,0,3,4,1,2,7,8,6],[14,0,1,2,2],[7,0,1,2,3,6,7,8,5],[7,0,1,2,4,3,5,6,7,7],[15,0,1,2,3,1],[16,0,1]],[[[{"name":"r_car_light","rect":[648,221,189,116],"offset":[0,0],"originalSize":[189,116],"rotated":1,"capInsets":[0,0,0,0]}],[0],0,[0],[1],[1]],[[{"name":"main_txt","rect":[382,850,165,64],"offset":[0,0],"originalSize":[165,64],"rotated":1,"capInsets":[0,0,0,0]}],[0],0,[0],[1],[1]],[[{"name":"l_car_light1","rect":[452,876,133,103],"offset":[0,0],"originalSize":[133,103],"rotated":1,"capInsets":[0,0,0,0]}],[0],0,[0],[1],[1]],[[{"name":"r_car_light2","rect":[648,416,189,115],"offset":[0,0],"originalSize":[189,115],"rotated":1,"capInsets":[0,0,0,0]}],[0],0,[0],[1],[1]],[[{"name":"back_card_door","rect":[242,533,446,134],"offset":[0,0],"originalSize":[446,134],"rotated":1,"capInsets":[0,0,0,0]}],[0],0,[0],[1],[1]],[[[13,"ShopView"],[6,"ShopView",[-19,-20,-21,-22,-23,-24,-25,-26,-27,-28],[[10,45,-2],[21,-3],[22,-18,-17,[37,38],-16,-15,-14,-13,-12,-11,-10,-9,[39,40],-8,-7,-6,-5,-4,41]],[23,-1,0],[5,1280,720],[640,360,0,0,0,0,1,1,1,1]],[14,"back_car",1,[-29,-30,-31,-32,-33],[0,"bbh8MFWhxEDK6+1P+gXXeu",1,0]],[6,"dialog_board",[-35,-36,-37],[[11,1,0,false,-34,[20],21]],[0,"b4ojgDCWRKl7eElhpymRDK",1,0],[5,380,360],[-288,160,0,0,0,0,1,1,1,1]],[3,"main_btn",1,[-40],[[1,-38,[29],30],[4,3,-39,[[5,"33f42AEVkRP07M+oYZJtsjF","clickMainView",1]]]],[0,"d9lJFbaN1DMZs83JfZuFnJ",1,0],[5,212,122],[76,-279,0,0,0,0,1,1,1,0]],[3,"close_door",2,[-42],[[1,-41,[13],14]],[0,"a6GYOvl4RNCbV2SytCN2oY",1,0],[5,639,444],[208,38,0,0,0,0,1,1,1,1]],[17,"dialog_node",1,[3],[[[10,45,-43],-44],4,1],[0,"a3bm7b8ShDbZvS61HM5pne",1,0],[5,1280,720]],[3,"coin_node",1,[-46,-47],[[11,1,0,false,-45,[26],27]],[0,"f8h63DxtdDNKr4OD+Ww7UK",1,0],[5,290,60],[372,-292,0,0,0,0,1,1,1,1]],[3,"buy_btn",1,[-50],[[1,-48,[33],34],[4,3,-49,[[5,"33f42AEVkRP07M+oYZJtsjF","clickBuyMoreCoin",1]]]],[0,"6aZhHivglGfoKShsAr+23g",1,0],[5,331,74],[-416,-298,0,0,0,0,1,1,1,0]],[2,"night_window",1,[[1,-51,[3],4]],[0,"b02yVFaMhNIoX5ThM7QAsY",1,0],[5,311,260],[611,75,0,0,0,0,1,1,1,1]],[2,"back_car_door",2,[[1,-52,[5],6]],[0,"5dli24sCRKP71vdTgxD0PO",1,0],[5,446,134],[263,293,0,0,0,0,1,1,1,1]],[8,"l_car_light",2,[[[1,-53,[7],8],-54],4,1],[0,"9amN4RDSFPe5xkts9xna5l",1,0],[5,133,103],[-57,-136,0,0,0,0,1,1,1,1]],[8,"r_car_light",2,[[[1,-55,[9],10],-56],4,1],[0,"a2E8JQVmRAyZgH3zoWnRWl",1,0],[5,189,115],[449,-146,0,0,0,0,1,1,1,1]],[2,"night_back_card_door",5,[[1,-57,[11],12]],[0,"90gQkYJEVJMr25XrL70hv+",1,0],[5,522,233],[48,61,0,0,0,0,1,1,1,1]],[7,"continue",3,[[24,"点击继续",33,36,false,1,1,-58,[17],18]],[0,"e4EkzA60RACo+SJ4zHls8H",1,0],[4,4278190080],[5,132,45.36],[-7,-134,0,0,0,0,1,1,1,1]],[9,"Dave",1,[-59,-60],[0,"9d7KyGj85Be7ae26k6RVRt",1,0],[5,380.3302917480469,947.750244140625],[-468,-400,0,0,0,0,1,1,1,1]],[7,"txt",8,[[25,"购买更多硬币",false,1,1,-61,[31],32],[28,2,-62,[4,4283910912]]],[0,"f2gs8rTT9OJaH2kN0H0C3t",1,0],[4,4294301194],[5,244,54.4],[4,0,0,0,0,0,1,1,1,1]],[15,"diamond",false,1,[[29,"default","pr1_1",0,"pr1_1",-63,[35],36]],[0,"78X6Xua7lD1rDTZ9EWsvX6",1,0],[281,-288,0,0,0,0,1,1,1,1]],[18,"day_shop_bg",1,[-64],[0,"f4kbS4faRJ/7qmSQf1HVQ7",1,0],[5,1680,720]],[12,18,[0]],[2,"car",1,[[1,-65,[1],2]],[0,"f8voWRrbdJLaO67kTYm9KY",1,0],[5,1035,642],[321,-39,0,0,0,0,1,1,1,1]],[4,2,11,[[5,"33f42AEVkRP07M+oYZJtsjF","clickPrePage",1]]],[4,2,12,[[5,"33f42AEVkRP07M+oYZJtsjF","clickNextPage",1]]],[16,"ShopContent",2,[0,"eaigrp3xNIbphzmckD2JFk",1,0]],[2,"dialog_board_2",3,[[1,-66,[15],16]],[0,"beyv3y2j9N0qe1HauFgEUO",1,0],[5,60,41],[-86,-197.1,0,0,0,0,1,1,1,1]],[19,"tip",3,[-67],[0,"14riT/lOxMMYu40kkYqCwD",1,0],[4,4278190080],[5,360,63],[4,58.193,0,0,0,0,1,1,1,1]],[26,"1",36,50,false,1,1,3,25,[19]],[31,6,3,26,14],[32,15],[30,"default","1enter1",0,false,"1enter1",1,15,[22]],[2,"coin_icon",7,[[1,-68,[23],24]],[0,"83sTyQ+ulM5qdnJ8BY5mab",1,0],[5,65,73],[-99,5,0,0,0,0,1,1,1,1]],[20,"coin_count",7,[-69],[0,"f2Q0Yj/99PvZomPxLkpvXT",1,0],[4,4283689900],[5,153.21,40.32],[0,1,0.5],[123,1,0,0,0,0,1,1,1,1]],[27,"123,123456",29,32,1,1,31,[25]],[9,"main_txt",4,[-70],[0,"adOrNMsABEH7dGYE9PDriF",1,0],[5,165,64],[-11,-1,0,0,0,0,1,1,1,1]],[12,33,[28]]],0,[0,9,1,0,0,1,0,0,1,0,10,17,0,11,27,0,12,22,0,13,21,0,14,23,0,15,34,0,16,4,0,17,32,0,18,13,0,19,9,0,20,5,0,21,10,0,22,2,0,23,19,0,0,1,0,-1,18,0,-2,20,0,-3,9,0,-4,2,0,-5,6,0,-6,15,0,-7,7,0,-8,4,0,-9,8,0,-10,17,0,-1,10,0,-2,11,0,-3,12,0,-4,23,0,-5,5,0,0,3,0,-1,24,0,-2,14,0,-3,25,0,0,4,0,0,4,0,-1,33,0,0,5,0,-1,13,0,0,6,0,-2,27,0,0,7,0,-1,30,0,-2,31,0,0,8,0,0,8,0,-1,16,0,0,9,0,0,10,0,0,11,0,-2,21,0,0,12,0,-2,22,0,0,13,0,0,14,0,-1,29,0,-2,28,0,0,16,0,0,16,0,0,17,0,-1,19,0,0,20,0,0,24,0,-1,26,0,0,30,0,-1,32,0,-1,34,0,24,1,3,25,6,27,26,28,28,27,29,70],[0,0,0,0,0,0,0,0,0,0,0,0,0,0,0,0,0,0,0,0,0,0,0,0,0,0,0,0,0,0,0,0,0,0,0,0,0,0,0,0,0,0,19,21,21,21,21,22,22,22,22,26,29,34],[-1,-1,2,-1,2,-1,2,-1,2,-1,2,-1,2,-1,2,-1,2,-1,3,-1,-1,2,-1,-1,2,-1,-1,2,-1,-1,2,-1,3,-1,2,-1,4,-1,-2,-1,-2,28,2,5,6,7,8,5,6,7,8,3,4,2],[0,0,8,0,9,0,10,0,2,0,3,0,11,0,12,0,13,0,4,0,0,14,5,0,15,0,0,16,0,0,17,0,4,0,18,5,19,20,6,7,21,22,6,2,23,2,24,3,25,3,26,4,27,7]],[[{"name":"r_car_light1","rect":[648,611,189,115],"offset":[0,0],"originalSize":[189,115],"rotated":1,"capInsets":[0,0,0,0]}],[0],0,[0],[1],[1]],[[{"name":"night_shop_bg","rect":[0,0,1680,720],"offset":[0,0],"originalSize":[1680,720],"capInsets":[0,0,0,0]}],[0],0,[0],[1],[28]],[[{"name":"close_door","rect":[3,3,639,444],"offset":[0,0],"originalSize":[639,444],"capInsets":[0,0,0,0]}],[0],0,[0],[1],[1]],[[{"name":"open_car","rect":[0,0,1035,642],"offset":[0,0],"originalSize":[1035,642],"capInsets":[0,0,0,0]}],[0],0,[0],[1],[29]],[[{"name":"l_car_light2","rect":[561,876,133,103],"offset":[0,0],"originalSize":[133,103],"rotated":1,"capInsets":[0,0,0,0]}],[0],0,[0],[1],[1]],[[{"name":"main_btn","rect":[648,3,212,122],"offset":[0,0],"originalSize":[212,122],"rotated":1,"capInsets":[0,0,0,0]}],[0],0,[0],[1],[1]],[[{"name":"night_window","rect":[382,533,311,260],"offset":[0,0],"originalSize":[311,260],"rotated":1,"capInsets":[0,0,0,0]}],[0],0,[0],[1],[1]],[[{"name":"night_back_card_door","rect":[3,453,522,233],"offset":[0,0],"originalSize":[522,233],"rotated":1,"capInsets":[0,0,0,0]}],[0],0,[0],[1],[1]],[[{"name":"continue_txt","rect":[648,806,112,64],"offset":[0,0],"originalSize":[112,64],"capInsets":[0,0,0,0]}],[0],0,[0],[1],[1]],[[{"name":"day_shop_bg","rect":[0,0,1680,720],"offset":[0,0],"originalSize":[1680,720],"capInsets":[0,0,0,0]}],[0],0,[0],[1],[30]],[[{"name":"l_car_light","rect":[670,876,133,103],"offset":[0,0],"originalSize":[133,103],"rotated":1,"capInsets":[0,0,0,0]}],[0],0,[0],[1],[1]]]]