[1,["86t6ylInlHNKjGaHB94SRj"],0,[["sp.SkeletonData",["_name","_atlasText","textureNames","_skeletonJson","textures"],-1,3]],[[0,0,1,2,3,4,5]],[[0,"effect005","\r\neffect005.png\r\nsize: 267,185\r\nformat: RGBA8888\r\nfilter: Linear,Linear\r\nrepeat: none\r\nhuozidan/图层_1\r\n  rotate: true\r\n  xy: 185, 102\r\n  size: 81, 76\r\n  orig: 83, 78\r\n  offset: 1, 1\r\n  index: -1\r\nhuozidan/图层_2\r\n  rotate: true\r\n  xy: 185, 6\r\n  size: 44, 43\r\n  orig: 47, 46\r\n  offset: 2, 1\r\n  index: -1\r\nhuozidan/图层_3\r\n  rotate: false\r\n  xy: 185, 52\r\n  size: 47, 48\r\n  orig: 49, 51\r\n  offset: 1, 2\r\n  index: -1\r\nhuozidan/图层_4\r\n  rotate: true\r\n  xy: 230, 11\r\n  size: 39, 35\r\n  orig: 40, 36\r\n  offset: 1, 1\r\n  index: -1\r\nliang\r\n  rotate: false\r\n  xy: 2, 2\r\n  size: 181, 181\r\n  orig: 205, 206\r\n  offset: 12, 12\r\n  index: -1\r\n",["effect005.png"],{"skeleton":{"hash":"frUE6EP3Tn6tUZkqESEPtrDe4D8","spine":"3.8.99","fps":24,"images":"D:/Work/植物大战僵尸2娘化版/动画/娘化版/打击特效/龙骨导出的spine资源/library","audio":"D:\\Work\\植物大战僵尸2娘化版\\动画\\娘化版\\打击特效\\龙骨导出的spine资源"},"bones":[{"name":"root"},{"name":"图层_1","parent":"root","x":3.5,"y":-26.85},{"name":"图层_4","parent":"root","x":16.95,"y":16.2},{"name":"图层_2","parent":"root","rotation":-48.81,"x":-22.25,"y":5.3},{"name":"图层_3","parent":"root","rotation":-180,"x":-5.7,"y":42.25},{"name":"liang","parent":"root"}],"slots":[{"name":"图层_1","bone":"图层_1","attachment":"huozidan/图层_1"},{"name":"图层_2","bone":"图层_2","attachment":"huozidan/图层_2"},{"name":"图层_3","bone":"图层_3","attachment":"huozidan/图层_3"},{"name":"图层_4","bone":"图层_4","attachment":"huozidan/图层_4"},{"name":"liang","bone":"liang","attachment":"liang","blend":"additive"}],"skins":[{"name":"default","attachments":{"liang":{"liang":{"x":0.05,"y":0.46,"width":205,"height":206}},"图层_1":{"huozidan/图层_1":{"x":-0.5,"y":1.35,"width":83,"height":78}},"图层_2":{"huozidan/图层_2":{"x":1.43,"y":0.41,"rotation":48.81,"width":47,"height":46}},"图层_3":{"huozidan/图层_3":{"x":-2.7,"y":3.25,"rotation":-180,"width":49,"height":51}},"图层_4":{"huozidan/图层_4":{"x":-2.45,"y":-2.7,"width":40,"height":36}}}}],"animations":{"newAnimation":{"slots":{"liang":{"color":[{"color":"ffffff00","curve":"stepped"},{"time":0.0833,"color":"ffffff00"},{"time":0.1667,"color":"ffffffff"},{"time":0.5417,"color":"ffffff00"}]},"图层_1":{"color":[{"color":"ffffff00"},{"time":0.125,"color":"ffffffff","curve":"stepped"},{"time":0.2083,"color":"ffffffff"},{"time":0.3333,"color":"ffffff00"}]},"图层_2":{"color":[{"color":"ffffff00","curve":"stepped"},{"time":0.4167,"color":"ffffff00"},{"time":0.5417,"color":"ffffffff"},{"time":0.9167,"color":"ffffff00"}]},"图层_3":{"color":[{"color":"ffffff00","curve":"stepped"},{"time":0.0833,"color":"ffffff00"},{"time":0.1667,"color":"ffffffff","curve":"stepped"},{"time":0.4167,"color":"ffffffff"},{"time":0.6667,"color":"ffffff00"}]},"图层_4":{"color":[{"color":"ffffff00","curve":"stepped"},{"time":0.25,"color":"ffffff00"},{"time":0.375,"color":"ffffffff"},{"time":0.8333,"color":"ffffff00"}]}},"bones":{"图层_1":{"scale":[{"x":0.2,"y":0.2},{"time":0.125,"x":1.3,"y":0.8},{"time":0.3333,"x":1.5,"y":1.6}]},"图层_2":{"translate":[{"y":-23.1},{"time":0.4167,"y":-13.52},{"time":0.5417,"y":1.41},{"time":0.9167,"y":18.7}],"scale":[{"time":0.5417},{"time":0.9167,"x":0.6,"y":0.6}]},"图层_3":{"translate":[{},{"time":0.0833,"y":-63.47},{"time":0.1667,"y":-31.97},{"time":0.6667,"y":1.66}],"scale":[{"time":0.0833},{"time":0.1667,"x":1.5,"y":1.5},{"time":0.6667,"x":0.2,"y":0.2}]},"图层_4":{"translate":[{"y":-28.03},{"time":0.25,"y":-21.9},{"time":0.375,"y":-4.5},{"time":0.8333,"y":8.12}],"scale":[{"x":0.5,"y":0.5},{"time":0.25,"curve":"stepped"},{"time":0.375},{"time":0.8333,"x":0.3,"y":0.3}]},"liang":{"scale":[{"curve":"stepped"},{"time":0.0833,"x":0.5,"y":0.5},{"time":0.1667},{"time":0.2917,"x":2,"y":2},{"time":0.5417,"x":2.2,"y":2.2}]}}}}},[0]]],0,0,[0],[-1],[0]]