[1,0,0,[["dragonBones.DragonBonesAsset",["_name","_dragonBonesJson"],1]],[[0,0,1,3]],[[0,"00_xiangrikui_ske","{\"frameRate\":24,\"name\":\"00_xiangrikui\",\"version\":\"5.5\",\"compatibleVersion\":\"5.5\",\"armature\":[{\"type\":\"Armature\",\"frameRate\":24,\"name\":\"Armature\",\"aabb\":{\"x\":-37.03,\"y\":-83,\"width\":79,\"height\":92.18},\"bone\":[{\"name\":\"root\",\"transform\":{\"y\":12.8}},{\"name\":\"yezi\",\"parent\":\"root\",\"transform\":{\"x\":-0.3555,\"y\":-8.9246}},{\"length\":43,\"name\":\"tou\",\"parent\":\"root\",\"transform\":{\"x\":-1.75,\"y\":-37.2958,\"skX\":-90.0191,\"skY\":-90.0191}},{\"length\":20,\"name\":\"shenti\",\"parent\":\"root\",\"transform\":{\"x\":0.081,\"y\":-14.8228,\"skX\":-100.3482,\"skY\":-100.3482}},{\"length\":10,\"name\":\"youye\",\"parent\":\"shenti\",\"transform\":{\"x\":7.222,\"y\":0.8018,\"skX\":81.9754,\"skY\":81.9754}},{\"length\":11,\"name\":\"zuoye\",\"parent\":\"shenti\",\"transform\":{\"x\":7.6629,\"y\":-2.4341,\"skX\":-53.694,\"skY\":-53.694}},{\"name\":\"bone\",\"parent\":\"tou\",\"transform\":{\"x\":21.8077,\"y\":6.5536,\"skX\":-0.9769,\"skY\":-0.9769}},{\"name\":\"eye\",\"parent\":\"bone\",\"transform\":{\"x\":4.9275,\"y\":-0.1835,\"skX\":180,\"skY\":180}},{\"name\":\"mouth2\",\"parent\":\"bone\",\"transform\":{\"x\":-9.7155,\"y\":1.63}}],\"slot\":[{\"name\":\"yezi2\",\"parent\":\"yezi\"},{\"name\":\"yezi\",\"parent\":\"yezi\"},{\"name\":\"youye\",\"parent\":\"youye\"},{\"name\":\"shenti\",\"parent\":\"shenti\"},{\"name\":\"zuoye\",\"parent\":\"zuoye\"},{\"name\":\"tou\",\"parent\":\"tou\"},{\"name\":\"00_xiangrikui/mouth\",\"parent\":\"mouth2\"},{\"name\":\"mouth2\",\"parent\":\"mouth2\"},{\"name\":\"eye\",\"parent\":\"eye\"},{\"blendMode\":\"add\",\"displayIndex\":-1,\"name\":\"guang\",\"parent\":\"tou\",\"color\":{\"aM\":46,\"gM\":92,\"bM\":62}}],\"skin\":[{\"slot\":[{\"name\":\"yezi\",\"display\":[{\"name\":\"00_xiangrikui/yezi\",\"transform\":{\"x\":-0.69,\"y\":-2.69}}]},{\"name\":\"tou\",\"display\":[{\"name\":\"00_xiangrikui/tou\",\"transform\":{\"x\":25,\"y\":4.22,\"skX\":90.02,\"skY\":90.02}}]},{\"name\":\"00_xiangrikui/mouth\",\"display\":[{\"name\":\"00_xiangrikui/mouth\",\"transform\":{\"x\":2.47,\"y\":-1.14,\"skX\":90,\"skY\":90}}]},{\"name\":\"mouth2\",\"display\":[{\"type\":\"mesh\",\"name\":\"00_xiangrikui/mouth2\",\"width\":27,\"height\":9,\"vertices\":[1.25,-14.01,-0.3,-11.99,-2.39,-9.42,-4.09,-6.58,-5.44,-3.26,-5.77,-1.5,-5.77,3.72,-4.42,6.69,-2.46,9.06,-0.44,11.02,1.12,12.31,2.28,12.99,2.97,12.99,2.88,11.5,1.87,9.47,1.25,7.23,0.52,4.19,-0.03,1.34,-0.16,-0.96,-0.03,-3.87,0.58,-6.37,0.99,-9.01,1.53,-11.04,2.07,-12.4,2.41,-13.96],\"uvs\":[0,0.22967,0.07483,0.3882,0.17,0.60126,0.27533,0.77354,0.39817,0.91146,0.46333,0.94444,0.6565,0.94444,0.76667,0.8079,0.8545,0.60813,0.92717,0.40195,0.97483,0.24341,1,0.12566,1,0.05556,0.94467,0.06426,0.8695,0.1669,0.78683,0.22967,0.674,0.30481,0.56867,0.36025,0.4835,0.374,0.37567,0.36025,0.28283,0.29794,0.185,0.2567,0.10983,0.20172,0.05967,0.14628,0.002,0.11191],\"triangles\":[13,10,11,13,11,12,14,9,10,14,10,13,14,8,9,15,8,14,15,7,8,15,16,7,16,6,7,16,17,6,17,5,6,18,5,17,4,5,18,19,4,18,3,4,19,20,3,19,2,3,20,21,2,20,1,2,21,22,1,21,23,1,22,0,1,23,24,0,23],\"edges\":[0,1,1,2,2,3,3,4,4,5,5,6,6,7,7,8,8,9,9,10,10,11,11,12,12,13,13,14,14,15,15,16,16,17,17,18,18,19,19,20,20,21,21,22,22,23,23,24,24,0],\"userEdges\":[]}]},{\"name\":\"eye\",\"display\":[{\"name\":\"00_xiangrikui/eye\",\"transform\":{\"x\":0.25,\"y\":0.05,\"skX\":-90,\"skY\":-90}}]},{\"name\":\"guang\",\"display\":[{\"name\":\"00_xiangrikui/guang\",\"transform\":{\"x\":24.96,\"y\":4.22,\"skX\":90.02,\"skY\":90.02}}]},{\"name\":\"youye\",\"display\":[{\"name\":\"00_xiangrikui/youye\",\"transform\":{\"x\":5.7,\"y\":0.45,\"skX\":36.12,\"skY\":36.12}}]},{\"name\":\"shenti\",\"display\":[{\"name\":\"00_xiangrikui/shenti\",\"transform\":{\"x\":10.37,\"y\":-0.21,\"skX\":100.35,\"skY\":100.35}}]},{\"name\":\"yezi2\",\"display\":[{\"name\":\"00_xiangrikui/yezi2\",\"transform\":{\"x\":-2.94,\"y\":-8.99}}]},{\"name\":\"zuoye\",\"display\":[{\"name\":\"00_xiangrikui/zuoye\",\"transform\":{\"x\":5.64,\"y\":-0.54,\"skX\":147.51,\"skY\":147.51}}]}]}],\"animation\":[{\"duration\":32,\"playTimes\":0,\"name\":\"daiji\",\"bone\":[{\"name\":\"yezi\",\"scaleFrame\":[{\"duration\":8,\"tweenEasing\":0},{\"duration\":8,\"tweenEasing\":0,\"y\":1.05},{\"duration\":8,\"tweenEasing\":0},{\"duration\":8,\"tweenEasing\":0,\"y\":1.05},{\"duration\":0}]},{\"name\":\"shenti\",\"rotateFrame\":[{\"duration\":8,\"tweenEasing\":0,\"rotate\":3.38},{\"duration\":8,\"tweenEasing\":0,\"rotate\":6.82},{\"duration\":8,\"tweenEasing\":0,\"rotate\":14.86},{\"duration\":8,\"tweenEasing\":0,\"rotate\":6.4},{\"duration\":0,\"rotate\":3.38}],\"scaleFrame\":[{\"duration\":8,\"tweenEasing\":0},{\"duration\":8,\"tweenEasing\":0,\"x\":1.1},{\"duration\":8,\"tweenEasing\":0},{\"duration\":8,\"tweenEasing\":0,\"x\":1.1},{\"duration\":0}]},{\"name\":\"youye\",\"rotateFrame\":[{\"duration\":16,\"tweenEasing\":0,\"rotate\":-8.91},{\"duration\":16,\"tweenEasing\":0,\"rotate\":0.3},{\"duration\":0,\"rotate\":-8.91}]},{\"name\":\"zuoye\",\"rotateFrame\":[{\"duration\":16,\"tweenEasing\":0,\"rotate\":-12.66},{\"duration\":16,\"tweenEasing\":0,\"rotate\":-10.27},{\"duration\":0,\"rotate\":-12.66}]},{\"name\":\"tou\",\"translateFrame\":[{\"duration\":9,\"tweenEasing\":0,\"x\":0.1,\"y\":2.2},{\"duration\":7,\"tweenEasing\":0,\"x\":2.26,\"y\":-1.55},{\"duration\":8,\"tweenEasing\":0,\"x\":4.92,\"y\":3.35},{\"duration\":8,\"tweenEasing\":0,\"x\":2.26,\"y\":-1.55},{\"duration\":0,\"x\":0.1,\"y\":2.2}],\"rotateFrame\":[{\"duration\":9,\"tweenEasing\":0},{\"duration\":7,\"tweenEasing\":0,\"rotate\":0.12},{\"duration\":8,\"tweenEasing\":0,\"rotate\":1.13},{\"duration\":8,\"tweenEasing\":0,\"rotate\":0.12},{\"duration\":0}]},{\"name\":\"bone\",\"translateFrame\":[{\"duration\":8,\"tweenEasing\":0,\"x\":-0.1,\"y\":-0.9},{\"duration\":8,\"tweenEasing\":0,\"x\":0.63,\"y\":0.08},{\"duration\":8,\"tweenEasing\":0,\"x\":0.12,\"y\":1.13},{\"duration\":8,\"tweenEasing\":0,\"x\":0.63,\"y\":0.08},{\"duration\":0,\"x\":-0.1,\"y\":-0.9}],\"scaleFrame\":[{\"duration\":16,\"tweenEasing\":0},{\"duration\":16,\"tweenEasing\":0,\"y\":0.98},{\"duration\":0}]}],\"slot\":[{\"name\":\"mouth2\",\"displayFrame\":[{\"duration\":32,\"value\":-1}]},{\"name\":\"guang\",\"displayFrame\":[{\"duration\":32}],\"colorFrame\":[{\"duration\":32,\"value\":{\"aM\":0}}]}]},{\"duration\":33,\"playTimes\":0,\"name\":\"shengchan\",\"frame\":[{\"duration\":16},{\"duration\":0,\"events\":[{\"name\":\"shengchan\"}]}],\"bone\":[{\"name\":\"yezi\",\"scaleFrame\":[{\"duration\":13,\"tweenEasing\":0},{\"duration\":4,\"tweenEasing\":0,\"x\":0.95,\"y\":0.95},{\"duration\":16,\"tweenEasing\":0,\"x\":1.05,\"y\":1.05},{\"duration\":0}]},{\"name\":\"shenti\",\"translateFrame\":[{\"duration\":12,\"tweenEasing\":0},{\"duration\":4,\"tweenEasing\":0,\"y\":1.39},{\"duration\":17,\"tweenEasing\":0,\"y\":-0.05},{\"duration\":0}],\"rotateFrame\":[{\"duration\":33,\"rotate\":3.38}],\"scaleFrame\":[{\"duration\":12,\"tweenEasing\":0},{\"duration\":4,\"tweenEasing\":0,\"x\":0.8},{\"duration\":17,\"tweenEasing\":0,\"x\":1.2},{\"duration\":0}]},{\"name\":\"youye\",\"rotateFrame\":[{\"duration\":10,\"tweenEasing\":0,\"rotate\":-8.91},{\"duration\":6,\"tweenEasing\":0,\"rotate\":-13.33},{\"duration\":17,\"tweenEasing\":0,\"rotate\":7.33},{\"duration\":0,\"rotate\":-8.91}]},{\"name\":\"zuoye\",\"rotateFrame\":[{\"duration\":10,\"tweenEasing\":0,\"rotate\":-12.66},{\"duration\":6,\"tweenEasing\":0,\"rotate\":5.76},{\"duration\":17,\"tweenEasing\":0,\"rotate\":-22.87},{\"duration\":0,\"rotate\":-12.66}]},{\"name\":\"tou\",\"translateFrame\":[{\"duration\":8,\"tweenEasing\":0,\"x\":0.1,\"y\":2.2},{\"duration\":4,\"tweenEasing\":0,\"x\":-0.05,\"y\":7.39},{\"duration\":4,\"tweenEasing\":0,\"x\":-0.05,\"y\":9.29},{\"duration\":17,\"tweenEasing\":0,\"x\":-0.05,\"y\":-2.41},{\"duration\":0,\"x\":0.1,\"y\":2.2}],\"scaleFrame\":[{\"duration\":8,\"tweenEasing\":0},{\"duration\":4,\"tweenEasing\":0,\"x\":0.95,\"y\":1.04},{\"duration\":4,\"tweenEasing\":0,\"x\":0.95,\"y\":1.04},{\"duration\":6,\"tweenEasing\":0,\"x\":1.1,\"y\":0.96},{\"duration\":11}]},{\"name\":\"bone\",\"translateFrame\":[{\"duration\":33,\"x\":-0.1,\"y\":-0.9}]},{\"name\":\"eye\",\"translateFrame\":[{\"duration\":12,\"tweenEasing\":0},{\"duration\":4,\"tweenEasing\":0},{\"duration\":8,\"tweenEasing\":0,\"x\":1.25,\"y\":0.02},{\"duration\":9}],\"scaleFrame\":[{\"duration\":12,\"tweenEasing\":0},{\"duration\":4,\"tweenEasing\":0},{\"duration\":8,\"tweenEasing\":0,\"x\":1.1,\"y\":1.05},{\"duration\":9}]}],\"slot\":[{\"name\":\"guang\",\"displayFrame\":[{\"duration\":33}],\"colorFrame\":[{\"duration\":8,\"tweenEasing\":0,\"value\":{\"aM\":0}},{\"duration\":4,\"tweenEasing\":0,\"value\":{\"aM\":0}},{\"duration\":4,\"tweenEasing\":0,\"value\":{\"aM\":10}},{\"duration\":10,\"tweenEasing\":0,\"value\":{\"aM\":60}},{\"duration\":7,\"value\":{\"aM\":0}}]}],\"ffd\":[{\"name\":\"00_xiangrikui/mouth2\",\"slot\":\"mouth2\",\"frame\":[{\"duration\":11,\"tweenEasing\":0,\"offset\":2,\"vertices\":[1.17,-0.96,1.76,0.66,2.71,-0.06,3.46,-0.75,3.64,0.04,4.52,2,3.98,1.49,2.85,0.86,2.05,0.29,1.1,0.04,0,0,0,0,0,0,0,0,0,0,0,0,0,0,0,0,0,0,0,0,0,0,0,0,-0.17,-0.23]},{\"duration\":4,\"tweenEasing\":0,\"offset\":12,\"vertices\":[-0.08,0.11]},{\"duration\":18,\"tweenEasing\":0,\"offset\":2,\"vertices\":[-0.02,-1.02,-0.07,-1.73,-0.68,-1.43,-1.19,-1.45,-1.57,0.11,-1.35,1.54,-1.36,1.49,-1.34,1.2,-0.38,0.97,-0.17,0.55]},{\"duration\":0,\"offset\":2,\"vertices\":[1.17,-0.96,1.76,0.66,2.71,-0.06,3.46,-0.75,3.64,0.04,4.52,2,3.98,1.49,2.85,0.86,2.05,0.29,1.1,0.04,0,0,0,0,0,0,0,0,0,0,0,0,0,0,0,0,0,0,0,0,0,0,0,0,-0.17,-0.23]}]}],\"zOrder\":{\"frame\":[{\"duration\":33,\"zOrder\":[3,-2]}]}}],\"defaultActions\":[{\"gotoAndPlay\":\"daiji\"}]}]}"]],0,0,[],[],[]]