[1,["d8okwRcVFDR631CaUZUvqN"],0,[["sp.SkeletonData",["_name","_atlasText","textureNames","_skeletonJson","textures"],-1,3]],[[0,0,1,2,3,4,5]],[[0,"effect010","\r\neffect010.png\r\nsize: 325,448\r\nformat: RGBA8888\r\nfilter: Linear,Linear\r\nrepeat: none\r\n19/0\r\n  rotate: false\r\n  xy: 235, 9\r\n  size: 88, 82\r\n  orig: 90, 89\r\n  offset: 1, 0\r\n  index: -1\r\n19/1\r\n  rotate: true\r\n  xy: 2, 358\r\n  size: 88, 173\r\n  orig: 101, 183\r\n  offset: 11, 3\r\n  index: -1\r\n19/2\r\n  rotate: true\r\n  xy: 2, 247\r\n  size: 109, 160\r\n  orig: 111, 162\r\n  offset: 1, 1\r\n  index: -1\r\n19/3\r\n  rotate: false\r\n  xy: 2, 125\r\n  size: 133, 120\r\n  orig: 135, 135\r\n  offset: 1, 2\r\n  index: -1\r\n19/4\r\n  rotate: false\r\n  xy: 177, 313\r\n  size: 146, 133\r\n  orig: 148, 137\r\n  offset: 2, 1\r\n  index: -1\r\n19/5\r\n  rotate: false\r\n  xy: 164, 224\r\n  size: 137, 42\r\n  orig: 142, 43\r\n  offset: 4, 1\r\n  index: -1\r\n19/6\r\n  rotate: false\r\n  xy: 164, 268\r\n  size: 141, 43\r\n  orig: 147, 45\r\n  offset: 0, 2\r\n  index: -1\r\n19/7\r\n  rotate: true\r\n  xy: 137, 93\r\n  size: 129, 130\r\n  orig: 129, 132\r\n  offset: 0, 0\r\n  index: -1\r\n19/8\r\n  rotate: true\r\n  xy: 2, 2\r\n  size: 121, 129\r\n  orig: 124, 131\r\n  offset: 1, 0\r\n  index: -1\r\n19/9\r\n  rotate: true\r\n  xy: 269, 120\r\n  size: 102, 32\r\n  orig: 105, 32\r\n  offset: 1, 0\r\n  index: -1\r\n19/fog0\r\n  rotate: false\r\n  xy: 133, 12\r\n  size: 100, 79\r\n  orig: 100, 90\r\n  offset: 0, 6\r\n  index: -1\r\n",["effect010.png"],{"skeleton":{"hash":"QZtKwrADAd5S1wotK3zlmPNE/vo","spine":"3.8.99","fps":24,"images":"D:/Work/植物大战僵尸2娘化版/动画/娘化版/打击特效/龙骨导出的spine资源/library","audio":"D:\\Work\\植物大战僵尸2娘化版\\动画\\娘化版\\打击特效\\龙骨导出的spine资源"},"bones":[{"name":"root"},{"name":"0","parent":"root","x":1.25,"y":-5.3},{"name":"01","parent":"root","x":1.25,"y":-5.3},{"name":"fog0","parent":"root","y":31.72},{"name":"fog01","parent":"root","y":31.72}],"slots":[{"name":"0","bone":"0","attachment":"19/0"},{"name":"01","bone":"01","attachment":"19/0","blend":"additive"},{"name":"fog0","bone":"fog0","attachment":"19/fog0"},{"name":"fog01","bone":"fog01","attachment":"19/fog0"}],"skins":[{"name":"default","attachments":{"0":{"19/0":{"x":-0.09,"y":41.15,"width":90,"height":89},"19/1":{"x":-1.25,"y":83.43,"width":101,"height":183},"19/2":{"x":-1.25,"y":69.3,"width":111,"height":162},"19/3":{"x":-12.62,"y":51.72,"width":135,"height":135},"19/4":{"x":-1.25,"y":50.74,"width":148,"height":137},"19/5":{"x":-1.25,"y":2.4,"width":142,"height":43},"19/6":{"x":-1.25,"y":2.2,"width":147,"height":45},"19/7":{"x":-1.25,"y":51.3,"width":129,"height":132},"19/8":{"x":-1.25,"y":51.3,"width":124,"height":131},"19/9":{"x":-1.25,"y":4.79,"width":105,"height":32}},"01":{"19/0":{"x":-0.09,"y":41.15,"width":90,"height":89},"19/1":{"x":-1.25,"y":83.43,"width":101,"height":183},"19/2":{"x":-1.25,"y":69.3,"width":111,"height":162},"19/3":{"x":-12.62,"y":51.72,"width":135,"height":135},"19/4":{"x":-1.25,"y":50.74,"width":148,"height":137},"19/5":{"x":-1.25,"y":2.4,"width":142,"height":43},"19/6":{"x":-1.25,"y":2.2,"width":147,"height":45},"19/7":{"x":-1.25,"y":51.3,"width":129,"height":132},"19/8":{"x":-1.25,"y":51.3,"width":124,"height":131},"19/9":{"x":-1.25,"y":4.79,"width":105,"height":32}},"fog0":{"19/fog0":{"x":1,"y":-3.5,"width":100,"height":90}},"fog01":{"19/fog0":{"x":1,"y":-3.5,"width":100,"height":90}}}}],"animations":{"newAnimation":{"slots":{"0":{"color":[{"time":0.6667,"color":"ffffffff"},{"time":1,"color":"ffffff00"}],"attachment":[{"time":0.0417,"name":"19/1"},{"time":0.0833,"name":"19/2"},{"time":0.1667,"name":"19/3"},{"time":0.25,"name":"19/4"},{"time":0.3333,"name":"19/5"},{"time":0.4167,"name":"19/6"},{"time":0.5,"name":"19/7"},{"time":0.5833,"name":"19/8"},{"time":0.6667,"name":"19/9"}]},"01":{"color":[{"color":"7512abff","curve":"stepped"},{"time":0.6667,"color":"7512abff"},{"time":1,"color":"471f9600"}],"attachment":[{"time":0.0417,"name":"19/1"},{"time":0.0833,"name":"19/2"},{"time":0.1667,"name":"19/3"},{"time":0.25,"name":"19/4"},{"time":0.3333,"name":"19/5"},{"time":0.4167,"name":"19/6"},{"time":0.5,"name":"19/7"},{"time":0.5833,"name":"19/8"},{"time":0.6667,"name":"19/9"}]},"fog0":{"color":[{"color":"521c8a00"},{"time":0.1667,"color":"cf00ffff"},{"time":0.5,"color":"521c8a00"}]},"fog01":{"color":[{"color":"521c8a00"},{"time":0.1667,"color":"cc00ffed"},{"time":1,"color":"521c8a00"}]}},"bones":{"0":{"scale":[{"time":0.5},{"time":0.5833,"x":1.1,"y":1.1},{"time":0.6667,"x":1.2,"y":1.2},{"time":1,"x":1.3,"y":1.3}]},"01":{"scale":[{"time":0.5},{"time":0.5833,"x":1.1,"y":1.1},{"time":0.6667,"x":1.2,"y":1.2},{"time":1,"x":1.3,"y":1.3}]},"fog0":{"translate":[{"x":2.03,"y":-20.56},{"time":0.5,"x":23.83,"y":6.91}],"scale":[{"x":0.5,"y":0.5},{"time":0.1667}]},"fog01":{"translate":[{"x":2.03,"y":-20.56},{"time":0.8333,"x":-10.04,"y":9.62},{"time":1,"x":-1.03,"y":15.65}],"scale":[{"x":0.5,"y":0.5},{"time":0.1667}]}}}}},[0]]],0,0,[0],[-1],[0]]