[1,["e3Na6WdjJK9LpgWa8SaKIQ","ecpdLyjvZBwrvm+cedCcQy","f1thZDE7hGgKHo4GLEcJNa","43YTrULFBGkrz5qUP55ktb","cda5Ju4z5IfKMK9IL8kpRB","17a184afe"],["node","root","frostNode","spine","data","_spriteFrame","poolPrefab","_N$skeletonData","_textureSetter"],[["cc.Node",["_name","_components","_prefab","_children","_parent","_contentSize","_anchorPoint"],2,9,4,2,1,5,5],["cc.PrefabInfo",["fileId","root","asset"],2,1,1],"cc.SpriteFrame",["cc.Prefab",["_name"],2],["cc.Node",["_name","_parent","_components","_prefab"],2,1,2,4],["2216dff601LwaALsQ/9tumg",["node","spine","frostNode","poolPrefab"],3,1,1,1,6],["cc.Sprite",["node","_materials","_spriteFrame"],3,1,3,6],["sp.Skeleton",["defaultSkin","defaultAnimation","_preCacheMode","premultipliedAlpha","_animationName","_N$enableBatch","node","_materials"],-3,1,3],["261d4+Q1HdGA5w3tjdBw83c",["node","spineAnimation"],3,1,1]],[[1,0,1,2,2],[3,0,2],[0,0,3,1,2,2],[0,0,4,1,2,5,6,2],[4,0,1,2,3,2],[5,0,1,2,3,1],[1,1,2,1],[6,0,1,2,1],[7,0,1,2,3,4,5,6,7,7],[8,0,1,1]],[[[[1,"FrozenEffect"],[2,"FrozenEffect",[-5,-6],[[5,-4,-3,-2,3]],[6,-1,0]],[4,"16FX",1,[-7,-8],[0,"b8kfawV01MQIiDRl+ri5pp",1,0]],[3,"frost",1,[[7,-9,[1],2]],[0,"e6n80UDBNJM4zXFqFzslSs",1,0],[5,84,42],[0,0.5,0]],[8,"default","blow1",0,false,"blow1",true,2,[0]],[9,2,4]],0,[0,1,1,0,2,3,0,3,5,0,0,1,0,-1,2,0,-2,3,0,-1,4,0,-2,5,0,0,3,0,4,1,9],[0,0,0,0,4],[-1,-1,5,6,7],[0,1,2,3,4]],[[{"name":"frost","rect":[628,689,84,42],"offset":[0,0],"originalSize":[84,42],"rotated":1,"capInsets":[0,0,0,0]}],[2],0,[0],[8],[5]]]]