[1,["ecpdLyjvZBwrvm+cedCcQy","caohSHbS5GEIzmwCrnMGn5","2eYLUKo6tPT57j6FrILgK/","33FJJx5OxGh5E4lIp/S93j","bfPF/Qn6hMh64K0OYqGb3s","37q9ssi/pPraicXQhdEjQC","daGgnEQ0RCXox4dDyaMr5b","c7SwC0KENGDptrwlc3Cy3N","d2HzctZYVKFZNemh8T+vQj","1a3kW4M+dGIopQBVB6amB7","dfMmHFPAFNmZDOgSb9HCJW","4eG4Y8NJpM76iFCBmqOKH4","e3ovpAIvlJpINq4CsOYyAZ","fdMUAIC9ZIKLIU8S4t9qKN","139Svkz+VHGYAEzdW1F+aF","f8rF+5RY1IBJ1XHbHwxY9G","7c4lp9GGdGO46i9MD8WKZY","93vpLh/gxPBbDk75enOPTU","1ck1Yi/LlB8JKzBOWUtWiJ","f5gSJkRdNF1ryMpsXVaTpb","f0enFH5oRIHaJNlrQsZN5S","479wdvnKhNyJtU3c5+oJ5f","d79rlIWWNKCrcMkSyYG8rY","25BIiFw2pIX4V2GUUh4UPW","fdnV7B3clMOIgW1fh2yCrz","1dmSRRSopMGY1v6SgwATng","d0S+eewr1IN6hqfXXfNg1m","a2MjXRFdtLlYQ5ouAFv/+R","bdVjnsMjVLKLb/9vMLOvNG","494Qa1B+xAhZkQ/YAmuISP"],["node","_spriteFrame","_N$file","root","data","_textureSetter","costPowerLab","startGameNode","preUnLock","chapterName","flagCount","flagNode","bg","lockNode","trophyNode","content","rankWidget","scrollView","coinCount","trophyCount","vaseBtn","vaseNode","zombieBtn","zombieNode","getPowerLeftLab","powerAni","powerLab","_parent","itemPrefab"],[["cc.Node",["_name","_active","_prefab","_contentSize","_components","_trs","_parent","_children","_color"],1,4,5,9,7,1,2,5],["cc.Label",["_lineHeight","_N$horizontalAlign","_N$verticalAlign","_string","_fontSize","_isSystemFontUsed","_styleFlags","_N$cacheMode","node","_materials","_N$file"],-5,1,3,6],["cc.Node",["_name","_parent","_components","_prefab","_contentSize","_trs","_color","_anchorPoint","_children"],2,1,2,4,5,7,5,5,2],["cc.Sprite",["_sizeMode","_type","_isTrimmedMode","node","_materials","_spriteFrame"],0,1,3,6],["cc.Node",["_name","_parent","_components","_prefab","_contentSize","_trs","_color","_anchorPoint","_children"],2,1,12,4,5,7,5,5,2],["cc.Widget",["_alignFlags","_left","_right","alignMode","node"],-1,1],["cc.PrefabInfo",["fileId","root","asset"],2,1,1],["cc.Button",["_N$transition","node","clickEvents"],2,1,9],["cc.ClickEvent",["_componentId","handler","target"],1,1],"cc.SpriteFrame",["cc.Prefab",["_name"],2],["152c6CDYKRKvqa11g13cl9O",["node","trophyNode","lockNode","bg","bgFrames","flagNode","flagCount","chapterName","preUnLock","startGameNode","costPowerLab"],3,1,1,1,1,3,1,1,1,1,1,1],["cc.LabelOutline",["_width","node","_color"],2,1,5],["cc.BlockInputEvents",["node"],3,1],["df561IB41BNuI3UzRT3y9Of",["node","zombieNode","zombieBtn","vaseNode","vaseBtn","trophyCount","coinCount","scrollView","rankWidget","content","itemPrefab"],3,1,1,1,1,1,1,1,1,1,1,6],["ecd83JmX5VOKoHPwQkk0m/P",["node","powerLab","powerAni","getPowerLeftLab"],3,1,1,1,1],["cc.Layout",["_resize","_N$layoutType","_N$paddingLeft","_N$paddingRight","_N$spacingX","node","_layoutSize"],-2,1,5],["cc.ScrollView",["vertical","brake","bounceDuration","_N$horizontalScrollBar","_N$verticalScrollBar","node","_N$content"],-2,1,1]],[[6,0,1,2,2],[3,3,4,5,1],[0,0,6,4,2,3,5,2],[12,0,1,2,2],[0,0,6,7,4,2,3,5,2],[7,0,1,2,2],[8,0,1,2,3],[1,3,4,0,5,1,2,8,9,10,7],[10,0,2],[0,0,1,6,7,4,2,3,5,3],[0,0,6,4,2,3,2],[0,0,6,2,3,5,2],[4,0,1,2,3,6,4,5,2],[3,1,0,2,3,4,5,4],[3,0,3,4,5,2],[6,1,2,1],[1,3,4,0,5,1,2,8,9,7],[1,3,4,0,1,2,8,9,6],[5,0,4,2],[5,3,0,1,4,4],[0,0,7,4,2,8,3,5,2],[0,0,1,6,4,2,3,5,3],[0,0,6,7,2,3,5,2],[0,0,7,4,2,3,5,2],[0,0,6,7,2,2],[0,0,6,7,4,2,5,2],[0,0,4,2,3,2],[0,0,6,7,4,2,8,3,5,2],[0,0,6,4,2,8,3,5,2],[4,0,1,2,3,4,7,5,2],[4,0,1,8,2,3,4,5,2],[4,0,1,2,3,6,4,7,5,2],[2,0,1,2,3,6,4,5,2],[2,0,1,8,2,3,4,5,2],[2,0,1,2,3,6,4,7,5,2],[2,0,1,2,3,4,7,5,2],[2,0,1,2,3,4,5,2],[3,1,0,3,4,5,3],[3,3,4,1],[11,0,1,2,3,4,5,6,7,8,9,10,1],[7,1,2,1],[8,0,1,3],[1,3,4,0,5,6,1,2,8,9,8],[1,3,4,0,5,1,2,7,8,9,10,8],[1,3,0,6,1,2,8,9,6],[1,4,0,1,2,8,9,5],[5,0,1,2,4,4],[5,0,2,4,3],[13,0,1],[14,0,1,2,3,4,5,6,7,8,9,10,1],[15,0,1,2,3,1],[16,0,1,2,3,4,5,6,6],[17,0,1,2,3,4,5,6,6]],[[[{"name":"puzzle_bg","rect":[0,0,1612,330],"offset":[0,0],"originalSize":[1612,330],"capInsets":[0,0,0,0]}],[9],0,[0],[5],[6]],[[[8,"PuzzleItem"],[20,"PuzzleItem",[-13,-14,-15,-16,-17,-18,-19],[[1,-2,[22],23],[39,-12,-11,-10,-9,[24,25],-8,-7,-6,-5,-4,-3]],[15,-1,0],[4,4287861651],[5,245,323],[-1215,0,0,0,0,0,1,1,1,1]],[4,"unlock_btn",1,[-22,-23],[[1,-20,[13],14],[5,3,-21,[[6,"152c6CDYKRKvqa11g13cl9O","clickPreUnLock",1]]]],[0,"5aIz2x7rZNI6yWXQWc3daX",1,0],[5,151,57],[-2,-154,0,0,0,0,1,1,1,0]],[9,"lv_imgSta",false,1,[-26,-27],[[37,1,0,-24,[20],21],[5,3,-25,[[41,"94d58qmgwFH+bfrpPdKMuF1","clickStartBtn"]]]],[0,"9bvjxTyMdMJrOw/H/6Iy75",1,0],[5,158,70],[0,-154,0,0,0,0,1,1,1,0]],[4,"flag",1,[-29],[[1,-28,[7],8]],[0,"60fIlWMwZDRqwH9uWNOQam",1,0],[5,30,30],[30,-60,0,0,0,0,1,1,1,1]],[21,"trophy_tag",false,1,[[1,-30,[1],2]],[0,"dcRXK5BChJM4CGw0FMfc0B",1,0],[5,75,79],[-61,65,0,0,0,0,1,1,1,1]],[12,"name",1,[[-31,[3,3,-32,[4,4278596427]]],1,4],[0,"29IhQFqlVO37P7XTo84FJr",1,0],[4,4280135167],[5,188,45.06],[0,-93,0,0,0,0,1,1,1,1]],[2,"lv_imgLock",1,[[1,-33,[4],5]],[0,"46AhvJOy9Fb4M/n0WePWa5",1,0],[5,26,34],[0,30,0,0,0,0,1,2,2,1]],[29,"flagCount",4,[[-34,[3,2,-35,[4,4278190080]]],1,4],[0,"54te7n8lFOTYQ/N0zSh8nN",1,0],[5,21.58,48.1],[0,1,0.5],[-20,0,0,0,0,0,1,1,1,1]],[2,"txt",2,[[7,"提前解锁",24,28,false,1,1,-36,[11],12],[3,3,-37,[4,4278190080]]],[0,"6ftHlshgRMx5tLNGTNfMO9",1,0],[5,102,41.28],[17,2,0,0,0,0,1,1,1,1]],[2,"New Label",3,[[7,"开始游戏",25,25,false,1,1,-38,[15],16],[3,2,-39,[4,4278190080]]],[0,"66peeRXtpMjZtcMRcTCkmG",1,0],[5,104,35.5],[0,15.227,0,0,0,0,1,1,1,1]],[22,"rightPower",3,[-40,-41],[0,"eenemyDTZI87p0m9+7JTnw",1,0],[5,50,30],[-11.674,-13.715,0,0,0,0,1,1,1,1]],[12,"rightPowercost",11,[[-42,[3,2,-43,[4,4278190080]]],1,4],[0,"30C97CgJ5Gn6exIu1WwwNr",1,0],[4,4278255590],[5,37.22,39.28],[28.484,-2.161,0,0,0,0,1,1,1,1]],[32,"lv_img0",1,[-44],[0,"c4KXE3GnZNJ7IUfWwNqK3s",1,0],[4,4286874756],[5,200,152],[-1,32,0,0,0,0,1,1,1,1]],[38,13,[0]],[16,"生存模式：白天",26,31,false,1,1,6,[3]],[42,"0",30,35,false,1,1,1,8,[6]],[2,"ad_icon",2,[[1,-45,[9],10]],[0,"69FipGUbpMc5MpWBZt98HS",1,0],[5,35,26],[-49,1,0,0,0,0,1,1,1,1]],[2,"powerIcon",11,[[1,-46,[17],18]],[0,"cczg4g4AhHP5+p8uh6k+Ql",1,0],[5,81,82],[0,0,0,0,0,0,1,0.4,0.4,1]],[16,"X2",24,28,false,1,1,12,[19]]],0,[0,3,1,0,0,1,0,6,19,0,7,3,0,8,2,0,9,15,0,10,16,0,11,4,0,12,14,0,13,7,0,14,5,0,0,1,0,-1,13,0,-2,5,0,-3,6,0,-4,7,0,-5,4,0,-6,2,0,-7,3,0,0,2,0,0,2,0,-1,17,0,-2,9,0,0,3,0,0,3,0,-1,10,0,-2,11,0,0,4,0,-1,8,0,0,5,0,-1,15,0,0,6,0,0,7,0,-1,16,0,0,8,0,0,9,0,0,9,0,0,10,0,0,10,0,-1,18,0,-2,12,0,-1,19,0,0,12,0,-1,14,0,0,17,0,0,18,0,4,1,46],[0,0,0,0,0,0,0,0,0,0,0,0,0,0,0,0,0,0,0,0,0,0,0,0,0,0,14,15,16,19],[-1,-1,1,-1,-1,1,-1,-1,1,-1,1,-1,2,-1,1,-1,2,-1,1,-1,-1,1,-1,1,-1,-2,1,2,2,2],[0,0,7,0,0,8,0,0,9,0,10,0,1,0,3,0,1,0,2,0,0,3,0,11,4,12,4,1,1,1]],[[[8,"PuzzleView"],[23,"PuzzleView",[-14,-15,-16,-17,-18,-19,-20,-21,-22],[[18,45,-2],[48,-3],[49,-13,-12,-11,-10,-9,-8,-7,-6,-5,-4,48]],[15,-1,0],[5,1280,720],[640,360,0,0,0,0,1,1,1,1]],[24,"btn",1,[-23,-24,-25,-26,-27,-28,-29],[0,"7dN1hVmMFCiZbzTWCh3B+f",1,0]],[4,"power_bg",1,[-36,-37,-38,-39],[[13,1,0,false,-30,[46],47],[46,32,53.5,15,-31],[50,-35,-34,-33,-32]],[0,"7cwwGmgFdKUrq6ulqrbkfI",1,0],[5,249,68],[500.5,-194,0,0,0,0,1,1,1,1]],[30,"btn_rank",1,[-43,-44],[[[1,-40,[14],15],[5,3,-41,[[6,"df561IB41BNuI3UzRT3y9Of","clickRankBtn",1]]],-42],4,4,1],[0,"87UNct+u5JE6F9XrxcsCzF",1,0],[5,101,98],[351,-291,0,0,0,0,1,1,1,0]],[4,"btn_back",1,[-48],[[1,-45,[6],7],[19,0,8,40.5,-46],[5,3,-47,[[6,"df561IB41BNuI3UzRT3y9Of","clickBack",1]]]],[0,"6bDlfSLjJL9rm+sPtbuF/E",1,0],[5,101,98],[-549,-298,0,0,0,0,1,1,1,0]],[4,"coin_node",1,[-51,-52],[[13,1,0,false,-49,[22],23],[19,0,8,174,-50]],[0,"04OFoXQBRBiaLFzihzoL2X",1,0],[5,290,60],[-321,-313,0,0,0,0,1,1,1,1]],[25,"trophy_node",1,[-54,-55],[[18,32,-53]],[0,"65Aqd6Il9H9bD+AQ0CoC6A",1,0],[640,0,0,0,0,0,1,1,1,1]],[26,"content",[[51,1,1,40,40,25,-56,[5,4375,400]]],[0,"cdjEGNN85GT4JeSE/w/ypP",1,0],[5,4375,400]],[27,"countdownBg",3,[-58,-59],[[14,0,-57,[39],40]],[0,"97hDe/tf9IgoQErfZdjX/s",1,0],[4,4278190080],[5,80,25],[-63.125,-28.842,0,0,0,0,1,1,1,1]],[9,"powerIcon",false,3,[-61],[[14,0,-60,[44],45]],[0,"02KLTDBpZGxYTz4xyA4U1P",1,0],[5,72.9,73.8],[-5.954,0,0,0,0,0,1,0.85,0.85,0.9]],[4,"rank_icon",4,[-63],[[1,-62,[12],13]],[0,"1fK+JCCyxJ2alxnqwL7gv4",1,0],[5,97,36],[0,-35,0,0,0,0,1,1,1,1]],[2,"New Label",11,[[43,"排行榜",24,28,false,1,1,2,-64,[10],11],[3,2,-65,[4,4278190080]]],[0,"97e35c4chPH6PQJFWdLUSq",1,0],[5,76,32],[-1,0,0,0,0,0,1,1,1,1]],[31,"trophy_count",7,[[-66,[3,2,-67,[4,4278190080]]],1,4],[0,"18WFBnochBfIVRg1v2YGTn",1,0],[4,4278298111],[5,81.85,59.44],[0,1,0.5],[-137,-302,0,0,0,0,1,1,1,1]],[33,"ScrollView",1,[8],[-68],[0,"06Z0WXtnxAjYxip8ImxIAb",1,0],[5,1280,400],[0,180,0,0,0,0,1,1,1,1]],[2,"vase",2,[[1,-69,[28],29]],[0,"ffK3EkFxVErovdnu0+KGgx",1,0],[5,170,172],[202,-180,0,0,0,0,1,1,1,1]],[2,"zombie",2,[[1,-70,[32],33]],[0,"0eoWHYwuZKkJ86m+0c8tBg",1,0],[5,165,172],[-114,-178,0,0,0,0,1,1,1,1]],[2,"power_icon",3,[[1,-71,[34],35],[40,-72,[[6,"df561IB41BNuI3UzRT3y9Of","clickPower",1]]]],[0,"52XTkweKFEXbPcbFMx4nWw",1,0],[5,81,82],[-110,-1,0,0,0,0,1,1,1,1]],[28,"title",10,[[7,"-2",30,32,false,1,1,-73,[42],43],[3,2,-74,[4,4278190080]]],[0,"5eDjjw0WFA+Yf8MmIeEFmg",1,0],[4,4284081919],[5,40.99,44.32],[53.511,0,0,0,0,0,1,1.3,1.3,1]],[10,"lv_bg1",1,[[1,-75,[0],1]],[0,"7dTHDJvMRFwZofzZf8Z735",1,0],[5,1680,720]],[2,"puzzle_bg",1,[[1,-76,[2],3]],[0,"88i4cQ0iNFc4BF9YC6lcKr",1,0],[5,1612,330],[0,-195,0,0,0,0,1,1,1,1]],[10,"lv_imgJt",5,[[1,-77,[4],5]],[0,"ddJsdakslONLyAH0+BvYwa",1,0],[5,81,63]],[2,"rank",4,[[1,-78,[8],9]],[0,"b0kPBHbCRHf4nc+7ZZwbeE",1,0],[5,90,80],[-3.8579999999999997,14.142,0,0,0,0,1,1,1,1]],[47,32,238.5,4],[2,"trophy",7,[[1,-79,[16],17]],[0,"e9wzg3qfVBbJPJZhMVhbqj",1,0],[5,168,137],[-77,-297,0,0,0,0,1,0.54,0.54,0.54]],[44,"0/57",44,1,1,1,13,[18]],[2,"coin_icon",6,[[1,-80,[19],20]],[0,"d9hjD6svpKrLQH47+CZ9xs",1,0],[5,65,73],[-99,5,0,0,0,0,1,1,1,1]],[34,"coin_count",6,[-81],[0,"833EoOBhxGu7vVlkegLQju",1,0],[4,4283689900],[5,153.21,40.32],[0,1,0.5],[123,1,0,0,0,0,1,1,1,1]],[17,"123,123456",29,32,1,1,27,[21]],[52,false,0.75,0.23,null,null,14,8],[2,"no_open_2",2,[[1,-82,[24],25]],[0,"0a0OgTV+lGPbRvWDjAobBf",1,0],[5,97,107],[38,-146,0,0,0,0,1,1,1,1]],[2,"vase_txt",2,[[1,-83,[26],27]],[0,"8aZOT74y1MTLlOYw8IRwSf",1,0],[5,120,101],[198,-178,0,0,0,0,1,1,1,1]],[11,"btn_vase",2,[0,"906L74+PNPHqNYxv8Xts+3",1,0],[5,170,172],[202,-180,0,0,0,0,1,1,1,1]],[2,"zombie_txt",2,[[1,-84,[30],31]],[0,"63YJylcKVHhJrYmOy7tds9",1,0],[5,113,115],[-106,-182,0,0,0,0,1,1,1,1]],[11,"btn_zombie",2,[0,"6deMS2J2FHaIbGZLa4tNtj",1,0],[5,168,173],[-114,-178,0,0,0,0,1,1,1,1]],[2,"power_add",9,[[1,-85,[36],37]],[0,"ad+HO9tGVNqoa++6ejQ6i0",1,0],[5,30,30],[-46.352,1.393,0,0,0,0,1,1,1,1]],[35,"power_left",9,[-86],[0,"dds25i5FdNhoFUyy/tLTTI",1,0],[5,0,25.2],[0,1,0.5],[24.352,1.062,0,0,0,0,1,1,1,1]],[45,20,20,1,1,36,[38]],[36,"power_lab",3,[-87],[0,"8eIpJB6M9MVqh33dKHvVpC",1,0],[5,87.59,47.88],[-4,0,0,0,0,0,1,1,1,1]],[17,"15/20",35,38,1,1,38,[41]]],0,[0,3,1,0,0,1,0,0,1,0,15,8,0,16,23,0,17,29,0,18,28,0,19,25,0,20,32,0,21,15,0,22,34,0,23,16,0,0,1,0,-1,19,0,-2,20,0,-3,5,0,-4,4,0,-5,7,0,-6,6,0,-7,14,0,-8,2,0,-9,3,0,-1,30,0,-2,31,0,-3,15,0,-4,32,0,-5,33,0,-6,16,0,-7,34,0,0,3,0,0,3,0,24,37,0,25,10,0,26,39,0,0,3,0,-1,17,0,-2,9,0,-3,38,0,-4,10,0,0,4,0,0,4,0,-3,23,0,-1,22,0,-2,11,0,0,5,0,0,5,0,0,5,0,-1,21,0,0,6,0,0,6,0,-1,26,0,-2,27,0,0,7,0,-1,24,0,-2,13,0,0,8,0,0,9,0,-1,35,0,-2,36,0,0,10,0,-1,18,0,0,11,0,-1,12,0,0,12,0,0,12,0,-1,25,0,0,13,0,-1,29,0,0,15,0,0,16,0,0,17,0,0,17,0,0,18,0,0,18,0,0,19,0,0,20,0,0,21,0,0,22,0,0,24,0,0,26,0,-1,28,0,0,30,0,0,31,0,0,33,0,0,35,0,-1,37,0,-1,39,0,4,1,8,27,14,87],[0,0,0,0,0,0,0,0,0,0,0,0,0,0,0,0,0,0,0,0,0,0,0,0,0,0,0,0,0,0,0,0,0,0,0,0,0,0,0,0,0,0,0,0,0,0,0,0,0],[-1,1,-1,1,-1,1,-1,1,-1,1,-1,2,-1,1,-1,1,-1,1,-1,-1,1,-1,-1,1,-1,1,-1,1,-1,1,-1,1,-1,1,-1,1,-1,1,-1,-1,1,-1,-1,2,-1,1,-1,1,28],[0,13,0,14,0,15,0,5,0,16,0,1,0,17,0,5,0,18,0,0,19,0,0,20,0,21,0,22,0,23,0,24,0,25,0,2,0,26,0,0,27,0,0,1,0,2,0,28,29]]]]