[1,["c10I3u0hBKqqeKYrG2n+s/","172ca2c9c","ecpdLyjvZBwrvm+cedCcQy","73vBlf7e1Dy6MaDhORGlDR"],["_textureSetter","root","hole","node","data","_spriteFrame"],["cc.SpriteFrame",["cc.PrefabInfo",["fileId","root","asset"],2,1,1],["cc.Prefab",["_name"],2],["cc.Node",["_name","_children","_components","_prefab"],2,2,9,4],["cc.Node",["_name","_parent","_components","_prefab","_contentSize"],2,1,2,4,5],["d33deKSlFRFybS19vmriGEy",["node","hole","holeFrames"],3,1,1,3],["cc.Sprite",["node","_materials"],3,1,3]],[[2,0,2],[3,0,1,2,3,2],[4,0,1,2,3,4,2],[5,0,1,2,1],[1,1,2,1],[1,0,1,2,2],[6,0,1,1]],[[[[0,"ZombieHoleEffect"],[1,"ZombieHoleEffect",[-4],[[3,-3,-2,[1,2]]],[4,-1,0]],[2,"hole",1,[-5],[5,"41DmPF/h1FSJ/LmawE2Ja4",1,0],[5,142,97]],[6,2,[0]]],0,[0,1,1,0,2,3,0,3,1,0,-1,2,0,-1,3,0,4,1,5],[0,0,0,3],[-1,-1,-2,5],[2,0,3,0]],[[{"name":"zombie_hole_2","rect":[415,475,145,101],"offset":[0,0],"originalSize":[145,101],"capInsets":[0,0,0,0]}],[0],0,[0],[0],[1]],[[{"name":"zombie_hole_1","rect":[154,619,142,97],"offset":[0,0],"originalSize":[142,97],"capInsets":[0,0,0,0]}],[0],0,[0],[0],[1]]]]