[1,["86cN7AhEhDzoX29HSWHAi5","7a/QZLET9IDreTiBfRn2PD","eb0njAAs1F1ZXHt+JPCxae","40xjKLFi9GHbI03FQ/vQa0"],["root","shootNode","body","animation","node","data","bulletPrefab","_N$skeletonData"],[["cc.Node",["_name","_prefab","_trs","_children","_components","_parent"],2,4,7,2,12,1],["cc.Node",["_name","_groupIndex","_parent","_components","_prefab","_contentSize"],1,1,2,4,5],["cc.PrefabInfo",["fileId","root","asset"],2,1,1],["sp.SkeletonData",["_name","_atlasText","textureNames","_skeletonJson","textures"],-1,3],["cc.Prefab",["_name"],2],["084b5XksgtEvpNLAM4svCKL",["node","animation","body","shadowOffset","shootNode","bulletPrefab"],3,1,1,1,5,1,6],["cc.BoxCollider",["node","_offset","_size"],3,1,5,5],["96c396uvMtPhLUJFoRD9JmK",["node","body"],3,1,1],["sp.Skeleton",["defaultSkin","defaultAnimation","_preCacheMode","_animationName","node","_materials"],-1,1,3],["261d4+Q1HdGA5w3tjdBw83c",["node","spineAnimation"],3,1,1]],[[2,0,1,2,2],[3,0,1,2,3,4,5],[4,0,2],[0,0,3,4,1,2,2],[0,0,5,1,2,2],[1,0,1,2,3,4,3],[1,0,2,3,4,5,2],[5,0,1,2,3,4,5,1],[2,1,2,1],[6,0,1,2,1],[7,0,1,1],[8,0,1,2,3,4,5,5],[9,0,1,1]],[[[[1,"08_plant","\n08_plant.png\nsize: 256,64\nformat: RGBA8888\nfilter: Linear,Linear\nrepeat: none\nbody\n  rotate: true\n  xy: 96, 6\n  size: 16, 29\n  orig: 16, 29\n  offset: 0, 0\n  index: -1\neye1\n  rotate: true\n  xy: 117, 32\n  size: 13, 12\n  orig: 13, 12\n  offset: 0, 0\n  index: -1\neye2\n  rotate: true\n  xy: 127, 17\n  size: 13, 9\n  orig: 13, 9\n  offset: 0, 0\n  index: -1\neye3\n  rotate: true\n  xy: 127, 3\n  size: 12, 8\n  orig: 12, 8\n  offset: 0, 0\n  index: -1\neyebrow\n  rotate: true\n  xy: 84, 3\n  size: 19, 10\n  orig: 19, 10\n  offset: 0, 0\n  index: -1\nhead\n  rotate: false\n  xy: 51, 24\n  size: 64, 37\n  orig: 64, 37\n  offset: 0, 0\n  index: -1\nleaf2\n  rotate: true\n  xy: 2, 7\n  size: 54, 27\n  orig: 54, 27\n  offset: 0, 0\n  index: -1\nleaf3\n  rotate: true\n  xy: 31, 21\n  size: 40, 18\n  orig: 40, 18\n  offset: 0, 0\n  index: -1\nleaf6\n  rotate: false\n  xy: 50, 2\n  size: 16, 17\n  orig: 16, 17\n  offset: 0, 0\n  index: -1\nleaf7\n  rotate: false\n  xy: 117, 47\n  size: 12, 14\n  orig: 12, 14\n  offset: 0, 0\n  index: -1\nleaf8\n  rotate: true\n  xy: 68, 2\n  size: 20, 14\n  orig: 20, 14\n  offset: 0, 0\n  index: -1\nleaf9\n  rotate: false\n  xy: 31, 2\n  size: 17, 17\n  orig: 17, 17\n  offset: 0, 0\n  index: -1\n",["08_plant.png"],{"skeleton":{"hash":"2okbkC/y/weR1kIc+31qYjI7AbY","spine":"3.8.99","x":-48.99,"y":-13.67,"width":88.46,"height":84.13},"bones":[{"name":"root"},{"name":"plant","parent":"root","scaleX":0.166,"scaleY":0.166},{"name":"body","parent":"plant","x":6.6,"y":7.43},{"name":"body3","parent":"body","length":137.91,"rotation":101.79,"x":-9.62,"y":2.3},{"name":"leaf2","parent":"body","length":155.68,"rotation":176.11,"x":-6.12,"y":-28.81},{"name":"leaf3","parent":"leaf2","length":57.37,"rotation":85.51,"x":155.71,"y":-0.44},{"name":"leaf4","parent":"body","length":138.54,"rotation":27.22,"x":13.23,"y":-19.13},{"name":"leaf5","parent":"leaf4","length":61.05,"rotation":-102.18,"x":138.54},{"name":"leaf6","parent":"body","length":100.09,"rotation":152.13,"x":-22.26,"y":27.87},{"name":"leaf7","parent":"leaf6","length":41.23,"rotation":72.87,"x":102.34,"y":0.81},{"name":"leaf8","parent":"body","length":103.69,"rotation":29.58,"x":-7.68,"y":29.22},{"name":"leaf9","parent":"leaf8","length":48.83,"rotation":-55.08,"x":103.98,"y":-0.17},{"name":"body4","parent":"body3","length":51.33,"rotation":-3.35,"x":137.82,"y":0.24,"scaleX":0.166,"scaleY":0.166,"transform":"noScale"},{"name":"body2","parent":"body4","x":60.04,"y":3.57,"scaleX":0.166,"scaleY":0.166,"transform":"onlyTranslation"},{"name":"head","parent":"body2","length":240.47,"rotation":94.64,"x":-0.3,"y":4.92,"transform":"noRotationOrReflection"},{"name":"eye1","parent":"head","x":119.52,"y":-89.21},{"name":"head3","parent":"head","length":153.62,"rotation":-91.11,"x":86.35,"y":-164.99},{"name":"eyebrow","parent":"head","x":160.98,"y":-77.18},{"name":"leaf10","parent":"head","x":118.16,"y":74.56},{"name":"leaf12","parent":"leaf10","length":82.71,"rotation":151.21,"x":4.29,"y":15.32},{"name":"leaf13","parent":"leaf12","length":52.63,"rotation":-42.04,"x":82.71},{"name":"leaf14","parent":"leaf10","length":72.59,"rotation":125.99,"x":0.37,"y":47.4},{"name":"leaf15","parent":"leaf14","length":66.93,"rotation":-33.19,"x":72.59},{"name":"leaf16","parent":"leaf10","length":78.32,"rotation":14.09,"x":2.36,"y":23.74},{"name":"leaf17","parent":"leaf16","length":69.1,"rotation":74.86,"x":78.32},{"name":"leaf18","parent":"leaf10","length":72.63,"rotation":11.3,"x":38.12,"y":-23.55}],"slots":[{"name":"leaf7","bone":"leaf18","attachment":"leaf7"},{"name":"leaf9","bone":"leaf12","attachment":"leaf9"},{"name":"leaf6","bone":"leaf16","attachment":"leaf6"},{"name":"leaf8","bone":"leaf14","attachment":"leaf8"},{"name":"leaf3","bone":"leaf8","attachment":"leaf3"},{"name":"body","bone":"body3","attachment":"body"},{"name":"leaf2","bone":"leaf4","attachment":"leaf2"},{"name":"head","bone":"head3","attachment":"head"},{"name":"eye1","bone":"eye1","attachment":"eye1"},{"name":"eyebrow","bone":"eyebrow","attachment":"eyebrow"}],"skins":[{"name":"default","attachments":{"body":{"body":{"type":"mesh","hull":15,"uvs":[0.27062,0.35206,0.22388,0.2522,0.02925,0.23905,0,0.01634,0.85848,0.00001,0.96819,0.06209,0.87287,0.23752,0.76634,0.24894,0.74288,0.33992,0.76448,0.58675,1,0.89646,1,1,0.82212,0.99999,0.57542,0.89646,0.37016,0.56474,0.4041,0.2542,0.6068,0.25606],"triangles":[0,8,14,8,0,16,14,8,9,13,14,9,13,9,10,12,13,10,12,10,11,5,7,4,3,1,2,1,3,15,5,6,7,15,3,4,4,16,15,7,16,4,8,16,7,0,1,15,16,0,15],"vertices":[1,3,122.13,31.44,1,1,12,3.13,32.38,1,1,12,8.89,53.2,1,1,12,53.65,49.82,1,1,12,43.01,-44.22,1,1,12,28.89,-54.34,1,1,12,-4.44,-38.78,1,1,12,-4.99,-26.83,1,1,3,113.89,-19.98,1,1,3,64.84,-12.18,1,1,3,-1.4,-24.86,1,1,3,-21.78,-20.61,1,1,3,-17.77,-1.43,1,1,3,8.16,20.93,1,1,3,78.04,29.44,1,1,12,-0.18,12.8,1,1,12,-3.83,-9.24,1]}},"eye1":{"eye1":{"x":-2.51,"y":5.01,"rotation":-94.65,"width":89,"height":77},"eye2":{"x":-2.51,"y":5.01,"rotation":-94.65,"width":86,"height":61},"eye3":{"x":-5.62,"y":3.76,"rotation":-94.65,"width":83,"height":50}},"eyebrow":{"eyebrow":{"x":-0.47,"y":10.9,"rotation":-94.64,"width":126,"height":66}},"head":{"head":{"type":"mesh","hull":22,"uvs":[0.57503,0.11457,0.44088,0,0.06131,0.04071,0.00001,0.41481,0,0.79369,0.24564,0.99999,0.48935,0.99998,0.61217,0.88516,0.65143,0.83105,0.68953,0.78081,0.74341,0.76097,0.7918,0.80989,0.875,0.8472,0.95825,0.76678,1,0.5671,1,0.16702,0.89065,0,0.80231,0,0.74014,0.11329,0.70632,0.1576,0.65724,0.16314,0.61252,0.14283,0.59071,0.30717,0.59472,0.54389,0.72705,0.25731,0.71614,0.42349,0.74014,0.63214,0.85275,0.19062,0.81094,0.41763,0.85596,0.66157,0.91042,0.30047,0.92773,0.50062,0.60042,0.7374],"triangles":[27,17,16,27,16,15,18,17,27,24,19,18,24,18,27,30,27,15,28,24,27,28,27,30,24,20,19,25,24,28,25,22,24,14,31,30,28,30,31,14,30,15,26,25,28,23,25,26,29,28,31,26,28,29,10,26,29,9,32,26,14,29,31,13,29,14,10,9,26,11,10,29,12,29,13,11,29,12,22,0,21,22,21,20,24,22,20,23,22,25,32,23,26,8,32,9,7,32,8,23,3,1,22,1,0,23,1,22,6,23,32,6,32,7,1,3,2,6,5,23,23,5,3,4,3,5],"vertices":[1,14,176.45,-116.01,1,1,14,209.7,-61.55,1,1,14,212.58,99.93,1,1,14,121.16,133.47,1,1,14,26.43,141.17,1,1,14,-33.59,41.39,1,1,14,-41.97,-61.76,1,1,14,-17.49,-116.07,1,2,14,-5.31,-133.79,0.82582,16,-29.42,-92.25,0.17418,2,14,5.94,-150.93,0.36078,16,-12.5,-80.67,0.63922,2,14,9.05,-174.14,0.0532,16,10.64,-77.11,0.9468,2,14,-4.84,-193.63,0.00998,16,30.4,-90.62,0.99002,1,16,65.08,-102.15,1,1,16,101.61,-84.19,1,1,16,122.39,-35.29,1,1,16,128.58,64.87,1,1,16,84.82,109.55,1,2,14,197.27,-214.53,0.00025,16,47.38,111.86,0.99975,2,14,171.09,-185.91,0.01559,16,19.27,85.13,0.98441,2,14,161.17,-170.7,0.12279,16,4.26,74.92,0.87721,2,14,161.48,-149.81,0.4565,16,-16.63,74.82,0.5435,1,14,168.09,-131.3,1,1,14,127.76,-118.73,1,1,14,68.43,-115.62,1,2,14,135.53,-177.45,0.06034,16,11.5,49.41,0.93966,2,14,94.36,-169.45,0.07906,16,4.31,8.09,0.92094,2,14,41.37,-175.37,0.04836,16,11.25,-44.77,0.95164,1,16,65.81,62.82,1,1,16,44.57,7.08,1,2,14,30.03,-223.79,0.00132,16,59.88,-55.17,0.99868,1,16,88.55,33.81,1,1,16,92.79,-16.76,1,1,14,19.86,-114.1,1]}},"leaf2":{"leaf2":{"type":"mesh","hull":34,"uvs":[0.51109,0.43312,0.35949,0.26452,0.15709,0.26211,0.05609,0.39277,0.02609,0.5119,0,0.68483,0,0.83087,0.02909,0.9596,0.11109,1,0.13409,0.94807,0.10809,0.90196,0.11609,0.83087,0.16609,0.81144,0.2213,0.8463,0.27337,0.90103,0.43847,0.97789,0.63109,0.91733,0.76909,0.77514,0.80309,0.58684,0.83809,0.52727,0.87409,0.53112,0.88909,0.60029,0.87086,0.65099,0.85109,0.70597,0.88709,0.73671,0.93933,0.70736,0.98302,0.6305,0.99735,0.51702,1,0.36778,0.9756,0.19551,0.90246,0.04697,0.8096,0,0.7056,0,0.54336,0.23982,0.08763,0.60492,0.05263,0.77977,0.06363,0.90274,0.91662,0.64143,0.93462,0.49347,0.92062,0.38587,0.79315,0.23137,0.22215,0.53496,0.56034,0.68031],"triangles":[5,4,34,35,5,34,11,35,34,6,5,35,12,11,34,11,36,35,10,36,11,6,35,36,7,6,36,8,10,9,36,10,8,7,36,8,39,30,29,39,29,28,38,39,28,27,38,28,20,19,39,38,20,39,21,20,38,26,38,27,37,21,38,26,37,38,22,21,37,25,37,26,24,22,37,24,37,25,23,22,24,40,32,31,40,31,30,33,32,40,40,30,39,19,40,39,18,40,19,33,18,0,18,33,40,42,0,18,17,42,18,16,42,17,41,2,1,3,2,41,34,3,41,4,3,34,12,34,41,13,12,41,0,14,41,0,41,1,15,14,0,13,41,14,42,15,0,15,42,16],"vertices":[2,4,1.42,-44.6,0.38536,6,0.2,39.16,0.61464,2,4,57.67,-72.25,0.99135,6,-33.69,91.89,0.00865,1,4,129.97,-67.78,1,2,4,164.38,-41.05,0.88,5,-39.81,-11.82,0.12,2,4,173.58,-18.19,0.48876,5,-16.29,-19.21,0.51124,2,4,180.72,14.58,0.00197,5,16.93,-23.75,0.99803,1,5,43.84,-19.79,1,1,5,66.04,-6,1,1,5,69.21,24.13,1,1,5,58.44,30.86,1,2,4,139.38,52.3,0.00413,5,51.3,20.41,0.99587,2,4,137.42,38.9,0.09414,5,37.79,21.31,0.90586,2,4,119.82,34.08,0.68304,5,31.6,38.48,0.31696,2,4,99.66,39.21,0.96811,5,35.14,58.98,0.03189,2,4,80.38,48.12,0.99914,5,42.51,78.9,0.00086,2,4,20.46,58.39,0.99215,6,-69.32,-39.19,0.00785,2,4,-47.55,42.46,0.34815,6,-2.86,-60.68,0.65185,2,4,-95.02,12.69,0.00782,6,53.17,-59.72,0.99218,2,6,80.03,-34.1,0.95227,7,45.67,-50,0.04773,2,6,96.24,-29.96,0.71576,7,38.21,-35.02,0.28424,2,6,107.37,-36.49,0.26368,7,42.24,-22.77,0.73632,2,6,106.25,-50.4,0.03104,7,56.07,-20.93,0.96896,2,6,96.13,-55.81,0.00198,7,63.5,-29.68,0.99802,1,7,71.56,-39.17,1,1,7,80.43,-28.21,1,1,7,80,-8.74,1,1,7,70.23,10.08,1,1,7,51.15,20.51,1,1,7,24.55,28.64,1,2,6,168.26,2.48,0.27729,7,-8.7,28.53,0.72271,2,6,157.64,39.06,0.89157,7,-42.21,10.44,0.10843,1,6,132.09,62.04,1,1,6,98.99,79.06,1,2,4,-7.66,-81.3,0.01111,6,26.93,65.89,0.98889,2,4,150.44,-2.4,0.48136,5,-2.36,5.1,0.51864,1,5,31.68,-2.55,1,1,5,53.77,4.69,1,2,6,111.51,-61.72,0.00266,7,66.03,-13.4,0.99734,1,7,41.09,-0.03,1,1,7,20.44,0.33,1,1,6,107.14,26.41,1,1,4,103.29,-18.66,1,2,4,-19.29,0.14,0.75859,6,-5.19,-9.84,0.24141]}},"leaf3":{"leaf3":{"type":"mesh","hull":34,"uvs":[0.46741,0.39678,0.40164,0.2029,0.24153,0.08148,0.16769,0.07958,0.08904,0.11903,0.01279,0.2689,0,0.41534,0.00517,0.58653,0.04138,0.65871,0.05377,0.59684,0.05568,0.52053,0.07323,0.5314,0.07883,0.61184,0.09438,0.69219,0.11439,0.75398,0.18413,0.91107,0.33662,0.98945,0.47312,0.88765,0.53859,1,0.69244,1,0.84128,0.68102,0.86499,0.56345,0.8902,0.46067,0.93915,0.42239,0.96053,0.48228,0.98275,0.55658,1,0.48985,1,0.40786,0.99141,0.31101,0.95376,0.21734,0.91896,0.10909,0.83266,0.01914,0.72967,0,0.56144,0.04255,0.47505,0.64071,0.03606,0.47071,0.0661,0.36071,0.12732,0.32071,0.22552,0.46821,0.70032,0.37821,0.96737,0.40379,0.92675,0.31071,0.84126,0.27071],"triangles":[42,31,30,41,42,30,29,41,30,41,29,28,40,41,28,40,28,27,23,41,40,22,42,41,22,41,23,24,23,40,26,40,27,24,40,26,25,24,26,21,42,22,39,33,32,0,33,39,34,0,39,42,39,32,42,32,31,21,39,42,20,39,21,19,18,34,39,19,34,17,34,18,20,19,39,37,4,3,36,5,4,37,36,4,6,5,36,35,6,36,10,35,36,11,36,37,11,37,38,10,36,11,7,6,35,7,35,10,9,7,10,8,7,9,2,37,3,38,2,1,38,37,2,12,11,38,13,12,38,14,13,38,0,34,38,15,14,38,38,1,0,34,16,38,17,16,34,15,38,16],"vertices":[2,8,13.4,-33.01,0.53215,10,7.27,35.08,0.46785,2,8,39.58,-45.7,0.96788,10,3.87,63.97,0.03212,2,8,83.5,-39.09,0.99922,9,-43.68,6.25,0.00078,2,8,100.69,-30.26,0.88335,9,-30.17,-7.58,0.11665,2,8,116.66,-16.42,0.28351,9,-12.24,-18.76,0.71649,1,9,14.69,-20.05,1,1,9,29.58,-9.9,1,1,9,43.27,5.7,1,1,9,42.74,18.58,1,1,9,35.15,15.58,1,2,8,101.68,30.6,0.01183,9,28.27,9.41,0.98817,2,8,97.01,29.61,0.206,9,25.95,13.58,0.794,2,8,91.16,37.53,0.48467,9,31.8,21.5,0.51533,2,8,83.02,44.22,0.62962,9,35.79,31.25,0.37038,2,8,74.9,48.38,0.72565,9,37.37,40.24,0.27435,2,8,49.88,56.64,0.91213,9,37.9,66.58,0.08787,2,8,10.16,46.37,0.99484,9,16.38,101.51,0.00516,2,8,-15.67,18.78,0.57445,10,-20.74,-17.3,0.42555,2,8,-37.17,22.78,0.102,10,-12.55,-37.58,0.898,1,10,22.47,-57.46,1,2,10,75.4,-43.14,0.90681,11,18.87,-48.03,0.09319,2,10,87.82,-33.83,0.70735,11,18.35,-32.53,0.29265,2,10,99.7,-26.28,0.18533,11,18.96,-18.46,0.81467,2,10,113.13,-28.58,0.00416,11,28.53,-8.77,0.99584,1,11,36.7,-12.9,1,1,11,45.82,-18.51,1,1,11,46.42,-9.28,1,1,11,42.15,-0.33,1,1,11,35.08,9.28,1,1,11,21.3,15.26,1,2,10,127.24,6.99,0.05465,11,7.45,23.16,0.94535,2,10,112.96,27.6,0.62099,11,-17.63,23.26,0.37901,2,10,90.66,42.92,0.98494,11,-42.96,13.74,0.01506,2,8,11.67,-82.39,0.01275,10,49.82,60.19,0.98725,2,8,-2.16,-7.86,0.61637,10,-5.56,8.43,0.38363,1,9,27.64,1.51,1,1,9,12.68,-2.34,1,1,9,-2.08,5.58,1,2,8,65.34,4.22,0.98487,9,-7.64,36.37,0.01513,1,10,61.4,6.93,1,1,11,34.23,-3.56,1,1,11,19.78,2.03,1,2,10,99.9,0.03,0.25841,11,-2.5,-3.24,0.74159]}},"leaf6":{"leaf6":{"type":"mesh","hull":20,"uvs":[0.79801,0.08303,0.92544,0.216,1,0.41409,1,0.69901,0.89648,1,0.56342,1,0.39833,0.79398,0.30566,0.64202,0.31724,0.47378,0.27959,0.34082,0.16954,0.37067,0.13478,0.46564,0.09713,0.56604,0,0.47921,0,0.3761,0,0.28112,0.08555,0.10746,0.26511,0,0.49101,0,0.64741,0,0.08555,0.34353,0.22456,0.20514,0.48232,0.18615,0.59817,0.24313,0.70533,0.52806],"triangles":[22,17,18,21,16,17,21,17,22,19,22,18,23,22,19,15,16,21,9,21,22,20,15,21,10,20,21,9,10,21,14,15,20,11,20,10,14,20,11,13,14,11,12,13,11,23,9,22,23,19,0,23,8,9,1,24,23,1,23,0,24,1,2,8,23,24,24,2,3,24,7,8,6,7,24,5,6,24,4,5,24,3,4,24],"vertices":[2,23,86.25,-26.23,0.7131,24,-23.25,-14.51,0.2869,2,23,68.02,-34.04,0.98068,24,-35.55,1.06,0.01932,1,23,44.7,-34.32,1,1,23,14.75,-24.16,1,1,23,-13.43,-3.23,1,2,23,-2.3,29.57,0.99987,24,7.49,85.55,0.00013,2,23,24.87,38.49,0.96121,24,23.19,61.65,0.0388,2,23,43.94,42.2,0.85473,24,31.75,44.21,0.14527,2,23,61.24,35.06,0.57165,24,29.38,25.64,0.42835,2,23,76.47,34.02,0.09153,24,32.36,10.67,0.90847,2,23,77.01,45.93,0.00162,24,43.99,13.26,0.99838,1,24,48.26,23.55,1,1,24,52.87,34.43,1,1,24,62.34,24.17,1,1,24,61.63,12.75,1,1,24,60.96,2.23,1,1,24,50.87,-16.45,1,1,24,31.49,-27.18,1,2,23,105.23,1.05,0.01064,24,8.04,-25.71,0.98936,2,23,100.01,-14.35,0.22616,24,-8.19,-24.69,0.77384,1,24,52.52,9.7,1,1,24,37.13,-4.72,1,1,24,10.24,-5.14,1,1,23,76.1,-0.84,1,1,23,42.57,-1.23,1]}},"leaf7":{"leaf7":{"x":22.01,"y":10.02,"rotation":-105.95,"width":77,"height":92}},"leaf8":{"leaf8":{"type":"mesh","hull":17,"uvs":[1,0.18001,1,0.53627,0.86501,0.79861,0.73526,0.90873,0.54295,1,0.28345,1,0.13749,0.91196,0.04481,0.79213,0,0.62372,0,0.39053,0.14212,0.33547,0.14907,0.49417,0.23248,0.56542,0.28345,0.40348,0.37845,0.17353,0.59624,0,0.89513,0,0.51515,0.67554,0.27419,0.75974,0.10968,0.66258,0.72367,0.42939],"triangles":[9,10,11,8,9,11,19,8,11,19,11,12,12,13,17,18,12,17,19,12,18,7,8,19,6,19,18,7,19,6,4,5,18,6,18,5,4,18,17,20,15,16,20,16,0,14,15,20,20,0,1,17,14,20,13,14,17,2,20,1,3,17,20,2,3,20,4,17,3],"vertices":[1,21,-6.11,8.38,1,1,21,15.47,33.52,1,1,21,44.68,40.6,1,2,21,64.15,37.39,0.95279,22,-27.53,26.66,0.04721,2,21,88.64,27.55,0.44949,22,-1.65,31.84,0.55051,2,21,114.24,5.58,0.0012,22,31.8,27.47,0.9988,1,22,49.56,16.89,1,1,22,60.06,4.28,1,1,22,63.81,-12.01,1,1,22,61,-33.51,1,1,22,42.01,-36.19,1,2,21,96.86,-41.5,0.00037,22,43.03,-21.44,0.99963,2,21,92.95,-29.41,0.04081,22,33.14,-13.47,0.95919,2,21,78.11,-36.52,0.35498,22,24.61,-27.54,0.64502,2,21,54.81,-44.71,0.78794,22,9.6,-47.14,0.21206,2,21,22.82,-38.51,0.9885,22,-20.57,-59.48,0.0115,1,21,-6.67,-13.21,1,2,21,71.73,2.3,0.83522,22,-1.97,1.45,0.16478,1,22,30.1,5.16,1,1,22,50.14,-6.57,1,1,21,36.26,2.58,1]}},"leaf9":{"leaf9":{"type":"mesh","hull":20,"uvs":[0.94673,0.14258,1,0.35211,0.94409,0.68998,0.82255,0.81832,0.68516,0.93357,0.48171,1,0.27298,1,0.09068,0.94404,0,0.81047,0,0.66641,0,0.54331,0.10389,0.51712,0.09596,0.62974,0.21486,0.68213,0.36017,0.66641,0.3866,0.53022,0.40509,0.35473,0.52134,0.0902,0.67723,0,0.85161,0,0.08803,0.7607,0.30205,0.86547,0.52663,0.76332,0.6878,0.48831],"triangles":[12,10,11,9,10,12,20,9,12,20,12,13,8,9,20,21,13,14,21,14,22,20,13,21,7,20,21,8,20,7,6,7,21,5,21,22,5,22,4,6,21,5,0,23,18,0,18,19,23,0,1,17,18,23,16,17,23,15,16,23,2,23,1,22,15,23,3,22,23,14,15,22,2,3,23,4,22,3],"vertices":[1,19,-2.04,15.96,1,1,19,17.46,31.36,1,1,19,55.53,41.43,1,2,19,74.66,34.83,0.95422,20,-29.3,20.48,0.04578,2,19,93.16,25.96,0.59496,20,-9.61,26.28,0.40504,2,19,109.62,7.92,0.0305,20,14.69,23.9,0.9695,1,20,36.46,14.3,1,1,20,52.87,0.02,1,1,20,56.12,-18.21,1,1,20,49.43,-33.37,1,1,20,43.72,-46.32,1,1,20,31.67,-44.29,1,1,20,37.72,-32.81,1,2,19,88.71,-34.79,0.00881,20,27.76,-21.82,0.99119,2,19,80.28,-20.42,0.33486,20,11.87,-16.79,0.66514,2,19,64.76,-24.07,0.89819,20,2.79,-29.9,0.10181,2,19,45.48,-30.41,0.99913,20,-7.29,-47.51,0.00087,1,19,12.3,-30.76,1,1,19,-4.44,-18.78,1,1,19,-12.57,-0.64,1,1,20,44.63,-19.4,1,1,20,27.18,1.48,1,2,19,82.69,1.46,0.66453,20,-0.99,1.07,0.33547,1,19,46.31,5.29,1]}}}}],"events":{"attack":{}},"animations":{"attack":{"slots":{"eye1":{"attachment":[{"time":0.6333,"name":"eye2"},{"time":0.7,"name":"eye3"},{"time":0.7667,"name":"eye2"},{"time":0.8333,"name":"eye1"}]}},"bones":{"head":{"translate":[{"time":0.3333,"curve":0.299,"c3":0.636,"c4":0.36},{"time":0.4333,"x":6.69,"curve":0.298,"c2":0.2,"c3":0.756},{"time":0.5333,"x":12.04,"y":4.01,"curve":0.298,"c2":0.2,"c3":0.756},{"time":0.6333,"x":6.69,"curve":0.298,"c2":0.2,"c3":0.756},{"time":0.7,"x":-1.34,"y":-12.04,"curve":0.298,"c2":0.2,"c3":0.756},{"time":0.8,"x":6.69,"curve":0.298,"c2":0.2,"c3":0.756},{"time":0.9,"curve":0.298,"c2":0.2,"c3":0.756},{"time":1,"y":4.01,"curve":0.298,"c2":0.2,"c3":0.756},{"time":1.1,"y":-2.67,"curve":0.298,"c2":0.2,"c3":0.756},{"time":1.3333}],"scale":[{"time":0.3333,"curve":0.299,"c3":0.636,"c4":0.36},{"time":0.4333,"x":1.13,"y":0.905,"curve":0.298,"c2":0.2,"c3":0.756},{"time":0.5333,"x":1.285,"y":0.884,"curve":0.298,"c2":0.2,"c3":0.756},{"time":0.6333,"x":1.078,"y":1.078,"curve":0.298,"c2":0.2,"c3":0.756},{"time":0.7,"x":0.893,"y":1.074,"curve":0.298,"c2":0.2,"c3":0.756},{"time":0.8,"x":1.078,"y":0.965,"curve":0.298,"c2":0.2,"c3":0.756},{"time":0.9,"x":0.982,"y":1.06,"curve":0.298,"c2":0.2,"c3":0.756},{"time":1,"x":1.026,"curve":0.298,"c2":0.2,"c3":0.756},{"time":1.1}]},"head3":{"translate":[{"time":0.4333,"curve":0.298,"c2":0.2,"c3":0.756},{"time":0.5333,"x":9.45,"y":31.48,"curve":0.298,"c2":0.2,"c3":0.756},{"time":0.6333,"x":0.7,"y":8.66,"curve":0.298,"c2":0.2,"c3":0.756},{"time":0.7,"x":-0.28,"y":-2.87,"curve":0.298,"c2":0.2,"c3":0.756},{"time":0.8,"x":1.35,"y":17.31,"curve":0.298,"c2":0.2,"c3":0.756},{"time":0.9,"x":-2.06,"y":-25.33,"curve":0.298,"c2":0.2,"c3":0.756},{"time":1}],"scale":[{"time":0.3333,"curve":0.299,"c3":0.636,"c4":0.36},{"time":0.4333,"y":1.026,"curve":0.298,"c2":0.2,"c3":0.756},{"time":0.5333,"x":0.933,"y":1.088,"curve":0.298,"c2":0.2,"c3":0.756},{"time":0.6333,"x":0.91,"curve":0.298,"c2":0.2,"c3":0.756},{"time":0.7,"x":0.759,"y":0.886,"curve":0.298,"c2":0.2,"c3":0.756},{"time":0.8,"x":0.91,"curve":0.298,"c2":0.2,"c3":0.756},{"time":0.9,"x":0.79,"curve":0.298,"c2":0.2,"c3":0.756},{"time":1,"y":1.02,"curve":0.298,"c2":0.2,"c3":0.756},{"time":1.1,"y":0.987,"curve":0.298,"c2":0.2,"c3":0.756},{"time":1.3333}]},"leaf8":{"rotate":[{},{"time":0.6667,"angle":-19.02},{"time":1.3333}],"scale":[{},{"time":0.6667,"x":1.049,"y":0.92},{"time":1.3333}]},"leaf9":{"rotate":[{},{"time":0.3333,"angle":5.95},{"time":0.6667},{"time":1,"angle":-6.32},{"time":1.3333}]},"body3":{"rotate":[{},{"time":0.3333,"angle":-6.82},{"time":0.5,"angle":-17.35},{"time":0.6667,"angle":-27.88},{"time":1,"angle":-13.94},{"time":1.1667,"angle":-6.97},{"time":1.3333}],"scale":[{},{"time":0.3333,"x":1.08},{"time":0.5,"x":1.211},{"time":0.6667},{"time":1,"x":1.198},{"time":1.1667,"x":1.169},{"time":1.3333}],"shear":[{},{"time":0.3333,"y":6.06},{"time":0.5,"y":12.97},{"time":0.6667}]},"leaf2":{"rotate":[{},{"time":0.6667,"angle":4.37},{"time":1.3333}],"scale":[{},{"time":0.6667,"x":1.049,"y":0.939},{"time":1.3333}]},"leaf3":{"rotate":[{},{"time":0.3333,"angle":-15.84},{"time":0.6667,"angle":14.6},{"time":1,"angle":-2.63},{"time":1.3333}]},"leaf4":{"rotate":[{},{"time":0.6667,"angle":-13.28},{"time":1.3333}],"scale":[{},{"time":0.6667,"x":1.125,"y":0.92},{"time":1.3333}]},"leaf5":{"rotate":[{},{"time":0.3333,"angle":18.05},{"time":0.6667,"angle":-11.16},{"time":1,"angle":17.96},{"time":1.3333}]},"leaf6":{"rotate":[{},{"time":0.6667,"angle":6.88},{"time":1.3333}],"scale":[{},{"time":0.6667,"x":0.986,"y":0.92},{"time":1.3333}]},"leaf7":{"rotate":[{},{"time":0.3333,"angle":-10.68},{"time":0.6667},{"time":1,"angle":10.55},{"time":1.3333}]},"body4":{"rotate":[{},{"time":0.3333,"angle":0.84},{"time":0.5},{"time":0.6667,"angle":7.64},{"time":1,"angle":3.73},{"time":1.1667}],"shear":[{"time":0.3333},{"time":0.5,"y":10.96},{"time":0.6667,"y":12.54},{"time":1,"y":3.3},{"time":1.1667}]},"leaf15":{"rotate":[{},{"time":0.3,"angle":6.98},{"time":0.4,"angle":2.57},{"time":0.6,"angle":-9.12},{"time":0.7,"angle":0.3},{"time":0.8,"angle":-9.12},{"time":0.9333,"angle":-14.61},{"time":1.2,"angle":2.16},{"time":1.3333}]},"leaf17":{"rotate":[{},{"time":0.3,"angle":2.98},{"time":0.4333,"angle":-6.06},{"time":0.6,"angle":9.59},{"time":0.7,"angle":-2.75},{"time":0.8,"angle":9.59},{"time":0.9,"angle":11.02},{"time":1.2,"angle":-6.17},{"time":1.3333}]},"leaf18":{"rotate":[{},{"time":0.3,"angle":6.38},{"time":0.6,"angle":36.3},{"time":0.7,"angle":44.23},{"time":0.8,"angle":36.3},{"time":1.2,"angle":-5.98},{"time":1.3333}]},"leaf14":{"rotate":[{},{"time":0.3,"angle":-13.05},{"time":0.6,"angle":-15.97},{"time":0.7,"angle":-24.34},{"time":0.8,"angle":-15.97},{"time":1.2,"angle":3.99},{"time":1.3333}]},"leaf16":{"rotate":[{},{"time":0.3,"angle":5.3},{"time":0.6,"angle":18.3},{"time":0.7,"angle":28.45},{"time":0.8,"angle":25.06},{"time":1.2,"angle":-1.91},{"time":1.3333}]},"leaf13":{"rotate":[{},{"time":0.3,"angle":-5.85},{"time":0.4,"angle":5.63},{"time":0.6,"angle":-4.74},{"time":0.7,"angle":4.91},{"time":0.8,"angle":-4.74},{"time":1.2,"angle":6.08},{"time":1.3333}]},"leaf12":{"rotate":[{},{"time":0.3,"angle":-5.85},{"time":0.6,"angle":-12.75},{"time":0.7,"angle":-17.19},{"time":0.8,"angle":-12.75},{"time":1.2,"angle":3.77},{"time":1.3333}]},"leaf10":{"translate":[{"time":0.6},{"time":0.7,"x":0.43,"y":4.82},{"time":0.8}],"scale":[{"time":0.6},{"time":0.7,"x":0.988,"y":1.07},{"time":0.8}]},"eyebrow":{"translate":[{},{"time":0.3,"x":-5.65,"y":0.54},{"time":0.5333,"x":-13.6,"y":1.38},{"time":0.7667,"x":15.99,"y":-1.01},{"time":1.0333,"x":-3.13,"y":0.37},{"time":1.3333}]}},"deform":{"default":{"body":{"body":[{"offset":6,"vertices":[20.72787,5.78783,19.48625,-6.50475,17.70526,-7.8778]}]}}},"events":[{"time":0.6333,"name":"attack"},{"time":0.8333,"name":"attack"}]},"idle1":{"bones":{"body3":{"rotate":[{},{"time":0.4,"angle":-6.82},{"time":0.6,"angle":-17.35},{"time":0.8,"angle":-27.88},{"time":1.2,"angle":-13.94},{"time":1.4,"angle":-6.97},{"time":1.6}],"scale":[{},{"time":0.4,"x":1.08},{"time":0.6,"x":1.211},{"time":0.8},{"time":1.2,"x":1.198},{"time":1.4,"x":1.169},{"time":1.6}],"shear":[{},{"time":0.4,"y":6.06},{"time":0.6,"y":12.97},{"time":0.8}]},"leaf2":{"rotate":[{},{"time":0.8,"angle":4.37},{"time":1.6}],"scale":[{},{"time":0.8,"x":1.049,"y":0.939},{"time":1.6}]},"leaf3":{"rotate":[{},{"time":0.4,"angle":-15.84},{"time":0.8,"angle":14.6},{"time":1.2,"angle":-2.63},{"time":1.6}]},"leaf4":{"rotate":[{},{"time":0.8,"angle":-13.28},{"time":1.6}],"scale":[{},{"time":0.8,"x":1.125,"y":0.92},{"time":1.6}]},"leaf5":{"rotate":[{},{"time":0.4,"angle":18.05},{"time":0.8,"angle":-11.16},{"time":1.2,"angle":17.96},{"time":1.6}]},"leaf6":{"rotate":[{},{"time":0.8,"angle":6.88},{"time":1.6}],"scale":[{},{"time":0.8,"x":0.986,"y":0.92},{"time":1.6}]},"leaf7":{"rotate":[{},{"time":0.4,"angle":-10.68},{"time":0.8},{"time":1.2,"angle":10.55},{"time":1.6}]},"leaf8":{"rotate":[{},{"time":0.8,"angle":-19.02},{"time":1.6}],"scale":[{},{"time":0.8,"x":1.049,"y":0.92},{"time":1.6}]},"leaf9":{"rotate":[{},{"time":0.4,"angle":5.95},{"time":0.8},{"time":1.2,"angle":-6.32},{"time":1.6}]},"head":{"rotate":[{},{"time":0.2,"angle":1.93},{"time":0.4,"angle":2.66},{"time":0.6,"curve":"stepped"},{"time":0.8},{"time":1,"angle":1.93},{"time":1.2,"angle":2.66,"curve":"stepped"},{"time":1.4,"angle":2.66},{"time":1.6}],"translate":[{},{"time":0.0667,"x":1.32,"y":3.13},{"time":0.2,"x":3.95,"y":11.86},{"time":0.4,"x":1.98,"y":14.82},{"time":0.6,"y":11.86},{"time":0.8,"y":1.98},{"time":1,"x":1.48,"y":5.25},{"time":1.2,"x":4.45,"y":10.69},{"time":1.4,"x":4.45,"y":7.39},{"time":1.6}],"scale":[{},{"time":0.2,"x":1.108,"curve":"stepped"},{"time":0.4,"x":1.108},{"time":0.6,"x":1.058},{"time":0.8},{"time":1,"x":1.108},{"time":1.2,"x":1.138},{"time":1.4,"x":1.11,"y":1.005},{"time":1.6}],"shear":[{"time":1},{"time":1.2,"x":-2,"curve":"stepped"},{"time":1.4,"x":-2},{"time":1.6}]},"head3":{"rotate":[{"time":0.8},{"time":0.8667,"angle":-1.88},{"time":1}],"translate":[{},{"time":0.0667,"x":1.28,"y":-3.41},{"time":0.2,"curve":"stepped"},{"time":0.4},{"time":0.6,"x":16.83,"y":-2.44},{"time":0.8},{"time":0.8667,"x":-6.93,"y":-0.98},{"time":1}],"scale":[{},{"time":0.2,"y":1.024},{"time":0.4,"y":1.057},{"time":0.6,"curve":"stepped"},{"time":0.8},{"time":1,"y":1.024},{"time":1.2,"x":0.996,"y":1.078},{"time":1.4,"y":1.024},{"time":1.6}],"shear":[{},{"time":0.0667,"x":-7.51},{"time":0.2,"curve":"stepped"},{"time":0.4},{"time":0.6,"y":1.28},{"time":0.8},{"time":0.8667,"x":-2.83},{"time":1}]},"body4":{"rotate":[{},{"time":0.4,"angle":0.84},{"time":0.6},{"time":0.8,"angle":7.64},{"time":1.2,"angle":3.73},{"time":1.4}],"shear":[{"time":0.4},{"time":0.6,"y":10.96},{"time":0.8,"y":12.54},{"time":1.2,"y":3.3},{"time":1.4}]},"leaf12":{"rotate":[{},{"time":0.6,"angle":-12.75},{"time":0.8,"angle":-17.19},{"time":1,"angle":-12.75},{"time":1.6}]},"leaf17":{"rotate":[{},{"time":0.2667,"angle":-6.06},{"time":0.6,"angle":9.59},{"time":0.8,"angle":-2.75},{"time":1,"angle":9.59},{"time":1.2,"angle":11.02},{"time":1.6}]},"leaf14":{"rotate":[{},{"time":0.6,"angle":-15.97},{"time":0.8,"angle":-24.34},{"time":1,"angle":-15.97},{"time":1.6}]},"leaf16":{"rotate":[{},{"time":0.6,"angle":18.3},{"time":0.8,"angle":28.45},{"time":1,"angle":25.06},{"time":1.6}]},"leaf15":{"rotate":[{},{"time":0.2,"angle":2.57},{"time":0.6,"angle":-9.12},{"time":0.8,"angle":0.3},{"time":1,"angle":-9.12},{"time":1.2667,"angle":-14.61},{"time":1.6}]},"leaf18":{"rotate":[{},{"time":0.6,"angle":36.3},{"time":0.8,"angle":44.23},{"time":1,"angle":36.3},{"time":1.6}]},"leaf13":{"rotate":[{},{"time":0.2,"angle":5.63},{"time":0.6,"angle":-4.74},{"time":0.8,"angle":4.91},{"time":1,"angle":-4.74},{"time":1.6}]},"leaf10":{"translate":[{"time":0.6,"curve":0.329,"c2":0.32,"c3":0.664,"c4":0.66},{"time":0.8,"x":0.43,"y":4.82,"curve":0.336,"c2":0.34,"c3":0.67,"c4":0.68},{"time":1}],"scale":[{"time":0.6,"curve":0.379,"c2":0.6,"c3":0.724},{"time":0.8,"x":0.988,"y":1.07,"curve":0.302,"c2":0.19,"c3":0.64,"c4":0.54},{"time":1}]},"eyebrow":{"translate":[{},{"time":0.3,"x":-5.65,"y":0.54},{"time":0.5333,"x":-13.6,"y":1.38},{"time":0.7667,"x":15.99,"y":-1.01},{"time":1.0333,"x":-3.13,"y":0.37},{"time":1.3333}]}},"deform":{"default":{"body":{"body":[{"offset":6,"vertices":[20.72787,5.78783,19.48625,-6.50475,17.70526,-7.8778]}]}}}},"idle2":{"slots":{"eye1":{"attachment":[{"time":0.6667,"name":"eye2"},{"time":0.8,"name":"eye3"},{"time":0.9333,"name":"eye2"},{"time":1.0667,"name":"eye1"}]}},"bones":{"body3":{"rotate":[{},{"time":0.4,"angle":-6.82},{"time":0.6,"angle":-17.35},{"time":0.8,"angle":-27.88},{"time":1.2,"angle":-13.94},{"time":1.4,"angle":-6.97},{"time":1.6}],"scale":[{},{"time":0.4,"x":1.08},{"time":0.6,"x":1.211},{"time":0.8},{"time":1.2,"x":1.198},{"time":1.4,"x":1.169},{"time":1.6}],"shear":[{},{"time":0.4,"y":6.06},{"time":0.6,"y":12.97},{"time":0.8}]},"leaf2":{"rotate":[{},{"time":0.8,"angle":4.37},{"time":1.6}],"scale":[{},{"time":0.8,"x":1.049,"y":0.939},{"time":1.6}]},"leaf3":{"rotate":[{},{"time":0.4,"angle":-15.84},{"time":0.8,"angle":14.6},{"time":1.2,"angle":-2.63},{"time":1.6}]},"leaf4":{"rotate":[{},{"time":0.8,"angle":-13.28},{"time":1.6}],"scale":[{},{"time":0.8,"x":1.125,"y":0.92},{"time":1.6}]},"leaf5":{"rotate":[{},{"time":0.4,"angle":18.05},{"time":0.8,"angle":-11.16},{"time":1.2,"angle":17.96},{"time":1.6}]},"leaf6":{"rotate":[{},{"time":0.8,"angle":6.88},{"time":1.6}],"scale":[{},{"time":0.8,"x":0.986,"y":0.92},{"time":1.6}]},"leaf7":{"rotate":[{},{"time":0.4,"angle":-10.68},{"time":0.8},{"time":1.2,"angle":10.55},{"time":1.6}]},"leaf8":{"rotate":[{},{"time":0.8,"angle":-19.02},{"time":1.6}],"scale":[{},{"time":0.8,"x":1.049,"y":0.92},{"time":1.6}]},"leaf9":{"rotate":[{},{"time":0.4,"angle":5.95},{"time":0.8},{"time":1.2,"angle":-6.32},{"time":1.6}]},"head":{"rotate":[{},{"time":0.2,"angle":1.93},{"time":0.4,"angle":2.66},{"time":0.6,"curve":"stepped"},{"time":0.8},{"time":1,"angle":1.93},{"time":1.2,"angle":2.66,"curve":"stepped"},{"time":1.4,"angle":2.66},{"time":1.6}],"translate":[{},{"time":0.0667,"x":1.32,"y":3.13},{"time":0.2,"x":3.95,"y":11.86},{"time":0.4,"x":1.98,"y":14.82},{"time":0.6,"y":11.86},{"time":0.8,"y":1.98},{"time":1,"x":1.48,"y":5.25},{"time":1.2,"x":4.45,"y":10.69},{"time":1.4,"x":4.45,"y":7.39},{"time":1.6}],"scale":[{},{"time":0.2,"x":1.108,"curve":"stepped"},{"time":0.4,"x":1.108},{"time":0.6,"x":1.058},{"time":0.8},{"time":1,"x":1.108},{"time":1.2,"x":1.138},{"time":1.4,"x":1.11,"y":1.005},{"time":1.6}],"shear":[{"time":1},{"time":1.2,"x":-2,"curve":"stepped"},{"time":1.4,"x":-2},{"time":1.6}]},"head3":{"rotate":[{"time":0.8},{"time":0.8667,"angle":-1.88},{"time":1}],"translate":[{},{"time":0.0667,"x":1.28,"y":-3.41},{"time":0.2,"curve":"stepped"},{"time":0.4},{"time":0.6,"x":16.83,"y":-2.44},{"time":0.8},{"time":0.8667,"x":-6.93,"y":-0.98},{"time":1}],"scale":[{},{"time":0.2,"y":1.024},{"time":0.4,"y":1.057},{"time":0.6,"curve":"stepped"},{"time":0.8},{"time":1,"y":1.024},{"time":1.2,"x":0.996,"y":1.078},{"time":1.4,"y":1.024},{"time":1.6}],"shear":[{},{"time":0.0667,"x":-7.51},{"time":0.2,"curve":"stepped"},{"time":0.4},{"time":0.6,"y":1.28},{"time":0.8},{"time":0.8667,"x":-2.83},{"time":1}]},"body4":{"rotate":[{},{"time":0.4,"angle":0.84},{"time":0.6},{"time":0.8,"angle":7.64},{"time":1.2,"angle":3.73},{"time":1.4}],"shear":[{"time":0.4},{"time":0.6,"y":10.96},{"time":0.8,"y":12.54},{"time":1.2,"y":3.3},{"time":1.4}]},"leaf12":{"rotate":[{},{"time":0.6,"angle":-12.75},{"time":0.8,"angle":-17.19},{"time":1,"angle":-12.75},{"time":1.6}]},"leaf17":{"rotate":[{},{"time":0.2667,"angle":-6.06},{"time":0.6,"angle":9.59},{"time":0.8,"angle":-2.75},{"time":1,"angle":9.59},{"time":1.2,"angle":11.02},{"time":1.6}]},"leaf14":{"rotate":[{},{"time":0.6,"angle":-15.97},{"time":0.8,"angle":-24.34},{"time":1,"angle":-15.97},{"time":1.6}]},"leaf16":{"rotate":[{},{"time":0.6,"angle":18.3},{"time":0.8,"angle":28.45},{"time":1,"angle":25.06},{"time":1.6}]},"leaf15":{"rotate":[{},{"time":0.2,"angle":2.57},{"time":0.6,"angle":-9.12},{"time":0.8,"angle":0.3},{"time":1,"angle":-9.12},{"time":1.2667,"angle":-14.61},{"time":1.6}]},"leaf18":{"rotate":[{},{"time":0.6,"angle":36.3},{"time":0.8,"angle":44.23},{"time":1,"angle":36.3},{"time":1.6}]},"leaf13":{"rotate":[{},{"time":0.2,"angle":5.63},{"time":0.6,"angle":-4.74},{"time":0.8,"angle":4.91},{"time":1,"angle":-4.74},{"time":1.6}]},"leaf10":{"translate":[{"time":0.6,"curve":0.329,"c2":0.32,"c3":0.664,"c4":0.66},{"time":0.8,"x":0.43,"y":4.82,"curve":0.336,"c2":0.34,"c3":0.67,"c4":0.68},{"time":1}],"scale":[{"time":0.6,"curve":0.379,"c2":0.6,"c3":0.724},{"time":0.8,"x":0.988,"y":1.07,"curve":0.302,"c2":0.19,"c3":0.64,"c4":0.54},{"time":1}]},"eyebrow":{"translate":[{},{"time":0.3,"x":-5.65,"y":0.54},{"time":0.5333,"x":-13.6,"y":1.38},{"time":0.6667},{"time":0.7667,"x":-11.89,"y":0.98},{"time":0.8667,"x":-17.37,"y":1.67},{"time":0.9667,"x":-11.89,"y":0.98},{"time":1.0667,"curve":0.25,"c3":0.75},{"time":1.2333,"x":-3.13,"y":0.37},{"time":1.4667}]}},"deform":{"default":{"body":{"body":[{"offset":6,"vertices":[20.72787,5.78783,19.48625,-6.50475,17.70526,-7.8778]}]}}}}}},[0]]],0,0,[0],[-1],[0]],[[[2,"Repeater"],[3,"Repeater",[-7,-8,-9],[[-2,[7,-6,-5,-4,[0,-6,0],-3,1]],1,4],[8,-1,0],[-494,-293,0,0,0,0,1,1,1,1]],[5,"bodyC",5,1,[-10,-11],[0,"36zC8nS4lDF6ZJzWOrSJxF",1,0]],[4,"shoot",1,[0,"57Oq5WT45IxZVRwqBFMiSt",1,0],[52,52,0,0,0,0,1,1,1,1]],[9,2,[0,0,30],[5,80,100]],[10,2,4],[6,"08_plant",1,[-12],[0,"f3LrHf6BVHD4tHst+JCGOL",1,0],[5,88.46,84.13]],[11,"default","attack",0,"attack",6,[0]],[12,1,7]],0,[0,0,1,0,-1,8,0,1,3,0,2,5,0,3,8,0,4,1,0,-1,3,0,-2,2,0,-3,6,0,-1,4,0,-2,5,0,-1,7,0,5,1,12],[0,0,7],[-1,6,7],[1,2,3]]]]