{"paths":{"0":["Texture/PlantIcon/1001",3],"1":["Texture/PlantIcon/34",3],"2":["Texture/GuanKa/lv_img1",3],"3":["Texture/ZombieIcon/6",3],"4":["Audio/pickGold",0],"5":["Audio/plastichit2",0],"6":["Audio/PuffShroomAtk",0],"7":["Texture/GuanKa/LevelHandBook/zw023",3],"8":["Texture/GuanKa/lv_img2",3],"9":["Audio/PotatoMineGrow",0],"10":["Audio/Bungee_steal",0],"11":["Audio/pogo_zombie",0],"12":["Texture/PlantIcon/2",3],"13":["Audio/screenHurt",0],"14":["Texture/PlantIcon/6",3],"15":["Audio/Dolphin_Enter",0],"16":["Audio/GraveBuster",0],"17":["Texture/GuanKa/LevelHandBook/zw022",3],"18":["Audio/Torchwood",0],"19":["Audio/jack_surprise",0],"20":["Texture/PlantIcon/26",3],"21":["Texture/ZombieIcon/28",3],"22":["Texture/ZombieIcon/21",3],"23":["Texture/Map/background5",3],"24":["Texture/GuanKa/LevelHandBook/zw002",3],"25":["Texture/GuanKa/LevelHandBook/zw033",3],"26":["Texture/PlantIcon/9",3],"27":["Audio/Spikeweed",0],"28":["Texture/ZombieIcon/5",3],"29":["Texture/ZombieIcon/16",3],"30":["Texture/GuanKa/LevelHandBook/zw003",3],"31":["Audio/frozen_1",0],"32":["Audio/Zomboni_Enter",0],"33":["Audio/melonimpact",0],"34":["Audio/digger_arise",0],"35":["Texture/ZombieIcon/19",3],"36":["Texture/ZombieIcon/18",3],"37":["Texture/PlantIcon/39",3],"38":["Audio/zombieHurt1",0],"39":["Texture/ShopItemIcon/23",3],"40":["Texture/GuanKa/LevelHandBook/zw032",3],"41":["Texture/PlantIcon/7",3],"42":["Texture/PlantIcon/35",3],"43":["Audio/CabbagePult",0],"44":["Audio/pickCoin",0],"45":["Audio/ChomperAtk",0],"46":["Texture/ZombieIcon/20",3],"47":["Audio/SeaShroomAtk",0],"48":["Audio/eatmind",0],"49":["Audio/PeashooterAtk",0],"50":["Audio/gravebusterchomp",0],"51":["Audio/pause",0],"52":["Texture/GuanKa/LevelHandBook/zw014",3],"53":["Audio/groan5",0],"54":["Texture/ShopItemIcon/26",3],"55":["Texture/GuanKa/LevelHandBook/zw009",3],"56":["Audio/TangleKelp",0],"57":["Texture/GuanKa/LevelHandBook/zw010",3],"58":["Texture/GuanKa/LevelHandBook/zw029",3],"59":["Texture/PlantIcon/21",3],"60":["Texture/ShopItemIcon/32",3],"61":["Texture/Map/pre_bg_2",3],"62":["Audio/gargantuar_thump",0],"63":["Audio/groan3",0],"64":["Audio/polevault",0],"65":["Audio/groan6",0],"66":["Audio/BeltBgm",0],"67":["Audio/bangjar",0],"68":["Texture/GuanKa/LevelHandBook/zw017",3],"69":["Audio/bowlingHit",0],"70":["Audio/loadingbgm",0],"71":["Texture/ZombieIcon/17",3],"72":["Audio/loadingbar_zombie",0],"73":["Audio/pickDiamond",0],"74":["Texture/PlantIcon/16",3],"75":["Audio/SnowPeaAtk",0],"76":["Audio/StarFruit",0],"77":["Texture/PlantIcon/11",3],"78":["Audio/thunder",0],"79":["Audio/fightbeforebgm",0],"80":["Audio/awooga",0],"81":["Texture/GuanKa/LevelHandBook/zw038",3],"82":["Texture/Map/pre_bg_1",3],"83":["Texture/Map/background0",3],"84":["Texture/GuanKa/LevelHandBook/zw035",3],"85":["Audio/winmusic",0],"86":["Texture/ShopItemIcon/25",3],"87":["Audio/zombie_falling_2",0],"88":["Texture/ShopItemIcon/31",3],"89":["Texture/ZombieIcon/15",3],"90":["Audio/firepeaHit",0],"91":["Texture/ZombieIcon/25",3],"92":["Audio/CleanCar",0],"93":["Texture/ShopItemIcon/28",3],"94":["Audio/groan4",0],"95":["Texture/ShopItemIcon/33",3],"96":["Audio/finalwave",0],"97":["Texture/PlantIcon/27",3],"98":["Texture/GuanKa/lv_img6",3],"99":["Texture/GuanKa/LevelHandBook/zw012",3],"100":["Texture/ZombieIcon/24",3],"101":["Audio/MagnetShroom",0],"102":["Audio/FootballHurt",0],"103":["Texture/ShopItemIcon/27",3],"104":["Audio/chomp_plant2",0],"105":["Texture/ShopItemIcon/20",3],"106":["Texture/GuanKa/LevelHandBook/zw020",3],"107":["Texture/GuanKa/lv_img3",3],"108":["Texture/PlantIcon/23",3],"109":["Texture/ShopItemIcon/4",3],"110":["Audio/chomp_plant3",0],"111":["Texture/ShopItemIcon/30",3],"112":["Texture/Map/indoor_1",3],"113":["Texture/PlantIcon/8",3],"114":["Texture/GuanKa/LevelHandBook/zw040",3],"115":["Audio/plantplant",0],"116":["Texture/ZombieIcon/8",3],"117":["Audio/clickShovel",0],"118":["Texture/GuanKa/LevelHandBook/zw031",3],"119":["Audio/shieldhit1",0],"120":["Audio/bangzombie",0],"121":["Texture/GuanKa/LevelHandBook/zw019",3],"122":["Texture/ZombieIcon/4",3],"123":["Audio/CatapultAtk",0],"124":["Texture/ZombieIcon/2",3],"125":["Texture/ShopItemIcon/1000",3],"126":["Texture/PlantIcon/4",3],"127":["Texture/ShopItemIcon/19",3],"128":["Texture/GuanKa/LevelHandBook/zw011",3],"129":["Audio/Moongrains",0],"130":["Audio/plantern_enter",0],"131":["Texture/ZombieIcon/3",3],"132":["Audio/zombie_falling_1",0],"133":["Audio/groan1",0],"134":["Texture/GuanKa/lv_img10",3],"135":["Texture/ShopItemIcon/1",3],"136":["Texture/PlantIcon/13",3],"137":["Audio/zombieHurt2",0],"138":["Texture/GuanKa/LevelHandBook/zw005",3],"139":["Texture/ShopItemIcon/29",3],"140":["Audio/GargantuarEnter",0],"141":["Texture/GuanKa/lv_img4",3],"142":["Audio/PotatoMineBoom",0],"143":["Audio/tombzombie",0],"144":["Audio/losemusic",0],"145":["Texture/ShopItemIcon/8",3],"146":["Audio/ladderHurt",0],"147":["Audio/shovelPlant",0],"148":["Texture/PlantIcon/36",3],"149":["Texture/PlantIcon/1",3],"150":["Audio/SunShroom",0],"151":["Texture/PlantIcon/37",3],"152":["Audio/loadingbar_flower",0],"153":["Texture/GuanKa/lv_img5",3],"154":["Texture/Map/pre_bg_3",3],"155":["Texture/ShopItemIcon/21",3],"156":["Audio/FumeShroomAtk",0],"157":["Audio/cherrybomb",0],"158":["Texture/Map/background2",3],"159":["Texture/GuanKa/LevelHandBook/zw028",3],"160":["Texture/GuanKa/LevelHandBook/zw039",3],"161":["Texture/PlantIcon/38",3],"162":["Texture/GuanKa/LevelHandBook/zw008",3],"163":["Texture/Map/background3",3],"164":["Texture/ShopItemIcon/9",3],"165":["Texture/ZombieIcon/9",3],"166":["Texture/GuanKa/LevelHandBook/zw024",3],"167":["Texture/PlantIcon/18",3],"168":["Texture/ZombieIcon/22",3],"169":["Texture/ZombieIcon/7",3],"170":["Texture/GuanKa/LevelHandBook/zw036",3],"171":["Audio/chomp_plant1",0],"172":["Texture/ZombieIcon/23",3],"173":["Texture/PlantIcon/31",3],"174":["Texture/Map/background1",3],"175":["Texture/PlantIcon/28",3],"176":["Audio/Cactus",0],"177":["Texture/GuanKa/LevelHandBook/zw027",3],"178":["Texture/PlantIcon/14",3],"179":["Audio/GrazetheRoof",0],"180":["Audio/readygo",0],"181":["Texture/Map/indoor_4",3],"182":["Audio/CactusAtk",0],"183":["Audio/kernelpult",0],"184":["Texture/ZombieIcon/29",3],"185":["Texture/GuanKa/LevelHandBook/zw001",3],"186":["Audio/shieldhit2",0],"187":["Texture/PlantIcon/32",3],"188":["Texture/PlantIcon/24",3],"189":["Audio/ball_fall",0],"190":["Audio/BowlingBgm",0],"191":["Audio/newspaper_angel",0],"192":["Audio/newspaper_fall",0],"193":["Audio/dolphin_before_jumping",0],"194":["Audio/frozen_2",0],"195":["Texture/PlantIcon/17",3],"196":["Audio/groan2",0],"197":["Audio/Blover",0],"198":["Texture/PlantIcon/29",3],"199":["Audio/IceShroomBoom",0],"200":["Audio/throwBowling",0],"201":["Audio/grassstep",0],"202":["Audio/Marigold",0],"203":["Audio/zomboniDeath",0],"204":["Audio/ScaredyShroomAtk",0],"205":["Texture/Map/background4",3],"206":["Texture/GuanKa/LevelHandBook/zw018",3],"207":["Audio/PuzzleBgm",0],"208":["Audio/mindcontrolled",0],"209":["Texture/GuanKa/lv_img7",3],"210":["Texture/GuanKa/LevelHandBook/zw016",3],"211":["Audio/zombie_entering_water",0],"212":["Audio/getSun",0],"213":["Texture/PlantIcon/30",3],"214":["Texture/PlantIcon/22",3],"215":["Texture/ZombieIcon/11",3],"216":["Texture/ZombieIcon/26",3],"217":["Audio/pickSilver",0],"218":["Texture/GuanKa/LevelHandBook/zw026",3],"219":["Texture/GuanKa/LevelHandBook/zw006",3],"220":["Audio/doomshroom",0],"221":["Texture/Map/pre_bg_4",3],"222":["Texture/GuanKa/LevelHandBook/zw007",3],"223":["Texture/PlantIcon/10",3],"224":["Texture/PlantIcon/25",3],"225":["Texture/GuanKa/LevelHandBook/zw030",3],"226":["Texture/GuanKa/LevelHandBook/zw025",3],"227":["Audio/tombCreate",0],"228":["Texture/PlantIcon/19",3],"229":["Texture/Map/background6",3],"230":["Texture/GuanKa/LevelHandBook/zw013",3],"231":["Texture/PlantIcon/5",3],"232":["Texture/PlantIcon/15",3],"233":["Texture/ZombieIcon/14",3],"234":["Audio/SquashStart",0],"235":["Texture/GuanKa/LevelHandBook/zw037",3],"236":["Texture/PlantIcon/33",3],"237":["Texture/PlantIcon/12",3],"238":["Texture/ZombieIcon/10",3],"239":["Audio/plastichit1",0],"240":["Texture/GuanKa/lv_img8",3],"241":["Audio/JalapenoReady",0],"242":["Texture/ZombieIcon/1",3],"243":["Texture/ShopItemIcon/6",3],"244":["Audio/JalapenoBoom",0],"245":["Audio/Garlic",0],"246":["Audio/Grasswalk",0],"247":["Texture/GuanKa/LevelHandBook/zw015",3],"248":["Texture/GuanKa/LevelHandBook/zw041",3],"249":["Audio/selectPlant",0],"250":["Texture/PlantIcon/3",3],"251":["Audio/ball_enter",0],"252":["Audio/Bungee_fall",0],"253":["Audio/WateryGraves",0],"254":["Audio/RigorMormist",0],"255":["Audio/jack_enter",0],"256":["Audio/hugewave",0],"257":["Texture/Map/indoor_2",3],"258":["Texture/PlantIcon/40",3],"259":["Texture/GuanKa/lv_img9",3],"260":["Texture/GuanKa/LevelHandBook/zw021",3],"261":["Texture/ShopItemIcon/22",3],"262":["Audio/digger_zombie",0],"263":["Audio/dancer",0],"264":["Audio/CoffeeBean",0],"265":["Texture/GuanKa/LevelHandBook/zw034",3],"266":["Texture/ShopItemIcon/24",3],"267":["Texture/Map/indoor_3",3],"268":["Texture/GuanKa/LevelHandBook/zw004",3],"269":["Audio/ZombieCloseFall",0],"270":["Texture/PlantIcon/20",3],"272":["Texture/PlantIcon/30",2,1],"273":["Prefab/Effect/ShovelEffect",1],"274":["Texture/Map/pre_bg_4",2,1],"279":["Texture/Map/indoor_2",2,1],"285":["Prefab/Zombie/BucketHeadZombie",1],"288":["Texture/ZombieIcon/23",2,1],"289":["Prefab/Effect/GroveEffect",1],"292":["Prefab/Plant/IceShroom",1],"293":["Texture/GuanKa/LevelHandBook/zw018",2,1],"294":["Texture/ShopItemIcon/23",2,1],"296":["Texture/Map/indoor_3",2,1],"297":["Texture/ZombieIcon/1",2,1],"298":["Prefab/Plant/CherryBomb",1],"299":["Prefab/Sun",1],"300":["Prefab/Plant/Jalapeno",1],"303":["Texture/ZombieIcon/17",2,1],"305":["Prefab/Zombie/Zomboni",1],"306":["Prefab/View/GameFailView",1],"307":["Texture/PlantIcon/34",2,1],"309":["Prefab/Zombie/DiggerZombie",1],"310":["Texture/GuanKa/lv_img3",2,1],"312":["Prefab/Effect/JackBoomEffect",1],"313":["Texture/GuanKa/lv_img2",2,1],"317":["Texture/GuanKa/LevelHandBook/zw036",2,1],"318":["Prefab/Plant/Cactus",1],"319":["Prefab/Effect/AshesEffect/DiggerAshesEffect",1],"320":["Texture/ShopItemIcon/24",2,1],"321":["Prefab/Zombie/Gargantuar",1],"322":["Texture/PlantIcon/3",2,1],"324":["Texture/GuanKa/LevelHandBook/zw032",2,1],"326":["Prefab/Effect/HitEffect/ShroomHitEffect",1],"327":["Texture/PlantIcon/33",2,1],"329":["Texture/PlantIcon/6",2,1],"332":["Prefab/Effect/HammerEffect",1],"333":["Texture/GuanKa/LevelHandBook/zw006",2,1],"334":["Texture/ZombieIcon/26",2,1],"335":["Texture/PlantIcon/16",2,1],"343":["Texture/GuanKa/LevelHandBook/zw024",2,1],"345":["Prefab/Plant/SplitPea",1],"346":["Prefab/Effect/AshesEffect/NormalAshesEffect",1],"347":["Texture/GuanKa/LevelHandBook/zw016",2,1],"348":["Prefab/Plant/CabbagePult",1],"349":["Prefab/Plant/DoomShroom",1],"350":["Prefab/Zombie/SnorkelZombie",1],"354":["Prefab/Zombie/FootballZombie",1],"359":["Prefab/Zombie/BungeeZombie",1],"361":["Texture/PlantIcon/12",2,1],"364":["Prefab/Effect/IceBoomEffect",1],"367":["Texture/GuanKa/lv_img10",2,1],"368":["Prefab/Zombie/PolevaultingZombie",1],"370":["Texture/PlantIcon/5",2,1],"372":["Texture/GuanKa/LevelHandBook/zw025",2,1],"373":["Texture/PlantIcon/17",2,1],"374":["Texture/Map/background1",2,1],"377":["Prefab/Zombie/BackupDancerZombie",1],"378":["Prefab/Zombie/JackZombie",1],"380":["Texture/GuanKa/lv_img6",2,1],"383":["Texture/PlantIcon/35",2,1],"391":["Prefab/Effect/AshesEffect/GargantuarAshesEffect",1],"392":["Prefab/Effect/AshesEffect/ImpAshesEffect",1],"394":["Prefab/View/BuyConfirmView",1],"395":["Prefab/View/OptionView",1],"396":["Texture/GuanKa/LevelHandBook/zw017",2,1],"397":["Prefab/Plant/ThreePeater",1],"398":["Texture/ShopItemIcon/20",2,1],"404":["Prefab/Effect/WaterFlowerEffect",1],"405":["Prefab/Plant/CoffeeBean",1],"408":["Texture/GuanKa/LevelHandBook/zw033",2,1],"414":["Texture/GuanKa/LevelHandBook/zw019",2,1],"415":["Texture/GuanKa/LevelHandBook/zw009",2,1],"418":["Prefab/View/PlantHandbookView",1],"421":["Prefab/Zombie/DuckyTubeBucketZombie",1],"423":["Texture/GuanKa/LevelHandBook/zw012",2,1],"424":["Texture/ShopItemIcon/33",2,1],"425":["Prefab/Effect/AshesEffect/CatapultAshesEffect",1],"426":["Texture/ShopItemIcon/21",2,1],"427":["Texture/ZombieIcon/22",2,1],"429":["Texture/Map/pre_bg_1",2,1],"435":["Texture/Map/pre_bg_2",2,1],"437":["Prefab/Effect/BackPumpkin",1],"439":["Texture/PlantIcon/19",2,1],"442":["Prefab/Effect/PlantWaterEffect",1],"444":["Texture/PlantIcon/37",2,1],"452":["Texture/ZombieIcon/15",2,1],"453":["Prefab/View/PartSelectView",1],"456":["Texture/ShopItemIcon/31",2,1],"458":["Prefab/Zombie/NormalZombie",1],"460":["Prefab/Effect/FrozenEffect",1],"461":["Texture/GuanKa/LevelHandBook/zw001",2,1],"466":["Prefab/Plant/BoomNutBowling",1],"467":["Prefab/Effect/NutHurtEffect",1],"468":["Texture/GuanKa/lv_img9",2,1],"470":["Prefab/View/MenuView",1],"472":["Prefab/View/ShopView",1],"473":["Prefab/Plant/Blover",1],"474":["Texture/PlantIcon/1001",2,1],"476":["Texture/GuanKa/LevelHandBook/zw039",2,1],"481":["Prefab/Plant/Peashooter",1],"484":["Texture/GuanKa/LevelHandBook/zw038",2,1],"490":["Prefab/Effect/DoomBoomEffect",1],"491":["Texture/ZombieIcon/11",2,1],"492":["Texture/GuanKa/LevelHandBook/zw004",2,1],"493":["Texture/PlantIcon/8",2,1],"496":["Prefab/Effect/FogEffect",1],"498":["Texture/GuanKa/lv_img7",2,1],"502":["Prefab/Zombie/ScreenDoorZombie",1],"503":["Texture/ShopItemIcon/32",2,1],"505":["Prefab/Effect/HitEffect/StarHitEffect",1],"508":["Prefab/Zombie/DuckyTubeConeZombie",1],"509":["Texture/PlantIcon/1",2,1],"512":["Texture/GuanKa/LevelHandBook/zw015",2,1],"513":["Texture/GuanKa/LevelHandBook/zw002",2,1],"515":["Texture/ShopItemIcon/27",2,1],"516":["Texture/GuanKa/LevelHandBook/zw023",2,1],"517":["Texture/ShopItemIcon/9",2,1],"518":["Texture/ShopItemIcon/26",2,1],"519":["Prefab/View/AssessView",1],"521":["Texture/PlantIcon/28",2,1],"522":["Prefab/Effect/IceGround",1],"523":["Prefab/Plant/UmbrellaLeaf",1],"529":["Texture/PlantIcon/7",2,1],"530":["Prefab/Plant/Plantern",1],"532":["Prefab/Effect/Tomb",1],"533":["Prefab/Plant/Torchwood",1],"534":["Prefab/Effect/DropCoin",1],"535":["Prefab/View/ZombieHandbookView",1],"536":["Prefab/Plant/PotatoMine",1],"537":["Prefab/View/GameWinView",1],"538":["Texture/ZombieIcon/4",2,1],"541":["Texture/GuanKa/LevelHandBook/zw007",2,1],"547":["Texture/PlantIcon/36",2,1],"554":["Prefab/Effect/NutBoomEffect",1],"557":["Texture/GuanKa/LevelHandBook/zw011",2,1],"561":["Texture/PlantIcon/9",2,1],"562":["Prefab/Plant/Sunflower",1],"564":["Prefab/Zombie/NewspaperZombie",1],"572":["Prefab/Plant/SunShroom",1],"573":["Texture/ZombieIcon/7",2,1],"577":["Prefab/Zombie/PogoZombie",1],"579":["Prefab/Effect/HitEffect/ButterEffect",1],"583":["Texture/ShopItemIcon/29",2,1],"584":["Texture/GuanKa/LevelHandBook/zw014",2,1],"585":["Prefab/Zombie/DuckyTubeZombie",1],"589":["Texture/ZombieIcon/14",2,1],"590":["Texture/GuanKa/LevelHandBook/zw029",2,1],"593":["Texture/GuanKa/LevelHandBook/zw013",2,1],"594":["Texture/ZombieIcon/29",2,1],"595":["Texture/ZombieIcon/28",2,1],"596":["Prefab/Effect/ZombieClotherFallEffect",1],"597":["Texture/ZombieIcon/3",2,1],"599":["Texture/PlantIcon/40",2,1],"601":["Prefab/Effect/PlantEffect",1],"602":["Texture/GuanKa/LevelHandBook/zw031",2,1],"603":["Prefab/Zombie/DolphinRiderZombie",1],"604":["Prefab/View/NewPlantView",1],"605":["Texture/GuanKa/LevelHandBook/zw022",2,1],"606":["Texture/Map/indoor_4",2,1],"607":["Texture/ShopItemIcon/22",2,1],"611":["Texture/PlantIcon/26",2,1],"613":["Texture/PlantIcon/21",2,1],"614":["Texture/Map/pre_bg_3",2,1],"619":["Prefab/Plant/PuffShroom",1],"621":["Prefab/Effect/FumeShroomEffect",1],"623":["Texture/PlantIcon/11",2,1],"624":["Prefab/Plant/MagnetShroom",1],"631":["Prefab/Zombie/DancingZombie",1],"633":["Texture/Map/background2",2,1],"634":["Texture/GuanKa/lv_img8",2,1],"635":["Prefab/Effect/CherryBoomEffect",1],"637":["Texture/GuanKa/LevelHandBook/zw010",2,1],"640":["Texture/GuanKa/LevelHandBook/zw020",2,1],"642":["Prefab/Plant/SeaShroom",1],"643":["Prefab/Plant/MelonPult",1],"644":["Prefab/Effect/AshesEffect/ZomboniAshesEffect",1],"645":["Texture/PlantIcon/38",2,1],"652":["Prefab/Plant/FumeShroom",1],"653":["Prefab/Effect/DoomHoleEffect",1],"655":["Prefab/Effect/Shadow",1],"656":["Prefab/View/PlantBeltView",1],"657":["Prefab/Zombie/BalloonZombie",1],"658":["Texture/ShopItemIcon/25",2,1],"659":["Texture/GuanKa/LevelHandBook/zw037",2,1],"663":["Texture/ZombieIcon/5",2,1],"666":["Prefab/Plant/StarFruit",1],"669":["Prefab/View/PlantSelectView",1],"670":["Prefab/Zombie/CatapultZombie",1],"671":["Texture/Map/background6",2,1],"673":["Texture/PlantIcon/32",2,1],"676":["Prefab/View/GuideDialogView",1],"677":["Texture/PlantIcon/14",2,1],"678":["Prefab/Plant/WallNut",1],"679":["Prefab/Effect/DirtEffect",1],"684":["Prefab/Plant/LilyPad",1],"685":["Texture/PlantIcon/15",2,1],"686":["Prefab/Zombie/Imp",1],"688":["Texture/GuanKa/LevelHandBook/zw021",2,1],"693":["Prefab/Plant/ScaredyShroom",1],"695":["Prefab/Zombie/LadderZombie",1],"696":["Texture/ShopItemIcon/19",2,1],"700":["Texture/PlantIcon/22",2,1],"704":["Prefab/Effect/AbsorbIronEquip",1],"705":["Prefab/Effect/HitEffect/SnowPeaHitEffect",1],"706":["Prefab/Effect/ShowGrassEffect",1],"707":["Texture/PlantIcon/10",2,1],"710":["Texture/GuanKa/LevelHandBook/zw003",2,1],"711":["Texture/PlantIcon/31",2,1],"717":["Texture/PlantIcon/18",2,1],"718":["Texture/ZombieIcon/21",2,1],"719":["Texture/Map/background3",2,1],"721":["Prefab/Plant/WallNutBowling",1],"724":["Prefab/Zombie/ConeHeadZombie",1],"725":["Prefab/Effect/RainEffect",1],"726":["Prefab/Effect/HitEffect/PeaHitEffect",1],"728":["Texture/Map/indoor_1",2,1],"729":["Texture/ZombieIcon/16",2,1],"731":["Texture/Map/background4",2,1],"733":["Prefab/Effect/DropCard",1],"736":["Prefab/View/WarningView",1],"738":["Texture/GuanKa/LevelHandBook/zw040",2,1],"740":["Texture/PlantIcon/29",2,1],"742":["Prefab/Effect/PlanternEffect",1],"744":["Texture/ZombieIcon/9",2,1],"745":["Prefab/Plant/SnowPea",1],"746":["Texture/GuanKa/lv_img1",2,1],"747":["Texture/PlantIcon/2",2,1],"751":["Prefab/Effect/DropPlantCard",1],"753":["Texture/GuanKa/lv_img5",2,1],"757":["Texture/PlantIcon/39",2,1],"764":["Texture/ShopItemIcon/8",2,1],"769":["Prefab/Effect/RoofPreEffect",1],"770":["Prefab/Plant/KernelPult",1],"771":["Texture/Map/background0",2,1],"775":["Texture/ZombieIcon/18",2,1],"777":["Texture/GuanKa/LevelHandBook/zw030",2,1],"780":["Texture/GuanKa/LevelHandBook/zw027",2,1],"781":["Texture/ZombieIcon/24",2,1],"784":["Texture/ZombieIcon/19",2,1],"785":["Prefab/Plant/Repeater",1],"786":["Prefab/Plant/Pumpkin",1],"789":["Texture/ZombieIcon/25",2,1],"790":["Texture/ZombieIcon/20",2,1],"792":["Prefab/View/CGPaperView",1],"795":["Texture/GuanKa/LevelHandBook/zw026",2,1],"796":["Texture/ShopItemIcon/28",2,1],"797":["Prefab/Plant/Squash",1],"800":["Prefab/Zombie/ZombieBobsledTeam",1],"801":["Prefab/Zombie/ZombieBobsled",1],"802":["Texture/GuanKa/LevelHandBook/zw034",2,1],"808":["Texture/GuanKa/LevelHandBook/zw008",2,1],"811":["Prefab/CleanerCar",1],"812":["Prefab/Plant/FlowerPot",1],"813":["Prefab/Plant/TallNut",1],"815":["Prefab/Effect/HypnoEffect",1],"816":["Texture/ZombieIcon/10",2,1],"817":["Prefab/Jar",1],"819":["Texture/PlantIcon/25",2,1],"822":["Texture/PlantIcon/23",2,1],"823":["Prefab/Effect/RainNightEffect",1],"827":["Texture/PlantIcon/20",2,1],"830":["Texture/ZombieIcon/2",2,1],"832":["Prefab/Effect/TangleKelpEffect",1],"833":["Prefab/Plant/GraveBuster",1],"835":["Texture/PlantIcon/27",2,1],"836":["Texture/ShopItemIcon/1000",2,1],"840":["Prefab/Effect/WaterLightEffect",1],"841":["Prefab/Effect/WordEffect",1],"842":["Texture/GuanKa/LevelHandBook/zw035",2,1],"848":["Texture/GuanKa/LevelHandBook/zw005",2,1],"850":["Texture/GuanKa/LevelHandBook/zw041",2,1],"854":["Prefab/View/HandbookView",1],"857":["Texture/ShopItemIcon/30",2,1],"858":["Prefab/Plant/Chomper",1],"859":["Texture/ShopItemIcon/1",2,1],"860":["Prefab/Plant/Marigold",1],"862":["Prefab/Plant/TangleKelp",1],"864":["Prefab/Plant/HypnoShroom",1],"866":["Prefab/Effect/BoomFireEffect",1],"867":["Prefab/Effect/SquashEffect",1],"869":["Texture/GuanKa/lv_img4",2,1],"871":["Texture/ShopItemIcon/6",2,1],"877":["Prefab/Effect/BungeeTarget",1],"880":["Texture/PlantIcon/13",2,1],"881":["Prefab/Plant/Garlic",1],"885":["Prefab/Plant/Spikeweed",1],"886":["Prefab/Zombie/FlagZombie",1],"888":["Texture/PlantIcon/24",2,1],"889":["Texture/Map/background5",2,1],"891":["Prefab/View/HomeView",1],"893":["Texture/PlantIcon/4",2,1],"895":["Prefab/View/NewZombieView",1],"896":["Texture/ZombieIcon/6",2,1],"902":["Texture/ZombieIcon/8",2,1],"903":["Texture/GuanKa/LevelHandBook/zw028",2,1],"904":["Texture/ShopItemIcon/4",2,1]},"types":["cc.AudioClip","cc.Prefab","cc.SpriteFrame","cc.Texture2D"],"uuids":["00Dl0aXlFAdJuiVBMKXhEI","00RjUiTH9EsYnkR6IW30Gz","00lbx9dWNGiqCNc8LDlcaI","03470FsWZKnpstl66YlTwF","05Wsrpa4dKKKRlrhE4esFJ","058sttgwlPZLtFuJRTdhK4","07ydoBGfFOcLzuz4yDxz8D","09B890X61HpIUMPC3hltJm","09KMXayvNBcKvG1WsizkGl","09eRI3W1BJNryHdLqXHncE","0bbBj2pZVKPKNcvZa5BiB2","0cCTVNYo5CBLjl5g6raIMK","0ePCZuvJVJkoZVXRNzWYp0","0emBgbdUhAYIz3/JCbrSuk","10cHYbgwpI9p4LMc4FGuI4","10kSiFS/xGHIhmPGDjsMEd","100Z0U2ulCS5tYNi6c2rN/","11Nd/ZP/VPZ4cGXz/jTapQ","11lvC2sKxDCruF/6H2XkHl","12qoRRobNAYI0mk/1OffV8","15VxYNpaJF0KdgRFR4gj1V","15flHdKydKsKSoJkk6Hidn","16GjsNMAZFxJRy2BvkYYwj","16ySoprBFFFb70zcdsivkP","163uIYZqxPMYJ+7MMSa/HA","17Un2FWy1Ei7RCt3/clolg","17/us2/8dKlqf3NKtSaHlf","18SPtDE5hKVZo9y6efPFUz","19yl7VmGNAzKsMCi+f2kQC","193AF0wDJMfYVBA5AqajWR","1dCEF8aUJAEIy0Z3O8K68M","1d8nEKgkRILLZUSq8xu/Lp","1eJLPw/zxLKJz7gd82EkXj","1eSktMqqNFxqQh4PW1yePy","1fKRkdYtZME69gwbOttZg4","21zGuVoTlDJa1LNVl58+wl","22LnlYsh5LD7JI+YUFIbfq","24q4Cc7v5ATKoV9pR4kbg5","25fVwDGRtGQriOwVmGIl+9","2538YTF0dKbbopJICUDGKg","26ycz3EqJFoaykQE+IW0Uv","27eXQw2vlBFJpwi0nM88Lp","28HeDFF8JEn7Rbx8wzSil9","2aKAcIwGRFHK+/shEKVkmA","2cfXM/3LhKfZjQTaHE3zk6","2dSdKXOulCn5g3Xf45jMwZ","2fANmDgiZHwJDstfsiQkft","2fgXSbmZFKnpMlZOOOFz6D","30c637KdBDKrCJ1m4RZxjc","303wMEg7RAhql980aAt1k7","3076GlKRhBdobw9P0bvzXT","32YKi67JRC3Jr6/PQ08z6J","32bRS5LzhNB5bpuJGXsERR","326FLUJCFBe508zrFQsYgx","34F3Y/5xtC5bu3zw5valJO","34g518q/xBcKIss9iVgyCZ","34jYbXqYpM354cBw64+Ckp","36otN7GntPY5LuWh6ps2Kw","37v7Em8y5Ew6iM8SrlwN/N","38wyE8ybFGYJjZhqX9t/PR","39Mn1CTyhKe63Xj3KPHzR/","3b3DhcNwpFhK8C+RglrG7O","3b6pBA8QdNYblyHS33ovj5","3cFNYwmCNDF6SocFs3GD6o","3eOqpZqRdHaY6U2iSKFmBs","3edTe/opZAFayaGXADx9H9","3edrp0R/JK74GQd/3l1nFn","3fEzGlQ0NKI42KvHO+mSzT","3foHLrqCBA/5qmuUbbECCT","401SKRb2hD45ZMhdTpk3uW","41JrfWdStEf7cEUYrDD+oL","42dhPK3fdGnKvOdJqLkFfY","43n46naCVNO6UKXWLQurV8","45ocNqFxpBYpAZ8foSixFr","45zlH3AtxE6J45jcW7eOQh","451g41IR1PuIZQDPBReWR/","462d8u+l1KvZUIywADjD3D","49JViFTdBBqa6eadEGzSfH","49Zwv47LNKPolygml0Hdsv","4as4Rj4fNH2aafmzUbx8wD","4a6US/EVRDAZQ5ZYjpQ7Vl","4b1uK8eshEEpqGE+9POtCf","4cNl1O7nlCorLw+bsscJpx","4crNTUKr5K17/V9qdQe6B+","4dEb5+uy9AHY5u4kTY3aWR","4ddoi3nixD0JJDyKQOaLn2","4eVE5e3Y5NlZM7fvWFZRSE","4fqD2tCcdPpZ/02c6OogCR","50fCPhjptCLqPScbrS2bG4","51hov/j3pAHJ9QkDmkuLLx","52JByAiXdFepTZYnHZQyKy","52a9yZ2iNAErij/63GhssM","53OY2aeTtGa7zwCDUvqX/y","56uhjSNi1ObpEiVNZlrVLM","57cnKKgFNF16pEPwMZz0Kd","59eGoESzVPEotdYDlPCvZr","5a46/8uxZCqoLqsBFt+vJT","5cmNdpqGBGS7NlkwT95cEc","5c9Yvs4LNK0rNkFV7c/oDf","5em7er0U5IJ4SWkZzIuyrr","60TMKArSJGdLPxu7emvXAn","61vVyG0NZElIu+5Ddqnlz1","62HnEiR+9ERqs1bQB2//r4","62XFbh45NFDLT95moPxv7d","627pDyWcpAnYLi9JvocqwU","64NsjXVWtHFqpAm6UFkUF6","64QBsiuYBFtrv9hbssoriQ","64YQVnLPZLCa+j6tkxQiOi","64/wNEs+lF0qeFAcZamVkD","65iN34PS5PMa7MwlapAEGV","655llMyWJBTL4CosTrjD8S","685cyazxJFm4DSDKke+Ggx","69D3GarJZDwoSnJpvgmkn0","6axOIjJ0FKqblmw6lO7ROv","6bNj/rZxNDjqq7S8ZY8XET","6bRS+91UtN8J1Qy9C/e4x+","6dOIjich9MLo8lCjLviSrM","6dh3pI0rNJmLwhRCuOId9X","6dqBi0Rx5B/KpOBYA5V9Uv","6eX4y1F19CMpuRHUHzpz/C","6eoZVBAR9EqriM479rJcN7","6fazYpE2xK86XAwLZ4QLYR","71i4ycUE9Kc7FnKwz8z5t6","7219L8moNCXrFQeJEwrJ3V","72+xxJqMVMd5OLiiHhTARu","78MVTNfllHZJEqNySreWhP","7anr1JKZtOt5TBQeGtq7xC","7bThUbHPVPD79FyYY629/w","7b5hzP13JHJZche7JioM7v","7chEak4iVDX5TYqJVbOMu1","7dlHD7k3BI/LltGHkhavOv","7dtxzt+TxI376OCXW7yPMV","7eW+61ygdI67a7yl755f9H","7fe9tOZ2lCXqaYbNmxoxWb","82V0dXmTVFpL7DsFsP+JVG","82nUY/uhpHpJiB65sDbF3g","829y2fZhpNQ43rqhB5K9rz","833Ze1F25NI4qWnqOqpo7T","84vdY90s1PdoOsK9AFAzb/","861NObQYlPDJzHWPBghTdd","88Hrh2HtpGkKtMmUOrixvP","89DpB16aRLA7R1H7tIlk1h","8aFR/T7OBLn6iutZtTPNo8","8acOo5cIJFb5h+yxnfmbgl","8a+zzxx69My4wYro8LwDlS","8a/DyX03FMC5c+E0OrCmuD","8dXJME+OdC3aZ0/T8wcq0F","8eEE76PYFN5Jm+g22/nWdD","8fTCxWteJC+ZQYJaXnjpX3","90dQTKXdVE+Jj4y/bCDkTs","91B0rTaeRABoHZS6XqSITE","91hPCFLZ5AlaKQrY+gN95c","91hsPQEwpIKYHfEXceLKDX","93KMhmzH5NVJxr3+Onl2Mm","93wp7gHnVKo7l2bHQF1gFb","93+rg5DN9BI4OP3IE3RloX","94DNlt+x5DOIeF84eMNTsL","957Bm6TZJH2r/GKZlXIfDW","96fGAZ7iFInZw27ElZw/xc","97aDeUZHNL7a1I+PO4X1vl","97iSvJD25Pmq6yvbiUiFMZ","97jY0JvZVGTb6FDNpzKJXF","98G6JS1G5C4o8AvYbDQqnO","98kE69XZpP7Y5Hz0/n/0/5","988n3oznJHZpZ/XPqTyvUD","9axW1PYZ5AMIyftMrrlZI0","9dqGVUb4JDZr8Zg/CbEWuB","9fM1uSkgZIwZycMQCi2daB","a0vl1bt5NPhJneChPNUuYW","a002QdW/JNSJ0cSCo5zkJr","a323NLWtpG17H9Jm3PYwkL","a4AxWUUFhKSK2TRvTV2geR","a46MbYr31EobqkJ4hsAAh7","a7TnjhXdBLkJOoWrTyLbKC","a7y5EpcY9Ora3eis73RThR","a8R0PdSLtB2bRjone/yhyl","a9Nw2G7yBOqrJq0pBPRn4K","a9k0AdMzFGpqOH+mXipk4l","aaht33CvFCZpNtFxO/rvGv","ac7/dzEBFGCq1WZsax8I+v","aeoTTQtctHyb/oFo3nLgIf","b1wFrL0ABPpZnqO0zMcATz","b2XrKM9AtFDJDazAva1T9C","b2epGjxnxCvaPygIJ7zrLf","b2nPRbHPtKFLyESBTsVZ/T","b35Xoi9alKy7WUa1W1HUZY","b4Kon+MTVGZqDQzBjIEEwb","b4cwvjrQBOarmfBC1UscIz","b6OCt3jIdCJLo2Ezk0xBd/","b6nOUhN3lOoLAIGq4zl7y1","b6xPD9B81Dnag6NpGrEjYu","b7Hoxn7+tLf6wIZWzZdrcq","b8Eya4t/9CGKLQfcWvpO6L","b99ytJxU5DkZ/pWmaMNwpg","bbakcX6RxHhaY0p6bOyddh","bcFTOnY+JGLqAWlKgY5zNc","bdBKEy/olPYbsIPEPsRBWk","bdqK4QdyBALqrrJb2TMu+k","bd7rGHoCZK8Ky75QK9E1Wj","beB5Ax7OVH+ZSfyrP3dHop","beTuG5LI1E+KkhJrQOGRYj","bfbNooDlpCY7s4hQ254jPF","c0j4j0gPlKn4wYKTlKcJZW","c1QNkwPX5MSaCfsXI/t50m","c4Lac9vhJCDI12fU/BvtT0","c53i8fI/FN0oxEV6lsi6mS","c8xKfLLM5K+KwxrGkbw8M3","ccqJENlP9JwoW9WKhENSoV","cc3d9ddtdEy5tcOhnEu2Bc","d09hdL1bxJDZrk+JNgIzeu","d1TuX35AdDt6fRbiUZ2kHk","d1u5iuk/RGoJWDBXRxipmp","d1+NEMTwRP942wAGsbEJYz","d28YwvwkBJZ7L8Lo86Gt+K","d4bLDt1zlEKpGfWNe2hCi2","d5CyWpZVJObZw9evbzQ7WO","d60bNAO0RAfaSh2c4OLtti","d7fWYkYdlLa4d7ucD8ELTI","d7liTrXz9L8bRDl46RnDjv","d85IqZqQFPs5Ms/LCXlKLk","d9L4B+LLhCjYlO0ljG/b6f","d9o7cvD4RGo7hWeWj43X+O","d92xntxjxE/5XqjgnqzUuL","dagT3o9Q9I1LNmGq/23jwJ","dbBz0h6yZE6rkdJt24jZU3","dbFYUcPVZMFKySYW3yeYvW","dcF3uHpRZILpzC4Nu8OLxM","dcHgMVUc9JFoAdelg2Jt6X","dfIOS7b7ZJGYkGR3ebKojc","dfhEFyoWpCz40HrD5WldeF","e0DiFOVWRBWIUu+jYGO1Yv","e02AiLvaJGzq6dxRnh6iTy","e1CiHxs2lJZ6vzWnz8hoYL","e1SLIUjptCwL9xUY1ucBF4","e1oJqiwV9Kw52vCft8NpSw","e28+G183VMt7jz1gH0OhmM","e32cF3pQZBP4FOvJaD9QMK","e4JIMVDuxCDIro9K/TjUy1","e4cS2x/utJP45lL0wJIhKL","e5JsBs5pxGhqt3oQhBbMnM","e5L5ZF7eNOd4pDWUyhxLri","e6Ull6bYBNAofMmMqxnGQT","e6eMrDAVNFDZmCqhRskYfq","e6mtti119BXan95MpUTxSW","e7HaqxD4hB1bj4VMG4cCEr","e8UXB4jfFN/oP1eFjTyofU","e9M6KvW81BsJkfbR+DjDoc","e9iiz6EqpGPIr461CVmbPr","eab+nWUwdCPZAMa9iR3rkh","eayOYQZwBD7LI1oWlOIeu/","ebQUb8+39OGbPM9ef0ljWp","eb5Fg7nG9FmqG9XzPvGtir","ec7WzyQRlFHaQa6iZyMXSZ","edViqIQ6NHZLZvR/pvLIFk","f1TG2VN5hMiaLX6N4hiuwD","f3I9C2FvBMvr6h0ZevoYZ7","f3fBF9O1RFY6nyUQ7DuSX4","f5ZCxrvTpF4JKC9yjmSa9T","f5aXHsNThKrqlX9J12eSfF","f7rKA3B+lAxprI3esI6fgo","f7rqimKVJP6qIq5yAokbYs","f8uWIABnpIKIj9GIdKHWra","f8wlt074RD3qmVIfFNh+a0","f9AigtFE5N5qHVO+fRcBX1","f9s3Mglx5NLaws/3mNOWEU","fbj9xz5PlJiYnt04QEiuW6","fcaO5kyRxAlrAXC55n4I9M","fc42fIR4RMuLR4VtvsPKr6","feZK9zOYVFbItGzEOmmHBi","ff8Y0Q2HZBBa7Sd86gI+eU","ff8wBbyOxLJJ0xDlP5Pty8","00o3k8g8RGpIco483xFpSH","01M/5DFTtNgrm4MCtu+nm6","0125/lwslDPaFhNJNV+vWi","02jQrpSihJ7oVL+XAVGzit","02kAcpb5tKmrOSH9eaTq3/","020PnRB2xBII34mJQN46pP","038lxm8v9J07T8BsOupNJ5","04Pp5R0hNIjYM+BlfXK4W2","04XkN5qI1Hy6kzklVuewE3","05UpZoCmJOMKiBgA90jkoC","05WIzOPHxIgYVHU499VpgB","05cYwRV0ZEyafVzcFoVVYj","05fEwVRq5FmZHNFkeYd9gx","05gMDT67ZMQ42QIXPDWr2s","06RWt0+kBO4LbED4FsbkPD","06YUHxZ6pIwZUKNIfYVJb8","06hOoI1yNBTbOjg6Ug6gEf","06ksHpqORAFadPF0wVGrjF","06pLVU8/VHBqLrMa9rz4v5","06rrWA8sJJw4HzdzAgID1+","060oevlT1OW6hu/1L8+E08","07LG0lkptMl5xaG+ahkLdf","07gmhzZ9BKP430nYm4FV8G","07q/hgr25FcIPWoXC5ei8R","074f/3gwxDD7ToAJJGAtEL","08ApwDSxFI+bsaBCZBdzdC","08EiJPUetFfYVzMJz2memy","08UaTGnFBDa6yIe/A5GOB3","08Zr8RmYFJ3K6OKt9SCuW+","08y3I5VF1JfYMQsALhZsdz","081dpVMmBJ15gaVYjei10M","084yNFbCpEk55Gpqak0TlG","09vEmfGOtIDYX3GJBmBmsS","093Gh2hdZIQpRjN0sLIH2H","093xGPxKpC5quSxAiy6ibv","0ac8OAF/FJmZugNbBhAbZ/","0aupE+uO5N3JOpH7Od8NWS","0avYky6IxEBKWw5AcII/El","0bRAlUq4tIG4e21mFtjohO","0btcCBwYNBxp0oZA8O6PED","0bu7keygNAqqFECsVFADM1","0bwYYr+S1KyKv62vThh06R","0ch3xcXF1A1r1bNwKP9Cyv","0cjqMPuo5Bj5YEPuVYRpCi","0eaF9f5plN6ZTslodGtMCf","0e2Ph1rBpMjbuWka9+1h13","0fGsF3lENL4LZe3r/xJV+L","0fjoyTCg1AiqX7RtBmV3SE","0fwkjYJ8hHcbklYbJQHED+","10JTfmHodO2pmr9FCYY2ee","10nQQWVAROdL34heSq7kVc","11JlEDjNtGtoNCtxmBYne6","11UsZmTOVAVaXjz0HonGfZ","11hrH4F1lDN6GfKp/p+6CM","11qNPc05ZDiLt4YpPC6ISV","12UrlDESZKH57G0JxQIuDA","12k32Koz1MsYoffEg02CoG","12urBxAcBGOIEWhk2XNxF9","1205XFBhBBI5E6xeKKgubx","14CeGuVoZIUJr5WPKQD0zW","14eD59iftEcJM1+g+PYCfl","14lfLkDOJKk7ASAXeODw9p","14o8vicLFNKLgVYXmkV/7Z","15aToo38NKD6MExP4ThD0m","15oO1i+cRJnrMIgayiSlA3","15qQpac7dBxbU7k2vHZAH7","16XK+yP2hMRIS//QN4xqJy","16hTJUbtZDnYV/IBpUeAGm","17SD4YQNNOeag/XiEgxk+m","174sAG+JFJp7yAnwDUpQzh","18GlCZZqtIOp58UvUUWPOd","18W8NxpjxGgLFqrCuzI4Rq","18qfvrV/pJAr/RYHYNdm/7","19DJDlaMhNoInDK+n2BEqm","196mYqhSJB97xsMyOQUGdV","1a5tvdYYxJxoU5mH5eRZIU","1a6o2jYNVJc7cWE+W7Gpzc","1bhckas0lHwKBVtBfYD6bN","1bl6WxtAJA3qoHgj00beFd","1bpVnvRExPnoCgnTKq4jIA","1cIzNMp4pF1aTd4ii9DZ0e","1cTt7g/EpHPqXOE6bzUwKs","1cXtpYVM9CR412Vqc3WJMK","1cl2fEOLJOaKCzCWfvHamZ","1cmWZi0dNMo6lRADaIuK3h","1c2bpTWrpAGpEcm2IoLWY6","1c78rxhXFNgaKKh8nfxz+h","1c9BJNdwBEsKpGFavHNg3W","1de7HfczBG44Wu55Vqqbgb","1eV1jvstNKqKR8PqzG77yn","1fty5pQYhJuIHv4Hg44Io2","1fyzyTZXFMrqjAPFW8iv60","1f0hPcVZVDFb6wfLWz2Ncs","1f0yMIrRpHdIy1FDrqCOsm","1f/WJh8ThPhpHfjlNYPCrS","20Q01+DR9K5IiQ3iZFl0Vb","20t0YlXeZKiqN5n/hDjJ9s","21Lq7hqcJNqalMQ82QqWHb","21cSOQk79DYqC+yGg3fuD1","21hgA4NSFGhKlwibUByyi8","21x9/4mG9EaZAD5Bl2JpPi","21/X0HpKFPULbXdav4i71B","22MO+XHJJKy4BfQJp+yfuv","22Q9oD1SpLrrlNFIhJJdjE","22u6lamT5EOoBOOxk/japv","23AWvJZ4FOloOD66TvFV89","233h4v4P1KvoZ1WkTy8Mpx","24NPUeUexNRL9VEkiQdRo8","24tLOzX71LyLNWUiYgslBh","2494GRlpRK66ve9u5Tz7A7","24+oRMhlFL34LGTvUKw4Rp","251sT2a3VIdYP1lUrmX6Rt","26GmBiuBlDeIa6IPKWOb4e","26UtyyP1pBrZ7ENmwzeld6","27Ey1iiHhH+LjQQcf7pjLx","27Fu0H1lZJ759hggec0CN0","27Wm6TCOVIeoWU9brpVIkp","27dNWDVldJHowDELJlQ4EA","2702Ql/8dPJ4wdIP7GDZSl","279Z3QCUhIPoP1jyYzhI0s","28BwU9gDFMwbZdnoXTcTy1","28Pakr/39IBYj7lHh3AtQP","28XZQZvD9GNrSIgA3vtAxe","2872CmIwFNBY/8+nru+7m7","295XF9u6VFqaX2EKOol7oQ","2aEn195N9HxYspY4V0Mn0A","2aGrlmyRdPkIuvy8P1/8at","2bPt3EtWVKZoodlak8TX1q","2bSLYKbSRDvYWDyvzvfq1M","2bWKkOt+ZAQ6IGz8fMFp+H","2bYmNh/0lPzrsC5qevBwYw","2dh2BKKddIYYFU1Gsbr2pb","2dt9J28+JF65ivriN819vs","2dvbw/EpFAt7K84j/Nk6SA","2d54LqmdtKQrZQqPCjVI08","2eUMVplPlJ3LrbFsoiNG5N","2fb1CtCG5MQZgvZXbAPue4","2fc+xjLf1Mro5Nld98flfZ","2fegYoqP5Fa7GJetU/1HLJ","2f6DvuapRMw41YkctBuhQ9","30KgUx5IZHU5x7udA0+MZ6","30WQ7x2DZCOaYtJJMxuQY0","31R2WTJxZCiL6LV3kmBSOt","31v8E+/IhCxKyOSA+1XDbt","32HkB5DIBJjYDlKoMPCDSB","32VLu002JKerKYKLEiIZZ7","321we0tQFBLKY/IF3lt9NA","33NlyeUUNM3Isj84vIkeCq","33Pg+tYN5Lhbh2m5yj8r71","33V8GbOghNaosHjLo5TvUn","337/mJVoNDkp2aYR5qOxFm","34ioHDvIRFsJ8xgEqY3tTj","34yKRAkMZIfomiXaWPn4gg","345iIknsVJwKSLmELvARV+","34+gSrFuBCBYe6bakrYbP8","35d3RFYthGJ7hL05wxAgFB","359p9ujUtI/I1AsG/e9WtR","36TCKf6ANHpI4JPF8SK+4a","36ZWh3cGVHVYvZgV7Jt49o","37bMIxD8pA1Ip6B1XYb5xB","37kHDfmgVExo94HEpJKRrD","38tzzcJRxJ6oYBib8zUuL4","38ukXTyvJFebDVzNqEDwaw","38vD7r0TpLxqYx3oqycjEj","39LK+NbtNAqbbVeURTaUD9","39WnSYsDZHK4CD20DkTIZY","39mPecLjJGVplR2KFB7K3v","39qhdqRFVCg4BfzpYdt9do","3aYGke4RFM+rc3FdEz7Mij","3ayOVu4EtBIrIfg7SbKcJ/","3a62HoPJFCHJSt+iZfgs5N","3bTEN5YpxM4pm/nqXPQI5K","3buTGUPa9PjrPLPSfOYImr","3cCPU16T9EXafqSvTkp24s","3cY7JkPAhGOr5nRjRWdihD","3chtreKS9OvaRne66njVeK","3eJDu/CStCIJciPJDDRxnS","3foxMbxhBIE415X8njdiAj","3f8EszpZpI/rrVam/mpIBV","40Nc+BDX5KCKCJRxQQY6NC","40VA1Smv9CI4ZUTs8SdJHP","40Zk4FNwpGE79FvUYF0AEK","40eZ1HxXROdYb4Vz6E1v8k","411nc7U+ZFjoNzq75i572h","4128ynKvNOnbcNdIcbbdrK","41929KsFdAdqStloHYX24Q","42Ac4WX9pM8ZiMPqDPTXiQ","42AqzHjmlMsruHyAEb4jqH","42wwGiOh1I1YEW/+yTCyRR","43YTrULFBGkrz5qUP55ktb","43bIthZH5HnKEDXY0yNDFM","44eMg2QEdD5LtGlsG16Hih","45C7wd5EVP8b7jzDrqfp4e","45RIUMiDpM7bd8KNG6qr2A","45kUurb8tEer7gukbEp3ix","46oLA9v7NKgJKsLKM5VoL2","466JlG+fhPuJxZCtF/9f4F","47aMEHgWBGIKtCYqLu+f4V","48ZMX3e7RJMaEfGDnlDx86","49CyXwcQVL87DYQRB51Y0s","49ZOjyyHdITL5CZu9Deguc","49c0awlWNBc6Y+dKXYqYDK","49ghGMjApCc7MOm/0rGpmj","4avUhLSQdL0oAV64awA1lq","4a3oodILtFU5P4UD2bQ5L6","4bC/aorJtCmYZaBS0RNaaK","4bE+axObZDEqHDOQ0i1xxW","4bGT2sPRRJeLG7TigsenWC","4bNTDUZYtLnbL0YvOrK35+","4b7/m4JVRJ2ImVfCkde1yi","4cLPqP7qFKlb1NdhHLLIFY","4ckYCUgrdD2oTz4q9KnzsX","4cny5bmVlGFZ/xlAykhPK7","4dkQXKuPJFr46j3g+OBYCg","4eR3uWIwBKu7b/uNlGNyiq","4eSJWQyPdKo5o15RHXdtDE","4fLmMxyelOj6N4ccv5bPJg","4ffbBgVYBKn7aNLVi0ySru","4fuuwCK+hPM5rZblTN+Akr","50FXm/w8xA2JJk3aZgyail","50I5FVYthAhKexzHqeMYKR","50iNJqCh5NMaHe/owZrD9j","51ixpai3lN4rMQ0nU8o36C","51mY4G475Mor3k3z/7LmL5","52a0b4Fn9BGo4Mj+uWnr9x","525fDGO6lCkqHnUT8o8mG3","53CRDKq8tD3KydMm94xWid","53ExduTSBKCqA9Wg7geEv4","53dhcnmGVEq6V5dT3/pU/h","53d6PmlupCpZDlWG/60lQS","53u2NJ5X1N2qx5YI6WwdKA","54UPPVBO9NIJgz17YBWzJn","54iYk7RdJJXanxLDkXz/Sl","55Cob1/jRAhKxrRXE/huVL","55cqGlYvZLhJWE0B2983Um","55kIzPSMFJqLmMvIiJaM2n","55oZ8xH3dEL42BVRu4HAqT","563GMAWXFJBqWfJuGfX+dC","58l5hn7aBEiJIqgOcD4Qm3","588iM9BuBM6rbK7sCgjqBL","59bT8itbJIfZvwR0zTPRp1","5bGQtkVx5EiblhtPE0IL/z","5blVz/GrJDDr++2t0zRyWz","5bpnCOMz9BDr0FGS7GLvZB","5b1qJdhdRD95CcMtWBzskI","5cKaeRpHVEYJGSWuAWnxnr","5cScb9jlJMFZeb8+Q3Okje","5coBunMNBEcbrTKW1K6juS","5dQE77lMtO+JNUL3fFrS5n","5dVahOKi1JwqBW1kiYF5Hp","5d49GAJNBJUKOy9//+X9XW","5d/4Ma7qhMpqz4L9YewWEv","5ecw4B1UJB4IrKFpV5nsMo","5e+cKryCRBrpopkoTfHQJY","61INcJJOtKvZgc8kDt3rJ0","61pJ+SdhtIq5WSCD1g5G/Z","610VPwuNtD57LtdTtM8fk6","62zkezVfNCB4ltKt45rBjd","622S+65n5CXqZu3AtzOSt7","624M4+xIVN9bPjU8PON0ND","63kt7+d8xAOoUp0QGLbHky","64AIgYY4BASoXxvnjXmDXY","64HU6xRMNCSrDvBYaxMO1c","64coZUT3tNT7X9AaOURGOi","64c7OyG25PZ5LtjpGysDU5","64e+RkqUdL9KH+lpGIDrYx","64p/c6iBJKhKjA1GpdyVLC","649QH5paREHJJbP8/lSyLT","65JShnsdhJUJPWJxChdPeF","65b3dnrXZBL4qL5GLqu/tm","657cbeOd5EzbbT3bkEuj/Q","66dAr56atDupJLx/OCnXGz","66kT8yYWVJa5uS7N5IcNUz","67ubQlgW9DMJduE/2Ke2Sq","673l1zr25BpYE1lGTHEMVK","674uXgfftA3Y7fZ+hnymoO","68EcST+UFJiojURrg+nrYY","682+qfN+lAgI8zFUpstBig","69rcGg2ypCm4/77sL4gryJ","6aBPAqBexIiJctd2jt92v/","6atWn5YzxAObI8pQDb42qy","6avWvFtxNFvKBTf+i9SCKH","6bHOaKoxVOE4DN9kC5w8Xm","6buMNpKOROpZz2oyCpCl5E","6b/RNCm/JJfZg/JuY5wkEC","6cz747x0RJOJUsvjj9TE6h","6dSlIE6ZlFsbbQmRvBZs/A","6dVUIIngRPUa6H8SIUjOKJ","6eguEQ1K1PLLycc2bdJxPT","6fBZ90iylLMJk6smd/Bxlp","6fFi0OYPdASooV+MKecRX6","6ftFKMcAdBSo7RXqzE/Wsa","6f8g02ZSRM77eoW6JT+u+9","70LWw30qFOJqybeZwdxqwB","70jpyByAhBQYGHo+r4gp9/","70lS4Lui9DxplmG1X/84Gx","7037spmD9HJ7VuglXlk5B2","706LR/J01J8Yg5lN8tyNh5","708mB27VhLXY4M4nhHZFRI","709GmFyypFB6rGcu4dPy2N","70+GUkoKlJWYCyq8+VN1yF","71Mj/tiz1En6S7KtmHO3vN","71OLXwz29Dua5Rgl9y6ffO","71rshl6BNKiqfZH/hvK2aY","713gKYRY5DwqNEDj7JQusm","72ez4KXElMCJ1iSWKSbfuG","74Cfm64phEy5KR0VSZoNqs","74JoDpFVVOQ7L8mzmtWAYz","74MICq/9ZEnKqzCZCQP7d7","74WEiK0kFNN5RWXAMfo+wv","74j50eeX1MlpG77cAQ+mYV","75jzip5w5CVIBycLLAkRik","76BzfF/0hG0YkwDZpckmVX","76NOSJnLZNYq9SGpnKuhHQ","76N4nRDzxKCpbSrjd4i9rY","76QoxN8DFGMJoaQCq3RD02","76iTR9dmFOOo4vIojKA1WT","76rRlxVn1GoJx8HWB5XaaM","77cMpTeOZCmpMKXszItVE4","78fuoyZ0xBQIK05F6L9F9s","78iCv6Gu5CLJxOaqHKBQ6C","784hPgYK1HSK6G0dNbDv0+","79WrSXLntAv7M76aHZZp7r","79bpn8MCtMJpZRV17TeJuz","793a3FG19AfY4ju6mLCCvR","7abtsvABVJU7eVvvKRzE1S","7bgO4fkE1MdJpX64r3dj/0","7bnOU7PBpP4qAEJVy0bs+T","7bzE2MpitHUqhztH+GC3QX","7b3WY3+jpDEo1oKayDscgW","7cHj8dDrpCE5OAIXGLsly9","7cONfnxbhG8Kc7P4Atalva","7cSlN9/ZFHXYbOSxikRKRE","7cVIHI82hF5p3B4BinF+8k","7cWXYO4ZxJtK4VP9GB5n5H","7csedMyqNCXK2zRELMQvuT","7c1bx9f/JG478BwSLJbRom","7c85xIa0JL/aaxZX3f7R49","7c+p0NDu5Ocb+JApoNoZKe","7dJIgBQ9JJZrXoKwon8LXq","7dUkiC5WdAjYYFbilXLT6i","7eWwmD6lxFx7jIxuf01Pkx","7emnGTQixOLb8x3SawvqAN","7fDT/z6AxP35/9Kvko3phj","80TO+O/FNDy7F1P5e/rY8G","81b7FjBRpJvaOZq2o2CDT2","82pg/IJv1DH6boAcBVw9BK","83NpvzG19IUZ4CSMxIouF5","83g11S6GREaK/DaN6+LF6c","83mwu+yppGurhqKFMXrddq","839jbPdsBC0aOIJDnd6okC","84uxkh9QFBoLct+bEdNEw/","84u1owq2NLmpVM1ZKxdEY/","85CcEeZh9Bi5Pi8kRVFVqn","85nyPXJk9M9bTH8Ui7GvpG","86cN7AhEhDzoX29HSWHAi5","87dY3ysYVHEIZKr7DUTawl","87s1vYo3tODZx3EDD7ek5O","89Kz8WxYNHJaqvhX1wBJcl","89XPp5+ltKNoblU/ISNhip","89rIMwYOFCEYYuUv6jino6","8a4DHZ69lCgpsbPXyuu0zP","8bOkM5UblASZIRjE0lAgvG","8bhpLFPM1EdZQH1+KOpia7","8bvPd04IBKYYhYiLinWpab","8cIQv0YO9LWbkJ7dDBRS4/","8cj93fRkdItajqFjJmM4Yg","8cosxEsvFHJp33SgwbL1LU","8c0hyRNq5NO5zCavB+r4KT","8c/JhBMfZBBYIdneyjzI1A","8dgGZP28RNsb8Qm/ktEE89","8d26t9kOFGsrRZzWi4CvzK","8eKwEt8dFHj4i/4cCmY5kO","8eXJB60w9ASqyTxzphEZVa","8empIONcBD0ripN7vqParG","8fO9OVhIVKfLqmsGyW+znC","8faJGaWvdEaLjH/tGyE0Ex","90E0w8LEVDRredi9aLnuQd","90T9hyHPZNjr4KBEFOeZ9p","91hawFYnpPZ7de0MVVjF78","91rfQM/YFFPJpIL6cQ/EwD","92LQ5Iu25O+7y47yjeRH37","92Y/5zFz1GTLSonglned7e","92+G6cJVFBS5y/qKP0WjtO","934lnhmSlJq5FIUVZ0sD0n","94BaPHy79P7LpkrMeM+gvw","94FlmE2glAJIs1DwKn4hWt","95kVF1wpRLsJOWwwjccv83","96QzRvE7pEeInas6FvDjK2","96f4gvbNNJ0JOHakos0y/V","98fvHTycBEabPF+ooIKA+e","98iuufsr5EwL5ZrjIPokZF","98xqe/0vVHA7Pe0p6tj7P/","99B8LMt/9NJr+O5S4b82Z+","99VJMx88hJvoidzuefMoVG","99VbmAYnJJRJa2ek/npxS/","99gJ+7OVZJVpkySBKA03Tu","99gmtSP0lC+7QJA9tO7Jf/","9aHq3EZNRKf5gbPTwGQFGm","9ag16bsABNubPzGxjvroUm","9akLvkTepOYIPbBOMkFyy/","9aqoPMpKtOqIAhoM9SqW0M","9bmUbk0t5Lmqxaxf4EJPkb","9b+r0SE9dLaKoED9WEe1lR","9cCRW0HWJHDKe/4WLE+vPK","9cWkro2HpEbYpTZk8MWwH2","9dt1cm5iFIqajPu0WpmvUj","9d/fxGHVhMwbTMHfnTaqSN","9fzMW+L3tMl4bT3bl7F75c","a0XJFJDG9CSJz/xtlD01/g","a1nOs0gulPbZLDy3SMDWhW","a1yjtJqP9BFqcW3yE44Xwo","a1ynHt+tZNA6O4lzrSHo7Z","a18j7ape9FZo+k/9kPE8Aw","a2MFKQBjRC2onMn8U6P4w2","a2huq7GZ1MIr80PLg++CbZ","a2q02PPytOVZXi76g1WpaV","a3f8np4mhOHKgxb/JRvRhn","a4ei00wGlC0qF6+EKg3rEr","a45mGsGv5Ie7oCVuKCO1Us","a5EmVzciRPTqeJpDAGPZfA","a5QnOXDGpIKIz7yL1aIAc3","a5VgTHuZtP5YizPqYoBQYc","a5gPeS9e1IeaCy4XCJzzyh","a6WpzS+m9HkrHZoP8rRAlU","a6tIvSHQRGeZ6gceIS6Mbt","a7hGK2UDNIloGAyyFg22OG","a7jB5TW1tEaoJ8ow35xV9Y","a7rRy8PhJPMJiLGazpLjMj","a7vcV5Sq5KpYZ2lCVvTn92","a8IA3lvBtI+5HUoIYVMQxJ","a8Yt0/VYRAXJ25hEELhKy0","a8mR8a9/pIR7yf09w037rx","a81Evo+olHnoLn9wMMWyhC","a810sfB2lFhI1tTdw5tDKe","a88uhuvV1OTIqaCUftdgUI","a9WLXXyPlCia32l4Qso1yQ","aaEqC8lk1OV4YOAmdnlIHD","abl/v/cuhKuqQMFmR4NFgN","acrYXpYn9LTLNUTg6agaQG","acyHPBLkxJFYKxDeBf3coW","ac7MqV38RPdY7vlRknTMcU","ac7fXhgdFNN73UmT8OQ3Tf","adugtByBJNoZhwuypzs8jg","aeAmdijRVDe58RejiZ/wEK","aeAyThuetJG4yV5nbHYMGz","aeSKP2Vh9BAr702NkRZbor","afirf+LYJFpb/NWd4z12bb","af0AD/Y4JBk4PeZPVrN4Ts","b0Fxx5UJ1M/6VkFLlzm0z3","b0HcOtyGND0YFOhjbZVHZY","b0OpiQhhZJHKFvpuiTFoXi","b0j/bYlNxJ7Y5BeOfLRPOa","b1ULP9KvpMsqOVCAYQ+ujJ","b1vkCYiZ5HNY5ocKvGns4D","b2JKPyu4hGf6Y5xiOM7ZXy","b2axfc3iRCzrgn2l3YPS0i","b2saThAKtHjKID7m26S3ba","b2+uvpYbVEM5gC4PZOSY7m","b3Y49mY6BJ470Y9y34ITRK","b3uJVW7TxDr74Q7ULnzrkA","b38n2CTa9J35zfubLv8gmR","b3+1OhOu5OVrrbVs0ASYQr","b4HZdEmcBGpaHgPzqaEDzw","b4bWhW701M477+f9YZe1p5","b4ecVEQblJloVNpRMSahxG","b4r3ZMdMFA/ZqwEYmJ6Gfc","b4z1OSObhIGZbJ9ZyUmZ/7","b5cjd2GShP+Ym5nzGkhtGX","b7E+C3QPFE8qM+LUPXH89+","b8kkGDQkJLUrAfsefcLoRs","b9fUVMYYRLvrIuxn3eEVKW","b9mlV9rbBC55KYlAvXc0g+","b9+Wf6srpB0Kp1I101XE2z","bakBCxJndOArKsUZvVbZMU","bctxz3QRxNk7sBEmC8dbQz","bdLX5odr5OMbBpSzSp6msz","bdSxCdamhM55XLImtjUwiM","bdo7fY5XxPyqoxyPEqy7xi","bdvaCw3a9MRK03362u2CBD","begETVg8pHCr+X/8tdoMAz","beqTYtNPNAqoLSD/89T3Mf","be1fGyfpdA/KnmmvLvQSKk","be+GrouHxKtZBJtI7DQLk/","bfcz4YbhxEW4H0QWRNy5iD","bf2k86mWtNtaBavDLvZA29","c1DG8ZyWdOl5qEUmBoshhu","c12TC/aX5Jl4JZf1/5rU1s","c2BQmmkJ5LqKfvf8Vp3d/g","c2bgprmXFImpU/yma58N42","c3U4WTJzFMEqqJGP7VbppE","c3okghjLNM6YvInVjTYg5W","c3o+mqQQxBi5lMNyAAFpvM","c4cKeQ4JtG0JfS3fSvARFK","c4kCXqMrBFGIw9fqv72LAT","c5RICR0uVO5YPArUKgVXJP","c5uA7p1aJHZYdmKqQOccVI","c6aypY3pJMOJOYJQSm7yj4","c6bvzcENZBRK8TLiGeS2xW","c6nypuw9VOTbSvxQRPfxyo","c8Kufn4i1E+YeEs4vKZ64U","c8k6jdXppGK4QeloHFM1lo","c8sofqOWFEx6UOSIuUxESs","c8vOvOyr1I3ah5GMNfD7Zc","c80Ck4ayJI9rHdciyq8aIX","c9BPUAP3xKHanWJs9VLd4V","c9d2AccT5LE6wMypJPspIN","c9hlwL2MtBwYIL4t8LHCk7","caWP9FxNpKUIgEpL1SzNF7","cadsCEasdNCKzWdTIpMRsD","caherD735Ivbf/Rd/mxCPP","caohSHbS5GEIzmwCrnMGn5","ca3KlWTT5DRonWD2FGCITl","cbBJkSXV5HM4tJlWSaE+A1","cbF+TeM19J+Kq1m7huLWRj","ccaYvxA1VJL5HQerl0HI1y","cc2BBGUGhAeLYqCA4irzcJ","cdjcMkDCFEyIiqsod/SrIu","cdxTgkmjNOV7Nh60n5Bv8H","cd2HLr7ttI9oiPZTDa7DcD","cd4OQEAtRG7awW9xk4Suxj","cd/n5yevFBEKE0qBDGNLKw","cenOQDpQ5DqJNhFbOKfYPd","d0P6AIOutGHIbN5prY3R4H","d0fgiOyr5NG6q9tactB7qT","d02C+1SwNHpoMoeTPLTKJI","d1Ghi2aGJPlZMnurA8oxUt","d2UipAAEdIG6yRudpA39ol","d29UlVF55M54KCfUXDr3kJ","d3BiKy4JRH4aen/XNcuoFv","d40EL0nX9OebUNXCuC18He","d45ZB65oJPYLsxD6dcF9Px","d5tiuYV8RFcK/V1rVMfhXZ","d6HLJPSHdJ3IXQFqCZ8uDn","d6xZCdcI1JI6jd6iBcwh9K","d608qFRoFHwbXd0Dap056i","d7BLVvEZJMPZfqIbVImdC5","d75mfWwLpO75LsQuvLfyrZ","d8PnKBP+xIgbl2qViXliNx","d81nwOcpNI35bnN7wgJC8z","d9z09dg8NJw7htlTiiaDvj","d93apiGnRLb4SzOrt06nCH","dbgEyKN6FNLqTK7sPSIwcm","db8I18xAJLiqnYzS19w15+","dce2zlLBFALZi4RKRGYKlS","dcrx/Plt1Egbk0oT3U437R","dcwLH1HiJIwZI29ITd8EZB","ddxXjQ6LJCIbXRD476zyaT","dd6zmAnH1HardXNayswxo8","deWnQ6O1ZF0pdBYTKy3CUb","deXbQzXYhF46jymhRQ7A5E","dehUz/ITJGzL10L7/0FOV0","de18bnmB1FYoZrrXN3mAYv","de3RH5xL1MFpiLonp/KwfO","dfpeZ9GSlH1rJLDKYQ+RMA","dfrYz76SpI7aiGmYzwWrJ+","dfsbuh6AtGzbBbr7qe7Dct","e0Gdh3/7NO34gQHJe4D7cj","e0KnwD5PtMb5rPp4dy1yiI","e06j+djmtE3KHoJ9fJOb+P","e1mvXq5HhD2bvnUzuHlv/f","e1mzbfiChGibx39goVGIRK","e2AXrbUQNFvo/Szb/3lgHt","e2LND1f4BLTo/XyMDjD7YN","e2TrOZWQ5E0IzV8n/+QKKj","e2WlK/NYJOO4pVD+UWt13w","e2olfuB+lA+6+kdWVwJctX","e2vQfRo4lOuZ4e46xL3Igb","e2yEtDUlZLnqfn+5stM0sC","e21RroNeVFcIgqK9kVYcLj","e24/KjUFRPHqIWSnBRz3yc","e3DUO2uwBM3opI8yewo6hy","e3MsAKCsFKboHjmg1gxZ/r","e3Tc7/v9dBBbyIxfS+QuPw","e4hC2lIXVM747X/YumzixY","e4iugzo61BS5EpV02SZ+GW","e45VZTk5RCxKX+rvG9nHaC","e5J45AnxdMuoJH/OjMLjc7","e5uvy9DXhIXbmrssNvSFJy","e5+pcxGC1JjK0sC2Nfvkt5","e7IUB4m2xKJ45HK6DLhLOr","e78zSuw79McLrXpFaoDTIu","e9sVlqJ2xGvrYfITAgLmek","eaO5U5cEFAJpvkCYeiX5id","eaTCjC0o1HEaG8mPBfYryu","eakamBnYFND6i00fsHnCZs","ea0k+RFIlAcrVRGw8O/ja8","ea1zoEKIJOKIaRIuKqFYRH","ebER62ewtOA69DYKjOawva","ebaPvLJgBEAICdDgWQDsrm","ebvr8r80pHO5i38SwSw6HH","eb16njJHZJrIxKfGxsun30","ecENREnotJVYObcum8D+gy","ecRrstNaRJ753IRk7WCjbl","ecZMtPcmVKDoo2DnufakTy","ecao33+6BKRpIa30lrA4+A","edsMgNfwxB5aUTu39cSQ3Z","f0X1D9WFNPr7ueFqx866Bf","f0Yeq8anJGlprYHStNP1S0","f0z+ZajKhHbZYiOOfbn8ep","f1VouOKWVGYI/niotGG8gz","f1eYxCezFAAJ1Tg3WIxIbd","f1kS8wYUZAbrb0LW6g+pkL","f1s6Kl8EFBQoMAR+jWfXws","f2OqOkNURLaqnwWrKv7Kmq","f2tJTBjNVEsrT7KSTaZMR4","f31/yFnMhLyZvL8ZtgtfgR","f39kY9rK5FgI2JFu0aWtdi","f5cV+viYZCWbtxd6HCuEPo","f5dwbrtbpDL5weZoPopY0e","f6I6bXitBLy5gEQqyWSZ+4","f7AWnB56BI9r0ynHBvRplP","f73yXj8HVH5r9BQ4lR4TJu","f75hh6yhBJWqCLNMahmhJR","f76BeW+sBF6ZSAF7uLbHDb","f7/df2Y15NFZVPZfwlUMiq","f8CDowkFlFB4F+ZH/MdJZ/","f8O1+sm35MwYIKZYFf0uBu","f9ADl50t5Pa5JOLhYs3e7i","f9GCZg4F1LpLnIXN0+RayR","f9enbnDD9AC7twS6T4HivE","f9hezXOIJCELDCeVtkRr6U","faOx7ARfFOpK/ohVn3RQL9","faeqyPbgRPCoNoqfcr6klS","fatCfM859HapXaDNS3Dxhw","fbU3gqd5ZBuJK2WJ7qhm9g","fbjzqr9+xBuJ9hc7LfVAnW","fctXfgoQ5AKZ7ORQMeFlQ2","fc3b50XyZK05sprx8g3qDS","fd3HA2rQlLwbS/sxb8akJw","feD2zlnGpJFbV4kEhTN7FP","feKe3lqf1LUKcXWqJX68b3","ffClL5unJOFo6WK+bEhqXa","ffDWXaiCNHS53KmnSEXUy+","01l9USU8tND4NplP9BE1Pz","0129cMkNVLAL69pjdxARey","02Emgoz1hMza5NPXtEiqF+","02O+0dlppJxqUqyBlDcUcx","02delMVqdBD70a/HSD99FK","0272y/bdRKR5QCZe+2LB+L","02+sesIoFEgr5g74MF55OB","03W6sRuLpL0oRnNAhjXm1b","03jJv3cKREZ40sIUK67qvQ","032gExAYVLEqybRJBwOqpj","0653Hl6ndDnKVwnvxShrF7","071ukhTyNLo4WvbiVPIdJI","0bKQNwxAdDpZNIDiZf3WaF","0bc+if6cBNYIx1CiUhSvM4","0bjKPm9+hLH71KGarSttu9","0cDNl62tpOsbgfuoZOT2dn","0dE8FECjtKX4dRH/pkl3/6","0d8z+1u0dOlahTQ302r8gk","0eChVbHYhHppFDZ92DW1Bn","0eHNPCmZpKZoSYBpQ7Uawn","0etcV2vmdFTaKm5f+oyFiM","0eyykeDlBEdaaa2W45zpm0","0f0fPqLlhMppYQ/j+sNpYl","10pynHqmBHdakWHH6HbHs1","108VTdWB9PPaZFwONJEpLI","11PONvw+NN/KH2cMc2b3gb","11aX3SpyRCQ5Ea1ipmYGdA","121ntTEkJFvZbTm5GeeAA0","12+d1hlbZIQKJigK2wunll","13TVD26mRD6J0wqQWOi930","14CsSuUFlHs4WSqXCgftrP","14GXpl8A9Bj4GQezRKIB1y","14VswDvjJPKZ+G0Zob3uWc","15H04luF5O2p2leK0Rdgxx","15U2uVlqxEB4yYjqRtzLmL","16OXBAhhVPxLsrgtQdxxSs","18LZA5GXhHP40HoJBuyQ9r","1bUxcYRkhNyYdtNbPX0Use","1bp3JlRI5EvY9SG3sAf8P4","1cHqVh0d9J1ZtFz3/k34GA","1eBiv11qpAa4eOzzOpTaXG","1eMUvYAAFPYLs8Qcd3/Y9y","1eWF10LYhDYp0GdPSqylOi","1e7CDQkCFK5r0p3OKFEDR7","1e9vl9A+dIL4alP5z8jnm2","202eE3uExKdK+tVHwIRjdP","21k1a2VMZI5Y0IlBjClpCv","22HvdsTTZIF6eX3xrLULi+","22XibRbxNBl7MDVJKO90hJ","24DMqC+UBGeJLvVT3JA3vu","24/V9g/o5KiKeREhL+SJJP","25jqjYaT1LPrUQdI7moVXP","26PuDCUtdBOJLHIcARYsP0","26yuuTa+lMr6EnAZyDmMTR","28TJkHynFKcbqOEPDev38U","287PiLCf5IMJNqP42cUfVJ","2aKJYU6u9G55yvfDap1e83","2aXw59wTxLS6Z2hw+ed8wL","2a7kRevBlEs7HWQhjGxoyN","2bplaEjn5HKYTlv+sEeJRn","2bzXRL1JxPgK/z8DfwDNu0","2cs1N1EndI+7jzO/Wga6N3","2c5XU6AINJ2rAFBr7kNCIz","2dHi9RnBJOTp4b8a+17+Zi","2dWAEFP49NEobZ2F/7L9Wp","2daTFaa1JJDqE8famImD6e","2dpCw2mG5G1Y6jj2fagc0k","2d+U/3hGhBzqT/1kQQTNpb","2fRwe+UcxH+oQhK7K3QjoQ","2feRlJ3QNFh5DUZG3E5FSJ","32Y/WClOtH7YM+TMLG7iiq","33FJJx5OxGh5E4lIp/S93j","33ZOZ5z5ZM5JNckqTH7OS8","34GLC+LgZAHrnPrFFJXD8t","34R4nAUsBDOrdayS/APw85","35AO3MFPRCNbXlg/RKjaVg","35AWwDfGJD1Y9nlO1C+xZs","35bI6wZXVGV7/KsiZ4ee3F","356vc7/DhCIYpc17blU26A","36T+01xiVHfaWJ7aZQAspX","36b4xODH1PiKLIo8tKE/nc","36c5KAhmVFkI/TzthPy+ix","37q9ssi/pPraicXQhdEjQC","38PhdP7u5IZof6eaPjuRBR","38dOBwXiVHb7PPGPv0RV7c","38nktVRZZMHoxl25i2Ef+L","3ay4CUZUBGJp1NSwEJ436Y","3cXpyfz+hErJnITPbeYK23","3c8HRoMIRLa79/ZCiIiXNF","3dc4+OPBJG/LETxZiWHfYs","3dfZgFvIBKWazxILjQmfv2","3dpj4y9E5E0Y2/RgNn/KAN","3dwxNVXT5CJq2ET4niGk28","3epL5vUotOw7UjLAFV2nUX","3fN1PWX8JCQp0z/UHlqLMb","3fudwxRPlP2JMT8+1q3mRl","40xjKLFi9GHbI03FQ/vQa0","41QLO39zxMBYNpngI/c06i","41iBH9J7lG0opGOv/8OzTk","42BIm4qhdO1rTHkwS7cCVJ","42609N9p5ArJ/HNaicXL7e","43nW2LMCJEvYJT2tAb4l8C","44RKtK3bdPoLUF99prefwN","45XTrWQFFCjZn27WLQcC/0","47472OeNxNV6u9v0xnQOVl","4aZUFa/pFDCLQfQjwehgWn","4ac3Syd+VI870FLYayAsi/","4dpHzTe4JI6p8P1Mcv4yeg","4dwiKP3f9BSY/2sqZAgRQr","4eO9HbZY1OlpUwDwMiP9qX","4evGnZei5G4JelRZhdS8LE","4fq17sph1NFIeJdLI9rhTI","50ppfyFaRPLKW1HmSderhV","52A+oifQhJw7dQOD4VQHAU","55hKuP6bZHobg0R7ESepO8","55obQnHzlNz48bOkvgNBiw","57Qs+B9qxHhralXy4Kxop4","572lexgbJCkoPD/Td9v1KX","58tJ4D5npKjKd3vw1Tv+uD","589Fg8iHxLPaReMqOr+lDe","5aalEjxDdKdrNa7bJxf8La","5a3BZtSMFMm4BZ3fLEbxXU","5bheaowv9Nv4sUQJHivr8k","5b2E3BaVNNzZPAk8+DkCbZ","5cO7kybDxGj4ipyMYdRYZB","5c1rJuT9pAKojsNW3gubwH","5f2jC/ottIhJSMESyEZ6s+","5f6VFeQKFJ2qeM+/G/mHYN","5f6nbmEBJOQIUbYYQgezui","60BqJDn51PUJpNWBIs8jw+","60TB3suhBBxa2lwMkdXc/i","60afZXM9FL9LYMQe6oLLq2","6036uQcRZI1qcK2kj7QSGe","608eFpzGVOCoKWW5idnAbL","61gmdS5rFPHr+LE2zChh66","62GTRe4E1Ee4akLd+6+GU/","63HaUmZ3RNb78E7IJpsc5Z","64gzkXKfhPaYTs1C2jEJHj","65VjSdqidEMYrS6qQh0kJb","65ybVT/JhNvbjVcDxJ07U+","6579YA3F5AbapWfPX3/cvN","66xbAXiatABII51FTKmT7F","66/dGVHJ1Js6YmAlqWY6VZ","6azlwncvFHQa+zRpkA+1Hv","6a9PBAXsdOU5/xHe61v3RM","6dD+EAH19PoqdYzoW20VoL","6eD1faDxVFV7z592hdEfM1","6eUuMwfAJL+b57OhqAkdWE","72kg+/dJxHRLAu4OBL2Dkk","72q2taoF9BmpJVge6zjbr/","73OV9d1eRKZ6kjSy/Kihh4","75qryiWPdBkq4tlFxGuL1E","76PKPx2gdAfISzQvBquGZ1","77ao5MeUpNcKbbXEb/z1P4","773/j1631NR6Dw4hHTSKcA","78ywDX3l9NObbgmyU09hPy","79PpEqzj5HdbWRiHxAEv05","797lNXqilF/K2w473zZx8E","7a/QZLET9IDreTiBfRn2PD","7a/eAJQzhOaKt/m4vyityg","7bTQ58jUZGvKcKBsfxZ6VU","7cNLm0QxZO7ogCwRFKozET","7cyg3gwbhDeopSQsExPaU3","7dMdKDHcZGuJUvximyBlID","7dqVG1oQpG5IbUwncL/ynH","7d+Asi9NFChJfUjx3yxOGb","7eOt1bWNFKDYWS+kexCRXq","7eXeS3m2VMOKNsCP8tCNRg","7e0Np8j/xNzYmhxjsFbWAz","7fNS+ijmpBz6ZMJiraQyG+","7f3oKsjhVAVI64LvDZWETf","7f77mB2w1AnK/TDboDKVjB","80BVS4hNBLLJcfzJ4IvL0U","80NY+8/Q9HGpgWV/PBSouP","83K0zlAGtKUpTPeVgvMvr8","836UZ9bM1LRZGK5PQS5mxD","85G2zwR1RBWpJpwBFeZKhT","87OAa9f15Nm6EEaBJEQiuy","87x79PsW9LnoTrNdlNEoCn","89RFCcOIxK4L1Ao7OoEfuI","89ukkVVPtBS4YSFTEqTFPR","8cAd5fQwdDDa/PVKVmeJ/W","8cHmAmtohCW4Wnfx+Qb1l+","8cdwP072VLFaUJKxitouFb","8cgOzDmO5LFoUH+b5AEcLf","8ciOgH+/VCxrzLJxELb1JG","8c1lDROztJDb9d/IopUyH3","8dnHcl3kdFEYgpDbKMZinB","8euK8kl3lAIJs2tbY2ywBA","90fS1YrhVA8oHL/sKWF4Yn","903M8fH1FOk4fTHcBqeXEA","93vpLh/gxPBbDk75enOPTU","96nr8qscdDb7PBCRYCai8b","97DrwH0XNL0Zd7sPLBIAGE","97RWUdbdhDf7PwmKzSu13g","97XFlOE2lJEqbg4VjArZnp","98Qf5ynyhGRaMQ6rgoglJS","99+hSu4KlKNKZzg6fDeIHM","9ahEGSFp9I4ZF0+E07xbaD","9cXGAx4WRCl4a4A5ik3yu4","9ei7j/SrJGaLVDVrtOumvn","9e6racdc1Or5t4Szn6N4KL","9fDVKsCC5NCaziXVModEAo","a0Hu7mh1lL0YjxYgfU8hv0","a1EigMqWdHE7vJ9hauf0zl","a1mZ7z5QFEvqpxLBkwltHF","a1rKqZ5zdGTI2Ky51CoxyL","a2MjXRFdtLlYQ5ouAFv/+R","a2h5gbWE1J5JnrBPxzgFq8","a3iYnv2BVEyYl+Krx2Nweq","a302UKmCNHLqA3ccPtM45g","a5RDPR5BBKPaleQ6EX3IbN","a530BmbHNHroJ/GvlOYK3f","a6QYXZDqxA76tHNJcm+H3z","a7R2cqp4NJb5H0cKQiERd2","a7gz5IIV1Ggb7RziQfqF6w","a8aI9N65VHW4/R6KVxDVMy","a9MOllB2VB475XFstE7JW0","aaL876iuNHhIaCego+W0pL","aaqhF6UtdMg4x+YGNcGYQ1","aaupILn8NEQ6Afbsuq05OA","abSp1q0KVNLLTOQ3TN5osP","ac7dzFhitLZqGPT92B4lmb","adyf6cxKZOYb0CQP7371pD","aeFg9gvhJIn5t8oxqynBjz","aelFYg16FESLQjiFoPb4Iz","aelO81RmRMN6kcCiN5t60J","aenPBBq2NCYqQmmczfgQ0L","ae6BjByXxPfphDzXG2zZO4","af3FuThF1PLqyklrmWmoJ5","b2YyBjW6tF2ajRnrtLeZ5w","b3zGbg8yBAJLGbQIk8vgkR","b39lXuqvFKBZFv+8sr9eaN","b4QG/os+BIf7dfkky1sbYO","b4sLbfJbBL/b26mPh7qtPx","b6CrwMp/NORIT8h+gDcYmH","b69A+9DwpO040K1EJVMLYU","b7YLMsHINKaKf97OfcT/OI","b8F/xTofVPloj7YBdw8WN+","b8TPRxn05ND691GmcYZ2s8","b8Y/ukkCFEVbqbMkusEyvU","b8ZHSYlM1KZamjJ/ex6X6Q","b92Vs+sdhIXYYtmGG0Hdiy","baz+7IN29CB7yiZriNz3EV","bcgmU2ddBDFKnjI3/2o0Ls","bdVjnsMjVLKLb/9vMLOvNG","bdZ7oQ8WlEPZTHKbDKT5Qv","bdveMmzXdDGLdiooOYCYe1","beQc7hPCRETYhMglaqtueW","bemOHnYidNna4VTSkXLKW/","bemhLCrhFNhoHGKwHAn+Ez","beyn31eGNEnbiSdHSdWfMk","bfREaIs21DfI99CQ8YpVE3","bfSDBsij1FgJInHxxQ1pLJ","bfhrjbUAdPTIozM00l3UkP","bfmAziKUNLUYwQyyGGO9kt","c0Fs21Kl9IArSR/4JIMLUR","c036O10y1LyqxOFVVVsQiU","c2Rzn8ZaNJSZwH/vVvWUT4","c3IClFU6pJopMFvvHhdkTX","c3PycBlHhLYqCQX8MRgmlC","c4CGt6V2BEELgWlQZ2tLBZ","c48HAtmZRHIbhQj/HkV6FZ","c5Y/M04FNOyqE23aq0kmd7","c5+TSA+T1NwIdvpfkw1oH1","c7rbMTUM1IR7XSs8jEkSEU","c7t5n7PoFOkL0NfIMC1iSY","c8RfotawFCaLtS47/PGEAX","c8ZzIonapJQp0krYBtkwVy","c8q34xztpO8JG8bmwPYGxY","caJ6+8lfRKbZRV1krP5awG","cavc9j4QRNqpxv+KB1O/L2","cbC0p6bqRKaJHjyTGPnqE6","cbFzrUdydIYr83U4+ce0+j","ccA3P6MHpBXbv06/uAfg2O","cda5Ju4z5IfKMK9IL8kpRB","cdrUcYk6lNtp364W7Gygcr","ceQSdUI3xBGqxAXvNUYh3w","ceqsNCjftC6Id5I1rlz21n","cf/9oZdvxA7p5Yi+2BY3Mp","d0S8np7FREMoTuXw9b9nNi","d05m9CyyxCI6v0r5FMXnPZ","d1A2hk7ppJhbLAPiSenwUb","d1WeKoqXRNc7Op/w+H3jWe","d1zS6rKa9I3Y+UaUxqTmSD","d2HzctZYVKFZNemh8T+vQj","d24s5GGRRNV6KQCgDgsLeC","d25VhDsKhP64E/ei7HXvSx","d34yQfg5FLQKGk/ldVLZp2","d4iVypi0xDgLmxmVrZ0DXn","d61C/zuQVIGJ7IAWakUXS9","d8NdQUY3tP6YhcAAsE9rOH","d9CwF28lBC65FWbR9oRmH6","daYYf7bAZFvIYKXZdP4xs3","daafjWlyZCYLxwndiwIISw","dadQ2zZntCQp4oUekYnXUp","darcfjqJ9OMpVHytdGac/5","datVxFEw9MnIxX+1zRCUVW","dcMNdZ6/VHHI34Ljcxq19i","deAKCBDq9ORrj0DW77K2LR","deRa+MygVIw4kcvco5McVY","deTxPBeOVMxLsNlR1JRzXO","depei1nNBEgoCS9bNffcG6","dfE8tlEX5FeL3AswfmPw+Z","dfMmHFPAFNmZDOgSb9HCJW","dfl2ZacRFPtYPSi+3FwLuD","e0M+1Ly7NDKKjLla4EG3dW","e0j9kuQMVIQa0uA/A0UWhV","e1M6zDmO9AmrFwl+RwjeyU","e1duuzs59OLZyGp9LCsa6l","e2XUy8x9dN+ZUZt8g3d6at","e3CI6VznJK44Nh8qso48pt","e3Na6WdjJK9LpgWa8SaKIQ","e3fnU0wpNCta0CrZHns1YE","e4fuJDsHZMna8jR2V7leC3","e5Ti+nEgJKUqwyoS99J5OA","e5m30oMGNF54w3FTjol6ru","e5zPaOOopMoa+Vg5H4YTEB","e6dFeyW7VJBqKM0sDmWA+m","e7O+CtWEpDh7ErVRt2SHTd","e7dTUf3RdHDa6zWBqBJWjf","e89+RK/hpLkrr8QXNcAZjX","e9MXyAfZ9Bl4JSLuamTbXv","e9NmjVcyJEvLrwZtqzmnlQ","eb0njAAs1F1ZXHt+JPCxae","ecJiTMrKxBELFNhSsyHMfX","ecpdLyjvZBwrvm+cedCcQy","ec2WalkSNCBrdDMfIuNG9C","eeBQakK5tKFIVRyvLhYOLq","eeeE2YnLFBBJEqx6GEbwer","eeyq21o+tOxYhj/uZuTX1w","efh49nSZZAxoUN5svORwr5","ef7ILtPalHj6mzG3Eaqegg","f0enFH5oRIHaJNlrQsZN5S","f0nP3qdzFLoZOeeocA2gu+","f03Djwxw9EtKkXdI/lJFTT","f1EmNdgf5M36IKlFozs2bB","f1thZDE7hGgKHo4GLEcJNa","f1t76qmdpBAo4U8Ycoz4Pl","f4OfmZXI1IPqMfY4ruauOf","f4/yNED3tPsKRzdJ2Twf0T","f5gSJkRdNF1ryMpsXVaTpb","f5/pCQ021HMJg0FCvmmmAx","f6MRpHcbNMxJQgV58ofSE+","f7/EW6xCFMJpgVgXn/rV5n","f8EXzBw+lO17lSx+YU1k6a","f8rF+5RY1IBJ1XHbHwxY9G","f8v4ejyZVAr7IoynpY4Z8O","f8wdbMbv1EtqOssyOVw2zI","f9PiSOoSdNHLG48xiT6VW0","faUENlvPJJD4WyZq7maajf","fayNuCRs5OKqf+d/p0Fi4j","fb+DD1iJ5LDqvHkxw0k9LX","fcdW3Y6wBD0Juu4L9Ui47I","fePsi7pgNGd6fI8AImVgSJ","feclHZzPlNkp8kZVR4/uOb","fesr5ygjxMg5L0qrsjiM3e","ffPhBTLU1BxbDvJnHNePJO"],"scenes":{},"redirect":[909,0,1063,0,1231,0],"deps":["internal"],"packs":{"0109f3419":[905,621],"01145d28a":[1072,1105,1199,1229],"01202513e":[1000,505],"013985772":[947,866],"0155f1970":[292,940],"01654cee7":[946,1107,1135],"0166974f8":[1018,1054,1237,904],"017801312":[345,1168],"0193cc873":[537,1095,1109,1111,1198,1257],"01a5e97a8":[934,812],"01caae754":[1092,817],"01cc06b35":[1141,815],"02073dec1":[1070,670,1115,1147],"0217e426e":[919,960,1034,1074,635,1098,1127,1187,1201,1235,1240,1247,1260],"0247dde38":[742,1224],"02560f0f7":[644,1173],"0287c2be7":[985,1029,1256],"02d93133f":[1001,785],"0304475aa":[1039,1166],"032c5a5ce":[348,952,1113,1151],"032e8fe93":[1128,864],"0389b5bb3":[533,1086],"03be8abb8":[467,1048],"03e028587":[914,937,949,982,1026,554,1061,1106,1121,1130,1175,1183,1234],"03eb1d33a":[321,1215],"03eeeeeac":[305,1211],"03f7b1164":[979,1082,656,1163],"042390014":[933,990,1152,840],"0424579b9":[306,1210],"0459947a6":[536,1233],"046311aed":[523,1207],"0470f16f0":[959,813],"0472f2496":[377,1164],"047752250":[624,1239],"049bd5fef":[289,1205],"04a258a62":[481,1123],"04bbd379a":[920,922,925,950,953,970,975,992,994,998,1002,1003,1038,1045,1047,1069,1077,1088,1120,725,1161,1169,1208,1214,1218,1253],"05552f52e":[391,1223],"056aef342":[1050,1089,1153,1186,1202],"05933198d":[1230,886],"05a5ea49a":[972,823],"05aba98fa":[405,1103],"05f698dfc":[1022,684],"0623e92d0":[931,974],"062b96963":[418,996],"0637a869f":[397,1068],"063dff446":[298,1219],"0644ec594":[350,1091],"067d6111c":[1031,797],"0682b8d0e":[958,496,1042,1057,1136],"068a807b0":[981,1099],"06a4c7e1a":[395,1035,1118,1170],"06b82577a":[359,1261],"06cce5e1d":[657,1132],"06f0899d8":[319,1015],"07046923f":[957,968,1009,522,1117,1204],"078459965":[332,1100,1102],"07b9b251a":[1124,745],"07e54771e":[965,1017,1032,1125,1145,770],"080b6ce51":[619,1178],"083167307":[460,1242],"084c46ddc":[916,346],"085c81165":[924,686],"08d64186e":[993,652],"08dcd112c":[966,726],"08f9e7248":[1049,1067,643,1182],"08fcba47d":[769,1227,1249],"09057e370":[939,1036,854],"09251c100":[530,1110],"0932ff473":[642,1241],"0939349b5":[932,867],"094fe3396":[1020,1023,1154],"095dc6866":[1059,1101,895],"097d688a8":[906,299],"09e824370":[963,473],"09f889ae0":[604,1133],"0a3d835f8":[572,1243],"0a55a2e27":[907,997,1055,1056,1060,1078,1084,1090,1096,1174,1203,891],"0a55b55d9":[442,1004],"0a6a4cd7d":[425,1221],"0a8d1e1b6":[955,1030,669,1137,1157,1159,1179,1193],"0a94c8b81":[1079,858],"0ab92e4d8":[833,1226],"0adc3d342":[1046,693],"0b00ac7d9":[1005,631],"0b063aab7":[917,347,969,976,989,452,453,1011,1024,1062,1087,1150,1162,1176,1190,1194,1212,869,1251],"0b409e1a6":[368,1232],"0bb36c715":[943,1119,1122,811],"0bb991018":[928,986,1016,532,1053,1131,1140,1167,1185,1196,1197,1245],"0bbf88b60":[910,1217],"0c2941ee0":[941,706],"0c4d918e2":[300,1037],"0c7e3449a":[349,1222],"0c9e7906f":[971,1051,1255],"0cdd5eff0":[944,1019,1021,1066,1108,1165,792,1258],"0d29f4be9":[915,297,535,1143,1171,1188,1191],"0d9973a38":[394,1209],"0daff827d":[392,973],"0db4e6c10":[913,564],"0dc5da152":[1155,860],"0e1294ce0":[930,978,666,1189],"0e488275b":[1228,881],"0e839f5d5":[1064,877],"0eaeab7db":[911,679],"0ed28f3e0":[490,1254],"0eea0804d":[318,929,1075,1104],"0eee829f1":[918,312,935,936,954,984,991,999,1006,1013,1052,1085,1139,1142,1146,1160,1225],"0ef28307b":[0,1,2,271,275,276,3,277,278,280,281,282,283,284,286,287,290,291,295,301,302,7,8,304,308,311,314,12,315,316,14,17,323,325,328,330,331,20,21,336,22,337,338,23,24,339,25,340,26,341,342,344,28,29,351,352,353,355,356,357,358,30,360,362,363,365,366,369,371,35,36,375,376,37,379,381,382,39,384,40,385,386,387,388,41,389,390,42,393,399,400,401,402,403,406,46,407,409,410,411,412,413,416,52,417,419,420,54,55,422,428,57,430,431,58,432,433,434,59,60,436,438,440,441,443,61,445,446,447,68,448,449,450,451,454,455,457,71,459,462,463,464,465,74,469,77,471,475,477,478,479,81,480,82,482,483,83,84,485,486,86,487,488,489,88,89,494,495,91,497,499,500,501,504,506,507,93,510,511,95,514,97,98,520,99,524,100,525,526,527,103,528,531,105,106,107,108,539,540,109,542,543,544,545,546,548,111,112,549,550,551,552,113,553,114,555,556,116,558,118,559,560,121,563,565,566,567,568,569,570,571,122,574,575,576,124,578,580,581,582,586,587,588,125,591,592,126,127,598,600,128,608,609,610,131,612,615,616,134,135,617,136,618,620,622,138,625,626,139,627,628,141,629,630,632,145,636,638,639,641,646,148,647,648,649,149,151,650,651,654,153,154,155,158,660,159,160,161,162,661,662,163,164,664,665,667,668,672,165,674,675,166,167,680,168,169,681,682,683,687,170,689,690,172,691,692,694,173,697,698,699,174,701,175,702,703,177,708,178,709,712,713,714,715,716,720,722,723,181,727,184,730,185,732,734,735,187,737,739,188,741,743,195,748,749,750,198,752,754,755,756,758,759,760,761,762,763,765,766,767,205,768,772,773,774,206,776,778,779,783,787,788,791,793,794,209,210,798,213,799,214,215,803,804,805,216,806,807,218,809,810,219,221,222,223,224,225,814,226,818,820,821,824,228,229,825,826,230,828,829,231,232,233,831,834,837,838,839,235,843,844,236,237,238,845,846,847,240,849,242,243,851,852,247,853,855,248,856,250,861,863,865,868,870,872,873,874,875,876,878,257,258,879,882,259,260,883,884,887,261,890,892,894,897,265,266,898,899,267,900,901,268,270],"0f1c34a01":[912,885],"0f1ecdc55":[923,601],"0f21b7d42":[967,733,1244],"0f95c77dc":[945,980,983,1007,1008,653,1114,1129,1156,1172,1213],"0fb7cbf4d":[908,942,956,964,988,995,472,1065,1076,1093,1094,1097,1144,1149,1192,1206,1216,1246,1250,1262],"0fbcb3b12":[603,1073],"0fd1a1012":[938,948,951,1116,841,1248],"0feb685e4":[404,1259]},"name":"resources","importBase":"import","nativeBase":"native","debug":false,"isZip":false,"encrypted":false,"versions":{"import":["0109f3419","0491b","01145d28a","8b9e4","01202513e","eab15",272,"1e011","013985772","d4d2b","0155f1970","0f425","01654cee7","870e7","0166974f8","d4620","017801312","e4cc8","0193cc873","52b5e","01a5e97a8","d0974","01caae754","6fda6","01cc06b35","98226",273,"1275d","02073dec1","31f22","0217e426e","36762","0247dde38","8266a","02560f0f7","38b0a","0287c2be7","342b8",274,"04905","02d93133f","d164c","0304475aa","5a92f","032c5a5ce","961b5","032e8fe93","54acb","0389b5bb3","541c8","03be8abb8","0b84b","03e028587","336c6","03eb1d33a","683be","03eeeeeac","35792","03f7b1164","0ee3d","042390014","2b27b","0424579b9","59c9c","0459947a6","646a9",279,"1ef7e","046311aed","e3e79","0470f16f0","8aefc","0472f2496","6786d","047752250","1ad45","049bd5fef","6879a","04a258a62","f601b","04bbd379a","3473b","05552f52e","b38aa",4,"411f5","056aef342","5bf6d","05933198d","f87e2","05a5ea49a","4c8e0","05aba98fa","9f6dc",5,"9d5e9","05f698dfc","8774f","0623e92d0","2a01a","062b96963","fc374","0637a869f","0d043","063dff446","a2447","0644ec594","c62f6",285,"84522","067d6111c","a285b","0682b8d0e","d4ef6","068a807b0","58f2b",288,"594cb","06a4c7e1a","123be","06b82577a","cb264","06cce5e1d","1d5a3","06f0899d8","d4168","07046923f","2de4c",293,"5fc5d","078459965","35be3",294,"322d1","07b9b251a","8bb5f",6,"08381","07e54771e","ca76c",296,"9eb65","080b6ce51","70381","083167307","6864e","084c46ddc","023e6","085c81165","ea2c3","08d64186e","886b6","08dcd112c","2bcd8","08f9e7248","b1090","08fcba47d","d1a9c","09057e370","1a4fd","09251c100","c0662","0932ff473","9c53f","0939349b5","c718c","094fe3396","6ca10","095dc6866","b6e9e",9,"ca377","097d688a8","33fcf",303,"6ba0f","09e824370","bd7db","09f889ae0","444de","0a3d835f8","42003","0a55a2e27","1f095","0a55b55d9","b2ccc","0a6a4cd7d","d5e19","0a8d1e1b6","be794","0a94c8b81","21762","0ab92e4d8","95472",307,"fa3e9","0adc3d342","df12b","0b00ac7d9","97914","0b063aab7","cd218","0b409e1a6","bfa67",309,"7ce85",10,"f81c9","0bb36c715","19f56",310,"e6c23","0bb991018","e9523","0bbf88b60","a1d20",11,"cb44c","0c2941ee0","8168c","0c4d918e2","55725","0c7e3449a","36a82",313,"bd9c0","0c9e7906f","5da07","0cdd5eff0","bc0ce",921,"4e41e","0d29f4be9","2fbf5","0d9973a38","b384a","0daff827d","00de4","0db4e6c10","99102","0dc5da152","014a3","0e1294ce0","3a03e","0e488275b","8805e","0e839f5d5","7c5cd",13,"d09cf","0eaeab7db","92ec5",926,"d502f","0ed28f3e0","c4fe6","0eea0804d","9c045","0eee829f1","52a24","0ef28307b","afa08",317,"ae3f0","0f1c34a01","d4e26","0f1ecdc55","db434","0f21b7d42","0dcc2","0f95c77dc","bc036","0fb7cbf4d","12d51","0fbcb3b12","b6407","0fd1a1012","b0e84",927,"2d342","0feb685e4","3a734",320,"99249",15,"b3d85",16,"856e6",322,"2fa71",324,"40bd9",18,"408ac",326,"55dc7",327,"e9666",19,"6d5dd",329,"77f4f",333,"19fdc",334,"75ff7",335,"fa83f",27,"0f26c",343,"8840d",354,"b47f6",31,"80f90",32,"15474",33,"8e15c",34,"4ea36",361,"ed50b",364,"38a55",367,"a3ede",370,"b485f",372,"2faca",373,"8ef15",374,"dbc4b",378,"4b396",380,"91a90",38,"13841",383,"3ce9d",396,"f2cf7",43,"9db27",961,"1d631",962,"c3e25",398,"99d2e",44,"783f7",45,"ee39b",408,"d5e51",47,"d4676",48,"a1645",49,"6ee13",50,"02751",414,"1a55a",415,"dade0",51,"2d467",53,"12ff0",977,"7f973",421,"59282",56,"1f2b0",423,"fbd96",424,"6dce5",426,"b9d4f",427,"de2d0",429,"8a31c",987,"9ba2b",435,"f9ee2",437,"34a6c",439,"d9280",62,"1b115",444,"634c3",63,"84d6f",64,"e9e11",65,"ee75e",66,"897fa",67,"d5793",69,"76d7a",70,"57b10",456,"3b4c5",458,"9d454",461,"fe69f",72,"82dfe",73,"1b451",75,"848cd",466,"dfc57",76,"e3d26",468,"277c5",470,"2492d",78,"55582",1010,"7d0ba",79,"044da",474,"18e85",80,"6b519",476,"08dc3",85,"43d77",484,"029b9",1012,"c6866",1014,"f9158",87,"7a2e4",491,"a6f5d",492,"8bfe2",493,"92d8a",90,"1fcfa",498,"6f5d9",92,"d8ad7",502,"0b8ee",503,"e5907",508,"a0e48",94,"c307d",509,"cff66",1025,"f93e5",96,"29e1b",512,"048a8",1027,"96936",513,"b594f",515,"b2df5",1028,"4f026",516,"2b528",517,"65bdc",518,"cc28e",519,"73121",521,"420e1",1033,"92a56",101,"ca1be",1040,"4bf6e",102,"e12a2",529,"34e4c",104,"ed118",1041,"ed488",534,"b543b",538,"c89de",1043,"2be8c",1044,"42541",110,"e1833",541,"c5f8a",547,"a696e",115,"0c6e1",557,"71c0d",117,"be6cf",119,"528e8",120,"f1c94",561,"90454",562,"5ba28",573,"b4259",123,"23d90",577,"0fdbd",579,"43bf6",583,"9ca00",584,"44f5a",585,"04e25",1058,"1c4e1",589,"7ff77",590,"b7452",593,"73cdc",594,"2368a",595,"2c91a",596,"0b11c",597,"4a86f",599,"d1edf",602,"57cc6",605,"6b360",129,"32da4",606,"e655f",607,"ddce4",611,"80681",130,"c75ee",1071,"acf15",132,"85ea9",613,"cb5d5",614,"8cd2c",133,"b2204",137,"42ef8",1080,"3744a",623,"13075",1081,"6eb37",1083,"2fc45",140,"57d4d",142,"32072",143,"70b51",144,"75689",633,"610a7",634,"08407",637,"962da",640,"242be",146,"5bd8c",147,"255a4",645,"23cf4",150,"803b5",152,"b0826",655,"0d3ec",156,"4bcc3",658,"3efe7",157,"95ed8",659,"5420e",663,"61894",671,"eb6d8",673,"ad66b",676,"98d61",677,"89682",678,"167d2",685,"6b34d",1112,"43d76",688,"ecbc3",171,"3d3e1",695,"c5bba",696,"06f42",700,"a64ec",704,"cd281",705,"dfa8b",176,"4cc4d",707,"c6d6d",1126,"fd4ce",710,"bb20a",711,"8c413",179,"438a9",717,"18af3",180,"dc362",718,"3b7c8",719,"e924e",1134,"eddd3",721,"a92d1",724,"ccb15",182,"9fe8d",183,"22429",728,"b2990",729,"839a7",731,"84900",186,"4aef7",1138,"7b49c",736,"685e4",738,"a74e1",189,"f2917",190,"7fe83",740,"aa96a",191,"56a59",192,"0074b",193,"6c144",744,"60501",1148,"2142d",194,"391e0",746,"c2450",196,"053df",747,"564e6",197,"5fe25",199,"689fa",200,"d9573",751,"7d59c",753,"8f4c0",1158,"d0d0f",201,"6f239",202,"534e0",757,"545c9",203,"1afcc",204,"e1935",764,"7bf3a",771,"ae1bd",775,"28922",777,"7d414",780,"503bf",781,"1a5be",782,"8efe1",784,"6f310",1177,"06387",786,"7ea5e",207,"cf631",208,"c6061",1180,"59c05",1181,"fa1c3",789,"265f4",790,"6053d",1184,"71387",795,"a2a00",796,"84209",211,"48e7a",212,"54c2c",800,"ff536",801,"1c1bb",802,"f5343",1195,"487a9",217,"fecdd",808,"093cb",220,"6677d",1200,"a0e48",227,"e1b1a",816,"65790",819,"ae1a7",822,"2c535",827,"8afa9",830,"a1c42",832,"a09cd",234,"d88e3",835,"91e30",836,"27fb7",842,"2aaa3",239,"bf6a6",848,"36cce",1220,"29736",850,"e3879",241,"71514",244,"80e17",245,"836ef",246,"67ea3",249,"b550c",857,"eeffb",859,"9cc73",862,"5b710",251,"84797",252,"995f0",253,"e6c79",1236,"fa09d",1238,"5b909",254,"69acb",871,"c8e1f",255,"b3da4",256,"c1513",880,"cd1d7",888,"e5de7",1252,"50841",262,"be470",889,"8d0a1",263,"fc52d",264,"774fc",893,"0290e",896,"24956",902,"856a2",903,"24a54",269,"83658"],"native":[0,"3c53c",1,"2253f",2,"ed338",271,"d93e3",275,"7116f",276,"6e5b5",3,"d41f2",277,"76ef0",278,"59b81",280,"d1cf1",281,"e64af",4,"de5a1",282,"0f8d6",283,"7adb0",284,"f06c2",5,"d02bb",286,"9fafb",287,"29c6e",290,"011e7",291,"520c9",6,"4c362",295,"d213d",301,"6d2e6",302,"976a1",7,"96c23",8,"c19f7",9,"38a95",304,"08bad",308,"5a44b",10,"46239",311,"5ed52",11,"d1f4d",314,"5e3d9",12,"266b0",315,"2f6ed",13,"0749a",316,"cf777",14,"94b46",15,"a9082",16,"73809",17,"34391",323,"9fd03",18,"261d7",325,"10c9b",19,"39a10",328,"4fa28",330,"a680f",331,"bec5f",20,"43f09",21,"18016",336,"a152c",22,"47f63",337,"6fad7",338,"69770",23,"f90e8",24,"519ef",339,"6da24",25,"3caf5",340,"9987c",26,"a4e19",341,"1cc7b",27,"026f3",342,"51e47",344,"f1688",28,"d72ae",29,"3d22c",351,"774cf",352,"29a20",353,"c7139",355,"e8d49",356,"ae10e",357,"71a13",358,"46cdc",30,"268f7",31,"1305d",32,"d389a",33,"f8703",360,"47d33",34,"1a40c",362,"78d07",363,"2ad5e",365,"70682",366,"cc600",369,"51d07",371,"023fa",35,"f2b8f",36,"5eac6",375,"36837",376,"0833c",37,"139ed",379,"2335a",381,"96067",38,"c8041",382,"bfdf3",39,"cf4da",384,"b2b8b",40,"30d23",385,"27ddf",386,"98015",387,"efbee",388,"a8fc2",41,"82999",389,"a9e40",390,"54df4",42,"2582b",393,"705a2",43,"06610",399,"7ff30",400,"09f1b",401,"01449",44,"77020",45,"96eb3",402,"b6978",403,"306d6",406,"d2ff6",46,"2d357",407,"d6d6d",409,"66443",47,"8379a",410,"aae31",411,"ba5a2",412,"7ec90",48,"70a06",49,"0f9f5",50,"0e90f",413,"77114",416,"593b6",51,"52285",52,"ec06b",417,"2ad6b",53,"83c62",419,"0cb49",420,"346aa",54,"4d61c",55,"76347",422,"79b28",56,"607c9",428,"d4f4b",57,"3da3b",430,"105f8",431,"a25d7",58,"d0e26",432,"6306f",433,"f0dea",434,"99878",59,"36111",60,"a7810",436,"3911e",438,"ba091",440,"93593",441,"7460f",443,"f049c",61,"2f646",62,"10ef0",63,"76da2",445,"89e8d",446,"1e3a3",447,"f936b",64,"3c004",65,"ca566",66,"00b0c",67,"b2ab1",68,"9a393",448,"0aa53",449,"b5a53",450,"0dd99",451,"aab9f",69,"d7af4",70,"33fd0",454,"4bebe",455,"e3465",457,"28b85",71,"7b72e",459,"e53a6",72,"c3ae0",462,"8e7ef",463,"34c5b",464,"7a59e",465,"b6b99",73,"190a8",74,"f2dec",75,"420ab",76,"3754e",469,"c4d57",77,"d5e2f",471,"5dd84",78,"88059",79,"8b39f",475,"337a6",80,"04733",477,"8375b",478,"2f7fb",479,"00071",81,"2a61a",480,"32767",82,"f28a8",482,"9caf5",483,"5ff9a",83,"709ee",84,"86c7a",85,"d07c8",485,"75505",486,"467fa",86,"09ac9",487,"394dd",488,"4bede",87,"aae93",489,"c8f52",88,"487d0",89,"50af3",494,"bf3b3",90,"e4cbb",495,"1e506",91,"9df43",497,"216b3",92,"5542b",499,"679d8",500,"de787",501,"41a5a",504,"69079",506,"d3510",507,"09c10",93,"36966",94,"61a31",510,"c1ae6",511,"54a76",95,"266b2",96,"e7101",514,"d735b",97,"9d900",98,"b29b7",520,"dba5d",99,"1e7c0",524,"d8a62",100,"98227",525,"b4ba1",526,"08fec",101,"a3987",527,"f6626",102,"6b238",103,"bf81c",528,"adbf9",104,"8c30c",531,"61c7b",105,"dc992",106,"e3890",107,"803de",108,"9fdce",539,"be85f",540,"346f1",109,"184a4",110,"f996a",542,"fdd36",543,"0c23e",544,"1f9f3",545,"a379a",546,"2b816",548,"3e32e",111,"1e98e",112,"a3888",549,"f4005",550,"b35a9",551,"b2a4e",552,"ded81",113,"0c698",553,"cc5b6",114,"481d6",115,"5e418",555,"701bd",556,"a1f6e",116,"158c6",558,"f33e8",117,"42450",118,"3ecbe",119,"98e9b",559,"7f467",120,"5b326",560,"74ea4",121,"de301",563,"e51f4",565,"eb6e6",566,"0d14a",567,"08427",568,"452ea",569,"e5be2",570,"2a430",571,"26282",122,"4e3be",574,"c768d",575,"70b73",576,"dd83b",123,"c9724",124,"8d130",578,"0cf49",580,"b227e",581,"60df0",582,"e6d4e",586,"d45db",587,"787fd",588,"3cd72",125,"9bfac",591,"2310b",592,"b9cbd",126,"e8f54",127,"eae12",598,"0ed61",600,"255ca",128,"43b46",129,"123bf",608,"6f5d3",609,"6fdbd",610,"52c53",130,"cb4d2",131,"6b93e",612,"c8fd9",132,"b963b",133,"7b2e0",615,"19124",616,"747a4",134,"ba0be",135,"4f74f",617,"a0690",136,"f6c97",618,"bd213",620,"ce837",137,"7e735",622,"696a4",138,"53b16",625,"22ff5",626,"63d1b",139,"2cf34",627,"8ae68",628,"798f7",140,"2dafd",141,"b12ee",629,"d6e5e",630,"9b723",142,"27083",143,"6b719",632,"8586a",144,"6e12a",145,"ff38d",636,"05198",638,"015de",639,"b3e55",146,"4da84",641,"1062a",147,"89017",646,"ebce3",148,"dd1c2",647,"4c555",648,"e2e8f",649,"d1046",149,"eb916",150,"92b25",151,"4dea4",650,"d1f4a",152,"bd609",651,"7b4f7",654,"8f9f7",153,"1600e",154,"d0287",155,"65f47",156,"f4ee8",157,"df6f8",158,"98514",660,"f9b93",159,"ee8b5",160,"82e2d",161,"532dc",162,"c9e96",661,"1b25d",662,"62a35",163,"f90d9",164,"e913a",664,"c561d",665,"bd420",667,"45ebc",668,"641ad",672,"f9406",165,"23dd6",674,"9763f",675,"b7b43",166,"86da4",167,"3d087",680,"d6643",168,"fa6d5",169,"a8faf",681,"f4801",682,"5b4e4",683,"f60f5",687,"aa4d7",170,"9948d",171,"29283",689,"829d4",690,"cb8c6",172,"d7fb1",691,"82ffb",692,"e443a",694,"99f2e",173,"3318c",697,"ceadf",698,"3dd78",699,"4a2ec",174,"35271",701,"6d829",175,"813e2",702,"f67a5",703,"fcb88",176,"8a36a",177,"c7678",708,"d4115",178,"d7fd7",709,"b37bd",712,"5578a",713,"9efcc",179,"711b9",714,"da2fc",715,"b8eb5",716,"0cb05",180,"61f19",720,"1774a",722,"229f6",723,"a202d",181,"b8cdc",182,"c73c2",727,"a51b2",183,"16c6b",184,"0e56c",730,"33e47",185,"bfbd0",732,"2f58b",734,"27ff4",186,"40c4f",735,"c132f",187,"1020b",737,"7a4cf",739,"b146f",188,"730a0",189,"cf02a",190,"9c95d",191,"c030e",192,"f0493",741,"60311",743,"c7e14",193,"34c49",194,"0be3f",195,"1d579",196,"c3ae0",748,"5017e",749,"ca0d0",197,"566ef",750,"a4f5c",198,"61d54",199,"e75b6",200,"e9f94",752,"6ca6b",754,"75768",201,"8386f",755,"e06e7",756,"cb9fe",202,"9d988",203,"06288",758,"05dc8",759,"c631f",760,"85557",761,"dd498",762,"2bbd3",763,"800b5",204,"af17a",765,"f7a5f",766,"a9eae",767,"e323e",205,"ec251",768,"10932",772,"ab87c",773,"ccde8",774,"90b65",206,"eecbc",776,"e6684",778,"e5fda",779,"ed149",782,"0acea",783,"e9ed5",207,"9546e",787,"55bc8",208,"6422f",788,"0fcbc",791,"26678",793,"f423b",794,"e99ae",209,"2da71",210,"5385c",211,"078b6",212,"04df5",798,"384c0",213,"25ef7",799,"5eb91",214,"2952f",215,"2e97f",803,"6db65",804,"c3a5f",805,"d4688",216,"451fd",806,"d55c2",807,"25705",217,"4883d",218,"aa71e",809,"2f271",810,"614e0",219,"ed578",220,"e440a",221,"5d238",222,"f97fa",223,"2b019",224,"d1c7d",225,"974de",814,"f3cfb",226,"2c6bf",227,"35b42",818,"22757",820,"5e248",821,"f1568",824,"4f029",228,"32ddc",229,"a7750",825,"5e54d",826,"b6efc",230,"8c38b",828,"2d60a",829,"a9fa7",231,"64b63",232,"6f9fc",233,"07df1",831,"26ed5",234,"d95e9",834,"b6b5b",837,"b9e2d",838,"64b4e",839,"8c816",235,"9e704",843,"8fb03",844,"bef4a",236,"d03e8",237,"70369",238,"d8416",845,"fc6b5",846,"6e3af",847,"e035a",239,"8e337",240,"4a01c",849,"96a9b",241,"c8b34",242,"ced8f",243,"1882c",244,"14df6",851,"6d229",852,"76ac9",245,"f69fc",246,"8e482",247,"e2e3e",853,"fe250",855,"2720c",248,"b1dde",856,"41972",249,"c67cd",250,"4256a",861,"10713",251,"0c25b",863,"3e42b",865,"c2e92",252,"48e9b",253,"ca94d",868,"04eac",870,"4ab8c",254,"70ce1",872,"61cc9",873,"c6361",874,"996e0",875,"34e2b",876,"2f3c0",255,"e4ad1",256,"af75d",878,"61076",257,"64e27",258,"f3649",879,"8df7e",882,"f009b",259,"152a4",260,"b2aa7",883,"8418e",884,"ca89e",887,"87556",261,"428e5",262,"05357",263,"74bc9",890,"bda6c",892,"2623e",264,"0f22a",894,"ec17f",897,"6f9ab",265,"5a44f",266,"ae0df",898,"e928e",899,"47676",267,"4a0ec",900,"bec0a",901,"e1d0b",268,"46f3e",269,"56ccf",270,"025db"]}}