[1,["ecpdLyjvZBwrvm+cedCcQy","b3Zlt0/RhLR6/CYn9NVb3t","34W7DxHl5LXJ08HcQP2LH5"],["node","_textureSetter","root","data","_spriteFrame"],[["cc.Node",["_name","_components","_prefab","_contentSize","_children","_parent"],2,9,4,5,2,1],["cc.PrefabInfo",["fileId","root","asset"],2,1,1],"cc.SpriteFrame",["cc.Prefab",["_name"],2],["cc.Sprite",["node","_materials","_spriteFrame"],3,1,3,6],["cc.Label",["_string","_N$horizontalAlign","_N$verticalAlign","node","_materials"],0,1,3]],[[3,0,2],[0,0,4,1,2,3,2],[0,0,5,1,2,3,2],[4,0,1,2,1],[1,1,2,1],[1,0,1,2,2],[5,0,1,2,3,4,4]],[[[{"name":"img_toast_bg","rect":[0,0,1065,86],"offset":[0,0],"originalSize":[1065,86],"capInsets":[0,0,0,0]}],[2],0,[0],[1],[1]],[[[0,"Toast"],[1,"Toast",[-3],[[3,-2,[1],2]],[4,-1,0],[5,1065,86]],[2,"label",1,[[6,"提示",1,1,-4,[0]]],[5,"d3tlpnhMpADL6ocR9f6FSr",1,0],[5,80,50.4]]],0,[0,2,1,0,0,1,0,-1,2,0,0,2,0,3,1,4],[0,0,0],[-1,-1,4],[0,0,2]]]]