[1,["67bBED7pdGA7TKN3+mFq+8"],0,[["sp.SkeletonData",["_name","_atlasText","textureNames","_skeletonJson","textures"],-1,3]],[[0,0,1,2,3,4,5]],[[0,"effect001","\r\neffect001.png\r\nsize: 101,360\r\nformat: RGBA8888\r\nfilter: Linear,Linear\r\nrepeat: none\r\nb/b10\r\n  rotate: true\r\n  xy: 2, 149\r\n  size: 98, 97\r\n  orig: 98, 97\r\n  offset: 0, 0\r\n  index: -1\r\nb/b11\r\n  rotate: true\r\n  xy: 2, 249\r\n  size: 109, 96\r\n  orig: 109, 96\r\n  offset: 0, 0\r\n  index: -1\r\nb/b8\r\n  rotate: false\r\n  xy: 2, 2\r\n  size: 62, 61\r\n  orig: 62, 61\r\n  offset: 0, 0\r\n  index: -1\r\nb/b9\r\n  rotate: false\r\n  xy: 2, 65\r\n  size: 89, 82\r\n  orig: 89, 82\r\n  offset: 0, 0\r\n  index: -1\r\n",["effect001.png"],{"skeleton":{"hash":"xAfspHznZWxcLnoPfdniZ2/IwXA","spine":"3.8.99","fps":24,"images":"D:/Work/植物大战僵尸2娘化版/动画/娘化版/打击特效/龙骨导出的spine资源/library","audio":"D:\\Work\\植物大战僵尸2娘化版\\动画\\娘化版\\打击特效\\龙骨导出的spine资源"},"bones":[{"name":"root"},{"name":"b8","parent":"root"}],"slots":[{"name":"b8","bone":"b8","attachment":"b/b10"}],"skins":[{"name":"default","attachments":{"b8":{"b/b8":{"width":62,"height":61},"b/b9":{"width":89,"height":82},"b/b10":{"width":98,"height":97},"b/b11":{"width":109,"height":96}}}}],"animations":{"newAnimation":{"slots":{"b8":{"color":[{"color":"ffffff00"},{"time":0.0417,"color":"ffffffff","curve":"stepped"},{"time":0.2917,"color":"ffffffff"},{"time":0.4583,"color":"ffffff00"}],"attachment":[{"name":"b/b8"},{"time":0.125,"name":"b/b9"},{"time":0.2083,"name":"b/b10"},{"time":0.2917,"name":"b/b11"}]}},"bones":{"b8":{"scale":[{"x":0.3,"y":0.3},{"time":0.0417,"x":0.8,"y":0.8},{"time":0.4583}]}}}}},[0]]],0,0,[0],[-1],[0]]