[1,["ecpdLyjvZBwrvm+cedCcQy","ea0k+RFIlAcrVRGw8O/ja8","1c50af12d","e3Na6WdjJK9LpgWa8SaKIQ","85hXDY9ZZOsqUP8lfrCBsz","79zflKT7hAHLSHY5IyW6uX","85fk+6Zb1LPZnwt+8gi4hV","9cy62wHwdBt5zQdy08G4o8","64coZUT3tNT7X9AaOURGOi","d4+Wj6w1xEPLJbzWCvA8yw","21Rj4iiARMsoTzUWmKRUwa","5efU7WBMZNuo+uW010E+fF","1314782d5"],["_textureSetter","node","_spriteFrame","root","dropSpri","dropNode","animation","data","poolPrefab","_N$skeletonData"],["cc.SpriteFrame",["cc.Node",["_name","_children","_components","_prefab","_contentSize","_parent","_trs"],2,2,9,4,5,1,7],["cc.Node",["_name","_parent","_components","_prefab","_contentSize"],2,1,2,4,5],["cc.PrefabInfo",["fileId","root","asset"],2,1,1],["cc.Sprite",["_sizeMode","node","_materials","_spriteFrame"],2,1,3,6],["cc.Prefab",["_name"],2],["b02987q0AFJKLS8MgxGVLpM",["node","animation","dropNode","dropSpri","dropFrameArr","poolPrefab"],3,1,1,1,1,3,6],["sp.Skeleton",["defaultSkin","defaultAnimation","_preCacheMode","premultipliedAlpha","_animationName","_N$enableBatch","node","_materials"],-3,1,3],["261d4+Q1HdGA5w3tjdBw83c",["node","spineAnimation"],3,1,1]],[[3,0,1,2,2],[5,0,2],[1,0,1,2,3,4,2],[1,0,5,1,2,3,4,6,2],[2,0,1,2,3,2],[2,0,1,2,3,4,2],[6,0,1,2,3,4,5,1],[3,1,2,1],[4,0,1,2,3,2],[4,0,1,2,2],[7,0,1,2,3,4,5,6,7,7],[8,0,1,1]],[[[[1,"DropCoin"],[2,"DropCoin",[-6,-7],[[6,-5,-4,-3,-2,[4,5,6,7],8]],[7,-1,0],[5,70,70]],[3,"drop_light",1,[-9],[[8,0,-8,[2],3]],[0,"6e5kxQ7nFKRp6HA0zV2VC9",1,0],[5,100,100],[0,0,0,0,0,0,1,1.3,1.3,1]],[4,"14FX_pr",1,[-10,-11],[0,"f5Rl7kjclJ66b+Rq7OLKSK",1,0]],[10,"default","pr3",0,false,"pr3",true,3,[0]],[11,3,4],[5,"dropSpri",2,[-12],[0,"37IzaiF3NBS7RC4LCKV8uc",1,0],[5,65,65]],[9,0,6,[1]]],0,[0,3,1,0,4,7,0,5,2,0,6,5,0,1,1,0,-1,3,0,-2,2,0,1,2,0,-1,6,0,-1,4,0,-2,5,0,-1,7,0,7,1,12],[0,0,0,0,0,0,0,0,0,4,7],[-1,-1,-1,2,-1,-2,-3,-4,8,9,2],[3,0,0,4,1,5,6,7,8,9,1]],[[{"name":"chocolate","rect":[0,0,66,98],"offset":[0,0],"originalSize":[66,98],"capInsets":[0,0,0,0]}],[0],0,[0],[0],[10]],[[{"name":"garden_pot_flower","rect":[0,0,100,101],"offset":[0,0],"originalSize":[100,101],"capInsets":[0,0,0,0]}],[0],0,[0],[0],[11]],[[{"name":"drop_light","rect":[573,337,347,347],"offset":[0,0],"originalSize":[355,355],"capInsets":[0,0,0,0]}],[0],0,[0],[0],[2]],[[{"name":"drop_gift","rect":[573,3,328,363],"offset":[0,0],"originalSize":[328,363],"rotated":1,"capInsets":[0,0,0,0]}],[0],0,[0],[0],[2]],[[{"name":"30","rect":[173,905,83,79],"offset":[0,0],"originalSize":[83,79],"rotated":1,"capInsets":[0,0,0,0]}],[0],0,[0],[0],[12]]]]