[1,["ecpdLyjvZBwrvm+cedCcQy","caohSHbS5GEIzmwCrnMGn5","bfSDBsij1FgJInHxxQ1pLJ","2aKJYU6u9G55yvfDap1e83","1606a1f26","97RWUdbdhDf7PwmKzSu13g","35AWwDfGJD1Y9nlO1C+xZs","77ao5MeUpNcKbbXEb/z1P4","d61C/zuQVIGJ7IAWakUXS9","cavc9j4QRNqpxv+KB1O/L2","ef7ILtPalHj6mzG3Eaqegg","1ck1Yi/LlB8JKzBOWUtWiJ","87OAa9f15Nm6EEaBJEQiuy","34R4nAUsBDOrdayS/APw85","ae6BjByXxPfphDzXG2zZO4","65ybVT/JhNvbjVcDxJ07U+","63HaUmZ3RNb78E7IJpsc5Z","5b2E3BaVNNzZPAk8+DkCbZ","b4NyK4BnlJ9rxk6ps4cBiS","21YQCh38JC0p3uHD5IvuB3","5aalEjxDdKdrNa7bJxf8La","2b7dbpFudEIKLJQ+wQLCHj","41h23UWCFA2LzhkavM30Uq","0ch3xcXF1A1r1bNwKP9Cyv","0aEQkUvelGBYm1Vmt+gHMR"],["node","_spriteFrame","_N$file","_textureSetter","root","node_belt","img_nextPart","img_pictureBook","shareBtn","btnTxt","trophy","taco","handbookNode","shovel","priceLabel","cardIcon","cardBoard","plantDesc","plantName","tittle","data","_parent"],[["cc.Node",["_name","_prefab","_contentSize","_components","_parent","_trs","_children","_eulerAngles","_color","_anchorPoint"],2,4,5,9,1,7,2,5,5,5],["cc.Sprite",["_sizeMode","_isTrimmedMode","_type","node","_materials","_spriteFrame"],0,1,3,6],["cc.Node",["_name","_parent","_components","_prefab","_contentSize","_trs","_anchorPoint","_children","_color"],2,1,2,4,5,7,5,2,5],["cc.Label",["_string","_fontSize","_N$horizontalAlign","_N$verticalAlign","_lineHeight","_isSystemFontUsed","_N$overflow","node","_materials","_N$file"],-4,1,3,6],["cc.Widget",["_alignFlags","_originalWidth","_originalHeight","_left","_right","_top","_bottom","node"],-4,1],["cc.PrefabInfo",["fileId","root","asset"],2,1,1],"cc.SpriteFrame",["cc.Prefab",["_name"],2],["cc.Node",["_name","_parent","_components","_prefab","_color","_contentSize","_trs"],2,1,12,4,5,5,7],["cc.BlockInputEvents",["node"],3,1],["f9afcKJigNB0qIcbc5rtBY4",["node","tittle","plantName","plantDesc","cardBoard","cardBoardFrames","cardIcon","priceLabel","shovel","handbookNode","taco","trophy","btnTxt","shareBtn","img_pictureBook","img_nextPart","node_belt"],3,1,1,1,1,1,3,1,1,1,1,1,1,1,1,1,1,1],["cc.Button",["_N$transition","node","clickEvents"],2,1,9],["cc.ClickEvent",["_componentId","handler","target"],1,1],["cc.Layout",["_resize","_N$layoutType","_N$spacingX","node","_layoutSize"],0,1,5],["cc.LabelOutline",["_width","node","_color"],2,1,5]],[[5,0,1,2,2],[0,0,4,6,3,1,2,5,2],[1,3,4,5,1],[1,2,0,1,3,4,5,4],[0,0,4,3,1,2,2],[14,0,1,2,2],[8,0,1,2,3,4,5,6,2],[1,3,4,1],[3,0,1,4,5,2,3,7,8,7],[0,0,6,3,1,2,5,2],[0,0,4,3,1,2,5,2],[1,2,0,3,4,5,3],[11,0,1,2,2],[12,0,1,2,3],[7,0,2],[0,0,4,3,1,2,5,7,2],[0,0,4,3,1,8,2,5,2],[0,0,4,6,1,2,9,2],[2,0,1,7,2,3,4,6,5,2],[2,0,1,7,2,3,4,5,2],[2,0,1,2,3,4,6,5,2],[2,0,1,2,3,8,4,6,5,2],[2,0,1,2,3,4,5,2],[2,0,1,2,3,8,4,5,2],[4,0,7,2],[4,0,1,2,7,4],[4,0,3,4,5,6,1,2,7,8],[9,0,1],[10,0,1,2,3,4,5,6,7,8,9,10,11,12,13,14,15,16,1],[5,1,2,1],[1,0,3,4,5,2],[1,0,1,3,4,5,3],[1,0,1,3,4,3],[13,0,1,2,3,4,4],[3,0,1,4,5,2,3,7,8,9,7],[3,0,1,4,2,3,7,8,6],[3,0,1,5,2,3,6,7,8,7]],[[[{"name":"lv_img2","rect":[205,118,196,144],"offset":[0,0],"originalSize":[196,144],"capInsets":[0,0,0,0]}],[6],0,[0],[3],[4]],[[[14,"NewPlantView"],[9,"NewPlantView",[-20,-21,-22,-23,-24,-25],[[24,45,-2],[27,-3],[28,-19,-18,-17,-16,-15,[43,44,45,46,47],-14,-13,-12,-11,-10,-9,-8,-7,-6,-5,-4]],[29,-1,0],[5,1280,720],[640,360,0,0,0,0,1,1,1,1]],[9,"plant_board",[-27,-28,-29,-30,-31,-32],[[2,-26,[25],26]],[0,"9biWQNEsVKjLUeYStctuPs",1,0],[5,235,234],[0,-4,0,0,0,0,1,1,1,1]],[1,"common_board",1,[-34,-35,-36],[[3,1,0,false,-33,[32],33]],[0,"c3q72gGshGuLik3WuIQnUq",1,0],[5,944,410],[-4,17,0,0,0,0,1,1,1,1]],[1,"btn_share",1,[-39],[[3,1,0,false,-37,[41],42],[12,3,-38,[[13,"f9afcKJigNB0qIcbc5rtBY4","clickShare",1]]]],[0,"317oV7NDhMwp/8qF0uiVIb",1,0],[5,350,91],[200,-260,0,0,0,0,1,1,1,0]],[18,"PlantCard",2,[-41,-42],[-40],[0,"ebIlmUIcZHVJlsws2sC0Q/",1,0],[5,136,75],[0,0,0.5],[-105.821,4.133,0,0,0,0,1,1.5,1.5,1]],[19,"pictureBook",2,[-44,-45],[-43],[0,"6bA6a+iYxAO73PfmwmPKak",1,0],[5,171,123],[0,4,0,0,0,0,1,1.2,1.2,1]],[1,"belt",6,[-47],[[30,0,-46,[22],23]],[0,"98P3P7nCVKG7hSFm8hA6YO",1,0],[5,36,147],[-34.258,7.241,0,0,0,0,1,0.5,0.49,0.83333]],[1,"btn_next_part",1,[-50],[[3,1,0,false,-48,[35],36],[12,3,-49,[[13,"f9afcKJigNB0qIcbc5rtBY4","clickNext",1]]]],[0,"eeaDHGyghC05GGrLsFqL8L",1,0],[5,350,91],[-200,-260,0,0,0,0,1,1,1,0]],[1,"layout",4,[-52,-53],[[33,1,1,2,-51,[5,128,91]]],[0,"da6aYeO4NBWItbwq3f6Kai",1,0],[5,128,91],[-3,-2.585,0,0,0,0,1,1,1,1]],[4,"new_plant_bg",1,[[11,1,0,-54,[0],1],[25,45,149,142,-55]],[0,"60SM3LLMhCu5rZp4gmazEs",1,0],[5,1280,720]],[4,"new_plant_bg2",1,[[3,1,0,false,-56,[2],3],[26,45,35,35,20,20,70,62,-57]],[0,"eevDzADEBDabQ7eKr0AbFQ",1,0],[5,1210,680]],[6,"tittle",1,[[-58,[5,2,-59,[4,4278330370]]],1,4],[0,"876He1lS9IOIC3O/5XNJo9",1,0],[4,4279746326],[5,375.34,67],[0,275,0,0,0,0,1,1,1,1]],[6,"plant_name",3,[[-60,[5,2,-61,[4,4278596427]]],1,4],[0,"520yeJLOhKKqVGL1m+YSWD",1,0],[4,4280135167],[5,130,61.96],[0,160,0,0,0,0,1,1,1,1]],[1,"plant_board_bg",3,[2],[[3,1,0,false,-62,[27],28]],[0,"e9aG1mgmNB2KRQBN7cIo15",1,0],[5,300,296],[-266,-23,0,0,0,0,1,1,1,1]],[1,"plant_price_bg",5,[-64],[[31,2,false,-63,[8],9]],[0,"01mjxqw61I6rsQ37U3phlT",1,0],[5,57,31],[101,-14.7,0,0,0,0,1,1,1,1]],[15,"Shovel",2,[[2,-65,[11],12]],[0,"485IkLG/VFqosaCO4w6H+i",1,0],[5,200,100],[0,0,0,0,0,0.25881904510252074,0.9659258262890683,1,1,1],[1,0,0,30]],[4,"drop_handbook",2,[[2,-66,[13],14]],[0,"cdsd9fAydPnbMZGESzocIg",1,0],[5,145,143]],[10,"drop_taco",2,[[2,-67,[15],16]],[0,"37Xkgg3HJGA5yVANi6rPs+",1,0],[5,126,111],[0,4,0,0,0,0,1,1,1,1]],[4,"drop_trophy",2,[[2,-68,[17],18]],[0,"bbDi+hzB1BU5Y01wZmwBC2",1,0],[5,183,169]],[1,"plant_desc_bg",3,[-70],[[3,1,0,false,-69,[30],31]],[0,"69dokA5C9K0rWKC53x8u+J",1,0],[5,490,223],[176,-25,0,0,0,0,1,1,1,1]],[6,"txt",8,[[-71,[5,2,-72,[4,4278596427]]],1,4],[0,"6eAsd6TxBM8ZzNl6Huae17",1,0],[4,4280135167],[5,88,61.96],[9,2,0,0,0,0,1,1,1,1]],[16,"txt",9,[[34,"分享",42,46,false,1,1,-73,[39],40],[5,2,-74,[4,4278596427]]],[0,"96jW6HIkJFXaEv23hoo0gV",1,0],[4,4280135167],[5,88,61.96],[20,2,0,0,0,0,1,1,1,1]],[8,"你得到一株新植物!",45,50,false,1,1,12,[4]],[8,"向日葵",42,46,false,1,1,13,[5]],[17,"Card",5,[-75],[0,"6bCu4qpaJM9JzXNStYDScI",1,0],[5,136,75],[0,0,0.5]],[20,"Icon",25,[-76],[0,"5d54eNNPVA7qwC17vIQ2tC",1,0],[5,128,68],[0,0,0.5],[0,4,0,0,0,0,1,1,1,1]],[32,2,false,26,[6]],[21,"price",15,[-77],[0,"64FNjhxgZHLYvP7SnpjQ20",1,0],[4,4278190080],[5,33.37,42.84],[0,1,0.5],[31,0.7,0,0,0,0,1,1,1,1]],[35,"50",30,34,1,1,28,[7]],[7,5,[10]],[22,"lv_img2",6,[-78],[0,"b8FqzvP8dHJIv+Ykb/2UcE",1,0],[5,196,144],[5.337,7.471,0,0,0,0,1,0.5,0.5,1]],[7,31,[19]],[4,"belt",7,[[11,2,0,-79,[20],21]],[0,"f1lZf93pVGL6U+AIXl10cA",1,0],[5,28.9,139]],[7,6,[24]],[23,"desc",20,[-80],[0,"623kln74RGsa+ybsxh67RA",1,0],[4,4285150504],[5,400,50.4],[2,0,0,0,0,0,1,1,1,1]],[36,"造成大范围毁灭效果",35,false,1,1,3,35,[29]],[8,"继续",42,46,false,1,1,21,[34]],[10,"share_icon",9,[[2,-81,[37],38]],[0,"2cGWX7OzVBXLkJYgUtjpQh",1,0],[5,38,36],[-45,0,0,0,0,0,1,1.2,1.2,1]]],0,[0,4,1,0,0,1,0,0,1,0,5,7,0,6,32,0,7,34,0,8,4,0,9,37,0,10,19,0,11,18,0,12,17,0,13,16,0,14,29,0,15,27,0,16,30,0,17,36,0,18,24,0,19,23,0,0,1,0,-1,10,0,-2,11,0,-3,12,0,-4,3,0,-5,8,0,-6,4,0,0,2,0,-1,5,0,-2,16,0,-3,17,0,-4,18,0,-5,19,0,-6,6,0,0,3,0,-1,13,0,-2,14,0,-3,20,0,0,4,0,0,4,0,-1,9,0,-1,30,0,-1,25,0,-2,15,0,-1,34,0,-1,31,0,-2,7,0,0,7,0,-1,33,0,0,8,0,0,8,0,-1,21,0,0,9,0,-1,38,0,-2,22,0,0,10,0,0,10,0,0,11,0,0,11,0,-1,23,0,0,12,0,-1,24,0,0,13,0,0,14,0,0,15,0,-1,28,0,0,16,0,0,17,0,0,18,0,0,19,0,0,20,0,-1,35,0,-1,37,0,0,21,0,0,22,0,0,22,0,-1,26,0,-1,27,0,-1,29,0,-1,32,0,0,33,0,-1,36,0,0,38,0,20,1,2,21,14,81],[0,0,0,0,0,0,0,0,0,0,0,0,0,0,0,0,0,0,0,0,0,0,0,0,0,0,0,0,0,0,0,0,0,0,0,0,0,0,0,0,0,0,0,0,0,0,0,0,23,24,30,32,34,36,37],[-1,1,-1,1,-1,-1,-1,-1,-1,1,-1,-1,1,-1,1,-1,1,-1,1,-1,-1,1,-1,1,-1,-1,1,-1,1,-1,-1,1,-1,1,-1,-1,1,-1,1,-1,2,-1,1,-1,-2,-3,-4,-5,2,2,1,1,1,2,2],[0,5,0,6,0,0,0,0,0,7,0,0,8,0,9,0,10,0,11,0,0,12,0,13,0,0,14,0,15,0,0,16,0,17,0,0,2,0,18,0,1,0,2,19,3,20,21,22,1,1,3,23,24,1,1]]]]