[1,["1e70b2473","ecpdLyjvZBwrvm+cedCcQy","16572be7f","7a/QZLET9IDreTiBfRn2PD","e85aLEeipEqbh/pVgqaJo3","50E8PjseZNEKHSoXHav3Gn","0fcroNiJRJB7SAv1kxb8Xr","79zflKT7hAHLSHY5IyW6uX","f5gSJkRdNF1ryMpsXVaTpb","22ZbybDQhNGYO5Z23qrQzq","0a2qcwiKtB1byJc1OAtBjA","238ZPQVotNAa5qHBizNkcc","60ZATjbIhB1JSxWaJzYy41","ffshgj6SNMga9KJb6j4HdC","1bzVJuWXBHcol//D/LB8hH","ea0k+RFIlAcrVRGw8O/ja8","7aKVSYjxdIO5IIx2FT60fw","caohSHbS5GEIzmwCrnMGn5","eeDrguTHxLd72PhCp10iFw","135d603fc"],["_textureSetter","node","_spriteFrame","root","limitImg","propAni","select2","select1","icon","pic","t_num","data","_N$skeletonData","_N$file"],["cc.SpriteFrame",["cc.Sprite",["_sizeMode","_isTrimmedMode","node","_materials","_spriteFrame"],1,1,3,6],["cc.Node",["_name","_components","_prefab","_contentSize","_trs","_parent","_children","_anchorPoint"],2,12,4,5,7,1,2,5],["cc.Node",["_name","_active","_opacity","_parent","_components","_prefab","_contentSize","_trs"],0,1,9,4,5,7],["cc.PrefabInfo",["fileId","root","asset"],2,1,1],["cc.Prefab",["_name"],2],["cc.Node",["_name","_parent","_components","_prefab","_trs"],2,1,2,4,7],["43ed1OSNRlOhKabNFu9qsgm",["node","t_num","pic","icon","select1","select2","propAni","iconFrameArr","limitImg","achieveFrameArr"],3,1,1,1,1,1,1,1,3,1,3],["cc.BlockInputEvents",["node"],3,1],["cc.Button",["node","clickEvents"],3,1,9],["cc.ClickEvent",["_componentId","handler","target"],1,1],["cc.LabelOutline",["_width","node","_color"],2,1,5],["sp.Skeleton",["defaultSkin","defaultAnimation","_preCacheMode","_animationName","node","_materials"],-1,1,3],["261d4+Q1HdGA5w3tjdBw83c",["node","spineAnimation"],3,1,1],["cc.Label",["_string","_fontSize","_lineHeight","_isSystemFontUsed","_N$horizontalAlign","_N$verticalAlign","_N$cacheMode","node","_materials"],-4,1,3]],[[4,0,1,2,2],[1,2,3,4,1],[5,0,2],[2,0,6,1,2,3,4,2],[2,0,5,1,2,3,4,2],[2,0,5,1,2,3,7,4,2],[3,0,1,2,3,4,5,6,4],[3,0,1,3,4,5,6,7,3],[3,0,3,4,5,6,7,2],[6,0,1,2,3,4,2],[7,0,1,2,3,4,5,6,7,8,9,1],[4,1,2,1],[1,0,1,2,3,4,3],[1,2,3,1],[1,0,2,3,2],[8,0,1],[9,0,1,1],[10,0,1,2,3],[11,0,1,2,2],[12,0,1,2,3,4,5,5],[13,0,1,1],[14,0,1,2,3,4,5,6,7,8,8]],[[[{"name":"icon_60","rect":[3,520,134,134],"offset":[0,0],"originalSize":[134,134],"capInsets":[0,0,0,0]}],[0],0,[0],[0],[0]],[[{"name":"t_limit","rect":[893,835,88,34],"offset":[0,0],"originalSize":[88,34],"rotated":1,"capInsets":[0,0,0,0]}],[0],0,[0],[0],[2]],[[{"name":"icon_48","rect":[143,531,134,134],"offset":[0,0],"originalSize":[134,134],"capInsets":[0,0,0,0]}],[0],0,[0],[0],[0]],[[{"name":"icon_59","rect":[674,558,134,134],"offset":[0,0],"originalSize":[134,134],"capInsets":[0,0,0,0]}],[0],0,[0],[0],[0]],[[{"name":"icon_42","rect":[814,558,134,134],"offset":[0,0],"originalSize":[134,134],"capInsets":[0,0,0,0]}],[0],0,[0],[0],[0]],[[{"name":"icon_44","rect":[3,660,134,134],"offset":[0,0],"originalSize":[134,134],"capInsets":[0,0,0,0]}],[0],0,[0],[0],[0]],[[[2,"tasksIcon"],[3,"tasksIcon",[-11,-12,-13,-14,-15,-16],[[-2,[10,-10,-9,-8,-7,-6,-5,-4,[10,11],-3,[12,13,14,15,16,17]]],1,4],[11,-1,0],[5,78,78],[39,0,0,0,0,0,1,1,1,1]],[6,"slot_mask",false,140,1,[[12,0,false,-17,[3],4],[15,-18]],[0,"17os+5f4hF/6kZclTTjWGy",1,0],[5,78,78]],[4,"icon",1,[[-19,[16,-20,[[17,"43ed1OSNRlOhKabNFu9qsgm","clickFlowerIcon",1]]]],1,4],[0,"4fIPFFjPZMooRgw9Qv4u2m",1,0],[5,89,88],[0,0,0,0,0,0,1,0.6,0.6,1]],[9,"27FX_ui",1,[-21,-22],[0,"8eKTqFwKtBZaFmh3PzKIre",1,0],[0,0,0,0,0,0,1,0.5,0.5,1]],[5,"lab",1,[[-23,[18,2,-24,[4,4278190080]]],1,4],[0,"f32SpxHgRF3YfG6/38ZAO1",1,0],[5,29.72,24],[0,1,0.5],[38.288,-26,0,0,0,0,1,1,1,1]],[7,"select",false,1,[[1,-25,[5],6]],[0,"44L+/iXm9G14o6Bst+sdzA",1,0],[5,85,72],[0,0,0,0,0,0,1,0.7,0.7,0.7]],[8,"t_limit",1,[[1,-26,[7],8]],[0,"d9o/YWu9xHCrwN+kKyJ93O",1,0],[5,88,34],[0,43,0,0,0,0,1,1,1,1]],[13,3,[0]],[19,"default","1ui_1",0,"1ui_1",4,[1]],[20,4,9],[21,"50",20,20,false,1,1,2,5,[2]],[14,0,1,[9]]],0,[0,3,1,0,-1,12,0,4,7,0,5,10,0,6,6,0,7,2,0,8,8,0,9,12,0,10,11,0,1,1,0,-1,3,0,-2,4,0,-3,5,0,-4,2,0,-5,6,0,-6,7,0,1,2,0,1,2,0,-1,8,0,1,3,0,-1,9,0,-2,10,0,-1,11,0,1,5,0,1,6,0,1,7,0,11,1,26],[0,0,0,0,0,0,0,0,0,0,0,0,0,0,0,0,0,0,8,9,11,12],[-1,-1,-1,-1,2,-1,2,-1,2,-1,-1,-2,-1,-2,-3,-4,-5,-6,2,12,13,2],[1,3,1,1,4,1,5,1,6,1,7,8,9,10,11,12,13,14,15,16,17,18]],[[{"name":"30","rect":[3,730,89,88],"offset":[0,0],"originalSize":[89,88],"capInsets":[0,0,0,0]}],[0],0,[0],[0],[19]],[[{"name":"icon_46","rect":[283,695,134,134],"offset":[0,0],"originalSize":[134,134],"capInsets":[0,0,0,0]}],[0],0,[0],[0],[0]]]]