{"paths":{"0":["Prefab/Zombie/BucketHeadZombie",0],"1":["Prefab/Plant/CherryBomb",0],"2":["Prefab/Sun",0],"4":["Prefab/Zombie/NormalZombie",0],"5":["Prefab/Plant/Peashooter",0],"8":["Prefab/UI/GameWinUI",0],"10":["Prefab/Plant/WallNut",0],"11":["Prefab/Plant/PotatoMine",0],"12":["Prefab/Plant/Sunflower",0],"17":["Prefab/UI/GameFailUI",0],"18":["Prefab/Zombie/ConeHeadZombie",0],"21":["Prefab/Plant/SnowPea",0],"22":["Prefab/UI/StartGameUI",0],"24":["Prefab/Plant/Chomper",0],"26":["Prefab/Zombie/FlagZombie",0]},"types":["cc.Prefab"],"uuids":["06RWt0+kBO4LbED4FsbkPD","08UaTGnFBDa6yIe/A5GOB3","08Zr8RmYFJ3K6OKt9SCuW+","39r7NRuFpH1ZXpIaPwsEeB","42AqzHjmlMsruHyAEb4jqH","4cLPqP7qFKlb1NdhHLLIFY","57ZnZXggZBWJ+V1zMLWbXa","5baOrMCgJKG522CWGZat6o","6297ApbydDnL2WkhaAFfgI","63dCiI3/pCb4TaXR9v9SQd","64HU6xRMNCSrDvBYaxMO1c","64e+RkqUdL9KH+lpGIDrYx","6ftFKMcAdBSo7RXqzE/Wsa","71VhFCTINJM6/Ky3oX9nBT","82TkPDkNZJbIolclvJ8juL","8aCCJA60ZDaIbJC/YVY1j2","9f3EQx6ABH6rHxxL740nAI","a6Rc6W2DdITpyHDZgHLjt1","b1ULP9KvpMsqOVCAYQ+ujJ","b4P/PCArtIdIH38t6mlw8Y","b6j2terVNFqaJK6DlFJJmY","bakBCxJndOArKsUZvVbZMU","d2R+vUmVlG6r0vhb/fRnSY","e8Ueib+qJEhL6mXAHdnwbi","ea1zoEKIJOKIaRIuKqFYRH","f1lPVWU6JGsoeeG+Q8YGM8","f7/df2Y15NFZVPZfwlUMiq","faVX/cIgNM85EX1gLOthex","ffIEdbll1GZoMGH71O5dMY","02delMVqdBD70a/HSD99FK","0272y/bdRKR5QCZe+2LB+L","0cUs2OwE5K0b1+hsyDyx4s","19cvaKLFlHTqdgDAFG1Lf4","29FYIk+N1GYaeWH/q1NxQO","303ZM1d+ZJcY5Txk66hj/A","4aWojXsT9OzqeOcatfdt+X","78YF9GRoVETJJCtVNW1CER","7a/QZLET9IDreTiBfRn2PD","89HKvl8flNloy+gaG5gN5d","8aeIBBKzRC4aZGREnZt2jy","a2MjXRFdtLlYQ5ouAFv/+R","a5MY15aCFD1KMJYjaQ6us8","b0ku/uDTtLs5UT8Fxoo9io","d0qezHe65DWbnuyqtNVfyB","d9/qhRgIFD5pnP7jvF6zZE","e3Na6WdjJK9LpgWa8SaKIQ","e97GVMl6JHh5Ml5qEDdSGa","eb0njAAs1F1ZXHt+JPCxae","ecpdLyjvZBwrvm+cedCcQy","f0BIwQ8D5Ml7nTNQbh1YlS","f0Wc4Zm/FL1JXLEbCNM76n"],"scenes":{},"redirect":[29,0,37,0,48,0],"deps":["internal"],"packs":{"015201f10":[2,34],"01f16288f":[41,26],"03773fee3":[3,6,7,9,13,14,15,16,19,20,23,25,27,28],"0491edd67":[35,10],"06a70bc0c":[38,24],"09c53862b":[11,39],"0a11afb61":[33,40,46,49],"0bbf88b60":[30,45],"0cb774f13":[1,36],"0f6b82759":[31,21,44,50],"0f8117072":[32,5,47]},"name":"resources","importBase":"import","nativeBase":"native","debug":false,"isZip":false,"encrypted":false,"versions":{"import":["015201f10","32db0","01f16288f","0936b","03773fee3","1a978","0491edd67","3dcf1",0,"54aca","06a70bc0c","1d3c8","09c53862b","ea5c6","0a11afb61","20096","0bbf88b60","a1d20","0cb774f13","a842a","0f6b82759","dc2e8","0f8117072","fac51",4,"39720",8,"2a9db",12,"b3c6c",17,"f9d34",42,"1c5d0",18,"05a45",43,"9346e",22,"27913"],"native":[3,"bf679",6,"928ba",7,"4a82f",9,"855b6",13,"c06a9",14,"19aa0",15,"83aff",16,"02c2c",19,"83fcc",20,"d8c86",23,"90cf4",25,"f244a",27,"d8ff2",28,"19aa0"]}}