[1,["ecpdLyjvZBwrvm+cedCcQy","caohSHbS5GEIzmwCrnMGn5","7a/QZLET9IDreTiBfRn2PD","1cIzNMp4pF1aTd4ii9DZ0e","6eguEQ1K1PLLycc2bdJxPT","97RWUdbdhDf7PwmKzSu13g","35AWwDfGJD1Y9nlO1C+xZs","15U2uVlqxEB4yYjqRtzLmL","65ybVT/JhNvbjVcDxJ07U+","dadQ2zZntCQp4oUekYnXUp","f8v4ejyZVAr7IoynpY4Z8O","5b2E3BaVNNzZPAk8+DkCbZ","c4CGt6V2BEELgWlQZ2tLBZ","60afZXM9FL9LYMQe6oLLq2","4aZUFa/pFDCLQfQjwehgWn","61gmdS5rFPHr+LE2zChh66","2feRlJ3QNFh5DUZG3E5FSJ","11aX3SpyRCQ5Ea1ipmYGdA"],["node","_spriteFrame","_N$file","_textureSetter","_N$skeletonData","root","data"],[["cc.Node",["_name","_components","_prefab","_contentSize","_trs","_parent","_children","_color","_anchorPoint"],2,9,4,5,7,1,2,5,5],["cc.Widget",["_alignFlags","_originalWidth","_originalHeight","_left","_right","_top","_bottom","node"],-4,1],["cc.Sprite",["_type","_sizeMode","_isTrimmedMode","node","_materials","_spriteFrame"],0,1,3,6],["cc.Label",["_string","_isSystemFontUsed","_N$horizontalAlign","_N$verticalAlign","_lineHeight","_fontSize","node","_materials","_N$file"],-3,1,3,6],"cc.SpriteFrame",["cc.PrefabInfo",["fileId","root","asset"],2,1,1],["cc.Button",["_N$transition","node","clickEvents"],2,1,9],["cc.Prefab",["_name"],2],["cc.BlockInputEvents",["node"],3,1],["3cd4cOQNe5AlKqqOM/396Us",["node"],3,1],["cc.ClickEvent",["_componentId","handler","target"],1,1],["cc.LabelOutline",["_width","node","_color"],2,1,5],["sp.Skeleton",["defaultSkin","defaultAnimation","_preCacheMode","_animationName","node","_materials","_N$skeletonData"],-1,1,3,6]],[[5,0,1,2,2],[0,0,5,1,2,3,4,2],[2,0,1,2,3,4,5,4],[0,0,5,6,1,2,3,4,2],[0,0,5,1,2,7,3,4,2],[2,3,4,5,1],[10,0,1,2,3],[11,0,1,2,2],[0,0,5,1,2,3,2],[0,0,5,1,2,3,8,4,2],[6,1,2,1],[3,0,4,1,2,3,6,7,8,6],[12,0,1,2,3,4,5,6,5],[7,0,2],[0,0,6,1,2,3,4,2],[1,0,7,2],[1,0,1,2,7,4],[1,0,3,4,5,6,1,2,7,8],[8,0,1],[9,0,1],[5,1,2,1],[2,0,1,3,4,5,3],[6,0,1,2,2],[3,0,5,4,1,2,3,6,7,8,7],[3,0,1,2,3,6,7,8,5]],[[[{"name":"tittle_bg","rect":[0,0,853,118],"offset":[0,0],"originalSize":[853,118],"capInsets":[370,0,420,0]}],[4],0,[0],[3],[3]],[[{"name":"zombie_board_down","rect":[0,0,248,46],"offset":[0,0],"originalSize":[248,46],"capInsets":[105,0,105,0]}],[4],0,[0],[3],[4]],[[[13,"HandbookView"],[14,"HandbookView",[-5,-6,-7,-8,-9,-10],[[15,45,-2],[18,-3],[19,-4]],[20,-1,0],[5,1280,720],[640,360,0,0,0,0,1,1,1,1]],[3,"plant_board",1,[-13,-14,-15,-16],[[2,1,0,false,-11,[16],17],[10,-12,[[6,"3cd4cOQNe5AlKqqOM/396Us","clickPlantBook",1]]]],[0,"32mcJoBldHqapwWcSu78rI",1,0],[5,405,364],[-263,-44,0,0,0,0,1,1,1,1]],[3,"zombie_board",1,[-18,-19,-20,-21,-22],[[2,1,0,false,-17,[26],27]],[0,"19fAMiDwxAGJ96KF2BEqMq",1,0],[5,413,100],[230,89,0,0,0,0,1,1,1,1]],[3,"btn_close",1,[-25,-26],[[5,-23,[32],33],[22,3,-24,[[6,"3cd4cOQNe5AlKqqOM/396Us","clickClose",1]]]],[0,"5dqnZKsllEqployEUjHi2M",1,0],[5,186,67],[449,-317,0,0,0,0,1,1,1,0]],[8,"new_plant_bg",1,[[21,1,0,-27,[0],1],[16,45,149,142,-28]],[0,"2fzir3ENRNqLigvE3WcoNE",1,0],[5,1280,720]],[8,"new_plant_bg2",1,[[2,1,0,false,-29,[2],3],[17,45,35,35,20,20,70,62,-30]],[0,"7dsX9raBFJWIij8EXdbKmY",1,0],[5,1210,680]],[3,"tittle_bg",1,[-32],[[2,1,0,false,-31,[6],7]],[0,"0e2Gs39XpACZhg0uTGh4gK",1,0],[5,1150,118],[-2,262,0,0,0,0,1,1,1,1]],[1,"tittle",7,[[23,"大图鉴-目录",70,75,false,1,1,-33,[4],5],[7,2,-34,[4,4278190080]]],[0,"d6xRdSfKdDvYfIOBEskIOf",1,0],[5,395.86,98.5],[4,2,0,0,0,0,1,1,1,1]],[4,"txt",2,[[11,"查看植物",44,false,1,1,-35,[14],15],[7,2,-36,[4,4278596427]]],[0,"59foJvhelKEq8G0G2fHF9m",1,0],[4,4280135167],[5,164,59.44],[0,-116,0,0,0,0,1,1,1,1]],[4,"txt",3,[[11,"查看僵尸",44,false,1,1,-37,[24],25],[7,2,-38,[4,4278330370]]],[0,"5b0LjWILtBfrk+4byuy0k1",1,0],[4,4279746326],[5,164,59.44],[0,-244,0,0,0,0,1,1,1,1]],[1,"plant_board_bg",2,[[2,1,0,false,-39,[8],9]],[0,"87l7xSnUpGMLmYTOcK2l0Z",1,0],[5,350,303],[-1,1,0,0,0,0,1,1,1,1]],[1,"shadow_new",2,[[5,-40,[10],11]],[0,"b4Ot4RK+JMtZpzWYwh41JC",1,0],[5,74,37],[0,-39,0,0,0,0,1,1,1,1]],[1,"02_plant",2,[[12,"default","idle1",0,"idle1",-41,[12],13]],[0,"f6x1aPGYlKnrJtF1/oqQFG",1,0],[5,78.68,90.14],[0,-36,0,0,0,0,1,1,1,1]],[9,"common_pop_view_3",3,[[2,1,0,false,-42,[18],19]],[0,"acUhlLeQVGcJrGEqNXudX1",1,0],[5,407,223],[0,0.5,1],[1,-49,0,0,0,0,1,1,1,1]],[9,"zombie_board_down",3,[[2,1,0,false,-43,[20],21]],[0,"5avrsttP9P9aX1pwaiw6vk",1,0],[5,412,46],[0,0.5,0],[-0.5,-316,0,0,0,0,1,1,1,1]],[1,"01_03zombie",3,[[12,"zombie_1","idle1",0,"idle1",-44,[22],23]],[0,"9d8J0W2tZNo5S1UZB4rxj7",1,0],[5,96.54,148.2],[0,-206,0,0,0,0,1,1,1,1]],[1,"btn",3,[[10,-45,[[6,"3cd4cOQNe5AlKqqOM/396Us","clickZombieBook",1]]]],[0,"a6W3CCkg5K64FYSVVjfFiv",1,0],[5,413,364],[0,-131,0,0,0,0,1,1,1,1]],[4,"txt",4,[[24,"关闭",false,1,1,-46,[28],29]],[0,"0apnSsa6tHeJ/evk8ew20A",1,0],[4,4285150504],[5,80,50.4],[-29,0,0,0,0,0,1,1,1,1]],[1,"btn_close",4,[[5,-47,[30],31]],[0,"61M+oiZYFKqb5LK18kJbFV",1,0],[5,78,72],[51,0,0,0,0,0,1,0.55,0.55,1]]],0,[0,5,1,0,0,1,0,0,1,0,0,1,0,-1,5,0,-2,6,0,-3,7,0,-4,2,0,-5,3,0,-6,4,0,0,2,0,0,2,0,-1,11,0,-2,12,0,-3,13,0,-4,9,0,0,3,0,-1,14,0,-2,15,0,-3,16,0,-4,10,0,-5,17,0,0,4,0,0,4,0,-1,18,0,-2,19,0,0,5,0,0,5,0,0,6,0,0,6,0,0,7,0,-1,8,0,0,8,0,0,8,0,0,9,0,0,9,0,0,10,0,0,10,0,0,11,0,0,12,0,0,13,0,0,14,0,0,15,0,0,16,0,0,17,0,0,18,0,0,19,0,6,1,47],[0,0,0,0,0,0,0,0,0,0,0,0,0,0,0,0,0,0,0,0,0,0,0,0,0,0,0,0,0,0,0,0,0,0],[-1,1,-1,1,-1,2,-1,1,-1,1,-1,1,-1,4,-1,2,-1,1,-1,1,-1,1,-1,4,-1,2,-1,1,-1,2,-1,1,-1,1],[0,5,0,6,0,1,0,7,0,8,0,9,2,10,0,1,0,11,0,12,0,13,2,14,0,1,0,15,0,1,0,16,0,17]]]]