[1,["e3Na6WdjJK9LpgWa8SaKIQ","a1mZ7z5QFEvqpxLBkwltHF","b0j/bYlNxJ7Y5BeOfLRPOa"],["root","body","animation","node","data","_N$skeletonData"],[["cc.Node",["_name","_groupIndex","_parent","_components","_prefab","_contentSize"],1,1,2,4,5],["cc.PrefabInfo",["fileId","root","asset"],2,1,1],["cc.Prefab",["_name"],2],["cc.Node",["_name","_children","_components","_prefab","_trs"],2,2,12,4,7],["bb6aaesl+ZIn5FoUcBvWlno",["node","animation","body"],3,1,1,1],["cc.BoxCollider",["node","_offset","_size"],3,1,5,5],["96c396uvMtPhLUJFoRD9JmK",["node","body"],3,1,1],["sp.Skeleton",["defaultSkin","defaultAnimation","_preCacheMode","_animationName","node","_materials"],-1,1,3],["261d4+Q1HdGA5w3tjdBw83c",["activeFlash","node","spineAnimation"],2,1,1],["sp.SkeletonData",["_name","_atlasText","textureNames","_skeletonJson","textures"],-1,3]],[[1,0,1,2,2],[2,0,2],[3,0,1,2,3,4,2],[0,0,1,2,3,4,3],[0,0,2,3,4,5,2],[4,0,1,2,1],[1,1,2,1],[5,0,1,2,1],[6,0,1,1],[7,0,1,2,3,4,5,5],[8,0,1,2,2],[9,0,1,2,3,4,5]],[[[[1,"Plantern"],[2,"Plantern",[-6,-7],[[-2,[5,-5,-4,-3]],1,4],[6,-1,0],[-494,-293,0,0,0,0,1,1,1,1]],[3,"bodyC",5,1,[-8,-9],[0,"e95mBNz1FJmaDUArCom4hQ",1,0]],[7,2,[0,0,60],[5,100,120]],[8,2,3],[4,"26_plant",1,[-10],[0,"7dYF8PwkZEBrmI1vDBz+Xc",1,0],[5,108.75,118.35]],[9,"default","idle",0,"idle",5,[0]],[10,true,1,6]],0,[0,0,1,0,-1,7,0,1,4,0,2,7,0,3,1,0,-1,2,0,-2,5,0,-1,3,0,-2,4,0,-1,6,0,4,1,10],[0,6],[-1,5],[0,1]],[[[11,"26_plant","\n26_plant.png\nsize: 256,128\nformat: RGBA8888\nfilter: Linear,Linear\nrepeat: none\nball\n  rotate: false\n  xy: 183, 35\n  size: 19, 19\n  orig: 20, 20\n  offset: 0, 0\n  index: -1\neye1\n  rotate: true\n  xy: 14, 3\n  size: 25, 23\n  orig: 26, 25\n  offset: 0, 1\n  index: -1\neye2\n  rotate: true\n  xy: 39, 3\n  size: 25, 15\n  orig: 26, 17\n  offset: 0, 1\n  index: -1\neye3\n  rotate: true\n  xy: 2, 2\n  size: 26, 10\n  orig: 26, 12\n  offset: 0, 1\n  index: -1\nfoot\n  rotate: false\n  xy: 133, 56\n  size: 58, 70\n  orig: 59, 70\n  offset: 0, 0\n  index: -1\nhead\n  rotate: true\n  xy: 2, 30\n  size: 96, 129\n  orig: 97, 130\n  offset: 1, 1\n  index: -1\nleaf1\n  rotate: false\n  xy: 133, 30\n  size: 15, 24\n  orig: 17, 25\n  offset: 1, 1\n  index: -1\nleaf2\n  rotate: false\n  xy: 88, 4\n  size: 29, 24\n  orig: 30, 24\n  offset: 0, 0\n  index: -1\nleaf3\n  rotate: true\n  xy: 167, 34\n  size: 20, 14\n  orig: 20, 16\n  offset: 0, 1\n  index: -1\nleaf4\n  rotate: false\n  xy: 119, 4\n  size: 17, 24\n  orig: 18, 26\n  offset: 0, 1\n  index: -1\nleaf5\n  rotate: false\n  xy: 56, 4\n  size: 30, 24\n  orig: 31, 25\n  offset: 1, 1\n  index: -1\nleaf6\n  rotate: true\n  xy: 186, 14\n  size: 19, 14\n  orig: 21, 16\n  offset: 1, 1\n  index: -1\nleaf7\n  rotate: true\n  xy: 154, 2\n  size: 28, 30\n  orig: 28, 31\n  offset: 0, 1\n  index: -1\nleaf8\n  rotate: true\n  xy: 138, 4\n  size: 24, 14\n  orig: 26, 15\n  offset: 1, 1\n  index: -1\nleaf9\n  rotate: true\n  xy: 150, 32\n  size: 22, 15\n  orig: 23, 16\n  offset: 0, 0\n  index: -1\n",["26_plant.png"],{"skeleton":{"hash":"nMXM6jX1qmAYcR6A36RlYXHbTxs","spine":"3.8.99","x":-56.85,"y":-13.2,"width":108.75,"height":118.35},"bones":[{"name":"root"},{"name":"plant","parent":"root","scaleX":0.15,"scaleY":0.15},{"name":"foot","parent":"plant","length":96.45,"rotation":90},{"name":"head","parent":"plant","length":140.93,"rotation":90,"y":200},{"name":"eye1","parent":"head","x":138.79,"y":-88.09},{"name":"ball","parent":"head","x":443.62,"y":26.91},{"name":"leaf8","parent":"head","length":106.85,"rotation":100.11,"x":228.8,"y":19.81,"scaleX":0.15,"scaleY":0.15,"transform":"noScale"},{"name":"leaf7","parent":"head","length":139.8,"rotation":141.24,"x":227.66,"y":26.84,"scaleX":0.15,"scaleY":0.15,"transform":"noScale"},{"name":"leaf9","parent":"head","length":100.48,"rotation":-121.23,"x":233.57,"y":6.43,"scaleX":0.15,"scaleY":0.15,"transform":"noScale"},{"name":"leaf1","parent":"head","length":111.52,"rotation":-151.21,"x":316.33,"y":-202.63,"scaleX":0.15,"scaleY":0.15,"transform":"noScale"},{"name":"leaf2","parent":"head","length":122.63,"rotation":-80.17,"x":315.25,"y":-211.76,"scaleX":0.15,"scaleY":0.15,"transform":"noScale"},{"name":"leaf3","parent":"head","length":92.76,"rotation":-47.82,"x":334.05,"y":-201.02,"scaleX":0.15,"scaleY":0.15,"transform":"noScale"},{"name":"leaf4","parent":"head","length":121.07,"rotation":154.8,"x":318.98,"y":228.95,"scaleX":0.15,"scaleY":0.15,"transform":"noScale"},{"name":"leaf5","parent":"head","length":137.98,"rotation":77.64,"x":310.38,"y":240.22,"scaleX":0.15,"scaleY":0.15,"transform":"noScale"},{"name":"leaf6","parent":"head","length":106.3,"rotation":40.29,"x":334.55,"y":232.7,"scaleX":0.15,"scaleY":0.15,"transform":"noScale"}],"slots":[{"name":"foot","bone":"foot","attachment":"foot"},{"name":"head","bone":"head","attachment":"head"},{"name":"eye1","bone":"eye1","attachment":"eye1"},{"name":"leaf9","bone":"leaf9","attachment":"leaf9"},{"name":"leaf8","bone":"leaf8","attachment":"leaf8"},{"name":"leaf7","bone":"leaf7","attachment":"leaf7"},{"name":"leaf6","bone":"leaf6","attachment":"leaf6"},{"name":"leaf5","bone":"leaf5","attachment":"leaf5"},{"name":"leaf4","bone":"leaf4","attachment":"leaf4"},{"name":"leaf3","bone":"leaf3","attachment":"leaf3"},{"name":"leaf2","bone":"leaf2","attachment":"leaf2"},{"name":"leaf1","bone":"leaf1","attachment":"leaf1"},{"name":"ball","bone":"ball","attachment":"ball"}],"skins":[{"name":"default","attachments":{"ball":{"ball":{"x":6.38,"y":1.09,"rotation":-90,"width":102,"height":102}},"eye1":{"eye1":{"x":-7.29,"y":5.09,"rotation":-90,"width":132,"height":123},"eye2":{"x":-2.29,"y":5.09,"rotation":-90,"width":132,"height":85},"eye3":{"x":-1.79,"y":5.09,"rotation":-90,"width":132,"height":62}},"foot":{"foot":{"x":88,"y":-0.5,"rotation":-90,"width":295,"height":352}},"head":{"head":{"x":130.5,"y":16.5,"rotation":-90,"width":487,"height":651}},"leaf1":{"leaf1":{"x":52.99,"y":-7.02,"rotation":61.21,"width":86,"height":123}},"leaf2":{"leaf2":{"x":56.81,"y":-16.19,"rotation":-9.83,"width":151,"height":120}},"leaf3":{"leaf3":{"x":41.63,"y":-5.4,"rotation":-42.18,"width":101,"height":78}},"leaf4":{"leaf4":{"x":56.45,"y":3.29,"rotation":115.2,"width":88,"height":129}},"leaf5":{"leaf5":{"x":58.8,"y":13.28,"rotation":-167.64,"width":157,"height":126}},"leaf6":{"leaf6":{"x":40.79,"y":6.45,"rotation":-130.29,"width":106,"height":81}},"leaf7":{"leaf7":{"x":65.49,"y":14.54,"rotation":128.76,"width":139,"height":155}},"leaf8":{"leaf8":{"x":50.72,"y":-7.21,"rotation":169.89,"width":130,"height":74}},"leaf9":{"leaf9":{"x":43.7,"y":3.02,"rotation":31.23,"width":113,"height":79}}}}],"animations":{"idle":{"bones":{"head":{"translate":[{},{"time":0.1333,"y":-3.3},{"time":0.6,"y":-30.33},{"time":0.7333,"y":-24.27},{"time":1.2667}],"scale":[{},{"time":0.1333,"x":0.989,"y":1.011},{"time":0.6,"x":0.927,"y":1.049},{"time":0.7333,"x":0.942,"y":1.039},{"time":1.2667}]},"leaf8":{"rotate":[{},{"time":0.1333,"angle":-21.84},{"time":0.6,"angle":12.08},{"time":0.7333,"angle":33.09},{"time":1.2667}],"translate":[{"time":0.6},{"time":0.7333,"x":-4.28,"y":0.78},{"time":1.2667}]},"leaf7":{"rotate":[{},{"time":0.1333,"angle":-15.07},{"time":0.6,"angle":12.54},{"time":0.7333,"angle":27.88},{"time":1.2667}],"translate":[{},{"time":0.1333,"x":5.52,"y":-5.4},{"time":0.6},{"time":0.7333,"x":-7.71},{"time":1.2667}]},"leaf9":{"rotate":[{},{"time":0.1333,"angle":22.21},{"time":0.6,"angle":-8.26},{"time":0.7333,"angle":-29.5},{"time":1.2667}],"translate":[{"time":0.6},{"time":0.7333,"x":-0.88,"y":-6.21},{"time":1.2667}]},"leaf1":{"rotate":[{},{"time":0.1333,"angle":25.56},{"time":0.6,"angle":-19.64},{"time":0.7333,"angle":-17.99},{"time":1.2667}],"translate":[{"time":0.1333},{"time":0.6,"x":9.57,"y":0.77},{"time":0.7333}]},"leaf2":{"rotate":[{},{"time":0.1333,"angle":16.39},{"time":0.6,"angle":-39.4},{"time":0.7333,"angle":-54.51},{"time":1.2667}],"translate":[{"time":0.1333},{"time":0.6,"x":9.57,"y":0.77},{"time":0.7333,"x":14.56,"y":-1.55},{"time":1.2667}]},"leaf3":{"rotate":[{},{"time":0.1333,"angle":12.65},{"time":0.6,"angle":-22.8},{"time":0.7333,"angle":-59.61},{"time":1.2667}],"translate":[{"time":0.1333},{"time":0.6,"x":9.57,"y":0.77},{"time":0.7333,"x":11.99,"y":1.55},{"time":1.2667}]},"leaf4":{"rotate":[{},{"time":0.1333,"angle":-11.37},{"time":0.6,"angle":12.72},{"time":0.7333,"angle":14.89},{"time":1.2667}],"translate":[{"time":0.1333},{"time":0.6,"x":-10.44,"y":4.61},{"time":0.7333,"x":-11.14,"y":3.1},{"time":1.2667}]},"leaf5":{"rotate":[{},{"time":0.1333,"angle":-10.15},{"time":0.6,"angle":30.89},{"time":0.7333,"angle":51.18},{"time":1.2667}],"translate":[{"time":0.1333},{"time":0.6,"x":-10.44,"y":4.61},{"time":0.7333,"x":-11.14,"y":3.1},{"time":1.2667}]},"leaf6":{"rotate":[{},{"time":0.1333,"angle":-2.61},{"time":0.6,"angle":47.43},{"time":0.7333,"angle":63.33},{"time":1.2667}],"translate":[{"time":0.1333},{"time":0.6,"x":-5.22,"y":13.84},{"time":0.7333,"x":-11.14,"y":3.1},{"time":1.2667}]}}},"idle_eye":{"slots":{"eye1":{"attachment":[{"time":0.5333,"name":"eye2"},{"time":0.6,"name":"eye3"},{"time":0.6667,"name":"eye2"},{"time":0.7333,"name":"eye1"}]}},"bones":{"head":{"translate":[{},{"time":0.1333,"y":-3.3},{"time":0.6,"y":-30.33},{"time":0.7333,"y":-24.27},{"time":1.2667}],"scale":[{},{"time":0.1333,"x":0.989,"y":1.011},{"time":0.6,"x":0.927,"y":1.049},{"time":0.7333,"x":0.942,"y":1.039},{"time":1.2667}]},"leaf8":{"rotate":[{},{"time":0.1333,"angle":-21.84},{"time":0.6,"angle":12.08},{"time":0.7333,"angle":33.09},{"time":1.2667}],"translate":[{"time":0.6},{"time":0.7333,"x":-4.28,"y":0.78},{"time":1.2667}]},"leaf7":{"rotate":[{},{"time":0.1333,"angle":-15.07},{"time":0.6,"angle":12.54},{"time":0.7333,"angle":27.88},{"time":1.2667}],"translate":[{},{"time":0.1333,"x":5.52,"y":-5.4},{"time":0.6},{"time":0.7333,"x":-7.71},{"time":1.2667}]},"leaf9":{"rotate":[{},{"time":0.1333,"angle":22.21},{"time":0.6,"angle":-8.26},{"time":0.7333,"angle":-29.5},{"time":1.2667}],"translate":[{"time":0.6},{"time":0.7333,"x":-0.88,"y":-6.21},{"time":1.2667}]},"leaf1":{"rotate":[{},{"time":0.1333,"angle":25.56},{"time":0.6,"angle":-19.64},{"time":0.7333,"angle":-17.99},{"time":1.2667}],"translate":[{"time":0.1333},{"time":0.6,"x":9.57,"y":0.77},{"time":0.7333}]},"leaf2":{"rotate":[{},{"time":0.1333,"angle":16.39},{"time":0.6,"angle":-39.4},{"time":0.7333,"angle":-54.51},{"time":1.2667}],"translate":[{"time":0.1333},{"time":0.6,"x":9.57,"y":0.77},{"time":0.7333,"x":14.56,"y":-1.55},{"time":1.2667}]},"leaf3":{"rotate":[{},{"time":0.1333,"angle":12.65},{"time":0.6,"angle":-22.8},{"time":0.7333,"angle":-59.61},{"time":1.2667}],"translate":[{"time":0.1333},{"time":0.6,"x":9.57,"y":0.77},{"time":0.7333,"x":11.99,"y":1.55},{"time":1.2667}]},"leaf4":{"rotate":[{},{"time":0.1333,"angle":-11.37},{"time":0.6,"angle":12.72},{"time":0.7333,"angle":14.89},{"time":1.2667}],"translate":[{"time":0.1333},{"time":0.6,"x":-10.44,"y":4.61},{"time":0.7333,"x":-11.14,"y":3.1},{"time":1.2667}]},"leaf5":{"rotate":[{},{"time":0.1333,"angle":-10.15},{"time":0.6,"angle":30.89},{"time":0.7333,"angle":51.18},{"time":1.2667}],"translate":[{"time":0.1333},{"time":0.6,"x":-10.44,"y":4.61},{"time":0.7333,"x":-11.14,"y":3.1},{"time":1.2667}]},"leaf6":{"rotate":[{},{"time":0.1333,"angle":-2.61},{"time":0.6,"angle":47.43},{"time":0.7333,"angle":63.33},{"time":1.2667}],"translate":[{"time":0.1333},{"time":0.6,"x":-5.22,"y":13.84},{"time":0.7333,"x":-11.14,"y":3.1},{"time":1.2667}]}}}}},[0]]],0,0,[0],[-1],[2]]]]