[1,["e3Na6WdjJK9LpgWa8SaKIQ","7a/QZLET9IDreTiBfRn2PD","87x79PsW9LnoTrNdlNEoCn","f1EmNdgf5M36IKlFozs2bB","cf/9oZdvxA7p5Yi+2BY3Mp","7c+p0NDu5Ocb+JApoNoZKe"],["_N$skeletonData","root","shootNode","sleepAni","body","animation","node","data","bulletPrefab"],[["cc.Node",["_name","_groupIndex","_parent","_components","_prefab","_contentSize","_trs"],1,1,2,4,5,7],["cc.Node",["_name","_prefab","_trs","_children","_components","_parent"],2,4,7,2,12,1],["cc.PrefabInfo",["fileId","root","asset"],2,1,1],["261d4+Q1HdGA5w3tjdBw83c",["activeFlash","node","spineAnimation"],2,1,1],["cc.Prefab",["_name"],2],["5796ctByRNPe78i2kmko1Pi",["needShadow","node","animation","body","sleepAni","shootNode","bulletPrefab"],2,1,1,1,1,1,6],["cc.BoxCollider",["node","_offset","_size"],3,1,5,5],["96c396uvMtPhLUJFoRD9JmK",["node","body"],3,1,1],["sp.Skeleton",["defaultSkin","defaultAnimation","_preCacheMode","_animationName","node","_materials"],-1,1,3],["sp.SkeletonData",["_name","_atlasText","textureNames","_skeletonJson","textures"],-1,3]],[[2,0,1,2,2],[8,0,1,2,3,4,5,5],[4,0,2],[1,0,3,4,1,2,2],[1,0,5,1,2,2],[0,0,1,2,3,4,3],[0,0,2,3,4,5,6,2],[0,0,2,3,4,5,2],[5,0,1,2,3,4,5,6,2],[2,1,2,1],[6,0,1,2,1],[7,0,1,1],[3,1,2,1],[3,0,1,2,2],[9,0,1,2,3,4,5]],[[[[2,"SeaShroom"],[3,"SeaShroom",[-8,-9,-10,-11],[[-2,[8,false,-7,-6,-5,-4,-3,2]],1,4],[9,-1,0],[-494,-293,0,0,0,0,1,1,1,1]],[5,"bodyC",5,1,[-12,-13],[0,"da+RjHDnJLLrQHIIzq9c8+",1,0]],[6,"26FX_Z",1,[-14,-15],[0,"55d9lb+BVPBom2i/Q5LXpc",1,0],[5,23.5,32.9],[8,36,0,0,0,0,1,0.5,0.5,1]],[4,"shootNode",1,[0,"9dGuqpNktMS4EwhgC8tXKx",1,0],[42,10,0,0,0,0,1,1,1,1]],[10,2,[0,0,50],[5,80,100]],[11,2,5],[7,"25_plant",1,[-16],[0,"7b6sitsgFJka4jNxkaTDX0",1,0],[5,61.35,67.05]],[1,"default","idle2",0,"idle2",7,[0]],[1,"default","idle",0,"idle",3,[1]],[12,3,9],[13,true,1,8]],0,[0,1,1,0,-1,11,0,2,4,0,3,10,0,4,6,0,5,11,0,6,1,0,-1,4,0,-2,2,0,-3,7,0,-4,3,0,-1,5,0,-2,6,0,-1,9,0,-2,10,0,-1,8,0,7,1,16],[0,0,0,8,9],[-1,-1,8,0,0],[0,1,2,3,4]],[[[14,"25_plant","\n25_plant.png\nsize: 512,64\nformat: RGBA8888\nfilter: Linear,Linear\nrepeat: none\nbody1\n  rotate: true\n  xy: 2, 9\n  size: 53, 50\n  orig: 54, 52\n  offset: 1, 1\n  index: -1\nbody2\n  rotate: false\n  xy: 156, 24\n  size: 81, 38\n  orig: 82, 39\n  offset: 1, 1\n  index: -1\neye1\n  rotate: false\n  xy: 154, 5\n  size: 21, 14\n  orig: 21, 15\n  offset: 0, 0\n  index: -1\neye2\n  rotate: false\n  xy: 239, 27\n  size: 21, 10\n  orig: 21, 12\n  offset: 0, 1\n  index: -1\neye3\n  rotate: true\n  xy: 257, 4\n  size: 21, 8\n  orig: 21, 10\n  offset: 0, 1\n  index: -1\nfx1\n  rotate: true\n  xy: 54, 16\n  size: 46, 11\n  orig: 46, 11\n  offset: 0, 0\n  index: -1\nhand1\n  rotate: true\n  xy: 136, 21\n  size: 41, 18\n  orig: 42, 20\n  offset: 0, 1\n  index: -1\nhand2\n  rotate: false\n  xy: 189, 11\n  size: 38, 11\n  orig: 39, 13\n  offset: 0, 1\n  index: -1\nhand3\n  rotate: false\n  xy: 97, 2\n  size: 42, 13\n  orig: 43, 13\n  offset: 0, 0\n  index: -1\nhand4\n  rotate: false\n  xy: 54, 2\n  size: 41, 12\n  orig: 42, 12\n  offset: 1, 0\n  index: -1\nhand5\n  rotate: true\n  xy: 239, 39\n  size: 23, 9\n  orig: 25, 11\n  offset: 1, 1\n  index: -1\nhand6\n  rotate: false\n  xy: 229, 11\n  size: 26, 11\n  orig: 28, 12\n  offset: 1, 0\n  index: -1\nhead1\n  rotate: false\n  xy: 67, 17\n  size: 67, 45\n  orig: 68, 46\n  offset: 1, 1\n  index: -1\nmouth1\n  rotate: false\n  xy: 177, 2\n  size: 10, 20\n  orig: 11, 21\n  offset: 0, 1\n  index: -1\nmouth2\n  rotate: true\n  xy: 141, 4\n  size: 15, 11\n  orig: 16, 14\n  offset: 0, 0\n  index: -1\n",["25_plant.png"],{"skeleton":{"hash":"BR22vCpvCONcgcQmrfaMwTZ84hQ","spine":"3.8.99","x":-34.2,"y":-21.6,"width":61.35,"height":67.05},"bones":[{"name":"root"},{"name":"plant","parent":"root","scaleX":0.15,"scaleY":0.15},{"name":"body1","parent":"plant","length":127.39,"rotation":90,"x":0.48,"y":3.12},{"name":"eye1","parent":"body1","x":123.11,"y":-72.4},{"name":"mouth2","parent":"body1","length":61.74,"rotation":-90,"x":77.23,"y":-79.24,"scaleX":0.15,"scaleY":0.15,"transform":"noScale"},{"name":"mouth1","parent":"mouth2","length":29.33,"x":60.26,"y":-0.53,"scaleX":0.15,"scaleY":0.15,"transform":"noScale"},{"name":"body2","parent":"plant","length":180.48,"rotation":-90,"x":-7.92,"y":34.39},{"name":"hand1","parent":"body2","length":176.14,"rotation":-74.99,"x":24.3,"y":-4.79},{"name":"hand3","parent":"body2","length":198.75,"rotation":-89.67,"x":19.66,"y":-22.19},{"name":"hand5","parent":"body2","length":122.32,"rotation":-101.49,"x":16.95,"y":-15.62},{"name":"hand2","parent":"body2","length":177.04,"rotation":80.83,"x":17.34,"y":10.34},{"name":"hand4","parent":"body2","length":183.79,"rotation":98.59,"x":20.05,"y":32.76},{"name":"hand6","parent":"body2","length":125.4,"rotation":106.48,"x":16.18,"y":13.82},{"name":"head1","parent":"body1","length":145.79,"rotation":16.01,"x":153.5,"y":0.6,"scaleX":0.15,"scaleY":0.15,"transform":"noScale"},{"name":"fx1","parent":"body1","rotation":-90,"x":1.65,"y":3.08,"scaleY":1.1839}],"slots":[{"name":"body2","bone":"body2","attachment":"body2"},{"name":"hand6","bone":"hand6"},{"name":"hand5","bone":"hand5"},{"name":"body1","bone":"body1","attachment":"body1"},{"name":"fx1","bone":"fx1","color":"ffffffef","attachment":"fx1"},{"name":"mouth2","bone":"mouth2","attachment":"mouth2"},{"name":"mouth1","bone":"mouth1","attachment":"mouth1"},{"name":"eye1","bone":"eye1","attachment":"eye1"},{"name":"head1","bone":"head1","attachment":"head1"},{"name":"hand4","bone":"hand4"},{"name":"hand3","bone":"hand3"},{"name":"hand2","bone":"hand2"},{"name":"hand1","bone":"hand1"}],"skins":[{"name":"default","attachments":{"body1":{"body1":{"x":122.88,"y":9.48,"rotation":-90,"width":270,"height":258}},"body2":{"body2":{"x":81.89,"y":-15.58,"rotation":90,"width":409,"height":193}},"eye1":{"eye1":{"x":-4.72,"y":6.88,"rotation":-90,"width":106,"height":73},"eye2":{"x":-4.72,"y":6.88,"rotation":-90,"width":106,"height":59},"eye3":{"x":-4.22,"y":6.88,"rotation":-90,"width":106,"height":50}},"fx1":{"fx1":{"x":-6.37,"y":7.72,"width":230,"height":53}},"hand1":{"hand1":{"x":89.14,"y":3.1,"rotation":164.99,"width":208,"height":98}},"hand2":{"hand2":{"x":85.72,"y":-3.42,"rotation":9.17,"width":193,"height":64}},"hand3":{"hand3":{"x":92.87,"y":-4.31,"rotation":179.67,"width":214,"height":67}},"hand4":{"hand4":{"x":94.15,"y":-0.41,"rotation":-8.59,"width":210,"height":62}},"hand5":{"hand5":{"x":49.5,"y":-0.21,"rotation":-168.51,"width":126,"height":57}},"hand6":{"hand6":{"x":60.25,"y":-2.92,"rotation":-16.48,"width":141,"height":61}},"head1":{"head1":{"x":33.79,"y":5.78,"rotation":-106.01,"width":338,"height":231}},"mouth1":{"mouth1":{"x":-0.98,"y":-1.31,"width":54,"height":107}},"mouth2":{"mouth2":{"x":31.28,"y":4.66,"width":80,"height":72}}}}],"events":{"attack":{}},"animations":{"attack":{"slots":{"eye1":{"attachment":[{"time":0.3,"name":"eye2"},{"time":0.3333,"name":"eye3"},{"time":0.4,"name":"eye2"},{"time":0.4333,"name":"eye1"}]}},"bones":{"body1":{"translate":[{"time":0.5667},{"time":0.8,"x":1.86},{"time":1.0333}],"scale":[{},{"time":0.2333,"x":1.271,"y":1.202},{"time":0.3333,"x":0.862,"y":1.28},{"time":0.5667},{"time":0.8,"x":0.936,"y":1.049},{"time":1.0333,"y":0.992},{"time":1.3,"x":1.057,"y":0.966},{"time":1.5333}]},"mouth2":{"translate":[{},{"time":0.2333,"x":-3.99,"y":-3.69},{"time":0.3333,"curve":"stepped"},{"time":1.0333},{"time":1.3,"x":5.41,"y":-0.27},{"time":1.5333}],"scale":[{},{"time":0.2333,"x":0.857},{"time":0.3333,"x":1.911,"y":0.957},{"time":0.5667,"curve":"stepped"},{"time":0.8},{"time":1.0333,"x":1.048},{"time":1.3}],"shear":[{"time":1.0333},{"time":1.3,"x":3.74},{"time":1.5333}]},"mouth1":{"rotate":[{"time":0.8},{"time":0.8667,"angle":-0.65},{"time":1.0333,"curve":"stepped"},{"time":1.3},{"time":1.3667,"angle":1.15},{"time":1.5333}],"translate":[{},{"time":0.2333,"x":-4.22,"y":-4.43},{"time":0.3333,"x":-1.34,"y":-2.01},{"time":0.5667},{"time":0.8,"x":0.29,"y":-6.16},{"time":0.8667,"x":4.38,"y":-9.48},{"time":1.0333,"x":5.22},{"time":1.3,"x":7.3,"y":3.68},{"time":1.3667,"x":10.15,"y":7.45},{"time":1.5333}],"scale":[{},{"time":0.2333,"x":0.979,"y":1.29},{"time":0.3333,"x":0.878,"y":0.777},{"time":0.5667}]},"head1":{"rotate":[{"time":0.2333},{"time":0.3333,"angle":-8.75},{"time":0.4333,"angle":-4.44},{"time":0.5667},{"time":0.8,"angle":-3.66},{"time":0.9,"angle":-5.04},{"time":1.0333}],"translate":[{},{"time":0.2333,"x":-3.4,"y":-1.8},{"time":0.3333,"x":-9.96,"y":-9.57},{"time":0.4333,"x":-10.58,"y":-7.03},{"time":0.5667},{"time":0.8,"x":-3.77,"y":1.32},{"time":0.9,"x":-12.1,"y":-0.15},{"time":1.0333},{"time":1.3,"x":1.89},{"time":1.4,"x":4.86,"y":1.54},{"time":1.5333}],"scale":[{},{"time":0.2333,"x":1.156,"y":1.089},{"time":0.3333,"x":0.814,"y":1.077},{"time":0.4333,"x":0.816,"y":1.039},{"time":0.5667},{"time":0.8,"x":0.947,"y":1.031},{"time":0.9,"x":0.884,"y":1.072},{"time":1.0333},{"time":1.3,"x":1.001,"y":0.956},{"time":1.4,"x":1.069,"y":0.947},{"time":1.5333}],"shear":[{},{"time":0.2333,"y":2},{"time":0.3333},{"time":0.4333,"y":-3.02},{"time":0.5667,"curve":"stepped"},{"time":0.8},{"time":0.9,"x":0.95},{"time":1.0333,"curve":"stepped"},{"time":1.3},{"time":1.4,"y":2.29},{"time":1.5333}]},"body2":{"translate":[{},{"time":0.2333,"x":3.22,"y":-8.59},{"time":0.3333,"x":16.1,"y":-10.73},{"time":0.5667}],"scale":[{},{"time":0.2333,"x":0.729,"y":1.196},{"time":0.3333,"x":1.209,"y":0.686},{"time":0.5667},{"time":0.8,"x":0.799,"y":1.063},{"time":1.0333},{"time":1.3,"x":1.31,"y":0.832},{"time":1.5333}],"shear":[{},{"time":0.2333,"x":13.62},{"time":0.3333,"x":-25.15,"y":-4.39},{"time":0.5667}]}},"events":[{"time":0.3333,"name":"attack"}]},"awoke":{"slots":{"eye1":{"attachment":[{"name":"eye3"},{"time":0.2667,"name":"eye2"},{"time":0.3,"name":"eye1"}]}},"bones":{"head1":{"rotate":[{},{"time":0.1667,"angle":-3.66,"curve":0.383,"c2":0.28,"c3":0.813,"c4":0.88},{"time":0.3}],"translate":[{},{"time":0.1667,"x":-11.1,"y":0.38,"curve":0.383,"c2":0.28,"c3":0.813,"c4":0.88},{"time":0.3,"x":4.6,"curve":0.351,"c2":0.42,"c3":0.741,"c4":0.96},{"time":0.5}],"scale":[{},{"time":0.1667,"x":0.947,"y":1.031,"curve":0.383,"c2":0.28,"c3":0.813,"c4":0.88},{"time":0.3,"x":1.041,"y":0.97,"curve":0.351,"c2":0.42,"c3":0.741,"c4":0.96},{"time":0.5}]},"body2":{"scale":[{},{"time":0.1667,"x":0.799,"y":1.063,"curve":0.383,"c2":0.28,"c3":0.813,"c4":0.88},{"time":0.3,"x":1.258,"y":0.892,"curve":0.351,"c2":0.42,"c3":0.741,"c4":0.96},{"time":0.5}]},"body1":{"translate":[{},{"time":0.1667,"x":1.86,"curve":0.383,"c2":0.28,"c3":0.813,"c4":0.88},{"time":0.3}],"scale":[{},{"time":0.1667,"x":0.936,"y":1.049,"curve":0.383,"c2":0.28,"c3":0.813,"c4":0.88},{"time":0.3,"x":1.126,"y":0.972,"curve":0.351,"c2":0.42,"c3":0.741,"c4":0.96},{"time":0.5}],"shear":[{"time":0.1667,"curve":0.383,"c2":0.28,"c3":0.813,"c4":0.88},{"time":0.3,"x":2.25,"curve":0.351,"c2":0.42,"c3":0.741,"c4":0.96},{"time":0.5}]},"mouth2":{"translate":[{"time":0.1667,"curve":0.383,"c2":0.28,"c3":0.813,"c4":0.88},{"time":0.3,"x":5.41,"y":-0.27,"curve":0.351,"c2":0.42,"c3":0.741,"c4":0.96},{"time":0.5}],"shear":[{},{"time":0.1667,"x":2.35,"curve":0.383,"c2":0.28,"c3":0.813,"c4":0.88},{"time":0.3,"x":-2.16,"curve":0.351,"c2":0.42,"c3":0.741,"c4":0.96},{"time":0.5}]},"mouth1":{"rotate":[{"time":0.1667,"curve":0.383,"c2":0.28,"c3":0.813,"c4":0.88},{"time":0.3,"angle":4.41,"curve":0.351,"c2":0.42,"c3":0.741,"c4":0.96},{"time":0.5}],"translate":[{},{"time":0.1667,"x":0.29,"y":0.44,"curve":0.334,"c2":0.25,"c3":0.688,"c4":0.64},{"time":0.2333,"x":3.64,"y":-4.21,"curve":0.419,"c2":0.45,"c3":0.78,"c4":0.86},{"time":0.3,"x":7.3,"y":0.38,"curve":0.327,"c2":0.32,"c3":0.666,"c4":0.67},{"time":0.3667,"x":4.34,"y":2.87,"curve":0.372,"c2":0.51,"c3":0.731,"c4":0.95},{"time":0.5}]}}},"idle1":{"bones":{"body1":{"translate":[{},{"time":0.4,"x":1.86},{"time":0.8}],"scale":[{},{"time":0.4,"x":0.936,"y":1.049},{"time":0.8,"y":0.992},{"time":1.2,"x":1.057,"y":0.966},{"time":1.6}]},"mouth2":{"translate":[{"time":0.8},{"time":1.2,"x":5.41,"y":-0.27},{"time":1.6}],"scale":[{"time":0.4},{"time":0.8,"x":1.048},{"time":1.2}],"shear":[{"time":0.8},{"time":1.2,"x":3.74},{"time":1.6}]},"mouth1":{"rotate":[{"time":0.4},{"time":0.5333,"angle":-0.65},{"time":0.8,"curve":"stepped"},{"time":1.2},{"time":1.3333,"angle":1.15},{"time":1.6}],"translate":[{},{"time":0.4,"x":0.29,"y":-6.16},{"time":0.5333,"x":4.38,"y":-9.48},{"time":0.8,"x":5.22},{"time":1.2,"x":7.3,"y":3.68},{"time":1.3333,"x":10.15,"y":7.45},{"time":1.6}]},"head1":{"rotate":[{},{"time":0.4,"angle":-3.66},{"time":0.5333,"angle":-5.04},{"time":0.8}],"translate":[{},{"time":0.4,"x":-3.77,"y":1.32},{"time":0.5333,"x":-12.1,"y":-0.15},{"time":0.8},{"time":1.2,"x":1.89},{"time":1.3333,"x":4.86,"y":1.54},{"time":1.6}],"scale":[{},{"time":0.4,"x":0.947,"y":1.031},{"time":0.5333,"x":0.884,"y":1.072},{"time":0.8},{"time":1.2,"x":1.001,"y":0.956},{"time":1.3333,"x":1.069,"y":0.947},{"time":1.6}],"shear":[{"time":0.4},{"time":0.5333,"x":0.95},{"time":0.8,"curve":"stepped"},{"time":1.2},{"time":1.3333,"y":2.29},{"time":1.6}]},"body2":{"scale":[{},{"time":0.4,"x":0.799,"y":1.063},{"time":0.8},{"time":1.2,"x":1.31,"y":0.832},{"time":1.6}]}}},"idle1_eye":{"slots":{"eye1":{"attachment":[{"time":0.3333,"name":"eye2"},{"time":0.4,"name":"eye3"},{"time":0.4667,"name":"eye2"},{"time":0.5333,"name":"eye1"}]}},"bones":{"body1":{"translate":[{},{"time":0.4,"x":1.86},{"time":0.8}],"scale":[{},{"time":0.4,"x":0.936,"y":1.049},{"time":0.8,"y":0.992},{"time":1.2,"x":1.057,"y":0.966},{"time":1.6}]},"mouth2":{"translate":[{"time":0.8},{"time":1.2,"x":5.41,"y":-0.27},{"time":1.6}],"scale":[{"time":0.4},{"time":0.8,"x":1.048},{"time":1.2}],"shear":[{"time":0.8},{"time":1.2,"x":3.74},{"time":1.6}]},"mouth1":{"rotate":[{"time":0.4},{"time":0.5333,"angle":-0.65},{"time":0.8,"curve":"stepped"},{"time":1.2},{"time":1.3333,"angle":1.15},{"time":1.6}],"translate":[{},{"time":0.4,"x":0.29,"y":-6.16},{"time":0.5333,"x":4.38,"y":-9.48},{"time":0.8,"x":5.22},{"time":1.2,"x":7.3,"y":3.68},{"time":1.3333,"x":10.15,"y":7.45},{"time":1.6}]},"head1":{"rotate":[{},{"time":0.4,"angle":-3.66},{"time":0.5333,"angle":-5.04},{"time":0.8}],"translate":[{},{"time":0.4,"x":-3.77,"y":1.32},{"time":0.5333,"x":-12.1,"y":-0.15},{"time":0.8},{"time":1.2,"x":1.89},{"time":1.3333,"x":4.86,"y":1.54},{"time":1.6}],"scale":[{},{"time":0.4,"x":0.947,"y":1.031},{"time":0.5333,"x":0.884,"y":1.072},{"time":0.8},{"time":1.2,"x":1.001,"y":0.956},{"time":1.3333,"x":1.069,"y":0.947},{"time":1.6}],"shear":[{"time":0.4},{"time":0.5333,"x":0.95},{"time":0.8,"curve":"stepped"},{"time":1.2},{"time":1.3333,"y":2.29},{"time":1.6}]},"body2":{"scale":[{},{"time":0.4,"x":0.799,"y":1.063},{"time":0.8},{"time":1.2,"x":1.31,"y":0.832},{"time":1.6}]}}},"idle2":{"slots":{"eye1":{"attachment":[{"name":"eye3"}]}},"bones":{"body1":{"translate":[{},{"time":0.4,"x":1.86},{"time":0.8}],"scale":[{},{"time":0.4,"x":0.936,"y":1.049},{"time":0.8,"y":0.992},{"time":1.2,"x":1.057,"y":0.966},{"time":1.6}]},"mouth2":{"translate":[{"time":0.8},{"time":1.2,"x":5.41,"y":-0.27},{"time":1.6}],"scale":[{"time":0.4},{"time":0.8,"x":1.048},{"time":1.2}],"shear":[{"time":0.8},{"time":1.2,"x":3.74},{"time":1.6}]},"mouth1":{"rotate":[{"time":0.4},{"time":0.5333,"angle":-0.65},{"time":0.8,"curve":"stepped"},{"time":1.2},{"time":1.3333,"angle":1.15},{"time":1.6}],"translate":[{},{"time":0.4,"x":0.29,"y":-6.16},{"time":0.5333,"x":4.38,"y":-9.48},{"time":0.8,"x":5.22},{"time":1.2,"x":7.3,"y":3.68},{"time":1.3333,"x":10.15,"y":7.45},{"time":1.6}]},"head1":{"rotate":[{},{"time":0.4,"angle":-3.66},{"time":0.5333,"angle":-5.04},{"time":0.8}],"translate":[{},{"time":0.4,"x":-3.77,"y":1.32},{"time":0.5333,"x":-12.1,"y":-0.15},{"time":0.8},{"time":1.2,"x":1.89},{"time":1.3333,"x":4.86,"y":1.54},{"time":1.6}],"scale":[{},{"time":0.4,"x":0.947,"y":1.031},{"time":0.5333,"x":0.884,"y":1.072},{"time":0.8},{"time":1.2,"x":1.001,"y":0.956},{"time":1.3333,"x":1.069,"y":0.947},{"time":1.6}],"shear":[{"time":0.4},{"time":0.5333,"x":0.95},{"time":0.8,"curve":"stepped"},{"time":1.2},{"time":1.3333,"y":2.29},{"time":1.6}]},"body2":{"scale":[{},{"time":0.4,"x":0.799,"y":1.063},{"time":0.8},{"time":1.2,"x":1.31,"y":0.832},{"time":1.6}]}}},"idle3":{"slots":{"body2":{"attachment":[{"name":null}]},"fx1":{"attachment":[{"name":null}]},"hand1":{"attachment":[{"name":"hand1"}]},"hand2":{"attachment":[{"name":"hand2"}]},"hand3":{"attachment":[{"name":"hand3"}]},"hand4":{"attachment":[{"name":"hand4"}]},"hand5":{"attachment":[{"name":"hand5"}]},"hand6":{"attachment":[{"name":"hand6"}]}},"bones":{"body1":{"translate":[{},{"time":0.4,"x":1.86},{"time":0.8}],"scale":[{},{"time":0.4,"x":0.936,"y":1.049},{"time":0.8,"y":0.992},{"time":1.2,"x":1.057,"y":0.966},{"time":1.6}]},"mouth2":{"translate":[{"time":0.8},{"time":1.2,"x":5.41,"y":-0.27},{"time":1.6}],"scale":[{"time":0.4},{"time":0.8,"x":1.048},{"time":1.2}],"shear":[{"time":0.8},{"time":1.2,"x":3.74},{"time":1.6}]},"mouth1":{"rotate":[{"time":0.4},{"time":0.5333,"angle":-0.65},{"time":0.8,"curve":"stepped"},{"time":1.2},{"time":1.3333,"angle":1.15},{"time":1.6}],"translate":[{},{"time":0.4,"x":0.29,"y":-6.16},{"time":0.5333,"x":4.38,"y":-9.48},{"time":0.8,"x":5.22},{"time":1.2,"x":7.3,"y":3.68},{"time":1.3333,"x":10.15,"y":7.45},{"time":1.6}]},"head1":{"rotate":[{},{"time":0.4,"angle":-3.66},{"time":0.5333,"angle":-5.04},{"time":0.8}],"translate":[{},{"time":0.4,"x":-3.77,"y":1.32},{"time":0.5333,"x":-12.1,"y":-0.15},{"time":0.8},{"time":1.2,"x":1.89},{"time":1.3333,"x":4.86,"y":1.54},{"time":1.6}],"scale":[{},{"time":0.4,"x":0.947,"y":1.031},{"time":0.5333,"x":0.884,"y":1.072},{"time":0.8},{"time":1.2,"x":1.001,"y":0.956},{"time":1.3333,"x":1.069,"y":0.947},{"time":1.6}],"shear":[{"time":0.4},{"time":0.5333,"x":0.95},{"time":0.8,"curve":"stepped"},{"time":1.2},{"time":1.3333,"y":2.29},{"time":1.6}]},"body2":{"translate":[{"time":0.8},{"time":1.2,"y":6.21},{"time":1.6}],"scale":[{},{"time":0.4,"x":0.799,"y":1.063},{"time":0.8},{"time":1.2,"x":1.13,"y":0.983},{"time":1.6}]}}},"idle3_eye":{"slots":{"body2":{"attachment":[{"name":null}]},"eye1":{"attachment":[{"time":0.3333,"name":"eye2"},{"time":0.4,"name":"eye3"},{"time":0.4667,"name":"eye2"},{"time":0.5333,"name":"eye1"}]},"fx1":{"attachment":[{"name":null}]},"hand1":{"attachment":[{"name":"hand1"}]},"hand2":{"attachment":[{"name":"hand2"}]},"hand3":{"attachment":[{"name":"hand3"}]},"hand4":{"attachment":[{"name":"hand4"}]},"hand5":{"attachment":[{"name":"hand5"}]},"hand6":{"attachment":[{"name":"hand6"}]}},"bones":{"body1":{"translate":[{},{"time":0.4,"x":1.86},{"time":0.8}],"scale":[{},{"time":0.4,"x":0.936,"y":1.049},{"time":0.8,"y":0.992},{"time":1.2,"x":1.057,"y":0.966},{"time":1.6}]},"mouth2":{"translate":[{"time":0.8},{"time":1.2,"x":5.41,"y":-0.27},{"time":1.6}],"scale":[{"time":0.4},{"time":0.8,"x":1.048},{"time":1.2}],"shear":[{"time":0.8},{"time":1.2,"x":3.74},{"time":1.6}]},"mouth1":{"rotate":[{"time":0.4},{"time":0.5333,"angle":-0.65},{"time":0.8,"curve":"stepped"},{"time":1.2},{"time":1.3333,"angle":1.15},{"time":1.6}],"translate":[{},{"time":0.4,"x":0.29,"y":-6.16},{"time":0.5333,"x":4.38,"y":-9.48},{"time":0.8,"x":5.22},{"time":1.2,"x":7.3,"y":3.68},{"time":1.3333,"x":10.15,"y":7.45},{"time":1.6}]},"head1":{"rotate":[{},{"time":0.4,"angle":-3.66},{"time":0.5333,"angle":-5.04},{"time":0.8}],"translate":[{},{"time":0.4,"x":-3.77,"y":1.32},{"time":0.5333,"x":-12.1,"y":-0.15},{"time":0.8},{"time":1.2,"x":1.89},{"time":1.3333,"x":4.86,"y":1.54},{"time":1.6}],"scale":[{},{"time":0.4,"x":0.947,"y":1.031},{"time":0.5333,"x":0.884,"y":1.072},{"time":0.8},{"time":1.2,"x":1.001,"y":0.956},{"time":1.3333,"x":1.069,"y":0.947},{"time":1.6}],"shear":[{"time":0.4},{"time":0.5333,"x":0.95},{"time":0.8,"curve":"stepped"},{"time":1.2},{"time":1.3333,"y":2.29},{"time":1.6}]},"body2":{"translate":[{"time":0.8},{"time":1.2,"y":6.21},{"time":1.6}],"scale":[{},{"time":0.4,"x":0.799,"y":1.063},{"time":0.8},{"time":1.2,"x":1.13,"y":0.983},{"time":1.6}]}}}}},[0]]],0,0,[0],[-1],[5]]]]