[1,["abl/v/cuhKuqQMFmR4NFgN","7a/QZLET9IDreTiBfRn2PD","121ntTEkJFvZbTm5GeeAA0"],["root","spine","node","data","_N$skeletonData"],[["cc.PrefabInfo",["fileId","root","asset"],2,1,1],["sp.SkeletonData",["_name","_atlasText","textureNames","_skeletonJson","textures"],-1,3],["cc.Prefab",["_name"],2],["cc.Node",["_name","_children","_components","_prefab"],2,2,9,4],["cc.Node",["_name","_parent","_components","_prefab","_contentSize"],2,1,2,4,5],["b2afbvP8rxKZpOCQLPbuZGR",["aniName","node","spine"],2,1,1],["sp.Skeleton",["defaultSkin","defaultAnimation","_preCacheMode","_animationName","node","_materials"],-1,1,3],["261d4+Q1HdGA5w3tjdBw83c",["node","spineAnimation"],3,1,1]],[[1,0,1,2,3,4,5],[2,0,2],[3,0,1,2,3,2],[4,0,1,2,3,4,2],[5,0,1,2,2],[0,1,2,1],[0,0,1,2,2],[6,0,1,2,3,4,5,5],[7,0,1,1]],[[[[0,"18FX","\n18FX.png\nsize: 256,64\nformat: RGBA8888\nfilter: Linear,Linear\nrepeat: none\n18FX1\n  rotate: false\n  xy: 113, 34\n  size: 21, 19\n  orig: 31, 28\n  offset: 4, 4\n  index: -1\n18FX2\n  rotate: false\n  xy: 62, 4\n  size: 49, 49\n  orig: 66, 62\n  offset: 12, 5\n  index: -1\n18FX3\n  rotate: false\n  xy: 2, 2\n  size: 58, 51\n  orig: 81, 62\n  offset: 17, 6\n  index: -1\n",["18FX.png"],{"skeleton":{"hash":"ApDR5vQp0FGFfmKFO2cKVEocyp4","spine":"3.8.99","x":-66.72,"y":-32.02,"width":137.21,"height":63.94},"bones":[{"name":"root"},{"name":"18FX","parent":"root"},{"name":"18FX1","parent":"18FX","x":-51.22},{"name":"18FX3","parent":"18FX","x":-37.97,"y":0.41,"scaleX":0.5749,"scaleY":0.5749},{"name":"18FX2","parent":"18FX","x":28.71,"y":-1.02},{"name":"18FX4","parent":"18FX","x":-7.69,"y":0.93},{"name":"18FX5","parent":"18FX","x":49.96,"y":-2.48,"scaleX":1.3242,"scaleY":1.3242},{"name":"18FX6","parent":"18FX","rotation":178.55,"x":8.32,"y":-5.3,"scaleX":0.3349,"scaleY":0.4666},{"name":"18FX7","parent":"18FX","x":-30.98,"y":-4.96,"scaleX":0.6827,"scaleY":0.6827}],"slots":[{"name":"18FX3","bone":"18FX3","color":"ffffff97","attachment":"18FX3"},{"name":"18FX6","bone":"18FX6","color":"ffffffb4","attachment":"18FX3"},{"name":"18FX2","bone":"18FX2","color":"ffffffcd","attachment":"18FX2"},{"name":"18FX7","bone":"18FX7","color":"ffffffb8","attachment":"18FX2"},{"name":"18FX4","bone":"18FX4","color":"ffffffd8","attachment":"18FX2"},{"name":"18FX1","bone":"18FX1","attachment":"18FX1"},{"name":"18FX5","bone":"18FX5","attachment":"18FX1"}],"skins":[{"name":"default","attachments":{"18FX1":{"18FX1":{"width":31,"height":28}},"18FX2":{"18FX2":{"width":66,"height":62}},"18FX3":{"18FX3":{"width":81,"height":62}},"18FX4":{"18FX2":{"width":66,"height":62}},"18FX5":{"18FX1":{"width":31,"height":28}},"18FX6":{"18FX3":{"width":81,"height":62}},"18FX7":{"18FX2":{"width":66,"height":62}}}}],"animations":{"blow":{"slots":{"18FX1":{"color":[{"time":0.2667,"color":"ffffffff"},{"time":0.4,"color":"ffffff00"}]},"18FX2":{"color":[{"time":0.2667,"color":"ffffffcd"},{"time":0.4,"color":"ffffff00"}]},"18FX3":{"color":[{"time":0.3,"color":"ffffff97"},{"time":0.4333,"color":"ffffff00"}]},"18FX4":{"color":[{"time":0.2667,"color":"ffffffd8"},{"time":0.4,"color":"ffffff00"}]},"18FX5":{"color":[{"time":0.3333,"color":"ffffffff"},{"time":0.4667,"color":"ffffff00"}]},"18FX6":{"color":[{"time":0.1667,"color":"ffffffb4"},{"time":0.3333,"color":"ffffff00"}]},"18FX7":{"color":[{"time":0.3,"color":"ffffffb8"},{"time":0.4333,"color":"ffffff00"}]}},"bones":{"18FX1":{"rotate":[{},{"time":0.3667,"angle":33.27}],"translate":[{"x":5.9},{"time":0.3667,"x":-28.51,"y":3.24}],"scale":[{"x":1.287,"y":1.287},{"time":0.3667,"x":0.9,"y":0.9}]},"18FX3":{"rotate":[{},{"time":0.4,"angle":42.81}],"translate":[{"x":5.9},{"time":0.4,"x":-26.04,"y":-11.02}],"scale":[{"x":1.287,"y":1.287},{"time":0.4,"x":0.9,"y":0.9}]},"18FX2":{"rotate":[{},{"time":0.3667,"angle":-31.18}],"translate":[{"x":-3.52,"y":3.76},{"time":0.3667,"x":14.56,"y":28.22}],"scale":[{"x":1.242,"y":1.242},{"time":0.3667,"x":0.9,"y":0.9}]},"18FX5":{"rotate":[{},{"time":0.4333,"angle":-40.24}],"translate":[{"x":-5.06},{"time":0.4333,"x":24.52}],"scale":[{"x":1.189,"y":1.189},{"time":0.4333,"x":0.9,"y":0.9}]},"18FX6":{"rotate":[{},{"time":0.3,"angle":9.79}],"translate":[{"x":3.65},{"time":0.3,"x":0.23,"y":27.24}],"scale":[{"x":1.395,"y":1.331},{"time":0.3,"x":0.9,"y":0.9}]},"18FX7":{"rotate":[{},{"time":0.4,"angle":24.44}],"translate":[{"x":5.9},{"time":0.4,"x":-10.5,"y":21.87}],"scale":[{"x":1.287,"y":1.287},{"time":0.4,"x":0.9,"y":0.9}]},"18FX4":{"rotate":[{},{"time":0.3667,"angle":14.25}],"translate":[{"x":0.4,"y":1.37},{"time":0.3667,"x":-15.9,"y":6.88}],"scale":[{"x":1.444,"y":1.444},{"time":0.3667,"x":1.062,"y":1.062}]}}}}},[0]]],0,0,[0],[-1],[0]],[[[1,"SquashEffect"],[2,"SquashEffect",[-4],[[4,"blow",-3,-2]],[5,-1,0]],[3,"18FX",1,[-5,-6],[6,"dbZNBWZ0pDrbosxQD/db4q",1,0],[5,137.21,63.94]],[7,"default","blow",0,"blow",2,[0]],[8,2,3]],0,[0,0,1,0,1,4,0,2,1,0,-1,2,0,-1,3,0,-2,4,0,3,1,6],[0,3],[-1,4],[1,2]]]]