[1,["ecpdLyjvZBwrvm+cedCcQy","caohSHbS5GEIzmwCrnMGn5","a5gPeS9e1IeaCy4XCJzzyh","4128ynKvNOnbcNdIcbbdrK","a2MjXRFdtLlYQ5ouAFv/+R","773/j1631NR6Dw4hHTSKcA","98Qf5ynyhGRaMQ6rgoglJS","5b2E3BaVNNzZPAk8+DkCbZ","cbC0p6bqRKaJHjyTGPnqE6"],["node","_spriteFrame","_N$file","_textureSetter","root","maskNode","zombieDesc","zombieName","data"],[["cc.Node",["_name","_opacity","_components","_prefab","_contentSize","_trs","_parent","_children","_color"],1,9,4,5,7,1,2,5],["cc.Label",["_string","_isSystemFontUsed","_N$horizontalAlign","_N$verticalAlign","_fontSize","_lineHeight","_N$overflow","node","_materials","_N$file"],-4,1,3,6],["cc.Sprite",["_sizeMode","_type","_isTrimmedMode","node","_materials","_spriteFrame"],0,1,3,6],"cc.SpriteFrame",["cc.PrefabInfo",["fileId","root","asset"],2,1,1],["cc.Prefab",["_name"],2],["cc.Node",["_name","_parent","_components","_prefab","_color","_contentSize","_trs"],2,1,12,4,5,5,7],["cc.Node",["_name","_parent","_components","_prefab","_color","_contentSize","_trs"],2,1,2,4,5,5,7],["cc.Widget",["_alignFlags","node"],2,1],["cc.BlockInputEvents",["node"],3,1],["065d6jtpVlEi5hTXXQxVRdB",["node","zombieName","zombieDesc","maskNode"],3,1,1,1,1],["cc.Mask",["_type","_N$alphaThreshold","_N$inverted","node","_materials"],0,1,3],["cc.Button",["_N$transition","node","clickEvents"],2,1,9],["cc.ClickEvent",["_componentId","handler","target"],1,1],["cc.LabelOutline",["_width","node","_color"],2,1,5]],[[4,0,1,2,2],[0,0,6,7,2,3,4,5,2],[0,0,6,2,3,8,4,5,2],[0,0,6,2,3,4,5,2],[2,1,0,2,3,4,5,4],[2,3,4,5,1],[14,0,1,2,2],[5,0,2],[0,0,7,2,3,4,5,2],[0,0,1,6,2,3,8,4,3],[6,0,1,2,3,4,5,6,2],[7,0,1,2,3,4,5,6,2],[8,0,1,2],[9,0,1],[10,0,1,2,3,1],[4,1,2,1],[2,0,3,4,5,2],[11,0,1,2,3,4,4],[12,0,1,2,2],[13,0,1,2,3],[1,0,4,5,1,2,3,7,8,9,7],[1,0,4,5,1,2,3,7,8,7],[1,0,4,5,1,2,3,6,7,8,8],[1,0,1,2,3,7,8,9,5]],[[[{"name":"zombie_board","rect":[0,0,622,331],"offset":[0,0],"originalSize":[622,331],"capInsets":[0,0,0,0]}],[3],0,[0],[3],[2]],[[{"name":"zombie_tip","rect":[0,0,135,102],"offset":[0,0],"originalSize":[135,102],"capInsets":[0,0,0,0]}],[3],0,[0],[3],[3]],[[[7,"NewZombieView"],[8,"NewZombieView",[-8,-9,-10],[[12,45,-2],[13,-3],[14,-7,-6,-5,-4]],[15,-1,0],[5,1280,720],[640,360,0,0,0,0,1,1,1,1]],[1,"common_board",1,[-12,-13,-14,-15,-16],[[4,1,0,false,-11,[11],12]],[0,"c3q72gGshGuLik3WuIQnUq",1,0],[5,664,452],[0,20,0,0,0,0,1,1,1,1]],[1,"mask",1,[-18],[[17,1,0,true,-17,[2]]],[0,"fc/JL5iU5EKL45zBCJ35JS",1,0],[5,200,200],[0,100,0,0,0,0,1,1,1,1]],[1,"btn_confirm",1,[-21],[[4,1,0,false,-19,[15],16],[18,3,-20,[[19,"065d6jtpVlEi5hTXXQxVRdB","clickConfirm",1]]]],[0,"95/4TUqr5OHqankaeMHcVj",1,0],[5,203,54],[0,-258,0,0,0,0,1,1,1,0]],[2,"tittle",2,[[20,"新僵尸登场！",60,64,false,1,1,-22,[5],6],[6,2,-23,[4,4278596427]]],[0,"b801WXTzpHVbMVhO472+Dy",1,0],[4,4280135167],[5,364,84.64],[0,173,0,0,0,0,1,1,1,1]],[10,"zombie_name",2,[[-24,[6,2,-25,[4,4278208621]]],1,4],[0,"35KEU5vMBFjI04IMv8R+KF",1,0],[4,4284081919],[5,284,98.5],[0,-20,0,0,0,0,1,1,1,1]],[9,"mask",177,3,[[16,0,-26,[0],1]],[0,"70B0hRjkBAsqKgvvztV6W2",1,0],[4,4278190080],[5,4000,2000]],[3,"zombie_board",2,[[5,-27,[3],4]],[0,"a7Snek289I+aqoSwPekkK8",1,0],[5,622,331],[-6,-40,0,0,0,0,1,1,1,1]],[3,"zombie_tip",2,[[5,-28,[7],8]],[0,"7dTEASgspAsZ1Wd04z7Mys",1,0],[5,135,102],[-306,-154,0,0,0,0,1,1,1,1]],[21,"僵尸名字",70,75,false,1,1,6,[9]],[11,"zombie_desc",2,[-29],[0,"3dD7fQ+BlGz5UoVWKbwSzP",1,0],[4,4283689900],[5,450,76.83999999999999],[0,-108,0,0,0,0,1,1,1,1]],[22,"僵尸介绍，阿吧阿阿吧阿吧吧吧，阿吧阿吧阿吧阿吧阿吧！",29,34,false,1,1,3,11,[10]],[2,"txt",4,[[23,"确定",false,1,1,-30,[13],14]],[0,"286YSUrnBI47FNC7cakeH8",1,0],[4,4285150504],[5,80,50.4],[-1,0,0,0,0,0,1,1,1,1]]],0,[0,4,1,0,0,1,0,0,1,0,5,3,0,6,12,0,7,10,0,0,1,0,-1,3,0,-2,2,0,-3,4,0,0,2,0,-1,8,0,-2,5,0,-3,9,0,-4,6,0,-5,11,0,0,3,0,-1,7,0,0,4,0,0,4,0,-1,13,0,0,5,0,0,5,0,-1,10,0,0,6,0,0,7,0,0,8,0,0,9,0,-1,12,0,0,13,0,8,1,30],[0,0,0,0,0,0,0,0,0,0,0,0,0,0,0,0,0,10,12],[-1,1,-1,-1,1,-1,2,-1,1,-1,-1,-1,1,-1,2,-1,1,2,2],[0,4,0,0,5,0,1,0,6,0,0,0,7,0,1,0,8,1,1]]]]