[1,["ecpdLyjvZBwrvm+cedCcQy","99+hSu4KlKNKZzg6fDeIHM","97XFlOE2lJEqbg4VjArZnp","05fEwVRq5FmZHNFkeYd9gx","a2q02PPytOVZXi76g1WpaV"],["node","_spriteFrame","_textureSetter","root","peng","hammer","data"],[["cc.Node",["_name","_groupIndex","_components","_prefab","_parent","_contentSize","_trs","_children","_anchorPoint","_eulerAngles"],1,9,4,1,5,7,2,5,5],"cc.SpriteFrame",["cc.PrefabInfo",["fileId","root","asset"],2,1,1],["cc.Prefab",["_name"],2],["dedbdX7ZaBIZbSV49lpNH0w",["node","hammer","peng"],3,1,1,1],["cc.BoxCollider",["node","_offset","_size"],3,1,5,5],["cc.Sprite",["node","_materials","_spriteFrame"],3,1,3,6]],[[2,0,1,2,2],[6,0,1,2,1],[3,0,2],[0,0,1,7,2,3,3],[0,0,1,4,2,3,5,6,3],[0,0,1,4,2,3,5,8,6,9,3],[4,0,1,2,1],[5,0,1,2,1],[2,1,2,1]],[[[[2,"HammerEffect"],[3,"HammerEffect",6,[-6,-7],[[6,-4,-3,-2],[7,-5,[0,10,13],[5,48,63]]],[8,-1,0]],[4,"pong",6,1,[[1,-8,[0],1]],[0,"59r7c0RTxI2ZyWU482VQbr",1,0],[5,98,89],[-34,57,0,0,0,0,1,1,1,1]],[5,"hammer",6,1,[[1,-9,[2],3]],[0,"39h6ixe+lLM55lsWaY67sY",1,0],[5,68,99],[0,0.5,0],[66,-21,0,0,0,0.49999999999999994,0.8660254037844387,1,1,1],[1,0,0,60]]],0,[0,3,1,0,4,2,0,5,3,0,0,1,0,0,1,0,-1,2,0,-2,3,0,0,2,0,0,3,0,6,1,9],[0,0,0,0],[-1,1,-1,1],[0,1,0,2]],[[{"name":"hammer","rect":[0,0,68,99],"offset":[0,0],"originalSize":[68,99],"capInsets":[0,0,0,0]}],[1],0,[0],[2],[3]],[[{"name":"pong","rect":[0,0,98,89],"offset":[0,0],"originalSize":[98,89],"capInsets":[0,0,0,0]}],[1],0,[0],[2],[4]]]]