[1,["eakamBnYFND6i00fsHnCZs","7a/QZLET9IDreTiBfRn2PD","eb0njAAs1F1ZXHt+JPCxae","aaqhF6UtdMg4x+YGNcGYQ1"],["root","shootNode","body","animation","node","data","bulletPrefab","_N$skeletonData"],[["cc.Node",["_name","_prefab","_trs","_children","_components","_parent"],2,4,7,2,12,1],["cc.Node",["_name","_groupIndex","_parent","_components","_prefab","_contentSize"],1,1,2,4,5],["cc.PrefabInfo",["fileId","root","asset"],2,1,1],["sp.SkeletonData",["_name","_atlasText","textureNames","_skeletonJson","textures"],-1,3],["cc.Prefab",["_name"],2],["d0858T0P0xCCbkWdXg2wTUe",["node","animation","body","shadowOffset","shootNode","bulletPrefab"],3,1,1,1,5,1,6],["cc.BoxCollider",["node","_offset","_size"],3,1,5,5],["96c396uvMtPhLUJFoRD9JmK",["node","body"],3,1,1],["sp.Skeleton",["defaultSkin","defaultAnimation","_preCacheMode","_animationName","node","_materials"],-1,1,3],["261d4+Q1HdGA5w3tjdBw83c",["node","spineAnimation"],3,1,1]],[[2,0,1,2,2],[3,0,1,2,3,4,5],[4,0,2],[0,0,3,4,1,2,2],[0,0,5,1,2,2],[1,0,1,2,3,4,3],[1,0,2,3,4,5,2],[5,0,1,2,3,4,5,1],[2,1,2,1],[6,0,1,2,1],[7,0,1,1],[8,0,1,2,3,4,5,5],[9,0,1,1]],[[[[1,"06_plant","\n06_plant.png\nsize: 512,64\nformat: RGBA8888\nfilter: Linear,Linear\nrepeat: none\nbody\n  rotate: false\n  xy: 117, 21\n  size: 22, 40\n  orig: 22, 40\n  offset: 0, 0\n  index: -1\neye1\n  rotate: true\n  xy: 117, 2\n  size: 17, 15\n  orig: 17, 15\n  offset: 0, 0\n  index: -1\neye2\n  rotate: true\n  xy: 134, 2\n  size: 17, 12\n  orig: 17, 12\n  offset: 0, 0\n  index: -1\neye3\n  rotate: true\n  xy: 197, 4\n  size: 17, 10\n  orig: 17, 10\n  offset: 0, 0\n  index: -1\nhead\n  rotate: false\n  xy: 30, 11\n  size: 85, 50\n  orig: 85, 50\n  offset: 0, 0\n  index: -1\nice1\n  rotate: false\n  xy: 240, 34\n  size: 14, 27\n  orig: 14, 27\n  offset: 0, 0\n  index: -1\nice2\n  rotate: false\n  xy: 148, 2\n  size: 29, 19\n  orig: 29, 19\n  offset: 0, 0\n  index: -1\nice3\n  rotate: false\n  xy: 209, 6\n  size: 32, 15\n  orig: 32, 15\n  offset: 0, 0\n  index: -1\nice4\n  rotate: true\n  xy: 243, 7\n  size: 25, 15\n  orig: 25, 16\n  offset: 0, 1\n  index: -1\nice5\n  rotate: true\n  xy: 216, 33\n  size: 28, 22\n  orig: 28, 22\n  offset: 0, 0\n  index: -1\nice6\n  rotate: false\n  xy: 179, 2\n  size: 16, 19\n  orig: 16, 27\n  offset: 0, 0\n  index: -1\nleaf2\n  rotate: false\n  xy: 141, 23\n  size: 73, 38\n  orig: 73, 38\n  offset: 0, 0\n  index: -1\nleaf3\n  rotate: true\n  xy: 2, 6\n  size: 55, 26\n  orig: 55, 26\n  offset: 0, 0\n  index: -1\n",["06_plant.png"],{"skeleton":{"hash":"rfy/v+/wIaP1ZVE5Rf3tOwPK5JQ","spine":"3.8.99","x":-47.34,"y":-14.11,"width":86.56,"height":87.43},"bones":[{"name":"root"},{"name":"plant","parent":"root","scaleX":0.166,"scaleY":0.166},{"name":"body","parent":"plant","x":6.6,"y":7.43},{"name":"body3","parent":"body","length":137.91,"rotation":101.79,"x":-9.62,"y":2.3},{"name":"leaf2","parent":"body","length":155.68,"rotation":176.11,"x":-6.12,"y":-28.81},{"name":"leaf3","parent":"leaf2","length":57.37,"rotation":85.51,"x":155.71,"y":-0.44},{"name":"leaf4","parent":"body","length":138.54,"rotation":27.22,"x":13.23,"y":-19.13},{"name":"leaf5","parent":"leaf4","length":61.05,"rotation":-102.18,"x":138.54},{"name":"leaf6","parent":"body","length":100.09,"rotation":152.13,"x":-22.26,"y":27.87},{"name":"leaf7","parent":"leaf6","length":41.23,"rotation":72.87,"x":102.34,"y":0.81},{"name":"leaf8","parent":"body","length":103.69,"rotation":29.58,"x":-7.68,"y":29.22},{"name":"leaf9","parent":"leaf8","length":48.83,"rotation":-55.08,"x":103.98,"y":-0.17},{"name":"body4","parent":"body3","length":51.33,"rotation":-3.35,"x":137.82,"y":0.24,"scaleX":0.166,"scaleY":0.166,"transform":"noScale"},{"name":"body2","parent":"body4","x":60.04,"y":3.57,"scaleX":0.166,"scaleY":0.166,"transform":"onlyTranslation"},{"name":"head","parent":"body2","length":240.47,"rotation":94.64,"x":-0.3,"y":4.92,"transform":"noRotationOrReflection"},{"name":"eye1","parent":"head","x":124.71,"y":-89.24},{"name":"head3","parent":"head","length":153.62,"rotation":-91.11,"x":86.35,"y":-164.99},{"name":"ice5","parent":"head","x":101.24,"y":75.57},{"name":"ice1","parent":"ice5","length":109.34,"rotation":-13.39,"x":29.36,"y":0.23},{"name":"ice2","parent":"ice5","length":133.53,"rotation":57.11,"x":38.14,"y":10.77},{"name":"ice3","parent":"ice5","length":143.94,"rotation":80.39,"x":5.4,"y":18.44},{"name":"ice4","parent":"ice5","length":129.42,"rotation":113.32,"x":-2.69,"y":26.6},{"name":"ice7","parent":"ice5","length":160.03,"rotation":122.22,"x":-21.23,"y":13.93},{"name":"ice8","parent":"ice5","length":112.13,"rotation":135.47,"x":-49.21,"y":3.28}],"slots":[{"name":"leaf3","bone":"leaf8","attachment":"leaf3"},{"name":"body","bone":"body3","attachment":"body"},{"name":"leaf2","bone":"leaf4","attachment":"leaf2"},{"name":"ice1","bone":"ice1","attachment":"ice1"},{"name":"ice2","bone":"ice2","attachment":"ice2"},{"name":"ice3","bone":"ice3","attachment":"ice3"},{"name":"ice4","bone":"ice4","attachment":"ice4"},{"name":"ice5","bone":"ice7","attachment":"ice5"},{"name":"ice6","bone":"ice8","attachment":"ice6"},{"name":"head","bone":"head3","attachment":"head"},{"name":"eye1","bone":"eye1","attachment":"eye1"}],"skins":[{"name":"default","attachments":{"body":{"body":{"type":"mesh","hull":15,"uvs":[0.27062,0.35206,0.22388,0.2522,0.0725,0.23425,0.01362,0.02293,0.85745,0,0.96819,0.06209,0.87287,0.23752,0.76634,0.24894,0.74288,0.33992,0.76448,0.58675,1,0.89646,0.96435,0.97507,0.8077,1,0.57542,0.89646,0.37016,0.56474,0.4041,0.2542,0.6068,0.25606],"triangles":[11,12,10,10,12,13,13,9,10,13,14,9,14,8,9,0,8,14,8,0,16,16,0,15,0,1,15,8,16,7,7,16,4,4,16,15,15,3,4,5,6,7,1,3,15,5,7,4,3,1,2],"vertices":[1,3,126.57,36.22,1,1,12,7.33,37.72,1,1,12,13.5,54.71,1,1,12,56.53,55.29,1,1,12,46.6,-43.04,1,1,12,32.35,-54.03,1,1,12,-0.89,-37.82,1,1,12,-1.33,-25.15,1,1,3,117.68,-18.37,1,1,3,68.59,-10.7,1,1,3,2.02,-24.96,1,1,3,-12.59,-17.65,1,1,3,-13.75,1.32,1,1,3,12.17,23.67,1,1,3,82.35,33.55,1,1,12,3.84,16.92,1,1,12,-0.01,-6.48,1]}},"eye1":{"eye1":{"x":-2.51,"y":5.01,"rotation":-94.65,"width":86,"height":74},"eye2":{"x":-2.51,"y":5.01,"rotation":-94.65,"width":86,"height":61},"eye3":{"x":-5.62,"y":3.76,"rotation":-94.65,"width":83,"height":50}},"head":{"head":{"type":"mesh","hull":22,"uvs":[0.57503,0.11457,0.4585,0.01404,0.10797,0.07581,0.00001,0.3898,0,0.78823,0.24561,0.99999,0.486,1,0.61417,0.88092,0.65032,0.81703,0.69384,0.76799,0.74341,0.76097,0.80253,0.80481,0.89174,0.83165,0.96988,0.72686,0.99999,0.55657,1,0.17066,0.90206,0,0.7992,0.01256,0.74014,0.11329,0.70632,0.1576,0.65724,0.16314,0.61252,0.14283,0.58967,0.24749,0.61027,0.51581,0.73949,0.23625,0.72754,0.39015,0.74117,0.60231,0.87245,0.14148,0.81612,0.4071,0.88678,0.6399,0.93427,0.28643,0.94017,0.48834,0.60042,0.7374],"triangles":[11,29,12,12,29,13,29,11,26,9,32,26,9,26,10,26,23,25,24,25,20,11,10,26,13,29,14,26,28,29,29,31,14,29,28,31,26,25,28,15,14,30,28,30,31,14,31,30,25,24,28,28,27,30,28,24,27,24,20,19,30,27,15,24,18,27,24,19,18,27,16,15,18,17,27,27,17,16,7,6,32,4,3,5,5,3,23,6,5,32,32,5,23,22,1,0,2,1,23,3,2,23,7,32,8,8,32,9,23,26,32,22,20,25,1,22,23,20,22,21,22,25,23,22,0,21],"vertices":[1,14,174.67,-113.86,1,1,14,203.9,-66.43,1,1,14,200.5,83.65,1,1,14,125.48,135.89,1,1,14,25.56,144.01,1,1,14,-36.02,44.04,1,1,14,-44.32,-58.02,1,1,14,-18.87,-114.86,1,2,14,-4.1,-131.51,0.82582,16,-31.73,-91.08,0.17418,2,14,6.7,-150.98,0.36078,16,-12.46,-79.91,0.63922,2,14,6.75,-172.17,0.0532,16,8.72,-79.45,0.9468,2,14,-6.28,-196.38,0.00998,16,33.18,-92.01,0.99002,1,16,70.69,-101.09,1,1,16,105.54,-76.83,1,1,16,120.98,-34.85,1,1,16,126.97,62.06,1,1,16,87.98,107.5,1,2,14,192.52,-211.11,0.00025,16,44.05,107.04,0.99975,2,14,169.3,-183.98,0.01559,16,17.38,83.3,0.98441,2,14,159.35,-168.72,0.12279,16,2.32,73.06,0.87721,2,14,159.65,-147.77,0.4565,16,-18.64,72.95,0.5435,1,14,166.29,-129.2,1,1,14,140.83,-117.36,1,1,14,72.83,-120.64,1,2,14,138.48,-181.2,0.06034,16,15.19,52.43,0.93966,2,14,100.3,-172.99,0.07906,16,7.73,14.1,0.92094,2,14,46.62,-174.46,0.04836,16,10.23,-39.54,0.95164,1,16,73.19,72.74,1,1,16,45.12,7.51,1,2,14,32.17,-235.51,0.00132,16,71.56,-52.81,0.99868,1,16,97.23,34.72,1,1,16,96.6,-16.15,1,1,14,17.59,-111.95,1]}},"ice1":{"ice1":{"x":41.8,"y":-3.65,"rotation":-81.25,"width":69,"height":137}},"ice2":{"ice2":{"x":57.14,"y":-4.8,"rotation":-151.76,"width":145,"height":96}},"ice3":{"ice3":{"x":58.02,"y":-0.25,"rotation":-175.03,"width":162,"height":77}},"ice4":{"ice4":{"x":55.82,"y":0.71,"rotation":152.04,"width":123,"height":81}},"ice5":{"ice5":{"x":68.41,"y":-0.02,"rotation":143.13,"width":142,"height":109}},"ice6":{"ice6":{"x":33.42,"y":-14.54,"rotation":129.89,"width":80,"height":134}},"leaf2":{"leaf2":{"type":"mesh","hull":34,"uvs":[0.51109,0.43312,0.35209,0.28133,0.15709,0.26211,0.05609,0.39277,0.02609,0.5119,0,0.68483,0,0.83087,0.02909,0.9596,0.11109,1,0.13409,0.94807,0.10809,0.90196,0.11609,0.83087,0.16609,0.77899,0.22509,0.8251,0.27509,0.89043,0.44709,0.96729,0.63109,0.91733,0.76909,0.77514,0.80309,0.58684,0.83809,0.52727,0.87409,0.53112,0.88909,0.60029,0.87086,0.65099,0.85109,0.70597,0.88709,0.73671,0.9326,0.69701,0.9736,0.62015,0.9886,0.51832,0.9956,0.37036,0.9756,0.19551,0.9166,0.04179,0.8096,0,0.7056,0,0.54336,0.23982,0.08763,0.60492,0.05263,0.77977,0.06363,0.90274,0.91662,0.64143,0.93462,0.49347,0.92062,0.38587,0.79315,0.23137,0.22215,0.53496,0.53342,0.68289],"triangles":[7,36,8,36,10,8,8,10,9,7,6,36,6,35,36,10,36,11,11,36,35,12,11,34,6,5,35,11,35,34,35,5,34,5,4,34,23,22,24,24,37,25,24,22,37,25,37,26,22,21,37,26,37,38,37,21,38,26,38,27,21,20,38,38,20,39,20,19,39,27,38,28,38,39,28,39,29,28,39,40,29,16,42,17,17,42,18,18,33,40,0,33,18,18,42,0,18,40,19,19,40,39,33,32,40,40,30,29,40,31,30,40,32,31,15,42,16,15,14,42,42,14,41,12,41,13,42,41,0,0,41,1,13,41,14,12,34,41,4,3,34,34,3,41,3,2,41,41,2,1],"vertices":[2,4,3.93,-44.48,0.38536,6,-2.02,40.36,0.61464,2,4,64.12,-69.45,0.99135,6,-40.65,92.83,0.00865,1,4,135.77,-68.26,1,2,4,171.06,-40.84,0.88,5,-39.08,-18.46,0.12,2,4,180.5,-17.39,0.48876,5,-14.96,-26.04,0.51124,2,4,187.81,16.21,0.00197,5,19.11,-30.7,0.99803,1,5,46.7,-26.64,1,1,5,69.48,-12.49,1,1,5,72.72,18.41,1,1,5,61.68,25.31,1,2,4,145.42,54.89,0.00413,5,54.36,14.59,0.99587,2,4,143.41,41.15,0.09414,5,40.5,15.51,0.90586,2,4,125.78,30.02,0.68304,5,28.02,32.22,0.31696,2,4,103.58,37.34,0.96811,5,33.58,54.93,0.03189,2,4,84.42,48.54,0.99914,5,43.25,74.9,0.00086,2,4,20.45,58.9,0.99215,6,-69.57,-39.63,0.00785,2,4,-46.28,44.8,0.34815,6,-5.15,-62.03,0.65185,2,4,-94.96,14.27,0.00782,6,52.31,-61.04,0.99218,2,6,79.85,-34.76,0.95227,7,46.36,-50.03,0.04773,2,6,96.48,-30.52,0.71576,7,38.71,-34.68,0.28424,2,6,107.89,-37.22,0.26368,7,42.84,-22.11,0.73632,2,6,106.74,-51.48,0.03104,7,57.03,-20.22,0.96896,2,6,96.37,-57.04,0.00198,7,64.65,-29.19,0.99802,1,7,72.91,-38.92,1,1,7,82.01,-27.69,1,1,7,79.02,-9.59,1,1,7,68.74,8.75,1,1,7,51.39,19.11,1,1,7,24.76,28.93,1,2,6,170.34,2.75,0.27729,7,-9.4,30.5,0.72271,2,6,164.51,38.76,0.89157,7,-43.37,17.21,0.10843,1,6,133.24,63.82,1,1,6,99.3,81.28,1,2,4,-5.38,-82.12,0.01111,6,25.4,67.77,0.98889,2,4,156.76,-1.2,0.48136,5,-0.68,-1.11,0.51864,1,5,34.23,-8.95,1,1,5,56.88,-1.53,1,2,6,112.14,-63.09,0.00266,7,67.24,-12.5,0.99734,1,7,41.66,1.21,1,1,7,20.48,1.59,1,1,6,107.66,27.28,1,1,4,108.41,-17.88,1,2,4,-7.48,2.56,0.75859,6,-16.55,-5.82,0.24141]}},"leaf3":{"leaf3":{"type":"mesh","hull":34,"uvs":[0.46741,0.39678,0.40164,0.2029,0.24153,0.08534,0.16814,0.08946,0.08904,0.13484,0.01279,0.2689,0.00517,0.41534,0.00517,0.58653,0.04138,0.65871,0.05377,0.59684,0.05568,0.52053,0.08237,0.52053,0.08523,0.60096,0.09666,0.67934,0.11668,0.73915,0.19006,0.90415,0.34255,0.98253,0.47312,0.88765,0.5427,0.99284,0.69929,0.93096,0.82986,0.6484,0.85083,0.53084,0.88609,0.43596,0.93184,0.44215,0.95186,0.50403,0.96996,0.55559,0.98998,0.49578,0.99093,0.42565,0.98045,0.33078,0.95376,0.21734,0.91183,0.12453,0.83177,0.04615,0.72788,0.0049,0.55252,0.11009,0.47505,0.64071,0.03606,0.47071,0.0661,0.36071,0.12732,0.32071,0.22552,0.46821,0.70032,0.37821,0.96371,0.41071,0.92675,0.31071,0.84126,0.27071],"triangles":[25,24,26,21,42,22,24,40,26,24,23,40,26,40,27,40,23,41,23,22,41,22,42,41,40,28,27,40,41,28,41,29,28,42,30,41,41,30,29,42,31,30,19,18,34,18,17,34,19,39,20,19,34,39,20,39,21,34,0,39,39,42,21,0,33,39,42,32,31,42,39,32,39,33,32,8,7,9,9,7,10,7,35,10,7,6,35,11,35,36,11,37,38,11,36,37,11,10,35,35,6,36,6,5,36,37,36,4,36,5,4,37,4,3,15,38,16,17,16,34,34,16,38,38,1,0,15,14,38,0,34,38,14,13,38,13,12,38,12,11,38,38,37,2,38,2,1,2,37,3],"vertices":[2,8,14.48,-34.1,0.53215,10,7.6,36.57,0.46785,2,8,42.18,-47.52,0.96788,10,4.01,67.14,0.03212,2,8,88.43,-40.09,0.99922,9,-43.18,1.25,0.00078,2,8,106.15,-30.12,0.88335,9,-28.44,-12.75,0.11665,2,8,122.81,-14.75,0.28351,9,-8.84,-24.14,0.71649,1,9,18.23,-26.94,1,1,9,32.98,-15.18,1,1,9,48.47,0.31,1,1,9,47.91,13.94,1,1,9,39.89,10.77,1,2,8,107.9,33.22,0.01183,9,32.61,4.23,0.98817,2,8,101.37,29.76,0.206,9,27.38,9.46,0.794,2,8,95.85,38.49,0.48467,9,34.1,17.3,0.51533,2,8,88.36,45.88,0.62962,9,38.95,26.64,0.37038,2,8,79.88,50.06,0.72565,9,40.45,35.97,0.27435,2,8,52.04,59.23,0.91213,9,41.01,65.28,0.08787,2,8,10.01,48.35,0.99484,9,18.23,102.24,0.00516,2,8,-16.29,20.71,0.57445,10,-22.04,-18.86,0.42555,2,8,-39.62,23.6,0.102,10,-11.93,-40.08,0.898,1,10,29.71,-54.6,1,2,10,79.01,-41.01,0.90681,11,19.19,-43.85,0.09319,2,10,91.49,-30.79,0.70735,11,17.96,-27.77,0.29265,2,10,105.98,-25.05,0.18533,11,21.54,-12.6,0.81467,2,10,116.61,-31.99,0.00416,11,33.32,-7.86,0.99584,1,11,41.74,-12.63,1,1,11,49.11,-16.42,1,1,11,50.81,-7.13,1,1,11,47.19,1.09,1,1,11,39.34,10.8,1,1,11,26.42,20.72,1,2,10,131.86,6.1,0.05465,11,10.82,26.45,0.94535,2,10,117.53,25.77,0.62099,11,-13.52,25.95,0.37901,2,10,95.11,44.57,0.98494,11,-41.76,18.33,0.01506,2,8,10.79,-77.56,0.01275,10,46.22,56.84,0.98725,2,8,-1.98,-7.48,0.61637,10,-5.97,8.37,0.38363,1,9,31.94,-4.12,1,1,9,16.1,-8.19,1,1,9,0.49,0.18,1,2,8,69.44,5.31,0.98487,9,-5.39,32.77,0.01513,1,10,64.88,6.78,1,1,11,39.56,-0.43,1,1,11,24.81,6.71,1,2,10,105.63,-0.52,0.25841,11,1.23,1.14,0.74159]}}}}],"events":{"attack":{}},"animations":{"attack":{"slots":{"eye1":{"attachment":[{"time":0.6333,"name":"eye2"},{"time":0.7,"name":"eye3"},{"time":0.7667,"name":"eye2"},{"time":0.8333,"name":"eye1"}]}},"bones":{"head":{"translate":[{"time":0.3,"curve":0.299,"c3":0.636,"c4":0.36},{"time":0.4,"x":6.69,"curve":0.298,"c2":0.2,"c3":0.756},{"time":0.5,"x":12.04,"y":4.01,"curve":0.298,"c2":0.2,"c3":0.756},{"time":0.6,"x":6.69,"curve":0.298,"c2":0.2,"c3":0.756},{"time":0.7,"x":-1.34,"y":-12.04,"curve":0.298,"c2":0.2,"c3":0.756},{"time":0.8,"curve":0.298,"c2":0.2,"c3":0.756},{"time":0.9,"y":4.01,"curve":0.298,"c2":0.2,"c3":0.756},{"time":1,"y":-2.67,"curve":0.298,"c2":0.2,"c3":0.756},{"time":1.3333}],"scale":[{"curve":0.299,"c3":0.636,"c4":0.36},{"time":0.4,"x":1.13,"y":0.905,"curve":0.298,"c2":0.2,"c3":0.756},{"time":0.5,"x":1.285,"y":0.884,"curve":0.298,"c2":0.2,"c3":0.756},{"time":0.6,"x":1.078,"y":1.078,"curve":0.298,"c2":0.2,"c3":0.756},{"time":0.7,"x":0.893,"y":1.074,"curve":0.298,"c2":0.2,"c3":0.756},{"time":0.8,"curve":0.298,"c2":0.2,"c3":0.756},{"time":0.9,"x":1.026,"curve":0.298,"c2":0.2,"c3":0.756},{"time":1}]},"head3":{"translate":[{"time":0.4,"curve":0.298,"c2":0.2,"c3":0.756},{"time":0.5,"x":9.45,"y":31.48,"curve":0.298,"c2":0.2,"c3":0.756},{"time":0.6,"x":0.7,"y":8.66,"curve":0.298,"c2":0.2,"c3":0.756},{"time":0.7,"x":-0.28,"y":-2.87,"curve":0.298,"c2":0.2,"c3":0.756},{"time":0.8,"x":-2.06,"y":-25.33,"curve":0.298,"c2":0.2,"c3":0.756},{"time":0.9}],"scale":[{"time":0.3,"curve":0.299,"c3":0.636,"c4":0.36},{"time":0.4,"y":1.026,"curve":0.298,"c2":0.2,"c3":0.756},{"time":0.5,"x":0.933,"y":1.088,"curve":0.298,"c2":0.2,"c3":0.756},{"time":0.6,"x":0.91,"curve":0.298,"c2":0.2,"c3":0.756},{"time":0.7,"x":0.759,"y":0.886,"curve":0.298,"c2":0.2,"c3":0.756},{"time":0.8,"x":0.79,"curve":0.298,"c2":0.2,"c3":0.756},{"time":0.9,"y":1.02,"curve":0.298,"c2":0.2,"c3":0.756},{"time":1,"y":0.987,"curve":0.298,"c2":0.2,"c3":0.756},{"time":1.3333}]},"leaf8":{"rotate":[{},{"time":0.6667,"angle":-19.02},{"time":1.3333}],"scale":[{},{"time":0.6667,"x":1.049,"y":0.92},{"time":1.3333}]},"leaf9":{"rotate":[{},{"time":0.3333,"angle":5.95},{"time":0.6667},{"time":1,"angle":-6.32},{"time":1.3333}]},"body3":{"rotate":[{},{"time":0.3333,"angle":-6.82},{"time":0.5,"angle":-17.35},{"time":0.6667,"angle":-27.88},{"time":1,"angle":-13.94},{"time":1.1667,"angle":-6.97},{"time":1.3333}],"scale":[{},{"time":0.3333,"x":1.08},{"time":0.5,"x":1.211},{"time":0.6667},{"time":1,"x":1.198},{"time":1.1667,"x":1.169},{"time":1.3333}],"shear":[{},{"time":0.3333,"y":6.06},{"time":0.5,"y":12.97},{"time":0.6667}]},"leaf2":{"rotate":[{},{"time":0.6667,"angle":4.37},{"time":1.3333}],"scale":[{},{"time":0.6667,"x":1.049,"y":0.939},{"time":1.3333}]},"leaf3":{"rotate":[{},{"time":0.3333,"angle":-15.84},{"time":0.6667,"angle":14.6},{"time":1,"angle":-2.63},{"time":1.3333}]},"leaf4":{"rotate":[{},{"time":0.6667,"angle":-13.28},{"time":1.3333}],"scale":[{},{"time":0.6667,"x":1.125,"y":0.92},{"time":1.3333}]},"leaf5":{"rotate":[{},{"time":0.3333,"angle":18.05},{"time":0.6667,"angle":-11.16},{"time":1,"angle":17.96},{"time":1.3333}]},"leaf6":{"rotate":[{},{"time":0.6667,"angle":6.88},{"time":1.3333}],"scale":[{},{"time":0.6667,"x":0.986,"y":0.92},{"time":1.3333}]},"leaf7":{"rotate":[{},{"time":0.3333,"angle":-10.68},{"time":0.6667},{"time":1,"angle":10.55},{"time":1.3333}]},"body4":{"rotate":[{},{"time":0.3333,"angle":0.84},{"time":0.5},{"time":0.6667,"angle":7.64},{"time":1,"angle":3.73},{"time":1.1667}],"shear":[{"time":0.3333},{"time":0.5,"y":10.96},{"time":0.6667,"y":12.54},{"time":1,"y":3.3},{"time":1.1667}]},"ice7":{"rotate":[{},{"time":0.1333,"angle":-2.67},{"time":0.3},{"time":0.4,"angle":-5.18},{"time":0.5,"angle":-7.95},{"time":0.6,"angle":-7.76},{"time":0.7,"curve":"stepped"},{"time":0.8},{"time":0.9667,"angle":-2.67},{"time":1.1667,"angle":3.29},{"time":1.3333}],"translate":[{"time":0.5},{"time":0.6,"x":0.62,"y":7.62},{"time":0.7}],"scale":[{},{"time":0.1333,"x":0.944,"y":1.066},{"time":0.3,"curve":"stepped"},{"time":0.5},{"time":0.6,"x":1.104,"y":0.926},{"time":0.7},{"time":0.8,"x":1.042,"y":0.967},{"time":0.9667,"x":0.944,"y":1.066},{"time":1.1667,"x":1.068,"y":0.956},{"time":1.3333}]},"ice2":{"rotate":[{},{"time":0.1333,"angle":4.57},{"time":0.3},{"time":0.4,"angle":12.61},{"time":0.5,"angle":-0.31},{"time":0.6,"angle":7.71},{"time":0.7,"curve":"stepped"},{"time":0.8},{"time":0.9667,"angle":4.57},{"time":1.1667,"angle":-1.78},{"time":1.3333}],"translate":[{"time":0.5},{"time":0.6,"x":0.62,"y":7.62},{"time":0.7}],"scale":[{},{"time":0.1333,"x":0.944,"y":1.066},{"time":0.3,"curve":"stepped"},{"time":0.4},{"time":0.5,"y":1.11},{"time":0.6,"x":1.104,"y":0.926},{"time":0.7},{"time":0.8,"x":1.042,"y":0.967},{"time":0.9667,"x":0.944,"y":1.066},{"time":1.1667,"x":1.068,"y":0.956},{"time":1.3333}]},"ice8":{"rotate":[{},{"time":0.1333,"angle":-2.68},{"time":0.3},{"time":0.4,"angle":3.56},{"time":0.5,"angle":-10.03},{"time":0.6,"angle":-4.84},{"time":0.7,"curve":"stepped"},{"time":0.8},{"time":0.9667,"angle":-2.68},{"time":1.1667,"angle":3.14},{"time":1.3333}],"translate":[{"time":0.5},{"time":0.6,"x":0.62,"y":7.62},{"time":0.7}],"scale":[{},{"time":0.1333,"x":0.944,"y":1.066},{"time":0.3,"curve":"stepped"},{"time":0.5},{"time":0.6,"x":1.104,"y":0.926},{"time":0.7},{"time":0.8,"x":1.042,"y":0.967},{"time":0.9667,"x":0.944,"y":1.066},{"time":1.1667,"x":1.068,"y":0.956},{"time":1.3333}]},"ice4":{"rotate":[{},{"time":0.1333,"angle":-4.45},{"time":0.3},{"time":0.4,"angle":-3.09},{"time":0.5,"angle":-5.86},{"time":0.6,"angle":-4.84},{"time":0.7,"curve":"stepped"},{"time":0.8},{"time":0.9667,"angle":-4.45},{"time":1.1667,"angle":3.14},{"time":1.3333}],"translate":[{"time":0.5},{"time":0.6,"x":0.62,"y":7.62},{"time":0.7}],"scale":[{},{"time":0.1333,"x":0.944,"y":1.066},{"time":0.3,"curve":"stepped"},{"time":0.4},{"time":0.5,"y":1.11},{"time":0.6,"x":1.104,"y":0.926},{"time":0.7},{"time":0.8,"x":1.042,"y":0.967},{"time":0.9667,"x":0.944,"y":1.066},{"time":1.1667,"x":1.068,"y":0.956},{"time":1.3333}]},"ice3":{"rotate":[{},{"time":0.1333,"angle":2.55},{"time":0.3},{"time":0.4,"angle":-3.3},{"time":0.5,"angle":4.99},{"time":0.6,"angle":3.13},{"time":0.7,"curve":"stepped"},{"time":0.8},{"time":0.9667,"angle":2.55},{"time":1.1667}],"translate":[{"time":0.5},{"time":0.6,"x":0.62,"y":7.62},{"time":0.7}],"scale":[{},{"time":0.1333,"x":0.944,"y":1.066},{"time":0.3,"curve":"stepped"},{"time":0.5},{"time":0.6,"x":1.104,"y":0.926},{"time":0.7},{"time":0.8,"x":1.042,"y":0.967},{"time":0.9667,"x":0.944,"y":1.066},{"time":1.1667,"x":1.068,"y":0.956},{"time":1.3333}]},"ice1":{"rotate":[{},{"time":0.1333,"angle":8.6},{"time":0.3},{"time":0.4,"angle":-5.29},{"time":0.5,"angle":8.64},{"time":0.6,"angle":15.37},{"time":0.7,"curve":"stepped"},{"time":0.8},{"time":0.9667,"angle":8.6},{"time":1.1667,"angle":-2.5},{"time":1.3333}],"translate":[{"time":0.5},{"time":0.6,"x":0.62,"y":7.62},{"time":0.7}],"scale":[{},{"time":0.1333,"x":0.944,"y":1.066},{"time":0.3,"curve":"stepped"},{"time":0.5},{"time":0.6,"x":1.104,"y":0.926},{"time":0.7},{"time":0.8,"x":1.042,"y":0.967},{"time":0.9667,"x":0.944,"y":1.066},{"time":1.1667,"x":1.068,"y":0.956},{"time":1.3333}]}},"deform":{"default":{"body":{"body":[{"offset":6,"vertices":[20.72787,5.78783,19.48625,-6.50475,17.70526,-7.8778]}]}}},"events":[{"time":0.5667,"name":"attack"},{"time":0.6667,"name":"attack"},{"time":0.7667,"name":"attack"},{"time":0.8667,"name":"attack"}]},"idle1":{"bones":{"body3":{"rotate":[{},{"time":0.4,"angle":-6.82},{"time":0.6,"angle":-17.35},{"time":0.8,"angle":-27.88},{"time":1.2,"angle":-13.94},{"time":1.4,"angle":-6.97},{"time":1.6}],"scale":[{},{"time":0.4,"x":1.08},{"time":0.6,"x":1.211},{"time":0.8},{"time":1.2,"x":1.198},{"time":1.4,"x":1.169},{"time":1.6}],"shear":[{},{"time":0.4,"y":6.06},{"time":0.6,"y":12.97},{"time":0.8}]},"leaf2":{"rotate":[{},{"time":0.8,"angle":4.37},{"time":1.6}],"scale":[{},{"time":0.8,"x":1.049,"y":0.939},{"time":1.6}]},"leaf3":{"rotate":[{},{"time":0.4,"angle":-15.84},{"time":0.8,"angle":14.6},{"time":1.2,"angle":-2.63},{"time":1.6}]},"leaf4":{"rotate":[{},{"time":0.8,"angle":-13.28},{"time":1.6}],"scale":[{},{"time":0.8,"x":1.125,"y":0.92},{"time":1.6}]},"leaf5":{"rotate":[{},{"time":0.4,"angle":18.05},{"time":0.8,"angle":-11.16},{"time":1.2,"angle":17.96},{"time":1.6}]},"leaf6":{"rotate":[{},{"time":0.8,"angle":6.88},{"time":1.6}],"scale":[{},{"time":0.8,"x":0.986,"y":0.92},{"time":1.6}]},"leaf7":{"rotate":[{},{"time":0.4,"angle":-10.68},{"time":0.8},{"time":1.2,"angle":10.55},{"time":1.6}]},"leaf8":{"rotate":[{},{"time":0.8,"angle":-19.02},{"time":1.6}],"scale":[{},{"time":0.8,"x":1.049,"y":0.92},{"time":1.6}]},"leaf9":{"rotate":[{},{"time":0.4,"angle":5.95},{"time":0.8},{"time":1.2,"angle":-6.32},{"time":1.6}]},"head":{"rotate":[{},{"time":0.2,"angle":1.93},{"time":0.4,"angle":2.66},{"time":0.6,"curve":"stepped"},{"time":0.8},{"time":1,"angle":1.93},{"time":1.2,"angle":2.66,"curve":"stepped"},{"time":1.4,"angle":2.66},{"time":1.6}],"translate":[{},{"time":0.0667,"x":1.32,"y":3.13},{"time":0.2,"x":3.95,"y":11.86},{"time":0.4,"x":1.98,"y":14.82},{"time":0.6,"y":11.86},{"time":0.8,"y":1.98},{"time":1,"x":1.48,"y":5.25},{"time":1.2,"x":4.45,"y":10.69},{"time":1.4,"x":4.45,"y":7.39},{"time":1.6}],"scale":[{},{"time":0.2,"x":1.108,"curve":"stepped"},{"time":0.4,"x":1.108},{"time":0.6,"x":1.058},{"time":0.8},{"time":1,"x":1.108},{"time":1.2,"x":1.138},{"time":1.4,"x":1.11,"y":1.005},{"time":1.6}],"shear":[{"time":1},{"time":1.2,"x":-2,"curve":"stepped"},{"time":1.4,"x":-2},{"time":1.6}]},"head3":{"rotate":[{"time":0.8},{"time":0.8667,"angle":-1.88},{"time":1}],"translate":[{},{"time":0.0667,"x":1.28,"y":-3.41},{"time":0.2,"curve":"stepped"},{"time":0.4},{"time":0.6,"x":16.83,"y":-2.44},{"time":0.8},{"time":0.8667,"x":-6.93,"y":-0.98},{"time":1}],"scale":[{},{"time":0.2,"y":1.024},{"time":0.4,"y":1.057},{"time":0.6,"curve":"stepped"},{"time":0.8},{"time":1,"y":1.024},{"time":1.2,"x":0.996,"y":1.078},{"time":1.4,"y":1.024},{"time":1.6}],"shear":[{},{"time":0.0667,"x":-7.51},{"time":0.2,"curve":"stepped"},{"time":0.4},{"time":0.6,"y":1.28},{"time":0.8},{"time":0.8667,"x":-2.83},{"time":1}]},"body4":{"rotate":[{},{"time":0.4,"angle":0.84},{"time":0.6},{"time":0.8,"angle":7.64},{"time":1.2,"angle":3.73},{"time":1.4}],"shear":[{"time":0.4},{"time":0.6,"y":10.96},{"time":0.8,"y":12.54},{"time":1.2,"y":3.3},{"time":1.4}]},"ice7":{"rotate":[{},{"time":0.0667,"angle":2.56},{"time":0.2},{"time":0.4,"angle":5.37},{"time":0.6},{"time":0.8,"angle":2.18},{"time":0.8667,"angle":6.51},{"time":1},{"time":1.2,"angle":11.09},{"time":1.4,"angle":3.4},{"time":1.6}],"translate":[{},{"time":0.0667,"x":-2.61,"y":8.96},{"time":0.2},{"time":0.4,"x":6.85,"y":12.89},{"time":0.6,"curve":"stepped"},{"time":1},{"time":1.2,"x":6.85,"y":12.89},{"time":1.4}],"scale":[{},{"time":0.0667,"y":1.045},{"time":0.2,"x":1.03,"y":0.998},{"time":0.4,"x":1.03,"y":1.149},{"time":0.6,"curve":"stepped"},{"time":0.8},{"time":0.8667,"x":1.028,"y":1.168},{"time":1,"x":1.03,"y":0.998},{"time":1.2,"x":1.03,"y":1.149},{"time":1.4}],"shear":[{"time":0.0667},{"time":0.2,"x":-4.11,"curve":"stepped"},{"time":0.4,"x":-4.11},{"time":0.6,"x":8.43},{"time":0.8,"x":-9.48,"curve":"stepped"},{"time":0.8667,"x":-9.48},{"time":1,"x":-4.11},{"time":1.2,"x":2.64},{"time":1.4,"x":-7.86},{"time":1.6}]},"ice2":{"rotate":[{},{"time":0.0667,"angle":-2.27},{"time":0.2,"angle":2.76},{"time":0.4,"angle":-1.1},{"time":0.6},{"time":0.8,"angle":7.41},{"time":0.8667,"angle":11.75},{"time":1,"angle":2.76},{"time":1.2,"angle":4.61},{"time":1.4,"angle":3.4},{"time":1.6}],"translate":[{},{"time":0.0667,"x":6.24,"y":-1.32},{"time":0.2,"x":5.69,"y":3.23},{"time":0.4,"x":10.42,"y":5.53},{"time":0.6,"curve":"stepped"},{"time":0.8667},{"time":1,"x":5.69,"y":3.23},{"time":1.2,"x":10.42,"y":5.53},{"time":1.4}],"scale":[{},{"time":0.0667,"y":1.045},{"time":0.2,"x":1.03,"y":0.998,"curve":"stepped"},{"time":0.4,"x":1.03,"y":0.998},{"time":0.6,"curve":"stepped"},{"time":0.8},{"time":0.8667,"x":1.028,"y":1.168},{"time":1,"x":1.03,"y":0.998,"curve":"stepped"},{"time":1.2,"x":1.03,"y":0.998},{"time":1.4}],"shear":[{"time":0.0667},{"time":0.2,"x":-4.11,"curve":"stepped"},{"time":0.4,"x":-4.11},{"time":0.6,"x":8.43},{"time":0.8,"x":-9.48,"curve":"stepped"},{"time":0.8667,"x":-9.48},{"time":1,"x":-4.11},{"time":1.2,"x":2.64},{"time":1.4,"x":-7.86},{"time":1.6}]},"ice1":{"rotate":[{"time":0.0667},{"time":0.2,"angle":4.97},{"time":0.4,"curve":"stepped"},{"time":0.6},{"time":0.8,"angle":18.12},{"time":0.8667,"angle":23.08},{"time":1,"angle":4.97},{"time":1.2,"angle":5.72},{"time":1.4,"angle":3.4},{"time":1.6}],"translate":[{},{"time":0.0667,"x":6.87,"y":-2.11},{"time":0.2,"x":8.43,"y":3.87},{"time":0.4,"x":12.41,"y":-0.77},{"time":0.6,"curve":"stepped"},{"time":0.8667},{"time":1,"x":8.43,"y":3.87},{"time":1.2,"x":12.41,"y":-0.77},{"time":1.4}],"scale":[{},{"time":0.0667,"y":1.045},{"time":0.2,"x":1.03,"y":0.998},{"time":0.4,"curve":"stepped"},{"time":0.8},{"time":0.8667,"x":1.028,"y":1.168},{"time":1,"x":1.03,"y":0.998},{"time":1.2}],"shear":[{"time":0.0667},{"time":0.2,"x":-4.11},{"time":0.4},{"time":0.6,"x":8.43},{"time":0.8,"x":-9.48,"curve":"stepped"},{"time":0.8667,"x":-9.48},{"time":1,"x":-4.11},{"time":1.2,"x":6.75},{"time":1.4,"x":-7.86},{"time":1.6}]},"ice3":{"rotate":[{"time":0.6},{"time":0.8,"angle":-5.98},{"time":0.8667,"angle":-8.64},{"time":1},{"time":1.2,"angle":5.72},{"time":1.4,"angle":3.4},{"time":1.6}],"translate":[{},{"time":0.0667,"x":5.1,"y":3.87},{"time":0.2,"x":0.61,"y":5.85},{"time":0.4,"x":9.87,"y":16.42},{"time":0.6,"curve":"stepped"},{"time":0.8667},{"time":1,"x":0.61,"y":5.85},{"time":1.2,"x":9.87,"y":16.42},{"time":1.4}],"scale":[{},{"time":0.0667,"y":1.045},{"time":0.2,"x":1.03,"y":0.998},{"time":0.4,"x":1.03,"y":1.035},{"time":0.6,"curve":"stepped"},{"time":0.8},{"time":0.8667,"x":1.028,"y":1.168},{"time":1,"x":1.03,"y":0.998},{"time":1.2,"x":1.03,"y":1.035},{"time":1.4}],"shear":[{"time":0.0667},{"time":0.2,"x":-4.11,"curve":"stepped"},{"time":0.4,"x":-4.11},{"time":0.6,"x":8.43},{"time":0.8,"x":-9.48,"curve":"stepped"},{"time":0.8667,"x":-9.48},{"time":1,"x":-4.11},{"time":1.2,"x":2.64},{"time":1.4,"x":-7.86},{"time":1.6}]},"ice4":{"rotate":[{},{"time":0.0667,"angle":-3.02},{"time":0.2},{"time":0.4,"angle":-5.58},{"time":0.6},{"time":0.8,"angle":1.74},{"time":0.8667,"angle":3.72},{"time":1},{"time":1.2,"angle":0.14},{"time":1.4,"angle":3.4},{"time":1.6}],"translate":[{},{"time":0.0667,"x":0.26,"y":2.88},{"time":0.2,"x":-1.93,"y":7.17},{"time":0.4,"x":-0.83,"y":8.99},{"time":0.6,"curve":"stepped"},{"time":0.8667},{"time":1,"x":-1.93,"y":7.17},{"time":1.2,"x":-0.83,"y":8.99},{"time":1.4}],"scale":[{},{"time":0.0667,"y":1.045},{"time":0.2,"x":1.03,"y":0.998,"curve":"stepped"},{"time":0.4,"x":1.03,"y":0.998},{"time":0.6,"curve":"stepped"},{"time":0.8},{"time":0.8667,"x":1.028,"y":1.168},{"time":1,"x":1.03,"y":0.998,"curve":"stepped"},{"time":1.2,"x":1.03,"y":0.998},{"time":1.4}],"shear":[{"time":0.0667},{"time":0.2,"x":-4.11,"curve":"stepped"},{"time":0.4,"x":-4.11},{"time":0.6,"x":8.43},{"time":0.8,"x":-9.48,"curve":"stepped"},{"time":0.8667,"x":-9.48},{"time":1,"x":-4.11},{"time":1.2,"x":2.64},{"time":1.4,"x":-7.86},{"time":1.6}]},"ice8":{"rotate":[{"time":0.2},{"time":0.4,"angle":3.74},{"time":0.6},{"time":0.8,"angle":1.74},{"time":0.8667,"angle":3.72},{"time":1},{"time":1.2,"angle":9.46},{"time":1.4,"angle":3.4},{"time":1.6}],"translate":[{},{"time":0.0667,"x":-16.89,"y":5.98},{"time":0.2},{"time":0.4,"x":-9.87,"y":7.34},{"time":0.6,"curve":"stepped"},{"time":1},{"time":1.2,"x":-9.87,"y":7.34},{"time":1.4}],"scale":[{},{"time":0.0667,"y":1.045},{"time":0.2,"x":1.03,"y":0.998,"curve":"stepped"},{"time":0.4,"x":1.03,"y":0.998},{"time":0.6,"curve":"stepped"},{"time":0.8},{"time":0.8667,"x":1.028,"y":1.168},{"time":1,"x":1.03,"y":0.998,"curve":"stepped"},{"time":1.2,"x":1.03,"y":0.998},{"time":1.4}],"shear":[{"time":0.0667},{"time":0.2,"x":-4.11,"curve":"stepped"},{"time":0.4,"x":-4.11},{"time":0.6,"x":8.43},{"time":0.8,"x":-9.48,"curve":"stepped"},{"time":0.8667,"x":-9.48},{"time":1,"x":-4.11},{"time":1.2,"x":2.64},{"time":1.4,"x":-7.86},{"time":1.6}]}},"deform":{"default":{"body":{"body":[{"offset":6,"vertices":[20.72787,5.78783,19.48625,-6.50475,17.70526,-7.8778]}]}}}},"idle2":{"slots":{"eye1":{"attachment":[{"time":0.6667,"name":"eye2"},{"time":0.8,"name":"eye3"},{"time":0.9333,"name":"eye2"},{"time":1.0667,"name":"eye1"}]}},"bones":{"body3":{"rotate":[{},{"time":0.4,"angle":-6.82},{"time":0.6,"angle":-17.35},{"time":0.8,"angle":-27.88},{"time":1.2,"angle":-13.94},{"time":1.4,"angle":-6.97},{"time":1.6}],"scale":[{},{"time":0.4,"x":1.08},{"time":0.6,"x":1.211},{"time":0.8},{"time":1.2,"x":1.198},{"time":1.4,"x":1.169},{"time":1.6}],"shear":[{},{"time":0.4,"y":6.06},{"time":0.6,"y":12.97},{"time":0.8}]},"leaf2":{"rotate":[{},{"time":0.8,"angle":4.37},{"time":1.6}],"scale":[{},{"time":0.8,"x":1.049,"y":0.939},{"time":1.6}]},"leaf3":{"rotate":[{},{"time":0.4,"angle":-15.84},{"time":0.8,"angle":14.6},{"time":1.2,"angle":-2.63},{"time":1.6}]},"leaf4":{"rotate":[{},{"time":0.8,"angle":-13.28},{"time":1.6}],"scale":[{},{"time":0.8,"x":1.125,"y":0.92},{"time":1.6}]},"leaf5":{"rotate":[{},{"time":0.4,"angle":18.05},{"time":0.8,"angle":-11.16},{"time":1.2,"angle":17.96},{"time":1.6}]},"leaf6":{"rotate":[{},{"time":0.8,"angle":6.88},{"time":1.6}],"scale":[{},{"time":0.8,"x":0.986,"y":0.92},{"time":1.6}]},"leaf7":{"rotate":[{},{"time":0.4,"angle":-10.68},{"time":0.8},{"time":1.2,"angle":10.55},{"time":1.6}]},"leaf8":{"rotate":[{},{"time":0.8,"angle":-19.02},{"time":1.6}],"scale":[{},{"time":0.8,"x":1.049,"y":0.92},{"time":1.6}]},"leaf9":{"rotate":[{},{"time":0.4,"angle":5.95},{"time":0.8},{"time":1.2,"angle":-6.32},{"time":1.6}]},"head":{"rotate":[{},{"time":0.2,"angle":1.93},{"time":0.4,"angle":2.66},{"time":0.6,"curve":"stepped"},{"time":0.8},{"time":1,"angle":1.93},{"time":1.2,"angle":2.66,"curve":"stepped"},{"time":1.4,"angle":2.66},{"time":1.6}],"translate":[{},{"time":0.0667,"x":1.32,"y":3.13},{"time":0.2,"x":3.95,"y":11.86},{"time":0.4,"x":1.98,"y":14.82},{"time":0.6,"y":11.86},{"time":0.8,"y":1.98},{"time":1,"x":1.48,"y":5.25},{"time":1.2,"x":4.45,"y":10.69},{"time":1.4,"x":4.45,"y":7.39},{"time":1.6}],"scale":[{},{"time":0.2,"x":1.108,"curve":"stepped"},{"time":0.4,"x":1.108},{"time":0.6,"x":1.058},{"time":0.8},{"time":1,"x":1.108},{"time":1.2,"x":1.138},{"time":1.4,"x":1.11,"y":1.005},{"time":1.6}],"shear":[{"time":1},{"time":1.2,"x":-2,"curve":"stepped"},{"time":1.4,"x":-2},{"time":1.6}]},"head3":{"rotate":[{"time":0.8},{"time":0.8667,"angle":-1.88},{"time":1}],"translate":[{},{"time":0.0667,"x":1.28,"y":-3.41},{"time":0.2,"curve":"stepped"},{"time":0.4},{"time":0.6,"x":16.83,"y":-2.44},{"time":0.8},{"time":0.8667,"x":-6.93,"y":-0.98},{"time":1}],"scale":[{},{"time":0.2,"y":1.024},{"time":0.4,"y":1.057},{"time":0.6,"curve":"stepped"},{"time":0.8},{"time":1,"y":1.024},{"time":1.2,"x":0.996,"y":1.078},{"time":1.4,"y":1.024},{"time":1.6}],"shear":[{},{"time":0.0667,"x":-7.51},{"time":0.2,"curve":"stepped"},{"time":0.4},{"time":0.6,"y":1.28},{"time":0.8},{"time":0.8667,"x":-2.83},{"time":1}]},"body4":{"rotate":[{},{"time":0.4,"angle":0.84},{"time":0.6},{"time":0.8,"angle":7.64},{"time":1.2,"angle":3.73},{"time":1.4}],"shear":[{"time":0.4},{"time":0.6,"y":10.96},{"time":0.8,"y":12.54},{"time":1.2,"y":3.3},{"time":1.4}]},"ice7":{"rotate":[{},{"time":0.0667,"angle":2.56},{"time":0.2},{"time":0.4,"angle":5.37},{"time":0.6},{"time":0.8,"angle":2.18},{"time":0.8667,"angle":6.51},{"time":1},{"time":1.2,"angle":11.09},{"time":1.4,"angle":3.4},{"time":1.6}],"translate":[{},{"time":0.0667,"x":-2.61,"y":8.96},{"time":0.2},{"time":0.4,"x":6.85,"y":12.89},{"time":0.6,"curve":"stepped"},{"time":1},{"time":1.2,"x":6.85,"y":12.89},{"time":1.4}],"scale":[{},{"time":0.0667,"y":1.045},{"time":0.2,"x":1.03,"y":0.998},{"time":0.4,"x":1.03,"y":1.149},{"time":0.6,"curve":"stepped"},{"time":0.8},{"time":0.8667,"x":1.028,"y":1.168},{"time":1,"x":1.03,"y":0.998},{"time":1.2,"x":1.03,"y":1.149},{"time":1.4}],"shear":[{"time":0.0667},{"time":0.2,"x":-4.11,"curve":"stepped"},{"time":0.4,"x":-4.11},{"time":0.6,"x":8.43},{"time":0.8,"x":-9.48,"curve":"stepped"},{"time":0.8667,"x":-9.48},{"time":1,"x":-4.11},{"time":1.2,"x":2.64},{"time":1.4,"x":-7.86},{"time":1.6}]},"ice2":{"rotate":[{},{"time":0.0667,"angle":-2.27},{"time":0.2,"angle":2.76},{"time":0.4,"angle":-1.1},{"time":0.6},{"time":0.8,"angle":7.41},{"time":0.8667,"angle":11.75},{"time":1,"angle":2.76},{"time":1.2,"angle":4.61},{"time":1.4,"angle":3.4},{"time":1.6}],"translate":[{},{"time":0.0667,"x":6.24,"y":-1.32},{"time":0.2,"x":5.69,"y":3.23},{"time":0.4,"x":10.42,"y":5.53},{"time":0.6,"curve":"stepped"},{"time":0.8667},{"time":1,"x":5.69,"y":3.23},{"time":1.2,"x":10.42,"y":5.53},{"time":1.4}],"scale":[{},{"time":0.0667,"y":1.045},{"time":0.2,"x":1.03,"y":0.998,"curve":"stepped"},{"time":0.4,"x":1.03,"y":0.998},{"time":0.6,"curve":"stepped"},{"time":0.8},{"time":0.8667,"x":1.028,"y":1.168},{"time":1,"x":1.03,"y":0.998,"curve":"stepped"},{"time":1.2,"x":1.03,"y":0.998},{"time":1.4}],"shear":[{"time":0.0667},{"time":0.2,"x":-4.11,"curve":"stepped"},{"time":0.4,"x":-4.11},{"time":0.6,"x":8.43},{"time":0.8,"x":-9.48,"curve":"stepped"},{"time":0.8667,"x":-9.48},{"time":1,"x":-4.11},{"time":1.2,"x":2.64},{"time":1.4,"x":-7.86},{"time":1.6}]},"ice1":{"rotate":[{"time":0.0667},{"time":0.2,"angle":4.97},{"time":0.4,"curve":"stepped"},{"time":0.6},{"time":0.8,"angle":18.12},{"time":0.8667,"angle":23.08},{"time":1,"angle":4.97},{"time":1.2,"angle":5.72},{"time":1.4,"angle":3.4},{"time":1.6}],"translate":[{},{"time":0.0667,"x":6.87,"y":-2.11},{"time":0.2,"x":8.43,"y":3.87},{"time":0.4,"x":12.41,"y":-0.77},{"time":0.6,"curve":"stepped"},{"time":0.8667},{"time":1,"x":8.43,"y":3.87},{"time":1.2,"x":12.41,"y":-0.77},{"time":1.4}],"scale":[{},{"time":0.0667,"y":1.045},{"time":0.2,"x":1.03,"y":0.998},{"time":0.4,"curve":"stepped"},{"time":0.8},{"time":0.8667,"x":1.028,"y":1.168},{"time":1,"x":1.03,"y":0.998},{"time":1.2}],"shear":[{"time":0.0667},{"time":0.2,"x":-4.11},{"time":0.4},{"time":0.6,"x":8.43},{"time":0.8,"x":-9.48,"curve":"stepped"},{"time":0.8667,"x":-9.48},{"time":1,"x":-4.11},{"time":1.2,"x":6.75},{"time":1.4,"x":-7.86},{"time":1.6}]},"ice3":{"rotate":[{"time":0.6},{"time":0.8,"angle":-5.98},{"time":0.8667,"angle":-8.64},{"time":1},{"time":1.2,"angle":5.72},{"time":1.4,"angle":3.4},{"time":1.6}],"translate":[{},{"time":0.0667,"x":5.1,"y":3.87},{"time":0.2,"x":0.61,"y":5.85},{"time":0.4,"x":9.87,"y":16.42},{"time":0.6,"curve":"stepped"},{"time":0.8667},{"time":1,"x":0.61,"y":5.85},{"time":1.2,"x":9.87,"y":16.42},{"time":1.4}],"scale":[{},{"time":0.0667,"y":1.045},{"time":0.2,"x":1.03,"y":0.998},{"time":0.4,"x":1.03,"y":1.035},{"time":0.6,"curve":"stepped"},{"time":0.8},{"time":0.8667,"x":1.028,"y":1.168},{"time":1,"x":1.03,"y":0.998},{"time":1.2,"x":1.03,"y":1.035},{"time":1.4}],"shear":[{"time":0.0667},{"time":0.2,"x":-4.11,"curve":"stepped"},{"time":0.4,"x":-4.11},{"time":0.6,"x":8.43},{"time":0.8,"x":-9.48,"curve":"stepped"},{"time":0.8667,"x":-9.48},{"time":1,"x":-4.11},{"time":1.2,"x":2.64},{"time":1.4,"x":-7.86},{"time":1.6}]},"ice4":{"rotate":[{},{"time":0.0667,"angle":-3.02},{"time":0.2},{"time":0.4,"angle":-5.58},{"time":0.6},{"time":0.8,"angle":1.74},{"time":0.8667,"angle":3.72},{"time":1},{"time":1.2,"angle":0.14},{"time":1.4,"angle":3.4},{"time":1.6}],"translate":[{},{"time":0.0667,"x":0.26,"y":2.88},{"time":0.2,"x":-1.93,"y":7.17},{"time":0.4,"x":-0.83,"y":8.99},{"time":0.6,"curve":"stepped"},{"time":0.8667},{"time":1,"x":-1.93,"y":7.17},{"time":1.2,"x":-0.83,"y":8.99},{"time":1.4}],"scale":[{},{"time":0.0667,"y":1.045},{"time":0.2,"x":1.03,"y":0.998,"curve":"stepped"},{"time":0.4,"x":1.03,"y":0.998},{"time":0.6,"curve":"stepped"},{"time":0.8},{"time":0.8667,"x":1.028,"y":1.168},{"time":1,"x":1.03,"y":0.998,"curve":"stepped"},{"time":1.2,"x":1.03,"y":0.998},{"time":1.4}],"shear":[{"time":0.0667},{"time":0.2,"x":-4.11,"curve":"stepped"},{"time":0.4,"x":-4.11},{"time":0.6,"x":8.43},{"time":0.8,"x":-9.48,"curve":"stepped"},{"time":0.8667,"x":-9.48},{"time":1,"x":-4.11},{"time":1.2,"x":2.64},{"time":1.4,"x":-7.86},{"time":1.6}]},"ice8":{"rotate":[{"time":0.2},{"time":0.4,"angle":3.74},{"time":0.6},{"time":0.8,"angle":1.74},{"time":0.8667,"angle":3.72},{"time":1},{"time":1.2,"angle":9.46},{"time":1.4,"angle":3.4},{"time":1.6}],"translate":[{},{"time":0.0667,"x":-16.89,"y":5.98},{"time":0.2},{"time":0.4,"x":-9.87,"y":7.34},{"time":0.6,"curve":"stepped"},{"time":1},{"time":1.2,"x":-9.87,"y":7.34},{"time":1.4}],"scale":[{},{"time":0.0667,"y":1.045},{"time":0.2,"x":1.03,"y":0.998,"curve":"stepped"},{"time":0.4,"x":1.03,"y":0.998},{"time":0.6,"curve":"stepped"},{"time":0.8},{"time":0.8667,"x":1.028,"y":1.168},{"time":1,"x":1.03,"y":0.998,"curve":"stepped"},{"time":1.2,"x":1.03,"y":0.998},{"time":1.4}],"shear":[{"time":0.0667},{"time":0.2,"x":-4.11,"curve":"stepped"},{"time":0.4,"x":-4.11},{"time":0.6,"x":8.43},{"time":0.8,"x":-9.48,"curve":"stepped"},{"time":0.8667,"x":-9.48},{"time":1,"x":-4.11},{"time":1.2,"x":2.64},{"time":1.4,"x":-7.86},{"time":1.6}]}},"deform":{"default":{"body":{"body":[{"offset":6,"vertices":[20.72787,5.78783,19.48625,-6.50475,17.70526,-7.8778]}]}}}}}},[0]]],0,0,[0],[-1],[0]],[[[2,"SnowPea"],[3,"SnowPea",[-7,-8,-9],[[-2,[7,-6,-5,-4,[0,-6,0],-3,1]],1,4],[8,-1,0],[-494,-293,0,0,0,0,1,1,1,1]],[5,"bodyC",5,1,[-10,-11],[0,"0f4mTzXAJEAKMo+fVRnchI",1,0]],[4,"shoot",1,[0,"a35hEQzwRFbbdlpWGMAhXn",1,0],[52,52,0,0,0,0,1,1,1,1]],[9,2,[0,0,30],[5,80,100]],[10,2,4],[6,"06_plant",1,[-12],[0,"84KUMsFEZIMbeMCb4LRAw/",1,0],[5,86.56,87.43]],[11,"default","idle1",0,"idle1",6,[0]],[12,1,7]],0,[0,0,1,0,-1,8,0,1,3,0,2,5,0,3,8,0,4,1,0,-1,3,0,-2,2,0,-3,6,0,-1,4,0,-2,5,0,-1,7,0,5,1,12],[0,0,7],[-1,6,7],[1,2,3]]]]