[1,["f2fpVzsRlEfqhy63b6gNVa"],0,[["sp.SkeletonData",["_name","_atlasText","textureNames","_skeletonJson","textures"],-1,3]],[[0,0,1,2,3,4,5]],[[0,"06_xiguats","\r\n06_xiguats.png\r\nsize: 205,737\r\nformat: RGBA8888\r\nfilter: Linear,Linear\r\nrepeat: none\r\nbianzi\r\n  rotate: false\r\n  xy: 131, 416\r\n  size: 71, 98\r\n  orig: 76, 98\r\n  offset: 5, 0\r\n  index: -1\r\nbiyan\r\n  rotate: true\r\n  xy: 174, 540\r\n  size: 46, 13\r\n  orig: 46, 13\r\n  offset: 0, 0\r\n  index: -1\r\ndatui2\r\n  rotate: false\r\n  xy: 118, 132\r\n  size: 68, 100\r\n  orig: 68, 100\r\n  offset: 0, 0\r\n  index: -1\r\nfx1\r\n  rotate: false\r\n  xy: 2, 516\r\n  size: 170, 138\r\n  orig: 170, 139\r\n  offset: 0, 0\r\n  index: -1\r\ngebo\r\n  rotate: false\r\n  xy: 2, 2\r\n  size: 68, 50\r\n  orig: 69, 55\r\n  offset: 0, 5\r\n  index: -1\r\ngebo1\r\n  rotate: true\r\n  xy: 118, 234\r\n  size: 34, 85\r\n  orig: 34, 85\r\n  offset: 0, 0\r\n  index: -1\r\nmeimao\r\n  rotate: true\r\n  xy: 194, 691\r\n  size: 44, 9\r\n  orig: 44, 9\r\n  offset: 0, 0\r\n  index: -1\r\nqunzi\r\n  rotate: true\r\n  xy: 2, 257\r\n  size: 112, 114\r\n  orig: 112, 114\r\n  offset: 0, 0\r\n  index: -1\r\nqunzi2\r\n  rotate: true\r\n  xy: 118, 270\r\n  size: 57, 85\r\n  orig: 57, 85\r\n  offset: 0, 0\r\n  index: -1\r\nshenti\r\n  rotate: true\r\n  xy: 2, 656\r\n  size: 79, 190\r\n  orig: 79, 190\r\n  offset: 0, 0\r\n  index: -1\r\nshou\r\n  rotate: false\r\n  xy: 131, 329\r\n  size: 69, 85\r\n  orig: 69, 85\r\n  offset: 0, 0\r\n  index: -1\r\nshou2\r\n  rotate: true\r\n  xy: 2, 371\r\n  size: 38, 124\r\n  orig: 38, 124\r\n  offset: 0, 0\r\n  index: -1\r\ntou\r\n  rotate: true\r\n  xy: 2, 411\r\n  size: 103, 127\r\n  orig: 103, 127\r\n  offset: 0, 0\r\n  index: -1\r\nxiaotui\r\n  rotate: true\r\n  xy: 2, 155\r\n  size: 100, 114\r\n  orig: 100, 114\r\n  offset: 0, 0\r\n  index: -1\r\nxiaotui2\r\n  rotate: true\r\n  xy: 2, 54\r\n  size: 99, 109\r\n  orig: 99, 109\r\n  offset: 0, 0\r\n  index: -1\r\nxigua\r\n  rotate: false\r\n  xy: 113, 27\r\n  size: 90, 103\r\n  orig: 90, 103\r\n  offset: 0, 0\r\n  index: -1\r\nyanjing\r\n  rotate: true\r\n  xy: 174, 588\r\n  size: 48, 20\r\n  orig: 48, 20\r\n  offset: 0, 0\r\n  index: -1\r\nzui\r\n  rotate: false\r\n  xy: 189, 575\r\n  size: 12, 11\r\n  orig: 12, 11\r\n  offset: 0, 0\r\n  index: -1\r\nzui2\r\n  rotate: false\r\n  xy: 174, 638\r\n  size: 23, 16\r\n  orig: 23, 16\r\n  offset: 0, 0\r\n  index: -1\r\n",["06_xiguats.png"],{"skeleton":{"hash":"5TK/eo3qi3R4ss048CflFG76B+Y","spine":"3.8.99","x":-45.88,"y":-6.72,"width":102.78,"height":131.11},"bones":[{"name":"root","rotation":0.06,"scaleX":0.2,"scaleY":0.2},{"name":"bone","parent":"root","x":-22.75,"y":-128.84},{"name":"bone2","parent":"bone","x":-11.79,"y":214.95},{"name":"bone3","parent":"bone2","length":31.51,"rotation":-124.55,"x":-23.58,"y":-12.71},{"name":"bone3b","parent":"bone3","length":31.51,"x":31.51},{"name":"bone3c","parent":"bone3b","length":31.51,"x":31.51},{"name":"bone4","parent":"bone2","length":22.35,"rotation":-82.28,"x":37.1,"y":-43.84},{"name":"bone4b","parent":"bone4","length":22.35,"x":22.35},{"name":"bone4c","parent":"bone4b","length":22.35,"x":22.35},{"name":"bone5","parent":"bone2","length":130.22,"rotation":57.53,"x":44.3,"y":-17.56},{"name":"bone6","parent":"bone5","length":209.56,"rotation":-119.57,"x":128.97,"y":-0.71},{"name":"target2","parent":"bone","x":200.11,"y":121.19},{"name":"bone7","parent":"target2","length":79.21,"rotation":23.44},{"name":"bone8","parent":"bone2","length":144.3,"rotation":63.8,"x":73.52,"y":-35.23},{"name":"bone9","parent":"bone8","length":188.54,"rotation":-124.56,"x":143.87,"y":-0.21},{"name":"target3","parent":"bone","x":218.9,"y":148.87},{"name":"bone10","parent":"target3","length":70.32,"rotation":18.3,"x":-0.01,"y":0.48},{"name":"bone11","parent":"bone2","length":63.55,"rotation":85.73,"x":-0.06,"y":3.79},{"name":"bone11b","parent":"bone11","length":63.55,"x":63.55},{"name":"bone11c","parent":"bone11b","length":63.55,"x":63.55},{"name":"bone11c2","parent":"bone11c","length":127.67,"rotation":174.43,"x":28.45,"y":67.51},{"name":"bone11c3","parent":"bone11c2","length":120.32,"rotation":0.75,"x":122.97,"y":-1.52},{"name":"target1","parent":"bone","x":-109.49,"y":139.11},{"name":"bone11c4","parent":"target1","length":95.16,"rotation":-170.73,"x":0.02,"y":0.09},{"name":"bone11c5","parent":"bone11c","length":122.4,"rotation":-53.47,"x":15.05,"y":-48.01},{"name":"bone11c6","parent":"bone11c5","length":121.65,"rotation":64.57,"x":122.4},{"name":"bone11c7","parent":"bone11c6","length":83.93,"rotation":-4.36,"x":121.65},{"name":"bone11c8","parent":"bone11c","length":67.5,"rotation":2.82,"x":64.52,"y":-0.5},{"name":"bone11c9","parent":"bone11c8","length":183.33,"rotation":-0.53,"x":17.87,"y":-23.7},{"name":"bone11c10","parent":"bone11c9","length":47.61,"rotation":105.83,"x":177.4,"y":55.05},{"name":"bone11c11","parent":"bone11c10","length":35.87,"rotation":68.88,"x":47.61},{"name":"bone11c12","parent":"bone11c11","length":34.65,"rotation":18.78,"x":35.87},{"name":"bone11c13","parent":"bone11c12","length":38.79,"rotation":2.46,"x":34.65},{"name":"bone11c14","parent":"bone11c13","length":31.87,"rotation":-22.89,"x":38.79},{"name":"bone11c15","parent":"bone11c14","length":28.21,"rotation":-51.6,"x":31.87},{"name":"bone11c16","parent":"bone11c7","x":117.76,"y":-31.98},{"name":"bone11c17","parent":"bone11c9","x":76.01,"y":-32.61},{"name":"bone11c18","parent":"bone11c9","x":51.75,"y":-34.56},{"name":"bone11c19","parent":"bone11c9","x":9.68,"y":-34.26},{"name":"bone12","parent":"bone2","length":26.5,"rotation":-84.2,"x":108.83,"y":10.22},{"name":"bone12b","parent":"bone12","length":26.5,"x":26.5},{"name":"bone12c","parent":"bone12b","length":26.5,"x":26.5},{"name":"bone11c20","parent":"bone11c16","x":44.99,"y":-102.15},{"name":"bone11c21","parent":"bone11c9","length":24.22,"rotation":32.47,"x":163.11,"y":64.11},{"name":"bone11c21b","parent":"bone11c21","length":24.22,"x":24.22},{"name":"bone11c21c","parent":"bone11c21b","length":24.22,"x":24.22},{"name":"bone13","parent":"bone11c9","length":21.28,"rotation":-58.34,"x":184.78,"y":25.23},{"name":"bone14","parent":"bone13","length":16.44,"rotation":23.65,"x":21.28},{"name":"bone15","parent":"bone14","length":20.78,"rotation":48.12,"x":15.83,"y":-0.45}],"slots":[{"name":"gebo","bone":"bone11c5","attachment":"gebo"},{"name":"shou3","bone":"bone11c6","attachment":"shou2"},{"name":"shou2","bone":"bone11c6"},{"name":"xigua","bone":"bone11c16","attachment":"xigua"},{"name":"shenti","bone":"bone11","attachment":"shenti"},{"name":"qunzi2","bone":"bone8","attachment":"qunzi2"},{"name":"datui2","bone":"bone8","attachment":"datui2"},{"name":"xiaotui2","bone":"bone9","attachment":"xiaotui2"},{"name":"qunzi","bone":"bone5","attachment":"qunzi"},{"name":"gebo1","bone":"bone11c2","attachment":"gebo1"},{"name":"shou","bone":"bone11c3","attachment":"shou"},{"name":"xiaotui","bone":"bone6","attachment":"xiaotui"},{"name":"bianzi","bone":"bone11c10","attachment":"bianzi"},{"name":"tou","bone":"bone11c9","attachment":"tou"},{"name":"zui","bone":"bone11c19","attachment":"zui"},{"name":"yanjing","bone":"bone11c18","attachment":"yanjing"},{"name":"meimao","bone":"bone11c17","attachment":"meimao"},{"name":"fx1","bone":"bone","color":"eeff8fff","blend":"additive"}],"ik":[{"name":"target1","target":"target1","bones":["bone11c2","bone11c3"]},{"name":"target2","order":1,"target":"target2","bendPositive":false,"bones":["bone5","bone6"]},{"name":"target3","order":2,"target":"target3","bendPositive":false,"bones":["bone8","bone9"]}],"skins":[{"name":"default","attachments":{"bianzi":{"bianzi":{"type":"mesh","hull":47,"uvs":[0.72457,0.00226,0.82897,0.01865,0.92143,0.06715,0.99331,0.12294,0.99488,0.15195,0.87139,0.22349,0.80858,0.27138,0.77367,0.30482,0.73572,0.35343,0.7153,0.39976,0.72035,0.49946,0.72684,0.53326,0.74569,0.61826,0.76599,0.70977,0.76848,0.72957,0.7683,0.81935,0.75277,0.86329,0.70473,0.92456,0.64988,0.95873,0.55546,0.9953,0.42134,0.9949,0.33121,0.97991,0.29863,0.95559,0.19046,0.92809,0.13907,0.90785,0.08223,0.864,0.07388,0.84206,0.16408,0.85617,0.20748,0.85634,0.30323,0.83613,0.3551,0.81277,0.38996,0.78946,0.43375,0.74346,0.44343,0.70561,0.39064,0.64695,0.31779,0.59008,0.24955,0.53681,0.19891,0.47288,0.17868,0.41077,0.17865,0.35826,0.18088,0.33457,0.1967,0.27554,0.24012,0.19127,0.26574,0.1632,0.36011,0.0903,0.47215,0.04288,0.60453,0.00658],"triangles":[18,19,31,21,30,20,30,31,20,19,20,31,21,22,30,30,22,29,23,28,22,22,28,29,24,27,23,23,27,28,24,25,27,25,26,27,17,18,32,18,31,32,17,32,16,16,32,14,15,16,14,33,14,32,13,14,33,33,12,13,12,33,11,11,33,34,11,34,10,34,35,10,10,35,9,36,37,9,35,36,9,39,9,37,9,39,40,37,38,39,8,9,42,41,42,9,40,41,9,8,42,43,8,43,44,8,44,45,8,45,7,7,45,46,6,7,46,6,46,0,5,0,1,5,6,0,4,2,3,4,5,2,5,1,2],"vertices":[1,29,8.22,-24.29,1,1,29,-6.32,-17.41,1,1,29,-17.61,-4.89,1,1,29,-25.54,8.27,1,2,29,-24.42,13.82,0.99994,31,-23.09,84.08,0.00006,3,29,-2.97,22.9,0.94601,30,3.13,55.44,0.03026,31,-13.14,63.03,0.02372,3,29,8.47,29.7,0.78136,30,13.59,47.21,0.12112,31,-5.88,51.87,0.09752,4,29,15.15,34.77,0.6024,30,20.73,42.81,0.20189,31,-0.55,45.4,0.19413,32,-33.22,46.87,0.00158,4,29,22.99,42.6,0.33827,30,30.86,38.32,0.24258,31,7.6,37.9,0.39776,32,-25.4,39.02,0.02139,4,29,28.14,50.63,0.15478,30,40.21,36.41,0.16093,31,15.83,33.07,0.59073,32,-17.38,33.85,0.09356,4,29,32.06,69.69,0.01782,30,59.4,39.62,0.01521,31,35.04,29.94,0.43618,32,1.67,29.89,0.53078,4,29,32.69,76.32,0.00642,30,65.81,41.43,0.00371,31,41.69,29.58,0.26879,32,8.3,29.25,0.72108,4,29,33.89,93.09,0,31,58.5,29.06,0.03218,32,25.07,28.01,0.91635,33,-23.53,20.47,0.05146,2,32,43.13,26.68,0.5433,33,-6.37,26.26,0.4567,2,32,46.97,26.11,0.43068,33,-2.62,27.23,0.56932,3,32,63.95,21.85,0.06976,33,14.68,29.92,0.92795,34,-34.13,5.11,0.00229,3,32,71.7,17.51,0.01537,33,23.51,28.93,0.95424,34,-27.87,11.41,0.03039,2,33,36.44,23.62,0.77053,34,-15.68,18.25,0.22947,2,33,44.3,16.47,0.45445,34,-5.19,19.97,0.54555,2,33,53.56,3.49,0.02942,34,10.73,19.16,0.97058,1,34,28.32,9.13,1,1,34,38.73,-0.11,1,2,33,51.92,-36.02,0.00151,34,40.68,-6.66,0.99849,1,34,52.26,-19.37,1,1,34,57.08,-26.62,1,2,33,39.34,-71.07,0,34,60.34,-38.29,1,2,33,35.31,-72.98,0,34,59.33,-42.64,1,2,33,35.92,-59.1,0.00058,34,48.83,-33.54,0.99942,2,33,34.93,-52.62,0.00593,34,43.14,-30.28,0.99407,3,32,50.16,-47.08,0.00054,33,28.8,-38.95,0.08344,34,28.62,-26.6,0.91602,3,32,47.64,-38.38,0.01299,33,23.08,-31.92,0.23746,34,19.56,-26.71,0.74955,3,32,44.5,-32.18,0.05539,33,17.78,-27.42,0.41383,34,12.74,-28.08,0.53078,4,31,73.02,-21.97,0.00004,32,37.39,-23.59,0.29471,33,7.89,-22.28,0.52683,34,2.57,-32.63,0.17841,4,31,66.08,-19.06,0.0075,32,30.58,-20.39,0.64958,33,0.37,-21.98,0.29603,34,-2.34,-38.34,0.04689,4,31,53.28,-24.59,0.14959,32,17.55,-25.37,0.81477,33,-9.69,-31.63,0.03445,34,-1.03,-52.22,0.00119,4,30,84.62,-18.44,0.01187,31,40.22,-33.15,0.51588,32,4.14,-33.36,0.47206,33,-18.94,-44.21,0.00019,3,30,75.61,-29.98,0.07517,31,27.98,-41.18,0.7204,32,-8.43,-40.85,0.20443,3,30,64.21,-39.14,0.20286,31,14.24,-46.18,0.72374,32,-22.38,-45.26,0.0734,3,30,52.59,-43.7,0.35768,31,1.76,-46.76,0.61903,32,-34.87,-45.3,0.02329,3,30,42.43,-45,0.50992,31,-8.27,-44.72,0.48456,32,-44.8,-42.83,0.00552,3,30,37.81,-45.25,0.58046,31,-12.73,-43.46,0.41753,32,-49.21,-41.39,0.00201,2,30,26.09,-44.34,0.75128,31,-23.53,-38.83,0.24872,3,29,88.07,-6.03,0.01135,30,8.96,-39.91,0.91937,31,-38.33,-29.12,0.06928,3,29,83,-10.42,0.03765,30,3.04,-36.77,0.9269,31,-42.92,-24.24,0.03544,2,29,65.76,-20.81,0.34771,30,-12.87,-24.43,0.65229,2,29,47.12,-25.73,0.86579,30,-24.18,-8.81,0.13421,1,29,26.02,-27.82,1]}},"datui2":{"datui2":{"type":"mesh","hull":17,"uvs":[0.84214,0,0.68078,0.04983,0.48545,0.14993,0.33541,0.26158,0.17688,0.40981,0,0.57536,0,0.74091,0.03534,0.94496,0.17405,1,0.36372,1,0.52225,0.90838,0.68644,0.73513,0.83931,0.55611,0.9667,0.37516,1,0.21731,1,0.05946,0.9582,0],"triangles":[0,16,15,14,0,15,2,1,14,12,2,14,3,2,12,4,3,12,0,14,1,13,12,14,11,4,12,5,4,11,6,5,11,10,6,11,8,7,6,10,8,6,9,8,10],"vertices":[1,13,155.69,15.59,1,1,13,137.06,30.88,1,1,13,107.37,45.88,1,1,13,78.33,54.33,1,1,13,42.21,60.58,1,1,13,1.88,67.55,1,1,13,-27.83,52.93,1,1,13,-62.32,30.6,1,1,13,-63.87,8.81,1,1,13,-52.48,-14.33,1,1,13,-26.52,-25.59,1,1,13,14.43,-30.32,1,1,13,55.73,-33.17,1,1,13,95.85,-32.74,1,1,13,126.18,-22.86,1,1,13,154.5,-8.92,1,1,13,162.66,1.43,1]}},"fx1":{"fx1":{"type":"mesh","hull":65,"uvs":[0.53847,0.0452,0.54629,0.06553,0.60671,0.08247,0.67214,0.16792,0.68308,0.21137,0.68163,0.27565,0.65146,0.38545,0.62652,0.4254,0.61395,0.43801,0.64883,0.52475,0.64886,0.6022,0.70789,0.58129,0.76822,0.58247,0.80028,0.63488,0.87064,0.79711,0.88616,0.81456,0.9626,0.81172,0.98357,0.83654,1,0.87966,1,0.88463,0.99304,0.90837,0.94685,0.95931,0.91315,0.98039,0.86557,1,0.79808,1,0.75137,0.90974,0.74651,0.90882,0.62718,1,0.47667,1,0.43334,0.9844,0.41978,0.99135,0.40049,1,0.32156,1,0.28044,0.97581,0.26713,0.95971,0.26722,0.92126,0.31207,0.87824,0.37252,0.85534,0.37817,0.67384,0.37829,0.48727,0.33782,0.47081,0.28517,0.45064,0.26936,0.4621,0.23707,0.48189,0.11735,0.51708,0.05622,0.5088,0.0195,0.4869,0,0.46243,0,0.29613,0.00473,0.28341,0.04849,0.22989,0.09736,0.19089,0.15301,0.17395,0.20796,0.17327,0.25025,0.18595,0.29457,0.23179,0.30661,0.15685,0.34253,0.11292,0.34186,0.04621,0.356,0.0328,0.38803,0.03278,0.4414,0.05666,0.45869,0.04478,0.47684,0.0069,0.50801,0.00732],"triangles":[60,57,58,60,58,59,61,57,60,5,3,4,1,3,5,3,1,2,1,5,6,7,8,6,53,54,55,62,63,64,62,64,0,1,61,62,1,62,0,41,42,55,46,47,48,57,55,56,55,39,40,41,55,40,61,55,57,1,8,61,6,8,1,61,8,55,55,43,53,42,43,55,50,48,49,48,45,46,52,53,43,51,52,43,50,51,43,8,39,55,50,44,48,44,45,48,43,44,50,39,8,9,10,38,39,20,17,18,19,20,18,11,13,10,13,11,12,26,13,14,26,10,13,25,26,14,21,15,16,21,16,17,21,17,20,33,35,36,34,35,33,22,15,21,38,10,37,9,10,39,10,28,37,28,29,37,30,37,29,32,36,37,31,32,37,33,36,32,30,31,37,10,27,28,26,27,10,25,23,24,15,25,14,15,23,25,22,23,15],"vertices":[24.21,677.07,30.29,664.09,77.34,653.28,128.3,598.72,136.82,570.98,135.69,529.94,112.2,459.84,92.77,434.33,82.98,426.28,110.15,370.9,110.17,321.46,156.14,334.8,203.12,334.05,228.1,300.59,282.89,197.01,294.98,185.87,354.5,187.69,370.83,171.84,383.63,144.31,383.63,141.14,378.21,125.98,342.24,93.46,315.99,80,278.94,67.48,226.38,67.48,190,125.11,186.22,125.69,93.29,67.48,-23.93,67.48,-57.67,77.43,-68.23,73,-83.25,67.48,-144.72,67.48,-176.74,82.92,-187.11,93.2,-187.04,117.75,-152.12,145.21,-105.04,159.84,-100.64,275.72,-100.54,394.83,-132.06,405.34,-173.06,418.22,-185.37,410.9,-210.52,398.26,-303.76,375.8,-351.37,381.09,-379.96,395.07,-395.15,410.69,-395.15,516.87,-391.46,524.99,-357.38,559.16,-319.32,584.06,-275.98,594.87,-233.19,595.31,-200.25,587.21,-165.74,557.95,-156.37,605.79,-128.39,633.84,-128.91,676.43,-117.9,684.99,-92.96,685,-51.39,669.76,-37.93,677.34,-23.79,701.53,0.48,701.26]}},"gebo":{"gebo":{"type":"mesh","hull":27,"uvs":[0.89913,0.02374,0.95046,0.07152,0.97533,0.12526,0.98552,0.16206,0.98572,0.2816,0.9681,0.34653,0.86187,0.41459,0.70853,0.53196,0.66728,0.56433,0.53143,0.67735,0.42004,0.77001,0.26342,0.88972,0.18976,0.89402,0.13429,0.87111,0.07972,0.83583,0.02912,0.77277,0.01444,0.73622,0.01451,0.59714,0.03044,0.54366,0.09975,0.45545,0.15998,0.38538,0.30057,0.29856,0.42635,0.22088,0.57011,0.1321,0.67367,0.06814,0.75537,0.02337,0.83581,0.00807],"triangles":[4,26,2,0,1,2,4,2,3,26,4,6,0,2,26,5,6,4,25,26,6,24,25,6,6,23,24,7,23,6,8,22,23,7,8,23,9,22,8,21,22,9,10,21,9,20,21,10,19,20,10,14,15,17,16,17,15,19,17,18,19,13,17,17,13,14,19,11,13,10,11,19,12,13,11],"vertices":[1,24,127.25,14.43,1,1,24,130.48,6.26,1,1,24,130.28,-0.56,1,1,24,129.34,-4.74,1,1,24,122.47,-15.94,1,1,24,116.67,-20.76,1,1,24,100.35,-19.5,1,1,24,75.69,-19.48,1,1,24,69.02,-19.54,1,1,24,46.65,-20.37,1,1,24,28.31,-21.04,1,1,24,3.13,-21,1,1,24,-5.71,-16.11,1,1,24,-10.85,-9.98,1,1,24,-15.18,-2.75,1,1,24,-17.45,6.79,1,1,24,-17.05,11.27,1,1,24,-9.02,24.29,1,1,24,-4.08,28.15,1,1,24,9.1,31.43,1,1,24,20.17,33.67,1,1,24,41.57,31.7,1,1,24,60.73,29.94,1,1,24,82.62,27.92,1,1,24,98.39,26.47,1,1,24,110.5,24.79,1,1,24,120.77,20.44,1]}},"gebo1":{"gebo1":{"type":"mesh","hull":18,"uvs":[0.61085,0,0.43723,0.00674,0.23305,0.07663,0.12559,0.2238,0.10679,0.40169,0.07789,0.5397,0.06446,0.68899,0.02416,0.85628,0.04565,0.95899,0.16655,1,0.42446,1,0.58565,0.97064,0.70386,0.85417,0.79913,0.67231,0.89854,0.46055,1,0.26024,0.98682,0.07706,0.83638,0],"triangles":[0,17,16,2,1,0,0,15,2,2,15,3,16,15,0,15,4,3,14,4,15,5,4,14,13,5,14,6,5,13,12,6,13,7,6,12,7,9,8,7,12,10,7,10,9,12,11,10],"vertices":[1,20,-24.97,-4.86,1,1,20,-21.85,-16.12,1,1,20,-7.81,-27.57,1,1,20,18.07,-30.4,1,1,20,48.08,-26.47,1,1,20,71.53,-24.38,1,1,20,96.69,-20.93,1,1,20,125.17,-18.73,1,1,20,142.13,-14.33,1,1,20,147.62,-5.16,1,1,20,144.67,11.87,1,1,20,137.9,21.65,1,1,20,117.04,26.08,1,1,20,85.49,27.09,1,1,20,48.88,27.5,1,1,20,14.17,28.39,1,1,20,-16.36,22.2,1,1,20,-27.55,10.03,1]}},"meimao":{"meimao":{"type":"mesh","hull":4,"uvs":[1,1,0,1,0,0,1,0],"triangles":[1,2,3,1,3,0],"vertices":[1,36,-5.08,-43.89,1,1,36,-8.08,43.06,1,1,36,8.91,43.65,1,1,36,11.91,-43.3,1]}},"qunzi":{"qunzi":{"type":"mesh","hull":38,"uvs":[0.42327,0.44567,0.36629,0.4406,0.34385,0.40345,0.2627,0.40345,0.20573,0.43554,0.15566,0.44567,0.10387,0.44736,0.1384,0.49464,0.12977,0.52841,0.1125,0.57063,0.07452,0.59427,0.03999,0.61622,0.0538,0.66519,0.02618,0.70065,0,0.75131,0.01237,0.86613,0.09869,0.93367,0.17638,0.97589,0.30414,1,0.50268,1,0.66152,0.97927,0.80136,0.92185,0.82975,0.83599,0.84806,0.76162,0.83398,0.67555,0.81215,0.59429,0.86214,0.49032,0.92214,0.38938,0.98389,0.23504,1,0.05117,0.95782,0,0.86725,0,0.82609,0.03238,0.74513,0.11022,0.69645,0.13598,0.62663,0.19516,0.53353,0.29304,0.46216,0.37727,0.74026,0.13091,0.72936,0.17415,0.72772,0.25306,0.74546,0.34716,0.76245,0.42078,0.78177,0.49364,0.80032,0.56043,0.40259,0.61491,0.31924,0.70318,0.27315,0.74298,0.2536,0.8036,0.24293,0.8417,0.21809,0.87632,0.17376,0.92132],"triangles":[4,7,5,45,4,1,25,45,0,42,43,0,42,0,37,44,25,0,42,36,41,42,37,36,0,43,44,24,20,25,36,40,41,36,35,40,25,44,26,44,43,26,43,42,26,26,42,27,42,41,27,28,27,40,27,41,40,28,40,39,28,39,38,32,38,33,38,32,28,28,32,29,29,32,31,40,35,39,29,31,30,35,34,39,39,34,38,38,34,33,45,1,0,1,3,2,1,4,3,7,6,5,24,22,20,46,19,48,22,21,20,45,20,19,20,45,25,22,24,23,17,50,18,50,49,18,16,51,17,17,51,50,51,16,50,50,16,15,50,15,14,48,50,14,48,49,50,48,14,13,48,13,12,48,19,49,18,49,19,46,47,8,46,48,47,48,12,47,9,47,12,9,12,10,12,11,10,47,9,8,19,46,45,45,46,8,45,8,4,4,8,7],"vertices":[1,9,-1.6,47.78,1,1,9,-7.45,59.12,1,1,9,-2.99,67.88,1,1,9,-12.7,83.15,1,1,9,-25.69,89.94,1,1,9,-33.63,98.12,1,1,9,-40.16,107.66,1,1,3,14.06,-35.02,1,1,3,21.5,-32.24,1,2,3,31.61,-29.95,0.79,4,0.1,-29.95,0.21,1,4,9.34,-33.87,1,1,4,17.83,-37.38,1,2,4,25.28,-28.51,0.79,5,-6.23,-28.51,0.21,2,4,35.43,-28.99,0.21,5,3.92,-28.99,0.79,1,5,16.74,-27.25,1,1,5,36.74,-10.13,1,1,5,38.51,14.46,1,1,5,36.61,34.19,1,2,5,24.98,60.77,0.63,8,22.28,-70.18,0.37,1,8,28.23,-26.3,1,1,8,28.3,9.43,1,1,8,19.52,42.09,1,2,7,23.33,51,0.58,8,0.98,51,0.42,2,6,29.43,57.32,0.21,7,7.08,57.32,0.79,2,6,9.56,56.85,0.21,9,3.34,-57.63,0.79,1,9,16.36,-43.58,1,1,9,42.35,-40.26,1,1,9,68.95,-39.2,1,1,9,106.03,-31.92,1,1,9,143.33,-12.45,1,1,9,148.12,1.75,1,1,9,137.28,18.79,1,1,9,126.12,22.57,1,1,9,101.46,28.27,1,1,9,90.68,34.28,1,2,3,-103.92,15.92,0.00287,9,70.93,40.17,0.99713,1,9,40.96,45.71,1,1,9,16.21,48.83,1,1,9,96.9,26.66,1,1,9,87.27,23.42,1,1,9,71.9,14.07,1,1,9,55.92,-0.79,1,1,9,43.79,-13,1,1,9,32.09,-25.55,1,1,9,21.46,-37.21,1,2,3,3.23,29.05,0.79,6,-17.07,-36.62,0.21,2,3,30.35,25.16,0.37,4,-1.16,25.16,0.63,1,4,12.14,21.84,1,2,4,26,26.09,0.21,5,-5.51,26.09,0.79,1,5,2.99,29.06,1,1,5,12.63,28.97,1,1,5,26.69,26.65,1]}},"qunzi2":{"qunzi2":{"type":"mesh","hull":30,"uvs":[0.69329,0.00577,0.71081,0.01179,0.73299,0.02671,0.75455,0.07116,0.7547,0.12283,0.79934,0.24932,0.88867,0.45137,0.9571,0.56006,0.99179,0.63041,0.99129,0.73008,0.95749,0.82047,0.92601,0.85593,0.83274,0.9182,0.77871,0.9422,0.68226,0.97414,0.56124,0.99433,0.33489,0.99422,0.22304,0.97004,0.14487,0.9386,0.06149,0.88293,0.01058,0.81428,0.006,0.76959,0.04219,0.69091,0.08196,0.62184,0.17806,0.50593,0.27268,0.3918,0.37553,0.28496,0.50582,0.14962,0.63398,0.01649,0.6665,0.00578],"triangles":[19,20,21,7,9,12,10,11,9,22,18,19,19,21,22,9,11,12,13,23,24,22,17,18,23,17,22,13,7,12,17,23,16,13,14,23,23,15,16,14,15,23,9,7,8,29,0,1,28,29,1,28,1,2,28,4,27,3,28,2,4,28,3,27,4,5,26,27,5,25,6,24,26,5,6,25,26,6,24,6,7,7,13,24],"vertices":[1,39,-75.07,4.55,1,1,39,-73.85,6.44,1,1,39,-71.07,8.7,1,1,39,-63.3,10.38,1,1,39,-54.56,9.51,1,1,39,-32.66,12.4,1,2,39,2.55,19.06,0.9895,40,-23.96,19.06,0.0105,2,39,21.72,24.96,0.61801,40,-4.79,24.96,0.38199,3,39,34.01,27.68,0.25318,40,7.51,27.68,0.72814,41,-18.99,27.68,0.01868,3,39,50.86,25.92,0.02334,40,24.36,25.92,0.72064,41,-2.14,25.92,0.25602,2,40,39.26,20.53,0.24981,41,12.76,20.53,0.75019,2,40,44.9,16.35,0.10054,41,18.39,16.35,0.89946,2,40,54.35,4.7,0.00008,41,27.85,4.7,0.99992,2,40,57.79,-1.84,0.00108,41,31.29,-1.84,0.99892,3,39,88.59,-13.32,0.00009,40,62.08,-13.32,0.02984,41,35.58,-13.32,0.97007,3,39,90.61,-27.4,0.0067,40,64.1,-27.4,0.10136,41,37.6,-27.4,0.89194,3,39,87.98,-53.07,0.05177,40,61.48,-53.07,0.24227,41,34.98,-53.07,0.70596,3,39,82.6,-65.34,0.0847,40,56.1,-65.34,0.29079,41,29.6,-65.34,0.62451,3,39,76.39,-73.66,0.1141,40,49.88,-73.66,0.31948,41,23.38,-73.66,0.56642,3,39,66.01,-82.16,0.15698,40,39.51,-82.16,0.34665,41,13.01,-82.16,0.49636,3,39,53.81,-86.76,0.20115,40,27.31,-86.76,0.36217,41,0.81,-86.76,0.43668,3,39,46.2,-86.51,0.22816,40,19.7,-86.51,0.36661,41,-6.8,-86.51,0.40523,3,39,33.31,-81.06,0.30631,40,6.81,-81.06,0.36658,41,-19.69,-81.06,0.32711,3,39,22.09,-75.36,0.40745,40,-4.41,-75.36,0.34889,41,-30.92,-75.36,0.24366,3,39,3.59,-62.47,0.64924,40,-22.91,-62.47,0.24912,41,-49.41,-62.47,0.10165,3,39,-14.62,-49.78,0.87324,40,-41.12,-49.78,0.10543,41,-67.63,-49.78,0.02133,3,39,-31.51,-36.28,0.97919,40,-58.01,-36.28,0.02001,41,-84.51,-36.28,0.0008,2,39,-52.9,-19.18,1,40,-79.4,-19.18,0,1,39,-73.94,-2.36,1,1,39,-75.38,1.51,1]}},"shenti":{"shenti":{"type":"mesh","hull":30,"uvs":[0.47209,0,0.40637,0.03646,0.38583,0.09297,0.40226,0.17174,0.38994,0.22311,0.29135,0.25051,0.13526,0.26934,0,0.31387,0,0.40291,0,0.54847,0.03257,0.68032,0.13526,0.80533,0.23795,0.92177,0.39404,1,0.64871,1,0.94857,0.96972,1,0.89095,1,0.79334,0.94857,0.74025,0.92803,0.65463,0.96911,0.5536,1,0.48853,0.965,0.37209,0.93214,0.30188,0.81302,0.28818,0.77194,0.25393,0.79248,0.18201,0.82534,0.05016,0.77194,0,0.60353,0],"triangles":[12,11,18,18,17,12,17,14,12,12,14,13,14,17,16,15,14,16,5,10,9,5,20,10,19,10,20,11,10,19,11,19,18,21,20,24,8,7,6,5,9,8,21,24,22,20,5,24,22,24,23,24,5,4,8,6,5,29,3,2,27,29,28,27,3,29,1,0,29,1,29,2,27,26,3,26,4,3,25,4,26,25,24,4],"vertices":[1,27,97.07,18.82,1,1,27,83,28.86,1,2,27,61.51,31.56,0.99579,19,124.4,34.04,0.00421,2,27,31.73,28.21,0.83374,19,94.82,29.23,0.16626,3,27,12.21,29.66,0.30976,19,75.26,29.72,0.6887,18,138.81,29.72,0.00154,3,27,1.44,44.97,0.02048,19,63.75,44.49,0.95371,18,127.29,44.49,0.02581,3,19,54.79,68.55,0.90603,18,118.34,68.55,0.09282,17,181.89,68.55,0.00116,3,19,36.38,88.61,0.82372,18,99.92,88.61,0.16655,17,163.47,88.61,0.00972,3,19,2.72,86.1,0.61325,18,66.27,86.1,0.32495,17,129.81,86.1,0.0618,3,19,-52.29,81.99,0.1474,18,11.26,81.99,0.43123,17,74.8,81.99,0.42137,4,19,-101.74,73.14,0.00996,18,-38.2,73.14,0.12101,17,25.35,73.14,0.84288,2,-71.11,34.51,0.02614,3,18,-84.24,53.44,0.00179,17,-20.69,53.44,0.50963,2,-54.89,-12.87,0.48858,2,17,-63.49,33.98,0.02955,2,-38.66,-57,0.97045,1,2,-14,-86.65,1,2,17,-88.23,-32.95,0.01366,2,26.24,-86.65,0.98634,2,17,-73.26,-79.34,0.10964,2,73.61,-75.17,0.89036,2,17,-42.89,-85.22,0.21772,2,81.74,-45.32,0.78228,3,18,-69.54,-82.47,0.00969,17,-6,-82.47,0.47742,2,81.74,-8.33,0.51288,3,18,-50.09,-72.87,0.05234,17,13.46,-72.87,0.64829,2,73.61,11.79,0.29937,5,27,-149.13,-59.46,0.00008,19,-81.51,-67.22,0.00077,18,-17.97,-67.22,0.30103,17,45.58,-67.22,0.65085,2,70.37,44.24,0.04726,4,27,-110.69,-64.98,0.00949,19,-42.85,-70.85,0.05666,18,20.7,-70.85,0.70978,17,84.25,-70.85,0.22407,4,27,-85.91,-69.24,0.03388,19,-17.89,-73.88,0.17744,18,45.66,-73.88,0.72059,17,109.21,-73.88,0.06809,4,27,-41.93,-62.6,0.17882,19,25.71,-65.08,0.50478,18,89.26,-65.08,0.31592,17,152.8,-65.08,0.00047,3,27,-15.46,-56.73,0.32343,19,51.86,-57.93,0.54032,18,115.41,-57.93,0.13625,3,27,-10.75,-37.79,0.48127,19,55.64,-38.77,0.45943,18,119.18,-38.77,0.0593,3,27,2.06,-30.97,0.82126,19,68.1,-31.33,0.16887,18,131.64,-31.33,0.00987,1,27,29.39,-33.53,1,1,27,79.48,-37.45,1,1,27,98.27,-28.54,1,1,27,97.6,-1.94,1]}},"shou":{"shou":{"type":"mesh","hull":34,"uvs":[0.78812,0,0.70657,0.04556,0.67539,0.17017,0.64901,0.33956,0.62022,0.50506,0.58904,0.63357,0.57705,0.67251,0.45472,0.69393,0.28922,0.70366,0.19328,0.7426,0.08535,0.80296,0.04457,0.8458,0,0.8789,0.01099,0.92757,0.09734,0.91979,0.11173,0.96652,0.21487,0.97625,0.31321,0.95483,0.33628,0.93751,0.37574,0.92256,0.35645,0.96455,0.36785,0.99445,0.44238,1,0.57614,1,0.65527,0.96605,0.78715,0.93699,0.80898,0.84915,0.83237,0.75499,0.87688,0.6159,0.9579,0.4492,0.98993,0.26873,1,0.08826,0.9692,0,0.7921,0],"triangles":[14,10,9,11,10,14,12,11,14,19,8,7,9,8,19,14,9,16,13,12,14,26,24,6,19,18,9,9,18,16,25,24,26,16,15,14,16,18,17,22,21,20,7,6,24,19,7,24,23,22,19,22,20,19,24,23,19,31,33,32,33,2,1,1,0,33,2,33,31,30,2,31,30,3,2,29,3,30,4,3,29,28,4,29,5,4,28,27,5,28,6,5,27,26,6,27],"vertices":[1,21,-13.02,-9.37,1,1,21,-3.6,-19.26,1,1,21,18,-20.16,1,1,21,47.01,-19.21,1,2,21,75.42,-18.69,0.99948,23,2.9,-48.55,0.00052,2,21,97.67,-19.49,0.82664,23,10.97,-27.79,0.17336,2,21,104.47,-20.08,0.54204,23,13.76,-21.57,0.45796,2,21,110.73,-36.17,0.05449,23,31.02,-20.94,0.94551,1,23,53.79,-23.31,1,1,23,67.99,-19.12,1,1,23,84.45,-11.62,1,1,23,91.27,-5.44,1,1,23,98.31,-0.98,1,1,23,98.27,7.43,1,1,23,86.3,8.22,1,1,23,85.74,16.39,1,1,23,72.02,20.51,1,1,23,58.02,19.31,1,1,23,54.37,16.96,1,1,23,48.56,15.42,1,1,23,52.43,21.98,1,1,23,51.77,27.26,1,1,23,41.81,29.99,1,1,23,23.64,33.22,1,2,21,152.04,-1.54,0.00968,23,11.88,29.46,0.99032,2,21,144.29,15.65,0.15122,23,-6.9,27.78,0.84878,2,21,129.07,16.27,0.55796,23,-12.49,13.61,0.44204,2,21,112.76,16.93,0.99389,23,-18.47,-1.58,0.00611,1,21,88.44,19.26,1,1,21,58.69,25.82,1,1,21,27.69,25.34,1,1,21,-2.82,21.87,1,1,21,-16.97,15.31,1,1,21,-13.11,-8.83,1]}},"shou3":{"shou2":{"type":"mesh","hull":48,"uvs":[0.49555,0.02488,0.50139,0.06047,0.55729,0.04076,0.65618,0.04646,0.66779,0.08172,0.59565,0.12207,0.53468,0.1475,0.57507,0.18885,0.61227,0.14446,0.66462,0.12732,0.78411,0.09904,0.84319,0.12256,0.75908,0.2014,0.74051,0.23834,0.81415,0.28715,0.89776,0.34256,0.89025,0.38016,0.83738,0.41609,0.84378,0.47984,0.86093,0.50026,0.88782,0.56973,0.9261,0.66863,0.97408,0.7926,0.97389,0.92913,0.95812,0.96105,0.92971,0.98365,0.86175,0.99201,0.76212,0.992,0.62165,0.97025,0.44422,0.91328,0.39122,0.88411,0.3681,0.8454,0.3682,0.76974,0.36831,0.67618,0.37482,0.54752,0.37843,0.47616,0.38132,0.41892,0.33595,0.40037,0.04355,0.29722,0.02455,0.22246,0.0131,0.17738,0.01224,0.13252,0.11875,0.04372,0.14492,0.02814,0.28644,0.0498,0.34023,0.02237,0.37571,0.00398,0.44013,0.00381,0.8221,0.98506,0.88281,0.97432,0.90845,0.94592,0.90279,0.95999,0.91206,0.93215,0.42213,0.86364,0.45489,0.8885,0.4867,0.91117],"triangles":[2,4,1,4,2,3,5,1,4,9,10,11,42,43,44,41,42,44,6,1,5,1,40,41,45,46,47,0,45,47,1,44,45,1,45,0,12,9,11,8,9,12,7,8,12,1,39,40,13,7,12,38,39,7,41,44,1,6,39,1,15,37,14,7,37,38,6,7,39,37,7,13,37,13,14,15,36,37,15,16,36,17,36,16,35,36,17,18,35,17,19,34,35,19,35,18,34,19,20,33,34,20,33,20,21,32,21,22,21,32,33,53,32,22,31,32,53,30,31,53,54,53,22,30,53,54,54,52,55,29,30,54,29,54,55,54,22,52,22,23,52,52,28,55,52,50,28,23,50,52,24,50,23,51,50,24,50,48,28,29,55,28,50,51,48,25,51,24,49,51,25,49,48,51,27,28,48,26,48,49,26,49,25,27,48,26],"vertices":[1,26,100.49,3.57,1,1,26,91.66,3.41,1,1,26,96.4,-1,1,1,26,94.75,-8.46,1,1,26,85.98,-9.06,1,1,26,76.16,-3.26,1,1,26,70,1.57,1,1,26,59.65,-1.16,1,1,26,70.57,-4.34,1,1,26,74.69,-8.46,1,1,26,81.4,-17.76,1,1,26,75.43,-22.06,1,1,26,56.09,-15.04,1,1,26,46.98,-13.33,1,1,26,34.7,-18.54,1,2,25,140.5,-25.95,0.00813,26,20.76,-24.44,0.99187,2,25,131.29,-24.37,0.07078,26,11.46,-23.57,0.92922,2,25,122.86,-19.42,0.34844,26,2.68,-19.27,0.65156,2,25,107.1,-18.19,0.94676,26,-13.13,-19.24,0.05324,2,25,101.92,-18.94,0.99128,26,-18.24,-20.38,0.00872,1,25,84.57,-19.11,1,1,25,59.87,-19.35,1,1,25,28.91,-19.65,1,1,25,-4.74,-15.97,1,1,25,-12.48,-13.92,1,1,25,-17.82,-11.17,1,1,25,-19.32,-5.81,1,1,25,-18.5,1.71,1,1,25,-11.99,11.74,1,1,25,3.52,23.62,1,1,25,11.15,26.84,1,1,25,20.88,27.55,1,1,25,39.53,25.52,1,1,25,62.6,23,1,1,25,94.26,19.06,1,2,25,111.83,16.87,0.92614,26,-11.08,16.07,0.07386,2,25,125.92,15.12,0.27707,26,3.1,15.4,0.72293,2,25,130.86,18.05,0.07297,26,7.81,18.69,0.92703,1,26,34.09,40.08,1,1,26,52.67,40.92,1,1,26,63.88,41.43,1,1,26,75,41.14,1,1,26,96.74,32.34,1,1,26,100.54,30.23,1,1,26,94.83,19.65,1,1,26,101.49,15.34,1,1,26,105.97,12.5,1,1,26,105.85,7.61,1,1,25,-17.29,-3,1,1,25,-15.14,-7.88,1,1,25,-8.34,-10.58,1,1,25,-11.77,-9.77,1,1,25,-4.98,-11.22,1,1,25,15.94,23.96,1,1,25,9.54,22.15,1,1,25,3.69,20.35,1]}},"tou":{"tou":{"type":"mesh","hull":65,"uvs":[0.01138,0.01868,0,0.02075,0.0204,0.07263,0.02719,0.12036,0.02634,0.18261,0.01105,0.23379,0.00171,0.28982,0.02549,0.33824,0.06712,0.36176,0.1011,0.37628,0.14103,0.38043,0.12288,0.42324,0.10929,0.49379,0.11439,0.5768,0.14327,0.66118,0.18235,0.68608,0.16339,0.72225,0.19227,0.83707,0.29421,0.87027,0.31885,0.85575,0.3725,0.91198,0.4668,0.96109,0.57639,0.99914,0.66219,0.99844,0.77432,0.93619,0.84653,0.84074,0.86437,0.77087,0.92602,0.7263,0.97274,0.67027,1,0.58519,0.98294,0.45757,0.93536,0.38979,0.89119,0.36143,0.88731,0.31866,0.82275,0.25917,0.70551,0.21905,0.6316,0.19,0.58233,0.18239,0.5739,0.18009,0.58216,0.16216,0.58711,0.13339,0.58187,0.09924,0.57086,0.06893,0.55251,0.04674,0.52839,0.0271,0.50899,0.0096,0.48645,0,0.48907,0.0224,0.48779,0.04751,0.4773,0.06287,0.4621,0.07312,0.44218,0.0855,0.42645,0.09617,0.39447,0.10172,0.36668,0.10556,0.34047,0.11068,0.3195,0.12648,0.30954,0.14441,0.28513,0.12089,0.25158,0.10211,0.21383,0.07735,0.16822,0.05814,0.12418,0.04235,0.08538,0.02741,0.04973,0.01759,0.24583,0.37213,0.27125,0.3472,0.31542,0.30738,0.36164,0.2788,0.40509,0.25751,0.4713,0.23511,0.51818,0.22561,0.55968,0.19487,0.54233,0.21062,0.15882,0.37049,0.20266,0.36887,0.31403,0.17142,0.32109,0.22538,0.31493,0.26272,0.26693,0.33323,0.26797,0.31331,0.27616,0.28842,0.35266,0.25528],"triangles":[40,39,72,41,73,49,69,82,77,76,81,59,78,81,77,81,3,59,68,67,78,80,81,67,67,79,80,79,75,80,65,75,79,75,74,80,66,65,79,72,39,38,72,73,41,71,52,73,70,52,71,65,13,12,15,14,13,29,32,30,30,32,31,65,15,13,32,29,26,28,27,29,32,35,34,32,34,33,27,26,29,26,17,15,16,15,17,72,38,37,72,37,36,73,72,36,35,73,36,71,73,35,32,71,35,32,69,70,69,32,68,32,70,71,68,32,66,32,26,66,26,65,66,65,26,15,26,19,17,26,20,19,18,17,19,26,21,20,26,25,21,24,21,25,24,22,21,23,22,24,11,65,12,65,11,75,10,9,74,10,74,75,75,11,10,66,79,67,68,66,67,81,80,3,74,5,80,81,78,67,78,77,82,68,78,82,68,82,69,69,53,70,41,40,72,47,46,45,48,43,49,48,44,43,43,42,49,47,45,44,48,47,44,42,41,49,73,50,49,73,51,50,73,52,51,76,57,56,56,54,76,54,77,76,56,55,54,53,52,70,77,54,53,53,69,77,77,81,76,58,76,59,76,58,57,2,0,64,1,0,2,2,62,3,63,2,64,62,2,63,3,62,61,3,61,60,3,60,59,80,4,3,4,80,5,5,8,6,7,6,8,5,74,8,9,8,74],"vertices":[1,45,26.91,1.25,1,1,45,27.64,3.53,1,1,45,14.2,6.57,1,3,43,51.54,11.5,0.00622,44,27.31,11.5,0.40265,45,3.09,11.5,0.59113,3,43,38.05,19.64,0.2272,44,13.83,19.64,0.74997,45,-10.39,19.64,0.02283,2,43,28.49,28.93,0.58753,44,4.27,28.93,0.41247,3,43,17.26,37.78,0.81004,44,-6.97,37.78,0.18996,28,157.39,105.24,0,3,43,4.22,39.77,0.90314,44,-20.01,39.77,0.08974,28,145.31,99.92,0.00713,3,43,-5.26,35.4,0.92857,44,-29.49,35.4,0.04067,28,139.66,91.15,0.03076,3,43,-11.98,31.24,0.91199,44,-36.21,31.24,0.01608,28,136.23,84.03,0.07193,1,28,135.47,75.77,1,1,28,124.52,79.13,1,1,28,106.58,81.31,1,1,28,85.63,79.54,1,1,28,64.5,72.86,1,1,28,58.48,64.59,1,1,28,49.2,68.18,1,2,43,-121.96,74.22,0.04135,28,20.37,61.23,0.95865,2,43,-139.86,60.38,0.0234,28,12.7,39.96,0.9766,1,28,16.55,35.01,1,1,28,2.71,23.47,1,1,28,-9.04,3.63,1,1,28,-17.88,-19.26,1,1,28,-17.09,-36.92,1,1,28,-0.55,-59.46,1,1,28,24.1,-73.5,1,1,28,41.89,-76.56,1,1,28,53.6,-88.86,1,1,28,68.1,-97.99,1,1,28,89.8,-102.86,1,1,28,121.95,-98.23,1,1,28,138.75,-87.85,1,1,28,145.61,-78.51,1,1,28,156.39,-77.33,1,1,28,170.97,-63.52,1,1,28,180.29,-39.04,1,1,28,187.11,-23.57,1,1,28,188.68,-13.36,1,1,28,189.2,-11.6,1,1,28,193.79,-13.14,1,3,47,16.2,-14.36,0.00709,48,-10.11,-9.56,0.80367,28,201.1,-13.91,0.18923,3,47,22.49,-8.33,0.56755,48,-1.43,-10.22,0.38642,28,209.7,-12.53,0.04602,3,47,27.28,-1.93,0.48801,48,6.54,-9.52,0.50966,28,217.29,-10,0.00233,2,47,29.53,4.45,0.06656,48,12.79,-6.93,0.93344,1,48,18.65,-3.05,1,1,48,23.78,-0.01,1,1,48,27.08,4.06,1,3,46,38.24,27.74,0.00057,47,26.67,18.61,0.01079,48,21.42,4.66,0.98864,3,46,34.86,22.36,0.01262,47,21.41,15.03,0.13755,48,15.25,6.18,0.84983,3,46,31.06,20.05,0.06427,47,17.01,14.44,0.46633,48,11.87,9.07,0.46941,3,46,27.06,19.35,0.1528,47,13.06,15.4,0.6648,48,9.95,12.65,0.1824,4,44,-8.47,-66.64,0.00041,46,21.94,18.66,0.31797,47,8.09,16.83,0.64351,48,7.7,17.29,0.03811,5,43,15.07,-62.48,0.00042,44,-9.15,-62.48,0.00194,46,17.79,17.92,0.49477,47,3.99,17.81,0.49974,48,5.69,21.01,0.00313,4,43,17.2,-56.09,0.00794,44,-7.02,-56.09,0.00864,46,11.37,19.96,0.71925,47,-1.07,22.26,0.26418,4,43,19.27,-50.66,0.02731,44,-4.95,-50.66,0.02023,46,5.92,21.95,0.79856,47,-5.27,26.27,0.15389,4,43,20.9,-45.35,0.05621,44,-3.33,-45.35,0.0357,46,0.58,23.5,0.81158,47,-9.53,29.83,0.09652,5,43,19.64,-39.6,0.10493,44,-4.58,-39.6,0.06233,45,-28.8,-39.6,0.00007,46,-5.15,22.17,0.7748,47,-15.32,30.91,0.05787,5,43,16.78,-35.53,0.20195,44,-7.45,-35.53,0.12294,45,-31.67,-35.53,0.00084,46,-9.18,19.24,0.65097,47,-20.18,29.84,0.0233,5,43,24.46,-34.22,0.26725,44,0.23,-34.22,0.31022,45,-23.99,-34.22,0.01141,46,-10.6,26.9,0.40736,47,-18.41,37.43,0.00376,5,43,32.06,-30.68,0.21632,44,7.83,-30.68,0.48835,45,-16.39,-30.68,0.048,46,-14.25,34.45,0.24718,47,-18.72,45.81,0.00016,4,43,41.4,-27.15,0.0966,44,17.18,-27.15,0.61879,45,-7.05,-27.15,0.16517,46,-17.9,43.75,0.11943,4,43,50.36,-21.52,0.01756,44,26.13,-21.52,0.50772,45,1.91,-21.52,0.43201,46,-23.66,52.62,0.04271,3,44,34.18,-15.73,0.19476,45,9.95,-15.73,0.79568,46,-29.56,60.58,0.00956,3,44,41.49,-10.77,0.02175,45,17.27,-10.77,0.97725,46,-34.63,67.83,0.001,1,45,23.13,-5.7,1,1,28,138.31,54.27,1,1,28,144.8,49.25,1,1,28,155.18,40.51,1,1,28,162.73,31.24,1,1,28,168.43,22.48,1,1,28,174.56,9.04,1,1,28,177.3,-0.53,1,1,28,185.36,-8.8,1,1,28,181.26,-5.37,1,1,28,138.11,72.19,1,1,28,138.83,63.18,1,5,43,10.42,-32.86,0.24124,44,-13.81,-32.86,0.08398,46,-11.76,12.85,0.66304,47,-25.11,25.02,0.01076,28,189.55,41.98,0.00098,4,43,-2.08,-27.19,0.3591,44,-26.31,-27.19,0.01531,46,-17.25,0.27,0.57093,28,175.95,40.05,0.05466,1,28,166.47,41,1,1,28,148.3,50.26,1,1,28,153.34,50.22,1,1,28,159.69,48.75,1,1,28,168.62,33.29,1]}},"xiaotui":{"xiaotui":{"type":"mesh","hull":23,"uvs":[0.0477,0.00576,0,0.06486,0.01675,0.22865,0.05931,0.36205,0.1812,0.52247,0.34951,0.69302,0.40755,0.77407,0.36499,0.85175,0.51783,1,0.661,0.97332,0.86994,0.90747,1,0.82811,0.99376,0.67107,0.84672,0.65756,0.72677,0.69639,0.63004,0.69302,0.59135,0.62378,0.55459,0.63054,0.4772,0.49545,0.37853,0.32153,0.2876,0.1476,0.20441,0.00745,0.10768,0],"triangles":[6,9,8,9,14,10,9,15,14,14,13,10,11,13,12,11,10,13,9,6,15,15,6,17,17,16,15,7,6,8,6,5,17,5,18,17,5,4,18,4,19,18,19,3,20,19,4,3,21,20,22,22,20,2,2,20,3,0,22,1,22,2,1],"vertices":[1,10,-17.04,2.37,1,1,10,-9.59,-12.34,1,1,10,24.95,-26.9,1,1,10,55.79,-33.69,1,1,10,99.47,-29.42,1,1,10,149.52,-18.07,1,1,10,171.26,-16.53,1,1,10,182.93,-32.32,1,2,10,227.05,-21.31,0.42229,12,-19.85,-19.12,0.57771,2,10,235.03,6.71,0.00213,12,8.71,-24.86,0.99787,1,12,52.83,-27.6,1,1,12,83.77,-21.28,1,1,12,96.86,12.07,1,2,10,188.78,73.11,0.00262,12,71.23,26.52,0.99738,2,10,185.41,47.88,0.13082,12,45.81,27.88,0.86918,2,10,175.7,31.24,0.61534,12,28.45,36.24,0.38466,2,10,158.15,31.84,0.89095,12,27.66,53.78,0.10905,2,10,156.08,24.66,0.93499,12,20.33,55.27,0.06501,1,10,121.65,25.5,1,1,10,77.42,26.75,1,1,10,33.91,29.37,1,1,10,-2.08,29.73,1,1,10,-12.6,13.53,1]}},"xiaotui2":{"xiaotui2":{"type":"mesh","hull":31,"uvs":[0.13154,0.00461,0.16893,0.01952,0.21977,0.06551,0.27583,0.14551,0.40505,0.36921,0.52284,0.58238,0.56443,0.64724,0.63634,0.65379,0.66139,0.69364,0.83592,0.6645,0.90135,0.66508,0.93028,0.68025,0.97258,0.73846,0.99495,0.77991,0.99531,0.81683,0.965,0.8409,0.87042,0.89764,0.7212,0.94945,0.55089,0.99761,0.51784,0.97314,0.40947,0.83444,0.42656,0.77571,0.39857,0.72852,0.30063,0.60856,0.27677,0.58901,0.14114,0.45245,0.08132,0.35853,0.02209,0.22432,0.00328,0.13446,0.0063,0.05935,0.06472,0.00436],"triangles":[19,8,17,7,8,6,17,8,16,8,9,16,15,16,12,11,9,10,9,12,16,15,13,14,15,12,13,11,12,9,18,19,17,6,8,21,20,21,19,21,8,19,21,22,6,22,5,6,22,23,5,5,23,4,23,24,4,24,25,4,25,26,4,26,3,4,3,26,27,3,27,2,1,29,0,0,29,30,2,27,1,1,27,28,29,1,28],"vertices":[1,14,-8.51,16.71,1,1,14,-2.07,21.55,1,1,14,11.57,25.39,1,1,14,32.18,26.51,1,1,14,87.17,24.91,1,2,14,139.05,22.46,0.97462,16,10.89,52.76,0.02538,2,14,155.39,22.71,0.73437,16,14.72,36.88,0.26563,2,14,163.56,34.37,0.36885,16,27.9,31.48,0.63115,2,14,173.55,34.43,0.15933,16,30.16,21.74,0.84067,1,16,64.92,18.05,1,1,16,77.25,14.27,1,1,16,81.77,9.47,1,1,16,86.15,-5.06,1,1,16,87.8,-14.98,1,1,16,85.58,-22.71,1,2,14,230.77,70.95,0.00008,16,78.36,-26.05,0.99992,2,14,232.47,48.65,0.02242,16,56.98,-32.6,0.97758,2,14,227.97,17.48,0.33012,16,25.59,-35.07,0.66988,2,14,220.74,-16.93,0.97939,16,-9.57,-35.59,0.02061,2,14,212.91,-20,0.99734,16,-14.29,-28.62,0.00266,1,14,176.09,-23.86,1,1,14,166.57,-14.67,1,1,14,154.9,-14.46,1,1,14,122.65,-18.52,1,1,14,116.64,-20.54,1,1,14,77.61,-29.32,1,1,14,53.99,-29.61,1,1,14,22.76,-25.5,1,1,14,3.86,-19.16,1,1,14,-10.14,-10.65,1,1,14,-14.98,5.25,1]}},"xigua":{"xigua":{"type":"mesh","hull":28,"uvs":[0.51133,0.02638,0.58789,0.0562,0.69752,0.11913,0.81579,0.22221,0.89723,0.32795,0.95638,0.43444,0.99457,0.55924,0.99451,0.73509,0.97416,0.8036,0.92725,0.88432,0.85288,0.94897,0.79617,0.97594,0.72715,0.99528,0.58335,0.99522,0.51316,0.98292,0.39909,0.93902,0.2768,0.86305,0.16992,0.76173,0.07035,0.62562,0.01733,0.48836,0.00547,0.42596,0.00543,0.26535,0.02656,0.19482,0.0684,0.12356,0.11223,0.07865,0.1752,0.03478,0.26685,0.0047,0.43058,0.00472,0.21144,0.1886,0.42907,0.45662,0.70786,0.85264,0.4679,0.13183,0.89153,0.66658,0.66451,0.32404,0.58256,0.1336,0.12563,0.28013,0.18459,0.52232,0.40016,0.84481],"triangles":[37,29,30,30,29,32,29,33,32,33,29,31,37,36,29,29,36,35,29,28,31,11,12,30,30,12,13,13,14,30,30,14,37,11,30,10,10,30,9,14,15,37,15,16,37,9,30,8,16,17,37,30,32,8,33,31,34,17,36,37,8,32,7,17,18,36,7,32,6,32,5,6,5,33,4,5,32,33,18,19,36,35,36,20,36,19,20,31,26,27,26,31,28,20,21,35,33,3,4,33,2,3,33,34,2,21,22,35,22,23,28,23,24,28,24,25,28,28,25,26,34,1,2,34,31,1,31,0,1,31,27,0,35,28,29,35,22,28],"vertices":[1,35,84.37,-0.13,1,1,35,77.79,-13.71,1,1,35,64.2,-33.01,1,1,35,42.28,-53.61,1,1,35,20.04,-67.55,1,1,35,-2.23,-77.49,1,1,35,-28.14,-83.53,1,1,35,-64.35,-82.35,1,1,35,-78.34,-78.23,1,1,35,-94.69,-69.26,1,1,35,-107.57,-55.45,1,1,35,-112.79,-45.06,1,1,35,-116.37,-32.52,1,1,35,-115.52,-6.65,1,1,35,-112.58,5.9,1,1,35,-102.88,26.13,1,1,35,-86.53,47.62,1,1,35,-65.05,66.18,1,1,35,-36.45,83.19,1,1,35,-7.88,91.81,1,1,35,5.04,93.53,1,1,35,38.11,92.47,1,1,35,52.51,88.2,1,1,35,66.94,80.2,1,1,35,75.93,72.02,1,1,35,84.6,60.4,1,1,35,90.26,43.71,1,1,35,89.3,14.25,1,2,35,52.71,54.9,0.45,42,7.72,157.05,0.55,2,35,-3.73,17.53,0.45,42,-48.72,119.67,0.55,2,35,-86.89,-30,0.45,42,-131.88,72.15,0.55,2,35,62.92,8.38,0.75,42,17.92,110.53,0.25,2,35,-49.65,-64.28,0.75,42,-94.64,37.87,0.25,2,35,22.2,-25.71,0.75,42,-22.79,76.43,0.25,2,35,61.88,-12.24,0.9,42,16.89,89.91,0.1,2,35,34.37,70.94,0.75,42,-10.62,173.09,0.25,2,35,-15.84,61.95,0.75,42,-60.83,164.09,0.25,2,35,-83.49,25.31,0.75,42,-128.48,127.46,0.25]}},"yanjing":{"biyan":{"type":"mesh","hull":4,"uvs":[1,1,0,1,0,0,1,0],"triangles":[1,2,3,1,3,0],"vertices":[1,37,-7.77,-43.86,1,1,37,-10.91,47.08,1,1,37,14.07,47.95,1,1,37,17.21,-43,1]},"yanjing":{"type":"mesh","hull":4,"uvs":[1,1,0,1,0,0,1,0],"triangles":[1,2,3,1,3,0],"vertices":[1,37,-16.8,-43.17,1,1,37,-20.08,51.77,1,1,37,19.9,53.15,1,1,37,23.18,-41.79,1]}},"zui":{"zui":{"type":"mesh","hull":4,"uvs":[1,1,0,1,0,0,1,0],"triangles":[1,2,3,1,3,0],"vertices":[1,38,-10.88,-10.71,1,1,38,-11.71,13.28,1,1,38,10.28,14.03,1,1,38,11.11,-9.95,1]},"zui2":{"type":"mesh","hull":4,"uvs":[1,1,0,1,0,0,1,0],"triangles":[1,2,3,1,3,0],"vertices":[1,38,-16.38,-21.9,1,1,38,-17.96,24.07,1,1,38,13.02,25.14,1,1,38,14.61,-20.83,1]}}}}],"events":{"dazhao":{},"gongji":{}},"animations":{"daiji":{"bones":{"bone2":{"rotate":[{},{"time":0.6667,"angle":-1.25,"curve":0.25,"c3":0.75},{"time":1.5}],"translate":[{},{"time":0.2667,"x":4.7,"y":2.21,"curve":0.25,"c3":0.75},{"time":0.6667,"x":10.37,"y":-3.05,"curve":0.25,"c3":0.75},{"time":1.0333,"x":5.03,"y":2.21,"curve":0.25,"c3":0.75},{"time":1.5}]},"bone3":{"rotate":[{},{"time":0.6667,"angle":-2.27,"curve":0.25,"c3":0.75},{"time":1.5}]},"bone3b":{"rotate":[{"time":0.1333,"curve":0.25,"c3":0.75},{"time":0.8,"angle":-2.27,"curve":0.243,"c3":0.691,"c4":0.76},{"time":1.5}]},"bone3c":{"rotate":[{"time":0.2667,"curve":0.25,"c3":0.75},{"time":0.9333,"angle":-2.27,"curve":0.243,"c3":0.651,"c4":0.61},{"time":1.5}]},"bone4":{"rotate":[{},{"time":0.6667,"angle":-0.41,"curve":0.25,"c3":0.75},{"time":1.5}],"translate":[{},{"time":0.6667,"x":-7.62,"y":5.84,"curve":0.25,"c3":0.75},{"time":1.5}]},"bone4b":{"rotate":[{"time":0.0667,"curve":0.25,"c3":0.75},{"time":0.7333,"angle":-0.41,"curve":0.246,"c3":0.718,"c4":0.86},{"time":1.5}]},"bone4c":{"rotate":[{"time":0.1333,"curve":0.25,"c3":0.75},{"time":0.8,"angle":-0.41,"curve":0.243,"c3":0.691,"c4":0.76},{"time":1.5}]},"bone5":{"rotate":[{"angle":0.33}]},"bone6":{"rotate":[{"angle":-0.29}]},"bone8":{"rotate":[{"angle":1.62}]},"bone9":{"rotate":[{"angle":0.15}]},"bone11b":{"rotate":[{},{"time":0.6667,"angle":-2.06,"curve":0.25,"c3":0.75},{"time":1.5}]},"bone11c":{"rotate":[{},{"time":0.6667,"angle":-0.88,"curve":0.25,"c3":0.75},{"time":1.5}]},"bone11c2":{"rotate":[{"angle":0.63}]},"bone11c3":{"rotate":[{"angle":-1.46}]},"bone11c5":{"rotate":[{},{"time":0.6667,"angle":8.35,"curve":0.25,"c3":0.75},{"time":1.5}]},"bone11c6":{"rotate":[{"time":0.1333,"curve":0.25,"c3":0.75},{"time":0.8,"angle":10.96,"curve":0.243,"c3":0.691,"c4":0.76},{"time":1.5}],"translate":[{"time":0.1333,"curve":0.25,"c3":0.75},{"time":0.8,"x":-2.42,"y":1.79,"curve":0.243,"c3":0.691,"c4":0.76},{"time":1.5}]},"bone11c7":{"rotate":[{"time":0.3,"curve":0.25,"c3":0.75},{"time":0.9667,"angle":5.28,"curve":0.244,"c3":0.644,"c4":0.58},{"time":1.5}]},"bone11c8":{"rotate":[{"time":0.1333,"curve":0.25,"c3":0.75},{"time":0.8,"angle":1.84,"curve":0.243,"c3":0.691,"c4":0.76},{"time":1.5}]},"bone11c9":{"rotate":[{"time":0.3,"curve":0.25,"c3":0.75},{"time":0.9667,"angle":1.16,"curve":0.244,"c3":0.644,"c4":0.58},{"time":1.5}],"translate":[{"time":0.3,"curve":0.25,"c3":0.75},{"time":0.9667,"x":-0.82,"y":-0.04,"curve":0.244,"c3":0.644,"c4":0.58},{"time":1.5}]},"bone11c10":{"rotate":[{},{"time":0.6667,"angle":-10.42,"curve":0.25,"c3":0.75},{"time":1.5}]},"bone11c11":{"rotate":[{"time":0.1,"curve":0.25,"c3":0.75},{"time":0.7667,"angle":-2.72,"curve":0.244,"c3":0.704,"c4":0.81},{"time":1.5}]},"bone11c12":{"rotate":[{"time":0.2,"curve":0.25,"c3":0.75},{"time":0.8667,"angle":-1.84,"curve":0.242,"c3":0.669,"c4":0.68},{"time":1.5}]},"bone11c13":{"rotate":[{"time":0.3,"curve":0.25,"c3":0.75},{"time":0.9667,"angle":8.79,"curve":0.244,"c3":0.644,"c4":0.58},{"time":1.5}]},"bone11c14":{"rotate":[{"time":0.4,"curve":0.25,"c3":0.75},{"time":1.0667,"angle":5.94,"curve":0.249,"c3":0.627,"c4":0.51},{"time":1.5}]},"bone11c15":{"rotate":[{"time":0.5,"curve":0.25,"c3":0.75},{"time":1.1667,"angle":5.94,"curve":0.258,"c3":0.619,"c4":0.45},{"time":1.5}]},"bone12":{"rotate":[{},{"time":0.6667,"angle":1.29,"curve":0.25,"c3":0.75},{"time":1.5}],"translate":[{},{"time":0.6667,"x":2.2,"y":2.3,"curve":0.25,"c3":0.75},{"time":1.5}]},"bone12b":{"rotate":[{"time":0.1,"curve":0.25,"c3":0.75},{"time":0.7667,"angle":1.29,"curve":0.244,"c3":0.704,"c4":0.81},{"time":1.5}]},"bone12c":{"rotate":[{"time":0.2333,"curve":0.25,"c3":0.75},{"time":0.9,"angle":1.29,"curve":0.243,"c3":0.66,"c4":0.64},{"time":1.5}]},"bone11c20":{"translate":[{},{"time":0.6667,"x":-9.25,"y":24.2,"curve":0.25,"c3":0.75},{"time":1.5}]},"bone11c21":{"rotate":[{},{"time":0.6667,"angle":-6.58,"curve":0.25,"c3":0.75},{"time":1.5}]},"bone11c21b":{"rotate":[{"time":0.1333,"curve":0.25,"c3":0.75},{"time":0.8,"angle":-6.58,"curve":0.243,"c3":0.691,"c4":0.76},{"time":1.5}],"translate":[{"time":0.1333,"curve":0.25,"c3":0.75},{"time":0.8,"x":2.96,"y":-0.8,"curve":0.243,"c3":0.691,"c4":0.76},{"time":1.5}]},"bone11c21c":{"rotate":[{"time":0.2667,"curve":0.25,"c3":0.75},{"time":0.9333,"angle":-6.58,"curve":0.243,"c3":0.651,"c4":0.61},{"time":1.5}],"translate":[{"time":0.2667,"curve":0.25,"c3":0.75},{"time":0.9333,"x":2.92,"y":-0.82,"curve":0.243,"c3":0.651,"c4":0.61},{"time":1.5}]},"bone13":{"rotate":[{"time":0.0667,"curve":0.25,"c3":0.75},{"time":0.7333,"angle":7.19,"curve":0.246,"c3":0.718,"c4":0.86},{"time":1.5}]},"bone14":{"rotate":[{"time":0.1667,"curve":0.25,"c3":0.75},{"time":0.8333,"angle":7.19,"curve":0.243,"c3":0.68,"c4":0.71},{"time":1.5}],"translate":[{"time":0.1667,"curve":0.25,"c3":0.75},{"time":0.8333,"x":2.19,"y":3.1,"curve":0.243,"c3":0.68,"c4":0.71},{"time":1.5}]},"bone15":{"rotate":[{"time":0.2333,"curve":0.25,"c3":0.75},{"time":0.9,"angle":7.19,"curve":0.243,"c3":0.66,"c4":0.64},{"time":1.5}],"translate":[{"time":0.2333,"curve":0.245,"c3":0.637,"c4":0.56},{"time":0.6333,"x":2.48,"y":-0.17,"curve":0.381,"c2":0.55,"c3":0.742},{"time":0.9,"x":3.12,"y":1.39,"curve":0.243,"c3":0.66,"c4":0.64},{"time":1.5}]}}},"dazhao":{"slots":{"fx1":{"color":[{"color":"eeff8f00","curve":"stepped"},{"time":0.4333,"color":"eeff8f00","curve":0,"c2":0.19,"c3":0.662,"c4":0.85},{"time":0.6,"color":"eeff8fff","curve":0,"c2":0.19,"c3":0.662,"c4":0.85},{"time":0.7333,"color":"eeff8f00"}],"attachment":[{"name":"fx1"}]},"xigua":{"attachment":[{"time":0.7,"name":null}]},"yanjing":{"attachment":[{"name":"biyan"}]},"zui":{"attachment":[{"name":"zui2"}]}},"bones":{"bone2":{"rotate":[{"curve":0,"c2":0.22,"c3":0.423,"c4":0.66},{"time":0.2333,"angle":0.87,"curve":0,"c2":0.15,"c3":0.544,"c4":0.81},{"time":0.6,"angle":1.07,"curve":0.307,"c3":0.782,"c4":0.58},{"time":0.7,"angle":-3.57,"curve":0.653,"c2":0.38,"c4":0.72},{"time":0.7667,"angle":-4.88,"curve":0.25,"c3":0.75},{"time":0.9667}],"translate":[{"curve":0,"c2":0.22,"c3":0.423,"c4":0.66},{"time":0.2333,"x":-3.07,"y":3.07,"curve":0,"c2":0.15,"c3":0.544,"c4":0.81},{"time":0.6,"x":-3.77,"y":3.78,"curve":0.307,"c3":0.782,"c4":0.58},{"time":0.7,"x":9.28,"y":1.59,"curve":0.653,"c2":0.38,"c4":0.72},{"time":0.7667,"x":12.98,"y":0.97,"curve":0.25,"c3":0.75},{"time":0.9667}]},"bone3b":{"rotate":[{"curve":0,"c2":0.22,"c3":0.423,"c4":0.66},{"time":0.2333,"angle":3.67,"curve":0,"c2":0.15,"c3":0.544,"c4":0.81},{"time":0.6,"angle":4.51,"curve":0.307,"c3":0.782,"c4":0.58},{"time":0.7,"angle":-2.55,"curve":0.653,"c2":0.38,"c4":0.72},{"time":0.7667,"angle":-4.55,"curve":0.25,"c3":0.75},{"time":0.9667}],"translate":[{"curve":0,"c2":0.22,"c3":0.423,"c4":0.66},{"time":0.2333,"x":3.84,"y":3.57,"curve":0,"c2":0.15,"c3":0.544,"c4":0.81},{"time":0.6,"x":4.72,"y":4.39,"curve":0.307,"c3":0.782,"c4":0.58},{"time":0.7,"x":-0.06,"y":-3.88,"curve":0.653,"c2":0.38,"c4":0.72},{"time":0.7667,"x":-1.41,"y":-6.23,"curve":0.25,"c3":0.75},{"time":0.9667}]},"bone3c":{"rotate":[{"curve":0,"c2":0.22,"c3":0.423,"c4":0.66},{"time":0.2333,"angle":3.67,"curve":0,"c2":0.15,"c3":0.544,"c4":0.81},{"time":0.6,"angle":4.51,"curve":0.307,"c3":0.782,"c4":0.58},{"time":0.7,"angle":-2.55,"curve":0.653,"c2":0.38,"c4":0.72},{"time":0.7667,"angle":-4.55,"curve":0.25,"c3":0.75},{"time":0.9667}],"translate":[{"curve":0,"c2":0.22,"c3":0.423,"c4":0.66},{"time":0.2333,"x":1.6,"y":0.88,"curve":0,"c2":0.15,"c3":0.544,"c4":0.81},{"time":0.6,"x":1.96,"y":1.08,"curve":0.307,"c3":0.782,"c4":0.58},{"time":0.7,"x":2.21,"y":-3.5,"curve":0.653,"c2":0.38,"c4":0.72},{"time":0.7667,"x":2.29,"y":-4.8,"curve":0.25,"c3":0.75},{"time":0.9667}]},"bone4":{"rotate":[{"time":0.6,"curve":0.307,"c3":0.782,"c4":0.58},{"time":0.7,"angle":-2.5,"curve":0.653,"c2":0.38,"c4":0.72},{"time":0.7667,"angle":-3.21,"curve":0.25,"c3":0.75},{"time":0.9667}],"translate":[{"time":0.6,"curve":0.307,"c3":0.782,"c4":0.58},{"time":0.7,"x":-7.89,"y":-5.04,"curve":0.653,"c2":0.38,"c4":0.72},{"time":0.7667,"x":-10.13,"y":-6.47,"curve":0.25,"c3":0.75},{"time":0.9667}]},"bone4b":{"rotate":[{"curve":0,"c2":0.22,"c3":0.423,"c4":0.66},{"time":0.2333,"angle":4.18,"curve":0,"c2":0.15,"c3":0.544,"c4":0.81},{"time":0.6,"angle":5.14,"curve":0.307,"c3":0.782,"c4":0.58},{"time":0.7,"angle":-1.37,"curve":0.653,"c2":0.38,"c4":0.72},{"time":0.7667,"angle":-3.21,"curve":0.25,"c3":0.75},{"time":0.9667}],"translate":[{"curve":0,"c2":0.22,"c3":0.423,"c4":0.66},{"time":0.2333,"x":-0.49,"y":5.42,"curve":0,"c2":0.15,"c3":0.544,"c4":0.81},{"time":0.6,"x":-0.6,"y":6.67,"curve":0.307,"c3":0.782,"c4":0.58},{"time":0.7,"x":-0.13,"y":1.47,"curve":0.653,"c2":0.38,"c4":0.72},{"time":0.7667}]},"bone4c":{"rotate":[{"curve":0,"c2":0.22,"c3":0.423,"c4":0.66},{"time":0.2333,"angle":4.18,"curve":0,"c2":0.15,"c3":0.544,"c4":0.81},{"time":0.6,"angle":5.14,"curve":0.307,"c3":0.782,"c4":0.58},{"time":0.7,"angle":-1.37,"curve":0.653,"c2":0.38,"c4":0.72},{"time":0.7667,"angle":-3.21,"curve":0.25,"c3":0.75},{"time":0.9667}]},"bone5":{"rotate":[{"angle":0.33,"curve":0,"c2":0.22,"c3":0.423,"c4":0.66},{"time":0.2333,"angle":-2.88,"curve":0,"c2":0.15,"c3":0.544,"c4":0.81},{"time":0.6,"angle":0.33,"curve":0.307,"c3":0.782,"c4":0.58},{"time":0.7,"angle":6.36,"curve":0.653,"c2":0.38,"c4":0.72},{"time":0.7667,"angle":0.33}]},"bone6":{"rotate":[{"angle":-0.29,"curve":0,"c2":0.22,"c3":0.423,"c4":0.66},{"time":0.2333,"angle":1.56,"curve":0,"c2":0.15,"c3":0.544,"c4":0.81},{"time":0.6,"angle":-0.29,"curve":0.307,"c3":0.782,"c4":0.58},{"time":0.7,"angle":-3.79,"curve":0.653,"c2":0.38,"c4":0.72},{"time":0.7667,"angle":-0.29}]},"bone8":{"rotate":[{"angle":1.62,"curve":0,"c2":0.22,"c3":0.423,"c4":0.66},{"time":0.2333,"angle":-1.59,"curve":0,"c2":0.15,"c3":0.544,"c4":0.81},{"time":0.6,"angle":1.62,"curve":0.307,"c3":0.782,"c4":0.58},{"time":0.7,"angle":8.17,"curve":0.653,"c2":0.38,"c4":0.72},{"time":0.7667,"angle":1.62}]},"bone9":{"rotate":[{"angle":0.15,"curve":0,"c2":0.22,"c3":0.423,"c4":0.66},{"time":0.2333,"angle":1.53,"curve":0,"c2":0.15,"c3":0.544,"c4":0.81},{"time":0.6,"angle":0.15,"curve":0.307,"c3":0.782,"c4":0.58},{"time":0.7,"angle":-2.85,"curve":0.653,"c2":0.38,"c4":0.72},{"time":0.7667,"angle":0.15}]},"bone11":{"rotate":[{"curve":0,"c2":0.22,"c3":0.423,"c4":0.66},{"time":0.2333,"angle":2.29,"curve":0,"c2":0.15,"c3":0.544,"c4":0.81},{"time":0.6,"angle":2.82,"curve":0.307,"c3":0.782,"c4":0.58},{"time":0.7,"angle":-3.79,"curve":0.653,"c2":0.38,"c4":0.72},{"time":0.7667,"angle":-5.66,"curve":0.25,"c3":0.75},{"time":0.9667}],"translate":[{"curve":0,"c2":0.22,"c3":0.423,"c4":0.66},{"time":0.2333,"x":-2.75,"y":8.83,"curve":0,"c2":0.15,"c3":0.544,"c4":0.81},{"time":0.6,"x":-3.38,"y":10.86,"curve":0.307,"c3":0.782,"c4":0.58},{"time":0.7,"x":-0.19,"y":-4.2,"curve":0.653,"c2":0.38,"c4":0.72},{"time":0.7667,"x":0.71,"y":-8.47,"curve":0.25,"c3":0.75},{"time":0.9667}]},"bone11b":{"rotate":[{"curve":0,"c2":0.22,"c3":0.423,"c4":0.66},{"time":0.2333,"angle":2.48,"curve":0,"c2":0.15,"c3":0.544,"c4":0.81},{"time":0.6,"angle":3.05,"curve":0.307,"c3":0.782,"c4":0.58},{"time":0.7,"angle":-2.56,"curve":0.653,"c2":0.38,"c4":0.72},{"time":0.7667,"angle":-4.15,"curve":0.25,"c3":0.75},{"time":0.9667}],"translate":[{"curve":0,"c2":0.22,"c3":0.423,"c4":0.66},{"time":0.2333,"x":4.75,"y":2.07,"curve":0,"c2":0.15,"c3":0.544,"c4":0.81},{"time":0.6,"x":5.84,"y":2.54,"curve":0.307,"c3":0.782,"c4":0.58},{"time":0.7,"x":-0.19,"y":-2.5,"curve":0.653,"c2":0.38,"c4":0.72},{"time":0.7667,"x":-1.9,"y":-3.93,"curve":0.25,"c3":0.75},{"time":0.9667}]},"bone11c":{"rotate":[{"curve":0,"c2":0.25,"c3":0.364,"c4":0.61},{"time":0.1,"angle":0.39,"curve":0.218,"c2":0.32,"c3":0.575,"c4":0.68},{"time":0.2333,"angle":1.64,"curve":0,"c2":0.15,"c3":0.544,"c4":0.81},{"time":0.6,"angle":2.26,"curve":0.307,"c3":0.782,"c4":0.58},{"time":0.7,"angle":-1.01,"curve":0.653,"c2":0.38,"c4":0.72},{"time":0.7667,"angle":-1.93,"curve":0.25,"c3":0.75},{"time":0.9667}]},"bone11c2":{"rotate":[{"angle":0.63,"curve":0,"c2":0.22,"c3":0.423,"c4":0.66},{"time":0.2333,"angle":-1.45,"curve":0,"c2":0.15,"c3":0.544,"c4":0.81},{"time":0.6,"angle":0.63,"curve":0.307,"c3":0.782,"c4":0.58},{"time":0.7,"angle":3.44,"curve":0.653,"c2":0.38,"c4":0.72},{"time":0.7667,"angle":0.63}]},"bone11c3":{"rotate":[{"angle":-1.46}]},"bone11c5":{"rotate":[{"curve":0,"c2":0.22,"c3":0.423,"c4":0.66},{"time":0.2333,"angle":94.19,"curve":0,"c2":0.15,"c3":0.544,"c4":0.81},{"time":0.6,"angle":115.77,"curve":0.307,"c3":0.782,"c4":0.58},{"time":0.7,"angle":5.21,"curve":"stepped"},{"time":0.7667,"angle":5.21,"curve":0.25,"c3":0.75},{"time":0.9667}],"scale":[{"time":0.7,"curve":0.25,"c3":0.75},{"time":0.7667,"x":1.069,"y":0.894,"curve":0.25,"c3":0.75},{"time":0.9667}]},"bone11c6":{"rotate":[{"curve":0,"c2":0.22,"c3":0.423,"c4":0.66},{"time":0.2333,"angle":-42.31,"curve":0,"c2":0.15,"c3":0.544,"c4":0.81},{"time":0.6,"angle":-52.01,"curve":0.307,"c3":0.782,"c4":0.58},{"time":0.7,"angle":-64.06,"curve":"stepped"},{"time":0.7667,"angle":-64.06,"curve":0.25,"c3":0.75},{"time":0.9667}],"translate":[{"curve":0,"c2":0.22,"c3":0.423,"c4":0.66},{"time":0.2333,"x":-3.02,"y":0.85,"curve":0,"c2":0.15,"c3":0.544,"c4":0.81},{"time":0.6,"x":-1.54,"y":-4.09,"curve":0.295,"c3":0.643,"c4":0.39},{"time":0.6333,"x":-3.52,"y":-1.96,"curve":0.379,"c2":0.24,"c3":0.777,"c4":0.67},{"time":0.7,"x":-2.67,"y":-2.76,"curve":"stepped"},{"time":0.7667,"x":-2.67,"y":-2.76,"curve":0.25,"c3":0.75},{"time":0.9667}]},"bone11c7":{"rotate":[{"curve":0,"c2":0.22,"c3":0.423,"c4":0.66},{"time":0.2333,"angle":9.88,"curve":0,"c2":0.15,"c3":0.544,"c4":0.81},{"time":0.6,"angle":12.14,"curve":0.295,"c3":0.643,"c4":0.39},{"time":0.6333,"angle":33.02,"curve":0.379,"c2":0.24,"c3":0.777,"c4":0.67},{"time":0.7}]},"bone11c8":{"rotate":[{"curve":0,"c2":0.22,"c3":0.423,"c4":0.66},{"time":0.2333,"angle":4.04,"curve":0,"c2":0.15,"c3":0.544,"c4":0.81},{"time":0.6,"angle":4.97,"curve":0.307,"c3":0.782,"c4":0.58},{"time":0.7,"angle":2.69,"curve":0.653,"c2":0.38,"c4":0.72},{"time":0.7667,"curve":0.265,"c3":0.618,"c4":0.43},{"time":0.8333,"angle":-0.78,"curve":0.351,"c2":0.4,"c3":0.757},{"time":0.9667}]},"bone11c9":{"rotate":[{"curve":0,"c2":0.23,"c3":0.402,"c4":0.63},{"time":0.1667,"angle":-5.5,"curve":0.31,"c2":0.34,"c3":0.646,"c4":0.68},{"time":0.2333,"angle":-4.3,"curve":0,"c2":0.15,"c3":0.544,"c4":0.81},{"time":0.6,"angle":-2,"curve":0.307,"c3":0.782,"c4":0.58},{"time":0.7,"angle":7.53,"curve":0.653,"c2":0.38,"c4":0.72},{"time":0.7667,"angle":6.09,"curve":0.25,"c3":0.625,"c4":0.5},{"time":0.8667,"angle":2.02,"curve":0.375,"c2":0.5,"c3":0.75},{"time":0.9667}],"translate":[{"time":0.6,"curve":0.307,"c3":0.782,"c4":0.58},{"time":0.7,"x":-0.97,"y":0.73,"curve":0.653,"c2":0.38,"c4":0.72},{"time":0.7667,"x":-1.24,"y":0.93,"curve":0.25,"c3":0.75},{"time":0.9667}]},"bone11c10":{"rotate":[{"curve":0,"c2":0.22,"c3":0.423,"c4":0.66},{"time":0.2333,"angle":1.79,"curve":0,"c2":0.15,"c3":0.544,"c4":0.81},{"time":0.6,"angle":2.19,"curve":0.307,"c3":0.782,"c4":0.58},{"time":0.7,"angle":-6.07,"curve":0.653,"c2":0.38,"c4":0.72},{"time":0.7667,"angle":-8.41,"curve":0.25,"c3":0.75},{"time":0.9667}]},"bone11c11":{"rotate":[{"time":0.6,"curve":0.307,"c3":0.782,"c4":0.58},{"time":0.7,"angle":-12.35,"curve":0.653,"c2":0.38,"c4":0.72},{"time":0.7667,"angle":-15.85,"curve":0.25,"c3":0.75},{"time":0.9667}]},"bone11c12":{"rotate":[{"curve":0,"c2":0.22,"c3":0.423,"c4":0.66},{"time":0.2333,"angle":1.79,"curve":0,"c2":0.15,"c3":0.544,"c4":0.81},{"time":0.6,"angle":2.19,"curve":0.307,"c3":0.782,"c4":0.58},{"time":0.7,"angle":-2.42,"curve":0.653,"c2":0.38,"c4":0.72},{"time":0.7667,"angle":-3.73,"curve":0.25,"c3":0.75},{"time":0.9667}]},"bone11c13":{"rotate":[{"curve":0,"c2":0.22,"c3":0.423,"c4":0.66},{"time":0.2333,"angle":1.79,"curve":0,"c2":0.15,"c3":0.544,"c4":0.81},{"time":0.6,"angle":2.19,"curve":0.307,"c3":0.782,"c4":0.58},{"time":0.7,"angle":4.71,"curve":0.653,"c2":0.38,"c4":0.72},{"time":0.7667,"angle":5.43,"curve":0.25,"c3":0.75},{"time":0.9667}]},"bone11c14":{"rotate":[{"curve":0,"c2":0.22,"c3":0.423,"c4":0.66},{"time":0.2333,"angle":1.79,"curve":0,"c2":0.15,"c3":0.544,"c4":0.81},{"time":0.6,"angle":2.19,"curve":0.307,"c3":0.782,"c4":0.58},{"time":0.7,"angle":6.14,"curve":0.653,"c2":0.38,"c4":0.72},{"time":0.7667,"angle":7.26,"curve":0.25,"c3":0.75},{"time":0.9667}]},"bone11c15":{"rotate":[{"time":0.6,"curve":0.307,"c3":0.782,"c4":0.58},{"time":0.7,"angle":5.8,"curve":0.653,"c2":0.38,"c4":0.72},{"time":0.7667,"angle":7.45,"curve":0.25,"c3":0.75},{"time":0.9667}]},"bone11c17":{"translate":[{"x":-3.28,"y":-0.08}]},"bone12b":{"rotate":[{"curve":0,"c2":0.22,"c3":0.423,"c4":0.66},{"time":0.2333,"angle":5.55,"curve":0,"c2":0.15,"c3":0.544,"c4":0.81},{"time":0.6,"angle":6.83,"curve":0.307,"c3":0.782,"c4":0.58},{"time":0.7,"angle":-0.2,"curve":0.653,"c2":0.38,"c4":0.72},{"time":0.7667,"angle":-2.2,"curve":0.25,"c3":0.75},{"time":0.9667}],"translate":[{"curve":0,"c2":0.22,"c3":0.423,"c4":0.66},{"time":0.2333,"x":-2.3,"y":2.94,"curve":0,"c2":0.15,"c3":0.544,"c4":0.81},{"time":0.6,"x":-2.83,"y":3.61,"curve":0.307,"c3":0.782,"c4":0.58},{"time":0.7,"x":-8.08,"y":-1.26,"curve":0.653,"c2":0.38,"c4":0.72},{"time":0.7667,"x":-9.57,"y":-2.64,"curve":0.25,"c3":0.75},{"time":0.9667}]},"bone12c":{"rotate":[{"curve":0,"c2":0.22,"c3":0.423,"c4":0.66},{"time":0.2333,"angle":5.55,"curve":0,"c2":0.15,"c3":0.544,"c4":0.81},{"time":0.6,"angle":6.83,"curve":0.307,"c3":0.782,"c4":0.58},{"time":0.7,"angle":-0.2,"curve":0.653,"c2":0.38,"c4":0.72},{"time":0.7667,"angle":-2.2,"curve":0.25,"c3":0.75},{"time":0.9667}]},"bone11c20":{"translate":[{"curve":0,"c2":0.22,"c3":0.423,"c4":0.66},{"time":0.2333,"x":4.65,"y":30.5,"curve":0,"c2":0.15,"c3":0.544,"c4":0.81},{"time":0.6,"x":5.72,"y":37.49,"curve":0.307,"c3":0.782,"c4":0.58},{"time":0.7}]},"bone11c21b":{"rotate":[{"curve":0,"c2":0.22,"c3":0.423,"c4":0.66},{"time":0.2333,"angle":-4.86,"curve":0,"c2":0.15,"c3":0.544,"c4":0.81},{"time":0.6,"angle":-5.98,"curve":0.307,"c3":0.782,"c4":0.58},{"time":0.7,"angle":4.04,"curve":0.653,"c2":0.38,"c4":0.72},{"time":0.7667,"angle":6.88,"curve":0.25,"c3":0.75},{"time":0.9667}],"translate":[{"curve":0,"c2":0.22,"c3":0.423,"c4":0.66},{"time":0.2333,"x":-0.15,"y":-0.89,"curve":0,"c2":0.15,"c3":0.544,"c4":0.81},{"time":0.6,"x":-0.19,"y":-1.1,"curve":0.307,"c3":0.782,"c4":0.58},{"time":0.7,"x":0.38,"y":2.1,"curve":0.653,"c2":0.38,"c4":0.72},{"time":0.7667,"x":0.55,"y":3.01,"curve":0.25,"c3":0.75},{"time":0.9667}]},"bone11c21c":{"rotate":[{"curve":0,"c2":0.22,"c3":0.423,"c4":0.66},{"time":0.2333,"angle":-4.86,"curve":0,"c2":0.15,"c3":0.544,"c4":0.81},{"time":0.6,"angle":-5.98,"curve":0.307,"c3":0.782,"c4":0.58},{"time":0.7,"angle":4.04,"curve":0.653,"c2":0.38,"c4":0.72},{"time":0.7667,"angle":6.88,"curve":0.25,"c3":0.75},{"time":0.9667}]},"bone13":{"rotate":[{"curve":0,"c2":0.22,"c3":0.423,"c4":0.66},{"time":0.2333,"angle":-4.26,"curve":0,"c2":0.15,"c3":0.544,"c4":0.81},{"time":0.6,"angle":-5.24,"curve":0.307,"c3":0.782,"c4":0.58},{"time":0.7,"angle":6.37,"curve":0.653,"c2":0.38,"c4":0.72},{"time":0.7667,"angle":9.65,"curve":0.25,"c3":0.75},{"time":0.9667}]},"bone14":{"rotate":[{"time":0.6,"curve":0.307,"c3":0.782,"c4":0.58},{"time":0.7,"angle":3.48,"curve":0.653,"c2":0.38,"c4":0.72},{"time":0.7667,"angle":4.47,"curve":0.25,"c3":0.75},{"time":0.9667}],"translate":[{"time":0.6,"curve":0.307,"c3":0.782,"c4":0.58},{"time":0.7,"x":-0.93,"y":1.45,"curve":0.653,"c2":0.38,"c4":0.72},{"time":0.7667,"x":-1.2,"y":1.86,"curve":0.25,"c3":0.75},{"time":0.9667}]},"bone15":{"rotate":[{"time":0.6,"curve":0.307,"c3":0.782,"c4":0.58},{"time":0.7,"angle":3.48,"curve":0.653,"c2":0.38,"c4":0.72},{"time":0.7667,"angle":4.47,"curve":0.25,"c3":0.75},{"time":0.9667}]}},"deform":{"default":{"fx1":{"fx1":[{"vertices":[-40.62851,-1.5528,-40.81878,-1.14723,-42.28882,-0.80914,-43.88113,0.89546,-44.14719,1.76228,-44.11201,3.04445,-43.37788,5.23489,-42.77091,6.03183,-42.465,6.28339,-43.31382,8.01382,-43.31451,9.55864,-44.75084,9.14166,-46.21893,9.1651,-46.99921,10.21072,-48.71124,13.44696,-49.0889,13.79514,-50.94882,13.7384,-51.45898,14.23357,-51.85895,15.09385,-51.85892,15.19286,-51.68961,15.66644,-50.56564,16.68264,-49.7455,17.10325,-48.58774,17.49446,-46.9455,17.49445,-45.80888,15.6938,-45.69061,15.67557,-42.78709,17.49445,-39.12452,17.49444,-38.07022,17.18329,-37.7402,17.32194,-37.27097,17.49445,-35.3503,17.49446,-34.34975,17.01181,-34.02575,16.69069,-34.0279,15.92361,-35.11926,15.06541,-36.5903,14.60854,-36.72775,10.98789,-36.73071,7.26608,-35.74608,6.93769,-34.4648,6.53534,-34.08015,6.76406,-33.29433,7.15881,-30.38114,7.86073,-28.89352,7.69547,-28.00019,7.25858,-27.5257,6.77049,-27.52567,3.45295,-27.64087,3.19907,-28.70557,2.13156,-29.89481,1.35361,-31.24888,1.01579,-32.586,1.00197,-33.6152,1.25485,-34.69353,2.16952,-34.98645,0.67464,-35.86054,-0.20184,-35.84428,-1.53255,-36.18825,-1.80022,-36.96775,-1.80047,-38.26649,-1.32421,-38.68706,-1.5612,-39.1288,-2.31687,-39.88735,-2.3084]}]},"shou3":{"shou2":[{"time":0.2333,"offset":62,"curve":0,"c2":0.15,"c3":0.544,"c4":0.81,"vertices":[-1.48795,-4.3465,0,0,0,0,-5.74477,2.30356,-5.16841,0.20239,0,0,0,0,0,0,0,0,0,0,0,0,0,0,0,0,0,0,0,0,0,0,0,0,0,0,0,0,0,0,0,0,0,0,0,0,0,0,0,0,-4.56512,-3.84454,0,0,0,0,0,0,0,0,0,0,-6.33676,0.78394,-6.60274,2.37201]},{"time":0.6,"offset":62,"curve":0.366,"c4":0.78,"vertices":[-1.48795,-4.3465,-4.73737,-8.16003,-10.72696,-13.29379,-5.74477,2.30356,-5.16841,0.20239,0,0,0,0,0,0,0,0,0,0,0,0,0,0,0,0,0,0,0,0,0,0,0,0,0,0,0,0,0,0,0,0,0,0,0,0,0,0,0,0,-4.58296,-3.74542,0,0,0,0,0,0,0,0,0,0,-6.33676,0.78394,-6.60274,2.37201]},{"time":0.7,"offset":58,"curve":"stepped","vertices":[-0.93655,-1.78555,-2.88217,-4.24655,-10.62296,-9.86548,-14.42123,-13.93085,-19.69269,-18.32788,-18.66641,4.5896,-4.09024,1.80127,0,0,0,0,0,0,0,0,0,0,0,0,0,0,0,0,0,0,0,0,0,0,0,0,0,0,0,0,0,0,0,0,0,0,0,0,0,0,0,0,-9.96872,-9.10709,-3.05679,-4.11163,-0.68622,-2.00873,-2.1691,-2.67218,1.67624,-1.46555,-4.79224,0.87064,-11.45328,2.88278,-19.3472,4.62503]},{"time":0.7667,"offset":58,"curve":0.29,"c3":0.629,"c4":0.38,"vertices":[-0.93655,-1.78555,-2.88217,-4.24655,-10.62296,-9.86548,-14.42123,-13.93085,-19.69269,-18.32788,-18.66641,4.5896,-4.09024,1.80127,0,0,0,0,0,0,0,0,0,0,0,0,0,0,0,0,0,0,0,0,0,0,0,0,0,0,0,0,0,0,0,0,0,0,0,0,0,0,0,0,-9.96872,-9.10709,-3.05679,-4.11163,-0.68622,-2.00873,-2.1691,-2.67218,1.67624,-1.46555,-4.79224,0.87064,-11.45328,2.88278,-19.3472,4.62503]},{"time":0.8,"offset":56,"curve":0.311,"c2":0.25,"c3":0.649,"c4":0.6,"vertices":[0.03925,1.23901,-0.78955,-0.11048,-2.52794,-2.11622,-9.50934,-6.932,-12.82154,-10.5268,-17.39915,-14.5565,-16.86596,4.14691,-3.69572,1.62753,0,0,0,0,0,0,0,0,0,0,0,0,0,0,0,0,0,0,0,0,0,0,0,0,0,0,0,0,0,0,0,0,0,0,0,0,0,0,0,0,-8.81198,-6.32932,-2.58187,-2.07362,-0.46866,-0.44781,-1.79994,-0.90095,1.65866,-0.12605,-4.33001,0.78666,-10.34857,2.60473,-17.48109,4.17893]},{"time":0.8333,"offset":56,"curve":0.351,"c2":0.4,"c3":0.757,"vertices":[0.32723,0.66876,-0.01167,0.77218,-1.63441,0.28478,-7.10765,-3.11386,-9.45358,-5.88129,-12.68271,-9.30337,-10.39676,5.61798,-1.40955,2.11115,0,0,0,0,0,0,0,0,0,0,0,0,0,0,0,0,0,0,0,0,0,0,0,0,0,0,0,0,0,0,0,0,0,0,0,0,0,0,0,0,-6.34291,-2.80587,-1.46851,0.14169,0.1901,-0.4306,-0.59278,0.13846,1.85665,-0.49916,-4.54274,1.39271,-5.18284,4.38423,-10.88886,5.64359]},{"time":0.9667}]}}},"events":[{"time":0.7,"name":"dazhao"}]},"gongji":{"slots":{"xigua":{"attachment":[{"time":0.3667,"name":null}]},"yanjing":{"attachment":[{"time":0.4,"name":"biyan"}]},"zui":{"attachment":[{"time":0.1667,"name":"zui2"}]}},"bones":{"bone2":{"rotate":[{},{"time":0.2667,"angle":1.07,"curve":0.321,"c3":0.837,"c4":0.64},{"time":0.4,"angle":-2.85,"curve":0.638,"c2":0.41,"c4":0.76},{"time":0.4667,"angle":-4.88,"curve":0.25,"c3":0.75},{"time":0.6667}],"translate":[{},{"time":0.2667,"x":-3.77,"y":3.78,"curve":0.321,"c3":0.837,"c4":0.64},{"time":0.4,"x":7.28,"y":1.92,"curve":0.638,"c2":0.41,"c4":0.76},{"time":0.4667,"x":12.98,"y":0.97,"curve":0.25,"c3":0.75},{"time":0.6667}]},"bone3b":{"rotate":[{},{"time":0.2667,"angle":4.51,"curve":0.321,"c3":0.837,"c4":0.64},{"time":0.4,"angle":-1.47,"curve":0.638,"c2":0.41,"c4":0.76},{"time":0.4667,"angle":-4.55,"curve":0.25,"c3":0.75},{"time":0.6667}],"translate":[{},{"time":0.2667,"x":4.72,"y":4.39,"curve":0.321,"c3":0.837,"c4":0.64},{"time":0.4,"x":0.68,"y":-2.61,"curve":0.638,"c2":0.41,"c4":0.76},{"time":0.4667,"x":-1.41,"y":-6.23,"curve":0.25,"c3":0.75},{"time":0.6667}]},"bone3c":{"rotate":[{},{"time":0.2667,"angle":4.51,"curve":0.321,"c3":0.837,"c4":0.64},{"time":0.4,"angle":-1.47,"curve":0.638,"c2":0.41,"c4":0.76},{"time":0.4667,"angle":-4.55,"curve":0.25,"c3":0.75},{"time":0.6667}],"translate":[{},{"time":0.2667,"x":1.96,"y":1.08,"curve":0.321,"c3":0.837,"c4":0.64},{"time":0.4,"x":2.18,"y":-2.79,"curve":0.638,"c2":0.41,"c4":0.76},{"time":0.4667,"x":2.29,"y":-4.8,"curve":0.25,"c3":0.75},{"time":0.6667}]},"bone4":{"rotate":[{"time":0.2667,"curve":0.321,"c3":0.837,"c4":0.64},{"time":0.4,"angle":-2.12,"curve":0.638,"c2":0.41,"c4":0.76},{"time":0.4667,"angle":-3.21,"curve":0.25,"c3":0.75},{"time":0.6667}],"translate":[{"time":0.2667,"curve":0.321,"c3":0.837,"c4":0.64},{"time":0.4,"x":-6.68,"y":-4.27,"curve":0.638,"c2":0.41,"c4":0.76},{"time":0.4667,"x":-10.13,"y":-6.47,"curve":0.25,"c3":0.75},{"time":0.6667}]},"bone4b":{"rotate":[{},{"time":0.2667,"angle":5.14,"curve":0.321,"c3":0.837,"c4":0.64},{"time":0.4,"angle":4.22,"curve":0.638,"c2":0.41,"c4":0.76},{"time":0.4667,"angle":3.74,"curve":0.25,"c3":0.75},{"time":0.6667}],"translate":[{},{"time":0.2667,"x":-0.6,"y":6.67,"curve":0.321,"c3":0.837,"c4":0.64},{"time":0.4,"x":-2.98,"y":3.64,"curve":0.638,"c2":0.41,"c4":0.76},{"time":0.4667,"x":-4.21,"y":2.08,"curve":0.25,"c3":0.75},{"time":0.6667}]},"bone4c":{"rotate":[{},{"time":0.2667,"angle":5.14,"curve":0.321,"c3":0.837,"c4":0.64},{"time":0.4,"angle":-0.37,"curve":0.638,"c2":0.41,"c4":0.76},{"time":0.4667,"angle":-3.21,"curve":0.25,"c3":0.75},{"time":0.6667}]},"bone5":{"rotate":[{"angle":0.33,"curve":"stepped"},{"time":0.2667,"angle":0.33,"curve":0.321,"c3":0.837,"c4":0.64},{"time":0.4,"angle":4.82,"curve":0.638,"c2":0.41,"c4":0.76},{"time":0.4667,"angle":0.33}]},"bone6":{"rotate":[{"angle":-0.29,"curve":"stepped"},{"time":0.2667,"angle":-0.29,"curve":0.321,"c3":0.837,"c4":0.64},{"time":0.4,"angle":-2.92,"curve":0.638,"c2":0.41,"c4":0.76},{"time":0.4667,"angle":-0.29}]},"bone8":{"rotate":[{"angle":1.62,"curve":"stepped"},{"time":0.2667,"angle":1.62,"curve":0.321,"c3":0.837,"c4":0.64},{"time":0.4,"angle":6.55,"curve":0.638,"c2":0.41,"c4":0.76},{"time":0.4667,"angle":1.62}]},"bone9":{"rotate":[{"angle":0.15,"curve":"stepped"},{"time":0.2667,"angle":0.15,"curve":0.321,"c3":0.837,"c4":0.64},{"time":0.4,"angle":-2.15,"curve":0.638,"c2":0.41,"c4":0.76},{"time":0.4667,"angle":0.15}]},"bone11":{"rotate":[{"time":0.2667,"curve":0.321,"c3":0.837,"c4":0.64},{"time":0.4,"angle":-1.28,"curve":0.638,"c2":0.41,"c4":0.76},{"time":0.4667,"angle":-1.93,"curve":0.25,"c3":0.75},{"time":0.6667}],"translate":[{"time":0.2667,"curve":0.321,"c3":0.837,"c4":0.64},{"time":0.4,"x":0.39,"y":-4.59,"curve":0.638,"c2":0.41,"c4":0.76},{"time":0.4667,"x":0.59,"y":-6.96,"curve":0.25,"c3":0.75},{"time":0.6667}]},"bone11b":{"rotate":[{},{"time":0.2667,"angle":2.26,"curve":0.321,"c3":0.837,"c4":0.64},{"time":0.4,"angle":-0.51,"curve":0.638,"c2":0.41,"c4":0.76},{"time":0.4667,"angle":-1.93,"curve":0.25,"c3":0.75},{"time":0.6667}],"translate":[{},{"time":0.2667,"x":2.26,"y":0.12,"curve":0.321,"c3":0.837,"c4":0.64},{"time":0.4,"x":-0.49,"y":-2.55,"curve":0.638,"c2":0.41,"c4":0.76},{"time":0.4667,"x":-1.9,"y":-3.93,"curve":0.25,"c3":0.75},{"time":0.6667}]},"bone11c":{"rotate":[{"time":0.0333,"curve":0.25,"c3":0.75},{"time":0.3,"angle":2.26,"curve":0.321,"c3":0.837,"c4":0.64},{"time":0.4333,"angle":-0.51,"curve":0.638,"c2":0.41,"c4":0.76},{"time":0.5,"angle":-1.93,"curve":0.243,"c3":0.689,"c4":0.75},{"time":0.6667}]},"bone11c2":{"rotate":[{"angle":0.63,"curve":"stepped"},{"time":0.2667,"angle":0.63,"curve":0.321,"c3":0.837,"c4":0.64},{"time":0.4,"angle":0.6,"curve":0.638,"c2":0.41,"c4":0.76},{"time":0.4667,"angle":0.63}]},"bone11c3":{"rotate":[{"angle":-1.46}]},"bone11c5":{"rotate":[{},{"time":0.2667,"angle":28.35,"curve":0.321,"c3":0.837,"c4":0.64},{"time":0.4,"angle":-0.67,"curve":0.25,"c3":0.625,"c4":0.5},{"time":0.4667,"angle":-3.39,"curve":0.375,"c2":0.5,"c3":0.75},{"time":0.6667}],"scale":[{"time":0.4,"curve":0.25,"c3":0.625,"c4":0.5},{"time":0.4667,"x":1.079,"y":0.959,"curve":0.375,"c2":0.5,"c3":0.75},{"time":0.6667}]},"bone11c6":{"rotate":[{},{"time":0.1,"angle":-4.28,"curve":0.247,"c2":0.49,"c3":0.642},{"time":0.2667,"angle":8.18,"curve":0.287,"c3":0.661,"c4":0.44},{"time":0.3333,"angle":-8.29,"curve":0.43,"c2":0.32,"c3":0.815,"c4":0.71},{"time":0.4,"angle":-64.06,"curve":"stepped"},{"time":0.4667,"angle":-64.06,"curve":0.25,"c3":0.75},{"time":0.6667}],"translate":[{},{"time":0.2667,"x":-0.58,"y":1.73,"curve":0.287,"c3":0.661,"c4":0.44},{"time":0.3333,"x":-0.5,"y":4.85,"curve":0.363,"c2":0.31,"c3":0.707,"c4":0.66},{"time":0.3667,"x":5.5,"y":3.07,"curve":0.424,"c2":0.36,"c3":0.773,"c4":0.71},{"time":0.4,"x":-2.67,"y":-2.76,"curve":"stepped"},{"time":0.4667,"x":-2.67,"y":-2.76,"curve":0.265,"c3":0.618,"c4":0.43},{"time":0.5333,"x":-2.13,"y":1.49,"curve":0.351,"c2":0.4,"c3":0.757},{"time":0.6667}]},"bone11c7":{"rotate":[{},{"time":0.1667,"angle":-5.2,"curve":0.313,"c2":0.58,"c3":0.667},{"time":0.2667,"angle":12.14,"curve":0.287,"c3":0.661,"c4":0.44},{"time":0.3333,"angle":34.02,"curve":0.363,"c2":0.31,"c3":0.707,"c4":0.66},{"time":0.3667,"angle":35.71,"curve":0.424,"c2":0.36,"c3":0.773,"c4":0.71},{"time":0.4,"angle":4.54,"curve":0.25,"c3":0.75},{"time":0.4667,"curve":0.265,"c3":0.618,"c4":0.43},{"time":0.5333,"angle":-17.59,"curve":0.325,"c2":0.31,"c3":0.663,"c4":0.65},{"time":0.5667,"angle":-28.43,"curve":0.375,"c2":0.5,"c3":0.75},{"time":0.6667}]},"bone11c8":{"rotate":[{"time":0.1,"curve":0.25,"c3":0.75},{"time":0.3667,"angle":2.16,"curve":0.321,"c3":0.837,"c4":0.64},{"time":0.5,"angle":0.74,"curve":0.638,"c2":0.41,"c4":0.76},{"time":0.5667}]},"bone11c9":{"rotate":[{"time":0.1667,"curve":0.25,"c3":0.75},{"time":0.4333,"angle":-2,"curve":0.321,"c3":0.837,"c4":0.64},{"time":0.5667,"angle":-2.32,"curve":0.638,"c2":0.41,"c4":0.76},{"time":0.6667}],"translate":[{"time":0.4333,"curve":0.321,"c3":0.837,"c4":0.64},{"time":0.5667,"x":-0.82,"y":0.62,"curve":0.638,"c2":0.41,"c4":0.76},{"time":0.6667}]},"bone11c10":{"rotate":[{},{"time":0.2667,"angle":2.19,"curve":0.321,"c3":0.837,"c4":0.64},{"time":0.4,"angle":-4.8,"curve":0.638,"c2":0.41,"c4":0.76},{"time":0.4667,"angle":-8.41,"curve":0.25,"c3":0.75},{"time":0.6667}]},"bone11c11":{"rotate":[{"time":0.0667,"curve":0.25,"c3":0.75},{"time":0.3333,"angle":5.71,"curve":0.321,"c3":0.837,"c4":0.64},{"time":0.4667,"angle":-8.51,"curve":0.638,"c2":0.41,"c4":0.76},{"time":0.5333,"angle":-15.85,"curve":0.243,"c3":0.649,"c4":0.6},{"time":0.6667}]},"bone11c12":{"rotate":[{"time":0.1333,"curve":0.25,"c3":0.75},{"time":0.4,"angle":2.19,"curve":0.321,"c3":0.837,"c4":0.64},{"time":0.5333,"angle":-1.71,"curve":0.638,"c2":0.41,"c4":0.76},{"time":0.6,"angle":-3.73,"curve":0.265,"c3":0.618,"c4":0.43},{"time":0.6667}]},"bone11c13":{"rotate":[{"time":0.2,"curve":0.25,"c3":0.75},{"time":0.4667,"angle":2.19,"curve":0.321,"c3":0.837,"c4":0.64},{"time":0.6,"angle":4.33,"curve":0.638,"c2":0.41,"c4":0.76},{"time":0.6667}]},"bone11c14":{"rotate":[{},{"time":0.0667,"angle":7.26,"curve":0.25,"c3":0.75},{"time":0.2667,"curve":0.25,"c3":0.75},{"time":0.5333,"angle":2.19,"curve":0.321,"c3":0.837,"c4":0.64},{"time":0.6667}]},"bone11c15":{"rotate":[{},{"time":0.0667,"angle":4.91,"curve":0.638,"c2":0.41,"c4":0.76},{"time":0.1333,"angle":7.45,"curve":0.25,"c3":0.75},{"time":0.3333}]},"bone11c17":{"translate":[{"time":0.2667,"curve":0.293,"c3":0.721,"c4":0.52},{"time":0.3667,"x":-3.28,"y":-0.08}]},"bone11c18":{"scale":[{"time":0.2667,"curve":0.293,"c3":0.721,"c4":0.52},{"time":0.3667,"x":0.689,"curve":0.424,"c2":0.36,"c3":0.773,"c4":0.71},{"time":0.4}]},"bone12b":{"rotate":[{},{"time":0.2667,"angle":6.83,"curve":0.321,"c3":0.837,"c4":0.64},{"time":0.4,"angle":0.88,"curve":0.638,"c2":0.41,"c4":0.76},{"time":0.4667,"angle":-2.2,"curve":0.25,"c3":0.75},{"time":0.6667}],"translate":[{},{"time":0.2667,"x":-2.83,"y":3.61,"curve":0.321,"c3":0.837,"c4":0.64},{"time":0.4,"x":-7.27,"y":-0.51,"curve":0.638,"c2":0.41,"c4":0.76},{"time":0.4667,"x":-9.57,"y":-2.64,"curve":0.25,"c3":0.75},{"time":0.6667}]},"bone12c":{"rotate":[{},{"time":0.2667,"angle":6.83,"curve":0.321,"c3":0.837,"c4":0.64},{"time":0.4,"angle":0.88,"curve":0.638,"c2":0.41,"c4":0.76},{"time":0.4667,"angle":-2.2,"curve":0.25,"c3":0.75},{"time":0.6667}]},"bone11c20":{"translate":[{},{"time":0.2667,"x":-15,"y":22.93,"curve":0.321,"c3":0.837,"c4":0.64},{"time":0.4,"x":-5.11,"y":7.81,"curve":0.638,"c2":0.41,"c4":0.76},{"time":0.4667}]},"bone11c21":{"rotate":[{},{"time":0.2667,"angle":-9.47,"curve":0.321,"c3":0.837,"c4":0.64},{"time":0.4,"angle":-3.22,"curve":0.638,"c2":0.41,"c4":0.76},{"time":0.4667}]},"bone11c21b":{"rotate":[{},{"time":0.2667,"angle":-15.44,"curve":0.321,"c3":0.837,"c4":0.64},{"time":0.4,"angle":9.4,"curve":0.638,"c2":0.41,"c4":0.76},{"time":0.4667,"angle":22.23,"curve":0.25,"c3":0.75},{"time":0.6667}],"translate":[{},{"time":0.2667,"x":-0.19,"y":-1.1,"curve":0.321,"c3":0.837,"c4":0.64},{"time":0.4,"x":2.36,"y":3.71,"curve":0.638,"c2":0.41,"c4":0.76},{"time":0.4667,"x":3.68,"y":6.2,"curve":0.25,"c3":0.75},{"time":0.6667}]},"bone11c21c":{"rotate":[{},{"time":0.2667,"angle":-15.44,"curve":0.321,"c3":0.837,"c4":0.64},{"time":0.4,"angle":9.4,"curve":0.638,"c2":0.41,"c4":0.76},{"time":0.4667,"angle":22.23,"curve":0.25,"c3":0.75},{"time":0.6667}]},"bone13":{"rotate":[{},{"time":0.2667,"angle":-5.24,"curve":0.321,"c3":0.837,"c4":0.64},{"time":0.4,"angle":9.14,"curve":0.638,"c2":0.41,"c4":0.76},{"time":0.4667,"angle":16.55,"curve":0.25,"c3":0.75},{"time":0.6667}]},"bone14":{"rotate":[{"time":0.2667,"curve":0.321,"c3":0.837,"c4":0.64},{"time":0.4,"angle":7.5,"curve":0.638,"c2":0.41,"c4":0.76},{"time":0.4667,"angle":11.37,"curve":0.25,"c3":0.75},{"time":0.6667}],"translate":[{"time":0.2667,"curve":0.321,"c3":0.837,"c4":0.64},{"time":0.4,"x":-0.79,"y":1.23,"curve":0.638,"c2":0.41,"c4":0.76},{"time":0.4667,"x":-1.2,"y":1.86,"curve":0.25,"c3":0.75},{"time":0.6667}]},"bone15":{"rotate":[{},{"time":0.2667,"angle":-13.5,"curve":0.321,"c3":0.837,"c4":0.64},{"time":0.4,"angle":2.9,"curve":0.638,"c2":0.41,"c4":0.76},{"time":0.4667,"angle":11.37,"curve":0.25,"c3":0.75},{"time":0.6667}]}},"deform":{"default":{"shou3":{"shou2":[{"time":0.2667,"curve":0.366,"c4":0.78},{"time":0.4,"offset":58,"curve":"stepped","vertices":[-0.93655,-1.78555,-2.88217,-4.24655,-10.62296,-9.86548,-14.42123,-13.93085,-19.69269,-18.32788,-18.66641,4.5896,-4.09024,1.80127,0,0,0,0,0,0,0,0,0,0,0,0,0,0,0,0,0,0,0,0,0,0,0,0,0,0,0,0,0,0,0,0,0,0,0,0,0,0,0,0,-9.96872,-9.10709,-3.05679,-4.11163,-0.68622,-2.00873,-2.1691,-2.67218,1.67624,-1.46555,-4.79224,0.87064,-11.45328,2.88278,-19.3472,4.62503]},{"time":0.4667,"offset":58,"curve":0.25,"c3":0.625,"c4":0.5,"vertices":[-0.93655,-1.78555,-2.88217,-4.24655,-10.62296,-9.86548,-14.42123,-13.93085,-19.69269,-18.32788,-18.66641,4.5896,-4.09024,1.80127,0,0,0,0,0,0,0,0,0,0,0,0,0,0,0,0,0,0,0,0,0,0,0,0,0,0,0,0,0,0,0,0,0,0,0,0,0,0,0,0,-9.96872,-9.10709,-3.05679,-4.11163,-0.68622,-2.00873,-2.1691,-2.67218,1.67624,-1.46555,-4.79224,0.87064,-11.45328,2.88278,-19.3472,4.62503]},{"time":0.5333,"offset":56,"curve":0.343,"c2":0.36,"c3":0.686,"c4":0.73,"vertices":[0.56369,-2.21342,0.09541,-3.1062,-0.8774,-4.3367,-4.74779,-7.14616,-8.29298,-10.42422,-9.28265,-11.37736,-9.3332,2.2948,-2.04512,0.90063,0,0,0,0,0,0,0,0,0,0,0,0,0,0,0,0,0,0,0,0,0,0,0,0,0,0,0,0,0,0,0,0,0,0,0,0,0,0,0,0,-5.1281,-7.25221,-0.96471,-4.26924,0.22058,-3.21779,-0.52086,-3.54951,1.40181,-2.9462,-2.39612,0.43532,-5.72664,1.44139,-9.6736,2.31251]},{"time":0.5667,"offset":56,"curve":0.379,"c2":0.6,"c3":0.724,"vertices":[0.20626,-0.80992,0.03491,-1.1366,-0.32105,-1.58685,-2.20023,-3.72799,-6.52959,-5.96863,-3.39664,-4.16312,-3.41513,0.8397,-0.74833,0.32955,0,0,0,0,0,0,0,0,0,0,0,0,0,0,0,0,0,0,0,0,0,0,0,0,0,0,0,0,0,0,0,0,0,0,0,0,0,0,0,0,-3.93619,-3.19217,-0.353,-1.56217,0.08071,-1.17743,-0.19059,-1.29881,0.51294,-1.07805,-0.87677,0.15929,-2.09545,0.52742,-3.53969,0.84618]},{"time":0.6}]},"zui":{"zui2":[{"time":0.1667,"curve":0.25,"c3":0.75,"vertices":[4.73167,5.80713,3.03953,-6.02623,-3.76947,-8.08871,-4.00667,8.19018]},{"time":0.3333}]}}},"events":[{"time":0.3667,"name":"gongji"}]}}},[0]]],0,0,[0],[-1],[0]]