[1,["ecpdLyjvZBwrvm+cedCcQy","a8Anh32NZGRZegUtSgEj26","41D7kWhyFGY7q4NDlzkazn"],["node","_textureSetter","root","data","_spriteFrame"],[["cc.Node",["_name","_groupIndex","_components","_prefab","_children","_contentSize","_anchorPoint","_parent"],1,9,4,2,5,5,1],["cc.PrefabInfo",["fileId","root"],2,1],"cc.SpriteFrame",["cc.Prefab",["_name"],2],["cc.Sprite",["_sizeMode","node","_materials","_spriteFrame"],2,1,3,6],["cc.CircleCollider",["_radius","node"],2,1],["b5994nmbvxAHIl2EAXIHEV/",["node"],3,1],["cc.MotionStreak",["node","_materials"],3,1,3]],[[3,0,2],[0,0,1,4,2,3,5,6,3],[0,0,1,7,2,3,3],[4,0,1,2,3,2],[5,0,1,2],[6,0,1],[1,1,1],[1,0,1,2],[7,0,1,1]],[[[{"name":"singleColor","rect":[0,0,2,2],"offset":[0,0],"originalSize":[2,2],"capInsets":[0,0,0,0]}],[2],0,[0],[1],[1]],[[[0,"laserbullet"],[1,"bullet",1,[-5],[[3,0,-2,[1],2],[4,25,-3],[5,-4]],[6,-1],[5,0,5],[0,0,0.5]],[2,"New Node",1,1,[[8,-6,[0]]],[7,"d5lm8OnONKaIvUV6m3Boqe",1]]],0,[0,2,1,0,0,1,0,0,1,0,0,1,0,-1,2,0,0,2,0,3,1,6],[0,0,0],[-1,-1,4],[0,0,2]]]]