[1,0,0,[["cc.JsonAsset",["_name","json"],1]],[[0,0,1,3]],[[0,"attributeData",{"1":{"1":"1","type":1,"name":"","des":""},"2":{"2":"2","type":2,"name":"","des":""},"3":{"3":"3","type":3,"name":"","des":""},"4":{"4":"4","type":4,"name":"","des":""},"5":{"5":"5","type":5,"name":"","des":""},"6":{"6":"6","type":6,"name":"","des":""},"7":{"7":"7","type":7,"name":"","des":""},"8":{"8":"8","type":8,"name":"","des":""},"9":{"9":"9","type":9,"name":"","des":""},"10":{"10":"10","type":10,"name":"","des":""},"11":{"11":"11","type":11,"name":"","des":""},"12":{"12":"12","type":12,"name":"","des":""},"13":{"13":"13","type":13,"name":"","des":""},"14":{"14":"14","type":14,"name":"","des":""}}]],0,0,[],[],[]]