[1,["25cmncWK1LQJMfvvyoC3WL"],0,[["sp.SkeletonData",["_name","_atlasText","textureNames","_skeletonJson","textures"],-1,3]],[[0,0,1,2,3,4,5]],[[0,"n06_xiguatoushou","\r\nn06_xiguatoushou.png\r\nsize: 336,144\r\nformat: RGBA8888\r\nfilter: Linear,Linear\r\nrepeat: none\r\n04_xiguatoushou/eye0\r\n  rotate: false\r\n  xy: 247, 95\r\n  size: 18, 21\r\n  orig: 18, 21\r\n  offset: 0, 0\r\n  index: -1\r\n04_xiguatoushou/eye1\r\n  rotate: true\r\n  xy: 301, 4\r\n  size: 12, 19\r\n  orig: 12, 19\r\n  offset: 0, 0\r\n  index: -1\r\n04_xiguatoushou/guadi\r\n  rotate: true\r\n  xy: 183, 53\r\n  size: 89, 62\r\n  orig: 108, 86\r\n  offset: 9, 24\r\n  index: -1\r\n04_xiguatoushou/meimao\r\n  rotate: true\r\n  xy: 301, 78\r\n  size: 64, 33\r\n  orig: 64, 33\r\n  offset: 0, 0\r\n  index: -1\r\n04_xiguatoushou/shenti\r\n  rotate: true\r\n  xy: 2, 2\r\n  size: 140, 96\r\n  orig: 140, 96\r\n  offset: 0, 0\r\n  index: -1\r\n04_xiguatoushou/teng\r\n  rotate: false\r\n  xy: 152, 8\r\n  size: 57, 39\r\n  orig: 57, 39\r\n  offset: 0, 0\r\n  index: -1\r\n04_xiguatoushou/xiaogua\r\n  rotate: false\r\n  xy: 100, 49\r\n  size: 81, 93\r\n  orig: 81, 93\r\n  offset: 0, 0\r\n  index: -1\r\n04_xiguatoushou/yezi0\r\n  rotate: false\r\n  xy: 100, 7\r\n  size: 50, 40\r\n  orig: 50, 40\r\n  offset: 0, 0\r\n  index: -1\r\n04_xiguatoushou/yezi1\r\n  rotate: true\r\n  xy: 303, 18\r\n  size: 58, 27\r\n  orig: 58, 27\r\n  offset: 0, 0\r\n  index: -1\r\n04_xiguatoushou/yezi2\r\n  rotate: false\r\n  xy: 247, 53\r\n  size: 54, 23\r\n  orig: 54, 23\r\n  offset: 0, 0\r\n  index: -1\r\n04_xiguatoushou/yezi3\r\n  rotate: false\r\n  xy: 247, 118\r\n  size: 51, 24\r\n  orig: 51, 24\r\n  offset: 0, 0\r\n  index: -1\r\n04_xiguatoushou/zhe\r\n  rotate: false\r\n  xy: 211, 2\r\n  size: 88, 49\r\n  orig: 108, 72\r\n  offset: 9, 23\r\n  index: -1\r\n",["n06_xiguatoushou.png"],{"skeleton":{"hash":"qRzIDKjJ+P3z7ycHVb4dNA23beg","spine":"3.8.99","x":-71.24,"y":-7.88,"width":111.79,"height":97.85,"fps":24,"images":"./library/","audio":"D:/Work/植物大战僵尸2娘化版/动画/娘化版/普通植物/龙骨导出的spine资源/n06_xiguatoushou"},"bones":[{"name":"root","x":10.67,"y":2.32,"scaleX":0.0947,"scaleY":0.0947},{"name":"bone","parent":"root","x":13.52,"y":14.76},{"name":"yezi0","parent":"bone","length":248,"rotation":-141.82,"x":-39.48,"y":47.51},{"name":"yezi1","parent":"bone","length":260,"rotation":-9.58,"x":15.52,"y":47.51},{"name":"shenti","parent":"bone","length":1,"rotation":90,"x":-71.99,"y":50.87},{"name":"yezi2","parent":"bone","length":253,"rotation":3.77,"x":35.57,"y":57.51},{"name":"yezi3","parent":"bone","length":226,"rotation":-166.79,"x":-199.58,"y":34.16},{"name":"shenti2","parent":"shenti","x":83.78,"y":-15.47},{"name":"shenti1","parent":"shenti","x":91.43,"y":217.28},{"name":"meimao","parent":"shenti","length":2,"rotation":25.94,"x":157.43,"y":-94.73},{"name":"shenti3","parent":"shenti","x":201.78,"y":-229.62},{"name":"shenti4","parent":"shenti","x":316.48,"y":33.73},{"name":"teng","parent":"shenti","length":231,"rotation":54.17,"x":317.97,"y":192.3},{"name":"eye1","parent":"meimao","x":-47.85,"y":-80.12},{"name":"meimao1","parent":"meimao","x":50.56,"y":-5.39},{"name":"zhe","parent":"teng","length":332,"rotation":4.44,"x":235.92,"y":-0.75},{"name":"eye0","parent":"meimao","rotation":-115.94,"x":-17.53,"y":99.24},{"name":"xiaogua","parent":"zhe","rotation":-58.61,"x":190.22,"y":-85.56}],"slots":[{"name":"guadi","bone":"zhe","attachment":"04_xiguatoushou/guadi"},{"name":"xiaogua","bone":"xiaogua","attachment":"04_xiguatoushou/xiaogua"},{"name":"zhe","bone":"zhe","attachment":"04_xiguatoushou/zhe"},{"name":"teng","bone":"teng","attachment":"04_xiguatoushou/teng"},{"name":"yezi3","bone":"yezi3","attachment":"04_xiguatoushou/yezi3"},{"name":"yezi2","bone":"yezi2","attachment":"04_xiguatoushou/yezi2"},{"name":"yezi1","bone":"yezi1","attachment":"04_xiguatoushou/yezi1"},{"name":"yezi0","bone":"yezi0","attachment":"04_xiguatoushou/yezi0"},{"name":"shenti","bone":"shenti4","attachment":"04_xiguatoushou/shenti"},{"name":"eye1","bone":"eye1","attachment":"04_xiguatoushou/eye1"},{"name":"eye0","bone":"eye0","attachment":"04_xiguatoushou/eye0"},{"name":"meimao","bone":"meimao1","attachment":"04_xiguatoushou/meimao"}],"skins":[{"name":"default","attachments":{"eye0":{"04_xiguatoushou/eye0":{"x":0.57,"y":-3.02,"width":90,"height":107}},"eye1":{"04_xiguatoushou/eye1":{"x":4.47,"y":1.7,"rotation":-115.94,"width":61,"height":96}},"guadi":{"04_xiguatoushou/guadi":{"x":152.07,"y":-5.39,"rotation":-156.8,"width":538,"height":428}},"meimao":{"04_xiguatoushou/meimao":{"x":4.04,"y":26.65,"rotation":-115.94,"width":322,"height":163}},"shenti":{"04_xiguatoushou/shenti":{"type":"mesh","hull":41,"width":700,"height":480,"uvs":[0.96007,0.19927,0.91914,0.13458,0.85371,0.07312,0.77043,0.02344,0.70264,0,0.62643,0,0.54214,0,0.445,0,0.36779,0.02531,0.29871,0.05937,0.22257,0.11385,0.14064,0.19073,0.08093,0.26583,0.0365,0.34948,0.00836,0.43813,0.00014,0.48948,0.00014,0.55948,0.00014,0.65323,0.01057,0.72458,0.03721,0.78854,0.07243,0.84833,0.12057,0.8976,0.17957,0.94479,0.2385,0.97729,0.31186,1,0.3945,1,0.47436,1,0.51457,0.99938,0.59007,0.97969,0.66414,0.95031,0.731,0.91135,0.79714,0.85885,0.84893,0.80646,0.90071,0.74458,0.9395,0.67854,0.97043,0.61031,0.99636,0.53281,1,0.47927,1,0.37344,1,0.33563,0.98414,0.25802,0.90336,0.31781,0.851,0.19604,0.75629,0.1125,0.61421,0.09979,0.49836,0.11427,0.35629,0.13979,0.23414,0.23969,0.15436,0.3851,0.107,0.56865,0.17679,0.75406,0.30264,0.84667,0.46093,0.87219,0.63414,0.8249,0.75007,0.74313,0.84979,0.625,0.88343,0.47052,0.76007,0.26698,0.65414,0.23063,0.54821,0.23969,0.44721,0.26698,0.33386,0.31063,0.27529,0.42323,0.289,0.57958,0.37121,0.705,0.57436,0.68865,0.73886,0.62135,0.79493,0.45417,0.70393,0.37417,0.618,0.35604,0.50457,0.38688,0.39864,0.4324,0.39986,0.545,0.517,0.545,0.63293,0.51229],"triangles":[71,72,73,70,71,73,72,64,73,73,64,65,73,65,74,70,73,74,69,70,74,69,74,68,74,65,66,65,53,54,66,65,54,51,24,25,64,51,52,51,25,52,52,25,26,52,26,27,64,52,65,52,27,28,65,52,53,52,28,53,53,28,29,53,29,30,53,30,54,54,30,31,54,31,32,16,17,49,15,16,49,14,15,49,17,18,49,12,13,48,13,14,48,14,49,48,19,20,50,20,21,50,49,19,50,11,12,48,18,19,49,11,48,47,50,21,22,49,50,63,47,48,62,48,49,62,62,49,63,50,22,51,22,23,51,47,62,61,51,23,24,63,50,51,63,51,64,63,64,72,62,63,72,71,62,72,61,62,71,10,11,47,10,47,46,9,10,46,9,46,8,47,61,46,46,61,60,61,71,60,8,46,7,7,46,45,60,71,70,46,60,45,7,45,6,45,60,59,60,70,59,6,45,44,59,70,69,45,59,44,6,44,5,44,59,58,59,69,58,5,44,4,44,58,43,4,44,43,58,69,68,58,68,57,4,43,3,43,58,57,57,68,67,68,74,67,74,66,67,43,57,42,3,43,2,43,42,2,66,54,55,67,66,55,67,55,56,55,54,32,67,56,41,57,67,41,42,57,41,55,32,33,2,42,1,55,33,34,42,41,0,1,42,0,56,55,35,55,34,35,0,41,40,56,35,36,56,36,37,38,56,37,41,56,38,39,41,38,40,41,39],"vertices":[1,10,94.69,-81.56,1,1,10,125.74,-52.91,1,1,10,155.24,-7.11,1,1,10,179.09,51.19,1,1,11,75.69,-164.71,1,1,11,75.69,-111.36,1,1,11,75.69,-52.36,1,1,11,75.69,15.64,1,1,11,63.49,69.69,1,1,11,47.14,118.04,1,1,11,20.99,171.34,1,1,8,209.14,45.14,1,1,8,173.09,86.94,1,1,8,132.94,118.04,1,1,8,90.39,137.74,1,1,8,65.74,143.49,1,1,8,32.14,143.49,1,1,8,-12.86,143.49,1,1,8,-47.11,136.19,1,1,8,-77.81,117.54,1,1,8,-106.51,92.89,1,1,8,-130.16,59.19,1,1,8,-152.81,17.89,1,1,8,-168.41,-23.36,1,2,8,-179.31,-74.71,0.42639,4,-87.88,142.57,0.57361,2,4,-87.88,84.72,0.72612,7,-171.66,100.19,0.27388,2,4,-87.88,28.82,0.78606,7,-171.66,44.29,0.21394,2,4,-87.58,0.67,0.79432,7,-171.36,16.14,0.20568,2,4,-78.13,-52.18,0.75743,7,-161.91,-36.71,0.24258,2,4,-64.03,-104.03,0.66552,7,-147.81,-88.56,0.33448,2,4,-45.33,-150.83,0.58518,7,-129.11,-135.36,0.41482,1,4,-20.13,-197.13,1,1,10,-196.76,-3.76,1,1,10,-167.06,-40.01,1,1,10,-135.36,-67.16,1,1,10,-102.61,-88.81,1,1,10,-65.41,-106.96,1,1,10,-39.71,-109.51,1,1,10,11.09,-109.56,1,1,10,29.24,-109.56,1,1,10,66.49,-98.41,1,1,10,37.79,-41.86,1,1,10,96.24,-5.21,1,1,10,136.34,61.09,1,1,11,27.74,-102.81,1,1,11,20.79,-21.71,1,1,11,8.54,77.74,1,2,11,-39.41,163.24,0.55293,8,185.64,-20.31,0.44707,1,8,115.84,35.54,1,1,8,27.74,68.69,1,1,8,-61.26,19.84,1,3,8,-105.71,-68.26,0.46767,4,-14.28,149.02,0.33041,7,-98.06,164.49,0.20192,2,4,-26.53,38.22,0.87426,7,-110.31,53.69,0.12574,2,4,-3.83,-83.03,0.6392,7,-87.61,-67.56,0.3608,3,10,-166.36,65.44,0.2905,4,35.42,-164.18,0.32989,7,-48.36,-148.71,0.37962,1,10,-109.66,-4.36,1,1,10,-35.51,-27.91,1,1,10,62.19,58.44,1,2,10,79.64,132.59,0.43379,11,-35.06,-130.76,0.56621,2,11,-39.41,-56.61,0.88719,7,193.29,-7.41,0.11281,2,11,-52.51,14.09,0.92505,7,180.19,63.29,0.07495,2,11,-73.46,93.44,0.68766,8,151.59,-90.11,0.31234,2,11,-127.51,134.44,0.25784,8,97.54,-49.11,0.74216,3,8,22.49,-58.71,0.81233,4,113.92,158.57,0.08474,7,30.14,174.04,0.10293,3,8,-37.71,-116.26,0.3142,4,53.72,101.02,0.36148,7,-30.06,116.49,0.32432,2,4,61.57,-41.18,0.17705,7,-22.21,-25.71,0.82295,3,10,-107.91,73.29,0.42235,4,93.87,-156.33,0.21734,7,10.09,-140.86,0.36031,1,10,-27.66,34.04,1,3,10,10.74,97.74,0.63542,11,-103.96,-165.61,0.16067,7,128.74,-116.41,0.20391,3,10,19.44,157.89,0.29408,11,-95.26,-105.46,0.3685,7,137.44,-56.26,0.33741,2,11,-110.06,-26.06,0.5491,7,122.64,23.14,0.4509,3,11,-131.91,48.09,0.3658,8,93.14,-135.46,0.26679,7,100.79,97.29,0.36742,4,11,-185.96,47.24,0.13135,8,39.09,-136.31,0.24044,4,130.52,80.97,0.20723,7,46.74,96.44,0.42098,3,11,-185.96,-34.76,0.05529,4,130.52,-1.03,0.11795,7,46.74,14.44,0.82675,3,10,-55.56,147.44,0.20557,4,146.22,-82.18,0.18328,7,62.44,-66.71,0.61115],"edges":[0,2,2,4,4,6,6,8,8,10,10,12,12,14,14,16,16,18,18,20,20,22,22,24,24,26,26,28,28,30,30,32,32,34,34,36,36,38,38,40,40,42,42,44,44,46,46,48,48,50,50,52,52,54,54,56,56,58,58,60,60,62,62,64,64,66,66,68,68,70,70,72,72,74,74,76,76,78,78,80,80,0]}},"teng":{"04_xiguatoushou/teng":{"x":101.4,"y":8.56,"rotation":-152.36,"width":286,"height":196}},"xiaogua":{"04_xiguatoushou/xiaogua":{"rotation":-90,"width":404,"height":463}},"yezi0":{"04_xiguatoushou/yezi0":{"x":129.12,"y":-11.16,"rotation":141.82,"width":252,"height":198}},"yezi1":{"04_xiguatoushou/yezi1":{"x":132.1,"y":8.07,"rotation":9.58,"width":290,"height":134}},"yezi2":{"04_xiguatoushou/yezi2":{"x":133.6,"y":19.22,"rotation":-3.77,"width":269,"height":116}},"yezi3":{"04_xiguatoushou/yezi3":{"x":114.45,"y":0.55,"rotation":166.79,"width":256,"height":122}},"zhe":{"04_xiguatoushou/zhe":{"x":139.46,"y":24.02,"rotation":-156.8,"width":538,"height":361}}}}],"events":{"gongji":{}},"animations":{"daiji":{"bones":{"yezi1":{"rotate":[{"angle":18.62},{"time":0.25,"angle":-7.99,"curve":"stepped"},{"time":0.75,"angle":-7.99},{"time":1,"angle":15.75}]},"yezi0":{"rotate":[{"time":0.25},{"time":0.5,"angle":-20.22},{"time":0.75}]},"yezi2":{"rotate":[{"angle":2.01},{"time":0.125,"angle":6.24},{"time":0.375,"angle":-18.13,"curve":"stepped"},{"time":0.875,"angle":-18.13},{"time":1,"angle":2.01}]},"yezi3":{"rotate":[{"angle":10.66,"curve":"stepped"},{"time":0.25,"angle":10.66},{"time":0.5,"angle":-17.78},{"time":0.9167,"angle":10.66}]},"shenti":{"rotate":[{"angle":4.69},{"time":0.25,"angle":-4.78},{"time":0.5,"angle":-6.04},{"time":0.75,"angle":-0.05},{"time":1,"angle":4.69}]},"meimao":{"translate":[{"x":-3.83,"y":-17.25},{"time":0.25,"x":-10.53,"y":-52.89},{"time":0.5,"x":21.37,"y":-83.19},{"time":0.75,"x":-10.53,"y":-52.89},{"time":1,"x":-3.83,"y":-17.25}]},"teng":{"rotate":[{"angle":3},{"time":0.25,"angle":19.48},{"time":0.5,"angle":5.17},{"time":0.75,"angle":-7.1},{"time":1,"angle":3}],"translate":[{},{"time":0.5,"x":-17.02,"y":-28.04},{"time":1}],"scale":[{},{"time":0.5,"x":0.8},{"time":1}]},"xiaogua":{"translate":[{"x":19.25,"y":-0.96},{"time":0.5,"x":39.42,"y":-6.32},{"time":1,"x":19.25,"y":-0.96}]},"shenti1":{"translate":[{"x":16.34,"y":11.79},{"time":0.25,"x":-5.67,"y":-18.1},{"time":0.5,"x":24.37,"y":-42.24},{"time":0.75,"x":-5.67,"y":-18.1},{"time":1,"x":16.34,"y":11.79}]},"shenti2":{"translate":[{"x":-17.15,"y":25.04},{"time":0.25,"x":-11.62,"y":-3.99},{"time":0.5,"x":28.27,"y":-60.47},{"time":0.75,"x":-11.62,"y":-3.99},{"time":1,"x":-17.15,"y":25.04}]},"shenti3":{"rotate":[{},{"time":0.5,"angle":-4.79},{"time":1}],"translate":[{"x":-6.47,"y":35.05},{"time":0.25,"x":-17.98,"y":21.61},{"time":0.5,"x":8.66,"y":-16.48},{"time":0.75,"x":-29.08,"y":22.14},{"time":1,"x":-6.47,"y":35.05}]},"shenti4":{"rotate":[{},{"time":0.5,"angle":-4.58},{"time":1}],"translate":[{"x":-2.19,"y":37.98},{"time":0.25,"x":-15.88,"y":-7.56},{"time":0.5,"x":21.37,"y":-47.79},{"time":0.75,"x":-20.62,"y":9.17},{"time":1,"x":-2.19,"y":37.98}]}},"deform":{"default":{"shenti":{"04_xiguatoushou/shenti":[{"vertices":[-11.45,-0.11,-10.32,0.85,0,0,0,0,0,0,-2.25,3.8,-1.54,6.35,-12.36,6.48,-11.66,9.53,-4.8,12.38,-5.63,8.99,-9.86,5.83,-9.81,2.71,-4.55,4.44,-5.83,1.73,-4.44,0.92,-5.74,1.57,-2.53,0.41,-3.06,0.65,-6.08,-2.01,-11.82,-3.4,-15.92,-6.32,-10.88,-9.69,-14.45,-9.75,-18.36,-6.07001,-18.36,-6.07,0,0,0,0,0,0,0,0,0,0,0,0,7.64,-2.88,3.21,-3.02,0.49,-0.14,-5.53,-2.61,-9.67,-0.51,-8.98,5.55,-10.81,-7.04,-14.54,2.6,-12.83,1.35,0,0,0,0,0,0,0,0,-10.24,5.45,-6.23,12.75,-10.02,11.21,-19.72,15.26,-15.63,10.01,0,0,0,0,0,0,0,0,0,0,0,0,0,0,0,0,0,0,-9.10001,1.60001,-9.10001,1.6,-9.1,1.6,-9.04,2.95,-9.04001,2.95]},{"time":0.25,"offset":6,"vertices":[6.44,1.44,3.65,1.6,5.93,1.47,4.26,-0.2,2.79,-3.71,5.83,-3.95,7.56,-3.34,6.84,-2.33,2.57,0.74,0,0,0,0,0,0,0,0,0,0,0,0,0,0,0,0,0,0,-1.91,-2.5,-1.12,-3.52,2.5,-2.12,10.60001,-3.16998,10.6,-3.17,0,0,0,0,0,0,0,0,0,0,0,0,0,0,0,0,0,0,0,0,0,0,0,0,0,0,0,0,0,0,0,0,0,0,0,0,0,0,-5.12,2.73,-0.81,3.85]},{"time":0.5,"vertices":[10.06,0.65,14.86,2.13,16.36,11.89,45.11,5.53,19.91,14.82,13.24,19.73,6.72,18.4,0.34,12.58,3.75,13.63,-0.72,8.21,0,0,0,0,0,0,4.3,-0.25,6.17,1.56,6.41,-0.28,3.59,0.33,5.24,0.81,6.76,0.72,6.25,0.81,4.5,0.27,0,0,1.65,-5.15,-12.58,-2.79,12.32,4.22,21.37,6.13,13.25,3.06,13.25,3.06,0,0,0,0,4.67999,-2.92,4.68,-2.92,19.79,-3.13,10.82,-4.14,10.71,-1.41,6.71,0.06,1.48,-8.78,4.63,-1.86,3.68,-8.31,2.36,0.45,3,0.57,0,0,16.28,8.56,10.59,18.62,22.02,19.85,7.42,21.18,4.77,12.8,0,0,0,0,0,0,0,0,-4.16,-7.68,0,0,0,0,5.04,0.46,8.27,-0.1,0,0,22.39,5.61,23.47,23.32,20.70999,10.64999,20.71,10.65,20.70999,10.65,0,0,0,0,0,0,0,0,8.17999,-3.84,8.18,-3.84,8.17999,-3.84]},{"time":0.75,"offset":6,"vertices":[6.44,1.44,3.65,1.6,5.93,1.47,8.31,2.37,2.79,-3.71,5.83,-3.95,7.56,-3.34,6.84,-2.33,2.57,0.74,0,0,0,0,0,0,0,0,0,0,0,0,0,0,0,0,0,0,-1.91,-2.5,-1.12,-3.52,-3.52,-4.22,4.2,-4.05,11.71,-6.39,-1.25,-2.65,6.5,-1.94,0,0,0,0,2.45,-3.5,2.45,-3.5,5.17,-1.63,5.17,-1.63,0,0,0,0,0,0,0,0,0,0,0,0,0,0,0,0,0,0,0,0,0,0,-5.12,2.73,-0.81,3.85,0,0,0,0,0,0,0,0,2.51,-6.7]},{"time":1,"vertices":[-11.45,-0.11,-10.32,0.85,-1.3,-1.15,0,0,0,0,-2.25,3.8,-1.54,6.35,-12.36,6.48,-11.66,9.53,-4.8,12.38,-5.63,8.99,-9.86,5.83,-9.81,2.71,-4.55,4.44,-5.83,1.73,-4.44,0.92,-5.74,1.57,-2.53,0.41,-3.06,0.65,-6.08,-2.01,-11.82,-3.4,-15.92,-6.32,-10.88,-9.69,-14.45,-9.75,-18.36,-6.07001,-18.36,-6.07,0,0,0,0,0,0,0,0,0,0,0,0,7.64,-2.88,3.21,-3.02,0.49,-0.14,-5.53,-2.61,-9.67,-0.51,-8.98,5.55,-10.81,-7.04,-14.54,2.6,-12.83,1.35,0,0,0,0,0,0,0,0,-10.24,5.45,-6.23,12.75,-10.02,11.21,-19.72,15.26,-15.63,10.01,0,0,0,0,0,0,0,0,0,0,0,0,0,0,0,0,0,0,-9.10001,1.60001,-9.10001,1.6,-9.1,1.6,-9.04,2.95,-9.04001,2.95]}]}}}},"gongji":{"slots":{"xiaogua":{"color":[{"time":0.4583,"color":"ffffffff"},{"time":0.5,"color":"ffffff00","curve":"stepped"},{"time":1,"color":"ffffff00"},{"time":1.1667,"color":"ffffffff"}]}},"bones":{"xiaogua":{"rotate":[{"time":0.8333},{"time":1,"angle":-174.27},{"time":1.125,"angle":-67.68},{"time":1.1667}],"translate":[{"x":19.25,"y":-0.96,"curve":"stepped"},{"time":0.1667,"x":19.25,"y":-0.96},{"time":1,"x":15.74,"y":-104.02},{"time":1.0833,"x":91.86,"y":-114.81},{"time":1.1667,"x":19.25,"y":-0.96}]},"yezi1":{"rotate":[{"angle":-7.99}],"scale":[{"time":0.1667},{"time":0.4167,"x":0.9,"y":0.9},{"time":0.5,"x":1.2,"y":1.2},{"time":0.625}]},"yezi0":{"scale":[{"time":0.1667},{"time":0.4167,"x":0.9,"y":0.9},{"time":0.5,"x":1.3,"y":1.3},{"time":0.5833}]},"yezi2":{"rotate":[{"angle":-18.13}],"scale":[{"time":0.1667},{"time":0.4167,"x":0.9,"y":0.9},{"time":0.5,"x":1.2,"y":1.2},{"time":0.6667}]},"yezi3":{"rotate":[{"angle":10.66}],"scale":[{"time":0.1667},{"time":0.4167,"x":0.9,"y":0.9},{"time":0.5,"x":1.2,"y":1.2},{"time":0.625}]},"shenti":{"rotate":[{"angle":-4.78},{"time":0.1667,"angle":4.69,"curve":"stepped"},{"time":0.4167,"angle":4.69},{"time":0.4583,"angle":-4.78}],"scale":[{"time":0.4167},{"time":0.5,"x":1.05,"y":1.05},{"time":0.5833},{"time":0.6667,"x":1.05,"y":1.05},{"time":1}]},"meimao":{"rotate":[{"time":0.4583},{"time":0.5417,"angle":-3.95},{"time":0.625}],"translate":[{"x":-3.83,"y":-17.25},{"time":0.1667,"x":140.3,"y":66.62},{"time":0.4167,"x":156.73,"y":72.83},{"time":0.4583,"x":-76.19,"y":-43.2},{"time":0.5417,"x":45.11,"y":-31.63},{"time":0.625,"x":-3.83,"y":-17.25}]},"teng":{"rotate":[{"angle":3},{"time":0.1667,"angle":31.52,"curve":"stepped"},{"time":0.4167,"angle":31.52},{"time":0.5,"angle":-72.5},{"time":0.5833,"angle":-37.32},{"time":0.6667,"angle":-72.5},{"time":0.75,"angle":-37.32},{"time":0.8333,"angle":-72.5},{"time":1,"angle":15.93},{"time":1.0833,"angle":24.15},{"time":1.1667,"angle":3}]},"zhe":{"rotate":[{"time":0.1667},{"time":0.4167,"angle":-20.02},{"time":0.5,"angle":-5.2,"curve":"stepped"},{"time":0.5833,"angle":-5.2},{"time":0.6667,"angle":-33.42},{"time":0.75,"angle":-5.2},{"time":0.8333,"angle":-23.28},{"time":1,"angle":32.79},{"time":1.0833,"angle":-23.12},{"time":1.1667}]},"shenti1":{"translate":[{"x":16.34,"y":11.79}]},"shenti2":{"translate":[{"x":-17.15,"y":25.04}]},"shenti3":{"translate":[{"x":-6.47,"y":35.05}]},"shenti4":{"translate":[{"x":-2.19,"y":37.98}]},"meimao1":{"translate":[{},{"time":0.2083,"x":16.24,"y":-0.43},{"time":0.25}]},"eye1":{"rotate":[{},{"time":0.1667,"angle":27.57},{"time":0.5833}]}},"deform":{"default":{"shenti":{"04_xiguatoushou/shenti":[{"vertices":[-11.45,-0.11,-10.32,0.85,0,0,0,0,0,0,-2.25,3.8,-1.54,6.35,-12.36,6.48,-11.66,9.53,-4.8,12.38,-5.63,8.99,-9.86,5.83,-9.81,2.71,-4.55,4.44,-5.83,1.73,-4.44,0.92,-5.74,1.57,-2.53,0.41,-3.06,0.65,-6.08,-2.01,-11.82,-3.4,-15.92,-6.32,-10.88,-9.69,-14.45,-9.75,-18.36,-6.07001,-18.36,-6.07,0,0,0,0,0,0,0,0,0,0,0,0,7.64,-2.88,3.21,-3.02,0.49,-0.14,-5.53,-2.61,-9.67,-0.51,-8.98,5.55,-10.81,-7.04,-14.54,2.6,-12.83,1.35,0,0,0,0,0,0,0,0,-10.24,5.45,-6.23,12.75,-10.02,11.21,-19.72,15.26,-15.63,10.01,0,0,0,0,0,0,0,0,0,0,0,0,0,0,0,0,0,0,-9.10001,1.60001,-9.10001,1.6,-9.1,1.6,-9.04,2.95,-9.04001,2.95]},{"time":0.1667,"curve":"stepped","vertices":[-11.45,-0.11,-10.32,0.85,-1.3,-1.15,0,0,0,0,-2.25,3.8,-1.54,6.35,-12.36,6.48,-11.66,9.53,-4.8,12.38,-5.63,8.99,-9.86,5.83,-9.81,2.71,-4.55,4.44,-5.83,1.73,-4.44,0.92,-5.74,1.57,-2.53,0.41,-3.06,0.65,-6.08,-2.01,-11.82,-3.4,-15.92,-6.32,-10.88,-9.69,-14.45,-9.75,-18.36,-6.07001,-18.36,-6.07,0,0,0,0,0,0,0,0,0,0,0,0,7.64,-2.88,3.21,-3.02,0.49,-0.14,-5.53,-2.61,-9.67,-0.51,-8.98,5.55,-10.81,-7.04,-14.54,2.6,-12.83,1.35,0,0,0,0,0,0,0,0,-10.24,5.45,-6.23,12.75,-10.02,11.21,-19.72,15.26,-15.63,10.01,0,0,0,0,0,0,0,0,0,0,0,0,0,0,0,0,0,0,-9.10001,1.60001,-9.10001,1.6,-9.1,1.6,-9.04,2.95,-9.04001,2.95]},{"time":0.4167,"vertices":[-11.45,-0.11,-10.32,0.85,-1.3,-1.15,0,0,0,0,-2.25,3.8,-1.54,6.35,-12.36,6.48,-11.66,9.53,-4.8,12.38,-5.63,8.99,-9.86,5.83,-9.81,2.71,-4.55,4.44,-5.83,1.73,-4.44,0.92,-5.74,1.57,-2.53,0.41,-3.06,0.65,-6.08,-2.01,-11.82,-3.4,-15.92,-6.32,-10.88,-9.69,-14.45,-9.75,-18.36,-6.07001,-18.36,-6.07,0,0,0,0,0,0,0,0,0,0,0,0,7.64,-2.88,3.21,-3.02,0.49,-0.14,-5.53,-2.61,-9.67,-0.51,-8.98,5.55,-10.81,-7.04,-14.54,2.6,-12.83,1.35,0,0,0,0,0,0,0,0,-10.24,5.45,-6.23,12.75,-10.02,11.21,-19.72,15.26,-15.63,10.01,0,0,0,0,0,0,0,0,0,0,0,0,0,0,0,0,0,0,-9.10001,1.60001,-9.10001,1.6,-9.1,1.6,-9.04,2.95,-9.04001,2.95]},{"time":0.4583,"vertices":[-11.45,-0.11,-10.32,0.85,0,0,0,0,0,0,-2.25,3.8,-1.54,6.35,-12.36,6.48,-11.66,9.53,-4.8,12.38,-5.63,8.99,-9.86,5.83,-9.81,2.71,-4.55,4.44,-5.83,1.73,-4.44,0.92,-5.74,1.57,-2.53,0.41,-3.06,0.65,-6.08,-2.01,-11.82,-3.4,-15.92,-6.32,-10.88,-9.69,-14.45,-9.75,-18.36,-6.07001,-18.36,-6.07,0,0,0,0,0,0,0,0,0,0,0,0,7.64,-2.88,3.21,-3.02,0.49,-0.14,-5.53,-2.61,-9.67,-0.51,-8.98,5.55,-10.81,-7.04,-14.54,2.6,-12.83,1.35,0,0,0,0,0,0,0,0,-10.24,5.45,-6.23,12.75,-10.02,11.21,-19.72,15.26,-15.63,10.01,0,0,0,0,0,0,0,0,0,0,0,0,0,0,0,0,0,0,-9.10001,1.60001,-9.10001,1.6,-9.1,1.6,-9.04,2.95,-9.04001,2.95]}]}}},"events":[{"time":0.5,"name":"gongji"}]}}},[0]]],0,0,[0],[-1],[0]]