[1,["ecpdLyjvZBwrvm+cedCcQy","19e3e59c0","caohSHbS5GEIzmwCrnMGn5","14b4c21ed","0cHQMDHcBKQ4MYFV8OKYW6","b5nNSsFgVBzYqhDXC9+NNd","8aPffaSZJLga8jk7H+mCIf","af3FuThF1PLqyklrmWmoJ5","dbaPGYuudBP7g/VwrqLyGH","d2HzctZYVKFZNemh8T+vQj","bfhrjbUAdPTIozM00l3UkP","36cZlbneJPFrfdM6kK85M4","8bTJbJxeRNupvQhP4MKZRt","64IAHuwOJCoJnLhhQ/vaak","2eYLUKo6tPT57j6FrILgK/","33FJJx5OxGh5E4lIp/S93j","4eG4Y8NJpM76iFCBmqOKH4","c7SwC0KENGDptrwlc3Cy3N","47aMEHgWBGIKtCYqLu+f4V","bctxz3QRxNk7sBEmC8dbQz","0btcCBwYNBxp0oZA8O6PED","be1fGyfpdA/KnmmvLvQSKk","b6XLXXa9hHuqId7DVM27Gy","d8ZVxdSU1NHKh0PkhnOGCg","61KhOACUdJQZu8c4s4RcBM","04qCie28VBHYSenncmrwes","12E4NOeqtG1LCiqTVOgsjE","d2CbF70hBAXpYQuVfqaKIh","4dxsrv5uZBrIEBN2LMlSZ4"],["node","_textureSetter","_spriteFrame","_N$file","root","startGameNode","rewardUsedTip","newFlagNode","gameName","gameImg","tokenCoinNode","blackCurtain","starPro","starCount","starNode","bg","lockNode","trophyNode","data"],["cc.SpriteFrame",["cc.Node",["_name","_active","_opacity","_prefab","_contentSize","_components","_trs","_parent","_children","_color","_anchorPoint"],0,4,5,9,7,1,2,5,5],["cc.Sprite",["_type","_sizeMode","_fillStart","_fillRange","node","_materials","_spriteFrame"],-1,1,3,6],["cc.Node",["_name","_parent","_components","_prefab","_contentSize","_trs","_color"],2,1,12,4,5,7,5],["cc.PrefabInfo",["fileId","root","asset"],2,1,1],["cc.Label",["_string","_fontSize","_lineHeight","_isSystemFontUsed","_N$horizontalAlign","_N$verticalAlign","node","_materials","_N$file"],-3,1,3,6],["cc.Prefab",["_name"],2],["cc.Node",["_name","_parent","_components","_prefab","_color","_contentSize","_trs"],2,1,2,4,5,5,7],["d5afcbz1DpFm4ycnNaxYrDg",["node","trophyNode","lockNode","bg","starNode","starCount","starPro","blackCurtain","tokenCoinNode","trophySpriArr","imgBgSprArr","gameImg","gameName","newFlagNode","rewardUsedTip","startGameNode"],3,1,1,1,1,1,1,1,1,1,3,3,1,1,1,1,1],["cc.Button",["_N$transition","node","clickEvents"],2,1,9],["cc.ClickEvent",["_componentId","handler"],1],["cc.LabelOutline",["_width","node","_color"],2,1,5]],[[4,0,1,2,2],[1,0,7,5,3,4,6,2],[2,4,5,6,1],[11,0,1,2,2],[5,0,1,2,3,4,5,6,7,8,7],[2,0,1,4,5,6,3],[1,0,1,7,8,5,3,4,6,3],[1,0,7,8,3,4,6,2],[1,0,7,5,3,9,4,6,2],[5,0,1,2,3,4,5,6,7,7],[6,0,2],[1,0,8,5,3,9,4,6,2],[1,0,7,8,5,3,4,6,2],[1,0,7,5,3,4,10,6,2],[1,0,2,7,5,3,4,3],[7,0,1,2,3,4,5,6,2],[3,0,1,2,3,6,4,5,2],[3,0,1,2,3,4,5,2],[2,0,1,2,3,4,5,6,5],[2,4,5,1],[8,0,1,2,3,4,5,6,7,8,9,10,11,12,13,14,15,1],[4,1,2,1],[9,0,1,2,2],[10,0,1,3]],[[[{"name":"lv_img17","rect":[254,432,200,152],"offset":[0,0],"originalSize":[200,152],"rotated":1,"capInsets":[0,0,0,0]}],[0],0,[0],[1],[1]],[[{"name":"lv_img3","rect":[3,3,200,152],"offset":[0,0],"originalSize":[200,152],"capInsets":[0,0,0,0]}],[0],0,[0],[1],[3]],[[{"name":"limitTimeImg","rect":[911,141,61,62],"offset":[0,0],"originalSize":[61,62],"capInsets":[0,0,0,0]}],[0],0,[0],[1],[1]],[[{"name":"lv_img18","rect":[490,710,200,152],"offset":[0,0],"originalSize":[200,152],"rotated":1,"capInsets":[0,0,0,0]}],[0],0,[0],[1],[1]],[[[10,"MiniGamelItem"],[11,"MiniGamelItem",[-17,-18,-19,-20,-21,-22,-23,-24,-25],[[2,-2,[33],34],[20,-16,-15,-14,-13,-12,-11,-10,-9,-8,[35,36],[37,38,39,40,41,42,43,44,45,46,47,48],-7,-6,-5,-4,-3]],[21,-1,0],[4,4287861651],[5,245,323],[-810,0,0,0,0,0,1,1,1,1]],[6,"starPro_bg1",false,1,[-27,-28,-29],[[5,1,0,-26,[9],10]],[0,"39LCgBWhdGvYkYT5JbRGWP",1,0],[5,150,39],[0,-117.098,0,0,0,0,1,1,1,1]],[6,"lv_imgSta",false,1,[-32,-33],[[5,1,0,-30,[31],32],[22,3,-31,[[23,"94d58qmgwFH+bfrpPdKMuF1","clickStartBtn"]]]],[0,"f3eAYFRpZIlLyvGUc71in5",1,0],[5,158,70],[0,-175,0,0,0,0,1,1,1,0]],[7,"tokenBg",1,[-34,-35,-36],[0,"5fTFYr70BMGrLsqLMnuSXN",1,0],[5,40,39],[0,-117.671,0,0,0,0,1,1,1,1]],[12,"red",1,[-38],[[2,-37,[21],22]],[0,"b56L3Ylj9Gxowc1mhiNr2c",1,0],[5,63,75],[86.891,132.239,0,0,0,0,1,0.75,0.75,1]],[8,"rewardTip",1,[[4,"本周奖励次数已耗尽，\n下周再来吧~",22,22,false,1,1,-39,[23],24],[3,3,-40,[4,4278596427]]],[0,"74suJ+oxFEsZ6u/FwkZzN1",1,0],[4,4280135167],[5,226,55.72],[0,-120.56,0,0,0,0,1,1,1,1]],[15,"lv_img0",1,[-41],[0,"c4KXE3GnZNJ7IUfWwNqK3s",1,0],[4,4286874756],[5,200,152],[-1,32,0,0,0,0,1,1,1,1]],[1,"trophy_tag",1,[[2,-42,[1],2]],[0,"dcRXK5BChJM4CGw0FMfc0B",1,0],[5,61,62],[-61,65,0,0,0,0,1,1,1,1]],[16,"name",1,[[-43,[3,3,-44,[4,4278596427]]],1,4],[0,"29IhQFqlVO37P7XTo84FJr",1,0],[4,4280135167],[5,110,45.06],[0,-72.746,0,0,0,0,1,1,1,1]],[13,"starPro_bg2",2,[[18,2,0,1,1,-45,[4],5]],[0,"83Z+9cf9VDXJIPYaHwYqVh",1,0],[5,85,39],[0,0,0.5],[-75,0,0,0,0,0,1,1,1,1]],[17,"starCnt",2,[[-46,[3,2,-47,[4,4278190080]]],1,4],[0,"51c/sx/7tFaItDP5coiRFW",1,0],[5,67.22,35.5],[0,-1,0,0,0,0,1,1,1,1]],[1,"lv_imgLock",1,[[2,-48,[11],12]],[0,"46AhvJOy9Fb4M/n0WePWa5",1,0],[5,26,34],[0,30,0,0,0,0,1,2,2,1]],[1,"starCnt",4,[[4,"X45",16,16,false,1,1,-49,[17],18],[3,2,-50,[4,4278190080]]],[0,"9dhcPAV6lFM51b+0Eu/C1z",1,0],[5,38.67,24.16],[0,-11.068,0,0,0,0,1,1,1,1]],[1,"New Label",3,[[4,"开始游戏",25,25,false,1,1,-51,[25],26],[3,2,-52,[4,4278190080]]],[0,"442Qt9+txId5rpvcDfrVE2",1,0],[5,104,35.5],[0,17.448,0,0,0,0,1,1,1,1]],[7,"rightPower",3,[-53,-54],[0,"bctpOnXh1HEIePSalitxRB",1,0],[5,50,30],[-11.674,-11.494,0,0,0,0,1,1,1,1]],[8,"rightPowercost",15,[[4,"X2",24,28,false,1,1,-55,[29],30],[3,2,-56,[4,4278190080]]],[0,"c0CC/J19FFRI6ttm/FcN1n",1,0],[4,4278255590],[5,37.22,39.28],[28.484,-2.161,0,0,0,0,1,1,1,1]],[19,7,[0]],[9,"排山倒海",26,31,false,1,1,9,[3]],[9,"10/20",20,25,false,1,1,11,[6]],[1,"win_star",2,[[2,-57,[7],8]],[0,"dcpY4YFzpGC6deRUsfBEwc",1,0],[5,115,104],[-71.698,0,0,0,0,0,1,0.48,0.48,1]],[14,"slot_mask",180,4,[[5,1,0,-58,[13],14]],[0,"d9Ljc7QnRKY5NUzvh11t/n",1,0],[5,48,48]],[1,"recruitImg6",4,[[2,-59,[15],16]],[0,"92L6Z2yrBIlJV3QFmiq4ko",1,0],[5,56,56],[0,2.61,0,0,0,0,1,0.6,0.6,1]],[1,"redTip",5,[[2,-60,[19],20]],[0,"54Kzdi9ItDF5WOcNWHOnVJ",1,0],[5,38,52],[3.459,6.918,0,0,0,0,1,1,1,1]],[1,"powerIcon",15,[[2,-61,[27],28]],[0,"86gxQ4IZBBbrUH2oud3xHo",1,0],[5,81,82],[0,0,0,0,0,0,1,0.4,0.4,1]]],0,[0,4,1,0,0,1,0,5,3,0,6,6,0,7,5,0,8,18,0,9,17,0,10,4,0,11,7,0,12,10,0,13,19,0,14,2,0,15,1,0,16,12,0,17,8,0,0,1,0,-1,7,0,-2,8,0,-3,9,0,-4,2,0,-5,12,0,-6,4,0,-7,5,0,-8,6,0,-9,3,0,0,2,0,-1,10,0,-2,11,0,-3,20,0,0,3,0,0,3,0,-1,14,0,-2,15,0,-1,21,0,-2,22,0,-3,13,0,0,5,0,-1,23,0,0,6,0,0,6,0,-1,17,0,0,8,0,-1,18,0,0,9,0,0,10,0,-1,19,0,0,11,0,0,12,0,0,13,0,0,13,0,0,14,0,0,14,0,-1,24,0,-2,16,0,0,16,0,0,16,0,0,20,0,0,21,0,0,22,0,0,23,0,0,24,0,18,1,61],[0,0,0,0,0,0,0,0,0,0,0,0,0,0,0,0,0,0,0,0,0,0,0,0,0,0,0,0,0,0,0,0,0,0,0,0,0,0,0,0,0,0,0,0,0,0,0,0,0,17,18,19],[-1,-1,2,-1,-1,2,-1,-1,2,-1,2,-1,2,-1,2,-1,2,-1,3,-1,2,-1,2,-1,3,-1,3,-1,2,-1,3,-1,2,-1,2,-1,-2,-1,-2,-3,-4,-5,-6,-7,-8,-9,-10,-11,-12,2,3,3],[0,0,4,0,0,6,0,0,7,0,8,0,9,0,10,0,11,0,2,0,12,0,13,0,2,0,2,0,14,0,2,0,15,0,16,17,4,5,18,19,20,21,22,23,24,25,26,27,28,5,2,2]],[[{"name":"lv_img9","rect":[415,161,200,152],"offset":[0,0],"originalSize":[200,152],"capInsets":[0,0,0,0]}],[0],0,[0],[1],[3]],[[{"name":"lv_img20","rect":[412,432,200,152],"offset":[0,0],"originalSize":[200,152],"rotated":1,"capInsets":[0,0,0,0]}],[0],0,[0],[1],[1]],[[{"name":"lv_img16","rect":[445,209,200,152],"offset":[0,0],"originalSize":[200,152],"rotated":1,"capInsets":[0,0,0,0]}],[0],0,[0],[1],[1]],[[{"name":"starPro_bg2","rect":[553,916,22,39],"offset":[0,0],"originalSize":[22,39],"rotated":1,"capInsets":[7,7,7,7]}],[0],0,[0],[1],[1]],[[{"name":"lv_img14","rect":[603,209,200,152],"offset":[0,0],"originalSize":[200,152],"rotated":1,"capInsets":[0,0,0,0]}],[0],0,[0],[1],[1]],[[{"name":"lv_img1","rect":[415,319,200,152],"offset":[0,0],"originalSize":[200,152],"capInsets":[0,0,0,0]}],[0],0,[0],[1],[3]],[[{"name":"lv_img5","rect":[3,562,200,152],"offset":[0,0],"originalSize":[200,152],"rotated":1,"capInsets":[0,0,0,0]}],[0],0,[0],[1],[3]],[[{"name":"lv_img19","rect":[728,415,200,152],"offset":[0,0],"originalSize":[200,152],"rotated":1,"capInsets":[0,0,0,0]}],[0],0,[0],[1],[1]],[[{"name":"lv_img15","rect":[761,209,200,152],"offset":[0,0],"originalSize":[200,152],"rotated":1,"capInsets":[0,0,0,0]}],[0],0,[0],[1],[1]],[[{"name":"starPro_bg1","rect":[598,916,22,39],"offset":[0,0],"originalSize":[22,39],"rotated":1,"capInsets":[7,7,7,7]}],[0],0,[0],[1],[1]]]]