[1,["c0S1ifmA5C+KBXVF4X/rUM"],["_texture"],[["dragonBones.DragonBonesAtlasAsset",["_name","_atlasJson"],1]],[[0,0,1,3]],[[0,"01_wandousheshou_tex","{\"width\":128,\"imagePath\":\"01_wandousheshou_tex.png\",\"name\":\"01_wandousheshou\",\"SubTexture\":[{\"width\":17,\"y\":62,\"height\":12,\"name\":\"01wandousheshou/jiaoye2\",\"x\":28},{\"width\":16,\"y\":58,\"height\":13,\"name\":\"01wandousheshou/jiaoye3\",\"x\":49},{\"width\":17,\"y\":1,\"height\":36,\"name\":\"01wandousheshou/shenti\",\"x\":108},{\"width\":10,\"y\":58,\"height\":10,\"name\":\"01wandousheshou/qiu\",\"x\":67},{\"width\":20,\"y\":34,\"height\":22,\"name\":\"01wandousheshou/touye\",\"x\":74},{\"width\":49,\"y\":1,\"height\":44,\"name\":\"01wandousheshou/tou\",\"x\":1},{\"width\":20,\"y\":34,\"height\":22,\"name\":\"01wandousheshou/sai\",\"x\":52},{\"width\":23,\"y\":64,\"height\":8,\"name\":\"01wandousheshou/yandi\",\"x\":1},{\"width\":23,\"y\":74,\"height\":4,\"name\":\"01wandousheshou/eye2\",\"x\":1},{\"width\":19,\"y\":47,\"height\":13,\"name\":\"01wandousheshou/eye\",\"x\":28},{\"width\":23,\"y\":39,\"height\":17,\"name\":\"01wandousheshou/jiaoye0\",\"x\":96},{\"width\":25,\"y\":47,\"height\":15,\"name\":\"01wandousheshou/jiaoye1\",\"x\":1},{\"width\":26,\"y\":1,\"height\":31,\"name\":\"01wandousheshou/mouth1\",\"x\":52},{\"width\":26,\"y\":1,\"height\":31,\"name\":\"01wandousheshou/mouth2\",\"x\":80}],\"height\":128}"]],0,0,[0],[0],[0]]