[1,["2eRNLIReNGz6/pzxgqoKmb"],["_texture"],[["dragonBones.DragonBonesAtlasAsset",["_name","_atlasJson"],1]],[[0,0,1,3]],[[0,"daji_tex","{\"width\":1024,\"imagePath\":\"daji_tex.png\",\"height\":1024,\"name\":\"daji\",\"SubTexture\":[{\"frameY\":0,\"y\":87,\"frameWidth\":86,\"frameX\":0,\"frameHeight\":86,\"width\":85,\"height\":84,\"name\":\"Shield_Cycle\",\"x\":799},{\"width\":89,\"y\":910,\"height\":89,\"name\":\"Expl01_05\",\"x\":93},{\"frameY\":-1,\"y\":223,\"frameWidth\":80,\"frameX\":-1,\"frameHeight\":75,\"width\":78,\"height\":72,\"name\":\"Expl01_16\",\"x\":944},{\"frameY\":0,\"y\":86,\"frameWidth\":84,\"frameX\":0,\"frameHeight\":84,\"width\":83,\"height\":82,\"name\":\"Expl01_08\",\"x\":612},{\"frameY\":-1,\"y\":297,\"frameWidth\":78,\"frameX\":-1,\"frameHeight\":76,\"width\":76,\"height\":73,\"name\":\"Expl01_19\",\"x\":885},{\"frameY\":-1,\"y\":1,\"frameWidth\":85,\"frameX\":0,\"frameHeight\":85,\"width\":85,\"height\":84,\"name\":\"Expl01_07\",\"x\":799},{\"frameY\":-1,\"y\":403,\"frameWidth\":79,\"frameX\":-1,\"frameHeight\":76,\"width\":77,\"height\":72,\"name\":\"Expl01_18\",\"x\":634},{\"frameY\":-1,\"y\":75,\"frameWidth\":82,\"frameX\":-1,\"frameHeight\":75,\"width\":80,\"height\":72,\"name\":\"Expl01_13\",\"x\":886},{\"frameY\":-1,\"y\":333,\"frameWidth\":81,\"frameX\":-1,\"frameHeight\":74,\"width\":79,\"height\":71,\"name\":\"Expl01_10\",\"x\":553},{\"frameY\":-1,\"y\":86,\"frameWidth\":85,\"frameX\":0,\"frameHeight\":84,\"width\":84,\"height\":80,\"name\":\"Expl01_09\",\"x\":697},{\"frameY\":-1,\"y\":328,\"frameWidth\":78,\"frameX\":-1,\"frameHeight\":76,\"width\":77,\"height\":73,\"name\":\"Expl01_20\",\"x\":693},{\"frameY\":-1,\"y\":173,\"frameWidth\":83,\"frameX\":-1,\"frameHeight\":75,\"width\":81,\"height\":72,\"name\":\"Expl01_12\",\"x\":861},{\"frameY\":-1,\"y\":1,\"frameWidth\":82,\"frameX\":-1,\"frameHeight\":75,\"width\":80,\"height\":72,\"name\":\"Expl01_11\",\"x\":886},{\"frameY\":-1,\"y\":734,\"frameWidth\":64,\"frameX\":-2,\"frameHeight\":69,\"width\":61,\"height\":66,\"name\":\"Expl01_04\",\"x\":799},{\"frameY\":-1,\"y\":149,\"frameWidth\":80,\"frameX\":-1,\"frameHeight\":75,\"width\":78,\"height\":72,\"name\":\"Expl01_15\",\"x\":944},{\"frameY\":0,\"y\":1,\"frameWidth\":81,\"frameX\":-2,\"frameHeight\":83,\"width\":79,\"height\":83,\"name\":\"Expl01_03\",\"x\":698},{\"frameY\":-1,\"y\":259,\"frameWidth\":81,\"frameX\":-1,\"frameHeight\":76,\"width\":79,\"height\":72,\"name\":\"Expl01_14\",\"x\":612},{\"frameY\":-2,\"y\":912,\"frameWidth\":87,\"frameX\":0,\"frameHeight\":87,\"width\":86,\"height\":85,\"name\":\"Expl01_06\",\"x\":542},{\"frameY\":-1,\"y\":403,\"frameWidth\":80,\"frameX\":-1,\"frameHeight\":75,\"width\":77,\"height\":72,\"name\":\"Expl01_17\",\"x\":713},{\"width\":89,\"y\":915,\"height\":89,\"name\":\"Expl01_05 b\",\"x\":1},{\"frameY\":-1,\"y\":372,\"frameWidth\":64,\"frameX\":-2,\"frameHeight\":69,\"width\":61,\"height\":66,\"name\":\"Expl01_04 b\",\"x\":956},{\"frameY\":0,\"y\":247,\"frameWidth\":42,\"frameX\":-2,\"frameHeight\":47,\"width\":40,\"height\":47,\"name\":\"Short_Circuit_2_0006\",\"x\":885},{\"frameY\":0,\"y\":658,\"frameWidth\":65,\"frameX\":-1,\"frameHeight\":74,\"width\":64,\"height\":74,\"name\":\"Short_Circuit_2_0005\",\"x\":799},{\"frameY\":0,\"y\":173,\"frameWidth\":78,\"frameX\":0,\"frameHeight\":80,\"width\":76,\"height\":80,\"name\":\"Short_Circuit_2_0002\",\"x\":783},{\"frameY\":0,\"y\":406,\"frameWidth\":75,\"frameX\":-1,\"frameHeight\":75,\"width\":74,\"height\":75,\"name\":\"Short_Circuit_2_0003\",\"x\":553},{\"frameY\":0,\"y\":297,\"frameWidth\":52,\"frameX\":0,\"frameHeight\":72,\"width\":51,\"height\":72,\"name\":\"Short_Circuit_2_0001\",\"x\":963},{\"frameY\":0,\"y\":658,\"frameWidth\":71,\"frameX\":-1,\"frameHeight\":74,\"width\":70,\"height\":73,\"name\":\"Short_Circuit_2_0004\",\"x\":876},{\"frameY\":-1,\"y\":824,\"frameWidth\":28,\"frameX\":0,\"frameHeight\":58,\"width\":27,\"height\":55,\"name\":\"Short_Circuit_2_0007\",\"x\":992},{\"frameY\":0,\"y\":912,\"frameWidth\":86,\"frameX\":-4,\"frameHeight\":89,\"width\":82,\"height\":89,\"name\":\"BlastSphere02\",\"x\":715},{\"frameY\":0,\"y\":173,\"frameWidth\":85,\"frameX\":0,\"frameHeight\":84,\"width\":84,\"height\":84,\"name\":\"Hit07_3\",\"x\":612},{\"frameY\":0,\"y\":775,\"frameWidth\":49,\"frameX\":-2,\"frameHeight\":50,\"width\":47,\"height\":47,\"name\":\"Hit07_0\",\"x\":974},{\"frameY\":0,\"y\":588,\"frameWidth\":68,\"frameX\":0,\"frameHeight\":68,\"width\":67,\"height\":68,\"name\":\"Hit07_2\",\"x\":949},{\"frameY\":-1,\"y\":173,\"frameWidth\":87,\"frameX\":-2,\"frameHeight\":81,\"width\":83,\"height\":77,\"name\":\"Hit07_6\",\"x\":698},{\"frameY\":-1,\"y\":274,\"frameWidth\":58,\"frameX\":-1,\"frameHeight\":59,\"width\":56,\"height\":56,\"name\":\"Hit07_1\",\"x\":553},{\"frameY\":-9,\"y\":885,\"frameWidth\":63,\"frameX\":-28,\"frameHeight\":43,\"width\":30,\"height\":22,\"name\":\"Hit03_0\",\"x\":93},{\"frameY\":-3,\"y\":829,\"frameWidth\":63,\"frameX\":-7,\"frameHeight\":43,\"width\":49,\"height\":35,\"name\":\"Hit03_2\",\"x\":456},{\"frameY\":-6,\"y\":875,\"frameWidth\":63,\"frameX\":-16,\"frameHeight\":43,\"width\":44,\"height\":31,\"name\":\"Hit03_1\",\"x\":225},{\"frameY\":-3,\"y\":92,\"frameWidth\":63,\"frameX\":-4,\"frameHeight\":43,\"width\":49,\"height\":36,\"name\":\"Hit03_3\",\"x\":968},{\"frameY\":-6,\"y\":854,\"frameWidth\":42,\"frameX\":0,\"frameHeight\":35,\"width\":26,\"height\":29,\"name\":\"Hit04_1 -h\",\"x\":93},{\"frameY\":0,\"y\":706,\"frameWidth\":24,\"frameX\":-1,\"frameHeight\":24,\"width\":23,\"height\":23,\"name\":\"Hit04_0 - h\",\"x\":398},{\"width\":42,\"y\":866,\"height\":35,\"name\":\"Hit04_5 - h\",\"x\":551},{\"frameY\":0,\"y\":989,\"frameWidth\":42,\"frameX\":0,\"frameHeight\":35,\"width\":42,\"height\":34,\"name\":\"Hit04_4 - h\",\"x\":958},{\"width\":42,\"y\":632,\"height\":35,\"name\":\"Hit04_2 - h\",\"x\":398},{\"width\":42,\"y\":595,\"height\":35,\"name\":\"Hit04_3 - h\",\"x\":442},{\"frameY\":0,\"y\":795,\"frameWidth\":24,\"frameX\":-1,\"frameHeight\":24,\"width\":23,\"height\":23,\"name\":\"Hit04_0\",\"x\":423},{\"width\":42,\"y\":519,\"height\":35,\"name\":\"Hit04_5\",\"x\":460},{\"frameY\":0,\"y\":668,\"frameWidth\":42,\"frameX\":0,\"frameHeight\":35,\"width\":42,\"height\":34,\"name\":\"Hit04_4\",\"x\":442},{\"frameY\":-6,\"y\":823,\"frameWidth\":42,\"frameX\":0,\"frameHeight\":35,\"width\":26,\"height\":29,\"name\":\"Hit04_1\",\"x\":93},{\"width\":42,\"y\":669,\"height\":35,\"name\":\"Hit04_3\",\"x\":398},{\"width\":42,\"y\":558,\"height\":35,\"name\":\"Hit04_2\",\"x\":442},{\"width\":1,\"y\":276,\"height\":1,\"name\":\"仙\",\"x\":135},{\"frameY\":-9,\"y\":767,\"frameWidth\":63,\"frameX\":-28,\"frameHeight\":43,\"width\":30,\"height\":22,\"name\":\"Hit03_0 - l\",\"x\":476},{\"frameY\":-6,\"y\":704,\"frameWidth\":63,\"frameX\":-16,\"frameHeight\":43,\"width\":44,\"height\":31,\"name\":\"Hit03_1 -l\",\"x\":476},{\"frameY\":-3,\"y\":866,\"frameWidth\":63,\"frameX\":-7,\"frameHeight\":43,\"width\":49,\"height\":35,\"name\":\"Hit03_2 - l\",\"x\":456},{\"frameY\":-3,\"y\":54,\"frameWidth\":63,\"frameX\":-4,\"frameHeight\":43,\"width\":49,\"height\":36,\"name\":\"Hit03_3 - l\",\"x\":968},{\"width\":42,\"y\":558,\"height\":35,\"name\":\"Hit04_3 - l\",\"x\":398},{\"frameY\":0,\"y\":632,\"frameWidth\":42,\"frameX\":0,\"frameHeight\":35,\"width\":42,\"height\":34,\"name\":\"Hit04_4 - l\",\"x\":442},{\"width\":42,\"y\":595,\"height\":35,\"name\":\"Hit04_5 - l\",\"x\":398},{\"frameY\":0,\"y\":795,\"frameWidth\":24,\"frameX\":-1,\"frameHeight\":24,\"width\":23,\"height\":23,\"name\":\"Hit04_0 - l\",\"x\":398},{\"frameY\":-6,\"y\":737,\"frameWidth\":42,\"frameX\":0,\"frameHeight\":35,\"width\":26,\"height\":29,\"name\":\"Hit04_1 -l\",\"x\":520},{\"width\":42,\"y\":866,\"height\":35,\"name\":\"Hit04_2 - h -l\",\"x\":507},{\"width\":90,\"y\":823,\"height\":90,\"name\":\"EnergyGun_Hit0008\",\"x\":1},{\"frameY\":0,\"y\":912,\"frameWidth\":88,\"frameX\":-2,\"frameHeight\":87,\"width\":85,\"height\":87,\"name\":\"EnergyGun_Hit0003\",\"x\":455},{\"frameY\":-1,\"y\":437,\"frameWidth\":78,\"frameX\":0,\"frameHeight\":73,\"width\":76,\"height\":72,\"name\":\"EnergyGun_Hit0009\",\"x\":792},{\"width\":89,\"y\":913,\"height\":88,\"name\":\"EnergyGun_Hit0005\",\"x\":275},{\"width\":90,\"y\":818,\"height\":90,\"name\":\"EnergyGun_Hit0006\",\"x\":133},{\"width\":87,\"y\":912,\"height\":87,\"name\":\"EnergyGun_Hit0002\",\"x\":366},{\"frameY\":0,\"y\":274,\"frameWidth\":85,\"frameX\":0,\"frameHeight\":86,\"width\":84,\"height\":86,\"name\":\"EnergyGun_Hit0001\",\"x\":799},{\"width\":90,\"y\":418,\"height\":90,\"name\":\"EnergyGun_Hit0007\",\"x\":396},{\"frameY\":-1,\"y\":1,\"frameWidth\":86,\"frameX\":-2,\"frameHeight\":84,\"width\":84,\"height\":83,\"name\":\"EnergyGun_Hit0004\",\"x\":612},{\"width\":155,\"y\":277,\"height\":139,\"name\":\"Glow 1\",\"x\":396},{\"frameY\":-2,\"y\":824,\"frameWidth\":64,\"frameX\":-1,\"frameHeight\":64,\"width\":62,\"height\":62,\"name\":\"Ring01_2\",\"x\":864},{\"frameY\":-1,\"y\":932,\"frameWidth\":64,\"frameX\":0,\"frameHeight\":64,\"width\":64,\"height\":62,\"name\":\"Ring01_0\",\"x\":799},{\"frameY\":0,\"y\":822,\"frameWidth\":46,\"frameX\":0,\"frameHeight\":53,\"width\":46,\"height\":51,\"name\":\"Ring01_3\",\"x\":225},{\"frameY\":0,\"y\":867,\"frameWidth\":64,\"frameX\":-1,\"frameHeight\":64,\"width\":63,\"height\":63,\"name\":\"Ring01_1\",\"x\":799},{\"frameY\":0,\"y\":723,\"frameWidth\":50,\"frameX\":-1,\"frameHeight\":50,\"width\":49,\"height\":50,\"name\":\"square\",\"x\":973},{\"width\":132,\"y\":1,\"height\":276,\"name\":\"s9\",\"x\":1},{\"width\":124,\"y\":275,\"height\":256,\"name\":\"s1\",\"x\":270},{\"width\":132,\"y\":1,\"height\":273,\"name\":\"s2\",\"x\":135},{\"width\":129,\"y\":548,\"height\":272,\"name\":\"s6\",\"x\":267},{\"width\":129,\"y\":276,\"height\":270,\"name\":\"s3\",\"x\":139},{\"width\":127,\"y\":1,\"height\":272,\"name\":\"s4\",\"x\":269},{\"width\":121,\"y\":1,\"height\":274,\"name\":\"s7\",\"x\":398},{\"width\":130,\"y\":548,\"height\":273,\"name\":\"s8\",\"x\":1},{\"width\":136,\"y\":279,\"height\":267,\"name\":\"s5\",\"x\":1},{\"width\":132,\"y\":548,\"height\":268,\"name\":\"s10\",\"x\":133},{\"frameY\":0,\"y\":1,\"frameWidth\":46,\"frameX\":0,\"frameHeight\":53,\"width\":46,\"height\":51,\"name\":\"2wa/Ring01_3\",\"x\":968},{\"frameY\":-2,\"y\":824,\"frameWidth\":64,\"frameX\":-1,\"frameHeight\":64,\"width\":62,\"height\":62,\"name\":\"2wa/Ring01_2\",\"x\":928},{\"frameY\":0,\"y\":802,\"frameWidth\":64,\"frameX\":-1,\"frameHeight\":64,\"width\":63,\"height\":63,\"name\":\"2wa/Ring01_1\",\"x\":799},{\"frameY\":-1,\"y\":795,\"frameWidth\":73,\"frameX\":0,\"frameHeight\":34,\"width\":72,\"height\":32,\"name\":\"2wa/EnergyOrbit02\",\"x\":456},{\"frameY\":0,\"y\":829,\"frameWidth\":50,\"frameX\":-3,\"frameHeight\":36,\"width\":46,\"height\":35,\"name\":\"2wa/EnergyOrbit07\",\"x\":507},{\"frameY\":-1,\"y\":779,\"frameWidth\":109,\"frameX\":-2,\"frameHeight\":44,\"width\":107,\"height\":43,\"name\":\"2wa/EnergyOrbit04\",\"x\":865},{\"frameY\":0,\"y\":953,\"frameWidth\":94,\"frameX\":-3,\"frameHeight\":45,\"width\":91,\"height\":42,\"name\":\"2wa/EnergyOrbit06\",\"x\":865},{\"frameY\":0,\"y\":733,\"frameWidth\":109,\"frameX\":-3,\"frameHeight\":46,\"width\":106,\"height\":44,\"name\":\"2wa/EnergyOrbit05\",\"x\":865},{\"frameY\":0,\"y\":737,\"frameWidth\":45,\"frameX\":-2,\"frameHeight\":31,\"width\":42,\"height\":28,\"name\":\"2wa/EnergyOrbit01\",\"x\":476},{\"frameY\":-1,\"y\":888,\"frameWidth\":99,\"frameX\":-3,\"frameHeight\":40,\"width\":95,\"height\":39,\"name\":\"2wa/EnergyOrbit03\",\"x\":928},{\"width\":1,\"y\":437,\"height\":1,\"name\":\"tiliang\",\"x\":870},{\"width\":64,\"y\":446,\"height\":64,\"name\":\"2wa/EnergyRing01\",\"x\":954},{\"width\":89,\"y\":92,\"height\":89,\"name\":\"2wa/EnergySphere04\",\"x\":521},{\"frameY\":-1,\"y\":822,\"frameWidth\":89,\"frameX\":-1,\"frameHeight\":89,\"width\":88,\"height\":88,\"name\":\"2wa/EnergySphere05\",\"x\":366},{\"frameY\":0,\"y\":912,\"frameWidth\":87,\"frameX\":-3,\"frameHeight\":88,\"width\":83,\"height\":88,\"name\":\"2wa/EnergySphere06\",\"x\":630},{\"width\":89,\"y\":910,\"height\":89,\"name\":\"2wa/EnergySphere03\",\"x\":184},{\"width\":89,\"y\":822,\"height\":89,\"name\":\"2wa/EnergySphere01\",\"x\":275},{\"width\":89,\"y\":183,\"height\":89,\"name\":\"2wa/EnergySphere02\",\"x\":521},{\"width\":89,\"y\":1,\"height\":89,\"name\":\"Expl01_02\",\"x\":521},{\"frameY\":-1,\"y\":888,\"frameWidth\":64,\"frameX\":-2,\"frameHeight\":65,\"width\":61,\"height\":63,\"name\":\"Expl01_01\",\"x\":865},{\"frameY\":-1,\"y\":247,\"frameWidth\":18,\"frameX\":-2,\"frameHeight\":23,\"width\":15,\"height\":20,\"name\":\"Expl_Bomb0017\",\"x\":861},{\"frameY\":-1,\"y\":588,\"frameWidth\":73,\"frameX\":-2,\"frameHeight\":71,\"width\":70,\"height\":68,\"name\":\"Expl_Bomb0004\",\"x\":877},{\"frameY\":-1,\"y\":372,\"frameWidth\":78,\"frameX\":0,\"frameHeight\":75,\"width\":77,\"height\":72,\"name\":\"Expl_Bomb0007\",\"x\":877},{\"frameY\":-1,\"y\":446,\"frameWidth\":78,\"frameX\":-2,\"frameHeight\":71,\"width\":76,\"height\":68,\"name\":\"Expl_Bomb0011\",\"x\":876},{\"frameY\":-1,\"y\":704,\"frameWidth\":30,\"frameX\":-2,\"frameHeight\":30,\"width\":27,\"height\":27,\"name\":\"Expl_Bomb0001\",\"x\":442},{\"frameY\":-1,\"y\":362,\"frameWidth\":78,\"frameX\":-2,\"frameHeight\":76,\"width\":76,\"height\":73,\"name\":\"Expl_Bomb0009\",\"x\":799},{\"frameY\":-1,\"y\":252,\"frameWidth\":79,\"frameX\":-2,\"frameHeight\":77,\"width\":77,\"height\":74,\"name\":\"Expl_Bomb0008\",\"x\":698},{\"frameY\":-1,\"y\":516,\"frameWidth\":76,\"frameX\":-2,\"frameHeight\":73,\"width\":73,\"height\":70,\"name\":\"Expl_Bomb0005\",\"x\":877},{\"frameY\":-1,\"y\":511,\"frameWidth\":77,\"frameX\":-1,\"frameHeight\":75,\"width\":75,\"height\":72,\"name\":\"Expl_Bomb0006\",\"x\":799},{\"frameY\":-1,\"y\":418,\"frameWidth\":65,\"frameX\":-2,\"frameHeight\":52,\"width\":62,\"height\":49,\"name\":\"Expl_Bomb0015\",\"x\":488},{\"frameY\":-1,\"y\":469,\"frameWidth\":65,\"frameX\":-2,\"frameHeight\":51,\"width\":62,\"height\":48,\"name\":\"Expl_Bomb0016\",\"x\":488},{\"frameY\":-1,\"y\":929,\"frameWidth\":66,\"frameX\":-2,\"frameHeight\":61,\"width\":63,\"height\":58,\"name\":\"Expl_Bomb0014\",\"x\":958},{\"frameY\":-1,\"y\":734,\"frameWidth\":78,\"frameX\":-2,\"frameHeight\":62,\"width\":76,\"height\":59,\"name\":\"Expl_Bomb0013\",\"x\":398},{\"frameY\":-1,\"y\":516,\"frameWidth\":68,\"frameX\":-2,\"frameHeight\":67,\"width\":65,\"height\":64,\"name\":\"Expl_Bomb0003\",\"x\":952},{\"frameY\":-1,\"y\":585,\"frameWidth\":78,\"frameX\":-2,\"frameHeight\":74,\"width\":76,\"height\":71,\"name\":\"Expl_Bomb0010\",\"x\":799},{\"frameY\":-1,\"y\":333,\"frameWidth\":51,\"frameX\":-2,\"frameHeight\":53,\"width\":48,\"height\":50,\"name\":\"Expl_Bomb0002\",\"x\":634},{\"frameY\":-1,\"y\":658,\"frameWidth\":77,\"frameX\":-2,\"frameHeight\":66,\"width\":75,\"height\":63,\"name\":\"Expl_Bomb0012\",\"x\":948},{\"width\":16,\"y\":706,\"height\":22,\"name\":\"Hit01_1\",\"x\":423},{\"frameY\":0,\"y\":510,\"frameWidth\":64,\"frameX\":-4,\"frameHeight\":47,\"width\":60,\"height\":46,\"name\":\"Smoke_Trail\",\"x\":398}]}"]],0,0,[0],[0],[0]]