[1,["7a/QZLET9IDreTiBfRn2PD","e6dFeyW7VJBqKM0sDmWA+m","48ZMX3e7RJMaEfGDnlDx86"],["root","spine","node","data","_N$skeletonData"],[["cc.PrefabInfo",["fileId","root","asset"],2,1,1],["cc.Prefab",["_name"],2],["cc.Node",["_name","_children","_components","_prefab"],2,2,9,4],["cc.Node",["_name","_parent","_components","_prefab","_contentSize"],2,1,2,4,5],["b2afbvP8rxKZpOCQLPbuZGR",["aniName","node","spine"],2,1,1],["sp.Skeleton",["defaultSkin","defaultAnimation","_preCacheMode","_animationName","node","_materials"],-1,1,3],["261d4+Q1HdGA5w3tjdBw83c",["node","spineAnimation"],3,1,1],["sp.SkeletonData",["_name","_atlasText","textureNames","_skeletonJson","textures"],-1,3]],[[1,0,2],[2,0,1,2,3,2],[3,0,1,2,3,4,2],[4,0,1,2,2],[0,1,2,1],[0,0,1,2,2],[5,0,1,2,3,4,5,5],[6,0,1,1],[7,0,1,2,3,4,5]],[[[[0,"GargantuarAshesEffect"],[1,"GargantuarAshesEffect",[-4],[[3,"death",-3,-2]],[4,-1,0]],[2,"20FX_Cinders",1,[-5,-6],[5,"bc3sBgnb5My7feU4w8+r7H",1,0],[5,180.95,249.73]],[6,"default","death",0,"death",2,[0]],[7,2,3]],0,[0,0,1,0,1,4,0,2,1,0,-1,2,0,-1,3,0,-2,4,0,3,1,6],[0,3],[-1,4],[0,1]],[[[8,"22FX_Cinders","\n22FX_Cinders.png\nsize: 1024,512\nformat: RGBA8888\nfilter: Linear,Linear\nrepeat: none\n2body1\n  rotate: true\n  xy: 646, 308\n  size: 67, 94\n  orig: 68, 94\n  offset: 0, 0\n  index: -1\n2body2\n  rotate: true\n  xy: 578, 125\n  size: 63, 91\n  orig: 68, 92\n  offset: 5, 0\n  index: -1\n2body3\n  rotate: false\n  xy: 613, 53\n  size: 61, 70\n  orig: 62, 71\n  offset: 1, 1\n  index: -1\n2body4\n  rotate: true\n  xy: 613, 2\n  size: 49, 63\n  orig: 54, 64\n  offset: 1, 1\n  index: -1\n2body5\n  rotate: true\n  xy: 671, 160\n  size: 60, 54\n  orig: 62, 56\n  offset: 1, 1\n  index: -1\n2body6\n  rotate: false\n  xy: 465, 281\n  size: 52, 41\n  orig: 53, 43\n  offset: 0, 1\n  index: -1\n2eye1\n  rotate: false\n  xy: 212, 3\n  size: 42, 25\n  orig: 42, 30\n  offset: 0, 1\n  index: -1\n2eye2\n  rotate: false\n  xy: 168, 2\n  size: 42, 26\n  orig: 42, 26\n  offset: 0, 0\n  index: -1\n2head\n  rotate: false\n  xy: 714, 248\n  size: 53, 58\n  orig: 55, 59\n  offset: 0, 0\n  index: -1\narm\n  rotate: true\n  xy: 542, 290\n  size: 63, 102\n  orig: 63, 103\n  offset: 0, 0\n  index: -1\nbody1\n  rotate: false\n  xy: 2, 262\n  size: 159, 247\n  orig: 161, 249\n  offset: 1, 1\n  index: -1\nbody10\n  rotate: false\n  xy: 658, 222\n  size: 54, 84\n  orig: 56, 86\n  offset: 1, 1\n  index: -1\nbody11\n  rotate: true\n  xy: 475, 325\n  size: 28, 65\n  orig: 30, 67\n  offset: 1, 1\n  index: -1\nbody2\n  rotate: false\n  xy: 2, 24\n  size: 154, 236\n  orig: 156, 238\n  offset: 1, 1\n  index: -1\nbody3\n  rotate: false\n  xy: 158, 30\n  size: 154, 230\n  orig: 156, 232\n  offset: 1, 1\n  index: -1\nbody4\n  rotate: false\n  xy: 163, 279\n  size: 154, 230\n  orig: 156, 232\n  offset: 1, 1\n  index: -1\nbody5\n  rotate: false\n  xy: 314, 71\n  size: 154, 206\n  orig: 156, 208\n  offset: 1, 1\n  index: -1\nbody6\n  rotate: false\n  xy: 319, 324\n  size: 154, 185\n  orig: 156, 187\n  offset: 1, 1\n  index: -1\nbody7\n  rotate: true\n  xy: 475, 355\n  size: 154, 151\n  orig: 156, 153\n  offset: 1, 1\n  index: -1\nbody8\n  rotate: false\n  xy: 628, 377\n  size: 128, 132\n  orig: 129, 134\n  offset: 1, 1\n  index: -1\nbody9\n  rotate: true\n  xy: 487, 4\n  size: 105, 124\n  orig: 107, 125\n  offset: 1, 1\n  index: -1\ndi1\n  rotate: true\n  xy: 470, 111\n  size: 168, 106\n  orig: 170, 106\n  offset: 0, 0\n  index: -1\ndi2\n  rotate: false\n  xy: 314, 21\n  size: 171, 48\n  orig: 171, 49\n  offset: 0, 1\n  index: -1\neye1\n  rotate: false\n  xy: 319, 284\n  size: 71, 38\n  orig: 72, 40\n  offset: 1, 1\n  index: -1\neye2\n  rotate: false\n  xy: 392, 284\n  size: 71, 38\n  orig: 72, 40\n  offset: 1, 1\n  index: -1\nhead\n  rotate: false\n  xy: 578, 190\n  size: 78, 98\n  orig: 80, 100\n  offset: 1, 1\n  index: -1\nhui1\n  rotate: true\n  xy: 2, 6\n  size: 16, 164\n  orig: 16, 164\n  offset: 0, 0\n  index: -1\n",["22FX_Cinders.png"],{"skeleton":{"hash":"E2N45aqnxbXsuz9UB3IlolGZoC8","spine":"3.8.99","x":-94.46,"y":4.04,"width":180.95,"height":249.73},"bones":[{"name":"root"},{"name":"22FX_Cinders","parent":"root","x":12.64,"y":19.44,"scaleX":0.175,"scaleY":0.175},{"name":"body1","parent":"22FX_Cinders"},{"name":"2body1","parent":"22FX_Cinders","x":231.16,"y":790.57},{"name":"2head","parent":"22FX_Cinders","length":152.46,"rotation":90,"x":218.07,"y":1139.22},{"name":"head","parent":"22FX_Cinders","length":206.4,"rotation":90,"x":-375.97,"y":797.85},{"name":"arm","parent":"22FX_Cinders","length":337.19,"rotation":-91.17,"x":-362.21,"y":635.48},{"name":"di1","parent":"22FX_Cinders","x":-41.29,"y":-51.12},{"name":"di2","parent":"22FX_Cinders","x":-31.46,"y":-55.05},{"name":"hui1","parent":"22FX_Cinders","x":-51.65,"y":443.31}],"slots":[{"name":"arm","bone":"arm","attachment":"arm"},{"name":"body1","bone":"body1","attachment":"body1"},{"name":"2body1","bone":"2body1","attachment":"2body1"},{"name":"hui1","bone":"hui1"},{"name":"di1","bone":"di1"},{"name":"di2","bone":"di2"},{"name":"head","bone":"head","attachment":"head"},{"name":"eye1","bone":"head"},{"name":"2head","bone":"2head","attachment":"2head"},{"name":"2eye1","bone":"2head"}],"skins":[{"name":"default","attachments":{"2body1":{"2body1":{"x":-22.16,"y":191.43,"width":340,"height":468},"2body2":{"x":-22.16,"y":195.43,"width":340,"height":462},"2body3":{"x":-7.16,"y":246.93,"width":310,"height":357},"2body4":{"x":17.84,"y":266.43,"width":272,"height":318},"2body5":{"x":-7.66,"y":285.43,"width":309,"height":282},"2body6":{"x":21.84,"y":318.93,"width":264,"height":215}},"2eye1":{"2eye1":{"x":49.78,"y":65.07,"rotation":-90,"width":212,"height":148},"2eye2":{"x":40.78,"y":65.07,"rotation":-90,"width":212,"height":130}},"2head":{"2head":{"x":52.78,"y":32.57,"rotation":-90,"width":277,"height":294}},"arm":{"arm":{"x":137.47,"y":-22.49,"rotation":91.17,"width":315,"height":515}},"body1":{"body1":{"x":19,"y":533.5,"width":806,"height":1243},"body2":{"x":24.5,"y":559.5,"width":779,"height":1191},"body3":{"x":24.5,"y":575.5,"width":779,"height":1159},"body4":{"x":24.5,"y":574,"width":779,"height":1162},"body5":{"x":24.5,"y":636,"width":779,"height":1038},"body6":{"x":24.5,"y":688,"width":779,"height":934},"body7":{"x":25,"y":772,"width":780,"height":766},"body8":{"x":-41.5,"y":814,"width":647,"height":670},"body9":{"x":-97,"y":827,"width":536,"height":624},"body10":{"x":-208.5,"y":920.5,"width":279,"height":431},"body11":{"x":-276,"y":941.5,"width":148,"height":337}},"di1":{"di1":{"x":-4.71,"y":227.12,"width":848,"height":532}},"di2":{"di2":{"x":-19.04,"y":13.55,"width":857,"height":245}},"eye1":{"eye1":{"x":113.65,"y":55.03,"rotation":-90,"width":362,"height":199},"eye2":{"x":113.65,"y":55.03,"rotation":-90,"width":362,"height":199}},"head":{"head":{"x":112.15,"y":35.53,"rotation":-90,"width":401,"height":498}},"hui1":{"hui1":{"x":1.15,"y":-34.31,"width":81,"height":822}}}}],"animations":{"death":{"slots":{"2body1":{"attachment":[{"time":1,"name":"2body2"},{"time":1.0667,"name":"2body3"},{"time":1.1333,"name":"2body4"},{"time":1.2,"name":"2body5"},{"time":1.2667,"name":"2body6"},{"time":1.3333,"name":null}]},"2eye1":{"attachment":[{"time":0.4667,"name":"2eye1"},{"time":0.5333,"name":"2eye2"},{"time":0.6,"name":"2eye1"},{"time":0.6667,"name":null},{"time":0.7333,"name":"2eye1"},{"time":0.8,"name":"2eye2"},{"time":0.8667,"name":"2eye1"},{"time":0.9333,"name":null}]},"2head":{"attachment":[{"time":2.4333,"name":null}]},"arm":{"attachment":[{"time":2.4333,"name":null}]},"body1":{"attachment":[{"time":0.8,"name":"body2"},{"time":0.8667,"name":"body3"},{"time":0.9333,"name":"body4"},{"time":1,"name":"body5"},{"time":1.0667,"name":"body6"},{"time":1.1333,"name":"body7"},{"time":1.2,"name":"body8"},{"time":1.2667,"name":"body9"},{"time":1.3333,"name":"body10"},{"time":1.4,"name":"body11"},{"time":1.4667,"name":null}]},"di1":{"attachment":[{"time":0.8,"name":"di1"},{"time":2.4333,"name":null}]},"di2":{"attachment":[{"time":0.8,"name":"di2"},{"time":2.4333,"name":null}]},"eye1":{"attachment":[{"time":0.0667,"name":"eye1"},{"time":0.1333,"name":"eye2"},{"time":0.2,"name":"eye1"},{"time":0.2667,"name":null},{"time":0.3333,"name":"eye1"},{"time":0.4,"name":"eye2"},{"time":0.4667,"name":"eye1"},{"time":0.5333,"name":null}]},"head":{"attachment":[{"time":2.4333,"name":null}]},"hui1":{"attachment":[{"time":0.8667,"name":"hui1"},{"time":1.6,"name":null}]}},"bones":{"head":{"translate":[{"time":1.6667},{"time":1.8,"x":-15.44,"y":-522.04},{"time":1.8667,"x":7.33,"y":-656.18},{"time":2,"x":-15.44,"y":-529.63},{"time":2.1333,"x":-15.44,"y":-575.19}],"scale":[{"time":1.8},{"time":1.8667,"x":0.949,"y":1.101},{"time":2}]},"2head":{"translate":[{"time":1.4667},{"time":1.6,"y":-1121.31},{"time":1.6667,"y":-1138.69},{"time":1.8,"y":-1088.13},{"time":1.9333,"y":-1121.31}],"scale":[{"time":1.6},{"time":1.6667,"x":0.826,"y":1.111},{"time":1.8,"x":1.047,"y":0.984},{"time":1.9333}]},"arm":{"rotate":[{"time":1.3333},{"time":1.5333,"angle":-84.46}],"translate":[{"time":1.3333},{"time":1.5333,"x":77.96,"y":-555.45},{"time":1.6667,"x":77.96,"y":-562.37},{"time":1.8,"x":77.96,"y":-555.45}],"scale":[{"time":1.5333},{"time":1.6667,"x":1.015,"y":0.959},{"time":1.8}]},"hui1":{"translate":[{"time":0.8667,"x":28.39,"y":182.13},{"time":1.0667,"x":28.39,"y":-23.92},{"time":1.4,"x":-101.75,"y":-145.39},{"time":1.5333,"x":-101.75,"y":-212.81}],"scale":[{"time":0.8667,"x":1.08,"y":1.08},{"time":1.0667,"x":0.935,"y":0.935},{"time":1.4,"x":1.116,"y":0.276},{"time":1.5333,"x":0.614,"y":0.205}]},"di2":{"translate":[{"time":0.8,"x":47.23,"y":-9.46},{"time":1.4,"x":-110.98,"y":8.97}],"scale":[{"time":0.8,"x":0.471,"y":0.195},{"time":1.4,"x":1.156,"y":0.625}]},"di1":{"translate":[{"time":0.8,"x":47.23,"y":-9.46},{"time":1.4,"x":-110.98,"y":8.97}],"scale":[{"time":0.8,"x":0.471,"y":0.177},{"time":1.0667,"x":0.776,"y":0.398},{"time":1.4,"x":1.156,"y":0.653},{"time":1.5333,"x":1.156,"y":0.763}],"shear":[{"time":0.8},{"time":1.0667,"y":-11.83},{"time":1.4}]}}}}},[0]]],0,0,[0],[-1],[2]]]]