[1,["c8sofqOWFEx6UOSIuUxESs","7a/QZLET9IDreTiBfRn2PD","ecpdLyjvZBwrvm+cedCcQy","a2MjXRFdtLlYQ5ouAFv/+R","2d+U/3hGhBzqT/1kQQTNpb"],["node","root","mask","rainAni","data","_spriteFrame","_N$skeletonData"],[["cc.Node",["_name","_opacity","_components","_prefab","_children","_parent","_contentSize"],1,9,4,2,1,5],["cc.PrefabInfo",["fileId","root","asset"],2,1,1],["sp.SkeletonData",["_name","_atlasText","textureNames","_skeletonJson","textures"],-1,3],["cc.Prefab",["_name"],2],["cc.Node",["_name","_parent","_components","_prefab","_contentSize"],2,1,2,4,5],["0789e0Ur+lOyI/rZddhfjTc",["node","rainAni","mask"],3,1,1,1],["cc.Sprite",["_sizeMode","node","_materials","_spriteFrame"],2,1,3,6],["sp.Skeleton",["defaultSkin","defaultAnimation","_preCacheMode","_animationName","node","_materials"],-1,1,3],["261d4+Q1HdGA5w3tjdBw83c",["node","spineAnimation"],3,1,1]],[[1,0,1,2,2],[2,0,1,2,3,4,5],[3,0,2],[0,0,4,2,3,2],[0,0,1,5,2,3,6,3],[4,0,1,2,3,4,2],[5,0,1,2,1],[1,1,2,1],[6,0,1,2,3,2],[7,0,1,2,3,4,5,5],[8,0,1,1]],[[[[1,"17FX_rain","\n17FX_rain.png\nsize: 512,1024\nformat: RGBA8888\nfilter: Linear,Linear\nrepeat: none\nwater1\n  rotate: false\n  xy: 318, 27\n  size: 117, 694\n  orig: 118, 697\n  offset: 0, 1\n  index: -1\nwater2\n  rotate: false\n  xy: 153, 28\n  size: 163, 693\n  orig: 163, 714\n  offset: 0, 14\n  index: -1\nwater3\n  rotate: false\n  xy: 2, 2\n  size: 149, 719\n  orig: 149, 720\n  offset: 0, 1\n  index: -1\n",["17FX_rain.png"],{"skeleton":{"hash":"LtL4QpWi5tWIu2VU18zWZ+ILY5I","spine":"3.8.99","x":-1454.71,"y":-911.48,"width":2917.1,"height":2128.74},"bones":[{"name":"root"},{"name":"17FX","parent":"root"},{"name":"17FX1","parent":"17FX"},{"name":"water1","parent":"17FX1","x":63.3,"y":241.32},{"name":"water300","parent":"17FX1","x":59.24,"y":139.23},{"name":"water200","parent":"17FX1","x":63.3,"y":144.8},{"name":"water2","parent":"water1","scaleY":1.9971,"shearY":-7.95},{"name":"water201","parent":"water200","x":32.07,"y":160,"scaleY":2.4965,"shearY":-7.95},{"name":"water301","parent":"water300","x":90,"y":-100,"scaleX":0.9253,"scaleY":1.5755,"shearY":-7.95},{"name":"water3","parent":"water1","x":-261.95,"scaleY":1.9971,"shearY":-7.95},{"name":"water4","parent":"water1","x":45.57,"y":-89.43,"scaleY":1.9971,"shearY":-7.95},{"name":"water5","parent":"water1","x":-96.67,"y":-99.14,"scaleY":1.9971,"shearY":-7.95},{"name":"water6","parent":"water1","x":-79.08,"y":-366.05,"scaleY":1.9971,"shearY":-7.95},{"name":"water7","parent":"water1","x":-200.19,"y":-221.15,"scaleY":1.9971,"shearY":-7.95},{"name":"water8","parent":"water1","x":-337.2,"y":-205.59,"scaleY":1.9971,"shearY":-7.95},{"name":"water202","parent":"water200","x":-79.65,"y":120,"scaleY":2.4965,"shearY":-7.95},{"name":"water203","parent":"water200","x":-222.83,"y":170,"scaleY":2.4965,"shearY":-7.95},{"name":"water204","parent":"water200","x":-302.18,"y":110,"scaleY":2.4965,"shearY":-7.95},{"name":"water302","parent":"water300","y":30,"scaleX":1.059,"scaleY":1.8032,"shearY":-7.95},{"name":"water303","parent":"water300","x":-71.75,"y":-20,"scaleX":1.1363,"scaleY":1.7028,"shearY":-7.95},{"name":"water304","parent":"water300","x":-185.02,"y":-90,"scaleX":0.7079,"scaleY":1.7028,"shearY":-7.95},{"name":"water305","parent":"water300","x":-294.59,"y":-120,"scaleX":0.9358,"scaleY":1.5935,"shearY":-7.95},{"name":"water306","parent":"water300","x":-360.96,"y":50,"scaleX":1.1832,"scaleY":2.0148,"shearY":-7.95},{"name":"17FX2","parent":"17FX","x":320.03,"y":-60.3,"scaleX":-1.1698,"shearY":-16.26},{"name":"water9","parent":"17FX2","x":63.3,"y":241.32},{"name":"water10","parent":"water9","scaleY":1.9971,"shearY":-7.95},{"name":"water11","parent":"water9","x":-261.95,"scaleY":1.9971,"shearY":-7.95},{"name":"water12","parent":"water9","x":45.57,"y":-89.43,"scaleY":1.9971,"shearY":-7.95},{"name":"water13","parent":"water9","x":-96.67,"y":-99.14,"scaleY":1.9971,"shearY":-7.95},{"name":"water14","parent":"water9","x":-79.08,"y":-366.05,"scaleY":1.9971,"shearY":-7.95},{"name":"water15","parent":"water9","x":-200.19,"y":-221.15,"scaleY":1.9971,"shearY":-7.95},{"name":"water16","parent":"water9","x":-337.2,"y":-205.59,"scaleY":1.9971,"shearY":-7.95},{"name":"water307","parent":"17FX2","x":59.24,"y":139.23},{"name":"water308","parent":"water307","x":90,"y":-100,"scaleX":0.9253,"scaleY":1.5755,"shearY":-7.95},{"name":"water309","parent":"water307","y":30,"scaleX":1.059,"scaleY":1.8032,"shearY":-7.95},{"name":"water310","parent":"water307","x":-71.75,"y":-20,"scaleX":1.1363,"scaleY":1.7028,"shearY":-7.95},{"name":"water311","parent":"water307","x":-185.02,"y":-90,"scaleX":0.7079,"scaleY":1.7028,"shearY":-7.95},{"name":"water312","parent":"water307","x":-294.59,"y":-120,"scaleX":0.9358,"scaleY":1.5935,"shearY":-7.95},{"name":"water313","parent":"water307","x":-360.96,"y":50,"scaleX":1.1832,"scaleY":2.0148,"shearY":-7.95},{"name":"water205","parent":"17FX2","x":63.3,"y":144.8},{"name":"water206","parent":"water205","x":32.07,"y":160,"scaleY":2.4965,"shearY":-7.95},{"name":"water207","parent":"water205","x":-79.65,"y":120,"scaleY":2.4965,"shearY":-7.95},{"name":"water208","parent":"water205","x":-222.83,"y":170,"scaleY":2.4965,"shearY":-7.95},{"name":"water209","parent":"water205","x":-302.18,"y":110,"scaleY":2.4965,"shearY":-7.95},{"name":"17FX3","parent":"17FX","x":-752.98,"y":-100.3,"scaleX":-1,"shearY":-14.91},{"name":"water17","parent":"17FX3","x":63.3,"y":241.32},{"name":"water18","parent":"water17","scaleY":1.9971,"shearY":-7.95},{"name":"water19","parent":"water17","x":-261.95,"scaleY":1.9971,"shearY":-7.95},{"name":"water20","parent":"water17","x":45.57,"y":-89.43,"scaleY":1.9971,"shearY":-7.95},{"name":"water21","parent":"water17","x":-96.67,"y":-99.14,"scaleY":1.9971,"shearY":-7.95},{"name":"water22","parent":"water17","x":-79.08,"y":-366.05,"scaleY":1.9971,"shearY":-7.95},{"name":"water23","parent":"water17","x":-200.19,"y":-221.15,"scaleY":1.9971,"shearY":-7.95},{"name":"water24","parent":"water17","x":-337.2,"y":-205.59,"scaleY":1.9971,"shearY":-7.95},{"name":"water314","parent":"17FX3","x":59.24,"y":139.23},{"name":"water315","parent":"water314","x":90,"y":-100,"scaleX":0.9253,"scaleY":1.5755,"shearY":-7.95},{"name":"water316","parent":"water314","y":30,"scaleX":1.059,"scaleY":1.8032,"shearY":-7.95},{"name":"water317","parent":"water314","x":-71.75,"y":-20,"scaleX":1.1363,"scaleY":1.7028,"shearY":-7.95},{"name":"water318","parent":"water314","x":-185.02,"y":-90,"scaleX":0.7079,"scaleY":1.7028,"shearY":-7.95},{"name":"water319","parent":"water314","x":-294.59,"y":-120,"scaleX":0.9358,"scaleY":1.5935,"shearY":-7.95},{"name":"water320","parent":"water314","x":-360.96,"y":50,"scaleX":1.1832,"scaleY":2.0148,"shearY":-7.95},{"name":"water210","parent":"17FX3","x":63.3,"y":144.8},{"name":"water211","parent":"water210","x":32.07,"y":160,"scaleY":2.4965,"shearY":-7.95},{"name":"water212","parent":"water210","x":-79.65,"y":120,"scaleY":2.4965,"shearY":-7.95},{"name":"water213","parent":"water210","x":-222.83,"y":170,"scaleY":2.4965,"shearY":-7.95},{"name":"water214","parent":"water210","x":-302.18,"y":110,"scaleY":2.4965,"shearY":-7.95},{"name":"17FX4","parent":"17FX","x":-969.36,"y":-60.3},{"name":"water25","parent":"17FX4","x":63.3,"y":241.32},{"name":"water26","parent":"water25","scaleY":1.9971,"shearY":-7.95},{"name":"water27","parent":"water25","x":-261.95,"scaleY":1.9971,"shearY":-7.95},{"name":"water28","parent":"water25","x":45.57,"y":-89.43,"scaleY":1.9971,"shearY":-7.95},{"name":"water29","parent":"water25","x":-96.67,"y":-99.14,"scaleY":1.9971,"shearY":-7.95},{"name":"water30","parent":"water25","x":-79.08,"y":-366.05,"scaleY":1.9971,"shearY":-7.95},{"name":"water31","parent":"water25","x":-200.19,"y":-221.15,"scaleY":1.9971,"shearY":-7.95},{"name":"water32","parent":"water25","x":-337.2,"y":-205.59,"scaleY":1.9971,"shearY":-7.95},{"name":"water321","parent":"17FX4","x":59.24,"y":139.23},{"name":"water322","parent":"water321","x":90,"y":-100,"scaleX":0.9253,"scaleY":1.5755,"shearY":-7.95},{"name":"water323","parent":"water321","y":30,"scaleX":1.059,"scaleY":1.8032,"shearY":-7.95},{"name":"water324","parent":"water321","x":-71.75,"y":-20,"scaleX":1.1363,"scaleY":1.7028,"shearY":-7.95},{"name":"water325","parent":"water321","x":-185.02,"y":-90,"scaleX":0.7079,"scaleY":1.7028,"shearY":-7.95},{"name":"water326","parent":"water321","x":-294.59,"y":-120,"scaleX":0.9358,"scaleY":1.5935,"shearY":-7.95},{"name":"water327","parent":"water321","x":-360.96,"y":50,"scaleX":1.1832,"scaleY":2.0148,"shearY":-7.95},{"name":"water215","parent":"17FX4","x":63.3,"y":144.8},{"name":"water216","parent":"water215","x":32.07,"y":160,"scaleY":2.4965,"shearY":-7.95},{"name":"water217","parent":"water215","x":-79.65,"y":120,"scaleY":2.4965,"shearY":-7.95},{"name":"water218","parent":"water215","x":-222.83,"y":170,"scaleY":2.4965,"shearY":-7.95},{"name":"water219","parent":"water215","x":-302.18,"y":110,"scaleY":2.4965,"shearY":-7.95},{"name":"17FX5","parent":"17FX","x":1159,"y":-96.48},{"name":"water33","parent":"17FX5","x":63.3,"y":241.32},{"name":"water34","parent":"water33","scaleY":1.9971,"shearY":-7.95},{"name":"water35","parent":"water33","x":-261.95,"scaleY":1.9971,"shearY":-7.95},{"name":"water36","parent":"water33","x":45.57,"y":-89.43,"scaleY":1.9971,"shearY":-7.95},{"name":"water37","parent":"water33","x":-96.67,"y":-99.14,"scaleY":1.9971,"shearY":-7.95},{"name":"water38","parent":"water33","x":-79.08,"y":-366.05,"scaleY":1.9971,"shearY":-7.95},{"name":"water39","parent":"water33","x":-200.19,"y":-221.15,"scaleY":1.9971,"shearY":-7.95},{"name":"water40","parent":"water33","x":-337.2,"y":-205.59,"scaleY":1.9971,"shearY":-7.95},{"name":"water328","parent":"17FX5","x":59.24,"y":139.23},{"name":"water329","parent":"water328","x":90,"y":-100,"scaleX":0.9253,"scaleY":1.5755,"shearY":-7.95},{"name":"water330","parent":"water328","y":30,"scaleX":1.059,"scaleY":1.8032,"shearY":-7.95},{"name":"water331","parent":"water328","x":-71.75,"y":-20,"scaleX":1.1363,"scaleY":1.7028,"shearY":-7.95},{"name":"water332","parent":"water328","x":-185.02,"y":-90,"scaleX":0.7079,"scaleY":1.7028,"shearY":-7.95},{"name":"water333","parent":"water328","x":-294.59,"y":-120,"scaleX":0.9358,"scaleY":1.5935,"shearY":-7.95},{"name":"water334","parent":"water328","x":-360.96,"y":50,"scaleX":1.1832,"scaleY":2.0148,"shearY":-7.95},{"name":"water220","parent":"17FX5","x":63.3,"y":144.8},{"name":"water221","parent":"water220","x":32.07,"y":160,"scaleY":2.4965,"shearY":-7.95},{"name":"water222","parent":"water220","x":-79.65,"y":120,"scaleY":2.4965,"shearY":-7.95},{"name":"water223","parent":"water220","x":-222.83,"y":170,"scaleY":2.4965,"shearY":-7.95},{"name":"water224","parent":"water220","x":-302.18,"y":110,"scaleY":2.4965,"shearY":-7.95}],"slots":[{"name":"root1","bone":"17FX"},{"name":"图层 0","bone":"root"},{"name":"water3","bone":"water301","attachment":"water3"},{"name":"water59","bone":"water322","attachment":"water3"},{"name":"water76","bone":"water329","attachment":"water3"},{"name":"water25","bone":"water308","attachment":"water3"},{"name":"water42","bone":"water315","attachment":"water3"},{"name":"water15","bone":"water304","attachment":"water3"},{"name":"water62","bone":"water325","attachment":"water3"},{"name":"water79","bone":"water332","attachment":"water3"},{"name":"water28","bone":"water311","attachment":"water3"},{"name":"water45","bone":"water318","attachment":"water3"},{"name":"water17","bone":"water306","attachment":"water3"},{"name":"water64","bone":"water327","attachment":"water3"},{"name":"water81","bone":"water334","attachment":"water3"},{"name":"water30","bone":"water313","attachment":"water3"},{"name":"water47","bone":"water320","attachment":"water3"},{"name":"water13","bone":"water302","attachment":"water3"},{"name":"water60","bone":"water323","attachment":"water3"},{"name":"water77","bone":"water330","attachment":"water3"},{"name":"water26","bone":"water309","attachment":"water3"},{"name":"water43","bone":"water316","attachment":"water3"},{"name":"water14","bone":"water303","attachment":"water3"},{"name":"water61","bone":"water324","attachment":"water3"},{"name":"water78","bone":"water331","attachment":"water3"},{"name":"water27","bone":"water310","attachment":"water3"},{"name":"water44","bone":"water317","attachment":"water3"},{"name":"water16","bone":"water305","attachment":"water3"},{"name":"water63","bone":"water326","attachment":"water3"},{"name":"water80","bone":"water333","attachment":"water3"},{"name":"water29","bone":"water312","attachment":"water3"},{"name":"water46","bone":"water319","attachment":"water3"},{"name":"water2","bone":"water201","attachment":"water2"},{"name":"water65","bone":"water216","attachment":"water2"},{"name":"water82","bone":"water221","attachment":"water2"},{"name":"water31","bone":"water206","attachment":"water2"},{"name":"water48","bone":"water211","attachment":"water2"},{"name":"water10","bone":"water202","attachment":"water2"},{"name":"water66","bone":"water217","attachment":"water2"},{"name":"water83","bone":"water222","attachment":"water2"},{"name":"water32","bone":"water207","attachment":"water2"},{"name":"water49","bone":"water212","attachment":"water2"},{"name":"water11","bone":"water203","attachment":"water2"},{"name":"water67","bone":"water218","attachment":"water2"},{"name":"water84","bone":"water223","attachment":"water2"},{"name":"water33","bone":"water208","attachment":"water2"},{"name":"water50","bone":"water213","attachment":"water2"},{"name":"water12","bone":"water204","attachment":"water2"},{"name":"water68","bone":"water219","attachment":"water2"},{"name":"water85","bone":"water224","attachment":"water2"},{"name":"water34","bone":"water209","attachment":"water2"},{"name":"water51","bone":"water214","attachment":"water2"},{"name":"water1","bone":"water2","attachment":"water1"},{"name":"water52","bone":"water26","attachment":"water1"},{"name":"water69","bone":"water34","attachment":"water1"},{"name":"water18","bone":"water10","attachment":"water1"},{"name":"water35","bone":"water18","attachment":"water1"},{"name":"water6","bone":"water5","attachment":"water1"},{"name":"water55","bone":"water29","attachment":"water1"},{"name":"water72","bone":"water37","attachment":"water1"},{"name":"water21","bone":"water13","attachment":"water1"},{"name":"water38","bone":"water21","attachment":"water1"},{"name":"water4","bone":"water3","attachment":"water1"},{"name":"water53","bone":"water27","attachment":"water1"},{"name":"water70","bone":"water35","attachment":"water1"},{"name":"water19","bone":"water11","attachment":"water1"},{"name":"water36","bone":"water19","attachment":"water1"},{"name":"water7","bone":"water6","attachment":"water1"},{"name":"water56","bone":"water30","attachment":"water1"},{"name":"water73","bone":"water38","attachment":"water1"},{"name":"water22","bone":"water14","attachment":"water1"},{"name":"water39","bone":"water22","attachment":"water1"},{"name":"water5","bone":"water4","attachment":"water1"},{"name":"water54","bone":"water28","attachment":"water1"},{"name":"water71","bone":"water36","attachment":"water1"},{"name":"water20","bone":"water12","attachment":"water1"},{"name":"water37","bone":"water20","attachment":"water1"},{"name":"water8","bone":"water7","attachment":"water1"},{"name":"water57","bone":"water31","attachment":"water1"},{"name":"water74","bone":"water39","attachment":"water1"},{"name":"water23","bone":"water15","attachment":"water1"},{"name":"water40","bone":"water23","attachment":"water1"},{"name":"water9","bone":"water8","attachment":"water1"},{"name":"water58","bone":"water32","attachment":"water1"},{"name":"water75","bone":"water40","attachment":"water1"},{"name":"water24","bone":"water16","attachment":"water1"},{"name":"water41","bone":"water24","attachment":"water1"}],"skins":[{"name":"default","attachments":{"water1":{"water1":{"x":-15,"y":-0.5,"width":118,"height":697}},"water2":{"water2":{"x":0.5,"y":8,"width":163,"height":714}},"water3":{"water3":{"x":1.5,"y":11,"width":149,"height":720}},"water4":{"water1":{"x":-15,"y":-0.5,"width":118,"height":697}},"water5":{"water1":{"x":-15,"y":-0.5,"width":118,"height":697}},"water6":{"water1":{"x":-15,"y":-0.5,"width":118,"height":697}},"water7":{"water1":{"x":-15,"y":-0.5,"width":118,"height":697}},"water8":{"water1":{"x":-15,"y":-0.5,"width":118,"height":697}},"water9":{"water1":{"x":-15,"y":-0.5,"width":118,"height":697}},"water10":{"water2":{"x":0.5,"y":8,"width":163,"height":714}},"water11":{"water2":{"x":0.5,"y":8,"width":163,"height":714}},"water12":{"water2":{"x":0.5,"y":8,"width":163,"height":714}},"water13":{"water3":{"x":1.5,"y":11,"width":149,"height":720}},"water14":{"water3":{"x":1.5,"y":11,"width":149,"height":720}},"water15":{"water3":{"x":1.5,"y":11,"width":149,"height":720}},"water16":{"water3":{"x":1.5,"y":11,"width":149,"height":720}},"water17":{"water3":{"x":1.5,"y":11,"width":149,"height":720}},"water18":{"water1":{"x":-15,"y":-0.5,"width":118,"height":697}},"water19":{"water1":{"x":-15,"y":-0.5,"width":118,"height":697}},"water20":{"water1":{"x":-15,"y":-0.5,"width":118,"height":697}},"water21":{"water1":{"x":-15,"y":-0.5,"width":118,"height":697}},"water22":{"water1":{"x":-15,"y":-0.5,"width":118,"height":697}},"water23":{"water1":{"x":-15,"y":-0.5,"width":118,"height":697}},"water24":{"water1":{"x":-15,"y":-0.5,"width":118,"height":697}},"water25":{"water3":{"x":1.5,"y":11,"width":149,"height":720}},"water26":{"water3":{"x":1.5,"y":11,"width":149,"height":720}},"water27":{"water3":{"x":1.5,"y":11,"width":149,"height":720}},"water28":{"water3":{"x":1.5,"y":11,"width":149,"height":720}},"water29":{"water3":{"x":1.5,"y":11,"width":149,"height":720}},"water30":{"water3":{"x":1.5,"y":11,"width":149,"height":720}},"water31":{"water2":{"x":0.5,"y":8,"width":163,"height":714}},"water32":{"water2":{"x":0.5,"y":8,"width":163,"height":714}},"water33":{"water2":{"x":0.5,"y":8,"width":163,"height":714}},"water34":{"water2":{"x":0.5,"y":8,"width":163,"height":714}},"water35":{"water1":{"x":-15,"y":-0.5,"width":118,"height":697}},"water36":{"water1":{"x":-15,"y":-0.5,"width":118,"height":697}},"water37":{"water1":{"x":-15,"y":-0.5,"width":118,"height":697}},"water38":{"water1":{"x":-15,"y":-0.5,"width":118,"height":697}},"water39":{"water1":{"x":-15,"y":-0.5,"width":118,"height":697}},"water40":{"water1":{"x":-15,"y":-0.5,"width":118,"height":697}},"water41":{"water1":{"x":-15,"y":-0.5,"width":118,"height":697}},"water42":{"water3":{"x":1.5,"y":11,"width":149,"height":720}},"water43":{"water3":{"x":1.5,"y":11,"width":149,"height":720}},"water44":{"water3":{"x":1.5,"y":11,"width":149,"height":720}},"water45":{"water3":{"x":1.5,"y":11,"width":149,"height":720}},"water46":{"water3":{"x":1.5,"y":11,"width":149,"height":720}},"water47":{"water3":{"x":1.5,"y":11,"width":149,"height":720}},"water48":{"water2":{"x":0.5,"y":8,"width":163,"height":714}},"water49":{"water2":{"x":0.5,"y":8,"width":163,"height":714}},"water50":{"water2":{"x":0.5,"y":8,"width":163,"height":714}},"water51":{"water2":{"x":0.5,"y":8,"width":163,"height":714}},"water52":{"water1":{"x":-15,"y":-0.5,"width":118,"height":697}},"water53":{"water1":{"x":-15,"y":-0.5,"width":118,"height":697}},"water54":{"water1":{"x":-15,"y":-0.5,"width":118,"height":697}},"water55":{"water1":{"x":-15,"y":-0.5,"width":118,"height":697}},"water56":{"water1":{"x":-15,"y":-0.5,"width":118,"height":697}},"water57":{"water1":{"x":-15,"y":-0.5,"width":118,"height":697}},"water58":{"water1":{"x":-15,"y":-0.5,"width":118,"height":697}},"water59":{"water3":{"x":1.5,"y":11,"width":149,"height":720}},"water60":{"water3":{"x":1.5,"y":11,"width":149,"height":720}},"water61":{"water3":{"x":1.5,"y":11,"width":149,"height":720}},"water62":{"water3":{"x":1.5,"y":11,"width":149,"height":720}},"water63":{"water3":{"x":1.5,"y":11,"width":149,"height":720}},"water64":{"water3":{"x":1.5,"y":11,"width":149,"height":720}},"water65":{"water2":{"x":0.5,"y":8,"width":163,"height":714}},"water66":{"water2":{"x":0.5,"y":8,"width":163,"height":714}},"water67":{"water2":{"x":0.5,"y":8,"width":163,"height":714}},"water68":{"water2":{"x":0.5,"y":8,"width":163,"height":714}},"water69":{"water1":{"x":-15,"y":-0.5,"width":118,"height":697}},"water70":{"water1":{"x":-15,"y":-0.5,"width":118,"height":697}},"water71":{"water1":{"x":-15,"y":-0.5,"width":118,"height":697}},"water72":{"water1":{"x":-15,"y":-0.5,"width":118,"height":697}},"water73":{"water1":{"x":-15,"y":-0.5,"width":118,"height":697}},"water74":{"water1":{"x":-15,"y":-0.5,"width":118,"height":697}},"water75":{"water1":{"x":-15,"y":-0.5,"width":118,"height":697}},"water76":{"water3":{"x":1.5,"y":11,"width":149,"height":720}},"water77":{"water3":{"x":1.5,"y":11,"width":149,"height":720}},"water78":{"water3":{"x":1.5,"y":11,"width":149,"height":720}},"water79":{"water3":{"x":1.5,"y":11,"width":149,"height":720}},"water80":{"water3":{"x":1.5,"y":11,"width":149,"height":720}},"water81":{"water3":{"x":1.5,"y":11,"width":149,"height":720}},"water82":{"water2":{"x":0.5,"y":8,"width":163,"height":714}},"water83":{"water2":{"x":0.5,"y":8,"width":163,"height":714}},"water84":{"water2":{"x":0.5,"y":8,"width":163,"height":714}},"water85":{"water2":{"x":0.5,"y":8,"width":163,"height":714}}}}],"animations":{"idle":{"bones":{"water301":{"translate":[{},{"time":0.5667,"x":-36.47,"y":-261.17,"curve":"stepped"},{"time":0.6}]},"water201":{"translate":[{"x":-32.06,"y":-260.43},{"time":0.1333,"x":-41.93,"y":-340.56,"curve":"stepped"},{"time":0.1667},{"time":0.6,"x":-32.06,"y":-260.43}]},"water2":{"translate":[{},{"time":0.5667,"x":-71.62,"y":-512.86,"curve":"stepped"},{"time":0.6}]},"water3":{"translate":[{},{"time":0.5667,"x":-71.62,"y":-512.86,"curve":"stepped"},{"time":0.6}]},"water4":{"translate":[{"x":-63.2,"y":-452.53},{"time":0.0667,"x":-71.62,"y":-512.86,"curve":"stepped"},{"time":0.1},{"time":0.6,"x":-63.2,"y":-452.53}]},"water5":{"translate":[{"x":-21.07,"y":-150.84},{"time":0.4,"x":-71.62,"y":-512.86,"curve":"stepped"},{"time":0.4333},{"time":0.6,"x":-21.07,"y":-150.84}]},"water6":{"translate":[{"x":-33.71,"y":-241.35},{"time":0.3,"x":-71.62,"y":-512.86,"curve":"stepped"},{"time":0.3333},{"time":0.6,"x":-33.71,"y":-241.35}]},"water7":{"translate":[{"x":-54.77,"y":-392.19},{"time":0.1333,"x":-71.62,"y":-512.86,"curve":"stepped"},{"time":0.1667},{"time":0.6,"x":-54.77,"y":-392.19}]},"water8":{"translate":[{"x":-42.13,"y":-301.68},{"time":0.2333,"x":-71.62,"y":-512.86,"curve":"stepped"},{"time":0.2667},{"time":0.6,"x":-42.13,"y":-301.68}]},"water202":{"translate":[{"x":-19.73,"y":-160.26},{"time":0.3,"x":-41.93,"y":-340.56,"curve":"stepped"},{"time":0.3333},{"time":0.6,"x":-19.73,"y":-160.26}]},"water203":{"translate":[{"x":-27.13,"y":-220.36},{"time":0.2,"x":-41.93,"y":-340.56,"curve":"stepped"},{"time":0.2333},{"time":0.6,"x":-27.13,"y":-220.36}]},"water204":{"translate":[{"x":-12.33,"y":-100.16},{"time":0.4,"x":-41.93,"y":-340.56,"curve":"stepped"},{"time":0.4333},{"time":0.6,"x":-12.33,"y":-100.16}]},"water302":{"translate":[{"x":-17.16,"y":-122.9},{"time":0.3,"x":-36.47,"y":-261.17,"curve":"stepped"},{"time":0.3333},{"time":0.6,"x":-17.16,"y":-122.9}]},"water303":{"translate":[{"x":-30.04,"y":-215.08},{"time":0.1,"x":-36.47,"y":-261.17,"curve":"stepped"},{"time":0.1333},{"time":0.6,"x":-30.04,"y":-215.08}]},"water304":{"translate":[{"x":-12.87,"y":-92.18},{"time":0.3667,"x":-36.47,"y":-261.17,"curve":"stepped"},{"time":0.4},{"time":0.6,"x":-12.87,"y":-92.18}]},"water305":{"translate":[{"x":-19.31,"y":-138.27},{"time":0.2667,"x":-36.47,"y":-261.17,"curve":"stepped"},{"time":0.3},{"time":0.6,"x":-19.31,"y":-138.27}]},"water306":{"translate":[{"x":-4.29,"y":-30.73},{"time":0.5,"x":-36.47,"y":-261.17,"curve":"stepped"},{"time":0.5333},{"time":0.6,"x":-4.29,"y":-30.73}]},"water10":{"translate":[{"x":-46.35,"y":-331.85},{"time":0.2,"x":-71.62,"y":-512.86,"curve":"stepped"},{"time":0.2333},{"time":0.6,"x":-46.35,"y":-331.85}]},"water11":{"translate":[{"x":-46.35,"y":-331.85},{"time":0.2,"x":-71.62,"y":-512.86,"curve":"stepped"},{"time":0.2333},{"time":0.6,"x":-46.35,"y":-331.85}]},"water12":{"translate":[{"x":-33.71,"y":-241.35},{"time":0.2333,"x":-63.2,"y":-452.53},{"time":0.3,"x":-71.62,"y":-512.86,"curve":"stepped"},{"time":0.3333},{"time":0.6,"x":-33.71,"y":-241.35}]},"water13":{"translate":[{"x":-67.41,"y":-482.7},{"time":0.0333,"x":-71.62,"y":-512.86,"curve":"stepped"},{"time":0.0667},{"time":0.2333,"x":-21.07,"y":-150.84},{"time":0.6,"x":-67.41,"y":-482.7}]},"water14":{"translate":[{"x":-4.21,"y":-30.17},{"time":0.2333,"x":-33.71,"y":-241.35},{"time":0.5333,"x":-71.62,"y":-512.86,"curve":"stepped"},{"time":0.5667},{"time":0.6,"x":-4.21,"y":-30.17}]},"water15":{"translate":[{"x":-25.28,"y":-181.01},{"time":0.2333,"x":-54.77,"y":-392.19},{"time":0.3667,"x":-71.62,"y":-512.86,"curve":"stepped"},{"time":0.4},{"time":0.6,"x":-25.28,"y":-181.01}]},"water16":{"translate":[{"x":-12.64,"y":-90.51},{"time":0.2333,"x":-42.13,"y":-301.68},{"time":0.4667,"x":-71.62,"y":-512.86,"curve":"stepped"},{"time":0.5},{"time":0.6,"x":-12.64,"y":-90.51}]},"water308":{"translate":[{"x":-23.6,"y":-168.99},{"time":0.2,"x":-36.47,"y":-261.17,"curve":"stepped"},{"time":0.2333},{"time":0.6,"x":-23.6,"y":-168.99}]},"water309":{"translate":[{"x":-2.15,"y":-15.36},{"time":0.2333,"x":-17.16,"y":-122.9},{"time":0.5333,"x":-36.47,"y":-261.17,"curve":"stepped"},{"time":0.5667},{"time":0.6,"x":-2.15,"y":-15.36}]},"water310":{"translate":[{"x":-15.02,"y":-107.54},{"time":0.2333,"x":-30.04,"y":-215.08},{"time":0.3333,"x":-36.47,"y":-261.17,"curve":"stepped"},{"time":0.3667},{"time":0.6,"x":-15.02,"y":-107.54}]},"water311":{"translate":[{"x":-36.47,"y":-261.17,"curve":"stepped"},{"time":0.0333},{"time":0.2333,"x":-12.87,"y":-92.18},{"time":0.6,"x":-36.47,"y":-261.17}]},"water312":{"translate":[{"x":-4.29,"y":-30.73},{"time":0.2333,"x":-19.31,"y":-138.27},{"time":0.5,"x":-36.47,"y":-261.17,"curve":"stepped"},{"time":0.5333},{"time":0.6,"x":-4.29,"y":-30.73}]},"water313":{"translate":[{"x":-27.89,"y":-199.72},{"time":0.1333,"x":-36.47,"y":-261.17,"curve":"stepped"},{"time":0.1667},{"time":0.2333,"x":-4.29,"y":-30.73},{"time":0.6,"x":-27.89,"y":-199.72}]},"water206":{"translate":[{"x":-14.8,"y":-120.2},{"time":0.2333,"x":-32.06,"y":-260.43},{"time":0.3667,"x":-41.93,"y":-340.56,"curve":"stepped"},{"time":0.4},{"time":0.6,"x":-14.8,"y":-120.2}]},"water207":{"translate":[{"x":-2.47,"y":-20.03},{"time":0.2333,"x":-19.73,"y":-160.26},{"time":0.5333,"x":-41.93,"y":-340.56,"curve":"stepped"},{"time":0.5667},{"time":0.6,"x":-2.47,"y":-20.03}]},"water208":{"translate":[{"x":-9.87,"y":-80.13},{"time":0.2333,"x":-27.13,"y":-220.36},{"time":0.4333,"x":-41.93,"y":-340.56,"curve":"stepped"},{"time":0.4667},{"time":0.6,"x":-9.87,"y":-80.13}]},"water209":{"translate":[{"x":-39.46,"y":-320.52},{"time":0.0333,"x":-41.93,"y":-340.56,"curve":"stepped"},{"time":0.0667},{"time":0.2333,"x":-12.33,"y":-100.16},{"time":0.6,"x":-39.46,"y":-320.52}]},"water18":{"translate":[{"x":-21.07,"y":-150.84},{"time":0.4,"x":-71.62,"y":-512.86,"curve":"stepped"},{"time":0.4333},{"time":0.6,"x":-21.07,"y":-150.84}]},"water19":{"translate":[{"x":-21.07,"y":-150.84},{"time":0.4,"x":-71.62,"y":-512.86,"curve":"stepped"},{"time":0.4333},{"time":0.6,"x":-21.07,"y":-150.84}]},"water20":{"translate":[{"x":-8.43,"y":-60.34},{"time":0.4333,"x":-63.2,"y":-452.53},{"time":0.5,"x":-71.62,"y":-512.86,"curve":"stepped"},{"time":0.5333},{"time":0.6,"x":-8.43,"y":-60.34}]},"water21":{"translate":[{"x":-42.13,"y":-301.68},{"time":0.2333,"x":-71.62,"y":-512.86,"curve":"stepped"},{"time":0.2667},{"time":0.4333,"x":-21.07,"y":-150.84},{"time":0.6,"x":-42.13,"y":-301.68}]},"water22":{"translate":[{"x":-54.77,"y":-392.19},{"time":0.1333,"x":-71.62,"y":-512.86,"curve":"stepped"},{"time":0.1667},{"time":0.4333,"x":-33.71,"y":-241.35},{"time":0.6,"x":-54.77,"y":-392.19}]},"water23":{"translate":[{},{"time":0.4333,"x":-54.77,"y":-392.19},{"time":0.5667,"x":-71.62,"y":-512.86,"curve":"stepped"},{"time":0.6}]},"water24":{"translate":[{"x":-63.2,"y":-452.53},{"time":0.0667,"x":-71.62,"y":-512.86,"curve":"stepped"},{"time":0.1},{"time":0.4333,"x":-42.13,"y":-301.68},{"time":0.6,"x":-63.2,"y":-452.53}]},"water315":{"translate":[{"x":-10.73,"y":-76.81},{"time":0.4,"x":-36.47,"y":-261.17,"curve":"stepped"},{"time":0.4333},{"time":0.6,"x":-10.73,"y":-76.81}]},"water316":{"translate":[{"x":-27.89,"y":-199.72},{"time":0.1333,"x":-36.47,"y":-261.17,"curve":"stepped"},{"time":0.1667},{"time":0.4333,"x":-17.16,"y":-122.9},{"time":0.6,"x":-27.89,"y":-199.72}]},"water317":{"translate":[{"x":-2.15,"y":-15.36},{"time":0.4333,"x":-30.04,"y":-215.08},{"time":0.5333,"x":-36.47,"y":-261.17,"curve":"stepped"},{"time":0.5667},{"time":0.6,"x":-2.15,"y":-15.36}]},"water318":{"translate":[{"x":-23.6,"y":-168.99},{"time":0.2,"x":-36.47,"y":-261.17,"curve":"stepped"},{"time":0.2333},{"time":0.4333,"x":-12.87,"y":-92.18},{"time":0.6,"x":-23.6,"y":-168.99}]},"water319":{"translate":[{"x":-30.04,"y":-215.08},{"time":0.1,"x":-36.47,"y":-261.17,"curve":"stepped"},{"time":0.1333},{"time":0.4333,"x":-19.31,"y":-138.27},{"time":0.6,"x":-30.04,"y":-215.08}]},"water320":{"translate":[{"x":-15.02,"y":-107.54},{"time":0.3333,"x":-36.47,"y":-261.17,"curve":"stepped"},{"time":0.3667},{"time":0.4333,"x":-4.29,"y":-30.73},{"time":0.6,"x":-15.02,"y":-107.54}]},"water211":{"translate":[{},{"time":0.4333,"x":-32.06,"y":-260.43},{"time":0.5667,"x":-41.93,"y":-340.56,"curve":"stepped"},{"time":0.6}]},"water212":{"translate":[{"x":-32.06,"y":-260.43},{"time":0.1333,"x":-41.93,"y":-340.56,"curve":"stepped"},{"time":0.1667},{"time":0.4333,"x":-19.73,"y":-160.26},{"time":0.6,"x":-32.06,"y":-260.43}]},"water213":{"translate":[{"x":-39.46,"y":-320.52},{"time":0.0333,"x":-41.93,"y":-340.56,"curve":"stepped"},{"time":0.0667},{"time":0.4333,"x":-27.13,"y":-220.36},{"time":0.6,"x":-39.46,"y":-320.52}]},"water214":{"translate":[{"x":-24.66,"y":-200.33},{"time":0.2333,"x":-41.93,"y":-340.56,"curve":"stepped"},{"time":0.2667},{"time":0.4333,"x":-12.33,"y":-100.16},{"time":0.6,"x":-24.66,"y":-200.33}]},"water26":{"translate":[{"x":-63.2,"y":-452.53},{"time":0.0667,"x":-71.62,"y":-512.86,"curve":"stepped"},{"time":0.1},{"time":0.6,"x":-63.2,"y":-452.53}]},"water27":{"translate":[{"x":-63.2,"y":-452.53},{"time":0.0667,"x":-71.62,"y":-512.86,"curve":"stepped"},{"time":0.1},{"time":0.6,"x":-63.2,"y":-452.53}]},"water28":{"translate":[{"x":-50.56,"y":-362.02},{"time":0.1,"x":-63.2,"y":-452.53},{"time":0.1667,"x":-71.62,"y":-512.86,"curve":"stepped"},{"time":0.2},{"time":0.6,"x":-50.56,"y":-362.02}]},"water29":{"translate":[{"x":-8.43,"y":-60.34},{"time":0.1,"x":-21.07,"y":-150.84},{"time":0.5,"x":-71.62,"y":-512.86,"curve":"stepped"},{"time":0.5333},{"time":0.6,"x":-8.43,"y":-60.34}]},"water30":{"translate":[{"x":-21.07,"y":-150.84},{"time":0.1,"x":-33.71,"y":-241.35},{"time":0.4,"x":-71.62,"y":-512.86,"curve":"stepped"},{"time":0.4333},{"time":0.6,"x":-21.07,"y":-150.84}]},"water31":{"translate":[{"x":-42.13,"y":-301.68},{"time":0.1,"x":-54.77,"y":-392.19},{"time":0.2333,"x":-71.62,"y":-512.86,"curve":"stepped"},{"time":0.2667},{"time":0.6,"x":-42.13,"y":-301.68}]},"water32":{"translate":[{"x":-29.49,"y":-211.18},{"time":0.1,"x":-42.13,"y":-301.68},{"time":0.3333,"x":-71.62,"y":-512.86,"curve":"stepped"},{"time":0.3667},{"time":0.6,"x":-29.49,"y":-211.18}]},"water322":{"translate":[{"x":-32.18,"y":-230.44},{"time":0.0667,"x":-36.47,"y":-261.17,"curve":"stepped"},{"time":0.1},{"time":0.6,"x":-32.18,"y":-230.44}]},"water323":{"translate":[{"x":-10.73,"y":-76.81},{"time":0.1,"x":-17.16,"y":-122.9},{"time":0.4,"x":-36.47,"y":-261.17,"curve":"stepped"},{"time":0.4333},{"time":0.6,"x":-10.73,"y":-76.81}]},"water324":{"translate":[{"x":-23.6,"y":-168.99},{"time":0.1,"x":-30.04,"y":-215.08},{"time":0.2,"x":-36.47,"y":-261.17,"curve":"stepped"},{"time":0.2333},{"time":0.6,"x":-23.6,"y":-168.99}]},"water325":{"translate":[{"x":-6.44,"y":-46.09},{"time":0.1,"x":-12.87,"y":-92.18},{"time":0.4667,"x":-36.47,"y":-261.17,"curve":"stepped"},{"time":0.5},{"time":0.6,"x":-6.44,"y":-46.09}]},"water326":{"translate":[{"x":-12.87,"y":-92.18},{"time":0.1,"x":-19.31,"y":-138.27},{"time":0.3667,"x":-36.47,"y":-261.17,"curve":"stepped"},{"time":0.4},{"time":0.6,"x":-12.87,"y":-92.18}]},"water327":{"translate":[{"x":-36.47,"y":-261.17,"curve":"stepped"},{"time":0.0333},{"time":0.1,"x":-4.29,"y":-30.73},{"time":0.6,"x":-36.47,"y":-261.17}]},"water216":{"translate":[{"x":-24.66,"y":-200.33},{"time":0.1,"x":-32.06,"y":-260.43},{"time":0.2333,"x":-41.93,"y":-340.56,"curve":"stepped"},{"time":0.2667},{"time":0.6,"x":-24.66,"y":-200.33}]},"water217":{"translate":[{"x":-12.33,"y":-100.16},{"time":0.1,"x":-19.73,"y":-160.26},{"time":0.4,"x":-41.93,"y":-340.56,"curve":"stepped"},{"time":0.4333},{"time":0.6,"x":-12.33,"y":-100.16}]},"water218":{"translate":[{"x":-19.73,"y":-160.26},{"time":0.1,"x":-27.13,"y":-220.36},{"time":0.3,"x":-41.93,"y":-340.56,"curve":"stepped"},{"time":0.3333},{"time":0.6,"x":-19.73,"y":-160.26}]},"water219":{"translate":[{"x":-4.93,"y":-40.07},{"time":0.1,"x":-12.33,"y":-100.16},{"time":0.5,"x":-41.93,"y":-340.56,"curve":"stepped"},{"time":0.5333},{"time":0.6,"x":-4.93,"y":-40.07}]},"water34":{"translate":[{},{"time":0.5667,"x":-71.62,"y":-512.86,"curve":"stepped"},{"time":0.6}]},"water35":{"translate":[{},{"time":0.5667,"x":-71.62,"y":-512.86,"curve":"stepped"},{"time":0.6}]},"water36":{"translate":[{"x":-63.2,"y":-452.53},{"time":0.0667,"x":-71.62,"y":-512.86,"curve":"stepped"},{"time":0.1},{"time":0.6,"x":-63.2,"y":-452.53}]},"water37":{"translate":[{"x":-21.07,"y":-150.84},{"time":0.4,"x":-71.62,"y":-512.86,"curve":"stepped"},{"time":0.4333},{"time":0.6,"x":-21.07,"y":-150.84}]},"water38":{"translate":[{"x":-33.71,"y":-241.35},{"time":0.3,"x":-71.62,"y":-512.86,"curve":"stepped"},{"time":0.3333},{"time":0.6,"x":-33.71,"y":-241.35}]},"water39":{"translate":[{"x":-54.77,"y":-392.19},{"time":0.1333,"x":-71.62,"y":-512.86,"curve":"stepped"},{"time":0.1667},{"time":0.6,"x":-54.77,"y":-392.19}]},"water40":{"translate":[{"x":-42.13,"y":-301.68},{"time":0.2333,"x":-71.62,"y":-512.86,"curve":"stepped"},{"time":0.2667},{"time":0.6,"x":-42.13,"y":-301.68}]},"water329":{"translate":[{},{"time":0.5667,"x":-36.47,"y":-261.17,"curve":"stepped"},{"time":0.6}]},"water330":{"translate":[{"x":-17.16,"y":-122.9},{"time":0.3,"x":-36.47,"y":-261.17,"curve":"stepped"},{"time":0.3333},{"time":0.6,"x":-17.16,"y":-122.9}]},"water331":{"translate":[{"x":-30.04,"y":-215.08},{"time":0.1,"x":-36.47,"y":-261.17,"curve":"stepped"},{"time":0.1333},{"time":0.6,"x":-30.04,"y":-215.08}]},"water332":{"translate":[{"x":-12.87,"y":-92.18},{"time":0.3667,"x":-36.47,"y":-261.17,"curve":"stepped"},{"time":0.4},{"time":0.6,"x":-12.87,"y":-92.18}]},"water333":{"translate":[{"x":-19.31,"y":-138.27},{"time":0.2667,"x":-36.47,"y":-261.17,"curve":"stepped"},{"time":0.3},{"time":0.6,"x":-19.31,"y":-138.27}]},"water334":{"translate":[{"x":-4.29,"y":-30.73},{"time":0.5,"x":-36.47,"y":-261.17,"curve":"stepped"},{"time":0.5333},{"time":0.6,"x":-4.29,"y":-30.73}]},"water221":{"translate":[{"x":-32.06,"y":-260.43},{"time":0.1333,"x":-41.93,"y":-340.56,"curve":"stepped"},{"time":0.1667},{"time":0.6,"x":-32.06,"y":-260.43}]},"water222":{"translate":[{"x":-19.73,"y":-160.26},{"time":0.3,"x":-41.93,"y":-340.56,"curve":"stepped"},{"time":0.3333},{"time":0.6,"x":-19.73,"y":-160.26}]},"water223":{"translate":[{"x":-27.13,"y":-220.36},{"time":0.2,"x":-41.93,"y":-340.56,"curve":"stepped"},{"time":0.2333},{"time":0.6,"x":-27.13,"y":-220.36}]},"water224":{"translate":[{"x":-12.33,"y":-100.16},{"time":0.4,"x":-41.93,"y":-340.56,"curve":"stepped"},{"time":0.4333},{"time":0.6,"x":-12.33,"y":-100.16}]}}}}},[0]]],0,0,[0],[-1],[0]],[[[2,"RainNightEffect"],[3,"RainNightEffect",[-5,-6],[[6,-4,-3,-2]],[7,-1,0]],[5,"17FX_rain",1,[-7,-8],[0,"a3DAT2Of1Gk4B7DWOuGRuC",1,0],[5,2917.1,2128.74]],[4,"mask",200,1,[[8,0,-9,[1],2]],[0,"8ex3nts+JCs7SDxW6VzxI0",1,0],[5,3000,720]],[9,"default","idle",0,"idle",2,[0]],[10,2,4]],0,[0,1,1,0,2,3,0,3,5,0,0,1,0,-1,2,0,-2,3,0,-1,4,0,-2,5,0,0,3,0,4,1,9],[0,0,0,4],[-1,-1,5,6],[1,2,3,4]]]]