[1,["88GNx90oFGk7M3xRi17ole"],0,[["sp.SkeletonData",["_name","_atlasText","textureNames","_skeletonJson","textures"],-1,3]],[[0,0,1,2,3,4,5]],[[0,"b03","\r\nb03.png\r\nsize: 652,553\r\nformat: RGBA8888\r\nfilter: Linear,Linear\r\nrepeat: none\r\n1\r\n  rotate: false\r\n  xy: 342, 5\r\n  size: 97, 106\r\n  orig: 97, 106\r\n  offset: 0, 0\r\n  index: -1\r\n2\r\n  rotate: true\r\n  xy: 538, 7\r\n  size: 76, 84\r\n  orig: 76, 84\r\n  offset: 0, 0\r\n  index: -1\r\n头\r\n  rotate: true\r\n  xy: 481, 271\r\n  size: 145, 167\r\n  orig: 145, 167\r\n  offset: 0, 0\r\n  index: -1\r\n小僵尸\r\n  rotate: false\r\n  xy: 2, 65\r\n  size: 200, 203\r\n  orig: 200, 203\r\n  offset: 0, 0\r\n  index: -1\r\n小僵尸头_\r\n  rotate: false\r\n  xy: 84, 2\r\n  size: 66, 61\r\n  orig: 66, 61\r\n  offset: 0, 0\r\n  index: -1\r\n小僵尸手\r\n  rotate: false\r\n  xy: 538, 85\r\n  size: 97, 66\r\n  orig: 97, 66\r\n  offset: 0, 0\r\n  index: -1\r\n小僵尸手2\r\n  rotate: false\r\n  xy: 2, 5\r\n  size: 80, 58\r\n  orig: 80, 58\r\n  offset: 0, 0\r\n  index: -1\r\n手\r\n  rotate: false\r\n  xy: 530, 153\r\n  size: 108, 116\r\n  orig: 108, 116\r\n  offset: 0, 0\r\n  index: -1\r\n手_0\r\n  rotate: false\r\n  xy: 204, 113\r\n  size: 122, 135\r\n  orig: 122, 135\r\n  offset: 0, 0\r\n  index: -1\r\n手臂\r\n  rotate: false\r\n  xy: 328, 113\r\n  size: 109, 135\r\n  orig: 109, 135\r\n  offset: 0, 0\r\n  index: -1\r\n手臂_\r\n  rotate: true\r\n  xy: 439, 122\r\n  size: 126, 89\r\n  orig: 126, 89\r\n  offset: 0, 0\r\n  index: -1\r\n炸弹\r\n  rotate: true\r\n  xy: 441, 15\r\n  size: 105, 95\r\n  orig: 105, 95\r\n  offset: 0, 0\r\n  index: -1\r\n肩\r\n  rotate: false\r\n  xy: 293, 386\r\n  size: 174, 165\r\n  orig: 174, 165\r\n  offset: 0, 0\r\n  index: -1\r\n胳膊_\r\n  rotate: true\r\n  xy: 204, 5\r\n  size: 106, 136\r\n  orig: 106, 136\r\n  offset: 0, 0\r\n  index: -1\r\n脚1\r\n  rotate: true\r\n  xy: 293, 250\r\n  size: 134, 186\r\n  orig: 134, 186\r\n  offset: 0, 0\r\n  index: -1\r\n脚2\r\n  rotate: true\r\n  xy: 469, 418\r\n  size: 133, 181\r\n  orig: 133, 181\r\n  offset: 0, 0\r\n  index: -1\r\n身体\r\n  rotate: false\r\n  xy: 2, 270\r\n  size: 289, 281\r\n  orig: 289, 281\r\n  offset: 0, 0\r\n  index: -1\r\n",["b03.png"],{"skeleton":{"hash":"DSlTKa7pR6XEbp48d7vgt29yYFg","spine":"3.8.99","x":-98.78,"y":-5.9,"width":198.66,"height":228.52,"fps":24,"images":"","audio":"D:/Work/植物大战僵尸2娘化版/动画/娘化版/工程文件/僵尸/b03"},"bones":[{"name":"root","x":-22.49,"y":-5.73,"scaleX":0.25,"scaleY":0.25},{"name":"yd","parent":"root"},{"name":"hajr_body","parent":"yd","length":147,"rotation":96.84,"x":138.15,"y":260.61},{"name":"hajr_j2","parent":"yd","length":192,"rotation":-77.52,"x":101.42,"y":295.26},{"name":"hajr_j11","parent":"yd","length":201,"rotation":-81,"x":247.05,"y":273.26},{"name":"hajr_j12","parent":"hajr_j11","length":91,"rotation":-90.3,"x":207.08,"y":-1.2},{"name":"hajr_j21","parent":"hajr_j2","length":121,"rotation":-92.06,"x":208.59,"y":-1.07},{"name":"hajr_body1","parent":"hajr_body","length":145,"rotation":36.85,"x":147.07,"y":-2.28},{"name":"hajr_0","parent":"hajr_body1","length":128,"rotation":-21.74,"x":63.71,"y":-285.41},{"name":"hajr_j13","parent":"hajr_j12","length":58,"rotation":0.47,"x":91.21},{"name":"hajr_head_01","parent":"hajr_body1","length":134,"rotation":59.86,"x":143.25,"y":-0.9},{"name":"hajr_zs3","parent":"hajr_body1","length":163,"rotation":176.04,"x":115.96,"y":-192.91},{"name":"hajr_j22","parent":"hajr_j21","length":60,"rotation":0.06,"x":121.87,"y":-0.38},{"name":"hajr_body2","parent":"hajr_body1","length":171,"rotation":102.05,"x":144.11,"y":-29.13},{"name":"hajr_zs1","parent":"hajr_body2","length":120,"rotation":-27.07,"x":170.82,"y":-3.07},{"name":"hajr_01","parent":"hajr_0","length":77,"rotation":16.23,"x":128.46},{"name":"hajr_zs2","parent":"hajr_zs3","length":202,"rotation":-44.49,"x":163.6},{"name":"hajr_xb","parent":"hajr_head_01","length":102,"rotation":54.79,"x":13.83,"y":-37.71},{"name":"hajr_xs1","parent":"hajr_01","length":61,"rotation":82.42,"x":50.82,"y":24.43},{"name":"hajr_zs11","parent":"hajr_zs1","length":93,"rotation":37.17,"x":152.23,"y":-8.47},{"name":"hajr_xb1","parent":"hajr_xb","length":89,"rotation":-68.63,"x":103.04,"y":-2.6},{"name":"hajr_xs2","parent":"hajr_01","length":48,"rotation":67.06,"x":79.53,"y":57.95},{"name":"hajr_j1","parent":"hajr_zs2","length":85,"rotation":37.37,"x":202.94,"y":-0.99},{"name":"hajr_head_02","parent":"hajr_01","length":75,"rotation":36.82,"x":74.4,"y":-0.53},{"name":"hajr_xs21","parent":"hajr_xs2","length":43,"rotation":-10.91,"x":48.5},{"name":"hajr_xs11","parent":"hajr_xs1","length":46,"rotation":-7.6,"x":61.86}],"slots":[{"name":"小僵尸","bone":"hajr_0","attachment":"小僵尸"},{"name":"炸弹","bone":"hajr_zs11","attachment":"炸弹"},{"name":"手","bone":"hajr_zs11","attachment":"手"},{"name":"胳膊_","bone":"hajr_body2","attachment":"胳膊_"},{"name":"手臂_","bone":"hajr_zs1","attachment":"手臂_"},{"name":"脚2","bone":"hajr_j2","attachment":"脚2"},{"name":"脚1","bone":"hajr_j11","attachment":"脚1"},{"name":"身体","bone":"hajr_body","attachment":"身体"},{"name":"2","bone":"hajr_body","attachment":"2"},{"name":"1","bone":"hajr_body","attachment":"1"},{"name":"小僵尸手2","bone":"hajr_xs2","attachment":"小僵尸手2"},{"name":"小僵尸手","bone":"hajr_xs1","attachment":"小僵尸手"},{"name":"小僵尸头_","bone":"hajr_head_02","attachment":"小僵尸头_"},{"name":"头","bone":"hajr_head_01","attachment":"头"},{"name":"手_0","bone":"hajr_j1","attachment":"手_0"},{"name":"肩","bone":"hajr_zs3","attachment":"肩"},{"name":"手臂","bone":"hajr_zs2","attachment":"手臂"}],"skins":[{"name":"default","attachments":{"1":{"1":{"x":121.52,"y":-262.02,"scaleX":0.9589,"scaleY":0.9589,"rotation":-89.23,"width":194,"height":212}},"2":{"2":{"x":23.43,"y":-61.96,"scaleX":0.9589,"scaleY":0.9589,"rotation":-89.23,"width":152,"height":167}},"头":{"头":{"type":"mesh","hull":8,"width":289,"height":333,"uvs":[0,0,1,0,0,1,1,1,0,0.63623,0.18839,0.65228,0.37099,0.65266,0.6038,0.63812,0.77704,0.56347,1,0.56785,0,0.60505,0.1908,0.6324,0.39467,0.63846,0.5089,0.63237,0.59934,0.62195,0.78756,0.5447,1,0.54641,0.86188,0.56514,0.86975,0.54536],"triangles":[7,6,3,4,2,5,11,4,5,5,2,6,6,2,3,13,7,6,10,4,11,11,5,6,11,6,12,12,6,13,0,10,11,14,13,7,0,11,12,14,8,15,14,7,8,15,8,17,15,17,18,0,13,15,13,14,15,0,12,13,18,17,9,16,18,9,17,3,9,18,16,1,0,15,1,15,18,1,8,7,3,17,8,3],"vertices":[1,17,-93.11,-253.12,1,1,17,-196.01,4.18,1,2,17,203.35,-134.55,0.22,20,159.43,45.34,0.78,2,17,100.45,122.74,0.51059,20,-117.67,43.27,0.48941,2,17,95.52,-177.68,0.24233,20,160.3,-70.8,0.75767,2,17,80.88,-127.3,0.22588,20,108.05,-66.07,0.77412,2,17,62.21,-80.28,0.40571,20,57.45,-66.33,0.59429,2,17,33.94,-22.1,0.51,20,-7.02,-71.45,0.49,1,17,-6.02,13.62,1,1,17,-27.67,71.51,1,1,17,86.26,-181.38,1,1,17,74.74,-129.04,1,1,17,55.56,-75.87,1,1,17,42.3,-47.08,1,2,17,28.73,-25.52,0.87,20,-5.74,-77.55,0.13,1,17,-12.67,14.1,1,2,17,-34.03,68.96,0.69,20,-116.59,-101.56,0.31,1,17,-14.25,35.65,1,1,17,-20.94,35.33,1],"edges":[0,2,2,32,4,6,4,8,6,18,8,20,18,32,20,0,16,14,14,12,12,10,10,8,20,22,22,24,24,26,26,28,28,30,16,34,34,18,30,36,36,32,34,36]}},"小僵尸":{"小僵尸":{"x":65.02,"y":58.55,"scaleX":0.9589,"scaleY":0.9589,"rotation":-111.82,"width":399,"height":405}},"小僵尸头_":{"小僵尸头_":{"x":62.26,"y":-10.92,"scaleX":0.9589,"scaleY":0.9589,"rotation":-164.86,"width":131,"height":122}},"小僵尸手":{"小僵尸手":{"x":102.06,"y":3.54,"scaleX":0.9589,"scaleY":0.9589,"rotation":149.53,"width":194,"height":131}},"小僵尸手2":{"小僵尸手2":{"x":84.08,"y":34.09,"scaleX":0.9589,"scaleY":0.9589,"rotation":164.89,"width":159,"height":115}},"手":{"手":{"x":45.04,"y":9.9,"scaleX":0.9589,"scaleY":0.9589,"rotation":114.3,"width":216,"height":231}},"手_0":{"手_0":{"x":92.14,"y":-0.77,"scaleX":0.9589,"scaleY":0.9589,"rotation":57.52,"width":243,"height":269}},"手臂":{"手臂":{"x":102.47,"y":-13.52,"scaleX":0.9589,"scaleY":0.9589,"rotation":94.9,"width":217,"height":269}},"手臂_":{"手臂_":{"x":70.4,"y":-16.3,"scaleX":0.9589,"scaleY":0.9589,"rotation":151.47,"width":252,"height":177}},"炸弹":{"炸弹":{"x":78.83,"y":66.71,"scaleX":0.9589,"scaleY":0.9589,"rotation":114.3,"width":209,"height":190}},"肩":{"肩":{"x":53.47,"y":27.41,"scaleX":0.9589,"scaleY":0.9589,"rotation":50.4,"width":347,"height":329}},"胳膊_":{"胳膊_":{"x":103.94,"y":-11.24,"scaleX":0.9589,"scaleY":0.9589,"rotation":124.39,"width":212,"height":272}},"脚1":{"脚1":{"type":"mesh","hull":13,"width":267,"height":372,"uvs":[0.34921,0,0.71338,0,0,1,1,1,0.1496,0.12656,0.18581,0.44887,0,0.84118,0.90136,0.16518,0.94709,0.38139,1,0.50638,0.41635,0.7013,0.16155,0.66316,0.40437,1],"triangles":[11,6,10,6,12,10,6,2,12,10,12,3,0,5,7,1,0,7,4,5,0,5,10,8,7,5,8,9,10,3,8,10,9],"vertices":[3,4,-93.43,-59.53,0.78683,5,59.92,-300.2,0.10716,9,-33.75,-299.94,0.10601,3,4,-79.08,32.58,0.85961,5,-32.26,-286.34,0.07573,9,-125.82,-285.32,0.06466,3,4,245.24,-202.81,0.06975,5,201.4,39.22,0.21893,9,110.51,38.32,0.71132,3,4,284.66,50.15,0.40659,5,-51.76,77.31,0.44696,9,-142.34,78.48,0.14644,3,4,-56.7,-116.98,0.67328,5,117.18,-263.17,0.16268,9,23.81,-263.37,0.16404,3,4,58.32,-125.52,0.41706,5,125.11,-148.11,0.28447,9,32.68,-148.38,0.29847,3,4,189.25,-194.08,0.04642,5,192.98,-16.82,0.16372,9,101.62,-17.65,0.78986,3,4,-13.44,71.06,0.8571,5,-71.09,-220.91,0.08324,9,-164.11,-219.57,0.05966,3,4,64.04,70.88,0.76762,5,-71.32,-143.42,0.15031,9,-163.7,-142.09,0.08207,3,4,110.49,77.29,0.64823,5,-77.98,-97.01,0.24996,9,-169.98,-95.62,0.10181,3,4,156.53,-80.36,0.16659,5,79.42,-50.14,0.42792,9,-12.2,-50.04,0.40549,3,4,132.88,-143.44,0.13654,5,142.63,-73.45,0.34856,9,50.81,-73.87,0.5149,3,4,261.18,-100.51,0.09886,5,99.02,54.62,0.44521,9,8.26,54.56,0.45593],"edges":[0,2,2,14,4,12,4,24,6,18,6,24,8,10,10,20,12,22,14,16,16,18,20,22,8,0]}},"脚2":{"脚2":{"type":"mesh","hull":15,"width":266,"height":362,"uvs":[0.76488,0,1,1,0.47257,0,0.33348,0.14994,0,0.81514,0,0.93993,0.2609,1,0.43856,0.69556,0.23963,0.53871,0.20931,0.63655,0.89121,0.07716,0.93608,0.24751,0.88768,0.4588,0.90849,0.63785,0.97567,0.71361],"triangles":[4,5,6,9,6,7,9,4,6,7,6,1,14,7,1,3,8,12,8,7,12,2,3,0,12,7,13,3,12,11,0,3,11,10,0,11,13,7,14],"vertices":[3,3,-53.19,36.85,0.90451,6,-28.48,-262.98,0.05413,12,-150.63,-262.43,0.04136,3,3,298.71,21.24,0.36085,6,-25.55,89.25,0.49564,12,-147.31,89.8,0.14351,3,3,-69.13,-35.99,0.86686,6,44.89,-276.29,0.06897,12,-77.29,-275.82,0.06417,3,3,-25.87,-81.77,0.7859,6,89.08,-231.41,0.10794,12,-33.04,-230.99,0.10616,3,3,181.51,-214.2,0.02565,6,213.97,-19.39,0.13047,12,92.08,-19.11,0.84389,3,3,223.82,-223.47,0.03382,6,221.7,23.22,0.16134,12,99.86,23.5,0.80484,3,3,258.41,-162.91,0.05682,6,159.94,55.61,0.38153,12,38.13,55.95,0.56164,3,3,164.71,-96.75,0.09115,6,97.19,-40.41,0.52274,12,-24.72,-39.99,0.38611,3,3,100.84,-133.99,0.2291,6,136.71,-102.9,0.37963,12,14.73,-102.53,0.39127,3,3,132.36,-148.8,0.1085,6,150.37,-70.86,0.40826,12,28.43,-70.51,0.48324,3,3,-20.14,62.6,0.88664,6,-55.4,-230.88,0.06801,12,-177.52,-230.3,0.04535,3,3,40.22,61.83,0.84667,6,-56.8,-170.53,0.10017,12,-178.85,-169.95,0.05316,3,3,109.16,33.78,0.87965,6,-31.25,-100.63,0.09039,12,-153.23,-100.07,0.02996,3,3,170.96,25.53,0.74901,6,-25.23,-38.56,0.22986,12,-147.14,-38.01,0.02113,3,3,200.33,36.69,0.49931,6,-37.44,-9.62,0.47294,12,-159.31,-9.06,0.02775],"edges":[0,4,2,12,2,28,4,6,6,16,8,10,8,18,10,12,14,16,14,18,20,22,22,24,24,26,26,28,20,0]}},"身体":{"身体":{"type":"mesh","hull":21,"width":577,"height":561,"uvs":[0.22451,0,0.79603,0.26738,0.11453,0.93917,0.94707,0.75364,0,0.18163,0,0.42823,0.15897,0.70363,0.17212,0.78367,0.57594,0,0.70871,0.10411,0.82395,0.41608,0.99534,0.31111,0.93023,0.6071,0.87491,0.67676,0.7811,0.90383,0.23292,1,0.54606,1,0.9184,0.50805,1,0.4346,0.08255,0.57124,0.40446,0,0.32512,0.13534,0.34029,0.35354,0.42406,0.52041,0.57319,0.66867,0.80864,0.53865,0.34799,0.73931,0.35211,0.83432,0.50358,0.83023,0.64861,0.75397,0.85492,0.6351],"triangles":[0,4,21,4,5,22,5,19,22,21,4,22,20,21,8,0,21,20,6,26,23,19,6,23,22,19,23,21,22,9,8,21,9,22,23,1,9,22,1,23,24,25,1,23,10,23,25,10,10,25,17,30,13,12,25,30,12,17,25,12,10,17,18,11,10,18,7,2,15,6,7,26,7,15,27,26,7,27,26,27,28,27,15,16,28,27,16,23,26,24,26,28,24,24,28,29,28,16,29,29,16,14,24,29,25,25,29,30,29,14,13,30,29,13,13,14,3],"vertices":[3,2,494.55,54.3,0.18085,7,311.98,-163.12,0.41068,10,-55.56,-227.37,0.40847,3,2,314.8,-242.94,0.35545,7,-10.13,-293.16,0.36011,10,-329.76,-14.11,0.28444,2,2,-0.09,173.7,0.64,7,-12.21,229.08,0.36,2,2,45.27,-295.4,0.53,7,-257.26,-173.49,0.47,3,2,412,189.07,0.12069,7,326.76,-5.77,0.38677,10,87.94,-161.14,0.49254,3,2,280.27,204.55,0.01591,7,230.63,85.62,0.06468,10,118.71,-32.12,0.9194,2,2,122.88,134.5,0.45,7,62.68,123.96,0.55,2,2,79.26,132.3,0.56,7,26.46,148.36,0.44,3,2,471.86,-138.8,0.27211,7,178.01,-304.03,0.36311,10,-244.68,-182.27,0.36479,3,2,407.66,-205.22,0.31843,7,86.81,-318.67,0.34511,10,-303.14,-110.75,0.33646,2,2,233.55,-248.95,0.5,7,-78.74,-249.24,0.5,2,2,278.56,-349.71,0.49,7,-103.16,-356.86,0.51,2,2,124.64,-295.35,0.49,7,-193.72,-221.05,0.51,3,2,91,-260.58,0.41103,7,-199.79,-173.06,0.3995,10,-321.12,210.21,0.18947,2,2,-24.25,-194.79,0.64,7,-252.55,-51.28,0.36,2,2,-40.23,112.46,0.78,7,-81.06,204.16,0.22,2,2,-60.46,-59.59,0.87,7,-200.44,78.61,0.13,2,2,178.32,-295.07,0.49,7,-150.6,-253.02,0.51,2,2,212.29,-344.52,0.49,7,-153.07,-312.96,0.51,3,2,198.53,168.18,0.06818,7,143.41,105.54,0.18939,10,92.14,53.3,0.74243,3,2,482.93,-44.58,0.22057,7,243.38,-235.27,0.38949,10,-152.4,-204.28,0.38995,3,2,415.66,6.84,0.16877,7,220.39,-153.79,0.41554,10,-93.47,-143.48,0.41569,3,2,298.29,13.67,0.11646,7,130.57,-77.93,0.44252,10,-72.98,-27.71,0.44103,3,2,203.64,-22.67,0.17,7,33.04,-50.24,0.79,10,-98,70.54,0.04,2,2,114.81,-95.3,0.53,7,-81.61,-55.08,0.47,2,2,169.06,-232.84,0.5,7,-120.69,-197.68,0.5,2,2,91.61,32.87,0.8,7,-23.3,61.4,0.2,2,2,40.59,36.58,0.91,7,-61.9,94.96,0.09,2,2,32.99,-46.91,0.88,7,-118.06,32.71,0.12,3,2,64.37,-131.39,0.5162,7,-143.61,-53.71,0.37905,10,-189.7,221.56,0.10474,3,2,114.55,-252.22,0.40393,7,-175.93,-180.48,0.40449,10,-315.57,185.85,0.19158],"edges":[0,8,2,18,2,20,4,14,4,30,6,26,6,28,8,10,10,38,12,14,12,38,16,18,16,40,20,22,22,36,24,26,24,34,28,32,30,32,34,36,40,0,40,42,42,44,44,46,46,48,48,50,20,50,12,52,52,48,54,56,48,58,58,28,56,58,50,60,60,26,58,60,14,54]}}}}],"animations":{"attack":{"bones":{"hajr_body":{"rotate":[{},{"time":0.1667,"angle":2.59,"curve":0.5,"c3":0.5},{"time":0.4167,"angle":-5.04,"curve":"stepped"},{"time":1.0833,"angle":-5.04},{"time":1.4583}]},"hajr_body1":{"rotate":[{},{"time":0.1667,"angle":2.59,"curve":0.5,"c3":0.5},{"time":0.4167,"angle":-5.04,"curve":"stepped"},{"time":1.0833,"angle":-5.04},{"time":1.4583}]},"hajr_body2":{"rotate":[{"time":0.125},{"time":0.4167,"angle":39.13,"curve":"stepped"},{"time":1.0833,"angle":39.13},{"time":1.4583}]},"hajr_zs3":{"rotate":[{},{"time":0.1667,"angle":11.21},{"time":0.5833,"angle":-157.88,"curve":"stepped"},{"time":1.25,"angle":-157.88},{"time":1.4583}],"translate":[{},{"time":0.5833,"x":-66.94,"y":-1.46,"curve":"stepped"},{"time":1.25,"x":-66.94,"y":-1.46},{"time":1.4583}]},"hajr_zs1":{"rotate":[{},{"time":0.2083,"angle":-26.46,"curve":"stepped"},{"time":1.0833,"angle":-26.46},{"time":1.4583}]},"hajr_xb":{"rotate":[{"time":0.1667},{"time":0.5833,"angle":-14.23,"curve":"stepped"},{"time":1.0833,"angle":-14.23},{"time":1.4583}]},"hajr_zs2":{"rotate":[{},{"time":0.1667,"angle":11.21},{"time":0.375,"angle":66.31},{"time":0.6667,"angle":9.33,"curve":"stepped"},{"time":1.25,"angle":9.33},{"time":1.4583}]},"hajr_j1":{"rotate":[{},{"time":0.1667,"angle":11.21},{"time":0.5},{"time":0.7917,"angle":-28.79,"curve":"stepped"},{"time":1.25,"angle":-28.79},{"time":1.4583}]},"hajr_zs11":{"rotate":[{},{"time":0.2917,"angle":-48.04},{"time":0.5417,"angle":-33.82,"curve":"stepped"},{"time":1.0833,"angle":-33.82},{"time":1.4583}]},"hajr_xb1":{"rotate":[{"time":0.4583,"curve":0.5,"c3":0.5},{"time":0.625,"angle":10.71,"curve":"stepped"},{"time":0.8333,"angle":10.71},{"time":1.0833}],"translate":[{"time":0.4583,"curve":0.5,"c3":0.5},{"time":0.625,"x":14.58,"y":62.05,"curve":"stepped"},{"time":0.8333,"x":14.58,"y":62.05},{"time":1.0833}]}}},"death":{"slots":{"1":{"color":[{"color":"ffffffff"},{"time":0.2917,"color":"000000ff","curve":"stepped"},{"time":1.7917,"color":"000000ff"},{"time":2.5,"color":"00000000"}]},"2":{"color":[{"color":"ffffffff"},{"time":0.2917,"color":"000000ff","curve":"stepped"},{"time":1.7917,"color":"000000ff"},{"time":2.5,"color":"00000000"}]},"头":{"color":[{"color":"ffffffff"},{"time":0.2917,"color":"000000ff","curve":"stepped"},{"time":1.7917,"color":"000000ff"},{"time":2.5,"color":"00000000"}]},"小僵尸":{"color":[{"color":"ffffffff"},{"time":0.2917,"color":"000000ff","curve":"stepped"},{"time":1.7917,"color":"000000ff"},{"time":2.5,"color":"00000000"}]},"小僵尸头_":{"color":[{"color":"ffffffff"},{"time":0.2917,"color":"000000ff","curve":"stepped"},{"time":1.7917,"color":"000000ff"},{"time":2.5,"color":"00000000"}]},"小僵尸手":{"color":[{"color":"ffffffff"},{"time":0.2917,"color":"000000ff","curve":"stepped"},{"time":1.7917,"color":"000000ff"},{"time":2.5,"color":"00000000"}]},"小僵尸手2":{"color":[{"color":"ffffffff"},{"time":0.2917,"color":"000000ff","curve":"stepped"},{"time":1.7917,"color":"000000ff"},{"time":2.5,"color":"00000000"}]},"手":{"color":[{"color":"ffffffff"},{"time":0.2917,"color":"000000ff","curve":"stepped"},{"time":1.7917,"color":"000000ff"},{"time":2.5,"color":"00000000"}]},"手_0":{"color":[{"color":"ffffffff"},{"time":0.2917,"color":"000000ff","curve":"stepped"},{"time":1.7917,"color":"000000ff"},{"time":2.5,"color":"00000000"}]},"手臂":{"color":[{"color":"ffffffff"},{"time":0.2917,"color":"000000ff","curve":"stepped"},{"time":1.7917,"color":"000000ff"},{"time":2.5,"color":"00000000"}]},"手臂_":{"color":[{"color":"ffffffff"},{"time":0.2917,"color":"000000ff","curve":"stepped"},{"time":1.7917,"color":"000000ff"},{"time":2.5,"color":"00000000"}]},"炸弹":{"color":[{"color":"ffffffff"},{"time":0.2917,"color":"000000ff","curve":"stepped"},{"time":1.7917,"color":"000000ff"},{"time":2.5,"color":"00000000"}]},"肩":{"color":[{"color":"ffffffff"},{"time":0.2917,"color":"000000ff","curve":"stepped"},{"time":1.7917,"color":"000000ff"},{"time":2.5,"color":"00000000"}]},"胳膊_":{"color":[{"color":"ffffffff"},{"time":0.2917,"color":"000000ff","curve":"stepped"},{"time":1.7917,"color":"000000ff"},{"time":2.5,"color":"00000000"}]},"脚1":{"color":[{"color":"ffffffff"},{"time":0.2917,"color":"000000ff","curve":"stepped"},{"time":1.7917,"color":"000000ff"},{"time":2.5,"color":"00000000"}]},"脚2":{"color":[{"color":"ffffffff"},{"time":0.2917,"color":"000000ff","curve":"stepped"},{"time":1.7917,"color":"000000ff"},{"time":2.5,"color":"00000000"}]},"身体":{"color":[{"color":"ffffffff"},{"time":0.2917,"color":"000000ff","curve":"stepped"},{"time":1.7917,"color":"000000ff"},{"time":2.5,"color":"00000000"}]}},"bones":{"hajr_body":{"rotate":[{"curve":0,"c3":0.5},{"time":0.125,"angle":-7.49},{"time":0.2917,"angle":-4.28},{"time":0.4583,"angle":-4.07},{"time":0.6667,"angle":2.47},{"time":0.875,"angle":14.08},{"time":1.25,"angle":-16.05}],"translate":[{"curve":0,"c3":0.5},{"time":0.125,"y":-31.97},{"time":0.2917,"y":-13.57},{"time":0.4583,"y":-7.44},{"time":0.6667,"y":7.89},{"time":1.25,"y":-31.97}]},"hajr_0":{"rotate":[{"curve":0,"c3":0.5},{"time":0.125,"angle":-6.23},{"time":0.2917,"angle":-10.92},{"time":0.4583,"angle":0.59},{"time":0.6667,"angle":-13.75},{"time":1.25,"angle":13.22},{"time":1.5,"angle":-31.46},{"time":1.5833,"angle":-55.62},{"time":1.6667,"angle":-61.5},{"time":1.7917,"angle":-104.08}],"translate":[{"curve":0,"c3":0.5},{"time":0.125,"x":24.65,"y":-23.55},{"time":0.2917},{"time":0.4583,"x":10.79,"y":-10.3,"curve":"stepped"},{"time":0.6667,"x":10.79,"y":-10.3},{"time":1.25},{"time":1.5,"x":-392.43,"y":205.84},{"time":1.5833,"x":-360.35,"y":189.02},{"time":1.6667,"x":-392.43,"y":205.84}]},"hajr_zs11":{"rotate":[{"time":0.6667},{"time":1.25,"angle":-8.41}]},"hajr_body2":{"rotate":[{"curve":0,"c3":0.5},{"time":0.2917,"angle":26.74,"curve":"stepped"},{"time":0.6667,"angle":26.74},{"time":1.25,"angle":29.26}],"translate":[{"curve":0,"c3":0.5},{"time":0.125,"x":28.83,"y":-27.54},{"time":0.2917,"x":35.44,"y":-33.86}]},"hajr_zs1":{"rotate":[{"curve":0,"c3":0.5},{"time":0.125,"angle":-21.82},{"time":0.2917,"curve":"stepped"},{"time":0.6667},{"time":1.25,"angle":-3.82}]},"hajr_zs3":{"rotate":[{"curve":0,"c3":0.5},{"time":0.125,"angle":7.96},{"time":0.2917,"curve":"stepped"},{"time":0.6667},{"time":1.25,"angle":2.62}],"translate":[{"curve":0,"c3":0.5},{"time":0.125,"x":16.95,"y":-16.19},{"time":0.2917}]},"hajr_zs2":{"rotate":[{"curve":0,"c3":0.5},{"time":0.125,"angle":-18.72},{"time":0.2917,"curve":"stepped"},{"time":0.6667},{"time":1.25,"angle":9.45}]},"hajr_body1":{"rotate":[{"curve":0,"c3":0.5},{"time":0.125,"angle":8.27},{"time":0.2917},{"time":0.4583,"angle":-7.12},{"time":0.6667,"angle":-10.6},{"time":0.875,"angle":-17.16},{"time":1.25,"angle":0.04}]},"hajr_xb":{"rotate":[{"curve":0,"c3":0.5},{"time":0.125,"angle":-5.59},{"time":0.2917,"angle":8.66,"curve":"stepped"},{"time":0.6667,"angle":8.66},{"time":0.875,"angle":1.66},{"time":1.25,"angle":36,"curve":"stepped"},{"time":1.4167,"angle":36},{"time":1.6667,"angle":108.45}],"translate":[{"time":1.25},{"time":1.4167,"x":-16.2,"y":376.73},{"time":1.6667,"x":134.86,"y":353.37}]}}},"kenyao":{"bones":{"hajr_body":{"rotate":[{"curve":0,"c3":0.5},{"time":0.5,"angle":-27.03,"curve":0.5},{"time":0.6667,"angle":-9.52,"curve":0,"c3":0.5},{"time":0.75,"angle":3.95,"curve":"stepped"},{"time":1.4167,"angle":3.95,"curve":0,"c3":0.5},{"time":1.6667}],"translate":[{"curve":0,"c3":0.5},{"time":0.5,"x":8.15,"y":24.45,"curve":0.5},{"time":0.6667,"x":4.66,"y":-32.48,"curve":0,"c3":0.5},{"time":0.75}]},"hajr_body1":{"rotate":[{"curve":0,"c3":0.5},{"time":0.5,"angle":-7.88,"curve":0.5},{"time":0.6667,"angle":-10.44,"curve":0,"c3":0.5},{"time":0.75}]},"hajr_body2":{"rotate":[{"curve":0,"c3":0.5},{"time":0.5,"angle":-80.29,"curve":0.5},{"time":0.6667,"angle":-87.8,"curve":0,"c3":0.5},{"time":0.75,"angle":-11.84,"curve":"stepped"},{"time":1.4167,"angle":-11.84,"curve":0,"c3":0.5},{"time":1.6667}]},"hajr_zs3":{"rotate":[{"curve":0,"c3":0.5},{"time":0.5,"angle":-31.07,"curve":0.5},{"time":0.75,"angle":12.29,"curve":"stepped"},{"time":1.4167,"angle":12.29,"curve":0,"c3":0.5},{"time":1.6667}]},"hajr_head_01":{"rotate":[{"curve":0,"c3":0.5},{"time":0.5,"angle":-10.33,"curve":0.5},{"time":0.6667,"angle":-19.8,"curve":0,"c3":0.5},{"time":0.75}]},"hajr_zs1":{"rotate":[{"time":0.5,"curve":0.5},{"time":0.6667,"angle":-33.8,"curve":0,"c3":0.5},{"time":0.75}]},"hajr_zs2":{"rotate":[{"time":0.5,"curve":0.5},{"time":0.75,"angle":-10.07,"curve":"stepped"},{"time":1.4167,"angle":-10.07,"curve":0,"c3":0.5},{"time":1.6667}]},"hajr_zs11":{"rotate":[{"time":0.5,"curve":0.5},{"time":0.6667,"angle":-36.48,"curve":0,"c3":0.5},{"time":0.75}]},"hajr_xb1":{"rotate":[{"time":0.5,"curve":0.5},{"time":0.6667,"angle":32.46,"curve":0,"c3":0.5},{"time":0.75}],"translate":[{"time":0.5,"curve":0.5},{"time":0.6667,"x":8.81,"y":84.29,"curve":0,"c3":0.5},{"time":0.75}]}}},"move":{"bones":{"yd":{"translate":[{"time":1.25},{"time":2.0833,"x":188.05}]},"hajr_body":{"translate":[{},{"time":0.5,"x":-27.06,"y":69.9},{"time":0.875,"x":-44.79,"curve":"stepped"},{"time":1.25,"x":-44.79},{"time":1.7083,"x":-181.43,"y":69.9},{"time":2.125,"x":-185.2}]},"hajr_j2":{"rotate":[{"time":1.25},{"time":1.4583,"angle":24.46,"curve":"stepped"},{"time":1.6667,"angle":24.46},{"time":1.875,"angle":-12.67},{"time":2,"angle":-25.29},{"time":2.125}],"translate":[{"time":1.25},{"time":1.4583,"x":-138.28,"y":40.58},{"time":1.6667,"x":-167.48,"y":82.31},{"time":1.875,"x":-148.63,"y":50.88},{"time":2,"x":-137.32,"y":-10.96},{"time":2.125,"x":-187.88,"y":-1.32}]},"hajr_j11":{"rotate":[{},{"time":0.2083,"angle":19.78,"curve":"stepped"},{"time":0.4167,"angle":19.78},{"time":0.625,"angle":-18.97},{"time":0.8333}],"translate":[{},{"time":0.2083,"x":-65.5},{"time":0.4167,"x":-66.76,"y":99.03},{"time":0.625,"x":-126.01,"y":35.36},{"time":0.8333,"x":-187.93,"y":1.32}]},"hajr_j21":{"rotate":[{"time":1.25},{"time":1.4583,"angle":11.55},{"time":1.875,"angle":-5.96},{"time":2.0833}]},"hajr_j12":{"rotate":[{},{"time":0.2083,"angle":6.65},{"time":0.625}]},"hajr_body1":{"rotate":[{},{"time":0.125,"angle":-5.67},{"time":0.7083,"angle":7.47,"curve":0.5,"c3":0.5},{"time":0.8333,"angle":7.33,"curve":0.5},{"time":1.25,"curve":0,"c3":0.5},{"time":1.875,"angle":-11.82},{"time":2.0833,"angle":0.5},{"time":2.5}],"translate":[{"time":0.7083,"curve":0.5},{"time":0.8333,"x":-21.01,"y":2.52},{"time":1.25}]},"hajr_zs3":{"rotate":[{"angle":-4.93},{"time":0.7083,"angle":34.75,"curve":"stepped"},{"time":1.25,"angle":34.75},{"time":1.5833,"angle":20.77},{"time":2,"angle":-5.15},{"time":2.125,"angle":-1.31},{"time":2.3333,"angle":-4.93}]},"hajr_body2":{"rotate":[{"curve":0.5},{"time":0.5833,"angle":-15.12,"curve":"stepped"},{"time":1.125,"angle":-15.12,"curve":0.5},{"time":1.375,"curve":0,"c3":0.5},{"time":2.0833,"angle":4.77,"curve":0,"c3":0.5},{"time":2.5}]},"hajr_j13":{"rotate":[{},{"time":0.2083,"angle":-37.93},{"time":0.4167,"angle":15.54},{"time":0.625,"angle":-42.25},{"time":0.8333}]},"hajr_head_01":{"rotate":[{},{"time":0.625,"angle":-8.87},{"time":0.8333,"angle":-8.96},{"time":1.0417,"angle":-6.2},{"time":1.25},{"time":1.6667,"angle":11.75},{"time":1.9583,"angle":5.64},{"time":2.2917}],"translate":[{"time":0.6667},{"time":0.875,"x":-7.32,"y":9.07,"curve":0.446,"c2":0.72,"c3":0.627,"c4":0.87},{"time":1,"curve":"stepped"},{"time":1.9167},{"time":2.125,"x":-7.32,"y":9.07,"curve":0.446,"c2":0.72,"c3":0.627,"c4":0.87},{"time":2.25}]},"hajr_j22":{"rotate":[{"time":1.25},{"time":1.4583,"angle":-35.59},{"time":1.6667,"angle":22.55},{"time":1.875,"angle":-32.12},{"time":2.0833}]},"hajr_zs2":{"rotate":[{"angle":-4.93,"curve":"stepped"},{"time":0.0833,"angle":-4.93},{"time":0.7917,"angle":-17.88},{"time":0.9583,"angle":-22.94},{"time":1.3333,"angle":-20.9},{"time":1.6667,"angle":-17.88},{"time":2.0833,"angle":-5.15},{"time":2.2083,"angle":-1.31},{"time":2.4167,"angle":-4.93}]},"hajr_zs1":{"rotate":[{"curve":0.5},{"time":0.7917,"angle":-15.12,"curve":"stepped"},{"time":1.5417,"angle":-15.12,"curve":0.5},{"time":1.9583,"curve":0,"c3":0.5},{"time":2.1667,"angle":15,"curve":0,"c3":0.5},{"time":2.5}]},"hajr_zs11":{"rotate":[{"curve":0.5},{"time":0.9583,"angle":-15.12,"curve":"stepped"},{"time":1.7083,"angle":-15.12,"curve":0.5},{"time":2.125,"curve":0,"c3":0.5},{"time":2.3333,"angle":-5.41,"curve":0,"c3":0.5},{"time":2.5}]},"hajr_j1":{"rotate":[{"angle":-4.93},{"time":0.1667},{"time":0.875,"angle":-10.5},{"time":1.0417,"angle":-20.15},{"time":1.4167,"angle":-2.54},{"time":1.75,"angle":-3.97},{"time":2.1667},{"time":2.2917,"angle":0.1},{"time":2.5,"angle":-4.93}]},"hajr_xb1":{"translate":[{"time":0.625,"curve":0.5},{"time":0.7917,"x":13.28,"y":8.27,"curve":0.5},{"time":0.875,"x":17.62,"y":8.53},{"time":1.25,"curve":"stepped"},{"time":1.875,"curve":0.5},{"time":2.0417,"x":13.28,"y":8.27,"curve":0.5},{"time":2.125,"x":17.62,"y":8.53},{"time":2.5}]},"hajr_head_02":{"rotate":[{"curve":0.5,"c3":0.5},{"time":0.3333,"angle":5.05},{"time":0.5,"curve":0.5,"c3":0.5},{"time":0.6667,"angle":-14.08,"curve":"stepped"},{"time":0.75,"angle":-14.08,"curve":0.5,"c3":0.5},{"time":0.875,"angle":5.44,"curve":0,"c3":0.5},{"time":1.0417,"curve":"stepped"},{"time":1.25,"curve":0.5,"c3":0.5},{"time":1.5833,"angle":5.05},{"time":1.75,"curve":0.5,"c3":0.5},{"time":1.9167,"angle":-14.08,"curve":"stepped"},{"time":2,"angle":-14.08,"curve":0.5,"c3":0.5},{"time":2.125,"angle":5.44,"curve":0,"c3":0.5},{"time":2.2917}]}}}}},[0]]],0,0,[0],[-1],[0]]