[1,["88467uwnxPqZgzqQz4edhP"],0,[["sp.SkeletonData",["_name","_atlasText","textureNames","_skeletonJson","textures"],-1,3]],[[0,0,1,2,3,4,5]],[[0,"b04","\r\nb04.png\r\nsize: 375,1037\r\nformat: RGBA8888\r\nfilter: Linear,Linear\r\nrepeat: none\r\n1\r\n  rotate: false\r\n  xy: 263, 604\r\n  size: 86, 45\r\n  orig: 86, 45\r\n  offset: 0, 0\r\n  index: -1\r\n1-2\r\n  rotate: true\r\n  xy: 287, 53\r\n  size: 51, 45\r\n  orig: 51, 45\r\n  offset: 0, 0\r\n  index: -1\r\n2\r\n  rotate: false\r\n  xy: 263, 557\r\n  size: 86, 45\r\n  orig: 86, 45\r\n  offset: 0, 0\r\n  index: -1\r\n2-2_\r\n  rotate: true\r\n  xy: 343, 243\r\n  size: 53, 29\r\n  orig: 53, 29\r\n  offset: 0, 0\r\n  index: -1\r\n3\r\n  rotate: true\r\n  xy: 172, 5\r\n  size: 37, 82\r\n  orig: 37, 82\r\n  offset: 0, 0\r\n  index: -1\r\n3-2\r\n  rotate: true\r\n  xy: 312, 921\r\n  size: 32, 59\r\n  orig: 32, 59\r\n  offset: 0, 0\r\n  index: -1\r\n头_\r\n  rotate: true\r\n  xy: 2, 848\r\n  size: 187, 308\r\n  orig: 187, 308\r\n  offset: 0, 0\r\n  index: -1\r\n帽子\r\n  rotate: false\r\n  xy: 2, 703\r\n  size: 279, 143\r\n  orig: 279, 143\r\n  offset: 0, 0\r\n  index: -1\r\n手1\r\n  rotate: true\r\n  xy: 293, 106\r\n  size: 54, 78\r\n  orig: 54, 78\r\n  offset: 0, 0\r\n  index: -1\r\n手2_\r\n  rotate: false\r\n  xy: 2, 23\r\n  size: 168, 455\r\n  orig: 181, 461\r\n  offset: 6, 0\r\n  index: -1\r\n手臂1\r\n  rotate: false\r\n  xy: 312, 847\r\n  size: 58, 72\r\n  orig: 58, 72\r\n  offset: 0, 0\r\n  index: -1\r\n手臂2\r\n  rotate: true\r\n  xy: 312, 955\r\n  size: 80, 59\r\n  orig: 80, 59\r\n  offset: 0, 0\r\n  index: -1\r\n斗篷\r\n  rotate: false\r\n  xy: 2, 480\r\n  size: 259, 221\r\n  orig: 259, 221\r\n  offset: 0, 0\r\n  index: -1\r\n斗篷2\r\n  rotate: false\r\n  xy: 172, 298\r\n  size: 182, 180\r\n  orig: 182, 180\r\n  offset: 0, 0\r\n  index: -1\r\n眼睛1_\r\n  rotate: false\r\n  xy: 334, 70\r\n  size: 34, 34\r\n  orig: 34, 34\r\n  offset: 0, 0\r\n  index: -1\r\n眼睛2_\r\n  rotate: false\r\n  xy: 293, 2\r\n  size: 49, 49\r\n  orig: 49, 49\r\n  offset: 0, 0\r\n  index: -1\r\n脚2\r\n  rotate: true\r\n  xy: 283, 651\r\n  size: 81, 88\r\n  orig: 81, 88\r\n  offset: 0, 0\r\n  index: -1\r\n脚_1\r\n  rotate: true\r\n  xy: 283, 734\r\n  size: 111, 90\r\n  orig: 111, 90\r\n  offset: 0, 0\r\n  index: -1\r\n臂膀1\r\n  rotate: false\r\n  xy: 263, 481\r\n  size: 39, 74\r\n  orig: 39, 74\r\n  offset: 0, 0\r\n  index: -1\r\n臂膀2\r\n  rotate: true\r\n  xy: 304, 489\r\n  size: 66, 67\r\n  orig: 66, 67\r\n  offset: 0, 0\r\n  index: -1\r\n身体\r\n  rotate: true\r\n  xy: 256, 5\r\n  size: 37, 35\r\n  orig: 37, 35\r\n  offset: 0, 0\r\n  index: -1\r\n身体_0\r\n  rotate: true\r\n  xy: 172, 44\r\n  size: 116, 113\r\n  orig: 116, 113\r\n  offset: 0, 0\r\n  index: -1\r\n身体下\r\n  rotate: false\r\n  xy: 172, 162\r\n  size: 169, 134\r\n  orig: 169, 134\r\n  offset: 0, 0\r\n  index: -1\r\n",["b04.png"],{"skeleton":{"hash":"xynFwbfXbLAVb+zjDIXO9nvWMLI","spine":"3.8.99","x":-128.3,"y":-7.67,"width":302.53,"height":240.07,"fps":24,"images":"","audio":"D:/Work/植物大战僵尸2娘化版/动画/娘化版/工程文件/僵尸/b04"},"bones":[{"name":"root","x":-21,"y":0.6,"scaleX":0.12,"scaleY":0.12},{"name":"bone1","parent":"root"},{"name":"身体21","parent":"root","length":125,"rotation":177.61,"x":850.37,"y":1453.56},{"name":"身体2","parent":"root","length":125,"rotation":172.03,"x":1329.67,"y":1458.05},{"name":"bone_ikTarget_left","parent":"bone1","length":50,"rotation":-31,"x":389.49,"y":88.79,"color":"ff3f00ff"},{"name":"bone_ikTarget_right","parent":"bone1","length":50,"rotation":-145.81,"x":-28.87,"y":49.34,"color":"ff3f00ff"},{"name":"臂膀1","parent":"bone1","length":50,"rotation":-165.89,"x":185.1,"y":644.11},{"name":"身体","parent":"臂膀1","length":187,"rotation":-89.56,"x":1.33,"y":-11.66},{"name":"腰","parent":"臂膀1","length":50,"rotation":75.81,"x":2.59,"y":15.65},{"name":"bone_ikTarget","parent":"bone_ikTarget_right","rotation":145.81,"x":-156.89,"y":93.9,"color":"ff3f00ff"},{"name":"bone_ikTarget1","parent":"bone_ikTarget_left","rotation":31.08,"x":-202.25,"y":-226.66,"color":"ff3f00ff"},{"name":"大腿2","parent":"腰","length":250,"rotation":-1.59,"x":48.1,"y":-58.69},{"name":"身体1","parent":"身体","length":296,"rotation":15.74,"x":188.53,"y":-1.08},{"name":"大腿1","parent":"腰","length":348,"rotation":-5.35,"x":-23.89,"y":143.44},{"name":"脚_1","parent":"大腿1","length":249,"rotation":35.21,"x":347.39,"y":13.4},{"name":"臂膀2","parent":"身体1","length":271,"rotation":89.84,"x":111.33,"y":57.19},{"name":"臂膀11","parent":"身体1","length":291,"rotation":151.31,"x":82.26,"y":-78.6},{"name":"脚2","parent":"大腿2","length":308,"rotation":-17.2,"x":250.26},{"name":"头","parent":"身体1","length":287,"rotation":15.98,"x":301.45,"y":42.33},{"name":"root1","parent":"身体1","rotation":-120.29,"x":-81.13,"y":-301.17,"scaleX":2.126,"scaleY":2.126},{"name":"手臂2","parent":"臂膀2","length":260,"rotation":-9.26,"x":271.88},{"name":"眼睛1_","parent":"头","length":20,"rotation":-41.67,"x":279.36,"y":139.82},{"name":"手臂1","parent":"臂膀11","length":252,"rotation":-8.12,"x":256.77,"y":8.07},{"name":"眼睛2_","parent":"头","length":20,"rotation":-41.23,"x":91.66,"y":-73.33},{"name":"脚_11","parent":"脚_1","length":86,"rotation":-87.99,"x":242.83,"y":-4.92},{"name":"脚21","parent":"脚2","length":183,"rotation":112.27,"x":308.41},{"name":"领带1","parent":"头","length":336,"rotation":128.82,"x":-77.99,"y":245.32},{"name":"领带2","parent":"领带1","length":379,"rotation":-0.98,"x":345.46,"y":-2.97},{"name":"脚_12","parent":"脚_11","length":215,"rotation":-19.1,"x":86.07},{"name":"手2","parent":"手臂2","length":197,"rotation":1.47,"x":260.49},{"name":"大腿21","parent":"手臂1","length":225,"rotation":15.79,"x":285.47,"y":2.96}],"slots":[{"name":"脚2","bone":"脚2","attachment":"脚2"},{"name":"臂膀2","bone":"臂膀2","attachment":"臂膀2"},{"name":"手臂2","bone":"手臂2","attachment":"手臂2"},{"name":"手2_","bone":"手2","attachment":"手2_"},{"name":"脚_1","bone":"脚_1","attachment":"脚_1"},{"name":"斗篷2","bone":"root1","attachment":"斗篷2"},{"name":"斗篷","bone":"root1","attachment":"斗篷"},{"name":"11","bone":"身体21","attachment":"1"},{"name":"1-21","bone":"身体21","attachment":"1-2"},{"name":"身体1","bone":"身体21","attachment":"身体"},{"name":"1-2","bone":"身体2","attachment":"1-2"},{"name":"身体","bone":"身体2","attachment":"身体"},{"name":"1","bone":"身体2","attachment":"1"},{"name":"身体下","bone":"root1","attachment":"身体下"},{"name":"身体_0","bone":"root1","attachment":"身体_0"},{"name":"手1","bone":"大腿21","attachment":"手1"},{"name":"臂膀1","bone":"臂膀11","attachment":"臂膀1"},{"name":"手臂1","bone":"手臂1","attachment":"手臂1"},{"name":"帽子","bone":"头","attachment":"帽子"},{"name":"头_","bone":"root1","attachment":"头_"},{"name":"眼睛2_","bone":"眼睛2_","attachment":"眼睛2_"},{"name":"眼睛1_","bone":"眼睛1_","attachment":"眼睛1_"}],"ik":[{"name":"bone_ik","target":"bone_ikTarget_right","bendPositive":false,"bones":["大腿2","脚2"]},{"name":"bone_ik1","order":1,"target":"bone_ikTarget_left","bones":["大腿1","脚_1"]},{"name":"bone_ik2","order":2,"target":"bone_ikTarget","bones":["脚21"]},{"name":"bone_ik3","order":3,"target":"bone_ikTarget1","bones":["脚_12"]}],"skins":[{"name":"default","attachments":{"1":{"1":{"x":-101.42,"y":-107.82,"scaleX":2.126,"scaleY":2.126,"rotation":-172.03,"width":171,"height":89},"2":{"x":-124.17,"y":39.26,"scaleX":2.126,"scaleY":2.126,"rotation":-172.03,"width":171,"height":89},"3":{"x":7.52,"y":148.94,"scaleX":2.126,"scaleY":2.126,"rotation":-172.03,"width":74,"height":164}},"11":{"1":{"x":-101.42,"y":-107.82,"scaleX":2.126,"scaleY":2.126,"rotation":-172.03,"width":171,"height":89},"2":{"x":-124.17,"y":39.26,"scaleX":2.126,"scaleY":2.126,"rotation":-172.03,"width":171,"height":89},"3":{"x":7.52,"y":148.94,"scaleX":2.126,"scaleY":2.126,"rotation":-172.03,"width":74,"height":164}},"1-2":{"1-2":{"x":171.36,"y":-78.2,"scaleX":2.126,"scaleY":2.126,"rotation":-172.03,"width":101,"height":89},"2-2_":{"x":153.6,"y":25.57,"scaleX":2.126,"scaleY":2.126,"rotation":-172.03,"width":106,"height":58},"3-2":{"x":96.46,"y":127.05,"scaleX":2.126,"scaleY":2.126,"rotation":-172.03,"width":64,"height":118}},"1-21":{"1-2":{"x":171.36,"y":-78.2,"scaleX":2.126,"scaleY":2.126,"rotation":-172.03,"width":101,"height":89},"2-2_":{"x":153.6,"y":25.57,"scaleX":2.126,"scaleY":2.126,"rotation":-172.03,"width":106,"height":58},"3-2":{"x":96.46,"y":127.05,"scaleX":2.126,"scaleY":2.126,"rotation":-172.03,"width":64,"height":118}},"头_":{"头_":{"type":"mesh","hull":29,"width":373,"height":615,"uvs":[0,0.1613,0.93651,0.07893,0.31734,1,0.52111,1,0.1321,0.34828,0.12365,0.40721,0.04443,0.41222,0.0483,0.51957,0.31987,0.65701,0.3797,0.71674,1,0.28882,1,0.20266,0.8961,0.37719,0.69129,0.6554,0.59293,0.71934,0.58417,0.79739,0.28185,0,0.01501,0.08035,0.74081,0,0.10612,0.27906,0.24893,0.51196,0.32884,0.79694,0.3048,0.9513,0.60235,0.86753,0.57658,0.95043,0.31176,0.8813,0.28542,0.58657,0.79,0.58033,0.87629,0.50373,0.50322,0.58878,0.50134,0.66374,0.48686,0.72333,0.46676,0.79829,0.44678,0.87431,0.43043,0.96033,0.41433,0.50979,0.67766,0.50634,0.65228,0.58325,0.4504,0.42455,0.64853,0.42008,0.25777,0.42008,0.27239,0.29667,0.43592,0.28228,0.64678,0.29886,0.46139,0.14667,0.62105,0.19797,0.59893,0.06341,0.7819,0.15927,0.83458,0.28041,0.23566,0.21146,0.2134,0.09537,0.40201,0.05504,0.37708,0.35943,0.52962,0.34935],"triangles":[6,7,5,5,7,20,5,20,40,4,5,40,4,40,41,41,40,52,20,26,35,40,20,35,52,40,38,40,35,38,8,9,30,26,8,29,35,26,29,29,8,30,42,52,53,52,38,53,30,31,14,53,38,39,35,29,36,29,37,36,38,35,36,39,38,36,29,30,37,30,14,13,37,30,13,53,39,43,36,37,27,37,13,27,36,27,28,39,28,12,39,36,28,22,2,34,21,25,33,25,22,34,9,21,32,21,33,32,25,34,33,9,31,30,9,32,31,34,2,3,34,3,24,33,34,24,32,33,23,15,32,23,31,32,15,33,24,23,31,15,14,17,0,50,0,19,49,50,0,49,19,4,41,17,50,16,49,19,41,16,50,51,41,52,42,49,41,42,50,49,44,51,50,44,49,42,44,51,44,46,44,42,45,42,53,43,45,42,43,46,44,45,51,46,18,46,45,47,16,51,18,45,43,48,47,45,48,18,46,47,43,39,12,48,43,12,18,47,1,47,48,11,48,10,11,1,47,11,48,12,10],"vertices":[1,18,476.7,265.08,1,1,18,14.51,-326.09,1,1,27,394.82,-90.36,1,1,27,378.26,70.38,1,1,26,-97.75,-319.28,1,1,26,-20.39,-319.35,1,1,26,-8.49,-381.41,1,1,26,131.13,-367.16,1,2,27,-51.47,-134.33,0.47344,26,291.7,-136.4,0.52656,2,27,23.1,-78.94,0.55418,26,367.2,-82.3,0.44582,1,18,-211.57,-162.6,1,1,18,-133.69,-244.01,1,1,18,-231.89,-22.14,1,2,27,-83.75,158.44,0.43382,26,264.43,156.87,0.56618,2,27,7.4,89.42,0.49338,26,354.38,86.3,0.50662,2,27,109.64,92.96,0.72092,26,456.67,88.11,0.27907,1,18,460.98,-41.81,1,1,18,541.27,180.37,1,1,18,197.99,-293.39,1,1,18,309.47,318.18,1,1,26,107.55,-208.67,1,2,27,129.64,-106.95,0.73305,26,473.25,-112.12,0.26695,1,27,332.52,-106.93,1,1,27,199.37,116.71,1,1,27,309.31,107.14,1,1,27,240.84,-110.05,1,1,26,202.27,-171.49,1,1,26,159.93,226.47,1,1,26,54.3,286.09,1,2,27,-155.1,1.16,0.00003,26,190.4,0.83,0.99997,2,27,-57.02,9.76,0.01771,26,288.61,7.76,0.98229,2,27,22.09,6.37,0.96131,26,367.65,3.02,0.03869,2,27,120.28,1.17,0.99992,26,465.74,-3.86,0.00008,1,27,220.8,-4.76,1,1,27,334.03,-6.45,1,1,26,93.52,-78.23,1,1,26,71.15,129.45,1,1,26,173.09,117.99,1,1,26,-19.97,-59.26,1,1,26,-39.22,96.78,1,1,26,-12.72,-211.95,1,1,18,198.28,243.66,1,1,18,117.57,140.43,1,1,18,-18.24,40.51,1,1,18,225.54,-1.66,1,1,18,87.69,-40.7,1,1,18,221.98,-155.71,1,1,18,30.49,-165.44,1,1,18,-109.18,-79.86,1,1,18,296.33,183.3,1,1,18,414.01,85.81,1,1,18,342.37,-55.67,1,1,26,-99.82,-124.46,1,2,18,3.26,152.44,0.39591,26,-123.3,-5.07,0.60409],"edges":[0,34,2,22,2,36,4,6,4,44,6,48,8,10,8,38,10,12,12,14,14,40,16,18,16,52,18,42,20,22,20,24,24,56,26,28,26,54,28,30,30,46,32,34,32,36,40,52,42,50,44,50,46,48,54,56,38,0,40,70,70,72,72,56]}},"帽子":{"帽子":{"type":"mesh","hull":22,"width":557,"height":285,"uvs":[0.28514,0.47425,0.9907,0.48621,0,0.62321,0.67087,1,0.23807,0.81226,0,0.55328,0.52139,0.16859,0.70507,0,0.90736,0,0.8653,0.7524,0.75147,0.66452,1,0.91134,1,1,0.38324,0.94694,0.78719,0.60614,0.82978,0.35669,0.74498,0.49969,0.77975,0.32477,0.79863,0.45382,0.87374,0.4401,0.85548,0.56871,0.4448,0.47126,0.60681,0.5474,0.55208,0.97809],"triangles":[15,19,8,20,9,1,8,19,1,19,20,1,17,15,8,7,17,8,20,14,9,18,14,20,7,6,17,22,16,17,6,22,17,16,22,10,22,3,10,22,23,3,21,13,23,21,23,22,6,21,22,0,21,6,0,4,13,0,13,21,5,2,4,5,4,0,10,3,11,11,3,12],"vertices":[485.4,-35.63,-123.56,-607.83,667.01,262.99,-64.87,-121.18,384.1,150.91,696.3,232.37,410.94,-362.53,324.7,-587.01,151.59,-752.61,-127.64,-386.4,6.66,-334.05,-309.38,-429.42,-346.52,-390.6,203.48,91.04,0.44,-388.81,68.59,-532.91,81.26,-400.9,124.77,-505.95,54.57,-464.89,-3.96,-532.39,-40.76,-459.75,349.87,-167.46,179.43,-266.83,45.95,-33.55],"edges":[0,10,2,16,2,18,4,8,4,10,6,24,6,46,8,26,12,14,14,16,18,28,20,22,20,32,22,24,26,46,28,36,30,34,30,38,32,34,36,40,38,40,12,0,0,42,42,44,44,20]}},"手1":{"手1":{"x":85.41,"y":23.45,"scaleX":2.126,"scaleY":2.126,"rotation":80.73,"width":108,"height":155}},"手2_":{"手2_":{"x":-48.37,"y":-278.2,"scaleX":2.126,"scaleY":2.126,"rotation":157.66,"width":361,"height":922}},"手臂1":{"手臂1":{"x":129.93,"y":4.13,"scaleX":2.126,"scaleY":2.126,"rotation":96.52,"width":115,"height":144}},"手臂2":{"手臂2":{"x":151.48,"y":41.14,"scaleX":2.126,"scaleY":2.126,"rotation":159.13,"width":160,"height":117}},"斗篷":{"斗篷":{"type":"mesh","hull":19,"width":517,"height":442,"uvs":[0,0.43337,0.13917,0.53563,0.32476,0.63971,0.48124,0.5759,0.6559,0.45882,0.81044,0.27183,0.97979,0,1,0,0.97979,0.31414,0.91248,0.55894,0.78327,0.6802,0.8706,0.69717,0.77418,0.83982,0.71596,1,0.5413,1,0.41393,0.99729,0.27012,0.9164,0.09188,0.6931,0,0.48654,0.3029,0.76742,0.51402,0.79299,0.67776,0.68654,0.77785,0.50566,0.89787,0.29287],"triangles":[19,16,15,2,19,20,19,15,20,20,15,14,3,2,20,3,20,21,20,14,13,4,3,21,21,20,12,20,13,12,4,21,22,4,22,5,21,12,10,22,21,10,10,12,11,22,10,9,5,22,23,23,22,9,6,8,7,23,9,8,6,23,8,5,23,6,0,18,1,18,17,1,17,16,19,1,17,2,17,19,2],"vertices":[1,12,139.29,-170.17,1,2,12,-20.83,-253.79,0.74,3,885.28,639.16,0.26,2,12,-208.16,-380.61,0.5,3,669.7,707.72,0.5,2,12,-243.14,-559.35,0.24,3,507.69,624.49,0.76,2,12,-244.96,-780.61,0.11,3,332.83,488.91,0.89,1,3,188.97,291.34,1,1,3,40.07,12.55,1,1,3,18.07,9.47,1,1,3,-0.87,304.89,1,1,3,40.5,542.96,1,1,3,165.33,675.5,1,1,3,68.07,677.99,1,1,3,154.43,825.43,1,2,12,-717.55,-581.02,0.11,3,196.9,983.58,0.89,2,12,-620.73,-415.26,0.13,3,387.01,1010.2,0.87,2,12,-547.73,-295.76,0.24,3,526.04,1026.89,0.76,2,12,-402.38,-197.61,0.5,3,693.12,973.54,0.5,2,12,-122.39,-134.27,0.74,3,916.24,792.9,0.26,1,12,96.15,-144.97,1,2,12,-299.67,-299.33,0.5,3,676.85,829.9,0.5,2,12,-437.45,-487.59,0.17,3,443.71,821.5,0.83,2,12,-441.85,-693.44,0.11,3,279.36,697.49,0.89,1,3,193.98,513.9,1,1,3,91.07,297.59,1],"edges":[0,2,2,4,4,6,6,8,8,10,10,12,12,14,14,16,16,18,18,20,20,22,22,24,24,26,26,28,28,30,30,32,32,34,34,36,36,0]}},"斗篷2":{"斗篷2":{"type":"mesh","hull":22,"width":363,"height":359,"uvs":[0.71598,0,0.65138,0.16616,0.58003,0.33398,0.49697,0.49318,0.3938,0.58747,0.28058,0.67716,0.14036,0.67284,0,0.61769,0,0.67145,0.08774,0.83649,0.16791,0.92772,0.27658,1,0.47149,1,0.69463,0.96532,0.87645,0.8915,1,0.82047,1,0.68719,0.92245,0.60195,0.84091,0.46574,0.7832,0.17632,0.73912,0,0.71309,0.17201,0.81384,0.33002,0.70028,0.34568,0.68457,0.48607,0.76901,0.68008,0.61295,0.76128,0.44821,0.80905,0.29504,0.83217,0.14904,0.76852],"triangles":[7,8,6,8,9,29,6,8,29,29,9,10,6,29,5,29,10,28,5,29,28,10,11,28,28,11,12,4,27,26,3,4,26,2,3,24,27,12,26,26,12,13,2,24,23,3,26,24,24,26,25,23,24,18,25,13,14,24,25,18,26,13,25,18,25,17,25,14,15,16,25,15,17,25,16,5,28,27,27,28,12,4,5,27,1,23,21,1,2,23,1,21,0,0,21,20,19,23,22,21,23,19,22,23,18,20,21,19],"vertices":[1,2,47.11,-23.31,1,2,2,91.63,105.48,0.67,3,554.99,184.82,0.33,2,2,141.3,235.76,0.51,3,591.76,319.3,0.49,2,2,200.27,359.83,0.3,3,638.39,448.52,0.7,3,2,276.8,435.05,0.33,3,707.25,530.83,0.57,7,269.19,-456.96,0.1,3,2,361.25,507.1,0.42,3,784.29,610.74,0.19,7,224.88,-355.18,0.39,2,2,469.5,508.32,0.4,7,255.26,-251.27,0.6,1,7,323.24,-156.89,1,1,7,283.53,-146.59,1,3,2,504.86,634.81,0.14,3,914.8,751.81,0.08,7,144.57,-180.58,0.78,3,2,440.14,701.79,0.12,3,843.87,812.18,0.21,7,61.63,-222.98,0.67,3,2,354.04,753.41,0.19,3,753.16,855.19,0.32,7,-12.85,-290.3,0.49,3,2,203.76,747.13,0.24,3,604.21,834.33,0.64,7,-50.63,-435.88,0.12,1,3,437.34,784.23,1,1,3,306.19,708.97,1,1,3,219.18,642.05,1,1,3,233.29,541.3,1,2,2,-131.27,429.06,0.24,3,301.69,485.19,0.76,2,2,-64.06,327.82,0.49,3,378.43,390.96,0.51,2,2,-10.33,108.99,0.67,3,453.17,178.39,0.33,1,2,29.27,-24.05,1,2,2,43.86,107.95,0.67,3,507.21,182.63,0.33,2,2,-38.87,225.21,0.51,3,413.47,291.29,0.49,2,2,48.2,240.81,0.51,3,498.62,315.28,0.49,2,2,55.84,348.36,0.3,3,495.76,423.06,0.7,3,2,-15.45,493.59,0.22,3,410.69,560.67,0.53,7,128.02,-719.46,0.25,3,2,102.29,560.53,0.23,3,521.36,638.75,0.61,7,98.29,-587.33,0.16,3,2,227.8,602.27,0.36,3,642.22,692.49,0.26,7,94.95,-455.1,0.38,2,2,345.16,624.84,0.51,7,107.56,-336.26,0.49,2,2,459.77,581.01,0.4,7,182.89,-239.4,0.6],"edges":[0,2,2,4,4,6,6,8,8,10,10,12,12,14,14,16,16,18,18,20,20,22,22,24,24,26,26,28,28,30,30,32,32,34,34,36,36,44,38,40,38,44,40,0]}},"眼睛1_":{"眼睛1_":{"x":-3.75,"y":-1.18,"scaleX":2.126,"scaleY":2.126,"rotation":-94.6,"width":67,"height":67}},"眼睛2_":{"眼睛2_":{"x":-4.81,"y":-2.97,"scaleX":2.126,"scaleY":2.126,"rotation":-95.04,"width":97,"height":97}},"脚2":{"脚2":{"type":"mesh","hull":17,"width":162,"height":176,"uvs":[0.37557,0,0.52455,0.54817,0,1,1,1,0.70347,0,0.71058,0.1818,0.21501,0.23788,0.10395,0.58424,0,0.84028,0.58805,0.39031,0.50553,0.64254,0.73229,0.59577,0.90186,0.68292,1,0.81391,0.45391,1,0.7521,1,0.14764,0.44798],"triangles":[8,2,14,8,14,10,10,14,15,11,10,15,11,15,12,13,15,3,12,15,13,16,7,10,16,10,1,7,8,10,6,16,9,16,1,9,0,6,9,0,9,5,4,0,5],"vertices":[1,17,-3.93,-62.09,1,3,17,164.4,65.69,0.62147,25,123.14,99.45,0.27101,5,-156.35,-22.2,0.10752,3,17,390.97,-33.93,0.14964,25,-67.25,-58.68,0.15091,5,88.16,16.21,0.69944,1,25,276.55,-79.13,1,1,17,-48.28,41.77,1,1,17,13.25,70.73,1,1,17,99.66,-77.94,1,3,17,233.87,-62.16,0.54857,25,-22.28,94.47,0.22498,5,-28.86,-92.34,0.22645,3,17,336.02,-57.42,0.17743,25,-63.71,0.97,0.17843,5,54.58,-33.22,0.64414,2,17,101.5,62.57,0.86308,25,148.46,157.11,0.13692,3,17,199.42,73.54,0.38312,25,114.51,64.61,0.49639,5,-131.1,3.32,0.1205,2,17,152.7,138.49,0.24127,25,193.49,77.38,0.75873,1,25,249.85,41.34,1,1,25,280.68,-9.63,1,3,17,329.51,109.81,0.21228,25,88.79,-67.96,0.57544,5,-41.15,104.05,0.21228,1,25,191.32,-74.06,1,3,17,181.05,-68.38,0.69032,25,-4.23,144.5,0.15446,5,-69.97,-126.08,0.15523],"edges":[0,8,2,18,2,20,4,16,4,28,6,26,6,30,8,10,10,18,12,32,14,16,14,32,20,22,22,24,24,26,28,30,12,0]}},"脚_1":{"脚_1":{"type":"mesh","hull":15,"width":222,"height":180,"uvs":[0.54633,0.54341,0.81757,0.39093,0,1,1,0.90789,0,0.78705,0.14906,0.62438,0.25934,0.51254,0.53246,0.40178,0.6259,0.39198,0.42292,0,0.69698,0,1,0.39364,0.48288,1,0.67654,0.91533,0.27206,1],"triangles":[11,1,3,0,13,1,4,2,14,5,4,14,6,5,14,6,12,0,6,14,12,0,12,13,10,8,9,7,0,8,10,8,1,8,0,1,1,13,3],"vertices":[4,14,181.81,-90.76,0.17263,28,15.55,-62.13,0.36855,24,83.64,-64,0.34729,4,-104.47,-42.88,0.11153,4,14,189.97,49.67,0.51292,28,-122.59,-88.68,0.05528,24,-56.42,-50.91,0.21916,4,-24.8,73.05,0.21263,1,28,307.3,46.96,1,3,14,405.1,33.47,0.2569,24,-32.67,163.53,0.23548,4,150.89,-52.16,0.50762,1,28,288.11,-32.23,1,1,28,205.08,-76.17,1,2,28,144.43,-105.5,0.74193,24,195.27,-141.64,0.25807,4,14,130.82,-71.25,0.49242,28,9.15,-116.34,0.18475,24,62.35,-114.27,0.19152,4,-138,0.21,0.13131,4,14,148.1,-30.52,0.79607,28,-34.58,-109.6,0.05611,24,22.25,-95.57,0.08113,4,-102.13,26.12,0.06669,1,14,-28.53,-45.6,1,1,14,31.09,69.18,1,3,14,231.08,125.33,0.32516,24,-130.58,-7.16,0.29861,4,49.54,116.51,0.37623,2,28,85.81,100.63,0.63351,24,196.57,72.66,0.36649,4,14,336.36,-102.86,0.15634,28,-10.65,90.67,0.34166,24,101.17,90.03,0.34158,4,21.51,-133.23,0.16041,2,28,182.5,77.2,0.86831,24,282.87,23.15,0.13169],"edges":[0,12,2,20,2,22,4,8,4,28,6,22,6,26,8,10,10,12,14,16,16,18,18,20,24,26,24,28,14,0]}},"臂膀1":{"臂膀1":{"x":132.18,"y":6.22,"scaleX":2.126,"scaleY":2.126,"rotation":88.4,"width":78,"height":147}},"臂膀2":{"臂膀2":{"x":159.38,"y":8.67,"scaleX":2.126,"scaleY":2.126,"rotation":149.87,"width":131,"height":134}},"身体":{"身体":{"x":72.13,"y":-28.77,"scaleX":2.126,"scaleY":2.126,"rotation":-172.03,"width":73,"height":70}},"身体1":{"身体":{"x":72.13,"y":-28.77,"scaleX":2.126,"scaleY":2.126,"rotation":-172.03,"width":73,"height":70}},"身体_0":{"身体_0":{"type":"mesh","hull":15,"width":231,"height":225,"uvs":[0,0.14341,0.88801,0.15658,0.15099,0.89683,0.8761,0.87896,0,0.37766,0.14681,0.75647,0.34769,1,0.61831,1,1,0.73306,1,0.46975,0.92812,0.3093,0.63725,0,0.30626,0,0.89456,0.37799,0.07757,0.56425,0.43016,0.26634,0.54134,0.68372,0.50804,0.49263],"triangles":[0,4,15,12,0,15,4,14,15,14,5,17,15,14,17,12,15,11,15,17,13,1,15,13,11,15,1,1,13,10,13,16,9,8,16,9,5,2,6,5,6,16,17,5,16,16,6,7,16,7,3,17,16,13,16,3,8],"vertices":[2,7,449.3,163.9,0.07499,12,295.73,88.07,0.92501,2,7,333.63,-256.63,0.48237,12,70.35,-285.33,0.51763,2,7,81.83,182.67,0.57502,12,-52.87,205.81,0.42498,2,7,0.64,-164.16,0.69668,12,-225.08,-106,0.30332,2,7,340.85,192.04,0.25663,12,198.99,144.57,0.74337,2,7,147.33,167.79,0.51735,12,6.15,173.72,0.48265,2,7,9.8,101.55,0.80463,12,-144.2,147.27,0.19537,2,7,-23.59,-27.07,0.97254,12,-211.22,32.52,0.02746,2,7,52.91,-240.59,0.56687,12,-195.5,-193.74,0.43313,2,7,174.83,-272.24,0.49864,12,-86.74,-257.27,0.50136,2,7,257.99,-257.36,0.49728,12,-2.66,-265.51,0.50272,2,7,437.07,-156.24,0.35081,12,197.14,-216.76,0.64919,2,7,477.91,1.07,0.06452,12,279.11,-76.41,0.93548,2,7,230.32,-233.13,0.49716,12,-22.73,-234.68,0.50284,2,7,244.87,177.6,0.41306,12,102.69,156.71,0.58694,2,7,339.3,-25.8,0.1492,12,138.41,-64.69,0.8508,2,7,132.34,-28.49,0.82799,12,-61.53,-11.14,0.17201,2,7,225.1,-35,0.40363,12,25.99,-42.56,0.59637],"edges":[0,8,2,20,2,22,4,10,4,12,6,14,6,16,8,28,10,28,12,14,16,18,18,26,20,26,22,24,24,0,24,30,32,14,32,18,30,34,34,32,28,34,26,34]}},"身体下":{"身体下":{"type":"mesh","hull":19,"width":338,"height":268,"uvs":[0.17173,0.12037,0,0.91128,1,0.87152,0.44466,0,0.2801,0.03431,0.16978,0.33387,0.08886,0.75425,0.59934,0,0.69912,0.22781,1,0.91373,0.34941,1,0.44091,1,0.3828,0.84125,0.06669,1,0.90794,1,0.14922,0.52822,0.35532,0.5635,0.59315,0.52898,0.76914,0.4049,0.63177,0.79708,0.89672,0.69069,0.33584,0.36092,0.54583,0.31871,0.65599,1],"triangles":[3,21,22,22,16,17,17,12,19,16,12,17,19,11,23,3,22,7,7,22,8,22,17,18,8,22,18,17,19,20,19,23,14,20,19,14,18,17,20,20,14,2,14,9,2,12,11,19,1,13,6,6,13,10,6,10,12,21,15,16,5,15,21,16,6,12,15,6,16,0,5,21,4,0,21,4,21,3,21,16,22],"vertices":[1,11,-101.99,-103.91,1,2,11,361.6,-162.26,0.2966,17,149.57,-127.88,0.7034,2,14,204.9,300.21,0.28,13,315.11,375.43,0.72,1,13,-91.22,-115.17,1,1,11,-161.5,-33.76,1,1,11,18.22,-88.12,1,2,11,264,-111.73,0.46205,17,42.21,-104.35,0.53795,1,13,-113.54,-6.3,1,1,13,-0.78,89.99,1,2,14,226.17,288.99,0.28,13,338.67,380.26,0.72,4,11,376.1,93.44,0.20512,17,97.35,122.85,0.3348,14,51.4,-147.4,0.23257,13,480.68,-67.85,0.22752,4,11,366.79,158.54,0.10272,17,71.5,183.31,0.11853,14,82.1,-89.24,0.49999,13,467.48,-3.43,0.27876,4,11,284.84,104.63,0.17131,17,6.3,110.02,0.17212,14,-15.89,-84.74,0.28031,13,388.91,-62.16,0.37626,2,11,404.86,-107.67,0.1031,17,177.22,-63.96,0.8969,2,14,238.75,207.53,0.28,13,400.1,325.32,0.72,2,11,130.36,-87.01,0.74346,17,-93.27,-115.09,0.25654,4,11,129.43,62.46,0.60597,17,-132.87,29.04,0.12778,14,-166.44,-27.6,0.08305,13,236.32,-113.59,0.1832,2,14,-104.17,132.76,0.09,13,182.62,49.84,0.91,2,14,-107.66,277.62,0.09,13,87.96,159.54,0.91,2,14,43.88,86.01,0.46,13,326.69,107.71,0.54,2,14,79.13,282.68,0.3,13,229.07,282.05,0.7,2,11,16.79,33.91,0.95062,13,125.59,-148.85,0.04938,2,11,-28.13,178.22,0.00173,13,72.08,-7.51,0.99827,2,14,154.24,47.43,0.28,13,436.45,147.96,0.72],"edges":[0,8,2,12,2,26,4,18,4,40,6,8,6,14,10,30,12,30,14,16,16,36,18,28,20,24,20,26,22,24,22,46,28,46,36,40,10,0,30,32,32,24,32,34,34,36,24,38,38,40,10,42,42,44,44,16,24,12]}}}}],"animations":{"attack":{"slots":{"1":{"attachment":[{"time":0.0833,"name":"2"},{"time":0.1667,"name":"3"},{"time":0.25,"name":"2"},{"time":0.3333,"name":"1"},{"time":0.4167,"name":"2"},{"time":0.5,"name":"3"},{"time":0.625,"name":"2"},{"time":0.7083,"name":"1"},{"time":0.7917,"name":"2"},{"time":0.875,"name":"3"},{"time":0.9583,"name":"2"},{"time":1.0417,"name":"1"},{"time":1.125,"name":"2"},{"time":1.2079,"name":"3"},{"time":1.2912,"name":"2"},{"time":1.3745,"name":"1"},{"time":1.4578,"name":"2"},{"time":1.5411,"name":"3"},{"time":1.6661,"name":"2"},{"time":1.7494,"name":"1"},{"time":1.8327,"name":"2"},{"time":1.916,"name":"3"},{"time":1.9993,"name":"2"},{"time":2.0826,"name":"1"}]},"11":{"attachment":[{"time":0.0833,"name":"2"},{"time":0.1667,"name":"3"},{"time":0.25,"name":"2"},{"time":0.4167,"name":"1"},{"time":0.5,"name":"3"},{"time":0.625,"name":"2"},{"time":0.7917,"name":"1"},{"time":0.875,"name":"3"},{"time":0.9583,"name":"2"},{"time":1.125,"name":"1"},{"time":1.2083,"name":"3"},{"time":1.2917,"name":"2"},{"time":1.4583,"name":"1"},{"time":1.5417,"name":"3"},{"time":1.6667,"name":"2"},{"time":1.8333,"name":"1"},{"time":1.9167,"name":"3"},{"time":2,"name":"2"},{"time":2.0833,"name":"1"}]},"1-2":{"attachment":[{"time":0.0833,"name":"2-2_"},{"time":0.1667,"name":"3-2"},{"time":0.25,"name":"2-2_"},{"time":0.3333,"name":"1-2"},{"time":0.4167,"name":"2-2_"},{"time":0.5,"name":"3-2"},{"time":0.625,"name":"2-2_"},{"time":0.7083,"name":"1-2"},{"time":0.7917,"name":"2-2_"},{"time":0.875,"name":"3-2"},{"time":0.9583,"name":"2-2_"},{"time":1.0417,"name":"1-2"},{"time":1.125,"name":"2-2_"},{"time":1.2079,"name":"3-2"},{"time":1.2912,"name":"2-2_"},{"time":1.3745,"name":"1-2"},{"time":1.4578,"name":"2-2_"},{"time":1.5411,"name":"3-2"},{"time":1.6661,"name":"2-2_"},{"time":1.7494,"name":"1-2"},{"time":1.8327,"name":"2-2_"},{"time":1.916,"name":"3-2"},{"time":1.9993,"name":"2-2_"},{"time":2.0826,"name":"1-2"}]},"1-21":{"attachment":[{"time":0.0833,"name":"2-2_"},{"time":0.1667,"name":"3-2"},{"time":0.25,"name":"2-2_"},{"time":0.4167,"name":"1-2"},{"time":0.5,"name":"3-2"},{"time":0.625,"name":"2-2_"},{"time":0.7917,"name":"1-2"},{"time":0.875,"name":"3-2"},{"time":0.9583,"name":"2-2_"},{"time":1.125,"name":"1-2"},{"time":1.2083,"name":"3-2"},{"time":1.2917,"name":"2-2_"},{"time":1.4583,"name":"1-2"},{"time":1.5417,"name":"3-2"},{"time":1.6667,"name":"2-2_"},{"time":1.8333,"name":"1-2"},{"time":1.9167,"name":"3-2"},{"time":2,"name":"2-2_"},{"time":2.0833,"name":"1-2"}]}},"bones":{"身体2":{"translate":[{"x":190.09,"y":-412.8,"curve":0.5,"c3":0.5},{"time":0.5,"y":-131.19},{"time":1.0417,"x":-121.18,"y":-412.8,"curve":0.5,"c3":0.5},{"time":1.5417,"y":-131.19},{"time":2.0833,"x":190.09,"y":-412.8}]},"身体21":{"translate":[{"y":-131.19,"curve":0.5,"c3":0.5},{"time":0.5,"x":101.48,"y":-309.17},{"time":1.0417,"y":-137.98},{"time":1.5417,"x":-131.27,"y":-421.87},{"time":2.0833,"y":-131.19}]},"臂膀1":{"rotate":[{"time":0.3333},{"time":0.5833,"angle":-2.92,"curve":0.5,"c3":0.5},{"time":0.8333,"angle":-5.83,"curve":0.5,"c3":0.5},{"time":1.1667,"angle":-10.69},{"time":1.6667,"angle":-22.88},{"time":2.0833}],"translate":[{"curve":0.5,"c3":0.5},{"time":0.3333,"x":80.46,"y":-42.6},{"time":0.5833,"x":28.02,"y":-14.91,"curve":0.5,"c3":0.5},{"time":0.8333,"x":28.02,"y":-59.91,"curve":0.5,"c3":0.5},{"time":1.1667,"x":28.02,"y":-14.91,"curve":"stepped"},{"time":1.6667,"x":28.02,"y":-14.91},{"time":2.0833}]},"身体":{"rotate":[{"curve":0.5,"c3":0.5},{"time":0.3333,"angle":10.34},{"time":0.5833,"angle":-2.43,"curve":"stepped"},{"time":1.6667,"angle":-2.43},{"time":2.0833}],"translate":[{"curve":0.5,"c3":0.5},{"time":0.3333,"x":22.29,"y":88.68},{"time":0.5833,"x":-8.03,"y":-31.94,"curve":"stepped"},{"time":1.6667,"x":-8.03,"y":-31.94},{"time":2.0833}]},"大腿2":{"rotate":[{"angle":-6.48,"curve":0.5,"c3":0.5},{"time":0.3333,"angle":-9.2},{"time":0.5833,"angle":-3.6,"curve":0.5,"c3":0.5},{"time":0.8333,"angle":13.95,"curve":0.5,"c3":0.5},{"time":1.1667,"angle":0.3,"curve":"stepped"},{"time":1.6667,"angle":0.3},{"time":2.0833,"angle":-6.48}]},"大腿1":{"rotate":[{"angle":-6.16,"curve":0.5,"c3":0.5},{"time":0.3333,"angle":-23.32},{"time":0.5833,"angle":-11.24,"curve":0.5,"c3":0.5},{"time":0.8333,"angle":-15.98,"curve":0.5,"c3":0.5},{"time":1.1667,"angle":-6.55,"curve":"stepped"},{"time":1.6667,"angle":-6.55},{"time":2.0833,"angle":-6.16}]},"领带1":{"rotate":[{"angle":15.75,"curve":0.5,"c3":0.5},{"time":0.3333,"angle":6.57},{"time":0.5833,"angle":10.4,"curve":0.5,"c3":0.5},{"time":0.8333,"angle":29.7,"curve":0.5,"c3":0.5},{"time":1.1667,"angle":14.32},{"time":1.6667,"angle":34.24},{"time":2.0833,"angle":15.75}]},"臂膀2":{"rotate":[{"angle":-24.01,"curve":0.5,"c3":0.5},{"time":0.3333,"angle":12.14},{"time":0.5833,"angle":-55.11,"curve":0.5,"c3":0.5},{"time":0.8333,"angle":-29.86,"curve":0.5,"c3":0.5},{"time":1.1667,"angle":-49.31,"curve":"stepped"},{"time":1.6667,"angle":-49.31},{"time":2.0833,"angle":-24.01}],"translate":[{"x":3.93,"y":-28.88,"curve":0.5,"c3":0.5},{"time":0.3333,"x":-129.65,"y":-184.59},{"time":0.5833,"x":81.9,"y":-63.81,"curve":"stepped"},{"time":1.6667,"x":81.9,"y":-63.81},{"time":2.0833,"x":3.93,"y":-28.88}]},"脚_1":{"rotate":[{"angle":4.2,"curve":0.5,"c3":0.5},{"time":0.3333,"angle":26.22},{"time":0.5833,"angle":17.24,"curve":0.5,"c3":0.5},{"time":0.8333,"angle":37.84,"curve":0.5,"c3":0.5},{"time":1.1667,"angle":25.69,"curve":"stepped"},{"time":1.6667,"angle":25.69},{"time":2.0833,"angle":4.2}]},"头":{"rotate":[{"angle":-10.16,"curve":"stepped"},{"time":0.3333,"angle":-10.16},{"time":0.5833,"angle":-0.49,"curve":0.5,"c3":0.743,"c4":0.39},{"time":0.8333,"angle":-21.21,"curve":0.5,"c3":0.811,"c4":0.32},{"time":1.1667,"angle":5.72,"curve":0.5,"c3":0.5},{"time":1.4167,"angle":9.14},{"time":1.6667,"angle":1.35},{"time":2.0833,"angle":-10.16}],"translate":[{"curve":0.5,"c3":0.5},{"time":0.3333,"x":-38.01,"y":-105.74},{"time":0.5833,"x":-27.64,"y":-76.9,"curve":0.5,"c3":0.5},{"time":0.8333,"x":-17.28,"y":-48.06,"curve":0.5,"c3":0.5},{"time":1.1667}]},"脚2":{"rotate":[{"angle":2.19,"curve":0.5,"c3":0.5},{"time":0.3333,"angle":-9.98},{"time":0.5833,"angle":-2.87,"curve":0.5,"c3":0.5},{"time":0.8333,"angle":-31.36,"curve":0.5,"c3":0.5},{"time":1.1667,"angle":6.03,"curve":"stepped"},{"time":1.6667,"angle":6.03},{"time":2.0833,"angle":2.19}]},"臂膀11":{"rotate":[{"angle":-4.78,"curve":0.5,"c3":0.5},{"time":0.3333,"angle":23.01},{"time":0.5833,"angle":60.45,"curve":0.5,"c3":0.5},{"time":1.1667,"angle":-23.84},{"time":1.6667,"angle":-26.1},{"time":2.0833,"angle":-4.78}]},"领带2":{"rotate":[{"curve":0.5,"c3":0.5},{"time":0.3333,"angle":-8.76},{"time":0.5833,"angle":16.61,"curve":0.5,"c3":0.5},{"time":0.8333,"angle":22.78,"curve":0.5,"c3":0.5},{"time":1.1667,"angle":-9.24},{"time":1.6667,"angle":-5.56},{"time":2.0833}]},"手臂2":{"rotate":[{"angle":-6.42,"curve":0.5,"c3":0.5},{"time":0.3333,"angle":-57.92},{"time":0.5833,"angle":-0.3,"curve":"stepped"},{"time":1.6667,"angle":-0.3},{"time":2.0833,"angle":-6.42}]},"脚21":{"rotate":[{"angle":4.28,"curve":0.5,"c3":0.5},{"time":0.3333,"angle":19.16},{"time":0.5833,"angle":9.38,"curve":0.5,"c3":0.5},{"time":0.8333,"angle":23.21,"curve":0.5,"c3":0.5},{"time":1.1667,"angle":4.36,"curve":"stepped"},{"time":1.6667,"angle":4.36},{"time":2.0833,"angle":4.28}]},"手臂1":{"rotate":[{"angle":-64.26,"curve":0.5,"c3":0.5},{"time":0.3333,"angle":-80.35},{"time":0.5833,"angle":-113.2,"curve":0.5,"c3":0.5},{"time":0.8333,"angle":-66.56,"curve":0.5,"c3":0.5},{"time":1.1667,"angle":-57.7},{"time":1.6667,"angle":-42.41},{"time":2.0833,"angle":-64.26}]},"手2":{"rotate":[{"curve":0.5,"c3":0.5},{"time":0.3333,"angle":34.27},{"time":0.5833,"angle":45.02,"curve":0.5,"c3":0.5},{"time":0.8333,"angle":-21.57,"curve":0.5,"c3":0.5},{"time":1.1667,"angle":76.65},{"time":1.4167,"angle":64.12},{"time":1.6667,"angle":54.88},{"time":2.0833}]},"大腿21":{"rotate":[{"curve":0.5,"c3":0.5},{"time":0.3333,"angle":-33.22},{"time":0.5833}]},"脚_12":{"rotate":[{"angle":2.88,"curve":0.149,"c2":0.69,"c3":0.5},{"time":0.3333,"angle":-3.96},{"time":0.5833,"angle":-4.22,"curve":0.5,"c3":0.5},{"time":0.8333,"angle":-21.86,"curve":0.5,"c3":0.5},{"time":1.1667,"angle":-11.65,"curve":"stepped"},{"time":1.6667,"angle":-11.65},{"time":2.0833,"angle":2.88}]}}},"death":{"slots":{"1":{"color":[{"color":"ffffffff"},{"time":0.0417,"color":"000000ff","curve":"stepped"},{"time":1.6667,"color":"000000ff"},{"time":2.0833,"color":"00000000"}],"attachment":[{"time":0.0417,"name":"2"},{"time":0.0833,"name":"3"},{"time":0.125,"name":"2"},{"time":0.1667,"name":"1"},{"time":0.2083,"name":"2"},{"time":0.25,"name":"3"},{"time":0.2917,"name":"2"},{"time":0.3333,"name":"1"},{"time":0.375,"name":"2"},{"time":0.4167,"name":"3"},{"time":0.4583,"name":"2"},{"time":0.5,"name":"1"},{"time":0.5421,"name":"2"},{"time":0.5838,"name":"3"},{"time":0.6255,"name":"2"},{"time":0.6672,"name":"1"},{"time":0.7089,"name":"2"},{"time":0.7506,"name":"3"}]},"11":{"color":[{"color":"ffffffff"},{"time":0.0417,"color":"000000ff","curve":"stepped"},{"time":1.6667,"color":"000000ff"},{"time":2.0833,"color":"00000000"}],"attachment":[{"time":0.0417,"name":"2"},{"time":0.0833,"name":"3"},{"time":0.125,"name":"2"},{"time":0.1667,"name":"1"},{"time":0.2083,"name":"2"},{"time":0.25,"name":"3"},{"time":0.2917,"name":"2"},{"time":0.3333,"name":"1"},{"time":0.375,"name":"2"},{"time":0.4167,"name":"3"},{"time":0.4583,"name":"2"},{"time":0.5,"name":"1"},{"time":0.5421,"name":"2"},{"time":0.5838,"name":"3"},{"time":0.6255,"name":"2"},{"time":0.6672,"name":"1"},{"time":0.7089,"name":"2"},{"time":0.7506,"name":"3"}]},"1-2":{"color":[{"color":"ffffffff"},{"time":0.0417,"color":"000000ff","curve":"stepped"},{"time":1.6667,"color":"000000ff"},{"time":2.0833,"color":"00000000"}],"attachment":[{"time":0.0417,"name":"2-2_"},{"time":0.0833,"name":"3-2"},{"time":0.125,"name":"2-2_"},{"time":0.1667,"name":"1-2"},{"time":0.2083,"name":"2-2_"},{"time":0.25,"name":"3-2"},{"time":0.2917,"name":"2-2_"},{"time":0.3333,"name":"1-2"},{"time":0.375,"name":"2-2_"},{"time":0.4167,"name":"3-2"},{"time":0.4583,"name":"2-2_"},{"time":0.5,"name":"1-2"},{"time":0.5421,"name":"2-2_"},{"time":0.5838,"name":"3-2"},{"time":0.6255,"name":"2-2_"},{"time":0.6672,"name":"1-2"},{"time":0.7089,"name":"2-2_"},{"time":0.7506,"name":"3-2"}]},"1-21":{"color":[{"color":"ffffffff"},{"time":0.0417,"color":"000000ff","curve":"stepped"},{"time":1.6667,"color":"000000ff"},{"time":2.0833,"color":"00000000"}],"attachment":[{"time":0.0417,"name":"2-2_"},{"time":0.0833,"name":"3-2"},{"time":0.125,"name":"2-2_"},{"time":0.1667,"name":"1-2"},{"time":0.2083,"name":"2-2_"},{"time":0.25,"name":"3-2"},{"time":0.2917,"name":"2-2_"},{"time":0.3333,"name":"1-2"},{"time":0.375,"name":"2-2_"},{"time":0.4167,"name":"3-2"},{"time":0.4583,"name":"2-2_"},{"time":0.5,"name":"1-2"},{"time":0.5421,"name":"2-2_"},{"time":0.5838,"name":"3-2"},{"time":0.6255,"name":"2-2_"},{"time":0.6672,"name":"1-2"},{"time":0.7089,"name":"2-2_"},{"time":0.7506,"name":"3-2"}]},"头_":{"color":[{"color":"ffffffff"},{"time":0.0417,"color":"000000ff","curve":"stepped"},{"time":1.6667,"color":"000000ff"},{"time":2.0833,"color":"00000000"}]},"帽子":{"color":[{"color":"ffffffff"},{"time":0.0417,"color":"000000ff","curve":"stepped"},{"time":1.6667,"color":"000000ff"},{"time":2.0833,"color":"00000000"}]},"手1":{"color":[{"color":"ffffffff"},{"time":0.0417,"color":"000000ff","curve":"stepped"},{"time":1.6667,"color":"000000ff"},{"time":2.0833,"color":"00000000"}]},"手2_":{"color":[{"color":"ffffffff"},{"time":0.0417,"color":"000000ff","curve":"stepped"},{"time":1.6667,"color":"000000ff"},{"time":2.0833,"color":"00000000"}]},"手臂1":{"color":[{"color":"ffffffff"},{"time":0.0417,"color":"000000ff","curve":"stepped"},{"time":1.6667,"color":"000000ff"},{"time":2.0833,"color":"00000000"}]},"手臂2":{"color":[{"color":"ffffffff"},{"time":0.0417,"color":"000000ff","curve":"stepped"},{"time":1.6667,"color":"000000ff"},{"time":2.0833,"color":"00000000"}]},"斗篷":{"color":[{"color":"ffffffff"},{"time":0.0417,"color":"000000ff","curve":"stepped"},{"time":1.6667,"color":"000000ff"},{"time":2.0833,"color":"00000000"}]},"斗篷2":{"color":[{"color":"ffffffff"},{"time":0.0417,"color":"000000ff","curve":"stepped"},{"time":1.6667,"color":"000000ff"},{"time":2.0833,"color":"00000000"}]},"眼睛1_":{"color":[{"time":1.6667,"color":"ffffffff"},{"time":2.0833,"color":"ffffff00"}]},"眼睛2_":{"color":[{"time":1.6667,"color":"ffffffff"},{"time":2.0833,"color":"ffffff00"}]},"脚2":{"color":[{"color":"ffffffff"},{"time":0.0417,"color":"000000ff","curve":"stepped"},{"time":1.6667,"color":"000000ff"},{"time":2.0833,"color":"00000000"}]},"脚_1":{"color":[{"color":"ffffffff"},{"time":0.0417,"color":"000000ff","curve":"stepped"},{"time":1.6667,"color":"000000ff"},{"time":2.0833,"color":"00000000"}]},"臂膀1":{"color":[{"color":"ffffffff"},{"time":0.0417,"color":"000000ff","curve":"stepped"},{"time":1.6667,"color":"000000ff"},{"time":2.0833,"color":"00000000"}]},"臂膀2":{"color":[{"color":"ffffffff"},{"time":0.0417,"color":"000000ff","curve":"stepped"},{"time":1.6667,"color":"000000ff"},{"time":2.0833,"color":"00000000"}]},"身体":{"color":[{"color":"ffffffff"},{"time":0.0417,"color":"000000ff","curve":"stepped"},{"time":1.6667,"color":"000000ff"},{"time":2.0833,"color":"00000000"}]},"身体1":{"color":[{"color":"ffffffff"},{"time":0.0417,"color":"000000ff","curve":"stepped"},{"time":1.6667,"color":"000000ff"},{"time":2.0833,"color":"00000000"}]},"身体_0":{"color":[{"color":"ffffffff"},{"time":0.0417,"color":"000000ff","curve":"stepped"},{"time":1.6667,"color":"000000ff"},{"time":2.0833,"color":"00000000"}]},"身体下":{"color":[{"color":"ffffffff"},{"time":0.0417,"color":"000000ff","curve":"stepped"},{"time":1.6667,"color":"000000ff"},{"time":2.0833,"color":"00000000"}]}},"bones":{"身体2":{"rotate":[{"time":0.2083},{"time":0.625,"angle":-56.65}],"translate":[{"time":0.2083},{"time":0.4167,"y":-518.47},{"time":0.625,"y":-1308.44}]},"身体21":{"rotate":[{},{"time":0.5,"angle":-40.57}],"translate":[{},{"time":0.2083,"y":-518.47},{"time":0.5,"x":9.08,"y":-1113.22}]},"脚2":{"rotate":[{"angle":2.19},{"time":0.2083,"angle":-12.7},{"time":0.375,"angle":-87.09},{"time":0.625,"angle":147.07,"curve":"stepped"},{"time":1.25,"angle":147.07},{"time":1.6667,"angle":157.48}]},"臂膀2":{"rotate":[{},{"time":0.2083,"angle":-5.13},{"time":0.375,"angle":16.77},{"time":0.4583,"angle":1.94},{"time":0.625,"angle":5.08}]},"手臂2":{"rotate":[{},{"time":0.2083,"angle":-5.89},{"time":0.375,"angle":-65.04},{"time":0.4583,"angle":-16.7},{"time":0.625,"angle":-72.4}]},"手2":{"rotate":[{},{"time":0.2083,"angle":-5.13},{"time":0.375,"angle":-29.27},{"time":0.625,"angle":-0.44}]},"脚_1":{"rotate":[{"angle":4.2},{"time":0.2083,"angle":44.38},{"time":0.375,"angle":98.9},{"time":0.625,"angle":122.49,"curve":"stepped"},{"time":1.25,"angle":122.49},{"time":1.6667,"angle":121.7}]},"大腿21":{"rotate":[{},{"time":0.2083,"angle":-18.65,"curve":"stepped"},{"time":0.375,"angle":-18.65},{"time":0.625,"angle":-59.18}]},"臂膀11":{"rotate":[{},{"time":0.2083,"angle":-21.57},{"time":0.375,"angle":47.44},{"time":0.625,"angle":-3.34}]},"手臂1":{"rotate":[{},{"time":0.2083,"angle":-14.02},{"time":0.375,"angle":-78.46},{"time":0.625,"angle":-42.01}]},"头":{"rotate":[{},{"time":0.2083,"angle":18.25},{"time":0.375,"angle":-39.19},{"time":0.625,"angle":-3.38},{"time":0.7917,"angle":54.97},{"time":0.9583,"angle":45.29},{"time":1.0417,"angle":54.64},{"time":1.125,"angle":45.29},{"time":1.25,"angle":47.41}],"translate":[{"time":0.7917},{"time":0.9583,"x":-9.64,"y":22.21},{"time":1.0417,"x":-70.46,"y":162.33},{"time":1.125,"x":-121.27,"y":150.17},{"time":1.25,"x":-108.8,"y":151.27}]},"bone_ikTarget_left":{"rotate":[{"time":0.2083},{"time":0.2917,"angle":51.86},{"time":0.375,"angle":142.42}],"translate":[{},{"time":0.2083,"x":236.38},{"time":0.2917,"x":239.01,"y":115.44},{"time":0.375,"x":-120.29}]},"bone_ikTarget_right":{"translate":[{"time":0.2083},{"time":0.375,"x":260.98}]},"臂膀1":{"rotate":[{},{"time":0.2083,"angle":-33.53},{"time":0.375,"angle":-21.95},{"time":0.625,"angle":-15.78}],"translate":[{},{"time":0.2083,"x":65.62,"y":-100.65},{"time":0.375,"x":-50.41,"y":-346.48},{"time":0.4583,"x":-88.29,"y":-291.68},{"time":0.625,"x":18.09,"y":-379.84}]},"身体":{"rotate":[{},{"time":0.2083,"angle":-1.14},{"time":0.375,"angle":0.49},{"time":0.625,"angle":21.83}]},"大腿2":{"rotate":[{"angle":-6.48},{"time":0.2083,"angle":5.02},{"time":0.375,"angle":28.07},{"time":0.625,"angle":-22.75,"curve":"stepped"},{"time":1.25,"angle":-22.75},{"time":1.6667,"angle":-37.69}]},"身体1":{"rotate":[{},{"time":0.2083,"angle":-5.94},{"time":0.375,"angle":8.87},{"time":0.625,"angle":30.2}]},"大腿1":{"rotate":[{"angle":-6.16},{"time":0.2083,"angle":10.03},{"time":0.375,"angle":16.53},{"time":0.625,"angle":-33.28,"curve":"stepped"},{"time":1.25,"angle":-33.28},{"time":1.6667,"angle":-49.68}]},"领带1":{"rotate":[{},{"time":0.1667,"angle":15.9},{"time":0.375,"angle":31.28,"curve":"stepped"},{"time":0.5833,"angle":31.28},{"time":0.7917,"angle":-2.94},{"time":0.875,"angle":-33.48},{"time":0.9583,"angle":-24.86},{"time":1.0417,"angle":-11.93},{"time":1.125,"angle":-15.58}]},"领带2":{"rotate":[{},{"time":0.1667,"angle":-24.25},{"time":0.375,"angle":32.07},{"time":0.4583,"angle":-21.52,"curve":"stepped"},{"time":0.5833,"angle":-21.52},{"time":0.7917,"angle":-40.83},{"time":0.875,"angle":28.77},{"time":0.9583,"angle":25.13},{"time":1.0417,"angle":3.26},{"time":1.125,"angle":23.14},{"time":1.25,"angle":14.04}]},"脚21":{"rotate":[{"angle":4.28},{"time":0.2083,"angle":23.43},{"time":0.375,"angle":74.67},{"time":0.625,"angle":-108.65,"curve":"stepped"},{"time":1.25,"angle":-108.65},{"time":1.6667,"angle":-104.11}]},"脚_11":{"rotate":[{"time":0.2083},{"time":0.2917,"angle":59.28},{"time":0.375,"angle":72.24}]},"脚_12":{"rotate":[{"angle":2.88},{"time":0.2083,"angle":-49.81},{"time":0.375,"angle":-109.38},{"time":0.625,"angle":-3.48,"curve":"stepped"},{"time":1.25,"angle":-3.48},{"time":1.6667,"angle":19.93}]}}},"kenyao":{"slots":{"1":{"attachment":[{"time":0.0417,"name":"2"},{"time":0.0833,"name":"3"},{"time":0.1667,"name":"2"},{"time":0.25,"name":"1"},{"time":0.2917,"name":"2"},{"time":0.375,"name":"3"},{"time":0.4583,"name":"2"},{"time":0.5,"name":"1"},{"time":0.5833,"name":"2"},{"time":0.625,"name":"3"},{"time":0.7083,"name":"2"},{"time":0.7917,"name":"1"},{"time":0.8333,"name":"2"},{"time":0.9167,"name":"3"},{"time":1,"name":"1"}]},"11":{"attachment":[{"time":0.0833,"name":"2"},{"time":0.125,"name":"3"},{"time":0.2083,"name":"2"},{"time":0.25,"name":"1"},{"time":0.3333,"name":"2"},{"time":0.4167,"name":"3"},{"time":0.4583,"name":"2"},{"time":0.5417,"name":"1"},{"time":0.625,"name":"2"},{"time":0.6667,"name":"3"},{"time":0.75,"name":"2"},{"time":0.7917,"name":"1"},{"time":0.875,"name":"2"},{"time":0.9583,"name":"3"},{"time":1,"name":"2"}]},"1-2":{"attachment":[{"time":0.0417,"name":"2-2_"},{"time":0.0833,"name":"3-2"},{"time":0.1667,"name":"2-2_"},{"time":0.25,"name":"1-2"},{"time":0.2917,"name":"2-2_"},{"time":0.375,"name":"3-2"},{"time":0.4583,"name":"2-2_"},{"time":0.5,"name":"1-2"},{"time":0.5833,"name":"2-2_"},{"time":0.625,"name":"3-2"},{"time":0.7083,"name":"2-2_"},{"time":0.7917,"name":"1-2"},{"time":0.8333,"name":"2-2_"},{"time":0.9167,"name":"3-2"},{"time":1,"name":"1-2"}]},"1-21":{"attachment":[{"time":0.0833,"name":"2-2_"},{"time":0.125,"name":"3-2"},{"time":0.2083,"name":"2-2_"},{"time":0.25,"name":"1-2"},{"time":0.3333,"name":"2-2_"},{"time":0.4167,"name":"3-2"},{"time":0.4583,"name":"2-2_"},{"time":0.5417,"name":"1-2"},{"time":0.625,"name":"2-2_"},{"time":0.6667,"name":"3-2"},{"time":0.75,"name":"2-2_"},{"time":0.7917,"name":"1-2"},{"time":0.875,"name":"2-2_"},{"time":0.9583,"name":"3-2"},{"time":1,"name":"2-2_"}]}},"bones":{"身体2":{"translate":[{"y":-131.19},{"time":0.25,"x":89.4,"y":-404.5},{"time":0.5,"y":-131.19},{"time":0.75,"x":-193.22,"y":-410.26},{"time":1,"y":-131.19}]},"身体21":{"translate":[{"y":-131.19},{"time":0.25,"x":-133.33,"y":-491.06},{"time":0.5,"y":-131.19},{"time":0.75,"x":255.22,"y":-413.21},{"time":1,"y":-131.19}]},"臂膀1":{"rotate":[{},{"time":0.4167,"angle":7.13},{"time":0.8333}],"translate":[{},{"time":0.4167,"x":74.65,"y":-64.91},{"time":0.8333,"x":20.65},{"time":1}]},"身体":{"rotate":[{"time":0.0833},{"time":0.5,"angle":7.43},{"time":0.9167}]},"大腿2":{"rotate":[{"angle":-6.48}]},"身体1":{"rotate":[{"time":0.1667},{"time":0.5833,"angle":7.43},{"time":1}]},"大腿1":{"rotate":[{"angle":-6.16}]},"臂膀2":{"rotate":[{"angle":-24.01},{"time":0.25,"angle":-35.5},{"time":0.5,"angle":-47},{"time":0.75,"angle":-12.52},{"time":1,"angle":-24.01}],"translate":[{"x":3.93,"y":-28.88}]},"脚_1":{"rotate":[{"angle":4.2}]},"头":{"rotate":[{"angle":-10.16},{"time":0.1667,"angle":-19.37},{"time":0.3333,"angle":-8.28},{"time":0.6667,"angle":-6.21},{"time":1,"angle":-10.16}]},"脚2":{"rotate":[{"angle":2.19}]},"臂膀11":{"rotate":[{"angle":-4.78},{"time":0.5,"angle":15.11},{"time":1,"angle":-4.78}]},"手臂2":{"rotate":[{"angle":-6.42},{"time":0.3333,"angle":11.27},{"time":0.8333,"angle":-15.26},{"time":1,"angle":-6.42}]},"脚21":{"rotate":[{"angle":4.28}]},"手臂1":{"rotate":[{"angle":-64.26},{"time":0.0833,"angle":-59.47},{"time":0.5833,"angle":-88.23},{"time":1,"angle":-64.26}]},"手2":{"rotate":[{},{"time":0.5,"angle":63.43},{"time":1}]},"脚_12":{"rotate":[{"angle":2.88}]}}},"move":{"slots":{"1":{"attachment":[{"name":"2"},{"time":0.0833,"name":"3"},{"time":0.1667,"name":"2"},{"time":0.25,"name":"1"},{"time":0.3333,"name":"2"},{"time":0.4167,"name":"3"},{"time":0.5,"name":"2"},{"time":0.5833,"name":"1"},{"time":0.6667,"name":"2"},{"time":0.75,"name":"3"},{"time":0.8333,"name":"2"},{"time":0.9167,"name":"1"},{"time":1,"name":"2"},{"time":1.0829,"name":"3"},{"time":1.1662,"name":"2"},{"time":1.2495,"name":"1"},{"time":1.3328,"name":"2"},{"time":1.4161,"name":"3"},{"time":1.4994,"name":"2"},{"time":1.5827,"name":"1"},{"time":1.666,"name":"2"},{"time":1.7493,"name":"3"},{"time":1.8326,"name":"2"},{"time":1.9159,"name":"1"},{"time":1.9992,"name":"2"},{"time":2.0825,"name":"3"},{"time":2.1658,"name":"2"},{"time":2.2491,"name":"1"},{"time":2.3324,"name":"2"},{"time":2.4157,"name":"3"},{"time":2.499,"name":"2"}]},"11":{"attachment":[{"time":0.0833,"name":"2"},{"time":0.1667,"name":"3"},{"time":0.25,"name":"2"},{"time":0.3333,"name":"1"},{"time":0.4167,"name":"2"},{"time":0.5,"name":"3"},{"time":0.5833,"name":"2"},{"time":0.6667,"name":"1"},{"time":0.75,"name":"2"},{"time":0.8333,"name":"3"},{"time":0.9167,"name":"2"},{"time":1,"name":"1"},{"time":1.0829,"name":"2"},{"time":1.1662,"name":"3"},{"time":1.2495,"name":"2"},{"time":1.3328,"name":"1"},{"time":1.4161,"name":"2"},{"time":1.4994,"name":"3"},{"time":1.5827,"name":"2"},{"time":1.666,"name":"1"},{"time":1.7493,"name":"2"},{"time":1.8326,"name":"3"},{"time":1.9159,"name":"2"},{"time":1.9992,"name":"1"},{"time":2.0825,"name":"2"},{"time":2.1658,"name":"3"},{"time":2.2491,"name":"2"},{"time":2.3324,"name":"1"},{"time":2.4157,"name":"2"},{"time":2.499,"name":"3"}]},"1-2":{"attachment":[{"name":"2-2_"},{"time":0.0833,"name":"3-2"},{"time":0.1667,"name":"2-2_"},{"time":0.25,"name":"1-2"},{"time":0.3333,"name":"2-2_"},{"time":0.4167,"name":"3-2"},{"time":0.5,"name":"2-2_"},{"time":0.5833,"name":"1-2"},{"time":0.6667,"name":"2-2_"},{"time":0.75,"name":"3-2"},{"time":0.8333,"name":"2-2_"},{"time":0.9167,"name":"1-2"},{"time":1,"name":"2-2_"},{"time":1.0829,"name":"3-2"},{"time":1.1662,"name":"2-2_"},{"time":1.2495,"name":"1-2"},{"time":1.3328,"name":"2-2_"},{"time":1.4161,"name":"3-2"},{"time":1.4994,"name":"2-2_"},{"time":1.5827,"name":"1-2"},{"time":1.666,"name":"2-2_"},{"time":1.7493,"name":"3-2"},{"time":1.8326,"name":"2-2_"},{"time":1.9159,"name":"1-2"},{"time":1.9992,"name":"2-2_"},{"time":2.0825,"name":"3-2"},{"time":2.1658,"name":"2-2_"},{"time":2.2491,"name":"1-2"},{"time":2.3324,"name":"2-2_"},{"time":2.4157,"name":"3-2"},{"time":2.499,"name":"2-2_"}]},"1-21":{"attachment":[{"time":0.0833,"name":"2-2_"},{"time":0.1667,"name":"3-2"},{"time":0.25,"name":"2-2_"},{"time":0.3333,"name":"1-2"},{"time":0.4167,"name":"2-2_"},{"time":0.5,"name":"3-2"},{"time":0.5833,"name":"2-2_"},{"time":0.6667,"name":"1-2"},{"time":0.75,"name":"2-2_"},{"time":0.8333,"name":"3-2"},{"time":0.9167,"name":"2-2_"},{"time":1,"name":"1-2"},{"time":1.0829,"name":"2-2_"},{"time":1.1662,"name":"3-2"},{"time":1.2495,"name":"2-2_"},{"time":1.3328,"name":"1-2"},{"time":1.4161,"name":"2-2_"},{"time":1.4994,"name":"3-2"},{"time":1.5827,"name":"2-2_"},{"time":1.666,"name":"1-2"},{"time":1.7493,"name":"2-2_"},{"time":1.8326,"name":"3-2"},{"time":1.9159,"name":"2-2_"},{"time":1.9992,"name":"1-2"},{"time":2.0825,"name":"2-2_"},{"time":2.1658,"name":"3-2"},{"time":2.2491,"name":"2-2_"},{"time":2.3324,"name":"1-2"},{"time":2.4157,"name":"2-2_"},{"time":2.499,"name":"3-2"}]}},"bones":{"身体2":{"translate":[{"x":-123.65,"y":-340.05},{"time":0.2917,"y":-131.19},{"time":0.5833,"x":89.4,"y":-404.5},{"time":0.9167,"y":-131.19},{"time":1.2083,"x":-193.22,"y":-410.26},{"time":1.5417,"y":-131.19},{"time":1.8333,"x":121.12,"y":-387.19},{"time":2.1667,"y":-131.19},{"time":2.4583,"x":-141.31,"y":-369.89},{"time":2.5,"x":-123.65,"y":-340.05}]},"身体21":{"translate":[{"y":-131.19},{"time":0.2917,"x":-133.33,"y":-491.06},{"time":0.625,"y":-131.19},{"time":0.9167,"x":255.22,"y":-413.21},{"time":1.25,"y":-131.19},{"time":1.5417,"x":-190.58,"y":-380.86},{"time":1.875,"y":-131.19},{"time":2.1667,"x":102.22,"y":-376.7},{"time":2.5,"y":-131.19}]},"bone_ikTarget_right":{"rotate":[{"time":1.0417},{"time":1.6667,"angle":-24.27},{"time":1.875,"angle":-42.83},{"time":2.0833}],"translate":[{"x":400.88},{"time":0.5833,"x":557.9},{"time":1.0417,"x":616.07},{"time":1.6667,"x":352.04,"y":115.31},{"time":1.875,"x":176.02,"y":157.39},{"time":2,"x":70.41,"y":2.68},{"time":2.0833},{"time":2.5,"x":400.88}]},"臂膀1":{"rotate":[{"angle":-0.97},{"time":0.5833,"angle":-3.49},{"time":1.0417,"angle":23.11},{"time":2.5,"angle":-0.97}],"translate":[{"x":400.78,"y":-145.35},{"time":0.5833,"x":427.26,"y":-70.32},{"time":0.8333,"x":270.08,"y":-2.6},{"time":1.0417,"x":333.41,"y":-89.22},{"time":1.375,"x":302.8,"y":2.34},{"time":1.625,"x":167.59,"y":47.52},{"time":2.0833,"x":52.64,"y":18.88},{"time":2.5,"x":400.78,"y":-145.35}]},"bone_ikTarget_left":{"rotate":[{},{"time":0.5833,"angle":65.68},{"time":0.7083,"angle":95.02},{"time":0.8333,"angle":62.71},{"time":0.9583,"angle":-18.4},{"time":1.0417,"angle":-5.27},{"time":2.5}],"translate":[{"x":400.88},{"time":0.5833,"x":415.16,"y":207.69},{"time":0.8333,"x":31.85,"y":239.13},{"time":0.9583,"x":-107.78,"y":26.92},{"time":1.0417,"x":-166.81},{"time":1.375,"x":-82.87},{"time":2.5,"x":400.88}]},"身体":{"rotate":[{"angle":-6.55},{"time":0.5833,"angle":-5.14},{"time":1.0417,"angle":-19.15},{"time":1.6667,"angle":-1.03},{"time":2.5,"angle":-6.55}]},"大腿1":{"rotate":[{"angle":-17.25},{"time":0.5833,"angle":-6.31},{"time":1.0417,"angle":-65.02},{"time":2.5,"angle":-17.25}],"translate":[{"time":0.5833},{"time":1.0417,"x":38.79,"y":-159.19},{"time":1.6667,"x":36.33,"y":-30.27},{"time":2.5}]},"大腿2":{"rotate":[{"angle":35.93},{"time":0.5833,"angle":35.02},{"time":1.0417,"angle":23.6},{"time":1.6667,"angle":-66.74},{"time":2.5,"angle":35.93}],"translate":[{"time":1.0417},{"time":2.0833,"x":30.34,"y":0.85},{"time":2.5}]},"身体1":{"rotate":[{"angle":-3.67},{"time":0.5833,"angle":-6.36},{"time":0.8333,"angle":8.49},{"time":1.0417,"angle":12.43},{"time":1.6667,"angle":-19.43},{"time":2.5,"angle":-3.67}],"translate":[{"time":0.5833},{"time":0.8333,"x":-33.6,"y":-4.29},{"time":1.0417}]},"臂膀2":{"rotate":[{"angle":122.73},{"time":0.5833,"angle":-2.27},{"time":0.7083,"angle":0.58},{"time":1.0417,"angle":14.45},{"time":1.625,"angle":74.85},{"time":2.5,"angle":122.73}],"translate":[{"x":33.89,"y":-50.11},{"time":0.5833,"x":-62.81,"y":16.14},{"time":1.0417,"x":-76.72,"y":-76.91},{"time":1.625,"x":-24.63,"y":-266.65},{"time":2.5,"x":33.89,"y":-50.11}]},"脚_1":{"rotate":[{"angle":56.61},{"time":0.5833,"angle":6.66},{"time":1.0417,"angle":36.1},{"time":2.5,"angle":56.61}]},"脚2":{"rotate":[{"angle":-68.27},{"time":0.5833,"angle":-74.82},{"time":1.0417,"angle":-11.77},{"time":1.6667,"angle":96.72},{"time":2.5,"angle":-68.27}]},"臂膀11":{"rotate":[{"angle":33.49},{"time":0.5833,"angle":34.04},{"time":1.0417,"angle":14.52},{"time":1.625,"angle":18.87},{"time":2.0833,"angle":13.06},{"time":2.5,"angle":33.49}],"translate":[{"x":-9.98,"y":25.73},{"time":0.5833},{"time":1.0417,"x":-4.37,"y":-3.94},{"time":2.0833,"x":28.06,"y":2.99},{"time":2.5,"x":-9.98,"y":25.73}]},"头":{"rotate":[{"angle":-1.8},{"time":0.5833,"angle":9.12},{"time":0.8333,"angle":4.48},{"time":1.0417,"angle":-3.59},{"time":1.375,"angle":-4.48},{"time":1.6667,"angle":8.51},{"time":2.0833,"angle":17.75},{"time":2.5,"angle":-1.8}],"translate":[{"x":-36.84,"y":2.51,"curve":"stepped"},{"time":0.5833,"x":-36.84,"y":2.51},{"time":0.8333,"x":-62.08,"y":17.58},{"time":1.0417,"x":-29.11,"y":-32.23},{"time":1.6667,"x":-48.56,"y":14.87},{"time":2.0833,"x":-24.21,"y":7.65},{"time":2.5,"x":-36.84,"y":2.51}]},"领带1":{"rotate":[{"angle":14.95},{"time":0.3333,"angle":10.92},{"time":0.625,"angle":7.69},{"time":0.8333,"angle":-5.44},{"time":1.375,"angle":3.35},{"time":1.5833,"angle":-4.08},{"time":1.875,"angle":-5.47},{"time":2.125,"angle":-3.88},{"time":2.5,"angle":14.95}]},"脚21":{"rotate":[{"angle":33.26},{"time":0.5833,"angle":16.67},{"time":1.0417,"angle":-61.93},{"time":1.6667,"angle":-49.38},{"time":2.5,"angle":33.26}]},"领带2":{"rotate":[{"angle":3.92},{"time":0.3333,"angle":13.71},{"time":0.625,"angle":2.93},{"time":0.8333,"angle":-9.69},{"time":1.375,"angle":5.22},{"time":1.5833,"angle":15.2},{"time":1.875,"angle":0.68},{"time":2.125,"angle":-14.96},{"time":2.5,"angle":3.92}]},"手臂2":{"rotate":[{"angle":-103.26},{"time":0.5833,"angle":-31.3},{"time":0.7083,"angle":-13.18},{"time":1.0417,"angle":-64.13},{"time":1.625,"angle":-73.14},{"time":2.5,"angle":-103.26}]},"脚_11":{"rotate":[{"angle":-23.79},{"time":0.5833,"angle":39.16,"curve":"stepped"},{"time":1.0417,"angle":39.16},{"time":2.5,"angle":-23.79}]},"手臂1":{"rotate":[{"angle":-27},{"time":0.5833,"angle":-52.65},{"time":0.8333,"angle":-68.35},{"time":1.0417,"angle":-62.76},{"time":2.0833,"angle":-2.56},{"time":2.5,"angle":-27}]},"大腿21":{"rotate":[{"angle":-23.34},{"time":0.5833,"angle":-1.76},{"time":1.0417,"angle":-6.76},{"time":1.625,"angle":-6.5},{"time":2.0833,"angle":-7.3},{"time":2.5,"angle":-23.34}]},"手2":{"rotate":[{"angle":30.76},{"time":0.5833,"angle":29.74},{"time":0.7083,"angle":13.82},{"time":1.0417,"angle":29.36},{"time":1.625,"angle":21.23},{"time":2.5,"angle":30.76}]},"脚_12":{"rotate":[{"angle":-20.79},{"time":0.5833,"angle":-46.12},{"time":1.0417,"angle":-48.61},{"time":2.5,"angle":-20.79}]},"bone1":{"translate":[{"x":-484.9},{"time":0.5833,"x":-609.68},{"time":0.8333,"x":-318.3},{"time":1.0417,"x":-380.28},{"time":1.375,"x":-309.99},{"time":1.6667,"x":-207.71},{"time":2.0833,"x":-202.31},{"time":2.5,"x":-484.9}]}}}}},[0]]],0,0,[0],[-1],[0]]