{"paths":{"0":["chime",0],"1":["pickGold",0],"2":["plastichit2",0],"3":["PuffShroomAtk",0],"4":["chapterdown",0],"5":["PotatoMineGrow",0],"6":["RigorMormist",0],"7":["Bungee_steal",0],"8":["pogo_zombie",0],"9":["pool_cleancar",0],"10":["screenHurt",0],"11":["tap2",0],"12":["Dolphin_Enter",0],"13":["GraveBuster",0],"14":["moneyfalls",0],"15":["Torchwood",0],"16":["jack_surprise",0],"17":["Spikeweed",0],"18":["finalfanfare",0],"19":["voidbang",0],"20":["frozen_1",0],"21":["Zomboni_Enter",0],"22":["melonimpact",0],"23":["digger_arise",0],"24":["gravestone_rumble",0],"25":["BowlingBgm",0],"26":["zombieHurt1",0],"27":["Bungee_fall3",0],"28":["CabbagePult",0],"29":["coblaunch",0],"30":["pickCoin",0],"31":["ChomperAtk",0],"32":["SeaShroomAtk",0],"33":["eatmind",0],"34":["PeashooterAtk",0],"35":["daveshort",0],"36":["gravebusterchomp",0],"37":["pause",0],"38":["groan5",0],"39":["TangleKelp",0],"40":["gargantuar_thump",0],"41":["groan3",0],"42":["Bungee_fall2",0],"43":["basketball",0],"44":["polevault",0],"45":["groan6",0],"46":["bangjar",0],"47":["fastoff",0],"48":["bowlingHit",0],"49":["loadingbar_zombie",0],"50":["ladder_zombie",0],"51":["garden_water",0],"52":["pickDiamond",0],"53":["SnowPeaAtk",0],"54":["laserNormal",0],"55":["StarFruit",0],"56":["bossboulderattack",0],"57":["thunder",0],"58":["awooga",0],"59":["poleland",0],"60":["winmusic",0],"61":["zombie_falling_2",0],"62":["firepeaHit",0],"63":["CleanCar",0],"64":["groan4",0],"65":["WateryGraves",0],"66":["finalwave",0],"67":["MagnetShroom",0],"68":["loadingbgm",0],"69":["FootballHurt",0],"70":["chomp_plant2",0],"71":["chomp_plant3",0],"72":["firebloverNormal",0],"73":["faston",0],"74":["hatchback_open",0],"75":["laserSpecial",0],"76":["plantplant",0],"77":["GrazetheRoof",0],"78":["clickShovel",0],"79":["shieldhit1",0],"80":["bangzombie",0],"81":["gravebutton",0],"82":["CatapultAtk",0],"83":["BeltBgm",0],"84":["lightfill",0],"85":["RVthrow",0],"86":["plantern_enter",0],"87":["sunlack",0],"88":["cobBoom",0],"89":["zombie_falling_1",0],"90":["groan1",0],"91":["PuzzleBgm",0],"92":["zombieHurt2",0],"93":["explosion",0],"94":["GargantuarEnter",0],"95":["PotatoMineBoom",0],"96":["tombzombie",0],"97":["floop",0],"98":["zombiebossbgm",0],"99":["ladderHurt",0],"100":["shovelPlant",0],"101":["firebloverSpecial",0],"102":["SunShroom",0],"103":["loadingbar_flower",0],"104":["garden_sell",0],"105":["garden_move_water",0],"106":["FumeShroomAtk",0],"107":["cherrybomb",0],"108":["bossfootdown",0],"109":["garden_move_night",0],"110":["garden_plantgrow",0],"111":["garden_phonograph",0],"112":["chomp_plant1",0],"113":["Grasswalk",0],"114":["bungeetarget",0],"115":["scream",0],"116":["Cactus",0],"117":["bowlingHitNormal",0],"118":["garden_speedup",0],"119":["shop_change_page",0],"120":["bossdie",0],"121":["readygo",0],"122":["CactusAtk",0],"123":["siren",0],"124":["kernelpult",0],"125":["shieldhit2",0],"126":["ball_fall",0],"127":["newspaper_angel",0],"128":["newspaper_fall",0],"129":["dolphin_before_jumping",0],"130":["frozen_2",0],"131":["groan2",0],"132":["Blover",0],"133":["IceShroomBoom",0],"134":["throwBowling",0],"135":["grassstep",0],"136":["zombiesplash",0],"137":["garden_cart",0],"138":["Marigold",0],"139":["newplant",0],"140":["zomboniDeath",0],"141":["lowgroan",0],"142":["Moongrains",0],"143":["unlockpart",0],"144":["garden_tool_click",0],"145":["ScaredyShroomAtk",0],"146":["bonk",0],"147":["hydraulic",0],"148":["mindcontrolled",0],"149":["garden_manure",0],"150":["zombie_entering_water",0],"151":["getSun",0],"152":["gulp",0],"153":["cg",0],"154":["pickSilver",0],"155":["doomshroom",0],"156":["tombCreate",0],"157":["tap",0],"158":["boing",0],"159":["SquashStart",0],"160":["fightbeforebgm",0],"161":["gargantudeath",0],"162":["garden_pesticide",0],"163":["plastichit1",0],"164":["gargantuar_fly",0],"165":["JalapenoReady",0],"166":["getstar",0],"167":["hydraulic_short",0],"168":["JalapenoBoom",0],"169":["Garlic",0],"170":["paper",0],"171":["garden_wakeup",0],"172":["selectPlant",0],"173":["ball_enter",0],"174":["vase_breaking",0],"175":["shoop",0],"176":["Bungee_fall",0],"177":["zombie_leave_water",0],"178":["jack_enter",0],"179":["hugewave",0],"180":["garden_move_normal",0],"181":["losemusic",0],"182":["digger_zombie",0],"183":["dancer",0],"184":["CoffeeBean",0],"185":["rain",0],"186":["hatchback_close",0],"187":["ZombieCloseFall",0]},"types":["cc.AudioClip"],"uuids":["05KF2k/nBJfJkqGUvzvmSI","05Wsrpa4dKKKRlrhE4esFJ","058sttgwlPZLtFuJRTdhK4","07ydoBGfFOcLzuz4yDxz8D","08RgQBYrZJj7hHtuLGLWMU","09eRI3W1BJNryHdLqXHncE","09tq2Fb6FPeaXnWwtORAAT","0bbBj2pZVKPKNcvZa5BiB2","0cCTVNYo5CBLjl5g6raIMK","0dRXm+o/pOOrblw0oTFn2+","0emBgbdUhAYIz3/JCbrSuk","0f8jVqA2hPxpAedJeebJ8/","10kSiFS/xGHIhmPGDjsMEd","100Z0U2ulCS5tYNi6c2rN/","105JWzIppHKrE8Bwr7u4zX","11lvC2sKxDCruF/6H2XkHl","12qoRRobNAYI0mk/1OffV8","18SPtDE5hKVZo9y6efPFUz","18weFykdpIPIpUMLvJRbjl","1dYzo8+LtCsIEcqLkbQAAK","1d8nEKgkRILLZUSq8xu/Lp","1eJLPw/zxLKJz7gd82EkXj","1eSktMqqNFxqQh4PW1yePy","1fKRkdYtZME69gwbOttZg4","21Yj2fXY9AV7TK78YC/jbm","23+j2eL/FEwoB4dKJJupH1","25fVwDGRtGQriOwVmGIl+9","292hyezrFOfZyNjiVE45pD","2aKAcIwGRFHK+/shEKVkmA","2bMv8oSk5LOaS5rOCaNoME","2cfXM/3LhKfZjQTaHE3zk6","2dSdKXOulCn5g3Xf45jMwZ","2fgXSbmZFKnpMlZOOOFz6D","30c637KdBDKrCJ1m4RZxjc","303wMEg7RAhql980aAt1k7","305wrcQrlJ9aZ8kPwTJjmB","3076GlKRhBdobw9P0bvzXT","32YKi67JRC3Jr6/PQ08z6J","326FLUJCFBe508zrFQsYgx","34jYbXqYpM354cBw64+Ckp","3b6pBA8QdNYblyHS33ovj5","3cFNYwmCNDF6SocFs3GD6o","3dmAikkrtKUZr3IKxfCZts","3dy9iXTplGQ56KcBFy9bnE","3eOqpZqRdHaY6U2iSKFmBs","3edTe/opZAFayaGXADx9H9","3fEzGlQ0NKI42KvHO+mSzT","40RsKytSlM25+9EpzKqU8B","401SKRb2hD45ZMhdTpk3uW","43n46naCVNO6UKXWLQurV8","43zRMNL51GPLmNKm/hlvQr","45AC2i4/NDK42vutUMFfd8","45ocNqFxpBYpAZ8foSixFr","451g41IR1PuIZQDPBReWR/","46VbQHAI1A8ZWWK1jKmkJ+","462d8u+l1KvZUIywADjD3D","463mst+1hOKpiob6gnyRfj","49Zwv47LNKPolygml0Hdsv","4a6US/EVRDAZQ5ZYjpQ7Vl","4cU34QzCFC87vHcyT7UF9d","4ddoi3nixD0JJDyKQOaLn2","4fqD2tCcdPpZ/02c6OogCR","52JByAiXdFepTZYnHZQyKy","53OY2aeTtGa7zwCDUvqX/y","57cnKKgFNF16pEPwMZz0Kd","57iMdwhU9O/rB4c2PwZrrF","5a46/8uxZCqoLqsBFt+vJT","61vVyG0NZElIu+5Ddqnlz1","617cEK+3lM/o5y+jnSVVWu","62HnEiR+9ERqs1bQB2//r4","627pDyWcpAnYLi9JvocqwU","655llMyWJBTL4CosTrjD8S","657WxTxotDXItArfbEG0nr","66b3g/BctBJZmsdGYCwZGT","66w0Wml3RD1qMawbbqK08/","67tef9VHJHu5dhJEJFWHjG","6bRS+91UtN8J1Qy9C/e4x+","6bckTxI4pGc7agN5yjeqyn","6dh3pI0rNJmLwhRCuOId9X","6eX4y1F19CMpuRHUHzpz/C","6eoZVBAR9EqriM479rJcN7","72rVp2XIpDKaLlKeR2U2P6","7219L8moNCXrFQeJEwrJ3V","74PuY1eyFE0ZStSMfHApfx","79rT7Kfx5PH4V59xeGF6Bg","7aF0MJzH5Mc442Z5bydR82","7dlHD7k3BI/LltGHkhavOv","7dsknD6JJMzaphMJci+IkH","7eKwNzXjpChInYlRyD6b7B","7eW+61ygdI67a7yl755f9H","7fe9tOZ2lCXqaYbNmxoxWb","83A9jQYVFK4bpnpDfVbdp7","833Ze1F25NI4qWnqOqpo7T","87BhB2e/VIOJ36HnM1LPVF","88Hrh2HtpGkKtMmUOrixvP","8aFR/T7OBLn6iutZtTPNo8","8acOo5cIJFb5h+yxnfmbgl","8cPmbGDiZNS7oD046E6HeC","8c1glrGwNJ7LfFlzqdsoFf","8dXJME+OdC3aZ0/T8wcq0F","8eEE76PYFN5Jm+g22/nWdD","8esSHWz5dEAoe2zzCUHgpg","91B0rTaeRABoHZS6XqSITE","91hsPQEwpIKYHfEXceLKDX","91/kmsUzNPQYgaTItdw94c","93sAGBZ7ZMrpTtNwpjY/zf","94DNlt+x5DOIeF84eMNTsL","957Bm6TZJH2r/GKZlXIfDW","99LvTQ9xdNfrF3ULWneCJb","9aYPRwsjZP7KfW3ZNk5Dt7","9ejZszWmFELp40t+L1gXJS","9ew8KIQutAKLraaiNMU6OI","a4AxWUUFhKSK2TRvTV2geR","a4Jq4vZyVDbJJAHJFXNqDf","a6kBhjiKlE44fn/iSV0FKO","a6oG/4nAVCrJ4ZH5gWqo0A","a9Nw2G7yBOqrJq0pBPRn4K","a9bDT+h7FI1KinEiA11E1/","a9oKht+09IDZ0/doy/DBdl","abpmBv0fNKJrHDGoqRd6Fb","acrpVm9NpJhKbf7uphQ2Gy","aeoTTQtctHyb/oFo3nLgIf","b2XrKM9AtFDJDazAva1T9C","b2bK5MaRxH3Z16wXy7Bdxw","b2epGjxnxCvaPygIJ7zrLf","b4Kon+MTVGZqDQzBjIEEwb","b6nOUhN3lOoLAIGq4zl7y1","b7Hoxn7+tLf6wIZWzZdrcq","b8Eya4t/9CGKLQfcWvpO6L","b99ytJxU5DkZ/pWmaMNwpg","bbakcX6RxHhaY0p6bOyddh","bdBKEy/olPYbsIPEPsRBWk","bdqK4QdyBALqrrJb2TMu+k","beB5Ax7OVH+ZSfyrP3dHop","beTuG5LI1E+KkhJrQOGRYj","bfbNooDlpCY7s4hQ254jPF","bfcKWkJeNNeInTsY+yTiek","c0Ok0If5ZFppn/i5THWRQd","c0j4j0gPlKn4wYKTlKcJZW","c03chOLxJGJasVM5wRgEyw","c1QNkwPX5MSaCfsXI/t50m","c2liNl8DJCi5ova9nuLSf3","c28CymvBBGnpNENH6JjF9R","c3eHNFrglIXpfqxga0gz82","c4FILPrsZAD4yGW/oWQZcf","c4Lac9vhJCDI12fU/BvtT0","c9PrPQZOlESIZtnAHNRNzZ","ccaGjeHNpCV6a51N9pl8jE","cc3d9ddtdEy5tcOhnEu2Bc","cek5UPnRVGk6hJz4iF+V06","d1u5iuk/RGoJWDBXRxipmp","d1+NEMTwRP942wAGsbEJYz","d4DNufgLhCcoNBmHCYKWmq","d6EKfmWy9DsI3bsFiwJw+E","d7fWYkYdlLa4d7ucD8ELTI","d9L4B+LLhCjYlO0ljG/b6f","dcHgMVUc9JFoAdelg2Jt6X","e0VfX+fVZA5IZ9IERztZKm","e1DkPQLjtPb7MLbDS1o7Cz","e1oJqiwV9Kw52vCft8NpSw","e1ue2dQbdNPrxJnuvdGer4","e18A8RQe9BBpUYBAxKEM22","e328Gz7LJMuZ5TSKwI42uV","e5JsBs5pxGhqt3oQhBbMnM","e6FVbkoDJFLJMtQ+iEfdJ+","e6Ull6bYBNAofMmMqxnGQT","e6bMjgDfdIy7R+AHTkOQmi","e6+8L5I+1IpIoqRBg42M2e","e7HaqxD4hB1bj4VMG4cCEr","e8UXB4jfFN/oP1eFjTyofU","e9cvjEWPFPLYuO9rIeIoBi","e9zkI5vMVM46UVMfRpfUgV","eayOYQZwBD7LI1oWlOIeu/","eb5Fg7nG9FmqG9XzPvGtir","ecPazyGZ1FV6QA27lAmBpn","eccgt++HdNJpjeOES5aZoe","ec7WzyQRlFHaQa6iZyMXSZ","f01Q7ATM5L55nJIDPiQHPe","f3I9C2FvBMvr6h0ZevoYZ7","f3fBF9O1RFY6nyUQ7DuSX4","f5DdUhD7ZDkamGb5q48XwP","f7z8/wJ7RCRoowMvI1vF9v","f8wlt074RD3qmVIfFNh+a0","f9AigtFE5N5qHVO+fRcBX1","f9s3Mglx5NLaws/3mNOWEU","fc6j/eP9FDP6JTcDfHbfzv","feVveVh4BAh4+eG7nNQehl","ff8Y0Q2HZBBa7Sd86gI+eU"],"scenes":{},"redirect":[],"deps":[],"packs":{},"name":"Audio","importBase":"import","nativeBase":"native","debug":false,"isZip":false,"encrypted":false,"versions":{"import":[0,"8e690",1,"411f5",2,"52145",3,"08381",4,"4ede2",5,"ca377",6,"051f3",7,"f81c9",8,"cb44c",9,"692ed",10,"d09cf",11,"eeac8",12,"b3d85",13,"856e6",14,"c490c",15,"408ac",16,"4f021",17,"0f26c",18,"ff161",19,"0b05e",20,"80f90",21,"15474",22,"8e15c",23,"4ea36",24,"e98b7",25,"3c069",26,"13841",27,"09d4e",28,"9db27",29,"21b6c",30,"783f7",31,"ee39b",32,"d4676",33,"a1645",34,"6ee13",35,"1a1b9",36,"02751",37,"2d467",38,"12ff0",39,"1f2b0",40,"1b115",41,"84d6f",42,"9d046",43,"e8a05",44,"e9e11",45,"ee75e",46,"d5793",47,"35f35",48,"76d7a",49,"82dfe",50,"e19a3",51,"649e7",52,"1b451",53,"848cd",54,"950dc",55,"e3d26",56,"113ff",57,"55582",58,"6b519",59,"e9424",60,"43d77",61,"7a2e4",62,"1fcfa",63,"d8ad7",64,"c307d",65,"acd4e",66,"29e1b",67,"ca1be",68,"74343",69,"e12a2",70,"ed118",71,"ba9d3",72,"25d97",73,"f46b2",74,"15042",75,"54738",76,"0c6e1",77,"6514b",78,"be6cf",79,"528e8",80,"f1c94",81,"c8d4e",82,"23d90",83,"ddd79",84,"11b0e",85,"bfa3f",86,"ab3e5",87,"11233",88,"854fe",89,"85ea9",90,"b2204",91,"9dd91",92,"42ef8",93,"bc54e",94,"57d4d",95,"32072",96,"70b51",97,"61b12",98,"bcc61",99,"5bd8c",100,"255a4",101,"46d76",102,"803b5",103,"b0826",104,"0edaf",105,"8d952",106,"4bcc3",107,"95ed8",108,"6f0c9",109,"c47b4",110,"61787",111,"3fd4d",112,"88e02",113,"81c60",114,"aabf1",115,"ac974",116,"4cc4d",117,"dbffc",118,"61090",119,"b8914",120,"f9b50",121,"dc362",122,"9fe8d",123,"1deed",124,"22429",125,"4aef7",126,"09917",127,"56a59",128,"0074b",129,"6c144",130,"391e0",131,"053df",132,"5fe25",133,"689fa",134,"d9573",135,"87aad",136,"e9446",137,"99901",138,"534e0",139,"93f41",140,"1afcc",141,"41956",142,"3281f",143,"1d6f3",144,"9683f",145,"e1935",146,"4194d",147,"cb207",148,"c6061",149,"60930",150,"48e7a",151,"54c2c",152,"c4804",153,"51379",154,"fecdd",155,"6677d",156,"d7787",157,"4677f",158,"ce91b",159,"068e2",160,"55b49",161,"00935",162,"557e2",163,"29b75",164,"0285b",165,"71514",166,"4c847",167,"09891",168,"80e17",169,"836ef",170,"08147",171,"0af3c",172,"b550c",173,"84797",174,"3f2f4",175,"65bae",176,"7dd00",177,"b472d",178,"b3da4",179,"c1513",180,"726e2",181,"ad85e",182,"be470",183,"fc52d",184,"774fc",185,"fd4c0",186,"a79a6",187,"83658"],"native":[0,"08352",1,"de5a1",2,"32fce",3,"4c362",4,"a42c3",5,"38a95",6,"f0f07",7,"46239",8,"d1f4d",9,"da831",10,"0749a",11,"c80ff",12,"a9082",13,"73809",14,"1a980",15,"261d7",16,"7b27c",17,"026f3",18,"b52d2",19,"726ca",20,"1305d",21,"d389a",22,"f8703",23,"1a40c",24,"c2ed5",25,"2dcfa",26,"c8041",27,"bcb8c",28,"06610",29,"616ad",30,"77020",31,"96eb3",32,"8379a",33,"70a06",34,"0f9f5",35,"b5b40",36,"0e90f",37,"52285",38,"83c62",39,"607c9",40,"10ef0",41,"76da2",42,"71c53",43,"9922e",44,"3c004",45,"ca566",46,"b2ab1",47,"97833",48,"d7af4",49,"c3ae0",50,"96b44",51,"7d08f",52,"190a8",53,"420ab",54,"7eb74",55,"3754e",56,"9734e",57,"88059",58,"04733",59,"f5bda",60,"d07c8",61,"aae93",62,"e4cbb",63,"5542b",64,"61a31",65,"ba7fd",66,"e7101",67,"a3987",68,"13386",69,"6b238",70,"39663",71,"5c26e",72,"c3cd7",73,"2bd6e",74,"9926c",75,"a04cb",76,"5e418",77,"82501",78,"42450",79,"98e9b",80,"5b326",81,"4073c",82,"c9724",83,"74683",84,"efb66",85,"f5f60",86,"356c6",87,"fcc54",88,"e944f",89,"b963b",90,"7b2e0",91,"201ed",92,"7e735",93,"85272",94,"2dafd",95,"27083",96,"6b719",97,"6df02",98,"48c45",99,"4da84",100,"89017",101,"1c1b2",102,"92b25",103,"bd609",104,"79ac2",105,"4da79",106,"f4ee8",107,"df6f8",108,"b3d58",109,"a607c",110,"e879c",111,"abfc3",112,"1472a",113,"a99fd",114,"6b5b9",115,"a3b14",116,"8a36a",117,"67d61",118,"f9a6c",119,"2411d",120,"5cd23",121,"61f19",122,"c73c2",123,"14e03",124,"16c6b",125,"40c4f",126,"747ec",127,"c030e",128,"f0493",129,"34c49",130,"0be3f",131,"c3ae0",132,"566ef",133,"e75b6",134,"e9f94",135,"7405b",136,"d6e6f",137,"872a7",138,"9d988",139,"7518b",140,"06288",141,"f0f00",142,"ae8cb",143,"70f3d",144,"c51d1",145,"af17a",146,"4f997",147,"ead5d",148,"6422f",149,"53984",150,"078b6",151,"04df5",152,"da5bd",153,"edddc",154,"4883d",155,"e440a",156,"3936e",157,"14798",158,"622c2",159,"e3edb",160,"628d3",161,"f15ed",162,"1e63a",163,"d1601",164,"23b37",165,"c8b34",166,"24b8d",167,"29a37",168,"14df6",169,"f69fc",170,"85124",171,"258e0",172,"c67cd",173,"0c25b",174,"768a2",175,"ca263",176,"adc61",177,"f0f35",178,"e4ad1",179,"af75d",180,"69b2b",181,"f3f50",182,"05357",183,"74bc9",184,"0f22a",185,"fc312",186,"6130c",187,"56ccf"]}}