[1,["fe0QXhUCdKV4iV2OMwLa98"],0,[["sp.SkeletonData",["_name","_atlasText","textureNames","_skeletonJson","textures"],-1,3]],[[0,0,1,2,3,4,5]],[[0,"08_jiguangdou","\r\n08_jiguangdou.png\r\nsize: 271,436\r\nformat: RGBA8888\r\nfilter: Linear,Linear\r\nrepeat: none\r\nGlow05\r\n  rotate: false\r\n  xy: 204, 126\r\n  size: 63, 63\r\n  orig: 63, 63\r\n  offset: 0, 0\r\n  index: -1\r\nbiyan\r\n  rotate: false\r\n  xy: 218, 297\r\n  size: 51, 12\r\n  orig: 51, 12\r\n  offset: 0, 0\r\n  index: -1\r\ndatui\r\n  rotate: false\r\n  xy: 129, 125\r\n  size: 73, 125\r\n  orig: 75, 125\r\n  offset: 0, 0\r\n  index: -1\r\ndatui2\r\n  rotate: true\r\n  xy: 2, 118\r\n  size: 73, 125\r\n  orig: 75, 125\r\n  offset: 0, 0\r\n  index: -1\r\ngebo\r\n  rotate: true\r\n  xy: 129, 289\r\n  size: 57, 87\r\n  orig: 57, 87\r\n  offset: 0, 0\r\n  index: -1\r\nliuhai\r\n  rotate: true\r\n  xy: 204, 2\r\n  size: 122, 61\r\n  orig: 122, 61\r\n  offset: 0, 0\r\n  index: -1\r\nliuhai2\r\n  rotate: false\r\n  xy: 209, 191\r\n  size: 57, 91\r\n  orig: 58, 91\r\n  offset: 1, 0\r\n  index: -1\r\nmeimao\r\n  rotate: false\r\n  xy: 218, 284\r\n  size: 42, 11\r\n  orig: 42, 11\r\n  offset: 0, 0\r\n  index: -1\r\nmeimao2\r\n  rotate: false\r\n  xy: 219, 426\r\n  size: 50, 8\r\n  orig: 50, 8\r\n  offset: 0, 0\r\n  index: -1\r\nshenti\r\n  rotate: true\r\n  xy: 2, 348\r\n  size: 86, 215\r\n  orig: 86, 215\r\n  offset: 0, 0\r\n  index: -1\r\nshou\r\n  rotate: false\r\n  xy: 129, 252\r\n  size: 78, 35\r\n  orig: 79, 35\r\n  offset: 0, 0\r\n  index: -1\r\nshou2\r\n  rotate: false\r\n  xy: 123, 10\r\n  size: 30, 24\r\n  orig: 30, 24\r\n  offset: 0, 0\r\n  index: -1\r\nshou21\r\n  rotate: false\r\n  xy: 219, 350\r\n  size: 46, 74\r\n  orig: 46, 75\r\n  offset: 0, 0\r\n  index: -1\r\ntianxian\r\n  rotate: true\r\n  xy: 219, 311\r\n  size: 37, 44\r\n  orig: 37, 44\r\n  offset: 0, 0\r\n  index: -1\r\ntou\r\n  rotate: false\r\n  xy: 2, 4\r\n  size: 119, 112\r\n  orig: 120, 112\r\n  offset: 0, 0\r\n  index: -1\r\ntoufa\r\n  rotate: true\r\n  xy: 129, 90\r\n  size: 33, 70\r\n  orig: 36, 75\r\n  offset: 0, 5\r\n  index: -1\r\nxiaotui\r\n  rotate: true\r\n  xy: 2, 270\r\n  size: 76, 125\r\n  orig: 76, 126\r\n  offset: 0, 0\r\n  index: -1\r\nxiaotui2\r\n  rotate: true\r\n  xy: 2, 193\r\n  size: 75, 125\r\n  orig: 75, 126\r\n  offset: 0, 0\r\n  index: -1\r\nyanjing\r\n  rotate: false\r\n  xy: 123, 64\r\n  size: 56, 24\r\n  orig: 56, 24\r\n  offset: 0, 0\r\n  index: -1\r\nyanjing1\r\n  rotate: false\r\n  xy: 123, 36\r\n  size: 55, 26\r\n  orig: 55, 26\r\n  offset: 0, 0\r\n  index: -1\r\nzui\r\n  rotate: false\r\n  xy: 181, 64\r\n  size: 18, 11\r\n  orig: 18, 11\r\n  offset: 0, 0\r\n  index: -1\r\nzui2\r\n  rotate: false\r\n  xy: 181, 77\r\n  size: 19, 11\r\n  orig: 19, 11\r\n  offset: 0, 0\r\n  index: -1\r\n",["08_jiguangdou.png"],{"skeleton":{"hash":"JlPELmF843ptTaaISpQU+La5dBg","spine":"3.8.99","x":-27.84,"y":-6.41,"width":70.83,"height":126.01},"bones":[{"name":"root","scaleX":0.2,"scaleY":0.2},{"name":"bone","parent":"root","x":-4.14,"y":-95.52},{"name":"bone2","parent":"bone","x":-34.88,"y":88.62},{"name":"bone3","parent":"bone2","length":87.25,"rotation":97.84,"x":2.38,"y":5.55},{"name":"bone4","parent":"bone3","length":88.82,"rotation":-7.32,"x":87.04,"y":-1.57},{"name":"bone5","parent":"bone4","length":77.07,"rotation":-4.05,"x":88.82},{"name":"bone6","parent":"bone5","length":38.89,"rotation":1.2,"x":77.07},{"name":"bone7","parent":"bone6","length":56.61,"rotation":-8.97,"x":38.89},{"name":"bone8","parent":"bone7","length":168.66,"rotation":6.73,"x":54.74,"y":1.24},{"name":"bone9","parent":"bone2","length":195.43,"rotation":64.27,"x":26.96,"y":29.34},{"name":"bone10","parent":"bone9","length":207.94,"rotation":-145.27,"x":195.43},{"name":"target2","parent":"bone","x":108.29,"y":87.64},{"name":"bone11","parent":"target2","length":74.05,"rotation":9.19},{"name":"bone12","parent":"bone2","length":221.19,"rotation":67.66,"x":57.89,"y":-7.14},{"name":"bone13","parent":"bone12","length":192.79,"rotation":-150.1,"x":209.32,"y":-6.59},{"name":"target1","parent":"bone","rotation":2.57,"x":134.22,"y":80.4},{"name":"bone14","parent":"target1","length":68.31,"rotation":0.25,"x":1.54,"y":-0.88},{"name":"bone15","parent":"bone8","x":72.03,"y":-58.22},{"name":"bone16","parent":"bone8","x":38.58,"y":-59.23},{"name":"bone17","parent":"bone8","x":-5.04,"y":-58.81},{"name":"bone19","parent":"bone6","length":152.31,"rotation":-150.26,"x":13.31,"y":60.55},{"name":"bone20","parent":"bone19","length":98.54,"rotation":70.26,"x":152.31},{"name":"target3","parent":"bone9","rotation":-63.85,"x":145.22,"y":-14.54},{"name":"bone21","parent":"target3","length":36.05,"rotation":21.3},{"name":"bone22","parent":"bone6","length":117.38,"rotation":-159.09,"x":22.2,"y":-53.2},{"name":"bone23","parent":"bone13","x":13.34,"y":19.43},{"name":"bone24","parent":"bone8","length":35.66,"rotation":124.43,"x":147.21,"y":-25.32},{"name":"bone25","parent":"bone24","length":37.41,"rotation":33.59,"x":36.1,"y":-0.25},{"name":"bone26","parent":"bone25","length":34.18,"rotation":-5.71,"x":37.87,"y":0.23},{"name":"bone27","parent":"bone26","length":26.91,"rotation":-54.48,"x":34.45,"y":-0.43},{"name":"bone28","parent":"bone27","length":26.77,"rotation":-27.86,"x":27.39,"y":-0.53},{"name":"bone29","parent":"bone8","length":21.54,"rotation":-58.85,"x":136.57,"y":-63.81},{"name":"bone30","parent":"bone29","length":30.42,"rotation":-92.99,"x":21.77,"y":-0.68},{"name":"bone31","parent":"bone30","length":31.52,"rotation":2.17,"x":31.29,"y":0.73},{"name":"bone32","parent":"bone31","length":20.29,"rotation":-12.75,"x":31.52},{"name":"bone33","parent":"bone32","length":17.93,"rotation":32.01,"x":21.77,"y":-0.34},{"name":"bone34","parent":"bone8","length":32.24,"rotation":-163.62,"x":71.97,"y":44.43},{"name":"bone34b","parent":"bone34","length":32.24,"x":32.24},{"name":"bone34c","parent":"bone34b","length":32.24,"x":32.24},{"name":"bone34d","parent":"bone34c","length":32.24,"x":32.24},{"name":"bone34d2","parent":"bone34d","length":24.85,"rotation":26.2,"x":32.11,"y":0.06},{"name":"bone34d3","parent":"bone34d2","length":30.56,"rotation":19.27,"x":25.04,"y":0.24},{"name":"bone34d4","parent":"bone34d3","length":23.05,"rotation":43.45,"x":30.65,"y":0.42},{"name":"bone35","parent":"bone8","length":33.46,"rotation":-157.44,"x":50.83,"y":-76.95},{"name":"bone35b","parent":"bone35","length":33.46,"x":33.46},{"name":"bone35c","parent":"bone35b","length":33.46,"x":33.46},{"name":"bone35d","parent":"bone35c","length":33.46,"x":33.46},{"name":"bone36","parent":"bone","x":460.39,"y":474.65},{"name":"bone18","parent":"bone8","length":8.1,"rotation":18.62,"x":170.38,"y":-10.23},{"name":"bone37","parent":"bone18","length":74.85,"rotation":-1.61,"x":8.1},{"name":"bone38","parent":"bone","x":460.39,"y":474.65},{"name":"bone39","parent":"bone","x":460.39,"y":474.65},{"name":"bone40","parent":"bone","x":460.39,"y":474.65}],"slots":[{"name":"shou21","bone":"bone22","attachment":"shou21"},{"name":"shenti","bone":"bone3","attachment":"shenti"},{"name":"datui2","bone":"bone12","attachment":"datui2"},{"name":"xiaotui2","bone":"bone13","attachment":"xiaotui2"},{"name":"shou2","bone":"bone23","attachment":"shou2"},{"name":"datui","bone":"bone9","attachment":"datui"},{"name":"xiaotui","bone":"bone10","attachment":"xiaotui"},{"name":"gebo","bone":"bone19","attachment":"gebo"},{"name":"shou","bone":"bone20","attachment":"shou"},{"name":"toufa","bone":"bone35","attachment":"toufa"},{"name":"tianxian","bone":"bone18","attachment":"tianxian"},{"name":"tou","bone":"bone8","attachment":"tou"},{"name":"zui","bone":"bone17","attachment":"zui2"},{"name":"yanjing","bone":"bone16","attachment":"yanjing"},{"name":"yanjing2","bone":"bone16"},{"name":"meimao","bone":"bone15","attachment":"meimao"},{"name":"liuhai3","bone":"bone34","attachment":"liuhai2"},{"name":"liuhai2","bone":"bone34"},{"name":"liuhai","bone":"bone24","attachment":"liuhai"},{"name":"Glow05","bone":"bone36","color":"00d7ffff"},{"name":"Glow6","bone":"bone39","color":"00d7ffff"},{"name":"Glow5","bone":"bone38","color":"00d7ffff"},{"name":"Glow7","bone":"bone40","color":"00d7ffff"},{"name":"yanjing1","bone":"bone13"}],"ik":[{"name":"target1","target":"target1","bendPositive":false,"bones":["bone12","bone13"]},{"name":"target2","order":1,"target":"target2","bendPositive":false,"bones":["bone9","bone10"]},{"name":"target3","order":2,"target":"target3","bones":["bone19","bone20"]}],"skins":[{"name":"default","attachments":{"Glow05":{"Glow05":{"type":"mesh","color":"84faffff","hull":4,"uvs":[1,1,0,1,0,0,1,0],"triangles":[1,2,3,1,3,0],"vertices":[59.9,-61.63,-65.1,-61.63,-65.1,63.37,59.9,63.37]}},"Glow5":{"Glow05":{"type":"mesh","color":"84faffff","hull":4,"uvs":[1,1,0,1,0,0,1,0],"triangles":[1,2,3,1,3,0],"vertices":[59.9,-61.63,-65.1,-61.63,-65.1,63.37,59.9,63.37]}},"Glow6":{"Glow05":{"type":"mesh","color":"84faffff","hull":4,"uvs":[1,1,0,1,0,0,1,0],"triangles":[1,2,3,1,3,0],"vertices":[59.9,-61.63,-65.1,-61.63,-65.1,63.37,59.9,63.37]}},"Glow7":{"Glow05":{"type":"mesh","color":"84faffff","hull":4,"uvs":[1,1,0,1,0,0,1,0],"triangles":[1,2,3,1,3,0],"vertices":[59.9,-61.63,-65.1,-61.63,-65.1,63.37,59.9,63.37]}},"datui":{"datui":{"type":"mesh","hull":38,"uvs":[0.90787,0.0079,0.94613,0.02015,0.94898,0.04693,0.95669,0.07873,0.96512,0.11354,0.93587,0.24653,0.91287,0.30701,0.88733,0.37414,0.86209,0.44051,0.84365,0.48233,0.8192,0.53778,0.81911,0.5681,0.95282,0.68511,0.9754,0.70683,0.90634,0.74792,0.81256,0.80184,0.71679,0.85691,0.6722,0.88802,0.54617,0.97013,0.45844,0.99209,0.2668,0.99204,0.1626,0.97666,0.10312,0.95878,0.05645,0.90353,0.01338,0.80739,0.0132,0.71066,0.02508,0.66184,0.09738,0.57556,0.19921,0.45403,0.27167,0.36756,0.32591,0.36496,0.39571,0.29588,0.4561,0.23612,0.53081,0.16219,0.61545,0.09819,0.65843,0.0657,0.74942,0.02141,0.8191,0.00783],"triangles":[3,4,37,2,0,1,2,37,0,2,3,37,4,5,37,37,6,36,5,6,37,6,35,36,6,34,35,6,33,34,6,32,33,7,32,6,7,31,32,8,31,7,8,30,31,9,30,8,10,30,9,10,28,30,14,11,12,14,12,13,28,10,11,15,11,14,27,24,25,15,16,11,30,28,29,26,27,25,17,23,24,27,28,11,11,16,27,17,27,16,27,17,24,23,21,22,23,17,20,23,20,21,20,17,19,18,19,17],"vertices":[1,9,213.4,5.42,1,1,9,213.12,-1.04,1,1,9,207.27,-4.33,1,1,9,200.61,-8.82,1,1,9,193.32,-13.73,1,1,9,161.47,-24.24,1,1,9,146.37,-27.72,1,1,9,129.59,-31.58,1,1,9,113.02,-35.39,1,1,9,102.4,-37.46,1,1,9,88.33,-40.19,1,1,9,81.5,-43.47,1,1,9,63.8,-74.12,1,1,9,60.37,-79.51,1,1,9,46.65,-74.7,1,1,9,28.44,-67.97,1,1,9,9.84,-61.09,1,1,9,-0.05,-58.48,1,1,9,-26.7,-50.48,1,1,9,-37.32,-41.08,1,1,9,-49.7,-15.36,1,1,9,-52.98,0.3,1,1,9,-52.8,10.22,1,1,9,-43.38,22.48,1,1,9,-24.52,38.7,1,1,9,-2.74,49.22,1,1,9,9.02,52.93,1,1,9,33.13,52.59,1,1,9,67.09,52.11,1,1,9,91.25,51.77,1,1,9,95.34,44.78,1,1,9,115.41,42.9,1,1,9,132.78,41.29,1,1,9,154.26,39.28,1,1,9,174.15,34.87,1,1,9,184.25,32.63,1,1,9,200.11,25.22,1,1,9,207.68,17.34,1]}},"datui2":{"datui2":{"type":"mesh","hull":36,"uvs":[0.81945,0.00782,0.90709,0.00796,0.94439,0.01923,0.95785,0.05055,0.96952,0.09999,0.96047,0.16218,0.93686,0.23445,0.91155,0.31192,0.88918,0.36938,0.85857,0.448,0.82738,0.52809,0.81993,0.56873,0.97763,0.70707,0.87315,0.76689,0.73951,0.84341,0.66094,0.89507,0.55488,0.9648,0.46146,0.9925,0.25701,0.99209,0.20183,0.98291,0.12411,0.96752,0.06298,0.90989,0.03867,0.8637,0.01302,0.78758,0.012,0.72705,0.01996,0.68166,0.08061,0.59562,0.16172,0.49889,0.27075,0.36887,0.33805,0.35268,0.39929,0.29216,0.4796,0.21281,0.53274,0.16031,0.61419,0.09928,0.67241,0.05565,0.76367,0.01887],"triangles":[4,1,3,0,1,5,3,1,2,4,5,1,0,5,6,6,35,0,6,34,35,6,7,34,7,33,34,7,32,33,7,31,32,8,31,7,30,31,8,9,30,8,9,29,30,10,29,9,11,29,10,13,11,12,26,23,24,29,27,28,14,11,13,25,26,24,15,22,23,29,11,27,11,26,27,11,14,26,15,26,14,15,23,26,22,19,21,15,16,22,19,20,21,19,22,18,16,18,22,17,18,16],"vertices":[1,13,241.32,25.99,1,1,13,246.25,13.89,1,1,13,245.76,7.68,1,1,13,239.28,2.85,1,1,13,228.5,-3.45,1,1,13,213.61,-8.11,1,1,13,195.56,-11.73,1,1,13,176.21,-15.6,1,1,13,161.66,-17.97,1,1,13,141.74,-21.22,1,1,13,121.46,-24.54,1,1,13,111.64,-27.37,1,1,13,88.58,-62.25,1,1,13,68.83,-53.53,1,1,13,43.57,-42.38,1,1,13,27.17,-36.46,1,1,13,5.04,-28.47,1,1,13,-6.65,-18.23,1,1,13,-18.13,9.99,1,1,13,-19.14,18.47,1,1,13,-19.98,30.64,1,1,13,-10.11,44.54,1,1,13,-0.81,52.28,1,1,13,15.34,63.05,1,1,13,29.28,68.94,1,1,13,40.23,72.15,1,1,13,63.56,71.97,1,1,13,90.52,69.98,1,1,13,126.76,67.31,1,1,13,134.31,59.57,1,1,13,151.78,56.88,1,1,13,174.67,53.35,1,1,13,189.82,51.01,1,1,13,208.55,45.59,1,1,13,221.93,41.71,1,1,13,235.61,32.63,1]}},"gebo":{"gebo":{"type":"mesh","hull":32,"uvs":[0.24688,0.00512,0.35469,0.01163,0.46232,0.03824,0.53983,0.07811,0.60237,0.13484,0.6941,0.25558,0.75484,0.33551,0.78973,0.39292,0.78978,0.42064,0.73349,0.44624,0.77686,0.50338,0.8251,0.56695,0.89179,0.65483,0.94424,0.74989,0.99119,0.83498,0.99212,0.89487,0.96745,0.93533,0.90273,0.97068,0.80689,0.99436,0.74837,0.99452,0.69589,0.97911,0.62071,0.92932,0.54274,0.85058,0.45545,0.76244,0.37614,0.68236,0.2773,0.58255,0.18417,0.58514,0.09274,0.46594,0.01718,0.3345,0.01722,0.14463,0.06761,0.0784,0.17447,0.01748],"triangles":[9,5,6,9,6,7,9,7,8,30,2,29,29,2,28,27,28,4,30,31,0,1,30,0,2,30,1,3,28,2,27,5,25,3,4,28,5,27,4,25,5,9,26,27,25,24,25,9,24,9,10,24,10,11,23,24,11,23,11,12,22,23,12,13,22,12,21,22,13,14,21,13,14,17,21,14,15,17,16,17,15,18,20,21,17,18,21,19,20,18],"vertices":[1,20,-12.09,14.75,1,1,20,-5.44,25.14,1,1,20,4.3,33.92,1,1,20,14.49,38.59,1,1,20,26.48,40.4,1,1,20,49.84,40.07,1,1,20,65.3,39.85,1,1,20,75.95,38.81,1,1,20,80.21,36.61,1,1,20,81.19,28.87,1,1,20,92.24,28.71,1,1,20,104.54,28.53,1,1,20,121.53,28.28,1,1,20,138.88,26.02,1,1,20,154.42,23.99,1,1,20,163.66,19.32,1,1,20,168.58,13.6,1,1,20,170.61,4.23,1,1,20,169.22,-7.35,1,1,20,166.18,-13.29,1,1,20,161.05,-17.37,1,1,20,149.46,-21.01,1,1,20,133.28,-22.63,1,1,20,115.16,-24.45,1,1,20,98.7,-26.1,1,1,20,78.19,-28.15,1,1,20,73.7,-37.79,1,1,20,50.59,-37.55,1,1,20,26.44,-34.73,1,1,20,-2.72,-19.6,1,1,20,-10.25,-9.23,1,1,20,-14,6.44,1]}},"liuhai":{"liuhai":{"type":"mesh","hull":75,"uvs":[0.49552,0,0.44391,0.03479,0.38598,0.07515,0.30172,0.19409,0.248,0.3279,0.21956,0.40224,0.15637,0.47021,0.10792,0.51481,0.08685,0.52755,0.06263,0.55729,0.1016,0.58703,0.15321,0.61039,0.11424,0.64862,0.07211,0.65924,0.04472,0.64862,0.0047,0.638,0.01523,0.75482,0.06052,0.86102,0.1174,0.94173,0.17111,0.96084,0.22799,0.93323,0.28487,0.87164,0.30804,0.82916,0.31857,0.76756,0.33964,0.81641,0.38282,0.87164,0.44075,0.90562,0.47762,0.91624,0.45655,0.83341,0.42179,0.72296,0.39862,0.60402,0.40389,0.51481,0.42074,0.45109,0.46919,0.45959,0.52396,0.50631,0.66615,0.50207,0.70196,0.45746,0.72303,0.44684,0.72858,0.4957,0.72647,0.5849,0.72436,0.67623,0.71488,0.75057,0.7033,0.80367,0.68434,0.86527,0.72436,0.87801,0.76966,0.82703,0.79177,0.7888,0.80051,0.76268,0.80504,0.8345,0.82123,0.91285,0.8562,0.97291,0.88922,0.99772,0.93131,1,0.94426,0.98728,0.92548,0.92068,0.91512,0.83972,0.90282,0.78619,0.89699,0.76268,0.93196,0.74571,0.96887,0.70784,0.98959,0.66344,0.9993,0.62296,0.96887,0.6086,0.93001,0.57987,0.88922,0.53939,0.87886,0.42971,0.86267,0.28216,0.78626,0.09543,0.72021,0.01316,0.65287,0.03536,0.60689,0.09673,0.58876,0.17639,0.56998,0.09673,0.54732,0.021,0.51494,0],"triangles":[36,71,37,34,33,71,71,33,1,34,71,35,35,71,36,16,15,14,13,16,14,17,16,13,19,12,11,17,13,12,18,17,12,19,18,12,11,20,19,10,8,7,9,8,10,11,7,6,10,7,11,23,5,30,23,30,29,24,23,29,5,11,6,5,23,11,23,21,11,22,21,23,25,24,29,25,29,28,26,25,28,26,28,27,20,11,21,4,3,32,31,4,32,31,5,4,30,5,31,32,2,1,3,2,32,32,1,33,74,72,0,72,74,73,72,1,0,71,1,72,56,49,48,49,56,55,50,49,55,54,50,55,51,50,54,52,51,54,53,52,54,60,62,61,59,62,60,63,62,59,58,63,59,40,39,47,46,41,40,57,64,63,57,63,58,47,64,57,47,46,40,45,41,46,42,41,45,48,47,57,44,42,45,43,42,44,56,48,57,37,66,65,38,37,65,38,65,64,39,38,64,47,39,64,37,67,66,37,69,67,67,69,68,71,70,69,37,71,69],"vertices":[2,31,-18.43,42.05,0.00642,26,-9.74,-12.5,0.99358,1,26,3.28,-15.11,1,1,26,17.97,-17.91,1,2,26,42.97,-15.66,0.35504,27,-2.8,-16.63,0.64496,3,27,17.54,-21.12,0.913,28,-18.1,-23.26,0.07168,30,-8.84,-67.45,0.01532,3,27,28.69,-23.3,0.61411,28,-6.79,-24.32,0.31872,30,-6.28,-56.38,0.06717,3,27,42.94,-33.41,0.12752,28,8.4,-32.97,0.62437,30,4.32,-42.48,0.24811,3,27,53.06,-41.58,0.01926,28,19.28,-40.08,0.6405,30,12.81,-32.65,0.34024,3,27,56.73,-45.48,0.00504,28,23.32,-43.61,0.64302,30,16.84,-29.11,0.35194,2,28,29.52,-46.68,0.64454,30,20.72,-23.37,0.35546,4,27,61.56,-39.05,0.00968,28,27.49,-36.72,0.63878,29,25.49,-26.75,0.00074,30,10.58,-24.06,0.3508,4,27,58.46,-26.52,0.02255,28,23.15,-24.56,0.53758,29,13.08,-23.22,0.0495,30,-2.05,-26.74,0.39038,4,27,66.85,-32.95,0.00063,28,32.14,-30.13,0.15377,29,22.84,-19.14,0.01795,30,4.67,-18.57,0.82765,2,28,38.72,-38.14,0.02277,30,13.48,-13.12,0.97723,2,28,41.2,-44.47,0.00343,30,20.09,-11.51,0.99657,1,30,29.5,-8.6,1,1,30,21.27,3.17,1,2,29,37.38,5.78,0.21631,30,5.87,10.25,0.78369,1,29,24.07,16.32,1,2,28,56.67,1.77,0.00884,29,11.12,19.37,0.99116,2,28,46.44,11.72,0.31368,29,-2.93,16.82,0.68632,3,27,72.37,16.35,0.00019,28,32.72,19.48,0.89959,29,-17.21,10.16,0.10023,3,27,65.24,19.11,0.01018,28,25.36,21.51,0.97683,29,-23.14,5.35,0.01299,2,27,57.42,18.08,0.06814,28,17.69,19.71,0.93186,2,27,60.41,25.32,0.11933,28,19.94,27.21,0.88067,2,27,61.68,37.73,0.12386,28,19.96,39.69,0.87614,2,27,59.03,52.21,0.10832,28,15.89,53.83,0.89168,2,27,56.16,60.83,0.10346,28,12.17,62.12,0.89654,2,27,49.49,51.75,0.11425,28,6.44,52.43,0.88575,2,27,41.33,38.19,0.20844,28,-0.33,38.12,0.79156,4,31,-72.26,-12.74,0.00217,26,47.14,39.13,0.01358,27,30.99,26.7,0.53371,28,-9.48,25.65,0.45054,5,31,-66.28,-3.66,0.01883,32,7.57,-87.78,0.00017,26,40.66,30.41,0.10836,27,20.76,23.02,0.75593,28,-19.29,20.98,0.11671,5,31,-59.16,1.39,0.07659,32,2.15,-80.92,0.00256,26,33.25,25.77,0.35861,27,12.03,23.25,0.5487,28,-28,20.34,0.01354,1,8,107.08,-24.33,1,1,8,102.51,-38.1,1,1,8,105.8,-72.64,1,1,8,111.88,-80.92,1,5,31,7.04,-31.13,0.1555,32,31.18,-13.11,0.72374,33,-0.64,-13.83,0.11679,34,-28.32,-20.58,0.00245,26,-30.98,62.03,0.00153,4,31,5.61,-37.02,0.03959,32,37.14,-14.24,0.40183,33,5.27,-15.17,0.52745,34,-22.25,-20.59,0.03113,4,31,0.32,-46.45,0.00143,32,46.82,-19.03,0.08508,33,14.77,-20.33,0.71173,34,-11.85,-23.52,0.20176,3,32,56.75,-23.92,0.00967,33,24.5,-25.59,0.46292,34,-1.2,-26.51,0.52741,3,32,64.07,-29.63,0.00042,33,31.6,-31.58,0.26952,34,7.05,-30.78,0.73006,2,33,36.16,-36.91,0.20099,34,12.67,-34.98,0.79901,2,33,40.87,-44.32,0.18013,34,18.89,-41.16,0.81987,2,33,46.5,-36.19,0.18361,34,22.59,-32,0.81639,3,33,45.74,-23.56,0.18947,34,19.07,-19.84,0.80116,35,-12.63,-15.1,0.00937,3,33,43.92,-16.69,0.15714,34,15.77,-13.54,0.79206,35,-12.09,-8.01,0.0508,3,33,41.99,-13.4,0.09973,34,13.17,-10.75,0.78117,35,-12.81,-4.27,0.1191,3,33,50.3,-16.17,0.0025,34,21.89,-11.63,0.29165,35,-5.89,-9.63,0.70584,1,35,3.61,-13.54,1,1,35,14.78,-12.65,1,1,35,22.6,-9.07,1,1,35,30.06,-2.01,1,1,35,31.2,1.32,1,2,34,38.66,14.66,0.00292,35,22.27,3.77,0.99708,2,34,28.54,14.4,0.19147,35,13.55,8.91,0.80853,2,34,21.56,12.93,0.62274,35,6.85,11.37,0.37726,2,34,18.47,12.18,0.8726,35,3.83,12.38,0.1274,3,33,54.07,16.39,0.00231,34,18.38,20.96,0.992,35,8.41,19.86,0.00569,2,33,53.86,26.49,0.00099,34,15.94,30.77,0.99901,1,34,11.85,36.9,1,1,34,7.61,40.31,1,2,33,43.04,31.7,0.02455,34,4.24,33.47,0.97545,2,33,35.79,24.68,0.17371,34,-1.28,25.01,0.82629,2,33,27.06,17.84,0.64323,34,-8.29,16.41,0.35677,2,33,14.01,21.32,0.98494,34,-21.79,16.93,0.01506,2,32,26.54,26.08,0.16457,33,-3.79,25.52,0.83543,3,31,39.86,0,0.08292,32,-1.62,18.03,0.83366,33,-32.24,18.54,0.08342,2,31,29.9,16.11,0.98206,32,-17.19,7.24,0.01794,2,31,14,21.06,0.9991,26,-40.91,10.32,0.0009,2,31,0.64,19.43,0.95093,26,-27.48,11.18,0.04907,1,8,143.57,-50.67,1,2,31,-7.41,23.46,0.24521,26,-19.67,6.7,0.75479,2,31,-8.26,34.13,0.07455,26,-19.44,-4,0.92545,2,31,-14.19,39.94,0.02187,26,-13.85,-10.14,0.97813]}},"liuhai3":{"liuhai2":{"type":"mesh","hull":50,"uvs":[0.26674,0.00532,0.31908,0.01596,0.31935,0.0913,0.32761,0.11109,0.32814,0.15138,0.37056,0.25358,0.42484,0.32223,0.47414,0.36673,0.54557,0.43121,0.44715,0.43132,0.36531,0.43142,0.39152,0.50328,0.42946,0.57257,0.45548,0.62009,0.48063,0.65324,0.51158,0.69406,0.54669,0.72561,0.59052,0.765,0.65035,0.80333,0.69556,0.83228,0.7581,0.86039,0.82592,0.87786,0.91077,0.88928,0.98624,0.8893,0.97809,0.91698,0.89951,0.95101,0.83744,0.97789,0.75953,0.98629,0.68739,0.99407,0.64226,0.97952,0.55657,0.95189,0.47133,0.90657,0.37241,0.85399,0.2938,0.80236,0.20918,0.74679,0.22083,0.68026,0.23259,0.61307,0.12655,0.65914,0.02567,0.67191,0.02557,0.65735,0.06851,0.63003,0.12055,0.58008,0.16364,0.48323,0.15705,0.39887,0.1291,0.30741,0.09904,0.20903,0.07711,0.13727,0.07738,0.05575,0.12948,0.02097,0.18206,0.0053],"triangles":[27,21,26,27,20,21,26,21,25,25,22,24,25,21,22,24,22,23,28,29,27,29,20,27,29,19,20,29,30,19,30,18,19,30,31,18,31,17,18,31,32,17,32,16,17,32,33,16,33,15,16,34,35,33,15,33,35,15,35,14,13,35,36,13,36,12,14,35,13,37,41,36,36,11,12,37,39,40,37,38,39,40,41,37,41,42,36,36,42,11,42,10,11,42,43,10,7,9,10,10,43,6,9,7,8,7,10,6,6,44,5,6,43,44,44,45,5,5,45,4,4,45,3,2,3,46,48,2,47,2,0,1,0,2,49,2,48,49,46,3,45,47,2,46],"vertices":[1,36,-3.2,14.77,1,1,36,-0.07,20.32,1,2,36,13.29,17.56,0.99314,37,-18.96,17.56,0.00686,2,36,16.99,17.77,0.9716,37,-15.25,17.77,0.0284,2,36,24.14,16.34,0.83056,37,-8.1,16.34,0.16944,3,36,43.25,17.37,0.06685,37,11.01,17.37,0.91101,38,-21.23,17.37,0.02214,2,37,24.46,21,0.70244,38,-7.78,21,0.29756,2,37,33.51,24.95,0.40884,38,1.27,24.95,0.59116,2,37,46.63,30.67,0.28151,38,14.39,30.67,0.71849,2,37,44.32,19.49,0.28212,38,12.08,19.49,0.71788,2,37,42.39,10.2,0.11623,38,10.15,10.2,0.88377,2,38,23.51,10.51,0.95172,39,-8.74,10.51,0.04828,3,38,36.68,12.26,0.17573,39,4.44,12.26,0.82401,40,-19.44,23.17,0.00026,3,38,45.72,13.46,0.00423,39,13.48,13.46,0.95927,40,-10.8,20.25,0.0365,2,39,19.95,15.08,0.83416,40,-4.28,18.86,0.16584,3,39,27.91,17.09,0.4734,40,3.75,17.14,0.5147,41,-14.52,22.97,0.0119,3,39,34.34,19.91,0.17298,40,10.76,16.83,0.74945,41,-8,20.37,0.07757,4,39,42.35,23.43,0.02228,40,19.51,16.45,0.62708,41,0.13,17.12,0.34297,42,-10.67,33.12,0.00767,4,39,50.56,28.8,0.00002,40,29.25,17.65,0.19137,41,9.72,15.04,0.72295,42,-5.14,25.01,0.08566,3,40,36.61,18.55,0.03144,41,16.96,13.47,0.66339,42,-0.97,18.88,0.30518,2,41,25.81,13.11,0.15528,42,5.22,12.54,0.84472,1,42,12.36,7.97,1,1,42,21.65,4.11,1,1,42,30.25,2.48,1,1,42,28.39,-2.27,1,2,41,48.48,8.19,0.02337,42,18.29,-6.63,0.97663,2,41,45.06,0.2,0.26816,42,10.31,-10.07,0.73184,2,41,38.28,-5.97,0.85045,42,1.14,-9.88,0.14955,1,41,32,-11.68,1,1,41,26.17,-12.29,1,1,41,15.11,-13.46,1,2,40,31.19,-10.22,0.20987,41,2.35,-11.91,0.79013,2,40,16.63,-13.41,0.96453,41,-12.45,-10.11,0.03547,2,39,41.94,-11.65,0.20356,40,3.65,-14.84,0.79644,2,39,30.09,-19.2,0.78477,40,-10.32,-16.38,0.21523,3,38,50.82,-15.42,0.0019,39,18.57,-15.42,0.98108,40,-18.98,-7.9,0.01702,2,38,39.19,-11.59,0.28572,39,6.95,-11.59,0.71428,2,38,44.84,-25.34,0.52797,39,12.6,-25.34,0.47203,2,38,44.71,-37.27,0.52594,39,12.47,-37.27,0.47406,2,38,42.13,-36.74,0.52615,39,9.88,-36.74,0.47385,2,38,38.31,-30.85,0.53334,39,6.06,-30.85,0.46666,2,38,30.69,-23.1,0.62433,39,-1.55,-23.1,0.37567,3,37,46.79,-14.62,0.00195,38,14.55,-14.62,0.98301,39,-17.69,-14.62,0.01504,2,37,31.69,-12.25,0.49872,38,-0.55,-12.25,0.50128,2,36,47.06,-12.04,0.00137,37,14.82,-12.04,0.99863,2,36,28.92,-11.81,0.70998,37,-3.32,-11.81,0.29002,2,36,15.69,-11.64,0.99927,37,-16.56,-11.64,0.00073,1,36,1.25,-8.6,1,1,36,-3.68,-1.39,1,1,36,-5.21,5.16,1]}},"meimao":{"meimao":{"type":"mesh","hull":4,"uvs":[1,1,0,1,0,0,1,0],"triangles":[1,2,3,1,3,0],"vertices":[-7.71,-38.27,-14.34,44.46,6.59,46.14,13.23,-36.59]},"meimao2":{"type":"mesh","hull":4,"uvs":[1,1,0,1,0,0,1,0],"triangles":[1,2,3,1,3,0],"vertices":[-17.97,-41.6,-25.97,58.08,-10.02,59.36,-2.02,-40.32]}},"shenti":{"shenti":{"type":"mesh","hull":38,"uvs":[0.42924,0.00492,0.37802,0.02629,0.3847,0.07439,0.36466,0.12872,0.34685,0.19018,0.32458,0.21958,0.2511,0.23739,0.13754,0.26144,0.06628,0.30063,0.04401,0.37367,0.01952,0.4467,0.02175,0.58284,0.02397,0.66389,0.03065,0.69863,0,0.71733,0.02397,0.79482,0.07519,0.82154,0.093,0.87498,0.13531,0.93822,0.29174,0.99223,0.50996,0.99846,0.74377,1,0.88851,0.99846,0.96422,0.94502,1,0.86753,0.99094,0.77168,1,0.72002,0.95309,0.712,0.9709,0.64164,0.99985,0.56267,0.97758,0.46915,0.911,0.37515,0.82616,0.25538,0.70814,0.25182,0.70578,0.21095,0.73704,0.1339,0.77324,0.00688,0.50176,0],"triangles":[37,2,1,35,37,36,37,1,0,35,2,37,35,3,2,34,3,35,4,3,34,5,4,34,5,34,33,6,5,33,6,8,7,8,6,9,31,33,32,9,6,33,31,11,10,30,11,31,31,9,33,9,31,10,29,11,30,12,28,13,28,12,11,29,28,11,25,27,26,27,13,28,16,27,25,15,14,13,16,13,27,15,13,16,17,16,25,24,17,25,19,18,17,17,24,19,24,20,19,24,21,20,24,23,21,22,21,23],"vertices":[1,7,104.48,34.49,1,1,7,93.74,41.32,1,1,7,73.68,36.14,1,2,6,93.82,26.7,0.00006,7,50.1,34.94,0.99994,3,5,143.74,30.09,0.00525,6,67.29,28.68,0.08487,7,23.58,32.76,0.90988,3,5,130.89,33.13,0.04008,6,54.51,31.99,0.33541,7,10.44,34.04,0.62451,3,5,122.47,45.27,0.12803,6,46.34,44.31,0.58233,7,0.45,44.93,0.28964,3,5,110.94,64.13,0.26687,6,35.21,63.41,0.6372,7,-13.53,62.06,0.09593,4,4,187.27,68.54,0.00128,5,93.36,75.32,0.38748,6,17.87,74.96,0.57819,7,-32.45,70.77,0.03305,5,3,250.92,50.61,0.00173,4,155.9,72.65,0.03005,5,61.78,77.21,0.60162,6,-13.67,77.51,0.36538,7,-64,68.37,0.00123,4,3,220.38,59.07,0.01906,4,124.53,77.14,0.14731,5,30.17,79.47,0.67688,6,-45.22,80.44,0.15675,4,3,162.34,66.67,0.22153,4,65.99,77.28,0.52373,5,-28.23,75.48,0.2453,6,-103.69,77.67,0.00944,4,3,127.76,71.04,0.54626,4,31.14,77.21,0.40443,5,-62.99,72.94,0.04926,6,-138.5,75.86,0.00005,3,3,112.81,71.94,0.72743,4,16.19,76.19,0.25744,5,-77.83,70.87,0.01513,3,3,105.56,78.26,0.81084,4,8.2,81.54,0.18308,5,-86.18,75.64,0.00608,2,3,71.99,78.71,0.96543,4,-25.16,77.71,0.03457,3,3,59.4,71.55,0.99105,4,-36.73,69.01,0.00895,5,-130.11,59.96,0,2,3,36.22,71.65,1,5,-152.86,55.49,0,2,3,8.29,68.15,1,5,-179.55,46.55,0,2,3,-18.38,44.66,1,5,-201.06,18.26,0,2,3,-26.16,7.84,0.99978,4,-113.47,-5.09,0.00022,2,3,-32.29,-31.91,0.95559,4,-114.49,-45.3,0.04441,3,3,-35.03,-56.66,0.91462,4,-114.05,-70.2,0.08538,5,-197.4,-84.36,0,3,3,-14.04,-72.69,0.84552,4,-91.19,-83.43,0.15448,5,-173.66,-95.94,0,3,3,18.13,-83.33,0.64678,4,-57.92,-89.88,0.35322,5,-140.03,-100.02,0,3,3,59.17,-87.41,0.27335,4,-16.69,-88.69,0.72324,5,-98.98,-95.92,0.00341,3,3,80.97,-91.98,0.1375,4,5.51,-90.44,0.84734,5,-76.72,-96.1,0.01516,3,3,85.48,-84.46,0.10083,4,9.02,-82.41,0.87435,5,-73.77,-87.84,0.02482,4,3,115.04,-91.62,0.00502,4,39.25,-85.74,0.86058,5,-43.39,-89.03,0.13437,6,-122.3,-86.48,0.00002,3,4,73.16,-91.02,0.64398,5,-9.19,-91.9,0.34948,6,-88.16,-90.07,0.00654,3,4,113.41,-87.55,0.3084,5,30.71,-85.6,0.62436,6,-48.14,-84.6,0.06724,4,4,153.93,-76.46,0.06434,5,70.35,-71.67,0.61344,6,-8.22,-71.51,0.31504,7,-35.38,-77.99,0.00717,3,5,120.85,-53.93,0.16453,6,42.64,-54.83,0.62336,7,12.26,-53.58,0.21211,3,5,121.13,-33.57,0.06041,6,43.35,-34.49,0.4594,7,9.78,-33.37,0.48019,3,5,138.64,-32.08,0.0036,6,60.89,-33.37,0.09135,7,26.93,-29.53,0.90505,1,7,60.47,-28.3,1,1,7,115.25,-23.7,1,1,7,109,22.67,1]}},"shou":{"shou":{"type":"mesh","hull":36,"uvs":[0.85544,0.01406,0.90276,0.05265,0.94952,0.09078,0.98767,0.14719,0.98724,0.28501,0.98096,0.4058,0.98892,0.57623,0.97707,0.65474,0.93826,0.69787,0.87834,0.71466,0.83399,0.7146,0.75837,0.7145,0.71806,0.70347,0.65811,0.68707,0.62902,0.6947,0.54395,0.7386,0.45311,0.78547,0.32869,0.86922,0.21416,0.94631,0.10931,0.98585,0.03905,0.98592,0.02119,0.96751,0.00628,0.90056,0.00626,0.76838,0.02262,0.69878,0.11036,0.43625,0.15872,0.34565,0.20421,0.30063,0.33883,0.28044,0.44114,0.2651,0.48584,0.26221,0.55358,0.24018,0.62133,0.21814,0.67676,0.13516,0.73507,0.04786,0.80183,0.01373],"triangles":[4,2,3,4,1,2,1,4,5,6,8,5,35,1,5,6,7,8,12,33,34,12,32,33,35,12,34,1,35,0,35,5,12,5,11,12,5,10,11,5,9,10,8,9,5,12,13,32,14,32,13,31,32,14,15,30,31,15,31,14,16,29,30,16,30,15,28,29,16,17,27,28,17,28,16,19,22,23,17,26,27,18,26,17,25,26,18,24,25,18,22,20,21,19,23,24,18,19,24,19,20,22],"vertices":[2,21,129.09,32.71,0.00077,23,36.98,25.22,0.99923,1,23,43.01,20.11,1,1,23,48.97,15.06,1,1,23,53.21,9.27,1,1,23,49.8,0.25,1,1,23,45.94,-7.34,1,1,23,42.97,-18.96,1,1,23,39.31,-23.46,1,1,23,32.55,-24.18,1,1,23,23.32,-22.01,1,1,23,16.79,-19.59,1,2,21,107.45,-13.85,0.05785,23,5.66,-15.46,0.94215,2,21,101.28,-12.24,0.29062,23,0,-12.54,0.70938,2,21,92.1,-9.84,0.90792,23,-8.43,-8.19,0.09208,2,21,87.51,-9.76,0.99402,23,-12.9,-7.11,0.00598,1,21,73.86,-11.03,1,1,21,59.29,-12.38,1,1,21,39.15,-15.58,1,1,21,20.61,-18.53,1,1,21,3.92,-19.08,1,1,21,-7.01,-17.61,1,1,21,-9.62,-15.96,1,1,21,-11.31,-11,1,1,21,-10.08,-1.83,1,1,21,-6.88,2.66,1,1,21,9.22,19.03,1,1,21,17.59,24.3,1,1,21,25.09,26.47,1,1,21,46.22,25.05,1,2,21,62.29,23.98,0.99985,23,-30.12,31.34,0.00015,2,21,69.27,23.24,0.9921,23,-23.46,29.09,0.0079,2,21,80.01,23.35,0.913,23,-12.96,26.84,0.087,2,21,90.76,23.46,0.62228,23,-2.45,24.59,0.37772,2,21,100.16,28.06,0.25387,23,7.73,27.02,0.74613,2,21,110.05,32.89,0.07345,23,18.44,29.57,0.92655,2,21,120.76,33.86,0.01319,23,29.1,28.17,0.98681]}},"shou2":{"shou2":{"type":"mesh","hull":14,"uvs":[0.71284,0.02053,0.86381,0.08203,0.98278,0.22857,0.98386,0.47925,0.95681,0.6398,0.90294,0.74546,0.75861,0.92208,0.52722,0.97951,0.22578,0.97974,0.05577,0.71073,0.0115,0.57209,0.09297,0.22463,0.35086,0.06438,0.4565,0.02052],"triangles":[0,1,3,3,1,2,9,10,11,4,5,3,13,0,5,3,5,0,5,7,13,6,7,5,12,13,7,9,11,12,7,9,12,8,9,7],"vertices":[1,25,-21.5,9.88,1,1,25,-17.4,18.32,1,1,25,-9.5,24.36,1,1,25,2.44,22.83,1,1,25,9.87,20.24,1,1,25,14.47,16.42,1,1,25,21.76,6.86,1,1,25,22.69,-7.03,1,1,25,20.36,-24.66,1,1,25,6.24,-32.91,1,1,25,-0.7,-34.62,1,1,25,-16.6,-27.66,1,1,25,-22.22,-11.57,1,1,25,-23.49,-5.11,1]}},"shou21":{"shou21":{"type":"mesh","hull":36,"uvs":[0.38335,0.0133,0.48571,0.0397,0.56806,0.08051,0.64307,0.14109,0.68482,0.20118,0.7665,0.3187,0.81866,0.39376,0.83494,0.40822,0.76139,0.46332,0.7968,0.51453,0.83329,0.56728,0.87682,0.63023,0.90809,0.68834,0.94543,0.75774,0.98854,0.83785,0.99011,0.88404,0.97555,0.92135,0.91921,0.95605,0.87046,0.97768,0.79102,0.99332,0.72874,0.99357,0.66173,0.97283,0.60804,0.93923,0.54451,0.87379,0.4602,0.78694,0.40686,0.72859,0.33149,0.64615,0.26472,0.57058,0.16404,0.57059,0.13412,0.53877,0.07998,0.4496,0.02208,0.35423,0.00209,0.25269,0.02767,0.1318,0.08405,0.07914,0.20087,0.01332],"triangles":[34,31,32,33,34,32,35,30,31,4,5,30,8,5,6,8,6,7,34,35,31,27,29,30,35,0,1,35,2,30,1,2,35,3,30,2,27,30,5,4,30,3,8,27,5,28,29,27,26,27,8,26,8,9,26,9,10,25,26,10,25,10,11,24,25,11,12,24,11,23,24,12,13,23,12,22,23,13,14,22,13,14,15,22,15,17,22,16,17,15,18,21,22,17,18,22,19,21,18,20,21,19],"vertices":[1,24,-9.13,7.96,1,1,24,-2.4,15.63,1,1,24,5.78,20.87,1,1,24,16.53,24.54,1,1,24,26.24,25.33,1,1,24,45.23,26.87,1,1,24,57.36,27.86,1,1,24,59.88,28.59,1,1,24,65.51,19.56,1,1,24,73.78,20.22,1,1,24,82.3,20.9,1,1,24,92.47,21.71,1,1,24,101.59,21.68,1,1,24,112.49,21.64,1,1,24,125.06,21.6,1,1,24,131.63,19.54,1,1,24,136.48,16.5,1,1,24,139.73,9.94,1,1,24,141.35,4.66,1,1,24,141.23,-3.01,1,1,24,139.44,-8.45,1,1,24,134.55,-13.31,1,1,24,128.23,-16.4,1,1,24,117.13,-18.83,1,1,24,102.39,-22.06,1,1,24,92.58,-23.94,1,1,24,78.73,-26.6,1,1,24,66.1,-28.84,1,1,24,63.15,-37.62,1,1,24,57.78,-38.72,1,1,24,43.6,-39.21,1,1,24,28.43,-39.73,1,1,24,13.51,-36.66,1,1,24,-2.82,-28.69,1,1,24,-8.6,-21.27,1,1,24,-14.48,-7.96,1]}},"tianxian":{"tianxian":{"type":"mesh","hull":27,"uvs":[0.48702,0.01138,0.54143,0.03413,0.59537,0.08109,0.59473,0.23024,0.56653,0.31031,0.58788,0.39067,0.87879,0.39049,0.97028,0.42968,0.98668,0.46742,0.98722,0.5051,0.95261,0.54931,0.67273,0.66777,0.75491,0.92441,0.76465,0.96971,0.64522,0.98928,0.4866,0.991,0.42154,0.71317,0.11899,0.71284,0.02683,0.67344,0.02646,0.58404,0.11769,0.5116,0.36296,0.42769,0.34229,0.33004,0.1889,0.25387,0.18905,0.09318,0.2407,0.04104,0.31098,0.01126],"triangles":[3,1,2,1,3,0,22,26,0,3,22,0,4,22,3,25,26,22,24,25,22,23,24,22,21,22,4,21,4,5,8,10,6,8,6,7,10,8,9,11,5,6,11,6,10,17,18,19,16,17,20,17,19,20,16,21,5,16,5,11,16,20,21,14,16,11,14,11,12,14,12,13,15,16,14],"vertices":[1,49,77.55,-8.4,1,1,49,74.74,-11.91,1,1,49,69.9,-14.93,1,1,49,57.23,-12.09,1,1,49,50.88,-8.55,1,1,49,43.71,-8.59,1,1,49,39.09,-29.62,1,1,49,34.31,-35.49,1,1,49,30.84,-35.97,1,1,49,27.63,-35.3,1,1,49,24.43,-31.98,1,1,49,18.82,-9.53,1,1,49,-4.29,-10.66,1,1,49,-8.3,-10.52,1,1,49,-8.06,-1.52,1,1,49,-5.68,9.97,1,1,49,18.96,9.47,1,1,49,23.81,31.33,1,1,49,28.63,37.25,1,1,49,36.23,35.6,1,1,49,40.93,27.65,1,1,49,44.15,8.36,1,1,49,52.78,8.02,1,1,49,61.69,17.68,1,1,49,75.34,14.66,1,1,49,78.95,9.95,1,1,49,80.36,4.32,1]}},"tou":{"tou":{"type":"mesh","hull":46,"uvs":[0.70328,0.05018,0.72178,0.07738,0.79283,0.07452,0.8452,0.11897,0.92048,0.21904,0.97844,0.32445,0.99091,0.50478,0.97023,0.57237,0.93296,0.65513,0.91643,0.72167,0.99401,0.7727,0.99119,0.78087,0.95383,0.82115,0.84222,0.82088,0.82091,0.85117,0.70528,0.97623,0.6791,1,0.63997,1,0.57416,0.98297,0.31896,0.81677,0.33568,0.88356,0.35972,0.92386,0.29239,0.9239,0.24081,0.86784,0.22709,0.84519,0.14124,0.87691,0.12943,0.86691,0.17566,0.75679,0.14867,0.7274,0.06618,0.69434,0.06679,0.66363,0.11932,0.63793,0.11079,0.60789,0.03352,0.52513,0.00149,0.42258,0.0926,0.40741,0.05474,0.34596,0.0446,0.31029,0.04616,0.28364,0.13353,0.3003,0.16403,0.26701,0.23859,0.1564,0.3116,0.07778,0.38585,0.04616,0.48473,0.01605,0.64683,0.00219],"triangles":[37,38,39,36,37,39,35,36,39,33,34,35,7,4,5,7,5,6,40,32,35,33,35,32,40,31,32,7,1,4,7,8,1,4,1,3,35,39,40,27,28,31,29,30,31,28,29,31,44,45,0,1,43,44,43,41,42,0,1,44,1,41,43,40,19,31,19,27,31,11,9,10,19,41,1,19,40,41,1,2,3,8,13,19,19,1,8,9,13,8,12,9,11,13,9,12,24,27,19,14,19,13,26,27,24,23,24,19,25,26,24,23,19,20,22,23,20,22,20,21,19,14,18,14,15,18,17,18,15,16,17,15],"vertices":[171.51,-46.85,165.81,-51.74,167.81,-68.62,158.93,-81.89,138.12,-101.6,115.79,-117.29,75.95,-123.48,60.53,-119.75,41.42,-112.35,26.32,-109.6,16.45,-128.99,14.58,-128.46,4.92,-120.28,2.84,-93.69,-4.3,-89.15,-34.31,-63.83,-40.09,-58.02,-40.84,-48.7,-38.31,-32.72,-6.24,31.04,-20.77,25.87,-29.27,19.42,-30.56,35.46,-19.08,48.75,-14.31,52.42,-23,72.31,-21.01,75.3,4.36,66.25,10.37,73.21,16.15,93.45,22.99,93.85,29.7,81.79,36.22,84.36,53.13,104.25,75.32,113.7,80.43,92.27,93.37,102.38,101.1,105.43,107.06,105.54,105.02,84.43,113.01,77.75,139.02,61.96,157.89,45.97,166.33,28.85,174.92,5.83,181.1,-32.55]}},"toufa":{"toufa":{"type":"mesh","hull":38,"uvs":[0.38076,0.00895,0.35253,0.07006,0.36826,0.14866,0.3942,0.21927,0.43616,0.27887,0.49301,0.35963,0.57572,0.43804,0.62922,0.48877,0.72118,0.55251,0.78973,0.60003,0.90255,0.65363,0.90157,0.74455,0.8308,0.794,0.74985,0.85058,0.55124,0.92659,0.37993,0.92708,0.34125,0.9188,0.39722,0.8898,0.4275,0.84565,0.46412,0.79224,0.42192,0.74975,0.36846,0.69592,0.15073,0.74016,0.03316,0.74025,0.02258,0.72773,0.12687,0.68623,0.19634,0.62057,0.20537,0.59995,0.21233,0.54646,0.20438,0.51528,0.17678,0.45271,0.15677,0.40735,0.1412,0.35031,0.12654,0.29659,0.1266,0.187,0.14252,0.09617,0.1493,0.05746,0.22009,0.02027],"triangles":[11,9,10,20,21,9,9,12,20,12,19,20,9,11,12,13,19,12,18,19,13,14,18,13,17,18,14,15,16,17,15,17,14,29,30,6,7,28,29,7,29,6,7,27,28,21,7,8,21,8,9,21,27,7,26,27,21,25,26,21,22,25,21,24,25,22,23,24,22,3,33,34,4,33,3,4,32,33,32,4,5,31,32,5,30,31,5,30,5,6,1,37,0,36,37,1,35,36,1,35,1,2,34,35,2,34,2,3],"vertices":[1,43,3.94,20.37,1,1,43,12.04,15.64,1,2,43,23.6,13.06,0.9594,44,-9.86,13.06,0.0406,2,43,34.24,11.54,0.44065,44,0.78,11.54,0.55935,2,43,43.66,11.62,0.02452,44,10.2,11.62,0.97548,2,44,22.97,11.72,0.96156,45,-10.49,11.72,0.03844,2,44,35.97,13.67,0.30016,45,2.51,13.67,0.69984,3,44,44.38,14.94,0.03021,45,10.92,14.94,0.95813,46,-22.53,14.94,0.01166,2,45,22.03,18.2,0.81254,46,-11.42,18.2,0.18746,2,45,30.32,20.62,0.4772,46,-3.14,20.62,0.5228,2,45,40.44,25.76,0.16058,46,6.98,25.76,0.83942,2,45,53.39,21.49,0.0213,46,19.93,21.49,0.9787,2,45,58.89,14.42,0.00039,46,25.43,14.42,0.99961,1,46,31.73,6.33,1,1,46,38.22,-10.6,1,1,46,34.54,-22.19,1,1,46,32.51,-24.42,1,1,46,29.6,-19.3,1,1,46,23.96,-15.21,1,1,46,17.15,-10.26,1,2,45,43.62,-11.15,0.04073,46,10.16,-11.15,0.95927,2,45,34.77,-12.26,0.59264,46,1.31,-12.26,0.40736,2,45,36.31,-29.02,0.98491,46,2.85,-29.02,0.01509,1,45,33.74,-36.96,1,1,45,31.72,-37.1,1,2,45,28.09,-28.13,0.97955,46,-5.37,-28.13,0.02045,2,45,20.24,-20.4,0.98157,46,-13.22,-20.4,0.01843,3,44,50.96,-18.84,0.00049,45,17.5,-18.84,0.99224,46,-15.96,-18.84,0.00726,2,44,43.48,-15.89,0.04634,45,10.02,-15.89,0.95366,2,44,38.85,-14.98,0.17983,45,5.4,-14.98,0.82017,2,44,29.32,-13.95,0.71511,45,-4.13,-13.95,0.28489,2,44,22.41,-13.2,0.95588,45,-11.05,-13.2,0.04412,1,44,13.93,-11.61,1,2,43,39.4,-10.11,0.03725,44,5.95,-10.11,0.96275,2,43,23.77,-5.03,0.99997,44,-9.69,-5.03,0.00003,1,43,11.16,0.25,1,1,43,5.78,2.5,1,1,43,2.03,9,1]}},"xiaotui":{"xiaotui":{"type":"mesh","hull":39,"uvs":[0.18083,0.0079,0.22286,0.00768,0.28931,0.02748,0.33867,0.07233,0.35866,0.1241,0.37726,0.17226,0.40298,0.2887,0.42905,0.40673,0.44967,0.50008,0.48063,0.64023,0.50865,0.72196,0.57598,0.78445,0.71256,0.8027,0.75146,0.80473,0.9042,0.79797,0.96234,0.81457,0.98697,0.84467,0.98695,0.88478,0.83991,0.92913,0.66617,0.94408,0.62656,0.95288,0.48254,0.99103,0.44096,0.99606,0.37401,0.99607,0.3348,0.98807,0.29547,0.95532,0.26609,0.86301,0.24733,0.80409,0.22216,0.72498,0.22346,0.70704,0.1652,0.61789,0.10564,0.52673,0.04737,0.43755,0.00674,0.34141,0.00638,0.2876,0.00583,0.20488,0.03771,0.0899,0.06501,0.05611,0.12448,0.01999],"triangles":[15,16,14,18,13,14,16,18,14,17,18,16,19,11,12,11,21,26,19,12,13,19,13,18,19,20,11,24,25,23,21,11,20,21,22,25,22,23,25,4,34,35,0,1,2,38,0,2,3,37,38,3,38,2,36,37,3,34,5,33,36,3,4,36,4,35,33,6,32,4,5,34,6,33,5,32,6,7,31,32,7,31,7,8,30,31,8,30,8,9,29,30,9,29,9,10,28,29,10,27,28,10,11,26,27,11,27,10,21,25,26],"vertices":[1,10,-18.76,0.07,1,1,10,-17.81,6.39,1,1,10,-11.33,15.59,1,1,10,0.96,21.24,1,1,10,14.27,22.21,1,1,10,26.66,23.11,1,1,10,56.14,22.4,1,1,10,86.02,21.68,1,1,10,109.65,21.11,1,2,10,145.13,20.26,0.99956,12,21.21,62.5,0.00044,2,10,166.06,21.26,0.91541,12,21.9,41.56,0.08459,2,10,183.15,28.92,0.41518,12,29.29,24.35,0.58482,2,10,190.92,48.71,0.0213,12,48.96,16.28,0.9787,2,10,192.35,54.47,0.00443,12,54.7,14.77,0.99557,1,12,77.86,12.46,1,1,12,85.85,6.84,1,1,12,88.25,-1.24,1,1,12,86.52,-11.16,1,1,12,62.59,-18.3,1,1,12,35.93,-17.47,1,1,12,29.62,-18.62,1,2,10,232.14,6.78,0.00833,12,6.41,-24.3,0.99167,2,10,232.4,0.34,0.05514,12,-0.03,-24.46,0.94486,2,10,230.81,-9.71,0.2122,12,-10.06,-22.72,0.7878,2,10,227.9,-15.28,0.31416,12,-15.58,-19.72,0.68584,2,10,218.84,-19.9,0.54388,12,-20.07,-10.6,0.45612,2,10,195.26,-20.69,0.99811,12,-20.5,13,0.00189,1,10,180.21,-21.19,1,1,10,160,-21.87,1,1,10,155.58,-20.97,1,1,10,132.1,-26.22,1,1,10,108.08,-31.58,1,1,10,84.59,-36.83,1,1,10,59.79,-39.16,1,1,10,46.44,-37.1,1,1,10,25.92,-33.94,1,1,10,-1.83,-24.64,1,1,10,-9.56,-19.21,1,1,10,-17.1,-8.86,1]}},"xiaotui2":{"xiaotui2":{"type":"mesh","hull":47,"uvs":[0.2338,0.00791,0.29516,0.02966,0.33422,0.06397,0.36915,0.12332,0.39673,0.24203,0.41798,0.33345,0.43827,0.4208,0.45802,0.5058,0.47136,0.56603,0.47994,0.6048,0.49703,0.68196,0.50902,0.70926,0.55582,0.7727,0.60039,0.80875,0.68509,0.82943,0.73644,0.84196,0.77587,0.84891,0.8429,0.85887,0.93545,0.87262,0.97513,0.88958,0.98865,0.92992,0.98652,0.95571,0.91168,0.97493,0.812,0.9865,0.71896,0.98091,0.64006,0.97617,0.60871,0.9765,0.53957,0.98349,0.44771,0.99279,0.35782,0.99173,0.29719,0.97338,0.26622,0.93549,0.26654,0.90527,0.27265,0.86689,0.23959,0.7684,0.21372,0.69131,0.2112,0.68238,0.15922,0.60462,0.09625,0.51043,0.05606,0.4503,0.00688,0.3471,0.0064,0.24849,0.00605,0.1779,0.03642,0.08475,0.06679,0.05507,0.12637,0.02384,0.187,0.00783],"triangles":[19,20,18,22,17,18,20,22,18,21,22,20,14,26,13,25,14,15,26,14,25,24,25,15,24,15,16,23,24,16,17,23,16,26,27,32,22,23,17,27,28,32,3,41,42,1,45,46,1,46,0,41,4,40,2,44,45,2,45,1,43,44,2,43,2,3,43,3,42,40,5,39,3,4,41,5,40,4,39,5,6,38,39,6,38,6,7,37,38,7,37,7,8,37,8,9,36,37,9,36,9,10,35,36,10,34,35,10,34,10,11,12,33,34,12,34,11,32,33,26,13,33,12,32,29,31,30,31,29,33,13,26,32,28,29],"vertices":[1,14,-41.98,2.55,1,1,14,-35.35,10.95,1,1,14,-26.04,15.63,1,1,14,-10.59,18.86,1,1,14,19.49,19.04,1,1,14,42.66,19.18,1,1,14,64.79,19.31,1,1,14,86.33,19.44,1,1,14,101.58,19.43,1,1,14,111.4,19.43,1,2,14,130.94,19.42,0.99789,16,13.26,64,0.00211,2,14,137.96,20.3,0.98618,16,14.66,57.06,0.01382,2,14,154.67,25.16,0.82315,16,20.74,40.75,0.17685,2,14,164.52,30.6,0.50652,16,26.89,31.33,0.49348,2,14,171.34,42.51,0.15963,16,39.27,25.42,0.84037,2,14,175.47,49.73,0.05862,16,46.78,21.83,0.94138,2,14,177.98,55.36,0.02175,16,52.58,19.74,0.97825,2,14,181.78,65,0.00168,16,62.47,16.66,0.99832,1,16,76.13,12.41,1,1,16,81.83,7.82,1,1,16,83.26,-2.41,1,1,16,82.57,-8.85,1,1,16,71.08,-13.02,1,1,16,55.99,-15.05,1,1,16,42.14,-12.84,1,1,16,30.39,-10.96,1,1,16,25.69,-10.77,1,1,16,15.24,-11.92,1,2,14,207.3,1.82,0.06436,16,1.35,-13.45,0.93564,2,14,205.26,-11.52,0.7678,16,-12.1,-12.41,0.2322,2,14,199.5,-19.92,0.98585,16,-20.91,-7.28,0.01415,1,14,189.46,-23.28,1,1,14,181.95,-22.23,1,1,14,172.52,-20.06,1,1,14,147.36,-21.72,1,1,14,127.67,-23.02,1,1,14,125.4,-23.1,1,1,14,105.02,-28.26,1,1,14,80.34,-34.51,1,1,14,64.59,-38.5,1,1,14,37.94,-42.4,1,1,14,13.39,-39.22,1,1,14,-4.18,-36.94,1,1,14,-26.75,-29.34,1,1,14,-33.54,-23.85,1,1,14,-40.13,-13.95,1,1,14,-42.92,-4.41,1]}},"yanjing":{"biyan":{"type":"mesh","hull":4,"uvs":[1,1,0,1,0,0,1,0],"triangles":[1,2,3,1,3,0],"vertices":[-15.89,-43.61,-23.96,57.06,-1.03,58.9,7.04,-41.77]},"yanjing":{"type":"mesh","hull":4,"uvs":[1,1,0,1,0,0,1,0],"triangles":[1,2,3,1,3,0],"vertices":[-16.8,-44.69,-25.75,66.95,22.09,70.79,31.04,-40.85]}},"yanjing2":{"yanjing1":{"type":"mesh","hull":4,"uvs":[1,1,0,1,0,0,1,0],"triangles":[1,2,3,1,3,0],"vertices":[-20.81,-44.01,-29.6,65.64,21.23,69.72,30.03,-39.93]}},"zui":{"zui":{"type":"mesh","hull":4,"uvs":[1,1,0,1,0,0,1,0],"triangles":[1,2,3,1,3,0],"vertices":[-10.55,-17,-13.35,17.89,7.59,19.57,10.38,-15.32]},"zui2":{"type":"mesh","hull":4,"uvs":[1,1,0,1,0,0,1,0],"triangles":[1,2,3,1,3,0],"vertices":[-13.38,-19.23,-16.34,17.65,4.59,19.33,7.55,-17.55]}}}}],"events":{"dazhao":{},"gongji":{}},"animations":{"daiji":{"slots":{"yanjing":{"attachment":[{"time":0.8,"name":"biyan"},{"time":0.8667,"name":"yanjing"},{"time":1.1333,"name":"biyan"},{"time":1.2,"name":"yanjing"}]}},"bones":{"bone2":{"rotate":[{"curve":0.25,"c3":0.75},{"time":0.8,"angle":1.21,"curve":0.25,"c3":0.75},{"time":1.8333}]},"bone4":{"translate":[{"curve":0.26,"c3":0.618,"c4":0.44},{"time":0.8,"x":9.79,"y":-1.56,"curve":0.25,"c3":0.75},{"time":1.8333}]},"bone5":{"rotate":[{"curve":0.25,"c3":0.75},{"time":0.8,"angle":2.77,"curve":0.25,"c3":0.75},{"time":1.8333}]},"bone7":{"rotate":[{"angle":0.28,"curve":0.379,"c2":0.6,"c3":0.723},{"time":0.2333,"curve":0.25,"c3":0.75},{"time":1.0667,"angle":1.62,"curve":0.242,"c3":0.669,"c4":0.68},{"time":1.8333,"angle":0.28}]},"bone9":{"rotate":[{"angle":-0.41}]},"bone10":{"rotate":[{"angle":-0.26}]},"bone12":{"rotate":[{"angle":-0.57}]},"bone13":{"rotate":[{"angle":0.06}]},"bone15":{"translate":[{"time":0.6,"curve":0.36,"c2":0.5,"c3":0.696,"c4":0.86},{"time":0.7333,"x":-7.2,"y":0.06,"curve":"stepped"},{"time":0.8,"x":-14.4,"y":0.15,"curve":"stepped"},{"time":0.8667,"x":-7.2,"y":0.06,"curve":0.346,"c2":0.66,"c3":0.68},{"time":0.9667,"curve":0.36,"c2":0.5,"c3":0.696,"c4":0.86},{"time":1.0667,"x":-7.2,"y":0.06,"curve":"stepped"},{"time":1.1333,"x":-14.4,"y":0.15,"curve":"stepped"},{"time":1.2,"x":-7.2,"y":0.06,"curve":0.346,"c2":0.66,"c3":0.68},{"time":1.3333}]},"bone16":{"scale":[{"time":0.6,"curve":0.248,"c3":0.733,"c4":0.92},{"time":0.7333,"x":0.725,"curve":"stepped"},{"time":0.8,"curve":"stepped"},{"time":0.8667,"x":0.725,"curve":0.346,"c2":0.66,"c3":0.68},{"time":0.9667,"curve":0.248,"c3":0.733,"c4":0.92},{"time":1.0667,"x":0.725,"curve":"stepped"},{"time":1.1333,"curve":"stepped"},{"time":1.2,"x":0.725,"curve":0.346,"c2":0.66,"c3":0.68},{"time":1.3333}]},"bone19":{"rotate":[{"angle":0.17}]},"bone20":{"rotate":[{"angle":0.81}]},"bone22":{"rotate":[{"curve":0.25,"c3":0.75},{"time":0.8,"angle":-1.18,"curve":0.25,"c3":0.75},{"time":1.8333}]},"bone25":{"rotate":[{"angle":0.24,"curve":0.364,"c2":0.64,"c3":0.7},{"time":0.1333,"curve":0.25,"c3":0.75},{"time":0.9333,"angle":4.02,"curve":0.244,"c3":0.704,"c4":0.81},{"time":1.8333,"angle":0.24}]},"bone26":{"rotate":[{"angle":1.07,"curve":0.382,"c2":0.58,"c3":0.734},{"time":0.3333,"curve":0.25,"c3":0.75},{"time":1.1333,"angle":4.02,"curve":0.243,"c3":0.651,"c4":0.61},{"time":1.8333,"angle":1.07}]},"bone27":{"rotate":[{"angle":1.48,"curve":0.381,"c2":0.55,"c3":0.742},{"time":0.4,"curve":0.25,"c3":0.75},{"time":1.2,"angle":4.02,"curve":0.245,"c3":0.637,"c4":0.56},{"time":1.8333,"angle":1.48}]},"bone28":{"rotate":[{"angle":2.33,"curve":0.368,"c2":0.47,"c3":0.753},{"time":0.5667,"curve":0.25,"c3":0.75},{"time":1.3667,"angle":4.02,"curve":0.254,"c3":0.62,"c4":0.47},{"time":1.8333,"angle":2.33}]},"bone30":{"rotate":[{"angle":0.17,"curve":0.355,"c2":0.65,"c3":0.69},{"time":0.0667,"curve":0.25,"c3":0.75},{"time":0.9,"angle":6.28,"curve":0.246,"c3":0.718,"c4":0.86},{"time":1.8333,"angle":0.17}]},"bone31":{"rotate":[{"angle":0.57,"curve":0.37,"c2":0.63,"c3":0.708},{"time":0.1667,"curve":0.25,"c3":0.75},{"time":0.9667,"angle":6.28,"curve":0.243,"c3":0.691,"c4":0.76},{"time":1.8333,"angle":0.57}]},"bone32":{"rotate":[{"angle":1.68,"curve":0.382,"c2":0.58,"c3":0.734},{"time":0.3333,"curve":0.25,"c3":0.75},{"time":1.1333,"angle":6.28,"curve":0.243,"c3":0.651,"c4":0.61},{"time":1.8333,"angle":1.68}]},"bone33":{"rotate":[{"angle":2.31,"curve":0.381,"c2":0.55,"c3":0.742},{"time":0.4,"curve":0.25,"c3":0.75},{"time":1.2,"angle":6.28,"curve":0.245,"c3":0.637,"c4":0.56},{"time":1.8333,"angle":2.31}]},"bone34":{"rotate":[{"curve":0.25,"c3":0.75},{"time":0.8,"angle":3.61,"curve":0.25,"c3":0.75},{"time":1.8333}]},"bone34b":{"rotate":[{"angle":-6.2,"curve":0.355,"c2":0.65,"c3":0.69},{"time":0.0667,"angle":-6.48,"curve":0.25,"c3":0.75},{"time":0.9,"angle":3.61,"curve":0.246,"c3":0.718,"c4":0.86},{"time":1.8333,"angle":-6.2}]},"bone34c":{"rotate":[{"angle":0.33,"curve":0.37,"c2":0.63,"c3":0.708},{"time":0.1667,"curve":0.25,"c3":0.75},{"time":0.9667,"angle":3.61,"curve":0.243,"c3":0.691,"c4":0.76},{"time":1.8333,"angle":0.33}]},"bone34d":{"rotate":[{"angle":0.96,"curve":0.382,"c2":0.58,"c3":0.734},{"time":0.3333,"curve":0.25,"c3":0.75},{"time":1.1333,"angle":3.61,"curve":0.243,"c3":0.651,"c4":0.61},{"time":1.8333,"angle":0.96}]},"bone34d2":{"rotate":[{"angle":1.33,"curve":0.381,"c2":0.55,"c3":0.742},{"time":0.4,"curve":0.25,"c3":0.75},{"time":1.2,"angle":3.61,"curve":0.245,"c3":0.637,"c4":0.56},{"time":1.8333,"angle":1.33}]},"bone34d3":{"rotate":[{"angle":1.71,"curve":0.377,"c2":0.51,"c3":0.749},{"time":0.5,"curve":0.25,"c3":0.75},{"time":1.3,"angle":3.61,"curve":0.249,"c3":0.627,"c4":0.51},{"time":1.8333,"angle":1.71}]},"bone34d4":{"rotate":[{"angle":2.09,"curve":0.368,"c2":0.47,"c3":0.753},{"time":0.5667,"curve":0.25,"c3":0.75},{"time":1.3667,"angle":3.61,"curve":0.254,"c3":0.62,"c4":0.47},{"time":1.8333,"angle":2.09}]},"bone35":{"rotate":[{"angle":-9.72,"curve":0.25,"c3":0.75},{"time":0.8,"angle":6.21,"curve":0.25,"c3":0.75},{"time":1.8333,"angle":-9.72}]},"bone35b":{"rotate":[{"angle":0.57,"curve":0.37,"c2":0.63,"c3":0.708},{"time":0.1667,"curve":0.25,"c3":0.75},{"time":0.9667,"angle":6.21,"curve":0.243,"c3":0.691,"c4":0.76},{"time":1.8333,"angle":0.57}]},"bone35c":{"rotate":[{"angle":1.66,"curve":0.382,"c2":0.58,"c3":0.734},{"time":0.3333,"curve":0.25,"c3":0.75},{"time":1.1333,"angle":6.21,"curve":0.243,"c3":0.651,"c4":0.61},{"time":1.8333,"angle":1.66}]},"bone35d":{"rotate":[{"angle":2.28,"curve":0.381,"c2":0.55,"c3":0.742},{"time":0.4,"curve":0.25,"c3":0.75},{"time":1.2,"angle":6.21,"curve":0.245,"c3":0.637,"c4":0.56},{"time":1.8333,"angle":2.28}]},"bone37":{"rotate":[{"angle":0.53,"curve":0.364,"c2":0.64,"c3":0.7},{"time":0.1333,"curve":0.25,"c3":0.75},{"time":0.9333,"angle":9.1,"curve":0.244,"c3":0.704,"c4":0.81},{"time":1.8333,"angle":0.53}]}}},"dazhao":{"slots":{"Glow05":{"color":[{"time":0.3667,"color":"00d8ffcd"},{"time":0.5,"color":"00d7ff00"}],"attachment":[{"time":0.2333,"name":"Glow05"},{"time":0.5333,"name":null}]},"Glow5":{"color":[{"time":0.3333,"color":"00d7ffff"},{"time":0.5,"color":"00d7ff00"}],"attachment":[{"time":0.3,"name":"Glow05"},{"time":0.5,"name":null}]},"Glow6":{"color":[{"time":0.7333,"color":"00d8ffcd"},{"time":0.8667,"color":"00d7ff00"}],"attachment":[{"time":0.6,"name":"Glow05"},{"time":0.9,"name":null}]},"Glow7":{"color":[{"time":0.7,"color":"00d7ffff"},{"time":0.8667,"color":"00d7ff00"}],"attachment":[{"time":0.6667,"name":"Glow05"},{"time":0.8667,"name":null}]},"yanjing2":{"color":[{"time":0.2333,"color":"ffffff56"},{"time":0.2667,"color":"ffffffff","curve":"stepped"},{"time":0.4,"color":"ffffffff"},{"time":0.4667,"color":"ffffff56","curve":"stepped"},{"time":0.6,"color":"ffffff56"},{"time":0.6333,"color":"ffffffff","curve":"stepped"},{"time":0.7667,"color":"ffffffff"},{"time":0.8333,"color":"ffffff56"}],"attachment":[{"time":0.2333,"name":"yanjing1"},{"time":0.5,"name":null},{"time":0.6,"name":"yanjing1"},{"time":0.8667,"name":null}]},"zui":{"attachment":[{"name":"zui"}]}},"bones":{"bone3":{"rotate":[{"curve":0.25,"c3":0.75},{"time":0.1667,"angle":-2.45,"curve":0.366,"c4":0.78},{"time":0.2667,"angle":-0.61,"curve":0.339,"c2":0.61,"c3":0.75},{"time":0.4,"angle":1.72,"curve":0.333,"c2":0.33,"c3":0.758},{"time":0.5333,"angle":-2.45,"curve":0.366,"c4":0.78},{"time":0.6333,"angle":-0.61,"curve":0.339,"c2":0.61,"c3":0.75},{"time":0.7667,"angle":1.72,"curve":0.333,"c2":0.33,"c3":0.758},{"time":1.0333}]},"bone4":{"rotate":[{"curve":0.25,"c3":0.75},{"time":0.1667,"angle":-2.44,"curve":0.366,"c4":0.78},{"time":0.2667,"angle":0.97,"curve":0.339,"c2":0.61,"c3":0.75},{"time":0.4,"angle":4.89,"curve":0.333,"c2":0.33,"c3":0.758},{"time":0.5333,"angle":-2.44,"curve":0.366,"c4":0.78},{"time":0.6333,"angle":0.97,"curve":0.339,"c2":0.61,"c3":0.75},{"time":0.7667,"angle":4.89,"curve":0.333,"c2":0.33,"c3":0.758},{"time":1.0333}],"translate":[{"curve":0.25,"c3":0.75},{"time":0.1667,"x":-8.44,"y":1.81,"curve":0.366,"c4":0.78},{"time":0.2667,"x":-0.32,"y":11.3,"curve":0.339,"c2":0.61,"c3":0.75},{"time":0.4,"x":8.9,"y":13.85,"curve":0.333,"c2":0.33,"c3":0.758},{"time":0.5333,"x":-8.44,"y":1.81,"curve":0.366,"c4":0.78},{"time":0.6333,"x":-0.32,"y":11.3,"curve":0.339,"c2":0.61,"c3":0.75},{"time":0.7667,"x":8.9,"y":13.85,"curve":0.333,"c2":0.33,"c3":0.758},{"time":1.0333}]},"bone5":{"rotate":[{"curve":0.25,"c3":0.75},{"time":0.1667,"angle":-2.03,"curve":0.366,"c4":0.78},{"time":0.2667,"angle":0.29,"curve":0.339,"c2":0.61,"c3":0.75},{"time":0.4,"angle":3.02,"curve":0.333,"c2":0.33,"c3":0.758},{"time":0.5333,"angle":-2.03,"curve":0.366,"c4":0.78},{"time":0.6333,"angle":0.29,"curve":0.339,"c2":0.61,"c3":0.75},{"time":0.7667,"angle":3.02,"curve":0.333,"c2":0.33,"c3":0.758},{"time":1.0333}],"translate":[{"curve":0.25,"c3":0.75},{"time":0.1667,"x":-12.56,"y":-0.96,"curve":0.366,"c4":0.78},{"time":0.2667,"x":-1.62,"y":-0.48,"curve":0.339,"c2":0.61,"c3":0.75},{"time":0.4,"x":3.68,"y":-0.44,"curve":0.333,"c2":0.33,"c3":0.758},{"time":0.5333,"x":-12.56,"y":-0.96,"curve":0.366,"c4":0.78},{"time":0.6333,"x":-1.62,"y":-0.48,"curve":0.339,"c2":0.61,"c3":0.75},{"time":0.7667,"x":3.68,"y":-0.44,"curve":0.333,"c2":0.33,"c3":0.758},{"time":1.0333}]},"bone6":{"rotate":[{"time":0.1667,"curve":0.366,"c4":0.78},{"time":0.2667,"angle":1.09,"curve":0.339,"c2":0.61,"c3":0.75},{"time":0.4,"angle":2.43,"curve":0.321,"c2":0.29,"c3":0.657,"c4":0.63},{"time":0.5333,"curve":0.366,"c4":0.78},{"time":0.6333,"angle":1.09,"curve":0.339,"c2":0.61,"c3":0.75},{"time":0.7667,"angle":2.43,"curve":0.321,"c2":0.29,"c3":0.657,"c4":0.63},{"time":1.0333}]},"bone7":{"rotate":[{"angle":0.28,"curve":0.379,"c2":0.6,"c3":0.723},{"time":0.1667,"angle":-5,"curve":0.366,"c4":0.78},{"time":0.2667,"angle":0.28,"curve":"stepped"},{"time":0.4,"angle":0.28,"curve":0.333,"c2":0.33,"c3":0.758},{"time":0.5333,"angle":4.62,"curve":0.366,"c4":0.78},{"time":0.6333,"angle":0.28}]},"bone8":{"rotate":[{"curve":0.381,"c2":0.55,"c3":0.742},{"time":0.1667,"angle":-2.68,"curve":0.289,"c3":0.649,"c4":0.41},{"time":0.2667,"angle":5.74,"curve":0.339,"c2":0.61,"c3":0.75},{"time":0.4,"angle":8.17,"curve":0.321,"c2":0.29,"c3":0.657,"c4":0.63},{"time":0.5333,"angle":6.58,"curve":0.289,"c3":0.649,"c4":0.41},{"time":0.6333,"angle":5.74,"curve":0.339,"c2":0.61,"c3":0.75},{"time":0.7667,"angle":8.17,"curve":0.321,"c2":0.29,"c3":0.657,"c4":0.63},{"time":1.0333}],"translate":[{"curve":0.381,"c2":0.55,"c3":0.742},{"time":0.1667,"x":-3.41,"y":-1.1,"curve":0.366,"c4":0.78},{"time":0.2667,"x":-0.5,"y":0.5,"curve":0.339,"c2":0.61,"c3":0.75},{"time":0.4,"x":3.08,"y":2.32,"curve":0.333,"c2":0.33,"c3":0.758},{"time":0.5333,"x":-3.41,"y":-1.1,"curve":0.366,"c4":0.78},{"time":0.6333,"x":-0.5,"y":0.5,"curve":0.339,"c2":0.61,"c3":0.75},{"time":0.7667,"x":3.08,"y":2.32,"curve":0.333,"c2":0.33,"c3":0.758},{"time":1.0333}]},"bone9":{"rotate":[{"angle":-0.41}]},"bone10":{"rotate":[{"angle":-0.26}]},"bone12":{"rotate":[{"angle":-0.57}]},"bone13":{"rotate":[{"angle":0.06}]},"bone19":{"rotate":[{"angle":0.17,"curve":0.25,"c3":0.75},{"time":0.1667,"angle":-0.3,"curve":0.366,"c4":0.78},{"time":0.2667,"angle":0.71,"curve":0.339,"c2":0.61,"c3":0.75},{"time":0.4,"angle":4.53,"curve":0.333,"c2":0.33,"c3":0.758},{"time":0.5333,"angle":-0.3,"curve":0.366,"c4":0.78},{"time":0.6333,"angle":0.71,"curve":0.339,"c2":0.61,"c3":0.75},{"time":0.7667,"angle":4.53,"curve":0.333,"c2":0.33,"c3":0.758},{"time":1.0333,"angle":0.17}]},"bone20":{"rotate":[{"angle":0.81,"curve":0.25,"c3":0.75},{"time":0.1667,"angle":17.92,"curve":0.366,"c4":0.78},{"time":0.2667,"angle":-0.22,"curve":0.339,"c2":0.61,"c3":0.75},{"time":0.4,"angle":-28.13,"curve":0.333,"c2":0.33,"c3":0.758},{"time":0.5333,"angle":17.92,"curve":0.366,"c4":0.78},{"time":0.6333,"angle":-0.22,"curve":0.339,"c2":0.61,"c3":0.75},{"time":0.7667,"angle":-28.13,"curve":0.333,"c2":0.33,"c3":0.758},{"time":1.0333,"angle":0.81}]},"bone24":{"rotate":[{"curve":0.25,"c3":0.75},{"time":0.1667,"angle":-3.89,"curve":0.366,"c4":0.78},{"time":0.2667,"angle":-0.97,"curve":0.339,"c2":0.61,"c3":0.75},{"time":0.4,"curve":0.333,"c2":0.33,"c3":0.758},{"time":0.5333,"angle":-1.63,"curve":0.366,"c4":0.78},{"time":0.6333,"angle":-0.97,"curve":0.339,"c2":0.61,"c3":0.75},{"time":0.7667}]},"bone25":{"rotate":[{"angle":0.24,"curve":0.364,"c2":0.64,"c3":0.7},{"time":0.1667,"angle":-3.5,"curve":0.371,"c2":0.62,"c3":0.71},{"time":0.2667,"angle":7.11,"curve":0.269,"c2":0.58,"c3":0.745},{"time":0.4,"angle":9.14,"curve":0.289,"c2":0.18,"c3":0.711,"c4":0.82},{"time":0.5333,"angle":-5.37,"curve":0.371,"c2":0.62,"c3":0.71},{"time":0.6333,"angle":7.11,"curve":0.269,"c2":0.58,"c3":0.745},{"time":0.7667,"angle":9.14,"curve":0.289,"c2":0.18,"c3":0.711,"c4":0.82},{"time":1.0333,"angle":0.24}]},"bone26":{"rotate":[{"angle":1.07,"curve":0.382,"c2":0.58,"c3":0.734},{"time":0.1667,"angle":-2.01,"curve":0.375,"c2":0.5,"c3":0.75},{"time":0.2667,"angle":8.07,"curve":0.604,"c2":0.41,"c4":0.79},{"time":0.4,"angle":10.5,"curve":0.375,"c2":0.65,"c3":0.718},{"time":0.5333,"angle":-3.87,"curve":0.375,"c2":0.5,"c3":0.75},{"time":0.6333,"angle":8.07,"curve":0.604,"c2":0.41,"c4":0.79},{"time":0.7667,"angle":10.5,"curve":0.375,"c2":0.65,"c3":0.718},{"time":1.0333,"angle":1.07}]},"bone27":{"rotate":[{"angle":1.48,"curve":0.381,"c2":0.55,"c3":0.742},{"time":0.1667,"angle":-0.79,"curve":0.243,"c3":0.689,"c4":0.75},{"time":0.2667,"angle":0.01,"curve":0.371,"c2":0.62,"c3":0.71},{"time":0.4,"angle":9.81,"curve":0.269,"c2":0.58,"c3":0.745},{"time":0.5333,"angle":-2.65,"curve":0.243,"c3":0.689,"c4":0.75},{"time":0.6333,"angle":0.01,"curve":0.371,"c2":0.62,"c3":0.71},{"time":0.7667,"angle":9.81,"curve":0.269,"c2":0.58,"c3":0.745},{"time":1.0333,"angle":1.48}]},"bone28":{"rotate":[{"angle":2.33,"curve":0.368,"c2":0.47,"c3":0.753},{"time":0.1667,"angle":3.27,"curve":0.382,"c2":0.56,"c3":0.74},{"time":0.2667,"angle":2.06,"curve":0.351,"c2":0.4,"c3":0.757},{"time":0.4,"angle":2.01,"curve":0.513,"c2":0.31,"c4":0.81},{"time":0.5333,"angle":1.4,"curve":0.382,"c2":0.56,"c3":0.74},{"time":0.6333,"angle":2.06,"curve":0.351,"c2":0.4,"c3":0.757},{"time":0.7667,"angle":2.01,"curve":0.513,"c2":0.31,"c4":0.81},{"time":1.0333,"angle":2.33}]},"bone29":{"rotate":[{"curve":0.25,"c3":0.75},{"time":0.1667,"angle":1.03,"curve":0.366,"c4":0.78},{"time":0.2667,"angle":0.61,"curve":0.339,"c2":0.61,"c3":0.75},{"time":0.4,"curve":0.333,"c2":0.33,"c3":0.758},{"time":0.5333,"angle":1.03,"curve":0.366,"c4":0.78},{"time":0.6333,"angle":0.61,"curve":0.339,"c2":0.61,"c3":0.75},{"time":0.7667}]},"bone30":{"rotate":[{"angle":0.17,"curve":0.355,"c2":0.65,"c3":0.69},{"time":0.1667,"angle":5.72,"curve":0.366,"c4":0.78},{"time":0.2667,"angle":3.09,"curve":0.339,"c2":0.61,"c3":0.75},{"time":0.4,"angle":4.83,"curve":0.333,"c2":0.33,"c3":0.758},{"time":0.5333,"angle":5.78,"curve":0.366,"c4":0.78},{"time":0.6333,"angle":3.09,"curve":0.339,"c2":0.61,"c3":0.75},{"time":0.7667,"angle":4.83,"curve":0.333,"c2":0.33,"c3":0.758},{"time":1.0333,"angle":0.17}]},"bone31":{"rotate":[{"angle":0.57,"curve":0.37,"c2":0.63,"c3":0.708},{"time":0.1667,"angle":5.38,"curve":0.351,"c2":0.4,"c3":0.757},{"time":0.2667,"angle":4.65,"curve":0.513,"c2":0.31,"c4":0.81},{"time":0.4,"angle":6.13,"curve":0.373,"c2":0.63,"c3":0.742},{"time":0.5333,"angle":5.44,"curve":0.351,"c2":0.4,"c3":0.757},{"time":0.6333,"angle":4.65,"curve":0.513,"c2":0.31,"c4":0.81},{"time":0.7667,"angle":6.13,"curve":0.373,"c2":0.63,"c3":0.742},{"time":1.0333,"angle":0.57}]},"bone32":{"rotate":[{"angle":1.68,"curve":0.382,"c2":0.58,"c3":0.734},{"time":0.1667,"angle":1.78,"curve":0.311,"c2":0.25,"c3":0.757},{"time":0.2667,"angle":2.71,"curve":0.366,"c4":0.78},{"time":0.4,"angle":7.09,"curve":0.339,"c2":0.61,"c3":0.75},{"time":0.5333,"angle":1.78,"curve":0.311,"c2":0.25,"c3":0.757},{"time":0.6333,"angle":2.71,"curve":0.366,"c4":0.78},{"time":0.7667,"angle":7.09,"curve":0.339,"c2":0.61,"c3":0.75},{"time":1.0333,"angle":1.68}]},"bone33":{"rotate":[{"angle":2.31,"curve":0.37,"c2":0.48,"c3":0.723,"c4":0.89},{"time":0.1667,"angle":6.83,"curve":0.35,"c2":0.65,"c3":0.684},{"time":0.2667,"angle":3.25,"curve":0.382,"c2":0.57,"c3":0.735},{"time":0.4,"angle":7.16,"curve":0.151,"c2":0.55,"c3":0.724},{"time":0.5333,"angle":6.89,"curve":0.35,"c2":0.65,"c3":0.684},{"time":0.6333,"angle":3.25,"curve":0.382,"c2":0.57,"c3":0.735},{"time":0.7667,"angle":7.16,"curve":0.151,"c2":0.55,"c3":0.724},{"time":1.0333,"angle":2.31}]},"bone34":{"rotate":[{"curve":0.25,"c3":0.75},{"time":0.1667,"angle":-3.76,"curve":0.366,"c4":0.78},{"time":0.2667,"angle":3.05,"curve":0.339,"c2":0.61,"c3":0.75},{"time":0.4,"angle":10.65,"curve":0.333,"c2":0.33,"c3":0.758},{"time":0.5333,"angle":-8.26,"curve":0.366,"c4":0.78},{"time":0.6333,"angle":3.05,"curve":0.339,"c2":0.61,"c3":0.75},{"time":0.7667,"angle":10.65,"curve":0.333,"c2":0.33,"c3":0.758},{"time":1.0333}]},"bone34b":{"rotate":[{"angle":-6.2,"curve":0.349,"c2":0.52,"c3":0.683,"c4":0.86},{"time":0.1667,"angle":-11.42,"curve":0.34,"c2":0.66,"c3":0.673},{"time":0.2667,"angle":-3.35,"curve":0.151,"c2":0.55,"c3":0.724},{"time":0.4,"angle":-2.31,"curve":0.242,"c3":0.667,"c4":0.67},{"time":0.5333,"angle":-12.34,"curve":0.34,"c2":0.66,"c3":0.673},{"time":0.6333,"angle":-3.35,"curve":0.151,"c2":0.55,"c3":0.724},{"time":0.7667,"angle":-2.31,"curve":0.242,"c3":0.667,"c4":0.67},{"time":1.0333,"angle":-6.2}]},"bone34c":{"rotate":[{"angle":0.33,"curve":0.37,"c2":0.63,"c3":0.708},{"time":0.1667,"angle":-3.75,"curve":0.351,"c2":0.4,"c3":0.757},{"time":0.2667,"angle":2.61,"curve":0.513,"c2":0.31,"c4":0.81},{"time":0.4,"angle":4.04,"curve":0.373,"c2":0.63,"c3":0.742},{"time":0.5333,"angle":-4.67,"curve":0.351,"c2":0.4,"c3":0.757},{"time":0.6333,"angle":2.61,"curve":0.513,"c2":0.31,"c4":0.81},{"time":0.7667,"angle":4.04,"curve":0.373,"c2":0.63,"c3":0.742},{"time":1.0333,"angle":0.33}]},"bone34d":{"rotate":[{"angle":0.96,"curve":0.382,"c2":0.58,"c3":0.734},{"time":0.1667,"angle":-2.62,"curve":0.243,"c3":0.689,"c4":0.75},{"time":0.2667,"angle":-0.63,"curve":0.371,"c2":0.62,"c3":0.71},{"time":0.4,"angle":4.25,"curve":0.269,"c2":0.58,"c3":0.745},{"time":0.5333,"angle":-3.54,"curve":0.243,"c3":0.689,"c4":0.75},{"time":0.6333,"angle":-0.63,"curve":0.371,"c2":0.62,"c3":0.71},{"time":0.7667,"angle":4.25,"curve":0.269,"c2":0.58,"c3":0.745},{"time":1.0333,"angle":0.96}]},"bone34d2":{"rotate":[{"angle":1.33,"curve":0.363,"c2":0.44,"c3":0.711,"c4":0.83},{"time":0.1667,"angle":-2.25,"curve":0.36,"c2":0.64,"c3":0.695},{"time":0.2667,"angle":-0.15,"curve":0.375,"c2":0.5,"c3":0.75},{"time":0.4,"angle":1.64,"curve":0.604,"c2":0.41,"c4":0.79},{"time":0.5333,"angle":-3.17,"curve":0.36,"c2":0.64,"c3":0.695},{"time":0.6333,"angle":-0.15,"curve":0.375,"c2":0.5,"c3":0.75},{"time":0.7667,"angle":1.64,"curve":0.604,"c2":0.41,"c4":0.79},{"time":1.0333,"angle":1.33}]},"bone34d3":{"rotate":[{"angle":1.71,"curve":"stepped"},{"time":0.1667,"angle":1.71,"curve":0.374,"c2":0.62,"c3":0.714},{"time":0.2667,"angle":0.48,"curve":0.311,"c2":0.25,"c3":0.757},{"time":0.4,"angle":-0.06,"curve":0.366,"c4":0.78},{"time":0.5333,"angle":-2.79,"curve":0.374,"c2":0.62,"c3":0.714},{"time":0.6333,"angle":0.48,"curve":0.311,"c2":0.25,"c3":0.757},{"time":0.7667,"angle":-0.06,"curve":0.366,"c4":0.78},{"time":1.0333,"angle":1.71}]},"bone34d4":{"rotate":[{"angle":2.09,"curve":0.368,"c2":0.47,"c3":0.753},{"time":0.1667,"angle":-11.53,"curve":0.321,"c2":0.29,"c3":0.715,"c4":0.83},{"time":0.2667,"angle":1.09,"curve":0.364,"c2":0.64,"c3":0.701},{"time":0.4,"angle":0.82,"curve":0.382,"c2":0.57,"c3":0.735},{"time":0.5333,"angle":-11.53,"curve":0.321,"c2":0.29,"c3":0.715,"c4":0.83},{"time":0.6333,"angle":1.09,"curve":0.364,"c2":0.64,"c3":0.701},{"time":0.7667,"angle":0.82,"curve":0.382,"c2":0.57,"c3":0.735},{"time":1.0333,"angle":2.09}]},"bone35":{"rotate":[{"angle":-9.72,"curve":0.25,"c3":0.75},{"time":0.1667,"angle":-4.97,"curve":0.366,"c4":0.78},{"time":0.2667,"angle":-7.98,"curve":0.339,"c2":0.61,"c3":0.75},{"time":0.4,"angle":6.22,"curve":0.333,"c2":0.33,"c3":0.758},{"time":0.5333,"angle":-6.13,"curve":0.366,"c4":0.78},{"time":0.6333,"angle":-7.98,"curve":0.339,"c2":0.61,"c3":0.75},{"time":0.7667,"angle":6.22,"curve":0.333,"c2":0.33,"c3":0.758},{"time":1.0333,"angle":-9.72}]},"bone35b":{"rotate":[{"angle":0.57,"curve":0.359,"c2":0.5,"c3":0.695,"c4":0.86},{"time":0.1667,"angle":5.02,"curve":0.345,"c2":0.66,"c3":0.679},{"time":0.2667,"angle":4.71,"curve":0.151,"c2":0.55,"c3":0.724},{"time":0.4,"angle":18.25,"curve":0.242,"c3":0.667,"c4":0.67},{"time":0.5333,"angle":6.3,"curve":0.345,"c2":0.66,"c3":0.679},{"time":0.6333,"angle":4.71,"curve":0.151,"c2":0.55,"c3":0.724},{"time":0.7667,"angle":18.25,"curve":0.242,"c3":0.667,"c4":0.67},{"time":1.0333,"angle":0.57}]},"bone35c":{"rotate":[{"angle":1.66,"curve":0.382,"c2":0.58,"c3":0.734},{"time":0.1667,"angle":4.62,"curve":0.375,"c2":0.5,"c3":0.75},{"time":0.2667,"angle":5.42,"curve":0.604,"c2":0.41,"c4":0.79},{"time":0.4,"angle":19.28,"curve":0.375,"c2":0.65,"c3":0.718},{"time":0.5333,"angle":5.9,"curve":0.375,"c2":0.5,"c3":0.75},{"time":0.6333,"angle":5.42,"curve":0.604,"c2":0.41,"c4":0.79},{"time":0.7667,"angle":19.28,"curve":0.375,"c2":0.65,"c3":0.718},{"time":1.0333,"angle":1.66}]},"bone35d":{"rotate":[{"angle":2.28,"curve":0.381,"c2":0.55,"c3":0.742},{"time":0.1667,"angle":3.79,"curve":0.311,"c2":0.25,"c3":0.757},{"time":0.2667,"angle":1.67,"curve":0.366,"c4":0.78},{"time":0.4,"angle":19.59,"curve":0.339,"c2":0.61,"c3":0.75},{"time":0.5333,"angle":5.07,"curve":0.311,"c2":0.25,"c3":0.757},{"time":0.6333,"angle":1.67,"curve":0.366,"c4":0.78},{"time":0.7667,"angle":19.59,"curve":0.339,"c2":0.61,"c3":0.75},{"time":1.0333,"angle":2.28}]},"bone36":{"rotate":[{"curve":"stepped"},{"time":0.2333,"angle":-3.09},{"time":0.3,"angle":-1.34},{"time":0.7333}],"translate":[{"curve":"stepped"},{"time":0.2333,"x":-409.96,"y":-21.09},{"time":0.3,"x":-488.42,"y":25.09},{"time":0.7333}],"scale":[{"curve":"stepped"},{"time":0.2333,"x":1.64,"y":0.418},{"time":0.3,"x":3.514,"y":0.881},{"time":0.4667,"x":6.546,"y":0.419},{"time":0.7333}]},"bone18":{"rotate":[{"time":0.1667,"curve":0.366,"c4":0.78},{"time":0.2667,"angle":-15.57,"curve":0.339,"c2":0.61,"c3":0.75},{"time":0.4,"angle":-31.39,"curve":0.333,"c2":0.33,"c3":0.758},{"time":0.5333,"curve":0.366,"c4":0.78},{"time":0.6333,"angle":-15.57,"curve":0.339,"c2":0.61,"c3":0.75},{"time":0.7667,"angle":-31.39,"curve":0.333,"c2":0.33,"c3":0.758},{"time":1.0333}],"translate":[{"time":0.1667,"curve":0.366,"c4":0.78},{"time":0.2667,"x":-2.13,"y":1.13,"curve":0.339,"c2":0.61,"c3":0.75},{"time":0.4,"x":-4.29,"y":2.28,"curve":0.333,"c2":0.33,"c3":0.758},{"time":0.5333,"curve":0.366,"c4":0.78},{"time":0.6333,"x":-2.13,"y":1.13,"curve":0.339,"c2":0.61,"c3":0.75},{"time":0.7667,"x":-4.29,"y":2.28,"curve":0.333,"c2":0.33,"c3":0.758},{"time":1.0333}]},"bone37":{"rotate":[{"angle":0.53,"curve":0.341,"c2":0.38,"c3":0.675,"c4":0.72},{"time":0.0667,"angle":9.21,"curve":0.347,"c2":0.48,"c3":0.681,"c4":0.82},{"time":0.1667,"angle":6.23,"curve":0.339,"c2":0.5,"c3":0.673,"c4":0.83},{"time":0.2333,"angle":-12.05,"curve":0.337,"c2":0.66,"c3":0.67},{"time":0.4,"angle":29.11,"curve":0.26,"c3":0.618,"c4":0.44},{"time":0.4667,"angle":24.74,"curve":0.333,"c2":0.33,"c3":0.688,"c4":0.73},{"time":0.5333,"angle":6.23,"curve":0.339,"c2":0.5,"c3":0.673,"c4":0.83},{"time":0.6,"angle":-13.43,"curve":0.337,"c2":0.66,"c3":0.67},{"time":0.7667,"angle":29.11,"curve":0.242,"c3":0.667,"c4":0.67},{"time":1.0333,"angle":0.53}]},"bone38":{"rotate":[{"time":0.3,"curve":0,"c2":0.26,"c3":0.361,"c4":0.61},{"time":0.3333,"angle":-2.27,"curve":0.163,"c2":0.41,"c3":0.608},{"time":0.4667}],"translate":[{"time":0.3,"x":-499.09,"y":23.8,"curve":0,"c2":0.26,"c3":0.361,"c4":0.61},{"time":0.3333,"x":-469.78,"y":25.55,"curve":0.163,"c2":0.41,"c3":0.608},{"time":0.4667,"x":-316.66,"y":12.17}],"scale":[{"time":0.3,"x":1.504,"y":1.504,"curve":0,"c2":0.26,"c3":0.361,"c4":0.61},{"time":0.3333,"x":1.691,"y":1.691,"curve":0.163,"c2":0.41,"c3":0.608},{"time":0.4667,"x":1.21,"y":0.773}]},"bone39":{"rotate":[{"curve":"stepped"},{"time":0.6,"angle":-3.09},{"time":0.6667,"angle":-1.34},{"time":1.1}],"translate":[{"curve":"stepped"},{"time":0.6,"x":-429.59,"y":-12.03},{"time":0.6667,"x":-456.71,"y":13.51},{"time":1.1}],"scale":[{"curve":"stepped"},{"time":0.6,"x":1.64,"y":0.418},{"time":0.6667,"x":3.514,"y":0.881},{"time":0.8333,"x":6.546,"y":0.419},{"time":1.1}]},"bone40":{"rotate":[{"time":0.6667,"curve":0,"c2":0.26,"c3":0.361,"c4":0.61},{"time":0.7,"angle":-2.27,"curve":0.163,"c2":0.41,"c3":0.608},{"time":0.8333}],"translate":[{"time":0.6667,"x":-467.38,"y":12.22,"curve":0,"c2":0.26,"c3":0.361,"c4":0.61},{"time":0.7,"x":-469.78,"y":25.55,"curve":0.163,"c2":0.41,"c3":0.608},{"time":0.8333,"x":-316.66,"y":12.17}],"scale":[{"time":0.6667,"x":1.504,"y":1.504,"curve":0,"c2":0.26,"c3":0.361,"c4":0.61},{"time":0.7,"x":1.691,"y":1.691,"curve":0.163,"c2":0.41,"c3":0.608},{"time":0.8333,"x":1.21,"y":0.773}]}},"deform":{"default":{"Glow5":{"Glow05":[{"time":0.3,"vertices":[25.94934,7.01407,25.94934,7.01407,25.94934,7.01407,25.94934,7.01407]}]},"Glow7":{"Glow05":[{"time":0.3,"vertices":[25.94934,7.01407,25.94934,7.01407,25.94934,7.01407,25.94934,7.01407]}]}}},"events":[{"time":0.3333,"name":"dazhao"},{"time":0.6667,"name":"dazhao"}]},"gongji":{"slots":{"Glow05":{"color":[{"time":0.3667,"color":"00d8ffcd"},{"time":0.5,"color":"00d7ff00"}],"attachment":[{"time":0.2333,"name":"Glow05"},{"time":0.5333,"name":null}]},"Glow5":{"color":[{"time":0.3333,"color":"00d7ffff"},{"time":0.5,"color":"00d7ff00"}],"attachment":[{"time":0.3,"name":"Glow05"},{"time":0.5,"name":null}]},"Glow6":{"color":[{"time":0.3667,"color":"00d8ffcd"},{"time":0.5,"color":"00d7ff00"}],"attachment":[{"time":0.2333,"name":"Glow05"},{"time":0.5333,"name":null}]},"Glow7":{"color":[{"time":0.3333,"color":"00d7ffff"},{"time":0.5,"color":"00d7ff00"}],"attachment":[{"time":0.3,"name":"Glow05"},{"time":0.5,"name":null}]},"yanjing2":{"color":[{"time":0.2333,"color":"ffffff56"},{"time":0.2667,"color":"ffffffff","curve":"stepped"},{"time":0.4,"color":"ffffffff"},{"time":0.4667,"color":"ffffff56"}],"attachment":[{"time":0.2333,"name":"yanjing1"},{"time":0.5,"name":null}]},"zui":{"attachment":[{"time":0.3,"name":"zui"}]}},"bones":{"bone3":{"rotate":[{"curve":0.25,"c3":0.75},{"time":0.2,"angle":-2.45,"curve":0.366,"c4":0.78},{"time":0.3,"angle":1.27,"curve":0.151,"c2":0.55,"c3":0.724},{"time":0.4667,"angle":2.11,"curve":0.25,"c3":0.75},{"time":0.7333}]},"bone4":{"rotate":[{"curve":0.25,"c3":0.75},{"time":0.2,"angle":-2.44,"curve":0.366,"c4":0.78},{"time":0.3,"angle":-0.72,"curve":0.151,"c2":0.55,"c3":0.724},{"time":0.4667,"angle":0.83,"curve":0.25,"c3":0.75},{"time":0.7333}],"translate":[{"curve":0.25,"c3":0.75},{"time":0.2,"x":-3.94,"y":1.38,"curve":0.366,"c4":0.78},{"time":0.3,"x":-0.87,"y":5.37,"curve":0.151,"c2":0.55,"c3":0.724},{"time":0.4667,"x":5.7,"y":6.21,"curve":0.25,"c3":0.75},{"time":0.7333}]},"bone5":{"rotate":[{"curve":0.25,"c3":0.75},{"time":0.2,"angle":-0.66,"curve":0.366,"c4":0.78},{"time":0.3,"angle":2.65,"curve":0.151,"c2":0.55,"c3":0.724},{"time":0.4667,"angle":3.71,"curve":0.25,"c3":0.75},{"time":0.7333}],"translate":[{"curve":0.25,"c3":0.75},{"time":0.2,"x":-5.78,"y":-0.44,"curve":0.366,"c4":0.78},{"time":0.3,"x":2.62,"y":-0.52,"curve":0.151,"c2":0.55,"c3":0.724},{"time":0.4667,"x":4.52,"y":-0.54,"curve":0.25,"c3":0.75},{"time":0.7333}]},"bone6":{"rotate":[{"time":0.2,"curve":0.366,"c4":0.78},{"time":0.3,"angle":2.2,"curve":0.151,"c2":0.55,"c3":0.724},{"time":0.4667,"angle":2.7,"curve":0.26,"c3":0.618,"c4":0.44},{"time":0.5667,"angle":2.21,"curve":0.359,"c2":0.43,"c3":0.756},{"time":0.7333}]},"bone7":{"rotate":[{"angle":0.28}]},"bone8":{"rotate":[{"curve":0.381,"c2":0.55,"c3":0.742},{"time":0.2,"angle":2.66,"curve":0.289,"c3":0.649,"c4":0.41},{"time":0.2333,"angle":-0.02,"curve":0.513,"c2":0.31,"c4":0.81},{"time":0.3,"angle":8.23,"curve":0.151,"c2":0.55,"c3":0.724},{"time":0.4667,"angle":9.49,"curve":0.26,"c3":0.618,"c4":0.44},{"time":0.5667,"angle":7.05,"curve":0.359,"c2":0.43,"c3":0.756},{"time":0.7333}],"translate":[{"curve":0.381,"c2":0.55,"c3":0.742},{"time":0.2,"x":-3.41,"y":-1.1,"curve":0.366,"c4":0.78},{"time":0.3,"x":2.45,"y":2.12,"curve":0.151,"c2":0.55,"c3":0.724},{"time":0.4667,"x":3.77,"y":2.85,"curve":0.25,"c3":0.75},{"time":0.7333}]},"bone9":{"rotate":[{"angle":-0.41}]},"bone10":{"rotate":[{"angle":-0.26}]},"bone12":{"rotate":[{"angle":-0.57}]},"bone13":{"rotate":[{"angle":0.06}]},"bone19":{"rotate":[{"angle":0.17,"curve":"stepped"},{"time":0.2,"angle":0.17,"curve":0.366,"c4":0.78},{"time":0.3,"angle":3.83,"curve":0.151,"c2":0.55,"c3":0.724},{"time":0.4667,"angle":0.17}]},"bone20":{"rotate":[{"angle":0.81,"curve":"stepped"},{"time":0.2,"angle":0.81,"curve":0.366,"c4":0.78},{"time":0.3,"angle":-23.29,"curve":0.151,"c2":0.55,"c3":0.724},{"time":0.4667,"angle":0.81}]},"bone24":{"rotate":[{"curve":0.25,"c3":0.75},{"time":0.2,"angle":-1.63,"curve":0.366,"c4":0.78},{"time":0.3,"angle":-0.3,"curve":0.151,"c2":0.55,"c3":0.724},{"time":0.4667}]},"bone25":{"rotate":[{"angle":0.24,"curve":"stepped"},{"time":0.0333,"angle":0.24,"curve":0.25,"c3":0.75},{"time":0.2333,"angle":-1.39,"curve":0.366,"c4":0.78},{"time":0.3333,"angle":7.72,"curve":0.151,"c2":0.55,"c3":0.724},{"time":0.5,"angle":9.78,"curve":0.244,"c3":0.702,"c4":0.8},{"time":0.7333,"angle":0.24}]},"bone26":{"rotate":[{"angle":1.07,"curve":"stepped"},{"time":0.1,"angle":1.07,"curve":0.25,"c3":0.75},{"time":0.3,"angle":-0.56,"curve":0.366,"c4":0.78},{"time":0.4,"angle":8.55,"curve":0.151,"c2":0.55,"c3":0.724},{"time":0.5667,"angle":10.61,"curve":0.244,"c3":0.641,"c4":0.57},{"time":0.7333,"angle":1.07}]},"bone27":{"rotate":[{"angle":1.48,"curve":"stepped"},{"time":0.2,"angle":1.48,"curve":0.25,"c3":0.75},{"time":0.4,"angle":-0.15,"curve":0.366,"c4":0.78},{"time":0.5,"angle":8.96,"curve":0.151,"c2":0.55,"c3":0.724},{"time":0.6667,"angle":11.02,"curve":0.276,"c3":0.621,"c4":0.4},{"time":0.7333,"angle":1.48}]},"bone28":{"rotate":[{"angle":2.33,"curve":0.368,"c2":0.47,"c3":0.753},{"time":0.0333,"angle":11.87,"curve":0.25,"c3":0.75},{"time":0.3,"angle":2.33,"curve":0.25,"c3":0.75},{"time":0.5,"angle":0.7,"curve":0.366,"c4":0.78},{"time":0.6,"angle":9.81,"curve":0.15,"c2":0.47,"c3":0.636,"c4":0.86},{"time":0.7333,"angle":2.33}]},"bone29":{"rotate":[{"curve":0.25,"c3":0.75},{"time":0.2,"angle":1.03,"curve":0.366,"c4":0.78},{"time":0.3,"angle":0.19,"curve":0.151,"c2":0.55,"c3":0.724},{"time":0.4667}]},"bone30":{"rotate":[{"angle":0.17,"curve":0.355,"c2":0.65,"c3":0.69},{"time":0.2,"angle":1.2,"curve":0.366,"c4":0.78},{"time":0.3,"angle":5.02,"curve":0.151,"c2":0.55,"c3":0.724},{"time":0.4667,"angle":5.88,"curve":0.25,"c3":0.75},{"time":0.7333,"angle":0.17}]},"bone31":{"rotate":[{"angle":0.57,"curve":"stepped"},{"time":0.1333,"angle":0.57,"curve":0.25,"c3":0.75},{"time":0.3333,"angle":1.6,"curve":0.366,"c4":0.78},{"time":0.4333,"angle":5.42,"curve":0.151,"c2":0.55,"c3":0.724},{"time":0.6,"angle":6.28,"curve":0.25,"c3":0.625,"c4":0.5},{"time":0.7333,"angle":0.57}]},"bone32":{"rotate":[{"angle":1.68,"curve":"stepped"},{"time":0.1667,"angle":1.68,"curve":0.25,"c3":0.75},{"time":0.3667,"angle":2.71,"curve":0.366,"c4":0.78},{"time":0.4667,"angle":6.52,"curve":0.151,"c2":0.55,"c3":0.724},{"time":0.6333,"angle":7.39,"curve":0.26,"c3":0.618,"c4":0.44},{"time":0.7333,"angle":1.68}]},"bone33":{"rotate":[{"angle":2.31,"curve":"stepped"},{"time":0.2333,"angle":2.31,"curve":0.25,"c3":0.75},{"time":0.4333,"angle":3.34,"curve":0.366,"c4":0.78},{"time":0.5333,"angle":7.16,"curve":0.151,"c2":0.55,"c3":0.724},{"time":0.7,"angle":8.02,"curve":0.299,"c3":0.636,"c4":0.36},{"time":0.7333,"angle":2.31}]},"bone34":{"rotate":[{"curve":0.25,"c3":0.75},{"time":0.2,"angle":-3.76,"curve":0.366,"c4":0.78},{"time":0.3,"angle":9.96,"curve":0.151,"c2":0.55,"c3":0.724},{"time":0.4667,"angle":13.06,"curve":0.25,"c3":0.75},{"time":0.7333}]},"bone34b":{"rotate":[{"angle":-6.2,"curve":0.355,"c2":0.65,"c3":0.69},{"time":0.2667,"angle":-7.97,"curve":0.366,"c4":0.78},{"time":0.3667,"angle":-3.35,"curve":0.151,"c2":0.55,"c3":0.724},{"time":0.5333,"angle":-2.31,"curve":0.242,"c3":0.667,"c4":0.67},{"time":0.7333,"angle":-6.2}]},"bone34c":{"rotate":[{"angle":0.33,"curve":"stepped"},{"time":0.1333,"angle":0.33,"curve":0.25,"c3":0.75},{"time":0.3333,"angle":-1.44,"curve":0.366,"c4":0.78},{"time":0.4333,"angle":3.18,"curve":0.151,"c2":0.55,"c3":0.724},{"time":0.6,"angle":4.22,"curve":0.25,"c3":0.625,"c4":0.5},{"time":0.7333,"angle":0.33}]},"bone34d":{"rotate":[{"angle":0.96,"curve":"stepped"},{"time":0.2,"angle":0.96,"curve":0.25,"c3":0.75},{"time":0.4,"angle":-0.8,"curve":0.366,"c4":0.78},{"time":0.5,"angle":3.81,"curve":0.151,"c2":0.55,"c3":0.724},{"time":0.6667,"angle":4.86,"curve":0.276,"c3":0.621,"c4":0.4},{"time":0.7333,"angle":0.96}]},"bone34d2":{"rotate":[{"angle":1.33,"curve":"stepped"},{"time":0.2667,"angle":1.33,"curve":0.25,"c3":0.75},{"time":0.4667,"angle":-0.44,"curve":0.366,"c4":0.78},{"time":0.5667,"angle":4.18,"curve":0.151,"c2":0.55,"c3":0.724},{"time":0.7333,"angle":1.33}]},"bone34d3":{"rotate":[{"angle":1.71,"curve":"stepped"},{"time":0.3333,"angle":1.71,"curve":0.25,"c3":0.75},{"time":0.5333,"angle":-0.06,"curve":0.366,"c4":0.78},{"time":0.6333,"angle":-12.24,"curve":0.159,"c2":0.41,"c3":0.582,"c4":0.78},{"time":0.7333,"angle":1.71}]},"bone34d4":{"rotate":[{"angle":2.09,"curve":0.368,"c2":0.47,"c3":0.753},{"time":0.1333,"angle":-14.61,"curve":0.25,"c3":0.75},{"time":0.4,"angle":2.09,"curve":0.25,"c3":0.75},{"time":0.6,"angle":0.32,"curve":0.366,"c4":0.78},{"time":0.7,"angle":-11.86,"curve":0.223,"c2":0.35,"c3":0.571,"c4":0.69},{"time":0.7333,"angle":2.09}]},"bone35":{"rotate":[{"angle":-9.72,"curve":0.25,"c3":0.75},{"time":0.2,"angle":-6.13,"curve":0.366,"c4":0.78},{"time":0.3,"angle":-1.38,"curve":0.151,"c2":0.55,"c3":0.724},{"time":0.4667,"angle":-0.3,"curve":0.25,"c3":0.75},{"time":0.7333,"angle":-9.72}]},"bone35b":{"rotate":[{"angle":0.57,"curve":0.37,"c2":0.63,"c3":0.708},{"time":0.2667,"angle":4.15,"curve":0.366,"c4":0.78},{"time":0.3667,"angle":8.91,"curve":0.151,"c2":0.55,"c3":0.724},{"time":0.5333,"angle":9.98,"curve":0.242,"c3":0.667,"c4":0.67},{"time":0.7333,"angle":0.57}]},"bone35c":{"rotate":[{"angle":1.66,"curve":"stepped"},{"time":0.1,"angle":1.66,"curve":0.25,"c3":0.75},{"time":0.3,"angle":5.25,"curve":0.366,"c4":0.78},{"time":0.4,"angle":10,"curve":0.151,"c2":0.55,"c3":0.724},{"time":0.5667,"angle":11.08,"curve":0.244,"c3":0.641,"c4":0.57},{"time":0.7333,"angle":1.66}]},"bone35d":{"rotate":[{"angle":2.28,"curve":"stepped"},{"time":0.1667,"angle":2.28,"curve":0.25,"c3":0.75},{"time":0.3667,"angle":5.87,"curve":0.366,"c4":0.78},{"time":0.4667,"angle":10.63,"curve":0.151,"c2":0.55,"c3":0.724},{"time":0.6333,"angle":11.7,"curve":0.26,"c3":0.618,"c4":0.44},{"time":0.7333,"angle":2.28}]},"bone36":{"rotate":[{"curve":0.25,"c3":0.75},{"time":0.2333,"angle":-3.09},{"time":0.3,"angle":-1.34},{"time":0.7333}],"translate":[{"curve":0.25,"c3":0.75},{"time":0.2333,"x":-409.96,"y":-21.09},{"time":0.3,"x":-488.42,"y":25.09},{"time":0.7333}],"scale":[{"curve":0.25,"c3":0.75},{"time":0.2333,"x":1.64,"y":0.418},{"time":0.3,"x":3.514,"y":0.881},{"time":0.4667,"x":6.546,"y":0.419},{"time":0.7333}]},"bone18":{"rotate":[{"time":0.2,"curve":0.366,"c4":0.78},{"time":0.3,"angle":-31.39,"curve":0.151,"c2":0.55,"c3":0.724},{"time":0.4667,"angle":-38.49,"curve":0.25,"c3":0.75},{"time":0.7333}],"translate":[{"time":0.2,"curve":0.366,"c4":0.78},{"time":0.3,"x":-4.29,"y":2.28,"curve":0.151,"c2":0.55,"c3":0.724},{"time":0.4667,"x":-5.26,"y":2.79,"curve":0.25,"c3":0.75},{"time":0.7333}]},"bone37":{"rotate":[{"angle":0.53,"curve":0.364,"c2":0.64,"c3":0.7},{"time":0.2667,"angle":6.72,"curve":0.366,"c4":0.78},{"time":0.3667,"angle":24.98,"curve":0.151,"c2":0.55,"c3":0.724},{"time":0.5333,"angle":29.11,"curve":0.242,"c3":0.667,"c4":0.67},{"time":0.7333,"angle":0.53}]},"bone38":{"rotate":[{"time":0.3,"curve":0,"c2":0.26,"c3":0.361,"c4":0.61},{"time":0.3333,"angle":-2.27,"curve":0.163,"c2":0.41,"c3":0.608},{"time":0.4667}],"translate":[{"time":0.3,"x":-499.09,"y":23.8,"curve":0,"c2":0.26,"c3":0.361,"c4":0.61},{"time":0.3333,"x":-469.78,"y":25.55,"curve":0.163,"c2":0.41,"c3":0.608},{"time":0.4667,"x":-316.66,"y":12.17}],"scale":[{"time":0.3,"x":1.504,"y":1.504,"curve":0,"c2":0.26,"c3":0.361,"c4":0.61},{"time":0.3333,"x":1.691,"y":1.691,"curve":0.163,"c2":0.41,"c3":0.608},{"time":0.4667,"x":1.21,"y":0.773}]},"bone39":{"rotate":[{"curve":0.25,"c3":0.75},{"time":0.2333,"angle":-3.09},{"time":0.3,"angle":-1.34},{"time":0.7333}],"translate":[{"curve":0.25,"c3":0.75},{"time":0.2333,"x":-409.96,"y":-21.09},{"time":0.3,"x":-488.42,"y":25.09},{"time":0.7333}],"scale":[{"curve":0.25,"c3":0.75},{"time":0.2333,"x":1.64,"y":0.418},{"time":0.3,"x":3.514,"y":0.881},{"time":0.4667,"x":6.546,"y":0.419},{"time":0.7333}]},"bone40":{"rotate":[{"time":0.3,"curve":0,"c2":0.26,"c3":0.361,"c4":0.61},{"time":0.3333,"angle":-2.27,"curve":0.163,"c2":0.41,"c3":0.608},{"time":0.4667}],"translate":[{"time":0.3,"x":-499.09,"y":23.8,"curve":0,"c2":0.26,"c3":0.361,"c4":0.61},{"time":0.3333,"x":-469.78,"y":25.55,"curve":0.163,"c2":0.41,"c3":0.608},{"time":0.4667,"x":-316.66,"y":12.17}],"scale":[{"time":0.3,"x":1.504,"y":1.504,"curve":0,"c2":0.26,"c3":0.361,"c4":0.61},{"time":0.3333,"x":1.691,"y":1.691,"curve":0.163,"c2":0.41,"c3":0.608},{"time":0.4667,"x":1.21,"y":0.773}]}},"deform":{"default":{"Glow5":{"Glow05":[{"time":0.3,"vertices":[25.94934,7.01407,25.94934,7.01407,25.94934,7.01407,25.94934,7.01407]}]},"Glow7":{"Glow05":[{"time":0.3,"vertices":[25.94934,7.01407,25.94934,7.01407,25.94934,7.01407,25.94934,7.01407]}]}}},"events":[{"time":0.3333,"name":"gongji"}]}}},[0]]],0,0,[0],[-1],[0]]