[1,["0doTuUMthAp7VlrHlFLIcd"],0,[["sp.SkeletonData",["_name","_atlasText","textureNames","_skeletonJson","textures"],-1,3]],[[0,0,1,2,3,4,5]],[[0,"yindao3","\r\nyindao3.png\r\nsize: 244,93\r\nformat: RGBA8888\r\nfilter: Linear,Linear\r\nrepeat: none\r\nyindao/jiantou0\r\n  rotate: true\r\n  xy: 180, 20\r\n  size: 71, 62\r\n  orig: 72, 64\r\n  offset: 1, 1\r\n  index: -1\r\nyindao/quan0\r\n  rotate: true\r\n  xy: 2, 2\r\n  size: 89, 176\r\n  orig: 92, 183\r\n  offset: 3, 4\r\n  index: -1\r\n",["yindao3.png"],{"skeleton":{"hash":"NMq0xnZuj8SeUZXhdLXYiAv6E4o","spine":"3.8.99","x":-92.7,"y":-27.56,"width":198.7,"height":119.56,"fps":24,"images":"","audio":"D:/Work/植物大战僵尸2娘化版/动画/娘化版/工程文件/其他特效/引导动画"},"bones":[{"name":"root"},{"name":"jiantou2","parent":"root","x":60.55,"y":55.05},{"name":"bone","parent":"root","scaleY":0.3},{"name":"quan1","parent":"bone"},{"name":"quan","parent":"bone"}],"slots":[{"name":"jiantou2","bone":"jiantou2","attachment":"yindao/jiantou2"},{"name":"quan0","bone":"quan","attachment":"yindao/quan0"},{"name":"quan01","bone":"quan","attachment":"yindao/quan0"},{"name":"quan02","bone":"quan1","attachment":"yindao/quan0"},{"name":"quan03","bone":"quan1","attachment":"yindao/quan0"}],"skins":[{"name":"default","attachments":{"jiantou2":{"yindao/jiantou2":{"path":"yindao/jiantou0","x":9.45,"y":4.95,"scaleY":-1,"width":72,"height":64}},"quan0":{"yindao/quan0":{"x":-46.7,"y":-0.38,"width":92,"height":183}},"quan01":{"yindao/quan0":{"x":45.1,"y":-0.38,"scaleX":-1,"width":92,"height":183}},"quan02":{"yindao/quan0":{"x":-46.7,"y":-0.38,"width":92,"height":183}},"quan03":{"yindao/quan0":{"x":45.1,"y":-0.38,"scaleX":-1,"width":92,"height":183}}}}],"animations":{"daoda":{"slots":{"jiantou2":{"color":[{"color":"ffffff00"},{"time":0.1667,"color":"ffffffff"}]},"quan02":{"attachment":[{"name":null}]},"quan03":{"attachment":[{"name":null}]}},"bones":{"jiantou2":{"translate":[{"x":39.45,"y":44.95},{"time":0.1667,"x":-30.55,"y":-25.05},{"time":0.2917,"x":19.45,"y":24.95},{"time":0.4167,"x":-0.55,"y":4.95}],"scale":[{"x":1.5,"y":1.5},{"time":0.1667,"x":0.8,"y":0.8},{"time":0.2917,"x":1.1,"y":1.1},{"time":0.4167}]},"quan1":{"scale":[{"x":3,"y":3},{"time":0.1667,"x":0.8,"y":0.8},{"time":0.2917,"x":1.1,"y":1.1},{"time":0.4167}]},"quan":{"scale":[{"x":3,"y":3},{"time":0.1667,"x":0.8,"y":0.8},{"time":0.2917,"x":1.1,"y":1.1},{"time":0.4167}]}},"drawOrder":[{"offsets":[{"slot":"jiantou2","offset":4}]}]},"daoda0":{"slots":{"quan02":{"color":[{"color":"ffffff00"},{"time":0.1667,"color":"ffffffff"},{"time":0.5,"color":"ffffff00"}]},"quan03":{"color":[{"color":"ffffff00"},{"time":0.1667,"color":"ffffffff"},{"time":0.5,"color":"ffffff00"}]}},"bones":{"quan1":{"scale":[{"x":0.5,"y":0.5},{"time":0.1667,"x":1.1,"y":1.1},{"time":0.5,"x":1.3,"y":1.3}]},"quan":{"scale":[{},{"time":0.25,"x":0.9,"y":0.9},{"time":0.5}]},"jiantou2":{"translate":[{"x":-0.55,"y":4.95},{"time":0.25,"x":14.45,"y":19.95},{"time":0.5,"x":-0.55,"y":4.95}]}},"drawOrder":[{"offsets":[{"slot":"jiantou2","offset":4},{"slot":"quan0","offset":1},{"slot":"quan02","offset":0}]}]}}},[0]]],0,0,[0],[-1],[0]]