[1,["21AcmTWNZBd6ZguhLkquO7"],0,[["sp.SkeletonData",["_name","_atlasText","textureNames","_skeletonJson","textures"],-1,3]],[[0,0,1,2,3,4,5]],[[0,"p10","\r\np10.png\r\nsize: 482,278\r\nformat: RGBA8888\r\nfilter: Linear,Linear\r\nrepeat: none\r\n大腿1\r\n  rotate: true\r\n  xy: 410, 171\r\n  size: 37, 70\r\n  orig: 37, 70\r\n  offset: 0, 0\r\n  index: -1\r\n大腿2\r\n  rotate: true\r\n  xy: 410, 140\r\n  size: 29, 65\r\n  orig: 29, 65\r\n  offset: 0, 0\r\n  index: -1\r\n头\r\n  rotate: true\r\n  xy: 292, 7\r\n  size: 117, 126\r\n  orig: 117, 131\r\n  offset: 0, 0\r\n  index: -1\r\n帽2\r\n  rotate: true\r\n  xy: 168, 84\r\n  size: 40, 122\r\n  orig: 40, 122\r\n  offset: 0, 0\r\n  index: -1\r\n手1\r\n  rotate: false\r\n  xy: 420, 210\r\n  size: 48, 66\r\n  orig: 48, 66\r\n  offset: 0, 0\r\n  index: -1\r\n手臂1\r\n  rotate: false\r\n  xy: 420, 5\r\n  size: 27, 56\r\n  orig: 27, 56\r\n  offset: 0, 0\r\n  index: -1\r\n手臂2\r\n  rotate: false\r\n  xy: 420, 63\r\n  size: 51, 30\r\n  orig: 51, 30\r\n  offset: 0, 0\r\n  index: -1\r\n旗子\r\n  rotate: false\r\n  xy: 2, 78\r\n  size: 164, 198\r\n  orig: 164, 198\r\n  offset: 0, 0\r\n  index: -1\r\n眼睛1\r\n  rotate: false\r\n  xy: 449, 32\r\n  size: 29, 29\r\n  orig: 29, 29\r\n  offset: 0, 0\r\n  index: -1\r\n眼睛2\r\n  rotate: false\r\n  xy: 420, 95\r\n  size: 43, 43\r\n  orig: 43, 43\r\n  offset: 0, 0\r\n  index: -1\r\n绷带\r\n  rotate: true\r\n  xy: 168, 126\r\n  size: 150, 143\r\n  orig: 150, 143\r\n  offset: 0, 0\r\n  index: -1\r\n脚2\r\n  rotate: false\r\n  xy: 182, 3\r\n  size: 72, 79\r\n  orig: 72, 79\r\n  offset: 0, 0\r\n  index: -1\r\n脚_1\r\n  rotate: false\r\n  xy: 2, 2\r\n  size: 91, 74\r\n  orig: 91, 74\r\n  offset: 0, 0\r\n  index: -1\r\n臂膀1\r\n  rotate: true\r\n  xy: 313, 131\r\n  size: 31, 78\r\n  orig: 31, 78\r\n  offset: 0, 0\r\n  index: -1\r\n臂膀2\r\n  rotate: false\r\n  xy: 256, 4\r\n  size: 34, 78\r\n  orig: 36, 78\r\n  offset: 1, 0\r\n  index: -1\r\n身体\r\n  rotate: false\r\n  xy: 313, 164\r\n  size: 95, 112\r\n  orig: 95, 112\r\n  offset: 0, 0\r\n  index: -1\r\n领带\r\n  rotate: true\r\n  xy: 95, 8\r\n  size: 68, 85\r\n  orig: 68, 85\r\n  offset: 0, 0\r\n  index: -1\r\n",["p10.png"],{"skeleton":{"hash":"aiU88gKYrUeUN6GhCdX1w52CAYg","spine":"3.8.99","x":-106.26,"y":-5.2,"width":155.3,"height":162.28},"bones":[{"name":"root","scaleX":0.1,"scaleY":0.1},{"name":"bone1","parent":"root"},{"name":"臂膀1","parent":"bone1","length":50,"rotation":-165.89,"x":213.1,"y":644.11},{"name":"bone_ikTarget_left","parent":"bone1","length":50,"rotation":-31,"x":411.98,"y":80.03},{"name":"bone_ikTarget_right","parent":"bone1","length":50,"rotation":-145.81,"x":-0.65,"y":49.34},{"name":"身体","parent":"臂膀1","length":187,"rotation":-89.56,"x":1.33,"y":-11.66},{"name":"bone_ikTarget","parent":"bone_ikTarget_right","rotation":145.81,"x":-156.89,"y":93.9},{"name":"腰","parent":"臂膀1","length":50,"rotation":75.81,"x":2.59,"y":15.65},{"name":"脚_11","parent":"bone_ikTarget_left","length":86,"rotation":-130.12,"x":-6.98,"y":-13.4},{"name":"bone_ikTarget1","parent":"bone_ikTarget_left","rotation":31.08,"x":-220.4,"y":-225.29},{"name":"大腿2","parent":"腰","length":250,"rotation":-1.59,"x":37.49,"y":-108.19},{"name":"身体1","parent":"身体","length":296,"rotation":15.74,"x":188.53,"y":-1.08},{"name":"大腿1","parent":"腰","length":286,"rotation":-4.66,"x":21.55,"y":86.37},{"name":"脚_12","parent":"脚_11","length":215,"rotation":-7.11,"x":87.16,"y":-0.17},{"name":"头","parent":"身体1","length":287,"rotation":15.98,"x":315.57,"y":66.51},{"name":"臂膀11","parent":"身体1","length":291,"rotation":148.02,"x":164.6,"y":-83.26},{"name":"脚_1","parent":"大腿1","length":268,"rotation":34.93,"x":295.69,"y":1.18},{"name":"脚2","parent":"大腿2","length":308,"rotation":-17.2,"x":250.26},{"name":"臂膀2","parent":"身体1","length":271,"rotation":114.57,"x":227.55,"y":44.09},{"name":"领带","parent":"身体1","length":383,"rotation":125.5,"x":234.63,"y":-54.52},{"name":"手臂1","parent":"臂膀11","length":252,"rotation":-11.88,"x":291.98},{"name":"脚21","parent":"脚2","length":183,"rotation":88.04,"x":308.41},{"name":"手臂2","parent":"臂膀2","length":260,"rotation":-33.5,"x":271.88},{"name":"眼睛2_","parent":"头","length":20,"rotation":-41.23,"x":123.22,"y":-101.68},{"name":"眼睛1_","parent":"头","length":20,"rotation":-41.67,"x":322.25,"y":124.04},{"name":"bone","parent":"头","length":201,"rotation":78.6,"x":-0.45,"y":99.34},{"name":"手2","parent":"手臂2","length":197,"rotation":-12.5,"x":232.87,"y":4.42},{"name":"大腿21","parent":"手臂1","length":225,"rotation":19.55,"x":252.6}],"slots":[{"name":"手臂2","bone":"手臂2","attachment":"手臂2"},{"name":"手2","bone":"手2","attachment":"手2"},{"name":"臂膀2","bone":"臂膀2","attachment":"臂膀2"},{"name":"帽2","bone":"头","attachment":"帽2"},{"name":"脚2","bone":"脚2","attachment":"脚2"},{"name":"大腿2","bone":"大腿2","attachment":"大腿2"},{"name":"腰","bone":"腰"},{"name":"脚_1","bone":"脚_1","attachment":"脚_1"},{"name":"身体","bone":"身体","attachment":"身体"},{"name":"大腿1","bone":"大腿1","attachment":"大腿1"},{"name":"领带","bone":"领带","attachment":"领带"},{"name":"头","bone":"头","attachment":"头"},{"name":"眼睛2_","bone":"眼睛2_","attachment":"眼睛2_"},{"name":"眼睛1_","bone":"眼睛1_","attachment":"眼睛1_"},{"name":"绷带","bone":"头","attachment":"绷带"},{"name":"手1","bone":"大腿21","attachment":"手1"},{"name":"手臂1","bone":"手臂1","attachment":"手臂1"},{"name":"臂膀1","bone":"臂膀11","attachment":"臂膀1"}],"ik":[{"name":"bone_ik","target":"bone_ikTarget_right","bendPositive":false,"bones":["大腿2","脚2"]},{"name":"bone_ik1","order":1,"target":"bone_ikTarget_left","bones":["大腿1","脚_1"]},{"name":"bone_ik2","order":3,"target":"bone_ikTarget","bones":["脚21"]},{"name":"bone_ik3","order":2,"target":"bone_ikTarget1","bones":["脚_12"]}],"skins":[{"name":"default","attachments":{"大腿1":{"大腿1":{"x":159.7,"y":12.42,"rotation":94.75,"width":183,"height":349}},"大腿2":{"大腿2":{"x":135.46,"y":4.48,"rotation":91.66,"width":144,"height":327}},"头":{"头":{"type":"mesh","hull":19,"uvs":[0.01755,0.62149,0.2363,1,0.55051,1,0.71935,0.88066,0.79743,0.74732,0.92945,0.63708,1,0.51315,1,0.32554,0.87312,0.1013,0.68682,0.04212,0.36207,0.04212,0.11729,0.15536,0,0.3159,0,0.39518,0.07397,0.48417,0.06453,0.69375,0.14521,0.66027,0.33733,0.642,0.54375,0.65477,0.69503,0.68947,0.18345,0.78128,0.22902,0.77342,0.32714,0.76975,0.4661,0.75698,0.58673,0.74605,0.69914,0.75339,0.18287,0.73098,0.21729,0.72029,0.33527,0.71486,0.46199,0.70079,0.52466,0.7001,0.57397,0.70485,0.3744,0.45462,0.72072,0.4605,0.18562,0.84276,0.31267,0.86563,0.51447,0.85729,0.66447,0.81585],"triangles":[25,37,3,37,36,3,36,2,3,24,37,25,24,36,37,30,23,24,23,36,24,36,35,2,35,1,2,23,35,36,22,35,23,28,22,23,21,35,22,27,21,22,34,1,35,21,34,35,20,34,21,26,20,21,8,33,7,7,33,6,33,5,6,9,33,8,19,4,5,33,19,5,10,32,9,9,32,33,19,25,4,25,3,4,18,19,33,32,18,33,31,24,19,18,31,19,19,24,25,32,17,18,31,30,24,18,30,31,10,11,32,17,29,18,29,30,18,29,23,30,29,28,23,17,28,29,14,16,17,11,12,32,12,14,32,14,17,32,27,22,28,27,28,17,16,27,17,12,13,14,27,26,21,16,26,27,14,0,16,16,15,26,0,15,16],"vertices":[1,14,295.29,240.04,1,1,25,233.1,14.05,1,1,25,82.55,118.96,1,2,14,-118.04,79.21,0.12,25,-42.97,111.29,0.88,2,14,-90.71,-15.32,0.73397,25,-130.24,65.82,0.26603,1,14,-96.58,-120.72,1,1,14,-70.37,-207.8,1,1,14,14.45,-296.46,1,1,14,169.4,-351.18,1,1,14,274.78,-303.94,1,1,14,411.82,-172.84,1,1,14,463.93,-20.52,1,1,14,440.85,102.71,1,1,14,405.01,140.18,1,1,14,333.56,152.37,1,1,14,242.8,255.22,1,1,14,223.89,206.84,1,1,14,151.07,120.64,1,1,14,58.19,43.35,1,2,14,-21.35,-1.32,0.97318,25,-102.8,0.59,0.02682,1,25,176.64,-120.97,1,1,25,151.87,-109.96,1,1,25,103.49,-79.17,1,1,25,32.13,-39.62,1,1,25,-29.76,-5.21,1,2,14,-51.98,27.22,0.69389,25,-80.87,36.26,0.30611,1,14,176.02,225.04,1,1,14,166.33,206.1,1,1,14,119,155.91,1,1,14,71.88,98.11,1,1,14,45.75,72.48,1,1,14,22.79,54.81,1,1,14,220.14,17.12,1,1,14,71.33,-119.9,1,1,25,198.59,-87.25,1,1,25,146.27,-32.56,1,1,25,46.46,30.35,1,2,14,-65.58,70.74,0.25435,25,-40.91,58.2,0.74565]}},"帽2":{"帽2":{"x":369.01,"y":179.76,"rotation":-136.27,"width":200,"height":608}},"手1":{"手1":{"x":104.2,"y":25.43,"rotation":84.02,"width":239,"height":332}},"手2":{"手2":{"path":"旗子","x":239.28,"y":-241.29,"rotation":169.08,"width":819,"height":988}},"手臂1":{"手臂1":{"x":125.08,"y":1.86,"rotation":102.18,"width":137,"height":278}},"手臂2":{"手臂2":{"x":131.82,"y":5.49,"rotation":156.11,"width":253,"height":151}},"眼睛1_":{"眼睛1_":{"path":"眼睛1","x":6.99,"y":-1.27,"rotation":-94.6,"width":147,"height":147}},"眼睛2_":{"眼睛2_":{"path":"眼睛2","x":4.96,"y":-0.84,"rotation":-95.04,"width":213,"height":213}},"绷带":{"绷带":{"x":134.01,"y":-60.64,"rotation":-136.27,"width":750,"height":715}},"脚2":{"脚2":{"type":"mesh","hull":44,"uvs":[0.45707,0,0.5964,0.01304,0.65249,0.17772,0.51801,0.60506,0.55402,0.61519,0.65096,0.6076,0.75347,0.62025,0.94155,0.71721,0.98061,0.79493,0.99169,0.79746,1,0.80253,1,0.87342,1,0.89114,1,0.89874,1,0.94177,1,0.9443,1,0.98,0.65928,1,0.57894,1,0.57064,1,0.29571,0.97368,0.14959,0.97215,0.03878,0.97494,0.01939,0.82784,0,0.84304,0,0.78228,0,0.74177,0.06094,0.68101,0.01869,0.64494,0.07286,0.57468,0.10803,0.56202,0.37396,0.02279,0.17191,0.29232,0.11352,0.46939,0.27815,0.10984,0.55349,0.38774,0.59068,0.26566,0.53036,0.53059,0.64848,0.09282,0.53931,0,0.01722,0.90175,0.8655,1,0.85845,0.64469,0.18341,0.77092,0.34707,0.74228,0.60064,0.78232,0.41098,0.98684],"triangles":[8,12,11,9,8,11,10,9,11,12,14,13,14,16,15,41,14,12,8,41,12,41,16,14,7,45,8,45,41,8,42,45,7,6,45,42,45,17,41,45,18,17,5,45,6,19,18,45,4,45,5,46,19,45,44,46,45,44,20,46,43,20,44,43,21,20,23,40,21,23,21,43,27,23,43,40,22,21,25,24,23,45,44,4,3,44,4,27,44,3,27,43,44,0,31,36,38,0,2,0,36,2,39,0,38,1,39,38,31,34,36,32,35,36,34,32,36,32,33,37,32,37,35,30,3,37,33,30,37,29,27,30,25,23,27,26,25,27,28,27,29,30,3,27],"vertices":[1,17,-39.33,-33.72,1,1,17,-40.05,20.98,1,1,17,-3.26,49.4,1,2,17,184.46,65.97,0.64899,21,108.02,89.71,0.35102,2,17,184.04,79.57,0.53262,21,120.76,84.94,0.46738,2,17,169.89,111.72,0.37129,21,155.88,85.86,0.62871,2,17,162.66,148.35,0.22197,21,192.52,78.67,0.77803,1,21,249.63,45.21,1,1,21,270.27,4.91,1,1,21,274.2,3.68,1,1,21,282.07,1.21,1,1,21,284.4,-26.98,1,1,21,282.98,-33.91,1,1,21,283.8,-36.96,1,1,21,278.8,-53.7,1,1,21,279.74,-54.75,1,1,21,275.03,-66.5,1,2,17,319.38,165.96,0.16164,21,149.42,-73.04,0.83836,2,17,325.92,137.54,0.19526,21,120.65,-68.32,0.80474,2,17,327.83,135.03,0.20425,21,117.6,-69.14,0.79575,2,17,346.31,31.44,0.47339,21,14.73,-46.99,0.52661,2,17,364.67,-13.01,0.49656,21,-33.36,-47.13,0.50345,2,17,375.71,-51.51,0.49808,21,-73.17,-42.76,0.50192,2,17,325.92,-75.92,0.4994,21,-76.89,12.56,0.5006,2,17,337.09,-90.06,0.49934,21,-94.22,7.58,0.50066,2,17,313.09,-94.04,0.49989,21,-88.8,31.3,0.50011,2,17,298.6,-101.1,0.50234,21,-89.84,47.39,0.49766,2,17,266.19,-80.47,0.5605,21,-58.47,69.57,0.4395,2,17,252.06,-94.81,0.57505,21,-66.38,88.07,0.42495,2,17,223.21,-84.58,0.66828,21,-45.99,110.9,0.33172,2,17,216.21,-79.58,0.7008,21,-38.7,115.47,0.2992,1,17,-16.38,-57.59,1,1,17,114.68,-69.98,1,2,17,178.55,-76.01,0.79668,21,-21.13,148.98,0.20332,1,17,47.9,-63.66,1,2,17,96.4,58.2,0.89953,21,134.2,174.14,0.10047,1,17,48.53,53.98,1,2,17,151.66,63.08,0.78674,21,117.77,121.15,0.21326,1,17,-22,34.92,1,1,17,-39.71,-4.7,1,2,17,352.34,-62.96,0.49847,21,-74.91,-16.8,0.50153,1,21,223.02,-69.21,1,2,17,166.44,181.39,0.14142,21,221.67,62.64,0.85858,1,21,-17.95,32.78,1,1,21,41.71,40.54,1,1,21,133.64,18.04,1,1,21,57.86,-56.28,1]}},"脚_1":{"脚_1":{"type":"mesh","hull":27,"uvs":[0,0.82769,0.06718,0.79126,0.17899,0.61761,0.18348,0.57272,0.36597,0.53629,0.50744,0.55874,0.56882,0.56156,0.5872,0.50269,0.53709,0.40457,0.63742,0.39341,0.49147,0.11599,0.49147,0.02917,0.5302,0,0.61444,0,0.69672,0.0543,0.80164,0.38199,0.84726,0.43266,0.99989,0.40175,0.97024,0.74086,0.99989,0.81089,0.99551,0.89772,0.68304,0.90054,0.53479,0.96223,0.39562,1,0.10372,1,0,0.94261,0.77429,0.63723,0.80842,0.55027,0.98304,0.59443,0.62823,0.69879,0.48917,0.73804,0.28392,0.78011],"triangles":[18,20,19,16,28,17,16,27,28,27,26,28,14,9,15,15,27,16,7,26,27,9,7,27,15,9,27,10,9,14,13,10,14,12,10,13,8,7,9,11,10,12,18,21,20,26,21,18,26,18,28,29,21,26,6,29,26,7,6,26,6,5,29,29,22,21,30,22,29,30,23,22,31,23,30,4,30,5,4,31,30,2,31,4,31,24,23,3,2,4,2,1,31,1,24,31,0,25,1,1,25,24,30,5,29],"vertices":[1,13,283.82,-26.62,1,1,13,251,-33.59,1,1,13,187.74,-86.34,1,1,13,182.31,-102.26,1,3,13,97.9,-98.44,0.53661,8,172.13,-109.96,0.2665,16,126.97,-162.51,0.19688,3,13,36.34,-77.01,0.43652,8,113.69,-81.08,0.35265,16,166.68,-110.82,0.21082,3,13,9.1,-70.23,0.38041,8,87.5,-70.98,0.37221,16,181.69,-87.09,0.24738,3,13,-3.61,-89.94,0.26778,8,72.45,-88.97,0.2741,16,166.98,-68.83,0.45812,3,13,11.32,-130.37,0.18406,8,82.26,-130.93,0.18248,16,123.91,-70.27,0.63346,3,13,-34.41,-125.03,0.04386,8,37.54,-119.97,0.05124,16,143.38,-28.55,0.9049,1,16,20.63,-34.34,1,1,16,-7.29,-18.1,1,1,16,-7.77,2.65,1,1,16,11.58,35.94,1,1,16,47.94,58.29,1,3,13,-108.74,-113.8,0.05008,8,-34.82,-99.64,0.11137,16,177.43,38.46,0.83854,3,13,-125.28,-91.08,0.06729,8,-48.43,-75.04,0.20239,16,204.2,47.02,0.73032,2,8,-118.13,-63.29,0.41594,16,229.32,113.09,0.58406,3,13,-156.78,32.66,0.10588,8,-64.37,51.64,0.39873,16,331.56,37.97,0.49539,3,13,-164.71,60.93,0.14621,8,-68.74,80.68,0.40141,16,360.89,36.6,0.45238,3,13,-156.13,92.13,0.18626,8,-56.36,110.58,0.39737,16,387.81,18.63,0.41638,3,13,-16.15,63.89,0.4269,8,79.05,65.23,0.43571,16,316.94,-105.35,0.13739,3,13,54.86,72.47,0.55861,8,150.57,64.95,0.34969,16,302.73,-175.45,0.0917,2,13,120,73.18,0.78907,8,215.3,57.6,0.21093,1,13,250.57,45.84,1,1,13,292.58,15.23,1,3,13,-77.04,-23.44,0.01971,8,7.82,-13.89,0.66284,16,253.22,-20.07,0.31745,3,13,-98.94,-51.9,0.0071,8,-17.44,-39.42,0.04768,16,233.1,9.68,0.94522,3,13,-173.68,-19.46,0.09342,8,-87.59,2.01,0.37171,16,287.41,70.41,0.53487,3,13,-7.01,-14.7,0.41511,8,78.38,-13.88,0.57107,16,239.47,-89.28,0.01382,3,13,58.18,-13.44,0.94643,8,143.24,-20.7,0.04613,16,220.15,-151.56,0.00744,2,13,153.19,-17.35,0.98769,8,237.03,-36.34,0.01231]}},"臂膀1":{"臂膀1":{"type":"mesh","hull":16,"uvs":[0.02258,0.26368,0.29839,0.00768,0.79225,0.01215,0.97742,0.13056,0.02258,0.74374,0.48516,0.69297,0.97742,0.76266,0.97742,0.87059,0.62936,1,0.21871,1,0.09903,0.93875,0.47162,0.85882,0.43032,1,0.02258,0.86471,0.50065,0.52098,0.50677,0.2555,0.55968,0,0.97742,0.2578,0.02258,0.52801,0.97742,0.52442],"triangles":[11,8,7,11,12,8,9,12,11,10,9,11,13,10,11,15,14,17,5,11,6,17,14,19,5,6,19,14,5,19,15,17,3,2,15,3,6,11,7,16,15,2,15,0,14,0,18,14,1,15,16,4,11,5,1,0,15,18,5,14,4,13,11,18,4,5],"vertices":[1,15,89.86,-79.59,1,1,15,-11.45,-39.8,1,1,15,-11.96,36.76,1,1,15,33.48,66.82,1,2,15,277.48,-74.06,0.85,20,1.06,-75.46,0.15,2,15,255.53,-2.97,0.88,20,-35.06,-10.41,0.12,2,15,280.52,74.09,0.84,20,-26.46,70.15,0.16,2,15,322.7,75.34,0.51,20,14.56,80.05,0.49,1,20,76.4,39.47,1,1,20,91.33,-22.4,1,2,15,353.35,-59.97,0.29,20,72.4,-46.05,0.71,2,15,320.41,-3.16,0.51,20,28.48,2.76,0.49,1,20,83.64,9.48,1,2,15,324.76,-72.67,0.51,20,47.04,-64.36,0.49,2,15,188.24,-2.56,0.99939,20,-100.99,-23.85,0.00061,1,15,84.45,-4.66,1,1,15,-15.64,0.59,1,1,15,83.2,68.28,1,1,15,193.17,-76.54,1,1,15,187.41,71.35,1]}},"臂膀2":{"臂膀2":{"type":"mesh","hull":19,"uvs":[0.03352,0.92449,0.26089,1,0.53352,1,0.79441,0.93265,0.92793,0.83099,0.89525,0.76888,0.9338,0.58878,0.96648,0.38724,0.96648,0.17449,0.92179,0.07461,0.77374,0,0.56927,0,0.33799,0.06109,0.21927,0.19082,0.14218,0.35613,0.11872,0.57666,0.10978,0.67398,0.03352,0.73521,0.65223,0.06901,0.60475,0.2287,0.56927,0.375,0.52765,0.58878,0.49218,0.77156,0.03352,0.83789,0.44748,0.88252],"triangles":[21,5,6,20,21,6,20,6,7,19,20,7,9,18,8,18,19,8,19,7,8,21,22,5,10,18,9,5,22,4,11,18,10,15,21,20,12,13,19,12,19,18,11,12,18,16,22,21,13,14,20,14,15,20,13,20,19,15,16,21,16,17,22,22,3,4,22,24,3,24,2,3,24,1,2,23,24,22,17,23,22,0,1,24,23,0,24],"vertices":[1,22,80.24,-57.51,1,2,22,106.05,-10,0.99141,18,374.94,-26.93,0.00859,1,22,95.35,37.62,1,1,22,53.5,76.08,1,2,22,9.38,90.66,0.50395,18,295.73,87.97,0.49605,2,22,-13.09,79.62,0.15,18,271.77,80.69,0.85,1,18,200.88,83.38,1,1,18,121.67,84.53,1,1,18,38.42,79.57,1,1,18,-0.18,69.26,1,1,18,-33.75,40.72,1,1,18,-31.57,4.18,1,1,18,0.73,-35.37,1,1,18,52.75,-53.56,1,1,18,118.26,-63.49,1,1,18,204.81,-62.54,1,2,22,-18.57,-65.72,0.12,18,242.98,-61.88,0.88,2,22,7.84,-73.78,0.5,18,267.75,-74.08,0.5,1,18,0.49,20.97,1,1,18,63.48,16.2,1,1,18,121.11,13.27,1,1,18,205.2,10.81,1,2,22,3.75,9.45,0.17,18,277.1,8.73,0.83,1,22,47.11,-64.95,1,1,22,47.94,11.18,1]}},"身体":{"身体":{"type":"mesh","hull":27,"uvs":[0.35,0.93971,0.2681,0.86136,0.21748,0.66074,0.17684,0.54669,0,0.36923,0,0.20447,0.04705,0.15581,0.17895,0.05993,0.45968,0,0.61358,0.04589,0.79737,0.24142,0.90158,0.55036,0.97042,0.69258,1,0.77576,0.92421,0.97692,0.80894,1,0.34569,0.18023,0.44863,0.38014,0.54431,0.63014,0.86263,0.41155,0.61315,0.80206,0.64358,0.90501,0.50626,0.99597,0.64389,1,0.24006,0.77279,0.58295,0.71958,0.95424,0.61244,0.99063,0.90794,0.65611,0.02292,0.73942,0.15495,0.71738,0.06274,0.11049,0.15078,0.29182,0.00157],"triangles":[10,17,19,29,17,10,9,16,29,16,17,29,30,9,29,28,9,30,8,16,9,32,16,8,16,4,17,4,3,17,31,4,16,32,7,16,7,31,16,5,4,31,6,5,31,26,25,12,25,20,12,11,25,26,19,18,11,18,25,11,17,18,19,25,1,20,18,24,25,24,1,25,17,3,18,3,2,18,2,24,18,15,14,27,21,15,27,12,20,13,21,27,13,20,21,13,21,23,15,21,22,23,1,0,20,22,0,21,20,0,21],"vertices":[1,7,82.06,-116.61,1,2,7,38.31,-155.56,0.50471,5,-25.09,161.67,0.49529,2,7,-73.81,-179.76,0.43321,5,89.51,156.77,0.56678,2,5,156.06,159.44,0.515,11,12.28,163.31,0.485,1,11,140.31,185.81,1,1,11,219.84,139.36,1,1,11,232.05,106.34,1,1,11,246.74,25.21,1,1,11,208.45,-106.86,1,1,11,149.39,-157.02,1,2,5,247.19,-168.73,0.49428,11,10.98,-177.27,0.50572,2,7,-135.93,145.11,0.42523,5,67.59,-173.26,0.57477,2,7,-56.47,177.91,0.49435,5,-17.58,-184.93,0.50565,1,7,-9.99,192.02,1,1,7,102.51,156.17,1,1,7,115.48,101.44,1,2,5,334.19,30.34,0.00378,11,148.72,-9.26,0.99621,2,5,213.74,11.09,0.02755,11,27.56,4.88,0.97245,3,7,-91.11,-24.53,0.00054,5,67.05,2.21,0.99913,11,-116.03,36.12,0.00033,2,5,147.34,-174.84,0.51359,11,-86.78,-156.07,0.48641,2,7,4.95,8.29,0.88278,5,-34.18,-5.3,0.11722,1,7,62.48,22.82,1,1,7,113.42,-42.35,1,1,7,115.58,23.04,1,2,7,-11.18,-168.95,0.4663,5,26.18,162.12,0.5337,3,7,-41.13,-6.12,0.00517,5,14.05,-2.99,0.99453,11,-168.46,45.49,0.00029,2,7,-101.26,170.17,0.47503,5,27.72,-188.76,0.52497,1,7,63.91,187.67,1,1,11,150.29,-180.93,1,2,5,300.88,-154.24,0.2,11,66.59,-177.88,0.8,1,11,116.39,-194.83,1,1,5,378.2,134.34,1,1,11,247.86,-37.54,1]}},"领带":{"领带":{"x":182.34,"y":-12.51,"rotation":114.21,"width":342,"height":423}}}}],"animations":{"death":{"slots":{"大腿1":{"color":[{"color":"ffffffff"},{"time":0.2083,"color":"000000ff","curve":"stepped"},{"time":1.25,"color":"000000ff"},{"time":1.6667,"color":"00000000"}]},"大腿2":{"color":[{"color":"ffffffff"},{"time":0.2083,"color":"000000ff","curve":"stepped"},{"time":1.25,"color":"000000ff"},{"time":1.6667,"color":"00000000"}]},"头":{"color":[{"color":"ffffffff"},{"time":0.2083,"color":"000000ff","curve":"stepped"},{"time":1.25,"color":"000000ff"},{"time":1.6667,"color":"00000000"}]},"帽2":{"color":[{"time":1.25,"color":"ffffffff"},{"time":1.6667,"color":"ffffff00"}]},"手1":{"color":[{"color":"ffffffff"},{"time":0.2083,"color":"000000ff","curve":"stepped"},{"time":1.25,"color":"000000ff"},{"time":1.6667,"color":"00000000"}]},"手2":{"color":[{"time":1.25,"color":"ffffffff"},{"time":1.6667,"color":"ffffff00"}]},"手臂1":{"color":[{"color":"ffffffff"},{"time":0.2083,"color":"000000ff","curve":"stepped"},{"time":1.25,"color":"000000ff"},{"time":1.6667,"color":"00000000"}]},"手臂2":{"color":[{"color":"ffffffff"},{"time":0.2083,"color":"000000ff","curve":"stepped"},{"time":1.25,"color":"000000ff"},{"time":1.6667,"color":"00000000"}]},"眼睛1_":{"color":[{"time":1.25,"color":"ffffffff"},{"time":1.6667,"color":"ffffff00"}]},"眼睛2_":{"color":[{"time":1.25,"color":"ffffffff"},{"time":1.6667,"color":"ffffff00"}]},"绷带":{"color":[{"time":1.25,"color":"ffffffff"},{"time":1.6667,"color":"ffffff00"}]},"脚2":{"color":[{"color":"ffffffff"},{"time":0.2083,"color":"000000ff","curve":"stepped"},{"time":1.25,"color":"000000ff"},{"time":1.6667,"color":"00000000"}]},"脚_1":{"color":[{"color":"ffffffff"},{"time":0.2083,"color":"000000ff","curve":"stepped"},{"time":1.25,"color":"000000ff"},{"time":1.6667,"color":"00000000"}]},"腰":{"color":[{"color":"ffffffff"},{"time":0.2083,"color":"000000ff","curve":"stepped"},{"time":1.25,"color":"000000ff"},{"time":1.6667,"color":"00000000"}]},"臂膀1":{"color":[{"color":"ffffffff"},{"time":0.2083,"color":"000000ff","curve":"stepped"},{"time":1.25,"color":"000000ff"},{"time":1.6667,"color":"00000000"}]},"臂膀2":{"color":[{"color":"ffffffff"},{"time":0.2083,"color":"000000ff","curve":"stepped"},{"time":1.25,"color":"000000ff"},{"time":1.6667,"color":"00000000"}]},"身体":{"color":[{"color":"ffffffff"},{"time":0.2083,"color":"000000ff","curve":"stepped"},{"time":1.25,"color":"000000ff"},{"time":1.6667,"color":"00000000"}]},"领带":{"color":[{"color":"ffffffff"},{"time":0.2083,"color":"000000ff","curve":"stepped"},{"time":1.25,"color":"000000ff"},{"time":1.6667,"color":"00000000"}]}},"bones":{"手臂2":{"rotate":[{},{"time":0.2083,"angle":-5.89},{"time":0.375,"angle":-65.04},{"time":0.4583,"angle":-16.7},{"time":0.625,"angle":-72.4}]},"手2":{"rotate":[{},{"time":0.2083,"angle":28.31},{"time":0.375,"angle":-29.27},{"time":0.4583,"angle":-35.51},{"time":0.625,"angle":16.73},{"time":1.25,"angle":-0.44}]},"臂膀2":{"rotate":[{},{"time":0.2083,"angle":-5.13},{"time":0.375,"angle":16.77},{"time":0.4583,"angle":1.94},{"time":0.625,"angle":5.08}]},"头":{"rotate":[{},{"time":0.2083,"angle":18.25},{"time":0.375,"angle":-39.19},{"time":0.625,"angle":-3.38},{"time":0.7917,"angle":54.97},{"time":0.9583,"angle":45.29},{"time":1.0417,"angle":54.64},{"time":1.125,"angle":45.29},{"time":1.25,"angle":47.41}],"translate":[{"time":0.7917},{"time":0.9583,"x":-9.64,"y":22.21},{"time":1.0417,"x":-70.46,"y":162.33},{"time":1.125,"x":-121.27,"y":150.17},{"time":1.25,"x":-108.8,"y":151.27}]},"脚2":{"rotate":[{},{"time":0.2083,"angle":-12.7},{"time":0.375,"angle":-87.09},{"time":0.625,"angle":147.07}]},"大腿2":{"rotate":[{},{"time":0.2083,"angle":5.02},{"time":0.375,"angle":28.07},{"time":0.625,"angle":-22.75}]},"脚_1":{"rotate":[{},{"time":0.2083,"angle":44.38},{"time":0.375,"angle":98.9},{"time":0.625,"angle":122.49}]},"身体":{"rotate":[{},{"time":0.2083,"angle":-1.14},{"time":0.375,"angle":0.49},{"time":0.625,"angle":21.83}]},"大腿1":{"rotate":[{},{"time":0.2083,"angle":10.03},{"time":0.375,"angle":16.53},{"time":0.625,"angle":-33.28}]},"大腿21":{"rotate":[{},{"time":0.2083,"angle":-18.65,"curve":"stepped"},{"time":0.375,"angle":-18.65},{"time":0.625,"angle":-59.18}]},"手臂1":{"rotate":[{},{"time":0.2083,"angle":-14.02},{"time":0.375,"angle":-78.46},{"time":0.625,"angle":-42.01}]},"臂膀11":{"rotate":[{},{"time":0.2083,"angle":-21.57},{"time":0.375,"angle":47.44},{"time":0.625,"angle":-3.34}]},"臂膀1":{"rotate":[{},{"time":0.2083,"angle":-33.53},{"time":0.375,"angle":-21.95},{"time":0.625,"angle":-15.78}],"translate":[{},{"time":0.2083,"x":65.62,"y":-100.65},{"time":0.375,"x":-50.41,"y":-346.48},{"time":0.4583,"x":-88.29,"y":-291.68},{"time":0.625,"x":18.09,"y":-379.84}]},"bone_ikTarget_left":{"rotate":[{"time":0.2083},{"time":0.2917,"angle":51.86},{"time":0.375,"angle":142.42}],"translate":[{},{"time":0.2083,"x":236.38},{"time":0.2917,"x":239.01,"y":115.44},{"time":0.375,"x":-120.29}]},"bone_ikTarget_right":{"translate":[{"time":0.2083},{"time":0.375,"x":260.98}]},"脚_11":{"rotate":[{"time":0.2083},{"time":0.2917,"angle":59.28},{"time":0.375,"angle":72.24}]},"身体1":{"rotate":[{},{"time":0.2083,"angle":-5.94},{"time":0.375,"angle":8.87},{"time":0.625,"angle":30.2}]},"脚_12":{"rotate":[{"angle":0.11},{"time":0.2083,"angle":-49.81},{"time":0.375,"angle":-109.38},{"time":0.625,"angle":-3.48}]},"脚21":{"rotate":[{},{"time":0.2083,"angle":23.43},{"time":0.375,"angle":74.67},{"time":0.625,"angle":-108.65}]},"bone":{"rotate":[{},{"time":0.2083,"angle":24.21}]}}},"kenyao":{"bones":{"臂膀1":{"rotate":[{},{"time":0.4167,"angle":7.13},{"time":0.8333}],"translate":[{},{"time":0.4167,"x":74.65,"y":-64.91},{"time":0.8333,"x":20.65},{"time":1}]},"身体":{"rotate":[{"time":0.0833},{"time":0.5,"angle":7.43},{"time":0.9167}]},"身体1":{"rotate":[{"time":0.1667},{"time":0.5833,"angle":7.43},{"time":1}]},"脚_12":{"rotate":[{"angle":0.11}]},"头":{"rotate":[{"angle":-10.16},{"time":0.1667,"angle":-19.37},{"time":0.3333,"angle":8.27},{"time":0.6667,"angle":26.33},{"time":1,"angle":-10.16}]},"臂膀11":{"rotate":[{"angle":-4.78},{"time":0.5,"angle":15.11},{"time":1,"angle":-4.78}]},"臂膀2":{"rotate":[{"angle":-24.01},{"time":0.25,"angle":-35.5},{"time":0.75,"angle":-12.52},{"time":1,"angle":-24.01}],"translate":[{"x":-77.62,"y":-80.24}]},"手臂2":{"rotate":[{"angle":-12.2},{"time":0.3333,"angle":-24.83},{"time":0.8333,"angle":-8.39},{"time":1,"angle":-12.2}]},"手臂1":{"rotate":[{"angle":-64.26},{"time":0.0833,"angle":-59.47},{"time":0.5833,"angle":-88.23},{"time":1,"angle":-64.26}]},"bone":{"rotate":[{"angle":11.16},{"time":0.1667,"angle":16.91},{"time":0.3333,"angle":-17.54},{"time":0.6667,"angle":2.1},{"time":1,"angle":11.16}],"translate":[{"x":-60.07,"y":20.11},{"time":0.1667,"x":-51.28,"y":75.12},{"time":0.3333,"x":55.58,"y":98.68},{"time":0.5833,"x":39.59,"y":-17.88},{"time":0.6667,"x":63.76,"y":-33.03},{"time":1,"x":-60.07,"y":20.11}]}}},"move":{"bones":{"bone_ikTarget_right":{"rotate":[{"time":1.0417},{"time":1.6667,"angle":-24.27},{"time":1.875,"angle":-42.83},{"time":2.0833}],"translate":[{"x":400.88},{"time":0.5833,"x":557.9},{"time":1.0417,"x":616.07},{"time":1.6667,"x":352.04,"y":115.31},{"time":1.875,"x":176.02,"y":157.39},{"time":2,"x":70.41,"y":2.68},{"time":2.0833},{"time":2.5,"x":400.88}]},"臂膀1":{"rotate":[{"angle":-5.57},{"time":0.5833,"angle":-0.1},{"time":1.0417,"angle":23.11},{"time":1.6667,"angle":8.32},{"time":2.5,"angle":-5.57}],"translate":[{"x":355.44,"y":-145.35},{"time":0.5833,"x":300.25,"y":-70.32},{"time":0.8333,"x":270.08,"y":-2.6},{"time":1.0417,"x":333.41,"y":-89.22},{"time":1.375,"x":251.48,"y":-11.31},{"time":1.6667,"x":167.59,"y":23.08},{"time":2.0833,"x":52.64,"y":-37.98},{"time":2.5,"x":355.44,"y":-145.35}]},"bone_ikTarget_left":{"rotate":[{"angle":28.8},{"time":0.5833,"angle":65.68},{"time":0.7083,"angle":95.02},{"time":0.8333,"angle":43.45},{"time":0.9583,"angle":-18.4},{"time":1.0417,"angle":-5.27},{"time":1.6667,"angle":-3.01},{"time":2.5,"angle":28.8}],"translate":[{"x":576.95,"y":156.06},{"time":0.5833,"x":415.16,"y":207.69},{"time":0.8333,"x":173.35,"y":239.13},{"time":0.9583,"x":-96.95,"y":65.92},{"time":1.0417,"x":-71.72},{"time":1.375,"x":36.46},{"time":2.5,"x":576.95,"y":156.06}]},"身体":{"rotate":[{"angle":5.71},{"time":0.5833,"angle":-5.14},{"time":1.0417,"angle":-19.15},{"time":1.6667,"angle":-1.03},{"time":2.5,"angle":5.71}]},"大腿1":{"rotate":[{"angle":-7.87},{"time":0.5833,"angle":-6.31},{"time":1.0417,"angle":-65.02},{"time":2.5,"angle":-7.87}],"translate":[{},{"time":0.5833,"x":-36.24,"y":32.84},{"time":0.8333,"x":13.09,"y":29.63},{"time":0.9583,"x":-15.55,"y":-50.92},{"time":1.0417,"x":-0.27,"y":-74.38},{"time":1.375,"x":3.9,"y":11.8},{"time":1.6667,"x":-7.22,"y":18.85},{"time":2.0417,"x":20.53,"y":3.59},{"time":2.0833,"x":28.37,"y":10.63},{"time":2.5}]},"大腿2":{"rotate":[{"angle":47.68},{"time":0.5833,"angle":35.02},{"time":1.0417,"angle":23.6},{"time":1.6667,"angle":-66.74},{"time":2.5,"angle":47.68}],"translate":[{"time":1.0417},{"time":2.0833,"x":30.34,"y":0.85},{"time":2.5}]},"身体1":{"rotate":[{"angle":0.9},{"time":0.5833,"angle":-6.36},{"time":0.8333,"angle":8.49},{"time":1.0417,"angle":12.43},{"time":1.6667,"angle":-19.43},{"time":2.5,"angle":0.9}],"translate":[{"time":0.5833},{"time":0.8333,"x":-33.6,"y":-4.29},{"time":1.0417}]},"臂膀2":{"rotate":[{"angle":-22.7},{"time":0.5833,"angle":-15.04},{"time":1.0417,"angle":-49.76},{"time":1.6667,"angle":28.2},{"time":2.0833,"angle":5.07},{"time":2.5,"angle":-22.7}],"translate":[{"x":-87.07,"y":59.19},{"time":0.5833,"x":-78.6,"y":119.43},{"time":1.0417,"x":-100.22,"y":10.36},{"time":1.6667,"x":-123.86,"y":111.06},{"time":2.0833,"x":-59.77,"y":75.93},{"time":2.5,"x":-87.07,"y":59.19}]},"脚_1":{"rotate":[{"angle":53.26},{"time":0.5833,"angle":6.66},{"time":1.0417,"angle":36.1},{"time":2.5,"angle":53.26}]},"脚2":{"rotate":[{"angle":-68.6},{"time":0.5833,"angle":-74.82},{"time":1.0417,"angle":-11.77},{"time":1.6667,"angle":96.72},{"time":2.5,"angle":-68.6}]},"臂膀11":{"rotate":[{"angle":35.01},{"time":0.5833,"angle":53.38},{"time":1.0417,"angle":38.08},{"time":1.6667,"angle":17.52},{"time":2.0833,"angle":-3.05},{"time":2.5,"angle":35.01}],"translate":[{"x":-9.98,"y":25.73},{"time":0.5833},{"time":1.0417,"x":10.85,"y":-5.63},{"time":2.0833,"x":-28.66,"y":43.14},{"time":2.5,"x":-9.98,"y":25.73}]},"头":{"rotate":[{"angle":-11.97},{"time":0.5833,"angle":18.74},{"time":0.8333,"angle":-0.12},{"time":1.0417,"angle":-3.38},{"time":1.375,"angle":19.25},{"time":1.6667,"angle":15.67},{"time":2.0833,"angle":-2.36},{"time":2.2917,"angle":-8.11},{"time":2.5,"angle":-11.97}],"translate":[{"x":-36.84,"y":2.51,"curve":"stepped"},{"time":0.5833,"x":-36.84,"y":2.51},{"time":1.0417,"x":-62.08,"y":17.58},{"time":1.6667,"x":-48.56,"y":14.87},{"time":2.0833,"x":-24.21,"y":7.65},{"time":2.5,"x":-36.84,"y":2.51}]},"脚21":{"rotate":[{"angle":50.68},{"time":0.5833,"angle":16.67},{"time":1.0417,"angle":-61.93},{"time":1.6667,"angle":-49.38},{"time":2.5,"angle":50.68}]},"手臂2":{"rotate":[{"angle":7.53},{"time":0.5833,"angle":0.61},{"time":1.0417,"angle":13.58},{"time":1.6667,"angle":-66.33},{"time":2.0833,"angle":-24.65},{"time":2.5,"angle":7.53}]},"脚_11":{"rotate":[{"angle":60.15},{"time":0.5833,"angle":39.16},{"time":0.8333,"angle":-19.57},{"time":1.0417,"angle":38.12},{"time":2.5,"angle":60.15}]},"手臂1":{"rotate":[{"angle":-60.81},{"time":0.5833,"angle":-61.89},{"time":1.0417,"angle":-30.14},{"time":2.0833,"angle":-2.56},{"time":2.5,"angle":-60.81}]},"大腿21":{"rotate":[{"angle":-16.4},{"time":0.5833,"angle":18.53},{"time":1.0417,"angle":-73.49},{"time":1.6667,"angle":0.72},{"time":2.0833,"angle":-46.36},{"time":2.5,"angle":-16.4}]},"手2":{"rotate":[{"angle":-7.51},{"time":0.5833,"angle":5.26},{"time":1.0417,"angle":3.93},{"time":1.6667,"angle":44.67},{"time":2.0833,"angle":15.71},{"time":2.5,"angle":-7.51}],"translate":[{"x":-3,"y":16.03},{"time":0.5833,"curve":"stepped"},{"time":2.0833},{"time":2.5,"x":-3,"y":16.03}]},"脚_12":{"rotate":[{"angle":-9.73}]},"bone":{"rotate":[{"time":1.0417},{"time":1.6667,"angle":10.61},{"time":2.5}],"translate":[{"x":-21.24,"y":35.65},{"time":0.5833,"x":-41.17,"y":28.33},{"time":1.0417},{"time":1.6667,"x":-30.38,"y":41.29},{"time":2.5,"x":-21.24,"y":35.65}]},"领带":{"rotate":[{"angle":15.46},{"time":0.5833,"angle":19.81},{"time":0.8333,"angle":6.49},{"time":1.0417,"angle":-10.05},{"time":1.4167,"angle":14.92},{"time":1.6667,"angle":23.43},{"time":1.9583,"angle":13.44},{"time":2.2917,"angle":22.29},{"time":2.5,"angle":15.46}]},"bone1":{"translate":[{"x":-285.44},{"time":0.5833,"x":-301.74},{"time":0.8333,"x":-229},{"time":1.0417,"x":-212.7},{"time":1.375,"x":-161.51},{"time":1.6667,"x":-83.38},{"time":2.0833,"x":-42.97},{"time":2.5,"x":-285.44}]}}}}},[0]]],0,0,[0],[-1],[0]]