[1,["ecpdLyjvZBwrvm+cedCcQy","caohSHbS5GEIzmwCrnMGn5","7a/QZLET9IDreTiBfRn2PD","7aKVSYjxdIO5IIx2FT60fw","dfMmHFPAFNmZDOgSb9HCJW","11aX3SpyRCQ5Ea1ipmYGdA","384w4kV5JAurVtdLwsxF79","7ePqw7z7xFCp9GjHIZag91","b7+2Y3/ehMH5++mYZDEvYt","a5eMDdha5A8JGI3qKzgEqe","a5Qi1k0ClM2ovGuHRQPO1e","1ezgZnlt5Fxp08YYq27dev","a2MjXRFdtLlYQ5ouAFv/+R","2feRlJ3QNFh5DUZG3E5FSJ","0eTMtHVPxAN7MDG9Tfj3EY","bayVZcpI9LxqhS9TJisqNz","2eYLUKo6tPT57j6FrILgK/","c4x1NSaXdL5qwImDtf0sal","b4Ddtp8PRMPYNCLfFQak7Y","45ogOoLV9BRYGksemesMc2","170ZxH8xxGS5TU5IQ6gANE","1cfVLMD2RMv4InAu/Wgpfl","65ybVT/JhNvbjVcDxJ07U+","5b2E3BaVNNzZPAk8+DkCbZ","cewM4FpAdEJaPkXQrVBDd9","5aJ6ayw+xNfpVCmwnMCV/t","cdiQbOo4JJYLE/gh1dvDMk","abf4+1kJ9LropfVB0N7jVg","00oZKqUiZEOoy2m/qzema8","63S1uKRDRF56J789BGD6WB","45fN5Sw0FGdo2MgVw/hEDR","e9grstvMFLgoHhYxka0Pqi","3ca5H/+0VDk5recSnvFCQJ","0drTkSQ4RHq7CsKsY2eDgv"],["node","_spriteFrame","_N$file","_parent","_N$skeletonData","root","_textureSetter","icon","spineAnimation","daveFreeSunNode","davePowerNode","scroll","PlantOnHideBtn","PlantOnShowBtn","ResOnHideBtn","ResOnShowBtn","PlantContent","ResContent","GardenGiftItem","PlayPucketGiftItem","DaveGiftItem","BeginGiftItem","data","PlantGiftPre"],[["cc.Node",["_name","_active","_opacity","_prefab","_contentSize","_parent","_components","_trs","_children","_color","_eulerAngles","_anchorPoint"],0,4,5,1,9,7,2,5,5,5],["cc.Sprite",["_sizeMode","_type","_isTrimmedMode","node","_materials","_spriteFrame"],0,1,3,6],"cc.SpriteFrame",["cc.Widget",["_alignFlags","_originalWidth","_originalHeight","_left","_right","_bottom","_top","node"],-4,1],["sp.Skeleton",["defaultSkin","_preCacheMode","_animationName","_N$enableBatch","defaultAnimation","node","_materials","_N$skeletonData"],-2,1,3,6],["cc.Node",["_name","_components","_prefab","_children","_contentSize","_trs","_parent","_anchorPoint","_eulerAngles"],2,12,4,2,5,7,1,5,5],["cc.PrefabInfo",["fileId","root","asset"],2,1,1],["cc.Layout",["_N$layoutType","_N$paddingLeft","_N$paddingRight","_N$paddingTop","_N$spacingX","_N$spacingY","_resize","node","_layoutSize"],-4,1,5],["cc.ClickEvent",["_componentId","handler","customEventData","target"],0,1],["cc.Label",["_string","_fontSize","_isSystemFontUsed","_lineHeight","_N$horizontalAlign","_N$verticalAlign","node","_materials","_N$file"],-3,1,3,6],["cc.Prefab",["_name"],2],["cc.Node",["_name","_parent","_children","_prefab","_trs","_eulerAngles"],2,1,12,4,7,5],["cc.Node",["_name","_parent","_children","_components","_prefab"],2,1,9,9,4],["cc.BlockInputEvents",["node"],3,1],["bc5dc2EWZNPwLCCVXzeqoqV",["node","BeginGiftItem","DaveGiftItem","PlayPucketGiftItem","GardenGiftItem","ResContent","PlantContent","ResOnShowBtn","ResOnHideBtn","PlantOnShowBtn","PlantOnHideBtn","scroll","plantImg","davePowerNode","daveFreeSunNode","PlantGiftPre"],3,1,1,1,1,1,1,1,1,1,1,1,1,3,1,1,6],["cc.Mask",["_N$alphaThreshold","node","_materials"],2,1,3],["cc.Button",["_N$transition","node","clickEvents"],2,1,9],["261d4+Q1HdGA5w3tjdBw83c",["node","spineAnimation"],3,1,1],["7ff46OJBOxMo526UYe9FYB3",["node","icon"],3,1,1],["cc.LabelOutline",["_width","node","_color"],2,1,5],["cc.ScrollView",["vertical","brake","bounceDuration","_N$horizontalScrollBar","_N$verticalScrollBar","node","_N$content"],-2,1,1]],[[6,0,1,2,2],[9,0,1,3,2,6,7,8,5],[19,0,1,2,2],[0,0,5,8,6,3,4,7,2],[1,3,4,5,1],[0,0,5,6,3,9,4,7,2],[0,0,5,6,3,4,7,2],[16,0,1,2,2],[1,1,0,2,3,4,5,4],[0,0,8,6,3,4,7,2],[0,0,6,3,9,4,7,10,2],[0,0,5,6,3,9,4,7,10,2],[0,0,5,8,3,4,7,2],[0,0,5,8,3,2],[0,0,1,5,6,3,4,7,3],[5,0,1,2,4,5,8,2],[6,0,1,2],[1,1,0,3,4,5,3],[1,0,3,4,5,2],[1,0,3,4,2],[8,0,1,2,3,4],[18,0,1,1],[9,0,1,2,4,5,6,7,8,6],[4,0,4,1,2,3,5,6,7,6],[0,0,5,8,3,4,7,10,2],[5,0,3,1,2,2],[8,0,1,3,3],[17,0,1,1],[0,0,1,8,6,3,4,7,3],[0,0,8,6,3,2],[0,0,5,3,2],[0,0,5,6,3,4,2],[0,0,5,6,3,9,4,2],[12,0,1,2,3,4,2],[3,0,3,4,5,1,2,7,7],[3,0,1,2,7,4],[4,0,4,1,2,3,5,6,6],[10,0,2],[0,0,8,6,3,4,11,2],[0,0,5,8,6,3,4,11,2],[0,0,1,5,8,6,3,4,7,3],[0,0,5,3,4,2],[0,0,1,5,6,3,4,11,7,3],[0,0,2,5,6,3,9,4,3],[0,0,5,8,3,7,10,2],[0,0,1,5,8,3,4,7,3],[0,0,5,6,3,2],[5,0,6,3,1,2,4,7,5,2],[11,0,1,2,3,4,5,2],[3,0,7,2],[3,0,3,4,6,5,1,2,7,8],[13,0,1],[14,0,1,2,3,4,5,6,7,8,9,10,11,12,13,14,15,1],[6,1,2,1],[7,0,1,2,3,4,5,7,8,7],[7,6,0,1,2,3,4,5,7,8,8],[15,0,1,2,2],[4,0,1,5,6,7,3],[4,0,1,2,3,5,6,5],[20,0,1,2,3,4,5,6,6]],[[[{"name":"gardengift","rect":[0,0,238,302],"offset":[0,0],"originalSize":[238,302],"capInsets":[0,0,0,0]}],[2],0,[0],[6],[10]],[[{"name":"playgift","rect":[0,0,238,302],"offset":[0,0],"originalSize":[238,302],"capInsets":[0,0,0,0]}],[2],0,[0],[6],[11]],[[[37,"GiftView"],[9,"GiftView",[-18,-19],[[49,45,-2],[51,-3],[52,-17,-16,-15,-14,-13,-12,-11,-10,-9,-8,-7,-6,[125,126,127,128,129,130],-5,-4,124]],[53,-1,0],[5,1280,720],[640,360,0,0,0,0,1,1,1,1]],[9,"giftItem",[-21,-22,-23,-24,-25,-26,-27],[[4,-20,[32],33]],[0,"45rufvOIdO8bn9kFHYEqZH",1,0],[5,238,302],[-262.5,-171,0,0,0,0,1,1,1,1]],[9,"giftItem",[-29,-30,-31,-32,-33,-34,-35],[[4,-28,[60],61]],[0,"00N1WDagJPEa7H/Ae532EE",1,0],[5,238,302],[-4.5,-171,0,0,0,0,1,1,1,0]],[38,"content",[2,3,-38,-39],[[54,3,15,15,20,20,10,-36,[5,793,462]],[34,13,-0.30000000000001137,-43.80000000000001,-0.1999999999999318,880,420,-37]],[0,"9fvfzdCOFEeqcHrxfdRHZF",1,0],[5,793,462],[0,0.5,1]],[3,"giftItem",4,[-41,-42,-43,-44,-45],[[4,-40,[77],78]],[0,"d2sG8oFw9LcIAhv2ktpc0H",1,0],[5,238,302],[253.5,-171,0,0,0,0,1,1,1,0]],[3,"giftItem",4,[-47,-48,-49,-50,-51],[[4,-46,[97],98]],[0,"48u4gNgYBBzJkAGL+MsoGp",1,0],[5,238,302],[-262.5,-483,0,0,0,0,1,1,1,0]],[3,"board",1,[-53,-54,-55,-56,-57],[[8,1,0,false,-52,[122],123]],[0,"79if67nshKTrN/ovWVOpFz",1,0],[5,824.4,561.5],[37.721,3.5,0,0,0,0,1,1,1,1]],[47,"New ScrollView",7,[-61],[[-58,[50,45,16,16,78.64999999999999,21.049999999999983,880,420,-59],[8,1,0,false,-60,[100],101]],1,4,4],[0,"7bSjmjb4VGxqeqZ65zvDpr",1,0],[5,792.4,461.80000000000007],[0,0.5,1],[0,202.10000000000002,0,0,0,0,1,1,1,1]],[39,"view",8,[4,-64],[[56,0,-62,[99]],[35,45,880,420,-63]],[0,"a1IJ4i8cxOea8AmkqkZ4tL",1,0],[5,792.4,461.80000000000007],[0,0.5,1]],[3,"btn_5",2,[-67,-68],[[17,1,0,-65,[28],29],[7,3,-66,[[20,"bc5dc2EWZNPwLCCVXzeqoqV","clickVideoBtn","0",1]]]],[0,"0cu0WoD6dLZpd5MFDAMHBr",1,0],[5,200,68],[0,-243.976,0,0,0,0,1,1,1,0]],[3,"btn_5",3,[-71,-72],[[17,1,0,-69,[56],57],[7,3,-70,[[20,"bc5dc2EWZNPwLCCVXzeqoqV","clickVideoBtn","1",1]]]],[0,"32HaM0mHhMDKoZ27dE4KWv",1,0],[5,200,68],[0,-243.976,0,0,0,0,1,1,1,0]],[3,"btn_5",5,[-75,-76],[[17,1,0,-73,[73],74],[7,3,-74,[[20,"bc5dc2EWZNPwLCCVXzeqoqV","clickVideoBtn","2",1]]]],[0,"8fEvWWoW9G2L6X1ff+X+Il",1,0],[5,200,68],[0,-243.976,0,0,0,0,1,1,1,0]],[3,"btn_5",6,[-79,-80],[[17,1,0,-77,[93],94],[7,3,-78,[[20,"bc5dc2EWZNPwLCCVXzeqoqV","clickVideoBtn","3",1]]]],[0,"44VJ9fOY5NkKyKAXfdNb2c",1,0],[5,200,68],[0,-243.976,0,0,0,0,1,1,1,0]],[9,"resShow",[-82,-83],[[8,1,0,false,-81,[106],107]],[0,"19Ka+nMTpKKo8QpQ9NgGrE",1,0],[5,220.8,75.5],[-1.3,0.3,0,0,0,0,1,1,1,1]],[28,"resHide",false,[-86],[[8,1,0,false,-84,[110],111],[7,3,-85,[[26,"bc5dc2EWZNPwLCCVXzeqoqV","clickShowResBtn",1]]]],[0,"6c9t+xBSBMwrvnVujZ7BLH",1,0],[5,198.8,75.5],[-12.3,0.3,0,0,0,0,1,1,1,0]],[28,"plantShow",false,[-88,-89],[[8,1,0,false,-87,[116],117]],[0,"a7exKz4ZJDrYgbDgKl59y/",1,0],[5,220.8,75.5],[-1.3,0.3,0,0,0,0,1,1,1,1]],[9,"plantHide",[-92],[[8,1,0,false,-90,[120],121],[7,3,-91,[[26,"bc5dc2EWZNPwLCCVXzeqoqV","clickShowPlantBtn",1]]]],[0,"6bflzfeXlKsZzZskY6Kivx",1,0],[5,198.8,75.5],[-12.3,0.3,0,0,0,0,1,1,1,0]],[25,"cherry_bomb",[-96],[[-93,[27,-95,-94]],1,4],[0,"198iK3sU1EBbvNAlaTj6Bq",1,0]],[15,"adTickIcon",[[-98,[21,-100,-99]],1,4],[16,"f7C5LfbMxCc7K1NRSNfTAF",-97],[5,44.1,36.5],[-2.1,-0.7,0,0,0,0.13917310096006544,0.9902680687415704,1,1,1],[1,0,0,16]],[40,"powerIcon",false,3,[-102],[[4,-101,[40],41]],[0,"aamFDRJutJFqWcq96WfLhr",1,0],[5,81,82],[29.887,-57.906,0,0,0,0,1,1,1,1]],[25,"cherry_bomb",[-106],[[-103,[27,-105,-104]],1,4],[0,"8f4cCH0QFJr4w3sY4kCIZg",1,0]],[24,"free_sun_btn",3,[-107,-108],[0,"97U0SSQUlO25mqWJx2rxc4",1,0],[5,100,100],[22.405,-53.533,0,0,0,-0.12192997437186266,0.9925387052149034,0.8,0.8,0.8],[1,0,0,-14.007]],[15,"adTickIcon",[[-110,[21,-112,-111]],1,4],[16,"abGUraBgVGj6cMliqaHrl7",-109],[5,44.1,36.5],[-2.1,-0.7,0,0,0,0.13917310096006544,0.9902680687415704,1,1,1],[1,0,0,16]],[15,"adTickIcon",[[-114,[21,-116,-115]],1,4],[16,"76UB6BW0xBgbJmyW+4MgqG",-113],[5,44.1,36.5],[-2.1,-0.7,0,0,0,0.13917310096006544,0.9902680687415704,1,1,1],[1,0,0,16]],[48,"New Node",6,[[-117,[41,"gold_hole_1",-118,[0,"fbhDtvpk1MtroCLX6j5GzM",1,0],[5,53,44.1]],-119],1,4,1],[0,"795SHRXZNA1pTLnLf1mGts",1,0],[-11.269,-19.971,0,0,0,0.16016545589512243,0.9870901816642224,1,1,1],[1,0,0,18.433]],[25,"cherry_bomb",[-123],[[-120,[27,-122,-121]],1,4],[0,"b3ZzjUbZlLp4iCvnA3f7sd",1,0]],[15,"adTickIcon",[[-125,[21,-127,-126]],1,4],[16,"70yhpc+r1PiL8KBGZn27wk",-124],[5,44.1,36.5],[-2.1,-0.7,0,0,0,0.13917310096006544,0.9902680687415704,1,1,1],[1,0,0,16]],[42,"content",false,9,[[55,1,1,30,15,30,25,10,-128,[5,928,462]],[34,13,0.19999999999998863,-43.80000000000001,-0.1999999999999318,880,420,-129]],[0,"0eJSg8u9lPJoRQIqYq8rxO",1,0],[5,928,462],[0,0,1],[-396,0,0,0,0,0,1,1,1,1]],[43,"mask",177,1,[[18,0,-130,[0],1],[35,45,100,100,-131]],[0,"2eDfL0T9xOqa7Wx7Tvdjk2",1,0],[4,4278190080],[5,1280,720]],[6,"btn_close",7,[[18,0,-132,[2],3],[7,3,-133,[[26,"bc5dc2EWZNPwLCCVXzeqoqV","close",1]]]],[0,"32Rgi6xVVMjIMcCYtjVQJU",1,0],[5,36.4,34],[398.4,273.789,0,0,0,0,1,2,2,0]],[5,"title",7,[[1,"福利礼包",62,65,false,-134,[4],5],[2,2,-135,[4,4278190080]]],[0,"05nZqpB1xPB4hl5E/EemIl",1,0],[4,4282891513],[5,252,85.9],[-18.334,229.79,0,0,0,0,1,1,1,1]],[29,"auto_pick",[-137],[[23,"default","2ui_idle",0,"2ui_idle",true,-136,[8],9]],[0,"76+/qQAPBAOpm5U749xoaD",1,0]],[10,"text",[[1,"+1",37,37,false,-138,[6],7],[2,2,-139,[4,4278190080]]],[0,"d6wIQelLpEGab8e2lWPgNe",1,0],[4,4283692543],[5,39.3,50.62],[-41.139,-43.275,0,0,0,0.2567364100944095,0.966481461659682,1,1,1],[1,0,0,29.753]],[44,"New Node",2,[-140,-141],[0,"92yi+rSkpJjboS+xuaRYJO",1,0],[-48.683,35.539,0,0,0,0.16016545589512243,0.9870901816642224,1,1,1],[1,0,0,18.433]],[11,"text",34,[[1,"1000",20,20,false,-142,[12],13],[2,2,-143,[4,4278190080]]],[0,"c4nLCl1tlFdo79CoqfrIoa",1,0],[4,4283692543],[5,46.24,29.2],[4.506,-35.798,0,0,0,0.04689724267181702,0.9988997190057572,1,1,1],[1,0,0,5.376]],[10,"text",[[1,"+1",30,30,false,-144,[14],15],[2,2,-145,[4,4278190080]]],[0,"5dkupNei1HmI4dQp3rR8Rg",1,0],[4,4283692543],[5,32.620000000000005,41.8],[45.15,-38.302,0,0,0,-0.18223552549214747,0.9832549075639546,1,1,1],[1,0,0,-21]],[24,"free_sun_btn",2,[-146,-147],[0,"9crqaI3c9P5rbPwn02tjVB",1,0],[5,100,100],[41.798,18.703,0,0,0,-0.12192997437186266,0.9925387052149034,0.8,0.8,0.8],[1,0,0,-14.007]],[33,"free_sun",37,[[30,"New Node",-149,[0,"61YRcRITRK2L8jUKHm4/Sw",1,0]]],[[23,"default","1ui_idle",0,"1ui_idle",true,-148,[17],18]],[0,"5faOu6DNJINZUUFt+FWPqW",1,0]],[11,"text",37,[[1,"+1",30,30,false,-150,[19],20],[2,2,-151,[4,4278190080]]],[0,"4c5T0U+n9I37hKJfn0hBoX",1,0],[4,4283692543],[5,32.620000000000005,41.8],[60.502,-20.476,0,0,0,-0.06098756683585237,0.9981385258026275,1.25,1.25,1.25],[1,0,0,-6.993]],[6,"buy_text",2,[[1,"可购买1/1",20,20,false,-152,[21],22],[2,2,-153,[4,4278190080]]],[0,"160En30CVP0LRe3tDa75En",1,0],[5,98.16,29.2],[0,-182.665,0,0,0,0,1,1,1,1]],[3,"ad_icon",10,[19],[[4,-154,[24],25]],[0,"0fcqGwgG5B06u7Y6hSIRz9",1,0],[5,35,26],[-59.243,0,0,0,0,0,1,1,1,1]],[14,"buy_over",false,2,[[1,"今日次数已用完",30,30,false,-155,[30],31],[2,2,-156,[4,4278190080]]],[0,"e7ZQ2fEApG9ZMprMn3Zlv1",1,0],[5,214,41.8],[0,-245.148,0,0,0,0,1,1,1,1]],[29,"auto_pick",[-158],[[23,"default","2ui_1",0,"2ui_1",true,-157,[36],37]],[0,"bdHV8e8FJIyZtiysNN2ibJ",1,0]],[10,"text",[[1,"+1",37,37,false,-159,[34],35],[2,2,-160,[4,4278190080]]],[0,"dczJ0GfpRA3IgJm1KvSuW3",1,0],[4,4283692543],[5,39.3,50.62],[-41.139,-43.275,0,0,0,0.2567364100944095,0.966481461659682,1,1,1],[1,0,0,29.753]],[11,"text",20,[[1,"+10",37,37,false,-161,[38],39],[2,2,-162,[4,4278190080]]],[0,"7dvbHkU4RGzrC5SstqcoZh",1,0],[4,4283692543],[5,60.98,50.62],[18.022,-29.688,0,0,0,-0.10406847354254534,0.9945701346886123,1,1,1],[1,0,0,-11.947]],[10,"text",[[1,"+3",30,30,false,-163,[42],43],[2,2,-164,[4,4278190080]]],[0,"e96NGENktGooZBZ1D4QSU2",1,0],[4,4283692543],[5,42.07,41.8],[45.15,-38.302,0,0,0,-0.18223552549214747,0.9832549075639546,1,1,1],[1,0,0,-21]],[33,"free_sun",22,[[30,"New Node",-166,[0,"f7rEv0UplLDo69rMD8M944",1,0]]],[[23,"default","1ui_1",0,"1ui_1",true,-165,[45],46]],[0,"42Mwbyxx5GRri8bOM4R47g",1,0]],[11,"text",22,[[1,"+1",30,30,false,-167,[47],48],[2,2,-168,[4,4278190080]]],[0,"fb0Cn6ng9Ck736ozTp3lBy",1,0],[4,4283692543],[5,32.620000000000005,41.8],[60.502,-20.476,0,0,0,-0.06098756683585237,0.9981385258026275,1.25,1.25,1.25],[1,0,0,-6.993]],[6,"buy_text",3,[[1,"可购买1/1",20,20,false,-169,[49],50],[2,2,-170,[4,4278190080]]],[0,"79cpxRn69JxrL85sng9lWJ",1,0],[5,98.16,29.2],[0,-182.665,0,0,0,0,1,1,1,1]],[3,"ad_icon",11,[23],[[4,-171,[52],53]],[0,"acxVA9viNEOIgWwSUVAmAk",1,0],[5,35,26],[-59.243,0,0,0,0,0,1,1,1,1]],[14,"buy_over",false,3,[[1,"今日次数已用完",30,30,false,-172,[58],59],[2,2,-173,[4,4278190080]]],[0,"c03/J5xmdGvLCDpSyhE+yc",1,0],[5,214,41.8],[0,-245.148,0,0,0,0,1,1,1,1]],[5,"text",5,[[1,"+3",42,42,false,-174,[62],63],[2,2,-175,[4,4278190080]]],[0,"43ST1CSHhNXpyEKA2zItHE",1,0],[4,4283692543],[5,57.3,56.92],[0,-100.985,0,0,0,0,1,1,1,0.7]],[6,"buy_text",5,[[1,"可购买1/1",20,20,false,-176,[66],67],[2,2,-177,[4,4278190080]]],[0,"5eZlw6Nv9P2772wcMGj/6Q",1,0],[5,98.16,29.2],[0,-182.665,0,0,0,0,1,1,1,1]],[3,"ad_icon",12,[24],[[4,-178,[69],70]],[0,"05+0C7dv5L3IOIPkEwztMT",1,0],[5,35,26],[-59.243,0,0,0,0,0,1,1,1,1]],[14,"buy_over",false,5,[[1,"今日次数已用完",30,30,false,-179,[75],76],[2,2,-180,[4,4278190080]]],[0,"01zSVLkI9IvqPY/R5GCmw2",1,0],[5,214,41.8],[0,-245.148,0,0,0,0,1,1,1,1]],[11,"text",25,[[1,"+10",37,37,false,-181,[81],82],[2,2,-182,[4,4278190080]]],[0,"cdFvX8mOZNt7HbWm1EPT6n",1,0],[4,4283692543],[5,60.98,50.62],[-48.058,4.744,0,0,0,-0.17569319006148829,0.9844449720355211,1,1,1],[1,0,0,-20.238]],[10,"text",[[1,"+5",37,37,false,-183,[83],84],[2,2,-184,[4,4278190080]]],[0,"1frXYExGNMMJzyfV8xO8Ij",1,0],[4,4283692543],[5,52.1,50.62],[29.023,29.262,0,0,0,0.23421747324338416,0.9721842290571703,1,1,1],[1,0,0,27.091]],[6,"buy_text",6,[[1,"可购买1/1",20,20,false,-185,[86],87],[2,2,-186,[4,4278190080]]],[0,"8dfZhYHeRBVrz6+b/fmgD2",1,0],[5,98.16,29.2],[0,-182.665,0,0,0,0,1,1,1,1]],[3,"ad_icon",13,[27],[[4,-187,[89],90]],[0,"b7jc8X18dOtp+rZ+iPVf4q",1,0],[5,35,26],[-59.243,0,0,0,0,0,1,1,1,1]],[14,"buy_over",false,6,[[1,"今日次数已用完",30,30,false,-188,[95],96],[2,2,-189,[4,4278190080]]],[0,"4fj29e7JlJHZejjeRwEfpH",1,0],[5,214,41.8],[0,-245.148,0,0,0,0,1,1,1,1]],[12,"res",7,[14,15],[0,"f607LOzo1JDIdYQ+Yr1zQD",1,0],[5,219.8,71.5],[-505.7,154.1,0,0,0,0,1,1,1,0]],[5,"txt",14,[[22,"资源",36,false,1,1,-190,[104],105],[2,3,-191,[4,4278202957]]],[0,"3bKJb8ekRPkKZQVqHfAtFS",1,0],[4,4284072191],[5,78,56.4],[-8.909,0,0,0,0,0,1,1,1,1]],[12,"plant",7,[16,17],[0,"f75h/SlJ5IfZITrFRn5j/O",1,0],[5,219.8,71.5],[-505.7,52.506,0,0,0,0,1,1,1,0]],[5,"txt",16,[[22,"植物",36,false,1,1,-192,[114],115],[2,3,-193,[4,4278202957]]],[0,"ccnfZztVlF1LgDlSlBR1so",1,0],[4,4284072191],[5,78,56.4],[-8.909,0,0,0,0,0,1,1,1,1]],[12,"auto_pick_btn",2,[32],[0,"eaH/LHu2ZJdK/K0N1kER/9",1,0],[5,100,100],[-45.778,-42.697,0,0,0,0,1,0.7,0.7,0.7]],[13,"New Node",32,[33],[0,"f4subEP41I6r4pKKYe1men",1,0]],[31,"gold_hole_1",34,[[18,0,-194,[10],11]],[0,"d1ph+3UKtDCKlNkPtiplhR",1,0],[5,53,44.1]],[12,"cherry_bomb_btn",2,[18],[0,"08zA0L2OZPNLujdXpnYiZf",1,0],[5,100,100],[33.23,-70.309,0,0,0,0,1,0.9,0.9,1]],[13,"New Node",18,[36],[0,"5dg0NIRA1Of5Zrfmi2cL0t",1,0]],[36,"default","3ui_idle1",0,"3ui_idle1",true,18,[16]],[19,0,19,[23]],[5,"text",10,[[1,"立即领取",28,28,false,-195,[26],27]],[0,"24H56dz3pH6ZW6ncawnvE7",1,0],[4,4285072899],[5,112,35.28],[19.664,-2.739,0,0,0,0,1,1,1,1]],[12,"auto_pick_btn",3,[43],[0,"95M1ZkWABHubz8t2lj1xsj",1,0],[5,100,100],[-43.635,24.813,0,0,0,0,1,0.7,0.7,0.7]],[13,"New Node",43,[44],[0,"3fQNXw9H5LT6gEqRkrmOuz",1,0]],[45,"cherry_bomb_btn",false,3,[21],[0,"d1urBK6KpKSIO2SZaxh91Y",1,0],[5,100,100],[33.23,-70.309,0,0,0,0,1,0.9,0.9,1]],[13,"New Node",21,[46],[0,"b3EVjjTvFFi4dF7ctuh4S0",1,0]],[36,"default","3ui_idle1",0,"3ui_idle1",true,21,[44]],[19,0,23,[51]],[5,"text",11,[[1,"立即领取",28,28,false,-196,[54],55]],[0,"8cFcV4nLpEiYH00Ywxdr7m",1,0],[4,4285072899],[5,112,35.28],[19.664,-2.739,0,0,0,0,1,1,1,1]],[31,"playticket",5,[[18,2,-197,[64],65]],[0,"4dnf2XPm9BAJD+CFcVMr+6",1,0],[5,182,123]],[19,0,24,[68]],[5,"text",12,[[1,"立即领取",28,28,false,-198,[71],72]],[0,"537n1uCMlGCqkL8bYhNQs0",1,0],[4,4285072899],[5,112,35.28],[19.664,-2.739,0,0,0,0,1,1,1,1]],[46,"28FX_pr2",25,[[57,"default",0,-199,[79],80]],[0,"03tHAu7rVFla04Eqsnh7/J",1,0]],[24,"cherry_bomb_btn",6,[26],[0,"a5UXu1A5dFrLHBusFmwVSK",1,0],[5,100,100],[19.06,-84.479,0,0,0,-0.2334453638559054,0.9723699203976766,1,1,1],[1,0,0,-27]],[13,"New Node",26,[57],[0,"b5hv1XyUVGa5J1n4ZVpv5F",1,0]],[58,"default",0,"3ui_idle1",true,26,[85]],[19,0,27,[88]],[5,"text",13,[[1,"立即领取",28,28,false,-200,[91],92]],[0,"816L+msmxG47DJ4Nrr3nC5",1,0],[4,4285072899],[5,112,35.28],[19.664,-2.739,0,0,0,0,1,1,1,1]],[59,false,0.75,0.23,null,null,8,4],[6,"rank_arrow",14,[[4,-201,[102],103]],[0,"58Y6jwV+lHv4hC/49gwQ5T",1,0],[5,21,35],[83.726,1.263,0,0,0,0,1,1,1,1]],[32,"txt",15,[[22,"资源",36,false,1,1,-202,[108],109]],[0,"52pHkLV/dFL59XAJugY0LU",1,0],[4,4278200380],[5,72,50.4]],[6,"rank_arrow",16,[[4,-203,[112],113]],[0,"5aUW9Y0xJP26FTwRkXXHRV",1,0],[5,21,35],[83.726,1.263,0,0,0,0,1,1,1,1]],[32,"txt",17,[[22,"植物",36,false,1,1,-204,[118],119]],[0,"2ea66OAmJAyJHkoBehHfr3",1,0],[4,4278200380],[5,72,50.4]]],0,[0,5,1,0,0,1,0,0,1,0,9,22,0,10,20,0,11,89,0,12,17,0,13,16,0,14,15,0,15,14,0,16,28,0,17,4,0,18,6,0,19,5,0,20,3,0,21,2,0,0,1,0,-1,29,0,-2,7,0,0,2,0,-1,65,0,-2,34,0,-3,68,0,-4,37,0,-5,40,0,-6,10,0,-7,42,0,0,3,0,-1,73,0,-2,20,0,-3,75,0,-4,22,0,-5,49,0,-6,11,0,-7,51,0,0,4,0,0,4,0,-3,5,0,-4,6,0,0,5,0,-1,52,0,-2,80,0,-3,53,0,-4,12,0,-5,55,0,0,6,0,-1,25,0,-2,84,0,-3,58,0,-4,13,0,-5,60,0,0,7,0,-1,30,0,-2,31,0,-3,8,0,-4,61,0,-5,63,0,-1,89,0,0,8,0,0,8,0,-1,9,0,0,9,0,0,9,0,-2,28,0,0,10,0,0,10,0,-1,41,0,-2,72,0,0,11,0,0,11,0,-1,50,0,-2,79,0,0,12,0,0,12,0,-1,54,0,-2,82,0,0,13,0,0,13,0,-1,59,0,-2,88,0,0,14,0,-1,90,0,-2,62,0,0,15,0,0,15,0,-1,91,0,0,16,0,-1,92,0,-2,64,0,0,17,0,0,17,0,-1,93,0,-1,70,0,8,70,0,0,18,0,-1,69,0,5,19,0,-1,71,0,7,71,0,0,19,0,0,20,0,-1,45,0,-1,77,0,8,77,0,0,21,0,-1,76,0,-1,47,0,-2,48,0,5,23,0,-1,78,0,7,78,0,0,23,0,5,24,0,-1,81,0,7,81,0,0,24,0,-1,83,0,3,25,0,-3,56,0,-1,86,0,8,86,0,0,26,0,-1,85,0,5,27,0,-1,87,0,7,87,0,0,27,0,0,28,0,0,28,0,0,29,0,0,29,0,0,30,0,0,30,0,0,31,0,0,31,0,0,32,0,-1,66,0,0,33,0,0,33,0,-1,67,0,-2,35,0,0,35,0,0,35,0,0,36,0,0,36,0,-1,38,0,-2,39,0,0,38,0,3,38,0,0,39,0,0,39,0,0,40,0,0,40,0,0,41,0,0,42,0,0,42,0,0,43,0,-1,74,0,0,44,0,0,44,0,0,45,0,0,45,0,0,46,0,0,46,0,0,47,0,3,47,0,0,48,0,0,48,0,0,49,0,0,49,0,0,50,0,0,51,0,0,51,0,0,52,0,0,52,0,0,53,0,0,53,0,0,54,0,0,55,0,0,55,0,0,56,0,0,56,0,0,57,0,0,57,0,0,58,0,0,58,0,0,59,0,0,60,0,0,60,0,0,62,0,0,62,0,0,64,0,0,64,0,0,67,0,0,72,0,0,79,0,0,80,0,0,82,0,0,83,0,0,88,0,0,90,0,0,91,0,0,92,0,0,93,0,22,1,2,3,4,3,3,4,4,3,9,14,3,61,15,3,61,16,3,63,17,3,63,18,3,68,19,3,41,21,3,75,23,3,50,24,3,54,26,3,84,27,3,59,32,3,65,33,3,66,36,3,69,43,3,73,44,3,74,46,3,76,57,3,85,204],[0,0,0,0,0,0,0,0,0,0,0,0,0,0,0,0,0,0,0,0,0,0,0,0,0,0,0,0,0,0,0,0,0,0,0,0,0,0,0,0,0,0,0,0,0,0,0,0,0,0,0,0,0,0,0,0,0,0,0,0,0,0,0,0,0,0,0,0,0,0,0,0,0,0,0,0,0,0,0,0,0,0,0,0,0,0,0,0,0,0,0,0,0,0,0,0,0,0,0,0,0,0,0,0,0,0,0,0,0,0,0,0,0,0,0,0,0,0,0,0,0,0,0,0,0,0,0,0,0,0,0,70,71,77,78,81,86,87],[-1,1,-1,1,-1,2,-1,2,-1,4,-1,1,-1,2,-1,2,-1,-1,4,-1,2,-1,2,-1,-1,1,-1,2,-1,1,-1,2,-1,1,-1,2,-1,4,-1,2,-1,1,-1,2,-1,-1,4,-1,2,-1,2,-1,-1,1,-1,2,-1,1,-1,2,-1,1,-1,2,-1,1,-1,2,-1,-1,1,-1,2,-1,1,-1,2,-1,1,-1,4,-1,2,-1,2,-1,-1,2,-1,-1,1,-1,2,-1,1,-1,2,-1,1,-1,-1,1,-1,1,-1,2,-1,1,-1,2,-1,1,-1,1,-1,2,-1,1,-1,2,-1,1,-1,1,23,-1,-2,-3,-4,-5,-6,4,1,4,1,1,4,1],[0,12,0,13,0,1,0,1,2,3,0,14,0,1,0,1,2,2,3,0,1,0,1,0,0,4,0,1,0,5,0,1,0,15,0,1,2,3,0,1,0,16,0,1,2,2,3,0,1,0,1,0,0,4,0,1,0,5,0,1,0,17,0,1,0,18,0,1,0,0,4,0,1,0,5,0,1,0,19,2,20,0,1,0,1,2,0,1,0,0,4,0,1,0,5,0,1,0,21,0,0,22,0,7,0,1,0,8,0,1,0,9,0,7,0,1,0,8,0,1,0,9,0,23,24,25,26,27,28,29,30,3,6,3,6,6,31,6]],[[{"name":"begingift","rect":[0,0,238,302],"offset":[0,0],"originalSize":[238,302],"capInsets":[0,0,0,0]}],[2],0,[0],[6],[32]],[[{"name":"davegift","rect":[0,0,238,302],"offset":[0,0],"originalSize":[238,302],"capInsets":[0,0,0,0]}],[2],0,[0],[6],[33]]]]