[1,["ecpdLyjvZBwrvm+cedCcQy","99+hSu4KlKNKZzg6fDeIHM","97XFlOE2lJEqbg4VjArZnp","14lfLkDOJKk7ASAXeODw9p","1ed7c1957"],["node","_spriteFrame","root","peng","collider","hammer","data","poolPrefab","_textureSetter"],[["cc.Node",["_name","_groupIndex","_parent","_components","_prefab","_contentSize","_trs","_anchorPoint","_eulerAngles"],1,1,9,4,5,7,5,5],["cc.PrefabInfo",["fileId","root","asset"],2,1,1],"cc.SpriteFrame",["cc.Prefab",["_name"],2],["cc.Node",["_name","_groupIndex","_children","_components","_prefab"],1,2,12,4],["dedbdX7ZaBIZbSV49lpNH0w",["node","hammer","collider","peng","poolPrefab"],3,1,1,1,1,6],["cc.Sprite",["node","_materials","_spriteFrame"],3,1,3,6],["cc.BoxCollider",["node","_offset","_size"],3,1,5,5]],[[1,0,1,2,2],[6,0,1,2,1],[3,0,2],[4,0,1,2,3,4,3],[0,0,1,2,3,4,5,6,3],[0,0,1,2,3,4,5,7,6,8,3],[5,0,1,2,3,4,1],[1,1,2,1],[7,0,1,2,1]],[[[[2,"HammerEffect"],[3,"HammerEffect",6,[-7,-8],[[[6,-5,-4,-3,-2,4],-6],4,1],[7,-1,0]],[4,"pong",6,1,[[1,-9,[0],1]],[0,"59r7c0RTxI2ZyWU482VQbr",1,0],[5,102,97],[-34,57,0,0,0,0,1,1,1,1]],[5,"hammer",6,1,[[1,-10,[2],3]],[0,"39h6ixe+lLM55lsWaY67sY",1,0],[5,94,110],[0,0.5,0],[66,-21,0,0,0,0.49999999999999994,0.8660254037844387,1,1,1],[1,0,0,60]],[8,1,[0,10,13],[5,48,63]]],0,[0,2,1,0,3,2,0,4,4,0,5,3,0,0,1,0,-2,4,0,-1,2,0,-2,3,0,0,2,0,0,3,0,6,1,10],[0,0,0,0,0],[-1,1,-1,1,7],[0,1,0,2,3]],[[{"name":"pong","rect":[127,633,102,97],"offset":[0,0],"originalSize":[102,97],"rotated":1,"capInsets":[0,0,0,0]}],[2],0,[0],[8],[4]]]]