[1,["e3Na6WdjJK9LpgWa8SaKIQ","7a/QZLET9IDreTiBfRn2PD","f0nP3qdzFLoZOeeocA2gu+","cf/9oZdvxA7p5Yi+2BY3Mp","89Kz8WxYNHJaqvhX1wBJcl"],["_N$skeletonData","root","sleepAni","body","animation","node","data"],[["cc.Node",["_name","_groupIndex","_parent","_components","_prefab","_contentSize","_trs"],1,1,2,4,5,7],["cc.PrefabInfo",["fileId","root","asset"],2,1,1],["261d4+Q1HdGA5w3tjdBw83c",["activeFlash","node","spineAnimation"],2,1,1],["cc.Prefab",["_name"],2],["cc.Node",["_name","_children","_components","_prefab","_trs"],2,2,12,4,7],["ee7788Nq0hJyLUTPjE/LN6f",["node","animation","body","sleepAni"],3,1,1,1,1],["cc.BoxCollider",["node","_offset","_size"],3,1,5,5],["96c396uvMtPhLUJFoRD9JmK",["node","body"],3,1,1],["sp.Skeleton",["defaultSkin","defaultAnimation","_preCacheMode","_animationName","node","_materials"],-1,1,3],["sp.SkeletonData",["_name","_atlasText","textureNames","_skeletonJson","textures"],-1,3]],[[1,0,1,2,2],[8,0,1,2,3,4,5,5],[3,0,2],[4,0,1,2,3,4,2],[0,0,1,2,3,4,3],[0,0,2,3,4,5,6,2],[0,0,2,3,4,5,2],[5,0,1,2,3,1],[1,1,2,1],[6,0,1,2,1],[7,0,1,1],[2,1,2,1],[2,0,1,2,2],[9,0,1,2,3,4,5]],[[[[2,"MagnetShroom"],[3,"MagnetShroom",[-7,-8,-9],[[-2,[7,-6,-5,-4,-3]],1,4],[8,-1,0],[-494,-293,0,0,0,0,1,1,1,1]],[4,"bodyC",5,1,[-10,-11],[0,"canJNw5NJM7IyG9we2fZiF",1,0]],[5,"26FX_Z",1,[-12,-13],[0,"66fyzs+lNJO49AaD+Zg31H",1,0],[5,23.5,32.9],[32,53,0,0,0,0,1,0.5,0.5,1]],[9,2,[0,-5,60],[5,80,120]],[10,2,4],[6,"32_plant",1,[-14],[0,"8aWrY+rl1PAa7poiojUG9s",1,0],[5,69.1,94.08]],[1,"default","idle4",0,"idle4",6,[0]],[1,"default","idle",0,"idle",3,[1]],[11,3,8],[12,true,1,7]],0,[0,1,1,0,-1,10,0,2,9,0,3,5,0,4,10,0,5,1,0,-1,2,0,-2,6,0,-3,3,0,-1,4,0,-2,5,0,-1,8,0,-2,9,0,-1,7,0,6,1,14],[0,0,7,8],[-1,-1,0,0],[0,1,2,3]],[[[13,"32_plant","\n32_plant.png\nsize: 512,256\nformat: RGBA8888\nfilter: Linear,Linear\nrepeat: none\n1fx1\n  rotate: false\n  xy: 49, 62\n  size: 40, 30\n  orig: 46, 36\n  offset: 3, 3\n  index: -1\n1fx2\n  rotate: false\n  xy: 2, 2\n  size: 38, 28\n  orig: 42, 32\n  offset: 2, 2\n  index: -1\n1fx3\n  rotate: true\n  xy: 272, 28\n  size: 39, 24\n  orig: 43, 28\n  offset: 2, 2\n  index: -1\n1head\n  rotate: false\n  xy: 299, 129\n  size: 122, 122\n  orig: 123, 124\n  offset: 0, 1\n  index: -1\n2fx1\n  rotate: false\n  xy: 152, 43\n  size: 35, 24\n  orig: 39, 28\n  offset: 2, 2\n  index: -1\n2fx2\n  rotate: true\n  xy: 123, 56\n  size: 36, 27\n  orig: 40, 31\n  offset: 2, 2\n  index: -1\n2fx3\n  rotate: false\n  xy: 2, 32\n  size: 40, 28\n  orig: 44, 32\n  offset: 2, 2\n  index: -1\n2head\n  rotate: false\n  xy: 299, 5\n  size: 122, 122\n  orig: 123, 124\n  offset: 0, 1\n  index: -1\n3head1\n  rotate: false\n  xy: 162, 116\n  size: 135, 135\n  orig: 143, 143\n  offset: 4, 4\n  index: -1\n3head2\n  rotate: false\n  xy: 2, 94\n  size: 158, 157\n  orig: 164, 163\n  offset: 3, 3\n  index: -1\nbody1\n  rotate: true\n  xy: 231, 48\n  size: 66, 39\n  orig: 66, 39\n  offset: 0, 0\n  index: -1\nbody2\n  rotate: false\n  xy: 162, 69\n  size: 67, 45\n  orig: 69, 47\n  offset: 1, 1\n  index: -1\nbody3\n  rotate: false\n  xy: 91, 53\n  size: 30, 39\n  orig: 31, 40\n  offset: 1, 1\n  index: -1\neye1\n  rotate: false\n  xy: 2, 62\n  size: 45, 30\n  orig: 46, 31\n  offset: 1, 0\n  index: -1\neye2\n  rotate: true\n  xy: 272, 69\n  size: 45, 25\n  orig: 46, 26\n  offset: 1, 0\n  index: -1\neye3\n  rotate: true\n  xy: 44, 16\n  size: 44, 23\n  orig: 45, 24\n  offset: 0, 0\n  index: -1\neyebrow\n  rotate: true\n  xy: 69, 18\n  size: 42, 18\n  orig: 43, 18\n  offset: 1, 0\n  index: -1\n",["32_plant.png"],{"skeleton":{"hash":"Dcw6/0gQDbkvmtoLTn3WjVGSyeY","spine":"3.8.99","x":-43.01,"y":-3.47,"width":69.1,"height":94.08},"bones":[{"name":"root"},{"name":"plant","parent":"root","scaleX":0.112,"scaleY":0.112},{"name":"body3","parent":"plant","length":149.44,"rotation":90},{"name":"body1","parent":"body3","rotation":90,"x":192.27,"y":-27,"scaleX":0.112,"scaleY":0.112,"transform":"onlyTranslation"},{"name":"1head","parent":"body1","length":393.57,"rotation":90,"x":23.32,"y":7.84,"scaleX":0.112,"scaleY":0.112,"transform":"onlyTranslation"},{"name":"eyebrow","parent":"1head","x":207.74,"y":-12.61},{"name":"eye1","parent":"1head","x":150.89,"y":-16.58},{"name":"1fx1","parent":"1head","x":391.46,"y":82.61}],"slots":[{"name":"body3","bone":"body3","attachment":"body3"},{"name":"body2","bone":"body1","attachment":"body2"},{"name":"1head","bone":"1head","attachment":"1head"},{"name":"body1","bone":"body1","attachment":"body1"},{"name":"1fx1","bone":"1fx1"},{"name":"eye1","bone":"eye1","attachment":"eye1"},{"name":"eyebrow","bone":"eyebrow","attachment":"eyebrow"},{"name":"1head2","bone":"1head"}],"skins":[{"name":"default","attachments":{"1fx1":{"1fx1":{"x":-0.05,"y":12.04,"rotation":-90,"width":229,"height":178},"1fx2":{"x":-2.05,"y":7.54,"rotation":-90,"width":208,"height":160},"1fx3":{"x":-8.55,"y":2.54,"rotation":-90,"width":214,"height":141},"2fx1":{"x":3.95,"y":-12.96,"rotation":-90,"width":193,"height":142},"2fx2":{"x":6.45,"y":-12.46,"rotation":-90,"width":202,"height":155},"2fx3":{"x":0.95,"y":-17.46,"rotation":-90,"width":222,"height":158}},"1head":{"1head":{"x":282.41,"y":94.65,"rotation":-90,"width":617,"height":622},"2head":{"x":282.41,"y":94.65,"rotation":-90,"width":617,"height":622},"3head1":{"x":280.91,"y":95.15,"rotation":-90,"width":714,"height":713},"3head2":{"x":280.41,"y":95.15,"rotation":-90,"width":818,"height":816}},"1head2":{"1head":{"type":"mesh","hull":4,"uvs":[0.57982,0.49922,0,0.69449,0,0,0.30578,0],"triangles":[1,2,3,1,3,0],"vertices":[282.89,45.4,161.44,403.15,593.41,403.15,593.41,214.49]},"2head":{"type":"mesh","hull":4,"uvs":[0.54307,0.49138,0,0.65316,0,0,0.33743,0],"triangles":[1,2,3,1,3,0],"vertices":[287.77,68.08,187.14,403.15,593.41,403.15,593.41,194.96]},"3head1":{"x":280.91,"y":95.15,"rotation":-90,"width":714,"height":713},"3head2":{"x":280.41,"y":95.15,"rotation":-90,"width":818,"height":816}},"body1":{"body1":{"type":"mesh","hull":6,"uvs":[1,0.36398,1,1,0,1,0,0,0.69948,0,1,0,0.51835,0.27792,0.27072,0.32486,0.87144,0.67303],"triangles":[4,7,3,6,7,4,4,5,0,8,4,0,6,4,8,2,3,7,8,0,1,2,7,6,6,8,2,1,2,8],"vertices":[4.12,-139,-119.27,-139,-119.27,192,74.73,192,74.73,-39.53,74.73,-139,20.81,20.42,11.71,102.39,-55.84,-96.45]}},"body2":{"body2":{"x":-2.77,"y":30.5,"rotation":-90,"width":347,"height":233}},"body3":{"body3":{"x":68,"y":-6,"rotation":-90,"width":154,"height":198}},"eye1":{"eye1":{"x":8.52,"y":6.23,"rotation":-90,"width":229,"height":154},"eye2":{"x":18.52,"y":6.23,"rotation":-90,"width":229,"height":132},"eye3":{"x":23.52,"y":6.23,"rotation":-90,"width":227,"height":122}},"eyebrow":{"eyebrow":{"x":7.67,"y":10.77,"rotation":-90,"width":216,"height":92}}}}],"animations":{"attack":{"slots":{"1fx1":{"attachment":[{"time":0.0667,"name":"2fx1"},{"time":0.1333,"name":"2fx2"},{"time":0.2,"name":"2fx3"},{"time":0.2667,"name":"2fx1"},{"time":0.3333,"name":"2fx2"},{"time":0.4,"name":"2fx3"},{"time":0.4667,"name":"2fx1"},{"time":0.5333,"name":"2fx2"},{"time":0.6,"name":"2fx3"},{"time":0.6667,"name":"2fx1"},{"time":0.7333,"name":"2fx2"},{"time":0.8,"name":"2fx3"},{"time":0.8667,"name":"2fx1"},{"time":0.9333,"name":"2fx2"},{"time":1,"name":"2fx3"},{"time":1.0667,"name":"2fx1"},{"time":1.1333,"name":"2fx2"},{"time":1.2,"name":"2fx3"},{"time":1.2667,"name":"2fx1"},{"time":1.3333,"name":"2fx2"},{"time":1.4,"name":"2fx3"},{"time":1.4667,"name":"2fx1"},{"time":1.5333,"name":"2fx2"},{"time":1.6,"name":null}]},"1head":{"attachment":[{"name":"3head1"},{"time":0.0667,"name":"3head2"},{"time":0.1333,"name":"3head1"},{"time":0.2,"name":"3head2"},{"time":0.2667,"name":"3head1"},{"time":0.3333,"name":"3head2"},{"time":0.4,"name":"3head1"},{"time":0.4667,"name":"3head2"},{"time":0.5333,"name":"3head1"},{"time":0.6,"name":"3head2"},{"time":0.6667,"name":"3head1"},{"time":0.7333,"name":"3head2"},{"time":0.8,"name":"3head1"},{"time":0.8667,"name":"3head2"},{"time":0.9333,"name":"3head1"},{"time":1,"name":"3head2"},{"time":1.0667,"name":"3head1"},{"time":1.1333,"name":"3head2"},{"time":1.2,"name":"3head1"},{"time":1.2667,"name":"3head2"},{"time":1.3333,"name":"3head1"},{"time":1.4,"name":"3head2"},{"time":1.4667,"name":"3head1"},{"time":1.5333,"name":"3head2"},{"time":1.6,"name":"3head1"}]}},"bones":{"body3":{"scale":[{"x":1.08}],"shear":[{"x":-24.44}]},"body1":{"translate":[{"x":-16.67,"y":-9.21}],"scale":[{"x":0.894,"y":1.036}],"shear":[{"y":-7.73}]},"1head":{"rotate":[{"angle":-35.88}],"translate":[{"x":-41.34,"y":53.99}],"scale":[{"x":0.988,"y":0.981}],"shear":[{"x":-2.97,"y":2.56}]},"eye1":{"translate":[{"x":1.88,"y":-2.75}]},"1fx1":{"translate":[{"time":0.0667},{"time":0.2,"x":31.88,"y":23.29,"curve":"stepped"},{"time":0.2667},{"time":0.4,"x":31.88,"y":23.29,"curve":"stepped"},{"time":0.4667},{"time":0.6,"x":31.88,"y":23.29,"curve":"stepped"},{"time":0.6667},{"time":0.8,"x":31.88,"y":23.29,"curve":"stepped"},{"time":0.8667},{"time":1,"x":31.88,"y":23.29,"curve":"stepped"},{"time":1.0667},{"time":1.2,"x":31.88,"y":23.29,"curve":"stepped"},{"time":1.2667},{"time":1.4,"x":31.88,"y":23.29,"curve":"stepped"},{"time":1.4667},{"time":1.6,"x":31.88,"y":23.29}]}},"deform":{"default":{"body1":{"body1":[{"vertices":[-8.06625,-8.13098,0,0,0,0,0,0,-59.18933,-34.00207,-43.74756,-13.30508,0,0,0,0,-7.39565,14.78352]}]}}},"drawOrder":[{"offsets":[{"slot":"1head","offset":4},{"slot":"1fx1","offset":3}]}]},"awoke":{"slots":{"1head":{"attachment":[{"name":"2head"},{"time":0.2333,"name":"1head"}]},"eye1":{"attachment":[{"time":0.1333,"name":"eye2"},{"time":0.1667,"name":"eye3"},{"time":0.2,"name":"eye2"},{"time":0.2333,"name":"eye1"}]}},"bones":{"body3":{"scale":[{},{"time":0.1667,"x":0.973,"y":1.028,"curve":0.25,"c3":0.79,"c4":0.87},{"time":0.3,"x":1.052,"y":0.975,"curve":0.138,"c2":0.15,"c3":0.75,"c4":0.96},{"time":0.5}]},"body1":{"translate":[{},{"time":0.1667,"x":-6.66,"curve":0.25,"c3":0.79,"c4":0.87},{"time":0.3,"x":21.23,"curve":0.138,"c2":0.15,"c3":0.75,"c4":0.96},{"time":0.5}],"scale":[{},{"time":0.1667,"x":0.936,"y":1.012,"curve":0.25,"c3":0.79,"c4":0.87},{"time":0.3,"x":1.017,"y":0.98,"curve":0.138,"c2":0.15,"c3":0.75,"c4":0.96},{"time":0.5}]},"1head":{"rotate":[{"time":0.1667,"curve":0.25,"c3":0.79,"c4":0.87},{"time":0.3,"angle":1.26,"curve":0.138,"c2":0.15,"c3":0.75,"c4":0.96},{"time":0.5}],"translate":[{},{"time":0.1667,"x":-2.75,"curve":0.25,"c3":0.79,"c4":0.87},{"time":0.3,"x":15.08,"y":3.39,"curve":0.138,"c2":0.15,"c3":0.75,"c4":0.96},{"time":0.5}],"scale":[{},{"time":0.1667,"x":0.931,"y":1.018,"curve":0.25,"c3":0.79,"c4":0.87},{"time":0.3,"x":1.107,"y":0.977,"curve":0.138,"c2":0.15,"c3":0.75,"c4":0.96},{"time":0.5}]},"eyebrow":{"translate":[{},{"time":0.1667,"x":-18.38,"y":-1.1,"curve":0.25,"c3":0.79,"c4":0.87},{"time":0.3}]}}},"back":{"slots":{"1head":{"attachment":[{"name":"2head"}]}},"bones":{"body3":{"scale":[{"x":1.08},{"time":0.3333}],"shear":[{"x":-24.44},{"time":0.3333},{"time":0.6,"x":0.83},{"time":0.7333}]},"body1":{"rotate":[{"time":0.3333},{"time":0.6,"angle":3.94},{"time":0.7333}],"translate":[{"x":-16.67,"y":-9.21},{"time":0.3333},{"time":0.6,"x":6.83,"y":7.49},{"time":0.7333}],"scale":[{"x":0.894,"y":1.036},{"time":0.3333}],"shear":[{"y":-7.73},{"time":0.3333}]},"1head":{"rotate":[{"angle":-35.88},{"time":0.1333,"angle":-28.66},{"time":0.3333},{"time":0.6,"angle":4.46},{"time":0.7333}],"translate":[{"x":-41.34,"y":53.99},{"time":0.1333,"x":-45.66,"y":35.83},{"time":0.3333},{"time":0.6,"x":2.25,"y":17.48},{"time":0.7333}],"scale":[{"x":0.988,"y":0.981},{"time":0.1333,"x":0.993,"y":0.988},{"time":0.3333},{"time":0.6,"x":1.019},{"time":0.7333}],"shear":[{"x":-2.97,"y":2.56},{"time":0.1333,"x":-1.78,"y":1.54},{"time":0.3333}]},"eye1":{"translate":[{"x":1.88,"y":-2.75},{"time":0.3333}]},"1fx1":{"translate":[{"x":31.88,"y":23.29},{"time":0.3333}]}},"deform":{"default":{"body1":{"body1":[{"vertices":[-8.06625,-8.13098,0,0,0,0,0,0,-59.18933,-34.00207,-43.74756,-13.30508,0,0,0,0,-7.39565,14.78352]},{"time":0.3333}]}}}},"go":{"slots":{"1head":{"attachment":[{"time":0.6667,"name":"3head1"}]}},"bones":{"body3":{"scale":[{},{"time":0.4667,"x":1.164,"y":0.973},{"time":0.6667,"x":1.08}],"shear":[{},{"time":0.4667,"x":11.04},{"time":0.6667,"x":-24.44}]},"body1":{"translate":[{},{"time":0.4667,"x":6.51,"y":0.69},{"time":0.6667,"x":-16.67,"y":-9.21}],"scale":[{},{"time":0.4667,"x":0.965,"y":0.897},{"time":0.6667,"x":0.894,"y":1.036}],"shear":[{"time":0.4667},{"time":0.6667,"y":-7.73}]},"1head":{"rotate":[{},{"time":0.4667,"angle":2.37},{"time":0.6,"angle":-20.65},{"time":0.6667,"angle":-35.88}],"translate":[{},{"time":0.4667,"x":2.2,"y":9.48},{"time":0.6,"x":-34.84,"y":43.31},{"time":0.6667,"x":-41.34,"y":53.99}],"scale":[{},{"time":0.4667,"x":1.041,"y":0.978},{"time":0.6,"x":0.978,"y":0.934},{"time":0.6667,"x":0.988,"y":0.981}],"shear":[{"time":0.4667},{"time":0.6,"x":-3.64,"y":1.71},{"time":0.6667,"x":-2.97,"y":2.56}]},"eyebrow":{"rotate":[{"time":0.4667},{"time":0.6,"angle":3.03},{"time":0.6667}],"translate":[{"time":0.4667},{"time":0.6,"x":4.32,"y":-10.32},{"time":0.6667}]},"eye1":{"rotate":[{"time":0.4667},{"time":0.6,"angle":3.03},{"time":0.6667}],"translate":[{"time":0.4667},{"time":0.6,"x":5.57,"y":-12.15},{"time":0.6667,"x":1.88,"y":-2.75}]}},"deform":{"default":{"body1":{"body1":[{"time":0.4667},{"time":0.6667,"vertices":[-8.06625,-8.13098,0,0,0,0,0,0,-59.18933,-34.00207,-43.74756,-13.30508,0,0,0,0,-7.39565,14.78352]}]}}},"drawOrder":[{"time":0.6667,"offsets":[{"slot":"1head","offset":5}]}]},"idle1":{"slots":{"1fx1":{"attachment":[{"time":0.1333,"name":"1fx1"},{"time":0.2,"name":"1fx2"},{"time":0.2667,"name":"1fx3"},{"time":0.3333,"name":null},{"time":0.6667,"name":"1fx1"},{"time":0.7333,"name":"1fx2"},{"time":0.8,"name":"1fx3"},{"time":0.8667,"name":null},{"time":1.2,"name":"1fx1"},{"time":1.2667,"name":"1fx2"},{"time":1.3333,"name":"1fx3"},{"time":1.4,"name":null},{"time":1.6667,"name":"1fx1"},{"time":1.7333,"name":"1fx2"},{"time":1.8,"name":"1fx3"},{"time":1.8667,"name":null}]}},"bones":{"body3":{"scale":[{},{"time":0.4667,"x":0.995},{"time":0.6,"x":0.996},{"time":0.9333},{"time":1.4,"x":0.93},{"time":1.5333,"x":0.95},{"time":1.8667}],"shear":[{},{"time":0.4667,"x":-11.66},{"time":0.6,"x":-8.66},{"time":0.9333},{"time":1.4,"x":11.08},{"time":1.5333,"x":7.91},{"time":1.8667}]},"body1":{"rotate":[{},{"time":0.4667,"angle":-1.57},{"time":0.6,"angle":-1.12},{"time":0.9333}],"translate":[{},{"time":0.4667,"x":-9.77,"y":2.73},{"time":0.6,"x":-6.98,"y":1.95},{"time":0.9333},{"time":1.4,"x":-11.38,"y":5.5},{"time":1.5333,"x":-8.13,"y":3.93},{"time":1.8667}],"scale":[{},{"time":0.4667,"x":0.918,"y":0.99},{"time":0.6,"x":0.941,"y":0.993},{"time":0.9333},{"time":1.4,"x":0.88},{"time":1.5333,"x":0.914},{"time":1.8667}]},"1head":{"rotate":[{},{"time":0.4667,"angle":-8.24},{"time":0.6,"angle":-11.02},{"time":0.9333},{"time":1.4,"angle":8.09},{"time":1.5333,"angle":7.2},{"time":1.8667}],"translate":[{},{"time":0.4667,"x":-15.37,"y":5.73},{"time":0.6,"x":-22.25,"y":12.38},{"time":0.9333},{"time":1.4,"x":-4.9,"y":1.44},{"time":1.5333,"x":-0.88,"y":3.42},{"time":1.8667}],"scale":[{},{"time":0.4667,"x":0.926,"y":1.003},{"time":0.6,"x":0.952,"y":1.003},{"time":0.9333},{"time":1.4,"x":0.915},{"time":1.5333,"x":0.955},{"time":1.8667}]},"eyebrow":{"translate":[{},{"time":0.4667,"x":-24.45,"y":-3.27},{"time":0.6,"x":-15.04,"y":-0.57},{"time":0.9333},{"time":1.4,"x":-20.8,"y":-5.95},{"time":1.5333,"x":-14.86,"y":-4.25},{"time":1.8667}]},"1fx1":{"translate":[{"curve":"stepped"},{"time":0.1333,"x":-11.25,"y":-9.24},{"time":0.2667,"x":28.37,"y":10.2,"curve":"stepped"},{"time":0.6667,"x":-8.24,"y":-4.43},{"time":0.8,"x":31.09,"y":18.7,"curve":"stepped"},{"time":1.2,"x":-23.93,"y":-9.89},{"time":1.3333,"x":31.89,"y":17.92,"curve":"stepped"},{"time":1.6667,"x":-17.36,"y":-11.63},{"time":1.8,"x":18.27,"y":13.91,"curve":"stepped"},{"time":1.8667}],"scale":[{"time":0.6667},{"time":0.8,"y":1.103,"curve":"stepped"},{"time":1.6667,"y":1.103},{"time":1.8}]}}},"idle1_eye":{"slots":{"1fx1":{"attachment":[{"time":0.1333,"name":"1fx1"},{"time":0.2,"name":"1fx2"},{"time":0.2667,"name":"1fx3"},{"time":0.3333,"name":null},{"time":0.6667,"name":"1fx1"},{"time":0.7333,"name":"1fx2"},{"time":0.8,"name":"1fx3"},{"time":0.8667,"name":null},{"time":1.2,"name":"1fx1"},{"time":1.2667,"name":"1fx2"},{"time":1.3333,"name":"1fx3"},{"time":1.4,"name":null},{"time":1.6667,"name":"1fx1"},{"time":1.7333,"name":"1fx2"},{"time":1.8,"name":"1fx3"},{"time":1.8667,"name":null}]},"eye1":{"attachment":[{"time":0.5333,"name":"eye2"},{"time":0.6,"name":"eye3"},{"time":0.6667,"name":"eye2"},{"time":0.7333,"name":"eye1"}]}},"bones":{"body3":{"scale":[{},{"time":0.4667,"x":0.995},{"time":0.6,"x":0.996},{"time":0.9333},{"time":1.4,"x":0.93},{"time":1.5333,"x":0.95},{"time":1.8667}],"shear":[{},{"time":0.4667,"x":-11.66},{"time":0.6,"x":-8.66},{"time":0.9333},{"time":1.4,"x":11.08},{"time":1.5333,"x":7.91},{"time":1.8667}]},"body1":{"rotate":[{},{"time":0.4667,"angle":-1.57},{"time":0.6,"angle":-1.12},{"time":0.9333}],"translate":[{},{"time":0.4667,"x":-9.77,"y":2.73},{"time":0.6,"x":-6.98,"y":1.95},{"time":0.9333},{"time":1.4,"x":-11.38,"y":5.5},{"time":1.5333,"x":-8.13,"y":3.93},{"time":1.8667}],"scale":[{},{"time":0.4667,"x":0.918,"y":0.99},{"time":0.6,"x":0.941,"y":0.993},{"time":0.9333},{"time":1.4,"x":0.88},{"time":1.5333,"x":0.914},{"time":1.8667}]},"1head":{"rotate":[{},{"time":0.4667,"angle":-8.24},{"time":0.6,"angle":-11.02},{"time":0.9333},{"time":1.4,"angle":8.09},{"time":1.5333,"angle":7.2},{"time":1.8667}],"translate":[{},{"time":0.4667,"x":-15.37,"y":5.73},{"time":0.6,"x":-22.25,"y":12.38},{"time":0.9333},{"time":1.4,"x":-4.9,"y":1.44},{"time":1.5333,"x":-0.88,"y":3.42},{"time":1.8667}],"scale":[{},{"time":0.4667,"x":0.926,"y":1.003},{"time":0.6,"x":0.952,"y":1.003},{"time":0.9333},{"time":1.4,"x":0.915},{"time":1.5333,"x":0.955},{"time":1.8667}]},"eyebrow":{"translate":[{},{"time":0.4667,"x":-24.45,"y":-3.27},{"time":0.6,"x":-15.04,"y":-0.57},{"time":0.9333},{"time":1.4,"x":-20.8,"y":-5.95},{"time":1.5333,"x":-14.86,"y":-4.25},{"time":1.8667}]},"1fx1":{"translate":[{"curve":"stepped"},{"time":0.1333,"x":-11.25,"y":-9.24},{"time":0.2667,"x":28.37,"y":10.2,"curve":"stepped"},{"time":0.6667,"x":-8.24,"y":-4.43},{"time":0.8,"x":31.09,"y":18.7,"curve":"stepped"},{"time":1.2,"x":-23.93,"y":-9.89},{"time":1.3333,"x":31.89,"y":17.92,"curve":"stepped"},{"time":1.6667,"x":-17.36,"y":-11.63},{"time":1.8,"x":18.27,"y":13.91,"curve":"stepped"},{"time":1.8667}],"scale":[{"time":0.6667},{"time":0.8,"y":1.103,"curve":"stepped"},{"time":1.6667,"y":1.103},{"time":1.8}]}}},"idle2":{"slots":{"1head":{"attachment":[{"name":"2head"}]},"1head2":{"attachment":[{"name":"2head"}]}},"bones":{"body3":{"scale":[{},{"time":0.4667,"x":0.995},{"time":0.6,"x":0.996},{"time":0.9333},{"time":1.4,"x":0.93},{"time":1.5333,"x":0.95},{"time":1.8667}],"shear":[{},{"time":0.4667,"x":-11.66},{"time":0.6,"x":-8.66},{"time":0.9333},{"time":1.4,"x":11.08},{"time":1.5333,"x":7.91},{"time":1.8667}]},"body1":{"rotate":[{},{"time":0.4667,"angle":-1.57},{"time":0.6,"angle":-1.12},{"time":0.9333}],"translate":[{},{"time":0.4667,"x":-9.77,"y":2.73},{"time":0.6,"x":-6.98,"y":1.95},{"time":0.9333},{"time":1.4,"x":-11.38,"y":5.5},{"time":1.5333,"x":-8.13,"y":3.93},{"time":1.8667}],"scale":[{},{"time":0.4667,"x":0.918,"y":0.99},{"time":0.6,"x":0.941,"y":0.993},{"time":0.9333},{"time":1.4,"x":0.88},{"time":1.5333,"x":0.914},{"time":1.8667}]},"1head":{"rotate":[{},{"time":0.4667,"angle":-8.24},{"time":0.6,"angle":-11.02},{"time":0.9333},{"time":1.4,"angle":8.09},{"time":1.5333,"angle":7.2},{"time":1.8667}],"translate":[{},{"time":0.4667,"x":-15.37,"y":5.73},{"time":0.6,"x":-22.25,"y":12.38},{"time":0.9333},{"time":1.4,"x":-4.9,"y":1.44},{"time":1.5333,"x":-0.88,"y":3.42},{"time":1.8667}],"scale":[{},{"time":0.4667,"x":0.926,"y":1.003},{"time":0.6,"x":0.952,"y":1.003},{"time":0.9333},{"time":1.4,"x":0.915},{"time":1.5333,"x":0.955},{"time":1.8667}]},"eyebrow":{"translate":[{},{"time":0.4667,"x":-24.45,"y":-3.27},{"time":0.6,"x":-15.04,"y":-0.57},{"time":0.9333},{"time":1.4,"x":-20.8,"y":-5.95},{"time":1.5333,"x":-14.86,"y":-4.25},{"time":1.8667}]}}},"idle2_eye":{"slots":{"1head":{"attachment":[{"name":"2head"}]},"1head2":{"attachment":[{"name":"2head"}]},"eye1":{"attachment":[{"time":0.5333,"name":"eye2"},{"time":0.6,"name":"eye3"},{"time":0.6667,"name":"eye2"},{"time":0.7333,"name":"eye1"}]}},"bones":{"body3":{"scale":[{},{"time":0.4667,"x":0.995},{"time":0.6,"x":0.996},{"time":0.9333},{"time":1.4,"x":0.93},{"time":1.5333,"x":0.95},{"time":1.8667}],"shear":[{},{"time":0.4667,"x":-11.66},{"time":0.6,"x":-8.66},{"time":0.9333},{"time":1.4,"x":11.08},{"time":1.5333,"x":7.91},{"time":1.8667}]},"body1":{"rotate":[{},{"time":0.4667,"angle":-1.57},{"time":0.6,"angle":-1.12},{"time":0.9333}],"translate":[{},{"time":0.4667,"x":-9.77,"y":2.73},{"time":0.6,"x":-6.98,"y":1.95},{"time":0.9333},{"time":1.4,"x":-11.38,"y":5.5},{"time":1.5333,"x":-8.13,"y":3.93},{"time":1.8667}],"scale":[{},{"time":0.4667,"x":0.918,"y":0.99},{"time":0.6,"x":0.941,"y":0.993},{"time":0.9333},{"time":1.4,"x":0.88},{"time":1.5333,"x":0.914},{"time":1.8667}]},"1head":{"rotate":[{},{"time":0.4667,"angle":-8.24},{"time":0.6,"angle":-11.02},{"time":0.9333},{"time":1.4,"angle":8.09},{"time":1.5333,"angle":7.2},{"time":1.8667}],"translate":[{},{"time":0.4667,"x":-15.37,"y":5.73},{"time":0.6,"x":-22.25,"y":12.38},{"time":0.9333},{"time":1.4,"x":-4.9,"y":1.44},{"time":1.5333,"x":-0.88,"y":3.42},{"time":1.8667}],"scale":[{},{"time":0.4667,"x":0.926,"y":1.003},{"time":0.6,"x":0.952,"y":1.003},{"time":0.9333},{"time":1.4,"x":0.915},{"time":1.5333,"x":0.955},{"time":1.8667}]},"eyebrow":{"translate":[{},{"time":0.4667,"x":-24.45,"y":-3.27},{"time":0.6,"x":-15.04,"y":-0.57},{"time":0.9333},{"time":1.4,"x":-20.8,"y":-5.95},{"time":1.5333,"x":-14.86,"y":-4.25},{"time":1.8667}]}}},"idle3":{"slots":{"1head":{"attachment":[{"name":"2head"}]}},"bones":{"body3":{"scale":[{},{"time":0.1,"x":1.044,"y":0.994},{"time":0.4667,"x":0.988,"y":1.02},{"time":0.6,"x":0.973,"y":1.028},{"time":1.1333}]},"body1":{"translate":[{},{"time":0.1,"x":5.81},{"time":0.4667,"x":-2.26},{"time":0.6,"x":-6.66},{"time":1.1333}],"scale":[{},{"time":0.1,"y":0.989},{"time":0.4667,"x":0.975,"y":1.012},{"time":0.6,"x":0.936,"y":1.012},{"time":1.1333}]},"1head":{"translate":[{},{"time":0.1,"x":1.52},{"time":0.4667},{"time":0.6,"x":-2.75},{"time":1.1333}],"scale":[{},{"time":0.1,"x":1.032,"y":0.967},{"time":0.4667,"x":0.954,"y":1.009},{"time":0.6,"x":0.931,"y":1.018},{"time":1.1333}]},"eyebrow":{"translate":[{"time":0.1},{"time":0.4667,"x":-11.21,"y":-0.5},{"time":0.6,"x":-18.38,"y":-1.1},{"time":1.1333}]}}},"idle3_eye":{"slots":{"1head":{"attachment":[{"name":"2head"}]},"eye1":{"attachment":[{"time":0.5333,"name":"eye2"},{"time":0.6,"name":"eye3"},{"time":0.6667,"name":"eye2"},{"time":0.7333,"name":"eye1"}]}},"bones":{"body3":{"scale":[{},{"time":0.1,"x":1.044,"y":0.994},{"time":0.4667,"x":0.988,"y":1.02},{"time":0.6,"x":0.973,"y":1.028},{"time":1.1}]},"body1":{"translate":[{},{"time":0.1,"x":5.81},{"time":0.4667,"x":-2.26},{"time":0.6,"x":-6.66},{"time":1.1}],"scale":[{},{"time":0.1,"y":0.989},{"time":0.4667,"x":0.975,"y":1.012},{"time":0.6,"x":0.936,"y":1.012},{"time":1.1}]},"1head":{"translate":[{},{"time":0.1,"x":1.52},{"time":0.4667},{"time":0.6,"x":-2.75},{"time":1.1}],"scale":[{},{"time":0.1,"x":1.032,"y":0.967},{"time":0.4667,"x":0.954,"y":1.009},{"time":0.6,"x":0.931,"y":1.018},{"time":1.1}]},"eyebrow":{"translate":[{"time":0.1},{"time":0.4667,"x":-11.21,"y":-0.5},{"time":0.6,"x":-18.38,"y":-1.1},{"time":1.1}]}}},"idle4":{"slots":{"1head":{"attachment":[{"name":"2head"}]}},"bones":{"body3":{"scale":[{"x":1.08}],"shear":[{"x":-24.44},{"time":0.1667,"x":-24.2},{"time":0.3333,"x":-24.44}]},"body1":{"rotate":[{},{"time":0.1667,"angle":1.17},{"time":0.3333}],"translate":[{"x":-16.67,"y":-9.21},{"time":0.1667,"x":-17.03,"y":-7.23},{"time":0.3333,"x":-16.67,"y":-9.21}],"scale":[{"x":0.894,"y":1.036}],"shear":[{"y":-7.73}]},"1head":{"rotate":[{"angle":-35.88},{"time":0.1667,"angle":-34.36},{"time":0.3333,"angle":-35.88}],"translate":[{"x":-41.34,"y":53.99},{"time":0.1667,"x":-39.49,"y":51.75},{"time":0.3333,"x":-41.34,"y":53.99}],"scale":[{"x":0.988,"y":0.981}],"shear":[{"x":-2.97,"y":2.56}]},"eye1":{"translate":[{"x":1.88,"y":-2.75}]}},"deform":{"default":{"body1":{"body1":[{"vertices":[-8.06625,-8.13098,0,0,0,0,0,0,-59.18933,-34.00207,-43.74756,-13.30508,0,0,0,0,-7.39565,14.78352]}]}}}},"idle4_eye":{"slots":{"1head":{"attachment":[{"name":"2head"}]},"eye1":{"attachment":[{"time":0.0667,"name":"eye2"},{"time":0.1333,"name":"eye3"},{"time":0.2,"name":"eye2"},{"time":0.2667,"name":"eye1"}]}},"bones":{"body1":{"rotate":[{},{"time":0.1667,"angle":1.17},{"time":0.3333}],"translate":[{"x":-16.67,"y":-9.21},{"time":0.1667,"x":-17.03,"y":-7.23},{"time":0.3333,"x":-16.67,"y":-9.21}],"scale":[{"x":0.894,"y":1.036}],"shear":[{"y":-7.73}]},"1head":{"rotate":[{"angle":-35.88},{"time":0.1667,"angle":-34.36},{"time":0.3333,"angle":-35.88}],"translate":[{"x":-41.34,"y":53.99},{"time":0.1667,"x":-39.49,"y":51.75},{"time":0.3333,"x":-41.34,"y":53.99}],"scale":[{"x":0.988,"y":0.981}],"shear":[{"x":-2.97,"y":2.56}]},"eye1":{"translate":[{"x":1.88,"y":-2.75}]},"body3":{"scale":[{"x":1.08}],"shear":[{"x":-24.44},{"time":0.1667,"x":-24.2},{"time":0.3333,"x":-24.44}]}},"deform":{"default":{"body1":{"body1":[{"vertices":[-8.06625,-8.13098,0,0,0,0,0,0,-59.18933,-34.00207,-43.74756,-13.30508,0,0,0,0,-7.39565,14.78352]}]}}}}}},[0]]],0,0,[0],[-1],[4]]]]