[1,["f9Zs/JsIhCO5cCp0byew/4"],0,[["sp.SkeletonData",["_name","_atlasText","textureNames","_skeletonJson","textures"],-1,3]],[[0,0,1,2,3,4,5]],[[0,"n11_jianguo","\r\nn11_jianguo.png\r\nsize: 136,142\r\nformat: RGBA8888\r\nfilter: Linear,Linear\r\nrepeat: none\r\njianguo/biyan\r\n  rotate: true\r\n  xy: 105, 29\r\n  size: 54, 27\r\n  orig: 54, 27\r\n  offset: 0, 0\r\n  index: -1\r\njianguo/shenti\r\n  rotate: false\r\n  xy: 2, 15\r\n  size: 101, 125\r\n  orig: 101, 125\r\n  offset: 0, 0\r\n  index: -1\r\njianguo/yanjing\r\n  rotate: true\r\n  xy: 105, 85\r\n  size: 55, 29\r\n  orig: 55, 29\r\n  offset: 0, 0\r\n  index: -1\r\njianguo/zui0\r\n  rotate: true\r\n  xy: 19, 2\r\n  size: 11, 14\r\n  orig: 11, 14\r\n  offset: 0, 0\r\n  index: -1\r\njianguo/zui1\r\n  rotate: false\r\n  xy: 2, 2\r\n  size: 15, 11\r\n  orig: 15, 11\r\n  offset: 0, 0\r\n  index: -1\r\n",["n11_jianguo.png"],{"skeleton":{"hash":"9rbdFY0Yt/fMFtglvPJTMljjPgg","spine":"3.8.99"},"bones":[{"name":"root","scaleX":0.7,"scaleY":0.7},{"name":"shenti","parent":"root","length":25,"rotation":90,"y":4.14},{"name":"shenti1","parent":"shenti","x":51.66,"y":-0.77},{"name":"shenti2","parent":"shenti","x":28.21},{"name":"biyan","parent":"shenti1","length":34,"rotation":-90.13,"x":20.86,"y":7.84},{"name":"zui1","parent":"shenti1","rotation":-90.54,"x":4.88,"y":-11.31}],"slots":[{"name":"shenti","bone":"shenti2","attachment":"jianguo/shenti"},{"name":"zui1","bone":"zui1","attachment":"jianguo/zui1"},{"name":"biyan","bone":"biyan","attachment":"jianguo/yanjing"}],"skins":[{"name":"default","attachments":{"biyan":{"jianguo/biyan":{"x":15.01,"y":-1.61,"rotation":-0.41,"width":54,"height":27},"jianguo/yanjing":{"x":14.52,"y":-0.85,"rotation":-0.41,"width":55,"height":29}},"shenti":{"jianguo/shenti":{"type":"mesh","hull":28,"uvs":[0.53374,0.9958,0.61576,0.97867,0.68497,0.97986,0.76501,0.96373,0.78225,0.92249,0.8591,0.88026,0.87437,0.83784,0.93447,0.80298,0.95023,0.7245,0.99505,0.66852,0.99505,0.45937,0.97018,0.37331,0.92707,0.30478,0.8719,0.16794,0.74087,0.06834,0.63128,0.01475,0.52833,0.004,0.3973,0.00479,0.26651,0.06694,0.17243,0.14424,0.10051,0.23388,0.04633,0.3012,0.0052,0.4257,0.0052,0.65597,0.03697,0.75458,0.1308,0.86771,0.27243,0.96612,0.3803,0.996,0.27243,0.35219,0.26011,0.4767,0.32956,0.58625,0.45887,0.68585,0.59581,0.68465,0.76378,0.68465,0.8591,0.53407,0.83766,0.38586,0.74062,0.23886,0.60812,0.16655,0.48965,0.14802,0.37415,0.15918,0.29878,0.25997],"triangles":[22,29,28,20,28,40,29,23,30,19,40,39,30,25,31,17,39,38,39,40,38,16,38,37,32,31,1,38,40,37,30,31,32,40,28,37,37,36,14,37,28,36,28,29,30,28,30,35,36,28,35,30,32,35,33,32,4,32,33,34,35,32,34,36,35,12,34,33,9,35,34,10,21,22,28,20,21,28,22,23,29,19,20,40,23,24,30,18,19,39,24,25,30,18,39,17,25,26,31,17,38,16,26,27,31,16,37,15,31,27,0,31,0,1,15,37,14,2,3,4,32,1,4,1,2,4,14,36,13,33,4,6,4,5,6,33,6,8,6,7,8,13,36,12,12,35,11,10,34,9,33,8,9,11,35,10],"vertices":[1,1,-6.53,0.55,1,1,1,-4.38,-7.78,1,1,1,-4.53,-14.8,1,1,1,-2.5,-22.93,1,1,1,2.68,-24.68,1,1,1,7.97,-32.48,1,1,1,13.3,-34.03,1,1,1,17.68,-40.13,1,1,1,27.52,-41.73,1,1,1,34.55,-46.28,1,1,1,60.8,-46.28,1,1,1,71.6,-43.76,1,1,1,80.2,-39.38,1,1,1,97.37,-33.78,1,1,1,109.87,-20.48,1,1,1,116.6,-9.35,1,1,1,117.95,1.09,1,1,1,117.85,14.4,1,1,1,110.05,27.67,1,1,1,100.35,37.22,1,1,1,89.1,44.52,1,1,1,80.65,50.02,1,1,1,65.02,54.2,1,1,1,36.13,54.2,1,1,1,23.75,50.97,1,1,1,9.55,41.45,1,1,1,-2.8,27.07,1,1,1,-6.55,16.12,1,1,2,22.59,27.84,1,1,2,6.96,29.09,1,1,2,-6.78,22.04,1,1,2,-19.28,8.92,1,1,2,-19.14,-4.97,1,1,2,-19.14,-22.03,1,1,2,-0.24,-31.7,1,1,2,18.36,-29.53,1,1,2,36.81,-19.69,1,1,2,45.89,-6.22,1,1,2,48.21,5.79,1,1,2,46.81,17.52,1,1,2,34.17,25.17,1]}},"zui1":{"jianguo/zui0":{"x":2.23,"y":-0.7,"width":11,"height":14},"jianguo/zui1":{"x":0.47,"y":2.55,"width":15,"height":11}}}}],"events":{"gongji":{}},"animations":{"daiji":{"slots":{"biyan":{"attachment":[{"time":0.3333,"name":"jianguo/biyan"},{"time":0.4583,"name":"jianguo/yanjing"}]}},"bones":{"biyan":{"translate":[{"x":-7.35,"y":2.5}]},"shenti":{"rotate":[{"angle":3.76},{"time":0.1667,"angle":-0.18},{"time":0.3333,"angle":-4.11},{"time":0.5,"angle":-0.18},{"time":0.6667,"angle":3.76}],"scale":[{"x":1.05},{"time":0.1667,"x":0.95},{"time":0.3333,"x":1.05},{"time":0.5,"x":0.95},{"time":0.6667,"x":1.05}]},"zui1":{"translate":[{"x":-7.79,"y":2.53}]},"shenti1":{"translate":[{},{"time":0.1667,"x":3.57,"y":0.01},{"time":0.3333},{"time":0.5,"x":3.57,"y":0.01},{"time":0.6667}]}}},"daiji2":{"bones":{"biyan":{"translate":[{"x":-11.75,"y":2.5}],"scale":[{"y":0.6}]},"zui1":{"translate":[{"x":-11.75,"y":2.53}]},"shenti1":{"translate":[{},{"time":0.5,"x":-5.64},{"time":1}]}}},"gongji":{"slots":{"biyan":{"attachment":[{"time":0.25,"name":"jianguo/biyan"},{"time":0.3333,"name":"jianguo/yanjing"}]}},"bones":{"biyan":{"translate":[{"x":-7.35,"y":2.5}]},"shenti":{"rotate":[{},{"time":0.1667,"angle":9.52},{"time":0.25,"angle":-8.09},{"time":0.4167}],"scale":[{"x":1.05}]},"zui1":{"translate":[{"x":-7.79,"y":2.53}]},"shenti1":{"translate":[{},{"time":0.1667,"x":0.78,"y":4.91},{"time":0.25,"x":2.58,"y":-11.91},{"time":0.4167}]}},"events":[{"time":0.25,"name":"gongji"}]},"shengli":{"slots":{"biyan":{"attachment":[{"time":0.3333,"name":"jianguo/biyan"},{"time":0.4583,"name":"jianguo/yanjing"}]}},"bones":{"biyan":{"translate":[{"x":-7.35,"y":2.5}]},"shenti":{"rotate":[{"angle":3.76},{"time":0.1667,"angle":-0.18},{"time":0.3333,"angle":-4.11},{"time":0.5,"angle":-0.18},{"time":0.6667,"angle":3.76}],"scale":[{"x":1.05},{"time":0.1667,"x":0.95},{"time":0.3333,"x":1.05},{"time":0.5,"x":0.95},{"time":0.6667,"x":1.05}]},"zui1":{"translate":[{"x":-7.79,"y":2.53}]},"shenti1":{"translate":[{},{"time":0.1667,"x":3.57,"y":0.01},{"time":0.3333},{"time":0.5,"x":3.57,"y":0.01},{"time":0.6667}]}}},"shouji":{"bones":{"shenti":{"scale":[{},{"time":0.0833,"x":1.05},{"time":0.1667},{"time":0.25,"x":1.05},{"time":0.3333},{"time":0.4167,"x":1.05}]},"biyan":{"translate":[{"x":-11.75,"y":2.5}],"scale":[{},{"time":0.0833,"x":1.2,"y":1.2},{"time":0.1667},{"time":0.25,"x":1.2,"y":1.2},{"time":0.3333},{"time":0.4167,"x":1.2,"y":1.2}]},"zui1":{"translate":[{"x":-11.75,"y":2.53}]},"shenti1":{"translate":[{},{"time":0.0833,"x":2.05},{"time":0.1667},{"time":0.25,"x":2.05},{"time":0.3333},{"time":0.4167,"x":2.05}]}}},"siwang":{"slots":{"biyan":{"color":[{"time":0.75,"color":"ffffffff"},{"time":1.0417,"color":"00000000"}]},"shenti":{"color":[{"time":0.4167,"color":"ffffffff"},{"time":0.75,"color":"000000ff"},{"time":1.0417,"color":"00000000"}]},"zui1":{"color":[{"time":0.4167,"color":"ffffffff"},{"time":0.75,"color":"000000ff"},{"time":1.0417,"color":"00000000"}]}},"bones":{"zui1":{"translate":[{"x":-11.75,"y":2.53}]},"biyan":{"translate":[{"x":-11.75,"y":2.5}],"scale":[{},{"time":0.0833,"x":1.2,"y":1.2},{"time":0.1667},{"time":0.25,"x":1.2,"y":1.2},{"time":0.3333},{"time":0.4167,"x":1.2,"y":1.2},{"time":0.5},{"time":0.5833,"x":1.2,"y":1.2},{"time":0.6667},{"time":0.75,"x":1.2,"y":1.2}]},"shenti":{"scale":[{},{"time":0.0833,"x":1.05},{"time":0.1667},{"time":0.25,"x":1.05},{"time":0.3333},{"time":0.4167,"x":1.05},{"time":0.5},{"time":0.5833,"x":1.05},{"time":0.6667},{"time":0.75,"x":1.05},{"time":1.0417,"x":0.9}]},"shenti1":{"translate":[{},{"time":0.0833,"x":2.05},{"time":0.1667},{"time":0.25,"x":2.05},{"time":0.3333},{"time":0.4167,"x":2.05},{"time":0.5},{"time":0.5833,"x":2.05},{"time":0.6667},{"time":0.75,"x":2.05},{"time":1.0417,"x":-6.62}]}}}}},[0]]],0,0,[0],[-1],[0]]