[1,["ecpdLyjvZBwrvm+cedCcQy","caohSHbS5GEIzmwCrnMGn5","9fDVKsCC5NCaziXVModEAo","dfl2ZacRFPtYPSi+3FwLuD","a2MjXRFdtLlYQ5ouAFv/+R","c4CGt6V2BEELgWlQZ2tLBZ","61gmdS5rFPHr+LE2zChh66","1eMUvYAAFPYLs8Qcd3/Y9y","b2YyBjW6tF2ajRnrtLeZ5w","16hTJUbtZDnYV/IBpUeAGm"],["node","_spriteFrame","_N$file","root","board","mask","failWord","data","_textureSetter"],[["cc.Node",["_name","_active","_opacity","_prefab","_components","_contentSize","_parent","_trs","_children","_color","_anchorPoint"],0,4,9,5,1,7,2,5,5],["cc.Sprite",["_sizeMode","_type","_isTrimmedMode","node","_materials","_spriteFrame"],0,1,3,6],["cc.Widget",["_alignFlags","_originalWidth","_originalHeight","node"],0,1],["cc.PrefabInfo",["fileId","root","asset"],2,1,1],["cc.Label",["_string","_fontSize","_isSystemFontUsed","_N$horizontalAlign","_N$verticalAlign","_lineHeight","node","_materials","_N$file"],-3,1,3,6],"cc.SpriteFrame",["cc.Prefab",["_name"],2],["67529Lq27tAbLepZ8j8zGaa",["node","failWord","mask","board"],3,1,1,1,1],["cc.BlockInputEvents",["node"],3,1],["cc.Button",["_N$transition","node","clickEvents"],2,1,9],["cc.ClickEvent",["_componentId","handler","target"],1,1],["cc.LabelOutline",["_width","node","_color"],2,1,5]],[[3,0,1,2,2],[1,1,0,2,3,4,5,4],[0,0,6,4,3,9,5,7,2],[0,0,6,8,4,3,5,7,2],[0,0,6,4,3,5,7,2],[9,0,1,2,2],[10,0,1,2,3],[4,0,1,5,2,3,4,6,7,8,7],[11,0,1,2,2],[1,3,4,5,1],[6,0,2],[0,0,8,4,3,5,7,2],[0,0,1,6,8,3,3],[0,0,1,2,6,4,3,9,5,4],[0,0,6,4,3,5,2],[0,0,6,4,3,5,10,7,2],[2,0,3,2],[2,0,1,2,3,4],[7,0,1,2,3,1],[8,0,1],[3,1,2,1],[1,0,3,4,5,2],[1,1,0,3,4,5,3],[4,0,1,2,3,4,6,7,8,6]],[[[[10,"GameFailView"],[11,"GameFailView",[-8,-9,-10],[[16,45,-2],[18,-6,-5,-4,-3],[19,-7]],[20,-1,0],[5,1280,720],[640,360,0,0,0,0,1,1,1,1]],[12,"board",false,1,[-11,-12,-13,-14,-15,-16,-17,-18],[0,"5erLCkW6NLBYGVhAjCV2xu",1,0]],[13,"mask",false,177,1,[[21,0,-19,[2],3],[17,45,100,100,-20]],[0,"c2Qf3BZmVPwowc6OuoHNMa",1,0],[4,4278190080],[5,1280,720]],[3,"btn_re_try",2,[-23],[[1,1,0,false,-21,[16],17],[5,3,-22,[[6,"67529Lq27tAbLepZ8j8zGaa","clickRestart",1]]]],[0,"1batHTSbJLY6JRYlAgv5C/",1,0],[5,196,70],[-106,-118,0,0,0,0,1,1,1,0]],[3,"btn_select_part",2,[-26],[[1,1,0,false,-24,[20],21],[5,3,-25,[[6,"67529Lq27tAbLepZ8j8zGaa","clickSelectPart",1]]]],[0,"4atlwAUk1DyLtKr29qUm5g",1,0],[5,196,70],[116,-118,0,0,0,0,1,1,1,0]],[3,"btn_main_view",2,[-29],[[1,1,0,false,-27,[24],25],[5,3,-28,[[6,"67529Lq27tAbLepZ8j8zGaa","clickMainView",1]]]],[0,"fdnEoTbOlCWrOUYl89o3wq",1,0],[5,252,70],[365,308,0,0,0,0,1,1,1,0]],[14,"word",1,[[9,-30,[0],1]],[0,"8bZfSPsypP36cP700wrWnX",1,0],[5,749,464]],[2,"txt",4,[[7,"再次尝试",30,34,false,1,1,-31,[14],15],[8,2,-32,[4,4278330370]]],[0,"56rf6x4+BMrYk+3etN1mgE",1,0],[4,4279746326],[5,124,46.84],[-3,4,0,0,0,0,1,1,1,1]],[2,"txt",5,[[7,"选择关卡",30,34,false,1,1,-33,[18],19],[8,2,-34,[4,4278330370]]],[0,"b3aEZxCtdI4baQq/3618IS",1,0],[4,4279746326],[5,124,46.84],[-3,4,0,0,0,0,1,1,1,1]],[2,"txt",6,[[23,"主菜单",36,false,1,1,-35,[22],23],[8,2,-36,[4,4278330370]]],[0,"0593cSVxZEDIEQaQlyQ2wB",1,0],[4,4279746326],[5,112,54.4],[-4,6,0,0,0,0,1,1,1,1]],[15,"common_pop_view_3",2,[[1,1,0,false,-37,[4],5]],[0,"d5UWidSrRPIoaRZJy1wEEi",1,0],[5,498,130],[0,0.5,1],[0,55,0,0,0,0,1,1,1,1]],[4,"common_pop_view_2",2,[[1,1,0,false,-38,[6],7]],[0,"0emGixX+pFNJvvRG7RsC6q",1,0],[5,504,100],[-1,104,0,0,0,0,1,1,1,1]],[4,"common_pop_view_4",2,[[22,1,0,-39,[8],9]],[0,"56GVEn5ndOPo4xdXr4+nme",1,0],[5,506,101],[-1,-125,0,0,0,0,1,1,1,1]],[4,"common_pop_view_1",2,[[9,-40,[10],11]],[0,"06YKTcLvNIKqbPoOKHSevY",1,0],[5,121,70],[-1,170,0,0,0,0,1,1,1,1]],[2,"tip",2,[[7,"游戏结束",39,43,false,1,1,-41,[12],13]],[0,"64sSexNGFGI7AWa5rMDXTk",1,0],[4,4284081919],[5,156,54.18],[0,30,0,0,0,0,1,1,1,1]]],0,[0,3,1,0,0,1,0,4,2,0,5,3,0,6,7,0,0,1,0,0,1,0,-1,7,0,-2,3,0,-3,2,0,-1,11,0,-2,12,0,-3,13,0,-4,14,0,-5,15,0,-6,4,0,-7,5,0,-8,6,0,0,3,0,0,3,0,0,4,0,0,4,0,-1,8,0,0,5,0,0,5,0,-1,9,0,0,6,0,0,6,0,-1,10,0,0,7,0,0,8,0,0,8,0,0,9,0,0,9,0,0,10,0,0,10,0,0,11,0,0,12,0,0,13,0,0,14,0,0,15,0,7,1,41],[0,0,0,0,0,0,0,0,0,0,0,0,0,0,0,0,0,0,0,0,0,0,0,0,0,0],[-1,1,-1,1,-1,1,-1,1,-1,1,-1,1,-1,2,-1,2,-1,1,-1,2,-1,1,-1,2,-1,1],[0,3,0,4,0,5,0,6,0,7,0,8,0,1,0,1,0,2,0,1,0,2,0,1,0,2]],[[{"name":"ZombiesWon","rect":[0,1,749,464],"offset":[0,-0.5],"originalSize":[749,465],"capInsets":[0,0,0,0]}],[5],0,[0],[8],[9]]]]