[1,["e3Na6WdjJK9LpgWa8SaKIQ","eeBQakK5tKFIVRyvLhYOLq","40Nc+BDX5KCKCJRxQQY6NC"],["root","body","animation","node","data","_N$skeletonData"],[["cc.Node",["_name","_groupIndex","_parent","_components","_prefab","_contentSize"],1,1,2,4,5],["cc.PrefabInfo",["fileId","root","asset"],2,1,1],["cc.Prefab",["_name"],2],["cc.Node",["_name","_children","_components","_prefab","_trs"],2,2,12,4,7],["b1bfb8jog9M2q3U9xqelKMY",["node","animation","body","shadowOffset"],3,1,1,1,5],["sp.Skeleton",["defaultSkin","defaultAnimation","_preCacheMode","_animationName","node","_materials"],-1,1,3],["cc.BoxCollider",["node","_offset","_size"],3,1,5,5],["96c396uvMtPhLUJFoRD9JmK",["node","body"],3,1,1],["261d4+Q1HdGA5w3tjdBw83c",["activeFlash","node","spineAnimation"],2,1,1],["sp.SkeletonData",["_name","_atlasText","textureNames","_skeletonJson","textures"],-1,3]],[[1,0,1,2,2],[2,0,2],[3,0,1,2,3,4,2],[0,0,1,2,3,4,3],[0,0,2,3,4,5,2],[4,0,1,2,3,1],[1,1,2,1],[5,0,1,2,3,4,5,5],[6,0,1,2,1],[7,0,1,1],[8,0,1,2,2],[9,0,1,2,3,4,5]],[[[[1,"PotatoMine"],[2,"PotatoMine",[-6,-7],[[-2,[5,-5,-4,-3,[0,0,2]]],1,4],[6,-1,0],[-494,-293,0,0,0,0,1,1,1,1]],[3,"bodyC",5,1,[-8,-9],[0,"59eBUCsp1NcJnAjWerKFVt",1,0]],[4,"05_plant",1,[-10],[0,"35fmoO+89K75Ig6UWTgM6A",1,0],[5,90.3,68.23]],[7,"default","idle3",0,"idle3",3,[0]],[8,2,[0,0,20],[5,60,40]],[9,2,5],[10,true,1,4]],0,[0,0,1,0,-1,7,0,1,6,0,2,7,0,3,1,0,-1,3,0,-2,2,0,-1,5,0,-2,6,0,-1,4,0,4,1,10],[0,4],[-1,5],[0,1]],[[[11,"05_plant","\n05_plant.png\nsize: 512,128\nformat: RGBA8888\nfilter: Linear,Linear\nrepeat: none\n1\n  rotate: false\n  xy: 2, 27\n  size: 140, 99\n  orig: 140, 99\n  offset: 0, 0\n  index: -1\nball1\n  rotate: false\n  xy: 49, 3\n  size: 22, 22\n  orig: 22, 22\n  offset: 0, 0\n  index: -1\nball2\n  rotate: false\n  xy: 175, 4\n  size: 31, 31\n  orig: 35, 35\n  offset: 2, 2\n  index: -1\nbody1\n  rotate: true\n  xy: 206, 57\n  size: 69, 35\n  orig: 69, 35\n  offset: 0, 0\n  index: -1\nbody2\n  rotate: false\n  xy: 316, 82\n  size: 9, 18\n  orig: 11, 18\n  offset: 2, 0\n  index: -1\nclod1\n  rotate: false\n  xy: 326, 102\n  size: 12, 9\n  orig: 12, 9\n  offset: 0, 0\n  index: -1\nclod10\n  rotate: true\n  xy: 326, 113\n  size: 13, 9\n  orig: 13, 9\n  offset: 0, 0\n  index: -1\nclod11\n  rotate: true\n  xy: 331, 74\n  size: 12, 9\n  orig: 12, 9\n  offset: 0, 0\n  index: -1\nclod2\n  rotate: true\n  xy: 295, 57\n  size: 14, 9\n  orig: 14, 9\n  offset: 0, 0\n  index: -1\nclod3\n  rotate: false\n  xy: 268, 57\n  size: 9, 8\n  orig: 9, 8\n  offset: 0, 0\n  index: -1\nclod4\n  rotate: false\n  xy: 158, 16\n  size: 15, 9\n  orig: 15, 9\n  offset: 0, 0\n  index: -1\nclod5\n  rotate: true\n  xy: 337, 114\n  size: 12, 10\n  orig: 12, 10\n  offset: 0, 0\n  index: -1\nclod6\n  rotate: true\n  xy: 327, 88\n  size: 12, 10\n  orig: 12, 10\n  offset: 0, 0\n  index: -1\nclod7\n  rotate: true\n  xy: 319, 57\n  size: 8, 9\n  orig: 8, 9\n  offset: 0, 0\n  index: -1\nclod8\n  rotate: false\n  xy: 279, 57\n  size: 14, 10\n  orig: 14, 10\n  offset: 0, 0\n  index: -1\nclod9\n  rotate: true\n  xy: 319, 67\n  size: 13, 10\n  orig: 13, 10\n  offset: 0, 0\n  index: -1\neye1\n  rotate: true\n  xy: 243, 97\n  size: 29, 15\n  orig: 29, 15\n  offset: 0, 0\n  index: -1\neye2\n  rotate: true\n  xy: 243, 66\n  size: 29, 11\n  orig: 29, 11\n  offset: 0, 0\n  index: -1\neye3\n  rotate: false\n  xy: 144, 27\n  size: 29, 8\n  orig: 29, 8\n  offset: 0, 0\n  index: -1\nguang\n  rotate: true\n  xy: 144, 37\n  size: 89, 60\n  orig: 89, 60\n  offset: 0, 0\n  index: -1\nshitou10\n  rotate: true\n  xy: 331, 61\n  size: 11, 10\n  orig: 15, 14\n  offset: 2, 2\n  index: -1\nshitou13\n  rotate: false\n  xy: 339, 89\n  size: 11, 11\n  orig: 15, 14\n  offset: 2, 1\n  index: -1\nshitou15\n  rotate: true\n  xy: 342, 76\n  size: 11, 10\n  orig: 15, 14\n  offset: 2, 2\n  index: -1\nshitou4\n  rotate: false\n  xy: 306, 58\n  size: 11, 13\n  orig: 15, 17\n  offset: 2, 2\n  index: -1\nshitou6\n  rotate: true\n  xy: 340, 102\n  size: 10, 11\n  orig: 15, 16\n  offset: 2, 2\n  index: -1\nshitou7\n  rotate: false\n  xy: 256, 57\n  size: 10, 8\n  orig: 15, 12\n  offset: 3, 2\n  index: -1\ntu34\n  rotate: false\n  xy: 278, 100\n  size: 26, 26\n  orig: 27, 26\n  offset: 0, 0\n  index: -1\nzha10\n  rotate: false\n  xy: 276, 69\n  size: 12, 27\n  orig: 12, 27\n  offset: 0, 0\n  index: -1\nzha11\n  rotate: false\n  xy: 256, 67\n  size: 18, 28\n  orig: 18, 28\n  offset: 0, 0\n  index: -1\nzha12\n  rotate: false\n  xy: 260, 98\n  size: 16, 28\n  orig: 16, 29\n  offset: 0, 1\n  index: -1\nzha14\n  rotate: false\n  xy: 352, 89\n  size: 9, 11\n  orig: 9, 11\n  offset: 0, 0\n  index: -1\nzha16\n  rotate: false\n  xy: 73, 4\n  size: 16, 21\n  orig: 16, 21\n  offset: 0, 0\n  index: -1\nzha2\n  rotate: true\n  xy: 2, 2\n  size: 23, 24\n  orig: 23, 24\n  offset: 0, 0\n  index: -1\nzha20\n  rotate: false\n  xy: 158, 2\n  size: 13, 12\n  orig: 13, 12\n  offset: 0, 0\n  index: -1\nzha21\n  rotate: true\n  xy: 290, 73\n  size: 25, 24\n  orig: 25, 24\n  offset: 0, 0\n  index: -1\nzha23\n  rotate: true\n  xy: 306, 102\n  size: 24, 18\n  orig: 24, 18\n  offset: 0, 0\n  index: -1\nzha24\n  rotate: true\n  xy: 28, 2\n  size: 23, 19\n  orig: 23, 19\n  offset: 0, 0\n  index: -1\nzha3\n  rotate: false\n  xy: 124, 6\n  size: 16, 19\n  orig: 16, 19\n  offset: 0, 0\n  index: -1\nzha5\n  rotate: false\n  xy: 349, 115\n  size: 11, 11\n  orig: 11, 11\n  offset: 0, 0\n  index: -1\nzha8\n  rotate: false\n  xy: 142, 6\n  size: 14, 19\n  orig: 14, 19\n  offset: 0, 0\n  index: -1\nzha9\n  rotate: true\n  xy: 91, 5\n  size: 20, 31\n  orig: 20, 31\n  offset: 0, 0\n  index: -1\nzi\n  rotate: false\n  xy: 208, 2\n  size: 173, 53\n  orig: 173, 53\n  offset: 0, 0\n  index: -1\n",["05_plant.png"],{"skeleton":{"hash":"kR4u8RpFWKzfGjV1udt2LH6YZCQ","spine":"3.8.99","x":-47.81,"y":-6.81,"width":90.3,"height":68.23},"bones":[{"name":"root"},{"name":"plant","parent":"root","scaleX":0.166,"scaleY":0.166},{"name":"plant1","parent":"plant"},{"name":"body1","parent":"plant1","length":155.12,"rotation":90.23,"x":-1.05,"y":2.08},{"name":"body3","parent":"body1","length":98.66,"rotation":0.13,"x":166.3,"y":1.82,"scaleX":0.166,"scaleY":0.166,"transform":"noScale"},{"name":"ball1","parent":"body3","x":130.29,"y":-1.44,"scaleX":0.166,"scaleY":0.166,"transform":"noScale"},{"name":"eye1","parent":"body1","x":81.37,"y":-61.88},{"name":"clod","parent":"plant"},{"name":"clod11","parent":"clod","x":194.99,"y":50.85},{"name":"clod1","parent":"clod","x":219.03,"y":23.66},{"name":"clod3","parent":"clod","x":158.94,"y":2.78},{"name":"clod5","parent":"clod","x":112.13,"y":-10.5},{"name":"clod4","parent":"clod","x":46.35,"y":-11.77},{"name":"clod7","parent":"clod","x":-25.76,"y":-5.44},{"name":"clod6","parent":"clod","x":-73.2,"y":4.68},{"name":"clod9","parent":"clod","x":-123.17,"y":9.74},{"name":"clod8","parent":"clod","x":-175.67,"y":11.64},{"name":"clod12","parent":"clod","x":-243.98,"y":19.86},{"name":"clod10","parent":"clod","x":-232.59,"y":47.69},{"name":"fx","parent":"plant","x":-9.77,"y":-110.81},{"name":"1","parent":"fx","x":11.84,"y":67.37},{"name":"guang","parent":"fx","x":-5.92,"y":253.87},{"name":"mu1","parent":"fx","x":346.11,"y":503.11},{"name":"mu2","parent":"fx","x":323.15,"y":593.13},{"name":"mu3","parent":"fx","x":235.38,"y":585.15},{"name":"mu4","parent":"fx","x":147.61,"y":716.8},{"name":"mu5","parent":"fx","x":105.32,"y":592.33},{"name":"mu6","parent":"fx","x":-153.2,"y":719.19},{"name":"mu7","parent":"fx","x":-324.74,"y":621.05},{"name":"tu1","parent":"fx","x":-90.16,"y":644.99},{"name":"tu2","parent":"fx","x":-64.63,"y":595.52},{"name":"tu3","parent":"fx","x":-118.09,"y":601.1},{"name":"tu34","parent":"fx","x":-203.46,"y":652.97},{"name":"zi-1","parent":"fx","y":119.18},{"name":"zi2","parent":"zi-1","x":5.59,"y":244.95},{"name":"tu35","parent":"fx","x":84.14,"y":656.91},{"name":"tu4","parent":"fx","x":197.44,"y":648.93},{"name":"tu5","parent":"fx","x":169.51,"y":605.04},{"name":"tu6","parent":"fx","x":222.97,"y":599.46},{"name":"mu8","parent":"fx","x":209.11,"y":387.26},{"name":"mu9","parent":"fx","x":296.88,"y":395.24},{"name":"mu10","parent":"fx","x":121.34,"y":518.91},{"name":"mu11","parent":"fx","x":-179.46,"y":521.31},{"name":"renwu","parent":"plant","x":-9.77,"y":8.37},{"name":"shenti-2","parent":"renwu","x":-1.02,"y":1035.63},{"name":"shitou16","parent":"shenti-2","x":-33.02,"y":-357.42},{"name":"shitou17","parent":"shenti-2","x":-90.88,"y":-443.48},{"name":"shitou18","parent":"shenti-2","x":-180.31,"y":-480.42},{"name":"shitou19","parent":"shenti-2","x":-103.34,"y":-375.47},{"name":"shitou20","parent":"shenti-2","rotation":127.78,"x":179.17,"y":-401.26},{"name":"shitou21","parent":"shenti-2","x":4.3,"y":-398.39},{"name":"shitou22","parent":"shenti-2","x":123.77,"y":-437.98},{"name":"shitou23","parent":"shenti-2","rotation":40.9,"x":184.69,"y":-470.79},{"name":"shitou24","parent":"shenti-2","x":63.07,"y":-417.48},{"name":"shitou25","parent":"shenti-2","x":105.82,"y":-358.7},{"name":"shitou5","parent":"shenti-2","x":-157.86,"y":-415.87},{"name":"shitou26","parent":"shenti-2","x":-43.94,"y":-409.06},{"name":"shitou27","parent":"shenti-2","x":-138.53,"y":-470.53},{"name":"shitou28","parent":"shenti-2","x":70.21,"y":-377.2}],"slots":[{"name":"clod11","bone":"clod11","attachment":"clod11"},{"name":"clod10","bone":"clod10","attachment":"clod10"},{"name":"plant1","bone":"plant","attachment":"plant1"},{"name":"body1","bone":"body1","attachment":"body1"},{"name":"eye1","bone":"eye1","attachment":"eye1"},{"name":"body2","bone":"body3","attachment":"body2"},{"name":"ball1","bone":"ball1","attachment":"ball1"},{"name":"clod9","bone":"clod12","attachment":"clod9"},{"name":"clod8","bone":"clod8","attachment":"clod8"},{"name":"clod7","bone":"clod9","attachment":"clod7"},{"name":"clod6","bone":"clod6","attachment":"clod6"},{"name":"clod5","bone":"clod7","attachment":"clod5"},{"name":"clod4","bone":"clod4","attachment":"clod4"},{"name":"clod3","bone":"clod5","attachment":"clod3"},{"name":"clod2","bone":"clod3","attachment":"clod2"},{"name":"clod1","bone":"clod1","attachment":"clod1"},{"name":"shitou28","bone":"shitou28"},{"name":"shitou27","bone":"shitou27"},{"name":"shitou26","bone":"shitou26"},{"name":"shitou5","bone":"shitou5"},{"name":"shitou25","bone":"shitou25"},{"name":"shitou24","bone":"shitou24"},{"name":"shitou23","bone":"shitou23"},{"name":"shitou22","bone":"shitou22"},{"name":"shitou21","bone":"shitou21"},{"name":"shitou20","bone":"shitou20"},{"name":"shitou19","bone":"shitou19"},{"name":"shitou18","bone":"shitou18"},{"name":"shitou17","bone":"shitou17"},{"name":"shitou16","bone":"shitou16"},{"name":"mu1","bone":"mu1"},{"name":"mu2","bone":"mu2"},{"name":"mu9","bone":"mu9"},{"name":"mu3","bone":"mu3"},{"name":"mu8","bone":"mu8"},{"name":"mu4","bone":"mu4"},{"name":"mu10","bone":"mu10"},{"name":"mu5","bone":"mu5"},{"name":"mu6","bone":"mu6"},{"name":"mu11","bone":"mu11"},{"name":"mu7","bone":"mu7"},{"name":"tu1","bone":"tu1"},{"name":"tu4","bone":"tu4"},{"name":"tu2","bone":"tu2"},{"name":"tu6","bone":"tu6"},{"name":"tu3","bone":"tu3"},{"name":"tu5","bone":"tu5"},{"name":"tu34","bone":"tu34"},{"name":"tu35","bone":"tu35"},{"name":"1","bone":"1"},{"name":"zi2","bone":"zi2"},{"name":"guang","bone":"guang"}],"skins":[{"name":"default","attachments":{"1":{"1":{"x":-7.9,"y":161.18,"width":931,"height":658}},"ball1":{"ball1":{"x":-1.68,"y":-1.4,"rotation":-90.36,"width":147,"height":146},"ball2":{"x":-2.18,"y":-2.9,"rotation":-90.36,"width":236,"height":233}},"body1":{"body1":{"type":"mesh","hull":20,"uvs":[0.65859,0.05951,0.73889,0.1402,0.83009,0.26688,0.91972,0.46929,0.96896,0.62052,0.98915,0.71013,0.98933,0.83192,0.88842,0.93313,0.7253,0.99829,0.53199,0.95895,0.37224,0.9033,0.34409,0.90138,0.11618,0.8937,0.01845,0.80995,0.00232,0.6927,0.06379,0.41947,0.158,0.23285,0.27411,0.10533,0.41794,0.01766,0.55288,0.0158],"triangles":[12,13,14,11,12,15,12,14,15,10,11,17,16,17,11,11,15,16,18,10,17,3,8,2,7,3,4,7,4,5,7,5,6,19,10,18,9,19,0,9,0,1,8,9,1,2,8,1,9,10,19,3,7,8],"vertices":[191.83,-58.11,172.88,-94.89,143.2,-136.63,95.87,-177.59,60.54,-200.05,39.63,-209.23,11.25,-209.2,-12.15,-162.78,-27.03,-87.85,-17.51,0.84,-4.25,74.11,-3.75,87.03,-1.54,191.63,18.15,236.41,45.5,243.71,109.05,215.24,152.36,171.82,181.86,118.41,202.02,52.31,202.2,-9.63]}},"body2":{"body2":{"x":45.65,"y":2.68,"rotation":-90.36,"width":75,"height":120}},"clod1":{"clod1":{"x":-4.03,"y":0.84,"width":82,"height":63}},"clod2":{"clod2":{"x":0.06,"y":-0.28,"width":94,"height":63}},"clod3":{"clod3":{"x":-0.63,"y":-2,"width":59,"height":55}},"clod4":{"clod4":{"x":-2.35,"y":2.27,"width":102,"height":63}},"clod5":{"clod5":{"x":2.76,"y":0.44,"width":82,"height":66}},"clod6":{"clod6":{"x":-1.8,"y":1.32,"width":82,"height":68}},"clod7":{"clod7":{"x":0.17,"y":-0.74,"width":54,"height":58}},"clod8":{"clod8":{"x":-1.83,"y":-0.14,"width":95,"height":69}},"clod9":{"clod9":{"x":-0.52,"y":-0.86,"width":87,"height":66}},"clod10":{"clod10":{"x":-4.91,"y":0.31,"width":85,"height":60}},"clod11":{"clod11":{"x":-1.49,"y":0.15,"width":81,"height":60}},"eye1":{"eye1":{"x":-0.66,"y":6.51,"rotation":-90.23,"width":192,"height":98},"eye2":{"x":0.34,"y":6.51,"rotation":-90.23,"width":192,"height":74},"eye3":{"x":1.84,"y":7,"rotation":-90.23,"width":191,"height":53}},"guang":{"guang":{"type":"mesh","hull":4,"uvs":[1,1,0,1,0,0,1,0],"triangles":[1,2,3,1,3,0],"vertices":[625.64,-355.58,-564.36,-355.58,-564.36,450.42,625.64,450.42]}},"mu1":{"zha23":{"x":-3.77,"y":-0.76,"width":157,"height":122}},"mu2":{"zha10":{"x":1.58,"y":0.94,"width":83,"height":179}},"mu3":{"zha16":{"x":1.69,"y":-1.02,"width":106,"height":137}},"mu4":{"zha21":{"x":-3.16,"y":2.87,"width":164,"height":158}},"mu5":{"zha12":{"x":14.28,"y":-5.49,"width":107,"height":190}},"mu6":{"zha24":{"x":1.71,"y":6.8,"width":151,"height":124}},"mu7":{"zha11":{"x":7.9,"y":-5.75,"width":119,"height":188}},"mu8":{"zha9":{"x":1.69,"y":-1.02,"width":134,"height":205}},"mu9":{"zha2":{"x":1.58,"y":0.94,"width":150,"height":159}},"mu10":{"zha10":{"x":-3.16,"y":2.87,"width":83,"height":179}},"mu11":{"zha24":{"x":1.71,"y":6.8,"width":151,"height":124}},"plant1":{"plant1":{"type":"clipping","end":"ball1","vertexCount":11,"vertices":[-278.95,36.94,-193.16,12.6,-89.73,3.47,8.84,-10.52,108.01,-10.52,182.22,7.13,212.65,32.07,237.59,98.39,259.22,466.2,-101.77,466.2,-274.64,187.83]}},"shitou5":{"shitou4":{"x":-1.52,"y":1.99,"width":100,"height":112}},"shitou16":{"shitou15":{"x":-0.05,"y":-0.56,"width":100,"height":96}},"shitou17":{"shitou15":{"x":-0.38,"y":-1.88,"width":100,"height":96}},"shitou18":{"shitou13":{"x":0.87,"y":0.47,"width":100,"height":93}},"shitou19":{"shitou10":{"x":-4.46,"y":1.93,"width":100,"height":96}},"shitou20":{"shitou4":{"x":1.26,"y":2.31,"width":100,"height":112}},"shitou21":{"shitou10":{"x":1.14,"y":1.45,"width":100,"height":96}},"shitou22":{"shitou7":{"x":-1.37,"y":0.87,"width":100,"height":81}},"shitou23":{"shitou6":{"x":0.45,"y":0.09,"width":100,"height":104}},"shitou24":{"shitou7":{"x":0.7,"y":0.6,"width":100,"height":81}},"shitou25":{"shitou6":{"x":0.52,"y":0.74,"width":100,"height":104}},"shitou26":{"shitou4":{"x":0.05,"y":-0.83,"width":100,"height":112}},"shitou27":{"shitou7":{"x":0.18,"y":0.61,"width":100,"height":81}},"shitou28":{"shitou4":{"x":-1.1,"y":-0.21,"width":100,"height":112}},"tu1":{"zha8":{"x":-1.23,"y":-1.68,"width":94,"height":126}},"tu2":{"zha20":{"x":0.35,"y":-1.91,"width":89,"height":81}},"tu3":{"zha5":{"x":0.94,"y":-2.07,"width":75,"height":71}},"tu4":{"zha8":{"x":-1.23,"y":-1.68,"width":94,"height":126}},"tu5":{"zha14":{"x":0.94,"y":-2.07,"width":59,"height":70}},"tu6":{"zha14":{"x":0.35,"y":-1.91,"width":59,"height":70}},"tu34":{"zha3":{"x":-7.21,"y":3.9,"width":104,"height":128}},"tu35":{"tu34":{"x":-7.21,"y":3.9,"width":183,"height":173}},"zi2":{"zi":{"x":24.11,"y":-12.24,"width":1153,"height":351}}}}],"animations":{"blow":{"slots":{"1":{"color":[{"time":1.6,"color":"ffffffff","curve":0,"c2":0.19,"c3":0.662,"c4":0.85},{"time":1.7333,"color":"ffffff00"}],"attachment":[{"name":"1"}]},"ball1":{"attachment":[{"name":null}]},"body1":{"attachment":[{"name":null}]},"body2":{"attachment":[{"name":null}]},"clod1":{"attachment":[{"name":null}]},"clod2":{"attachment":[{"name":null}]},"clod3":{"attachment":[{"name":null}]},"clod4":{"attachment":[{"name":null}]},"clod5":{"attachment":[{"name":null}]},"clod6":{"attachment":[{"name":null}]},"clod7":{"attachment":[{"name":null}]},"clod8":{"attachment":[{"name":null}]},"clod9":{"attachment":[{"name":null}]},"clod10":{"attachment":[{"name":null}]},"clod11":{"attachment":[{"name":null}]},"eye1":{"attachment":[{"name":null}]},"guang":{"color":[{"time":0.3,"color":"ffffffff","curve":0,"c2":0.19,"c3":0.662,"c4":0.85},{"time":0.5,"color":"ffffff00"}],"attachment":[{"name":"guang"}]},"mu1":{"color":[{"time":0.7333,"color":"ffffffff","curve":0,"c2":0.19,"c3":0.662,"c4":0.85},{"time":0.8333,"color":"ffffff00"}],"attachment":[{"time":0.2,"name":"zha23"}]},"mu2":{"color":[{"time":0.8333,"color":"ffffffff","curve":0,"c2":0.19,"c3":0.662,"c4":0.85},{"time":0.9333,"color":"ffffff00"}],"attachment":[{"time":0.1667,"name":"zha10"}]},"mu3":{"color":[{"time":0.4,"color":"ffffffff","curve":0,"c2":0.19,"c3":0.662,"c4":0.85},{"time":0.5,"color":"ffffff00"}],"attachment":[{"name":"zha16"}]},"mu4":{"color":[{"time":0.7667,"color":"ffffffff","curve":0,"c2":0.19,"c3":0.662,"c4":0.85},{"time":0.8667,"color":"ffffff00"}],"attachment":[{"name":"zha21"}]},"mu5":{"color":[{"time":0.6,"color":"ffffffff","curve":0,"c2":0.19,"c3":0.662,"c4":0.85},{"time":0.7,"color":"ffffff00"}],"attachment":[{"name":"zha12"}]},"mu6":{"color":[{"time":0.8667,"color":"ffffffff","curve":0,"c2":0.19,"c3":0.662,"c4":0.85},{"time":0.9667,"color":"ffffff00"}],"attachment":[{"time":0.1667,"name":"zha24"}]},"mu7":{"color":[{"time":0.8,"color":"ffffffff","curve":0,"c2":0.19,"c3":0.662,"c4":0.85},{"time":0.9,"color":"ffffff00"}],"attachment":[{"name":"zha11"}]},"mu8":{"color":[{"time":0.6,"color":"ffffffff","curve":0,"c2":0.19,"c3":0.662,"c4":0.85},{"time":0.7,"color":"ffffff00"}],"attachment":[{"name":"zha9"}]},"mu9":{"color":[{"time":0.7333,"color":"ffffffff","curve":0,"c2":0.19,"c3":0.662,"c4":0.85},{"time":0.8333,"color":"ffffff00"}],"attachment":[{"name":"zha2"}]},"mu10":{"color":[{"time":0.8667,"color":"ffffffff","curve":0,"c2":0.19,"c3":0.662,"c4":0.85},{"time":0.9667,"color":"ffffff00"}],"attachment":[{"time":0.0333,"name":"zha10"}]},"mu11":{"color":[{"time":0.4667,"color":"ffffffff","curve":0,"c2":0.19,"c3":0.662,"c4":0.85},{"time":0.5667,"color":"ffffff00"}],"attachment":[{"name":"zha24"}]},"tu1":{"color":[{"time":0.7,"color":"ffffffff","curve":0,"c2":0.19,"c3":0.662,"c4":0.85},{"time":0.8,"color":"ffffff00"}],"attachment":[{"name":"zha8"}]},"tu2":{"color":[{"time":0.5,"color":"ffffffff","curve":0,"c2":0.19,"c3":0.662,"c4":0.85},{"time":0.6,"color":"ffffff00"}],"attachment":[{"name":"zha20"}]},"tu3":{"color":[{"time":0.8333,"color":"ffffffff","curve":0,"c2":0.19,"c3":0.662,"c4":0.85},{"time":0.9333,"color":"ffffff00"}],"attachment":[{"name":"zha5"}]},"tu4":{"color":[{"time":0.4,"color":"ffffffff","curve":0,"c2":0.19,"c3":0.662,"c4":0.85},{"time":0.5,"color":"ffffff00"}],"attachment":[{"name":"zha8"}]},"tu5":{"color":[{"time":0.5667,"color":"ffffffff","curve":0,"c2":0.19,"c3":0.662,"c4":0.85},{"time":0.6667,"color":"ffffff00"}],"attachment":[{"name":"zha14"}]},"tu6":{"color":[{"time":0.8333,"color":"ffffffff","curve":0,"c2":0.19,"c3":0.662,"c4":0.85},{"time":0.9333,"color":"ffffff00"}],"attachment":[{"name":"zha14"}]},"tu34":{"color":[{"time":0.7333,"color":"ffffffff","curve":0,"c2":0.19,"c3":0.662,"c4":0.85},{"time":0.8333,"color":"ffffff00"}],"attachment":[{"name":"zha3"}]},"tu35":{"color":[{"time":0.9,"color":"ffffffff","curve":0,"c2":0.19,"c3":0.662,"c4":0.85},{"time":1,"color":"ffffff00"}],"attachment":[{"time":0.1,"name":"tu34"}]},"zi2":{"color":[{"time":0.6,"color":"ffffffff"},{"time":0.7,"color":"ffffff00"}],"attachment":[{"name":"zi"}]}},"bones":{"1":{"scale":[{"x":1.016,"y":0.967,"curve":0.25,"c3":0.75},{"time":0.1333,"x":0.966,"y":1.076,"curve":0,"c2":0.19,"c3":0.662,"c4":0.85},{"time":0.2333}]},"guang":{"scale":[{"x":0.731,"y":0.731,"curve":0,"c2":0.19,"c3":0.662,"c4":0.85},{"time":0.1667,"x":1.092,"y":1.092,"curve":0,"c2":0.19,"c3":0.662,"c4":0.85},{"time":0.4}]},"mu1":{"rotate":[{"time":0.2,"angle":19.42,"curve":0.244,"c2":0.61,"c3":0.519},{"time":0.4667,"curve":0.229,"c3":0.835,"c4":0.33},{"time":0.8,"angle":-28.08}],"translate":[{"time":0.2,"x":-341.88,"y":-239.41,"curve":0.244,"c2":0.61,"c3":0.519},{"time":0.4667,"x":-50.69,"y":267.12,"curve":0.229,"c3":0.835,"c4":0.33},{"time":0.8,"x":113.26,"y":-400.91}],"scale":[{"time":0.2,"x":0.932,"y":0.932}]},"mu2":{"rotate":[{"time":0.1667,"angle":50.58,"curve":0.244,"c2":0.61,"c3":0.519},{"time":0.5333,"curve":0.229,"c3":0.835,"c4":0.33},{"time":0.9,"angle":-33.13}],"translate":[{"time":0.1667,"x":-263.8,"y":-397.44,"curve":0.244,"c2":0.61,"c3":0.519},{"time":0.5333,"x":7.82,"y":33.24,"curve":0.229,"c3":0.835,"c4":0.33},{"time":0.9,"x":159.53,"y":-429.25}]},"mu3":{"rotate":[{"angle":14.04,"curve":0.244,"c2":0.61,"c3":0.519},{"time":0.2,"angle":-0.44,"curve":0.229,"c3":0.835,"c4":0.33},{"time":0.4667,"angle":-95}],"translate":[{"x":-127.25,"y":-196.46,"curve":0.244,"c2":0.61,"c3":0.519},{"time":0.2,"x":-9.8,"y":-10.49,"curve":0.229,"c3":0.835,"c4":0.33},{"time":0.4667,"x":115,"y":-328.6}]},"mu4":{"rotate":[{"angle":137.48,"curve":0.244,"c2":0.61,"c3":0.516,"c4":0.89},{"time":0.4333,"angle":-20.36,"curve":0.229,"c3":0.826,"c4":0.43},{"time":0.8333,"angle":-93.12}],"translate":[{"x":-141.28,"y":-516.35,"curve":0.244,"c2":0.61,"c3":0.516,"c4":0.89},{"time":0.4333,"x":197,"y":230.69,"curve":0.229,"c3":0.826,"c4":0.43},{"time":0.8333,"x":459.16,"y":-600.92}]},"mu5":{"rotate":[{"angle":30.65,"curve":0.235,"c2":0.56,"c3":0.51,"c4":0.91},{"time":0.3,"angle":-39.47,"curve":0.229,"c3":0.835,"c4":0.33},{"time":0.6667,"angle":-92.6}],"translate":[{"x":-114.05,"y":-453.53,"curve":0.235,"c2":0.56,"c3":0.51,"c4":0.91},{"time":0.3,"x":173.1,"y":181.81,"curve":0.229,"c3":0.835,"c4":0.33},{"time":0.6667,"x":387.59,"y":-531.73}]},"mu6":{"rotate":[{"time":0.1667,"angle":-79.45,"curve":0.244,"c2":0.61,"c3":0.51,"c4":0.73},{"time":0.5333,"angle":-34.46,"curve":0.229,"c3":0.835,"c4":0.33},{"time":0.9333,"angle":18.07}],"translate":[{"time":0.1667,"x":115.78,"y":-555.14,"curve":0.244,"c2":0.61,"c3":0.51,"c4":0.73},{"time":0.5333,"x":-129.09,"y":55.72,"curve":0.229,"c3":0.835,"c4":0.33},{"time":0.9333,"x":-366.06,"y":-657.83}],"scale":[{"time":0.1667,"x":0.716,"y":0.716,"curve":0.244,"c2":0.61,"c3":0.51,"c4":0.73},{"time":0.5333,"curve":0.229,"c3":0.835,"c4":0.33},{"time":0.9333,"x":0.868,"y":0.868}]},"mu7":{"rotate":[{"angle":-91.52,"curve":0.285,"c2":0.8,"c3":0.519},{"time":0.4,"angle":46.59,"curve":0.229,"c3":0.855,"c4":0.22},{"time":0.8667,"angle":87.13}],"translate":[{"x":257.32,"y":-453.6,"curve":0.285,"c2":0.8,"c3":0.519},{"time":0.4,"x":-48.48,"y":93.55,"curve":0.229,"c3":0.855,"c4":0.22},{"time":0.8667,"x":-264.97,"y":-603.78}],"scale":[{"x":0.453,"y":0.453,"curve":0.285,"c2":0.8,"c3":0.519},{"time":0.4,"x":0.911,"y":0.911}]},"tu1":{"rotate":[{"angle":-29.23,"curve":0.244,"c2":0.61,"c3":0.519},{"time":0.3,"curve":0.229,"c3":0.835,"c4":0.33},{"time":0.7667,"angle":32.94}],"translate":[{"x":3.98,"y":-500.74,"curve":0.244,"c2":0.61,"c3":0.519},{"time":0.3,"x":-311.97,"y":223.34,"curve":0.229,"c3":0.835,"c4":0.33},{"time":0.7667,"x":-504.18,"y":-629.76}]},"tu2":{"translate":[{"x":42.59,"y":-239.83,"curve":0.244,"c2":0.61,"c3":0.519},{"time":0.2333,"x":18.9,"y":139.32,"curve":0.229,"c3":0.835,"c4":0.33},{"time":0.5667,"x":-73.26,"y":-405.71}],"scale":[{"x":0.984,"y":0.984}]},"tu3":{"rotate":[{"angle":-18.44,"curve":0.244,"c2":0.61,"c3":0.519},{"time":0.3333,"curve":0.229,"c3":0.835,"c4":0.33},{"time":0.9,"angle":69.5}],"translate":[{"x":78.63,"y":-452.58,"curve":0.244,"c2":0.61,"c3":0.519},{"time":0.3333,"x":-55.65,"y":382.08,"curve":0.229,"c3":0.835,"c4":0.33},{"time":0.9,"x":-311.05,"y":-576.33}],"scale":[{"x":0.969,"y":0.969}]},"tu34":{"rotate":[{"angle":-23.8,"curve":0.232,"c2":0.48,"c3":0.519},{"time":0.3667,"angle":5.25,"curve":0.229,"c3":0.838,"c4":0.48},{"time":0.8,"angle":43.78}],"translate":[{"x":140.85,"y":-474.79,"curve":0.232,"c2":0.48,"c3":0.519},{"time":0.3667,"x":-80.32,"y":-0.85,"curve":0.229,"c3":0.838,"c4":0.48},{"time":0.8,"x":-214.61,"y":-606.44}],"scale":[{"x":0.737,"y":0.737,"curve":0.232,"c2":0.48,"c3":0.519},{"time":0.3667}]},"tu35":{"rotate":[{"time":0.1,"angle":-161.26,"curve":0.227,"c2":0.52,"c3":0.399,"c4":0.94},{"time":0.5333,"angle":90.2,"curve":0.396,"c3":0.741,"c4":0.29},{"time":0.9667,"angle":42.31}],"translate":[{"time":0.1,"x":-165.24,"y":-442.07,"curve":0.227,"c2":0.52,"c3":0.399,"c4":0.94},{"time":0.5333,"x":46.18,"y":195.02,"curve":0.396,"c3":0.741,"c4":0.29},{"time":0.9667,"x":319.63,"y":-543.56}],"scale":[{"time":0.1,"x":0.965,"y":0.965}]},"tu4":{"rotate":[{"angle":31.06,"curve":0.361,"c2":0.42,"c3":0.699,"c4":0.76},{"time":0.0333,"curve":0,"c2":0.19,"c3":0.662,"c4":0.85},{"time":0.1333,"angle":-16.03,"curve":0.229,"c3":0.835,"c4":0.33},{"time":0.4667,"angle":-44.08}],"translate":[{"x":-65.42,"y":-129.47,"curve":0.361,"c2":0.42,"c3":0.699,"c4":0.76},{"time":0.0333,"x":91.19,"y":39.37,"curve":0,"c2":0.19,"c3":0.662,"c4":0.85},{"time":0.1333,"x":135.24,"y":66.29,"curve":0.229,"c3":0.835,"c4":0.33},{"time":0.4667,"x":286.95,"y":-472.05}],"scale":[{"x":0.941,"y":0.941}]},"tu5":{"rotate":[{"angle":39.12,"curve":0.244,"c2":0.61,"c3":0.519},{"time":0.2667,"curve":0.229,"c3":0.835,"c4":0.33},{"time":0.6333,"angle":-41.22}],"translate":[{"x":-157.87,"y":-439.84,"curve":0.244,"c2":0.61,"c3":0.519},{"time":0.2667,"x":31,"y":11.2,"curve":0.229,"c3":0.835,"c4":0.33},{"time":0.6333,"x":177.59,"y":-386.28}],"scale":[{"x":0.904,"y":0.904}]},"tu6":{"rotate":[{"time":0.4333,"curve":0.229,"c3":0.835,"c4":0.33},{"time":0.9,"angle":-106.54}],"translate":[{"x":-259.51,"y":-441.91,"curve":0.244,"c2":0.61,"c3":0.519},{"time":0.4333,"x":247.02,"y":174.73,"curve":0.229,"c3":0.835,"c4":0.33},{"time":0.9,"x":315.54,"y":-537.35}],"scale":[{"x":0.923,"y":0.923}]},"mu8":{"rotate":[{"angle":-26.25,"curve":0.244,"c2":0.61,"c3":0.519},{"time":0.2667,"angle":-2.4,"curve":0.229,"c3":0.835,"c4":0.33},{"time":0.6667,"angle":30.48}],"translate":[{"x":-306.19,"y":-61.32,"curve":0.244,"c2":0.61,"c3":0.519},{"time":0.2667,"x":-393.08,"y":383.66,"curve":0.229,"c3":0.835,"c4":0.33},{"time":0.6667,"x":-580.03,"y":-198.23}],"scale":[{"x":0.981,"y":0.981}]},"mu9":{"rotate":[{"angle":-31.48,"curve":0.244,"c2":0.61,"c3":0.519},{"time":0.3333,"angle":-6.32,"curve":0.229,"c3":0.835,"c4":0.33},{"time":0.8,"angle":20.88}],"translate":[{"x":-315.78,"y":-57.16,"curve":0.244,"c2":0.61,"c3":0.519},{"time":0.3333,"x":-380.1,"y":418.02,"curve":0.229,"c3":0.835,"c4":0.33},{"time":0.8,"x":-571,"y":-187.88}]},"mu10":{"rotate":[{"time":0.0333,"angle":-23.76,"curve":0.256,"c2":0.56,"c3":0.42,"c4":0.89},{"time":0.4667,"angle":26.85,"curve":0.399,"c3":0.893,"c4":0.35},{"time":0.9333,"angle":103.45}],"translate":[{"time":0.0333,"x":-180.5,"y":-320.37,"curve":0.256,"c2":0.56,"c3":0.42,"c4":0.89},{"time":0.4667,"x":-593.88,"y":295.75,"curve":0.399,"c3":0.893,"c4":0.35},{"time":0.9333,"x":-849.28,"y":-478.35}]},"mu11":{"rotate":[{"angle":-15.88,"curve":0.235,"c2":0.52,"c3":0.507,"c4":0.79},{"time":0.2333,"angle":25.42,"curve":0.229,"c3":0.817,"c4":0.45},{"time":0.5333,"angle":-23.32}],"translate":[{"x":368.78,"y":-283.51,"curve":0.235,"c2":0.52,"c3":0.507,"c4":0.79},{"time":0.2333,"x":603.69,"y":193.65,"curve":0.229,"c3":0.817,"c4":0.45},{"time":0.5333,"x":733.38,"y":-435.23}],"scale":[{"x":0.984,"y":0.984}]},"zi-1":{"translate":[{"y":-99.4,"curve":0,"c2":0.24,"c3":0.365,"c4":0.59},{"time":0.2}],"scale":[{"x":0.764,"y":0.764,"curve":0,"c2":0.24,"c3":0.365,"c4":0.59},{"time":0.2,"x":1.152,"y":1.152,"curve":0.174,"c2":0.31,"c3":0.705,"c4":0.86},{"time":0.4}]},"fx":{"translate":[{"x":7.71,"y":-2.33}],"scale":[{"x":1.336,"y":1.336}]},"zi2":{"translate":[{},{"time":0.0333,"x":50.42,"y":50.42},{"time":0.0667},{"time":0.1,"x":-44.46,"y":44.46},{"time":0.1333,"x":42.41,"y":-42.41},{"time":0.1667},{"time":0.2,"y":-39.16},{"time":0.2333,"x":40.44,"y":40.44},{"time":0.2667,"x":-41.55},{"time":0.3,"x":-42.57,"y":42.57},{"time":0.3333},{"time":0.3667,"x":-44.4,"y":44.4},{"time":0.4,"x":-45.09,"y":31.57},{"time":0.4333,"y":58.62},{"time":0.4667,"x":-9.02,"y":13.53},{"time":0.5,"x":-31.57,"y":36.08},{"time":0.5333},{"time":0.5667,"x":-27.06,"y":22.55},{"time":0.6,"x":-13.53},{"time":0.6333,"x":9.02,"y":18.04},{"time":0.6667}]}}},"idle1":{"slots":{"clod1":{"attachment":[{"name":null}]},"clod3":{"attachment":[{"name":null}]},"clod5":{"attachment":[{"name":null}]},"clod6":{"attachment":[{"name":null}]},"clod8":{"attachment":[{"name":null}]}},"bones":{"plant1":{"translate":[{"y":-112.52}],"scale":[{"x":0.869,"y":0.869}]},"body3":{"translate":[{"x":-33.25,"y":-0.08}]},"body1":{"translate":[{"x":0.05,"y":-11.64}]},"clod4":{"translate":[{"x":-48.65,"y":10.6}]},"clod3":{"rotate":[{"angle":19.79}],"translate":[{"x":-101.71,"y":4.2}]},"clod11":{"rotate":[{"angle":-22.28}],"translate":[{"x":-130.77,"y":-16.58}]},"clod5":{"translate":[{"x":-31.06,"y":23.48}]},"clod1":{"translate":[{"x":-180.65,"y":-27.16}]},"clod9":{"translate":[{"x":64.68,"y":-4.78}]},"clod12":{"rotate":[{"angle":-27.64}],"translate":[{"x":159.01,"y":-7.31}]},"clod10":{"rotate":[{"angle":1.03}],"translate":[{"x":176.07,"y":-6.81}]},"clod8":{"translate":[{"x":89.4,"y":-8.18}]}},"deform":{"default":{"body1":{"body1":[{"offset":30,"vertices":[-5.5482,-1.36348,-8.6028,-2.87555,-9.83881,-0.09922]}]},"plant1":{"plant1":[{"vertices":[179.72322,-35.46969,129.08792,-12.74691,63.68714,-11.08429,-0.22036,-0.00001,-64.52236,-0.00001,-112.63924,0.00001,-132.36378,0,-148.53793,0,-162.55884,0,71.49508,0,183.57727]}]}}}},"idle2":{"slots":{"clod1":{"attachment":[{"name":null},{"time":0.7333,"name":"clod1"}]},"clod3":{"attachment":[{"name":null},{"time":0.8667,"name":"clod3"}]},"clod5":{"attachment":[{"name":null},{"time":0.9333,"name":"clod5"}]},"clod6":{"attachment":[{"name":null},{"time":0.7333,"name":"clod6"}]},"clod8":{"attachment":[{"name":null},{"time":0.8,"name":"clod8"}]},"shitou5":{"color":[{"color":"ffffff00","curve":"stepped"},{"time":0.2,"color":"ffffff00","curve":0,"c2":0.19,"c3":0.662,"c4":0.85},{"time":0.2667,"color":"ffffffff","curve":"stepped"},{"time":0.4667,"color":"ffffffff","curve":0,"c2":0.19,"c3":0.662,"c4":0.85},{"time":0.5,"color":"ffffff00","curve":"stepped"},{"time":0.7333,"color":"ffffff00","curve":0,"c2":0.19,"c3":0.662,"c4":0.85},{"time":0.8333,"color":"ffffffff","curve":"stepped"},{"time":1.1,"color":"ffffffff","curve":0,"c2":0.19,"c3":0.662,"c4":0.85},{"time":1.2,"color":"ffffff00"}],"attachment":[{"time":0.2,"name":"shitou4"}]},"shitou16":{"color":[{"color":"ffffff00","curve":"stepped"},{"time":0.1,"color":"ffffff00","curve":0,"c2":0.19,"c3":0.662,"c4":0.85},{"time":0.1667,"color":"ffffffff","curve":"stepped"},{"time":0.3667,"color":"ffffffff","curve":0,"c2":0.19,"c3":0.662,"c4":0.85},{"time":0.4667,"color":"ffffff00","curve":0,"c2":0.19,"c3":0.662,"c4":0.85},{"time":0.5333,"color":"ffffffff","curve":"stepped"},{"time":0.7333,"color":"ffffffff","curve":0,"c2":0.19,"c3":0.662,"c4":0.85},{"time":0.8333,"color":"ffffff00"}],"attachment":[{"time":0.1,"name":"shitou15"}]},"shitou17":{"color":[{"color":"ffffff00","curve":"stepped"},{"time":0.7333,"color":"ffffff00","curve":0,"c2":0.19,"c3":0.662,"c4":0.85},{"time":0.8333,"color":"ffffffff","curve":"stepped"},{"time":1.1333,"color":"ffffffff","curve":0,"c2":0.19,"c3":0.662,"c4":0.85},{"time":1.2333,"color":"ffffff00"}],"attachment":[{"time":0.7667,"name":"shitou15"}]},"shitou18":{"color":[{"color":"ffffff00","curve":"stepped"},{"time":0.6333,"color":"ffffff00","curve":0,"c2":0.19,"c3":0.662,"c4":0.85},{"time":0.7333,"color":"ffffffff","curve":"stepped"},{"time":1.0333,"color":"ffffffff","curve":0,"c2":0.19,"c3":0.662,"c4":0.85},{"time":1.1333,"color":"ffffff00"}],"attachment":[{"time":0.6667,"name":"shitou13"}]},"shitou19":{"color":[{"color":"ffffff00","curve":"stepped"},{"time":0.7333,"color":"ffffff00","curve":0,"c2":0.19,"c3":0.662,"c4":0.85},{"time":0.8333,"color":"ffffffff","curve":"stepped"},{"time":1.1333,"color":"ffffffff","curve":0,"c2":0.19,"c3":0.662,"c4":0.85},{"time":1.2333,"color":"ffffff00"}],"attachment":[{"time":0.7667,"name":"shitou10"}]},"shitou20":{"color":[{"color":"ffffff00","curve":"stepped"},{"time":0.7,"color":"ffffff00","curve":0,"c2":0.19,"c3":0.662,"c4":0.85},{"time":0.8,"color":"ffffffff","curve":"stepped"},{"time":1.1,"color":"ffffffff","curve":0,"c2":0.19,"c3":0.662,"c4":0.85},{"time":1.2,"color":"ffffff00"}],"attachment":[{"time":0.7333,"name":"shitou4"}]},"shitou21":{"color":[{"color":"ffffff00","curve":"stepped"},{"time":0.6333,"color":"ffffff00","curve":0,"c2":0.19,"c3":0.662,"c4":0.85},{"time":0.7333,"color":"ffffffff","curve":"stepped"},{"time":1.0333,"color":"ffffffff","curve":0,"c2":0.19,"c3":0.662,"c4":0.85},{"time":1.1333,"color":"ffffff00"}],"attachment":[{"time":0.6667,"name":"shitou10"}]},"shitou22":{"color":[{"color":"ffffff00","curve":"stepped"},{"time":0.6333,"color":"ffffff00","curve":0,"c2":0.19,"c3":0.662,"c4":0.85},{"time":0.7333,"color":"ffffffff","curve":"stepped"},{"time":1.0333,"color":"ffffffff","curve":0,"c2":0.19,"c3":0.662,"c4":0.85},{"time":1.1333,"color":"ffffff00"}],"attachment":[{"time":0.6667,"name":"shitou7"}]},"shitou23":{"color":[{"color":"ffffff00","curve":0,"c2":0.19,"c3":0.662,"c4":0.85},{"time":0.0667,"color":"ffffffff","curve":"stepped"},{"time":0.2333,"color":"ffffffff","curve":0,"c2":0.19,"c3":0.662,"c4":0.85},{"time":0.3333,"color":"ffffff00","curve":0,"c2":0.19,"c3":0.662,"c4":0.85},{"time":0.4,"color":"ffffffff","curve":"stepped"},{"time":0.5667,"color":"ffffffff","curve":0,"c2":0.19,"c3":0.662,"c4":0.85},{"time":0.6667,"color":"ffffff00"}],"attachment":[{"name":"shitou6"}]},"shitou24":{"color":[{"color":"ffffff00","curve":"stepped"},{"time":0.6333,"color":"ffffff00","curve":0,"c2":0.19,"c3":0.662,"c4":0.85},{"time":0.7333,"color":"ffffffff","curve":"stepped"},{"time":1.0333,"color":"ffffffff","curve":0,"c2":0.19,"c3":0.662,"c4":0.85},{"time":1.1333,"color":"ffffff00"}],"attachment":[{"time":0.6667,"name":"shitou7"}]},"shitou25":{"color":[{"color":"ffffff00","curve":"stepped"},{"time":0.6667,"color":"ffffff00","curve":0,"c2":0.19,"c3":0.662,"c4":0.85},{"time":0.7667,"color":"ffffffff","curve":"stepped"},{"time":1.0667,"color":"ffffffff","curve":0,"c2":0.19,"c3":0.662,"c4":0.85},{"time":1.1667,"color":"ffffff00"}],"attachment":[{"time":0.7,"name":"shitou6"}]},"shitou26":{"color":[{"color":"ffffff00","curve":"stepped"},{"time":0.0333,"color":"ffffff00","curve":0,"c2":0.19,"c3":0.662,"c4":0.85},{"time":0.1,"color":"ffffffff","curve":"stepped"},{"time":0.3,"color":"ffffffff","curve":0,"c2":0.19,"c3":0.662,"c4":0.85},{"time":0.4,"color":"ffffff00","curve":0,"c2":0.19,"c3":0.662,"c4":0.85},{"time":0.4667,"color":"ffffffff","curve":"stepped"},{"time":0.6667,"color":"ffffffff","curve":0,"c2":0.19,"c3":0.662,"c4":0.85},{"time":0.7667,"color":"ffffff00"}],"attachment":[{"time":0.0333,"name":"shitou4"}]},"shitou27":{"color":[{"color":"ffffff00","curve":"stepped"},{"time":0.7,"color":"ffffff00","curve":0,"c2":0.19,"c3":0.662,"c4":0.85},{"time":0.8,"color":"ffffffff","curve":"stepped"},{"time":1.1333,"color":"ffffffff","curve":0,"c2":0.19,"c3":0.662,"c4":0.85},{"time":1.2333,"color":"ffffff00"}],"attachment":[{"time":0.7333,"name":"shitou7"}]},"shitou28":{"color":[{"color":"ffffff00","curve":"stepped"},{"time":0.7,"color":"ffffff00","curve":0,"c2":0.19,"c3":0.662,"c4":0.85},{"time":0.8,"color":"ffffffff","curve":"stepped"},{"time":1.1667,"color":"ffffffff","curve":0,"c2":0.19,"c3":0.662,"c4":0.85},{"time":1.2667,"color":"ffffff00"}],"attachment":[{"time":0.7333,"name":"shitou4"}]}},"bones":{"plant1":{"translate":[{"y":-112.52,"curve":"stepped"},{"time":0.6667,"y":-112.52},{"time":1.0667}],"scale":[{"x":0.869,"y":0.869,"curve":"stepped"},{"time":0.6667,"x":0.869,"y":0.869},{"time":1.0667}]},"body3":{"translate":[{"x":-33.25,"y":-0.08,"curve":"stepped"},{"time":0.0667,"x":-33.25,"y":-0.08},{"time":0.3333,"x":-52.54,"y":-0.12},{"time":0.6,"x":-33.25,"y":-0.08,"curve":"stepped"},{"time":0.7333,"x":-33.25,"y":-0.08},{"time":1.0667}],"scale":[{"time":1.0667},{"time":1.2,"x":1.209,"y":1.062},{"time":1.3333}]},"body1":{"translate":[{"x":0.05,"y":-11.64,"curve":"stepped"},{"time":0.7333,"x":0.05,"y":-11.64},{"time":1.0667},{"time":1.2,"y":12.49},{"time":1.3333}],"scale":[{"time":1.0667},{"time":1.2,"x":1.093,"y":0.993},{"time":1.3333}]},"clod4":{"rotate":[{"time":0.6667},{"time":0.8,"angle":4.05,"curve":0.25,"c3":0.625,"c4":0.5},{"time":0.9333,"angle":-14.67,"curve":0.375,"c2":0.5,"c3":0.75},{"time":1.0667,"angle":5.72},{"time":1.2}],"translate":[{"x":-48.65,"y":10.6,"curve":"stepped"},{"time":0.0667,"x":-48.65,"y":10.6},{"time":0.1333,"x":-48.65,"y":16.62},{"time":0.2,"x":-48.65,"y":10.6},{"time":0.2667,"x":-48.65,"y":16.62},{"time":0.3333,"x":-48.65,"y":10.6},{"time":0.4,"x":-48.65,"y":16.62},{"time":0.4667,"x":-48.65,"y":10.6},{"time":0.5333,"x":-48.65,"y":16.62},{"time":0.6,"x":-48.65,"y":10.6,"curve":"stepped"},{"time":0.6667,"x":-48.65,"y":10.6},{"time":1.0667},{"time":1.2,"y":2.42},{"time":1.3333}]},"clod3":{"rotate":[{"angle":19.79,"curve":"stepped"},{"time":0.6667,"angle":19.79},{"time":0.8,"angle":19.74,"curve":0.25,"c3":0.625,"c4":0.5},{"time":0.9333,"angle":7.04,"curve":0.375,"c2":0.5,"c3":0.75},{"time":1.0667}],"translate":[{"x":-101.71,"y":4.2,"curve":"stepped"},{"time":0.0667,"x":-101.71,"y":4.2},{"time":0.2,"x":-105.79,"y":16.39},{"time":0.3333,"x":-101.71,"y":4.2},{"time":0.4667,"x":-105.79,"y":16.39},{"time":0.6,"x":-101.71,"y":4.2,"curve":"stepped"},{"time":0.6667,"x":-101.71,"y":4.2},{"time":1.0667},{"time":1.2,"y":1.61},{"time":1.3333}]},"clod11":{"rotate":[{"angle":-22.28,"curve":"stepped"},{"time":0.6667,"angle":-22.28},{"time":1.0667}],"translate":[{"x":-130.77,"y":-16.58,"curve":"stepped"},{"time":0.0667,"x":-130.77,"y":-16.58},{"time":0.2,"x":-130.77,"y":-22.6},{"time":0.3333,"x":-130.77,"y":-16.58},{"time":0.4667,"x":-130.77,"y":-22.6},{"time":0.6,"x":-130.77,"y":-16.58,"curve":"stepped"},{"time":0.6667,"x":-130.77,"y":-16.58},{"time":1.0667}]},"clod5":{"translate":[{"x":-31.06,"y":23.48,"curve":"stepped"},{"time":0.6667,"x":-31.06,"y":23.48},{"time":0.8667,"x":-51.05,"y":21.37,"curve":0.25,"c3":0.75},{"time":1.0667},{"time":1.2,"y":-6.02},{"time":1.3333}]},"clod1":{"rotate":[{"time":0.6},{"time":0.6667,"angle":82.11},{"time":0.7333,"angle":111.72,"curve":0.25,"c3":0.75},{"time":0.9333,"angle":36.37,"curve":0.25,"c3":0.75},{"time":1.0667}],"translate":[{"x":-180.65,"y":-27.16,"curve":"stepped"},{"time":0.6667,"x":-180.65,"y":-27.16},{"time":0.7333,"x":-123.28,"y":-0.94,"curve":0.25,"c3":0.75},{"time":0.9333,"x":-54.26,"y":8.85,"curve":0.25,"c3":0.75},{"time":1.0667}]},"clod7":{"rotate":[{"time":0.6667},{"time":0.9333,"angle":1.48,"curve":0.25,"c3":0.75},{"time":1.0667},{"time":1.2,"angle":-1.7},{"time":1.3333}],"translate":[{"time":0.6667},{"time":0.9333,"y":-3.96,"curve":0.25,"c3":0.75},{"time":1.0667},{"time":1.2,"y":10.49},{"time":1.3333}]},"clod6":{"rotate":[{"time":0.6667},{"time":0.7333,"angle":-8.3,"curve":0.284,"c3":0.625,"c4":0.38},{"time":0.8,"angle":-3.86,"curve":0.311,"c2":0.26,"c3":0.651,"c4":0.61},{"time":0.8667,"angle":-6.77,"curve":0.339,"c2":0.35,"c3":0.697,"c4":0.76},{"time":1,"angle":1.75,"curve":0.375,"c2":0.62,"c3":0.716},{"time":1.0667}],"translate":[{"time":0.6667},{"time":0.7333,"x":43.1,"y":-3.96,"curve":0.258,"c3":0.619,"c4":0.45},{"time":0.8667,"x":27.24,"y":0.58,"curve":0.339,"c2":0.35,"c3":0.697,"c4":0.76},{"time":1,"x":2.51,"y":-8.24,"curve":0.375,"c2":0.62,"c3":0.716},{"time":1.0667},{"time":1.2,"y":-5.65},{"time":1.3333}]},"clod9":{"translate":[{"x":64.68,"y":-4.78,"curve":"stepped"},{"time":0.1333,"x":64.68,"y":-4.78},{"time":0.2,"x":64.68,"y":-12.25},{"time":0.2667,"x":64.68,"y":-4.78},{"time":0.3333,"x":64.68,"y":-12.25},{"time":0.4,"x":64.68,"y":-4.78},{"time":0.4667,"x":64.68,"y":-12.25},{"time":0.5333,"x":64.68,"y":-4.78,"curve":"stepped"},{"time":0.6667,"x":64.68,"y":-4.78},{"time":1.0667},{"time":1.2,"y":-8.07},{"time":1.3333}]},"clod12":{"rotate":[{"angle":-27.64,"curve":"stepped"},{"time":0.6667,"angle":-27.64},{"time":1.0667}],"translate":[{"x":159.01,"y":-7.31,"curve":"stepped"},{"time":0.0667,"x":159.01,"y":-7.31},{"time":0.1333,"x":159.01,"y":-13.94},{"time":0.2,"x":159.01,"y":-7.31},{"time":0.2667,"x":159.01,"y":-13.94},{"time":0.3333,"x":159.01,"y":-7.31},{"time":0.4,"x":159.01,"y":-13.94},{"time":0.4667,"x":159.01,"y":-7.31},{"time":0.5333,"x":159.01,"y":-13.94},{"time":0.6,"x":159.01,"y":-7.31,"curve":"stepped"},{"time":0.6667,"x":159.01,"y":-7.31},{"time":1.0667},{"time":1.2,"x":0.81,"y":6.46},{"time":1.3333}]},"clod10":{"rotate":[{"angle":1.03,"curve":"stepped"},{"time":0.6667,"angle":1.03},{"time":1.0667}],"translate":[{"x":176.07,"y":-6.81,"curve":"stepped"},{"time":0.0667,"x":176.07,"y":-6.81},{"time":0.1333,"x":176.07,"y":5.23},{"time":0.2,"x":176.07,"y":-6.81},{"time":0.2667,"x":176.07,"y":5.23},{"time":0.3333,"x":176.07,"y":-6.81},{"time":0.4,"x":176.07,"y":5.23},{"time":0.4667,"x":176.07,"y":-6.81},{"time":0.5333,"x":176.07,"y":5.23},{"time":0.6,"x":176.07,"y":-6.81,"curve":"stepped"},{"time":0.6667,"x":176.07,"y":-6.81},{"time":0.7333,"x":121.66,"y":-10.95,"curve":0.284,"c3":0.625,"c4":0.38},{"time":0.8,"x":91.32,"y":-13.05,"curve":0.32,"c2":0.29,"c3":0.757},{"time":1.0667}]},"clod8":{"rotate":[{"time":0.6667},{"time":0.8,"angle":-65.71,"curve":0.25,"c3":0.75},{"time":1.0667},{"time":1.2,"angle":-1.31},{"time":1.3333}],"translate":[{"x":89.4,"y":-8.18,"curve":"stepped"},{"time":0.6667,"x":89.4,"y":-8.18},{"time":0.8,"x":69.33,"y":12.18,"curve":0.25,"c3":0.75},{"time":1.0667},{"time":1.2,"x":-4.84,"y":-5.65},{"time":1.3333}]},"ball1":{"scale":[{"time":1.0667},{"time":1.2,"x":1.15,"y":1.065},{"time":1.3333}]},"shenti-2":{"translate":[{"x":-7.22,"y":-642.67}]},"shitou22":{"rotate":[{"time":0.6667,"curve":0.25,"c3":0.75},{"time":0.9,"angle":-44.95,"curve":0.27,"c2":0.11,"c3":0.823,"c4":0.66},{"time":1.1,"angle":-58.16}],"translate":[{"time":0.6667,"curve":0.25,"c3":0.75},{"time":0.9,"x":80.26,"y":380.24,"curve":0.27,"c2":0.11,"c3":0.823,"c4":0.66},{"time":1.1,"x":134.71,"y":18.46}]},"renwu":{"translate":[{"y":89.19}]},"shitou5":{"rotate":[{"time":0.2,"curve":0,"c2":0.19,"c3":0.662,"c4":0.85},{"time":0.3667,"angle":54.34,"curve":0.27,"c2":0.11,"c3":0.823,"c4":0.66},{"time":0.5,"curve":"stepped"},{"time":0.7667,"angle":70.61,"curve":0.25,"c3":0.75},{"time":0.9667,"angle":25.29,"curve":0.27,"c2":0.11,"c3":0.823,"c4":0.66},{"time":1.1667,"angle":70.61}],"translate":[{"time":0.2,"x":163.53,"y":-22.15,"curve":0,"c2":0.19,"c3":0.662,"c4":0.85},{"time":0.3667,"x":79.31,"y":164.42,"curve":0.27,"c2":0.11,"c3":0.823,"c4":0.66},{"time":0.5,"x":35.87,"y":-55.92,"curve":"stepped"},{"time":0.7667,"x":6.27,"y":-3.36,"curve":0.25,"c3":0.75},{"time":0.9667,"x":-137.7,"y":296.86,"curve":0.27,"c2":0.11,"c3":0.823,"c4":0.66},{"time":1.1667,"x":-166.16,"y":-47.47}]},"shitou17":{"rotate":[{"time":0.7667,"curve":0.25,"c3":0.75},{"time":1,"angle":29.18,"curve":0.27,"c2":0.11,"c3":0.823,"c4":0.66},{"time":1.2,"angle":64.7}],"translate":[{"time":0.7667,"curve":0.25,"c3":0.75},{"time":1,"x":-135.91,"y":363.23,"curve":0.27,"c2":0.11,"c3":0.823,"c4":0.66},{"time":1.2,"x":-239.12,"y":43.12}]},"shitou16":{"rotate":[{"time":0.1,"curve":0,"c2":0.19,"c3":0.662,"c4":0.85},{"time":0.2667,"angle":-72.75,"curve":0.27,"c2":0.11,"c3":0.823,"c4":0.66},{"time":0.4333,"angle":27.62,"curve":"stepped"},{"time":0.4667,"curve":0,"c2":0.19,"c3":0.662,"c4":0.85},{"time":0.6333,"angle":-72.75,"curve":0.27,"c2":0.11,"c3":0.823,"c4":0.66},{"time":0.8,"angle":27.62}],"translate":[{"time":0.1,"x":38.72,"y":-76.19,"curve":0,"c2":0.19,"c3":0.662,"c4":0.85},{"time":0.2667,"x":68.8,"y":96.07,"curve":0.27,"c2":0.11,"c3":0.823,"c4":0.66},{"time":0.4333,"x":114.48,"y":-92.43,"curve":"stepped"},{"time":0.4667,"x":80.84,"y":-92.57,"curve":0,"c2":0.19,"c3":0.662,"c4":0.85},{"time":0.6333,"x":142.25,"y":78.27,"curve":0.27,"c2":0.11,"c3":0.823,"c4":0.66},{"time":0.8,"x":266.96,"y":-79.62}],"scale":[{"time":0.1,"x":0.692,"y":0.692,"curve":0,"c2":0.19,"c3":0.662,"c4":0.85},{"time":0.2667,"curve":0.27,"c2":0.11,"c3":0.823,"c4":0.66},{"time":0.4333,"x":0.709,"y":0.709,"curve":"stepped"},{"time":0.4667,"x":0.375,"y":0.375,"curve":0,"c2":0.19,"c3":0.662,"c4":0.85},{"time":0.6333,"x":0.684,"y":0.684,"curve":0.27,"c2":0.11,"c3":0.823,"c4":0.66},{"time":0.8,"x":0.392,"y":0.392}]},"shitou18":{"rotate":[{"time":0.6667,"curve":0.25,"c3":0.75},{"time":0.9,"angle":16.83,"curve":0.27,"c2":0.11,"c3":0.823,"c4":0.66},{"time":1.1,"angle":47.35}],"translate":[{"time":0.6667,"x":121.77,"y":75.69,"curve":0.25,"c3":0.75},{"time":0.9,"x":-17.06,"y":532.96,"curve":0.27,"c2":0.11,"c3":0.823,"c4":0.66},{"time":1.1,"x":-83.04,"y":24.81}]},"shitou19":{"rotate":[{"time":0.7667,"curve":0.25,"c3":0.75},{"time":1,"angle":62.85,"curve":0.27,"c2":0.11,"c3":0.823,"c4":0.66},{"time":1.2,"angle":88.33}],"translate":[{"time":0.7667,"x":73.5,"y":-16.46,"curve":0.25,"c3":0.75},{"time":1,"x":-16.57,"y":234.87,"curve":0.27,"c2":0.11,"c3":0.823,"c4":0.66},{"time":1.2,"x":-1.81,"y":-73.27}]},"shitou21":{"rotate":[{"time":0.6667,"curve":0.25,"c3":0.75},{"time":0.9,"angle":34.82,"curve":0.27,"c2":0.11,"c3":0.823,"c4":0.66},{"time":1.1,"angle":49.61}],"translate":[{"time":0.6667,"curve":0.25,"c3":0.75},{"time":0.9,"x":-14.5,"y":412,"curve":0.27,"c2":0.11,"c3":0.823,"c4":0.66},{"time":1.1,"x":-38.29,"y":-46.71}]},"shitou20":{"rotate":[{"time":0.7333,"curve":0.25,"c3":0.75},{"time":0.9667,"angle":-34.54,"curve":0.27,"c2":0.11,"c3":0.823,"c4":0.66},{"time":1.1667,"angle":-60.07}],"translate":[{"time":0.7333,"x":-71.31,"y":-3.29,"curve":0.25,"c3":0.75},{"time":0.9667,"x":110.92,"y":239.81,"curve":0.27,"c2":0.11,"c3":0.823,"c4":0.66},{"time":1.1667,"x":144.6,"y":-39.69}]},"shitou24":{"rotate":[{"time":0.6667,"curve":0.25,"c3":0.75},{"time":0.9,"angle":-21.37,"curve":0.27,"c2":0.11,"c3":0.823,"c4":0.66},{"time":1.1,"angle":-45.45}],"translate":[{"time":0.6667,"curve":0.25,"c3":0.75},{"time":0.9,"x":43.96,"y":260.6,"curve":0.27,"c2":0.11,"c3":0.823,"c4":0.66},{"time":1.1,"x":102.79,"y":-17.03}]},"shitou27":{"rotate":[{"time":0.7333,"curve":0.25,"c3":0.75},{"time":0.9667,"angle":11.51,"curve":0.27,"c2":0.11,"c3":0.823,"c4":0.66},{"time":1.2,"angle":54.58}],"translate":[{"time":0.7333,"curve":0.25,"c3":0.75},{"time":0.9667,"x":5.51,"y":470.66,"curve":0.27,"c2":0.11,"c3":0.823,"c4":0.66},{"time":1.2,"x":-118.37,"y":-16.31}]},"shitou26":{"rotate":[{"time":0.0333,"curve":0,"c2":0.19,"c3":0.662,"c4":0.85},{"time":0.2,"angle":14.1,"curve":0.27,"c2":0.11,"c3":0.823,"c4":0.66},{"time":0.3667,"angle":4.83,"curve":"stepped"},{"time":0.4,"curve":0,"c2":0.19,"c3":0.662,"c4":0.85},{"time":0.5667,"angle":14.1,"curve":0.27,"c2":0.11,"c3":0.823,"c4":0.66},{"time":0.7333,"angle":4.83}],"translate":[{"time":0.0333,"x":-2.09,"y":-40.37,"curve":0,"c2":0.19,"c3":0.662,"c4":0.85},{"time":0.2,"x":-26.49,"y":85.06,"curve":0.27,"c2":0.11,"c3":0.823,"c4":0.66},{"time":0.3667,"x":-50.57,"y":-59.54,"curve":"stepped"},{"time":0.4,"x":38.88,"y":-40.37,"curve":0,"c2":0.19,"c3":0.662,"c4":0.85},{"time":0.5667,"x":14.48,"y":85.06,"curve":0.27,"c2":0.11,"c3":0.823,"c4":0.66},{"time":0.7333,"x":-9.61,"y":-59.54}],"scale":[{"time":0.3667,"curve":"stepped"},{"time":0.4,"x":1.257,"y":1.257}]},"shitou25":{"rotate":[{"time":0.7,"angle":39.48,"curve":0.25,"c3":0.75},{"time":0.9333,"angle":-54.54,"curve":0.27,"c2":0.11,"c3":0.823,"c4":0.66},{"time":1.1333,"angle":-79.02}],"translate":[{"time":0.7,"x":-31.81,"y":-34.01,"curve":0.25,"c3":0.75},{"time":0.9333,"x":87.94,"y":386.54,"curve":0.27,"c2":0.11,"c3":0.823,"c4":0.66},{"time":1.1333,"x":131.68,"y":-97.53}]},"shitou23":{"rotate":[{"curve":0,"c2":0.19,"c3":0.662,"c4":0.85},{"time":0.1667,"angle":-36.53,"curve":0.27,"c2":0.11,"c3":0.823,"c4":0.66},{"time":0.3,"angle":-96.54,"curve":"stepped"},{"time":0.3333,"curve":0,"c2":0.19,"c3":0.662,"c4":0.85},{"time":0.5,"angle":-36.53,"curve":0.27,"c2":0.11,"c3":0.823,"c4":0.66},{"time":0.6333,"angle":-96.54}],"translate":[{"x":-146.96,"y":44.46,"curve":0,"c2":0.19,"c3":0.662,"c4":0.85},{"time":0.1667,"x":-79.17,"y":170.64,"curve":0.27,"c2":0.11,"c3":0.823,"c4":0.66},{"time":0.3,"x":-50.07,"y":27.29,"curve":"stepped"},{"time":0.3333,"x":-216.72,"y":44.46,"curve":0,"c2":0.19,"c3":0.662,"c4":0.85},{"time":0.5,"x":-148.93,"y":170.64,"curve":0.27,"c2":0.11,"c3":0.823,"c4":0.66},{"time":0.6333,"x":-119.82,"y":27.29}]},"shitou28":{"rotate":[{"time":0.7333,"curve":0.25,"c3":0.75},{"time":0.9667,"angle":17.1,"curve":0.27,"c2":0.11,"c3":0.823,"c4":0.66},{"time":1.2333,"angle":-4.75}],"translate":[{"time":0.7333,"curve":0.25,"c3":0.75},{"time":0.9667,"x":37.64,"y":356.84,"curve":0.27,"c2":0.11,"c3":0.823,"c4":0.66},{"time":1.2333,"x":27.09,"y":-63.36}]}},"deform":{"default":{"body1":{"body1":[{"offset":30,"curve":"stepped","vertices":[-5.5482,-1.36348,-8.6028,-2.87555,-9.83881,-0.09922]},{"time":0.7333,"offset":30,"vertices":[-5.5482,-1.36348,-8.6028,-2.87555,-9.83881,-0.09922]},{"time":0.8667,"offset":30,"curve":0.25,"c3":0.75,"vertices":[-26.82951,4.92152,-11.75375,-3.11035,-9.6745,-1.92631]},{"time":1.0667}]},"plant1":{"plant1":[{"vertices":[179.72322,-35.46969,129.08792,-12.74691,63.68714,-11.08429,-0.22036,-0.00001,-64.52236,-0.00001,-112.63924,0.00001,-132.36378,0,-148.53793,0,-162.55884,0,71.49508,0,183.57727]},{"time":0.0667,"curve":"stepped","vertices":[179.72322,-35.46969,129.08792,-12.74691,63.68714,-11.08429,-0.22036,-0.00001,-76.7391,9.16253,-112.63924,0.00001,-132.36378,0,-148.53793,0,-162.55884,0,71.49508,0,183.57727]},{"time":0.6667,"vertices":[179.72322,-35.46969,129.08792,-12.74691,63.68714,-11.08429,-0.22036,-0.00001,-76.7391,9.16253,-112.63924,0.00001,-132.36378,0,-148.53793,0,-162.55884,0,71.49508,0,183.57727]},{"time":1.0667}]}}}},"idle3":{"slots":{"ball1":{"attachment":[{"time":0.0667,"name":"ball2"},{"time":0.2,"name":"ball1"}]}},"bones":{"body1":{"translate":[{"time":0.1333},{"time":0.3333,"y":-3.58},{"time":0.6667}],"scale":[{},{"time":0.1333,"x":0.99,"y":1.012},{"time":0.3333,"x":0.963,"y":1.053},{"time":0.6667}]},"ball1":{"translate":[{},{"time":0.1333,"x":2.1,"y":-0.01},{"time":0.3333,"x":-10.48,"y":0.07},{"time":0.4667,"x":-9.87,"y":0.06},{"time":0.6,"x":-3.38,"y":0.02},{"time":0.6667}],"scale":[{"time":0.1333},{"time":0.3333,"x":0.968,"y":1.06},{"time":0.4667,"x":0.968,"y":1.087},{"time":0.6,"x":0.981,"y":1.031},{"time":0.6667}]},"eye1":{"scale":[{},{"time":0.3333,"x":0.957,"y":1.052},{"time":0.6667}]},"clod11":{"translate":[{},{"time":0.3333,"x":2.27,"y":-2.55},{"time":0.6667}]},"clod1":{"translate":[{},{"time":0.3333,"x":2.27},{"time":0.6667}]},"clod3":{"translate":[{},{"time":0.3333,"x":2.83,"y":-0.85},{"time":0.6667}]},"clod5":{"translate":[{},{"time":0.3333,"x":-3.11},{"time":0.6667}]},"clod4":{"translate":[{},{"time":0.3333,"x":0.28,"y":-1.42},{"time":0.6667}]},"clod7":{"translate":[{},{"time":0.3333,"x":-1.13,"y":-1.42},{"time":0.6667}]},"clod6":{"translate":[{},{"time":0.3333,"x":-0.85,"y":-0.28},{"time":0.6667}]},"clod9":{"translate":[{},{"time":0.3333,"x":-1.42,"y":3.11},{"time":0.6667}]},"clod8":{"translate":[{},{"time":0.3333,"x":-5.38,"y":-0.85},{"time":0.6667}]},"clod12":{"translate":[{},{"time":0.3333,"x":-3.96,"y":-2.55},{"time":0.6667}]},"clod10":{"translate":[{},{"time":0.3333,"x":-3.11,"y":-0.28},{"time":0.6667}]}}},"idle4":{"slots":{"ball1":{"attachment":[{"time":0.0667,"name":"ball2"},{"time":0.2,"name":"ball1"}]},"eye1":{"attachment":[{"time":0.2667,"name":"eye2"},{"time":0.3333,"name":"eye3"},{"time":0.4,"name":"eye2"},{"time":0.4667,"name":"eye1"}]}},"bones":{"body1":{"translate":[{"time":0.1333},{"time":0.3333,"y":-3.58},{"time":0.6667}],"scale":[{},{"time":0.1333,"x":0.99,"y":1.012},{"time":0.3333,"x":0.963,"y":1.053},{"time":0.6667}]},"ball1":{"translate":[{},{"time":0.1333,"x":2.1,"y":-0.01},{"time":0.3333,"x":-10.48,"y":0.07},{"time":0.4667,"x":-9.87,"y":0.06},{"time":0.6,"x":-3.38,"y":0.02},{"time":0.6667}],"scale":[{"time":0.1333},{"time":0.3333,"x":0.968,"y":1.06},{"time":0.4667,"x":0.968,"y":1.087},{"time":0.6,"x":0.981,"y":1.031},{"time":0.6667}]},"eye1":{"scale":[{},{"time":0.3333,"x":0.957,"y":1.052},{"time":0.6667}]},"clod11":{"translate":[{},{"time":0.3333,"x":2.27,"y":-2.55},{"time":0.6667}]},"clod1":{"translate":[{},{"time":0.3333,"x":2.27},{"time":0.6667}]},"clod3":{"translate":[{},{"time":0.3333,"x":2.83,"y":-0.85},{"time":0.6667}]},"clod5":{"translate":[{},{"time":0.3333,"x":-3.11},{"time":0.6667}]},"clod4":{"translate":[{},{"time":0.3333,"x":0.28,"y":-1.42},{"time":0.6667}]},"clod7":{"translate":[{},{"time":0.3333,"x":-1.13,"y":-1.42},{"time":0.6667}]},"clod6":{"translate":[{},{"time":0.3333,"x":-0.85,"y":-0.28},{"time":0.6667}]},"clod9":{"translate":[{},{"time":0.3333,"x":-1.42,"y":3.11},{"time":0.6667}]},"clod8":{"translate":[{},{"time":0.3333,"x":-5.38,"y":-0.85},{"time":0.6667}]},"clod12":{"translate":[{},{"time":0.3333,"x":-3.96,"y":-2.55},{"time":0.6667}]},"clod10":{"translate":[{},{"time":0.3333,"x":-3.11,"y":-0.28},{"time":0.6667}]}}}}},[0]]],0,0,[0],[-1],[2]]]]