[1,["e3Na6WdjJK9LpgWa8SaKIQ","depei1nNBEgoCS9bNffcG6","f9hezXOIJCELDCeVtkRr6U"],["root","body","animation","node","data","_N$skeletonData"],[["cc.Node",["_name","_groupIndex","_parent","_components","_prefab","_contentSize"],1,1,2,4,5],["cc.PrefabInfo",["fileId","root","asset"],2,1,1],["cc.Prefab",["_name"],2],["cc.Node",["_name","_children","_components","_prefab","_trs"],2,2,12,4,7],["029c8UfLAZMhr0KRIDyS44u",["node","animation","body"],3,1,1,1],["cc.BoxCollider",["node","_offset","_size"],3,1,5,5],["96c396uvMtPhLUJFoRD9JmK",["node","body"],3,1,1],["sp.Skeleton",["defaultSkin","defaultAnimation","_preCacheMode","_animationName","node","_materials"],-1,1,3],["261d4+Q1HdGA5w3tjdBw83c",["activeFlash","node","spineAnimation"],2,1,1],["sp.SkeletonData",["_name","_atlasText","textureNames","_skeletonJson","textures"],-1,3]],[[1,0,1,2,2],[2,0,2],[3,0,1,2,3,4,2],[0,0,1,2,3,4,3],[0,0,2,3,4,5,2],[4,0,1,2,1],[1,1,2,1],[5,0,1,2,1],[6,0,1,1],[7,0,1,2,3,4,5,5],[8,0,1,2,2],[9,0,1,2,3,4,5]],[[[[1,"UmbrellaLeaf"],[2,"UmbrellaLeaf",[-6,-7],[[-2,[5,-5,-4,-3]],1,4],[6,-1,0],[-494,-293,0,0,0,0,1,1,1,1]],[3,"bodyC",5,1,[-8,-9],[0,"d9sn/605pGQIDJAlTsbhg8",1,0]],[7,2,[0,0,60],[5,100,120]],[8,2,3],[4,"38_plant",1,[-10],[0,"7bK4Vc0cFBDprxgEuziJ6u",1,0],[5,99.65,84.65]],[9,"default","idle",0,"idle",5,[0]],[10,true,1,6]],0,[0,0,1,0,-1,7,0,1,4,0,2,7,0,3,1,0,-1,2,0,-2,5,0,-1,3,0,-2,4,0,-1,6,0,4,1,10],[0,6],[-1,5],[0,1]],[[[11,"38_plant","\n38_plant.png\nsize: 1024,128\nformat: RGBA8888\nfilter: Linear,Linear\nrepeat: none\nbody\n  rotate: false\n  xy: 258, 9\n  size: 58, 116\n  orig: 58, 116\n  offset: 0, 0\n  index: -1\neye1\n  rotate: true\n  xy: 86, 2\n  size: 26, 13\n  orig: 26, 13\n  offset: 0, 0\n  index: -1\neye2\n  rotate: false\n  xy: 2, 2\n  size: 26, 8\n  orig: 26, 8\n  offset: 0, 0\n  index: -1\neye3\n  rotate: false\n  xy: 30, 6\n  size: 26, 4\n  orig: 26, 4\n  offset: 0, 0\n  index: -1\nleaf1\n  rotate: false\n  xy: 2, 12\n  size: 82, 113\n  orig: 82, 113\n  offset: 0, 0\n  index: -1\nleaf2\n  rotate: true\n  xy: 86, 30\n  size: 95, 93\n  orig: 95, 93\n  offset: 0, 0\n  index: -1\nleaf3\n  rotate: true\n  xy: 181, 12\n  size: 113, 75\n  orig: 113, 78\n  offset: 0, 3\n  index: -1\nleaf4\n  rotate: true\n  xy: 382, 44\n  size: 81, 64\n  orig: 81, 64\n  offset: 0, 0\n  index: -1\nleaf5\n  rotate: true\n  xy: 318, 20\n  size: 105, 62\n  orig: 105, 62\n  offset: 0, 0\n  index: -1\nleaf6\n  rotate: true\n  xy: 448, 35\n  size: 90, 52\n  orig: 91, 52\n  offset: 1, 0\n  index: -1\nleaf7\n  rotate: true\n  xy: 502, 50\n  size: 75, 62\n  orig: 75, 62\n  offset: 0, 0\n  index: -1\n",["38_plant.png"],{"skeleton":{"hash":"5juq3X4dijSpnHaw4SNvYGmd7dU","spine":"3.8.99","x":-49.5,"y":-1.71,"width":99.65,"height":84.65},"bones":[{"name":"root"},{"name":"plant","parent":"root","scaleX":0.095,"scaleY":0.095},{"name":"body","parent":"plant","length":138.4,"rotation":90},{"name":"eye1","parent":"body","x":176.02,"y":0.03},{"name":"plant2","parent":"plant","x":16.72,"y":592.17,"scaleX":0.095,"scaleY":0.095,"transform":"onlyTranslation"},{"name":"leaf1","parent":"plant2","length":557.95,"rotation":-67.13,"y":-6.19},{"name":"leaf2","parent":"plant2","length":550.95,"rotation":-131.55,"x":8.14,"y":-6.19},{"name":"leaf3","parent":"plant2","length":597.2,"rotation":-171.37,"x":-5.09,"y":-20.45},{"name":"leaf4","parent":"plant2","length":392.6,"rotation":132.79,"x":-44.17,"y":-22.36},{"name":"leaf7","parent":"plant2","length":351.33,"rotation":45.94,"x":-5.48,"y":-2},{"name":"leaf6","parent":"plant2","length":433.5,"rotation":10.28,"x":23.02,"y":-14.22},{"name":"leaf5","parent":"plant2","length":533.48,"rotation":-23.39,"x":18.23,"y":-5.82}],"slots":[{"name":"body","bone":"body","attachment":"body"},{"name":"eye1","bone":"eye1","attachment":"eye1"},{"name":"leaf7","bone":"leaf7","attachment":"leaf7"},{"name":"leaf6","bone":"leaf6","attachment":"leaf6"},{"name":"leaf5","bone":"leaf5","attachment":"leaf5"},{"name":"leaf4","bone":"leaf4","attachment":"leaf4"},{"name":"leaf3","bone":"leaf3","attachment":"leaf3"},{"name":"leaf2","bone":"leaf2","attachment":"leaf2"},{"name":"leaf1","bone":"leaf1","attachment":"leaf1"}],"skins":[{"name":"default","attachments":{"body":{"body":{"x":272,"y":7,"rotation":-90,"width":288,"height":580}},"eye1":{"eye1":{"x":2.48,"y":-1.03,"rotation":-90,"width":132,"height":65},"eye2":{"x":1.98,"y":-1.03,"rotation":-90,"width":132,"height":40},"eye3":{"x":-0.02,"y":-1.03,"rotation":-90,"width":132,"height":22}},"leaf1":{"leaf1":{"x":281.35,"y":-10.92,"rotation":67.13,"width":410,"height":567}},"leaf2":{"leaf2":{"x":264.55,"y":18.86,"rotation":131.55,"width":473,"height":463}},"leaf3":{"leaf3":{"x":258.15,"y":27.31,"rotation":171.37,"width":563,"height":390}},"leaf4":{"leaf4":{"x":200.58,"y":14.71,"rotation":-132.79,"width":407,"height":318}},"leaf5":{"leaf5":{"x":243.63,"y":16.18,"rotation":23.39,"width":526,"height":311}},"leaf6":{"leaf6":{"x":219.52,"y":12.57,"rotation":-10.28,"width":457,"height":261}},"leaf7":{"leaf7":{"x":171.33,"y":7.5,"rotation":-45.94,"width":374,"height":309}}}}],"events":{"attack":{}},"animations":{"attack":{"bones":{"body":{"scale":[{},{"time":0.1,"x":1.111,"y":1.111,"curve":"stepped"},{"time":0.3,"x":1.111,"y":1.111},{"time":0.4}]},"plant2":{"translate":[{},{"time":0.1333,"x":37.89,"y":783.16},{"time":0.2,"x":15.76,"y":731.5},{"time":0.2667,"x":37.89,"y":783.16},{"time":0.3333,"x":3.67,"y":121.46},{"time":0.4667}],"scale":[{},{"time":0.1333,"x":4.398,"y":4.398},{"time":0.2,"x":4.046,"y":4.046},{"time":0.2667,"x":4.398,"y":4.398},{"time":0.3333,"x":1.317,"y":1.317},{"time":0.4667}]},"leaf1":{"rotate":[{"time":0.2333},{"time":0.3,"angle":5.4},{"time":0.4}],"translate":[{},{"time":0.1,"x":11.49,"y":-31.6,"curve":"stepped"},{"time":0.2333,"x":11.49,"y":-31.6},{"time":0.3,"x":1.77,"y":-12.37},{"time":0.4}],"scale":[{},{"time":0.1,"x":1.059,"y":0.985,"curve":"stepped"},{"time":0.2333,"x":1.059,"y":0.985},{"time":0.3}]},"leaf2":{"rotate":[{},{"time":0.1,"angle":-0.62,"curve":"stepped"},{"time":0.2333,"angle":-0.62},{"time":0.3,"angle":-4.36},{"time":0.4}],"translate":[{"time":0.2333},{"time":0.3,"x":-47.7,"y":8.83},{"time":0.4}],"scale":[{},{"time":0.1,"x":1.02,"y":1.051,"curve":"stepped"},{"time":0.2333,"x":1.02,"y":1.051},{"time":0.3}]},"leaf3":{"rotate":[{},{"time":0.1,"angle":-4.05,"curve":"stepped"},{"time":0.2333,"angle":-4.05},{"time":0.3,"angle":-6.89},{"time":0.4}],"translate":[{},{"time":0.1,"y":-18.67,"curve":"stepped"},{"time":0.2333,"y":-18.67},{"time":0.3,"x":-21.2,"y":-7.07},{"time":0.4}],"scale":[{},{"time":0.1,"x":0.868,"y":0.957,"curve":"stepped"},{"time":0.2333,"x":0.868,"y":0.957},{"time":0.3}]},"leaf4":{"translate":[{},{"time":0.1,"x":11.49,"y":11.49,"curve":"stepped"},{"time":0.2333,"x":11.49,"y":11.49},{"time":0.3,"x":-8.83,"y":8.83},{"time":0.4}],"scale":[{},{"time":0.1,"x":0.922,"y":0.81,"curve":"stepped"},{"time":0.2333,"x":0.922,"y":0.81},{"time":0.3}]},"leaf7":{"rotate":[{},{"time":0.1,"angle":2.38,"curve":"stepped"},{"time":0.3,"angle":2.38},{"time":0.4}],"translate":[{},{"time":0.1,"x":-1.44,"y":-0.31,"curve":"stepped"},{"time":0.3,"x":-1.44,"y":-0.31},{"time":0.4}],"scale":[{},{"time":0.1,"x":0.981,"y":0.828,"curve":"stepped"},{"time":0.2333,"x":0.981,"y":0.828},{"time":0.3,"x":0.981,"y":0.933},{"time":0.4}]},"leaf6":{"translate":[{},{"time":0.1,"y":-7.18,"curve":"stepped"},{"time":0.2333,"y":-7.18},{"time":0.3,"x":49.47,"y":26.5},{"time":0.4}],"scale":[{},{"time":0.1,"y":1.149,"curve":"stepped"},{"time":0.2333,"y":1.149},{"time":0.3}]},"leaf5":{"rotate":[{"time":0.2333},{"time":0.3,"angle":3.79},{"time":0.4}],"translate":[{},{"time":0.1,"x":15.8,"y":-21.54,"curve":"stepped"},{"time":0.2333,"x":15.8,"y":-21.54},{"time":0.3,"x":21.2,"y":8.83},{"time":0.4}],"scale":[{},{"time":0.1,"x":0.897,"y":0.993,"curve":"stepped"},{"time":0.2333,"x":0.897,"y":0.993},{"time":0.3}]}},"events":[{"time":0.1333,"name":"attack"}]},"idle":{"bones":{"body":{"scale":[{},{"time":0.4667,"x":0.829,"y":1.066},{"time":0.6,"x":0.869,"y":1.034},{"time":0.9333}]},"plant2":{"translate":[{"time":0.1333},{"time":0.4667,"y":-30.51,"curve":"stepped"},{"time":0.6,"y":-30.51},{"time":0.9333}]},"leaf1":{"rotate":[{},{"time":0.1333,"angle":2.72},{"time":0.4667,"angle":-0.86},{"time":0.6,"angle":-2.44},{"time":0.9333}],"translate":[{"time":0.4667},{"time":0.6,"x":1.62,"y":-6.48},{"time":0.9333}]},"leaf2":{"rotate":[{},{"time":0.1333,"angle":-1.77},{"time":0.4667,"angle":1.89},{"time":0.6,"angle":3.24},{"time":0.9333}],"translate":[{"time":0.4667},{"time":0.6,"x":-1.62,"y":-4.86},{"time":0.9333}]},"leaf3":{"rotate":[{},{"time":0.1333,"angle":-4.47},{"time":0.4667,"angle":5.04},{"time":0.6,"angle":6.38},{"time":0.9333}],"translate":[{"time":0.4667},{"time":0.6,"x":-3.24,"y":-11.35},{"time":0.9333}]},"leaf4":{"rotate":[{},{"time":0.1333,"angle":-2.16},{"time":0.4667,"angle":4.16},{"time":0.6,"angle":13.03},{"time":0.9333}],"translate":[{"time":0.4667},{"time":0.6,"x":9.73,"y":6.48},{"time":0.9333}],"scale":[{"time":0.4667},{"time":0.6,"x":0.927,"y":1.08},{"time":0.9333}]},"leaf7":{"rotate":[{},{"time":0.1333,"angle":1.18},{"time":0.4667,"angle":-7.23},{"time":0.6,"angle":-11.31},{"time":0.9333}],"scale":[{"time":0.4667},{"time":0.6,"x":0.944},{"time":0.9333}]},"leaf6":{"rotate":[{},{"time":0.1333,"angle":3.81},{"time":0.4667,"angle":-5.6},{"time":0.6,"angle":-9.89},{"time":0.9333}],"scale":[{"time":0.4667},{"time":0.6,"x":0.985},{"time":0.9333}]},"leaf5":{"rotate":[{},{"time":0.1333,"angle":3.66},{"time":0.4667,"angle":-4.38},{"time":0.6,"angle":-6.74},{"time":0.9333}],"translate":[{"time":0.4667},{"time":0.6,"x":8.11,"y":-6.48},{"time":0.9333}]}}},"idle_eye":{"slots":{"eye1":{"attachment":[{"time":0.4,"name":"eye2"},{"time":0.4667,"name":"eye3"},{"time":0.5333,"name":"eye2"},{"time":0.6,"name":"eye1"}]}},"bones":{"body":{"scale":[{},{"time":0.4667,"x":0.829,"y":1.066},{"time":0.6,"x":0.869,"y":1.034},{"time":0.9333}]},"plant2":{"translate":[{"time":0.1333},{"time":0.4667,"y":-30.51,"curve":"stepped"},{"time":0.6,"y":-30.51},{"time":0.9333}]},"leaf1":{"rotate":[{},{"time":0.1333,"angle":2.72},{"time":0.4667,"angle":-0.86},{"time":0.6,"angle":-2.44},{"time":0.9333}],"translate":[{"time":0.4667},{"time":0.6,"x":1.62,"y":-6.48},{"time":0.9333}]},"leaf2":{"rotate":[{},{"time":0.1333,"angle":-1.77},{"time":0.4667,"angle":1.89},{"time":0.6,"angle":3.24},{"time":0.9333}],"translate":[{"time":0.4667},{"time":0.6,"x":-1.62,"y":-4.86},{"time":0.9333}]},"leaf3":{"rotate":[{},{"time":0.1333,"angle":-4.47},{"time":0.4667,"angle":5.04},{"time":0.6,"angle":6.38},{"time":0.9333}],"translate":[{"time":0.4667},{"time":0.6,"x":-3.24,"y":-11.35},{"time":0.9333}]},"leaf4":{"rotate":[{},{"time":0.1333,"angle":-2.16},{"time":0.4667,"angle":4.16},{"time":0.6,"angle":13.03},{"time":0.9333}],"translate":[{"time":0.4667},{"time":0.6,"x":9.73,"y":6.48},{"time":0.9333}],"scale":[{"time":0.4667},{"time":0.6,"x":0.927,"y":1.08},{"time":0.9333}]},"leaf7":{"rotate":[{},{"time":0.1333,"angle":1.18},{"time":0.4667,"angle":-7.23},{"time":0.6,"angle":-11.31},{"time":0.9333}],"scale":[{"time":0.4667},{"time":0.6,"x":0.944},{"time":0.9333}]},"leaf6":{"rotate":[{},{"time":0.1333,"angle":3.81},{"time":0.4667,"angle":-5.6},{"time":0.6,"angle":-9.89},{"time":0.9333}],"scale":[{"time":0.4667},{"time":0.6,"x":0.985},{"time":0.9333}]},"leaf5":{"rotate":[{},{"time":0.1333,"angle":3.66},{"time":0.4667,"angle":-4.38},{"time":0.6,"angle":-6.74},{"time":0.9333}],"translate":[{"time":0.4667},{"time":0.6,"x":8.11,"y":-6.48},{"time":0.9333}]}}}}},[0]]],0,0,[0],[-1],[2]]]]