[1,["ecpdLyjvZBwrvm+cedCcQy","caohSHbS5GEIzmwCrnMGn5","20XqXWpJBNpqdwpd8PD89x","16572be7f","a2MjXRFdtLlYQ5ouAFv/+R","aaUeQxHhROlriGY/EIWppv","5b2E3BaVNNzZPAk8+DkCbZ","65ybVT/JhNvbjVcDxJ07U+","2feRlJ3QNFh5DUZG3E5FSJ","43WeQ2PXxPEIrsDtpTJGyR","c5baj65DBAy4TgyEDdoi3v","f5gSJkRdNF1ryMpsXVaTpb","cbC0p6bqRKaJHjyTGPnqE6","1d18c5455"],["node","_spriteFrame","_N$file","_textureSetter","root","btnLabel","data"],[["cc.Node",["_name","_opacity","_prefab","_components","_contentSize","_parent","_trs","_children","_color","_anchorPoint"],1,4,9,5,1,7,2,5,5],["cc.Sprite",["_sizeMode","_type","_isTrimmedMode","node","_materials","_spriteFrame"],0,1,3,6],"cc.SpriteFrame",["cc.Widget",["_alignFlags","_originalWidth","_originalHeight","node"],0,1],["cc.PrefabInfo",["fileId","root","asset"],2,1,1],["cc.Button",["_N$transition","node","clickEvents"],2,1,9],["cc.Label",["_string","_fontSize","_lineHeight","_isSystemFontUsed","_N$horizontalAlign","_N$verticalAlign","node","_materials","_N$file"],-3,1,3,6],["cc.Prefab",["_name"],2],["cc.Node",["_name","_parent","_components","_prefab","_color","_contentSize","_trs"],2,1,12,4,5,5,7],["cc.BlockInputEvents",["node"],3,1],["459adWyfklAsqz4rY8LOrdD",["node","btnLabel"],3,1,1],["cc.ClickEvent",["_componentId","handler","target"],1,1],["cc.LabelOutline",["_width","node","_color"],2,1,5]],[[4,0,1,2,2],[0,0,5,3,2,4,6,2],[12,0,1,2,2],[6,0,1,2,3,4,5,6,7,8,7],[1,1,0,3,4,5,3],[1,3,4,5,1],[0,0,5,7,3,2,4,6,2],[0,0,5,3,2,4,9,6,2],[1,0,3,4,5,2],[1,1,0,2,3,4,5,4],[11,0,1,2,3],[7,0,2],[0,0,7,3,2,4,6,2],[0,0,5,7,2,2],[0,0,1,5,3,2,8,4,3],[0,0,5,3,2,8,4,9,6,2],[0,0,5,3,2,8,4,6,2],[8,0,1,2,3,4,5,6,2],[3,0,3,2],[3,0,1,2,3,4],[9,0,1],[10,0,1,1],[4,1,2,1],[5,0,1,2,2],[5,1,2,1],[6,0,1,2,3,4,5,6,7,7]],[[[{"name":"byte_1","rect":[945,3,550,65],"offset":[0,0],"originalSize":[550,65],"rotated":1,"capInsets":[0,0,0,0]}],[2],0,[0],[3],[3]],[[[11,"sideBarView"],[12,"sideBarView",[-6,-7],[[18,45,-2],[20,-3],[21,-5,-4]],[22,-1,0],[5,1280,720],[640,360,0,0,0,0,1,1,1,1]],[13,"board",1,[-8,-9,-10,-11,-12,-13,-14,-15,-16,-17],[0,"79if67nshKTrN/ovWVOpFz",1,0]],[6,"item3",2,[-19,-20,-21],[[4,2,0,-18,[28],29]],[0,"e7lC7rOtVCdYH40GCmHPL9",1,0],[5,600,120],[-1.668,-183.937,0,0,0,0,1,1,1,1]],[6,"item1",2,[-23,-24],[[4,2,0,-22,[14],15]],[0,"2dMRPMnO9A/K7euSWHk9K6",1,0],[5,600,120],[-1.668,170.313,0,0,0,0,1,1,1,1]],[6,"item2",2,[-26,-27],[[4,2,0,-25,[20],21]],[0,"01v7gzaCNOiqvFjsg/W6Vj",1,0],[5,600,210],[-1.668,-6.733,0,0,0,0,1,1,1,1]],[14,"mask",177,1,[[8,0,-28,[0],1],[19,45,100,100,-29]],[0,"2eDfL0T9xOqa7Wx7Tvdjk2",1,0],[4,4278190080],[5,1280,720]],[1,"btn_close",2,[[8,0,-30,[8],9],[23,3,-31,[[10,"459adWyfklAsqz4rY8LOrdD","clickClose",1]]]],[0,"32Rgi6xVVMjIMcCYtjVQJU",1,0],[5,39,36],[319.748,308.864,0,0,0,0,1,1.5,1.5,0]],[7,"lab",4,[[3,"1.点击侧边栏图标",25,25,false,1,1,-32,[12],13],[2,2,-33,[4,4278190080]]],[0,"05DZki1pFH6K23klenJTRE",1,0],[5,193.57,35.5],[0,0,0.5],[-278,44.889,0,0,0,0,1,1,1,1]],[7,"lab",5,[[3,"2.点击植物大战僵尸",25,25,false,1,1,-34,[16],17],[2,2,-35,[4,4278190080]]],[0,"c0FmmgBTJJeZ0C5L4h9QcJ",1,0],[5,225.6,35.5],[0,0,0.5],[-274.962,89.27,0,0,0,0,1,1,1,1]],[7,"lab",3,[[3,"3.领取奖励",25,25,false,1,1,-36,[22],23],[2,2,-37,[4,4278190080]]],[0,"3dYfRG5I1Dm5Ro9glpxU8z",1,0],[5,126.45,35.5],[0,0,0.5],[-278,44.889,0,0,0,0,1,1,1,1]],[15,"lab",3,[[3,"+200",45,45,false,1,1,-38,[26],27],[2,2,-39,[4,4278190080]]],[0,"e9KBrZJopGkK/OMGsznlSi",1,0],[4,4284016383],[5,112.31,60.7],[0,0,0.5],[-8.744,-15.556,0,0,0,0,1,1,1,1]],[1,"btn_2",2,[[4,2,0,-40,[30],31],[24,-41,[[10,"459adWyfklAsqz4rY8LOrdD","clickSidebar",1]]]],[0,"ca+j3BHQRPRJrYP7+RErea",1,0],[5,200,54],[0,-318.723,0,0,0,0,1,1,1,1]],[16,"tittle",2,[[3,"侧边栏进入领奖励",45,45,false,1,1,-42,[32],33],[2,2,-43,[4,4278596427]]],[0,"30C7NQLWpJcqWho/exjScw",1,0],[4,4280135167],[5,364,60.7],[0,274.897,0,0,0,0,1,1,1,1]],[17,"bt_lab",2,[[-44,[2,0,-45,[4,4278596427]]],1,4],[0,"bbyOIF0HBNIrzvji2UT2W1",1,0],[4,4285084969],[5,120,37.8],[0,-318.198,0,0,0,0,1,1,1,1]],[1,"rank_grass",2,[[5,-46,[2],3]],[0,"b6gv7Uw+5K/qGLVSLG6JvE",1,0],[5,658,46],[0,313.348,0,0,0,0,1,1,1,1]],[1,"common_board",2,[[9,1,0,false,-47,[4],5]],[0,"19/JuQlb5PAYsVppqHxHTw",1,0],[5,650,590],[0,15.913,0,0,0,0,1,1,1,1]],[1,"common_bg",2,[[9,1,0,false,-48,[6],7]],[0,"2cdY4YBVNJ54Wg0zYgI6Za",1,0],[5,620,495],[-2.364,-8.285,0,0,0,0,1,1,1,1]],[1,"byte_1",4,[[5,-49,[10],11]],[0,"20UkzJfsxHVY4tpi9X3YxD",1,0],[5,550,65],[0,-16.68,0,0,0,0,1,1,1,1]],[1,"byte_2",5,[[5,-50,[18],19]],[0,"42g7NSbh9IWL+L3R5yBiLA",1,0],[5,516,167],[0,-15.012,0,0,0,0,1,1,1,1]],[1,"coin_icon",3,[[5,-51,[24],25]],[0,"87YquLKEpGnJ5OP353mBX1",1,0],[5,65,73],[-53.508,-16.285,0,0,0,0,1,1,1,1]],[25,"去侧边栏",30,30,false,1,1,14,[34]]],0,[0,4,1,0,0,1,0,0,1,0,5,21,0,0,1,0,-1,6,0,-2,2,0,-1,15,0,-2,16,0,-3,17,0,-4,7,0,-5,4,0,-6,5,0,-7,3,0,-8,12,0,-9,13,0,-10,14,0,0,3,0,-1,10,0,-2,20,0,-3,11,0,0,4,0,-1,18,0,-2,8,0,0,5,0,-1,9,0,-2,19,0,0,6,0,0,6,0,0,7,0,0,7,0,0,8,0,0,8,0,0,9,0,0,9,0,0,10,0,0,10,0,0,11,0,0,11,0,0,12,0,0,12,0,0,13,0,0,13,0,-1,21,0,0,14,0,0,15,0,0,16,0,0,17,0,0,18,0,0,19,0,0,20,0,6,1,51],[0,0,0,0,0,0,0,0,0,0,0,0,0,0,0,0,0,0,0,0,0,0,0,0,0,0,0,0,0,0,0,0,0,0,0,21],[-1,1,-1,1,-1,1,-1,1,-1,1,-1,1,-1,2,-1,1,-1,2,-1,1,-1,1,-1,2,-1,1,-1,2,-1,1,-1,1,-1,2,-1,2],[0,4,0,5,0,6,0,7,0,8,0,9,0,1,0,2,0,1,0,10,0,2,0,1,0,11,0,1,0,2,0,12,0,1,0,1]],[[{"name":"byte_2","rect":[3,55,516,167],"offset":[0,0],"originalSize":[516,167],"rotated":1,"capInsets":[0,0,0,0]}],[2],0,[0],[3],[13]]]]