[1,["ecpdLyjvZBwrvm+cedCcQy","caohSHbS5GEIzmwCrnMGn5","af3FuThF1PLqyklrmWmoJ5","b4QG/os+BIf7dfkky1sbYO","19e3e59c0","2eYLUKo6tPT57j6FrILgK/","5bheaowv9Nv4sUQJHivr8k","d2HzctZYVKFZNemh8T+vQj","38dOBwXiVHb7PPGPv0RV7c","993Pc3b3ZKJbq/7NuC5MlE","2dWAEFP49NEobZ2F/7L9Wp","33FJJx5OxGh5E4lIp/S93j","c036O10y1LyqxOFVVVsQiU","1a6o2jYNVJc7cWE+W7Gpzc","f0Yeq8anJGlprYHStNP1S0","40Zk4FNwpGE79FvUYF0AEK","1978bf0a0","37q9ssi/pPraicXQhdEjQC","64IAHuwOJCoJnLhhQ/vaak","d4iVypi0xDgLmxmVrZ0DXn","db1FTKS/dCAbXgyUNxQ6Sp","bdVjnsMjVLKLb/9vMLOvNG","93vpLh/gxPBbDk75enOPTU","8bTJbJxeRNupvQhP4MKZRt","e0j9kuQMVIQa0uA/A0UWhV","4ac3Syd+VI870FLYayAsi/","589Fg8iHxLPaReMqOr+lDe","797lNXqilF/K2w473zZx8E","0bKQNwxAdDpZNIDiZf3WaF","14b4c21ed","1d843dc3f","fdMUAIC9ZIKLIU8S4t9qKN","5cKyMKvOFAEoZZMJEhrXhZ","cavc9j4QRNqpxv+KB1O/L2","f8rF+5RY1IBJ1XHbHwxY9G","39L/2PjZBOFafIAVK7JIg8","407AxcCwVHIpPNL1vUFaTI","c5daGmm4BPDpySWK+ytkkb","76z2u7WF9AZoivF6fDHYgl","c8qh2xvTZG8L2cJlRmP5py","1aquVW0gtPKZzqbHhXkbn0","25wKP9sKpFIJJTlK4iU9l/","6dF/u0GaRC2JFMi+g0L6AN","d5unwK7PpPoouwXYZc/DKX","d0S+eewr1IN6hqfXXfNg1m","a2MjXRFdtLlYQ5ouAFv/+R","bf6q3vOt1Cmqv2xDYa8kFG","7fN4M8QfhOUaPnbdTZcYYi","3elDJ8aslFPaboxFelxZ4C","bdjOLzwUxK+pLG1w9ruBRW","fab3nL5StIrKa3+bgHCDaw","72n4hUSl5OQL4OTIavfSUv","bfcz4YbhxEW4H0QWRNy5iD"],["node","_spriteFrame","_N$file","_textureSetter","_parent","target","root","powerNode","weekTwoTipNode","record_btn","star_bg","lv_ImgFh","partSprite","part2_select","part1_select","part_Bg2","part_Bg1","lv_Bg2","lv_Bg1","bookBtn","scrollViewContent","scrollView","starCount","wdBtn","wyBtn","ycBtn","ywBtn","btBtn","taskBtn","shareRewardNode","bt_label","tipNode","getPowerLeftLab","powerAni","powerLab","data"],["cc.SpriteFrame",["cc.Node",["_name","_active","_opacity","_prefab","_contentSize","_components","_parent","_children","_trs","_color","_anchorPoint"],0,4,5,9,1,2,7,5,5],["cc.Sprite",["_sizeMode","_type","_isTrimmedMode","node","_materials","_spriteFrame"],0,1,3,6],["cc.Label",["_fontSize","_lineHeight","_N$horizontalAlign","_N$verticalAlign","_string","_isSystemFontUsed","_N$cacheMode","node","_materials","_N$file"],-4,1,3,6],["cc.Node",["_name","_active","_parent","_components","_prefab","_contentSize","_trs","_color","_anchorPoint"],1,1,2,4,5,7,5,5],["cc.Widget",["_alignFlags","_left","_right","_originalWidth","node","_target"],-1,1,1],["cc.Node",["_name","_components","_prefab","_contentSize","_trs","_parent","_children"],2,12,4,5,7,1,2],["cc.PrefabInfo",["fileId","root","asset"],2,1,1],["cc.Button",["_N$transition","node","clickEvents"],2,1,9],["cc.Prefab",["_name"],2],["cc.BlockInputEvents",["node"],3,1],["bba8c5B9RRFXqNBbFGtKCA0",["node","chapterBtnNode","chapterSpriteNode","chapterFrames","taskBtn","btBtn","ywBtn","ycBtn","wyBtn","wdBtn","starCount","partItem","scrollView","scrollViewContent","bookBtn","lv_Bg1","lv_Bg2","part_Bg1","part_Bg2","part1_select","part2_select","partSprite","lv_ImgFh","star_bg","record_btn","weekTwoTipNode","powerNode"],3,1,2,2,3,1,1,1,1,1,1,1,2,1,1,1,1,1,1,1,1,1,1,1,1,1,1,1],["cc.Layout",["_N$layoutType","_N$paddingLeft","_N$paddingRight","_N$spacingX","_N$affectedByScale","node","_layoutSize"],-2,1,5],["cc.ClickEvent",["_componentId","handler","target"],1,1],["4c598GgxydIZ4J/snCF5xab",["btnPos","node","bt_label","shareRewardNode"],2,1,1,1],["0c8c7sXsaRMZ4adaa2ij6aR",["type","node","tipNode"],2,1,1],["ecd83JmX5VOKoHPwQkk0m/P",["node","powerLab","powerAni","getPowerLeftLab"],3,1,1,1,1],["cc.Mask",["_N$alphaThreshold","node","_materials"],2,1,3],["cc.LabelOutline",["_width","node","_color"],2,1,5],["94d58qmgwFH+bfrpPdKMuF1",["node","guankaImg","guanKaName","guanKaPlant","lockNode","passNode","guanKaMaskNode","startGameNode","loseStar","winStarArr","zombieImg","beltNode"],3,1,1,1,1,1,1,1,1,2,2,1,1],["cc.ScrollView",["vertical","brake","bounceDuration","_N$horizontalScrollBar","_N$verticalScrollBar","node","scrollEvents","_N$content"],-2,1,9,1]],[[7,0,1,2,2],[2,3,4,5,1],[4,0,2,3,4,5,6,2],[1,0,6,5,3,4,8,2],[2,0,3,4,2],[2,3,4,1],[18,0,1,2,2],[1,0,6,7,5,3,4,8,2],[13,0,1,2,3],[3,4,0,1,5,2,3,7,8,9,7],[8,0,1,2,2],[2,0,3,4,5,2],[8,1,2,1],[1,0,6,5,3,9,4,8,2],[6,0,5,1,2,3,4,2],[2,1,0,3,4,5,3],[1,0,7,5,3,4,2],[1,0,2,6,5,3,4,3],[1,0,6,7,3,4,8,2],[6,0,5,6,1,2,3,4,2],[4,0,2,3,4,7,5,2],[4,0,1,2,3,4,5,6,3],[3,4,0,1,5,2,3,7,8,7],[19,0,1,2,3,4,5,6,7,8,9,10,11,1],[1,0,6,3,4,8,2],[1,0,7,5,3,4,8,2],[1,0,6,7,3,4,2],[1,0,1,6,7,5,3,4,8,3],[1,0,6,5,3,4,2],[5,0,1,4,3],[1,0,6,7,5,3,4,2],[1,0,1,6,5,3,4,3],[5,0,1,2,4,4],[2,1,0,2,3,4,5,4],[3,4,0,1,2,3,7,8,6],[9,0,2],[1,0,7,5,3,4,10,8,2],[1,0,6,7,5,3,9,4,8,2],[6,0,6,1,2,3,4,2],[4,0,2,3,4,5,8,6,2],[5,0,4,2],[5,0,3,4,5,3],[10,0,1],[11,0,1,2,3,4,5,6,7,8,9,10,11,12,13,14,15,16,17,18,19,20,21,22,23,24,25,26,1],[7,1,2,1],[2,1,0,3,4,3],[12,0,1,2,3,4,5,6,6],[14,0,1,2,3,2],[15,0,1,2,2],[16,0,1,2,3,1],[17,0,1,2,2],[3,4,0,1,5,2,3,6,7,8,9,8],[3,4,0,1,5,2,3,6,7,8,8],[3,0,1,2,3,7,8,5],[20,0,1,2,3,4,5,6,7,6]],[[[{"name":"lv_imgWd1","rect":[886,523,109,87],"offset":[0,0],"originalSize":[109,87],"capInsets":[0,0,0,0]}],[0],0,[0],[3],[4]],[[{"name":"part1_normal","rect":[649,138,98,43],"offset":[1,1.5],"originalSize":[120,72],"capInsets":[0,0,0,0]}],[0],0,[0],[3],[4]],[[{"name":"zw016","rect":[439,642,82,78],"offset":[0,-2],"originalSize":[96,96],"capInsets":[0,0,0,0]}],[0],0,[0],[3],[29]],[[{"name":"part1_select","rect":[278,962,111,56],"offset":[1.5,2],"originalSize":[120,72],"capInsets":[0,0,0,0]}],[0],0,[0],[3],[4]],[[{"name":"lv_imgNolock","rect":[3,3,245,348],"offset":[0,0],"originalSize":[245,348],"capInsets":[0,228,0,23]}],[0],0,[0],[3],[4]],[[{"name":"lv_imgKuang2","rect":[3,378,96,96],"offset":[0,0],"originalSize":[96,96],"capInsets":[0,0,0,0]}],[0],0,[0],[3],[16]],[[{"name":"lv_imgYc2","rect":[435,3,138,70],"offset":[0,0],"originalSize":[138,70],"rotated":1,"capInsets":[0,0,0,0]}],[0],0,[0],[3],[16]],[[{"name":"15","rect":[3,3,241,241],"offset":[0,0],"originalSize":[241,241],"capInsets":[0,0,0,0]}],[0],0,[0],[3],[30]],[[[35,"PartSelectView"],[25,"PartSelectView",[-47,-48,-49,-50,-51,-52,-53,-54,-55,-56],[[40,45,-2],[42,-3],[43,-46,[-41,-42,-43,-44,-45],[-36,-37,-38,-39,-40],[383,384,385,386,387,388,389,390,391,392],-35,-34,-33,-32,-31,-30,-29,[-19,-20,-21,-22,-23,-24,-25,-26,-27,-28],-18,-17,-16,-15,-14,-13,-12,-11,-10,-9,-8,-7,-6,-5,-4]],[44,-1,0],[5,1280,720],[640,360,0,0,0,0,1,1,1,1]],[16,"lv_imgKuang",[-58,-59,-60,-61,-62,-63,-64,-65,-66,-67,-68,-69,-70,-71],[[1,-57,[158],159]],[0,"367Gh5uo5Por/AID7B46Y9",1,0],[5,245,348]],[16,"lv_imgKuang",[-73,-74,-75,-76,-77,-78,-79,-80,-81,-82,-83,-84,-85,-86],[[1,-72,[310],311]],[0,"efL3926A9OqL6pIPGA8lYa",1,0],[5,245,348]],[16,"lv_imgKuang",[-88,-89,-90,-91,-92,-93,-94,-95,-96,-97,-98,-99,-100],[[1,-87,[36],37]],[0,"2e0o6QZ85NNa2X2+epQnKl",1,0],[5,245,348]],[16,"lv_imgKuang",[-102,-103,-104,-105,-106,-107,-108,-109,-110,-111,-112,-113,-114],[[1,-101,[66],67]],[0,"c0ZsLDA21Mwo2Xw0+pdzGL",1,0],[5,245,348]],[16,"lv_imgKuang",[-116,-117,-118,-119,-120,-121,-122,-123,-124,-125,-126,-127,-128],[[1,-115,[96],97]],[0,"4dW3oZrUtKf5/OBFobi/0a",1,0],[5,245,348]],[16,"lv_imgKuang",[-130,-131,-132,-133,-134,-135,-136,-137,-138,-139,-140,-141,-142],[[1,-129,[126],127]],[0,"5aNuAPXxRMCZgq4GAi1Bgo",1,0],[5,245,348]],[16,"lv_imgKuang",[-144,-145,-146,-147,-148,-149,-150,-151,-152,-153,-154,-155,-156],[[1,-143,[188],189]],[0,"4a662Ze3tMRoCRNQXyljI3",1,0],[5,245,348]],[16,"lv_imgKuang",[-158,-159,-160,-161,-162,-163,-164,-165,-166,-167,-168,-169,-170],[[1,-157,[218],219]],[0,"472KGRKudG3blusUq7mUTg",1,0],[5,245,348]],[16,"lv_imgKuang",[-172,-173,-174,-175,-176,-177,-178,-179,-180,-181,-182,-183,-184],[[1,-171,[248],249]],[0,"08yLVgwbtNFKekA8683l7W",1,0],[5,245,348]],[16,"lv_imgKuang",[-186,-187,-188,-189,-190,-191,-192,-193,-194,-195,-196,-197,-198],[[1,-185,[278],279]],[0,"ef6uqW365FLKBXu2GRn1Pj",1,0],[5,245,348]],[36,"content",[-200,-201,-202,-203,-204,-205,-206,-207,-208,-209],[[46,1,700,700,30,true,-199,[5,3348.25,400]]],[0,"b8yQZ//RNEeYduDFiAaoox",1,0],[5,3348.25,400],[0,0.5,1],[821.625,200,0,0,0,0,1,1,1,1]],[26,"partsprite",1,[-210,-211,-212,-213,-214,-215,-216,-217,-218,-219,-220],[0,"dcohqQ/KJP77WoohTF+tJ3",1,0],[5,1280,720]],[7,"record_btn",1,[-228,-229,-230],[[1,-221,[339],340],[10,3,-223,[[8,"4c598GgxydIZ4J/snCF5xab","onClick",-222]]],[47,1,-226,-225,-224],[29,8,46.94100000000003,-227]],[0,"82o1qpq0JFmrb2zWZTHa2X",1,0],[5,101,98],[-542.559,-178.453,0,0,0,0,1,1,1,0]],[27,"taskBtn",false,1,[-236,-237,-238],[[1,-231,[367],368],[10,3,-232,[[8,"bba8c5B9RRFXqNBbFGtKCA0","clickTasks",1]]],[48,9,-234,-233],[29,8,163.505,-235]],[0,"fbtLVJeyVKm5XVs/y986IE",1,0],[5,101,98],[-425.995,-296.33,0,0,0,0,1,1,1,0]],[7,"power_bg",1,[-245,-246,-247,-248],[[33,1,0,false,-239,[381],382],[32,32,53.5,15,-240],[49,-244,-243,-242,-241]],[0,"97hyjyz8ZO1qZ1Unzy6BBY",1,0],[5,249,68],[500.5,-221.672,0,0,0,0,1,1,1,1]],[19,"GuanKaItemView1",12,[4],[[-249,[12,-251,[[8,"94d58qmgwFH+bfrpPdKMuF1","clickStartBtn",-250]]]],1,4],[0,"a0n7H/R0JEaa11JH68l4gK",1,0],[5,245,348],[-851.625,-190,0,0,0,0,1,1,1,1]],[7,"lv_imgSta",4,[-254,-255],[[15,1,0,-252,[31],32],[10,3,-253,[[8,"94d58qmgwFH+bfrpPdKMuF1","clickStartBtn",17]]]],[0,"16vdAzgtBDNqiKeuVK4DvO",1,0],[5,158,70],[0,-180,0,0,0,0,1,1,1,0]],[19,"GuanKaItemView2",12,[5],[[-256,[12,-258,[[8,"94d58qmgwFH+bfrpPdKMuF1","clickStartBtn",-257]]]],1,4],[0,"d4Ace31aVAYpc/jNZO4oXk",1,0],[5,245,348],[-619.5,-190,0,0,0,0,1,0.65,0.65,1]],[7,"lv_imgSta",5,[-261,-262],[[15,1,0,-259,[61],62],[10,3,-260,[[8,"94d58qmgwFH+bfrpPdKMuF1","clickStartBtn",19]]]],[0,"72vEsfz7NJp5c/GEsUI65h",1,0],[5,158,70],[0,-180,0,0,0,0,1,1,1,0]],[19,"GuanKaItemView3",12,[6],[[-263,[12,-265,[[8,"94d58qmgwFH+bfrpPdKMuF1","clickStartBtn",-264]]]],1,4],[0,"e9ETU643VDq5GlvgtjE03D",1,0],[5,245,348],[-430.25,-190,0,0,0,0,1,0.65,0.65,1]],[7,"lv_imgSta",6,[-268,-269],[[15,1,0,-266,[91],92],[10,3,-267,[[8,"94d58qmgwFH+bfrpPdKMuF1","clickStartBtn",21]]]],[0,"64lGETvNVDXpI0BjTQmdfT",1,0],[5,158,70],[0,-180,0,0,0,0,1,1,1,0]],[19,"GuanKaItemView4",12,[7],[[-270,[12,-272,[[8,"94d58qmgwFH+bfrpPdKMuF1","clickStartBtn",-271]]]],1,4],[0,"369L+YU7hAP4A24C6vBnTe",1,0],[5,245,348],[-241,-190,0,0,0,0,1,0.65,0.65,1]],[7,"lv_imgSta",7,[-275,-276],[[15,1,0,-273,[121],122],[10,3,-274,[[8,"94d58qmgwFH+bfrpPdKMuF1","clickStartBtn",23]]]],[0,"66O3ki0qlAMI890lItRPUC",1,0],[5,158,70],[0,-180,0,0,0,0,1,1,1,0]],[19,"GuanKaItemView5",12,[2],[[-277,[12,-279,[[8,"94d58qmgwFH+bfrpPdKMuF1","clickStartBtn",-278]]]],1,4],[0,"aasF29tYRNbasb17GF+Osp",1,0],[5,245,348],[-51.75,-190,0,0,0,0,1,0.65,0.65,1]],[7,"lv_imgSta",2,[-282,-283],[[15,1,0,-280,[153],154],[10,3,-281,[[8,"94d58qmgwFH+bfrpPdKMuF1","clickStartBtn",25]]]],[0,"d8dbi2YG9EaJ2ctDdTrBEJ",1,0],[5,158,70],[0,-180,0,0,0,0,1,1,1,0]],[19,"GuanKaItemView6",12,[8],[[-284,[12,-286,[[8,"94d58qmgwFH+bfrpPdKMuF1","clickStartBtn",-285]]]],1,4],[0,"a5whU448hOWadyjw8Rsvi2",1,0],[5,245,348],[137.5,-190,0,0,0,0,1,0.65,0.65,1]],[7,"lv_imgSta",8,[-289,-290],[[15,1,0,-287,[183],184],[10,3,-288,[[8,"94d58qmgwFH+bfrpPdKMuF1","clickStartBtn",27]]]],[0,"d15hX8PPFEtIaqmBVgae3O",1,0],[5,158,70],[0,-180,0,0,0,0,1,1,1,0]],[19,"GuanKaItemView7",12,[9],[[-291,[12,-293,[[8,"94d58qmgwFH+bfrpPdKMuF1","clickStartBtn",-292]]]],1,4],[0,"37aTlWt1xAVoLnGxfP4C1i",1,0],[5,245,348],[326.75,-190,0,0,0,0,1,0.65,0.65,1]],[7,"lv_imgSta",9,[-296,-297],[[15,1,0,-294,[213],214],[10,3,-295,[[8,"94d58qmgwFH+bfrpPdKMuF1","clickStartBtn",29]]]],[0,"936VXMCl9NFaqpONCtd8DA",1,0],[5,158,70],[0,-180,0,0,0,0,1,1,1,0]],[19,"GuanKaItemView8",12,[10],[[-298,[12,-300,[[8,"94d58qmgwFH+bfrpPdKMuF1","clickStartBtn",-299]]]],1,4],[0,"57EmWNNYBOkLlZZ1JNp6yn",1,0],[5,245,348],[516,-190,0,0,0,0,1,0.65,0.65,1]],[7,"lv_imgSta",10,[-303,-304],[[15,1,0,-301,[243],244],[10,3,-302,[[8,"94d58qmgwFH+bfrpPdKMuF1","clickStartBtn",31]]]],[0,"650Dg8O25GeJ6AcFcgoe72",1,0],[5,158,70],[0,-180,0,0,0,0,1,1,1,0]],[19,"GuanKaItemView9",12,[11],[[-305,[12,-307,[[8,"94d58qmgwFH+bfrpPdKMuF1","clickStartBtn",-306]]]],1,4],[0,"c5HVt8FgpEZ6NCy8wWYp/A",1,0],[5,245,348],[705.25,-190,0,0,0,0,1,0.65,0.65,1]],[7,"lv_imgSta",11,[-310,-311],[[15,1,0,-308,[273],274],[10,3,-309,[[8,"94d58qmgwFH+bfrpPdKMuF1","clickStartBtn",33]]]],[0,"aaE3fjKn9PUpI3OWg3n96s",1,0],[5,158,70],[0,-180,0,0,0,0,1,1,1,0]],[19,"GuanKaItemView10",12,[3],[[-312,[12,-314,[[8,"94d58qmgwFH+bfrpPdKMuF1","clickStartBtn",-313]]]],1,4],[0,"76swIr28lN8rCg+qnbNfRD",1,0],[5,245,348],[894.5,-190,0,0,0,0,1,0.65,0.65,1]],[7,"lv_imgSta",3,[-317,-318],[[15,1,0,-315,[305],306],[10,3,-316,[[8,"94d58qmgwFH+bfrpPdKMuF1","clickStartBtn",35]]]],[0,"46+0IxG/9DlIR60lx6R7BI",1,0],[5,158,70],[0,-180,0,0,0,0,1,1,1,0]],[7,"lv_imgFh",1,[-322],[[1,-319,[323],324],[29,8,40.5,-320],[10,3,-321,[[8,"bba8c5B9RRFXqNBbFGtKCA0","clickback",1]]]],[0,"fb6BrAeFJNca7q4DQitxN1",1,0],[5,101,98],[-549,-298,0,0,0,0,1,1,1,0]],[7,"star_bg",1,[-325,-326],[[33,1,0,false,-323,[328],329],[32,32,53.5,15,-324]],[0,"3cazbB9XpFrbb0jRTMcWB7",1,0],[5,249,68],[500.5,-301,0,0,0,0,1,1,1,1]],[25,"part2_bg",[-328,-329,-330],[[1,-327,[349],350]],[0,"31g9k5qqxIO7Ovo/IMQ314",1,0],[5,118,72],[445.802,-87.487,0,0,0,0,1,1,1,1]],[7,"lv_imgKuang2",4,[-332,-333,-334],[[1,-331,[13],14]],[0,"1fYf0O3+5PuoxaMSh2BY8y",1,0],[5,96,96],[0,-100.076,0,0,0,0,1,1,1,1]],[7,"lv_imgKuang2",5,[-336,-337,-338],[[1,-335,[43],44]],[0,"e3yLBKUwxJnKN3NTxAIRbT",1,0],[5,96,96],[0,-100.076,0,0,0,0,1,1,1,1]],[7,"lv_imgKuang2",6,[-340,-341,-342],[[1,-339,[73],74]],[0,"03Fs8GFL5KobVvCEk6YpYG",1,0],[5,96,96],[0,-100.076,0,0,0,0,1,1,1,1]],[7,"lv_imgKuang2",7,[-344,-345,-346],[[1,-343,[103],104]],[0,"c455tb/IZFwYNCRMvhQaeH",1,0],[5,96,96],[0,-100.076,0,0,0,0,1,1,1,1]],[7,"lv_imgKuang2",2,[-348,-349,-350],[[1,-347,[133],134]],[0,"71bgJeBlpBMZEOEztV/MQH",1,0],[5,96,96],[0,-100.076,0,0,0,0,1,1,1,1]],[7,"lv_imgKuang2",8,[-352,-353,-354],[[1,-351,[165],166]],[0,"83aQ2ZoEtJaaETHrAHf22H",1,0],[5,96,96],[0,-100.076,0,0,0,0,1,1,1,1]],[7,"lv_imgKuang2",9,[-356,-357,-358],[[1,-355,[195],196]],[0,"2csXVPNHxHqo1+OFkAaADb",1,0],[5,96,96],[0,-100.076,0,0,0,0,1,1,1,1]],[7,"lv_imgKuang2",10,[-360,-361,-362],[[1,-359,[225],226]],[0,"d5NFZ2SspOEYdEmD4TSS20",1,0],[5,96,96],[0,-100.076,0,0,0,0,1,1,1,1]],[7,"lv_imgKuang2",11,[-364,-365,-366],[[1,-363,[255],256]],[0,"30M9qJNKdFJrUrS0JsgQj9",1,0],[5,96,96],[0,-100.076,0,0,0,0,1,1,1,1]],[7,"lv_imgKuang2",3,[-368,-369,-370],[[1,-367,[285],286]],[0,"c5EjKFnklOe5ItW/jxRWEF",1,0],[5,96,96],[0,-100.076,0,0,0,0,1,1,1,1]],[25,"part1_bg",[-372,-373],[[1,-371,[355],356]],[0,"5f78+E2zNFLJz50twG54U3",1,0],[5,118,72],[-424.945,-76.353,0,0,0,0,1,1,1,1]],[30,"lv_bg1",1,[-375],[[1,-374,[2],3]],[0,"5cAl62xsRD26rTkdkoM6rM",1,0],[5,1680,720]],[7,"lv_bg2",1,[-377],[[1,-376,[6],7]],[0,"84WLNIHJ9HCLNk/J73Wgxc",1,0],[5,1680,720],[1680,0,0,0,0,0,1,1,1,1]],[38,"New ScrollView",[-380],[[[45,1,0,-378,[313]],-379],4,1],[0,"109YiVfRxIh57CfL5FuUbI",1,0],[5,1280,500],[0,660,0,0,0,0,1,1,1,1]],[30,"view",53,[12],[[50,0,-381,[312]],[41,40,1280,-382,1]],[0,"c2dvM+TIBFKbpdBIKdbH9s",1,0],[5,1280,500]],[3,"lv_handbk",13,[[1,-383,[314],315],[12,-384,[[8,"bba8c5B9RRFXqNBbFGtKCA0","clickHandBookBtn",1]]]],[0,"96nPPdPutDqJVOxO8RHMEB",1,0],[5,140,163],[298,-265,0,0,0,0,1,1,1,1]],[7,"byte_9",14,[-386],[[15,1,0,-385,[337],338]],[0,"96z1Ri9HtMr7QW/ZP9uwGp",1,0],[5,85,75],[36.171,49.713,0,0,0,0,1,1,1,1]],[7,"weekTwotip",39,[-388],[[1,-387,[347],348]],[0,"d72bCR8uBFmo9/bx3WD4oN",1,0],[5,63,75],[30.47,46.975,0,0,0,0,1,0.75,0.75,0.75]],[27,"red",false,15,[-390],[[1,-389,[365],366]],[0,"cbDc65rnVAzqjlJM+3HG9Q",1,0],[5,63,75],[43.236,48.425,0,0,0,0,1,0.75,0.75,1]],[37,"countdownBg",16,[-392,-393],[[11,0,-391,[374],375]],[0,"27LyP4vG1K6qI5KZ9ohTar",1,0],[4,4278190080],[5,80,25],[-63.125,-28.842,0,0,0,0,1,1,1,1]],[27,"powerIcon",false,16,[-395],[[11,0,-394,[379],380]],[0,"09oOU9sZVDM7ISzaIl9AFn",1,0],[5,72.9,73.8],[-5.954,0,0,0,0,0,1,0.85,0.85,0.9]],[3,"select",40,[[11,0,-396,[9],10]],[0,"dfBob4KENBZ7nZ8pdtwjno",1,0],[5,51,43.2],[46.102,-26.987,0,0,0,0,1,1,1,1]],[3,"lv_imgLock",40,[[1,-397,[11],12]],[0,"e9oMyFdiNIVLAaiBfDbAeC",1,0],[5,26,34],[44.978,-31.485,0,0,0,0,1,1,1,1]],[3,"belt",4,[[1,-398,[16],17]],[0,"c9LXzFvilAhJypkT0CSpNO",1,0],[5,36,147],[-84,75,0,0,0,0,1,1,1,1]],[14,"guankaLab",4,[[-399,[6,3,-400,[4,4278190080]]],1,4],[0,"2a3MGk2dVAwLMqDyJeTgSl",1,0],[5,76.62,43.8],[0,-28.111,0,0,0,0,1,1,1,1]],[17,"lv_imgNolock",100,4,[[1,-401,[23],24]],[0,"18et5WKgNC57jH82QurXia",1,0],[5,245,348]],[3,"New Label",18,[[9,"开始游戏",25,25,false,1,1,-402,[25],26],[6,2,-403,[4,4278190080]]],[0,"0cA9ren4BA6IB3FMtIPdMs",1,0],[5,104,35.5],[0,17.448,0,0,0,0,1,1,1,1]],[18,"rightPower",18,[-404,-405],[0,"19JLw5cM1MT7Hk6UaVatUQ",1,0],[5,50,30],[-11.674,-11.494,0,0,0,0,1,1,1,1]],[13,"rightPowercost",67,[[9,"X2",24,28,false,1,1,-406,[29],30],[6,2,-407,[4,4278190080]]],[0,"fepqLL9pZGn5170QonLnWb",1,0],[4,4278255590],[5,37.22,39.28],[28.484,-2.161,0,0,0,0,1,1,1,1]],[3,"select",41,[[11,0,-408,[39],40]],[0,"06/ctp+MhKZ7k9bPPXdXg6",1,0],[5,51,43.2],[46.102,-26.987,0,0,0,0,1,1,1,1]],[3,"lv_imgLock",41,[[1,-409,[41],42]],[0,"85zZd0VlxE2ot1SuaCaM5N",1,0],[5,26,34],[44.978,-31.485,0,0,0,0,1,1,1,1]],[3,"belt",5,[[1,-410,[46],47]],[0,"42adzHyzFEDIYkYOxk1tNC",1,0],[5,36,147],[-84,75,0,0,0,0,1,1,1,1]],[14,"guankaLab",5,[[-411,[6,3,-412,[4,4278190080]]],1,4],[0,"d92POtAbRB/ZS9sLqVmGmy",1,0],[5,76.62,43.8],[0,-28.111,0,0,0,0,1,1,1,1]],[17,"lv_imgNolock",100,5,[[1,-413,[53],54]],[0,"41Y9yXjelOeJrnmz+/ERug",1,0],[5,245,348]],[3,"New Label",20,[[9,"开始游戏",25,25,false,1,1,-414,[55],56],[6,2,-415,[4,4278190080]]],[0,"a6WLAwycpDHKGDtMAjlvem",1,0],[5,104,35.5],[0,17.448,0,0,0,0,1,1,1,1]],[18,"rightPower",20,[-416,-417],[0,"33WOLuFZ9G6qzBZNkQYRkv",1,0],[5,50,30],[-11.674,-11.494,0,0,0,0,1,1,1,1]],[13,"rightPowercost",75,[[9,"X2",24,28,false,1,1,-418,[59],60],[6,2,-419,[4,4278190080]]],[0,"dc/2GTHeVAXJJrYBolPrU5",1,0],[4,4278255590],[5,37.22,39.28],[28.484,-2.161,0,0,0,0,1,1,1,1]],[3,"select",42,[[11,0,-420,[69],70]],[0,"31E6tm8UJMy5gvR+Yy8yzC",1,0],[5,51,43.2],[46.102,-26.987,0,0,0,0,1,1,1,1]],[3,"lv_imgLock",42,[[1,-421,[71],72]],[0,"24R00BFItI4Z2xlGdzi+mC",1,0],[5,26,34],[44.978,-31.485,0,0,0,0,1,1,1,1]],[3,"belt",6,[[1,-422,[76],77]],[0,"efh5boafFH5oa35X5cGQvf",1,0],[5,36,147],[-84,75,0,0,0,0,1,1,1,1]],[14,"guankaLab",6,[[-423,[6,3,-424,[4,4278190080]]],1,4],[0,"b1l4QGaZVMA6qCesXnvY6Q",1,0],[5,76.62,43.8],[0,-28.111,0,0,0,0,1,1,1,1]],[17,"lv_imgNolock",100,6,[[1,-425,[83],84]],[0,"28pQGSGeBO25J5dFZTv5Yj",1,0],[5,245,348]],[3,"New Label",22,[[9,"开始游戏",25,25,false,1,1,-426,[85],86],[6,2,-427,[4,4278190080]]],[0,"72yILQUiNCTK/+uBU/NLbw",1,0],[5,104,35.5],[0,17.448,0,0,0,0,1,1,1,1]],[18,"rightPower",22,[-428,-429],[0,"7eXhIprWNO95OX6VkQPi6x",1,0],[5,50,30],[-11.674,-11.494,0,0,0,0,1,1,1,1]],[13,"rightPowercost",83,[[9,"X2",24,28,false,1,1,-430,[89],90],[6,2,-431,[4,4278190080]]],[0,"c0Ri/N76REe401k42kU6Ok",1,0],[4,4278255590],[5,37.22,39.28],[28.484,-2.161,0,0,0,0,1,1,1,1]],[3,"select",43,[[11,0,-432,[99],100]],[0,"3bH1inJG5IvZ2xSHXzVYKi",1,0],[5,51,43.2],[46.102,-26.987,0,0,0,0,1,1,1,1]],[3,"lv_imgLock",43,[[1,-433,[101],102]],[0,"d6XnvoROxHipjVoa+GQuyG",1,0],[5,26,34],[44.978,-31.485,0,0,0,0,1,1,1,1]],[3,"belt",7,[[1,-434,[106],107]],[0,"d09IUJAjRL45ofJ81E1/3M",1,0],[5,36,147],[-84,75,0,0,0,0,1,1,1,1]],[14,"guankaLab",7,[[-435,[6,3,-436,[4,4278190080]]],1,4],[0,"8fsKTWDLJCi7reNuxgdfrE",1,0],[5,76.62,43.8],[0,-28.111,0,0,0,0,1,1,1,1]],[17,"lv_imgNolock",100,7,[[1,-437,[113],114]],[0,"8fMjdcf6VIpJbOA6wQphxc",1,0],[5,245,348]],[3,"New Label",24,[[9,"开始游戏",25,25,false,1,1,-438,[115],116],[6,2,-439,[4,4278190080]]],[0,"32cj3IJJFFh5DlGoznIQRx",1,0],[5,104,35.5],[0,17.448,0,0,0,0,1,1,1,1]],[18,"rightPower",24,[-440,-441],[0,"3dzwoNAwJAX7dICHtlV6d2",1,0],[5,50,30],[-11.674,-11.494,0,0,0,0,1,1,1,1]],[13,"rightPowercost",91,[[9,"X2",24,28,false,1,1,-442,[119],120],[6,2,-443,[4,4278190080]]],[0,"37lJ/cCutN4qtMuhWT8HwG",1,0],[4,4278255590],[5,37.22,39.28],[28.484,-2.161,0,0,0,0,1,1,1,1]],[3,"select",44,[[11,0,-444,[129],130]],[0,"05yIiqj3tALZHy6/WDY5t9",1,0],[5,51,43.2],[46.102,-26.987,0,0,0,0,1,1,1,1]],[3,"lv_imgLock",44,[[1,-445,[131],132]],[0,"69P+McFShPC4BiP8FjAVFa",1,0],[5,26,34],[44.978,-31.485,0,0,0,0,1,1,1,1]],[3,"belt",2,[[1,-446,[136],137]],[0,"e5Mrw2jXlJd7mvwED7j9TG",1,0],[5,36,147],[-84,75,0,0,0,0,1,1,1,1]],[14,"guankaLab",2,[[-447,[6,3,-448,[4,4278190080]]],1,4],[0,"70/1wPTL9KA5OYToeOTubM",1,0],[5,76.62,43.8],[0,-28.111,0,0,0,0,1,1,1,1]],[17,"lv_imgNolock",100,2,[[1,-449,[145],146]],[0,"1awnEfKXBLBqdISz4PPGsw",1,0],[5,245,348]],[3,"New Label",26,[[9,"开始游戏",25,25,false,1,1,-450,[147],148],[6,2,-451,[4,4278190080]]],[0,"731qQ0GYtA1bQpiXj3xT8v",1,0],[5,104,35.5],[0,17.448,0,0,0,0,1,1,1,1]],[18,"rightPower",26,[-452,-453],[0,"332DJvgdBLtYZer9e+c3bA",1,0],[5,50,30],[-11.674,-11.494,0,0,0,0,1,1,1,1]],[13,"rightPowercost",99,[[9,"X2",24,28,false,1,1,-454,[151],152],[6,2,-455,[4,4278190080]]],[0,"d5bu4InuFCu6PJCOIk7tY4",1,0],[4,4278255590],[5,37.22,39.28],[28.484,-2.161,0,0,0,0,1,1,1,1]],[3,"select",45,[[11,0,-456,[161],162]],[0,"7cCc9//CBP86/zF1wLijVB",1,0],[5,51,43.2],[46.102,-26.987,0,0,0,0,1,1,1,1]],[3,"lv_imgLock",45,[[1,-457,[163],164]],[0,"34hVSRtitFFoCXTDCEiNOI",1,0],[5,26,34],[44.978,-31.485,0,0,0,0,1,1,1,1]],[3,"belt",8,[[1,-458,[168],169]],[0,"3cOFY9WWpKp5/NvpKB0GA7",1,0],[5,36,147],[-84,75,0,0,0,0,1,1,1,1]],[14,"guankaLab",8,[[-459,[6,3,-460,[4,4278190080]]],1,4],[0,"b19aKYdzJHDKwNGHI3Mab7",1,0],[5,76.62,43.8],[0,-28.111,0,0,0,0,1,1,1,1]],[17,"lv_imgNolock",100,8,[[1,-461,[175],176]],[0,"94tR4ANH9P+arty4BRK5oa",1,0],[5,245,348]],[3,"New Label",28,[[9,"开始游戏",25,25,false,1,1,-462,[177],178],[6,2,-463,[4,4278190080]]],[0,"f1H0mxrypHAJVPPnFfp4J0",1,0],[5,104,35.5],[0,17.448,0,0,0,0,1,1,1,1]],[18,"rightPower",28,[-464,-465],[0,"13NmIMaiVMKYSM1S4F1tCP",1,0],[5,50,30],[-11.674,-11.494,0,0,0,0,1,1,1,1]],[13,"rightPowercost",107,[[9,"X2",24,28,false,1,1,-466,[181],182],[6,2,-467,[4,4278190080]]],[0,"e6UaQG6DhMh7Ei9VCrCnZy",1,0],[4,4278255590],[5,37.22,39.28],[28.484,-2.161,0,0,0,0,1,1,1,1]],[3,"select",46,[[11,0,-468,[191],192]],[0,"994JnTIN9BQbGIyqgLUk3u",1,0],[5,51,43.2],[46.102,-26.987,0,0,0,0,1,1,1,1]],[3,"lv_imgLock",46,[[1,-469,[193],194]],[0,"85+Lao0NBAp6KxjJyhHUWw",1,0],[5,26,34],[44.978,-31.485,0,0,0,0,1,1,1,1]],[3,"belt",9,[[1,-470,[198],199]],[0,"feLPAv+OBKarxtNbHNo47F",1,0],[5,36,147],[-84,75,0,0,0,0,1,1,1,1]],[14,"guankaLab",9,[[-471,[6,3,-472,[4,4278190080]]],1,4],[0,"7ec4H27xFN8JP5tTG1fR9G",1,0],[5,76.62,43.8],[0,-28.111,0,0,0,0,1,1,1,1]],[17,"lv_imgNolock",100,9,[[1,-473,[205],206]],[0,"45J95zsdlPZ6hFZibORHPw",1,0],[5,245,348]],[3,"New Label",30,[[9,"开始游戏",25,25,false,1,1,-474,[207],208],[6,2,-475,[4,4278190080]]],[0,"14y4CT2YVCp74twAAlqaAv",1,0],[5,104,35.5],[0,17.448,0,0,0,0,1,1,1,1]],[18,"rightPower",30,[-476,-477],[0,"1cXHklsu5LvYo1wDC2CmYK",1,0],[5,50,30],[-11.674,-11.494,0,0,0,0,1,1,1,1]],[13,"rightPowercost",115,[[9,"X2",24,28,false,1,1,-478,[211],212],[6,2,-479,[4,4278190080]]],[0,"46IfW9dEJK8KQazyiDyQKt",1,0],[4,4278255590],[5,37.22,39.28],[28.484,-2.161,0,0,0,0,1,1,1,1]],[3,"select",47,[[11,0,-480,[221],222]],[0,"073qzWc5tECq0ieUyfLgpU",1,0],[5,51,43.2],[46.102,-26.987,0,0,0,0,1,1,1,1]],[3,"lv_imgLock",47,[[1,-481,[223],224]],[0,"269BZVnHdGKo5YDZjdKH3O",1,0],[5,26,34],[44.978,-31.485,0,0,0,0,1,1,1,1]],[3,"belt",10,[[1,-482,[228],229]],[0,"89lsOf8K5HrLD2D8gX/BWk",1,0],[5,36,147],[-84,75,0,0,0,0,1,1,1,1]],[14,"guankaLab",10,[[-483,[6,3,-484,[4,4278190080]]],1,4],[0,"3fXifxwARPlKgCH7n579SZ",1,0],[5,76.62,43.8],[0,-28.111,0,0,0,0,1,1,1,1]],[17,"lv_imgNolock",100,10,[[1,-485,[235],236]],[0,"4a2GDIl4FFvLpwXoTj8ICt",1,0],[5,245,348]],[3,"New Label",32,[[9,"开始游戏",25,25,false,1,1,-486,[237],238],[6,2,-487,[4,4278190080]]],[0,"a63RPj38tC7J1Dq3x0ianA",1,0],[5,104,35.5],[0,17.448,0,0,0,0,1,1,1,1]],[18,"rightPower",32,[-488,-489],[0,"ebYkN77XVCPIEA+XvV7w51",1,0],[5,50,30],[-11.674,-11.494,0,0,0,0,1,1,1,1]],[13,"rightPowercost",123,[[9,"X2",24,28,false,1,1,-490,[241],242],[6,2,-491,[4,4278190080]]],[0,"b6AvpO9TxElZ9CDcpRewBX",1,0],[4,4278255590],[5,37.22,39.28],[28.484,-2.161,0,0,0,0,1,1,1,1]],[3,"select",48,[[11,0,-492,[251],252]],[0,"9do4ijW89PR4OrqYqfLwhw",1,0],[5,51,43.2],[46.102,-26.987,0,0,0,0,1,1,1,1]],[3,"lv_imgLock",48,[[1,-493,[253],254]],[0,"5eL1wDqQ9By7rty8Dz8x2D",1,0],[5,26,34],[44.978,-31.485,0,0,0,0,1,1,1,1]],[3,"belt",11,[[1,-494,[258],259]],[0,"71UW7Wr31F6bo/kpnwRfwU",1,0],[5,36,147],[-84,75,0,0,0,0,1,1,1,1]],[14,"guankaLab",11,[[-495,[6,3,-496,[4,4278190080]]],1,4],[0,"3duwYJMitM060Nlr7gntTM",1,0],[5,76.62,43.8],[0,-28.111,0,0,0,0,1,1,1,1]],[17,"lv_imgNolock",100,11,[[1,-497,[265],266]],[0,"1a7QGojklH0bN5GZfwW+/n",1,0],[5,245,348]],[3,"New Label",34,[[9,"开始游戏",25,25,false,1,1,-498,[267],268],[6,2,-499,[4,4278190080]]],[0,"86mBecFfdJ3L36PonOQ7b3",1,0],[5,104,35.5],[0,17.448,0,0,0,0,1,1,1,1]],[18,"rightPower",34,[-500,-501],[0,"d61AQiHJRMs7sA0572M9zl",1,0],[5,50,30],[-11.674,-11.494,0,0,0,0,1,1,1,1]],[13,"rightPowercost",131,[[9,"X2",24,28,false,1,1,-502,[271],272],[6,2,-503,[4,4278190080]]],[0,"23hTGQwyxPBYYKJYDucli2",1,0],[4,4278255590],[5,37.22,39.28],[28.484,-2.161,0,0,0,0,1,1,1,1]],[3,"select",49,[[11,0,-504,[281],282]],[0,"0173jAg2BE/I3OFkQCWYlE",1,0],[5,51,43.2],[46.102,-26.987,0,0,0,0,1,1,1,1]],[3,"lv_imgLock",49,[[1,-505,[283],284]],[0,"2301TREUFA2YD1dm7x6gCr",1,0],[5,26,34],[44.978,-31.485,0,0,0,0,1,1,1,1]],[3,"belt",3,[[1,-506,[288],289]],[0,"03LoImEeRNBqqmOmauCd2E",1,0],[5,36,147],[-84,75,0,0,0,0,1,1,1,1]],[14,"guankaLab",3,[[-507,[6,3,-508,[4,4278190080]]],1,4],[0,"6fFNNzO3xCaaDCHOqtXhlf",1,0],[5,76.62,43.8],[0,-28.111,0,0,0,0,1,1,1,1]],[17,"lv_imgNolock",100,3,[[1,-509,[297],298]],[0,"09y3hu1plC0YuxTbfc9j2u",1,0],[5,245,348]],[3,"New Label",36,[[9,"开始游戏",25,25,false,1,1,-510,[299],300],[6,2,-511,[4,4278190080]]],[0,"95V4LaIuJNRIxig+wpwx8q",1,0],[5,104,35.5],[0,17.448,0,0,0,0,1,1,1,1]],[18,"rightPower",36,[-512,-513],[0,"9fTXXK3MhCDZBzTDfvhuye",1,0],[5,50,30],[-11.674,-11.494,0,0,0,0,1,1,1,1]],[13,"rightPowercost",139,[[9,"X2",24,28,false,1,1,-514,[303],304],[6,2,-515,[4,4278190080]]],[0,"90RBr0YwtC0JK0uXU/Xydl",1,0],[4,4278255590],[5,37.22,39.28],[28.484,-2.161,0,0,0,0,1,1,1,1]],[2,"lv_imgBt1",13,[-516],[0,"45RlYR02pPk5sjzC/xuK7G",1,0],[5,132,102],[-316,-213,0,0,0,0,1,1,1,1]],[2,"lv_imgHy1",13,[-517],[0,"a9SeATkmdFNo6wbxz3r+e3",1,0],[5,148,74],[-176,-205,0,0,0,0,1,1,1,1]],[2,"lv_imgYc1",13,[-518],[0,"e6zbAjg8JCv552QQ8k9qRY",1,0],[5,138,70],[-51,-153,0,0,0,0,1,1,1,1]],[2,"lv_imgWy1",13,[-519],[0,"ccSqTRLT5NYoj66YRrktfA",1,0],[5,121,94],[77,-178,0,0,0,0,1,1,1,1]],[2,"lv_imgWd1",13,[-520],[0,"9dAFc84u9Py5gAz1f3JNjS",1,0],[5,109,87],[206,-175,0,0,0,0,1,1,1,1]],[7,"home_icon",14,[-522],[[1,-521,[333],334]],[0,"f1l+k65aZEyJFV3SxOqMyO",1,0],[5,97,36],[0,-35,0,0,0,0,1,1,1,1]],[14,"New Label",146,[[-523,[6,2,-524,[4,4278190080]]],1,4],[0,"80BSJ0vRtEprwxYvxIilrL",1,0],[5,48,32],[0,-1.181,0,0,0,0,1,1,1,1]],[26,"partSelect",1,[39,50],[0,"31qgY4mzVIArE5jaEskmqS",1,0],[5,1280,720]],[31,"part2_select",false,39,[[1,-525,[343],344]],[0,"6e74XovxJE2Zvi2Y7tYqSX",1,0],[5,112,56]],[31,"part1_select",false,50,[[1,-526,[353],354]],[0,"c6sJ5TXmpOqqpoXNK0zFWf",1,0],[5,111,56]],[7,"home_icon",15,[-528],[[1,-527,[361],362]],[0,"4aW+VLecFBaITEBS8z2tqI",1,0],[5,97,36],[0,-35,0,0,0,0,1,1,1,1]],[28,"New Label",151,[[51,"冲关挑战",25,28,false,1,1,2,-529,[359],360],[6,2,-530,[4,4278190080]]],[0,"baeFzVNFVHmauUfcz/TSo5",1,0],[5,104,32]],[3,"power_icon",16,[[1,-531,[369],370],[12,-532,[[8,"bba8c5B9RRFXqNBbFGtKCA0","clickPower",1]]]],[0,"1erFCFmAdMfIqq2F3Bgxuq",1,0],[5,81,82],[-110,-1,0,0,0,0,1,1,1,1]],[13,"title",60,[[9,"-2",30,32,false,1,1,-533,[377],378],[6,2,-534,[4,4278190080]]],[0,"64xC/JCTpI76d9H2r3cDDh",1,0],[4,4284081919],[5,40.99,44.32],[53.511,0,0,0,0,0,1,1.3,1.3,1]],[3,"lv_imgSelect",51,[[1,-535,[0],1]],[0,"ccTQEnoJpGvpvrfpNoSFKO",1,0],[5,1612,332],[-50,-194,0,0,0,0,1,1,1,1]],[3,"lv_imgSelect2",52,[[1,-536,[4],5]],[0,"f4JcQakFxK7pFuqNkT2bSV",1,0],[5,1612,332],[-50,-194,0,0,0,0,1,1,1,1]],[26,"main",1,[53],[0,"46q052JMxGwqyccEjqrYMF",1,0],[5,1280,720]],[20,"zw002",40,[-537],[0,"83tmKxzT1ICoviNvry48FP",1,0],[4,4278190080],[5,82,78]],[5,158,[8]],[21,"lv_img1",false,4,[-538],[0,"f0YzGoUVBBWY6MZ/djWVFY",1,0],[5,200,152],[-1,75,0,0,0,0,1,1,1,1]],[5,160,[15]],[2,"zombieImg",4,[-539],[0,"bffXx1PY9NFK4pPkNZ6f34",1,0],[5,241,241],[25,65,0,0,0,0,1,0.5,0.5,1]],[5,162,[18]],[2,"star_black",4,[-540],[0,"7fvFTZz2FEKZ3/fksCHAdn",1,0],[5,36.8,33.28],[-70,25.984,0,0,0,0,1,1,1,1]],[4,0,164,[19]],[2,"star_black",4,[-541],[0,"c5MwZ2jqdICY2KBQaFR+/7",1,0],[5,36.8,33.28],[-33.2,25.984,0,0,0,0,1,1,1,1]],[4,0,166,[20]],[2,"star_black",4,[-542],[0,"cbkIutkENNc73fM23Ldzfa",1,0],[5,36.8,33.28],[3.6,25.984,0,0,0,0,1,1,1,1]],[4,0,168,[21]],[22,"关卡1",30,30,false,1,1,64,[22]],[3,"powerIcon",67,[[1,-543,[27],28]],[0,"7b7fEM7gJMVIQz64TCe9d/",1,0],[5,81,82],[0,0,0,0,0,0,1,0.4,0.4,1]],[2,"star_win",4,[-544],[0,"40iUKcgzFBn60UyRAjL2B3",1,0],[5,36.8,33.28],[-70,25.984,0,0,0,0,1,1,1,1]],[4,0,172,[33]],[2,"star_win",4,[-545],[0,"aaceGD781Dg5ZR1TjwJXDd",1,0],[5,36.8,33.28],[-33.2,25.984,0,0,0,0,1,1,1,1]],[4,0,174,[34]],[2,"star_win",4,[-546],[0,"a3v8r/ZW5LMb2q6CWg0Qud",1,0],[5,36.8,33.28],[3.6,25.984,0,0,0,0,1,1,1,1]],[4,0,176,[35]],[23,17,161,170,159,62,61,65,18,[165,167,169],[173,175,177],163,63],[20,"zw002",41,[-547],[0,"aaKc9huJtG3qPT1/gSwU0F",1,0],[4,4278190080],[5,82,78]],[5,179,[38]],[21,"lv_img1",false,5,[-548],[0,"bfXQMIKt1Kdps9k/OHmlGj",1,0],[5,200,152],[-1,75,0,0,0,0,1,1,1,1]],[5,181,[45]],[2,"zombieImg",5,[-549],[0,"90HlvVHuhNNILxza+MYfz1",1,0],[5,241,241],[25,65,0,0,0,0,1,0.5,0.5,1]],[5,183,[48]],[2,"star_black",5,[-550],[0,"25pgiprE5GM4pchMyBqE0Y",1,0],[5,36.8,33.28],[-70,25.984,0,0,0,0,1,1,1,1]],[4,0,185,[49]],[2,"star_black",5,[-551],[0,"82tZ55ct1PpZ0gaqsHDG1F",1,0],[5,36.8,33.28],[-33.2,25.984,0,0,0,0,1,1,1,1]],[4,0,187,[50]],[2,"star_black",5,[-552],[0,"f9CKKNhjJEx7Wp6dwJIIYp",1,0],[5,36.8,33.28],[3.6,25.984,0,0,0,0,1,1,1,1]],[4,0,189,[51]],[22,"关卡1",30,30,false,1,1,72,[52]],[3,"powerIcon",75,[[1,-553,[57],58]],[0,"cbcfwpZKlIT5SbBdaWGO2v",1,0],[5,81,82],[0,0,0,0,0,0,1,0.4,0.4,1]],[2,"star_win",5,[-554],[0,"d2nuXzqGlFR6psjOnHfzbK",1,0],[5,36.8,33.28],[-70,25.984,0,0,0,0,1,1,1,1]],[4,0,193,[63]],[2,"star_win",5,[-555],[0,"94xLayMphKSZjn4Kbe0+7+",1,0],[5,36.8,33.28],[-33.2,25.984,0,0,0,0,1,1,1,1]],[4,0,195,[64]],[2,"star_win",5,[-556],[0,"f4NHMh+sBPU6rm3nYkbAy6",1,0],[5,36.8,33.28],[3.6,25.984,0,0,0,0,1,1,1,1]],[4,0,197,[65]],[23,19,182,191,180,70,69,73,20,[186,188,190],[194,196,198],184,71],[20,"zw002",42,[-557],[0,"13dF1P/ANHArNYB/RieggX",1,0],[4,4278190080],[5,82,78]],[5,200,[68]],[21,"lv_img1",false,6,[-558],[0,"e8HMNsuLBIMoT+ChceKkUE",1,0],[5,200,152],[-1,75,0,0,0,0,1,1,1,1]],[5,202,[75]],[2,"zombieImg",6,[-559],[0,"8a3vgGmO9JULw/2FezLlz9",1,0],[5,241,241],[25,65,0,0,0,0,1,0.5,0.5,1]],[5,204,[78]],[2,"star_black",6,[-560],[0,"e59NIgUsdPJpTF57VUKNi3",1,0],[5,36.8,33.28],[-70,25.984,0,0,0,0,1,1,1,1]],[4,0,206,[79]],[2,"star_black",6,[-561],[0,"62XLl0ho1KAaapNJP1MYvv",1,0],[5,36.8,33.28],[-33.2,25.984,0,0,0,0,1,1,1,1]],[4,0,208,[80]],[2,"star_black",6,[-562],[0,"a4vvys68NAVIaH9ke5olsi",1,0],[5,36.8,33.28],[3.6,25.984,0,0,0,0,1,1,1,1]],[4,0,210,[81]],[22,"关卡1",30,30,false,1,1,80,[82]],[3,"powerIcon",83,[[1,-563,[87],88]],[0,"5avWDg+oJHbKqZTQ7jEE4N",1,0],[5,81,82],[0,0,0,0,0,0,1,0.4,0.4,1]],[2,"star_win",6,[-564],[0,"20wbm6/jFEZ6vVDF47QYh9",1,0],[5,36.8,33.28],[-70,25.984,0,0,0,0,1,1,1,1]],[4,0,214,[93]],[2,"star_win",6,[-565],[0,"c6PggabwBIT5DlgyqPDIzz",1,0],[5,36.8,33.28],[-33.2,25.984,0,0,0,0,1,1,1,1]],[4,0,216,[94]],[2,"star_win",6,[-566],[0,"a4W5+yZ9RAWozMmq0s6jjR",1,0],[5,36.8,33.28],[3.6,25.984,0,0,0,0,1,1,1,1]],[4,0,218,[95]],[23,21,203,212,201,78,77,81,22,[207,209,211],[215,217,219],205,79],[20,"zw002",43,[-567],[0,"3bTTiSfHtGvYK9PERnaRKZ",1,0],[4,4278190080],[5,82,78]],[5,221,[98]],[21,"lv_img1",false,7,[-568],[0,"84+NUd2EhI5qEFHXAYjkeN",1,0],[5,200,152],[-1,75,0,0,0,0,1,1,1,1]],[5,223,[105]],[2,"zombieImg",7,[-569],[0,"85g5KP0NxEH5h9oHp2XSg2",1,0],[5,241,241],[25,65,0,0,0,0,1,0.5,0.5,1]],[5,225,[108]],[2,"star_black",7,[-570],[0,"06sTL5dmZBvIwKhCjCc2g5",1,0],[5,36.8,33.28],[-70,25.984,0,0,0,0,1,1,1,1]],[4,0,227,[109]],[2,"star_black",7,[-571],[0,"62pACrNwBPh6psfvsfcVjz",1,0],[5,36.8,33.28],[-33.2,25.984,0,0,0,0,1,1,1,1]],[4,0,229,[110]],[2,"star_black",7,[-572],[0,"0frsZBVsZNPIIQW5cWQYlV",1,0],[5,36.8,33.28],[3.6,25.984,0,0,0,0,1,1,1,1]],[4,0,231,[111]],[22,"关卡1",30,30,false,1,1,88,[112]],[3,"powerIcon",91,[[1,-573,[117],118]],[0,"5eEwDcavpOxLINak9A7/NN",1,0],[5,81,82],[0,0,0,0,0,0,1,0.4,0.4,1]],[2,"star_win",7,[-574],[0,"c3yU/lTIlIirSZtPf7rREg",1,0],[5,36.8,33.28],[-70,25.984,0,0,0,0,1,1,1,1]],[4,0,235,[123]],[2,"star_win",7,[-575],[0,"676SqMp2dMYrfw6FFeeHuz",1,0],[5,36.8,33.28],[-33.2,25.984,0,0,0,0,1,1,1,1]],[4,0,237,[124]],[2,"star_win",7,[-576],[0,"71Q7vhPiBDMoE3qtYWbbFp",1,0],[5,36.8,33.28],[3.6,25.984,0,0,0,0,1,1,1,1]],[4,0,239,[125]],[23,23,224,233,222,86,85,89,24,[228,230,232],[236,238,240],226,87],[20,"zw002",44,[-577],[0,"9cXzPKEsVMMrj4fHEqLoQ9",1,0],[4,4278190080],[5,82,78]],[5,242,[128]],[21,"lv_img1",false,2,[-578],[0,"a9+uZHPnxOr5Yj6S0qLk/7",1,0],[5,200,152],[-1,75,0,0,0,0,1,1,1,1]],[5,244,[135]],[3,"card_equip",2,[[1,-579,[138],139]],[0,"86gCwjDaNOvYci2KrFAjKV",1,0],[5,127,66],[0,172,0,0,0,0,1,1,1,1]],[2,"zombieImg",2,[-580],[0,"eeLQv2Ym5Kf7PEr3J11ROx",1,0],[5,241,241],[25,65,0,0,0,0,1,0.5,0.5,1]],[5,247,[140]],[2,"star_black",2,[-581],[0,"c6QOUPkyxBobOC354BXRMU",1,0],[5,36.8,33.28],[-70,25.984,0,0,0,0,1,1,1,1]],[4,0,249,[141]],[2,"star_black",2,[-582],[0,"31o/zgd+ZPkoU5bGjaUoZ1",1,0],[5,36.8,33.28],[-33.2,25.984,0,0,0,0,1,1,1,1]],[4,0,251,[142]],[2,"star_black",2,[-583],[0,"e7dYxTI0ZI37GP2y5NhU6j",1,0],[5,36.8,33.28],[3.6,25.984,0,0,0,0,1,1,1,1]],[4,0,253,[143]],[22,"关卡1",30,30,false,1,1,96,[144]],[3,"powerIcon",99,[[1,-584,[149],150]],[0,"81vQTn9QxMp6ZTYAms+xzC",1,0],[5,81,82],[0,0,0,0,0,0,1,0.4,0.4,1]],[2,"star_win",2,[-585],[0,"88xoklBRNOArhNQQSEKhyP",1,0],[5,36.8,33.28],[-70,25.984,0,0,0,0,1,1,1,1]],[4,0,257,[155]],[2,"star_win",2,[-586],[0,"6boBg9adVAqrrZfMjd5bPb",1,0],[5,36.8,33.28],[-33.2,25.984,0,0,0,0,1,1,1,1]],[4,0,259,[156]],[2,"star_win",2,[-587],[0,"d1eiLYPydOPb1ZEQEYU8pJ",1,0],[5,36.8,33.28],[3.6,25.984,0,0,0,0,1,1,1,1]],[4,0,261,[157]],[23,25,245,255,243,94,93,97,26,[250,252,254],[258,260,262],248,95],[20,"zw002",45,[-588],[0,"1fszb6JGhHp7jRZ44JKo3Z",1,0],[4,4278190080],[5,82,78]],[5,264,[160]],[21,"lv_img1",false,8,[-589],[0,"a4p8ZNrJxB/plcTEF+dKVj",1,0],[5,200,152],[-1,75,0,0,0,0,1,1,1,1]],[5,266,[167]],[2,"zombieImg",8,[-590],[0,"94R9GLrStDZqV99A01GWGW",1,0],[5,241,241],[25,65,0,0,0,0,1,0.5,0.5,1]],[5,268,[170]],[2,"star_black",8,[-591],[0,"a6xvjlrzVKY5I99ix1aeJY",1,0],[5,36.8,33.28],[-70,25.984,0,0,0,0,1,1,1,1]],[4,0,270,[171]],[2,"star_black",8,[-592],[0,"b8II2iDtlA76p++Nikyu7A",1,0],[5,36.8,33.28],[-33.2,25.984,0,0,0,0,1,1,1,1]],[4,0,272,[172]],[2,"star_black",8,[-593],[0,"25f2mUv01M0quHczYf5pzK",1,0],[5,36.8,33.28],[3.6,25.984,0,0,0,0,1,1,1,1]],[4,0,274,[173]],[22,"关卡1",30,30,false,1,1,104,[174]],[3,"powerIcon",107,[[1,-594,[179],180]],[0,"0eOtSnILdC1ZTQgCiCj2pX",1,0],[5,81,82],[0,0,0,0,0,0,1,0.4,0.4,1]],[2,"star_win",8,[-595],[0,"9276TElslBi7+Mup09yDkN",1,0],[5,36.8,33.28],[-70,25.984,0,0,0,0,1,1,1,1]],[4,0,278,[185]],[2,"star_win",8,[-596],[0,"62Bt+/cNhBeK1VOi9abTbz",1,0],[5,36.8,33.28],[-33.2,25.984,0,0,0,0,1,1,1,1]],[4,0,280,[186]],[2,"star_win",8,[-597],[0,"caI/xmufdFjYG0dSilv7K4",1,0],[5,36.8,33.28],[3.6,25.984,0,0,0,0,1,1,1,1]],[4,0,282,[187]],[23,27,267,276,265,102,101,105,28,[271,273,275],[279,281,283],269,103],[20,"zw002",46,[-598],[0,"95o4uqLmdKq7lBA4dRPfik",1,0],[4,4278190080],[5,82,78]],[5,285,[190]],[21,"lv_img1",false,9,[-599],[0,"45AiPD6k9GPLal5SHuK1tt",1,0],[5,200,152],[-1,75,0,0,0,0,1,1,1,1]],[5,287,[197]],[2,"zombieImg",9,[-600],[0,"63MvX2VYFCgohMX4jn4ds+",1,0],[5,241,241],[25,65,0,0,0,0,1,0.5,0.5,1]],[5,289,[200]],[2,"star_black",9,[-601],[0,"d9k7KX6ytL0rbQDMZ6U8vh",1,0],[5,36.8,33.28],[-70,25.984,0,0,0,0,1,1,1,1]],[4,0,291,[201]],[2,"star_black",9,[-602],[0,"09kztiY5VB5LSyV+MVO+m9",1,0],[5,36.8,33.28],[-33.2,25.984,0,0,0,0,1,1,1,1]],[4,0,293,[202]],[2,"star_black",9,[-603],[0,"fas9vMtjhLvpXUtabco/gK",1,0],[5,36.8,33.28],[3.6,25.984,0,0,0,0,1,1,1,1]],[4,0,295,[203]],[22,"关卡1",30,30,false,1,1,112,[204]],[3,"powerIcon",115,[[1,-604,[209],210]],[0,"67681x6LtJuLsVMG82wEwl",1,0],[5,81,82],[0,0,0,0,0,0,1,0.4,0.4,1]],[2,"star_win",9,[-605],[0,"75n+FJ59NFLppdddSkBgRh",1,0],[5,36.8,33.28],[-70,25.984,0,0,0,0,1,1,1,1]],[4,0,299,[215]],[2,"star_win",9,[-606],[0,"01ZYLS4npFCKMAVqhD/3/W",1,0],[5,36.8,33.28],[-33.2,25.984,0,0,0,0,1,1,1,1]],[4,0,301,[216]],[2,"star_win",9,[-607],[0,"997Wnydm9K3IVNieEZ3lL9",1,0],[5,36.8,33.28],[3.6,25.984,0,0,0,0,1,1,1,1]],[4,0,303,[217]],[23,29,288,297,286,110,109,113,30,[292,294,296],[300,302,304],290,111],[20,"zw002",47,[-608],[0,"f6/xb6CbFBxIXxDPzRakUE",1,0],[4,4278190080],[5,82,78]],[5,306,[220]],[21,"lv_img1",false,10,[-609],[0,"09d3hb6TdEIJoSOfAdxhPC",1,0],[5,200,152],[-1,75,0,0,0,0,1,1,1,1]],[5,308,[227]],[2,"zombieImg",10,[-610],[0,"66FmsLyJ9PSLxX70W6cdVY",1,0],[5,241,241],[25,65,0,0,0,0,1,0.5,0.5,1]],[5,310,[230]],[2,"star_black",10,[-611],[0,"7ex9M+rZREa7Jdm+jy1HZM",1,0],[5,36.8,33.28],[-70,25.984,0,0,0,0,1,1,1,1]],[4,0,312,[231]],[2,"star_black",10,[-612],[0,"abqPhsjKVI1KyW9igKYRxH",1,0],[5,36.8,33.28],[-33.2,25.984,0,0,0,0,1,1,1,1]],[4,0,314,[232]],[2,"star_black",10,[-613],[0,"cd1Sd4DF5GJKL0PycVeiQI",1,0],[5,36.8,33.28],[3.6,25.984,0,0,0,0,1,1,1,1]],[4,0,316,[233]],[22,"关卡1",30,30,false,1,1,120,[234]],[3,"powerIcon",123,[[1,-614,[239],240]],[0,"88ylBp/VJIjLBu4PBWbLpV",1,0],[5,81,82],[0,0,0,0,0,0,1,0.4,0.4,1]],[2,"star_win",10,[-615],[0,"c39RGeuaVGObSO5xXWbJyP",1,0],[5,36.8,33.28],[-70,25.984,0,0,0,0,1,1,1,1]],[4,0,320,[245]],[2,"star_win",10,[-616],[0,"daY1swQaJDBamjulxZ4yvb",1,0],[5,36.8,33.28],[-33.2,25.984,0,0,0,0,1,1,1,1]],[4,0,322,[246]],[2,"star_win",10,[-617],[0,"e5WAB4hzFKh6RtRAI2l8gH",1,0],[5,36.8,33.28],[3.6,25.984,0,0,0,0,1,1,1,1]],[4,0,324,[247]],[23,31,309,318,307,118,117,121,32,[313,315,317],[321,323,325],311,119],[20,"zw002",48,[-618],[0,"66GKcor4xFPbvDjLzNnLHd",1,0],[4,4278190080],[5,82,78]],[5,327,[250]],[21,"lv_img1",false,11,[-619],[0,"b0UdInz19Kc6wk6UpF5OpZ",1,0],[5,200,152],[-1,75,0,0,0,0,1,1,1,1]],[5,329,[257]],[2,"zombieImg",11,[-620],[0,"6fwkGoGphACqqEB5OxmXQT",1,0],[5,241,241],[25,65,0,0,0,0,1,0.5,0.5,1]],[5,331,[260]],[2,"star_black",11,[-621],[0,"00ynFusMNIYqSXx0juEo5C",1,0],[5,36.8,33.28],[-70,25.984,0,0,0,0,1,1,1,1]],[4,0,333,[261]],[2,"star_black",11,[-622],[0,"effy64ZtFN45Yy1Bkqqr63",1,0],[5,36.8,33.28],[-33.2,25.984,0,0,0,0,1,1,1,1]],[4,0,335,[262]],[2,"star_black",11,[-623],[0,"e1Ue6lFc5HlphFq5iUG5wp",1,0],[5,36.8,33.28],[3.6,25.984,0,0,0,0,1,1,1,1]],[4,0,337,[263]],[22,"关卡1",30,30,false,1,1,128,[264]],[3,"powerIcon",131,[[1,-624,[269],270]],[0,"f66tV44WhC/YLm8rigk08I",1,0],[5,81,82],[0,0,0,0,0,0,1,0.4,0.4,1]],[2,"star_win",11,[-625],[0,"6aYuC62PZJjpLCyxOop/+g",1,0],[5,36.8,33.28],[-70,25.984,0,0,0,0,1,1,1,1]],[4,0,341,[275]],[2,"star_win",11,[-626],[0,"dezd5seGFIsosAVO6+e9fh",1,0],[5,36.8,33.28],[-33.2,25.984,0,0,0,0,1,1,1,1]],[4,0,343,[276]],[2,"star_win",11,[-627],[0,"2565DIeF9ABKh6PXs/HtO3",1,0],[5,36.8,33.28],[3.6,25.984,0,0,0,0,1,1,1,1]],[4,0,345,[277]],[23,33,330,339,328,126,125,129,34,[334,336,338],[342,344,346],332,127],[20,"zw002",49,[-628],[0,"5adOBGbWJBKLHj7VsCPf2h",1,0],[4,4278190080],[5,82,78]],[5,348,[280]],[21,"lv_img1",false,3,[-629],[0,"8aNH0K/P5Ml6NXgzCoyR3q",1,0],[5,200,152],[-1,75,0,0,0,0,1,1,1,1]],[5,350,[287]],[3,"card_equip",3,[[1,-630,[290],291]],[0,"a3HiMAIW5GzpHveqiyG1ij",1,0],[5,127,66],[0,172,0,0,0,0,1,1,1,1]],[2,"zombieImg",3,[-631],[0,"85SlCwBVhHrp+jpm4aUTDt",1,0],[5,241,241],[25,65,0,0,0,0,1,0.5,0.5,1]],[5,353,[292]],[2,"star_black",3,[-632],[0,"e9NQnzn2VLSrsv9QTJGjkC",1,0],[5,36.8,33.28],[-70,25.984,0,0,0,0,1,1,1,1]],[4,0,355,[293]],[2,"star_black",3,[-633],[0,"bdKK01PzxC1aRbPMD1Ct4H",1,0],[5,36.8,33.28],[-33.2,25.984,0,0,0,0,1,1,1,1]],[4,0,357,[294]],[2,"star_black",3,[-634],[0,"47WmxOA5dO4JXvcFNL4Bur",1,0],[5,36.8,33.28],[3.6,25.984,0,0,0,0,1,1,1,1]],[4,0,359,[295]],[22,"关卡1",30,30,false,1,1,136,[296]],[3,"powerIcon",139,[[1,-635,[301],302]],[0,"e9Am+Qa09CXqtAROnNgbAn",1,0],[5,81,82],[0,0,0,0,0,0,1,0.4,0.4,1]],[2,"star_win",3,[-636],[0,"e077owZv5PHZ7ecNYVKbni",1,0],[5,36.8,33.28],[-70,25.984,0,0,0,0,1,1,1,1]],[4,0,363,[307]],[2,"star_win",3,[-637],[0,"c9ucp2zPtJ54eHp/Xlrixe",1,0],[5,36.8,33.28],[-33.2,25.984,0,0,0,0,1,1,1,1]],[4,0,365,[308]],[2,"star_win",3,[-638],[0,"55MCxrOl5H5KyMt/9hYgt8",1,0],[5,36.8,33.28],[3.6,25.984,0,0,0,0,1,1,1,1]],[4,0,367,[309]],[23,35,351,361,349,134,133,137,36,[356,358,360],[364,366,368],354,135],[54,false,0.75,0.1,null,null,53,[[8,"bba8c5B9RRFXqNBbFGtKCA0","scrollEvent",1]],12],[5,141,[316]],[24,"lv_imgBtNode",13,[0,"adKyQmi/xGmo78oQsaA1X9",1,0],[5,132,102],[-316,-213,0,0,0,0,1,1,1,1]],[5,142,[317]],[24,"lv_imgHyBtnNode",13,[0,"39sAk3UclHZYaOG0eElo4U",1,0],[5,148,71],[-176,-205,0,0,0,0,1,1,1,1]],[5,143,[318]],[24,"lv_imgYcBtnNode",13,[0,"8anQmfgfxEWL/NNy4xYXFW",1,0],[5,138,69],[-51,-153,0,0,0,0,1,1,1,1]],[5,144,[319]],[24,"lv_imgWyBtnNode",13,[0,"c9wd6ld2lPRYwFqKqeHRKp",1,0],[5,121,94],[77,-178,0,0,0,0,1,1,1,1]],[5,145,[320]],[24,"lv_imgWdBtnNode",13,[0,"55gq+VZnFPEr0/BIq9uLkb",1,0],[5,109,84],[206,-175,0,0,0,0,1,1,1,1]],[28,"lv_imgJt",37,[[1,-639,[321],322]],[0,"a5bfebbStJQKl7GC/RxxEV",1,0],[5,81,63]],[3,"win_star",38,[[1,-640,[325],326]],[0,"2bcp8cNPZEAKbj0ho6z4UY",1,0],[5,115,104],[-110,-1,0,0,0,0,1,0.79,0.79,1]],[2,"star_count",38,[-641],[0,"bdOMmZBSNOfLatndDif75/",1,0],[5,107.05,47.88],[15,0,0,0,0,0,1,1,1,1]],[34,"0/1234",35,38,1,1,383,[327]],[3,"sign_btn",14,[[1,-642,[330],331]],[0,"4daVwJZsFPWJLrC4R6+4hw",1,0],[5,79,73],[3.543,12.914,0,0,0,0,1,1,1,1]],[52,"录屏",22,28,false,1,1,2,147,[332]],[3,"byte_8",56,[[1,-643,[335],336]],[0,"37jTNDFI9NaI6Kh1sSR5eN",1,0],[5,94,55],[-0.871,5.057,0,0,0,0,1,1,1,1]],[3,"part2_normal",39,[[1,-644,[341],342]],[0,"d2vfT/u5RLwoVybmSUk3J1",1,0],[5,98,42],[-1,0,0,0,0,0,1,1,1,1]],[3,"tip",57,[[1,-645,[345],346]],[0,"c4Ns2pxKpDnLQjxu8V0FHV",1,0],[5,38,52],[3.459,6.918,0,0,0,0,1,1,1,1]],[28,"part1_normal",50,[[1,-646,[351],352]],[0,"37E1NpRP9OZZT5f/yPD56W",1,0],[5,98,43]],[3,"sign_btn",15,[[1,-647,[357],358]],[0,"fa7Ycp1kxDnqUn80Bv9+Tn",1,0],[5,113,97],[0,5.721,0,0,0,0,1,1,1,1]],[3,"redTip",58,[[1,-648,[363],364]],[0,"6b5U6p9wBOH4mMWLm0u/26",1,0],[5,38,52],[3.459,6.918,0,0,0,0,1,1,1,1]],[3,"power_add",59,[[1,-649,[371],372]],[0,"e8OFdtTkRN2LdrFmRxiy3t",1,0],[5,30,30],[-46.352,1.393,0,0,0,0,1,1,1,1]],[39,"power_left",59,[-650],[0,"8eEJPQ1UVOG5kH2kububb1",1,0],[5,0,25.2],[0,1,0.5],[24.352,1.062,0,0,0,0,1,1,1,1]],[53,20,20,1,1,394,[373]],[2,"power_lab",16,[-651],[0,"45yABY4Y9OgozEkx+d2SQH",1,0],[5,87.59,47.88],[-4,0,0,0,0,0,1,1,1,1]],[34,"15/20",35,38,1,1,396,[376]]],0,[0,6,1,0,0,1,0,0,1,0,7,16,0,8,57,0,9,14,0,10,38,0,11,37,0,12,13,0,13,149,0,14,150,0,15,39,0,16,50,0,17,52,0,18,51,0,19,55,0,20,12,0,21,370,0,-1,178,0,-2,199,0,-3,220,0,-4,241,0,-5,263,0,-6,284,0,-7,305,0,-8,326,0,-9,347,0,-10,369,0,22,384,0,23,145,0,24,144,0,25,143,0,26,142,0,27,141,0,28,15,0,-1,371,0,-2,373,0,-3,375,0,-4,377,0,-5,379,0,-1,372,0,-2,374,0,-3,376,0,-4,378,0,-5,380,0,0,1,0,-1,51,0,-2,52,0,-3,157,0,-4,13,0,-5,37,0,-6,38,0,-7,14,0,-8,148,0,-9,15,0,-10,16,0,0,2,0,-1,44,0,-2,244,0,-3,95,0,-4,246,0,-5,247,0,-6,249,0,-7,251,0,-8,253,0,-9,96,0,-10,97,0,-11,26,0,-12,257,0,-13,259,0,-14,261,0,0,3,0,-1,49,0,-2,350,0,-3,135,0,-4,352,0,-5,353,0,-6,355,0,-7,357,0,-8,359,0,-9,136,0,-10,137,0,-11,36,0,-12,363,0,-13,365,0,-14,367,0,0,4,0,-1,40,0,-2,160,0,-3,63,0,-4,162,0,-5,164,0,-6,166,0,-7,168,0,-8,64,0,-9,65,0,-10,18,0,-11,172,0,-12,174,0,-13,176,0,0,5,0,-1,41,0,-2,181,0,-3,71,0,-4,183,0,-5,185,0,-6,187,0,-7,189,0,-8,72,0,-9,73,0,-10,20,0,-11,193,0,-12,195,0,-13,197,0,0,6,0,-1,42,0,-2,202,0,-3,79,0,-4,204,0,-5,206,0,-6,208,0,-7,210,0,-8,80,0,-9,81,0,-10,22,0,-11,214,0,-12,216,0,-13,218,0,0,7,0,-1,43,0,-2,223,0,-3,87,0,-4,225,0,-5,227,0,-6,229,0,-7,231,0,-8,88,0,-9,89,0,-10,24,0,-11,235,0,-12,237,0,-13,239,0,0,8,0,-1,45,0,-2,266,0,-3,103,0,-4,268,0,-5,270,0,-6,272,0,-7,274,0,-8,104,0,-9,105,0,-10,28,0,-11,278,0,-12,280,0,-13,282,0,0,9,0,-1,46,0,-2,287,0,-3,111,0,-4,289,0,-5,291,0,-6,293,0,-7,295,0,-8,112,0,-9,113,0,-10,30,0,-11,299,0,-12,301,0,-13,303,0,0,10,0,-1,47,0,-2,308,0,-3,119,0,-4,310,0,-5,312,0,-6,314,0,-7,316,0,-8,120,0,-9,121,0,-10,32,0,-11,320,0,-12,322,0,-13,324,0,0,11,0,-1,48,0,-2,329,0,-3,127,0,-4,331,0,-5,333,0,-6,335,0,-7,337,0,-8,128,0,-9,129,0,-10,34,0,-11,341,0,-12,343,0,-13,345,0,0,12,0,-1,17,0,-2,19,0,-3,21,0,-4,23,0,-5,25,0,-6,27,0,-7,29,0,-8,31,0,-9,33,0,-10,35,0,-1,55,0,-2,141,0,-3,372,0,-4,142,0,-5,374,0,-6,143,0,-7,376,0,-8,144,0,-9,378,0,-10,145,0,-11,380,0,0,14,0,5,14,0,0,14,0,29,56,0,30,386,0,0,14,0,0,14,0,-1,385,0,-2,146,0,-3,56,0,0,15,0,0,15,0,31,58,0,0,15,0,0,15,0,-1,391,0,-2,151,0,-3,58,0,0,16,0,0,16,0,32,395,0,33,60,0,34,397,0,0,16,0,-1,153,0,-2,59,0,-3,396,0,-4,60,0,-1,178,0,5,17,0,0,17,0,0,18,0,0,18,0,-1,66,0,-2,67,0,-1,199,0,5,19,0,0,19,0,0,20,0,0,20,0,-1,74,0,-2,75,0,-1,220,0,5,21,0,0,21,0,0,22,0,0,22,0,-1,82,0,-2,83,0,-1,241,0,5,23,0,0,23,0,0,24,0,0,24,0,-1,90,0,-2,91,0,-1,263,0,5,25,0,0,25,0,0,26,0,0,26,0,-1,98,0,-2,99,0,-1,284,0,5,27,0,0,27,0,0,28,0,0,28,0,-1,106,0,-2,107,0,-1,305,0,5,29,0,0,29,0,0,30,0,0,30,0,-1,114,0,-2,115,0,-1,326,0,5,31,0,0,31,0,0,32,0,0,32,0,-1,122,0,-2,123,0,-1,347,0,5,33,0,0,33,0,0,34,0,0,34,0,-1,130,0,-2,131,0,-1,369,0,5,35,0,0,35,0,0,36,0,0,36,0,-1,138,0,-2,139,0,0,37,0,0,37,0,0,37,0,-1,381,0,0,38,0,0,38,0,-1,382,0,-2,383,0,0,39,0,-1,388,0,-2,149,0,-3,57,0,0,40,0,-1,158,0,-2,61,0,-3,62,0,0,41,0,-1,179,0,-2,69,0,-3,70,0,0,42,0,-1,200,0,-2,77,0,-3,78,0,0,43,0,-1,221,0,-2,85,0,-3,86,0,0,44,0,-1,242,0,-2,93,0,-3,94,0,0,45,0,-1,264,0,-2,101,0,-3,102,0,0,46,0,-1,285,0,-2,109,0,-3,110,0,0,47,0,-1,306,0,-2,117,0,-3,118,0,0,48,0,-1,327,0,-2,125,0,-3,126,0,0,49,0,-1,348,0,-2,133,0,-3,134,0,0,50,0,-1,390,0,-2,150,0,0,51,0,-1,155,0,0,52,0,-1,156,0,0,53,0,-2,370,0,-1,54,0,0,54,0,0,54,0,0,55,0,0,55,0,0,56,0,-1,387,0,0,57,0,-1,389,0,0,58,0,-1,392,0,0,59,0,-1,393,0,-2,394,0,0,60,0,-1,154,0,0,61,0,0,62,0,0,63,0,-1,170,0,0,64,0,0,65,0,0,66,0,0,66,0,-1,171,0,-2,68,0,0,68,0,0,68,0,0,69,0,0,70,0,0,71,0,-1,191,0,0,72,0,0,73,0,0,74,0,0,74,0,-1,192,0,-2,76,0,0,76,0,0,76,0,0,77,0,0,78,0,0,79,0,-1,212,0,0,80,0,0,81,0,0,82,0,0,82,0,-1,213,0,-2,84,0,0,84,0,0,84,0,0,85,0,0,86,0,0,87,0,-1,233,0,0,88,0,0,89,0,0,90,0,0,90,0,-1,234,0,-2,92,0,0,92,0,0,92,0,0,93,0,0,94,0,0,95,0,-1,255,0,0,96,0,0,97,0,0,98,0,0,98,0,-1,256,0,-2,100,0,0,100,0,0,100,0,0,101,0,0,102,0,0,103,0,-1,276,0,0,104,0,0,105,0,0,106,0,0,106,0,-1,277,0,-2,108,0,0,108,0,0,108,0,0,109,0,0,110,0,0,111,0,-1,297,0,0,112,0,0,113,0,0,114,0,0,114,0,-1,298,0,-2,116,0,0,116,0,0,116,0,0,117,0,0,118,0,0,119,0,-1,318,0,0,120,0,0,121,0,0,122,0,0,122,0,-1,319,0,-2,124,0,0,124,0,0,124,0,0,125,0,0,126,0,0,127,0,-1,339,0,0,128,0,0,129,0,0,130,0,0,130,0,-1,340,0,-2,132,0,0,132,0,0,132,0,0,133,0,0,134,0,0,135,0,-1,361,0,0,136,0,0,137,0,0,138,0,0,138,0,-1,362,0,-2,140,0,0,140,0,0,140,0,-1,371,0,-1,373,0,-1,375,0,-1,377,0,-1,379,0,0,146,0,-1,147,0,-1,386,0,0,147,0,0,149,0,0,150,0,0,151,0,-1,152,0,0,152,0,0,152,0,0,153,0,0,153,0,0,154,0,0,154,0,0,155,0,0,156,0,-1,159,0,-1,161,0,-1,163,0,-1,165,0,-1,167,0,-1,169,0,0,171,0,-1,173,0,-1,175,0,-1,177,0,-1,180,0,-1,182,0,-1,184,0,-1,186,0,-1,188,0,-1,190,0,0,192,0,-1,194,0,-1,196,0,-1,198,0,-1,201,0,-1,203,0,-1,205,0,-1,207,0,-1,209,0,-1,211,0,0,213,0,-1,215,0,-1,217,0,-1,219,0,-1,222,0,-1,224,0,-1,226,0,-1,228,0,-1,230,0,-1,232,0,0,234,0,-1,236,0,-1,238,0,-1,240,0,-1,243,0,-1,245,0,0,246,0,-1,248,0,-1,250,0,-1,252,0,-1,254,0,0,256,0,-1,258,0,-1,260,0,-1,262,0,-1,265,0,-1,267,0,-1,269,0,-1,271,0,-1,273,0,-1,275,0,0,277,0,-1,279,0,-1,281,0,-1,283,0,-1,286,0,-1,288,0,-1,290,0,-1,292,0,-1,294,0,-1,296,0,0,298,0,-1,300,0,-1,302,0,-1,304,0,-1,307,0,-1,309,0,-1,311,0,-1,313,0,-1,315,0,-1,317,0,0,319,0,-1,321,0,-1,323,0,-1,325,0,-1,328,0,-1,330,0,-1,332,0,-1,334,0,-1,336,0,-1,338,0,0,340,0,-1,342,0,-1,344,0,-1,346,0,-1,349,0,-1,351,0,0,352,0,-1,354,0,-1,356,0,-1,358,0,-1,360,0,0,362,0,-1,364,0,-1,366,0,-1,368,0,0,381,0,0,382,0,-1,384,0,0,385,0,0,387,0,0,388,0,0,389,0,0,390,0,0,391,0,0,392,0,0,393,0,-1,395,0,-1,397,0,35,1,2,4,25,3,4,35,4,4,17,5,4,19,6,4,21,7,4,23,8,4,27,9,4,29,10,4,31,11,4,33,12,4,54,39,4,148,50,4,148,53,4,157,651],[0,0,0,0,0,0,0,0,0,0,0,0,0,0,0,0,0,0,0,0,0,0,0,0,0,0,0,0,0,0,0,0,0,0,0,0,0,0,0,0,0,0,0,0,0,0,0,0,0,0,0,0,0,0,0,0,0,0,0,0,0,0,0,0,0,0,0,0,0,0,0,0,0,0,0,0,0,0,0,0,0,0,0,0,0,0,0,0,0,0,0,0,0,0,0,0,0,0,0,0,0,0,0,0,0,0,0,0,0,0,0,0,0,0,0,0,0,0,0,0,0,0,0,0,0,0,0,0,0,0,0,0,0,0,0,0,0,0,0,0,0,0,0,0,0,0,0,0,0,0,0,0,0,0,0,0,0,0,0,0,0,0,0,0,0,0,0,0,0,0,0,0,0,0,0,0,0,0,0,0,0,0,0,0,0,0,0,0,0,0,0,0,0,0,0,0,0,0,0,0,0,0,0,0,0,0,0,0,0,0,0,0,0,0,0,0,0,0,0,0,0,0,0,0,0,0,0,0,0,0,0,0,0,0,0,0,0,0,0,0,0,0,0,0,0,0,0,0,0,0,0,0,0,0,0,0,0,0,0,0,0,0,0,0,0,0,0,0,0,0,0,0,0,0,0,0,0,0,0,0,0,0,0,0,0,0,0,0,0,0,0,0,0,0,0,0,0,0,0,0,0,0,0,0,0,0,0,0,0,0,0,0,0,0,0,0,0,0,0,0,0,0,0,0,0,0,0,0,0,0,0,0,0,0,0,0,0,0,0,0,0,0,0,0,0,0,0,0,0,0,0,0,0,0,0,0,0,0,0,0,0,0,0,0,0,0,0,0,0,0,0,0,0,0,0,0,0,0,0,0,0,0,0,0,0,0,0,0,0,0,0,0,0,159,161,163,165,167,169,170,173,175,177,180,182,184,186,188,190,191,194,196,198,201,203,205,207,209,211,212,215,217,219,222,224,226,228,230,232,233,236,238,240,243,245,248,250,252,254,255,258,260,262,265,267,269,271,273,275,276,279,281,283,286,288,290,292,294,296,297,300,302,304,307,309,311,313,315,317,318,321,323,325,328,330,332,334,336,338,339,342,344,346,349,351,354,356,358,360,361,364,366,368,371,373,375,377,379,386],[-1,1,-1,1,-1,1,-1,1,-1,-1,1,-1,1,-1,1,-1,-1,1,-1,-1,-1,-1,-1,-1,1,-1,2,-1,1,-1,2,-1,1,-1,-1,-1,-1,1,-1,-1,1,-1,1,-1,1,-1,-1,1,-1,-1,-1,-1,-1,-1,1,-1,2,-1,1,-1,2,-1,1,-1,-1,-1,-1,1,-1,-1,1,-1,1,-1,1,-1,-1,1,-1,-1,-1,-1,-1,-1,1,-1,2,-1,1,-1,2,-1,1,-1,-1,-1,-1,1,-1,-1,1,-1,1,-1,1,-1,-1,1,-1,-1,-1,-1,-1,-1,1,-1,2,-1,1,-1,2,-1,1,-1,-1,-1,-1,1,-1,-1,1,-1,1,-1,1,-1,-1,1,-1,1,-1,-1,-1,-1,-1,-1,1,-1,2,-1,1,-1,2,-1,1,-1,-1,-1,-1,1,-1,-1,1,-1,1,-1,1,-1,-1,1,-1,-1,-1,-1,-1,-1,1,-1,2,-1,1,-1,2,-1,1,-1,-1,-1,-1,1,-1,-1,1,-1,1,-1,1,-1,-1,1,-1,-1,-1,-1,-1,-1,1,-1,2,-1,1,-1,2,-1,1,-1,-1,-1,-1,1,-1,-1,1,-1,1,-1,1,-1,-1,1,-1,-1,-1,-1,-1,-1,1,-1,2,-1,1,-1,2,-1,1,-1,-1,-1,-1,1,-1,-1,1,-1,1,-1,1,-1,-1,1,-1,-1,-1,-1,-1,-1,1,-1,2,-1,1,-1,2,-1,1,-1,-1,-1,-1,1,-1,-1,1,-1,1,-1,1,-1,-1,1,-1,1,-1,-1,-1,-1,-1,-1,1,-1,2,-1,1,-1,2,-1,1,-1,-1,-1,-1,1,-1,-1,-1,1,-1,-1,-1,-1,-1,-1,1,-1,1,-1,1,-1,-1,1,-1,1,-1,-1,1,-1,1,-1,1,-1,1,-1,1,-1,1,-1,1,-1,1,-1,1,-1,1,-1,1,-1,1,-1,1,-1,2,-1,1,-1,1,-1,1,-1,1,-1,1,-1,1,-1,-1,1,-1,-1,2,-1,1,-1,1,-1,-2,-3,-4,-5,-6,-7,-8,-9,-10,1,1,1,1,1,1,2,1,1,1,1,1,1,1,1,1,2,1,1,1,1,1,1,1,1,1,2,1,1,1,1,1,1,1,1,1,2,1,1,1,1,1,1,1,1,1,2,1,1,1,1,1,1,1,1,1,2,1,1,1,1,1,1,1,1,1,2,1,1,1,1,1,1,1,1,1,2,1,1,1,1,1,1,1,1,1,2,1,1,1,1,1,1,1,1,1,2,1,1,1,1,1,1,1,1,2],[0,19,0,31,0,19,0,32,0,0,6,0,7,0,8,0,0,9,0,0,0,0,0,0,10,0,1,0,5,0,1,0,11,0,0,0,0,12,0,0,6,0,7,0,8,0,0,9,0,0,0,0,0,0,10,0,1,0,5,0,1,0,11,0,0,0,0,12,0,0,6,0,7,0,8,0,0,9,0,0,0,0,0,0,10,0,1,0,5,0,1,0,11,0,0,0,0,12,0,0,6,0,7,0,8,0,0,9,0,0,0,0,0,0,10,0,1,0,5,0,1,0,11,0,0,0,0,12,0,0,6,0,7,0,8,0,0,9,0,20,0,0,0,0,0,0,10,0,1,0,5,0,1,0,11,0,0,0,0,12,0,0,6,0,7,0,8,0,0,9,0,0,0,0,0,0,10,0,1,0,5,0,1,0,11,0,0,0,0,12,0,0,6,0,7,0,8,0,0,9,0,0,0,0,0,0,10,0,1,0,5,0,1,0,11,0,0,0,0,12,0,0,6,0,7,0,8,0,0,9,0,0,0,0,0,0,10,0,1,0,5,0,1,0,11,0,0,0,0,12,0,0,6,0,7,0,8,0,0,9,0,0,0,0,0,0,10,0,1,0,5,0,1,0,11,0,0,0,0,12,0,0,6,0,7,0,8,0,0,9,0,20,0,0,0,0,0,0,10,0,1,0,5,0,1,0,11,0,0,0,0,12,0,0,0,33,0,0,0,0,0,0,34,0,17,0,2,0,0,21,0,35,0,0,22,0,36,0,18,0,17,0,37,0,38,0,23,0,18,0,39,0,40,0,41,0,42,0,43,0,1,0,22,0,23,0,18,0,17,0,5,0,44,0,0,45,0,0,1,0,5,0,21,24,46,25,47,26,48,27,49,28,50,13,14,15,3,3,3,1,2,2,2,13,14,15,3,3,3,1,2,2,2,13,14,15,3,3,3,1,2,2,2,13,14,15,3,3,3,1,2,2,2,13,14,15,3,3,3,1,2,2,2,13,14,15,3,3,3,1,2,2,2,13,14,15,3,3,3,1,2,2,2,13,14,15,3,3,3,1,2,2,2,13,14,15,3,3,3,1,2,2,2,13,14,15,3,3,3,1,2,2,2,24,25,26,27,28,1]],[[{"name":"lv_imgHy1","rect":[566,944,148,74],"offset":[0,0],"originalSize":[148,74],"capInsets":[0,0,0,0]}],[0],0,[0],[3],[4]],[[{"name":"lv_imgYc1","rect":[434,147,138,70],"offset":[0,0],"originalSize":[138,70],"rotated":1,"capInsets":[0,0,0,0]}],[0],0,[0],[3],[16]],[[{"name":"lv_bg2","rect":[0,0,1680,720],"offset":[0,0],"originalSize":[1680,720],"capInsets":[0,0,0,0]}],[0],0,[0],[3],[51]],[[{"name":"part1_bg","rect":[348,222,118,72],"offset":[-1,0],"originalSize":[120,72],"rotated":1,"capInsets":[0,0,0,0]}],[0],0,[0],[3],[16]],[[{"name":"part2_select","rect":[160,962,112,56],"offset":[-2,1],"originalSize":[120,72],"capInsets":[0,0,0,0]}],[0],0,[0],[3],[4]],[[{"name":"lv_imgWy1","rect":[307,122,121,94],"offset":[0,0],"originalSize":[121,94],"capInsets":[0,0,0,0]}],[0],0,[0],[3],[16]],[[{"name":"lv_imgHy2","rect":[752,621,148,74],"offset":[0,0],"originalSize":[148,74],"capInsets":[0,0,0,0]}],[0],0,[0],[3],[4]],[[{"name":"belt","rect":[332,916,36,147],"offset":[0,0],"originalSize":[36,147],"rotated":1,"capInsets":[0,0,0,0]}],[0],0,[0],[3],[4]],[[{"name":"lv_imgWy2","rect":[3,174,121,94],"offset":[0,0],"originalSize":[121,94],"capInsets":[0,0,0,0]}],[0],0,[0],[3],[16]],[[{"name":"lv_imgBt2","rect":[911,3,132,102],"offset":[0,0],"originalSize":[132,102],"rotated":1,"capInsets":[0,0,0,0]}],[0],0,[0],[3],[4]],[[{"name":"lv_imgKuang","rect":[3,357,245,348],"offset":[0,0],"originalSize":[245,348],"capInsets":[0,0,0,0]}],[0],0,[0],[3],[4]],[[{"name":"part2_normal","rect":[695,3,98,42],"offset":[-2,1],"originalSize":[120,72],"rotated":1,"capInsets":[0,0,0,0]}],[0],0,[0],[3],[4]],[[{"name":"part2_bg","rect":[426,291,118,72],"offset":[1,0],"originalSize":[120,72],"rotated":1,"capInsets":[0,0,0,0]}],[0],0,[0],[3],[16]],[[{"name":"lv_handbk","rect":[852,879,140,163],"offset":[0,0],"originalSize":[140,163],"rotated":1,"capInsets":[0,0,0,0]}],[0],0,[0],[3],[4]],[[{"name":"lv_imgSelect","rect":[0,0,1612,332],"offset":[0,0],"originalSize":[1612,332],"capInsets":[0,0,0,0]}],[0],0,[0],[3],[52]],[[{"name":"card_equip","rect":[254,638,127,66],"offset":[0,0],"originalSize":[127,66],"capInsets":[0,0,0,0]}],[0],0,[0],[3],[4]],[[{"name":"lv_imgBt1","rect":[886,415,132,102],"offset":[0,0],"originalSize":[132,102],"capInsets":[0,0,0,0]}],[0],0,[0],[3],[4]],[[{"name":"lv_imgWd2","rect":[110,323,109,85],"offset":[0,1],"originalSize":[109,87],"capInsets":[0,0,0,0]}],[0],0,[0],[3],[16]]]]