[1,["ecpdLyjvZBwrvm+cedCcQy","afPAVFWGpI77ovpz/rVHLY","1930e3dc6"],["node","root","data","_spriteFrame","_textureSetter"],[["cc.Node",["_name","_components","_prefab","_children","_parent","_contentSize"],2,9,4,2,1,5],["cc.PrefabInfo",["fileId","root","asset"],2,1,1],"cc.SpriteFrame",["cc.Prefab",["_name"],2],["7cbbcdIxOBLtofgWQTsMO3q",["node"],3,1],["cc.Sprite",["node","_materials","_spriteFrame"],3,1,3,6]],[[3,0,2],[0,0,3,1,2,2],[0,0,4,1,2,5,2],[4,0,1],[1,1,2,1],[1,0,1,2,2],[5,0,1,2,1]],[[[[0,"CobHoleEffect"],[1,"CobHoleEffect",[-3],[[3,-2]],[4,-1,0]],[2,"cob_hole",1,[[6,-4,[0],1]],[5,"2cLZLgfKJOLJyfs+W1cB4L",1,0],[5,230,181]]],0,[0,1,1,0,0,1,0,-1,2,0,0,2,0,2,1,4],[0,0],[-1,3],[0,1]],[[{"name":"cob_hole","rect":[3,211,230,181],"offset":[0,0],"originalSize":[230,181],"capInsets":[0,0,0,0]}],[2],0,[0],[4],[2]]]]