[1,["1c50af12d","ecpdLyjvZBwrvm+cedCcQy","1930e3dc6","4fq17sph1NFIeJdLI9rhTI","b6CrwMp/NORIT8h+gDcYmH","f4/yNED3tPsKRzdJ2Twf0T","aelO81RmRMN6kcCiN5t60J","10pynHqmBHdakWHH6HbHs1","d9CwF28lBC65FWbR9oRmH6","d0S8np7FREMoTuXw9b9nNi","d8NdQUY3tP6YhcAAsE9rOH","36c5KAhmVFkI/TzthPy+ix","72kg+/dJxHRLAu4OBL2Dkk","c48HAtmZRHIbhQj/HkV6FZ"],["_textureSetter","node","_spriteFrame","root","taft","tomb","data"],["cc.SpriteFrame",["cc.Node",["_name","_children","_components","_prefab","_anchorPoint","_parent","_contentSize","_trs"],2,2,9,4,5,1,5,7],["cc.PrefabInfo",["fileId","root","asset"],2,1,1],["cc.Prefab",["_name"],2],["cc.Node",["_name","_parent","_components","_prefab","_contentSize","_trs"],2,1,2,4,5,7],["cbb17mM/rdJO6fjRCGZFwHz",["node","tomb","tombFrames","taft","taftFrames"],3,1,1,3,1,3],["cc.Mask",["node","_materials"],3,1,3],["cc.Sprite",["node","_materials"],3,1,3]],[[2,0,1,2,2],[4,0,1,2,3,4,5,2],[7,0,1,1],[3,0,2],[1,0,1,2,3,4,2],[1,0,5,1,2,3,6,4,7,2],[5,0,1,2,3,4,1],[2,1,2,1],[6,0,1,1]],[[[{"name":"3","rect":[361,377,81,89],"offset":[0,0],"originalSize":[81,89],"rotated":1,"capInsets":[0,0,0,0]}],[0],0,[0],[0],[0]],[[{"name":"8","rect":[886,911,75,109],"offset":[0,0],"originalSize":[75,109],"capInsets":[0,0,0,0]}],[0],0,[0],[0],[0]],[[{"name":"4","rect":[942,3,79,97],"offset":[0,0],"originalSize":[79,97],"capInsets":[0,0,0,0]}],[0],0,[0],[0],[0]],[[[3,"Tomb"],[4,"Tomb",[-5,-6],[[6,-4,-3,[3,4,5,6,7,8,9,10,11],-2,[12,13]]],[7,-1,0],[0,0.5,0]],[5,"tomb_mask",1,[-8],[[8,-7,[1]]],[0,"c3NYZqkOFFQ63Q//ZxUCX1",1,0],[5,100,110],[0,0.5,0],[-2,0,0,0,0,0,1,1,1,1]],[1,"1",2,[-9],[0,"aannKuWNJMg7U37SA780Ir",1,0],[5,84,102],[0,44,0,0,0,0,1,1,1,1]],[2,3,[0]],[1,"big_taft",1,[-10],[0,"27ExlOTLZMx4jXMUmYTND1",1,0],[5,104,42],[0,11,0,0,0,0,1,1,1,1]],[2,5,[2]]],0,[0,3,1,0,4,6,0,5,4,0,1,1,0,-1,2,0,-2,5,0,1,2,0,-1,3,0,-1,4,0,-1,6,0,6,1,10],[0,0,0,0,0,0,0,0,0,0,0,0,0,0,4,6],[-1,-1,-1,-1,-2,-3,-4,-5,-6,-7,-8,-9,-1,-2,2,2],[1,1,1,5,6,7,3,8,9,10,11,12,13,4,3,4]],[[{"name":"9","rect":[3,732,77,104],"offset":[0,0],"originalSize":[77,104],"rotated":1,"capInsets":[0,0,0,0]}],[0],0,[0],[0],[2]],[[{"name":"2","rect":[459,284,75,108],"offset":[0,0],"originalSize":[75,108],"rotated":1,"capInsets":[0,0,0,0]}],[0],0,[0],[0],[0]],[[{"name":"big_taft","rect":[3,816,107,64],"offset":[0,0],"originalSize":[107,64],"capInsets":[0,0,0,0]}],[0],0,[0],[0],[2]],[[{"name":"small_taft","rect":[321,686,103,56],"offset":[0,0],"originalSize":[103,56],"rotated":1,"capInsets":[0,0,0,0]}],[0],0,[0],[0],[0]],[[{"name":"6","rect":[926,602,86,94],"offset":[0,0],"originalSize":[86,94],"rotated":1,"capInsets":[0,0,0,0]}],[0],0,[0],[0],[0]],[[{"name":"7","rect":[520,895,87,96],"offset":[0,0],"originalSize":[87,96],"rotated":1,"capInsets":[0,0,0,0]}],[0],0,[0],[0],[2]],[[{"name":"5","rect":[800,911,80,109],"offset":[0,0],"originalSize":[80,109],"capInsets":[0,0,0,0]}],[0],0,[0],[0],[0]],[[{"name":"1","rect":[454,627,99,109],"offset":[0,0],"originalSize":[99,109],"rotated":1,"capInsets":[0,0,0,0]}],[0],0,[0],[0],[0]]]]