[1,["46EyoDlmBJBYZK3Vi29DLr"],0,[["sp.SkeletonData",["_name","_atlasText","textureNames","_skeletonJson","textures"],-1,3]],[[0,0,1,2,3,4,5]],[[0,"effect014","\r\neffect014.png\r\nsize: 149,98\r\nformat: RGBA8888\r\nfilter: Linear,Linear\r\nrepeat: none\r\n18/080\r\n  rotate: false\r\n  xy: 2, 2\r\n  size: 105, 94\r\n  orig: 107, 96\r\n  offset: 1, 1\r\n  index: -1\r\n18/081\r\n  rotate: true\r\n  xy: 109, 56\r\n  size: 40, 38\r\n  orig: 42, 40\r\n  offset: 1, 1\r\n  index: -1\r\n",["effect014.png"],{"skeleton":{"hash":"TH9HUKYqSK35QvWoTnMoKQG4Xpw","spine":"3.8.99","fps":24,"images":"D:\\Work\\植物大战僵尸2娘化版\\动画\\娘化版\\工程文件\\特效","audio":"D:\\Work\\植物大战僵尸2娘化版\\动画\\娘化版\\工程文件\\特效"},"bones":[{"name":"root"},{"name":"080","parent":"root","rotation":90},{"name":"081","parent":"root","x":34.6,"y":17.62}],"slots":[{"name":"080","bone":"080","attachment":"18/080"},{"name":"081","bone":"081","attachment":"18/081"}],"skins":[{"name":"default","attachments":{"080":{"18/080":{"rotation":-90,"width":107,"height":96}},"081":{"18/081":{"width":42,"height":40}}}}],"animations":{"newAnimation":{"slots":{"080":{"color":[{"color":"ffffff00"},{"time":0.0833,"color":"ffffffff","curve":"stepped"},{"time":0.3333,"color":"ffffffff"},{"time":0.8333,"color":"ffffff00"}]},"081":{"color":[{"color":"ffffff00","curve":"stepped"},{"time":0.0833,"color":"ffffff00"},{"time":0.1667,"color":"ffffffff"},{"time":0.8333,"color":"ffffff00"}]}},"bones":{"080":{"translate":[{"time":0.3333},{"time":0.8333,"y":-10.83}],"scale":[{"x":0.5,"y":0.5},{"time":0.0833,"x":1.1,"y":1.1},{"time":0.2083}]},"081":{"translate":[{"x":-2.74,"y":9.93,"curve":"stepped"},{"time":0.25,"x":-2.74,"y":9.93},{"time":0.8333,"x":-2.74,"y":-3.62}],"scale":[{"x":0.5,"y":0.5,"curve":"stepped"},{"time":0.0833,"x":0.5,"y":0.5},{"time":0.1667,"x":1.1,"y":1.1},{"time":0.25}]}}}}},[0]]],0,0,[0],[-1],[0]]