[1,["ecpdLyjvZBwrvm+cedCcQy","caohSHbS5GEIzmwCrnMGn5","7a/QZLET9IDreTiBfRn2PD","d6cIYKsCRBtJzBPPVJuoGG","384w4kV5JAurVtdLwsxF79","90XzowcvNP4Zn6hvW88rFU","6fw0Jy7/dNjaAx6YZc9w1F","c79+c14y5EL7TVQ52Q7qDq","50jPGoB7JAUYZei6bBg+ho","3ae7efMv1CLq2ilvUY/tQi","b04o6Dgl5OHYPVtLLgO34y","dfNoYlJfpI/6oHyZWQx3m9","2bTzNt0NlDg4Uapo/b3wh5","cecn30raRI5JPRbAAT8lAB","927vkeA3pDBI1cSjjFTZra","6drx4sG19BRLsu2QPrf9T/","a2MjXRFdtLlYQ5ouAFv/+R","a8pMB3wUNAxrbqEoYolVXe","f6EL+Fo91CabAxjCmhQMrJ","51L6yfjn1JgZX5iENxRn51","47/LhEj+JI5YLGT6yN/NCO","aefj1eUpBCR6zwmAbDjUMY","ecyX46gxFBZ5kOMnziYzUV","4dgE+OwC1OX7x+1Sc19ZPi","f9ZJ2urXdNAawIDGKilm46","47sGxfCANDlo+NeEVLGYlA","30aH8hucBBxYNYsxYY26yo","830Mqb+KVIL57FUR35cb2d","43gWSihH5C0bbXYdknd7W6","ae1LW/bslBma+Qf6vfQ/i4","cbrLhr2q1OMp06ECmeklcI","10eCUJYbtAQ5vQfsp1HpsA","9d3EI/H4ZCmaGlMM31H8FC","7477ht0KBNE4SCCPu6n1zZ","cfOP58R/BPSYHsaxVMakG3","2feRlJ3QNFh5DUZG3E5FSJ","eaDUxyM05Ms5vVk8e4eG9n","449sTbmXFFXYxLUiKXalVb","43AhYyQ6ZOVJyw6xoZnYJt","eacu1Gh1ROaJndUNolguCn"],["node","_spriteFrame","_N$file","_N$skeletonData","_textureSetter","_parent","_normalMaterial","_grayMaterial","root","class2GiftBtn","class1GiftBtn","class0GiftBtn","fullPayNode","currentPayNode","currentPayLabel","title2","light","giftParent","starParent","data","_defaultClip"],[["cc.Node",["_name","_active","_opacity","_prefab","_parent","_contentSize","_components","_children","_trs","_anchorPoint","_color","_eulerAngles"],0,4,1,5,9,2,7,5,5,5],"cc.SpriteFrame",["cc.Node",["_name","_components","_prefab","_contentSize","_trs","_parent","_children","_color"],2,12,4,5,7,1,2,5],["cc.Sprite",["_enabled","_sizeMode","node","_materials","_spriteFrame"],1,1,3,6],["sp.Skeleton",["defaultSkin","defaultAnimation","_preCacheMode","_animationName","premultipliedAlpha","node","_materials","_N$skeletonData"],-2,1,3,6],["cc.Widget",["_alignFlags","_originalWidth","_originalHeight","node"],0,1],["cc.PrefabInfo",["fileId","root","asset"],2,1,1],["cc.Button",["_N$transition","_N$enableAutoGrayEffect","node","clickEvents"],1,1,9],["cc.ClickEvent",["_componentId","handler","customEventData","target"],0,1],["cc.Label",["_string","_fontSize","_lineHeight","_isSystemFontUsed","_N$horizontalAlign","_N$verticalAlign","node","_materials","_N$file"],-3,1,3,6],["cc.LabelOutline",["_width","node","_color"],2,1,5],["cc.Prefab",["_name"],2],["cc.Node",["_name","_parent","_components","_prefab","_contentSize"],2,1,2,4,5],["e4ff0ilaUBMbrSa3cYAldWL",["node","giftRwdItem","plantTitles","plantSample","starParent","giftParent","light","title2","currentPayLabel","currentPayNode","fullPayNode","class0GiftBtn","class1GiftBtn","class2GiftBtn"],3,1,2,2,2,1,1,1,1,1,1,1,1,1,1],["cc.BlockInputEvents",["node"],3,1],["cc.Layout",["_N$layoutType","_N$paddingLeft","_N$paddingRight","_N$spacingX","node","_layoutSize"],-1,1,5],["cc.Animation",["playOnLoad","node","_clips","_defaultClip"],2,1,3,6],["4e9adXCXq9JOoAgA0DpsOZf",["node","desc","count","icon","frameSpine"],3,1,1,1,1,1]],[[6,0,1,2,2],[3,2,3,4,1],[0,0,4,6,3,5,8,2],[10,0,1,2,2],[9,0,1,2,3,4,5,6,7,8,7],[9,0,1,2,3,4,5,6,7,7],[12,0,1,2,3,4,2],[2,0,5,1,2,3,4,2],[3,1,2,3,4,2],[0,0,4,7,6,3,5,8,2],[0,0,4,6,3,5,2],[0,0,1,4,6,3,5,3],[2,0,6,1,2,3,4,2],[2,0,5,1,2,7,3,4,2],[3,2,3,1],[4,0,1,2,3,5,6,5],[17,0,1,2,3,4,1],[0,0,4,7,3,2],[0,0,4,6,3,10,5,8,2],[2,0,5,6,1,2,3,4,2],[3,0,2,3,4,2],[7,0,2,3,2],[7,1,0,2,3,3],[8,0,1,3,3],[8,0,1,2,3,4],[0,0,4,7,3,8,2],[0,0,1,4,7,6,3,5,3],[0,0,4,7,6,3,5,8,11,2],[10,0,1,2],[4,0,1,2,3,5,6,7,5],[11,0,2],[0,0,7,6,3,5,8,2],[0,0,4,7,3,5,9,8,2],[0,0,4,7,6,3,5,9,8,2],[0,0,1,4,7,3,3],[0,0,4,7,6,3,5,2],[0,0,2,4,6,3,10,5,3],[5,0,3,2],[5,0,1,2,3,4],[13,0,1,2,3,4,5,6,7,8,9,10,11,12,13,1],[14,0,1],[6,1,2,1],[15,0,1,2,3,4,5,5],[16,0,1,2,3,2],[4,0,1,2,4,3,5,6,7,6]],[[[{"name":"绝版植物","rect":[4,4,78,46],"offset":[0,0],"originalSize":[86,54],"capInsets":[0,0,0,0]}],[1],0,[0],[4],[15]],[[[30,"PayGiftView2"],[31,"PayGiftView2",[-25,-26,-27],[[37,45,-2],[39,-23,[-19,-20,-21,-22],[-16,-17,-18],[-13,-14,-15],-12,-11,-10,-9,-8,-7,-6,-5,-4,-3],[40,-24]],[41,-1,0],[5,1280,720],[640,360,0,0,0,0,1,1,1,1]],[17,"board",1,[-28,-29,-30,-31,-32,-33,-34,-35],[0,"79if67nshKTrN/ovWVOpFz",1,0]],[32,"gift",2,[-36,-37,-38,-39,-40],[0,"daTkNhKx9Dp4Pc29Y46vx0",1,0],[5,500,500],[0,0.5,0],[-276.441,-328.211,0,0,0,0,1,1,1,1]],[9,"title_discount",2,[-42,-43,-44,-45,-46],[[1,-41,[50],51]],[0,"40vX9z8DlDpb7fQaXKCXJ6",1,0],[5,578,131],[179.184,231.656,0,0,0,0,1,1,1,1]],[17,"stars",4,[-47,-48,-49,-50,-51],[0,"62Hfo9EMlEI6oc0Q9H/oHQ",1,0]],[12,"reward",[-54,-55,-56,-57],[[[1,-52,[68],69],-53],4,1],[0,"7fe0KTUkFDLIj1sAg9iMHZ",1,0],[5,107,107],[186.78,-20.023,0,0,0,0,1,1,1,1]],[12,"reward",[-60,-61,-62,-63],[[[1,-58,[74],75],-59],4,1],[0,"53OYr/AGBIR6dY6+HsoO2P",1,0],[5,107,107],[313.78,-20.023,0,0,0,0,1,1,1,1]],[12,"reward",[-66,-67,-68,-69],[[[1,-64,[80],81],-65],4,1],[0,"f4eDg+3OxIZ6LT4LhCmCQ8",1,0],[5,107,107],[440.78,-20.023,0,0,0,0,1,1,1,1]],[12,"reward",[-72,-73,-74,-75],[[[1,-70,[86],87],-71],4,1],[0,"0aTeT03iFDSL/rsSWROzg0",1,0],[5,107,107],[567.78,-20.023,0,0,0,0,1,1,1,1]],[9,"btn_full",2,[-78,-79,-80],[[1,-76,[119],120],[21,3,-77,[[23,"e4ff0ilaUBMbrSa3cYAldWL","clickBuyFullBtn",1]]]],[0,"15BXXpuHtMKJNpWkBS8+e+",1,0],[5,219,82],[379.735,-258.346,0,0,0,0,1,1,1,0]],[33,"rewards",2,[6,7,8,9],[[42,1,10,10,20,-81,[5,536,155]]],[0,"b0SQMD6IlM/oUaT7jLRsj6",1,0],[5,536,155],[0,-0.23,0.77],[-113.421,-94.634,0,0,0,0,1,1,1,1]],[9,"btn_current",2,[-84,-85],[[1,-82,[101],102],[21,3,-83,[[23,"e4ff0ilaUBMbrSa3cYAldWL","clickBuyCurrentBtn",1]]]],[0,"4f7BPrEOBJn5mbhgTvPHXd",1,0],[5,219,82],[138.116,-258.346,0,0,0,0,1,1,1,0]],[17,"hasSubSid",12,[-86,-87,-88,-89],[0,"9cXQJnP+xJ5YeNiK7DVJex",1,0]],[34,"hasSubSid",false,10,[-90,-91,-92,-93],[0,"16BD0HlShHBKwYPVps+IsC",1,0]],[25,"plant",3,[-94,-95,-96],[0,"95/Lum7QlOT5kLTvlQBoNd",1,0],[12.091,295.032,0,0,0,0,1,1,1,1]],[35,"p0",15,[-98],[[20,false,-97,[10],11]],[0,"bfKIRIGRhFk5SOjXEx9CHL",1,0],[5,446,299]],[26,"p1",false,15,[-100],[[20,false,-99,[14],15]],[0,"cewvSWZHlE04cu7MAJowK2",1,0],[5,352,293]],[26,"p2",false,15,[-102],[[20,false,-101,[18],19]],[0,"25+BniZopKmKg70u4TviEF",1,0],[5,417,349]],[9,"tips",3,[-104,-105],[[1,-103,[24],25]],[0,"12Khr8L2pJN6nlUiIQR0u7",1,0],[5,242,187],[-132.498,177.216,0,0,0,0,1,1,1,1]],[25,"names",4,[-106,-107,-108],[0,"b0IZFNPdpADLaGi3YB8Q/x",1,0],[160.897,-111.15199999999999,0,0,0,0,1,1,1,1]],[19,"btn_type0",2,[-111],[[[1,-109,[54],55],-110],4,1],[0,"ebH7iHqDJAOI3Auc/upGgD",1,0],[5,187,64],[58.806,-9,0,0,0,0,1,1,1,0]],[19,"btn_type1",2,[-114],[[[1,-112,[58],59],-113],4,1],[0,"d6uTsDPWRELaBhm46EK3ao",1,0],[5,187,64],[250.80599999999998,-9,0,0,0,0,1,1,1,0]],[19,"btn_type2",2,[-117],[[[1,-115,[62],63],-116],4,1],[0,"14S4oEWRFCJ6xNdRzTzgcI",1,0],[5,187,64],[439.57,-9,0,0,0,0,1,1,1,0]],[27,"origin",13,[-119,-120],[[8,0,-118,[91],92]],[0,"efNq/MqKFHk7u6maFxlllQ",1,0],[5,89.9,69.4],[73.351,33.732,0,0,0,-0.13052619222005157,0.9914448613738104,1,1,1],[1,0,0,-15]],[27,"origin",14,[-122,-123],[[8,0,-121,[107],108]],[0,"187iqMsRpJfazSl3gyYSdv",1,0],[5,89.9,69.4],[73.351,33.732,0,0,0,-0.13052619222005157,0.9914448613738104,1,1,1],[1,0,0,-15]],[36,"mask",240,1,[[8,0,-124,[0],1],[38,45,100,100,-125]],[0,"2eDfL0T9xOqa7Wx7Tvdjk2",1,0],[4,4278190080],[5,1280,720]],[2,"light",3,[[8,0,-126,[2],3]],[0,"a8Qse6+mlJgrZs/h3VukU4",1,0],[5,652,652],[5.969,268.175,0,0,0,0,1,1,1,1]],[2,"绝版（晃动动画）",19,[[1,-127,[22],23]],[0,"d38/NFOKlMQbp7TJImY2k9",1,0],[5,106,74],[-43.291,-7.885,0,0,0,0,1,1,1,1]],[2,"titleAni",4,[[1,-128,[26],27],[43,true,-129,[29],28]],[0,"252z/R2b5O/JhxshUaPDmp",1,0],[5,288,77],[-81.136,-109.015,0,0,0,0,1,1,1,1]],[10,"t0",20,[[1,-130,[34],35]],[0,"ec+Xe4hc5MD5tRlHrNgAdU",1,0],[5,171,67]],[11,"t1",false,20,[[1,-131,[36],37]],[0,"e2eoveSo5AWZpBQPQOH1rX",1,0],[5,167,65]],[11,"t2",false,20,[[1,-132,[38],39]],[0,"e2rie/5qFB45tw6K4NIdcO",1,0],[5,168,67]],[10,"desc",21,[[4,"6元礼包",34,34,false,1,1,-133,[52],53],[3,2,-134,[4,4278190080]]],[0,"21ayTVBbhLdaSSUfv+HqeJ",1,0],[5,129.26,46.84]],[10,"desc",22,[[4,"30元礼包",34,34,false,1,1,-135,[56],57],[3,2,-136,[4,4278190080]]],[0,"5bjpu33IdJAKruFf7L9hXp",1,0],[5,148.67,46.84]],[10,"desc",23,[[4,"98元礼包",34,34,false,1,1,-137,[60],61],[3,2,-138,[4,4278190080]]],[0,"d5TPJunwFLprth7Y6AaS1+",1,0],[5,150.06,46.84]],[13,"count",6,[[-139,[3,2,-140,[4,4278190080]]],1,4],[0,"44arrmgClFmr5pWBqo8YWJ",1,0],[4,4283692543],[5,47.12,45.58],[0,-39.424,0,0,0,0,1,1,1,1]],[7,"desc",6,[[-141,[3,2,-142,[4,4278190080]]],1,4],[0,"84k+ttI1pJa7c4xjcfWnFI",1,0],[5,129,35.5],[0,-73.744,0,0,0,0,1,1,1,1]],[13,"count",7,[[-143,[3,2,-144,[4,4278190080]]],1,4],[0,"8767SZACVIX4L3YrH18wZg",1,0],[4,4283692543],[5,47.12,45.58],[0,-39.424,0,0,0,0,1,1,1,1]],[7,"desc",7,[[-145,[3,2,-146,[4,4278190080]]],1,4],[0,"96r+0iE8NLOL908Q1T2UHH",1,0],[5,129,35.5],[0,-73.744,0,0,0,0,1,1,1,1]],[13,"count",8,[[-147,[3,2,-148,[4,4278190080]]],1,4],[0,"a5SG4JBe1ChaiP/pTEI66Y",1,0],[4,4283692543],[5,47.12,45.58],[0,-39.424,0,0,0,0,1,1,1,1]],[7,"desc",8,[[-149,[3,2,-150,[4,4278190080]]],1,4],[0,"0bSirfrFhAupt68NzRwXTl",1,0],[5,129,35.5],[0,-73.744,0,0,0,0,1,1,1,1]],[13,"count",9,[[-151,[3,2,-152,[4,4278190080]]],1,4],[0,"f3KO4g1d1NiaS2CFUQuAp7",1,0],[4,4283692543],[5,47.12,45.58],[0,-39.424,0,0,0,0,1,1,1,1]],[7,"desc",9,[[-153,[3,2,-154,[4,4278190080]]],1,4],[0,"5e7+VhOYNOk4bPhy7vRLAm",1,0],[5,129,35.5],[0,-73.744,0,0,0,0,1,1,1,1]],[7,"originPirce",24,[[-155,[3,2,-156,[4,4278190080]]],1,4],[0,"3f4Wv3S1VDdZObSLjuOr35",1,0],[5,54.52,41.8],[-0.48,1.838,0,0,0,0,1,1,1,1]],[2,"tips",13,[[4,"购买",36,36,false,1,1,-157,[93],94],[3,2,-158,[4,4278190080]]],[0,"65ybvs0FpAIaN5BseJq0zV",1,0],[5,76,49.36],[58.411,-11.225,0,0,0,0,1,0.7,0.7,1]],[18,"subsidPirce",13,[[4,"1",48,48,false,1,1,-159,[95],96],[28,2,-160]],[0,"816QMQON5DW4D8BLSP3aP1",1,0],[4,4284773331],[5,20.99,64.47999999999999],[-56.312,1.607,0,0,0,0,1,1,1,1]],[11,"noSubSid",false,12,[[4,"6元",36,36,false,1,1,-161,[99],100],[3,2,-162,[4,4278190080]]],[0,"1ezO+U+CtM/IVkRpEcNh/C",1,0],[5,64.62,49.36]],[2,"originPirce",25,[[4,"98元",30,30,false,1,1,-163,[103],104],[3,2,-164,[4,4278190080]]],[0,"2dVGlBN8ZBc6wh8rseZ4xF",1,0],[5,72.88,41.8],[-0.48,1.838,0,0,0,0,1,1,1,1]],[2,"tips",14,[[4,"购买",36,36,false,1,1,-165,[109],110],[3,2,-166,[4,4278190080]]],[0,"05UoSqK+FNUrl/QnNFfnIL",1,0],[5,76,49.36],[58.411,-11.225,0,0,0,0,1,0.7,0.7,1]],[18,"subsidPirce",14,[[4,"1",48,48,false,1,1,-167,[111],112],[28,2,-168]],[0,"83wTnvOeZHzabNeNCyWZkw",1,0],[4,4284773331],[5,20.99,64.47999999999999],[-56.312,1.607,0,0,0,0,1,1,1,1]],[11,"noSubSid",false,10,[[4,"6元",36,36,false,1,1,-169,[115],116],[3,2,-170,[4,4278190080]]],[0,"30oM7JLEhFkKevFQ+p4Ksu",1,0],[5,64.62,49.36]],[18,"tips",10,[[4,"购买全部礼包",28,28,false,1,1,-171,[117],118],[3,2,-172,[4,4278190080]]],[0,"d2y/GeSLJJ5Y8xZC7CEhfh",1,0],[4,4279435041],[5,172,39.28],[4.47,-48.137,0,0,0,0,1,1,1,1]],[2,"btn_close",1,[[8,0,-173,[121],122],[21,3,-174,[[23,"e4ff0ilaUBMbrSa3cYAldWL","clickCancel",1]]]],[0,"8a0VjWyu9AT5HiOdojDXps",1,0],[5,36.4,34],[507.575,254.50599999999997,0,0,0,0,1,2,2,0]],[2,"bottom",3,[[1,-175,[4],5]],[0,"b3vo+e/nNFeqhSDQ2dtfoC",1,0],[5,464,194],[52.208,100.736,0,0,0,0,1,1,1,1]],[2,"top",3,[[1,-176,[6],7]],[0,"8agBBFMltIjqfhx7qvBuap",1,0],[5,438,322],[-95.999,474.656,0,0,0,0,1,1,1,1]],[2,"53_plant",16,[[44,"default","idle",0,false,"idle",-177,[8],9]],[0,"26xwbYdB9OOLlK7zm5uvHX",1,0],[5,208.2072296142578,126.95035552978516],[-4.379,-153.576,0,0,0,0,1,3,3,1]],[2,"54_plant",17,[[29,"default","idle",0,"idle",-178,[12],13]],[0,"6bjh9zPIRGZJp8e0Uhxhio",1,0],[5,158.70001220703125,136.50003051757812],[-4.379,-153.576,0,0,0,0,1,2.5,2.5,1]],[2,"54_plant_hybrid",18,[[29,"default","idle",0,"idle",-179,[16],17]],[0,"72SnX6f01MhJw5n8VCq4XV",1,0],[5,312.7135009765625,196.24514770507812],[-21.236,-149.835,0,0,0,0,1,2.5,2.5,1]],[2,"绝版植物",19,[[1,-180,[20],21]],[0,"a0r3ZXPABJr4z0uQgTsRZo",1,0],[5,78,46],[46.019,8.386,0,0,0,0,1,1,1,1]],[2,"1000percent",4,[[1,-181,[30],31]],[0,"709sbZ2r1FVpHE9ZPDW2bA",1,0],[5,203,42],[187.526,55.536,0,0,0,0,1,1,1,1]],[2,"大量金币道具",4,[[1,-182,[32],33]],[0,"06oYEvOuRLU6Iv2owpY6Em",1,0],[5,465,38],[131.594,-174.03,0,0,0,0,1,1,1,1]],[2,"star",5,[[1,-183,[40],41]],[0,"0eOP4Kj6RNsolysBc1e/Wg",1,0],[5,32,38],[-40.404,78.853,0,0,0,0,1,1,1,1]],[2,"star",5,[[1,-184,[42],43]],[0,"02Xhl8N6pN/4WHpSzzZlAC",1,0],[5,32,38],[-11.848,49.094,0,0,0,0,1,1,1,1]],[2,"star",5,[[1,-185,[44],45]],[0,"a0iJWrL5JCkrbu6Pz6HYK9",1,0],[5,32,38],[-320.897,-1.166,0,0,0,0,1,1,1,1]],[2,"star",5,[[1,-186,[46],47]],[0,"be/Eigb2xEOoz6Y7Fhj0t3",1,0],[5,32,38],[310.975,-30.978,0,0,0,0,1,1,1,1]],[2,"star",5,[[1,-187,[48],49]],[0,"7cSZpDjs9PsKjzV5CkkDn8",1,0],[5,32,38],[293.125,-79.993,0,0,0,0,1,1,1,1]],[22,true,3,21,[[24,"e4ff0ilaUBMbrSa3cYAldWL","clickGiftClass","0",1]]],[22,true,3,22,[[24,"e4ff0ilaUBMbrSa3cYAldWL","clickGiftClass","1",1]]],[22,true,3,23,[[24,"e4ff0ilaUBMbrSa3cYAldWL","clickGiftClass","2",1]]],[6,"icon",6,[-188],[0,"abG1HcnWxF14Y4vrdfcNiU",1,0],[5,75,62]],[14,70,[64]],[5,"+10",28,33,false,1,1,36,[65]],[5,"免费广告券",25,25,false,1,1,37,[66]],[6,"34_FX",6,[-189],[0,"ebol+UBT5GbbIAdP39eNYg",1,0],[5,126,126.40248107910156]],[15,"default","idle",0,"idle",74,[67]],[16,6,73,72,71,75],[6,"icon",7,[-190],[0,"0fwyr8Ro9GtoniQWjqVBfX",1,0],[5,75,62]],[14,77,[70]],[5,"+10",28,33,false,1,1,38,[71]],[5,"免费广告券",25,25,false,1,1,39,[72]],[6,"34_FX",7,[-191],[0,"4512pLRWpHsZeA0dD9lUVw",1,0],[5,126,126.40248107910156]],[15,"default","idle",0,"idle",81,[73]],[16,7,80,79,78,82],[6,"icon",8,[-192],[0,"7fxcWBOMZE5JfHB2WM2XhI",1,0],[5,75,62]],[14,84,[76]],[5,"+10",28,33,false,1,1,40,[77]],[5,"免费广告券",25,25,false,1,1,41,[78]],[6,"34_FX",8,[-193],[0,"adjbnbWd9Du43QtqRbNeVU",1,0],[5,126,126.40248107910156]],[15,"default","idle",0,"idle",88,[79]],[16,8,87,86,85,89],[6,"icon",9,[-194],[0,"49Bqpt1+9EZbSVhd2XeAY+",1,0],[5,75,62]],[14,91,[82]],[5,"+10",28,33,false,1,1,42,[83]],[5,"免费广告券",25,25,false,1,1,43,[84]],[6,"34_FX",9,[-195],[0,"43cHhkF3tL+L81y8WQa+zz",1,0],[5,126,126.40248107910156]],[15,"default","idle",0,"idle",95,[85]],[16,9,94,93,92,96],[5,"6元",30,30,false,1,1,44,[88]],[2,"line",24,[[1,-196,[89],90]],[0,"d6b0/puB5KPrrNrje2ItZL",1,0],[5,83,20],[0,0,0,0,0,0,1,0.8,0.8,1]],[2,"unit",13,[[1,-197,[97],98]],[0,"60Lg2OP35AoKTDN0sWds3b",1,0],[5,43,42],[-2.25,0.837,0,0,0,0,1,1,1,1]],[2,"line",25,[[1,-198,[105],106]],[0,"33LIVRNstJoo4cp2dtc4LQ",1,0],[5,83,20],[0,0,0,0,0,0,1,0.8,0.8,1]],[2,"unit",14,[[1,-199,[113],114]],[0,"f7Y6chFulDQoYoTosD3+Vl",1,0],[5,43,42],[-2.25,0.837,0,0,0,0,1,1,1,1]]],0,[0,8,1,0,0,1,0,9,69,0,10,68,0,11,67,0,12,10,0,13,12,0,14,98,0,15,28,0,16,27,0,17,3,0,18,5,0,-1,16,0,-2,17,0,-3,18,0,-1,30,0,-2,31,0,-3,32,0,-1,76,0,-2,83,0,-3,90,0,-4,97,0,0,1,0,0,1,0,-1,26,0,-2,2,0,-3,53,0,-1,3,0,-2,4,0,-3,21,0,-4,22,0,-5,23,0,-6,11,0,-7,12,0,-8,10,0,-1,27,0,-2,54,0,-3,55,0,-4,15,0,-5,19,0,0,4,0,-1,29,0,-2,60,0,-3,61,0,-4,20,0,-5,5,0,-1,62,0,-2,63,0,-3,64,0,-4,65,0,-5,66,0,0,6,0,-2,76,0,-1,70,0,-2,36,0,-3,37,0,-4,74,0,0,7,0,-2,83,0,-1,77,0,-2,38,0,-3,39,0,-4,81,0,0,8,0,-2,90,0,-1,84,0,-2,40,0,-3,41,0,-4,88,0,0,9,0,-2,97,0,-1,91,0,-2,42,0,-3,43,0,-4,95,0,0,10,0,0,10,0,-1,14,0,-2,51,0,-3,52,0,0,11,0,0,12,0,0,12,0,-1,13,0,-2,47,0,-1,24,0,-2,45,0,-3,46,0,-4,100,0,-1,25,0,-2,49,0,-3,50,0,-4,102,0,-1,16,0,-2,17,0,-3,18,0,0,16,0,-1,56,0,0,17,0,-1,57,0,0,18,0,-1,58,0,0,19,0,-1,59,0,-2,28,0,-1,30,0,-2,31,0,-3,32,0,0,21,0,-2,67,0,-1,33,0,0,22,0,-2,68,0,-1,34,0,0,23,0,-2,69,0,-1,35,0,0,24,0,-1,44,0,-2,99,0,0,25,0,-1,48,0,-2,101,0,0,26,0,0,26,0,0,27,0,0,28,0,0,29,0,0,29,0,0,30,0,0,31,0,0,32,0,0,33,0,0,33,0,0,34,0,0,34,0,0,35,0,0,35,0,-1,72,0,0,36,0,-1,73,0,0,37,0,-1,79,0,0,38,0,-1,80,0,0,39,0,-1,86,0,0,40,0,-1,87,0,0,41,0,-1,93,0,0,42,0,-1,94,0,0,43,0,-1,98,0,0,44,0,0,45,0,0,45,0,0,46,0,0,46,0,0,47,0,0,47,0,0,48,0,0,48,0,0,49,0,0,49,0,0,50,0,0,50,0,0,51,0,0,51,0,0,52,0,0,52,0,0,53,0,0,53,0,0,54,0,0,55,0,0,56,0,0,57,0,0,58,0,0,59,0,0,60,0,0,61,0,0,62,0,0,63,0,0,64,0,0,65,0,0,66,0,-1,71,0,-1,75,0,-1,78,0,-1,82,0,-1,85,0,-1,89,0,-1,92,0,-1,96,0,0,99,0,0,100,0,0,101,0,0,102,0,19,1,6,5,11,7,5,11,8,5,11,9,5,11,199],[0,0,0,0,0,0,0,0,0,0,0,0,0,0,0,0,0,0,0,0,0,0,0,0,0,0,0,0,0,0,0,0,0,0,0,0,0,0,0,0,0,0,0,0,0,0,0,0,0,0,0,0,0,0,0,0,0,0,0,0,0,0,0,0,0,0,0,0,0,0,0,0,0,0,0,0,0,0,0,0,0,0,0,0,0,0,0,0,0,0,0,0,0,0,0,0,0,0,0,0,0,0,0,0,0,0,0,0,0,0,0,0,0,0,0,0,0,0,0,0,0,0,0,67,67,68,68,69,69,71,72,73,75,78,79,80,82,85,86,87,89,92,93,94,96,98],[-1,1,-1,1,-1,1,-1,1,-1,3,-1,1,-1,3,-1,1,-1,3,-1,1,-1,1,-1,1,-1,1,-1,1,20,-1,-1,1,-1,1,-1,1,-1,1,-1,1,-1,1,-1,1,-1,1,-1,1,-1,1,-1,1,-1,2,-1,1,-1,2,-1,1,-1,2,-1,1,-1,-1,-1,-1,-1,1,-1,-1,-1,-1,-1,1,-1,-1,-1,-1,-1,1,-1,-1,-1,-1,-1,1,-1,-1,1,-1,1,-1,2,-1,2,-1,1,-1,2,-1,1,-1,2,-1,1,-1,1,-1,2,-1,2,-1,1,-1,2,-1,2,-1,1,-1,1,6,7,6,7,6,7,1,2,2,3,1,2,2,3,1,2,2,3,1,2,2,3,2],[0,16,0,17,0,18,0,19,2,20,0,21,2,22,0,23,2,24,0,25,0,26,0,27,0,6,0,28,10,10,0,29,0,30,0,31,0,32,0,33,0,7,0,11,0,7,0,7,0,11,0,34,0,1,0,8,0,1,0,8,0,1,0,8,0,0,0,2,0,3,0,0,0,2,0,3,0,0,0,2,0,3,0,0,0,2,0,3,0,0,12,0,6,0,1,0,1,0,13,0,1,0,14,0,1,0,12,0,6,0,1,0,1,0,13,0,1,0,1,0,14,0,35,0,9,0,9,0,9,4,1,1,5,4,1,1,5,4,1,1,5,4,1,1,5,1]],[[{"name":"按钮2","rect":[0,0,187,64],"offset":[0,0],"originalSize":[187,64],"capInsets":[0,0,0,0]}],[1],0,[0],[4],[36]],[[{"name":"绝版（晃动动画）","rect":[6,6,106,74],"offset":[0,0],"originalSize":[118,86],"capInsets":[0,0,0,0]}],[1],0,[0],[4],[37]],[[{"name":"大量金币道具","rect":[0,0,465,38],"offset":[0,0],"originalSize":[465,38],"capInsets":[0,0,0,0]}],[1],0,[0],[4],[38]],[[{"name":"超值新人豪礼","rect":[0,0,578,131],"offset":[0,0],"originalSize":[578,131],"capInsets":[0,0,0,0]}],[1],0,[0],[4],[39]]]]