[1,["ecpdLyjvZBwrvm+cedCcQy","b8msrnKE1Ds6QFA/HRubXo","7a/QZLET9IDreTiBfRn2PD","62GTRe4E1Ee4akLd+6+GU/","caohSHbS5GEIzmwCrnMGn5","5eSCHgez5AkqbFjLmkrv1h"],["node","_spriteFrame","root","guide_arrow","spine_tool","t_num","pic_plant_op","plant_cart","pic_tool","data","_N$file","_textureSetter"],[["cc.Node",["_name","_active","_prefab","_contentSize","_components","_trs","_parent","_children"],1,4,5,9,7,1,2],["cc.Node",["_name","_active","_parent","_components","_prefab","_contentSize","_trs","_children"],1,1,2,4,5,7,2],["cc.PrefabInfo",["fileId","root","asset"],2,1,1],["cc.Sprite",["node","_materials","_spriteFrame"],3,1,3,6],"cc.SpriteFrame",["cc.Prefab",["_name"],2],["cc.Node",["_name","_active","_parent","_components","_prefab","_contentSize","_trs"],1,1,12,4,5,7],["9d63ec3acNAlLxgE9iS6YIg",["node","pic_tool","plant_cart","pic_plant_op","t_num","spine_tool","guide_arrow"],3,1,1,1,1,1,1,1],["cc.BlockInputEvents",["node"],3,1],["cc.LabelOutline",["_width","node","_color"],2,1,5],["cc.Label",["_string","_fontSize","_lineHeight","_isSystemFontUsed","_N$horizontalAlign","_N$verticalAlign","node","_materials"],-3,1,3],["sp.Skeleton",["defaultSkin","_preCacheMode","node","_materials"],1,1,3]],[[2,0,1,2,2],[3,0,1,2,1],[3,0,1,1],[5,0,2],[0,0,7,4,2,3,5,2],[0,0,1,6,7,2,3,5,3],[0,0,6,4,2,3,5,2],[0,0,6,4,2,3,2],[1,0,2,7,3,4,5,2],[1,0,2,3,4,5,6,2],[1,0,1,2,3,4,5,6,3],[6,0,1,2,3,4,5,6,3],[7,0,1,2,3,4,5,6,1],[8,0,1],[2,1,2,1],[9,0,1,2,2],[10,0,1,2,3,4,5,6,7,7],[11,0,1,2,3,3]],[[[[3,"garden_tool"],[4,"garden_tool",[-10,-11,-12,-13,-14],[[12,-8,-7,-6,-5,-4,-3,-2],[13,-9]],[14,-1,0],[5,117,111],[58.5,0,0,0,0,0,1,1,1,1]],[8,"garden_tool",1,[-16],[-15],[0,"b7CWVo+KFFL7vPonHjrUKA",1,0],[5,105,74]],[5,"plant_mini",false,2,[-17],[0,"e3E+JwmVNH3I4ukrc8737/",1,0],[5,82,65],[9.576,27.488,0,0,0,0,1,1,1,1]],[11,"txt",false,1,[[-18,[15,3,-19,[4,4278190080]]],1,4],[0,"61WcGk8DVL+LfixBIgH0rC",1,0],[5,56.07,47.58],[19.283,-35.182,0,0,0,0,1,1,1,1]],[6,"sleep_arrow",1,[[1,-20,[6],7]],[0,"2a7YxLC6NGhYZ7+u6ZtG1t",1,0],[5,48,58],[0,-110,0,0,0,0,1,1,1,1]],[7,"garden_item_bg",1,[[1,-21,[0],1]],[0,"49ebO5bRlPH4Ot76ycLvqa",1,0],[5,117,111]],[9,"pic_op",3,[-22],[0,"2dpRs+UjFMIqFuaMbUgGDf",1,0],[5,32,45],[-53.576,16.512,0,0,0,0,1,1,1,1]],[2,7,[2]],[2,2,[3]],[16,"x15",30,33,false,1,1,4,[4]],[10,"spine_tool",false,1,[-23],[0,"12pwDE+f5NKJkthJRATqNw",1,0],[5,92,91],[118,68,0,0,0,0,1,1,1,1]],[17,"default",0,11,[5]]],0,[0,2,1,0,3,5,0,4,12,0,5,10,0,6,8,0,7,3,0,8,9,0,0,1,0,0,1,0,-1,6,0,-2,2,0,-3,4,0,-4,11,0,-5,5,0,-1,9,0,-1,3,0,-1,7,0,-1,10,0,0,4,0,0,5,0,0,6,0,-1,8,0,-1,12,0,9,1,23],[0,0,0,0,0,0,0,0,10],[-1,1,-1,-1,-1,-1,-1,1,10],[0,1,0,0,0,2,0,3,4]],[[{"name":"garden_item_bg","rect":[0,0,117,111],"offset":[0,0],"originalSize":[117,111],"capInsets":[0,0,0,0]}],[4],0,[0],[11],[5]]]]