[1,["71rshl6BNKiqfZH/hvK2aY"],0,[["sp.SkeletonData",["_name","_atlasText","textureNames","_skeletonJson","textures"],-1,3]],[[0,0,1,2,3,4,5]],[[0,"09-14-25FX","\n09-14-25FX.png\nsize: 64,32\nformat: RGBA8888\nfilter: Linear,Linear\nrepeat: none\n09FX1\n  rotate: false\n  xy: 31, 12\n  size: 15, 16\n  orig: 17, 16\n  offset: 2, 0\n  index: -1\n09FXpr\n  rotate: false\n  xy: 2, 2\n  size: 27, 26\n  orig: 27, 26\n  offset: 0, 0\n  index: -1\n",["09-14-25FX.png"],{"skeleton":{"hash":"FRXdWf4Y9TUN3WM3bP3Sh28E7vU","spine":"3.8.99"},"bones":[{"name":"root"},{"name":"09FX100","parent":"root"},{"name":"09FX1","parent":"09FX100"},{"name":"09FXpr","parent":"09FX100"},{"name":"09FX","parent":"root"},{"name":"09FX2","parent":"09FX","x":-5.64,"y":3.36,"scaleX":0.7936,"scaleY":0.7936},{"name":"09FX3","parent":"09FX","x":0.24,"y":6.19,"scaleX":0.7936,"scaleY":0.7936},{"name":"09FX4","parent":"09FX","x":5.59,"y":2.02,"scaleX":0.7936,"scaleY":0.7936},{"name":"09FX5","parent":"09FX","x":4.05,"y":-4.76,"scaleX":0.7936,"scaleY":0.7936},{"name":"09FX6","parent":"09FX","x":-2.38,"y":-6.66,"scaleX":0.7936,"scaleY":0.7936},{"name":"09FX7","parent":"09FX","x":-6.55,"y":-2.98,"scaleX":0.7936,"scaleY":0.7936},{"name":"09FX8","parent":"09FX","x":-7.97,"y":5.24,"scaleX":0.7936,"scaleY":0.7936},{"name":"09FX9","parent":"09FX","y":-0.12,"scaleX":0.7936,"scaleY":0.7936},{"name":"09FX10","parent":"09FX","x":5.95,"y":-2.86,"scaleX":0.7936,"scaleY":0.7936},{"name":"09FX11","parent":"09FX","x":-5.24,"y":-2.38,"scaleX":0.7936,"scaleY":0.7936}],"slots":[{"name":"09FX1","bone":"09FX1"},{"name":"09FX2","bone":"09FX2"},{"name":"09FX5","bone":"09FX5"},{"name":"09FX7","bone":"09FX7"},{"name":"09FX11","bone":"09FX11"},{"name":"09FX3","bone":"09FX3"},{"name":"09FX4","bone":"09FX4"},{"name":"09FX6","bone":"09FX6"},{"name":"09FX9","bone":"09FX9"},{"name":"09FX8","bone":"09FX8"},{"name":"09FX10","bone":"09FX10"},{"name":"09FXpr","bone":"09FXpr"}],"skins":[{"name":"default","attachments":{"09FX1":{"09FX1":{"width":17,"height":16}},"09FX2":{"09FX1":{"width":17,"height":16}},"09FX3":{"09FX1":{"width":17,"height":16}},"09FX4":{"09FX1":{"width":17,"height":16}},"09FX5":{"09FX1":{"width":17,"height":16}},"09FX6":{"09FX1":{"width":17,"height":16}},"09FX7":{"09FX1":{"width":17,"height":16}},"09FX8":{"09FX1":{"width":17,"height":16}},"09FX9":{"09FX1":{"width":17,"height":16}},"09FX10":{"09FX1":{"width":17,"height":16}},"09FX11":{"09FX1":{"width":17,"height":16}},"09FXpr":{"09FXpr":{"width":27,"height":26}}}}],"animations":{"blow":{"slots":{"09FX2":{"color":[{"time":0.1333,"color":"ffffffff"},{"time":0.2667,"color":"ffffff00"}],"attachment":[{"name":"09FX1"}]},"09FX3":{"color":[{"time":0.1333,"color":"ffffffff"},{"time":0.2667,"color":"ffffff00"}],"attachment":[{"name":"09FX1"}]},"09FX4":{"color":[{"time":0.1667,"color":"ffffffff"},{"time":0.3,"color":"ffffff00"}],"attachment":[{"name":"09FX1"}]},"09FX5":{"color":[{"time":0.1667,"color":"ffffffff"},{"time":0.3,"color":"ffffff00"}],"attachment":[{"name":"09FX1"}]},"09FX6":{"color":[{"time":0.1667,"color":"ffffffff"},{"time":0.3,"color":"ffffff00"}],"attachment":[{"name":"09FX1"}]},"09FX7":{"color":[{"time":0.1667,"color":"ffffffff"},{"time":0.3,"color":"ffffff00"}],"attachment":[{"name":"09FX1"}]},"09FX8":{"color":[{"time":0.1333,"color":"ffffffff"},{"time":0.2667,"color":"ffffff00"}],"attachment":[{"name":"09FX1"}]},"09FX9":{"color":[{"time":0.1667,"color":"ffffffff"},{"time":0.3,"color":"ffffff00"}],"attachment":[{"name":"09FX1"}]},"09FX10":{"color":[{"time":0.1333,"color":"ffffffff"},{"time":0.2667,"color":"ffffff00"}],"attachment":[{"name":"09FX1"}]},"09FX11":{"color":[{"time":0.1667,"color":"ffffffff"},{"time":0.3,"color":"ffffff00"}],"attachment":[{"name":"09FX1"}]}},"bones":{"09FX2":{"translate":[{},{"time":0.2333,"x":-42.21,"y":0.96}]},"09FX3":{"translate":[{},{"time":0.2333,"x":-3.37,"y":26.31}]},"09FX4":{"translate":[{},{"time":0.2667,"x":41.72,"y":6.18}]},"09FX5":{"translate":[{},{"time":0.2667,"x":20.42,"y":-27.16}]},"09FX6":{"translate":[{},{"time":0.2667,"x":-8.98,"y":-31.99}]},"09FX7":{"translate":[{},{"time":0.2667,"x":-19.27,"y":-22.9}]},"09FX8":{"translate":[{},{"time":0.2333,"x":-26.49,"y":16.89}]},"09FX9":{"translate":[{},{"time":0.2667,"x":5.85,"y":35.51}]},"09FX10":{"translate":[{},{"time":0.2333,"x":37.76,"y":0.48}]},"09FX11":{"translate":[{},{"time":0.2667,"x":-37.16,"y":-2.96}]}}},"idle":{"slots":{"09FX1":{"color":[{"time":0.3667,"color":"ffffffff"},{"time":0.4667,"color":"ffffff00"}],"attachment":[{"time":0.1667,"name":"09FX1"}]},"09FX2":{"color":[{"time":0.1667,"color":"ffffffff"},{"time":0.2667,"color":"ffffff00"}],"attachment":[{"name":"09FX1"}]},"09FX3":{"color":[{"time":0.2667,"color":"ffffffff"},{"time":0.3667,"color":"ffffff00"}],"attachment":[{"time":0.0667,"name":"09FX1"}]},"09FX4":{"color":[{"time":0.2667,"color":"ffffffff"},{"time":0.4,"color":"ffffff00"}],"attachment":[{"name":"09FX1"}]},"09FX5":{"color":[{"time":0.0667,"color":"ffffffff"},{"time":0.1333,"color":"ffffff00","curve":"stepped"},{"time":0.2333,"color":"ffffffff"}],"attachment":[{"name":"09FX1"}]},"09FX6":{"color":[{"time":0.3333,"color":"ffffffff"},{"time":0.4667,"color":"ffffff00"}],"attachment":[{"time":0.1333,"name":"09FX1"}]},"09FXpr":{"attachment":[{"name":"09FXpr"}]}},"bones":{"09FXpr":{"translate":[{},{"time":0.0667,"x":1,"y":1},{"time":0.1333},{"time":0.2,"x":-1,"y":1},{"time":0.2667},{"time":0.3333,"x":1,"y":-1},{"time":0.4,"x":-1},{"time":0.4667}],"scale":[{},{"time":0.0667,"x":1.027,"y":1.027},{"time":0.1333},{"time":0.2,"x":1.026,"y":1.026},{"time":0.2667},{"time":0.3333,"x":1.033,"y":1.033},{"time":0.4}]},"09FX1":{"translate":[{"time":0.1667,"x":-6.08,"y":-2.55,"curve":0.233,"c2":0.48,"c3":0.664,"c4":0.86},{"time":0.4333,"x":-39.55,"y":-10.83}],"scale":[{"time":0.1667,"curve":0.247,"c2":0.39,"c3":0.614,"c4":0.74},{"time":0.3,"x":0.959,"y":0.959,"curve":0.338,"c2":0.45,"c3":0.688,"c4":0.8},{"time":0.4333,"x":0.654,"y":0.654}]},"09FX2":{"translate":[{"x":-1.13,"y":-2.39},{"time":0.2333,"x":-36.2,"y":-5.31}],"scale":[{"x":1.079,"y":1.079},{"time":0.2333,"x":0.904,"y":0.904}]},"09FX3":{"translate":[{"time":0.0667,"x":-8.04,"y":-5.42},{"time":0.3333,"x":-27.6,"y":-1.99}],"scale":[{"time":0.0667,"x":0.842,"y":0.842}]},"09FX4":{"translate":[{"x":-11.31,"y":-2.75},{"time":0.3667,"x":-48.83,"y":-2.75}]},"09FX5":{"translate":[{"x":-30.24},{"time":0.1,"x":-35.14,"curve":"stepped"},{"time":0.2333,"x":-9.52,"y":2.66},{"time":0.4333,"x":-30.24}],"scale":[{"time":0.1,"curve":"stepped"},{"time":0.2333,"x":0.896,"y":0.896},{"time":0.4333}]},"09FX6":{"translate":[{"time":0.1333,"x":-5.38,"y":9.33},{"time":0.4333,"x":-45.73,"y":12.21}],"scale":[{"time":0.1333},{"time":0.4333,"x":0.734,"y":0.734}]}}}}},[0]]],0,0,[0],[-1],[0]]