[1,["ecpdLyjvZBwrvm+cedCcQy","caohSHbS5GEIzmwCrnMGn5","9fDVKsCC5NCaziXVModEAo","a2MjXRFdtLlYQ5ouAFv/+R","c4CGt6V2BEELgWlQZ2tLBZ","61gmdS5rFPHr+LE2zChh66","1eMUvYAAFPYLs8Qcd3/Y9y","b2YyBjW6tF2ajRnrtLeZ5w","836UZ9bM1LRZGK5PQS5mxD","5aalEjxDdKdrNa7bJxf8La","4dpHzTe4JI6p8P1Mcv4yeg","dfMmHFPAFNmZDOgSb9HCJW","4eR3uWIwBKu7b/uNlGNyiq"],["node","_spriteFrame","_N$file","root","adIcon","cancelTxt","confirmTxt","coin","desc","tittle","plantIcon","plantCard","itemIcon","priceNode","price","data","_textureSetter"],[["cc.Node",["_name","_opacity","_prefab","_components","_contentSize","_parent","_trs","_children","_anchorPoint","_color"],1,4,9,5,1,7,2,5,5],["cc.Sprite",["_sizeMode","_isTrimmedMode","_type","node","_materials","_spriteFrame"],0,1,3,6],["cc.Node",["_name","_parent","_components","_prefab","_contentSize","_trs","_color","_anchorPoint"],2,1,2,4,5,7,5,5],["cc.Label",["_string","_fontSize","_lineHeight","_isSystemFontUsed","_N$verticalAlign","_N$horizontalAlign","_N$overflow","_styleFlags","node","_materials"],-5,1,3],["cc.Widget",["_alignFlags","_originalWidth","_originalHeight","node"],0,1],["cc.PrefabInfo",["fileId","root","asset"],2,1,1],"cc.SpriteFrame",["cc.Prefab",["_name"],2],["cc.Node",["_name","_parent","_components","_prefab","_color","_contentSize","_trs"],2,1,12,4,5,5,7],["cc.BlockInputEvents",["node"],3,1],["11edfsimUdBF7p40xxx3Rtx",["node","price","priceNode","itemIcon","plantCard","plantIcon","tittle","desc","coin","confirmTxt","cancelTxt","adIcon"],3,1,1,1,1,1,1,1,1,1,1,1,1],["cc.Button",["_N$transition","node","clickEvents"],2,1,9],["cc.ClickEvent",["_componentId","handler","target"],1,1],["cc.LabelOutline",["_width","node","_color"],2,1,5]],[[5,0,1,2,2],[0,0,5,3,2,4,6,2],[1,2,0,1,3,4,5,4],[8,0,1,2,3,4,5,6,2],[13,0,1,2,2],[3,0,1,2,3,5,4,8,9,7],[0,0,5,7,3,2,4,6,2],[1,3,4,5,1],[11,0,1,2,2],[12,0,1,2,3],[7,0,2],[0,0,7,3,2,4,6,2],[0,0,5,7,2,2],[0,0,5,7,3,2,4,8,6,2],[0,0,1,5,3,2,9,4,3],[0,0,5,3,2,4,8,6,2],[2,0,1,2,3,6,4,5,2],[2,0,1,2,3,6,4,7,5,2],[2,0,1,2,3,4,5,2],[2,0,1,2,3,4,7,5,2],[4,0,3,2],[4,0,1,2,3,4],[9,0,1],[10,0,1,2,3,4,5,6,7,8,9,10,11,1],[5,1,2,1],[1,0,1,3,4,5,3],[1,0,3,4,5,2],[1,2,0,3,4,5,3],[1,3,4,1],[1,0,1,3,4,3],[3,0,1,2,3,4,6,8,9,7],[3,0,1,2,3,7,5,4,8,9,8]],[[[[10,"BuyConfirmView"],[11,"BuyConfirmView",[-16,-17],[[20,45,-2],[22,-3],[23,-15,-14,-13,-12,-11,-10,-9,-8,-7,-6,-5,-4]],[24,-1,0],[5,1280,720],[640,360,0,0,0,0,1,1,1,1]],[12,"board",1,[-18,-19,-20,-21,-22,-23,-24,-25,-26,-27,-28,-29,-30],[0,"29+76Ft6hIQL/Rm47PLpCL",1,0]],[6,"btn_buy",2,[-33,-34],[[2,1,0,false,-31,[27],28],[8,3,-32,[[9,"11edfsimUdBF7p40xxx3Rtx","clickConfirm",1]]]],[0,"12pYs90AJBuaaGch+BhHMn",1,0],[5,248,70],[204,-211,0,0,0,0,1,1,1,0]],[13,"card_bg",2,[-36],[[7,-35,[16],17]],[0,"feObsJcOZAVoODi8JoKZ7u",1,0],[5,136,75],[0,0,1],[-345,65,0,0,0,0,1,1,1,0.81]],[6,"price_bg",2,[-38],[[25,0,false,-37,[19],20]],[0,"36KYXyvN1DR76+1Keac+Tb",1,0],[5,136,41],[-278,-80,0,0,0,0,1,1,1,1]],[6,"btn_back",2,[-41],[[2,1,0,false,-39,[22],23],[8,3,-40,[[9,"11edfsimUdBF7p40xxx3Rtx","clickCancel",1]]]],[0,"83hzVPA7JD0K3u4tGY563/",1,0],[5,248,70],[-204,-211,0,0,0,0,1,1,1,0]],[14,"mask",177,1,[[26,0,-42,[0],1],[21,45,100,100,-43]],[0,"98Tf7veb9DArrHa5H9ZLhL",1,0],[4,4278190080],[5,1280,720]],[3,"price",5,[[-44,[4,2,-45,[4,4278330370]]],1,4],[0,"afO8ljx05JFZxeuiNbnQkX",1,0],[4,4279746326],[5,67.36,45.58],[-1,-3,0,0,0,0,1,1,1,1]],[3,"txt",6,[[-46,[4,2,-47,[4,4278330370]]],1,4],[0,"f0GbeuZqZH/InqgwN+v5GX",1,0],[4,4279746326],[5,64,46.84],[-3,4,0,0,0,0,1,1,1,1]],[1,"ad_icon",3,[[7,-48,[24],25]],[0,"46QWepR4FMBLyoQSufe/61",1,0],[5,35,26],[-59,2,0,0,0,0,1,1,1,1]],[3,"txt",3,[[-49,[4,2,-50,[4,4278330370]]],1,4],[0,"5aMOGE9vZH4Lidk5/5ZX3r",1,0],[4,4279746326],[5,124,46.84],[31,4,0,0,0,0,1,1,1,1]],[3,"coin",2,[[-51,[4,2,-52,[4,4278330370]]],1,4],[0,"83TmTnjJdBWo3eIHVmdKKj",1,0],[4,4279746326],[5,193.28,44.32],[5,-121,0,0,0,0,1,1,1,1]],[15,"common_pop_view_3",2,[[2,1,0,false,-53,[2],3]],[0,"824IasCv1LzLUns4lwCE/+",1,0],[5,864,268],[0,0.5,1],[1,122,0,0,0,0,1,1,1,1]],[1,"common_pop_view_2",2,[[2,1,0,false,-54,[4],5]],[0,"f3uxO/SHRJJZtXQv6BAdmE",1,0],[5,870,100],[0,172,0,0,0,0,1,1,1,1]],[1,"common_pop_view_4",2,[[27,1,0,-55,[6],7]],[0,"15sxaxuoJDfL4N+MjLAxzF",1,0],[5,872,125],[0,-205,0,0,0,0,1,1,1,1]],[1,"common_pop_view_1",2,[[7,-56,[8],9]],[0,"00Nh4j9TtO85QRPKaJ5v0q",1,0],[5,121,70],[2,237,0,0,0,0,1,1,1,1]],[1,"plant_desc_bg",2,[[2,1,0,false,-57,[10],11]],[0,"93AkN/8pRDBptv9GDnDxJb",1,0],[5,780,294],[0,-2,0,0,0,0,1,1,1,1]],[16,"tip",2,[-58],[0,"8dmK8+aH1M9ZYkbVcvIrQy",1,0],[4,4284081919],[5,210,41.58],[0,161,0,0,0,0,1,1,1,1]],[5,"戴夫的秘密货物",30,33,false,1,1,18,[12]],[17,"desc",2,[-59],[0,"58uynIcbNHkZBlz9Fvf3Id",1,0],[4,4285150504],[5,500,45.36],[0,0.5,1],[72,90,0,0,0,0,1,1,1,1]],[30,"广告以获得1000硬币",33,36,false,1,3,20,[13]],[18,"dave_coin",2,[-60],[0,"10Kz6yDONLX5bG8ithOj6V",1,0],[5,139,147],[-278,24,0,0,0,0,1,1,1,1]],[28,22,[14]],[19,"Icon",4,[-61],[0,"bbPosaf65BiqLKC/qezjj2",1,0],[5,128,68],[0,0,1],[0,4,0,0,0,0,1,1,1,1]],[29,0,false,24,[15]],[31,"1000",30,33,false,1,1,1,8,[18]],[5,"返回",30,34,false,1,1,9,[21]],[5,"立即领取",30,34,false,1,1,11,[26]],[5,"硬币：123456",28,32,false,1,1,12,[29]]],0,[0,3,1,0,0,1,0,0,1,0,4,10,0,5,27,0,6,28,0,7,29,0,8,21,0,9,19,0,10,25,0,11,4,0,12,23,0,13,5,0,14,26,0,0,1,0,-1,7,0,-2,2,0,-1,13,0,-2,14,0,-3,15,0,-4,16,0,-5,17,0,-6,18,0,-7,20,0,-8,22,0,-9,4,0,-10,5,0,-11,6,0,-12,3,0,-13,12,0,0,3,0,0,3,0,-1,10,0,-2,11,0,0,4,0,-1,24,0,0,5,0,-1,8,0,0,6,0,0,6,0,-1,9,0,0,7,0,0,7,0,-1,26,0,0,8,0,-1,27,0,0,9,0,0,10,0,-1,28,0,0,11,0,-1,29,0,0,12,0,0,13,0,0,14,0,0,15,0,0,16,0,0,17,0,-1,19,0,-1,21,0,-1,23,0,-1,25,0,15,1,61],[0,0,0,0,0,0,0,0,0,0,0,0,0,0,0,0,0,0,0,0,0,0,0,0,0,0,0,0,0,0,19,21,26,27,28,29],[-1,1,-1,1,-1,1,-1,1,-1,1,-1,1,-1,-1,-1,-1,-1,1,-1,-1,1,-1,-1,1,-1,1,-1,-1,1,-1,2,2,2,2,2,2],[0,3,0,4,0,5,0,6,0,7,0,8,0,0,0,0,0,9,0,0,10,0,0,2,0,11,0,0,2,0,1,1,1,1,1,1]],[[{"name":"ad_icon","rect":[0,0,35,26],"offset":[0,0],"originalSize":[35,26],"capInsets":[0,0,0,0]}],[6],0,[0],[16],[12]]]]