[1,["ecpdLyjvZBwrvm+cedCcQy","19cvaKLFlHTqdgDAFG1Lf4","23RX7taYdHBr8gby6/chdU","7a/QZLET9IDreTiBfRn2PD","5f6VFeQKFJ2qeM+/G/mHYN","aaupILn8NEQ6Afbsuq05OA","61yHzwfppD7LsYUdmNiEoR"],["_parent","node","root","data","_spriteFrame","shootNode","body","animation","cornBulletPrefab","butterBulletPrefab","_N$skeletonData"],[["cc.Node",["_name","_groupIndex","_prefab","_parent","_children","_components","_trs","_contentSize"],1,4,1,2,9,7,5],["cc.Node",["_name","_groupIndex","_parent","_prefab","_children","_components"],1,1,4,12,2],["cc.PrefabInfo",["fileId","root","asset"],2,1,1],["cc.Prefab",["_name"],2],["cc.Node",["_name","_children","_components","_prefab","_trs"],2,2,12,4,7],["cc.Node",["_name","_parent","_children","_components","_prefab","_contentSize","_trs"],2,1,2,2,4,5,7],["cc.Node",["_name","_parent","_children","_prefab"],2,1,9,4],["cc.CircleCollider",["_radius","node"],2,1],["fee5cYvFCdESpVzGX06894o",["node"],3,1],["cc.Sprite",["node","_materials","_spriteFrame"],3,1,3,6],["sp.SkeletonData",["_name","_atlasText","textureNames","_skeletonJson","textures"],-1,3],["a554b9cVXhM/bC6YEkbOSS+",["node","animation","body","shootNode","cornBulletPrefab","butterBulletPrefab"],3,1,1,1,1,6,6],["sp.Skeleton",["defaultSkin","defaultAnimation","_preCacheMode","_animationName","node","_materials"],-1,1,3],["cc.BoxCollider",["node","_offset","_size"],3,1,5,5],["96c396uvMtPhLUJFoRD9JmK",["node","body"],3,1,1],["261d4+Q1HdGA5w3tjdBw83c",["node","spineAnimation"],3,1,1]],[[2,0,1,2,2],[0,0,3,4,2,2],[0,0,3,2,2],[6,0,1,2,3,2],[3,0,2],[2,1,2,1],[0,0,1,4,5,2,3],[0,0,1,3,5,2,7,6,3],[7,0,1,2],[8,0,1],[9,0,1,2,1],[0,0,4,2,2],[0,0,3,2,6,2],[4,0,1,2,3,4,2],[1,0,2,4,3,2],[1,0,1,2,5,3,3],[5,0,1,2,3,4,5,6,2],[10,0,1,2,3,4,5],[11,0,1,2,3,4,5,1],[12,0,1,2,3,4,5,5],[13,0,1,2,1],[14,0,1,1],[15,0,1,1]],[[[[4,"CornBullet"],[6,"CornBullet",1,[-4],[[8,20,-2],[9,-3]],[5,-1,0]],[7,"ProjectilePea",1,1,[[10,-5,[0],1]],[0,"20cZ/i8jJNJr63Fm4JvvFQ",1,0],[5,18,16],[0,0,0,0,0,0,1,2,2,1]]],0,[0,2,1,0,1,1,0,1,1,0,-1,2,0,1,2,0,3,1,5],[0,0],[-1,4],[0,1]],[[[17,"n05_yumi","\nn05_yumi.png\nsize: 266,181\nformat: RGBA8888\nfilter: Linear,Linear\nrepeat: none\nimages/changgan\n  rotate: false\n  xy: 2, 2\n  size: 152, 44\n  orig: 152, 44\n  offset: 0, 0\n  index: -1\nimages/gandi\n  rotate: true\n  xy: 185, 105\n  size: 74, 40\n  orig: 74, 40\n  offset: 0, 0\n  index: -1\nimages/huangyou\n  rotate: true\n  xy: 106, 98\n  size: 81, 77\n  orig: 98, 83\n  offset: 5, 3\n  index: -1\nimages/ymeye\n  rotate: false\n  xy: 156, 34\n  size: 29, 21\n  orig: 29, 21\n  offset: 0, 0\n  index: -1\nimages/ymeye0\n  rotate: false\n  xy: 187, 28\n  size: 29, 21\n  orig: 29, 21\n  offset: 0, 0\n  index: -1\nimages/ymmeiL\n  rotate: false\n  xy: 186, 11\n  size: 16, 15\n  orig: 16, 15\n  offset: 0, 0\n  index: -1\nimages/ymmeiR\n  rotate: false\n  xy: 156, 15\n  size: 28, 17\n  orig: 29, 17\n  offset: 0, 0\n  index: -1\nimages/ymshenti\n  rotate: false\n  xy: 2, 48\n  size: 102, 131\n  orig: 102, 131\n  offset: 0, 0\n  index: -1\nimages/ymye0\n  rotate: true\n  xy: 227, 103\n  size: 76, 35\n  orig: 76, 35\n  offset: 0, 0\n  index: -1\nimages/ymye1\n  rotate: false\n  xy: 106, 57\n  size: 83, 39\n  orig: 83, 39\n  offset: 0, 0\n  index: -1\nimages/ymye3\n  rotate: true\n  xy: 220, 49\n  size: 52, 37\n  orig: 52, 37\n  offset: 0, 0\n  index: -1\nimages/ymye4\n  rotate: true\n  xy: 191, 51\n  size: 52, 27\n  orig: 52, 27\n  offset: 0, 0\n  index: -1\nimages/yumi\n  rotate: true\n  xy: 218, 6\n  size: 41, 46\n  orig: 41, 46\n  offset: 0, 0\n  index: -1\n",["n05_yumi.png"],{"skeleton":{"hash":"jE22ztY1XAmea0X/bAa107m0IdQ","spine":"3.8.99","x":-96.17,"y":-7.82,"width":140.34,"height":122.96},"bones":[{"name":"root","x":7.31,"y":-2.09,"scaleX":1.3288,"scaleY":1.3288,"transform":"onlyTranslation"},{"name":"bone","parent":"root","x":-2.91,"y":-0.79,"scaleX":0.5227,"scaleY":0.5227,"transform":"onlyTranslation"},{"name":"ymye0","parent":"bone","x":-12.18,"y":16.2,"transform":"noRotationOrReflection"},{"name":"ymye4","parent":"bone","rotation":90,"x":27.79,"y":17.87,"transform":"noRotationOrReflection"},{"name":"ymye3","parent":"bone","x":-35.01,"y":20.35,"transform":"noRotationOrReflection"},{"name":"ymye1","parent":"bone","x":-0.15,"y":19.08,"transform":"noRotationOrReflection"},{"name":"ymshenti","parent":"bone","length":39,"rotation":90,"x":0.55,"y":0.05,"transform":"noRotationOrReflection"},{"name":"ymye11","parent":"ymye1","length":23,"rotation":-1.93,"x":4.68,"y":2.55},{"name":"ymye01","parent":"ymye0","length":18,"rotation":-171.95,"x":-8.62,"y":4.2},{"name":"ymye41","parent":"ymye4","length":14,"rotation":-64.2,"x":2.22,"y":-2.5},{"name":"ymye31","parent":"ymye3","length":18,"rotation":170.68,"x":-2.78,"y":0.9},{"name":"ymmeiR","parent":"ymshenti","length":16,"rotation":126.43,"x":73.85,"y":1.1},{"name":"ymmeiL","parent":"ymshenti","length":11,"rotation":-146.69,"x":75.35,"y":-19.97},{"name":"ymeye","parent":"ymshenti","length":22,"rotation":-90,"x":53.75,"y":1.78},{"name":"changgan","parent":"ymshenti","x":119.83,"y":3.76},{"name":"ymye42","parent":"ymye41","length":18,"rotation":-37.53,"x":16.16,"y":-1.21},{"name":"ymye12","parent":"ymye11","length":26,"rotation":-40.88,"x":25.42,"y":-0.22},{"name":"ymye32","parent":"ymye31","length":17,"rotation":-10.6,"x":20.38,"y":-0.05},{"name":"ymye02","parent":"ymye01","length":22,"rotation":29.46,"x":19.26,"y":-0.02},{"name":"changgan1","parent":"changgan","length":29,"rotation":36.17,"x":3.12,"y":1.68},{"name":"ymye43","parent":"ymye42","length":14,"rotation":57,"x":20.17,"y":0.64},{"name":"ymye33","parent":"ymye32","length":16,"rotation":-64.63,"x":17.54,"y":-0.13},{"name":"ymye03","parent":"ymye02","length":20,"rotation":-54.6,"x":23.04,"y":-0.58},{"name":"ymye13","parent":"ymye12","length":19,"rotation":47.83,"x":29.2,"y":-0.08},{"name":"changgan2","parent":"changgan1","length":43,"rotation":87.79,"x":30.25,"y":1.6},{"name":"changgan3","parent":"changgan2","length":39,"rotation":-48.87,"x":43.33,"y":-0.21},{"name":"yumi","parent":"changgan3","x":71.12,"y":-8.43}],"slots":[{"name":"ymye3","bone":"ymye33","attachment":"ymye3"},{"name":"ymye4","bone":"ymye43","attachment":"ymye4"},{"name":"ymshenti","bone":"ymshenti","attachment":"ymshenti"},{"name":"ymeye","bone":"ymeye","attachment":"ymeye"},{"name":"ymmeiR","bone":"ymmeiR","attachment":"ymmeiR"},{"name":"ymmeiL","bone":"ymmeiL","attachment":"ymmeiL"},{"name":"ymye1","bone":"ymye13","attachment":"ymye1"},{"name":"ymye0","bone":"ymye03","attachment":"ymye0"},{"name":"gandi","bone":"changgan3","attachment":"gandi"},{"name":"yumi","bone":"yumi","attachment":"yumi"},{"name":"yumi2","bone":"yumi","attachment":"yumi3"},{"name":"changgan","bone":"changgan3","attachment":"changgan"}],"skins":[{"name":"default","attachments":{"changgan":{"changgan":{"type":"mesh","path":"images/changgan","hull":26,"uvs":[0.96048,0.88409,0.99671,0.83864,0.99671,0.7483,0.84999,0.16989,0.8359,0.12841,0.8154,0.17273,0.63787,0.5733,0.62196,0.60455,0.59885,0.58636,0.47918,0.37955,0.05722,0,0.00329,0,0.00329,0.18466,0.0246,0.62273,0.11902,0.90966,0.21296,1,0.30361,1,0.43656,0.77955,0.61475,0.80795,0.63704,0.80341,0.65393,0.75568,0.82245,0.3767,0.83442,0.35284,0.84606,0.39318,0.91376,0.82557,0.93867,0.88068],"triangles":[7,18,19,7,19,20,8,18,7,8,17,18,9,17,8,16,17,9,10,16,9,10,15,16,10,13,14,10,14,15,12,13,10,11,12,10,6,20,21,5,21,22,5,6,21,6,7,20,23,24,2,3,23,2,4,5,3,5,22,3,22,23,3,25,0,2,24,25,2,2,0,1],"vertices":[4,14,-7.19,-2.15,0.65994,19,-10.58,3,0.30742,24,-0.18,40.85,0.02227,25,-59.55,-5.77,0.01038,4,14,-4.84,-8.65,0.60474,19,-12.52,-3.64,0.3496,24,-6.89,42.53,0.032,25,-65.23,-9.71,0.01366,4,14,-0.16,-8.65,0.5874,19,-8.75,-6.4,0.37461,24,-9.5,38.66,0.02776,25,-64.03,-14.23,0.01022,4,14,29.79,17.66,0.00557,19,30.97,-2.84,0.65948,24,-4.41,-0.89,0.33202,25,-30.89,-36.4,0.00293,4,14,31.93,20.19,0.00948,19,34.19,-2.06,0.51622,24,-3.51,-4.08,0.46816,25,-27.9,-37.82,0.00613,4,14,29.64,23.88,0.00766,19,34.51,2.27,0.36691,24,0.83,-4.23,0.61934,25,-24.93,-34.66,0.00609,4,14,8.89,55.74,0.00461,19,36.57,40.23,0.00881,24,38.84,-4.83,0.63032,25,0.52,-6.42,0.35625,4,14,7.28,58.58,0.00292,19,36.95,43.48,0.00523,24,42.1,-5.08,0.39417,25,2.86,-4.13,0.59768,4,14,8.22,62.74,0.00319,19,40.16,46.27,0.00567,24,45.02,-8.18,0.18007,25,7.11,-3.97,0.81107,4,14,18.93,84.19,0.00941,19,61.47,57.28,0.01628,24,56.84,-29.05,0.06766,25,30.6,-8.79,0.90665,2,24,108.66,-87.64,0.29193,25,108.83,-8.3,0.70807,1,25,118.17,-5.81,1,2,24,122.02,-85.12,0.30417,25,115.72,3.42,0.69583,2,24,131.52,-64.17,0.29933,25,106.19,24.35,0.70067,2,24,125.76,-42.4,0.28152,25,86,34.34,0.71848,2,24,114.4,-29.09,0.25762,25,68.5,34.53,0.74238,4,14,-13.19,115.7,0.05539,19,54.14,101.67,0.06863,24,100.91,-20.01,0.20005,25,52.79,30.35,0.67594,4,14,-1.78,91.85,0.01737,19,49.28,75.68,0.02396,24,74.76,-16.15,0.11549,25,32.68,13.19,0.84319,4,14,-3.25,59.88,0.00588,19,29.21,50.74,0.00821,24,49.06,2.93,0.46676,25,1.4,6.38,0.51915,4,14,-3.01,55.88,0.00501,19,27.04,47.37,0.00699,24,45.61,4.97,0.49826,25,-2.41,5.12,0.48974,4,14,-0.54,52.84,0.00414,19,27.25,43.46,0.00612,24,41.71,4.62,0.54337,25,-4.7,1.96,0.44638,4,14,19.07,22.62,0.02031,19,25.24,7.49,0.31767,24,5.69,5.23,0.64973,25,-28.86,-24.77,0.01228,4,14,20.31,20.46,0.01588,19,24.96,5.02,0.52422,24,3.21,5.41,0.45185,25,-30.63,-26.52,0.00805,4,14,18.22,18.38,0.02313,19,22.05,4.57,0.74324,24,2.65,8.3,0.22466,25,-33.17,-25.04,0.00897,4,14,-4.15,6.23,0.54568,19,-3.18,7.97,0.41555,24,5.07,33.65,0.02704,25,-50.67,-6.54,0.01173,4,14,-7.01,1.76,0.64051,19,-8.13,6.05,0.32623,24,2.96,38.52,0.02256,25,-55.73,-4.93,0.0107]}},"gandi":{"gandi":{"path":"images/gandi","x":72.6,"y":-4.09,"scaleX":1.1765,"scaleY":1.1765,"rotation":-165.09,"width":74,"height":40}},"ymeye":{"ymeye":{"path":"images/ymeye","x":11.47,"y":1.85,"width":29,"height":21},"ymeye0":{"path":"images/ymeye0","x":11.72,"y":1.75,"width":29,"height":21}},"ymmeiL":{"ymmeiL":{"path":"images/ymmeiL","x":5.96,"y":1.14,"rotation":56.69,"width":16,"height":15}},"ymmeiR":{"ymmeiR":{"path":"images/ymmeiR","x":8.12,"y":-0.27,"rotation":143.57,"width":29,"height":17}},"ymshenti":{"ymshenti":{"path":"images/ymshenti","x":66.74,"y":3.3,"rotation":-89.86,"width":102,"height":131}},"ymye0":{"ymye0":{"type":"mesh","path":"images/ymye0","hull":33,"uvs":[0.99342,0.69357,0.99342,0.53071,0.93297,0.31143,0.82383,0.18071,0.73397,0.13714,0.67514,0.15,0.63626,0.04214,0.60489,0,0.47484,0,0.3755,0.10714,0.28499,0.32429,0.21473,0.51571,0.12552,0.67357,0.06801,0.56286,0.0226,0.41643,0.00658,0.44357,0.00658,0.74214,0.12552,0.91571,0.31407,1,0.51536,1,0.67776,0.9,0.80879,0.77286,0.8967,0.64286,0.948,0.67143,0.72563,0.85355,0.62268,0.93392,0.42113,0.05793,0.33299,0.20913,0.17504,0.58595,0.24271,0.43949,0.36897,1,0.2497,0.97122,0.44772,1],"triangles":[10,29,30,11,18,30,29,11,30,11,31,18,11,28,31,28,12,31,12,17,31,16,17,12,13,16,12,14,15,13,15,16,13,27,19,25,26,27,25,27,32,19,27,10,32,9,27,26,10,30,32,4,21,3,5,24,21,4,5,21,26,25,5,5,25,20,5,20,24,6,7,5,7,8,5,8,26,5,22,23,1,2,22,1,1,23,0,3,22,2,3,21,22],"vertices":[1,2,6.18,-6.94,1,1,2,6.18,-1.23,1,1,2,1.56,6.45,1,4,2,-6.8,11.02,0.21,8,-2.76,-6.5,0.70636,18,-22.36,5.19,0.06683,22,-31,-33.67,0.01681,4,2,-13.68,12.54,0.15225,8,3.83,-8.97,0.65155,18,-17.84,-0.2,0.16481,22,-23.98,-33.1,0.03138,4,2,-18.18,12.09,0.10654,8,8.35,-9.15,0.60574,18,-13.99,-2.58,0.2508,22,-19.81,-31.35,0.03692,4,2,-21.14,15.86,0.12117,8,10.76,-13.3,0.47822,18,-13.93,-7.38,0.34066,22,-15.87,-34.08,0.05995,4,2,-23.54,17.34,0.11676,8,12.93,-15.11,0.43765,18,-12.93,-10.02,0.37336,22,-13.14,-34.79,0.07223,4,2,-33.5,17.34,0.08186,8,22.79,-16.5,0.39461,18,-5.03,-16.08,0.41027,22,-3.62,-31.86,0.11326,4,2,-41.11,13.59,0.06678,8,30.84,-13.85,0.35085,18,3.28,-17.74,0.39792,22,2.55,-26.05,0.18444,4,2,-48.03,5.99,0.04269,8,38.76,-7.3,0.20652,18,13.4,-15.92,0.39436,22,6.93,-16.75,0.35643,4,2,-53.39,-0.71,0.0176,8,45.02,-1.42,0.06858,18,21.74,-13.88,0.26048,22,10.09,-8.77,0.65333,4,2,-60.23,-6.23,0.00059,8,52.55,3.1,0.0018,18,30.52,-13.65,0.00836,22,15,-1.47,0.98925,4,2,-64.63,-2.36,0.00346,8,56.37,-1.35,0.00982,18,31.65,-19.41,0.0308,22,20.34,-3.89,0.95592,4,2,-68.09,2.77,0.01504,8,59.08,-6.91,0.04024,18,31.28,-25.58,0.09426,22,25.16,-7.76,0.85046,4,2,-69.33,1.82,0.01323,8,60.43,-6.15,0.03462,18,32.83,-25.59,0.08244,22,26.06,-6.5,0.86971,4,2,-69.33,-8.63,0.0036,8,61.9,4.2,0.00905,18,39.2,-17.3,0.02957,22,22.99,3.48,0.95778,4,2,-60.23,-14.71,0.00928,8,53.74,11.49,0.02531,18,35.68,-6.93,0.15163,22,12.51,6.62,0.81378,4,2,-45.8,-17.66,0.0066,8,39.87,16.43,0.02126,18,26.03,4.19,0.47003,22,-2.15,5.2,0.50211,4,2,-30.39,-17.66,0.06569,8,24.62,18.59,0.20849,18,13.82,13.57,0.44099,22,-16.87,0.68,0.28483,4,2,-17.97,-14.16,0.19836,8,11.83,16.86,0.36511,18,1.84,18.36,0.30806,22,-27.72,-6.32,0.12847,4,2,-7.95,-9.71,0.44835,8,1.27,13.86,0.36722,18,-8.83,20.94,0.1367,22,-36,-13.52,0.04773,1,2,-1.22,-5.16,1,1,2,2.7,-6.16,1,4,2,-14.31,-12.54,0.26534,8,7.98,15.77,0.38618,18,-2.05,19.3,0.25483,22,-30.74,-8.94,0.09365,4,2,-22.19,-15.35,0.13859,8,16.17,17.45,0.33128,18,5.91,16.73,0.36017,22,-24.03,-3.94,0.16997,4,2,-37.61,15.31,0.0713,8,27.15,-15.07,0.37853,18,-0.53,-16.98,0.40764,22,-0.28,-28.72,0.14253,4,2,-44.36,10.02,0.05571,8,34.56,-10.77,0.29517,18,8.03,-16.88,0.40407,22,4.6,-21.68,0.24505,4,2,-56.44,-3.17,0.00801,8,48.37,0.59,0.02773,18,25.65,-13.78,0.12588,22,12.27,-5.52,0.83839,4,2,-51.25,1.96,0.02786,8,42.52,-3.76,0.11905,18,18.42,-14.69,0.3394,22,8.83,-11.95,0.51369,4,2,-41.61,-17.66,0.01153,8,35.72,17.02,0.03901,18,22.71,6.74,0.51143,22,-6.16,3.97,0.43804,4,2,-50.72,-16.66,0.00689,8,44.61,14.75,0.02123,18,29.33,0.4,0.36457,22,2.85,5.69,0.60732,4,2,-35.58,-17.66,0.03365,8,29.75,17.86,0.11611,18,17.93,10.42,0.48913,22,-11.92,2.2,0.3611]}},"ymye1":{"ymye1":{"type":"mesh","path":"images/ymye1","hull":34,"uvs":[0,0.58921,0.04488,0.45128,0.09729,0.36207,0.12349,0.35068,0.15301,0.37663,0.29548,0.5677,0.4506,0.798,0.58012,0.96503,0.64488,0.98718,0.75813,0.98718,0.88102,0.88911,0.96717,0.75435,1,0.65881,1,0.55504,1,0.40952,0.96807,0.34309,0.9241,0.57972,0.87771,0.61515,0.81777,0.54049,0.72289,0.31399,0.63163,0.14505,0.55301,0.08559,0.43193,0.10772,0.34187,0.01282,0.18313,0.01282,0.06807,0.18239,0.01114,0.33803,0,0.44496,0.48656,0.09774,0.33759,0.63021,0.25577,0.51444,0.7012,0.98718,0.7696,0.42548,0.79241,0.47996],"triangles":[16,11,12,16,12,13,16,13,14,15,16,14,16,17,11,17,10,11,18,9,10,18,10,17,32,8,33,8,31,33,33,31,18,31,9,18,7,8,32,19,7,32,6,7,19,20,6,19,21,28,20,28,6,20,29,6,28,22,29,28,5,29,22,23,30,22,30,5,22,4,30,23,24,4,23,3,4,24,25,3,24,25,2,3,25,26,2,26,1,2,26,27,1,27,0,1],"vertices":[1,5,-6.85,-12.3,1,1,5,-3.12,-6.85,1,1,5,1.23,-3.33,1,4,5,3.4,-2.88,0.59766,7,-1.09,-5.47,0.38145,16,-16.61,-21.32,0.01624,23,-46.5,19.69,0.00465,4,5,5.85,-3.9,0.43375,7,1.39,-6.41,0.52204,16,-14.12,-20.4,0.03484,23,-44.15,18.46,0.00937,4,5,17.67,-11.45,0.19349,7,13.46,-13.56,0.46688,16,-0.32,-17.91,0.26746,23,-33.04,9.91,0.07217,4,5,30.55,-20.56,0.08218,7,26.64,-22.23,0.22125,16,15.32,-15.84,0.4441,23,-21.01,-0.3,0.25246,4,5,41.3,-27.16,0.03268,7,37.6,-28.46,0.07916,16,27.69,-13.38,0.44265,23,-10.88,-7.81,0.44551,4,5,46.68,-28.03,0.01988,7,43.01,-29.15,0.0479,16,32.23,-10.36,0.42003,23,-5.59,-9.15,0.51219,4,5,56.08,-28.03,0.01531,7,52.4,-28.83,0.03611,16,39.13,-3.98,0.34347,23,3.77,-9.97,0.60511,4,5,66.28,-24.16,0.00837,7,62.47,-24.62,0.01962,16,43.98,5.79,0.12294,23,14.27,-7.01,0.84907,4,5,73.42,-18.83,0.00186,7,69.43,-19.06,0.00432,16,45.6,14.55,0.01853,23,21.85,-2.33,0.97529,4,5,76.15,-15.06,0.00479,7,72.03,-15.2,0.01116,16,45.04,19.18,0.04057,23,24.9,1.19,0.94348,4,5,76.15,-10.95,0.00923,7,71.89,-11.09,0.02216,16,42.25,22.19,0.07378,23,25.26,5.28,0.89483,4,5,76.15,-5.2,0.02139,7,71.7,-5.34,0.05299,16,38.34,26.41,0.14876,23,25.76,11.01,0.77686,4,5,73.5,-2.58,0.02718,7,68.96,-2.81,0.07087,16,34.62,26.53,0.19098,23,23.35,13.85,0.71096,4,5,69.85,-11.93,0.00439,7,65.63,-12.28,0.01145,16,38.29,17.19,0.05073,23,18.9,4.86,0.93343,4,5,66,-13.33,0.003,7,61.82,-13.81,0.00819,16,36.42,13.55,0.04824,23,14.94,3.8,0.94057,4,5,61.03,-10.38,0.0099,7,56.76,-11.03,0.0309,16,30.77,12.34,0.22277,23,10.25,7.18,0.73643,4,5,53.15,-1.43,0.03237,7,48.58,-2.35,0.1442,16,18.9,13.55,0.49851,23,3.18,16.78,0.32492,4,5,45.58,5.25,0.04327,7,40.79,4.07,0.28874,16,8.81,13.31,0.5149,23,-3.77,24.1,0.15309,4,5,39.05,7.6,0.03651,7,34.19,6.2,0.37862,16,2.42,10.59,0.51532,23,-10.07,27.01,0.06955,4,5,29,6.72,0.01477,7,24.17,4.99,0.51714,16,-4.35,3.12,0.45656,23,-20.16,27.01,0.01152,4,5,21.52,10.47,0.07685,7,16.57,8.48,0.61185,16,-12.39,0.79,0.28586,23,-27.29,31.4,0.02544,1,5,8.35,10.47,1,4,5,-1.2,3.77,0.68697,7,-5.91,1.02,0.29879,16,-24.51,-19.57,0.01094,23,-50.5,26.72,0.00329,1,5,-5.93,-2.38,1,1,5,-6.85,-6.61,1,4,5,33.54,7.11,0.02022,7,28.7,5.53,0.41279,16,-1.29,6.49,0.54258,23,-15.61,27.01,0.02441,4,5,21.17,-13.92,0.15737,7,17.04,-15.91,0.39915,16,3.93,-17.35,0.33567,23,-29.77,7.14,0.10781,4,5,14.38,-9.35,0.23753,7,10.1,-11.57,0.5223,16,-4.16,-18.61,0.1922,23,-36.13,12.29,0.04797,4,5,51.35,-28.03,0.01521,7,47.68,-28.99,0.03653,16,35.66,-7.19,0.38399,23,-0.94,-9.56,0.56427,4,5,57.03,-5.84,0.02132,7,52.61,-6.62,0.07865,16,24.75,12.95,0.41779,23,6.66,12.05,0.48224,4,5,58.92,-7.99,0.01574,7,54.57,-8.71,0.05345,16,27.59,12.66,0.34473,23,8.36,9.74,0.58609]}},"ymye3":{"ymye3":{"type":"mesh","path":"images/ymye3","hull":32,"uvs":[0.99038,0.90185,0.99038,0.79722,0.90612,0.5933,0.79757,0.45335,0.56522,0.41337,0.39954,0.42536,0.29337,0.32873,0.24719,0.27142,0.31337,0.2301,0.43049,0.2301,0.41764,0.16679,0.3305,0.04617,0.22862,0.01351,0.18339,0.04417,0.08294,0.2261,0.00962,0.41737,0.00962,0.56797,0.08436,0.72591,0.22434,0.90185,0.41383,0.98649,0.75947,0.98649,0.92468,0.95117,0.5186,0.98649,0.62143,0.98649,0.64208,0.42659,0.49488,0.41846,0.33764,0.36903,0.04903,0.65127,0.15852,0.81912,0.72138,0.44024,0.68998,0.98649,0.31797,0.94368],"triangles":[26,28,5,10,8,9,17,28,26,11,8,10,27,17,6,12,7,8,12,8,11,6,17,26,13,7,12,15,27,6,7,15,6,15,16,27,14,15,7,13,14,7,25,22,4,5,19,25,25,19,22,31,19,5,18,31,5,28,18,5,3,29,2,29,20,2,24,23,30,24,30,29,29,30,20,4,22,23,4,23,24,2,21,1,1,21,0,20,21,2],"vertices":[1,4,2.27,-1.63,1,1,4,2.27,2.3,1,4,4,-2.16,9.95,0.38915,10,0.86,-9.03,0.49446,17,-17.53,-12.41,0.08724,21,-3.93,-36.96,0.02916,4,4,-7.85,15.2,0.26358,10,7.32,-13.28,0.43695,17,-10.4,-15.41,0.22317,21,1.84,-31.79,0.0763,4,4,-20.06,16.7,0.08996,10,19.62,-12.79,0.37172,17,1.59,-12.66,0.38192,21,4.49,-19.78,0.1564,4,4,-28.76,16.24,0.03611,10,28.13,-10.93,0.18568,17,9.62,-9.27,0.45775,21,4.87,-11.08,0.32046,4,4,-34.33,19.87,0.0157,10,34.21,-13.6,0.0572,17,16.09,-10.78,0.21246,21,9,-5.88,0.71464,4,4,-36.76,22.01,0.00654,10,36.96,-15.33,0.02085,17,19.11,-11.97,0.08116,21,11.37,-3.66,0.89144,4,4,-33.28,23.57,0.0231,10,33.78,-17.43,0.07153,17,16.37,-14.62,0.17973,21,12.59,-7.27,0.72563,4,4,-27.13,23.57,0.06305,10,27.71,-18.43,0.19195,17,10.59,-16.72,0.29142,21,12.01,-13.39,0.45359,4,4,-27.81,25.95,0.06073,10,28.76,-20.66,0.16508,17,12.03,-18.71,0.25065,21,14.43,-12.94,0.52354,4,4,-32.38,30.46,0.03354,10,34,-24.38,0.07941,17,17.87,-21.41,0.14436,21,19.37,-8.82,0.74269,4,4,-37.73,31.7,0.01416,10,39.48,-24.72,0.0327,17,23.32,-20.74,0.07314,21,21.1,-3.61,0.88,4,4,-40.11,30.54,0.00691,10,41.65,-23.2,0.01634,17,25.16,-18.85,0.0416,21,20.18,-1.13,0.93515,4,4,-45.38,23.73,0.00763,10,45.74,-15.62,0.0203,17,27.79,-10.64,0.08716,21,13.89,4.76,0.8849,4,4,-49.23,16.55,0.01879,10,48.38,-7.91,0.05306,17,28.97,-2.58,0.33829,21,7.11,9.27,0.58986,4,4,-49.23,10.89,0.01854,10,47.46,-2.34,0.05584,17,27.04,2.73,0.43539,21,1.48,9.81,0.49023,4,4,-45.3,4.98,0.01481,10,42.62,2.87,0.05211,17,21.33,6.96,0.45732,21,-4.78,6.46,0.47576,4,4,-37.95,-1.63,0.03551,10,34.3,8.19,0.16169,17,12.17,10.66,0.45042,21,-12.05,-0.23,0.35239,4,4,-28.01,-4.8,0.05741,10,23.98,9.72,0.37279,17,1.74,10.26,0.4403,21,-16.16,-9.83,0.12949,4,4,-9.85,-4.8,0.23788,10,6.06,6.78,0.62252,17,-15.33,4.07,0.11358,21,-17.88,-27.9,0.02602,1,4,-1.18,-3.48,1,4,4,-22.51,-4.8,0.06546,10,18.55,8.83,0.44496,17,-3.43,8.39,0.42199,21,-16.68,-15.3,0.06758,4,4,-17.1,-4.8,0.10913,10,13.21,7.95,0.54477,17,-8.52,6.54,0.29853,21,-17.2,-20.69,0.04758,4,4,-16.02,16.2,0.1291,10,15.55,-12.95,0.39934,17,-2.37,-13.57,0.35288,21,3.61,-23.75,0.11868,4,4,-23.75,16.5,0.06292,10,23.23,-12,0.31635,17,5,-11.22,0.41759,21,4.65,-16.09,0.20314,4,4,-32.01,18.37,0.02542,10,31.68,-12.5,0.10502,17,13.4,-10.16,0.33561,21,7.28,-8.04,0.53395,4,4,-47.16,7.77,0.01455,10,44.91,0.41,0.04764,17,24.03,4.96,0.4489,21,-1.82,8.04,0.4889,4,4,-41.41,1.48,0.02115,10,38.22,5.69,0.08622,17,16.48,8.93,0.45578,21,-8.64,2.92,0.43685,4,4,-11.85,15.68,0.18957,10,11.35,-13.12,0.4256,17,-6.47,-14.51,0.2904,21,2.7,-27.86,0.09444,4,4,-13.51,-4.8,0.16073,10,9.67,7.37,0.60818,17,-11.89,5.32,0.19428,21,-17.54,-24.26,0.03681,4,4,-33.04,-3.2,0.04617,10,29.2,8.94,0.26153,17,7.02,10.46,0.46439,21,-14.08,-4.97,0.22792]}},"ymye4":{"ymye4":{"type":"mesh","path":"images/ymye4","hull":29,"uvs":[0.0024,0.96944,0.10096,0.86852,0.22596,0.87222,0.35481,0.93241,0.48654,1,0.63654,1,0.7899,0.90741,0.89519,0.76481,0.97452,0.51111,1,0.3537,1,0.1537,0.93654,0,0.88269,0,0.89375,0.08704,0.90288,0.29167,0.81587,0.36852,0.69279,0.33241,0.56538,0.16852,0.43413,0.12963,0.24856,0.23704,0.11106,0.42685,0.03173,0.63611,0,0.78889,0.29656,0.9052,0.33745,0.18559,0.64496,0.27089,0.75396,0.35036,0.71155,0.95471,0.84171,0.83725],"triangles":[14,8,9,11,13,10,14,9,10,13,14,10,14,15,8,15,7,8,12,13,11,15,26,28,15,28,7,16,27,26,26,27,6,26,6,28,16,5,27,25,4,16,4,5,16,3,4,17,17,4,25,24,3,18,18,3,17,23,3,24,19,23,24,19,2,23,20,2,19,20,21,1,20,1,2,21,22,1,22,0,1],"vertices":[1,3,-3.01,1.76,1,1,3,-0.28,-3.37,1,4,3,-0.38,-9.87,0.19907,9,5.5,-5.55,0.62987,15,-5.81,-9.94,0.14638,20,-23.02,16.02,0.02467,4,3,-2.01,-16.57,0.14096,9,10.82,-9.94,0.39805,15,1.09,-10.18,0.3794,20,-19.46,10.11,0.0816,4,3,-3.83,-23.42,0.09321,9,16.2,-14.56,0.24219,15,8.16,-10.57,0.47001,20,-15.93,3.97,0.19459,4,3,-3.83,-31.22,0.04072,9,23.22,-17.95,0.09893,15,15.8,-8.98,0.49939,20,-10.44,-1.58,0.36096,4,3,-1.33,-39.19,0.01311,9,31.48,-19.17,0.02993,15,23.1,-4.91,0.44521,20,-3.06,-5.48,0.51175,4,3,2.52,-44.67,0.01387,9,38.09,-18.09,0.03059,15,27.68,-0.03,0.32977,20,3.53,-6.66,0.62577,4,3,9.37,-48.8,0.00805,9,44.79,-13.72,0.0175,15,30.33,7.52,0.10129,20,11.31,-4.78,0.87316,4,3,13.62,-50.12,0.00285,9,47.83,-10.47,0.00613,15,30.76,11.95,0.02626,20,15.25,-2.72,0.96475,4,3,19.02,-50.12,0.00718,9,50.18,-5.61,0.01539,15,29.66,17.23,0.04894,20,19.09,1.08,0.92849,4,3,23.17,-46.82,0.02023,9,49.02,-0.44,0.04502,15,25.59,20.63,0.11608,20,19.72,6.34,0.81868,4,3,23.17,-44.02,0.0249,9,46.5,0.78,0.05831,15,22.85,20.06,0.14629,20,17.75,8.33,0.77049,4,3,20.82,-44.6,0.01508,9,46,-1.58,0.03559,15,23.89,17.87,0.1048,20,16.48,6.26,0.84453,4,3,15.3,-45.07,0.0018,9,44.02,-6.76,0.0043,15,25.47,12.56,0.01974,20,12.89,2.05,0.97416,4,3,13.22,-40.55,0.00677,9,39.04,-6.66,0.01835,15,21.47,9.61,0.12183,20,8.23,3.79,0.85304,4,3,14.2,-34.15,0.02693,9,33.71,-3,0.09274,15,15,9.27,0.42914,20,4.43,9.03,0.45119,4,3,18.62,-27.52,0.06065,9,29.66,3.87,0.25732,15,7.61,12.25,0.44631,20,2.9,16.85,0.23572,4,3,19.67,-20.7,0.07423,9,23.98,7.78,0.37794,15,0.72,11.89,0.42801,20,-1.15,22.44,0.11982,4,3,16.77,-11.05,0.10502,9,14.03,9.37,0.48152,15,-8.14,7.09,0.36324,20,-10,27.25,0.05022,4,3,11.65,-3.89,0.23171,9,5.35,7.88,0.56323,15,-14.11,0.62,0.17531,20,-18.68,28.73,0.02975,1,3,6,0.23,1,1,3,1.87,1.88,1,4,3,-1.27,-13.54,0.16717,9,8.42,-7.95,0.48896,15,-2.03,-10.07,0.29298,20,-21.07,12.79,0.05088,4,3,18.16,-15.66,0.07484,9,18.78,8.62,0.44303,15,-3.9,9.39,0.41649,20,-5.77,24.95,0.06564,4,3,15.85,-31.66,0.03974,9,32.18,-0.43,0.15059,15,12.23,10.38,0.46199,20,3.85,11.96,0.34769,4,3,13.71,-37.33,0.01666,9,36.36,-4.82,0.0504,15,18.22,9.43,0.29603,20,6.32,6.43,0.63691,4,3,-2.61,-35.12,0.02022,9,27.26,-18.55,0.04823,15,19.37,-6.99,0.50524,20,-6.83,-3.49,0.4263,4,3,0.56,-41.89,0.01191,9,34.74,-18.64,0.02688,15,25.36,-2.51,0.39253,20,0.18,-6.07,0.56869]}}}},{"name":"huangyou","attachments":{"yumi2":{"yumi3":{"name":"yumi2","path":"images/huangyou","x":3.7,"y":-19.01,"scaleX":1.1765,"scaleY":1.1765,"rotation":-175.05,"width":98,"height":83}}}},{"name":"yumi","attachments":{"yumi":{"yumi":{"path":"images/yumi","x":3.09,"y":0.8,"scaleX":1.1765,"scaleY":1.1765,"rotation":-165.09,"width":41,"height":46}}}}],"events":{"gongji":{}},"animations":{"daiji":{"slots":{"ymeye":{"attachment":[{"name":"ymeye0"}]}},"bones":{"ymeye":{"scale":[{"time":0.4167},{"time":0.5,"y":0.1},{"time":0.625}]},"bone":{"rotate":[{"angle":10.38},{"time":0.5,"angle":-9.84},{"time":1,"angle":10.38}]},"ymshenti":{"rotate":[{},{"time":0.25,"angle":-4.92,"curve":0.5,"c3":0.5},{"time":0.5,"angle":-9.84},{"time":0.75,"angle":-4.92,"curve":0.5,"c3":0.5},{"time":1}],"scale":[{"x":1.1,"y":0.95},{"time":0.25,"x":0.95,"y":1.05,"curve":0.5,"c3":0.5},{"time":0.5,"x":1.1,"y":0.95},{"time":0.75,"x":0.95,"y":1.05,"curve":0.5,"c3":0.5},{"time":1,"x":1.1,"y":0.95}]},"ymye11":{"rotate":[{"angle":-2.32},{"time":0.5,"angle":13.84},{"time":1,"angle":-2.32}]},"ymye12":{"rotate":[{"angle":-4.69},{"time":0.5,"angle":11.46},{"time":1,"angle":-4.69}]},"ymye13":{"rotate":[{"angle":-7.07},{"time":0.5,"angle":9.08},{"time":1,"angle":-7.07}]},"ymye01":{"rotate":[{"angle":-14.7},{"time":0.5,"angle":5.81},{"time":1,"angle":-14.7}]},"ymye02":{"rotate":[{"angle":-8.69},{"time":0.5,"angle":11.81},{"time":1,"angle":-8.69}]},"ymye03":{"rotate":[{"angle":-2.69},{"time":0.5,"angle":17.82},{"time":1,"angle":-2.69}]},"ymye41":{"rotate":[{"angle":-25.83},{"time":0.5,"angle":4.79},{"time":1,"angle":-25.83}]},"ymye42":{"rotate":[{"angle":-28.89},{"time":0.5,"angle":1.73},{"time":1,"angle":-28.89}]},"ymye43":{"rotate":[{"angle":-40.49},{"time":0.5,"angle":-9.87},{"time":1,"angle":-40.49}]},"ymye31":{"rotate":[{"angle":10.32},{"time":0.5,"angle":25.83},{"time":1,"angle":10.32}]},"ymye32":{"rotate":[{"angle":15.69},{"time":0.5,"angle":31.2},{"time":1,"angle":15.69}]},"ymye33":{"rotate":[{"angle":21.05},{"time":0.5,"angle":36.56},{"time":1,"angle":21.05}]},"ymmeiR":{"rotate":[{"angle":-11.35}],"translate":[{"x":-1.12,"y":-4.85,"curve":"stepped"},{"time":0.4167,"x":-1.12,"y":-4.85},{"time":0.5,"x":-10.38,"y":-8.66},{"time":0.625,"x":-1.12,"y":-4.85}]},"ymmeiL":{"rotate":[{"angle":50.78}],"translate":[{"x":-4.73,"y":2.94,"curve":"stepped"},{"time":0.4167,"x":-4.73,"y":2.94},{"time":0.5,"x":-12.6,"y":4.94},{"time":0.625,"x":-4.73,"y":2.94}]},"changgan1":{"rotate":[{},{"time":0.25,"angle":7.61},{"time":0.5,"angle":-4.49},{"time":0.75,"angle":7.61},{"time":1}]},"changgan2":{"rotate":[{},{"time":0.25,"angle":7.61},{"time":0.5,"angle":-4.49},{"time":0.75,"angle":7.61},{"time":1}]},"changgan3":{"rotate":[{},{"time":0.25,"angle":7.61},{"time":0.5,"angle":-4.49},{"time":0.75,"angle":7.61},{"time":1}]},"yumi":{"translate":[{"time":0.375},{"time":0.5833,"x":-3.14,"y":-31.74},{"time":0.75}]}}},"gongji":{"slots":{"ymeye":{"attachment":[{"name":"ymeye0"}]},"yumi":{"color":[{"time":0.25,"color":"ffffffff"},{"time":0.3333,"color":"ffffff00","curve":"stepped"},{"time":0.375,"color":"ffffff00"},{"time":0.4167,"color":"ffffffff"}]},"yumi2":{"color":[{"time":0.25,"color":"ffffffff"},{"time":0.3333,"color":"ffffff00","curve":"stepped"},{"time":0.375,"color":"ffffff00"},{"time":0.4167,"color":"ffffffff"}]}},"bones":{"ymeye":{"translate":[{"x":-6.82}]},"yumi":{"translate":[{"time":0.1667},{"time":0.25,"x":-0.05,"y":-77.13},{"time":0.2917,"x":-34.11,"y":-141.02},{"time":0.3333,"x":-109.12,"y":-192.52},{"time":0.4167}]},"ymshenti":{"rotate":[{},{"time":0.1667,"angle":8.17},{"time":0.25,"angle":-11.42},{"time":0.4167}]},"ymye11":{"rotate":[{"angle":7.52},{"time":0.1667,"angle":0.51},{"time":0.25,"angle":7.59},{"time":0.4167,"angle":7.52}]},"ymye12":{"rotate":[{"angle":5.14},{"time":0.1667,"angle":-1.87},{"time":0.25,"angle":5.21},{"time":0.4167,"angle":5.14}]},"ymye13":{"rotate":[{"angle":2.77},{"time":0.1667,"angle":-4.24},{"time":0.25,"angle":2.84},{"time":0.4167,"angle":2.77}]},"ymye01":{"rotate":[{"angle":-6.3},{"time":0.1667,"angle":2.4},{"time":0.25,"angle":-13.5},{"time":0.4167,"angle":-6.3}]},"ymye02":{"rotate":[{"angle":-0.3},{"time":0.1667,"angle":8.41},{"time":0.25,"angle":-7.49},{"time":0.4167,"angle":-0.3}]},"ymye03":{"rotate":[{"angle":5.71},{"time":0.1667,"angle":14.42},{"time":0.25,"angle":-1.48},{"time":0.4167,"angle":5.71}]},"ymye41":{"rotate":[{},{"time":0.1667,"angle":-17.03},{"time":0.25,"angle":14.29},{"time":0.4167}]},"ymye42":{"rotate":[{"angle":-3.06},{"time":0.1667,"angle":-20.09},{"time":0.25,"angle":11.23},{"time":0.4167,"angle":-3.06}]},"ymye43":{"rotate":[{"angle":-14.66},{"time":0.1667,"angle":-31.69},{"time":0.25,"angle":-0.36},{"time":0.4167,"angle":-14.66}]},"ymye31":{"rotate":[{},{"time":0.1667,"angle":21.73},{"time":0.25,"angle":-12.92},{"time":0.4167}]},"ymye32":{"rotate":[{"angle":5.37},{"time":0.1667,"angle":27.09},{"time":0.25,"angle":-7.55},{"time":0.4167,"angle":5.37}]},"ymye33":{"rotate":[{"angle":10.73},{"time":0.1667,"angle":32.46},{"time":0.25,"angle":-2.19},{"time":0.4167,"angle":10.73}]},"ymmeiR":{"rotate":[{"angle":-11.35}],"translate":[{"x":-18.06,"y":-7.13}],"scale":[{"y":-1}]},"ymmeiL":{"rotate":[{"angle":50.78}],"translate":[{"x":-21.25,"y":2.17}],"scale":[{"y":-1}]},"changgan1":{"rotate":[{},{"time":0.1667,"angle":8.98},{"time":0.25,"angle":-22.08},{"time":0.4167}]},"changgan2":{"rotate":[{},{"time":0.1667,"angle":8.98},{"time":0.25,"angle":-22.08},{"time":0.4167}]},"changgan3":{"rotate":[{},{"time":0.1667,"angle":8.98},{"time":0.25,"angle":-22.08},{"time":0.4167}]}},"events":[{"time":0.25,"name":"gongji"}]}}},[0]]],0,0,[0],[-1],[2]],[[[4,"ButterBullet"],[6,"ButterBullet",1,[-4],[[8,20,-2],[9,-3]],[5,-1,0]],[7,"ProjectilePea",1,1,[[10,-5,[0],1]],[0,"20cZ/i8jJNJr63Fm4JvvFQ",1,0],[5,18,16],[0,0,0,0,0,0,1,2,2,1]]],0,[0,2,1,0,1,1,0,1,1,0,-1,2,0,1,2,0,3,1,5],[0,0],[-1,4],[0,1]],[[[4,"KernelPult"],[13,"KernelPult",[-7,-8,-9],[[-2,[18,-6,-5,-4,-3,1,2]],1,4],[5,-1,0],[-494,-293,0,0,0,0,1,1,1,1]],[11,"ATTACHED_NODE:bone",[-10,-11,-12,-13,-14],[0,"afpnhqx3tNcJpt4ttZE+sv",1,0]],[14,"ATTACHED_NODE:ymshenti",2,[[[2,"ATTACHED_NODE:ymmeiR",-15,[0,"141w0Q2BNJlrLIle/DRgNI",1,0]],[2,"ATTACHED_NODE:ymmeiL",-16,[0,"a793dXFV9Ii4uw6+Y5R2td",1,0]],[2,"ATTACHED_NODE:ymeye",-17,[0,"5dH7x28c5DVJskkn2IqXe+",1,0]],-18],4,4,4,1],[0,"dcj9Fiv3JKtqQj+ZHgGgJM",1,0]],[16,"xiguatoushou",1,[-20],[-19],[0,"71V/T3RR5AFYPGeWgfZ5WW",1,0],[5,140.34,122.96],[0,30,0,0,0,0,1,1,1,1]],[15,"bodyC",5,1,[-21,-22],[0,"22rmoohLJCZY7Y1qo0nIrW",1,0]],[1,"ATTACHED_NODE_TREE",4,[-23],[0,"30h3CCUiJIPJJRjZDNgUu3",1,0]],[1,"ATTACHED_NODE:root",6,[2],[0,"6dNQMAj4JPW78ySBmCcjfe",1,0]],[1,"ATTACHED_NODE:ymye0",2,[-24],[0,"b9Ws6DdYZOV4HSEpKYlcKG",1,0]],[1,"ATTACHED_NODE:ymye01",8,[-25],[0,"25eftpWQtDqJYahSHtFgWX",1,0]],[3,"ATTACHED_NODE:ymye02",9,[[2,"ATTACHED_NODE:ymye03",-26,[0,"6e58LbXEFDWq09Zokww/8v",1,0]]],[0,"12Myoit+hAVb83OHdHMTVq",1,0]],[1,"ATTACHED_NODE:ymye4",2,[-27],[0,"acbzhqUaVPtbOcUtQnfktF",1,0]],[1,"ATTACHED_NODE:ymye41",11,[-28],[0,"63XGk8gR9H4oI/kqKvlr/R",1,0]],[3,"ATTACHED_NODE:ymye42",12,[[2,"ATTACHED_NODE:ymye43",-29,[0,"d6N8vV4OxAJrE3GZZeHe9x",1,0]]],[0,"3bLmvV0u1PPLH5UOiRKtJh",1,0]],[1,"ATTACHED_NODE:ymye3",2,[-30],[0,"b5/VkyhUBEyZwAxYUXlz5o",1,0]],[1,"ATTACHED_NODE:ymye31",14,[-31],[0,"6f1h7pcW1BzYuJOfzifffd",1,0]],[3,"ATTACHED_NODE:ymye32",15,[[2,"ATTACHED_NODE:ymye33",-32,[0,"8dSB4NPIJCH6TqUC/yXbaK",1,0]]],[0,"07ZVBv/Y5NEKpCTAX7wv0K",1,0]],[1,"ATTACHED_NODE:ymye1",2,[-33],[0,"bcIqT2AdxDqpZ9oWt5GBi+",1,0]],[1,"ATTACHED_NODE:ymye11",17,[-34],[0,"82/qiaBr5P+pjMLKQfmpCb",1,0]],[3,"ATTACHED_NODE:ymye12",18,[[2,"ATTACHED_NODE:ymye13",-35,[0,"d1ZyctVY5BLI7HOmRZ9nbh",1,0]]],[0,"9fFFJgh/VDUraXxh/+3Zoy",1,0]],[1,"ATTACHED_NODE:changgan",3,[-36],[0,"e92rDQD65EZbYwh/54nn9G",1,0]],[1,"ATTACHED_NODE:changgan1",20,[-37],[0,"21r/IAQm9IFYxDffM29sfR",1,0]],[1,"ATTACHED_NODE:changgan2",21,[-38],[0,"c99ReUHaNC+7uw+HeHVrlk",1,0]],[3,"ATTACHED_NODE:changgan3",22,[[2,"ATTACHED_NODE:yumi",-39,[0,"8fVbJN9P5E0b3IYcu7/eI4",1,0]]],[0,"93Hln/hnlI2IknfrAytu2T",1,0]],[19,"default","daiji",0,"daiji",4,[0]],[12,"shoot",1,[0,"efnYfmfjpHkpOBsQk5R9Bv",1,0],[-46,138,0,0,0,0,1,1,1,1]],[20,5,[0,0,80],[5,100,160]],[21,5,26],[22,1,24]],0,[0,2,1,0,-1,28,0,5,25,0,6,27,0,7,28,0,1,1,0,-1,4,0,-2,25,0,-3,5,0,-1,8,0,-2,11,0,-3,14,0,-4,17,0,-5,3,0,0,3,0,0,3,0,0,3,0,-4,20,0,-1,24,0,-1,6,0,-1,26,0,-2,27,0,-1,7,0,-1,9,0,-1,10,0,0,10,0,-1,12,0,-1,13,0,0,13,0,-1,15,0,-1,16,0,0,16,0,-1,18,0,-1,19,0,0,19,0,-1,21,0,-1,22,0,-1,23,0,0,23,0,3,1,2,0,7,39],[0,0,0,24],[-1,8,9,10],[3,4,5,6]]]]