[1,["ecpdLyjvZBwrvm+cedCcQy","caohSHbS5GEIzmwCrnMGn5","64IAHuwOJCoJnLhhQ/vaak","93vpLh/gxPBbDk75enOPTU","37q9ssi/pPraicXQhdEjQC","8bTJbJxeRNupvQhP4MKZRt","8a/9+cFQZDG7GexhCXurWh","a2MjXRFdtLlYQ5ouAFv/+R","4cBDbTA1ZANbLccea8eDX0","2eYLUKo6tPT57j6FrILgK/","d997nR+RFAn4BwOB0k/brD","9emp0+r0dOyoekFQSk4xfF","d2ZGoXsvxNPpYQeg0dj6Iw","44bksLkvhJmYIid3e+Yv+b","63JgSoN8ZGyYpSIuLOLZV2","6cs1ju++BA2pnJ/Nf4qpTd","1c2bpTWrpAGpEcm2IoLWY6","e3LPDqESZIYo1enoUPcfK2","22ES5yN35Pt5ILmikNVh8n","76lcNMP7FNkJZxa1tM5tXx","85fn2+i6ZL6rt4mGKCEbGG","d1H3JDV3dAFbRv2qWbYq3J","71e1tMvDxLNptaIiIqy1JZ","54lXWZYt1BuLEEf+SoCl4z","f95p5TB0dMTpR3+jdqkG9e","73OV9d1eRKZ6kjSy/Kihh4","8eh7o3lfxCxpXBJHKbfPe4","83OP+r/XdJF6oni5Kxf9Gg","42eFfq/lxN1787lfcI1EGc","f15WfMeOZOlasoK3BUSrdP","ebGIrDIKxAd7f2g70sj3Kd","0fws9GItxD/Ju818uaiA52","49+F2NaXxKJqo/eS8jW3hG","30ORVfjrhLVpiObaJiG9tT","e3ovpAIvlJpINq4CsOYyAZ","b5nNSsFgVBzYqhDXC9+NNd","dcMNdZ6/VHHI34Ljcxq19i","8ciOgH+/VCxrzLJxELb1JG","02Emgoz1hMza5NPXtEiqF+","96BpblhtFKZIFb9zZqfUrc","dfMmHFPAFNmZDOgSb9HCJW","160jK7m35As7Nve1iqtlvr","089+TCoEVCn5ZhWKQHRcWv","3bckvHjwdEH69fby2gKnHL","13gP8iunJHborOF+4wyOMW","b2gJfSbhBPxo9sexPqweJR","35ym4GdvJB1aZkWGhaFHKT","39L/2PjZBOFafIAVK7JIg8","407AxcCwVHIpPNL1vUFaTI","f26sTuyh5OS61yrFH4x/R1","f75poy+Z9Hs6Elif+BzL81","e9i4L/jV5HlqjZ1OTc37tQ","68Lg1YzHFDWbuDs6hjZGWL","6diHoWarNMup+ZhWArrNMw","a4vsgF6cZAPoOAI1wOYmcR","baFmbDcsNAU411mHzdykyD","d5unwK7PpPoouwXYZc/DKX","07skdVw0JKbZMxA9Q1QJw5","41FUhoHQ5B0I/NemmyXVvV","a0axd7YH9D5oTjFSKU+qFW","57USXCd+BPcaZcLF/gy2br","65qlMzQplMlYHhD5OpsG6L","d0S+eewr1IN6hqfXXfNg1m","bdVjnsMjVLKLb/9vMLOvNG","d2JbDcoo9PnY4hYzsQthsF","75qryiWPdBkq4tlFxGuL1E","c8q34xztpO8JG8bmwPYGxY","89RFCcOIxK4L1Ao7OoEfuI","17f27iUmlPz5et+IhQpUFd","54TTd88OFPRZ3jxdXV19t3"],["node","_spriteFrame","_N$file","_textureSetter","tipNode","_parent","widget","root","turntableNode","noticeNode","plantSkinBtn","power","welfareTaskTips","welfareTaskNode","targetAppIdNode","anniversaryBtn","btnContent","passScene","xyTipNode","giftBtn","spiderTaskNode","weekTwoTaskNode","creativeModeNode","weekTwoTipNode","welfareArrow","welfareMask","creativeTip","invivateNode","gameClubNode","recordNode","addToDeskNode","sideBarNode","achUI","gameClubBtn","shareGiftBtn","monthSignBtn","signBtn","achBtn","shopBtn","gardenBtn","guanKaDescLab","leafNode","challengeBtn","challengeNode","closeEyeNode","xyBtn","xyNode","adventureBtn","adventureNode","target","shareRewardNode","bt_label","getPowerLeftLab","powerAni","powerLab","data"],[["cc.Node",["_name","_active","_prefab","_contentSize","_components","_trs","_parent","_children","_eulerAngles","_anchorPoint","_color"],1,4,5,9,7,1,2,5,5,5],"cc.SpriteFrame",["cc.Label",["_fontSize","_lineHeight","_N$horizontalAlign","_N$verticalAlign","_string","_isSystemFontUsed","_N$cacheMode","node","_materials","_N$file"],-4,1,3,6],["cc.Sprite",["_sizeMode","_type","_isTrimmedMode","node","_materials","_spriteFrame"],0,1,3,6],["cc.Widget",["_alignFlags","_left","_right","_bottom","node"],-1,1],["cc.ClickEvent",["_componentId","handler","customEventData","target"],0,1],["cc.Node",["_name","_parent","_components","_prefab","_contentSize","_trs","_children"],2,1,12,4,5,7,2],["cc.Node",["_name","_parent","_components","_prefab","_contentSize","_trs","_anchorPoint"],2,1,2,4,5,7,5],["cc.PrefabInfo",["fileId","root","asset"],2,1,1],["cc.Layout",["_N$layoutType","_N$spacingX","_N$paddingLeft","_N$paddingTop","_N$spacingY","node","_layoutSize"],-2,1,5],["cc.Button",["_N$transition","node","clickEvents"],2,1,9],["cc.Prefab",["_name"],2],["ca117f9f6FOXbZyu8xg7+mB",["node","adventureNode","adventureBtn","xyNode","xyBtn","closeEyeNode","challengeNode","challengeBtn","leafNode","guanKaDescLab","gardenBtn","shopBtn","achBtn","signBtn","monthSignBtn","shareGiftBtn","gameClubBtn","achUI","sideBarNode","addToDeskNode","recordNode","gameClubNode","invivateNode","carouselImgArr","creativeTip","welfareMask","welfareArrow","weekTwoTipNode","creativeModeNode","weekTwoTaskNode","spiderTaskNode","giftBtn","xyTipNode","passScene","btnContent","anniversaryBtn","targetAppIdNode","welfareTaskNode","welfareTaskTips","power","plantSkinBtn","noticeNode","turntableNode"],3,1,1,1,1,1,1,1,1,1,1,1,1,1,1,1,1,1,1,1,1,1,1,1,2,1,1,1,1,1,1,1,1,1,1,1,1,1,1,1,1,1,1,1],["42313kvA4BFtrzlzDcwp0vx",["leftOffset","node","widget"],2,1,1],["0c8c7sXsaRMZ4adaa2ij6aR",["type","node","tipNode"],2,1,1],["4c598GgxydIZ4J/snCF5xab",["btnPos","node","bt_label","shareRewardNode"],2,1,1,1],["ecd83JmX5VOKoHPwQkk0m/P",["node","powerLab","powerAni","getPowerLeftLab"],3,1,1,1,1],["cc.Mask",["node","_materials"],3,1,3],["cc.BlockInputEvents",["node"],3,1],["cc.LabelOutline",["_width","node","_color"],2,1,5]],[[8,0,1,2,2],[3,3,4,5,1],[0,0,6,4,2,3,5,2],[0,0,6,7,4,2,3,5,2],[5,0,1,3,3],[0,0,6,4,2,3,2],[19,0,1,2,2],[10,0,1,2,2],[0,0,1,6,7,4,2,3,5,3],[2,4,0,1,5,2,3,6,7,8,9,8],[3,0,3,4,5,2],[14,0,1,2,2],[0,0,1,6,4,2,3,3],[10,1,2,1],[0,0,1,6,4,2,3,5,3],[4,0,4,2],[0,0,7,4,2,3,5,2],[0,0,6,7,4,2,3,2],[0,0,6,4,2,10,3,5,2],[0,0,6,7,2,3,5,8,2],[3,1,0,3,4,5,3],[0,0,6,7,4,2,3,5,8,2],[6,0,1,6,2,3,4,5,2],[7,0,1,2,3,4,5,2],[4,0,1,3,4,4],[13,0,1,2,2],[5,0,1,2,3,4],[17,0,1,1],[18,0,1],[2,4,0,1,5,2,3,7,8,9,7],[11,0,2],[0,0,7,4,2,3,9,5,2],[0,0,6,7,2,3,5,2],[0,0,7,4,2,3,9,2],[0,0,4,2,3,5,2],[0,0,6,7,4,2,10,3,5,2],[0,0,7,4,2,3,5,8,2],[0,0,6,7,2,3,9,5,2],[0,0,6,2,3,5,8,2],[6,0,1,2,3,4,5,2],[7,0,1,2,3,4,6,5,2],[4,0,1,2,4,4],[12,0,1,2,3,4,5,6,7,8,9,10,11,12,13,14,15,16,17,18,19,20,21,22,23,24,25,26,27,28,29,30,31,32,33,34,35,36,37,38,39,40,41,42,1],[8,1,2,1],[9,0,1,5,3],[9,0,2,3,1,4,5,6,6],[3,1,0,2,3,4,5,4],[5,0,1,3],[15,0,1,2,3,2],[16,0,1,2,3,1],[2,4,0,1,5,2,3,7,8,7],[2,4,0,1,5,2,3,6,7,8,8],[2,0,1,2,3,7,8,5],[2,4,0,1,2,3,7,8,6]],[[[{"name":"gift_icon","rect":[0,0,86,90],"offset":[0,0],"originalSize":[86,90],"capInsets":[0,0,0,0]}],[1],0,[0],[3],[10]],[[{"name":"home_challenge2S","rect":[0,0,304,158],"offset":[-0.5,0.5],"originalSize":[305,159],"capInsets":[0,0,0,0]}],[1],0,[0],[3],[11]],[[{"name":"passScene","rect":[0,0,1680,720],"offset":[0,0],"originalSize":[1680,720],"capInsets":[0,0,0,0]}],[1],0,[0],[3],[12]],[[{"name":"home_challenge2","rect":[0,0,303,159],"offset":[-1,0],"originalSize":[305,159],"capInsets":[0,0,0,0]}],[1],0,[0],[3],[13]],[[{"name":"recruitImg27","rect":[2,2,32,50],"offset":[-0.5,0.5],"originalSize":[37,55],"capInsets":[0,0,0,0]}],[1],0,[0],[3],[14]],[[{"name":"btn","rect":[0,0,109,96],"offset":[0,0],"originalSize":[109,96],"capInsets":[0,0,0,0]}],[1],0,[0],[3],[15]],[[{"name":"home_bg","rect":[0,0,1680,720],"offset":[0,0],"originalSize":[1680,720],"capInsets":[0,0,0,0]}],[1],0,[0],[3],[16]],[[{"name":"home_xy2","rect":[0,0,351,158],"offset":[0,0],"originalSize":[351,158],"capInsets":[0,0,0,0]}],[1],0,[0],[3],[17]],[[{"name":"home_maoxian2","rect":[0,2,394,221],"offset":[-0.5,-1],"originalSize":[395,223],"capInsets":[0,0,0,0]}],[1],0,[0],[3],[18]],[[{"name":"plantSkinView_6","rect":[0,0,101,117],"offset":[0,0],"originalSize":[101,117],"capInsets":[0,0,0,0]}],[1],0,[0],[3],[19]],[[{"name":"recruitImg28","rect":[0,0,162,83],"offset":[0,0],"originalSize":[162,83],"capInsets":[21,20,22,20]}],[1],0,[0],[3],[20]],[[{"name":"recruitImg13","rect":[0,0,99,93],"offset":[0,0],"originalSize":[99,93],"capInsets":[0,0,0,0]}],[1],0,[0],[3],[21]],[[{"name":"home_xy2S","rect":[0,0,350,153],"offset":[-0.5,2.5],"originalSize":[351,158],"capInsets":[0,0,0,0]}],[1],0,[0],[3],[22]],[[{"name":"home_maoxian2S","rect":[0,1,394,218],"offset":[-0.5,1.5],"originalSize":[395,223],"capInsets":[0,0,0,0]}],[1],0,[0],[3],[23]],[[[30,"HomeView"],[16,"HomeView",[-48,-49,-50,-51,-52,-53],[[15,45,-2],[42,-47,-46,-45,-44,-43,-42,-41,-40,-39,-38,-37,-36,-35,-34,-33,-32,-31,-30,-29,-28,-27,-26,-25,[-22,-23,-24],-21,-20,-19,-18,-17,-16,-15,-14,-13,-12,-11,-10,-9,-8,-7,-6,-5,-4,-3]],[43,-1,0],[5,1280,720],[640,360,0,0,0,0,1,1,1,1]],[17,"main",1,[-55,-56,-57,-58,-59,-60,-61,-62,-63,-64,-65,-66,-67,-68,-69,-70],[[15,45,-54]],[0,"59XQBgkldP+7Cgx6B+oG59",1,0],[5,1280,720]],[22,"layout",2,[-74,-75,-76,-77,-78,-79,-80,-81,-82,-83],[[-71,[25,50,-73,-72]],1,4],[0,"11rmYmkotI2bayXM4+Ez9j",1,0],[5,343,150],[-454.5,-275,0,0,0,0,1,1,1,1]],[22,"horiLayout",2,[-88,-89,-90,-91,-92,-93,-94],[[-84,[25,50,-86,-85],[44,1,20,-87]],1,4,4],[0,"14khoM4uJPhax7i4t/yOSQ",1,0],[5,700,150],[-276,-275,0,0,0,0,1,1,1,1]],[31,"content",[-97,-98,-99,-100,-101,-102,-103],[[20,1,0,-95,[263],264],[45,3,30,40,15,15,-96,[5,500,280]]],[0,"b2SQZOX2VAQ56UCYgIxnhj",1,0],[5,500,280],[0,0,0.5],[0,0,0,0,0,0,1,1,1,0]],[3,"plantSkin",4,[-108,-109,-110,-111],[[1,-104,[80],81],[7,3,-105,[[4,"ca117f9f6FOXbZyu8xg7+mB","clickPlantSkin",1]]],[11,13,-107,-106]],[0,"5dA2r0kPdEtpZO8Pw3WeCl",1,0],[5,101,98],[63.5,0,0,0,0,0,1,1,1,0]],[3,"record_btn",3,[-118,-119,-120],[[1,-112,[137],138],[7,3,-114,[[4,"4c598GgxydIZ4J/snCF5xab","onClick",-113]]],[48,1,-117,-116,-115]],[0,"906fcrJORFtqqn0bWojtHu",1,0],[5,101,98],[-118,439,0,0,0,0,1,1,1,0]],[3,"power_bg",3,[-127,-128,-129,-130],[[46,1,0,false,-121,[292],293],[41,32,53.5,-82.82900000000001,-122],[49,-126,-125,-124,-123]],[0,"2azh9OXDFJ36Wj5S8/WCxR",1,0],[5,249,68],[129.829,569.53,0,0,0,0,1,1,1,1]],[3,"achieve",4,[-135,-136,-137],[[1,-131,[58],59],[7,3,-132,[[4,"ca117f9f6FOXbZyu8xg7+mB","clickAchieve",1]]],[11,3,-134,-133]],[0,"c3U9rZY0lKbJlGF5CHkN5Y",1,0],[5,101,98],[-178.5,0,0,0,0,0,1,1,1,0]],[3,"anniversary_btn",3,[-142,-143,-144],[[1,-138,[153],154],[7,3,-139,[[4,"ca117f9f6FOXbZyu8xg7+mB","clickAnniversaryBtn",1]]],[11,12,-141,-140]],[0,"d97PJ+595EzZRc8LVWkJcs",1,0],[5,101,98],[-121,430.259,0,0,0,0,1,1,1,0]],[3,"turntable_btn",3,[-149,-150,-151],[[1,-145,[165],166],[7,3,-146,[[4,"ca117f9f6FOXbZyu8xg7+mB","clickTurntableBtn",1]]],[11,14,-148,-147]],[0,"f3tqq1EbhIYoSONvnEqZaM",1,0],[5,101,98],[-121,293.197,0,0,0,0,1,1,1,0]],[3,"sign",5,[-156,-157,-158],[[1,-152,[189],190],[7,3,-153,[[4,"ca117f9f6FOXbZyu8xg7+mB","clickSign",1]]],[11,1,-155,-154]],[0,"fbPWsOu+pDMZ7syP3vva5b",1,0],[5,101,98],[80.5,51,0,0,0,0,1,1,1,0]],[3,"monthSign",5,[-163,-164,-165],[[1,-159,[201],202],[7,3,-160,[[4,"ca117f9f6FOXbZyu8xg7+mB","clickMonthSign",1]]],[11,2,-162,-161]],[0,"b16nP0ogtBpYpfp6omrk8C",1,0],[5,101,98],[196.5,51,0,0,0,0,1,1,1,0]],[3,"share_gift",5,[-170,-171,-172],[[1,-166,[213],214],[7,3,-167,[[4,"ca117f9f6FOXbZyu8xg7+mB","clickShareGift",1]]],[11,8,-169,-168]],[0,"2baI/3js9NsbwRjjG2w2JV",1,0],[5,101,98],[312.5,51,0,0,0,0,1,1,1,0]],[3,"yaoqingyouli",5,[-177,-178,-179],[[1,-173,[225],226],[7,3,-174,[[4,"ca117f9f6FOXbZyu8xg7+mB","clickInvitation",1]]],[11,6,-176,-175]],[0,"11sXfVEcJDprOJGQMgGnRJ",1,0],[5,101,98],[428.5,51,0,0,0,0,1,1,1,0]],[8,"task",false,5,[-184,-185,-186],[[1,-180,[237],238],[7,3,-181,[[4,"ca117f9f6FOXbZyu8xg7+mB","clickTasks",1]]],[11,9,-183,-182]],[0,"047tB+681E2KNhFfh+SShZ",1,0],[5,101,98],[196.5,-62,0,0,0,0,1,1,1,0]],[3,"gift_btn",5,[-191,-192,-193],[[1,-187,[249],250],[7,3,-188,[[4,"ca117f9f6FOXbZyu8xg7+mB","clickGift",1]]],[11,8,-190,-189]],[0,"eaI4fdVLFHnIKpXfpntqlq",1,0],[5,101,98],[80.5,-62,0,0,0,0,1,1,1,0]],[8,"xySpidertask",false,5,[-198,-199,-200],[[1,-194,[261],262],[7,3,-195,[[4,"ca117f9f6FOXbZyu8xg7+mB","clickSpiderTasks",1]]],[11,11,-197,-196]],[0,"5f1WFFxS5ORKG6A02AD3GK",1,0],[5,101,98],[312.5,-62,0,0,0,0,1,1,1,0]],[21,"homeAutoContent",2,[-202,-203,-204,-205],[[27,-201,[35]]],[0,"b1JaWlbAdOur8AV0bn7COz",1,0],[5,150,200],[-188.56,-103.574,0,0,0,0.15643446504023087,0.9876883405951378,1,1,1],[1,0,0,18]],[3,"addToDesk",4,[-208,-209,-210],[[1,-206,[100],101],[7,3,-207,[[4,"ca117f9f6FOXbZyu8xg7+mB","clickAddToDesk",1]]]],[0,"cdmPxX4k5J5q+XvbHPc4Nm",1,0],[5,101,98],[305.5,4,0,0,0,0,1,1,1,0]],[3,"WelfareTaskBtn",4,[-213,-214,-215],[[1,-211,[112],113],[7,3,-212,[[4,"ca117f9f6FOXbZyu8xg7+mB","clickWelfareTaskBtn",1]]]],[0,"3dlT4YEktD+7FoJycY6BTo",1,0],[5,101,98],[426.5,4,0,0,0,0,1,1,1,0]],[3,"game_club",3,[-220],[[1,-216,[126],127],[7,3,-217,[[4,"ca117f9f6FOXbZyu8xg7+mB","clickGameClub",1]]],[11,5,-219,-218]],[0,"6cqe0IbwhH5Z4Hw0gIcHjo",1,0],[5,101,113],[-118,439,0,0,0,0,1,1,1,0]],[3,"welfare",3,[-225,-226,-227],[[1,-221,[177],178],[7,3,-222,[[4,"ca117f9f6FOXbZyu8xg7+mB","clickWelfareBtn",1]]],[11,7,-224,-223]],[0,"fcVfc+L51A0KTdtasayYws",1,0],[5,101,98],[-121,159.855,0,0,0,0,1,1,1,0]],[3,"notice_btn",3,[-230,-231,-232],[[1,-228,[278],279],[7,3,-229,[[4,"ca117f9f6FOXbZyu8xg7+mB","clickNoticeBtn",1]]]],[0,"aeD7SqYwlCf5Rwd+72fVRn",1,0],[5,101,98],[1015.584,398.724,0,0,0,0,1,1,1,0]],[3,"shop",4,[-235,-236],[[1,-233,[66],67],[7,3,-234,[[4,"ca117f9f6FOXbZyu8xg7+mB","clickShop",1]]]],[0,"7expPXOFNLv4m5HS8XvvtH",1,0],[5,101,98],[-57.5,0,0,0,0,0,1,1,1,0]],[3,"sidebarBtn",4,[-239,-240],[[1,-237,[88],89],[7,3,-238,[[4,"ca117f9f6FOXbZyu8xg7+mB","clickSidebar",1]]]],[0,"95zzlJpURMqoij8NlBsCOC",1,0],[5,101,98],[184.5,0,0,0,0,0,1,1,1,0]],[3,"home_garden1",2,[-243,-244],[[1,-241,[300],301],[13,-242,[[4,"ca117f9f6FOXbZyu8xg7+mB","clickGarden",1]]]],[0,"ee0+WBgk5Od56iSUcZ4J/H",1,0],[5,187,184],[314.795,-251.039,0,0,0,0,1,1,1,1]],[3,"help",4,[-247,-248],[[1,-245,[46],47],[7,3,-246,[[4,"ca117f9f6FOXbZyu8xg7+mB","clickHelp",1]]]],[0,"272Z76NJhBQJQI1m2ClT20",1,0],[5,101,98],[-299.5,0,0,0,0,0,1,1,1,0]],[3,"save_btn",3,[-251,-252],[[1,-249,[120],121],[7,3,-250,[[4,"ca117f9f6FOXbZyu8xg7+mB","clickSave",1]]]],[0,"dbAAhYsppHIpjkxLsxH02C",1,0],[5,101,98],[-118,559,0,0,0,0,1,1,1,0]],[17,"bg2",1,[-255],[[1,-253,[4],5],[28,-254]],[0,"dcZHQrE4pJ05j5QvGK0+w7",1,0],[5,1680,720]],[17,"home_auto1",19,[-257],[[10,0,-256,[21],22]],[0,"d0ppep/cRP2oSUL5/Xz4zZ",1,0],[5,144,106]],[3,"home_auto3",19,[-259],[[10,0,-258,[29],30]],[0,"04orTk7LdJsr/032zddPF9",1,0],[5,150,110],[150,0,0,0,0,0,1,1,1,1]],[3,"home_auto4",19,[-261],[[10,0,-260,[33],34]],[0,"3cgIoGSQ5Mx4n4gzq/EDRK",1,0],[5,150,110],[300,0,0,0,0,0,1,1,1,1]],[16,"red",[-263],[[1,-262,[38],39]],[0,"1aLn4XlAVLGIGxAtdfsKUS",1,0],[5,63,75],[81.82,103.307,0,0,0,0,1,0.75,0.75,1]],[8,"red",false,9,[-265],[[1,-264,[56],57]],[0,"0b/hhMsXhJRY+47DdZjy/d",1,0],[5,63,75],[33.473,59.583,0,0,0,0,1,0.75,0.75,1]],[8,"red",false,6,[-267],[[1,-266,[78],79]],[0,"cdqAWLP45Li7YS3l5EvEB3",1,0],[5,63,75],[35.12,59.583,0,0,0,0,1,0.75,0.75,1]],[21,"welfareTip",21,[-269],[[1,-268,[110],111]],[0,"c1k1iyvWFGvar169KFPINU",1,0],[5,63,75],[48.061,62.681,0,0,0,0.026176948307873153,0.9996573249755573,0.75,0.75,0.75],[1,0,0,3]],[8,"red",false,22,[-271],[[1,-270,[124],125]],[0,"0dM+aQ7IZKv7VRO1mPV5aO",1,0],[5,63,75],[43.236,48.425,0,0,0,0,1,0.75,0.75,1]],[3,"byte_9",7,[-273],[[20,1,0,-272,[135],136]],[0,"25b5iF/j9P6YssN9PNJhOV",1,0],[5,85,75],[36.171,49.713,0,0,0,0,1,1,1,1]],[32,"targetIcon",3,[-274,-275],[0,"9axduneP1HZbX29LlDTZsx",1,0],[5,100,100],[-118,439,0,0,0,0,1,1,1,1]],[8,"red",false,10,[-277],[[1,-276,[151],152]],[0,"23FzBnT+hNuZ8uYSusXaCs",1,0],[5,63,75],[43.236,48.425,0,0,0,0,1,0.75,0.75,1]],[8,"red",false,11,[-279],[[1,-278,[163],164]],[0,"8ekq4r5EhO/qpZF7PUZQMS",1,0],[5,63,75],[43.236,48.425,0,0,0,0,1,0.75,0.75,1]],[8,"red",false,23,[-281],[[1,-280,[175],176]],[0,"39XPeST+9I4IQr/hpi5vfD",1,0],[5,63,75],[43.236,48.425,0,0,0,0,1,0.75,0.75,1]],[33,"mask",[5],[[27,-282,[265]]],[0,"e2W09lF2BGipPJF/AmE8tw",1,0],[5,500,280],[0,0,0.5]],[8,"red",false,12,[-284],[[1,-283,[187],188]],[0,"a4Yu8G3SNG56VQACKkym/m",1,0],[5,63,75],[43.236,48.425,0,0,0,0,1,0.75,0.75,1]],[8,"red",false,13,[-286],[[1,-285,[199],200]],[0,"91MBnzDCJD9ooyV7BSYG5k",1,0],[5,63,75],[43.236,48.425,0,0,0,0,1,0.75,0.75,1]],[8,"red",false,14,[-288],[[1,-287,[211],212]],[0,"48+YPdeP5J/bQ0vmiKC3qu",1,0],[5,63,75],[43.236,48.425,0,0,0,0,1,0.75,0.75,1]],[8,"red",false,15,[-290],[[1,-289,[223],224]],[0,"c4cG5PbuJNMLNrHZPh+sVM",1,0],[5,63,75],[43.236,48.425,0,0,0,0,1,0.75,0.75,1]],[8,"red",false,16,[-292],[[1,-291,[235],236]],[0,"2d9yYoT4RDd7WwQKp6a5Kr",1,0],[5,63,75],[43.236,48.425,0,0,0,0,1,0.75,0.75,1]],[8,"red",false,17,[-294],[[1,-293,[247],248]],[0,"ed67UCQvRK3q4rijLOyh/Y",1,0],[5,63,75],[43.236,48.425,0,0,0,0,1,0.75,0.75,1]],[8,"red",false,18,[-296],[[1,-295,[259],260]],[0,"52yzJLXwpO9prd3FyCdqjM",1,0],[5,63,75],[43.236,48.425,0,0,0,0,1,0.75,0.75,1]],[34,"recruitImg27",[[1,-297,[266],267],[13,-298,[[4,"ca117f9f6FOXbZyu8xg7+mB","clickWelfareArr",1]]]],[0,"e2imzphlxDXoExN7ent8zM",1,0],[5,32,50],[10.142,0,0,0,0,0,1,1,1,1]],[35,"countdownBg",8,[-300,-301],[[10,0,-299,[285],286]],[0,"14fg/HYEVEAZlvQH4MQ4NL",1,0],[4,4278190080],[5,80,25],[-63.125,-28.842,0,0,0,0,1,1,1,1]],[8,"powerIcon",false,8,[-303],[[10,0,-302,[290],291]],[0,"e0JhspzHVABKSPsuoBW+pM",1,0],[5,72.9,73.8],[-5.954,0,0,0,0,0,1,0.85,0.85,0.9]],[16,"weekTwotip",[-305],[[1,-304,[306],307]],[0,"06hu8r3+pCiI0+rzj+TRn8",1,0],[5,63,75],[129.823,57.957,0,0,0,0,1,0.75,0.75,0.75]],[36,"xyFirsttip",[-307],[[1,-306,[310],311]],[0,"23fC3bxW1K1IxueAIlWgUq",1,0],[5,63,75],[107.27392,58,0,0,0,0.026176948307873153,0.9996573249755573,0.75,0.75,0.75],[1,0,0,3]],[14,"passScene",false,1,[[10,2,-308,[314],315],[15,8,-309]],[0,"29opyU7J9IAYdY9zdRfB8T",1,0],[5,1680,720],[200,0,0,0,0,0,1,1,1,1]],[12,"bg",false,1,[[1,-310,[0],1],[28,-311]],[0,"f6wCcSTC1EFKK+VJ35CGn+",1,0],[5,1680,720]],[14,"home_maoxianS",false,2,[[1,-312,[12],13]],[0,"8czg0LmhRG2bxdz+XLgilH",1,0],[5,400,221],[166.42,160,0,0,0,0,1,1,1,1]],[14,"home_xyS",false,2,[[1,-313,[14],15]],[0,"7fL4TBDIBF7Jai0YsE/25C",1,0],[5,350,153],[160,15,0,0,0,0,1,1,1,1]],[14,"home_challengeS",false,2,[[1,-314,[16],17]],[0,"4bQwD8QkdBbJBAcWA+/Na8",1,0],[5,304,161],[139.477,-96,0,0,0,0,1,1,1,1]],[8,"home_auto2",false,19,[-316],[[10,0,-315,[25],26]],[0,"b1hUTQxGBMsKb2zB8yYpnN",1,0],[5,144,106],[150,0,0,0,0,0,1,1,1,1]],[3,"home_icon1",28,[-318],[[1,-317,[44],45]],[0,"25H3CKc0RHU7RY2XL/VAVx",1,0],[5,97,36],[0,-35,0,0,0,0,1,1,1,1]],[5,"New Label",63,[[9,"设置",25,28,false,1,1,2,-319,[42],43],[6,2,-320,[4,4278190080]]],[0,"3eNdSm6MlCA6KaMa5j+mLd",1,0],[5,54,32]],[3,"home_icon",9,[-322],[[1,-321,[52],53]],[0,"37R+KvOZNJCYiWN0ZszPm6",1,0],[5,97,36],[0,-35,0,0,0,0,1,1,1,1]],[5,"New Label",65,[[9,"成就",25,28,false,1,1,2,-323,[50],51],[6,2,-324,[4,4278190080]]],[0,"0dqpsjNRRH2aYp+IH9g8fr",1,0],[5,54,32]],[3,"home_icon",25,[-326],[[1,-325,[64],65]],[0,"45coFTq0tGUJTcmCyZkrq6",1,0],[5,97,36],[0,-35,0,0,0,0,1,1,1,1]],[5,"New Label",67,[[9,"商店",25,28,false,1,1,2,-327,[62],63],[6,2,-328,[4,4278190080]]],[0,"97smcIduxBuIKXn6yy5C3i",1,0],[5,54,32]],[3,"home_icon",6,[-330],[[10,0,-329,[74],75]],[0,"b94A9X6/9Gs6hln5qaBXo6",1,0],[5,105,36],[0,-35,0,0,0,0,1,1,1,1]],[5,"New Label",69,[[9,"植物装扮",25,28,false,1,1,2,-331,[72],73],[6,2,-332,[4,4278190080]]],[0,"62Cs70A2FH5JAHYwYSoXI2",1,0],[5,104,32]],[3,"home_icon",26,[-334],[[1,-333,[86],87]],[0,"6dpm18n7dN8Z01XTlncK2+",1,0],[5,97,36],[0,-35,0,0,0,0,1,1,1,1]],[5,"New Label",71,[[9,"入口奖励",22,28,false,1,1,2,-335,[84],85],[6,2,-336,[4,4278190080]]],[0,"5c1j8ZVehHdoxgn5Ggjj3n",1,0],[5,92,32]],[3,"home_icon",20,[-338],[[1,-337,[94],95]],[0,"d8q1o22GZHfLeqIwenc9dG",1,0],[5,97,36],[0,-35,0,0,0,0,1,1,1,1]],[5,"New Label",73,[[9,"添加桌面",22,28,false,1,1,2,-339,[92],93],[6,2,-340,[4,4278190080]]],[0,"4eh8hdtTBCfq8Q3lK9shPy",1,0],[5,92,32]],[3,"byte_9",20,[-342],[[1,-341,[98],99]],[0,"f5TcLtI3dKHIZt3EW3nTTS",1,0],[5,63,75],[52.71,92.242,0,0,0,0,1,1,1,1]],[3,"home_icon",21,[-344],[[1,-343,[106],107]],[0,"afoxBrdZ1HlqojLzSZ3aWF",1,0],[5,97,36],[0,-35,0,0,0,0,1,1,1,1]],[5,"New Label",76,[[9,"福利任务",22,28,false,1,1,2,-345,[104],105],[6,2,-346,[4,4278190080]]],[0,"cd0Y6Mym1Dp7H1js8ZOgVk",1,0],[5,92,32]],[3,"home_icon",29,[-348],[[1,-347,[118],119]],[0,"8dC7+D3Z5NlpFdXUcLKykV",1,0],[5,97,36],[0,-33,0,0,0,0,1,1,1,1]],[5,"New Label",78,[[9,"游戏存档",22,28,false,1,1,2,-349,[116],117],[6,2,-350,[4,4278190080]]],[0,"9aG5r1ispIT4rPnsQa+17Q",1,0],[5,92,32]],[3,"home_icon",7,[-352],[[1,-351,[131],132]],[0,"e2WKnh/cVFAKKcYuYRsR7B",1,0],[5,97,36],[0,-35,0,0,0,0,1,1,1,1]],[39,"New Label",80,[[-353,[6,2,-354,[4,4278190080]]],1,4],[0,"8dtOv3h2dNKYBT7jhf/hDq",1,0],[5,48,32],[0,-1.181,0,0,0,0,1,1,1,1]],[5,"icon1",40,[[10,0,-355,[139],140],[13,-356,[[26,"ca117f9f6FOXbZyu8xg7+mB","clickTargetApp","1",1]]]],[0,"a0ZKyNDTdGqK4YH52IgTr/",1,0],[5,100,100]],[5,"icon2",40,[[10,0,-357,[141],142],[13,-358,[[26,"ca117f9f6FOXbZyu8xg7+mB","clickTargetApp","2",1]]]],[0,"ab2yDNJZhDCYYjPQzZfna1",1,0],[5,100,100]],[3,"home_icon",10,[-360],[[10,0,-359,[147],148]],[0,"cdHYrupMVFCaPZtc8rOV7Z",1,0],[5,97,50],[0,-41.846,0,0,0,0,1,1,1,1]],[5,"New Label",84,[[9,"11周年\n庆典",20,20,false,1,1,2,-361,[145],146],[6,2,-362,[4,4278190080]]],[0,"f0XlOjdXpF/q1EGWOFSP1V",1,0],[5,58.16,44]],[3,"home_icon",11,[-364],[[10,2,-363,[159],160]],[0,"e88hphNrBAepjn9AglDRXn",1,0],[5,97,36],[0,-41.846,0,0,0,0,1,1,1,1]],[5,"New Label",86,[[9,"幸运轮盘",20,20,false,1,1,2,-365,[157],158],[6,2,-366,[4,4278190080]]],[0,"1frNd5HxFARpLC99T4oCJj",1,0],[5,84,24]],[3,"home_icon",23,[-368],[[1,-367,[171],172]],[0,"e5gHB7+v1IMY/f7zLugxTz",1,0],[5,97,36],[0,-35,0,0,0,0,1,1,1,1]],[5,"New Label",88,[[9,"福利",25,28,false,1,1,2,-369,[169],170],[6,2,-370,[4,4278190080]]],[0,"4awmdBcMZPBoePKPu7esg9",1,0],[5,54,32]],[37,"welfareContent",3,[44,52],[0,"f9+SZ0xhhCXKyeJfPAOFgE",1,0],[5,430,160],[0,0,0.5],[-53.786,166.795,0,0,0,0,1,1,1,0]],[3,"home_icon",12,[-372],[[1,-371,[183],184]],[0,"57FTFxHFhFgYXhpChVpKM1",1,0],[5,97,36],[0,-35,0,0,0,0,1,1,1,1]],[5,"New Label",91,[[9,"签到",25,28,false,1,1,2,-373,[181],182],[6,2,-374,[4,4278190080]]],[0,"6aGTrufwhFDruZgHbEoUQ6",1,0],[5,54,32]],[3,"home_icon",13,[-376],[[1,-375,[195],196]],[0,"e0PYwRg8BDzJ0/X/0Bf0Vw",1,0],[5,97,36],[0,-35,0,0,0,0,1,1,1,1]],[5,"New Label",93,[[9,"月签到",25,28,false,1,1,2,-377,[193],194],[6,2,-378,[4,4278190080]]],[0,"53aERPqLFGTJGicpoN3K4C",1,0],[5,79,32]],[3,"home_icon",14,[-380],[[1,-379,[207],208]],[0,"cajnmeS7JIW7PAETAheCXb",1,0],[5,97,36],[0,-35,0,0,0,0,1,1,1,1]],[5,"New Label",95,[[9,"分享有礼",22,28,false,1,1,2,-381,[205],206],[6,2,-382,[4,4278190080]]],[0,"3cVqyAkaFDSbzXXsZh4eDK",1,0],[5,92,32]],[3,"home_icon",15,[-384],[[1,-383,[219],220]],[0,"228BwM9mFF1rPbhB1L/jSF",1,0],[5,97,36],[0,-35,0,0,0,0,1,1,1,1]],[5,"New Label",97,[[9,"邀请有礼",25,28,false,1,1,2,-385,[217],218],[6,2,-386,[4,4278190080]]],[0,"51IuJ8yFZPir3jbUr0mJgW",1,0],[5,104,32]],[3,"home_icon",16,[-388],[[1,-387,[231],232]],[0,"27tVDZoQRMRZY1gAuJSj8m",1,0],[5,97,36],[0,-35,0,0,0,0,1,1,1,1]],[5,"New Label",99,[[9,"冲关挑战",25,28,false,1,1,2,-389,[229],230],[6,2,-390,[4,4278190080]]],[0,"ddxzQ2mqdD462Cvry9zwKV",1,0],[5,104,32]],[3,"home_icon",17,[-392],[[1,-391,[243],244]],[0,"65MyiwlLlMUruKMW3VXTU8",1,0],[5,97,36],[0,-35,0,0,0,0,1,1,1,1]],[5,"New Label",101,[[9,"福利礼包",22,28,false,1,1,2,-393,[241],242],[6,2,-394,[4,4278190080]]],[0,"6cNJsM87hDuonazA3RrRdi",1,0],[5,92,32]],[3,"home_icon",18,[-396],[[20,1,0,-395,[255],256]],[0,"9b2cLeM9NB2rNQQ69k5cOZ",1,0],[5,97,36],[0,-31.163,0,0,0,0,1,1,1,1]],[5,"New Label",103,[[9,"西游挑战",22,22,false,1,1,2,-397,[253],254],[6,2,-398,[4,4278190080]]],[0,"00Ty4+1zNCVZ/1QoUAeuA0",1,0],[5,92,26]],[3,"home_icon",24,[-400],[[1,-399,[272],273]],[0,"80w/p6DcpLq63Vo//3XATj",1,0],[5,97,36],[0,-35,0,0,0,0,1,1,1,1]],[5,"New Label",105,[[9,"公告",25,28,false,1,1,2,-401,[270],271],[6,2,-402,[4,4278190080]]],[0,"ecg3i6UkBKQbEHL5aBHxOL",1,0],[5,54,32]],[8,"red",false,24,[-404],[[1,-403,[276],277]],[0,"7a2exSKAVEJqv50f8lC2Wa",1,0],[5,63,75],[43.236,48.425,0,0,0,0,1,0.75,0.75,1]],[2,"power_icon",8,[[1,-405,[280],281],[13,-406,[[47,"bba8c5B9RRFXqNBbFGtKCA0","clickPower"]]]],[0,"1fkuTxu0RFGbNH0kDFQR2X",1,0],[5,81,82],[-110,-1,0,0,0,0,1,1,1,1]],[18,"title",54,[[29,"-2",30,32,false,1,1,-407,[288],289],[6,2,-408,[4,4278190080]]],[0,"c97vltuTBB8YNeGeJm/HMi",1,0],[4,4284081919],[5,40.99,44.32],[53.511,0,0,0,0,0,1,1.3,1.3,1]],[18,"New Label",27,[[29,"休闲\n花园",35,35,false,1,1,-409,[294],295],[6,2,-410,[4,4278190080]]],[0,"d62oPxecRMwr9rwFnWFu44",1,0],[4,4290904063],[5,74,83.1],[20.256,-41.972,0,0,0,0,1,1,1,1]],[8,"red",false,27,[-412],[[1,-411,[298],299]],[0,"9a46sDRipGYrZdR4zLQT8y",1,0],[5,63,75],[61.776,98.563,0,0,0,0,1,1,1,1]],[2,"home_close",2,[[1,-413,[302],303]],[0,"3aq024qn1Kj76lAiQzobd1",1,0],[5,92,69],[-107.279,82.888,0,0,0,0,1,1,1,1]],[19,"adventureBtn",2,[55],[0,"22PF3Ido1Jfr7IOq01I7Fi",1,0],[5,350,95],[150.205,149.411,0,0,0,-0.043619387365336,0.9990482215818578,1,1,1],[1,0,0,-5]],[19,"xyBtn",2,[56],[0,"61lez+X+VP+pp/XOEClkFu",1,0],[5,310,80],[152.5,26.792,0,0,0,-0.0697564737441253,0.9975640502598242,1,1,1],[1,0,0,-8]],[2,"home_leaf",1,[[1,-414,[312],313]],[0,"d8if+TPjRGOIclsENzFJfB",1,0],[5,54,43],[0,503.744,0,0,0,0,1,1,1,1]],[5,"layer_achieve",1,[[15,45,-415]],[0,"6a47nQ02dIdL2mSKWfH8aN",1,0],[5,1280,720]],[18,"New Sprite(Splash)",30,[[10,0,-416,[2],3]],[0,"d7FVkJA4BF6Ly5oKaTYKjc",1,0],[4,4284835173],[5,281.5,222.6],[145.1,29.9,0,0,0,0,1,1,1,1]],[2,"home_maoxian",2,[[1,-417,[6],7]],[0,"8a0GBkIwtLqJfcpLkhyQNm",1,0],[5,394,221],[166.42,160,0,0,0,0,1,1,1,1]],[2,"home_xy",2,[[1,-418,[8],9]],[0,"92cThyK1JBhYAGzsNjJt+Z",1,0],[5,351,158],[160,15,0,0,0,0,1,1,1,1]],[2,"home_challenge",2,[[1,-419,[10],11]],[0,"10rMfRXfBN1ImTvwl1vWOt",1,0],[5,303,159],[139.477,-96,0,0,0,0,1,1,1,1]],[23,"guanKaDesc",2,[-420],[0,"f7264kMElElo+JJ4ObFx0F",1,0],[5,53.38,45.2],[151.284,226.002,0,0,0,0,1,1,1,1]],[50,"白天\n关卡3",20,20,false,1,1,121,[18]],[12,"lv_imgLock",false,31,[[1,-421,[19],20]],[0,"90XNDS7QVJ67t9V91YRIK1",1,0],[5,58,74]],[12,"lv_imgLock",false,62,[[1,-422,[23],24]],[0,"81F5fo2o5PirKsgr10HeMq",1,0],[5,58,74]],[12,"lv_imgLock",false,32,[[1,-423,[27],28]],[0,"fbUO6RfSdM4Ldg7Bgm/0PV",1,0],[5,58,74]],[12,"lv_imgLock",false,33,[[1,-424,[31],32]],[0,"31PdLoa2dN/ILBwRY9qogp",1,0],[5,58,74]],[19,"creativeModeTip",2,[34],[0,"36yOEm0j1HLJ4lZXU/+8Iq",1,0],[5,150,200],[-189,-104,0,0,0,0.15643446504023087,0.9876883405951378,1,1,1],[1,0,0,18]],[2,"redTip",34,[[1,-425,[36],37]],[0,"dek8RPfeRKzLwawyuOJKzo",1,0],[5,38,52],[3.459,6.918,0,0,0,0,1,1,1,1]],[2,"home_help",28,[[1,-426,[40],41]],[0,"112ItTRPROMKO+aK+AghGF",1,0],[5,89,129],[-7.059,37.648,0,0,0,0,1,1,1,1]],[2,"home_achieve",9,[[1,-427,[48],49]],[0,"aeYkYCpipGH4NwG9HBT9FK",1,0],[5,69,99],[0,20.778,0,0,0,0,1,1,1,1]],[2,"redTip",35,[[1,-428,[54],55]],[0,"656+DOvMNGzZg8Ge1iKNWc",1,0],[5,38,52],[3.459,6.918,0,0,0,0,1,1,1,1]],[2,"home_shop",25,[[1,-429,[60],61]],[0,"425HRyi/1H0ZkUZYdIVOwX",1,0],[5,74,104],[7.142,17.142,0,0,0,0,1,1,1,1]],[2,"home_shop",6,[[1,-430,[68],69]],[0,"26rdwp5RtA0I3kCBXcSoUO",1,0],[5,101,117],[1.629,28.169,0,0,0,0,1,1,1,1]],[2,"ad_icon",6,[[1,-431,[70],71]],[0,"caElHgKGJIvYN44SdEFKE0",1,0],[5,35,26],[-38.804,-6.14,0,0,0,0,1,1,1,1]],[2,"redTip",36,[[1,-432,[76],77]],[0,"00SPy+uuVL2agiHSICssWA",1,0],[5,38,52],[3.459,6.918,0,0,0,0,1,1,1,1]],[2,"home_shop",26,[[1,-433,[82],83]],[0,"facf1fMj9E1a5cPrjH6LoA",1,0],[5,95,99],[1.142,18.142,0,0,0,0,1,1,1,1]],[2,"home_shop",20,[[1,-434,[90],91]],[0,"41a8xZPcVGEoCDQyGSaZcd",1,0],[5,88,88],[1.142,18.142,0,0,0,0,1,1,1,1]],[2,"byte_8",75,[[1,-435,[96],97]],[0,"e06c6fZPdAO6Gs3GelPoR9",1,0],[5,63,71],[0,18.119,0,0,0,0,1,1,1,1]],[2,"home_shop",21,[[10,2,-436,[102],103]],[0,"71p/LK8SFO/6vhIVj2QwtQ",1,0],[5,95,77],[0,14.822,0,0,0,0,1,1,1,1]],[2,"tip",37,[[1,-437,[108],109]],[0,"c1XFcWUANIk41MA5NepbBQ",1,0],[5,38,52],[3.459,6.918,0,0,0,0,1,1,1,1]],[24,12,14,10,4],[2,"save_btn",29,[[1,-438,[114],115]],[0,"b1I6H6zf9JHpA9swlIL0m7",1,0],[5,105,84],[0,20,0,0,0,0,1,1,1,1]],[2,"redTip",38,[[1,-439,[122],123]],[0,"547+2cD9RMqYPySG90y5PU",1,0],[5,38,52],[3.459,6.918,0,0,0,0,1,1,1,1]],[2,"sign_btn",7,[[1,-440,[128],129]],[0,"87kCKXmhVGvrrUmphno/cI",1,0],[5,79,73],[3.543,12.914,0,0,0,0,1,1,1,1]],[51,"录屏",22,28,false,1,1,2,81,[130]],[2,"byte_8",39,[[1,-441,[133],134]],[0,"34j51jkIZK0rPjOo6yn65n",1,0],[5,94,55],[-0.871,5.057,0,0,0,0,1,1,1,1]],[2,"gift6",10,[[1,-442,[143],144]],[0,"a1WDag4NpJH6qFECtl23oG",1,0],[5,131,101],[-0.123,20.774,0,0,0,0,1,1,1,1]],[2,"redTip",41,[[1,-443,[149],150]],[0,"ebZqv0861AF5eatH1OS7xh",1,0],[5,38,52],[3.459,6.918,0,0,0,0,1,1,1,1]],[2,"gift6",11,[[10,2,-444,[155],156]],[0,"c99FF0ubVAiYKnuvikG+d2",1,0],[5,109,96],[-0.123,15.103,0,0,0,0,1,1,1,1]],[2,"redTip",42,[[1,-445,[161],162]],[0,"419pGk0FNCBq53Zonyyw6/",1,0],[5,38,52],[3.459,6.918,0,0,0,0,1,1,1,1]],[2,"sign_btn",23,[[1,-446,[167],168]],[0,"7cNTL+F0BPS5c2PfZ1tqFd",1,0],[5,114,77],[0,20,0,0,0,0,1,1,1,1]],[2,"redTip",43,[[1,-447,[173],174]],[0,"626piMcPlAMr297dx5ZBxW",1,0],[5,38,52],[3.459,6.918,0,0,0,0,1,1,1,1]],[2,"sign_btn",12,[[1,-448,[179],180]],[0,"8ekAiBAg5MH5GvXsDkPK9A",1,0],[5,83,87],[0,20,0,0,0,0,1,1,1,1]],[2,"redTip",45,[[1,-449,[185],186]],[0,"9e0KI8F1VJrrtOYQciLag1",1,0],[5,38,52],[3.459,6.918,0,0,0,0,1,1,1,1]],[2,"sign_btn",13,[[1,-450,[191],192]],[0,"dabNInhY9IrKXTv14xgRR+",1,0],[5,83,87],[0,20,0,0,0,0,1,1,1,1]],[2,"redTip",46,[[1,-451,[197],198]],[0,"ebrxFxy6lPGoMEQoO18bLf",1,0],[5,38,52],[3.459,6.918,0,0,0,0,1,1,1,1]],[2,"sign_btn",14,[[1,-452,[203],204]],[0,"f4oYPGOupE56fft2zM9I2e",1,0],[5,102,99],[0,20,0,0,0,0,1,1,1,1]],[2,"redTip",47,[[1,-453,[209],210]],[0,"f7Jgk9khlA9Z1b6GnxOzGO",1,0],[5,38,52],[3.459,6.918,0,0,0,0,1,1,1,1]],[2,"sign_btn",15,[[1,-454,[215],216]],[0,"57ATgL4b1OVpcIUuocof2Y",1,0],[5,99,93],[0,5.721,0,0,0,0,1,1,1,1]],[2,"redTip",48,[[1,-455,[221],222]],[0,"d37LeN1+pCaJST6Yobnu3e",1,0],[5,38,52],[3.459,6.918,0,0,0,0,1,1,1,1]],[2,"sign_btn",16,[[1,-456,[227],228]],[0,"7c3YFfjLZLcJUus2M0Wt1f",1,0],[5,113,97],[0,5.721,0,0,0,0,1,1,1,1]],[2,"redTip",49,[[1,-457,[233],234]],[0,"a6Hq+2vuNIu6NlUyf8zagD",1,0],[5,38,52],[3.459,6.918,0,0,0,0,1,1,1,1]],[2,"home_shop",17,[[10,2,-458,[239],240]],[0,"ecz14cgWNEo4iMwqGRBRaP",1,0],[5,86,90],[7.142,17.142,0,0,0,0,1,1,1,1]],[2,"redTip",50,[[1,-459,[245],246]],[0,"f8AG9zcqJNIKy8X/JTkIrW",1,0],[5,38,52],[3.459,6.918,0,0,0,0,1,1,1,1]],[2,"sign_btn",18,[[1,-460,[251],252]],[0,"c41/sDC0hF+os56bB/4jYG",1,0],[5,116,102],[2.938,11.598,0,0,0,0,1,1,1,1]],[2,"redTip",51,[[1,-461,[257],258]],[0,"9aaeqv2rJDMKwIfs7eU36+",1,0],[5,38,52],[3.459,6.918,0,0,0,0,1,1,1,1]],[2,"sign_btn",24,[[1,-462,[268],269]],[0,"a4Bi6u485Gwb2Ng1UgUUY4",1,0],[5,85,92],[0,20,0,0,0,0,1,1,1,1]],[2,"redTip",107,[[1,-463,[274],275]],[0,"72hPpt1mpJNJfxMGOsmZhc",1,0],[5,38,52],[3.459,6.918,0,0,0,0,1,1,1,1]],[2,"power_add",53,[[1,-464,[282],283]],[0,"30b+4HDnJGCLgqFMYm5AMw",1,0],[5,30,30],[-46.352,1.393,0,0,0,0,1,1,1,1]],[40,"power_left",53,[-465],[0,"fdld6aJfVBC4AnStbHIdcu",1,0],[5,0,25.2],[0,1,0.5],[24.352,1.062,0,0,0,0,1,1,1,1]],[52,20,20,1,1,170,[284]],[23,"power_lab",8,[-466],[0,"11ABGPUh5Bopg/V/7/aujm",1,0],[5,87.59,47.88],[-4,0,0,0,0,0,1,1,1,1]],[53,"15/20",35,38,1,1,172,[287]],[24,12,14,10,3],[2,"redTip",111,[[1,-467,[296],297]],[0,"edWdgjn49I/KzvWb9am8Fr",1,0],[5,32,45],[-0.432,8.863,0,0,0,0,1,1,1,1]],[2,"tip",55,[[1,-468,[304],305]],[0,"1bSgPo1ThHU6Fh06RunsBv",1,0],[5,38,52],[3.459,6.918,0,0,0,0,1,1,1,1]],[2,"tip",56,[[1,-469,[308],309]],[0,"4a1ayb2PJGJJedOnkuTJKT",1,0],[5,38,52],[3.459,6.918,0,0,0,0,1,1,1,1]],[38,"challengeBtn",2,[0,"04SAby5i9Pv5iaqPHJoJXv",1,0],[5,300,80],[139.408,-85.228,0,0,0,-0.0697564737441253,0.9975640502598242,1,1,1],[1,0,0,-8]]],0,[0,7,1,0,0,1,0,8,11,0,9,24,0,10,6,0,11,8,0,12,37,0,13,21,0,14,40,0,15,10,0,16,5,0,17,57,0,18,56,0,19,17,0,20,18,0,21,16,0,22,19,0,23,55,0,24,52,0,25,44,0,26,34,0,-1,31,0,-2,32,0,-3,33,0,27,15,0,28,22,0,29,7,0,30,20,0,31,26,0,32,116,0,33,22,0,34,14,0,35,13,0,36,12,0,37,9,0,38,25,0,39,27,0,40,122,0,41,115,0,42,178,0,43,61,0,44,112,0,45,114,0,46,60,0,47,113,0,48,59,0,0,1,0,-1,58,0,-2,30,0,-3,2,0,-4,115,0,-5,116,0,-6,57,0,0,2,0,-1,118,0,-2,119,0,-3,120,0,-4,59,0,-5,60,0,-6,61,0,-7,121,0,-8,19,0,-9,127,0,-10,4,0,-11,3,0,-12,27,0,-13,112,0,-14,113,0,-15,114,0,-16,178,0,-1,174,0,6,174,0,0,3,0,-1,29,0,-2,22,0,-3,7,0,-4,40,0,-5,10,0,-6,11,0,-7,23,0,-8,90,0,-9,24,0,-10,8,0,-1,141,0,6,141,0,0,4,0,0,4,0,-1,28,0,-2,9,0,-3,25,0,-4,6,0,-5,26,0,-6,20,0,-7,21,0,0,5,0,0,5,0,-1,12,0,-2,13,0,-3,14,0,-4,15,0,-5,16,0,-6,17,0,-7,18,0,0,6,0,0,6,0,4,36,0,0,6,0,-1,133,0,-2,134,0,-3,69,0,-4,36,0,0,7,0,49,7,0,0,7,0,50,39,0,51,145,0,0,7,0,-1,144,0,-2,80,0,-3,39,0,0,8,0,0,8,0,52,171,0,53,54,0,54,173,0,0,8,0,-1,108,0,-2,53,0,-3,172,0,-4,54,0,0,9,0,0,9,0,4,35,0,0,9,0,-1,130,0,-2,65,0,-3,35,0,0,10,0,0,10,0,4,41,0,0,10,0,-1,147,0,-2,84,0,-3,41,0,0,11,0,0,11,0,4,42,0,0,11,0,-1,149,0,-2,86,0,-3,42,0,0,12,0,0,12,0,4,45,0,0,12,0,-1,153,0,-2,91,0,-3,45,0,0,13,0,0,13,0,4,46,0,0,13,0,-1,155,0,-2,93,0,-3,46,0,0,14,0,0,14,0,4,47,0,0,14,0,-1,157,0,-2,95,0,-3,47,0,0,15,0,0,15,0,4,48,0,0,15,0,-1,159,0,-2,97,0,-3,48,0,0,16,0,0,16,0,4,49,0,0,16,0,-1,161,0,-2,99,0,-3,49,0,0,17,0,0,17,0,4,50,0,0,17,0,-1,163,0,-2,101,0,-3,50,0,0,18,0,0,18,0,4,51,0,0,18,0,-1,165,0,-2,103,0,-3,51,0,0,19,0,-1,31,0,-2,62,0,-3,32,0,-4,33,0,0,20,0,0,20,0,-1,137,0,-2,73,0,-3,75,0,0,21,0,0,21,0,-1,139,0,-2,76,0,-3,37,0,0,22,0,0,22,0,4,38,0,0,22,0,-1,38,0,0,23,0,0,23,0,4,43,0,0,23,0,-1,151,0,-2,88,0,-3,43,0,0,24,0,0,24,0,-1,167,0,-2,105,0,-3,107,0,0,25,0,0,25,0,-1,132,0,-2,67,0,0,26,0,0,26,0,-1,136,0,-2,71,0,0,27,0,0,27,0,-1,110,0,-2,111,0,0,28,0,0,28,0,-1,129,0,-2,63,0,0,29,0,0,29,0,-1,142,0,-2,78,0,0,30,0,0,30,0,-1,117,0,0,31,0,-1,123,0,0,32,0,-1,125,0,0,33,0,-1,126,0,0,34,0,-1,128,0,0,35,0,-1,131,0,0,36,0,-1,135,0,0,37,0,-1,140,0,0,38,0,-1,143,0,0,39,0,-1,146,0,-1,82,0,-2,83,0,0,41,0,-1,148,0,0,42,0,-1,150,0,0,43,0,-1,152,0,0,44,0,0,45,0,-1,154,0,0,46,0,-1,156,0,0,47,0,-1,158,0,0,48,0,-1,160,0,0,49,0,-1,162,0,0,50,0,-1,164,0,0,51,0,-1,166,0,0,52,0,0,52,0,0,53,0,-1,169,0,-2,170,0,0,54,0,-1,109,0,0,55,0,-1,176,0,0,56,0,-1,177,0,0,57,0,0,57,0,0,58,0,0,58,0,0,59,0,0,60,0,0,61,0,0,62,0,-1,124,0,0,63,0,-1,64,0,0,64,0,0,64,0,0,65,0,-1,66,0,0,66,0,0,66,0,0,67,0,-1,68,0,0,68,0,0,68,0,0,69,0,-1,70,0,0,70,0,0,70,0,0,71,0,-1,72,0,0,72,0,0,72,0,0,73,0,-1,74,0,0,74,0,0,74,0,0,75,0,-1,138,0,0,76,0,-1,77,0,0,77,0,0,77,0,0,78,0,-1,79,0,0,79,0,0,79,0,0,80,0,-1,81,0,-1,145,0,0,81,0,0,82,0,0,82,0,0,83,0,0,83,0,0,84,0,-1,85,0,0,85,0,0,85,0,0,86,0,-1,87,0,0,87,0,0,87,0,0,88,0,-1,89,0,0,89,0,0,89,0,0,91,0,-1,92,0,0,92,0,0,92,0,0,93,0,-1,94,0,0,94,0,0,94,0,0,95,0,-1,96,0,0,96,0,0,96,0,0,97,0,-1,98,0,0,98,0,0,98,0,0,99,0,-1,100,0,0,100,0,0,100,0,0,101,0,-1,102,0,0,102,0,0,102,0,0,103,0,-1,104,0,0,104,0,0,104,0,0,105,0,-1,106,0,0,106,0,0,106,0,0,107,0,-1,168,0,0,108,0,0,108,0,0,109,0,0,109,0,0,110,0,0,110,0,0,111,0,-1,175,0,0,112,0,0,115,0,0,116,0,0,117,0,0,118,0,0,119,0,0,120,0,-1,122,0,0,123,0,0,124,0,0,125,0,0,126,0,0,128,0,0,129,0,0,130,0,0,131,0,0,132,0,0,133,0,0,134,0,0,135,0,0,136,0,0,137,0,0,138,0,0,139,0,0,140,0,0,142,0,0,143,0,0,144,0,0,146,0,0,147,0,0,148,0,0,149,0,0,150,0,0,151,0,0,152,0,0,153,0,0,154,0,0,155,0,0,156,0,0,157,0,0,158,0,0,159,0,0,160,0,0,161,0,0,162,0,0,163,0,0,164,0,0,165,0,0,166,0,0,167,0,0,168,0,0,169,0,-1,171,0,-1,173,0,0,175,0,0,176,0,0,177,0,55,1,5,5,44,34,5,127,44,5,90,52,5,90,55,5,113,56,5,114,469],[0,0,0,0,0,0,0,0,0,0,0,0,0,0,0,0,0,0,0,0,0,0,0,0,0,0,0,0,0,0,0,0,0,0,0,0,0,0,0,0,0,0,0,0,0,0,0,0,0,0,0,0,0,0,0,0,0,0,0,0,0,0,0,0,0,0,0,0,0,0,0,0,0,0,0,0,0,0,0,0,0,0,0,0,0,0,0,0,0,0,0,0,0,0,0,0,0,0,0,0,0,0,0,0,0,0,0,0,0,0,0,0,0,0,0,0,0,0,0,0,0,0,0,0,0,0,0,0,0,0,0,0,0,0,0,0,0,0,0,0,0,0,0,0,0,0,0,0,0,0,0,0,0,0,0,0,0,0,0,0,0,0,0,0,0,0,0,0,0,0,0,0,0,0,0,0,0,0,0,0,0,0,0,0,0,0,0,0,0,0,0,0,0,0,0,0,0,0,0,0,0,0,0,0,0,0,0,0,0,0,0,0,0,0,0,0,0,0,0,0,0,0,0,0,0,0,0,0,0,0,0,0,0,0,0,0,0,0,0,0,0,0,0,0,0,0,0,0,0,0,0,0,0,0,0,0,0,0,0,0,0,0,0,0,0,0,0,0,0,0,0,0,0,0,0,0,0,0,0,0,0,0,0,0,0,0,0,0,0,0,0,0,0,0,0,0,0,0,0,0,0,0,0,0,0,0,0,0,0,0,0,0,0,0,0,0,122,145],[-1,1,-1,1,-1,1,-1,1,-1,1,-1,1,-1,1,-1,1,-1,1,-1,-1,1,-1,1,-1,1,-1,1,-1,1,-1,1,-1,1,-1,1,-1,-1,1,-1,1,-1,1,-1,2,-1,1,-1,1,-1,1,-1,2,-1,1,-1,1,-1,1,-1,1,-1,1,-1,2,-1,1,-1,1,-1,1,-1,1,-1,2,-1,1,-1,1,-1,1,-1,1,-1,1,-1,2,-1,1,-1,1,-1,1,-1,2,-1,1,-1,1,-1,1,-1,1,-1,1,-1,2,-1,1,-1,1,-1,1,-1,1,-1,1,-1,2,-1,1,-1,1,-1,1,-1,1,-1,1,-1,1,-1,-1,1,-1,1,-1,1,-1,1,-1,1,-1,1,-1,1,-1,2,-1,1,-1,1,-1,1,-1,1,-1,1,-1,2,-1,1,-1,1,-1,1,-1,1,-1,1,-1,2,-1,1,-1,1,-1,1,-1,1,-1,1,-1,2,-1,1,-1,1,-1,1,-1,1,-1,1,-1,2,-1,1,-1,1,-1,1,-1,1,-1,1,-1,2,-1,1,-1,1,-1,1,-1,1,-1,1,-1,2,-1,1,-1,1,-1,1,-1,1,-1,1,-1,2,-1,1,-1,1,-1,1,-1,1,-1,1,-1,2,-1,1,-1,1,-1,1,-1,1,-1,1,-1,2,-1,1,-1,1,-1,1,-1,1,-1,1,-1,-1,1,-1,1,-1,2,-1,1,-1,1,-1,1,-1,1,-1,1,-1,1,-1,-1,1,-1,-1,2,-1,1,-1,1,-1,2,-1,1,-1,1,-1,1,-1,1,-1,1,-1,1,-1,1,-1,1,-1,1,-1,1,2,2],[0,24,0,7,0,25,0,26,0,27,0,28,0,29,0,30,0,31,0,0,6,0,32,0,6,0,33,0,6,0,34,0,6,0,35,0,0,5,0,2,0,36,0,1,0,3,0,4,0,37,0,1,0,3,0,5,0,2,0,4,0,38,0,1,0,3,0,4,0,39,0,40,0,1,0,3,0,5,0,2,0,4,0,41,0,1,0,3,0,4,0,42,0,1,0,3,0,43,0,2,0,4,0,44,0,1,0,3,0,5,0,2,0,4,0,45,0,1,0,3,0,4,0,5,0,2,0,46,0,47,0,0,3,0,48,0,2,0,4,0,49,0,50,0,51,0,1,0,3,0,5,0,2,0,4,0,52,0,1,0,3,0,5,0,2,0,4,0,53,0,1,0,3,0,5,0,2,0,4,0,8,0,1,0,3,0,5,0,2,0,4,0,8,0,1,0,3,0,5,0,2,0,4,0,54,0,1,0,3,0,5,0,2,0,4,0,55,0,1,0,3,0,5,0,2,0,4,0,56,0,1,0,3,0,5,0,2,0,4,0,57,0,1,0,3,0,5,0,2,0,4,0,58,0,1,0,3,0,5,0,2,0,4,0,59,0,0,60,0,61,0,1,0,3,0,5,0,2,0,4,0,9,0,62,0,0,7,0,0,1,0,9,0,63,0,1,0,64,0,2,0,65,0,66,0,5,0,2,0,5,0,2,0,67,0,68,1,1]],[[{"name":"home_znbg","rect":[0,0,1680,720],"offset":[0,0],"originalSize":[1680,720],"capInsets":[0,0,0,0]}],[1],0,[0],[3],[69]]]]