[1,["e7Ls+iO5hBB7K76C11Dc1t"],["_texture"],[["dragonBones.DragonBonesAtlasAsset",["_name","_atlasJson"],1]],[[0,0,1,3]],[[0,"02_juanxincai_tex","{\"width\":128,\"imagePath\":\"02_juanxincai_tex.png\",\"name\":\"02_juanxincai\",\"SubTexture\":[{\"width\":71,\"y\":94,\"height\":25,\"name\":\"02_juanxincai/diye\",\"x\":1},{\"width\":61,\"y\":1,\"height\":58,\"name\":\"02_juanxincai/tou\",\"x\":1},{\"width\":26,\"y\":19,\"height\":12,\"name\":\"02_juanxincai/meimao\",\"x\":99},{\"width\":5,\"y\":33,\"height\":10,\"name\":\"02_juanxincai/eye2\",\"x\":114},{\"width\":7,\"y\":41,\"height\":12,\"name\":\"02_juanxincai/eye1\",\"x\":64},{\"width\":71,\"y\":61,\"height\":31,\"name\":\"02_juanxincai/toushou\",\"x\":1},{\"width\":33,\"y\":1,\"height\":38,\"name\":\"02_juanxincai/zidan\",\"x\":64},{\"width\":38,\"y\":41,\"height\":25,\"name\":\"02_juanxincai/zhe2\",\"x\":74},{\"width\":25,\"y\":1,\"height\":16,\"name\":\"02_juanxincai/zhe1\",\"x\":99}],\"height\":128}"]],0,0,[0],[0],[0]]