[1,["33Pg+tYN5Lhbh2m5yj8r71"],0,[["sp.SkeletonData",["_name","_atlasText","textureNames","_skeletonJson","textures"],-1,3]],[[0,0,1,2,3,4,5]],[[0,"ganlanqiu","\nganlanqiu.png\nsize: 512,128\nformat: RGBA8888\nfilter: Linear,Linear\nrepeat: none\nkua\n  rotate: true\n  xy: 250, 19\n  size: 39, 31\n  orig: 39, 31\n  offset: 0, 0\n  index: -1\nmao1\n  rotate: false\n  xy: 85, 55\n  size: 64, 71\n  orig: 64, 71\n  offset: 0, 0\n  index: -1\nmao2\n  rotate: false\n  xy: 217, 60\n  size: 64, 66\n  orig: 64, 66\n  offset: 0, 0\n  index: -1\nmao3\n  rotate: false\n  xy: 151, 57\n  size: 64, 69\n  orig: 64, 70\n  offset: 0, 1\n  index: -1\nshenti\n  rotate: true\n  xy: 2, 4\n  size: 122, 81\n  orig: 122, 81\n  offset: 0, 0\n  index: -1\nshetou\n  rotate: true\n  xy: 182, 3\n  size: 13, 22\n  orig: 13, 22\n  offset: 0, 0\n  index: -1\ntou1\n  rotate: false\n  xy: 85, 2\n  size: 63, 51\n  orig: 63, 51\n  offset: 0, 0\n  index: -1\ntou2\n  rotate: true\n  xy: 283, 63\n  size: 63, 52\n  orig: 63, 52\n  offset: 0, 0\n  index: -1\nxiaba\n  rotate: false\n  xy: 363, 3\n  size: 30, 24\n  orig: 34, 24\n  offset: 0, 0\n  index: -1\nyanzhu\n  rotate: false\n  xy: 258, 3\n  size: 4, 4\n  orig: 4, 4\n  offset: 0, 0\n  index: -1\nyoudabi1\n  rotate: true\n  xy: 206, 3\n  size: 13, 21\n  orig: 13, 21\n  offset: 0, 0\n  index: -1\nyoudatui\n  rotate: true\n  xy: 213, 19\n  size: 36, 35\n  orig: 36, 35\n  offset: 0, 0\n  index: -1\nyoujiao\n  rotate: false\n  xy: 365, 75\n  size: 37, 19\n  orig: 37, 20\n  offset: 0, 1\n  index: -1\nyoushou1\n  rotate: true\n  xy: 337, 63\n  size: 31, 26\n  orig: 31, 26\n  offset: 0, 0\n  index: -1\nyoushou2\n  rotate: true\n  xy: 283, 28\n  size: 33, 32\n  orig: 33, 32\n  offset: 0, 0\n  index: -1\nyouxiaobi\n  rotate: false\n  xy: 150, 5\n  size: 30, 11\n  orig: 30, 11\n  offset: 0, 0\n  index: -1\nyouxiaotui\n  rotate: false\n  xy: 366, 97\n  size: 21, 29\n  orig: 21, 29\n  offset: 0, 0\n  index: -1\nzuodabi\n  rotate: true\n  xy: 258, 9\n  size: 8, 22\n  orig: 8, 22\n  offset: 0, 0\n  index: -1\nzuodatui\n  rotate: true\n  xy: 283, 2\n  size: 24, 37\n  orig: 24, 37\n  offset: 0, 0\n  index: -1\nzuojian\n  rotate: false\n  xy: 150, 18\n  size: 61, 35\n  orig: 65, 35\n  offset: 4, 0\n  index: -1\nzuojiao\n  rotate: false\n  xy: 322, 4\n  size: 39, 22\n  orig: 39, 22\n  offset: 0, 0\n  index: -1\nzuoshou1\n  rotate: false\n  xy: 317, 28\n  size: 31, 33\n  orig: 31, 33\n  offset: 0, 0\n  index: -1\nzuoshou2\n  rotate: false\n  xy: 350, 29\n  size: 25, 32\n  orig: 25, 32\n  offset: 0, 0\n  index: -1\nzuoxiaobi\n  rotate: false\n  xy: 229, 2\n  size: 27, 15\n  orig: 27, 15\n  offset: 0, 0\n  index: -1\nzuoxiaotui\n  rotate: false\n  xy: 337, 96\n  size: 27, 30\n  orig: 27, 30\n  offset: 0, 0\n  index: -1\n",["ganlanqiu.png"],{"skeleton":{"hash":"iLCFYA7NKNcAcgxEaSAgxMIs+Lc","spine":"3.8.99","x":-53.24,"y":91.15,"width":74.78,"height":80.46,"images":"./images/","audio":"E:/植物大战僵尸动作/第二关/第二大关/ganlanqiu"},"bones":[{"name":"root","y":0.4,"scaleX":0.5,"scaleY":0.5},{"name":"kua","parent":"root","x":24.61,"y":134.38,"color":"ffe820ff"},{"name":"shenti","parent":"kua","length":94,"rotation":111.92,"x":-4.64,"y":4.64,"color":"ff9b38ff"},{"name":"tou1","parent":"shenti","length":71.64,"rotation":-8.37,"x":94.94,"y":0.08},{"name":"maozi","parent":"tou1","x":36.84,"y":12.94},{"name":"zuodabi","parent":"shenti","length":32.81,"rotation":162.9,"x":41.07,"y":-33.87,"color":"2b7bffff"},{"name":"zuoxiaobi","parent":"zuodabi","length":42.88,"rotation":-74.52,"x":32.5,"y":-0.7,"color":"2b7bffff"},{"name":"zuoshou1","parent":"zuoxiaobi","length":47.21,"rotation":-49.43,"x":43.4,"y":-0.55,"color":"2b7bffff"},{"name":"youdabi1","parent":"shenti","length":36.28,"rotation":136.78,"x":79.72,"y":52.22,"color":"75e437ff"},{"name":"youxiaobi","parent":"youdabi1","length":44.53,"rotation":-62.59,"x":36.4,"y":-0.31,"color":"74e436ff"},{"name":"youshou2","parent":"youxiaobi","length":57.21,"rotation":-41.48,"x":44.16,"y":-0.3,"color":"74e436ff"},{"name":"xiaba","parent":"tou1","x":9.83,"y":31.57},{"name":"shetou","parent":"xiaba","rotation":158.2,"x":-6.84,"y":0.04},{"name":"zuodatui","parent":"kua","length":57.17,"rotation":-105.67,"x":20.96,"y":-6.23,"color":"2c7bffff"},{"name":"zuoxiaotui","parent":"zuodatui","length":52.69,"rotation":54.96,"x":58.42,"y":-0.06,"color":"2b7bffff"},{"name":"zuojiao","parent":"kua","length":62.73,"rotation":-135.51,"x":-20.23,"y":-2.27,"color":"74e436ff"},{"name":"youxiaotui","parent":"zuojiao","length":47.01,"rotation":75.32,"x":63.61,"y":1.45,"color":"74e436ff"},{"name":"zuo","parent":"root","length":30,"rotation":-148.99,"x":67.86,"y":29.27,"color":"0fafffff"},{"name":"you","parent":"root","length":30,"rotation":-158.97,"x":-16.47,"y":44.06,"color":"a0ff23ff"},{"name":"yanzhuR","parent":"tou1","rotation":76.41,"x":49.35,"y":48.88},{"name":"yanzhuL","parent":"tou1","rotation":76.41,"x":35.5,"y":4.63},{"name":"shetou1","parent":"shetou","length":16.61,"rotation":0.37,"x":2.07,"y":-0.12},{"name":"shetou2","parent":"shetou1","length":12.56,"rotation":14.71,"x":17.14,"y":0.12}],"slots":[{"name":"youdatui","bone":"zuojiao","attachment":"youdatui"},{"name":"youxiaotui","bone":"youxiaotui","attachment":"youxiaotui"},{"name":"youjiao","bone":"you","attachment":"youjiao"},{"name":"kua","bone":"kua","attachment":"kua"},{"name":"zuodatui","bone":"zuodatui","attachment":"zuodatui"},{"name":"zuoxiaotui","bone":"zuoxiaotui","attachment":"zuoxiaotui"},{"name":"zuojiao","bone":"zuo","attachment":"zuojiao"},{"name":"youdabi1","bone":"youdabi1","attachment":"youdabi"},{"name":"shenti","bone":"shenti","attachment":"shenti"},{"name":"zuodabi","bone":"zuodabi","attachment":"zuodabi"},{"name":"zuoxiaobi","bone":"zuoxiaobi","attachment":"zuoxiaobi"},{"name":"zuojian","bone":"shenti","attachment":"zuojian"},{"name":"xiaba","bone":"xiaba","attachment":"xiaba"},{"name":"tou1","bone":"tou1","attachment":"tou"},{"name":"youxiaobi","bone":"youxiaobi","attachment":"youxiaobi"},{"name":"yanzhu","bone":"yanzhuR","attachment":"yanzhu"},{"name":"yanzhu2","bone":"yanzhuL","attachment":"yanzhu"},{"name":"shetou","bone":"shetou2","attachment":"shetou"},{"name":"mao1","bone":"maozi","attachment":"maozi"},{"name":"youshou2","bone":"youshou2","attachment":"youshou2"},{"name":"zuoshou1","bone":"zuoshou1","attachment":"zuoshou2"}],"ik":[{"name":"youjiao","order":1,"target":"you","softness":10,"bones":["zuojiao","youxiaotui"]},{"name":"zuojiao","target":"zuo","softness":10,"bones":["zuodatui","zuoxiaotui"]}],"skins":[{"name":"biaoqing1","attachments":{"kua":{"kua":{"x":0.92,"y":-0.62,"width":77,"height":61}},"shenti":{"shenti":{"x":63.41,"y":-7.8,"rotation":-111.92,"width":243,"height":161}},"tou1":{"tou":{"name":"tou1","x":42.23,"y":5.04,"rotation":-113.55,"width":125,"height":102}},"xiaba":{"xiaba":{"x":-8.88,"y":-8.61,"rotation":-113.55,"width":68,"height":47}},"yanzhu":{"yanzhu":{"x":-0.3,"y":0.11,"rotation":-113.55,"width":7,"height":7}},"yanzhu2":{"yanzhu":{"x":-0.3,"y":0.11,"rotation":-113.55,"width":7,"height":7}},"youdabi1":{"youdabi":{"name":"youdabi1","x":16.38,"y":1.24,"rotation":111.31,"width":26,"height":41}},"youdatui":{"youdatui":{"x":24.21,"y":-2.97,"rotation":135.51,"width":72,"height":70}},"youjiao":{"youjiao":{"x":25.34,"y":1.83,"rotation":158.97,"width":73,"height":40}},"youshou2":{"youshou1":{"x":21.55,"y":5.52,"rotation":-144.62,"width":61,"height":52},"youshou2":{"x":30.13,"y":-3.1,"rotation":-144.62,"width":65,"height":64}},"youxiaobi":{"youxiaobi":{"x":21.19,"y":-1.34,"rotation":173.9,"width":60,"height":21}},"youxiaotui":{"youxiaotui":{"x":18.04,"y":-1.11,"rotation":60.2,"width":42,"height":57}},"zuodabi":{"zuodabi":{"x":16.61,"y":0.58,"rotation":85.19,"width":16,"height":44}},"zuodatui":{"zuodatui":{"x":26.91,"y":1.8,"rotation":105.67,"width":48,"height":73}},"zuojian":{"zuojian":{"x":47.81,"y":-53.26,"rotation":-111.92,"width":129,"height":70}},"zuojiao":{"zuojiao":{"x":22.35,"y":1.44,"rotation":150.82,"width":78,"height":44}},"zuoshou1":{"zuoshou1":{"x":26.66,"y":-7.44,"rotation":-150.87,"width":61,"height":66},"zuoshou2":{"x":29.23,"y":-10.01,"rotation":-150.87,"width":49,"height":63}},"zuoxiaobi":{"zuoxiaobi":{"x":20.79,"y":-0.17,"rotation":159.71,"width":53,"height":30}},"zuoxiaotui":{"zuoxiaotui":{"x":19.67,"y":-1.48,"rotation":50.71,"width":54,"height":59}}}},{"name":"biaoqing2","attachments":{"kua":{"kua":{"x":0.92,"y":-0.62,"width":77,"height":61}},"shenti":{"shenti":{"x":63.41,"y":-7.8,"rotation":-111.92,"width":243,"height":161}},"shetou":{"shetou":{"type":"mesh","hull":18,"width":26,"height":43,"uvs":[0.75065,0,0.78303,0.11294,0.83451,0.26102,0.90727,0.47032,0.92664,0.52602,0.94674,0.58383,0.96699,0.64208,0.96081,0.81547,0.65446,1,0.55865,1,0.17419,0.91639,0.08836,0.73582,0,0.54994,0,0.52087,0.02507,0.46811,0.10543,0.29904,0.18889,0.12344,0.66301,0],"triangles":[11,12,3,14,3,12,12,13,14,8,9,7,7,9,11,9,10,11,6,7,11,5,11,4,4,11,3,5,6,11,15,3,14,3,15,2,15,16,2,16,1,2,16,17,1,17,0,1],"vertices":[2,12,-5.97,7.83,0.9649,21,-8.57,7.36,0.0351,2,12,-0.9,8.58,0.68419,21,-3.57,8.46,0.31581,3,12,5.93,9.44,0.14426,21,3.17,9.77,0.85316,22,-7.88,12.28,0.00258,3,12,14.51,10.33,0.0001,21,11.65,11.24,0.78208,22,0.69,11.56,0.21782,2,21,13.66,11.63,0.65676,22,2.73,11.42,0.34324,2,21,15.75,12.03,0.52854,22,4.85,11.28,0.47146,2,21,17.93,12.44,0.42442,22,7.07,11.12,0.57558,2,21,24.82,11.96,0.25146,22,13.61,8.91,0.74854,1,22,18.1,-0.86,1,1,22,17.38,-3.25,1,1,22,11.04,-11.77,1,1,22,2.97,-11.66,1,2,21,11.82,-12.63,0.04566,22,-5.21,-11.57,0.95434,2,21,10.67,-12.57,0.07626,22,-6.3,-11.23,0.92374,2,21,8.79,-11.81,0.1868,22,-7.94,-10.01,0.8132,3,12,4.9,-9.69,0.02574,21,3.48,-9.32,0.73992,22,-12.43,-6.25,0.23434,3,12,-1.46,-6.83,0.44768,21,-3.05,-6.93,0.53944,22,-18.14,-2.29,0.01289,2,12,-6.05,5.54,0.9799,21,-8.5,5.07,0.0201],"edges":[0,34,0,2,12,14,14,16,16,18,18,20,24,26,32,34,26,28,6,8,8,10,10,12,20,22,22,24,2,4,4,6,28,30,30,32]}},"tou1":{"tou":{"name":"tou2","x":42.23,"y":5.04,"rotation":-113.55,"width":125,"height":104}},"xiaba":{"xiaba":{"x":-8.88,"y":-8.61,"rotation":-113.55,"width":68,"height":47}},"yanzhu":{"yanzhu":{"x":-0.3,"y":0.11,"rotation":-113.55,"width":7,"height":7}},"yanzhu2":{"yanzhu":{"x":-0.3,"y":0.11,"rotation":-113.55,"width":7,"height":7}},"youdabi1":{"youdabi":{"name":"youdabi1","x":16.38,"y":1.24,"rotation":111.31,"width":26,"height":41}},"youdatui":{"youdatui":{"x":24.21,"y":-2.97,"rotation":135.51,"width":72,"height":70}},"youjiao":{"youjiao":{"x":25.34,"y":1.83,"rotation":158.97,"width":73,"height":40}},"youshou2":{"youshou1":{"x":21.55,"y":5.52,"rotation":-144.62,"width":61,"height":52},"youshou2":{"x":30.13,"y":-3.1,"rotation":-144.62,"width":65,"height":64}},"youxiaobi":{"youxiaobi":{"x":21.19,"y":-1.34,"rotation":173.9,"width":60,"height":21}},"youxiaotui":{"youxiaotui":{"x":18.04,"y":-1.11,"rotation":60.2,"width":42,"height":57}},"zuodabi":{"zuodabi":{"x":16.61,"y":0.58,"rotation":85.19,"width":16,"height":44}},"zuodatui":{"zuodatui":{"x":26.91,"y":1.8,"rotation":105.67,"width":48,"height":73}},"zuojian":{"zuojian":{"x":47.81,"y":-53.26,"rotation":-111.92,"width":129,"height":70}},"zuojiao":{"zuojiao":{"x":22.35,"y":1.44,"rotation":150.82,"width":78,"height":44}},"zuoshou1":{"zuoshou1":{"x":26.66,"y":-7.44,"rotation":-150.87,"width":61,"height":66},"zuoshou2":{"x":29.23,"y":-10.01,"rotation":-150.87,"width":49,"height":63}},"zuoxiaobi":{"zuoxiaobi":{"x":20.79,"y":-0.17,"rotation":159.71,"width":53,"height":30}},"zuoxiaotui":{"zuoxiaotui":{"x":19.67,"y":-1.48,"rotation":50.71,"width":54,"height":59}}}},{"name":"maozi1","attachments":{"mao1":{"maozi":{"name":"mao1","x":0.87,"y":-5.4,"rotation":-113.55,"width":127,"height":141}}}},{"name":"maozi2","attachments":{"mao1":{"maozi":{"name":"mao2","x":0.87,"y":-5.4,"rotation":-113.55,"width":127,"height":131}}}},{"name":"maozi3","attachments":{"mao1":{"maozi":{"name":"mao3","x":0.87,"y":-5.4,"rotation":-113.55,"width":127,"height":139}}}}],"animations":{"attack":{"slots":{"youshou2":{"attachment":[{"name":"youshou1"}]}},"bones":{"shetou1":{"rotate":[{"angle":-22.42},{"time":0.3,"angle":8.75},{"time":0.6,"angle":-22.42},{"time":0.9,"angle":8.75},{"time":1.2,"angle":-22.42}]},"youxiaotui":{"rotate":[{"angle":-2.84}]},"zuojiao":{"rotate":[{"angle":1.44}]},"zuoxiaotui":{"rotate":[{"angle":-6.61}]},"zuodatui":{"rotate":[{"angle":5.56}]},"xiaba":{"translate":[{"x":-2.13,"y":1},{"time":0.2667,"x":-6.02,"y":4.25},{"time":0.4,"x":1.96,"y":-2.22},{"time":0.6,"x":-2.13,"y":1},{"time":0.8667,"x":-6.02,"y":4.25},{"time":1,"x":1.96,"y":-2.22},{"time":1.2,"x":-2.13,"y":1}]},"youshou2":{"rotate":[{"angle":2.19}],"translate":[{"time":0.5},{"time":0.8,"x":-8.28,"y":-3.95},{"time":0.9333,"x":-18.11,"y":-2.57},{"time":1.2}]},"youxiaobi":{"rotate":[{"angle":1.1},{"time":0.1333,"angle":3.67},{"time":0.4333,"angle":1.1},{"time":0.8,"angle":-99.22},{"time":0.9333,"angle":-83.55},{"time":1.2,"angle":1.1}],"scale":[{"time":0.4333},{"time":0.8,"x":0.8},{"time":1.2}]},"youdabi1":{"rotate":[{"angle":9.7},{"time":0.1333,"angle":19.18},{"time":0.8333,"angle":26.41},{"time":1.2,"angle":9.7}]},"zuoshou1":{"rotate":[{"angle":38.48},{"time":0.4,"angle":44.75},{"time":1.2,"angle":38.48}]},"zuoxiaobi":{"rotate":[{"angle":0.89},{"time":0.1667,"angle":17.56},{"time":0.4,"angle":-1.04},{"time":0.5,"angle":-6.16},{"time":0.7667,"angle":2.78},{"time":1.2,"angle":0.89}]},"zuodabi":{"rotate":[{"angle":-13.14},{"time":0.2,"angle":-21.35},{"time":0.4,"angle":-38.3},{"time":0.6,"angle":-20.55},{"time":1.2,"angle":-13.14}],"scale":[{},{"time":0.2,"x":1.1},{"time":0.4}]},"tou1":{"rotate":[{"angle":1.09},{"time":0.4,"angle":6.09},{"time":0.6,"angle":1.09},{"time":1,"angle":6.09},{"time":1.2,"angle":1.09}],"translate":[{},{"time":0.4,"x":-6.02,"y":-0.52},{"time":0.6},{"time":1,"x":-6.02,"y":-0.52},{"time":1.2}]},"shenti":{"rotate":[{"angle":0.62,"curve":0.25,"c3":0.75},{"time":0.2,"angle":-3.24,"curve":0.25,"c3":0.75},{"time":0.4,"angle":1.74,"curve":0.25,"c3":0.75},{"time":0.6,"angle":0.62,"curve":0.25,"c3":0.75},{"time":0.8,"angle":-3.24,"curve":0.25,"c3":0.75},{"time":1,"angle":1.74,"curve":0.25,"c3":0.75},{"time":1.2,"angle":0.62}]},"kua":{"translate":[{"time":0.1667},{"time":0.3333,"x":1.86,"y":-14.12},{"time":0.6,"curve":"stepped"},{"time":0.7667},{"time":0.9333,"x":1.86,"y":-14.12},{"time":1.2}]},"shetou2":{"rotate":[{"angle":-8.57},{"time":0.1333,"angle":-22.42},{"time":0.4333,"angle":8.75},{"time":0.7333,"angle":-22.42},{"time":1.0333,"angle":8.75},{"time":1.2,"angle":-8.57}]}}},"die":{"bones":{"shetou1":{"rotate":[{},{"time":0.1333,"angle":-34.63},{"time":0.3333,"angle":51.25},{"time":0.4667,"angle":4.61},{"time":0.6,"angle":20.02}]},"you":{"rotate":[{},{"time":0.1667,"angle":-50.23},{"time":0.3333,"angle":-104.59},{"time":0.5,"angle":-63.07}],"translate":[{},{"time":0.1667,"y":46.83},{"time":0.2333,"x":47.2,"y":54.41},{"time":0.3333,"x":88.93,"y":40.62},{"time":0.5,"x":88.93,"y":11.24}]},"zuo":{"rotate":[{},{"time":0.1667,"angle":-69.69},{"time":0.3333,"angle":-91.02}],"translate":[{},{"time":0.1667,"x":-30.3,"y":27.55},{"time":0.2333,"x":-18.26,"y":45.57},{"time":0.3333,"x":-0.19,"y":10.81},{"time":0.5,"x":10.47,"y":20.87},{"time":0.6,"x":1.03,"y":14.47}]},"youxiaotui":{"rotate":[{"angle":-2.84},{"time":0.3333,"angle":-7.24}],"translate":[{"time":0.3333},{"time":0.4667,"x":-0.23,"y":-2.04},{"time":0.6,"x":0.32,"y":-2.03}]},"zuojiao":{"rotate":[{"angle":1.44},{"time":0.3333,"angle":-26.85}]},"zuoxiaotui":{"rotate":[{"angle":-6.61},{"time":0.3333,"angle":8.16}]},"zuodatui":{"rotate":[{"angle":5.56},{"time":0.3333,"angle":-62.61}]},"xiaba":{"translate":[{"x":-3.46,"y":2.94}]},"youshou2":{"rotate":[{"angle":2.19}]},"youxiaobi":{"rotate":[{"angle":1.1},{"time":0.3333,"angle":51.53},{"time":0.4667,"angle":44.63},{"time":0.6333,"angle":74.02}]},"youdabi1":{"rotate":[{},{"time":0.3333,"angle":41.57},{"time":0.6333,"angle":21.28}],"translate":[{},{"time":0.3333,"x":-4.47,"y":-31.53},{"time":0.4667,"x":3.76,"y":-59.28}]},"zuoshou1":{"rotate":[{"angle":1.78},{"time":0.3333,"angle":25.22},{"time":0.4667,"angle":26.84},{"time":0.6,"angle":34.66}]},"zuoxiaobi":{"rotate":[{"angle":0.89},{"time":0.1667,"angle":25.87},{"time":0.3333,"angle":8.86},{"time":0.4667,"angle":-8.72},{"time":0.6,"angle":8.82}]},"zuodabi":{"rotate":[{},{"time":0.1667,"angle":-33.93},{"time":0.3333,"angle":52.73}]},"tou1":{"rotate":[{"angle":1.09}]},"shenti":{"rotate":[{"angle":0.62}]},"kua":{"rotate":[{},{"time":0.1667,"angle":-14.85},{"time":0.3333,"angle":-68.04},{"time":0.4667,"angle":-69.34},{"time":0.6,"angle":-68.04}],"translate":[{},{"time":0.1667,"x":65.69},{"time":0.2333,"x":99.92,"y":-6.96},{"time":0.3333,"x":151.28,"y":-69.82},{"time":0.4667,"x":151.28,"y":-47.14},{"time":0.6,"x":151.28,"y":-69.82}]},"shetou2":{"rotate":[{"time":0.1333,"angle":-34.63},{"time":0.3333,"angle":16.63},{"time":0.4667,"angle":-4.39},{"time":0.6,"angle":15.62}]}},"drawOrder":[{"offsets":[{"slot":"youdabi1","offset":-6},{"slot":"youxiaobi","offset":-14},{"slot":"youshou2","offset":-17}]}]},"fall":{"slots":{"mao1":{"color":[{"time":0.2333,"color":"ffffffff"},{"time":0.4667,"color":"ffffff00"}]}},"bones":{"youxiaotui":{"rotate":[{"angle":-2.84}]},"zuojiao":{"rotate":[{"angle":1.44}]},"zuoxiaotui":{"rotate":[{"angle":-6.61}]},"zuodatui":{"rotate":[{"angle":5.56}]},"xiaba":{"translate":[{"x":-3.46,"y":2.94}]},"youshou2":{"rotate":[{"angle":2.19}]},"youxiaobi":{"rotate":[{"angle":1.1}]},"zuoshou1":{"rotate":[{"angle":1.78}]},"zuoxiaobi":{"rotate":[{"angle":0.89}]},"maozi":{"rotate":[{"curve":0.25,"c3":0.75},{"time":0.1333,"angle":-38.9,"curve":0.25,"c3":0.75},{"time":0.4667,"angle":-102.37}],"translate":[{"curve":0.25,"c3":0.75},{"time":0.1333,"x":51.24,"y":-33.32,"curve":0.25,"c3":0.75},{"time":0.4667,"x":-222.18,"y":41.26}]},"tou1":{"rotate":[{"angle":1.09}]},"shenti":{"rotate":[{"angle":0.62}]}}},"idle":{"bones":{"shetou1":{"rotate":[{"angle":7.75,"curve":0.25,"c3":0.75},{"time":0.6667,"angle":-8.38,"curve":0.25,"c3":0.75},{"time":1.3333,"angle":7.75}]},"youxiaotui":{"rotate":[{"angle":-2.84}]},"zuojiao":{"rotate":[{"angle":1.44}]},"zuoxiaotui":{"rotate":[{"angle":-6.61}]},"zuodatui":{"rotate":[{"angle":5.56}]},"xiaba":{"translate":[{"x":-3.46,"y":2.94},{"time":0.8333,"x":2.35,"y":-1.24},{"time":1.3333,"x":-3.46,"y":2.94}]},"youshou2":{"rotate":[{"angle":2.19},{"time":0.2667,"angle":-8.14},{"time":1.1,"angle":4.11},{"time":1.3333,"angle":2.19}]},"youxiaobi":{"rotate":[{"angle":1.1},{"time":0.1333},{"time":0.9667,"angle":4.11},{"time":1.3333,"angle":1.1}]},"youdabi1":{"rotate":[{},{"time":0.8333,"angle":4.11},{"time":1.3333}]},"zuoshou1":{"rotate":[{"angle":1.78},{"time":0.2667},{"time":1.1,"angle":3.34},{"time":1.3333,"angle":1.78}]},"zuoxiaobi":{"rotate":[{"angle":0.89},{"time":0.1333},{"time":0.9667,"angle":3.34},{"time":1.3333,"angle":0.89}]},"zuodabi":{"rotate":[{},{"time":0.8333,"angle":3.34},{"time":1.3333}]},"tou1":{"rotate":[{"angle":1.09},{"time":0.1333},{"time":0.9333,"angle":4.36},{"time":1.3333,"angle":1.09}]},"shenti":{"rotate":[{"angle":0.62},{"time":0.1333},{"time":0.9667,"angle":2.31},{"time":1.3333,"angle":0.62}]},"kua":{"translate":[{},{"time":0.8333,"y":-7.6},{"time":1.3333}]},"shetou2":{"rotate":[{"angle":3.29,"curve":0.25,"c3":0.75},{"time":0.1333,"angle":7.75,"curve":0.25,"c3":0.75},{"time":0.8,"angle":-14.51,"curve":0.25,"c3":0.75},{"time":1.3333,"angle":3.29}]}}},"rest":{"bones":{"shetou1":{"rotate":[{"angle":7.75}]},"youxiaotui":{"rotate":[{"angle":-2.84}]},"zuojiao":{"rotate":[{"angle":1.44}]},"zuoxiaotui":{"rotate":[{"angle":-6.61}]},"zuodatui":{"rotate":[{"angle":5.56}]},"xiaba":{"translate":[{"x":-3.46,"y":2.94}]},"youshou2":{"rotate":[{"angle":2.19}]},"youxiaobi":{"rotate":[{"angle":1.1}]},"zuoshou1":{"rotate":[{"angle":1.78}]},"zuoxiaobi":{"rotate":[{"angle":0.89}]},"tou1":{"rotate":[{"angle":1.09}]},"shenti":{"rotate":[{"angle":0.62}]},"shetou2":{"rotate":[{"angle":3.29}]}}},"walk":{"bones":{"root":{"translate":[{"time":0.1333},{"time":0.2333,"y":15.08},{"time":0.4333,"curve":"stepped"},{"time":0.5333},{"time":0.7333,"y":15.08},{"time":0.8667}]},"shetou1":{"rotate":[{"angle":20.06},{"time":0.2,"angle":-25.53},{"time":0.4333,"angle":20.06},{"time":0.6333,"angle":-25.53},{"time":0.8667,"angle":20.06}]},"you":{"rotate":[{},{"time":0.0667,"angle":17.53,"curve":0.25,"c3":0.75},{"time":0.1333,"angle":103.69,"curve":0.25,"c3":0.75},{"time":0.3,"angle":120.98},{"time":0.4333,"angle":91.49,"curve":0.245,"c3":0.637,"c4":0.56},{"time":0.5,"angle":45.65,"curve":0.381,"c2":0.55,"c3":0.742},{"time":0.5667,"angle":-29.86},{"time":0.7333,"angle":-61.55},{"time":0.8667}],"translate":[{"x":11.93},{"time":0.0667,"x":93.97,"y":14.06},{"time":0.1333,"x":119,"y":93.18},{"time":0.3,"x":116.9,"y":121.4},{"time":0.4333,"x":75.37,"y":55.54},{"time":0.5,"x":19.04,"y":35.55},{"time":0.5667,"x":-50.5,"y":57.56},{"time":0.7333,"x":-62.48,"y":77.88},{"time":0.8667,"x":11.93}]},"zuo":{"rotate":[{"angle":109.55},{"time":0.0667,"angle":53.41,"curve":0.25,"c3":0.75},{"time":0.1333,"angle":-14.38,"curve":0.258,"c3":0.619,"c4":0.45},{"time":0.3,"angle":-50.45},{"time":0.4333,"angle":3.36},{"time":0.5,"angle":24.92,"curve":0.25,"c3":0.75},{"time":0.5667,"angle":98.7,"curve":0.25,"c3":0.75},{"time":0.7333,"angle":117.44},{"time":0.8667,"angle":109.55}],"translate":[{"x":-16.1,"y":56.7},{"time":0.0667,"x":-59.3,"y":49.22},{"time":0.1333,"x":-121.55,"y":67.52},{"time":0.3,"x":-139.89,"y":80.62},{"time":0.4333,"x":-41.66,"y":20.45},{"time":0.5,"x":35.67,"y":31.67},{"time":0.5667,"x":53.2,"y":110.95},{"time":0.7333,"x":45.39,"y":139},{"time":0.8667,"x":-16.1,"y":56.7}]},"youxiaotui":{"rotate":[{"angle":-2.84}],"translate":[{},{"time":0.1333,"x":-0.75,"y":-1.71},{"time":0.7333,"x":-1.46,"y":-2.41},{"time":0.8667}]},"zuojiao":{"rotate":[{"angle":1.44}],"translate":[{},{"time":0.1,"x":14.93,"y":-10.31},{"time":0.1333,"x":24.19},{"time":0.3,"x":27.02},{"time":0.4333,"x":9.4},{"time":0.6,"x":9.46},{"time":0.7333,"x":3.13},{"time":0.8667}]},"zuoxiaotui":{"rotate":[{"angle":-6.61}],"translate":[{},{"time":0.5667,"x":1.22,"y":-5.71},{"time":0.8667}]},"zuodatui":{"rotate":[{"angle":5.56}],"translate":[{"y":-3.92,"curve":0.25,"c3":0.75},{"time":0.1333,"x":-10.89,"y":-13.49,"curve":0.25,"c3":0.75},{"time":0.3,"x":-11.39,"y":-8.02,"curve":0.25,"c3":0.75},{"time":0.4333,"curve":0.25,"c3":0.75},{"time":0.6,"x":-1.19,"y":2.98,"curve":"stepped"},{"time":0.7333,"x":-1.19,"y":2.98,"curve":0.25,"c3":0.75},{"time":0.8667,"y":-3.92}]},"xiaba":{"translate":[{"x":-2.13,"y":1}]},"youshou2":{"rotate":[{"angle":-21.65}]},"youxiaobi":{"rotate":[{"angle":14.95}]},"youdabi1":{"rotate":[{"angle":-26.77}],"translate":[{"x":22.07,"y":24.43}]},"zuoshou1":{"rotate":[{"angle":1.78}]},"zuoxiaobi":{"rotate":[{"angle":11.46},{"time":0.1333,"angle":8.23},{"time":0.3,"angle":25.97},{"time":0.4333,"angle":30.74},{"time":0.6,"angle":20.86},{"time":0.7333,"angle":8.44},{"time":0.8667,"angle":11.46}]},"zuodabi":{"rotate":[{},{"time":0.1333,"angle":77.11},{"time":0.3,"angle":89.87},{"time":0.4333,"angle":50.65},{"time":0.6,"angle":-33.53},{"time":0.7333,"angle":-40.74},{"time":0.8667}]},"tou1":{"rotate":[{"angle":-2.18},{"time":0.0667,"angle":1.09},{"time":0.2,"angle":-3.59},{"time":0.3667,"angle":-7.09},{"time":0.5,"angle":1.09},{"time":0.6333,"angle":-3.59},{"time":0.8,"angle":-7.09},{"time":0.8667,"angle":-2.18}]},"shenti":{"rotate":[{"angle":9.73},{"time":0.2,"angle":3},{"time":0.4333,"angle":9.73},{"time":0.6333,"angle":3},{"time":0.8667,"angle":9.73}]},"kua":{"rotate":[{},{"time":0.1333,"angle":-3.85},{"time":0.3,"angle":-5.2},{"time":0.4333},{"time":0.6,"angle":-3.85},{"time":0.7333,"angle":-5.2},{"time":0.8667}],"translate":[{"x":-7.67,"y":9.31},{"time":0.0667,"x":-7.67,"y":13.78},{"time":0.1333,"x":-7.67,"y":29.59},{"time":0.3,"x":-7.67,"y":35},{"time":0.4333,"x":-7.67,"y":9.31},{"time":0.5,"x":-7.67,"y":13.78},{"time":0.6,"x":-7.67,"y":22.54},{"time":0.7333,"x":-7.67,"y":35},{"time":0.8667,"x":-7.67,"y":9.31}]},"shetou2":{"rotate":[{"angle":-8.52},{"time":0.1333,"angle":20.06},{"time":0.3333,"angle":-29.96},{"time":0.5667,"angle":20.06},{"time":0.7667,"angle":-29.96},{"time":0.8667,"angle":-8.52}]}}}}},[0]]],0,0,[0],[-1],[0]]