[1,["fe943+YxNPxZy+TvygBGDS"],0,[["sp.SkeletonData",["_name","_atlasText","textureNames","_skeletonJson","textures"],-1,3]],[[0,0,1,2,3,4,5]],[[0,"effect003","\r\neffect003.png\r\nsize: 730,114\r\nformat: RGBA8888\r\nfilter: Linear,Linear\r\nrepeat: none\r\n06_shandianluwei/0\r\n  rotate: false\r\n  xy: 530, 12\r\n  size: 100, 100\r\n  orig: 118, 118\r\n  offset: 9, 9\r\n  index: -1\r\n06_shandianluwei/0000\r\n  rotate: false\r\n  xy: 632, 16\r\n  size: 96, 96\r\n  orig: 98, 98\r\n  offset: 1, 1\r\n  index: -1\r\n06_shandianluwei/1\r\n  rotate: false\r\n  xy: 325, 7\r\n  size: 102, 105\r\n  orig: 118, 118\r\n  offset: 7, 9\r\n  index: -1\r\n06_shandianluwei/2\r\n  rotate: true\r\n  xy: 114, 4\r\n  size: 108, 105\r\n  orig: 114, 116\r\n  offset: 5, 6\r\n  index: -1\r\n06_shandianluwei/3\r\n  rotate: true\r\n  xy: 429, 4\r\n  size: 108, 99\r\n  orig: 114, 116\r\n  offset: 1, 8\r\n  index: -1\r\n06_shandianluwei/4\r\n  rotate: false\r\n  xy: 2, 2\r\n  size: 110, 110\r\n  orig: 114, 116\r\n  offset: 2, 1\r\n  index: -1\r\n06_shandianluwei/5\r\n  rotate: false\r\n  xy: 221, 6\r\n  size: 102, 106\r\n  orig: 114, 116\r\n  offset: 2, 6\r\n  index: -1\r\n",["effect003.png"],{"skeleton":{"hash":"iVPUup6SpTVuzW1QoEsjN53/5OU","spine":"3.8.99","fps":24,"images":"D:/Work/植物大战僵尸2娘化版/动画/娘化版/打击特效/龙骨导出的spine资源/library","audio":"D:\\Work\\植物大战僵尸2娘化版\\动画\\娘化版\\打击特效\\龙骨导出的spine资源"},"bones":[{"name":"root"},{"name":"0","parent":"root"},{"name":"0000","parent":"root","rotation":-180}],"slots":[{"name":"0","bone":"0","attachment":"06_shandianluwei/0"},{"name":"0000","bone":"0000","attachment":"06_shandianluwei/0000","blend":"additive"}],"skins":[{"name":"default","attachments":{"0":{"06_shandianluwei/0":{"width":118,"height":118},"06_shandianluwei/1":{"width":118,"height":118},"06_shandianluwei/2":{"width":114,"height":116},"06_shandianluwei/3":{"width":114,"height":116},"06_shandianluwei/4":{"width":114,"height":116},"06_shandianluwei/5":{"width":114,"height":116}},"0000":{"06_shandianluwei/0000":{"rotation":-180,"width":98,"height":98}}}}],"animations":{"newAnimation":{"slots":{"0":{"color":[{"color":"ffffff00"},{"time":0.0833,"color":"ffffffcc"},{"time":0.1667,"color":"ffffffff"},{"time":0.2083,"color":"ffffff00"},{"time":0.25,"color":"ffffffff","curve":"stepped"},{"time":0.3333,"color":"ffffffff"},{"time":0.5,"color":"ffffff00"}],"attachment":[{"time":0.0417,"name":null},{"time":0.0833,"name":"06_shandianluwei/1"},{"time":0.125,"name":null},{"time":0.1667,"name":"06_shandianluwei/2"},{"time":0.25,"name":"06_shandianluwei/3"},{"time":0.3333,"name":"06_shandianluwei/4"},{"time":0.4167,"name":"06_shandianluwei/5"}]},"0000":{"attachment":[{"time":0.1667,"name":null},{"time":0.2083,"name":"06_shandianluwei/0000"},{"time":0.25,"name":null},{"time":0.2917,"name":"06_shandianluwei/0000"},{"time":0.3333,"name":null}]}},"bones":{"0":{"scale":[{},{"time":0.5833,"x":1.5,"y":1.5}]},"0000":{"scale":[{"x":0.5,"y":0.5},{"time":0.125},{"time":0.25,"x":1.5,"y":1.5},{"time":0.5833,"x":2,"y":2}]}}}}},[0]]],0,0,[0],[-1],[0]]