[1,["e3MsAKCsFKboHjmg1gxZ/r"],0,[["sp.SkeletonData",["_name","_atlasText","textureNames","_skeletonJson","textures"],-1,3]],[[0,0,1,2,3,4,5]],[[0,"31_plant","\n31_plant.png\nsize: 512,256\nformat: RGBA8888\nfilter: Linear,Linear\nrepeat: none\nbody\n  rotate: true\n  xy: 246, 10\n  size: 192, 120\n  orig: 192, 120\n  offset: 0, 0\n  index: -1\nbody1\n  rotate: true\n  xy: 2, 2\n  size: 200, 120\n  orig: 200, 120\n  offset: 0, 0\n  index: -1\nbody2\n  rotate: true\n  xy: 124, 2\n  size: 200, 120\n  orig: 200, 120\n  offset: 0, 0\n  index: -1\nbody3\n  rotate: true\n  xy: 368, 2\n  size: 200, 108\n  orig: 200, 118\n  offset: 0, 0\n  index: -1\n",["31_plant.png"],{"skeleton":{"hash":"7x4ySnimjuBpBiQeKUXt8aD81FI","spine":"3.8.99","x":-61.49,"y":-6.22,"width":121.88,"height":73.08},"bones":[{"name":"root"},{"name":"plant","parent":"root","scaleX":0.122,"scaleY":0.122},{"name":"body1","parent":"plant","length":467.32,"rotation":90}],"slots":[{"name":"body","bone":"body1","attachment":"body"},{"name":"body1","bone":"body1","attachment":"body1"}],"skins":[{"name":"skin_1","attachments":{"body1":{"body1":{"x":248.5,"y":4.5,"rotation":-90,"width":999,"height":599}}}},{"name":"skin_2","attachments":{"body1":{"body1":{"path":"body2","x":248.5,"y":5.5,"rotation":-90,"width":1001,"height":599}}}},{"name":"skin_3","attachments":{"body1":{"body1":{"path":"body3","x":245,"y":5.5,"rotation":-90,"width":1001,"height":592}}}},{"name":"skin_body","attachments":{"body":{"body":{"x":301,"y":2.5,"rotation":-90,"width":959,"height":600}}}}],"animations":{"idle":{"bones":{"body1":{"translate":[{},{"time":0.3333,"y":-3.54},{"time":0.6667},{"time":1,"y":3.54},{"time":1.3333}],"scale":[{},{"time":0.3333,"x":0.931,"y":1.049},{"time":0.6667},{"time":1,"x":1.065,"y":0.935},{"time":1.3333}]}}}}},[0]]],0,0,[0],[-1],[0]]