[1,["ecpdLyjvZBwrvm+cedCcQy","caohSHbS5GEIzmwCrnMGn5","189b84621","7a/QZLET9IDreTiBfRn2PD","fdyW0Fq4VHP6/BcD2uWwl1","42Il2weJdAnJrBo6iJFV7k","35AWwDfGJD1Y9nlO1C+xZs","15U2uVlqxEB4yYjqRtzLmL","65ybVT/JhNvbjVcDxJ07U+","dadQ2zZntCQp4oUekYnXUp","c9eFZ+R0JMxZHFonsfZBO7","24Firt3ixPtZ+CTNASCLKB","bcgDsxTExOK5Y3OcYGAsA1","709eKkExpK573bXai0f8St","2feRlJ3QNFh5DUZG3E5FSJ","4efU//9OVNGo8MfkCbZl+N","1eOYxtQptCNqTzT95llWlR","37Zmn5nSNNoKdEio3urXrv"],["node","_spriteFrame","_N$file","_textureSetter","_N$skeletonData","_parent","root","zjNode","jdNode","zjZombieNode1","zombieNode","zjPlantNode","plantNode","data"],[["cc.Node",["_name","_active","_prefab","_contentSize","_components","_trs","_parent","_children","_anchorPoint","_color"],1,4,5,9,7,1,2,5,5],"cc.SpriteFrame",["cc.Widget",["_alignFlags","_originalWidth","_originalHeight","_left","_right","_top","_bottom","node"],-4,1],["cc.Sprite",["_type","_sizeMode","_isTrimmedMode","node","_materials","_spriteFrame"],0,1,3,6],["cc.Label",["_string","_isSystemFontUsed","_N$horizontalAlign","_N$verticalAlign","_lineHeight","_fontSize","node","_materials","_N$file"],-3,1,3,6],["sp.Skeleton",["defaultSkin","defaultAnimation","_preCacheMode","_animationName","premultipliedAlpha","_N$enableBatch","node","_materials","_N$skeletonData"],-3,1,3,6],["cc.PrefabInfo",["fileId","root","asset"],2,1,1],["cc.Button",["_N$transition","node","clickEvents"],2,1,9],["cc.Prefab",["_name"],2],["cc.BlockInputEvents",["node"],3,1],["3cd4cOQNe5AlKqqOM/396Us",["node","plantNode","zjPlantNode","zombieNode","zjZombieNode1","jdNode","zjNode"],3,1,1,1,1,1,1,1],["cc.ClickEvent",["_componentId","handler","target"],1,1],["cc.Layout",["_N$layoutType","_N$spacingX","node","_layoutSize"],1,1,5],["cc.LabelOutline",["_width","node","_color"],2,1,5]],[[6,0,1,2,2],[0,0,6,4,2,3,5,2],[3,0,1,2,3,4,5,4],[11,0,1,2,3],[13,0,1,2,2],[0,0,6,4,2,9,3,5,2],[3,3,4,5,1],[7,1,2,1],[0,0,6,7,4,2,3,5,2],[0,0,6,4,2,3,2],[4,0,1,2,3,6,7,8,5],[0,0,7,4,2,3,5,2],[3,0,1,3,4,5,3],[4,0,4,1,2,3,6,7,8,6],[5,0,1,2,4,3,5,6,7,8,7],[8,0,2],[0,0,6,7,2,3,5,2],[0,0,1,7,4,2,3,5,3],[0,0,1,6,7,4,2,3,8,5,3],[0,0,1,6,4,2,3,3],[0,0,1,6,4,2,3,5,3],[2,0,7,2],[2,0,1,2,7,4],[2,0,3,4,5,6,1,2,7,8],[9,0,1],[10,0,1,2,3,4,5,6,1],[6,1,2,1],[7,0,1,2,2],[12,0,1,2,3,3],[4,0,5,4,1,2,3,6,7,8,7],[5,0,1,2,3,6,7,8,5],[5,0,1,2,4,3,6,7,8,6]],[[[{"name":"tittle_bg","rect":[3,3,572,123],"offset":[0,0],"originalSize":[572,123],"capInsets":[370,0,202,0]}],[1],0,[0],[3],[2]],[[{"name":"type_bg","rect":[85,543,202,83],"offset":[0,0],"originalSize":[202,83],"rotated":1,"capInsets":[0,0,0,0]}],[1],0,[0],[3],[2]],[[{"name":"type_bg2","rect":[129,761,202,83],"offset":[0,0],"originalSize":[202,83],"rotated":1,"capInsets":[0,0,0,0]}],[1],0,[0],[3],[2]],[[{"name":"zombie_board","rect":[3,132,457,399],"offset":[0,0],"originalSize":[457,399],"capInsets":[0,0,0,0]}],[1],0,[0],[3],[2]],[[{"name":"plant_board","rect":[581,3,432,426],"offset":[0,0],"originalSize":[432,426],"capInsets":[0,0,0,0]}],[1],0,[0],[3],[2]],[[[15,"HandbookView"],[11,"HandbookView",[-11,-12,-13,-14,-15,-16,-17],[[21,45,-2],[24,-3],[25,-10,-9,-8,-7,-6,-5,-4]],[26,-1,0],[5,1280,720],[640,360,0,0,0,0,1,1,1,1]],[8,"plant_board",1,[-20,-21,-22,-23,-24],[[2,1,2,false,-18,[18],19],[7,-19,[[3,"3cd4cOQNe5AlKqqOM/396Us","clickPlantBook",1]]]],[0,"32mcJoBldHqapwWcSu78rI",1,0],[5,432,426],[-263,-22.569,0,0,0,0,1,1,1,1]],[16,"zombie_board",1,[-25,-26,-27,-28,-29],[0,"19fAMiDwxAGJ96KF2BEqMq",1,0],[5,413,100],[230,110.431,0,0,0,0,1,1,1,1]],[8,"btn_close",1,[-32,-33],[[12,1,0,-30,[32],33],[27,3,-31,[[3,"3cd4cOQNe5AlKqqOM/396Us","clickClose",1]]]],[0,"5dqnZKsllEqployEUjHi2M",1,0],[5,200,68],[449,-291.69,0,0,0,0,1,1,1,0]],[11,"type_bg",[-36],[[6,-34,[36],37],[7,-35,[[3,"3cd4cOQNe5AlKqqOM/396Us","clickJdBtn",1]]]],[0,"7cRkwsQ9ZEDqmR9f2veYGd",1,0],[5,202,83],[101,0,0,0,0,0,1,1,1,1]],[17,"type_bg",false,[-39],[[6,-37,[40],41],[7,-38,[[3,"3cd4cOQNe5AlKqqOM/396Us","clickZjBtn",1]]]],[0,"083XttSmRHobP0mxtjcIsD",1,0],[5,202,83],[323,0,0,0,0,0,1,1,1,1]],[18,"layout",false,1,[5,6],[[28,1,20,-40,[5,500,100]]],[0,"ecqGttiXlGcImTIVBe7QkG",1,0],[5,500,100],[0,0,0.5],[-587.23,-289.556,0,0,0,0,1,1,1,1]],[9,"new_plant_bg",1,[[12,1,0,-41,[0],1],[22,45,149,142,-42]],[0,"2fzir3ENRNqLigvE3WcoNE",1,0],[5,1280,720]],[19,"new_plant_bg2",false,1,[[2,1,0,false,-43,[2],3],[23,45,35,35,20,20,70,62,-44]],[0,"7dsX9raBFJWIij8EXdbKmY",1,0],[5,1210,680]],[8,"tittle_bg",1,[-46],[[2,1,2,false,-45,[6],7]],[0,"0e2Gs39XpACZhg0uTGh4gK",1,0],[5,572,123],[-2,262,0,0,0,0,1,1,1,1]],[5,"tittle",10,[[29,"大图鉴-目录",70,75,false,1,1,-47,[4],5],[4,3,-48,[4,4278596427]]],[0,"d6xRdSfKdDvYfIOBEskIOf",1,0],[4,4284274431],[5,397.86,100.5],[4,2,0,0,0,0,1,1,1,1]],[1,"02_plant",2,[[30,"skin1","idle1",0,"idle1",-49,[12],13]],[0,"f6x1aPGYlKnrJtF1/oqQFG",1,0],[5,102.76976013183594,109.36927032470703],[0,-36,0,0,0,0,1,1,1,1]],[5,"txt",2,[[13,"查看植物",44,false,1,1,-50,[14],15],[4,2,-51,[4,4278596427]]],[0,"59foJvhelKEq8G0G2fHF9m",1,0],[4,4280135167],[5,164,59.44],[0,-116,0,0,0,0,1,1,1,1]],[1,"zjPlant",2,[[31,"default","idle",0,false,"idle",-52,[16],17]],[0,"36Op7GGqxHAJxVPKOO8wXw",1,0],[5,144,107.10000610351562],[0,-36,0,0,0,0,1,1,1,1]],[1,"01_03zombie",3,[[14,"zombie_1","idle",0,false,"idle",true,-53,[22],23]],[0,"9d8J0W2tZNo5S1UZB4rxj7",1,0],[5,115.80000305175781,156.9748077392578],[0,-206,0,0,0,0,1,1,1,1]],[5,"txt",3,[[13,"查看僵尸",44,false,1,1,-54,[24],25],[4,2,-55,[4,4278330370]]],[0,"5b0LjWILtBfrk+4byuy0k1",1,0],[4,4279746326],[5,164,59.44],[0,-244,0,0,0,0,1,1,1,1]],[1,"zjZombie",3,[[14,"zombie_1","idle",0,false,"idle",true,-56,[26],27]],[0,"7eadywhmhFyJ1l8IWpWnsY",1,0],[5,115.80000305175781,156.9748077392578],[0,-206,0,0,0,0,1,1,1,1]],[9,"New Label",5,[[10,"经典版",false,1,1,-57,[34],35],[4,2,-58,[4,4278190080]]],[0,"edUvxRRetFSpxRn+HQWHLU",1,0],[5,124,54.4]],[9,"New Label",6,[[10,"创意模式",false,1,1,-59,[38],39],[4,2,-60,[4,4278190080]]],[0,"2c/zSS8G5Ds7wwBSdQkIeW",1,0],[5,164,54.4]],[20,"plant_board_bg",false,2,[[2,1,0,false,-61,[8],9]],[0,"87l7xSnUpGMLmYTOcK2l0Z",1,0],[5,350,303],[-1,1,0,0,0,0,1,1,1,1]],[1,"shadow_new",2,[[6,-62,[10],11]],[0,"b4Ot4RK+JMtZpzWYwh41JC",1,0],[5,74,37],[0,-39,0,0,0,0,1,1,1,1]],[1,"bg",3,[[2,1,2,false,-63,[20],21]],[0,"acUhlLeQVGcJrGEqNXudX1",1,0],[5,457,399],[18.556,-136.495,0,0,0,0,1,1,1,1]],[1,"btn",3,[[7,-64,[[3,"3cd4cOQNe5AlKqqOM/396Us","clickZombieBook",1]]]],[0,"a6W3CCkg5K64FYSVVjfFiv",1,0],[5,413,364],[0,-131,0,0,0,0,1,1,1,1]],[5,"txt",4,[[10,"关闭",false,1,1,-65,[28],29]],[0,"0apnSsa6tHeJ/evk8ew20A",1,0],[4,4285150504],[5,80,50.4],[-29,0,0,0,0,0,1,1,1,1]],[1,"btn_close",4,[[6,-66,[30],31]],[0,"61M+oiZYFKqb5LK18kJbFV",1,0],[5,72,72],[51,0,0,0,0,0,1,0.55,0.55,1]]],0,[0,6,1,0,0,1,0,0,1,0,7,6,0,8,5,0,9,17,0,10,15,0,11,14,0,12,12,0,0,1,0,-1,8,0,-2,9,0,-3,10,0,-4,2,0,-5,3,0,-6,4,0,-7,7,0,0,2,0,0,2,0,-1,20,0,-2,21,0,-3,12,0,-4,13,0,-5,14,0,-1,22,0,-2,15,0,-3,16,0,-4,23,0,-5,17,0,0,4,0,0,4,0,-1,24,0,-2,25,0,0,5,0,0,5,0,-1,18,0,0,6,0,0,6,0,-1,19,0,0,7,0,0,8,0,0,8,0,0,9,0,0,9,0,0,10,0,-1,11,0,0,11,0,0,11,0,0,12,0,0,13,0,0,13,0,0,14,0,0,15,0,0,16,0,0,16,0,0,17,0,0,18,0,0,18,0,0,19,0,0,19,0,0,20,0,0,21,0,0,22,0,0,23,0,0,24,0,0,25,0,13,1,5,5,7,6,5,7,66],[0,0,0,0,0,0,0,0,0,0,0,0,0,0,0,0,0,0,0,0,0,0,0,0,0,0,0,0,0,0,0,0,0,0,0,0,0,0,0,0,0,0],[-1,1,-1,1,-1,2,-1,1,-1,1,-1,1,-1,4,-1,2,-1,4,-1,1,-1,1,-1,4,-1,2,-1,4,-1,2,-1,1,-1,1,-1,2,-1,1,-1,2,-1,1],[0,5,0,6,0,1,0,7,0,8,0,9,3,10,0,1,3,11,0,12,0,13,3,4,0,1,3,4,0,1,0,14,0,15,0,1,0,16,0,1,0,17]]]]