[1,["e3Na6WdjJK9LpgWa8SaKIQ","1930e3dc6","ecpdLyjvZBwrvm+cedCcQy","82SDcJKQ5C3r6SEhMOCeuP","a81Evo+olHnoLn9wMMWyhC","03zuYA7spAsYdKD5sWWcUd","84vJKYOZhHxZnaZ9hxvorh"],["node","_N$skeletonData","_textureSetter","root","jackBoxAni","machineHead","atlasSpine","data","_spriteFrame","poolPrefab"],[["cc.Node",["_name","_active","_components","_prefab","_children","_parent","_contentSize"],1,9,4,2,1,5],["cc.Node",["_name","_active","_parent","_components","_prefab","_contentSize"],1,1,2,4,5],["cc.PrefabInfo",["fileId","root","asset"],2,1,1],["sp.Skeleton",["defaultSkin","defaultAnimation","_preCacheMode","_animationName","_N$enableBatch","premultipliedAlpha","loop","_playTimes","node","_materials"],-5,1,3],"cc.SpriteFrame",["cc.Prefab",["_name"],2],["d06f0s2FhRHL5NufHOcxmir",["node","atlasSpine","machineHead","jackBoxAni","poolPrefab"],3,1,1,1,1,6],["cc.Sprite",["node","_materials","_spriteFrame"],3,1,3,6],["261d4+Q1HdGA5w3tjdBw83c",["node","spineAnimation"],3,1,1]],[[2,0,1,2,2],[5,0,2],[0,0,4,2,3,2],[0,0,1,5,2,3,6,3],[1,0,1,2,3,4,5,3],[1,0,2,3,4,5,2],[6,0,1,2,3,4,1],[2,1,2,1],[7,0,1,2,1],[3,0,1,2,5,3,4,8,9,7],[3,0,1,2,6,3,7,4,8,9,8],[8,0,1,1]],[[[{"name":"1head1","rect":[526,792,98,97],"offset":[0.5,0.5],"originalSize":[99,98],"capInsets":[0,0,0,0]}],[4],0,[0],[2],[1]],[[[1,"AbsorbIronEquip"],[2,"AbsorbIronEquip",[-6,-7,-8],[[6,-5,-4,-3,-2,4]],[7,-1,0]],[4,"Zombie_jackbox",false,1,[-9,-10],[0,"a8GlBMSJRO1YazBSFahcme",1,0],[5,117.87400817871094,164.14404296875]],[3,"machineHead",false,1,[[8,-11,[2],3]],[0,"7dFdqij29Jfpq3YxN2r7Op",1,0],[5,98,97]],[9,"box","idle",0,false,"idle",true,2,[0]],[11,2,4],[5,"01_Zpr",1,[-12],[0,"86GRmTsY5PVKCr/zIjcAtv",1,0],[5,222.8000030517578,125.5999984741211]],[10,"3hat1","animation",0,false,"animation",1,true,6,[1]]],0,[0,3,1,0,4,5,0,5,3,0,6,7,0,0,1,0,-1,2,0,-2,6,0,-3,3,0,-1,4,0,-2,5,0,0,3,0,-1,7,0,7,1,12],[0,0,0,0,0,4,7],[-1,-1,-1,8,9,1,1],[0,0,2,3,4,5,6]]]]