[1,["1c50af12d","ecpdLyjvZBwrvm+cedCcQy","7a/eAJQzhOaKt/m4vyityg"],["node","_textureSetter","root","data","_spriteFrame"],[["cc.Node",["_name","_components","_prefab","_children","_parent","_contentSize","_anchorPoint"],2,9,4,2,1,5,5],["cc.PrefabInfo",["fileId","root","asset"],2,1,1],"cc.SpriteFrame",["cc.Prefab",["_name"],2],["8242bUT/KJOJoQL6XKXRfTg",["node"],3,1],["cc.Sprite",["node","_materials","_spriteFrame"],3,1,3,6]],[[3,0,2],[0,0,3,1,2,2],[0,0,4,1,2,5,6,2],[4,0,1],[1,1,2,1],[1,0,1,2,2],[5,0,1,2,1]],[[[{"name":"BungeeTarget","rect":[926,694,81,94],"offset":[0,0],"originalSize":[85,98],"rotated":1,"capInsets":[0,0,0,0]}],[2],0,[0],[1],[0]],[[[0,"BungeeTarget"],[1,"BungeeTarget",[-3],[[3,-2]],[4,-1,0]],[2,"BungeeTarget",1,[[6,-4,[0],1]],[5,"735MzULS9PPJ6K37ciTx7u",1,0],[5,81,94],[0,0.5,0]]],0,[0,2,1,0,0,1,0,-1,2,0,0,2,0,3,1,4],[0,0],[-1,4],[1,2]]]]