[1,["f9GCZg4F1LpLnIXN0+RayR","e3Na6WdjJK9LpgWa8SaKIQ","bemhLCrhFNhoHGKwHAn+Ez"],["root","body","animation","node","data","_N$skeletonData"],[["cc.Node",["_name","_groupIndex","_parent","_components","_prefab","_contentSize"],1,1,2,4,5],["cc.PrefabInfo",["fileId","root","asset"],2,1,1],["sp.SkeletonData",["_name","_atlasText","textureNames","_skeletonJson","textures"],-1,3],["cc.Prefab",["_name"],2],["cc.Node",["_name","_children","_components","_prefab","_trs"],2,2,12,4,7],["9267fAJVONNm59HBZWdHpJe",["node","animation","body"],3,1,1,1],["cc.BoxCollider",["node","_offset","_size"],3,1,5,5],["96c396uvMtPhLUJFoRD9JmK",["node","body"],3,1,1],["sp.Skeleton",["defaultSkin","defaultAnimation","_preCacheMode","_animationName","node","_materials"],-1,1,3],["261d4+Q1HdGA5w3tjdBw83c",["activeFlash","node","spineAnimation"],2,1,1]],[[1,0,1,2,2],[2,0,1,2,3,4,5],[3,0,2],[4,0,1,2,3,4,2],[0,0,1,2,3,4,3],[0,0,2,3,4,5,2],[5,0,1,2,1],[1,1,2,1],[6,0,1,2,1],[7,0,1,1],[8,0,1,2,3,4,5,5],[9,0,1,2,2]],[[[[1,"39_plant","\n39_plant.png\nsize: 256,128\nformat: RGBA8888\nfilter: Linear,Linear\nrepeat: none\nbody\n  rotate: true\n  xy: 81, 50\n  size: 22, 39\n  orig: 22, 39\n  offset: 0, 0\n  index: -1\neye1\n  rotate: true\n  xy: 122, 43\n  size: 29, 15\n  orig: 29, 15\n  offset: 0, 0\n  index: -1\neye2\n  rotate: false\n  xy: 132, 27\n  size: 29, 14\n  orig: 29, 14\n  offset: 0, 0\n  index: -1\neye3\n  rotate: false\n  xy: 76, 3\n  size: 29, 10\n  orig: 29, 13\n  offset: 0, 0\n  index: -1\neyebrow1\n  rotate: false\n  xy: 81, 41\n  size: 10, 7\n  orig: 10, 7\n  offset: 0, 0\n  index: -1\neyebrow2\n  rotate: false\n  xy: 93, 42\n  size: 10, 6\n  orig: 10, 6\n  offset: 0, 0\n  index: -1\nhead1\n  rotate: true\n  xy: 81, 74\n  size: 50, 43\n  orig: 50, 43\n  offset: 0, 0\n  index: -1\nhead2\n  rotate: true\n  xy: 2, 41\n  size: 83, 77\n  orig: 83, 77\n  offset: 0, 0\n  index: -1\nleaf1\n  rotate: false\n  xy: 2, 2\n  size: 72, 37\n  orig: 72, 37\n  offset: 0, 0\n  index: -1\nleaf2\n  rotate: false\n  xy: 76, 15\n  size: 54, 24\n  orig: 54, 24\n  offset: 0, 0\n  index: -1\nmouth1\n  rotate: false\n  xy: 107, 3\n  size: 27, 10\n  orig: 27, 10\n  offset: 0, 0\n  index: -1\nmouth2\n  rotate: false\n  xy: 132, 15\n  size: 24, 10\n  orig: 24, 10\n  offset: 0, 0\n  index: -1\n",["39_plant.png"],{"skeleton":{"hash":"4Qt5vE3d1iE6Txii47noKrNMFCE","spine":"3.8.99","x":-34.79,"y":-8.58,"width":64.9,"height":88.45},"bones":[{"name":"root"},{"name":"plant","parent":"root","scaleX":0.156,"scaleY":0.156},{"name":"leaf1","parent":"plant","length":132.25,"rotation":169.61,"x":17.55,"y":6.72},{"name":"leaf2","parent":"leaf1","length":74.29,"rotation":70.64,"x":133.75,"y":0.83},{"name":"leaf3","parent":"plant","length":127.92,"rotation":36.38,"x":41.39,"y":8.89},{"name":"leaf4","parent":"leaf3","length":79.74,"rotation":-106.1,"x":128.35,"y":-0.32},{"name":"leaf5","parent":"plant","length":89.84,"rotation":138.42,"x":-18.86,"y":49.86},{"name":"leaf6","parent":"leaf5","length":49.51,"rotation":83.47,"x":90.65,"y":0.72},{"name":"leaf7","parent":"plant","length":98.26,"rotation":41.87,"x":19.08,"y":56.36},{"name":"leaf8","parent":"leaf7","length":48.89,"rotation":-77.85,"x":98.26},{"name":"body","parent":"plant","length":190.78,"rotation":108,"x":17.45,"y":32.52},{"name":"head1","parent":"body","length":138.74,"rotation":90,"x":202.86,"y":-52.28,"scaleX":0.156,"scaleY":0.156,"transform":"onlyTranslation"},{"name":"head2","parent":"head1","x":84.02,"y":3.86,"scaleX":0.156,"scaleY":0.156,"transform":"onlyTranslation"},{"name":"eye1","parent":"head1","x":109.01,"y":-3.01},{"name":"eyebrow1","parent":"head1","x":139.32,"y":76},{"name":"eyebrow2","parent":"head1","x":171.59,"y":-57.83},{"name":"mouth1","parent":"head1","x":48.82,"y":-12.01},{"name":"mouth3","parent":"mouth1","length":32.07,"rotation":-166.64,"x":-3.51,"y":-1.17}],"slots":[{"name":"leaf2","bone":"leaf7","attachment":"leaf2"},{"name":"body","bone":"body","attachment":"body"},{"name":"leaf1","bone":"leaf3","attachment":"leaf1"},{"name":"head2","bone":"head2","attachment":"head2"},{"name":"head1","bone":"head1","attachment":"head1"},{"name":"mouth2","bone":"mouth3","attachment":"mouth2"},{"name":"mouth1","bone":"mouth1","attachment":"mouth1"},{"name":"eye1","bone":"eye1","attachment":"eye1"},{"name":"eyebrow2","bone":"eyebrow2","attachment":"eyebrow2"},{"name":"eyebrow1","bone":"eyebrow1","attachment":"eyebrow1"}],"skins":[{"name":"default","attachments":{"body":{"body":{"x":98.85,"y":13.03,"rotation":-108,"width":109,"height":193}},"eye1":{"eye1":{"x":-0.61,"y":2.97,"rotation":-90,"width":147,"height":76},"eye2":{"x":-1.11,"y":2.97,"rotation":-90,"width":147,"height":69},"eye3":{"x":0.39,"y":2.47,"rotation":-90,"width":146,"height":66}},"eyebrow1":{"eyebrow1":{"x":-4.43,"y":-3.04,"rotation":-90,"width":49,"height":37}},"eyebrow2":{"eyebrow2":{"x":-3.19,"y":-1.2,"rotation":-90,"width":49,"height":30}},"head1":{"head1":{"x":85.9,"y":3.97,"rotation":-90,"width":251,"height":217}},"head2":{"head2":{"x":-15.6,"y":-6.62,"width":416,"height":386}},"leaf1":{"leaf1":{"type":"mesh","hull":31,"uvs":[0.91565,0.05539,0.97622,0.17049,1,0.33386,1,0.57521,0.93742,0.73115,0.84373,0.72001,0.87685,0.62162,0.88537,0.53065,0.83711,0.53436,0.786,0.69031,0.69705,0.87967,0.61188,0.89267,0.5532,0.83512,0.52386,0.91866,0.44248,1,0.30336,0.93537,0.18602,0.82026,0.13491,0.81098,0.09706,0.88896,0.13113,1,0.05731,1,0,0.86668,0,0.66061,0.03082,0.42669,0.09327,0.3153,0.23239,0.21876,0.4245,0.31715,0.52103,0.42669,0.52954,0.23918,0.69137,0,0.79547,0,0.16141,0.53993,0.07719,0.69402,0.04217,0.86853,0.35636,0.5882,0.70273,0.46939,0.80493,0.27631,0.88821,0.25032,0.94215,0.41369,0.93553,0.59934,0.55226,0.64761],"triangles":[13,14,34,20,18,19,21,33,20,20,33,18,14,15,34,15,16,34,12,34,40,12,13,34,10,11,40,17,18,32,35,9,10,32,18,33,32,33,22,33,21,22,35,10,40,12,40,11,17,31,16,16,31,34,17,32,31,5,6,4,6,39,4,4,39,3,31,32,23,9,35,8,32,22,23,34,27,40,40,27,35,6,7,39,3,39,38,31,25,34,34,26,27,34,25,26,39,7,38,38,2,3,23,24,31,31,24,25,37,7,8,8,35,36,7,37,38,37,8,36,27,28,35,28,29,35,36,29,30,36,35,29,38,37,2,37,1,2,36,30,37,37,0,1,37,30,0],"vertices":[2,4,157.49,19.32,0.54868,5,-26.95,22.54,0.45132,2,4,162.5,-10.54,0.05771,5,0.35,35.64,0.94229,1,5,31.35,33.28,1,1,5,72.78,17.97,1,1,5,91.76,-13,1,1,5,78.19,-43.84,1,2,4,84.8,-55.84,0.0092,5,65.42,-26.44,0.9908,2,4,97.14,-44.25,0.13894,5,50.86,-17.8,0.86106,2,4,82.79,-34.52,0.679,5,45.49,-34.29,0.321,2,4,51.09,-46.61,0.98226,5,65.9,-61.39,0.01774,2,2,-66.86,28.11,0.00876,4,4.82,-55.57,0.99124,2,2,-37.21,35.96,0.16425,4,-21.2,-39.34,0.83575,2,2,-14.6,29.4,0.66083,4,-31.91,-18.37,0.33917,2,2,-6.99,46.34,0.94286,4,-49.46,-24.43,0.05714,2,2,19.06,66.25,0.99547,3,23.71,129.89,0.00453,2,2,70.32,63.62,0.89334,3,38.22,80.66,0.10666,2,2,115.55,50.5,0.36499,3,40.83,33.63,0.63501,2,2,133.9,52.14,0.05834,3,48.46,16.86,0.94166,2,2,144.7,68.62,0.00032,3,67.59,12.14,0.99968,1,3,79.17,32.84,1,1,3,92.32,9.83,1,1,3,81.34,-20.14,1,1,3,48.6,-38.85,1,2,2,183.35,-10.3,0.04181,3,5.94,-50.48,0.95819,2,2,164.97,-34.39,0.42544,3,-22.88,-41.12,0.57456,2,2,119.03,-60.78,0.99981,3,-63,-6.53,0.00019,2,2,47.94,-55.5,0.98526,4,-12.88,85.35,0.01474,2,2,10.24,-42.03,0.55545,4,3.13,48.65,0.44455,2,2,13.43,-76.34,0.14033,4,25.94,74.47,0.85967,2,2,-35.83,-129.86,0.00114,4,98.68,75.24,0.99886,2,4,128.76,53.07,0.99581,5,-51.41,-14.41,0.00419,2,2,133.49,1.63,0.05311,3,0.67,0.51,0.94689,1,3,40.16,-11.75,1,1,3,74.12,-6.82,1,1,2,63.06,-2.3,1,2,2,-55.33,-46.11,0.00088,4,51,3.67,0.99912,1,4,101.5,10.35,1,2,4,128.39,-3.56,0.0909,5,3.1,0.94,0.9091,1,5,37.85,8.74,1,2,4,104.18,-65.05,0.00156,5,68.9,-5.27,0.99844,2,2,-8.07,-4.29,0.62508,4,-11.83,9.46,0.37492]}},"leaf2":{"leaf2":{"type":"mesh","hull":27,"uvs":[0.93242,0.12217,1,0.32884,1,0.5525,0.95515,0.47606,0.88822,0.44209,0.85033,0.62895,0.72782,0.9517,0.61415,1,0.51311,1,0.47522,0.88658,0.38176,1,0.20368,0.93188,0.09128,0.71954,0.07865,0.57232,0.04708,0.51853,0.0395,0.65726,0,0.5525,0,0.36565,0.04329,0.1618,0.11401,0.07404,0.19232,0.05422,0.4045,0.19578,0.47143,0.35998,0.5409,0.12783,0.68109,0,0.77202,0,0.83391,0,0.4828,0.61479,0.66341,0.48173,0.81496,0.19578,0.92232,0.30336,0.964,0.39962,0.14054,0.2977,0.06097,0.36282,0.02939,0.44775,0.24915,0.44492,0.35145,0.67424,0.58005,0.73087],"triangles":[6,7,37,7,8,37,8,9,37,11,36,10,10,36,9,37,28,6,6,28,5,11,35,36,11,12,35,9,27,37,9,36,27,5,28,4,28,24,29,24,25,29,37,27,28,12,13,35,36,22,27,36,21,22,36,35,21,15,16,14,4,28,29,27,22,28,14,33,13,13,32,35,13,33,32,16,34,14,16,17,34,3,31,2,31,1,2,14,34,33,22,23,28,28,23,24,3,4,31,34,17,33,32,20,35,35,20,21,4,30,31,4,29,30,31,30,1,17,18,33,33,18,32,30,0,1,30,29,0,18,19,32,32,19,20,29,26,0,29,25,26],"vertices":[1,9,21.43,25.93,1,1,9,50.71,16.54,1,1,9,66.48,-5.18,1,2,8,104.33,-51.19,0.00032,9,51.32,-4.84,0.99968,2,8,93.64,-36.14,0.14161,9,34.36,-12.12,0.85839,2,8,71.08,-46.04,0.66616,9,39.28,-36.26,0.33384,2,8,20.69,-52.88,0.98024,9,35.37,-86.96,0.01976,2,8,-5.94,-36.79,0.99956,9,14.03,-109.61,0.00044,2,8,-26.18,-18.65,0.93154,6,-39.6,-1.9,0.06846,2,8,-24.69,-1.71,0.57276,6,-22.95,-5.32,0.42724,3,8,-52.5,4.93,0.00379,6,-13.17,21.55,0.99579,7,8.88,105.52,0.00043,2,6,28.09,47.22,0.89816,7,39.08,67.45,0.10184,2,6,67.62,48.23,0.53239,7,44.58,28.29,0.46761,2,6,81.88,37.26,0.21726,7,35.31,12.87,0.78274,2,6,92.52,38.07,0.00809,7,37.32,2.39,0.99191,1,7,49.96,13.42,1,1,7,49.47,-3.03,1,1,7,34.5,-19.72,1,2,6,121.69,6.72,0.00085,7,9.5,-30.15,0.99915,2,6,114.45,-13.78,0.26731,7,-11.7,-25.29,0.73269,3,8,-14.69,123.46,0.00013,6,100.27,-29.54,0.8178,7,-28.97,-12.99,0.18207,2,8,16.47,72.72,0.14467,6,46.3,-54.71,0.85533,2,8,16.73,46.03,0.55808,6,19.75,-51.91,0.44192,2,8,49.24,54.3,0.9495,6,24.26,-85.16,0.0505,2,8,87.56,40.55,0.99975,6,6.23,-121.66,0.00025,2,8,105.77,24.23,0.82087,9,-22.1,12.44,0.17913,2,8,118.17,13.12,0.33981,9,-8.63,22.22,0.66019,2,8,-1.4,21.22,0.6318,6,-2.83,-31.07,0.3682,2,8,45.43,0.68,0.99984,6,-28.58,-75.26,0.00016,2,8,98.69,-0.98,0.33878,9,1.05,0.22,0.66122,1,9,32,6.74,1,1,9,47.86,3.98,1,1,7,0.91,-0.55,1,1,7,22.06,-9.02,1,1,7,35.19,-7.11,1,2,8,-34.6,78.35,0.00152,6,57.72,-4.61,0.99848,2,8,-32.48,39.49,0.00623,6,18.87,-2.29,0.99377,1,8,8.78,-6.62,1]}},"mouth1":{"mouth1":{"x":0.08,"y":9.97,"rotation":-90,"width":137,"height":49}},"mouth2":{"mouth2":{"x":2.52,"y":-8.45,"rotation":76.64,"width":120,"height":49}}}}],"animations":{"idle":{"bones":{"leaf1":{"rotate":[{},{"time":0.8,"angle":3.8},{"time":1.6}],"scale":[{},{"time":0.8,"x":1.103,"y":0.884},{"time":1.6}]},"leaf2":{"rotate":[{},{"time":0.4,"angle":-8.8},{"time":0.8,"angle":8.03},{"time":1.2,"angle":-8.37},{"time":1.6}],"translate":[{},{"time":0.4,"x":3.62,"y":-4.08},{"time":0.8,"x":-3.2,"y":8.05},{"time":1.2,"x":4.25,"y":-4.69},{"time":1.6}]},"leaf3":{"rotate":[{},{"time":0.8,"angle":-13.72},{"time":1.6}],"scale":[{},{"time":0.8,"x":1.103,"y":0.884},{"time":1.6}]},"leaf4":{"rotate":[{},{"time":0.4,"angle":15.81},{"time":0.8,"angle":-6.41},{"time":1.2,"angle":13.48},{"time":1.6}],"translate":[{},{"time":0.4,"x":2.49,"y":0.56},{"time":0.8,"x":-1.86,"y":-5.24},{"time":1.2,"x":4.21,"y":4.24},{"time":1.6}]},"leaf5":{"rotate":[{},{"time":0.6667,"angle":16.15},{"time":1.6}],"translate":[{},{"time":0.6667,"x":3.77,"y":-5.65},{"time":1.6}],"scale":[{},{"time":0.6667,"x":1.043,"y":0.899},{"time":1.6}]},"leaf6":{"rotate":[{},{"time":0.3333,"angle":-10.89},{"time":0.6667,"angle":21.56},{"time":1.1333,"angle":-13.96},{"time":1.6}],"translate":[{"time":0.6667},{"time":1.1333,"x":4.09,"y":-1.85},{"time":1.6}]},"leaf7":{"rotate":[{},{"time":0.6667,"angle":-11.54},{"time":1.6}],"translate":[{},{"time":0.6667,"x":-1.26,"y":-16.33},{"time":1.6}],"scale":[{},{"time":0.6667,"x":1.043,"y":0.899},{"time":1.6}]},"leaf8":{"rotate":[{},{"time":0.3333,"angle":3.7},{"time":0.6667,"angle":-18.74},{"time":1.1333,"angle":9.76},{"time":1.6}],"translate":[{"time":0.6667},{"time":1.1333,"x":3.03,"y":3.35},{"time":1.6}]},"body":{"scale":[{},{"time":0.4,"x":1.106},{"time":0.8,"x":0.932},{"time":1.2,"x":1.114},{"time":1.6}],"shear":[{},{"time":0.4,"x":-9.22},{"time":0.8,"x":-19.68},{"time":1.2,"x":-9.56},{"time":1.6}]},"head2":{"translate":[{},{"time":0.2,"x":3.58,"y":2.47},{"time":0.4,"x":14.05,"y":-0.76},{"time":0.6,"x":10.3,"y":-0.76},{"time":0.8},{"time":1,"x":2.22,"y":1.88},{"time":1.2,"x":16.13,"y":9.83},{"time":1.4,"x":7.7,"y":7.36},{"time":1.6}],"scale":[{},{"time":0.2,"y":1.049,"curve":"stepped"},{"time":0.6,"y":1.049},{"time":0.8,"x":1.013,"y":0.969},{"time":1,"y":1.049,"curve":"stepped"},{"time":1.4,"y":1.049},{"time":1.6}]},"eyebrow1":{"rotate":[{},{"time":0.2,"angle":-4.54},{"time":0.4667,"angle":3.09},{"time":0.8,"angle":-8.67},{"time":1,"angle":-4.17},{"time":1.2,"angle":10.13},{"time":1.6}],"translate":[{},{"time":0.2,"x":5.98,"y":-4.53},{"time":0.4667,"x":12.13,"y":-0.46},{"time":0.8,"y":-13.2,"curve":"stepped"},{"time":1,"y":-13.2},{"time":1.2,"x":14.56,"y":-0.91},{"time":1.6}]},"eyebrow2":{"rotate":[{},{"time":0.2,"angle":6.04},{"time":0.4667,"angle":-8.91},{"time":0.8,"angle":28.05},{"time":1,"angle":21.24},{"time":1.2,"angle":-12.65},{"time":1.6}],"translate":[{},{"time":0.2,"x":3.64,"y":5.07},{"time":0.4667,"x":11.38,"y":-1.37},{"time":0.8,"x":-7.28,"y":6.37,"curve":"stepped"},{"time":1,"x":-7.28,"y":6.37},{"time":1.2,"x":12.29,"y":-0.91},{"time":1.6}]},"mouth1":{"rotate":[{},{"time":0.4,"angle":1.3},{"time":0.8},{"time":1.2,"angle":1.3},{"time":1.6}],"translate":[{},{"time":0.4,"x":4.99},{"time":0.8},{"time":1.2,"x":4.99},{"time":1.6}],"scale":[{},{"time":0.4,"x":0.83},{"time":0.8},{"time":1.2,"x":0.83},{"time":1.6}]},"mouth3":{"translate":[{},{"time":0.4,"x":3.18,"y":0.79},{"time":0.8},{"time":1.2,"x":3.18,"y":0.79},{"time":1.6}],"scale":[{},{"time":0.4,"x":0.564},{"time":0.8},{"time":1.2,"x":0.564},{"time":1.6}]}}},"idle_eye":{"slots":{"eye1":{"attachment":[{"time":0.7333,"name":"eye2"},{"time":0.8,"name":"eye3"},{"time":0.8667,"name":"eye2"},{"time":0.9333,"name":"eye1"}]}},"bones":{"leaf1":{"rotate":[{},{"time":0.8,"angle":3.8},{"time":1.6}],"scale":[{},{"time":0.8,"x":1.103,"y":0.884},{"time":1.6}]},"leaf2":{"rotate":[{},{"time":0.4,"angle":-8.8},{"time":0.8,"angle":8.03},{"time":1.2,"angle":-8.37},{"time":1.6}],"translate":[{},{"time":0.4,"x":3.62,"y":-4.08},{"time":0.8,"x":-3.2,"y":8.05},{"time":1.2,"x":4.25,"y":-4.69},{"time":1.6}]},"leaf3":{"rotate":[{},{"time":0.8,"angle":-13.72},{"time":1.6}],"scale":[{},{"time":0.8,"x":1.103,"y":0.884},{"time":1.6}]},"leaf4":{"rotate":[{},{"time":0.4,"angle":15.81},{"time":0.8,"angle":-6.41},{"time":1.2,"angle":13.48},{"time":1.6}],"translate":[{},{"time":0.4,"x":2.49,"y":0.56},{"time":0.8,"x":-1.86,"y":-5.24},{"time":1.2,"x":4.21,"y":4.24},{"time":1.6}]},"leaf5":{"rotate":[{},{"time":0.6667,"angle":16.15},{"time":1.6}],"translate":[{},{"time":0.6667,"x":3.77,"y":-5.65},{"time":1.6}],"scale":[{},{"time":0.6667,"x":1.043,"y":0.899},{"time":1.6}]},"leaf6":{"rotate":[{},{"time":0.3333,"angle":-10.89},{"time":0.6667,"angle":21.56},{"time":1.1333,"angle":-13.96},{"time":1.6}],"translate":[{"time":0.6667},{"time":1.1333,"x":4.09,"y":-1.85},{"time":1.6}]},"leaf7":{"rotate":[{},{"time":0.6667,"angle":-11.54},{"time":1.6}],"translate":[{},{"time":0.6667,"x":-1.26,"y":-16.33},{"time":1.6}],"scale":[{},{"time":0.6667,"x":1.043,"y":0.899},{"time":1.6}]},"leaf8":{"rotate":[{},{"time":0.3333,"angle":3.7},{"time":0.6667,"angle":-18.74},{"time":1.1333,"angle":9.76},{"time":1.6}],"translate":[{"time":0.6667},{"time":1.1333,"x":3.03,"y":3.35},{"time":1.6}]},"body":{"scale":[{},{"time":0.4,"x":1.106},{"time":0.8,"x":0.932},{"time":1.2,"x":1.114},{"time":1.6}],"shear":[{},{"time":0.4,"x":-9.22},{"time":0.8,"x":-19.68},{"time":1.2,"x":-9.56},{"time":1.6}]},"head2":{"translate":[{},{"time":0.2,"x":3.58,"y":2.47},{"time":0.4,"x":14.05,"y":-0.76},{"time":0.6,"x":10.3,"y":-0.76},{"time":0.8},{"time":1,"x":2.22,"y":1.88},{"time":1.2,"x":16.13,"y":9.83},{"time":1.4,"x":7.7,"y":7.36},{"time":1.6}],"scale":[{},{"time":0.2,"y":1.049,"curve":"stepped"},{"time":0.6,"y":1.049},{"time":0.8,"x":1.013,"y":0.969},{"time":1,"y":1.049,"curve":"stepped"},{"time":1.4,"y":1.049},{"time":1.6}]},"eyebrow1":{"rotate":[{},{"time":0.2,"angle":-4.54},{"time":0.4667,"angle":3.09},{"time":0.8,"angle":-8.67},{"time":1,"angle":-4.17},{"time":1.2,"angle":10.13},{"time":1.6}],"translate":[{},{"time":0.2,"x":5.98,"y":-4.53},{"time":0.4667,"x":12.13,"y":-0.46},{"time":0.8,"y":-13.2,"curve":"stepped"},{"time":1,"y":-13.2},{"time":1.2,"x":14.56,"y":-0.91},{"time":1.6}]},"eyebrow2":{"rotate":[{},{"time":0.2,"angle":6.04},{"time":0.4667,"angle":-8.91},{"time":0.8,"angle":28.05},{"time":1,"angle":21.24},{"time":1.2,"angle":-12.65},{"time":1.6}],"translate":[{},{"time":0.2,"x":3.64,"y":5.07},{"time":0.4667,"x":11.38,"y":-1.37},{"time":0.8,"x":-7.28,"y":6.37,"curve":"stepped"},{"time":1,"x":-7.28,"y":6.37},{"time":1.2,"x":12.29,"y":-0.91},{"time":1.6}]},"mouth1":{"rotate":[{},{"time":0.4,"angle":1.3},{"time":0.8},{"time":1.2,"angle":1.3},{"time":1.6}],"translate":[{},{"time":0.4,"x":4.99},{"time":0.8},{"time":1.2,"x":4.99},{"time":1.6}],"scale":[{},{"time":0.4,"x":0.83},{"time":0.8},{"time":1.2,"x":0.83},{"time":1.6}]},"mouth3":{"translate":[{},{"time":0.4,"x":3.18,"y":0.79},{"time":0.8},{"time":1.2,"x":3.18,"y":0.79},{"time":1.6}],"scale":[{},{"time":0.4,"x":0.564},{"time":0.8},{"time":1.2,"x":0.564},{"time":1.6}]}}}}},[0]]],0,0,[0],[-1],[0]],[[[2,"Marigold"],[3,"Marigold",[-6,-7],[[-2,[6,-5,-4,-3]],1,4],[7,-1,0],[-494,-293,0,0,0,0,1,1,1,1]],[4,"bodyC",5,1,[-8,-9],[0,"f8Ls19TSBKTLlCVm0pci1M",1,0]],[8,2,[0,0,30],[5,80,100]],[9,2,3],[5,"39_plant",1,[-10],[0,"86FfdzWT5IdLIhqe/D2ImH",1,0],[5,64.9,88.45]],[10,"default","idle",0,"idle",5,[0]],[11,true,1,6]],0,[0,0,1,0,-1,7,0,1,4,0,2,7,0,3,1,0,-1,2,0,-2,5,0,-1,3,0,-2,4,0,-1,6,0,4,1,10],[0,6],[-1,5],[1,2]]]]