[1,["ecpdLyjvZBwrvm+cedCcQy","172ca2c9c","99+hSu4KlKNKZzg6fDeIHM","97XFlOE2lJEqbg4VjArZnp","14lfLkDOJKk7ASAXeODw9p"],["node","_spriteFrame","_textureSetter","root","peng","collider","hammer","data","poolPrefab"],["cc.SpriteFrame",["cc.Node",["_name","_groupIndex","_parent","_components","_prefab","_contentSize","_trs","_anchorPoint","_eulerAngles"],1,1,9,4,5,7,5,5],["cc.PrefabInfo",["fileId","root","asset"],2,1,1],["cc.Prefab",["_name"],2],["cc.Node",["_name","_groupIndex","_children","_components","_prefab"],1,2,12,4],["dedbdX7ZaBIZbSV49lpNH0w",["node","hammer","collider","peng","poolPrefab"],3,1,1,1,1,6],["cc.Sprite",["node","_materials","_spriteFrame"],3,1,3,6],["cc.BoxCollider",["node","_offset","_size"],3,1,5,5]],[[2,0,1,2,2],[6,0,1,2,1],[3,0,2],[4,0,1,2,3,4,3],[1,0,1,2,3,4,5,6,3],[1,0,1,2,3,4,5,7,6,8,3],[5,0,1,2,3,4,1],[2,1,2,1],[7,0,1,2,1]],[[[[2,"HammerEffect"],[3,"HammerEffect",6,[-7,-8],[[[6,-5,-4,-3,-2,4],-6],4,1],[7,-1,0]],[4,"pong",6,1,[[1,-9,[0],1]],[0,"59r7c0RTxI2ZyWU482VQbr",1,0],[5,98,89],[-34,57,0,0,0,0,1,1,1,1]],[5,"hammer",6,1,[[1,-10,[2],3]],[0,"39h6ixe+lLM55lsWaY67sY",1,0],[5,68,99],[0,0.5,0],[66,-21,0,0,0,0.49999999999999994,0.8660254037844387,1,1,1],[1,0,0,60]],[8,1,[0,10,13],[5,48,63]]],0,[0,3,1,0,4,2,0,5,4,0,6,3,0,0,1,0,-2,4,0,-1,2,0,-2,3,0,0,2,0,0,3,0,7,1,10],[0,0,0,0,0],[-1,1,-1,1,8],[0,2,0,3,4]],[[{"name":"hammer","rect":[167,841,68,99],"offset":[0,0],"originalSize":[68,99],"rotated":1,"capInsets":[0,0,0,0]}],[0],0,[0],[2],[1]],[[{"name":"pong","rect":[270,915,98,89],"offset":[0,0],"originalSize":[98,89],"rotated":1,"capInsets":[0,0,0,0]}],[0],0,[0],[2],[1]]]]