[1,["ecpdLyjvZBwrvm+cedCcQy","1bdda1f81","87OAa9f15Nm6EEaBJEQiuy","a2MjXRFdtLlYQ5ouAFv/+R","34R4nAUsBDOrdayS/APw85","c2Rzn8ZaNJSZwH/vVvWUT4"],["node","_spriteFrame","_textureSetter","root","cardContent","belt2","belt1","boardNode","widget","data","beltCardPre"],[["cc.Node",["_name","_prefab","_children","_parent","_components","_trs"],2,4,2,1,12,7],["cc.Node",["_name","_parent","_components","_prefab","_contentSize","_trs","_anchorPoint","_color"],2,1,9,4,5,7,5,5],"cc.SpriteFrame",["cc.PrefabInfo",["fileId","root","asset"],2,1,1],["cc.Sprite",["_sizeMode","_type","_isTrimmedMode","node","_materials","_spriteFrame"],0,1,3,6],["cc.Prefab",["_name"],2],["d48aaIGJ4JNFaarGyGIrRf1",["node","boardNode","belt1","belt2","cardContent","beltCardPre"],3,1,1,1,1,1,6],["42313kvA4BFtrzlzDcwp0vx",["leftOffset","node","widget"],2,1,1],["cc.Widget",["_alignFlags","_right","_top","_bottom","node"],-1,1]],[[3,0,1,2,2],[4,1,0,2,3,4,5,4],[1,0,1,2,3,4,6,5,2],[5,0,2],[0,0,2,4,1,2],[0,0,3,2,1,2],[0,0,3,1,5,2],[1,0,1,2,3,7,4,5,2],[1,0,1,2,3,4,5,2],[6,0,1,2,3,4,5,1],[7,0,1,2,2],[3,1,2,1],[4,0,3,4,5,2],[8,0,1,2,3,4,5]],[[[{"name":"belt_bg","rect":[3,3,79,716],"offset":[0,0],"originalSize":[79,716],"rotated":1,"capInsets":[25,0,25,0]}],[2],0,[0],[2],[1]],[[{"name":"belt","rect":[509,874,132,74],"offset":[0,0],"originalSize":[132,74],"rotated":1,"capInsets":[0,0,0,0]}],[2],0,[0],[2],[1]],[[[3,"PlantBeltView"],[4,"PlantBeltView",[-10],[[-2,[9,-7,-6,-5,-4,-3,8],[10,50,-9,-8]],1,4,4],[11,-1,0]],[5,"BoardNode",1,[-11,-12,-13,-14,-15],[0,"d6JU7vysVIzpUoGGt6kzvV",1,0]],[2,"belt_1",2,[[1,2,0,false,-16,[2],3]],[0,"69tEHiJM9HC4ghX8TN7lN2",1,0],[5,132,720],[0,0.5,1],[85,360,0,0,0,0,1,1,1,1]],[2,"belt_2",2,[[1,2,0,false,-17,[4],5]],[0,"aenUQMmc1CvZe2ClCDQa6L",1,0],[5,132,720],[0,0.5,1],[85,-360,0,0,0,0,1,1,1,1]],[7,"mask",2,[[12,0,-18,[0],1]],[0,"9f0ZwNOnxGD49BGsGXNEFY",1,0],[4,4278190080],[5,170,713],[85,0,0,0,0,0,1,1,1,1]],[6,"cardContent",2,[0,"c0F/eQJdtDlqGjQEu4hHqU",1,0],[16,0,0,0,0,0,1,1,1,1]],[8,"belt_bg",2,[[1,1,0,false,-19,[6],7]],[0,"93J8Ut9+dM9pKz4BEGo0Ai",1,0],[5,180,724],[85,0,0,0,0,0,1,1,1,1]],[13,8,640,360,360,1]],0,[0,3,1,0,-1,8,0,4,6,0,5,4,0,6,3,0,7,2,0,0,1,0,8,8,0,0,1,0,-1,2,0,-1,5,0,-2,3,0,-3,4,0,-4,6,0,-5,7,0,0,3,0,0,4,0,0,5,0,0,7,0,9,1,19],[0,0,0,0,0,0,0,0,0],[-1,1,-1,1,-1,1,-1,1,10],[0,3,0,2,0,2,0,4,5]]]]