[1,["3dfkfrvDBAzrqarWcg+/dZ"],0,[["sp.SkeletonData",["_name","_atlasText","textureNames","_skeletonJson","textures"],-1,3]],[[0,0,1,2,3,4,5]],[[0,"niudan_anniuguang","\r\nniudan_anniuguang.png\r\nsize: 359,93\r\nformat: RGBA8888\r\nfilter: Linear,Linear\r\nrepeat: none\r\n扭蛋机背景/an0\r\n  rotate: false\r\n  xy: 182, 3\r\n  size: 175, 88\r\n  orig: 180, 92\r\n  offset: 3, 3\r\n  index: -1\r\n扭蛋机背景/an1\r\n  rotate: false\r\n  xy: 2, 2\r\n  size: 178, 89\r\n  orig: 180, 92\r\n  offset: 1, 2\r\n  index: -1\r\n",["niudan_anniuguang.png"],{"skeleton":{"hash":"Q7rdBQHxqqpreP5tfzCeyvpDO0M","spine":"3.8.99","x":-90,"y":-48.4,"width":180,"height":92,"fps":24,"images":"","audio":"D:/Work/植物大战僵尸2娘化版/动画/娘化版/工程文件/其他特效/扭蛋机抽奖"},"bones":[{"name":"root"},{"name":"an1","parent":"root","x":1.38,"y":32.55}],"slots":[{"name":"an1","bone":"an1","attachment":"扭蛋机背景/an0"}],"skins":[{"name":"default","attachments":{"an1":{"扭蛋机背景/an0":{"x":-1.38,"y":-34.95,"width":180,"height":92},"扭蛋机背景/an1":{"x":-1.38,"y":-34.95,"width":180,"height":92}}}}],"animations":{"shanguang":{"slots":{"an1":{"attachment":[{"name":"扭蛋机背景/an1"},{"time":0.125,"name":"扭蛋机背景/an0"},{"time":0.25,"name":"扭蛋机背景/an1"}]}}}}},[0]]],0,0,[0],[-1],[0]]