[1,["ecpdLyjvZBwrvm+cedCcQy","caohSHbS5GEIzmwCrnMGn5","37q9ssi/pPraicXQhdEjQC","64IAHuwOJCoJnLhhQ/vaak","8bTJbJxeRNupvQhP4MKZRt","8a/9+cFQZDG7GexhCXurWh","39L/2PjZBOFafIAVK7JIg8","407AxcCwVHIpPNL1vUFaTI","2eYLUKo6tPT57j6FrILgK/","d997nR+RFAn4BwOB0k/brD","65mfTolxJCgranoV8AYEkW","baaSQOj9BCDrjfqSLFWL7t","734o8RteFEprY9FT02JnKa","2fvQeYkRJKi4ZIU4ls5SBp","cfsFWjI+hKJrWqx7xRIlaI","1dgYtfendGb5fQzlIKgtLj","84zq+U4AZIeZVBk1R1vekC","66KAqzvZ1He4VlCsmYUJp2","886WZcDJNNQKqfaP6sEnJL","f51GAkBVVHlbh9YGpC4RIt","fftu30KdVJe5raSDU6+aH5","62AXp4o3pDKaOytAR0TqEK","49fu6pLn9Chr59Mn/jinDm","30ORVfjrhLVpiObaJiG9tT","49+F2NaXxKJqo/eS8jW3hG","b5nNSsFgVBzYqhDXC9+NNd","dcMNdZ6/VHHI34Ljcxq19i","303J3JhrpLSrzo2C+3YhyL","02Emgoz1hMza5NPXtEiqF+","13gP8iunJHborOF+4wyOMW","089+TCoEVCn5ZhWKQHRcWv","3bckvHjwdEH69fby2gKnHL","b2gJfSbhBPxo9sexPqweJR","35ym4GdvJB1aZkWGhaFHKT","e9i4L/jV5HlqjZ1OTc37tQ","6diHoWarNMup+ZhWArrNMw","4cBDbTA1ZANbLccea8eDX0","54SN+TrRxMGojFPddEC90L","a4vsgF6cZAPoOAI1wOYmcR","07skdVw0JKbZMxA9Q1QJw5","08icZjHJtBfJzqRPed8mhI","a1nNgqLChN6ZHSKP8BT9ja","65qlMzQplMlYHhD5OpsG6L","d0S+eewr1IN6hqfXXfNg1m","a2MjXRFdtLlYQ5ouAFv/+R","f0Y6JqdEVE6K5Udd/iaaFO","e7ffol7nFJgKIRMaBlOGS3","2evK6OdxZDF48k+NW2GCaP","c8q34xztpO8JG8bmwPYGxY","89RFCcOIxK4L1Ao7OoEfuI","f9PlwfvslOGpDTbuNJbR8P"],["node","_spriteFrame","_N$file","tipNode","_textureSetter","_parent","widget","target","shareRewardNode","bt_label","root","battlePassNode","newPlayerTaskNode","noticeNode","power","welfareTaskTips","welfareTaskNode","anniversaryBtn","btnContent","creativeModeNode","weekTwoTipNode","welfareArrow","welfareMask","creativeTip","gameClubNode","recordNode","addToDeskNode","sideBarNode","achUI","gameClubBtn","shareGiftBtn","monthSignBtn","signBtn","achBtn","shopBtn","guanKaDescLab","leafNode","endLessBtn","endLessNode","challengeBtn","challengeNode","closeEyeNode","adventureBtn","adventureNode","getPowerLeftLab","powerAni","powerLab","data"],[["cc.Node",["_name","_active","_prefab","_contentSize","_components","_parent","_trs","_children","_anchorPoint","_eulerAngles","_color"],1,4,5,9,1,7,2,5,5,5],"cc.SpriteFrame",["cc.Sprite",["_sizeMode","_type","_isTrimmedMode","node","_materials","_spriteFrame"],0,1,3,6],["cc.Label",["_fontSize","_lineHeight","_N$horizontalAlign","_N$verticalAlign","_string","_isSystemFontUsed","_N$cacheMode","node","_materials","_N$file"],-4,1,3,6],["cc.Widget",["_alignFlags","_left","_right","_bottom","node"],-1,1],["cc.Node",["_name","_parent","_components","_prefab","_contentSize","_trs","_children"],2,1,12,4,5,7,2],["cc.Node",["_name","_parent","_components","_prefab","_contentSize","_trs","_anchorPoint","_color"],2,1,2,4,5,7,5,5],["cc.PrefabInfo",["fileId","root","asset"],2,1,1],["cc.Layout",["_N$layoutType","_N$spacingX","_N$paddingLeft","_N$paddingTop","_N$spacingY","node","_layoutSize"],-2,1,5],["cc.Button",["_N$transition","node","clickEvents"],2,1,9],["0c8c7sXsaRMZ4adaa2ij6aR",["type","_enabled","node","tipNode"],1,1,1],["cc.Prefab",["_name"],2],["ca117f9f6FOXbZyu8xg7+mB",["node","adventureNode","adventureBtn","closeEyeNode","challengeNode","challengeBtn","endLessNode","endLessBtn","leafNode","guanKaDescLab","shopBtn","achBtn","signBtn","monthSignBtn","shareGiftBtn","gameClubBtn","achUI","sideBarNode","addToDeskNode","recordNode","gameClubNode","carouselImgArr","creativeTip","welfareMask","welfareArrow","weekTwoTipNode","creativeModeNode","btnContent","anniversaryBtn","welfareTaskNode","welfareTaskTips","power","noticeNode","newPlayerTaskNode","battlePassNode"],3,1,1,1,1,1,1,1,1,1,1,1,1,1,1,1,1,1,1,1,1,1,2,1,1,1,1,1,1,1,1,1,1,1,1,1],["42313kvA4BFtrzlzDcwp0vx",["leftOffset","node","widget"],2,1,1],["ecd83JmX5VOKoHPwQkk0m/P",["node","powerLab","powerAni","getPowerLeftLab"],3,1,1,1,1],["cc.ClickEvent",["_componentId","handler","target"],1,1],["4c598GgxydIZ4J/snCF5xab",["btnPos","node","bt_label","shareRewardNode"],2,1,1,1],["cc.Mask",["node","_materials"],3,1,3],["cc.BlockInputEvents",["node"],3,1],["cc.LabelOutline",["_width","node","_color"],2,1,5]],[[7,0,1,2,2],[2,3,4,5,1],[0,0,5,4,2,3,6,2],[0,0,5,7,4,2,3,6,2],[15,0,1,2,3],[19,0,1,2,2],[0,0,1,5,7,4,2,3,6,3],[9,0,1,2,2],[3,4,0,1,5,2,3,6,7,8,9,8],[10,0,2,3,2],[2,0,3,4,5,2],[0,0,5,4,2,3,2],[0,0,7,4,2,3,6,2],[0,0,1,5,4,2,3,3],[5,0,1,2,3,4,5,2],[4,0,4,2],[2,1,0,3,4,5,3],[0,0,5,7,4,2,3,2],[0,0,5,7,4,2,3,6,9,2],[0,0,5,7,2,3,6,2],[0,0,5,2,3,6,9,2],[5,0,1,6,2,3,4,5,2],[4,0,1,3,4,4],[13,0,1,2,2],[9,1,2,1],[16,0,1,2,3,2],[17,0,1,1],[3,4,0,1,5,2,3,7,8,7],[3,4,0,1,5,2,3,6,7,8,8],[11,0,2],[0,0,7,4,2,3,8,6,2],[0,0,7,4,2,3,8,2],[0,0,5,7,4,2,10,3,6,2],[0,0,5,4,2,10,3,6,2],[0,0,1,5,4,2,3,6,3],[0,0,5,7,2,3,8,6,2],[6,0,1,2,3,4,6,5,2],[6,0,1,2,3,7,4,5,2],[4,0,1,2,4,4],[12,0,1,2,3,4,5,6,7,8,9,10,11,12,13,14,15,16,17,18,19,20,21,22,23,24,25,26,27,28,29,30,31,32,33,34,1],[7,1,2,1],[8,0,1,5,3],[8,0,2,3,1,4,5,6,6],[2,1,0,2,3,4,5,4],[2,0,3,4,2],[14,0,1,2,3,1],[10,1,0,2,3,3],[18,0,1],[3,4,0,1,5,2,3,7,8,9,7],[3,0,1,2,3,7,8,5]],[[[{"name":"gift_icon","rect":[0,0,90,102],"offset":[0,0],"originalSize":[90,102],"capInsets":[0,0,0,0]}],[1],0,[0],[4],[9]],[[{"name":"home_wujin","rect":[0,0,310,169],"offset":[0,0],"originalSize":[310,169],"capInsets":[0,0,0,0]}],[1],0,[0],[4],[10]],[[{"name":"home_wujinS","rect":[0,0,297,152],"offset":[0,0],"originalSize":[297,152],"capInsets":[0,0,0,0]}],[1],0,[0],[4],[11]],[[{"name":"home_maoxianS","rect":[0,0,291,123],"offset":[0,0],"originalSize":[291,123],"capInsets":[0,0,0,0]}],[1],0,[0],[4],[12]],[[{"name":"home_swbg","rect":[0,0,1680,720],"offset":[0,0],"originalSize":[1680,720],"capInsets":[0,0,0,0]}],[1],0,[0],[4],[13]],[[{"name":"home_maoxian1","rect":[0,0,303,128],"offset":[0,0],"originalSize":[303,128],"capInsets":[0,0,0,0]}],[1],0,[0],[4],[14]],[[{"name":"home_challengeS","rect":[0,0,296,131],"offset":[0,0],"originalSize":[296,131],"capInsets":[0,0,0,0]}],[1],0,[0],[4],[15]],[[[29,"HomeView"],[12,"HomeView",[-39,-40,-41,-42],[[15,45,-2],[39,-38,-37,-36,-35,-34,-33,-32,-31,-30,-29,-28,-27,-26,-25,-24,-23,-22,-21,-20,-19,-18,[-16,-17],-15,-14,-13,-12,-11,-10,-9,-8,-7,-6,-5,-4,-3]],[40,-1,0],[5,1280,720],[640,360,0,0,0,0,1,1,1,1]],[17,"main",1,[-44,-45,-46,-47,-48,-49,-50,-51,-52,-53,-54,-55],[[15,45,-43]],[0,"59XQBgkldP+7Cgx6B+oG59",1,0],[5,1280,720]],[21,"layout",2,[-59,-60,-61,-62,-63,-64,-65,-66,-67,-68,-69],[[-56,[23,50,-58,-57]],1,4],[0,"11rmYmkotI2bayXM4+Ez9j",1,0],[5,343,150],[-454.5,-275,0,0,0,0,1,1,1,1]],[21,"horiLayout",2,[-74,-75,-76,-77,-78,-79,-80],[[-70,[23,50,-72,-71],[41,1,20,-73]],1,4,4],[0,"14khoM4uJPhax7i4t/yOSQ",1,0],[5,700,150],[-276,-287.839,0,0,0,0,1,1,1,1]],[3,"power_bg",3,[-87,-88,-89,-90],[[43,1,0,false,-81,[195],196],[38,32,53.5,-73.567,-82],[45,-86,-85,-84,-83]],[0,"b8DJ7oEG9A/oWycEF/6BrF",1,0],[5,249,68],[120.56700000000001,579.071,0,0,0,0,1,1,1,1]],[6,"record_btn",false,3,[-97,-98,-99],[[1,-91,[106],107],[7,3,-93,[[4,"4c598GgxydIZ4J/snCF5xab","onClick",-92]]],[25,1,-96,-95,-94]],[0,"906fcrJORFtqqn0bWojtHu",1,0],[5,123,128],[-109.113,426,0,0,0,0,1,1,1,0]],[3,"achieve",4,[-104,-105,-106],[[1,-100,[46],47],[7,3,-101,[[4,"ca117f9f6FOXbZyu8xg7+mB","clickAchieve",1]]],[9,3,-103,-102]],[0,"c3U9rZY0lKbJlGF5CHkN5Y",1,0],[5,123,128],[-145.5,0,0,0,0,0,1,1,1,0]],[3,"shop",4,[-111,-112,-113],[[1,-107,[56],57],[7,3,-108,[[4,"ca117f9f6FOXbZyu8xg7+mB","clickShop",1]]],[9,11,-110,-109]],[0,"7expPXOFNLv4m5HS8XvvtH",1,0],[5,123,128],[-2.5,0,0,0,0,0,1,1,1,0]],[6,"anniversary_btn",false,3,[-118,-119,-120],[[1,-114,[116],117],[7,3,-115,[[4,"ca117f9f6FOXbZyu8xg7+mB","clickAnniversaryBtn",1]]],[9,12,-117,-116]],[0,"d97PJ+595EzZRc8LVWkJcs",1,0],[5,123,128],[-109.113,426,0,0,0,0,1,1,1,0]],[30,"content",[-123,-124,-125,-126],[[16,1,0,-121,[168],169],[42,3,30,45,15,15,-122,[5,460,350]]],[0,"b2SQZOX2VAQ56UCYgIxnhj",1,0],[5,460,350],[0,0,0.5],[0,0,0,0,0,0,1,1,1,0]],[3,"sign",10,[-131,-132,-133],[[1,-127,[136],137],[7,3,-128,[[4,"ca117f9f6FOXbZyu8xg7+mB","clickSign",1]]],[9,1,-130,-129]],[0,"fbPWsOu+pDMZ7syP3vva5b",1,0],[5,123,128],[91.5,66,0,0,0,0,1,1,1,0]],[3,"monthSign",10,[-138,-139,-140],[[1,-134,[146],147],[7,3,-135,[[4,"ca117f9f6FOXbZyu8xg7+mB","clickMonthSign",1]]],[9,2,-137,-136]],[0,"b16nP0ogtBpYpfp6omrk8C",1,0],[5,123,128],[229.5,66,0,0,0,0,1,1,1,0]],[3,"share_gift",10,[-145,-146,-147],[[1,-141,[156],157],[7,3,-142,[[4,"ca117f9f6FOXbZyu8xg7+mB","clickShareGift",1]]],[9,10,-144,-143]],[0,"2baI/3js9NsbwRjjG2w2JV",1,0],[5,123,128],[367.5,66,0,0,0,0,1,1,1,0]],[6,"record_btn",false,3,[-154,-155,-156],[[1,-148,[204],205],[7,3,-150,[[4,"4c598GgxydIZ4J/snCF5xab","onClick",-149]]],[25,1,-153,-152,-151]],[0,"e3C4UDgBVHjLIZS6VcBDfR",1,0],[5,123,128],[-109.113,426,0,0,0,0,1,1,1,0]],[3,"battlePass_Btn",3,[-161,-162,-163],[[1,-157,[214],215],[7,3,-158,[[4,"ca117f9f6FOXbZyu8xg7+mB","clickBattlePassBtn",1]]],[9,7,-160,-159]],[0,"f3rqYsegBMeYfWLuRFDoOY",1,0],[5,123,128],[-109.113,297.699,0,0,0,0,1,1,1,0]],[3,"newplayer_Btn",3,[-168,-169,-170],[[1,-164,[224],225],[7,3,-165,[[4,"ca117f9f6FOXbZyu8xg7+mB","clickNewPlayerBtn",1]]],[9,9,-167,-166]],[0,"bfTm/5bUlMvro8I1rHrkH+",1,0],[5,123,128],[-109.113,426.726,0,0,0,0,1,1,1,0]],[3,"addToDesk",4,[-173,-174,-175],[[1,-171,[72],73],[7,3,-172,[[4,"ca117f9f6FOXbZyu8xg7+mB","clickAddToDesk",1]]]],[0,"cdmPxX4k5J5q+XvbHPc4Nm",1,0],[5,123,128],[283.5,4,0,0,0,0,1,1,1,0]],[6,"WelfareTaskBtn",false,4,[-178,-179,-180],[[1,-176,[81],82],[7,3,-177,[[4,"ca117f9f6FOXbZyu8xg7+mB","clickWelfareTaskBtn",1]]]],[0,"3dlT4YEktD+7FoJycY6BTo",1,0],[5,123,128],[426.5,4,0,0,0,0,1,1,1,0]],[6,"game_club",false,3,[-185],[[1,-181,[97],98],[7,3,-182,[[4,"ca117f9f6FOXbZyu8xg7+mB","clickGameClub",1]]],[9,5,-184,-183]],[0,"6cqe0IbwhH5Z4Hw0gIcHjo",1,0],[5,89,93],[-109.113,439,0,0,0,0,1,1,1,0]],[3,"welfare",3,[-190,-191,-192],[[1,-186,[126],127],[7,3,-187,[[4,"ca117f9f6FOXbZyu8xg7+mB","clickWelfareBtn",1]]],[9,5,-189,-188]],[0,"fcVfc+L51A0KTdtasayYws",1,0],[5,123,128],[-109.113,159.855,0,0,0,0,1,1,1,0]],[3,"gift",10,[-197,-198,-199],[[1,-193,[166],167],[7,3,-194,[[4,"ca117f9f6FOXbZyu8xg7+mB","clickGift",1]]],[46,false,8,-196,-195]],[0,"adZDepiIdKErokfF/mdmzQ",1,0],[5,123,128],[91.5,-77,0,0,0,0,1,1,1,0]],[3,"notice_btn",3,[-202,-203,-204],[[1,-200,[181],182],[7,3,-201,[[4,"ca117f9f6FOXbZyu8xg7+mB","clickNoticeBtn",1]]]],[0,"e0q30hevhH47ok4GWbX0p/",1,0],[5,123,128],[1021.472,398.724,0,0,0,0,1,1,1,0]],[18,"homeAutoContent",2,[-206,-207,-208],[[26,-205,[27]]],[0,"b1JaWlbAdOur8AV0bn7COz",1,0],[5,150,130],[-155.151,-86.759,0,0,0,0.11320321376790672,0.9935718556765875,1,1,1],[1,0,0,13]],[3,"sidebarBtn",4,[-211,-212],[[1,-209,[62],63],[7,3,-210,[[4,"ca117f9f6FOXbZyu8xg7+mB","clickSidebar",1]]]],[0,"95zzlJpURMqoij8NlBsCOC",1,0],[5,123,128],[140.5,0,0,0,0,0,1,1,1,0]],[3,"help",4,[-215,-216],[[1,-213,[36],37],[7,3,-214,[[4,"ca117f9f6FOXbZyu8xg7+mB","clickHelp",1]]]],[0,"272Z76NJhBQJQI1m2ClT20",1,0],[5,123,128],[-288.5,0,0,0,0,0,1,1,1,0]],[3,"save_btn",3,[-219,-220],[[1,-217,[91],92],[7,3,-218,[[4,"ca117f9f6FOXbZyu8xg7+mB","clickSave",1]]]],[0,"dbAAhYsppHIpjkxLsxH02C",1,0],[5,123,128],[-109.113,559,0,0,0,0,1,1,1,0]],[31,"mask",[10,-222],[[26,-221,[172]]],[0,"e2W09lF2BGipPJF/AmE8tw",1,0],[5,460,350],[0,0,0.5]],[17,"home_auto1",23,[-224],[[1,-223,[17],18]],[0,"d0ppep/cRP2oSUL5/Xz4zZ",1,0],[5,148,110]],[3,"home_auto3",23,[-226],[[10,0,-225,[21],22]],[0,"04orTk7LdJsr/032zddPF9",1,0],[5,160.55,117.8],[175,0,0,0,0,0,1,1,1,1]],[12,"red",[-228],[[1,-227,[30],31]],[0,"1aLn4XlAVLGIGxAtdfsKUS",1,0],[5,63,75],[81.82,88.482,0,0,0,0,1,0.75,0.75,1]],[6,"red",false,7,[-230],[[1,-229,[44],45]],[0,"0b/hhMsXhJRY+47DdZjy/d",1,0],[5,63,75],[33.473,59.583,0,0,0,0,1,0.75,0.75,1]],[6,"red",false,8,[-232],[[1,-231,[54],55]],[0,"e1wSXWBbZOz4qyTJbQ3SJT",1,0],[5,63,75],[33.473,59.583,0,0,0,0,1,0.75,0.75,1]],[18,"welfareTip",18,[-234],[[1,-233,[79],80]],[0,"c1k1iyvWFGvar169KFPINU",1,0],[5,63,75],[48.061,62.681,0,0,0,0.026176948307873153,0.9996573249755573,0.75,0.75,0.75],[1,0,0,3]],[6,"clickGetReward",false,4,[-237],[[1,-235,[85],86],[7,3,-236,[[4,"ca117f9f6FOXbZyu8xg7+mB","clickReward",1]]]],[0,"84DGa2xkJJJpshjqg+A4YE",1,0],[5,123,128],[426.5,4,0,0,0,0,1,1,1,0]],[6,"red",false,19,[-239],[[1,-238,[95],96]],[0,"0dM+aQ7IZKv7VRO1mPV5aO",1,0],[5,63,75],[43.236,48.425,0,0,0,0,1,0.75,0.75,1]],[3,"byte_9",6,[-241],[[16,1,0,-240,[104],105]],[0,"25b5iF/j9P6YssN9PNJhOV",1,0],[5,85,75],[36.171,49.713,0,0,0,0,1,1,1,1]],[6,"red",false,9,[-243],[[1,-242,[114],115]],[0,"23FzBnT+hNuZ8uYSusXaCs",1,0],[5,63,75],[43.236,48.425,0,0,0,0,1,0.75,0.75,1]],[6,"red",false,20,[-245],[[1,-244,[124],125]],[0,"39XPeST+9I4IQr/hpi5vfD",1,0],[5,63,75],[43.236,48.425,0,0,0,0,1,0.75,0.75,1]],[6,"red",false,11,[-247],[[1,-246,[134],135]],[0,"a4Yu8G3SNG56VQACKkym/m",1,0],[5,63,75],[43.236,48.425,0,0,0,0,1,0.75,0.75,1]],[6,"red",false,12,[-249],[[1,-248,[144],145]],[0,"91MBnzDCJD9ooyV7BSYG5k",1,0],[5,63,75],[43.236,48.425,0,0,0,0,1,0.75,0.75,1]],[6,"red",false,13,[-251],[[1,-250,[154],155]],[0,"48+YPdeP5J/bQ0vmiKC3qu",1,0],[5,63,75],[43.236,48.425,0,0,0,0,1,0.75,0.75,1]],[6,"red",false,21,[-253],[[1,-252,[164],165]],[0,"3fEi+0AzdJ55qOzzOcAZAA",1,0],[5,63,75],[43.236,48.425,0,0,0,0,1,0.75,0.75,1]],[2,"home_arrow",27,[[1,-254,[170],171],[24,-255,[[4,"ca117f9f6FOXbZyu8xg7+mB","clickWelfareArr",1]]]],[0,"dbXuXbdYZHH7/uhM1NsSWE",1,0],[5,32,50],[10,0,0,0,0,0,1,1,1,1]],[32,"countdownBg",5,[-257,-258],[[10,0,-256,[188],189]],[0,"f5FJvltPlKeoO4ZIucqC6e",1,0],[4,4278190080],[5,80,25],[-63.125,-28.842,0,0,0,0,1,1,1,1]],[6,"powerIcon",false,5,[-260],[[10,0,-259,[193],194]],[0,"edx/kMDQpPGYPRmXP8WMsy",1,0],[5,72.9,73.8],[-5.954,0,0,0,0,0,1,0.85,0.85,0.9]],[3,"byte_9",14,[-262],[[16,1,0,-261,[202],203]],[0,"e8Hh111tZBHKjrWoNTtOtY",1,0],[5,85,75],[36.171,49.713,0,0,0,0,1,1,1,1]],[6,"red",false,15,[-264],[[1,-263,[212],213]],[0,"9cy1rw37hM3pg6stSlibSJ",1,0],[5,63,75],[43.236,48.425,0,0,0,0,1,0.75,0.75,1]],[6,"red",false,16,[-266],[[1,-265,[222],223]],[0,"44VdUitRxPD4DusDMXFLlD",1,0],[5,63,75],[43.236,48.425,0,0,0,0,1,0.75,0.75,1]],[12,"weekTwotip",[-268],[[1,-267,[230],231]],[0,"06hu8r3+pCiI0+rzj+TRn8",1,0],[5,63,75],[129.823,57.957,0,0,0,0,1,0.75,0.75,0.75]],[11,"bg",1,[[1,-269,[0],1],[47,-270]],[0,"f6wCcSTC1EFKK+VJ35CGn+",1,0],[5,1680,720]],[3,"home_maoxian",2,[-272],[[1,-271,[4],5]],[0,"8a0GBkIwtLqJfcpLkhyQNm",1,0],[5,303,128],[239.386,117.852,0,0,0,0,1,1,1,1]],[2,"home_maoxianS",51,[[1,-273,[2],3]],[0,"6aiuOY3+hJ8a3Zg9gC6xeA",1,0],[5,291,123],[-13,2.5,0,0,0,0,1,1,1,1]],[3,"home_challenge",2,[-275],[[1,-274,[8],9]],[0,"10rMfRXfBN1ImTvwl1vWOt",1,0],[5,306,140],[232.4,-2.271,0,0,0,0,1,1,1,1]],[2,"home_challengeS",53,[[1,-276,[6],7]],[0,"eeJrNfEs5IgJO+NpPWpr9z",1,0],[5,296,131],[-13,2.5,0,0,0,0,1,1,1,1]],[3,"home_wujin",2,[-278],[[1,-277,[12],13]],[0,"e5i4xSj2lEuZvVm3ANT8IF",1,0],[5,310,169],[218.428,-118.701,0,0,0,0,1,1,1,1]],[2,"home_wujinS",55,[[1,-279,[10],11]],[0,"07en+vABtLxYjLRSgqO4mK",1,0],[5,297,152],[-13,2.5,0,0,0,0,1,1,1,1]],[14,"guanKaDesc",2,[[-280,[5,3,-281,[4,4280891453]]],1,4],[0,"f7264kMElElo+JJ4ObFx0F",1,0],[5,72.72,62.5],[245.835,221.385,0,0,0,0,1,1,1,1]],[6,"home_auto4",false,23,[-283],[[10,0,-282,[25],26]],[0,"3cgIoGSQ5Mx4n4gzq/EDRK",1,0],[5,150,110],[300,0,0,0,0,0,1,1,1,1]],[2,"New Label",25,[[8,"帮助\n和选项",25,28,false,1,1,2,-284,[34],35],[5,2,-285,[4,4279244335]]],[0,"bchE/5tVtLFbLjW9s41j32",1,0],[5,79,60],[0,-39.323,0,0,0,0,1,1,1,1]],[2,"New Label",7,[[8,"成就",28,28,false,1,1,2,-286,[40],41],[5,2,-287,[4,4279244335]]],[0,"daPzp038pIWpYtaLZAVM+K",1,0],[5,60,32],[0,-50,0,0,0,0,1,1,1,1]],[2,"New Label",8,[[8,"商店",28,28,false,1,1,2,-288,[50],51],[5,2,-289,[4,4279244335]]],[0,"d759dECZpGvLThM/7VDo3A",1,0],[5,60,32],[0,-50,0,0,0,0,1,1,1,1]],[2,"New Label",24,[[8,"入口奖励",28,28,false,1,1,2,-290,[60],61],[5,2,-291,[4,4279244335]]],[0,"d7R5rmqtNJP43IRUT7reMU",1,0],[5,116,32],[0,-50,0,0,0,0,1,1,1,1]],[2,"New Label",17,[[8,"添加桌面",28,28,false,1,1,2,-292,[66],67],[5,2,-293,[4,4279244335]]],[0,"3bbHJAFGdNs4BANuHVVPEN",1,0],[5,116,32],[0,-50,0,0,0,0,1,1,1,1]],[3,"byte_9",17,[-295],[[1,-294,[70],71]],[0,"f5TcLtI3dKHIZt3EW3nTTS",1,0],[5,63,75],[52.71,92.242,0,0,0,0,1,1,1,1]],[2,"New Label",18,[[8,"福利任务",28,28,false,1,1,2,-296,[75],76],[5,2,-297,[4,4279244335]]],[0,"adEn6/guVEHL7iad+XUFqq",1,0],[5,116,32],[0,-50,0,0,0,0,1,1,1,1]],[2,"New Label",34,[[8,"无尽排行奖励",28,28,false,1,1,2,-298,[83],84],[5,2,-299,[4,4279244335]]],[0,"aahdIzIp9Ozp9/9tvmPZ4D",1,0],[5,172,32],[0,-3.71,0,0,0,0,1,1,1,1]],[2,"New Label",26,[[8,"游戏存档",28,28,false,1,1,2,-300,[89],90],[5,2,-301,[4,4279244335]]],[0,"2ctMemSxRI4ItXkVj9h2Et",1,0],[5,116,32],[0,-50,0,0,0,0,1,1,1,1]],[14,"New Label",6,[[-302,[5,2,-303,[4,4279244335]]],1,4],[0,"5c/Hf9b3ZIs69pHrVE+M3t",1,0],[5,60,32],[0,-50,0,0,0,0,1,1,1,1]],[2,"New Label",9,[[8,"11周年\n庆典",28,28,false,1,1,2,-304,[110],111],[5,2,-305,[4,4279244335]]],[0,"f3um6WZ45FJq3vWM7U3J+p",1,0],[5,79.82,60],[0,-42.091,0,0,0,0,1,1,1,1]],[2,"New Label",20,[[8,"福利",28,28,false,1,1,2,-306,[120],121],[5,2,-307,[4,4279244335]]],[0,"67qZFOoFtN+rcGxaXmUNrU",1,0],[5,60,32],[0,-50,0,0,0,0,1,1,1,1]],[2,"New Label",11,[[8,"签到",28,28,false,1,1,2,-308,[130],131],[5,2,-309,[4,4279244335]]],[0,"feNkt/3jtEuIFZtjX3Bj1P",1,0],[5,60,32],[0,-50,0,0,0,0,1,1,1,1]],[2,"New Label",12,[[8,"月签到",28,28,false,1,1,2,-310,[140],141],[5,2,-311,[4,4279244335]]],[0,"671+xtWuRMVbz8hAMOUeE0",1,0],[5,88,32],[0,-50,0,0,0,0,1,1,1,1]],[2,"New Label",13,[[8,"砸罐有礼",28,28,false,1,1,2,-312,[150],151],[5,2,-313,[4,4279244335]]],[0,"4dM5t876NJXKCVVOOlIL/4",1,0],[5,116,32],[0,-50,0,0,0,0,1,1,1,1]],[2,"New Label",21,[[8,"福利礼包",28,28,false,1,1,2,-314,[160],161],[5,2,-315,[4,4279244335]]],[0,"8f8t2fbb1OSJq7K+sbNt+m",1,0],[5,116,32],[0,-50,0,0,0,0,1,1,1,1]],[2,"New Label",22,[[8,"公告",28,28,false,1,1,2,-316,[175],176],[5,2,-317,[4,4279244335]]],[0,"f8UIp5PhdIEp8yv1gLZi+f",1,0],[5,60,32],[0,-50,0,0,0,0,1,1,1,1]],[6,"red",false,22,[-319],[[1,-318,[179],180]],[0,"f47bDvzLdEK52MVpqQTq+A",1,0],[5,63,75],[43.236,48.425,0,0,0,0,1,0.75,0.75,1]],[2,"power_icon",5,[[1,-320,[183],184],[24,-321,[[4,"ecd83JmX5VOKoHPwQkk0m/P","clickPower",5]]]],[0,"30AMmcqqpKWJpUCmw5eQMc",1,0],[5,74,74],[-110,-1,0,0,0,0,1,1,1,1]],[33,"title",45,[[48,"-2",30,32,false,1,1,-322,[191],192],[5,2,-323,[4,4278190080]]],[0,"ffTJbMOc5PQ5Pvg+kfjuGN",1,0],[4,4284081919],[5,40.99,44.32],[53.511,0,0,0,0,0,1,1.3,1.3,1]],[14,"New Label",14,[[-324,[5,2,-325,[4,4279244335]]],1,4],[0,"49dleaYnpALL+irdtjMAju",1,0],[5,60,32],[0,-50,0,0,0,0,1,1,1,1]],[2,"New Label",15,[[8,"福利战令",28,28,false,1,1,2,-326,[208],209],[5,2,-327,[4,4279244335]]],[0,"ceay1GDgtPY6rGk1e9w0Sk",1,0],[5,116,32],[0,-50,0,0,0,0,1,1,1,1]],[2,"New Label",16,[[8,"新人任务",28,28,false,1,1,2,-328,[218],219],[5,2,-329,[4,4279244335]]],[0,"ffeXriHt5AaJNKCtXIt05t",1,0],[5,116,32],[0,-50,0,0,0,0,1,1,1,1]],[34,"home_close",false,2,[[1,-330,[226],227]],[0,"3aq024qn1Kj76lAiQzobd1",1,0],[5,103,85],[-14.133,106.145,0,0,0,0,1,1,1,1]],[19,"adventureBtn",2,[49],[0,"22PF3Ido1Jfr7IOq01I7Fi",1,0],[5,300,80],[250.28,122.091,0,0,0,0,1,1,1,1]],[2,"home_leaf",1,[[1,-331,[232],233]],[0,"d8if+TPjRGOIclsENzFJfB",1,0],[5,54,43],[0,503.744,0,0,0,0,1,1,1,1]],[11,"layer_achieve",1,[[15,45,-332]],[0,"6a47nQ02dIdL2mSKWfH8aN",1,0],[5,1280,720]],[27,"白天\n关卡3",25,25,false,1,1,57,[14]],[13,"lv_imgLock",false,28,[[1,-333,[15],16]],[0,"90XNDS7QVJ67t9V91YRIK1",1,0],[5,58,74]],[13,"lv_imgLock",false,29,[[1,-334,[19],20]],[0,"fbUO6RfSdM4Ldg7Bgm/0PV",1,0],[5,58,74]],[13,"lv_imgLock",false,58,[[1,-335,[23],24]],[0,"31PdLoa2dN/ILBwRY9qogp",1,0],[5,58,74]],[19,"creativeModeTip",2,[30],[0,"36yOEm0j1HLJ4lZXU/+8Iq",1,0],[5,190,130],[-172.721,-93.147,0,0,0,0,1,1,1,1]],[2,"redTip",30,[[1,-336,[28],29]],[0,"dek8RPfeRKzLwawyuOJKzo",1,0],[5,38,52],[3.459,6.918,0,0,0,0,1,1,1,1]],[2,"home_help",25,[[10,2,-337,[32],33]],[0,"112ItTRPROMKO+aK+AghGF",1,0],[5,102,97],[3.919,-3.538,0,0,0,0,1,1,1,1]],[2,"home_achieve",7,[[1,-338,[38],39]],[0,"aeYkYCpipGH4NwG9HBT9FK",1,0],[5,99,92],[0,4.118,0,0,0,0,1,1,1,1]],[2,"redTip",31,[[1,-339,[42],43]],[0,"656+DOvMNGzZg8Ge1iKNWc",1,0],[5,38,52],[3.459,6.918,0,0,0,0,1,1,1,1]],[2,"home_shop",8,[[1,-340,[48],49]],[0,"425HRyi/1H0ZkUZYdIVOwX",1,0],[5,88,101],[0.906,-3.124,0,0,0,0,1,1,1,1]],[2,"redTip",32,[[1,-341,[52],53]],[0,"a89cpqlhtDK7LPtIR1uUUE",1,0],[5,38,52],[3.459,6.918,0,0,0,0,1,1,1,1]],[2,"home_shop",24,[[1,-342,[58],59]],[0,"facf1fMj9E1a5cPrjH6LoA",1,0],[5,103,87],[1,0,0,0,0,0,1,1,1,1]],[2,"home_shop",17,[[1,-343,[64],65]],[0,"41a8xZPcVGEoCDQyGSaZcd",1,0],[5,101,112],[1.142,4.112,0,0,0,0,1,1,1,1]],[2,"byte_8",64,[[1,-344,[68],69]],[0,"e06c6fZPdAO6Gs3GelPoR9",1,0],[5,63,71],[0,18.119,0,0,0,0,1,1,1,1]],[2,"home_shop",18,[[44,2,-345,[74]]],[0,"71p/LK8SFO/6vhIVj2QwtQ",1,0],[5,107,93],[1,0,0,0,0,0,1,1,1,1]],[2,"tip",33,[[1,-346,[77],78]],[0,"c1XFcWUANIk41MA5NepbBQ",1,0],[5,38,52],[3.459,6.918,0,0,0,0,1,1,1,1]],[22,12,14,-2.8389999999999986,4],[2,"save_btn",26,[[1,-347,[87],88]],[0,"b1I6H6zf9JHpA9swlIL0m7",1,0],[5,106,93],[0,-5.775,0,0,0,0,1,1,1,1]],[2,"redTip",35,[[1,-348,[93],94]],[0,"547+2cD9RMqYPySG90y5PU",1,0],[5,38,52],[3.459,6.918,0,0,0,0,1,1,1,1]],[2,"sign_btn",6,[[1,-349,[99],100]],[0,"87kCKXmhVGvrrUmphno/cI",1,0],[5,86,77],[3.543,-1.616,0,0,0,0,1,0.9,0.9,1]],[28,"录屏",28,28,false,1,1,2,68,[101]],[2,"byte_8",36,[[1,-350,[102],103]],[0,"34j51jkIZK0rPjOo6yn65n",1,0],[5,94,55],[-0.871,5.057,0,0,0,0,1,1,1,1]],[2,"gift6",9,[[1,-351,[108],109]],[0,"a1WDag4NpJH6qFECtl23oG",1,0],[5,131,101],[-0.123,2.799,0,0,0,0,1,0.9,0.9,1]],[2,"redTip",37,[[1,-352,[112],113]],[0,"ebZqv0861AF5eatH1OS7xh",1,0],[5,38,52],[3.459,6.918,0,0,0,0,1,1,1,1]],[11,"sign_btn",20,[[1,-353,[118],119]],[0,"7cNTL+F0BPS5c2PfZ1tqFd",1,0],[5,119,116]],[2,"redTip",38,[[1,-354,[122],123]],[0,"626piMcPlAMr297dx5ZBxW",1,0],[5,38,52],[3.459,6.918,0,0,0,0,1,1,1,1]],[35,"welfareContent",3,[27],[0,"f9+SZ0xhhCXKyeJfPAOFgE",1,0],[5,460,160],[0,0,0.5],[-53.786,166.795,0,0,0,0,1,1,1,0]],[2,"sign_btn",11,[[1,-355,[128],129]],[0,"8ekAiBAg5MH5GvXsDkPK9A",1,0],[5,100,108],[0,-10,0,0,0,0,1,1,1,1]],[2,"redTip",39,[[1,-356,[132],133]],[0,"9e0KI8F1VJrrtOYQciLag1",1,0],[5,38,52],[3.459,6.918,0,0,0,0,1,1,1,1]],[2,"sign_btn",12,[[1,-357,[138],139]],[0,"dabNInhY9IrKXTv14xgRR+",1,0],[5,109,89],[5.523,-0.795,0,0,0,0,1,1,1,1]],[2,"redTip",40,[[1,-358,[142],143]],[0,"ebrxFxy6lPGoMEQoO18bLf",1,0],[5,38,52],[3.459,6.918,0,0,0,0,1,1,1,1]],[2,"sign_btn",13,[[1,-359,[148],149]],[0,"f4oYPGOupE56fft2zM9I2e",1,0],[5,94,101],[0,-1.743,0,0,0,0,1,1,1,1]],[2,"redTip",41,[[1,-360,[152],153]],[0,"f7Jgk9khlA9Z1b6GnxOzGO",1,0],[5,38,52],[3.459,6.918,0,0,0,0,1,1,1,1]],[2,"sign_btn",21,[[1,-361,[158],159]],[0,"fe8uDT10xMOKzpY4VMJ6rZ",1,0],[5,90,102],[0,-1.743,0,0,0,0,1,1,1,1]],[2,"redTip",42,[[1,-362,[162],163]],[0,"3fjMuAMKROyrint2lpDl79",1,0],[5,38,52],[3.459,6.918,0,0,0,0,1,1,1,1]],[2,"sign_btn",22,[[1,-363,[173],174]],[0,"6fAUvboetBfafyJvnHNMtK",1,0],[5,99,108],[0,2.606,0,0,0,0,1,1,1,1]],[2,"redTip",76,[[1,-364,[177],178]],[0,"c4iR9zPadFV5VXpl8odWjN",1,0],[5,38,52],[3.459,6.918,0,0,0,0,1,1,1,1]],[2,"power_add",44,[[1,-365,[185],186]],[0,"ebWzhgrARN94UMV6vfhAxa",1,0],[5,30,30],[-46.352,1.393,0,0,0,0,1,1,1,1]],[36,"power_left",44,[-366],[0,"aaSJXSIc5LOpnD3ZBovYsr",1,0],[5,0,25.2],[0,1,0.5],[24.352,1.062,0,0,0,0,1,1,1,1]],[49,20,20,1,1,124,[187]],[37,"power_lab",5,[-367],[0,"f1RMiicj5Dqr0HjIf8g4wR",1,0],[4,4278190080],[5,114.62,47.88],[-4,0,0,0,0,0,1,1,1,1]],[27,"15/20",35,38,false,1,1,126,[190]],[2,"sign_btn",14,[[1,-368,[197],198]],[0,"9f5+sbchJLton8dN5Rab9U",1,0],[5,86,77],[3.543,-1.616,0,0,0,0,1,0.9,0.9,1]],[28,"录屏",28,28,false,1,1,2,79,[199]],[2,"byte_8",46,[[1,-369,[200],201]],[0,"87QztyIzZH5qvRnPwRMnF5",1,0],[5,94,55],[-0.871,5.057,0,0,0,0,1,1,1,1]],[11,"battlePass_1",15,[[1,-370,[206],207]],[0,"aaXt5hyBxCtJwoN7bReEx2",1,0],[5,96,88]],[2,"redTip",47,[[1,-371,[210],211]],[0,"bcJ2NefaJOIIxmrf/Gk3cy",1,0],[5,38,52],[3.459,6.918,0,0,0,0,1,1,1,1]],[2,"newplayer_1",16,[[1,-372,[216],217]],[0,"8dG2fwTCVNXa2kGMUDWHw8",1,0],[5,115,125],[0,0,0,0,0,0,1,0.9,0.9,1]],[2,"redTip",48,[[1,-373,[220],221]],[0,"b467lQ3BJM5p3QPpI54ntI",1,0],[5,38,52],[3.459,6.918,0,0,0,0,1,1,1,1]],[22,12,14,10,3],[2,"tip",49,[[1,-374,[228],229]],[0,"1bSgPo1ThHU6Fh06RunsBv",1,0],[5,38,52],[3.459,6.918,0,0,0,0,1,1,1,1]],[20,"challengeBtn",2,[0,"04SAby5i9Pv5iaqPHJoJXv",1,0],[5,300,80],[223.095,8.151,0,0,0,-0.08715574274765817,0.9961946980917455,1,1,1],[1,0,0,-10]],[20,"endLessBtn",2,[0,"7cL41cu0BCTKZI2AvfJ5d9",1,0],[5,300,80],[203.127,-105.096,0,0,0,-0.08715574274765817,0.9961946980917455,1,1,1],[1,0,0,-10]]],0,[0,10,1,0,0,1,0,11,15,0,12,16,0,13,22,0,14,5,0,15,33,0,16,18,0,17,9,0,18,10,0,19,23,0,20,49,0,21,43,0,22,27,0,23,30,0,-1,28,0,-2,29,0,24,19,0,25,6,0,26,17,0,27,24,0,28,85,0,29,19,0,30,13,0,31,12,0,32,11,0,33,7,0,34,8,0,35,86,0,36,84,0,37,138,0,38,56,0,39,137,0,40,54,0,41,82,0,42,83,0,43,52,0,0,1,0,-1,50,0,-2,2,0,-3,84,0,-4,85,0,0,2,0,-1,51,0,-2,53,0,-3,55,0,-4,57,0,-5,23,0,-6,90,0,-7,4,0,-8,3,0,-9,82,0,-10,83,0,-11,137,0,-12,138,0,-1,135,0,6,135,0,0,3,0,-1,26,0,-2,19,0,-3,6,0,-4,9,0,-5,20,0,-6,112,0,-7,22,0,-8,5,0,-9,14,0,-10,15,0,-11,16,0,-1,102,0,6,102,0,0,4,0,0,4,0,-1,25,0,-2,7,0,-3,8,0,-4,24,0,-5,17,0,-6,18,0,-7,34,0,0,5,0,0,5,0,44,125,0,45,45,0,46,127,0,0,5,0,-1,77,0,-2,44,0,-3,126,0,-4,45,0,0,6,0,7,6,0,0,6,0,8,36,0,9,106,0,0,6,0,-1,105,0,-2,68,0,-3,36,0,0,7,0,0,7,0,3,31,0,0,7,0,-1,93,0,-2,60,0,-3,31,0,0,8,0,0,8,0,3,32,0,0,8,0,-1,95,0,-2,61,0,-3,32,0,0,9,0,0,9,0,3,37,0,0,9,0,-1,108,0,-2,69,0,-3,37,0,0,10,0,0,10,0,-1,11,0,-2,12,0,-3,13,0,-4,21,0,0,11,0,0,11,0,3,39,0,0,11,0,-1,113,0,-2,71,0,-3,39,0,0,12,0,0,12,0,3,40,0,0,12,0,-1,115,0,-2,72,0,-3,40,0,0,13,0,0,13,0,3,41,0,0,13,0,-1,117,0,-2,73,0,-3,41,0,0,14,0,7,14,0,0,14,0,8,46,0,9,129,0,0,14,0,-1,128,0,-2,79,0,-3,46,0,0,15,0,0,15,0,3,47,0,0,15,0,-1,131,0,-2,80,0,-3,47,0,0,16,0,0,16,0,3,48,0,0,16,0,-1,133,0,-2,81,0,-3,48,0,0,17,0,0,17,0,-1,98,0,-2,63,0,-3,64,0,0,18,0,0,18,0,-1,100,0,-2,65,0,-3,33,0,0,19,0,0,19,0,3,35,0,0,19,0,-1,35,0,0,20,0,0,20,0,3,38,0,0,20,0,-1,110,0,-2,70,0,-3,38,0,0,21,0,0,21,0,3,42,0,0,21,0,-1,119,0,-2,74,0,-3,42,0,0,22,0,0,22,0,-1,121,0,-2,75,0,-3,76,0,0,23,0,-1,28,0,-2,29,0,-3,58,0,0,24,0,0,24,0,-1,97,0,-2,62,0,0,25,0,0,25,0,-1,92,0,-2,59,0,0,26,0,0,26,0,-1,103,0,-2,67,0,0,27,0,-2,43,0,0,28,0,-1,87,0,0,29,0,-1,88,0,0,30,0,-1,91,0,0,31,0,-1,94,0,0,32,0,-1,96,0,0,33,0,-1,101,0,0,34,0,0,34,0,-1,66,0,0,35,0,-1,104,0,0,36,0,-1,107,0,0,37,0,-1,109,0,0,38,0,-1,111,0,0,39,0,-1,114,0,0,40,0,-1,116,0,0,41,0,-1,118,0,0,42,0,-1,120,0,0,43,0,0,43,0,0,44,0,-1,123,0,-2,124,0,0,45,0,-1,78,0,0,46,0,-1,130,0,0,47,0,-1,132,0,0,48,0,-1,134,0,0,49,0,-1,136,0,0,50,0,0,50,0,0,51,0,-1,52,0,0,52,0,0,53,0,-1,54,0,0,54,0,0,55,0,-1,56,0,0,56,0,-1,86,0,0,57,0,0,58,0,-1,89,0,0,59,0,0,59,0,0,60,0,0,60,0,0,61,0,0,61,0,0,62,0,0,62,0,0,63,0,0,63,0,0,64,0,-1,99,0,0,65,0,0,65,0,0,66,0,0,66,0,0,67,0,0,67,0,-1,106,0,0,68,0,0,69,0,0,69,0,0,70,0,0,70,0,0,71,0,0,71,0,0,72,0,0,72,0,0,73,0,0,73,0,0,74,0,0,74,0,0,75,0,0,75,0,0,76,0,-1,122,0,0,77,0,0,77,0,0,78,0,0,78,0,-1,129,0,0,79,0,0,80,0,0,80,0,0,81,0,0,81,0,0,82,0,0,84,0,0,85,0,0,87,0,0,88,0,0,89,0,0,91,0,0,92,0,0,93,0,0,94,0,0,95,0,0,96,0,0,97,0,0,98,0,0,99,0,0,100,0,0,101,0,0,103,0,0,104,0,0,105,0,0,107,0,0,108,0,0,109,0,0,110,0,0,111,0,0,113,0,0,114,0,0,115,0,0,116,0,0,117,0,0,118,0,0,119,0,0,120,0,0,121,0,0,122,0,0,123,0,-1,125,0,-1,127,0,0,128,0,0,130,0,0,131,0,0,132,0,0,133,0,0,134,0,0,136,0,47,1,10,5,27,27,5,112,30,5,90,49,5,83,374],[0,0,0,0,0,0,0,0,0,0,0,0,0,0,0,0,0,0,0,0,0,0,0,0,0,0,0,0,0,0,0,0,0,0,0,0,0,0,0,0,0,0,0,0,0,0,0,0,0,0,0,0,0,0,0,0,0,0,0,0,0,0,0,0,0,0,0,0,0,0,0,0,0,0,0,0,0,0,0,0,0,0,0,0,0,0,0,0,0,0,0,0,0,0,0,0,0,0,0,0,0,0,0,0,0,0,0,0,0,0,0,0,0,0,0,0,0,0,0,0,0,0,0,0,0,0,0,0,0,0,0,0,0,0,0,0,0,0,0,0,0,0,0,0,0,0,0,0,0,0,0,0,0,0,0,0,0,0,0,0,0,0,0,0,0,0,0,0,0,0,0,0,0,0,0,0,0,0,0,0,0,0,0,0,0,0,0,0,0,0,0,0,0,0,0,0,0,0,0,0,0,0,0,0,0,0,0,0,0,0,0,0,0,0,0,0,0,0,0,0,0,0,0,0,0,0,0,0,0,0,0,0,0,0,86,106,127,129],[-1,1,-1,1,-1,1,-1,1,-1,1,-1,1,-1,1,-1,-1,1,-1,1,-1,1,-1,1,-1,1,-1,1,-1,-1,1,-1,1,-1,1,-1,2,-1,1,-1,1,-1,2,-1,1,-1,1,-1,1,-1,1,-1,2,-1,1,-1,1,-1,1,-1,1,-1,2,-1,1,-1,1,-1,2,-1,1,-1,1,-1,1,-1,-1,2,-1,1,-1,1,-1,1,-1,2,-1,1,-1,1,-1,2,-1,1,-1,1,-1,1,-1,1,-1,1,-1,-1,1,-1,1,-1,1,-1,1,-1,2,-1,1,-1,1,-1,1,-1,1,-1,2,-1,1,-1,1,-1,1,-1,1,-1,2,-1,1,-1,1,-1,1,-1,1,-1,2,-1,1,-1,1,-1,1,-1,1,-1,2,-1,1,-1,1,-1,1,-1,1,-1,2,-1,1,-1,1,-1,1,-1,1,-1,1,-1,-1,1,-1,2,-1,1,-1,1,-1,1,-1,1,-1,1,-1,-1,1,-1,-1,2,-1,1,-1,1,-1,1,-1,-1,1,-1,1,-1,1,-1,1,-1,2,-1,1,-1,1,-1,1,-1,1,-1,2,-1,1,-1,1,-1,1,-1,1,-1,1,-1,1,-1,1,2,2,2,2],[0,16,0,17,0,18,0,19,0,20,0,21,0,22,0,0,5,0,23,0,5,0,24,0,5,0,25,0,0,4,0,3,0,26,0,1,0,2,0,27,0,1,0,4,0,3,0,2,0,28,0,1,0,4,0,3,0,2,0,29,0,1,0,2,0,30,0,1,0,31,0,3,0,2,0,0,1,0,4,0,3,0,2,0,1,0,2,0,32,0,1,0,2,0,4,0,3,0,33,0,6,0,0,7,0,3,0,2,0,34,0,1,0,4,0,3,0,2,0,35,0,1,0,4,0,3,0,2,0,36,0,1,0,4,0,3,0,2,0,37,0,1,0,4,0,3,0,2,0,38,0,1,0,4,0,3,0,2,0,39,0,1,0,4,0,3,0,2,0,40,0,41,0,0,42,0,1,0,4,0,3,0,2,0,8,0,43,0,0,44,0,0,1,0,8,0,45,0,6,0,0,7,0,3,0,2,0,46,0,1,0,4,0,3,0,2,0,47,0,1,0,4,0,3,0,2,0,48,0,4,0,3,0,49,1,1,1,1]],[[{"name":"home_challenge1","rect":[0,0,306,140],"offset":[0,0],"originalSize":[306,140],"capInsets":[0,0,0,0]}],[1],0,[0],[4],[50]]]]