[1,["72n4hUSl5OQL4OTIavfSUv","bfcz4YbhxEW4H0QWRNy5iD","1aHJIDssRJgYM+47GoXWzB"],["_textureSetter"],["cc.SpriteFrame"],0,[[[{"name":"lv_bg2","rect":[0,0,1680,720],"offset":[0,0],"originalSize":[1680,720],"capInsets":[0,0,0,0]}],[0],0,[0],[0],[0]],[[{"name":"lv_imgSelect","rect":[0,0,1454,543],"offset":[0,0],"originalSize":[1454,543],"capInsets":[0,0,0,0]}],[0],0,[0],[0],[1]],[[{"name":"lv_bg1","rect":[0,0,1680,720],"offset":[0,0],"originalSize":[1680,720],"capInsets":[0,0,0,0]}],[0],0,[0],[0],[2]]]]