[1,["f7/EW6xCFMJpgVgXn/rV5n","5dvrjgi4FDJplBrigqeTeF","ecpdLyjvZBwrvm+cedCcQy","6agQM85oJKIZRd+JyjOgfy","65JShnsdhJUJPWJxChdPeF"],["_textureSetter","node","root","tree","data","_spriteFrame"],["cc.SpriteFrame",["cc.Node",["_name","_components","_prefab","_children","_parent","_contentSize","_trs"],2,9,4,2,1,5,7],["cc.PrefabInfo",["fileId","root","asset"],2,1,1],["cc.Prefab",["_name"],2],["cc08fOhbu9MfoyNMOPOI8P3",["node","tree","treeOcclusionImgs"],3,1,1,3],["cc.Sprite",["node","_materials","_spriteFrame"],3,1,3,6]],[[3,0,2],[1,0,3,1,2,2],[1,0,4,1,2,5,6,2],[4,0,1,2,1],[2,1,2,1],[2,0,1,2,2],[5,0,1,2,1]],[[[{"name":"roof_pre_bg2","rect":[0,0,588,687],"offset":[0,0],"originalSize":[588,687],"capInsets":[0,0,0,0]}],[0],0,[0],[0],[1]],[[[0,"RoofPreEffect"],[1,"RoofPreEffect",[-4],[[3,-3,-2,[2,3]]],[4,-1,0]],[2,"roof_pre_bg1",1,[[6,-5,[0],1]],[5,"67Fm6UhlhJsLxXsM3zKgmS",1,0],[5,588,687],[496,-17,0,0,0,0,1,1,1,1]]],0,[0,2,1,0,3,2,0,1,1,0,-1,2,0,1,2,0,4,1,5],[0,0,0,0],[-1,5,-1,-2],[2,0,0,3]],[[{"name":"roof_pre_bg1","rect":[0,0,588,687],"offset":[0,0],"originalSize":[588,687],"capInsets":[0,0,0,0]}],[0],0,[0],[0],[4]]]]