[1,["ecpdLyjvZBwrvm+cedCcQy","87GWPx2zNCJrnEnTJhZvMP","0fzbQSrtRPQK9dx4Blt8zm","43CCj/N1JEn6PtmLfNpKsy"],["node","root","data","_spriteFrame","_N$file","_defaultClip"],[["cc.Node",["_name","_opacity","_components","_prefab","_contentSize","_parent","_color","_children","_trs"],1,9,4,5,1,5,2,7],["cc.PrefabInfo",["fileId","root","asset"],2,1,1],["cc.AnimationClip",["_name","_duration","curveData"],0],["cc.Prefab",["_name"],2],["cc.Animation",["playOnLoad","node","_clips","_defaultClip"],2,1,3,6],["5dbf2mxG7lCC6w3Rq4ALtFs",["node"],3,1],["cc.Label",["_string","_isSystemFontUsed","_styleFlags","_N$horizontalAlign","_N$verticalAlign","node","_materials","_N$file"],-2,1,3,6],["cc.LabelOutline",["_width","node","_color"],2,1,5],["cc.Sprite",["_sizeMode","node","_materials","_spriteFrame"],2,1,3,6]],[[1,0,1,2,2],[2,0,1,2,4],[3,0,2],[0,0,1,7,2,3,4,3],[0,0,5,2,3,6,4,8,2],[0,0,1,5,2,3,6,4,3],[4,0,1,2,3,2],[5,0,1],[1,1,2,1],[6,0,1,2,3,4,5,6,7,6],[7,0,1,2,2],[8,0,1,2,3,2]],[[[[1,"ZombieTip",2.3333333333333335,{"props":{"opacity":[{"frame":0,"value":0},{"frame":0.3333333333333333,"value":255},{"frame":2,"value":255},{"frame":2.3333333333333335,"value":0}]},"paths":{"New Label":{"props":{"x":[{"frame":0.3333333333333333,"value":-1035.302},{"frame":0.6666666666666666,"value":0},{"frame":1.6666666666666667,"value":0},{"frame":2,"value":1166.454}]}}}}]],0,0,[],[],[]],[[[2,"ZombieTip"],[3,"ZombieTip",0,[-4,-5],[[6,true,-2,[5],4],[7,-3]],[8,-1,0],[5,1700,100]],[4,"New Label",1,[[9,"一大波僵尸已经来临！",false,1,1,1,-6,[2],3],[10,2,-7,[4,4278190080]]],[0,"0bmYJfRpBBn7zvbQ3gM8ge",1,0],[4,4279647999],[5,404,54.4],[-1035.302,0,0,0,0,0,1,1,1,1]],[5,"TipPanel copy",120,1,[[11,0,-8,[0],1]],[0,"22A9yXM4pPlJN3sOefBajO",1,0],[4,4278190080],[5,1700,100]]],0,[0,1,1,0,0,1,0,0,1,0,-1,3,0,-2,2,0,0,2,0,0,2,0,0,3,0,2,1,8],[0,0,0,0,0,0],[-1,3,-1,4,5,-1],[0,2,0,3,1,1]]]]