[1,["ecpdLyjvZBwrvm+cedCcQy","0fzbQSrtRPQK9dx4Blt8zm","7a/QZLET9IDreTiBfRn2PD","a8WLbyfMtBproHHXSYnM7c","06PRw5KvFKu6jFXHtHls+V","96Md++HTxBDIfXDP2Mi7Kn","dctlJBqbdBKJoEbcm3axB7","d9rD4o67xELprw6zAko3/o","965caWu6RFhpAUhNAxCPmY"],["node","_spriteFrame","root","_parent","_textureSetter","rare","plantName","plantIcon","_N$target","target","data","_N$skeletonData"],[["cc.Node",["_name","_groupIndex","_opacity","_prefab","_contentSize","_parent","_components","_trs","_children","_color"],0,4,5,1,9,7,2,5],["cc.Label",["_string","_N$horizontalAlign","_N$verticalAlign","_fontSize","_lineHeight","_styleFlags","_N$cacheMode","_N$overflow","node","_materials"],-5,1,3],["cc.PrefabInfo",["fileId","root","asset"],2,1,1],["cc.Sprite",["_sizeMode","_type","node","_materials","_spriteFrame"],1,1,3,6],"cc.SpriteFrame",["cc.Node",["_name","_components","_prefab","_contentSize","_trs","_parent"],2,12,4,5,7,1],["cc.LabelOutline",["_width","node","_color"],2,1,5],["cc.Prefab",["_name"],2],["cc.Node",["_name","_groupIndex","_parent","_components","_prefab","_contentSize","_trs"],1,1,2,4,5,7],["cc.Widget",["_alignFlags","_originalWidth","_originalHeight","node"],0,1],["95d80ZTHHZFl60XEnQ0Xzq8",["node","plantIcon","plantName","rare"],3,1,1,1,1],["cc.Button",["node","clickEvents","_N$target"],3,1,9,1],["cc.ClickEvent",["_componentId","handler","target"],1,1],["sp.Skeleton",["defaultSkin","_preCacheMode","_animationName","node","_materials"],0,1,3]],[[2,0,1,2,2],[0,0,8,6,3,4,7,2],[0,0,5,8,3,4,7,2],[0,0,5,8,6,3,4,7,2],[2,0,1,2],[6,0,1,2,2],[6,1,2,1],[3,2,3,4,1],[7,0,2],[0,0,1,5,8,3,4,7,3],[0,0,5,6,3,4,2],[0,0,2,5,6,3,9,4,3],[0,0,5,6,3,4,7,2],[5,0,1,2,3,4,2],[5,0,5,1,2,3,4,2],[8,0,1,2,3,4,5,6,3],[9,0,1,2,3,4],[10,0,1,2,3,1],[11,0,1,2,1],[12,0,1,2,3],[2,1,2,1],[1,0,3,4,5,1,2,6,8,9,8],[1,0,5,1,2,8,9,5],[1,0,3,1,2,8,9,5],[1,0,3,4,1,2,7,8,9,7],[3,1,0,2,3,4,3],[3,0,2,3,4,2],[13,0,1,2,3,4,4]],[[[[8,"UnLockPlantUI"],[1,"UnLockPlantUI",[-10,-11,-12,-13],[[16,45,750,600,-2],[17,-6,-5,-4,-3],[18,-9,[[19,"95d80ZTHHZFl60XEnQ0Xzq8","onClickClose",-8]],-7]],[20,-1,0],[5,1334,750],[667,375,0,0,0,0,1,1,1,1]],[9,"plant_1",1,1,[-15],[4,"07JEFVgJZKTpMdz/Ayun0r",-14],[5,90,66],[0,8.551,0,0,0,0,1,1,1,1]],[1,"Title",[-18],[[21,"恭喜您获得",60,59.9,1,1,1,1,-16,[5]],[5,2,-17,[4,4278190080]]],[0,"2emOtYHtFPSpJkfb34oZfN",1,0],[5,304,78.34],[-149.328,251.586,0,0,0,0,1,1,1,1]],[13,"PlantName",[[-19,[5,2,-20,[4,4278190080]]],1,4],[0,"8aHb6OMKhFVKfY9alN1Lwz",1,0],[5,138.4,41.8],[32.5,6.2,0,0,0,0,1,1,1,1]],[2,"Bg",1,[3,-21],[0,"d1sg8en6BH8I/QDxnJbuSP",1,0],[5,600,500],[1,8.551,0,0,0,0,1,1,1,1]],[2,"Plant",5,[-22,4],[0,"aaEaseW/hOMLnVawe4btaz",1,0],[5,600,56],[-1,-211.441,0,0,0,0,1,1,1,1]],[3,"a132",6,[-24],[[7,-23,[7],8]],[0,"d6r2gEZDFOrazyRKm0LQX4",1,0],[5,232,48],[-7.321,5.908,0,0,0,0,1,1,1,1]],[14,"New Label",7,[[-25,[6,-26,[4,4278593412]]],1,4],[0,"f5QmCh79FFOJeFESCdVUvt",1,0],[5,62,52.4],[-74.101,0,0,0,0,0,1,1,1,1]],[3,"a007",1,[-28],[[25,1,0,-27,[11],12]],[0,"0eNFmlLKVAWrHqK74Y0hws",1,0],[5,200,75],[0,-308.657,0,0,0,0,1,1,1,1]],[10,"New Label",9,[[22,"确定",1,1,1,-29,[10]],[6,-30,[4,4278190080]]],[0,"99nkGNroVEuaAyErRiwDZP",1,0],[5,82,52.4]],[11,"Mask",200,1,[[26,0,-31,[0],1]],[0,"64KtX+WkxCEZLmmp7wvA/L",1,0],[4,4278190080],[5,1700,750]],[15,"p01",1,2,[-32],[4,"37efQHgb9EdajmcQqudOOa",2],[5,75.15,127.19],[0,-114.009,0,0,0,0,1,2.5,2.5,1]],[27,"default",0,"daiji",12,[2]],[12,"a131",3,[[7,-33,[3],4]],[0,"30eAxuL/hP3INltVMCawJ0",1,0],[5,235,91],[289.083,0,0,0,0,0,1,1,1,1]],[23,"稀有",30,1,1,8,[6]],[24,"太阳花",30,30,1,1,2,4,[9]]],0,[0,2,1,0,0,1,0,5,15,0,6,16,0,7,13,0,0,1,0,8,4,0,9,1,0,0,1,0,-1,11,0,-2,2,0,-3,5,0,-4,9,0,2,2,0,-1,12,0,0,3,0,0,3,0,-1,14,0,-1,16,0,0,4,0,-2,6,0,-1,7,0,0,7,0,-1,8,0,-1,15,0,0,8,0,0,9,0,-1,10,0,0,10,0,0,10,0,0,11,0,-1,13,0,0,14,0,10,1,3,3,5,4,3,6,33],[0,0,0,0,0,0,0,0,0,0,0,0,0,13],[-1,1,-1,-1,1,-1,-1,-1,1,-1,-1,-1,1,11],[0,1,2,0,3,0,0,0,4,0,0,0,5,6]],[[{"name":"a132","rect":[0,0,232,48],"offset":[0,0],"originalSize":[232,48],"capInsets":[0,0,0,0]}],[4],0,[0],[4],[7]],[[{"name":"a131","rect":[17,2,235,91],"offset":[3.5,0.5],"originalSize":[262,96],"capInsets":[0,0,0,0]}],[4],0,[0],[4],[8]]]]