{"paths":{"0":["zombie/munaiyijs/munaiyijs",2],"1":["effect/effect007/effect007",2],"2":["guide/yindao3/yindao3",2],"3":["plant/03_hanbingsheshou/03_hanbingsheshou",2],"4":["plant/04_caiwen/04_caiwen",2],"5":["draw/niudanji/niudanji",2],"6":["plant/11_jianguo/11_jianguo",2],"7":["effect/huo _FX/huo _FX",2],"8":["effect/jssiwang/jssiwang",2],"9":["effect/zaizhong_FX/zaizhong_FX",2],"10":["zombie/p10/p10",2],"11":["plant/n06_xiguatoushou/n06_xiguatoushou",2],"12":["effect/effect004/effect004",2],"13":["plant/n07_dapengu/n07_dapengu",2],"14":["jiangshiboss/jiangshiboss3",2],"15":["draw/niudan_anniuguang/niudan_anniuguang",2],"16":["zombie/jiangshi/jiangshi",2],"17":["effect/effect013/effect013",2],"18":["effect/effect008/effect008",2],"19":["zombie/p03/p03",2],"20":["effect/effect014/effect014",2],"21":["plant/n10_huoyanhuanvwang/n10_huoyanhuanvwang",2],"22":["effect/effect019/effect019",2],"23":["plant/01_wandouss/01_wandouss",2],"24":["plant/n04_caiwen/n04_caiwen",2],"25":["effect/effect012/effect012",2],"26":["plant/n03_maoweicao/n03_maoweicao",2],"27":["effect/effect001/effect001",2],"28":["zombie/b02/b02",2],"29":["plant/n05_yumi/n05_yumi",2],"30":["plant/03_maoweicao/03_maoweicao",2],"31":["jiangshiboss/jiangshiboss",2],"32":["plant/03_hanbingsheshou/03_hanbingsheshou",4],"33":["jiangshiboss/jiangshiboss2",2],"34":["plant/05_yumits/05_yumits",2],"35":["effect/effect005/effect005",2],"36":["zombie/b03/b03",2],"37":["zombie/b04/b04",2],"38":["effect/effect024/effect024",2],"39":["effect/effect018/effect018",2],"40":["zombie/b01/b01",2],"41":["plant/02_xiangrikui/02_xiangrikui",2],"42":["effect/effect006/effect006",2],"43":["plant/putpngdilei/putpngdilei",2],"44":["effect/effect002/effect002",2],"45":["plant/n02_xiangrikui/n02_xiangrikui",2],"46":["plant/n09_bingxianzi/n09_bingxianzi",2],"47":["guide/yindao/yindao",2],"48":["draw/kaiqiu/kaiqiu",2],"49":["plant/15_xiguatoushou_ske/15_xiguatoushou_ske",2],"50":["effect/effect017/effect017",2],"51":["effect/effect021/effect021",2],"52":["plant/15_xiguatoushou_ske/15_xiguatoushou_ske",4],"53":["effect/effect009/effect009",2],"54":["effect/effect015/effect015",2],"55":["plant/n01_wandousheshou/n01_wandousheshou",2],"56":["jiangshiboss/jiangshiboss5",2],"57":["jiangshiboss/jiangshiboss4",2],"58":["draw/niudanji2/niudanji2",2],"59":["zombie/p08/p08",2],"60":["plant/10_huoyanhuanw/10_huoyanhuanw",2],"61":["effect/effect010/effect010",2],"62":["effect/effect022/effect022",2],"63":["plant/07_dapengu/07_dapengu",2],"64":["effect/effect023/effect023",2],"65":["zombie/b05/b05",2],"66":["plant/n08_jiguangdou/n08_jiguangdou",2],"67":["effect/effect020/effect020",2],"68":["plant/06_xiguats/06_xiguats",2],"69":["effect/effect016/effect016",2],"70":["plant/09_bingxianzi/09_bingxianzi",2],"71":["bullet/s01/s01",2],"72":["plant/n11_jianguo/n11_jianguo",2],"73":["zombie/p05/p05",2],"74":["plant/08_jiguangdou/08_jiguangdou",2],"75":["effect/effect003/effect003",2],"76":["effect/effect011/effect011",2],"77":["plant/08_jiguangdou/08_jiguangdou.atlas",3],"78":["effect/effect010/effect010.atlas",3],"79":["plant/15_xiguatoushou_ske/15_xiguatoushou_ske",0],"80":["plant/n04_caiwen/n04_caiwen.atlas",3],"81":["effect/effect014/effect014",1,1],"82":["zombie/b05/b05",1,1],"83":["zombie/jiangshi/jiangshi",0],"84":["zombie/b01/b01.atlas",3],"85":["effect/effect015/effect015.atlas",3],"86":["effect/effect023/effect023.atlas",3],"87":["draw/niudanji/niudanji.atlas",3],"88":["plant/09_bingxianzi/09_bingxianzi",1,1],"89":["effect/effect007/effect007.atlas",3],"90":["bullet/s01/s01",0],"91":["plant/08_jiguangdou/08_jiguangdou",1,1],"92":["plant/01_wandouss/01_wandouss",1,1],"93":["plant/10_huoyanhuanw/10_huoyanhuanw",0],"94":["zombie/p08/p08",1,1],"95":["plant/n02_xiangrikui/n02_xiangrikui",1,1],"96":["plant/04_caiwen/04_caiwen",0],"97":["effect/jssiwang/jssiwang",0],"98":["zombie/b03/b03",1,1],"99":["plant/11_jianguo/11_jianguo.atlas",3],"100":["plant/n06_xiguatoushou/n06_xiguatoushou",0],"101":["effect/effect012/effect012",0],"102":["effect/effect018/effect018.atlas",3],"103":["plant/08_jiguangdou/08_jiguangdou",0],"104":["effect/effect020/effect020.atlas",3],"105":["bullet/s01/s01.atlas",3],"106":["effect/effect012/effect012",1,1],"107":["zombie/b04/b04",0],"108":["effect/effect001/effect001.atlas",3],"109":["effect/effect016/effect016",1,1],"110":["plant/07_dapengu/07_dapengu.atlas",3],"111":["plant/01_wandouss/01_wandouss",0],"112":["plant/05_yumits/05_yumits",0],"113":["effect/effect023/effect023",1,1],"114":["bullet/s01/s01",1,1],"115":["jiangshiboss/jiangshiboss.atlas",3],"116":["effect/effect004/effect004.atlas",3],"117":["plant/n07_dapengu/n07_dapengu",1,1],"118":["effect/effect006/effect006.atlas",3],"119":["plant/n01_wandousheshou/n01_wandousheshou",0],"120":["plant/03_hanbingsheshou/03_hanbingsheshou",1,1],"121":["plant/10_huoyanhuanw/10_huoyanhuanw",1,1],"122":["zombie/munaiyijs/munaiyijs",0],"123":["effect/huo _FX/huo _FX",0],"124":["effect/effect022/effect022.atlas",3],"125":["zombie/b04/b04",1,1],"126":["jiangshiboss/jiangshiboss2",1,1],"127":["effect/effect014/effect014.atlas",3],"128":["effect/effect016/effect016.atlas",3],"129":["guide/yindao3/yindao3",1,1],"130":["plant/02_xiangrikui/02_xiangrikui",0],"131":["plant/n11_jianguo/n11_jianguo",0],"132":["effect/effect002/effect002",1,1],"133":["plant/15_xiguatoushou_ske/15_xiguatoushou_ske",1,1],"134":["effect/jssiwang/jssiwang",1,1],"135":["plant/putpngdilei/putpngdilei.atlas",3],"136":["plant/05_yumits/05_yumits.atlas",3],"137":["effect/zaizhong_FX/zaizhong_FX",0],"138":["effect/effect021/effect021",1,1],"139":["effect/effect012/effect012.atlas",3],"140":["zombie/b05/b05",0],"141":["draw/niudan_anniuguang/niudan_anniuguang.atlas",3],"142":["plant/10_huoyanhuanw/10_huoyanhuanw.atlas",3],"143":["effect/effect024/effect024",1,1],"144":["effect/effect011/effect011",0],"145":["zombie/b03/b03.atlas",3],"146":["plant/n06_xiguatoushou/n06_xiguatoushou.atlas",3],"147":["effect/effect019/effect019",0],"148":["effect/effect004/effect004",1,1],"149":["draw/niudanji2/niudanji2",0],"150":["draw/kaiqiu/kaiqiu",0],"151":["plant/01_wandouss/01_wandouss.atlas",3],"152":["effect/effect024/effect024",0],"153":["plant/n09_bingxianzi/n09_bingxianzi",0],"154":["effect/effect024/effect024.atlas",3],"155":["effect/effect011/effect011.atlas",3],"156":["plant/n08_jiguangdou/n08_jiguangdou",1,1],"157":["zombie/p03/p03.atlas",3],"158":["zombie/b02/b02",0],"159":["plant/11_jianguo/11_jianguo",1,1],"160":["plant/03_maoweicao/03_maoweicao.atlas",3],"161":["effect/effect021/effect021.atlas",3],"162":["plant/n11_jianguo/n11_jianguo.atlas",3],"163":["effect/effect009/effect009.atlas",3],"164":["plant/n02_xiangrikui/n02_xiangrikui.atlas",3],"165":["zombie/munaiyijs/munaiyijs.atlas",3],"166":["plant/n02_xiangrikui/n02_xiangrikui",0],"167":["jiangshiboss/jiangshiboss",0],"168":["plant/05_yumits/05_yumits",1,1],"169":["plant/03_hanbingsheshou/03_hanbingsheshou",0],"170":["plant/n08_jiguangdou/n08_jiguangdou",0],"171":["draw/niudanji/niudanji",1,1],"172":["zombie/p10/p10",1,1],"173":["plant/04_caiwen/04_caiwen",1,1],"174":["plant/03_maoweicao/03_maoweicao",0],"175":["effect/effect008/effect008",0],"176":["draw/kaiqiu/kaiqiu",1,1],"177":["zombie/b02/b02.atlas",3],"178":["plant/06_xiguats/06_xiguats",0],"179":["draw/niudanji/niudanji",0],"180":["plant/n06_xiguatoushou/n06_xiguatoushou",1,1],"181":["plant/n10_huoyanhuanvwang/n10_huoyanhuanvwang.atlas",3],"182":["zombie/b01/b01",0],"183":["plant/n01_wandousheshou/n01_wandousheshou.atlas",3],"184":["jiangshiboss/jiangshiboss5",1,1],"185":["effect/effect006/effect006",0],"186":["effect/effect015/effect015",1,1],"187":["plant/n09_bingxianzi/n09_bingxianzi",1,1],"188":["guide/yindao/yindao.atlas",3],"189":["plant/02_xiangrikui/02_xiangrikui",1,1],"190":["effect/effect021/effect021",0],"191":["zombie/p10/p10.atlas",3],"192":["guide/yindao/yindao",1,1],"193":["plant/07_dapengu/07_dapengu",0],"194":["effect/effect003/effect003",1,1],"195":["effect/zaizhong_FX/zaizhong_FX.atlas",3],"196":["plant/n07_dapengu/n07_dapengu",0],"197":["plant/03_maoweicao/03_maoweicao",1,1],"198":["plant/n10_huoyanhuanvwang/n10_huoyanhuanvwang",1,1],"199":["zombie/jiangshi/jiangshi.atlas",3],"200":["zombie/b01/b01",1,1],"201":["zombie/b03/b03",0],"202":["effect/effect022/effect022",0],"203":["effect/effect009/effect009",1,1],"204":["plant/n04_caiwen/n04_caiwen",1,1],"205":["effect/effect002/effect002",0],"206":["draw/niudanji2/niudanji2.atlas",3],"207":["effect/effect005/effect005.atlas",3],"208":["effect/effect019/effect019.atlas",3],"209":["plant/09_bingxianzi/09_bingxianzi",0],"210":["effect/effect013/effect013",0],"211":["effect/effect018/effect018",0],"212":["effect/effect004/effect004",0],"213":["effect/effect017/effect017",1,1],"214":["guide/yindao/yindao",0],"215":["zombie/p08/p08.atlas",3],"216":["plant/n01_wandousheshou/n01_wandousheshou",1,1],"217":["effect/effect010/effect010",1,1],"218":["plant/n03_maoweicao/n03_maoweicao",0],"219":["plant/04_caiwen/04_caiwen.atlas",3],"220":["plant/n07_dapengu/n07_dapengu.atlas",3],"221":["jiangshiboss/jiangshiboss4",1,1],"222":["plant/n03_maoweicao/n03_maoweicao.atlas",3],"223":["draw/kaiqiu/kaiqiu.atlas",3],"224":["effect/effect008/effect008.atlas",3],"225":["effect/effect008/effect008",1,1],"226":["zombie/p03/p03",0],"227":["plant/n04_caiwen/n04_caiwen",0],"228":["plant/06_xiguats/06_xiguats.atlas",3],"229":["effect/effect018/effect018",1,1],"230":["draw/niudan_anniuguang/niudan_anniuguang",0],"231":["zombie/jiangshi/jiangshi",1,1],"232":["effect/effect020/effect020",0],"233":["jiangshiboss/jiangshiboss3",1,1],"234":["plant/n09_bingxianzi/n09_bingxianzi.atlas",3],"235":["effect/effect005/effect005",0],"236":["effect/effect003/effect003.atlas",3],"237":["effect/effect017/effect017",0],"238":["zombie/p05/p05",1,1],"239":["zombie/p05/p05",0],"240":["plant/06_xiguats/06_xiguats",1,1],"241":["effect/effect016/effect016",0],"242":["draw/niudan_anniuguang/niudan_anniuguang",1,1],"243":["effect/effect013/effect013",1,1],"244":["plant/n05_yumi/n05_yumi",1,1],"245":["draw/niudanji2/niudanji2",1,1],"246":["effect/jssiwang/jssiwang.atlas",3],"247":["effect/effect015/effect015",0],"248":["zombie/p03/p03",1,1],"249":["plant/02_xiangrikui/02_xiangrikui.atlas",3],"250":["plant/07_dapengu/07_dapengu",1,1],"251":["plant/putpngdilei/putpngdilei",0],"252":["plant/11_jianguo/11_jianguo",0],"253":["effect/effect020/effect020",1,1],"254":["plant/n05_yumi/n05_yumi.atlas",3],"255":["effect/effect001/effect001",0],"256":["effect/effect022/effect022",1,1],"257":["zombie/p10/p10",0],"258":["guide/yindao3/yindao3.atlas",3],"259":["plant/n05_yumi/n05_yumi",0],"260":["plant/n08_jiguangdou/n08_jiguangdou.atlas",3],"261":["effect/huo _FX/huo _FX",1,1],"262":["plant/n03_maoweicao/n03_maoweicao",1,1],"263":["effect/effect014/effect014",0],"264":["plant/n10_huoyanhuanvwang/n10_huoyanhuanvwang",0],"265":["zombie/p05/p05.atlas",3],"266":["zombie/p08/p08",0],"267":["plant/09_bingxianzi/09_bingxianzi.atlas",3],"268":["effect/huo _FX/huo _FX.atlas",3],"269":["zombie/b02/b02",1,1],"270":["effect/effect003/effect003",0],"271":["zombie/munaiyijs/munaiyijs",1,1],"272":["effect/effect013/effect013.atlas",3],"273":["effect/effect023/effect023",0],"274":["effect/effect007/effect007",1,1],"275":["effect/effect010/effect010",0],"276":["zombie/b04/b04.atlas",3],"277":["effect/effect005/effect005",1,1],"278":["jiangshiboss/jiangshiboss",1,1],"279":["effect/effect017/effect017.atlas",3],"280":["effect/effect006/effect006",1,1],"281":["effect/zaizhong_FX/zaizhong_FX",1,1],"282":["zombie/b05/b05.atlas",3],"283":["effect/effect007/effect007",0],"284":["plant/n11_jianguo/n11_jianguo",1,1],"285":["effect/effect002/effect002.atlas",3],"286":["effect/effect001/effect001",1,1],"287":["effect/effect019/effect019",1,1],"288":["guide/yindao3/yindao3",0],"289":["effect/effect011/effect011",1,1],"290":["effect/effect009/effect009",0],"291":["plant/putpngdilei/putpngdilei",1,1]},"types":["sp.SkeletonData","cc.SpriteFrame","cc.Texture2D","cc.TextAsset","cc.Asset"],"uuids":["0bvcGnwwRJy7Jobu7PNQTY","0b4F79MghEdr2kTfJEdvHr","0doTuUMthAp7VlrHlFLIcd","15dp+4NsdCrJna2eEuYFLv","17S3wNCJVLUoydc39rUFdv","19l6HxTHZF05ssqsw71Jwt","1dUWS4fFJLEYva3gvCKZwM","1dqCMSFC9AK5vSz5fR3kIh","1fB5STv5ZAl7fvZmlTJmFn","1fgODaXo1Nrpt4dgeja6r8","21AcmTWNZBd6ZguhLkquO7","25cmncWK1LQJMfvvyoC3WL","2544fxImJLcrlY7E6WpfUb","30foMzWtpKoJj16YehtNoJ","33viVCuvBLp7C7Saa3JyUA","3dfkfrvDBAzrqarWcg+/dZ","3e/QkfP7hDaqbyD04emQwH","3fAlv0jM1BXICSMBwLE4H/","42fbomN41NbakIIvb7eD3x","45b6dZMCJJQJ/qvQW4t3FK","46EyoDlmBJBYZK3Vi29DLr","46v+c+/HJAgoYNGSkYpG5c","49Wc0oi/BIeKB+APemwldF","49X/ZiEH9FwYyYyWmKN68D","52e1npZQZAU7kH/dhCzmFE","57+0CNp6pKi6zHAAGvZlUF","62RUMfB6ZFvLTz+fwnMa5k","67bBED7pdGA7TKN3+mFq+8","6adF+kohhMGo6rtouieoTD","6bJvzkx65MUJV0oc/7GyR/","6fuplnNDdGSKloRs8E7UMG","6f8PQ344ZCSLz5uvxAIPun","72+I7NqsVO7pSTRUhOX9dg","76UTryIz5KZ6v9kZKDXwMJ","84IXGXeyRLa7M7D0GkjskZ","86t6ylInlHNKjGaHB94SRj","88GNx90oFGk7M3xRi17ole","88467uwnxPqZgzqQz4edhP","8bkM5IIrlDaokl+GYRe5HW","8dUydqvN9CXr4pGvwNYcvU","95BeUS6x5FW6+WkwrHqaFj","977r4e0jlD/buLZ7QT6pEF","981pk4uvZFxowYj9kjaicO","9cFJArmIdJoKOpId5ojaSt","a4X5TZrlRHfJmArd0ZLxrk","a6LDbYOARDT4YRI9encCa4","aakGae+2FAFbkMFi9uKKHq","adYctcwIxOUaWaxQ49+sRB","ad8eKC9VNDWoOii152PWXR","b1DlKap91BPIaBAf3SPC37","b1Tqq7IHhON5uqxNtiyBfL","b2UZxm9QlEcb/KCtkzLpxx","b4lF25DRNOjo0xbI9Mn7vh","b7xH3VbqtLuowDdwXjFHfy","beI4y8v4VAQ4Hdm6yAcSba","bfBs+GGpRMRre8pUWMA/GQ","c3C2ExiGdEJ6SQfTGh5kld","cb97pdDtdBJ7s/jXdRERLh","d1lKHaUU1PuYdYvDDY5V/I","d3EgV0HaNJdI9MO3GoUiLS","d5DpXLo7ZAm4HahOlNtd+l","d8okwRcVFDR631CaUZUvqN","dakmbJEbtLKbGvV8PlUMaS","ddYJSK1cJKxLpS40/AnWMC","e1R1VDV1NFqo2/7MvnwE+w","e9tZWGlr5M95aowTEv9M/L","ee4BH2wRJFY6H7NXasqtqY","f1ONKoyHNJPJf5zTwO219A","f2fpVzsRlEfqhy63b6gNVa","f3NuEuzIFEsJyesRQLxRq0","f4NYq9BaFJpqeq0+B6sQoA","f6I2e/z0hCg6zp0hbVHiUZ","f9Zs/JsIhCO5cCp0byew/4","fdlp/yP25BNa2Dcc0pZ8Yn","fe0QXhUCdKV4iV2OMwLa98","fe943+YxNPxZy+TvygBGDS","ffjGrFFIBEzrjt31wQJP75","00HZROvtZJq7C2BbPWWwDJ","01F1PM+fFI+7PprKRKNUzo","02ByHw9HJLpbypZNUsaAnC","045gHFdAVIHYs0W0ILVG1F","06P7hSTp1N27W47xX/pybO","06TdcVDWpLhabQ1P77A6c3","06isQi8WpM9bYp0TtKwoJ6","07xg9r1vNLSYNFdudDOW+n","0dBWQAEYFNSpIQgM3bA33B","0eDA6h8BRD3ILU+I6QBkbI","10EtKPfPxIRJmqZAGOSuJy","10x8M+x2tFPZZhaEfg7WGr","11p8oJKFBEvat5+Y3nNj3H","15ZraD6M9Adr8EuP6twzCl","15pU1oZ+hLOLwEnk08kHlS","16HubaaAxF56rwHPojX6w1","17CQJhmftM4KHp82Mlz6r7","17y6fUnINCY6D3Wc7jK/Lr","18acHQ4pJEuKdt56hugBAO","18wY9tnrdHnLGShX2BuLgX","184UbtL8hNK4EDvNBkH+Bh","1bl4zUhapKNKXPRrFLXcfF","1ddk0hqJVDGJqBBaYdldCM","1epF1HRXRJMKAI+MRVai9g","25eUjcJnBJTa7gn8pnmSDp","26zReoAdxIgaHhklUlDd4T","27IrOWvbBI6qC+H45m00Cv","27K0Y8xQxD7JOoVtByoV5e","290Pu9nXdKMKz/lfQPx6py","2bDGeX1gBD66r3efMKbdbY","2dUXh0GSZDoZBL/Jfn2fnL","2eqzz2eyxCepcpyJRscbuV","2fCuzk2PVAyI5oaDbP+mMV","330bH7wd9FSI+7r9pk/AuL","34vPXMeQBDqYZT248ez97v","36mk1I2E9N0ptZGxMam7B+","3aZ4xLqHRAl4L5YiLId13P","3aw0w8OC1GNYlVXNpfzKbP","3a3V1M+sJDS6WenUg4L24H","3cqrvUaK1AuYaMKy0lUdpx","3e7A3UdPZLLb5ama//Rrdk","40ZmzHqetIZZTcsvCYGw/u","40p/yAAcZOt79+AAiRQlcc","41LcJqsZVBQIdeeNdW1FEf","42QJZhBSxGDbScCXSLIF2M","42ZlW25vVLSYPzPVEpyTsf","42gIma4rNG/KKm72Dmxq0U","44ZWJrTBZAwLskzkEL9FjQ","45XFpAHZZCD608QI+8x1Da","46FoCITuBI96utqXty6urC","46S4Mc169HE7eobNwQwmxQ","48NFzsVSRO8buCAdgcvpeQ","4b0i5OfHlIv5oS3VE4/ftS","4c7ySwxGtEjra85yxZrKnR","4dGOqQZ5VJNLoceqfplhy7","4f7SUpj1VEXpQzUcdDuL7L","50Dlg2481DSpOuOdjpQESA","50axlZ5fFADZkLue2NJx8N","52naMG/LtNEoLRABSqNvxw","526UGYHrtDQbgqQApqtc43","54+3ERr5ZC2bklh4xbWlsX","551c7lLUpGK62Af45+uqWC","58EFm2y1dLHpckMAO2PEMe","58qe9R/bhBSJSdXNKwLKCA","59BgP3+zZD1KKjEqpnj6ja","59WFtq9xROWJ7RoRCrSJB4","594/g59V5BrZle8cWSUIkq","5apafhme1AoZxC1gGYZTVD","5bglPSjchBtKXb9DWhy2kQ","5bxcLAvYhHnqw55PB8gOOJ","5csii/hVtJlojCTt0ReidK","5fBOMfTkBJFbkahczxeUIs","5fnQNIS1VGlK8gJt9SJ/ui","60ESBv7KVDV4DJaAZ0AqRA","61/qsjOh9Opq9KaeUdoMFB","62JvrDqHJDhrSJE7HiTV1a","62MXdShM9OnbdZwENK4//z","62+ByiYyhB2LYm90f2kNBc","66PGdOBFhNjbnb8ZOkTE9Q","67LIbcbo1J1IBaDm804PYX","6b68IPxkZOOp5MgViTMmxg","6b+k1PVc1OLrn48/sAR7s7","6cNGXL6e9A8YTmx8UXIysT","6c9mFgGU9JipblAhMtea4y","6esSOF7c1C1oWq804WNgCy","6f8/qQaYFJt6RyZeGc1eQP","70kjA7331HloBn1Rs1Y4Gm","71DOXtDy5N0ZuA+RSt+uwa","715zaQgJFE5JqCXIYQOlpw","74lMWNsvlIU6JEvZFvFsuQ","748jUsid1K1Ygk7lm/ixIT","76yTkq13pGG6U/lvEXpIIO","77k2wZi5pPGJKWK0tD2544","78QdGrRHVMm5YX7fuB9N8O","7aSCuSQJlNp68IwZGOijkO","7d66bSzphGOal45EL6vFFo","7eMBcfVSNGxrceZ/zyuSxi","7fMBEc4EpDr7GLej+8AW8V","7fUzQR4a1MqYq/CNMFA4eC","80T9e5hfRP2pkgI0j3EnIQ","83gynRSHBF77CR1qHaYkNi","839WBLc2dMM6PGdTuN1/yW","86AwlO/YRD+KtqFZuUoO2q","86TYj2NHtG1JlaEV6ce7il","87TnLFncdH8ZoVKOXwKG06","88eOqF4rhC8IXqzmECQ1QP","897ap1XYdLY5xOOqJjRNxw","8bRnpHlEZPfIVbh8larsy+","8bzznOA+dI2bou9R7gZhY9","8dQGQ9FC1I+5ccZyjBG4fw","8dgYRkPSVBSIosDDKgL+0O","8di5hkMaVN8pQnxKqE81i1","8ekwK80m1DvLDH4BzDjtsk","8f4lhk26pN+p4aiiR+a1pg","90rA/BxBRHeIBdupR2fBP+","903vk9TaFJJIVnU5nowkgO","91hbgOupZOKJzsSKhI8z+O","97skKJ8qRInIMXo1L0jJNb","98ZB7WfS1NjrM6RyZh/jyN","9acL9ZGIhBmJt1448cb5T+","9cAPMuP5RODZ7OZBZhV0IO","9cXwHaMoRF75z4cxojEGYR","9cbnnQs1tFVqcaO3sGnIfb","9c5dlik8RBn7z5jwuxFMWk","9eIb5GIdNBMaIzbD5ukiqE","9fevIDCuNKG5KcMJgPpYAG","a4XMppenNC3qLxD8SJvWP2","a44HKAmR1Me4Nr+fGY/aw+","a7KYw2U3RBvrGVevusu7+Y","a9bMiBqapPaL6u6C0YdVDT","abUIPIHD1IvKkXysP4o06G","abjJS8BPlPvrMQ1WjcNsXK","acmcvt7QZDxKhXkrG6XY9q","ac1tA3dxFHXbwSEho8BOYm","aeZ/rJVuxJkrnrnyqmII7h","aedu/QY+NOGLZxpwZ3XeG1","afIozFaDxHcIKRRbhYXrnj","afKH6LrrlAzqOc3Bqj0ZSF","aflu92WD5L24KmI44qAIxC","b0eqgCYlBDbLd2YK8HU1eh","b2aLplEoBMsJAk7iIwH31G","b4QB0xcXBAwbaMtQitWMC2","b4WCCtBKNOWaBCegXu7+/H","b4YIEg1llDpbjr/RA+Aj3Z","b6yGKt3HZIJZNnoW4Bsuqf","b6zsLbBhFFF6KmzpgoDRo0","b7VCU/T5VKLJEJg186FHv0","b7xw+LiCBK3L66JMHb0RoY","b8hdAXM+RNOLwSEXt3uWsN","b84aKfxOFNCIR1inaM9IyD","b9ZKq7PPxMbJHVpihl40A2","bbMPkNEI9AJo/WOxsETsCD","bbolenZMZNOKw4BOjssphc","bcLJ9daa5JnoissAF7vtTI","bdy/GM4YtDZ4W3myyZupUs","beVoXkJX1JT7JFwsQdwAbr","c0P1bURNVKL5SRi3jSyFLl","c0R8dmOEhAU7KH1a+dr5aQ","c2K8ROEFpIIJRll0HrtI03","c3lcu+IfRIYY0HrmujJZOy","c4THKPzM9MsKHYZ2PcPLy5","c4o1siZedNzpn1ju8QUtYU","c6UMcyPBpMYK0+DIO8vt+v","c6UYQJ48tJN6jhRYGtnZxh","c9Pc69qndLeqEpWDyHjYGL","cawJrxnQZL2JLFDzCwadM9","cbXadC7bJO86we9kuH/AV1","cdVBhykMZOeaTF/kntiy0Z","ceCa3zwatIE5JjmUtU7sUK","ceJF+lMO1N9qKxBHudtNVS","ceJ0kavwdD7ZpB/HTd9nAL","cfDLThK2ZJHaf1fMQ0PeXo","cfaWNkv91Mx7B26FLI1R2C","d0HcgQOjlNNLuMFLSF/tlr","dap/AD8k1E36rmOX4Ahqg4","dctlJBqbdBKJoEbcm3axB7","ddRvpmbJJIoIPPN8f2v3XH","dd7lMT1LBNoZcLD+LVvH3z","deNPwFzR5H/KhfIJh0tGbY","dfdMG/jtJKe5AK1GdMxOc/","dfd54EtLJNub7DML5+yjJc","e2RbkZfNZKX7iovd9j/NC0","e3FQYbb15B/rPELqUku5Fp","e3552I9npBjqbeqMEbanpB","e4PX/JVtlLwYlwsi7nmSQP","e5C7w1sLlBw74fGaushrmE","e64/RR+fJPVL6hYrXpoXz3","e78uws6Y1OjaTDVptoaPFx","e8Tvm03lBNZKvhT8AsZY63","e81p9YMb1GyLWdKVsYxwtL","e86nNCdiJKm4nEhpKis0Jj","e9FzRS3ERGp7PUZwU3eNoP","eahVMdQjxDBI/rwluuKN6Z","ebtqLi3GBNVrJfu82YyRX/","eei2+PET5OI6dEb5JkYAgo","f0QPHMa41H04Tmw1dHdgt7","f0htAzg5xC54h8jsmIPJ+i","f1FYzwlNhBD6pbQDqN77OP","f2EelQLH9FS6hNwZynzp3j","f2Pq6SOtxCZ61gpVhAEP7d","f34m32bMRD66Wde/+Ho8XG","f6fkkGWeVMF5OXJCCq4J1J","f8IQRjfuRCpqWb+PNv/130","f8YP/m8R1EzqO2HGb2Uhho","f9ztRQebZHq6nZOBzHFm+T","faM10qrpdJq7X2EmPfmlXe","fawBOMTGlPC4XMGV0SDaDH","fbCz/O0DFFwbUpfQW59o9F","fbksta3zhA96OZ+Ybcbrp9","fcHXjELMxDwq703M0vLGWA","fcHmkHPElHLbLRiAtLOzhH","feKCP7LZhAmINd6CWmFRAk","ffP/EgEEJE5KWgZbw95v6O","ffYyy6XiZCgqmSBB2NI/uH","ff4Q05Gx5MwqDgZfxtiU6N"],"scenes":{},"redirect":[],"deps":[],"packs":{"03132959d":[0,1,2,3,4,5,6,7,8,9,10,11,12,13,14,15,16,17,18,19,20,21,22,23,24,25,26,27,28,29,30,31,33,34,35,36,37,38,39,40,41,42,43,44,45,46,47,48,49,50,51,53,54,55,56,57,58,59,60,61,62,63,64,65,66,67,68,69,70,71,72,73,74,75,76]},"name":"Spine","importBase":"import","nativeBase":"native","debug":false,"isZip":false,"encrypted":false,"versions":{"import":[77,"d43cc",78,"b5e09",79,"838e8","03132959d","1fdad",80,"0948b",81,"6e48d",82,"e2479",83,"44efa",84,"b1283",85,"28b05",86,"68f39",87,"775e4",88,"ce852",89,"e76a1",90,"2939d",91,"5f664",92,"7d639",93,"272c5",94,"34fae",95,"b0bec",96,"3acd3",97,"64f29",98,"f5bac",99,"76987",100,"13011",101,"001c6",102,"77c14",103,"2d643",104,"0f575",105,"533c0",106,"38afb",107,"59651",108,"765ec",109,"2fc96",110,"4e96d",111,"c1892",112,"958c5",113,"1a912",114,"16e29",115,"f6d96",116,"edf0e",117,"cf0ee",118,"4b9d1",119,"a5e88",120,"a6763",121,"c3cef",122,"36cc6",123,"074d3",124,"28fa7",125,"3bb98",126,"9f9be",127,"84656",128,"61350",129,"566dc",130,"60a11",131,"9a7df",132,"e59bd",133,"2c2f7",134,"99eed",135,"5ea8f",136,"22152",137,"363f2",138,"01ccd",139,"34e21",140,"14278",141,"86369",142,"4b876",143,"3a133",144,"9a977",145,"dc998",146,"33f5d",147,"fa015",148,"c0267",149,"db244",150,"4e946",151,"14d34",152,"93b0c",153,"71fcf",154,"20d7f",155,"2d71e",156,"edb83",157,"880f6",158,"2f009",159,"7c72f",160,"c5c1d",161,"8f007",162,"b2e68",163,"07c46",164,"4c11c",165,"29bb1",32,"9c07a",166,"0719a",167,"6b731",168,"cbd52",169,"7fbdf",170,"c6989",171,"995aa",172,"8670e",173,"a2d14",174,"30a63",175,"d1b58",176,"dbf9d",177,"ce082",178,"05f96",179,"0521c",180,"60c75",181,"ce759",182,"8b486",183,"10abb",184,"7a115",185,"15775",186,"2e1ec",187,"e53cd",188,"4d421",189,"7cafa",190,"47558",191,"ed9e7",192,"1b66c",193,"bf5e7",194,"d27a5",195,"e62c2",196,"5f7e0",197,"16eef",198,"3070a",199,"e67be",200,"c54c1",201,"3fcfa",202,"4eb36",203,"c9dfa",204,"89c9b",205,"e6c5b",206,"bfb84",207,"066cb",208,"eeb3b",209,"2ad9c",210,"aed55",211,"1ca20",212,"ea01c",213,"b130b",214,"70ba5",215,"2859c",216,"924dd",217,"46302",218,"b983d",219,"d75c0",220,"e15e9",52,"afff1",221,"939b2",222,"eaf8d",223,"6fae9",224,"1ab8e",225,"f0488",226,"85994",227,"9dfb5",228,"0b07e",229,"55beb",230,"93e2d",231,"e3d1e",232,"34aa1",233,"bf715",234,"d3a4a",235,"cacf4",236,"4bdbb",237,"56342",238,"ceba6",239,"6b4f2",240,"6d518",241,"9b3e6",242,"40390",243,"c066b",244,"2a56d",245,"cd2d8",246,"c0690",247,"14742",248,"9ef5c",249,"b4a95",250,"07364",251,"381c7",252,"f28c2",253,"1a115",254,"48d4a",255,"f3b8c",256,"0fc79",257,"be91f",258,"311eb",259,"bcbef",260,"c9ee2",261,"b04db",262,"7feed",263,"7acf2",264,"831c8",265,"31afd",266,"47261",267,"a2d9b",268,"4fa4e",269,"36dd3",270,"0d16f",271,"fb8c4",272,"8c828",273,"e7c90",274,"8dd4a",275,"70aac",276,"d9271",277,"0c5da",278,"7bd6f",279,"3886e",280,"5cf88",281,"cadb5",282,"4d5c3",283,"5c620",284,"1ae14",285,"32548",286,"9b2d3",287,"cc777",288,"e96a9",289,"d592a",290,"f2f58",291,"f8aa5"],"native":[0,"f5cfe",1,"81e95",2,"0e3d1",3,"cdd9b",4,"791f2",5,"bb8bd",6,"45d74",7,"dbe91",8,"f7ed0",9,"7ec73",10,"4cc6f",11,"da0da",12,"c7486",13,"4afc8",14,"bca89",15,"e1f16",16,"b3ef6",17,"2afeb",18,"2469d",19,"1c599",20,"c261a",21,"22d41",22,"5a4c7",23,"123a3",24,"ad3ef",25,"457e0",26,"44cab",27,"506d0",28,"fdc85",29,"67170",30,"2badb",31,"a32a8",32,"09339",33,"37bee",34,"d1374",35,"6eeb2",36,"662a1",37,"e1231",38,"a72b9",39,"4185a",40,"89e30",41,"52a96",42,"cb691",43,"19aa0",44,"3f48a",45,"2c13e",46,"dc900",47,"fa938",48,"7928e",49,"6da91",50,"24873",51,"fa341",52,"455d7",53,"4ce1c",54,"53e38",55,"1e34b",56,"ca0d9",57,"789e7",58,"408f8",59,"bf40b",60,"853de",61,"ea9ba",62,"64251",63,"72f00",64,"59cfd",65,"8f693",66,"53498",67,"0a130",68,"b172a",69,"76029",70,"b4fb4",71,"59e9c",72,"99cf3",73,"c5970",74,"62a00",75,"d776f",76,"e52ce"]}}