[1,["42fbomN41NbakIIvb7eD3x"],0,[["sp.SkeletonData",["_name","_atlasText","textureNames","_skeletonJson","textures"],-1,3]],[[0,0,1,2,3,4,5]],[[0,"effect008","\r\neffect008.png\r\nsize: 229,557\r\nformat: RGBA8888\r\nfilter: Linear,Linear\r\nrepeat: none\r\n04xgs0\r\n  rotate: true\r\n  xy: 140, 302\r\n  size: 97, 83\r\n  orig: 143, 109\r\n  offset: 23, 13\r\n  index: -1\r\n04xgs1\r\n  rotate: false\r\n  xy: 2, 245\r\n  size: 122, 94\r\n  orig: 143, 109\r\n  offset: 11, 7\r\n  index: -1\r\n04xgs2\r\n  rotate: false\r\n  xy: 2, 341\r\n  size: 136, 103\r\n  orig: 143, 109\r\n  offset: 4, 3\r\n  index: -1\r\n04xgs3\r\n  rotate: false\r\n  xy: 2, 446\r\n  size: 143, 109\r\n  orig: 143, 109\r\n  offset: 0, 0\r\n  index: -1\r\nbing/0\r\n  rotate: false\r\n  xy: 147, 401\r\n  size: 62, 62\r\n  orig: 106, 107\r\n  offset: 26, 17\r\n  index: -1\r\nbing/1\r\n  rotate: false\r\n  xy: 2, 30\r\n  size: 106, 105\r\n  orig: 106, 107\r\n  offset: 0, 0\r\n  index: -1\r\nbing/2\r\n  rotate: true\r\n  xy: 2, 137\r\n  size: 106, 107\r\n  orig: 106, 107\r\n  offset: 0, 0\r\n  index: -1\r\nbing/3\r\n  rotate: true\r\n  xy: 111, 95\r\n  size: 104, 107\r\n  orig: 106, 107\r\n  offset: 2, 0\r\n  index: -1\r\nbing/4\r\n  rotate: true\r\n  xy: 126, 201\r\n  size: 99, 101\r\n  orig: 106, 107\r\n  offset: 3, 2\r\n  index: -1\r\nbing/5\r\n  rotate: false\r\n  xy: 110, 2\r\n  size: 93, 91\r\n  orig: 106, 107\r\n  offset: 8, 7\r\n  index: -1\r\nbing/6\r\n  rotate: true\r\n  xy: 147, 465\r\n  size: 90, 75\r\n  orig: 106, 107\r\n  offset: 10, 21\r\n  index: -1\r\n",["effect008.png"],{"skeleton":{"hash":"GcSOFZvKDciP+hz3gMZMVSbyAFk","spine":"3.8.99","fps":24,"images":"D:/Work/植物大战僵尸2娘化版/动画/娘化版/打击特效/龙骨导出的spine资源/library","audio":"D:\\Work\\植物大战僵尸2娘化版\\动画\\娘化版\\打击特效\\龙骨导出的spine资源"},"bones":[{"name":"root"},{"name":"04xgs0","parent":"root","y":16},{"name":"0","parent":"root","x":-4.7,"y":-12.7}],"slots":[{"name":"04xgs0","bone":"04xgs0","attachment":"04xgs3"},{"name":"0","bone":"0","attachment":"bing/0","blend":"additive"}],"skins":[{"name":"default","attachments":{"0":{"bing/0":{"x":4.7,"y":12.7,"width":106,"height":107},"bing/1":{"x":4.7,"y":12.7,"width":106,"height":107},"bing/2":{"x":4.7,"y":12.7,"width":106,"height":107},"bing/3":{"x":4.7,"y":12.7,"width":106,"height":107},"bing/4":{"x":4.7,"y":12.7,"width":106,"height":107},"bing/5":{"x":4.7,"y":12.7,"width":106,"height":107},"bing/6":{"x":4.7,"y":12.7,"width":106,"height":107}},"04xgs0":{"04xgs0":{"y":-16,"width":143,"height":109},"04xgs1":{"y":-16,"width":143,"height":109},"04xgs2":{"y":-16,"width":143,"height":109},"04xgs3":{"y":-15.53,"width":143,"height":109}}}}],"animations":{"newAnimation":{"slots":{"0":{"color":[{"color":"ffffff99","curve":"stepped"},{"time":0.0417,"color":"ffffff99"},{"time":0.4167,"color":"ffffffff"},{"time":0.625,"color":"ffffff00"}],"attachment":[{"time":0.0417,"name":"bing/1"},{"time":0.0833,"name":"bing/2"},{"time":0.125,"name":"bing/3"},{"time":0.2083,"name":"bing/4"},{"time":0.2917,"name":"bing/5"},{"time":0.4167,"name":"bing/6"}]},"04xgs0":{"color":[{"color":"ffffff00"},{"time":0.0833,"color":"ffffffff","curve":"stepped"},{"time":0.25,"color":"ffffffff"},{"time":0.5417,"color":"ffffff00"}],"attachment":[{"name":"04xgs0"},{"time":0.0833,"name":"04xgs1"},{"time":0.1667,"name":"04xgs2"},{"time":0.25,"name":"04xgs3"}]}},"bones":{"0":{"scale":[{"curve":"stepped"},{"time":0.0417,"x":1.5,"y":1.5},{"time":0.625,"x":2,"y":2}]},"04xgs0":{"translate":[{},{"time":0.0833,"y":16.64},{"time":0.5417}],"scale":[{"x":0.5,"y":0.5},{"time":0.0833},{"time":0.5417,"x":1.1,"y":1.1}]}}}}},[0]]],0,0,[0],[-1],[0]]