[1,["43gWSihH5C0bbXYdknd7W6","e9N6ZCwcVJL659Mk4SoMVX","d6+qDep3BFqp4ghaWgYqQ8","d6OVDclY9KRZcBiE+5Quxo","76/kx0j1hCnJ/WEa0oHDYn","cfU6ipgCpM8otVKFFa6SMv","ebWJPbQuRGf6gafQ2+kJfl","583C409IpDNZ92KEiUs4zq","32oZ+AV4VC54s3uX1AYcwK","0eA3f8C5hDlJqgrlB7mOEq","dbf8W4525MJ57GWZHddWRY","dc0zJFVrNH77jDsHaJR0AK","17/d9gRMhJkbVSlvSr2gpg","9abx54EYNBy7J+z6Xmgagv","4a95ykjBpOu5kKQDOTWKlR","20rfCQ7q5Cn4O8gQCiXjVD","6cLi7fbsxFyqPhPbsYIeS6","71rUAtNqRNB7FQW92GJWtb"],["value","_textureSetter"],["cc.SpriteFrame",["cc.AnimationClip",["_name","_duration","speed","wrapMode","curveData"],-1,11]],[[1,0,1,2,3,4,5]],[[[{"name":"3","rect":[1,0,287,77],"offset":[0,0.5],"originalSize":[289,78],"capInsets":[0,0,0,0]}],[0],0,[0],[1],[1]],[[{"name":"6","rect":[1,0,287,77],"offset":[0,0.5],"originalSize":[289,78],"capInsets":[0,0,0,0]}],[0],0,[0],[1],[2]],[[{"name":"9","rect":[1,0,287,77],"offset":[0,0.5],"originalSize":[289,78],"capInsets":[0,0,0,0]}],[0],0,[0],[1],[3]],[[{"name":"2","rect":[0,0,288,77],"offset":[-0.5,0.5],"originalSize":[289,78],"capInsets":[0,0,0,0]}],[0],0,[0],[1],[4]],[[{"name":"1","rect":[0,0,288,77],"offset":[-0.5,0.5],"originalSize":[289,78],"capInsets":[0,0,0,0]}],[0],0,[0],[1],[5]],[[{"name":"8","rect":[1,0,287,77],"offset":[0,0.5],"originalSize":[289,78],"capInsets":[0,0,0,0]}],[0],0,[0],[1],[6]],[[{"name":"7","rect":[1,0,287,77],"offset":[0,0.5],"originalSize":[289,78],"capInsets":[0,0,0,0]}],[0],0,[0],[1],[7]],[[[0,"shake",0.31666666666666665,0.35,2,[{},"comps",11,[{},"cc.Sprite",11,[{},"spriteFrame",12,[[[{"frame":0},"value",6,0],[{"frame":0.03333333333333333},"value",6,1],[{"frame":0.06666666666666667},"value",6,2],[{"frame":0.1},"value",6,3],[{"frame":0.13333333333333333},"value",6,4],[{"frame":0.16666666666666666},"value",6,5],[{"frame":0.2},"value",6,6],[{"frame":0.23333333333333334},"value",6,7],[{"frame":0.26666666666666666},"value",6,8],[{"frame":0.3},"value",6,9]],11,11,11,11,11,11,11,11,11,11]]]]]],0,0,[0,0,0,0,0,0,0,0,0,0],[0,0,0,0,0,0,0,0,0,0],[0,8,9,10,11,12,13,14,15,0]],[[{"name":"4","rect":[1,0,287,77],"offset":[0,0.5],"originalSize":[289,78],"capInsets":[0,0,0,0]}],[0],0,[0],[1],[16]],[[{"name":"5","rect":[1,0,287,77],"offset":[0,0.5],"originalSize":[289,78],"capInsets":[0,0,0,0]}],[0],0,[0],[1],[17]]]]