[1,["ecpdLyjvZBwrvm+cedCcQy","caohSHbS5GEIzmwCrnMGn5","af3FuThF1PLqyklrmWmoJ5","b4QG/os+BIf7dfkky1sbYO","2eYLUKo6tPT57j6FrILgK/","5bheaowv9Nv4sUQJHivr8k","d2HzctZYVKFZNemh8T+vQj","38dOBwXiVHb7PPGPv0RV7c","87OAa9f15Nm6EEaBJEQiuy","993Pc3b3ZKJbq/7NuC5MlE","2dWAEFP49NEobZ2F/7L9Wp","33FJJx5OxGh5E4lIp/S93j","79nSRfxfpNbpL479HwN+pF","f0Yeq8anJGlprYHStNP1S0","40Zk4FNwpGE79FvUYF0AEK","15izP33pNNEqpm57MG1qRH","37q9ssi/pPraicXQhdEjQC","64IAHuwOJCoJnLhhQ/vaak","d4iVypi0xDgLmxmVrZ0DXn","db1FTKS/dCAbXgyUNxQ6Sp","bdVjnsMjVLKLb/9vMLOvNG","93vpLh/gxPBbDk75enOPTU","8bTJbJxeRNupvQhP4MKZRt","e0j9kuQMVIQa0uA/A0UWhV","4ac3Syd+VI870FLYayAsi/","589Fg8iHxLPaReMqOr+lDe","797lNXqilF/K2w473zZx8E","0bKQNwxAdDpZNIDiZf3WaF","1847e655c","fdMUAIC9ZIKLIU8S4t9qKN","5cKyMKvOFAEoZZMJEhrXhZ","cavc9j4QRNqpxv+KB1O/L2","f8rF+5RY1IBJ1XHbHwxY9G","39L/2PjZBOFafIAVK7JIg8","407AxcCwVHIpPNL1vUFaTI","c5daGmm4BPDpySWK+ytkkb","76z2u7WF9AZoivF6fDHYgl","c8qh2xvTZG8L2cJlRmP5py","1aquVW0gtPKZzqbHhXkbn0","25wKP9sKpFIJJTlK4iU9l/","6dF/u0GaRC2JFMi+g0L6AN","d5unwK7PpPoouwXYZc/DKX","d0S+eewr1IN6hqfXXfNg1m","a2MjXRFdtLlYQ5ouAFv/+R","f5gSJkRdNF1ryMpsXVaTpb","f0enFH5oRIHaJNlrQsZN5S","bf6q3vOt1Cmqv2xDYa8kFG","7fN4M8QfhOUaPnbdTZcYYi","3elDJ8aslFPaboxFelxZ4C","bdjOLzwUxK+pLG1w9ruBRW","fab3nL5StIrKa3+bgHCDaw","72n4hUSl5OQL4OTIavfSUv","bfcz4YbhxEW4H0QWRNy5iD"],["node","_spriteFrame","_N$file","_parent","target","_textureSetter","root","powerNode","coinCount","weekTwoTipNode","record_btn","star_bg","lv_ImgFh","partSprite","part2_select","part1_select","part_Bg2","part_Bg1","lv_Bg2","lv_Bg1","bookBtn","scrollViewContent","scrollView","starCount","wdBtn","wyBtn","ycBtn","ywBtn","btBtn","taskBtn","shareRewardNode","bt_label","tipNode","getPowerLeftLab","powerAni","powerLab","data"],[["cc.Node",["_name","_opacity","_active","_prefab","_contentSize","_components","_parent","_children","_trs","_color","_anchorPoint"],0,4,5,9,1,2,7,5,5],["cc.Sprite",["_sizeMode","_type","_isTrimmedMode","_enabled","node","_materials","_spriteFrame"],-1,1,3,6],["cc.Label",["_fontSize","_lineHeight","_N$horizontalAlign","_N$verticalAlign","_string","_isSystemFontUsed","_N$cacheMode","node","_materials","_N$file"],-4,1,3,6],["cc.Node",["_name","_active","_parent","_components","_prefab","_contentSize","_trs","_color","_anchorPoint"],1,1,2,4,5,7,5,5],["cc.Widget",["_alignFlags","_left","_right","alignMode","_originalWidth","node","_target"],-2,1,1],"cc.SpriteFrame",["cc.Node",["_name","_components","_prefab","_contentSize","_trs","_parent","_children"],2,12,4,5,7,1,2],["cc.Button",["_N$transition","_enabled","node","clickEvents"],1,1,9],["cc.PrefabInfo",["fileId","root","asset"],2,1,1],["cc.Prefab",["_name"],2],["cc.BlockInputEvents",["node"],3,1],["bba8c5B9RRFXqNBbFGtKCA0",["node","chapterBtnNode","chapterSpriteNode","chapterFrames","taskBtn","btBtn","ywBtn","ycBtn","wyBtn","wdBtn","starCount","partItem","scrollView","scrollViewContent","bookBtn","lv_Bg1","lv_Bg2","part_Bg1","part_Bg2","part1_select","part2_select","partSprite","lv_ImgFh","star_bg","record_btn","weekTwoTipNode","coinCount","powerNode"],3,1,2,2,3,1,1,1,1,1,1,1,2,1,1,1,1,1,1,1,1,1,1,1,1,1,1,1,1],["cc.Layout",["_N$layoutType","_N$paddingLeft","_N$paddingRight","_N$spacingX","_N$affectedByScale","node","_layoutSize"],-2,1,5],["cc.ClickEvent",["_componentId","handler","target"],1,1],["4c598GgxydIZ4J/snCF5xab",["btnPos","node","bt_label","shareRewardNode"],2,1,1,1],["0c8c7sXsaRMZ4adaa2ij6aR",["type","node","tipNode"],2,1,1],["ecd83JmX5VOKoHPwQkk0m/P",["node","powerLab","powerAni","getPowerLeftLab"],3,1,1,1,1],["cc.Mask",["_enabled","_N$alphaThreshold","node","_materials"],1,1,3],["cc.LabelOutline",["_width","node","_color"],2,1,5],["94d58qmgwFH+bfrpPdKMuF1",["node","guankaImg","guanKaName","guanKaPlant","lockNode","passNode","guanKaMaskNode","startGameNode","loseStar","winStarArr","zombieImg","beltNode"],3,1,1,1,1,1,1,1,1,2,2,1,1],["cc.ScrollView",["vertical","brake","bounceDuration","_N$horizontalScrollBar","_N$verticalScrollBar","node","scrollEvents","_N$content"],-2,1,9,1]],[[8,0,1,2,2],[3,0,2,3,4,5,6,2],[1,4,5,6,1],[1,0,4,5,2],[0,0,6,5,3,4,8,2],[0,0,6,7,5,3,4,8,2],[1,4,5,1],[18,0,1,2,2],[1,1,0,4,5,6,3],[13,0,1,2,3],[1,0,4,5,6,2],[2,4,0,1,5,2,3,7,8,9,7],[0,0,6,5,3,4,2],[7,0,2,3,2],[7,2,3,1],[0,0,6,7,3,4,8,2],[0,0,6,5,3,9,4,8,2],[6,0,5,1,2,3,4,2],[0,0,7,5,3,4,2],[0,0,1,6,5,3,4,3],[6,0,5,6,1,2,3,4,2],[3,0,2,3,4,7,5,2],[3,0,1,2,3,4,5,6,3],[2,4,0,1,5,2,3,7,8,7],[19,0,1,2,3,4,5,6,7,8,9,10,11,1],[0,0,6,3,4,8,2],[1,3,4,5,6,2],[0,0,7,5,3,4,8,2],[4,0,1,5,3],[1,1,0,2,4,5,6,4],[2,4,0,1,2,3,7,8,6],[0,0,2,6,7,5,3,4,8,3],[0,0,6,7,3,4,2],[0,0,2,6,5,3,4,3],[4,0,1,2,5,4],[9,0,2],[0,0,7,5,3,4,10,8,2],[0,0,1,6,7,5,3,4,8,3],[0,0,6,7,5,3,4,2],[0,0,6,7,5,3,9,4,8,2],[6,0,6,1,2,3,4,2],[3,0,2,3,4,5,8,6,2],[3,0,2,3,4,7,5,8,6,2],[4,0,5,2],[4,3,0,1,5,4],[4,0,4,5,6,3],[10,0,1],[11,0,1,2,3,4,5,6,7,8,9,10,11,12,13,14,15,16,17,18,19,20,21,22,23,24,25,26,27,1],[8,1,2,1],[1,1,0,4,5,3],[12,0,1,2,3,4,5,6,6],[7,1,0,2,3,3],[14,0,1,2,3,2],[15,0,1,2,2],[16,0,1,2,3,1],[17,0,1,2,3,3],[2,4,0,1,5,2,3,6,7,8,9,8],[2,4,0,1,5,2,3,6,7,8,8],[2,0,1,2,3,7,8,5],[20,0,1,2,3,4,5,6,7,6]],[[[{"name":"15","rect":[749,778,151,132],"offset":[0,0],"originalSize":[151,132],"rotated":1,"capInsets":[0,0,0,0]}],[5],0,[0],[5],[28]],[[[35,"PartSelectView"],[27,"PartSelectView",[-48,-49,-50,-51,-52,-53,-54,-55,-56,-57,-58],[[43,45,-2],[46,-3],[47,-47,[-42,-43,-44,-45,-46],[-37,-38,-39,-40,-41],[416,417,418,419,420,421,422,423,424,425],-36,-35,-34,-33,-32,-31,-30,[-20,-21,-22,-23,-24,-25,-26,-27,-28,-29],-19,-18,-17,-16,-15,-14,-13,-12,-11,-10,-9,-8,-7,-6,-5,-4]],[48,-1,0],[5,1280,720],[640,360,0,0,0,0,1,1,1,1]],[18,"lv_imgKuang",[-60,-61,-62,-63,-64,-65,-66,-67,-68,-69,-70,-71,-72,-73,-74,-75],[[8,1,0,-59,[172],173]],[0,"367Gh5uo5Por/AID7B46Y9",1,0],[5,245,348]],[18,"lv_imgKuang",[-77,-78,-79,-80,-81,-82,-83,-84,-85,-86,-87,-88,-89,-90,-91,-92],[[8,1,0,-76,[338],339]],[0,"efL3926A9OqL6pIPGA8lYa",1,0],[5,245,348]],[18,"lv_imgKuang",[-94,-95,-96,-97,-98,-99,-100,-101,-102,-103,-104,-105,-106],[[8,1,0,-93,[38],39]],[0,"2e0o6QZ85NNa2X2+epQnKl",1,0],[5,245,348]],[18,"lv_imgKuang",[-108,-109,-110,-111,-112,-113,-114,-115,-116,-117,-118,-119,-120],[[8,1,0,-107,[70],71]],[0,"c0ZsLDA21Mwo2Xw0+pdzGL",1,0],[5,245,348]],[18,"lv_imgKuang",[-122,-123,-124,-125,-126,-127,-128,-129,-130,-131,-132,-133,-134],[[8,1,0,-121,[102],103]],[0,"4dW3oZrUtKf5/OBFobi/0a",1,0],[5,245,348]],[18,"lv_imgKuang",[-136,-137,-138,-139,-140,-141,-142,-143,-144,-145,-146,-147,-148],[[8,1,0,-135,[134],135]],[0,"5aNuAPXxRMCZgq4GAi1Bgo",1,0],[5,245,348]],[18,"lv_imgKuang",[-150,-151,-152,-153,-154,-155,-156,-157,-158,-159,-160,-161,-162],[[8,1,0,-149,[204],205]],[0,"4a662Ze3tMRoCRNQXyljI3",1,0],[5,245,348]],[18,"lv_imgKuang",[-164,-165,-166,-167,-168,-169,-170,-171,-172,-173,-174,-175,-176],[[8,1,0,-163,[236],237]],[0,"472KGRKudG3blusUq7mUTg",1,0],[5,245,348]],[18,"lv_imgKuang",[-178,-179,-180,-181,-182,-183,-184,-185,-186,-187,-188,-189,-190],[[8,1,0,-177,[268],269]],[0,"08yLVgwbtNFKekA8683l7W",1,0],[5,245,348]],[18,"lv_imgKuang",[-192,-193,-194,-195,-196,-197,-198,-199,-200,-201,-202,-203,-204],[[8,1,0,-191,[300],301]],[0,"ef6uqW365FLKBXu2GRn1Pj",1,0],[5,245,348]],[36,"content",[-206,-207,-208,-209,-210,-211,-212,-213,-214,-215],[[50,1,700,700,30,true,-205,[5,3348.25,400]]],[0,"b8yQZ//RNEeYduDFiAaoox",1,0],[5,3348.25,400],[0,0.5,1],[821.625,200,0,0,0,0,1,1,1,1]],[15,"partsprite",1,[-216,-217,-218,-219,-220,-221,-222,-223,-224,-225,-226],[0,"dcohqQ/KJP77WoohTF+tJ3",1,0],[5,1280,720],[50.209999999999994,106.014,0,0,0,0,1,1,1,1]],[5,"record_btn",1,[-234,-235,-236],[[2,-227,[367],368],[13,3,-229,[[9,"4c598GgxydIZ4J/snCF5xab","onClick",-228]]],[52,1,-232,-231,-230],[28,8,18.716000000000008,-233]],[0,"82o1qpq0JFmrb2zWZTHa2X",1,0],[5,123,128],[-559.784,-150.393,0,0,0,0,1,1,1,0]],[37,"taskBtn",0,1,[-242,-243,-244],[[2,-237,[395],396],[51,false,3,-238,[[9,"bba8c5B9RRFXqNBbFGtKCA0","clickTasks",1]]],[53,9,-240,-239],[28,8,163.505,-241]],[0,"fbtLVJeyVKm5XVs/y986IE",1,0],[5,123,128],[-414.995,-286.343,0,0,0,0,1,1,1,0]],[5,"power_bg",1,[-251,-252,-253,-254],[[29,1,0,false,-245,[409],410],[34,32,53.5,3.2619999999998868,-246],[54,-250,-249,-248,-247]],[0,"97hyjyz8ZO1qZ1Unzy6BBY",1,0],[5,249,68],[512.238,-230.802,0,0,0,0,1,1,1,1]],[20,"GuanKaItemView1",12,[4],[[-255,[14,-257,[[9,"94d58qmgwFH+bfrpPdKMuF1","clickStartBtn",-256]]]],1,4],[0,"a0n7H/R0JEaa11JH68l4gK",1,0],[5,245,348],[-851.625,-190,0,0,0,0,1,1,1,1]],[5,"lv_imgSta",4,[-260,-261],[[8,1,2,-258,[33],34],[13,3,-259,[[9,"94d58qmgwFH+bfrpPdKMuF1","clickStartBtn",17]]]],[0,"16vdAzgtBDNqiKeuVK4DvO",1,0],[5,165,80],[0,-180,0,0,0,0,1,1,1,0]],[20,"GuanKaItemView2",12,[5],[[-262,[14,-264,[[9,"94d58qmgwFH+bfrpPdKMuF1","clickStartBtn",-263]]]],1,4],[0,"d4Ace31aVAYpc/jNZO4oXk",1,0],[5,245,348],[-619.5,-190,0,0,0,0,1,0.65,0.65,1]],[5,"lv_imgSta",5,[-267,-268],[[8,1,2,-265,[65],66],[13,3,-266,[[9,"94d58qmgwFH+bfrpPdKMuF1","clickStartBtn",19]]]],[0,"72vEsfz7NJp5c/GEsUI65h",1,0],[5,165,80],[0,-180,0,0,0,0,1,1,1,0]],[20,"GuanKaItemView3",12,[6],[[-269,[14,-271,[[9,"94d58qmgwFH+bfrpPdKMuF1","clickStartBtn",-270]]]],1,4],[0,"e9ETU643VDq5GlvgtjE03D",1,0],[5,245,348],[-430.25,-190,0,0,0,0,1,0.65,0.65,1]],[5,"lv_imgSta",6,[-274,-275],[[8,1,2,-272,[97],98],[13,3,-273,[[9,"94d58qmgwFH+bfrpPdKMuF1","clickStartBtn",21]]]],[0,"64lGETvNVDXpI0BjTQmdfT",1,0],[5,165,80],[0,-180,0,0,0,0,1,1,1,0]],[20,"GuanKaItemView4",12,[7],[[-276,[14,-278,[[9,"94d58qmgwFH+bfrpPdKMuF1","clickStartBtn",-277]]]],1,4],[0,"369L+YU7hAP4A24C6vBnTe",1,0],[5,245,348],[-241,-190,0,0,0,0,1,0.65,0.65,1]],[5,"lv_imgSta",7,[-281,-282],[[8,1,2,-279,[129],130],[13,3,-280,[[9,"94d58qmgwFH+bfrpPdKMuF1","clickStartBtn",23]]]],[0,"66O3ki0qlAMI890lItRPUC",1,0],[5,165,80],[0,-180,0,0,0,0,1,1,1,0]],[20,"GuanKaItemView5",12,[2],[[-283,[14,-285,[[9,"94d58qmgwFH+bfrpPdKMuF1","clickStartBtn",-284]]]],1,4],[0,"aasF29tYRNbasb17GF+Osp",1,0],[5,245,348],[-51.75,-190,0,0,0,0,1,0.65,0.65,1]],[5,"lv_imgSta",2,[-288,-289],[[8,1,2,-286,[163],164],[13,3,-287,[[9,"94d58qmgwFH+bfrpPdKMuF1","clickStartBtn",25]]]],[0,"d8dbi2YG9EaJ2ctDdTrBEJ",1,0],[5,165,80],[0,-180,0,0,0,0,1,1,1,0]],[20,"GuanKaItemView6",12,[8],[[-290,[14,-292,[[9,"94d58qmgwFH+bfrpPdKMuF1","clickStartBtn",-291]]]],1,4],[0,"a5whU448hOWadyjw8Rsvi2",1,0],[5,245,348],[137.5,-190,0,0,0,0,1,0.65,0.65,1]],[5,"lv_imgSta",8,[-295,-296],[[8,1,2,-293,[199],200],[13,3,-294,[[9,"94d58qmgwFH+bfrpPdKMuF1","clickStartBtn",27]]]],[0,"d15hX8PPFEtIaqmBVgae3O",1,0],[5,165,80],[0,-180,0,0,0,0,1,1,1,0]],[20,"GuanKaItemView7",12,[9],[[-297,[14,-299,[[9,"94d58qmgwFH+bfrpPdKMuF1","clickStartBtn",-298]]]],1,4],[0,"37aTlWt1xAVoLnGxfP4C1i",1,0],[5,245,348],[326.75,-190,0,0,0,0,1,0.65,0.65,1]],[5,"lv_imgSta",9,[-302,-303],[[8,1,2,-300,[231],232],[13,3,-301,[[9,"94d58qmgwFH+bfrpPdKMuF1","clickStartBtn",29]]]],[0,"936VXMCl9NFaqpONCtd8DA",1,0],[5,165,80],[0,-180,0,0,0,0,1,1,1,0]],[20,"GuanKaItemView8",12,[10],[[-304,[14,-306,[[9,"94d58qmgwFH+bfrpPdKMuF1","clickStartBtn",-305]]]],1,4],[0,"57EmWNNYBOkLlZZ1JNp6yn",1,0],[5,245,348],[516,-190,0,0,0,0,1,0.65,0.65,1]],[5,"lv_imgSta",10,[-309,-310],[[8,1,2,-307,[263],264],[13,3,-308,[[9,"94d58qmgwFH+bfrpPdKMuF1","clickStartBtn",31]]]],[0,"650Dg8O25GeJ6AcFcgoe72",1,0],[5,165,80],[0,-180,0,0,0,0,1,1,1,0]],[20,"GuanKaItemView9",12,[11],[[-311,[14,-313,[[9,"94d58qmgwFH+bfrpPdKMuF1","clickStartBtn",-312]]]],1,4],[0,"c5HVt8FgpEZ6NCy8wWYp/A",1,0],[5,245,348],[705.25,-190,0,0,0,0,1,0.65,0.65,1]],[5,"lv_imgSta",11,[-316,-317],[[8,1,2,-314,[295],296],[13,3,-315,[[9,"94d58qmgwFH+bfrpPdKMuF1","clickStartBtn",33]]]],[0,"aaE3fjKn9PUpI3OWg3n96s",1,0],[5,165,80],[0,-180,0,0,0,0,1,1,1,0]],[20,"GuanKaItemView10",12,[3],[[-318,[14,-320,[[9,"94d58qmgwFH+bfrpPdKMuF1","clickStartBtn",-319]]]],1,4],[0,"76swIr28lN8rCg+qnbNfRD",1,0],[5,245,348],[894.5,-190,0,0,0,0,1,0.65,0.65,1]],[5,"lv_imgSta",3,[-323,-324],[[8,1,2,-321,[329],330],[13,3,-322,[[9,"94d58qmgwFH+bfrpPdKMuF1","clickStartBtn",35]]]],[0,"46+0IxG/9DlIR60lx6R7BI",1,0],[5,165,80],[0,-180,0,0,0,0,1,1,1,0]],[5,"lv_imgFh",1,[-328],[[2,-325,[351],352],[28,8,13.380999999999972,-326],[13,3,-327,[[9,"bba8c5B9RRFXqNBbFGtKCA0","clickback",1]]]],[0,"fb6BrAeFJNca7q4DQitxN1",1,0],[5,123,128],[-565.119,-282.103,0,0,0,0,1,1,1,0]],[5,"star_bg",1,[-331,-332],[[29,1,0,false,-329,[356],357],[34,32,53.5,3.2619999999998868,-330]],[0,"3cazbB9XpFrbb0jRTMcWB7",1,0],[5,249,68],[512.238,-310.13,0,0,0,0,1,1,1,1]],[27,"part2_bg",[-334,-335,-336],[[2,-333,[377],378]],[0,"31g9k5qqxIO7Ovo/IMQ314",1,0],[5,243,82],[372.189,-12.129,0,0,0,0,1,1,1,1]],[5,"lv_imgKuang2",4,[-338,-339,-340],[[2,-337,[13],14]],[0,"1fYf0O3+5PuoxaMSh2BY8y",1,0],[5,96,96],[0,-100.076,0,0,0,0,1,1,1,1]],[5,"lv_imgKuang2",5,[-342,-343,-344],[[2,-341,[45],46]],[0,"e3yLBKUwxJnKN3NTxAIRbT",1,0],[5,96,96],[0,-100.076,0,0,0,0,1,1,1,1]],[5,"lv_imgKuang2",6,[-346,-347,-348],[[2,-345,[77],78]],[0,"03Fs8GFL5KobVvCEk6YpYG",1,0],[5,96,96],[0,-100.076,0,0,0,0,1,1,1,1]],[5,"lv_imgKuang2",7,[-350,-351,-352],[[2,-349,[109],110]],[0,"c455tb/IZFwYNCRMvhQaeH",1,0],[5,96,96],[0,-100.076,0,0,0,0,1,1,1,1]],[5,"lv_imgKuang2",2,[-354,-355,-356],[[2,-353,[141],142]],[0,"71bgJeBlpBMZEOEztV/MQH",1,0],[5,96,96],[0,-100.076,0,0,0,0,1,1,1,1]],[5,"lv_imgKuang2",8,[-358,-359,-360],[[2,-357,[179],180]],[0,"83aQ2ZoEtJaaETHrAHf22H",1,0],[5,96,96],[0,-100.076,0,0,0,0,1,1,1,1]],[5,"lv_imgKuang2",9,[-362,-363,-364],[[2,-361,[211],212]],[0,"2csXVPNHxHqo1+OFkAaADb",1,0],[5,96,96],[0,-100.076,0,0,0,0,1,1,1,1]],[5,"lv_imgKuang2",10,[-366,-367,-368],[[2,-365,[243],244]],[0,"d5NFZ2SspOEYdEmD4TSS20",1,0],[5,96,96],[0,-100.076,0,0,0,0,1,1,1,1]],[5,"lv_imgKuang2",11,[-370,-371,-372],[[2,-369,[275],276]],[0,"30M9qJNKdFJrUrS0JsgQj9",1,0],[5,96,96],[0,-100.076,0,0,0,0,1,1,1,1]],[5,"lv_imgKuang2",3,[-374,-375,-376],[[2,-373,[307],308]],[0,"c5EjKFnklOe5ItW/jxRWEF",1,0],[5,96,96],[0,-100.076,0,0,0,0,1,1,1,1]],[27,"part1_bg",[-378,-379],[[2,-377,[383],384]],[0,"5f78+E2zNFLJz50twG54U3",1,0],[5,244,87],[363.922,-10.647,0,0,0,0,1,1,1,1]],[5,"coin_node",1,[-382,-383],[[29,1,0,false,-380,[414],415],[44,0,8,167.27499999999998,-381]],[0,"3f5QByNCxPMIe4PgZCSQBW",1,0],[5,290,60],[-327.725,-315.242,0,0,0,0,1,1,1,1]],[5,"lv_bg1",1,[-385],[[2,-384,[2],3]],[0,"5cAl62xsRD26rTkdkoM6rM",1,0],[5,1680,720],[0,106.014,0,0,0,0,1,1,1,1]],[5,"lv_bg2",1,[-387],[[2,-386,[6],7]],[0,"84WLNIHJ9HCLNk/J73Wgxc",1,0],[5,1680,720],[1680.21,106.014,0,0,0,0,1,1,1,1]],[40,"New ScrollView",[-390],[[[49,1,0,-388,[341]],-389],4,1],[0,"109YiVfRxIh57CfL5FuUbI",1,0],[5,1280,500],[0,660,0,0,0,0,1,1,1,1]],[38,"view",54,[12],[[55,false,0,-391,[340]],[45,40,1280,-392,1]],[0,"c2dvM+TIBFKbpdBIKdbH9s",1,0],[5,1280,500]],[5,"belt",4,[-394],[[10,0,-393,[18],19]],[0,"c9LXzFvilAhJypkT0CSpNO",1,0],[5,36,147],[-84,75,0,0,0,0,1,1,1,1]],[5,"belt",5,[-396],[[10,0,-395,[50],51]],[0,"42adzHyzFEDIYkYOxk1tNC",1,0],[5,36,147],[-84,75,0,0,0,0,1,1,1,1]],[5,"belt",6,[-398],[[10,0,-397,[82],83]],[0,"efh5boafFH5oa35X5cGQvf",1,0],[5,36,147],[-84,75,0,0,0,0,1,1,1,1]],[5,"belt",7,[-400],[[10,0,-399,[114],115]],[0,"d09IUJAjRL45ofJ81E1/3M",1,0],[5,36,147],[-84,75,0,0,0,0,1,1,1,1]],[5,"belt",2,[-402],[[10,0,-401,[146],147]],[0,"e5Mrw2jXlJd7mvwED7j9TG",1,0],[5,36,147],[-84,75,0,0,0,0,1,1,1,1]],[5,"belt",8,[-404],[[10,0,-403,[184],185]],[0,"3cOFY9WWpKp5/NvpKB0GA7",1,0],[5,36,147],[-84,75,0,0,0,0,1,1,1,1]],[5,"belt",9,[-406],[[10,0,-405,[216],217]],[0,"feLPAv+OBKarxtNbHNo47F",1,0],[5,36,147],[-84,75,0,0,0,0,1,1,1,1]],[5,"belt",10,[-408],[[10,0,-407,[248],249]],[0,"89lsOf8K5HrLD2D8gX/BWk",1,0],[5,36,147],[-84,75,0,0,0,0,1,1,1,1]],[5,"belt",11,[-410],[[10,0,-409,[280],281]],[0,"71UW7Wr31F6bo/kpnwRfwU",1,0],[5,36,147],[-84,75,0,0,0,0,1,1,1,1]],[5,"belt",3,[-412],[[10,0,-411,[312],313]],[0,"03LoImEeRNBqqmOmauCd2E",1,0],[5,36,147],[-84,75,0,0,0,0,1,1,1,1]],[4,"lv_handbk",13,[[2,-413,[342],343],[14,-414,[[9,"bba8c5B9RRFXqNBbFGtKCA0","clickHandBookBtn",1]]]],[0,"96nPPdPutDqJVOxO8RHMEB",1,0],[5,145,143],[246.793,-375.057,0,0,0,0,1,1,1,1]],[5,"byte_9",14,[-416],[[8,1,0,-415,[365],366]],[0,"96z1Ri9HtMr7QW/ZP9uwGp",1,0],[5,85,75],[36.171,49.713,0,0,0,0,1,1,1,1]],[5,"weekTwotip",39,[-418],[[2,-417,[375],376]],[0,"d72bCR8uBFmo9/bx3WD4oN",1,0],[5,63,75],[30.47,46.975,0,0,0,0,1,0.75,0.75,0.75]],[31,"red",false,15,[-420],[[2,-419,[393],394]],[0,"cbDc65rnVAzqjlJM+3HG9Q",1,0],[5,63,75],[43.236,48.425,0,0,0,0,1,0.75,0.75,1]],[39,"countdownBg",16,[-422,-423],[[10,0,-421,[402],403]],[0,"27LyP4vG1K6qI5KZ9ohTar",1,0],[4,4278190080],[5,80,25],[-63.125,-28.842,0,0,0,0,1,1,1,1]],[31,"powerIcon",false,16,[-425],[[10,0,-424,[407],408]],[0,"09oOU9sZVDM7ISzaIl9AFn",1,0],[5,72.9,73.8],[-5.954,0,0,0,0,0,1,0.85,0.85,0.9]],[4,"select",40,[[10,0,-426,[9],10]],[0,"dfBob4KENBZ7nZ8pdtwjno",1,0],[5,51,43.2],[46.102,-26.987,0,0,0,0,1,1,1,1]],[4,"lv_imgLock",40,[[2,-427,[11],12]],[0,"e9oMyFdiNIVLAaiBfDbAeC",1,0],[5,26,34],[44.978,-31.485,0,0,0,0,1,1,1,1]],[17,"guankaLab",4,[[-428,[7,3,-429,[4,4278190080]]],1,4],[0,"2a3MGk2dVAwLMqDyJeTgSl",1,0],[5,76.62,43.8],[0,-28.111,0,0,0,0,1,1,1,1]],[19,"lv_imgNolock",100,4,[[2,-430,[25],26]],[0,"18et5WKgNC57jH82QurXia",1,0],[5,245,348]],[4,"New Label",18,[[11,"开始游戏",25,25,false,1,1,-431,[27],28],[7,2,-432,[4,4278190080]]],[0,"0cA9ren4BA6IB3FMtIPdMs",1,0],[5,104,35.5],[0,17.448,0,0,0,0,1,1,1,1]],[15,"rightPower",18,[-433,-434],[0,"19JLw5cM1MT7Hk6UaVatUQ",1,0],[5,50,30],[-11.674,-11.494,0,0,0,0,1,1,1,1]],[16,"rightPowercost",77,[[11,"X2",24,28,false,1,1,-435,[31],32],[7,2,-436,[4,4278190080]]],[0,"fepqLL9pZGn5170QonLnWb",1,0],[4,4278255590],[5,37.22,39.28],[28.484,-2.161,0,0,0,0,1,1,1,1]],[4,"select",41,[[10,0,-437,[41],42]],[0,"06/ctp+MhKZ7k9bPPXdXg6",1,0],[5,51,43.2],[46.102,-26.987,0,0,0,0,1,1,1,1]],[4,"lv_imgLock",41,[[2,-438,[43],44]],[0,"85zZd0VlxE2ot1SuaCaM5N",1,0],[5,26,34],[44.978,-31.485,0,0,0,0,1,1,1,1]],[17,"guankaLab",5,[[-439,[7,3,-440,[4,4278190080]]],1,4],[0,"d92POtAbRB/ZS9sLqVmGmy",1,0],[5,76.62,43.8],[0,-28.111,0,0,0,0,1,1,1,1]],[19,"lv_imgNolock",100,5,[[2,-441,[57],58]],[0,"41Y9yXjelOeJrnmz+/ERug",1,0],[5,245,348]],[4,"New Label",20,[[11,"开始游戏",25,25,false,1,1,-442,[59],60],[7,2,-443,[4,4278190080]]],[0,"a6WLAwycpDHKGDtMAjlvem",1,0],[5,104,35.5],[0,17.448,0,0,0,0,1,1,1,1]],[15,"rightPower",20,[-444,-445],[0,"33WOLuFZ9G6qzBZNkQYRkv",1,0],[5,50,30],[-11.674,-11.494,0,0,0,0,1,1,1,1]],[16,"rightPowercost",84,[[11,"X2",24,28,false,1,1,-446,[63],64],[7,2,-447,[4,4278190080]]],[0,"dc/2GTHeVAXJJrYBolPrU5",1,0],[4,4278255590],[5,37.22,39.28],[28.484,-2.161,0,0,0,0,1,1,1,1]],[4,"select",42,[[10,0,-448,[73],74]],[0,"31E6tm8UJMy5gvR+Yy8yzC",1,0],[5,51,43.2],[46.102,-26.987,0,0,0,0,1,1,1,1]],[4,"lv_imgLock",42,[[2,-449,[75],76]],[0,"24R00BFItI4Z2xlGdzi+mC",1,0],[5,26,34],[44.978,-31.485,0,0,0,0,1,1,1,1]],[17,"guankaLab",6,[[-450,[7,3,-451,[4,4278190080]]],1,4],[0,"b1l4QGaZVMA6qCesXnvY6Q",1,0],[5,76.62,43.8],[0,-28.111,0,0,0,0,1,1,1,1]],[19,"lv_imgNolock",100,6,[[2,-452,[89],90]],[0,"28pQGSGeBO25J5dFZTv5Yj",1,0],[5,245,348]],[4,"New Label",22,[[11,"开始游戏",25,25,false,1,1,-453,[91],92],[7,2,-454,[4,4278190080]]],[0,"72yILQUiNCTK/+uBU/NLbw",1,0],[5,104,35.5],[0,17.448,0,0,0,0,1,1,1,1]],[15,"rightPower",22,[-455,-456],[0,"7eXhIprWNO95OX6VkQPi6x",1,0],[5,50,30],[-11.674,-11.494,0,0,0,0,1,1,1,1]],[16,"rightPowercost",91,[[11,"X2",24,28,false,1,1,-457,[95],96],[7,2,-458,[4,4278190080]]],[0,"c0Ri/N76REe401k42kU6Ok",1,0],[4,4278255590],[5,37.22,39.28],[28.484,-2.161,0,0,0,0,1,1,1,1]],[4,"select",43,[[10,0,-459,[105],106]],[0,"3bH1inJG5IvZ2xSHXzVYKi",1,0],[5,51,43.2],[46.102,-26.987,0,0,0,0,1,1,1,1]],[4,"lv_imgLock",43,[[2,-460,[107],108]],[0,"d6XnvoROxHipjVoa+GQuyG",1,0],[5,26,34],[44.978,-31.485,0,0,0,0,1,1,1,1]],[17,"guankaLab",7,[[-461,[7,3,-462,[4,4278190080]]],1,4],[0,"8fsKTWDLJCi7reNuxgdfrE",1,0],[5,76.62,43.8],[0,-28.111,0,0,0,0,1,1,1,1]],[19,"lv_imgNolock",100,7,[[2,-463,[121],122]],[0,"8fMjdcf6VIpJbOA6wQphxc",1,0],[5,245,348]],[4,"New Label",24,[[11,"开始游戏",25,25,false,1,1,-464,[123],124],[7,2,-465,[4,4278190080]]],[0,"32cj3IJJFFh5DlGoznIQRx",1,0],[5,104,35.5],[0,17.448,0,0,0,0,1,1,1,1]],[15,"rightPower",24,[-466,-467],[0,"3dzwoNAwJAX7dICHtlV6d2",1,0],[5,50,30],[-11.674,-11.494,0,0,0,0,1,1,1,1]],[16,"rightPowercost",98,[[11,"X2",24,28,false,1,1,-468,[127],128],[7,2,-469,[4,4278190080]]],[0,"37lJ/cCutN4qtMuhWT8HwG",1,0],[4,4278255590],[5,37.22,39.28],[28.484,-2.161,0,0,0,0,1,1,1,1]],[4,"select",44,[[10,0,-470,[137],138]],[0,"05yIiqj3tALZHy6/WDY5t9",1,0],[5,51,43.2],[46.102,-26.987,0,0,0,0,1,1,1,1]],[4,"lv_imgLock",44,[[2,-471,[139],140]],[0,"69P+McFShPC4BiP8FjAVFa",1,0],[5,26,34],[44.978,-31.485,0,0,0,0,1,1,1,1]],[17,"guankaLab",2,[[-472,[7,3,-473,[4,4278190080]]],1,4],[0,"70/1wPTL9KA5OYToeOTubM",1,0],[5,76.62,43.8],[0,-28.111,0,0,0,0,1,1,1,1]],[19,"lv_imgNolock",100,2,[[2,-474,[155],156]],[0,"1awnEfKXBLBqdISz4PPGsw",1,0],[5,245,348]],[4,"New Label",26,[[11,"开始游戏",25,25,false,1,1,-475,[157],158],[7,2,-476,[4,4278190080]]],[0,"731qQ0GYtA1bQpiXj3xT8v",1,0],[5,104,35.5],[0,17.448,0,0,0,0,1,1,1,1]],[15,"rightPower",26,[-477,-478],[0,"332DJvgdBLtYZer9e+c3bA",1,0],[5,50,30],[-11.674,-11.494,0,0,0,0,1,1,1,1]],[16,"rightPowercost",105,[[11,"X2",24,28,false,1,1,-479,[161],162],[7,2,-480,[4,4278190080]]],[0,"d5bu4InuFCu6PJCOIk7tY4",1,0],[4,4278255590],[5,37.22,39.28],[28.484,-2.161,0,0,0,0,1,1,1,1]],[4,"select",45,[[10,0,-481,[175],176]],[0,"7cCc9//CBP86/zF1wLijVB",1,0],[5,51,43.2],[46.102,-26.987,0,0,0,0,1,1,1,1]],[4,"lv_imgLock",45,[[2,-482,[177],178]],[0,"34hVSRtitFFoCXTDCEiNOI",1,0],[5,26,34],[44.978,-31.485,0,0,0,0,1,1,1,1]],[17,"guankaLab",8,[[-483,[7,3,-484,[4,4278190080]]],1,4],[0,"b19aKYdzJHDKwNGHI3Mab7",1,0],[5,76.62,43.8],[0,-28.111,0,0,0,0,1,1,1,1]],[19,"lv_imgNolock",100,8,[[2,-485,[191],192]],[0,"94tR4ANH9P+arty4BRK5oa",1,0],[5,245,348]],[4,"New Label",28,[[11,"开始游戏",25,25,false,1,1,-486,[193],194],[7,2,-487,[4,4278190080]]],[0,"f1H0mxrypHAJVPPnFfp4J0",1,0],[5,104,35.5],[0,17.448,0,0,0,0,1,1,1,1]],[15,"rightPower",28,[-488,-489],[0,"13NmIMaiVMKYSM1S4F1tCP",1,0],[5,50,30],[-11.674,-11.494,0,0,0,0,1,1,1,1]],[16,"rightPowercost",112,[[11,"X2",24,28,false,1,1,-490,[197],198],[7,2,-491,[4,4278190080]]],[0,"e6UaQG6DhMh7Ei9VCrCnZy",1,0],[4,4278255590],[5,37.22,39.28],[28.484,-2.161,0,0,0,0,1,1,1,1]],[4,"select",46,[[10,0,-492,[207],208]],[0,"994JnTIN9BQbGIyqgLUk3u",1,0],[5,51,43.2],[46.102,-26.987,0,0,0,0,1,1,1,1]],[4,"lv_imgLock",46,[[2,-493,[209],210]],[0,"85+Lao0NBAp6KxjJyhHUWw",1,0],[5,26,34],[44.978,-31.485,0,0,0,0,1,1,1,1]],[17,"guankaLab",9,[[-494,[7,3,-495,[4,4278190080]]],1,4],[0,"7ec4H27xFN8JP5tTG1fR9G",1,0],[5,76.62,43.8],[0,-28.111,0,0,0,0,1,1,1,1]],[19,"lv_imgNolock",100,9,[[2,-496,[223],224]],[0,"45J95zsdlPZ6hFZibORHPw",1,0],[5,245,348]],[4,"New Label",30,[[11,"开始游戏",25,25,false,1,1,-497,[225],226],[7,2,-498,[4,4278190080]]],[0,"14y4CT2YVCp74twAAlqaAv",1,0],[5,104,35.5],[0,17.448,0,0,0,0,1,1,1,1]],[15,"rightPower",30,[-499,-500],[0,"1cXHklsu5LvYo1wDC2CmYK",1,0],[5,50,30],[-11.674,-11.494,0,0,0,0,1,1,1,1]],[16,"rightPowercost",119,[[11,"X2",24,28,false,1,1,-501,[229],230],[7,2,-502,[4,4278190080]]],[0,"46IfW9dEJK8KQazyiDyQKt",1,0],[4,4278255590],[5,37.22,39.28],[28.484,-2.161,0,0,0,0,1,1,1,1]],[4,"select",47,[[10,0,-503,[239],240]],[0,"073qzWc5tECq0ieUyfLgpU",1,0],[5,51,43.2],[46.102,-26.987,0,0,0,0,1,1,1,1]],[4,"lv_imgLock",47,[[2,-504,[241],242]],[0,"269BZVnHdGKo5YDZjdKH3O",1,0],[5,26,34],[44.978,-31.485,0,0,0,0,1,1,1,1]],[17,"guankaLab",10,[[-505,[7,3,-506,[4,4278190080]]],1,4],[0,"3fXifxwARPlKgCH7n579SZ",1,0],[5,76.62,43.8],[0,-28.111,0,0,0,0,1,1,1,1]],[19,"lv_imgNolock",100,10,[[2,-507,[255],256]],[0,"4a2GDIl4FFvLpwXoTj8ICt",1,0],[5,245,348]],[4,"New Label",32,[[11,"开始游戏",25,25,false,1,1,-508,[257],258],[7,2,-509,[4,4278190080]]],[0,"a63RPj38tC7J1Dq3x0ianA",1,0],[5,104,35.5],[0,17.448,0,0,0,0,1,1,1,1]],[15,"rightPower",32,[-510,-511],[0,"ebYkN77XVCPIEA+XvV7w51",1,0],[5,50,30],[-11.674,-11.494,0,0,0,0,1,1,1,1]],[16,"rightPowercost",126,[[11,"X2",24,28,false,1,1,-512,[261],262],[7,2,-513,[4,4278190080]]],[0,"b6AvpO9TxElZ9CDcpRewBX",1,0],[4,4278255590],[5,37.22,39.28],[28.484,-2.161,0,0,0,0,1,1,1,1]],[4,"select",48,[[10,0,-514,[271],272]],[0,"9do4ijW89PR4OrqYqfLwhw",1,0],[5,51,43.2],[46.102,-26.987,0,0,0,0,1,1,1,1]],[4,"lv_imgLock",48,[[2,-515,[273],274]],[0,"5eL1wDqQ9By7rty8Dz8x2D",1,0],[5,26,34],[44.978,-31.485,0,0,0,0,1,1,1,1]],[17,"guankaLab",11,[[-516,[7,3,-517,[4,4278190080]]],1,4],[0,"3duwYJMitM060Nlr7gntTM",1,0],[5,76.62,43.8],[0,-28.111,0,0,0,0,1,1,1,1]],[19,"lv_imgNolock",100,11,[[2,-518,[287],288]],[0,"1a7QGojklH0bN5GZfwW+/n",1,0],[5,245,348]],[4,"New Label",34,[[11,"开始游戏",25,25,false,1,1,-519,[289],290],[7,2,-520,[4,4278190080]]],[0,"86mBecFfdJ3L36PonOQ7b3",1,0],[5,104,35.5],[0,17.448,0,0,0,0,1,1,1,1]],[15,"rightPower",34,[-521,-522],[0,"d61AQiHJRMs7sA0572M9zl",1,0],[5,50,30],[-11.674,-11.494,0,0,0,0,1,1,1,1]],[16,"rightPowercost",133,[[11,"X2",24,28,false,1,1,-523,[293],294],[7,2,-524,[4,4278190080]]],[0,"23hTGQwyxPBYYKJYDucli2",1,0],[4,4278255590],[5,37.22,39.28],[28.484,-2.161,0,0,0,0,1,1,1,1]],[4,"select",49,[[10,0,-525,[303],304]],[0,"0173jAg2BE/I3OFkQCWYlE",1,0],[5,51,43.2],[46.102,-26.987,0,0,0,0,1,1,1,1]],[4,"lv_imgLock",49,[[2,-526,[305],306]],[0,"2301TREUFA2YD1dm7x6gCr",1,0],[5,26,34],[44.978,-31.485,0,0,0,0,1,1,1,1]],[17,"guankaLab",3,[[-527,[7,3,-528,[4,4278190080]]],1,4],[0,"6fFNNzO3xCaaDCHOqtXhlf",1,0],[5,76.62,43.8],[0,-28.111,0,0,0,0,1,1,1,1]],[19,"lv_imgNolock",100,3,[[2,-529,[321],322]],[0,"09y3hu1plC0YuxTbfc9j2u",1,0],[5,245,348]],[4,"New Label",36,[[11,"开始游戏",25,25,false,1,1,-530,[323],324],[7,2,-531,[4,4278190080]]],[0,"95V4LaIuJNRIxig+wpwx8q",1,0],[5,104,35.5],[0,17.448,0,0,0,0,1,1,1,1]],[15,"rightPower",36,[-532,-533],[0,"9fTXXK3MhCDZBzTDfvhuye",1,0],[5,50,30],[-11.674,-11.494,0,0,0,0,1,1,1,1]],[16,"rightPowercost",140,[[11,"X2",24,28,false,1,1,-534,[327],328],[7,2,-535,[4,4278190080]]],[0,"90RBr0YwtC0JK0uXU/Xydl",1,0],[4,4278255590],[5,37.22,39.28],[28.484,-2.161,0,0,0,0,1,1,1,1]],[1,"lv_imgBt1",13,[-536],[0,"45RlYR02pPk5sjzC/xuK7G",1,0],[5,101,87],[-426.415,-276.811,0,0,0,0,1,1,1,1]],[1,"lv_imgHy1",13,[-537],[0,"a9SeATkmdFNo6wbxz3r+e3",1,0],[5,107,85],[-278.599,-206.214,0,0,0,0,1,1,1,1]],[1,"lv_imgYc1",13,[-538],[0,"e6zbAjg8JCv552QQ8k9qRY",1,0],[5,99,76],[-127.337,-228.965,0,0,0,0,1,1,1,1]],[1,"lv_imgWy1",13,[-539],[0,"ccSqTRLT5NYoj66YRrktfA",1,0],[5,78,81],[28.679,-265.904,0,0,0,0,1,1,1,1]],[1,"lv_imgWd1",13,[-540],[0,"9dAFc84u9Py5gAz1f3JNjS",1,0],[5,92,75],[176.185,-234.117,0,0,0,0,1,1,1,1]],[5,"home_icon",14,[-542],[[2,-541,[361],362]],[0,"f1l+k65aZEyJFV3SxOqMyO",1,0],[5,97,36],[0,-35,0,0,0,0,1,1,1,1]],[17,"New Label",147,[[-543,[7,2,-544,[4,4278190080]]],1,4],[0,"80BSJ0vRtEprwxYvxIilrL",1,0],[5,48,32],[0,-1.181,0,0,0,0,1,1,1,1]],[32,"partSelect",1,[39,50],[0,"31qgY4mzVIArE5jaEskmqS",1,0],[5,1280,720]],[33,"part2_select",false,39,[[2,-545,[371],372]],[0,"6e74XovxJE2Zvi2Y7tYqSX",1,0],[5,198,94]],[33,"part1_select",false,50,[[2,-546,[381],382]],[0,"c6sJ5TXmpOqqpoXNK0zFWf",1,0],[5,198,94]],[5,"home_icon",15,[-548],[[2,-547,[389],390]],[0,"4aW+VLecFBaITEBS8z2tqI",1,0],[5,97,36],[0,-35,0,0,0,0,1,1,1,1]],[12,"New Label",152,[[56,"冲关挑战",25,28,false,1,1,2,-549,[387],388],[7,2,-550,[4,4278190080]]],[0,"baeFzVNFVHmauUfcz/TSo5",1,0],[5,104,32]],[4,"power_icon",16,[[2,-551,[397],398],[14,-552,[[9,"bba8c5B9RRFXqNBbFGtKCA0","clickPower",1]]]],[0,"1erFCFmAdMfIqq2F3Bgxuq",1,0],[5,74,74],[-110,-1,0,0,0,0,1,1,1,1]],[16,"title",71,[[11,"-2",30,32,false,1,1,-553,[405],406],[7,2,-554,[4,4278190080]]],[0,"64xC/JCTpI76d9H2r3cDDh",1,0],[4,4284081919],[5,40.99,44.32],[53.511,0,0,0,0,0,1,1.3,1.3,1]],[4,"lv_imgSelect",52,[[2,-555,[0],1]],[0,"ccTQEnoJpGvpvrfpNoSFKO",1,0],[5,1680,543],[0,-194,0,0,0,0,1,1,1,1]],[4,"lv_imgSelect2",53,[[2,-556,[4],5]],[0,"f4JcQakFxK7pFuqNkT2bSV",1,0],[5,1680,543],[0,-194,0,0,0,0,1,1,1,1]],[32,"main",1,[54],[0,"46q052JMxGwqyccEjqrYMF",1,0],[5,1280,720]],[21,"zw002",40,[-557],[0,"83tmKxzT1ICoviNvry48FP",1,0],[4,4278190080],[5,82,85]],[6,159,[8]],[22,"lv_img1",false,4,[-558],[0,"f0YzGoUVBBWY6MZ/djWVFY",1,0],[5,200,152],[-1,75,0,0,0,0,1,1,1,1]],[6,161,[15]],[12,"beltb",56,[[8,2,0,-559,[16],17]],[0,"ee2cFKObFKvokoMuWH682Q",1,0],[5,28.9,139]],[1,"zombieImg",4,[-560],[0,"bffXx1PY9NFK4pPkNZ6f34",1,0],[5,151,132],[25,65,0,0,0,0,1,0.5,0.5,1]],[6,164,[20]],[1,"star_black",4,[-561],[0,"7fvFTZz2FEKZ3/fksCHAdn",1,0],[5,36.8,33.28],[-70,25.984,0,0,0,0,1,1,1,1]],[3,0,166,[21]],[1,"star_black",4,[-562],[0,"c5MwZ2jqdICY2KBQaFR+/7",1,0],[5,36.8,33.28],[-33.2,25.984,0,0,0,0,1,1,1,1]],[3,0,168,[22]],[1,"star_black",4,[-563],[0,"cbkIutkENNc73fM23Ldzfa",1,0],[5,36.8,33.28],[3.6,25.984,0,0,0,0,1,1,1,1]],[3,0,170,[23]],[23,"关卡1",30,30,false,1,1,74,[24]],[4,"powerIcon",77,[[2,-564,[29],30]],[0,"7b7fEM7gJMVIQz64TCe9d/",1,0],[5,74,74],[0,0,0,0,0,0,1,0.4,0.4,1]],[1,"star_win",4,[-565],[0,"40iUKcgzFBn60UyRAjL2B3",1,0],[5,36.8,33.28],[-70,25.984,0,0,0,0,1,1,1,1]],[3,0,174,[35]],[1,"star_win",4,[-566],[0,"aaceGD781Dg5ZR1TjwJXDd",1,0],[5,36.8,33.28],[-33.2,25.984,0,0,0,0,1,1,1,1]],[3,0,176,[36]],[1,"star_win",4,[-567],[0,"a3v8r/ZW5LMb2q6CWg0Qud",1,0],[5,36.8,33.28],[3.6,25.984,0,0,0,0,1,1,1,1]],[3,0,178,[37]],[24,17,162,172,160,73,72,75,18,[167,169,171],[175,177,179],165,56],[21,"zw002",41,[-568],[0,"aaKc9huJtG3qPT1/gSwU0F",1,0],[4,4278190080],[5,82,85]],[6,181,[40]],[22,"lv_img1",false,5,[-569],[0,"bfXQMIKt1Kdps9k/OHmlGj",1,0],[5,200,152],[-1,75,0,0,0,0,1,1,1,1]],[6,183,[47]],[12,"beltb",57,[[8,2,0,-570,[48],49]],[0,"871Y+ttmdDPpn6S52obDv9",1,0],[5,28.9,139]],[1,"zombieImg",5,[-571],[0,"90HlvVHuhNNILxza+MYfz1",1,0],[5,151,132],[25,65,0,0,0,0,1,0.5,0.5,1]],[6,186,[52]],[1,"star_black",5,[-572],[0,"25pgiprE5GM4pchMyBqE0Y",1,0],[5,36.8,33.28],[-70,25.984,0,0,0,0,1,1,1,1]],[3,0,188,[53]],[1,"star_black",5,[-573],[0,"82tZ55ct1PpZ0gaqsHDG1F",1,0],[5,36.8,33.28],[-33.2,25.984,0,0,0,0,1,1,1,1]],[3,0,190,[54]],[1,"star_black",5,[-574],[0,"f9CKKNhjJEx7Wp6dwJIIYp",1,0],[5,36.8,33.28],[3.6,25.984,0,0,0,0,1,1,1,1]],[3,0,192,[55]],[23,"关卡1",30,30,false,1,1,81,[56]],[4,"powerIcon",84,[[2,-575,[61],62]],[0,"cbcfwpZKlIT5SbBdaWGO2v",1,0],[5,74,74],[0,0,0,0,0,0,1,0.4,0.4,1]],[1,"star_win",5,[-576],[0,"d2nuXzqGlFR6psjOnHfzbK",1,0],[5,36.8,33.28],[-70,25.984,0,0,0,0,1,1,1,1]],[3,0,196,[67]],[1,"star_win",5,[-577],[0,"94xLayMphKSZjn4Kbe0+7+",1,0],[5,36.8,33.28],[-33.2,25.984,0,0,0,0,1,1,1,1]],[3,0,198,[68]],[1,"star_win",5,[-578],[0,"f4NHMh+sBPU6rm3nYkbAy6",1,0],[5,36.8,33.28],[3.6,25.984,0,0,0,0,1,1,1,1]],[3,0,200,[69]],[24,19,184,194,182,80,79,82,20,[189,191,193],[197,199,201],187,57],[21,"zw002",42,[-579],[0,"13dF1P/ANHArNYB/RieggX",1,0],[4,4278190080],[5,82,85]],[6,203,[72]],[22,"lv_img1",false,6,[-580],[0,"e8HMNsuLBIMoT+ChceKkUE",1,0],[5,200,152],[-1,75,0,0,0,0,1,1,1,1]],[6,205,[79]],[12,"beltb",58,[[8,2,0,-581,[80],81]],[0,"53PKmmrFxAj6ut6F+rksco",1,0],[5,28.9,139]],[1,"zombieImg",6,[-582],[0,"8a3vgGmO9JULw/2FezLlz9",1,0],[5,151,132],[25,65,0,0,0,0,1,0.5,0.5,1]],[6,208,[84]],[1,"star_black",6,[-583],[0,"e59NIgUsdPJpTF57VUKNi3",1,0],[5,36.8,33.28],[-70,25.984,0,0,0,0,1,1,1,1]],[3,0,210,[85]],[1,"star_black",6,[-584],[0,"62XLl0ho1KAaapNJP1MYvv",1,0],[5,36.8,33.28],[-33.2,25.984,0,0,0,0,1,1,1,1]],[3,0,212,[86]],[1,"star_black",6,[-585],[0,"a4vvys68NAVIaH9ke5olsi",1,0],[5,36.8,33.28],[3.6,25.984,0,0,0,0,1,1,1,1]],[3,0,214,[87]],[23,"关卡1",30,30,false,1,1,88,[88]],[4,"powerIcon",91,[[2,-586,[93],94]],[0,"5avWDg+oJHbKqZTQ7jEE4N",1,0],[5,74,74],[0,0,0,0,0,0,1,0.4,0.4,1]],[1,"star_win",6,[-587],[0,"20wbm6/jFEZ6vVDF47QYh9",1,0],[5,36.8,33.28],[-70,25.984,0,0,0,0,1,1,1,1]],[3,0,218,[99]],[1,"star_win",6,[-588],[0,"c6PggabwBIT5DlgyqPDIzz",1,0],[5,36.8,33.28],[-33.2,25.984,0,0,0,0,1,1,1,1]],[3,0,220,[100]],[1,"star_win",6,[-589],[0,"a4W5+yZ9RAWozMmq0s6jjR",1,0],[5,36.8,33.28],[3.6,25.984,0,0,0,0,1,1,1,1]],[3,0,222,[101]],[24,21,206,216,204,87,86,89,22,[211,213,215],[219,221,223],209,58],[21,"zw002",43,[-590],[0,"3bTTiSfHtGvYK9PERnaRKZ",1,0],[4,4278190080],[5,82,85]],[6,225,[104]],[22,"lv_img1",false,7,[-591],[0,"84+NUd2EhI5qEFHXAYjkeN",1,0],[5,200,152],[-1,75,0,0,0,0,1,1,1,1]],[6,227,[111]],[12,"beltb",59,[[8,2,0,-592,[112],113]],[0,"02SaZE8MtOga4KHZwzHjae",1,0],[5,28.9,139]],[1,"zombieImg",7,[-593],[0,"85g5KP0NxEH5h9oHp2XSg2",1,0],[5,151,132],[25,65,0,0,0,0,1,0.5,0.5,1]],[6,230,[116]],[1,"star_black",7,[-594],[0,"06sTL5dmZBvIwKhCjCc2g5",1,0],[5,36.8,33.28],[-70,25.984,0,0,0,0,1,1,1,1]],[3,0,232,[117]],[1,"star_black",7,[-595],[0,"62pACrNwBPh6psfvsfcVjz",1,0],[5,36.8,33.28],[-33.2,25.984,0,0,0,0,1,1,1,1]],[3,0,234,[118]],[1,"star_black",7,[-596],[0,"0frsZBVsZNPIIQW5cWQYlV",1,0],[5,36.8,33.28],[3.6,25.984,0,0,0,0,1,1,1,1]],[3,0,236,[119]],[23,"关卡1",30,30,false,1,1,95,[120]],[4,"powerIcon",98,[[2,-597,[125],126]],[0,"5eEwDcavpOxLINak9A7/NN",1,0],[5,74,74],[0,0,0,0,0,0,1,0.4,0.4,1]],[1,"star_win",7,[-598],[0,"c3yU/lTIlIirSZtPf7rREg",1,0],[5,36.8,33.28],[-70,25.984,0,0,0,0,1,1,1,1]],[3,0,240,[131]],[1,"star_win",7,[-599],[0,"676SqMp2dMYrfw6FFeeHuz",1,0],[5,36.8,33.28],[-33.2,25.984,0,0,0,0,1,1,1,1]],[3,0,242,[132]],[1,"star_win",7,[-600],[0,"71Q7vhPiBDMoE3qtYWbbFp",1,0],[5,36.8,33.28],[3.6,25.984,0,0,0,0,1,1,1,1]],[3,0,244,[133]],[24,23,228,238,226,94,93,96,24,[233,235,237],[241,243,245],231,59],[21,"zw002",44,[-601],[0,"9cXzPKEsVMMrj4fHEqLoQ9",1,0],[4,4278190080],[5,82,85]],[6,247,[136]],[22,"lv_img1",false,2,[-602],[0,"a9+uZHPnxOr5Yj6S0qLk/7",1,0],[5,200,152],[-1,75,0,0,0,0,1,1,1,1]],[6,249,[143]],[12,"beltb",60,[[8,2,0,-603,[144],145]],[0,"c68APJtAVJeoM94boRQyy3",1,0],[5,28.9,139]],[4,"card_equip",2,[[26,false,-604,[148],149]],[0,"86gCwjDaNOvYci2KrFAjKV",1,0],[5,127,66],[0,172,0,0,0,0,1,1,1,1]],[1,"zombieImg",2,[-605],[0,"eeLQv2Ym5Kf7PEr3J11ROx",1,0],[5,151,132],[25,65,0,0,0,0,1,0.5,0.5,1]],[6,253,[150]],[1,"star_black",2,[-606],[0,"c6QOUPkyxBobOC354BXRMU",1,0],[5,36.8,33.28],[-70,25.984,0,0,0,0,1,1,1,1]],[3,0,255,[151]],[1,"star_black",2,[-607],[0,"31o/zgd+ZPkoU5bGjaUoZ1",1,0],[5,36.8,33.28],[-33.2,25.984,0,0,0,0,1,1,1,1]],[3,0,257,[152]],[1,"star_black",2,[-608],[0,"e7dYxTI0ZI37GP2y5NhU6j",1,0],[5,36.8,33.28],[3.6,25.984,0,0,0,0,1,1,1,1]],[3,0,259,[153]],[23,"关卡1",30,30,false,1,1,102,[154]],[4,"powerIcon",105,[[2,-609,[159],160]],[0,"81vQTn9QxMp6ZTYAms+xzC",1,0],[5,74,74],[0,0,0,0,0,0,1,0.4,0.4,1]],[1,"star_win",2,[-610],[0,"88xoklBRNOArhNQQSEKhyP",1,0],[5,36.8,33.28],[-70,25.984,0,0,0,0,1,1,1,1]],[3,0,263,[165]],[1,"star_win",2,[-611],[0,"6boBg9adVAqrrZfMjd5bPb",1,0],[5,36.8,33.28],[-33.2,25.984,0,0,0,0,1,1,1,1]],[3,0,265,[166]],[1,"star_win",2,[-612],[0,"d1eiLYPydOPb1ZEQEYU8pJ",1,0],[5,36.8,33.28],[3.6,25.984,0,0,0,0,1,1,1,1]],[3,0,267,[167]],[4,"common_pop_ear",2,[[2,-613,[168],169]],[0,"dexHZBT8NDAr1Qg3/9ifTI",1,0],[5,118,57],[-60,180.238,0,0,0,0,1,0.5,0.5,0.76923]],[4,"common_pop_ear",2,[[2,-614,[170],171]],[0,"7aSdXOXbxKlK/BTgA2uJJD",1,0],[5,118,57],[60,180.238,0,0,0,0,1,-0.5,0.5,-0.76923]],[24,25,250,261,248,101,100,103,26,[256,258,260],[264,266,268],254,60],[21,"zw002",45,[-615],[0,"1fszb6JGhHp7jRZ44JKo3Z",1,0],[4,4278190080],[5,82,85]],[6,272,[174]],[22,"lv_img1",false,8,[-616],[0,"a4p8ZNrJxB/plcTEF+dKVj",1,0],[5,200,152],[-1,75,0,0,0,0,1,1,1,1]],[6,274,[181]],[12,"beltb",61,[[8,2,0,-617,[182],183]],[0,"0c44Di5mpHgb2JV3FTCR1W",1,0],[5,28.9,139]],[1,"zombieImg",8,[-618],[0,"94R9GLrStDZqV99A01GWGW",1,0],[5,151,132],[25,65,0,0,0,0,1,0.5,0.5,1]],[6,277,[186]],[1,"star_black",8,[-619],[0,"a6xvjlrzVKY5I99ix1aeJY",1,0],[5,36.8,33.28],[-70,25.984,0,0,0,0,1,1,1,1]],[3,0,279,[187]],[1,"star_black",8,[-620],[0,"b8II2iDtlA76p++Nikyu7A",1,0],[5,36.8,33.28],[-33.2,25.984,0,0,0,0,1,1,1,1]],[3,0,281,[188]],[1,"star_black",8,[-621],[0,"25f2mUv01M0quHczYf5pzK",1,0],[5,36.8,33.28],[3.6,25.984,0,0,0,0,1,1,1,1]],[3,0,283,[189]],[23,"关卡1",30,30,false,1,1,109,[190]],[4,"powerIcon",112,[[2,-622,[195],196]],[0,"0eOtSnILdC1ZTQgCiCj2pX",1,0],[5,74,74],[0,0,0,0,0,0,1,0.4,0.4,1]],[1,"star_win",8,[-623],[0,"9276TElslBi7+Mup09yDkN",1,0],[5,36.8,33.28],[-70,25.984,0,0,0,0,1,1,1,1]],[3,0,287,[201]],[1,"star_win",8,[-624],[0,"62Bt+/cNhBeK1VOi9abTbz",1,0],[5,36.8,33.28],[-33.2,25.984,0,0,0,0,1,1,1,1]],[3,0,289,[202]],[1,"star_win",8,[-625],[0,"caI/xmufdFjYG0dSilv7K4",1,0],[5,36.8,33.28],[3.6,25.984,0,0,0,0,1,1,1,1]],[3,0,291,[203]],[24,27,275,285,273,108,107,110,28,[280,282,284],[288,290,292],278,61],[21,"zw002",46,[-626],[0,"95o4uqLmdKq7lBA4dRPfik",1,0],[4,4278190080],[5,82,85]],[6,294,[206]],[22,"lv_img1",false,9,[-627],[0,"45AiPD6k9GPLal5SHuK1tt",1,0],[5,200,152],[-1,75,0,0,0,0,1,1,1,1]],[6,296,[213]],[12,"beltb",62,[[8,2,0,-628,[214],215]],[0,"72JoywZMBLsLXsNzVmu9dG",1,0],[5,28.9,139]],[1,"zombieImg",9,[-629],[0,"63MvX2VYFCgohMX4jn4ds+",1,0],[5,151,132],[25,65,0,0,0,0,1,0.5,0.5,1]],[6,299,[218]],[1,"star_black",9,[-630],[0,"d9k7KX6ytL0rbQDMZ6U8vh",1,0],[5,36.8,33.28],[-70,25.984,0,0,0,0,1,1,1,1]],[3,0,301,[219]],[1,"star_black",9,[-631],[0,"09kztiY5VB5LSyV+MVO+m9",1,0],[5,36.8,33.28],[-33.2,25.984,0,0,0,0,1,1,1,1]],[3,0,303,[220]],[1,"star_black",9,[-632],[0,"fas9vMtjhLvpXUtabco/gK",1,0],[5,36.8,33.28],[3.6,25.984,0,0,0,0,1,1,1,1]],[3,0,305,[221]],[23,"关卡1",30,30,false,1,1,116,[222]],[4,"powerIcon",119,[[2,-633,[227],228]],[0,"67681x6LtJuLsVMG82wEwl",1,0],[5,74,74],[0,0,0,0,0,0,1,0.4,0.4,1]],[1,"star_win",9,[-634],[0,"75n+FJ59NFLppdddSkBgRh",1,0],[5,36.8,33.28],[-70,25.984,0,0,0,0,1,1,1,1]],[3,0,309,[233]],[1,"star_win",9,[-635],[0,"01ZYLS4npFCKMAVqhD/3/W",1,0],[5,36.8,33.28],[-33.2,25.984,0,0,0,0,1,1,1,1]],[3,0,311,[234]],[1,"star_win",9,[-636],[0,"997Wnydm9K3IVNieEZ3lL9",1,0],[5,36.8,33.28],[3.6,25.984,0,0,0,0,1,1,1,1]],[3,0,313,[235]],[24,29,297,307,295,115,114,117,30,[302,304,306],[310,312,314],300,62],[21,"zw002",47,[-637],[0,"f6/xb6CbFBxIXxDPzRakUE",1,0],[4,4278190080],[5,82,85]],[6,316,[238]],[22,"lv_img1",false,10,[-638],[0,"09d3hb6TdEIJoSOfAdxhPC",1,0],[5,200,152],[-1,75,0,0,0,0,1,1,1,1]],[6,318,[245]],[12,"beltb",63,[[8,2,0,-639,[246],247]],[0,"a1MPEINE9EebiJAvuDFknn",1,0],[5,28.9,139]],[1,"zombieImg",10,[-640],[0,"66FmsLyJ9PSLxX70W6cdVY",1,0],[5,151,132],[25,65,0,0,0,0,1,0.5,0.5,1]],[6,321,[250]],[1,"star_black",10,[-641],[0,"7ex9M+rZREa7Jdm+jy1HZM",1,0],[5,36.8,33.28],[-70,25.984,0,0,0,0,1,1,1,1]],[3,0,323,[251]],[1,"star_black",10,[-642],[0,"abqPhsjKVI1KyW9igKYRxH",1,0],[5,36.8,33.28],[-33.2,25.984,0,0,0,0,1,1,1,1]],[3,0,325,[252]],[1,"star_black",10,[-643],[0,"cd1Sd4DF5GJKL0PycVeiQI",1,0],[5,36.8,33.28],[3.6,25.984,0,0,0,0,1,1,1,1]],[3,0,327,[253]],[23,"关卡1",30,30,false,1,1,123,[254]],[4,"powerIcon",126,[[2,-644,[259],260]],[0,"88ylBp/VJIjLBu4PBWbLpV",1,0],[5,74,74],[0,0,0,0,0,0,1,0.4,0.4,1]],[1,"star_win",10,[-645],[0,"c39RGeuaVGObSO5xXWbJyP",1,0],[5,36.8,33.28],[-70,25.984,0,0,0,0,1,1,1,1]],[3,0,331,[265]],[1,"star_win",10,[-646],[0,"daY1swQaJDBamjulxZ4yvb",1,0],[5,36.8,33.28],[-33.2,25.984,0,0,0,0,1,1,1,1]],[3,0,333,[266]],[1,"star_win",10,[-647],[0,"e5WAB4hzFKh6RtRAI2l8gH",1,0],[5,36.8,33.28],[3.6,25.984,0,0,0,0,1,1,1,1]],[3,0,335,[267]],[24,31,319,329,317,122,121,124,32,[324,326,328],[332,334,336],322,63],[21,"zw002",48,[-648],[0,"66GKcor4xFPbvDjLzNnLHd",1,0],[4,4278190080],[5,82,85]],[6,338,[270]],[22,"lv_img1",false,11,[-649],[0,"b0UdInz19Kc6wk6UpF5OpZ",1,0],[5,200,152],[-1,75,0,0,0,0,1,1,1,1]],[6,340,[277]],[12,"beltb",64,[[8,2,0,-650,[278],279]],[0,"86IK7YDJRJRJcZFlBP6piX",1,0],[5,28.9,139]],[1,"zombieImg",11,[-651],[0,"6fwkGoGphACqqEB5OxmXQT",1,0],[5,151,132],[25,65,0,0,0,0,1,0.5,0.5,1]],[6,343,[282]],[1,"star_black",11,[-652],[0,"00ynFusMNIYqSXx0juEo5C",1,0],[5,36.8,33.28],[-70,25.984,0,0,0,0,1,1,1,1]],[3,0,345,[283]],[1,"star_black",11,[-653],[0,"effy64ZtFN45Yy1Bkqqr63",1,0],[5,36.8,33.28],[-33.2,25.984,0,0,0,0,1,1,1,1]],[3,0,347,[284]],[1,"star_black",11,[-654],[0,"e1Ue6lFc5HlphFq5iUG5wp",1,0],[5,36.8,33.28],[3.6,25.984,0,0,0,0,1,1,1,1]],[3,0,349,[285]],[23,"关卡1",30,30,false,1,1,130,[286]],[4,"powerIcon",133,[[2,-655,[291],292]],[0,"f66tV44WhC/YLm8rigk08I",1,0],[5,74,74],[0,0,0,0,0,0,1,0.4,0.4,1]],[1,"star_win",11,[-656],[0,"6aYuC62PZJjpLCyxOop/+g",1,0],[5,36.8,33.28],[-70,25.984,0,0,0,0,1,1,1,1]],[3,0,353,[297]],[1,"star_win",11,[-657],[0,"dezd5seGFIsosAVO6+e9fh",1,0],[5,36.8,33.28],[-33.2,25.984,0,0,0,0,1,1,1,1]],[3,0,355,[298]],[1,"star_win",11,[-658],[0,"2565DIeF9ABKh6PXs/HtO3",1,0],[5,36.8,33.28],[3.6,25.984,0,0,0,0,1,1,1,1]],[3,0,357,[299]],[24,33,341,351,339,129,128,131,34,[346,348,350],[354,356,358],344,64],[21,"zw002",49,[-659],[0,"5adOBGbWJBKLHj7VsCPf2h",1,0],[4,4278190080],[5,82,85]],[6,360,[302]],[22,"lv_img1",false,3,[-660],[0,"8aNH0K/P5Ml6NXgzCoyR3q",1,0],[5,200,152],[-1,75,0,0,0,0,1,1,1,1]],[6,362,[309]],[12,"beltb",65,[[8,2,0,-661,[310],311]],[0,"188oh0N/9Cib1ctJBPFo9/",1,0],[5,28.9,139]],[4,"card_equip",3,[[26,false,-662,[314],315]],[0,"a3HiMAIW5GzpHveqiyG1ij",1,0],[5,127,66],[0,172,0,0,0,0,1,1,1,1]],[1,"zombieImg",3,[-663],[0,"85SlCwBVhHrp+jpm4aUTDt",1,0],[5,151,132],[25,65,0,0,0,0,1,0.5,0.5,1]],[6,366,[316]],[1,"star_black",3,[-664],[0,"e9NQnzn2VLSrsv9QTJGjkC",1,0],[5,36.8,33.28],[-70,25.984,0,0,0,0,1,1,1,1]],[3,0,368,[317]],[1,"star_black",3,[-665],[0,"bdKK01PzxC1aRbPMD1Ct4H",1,0],[5,36.8,33.28],[-33.2,25.984,0,0,0,0,1,1,1,1]],[3,0,370,[318]],[1,"star_black",3,[-666],[0,"47WmxOA5dO4JXvcFNL4Bur",1,0],[5,36.8,33.28],[3.6,25.984,0,0,0,0,1,1,1,1]],[3,0,372,[319]],[23,"关卡1",30,30,false,1,1,137,[320]],[4,"powerIcon",140,[[2,-667,[325],326]],[0,"e9Am+Qa09CXqtAROnNgbAn",1,0],[5,74,74],[0,0,0,0,0,0,1,0.4,0.4,1]],[1,"star_win",3,[-668],[0,"e077owZv5PHZ7ecNYVKbni",1,0],[5,36.8,33.28],[-70,25.984,0,0,0,0,1,1,1,1]],[3,0,376,[331]],[1,"star_win",3,[-669],[0,"c9ucp2zPtJ54eHp/Xlrixe",1,0],[5,36.8,33.28],[-33.2,25.984,0,0,0,0,1,1,1,1]],[3,0,378,[332]],[1,"star_win",3,[-670],[0,"55MCxrOl5H5KyMt/9hYgt8",1,0],[5,36.8,33.28],[3.6,25.984,0,0,0,0,1,1,1,1]],[3,0,380,[333]],[4,"common_pop_ear",3,[[2,-671,[334],335]],[0,"76tq3OLuVDTKXnUmQTJeZV",1,0],[5,118,57],[60,180.238,0,0,0,0,1,-0.5,0.5,1]],[4,"common_pop_ear",3,[[2,-672,[336],337]],[0,"d9U3zehQpLVaQDJkvATxOU",1,0],[5,118,57],[-60,180.238,0,0,0,0,1,0.5,0.5,1]],[24,35,363,374,361,136,135,138,36,[369,371,373],[377,379,381],367,65],[59,false,0.75,0.1,null,null,54,[[9,"bba8c5B9RRFXqNBbFGtKCA0","scrollEvent",1]],12],[3,0,142,[344]],[25,"lv_imgBtNode",13,[0,"adKyQmi/xGmo78oQsaA1X9",1,0],[5,132,102],[-426.415,-276.811,0,0,0,0,1,1,1,1]],[6,143,[345]],[25,"lv_imgHyBtnNode",13,[0,"39sAk3UclHZYaOG0eElo4U",1,0],[5,148,71],[-278.599,-206.214,0,0,0,0,1,1,1,1]],[6,144,[346]],[25,"lv_imgYcBtnNode",13,[0,"8anQmfgfxEWL/NNy4xYXFW",1,0],[5,138,69],[-127.337,-228.965,0,0,0,0,1,1,1,1]],[6,145,[347]],[25,"lv_imgWyBtnNode",13,[0,"c9wd6ld2lPRYwFqKqeHRKp",1,0],[5,121,94],[28.679,-265.904,0,0,0,0,1,1,1,1]],[6,146,[348]],[25,"lv_imgWdBtnNode",13,[0,"55gq+VZnFPEr0/BIq9uLkb",1,0],[5,109,84],[176.185,-234.117,0,0,0,0,1,1,1,1]],[12,"lv_imgJt",37,[[2,-673,[349],350]],[0,"a5bfebbStJQKl7GC/RxxEV",1,0],[5,71,64]],[4,"win_star",38,[[2,-674,[353],354]],[0,"2bcp8cNPZEAKbj0ho6z4UY",1,0],[5,112,102],[-110,-1,0,0,0,0,1,0.79,0.79,1]],[1,"star_count",38,[-675],[0,"bdOMmZBSNOfLatndDif75/",1,0],[5,107.05,47.88],[15,0,0,0,0,0,1,1,1,1]],[30,"0/1234",35,38,1,1,398,[355]],[4,"sign_btn",14,[[2,-676,[358],359]],[0,"4daVwJZsFPWJLrC4R6+4hw",1,0],[5,86,77],[3.543,12.914,0,0,0,0,1,1,1,1]],[57,"录屏",22,28,false,1,1,2,148,[360]],[4,"byte_8",67,[[2,-677,[363],364]],[0,"37jTNDFI9NaI6Kh1sSR5eN",1,0],[5,94,55],[-0.871,5.057,0,0,0,0,1,1,1,1]],[4,"part2_normal",39,[[26,false,-678,[369],370]],[0,"d2vfT/u5RLwoVybmSUk3J1",1,0],[5,98,42],[-1,0,0,0,0,0,1,1,1,1]],[4,"tip",68,[[2,-679,[373],374]],[0,"c4Ns2pxKpDnLQjxu8V0FHV",1,0],[5,38,52],[3.459,6.918,0,0,0,0,1,1,1,1]],[12,"part1_normal",50,[[26,false,-680,[379],380]],[0,"37E1NpRP9OZZT5f/yPD56W",1,0],[5,98,43]],[4,"sign_btn",15,[[2,-681,[385],386]],[0,"fa7Ycp1kxDnqUn80Bv9+Tn",1,0],[5,103,107],[0,5.721,0,0,0,0,1,1,1,1]],[4,"redTip",69,[[2,-682,[391],392]],[0,"6b5U6p9wBOH4mMWLm0u/26",1,0],[5,38,52],[3.459,6.918,0,0,0,0,1,1,1,1]],[4,"power_add",70,[[2,-683,[399],400]],[0,"e8OFdtTkRN2LdrFmRxiy3t",1,0],[5,30,30],[-46.352,1.393,0,0,0,0,1,1,1,1]],[41,"power_left",70,[-684],[0,"8eEJPQ1UVOG5kH2kububb1",1,0],[5,0,25.2],[0,1,0.5],[24.352,1.062,0,0,0,0,1,1,1,1]],[58,20,20,1,1,409,[401]],[1,"power_lab",16,[-685],[0,"45yABY4Y9OgozEkx+d2SQH",1,0],[5,87.59,47.88],[-4,0,0,0,0,0,1,1,1,1]],[30,"15/20",35,38,1,1,411,[404]],[4,"coin_icon",51,[[2,-686,[411],412]],[0,"1012MScuJPF5oRs+aBX3LU",1,0],[5,83,68],[-99,5,0,0,0,0,1,1,1,1]],[42,"coin_count",51,[-687],[0,"c0vpyi4bNJh7ybgKDxAFjJ",1,0],[4,4278190080],[5,153.21,40.32],[0,1,0.5],[123,1,0,0,0,0,1,1,1,1]],[30,"123,123456",29,32,1,1,414,[413]]],0,[0,6,1,0,0,1,0,0,1,0,7,16,0,8,415,0,9,68,0,10,14,0,11,38,0,12,37,0,13,13,0,14,150,0,15,151,0,16,39,0,17,50,0,18,53,0,19,52,0,20,66,0,21,12,0,22,385,0,-1,180,0,-2,202,0,-3,224,0,-4,246,0,-5,271,0,-6,293,0,-7,315,0,-8,337,0,-9,359,0,-10,384,0,23,399,0,24,146,0,25,145,0,26,144,0,27,143,0,28,142,0,29,15,0,-1,386,0,-2,388,0,-3,390,0,-4,392,0,-5,394,0,-1,387,0,-2,389,0,-3,391,0,-4,393,0,-5,395,0,0,1,0,-1,52,0,-2,53,0,-3,158,0,-4,13,0,-5,37,0,-6,38,0,-7,14,0,-8,149,0,-9,15,0,-10,16,0,-11,51,0,0,2,0,-1,44,0,-2,249,0,-3,60,0,-4,252,0,-5,253,0,-6,255,0,-7,257,0,-8,259,0,-9,102,0,-10,103,0,-11,26,0,-12,263,0,-13,265,0,-14,267,0,-15,269,0,-16,270,0,0,3,0,-1,49,0,-2,362,0,-3,65,0,-4,365,0,-5,366,0,-6,368,0,-7,370,0,-8,372,0,-9,137,0,-10,138,0,-11,36,0,-12,376,0,-13,378,0,-14,380,0,-15,382,0,-16,383,0,0,4,0,-1,40,0,-2,161,0,-3,56,0,-4,164,0,-5,166,0,-6,168,0,-7,170,0,-8,74,0,-9,75,0,-10,18,0,-11,174,0,-12,176,0,-13,178,0,0,5,0,-1,41,0,-2,183,0,-3,57,0,-4,186,0,-5,188,0,-6,190,0,-7,192,0,-8,81,0,-9,82,0,-10,20,0,-11,196,0,-12,198,0,-13,200,0,0,6,0,-1,42,0,-2,205,0,-3,58,0,-4,208,0,-5,210,0,-6,212,0,-7,214,0,-8,88,0,-9,89,0,-10,22,0,-11,218,0,-12,220,0,-13,222,0,0,7,0,-1,43,0,-2,227,0,-3,59,0,-4,230,0,-5,232,0,-6,234,0,-7,236,0,-8,95,0,-9,96,0,-10,24,0,-11,240,0,-12,242,0,-13,244,0,0,8,0,-1,45,0,-2,274,0,-3,61,0,-4,277,0,-5,279,0,-6,281,0,-7,283,0,-8,109,0,-9,110,0,-10,28,0,-11,287,0,-12,289,0,-13,291,0,0,9,0,-1,46,0,-2,296,0,-3,62,0,-4,299,0,-5,301,0,-6,303,0,-7,305,0,-8,116,0,-9,117,0,-10,30,0,-11,309,0,-12,311,0,-13,313,0,0,10,0,-1,47,0,-2,318,0,-3,63,0,-4,321,0,-5,323,0,-6,325,0,-7,327,0,-8,123,0,-9,124,0,-10,32,0,-11,331,0,-12,333,0,-13,335,0,0,11,0,-1,48,0,-2,340,0,-3,64,0,-4,343,0,-5,345,0,-6,347,0,-7,349,0,-8,130,0,-9,131,0,-10,34,0,-11,353,0,-12,355,0,-13,357,0,0,12,0,-1,17,0,-2,19,0,-3,21,0,-4,23,0,-5,25,0,-6,27,0,-7,29,0,-8,31,0,-9,33,0,-10,35,0,-1,66,0,-2,142,0,-3,387,0,-4,143,0,-5,389,0,-6,144,0,-7,391,0,-8,145,0,-9,393,0,-10,146,0,-11,395,0,0,14,0,4,14,0,0,14,0,30,67,0,31,401,0,0,14,0,0,14,0,-1,400,0,-2,147,0,-3,67,0,0,15,0,0,15,0,32,69,0,0,15,0,0,15,0,-1,406,0,-2,152,0,-3,69,0,0,16,0,0,16,0,33,410,0,34,71,0,35,412,0,0,16,0,-1,154,0,-2,70,0,-3,411,0,-4,71,0,-1,180,0,4,17,0,0,17,0,0,18,0,0,18,0,-1,76,0,-2,77,0,-1,202,0,4,19,0,0,19,0,0,20,0,0,20,0,-1,83,0,-2,84,0,-1,224,0,4,21,0,0,21,0,0,22,0,0,22,0,-1,90,0,-2,91,0,-1,246,0,4,23,0,0,23,0,0,24,0,0,24,0,-1,97,0,-2,98,0,-1,271,0,4,25,0,0,25,0,0,26,0,0,26,0,-1,104,0,-2,105,0,-1,293,0,4,27,0,0,27,0,0,28,0,0,28,0,-1,111,0,-2,112,0,-1,315,0,4,29,0,0,29,0,0,30,0,0,30,0,-1,118,0,-2,119,0,-1,337,0,4,31,0,0,31,0,0,32,0,0,32,0,-1,125,0,-2,126,0,-1,359,0,4,33,0,0,33,0,0,34,0,0,34,0,-1,132,0,-2,133,0,-1,384,0,4,35,0,0,35,0,0,36,0,0,36,0,-1,139,0,-2,140,0,0,37,0,0,37,0,0,37,0,-1,396,0,0,38,0,0,38,0,-1,397,0,-2,398,0,0,39,0,-1,403,0,-2,150,0,-3,68,0,0,40,0,-1,159,0,-2,72,0,-3,73,0,0,41,0,-1,181,0,-2,79,0,-3,80,0,0,42,0,-1,203,0,-2,86,0,-3,87,0,0,43,0,-1,225,0,-2,93,0,-3,94,0,0,44,0,-1,247,0,-2,100,0,-3,101,0,0,45,0,-1,272,0,-2,107,0,-3,108,0,0,46,0,-1,294,0,-2,114,0,-3,115,0,0,47,0,-1,316,0,-2,121,0,-3,122,0,0,48,0,-1,338,0,-2,128,0,-3,129,0,0,49,0,-1,360,0,-2,135,0,-3,136,0,0,50,0,-1,405,0,-2,151,0,0,51,0,0,51,0,-1,413,0,-2,414,0,0,52,0,-1,156,0,0,53,0,-1,157,0,0,54,0,-2,385,0,-1,55,0,0,55,0,0,55,0,0,56,0,-1,163,0,0,57,0,-1,185,0,0,58,0,-1,207,0,0,59,0,-1,229,0,0,60,0,-1,251,0,0,61,0,-1,276,0,0,62,0,-1,298,0,0,63,0,-1,320,0,0,64,0,-1,342,0,0,65,0,-1,364,0,0,66,0,0,66,0,0,67,0,-1,402,0,0,68,0,-1,404,0,0,69,0,-1,407,0,0,70,0,-1,408,0,-2,409,0,0,71,0,-1,155,0,0,72,0,0,73,0,-1,172,0,0,74,0,0,75,0,0,76,0,0,76,0,-1,173,0,-2,78,0,0,78,0,0,78,0,0,79,0,0,80,0,-1,194,0,0,81,0,0,82,0,0,83,0,0,83,0,-1,195,0,-2,85,0,0,85,0,0,85,0,0,86,0,0,87,0,-1,216,0,0,88,0,0,89,0,0,90,0,0,90,0,-1,217,0,-2,92,0,0,92,0,0,92,0,0,93,0,0,94,0,-1,238,0,0,95,0,0,96,0,0,97,0,0,97,0,-1,239,0,-2,99,0,0,99,0,0,99,0,0,100,0,0,101,0,-1,261,0,0,102,0,0,103,0,0,104,0,0,104,0,-1,262,0,-2,106,0,0,106,0,0,106,0,0,107,0,0,108,0,-1,285,0,0,109,0,0,110,0,0,111,0,0,111,0,-1,286,0,-2,113,0,0,113,0,0,113,0,0,114,0,0,115,0,-1,307,0,0,116,0,0,117,0,0,118,0,0,118,0,-1,308,0,-2,120,0,0,120,0,0,120,0,0,121,0,0,122,0,-1,329,0,0,123,0,0,124,0,0,125,0,0,125,0,-1,330,0,-2,127,0,0,127,0,0,127,0,0,128,0,0,129,0,-1,351,0,0,130,0,0,131,0,0,132,0,0,132,0,-1,352,0,-2,134,0,0,134,0,0,134,0,0,135,0,0,136,0,-1,374,0,0,137,0,0,138,0,0,139,0,0,139,0,-1,375,0,-2,141,0,0,141,0,0,141,0,-1,386,0,-1,388,0,-1,390,0,-1,392,0,-1,394,0,0,147,0,-1,148,0,-1,401,0,0,148,0,0,150,0,0,151,0,0,152,0,-1,153,0,0,153,0,0,153,0,0,154,0,0,154,0,0,155,0,0,155,0,0,156,0,0,157,0,-1,160,0,-1,162,0,0,163,0,-1,165,0,-1,167,0,-1,169,0,-1,171,0,0,173,0,-1,175,0,-1,177,0,-1,179,0,-1,182,0,-1,184,0,0,185,0,-1,187,0,-1,189,0,-1,191,0,-1,193,0,0,195,0,-1,197,0,-1,199,0,-1,201,0,-1,204,0,-1,206,0,0,207,0,-1,209,0,-1,211,0,-1,213,0,-1,215,0,0,217,0,-1,219,0,-1,221,0,-1,223,0,-1,226,0,-1,228,0,0,229,0,-1,231,0,-1,233,0,-1,235,0,-1,237,0,0,239,0,-1,241,0,-1,243,0,-1,245,0,-1,248,0,-1,250,0,0,251,0,0,252,0,-1,254,0,-1,256,0,-1,258,0,-1,260,0,0,262,0,-1,264,0,-1,266,0,-1,268,0,0,269,0,0,270,0,-1,273,0,-1,275,0,0,276,0,-1,278,0,-1,280,0,-1,282,0,-1,284,0,0,286,0,-1,288,0,-1,290,0,-1,292,0,-1,295,0,-1,297,0,0,298,0,-1,300,0,-1,302,0,-1,304,0,-1,306,0,0,308,0,-1,310,0,-1,312,0,-1,314,0,-1,317,0,-1,319,0,0,320,0,-1,322,0,-1,324,0,-1,326,0,-1,328,0,0,330,0,-1,332,0,-1,334,0,-1,336,0,-1,339,0,-1,341,0,0,342,0,-1,344,0,-1,346,0,-1,348,0,-1,350,0,0,352,0,-1,354,0,-1,356,0,-1,358,0,-1,361,0,-1,363,0,0,364,0,0,365,0,-1,367,0,-1,369,0,-1,371,0,-1,373,0,0,375,0,-1,377,0,-1,379,0,-1,381,0,0,382,0,0,383,0,0,396,0,0,397,0,-1,399,0,0,400,0,0,402,0,0,403,0,0,404,0,0,405,0,0,406,0,0,407,0,0,408,0,-1,410,0,-1,412,0,0,413,0,-1,415,0,36,1,2,3,25,3,3,35,4,3,17,5,3,19,6,3,21,7,3,23,8,3,27,9,3,29,10,3,31,11,3,33,12,3,55,39,3,149,50,3,149,54,3,158,687],[0,0,0,0,0,0,0,0,0,0,0,0,0,0,0,0,0,0,0,0,0,0,0,0,0,0,0,0,0,0,0,0,0,0,0,0,0,0,0,0,0,0,0,0,0,0,0,0,0,0,0,0,0,0,0,0,0,0,0,0,0,0,0,0,0,0,0,0,0,0,0,0,0,0,0,0,0,0,0,0,0,0,0,0,0,0,0,0,0,0,0,0,0,0,0,0,0,0,0,0,0,0,0,0,0,0,0,0,0,0,0,0,0,0,0,0,0,0,0,0,0,0,0,0,0,0,0,0,0,0,0,0,0,0,0,0,0,0,0,0,0,0,0,0,0,0,0,0,0,0,0,0,0,0,0,0,0,0,0,0,0,0,0,0,0,0,0,0,0,0,0,0,0,0,0,0,0,0,0,0,0,0,0,0,0,0,0,0,0,0,0,0,0,0,0,0,0,0,0,0,0,0,0,0,0,0,0,0,0,0,0,0,0,0,0,0,0,0,0,0,0,0,0,0,0,0,0,0,0,0,0,0,0,0,0,0,0,0,0,0,0,0,0,0,0,0,0,0,0,0,0,0,0,0,0,0,0,0,0,0,0,0,0,0,0,0,0,0,0,0,0,0,0,0,0,0,0,0,0,0,0,0,0,0,0,0,0,0,0,0,0,0,0,0,0,0,0,0,0,0,0,0,0,0,0,0,0,0,0,0,0,0,0,0,0,0,0,0,0,0,0,0,0,0,0,0,0,0,0,0,0,0,0,0,0,0,0,0,0,0,0,0,0,0,0,0,0,0,0,0,0,0,0,0,0,0,0,0,0,0,0,0,0,0,0,0,0,0,0,0,0,0,0,0,0,0,0,0,0,0,0,0,0,0,0,0,0,0,0,0,0,0,0,0,0,0,0,0,0,0,0,0,0,0,0,0,0,0,0,0,0,0,0,0,0,0,0,0,0,0,0,0,0,0,0,0,162,165,167,169,171,172,175,177,179,184,187,189,191,193,194,197,199,201,206,209,211,213,215,216,219,221,223,228,231,233,235,237,238,241,243,245,250,254,256,258,260,261,264,266,268,275,278,280,282,284,285,288,290,292,297,300,302,304,306,307,310,312,314,319,322,324,326,328,329,332,334,336,341,344,346,348,350,351,354,356,358,363,367,369,371,373,374,377,379,381,386,388,390,392,394,401],[-1,1,-1,1,-1,1,-1,1,-1,-1,1,-1,1,-1,1,-1,-1,1,-1,1,-1,-1,-1,-1,-1,-1,1,-1,2,-1,1,-1,2,-1,1,-1,-1,-1,-1,1,-1,-1,1,-1,1,-1,1,-1,-1,1,-1,1,-1,-1,-1,-1,-1,-1,1,-1,2,-1,1,-1,2,-1,1,-1,-1,-1,-1,1,-1,-1,1,-1,1,-1,1,-1,-1,1,-1,1,-1,-1,-1,-1,-1,-1,1,-1,2,-1,1,-1,2,-1,1,-1,-1,-1,-1,1,-1,-1,1,-1,1,-1,1,-1,-1,1,-1,1,-1,-1,-1,-1,-1,-1,1,-1,2,-1,1,-1,2,-1,1,-1,-1,-1,-1,1,-1,-1,1,-1,1,-1,1,-1,-1,1,-1,1,-1,1,-1,-1,-1,-1,-1,-1,1,-1,2,-1,1,-1,2,-1,1,-1,-1,-1,-1,1,-1,1,-1,1,-1,-1,1,-1,1,-1,1,-1,-1,1,-1,1,-1,-1,-1,-1,-1,-1,1,-1,2,-1,1,-1,2,-1,1,-1,-1,-1,-1,1,-1,-1,1,-1,1,-1,1,-1,-1,1,-1,1,-1,-1,-1,-1,-1,-1,1,-1,2,-1,1,-1,2,-1,1,-1,-1,-1,-1,1,-1,-1,1,-1,1,-1,1,-1,-1,1,-1,1,-1,-1,-1,-1,-1,-1,1,-1,2,-1,1,-1,2,-1,1,-1,-1,-1,-1,1,-1,-1,1,-1,1,-1,1,-1,-1,1,-1,1,-1,-1,-1,-1,-1,-1,1,-1,2,-1,1,-1,2,-1,1,-1,-1,-1,-1,1,-1,-1,1,-1,1,-1,1,-1,-1,1,-1,1,-1,1,-1,-1,-1,-1,-1,-1,1,-1,2,-1,1,-1,2,-1,1,-1,-1,-1,-1,1,-1,1,-1,1,-1,-1,-1,1,-1,-1,-1,-1,-1,-1,1,-1,1,-1,1,-1,-1,1,-1,1,-1,-1,1,-1,1,-1,1,-1,1,-1,1,-1,1,-1,1,-1,1,-1,1,-1,1,-1,1,-1,1,-1,1,-1,2,-1,1,-1,1,-1,1,-1,1,-1,1,-1,1,-1,-1,1,-1,-1,2,-1,1,-1,1,-1,1,-1,-1,1,-1,-2,-3,-4,-5,-6,-7,-8,-9,-10,1,1,1,1,1,2,1,1,1,1,1,1,1,1,2,1,1,1,1,1,1,1,1,2,1,1,1,1,1,1,1,1,2,1,1,1,1,1,1,1,1,2,1,1,1,1,1,1,1,1,2,1,1,1,1,1,1,1,1,2,1,1,1,1,1,1,1,1,2,1,1,1,1,1,1,1,1,2,1,1,1,1,1,1,1,1,2,1,1,1,1,1,1,1,1,2],[0,18,0,29,0,18,0,30,0,0,5,0,6,0,7,0,0,8,0,9,0,0,0,0,0,0,10,0,1,0,4,0,1,0,11,0,0,0,0,12,0,0,5,0,6,0,7,0,0,8,0,9,0,0,0,0,0,0,10,0,1,0,4,0,1,0,11,0,0,0,0,12,0,0,5,0,6,0,7,0,0,8,0,9,0,0,0,0,0,0,10,0,1,0,4,0,1,0,11,0,0,0,0,12,0,0,5,0,6,0,7,0,0,8,0,9,0,0,0,0,0,0,10,0,1,0,4,0,1,0,11,0,0,0,0,12,0,0,5,0,6,0,7,0,0,8,0,9,0,19,0,0,0,0,0,0,10,0,1,0,4,0,1,0,11,0,0,0,0,15,0,15,0,12,0,0,5,0,6,0,7,0,0,8,0,9,0,0,0,0,0,0,10,0,1,0,4,0,1,0,11,0,0,0,0,12,0,0,5,0,6,0,7,0,0,8,0,9,0,0,0,0,0,0,10,0,1,0,4,0,1,0,11,0,0,0,0,12,0,0,5,0,6,0,7,0,0,8,0,9,0,0,0,0,0,0,10,0,1,0,4,0,1,0,11,0,0,0,0,12,0,0,5,0,6,0,7,0,0,8,0,9,0,0,0,0,0,0,10,0,1,0,4,0,1,0,11,0,0,0,0,12,0,0,5,0,6,0,7,0,0,8,0,9,0,19,0,0,0,0,0,0,10,0,1,0,4,0,1,0,11,0,0,0,0,15,0,15,0,12,0,0,0,31,0,0,0,0,0,0,32,0,16,0,2,0,0,20,0,33,0,0,21,0,34,0,17,0,16,0,35,0,36,0,22,0,17,0,37,0,38,0,39,0,40,0,41,0,1,0,21,0,22,0,17,0,16,0,4,0,42,0,0,43,0,0,1,0,4,0,20,0,44,0,0,45,23,46,24,47,25,48,26,49,27,50,13,14,3,3,3,1,2,2,2,13,14,3,3,3,1,2,2,2,13,14,3,3,3,1,2,2,2,13,14,3,3,3,1,2,2,2,13,14,3,3,3,1,2,2,2,13,14,3,3,3,1,2,2,2,13,14,3,3,3,1,2,2,2,13,14,3,3,3,1,2,2,2,13,14,3,3,3,1,2,2,2,13,14,3,3,3,1,2,2,2,23,24,25,26,27,1]],[[{"name":"lv_bg2","rect":[0,0,1680,720],"offset":[0,0],"originalSize":[1680,720],"capInsets":[0,0,0,0]}],[5],0,[0],[5],[51]],[[{"name":"lv_imgSelect","rect":[0,0,1680,543],"offset":[0,0],"originalSize":[1680,543],"capInsets":[0,0,0,0]}],[5],0,[0],[5],[52]]]]