[1,["34VeXUpQZHyp/D2HL5Quuj"],["_texture"],[["dragonBones.DragonBonesAtlasAsset",["_name","_atlasJson"],1]],[[0,0,1,3]],[[0,"TaiYangShengJiangShi_tex","{\"width\":256,\"SubTexture\":[{\"width\":18,\"y\":113,\"height\":11,\"name\":\"手臂2\",\"x\":99},{\"width\":57,\"y\":1,\"height\":69,\"name\":\"旗子\",\"x\":1},{\"width\":13,\"y\":100,\"height\":27,\"name\":\"臂膀2\",\"x\":134},{\"width\":14,\"y\":72,\"height\":43,\"name\":\"帽2\",\"x\":221},{\"width\":25,\"y\":72,\"height\":28,\"name\":\"脚2\",\"x\":194},{\"width\":10,\"y\":104,\"height\":23,\"name\":\"大腿2\",\"x\":164},{\"width\":32,\"y\":72,\"height\":26,\"name\":\"脚_1\",\"x\":134},{\"width\":33,\"y\":72,\"height\":39,\"name\":\"身体\",\"x\":99},{\"width\":13,\"y\":100,\"height\":24,\"name\":\"大腿1\",\"x\":149},{\"width\":24,\"y\":72,\"height\":30,\"name\":\"领带\",\"x\":168},{\"width\":41,\"y\":72,\"height\":46,\"name\":\"头\",\"x\":56},{\"width\":15,\"y\":104,\"height\":15,\"name\":\"眼睛2\",\"x\":176},{\"width\":10,\"y\":113,\"height\":10,\"name\":\"眼睛1\",\"x\":119},{\"width\":53,\"y\":72,\"height\":50,\"name\":\"绷带\",\"x\":1},{\"width\":17,\"y\":102,\"height\":23,\"name\":\"手1\",\"x\":194},{\"width\":10,\"y\":30,\"height\":19,\"name\":\"手臂1\",\"x\":237},{\"width\":11,\"y\":1,\"height\":27,\"name\":\"臂膀1\",\"x\":237}],\"height\":128,\"name\":\"TaiYangShengJiangShi\",\"imagePath\":\"TaiYangShengJiangShi_tex.png\"}"]],0,0,[0],[0],[0]]