[1,["b1Tqq7IHhON5uqxNtiyBfL"],0,[["sp.SkeletonData",["_name","_atlasText","textureNames","_skeletonJson","textures"],-1,3]],[[0,0,1,2,3,4,5]],[[0,"effect017","\r\neffect017.png\r\nsize: 789,293\r\nformat: RGBA8888\r\nfilter: Linear,Linear\r\nrepeat: none\r\n21/0\r\n  rotate: false\r\n  xy: 169, 152\r\n  size: 158, 139\r\n  orig: 159, 151\r\n  offset: 1, 4\r\n  index: -1\r\n21/1\r\n  rotate: false\r\n  xy: 2, 10\r\n  size: 163, 140\r\n  orig: 163, 151\r\n  offset: 0, 4\r\n  index: -1\r\n21/2\r\n  rotate: false\r\n  xy: 2, 152\r\n  size: 165, 139\r\n  orig: 166, 151\r\n  offset: 1, 5\r\n  index: -1\r\n21/3\r\n  rotate: false\r\n  xy: 326, 7\r\n  size: 154, 140\r\n  orig: 164, 151\r\n  offset: 9, 5\r\n  index: -1\r\n21/4\r\n  rotate: false\r\n  xy: 329, 149\r\n  size: 156, 142\r\n  orig: 164, 151\r\n  offset: 7, 6\r\n  index: -1\r\n21/5\r\n  rotate: true\r\n  xy: 638, 2\r\n  size: 135, 149\r\n  orig: 151, 154\r\n  offset: 4, 5\r\n  index: -1\r\n21/6\r\n  rotate: true\r\n  xy: 482, 4\r\n  size: 136, 154\r\n  orig: 151, 157\r\n  offset: 3, 3\r\n  index: -1\r\n21/7\r\n  rotate: true\r\n  xy: 167, 10\r\n  size: 140, 157\r\n  orig: 151, 159\r\n  offset: 3, 2\r\n  index: -1\r\n21/8\r\n  rotate: false\r\n  xy: 643, 139\r\n  size: 142, 152\r\n  orig: 151, 159\r\n  offset: 3, 7\r\n  index: -1\r\n21/9\r\n  rotate: true\r\n  xy: 487, 142\r\n  size: 149, 154\r\n  orig: 151, 159\r\n  offset: 1, 5\r\n  index: -1\r\n",["effect017.png"],{"skeleton":{"hash":"6MTjoKZmeBvImNGVqbb+sfsY2KY","spine":"3.8.99","fps":24,"images":"D:\\Work\\植物大战僵尸2娘化版\\动画\\娘化版\\工程文件\\特效","audio":"D:\\Work\\植物大战僵尸2娘化版\\动画\\娘化版\\工程文件\\特效"},"bones":[{"name":"root"},{"name":"0","parent":"root"}],"slots":[{"name":"0","bone":"0","attachment":"21/1"}],"skins":[{"name":"default","attachments":{"0":{"21/0":{"x":0.66,"width":159,"height":151},"21/1":{"width":163,"height":151},"21/2":{"width":166,"height":151},"21/3":{"width":164,"height":151},"21/4":{"width":164,"height":151},"21/5":{"width":151,"height":154},"21/6":{"width":151,"height":157},"21/7":{"width":151,"height":159},"21/8":{"width":151,"height":159},"21/9":{"width":151,"height":159}}}}],"animations":{"newAnimation":{"slots":{"0":{"attachment":[{"name":"21/0"},{"time":0.0833,"name":"21/1"},{"time":0.1667,"name":"21/2"},{"time":0.25,"name":"21/3"},{"time":0.3333,"name":"21/4"},{"time":0.4167,"name":"21/5"},{"time":0.5,"name":"21/6"},{"time":0.5833,"name":"21/7"},{"time":0.6667,"name":"21/8"},{"time":0.75,"name":"21/9"}]}}}}},[0]]],0,0,[0],[-1],[0]]