[1,["ecpdLyjvZBwrvm+cedCcQy","feX3hfFwRHUooAqZJ224+Q","3eqaGknklGZYenP3HcvmgR","7cgDNO5jlAp4riJz6wm81r","e3s+whMzNAtKWOCou/6wK3","4djAqXVTlFt7PXr8eUB4OB","2dymBcBrNDB5keorNxe6Q/","e5S1HIpPVDGaFiyAjk02VK","dbZBYDsd9AfbMwIvMeXKeC","39wcxh0FtABYpJILB+BIZD"],["node","_textureSetter","_spriteFrame","num","loading","progress","scene","_parent","_defaultClip"],["cc.SpriteFrame",["cc.Sprite",["_type","_sizeMode","node","_materials","_spriteFrame"],1,1,3,6],["cc.Node",["_name","_id","_components","_contentSize","_children","_trs","_parent"],1,9,5,2,7,1],["cc.Node",["_name","_parent","_components","_contentSize","_trs","_children","_anchorPoint"],2,1,12,5,7,2,5],["cc.Widget",["_alignFlags","_left","_right","_top","_bottom","_originalWidth","_originalHeight","node"],-4,1],["cc.SceneAsset",["_name","asyncLoadAssets"],1],["cc.Node",["_name","_parent","_components","_contentSize","_anchorPoint","_trs"],2,1,2,5,5,7],["cc.Canvas",["node","_designResolution"],3,1,5],["dfcdcApr/5K1K/Yll9um8zS",["node","progress","loading","num"],3,1,1,1,1],["cc.LabelOutline",["node","_color"],3,1,5],["cc.Animation",["playOnLoad","node","_clips","_defaultClip"],2,1,3,6],["cc.Scene",["_name","autoReleaseAssets","_children","_anchorPoint","_trs"],1,2,5,7],["cc.Camera",["_clearFlags","_depth","node"],1,1],["cc.Label",["_string","_fontSize","_N$horizontalAlign","_N$verticalAlign","node","_materials"],-1,1,3],["cc.ProgressBar",["_N$totalLength","_N$progress","node","_N$barSprite"],1,1,1],["cc.AnimationClip",["_name","_duration","wrapMode","curveData"],-1]],[[2,0,6,2,3,2],[3,0,1,2,3,4,2],[1,2,3,4,1],[9,0,1,1],[13,0,1,2,3,4,5,5],[5,0,1,3],[2,0,1,4,2,3,5,3],[3,0,1,5,2,3,6,4,2],[6,0,1,2,3,4,5,2],[7,0,1,1],[4,0,7,2],[4,0,1,2,3,4,5,6,7,8],[8,0,1,2,3,1],[1,0,1,2,3,4,3],[1,0,1,2,3,3],[10,0,1,2,3,2],[11,0,1,2,3,4,3],[12,0,1,2,3],[14,0,1,2,3,3],[15,0,1,2,3,5]],[[[{"name":"j002","rect":[0,0,102,55],"offset":[0,0],"originalSize":[102,55],"capInsets":[14,3,14,4]}],[0],0,[0],[1],[2]],[[{"name":"j001","rect":[1,0,96,94],"offset":[0,0],"originalSize":[98,94],"capInsets":[0,0,0,0]}],[0],0,[0],[1],[3]],[[[5,"Loading",null],[6,"Canvas","a5esZu+45LA5mBpvttspPD",[-7,-8,-9,-10,-11],[[9,-1,[5,1280,720]],[10,45,-2],[12,-6,-5,-4,-3]],[5,1280,720],[640,360,0,0,0,0,1,1,1,1]],[7,"New ProgressBar",1,[-14,-15],[[[13,1,0,-12,[9],10],-13],4,1],[5,1200,56],[0,0,0.5],[-584.578,-263.364,0,0,0,0,1,1,1,1]],[0,"New Sprite(Splash)",1,[[2,-16,[0],1],[11,45,-235,-235,-15,-15,100,100,-17]],[5,1750,750]],[1,"New Label",1,[[-18,[3,-19,[4,4278190080]]],1,4],[5,92,52.4],[433.048,-206.217,0,0,0,0,1,1,1,1]],[1,"New Label copy",1,[[-20,[3,-21,[4,4278190080]]],1,4],[5,45.36,52.4],[553.688,-206.217,0,0,0,0,1,1,1,1]],[0,"j001",2,[[2,-22,[5],6],[15,true,-23,[8],7]],[5,96,94]],[16,"New Node",true,[1],[0,0,0],[0,0,0,0,0,0,1,1,1,1]],[0,"Main Camera",1,[[17,7,-1,-24]],[5,1280,720]],[4,"加载中",30,1,1,4,[2]],[4,"0%",30,1,1,5,[3]],[8,"bar",2,[-25],[5,0,39],[0,0,0.5],[10.714,0,0,0,0,0,1,1,1,1]],[14,1,0,11,[4]],[18,1180,0,2,12]],0,[0,0,1,0,0,1,0,3,10,0,4,9,0,5,13,0,0,1,0,-1,8,0,-2,3,0,-3,4,0,-4,5,0,-5,2,0,0,2,0,-2,13,0,-1,11,0,-2,6,0,0,3,0,0,3,0,-1,9,0,0,4,0,-1,10,0,0,5,0,0,6,0,0,6,0,0,8,0,-1,12,0,6,7,1,7,7,25],[0,0,0,0,0,0,0,0,0,0,0,12],[-1,2,-1,-1,-1,-1,2,8,-1,-1,2,2],[0,4,0,0,0,0,5,1,1,0,6,7]],[[{"name":"bj","rect":[0,0,1750,750],"offset":[0,0],"originalSize":[1750,750],"capInsets":[0,0,0,0]}],[0],0,[0],[1],[8]],[[{"name":"j003","rect":[0,0,67,39],"offset":[0,0],"originalSize":[67,39],"capInsets":[13,0,13,0]}],[0],0,[0],[1],[9]],[[[19,"Loadscene",1.5,2,{"props":{"angle":[{"frame":0,"value":0},{"frame":1.5,"value":-360}]}}]],0,0,[],[],[]]]]