[1,["86kyRgYWROVqEuubrJCxAg"],["_texture"],[["dragonBones.DragonBonesAtlasAsset",["_name","_atlasJson"],1]],[[0,0,1,3]],[[0,"出口动画素材_tex","{\"width\":256,\"SubTexture\":[{\"width\":156,\"y\":1,\"height\":153,\"name\":\"图层_63\",\"x\":1},{\"width\":98,\"y\":156,\"height\":98,\"name\":\"图层_66\",\"x\":1},{\"width\":94,\"y\":1,\"height\":106,\"name\":\"图层_65\",\"x\":159}],\"imagePath\":\"出口动画素材_tex.png\",\"name\":\"出口动画素材\",\"height\":256}"]],0,0,[0],[0],[0]]