[1,["46v+c+/HJAgoYNGSkYpG5c"],0,[["sp.SkeletonData",["_name","_atlasText","textureNames","_skeletonJson","textures"],-1,3]],[[0,0,1,2,3,4,5]],[[0,"n10_huoyanhuanvwang","\r\nn10_huoyanhuanvwang.png\r\nsize: 487,142\r\nformat: RGBA8888\r\nfilter: Linear,Linear\r\nrepeat: none\r\n26_huoyanhuanvwang/01\r\n  rotate: true\r\n  xy: 456, 55\r\n  size: 29, 17\r\n  orig: 29, 17\r\n  offset: 0, 0\r\n  index: -1\r\n26_huoyanhuanvwang/02\r\n  rotate: false\r\n  xy: 426, 14\r\n  size: 30, 17\r\n  orig: 30, 17\r\n  offset: 0, 0\r\n  index: -1\r\n26_huoyanhuanvwang/03\r\n  rotate: false\r\n  xy: 73, 56\r\n  size: 67, 84\r\n  orig: 67, 84\r\n  offset: 0, 0\r\n  index: -1\r\n26_huoyanhuanvwang/04\r\n  rotate: false\r\n  xy: 274, 68\r\n  size: 46, 14\r\n  orig: 46, 14\r\n  offset: 0, 0\r\n  index: -1\r\n26_huoyanhuanvwang/05\r\n  rotate: false\r\n  xy: 456, 36\r\n  size: 29, 17\r\n  orig: 29, 17\r\n  offset: 0, 0\r\n  index: -1\r\n26_huoyanhuanvwang/06\r\n  rotate: true\r\n  xy: 458, 4\r\n  size: 30, 15\r\n  orig: 30, 15\r\n  offset: 0, 0\r\n  index: -1\r\n26_huoyanhuanvwang/07\r\n  rotate: false\r\n  xy: 2, 52\r\n  size: 69, 88\r\n  orig: 69, 88\r\n  offset: 0, 0\r\n  index: -1\r\n26_huoyanhuanvwang/08\r\n  rotate: true\r\n  xy: 2, 4\r\n  size: 46, 72\r\n  orig: 46, 72\r\n  offset: 0, 0\r\n  index: -1\r\n26_huoyanhuanvwang/09\r\n  rotate: true\r\n  xy: 174, 2\r\n  size: 57, 83\r\n  orig: 57, 83\r\n  offset: 0, 0\r\n  index: -1\r\n26_huoyanhuanvwang/10\r\n  rotate: true\r\n  xy: 402, 5\r\n  size: 26, 22\r\n  orig: 29, 22\r\n  offset: 0, 0\r\n  index: -1\r\n26_huoyanhuanvwang/11\r\n  rotate: false\r\n  xy: 369, 2\r\n  size: 31, 27\r\n  orig: 31, 27\r\n  offset: 0, 0\r\n  index: -1\r\n26_huoyanhuanvwang/12\r\n  rotate: true\r\n  xy: 215, 67\r\n  size: 73, 57\r\n  orig: 73, 57\r\n  offset: 0, 0\r\n  index: -1\r\n26_huoyanhuanvwang/13\r\n  rotate: false\r\n  xy: 259, 4\r\n  size: 55, 61\r\n  orig: 55, 61\r\n  offset: 0, 0\r\n  index: -1\r\n26_huoyanhuanvwang/14\r\n  rotate: true\r\n  xy: 76, 2\r\n  size: 52, 96\r\n  orig: 52, 96\r\n  offset: 0, 0\r\n  index: -1\r\n26_huoyanhuanvwang/15\r\n  rotate: false\r\n  xy: 274, 84\r\n  size: 50, 56\r\n  orig: 50, 56\r\n  offset: 0, 0\r\n  index: -1\r\n26_huoyanhuanvwang/16\r\n  rotate: false\r\n  xy: 434, 86\r\n  size: 37, 54\r\n  orig: 37, 54\r\n  offset: 0, 0\r\n  index: -1\r\n26_huoyanhuanvwang/17\r\n  rotate: true\r\n  xy: 142, 61\r\n  size: 79, 71\r\n  orig: 79, 71\r\n  offset: 0, 0\r\n  index: -1\r\n26_huoyanhuanvwang/18\r\n  rotate: true\r\n  xy: 316, 3\r\n  size: 26, 51\r\n  orig: 26, 51\r\n  offset: 0, 0\r\n  index: -1\r\nhuo/huo1\r\n  rotate: false\r\n  xy: 363, 70\r\n  size: 34, 70\r\n  orig: 35, 73\r\n  offset: 1, 0\r\n  index: -1\r\nhuo/huo2\r\n  rotate: true\r\n  xy: 316, 31\r\n  size: 35, 69\r\n  orig: 35, 73\r\n  offset: 0, 2\r\n  index: -1\r\nhuo/huo3\r\n  rotate: false\r\n  xy: 326, 71\r\n  size: 35, 69\r\n  orig: 35, 73\r\n  offset: 0, 2\r\n  index: -1\r\nhuo/huo4\r\n  rotate: false\r\n  xy: 399, 71\r\n  size: 33, 69\r\n  orig: 35, 73\r\n  offset: 1, 2\r\n  index: -1\r\nhuo/huo5\r\n  rotate: true\r\n  xy: 387, 33\r\n  size: 35, 67\r\n  orig: 35, 73\r\n  offset: 0, 3\r\n  index: -1\r\n",["n10_huoyanhuanvwang.png"],{"skeleton":{"hash":"G4+NqWKOUx/GaI666jsPCHcXv7I","spine":"3.8.99","x":-36.88,"y":-1.94,"width":81.06,"height":92.68,"fps":24,"images":"./library/","audio":"D:/Work/植物大战僵尸2娘化版/动画/娘化版/普通植物/龙骨导出的spine资源/n10_huoyanhuanvwang"},"bones":[{"name":"root","x":0.97,"y":-1.94,"scaleX":0.1545,"scaleY":0.1545},{"name":"bone","parent":"root","x":-14.78,"y":26.2},{"name":"huo11","parent":"root","rotation":-144.2,"x":232.16,"y":326.45,"scaleX":0.8,"scaleY":0.8},{"name":"茎","parent":"bone","x":1.28,"y":12.8},{"name":"叶1","parent":"bone","length":81,"rotation":-156.61,"x":-9.27,"y":18.5},{"name":"叶2","parent":"bone","length":81,"rotation":-17.28,"x":7.33,"y":20.55},{"name":"茎1","parent":"茎","length":32,"rotation":112.17,"x":-0.7,"y":2.15},{"name":"茎2","parent":"茎1","length":26,"rotation":-14.58,"x":34.15,"y":-0.47},{"name":"茎3","parent":"茎2","length":33,"rotation":-7.59,"x":29.08,"y":-1.35},{"name":"茎4","parent":"茎3","length":50,"rotation":-2.49,"x":36.2,"y":-0.3},{"name":"图层_5","parent":"茎4","rotation":-0.16,"x":50.06,"y":0.02},{"name":"花瓣30","parent":"图层_5","length":192,"rotation":-141.65,"x":-1.2,"y":-39.23},{"name":"图层_7","parent":"图层_5","length":282,"rotation":-29.53,"x":-4.66,"y":-18.67},{"name":"花瓣2","parent":"图层_5","length":298,"rotation":23.82,"x":-1.47,"y":5.35},{"name":"图层_51","parent":"图层_5","length":231,"rotation":-4.17,"x":6.77,"y":-0.57},{"name":"花瓣动作","parent":"图层_5","rotation":-87.34,"x":-20.85,"y":-31.07},{"name":"花瓣02","parent":"图层_5","length":219,"rotation":134.85,"x":-1.52,"y":15.06},{"name":"嘴2","parent":"图层_51","rotation":33.39,"x":53.48,"y":-10.52},{"name":"花瓣动作1","parent":"花瓣动作","length":46,"rotation":-19.6,"x":1.55,"y":-2.5},{"name":"眼睛左","parent":"图层_51","length":78,"rotation":64.82,"x":92.19,"y":-13.39},{"name":"眼睛右","parent":"图层_51","length":69,"rotation":-64.07,"x":88.99,"y":-36.23},{"name":"huo1","parent":"图层_51","x":124.44,"y":-15.63,"scaleX":1.3,"scaleY":1.2},{"name":"花瓣动作2","parent":"花瓣动作1","length":61,"rotation":43.25,"x":50.19,"y":0.94},{"name":"花瓣动作3","parent":"花瓣动作2","length":55,"rotation":56.29,"x":63.04,"y":0.99},{"name":"花瓣动作4","parent":"花瓣动作3","length":58,"rotation":-16.79,"x":57.33,"y":-0.29},{"name":"花瓣动作5","parent":"花瓣动作4","length":61,"rotation":-27.72,"x":60.49,"y":-0.59}],"slots":[{"name":"后叶","bone":"bone","attachment":"26_huoyanhuanvwang/后叶"},{"name":"茎","bone":"茎4","attachment":"26_huoyanhuanvwang/茎"},{"name":"叶2","bone":"叶2","attachment":"26_huoyanhuanvwang/叶2"},{"name":"叶1","bone":"叶1","attachment":"26_huoyanhuanvwang/叶1"},{"name":"后","bone":"图层_5","attachment":"26_huoyanhuanvwang/后"},{"name":"huo1","bone":"huo1","attachment":"huo/huo1"},{"name":"花瓣31","bone":"花瓣30","attachment":"26_huoyanhuanvwang/花瓣31"},{"name":"花瓣02","bone":"花瓣02","attachment":"26_huoyanhuanvwang/花瓣02"},{"name":"图层_7","bone":"图层_7","attachment":"26_huoyanhuanvwang/图层_7"},{"name":"图层_5","bone":"图层_51","attachment":"26_huoyanhuanvwang/图层_5"},{"name":"图层_6","bone":"图层_7","attachment":"26_huoyanhuanvwang/图层_6"},{"name":"嘴2","bone":"嘴2","attachment":"26_huoyanhuanvwang/嘴2"},{"name":"眼睛右","bone":"眼睛右","attachment":"26_huoyanhuanvwang/眼睛右"},{"name":"眼睛左","bone":"眼睛左","attachment":"26_huoyanhuanvwang/眼睛左"},{"name":"花瓣30","bone":"花瓣30","attachment":"26_huoyanhuanvwang/花瓣30"},{"name":"花瓣2","bone":"花瓣2","attachment":"26_huoyanhuanvwang/花瓣2"},{"name":"花瓣01","bone":"花瓣02","attachment":"26_huoyanhuanvwang/花瓣01"},{"name":"花瓣动作","bone":"花瓣动作5","attachment":"26_huoyanhuanvwang/花瓣动作"},{"name":"huo11","bone":"huo11","attachment":"huo/huo1"}],"skins":[{"name":"default","attachments":{"huo1":{"huo/huo1":{"x":94.92,"y":11.36,"rotation":-83.17,"width":118,"height":244},"huo/huo2":{"x":94.92,"y":11.36,"rotation":-83.17,"width":118,"height":244},"huo/huo3":{"x":94.92,"y":11.36,"rotation":-83.17,"width":118,"height":244},"huo/huo4":{"x":94.92,"y":11.36,"rotation":-83.17,"width":118,"height":244},"huo/huo5":{"x":94.92,"y":11.36,"rotation":-83.17,"width":118,"height":244}},"huo11":{"huo/huo1":{"x":94.92,"y":11.36,"rotation":-83.17,"width":118,"height":244},"huo/huo2":{"x":94.92,"y":11.36,"rotation":-83.17,"width":118,"height":244},"huo/huo3":{"x":94.92,"y":11.36,"rotation":-83.17,"width":118,"height":244},"huo/huo4":{"x":94.92,"y":11.36,"rotation":-83.17,"width":118,"height":244},"huo/huo5":{"x":94.92,"y":11.36,"rotation":-83.17,"width":118,"height":244}},"叶1":{"26_huoyanhuanvwang/叶1":{"path":"26_huoyanhuanvwang/01","x":39.89,"y":0.4,"rotation":156.61,"width":97,"height":57}},"叶2":{"26_huoyanhuanvwang/叶2":{"path":"26_huoyanhuanvwang/02","x":39.22,"y":-1.68,"rotation":17.28,"width":99,"height":55}},"后":{"26_huoyanhuanvwang/后":{"path":"26_huoyanhuanvwang/03","x":172.02,"y":-10.72,"rotation":-87.34,"width":222,"height":279}},"后叶":{"26_huoyanhuanvwang/后叶":{"path":"26_huoyanhuanvwang/04","x":-5.72,"y":36.3,"width":153,"height":45}},"嘴2":{"26_huoyanhuanvwang/嘴1":{"path":"26_huoyanhuanvwang/05","x":0.89,"y":-3.24,"rotation":-116.57,"width":95,"height":58},"26_huoyanhuanvwang/嘴2":{"path":"26_huoyanhuanvwang/06","x":2.68,"y":-5.25,"rotation":-116.57,"width":99,"height":51}},"图层_5":{"26_huoyanhuanvwang/图层_5":{"path":"26_huoyanhuanvwang/07","x":117.73,"y":1.71,"rotation":-83.17,"width":231,"height":294}},"图层_6":{"26_huoyanhuanvwang/图层_6":{"path":"26_huoyanhuanvwang/08","x":117.74,"y":-7.12,"rotation":-57.81,"width":153,"height":239}},"图层_7":{"26_huoyanhuanvwang/图层_7":{"path":"26_huoyanhuanvwang/09","x":140.97,"y":-10.23,"rotation":-57.81,"width":191,"height":275}},"眼睛右":{"26_huoyanhuanvwang/眼睛右":{"type":"mesh","path":"26_huoyanhuanvwang/10","hull":19,"width":95,"height":73,"uvs":[0,0.76027,0.05368,0.70137,0.17263,0.2589,0.34947,0.05205,0.83842,0,0.90579,0.27466,0.86579,0.4137,0.78947,0.47603,0.76684,0.6089,0.73263,0.71644,0.68895,0.81986,0.62632,0.92603,0.55421,0.97671,0.45211,1,0.37789,1,0.25684,0.95685,0.16368,0.89178,0.07842,0.81507,0,0.79521,0.10105,0.74247,0.16947,0.63973,0.23579,0.53014,0.31737,0.39795,0.44526,0.33767,0.58105,0.36849,0.69737,0.40548,0.75632,0.44247,0.06947,0.75479,0.12316,0.68288,0.18,0.57123,0.25053,0.45411,0.32105,0.35,0.42737,0.28836,0.54053,0.30205,0.66,0.33836,0.76895,0.39178,0.78,0.43767,0.76158,0.49658,0.75263,0.5637,0.73842,0.6274,0.70421,0.72123,0.66,0.81575,0.59211,0.88356,0.50947,0.9363,0.39789,0.95274,0.28632,0.9226,0.18526,0.86027,0.10105,0.79521,0.08211,0.72397],"triangles":[4,34,5,34,35,5,35,6,5,38,8,7,36,7,6,35,36,6,37,38,7,33,34,4,3,33,4,34,25,35,39,9,8,26,37,7,26,7,36,35,26,36,40,10,9,25,26,35,38,39,8,37,25,38,25,37,26,25,39,38,24,40,39,25,24,39,39,40,9,24,42,41,41,11,10,24,41,40,41,10,40,24,23,42,34,24,25,22,21,43,22,43,42,23,22,42,33,24,34,42,11,41,21,44,43,3,32,33,42,12,11,43,12,42,33,23,24,21,45,44,43,13,12,32,23,33,44,13,43,21,20,45,44,14,13,32,31,23,31,22,23,20,46,45,3,31,32,30,21,22,2,31,3,45,14,44,45,15,14,2,30,31,31,30,22,29,20,21,46,15,45,28,19,46,20,28,46,46,16,15,29,21,30,2,29,30,19,47,46,2,1,29,47,16,46,28,20,29,1,28,29,47,17,16,1,48,28,48,19,28,48,27,19,19,27,47,27,17,47,48,1,27,1,0,27,18,17,27,0,18,27],"vertices":[-6.53,1.78,-0.3,4.18,20.95,31,41.77,39.77,86.9,28.16,86.39,7.12,79.47,-1.23,71.14,-3.15,65.93,-11.62,60.29,-17.97,53.9,-23.75,45.74,-29.12,38.05,-30.38,28.33,-28.81,21.67,-26.5,11.83,-19.76,5.03,-12.38,-0.79,-4.43,-7.36,-0.63,2.97,-0.13,11.57,4.83,20.14,10.33,30.62,16.91,43.54,17.09,54.99,10.74,64.55,4.58,68.96,0.19,-0.16,0,6.38,3.29,14.15,9.23,23.28,15.11,32.1,20.1,43.11,21.05,52.94,16.59,62.8,10.37,71.31,3.3,71.2,-0.21,68.14,-3.7,65.73,-8.06,62.94,-12.01,57.62,-17.42,51.4,-22.56,43.68,-25.13,35,-26.2,24.59,-23.86,15.3,-18.32,7.72,-10.87,1.71,-3.77,1.71,1.74],"edges":[0,2,2,4,4,6,6,8,8,10,10,12,12,14,14,16,16,18,18,20,20,22,22,24,24,26,26,28,28,30,30,32,32,34,34,36,36,0]}},"眼睛左":{"26_huoyanhuanvwang/眼睛左":{"type":"mesh","path":"26_huoyanhuanvwang/11","hull":16,"width":104,"height":90,"uvs":[0.95337,0.93278,0.77596,0.97667,0.59808,1,0.40817,0.95889,0.26346,0.845,0.2024,0.68944,0.18221,0.54889,0.16683,0.44,0.05,0.38722,0,0.31111,0,0,0.68221,0,0.8976,0.31389,0.92788,0.66889,1,0.85667,1,0.94444,0.25288,0.38778,0.3726,0.37278,0.50337,0.37944,0.63029,0.42944,0.71538,0.52611,0.78462,0.66,0.85,0.79667,0.92981,0.89278,0.15192,0.38556,0.24038,0.34056,0.37404,0.33111,0.52452,0.34444,0.66875,0.40833,0.75817,0.525,0.81154,0.66444,0.86346,0.77611,0.9149,0.86222,0.96298,0.90111,0.22452,0.40833,0.22452,0.52222,0.24519,0.65389,0.3024,0.78278,0.39087,0.89056,0.51683,0.95111,0.68558,0.95611,0.83125,0.93111,0.9,0.91333],"triangles":[12,29,13,31,32,13,42,41,0,41,1,0,32,33,14,13,32,14,14,33,15,33,0,15,29,30,13,32,23,33,23,0,33,23,42,0,31,22,32,32,42,23,30,31,13,28,29,12,11,28,12,41,42,32,22,41,32,29,21,30,30,22,31,40,2,1,40,41,22,21,40,22,30,21,22,27,28,11,40,1,41,28,20,29,20,39,21,39,40,21,29,20,21,38,39,20,18,37,19,37,38,19,19,38,20,28,19,20,27,19,28,39,2,40,26,27,11,10,26,11,36,37,18,39,3,2,27,18,19,17,36,18,10,25,26,35,36,17,26,18,27,38,3,39,26,17,18,16,35,17,38,4,3,37,4,38,25,16,26,26,16,17,10,9,25,34,35,16,5,4,37,36,5,37,9,24,25,35,6,36,7,35,34,6,5,36,25,34,16,24,34,25,7,6,35,24,7,34,9,8,24,24,8,7],"vertices":[-7.91,1.9,5.64,15.02,20.21,26.61,38.92,33.94,57.12,33.23,69.92,24.72,78.41,15.11,84.96,7.65,97.78,10.06,105.82,7.01,120.66,-16.74,60.5,-54.34,26.53,-42.26,6.93,-16.84,-8.39,-6.48,-12.58,0.22,79.86,-1.08,70.02,-8.83,58.17,-15.53,44.59,-18.71,32.48,-16.02,19.98,-9.62,7.7,-2.79,-3.92,0.14,88.87,4.31,83.22,-4,71.88,-12.09,57.97,-19.36,42.21,-22.44,28.76,-18.46,17.4,-10.76,7.49,-5.1,-1.15,-1.37,-7.25,-1.05,81.38,2.05,75.95,10.74,67.85,19.65,56.65,26.33,43.71,29.68,29.71,27.36,14.59,18.44,2.94,8.5,-2.28,3.35],"edges":[0,2,2,4,4,6,6,8,8,10,10,12,12,14,14,16,16,18,18,20,20,22,22,24,24,26,26,28,28,30,30,0]}},"花瓣01":{"26_huoyanhuanvwang/花瓣01":{"path":"26_huoyanhuanvwang/12","x":109.83,"y":-1.23,"rotation":137.81,"width":242,"height":191}},"花瓣02":{"26_huoyanhuanvwang/花瓣02":{"path":"26_huoyanhuanvwang/13","x":98.55,"y":-16.65,"rotation":137.81,"width":182,"height":203}},"花瓣2":{"26_huoyanhuanvwang/花瓣2":{"path":"26_huoyanhuanvwang/14","x":143.37,"y":8.74,"rotation":-111.16,"width":172,"height":321}},"花瓣30":{"26_huoyanhuanvwang/花瓣30":{"path":"26_huoyanhuanvwang/15","x":97.98,"y":4.17,"rotation":54.31,"width":166,"height":188}},"花瓣31":{"26_huoyanhuanvwang/花瓣31":{"path":"26_huoyanhuanvwang/16","x":91.5,"y":13.14,"rotation":54.31,"width":123,"height":179}},"花瓣动作":{"26_huoyanhuanvwang/花瓣动作":{"type":"mesh","path":"26_huoyanhuanvwang/17","hull":45,"width":262,"height":238,"uvs":[0.00286,0.66282,0.04275,0.63613,0.13989,0.65126,0.20038,0.63803,0.24905,0.59412,0.29943,0.52542,0.35668,0.43172,0.41412,0.33824,0.46947,0.24664,0.525,0.1645,0.59962,0.09769,0.68111,0.04412,0.77137,0.0021,0.86336,0,0.92405,0.0021,0.97615,0.02899,1,0.05399,1,0.09958,0.95878,0.12815,0.89275,0.14538,0.85286,0.15294,0.82137,0.15399,0.80057,0.18508,0.76756,0.23697,0.73569,0.30231,0.70553,0.37815,0.68473,0.45798,0.67424,0.52227,0.66966,0.5979,0.66679,0.66534,0.66393,0.73487,0.64599,0.80231,0.61374,0.86134,0.56584,0.91218,0.50763,0.95042,0.45076,0.98782,0.38798,1,0.30763,1,0.24198,0.99076,0.17042,0.95609,0.10725,0.91408,0.05935,0.85378,0.02443,0.79874,0,0.74412,0,0.7],"triangles":[10,9,24,10,24,23,11,10,23,11,23,22,12,11,21,11,22,21,12,21,13,21,20,13,13,20,19,13,19,14,14,18,15,14,19,18,16,18,17,15,18,16,7,6,27,8,7,26,7,27,26,9,8,25,8,26,25,9,25,24,5,32,31,5,31,30,29,5,30,6,5,28,5,29,28,6,28,27,4,36,34,36,35,34,4,34,33,5,4,32,4,33,32,40,39,3,3,39,38,3,38,37,4,3,36,3,37,36,0,44,1,44,43,2,1,44,2,43,42,2,42,41,2,2,40,3,41,40,2],"vertices":[1,15,-18.23,15.25,1,1,15,-7.78,21.6,1,1,15,17.67,18,1,4,15,33.52,21.15,0.27817,18,22.18,33,0.40113,22,1.57,42.54,0.24136,23,0.45,74.2,0.07935,4,15,46.27,31.6,0.21675,18,30.69,47.13,0.30639,22,17.44,47,0.30798,23,12.96,63.47,0.16887,4,18,37.64,66.96,0.19105,22,36.09,56.68,0.26657,23,31.37,53.33,0.3011,24,-40.35,43.83,0.24128,4,22,58.78,71.09,0.1376,23,55.94,42.45,0.38557,24,-13.68,40.52,0.38013,25,-84.78,1.89,0.0967,4,22,81.49,85.43,0.0747,23,80.48,31.52,0.3509,24,12.97,37.14,0.41782,25,-59.62,11.3,0.15658,4,22,103.52,99.58,0.04502,23,104.48,21.05,0.18258,24,38.97,34.05,0.4551,25,-35.17,20.66,0.3173,4,22,124.69,111.65,0.02512,23,126.27,10.14,0.0801,24,62.98,29.9,0.45152,25,-11.98,28.15,0.44326,4,22,148.98,118.37,0.02138,23,145.34,-6.33,0.05671,24,86,19.64,0.39755,25,13.17,29.78,0.52436,4,22,173.65,121.49,0.01998,23,161.62,-25.13,0.04571,24,107.02,6.35,0.22449,25,37.96,27.79,0.70982,4,22,199.33,121.16,0.01284,23,175.6,-46.67,0.02597,24,126.62,-10.23,0.09022,25,63.03,22.23,0.87097,4,22,221.6,111.95,0.01301,23,180.3,-70.31,0.02416,24,137.96,-31.5,0.06754,25,82.95,8.67,0.89529,3,23,182.59,-86.05,0.04309,24,144.69,-45.92,0.10604,25,95.62,-0.95,0.85088,3,23,178.67,-100.61,0.06179,24,145.15,-60.98,0.13882,25,103.03,-14.08,0.79938,3,23,173.9,-107.8,0.07238,24,142.66,-69.25,0.15586,25,104.68,-22.55,0.77176,4,22,244.88,75.88,0.0438,23,163.22,-109.7,0.07299,24,132.98,-74.15,0.15587,25,98.39,-31.39,0.72734,4,22,232.26,73.98,0.0342,23,154.64,-100.25,0.05958,24,122.04,-67.58,0.13731,25,85.65,-30.67,0.76891,4,22,214.77,77.17,0.01844,23,147.58,-83.93,0.03496,24,110.56,-54,0.09613,25,69.17,-23.98,0.85046,4,22,204.48,79.71,0.01234,23,143.98,-73.96,0.02483,24,104.24,-45.49,0.079,25,59.61,-19.39,0.88383,4,22,196.82,82.79,0.00792,23,142.29,-65.88,0.01676,24,100.29,-38.24,0.06168,25,52.75,-14.82,0.91363,4,22,188.86,78.2,0.01187,23,134.06,-61.81,0.02649,24,91.22,-36.72,0.10878,25,44.02,-17.69,0.85286,4,22,175.98,70.36,0.0198,23,120.38,-55.45,0.04896,24,76.3,-34.59,0.23508,25,29.81,-22.74,0.69616,4,22,162.09,59.46,0.03296,23,103.62,-49.94,0.09334,24,58.65,-34.16,0.38846,25,13.99,-30.57,0.48524,4,22,147.62,46.1,0.05611,23,84.46,-45.31,0.18493,24,38.98,-35.26,0.43446,25,-2.91,-40.7,0.3245,4,22,135,30.88,0.09487,23,64.8,-43.27,0.30998,24,19.57,-38.98,0.40142,25,-18.36,-53.02,0.19373,4,22,126.34,17.97,0.14665,23,49.26,-43.23,0.36042,24,4.68,-43.44,0.35692,25,-29.47,-63.9,0.13602,4,22,118.02,1.96,0.23675,23,31.33,-45.19,0.37738,24,-11.92,-50.5,0.28624,25,-40.88,-77.87,0.09963,4,22,110.9,-12.44,0.32296,23,15.39,-47.26,0.38241,24,-26.58,-57.08,0.21537,25,-50.8,-90.51,0.07926,4,18,144.33,52.03,0.07672,22,103.57,-27.3,0.37133,23,-1.04,-49.41,0.38879,24,-41.69,-63.89,0.16315,4,18,145.29,35.33,0.09124,22,92.83,-40.11,0.38652,23,-17.66,-47.59,0.39334,24,-58.13,-66.94,0.1289,4,18,142.04,19.26,0.11374,22,79.45,-49.59,0.38979,23,-32.97,-41.72,0.38593,24,-74.48,-65.75,0.11054,4,18,134.27,3.65,0.15131,22,63.1,-55.64,0.38096,23,-47.08,-31.48,0.36828,24,-90.95,-60.02,0.09946,4,18,122.96,-10.03,0.20689,22,45.48,-57.86,0.37228,23,-58.7,-18.05,0.3304,24,-105.95,-50.53,0.09043,4,15,99.12,-62.1,0.09647,18,111.91,-23.42,0.26978,22,28.26,-60.03,0.36624,23,-70.07,-4.93,0.2675,4,15,82.67,-65,0.10595,18,97.39,-31.67,0.32164,22,12.03,-56.09,0.37248,23,-75.79,10.76,0.19993,4,15,61.62,-65,0.11407,18,77.56,-38.73,0.36668,22,-7.25,-47.64,0.39402,23,-79.47,31.48,0.12522,4,15,44.42,-62.8,0.13188,18,60.61,-42.43,0.38754,22,-22.13,-38.73,0.39223,23,-80.31,48.8,0.08835,4,15,25.67,-54.55,0.1826,18,40.18,-40.94,0.39587,22,-35.99,-23.65,0.35781,23,-75.46,68.71,0.06372,4,15,9.12,-44.55,0.27942,18,21.24,-37.07,0.42033,22,-47.14,-7.85,0.25297,23,-68.5,86.75,0.04729,4,15,-3.43,-30.2,0.38689,18,4.6,-27.77,0.46357,22,-52.88,10.33,0.12311,23,-56.57,101.61,0.02643,1,15,-12.58,-17.1,1,1,15,-18.98,-4.1,1,1,15,-18.98,6.4,1],"edges":[0,2,2,4,4,6,6,8,8,10,10,12,12,14,14,16,16,18,18,20,20,22,22,24,24,26,26,28,28,30,30,32,32,34,34,36,36,38,38,40,40,42,42,44,44,46,46,48,48,50,50,52,52,54,54,56,56,58,58,60,60,62,62,64,64,66,66,68,68,70,70,72,72,74,74,76,76,78,78,80,80,82,82,84,84,86,86,88,88,0]}},"茎":{"26_huoyanhuanvwang/茎":{"type":"mesh","path":"26_huoyanhuanvwang/18","hull":47,"width":87,"height":169,"uvs":[0.61839,1,0.52759,1,0.45862,0.98136,0.41782,0.94231,0.37126,0.89201,0.31264,0.82396,0.26667,0.76065,0.22874,0.69053,0.20632,0.6074,0.1908,0.52101,0.17759,0.43698,0.17586,0.36893,0.17931,0.33018,0.12241,0.30444,0.06092,0.25237,0.01609,0.18876,0,0.13314,0,0.07663,0.09195,0.05562,0.19655,0.02929,0.30977,0.00888,0.41092,0.00266,0.53621,0,0.66322,0.00976,0.77126,0.03107,0.87759,0.05651,0.95977,0.08402,1,0.10769,1,0.14675,0.95977,0.20503,0.91667,0.24556,0.87414,0.27722,0.80345,0.3145,0.7454,0.33402,0.72126,0.37811,0.70057,0.42041,0.67644,0.4645,0.66092,0.50769,0.6454,0.56243,0.64023,0.62426,0.6454,0.68254,0.67471,0.74615,0.71264,0.80444,0.7523,0.85148,0.78621,0.88402,0.77126,0.93166,0.73161,0.97751],"triangles":[17,16,18,16,15,18,18,15,19,15,14,19,19,14,20,14,13,12,14,12,20,12,34,33,20,12,21,21,12,33,22,21,33,23,22,33,24,31,30,24,32,31,23,33,32,24,23,32,25,24,29,24,30,29,26,28,27,25,29,28,26,25,28,10,9,37,9,38,37,10,37,36,11,10,35,10,36,35,12,11,35,12,35,34,8,7,39,7,40,39,38,8,39,7,6,40,9,8,38,6,5,41,40,6,41,5,4,42,41,5,42,3,2,1,3,1,0,4,3,43,42,4,43,0,46,45,3,0,45,43,3,45,43,45,44],"vertices":[4,3,1.2,-13,0.54646,6,-14.75,3.96,0.39951,7,-48.43,-8.03,0.03864,8,-75.95,-16.85,0.01539,1,3,-6.7,-13,1,1,3,-12.7,-9.85,1,1,3,-16.25,-3.25,1,4,3,-20.3,5.25,0.3166,6,10.27,16.98,0.48272,7,-27.5,10.88,0.15914,8,-57.7,4.65,0.04155,4,3,-25.4,16.75,0.15241,6,22.84,17.36,0.4679,7,-15.43,14.41,0.3164,8,-46.2,9.75,0.06329,4,3,-29.4,27.45,0.07765,6,34.26,17.03,0.42561,7,-4.3,16.96,0.41006,8,-35.5,13.75,0.08668,4,3,-32.7,39.3,0.05769,6,46.48,15.61,0.33251,7,7.88,18.67,0.43241,8,-23.65,17.05,0.17739,4,6,60.23,12.12,0.16267,7,22.07,18.75,0.43652,8,-9.6,19,0.33867,9,-46.6,17.29,0.06214,4,6,74.26,7.86,0.09146,7,36.72,18.16,0.37989,8,5,20.35,0.40794,9,-32.07,19.27,0.1207,4,6,87.84,3.56,0.06558,7,50.95,17.42,0.22171,8,19.2,21.5,0.44409,9,-17.93,21.04,0.26863,4,6,98.55,-0.64,0.04567,7,62.37,16.05,0.12798,8,30.7,21.65,0.43143,9,-6.45,21.69,0.39492,4,6,104.5,-3.39,0.03863,7,68.82,14.89,0.099,8,37.25,21.35,0.42932,9,0.11,21.67,0.43304,4,6,110.39,-0.45,0.05027,7,73.78,19.22,0.11646,8,41.6,26.3,0.40348,9,4.24,26.81,0.42979,4,6,120.56,1.19,0.06069,7,83.21,23.37,0.12466,8,50.4,31.65,0.36497,9,12.8,32.54,0.44968,4,6,131.99,0.74,0.06633,7,94.38,25.81,0.12414,8,61.15,35.55,0.32253,9,23.37,36.9,0.487,4,6,141.22,-1.51,0.06653,7,103.89,25.96,0.11777,8,70.55,36.95,0.28601,9,32.7,38.71,0.5297,4,6,150.07,-5.11,0.06364,7,113.35,24.7,0.10785,8,80.1,36.95,0.24799,9,42.24,39.12,0.58053,4,6,150.34,-13.86,0.04679,7,115.82,16.3,0.0797,8,83.65,28.95,0.19513,9,46.13,31.29,0.67838,4,6,151.02,-23.97,0.02752,7,119.03,6.69,0.04664,8,88.1,19.85,0.11827,9,50.97,22.39,0.80757,4,6,150.5,-34.39,0.01119,7,121.14,-3.53,0.01879,8,91.55,10,0.04829,9,54.85,12.7,0.92173,4,6,148.15,-42.94,0.0035,7,121.02,-12.39,0.00585,8,92.6,1.2,0.01512,9,56.28,3.95,0.97552,4,6,144.45,-53.2,0.00617,7,120.03,-23.25,0.01018,8,93.05,-9.7,0.02582,9,57.21,-6.92,0.95783,4,6,138.76,-62.81,0.02038,7,116.94,-33.99,0.03317,8,91.4,-20.75,0.08139,9,56.04,-18.03,0.86506,4,6,131.87,-70.16,0.03875,7,112.13,-42.83,0.0624,8,87.8,-30.15,0.14758,9,52.85,-27.58,0.75127,4,6,124.4,-77.1,0.05991,7,106.64,-51.43,0.09485,8,83.5,-39.4,0.2115,9,48.96,-37.01,0.63374,4,6,117.4,-81.97,0.07713,7,101.09,-57.91,0.1202,8,78.85,-46.55,0.25316,9,44.62,-44.35,0.54951,4,6,112.37,-83.7,0.08657,7,96.66,-60.85,0.13405,8,74.85,-50.05,0.27386,9,40.78,-48.02,0.50552,4,6,106.26,-81.21,0.09098,7,90.12,-59.98,0.14292,8,68.25,-50.05,0.29398,9,34.18,-48.31,0.47212,4,6,98.46,-74.25,0.09071,7,80.82,-55.21,0.14882,8,58.4,-46.55,0.32033,9,24.19,-45.24,0.44014,4,6,93.53,-68.19,0.08753,7,74.52,-50.58,0.15029,8,51.55,-42.8,0.33937,9,17.19,-41.79,0.42281,4,6,89.97,-62.75,0.08293,7,69.71,-46.21,0.14961,8,46.2,-39.1,0.35542,9,11.68,-38.33,0.41204,4,6,86.46,-54.67,0.07201,7,64.28,-39.28,0.14255,8,39.9,-32.95,0.37839,9,5.12,-32.46,0.40705,4,6,85.31,-48.75,0.06014,7,61.67,-33.84,0.12983,8,36.6,-27.9,0.39665,9,1.6,-27.56,0.41338,4,6,79.2,-44,0.06424,7,54.56,-30.78,0.15172,8,29.15,-25.8,0.40187,9,-5.93,-25.78,0.38217,4,6,73.26,-39.63,0.07367,7,47.71,-28.05,0.19168,8,22,-24,0.41871,9,-13.15,-24.3,0.31594,4,6,67.15,-34.87,0.08574,7,40.61,-24.98,0.25107,8,14.55,-21.9,0.4384,9,-20.69,-22.52,0.22479,4,6,60.9,-30.87,0.10205,7,33.55,-22.68,0.31949,8,7.25,-20.55,0.43223,9,-28.04,-21.49,0.14622,4,6,52.85,-26.13,0.13561,7,24.56,-20.12,0.37435,8,-2,-19.2,0.40663,9,-37.34,-20.55,0.08341,4,3,3.1,50.5,0.05569,6,43.34,-21.77,0.2367,7,14.26,-18.29,0.42613,8,-12.45,-18.75,0.28148,4,3,3.55,40.65,0.07562,6,34.05,-18.47,0.36484,7,4.44,-17.44,0.41413,8,-22.3,-19.2,0.14541,4,3,6.1,29.9,0.13673,6,23.13,-16.77,0.45284,7,-6.56,-18.55,0.32909,8,-33.05,-21.75,0.08134,4,3,9.4,20.05,0.26402,6,12.76,-16.11,0.49902,7,-16.76,-20.52,0.18451,8,-42.9,-25.05,0.05246,1,3,12.85,12.1,1,1,3,15.8,6.6,1,1,3,14.5,-1.45,1,1,3,11.05,-9.2,1],"edges":[0,2,2,4,4,6,6,8,8,10,10,12,12,14,14,16,16,18,18,20,20,22,22,24,24,26,26,28,28,30,30,32,32,34,34,36,36,38,38,40,40,42,42,44,44,46,46,48,48,50,50,52,52,54,54,56,56,58,58,60,60,62,62,64,64,66,66,68,68,70,70,72,72,74,74,76,76,78,78,80,80,82,82,84,84,86,86,88,88,90,90,92,92,0]}}}}],"events":{"gongji":{}},"animations":{"daiji":{"slots":{"huo1":{"attachment":[{"time":0.0417,"name":"huo/huo2"},{"time":0.0833,"name":"huo/huo3"},{"time":0.125,"name":"huo/huo4"},{"time":0.1667,"name":"huo/huo5"},{"time":0.2083,"name":"huo/huo1"},{"time":0.25,"name":"huo/huo2"},{"time":0.2917,"name":"huo/huo3"},{"time":0.3333,"name":"huo/huo4"},{"time":0.375,"name":"huo/huo5"},{"time":0.4167,"name":"huo/huo1"},{"time":0.4583,"name":"huo/huo2"},{"time":0.5,"name":"huo/huo3"},{"time":0.5421,"name":"huo/huo4"},{"time":0.5838,"name":"huo/huo5"},{"time":0.6255,"name":"huo/huo1"},{"time":0.6672,"name":"huo/huo2"},{"time":0.7089,"name":"huo/huo3"},{"time":0.7506,"name":"huo/huo4"},{"time":0.7923,"name":"huo/huo5"},{"time":0.834,"name":"huo/huo1"},{"time":0.8757,"name":"huo/huo2"},{"time":0.9174,"name":"huo/huo3"},{"time":0.9591,"name":"huo/huo4"},{"time":1.0008,"name":"huo/huo5"},{"time":1.0425,"name":"huo/huo1"},{"time":1.0842,"name":"huo/huo2"},{"time":1.1259,"name":"huo/huo3"},{"time":1.1676,"name":"huo/huo4"},{"time":1.2093,"name":"huo/huo5"},{"time":1.251,"name":"huo/huo1"},{"time":1.2927,"name":"huo/huo2"},{"time":1.3344,"name":"huo/huo3"},{"time":1.3761,"name":"huo/huo4"},{"time":1.4178,"name":"huo/huo5"}]},"huo11":{"color":[{"color":"ffffff00"}],"attachment":[{"time":0.0417,"name":"huo/huo2"},{"time":0.0833,"name":"huo/huo3"},{"time":0.125,"name":"huo/huo4"},{"time":0.1667,"name":"huo/huo5"},{"time":0.2083,"name":"huo/huo1"},{"time":0.25,"name":"huo/huo2"},{"time":0.2917,"name":"huo/huo3"},{"time":0.3333,"name":"huo/huo4"},{"time":0.375,"name":"huo/huo5"},{"time":0.4167,"name":"huo/huo1"},{"time":0.4583,"name":"huo/huo2"},{"time":0.5,"name":"huo/huo3"},{"time":0.5421,"name":"huo/huo4"},{"time":0.5838,"name":"huo/huo5"},{"time":0.6255,"name":"huo/huo1"},{"time":0.6672,"name":"huo/huo2"},{"time":0.7089,"name":"huo/huo3"},{"time":0.7506,"name":"huo/huo4"},{"time":0.7923,"name":"huo/huo5"},{"time":0.834,"name":"huo/huo1"},{"time":0.8757,"name":"huo/huo2"},{"time":0.9174,"name":"huo/huo3"},{"time":0.9591,"name":"huo/huo4"},{"time":1.0008,"name":"huo/huo5"},{"time":1.0425,"name":"huo/huo1"},{"time":1.0842,"name":"huo/huo2"},{"time":1.1259,"name":"huo/huo3"},{"time":1.1676,"name":"huo/huo4"},{"time":1.2093,"name":"huo/huo5"},{"time":1.251,"name":"huo/huo1"},{"time":1.2927,"name":"huo/huo2"},{"time":1.3344,"name":"huo/huo3"},{"time":1.3761,"name":"huo/huo4"},{"time":1.4178,"name":"huo/huo5"}]},"花瓣动作":{"color":[{"color":"ffffff00"}]}},"bones":{"叶1":{"rotate":[{},{"time":0.3333,"angle":-9.68},{"time":0.75}]},"叶2":{"rotate":[{"time":0.3333},{"time":0.6667,"angle":11.85},{"time":1}]},"茎1":{"rotate":[{},{"time":0.7083,"angle":-0.67},{"time":1.4167}]},"茎2":{"rotate":[{"angle":2.72}]},"茎3":{"rotate":[{"angle":-0.77}],"translate":[{"x":-11.59,"y":1.46},{"time":0.7083},{"time":1.4167,"x":-11.59,"y":1.46}],"scale":[{},{"time":0.7083,"x":1.05},{"time":1.4167}]},"茎4":{"rotate":[{"angle":-1.16}]},"花瓣02":{"rotate":[{"angle":-4.59,"curve":0.5,"c3":0.5},{"time":0.7083,"curve":0.5,"c3":0.5},{"time":1.4167,"angle":-4.59}],"scale":[{},{"time":0.7083,"x":0.96},{"time":1.4167}]},"花瓣30":{"rotate":[{"angle":7.16,"curve":0.5,"c3":0.5},{"time":0.7083,"curve":0.5,"c3":0.5},{"time":1.4167,"angle":7.16}],"scale":[{},{"time":0.7083,"x":0.96},{"time":1.4167}]},"图层_7":{"rotate":[{"angle":-5.34,"curve":0.5,"c3":0.5},{"time":0.7083,"angle":-0.47,"curve":0.5,"c3":0.5},{"time":1.4167,"angle":-5.34}],"scale":[{"curve":0.5,"c3":0.5},{"time":0.7083,"x":1.02,"curve":0.5,"c3":0.5},{"time":1.4167}]},"图层_51":{"translate":[{},{"time":0.6667,"x":5.92,"y":0.27},{"time":1.4167}],"scale":[{},{"time":0.6667,"x":1.05},{"time":1.4167}]},"花瓣2":{"rotate":[{"angle":4.81,"curve":0.5,"c3":0.5},{"time":0.7083,"angle":0.18,"curve":0.5,"c3":0.5},{"time":1.4167,"angle":4.81}],"scale":[{"curve":0.5,"c3":0.5},{"time":0.7083,"x":1.02,"curve":0.5,"c3":0.5},{"time":1.4167}]},"眼睛右":{"translate":[{"time":0.625},{"time":0.7083,"x":-6.03,"y":-0.74},{"time":0.8333}],"scale":[{"time":0.625},{"time":0.7083,"y":0.6},{"time":0.8333}]},"眼睛左":{"translate":[{"time":0.625},{"time":0.7083,"x":-6.51,"y":11.56},{"time":0.8333}],"scale":[{"time":0.625},{"time":0.7083,"y":0.6},{"time":0.8333}]}},"deform":{"default":{"眼睛右":{"26_huoyanhuanvwang/眼睛右":[{"offset":36,"curve":"stepped","vertices":[-0.51999,0.18004]},{"time":0.625,"offset":36,"vertices":[-0.51999,0.18004]},{"time":0.7083,"offset":19,"vertices":[2.19002,2.12999,4.80001,3.32999,8.61002,3.22,9.97004,4.66,8.63004,4.48,9.18003,4.19001,6.82004,2.76001,3.41004,-0.00001,0.00002,-0.51999,0.18004,1.07,-0.27996,4.99,-6.39999,4.96,-12.46999,6.40001,-19.48997,1.85001,-19.17997,0.34999,-13.24996,-1.03,-6.05996,0.00001,0.00003,0,0.00003,2.55,-3.16998,0,-0.00001,0,0.00004,0.00001,0.00002,0,0.00004,0.00001,0.00003,0,0.00004,-0.00002,0.00004,0,0.00002,0,0.00003,0.04001,4.72001,0.88,9.77003,1.29,15.57004,0.60001,20.49004,3.69999,22.92004,7.41,23.73004,10.06001,22.36003,9.2,16.30002,6.86,9.50001,1.25,1.97]},{"time":0.8333,"offset":36,"vertices":[-0.51999,0.18004]},{"time":1.25,"offset":36,"vertices":[-0.51999,0.18004,0,0.00004,0,0.00001,0,0.00001,0.00001,0.00003,0.80001,-0.27997]}]},"眼睛左":{"26_huoyanhuanvwang/眼睛左":[{"offset":3,"curve":"stepped","vertices":[0.07998]},{"time":0.625,"offset":3,"vertices":[0.07998]},{"time":0.7083,"offset":2,"curve":"stepped","vertices":[3.30999,-8.75002,4.32998,-17.32001,1.02998,-20.90003,-2.52999,-12.41004,-2.63003,-9.53,-0.00002,-0.00003,-0.00001,-0.00004,-0.00002,-0.00004,-0.00002,-0.00001,-0.00002,-0.00004,-0.00003,0,-0.00001,-0.00002,-0.00001,0,0,-0.00002,0,-0.00002,-1.50003,1.90999,-1.15004,8.11999,-2.30001,15.30997,-3.30001,17.83999,-1.75,14.52996,-0.00001,8.16996,1.03999,2.29999,-0.00002,-0.00001,-0.00001,-0.00003,-0.00002,-0.00003,-0.00002,-0.00002,-0.00002,-0.00002,-0.00002,-0.00003,-0.00002,-0.00001,-0.00001,-0.00002,-0.00001,-0.00001,0.07998,1.37998,-0.00002,-0.00001,-0.00002,-0.00002,-2.34003,-11.59002,-7.17001,-20.24004,-6.09002,-27.22002,-5.10001,-31.04002,-2.58002,-30.35002,1.52999,-20.27003,5.7,-8.89005]},{"time":0.75,"offset":2,"vertices":[3.30999,-8.75002,4.32998,-17.32001,1.02998,-20.90003,-2.52999,-12.41004,-2.63003,-9.53,-0.00002,-0.00003,-0.00001,-0.00004,-0.00002,-0.00004,-0.00002,-0.00001,-0.00002,-0.00004,-0.00003,0,-0.00001,-0.00002,-0.00001,0,0,-0.00002,0,-0.00002,-1.50003,1.90999,-1.15004,8.11999,-2.30001,15.30997,-3.30001,17.83999,-1.75,14.52996,-0.00001,8.16996,1.03999,2.29999,-0.00002,-0.00001,-0.00001,-0.00003,-0.00002,-0.00003,-0.00002,-0.00002,-0.00002,-0.00002,-0.00002,-0.00003,-0.00002,-0.00001,-0.00001,-0.00002,-0.00001,-0.00001,0.07998,1.37998,-0.00002,-0.00001,-0.00002,-0.00002,-2.34003,-11.59002,-7.17001,-20.24004,-6.09002,-27.22002,-5.10001,-31.04002,-2.58002,-30.35002,1.52999,-20.27003,5.7,-8.89005]},{"time":0.8333,"offset":3,"vertices":[0.07998]}]}}}},"gongji":{"slots":{"huo1":{"attachment":[{"time":0.0417,"name":"huo/huo2"},{"time":0.0833,"name":"huo/huo3"},{"time":0.125,"name":"huo/huo4"},{"time":0.1667,"name":"huo/huo5"},{"time":0.2083,"name":"huo/huo1"},{"time":0.25,"name":"huo/huo2"},{"time":0.2917,"name":"huo/huo3"},{"time":0.3333,"name":"huo/huo4"},{"time":0.375,"name":"huo/huo5"},{"time":0.4167,"name":"huo/huo1"},{"time":0.4583,"name":"huo/huo2"},{"time":0.5,"name":"huo/huo3"},{"time":0.5421,"name":"huo/huo4"},{"time":0.5838,"name":"huo/huo5"},{"time":0.6255,"name":"huo/huo1"}]},"huo11":{"color":[{"color":"ffffff00","curve":"stepped"},{"time":0.125,"color":"ffffff00"},{"time":0.1667,"color":"ffffffff","curve":"stepped"},{"time":0.5,"color":"ffffffff"},{"time":0.625,"color":"ffffff00"}],"attachment":[{"time":0.125,"name":"huo/huo3"},{"time":0.1667,"name":"huo/huo4"},{"time":0.2083,"name":"huo/huo5"},{"time":0.25,"name":"huo/huo1"},{"time":0.2917,"name":"huo/huo2"},{"time":0.3333,"name":"huo/huo3"},{"time":0.375,"name":"huo/huo4"},{"time":0.4167,"name":"huo/huo5"},{"time":0.5,"name":"huo/huo1"}]},"花瓣动作":{"color":[{"color":"ffffff00"},{"time":0.3333,"color":"ffffffff","curve":"stepped"},{"time":0.5,"color":"ffffffff"},{"time":0.625,"color":"ffffff00"}]}},"bones":{"花瓣动作5":{"rotate":[{},{"time":0.3333,"angle":1.12},{"time":0.4167,"angle":-12.81},{"time":0.5,"angle":-8.74},{"time":0.625,"angle":-9.62}]},"huo11":{"rotate":[{},{"time":0.125,"angle":-35.8},{"time":0.1667,"angle":-45.29}],"translate":[{},{"time":0.125,"x":-423.33,"y":-180.12},{"time":0.3333,"x":-408.58,"y":-90.38},{"time":0.5,"x":140.01,"y":-119.42}],"scale":[{},{"time":0.5,"x":1.88,"y":1.88}]},"花瓣动作":{"rotate":[{"angle":70},{"time":0.3333,"angle":6.84},{"time":0.375,"angle":62.91},{"time":0.4167,"angle":-17.1},{"time":0.5,"angle":-0.9},{"time":0.625,"angle":-19.9}],"translate":[{},{"time":0.3333,"x":42.13,"y":3.19},{"time":0.4167}],"scale":[{"x":-1,"curve":"stepped"},{"time":0.375,"x":-1},{"time":0.4167},{"time":0.5,"x":1.4},{"time":0.625}]},"茎1":{"rotate":[{},{"time":0.3333,"angle":-2.77},{"time":0.4167,"angle":3.43},{"time":0.625}]},"茎2":{"rotate":[{"angle":2.72},{"time":0.3333,"angle":-0.05},{"time":0.4167,"angle":9.14},{"time":0.625,"angle":2.72}]},"茎3":{"rotate":[{"angle":-0.77},{"time":0.3333,"angle":-3.54},{"time":0.4167,"angle":5.65},{"time":0.625,"angle":-0.77}],"translate":[{"x":-11.59,"y":1.46}]},"茎4":{"rotate":[{"angle":-1.16},{"time":0.3333,"angle":-3.93},{"time":0.4167,"angle":5.26},{"time":0.625,"angle":-1.16}]},"花瓣02":{"rotate":[{"angle":-4.59,"curve":0.5,"c3":0.5},{"time":0.3333,"angle":15.44},{"time":0.4167,"angle":-64.97},{"time":0.625,"angle":-4.59}],"scale":[{},{"time":0.3333,"x":0.8},{"time":0.4167}]},"花瓣30":{"rotate":[{"angle":7.16,"curve":0.5,"c3":0.5},{"time":0.3333,"angle":-116.27},{"time":0.4167,"angle":36.31},{"time":0.5,"angle":44.07},{"time":0.625,"angle":7.16}],"scale":[{},{"time":0.4167,"y":0.8},{"time":0.625}]},"图层_7":{"rotate":[{"angle":-5.34}]},"图层_51":{"translate":[{},{"time":0.3333,"x":-10.66,"y":10.39},{"time":0.4167}],"scale":[{},{"time":0.3333,"x":0.9},{"time":0.4167,"x":1.1},{"time":0.625}]},"花瓣2":{"rotate":[{"angle":4.81}]},"花瓣动作1":{"rotate":[{},{"time":0.3333,"angle":1.12},{"time":0.4167,"angle":-12.81},{"time":0.5,"angle":-8.74},{"time":0.625,"angle":-9.62}]},"花瓣动作2":{"rotate":[{},{"time":0.3333,"angle":1.12},{"time":0.4167,"angle":-12.81},{"time":0.5,"angle":-8.74},{"time":0.625,"angle":-9.62}]},"花瓣动作3":{"rotate":[{},{"time":0.3333,"angle":1.12},{"time":0.4167,"angle":-12.81},{"time":0.5,"angle":-8.74},{"time":0.625,"angle":-9.62}]},"花瓣动作4":{"rotate":[{},{"time":0.3333,"angle":1.12},{"time":0.4167,"angle":-12.81},{"time":0.5,"angle":-8.74},{"time":0.625,"angle":-9.62}]}},"deform":{"default":{"眼睛右":{"26_huoyanhuanvwang/眼睛右":[{"offset":36,"vertices":[-0.51999,0.18004]}]},"眼睛左":{"26_huoyanhuanvwang/眼睛左":[{"offset":3,"vertices":[0.07998]}]}}},"events":[{"time":0.4167,"name":"gongji"}]}}},[0]]],0,0,[0],[-1],[0]]