[1,["ecpdLyjvZBwrvm+cedCcQy","f0BIwQ8D5Ml7nTNQbh1YlS","e97GVMl6JHh5Ml5qEDdSGa","29FYIk+N1GYaeWH/q1NxQO","99DcmgcupPxptAWsKW97w7","0fzbQSrtRPQK9dx4Blt8zm","bbJc5AT6hDaItTDAjcLZR9","96Md++HTxBDIfXDP2Mi7Kn","43vm5Ce5tPgIGqg2u7r0Dy","b2bujnIlZKUrrMLzwIVp++"],["node","_spriteFrame","_parent","_N$normalSprite","_N$pressedSprite","_N$hoverSprite","_N$disabledSprite","_textureSetter","root","data","_normalMaterial"],[["cc.Node",["_name","_opacity","_components","_prefab","_contentSize","_children","_trs","_parent","_color"],1,9,4,5,2,7,1,5],["cc.Sprite",["_sizeMode","_type","node","_materials","_spriteFrame"],1,1,3,6],["cc.Widget",["_alignFlags","alignMode","_originalWidth","_originalHeight","node"],-1,1],["cc.PrefabInfo",["fileId","root","asset"],2,1,1],["cc.Button",["_N$transition","node","clickEvents","_N$normalColor","_N$pressedColor","_N$disabledColor","_N$target","_N$normalSprite","_N$pressedSprite","_N$hoverSprite","_N$disabledSprite","_normalMaterial"],2,1,9,5,5,5,1,6,6,6,6,6],"cc.SpriteFrame",["cc.Prefab",["_name"],2],["9184f/zpTJLNqamm+I6pKfl",["node"],3,1],["cc.ClickEvent",["_componentId","handler","target"],1,1],["cc.Label",["_string","_fontSize","_enableWrapText","_N$horizontalAlign","_N$verticalAlign","_N$cacheMode","node","_materials"],-3,1,3],["cc.LabelOutline",["node","_color"],3,1,5]],[[3,0,1,2,2],[0,0,7,2,3,4,6,2],[0,0,5,2,3,8,4,2],[0,0,7,5,2,3,4,6,2],[2,1,0,2,3,4,5],[1,1,0,2,3,4,3],[8,0,1,2,3],[9,0,1,2,3,4,5,6,7,7],[10,0,1,1],[4,0,1,2,3,4,5,6,7,8,9,10,2],[6,0,2],[0,0,5,2,3,6,2],[0,0,1,7,2,3,8,4,3],[2,0,4,2],[7,0,1],[3,1,2,1],[1,0,2,3,4,2],[1,2,3,4,1],[4,0,1,2,3,4,5,6,11,7,8,9,10,2]],[[[{"name":"FailBg","rect":[0,0,540,408],"offset":[0,0],"originalSize":[540,408],"capInsets":[0,0,0,0]}],[5],0,[0],[7],[4]],[[[10,"FailUI"],[11,"FailUI",[-4,-5,-6,-7,-8],[[13,18,-2],[14,-3]],[15,-1,0],[640,360,0,0,0,0,1,1,1,1]],[2,"Background",[-11],[[5,1,0,-9,[5],6],[4,0,45,100,40,-10]],[0,"28AF4FqnpKiZdMGbCFtWvh",1,0],[4,4293322470],[5,200,80]],[2,"Background",[-14],[[5,1,0,-12,[12],13],[4,0,45,100,40,-13]],[0,"9eFn+z60NNS7RHuD0MIQhr",1,0],[4,4293322470],[5,200,80]],[2,"Background",[-17],[[5,1,0,-15,[19],20],[4,0,45,100,40,-16]],[0,"f5XqkKfNpLa6h8XAqslSKW",1,0],[4,4293322470],[5,200,80]],[3,"BackBtn",1,[2],[[9,1,-18,[[6,"9184f/zpTJLNqamm+I6pKfl","onClickBackHomeBtn",1]],[4,4293322470],[4,4291348680],[4,3363338360],2,7,8,9,10]],[0,"2f+xqh5c1HDarGRJeTTNQg",1,0],[5,200,80],[300,-200,0,0,0,0,1,1,1,1]],[1,"Label",2,[[7,"返回主页",35,false,1,1,1,-19,[4]],[8,-20,[4,4278190080]]],[0,"45M2fqf3tJyK9UQVbNfr8v",1,0],[5,142,52.4],[0,4.112,0,0,0,0,1,1,1,1]],[3,"UpgradeBtn",1,[3],[[9,1,-21,[[6,"9184f/zpTJLNqamm+I6pKfl","onClickUpgradeBtn",1]],[4,4293322470],[4,4291348680],[4,3363338360],3,14,15,16,17]],[0,"858L3S+RtAca/FSAqpCnqC",1,0],[5,200,80],[-300,-200,0,0,0,0,1,1,1,1]],[1,"Label",3,[[7,"植物升级",35,false,1,1,1,-22,[11]],[8,-23,[4,4278190080]]],[0,"e9auPgfgZAJ41Xq4T4Mx61",1,0],[5,142,52.4],[0,4.112,0,0,0,0,1,1,1,1]],[3,"RestartBtn",1,[4],[[18,1,-24,[[6,"9184f/zpTJLNqamm+I6pKfl","onClickRestartBtn",1]],[4,4293322470],[4,4291348680],[4,4286085240],4,21,22,23,24,25]],[0,"cfa0vsGPxJlYpA3rGLPhgW",1,0],[5,200,80],[0,-200,0,0,0,0,1,1,1,1]],[1,"Label",4,[[7,"重新开始",35,false,1,1,1,-25,[18]],[8,-26,[4,4278190080]]],[0,"74jENbFahJ0JLPAWCMN9bO",1,0],[5,142,52.4],[0,5,0,0,0,0,1,1,1,1]],[12,"New Sprite(Splash)",140,1,[[16,0,-27,[0],1]],[0,"e08jmsPhZDkJzF/imOlGJz",1,0],[4,4278190080],[5,1700,750]],[1,"FailBg",1,[[17,-28,[2],3]],[0,"e6XOtosp5EfaAnZ2NWXpiv",1,0],[5,540,408],[0,97.676,0,0,0,0,1,1,1,1]]],0,[0,8,1,0,0,1,0,0,1,0,-1,11,0,-2,12,0,-3,5,0,-4,7,0,-5,9,0,0,2,0,0,2,0,-1,6,0,0,3,0,0,3,0,-1,8,0,0,4,0,0,4,0,-1,10,0,0,5,0,0,6,0,0,6,0,0,7,0,0,8,0,0,8,0,0,9,0,0,10,0,0,10,0,0,11,0,0,12,0,9,1,2,2,5,3,2,7,4,2,9,28],[0,0,0,0,0,0,0,0,0,0,0,0,0,0,0,0,0,0,0,0,0,0,0,0,0,0],[-1,1,-1,1,-1,-1,1,3,4,5,6,-1,-1,1,3,4,5,6,-1,-1,1,10,3,4,5,6],[0,5,0,6,0,0,7,1,2,1,3,0,0,8,1,2,1,3,0,0,9,0,1,2,1,3]]]]