[1,["ecpdLyjvZBwrvm+cedCcQy","41cSmHkoJBy4ZY5vN/nNgs","3ae7efMv1CLq2ilvUY/tQi","08DLjsNBdNqagO0YA6wMZX","e3dYEGHLNKEo4MQGheuUdZ","b2bujnIlZKUrrMLzwIVp++","336R6NyCVCeacUNmgd0fnK","7a/QZLET9IDreTiBfRn2PD","c66j1V38NMVr3lO6X+iYLc","21dnjkWxRLdYRV65LB8RIo","ae/ZEhC9pLxJcOrNiciZ4b","bdpTAqLsBLvISeYGUyowEd","f1bCbcejRL3KRskyLhlH98","67octTBlRAXbMqkHWV83j2","a723aAQnJFra6DS0cw3ZLT","93BRmdh/xByqwJ+7K1iYgd","64ZqO8Vn5ANZaj97a+zBMk","1eITjac3pG5q6jidh6OusP","2fqhpUwMtCyr3PF9iNmer6","b3IkOIX0RB3Z6HwxMEP14E","6d8Y44DERBEbNjGKDPWj/j","e4lTj3rb9JeoJiLVCxAbrU","44dGgHtHdLkYCAb6hHEtrt","31x7soOzpIhrqCveFQQKF7","98OxUT6sxAk7opaGmvW2Uw","8asG0vyjJIXZ/q4xDTP5W4","c43o3YGuRHLZivhtBMRXXN","7b92xvcRZBR5HeMqdAU/s/","253NxmFU1I15PgaBa50jBE","36AncVtV5Nuo9kfTtrj1Ir","22I3h5QfZPE5UjWHnW5/oR","a46O8G9ONM5rFTzHyvOKlU","36eeyRi9hJeKXA2n6RdB1L","96Md++HTxBDIfXDP2Mi7Kn","d7/0t/c3ZOs4H7iWoQ27zP","43vm5Ce5tPgIGqg2u7r0Dy","c53orflM9DHb7ESgZNlo6f","89c2ysTEFIVo+ecKnBWh1t","40fKTTluBND4bAOPjADP/0","06f7ko795G+LfXEYf1Mj1j","75cYM9pOVDgJ5Iy9wWnTim","7fMBEc4EpDr7GLej+8AW8V","b0J0cQBVlNZLmNBYCYNYJx","16YUn5lLVNnaIZtD8MyMNT","3eX4Ms6ZhBs5asgqRBH4oo","34vPXMeQBDqYZT248ez97v","8dhbNFpMNE+IizU50qMIPQ","f2ywn+aX5AxoiG3Z1bu36O"],["node","_spriteFrame","_textureSetter","_parent","_normalMaterial","_grayMaterial","root","_N$skeletonData","videoBtn","levelNum","atkIcon","cardList","info_cost","info_level","info_cd","info_damage","info_desc","info_name","close_icon","info_icon","plantIcon","cards","_N$content","data"],["cc.SpriteFrame",["cc.Node",["_name","_groupIndex","_active","_prefab","_contentSize","_trs","_components","_parent","_children","_anchorPoint","_color"],0,4,5,7,9,1,2,5,5],["cc.Label",["_string","_N$horizontalAlign","_N$verticalAlign","_fontSize","_styleFlags","_lineHeight","_N$cacheMode","_N$overflow","node","_materials"],-5,1,3],["cc.Node",["_name","_groupIndex","_active","_parent","_components","_prefab","_contentSize","_trs","_color","_anchorPoint"],0,1,2,4,5,7,5,5],["cc.Sprite",["_sizeMode","_type","node","_materials","_spriteFrame"],1,1,3,6],["cc.PrefabInfo",["fileId","root","asset"],2,1,1],["cc.Widget",["_alignFlags","_horizontalCenter","_right","_bottom","node"],-1,1],["cc.Layout",["_resize","_N$layoutType","_N$spacingY","_N$paddingLeft","_N$paddingRight","_N$paddingTop","_N$spacingX","node","_layoutSize"],-4,1,5],["cc.Button",["_N$transition","_N$enableAutoGrayEffect","node","clickEvents","_normalMaterial","_grayMaterial"],1,1,9,6,6],["cc.ClickEvent",["_componentId","handler","customEventData","target"],0,1],["cc.LabelOutline",["_width","node","_color"],2,1,5],["sp.Skeleton",["defaultSkin","_preCacheMode","_animationName","node","_materials","_N$skeletonData"],0,1,3,6],["cc.Prefab",["_name"],2],["cc.Node",["_name","_parent","_components","_prefab","_contentSize","_trs"],2,1,12,4,5,7],["34241DRWgVIK4M1XpspI9Cf",["node","cards","plantIcon","info_icon","close_icon","info_name","info_desc","info_damage","info_cd","info_level","info_cost","cardList","atkIcon","levelNum","videoBtn"],3,1,1,1,1,1,1,1,1,1,1,1,1,1,1,1],["cc.BoxCollider",["tag","node","_size"],2,1,5],["cc.ScrollView",["horizontal","node","_N$content"],2,1,1],["cc.Mask",["node","_materials"],3,1,3],["2ea8bTiIf9D6aZEThZ9EKnt",["node"],3,1]],[[5,0,1,2,2],[1,0,7,6,3,4,5,2],[4,2,3,4,1],[4,1,0,2,3,4,3],[4,0,2,3,4,2],[1,0,7,8,6,3,4,5,2],[10,1,2,1],[1,0,8,6,3,4,5,2],[2,0,3,5,4,1,2,6,8,9,8],[1,0,2,7,6,3,4,5,3],[10,0,1,2,2],[3,0,3,4,5,8,6,9,7,2],[8,1,0,2,3,4,5,3],[9,0,1,3,3],[18,0,1],[2,0,3,5,1,2,8,9,6],[1,0,7,8,6,3,4,9,5,2],[1,0,7,6,3,10,4,5,2],[8,0,2,3,2],[9,0,1,2,3,4],[2,0,4,1,2,8,9,5],[1,0,7,8,3,5,2],[1,0,7,6,3,4,9,5,2],[13,0,1,2,3,4,5,2],[5,0,1,2],[7,0,1,2,7,8,4],[2,0,3,5,4,1,2,8,9,7],[2,0,4,1,2,6,8,9,6],[2,0,3,4,1,2,6,8,9,7],[12,0,2],[1,0,1,8,6,3,4,5,3],[1,0,7,8,6,3,4,2],[1,0,6,3,4,9,5,2],[1,0,7,8,3,4,5,2],[3,0,1,3,4,5,6,7,3],[3,0,3,4,5,6,7,2],[3,0,2,3,4,5,8,6,9,7,3],[14,0,1,2,3,4,5,6,7,8,9,10,11,12,13,14,1],[6,0,1,4,3],[6,0,2,3,4,4],[5,1,2,1],[4,2,3,1],[7,0,1,3,4,5,6,2,7,8,8],[15,0,1,2,2],[16,0,1,2,2],[17,0,1,1],[2,0,3,4,1,2,8,9,6],[2,0,3,5,7,8,9,5],[11,0,1,2,3,4,4],[11,0,1,3,4,5,3]],[[[{"name":"a090a","rect":[0,0,174,44],"offset":[0,0],"originalSize":[174,44],"capInsets":[0,0,0,0]}],[0],0,[0],[2],[9]],[[{"name":"a093","rect":[0,0,83,83],"offset":[0,0],"originalSize":[83,83],"capInsets":[0,0,0,0]}],[0],0,[0],[2],[10]],[[{"name":"a092","rect":[0,0,414,103],"offset":[0,0],"originalSize":[414,103],"capInsets":[0,0,0,0]}],[0],0,[0],[2],[11]],[[{"name":"a008","rect":[0,0,85,70],"offset":[0,0],"originalSize":[85,70],"capInsets":[20,20,20,20]}],[0],0,[0],[2],[12]],[[{"name":"a021","rect":[0,0,117,66],"offset":[0,0],"originalSize":[117,66],"capInsets":[0,0,0,0]}],[0],0,[0],[2],[13]],[[{"name":"a094","rect":[0,0,74,144],"offset":[0,0],"originalSize":[74,144],"capInsets":[0,0,0,0]}],[0],0,[0],[2],[14]],[[{"name":"card_info_icon","rect":[0,0,189,213],"offset":[0,0],"originalSize":[189,213],"capInsets":[0,0,0,0]}],[0],0,[0],[2],[15]],[[{"name":"a091","rect":[1,0,469,279],"offset":[0.5,0],"originalSize":[470,279],"capInsets":[0,0,0,0]}],[0],0,[0],[2],[16]],[[{"name":"a012","rect":[0,0,48,56],"offset":[0,0],"originalSize":[48,56],"capInsets":[14,0,15,0]}],[0],0,[0],[2],[17]],[[{"name":"a010","rect":[0,0,70,41],"offset":[0,0],"originalSize":[70,41],"capInsets":[15,6,12,12]}],[0],0,[0],[2],[18]],[[{"name":"card_info_bg2","rect":[0,0,66,60],"offset":[0,0],"originalSize":[66,60],"capInsets":[15,15,15,15]}],[0],0,[0],[2],[19]],[[{"name":"p_2","rect":[4,0,88,92],"offset":[2,0],"originalSize":[92,92],"capInsets":[0,0,0,0]}],[0],0,[0],[2],[20]],[[{"name":"a001","rect":[0,1,49,53],"offset":[0,-0.5],"originalSize":[49,54],"capInsets":[0,0,0,0]}],[0],0,[0],[2],[21]],[[[29,"PrepareCards"],[7,"PrepareCards",[-18,-19,-20,-21,-22,-23,-24,-25,-26,-27],[[37,-16,-15,-14,-13,-12,-11,-10,-9,-8,-7,-6,-5,-4,-3,-2],[38,18,-93.76599999999996,-17]],[40,-1,0],[5,700,600],[573.234,375,0,0,0,0,1,1,1,1]],[7,"card_info_bg",[-29,-30,-31,-32,-33,-34,-35,-36,-37,-38],[[3,1,0,-28,[26],27]],[0,"9acEYkK8dIvIxPAnCqWpVk",1,0],[5,650,314],[2,-1,0,0,0,0,1,1,1,1]],[16,"ListBg",1,[-40,-41,-42,-43,-44,-45,-46,-47],[[25,1,2,10,-39,[5,117.82,410]]],[0,"7cWhweOBlKILgBUPLH6k5U",1,0],[5,117.82,410],[0,0.5,1],[-450.352,297.402,0,0,0,0,1,1,1,1]],[7,"VideoBtn",[-50,-51,-52],[[3,1,0,-48,[32],33],[18,1,-49,[[13,"34241DRWgVIK4M1XpspI9Cf","onClickVideoBtn",1]]]],[0,"3cWWJ0WfpPtKWIICZGFvdj",1,0],[5,100,39],[163.856,-117.359,0,0,0,0,1,2,2,1]],[7,"Reward1",[-54,-55,-56,-57,-58],[[4,0,-53,[84],85]],[0,"6czW/ComFEe4Piqwgyu6zG",1,0],[5,530,103],[0,114.958,0,0,0,0,1,1,1,1]],[7,"Reward2",[-60,-61,-62,-63,-64],[[4,0,-59,[99],100]],[0,"2837VVCD5G8LCXPRgkQnmb",1,0],[5,530,103],[0,-7.629,0,0,0,0,1,1,1,1]],[7,"Reward3",[-66,-67,-68,-69,-70],[[4,0,-65,[114],115]],[0,"f7coByietIs43msdudyT5n",1,0],[5,530,103],[0,-123.625,0,0,0,0,1,1,1,1]],[5,"x",1,[-74],[[3,1,0,-71,[35],36],[39,36,-165.709,-1.490000000000009,-72],[12,true,1,-73,[[13,"34241DRWgVIK4M1XpspI9Cf","onClickStart",1]],37,38]],[0,"b5zdCIzPFGWKYvUNCBuLQi",1,0],[5,202,90],[414.70900000000006,-256.49,0,0,0,0,1,1,1,1]],[30,"plant_1",1,[-77],[[43,1,-76,[5,80,80]]],[24,"76KxQW6PJJN42UsmFYnIKG",-75],[5,90,66],[-12.031,-26.948,0,0,0,0,1,1.5,1.5,1]],[5,"a005",1,[-80,-81],[[2,-78,[58],59],[18,1,-79,[[13,"34241DRWgVIK4M1XpspI9Cf","clearAll",1]]]],[0,"57vJN6htNO9LWxMNL4z5np",1,0],[5,116,51],[-449.261,-275.703,0,0,0,0,1,1,1,1]],[5,"DaiFu",1,[-83,-84,-85],[[3,1,0,-82,[120],121]],[0,"8apGqf93RHU4FXcmznjmIU",1,0],[5,570,400],[521.414,-32.708,0,0,0,0,1,0.75,0.75,0.4]],[31,"Bg",11,[5,6,7],[[3,1,0,-86,[116],117]],[0,"faEDSWKcdC0LMwDq4K3bUw",1,0],[5,550,380]],[5,"VideoBtn",5,[-89,-90],[[3,1,0,-87,[80],81],[12,true,1,-88,[[19,"34241DRWgVIK4M1XpspI9Cf","onClickDaiFuVideo","1",1]],82,83]],[0,"daTLraaj9Bp431Ta/JwLTB",1,0],[5,200,75],[187.948,-15.546,0,0,0,0,1,0.6,0.6,1]],[5,"VideoBtn",6,[-93,-94],[[3,1,0,-91,[95],96],[12,true,1,-92,[[19,"34241DRWgVIK4M1XpspI9Cf","onClickDaiFuVideo","2",1]],97,98]],[0,"bazrCMM7pEPaOyk6+zbZAH",1,0],[5,200,75],[187.948,-15.546,0,0,0,0,1,0.6,0.6,1]],[5,"VideoBtn",7,[-97,-98],[[3,1,0,-95,[110],111],[12,true,1,-96,[[19,"34241DRWgVIK4M1XpspI9Cf","onClickDaiFuVideo","3",1]],112,113]],[0,"ccQqsaAgJJWqyTWv/jSDCH",1,0],[5,200,75],[187.948,-15.546,0,0,0,0,1,0.6,0.6,1]],[16,"cardsPanel",1,[-101,-102],[[44,false,-100,-99]],[0,"04km2fvdxKR7yEF7oLxrwQ",1,0],[5,650,400],[0,0.5,1],[-44.966,-1.775,0,0,0,0,1,0.92,0.92,1]],[32,"cards",[[42,1,3,12,12,5,10,10,-103,[5,650,147]]],[0,"67tthK7h9OrLv/J3kFFyxa",1,0],[5,650,147],[0,0.5,1],[-0.73,-11.554,0,0,0,0,1,1,1,1]],[5,"card_info_topbg",2,[-105,-106],[[3,1,0,-104,[9],10]],[0,"cbg0adHitNaovWYn48Zd+3",1,0],[5,650,56],[-1,128.795,0,0,0,0,1,1,1,1]],[5,"card_info_icon_bg",2,[-108,9],[[4,2,-107,[14],15]],[0,"982XgpZrJF7aecd0o8Cw/j",1,0],[5,189,213],[-221.804,-24.342,0,0,0,0,1,1,1,1]],[5,"SunPanel",1,[-110,-111],[[3,1,0,-109,[63],64]],[0,"b5+ezLC4pDvq7GImFO2TAr",1,0],[5,100,37],[-445.877,331.368,0,0,0,0,1,1,1,1]],[21,"Title",11,[-112,-113,-114],[0,"a5IaQDaTNICqj5k5r4yQS8",1,0],[-33.407,-13.181,0,0,0,0,1,1.1,1.1,1]],[16,"view",16,[17],[[45,-115,[6]]],[0,"ddqMYTrX1Ny6RgY6P28AiB",1,0],[5,670,280],[0,0.5,1],[0,13.324,0,0,0,0,1,1,1,1]],[21,"info",1,[-116,4],[0,"c56vLgjBlDfJwXOQP1VQJX",1,0],[-44.966,184.015,0,0,0,0,1,0.9,0.9,1]],[23,"card_info_name",18,[[-117,[10,2,-118,[4,4278190080]]],1,4],[0,"b6J+G1qW9KxrjxXnTmugYa",1,0],[5,109,48.1],[-93.738,0,0,0,0,0,1,1,1,1]],[23,"Level",18,[[-119,[10,2,-120,[4,4278190080]]],1,4],[0,"813zVsJ1lNVLEBlvG9t/XJ",1,0],[5,26.25,54.4],[68.406,0,0,0,0,0,1,1,1,1]],[9,"card_info_icon",false,19,[[2,-121,[11],12]],[0,"29tWmLa8JJ5a9Q9dXV0ghV",1,0],[5,88,92],[0,0,0,0,0,0,1,1.5,1.5,1]],[1,"video",4,[[2,-122,[28],29],[14,-123]],[0,"5cLmxMnDlC5a5n/SasYNTt",1,0],[5,80,57],[-30.728,0,0,0,0,0,1,0.3,0.3,1]],[1,"New Label",4,[[26,"点击试用",30,30,1,1,1,-124,[30]],[6,-125,[4,4278190080]]],[0,"afrWdXBvBEbJKNaLx4fm27",1,0],[5,122,39.8],[15.327,0.95,0,0,0,0,1,0.5,0.5,1]],[9,"New Label copy",false,4,[[46,"观看两次视频即可试用全部植物",15,1,1,1,-126,[31]],[6,-127,[4,4278190080]]],[0,"4aOR1nzJpPm4g1+6+Oxd9R",1,0],[5,212,52.4],[-0.94,-34.282,0,0,0,0,1,1,1,1]],[1,"New Label",8,[[27,"准备完成",1,1,1,1,-128,[34]],[6,-129,[4,4278190080]]],[0,"ffTsBuoR9Ew6TAXWvEqgor",1,0],[5,162,52.4],[0,5.634,0,0,0,0,1,1,1,1]],[22,"List",1,[[25,1,2,4,-130,[5,117.82,136]]],[0,"6187fxz2lOXamAdUFL97YB",1,0],[5,117.82,136],[0,0.5,1],[-450.352,297.402,0,0,0,0,1,1,1,1]],[1,"New Label",10,[[28,"清空卡牌",20,1,1,1,1,-131,[55]],[6,-132,[4,4278190080]]],[0,"99RHcz1UdLe7RNPJDUftwT",1,0],[5,82,52.4],[-10.261,2.172,0,0,0,0,1,1,1,1]],[1,"New Label",5,[[8,"黄瓜炸弹",25,25,1,1,1,1,-133,[75]],[6,-134,[4,4278190080]]],[0,"a6BBJGdxBDzIswRN9rxMj6",1,0],[5,102,33.5],[-86.578,31.704,0,0,0,0,1,1,1,1]],[1,"Label",13,[[20,"领取",1,1,1,-135,[77]],[10,2,-136,[4,4278190080]]],[0,"d6ODzrtn5M76IzMFMlwMPM",1,0],[5,84,54.4],[37.59,0,0,0,0,0,1,1,1,1]],[1,"videoWhite",13,[[2,-137,[78],79],[14,-138]],[0,"264qMaEjxN0K62e/gIHRmZ",1,0],[5,80,57],[-50.4,0,0,0,0,0,1,0.8,0.8,1]],[22,"PlantName",6,[[8,"黄瓜炸弹",25,25,1,1,1,1,-139,[90]],[6,-140,[4,4278190080]]],[0,"73Nx7qAWBOaoJyyECZPkCh",1,0],[5,102,33.5],[0,0,0.5],[-137.398,31.704,0,0,0,0,1,1,1,1]],[1,"Label",14,[[20,"领取",1,1,1,-141,[92]],[10,2,-142,[4,4278190080]]],[0,"d8ITuZ3R5CQq0vxrXjnti0",1,0],[5,84,54.4],[37.59,0,0,0,0,0,1,1,1,1]],[1,"videoWhite",14,[[2,-143,[93],94],[14,-144]],[0,"efv0T0CQNCzrFosAoTcPLR",1,0],[5,80,57],[-50.4,0,0,0,0,0,1,0.8,0.8,1]],[1,"New Label",7,[[8,"免费太阳",25,25,1,1,1,1,-145,[105]],[6,-146,[4,4278190080]]],[0,"6cHWNWv2RKQIgz4AdY1dS+",1,0],[5,102,33.5],[-86.578,31.704,0,0,0,0,1,1,1,1]],[1,"Label",15,[[20,"领取",1,1,1,-147,[107]],[10,2,-148,[4,4278190080]]],[0,"15gggAm6BAmYZgvpuv0aiP",1,0],[5,84,54.4],[37.59,0,0,0,0,0,1,1,1,1]],[1,"videoWhite",15,[[2,-149,[108],109],[14,-150]],[0,"34h/fhSMlP64JxflhvABY9",1,0],[5,80,57],[-50.4,0,0,0,0,0,1,0.8,0.8,1]],[9,"CloseBtn",false,11,[[2,-151,[118],119],[18,1,-152,[[13,"34241DRWgVIK4M1XpspI9Cf","onClickCloseDaiFu",1]]]],[0,"57lGs1RTtE67Xr9ekq2rKP",1,0],[5,65,65],[255.201,223.991,0,0,0,0,1,1,1,1]],[1,"a008",1,[[3,1,0,-153,[0],1]],[0,"0d3Z8Yt7ZJerATMk9fhTLE",1,0],[5,690,650],[-44.966,23.651,0,0,0,0,1,0.9,0.9,1]],[1,"Bg",1,[[3,1,0,-154,[2],3]],[0,"c3zY+ykSpLvZCrvbu6K5V8",1,0],[5,670,630],[-44.966,23.651,0,0,0,0,1,0.9,0.9,1]],[1,"a010",16,[[3,1,0,-155,[4],5]],[0,"43MqkbSPlFiI8v/Odcuock",1,0],[5,650,290],[-1.12,-131.425,0,0,0,0,1,1,1,1]],[33,"card_info_bg2",23,[2],[0,"e4BXH7S3ZHX554HFYfH1XC",1,0],[5,660,333],[-1,-27,0,0,0,0,1,1,1,1]],[26,"太阳花",35,35,1,1,1,24,[7]],[27,"1",1,1,1,1,25,[8]],[34,"p01",1,9,[-156],[24,"37efQHgb9EdajmcQqudOOa",9],[5,82.43,122.66],[6.459,-31.527,0,0,0,0,1,1,1,1]],[48,"default",0,"daiji",49,[13]],[11,"card_info_desc",2,[-157],[0,"ed18FY/jFPjbx4VaOGu9f8",1,0],[4,4278190080],[5,400,37.8],[0,0,1],[-104.971,75.324,0,0,0,0,1,1,1,1]],[47,"111",20,30,3,51,[16]],[1,"card_info_cd",2,[[2,-158,[17],18]],[0,"73nc1FOaVBI4bkBzxHc51A",1,0],[5,32,32],[127.565,-22.574,0,0,0,0,1,1,1,1]],[1,"card_info_cost",2,[[2,-159,[19],20]],[0,"7fhGDFqKhK+JUdDkGaIyRX",1,0],[5,32,33],[-91.118,-82.105,0,0,0,0,1,1,1,1]],[35,"card_info_atk",2,[-160],[0,"4bzNIsz0VHW7hfEtvP1GLN",1,0],[5,30,33],[-89.903,-22.574,0,0,0,0,1,1,1,1]],[41,55,[21]],[11,"txt_damage",2,[-161],[0,"f5w0vgYnBBXZOdh56W5cKd",1,0],[4,4278190080],[5,22.25,25.2],[0,0,0.5],[-60.746,-21.359,0,0,0,0,1,1,1,1]],[15,"50",20,20,1,1,57,[22]],[11,"txt_cost",2,[-162],[0,"722LLAXZZGWZxRfQEh8AYC",1,0],[4,4278190080],[5,22.25,25.2],[0,0,0.5],[-58.316,-86.964,0,0,0,0,1,1,1,1]],[15,"50",20,20,1,1,59,[23]],[11,"txt_cd",2,[-163],[0,"f82e6m7I9OR68QGn7BMG55",1,0],[4,4278190080],[5,22.25,25.2],[0,0,0.5],[165.227,-22.574,0,0,0,0,1,1,1,1]],[15,"50",20,20,1,1,61,[24]],[36,"txt_level",false,2,[-164],[0,"a6Pe8U6tpIiqJBiei7/aXC",1,0],[4,4278190080],[5,22.25,25.2],[0,0,0.5],[167.656,-104.482,0,0,0,0,1,1,1,1]],[15,"50",20,20,1,1,63,[25]],[1,"a021",3,[[4,0,-165,[39],40]],[0,"3eswE5bvRJjY7WrIHMYYGI",1,0],[5,113,60],[0,-30,0,0,0,0,1,1,1,1]],[1,"a021 copy",3,[[4,0,-166,[41],42]],[0,"8fKID+iMBHbbPAbio1mu9F",1,0],[5,113,60],[0,-100,0,0,0,0,1,1,1,1]],[1,"a021 copy",3,[[4,0,-167,[43],44]],[0,"8fsJt15/ZOPJqVg2khCBGn",1,0],[5,113,60],[0,-170,0,0,0,0,1,1,1,1]],[1,"a021 copy",3,[[4,0,-168,[45],46]],[0,"fc5bX4Z1RNGYN3GoZo1xDc",1,0],[5,113,60],[0,-240,0,0,0,0,1,1,1,1]],[1,"a021 copy",3,[[4,0,-169,[47],48]],[0,"6bvMRsP01HnJRhiLqVLxCL",1,0],[5,113,60],[0,-310,0,0,0,0,1,1,1,1]],[1,"a021 copy",3,[[4,0,-170,[49],50]],[0,"acKq2aJCxBjYtEj1fkAiGT",1,0],[5,113,60],[0,-380,0,0,0,0,1,1,1,1]],[9,"a021 copy",false,3,[[4,0,-171,[51],52]],[0,"c58LmFZpJFgqtKqHvL0NlU",1,0],[5,113,60],[0,-450,0,0,0,0,1,1,1,1]],[9,"a021 copy",false,3,[[4,0,-172,[53],54]],[0,"bbAPIDgf5AYKvjZkqYrXCD",1,0],[5,113,60],[0,-520,0,0,0,0,1,1,1,1]],[1,"a006",10,[[2,-173,[56],57]],[0,"0fr2S8jw1JaZdxEOtXiGHm",1,0],[5,35,48],[45.712,0,0,0,0,0,1,1,1,1]],[1,"a001",20,[[2,-174,[60],61]],[0,"86SFVxL39JYJ0KqvU7KaKL",1,0],[5,49,53],[-59.34,0,0,0,0,0,1,1,1,1]],[1,"New Label",20,[[28,"9999",30,1,1,1,1,-175,[62]]],[0,"1fmYILeTtHibaUVt+cp8M5",1,0],[5,66.74,50.4],[4.307,0,0,0,0,0,1,1,1,1]],[1,"a091",21,[[2,-176,[65],66]],[0,"91MLCOFYZPBLBzkLNT29b3",1,0],[5,469,279],[5.813,263.103,0,0,0,0,1,1,1,1]],[1,"a120",21,[[2,-177,[67],68]],[0,"d2JmfHV5xI8pIe/RDd/2F1",1,0],[5,250,71],[0,209.641,0,0,0,0,1,1,1,1]],[1,"a090",21,[[2,-178,[69],70]],[0,"ea8M34XgtOSraWdPGJs9tU",1,0],[5,174,44],[3.829,213.408,0,0,0,0,1,1,1,1]],[1,"a093",5,[[2,-179,[71],72]],[0,"2adiUc8d5EE5r6vci1x3De",1,0],[5,83,83],[-215.108,1.409,0,0,0,0,1,1,1,1]],[1,"a094",5,[[2,-180,[73],74]],[0,"f5CFQbaOBJYaOQfHoJeqfs",1,0],[5,74,144],[-215.108,3.826,0,0,0,0,1,0.6,0.6,1]],[17,"New Label copy",5,[[8,"使用后可以秒杀全场僵尸",25,25,1,1,1,1,-181,[76]]],[0,"6bsGEVsxFF/aH0C+DKpZhC",1,0],[4,4278190080],[5,275,31.5],[-26.949,-13.66,0,0,0,0,1,1,1,1]],[1,"a093",6,[[2,-182,[86],87]],[0,"042bA1jG9Mmr20TPJPRjjb",1,0],[5,83,83],[-215.108,1.409,0,0,0,0,1,1,1,1]],[1,"Plant",6,[[49,"default",0,-183,[88],89]],[0,"0dHVHmOo9EXpBOmxZAybZw",1,0],[5,90.49,123.63],[-215.108,-26.583,0,0,0,0,1,0.6,0.6,1]],[17,"Desc",6,[[8,"本关免费体验满级植物",25,25,1,1,1,1,-184,[91]]],[0,"24Gt5t7eJNbrah++kt5Chl",1,0],[4,4278190080],[5,250,31.5],[-33.565,-13.66,0,0,0,0,1,1,1,1]],[1,"a093",7,[[2,-185,[101],102]],[0,"b6LfGo6qtPCZ/OfC2bla5c",1,0],[5,83,83],[-215.108,1.409,0,0,0,0,1,1,1,1]],[1,"a094",7,[[2,-186,[103],104]],[0,"92/Z+aFP9H0JiHrhZ80ihQ",1,0],[5,49,53],[-214.163,0.991,0,0,0,0,1,1,1,1]],[17,"New Label copy",7,[[8,"本关额外获得2000太阳",25,25,1,1,1,1,-187,[106]]],[0,"a3G07M5lxOD6wEoImAzVT/",1,0],[4,4278190080],[5,255.62,31.5],[-26.949,-13.66,0,0,0,0,1,1,1,1]]],0,[0,6,1,0,8,4,0,9,48,0,10,56,0,11,31,0,12,60,0,13,64,0,14,62,0,15,58,0,16,52,0,17,47,0,18,8,0,19,26,0,20,50,0,21,17,0,0,1,0,0,1,0,-1,43,0,-2,44,0,-3,16,0,-4,23,0,-5,8,0,-6,3,0,-7,31,0,-8,10,0,-9,20,0,-10,11,0,0,2,0,-1,18,0,-2,19,0,-3,51,0,-4,53,0,-5,54,0,-6,55,0,-7,57,0,-8,59,0,-9,61,0,-10,63,0,0,3,0,-1,65,0,-2,66,0,-3,67,0,-4,68,0,-5,69,0,-6,70,0,-7,71,0,-8,72,0,0,4,0,0,4,0,-1,27,0,-2,28,0,-3,29,0,0,5,0,-1,79,0,-2,80,0,-3,33,0,-4,81,0,-5,13,0,0,6,0,-1,82,0,-2,83,0,-3,36,0,-4,84,0,-5,14,0,0,7,0,-1,85,0,-2,86,0,-3,39,0,-4,87,0,-5,15,0,0,8,0,0,8,0,0,8,0,-1,30,0,6,9,0,0,9,0,-1,49,0,0,10,0,0,10,0,-1,32,0,-2,73,0,0,11,0,-1,21,0,-2,12,0,-3,42,0,0,12,0,0,13,0,0,13,0,-1,34,0,-2,35,0,0,14,0,0,14,0,-1,37,0,-2,38,0,0,15,0,0,15,0,-1,40,0,-2,41,0,22,17,0,0,16,0,-1,45,0,-2,22,0,0,17,0,0,18,0,-1,24,0,-2,25,0,0,19,0,-1,26,0,0,20,0,-1,74,0,-2,75,0,-1,76,0,-2,77,0,-3,78,0,0,22,0,-1,46,0,-1,47,0,0,24,0,-1,48,0,0,25,0,0,26,0,0,27,0,0,27,0,0,28,0,0,28,0,0,29,0,0,29,0,0,30,0,0,30,0,0,31,0,0,32,0,0,32,0,0,33,0,0,33,0,0,34,0,0,34,0,0,35,0,0,35,0,0,36,0,0,36,0,0,37,0,0,37,0,0,38,0,0,38,0,0,39,0,0,39,0,0,40,0,0,40,0,0,41,0,0,41,0,0,42,0,0,42,0,0,43,0,0,44,0,0,45,0,-1,50,0,-1,52,0,0,53,0,0,54,0,-1,56,0,-1,58,0,-1,60,0,-1,62,0,-1,64,0,0,65,0,0,66,0,0,67,0,0,68,0,0,69,0,0,70,0,0,71,0,0,72,0,0,73,0,0,74,0,0,75,0,0,76,0,0,77,0,0,78,0,0,79,0,0,80,0,0,81,0,0,82,0,0,83,0,0,84,0,0,85,0,0,86,0,0,87,0,23,1,2,3,46,4,3,23,5,3,12,6,3,12,7,3,12,9,3,19,17,3,22,187],[0,0,0,0,0,0,0,0,0,0,0,0,0,0,0,0,0,0,0,0,0,0,0,0,0,0,0,0,0,0,0,0,0,0,0,0,0,0,0,0,0,0,0,0,0,0,0,0,0,0,0,0,0,0,0,0,0,0,0,0,0,0,0,0,0,0,0,0,0,0,0,0,0,0,0,0,0,0,0,0,0,0,0,0,0,0,0,0,0,0,0,0,0,0,0,0,0,0,0,0,0,0,0,0,0,0,0,0,0,0,0,0,0,0,0,0,0,0,0,0,0,0,50,56],[-1,1,-1,1,-1,1,-1,-1,-1,-1,1,-1,1,-1,-1,1,-1,-1,1,-1,1,-1,-1,-1,-1,-1,-1,1,-1,1,-1,-1,-1,1,-1,-1,1,4,5,-1,1,-1,1,-1,1,-1,1,-1,1,-1,1,-1,1,-1,1,-1,-1,1,-1,1,-1,1,-1,-1,1,-1,1,-1,1,-1,1,-1,1,-1,1,-1,-1,-1,-1,1,-1,1,4,5,-1,1,-1,1,-1,7,-1,-1,-1,-1,1,-1,1,4,5,-1,1,-1,1,-1,1,-1,-1,-1,-1,1,-1,1,4,5,-1,1,-1,1,-1,1,-1,1,7,1],[0,22,0,23,0,24,0,0,0,0,25,0,26,7,0,27,0,0,28,0,29,0,0,0,0,0,0,30,0,31,0,0,0,32,0,0,33,0,2,0,1,0,1,0,1,0,1,0,1,0,1,0,1,0,1,0,0,34,0,35,0,8,0,0,36,0,37,0,38,0,39,0,3,0,40,0,0,0,0,4,0,5,0,2,0,6,0,3,7,41,0,0,0,0,4,0,5,0,2,0,6,0,3,0,8,0,0,0,0,4,0,5,0,2,0,6,0,42,0,43,0,44,45,46]],[[{"name":"a006","rect":[0,1,35,48],"offset":[0,-0.5],"originalSize":[35,49],"capInsets":[0,0,0,0]}],[0],0,[0],[2],[47]]]]