[1,["e3Na6WdjJK9LpgWa8SaKIQ","6036uQcRZI1qcK2kj7QSGe","85nyPXJk9M9bTH8Ui7GvpG"],["root","body","animation","node","data","_N$skeletonData"],[["cc.Node",["_name","_groupIndex","_parent","_components","_prefab","_contentSize"],1,1,2,4,5],["cc.PrefabInfo",["fileId","root","asset"],2,1,1],["cc.Prefab",["_name"],2],["cc.Node",["_name","_children","_components","_prefab","_trs"],2,2,12,4,7],["b9da2ckJ49KCJ87/y5Ssjij",["node","animation","body"],3,1,1,1],["cc.BoxCollider",["node","_offset","_size"],3,1,5,5],["96c396uvMtPhLUJFoRD9JmK",["node","body"],3,1,1],["sp.Skeleton",["defaultSkin","defaultAnimation","_preCacheMode","_animationName","node","_materials"],-1,1,3],["261d4+Q1HdGA5w3tjdBw83c",["activeFlash","node","spineAnimation"],2,1,1],["sp.SkeletonData",["_name","_atlasText","textureNames","_skeletonJson","textures"],-1,3]],[[1,0,1,2,2],[2,0,2],[3,0,1,2,3,4,2],[0,0,1,2,3,4,3],[0,0,2,3,4,5,2],[4,0,1,2,1],[1,1,2,1],[5,0,1,2,1],[6,0,1,1],[7,0,1,2,3,4,5,5],[8,0,1,2,2],[9,0,1,2,3,4,5]],[[[[1,"Jalapeno"],[2,"Jalapeno",[-6,-7],[[-2,[5,-5,-4,-3]],1,4],[6,-1,0],[-494,-293,0,0,0,0,1,1,1,1]],[3,"bodyC",5,1,[-8,-9],[0,"09M043h5BJWqNRI1V5Pe8f",1,0]],[7,2,[0,0,40],[5,80,100]],[8,2,3],[4,"21_plant",1,[-10],[0,"c1UahmYB9IWYLXvITbUA8t",1,0],[5,61.82,104.72]],[9,"default","idle",0,"idle",5,[0]],[10,true,1,6]],0,[0,0,1,0,-1,7,0,1,4,0,2,7,0,3,1,0,-1,2,0,-2,5,0,-1,3,0,-2,4,0,-1,6,0,4,1,10],[0,6],[-1,5],[0,1]],[[[11,"21_plant","\n21_plant.png\nsize: 256,128\nformat: RGBA8888\nfilter: Linear,Linear\nrepeat: none\nbody\n  rotate: true\n  xy: 2, 43\n  size: 82, 126\n  orig: 84, 128\n  offset: 1, 1\n  index: -1\neye1\n  rotate: false\n  xy: 56, 12\n  size: 29, 29\n  orig: 31, 31\n  offset: 1, 1\n  index: -1\neye2\n  rotate: false\n  xy: 109, 26\n  size: 15, 15\n  orig: 17, 17\n  offset: 1, 1\n  index: -1\neye3\n  rotate: false\n  xy: 109, 10\n  size: 14, 14\n  orig: 16, 16\n  offset: 1, 1\n  index: -1\neye4\n  rotate: true\n  xy: 87, 16\n  size: 25, 20\n  orig: 27, 22\n  offset: 1, 1\n  index: -1\neye5\n  rotate: false\n  xy: 87, 2\n  size: 15, 12\n  orig: 17, 14\n  offset: 1, 1\n  index: -1\nleaf\n  rotate: true\n  xy: 2, 2\n  size: 39, 23\n  orig: 41, 25\n  offset: 1, 1\n  index: -1\nmouth\n  rotate: true\n  xy: 27, 9\n  size: 32, 27\n  orig: 38, 29\n  offset: 1, 1\n  index: -1\n",["21_plant.png"],{"skeleton":{"hash":"VBBvLm8mql/T32DIeVLGPTMf5sY","spine":"3.8.99","x":-30.8,"y":-6.38,"width":61.82,"height":104.72},"bones":[{"name":"root"},{"name":"plant","parent":"root","scaleX":0.22,"scaleY":0.22},{"name":"body","parent":"plant","x":-11.47,"y":165.55},{"name":"mouth","parent":"body","x":2.26,"y":27.48},{"name":"eye1","parent":"body","x":-33.88,"y":112.26},{"name":"eye2","parent":"body","x":50.69,"y":102.11},{"name":"eye5","parent":"body","x":52.17,"y":76.95},{"name":"eye3","parent":"body","x":37.37,"y":130.42},{"name":"eye4","parent":"body","x":-49.95,"y":167.05},{"name":"leaf","parent":"body","length":91.1,"rotation":35.73,"x":2.55,"y":219.43}],"slots":[{"name":"leaf","bone":"leaf","attachment":"leaf"},{"name":"body","bone":"body","attachment":"body"},{"name":"mouth","bone":"mouth","attachment":"mouth"},{"name":"eye2","bone":"eye2","attachment":"eye2"},{"name":"eye1","bone":"eye1","attachment":"eye1"},{"name":"eye3","bone":"eye3","attachment":"eye3"},{"name":"eye4","bone":"eye4","attachment":"eye4"},{"name":"eye5","bone":"eye5","attachment":"eye5"}],"skins":[{"name":"default","attachments":{"body":{"body":{"x":11.97,"y":17.95,"width":281,"height":425}},"eye1":{"eye1":{"x":-3.64,"y":3.19,"width":102,"height":104}},"eye2":{"eye2":{"x":-3.21,"y":0.33,"width":58,"height":56}},"eye3":{"eye3":{"x":1.11,"y":-7.47,"width":52,"height":53}},"eye4":{"eye4":{"x":2.93,"y":-11.6,"width":89,"height":72}},"eye5":{"eye5":{"x":-2.69,"y":8.99,"width":56,"height":45}},"leaf":{"leaf":{"x":40.45,"y":-4.44,"rotation":-35.73,"width":137,"height":84}},"mouth":{"mouth":{"x":-0.78,"y":-3.53,"width":128,"height":95}}}}],"animations":{"blow":{"bones":{"body":{"translate":[{},{"time":0.4,"y":29.04}],"scale":[{},{"time":0.4,"x":1.652,"y":1.26}]},"mouth":{"translate":[{},{"time":0.4,"x":-7.23,"y":-7.76}],"scale":[{},{"time":0.4,"x":1.279,"y":1.072}],"shear":[{},{"time":0.4,"x":10.81}]},"eye1":{"translate":[{},{"time":0.4,"x":-7.23,"y":-7.76}],"scale":[{},{"time":0.4,"x":1.079,"y":1.274}]},"eye2":{"translate":[{},{"time":0.4,"x":6.54,"y":6.43}],"scale":[{},{"time":0.4,"x":1.151,"y":0.854}]},"eye5":{"translate":[{},{"time":0.4,"y":0.36}],"scale":[{},{"time":0.4,"x":1.744,"y":1.214}],"shear":[{},{"time":0.4,"x":-1.12}]},"eye3":{"rotate":[{},{"time":0.4,"angle":-7.2}],"translate":[{},{"time":0.4,"x":16.34,"y":-4.33}],"scale":[{},{"time":0.4,"x":1.461,"y":1.645}],"shear":[{},{"time":0.4,"x":-7.72}]},"eye4":{"rotate":[{},{"time":0.4,"angle":-10.68}],"translate":[{},{"time":0.4,"x":7.4,"y":-8.91}],"scale":[{},{"time":0.4,"x":1.346,"y":1.501}],"shear":[{},{"time":0.4,"x":-15.84}]},"leaf":{"rotate":[{},{"time":0.4,"angle":-16.21}],"translate":[{},{"time":0.4,"x":-7.68,"y":-7.19}],"scale":[{},{"time":0.4,"x":0.61,"y":0.922}],"shear":[{},{"time":0.4,"x":6.86}]}}},"idle":{"bones":{"body":{"translate":[{},{"time":0.1,"x":3.65,"y":3.65},{"time":0.2}],"scale":[{},{"time":0.1,"x":1.068,"y":0.921},{"time":0.2}]},"mouth":{"translate":[{},{"time":0.1,"x":0.6,"y":11.94},{"time":0.2}],"scale":[{},{"time":0.1,"x":1.155,"y":0.745},{"time":0.2}]},"eye1":{"translate":[{},{"time":0.1,"x":-1.79,"y":9.33},{"time":0.2}],"scale":[{},{"time":0.1,"x":0.856,"y":0.856},{"time":0.2}],"shear":[{},{"time":0.1,"y":3.96},{"time":0.2}]},"eye2":{"translate":[{},{"time":0.1,"x":-2.68,"y":6.57},{"time":0.2}]},"eye5":{"translate":[{},{"time":0.1,"x":-2.09,"y":8.99},{"time":0.2}],"scale":[{},{"time":0.1,"x":1.186},{"time":0.2}],"shear":[{},{"time":0.1,"x":-6.67},{"time":0.2}]},"eye3":{"translate":[{},{"time":0.1,"x":0.6,"y":0.69},{"time":0.2}],"scale":[{},{"time":0.1,"x":1.197,"y":0.921},{"time":0.2}]},"eye4":{"translate":[{},{"time":0.1,"x":0.6,"y":-4.15},{"time":0.2}],"scale":[{},{"time":0.1,"y":0.776},{"time":0.2}]},"leaf":{"rotate":[{},{"time":0.1,"angle":-11.88},{"time":0.2}],"translate":[{},{"time":0.1,"x":-7.55,"y":-8.34},{"time":0.2}],"scale":[{},{"time":0.1,"x":0.934},{"time":0.2}]}}}}},[0]]],0,0,[0],[-1],[2]]]]