[1,["e3Na6WdjJK9LpgWa8SaKIQ","7a/QZLET9IDreTiBfRn2PD","e5zPaOOopMoa+Vg5H4YTEB","cf/9oZdvxA7p5Yi+2BY3Mp","a1ynHt+tZNA6O4lzrSHo7Z"],["_N$skeletonData","root","sleepAni","body","animation","node","data"],[["cc.Node",["_name","_groupIndex","_parent","_components","_prefab","_contentSize","_trs"],1,1,2,4,5,7],["cc.PrefabInfo",["fileId","root","asset"],2,1,1],["261d4+Q1HdGA5w3tjdBw83c",["activeFlash","node","spineAnimation"],2,1,1],["cc.Prefab",["_name"],2],["cc.Node",["_name","_children","_components","_prefab","_trs"],2,2,9,4,7],["36aa8kF/wpAbJVUIU/KcNOn",["shadowScale","node","animation","body","shadowOffset","sleepAni"],2,1,1,1,5,1],["cc.BoxCollider",["node","_offset","_size"],3,1,5,5],["96c396uvMtPhLUJFoRD9JmK",["node","body"],3,1,1],["sp.Skeleton",["defaultSkin","defaultAnimation","_preCacheMode","_animationName","node","_materials"],-1,1,3],["sp.SkeletonData",["_name","_atlasText","textureNames","_skeletonJson","textures"],-1,3]],[[1,0,1,2,2],[8,0,1,2,3,4,5,5],[3,0,2],[4,0,1,2,3,4,2],[0,0,1,2,3,4,3],[0,0,2,3,4,5,2],[0,0,2,3,4,5,6,2],[5,0,1,2,3,4,5,2],[1,1,2,1],[6,0,1,2,1],[7,0,1,1],[2,0,1,2,2],[2,1,2,1],[9,0,1,2,3,4,5]],[[[[2,"DoomShroom"],[3,"DoomShroom",[-6,-7,-8],[[7,1.1,-5,-4,-3,[0,0,12],-2]],[8,-1,0],[-494,-293,0,0,0,0,1,1,1,1]],[4,"bodyC",5,1,[-9,-10],[0,"20nnlcD9dGnoT7kOrY0IhB",1,0]],[5,"16_plant",1,[-11,-12],[0,"815hx70spBeIA9/fEyrCCE",1,0],[5,105.63,99.38]],[6,"26FX_Z",1,[-13,-14],[0,"0ddHqo12dNwpT+uGpA+4ui",1,0],[5,23.5,32.9],[30,66,0,0,0,0,1,0.5,0.5,1]],[9,2,[0,0,50],[5,100,120]],[10,2,5],[1,"default","idle1",0,"idle1",3,[0]],[11,true,3,7],[1,"default","idle",0,"idle",4,[1]],[12,4,9]],0,[0,1,1,0,2,10,0,3,6,0,4,8,0,5,1,0,-1,2,0,-2,3,0,-3,4,0,-1,5,0,-2,6,0,-1,7,0,-2,8,0,-1,9,0,-2,10,0,6,1,14],[0,0,7,9],[-1,-1,0,0],[0,1,2,3]],[[[13,"16_plant","\n16_plant.png\nsize: 256,128\nformat: RGBA8888\nfilter: Linear,Linear\nrepeat: none\nbody\n  rotate: true\n  xy: 131, 2\n  size: 70, 93\n  orig: 70, 93\n  offset: 0, 0\n  index: -1\neye1\n  rotate: false\n  xy: 95, 74\n  size: 73, 23\n  orig: 73, 23\n  offset: 0, 0\n  index: -1\neye2\n  rotate: false\n  xy: 170, 74\n  size: 72, 23\n  orig: 73, 23\n  offset: 1, 0\n  index: -1\neye3\n  rotate: false\n  xy: 22, 76\n  size: 71, 21\n  orig: 72, 21\n  offset: 1, 0\n  index: -1\nhead\n  rotate: false\n  xy: 2, 3\n  size: 127, 69\n  orig: 127, 69\n  offset: 0, 0\n  index: -1\nmouth\n  rotate: false\n  xy: 2, 90\n  size: 18, 7\n  orig: 18, 8\n  offset: 0, 1\n  index: -1\n",["16_plant.png"],{"skeleton":{"hash":"x7R+mZU7Gb+mjmM7ybFdKTQ5478","spine":"3.8.99","x":-51.98,"y":-5.99,"width":105.63,"height":99.38},"bones":[{"name":"root"},{"name":"plant","parent":"root","scaleX":0.125,"scaleY":0.125},{"name":"body","parent":"plant","length":314.08,"rotation":90,"y":-12},{"name":"mouth","parent":"body","x":308.45,"y":-59.02},{"name":"head","parent":"plant","length":372.07,"rotation":90,"x":44.52,"y":352.02},{"name":"eye1","parent":"head","x":6.04,"y":-20.54},{"name":"head2","parent":"plant","length":372.07,"rotation":90,"x":44.52,"y":352.02},{"name":"eye2","parent":"head2","x":6.04,"y":-20.54},{"name":"head3","parent":"plant","length":372.07,"rotation":90,"x":44.52,"y":352.02},{"name":"eye3","parent":"head3","x":6.04,"y":-20.54}],"slots":[{"name":"body","bone":"body","attachment":"body"},{"name":"head","bone":"head","attachment":"head"},{"name":"mouth","bone":"mouth","attachment":"mouth"},{"name":"eye1","bone":"eye1","attachment":"eye1"},{"name":"head2","bone":"head2"},{"name":"eye2","bone":"eye2"},{"name":"head3","bone":"head3"},{"name":"eye3","bone":"eye3"}],"skins":[{"name":"default","attachments":{"body":{"body":{"x":273.04,"y":-4.68,"rotation":-90,"width":467,"height":618}},"eye1":{"eye1":{"x":32.48,"y":20.38,"rotation":-90,"width":485,"height":151},"eye2":{"x":33.48,"y":20.88,"rotation":-90,"width":486,"height":153},"eye3":{"x":40.48,"y":22.88,"rotation":-90,"width":482,"height":139}},"eye2":{"eye1":{"x":32.48,"y":20.38,"rotation":-90,"width":485,"height":151},"eye2":{"x":33.48,"y":20.88,"rotation":-90,"width":486,"height":153},"eye3":{"x":40.48,"y":22.88,"rotation":-90,"width":482,"height":139}},"eye3":{"eye1":{"x":32.48,"y":20.38,"rotation":-90,"width":485,"height":151},"eye2":{"x":33.48,"y":20.88,"rotation":-90,"width":486,"height":153},"eye3":{"x":40.48,"y":22.88,"rotation":-90,"width":482,"height":139}},"head":{"head":{"x":165.02,"y":37.84,"rotation":-90,"width":845,"height":460}},"head2":{"head":{"type":"mesh","hull":22,"uvs":[0.6353,0.03679,0.75183,0.12145,0.84601,0.24246,0.91528,0.38724,0.97636,0.58907,1,0.78832,1,0.80026,0.95609,0.88085,0.83716,0.96709,0.74444,0.99758,0.58687,0.93717,0.5493,0.92731,0.37777,0.95721,0.19864,0.87504,0.05585,0.72523,0,0.62939,0,0.60924,0.02683,0.46421,0.13191,0.2375,0.27096,0.07945,0.41587,0.01247,0.51617,0.00258],"triangles":[14,15,16,14,17,18,14,16,17,7,4,5,13,18,19,14,18,13,10,3,9,6,7,5,11,21,0,10,11,0,1,10,0,2,10,1,3,10,2,8,3,4,12,19,20,13,19,12,20,21,11,12,20,11,7,8,4,8,9,3],"vertices":[381.27,-76.48,343.55,-179.27,288,-259.72,219.62,-319.98,123.76,-371.59,30.86,-384.66,25.3,-384.66,-31.33,-358.69,-72.24,-255.41,-75.46,-173.03,-56.06,-37.29,-45.33,4.82,-54.89,140.27,-38.47,294.22,19.12,423.52,93.58,466.39,114.36,460.34,187.23,445.44,299.07,351.47,368.38,231.38,392.61,108.93,397.22,24.18]}},"head3":{"head":{"type":"mesh","hull":38,"uvs":[0.56977,0.01704,0.63985,0.04073,0.74384,0.11487,0.82838,0.21741,0.87647,0.30548,0.9063,0.3702,0.95377,0.50951,0.98389,0.64713,0.99865,0.7862,0.99101,0.81732,0.96413,0.86583,0.93089,0.89617,0.88552,0.93758,0.82849,0.96551,0.77432,0.99204,0.73572,0.99363,0.6737,0.9706,0.61208,0.94772,0.56192,0.92909,0.54398,0.92801,0.49045,0.93733,0.41734,0.95006,0.36682,0.95003,0.26646,0.90796,0.18282,0.85314,0.09874,0.77216,0.03488,0.69021,0.00754,0.64017,0.00329,0.59288,0.02042,0.49794,0.05226,0.41144,0.08582,0.33579,0.14965,0.21855,0.22258,0.13322,0.28864,0.07774,0.3335,0.04945,0.42994,0.00871,0.52199,0.00831],"triangles":[26,27,28,26,29,30,26,28,29,24,25,31,30,31,25,26,30,25,8,10,7,23,24,32,24,31,32,6,7,12,9,10,8,18,5,17,10,11,7,23,33,34,23,32,33,19,37,0,19,0,1,18,19,1,2,18,1,3,18,2,4,18,3,5,18,4,6,13,5,20,36,37,20,37,19,35,36,20,22,23,34,34,35,22,7,11,12,17,5,16,35,21,22,20,21,35,6,12,13,16,5,15,5,13,15,13,14,15],"vertices":[387.18,-21.11,376.28,-80.33,342.18,-168.2,295.01,-239.64,254.5,-280.27,224.73,-305.48,160.65,-345.59,97.34,-371.04,33.37,-383.51,19.05,-377.06,-3.26,-354.35,-17.22,-326.26,-36.27,-287.93,-49.11,-239.73,-61.32,-193.96,-62.05,-161.34,-51.46,-108.94,-40.93,-56.86,-32.36,-14.48,-31.87,0.68,-36.15,45.91,-42.01,107.69,-41.99,150.38,-22.64,235.18,2.58,305.86,39.83,376.91,77.53,430.87,100.54,453.98,122.29,457.56,165.97,443.09,205.76,416.18,240.55,387.83,294.49,333.89,333.74,272.27,359.26,216.44,372.27,178.53,391.01,97.04,391.2,19.26]}},"mouth":{"mouth":{"x":-12.41,"y":2.34,"rotation":-90,"width":119,"height":52}}}}],"animations":{"awoke":{"slots":{"eye1":{"attachment":[{"name":"eye3"},{"time":0.2333,"name":"eye2"},{"time":0.3,"name":"eye1"}]}},"bones":{"body":{"scale":[{},{"time":0.1667,"x":0.882,"y":1.053},{"time":0.3,"x":1.097,"y":0.95,"curve":0.25,"c3":0.75},{"time":0.5}],"shear":[{},{"time":0.1667,"x":-0.88},{"time":0.3}]},"mouth":{"scale":[{},{"time":0.1667,"y":1.09},{"time":0.3,"y":1.082},{"time":0.5}]},"head":{"translate":[{},{"time":0.1667,"x":14.4,"y":-39.68},{"time":0.2,"x":10.8,"y":-30.29},{"time":0.3,"y":49.91},{"time":0.5}],"scale":[{},{"time":0.0333,"x":1.006,"y":1.007},{"time":0.1667,"x":0.909,"y":1.035},{"time":0.2,"x":0.94,"y":1.024},{"time":0.3,"x":1.128,"y":0.945},{"time":0.3333,"x":1.122,"y":0.954},{"time":0.5}]}}},"blow":{"slots":{"eye2":{"color":[{"time":0.3333,"color":"ffffff00"},{"time":0.6333,"color":"ffffffff","curve":"stepped"},{"time":1.1,"color":"ffffffff","curve":0.25,"c3":0.75},{"time":1.4,"color":"ffffff00"}],"attachment":[{"time":0.3333,"name":"eye1"}]},"eye3":{"color":[{"time":0.6667,"color":"ffffff00"},{"time":1.0667,"color":"ffffffff"}],"attachment":[{"time":0.6667,"name":"eye1"}]},"head2":{"color":[{"time":0.3333,"color":"ffffff00"},{"time":0.6333,"color":"ffffffff","curve":"stepped"},{"time":1.1,"color":"ffffffff"},{"time":1.4,"color":"ffffff00"}],"attachment":[{"time":0.3333,"name":"head"},{"time":1.4,"name":null}]},"head3":{"color":[{"time":0.6667,"color":"ffffff00"},{"time":1.0667,"color":"ffffffff"}],"attachment":[{"time":0.6667,"name":"head"}]}},"bones":{"head":{"translate":[{},{"time":0.6333,"y":28.8}],"scale":[{},{"time":0.6333,"x":1.218,"y":1.145}]},"head2":{"translate":[{"time":0.3333,"x":10.72,"y":49.3,"curve":"stepped"},{"time":0.6333,"x":10.72,"y":49.3},{"time":1,"x":12.52,"y":40.25},{"time":1.3667,"x":12.52,"y":22.33}],"scale":[{"time":0.3333,"x":1.191,"y":1.165},{"time":0.6333,"x":1.222,"y":1.195},{"time":1,"x":1.362,"y":1.255},{"time":1.3667,"x":1.537,"y":1.255}],"shear":[{"time":0.6333},{"time":1,"y":1.9}]},"head3":{"translate":[{"time":0.6667,"x":-0.4,"y":-17.2}],"scale":[{"time":0.6667,"x":1.506,"y":1.249},{"time":1.0667,"x":1.523,"y":1.263},{"time":1.5,"x":1.794,"y":1.488}]},"eye3":{"translate":[{"time":0.6667},{"time":1.0667,"y":-9.5},{"time":1.5,"y":-20.61}],"scale":[{"time":0.6667},{"time":1.0667,"x":1.069,"y":1.143},{"time":1.5,"x":1.15,"y":1.309}]},"eye2":{"rotate":[{"time":0.6333},{"time":1,"angle":0.2}],"translate":[{"time":0.3333},{"time":0.6333,"x":-21.49,"y":6.58},{"time":1,"x":-34.23,"y":-3.18}],"scale":[{"time":0.3333},{"time":0.6333,"x":1.056,"y":1.012},{"time":1,"x":1.19,"y":1.275},{"time":1.3667,"x":1.343,"y":1.275}]}},"deform":{"default":{"head3":{"head":[{"time":0.6667,"vertices":[2.3548,-2.83852,3.92453,-7.56936,15.59198,-10.46701,25.85895,-12.09599,34.11906,-19.35369,33.11545,-30.24012,46.16093,-31.44974,36.12595,-29.03055,50.17496,-16.93437,36.1257,-10.83797,24.9567,0.04871,14.12912,4.73094,10.20442,0.00003,14.12917,0.00005,12.55931,-0.94619,11.77423,5.67713,0,0,0,0,0,0,0,0,0,0,0,0,6.27954,-0.94614,10.20445,0.00006,4.70972,0.00003,3.13971,-2.83863,2.35464,-8.51551,6.27939,-8.51555,18.05394,-8.51567,14.91402,1.89249,9.41924,11.35427,8.63429,12.30042,3.92471,14.19275,3.13943,12.30045,3.13943,12.30045,8.63461]}]}}}},"idle1":{"bones":{"body":{"scale":[{},{"time":0.3333,"x":0.904,"y":1.053},{"time":0.6667},{"time":0.9333,"x":1.077,"y":0.94},{"time":1.2667}]},"mouth":{"scale":[{},{"time":0.3333,"y":1.09},{"time":0.6667},{"time":0.9333,"y":1.082},{"time":1.2667}]},"head":{"translate":[{},{"time":0.3333,"y":-28.48},{"time":0.6667},{"time":0.9333,"y":25.3},{"time":1.2667}],"scale":[{},{"time":0.3333,"x":0.92,"y":1.035},{"time":0.6667},{"time":0.9333,"x":1.073,"y":0.948},{"time":1.2667}]}}},"idle2":{"slots":{"eye1":{"attachment":[{"name":"eye3"}]}},"bones":{"body":{"scale":[{},{"time":0.4,"x":0.93,"y":1.007},{"time":0.8,"x":0.972},{"time":1.2,"x":0.941},{"time":1.6}],"shear":[{},{"time":0.4,"x":5.26},{"time":0.8,"x":2.49},{"time":1.2,"x":-4.98},{"time":1.6}]},"mouth":{"translate":[{},{"time":0.4,"x":-3.42,"y":-4.43},{"time":0.8}],"scale":[{},{"time":0.4,"y":1.078},{"time":0.8}]},"head":{"translate":[{},{"time":0.4,"x":-26.4,"y":-35.64},{"time":0.8},{"time":1.2,"x":40.42,"y":-33.9},{"time":1.6}],"scale":[{},{"time":0.4,"x":0.858,"y":1.037},{"time":0.8},{"time":1.2,"x":0.846,"y":1.039},{"time":1.6}]}}}}},[0]]],0,0,[0],[-1],[4]]]]