[1,["ecpdLyjvZBwrvm+cedCcQy","caohSHbS5GEIzmwCrnMGn5","7a/QZLET9IDreTiBfRn2PD","ebwHR7n1VCVZE1KVe3zsZw","5aalEjxDdKdrNa7bJxf8La","f5gSJkRdNF1ryMpsXVaTpb","7c1bx9f/JG478BwSLJbRom","7aKVSYjxdIO5IIx2FT60fw","6b7V77AdRGNK9sTj93Szpg","a2MjXRFdtLlYQ5ouAFv/+R","c4CGt6V2BEELgWlQZ2tLBZ","61gmdS5rFPHr+LE2zChh66","1eMUvYAAFPYLs8Qcd3/Y9y","b2YyBjW6tF2ajRnrtLeZ5w","836UZ9bM1LRZGK5PQS5mxD","8ag51aR45GhLsxPqVtaE1j","1a1OV6Ex9K3bwsux0oIOqM","9fDVKsCC5NCaziXVModEAo","2feRlJ3QNFh5DUZG3E5FSJ","68J8oyAQdFUrqy37MXmbtE","90AErWL21A4ZPvtxQ3XG8G"],["node","_spriteFrame","_N$file","_parent","root","_N$skeletonData","_textureSetter","toggle","cancelBtn","title","checkMark","_N$target","data","_normalMaterial"],[["cc.Node",["_name","_active","_opacity","_objFlags","_prefab","_components","_contentSize","_trs","_parent","_children","_anchorPoint","_color"],-1,4,9,5,7,1,2,5,5],["cc.Node",["_name","_objFlags","_components","_prefab","_contentSize","_trs","_parent","_children","_color","_anchorPoint"],1,2,4,5,7,1,2,5,5],["cc.Sprite",["_sizeMode","_type","_isTrimmedMode","node","_materials","_spriteFrame"],0,1,3,6],["cc.Label",["_fontSize","_lineHeight","_isSystemFontUsed","_N$horizontalAlign","_N$verticalAlign","_string","_enabled","_N$overflow","node","_materials","_N$file"],-5,1,3,6],["cc.PrefabInfo",["fileId","root","asset"],2,1,1],["cc.Widget",["_alignFlags","_originalWidth","_originalHeight","node"],0,1],["cc.LabelOutline",["_width","_enabled","node","_color"],1,1,5],"cc.SpriteFrame",["cc.Prefab",["_name"],2],["cc.Node",["_name","_parent","_components","_prefab","_color","_contentSize","_trs"],2,1,12,4,5,5,7],["cc.BlockInputEvents",["node"],3,1],["ac701j067FJ/ZhV+w0N6Xxd",["node","items","title","cancelBtn","toggle"],3,1,2,1,1,1],["cc.Layout",["_resize","_N$layoutType","_N$spacingX","node","_layoutSize"],0,1,5],["cc.Toggle",["_N$transition","node","_N$normalColor","_N$target","checkMark","checkEvents","_normalMaterial"],2,1,5,1,1,9,6],["cc.ClickEvent",["_componentId","handler","target"],1,1],["cc.Button",["_N$transition","node","clickEvents"],2,1,9],["sp.Skeleton",["defaultSkin","defaultAnimation","_preCacheMode","_animationName","node","_materials"],-1,1,3],["261d4+Q1HdGA5w3tjdBw83c",["node","spineAnimation"],3,1,1],["88504bcAuVIU6o/+NgxpLtt",["node","proIcon","propAni","plantCardNode","plantIcon","propName","shopItemIcon","swIcon"],3,1,1,1,1,1,1,1,1]],[[4,0,1,2,2],[4,0,1,2],[0,0,8,5,4,6,7,2],[2,3,4,5,1],[1,0,6,2,3,4,5,2],[2,3,4,1],[2,0,2,3,4,3],[3,5,0,1,2,3,4,8,9,7],[0,0,1,9,5,4,6,10,7,3],[1,0,7,2,3,4,5,2],[1,0,6,2,3,5,2],[1,0,6,2,3,4,9,5,2],[9,0,1,2,3,4,5,6,2],[2,1,0,2,3,4,5,4],[6,1,0,2,3,3],[16,0,1,2,3,4,5,5],[17,0,1,1],[18,0,1,2,3,4,5,6,7,1],[0,0,8,9,5,4,6,7,2],[14,0,1,2,3],[6,0,2,3,2],[0,0,8,5,4,6,10,7,2],[2,0,3,4,5,2],[2,1,0,3,4,5,3],[15,0,1,2,2],[3,5,0,1,2,3,4,8,9,10,7],[8,0,2],[0,0,9,5,4,6,7,2],[0,0,8,9,4,7,2],[0,0,1,8,9,5,4,6,7,3],[0,0,2,8,5,4,11,6,3],[0,0,8,5,4,11,6,7,2],[0,0,1,8,5,4,6,7,3],[0,0,3,8,5,4,6,7,3],[1,0,6,2,3,8,4,5,2],[1,0,1,6,2,3,4,3],[5,0,3,2],[5,0,1,2,3,4],[10,0,1],[11,0,1,2,3,4,1],[4,1,2,1],[12,0,1,2,3,4,4],[13,0,1,2,3,4,5,6,2],[3,6,5,0,1,2,3,4,8,9,10,8],[3,0,1,2,3,4,7,8,9,10,7]],[[[{"name":"box","rect":[3,4,166,132],"offset":[0,-2],"originalSize":[172,136],"capInsets":[0,0,0,0]}],[7],0,[0],[6],[8]],[[[26,"VideoGiftView"],[27,"VideoGiftView",[-12,-13],[[36,45,-2],[38,-3],[39,-11,[-7,-8,-9,-10],-6,-5,-4]],[40,-1,0],[5,1280,720],[640,360,0,0,0,0,1,1,1,1]],[28,"Resboard",1,[-14,-15,-16,-17,-18,-19,-20,-21,-22,-23,-24,-25],[0,"2d9zQ5hDdN8pFUVtNqCaI1",1,0],[0,102.584,0,0,0,0,1,1,1,1]],[8,"PlantCard",false,[-28,-29],[[3,-27,[21],22]],[1,"8csondVTVO0ruJpDv36dqk",-26],[5,136,75],[0,0.5,0],[0,-47.499,0,0,0,0,1,1.2,1.2,1]],[8,"PlantCard",false,[-32,-33],[[3,-31,[30],31]],[1,"8csondVTVO0ruJpDv36dqk",-30],[5,136,75],[0,0.5,0],[0,-47.499,0,0,0,0,1,1.2,1.2,1]],[8,"PlantCard",false,[-36,-37],[[3,-35,[39],40]],[1,"8csondVTVO0ruJpDv36dqk",-34],[5,136,75],[0,0.5,0],[0,-47.499,0,0,0,0,1,1.2,1.2,1]],[8,"PlantCard",false,[-40,-41],[[3,-39,[48],49]],[1,"8csondVTVO0ruJpDv36dqk",-38],[5,136,75],[0,0.5,0],[0,-47.499,0,0,0,0,1,1.2,1.2,1]],[9,"rewardItem1",[-43,-44,-45,3,-46],[-42],[0,"eaVjimYApDC4WJZXX5JAe1",1,0],[5,200,100],[-139,50,0,0,0,0,1,0.7,0.7,1]],[9,"rewardItem2",[-48,-49,-50,4,-51],[-47],[0,"6cqb9HrjBE+Z8O6T0E0Cra",1,0],[5,200,100],[71,50,0,0,0,0,1,0.7,0.7,1]],[9,"rewardItem3",[-53,-54,-55,5,-56],[-52],[0,"97h4FsYuJOganvMUNi7GQY",1,0],[5,200,100],[-139,-50,0,0,0,0,1,0.7,0.7,1]],[9,"rewardItem4",[-58,-59,-60,6,-61],[-57],[0,"c5mXd3ZORAiK6YNknhgB+K",1,0],[5,200,100],[71,-50,0,0,0,0,1,0.7,0.7,1]],[18,"content",2,[7,8,9,10],[[41,1,3,10,-62,[5,478,200]]],[0,"fbCsKoPsJLcaG0HFUoZFNz",1,0],[5,478,200],[47.26,-2,0,0,0,0,1,1,1,1]],[29,"toggle",false,2,[-66,-67,-68],[[42,3,-65,[4,4292269782],-64,-63,[[19,"ac701j067FJ/ZhV+w0N6Xxd","showCloseBtn",1]],68]],[0,"10FogK3w5LH4ZCHCUM7xaq",1,0],[5,28,28],[-87.272,-252.169,0,0,0,0,1,1,1,1]],[18,"btn_video",2,[-71,-72],[[13,1,0,false,-69,[57],58],[24,3,-70,[[19,"ac701j067FJ/ZhV+w0N6Xxd","showVideo",1]]]],[0,"50/8OLkpxKlaCru1KMgt/Z",1,0],[5,216,70],[0,-168.46,0,0,0,0,1,1,1,0]],[18,"btn_back",2,[-75],[[13,1,2,false,-73,[61],62],[24,3,-74,[[19,"ac701j067FJ/ZhV+w0N6Xxd","clickClose",1]]]],[0,"bczSbqMglHgZT4LdEPLK+B",1,0],[5,88,82],[363.97,171.554,0,0,0,0,1,1,1,0]],[30,"mask",177,1,[[22,0,-76,[0],1],[37,45,100,100,-77]],[0,"1bP986vNlGX6TVQVJSrFtC",1,0],[4,4278190080],[5,1280,720]],[10,"27FX_ui",7,[-78,-79],[0,"53rC0iJ8FN3rYArgtV0FqN",1,0],[0,-1.999,0,0,0,0,1,1,1,1]],[2,"swIcon",3,[[3,-80,[19],20]],[1,"630N1HmqFFdYbV6ENBZr5E",3],[5,41,22],[-40,20,0,0,0,0,1,1,1,1]],[12,"txt",7,[[-81,[14,false,2,-82,[4,4278190080]]],1,4],[0,"36kfjc+zJANLRS8XFdXp7d",1,0],[4,4283965449],[5,165.44,35.28],[143.826,-5.734,0,0,0,0,1,1,1,1]],[10,"27FX_ui",8,[-83,-84],[0,"f8pgioTaREA7dL8LT6DhAy",1,0],[0,-1.999,0,0,0,0,1,1,1,1]],[2,"swIcon",4,[[3,-85,[28],29]],[1,"0aow7wz8dPfaJt7LSvfc0l",4],[5,41,22],[-40,20,0,0,0,0,1,1,1,1]],[12,"txt",8,[[-86,[14,false,2,-87,[4,4278190080]]],1,4],[0,"d556avgQlMk7RwjTqRRhOG",1,0],[4,4283965449],[5,165.44,35.28],[143.826,-5.734,0,0,0,0,1,1,1,1]],[10,"27FX_ui",9,[-88,-89],[0,"b3kzY4UkhKqoN1w0PyDXdG",1,0],[0,-1.999,0,0,0,0,1,1,1,1]],[2,"swIcon",5,[[3,-90,[37],38]],[1,"42Q2Szo1RJ5ZuWK5PjElmg",5],[5,41,22],[-40,20,0,0,0,0,1,1,1,1]],[12,"txt",9,[[-91,[14,false,2,-92,[4,4278190080]]],1,4],[0,"b4lvLBr+5NhpyFTXcchboW",1,0],[4,4283965449],[5,165.44,35.28],[143.826,-5.734,0,0,0,0,1,1,1,1]],[10,"27FX_ui",10,[-93,-94],[0,"e2VdQi/5xPJaD48YocMbkw",1,0],[0,-1.999,0,0,0,0,1,1,1,1]],[2,"swIcon",6,[[3,-95,[46],47]],[1,"631EcxeaZPhZHP/iRLn1DZ",6],[5,41,22],[-40,20,0,0,0,0,1,1,1,1]],[12,"txt",10,[[-96,[14,false,2,-97,[4,4278190080]]],1,4],[0,"0eY6vk0KFCBIsw8h2/FjA7",1,0],[4,4283965449],[5,165.44,35.28],[143.826,-5.734,0,0,0,0,1,1,1,1]],[31,"txt",13,[[25,"立即领取",30,34,false,1,1,-98,[53],54],[20,2,-99,[4,4278330370]]],[0,"5f8JO7XpZLAbOxfBApDgtv",1,0],[4,4279746326],[5,124,46.84],[19.715,4,0,0,0,0,1,1,1,1]],[32,"txt",false,14,[[43,false,"返回",30,34,false,1,1,-100,[59],60],[20,2,-101,[4,4278330370]]],[0,"9bROnqYCJNg6i4NyYbx2Rv",1,0],[5,64,46.84],[-3,4,0,0,0,0,1,1,1,1]],[33,"Background",512,12,[[3,-102,[63],64]],[0,"959rBweyJPLqHwXL1IyENh",1,0],[5,28,28],[0,0,0,0,0,0,1,1,1,0]],[21,"txt",12,[[25,"观看视频领取奖励",20,30,false,1,1,-103,[66],67],[20,2,-104,[4,4278190080]]],[0,"faLwk638VFf7i5K/krwBMq",1,0],[5,164,41.8],[0,0,0.5],[21.757,0,0,0,0,0,1,1,1,1]],[21,"common_pop_view_3",2,[[13,1,0,false,-105,[2],3]],[0,"baMcr1o31EM6c1AJLu/ACf",1,0],[5,739,225],[0,0.5,1],[1,122,0,0,0,0,1,1,1,1]],[2,"common_pop_view_2",2,[[13,1,0,false,-106,[4],5]],[0,"6fW6aIiR5On413NKowynn2",1,0],[5,745,100],[0,137,0,0,0,0,1,1,1,1]],[2,"common_pop_view_4",2,[[23,1,0,-107,[6],7]],[0,"34GblGvxlLZbyhBiMm8CBT",1,0],[5,750,125],[0,-162.238,0,0,0,0,1,1,1,1]],[2,"common_pop_view_1",2,[[3,-108,[8],9]],[0,"149IfkzEFNfYpxaIv7s4EN",1,0],[5,121,69],[2,193,0,0,0,0,1,1,1,1]],[2,"zombie_desc_bg",2,[[23,1,0,-109,[10],11]],[0,"89GDfMm11JV7V0sBms9YNX",1,0],[5,664,209.5],[2,-4.7,0,0,0,0,1,1,1,1]],[34,"tittle",2,[-110],[0,"b8oyrcYtNE6IlrjEubTTLC",1,0],[4,4284081919],[5,120,51.66],[0,123.643,0,0,0,0,1,1,1,1]],[7,"礼包名称",30,41,false,1,1,37,[12]],[2,"box",2,[[3,-111,[13],14]],[0,"63+dmY2X1D/4pB5wrQp2Xo",1,0],[5,166,132],[-224.62,4.435,0,0,0,0,1,1,1,1]],[4,"icon",7,[-112],[0,"655loCnppLJ64BRhUrHCYX",1,0],[5,65,73],[0,-1.999,0,0,0,0,1,1,1,1]],[5,40,[15]],[4,"shopitem",7,[-113],[0,"96yVnZn6BJzJbphNOZ5l8g",1,0],[5,88,81],[0,-4.499,0,0,0,0,1,1,1,1]],[5,42,[16]],[15,"default","1ui_1",0,"1ui_1",16,[17]],[16,16,44],[11,"Icon",3,[-114],[1,"dcoXiNMopDd69+VrjIxC+X",3],[5,128,68],[0,0.5,0],[0,4,0,0,0,0,1,1,1,1]],[6,0,false,46,[18]],[7,"硬币x1000",35,28,false,1,1,18,[23]],[17,7,41,45,3,47,48,43,17],[4,"icon",8,[-115],[0,"17nVv8VKpEXYtyiJ1hPQzt",1,0],[5,65,73],[0,-1.999,0,0,0,0,1,1,1,1]],[5,50,[24]],[4,"shopitem",8,[-116],[0,"58mmLV9rxF375bGR0hhvKh",1,0],[5,88,81],[0,-4.499,0,0,0,0,1,1,1,1]],[5,52,[25]],[15,"default","1ui_1",0,"1ui_1",19,[26]],[16,19,54],[11,"Icon",4,[-117],[1,"dcoXiNMopDd69+VrjIxC+X",4],[5,128,68],[0,0.5,0],[0,4,0,0,0,0,1,1,1,1]],[6,0,false,56,[27]],[7,"硬币x1000",35,28,false,1,1,21,[32]],[17,8,51,55,4,57,58,53,20],[4,"icon",9,[-118],[0,"2b5yH5Kr1FXrzsc13Ajz0p",1,0],[5,65,73],[0,-1.999,0,0,0,0,1,1,1,1]],[5,60,[33]],[4,"shopitem",9,[-119],[0,"0cHnmeOlVI8pQ7dx5GF2ou",1,0],[5,88,81],[0,-4.499,0,0,0,0,1,1,1,1]],[5,62,[34]],[15,"default","1ui_1",0,"1ui_1",22,[35]],[16,22,64],[11,"Icon",5,[-120],[1,"dcoXiNMopDd69+VrjIxC+X",5],[5,128,68],[0,0.5,0],[0,4,0,0,0,0,1,1,1,1]],[6,0,false,66,[36]],[7,"硬币x1000",35,28,false,1,1,24,[41]],[17,9,61,65,5,67,68,63,23],[4,"icon",10,[-121],[0,"22lMxDlLhPKJ6WUuzH8glk",1,0],[5,65,73],[0,-1.999,0,0,0,0,1,1,1,1]],[5,70,[42]],[4,"shopitem",10,[-122],[0,"50tIg1L/pAOpV3vi7LJLNM",1,0],[5,88,81],[0,-4.499,0,0,0,0,1,1,1,1]],[5,72,[43]],[15,"default","1ui_1",0,"1ui_1",25,[44]],[16,25,74],[11,"Icon",6,[-123],[1,"dcoXiNMopDd69+VrjIxC+X",6],[5,128,68],[0,0.5,0],[0,4,0,0,0,0,1,1,1,1]],[6,0,false,76,[45]],[7,"硬币x1000",35,28,false,1,1,27,[50]],[17,10,71,75,6,77,78,73,26],[2,"tip",2,[[44,25,25,false,1,1,3,-124,[51],52]],[0,"daopDeNExF74NBnUkJnokl",1,0],[5,410,31.5],[0,-75.079,0,0,0,0,1,1,1,1]],[2,"ad_icon",13,[[22,0,-125,[55],56]],[0,"29he96p7JALoIGlFsn0SGg",1,0],[5,31,23.1],[-64.936,3.036,0,0,0,0,1,1,1,1]],[35,"checkmark",512,12,[-126],[0,"7dwPznrodHq7PU4zlY8AAw",1,0],[5,28,28]],[6,2,false,82,[65]]],0,[0,4,1,0,0,1,0,0,1,0,7,12,0,8,14,0,9,38,0,-1,49,0,-2,59,0,-3,69,0,-4,79,0,0,1,0,-1,15,0,-2,2,0,-1,32,0,-2,33,0,-3,34,0,-4,35,0,-5,36,0,-6,37,0,-7,39,0,-8,11,0,-9,80,0,-10,13,0,-11,14,0,-12,12,0,4,3,0,0,3,0,-1,46,0,-2,17,0,4,4,0,0,4,0,-1,56,0,-2,20,0,4,5,0,0,5,0,-1,66,0,-2,23,0,4,6,0,0,6,0,-1,76,0,-2,26,0,-1,49,0,-1,40,0,-2,42,0,-3,16,0,-5,18,0,-1,59,0,-1,50,0,-2,52,0,-3,19,0,-5,21,0,-1,69,0,-1,60,0,-2,62,0,-3,22,0,-5,24,0,-1,79,0,-1,70,0,-2,72,0,-3,25,0,-5,27,0,0,11,0,10,83,0,11,30,0,0,12,0,-1,30,0,-2,82,0,-3,31,0,0,13,0,0,13,0,-1,28,0,-2,81,0,0,14,0,0,14,0,-1,29,0,0,15,0,0,15,0,-1,44,0,-2,45,0,0,17,0,-1,48,0,0,18,0,-1,54,0,-2,55,0,0,20,0,-1,58,0,0,21,0,-1,64,0,-2,65,0,0,23,0,-1,68,0,0,24,0,-1,74,0,-2,75,0,0,26,0,-1,78,0,0,27,0,0,28,0,0,28,0,0,29,0,0,29,0,0,30,0,0,31,0,0,31,0,0,32,0,0,33,0,0,34,0,0,35,0,0,36,0,-1,38,0,0,39,0,-1,41,0,-1,43,0,-1,47,0,-1,51,0,-1,53,0,-1,57,0,-1,61,0,-1,63,0,-1,67,0,-1,71,0,-1,73,0,-1,77,0,0,80,0,0,81,0,-1,83,0,12,1,3,3,7,4,3,8,5,3,9,6,3,10,7,3,11,8,3,11,9,3,11,10,3,11,126],[0,0,0,0,0,0,0,0,0,0,0,0,0,0,0,0,0,0,0,0,0,0,0,0,0,0,0,0,0,0,0,0,0,0,0,0,0,0,0,0,0,0,0,0,0,0,0,0,0,0,0,0,0,0,0,0,0,0,0,0,0,0,0,0,0,0,0,0,0,38,41,43,44,48,51,53,54,58,61,63,64,68,71,73,74,78,83],[-1,1,-1,1,-1,1,-1,1,-1,1,-1,1,-1,-1,1,-1,-1,-1,-1,-1,1,-1,1,-1,-1,-1,-1,-1,-1,1,-1,1,-1,-1,-1,-1,-1,-1,1,-1,1,-1,-1,-1,-1,-1,-1,1,-1,1,-1,-1,2,-1,2,-1,1,-1,1,-1,2,-1,1,-1,1,-1,-1,2,13,2,1,1,5,2,1,1,5,2,1,1,5,2,1,1,5,2,1],[0,9,0,10,0,11,0,12,0,13,0,14,0,0,15,0,0,2,0,0,3,0,4,0,0,0,2,0,0,3,0,4,0,0,0,2,0,0,3,0,4,0,0,0,2,0,0,3,0,4,0,0,1,0,1,0,16,0,17,0,1,0,18,0,19,0,0,1,0,1,5,6,7,1,5,6,7,1,5,6,7,1,5,6,7,1,20]]]]