[1,["ecpdLyjvZBwrvm+cedCcQy","dfms00gNBGIJkmGcHjVm0H","91aspIThBF1KcN/Qzu5M6m","caohSHbS5GEIzmwCrnMGn5","9fdeCVrwZKN6A6bSd+228j","d4Hq6jLzZH8pvQxKYHqWDA","d3YBm4bMdMkZttaDSLLAez","335ZVZ1j9L5YBt93Hz77rz","89sCe83+RFTZwSH1sdBm5m","8cH8Z2m4VMp49R+fCoNg6D","3eYzfIHX9L84XaTk64ts9p","c7SwC0KENGDptrwlc3Cy3N","55kWW2Nk1C5Yhcv0rmS7Dg","e7QTsOm/VPequEPUeGlf47","1a3kW4M+dGIopQBVB6amB7","79nSRfxfpNbpL479HwN+pF","8bTJbJxeRNupvQhP4MKZRt","64IAHuwOJCoJnLhhQ/vaak","e3ovpAIvlJpINq4CsOYyAZ","b5nNSsFgVBzYqhDXC9+NNd","03eoVfncVCIZEXwckyLgAJ","0agU2URVNOh4Du9M+Fe5eE","85sHpUBy9FUp5WGVMlx6Cw","d0okOlfK9NU6MbDi7ePjSi"],["node","_spriteFrame","_textureSetter","_N$file","root","content","flagLab","flagNode","newFlagNode","zJNode","partIcon","partImg","magnifierNode","noItemBg","itemBg","gameName","trophyNode","data"],[["cc.Node",["_name","_active","_components","_prefab","_contentSize","_parent","_children","_trs","_anchorPoint"],1,9,4,5,1,2,7,5],"cc.SpriteFrame",["cc.Sprite",["_sizeMode","_type","node","_materials","_spriteFrame"],1,1,3,6],["cc.Node",["_name","_parent","_components","_prefab","_contentSize","_trs","_children"],2,1,2,4,5,7,2],["cc.Node",["_name","_parent","_components","_prefab","_contentSize","_trs","_anchorPoint","_color"],2,1,12,4,5,7,5,5],["cc.PrefabInfo",["fileId","root","asset"],2,1,1],["cc.Label",["_string","_fontSize","_lineHeight","_isSystemFontUsed","_N$horizontalAlign","_N$verticalAlign","_styleFlags","node","_materials"],-4,1,3],["cc.Prefab",["_name"],2],["2ab8aJzvsROibLgfrzLm9Y9",["node","trophyNode","gameName","itemBg","noItemBg","magnifierNode","partImg","spriteFrameArr","partIcon","topImgFrameArr","zJNode","newFlagNode","flagNode","flagLab","content"],3,1,1,1,1,1,1,1,3,1,3,1,1,1,1,1],["cc.Layout",["_N$layoutType","_N$spacingY","node","_layoutSize"],1,1,5],["cc.Button",["node","clickEvents"],3,1,9],["cc.ClickEvent",["_componentId","handler","target"],1,1],["cc.Mask",["node","_materials"],3,1,3],["cc.LabelOutline",["_width","node","_color"],2,1,5]],[[5,0,1,2,2],[2,2,3,4,1],[0,0,5,2,3,4,7,2],[0,0,5,6,2,3,4,7,2],[13,0,1,2,2],[7,0,2],[0,0,6,2,3,4,2],[0,0,5,6,2,3,4,2],[0,0,5,6,2,3,4,8,7,2],[0,0,5,2,3,4,2],[0,0,1,5,2,3,4,7,3],[3,0,1,6,2,3,4,5,2],[3,0,1,2,3,4,5,2],[4,0,1,2,3,4,6,5,2],[4,0,1,2,3,7,4,5,2],[8,0,1,2,3,4,5,6,7,8,9,10,11,12,13,14,1],[5,1,2,1],[2,1,0,2,3,4,3],[2,0,2,3,4,2],[2,2,3,1],[2,0,2,3,2],[9,0,1,2,3,3],[10,0,1,1],[11,0,1,2,3],[12,0,1,1],[6,0,1,2,3,6,4,5,7,8,8],[6,0,1,2,3,4,5,7,8,7]],[[[{"name":"creativeImg_10","rect":[0,0,151,109],"offset":[0,0],"originalSize":[151,109],"capInsets":[0,0,0,0]}],[1],0,[0],[2],[4]],[[{"name":"creativeImg_4","rect":[0,0,186,186],"offset":[0,0],"originalSize":[186,186],"capInsets":[0,0,0,0]}],[1],0,[0],[2],[5]],[[{"name":"c_148","rect":[0,0,126,92],"offset":[0,0],"originalSize":[126,92],"capInsets":[0,0,0,0]}],[1],0,[0],[2],[6]],[[{"name":"c_177","rect":[0,0,122,82],"offset":[0,0],"originalSize":[122,82],"capInsets":[0,0,0,0]}],[1],0,[0],[2],[7]],[[{"name":"creativeImg_8","rect":[0,0,151,109],"offset":[0,0],"originalSize":[151,109],"capInsets":[0,0,0,0]}],[1],0,[0],[2],[8]],[[{"name":"creativeImg_9","rect":[0,0,91,36],"offset":[0,0],"originalSize":[91,36],"capInsets":[0,0,0,0]}],[1],0,[0],[2],[9]],[[[5,"creativeModeItem"],[6,"creativeModeItem",[-15,-16,-17],[[15,-14,-13,-12,-11,-10,-9,-8,[21,22,23,24,25,26],-7,[27,28],-6,-5,-4,-3,-2]],[16,-1,0],[5,186,186]],[7,"gameBg",1,[-19,-20,-21,-22,-23],[[17,1,0,-18,[15],16]],[0,"cb+aF6FMhMhYtf9p6dvsg+",1,0],[5,198,210]],[8,"New Node",2,[-25,-26],[[21,2,-8,-24,[5,200,50]]],[0,"b5rzqSL0xPIL/KAlWclYFd",1,0],[5,200,50],[0,0.5,1],[0,-34,0,0,0,0,1,1,1,1]],[2,"magnifier",2,[[1,-27,[7],8],[22,-28,[[23,"2ab8aJzvsROibLgfrzLm9Y9","clickMagnifier",1]]]],[0,"68yODXy41OJqQjA39tOcmp",1,0],[5,34,34],[75,76,0,0,0,0,1,1,1,1]],[3,"flag",3,[-30],[[18,0,-29,[12],13]],[0,"a8ds0toJpLY7/xx0oJQQsf",1,0],[5,30,25],[30,-12.5,0,0,0,0,1,1,1,1]],[3,"red",1,[-32],[[1,-31,[19],20]],[0,"43/GsZejtECqR2mzavLnkl",1,0],[5,63,75],[-73.18,81.307,0,0,0,0,1,0.75,0.75,1]],[9,"noGameBg",1,[[1,-33,[0],1]],[0,"9aJoKzjdNO4pptgK/PJy6a",1,0],[5,186,186]],[11,"partImg",2,[-35],[-34],[0,"13Xs3aV3lHSZ7/+CgcrBog",1,0],[5,133,95],[0,35,0,0,0,0,1,1,1,1]],[3,"mask",8,[-37],[[24,-36,[3]]],[0,"9eHVpa8v9L+adPDpbp3F7H",1,0],[5,132.4,95.4],[0,-0.6,0,0,0,0,1,1,1,1]],[2,"trophyNode",2,[[1,-38,[5],6]],[0,"30H8j2dctNzYZpmhD4iVPE",1,0],[5,61,55],[-57.4,66.526,0,0,0,0,1,1,1,1]],[10,"zjNode",false,2,[[1,-39,[9],10]],[0,"fag79THotFLrewK/WQBKqM",1,0],[5,91,36],[0,-18,0,0,0,0,1,1,1,1]],[13,"flagCount",5,[[-40,[4,2,-41,[4,4278190080]]],1,4],[0,"58kJYaurJHBp7jrbC2g93x",1,0],[5,21.58,48.1],[0,1,0.5],[-20,0,0,0,0,0,1,1,1,1]],[14,"name",3,[[-42,[4,3,-43,[4,4278596427]]],1,4],[0,"72j11fT5JMkrepAbK5uu3R",1,0],[4,4280135167],[5,174,36.239999999999995],[0,-35.12,0,0,0,0,1,1,1,1]],[12,"partIcon",9,[-44],[0,"48iRQNOnBEC4LLXZ7PgI/n",1,0],[5,126,92],[0,3.6,0,0,0,0,1,1,1,1]],[19,14,[2]],[20,0,8,[4]],[25,"0",30,35,false,1,1,1,12,[11]],[26,"抽奖盒子无尽版",24,24,false,1,1,13,[14]],[2,"redTip",6,[[1,-45,[17],18]],[0,"b9e4et10RBjJHfF5gNY2n1",1,0],[5,38,52],[3.459,6.918,0,0,0,0,1,1,1,1]]],0,[0,4,1,0,5,3,0,6,17,0,7,5,0,8,6,0,9,11,0,10,15,0,11,16,0,12,4,0,13,7,0,14,2,0,15,18,0,16,10,0,0,1,0,-1,7,0,-2,2,0,-3,6,0,0,2,0,-1,8,0,-2,10,0,-3,4,0,-4,11,0,-5,3,0,0,3,0,-1,5,0,-2,13,0,0,4,0,0,4,0,0,5,0,-1,12,0,0,6,0,-1,19,0,0,7,0,-1,16,0,-1,9,0,0,9,0,-1,14,0,0,10,0,0,11,0,-1,17,0,0,12,0,-1,18,0,0,13,0,-1,15,0,0,19,0,17,1,45],[0,0,0,0,0,0,0,0,0,0,0,0,0,0,0,0,0,0,0,0,0,0,0,0,0,0,0,0,0,15,16,17,18],[-1,1,-1,-1,-1,-1,1,-1,1,-1,1,-1,-1,1,-1,-1,1,-1,1,-1,1,-1,-2,-3,-4,-5,-6,-1,-2,1,1,3,3],[0,10,0,0,0,0,11,0,12,0,13,0,0,14,0,0,15,0,16,0,17,18,19,1,20,21,22,23,2,2,1,3,3]]]]