[1,["ecpdLyjvZBwrvm+cedCcQy","abSp1q0KVNLLTOQ3TN5osP","7a/QZLET9IDreTiBfRn2PD","dcOYbL7J1DBLuhyMBPpDYf","1c3ff388b"],["node","root","data","_spriteFrame","_N$skeletonData","_textureSetter"],[["cc.Node",["_name","_active","_components","_prefab","_parent","_contentSize","_children"],1,9,4,1,5,2],["cc.PrefabInfo",["fileId","root","asset"],2,1,1],"cc.SpriteFrame",["cc.Prefab",["_name"],2],["32ccbWnqjdDuLH77GoS4EXI",["node"],3,1],["cc.Sprite",["_enabled","node","_materials","_spriteFrame"],2,1,3,6],["sp.Skeleton",["defaultSkin","defaultAnimation","_preCacheMode","_animationName","node","_materials","_N$skeletonData"],-1,1,3,6]],[[1,0,1,2,2],[3,0,2],[0,0,6,2,3,2],[0,0,1,4,2,3,5,3],[0,0,4,2,3,5,2],[4,0,1],[1,1,2,1],[5,0,1,2,3,2],[6,0,1,2,3,4,5,6,5]],[[[[1,"ButterEffect"],[2,"ButterEffect",[-3,-4],[[5,-2]],[6,-1,0]],[3,"butter_effect",false,1,[[7,false,-5,[0],1]],[0,"91Fg7T0J5BLY9fiXqlMN6c",1,0],[5,55,51]],[4,"35FX1",1,[[8,"default","idle",0,"idle",-6,[2],3]],[0,"96SyXdZqZLgqW2WaTzw/23",1,0],[5,83.24274444580078,55]]],0,[0,1,1,0,0,1,0,-1,2,0,-2,3,0,0,2,0,0,3,0,2,1,6],[0,0,0,0],[-1,3,-1,4],[0,1,2,3]],[[{"name":"butter_effect","rect":[263,649,55,51],"offset":[1,0],"originalSize":[57,51],"rotated":1,"capInsets":[0,0,0,0]}],[2],0,[0],[5],[4]]]]