[1,["ecpdLyjvZBwrvm+cedCcQy","caohSHbS5GEIzmwCrnMGn5","7a/QZLET9IDreTiBfRn2PD","7aKVSYjxdIO5IIx2FT60fw","0eTMtHVPxAN7MDG9Tfj3EY","03tQ4RCNVFCLR7EONN7Pms","523KJqpEFFK6b7Q7MaROQV","4d78gNr6NB5p26OjQnF2Tf","a2MjXRFdtLlYQ5ouAFv/+R","2feRlJ3QNFh5DUZG3E5FSJ","a08sfrMlZDx7ggDABGVwEL","00oZKqUiZEOoy2m/qzema8","a6zLjGSSJO0rh4iS1eJACt","16vQHk0wpAu4BZt1fm+82p","dfMmHFPAFNmZDOgSb9HCJW","f0enFH5oRIHaJNlrQsZN5S","384w4kV5JAurVtdLwsxF79"],["node","_N$file","_spriteFrame","_parent","_N$skeletonData","_textureSetter","root","rewardRateText","turnAbleCountLabel","tipsLabel","videoIcon","turnTable","spineAnimation","icon","data"],[["cc.Node",["_name","_opacity","_prefab","_trs","_parent","_contentSize","_components","_children","_color","_eulerAngles"],1,4,7,1,5,9,2,5,5],["cc.Sprite",["_sizeMode","_isTrimmedMode","_type","node","_materials","_spriteFrame"],0,1,3,6],["cc.Label",["_fontSize","_isSystemFontUsed","_string","_N$horizontalAlign","_N$verticalAlign","_lineHeight","_N$overflow","node","_materials","_N$file"],-4,1,3,6],"cc.SpriteFrame",["cc.Node",["_name","_components","_prefab","_contentSize","_trs","_parent","_children","_eulerAngles","_color","_anchorPoint"],2,12,4,5,7,1,2,5,5,5],["cc.PrefabInfo",["fileId","root","asset"],2,1,1],["cc.Widget",["_alignFlags","_originalWidth","_originalHeight","node"],0,1],["sp.Skeleton",["defaultSkin","defaultAnimation","_preCacheMode","_animationName","_N$enableBatch","node","_materials","_N$skeletonData"],-2,1,3,6],["cc.Prefab",["_name"],2],["cc.Node",["_name","_parent","_children","_components","_prefab"],2,1,9,12,4],["cc.Node",["_name","_parent","_children","_components","_prefab"],2,1,9,9,4],["cc.BlockInputEvents",["node"],3,1],["f9044xCFTpIo4bOlUoyQXFI",["node","turnTable","videoIcon","rewardNodeList","tipsLabel","turnAbleCountLabel","rewardRateText"],3,1,1,1,2,1,1,1],["cc.Button",["_N$transition","node","clickEvents"],2,1,9],["cc.ClickEvent",["_componentId","handler","target"],1,1],["261d4+Q1HdGA5w3tjdBw83c",["node","spineAnimation"],3,1,1],["7ff46OJBOxMo526UYe9FYB3",["node","icon"],3,1,1],["cc.LabelOutline",["_width","node","_color"],2,1,5],["c2c33hJ/r1APZUAcWaRFUgT",["time0","time1","time2","sectorNum","node"],-1,1]],[[5,0,1,2,2],[17,0,1,2,2],[2,2,0,5,1,7,8,9,5],[0,0,4,6,2,5,3,2],[0,0,4,7,2,3,9,2],[0,0,4,6,2,8,5,3,9,2],[1,3,4,5,1],[1,0,3,4,5,2],[0,0,7,2,5,3,2],[0,0,4,2,2],[0,0,4,7,2,2],[4,0,5,1,2,8,3,9,4,2],[7,0,1,2,3,4,5,6,7,6],[0,0,4,7,6,2,5,3,2],[0,0,4,7,2,3,2],[0,0,4,6,2,5,2],[10,0,1,2,3,4,2],[11,0,1],[5,0,1,2],[13,0,1,2,2],[14,0,1,2,3],[2,2,0,1,3,4,7,8,6],[8,0,2],[0,0,7,6,2,5,3,2],[0,0,1,4,6,2,8,5,3],[0,0,7,2,3,2],[0,0,7,6,2,2],[0,0,6,2,8,5,3,9,2],[0,0,4,6,2,8,5,3,2],[0,0,4,7,2,5,3,2],[0,0,4,6,2,5,3,9,2],[4,0,6,1,2,3,4,2],[4,0,5,1,2,3,4,7,2],[9,0,1,2,3,4,2],[6,0,3,2],[6,0,1,2,3,4],[12,0,1,2,3,4,5,6,1],[5,1,2,1],[1,2,0,1,3,4,5,4],[1,0,1,3,4,5,3],[1,0,3,4,2],[15,0,1,1],[16,0,1,1],[7,0,1,2,3,4,5,6,6],[2,2,0,1,3,4,7,8,9,6],[2,0,1,6,7,8,4],[18,0,1,2,3,4,5]],[[[{"name":"pointer","rect":[0,0,101,169],"offset":[0,0],"originalSize":[101,169],"capInsets":[0,0,0,0]}],[3],0,[0],[5],[5]],[[{"name":"title","rect":[0,0,282,85],"offset":[0,0],"originalSize":[282,85],"capInsets":[0,0,0,0]}],[3],0,[0],[5],[6]],[[{"name":"turnTable","rect":[0,0,536,506],"offset":[0,0],"originalSize":[536,506],"capInsets":[0,0,0,0]}],[3],0,[0],[5],[7]],[[[22,"TurntableView"],[23,"turnTableView",[-16,-17,-18,-19,-20,-21,-22,-23],[[34,45,-2],[17,-3],[36,-15,-14,-13,[-7,-8,-9,-10,-11,-12],-6,-5,-4]],[37,-1,0],[5,1280,720],[640,360,0,0,0,0,1,1,1,1]],[31,"turnTable",[-26,-27,-28,-29,-30,-31],[[[6,-24,[45],46],-25],4,1],[0,"981sD1lGVMf5tL3h/1qSsv",1,0],[5,536,506],[0,6.282,0,0,0,0,1,1,1,1]],[13,"btn_get",1,[-34,-35],[[38,1,0,false,-32,[54],55],[19,3,-33,[[20,"f9044xCFTpIo4bOlUoyQXFI","clickGetBtn",1]]]],[0,"b63b6HOZ1Je7pFb1+IdkuY",1,0],[5,294,90],[0,-301.62,0,0,0,0,1,1,1,0]],[24,"mask",177,1,[[7,0,-36,[0],1],[35,45,100,100,-37],[17,-38]],[0,"2eDfL0T9xOqa7Wx7Tvdjk2",1,0],[4,4278190080],[5,1280,720]],[8,"free_sun_btn",[-39,-40,-41],[0,"ffMfaUVWhAFJzZ+ClcImpb",1,0],[5,100,100],[0,-30,0,0,0,0,1,0.8,0.8,0.8]],[8,"cherry_bomb_btn",[-42,-43,-44],[0,"3dGaVwLK9Ll7naAmdPSJhq",1,0],[5,100,100],[0,-30.173,0,0,0,0,1,0.8,0.8,0.9]],[33,"cherry_bomb",6,[[9,"New Node",-48,[0,"59EBiTv3lMbbyloZ0xuy2t",1,0]]],[[-45,[41,-47,-46]],1,4],[0,"70jKaYih5NO7ePSFSVRh7C",1,0]],[25,"New Node",[-49,-50,-51],[0,"9bO8xs48pIKLMzNFpSSsG0",1,0],[0,-14.329,0,0,0,0,1,1,1,1]],[14,"reward3",2,[-52,-53],[0,"22Frn36BVA/61Vk7d4nygb",1,0],[0,160,0,0,0,0,1,1,1,1]],[8,"free_sun_btn",[-54,-55,-56],[0,"a33+HgOuRLAJQYaHWWWWWR",1,0],[5,100,100],[0,-30,0,0,0,0,1,0.8,0.8,0.8]],[4,"reward4",2,[-57,-58],[0,"31rSm08JZIeoM5XnI4ouPC",1,0],[142.81,74.319,0,0,0,-0.49999999999999994,0.8660254037844387,1,1,1],[1,0,0,-60]],[4,"reward5",2,[-59,-60],[0,"15HAMvCfBLiJFn1coI2a9f",1,0],[143.995,-84.019,0,0,0,-0.8660254037844386,0.5000000000000001,1,1,1],[1,0,0,-120]],[13,"ad_icon",3,[-62],[[6,-61,[52],53]],[0,"7eXPEbL0JAR6dfLDYmzOUD",1,0],[5,35,26],[-94.164,-1,0,0,0,0,1,1,1,1]],[32,"adTickIcon",13,[[-64,[42,-66,-65]],1,4],[18,"fdes1YJZRHX49Ow7bBhsp2",-63],[5,55.3,45.7],[-2.836,0.577,0,0,0,0.13917310096006544,0.9902680687415704,0.8,0.8,1],[1,0,0,16]],[11,"rateTips",1,[[-68,[1,3,-69,[4,4278208621]]],1,4],[18,"d9+1U7F8lBorFJk1da6Bv6",-67],[4,4284081919],[5,339,591],[0,0,0.5],[-618,12,0,0,0,0,1,1,1,1]],[3,"btn_close",1,[[7,0,-70,[2],3],[19,3,-71,[[20,"f9044xCFTpIo4bOlUoyQXFI","close",1]]]],[0,"63MuOS4+NN5YYQ3yInfxQY",1,0],[5,36.4,34],[296.512,280.222,0,0,0,0,1,2,2,0]],[4,"board",1,[2,-72],[0,"2dDTG2iT5JUqv6GhsAGd1H",1,0],[0,0,0,0,0,0.25038000405444144,0.9681476403781077,1,1,1],[1,0,0,29]],[4,"reward0",2,[5],[0,"e6rZ31HhtGQrkKPEY98Mzn",1,0],[10.116,-167.339,0,0,0,-1,6.123233995736766e-17,1,1,1],[1,0,0,-180]],[16,"free_sun",5,[[9,"New Node",-74,[0,"eblbJXJF5MKaUJMcW6cq2n",1,0]]],[[12,"default","1ui_idle",0,"1ui_idle",true,-73,[6],7]],[0,"0eJ41KX8VNZbH1WG4fqR2z",1,0]],[5,"num",5,[[2,"+3",30,30,false,-75,[8],9],[1,2,-76,[4,4278190080]]],[0,"39JMK7V7hPZr/ugJBm1w0F",1,0],[4,4283692543],[5,42.07,41.8],[60.502,-20.476,0,0,0,-0.06098756683585237,0.9981385258026275,1.25,1.25,1.25],[1,0,0,-6.993]],[3,"name",5,[[2,"免费阳光",26,26,false,-77,[10],11],[1,2,-78,[4,4278190080]]],[0,"8eNA/v+r5Duo/4VafercKJ",1,0],[5,108,36.76],[0,80.2075,0,0,0,0,1,1.25,1.25,1.25]],[4,"reward1",2,[6],[0,"efMsJaV9tHNK8d2X1bypfT",1,0],[-132.839,-91.021,0,0,0,0.8660254037844386,0.5000000000000001,1,1,1],[1,0,0,120]],[5,"num",6,[[2,"+5",30,30,false,-79,[13],14],[1,2,-80,[4,4278190080]]],[0,"73TlGboa1EIKHRZvXx2MhW",1,0],[4,4283692543],[5,43,41.8],[45.15,-38.302,0,0,0,-0.18223552549214747,0.9832549075639546,1,1,1],[1,0,0,-21]],[3,"name",6,[[2,"樱桃炸弹",26,26,false,-81,[15],16],[1,2,-82,[4,4278190080]]],[0,"c4qTgFnYNDLJZz2/w1s6JJ",1,0],[5,108,36.76],[0,80.21625,0,0,0,0,1,1.25,1.25,1.25]],[4,"reward2",2,[8],[0,"14kT0McqJGMo9Z/yumMe5L",1,0],[-144.255,73.961,0,0,0,0.49999999999999994,0.8660254037844387,1,1,1],[1,0,0,60]],[5,"text",8,[[2,"1000",20,20,false,-83,[19],20],[1,2,-84,[4,4278190080]]],[0,"512kygtepAjZZRenF3vhXj",1,0],[4,4283692543],[5,46.24,29.2],[4.506,-35.798,0,0,0,0.04689724267181702,0.9988997190057572,1,1,1],[1,0,0,5.376]],[3,"name",8,[[2,"金币",26,26,false,-85,[21],22],[1,2,-86,[4,4278190080]]],[0,"5eO88xzx9E9bTSSrAkySRn",1,0],[5,56,36.76],[0,48.329,0,0,0,0,1,1,1,1]],[10,"type1",9,[-87,-88],[0,"d4qd49FZ1E9LMPTIflA+Zw",1,0]],[3,"name",28,[[2,"钢地刺",26,26,false,-89,[25],26],[1,2,-90,[4,4278190080]]],[0,"86fCM/fHBI4ZhLNDmbksCM",1,0],[5,82,36.76],[0,36.419,0,0,0,0,1,1,1,1]],[16,"free_sun",10,[[9,"New Node",-92,[0,"47j8YsPudLkLqaRNSstmRN",1,0]]],[[12,"default","1ui_idle",0,"1ui_idle",true,-91,[27],28]],[0,"1bb44/aUdFoL48nx37R2hC",1,0]],[5,"num",10,[[2,"+5",30,30,false,-93,[29],30],[1,2,-94,[4,4278190080]]],[0,"07v8BXYTZFI7r819Cpjd0i",1,0],[4,4283692543],[5,43,41.8],[60.502,-20.476,0,0,0,-0.06098756683585237,0.9981385258026275,1.25,1.25,1.25],[1,0,0,-6.993]],[3,"name",10,[[2,"免费阳光",26,26,false,-95,[31],32],[1,2,-96,[4,4278190080]]],[0,"202VWWivFOHoJHKa7V1AUN",1,0],[5,108,36.76],[0,80.2075,0,0,0,0,1,1.25,1.25,1.5625]],[26,"auto_pick",[-98],[[12,"default","2ui_idle",0,"2ui_idle",true,-97,[35],36]],[0,"50tPSbF55KA4KYaE2MyDqb",1,0]],[27,"text",[[2,"+2",37,37,false,-99,[33],34],[1,2,-100,[4,4278190080]]],[0,"85gWlO47ZHBpoHKcUMpmVp",1,0],[4,4283692543],[5,49.69,50.62],[-41.139,-43.275,0,0,0,0.2567364100944095,0.966481461659682,1,1,1],[1,0,0,29.753]],[3,"name",11,[[2,"自动拾取",26,26,false,-101,[37],38],[1,2,-102,[4,4278190080]]],[0,"2bbmNosP1C+JYidpKim7b8",1,0],[5,108,36.76],[0,36,0,0,0,0,1,1,1,1]],[14,"reward",12,[-103,-104],[0,"faTOqYCSVHnKoJunhSsqHt",1,0],[0,-14.329,0,0,0,0,1,1,1,1]],[5,"text",36,[[2,"3000",20,20,false,-105,[41],42],[1,2,-106,[4,4278190080]]],[0,"9383YsBdtL1oqRQ86/6Qs1",1,0],[4,4283692543],[5,52.54,29.2],[4.506,-35.798,0,0,0,0.04689724267181702,0.9988997190057572,1,1,1],[1,0,0,5.376]],[3,"name",12,[[2,"金币",26,26,false,-107,[43],44],[1,2,-108,[4,4278190080]]],[0,"a0lxrFJ2FIia/haaONRT7C",1,0],[5,56,36.76],[0,36,0,0,0,0,1,1,1,1]],[28,"txt",3,[[44,"免费抽奖",36,false,1,1,-109,[49],50],[1,3,-110,[4,4278208621]]],[0,"ca3LyYsXZL9bHWu1LkMhQO",1,0],[4,4284081919],[5,150,56.4],[20,0,0,0,0,0,1,1,1,1]],[11,"tips",1,[[-111,[1,3,-112,[4,4278208621]]],1,4],[0,"37m5sid3ZCm5vtXCrOJ/Ov",1,0],[4,4284081919],[5,335.39,56.4],[0,0,0.5],[178.308,-304.439,0,0,0,0,1,1,1,1]],[11,"tips",1,[[-113,[1,3,-114,[4,4278208621]]],1,4],[0,"daHEtUy/1GOJEpQ63mvrzp",1,0],[4,4284081919],[5,179.78,56.4],[0,1,0.5],[-179.794,-304.439,0,0,0,0,1,1,1,1]],[3,"title",1,[[6,-115,[4],5]],[0,"35IzGMZ49PxLZj8zB+nfoK",1,0],[5,282,85],[0,305.626,0,0,0,0,1,1,1,1]],[43,"default","3ui_idle1",0,"3ui_idle1",true,7,[12]],[15,"gold_hole_1",8,[[7,0,-116,[17],18]],[0,"d6TODsAIpPtoR07MJZItmL",1,0],[5,53,44.1]],[3,"sprite",28,[[39,2,false,-117,[23],24]],[0,"a3YOlhf5hE6rxHQpsiV8u+",1,0],[5,96,96],[0,-7.965,0,0,0,0,1,1,1,1]],[10,"type2",9,[10],[0,"c1Ivk7+3dKDrIY3F9U+gkD",1,0]],[29,"auto_pick_btn",11,[33],[0,"b9NiD5CpZKFbRp0TKNXE4K",1,0],[5,100,100],[0,-30,0,0,0,0,1,0.8,0.8,0.7]],[10,"New Node",33,[34],[0,"490ZPS+DxGzIfjK3L6seFo",1,0]],[15,"gold_hole_1",36,[[7,0,-118,[39],40]],[0,"d75ZgD9dlLhJhGmIKMwFPb",1,0],[5,53,44.1]],[46,3,3,3,6,2],[30,"pointer",17,[[6,-119,[47],48]],[0,"e4D2btNq1Hebo5KUvocKQB",1,0],[5,101,169],[17.66889,31.87552,0,0,0,-0.25038000405444144,0.9681476403781077,1,1,1],[1,0,0,-29]],[40,0,14,[51]],[21,"3次抽奖后必定获得特殊奖励",26,false,1,1,40,[56]],[21,"今日可抽奖6次",26,false,1,1,41,[57]],[45,27,false,2,15,[58]]],0,[0,6,1,0,0,1,0,0,1,0,7,55,0,8,54,0,9,53,0,-1,11,0,-2,12,0,-3,18,0,-4,22,0,-5,25,0,-6,9,0,10,13,0,11,50,0,0,1,0,-1,4,0,-2,16,0,-3,42,0,-4,17,0,-5,3,0,-6,40,0,-7,41,0,-8,15,0,0,2,0,-2,50,0,-1,18,0,-2,22,0,-3,25,0,-4,9,0,-5,11,0,-6,12,0,0,3,0,0,3,0,-1,39,0,-2,13,0,0,4,0,0,4,0,0,4,0,-1,19,0,-2,20,0,-3,21,0,-1,7,0,-2,23,0,-3,24,0,-1,43,0,12,43,0,0,7,0,3,7,0,-1,44,0,-2,26,0,-3,27,0,-1,28,0,-2,46,0,-1,30,0,-2,31,0,-3,32,0,-1,47,0,-2,35,0,-1,36,0,-2,38,0,0,13,0,-1,14,0,6,14,0,-1,52,0,13,52,0,0,14,0,6,15,0,-1,55,0,0,15,0,0,16,0,0,16,0,-2,51,0,0,19,0,3,19,0,0,20,0,0,20,0,0,21,0,0,21,0,0,23,0,0,23,0,0,24,0,0,24,0,0,26,0,0,26,0,0,27,0,0,27,0,-1,45,0,-2,29,0,0,29,0,0,29,0,0,30,0,3,30,0,0,31,0,0,31,0,0,32,0,0,32,0,0,33,0,-1,48,0,0,34,0,0,34,0,0,35,0,0,35,0,-1,49,0,-2,37,0,0,37,0,0,37,0,0,38,0,0,38,0,0,39,0,0,39,0,-1,53,0,0,40,0,-1,54,0,0,41,0,0,42,0,0,44,0,0,45,0,0,49,0,0,51,0,14,1,2,3,17,5,3,18,6,3,22,8,3,25,10,3,46,33,3,47,34,3,48,119],[0,0,0,0,0,0,0,0,0,0,0,0,0,0,0,0,0,0,0,0,0,0,0,0,0,0,0,0,0,0,0,0,0,0,0,0,0,0,0,0,0,0,0,0,0,0,0,0,0,0,0,0,0,0,0,0,0,0,0,43,52,53,54,55],[-1,2,-1,2,-1,2,-1,4,-1,1,-1,1,-1,-1,1,-1,1,-1,2,-1,1,-1,1,-1,2,-1,1,-1,4,-1,1,-1,1,-1,1,-1,4,-1,1,-1,2,-1,1,-1,1,-1,2,-1,2,-1,1,-1,-1,2,-1,2,-1,-1,-1,4,2,1,1,1],[0,8,0,9,0,10,2,3,0,1,0,1,2,0,1,0,1,0,4,0,1,0,1,0,11,0,1,2,3,0,1,0,1,0,1,2,3,0,1,0,4,0,1,0,1,0,12,0,13,0,1,0,0,14,0,15,0,0,0,3,16,1,1,1]]]]