[1,["2702Ql/8dPJ4wdIP7GDZSl","7a/QZLET9IDreTiBfRn2PD","28TJkHynFKcbqOEPDev38U"],["root","body","animation","node","data","_N$skeletonData"],[["cc.Node",["_name","_groupIndex","_parent","_components","_prefab","_contentSize","_trs"],1,1,2,4,5,7],["cc.PrefabInfo",["fileId","root","asset"],2,1,1],["sp.SkeletonData",["_name","_atlasText","textureNames","_skeletonJson","textures"],-1,3],["cc.Prefab",["_name"],2],["cc.Node",["_name","_children","_components","_prefab","_trs"],2,2,12,4,7],["bf049L/anZKXoHAQ0j0pCKJ",["shadowScale","node","animation","body"],2,1,1,1],["cc.BoxCollider",["node","_offset","_size"],3,1,5,5],["96c396uvMtPhLUJFoRD9JmK",["node","body"],3,1,1],["sp.Skeleton",["defaultSkin","defaultAnimation","_preCacheMode","_animationName","node","_materials"],-1,1,3],["261d4+Q1HdGA5w3tjdBw83c",["node","spineAnimation"],3,1,1]],[[1,0,1,2,2],[2,0,1,2,3,4,5],[3,0,2],[4,0,1,2,3,4,2],[0,0,1,2,3,4,3],[0,0,2,3,4,5,6,2],[5,0,1,2,3,2],[1,1,2,1],[6,0,1,2,1],[7,0,1,1],[8,0,1,2,3,4,5,5],[9,0,1,1]],[[[[1,"24_plant","\n24_plant.png\nsize: 1024,256\nformat: RGBA8888\nfilter: Linear,Linear\nrepeat: none\nbody1\n  rotate: true\n  xy: 2, 14\n  size: 197, 291\n  orig: 199, 293\n  offset: 1, 1\n  index: -1\nbody2\n  rotate: true\n  xy: 295, 14\n  size: 197, 290\n  orig: 199, 292\n  offset: 1, 1\n  index: -1\nbody3\n  rotate: true\n  xy: 587, 14\n  size: 197, 285\n  orig: 199, 287\n  offset: 1, 1\n  index: -1\neye1\n  rotate: true\n  xy: 874, 120\n  size: 91, 56\n  orig: 93, 58\n  offset: 1, 1\n  index: -1\neye2\n  rotate: true\n  xy: 874, 26\n  size: 92, 36\n  orig: 94, 38\n  offset: 1, 1\n  index: -1\neye3\n  rotate: false\n  xy: 874, 2\n  size: 90, 22\n  orig: 92, 24\n  offset: 1, 1\n  index: -1\nmouth\n  rotate: false\n  xy: 932, 191\n  size: 15, 20\n  orig: 19, 23\n  offset: 2, 2\n  index: -1\ntears\n  rotate: true\n  xy: 912, 107\n  size: 11, 42\n  orig: 13, 45\n  offset: 1, 1\n  index: -1\n",["24_plant.png"],{"skeleton":{"hash":"/c93CDNbJCOoC2lA6nqQRbnizRQ","spine":"3.8.99","x":-50.64,"y":-7.96,"width":101.44,"height":149.33},"bones":[{"name":"root"},{"name":"plant","parent":"root","scaleX":0.153,"scaleY":0.153},{"name":"body1","parent":"plant","length":487.77,"rotation":90},{"name":"mouth","parent":"body1","x":544.74,"y":-150.27},{"name":"eye3","parent":"body1","x":649.23,"y":-115.79},{"name":"tears","parent":"body1","length":116.25,"rotation":-179.16,"x":616.29,"y":-3.01}],"slots":[{"name":"body1","bone":"body1","attachment":"body1"},{"name":"tears","bone":"tears","attachment":"tears"},{"name":"mouth","bone":"mouth","attachment":"mouth"},{"name":"eye3","bone":"eye3"},{"name":"eye2","bone":"eye3"},{"name":"eye1","bone":"eye3","attachment":"eye1"}],"skins":[{"name":"skin_1","attachments":{"body1":{"body1":{"x":436,"y":-0.5,"rotation":-90,"width":663,"height":976}},"eye1":{"eye1":{"x":10.27,"y":8.29,"rotation":-90,"width":309,"height":193}},"eye2":{"eye2":{"x":10.27,"y":11.29,"rotation":-90,"width":313,"height":125}},"eye3":{"eye3":{"x":5.77,"y":6.79,"rotation":-90,"width":308,"height":80}},"mouth":{"mouth":{"x":3.26,"y":2.77,"rotation":-90,"width":63,"height":76}}}},{"name":"skin_2","attachments":{"body1":{"body1":{"path":"body2","x":433.51,"y":-0.5,"rotation":-90,"width":663,"height":972}},"eye1":{"eye1":{"x":10.27,"y":8.29,"rotation":-90,"width":309,"height":193}},"eye2":{"eye2":{"x":10.27,"y":11.29,"rotation":-90,"width":313,"height":125}},"eye3":{"eye3":{"x":5.77,"y":6.79,"rotation":-90,"width":308,"height":80}},"mouth":{"mouth":{"x":3.26,"y":2.77,"rotation":-90,"width":63,"height":76}}}},{"name":"skin_3","attachments":{"body1":{"body1":{"path":"body3","x":424.54,"y":-0.5,"rotation":-90,"width":663,"height":955}},"eye1":{"eye1":{"x":10.27,"y":8.29,"rotation":-90,"width":309,"height":193}},"eye2":{"eye2":{"x":10.27,"y":11.29,"rotation":-90,"width":313,"height":125}},"eye3":{"eye3":{"x":5.77,"y":6.79,"rotation":-90,"width":308,"height":80}},"mouth":{"mouth":{"x":3.26,"y":2.77,"rotation":-90,"width":63,"height":76}},"tears":{"tears":{"x":64.33,"y":2.05,"rotation":89.16,"width":44,"height":150}}}}],"animations":{"idle":{"bones":{"body1":{"translate":[{},{"time":0.2667,"y":-6.54},{"time":0.5333},{"time":0.8,"y":-6.54},{"time":1.0667}],"scale":[{},{"time":0.2667,"x":0.971,"y":1.012},{"time":0.5333},{"time":0.8,"x":0.968,"y":1.005},{"time":1.0667}],"shear":[{},{"time":0.2667,"x":0.87},{"time":0.5333},{"time":0.8,"x":-0.94},{"time":1.0667}]}}},"idle_eye1":{"slots":{"eye1":{"attachment":[{"time":0.2,"name":null},{"time":0.4,"name":"eye1"},{"time":0.4667,"name":null},{"time":0.6667,"name":"eye1"}]},"eye2":{"attachment":[{"time":0.2,"name":"eye2"},{"time":0.2667,"name":null},{"time":0.3333,"name":"eye2"},{"time":0.4,"name":null},{"time":0.4667,"name":"eye2"},{"time":0.5333,"name":null},{"time":0.6,"name":"eye2"},{"time":0.6667,"name":null}]},"eye3":{"attachment":[{"time":0.2667,"name":"eye3"},{"time":0.3333,"name":null},{"time":0.5333,"name":"eye3"},{"time":0.6,"name":null}]}},"bones":{"body1":{"translate":[{},{"time":0.2667,"y":-6.54},{"time":0.5333},{"time":0.8,"y":-6.54},{"time":1.0667}],"scale":[{},{"time":0.2667,"x":0.971,"y":1.012},{"time":0.5333},{"time":0.8,"x":0.968,"y":1.005},{"time":1.0667}],"shear":[{},{"time":0.2667,"x":0.87},{"time":0.5333},{"time":0.8,"x":-0.94},{"time":1.0667}]},"tears":{"translate":[{"time":0.1333},{"time":0.2667,"x":15.75,"y":-0.23},{"time":0.4},{"time":0.5333,"x":15.75,"y":-0.23},{"time":0.6667}],"scale":[{"time":0.1333},{"time":0.2667,"x":1.035},{"time":0.4},{"time":0.5333,"x":1.035},{"time":0.6667}]}}},"idle_eye2":{"slots":{"eye1":{"attachment":[{"time":0.2,"name":null},{"time":0.4,"name":"eye1"},{"time":0.4667,"name":null},{"time":0.6667,"name":"eye1"},{"time":0.7333,"name":null},{"time":0.9333,"name":"eye1"}]},"eye2":{"attachment":[{"time":0.2,"name":"eye2"},{"time":0.2667,"name":null},{"time":0.3333,"name":"eye2"},{"time":0.4,"name":null},{"time":0.4667,"name":"eye2"},{"time":0.5333,"name":null},{"time":0.6,"name":"eye2"},{"time":0.6667,"name":null},{"time":0.7333,"name":"eye2"},{"time":0.8,"name":null},{"time":0.8667,"name":"eye2"},{"time":0.9333,"name":null}]},"eye3":{"attachment":[{"time":0.2667,"name":"eye3"},{"time":0.3333,"name":null},{"time":0.5333,"name":"eye3"},{"time":0.6,"name":null},{"time":0.8,"name":"eye3"},{"time":0.8667,"name":null}]}},"bones":{"body1":{"translate":[{},{"time":0.2667,"y":-6.54},{"time":0.5333},{"time":0.8,"y":-6.54},{"time":1.0667}],"scale":[{},{"time":0.2667,"x":0.971,"y":1.012},{"time":0.5333},{"time":0.8,"x":0.968,"y":1.005},{"time":1.0667}],"shear":[{},{"time":0.2667,"x":0.87},{"time":0.5333},{"time":0.8,"x":-0.94},{"time":1.0667}]},"tears":{"translate":[{"time":0.1333},{"time":0.2667,"x":15.75,"y":-0.23},{"time":0.4},{"time":0.5333,"x":15.75,"y":-0.23},{"time":0.6667},{"time":0.8,"x":15.75,"y":-0.23},{"time":0.9333}],"scale":[{"time":0.1333},{"time":0.2667,"x":1.035},{"time":0.4},{"time":0.5333,"x":1.035},{"time":0.6667},{"time":0.8,"x":1.035},{"time":0.9333}]}}}}},[0]]],0,0,[0],[-1],[0]],[[[2,"TallNut"],[3,"TallNut",[-6,-7],[[-2,[6,1.4,-5,-4,-3]],1,4],[7,-1,0],[-494,-293,0,0,0,0,1,1,1,1]],[4,"bodyC",5,1,[-8,-9],[0,"8biwbfKJ9OK5+DHIYALBMa",1,0]],[8,2,[0,0,65],[5,120,150]],[9,2,3],[5,"24_plant",1,[-10],[0,"01jZT3yERDY75DOoLF4Mz1",1,0],[5,101.44,149.33],[0,-5,0,0,0,0,1,1,1,1]],[10,"skin_1","idle",0,"idle",5,[0]],[11,1,6]],0,[0,0,1,0,-1,7,0,1,4,0,2,7,0,3,1,0,-1,2,0,-2,5,0,-1,3,0,-2,4,0,-1,6,0,4,1,10],[0,6],[-1,5],[1,2]]]]