[1,["c3IClFU6pJopMFvvHhdkTX","e3Na6WdjJK9LpgWa8SaKIQ","7a/QZLET9IDreTiBfRn2PD","ecpdLyjvZBwrvm+cedCcQy","7b3WY3+jpDEo1oKayDscgW"],["_N$skeletonData","root","dirtAni","mask","body","animation","node","data"],[["cc.Node",["_name","_groupIndex","_parent","_components","_prefab","_contentSize"],1,1,2,4,5],["cc.PrefabInfo",["fileId","root","asset"],2,1,1],["261d4+Q1HdGA5w3tjdBw83c",["activeFlash","node","spineAnimation"],2,1,1],["cc.Prefab",["_name"],2],["cc.Node",["_name","_children","_components","_prefab","_contentSize","_anchorPoint"],2,2,12,4,5,5],["6429fMJWr9ANbWhxTI8PfRn",["attackAniName","deathAniName","moveAniName","node","animation","body","shadowOffset","mask","dirtAni"],0,1,1,1,5,1,1],["sp.Skeleton",["defaultSkin","defaultAnimation","_preCacheMode","_animationName","node","_materials"],-1,1,3],["cc.BoxCollider",["node","_offset","_size"],3,1,5,5],["b1abdSI13NE76lu3aJ+NI5X",["node","body"],3,1,1],["cc.Mask",["_enabled","node","_materials"],2,1,3],["sp.SkeletonData",["_name","_atlasText","textureNames","_skeletonJson","textures"],-1,3]],[[1,0,1,2,2],[6,0,1,2,3,4,5,5],[3,0,2],[4,0,1,2,3,4,5,2],[0,0,2,3,4,5,2],[0,0,1,2,3,4,3],[0,0,2,3,4,2],[5,0,1,2,3,4,5,6,7,8,4],[1,1,2,1],[2,0,1,2,2],[2,1,2,1],[7,0,1,2,1],[8,0,1,1],[9,0,1,2,2],[10,0,1,2,3,4,5]],[[[[2,"BackupDancerZombie"],[3,"BackupDancerZombie",[-8,-9,-10],[[-2,[7,["attack"],["die"],["walk"],-7,-6,-5,[0,6,6],-4,-3]],1,4],[8,-1,0],[5,200,200],[0,0.5,0]],[4,"Zombie_dancer",1,[-11,-12],[0,"24Ou437e5I3rg1YIZFptcI",1,0],[5,118.63,162.99]],[5,"BodyC",2,1,[-13,-14],[0,"deW4O36qdKNLtSeizNuVaM",1,0]],[6,"tu",1,[-15,-16],[0,"7cEjMRxZBBSozXCNaXsYE3",1,0]],[1,"biaoqing1","walk",0,"walk",2,[0]],[9,true,2,5],[11,3,[0,0,75],[5,70,150]],[12,3,7],[1,"biaoqing1","tu",0,"tu",4,[1]],[10,4,9],[13,false,1,[2]]],0,[0,1,1,0,-1,11,0,2,10,0,3,11,0,4,8,0,5,6,0,6,1,0,-1,2,0,-2,3,0,-3,4,0,-1,5,0,-2,6,0,-1,7,0,-2,8,0,-1,9,0,-2,10,0,7,1,16],[0,0,0,5,9],[-1,-1,-1,0,0],[1,2,3,0,0]],[[[14,"Zombie_dancer","\nZombie_dancer.png\nsize: 512,128\nformat: RGBA8888\nfilter: Linear,Linear\nrepeat: none\nerding\n  rotate: true\n  xy: 230, 2\n  size: 10, 19\n  orig: 10, 19\n  offset: 0, 0\n  index: -1\ngongjishou\n  rotate: true\n  xy: 157, 25\n  size: 32, 26\n  orig: 32, 27\n  offset: 0, 1\n  index: -1\nkua\n  rotate: true\n  xy: 152, 92\n  size: 34, 29\n  orig: 34, 37\n  offset: 0, 8\n  index: -1\nshenti\n  rotate: true\n  xy: 2, 5\n  size: 49, 64\n  orig: 49, 64\n  offset: 0, 0\n  index: -1\nshetou\n  rotate: true\n  xy: 254, 2\n  size: 13, 21\n  orig: 13, 21\n  offset: 0, 0\n  index: -1\ntou1\n  rotate: false\n  xy: 68, 3\n  size: 54, 51\n  orig: 60, 51\n  offset: 0, 0\n  index: -1\ntou2\n  rotate: true\n  xy: 59, 73\n  size: 53, 52\n  orig: 55, 52\n  offset: 0, 0\n  index: -1\ntoufa\n  rotate: true\n  xy: 2, 56\n  size: 70, 55\n  orig: 70, 55\n  offset: 0, 0\n  index: -1\ntukua10\n  rotate: false\n  xy: 282, 89\n  size: 14, 15\n  orig: 14, 15\n  offset: 0, 0\n  index: -1\ntukua11\n  rotate: false\n  xy: 288, 112\n  size: 13, 14\n  orig: 13, 14\n  offset: 0, 0\n  index: -1\ntukua12\n  rotate: false\n  xy: 282, 74\n  size: 13, 13\n  orig: 13, 13\n  offset: 0, 0\n  index: -1\ntukua13\n  rotate: true\n  xy: 268, 106\n  size: 20, 18\n  orig: 20, 18\n  offset: 0, 0\n  index: -1\ntukua17\n  rotate: false\n  xy: 277, 3\n  size: 16, 16\n  orig: 16, 16\n  offset: 0, 0\n  index: -1\ntukua2\n  rotate: true\n  xy: 152, 59\n  size: 31, 30\n  orig: 31, 30\n  offset: 0, 0\n  index: -1\ntukua21\n  rotate: true\n  xy: 277, 21\n  size: 20, 16\n  orig: 20, 16\n  offset: 0, 0\n  index: -1\ntukua3\n  rotate: true\n  xy: 184, 59\n  size: 36, 23\n  orig: 36, 23\n  offset: 0, 0\n  index: -1\ntukua4\n  rotate: false\n  xy: 124, 23\n  size: 31, 33\n  orig: 31, 33\n  offset: 0, 0\n  index: -1\ntukua5\n  rotate: false\n  xy: 183, 97\n  size: 29, 29\n  orig: 30, 29\n  offset: 0, 0\n  index: -1\ntukua8\n  rotate: true\n  xy: 185, 28\n  size: 29, 27\n  orig: 29, 27\n  offset: 0, 0\n  index: -1\ntukua9\n  rotate: true\n  xy: 113, 84\n  size: 42, 37\n  orig: 42, 37\n  offset: 0, 0\n  index: -1\nxiaba\n  rotate: false\n  xy: 193, 4\n  size: 35, 22\n  orig: 35, 22\n  offset: 0, 0\n  index: -1\nyaodai\n  rotate: false\n  xy: 158, 7\n  size: 33, 16\n  orig: 33, 16\n  offset: 0, 0\n  index: -1\nyoudabi\n  rotate: true\n  xy: 91, 58\n  size: 13, 25\n  orig: 13, 25\n  offset: 0, 0\n  index: -1\nyoudatui\n  rotate: false\n  xy: 254, 17\n  size: 21, 23\n  orig: 21, 23\n  offset: 0, 0\n  index: -1\nyoushou\n  rotate: true\n  xy: 238, 70\n  size: 28, 23\n  orig: 28, 23\n  offset: 0, 0\n  index: -1\nyouxiaobi\n  rotate: false\n  xy: 59, 56\n  size: 30, 15\n  orig: 30, 15\n  offset: 0, 0\n  index: -1\nyouxiaotui\n  rotate: false\n  xy: 214, 39\n  size: 25, 26\n  orig: 25, 26\n  offset: 0, 0\n  index: -1\nyouxiegen\n  rotate: true\n  xy: 262, 43\n  size: 25, 18\n  orig: 25, 24\n  offset: 0, 0\n  index: -1\nyouxietou\n  rotate: true\n  xy: 230, 14\n  size: 23, 22\n  orig: 25, 22\n  offset: 2, 0\n  index: -1\nyouyanzhu\n  rotate: false\n  xy: 113, 78\n  size: 4, 4\n  orig: 4, 4\n  offset: 0, 0\n  index: -1\nzuodabi\n  rotate: true\n  xy: 263, 74\n  size: 26, 17\n  orig: 26, 17\n  offset: 0, 0\n  index: -1\nzuodatui\n  rotate: true\n  xy: 124, 4\n  size: 17, 32\n  orig: 17, 32\n  offset: 0, 0\n  index: -1\nzuoshou\n  rotate: true\n  xy: 209, 67\n  size: 28, 27\n  orig: 28, 27\n  offset: 0, 0\n  index: -1\nzuoxiaobi\n  rotate: false\n  xy: 242, 102\n  size: 24, 24\n  orig: 24, 24\n  offset: 0, 0\n  index: -1\nzuoxiaotui\n  rotate: true\n  xy: 118, 58\n  size: 18, 32\n  orig: 18, 32\n  offset: 0, 0\n  index: -1\nzuoxiegen\n  rotate: false\n  xy: 214, 100\n  size: 26, 26\n  orig: 26, 26\n  offset: 0, 0\n  index: -1\nzuoxietou\n  rotate: true\n  xy: 241, 42\n  size: 26, 19\n  orig: 26, 19\n  offset: 0, 0\n  index: -1\nzuoyanzhu\n  rotate: false\n  xy: 119, 78\n  size: 4, 4\n  orig: 5, 4\n  offset: 0, 0\n  index: -1\n",["Zombie_dancer.png"],{"skeleton":{"hash":"LhTs1MybWYdy2vPhhRSm/GgmHaU","spine":"3.8.99","x":-54.26,"y":-10.74,"width":129.35,"height":199.53,"images":"./images/","audio":"F:/私活/植物大战僵尸动作/第二关/第二大关/banwu"},"bones":[{"name":"root","scaleX":0.5,"scaleY":0.5},{"name":"kua","parent":"root","x":11.18,"y":151.47,"color":"ffe03bff"},{"name":"zuodatui","parent":"kua","length":52.66,"rotation":-104.98,"x":16.22,"y":-16.05,"color":"56e423ff"},{"name":"zuoxiaotui","parent":"zuodatui","length":44.68,"rotation":19.45,"x":52.7,"y":-0.15,"color":"56e424ff"},{"name":"youdatui","parent":"kua","length":41.49,"rotation":-126.81,"x":-16.52,"y":-12.93},{"name":"youdatui2","parent":"youdatui","length":36.62,"rotation":84.06,"x":41.36,"y":0.18},{"name":"shitou","parent":"root","x":28.48,"y":22.83},{"name":"tukua2","parent":"shitou","x":-20.66,"y":-6.37},{"name":"tukua8","parent":"shitou","x":-63.59,"y":-14.48},{"name":"tukua9","parent":"shitou","x":-92.21,"y":-6.84},{"name":"tukua3","parent":"shitou","x":10.82,"y":-5.89},{"name":"tukua4","parent":"shitou","x":42.3,"y":-7.32},{"name":"tukua5","parent":"shitou","x":70.45,"y":-6.37},{"name":"tukua21","parent":"shitou","x":-64.07,"y":17.48},{"name":"tukua17","parent":"shitou","x":58.04,"y":23.21},{"name":"tukua10","parent":"shitou","x":-44.51,"y":8.9},{"name":"tukua11","parent":"shitou","x":-34.97,"y":21.3},{"name":"tukua12","parent":"shitou","x":-7.78,"y":19.39},{"name":"tukua13","parent":"shitou","x":19.88,"y":17.01},{"name":"shenti","parent":"kua","length":95.94,"rotation":97.13,"x":-0.28,"y":5.62,"color":"ffa420ff"},{"name":"yaodai","parent":"shenti","length":46.01,"rotation":-118.24,"x":-15.08,"y":13.02},{"name":"zuodabi","parent":"shenti","length":44.48,"rotation":109.11,"x":56.29,"y":-25.35,"color":"56e423ff"},{"name":"zuoxiaobi","parent":"zuodabi","length":43.33,"rotation":-72.04,"x":44.48,"color":"56e423ff"},{"name":"zuoshou","parent":"zuoxiaobi","length":36.16,"rotation":66.09,"x":43.51,"y":1.82,"color":"56e423ff"},{"name":"youdabi","parent":"shenti","length":39.83,"rotation":158.84,"x":71.76,"y":13.62,"color":"2dabffff"},{"name":"youxiaobi","parent":"youdabi","length":41.29,"rotation":-85.58,"x":39.91,"y":-0.33,"color":"2caaffff"},{"name":"youshou","parent":"youxiaobi","length":36.07,"rotation":19.88,"x":42.66,"y":0.2,"color":"2caaffff"},{"name":"tou2","parent":"shenti","length":55.87,"rotation":0.54,"x":95.59,"y":-0.78},{"name":"toufa","parent":"tou2","length":33.54,"rotation":-32.54,"x":58.28,"y":-1.99},{"name":"xiaba","parent":"tou2","x":12.67,"y":18.67},{"name":"shetou","parent":"xiaba","x":-9.72,"y":11.21},{"name":"shetou2","parent":"shetou","length":16.48,"rotation":163.3,"x":-1.87,"y":1.37},{"name":"shetou3","parent":"shetou2","length":17.21,"rotation":10.27,"x":16.7,"y":-0.15},{"name":"zuoyanzhu","parent":"tou2","x":29.38,"y":-5.1},{"name":"youyanzhu","parent":"tou2","x":42.9,"y":50.01},{"name":"zuo","parent":"root","length":24.34,"rotation":-107.29,"x":14.4,"y":38.39,"color":"56e423ff"},{"name":"zuoxietou","parent":"zuo","length":15.79,"rotation":-94.26,"x":34.95,"y":-2.87,"color":"56e423ff"},{"name":"you","parent":"root","length":26.06,"rotation":-84.8,"x":-24.64,"y":67.66,"color":"ff3f00ff"},{"name":"youxietou","parent":"you","length":19.43,"rotation":133.88,"x":28.56,"y":5.03,"color":"ff3f00ff"},{"name":"erding","parent":"tou2","length":30.25,"rotation":160.51,"x":15.13,"y":-29},{"name":"shitou2","parent":"root","x":50.74,"y":32.37},{"name":"tukua14","parent":"shitou2","x":-63.59,"y":-14.48},{"name":"tukua15","parent":"shitou2","x":-92.21,"y":-6.84},{"name":"tukua7","parent":"shitou2","x":10.82,"y":-5.89},{"name":"tukua16","parent":"shitou2","x":42.3,"y":-7.32},{"name":"tukua18","parent":"shitou2","x":70.45,"y":-6.37},{"name":"tukua22","parent":"shitou2","x":-64.07,"y":17.48},{"name":"tukua19","parent":"shitou2","x":58.04,"y":23.21},{"name":"tukua20","parent":"shitou2","x":-44.51,"y":8.9},{"name":"tukua23","parent":"shitou2","x":-34.97,"y":21.3},{"name":"tukua24","parent":"shitou2","x":-7.78,"y":19.39},{"name":"tukua25","parent":"shitou2","x":19.88,"y":17.01}],"slots":[{"name":"youxiaotui","bone":"youdatui2","attachment":"youxiaotui"},{"name":"youdatui","bone":"youdatui","attachment":"youdatui"},{"name":"youxiegen","bone":"you","attachment":"youxiegen"},{"name":"youxietou","bone":"youxietou","attachment":"youxietou"},{"name":"kua","bone":"kua","attachment":"kua"},{"name":"zuodatui","bone":"zuodatui","attachment":"zuodatui"},{"name":"yaodai","bone":"yaodai","attachment":"yaodai"},{"name":"zuoxiegen","bone":"zuo","attachment":"zuoxiegen"},{"name":"zuoxietou","bone":"zuoxietou","attachment":"zuoxietou"},{"name":"zuoxiaotui","bone":"zuoxiaotui","attachment":"zuoxiaotui"},{"name":"youdabi","bone":"youdabi","attachment":"youdabi"},{"name":"youxiaobi","bone":"youxiaobi","attachment":"youxiaobi"},{"name":"youshou","bone":"youshou","attachment":"youshou"},{"name":"shenti","bone":"shenti","attachment":"shenti"},{"name":"xiaba","bone":"xiaba","attachment":"xiaba"},{"name":"shetou2","bone":"shetou3","attachment":"shetou"},{"name":"tou1","bone":"tou2","attachment":"tou1"},{"name":"shetou","bone":"shetou"},{"name":"zuoyanzhu","bone":"zuoyanzhu","attachment":"zuoyanzhu"},{"name":"youyanzhu","bone":"youyanzhu","attachment":"youyanzhu"},{"name":"zuodabi","bone":"zuodabi","attachment":"zuodabi"},{"name":"zuoxiaobi","bone":"zuoxiaobi","attachment":"zuoxiaobi"},{"name":"gongjishou","bone":"zuoshou","attachment":"gongjishou"},{"name":"zuoshou","bone":"zuoshou","attachment":"zuoshou"},{"name":"toufa","bone":"toufa","attachment":"toufa"},{"name":"tukua21","bone":"tukua21","color":"ffffff00","attachment":"tukua21"},{"name":"tukua22","bone":"tukua22","color":"ffffff00","attachment":"tukua21"},{"name":"tukua17","bone":"tukua17","color":"ffffff00","attachment":"tukua17"},{"name":"tukua19","bone":"tukua19","color":"ffffff00","attachment":"tukua17"},{"name":"tukua13","bone":"tukua13","color":"ffffff00","attachment":"tukua13"},{"name":"tukua25","bone":"tukua25","color":"ffffff00","attachment":"tukua13"},{"name":"tukua12","bone":"tukua12","color":"ffffff00","attachment":"tukua12"},{"name":"tukua24","bone":"tukua24","color":"ffffff00","attachment":"tukua12"},{"name":"tukua11","bone":"tukua11","color":"ffffff00","attachment":"tukua11"},{"name":"tukua23","bone":"tukua23","color":"ffffff00","attachment":"tukua11"},{"name":"tukua10","bone":"tukua10","color":"ffffff00","attachment":"tukua10"},{"name":"tukua20","bone":"tukua20","color":"ffffff00","attachment":"tukua10"},{"name":"tukua9","bone":"tukua9","color":"ffffff00","attachment":"tukua9"},{"name":"tukua15","bone":"tukua15","color":"ffffff00","attachment":"tukua9"},{"name":"tukua8","bone":"tukua8","color":"ffffff00","attachment":"tukua8"},{"name":"tukua14","bone":"tukua14","color":"ffffff00","attachment":"tukua8"},{"name":"tukua5","bone":"tukua5","color":"ffffff00","attachment":"tukua5"},{"name":"tukua18","bone":"tukua18","color":"ffffff00","attachment":"tukua5"},{"name":"tukua4","bone":"tukua4","color":"ffffff00","attachment":"tukua4"},{"name":"tukua16","bone":"tukua16","color":"ffffff00","attachment":"tukua4"},{"name":"tukua3","bone":"tukua3","color":"ffffff00","attachment":"tukua3"},{"name":"tukua7","bone":"tukua7","color":"ffffff00","attachment":"tukua3"},{"name":"tukua2","bone":"tukua2","color":"ffffff00","attachment":"tukua2"},{"name":"erding","bone":"erding","attachment":"erding"}],"ik":[{"name":"you","order":1,"target":"you","bones":["youdatui","youdatui2"]},{"name":"zuo","target":"zuo","bones":["zuodatui","zuoxiaotui"]}],"skins":[{"name":"biaoqing1","attachments":{"erding":{"erding":{"x":15.27,"y":2.36,"rotation":101.83,"width":20,"height":37}},"gongjishou":{"gongjishou":{"x":16.8,"y":-12.03,"rotation":159.71,"width":63,"height":54}},"kua":{"kua":{"x":-1.56,"y":-10.2,"width":67,"height":74}},"shenti":{"shenti":{"x":39.89,"y":3.35,"rotation":-97.13,"width":97,"height":127}},"tou1":{"tou1":{"x":42.82,"y":1.5,"rotation":-97.66,"width":119,"height":102}},"toufa":{"toufa":{"x":15.64,"y":-2.78,"rotation":-65.12,"width":140,"height":109}},"tukua2":{"tukua2":{"x":0.53,"y":-0.36,"rotation":-0.11,"width":61,"height":59}},"tukua3":{"tukua3":{"x":0.05,"y":0.66,"rotation":-0.11,"width":71,"height":46}},"tukua4":{"tukua4":{"x":-2.93,"y":3.59,"rotation":-0.11,"width":62,"height":65}},"tukua5":{"tukua5":{"x":-1.07,"y":3.14,"rotation":-0.11,"width":60,"height":58}},"tukua7":{"tukua3":{"x":0.05,"y":0.66,"rotation":-0.11,"width":71,"height":46}},"tukua8":{"tukua8":{"x":-1.54,"y":1.75,"rotation":-0.11,"width":57,"height":53}},"tukua9":{"tukua9":{"x":-1.92,"y":-0.88,"rotation":-0.11,"width":83,"height":73}},"tukua10":{"tukua10":{"x":-0.09,"y":-0.54,"rotation":-0.11,"width":27,"height":30}},"tukua11":{"tukua11":{"x":0.17,"y":-1.5,"rotation":-0.11,"width":25,"height":28}},"tukua12":{"tukua12":{"x":0.38,"y":-0.66,"rotation":-0.11,"width":25,"height":25}},"tukua13":{"tukua13":{"x":-0.24,"y":-0.66,"rotation":-0.11,"width":39,"height":35}},"tukua14":{"tukua8":{"x":-1.54,"y":1.75,"rotation":-0.11,"width":57,"height":53}},"tukua15":{"tukua9":{"x":-1.92,"y":-0.88,"rotation":-0.11,"width":83,"height":73}},"tukua16":{"tukua4":{"x":-2.93,"y":3.59,"rotation":-0.11,"width":62,"height":65}},"tukua17":{"tukua17":{"x":1.1,"y":1.43,"rotation":-0.11,"width":31,"height":31}},"tukua18":{"tukua5":{"x":-1.07,"y":3.14,"rotation":-0.11,"width":60,"height":58}},"tukua19":{"tukua17":{"x":1.1,"y":1.43,"rotation":-0.11,"width":31,"height":31}},"tukua20":{"tukua10":{"x":-0.09,"y":-0.54,"rotation":-0.11,"width":27,"height":30}},"tukua21":{"tukua21":{"x":-0.06,"y":-0.4,"rotation":-0.11,"width":39,"height":32}},"tukua22":{"tukua21":{"x":-0.06,"y":-0.4,"rotation":-0.11,"width":39,"height":32}},"tukua23":{"tukua11":{"x":0.17,"y":-1.5,"rotation":-0.11,"width":25,"height":28}},"tukua24":{"tukua12":{"x":0.38,"y":-0.66,"rotation":-0.11,"width":25,"height":25}},"tukua25":{"tukua13":{"x":-0.24,"y":-0.66,"rotation":-0.11,"width":39,"height":35}},"xiaba":{"xiaba":{"x":-8.1,"y":-1.43,"rotation":-97.66,"width":70,"height":44}},"yaodai":{"yaodai":{"x":19.07,"y":-4.18,"rotation":17.46,"width":65,"height":32}},"youdabi":{"youdabi":{"x":19.82,"y":0.31,"rotation":104.04,"width":25,"height":50}},"youdatui":{"youdatui":{"x":21.24,"y":-0.39,"rotation":126.81,"width":41,"height":45}},"youshou":{"youshou":{"x":17.1,"y":-0.46,"rotation":169.74,"width":56,"height":46}},"youxiaobi":{"youxiaobi":{"x":19.21,"y":0.38,"rotation":-170.38,"width":60,"height":29}},"youxiaotui":{"youxiaotui":{"x":22.32,"y":-1.91,"rotation":42.75,"width":50,"height":51}},"youxiegen":{"youxiegen":{"x":9.96,"y":1.78,"rotation":84.8,"width":50,"height":47}},"youxietou":{"youxietou":{"x":23.23,"y":-1.8,"rotation":-49.08,"width":49,"height":43}},"youyanzhu":{"youyanzhu":{"x":-0.69,"y":-0.5,"rotation":-97.66,"width":8,"height":8}},"zuodabi":{"zuodabi":{"x":20.22,"y":0.43,"rotation":153.76,"width":52,"height":33}},"zuodatui":{"zuodatui":{"x":25.18,"y":1.27,"rotation":104.98,"width":34,"height":63}},"zuoshou":{"zuoshou":{"x":16.22,"y":-0.58,"rotation":159.71,"width":56,"height":54}},"zuoxiaobi":{"zuoxiaobi":{"x":19.33,"y":2.89,"rotation":-134.2,"width":47,"height":48}},"zuoxiaotui":{"zuoxiaotui":{"x":18.39,"y":0.55,"rotation":85.53,"width":35,"height":64}},"zuoxiegen":{"zuoxiegen":{"x":15.25,"y":-5.18,"rotation":95.19,"width":51,"height":51}},"zuoxietou":{"zuoxietou":{"x":24.84,"y":-2.44,"rotation":-158.45,"width":51,"height":38}},"zuoyanzhu":{"zuoyanzhu":{"x":-0.59,"y":-0.09,"rotation":-97.66,"width":10,"height":8}}}},{"name":"biaoqing2","attachments":{"erding":{"erding":{"x":15.27,"y":2.36,"rotation":101.83,"width":20,"height":37}},"gongjishou":{"gongjishou":{"x":16.8,"y":-12.03,"rotation":159.71,"width":63,"height":54}},"kua":{"kua":{"x":-1.56,"y":-10.2,"width":67,"height":74}},"shenti":{"shenti":{"x":39.89,"y":3.35,"rotation":-97.13,"width":97,"height":127}},"shetou2":{"shetou":{"type":"mesh","hull":14,"width":26,"height":42,"uvs":[0.88701,0.02338,0.97443,0.0793,0.88532,0.36706,0.94214,0.7047,0.86619,0.84512,0.69317,0.95255,0.57445,0.9772,0.32819,0.97689,0.15424,0.90584,0.03804,0.79781,0.0376,0.51108,0.16288,0.26069,0.36055,0.05424,0.641,0.02313],"triangles":[3,9,10,4,9,3,8,9,4,4,6,8,6,7,8,4,5,6,12,13,2,11,12,2,3,10,2,2,10,11,1,2,13,1,13,0],"vertices":[2,30,2.59,-6.58,0.99162,31,-6.56,6.34,0.00838,2,30,-0.04,-8.52,0.92922,31,-4.59,8.95,0.07078,2,30,-11.71,-4.61,0.07596,31,7.71,8.56,0.92404,2,31,21.48,12.25,0.46925,32,6.92,11.35,0.53075,2,31,27.61,11.22,0.16714,32,12.77,9.25,0.83286,2,31,32.78,7.49,0.02172,32,17.19,4.65,0.97828,2,31,34.28,4.6,0.00228,32,18.15,1.55,0.99772,1,32,18,-4.86,1,1,32,14.92,-9.31,1,1,32,10.32,-12.24,1,2,31,17.14,-12.26,0.09352,32,-1.72,-11.99,0.90648,2,31,6.25,-10.69,0.77354,32,-12.16,-8.51,0.22646,3,30,3.13,7.16,0.1505,31,-3.13,-6.98,0.84148,32,-20.72,-3.18,0.00802,2,30,3.45,-0.24,0.96879,31,-5.56,0.02,0.03121],"edges":[0,26,0,2,2,4,4,6,6,8,8,10,10,12,12,14,14,16,16,18,18,20,20,22,22,24,24,26]}},"tou1":{"tou1":{"name":"tou2","x":43.17,"y":4.14,"rotation":-97.66,"width":110,"height":104}},"toufa":{"toufa":{"x":15.64,"y":-2.78,"rotation":-65.12,"width":140,"height":109}},"tukua2":{"tukua2":{"x":0.53,"y":-0.36,"rotation":-0.11,"width":61,"height":59}},"tukua3":{"tukua3":{"x":0.05,"y":0.66,"rotation":-0.11,"width":71,"height":46}},"tukua4":{"tukua4":{"x":-2.93,"y":3.59,"rotation":-0.11,"width":62,"height":65}},"tukua5":{"tukua5":{"x":-1.07,"y":3.14,"rotation":-0.11,"width":60,"height":58}},"tukua7":{"tukua3":{"x":0.05,"y":0.66,"rotation":-0.11,"width":71,"height":46}},"tukua8":{"tukua8":{"x":-1.54,"y":1.75,"rotation":-0.11,"width":57,"height":53}},"tukua9":{"tukua9":{"x":-1.92,"y":-0.88,"rotation":-0.11,"width":83,"height":73}},"tukua10":{"tukua10":{"x":-0.09,"y":-0.54,"rotation":-0.11,"width":27,"height":30}},"tukua11":{"tukua11":{"x":0.17,"y":-1.5,"rotation":-0.11,"width":25,"height":28}},"tukua12":{"tukua12":{"x":0.38,"y":-0.66,"rotation":-0.11,"width":25,"height":25}},"tukua13":{"tukua13":{"x":-0.24,"y":-0.66,"rotation":-0.11,"width":39,"height":35}},"tukua14":{"tukua8":{"x":-1.54,"y":1.75,"rotation":-0.11,"width":57,"height":53}},"tukua15":{"tukua9":{"x":-1.92,"y":-0.88,"rotation":-0.11,"width":83,"height":73}},"tukua16":{"tukua4":{"x":-2.93,"y":3.59,"rotation":-0.11,"width":62,"height":65}},"tukua17":{"tukua17":{"x":1.1,"y":1.43,"rotation":-0.11,"width":31,"height":31}},"tukua18":{"tukua5":{"x":-1.07,"y":3.14,"rotation":-0.11,"width":60,"height":58}},"tukua19":{"tukua17":{"x":1.1,"y":1.43,"rotation":-0.11,"width":31,"height":31}},"tukua20":{"tukua10":{"x":-0.09,"y":-0.54,"rotation":-0.11,"width":27,"height":30}},"tukua21":{"tukua21":{"x":-0.06,"y":-0.4,"rotation":-0.11,"width":39,"height":32}},"tukua22":{"tukua21":{"x":-0.06,"y":-0.4,"rotation":-0.11,"width":39,"height":32}},"tukua23":{"tukua11":{"x":0.17,"y":-1.5,"rotation":-0.11,"width":25,"height":28}},"tukua24":{"tukua12":{"x":0.38,"y":-0.66,"rotation":-0.11,"width":25,"height":25}},"tukua25":{"tukua13":{"x":-0.24,"y":-0.66,"rotation":-0.11,"width":39,"height":35}},"xiaba":{"xiaba":{"x":-8.1,"y":-1.43,"rotation":-97.66,"width":70,"height":44}},"yaodai":{"yaodai":{"x":19.07,"y":-4.18,"rotation":17.46,"width":65,"height":32}},"youdabi":{"youdabi":{"x":19.82,"y":0.31,"rotation":104.04,"width":25,"height":50}},"youdatui":{"youdatui":{"x":21.24,"y":-0.39,"rotation":126.81,"width":41,"height":45}},"youshou":{"youshou":{"x":17.1,"y":-0.46,"rotation":169.74,"width":56,"height":46}},"youxiaobi":{"youxiaobi":{"x":19.21,"y":0.38,"rotation":-170.38,"width":60,"height":29}},"youxiaotui":{"youxiaotui":{"x":22.32,"y":-1.91,"rotation":42.75,"width":50,"height":51}},"youxiegen":{"youxiegen":{"x":9.96,"y":1.78,"rotation":84.8,"width":50,"height":47}},"youxietou":{"youxietou":{"x":23.23,"y":-1.8,"rotation":-49.08,"width":49,"height":43}},"youyanzhu":{"youyanzhu":{"x":-0.69,"y":-0.5,"rotation":-97.66,"width":8,"height":8}},"zuodabi":{"zuodabi":{"x":20.22,"y":0.43,"rotation":153.76,"width":52,"height":33}},"zuodatui":{"zuodatui":{"x":25.18,"y":1.27,"rotation":104.98,"width":34,"height":63}},"zuoshou":{"zuoshou":{"x":16.22,"y":-0.58,"rotation":159.71,"width":56,"height":54}},"zuoxiaobi":{"zuoxiaobi":{"x":19.33,"y":2.89,"rotation":-134.2,"width":47,"height":48}},"zuoxiaotui":{"zuoxiaotui":{"x":18.39,"y":0.55,"rotation":85.53,"width":35,"height":64}},"zuoxiegen":{"zuoxiegen":{"x":15.25,"y":-5.18,"rotation":95.19,"width":51,"height":51}},"zuoxietou":{"zuoxietou":{"x":24.84,"y":-2.44,"rotation":-158.45,"width":51,"height":38}}}}],"animations":{"attack":{"slots":{"gongjishou":{"attachment":[{"name":null}]}},"bones":{"zuoxiaotui":{"rotate":[{"angle":-0.17}]},"zuodatui":{"rotate":[{"angle":-24}]},"youdatui2":{"rotate":[{"angle":-73.06}]},"youdatui":{"rotate":[{"angle":53.13}],"translate":[{"x":-2.41}]},"zuoshou":{"rotate":[{"angle":-78.46}]},"zuoxiaobi":{"rotate":[{"angle":42.27}]},"zuodabi":{"rotate":[{"angle":66.72},{"time":0.2333,"angle":-32.5},{"time":0.3667,"angle":-12.63},{"time":0.4333,"angle":38.93},{"time":0.7667,"angle":76.11},{"time":1.0667,"angle":66.72}],"translate":[{"x":-9.84,"y":3.81}]},"youshou":{"rotate":[{},{"time":0.5333,"angle":-52.25},{"time":1.0667}]},"youxiaobi":{"rotate":[{"angle":39.37}]},"youdabi":{"rotate":[{"angle":15.63},{"time":0.5333,"angle":-67.64},{"time":0.7667,"angle":-94.57},{"time":1.0667,"angle":15.63}],"translate":[{"x":-20.8,"y":9.05}]},"xiaba":{"translate":[{"x":-5.91,"y":2.9}]},"shenti":{"rotate":[{"angle":-2.49}]},"kua":{"rotate":[{"angle":14.25},{"time":0.2333,"angle":-4.7},{"time":0.3667,"angle":18.84},{"time":0.4333,"angle":24.67},{"time":0.7667,"angle":-4.7},{"time":0.9,"angle":18.84},{"time":0.9667,"angle":24.67},{"time":1.0667,"angle":14.25}],"translate":[{"y":-10.28},{"time":0.2333,"y":-3.17},{"time":0.3667,"y":-16.75},{"time":0.4333,"y":-20.58},{"time":0.7667,"y":-3.17},{"time":0.9,"y":-16.75},{"time":0.9667,"y":-20.58},{"time":1.0667,"y":-10.28}]},"zuo":{"rotate":[{"angle":11.39}],"translate":[{"x":18.8,"y":3.82}]},"you":{"rotate":[{"curve":0.319,"c3":0.652,"c4":0.34},{"time":0.2333,"angle":-7.57,"curve":0.297,"c2":0.13,"c3":0.635,"c4":0.5},{"time":1.0667}],"translate":[{"x":2.45,"y":-18.65,"curve":0.319,"c3":0.652,"c4":0.34},{"time":0.2333,"x":2.45,"y":-8.28,"curve":0.297,"c2":0.13,"c3":0.635,"c4":0.5},{"time":0.3333,"x":2.45,"y":-18.65,"curve":"stepped"},{"time":0.5333,"x":2.45,"y":-18.65,"curve":0.319,"c3":0.652,"c4":0.34},{"time":0.7667,"x":2.45,"y":-8.28,"curve":0.297,"c2":0.13,"c3":0.635,"c4":0.5},{"time":0.8667,"x":2.45,"y":-18.65}]},"youxietou":{"translate":[{"x":-0.53,"y":-4.03}]},"erding":{"rotate":[{},{"time":0.2667,"angle":-20.95},{"time":0.5333},{"time":0.8667,"angle":-20.95},{"time":1.0667}]}}},"dance":{"slots":{"gongjishou":{"attachment":[{"name":null}]}},"bones":{"zuoxiaotui":{"rotate":[{"angle":0.79,"curve":"stepped"},{"time":2.5,"angle":0.79},{"time":3.0667,"angle":8.38}]},"zuodatui":{"rotate":[{"angle":7.36,"curve":"stepped"},{"time":2.5,"angle":7.36},{"time":3.0667,"angle":3.88}]},"youdatui2":{"rotate":[{"angle":-83.81,"curve":"stepped"},{"time":2.5,"angle":-83.81},{"time":3.0667,"angle":8.85}]},"youdatui":{"rotate":[{"angle":47.25,"curve":"stepped"},{"time":2.5,"angle":47.25},{"time":3.0667,"angle":-34.64}],"translate":[{"x":-2.41}]},"zuoshou":{"rotate":[{"angle":-78.46},{"time":0.2333,"angle":-9.66,"curve":"stepped"},{"time":0.6,"angle":-9.66},{"time":0.8,"angle":-78.46,"curve":"stepped"},{"time":0.8333,"angle":-78.46},{"time":1.1333,"angle":-9.66,"curve":"stepped"},{"time":1.4,"angle":-9.66},{"time":1.6333,"angle":-78.46,"curve":"stepped"},{"time":1.6667,"angle":-78.46},{"time":1.9667,"angle":-9.66,"curve":"stepped"},{"time":2.2333,"angle":-9.66},{"time":2.4667,"angle":-78.46,"curve":"stepped"},{"time":2.5,"angle":-78.46},{"time":2.8,"angle":-9.66}]},"zuoxiaobi":{"rotate":[{"angle":42.27}]},"zuodabi":{"rotate":[{"angle":59.75},{"time":0.2333,"angle":-63.09,"curve":"stepped"},{"time":0.6,"angle":-63.09},{"time":0.8,"angle":59.75,"curve":"stepped"},{"time":0.8333,"angle":59.75},{"time":1.1333,"angle":-63.09,"curve":"stepped"},{"time":1.4,"angle":-63.09},{"time":1.6333,"angle":59.75,"curve":"stepped"},{"time":1.6667,"angle":59.75},{"time":1.9667,"angle":-63.09,"curve":"stepped"},{"time":2.2333,"angle":-63.09},{"time":2.4667,"angle":59.75,"curve":"stepped"},{"time":2.5,"angle":59.75},{"time":2.8,"angle":-63.09}],"translate":[{"x":-9.84,"y":3.81}]},"youxiaobi":{"rotate":[{"angle":78.93}]},"youdabi":{"rotate":[{"angle":-3.08},{"time":0.2333,"angle":-113.12,"curve":"stepped"},{"time":0.6,"angle":-113.12},{"time":0.8,"angle":-3.08,"curve":"stepped"},{"time":0.8333,"angle":-3.08},{"time":1.1333,"angle":-113.12,"curve":"stepped"},{"time":1.4,"angle":-113.12},{"time":1.6333,"angle":-3.08,"curve":"stepped"},{"time":1.6667,"angle":-3.08},{"time":1.9667,"angle":-113.12,"curve":"stepped"},{"time":2.2333,"angle":-113.12},{"time":2.4667,"angle":-3.08,"curve":"stepped"},{"time":2.5,"angle":-3.08},{"time":2.8,"angle":-113.12}],"translate":[{"x":-20.8,"y":9.05}]},"shetou3":{"rotate":[{},{"time":0.2333,"angle":-14.13},{"time":0.4333,"angle":13.73},{"time":0.6,"angle":-11.25},{"time":0.8,"curve":"stepped"},{"time":0.8333},{"time":1.0667,"angle":-14.13},{"time":1.2667,"angle":13.73},{"time":1.4333,"angle":-11.25},{"time":1.6333,"curve":"stepped"},{"time":1.6667},{"time":1.9,"angle":-14.13},{"time":2.1,"angle":13.73},{"time":2.2667,"angle":-11.25},{"time":2.4667,"curve":"stepped"},{"time":2.5},{"time":2.7333,"angle":-14.13},{"time":2.9333,"angle":13.73},{"time":3.0667,"angle":-11.25}]},"shetou2":{"rotate":[{},{"time":0.2333,"angle":-14.13},{"time":0.4333,"angle":13.73},{"time":0.6,"angle":-11.25},{"time":0.8,"curve":"stepped"},{"time":0.8333},{"time":1.0667,"angle":-14.13},{"time":1.2667,"angle":13.73},{"time":1.4333,"angle":-11.25},{"time":1.6333,"curve":"stepped"},{"time":1.6667},{"time":1.9,"angle":-14.13},{"time":2.1,"angle":13.73},{"time":2.2667,"angle":-11.25},{"time":2.4667,"curve":"stepped"},{"time":2.5},{"time":2.7333,"angle":-14.13},{"time":2.9333,"angle":13.73},{"time":3.0667,"angle":-11.25}]},"xiaba":{"translate":[{"x":-5.91,"y":2.9}]},"shenti":{"rotate":[{"angle":-2.49}]},"kua":{"rotate":[{"angle":-2.46}],"translate":[{"y":-10.28},{"time":0.1,"y":-14.31},{"time":0.2333,"y":-10.28,"curve":"stepped"},{"time":0.8333,"y":-10.28},{"time":0.9333,"y":-14.31},{"time":1.0667,"y":-10.28,"curve":"stepped"},{"time":1.6667,"y":-10.28},{"time":1.7667,"y":-14.31},{"time":1.9,"y":-10.28,"curve":"stepped"},{"time":2.5,"y":-10.28},{"time":2.6,"y":-14.31},{"time":2.7333,"y":-10.28}]},"zuo":{"rotate":[{"angle":11.39}],"translate":[{"x":10.81,"y":-9.76}]},"you":{"translate":[{"x":27.94,"y":-18.65,"curve":0.332,"c3":0.665,"c4":0.33},{"time":0.1333,"x":14.52,"y":-18.65,"curve":0.329,"c2":0.13,"c3":0.662,"c4":0.47},{"time":0.2333,"x":-11.41,"y":13.82,"curve":"stepped"},{"time":0.6,"x":-11.41,"y":13.82,"curve":0.325,"c2":0.19,"c3":0.658,"c4":0.53},{"time":0.8,"x":27.94,"y":-18.65,"curve":"stepped"},{"time":0.8333,"x":27.94,"y":-18.65,"curve":0.332,"c3":0.665,"c4":0.33},{"time":0.9667,"x":14.52,"y":-18.65,"curve":0.329,"c2":0.13,"c3":0.662,"c4":0.47},{"time":1.1333,"x":-11.41,"y":13.82,"curve":"stepped"},{"time":1.4,"x":-11.41,"y":13.82,"curve":0.325,"c2":0.19,"c3":0.658,"c4":0.53},{"time":1.6333,"x":27.94,"y":-18.65,"curve":"stepped"},{"time":1.6667,"x":27.94,"y":-18.65,"curve":0.332,"c3":0.665,"c4":0.33},{"time":1.8,"x":14.52,"y":-18.65,"curve":0.329,"c2":0.13,"c3":0.662,"c4":0.47},{"time":1.9667,"x":-11.41,"y":13.82,"curve":"stepped"},{"time":2.2333,"x":-11.41,"y":13.82,"curve":0.325,"c2":0.19,"c3":0.658,"c4":0.53},{"time":2.4667,"x":27.94,"y":-18.65,"curve":"stepped"},{"time":2.5,"x":27.94,"y":-18.65,"curve":0.332,"c3":0.665,"c4":0.33},{"time":2.6333,"x":14.52,"y":-18.65,"curve":0.329,"c2":0.13,"c3":0.662,"c4":0.47},{"time":2.8,"x":-11.41,"y":13.82}]},"youxietou":{"rotate":[{"angle":-27.65}],"translate":[{"x":-0.53,"y":-4.03}]},"root":{"translate":[{"y":6.19}],"scale":[{"x":-1,"curve":"stepped"},{"time":0.8,"x":-1,"curve":"stepped"},{"time":0.8333,"curve":"stepped"},{"time":1.6333,"x":-1,"curve":"stepped"},{"time":2.4667,"x":-1,"curve":"stepped"},{"time":2.5}]}},"drawOrder":[{"offsets":[{"slot":"youxiaobi","offset":-11},{"slot":"youshou","offset":-11}]}]},"die":{"slots":{"gongjishou":{"attachment":[{"name":null}]}},"bones":{"zuoxiaotui":{"rotate":[{"angle":-0.17}]},"zuodatui":{"rotate":[{"angle":-24}],"translate":[{},{"time":0.1333,"x":-9.77,"y":3.62},{"time":0.2,"x":-9.77,"y":4.54},{"time":0.5,"x":-5.13,"y":-2.71},{"time":0.5667,"x":-4.1,"y":-4.97},{"time":0.6333,"x":-3.07,"y":16.54}]},"youdatui2":{"rotate":[{"angle":-73.06}]},"youdatui":{"rotate":[{"angle":53.13}],"translate":[{"x":-2.41},{"time":0.1667,"x":-2.41,"y":0.96},{"time":0.5667,"x":-2.41,"y":-9.7},{"time":0.8667,"x":17.1,"y":4.65}]},"zuoshou":{"rotate":[{"angle":-78.46},{"time":0.6333,"angle":-75.27},{"time":0.9333,"angle":-37.33},{"time":1,"angle":-38.89}]},"zuoxiaobi":{"rotate":[{"angle":42.27},{"time":0.1333,"angle":63.59,"curve":"stepped"},{"time":0.2,"angle":63.59},{"time":0.6333,"angle":39.74,"curve":"stepped"},{"time":0.7667,"angle":39.74},{"time":0.8667,"angle":16.62},{"time":0.9333,"angle":28.21}]},"zuodabi":{"rotate":[{"angle":59.75},{"time":0.1333,"angle":81.93,"curve":"stepped"},{"time":0.2,"angle":81.93},{"time":0.6333,"angle":38.47},{"time":0.7667,"angle":102.39},{"time":0.9333,"angle":121.76}],"translate":[{"x":-9.84,"y":3.81}]},"youxiaobi":{"rotate":[{"angle":78.93}]},"youdabi":{"rotate":[{"angle":-3.08},{"time":0.1333,"angle":22.17,"curve":"stepped"},{"time":0.2,"angle":22.17},{"time":0.6333,"angle":-49.34},{"time":0.7667,"angle":44.77}],"translate":[{"x":-20.8,"y":9.05}]},"xiaba":{"translate":[{"x":-5.91,"y":2.9}]},"shenti":{"rotate":[{"angle":-2.49}]},"kua":{"rotate":[{"angle":-2.46},{"time":0.1333,"angle":-8.1,"curve":"stepped"},{"time":0.2,"angle":-8.1},{"time":0.3667,"angle":6.24},{"time":0.5667,"angle":-14.23},{"time":0.6333,"angle":-62.6},{"time":0.7,"angle":-95.18},{"time":0.7667,"angle":-110.73},{"time":0.9333,"angle":-101.16}],"translate":[{"y":-10.28},{"time":0.1333,"x":10.42,"y":-2.58,"curve":"stepped"},{"time":0.2,"x":10.42,"y":-2.58},{"time":0.3667,"x":-12.75,"y":-2.58},{"time":0.5667,"x":29.55,"y":-2.58},{"time":0.6333,"x":99.34,"y":-82.91},{"time":0.7,"x":125.21,"y":-75.91},{"time":0.7667,"x":125.21,"y":-71.94},{"time":0.8,"x":127.12,"y":-83.27},{"time":0.8667,"x":128.55,"y":-82.16},{"time":0.9333,"x":129.97,"y":-100.27}],"scale":[{},{"time":0.1333,"y":1.1,"curve":"stepped"},{"time":0.2,"y":1.1},{"time":0.6333}]},"zuo":{"rotate":[{"angle":11.39,"curve":"stepped"},{"time":0.6333,"angle":11.39,"curve":0.25,"c3":0.75},{"time":0.7,"angle":-92.25}],"translate":[{"x":10.81,"y":-9.76,"curve":"stepped"},{"time":0.6333,"x":10.81,"y":-9.76,"curve":0.25,"c3":0.75},{"time":0.7,"x":23.82,"y":30.19},{"time":0.7667,"x":20.25,"y":38.46},{"time":0.8333,"x":26.36,"y":-7.89},{"time":0.9333,"x":27.66,"y":-14.29}]},"you":{"rotate":[{"time":0.6333,"curve":0.319,"c3":0.652,"c4":0.34},{"time":0.7,"angle":-113.11},{"time":0.8667,"angle":-95.2},{"time":0.9333,"angle":-88.92}],"translate":[{"x":27.94,"y":-18.65,"curve":"stepped"},{"time":0.6333,"x":27.94,"y":-18.65,"curve":0.332,"c3":0.665,"c4":0.33},{"time":0.7,"x":65.7,"y":52.7},{"time":0.7667,"x":78.4,"y":47.29},{"time":0.8333,"x":81.19,"y":-2.2},{"time":0.8667,"x":78.64,"y":-2},{"time":0.9333,"x":78.53,"y":-14.49}]},"youxietou":{"rotate":[{"angle":-27.65},{"time":0.6667,"angle":-14.29},{"time":1.4667,"angle":-16.66}],"translate":[{"x":-0.53,"y":-4.03}]},"root":{"translate":[{"y":6.19}]},"erding":{"rotate":[{},{"time":0.3333,"angle":17.92},{"time":0.5,"angle":-8.43},{"time":0.6333,"angle":-39.97},{"time":0.7333,"angle":26.02},{"time":0.8333,"angle":44.47},{"time":1,"angle":36.3}]}},"drawOrder":[{"offsets":[{"slot":"youxiaobi","offset":-11},{"slot":"youshou","offset":-11}]}]},"tu":{"slots":{"erding":{"color":[{"color":"ffffff00"}]},"gongjishou":{"color":[{"color":"ffffff00"}],"attachment":[{"name":null}]},"kua":{"color":[{"color":"ffffff00"}]},"shenti":{"color":[{"color":"ffffff00"}]},"shetou":{"color":[{"color":"ffffff00"}]},"shetou2":{"attachment":[{"name":null}]},"tou1":{"color":[{"color":"ffffff00"}]},"toufa":{"color":[{"color":"ffffff00"}]},"tukua2":{"color":[{"color":"ffffff00"},{"time":0.1667,"color":"ffffffff"}]},"tukua3":{"color":[{"color":"ffffff00"},{"time":0.1667,"color":"ffffffff"}]},"tukua4":{"color":[{"color":"ffffff00"},{"time":0.1667,"color":"ffffffff"}]},"tukua5":{"color":[{"color":"ffffff00"},{"time":0.1333,"color":"ffffffff"}]},"tukua7":{"color":[{"color":"ffffff00"},{"time":0.1667,"color":"ffffffff"}]},"tukua8":{"color":[{"color":"ffffff00"},{"time":0.1667,"color":"ffffffff"}]},"tukua9":{"color":[{"color":"ffffff00"},{"time":0.1667,"color":"ffffffff"}]},"tukua10":{"color":[{"color":"ffffff00"},{"time":0.1667,"color":"ffffffff"},{"time":0.4,"color":"ffffff00"}]},"tukua11":{"color":[{"color":"ffffff00"},{"time":0.1667,"color":"ffffffff"},{"time":0.4,"color":"ffffff00"}]},"tukua12":{"color":[{"time":0.3333,"color":"ffffff00"},{"time":0.4667,"color":"ffffffff"},{"time":0.6,"color":"ffffff00"}]},"tukua13":{"color":[{"color":"ffffff00"},{"time":0.1,"color":"ffffffff","curve":"stepped"},{"time":0.2,"color":"ffffffff"},{"time":0.3333,"color":"ffffff00"}]},"tukua14":{"color":[{"color":"ffffff00"},{"time":0.1667,"color":"ffffffff"}]},"tukua15":{"color":[{"color":"ffffff00"},{"time":0.1667,"color":"ffffffff"}]},"tukua16":{"color":[{"color":"ffffff00"},{"time":0.1667,"color":"ffffffff"}]},"tukua17":{"color":[{"time":0.2333,"color":"ffffff00"},{"time":0.4,"color":"ffffffff"},{"time":0.5667,"color":"ffffff00"}]},"tukua18":{"color":[{"color":"ffffff00"},{"time":0.1333,"color":"ffffffff"}]},"tukua19":{"color":[{"color":"ffffff00"},{"time":0.1667,"color":"ffffffff"},{"time":0.3333,"color":"ffffff00"}]},"tukua20":{"color":[{"color":"ffffff00"},{"time":0.1667,"color":"ffffffff"},{"time":0.4,"color":"ffffff00"}]},"tukua21":{"color":[{"time":0.2333,"color":"ffffff00"},{"time":0.4,"color":"ffffffff"},{"time":0.5667,"color":"ffffff00"}]},"tukua22":{"color":[{"color":"ffffff00"},{"time":0.1667,"color":"ffffffff"},{"time":0.3333,"color":"ffffff00"}]},"tukua23":{"color":[{"time":0.1333,"color":"ffffff00"},{"time":0.3,"color":"ffffffff"},{"time":0.5333,"color":"ffffff00"}]},"tukua24":{"color":[{"time":0.1667,"color":"ffffff00"},{"time":0.3333,"color":"ffffffff"},{"time":0.5,"color":"ffffff00"}]},"tukua25":{"color":[{"color":"ffffff00"},{"time":0.1,"color":"ffffffff","curve":"stepped"},{"time":0.2,"color":"ffffffff"},{"time":0.3333,"color":"ffffff00"}]},"xiaba":{"color":[{"color":"ffffff00"}]},"yaodai":{"color":[{"color":"ffffff00"}]},"youdabi":{"color":[{"color":"ffffff00"}]},"youdatui":{"color":[{"color":"ffffff00"}]},"youshou":{"color":[{"color":"ffffff00"}]},"youxiaobi":{"color":[{"color":"ffffff00"}]},"youxiaotui":{"color":[{"color":"ffffff00"}]},"youxiegen":{"color":[{"color":"ffffff00"}]},"youxietou":{"color":[{"color":"ffffff00"}]},"youyanzhu":{"color":[{"color":"ffffff00"}]},"zuodabi":{"color":[{"color":"ffffff00"}]},"zuodatui":{"color":[{"color":"ffffff00"}]},"zuoshou":{"color":[{"color":"ffffff00"}]},"zuoxiaobi":{"color":[{"color":"ffffff00"}]},"zuoxiaotui":{"color":[{"color":"ffffff00"}]},"zuoxiegen":{"color":[{"color":"ffffff00"}]},"zuoxietou":{"color":[{"color":"ffffff00"}]},"zuoyanzhu":{"color":[{"color":"ffffff00"}]}},"bones":{"shitou":{"scale":[{"x":0.5,"y":0.5},{"time":0.6667}]},"tukua21":{"translate":[{"time":0.2333},{"time":0.5667,"x":-32.73,"y":27.92}]},"tukua17":{"translate":[{"time":0.2333},{"time":0.5667,"x":-45.14,"y":49.43}]},"tukua13":{"translate":[{},{"time":0.2,"x":67.71,"y":50.43},{"time":0.3333,"x":79.71,"y":41.84}]},"tukua12":{"translate":[{"time":0.3333},{"time":0.6,"x":-18.95,"y":10.68}]},"tukua11":{"translate":[{},{"time":0.3,"x":-8.38,"y":45.64}]},"tukua10":{"translate":[{},{"time":0.4,"x":-25.12,"y":31.41}]},"tukua9":{"rotate":[{},{"time":0.1667,"angle":-5.55},{"time":0.3667,"angle":6},{"time":0.4667,"angle":-2.28},{"time":0.6,"angle":5.21}],"translate":[{"x":14.47},{"time":0.1667,"x":-7.1,"y":-1.05},{"time":0.2667,"x":-7.1,"y":5.45},{"time":0.4667,"x":-10.16,"y":-2.2},{"time":0.6,"x":-14.95,"y":-4.25}],"scale":[{"x":1.3}]},"tukua8":{"rotate":[{},{"time":0.3333,"angle":-10.05},{"time":0.4333,"angle":2.35}],"translate":[{"x":-12.51},{"time":0.1667,"x":-25.01,"y":-5.79},{"time":0.3333,"x":-28.68,"y":-0.19},{"time":0.4333,"x":-33.57,"y":-1.41}],"scale":[{"x":1.5}]},"tukua5":{"translate":[{"x":-3.68,"y":0.53},{"time":0.2667,"x":50.39,"y":3.92}],"scale":[{},{"time":0.1333,"x":1.5}]},"tukua4":{"translate":[{"x":-16.67},{"time":0.2667,"x":-22.01},{"time":0.4,"x":-15.93},{"time":0.5,"x":-21.92,"y":1.71},{"time":0.6,"x":-20.34,"y":-0.26}],"scale":[{},{"time":0.1667,"x":1.5}]},"tukua3":{"rotate":[{"time":0.6,"angle":81.92}],"translate":[{},{"time":0.1667,"x":2.59},{"time":0.3667,"x":-6.19},{"time":0.6,"x":-2.09,"y":-8.53}],"scale":[{"time":0.1667,"x":0.423}]},"tukua2":{"translate":[{"x":-6.26},{"time":0.1667,"x":-17,"y":-17.31},{"time":0.3667,"x":-11.98,"y":-17.31},{"time":0.6,"x":-16.76,"y":-17.31}],"scale":[{"x":1.5}]},"zuoxiaotui":{"rotate":[{"angle":-0.17}]},"zuodatui":{"rotate":[{"angle":-24}]},"youdatui2":{"rotate":[{"angle":-73.06}]},"youdatui":{"rotate":[{"angle":53.13}],"translate":[{"x":-2.41}]},"zuoshou":{"rotate":[{"angle":-78.46}]},"zuoxiaobi":{"rotate":[{"angle":42.27}]},"zuodabi":{"rotate":[{"angle":59.75}],"translate":[{"x":-9.84,"y":3.81}]},"youxiaobi":{"rotate":[{"angle":78.93}]},"youdabi":{"rotate":[{"angle":-3.08}],"translate":[{"x":-20.8,"y":9.05}]},"xiaba":{"translate":[{"x":-5.91,"y":2.9}]},"shenti":{"rotate":[{"angle":-2.49}]},"kua":{"rotate":[{"angle":-2.46}],"translate":[{"y":-10.28}]},"zuo":{"rotate":[{"angle":11.39}],"translate":[{"x":10.81,"y":-9.76}]},"you":{"translate":[{"x":27.94,"y":-18.65}]},"youxietou":{"rotate":[{"angle":-27.65}],"translate":[{"x":-0.53,"y":-4.03}]},"tukua14":{"rotate":[{"time":0.3333,"angle":25.99}],"translate":[{"x":-12.51},{"time":0.1667,"x":-18.82,"y":-5.79},{"time":0.3333,"x":-43.76,"y":-17.62}],"scale":[{"x":1.5}]},"tukua15":{"rotate":[{"angle":178.01}],"translate":[{"x":14.47},{"time":0.1667,"x":-7.1,"y":-1.05},{"time":0.3333,"x":10.79,"y":-19.37},{"time":0.4333,"x":10.79,"y":-15.41},{"time":0.6,"x":3.04,"y":-15.41}],"scale":[{"x":1.3}]},"tukua7":{"rotate":[{"time":0.1667,"angle":-9.39},{"time":0.3333,"angle":2.8}],"translate":[{"x":-18.8,"y":13.21},{"time":0.1667,"x":2.64,"y":-20.58},{"time":0.3333,"x":2.64,"y":-31.42}]},"tukua16":{"rotate":[{},{"time":0.1667,"angle":-15.97},{"time":0.2667,"angle":-0.65},{"time":0.4,"angle":-12.28},{"time":0.5333,"angle":-2.73},{"time":0.6667,"angle":-8.24}],"translate":[{"x":-16.67},{"time":0.1667,"x":7.2,"y":-10.74}],"scale":[{},{"time":0.1667,"x":1.5}]},"tukua18":{"rotate":[{"time":0.1333},{"time":0.6667,"angle":-39.38}],"translate":[{"x":-3.68,"y":0.53},{"time":0.1333,"x":4.21,"y":0.53},{"time":0.2667,"x":1.96,"y":0.53},{"time":0.4,"x":1.96,"y":2.5},{"time":0.5333,"x":-2.72,"y":2.5},{"time":0.6667,"x":13.41,"y":0.09}],"scale":[{},{"time":0.1333,"x":1.5}]},"tukua22":{"translate":[{},{"time":0.3333,"x":-32.73,"y":27.92}]},"tukua19":{"translate":[{},{"time":0.3333,"x":3.37,"y":38.99}]},"tukua20":{"translate":[{},{"time":0.4,"x":-25.12,"y":31.41}]},"tukua23":{"translate":[{"time":0.1333},{"time":0.5,"x":-73.19,"y":48.97}]},"tukua24":{"translate":[{"time":0.1667},{"time":0.5,"x":19.91,"y":31.01}]},"tukua25":{"translate":[{},{"time":0.3333,"x":-3.42,"y":61.17}]},"shitou2":{"scale":[{"x":0.5,"y":0.5},{"time":0.6667}]}},"drawOrder":[{"offsets":[{"slot":"youxiaobi","offset":-11},{"slot":"youshou","offset":-11}]}]},"walk":{"slots":{"gongjishou":{"color":[{"color":"ffffff00"}]}},"bones":{"zuoxiaotui":{"rotate":[{"angle":-0.17},{"time":0.2333,"angle":11.57,"curve":"stepped"},{"time":0.3667,"angle":11.57},{"time":0.8333,"angle":67.11,"curve":"stepped"},{"time":0.9667,"angle":67.11},{"time":1.2,"angle":-0.17}]},"zuodatui":{"rotate":[{"angle":-24},{"time":0.2333,"angle":9,"curve":"stepped"},{"time":0.3667,"angle":9},{"time":0.8333,"angle":-58.38,"curve":"stepped"},{"time":0.9667,"angle":-58.38},{"time":1.2,"angle":-24}]},"youdatui2":{"rotate":[{"angle":-73.06},{"time":0.2333,"angle":9.25,"curve":"stepped"},{"time":0.3667,"angle":9.25},{"time":0.8333,"angle":-83.81,"curve":"stepped"},{"time":0.9667,"angle":-83.81},{"time":1.2,"angle":-73.06}]},"youdatui":{"rotate":[{"angle":53.13},{"time":0.2333,"angle":-46.64,"curve":"stepped"},{"time":0.3667,"angle":-46.64},{"time":0.8333,"angle":64.53,"curve":"stepped"},{"time":0.9667,"angle":64.53},{"time":1.2,"angle":53.13}],"translate":[{"x":-2.41},{"time":0.2333,"x":-5.24,"curve":"stepped"},{"time":0.3667,"x":-5.24},{"time":0.8333,"x":15.28,"curve":"stepped"},{"time":0.9667,"x":15.28},{"time":1.2,"x":-2.41}]},"zuodabi":{"rotate":[{"angle":-49.9},{"time":0.3,"angle":-41.15},{"time":0.6,"angle":-49.9},{"time":0.9,"angle":-41.15},{"time":1.2,"angle":-49.9}],"translate":[{"x":-9.84,"y":3.81}]},"youxiaobi":{"rotate":[{"angle":39.37},{"time":0.3,"angle":36.39},{"time":0.6,"angle":39.37},{"time":0.9,"angle":37.18},{"time":1.2,"angle":39.37}]},"youdabi":{"rotate":[{"angle":-84.17},{"time":0.3,"angle":-91.33},{"time":0.6,"angle":-84.17},{"time":0.9,"angle":-91.33},{"time":1.2,"angle":-84.17}],"translate":[{"x":-20.8,"y":9.05}]},"xiaba":{"translate":[{"x":-5.91,"y":2.9},{"time":0.3},{"time":0.6,"x":-5.91,"y":2.9},{"time":0.9},{"time":1.2,"x":-5.91,"y":2.9}]},"toufa":{"scale":[{"time":0.2333},{"time":0.3667,"x":1.15},{"time":0.5}]},"shenti":{"rotate":[{"angle":-13.53}]},"kua":{"translate":[{"y":-10.28},{"time":0.3,"y":0.52},{"time":0.6,"y":-7.57},{"time":0.9667,"y":0.52},{"time":1.2,"y":-10.28}]},"zuo":{"rotate":[{"angle":11.39,"curve":0.25,"c3":0.75},{"time":0.2333,"angle":37.18,"curve":"stepped"},{"time":0.3667,"angle":37.18,"curve":0.25,"c3":0.75},{"time":0.6,"angle":-4.35,"curve":0.25,"c3":0.75},{"time":0.8333,"angle":1.95,"curve":"stepped"},{"time":0.9667,"angle":1.95,"curve":0.25,"c3":0.75},{"time":1.2,"angle":11.39}],"translate":[{"x":-16.84,"y":3.82,"curve":0.25,"c3":0.75},{"time":0.2333,"x":33.49,"y":10.37,"curve":"stepped"},{"time":0.3667,"x":33.49,"y":10.37,"curve":0.25,"c3":0.75},{"time":0.6,"x":54.71,"y":2.19,"curve":0.25,"c3":0.75},{"time":0.8333,"x":-37.9,"y":36.42,"curve":0.25,"c3":0.75},{"time":0.9667,"x":-27.32,"y":36.42,"curve":0.25,"c3":0.75},{"time":1.2,"x":-16.84,"y":3.82}]},"you":{"rotate":[{"curve":0.25,"c3":0.75},{"time":0.2333,"angle":24.58,"curve":"stepped"},{"time":0.3667,"angle":24.58,"curve":0.25,"c3":0.75},{"time":0.6,"angle":0.49,"curve":0.25,"c3":0.75},{"time":0.8333,"angle":0.29,"curve":"stepped"},{"time":0.9667,"angle":0.29,"curve":0.25,"c3":0.75},{"time":1.2}],"translate":[{"x":61.31,"y":-2.45,"curve":0.25,"c3":0.75},{"time":0.2333,"x":10.81,"y":17.89,"curve":"stepped"},{"time":0.3667,"x":10.81,"y":17.89,"curve":0.25,"c3":0.75},{"time":0.6,"x":-2.23,"y":-8.73,"curve":0.25,"c3":0.75},{"time":0.8333,"x":74.07,"y":-5.64,"curve":"stepped"},{"time":0.9667,"x":74.07,"y":-5.64,"curve":0.25,"c3":0.75},{"time":1.2,"x":61.31,"y":-2.45}]},"zuoxietou":{"rotate":[{"curve":0.25,"c3":0.75},{"time":0.2333,"angle":-21.63,"curve":"stepped"},{"time":0.3667,"angle":-21.63,"curve":0.25,"c3":0.75},{"time":0.6,"angle":10.34,"curve":0.25,"c3":0.75},{"time":0.8333,"angle":6.2,"curve":"stepped"},{"time":0.9667,"angle":6.2,"curve":0.25,"c3":0.75},{"time":1.2}]},"youxietou":{"rotate":[{"time":0.3667},{"time":0.6,"angle":-28.78},{"time":0.8333,"angle":-17.27,"curve":"stepped"},{"time":0.9667,"angle":-17.27},{"time":1.2}],"translate":[{"x":-0.53,"y":-4.03}]},"erding":{"rotate":[{},{"time":0.3,"angle":10.03},{"time":0.6},{"time":0.9,"angle":10.03},{"time":1.2}]}}}}},[0]]],0,0,[0],[-1],[4]]]]