[1,["ecpdLyjvZBwrvm+cedCcQy","caohSHbS5GEIzmwCrnMGn5","11aX3SpyRCQ5Ea1ipmYGdA","5cO7kybDxGj4ipyMYdRYZB","a5EmVzciRPTqeJpDAGPZfA","97RWUdbdhDf7PwmKzSu13g","35AWwDfGJD1Y9nlO1C+xZs","c7t5n7PoFOkL0NfIMC1iSY","d1WeKoqXRNc7Op/w+H3jWe","fayNuCRs5OKqf+d/p0Fi4j","836UZ9bM1LRZGK5PQS5mxD","0653Hl6ndDnKVwnvxShrF7","2feRlJ3QNFh5DUZG3E5FSJ","36b4xODH1PiKLIo8tKE/nc","d24s5GGRRNV6KQCgDgsLeC","27Wm6TCOVIeoWU9brpVIkp","72ez4KXElMCJ1iSWKSbfuG","f7AWnB56BI9r0ynHBvRplP","b8F/xTofVPloj7YBdw8WN+","08EiJPUetFfYVzMJz2memy"],["node","_spriteFrame","_N$file","_textureSetter","root","data","_parent","_N$font","txtScroll","bg","special","zombieProp","zombieDesc","zombieName","cardContent","_N$verticalScrollBar","_scrollView","cardPrefab","cardIcon","target"],[["cc.Node",["_name","_components","_prefab","_contentSize","_parent","_children","_trs","_anchorPoint","_color"],2,9,4,5,1,2,7,5,5],["cc.Sprite",["_sizeMode","_type","_isTrimmedMode","node","_materials","_spriteFrame"],0,1,3,6],["cc.Widget",["_alignFlags","_originalHeight","_left","alignMode","_right","_originalWidth","_top","_bottom","node"],-5,1],"cc.SpriteFrame",["cc.Node",["_name","_parent","_components","_prefab","_contentSize","_trs","_anchorPoint","_children","_color"],2,1,2,4,5,7,5,2,5],["cc.Label",["_string","_isSystemFontUsed","_N$verticalAlign","_fontSize","_lineHeight","_N$horizontalAlign","_N$overflow","node","_materials","_N$file"],-4,1,3,6],["cc.Node",["_name","_parent","_components","_prefab","_contentSize","_trs","_children","_anchorPoint","_color"],2,1,12,4,5,7,2,5,5],["cc.PrefabInfo",["fileId","root","asset"],2,1,1],["cc.Layout",["_resize","_N$layoutType","_N$paddingLeft","_N$paddingTop","_N$paddingBottom","_N$spacingX","_N$spacingY","node","_layoutSize"],-4,1,5],["cc.Button",["_N$transition","node","clickEvents"],2,1,9],["cc.ScrollView",["horizontal","inertia","brake","bounceDuration","_N$horizontalScrollBar","node","_N$content","_N$verticalScrollBar"],-2,1,1,1],["cc.Mask",["_N$alphaThreshold","node","_materials"],2,1,3],["cc.RichText",["_isSystemFontUsed","_N$string","_N$fontSize","_N$maxWidth","_N$lineHeight","node","_N$font"],-2,1,6],["cc.Scrollbar",["_N$direction","node","_N$handle","_scrollView"],2,1,1,1],["cc.Prefab",["_name"],2],["cc.BlockInputEvents",["node"],3,1],["52c7fSRVGhMCbajYpKgtYzJ",["node","cardContent","zombieName","zombieDesc","zombieProp","special","bg","txtScroll","cardPrefab"],3,1,1,1,1,1,1,1,1,6],["cc.ClickEvent",["_componentId","handler","target"],1,1],["cc.LabelOutline",["_width","node","_color"],2,1,5],["9484177j0tLUo9Ri0pFBdw8",["node","cardIcon"],3,1,1]],[[7,0,1,2,2],[0,0,4,1,2,3,6,2],[1,3,4,5,1],[0,0,4,5,1,2,3,6,2],[1,1,0,2,3,4,5,4],[0,0,4,1,2,3,2],[4,0,1,2,3,4,6,5,2],[17,0,1,2,3],[14,0,2],[0,0,5,1,2,3,6,2],[0,0,4,1,2,8,3,6,2],[0,0,4,5,1,2,3,7,2],[4,0,1,7,2,3,4,6,5,2],[4,0,1,2,3,8,4,5,2],[6,0,1,6,2,3,4,7,5,2],[7,1,2,1],[1,1,0,3,4,3],[9,0,1,2,2],[5,0,3,4,1,2,6,7,8,7],[5,0,1,5,2,7,8,9,5],[18,0,1,2,2],[11,0,1,2,2],[0,0,5,1,2,3,7,2],[0,0,1,2,3,7,2],[0,0,4,1,2,3,7,6,2],[0,0,4,1,2,8,3,2],[0,0,4,5,1,2,3,2],[4,0,1,2,3,4,5,2],[6,0,1,2,3,8,4,5,2],[2,0,8,2],[2,3,0,2,1,8,5],[2,3,0,2,4,1,8,6],[2,0,5,1,8,4],[2,0,2,4,6,7,5,1,8,8],[15,0,1],[16,0,1,2,3,4,5,6,7,8,1],[1,1,0,3,4,5,3],[1,2,3,4,5,2],[1,0,2,3,4,5,3],[1,3,4,1],[8,0,1,7,8,3],[8,0,1,2,3,4,5,6,7,8,8],[9,1,2,1],[5,0,3,4,1,5,2,7,8,9,7],[5,0,3,4,1,5,2,7,8,7],[10,0,1,2,3,4,5,6,6],[10,0,1,2,3,4,5,6,7,6],[11,1,2,1],[12,0,1,2,3,4,5,6,6],[12,0,1,2,3,4,5,6],[13,0,1,3,2,2],[13,0,1,2,2],[19,0,1,1]],[[[{"name":"zombie_info_bg","rect":[0,0,194,86],"offset":[0,0],"originalSize":[194,86],"capInsets":[75,35,75,35]}],[3],0,[0],[3],[4]],[[[8,"ZombieHandbookView"],[9,"ZombieHandbookView",[-12,-13,-14,-15,-16,-17,-18],[[29,45,-2],[34,-3],[35,-11,-10,-9,-8,-7,-6,-5,-4,36]],[15,-1,0],[5,1280,720],[640,360,0,0,0,0,1,1,1,1]],[3,"info_bg",1,[-20,-21,-22,-23,-24],[[4,1,0,false,-19,[20],21]],[0,"d9LTmGK7FCg6UUacYQ6CTM",1,0],[5,482,686],[297,11,0,0,0,0,1,1,1,1]],[22,"content",[-26,-27,-28,-29],[[40,1,2,-25,[5,410,267.52]]],[0,"655c1tFuxH5JvIvzObdDbp",1,0],[5,410,267.52],[0,0.5,1]],[3,"btn_close",1,[-32,-33],[[2,-30,[26],27],[17,3,-31,[[7,"52c7fSRVGhMCbajYpKgtYzJ","clickClose",1]]]],[0,"9bLzjOe8JH2amTZxa4ESO8",1,0],[5,186,67],[449,-317,0,0,0,0,1,1,1,0]],[12,"ZombieCardScroll",1,[-35,-36,-37],[-34],[0,"8aemyw7pBB0LT5oa63bBJO",1,0],[5,564,545],[0,0.5,1],[-245,243,0,0,0,0,1,1,1,1]],[12,"DescScrollView",2,[-39,-40],[-38],[0,"6bZ5l4AG9HZ4rNeXftQix6",1,0],[5,410,250],[0,0.5,1],[0,-25,0,0,0,0,1,1,1,1]],[14,"scrollBar",6,[-43],[[-41,[30,0,37,350.07654921020657,237,-42]],1,4],[0,"99MejnLn5FxrhbJKHQj0gu",1,0],[5,12,250],[0,1,0.5],[205,-125,0,0,0,0,1,1,1,1]],[3,"btn_back",1,[-46],[[2,-44,[30],31],[17,3,-45,[[7,"52c7fSRVGhMCbajYpKgtYzJ","clickBack",1]]]],[0,"c2toqnYINA+I0gLcGIB/cQ",1,0],[5,186,67],[146,-317,0,0,0,0,1,1,1,0]],[14,"scrollBar",5,[-49],[[-47,[31,0,37,350.07654921020657,-5,237,-48]],1,4],[0,"84ybVNgAxAM7Z5dWaZ8HS+",1,0],[5,12,545],[0,1,0.5],[287,-272.5,0,0,0,0,1,1,1,1]],[23,"content",[[41,1,3,14,5,50,19,16,-50,[5,564,213]]],[0,"3a8u8t32tPs7RPie43E+Su",1,0],[5,564,213],[0,0.5,1]],[5,"new_plant_bg",1,[[36,1,0,-51,[0],1],[32,45,149,142,-52]],[0,"adtyGvry9DJoPGcujyc5/A",1,0],[5,1280,720]],[5,"new_plant_bg2",1,[[4,1,0,false,-53,[2],3],[33,45,35,35,20,20,70,62,-54]],[0,"bby9bmoaZGQpep61xMEmvr",1,0],[5,1210,680]],[3,"tittle_bg",1,[-56],[[4,1,0,false,-55,[6],7]],[0,"1a2929CihAJLxj3cKcbrca",1,0],[5,598,94],[-255,308,0,0,0,0,1,1,1,1]],[10,"tittle",13,[[43,"大图鉴-僵尸",44,48,false,1,1,-57,[4],5],[20,2,-58,[4,4278330370]]],[0,"e0OnBU0p9PKadv7YXXJOCt",1,0],[4,4279746326],[5,250.31,64.47999999999999],[-3,4,0,0,0,0,1,1,1,1]],[28,"name",2,[[-59,[20,2,-60,[4,4278330370]]],1,4],[0,"41ChIhb5RHDY67vGBpv8lB",1,0],[4,4279746326],[5,144,53.14],[-6,312,0,0,0,0,1,1,1,1]],[45,false,false,0.75,0.23,null,6,3],[11,"view",6,[3],[[21,0,-61,[16]]],[0,"945NwXsXREiqBIwEIX77kU",1,0],[5,410,250],[0,0.5,1]],[24,"special",3,[[48,false,"<color=#30a7db>只在水池关卡出现</c>",33,380,38,-62,18]],[0,"1ddkRe5Q1DG5HBYIxh1uAq",1,0],[5,380,47.88],[0,0,0.5],[-196,-157.7,0,0,0,0,1,1,1,1]],[11,"view",5,[10],[[21,0,-63,[33]]],[0,"04dt8ZCCpHpY0VOKBNj3gx",1,0],[5,564,545],[0,0.5,1]],[1,"common_bg",2,[[37,false,-64,[8],9]],[0,"7fXKiuI7JAEri624l+RIJY",1,0],[5,292,283],[-6,143,0,0,0,0,1,1,1,1]],[1,"info_bg",2,[[2,-65,[10],11]],[0,"c35g6B++BM9IkcEn2Tl5wC",1,0],[5,246,236],[-5,142,0,0,0,0,1,1,1,1]],[44,"豌豆射手",35,39,false,1,1,15,[12]],[1,"plant_desc_bg",2,[[4,1,0,false,-66,[13],14]],[0,"a0nEeNqrVEPr1lYqzL6Zod",1,0],[5,436,279],[0,-154,0,0,0,0,1,1,1,1]],[6,"bar",7,[-67],[0,"923srNPrFEza/ye0WRPo3s",1,0],[5,10,30],[0,1,0],[-1,0,0,0,0,0,1,1,1,1]],[16,1,0,24,[15]],[50,1,7,16,25],[13,"desc",3,[-68],[0,"27L4xIFqJPxpIuEt5AGkKJ",1,0],[4,4285150504],[5,380,85.88],[-6,-42.94,0,0,0,0,1,1,1,1]],[18,"豌豆射手，你的第一道防线，发射豌豆攻击僵尸。",33,38,false,1,3,27,[17]],[6,"prop",3,[-69],[0,"cclj3jI4BA1ZBRPsMfViGN",1,0],[5,380,47.88],[0,0,0.5],[-196,-109.82,0,0,0,0,1,1,1,1]],[49,false,"<color=#aa582b>伤害：</c><color=#e6300d>巨大</color>",33,380,38,29],[13,"bg1",3,[-70],[0,"c2pbAGzudBxq1FqjmEtjnc",1,0],[4,4281030826],[5,380,85.88],[-6,-224.57999999999998,0,0,0,0,1,1,1,1]],[18,"豌豆射手，你的第一道防线，发射豌豆攻击僵尸。",33,38,false,1,3,31,[19]],[10,"txt",4,[[19,"关闭",false,1,1,-71,[22],23]],[0,"70IqwV2YNJJaebja+H3Qy1",1,0],[4,4285150504],[5,80,50.4],[-29,0,0,0,0,0,1,1,1,1]],[1,"btn_close",4,[[2,-72,[24],25]],[0,"628sQUm6lJZKVlMaM8vJBk",1,0],[5,78,72],[51,0,0,0,0,0,1,0.55,0.55,1]],[25,"txt",8,[[19,"返回",false,1,1,-73,[28],29]],[0,"37Bdf36p9CwIMJecLaI6Vv",1,0],[4,4285150504],[5,80,50.4]],[6,"bar",9,[-74],[0,"cbY0UyqoRCNqWEO/usgcDv",1,0],[5,10,30],[0,1,0],[-1,0,0,0,0,0,1,1,1,1]],[16,1,0,36,[32]],[51,1,9,37],[46,false,false,0.75,0.23,null,5,10,38],[1,"mask",5,[[38,0,false,-75,[34],35]],[0,"c9sSZWHtFLnostn6xia+hP",1,0],[5,600,35],[0,-548,0,0,0,0,1,1,1,1]]],0,[0,4,1,0,0,1,0,0,1,0,8,16,0,9,32,0,10,18,0,11,30,0,12,28,0,13,22,0,14,10,0,0,1,0,-1,11,0,-2,12,0,-3,13,0,-4,2,0,-5,4,0,-6,8,0,-7,5,0,0,2,0,-1,20,0,-2,21,0,-3,15,0,-4,23,0,-5,6,0,0,3,0,-1,27,0,-2,29,0,-3,18,0,-4,31,0,0,4,0,0,4,0,-1,33,0,-2,34,0,-1,39,0,-1,9,0,-2,19,0,-3,40,0,-1,16,0,-1,7,0,-2,17,0,-1,26,0,0,7,0,-1,24,0,0,8,0,0,8,0,-1,35,0,-1,38,0,0,9,0,-1,36,0,0,10,0,0,11,0,0,11,0,0,12,0,0,12,0,0,13,0,-1,14,0,0,14,0,0,14,0,-1,22,0,0,15,0,0,17,0,0,18,0,0,19,0,0,20,0,0,21,0,0,23,0,-1,25,0,-1,28,0,-1,30,0,-1,32,0,0,33,0,0,34,0,0,35,0,-1,37,0,0,40,0,5,1,3,6,17,10,6,19,16,15,26,38,16,39,75],[0,0,0,0,0,0,0,0,0,0,0,0,0,0,0,0,0,0,0,0,0,0,0,0,0,0,0,0,0,0,0,0,0,0,0,0,0,22,25,28,30,32,37],[-1,1,-1,1,-1,2,-1,1,-1,1,-1,1,-1,-1,1,-1,-1,-1,7,-1,-1,1,-1,2,-1,1,-1,1,-1,2,-1,1,-1,-1,-1,1,17,2,1,2,7,2,1],[0,5,0,6,0,1,0,7,0,8,0,9,0,0,10,0,0,0,1,0,0,11,0,1,0,12,0,2,0,1,0,2,0,0,0,13,14,1,3,1,1,1,3]],[[{"name":"zombie_card_board","rect":[0,0,166,158],"offset":[0,0],"originalSize":[166,158],"capInsets":[90,90,56,50]}],[3],0,[0],[3],[15]],[[{"name":"tittle_zombie","rect":[0,0,196,91],"offset":[0,0],"originalSize":[196,91],"capInsets":[70,35,70,35]}],[3],0,[0],[3],[16]],[[{"name":"zombie_info_bg2","rect":[0,0,292,283],"offset":[0,0],"originalSize":[292,283],"capInsets":[0,0,0,0]}],[3],0,[0],[3],[17]],[[[8,"ZombieBookCard"],[9,"ZombieBookCard",[-6,-7],[[52,-3,-2],[42,-5,[[7,"9484177j0tLUo9Ri0pFBdw8","clickCard",-4]]]],[15,-1,0],[5,166,158],[-185,-84,0,0,0,0,1,1,1,1]],[26,"mask",1,[-9],[[47,-8,[3]]],[0,"5fjyeBJPNNBrMMDH968B3N",1,0],[5,128,120]],[5,"zombie_card_board",1,[[2,-10,[0],1]],[0,"104Gx4iD1JYbJ3k529QWov",1,0],[5,166,158]],[27,"1",2,[-11],[0,"b2PZPjygpBEYEU0cTQlV9I",1,0],[5,128,198],[16,-30,0,0,0,0,1,0.9,0.9,1]],[39,4,[2]]],0,[0,4,1,0,18,5,0,0,1,0,19,1,0,0,1,0,-1,3,0,-2,2,0,0,2,0,-1,4,0,0,3,0,-1,5,0,5,1,11],[0,0,0,0,5],[-1,1,-1,-1,1],[0,18,0,0,19]]]]