[1,["7a/QZLET9IDreTiBfRn2PD","deRa+MygVIw4kcvco5McVY","020PnRB2xBII34mJQN46pP"],["_N$skeletonData","root","node","data"],[["cc.PrefabInfo",["fileId","root","asset"],2,1,1],["cc.Prefab",["_name"],2],["cc.Node",["_name","_children","_components","_prefab"],2,2,9,4],["cc.Node",["_name","_parent","_components","_prefab","_contentSize","_trs"],2,1,2,4,5,7],["ca9a1YXYU5Lq6K1D3L5mq+/",["node","groveAnis"],3,1,2],["sp.Skeleton",["defaultSkin","defaultAnimation","_preCacheMode","_animationName","node","_materials"],-1,1,3],["261d4+Q1HdGA5w3tjdBw83c",["node","spineAnimation"],3,1,1],["sp.SkeletonData",["_name","_atlasText","textureNames","_skeletonJson","textures"],-1,3]],[[3,0,1,2,3,4,5,2],[0,0,1,2,2],[5,0,1,2,3,4,5,5],[6,0,1,1],[1,0,2],[2,0,1,2,3,2],[4,0,1,1],[0,1,2,1],[7,0,1,2,3,4,5]],[[[[4,"GroveEffect"],[5,"GroveEffect",[-8,-9,-10,-11,-12],[[6,-7,[-2,-3,-4,-5,-6]]],[7,-1,0]],[0,"04FX_Grove_5",1,[-13,-14],[1,"fbPI9ctClIsqpEU98dsKtz",1,0],[5,417,240],[744,116,0,0,0,0,1,0.8,0.8,1]],[0,"04FX_Grove_4",1,[-15,-16],[1,"dcNjv6ZdNHPrR/BR6hqJMK",1,0],[5,417,240],[765,5,0,0,0,0,1,0.8,0.8,1]],[0,"04FX_Grove_3",1,[-17,-18],[1,"79NpBEQc1MHoDy97WllEYQ",1,0],[5,417,240],[765,-103,0,0,0,0,1,0.8,0.8,1]],[0,"04FX_Grove_2",1,[-19,-20],[1,"1fOsLvUv9Ed7nRbFk5k6Lb",1,0],[5,417,240],[775,-208,0,0,0,0,1,0.8,0.8,1]],[0,"04FX_Grove_1",1,[-21,-22],[1,"59gBtWXcJGAIODj6EU5nzd",1,0],[5,417,240],[795,-360,0,0,0,0,1,1,1,1]],[2,"skin1","idle2",0,"idle2",2,[0]],[3,2,7],[2,"skin1","idle1",0,"idle1",3,[1]],[3,3,9],[2,"skin1","idle1",0,"idle1",4,[2]],[3,4,11],[2,"skin1","idle1",0,"idle1",5,[3]],[3,5,13],[2,"skin1","idle1",0,"idle1",6,[4]],[3,6,15]],0,[0,1,1,0,-1,16,0,-2,14,0,-3,12,0,-4,10,0,-5,8,0,2,1,0,-1,2,0,-2,3,0,-3,4,0,-4,5,0,-5,6,0,-1,7,0,-2,8,0,-1,9,0,-2,10,0,-1,11,0,-2,12,0,-1,13,0,-2,14,0,-1,15,0,-2,16,0,3,1,22],[0,0,0,0,0,7,9,11,13,15],[-1,-1,-1,-1,-1,0,0,0,0,0],[0,0,0,0,0,1,1,1,1,1]],[[[8,"04FX_Grove","\n04FX_Grove.png\nsize: 1024,512\nformat: RGBA8888\nfilter: Linear,Linear\nrepeat: none\n1grass1\n  rotate: true\n  xy: 2, 321\n  size: 189, 132\n  orig: 189, 133\n  offset: 0, 1\n  index: -1\n1grass4\n  rotate: true\n  xy: 2, 321\n  size: 189, 132\n  orig: 189, 133\n  offset: 0, 1\n  index: -1\n1grass5\n  rotate: true\n  xy: 2, 321\n  size: 189, 132\n  orig: 189, 133\n  offset: 0, 1\n  index: -1\n1grass10\n  rotate: true\n  xy: 425, 265\n  size: 102, 80\n  orig: 103, 80\n  offset: 1, 0\n  index: -1\n1grass11\n  rotate: true\n  xy: 136, 349\n  size: 161, 90\n  orig: 162, 90\n  offset: 0, 0\n  index: -1\n1grass2\n  rotate: false\n  xy: 2, 4\n  size: 158, 124\n  orig: 158, 124\n  offset: 0, 0\n  index: -1\n1grass3\n  rotate: true\n  xy: 407, 72\n  size: 87, 68\n  orig: 88, 68\n  offset: 1, 0\n  index: -1\n1grass6\n  rotate: true\n  xy: 228, 362\n  size: 148, 111\n  orig: 148, 113\n  offset: 0, 1\n  index: -1\n1grass7\n  rotate: true\n  xy: 341, 265\n  size: 102, 82\n  orig: 102, 82\n  offset: 0, 0\n  index: -1\n1grass8\n  rotate: true\n  xy: 288, 69\n  size: 141, 117\n  orig: 143, 119\n  offset: 1, 1\n  index: -1\n1grass9\n  rotate: true\n  xy: 477, 77\n  size: 82, 66\n  orig: 82, 66\n  offset: 0, 0\n  index: -1\n1leaf1\n  rotate: true\n  xy: 162, 6\n  size: 18, 14\n  orig: 19, 14\n  offset: 0, 0\n  index: -1\n1leaf2\n  rotate: false\n  xy: 194, 10\n  size: 29, 14\n  orig: 29, 16\n  offset: 0, 1\n  index: -1\n1leaf3\n  rotate: false\n  xy: 136, 159\n  size: 23, 25\n  orig: 26, 26\n  offset: 2, 0\n  index: -1\n1leaf4\n  rotate: false\n  xy: 288, 39\n  size: 27, 28\n  orig: 31, 30\n  offset: 2, 1\n  index: -1\n2grass1\n  rotate: true\n  xy: 2, 130\n  size: 189, 132\n  orig: 189, 133\n  offset: 0, 1\n  index: -1\n2grass4\n  rotate: true\n  xy: 2, 130\n  size: 189, 132\n  orig: 189, 133\n  offset: 0, 1\n  index: -1\n2grass5\n  rotate: true\n  xy: 2, 130\n  size: 189, 132\n  orig: 189, 133\n  offset: 0, 1\n  index: -1\n2grass10\n  rotate: true\n  xy: 460, 408\n  size: 102, 80\n  orig: 103, 80\n  offset: 1, 0\n  index: -1\n2grass11\n  rotate: true\n  xy: 136, 186\n  size: 161, 90\n  orig: 162, 90\n  offset: 0, 0\n  index: -1\n2grass2\n  rotate: true\n  xy: 162, 26\n  size: 158, 124\n  orig: 158, 124\n  offset: 0, 0\n  index: -1\n2grass3\n  rotate: false\n  xy: 407, 2\n  size: 87, 68\n  orig: 88, 68\n  offset: 1, 0\n  index: -1\n2grass6\n  rotate: true\n  xy: 228, 212\n  size: 148, 111\n  orig: 148, 113\n  offset: 0, 1\n  index: -1\n2grass7\n  rotate: true\n  xy: 407, 161\n  size: 102, 82\n  orig: 102, 82\n  offset: 0, 0\n  index: -1\n2grass8\n  rotate: true\n  xy: 341, 369\n  size: 141, 117\n  orig: 143, 119\n  offset: 1, 1\n  index: -1\n2grass9\n  rotate: false\n  xy: 496, 9\n  size: 82, 66\n  orig: 82, 66\n  offset: 0, 0\n  index: -1\n2leaf1\n  rotate: true\n  xy: 178, 6\n  size: 18, 14\n  orig: 19, 14\n  offset: 0, 0\n  index: -1\n2leaf2\n  rotate: false\n  xy: 225, 10\n  size: 29, 14\n  orig: 29, 16\n  offset: 0, 1\n  index: -1\n2leaf3\n  rotate: false\n  xy: 136, 132\n  size: 23, 25\n  orig: 26, 26\n  offset: 2, 0\n  index: -1\n2leaf4\n  rotate: false\n  xy: 288, 9\n  size: 27, 28\n  orig: 31, 30\n  offset: 2, 1\n  index: -1\n",["04FX_Grove.png"],{"skeleton":{"hash":"XUBjwiFrh2Rr3FcMS9CNBN2wzO4","spine":"3.8.99","x":-218,"y":-26,"width":417,"height":240},"bones":[{"name":"root"},{"name":"grove","parent":"root"},{"name":"leaf","parent":"grove"},{"name":"1leaf1","parent":"leaf"},{"name":"1leaf3","parent":"leaf"},{"name":"1leaf4","parent":"leaf"},{"name":"1leaf2","parent":"leaf"},{"name":"grove2","parent":"grove","length":94.65,"rotation":90,"x":-123.14,"y":-11.49},{"name":"1grass1","parent":"grove","length":81.26,"rotation":90,"x":19.07,"y":-15.59},{"name":"1grass4","parent":"grove","length":104.06,"rotation":90,"x":105.39,"y":-0.59},{"name":"1grass5","parent":"grove","length":107.13,"rotation":90,"x":-22.99,"y":42.68},{"name":"1grass3","parent":"grove","length":66.76,"rotation":90,"x":40.72,"y":50.07},{"name":"1grass6","parent":"grove","length":97.9,"rotation":90,"x":105.2,"y":48.83},{"name":"1grass10","parent":"grove","length":73.94,"rotation":90,"x":75.54,"y":107.9},{"name":"1grass9","parent":"grove","length":60.15,"rotation":90,"x":-8.7,"y":117.31},{"name":"1grass11","parent":"grove","length":82.56,"rotation":90,"x":6.86,"y":128.29},{"name":"1grass7","parent":"grove","length":78.19,"rotation":90,"x":-105.08,"y":76.04},{"name":"1grass8","parent":"grove","length":110.22,"rotation":90,"x":-118.25,"y":87.46},{"name":"1leaf5","parent":"leaf"},{"name":"1leaf6","parent":"leaf"},{"name":"1leaf7","parent":"leaf"},{"name":"1leaf8","parent":"leaf"},{"name":"1leaf9","parent":"leaf"},{"name":"1leaf10","parent":"leaf"},{"name":"1leaf11","parent":"leaf"},{"name":"1leaf12","parent":"leaf"},{"name":"1leaf13","parent":"leaf"},{"name":"1leaf14","parent":"leaf"},{"name":"1leaf15","parent":"leaf"},{"name":"1leaf16","parent":"leaf"},{"name":"1leaf17","parent":"leaf"},{"name":"1leaf18","parent":"leaf"},{"name":"1leaf19","parent":"leaf"},{"name":"1leaf20","parent":"leaf"},{"name":"leaf2","parent":"grove"},{"name":"1leaf21","parent":"leaf2"},{"name":"1leaf22","parent":"leaf2"},{"name":"1leaf23","parent":"leaf2"},{"name":"1leaf24","parent":"leaf2"},{"name":"1leaf25","parent":"leaf2"},{"name":"1leaf26","parent":"leaf2"},{"name":"1leaf27","parent":"leaf2"},{"name":"1leaf28","parent":"leaf2"},{"name":"1leaf29","parent":"leaf2"},{"name":"1leaf30","parent":"leaf2"},{"name":"1leaf31","parent":"leaf2"},{"name":"1leaf32","parent":"leaf2"},{"name":"leaf3","parent":"grove"},{"name":"1leaf33","parent":"leaf3"},{"name":"1leaf34","parent":"leaf3"},{"name":"1leaf35","parent":"leaf3"},{"name":"1leaf36","parent":"leaf3"},{"name":"1leaf37","parent":"leaf3"},{"name":"1leaf38","parent":"leaf3"},{"name":"1leaf39","parent":"leaf3"},{"name":"1leaf40","parent":"leaf3"},{"name":"1leaf41","parent":"leaf3"},{"name":"1leaf42","parent":"leaf3"},{"name":"1leaf43","parent":"leaf3"},{"name":"1leaf44","parent":"leaf3"},{"name":"1leaf45","parent":"leaf3"},{"name":"1leaf46","parent":"leaf3"},{"name":"1leaf47","parent":"leaf3"},{"name":"1leaf48","parent":"leaf3"},{"name":"1leaf49","parent":"leaf3"},{"name":"1leaf50","parent":"leaf3"},{"name":"1leaf51","parent":"leaf3"},{"name":"1leaf52","parent":"leaf3"},{"name":"leaf4","parent":"grove"},{"name":"1leaf53","parent":"leaf4"},{"name":"1leaf54","parent":"leaf4"},{"name":"1leaf55","parent":"leaf4"},{"name":"1leaf56","parent":"leaf4"},{"name":"1leaf57","parent":"leaf4"},{"name":"1leaf58","parent":"leaf4"},{"name":"1leaf59","parent":"leaf4"},{"name":"1leaf60","parent":"leaf4"},{"name":"1leaf61","parent":"leaf4"},{"name":"1leaf62","parent":"leaf4"},{"name":"1leaf63","parent":"leaf4"},{"name":"1leaf64","parent":"leaf4"}],"slots":[{"name":"1grass11","bone":"1grass11","attachment":"1grass11"},{"name":"1grass10","bone":"1grass10","attachment":"1grass10"},{"name":"1grass9","bone":"1grass9","attachment":"1grass9"},{"name":"1grass8","bone":"1grass8","attachment":"1grass8"},{"name":"1leaf35","bone":"1leaf35","color":"ffffff00","attachment":"1leaf4"},{"name":"1leaf40","bone":"1leaf40","color":"ffffff00","attachment":"1leaf4"},{"name":"1leaf45","bone":"1leaf45","color":"ffffff00","attachment":"1leaf4"},{"name":"1leaf41","bone":"1leaf41","color":"ffffff00","attachment":"1leaf4"},{"name":"1leaf52","bone":"1leaf52","color":"ffffff00","attachment":"1leaf4"},{"name":"1leaf34","bone":"1leaf34","color":"ffffff00","attachment":"1leaf3"},{"name":"1leaf39","bone":"1leaf39","color":"ffffff00","attachment":"1leaf3"},{"name":"1leaf46","bone":"1leaf46","color":"ffffff00","attachment":"1leaf3"},{"name":"1leaf42","bone":"1leaf42","color":"ffffff00","attachment":"1leaf3"},{"name":"1leaf51","bone":"1leaf51","color":"ffffff00","attachment":"1leaf3"},{"name":"1leaf36","bone":"1leaf36","color":"ffffff00","attachment":"1leaf2"},{"name":"1leaf38","bone":"1leaf38","color":"ffffff00","attachment":"1leaf2"},{"name":"1leaf47","bone":"1leaf47","color":"ffffff00","attachment":"1leaf2"},{"name":"1leaf43","bone":"1leaf43","color":"ffffff00","attachment":"1leaf2"},{"name":"1leaf50","bone":"1leaf50","color":"ffffff00","attachment":"1leaf2"},{"name":"1leaf33","bone":"1leaf33","color":"ffffff00","attachment":"1leaf1"},{"name":"1leaf37","bone":"1leaf37","color":"ffffff00","attachment":"1leaf1"},{"name":"1leaf48","bone":"1leaf48","color":"ffffff00","attachment":"1leaf1"},{"name":"1leaf44","bone":"1leaf44","color":"ffffff00","attachment":"1leaf1"},{"name":"1leaf49","bone":"1leaf49","color":"ffffff00","attachment":"1leaf1"},{"name":"1grass7","bone":"1grass7","attachment":"1grass7"},{"name":"1leaf4","bone":"1leaf4","color":"ffffff00","attachment":"1leaf4"},{"name":"1leaf8","bone":"1leaf8","color":"ffffff00","attachment":"1leaf4"},{"name":"1leaf13","bone":"1leaf13","color":"ffffff00","attachment":"1leaf4"},{"name":"1leaf9","bone":"1leaf9","color":"ffffff00","attachment":"1leaf4"},{"name":"1leaf20","bone":"1leaf20","color":"ffffff00","attachment":"1leaf4"},{"name":"1leaf3","bone":"1leaf3","color":"ffffff00","attachment":"1leaf3"},{"name":"1leaf7","bone":"1leaf7","color":"ffffff00","attachment":"1leaf3"},{"name":"1leaf14","bone":"1leaf14","color":"ffffff00","attachment":"1leaf3"},{"name":"1leaf10","bone":"1leaf10","color":"ffffff00","attachment":"1leaf3"},{"name":"1leaf19","bone":"1leaf19","color":"ffffff00","attachment":"1leaf3"},{"name":"1leaf2","bone":"1leaf2","color":"ffffff00","attachment":"1leaf2"},{"name":"1leaf6","bone":"1leaf6","color":"ffffff00","attachment":"1leaf2"},{"name":"1leaf15","bone":"1leaf15","color":"ffffff00","attachment":"1leaf2"},{"name":"1leaf11","bone":"1leaf11","color":"ffffff00","attachment":"1leaf2"},{"name":"1leaf18","bone":"1leaf18","color":"ffffff00","attachment":"1leaf2"},{"name":"1leaf1","bone":"1leaf1","color":"ffffff00","attachment":"1leaf1"},{"name":"1leaf5","bone":"1leaf5","color":"ffffff00","attachment":"1leaf1"},{"name":"1leaf16","bone":"1leaf16","color":"ffffff00","attachment":"1leaf1"},{"name":"1leaf12","bone":"1leaf12","color":"ffffff00","attachment":"1leaf1"},{"name":"1leaf17","bone":"1leaf17","color":"ffffff00","attachment":"1leaf1"},{"name":"1grass6","bone":"1grass6","attachment":"1grass6"},{"name":"1grass5","bone":"1grass5","attachment":"1grass5"},{"name":"1leaf21","bone":"1leaf21","color":"ffffff00","attachment":"1leaf1"},{"name":"1leaf53","bone":"1leaf53","color":"ffffff00","attachment":"1leaf1"},{"name":"1leaf25","bone":"1leaf25","color":"ffffff00","attachment":"1leaf1"},{"name":"1leaf57","bone":"1leaf57","color":"ffffff00","attachment":"1leaf1"},{"name":"1leaf29","bone":"1leaf29","color":"ffffff00","attachment":"1leaf1"},{"name":"1leaf61","bone":"1leaf61","color":"ffffff00","attachment":"1leaf1"},{"name":"1leaf23","bone":"1leaf23","color":"ffffff00","attachment":"1leaf4"},{"name":"1leaf55","bone":"1leaf55","color":"ffffff00","attachment":"1leaf4"},{"name":"1leaf28","bone":"1leaf28","color":"ffffff00","attachment":"1leaf4"},{"name":"1leaf60","bone":"1leaf60","color":"ffffff00","attachment":"1leaf4"},{"name":"1leaf32","bone":"1leaf32","color":"ffffff00","attachment":"1leaf4"},{"name":"1leaf64","bone":"1leaf64","color":"ffffff00","attachment":"1leaf4"},{"name":"1leaf22","bone":"1leaf22","color":"ffffff00","attachment":"1leaf3"},{"name":"1leaf54","bone":"1leaf54","color":"ffffff00","attachment":"1leaf3"},{"name":"1leaf27","bone":"1leaf27","color":"ffffff00","attachment":"1leaf3"},{"name":"1leaf59","bone":"1leaf59","color":"ffffff00","attachment":"1leaf3"},{"name":"1leaf31","bone":"1leaf31","color":"ffffff00","attachment":"1leaf3"},{"name":"1leaf63","bone":"1leaf63","color":"ffffff00","attachment":"1leaf3"},{"name":"1leaf24","bone":"1leaf24","color":"ffffff00","attachment":"1leaf2"},{"name":"1leaf56","bone":"1leaf56","color":"ffffff00","attachment":"1leaf2"},{"name":"1leaf26","bone":"1leaf26","color":"ffffff00","attachment":"1leaf2"},{"name":"1leaf58","bone":"1leaf58","color":"ffffff00","attachment":"1leaf2"},{"name":"1leaf30","bone":"1leaf30","color":"ffffff00","attachment":"1leaf2"},{"name":"1leaf62","bone":"1leaf62","color":"ffffff00","attachment":"1leaf2"},{"name":"1grass4","bone":"1grass4","attachment":"1grass4"},{"name":"1grass3","bone":"1grass3","attachment":"1grass3"},{"name":"1grass2","bone":"1grass1","attachment":"1grass2"},{"name":"1grass1","bone":"grove2","attachment":"1grass1"}],"skins":[{"name":"skin1","attachments":{"1grass1":{"1grass1":{"x":55.49,"y":0.36,"rotation":-90,"width":189,"height":133}},"1grass2":{"1grass2":{"x":51.59,"y":-3.93,"rotation":-90,"width":158,"height":124}},"1grass3":{"1grass3":{"x":32.37,"y":0.13,"rotation":-90,"width":88,"height":68}},"1grass4":{"1grass4":{"x":54.59,"y":0.89,"rotation":-90,"width":189,"height":133}},"1grass5":{"1grass5":{"x":59.82,"y":3.51,"rotation":-90,"width":189,"height":133}},"1grass6":{"1grass6":{"x":42.67,"y":4.2,"rotation":-90,"width":148,"height":113}},"1grass7":{"1grass7":{"x":36.96,"y":2.92,"rotation":-90,"width":102,"height":82}},"1grass8":{"1grass8":{"x":50.04,"y":3.25,"rotation":-90,"width":143,"height":119}},"1grass9":{"1grass9":{"x":29.69,"y":-2.33,"rotation":-90,"width":82,"height":66}},"1grass10":{"1grass10":{"x":35.2,"y":-0.32,"rotation":-90,"width":103,"height":80}},"1grass11":{"1grass11":{"x":40.71,"y":6.86,"rotation":-90,"width":162,"height":90}},"1leaf1":{"1leaf1":{"width":19,"height":14}},"1leaf2":{"1leaf2":{"width":29,"height":16}},"1leaf3":{"1leaf3":{"width":26,"height":26}},"1leaf4":{"1leaf4":{"width":31,"height":30}},"1leaf5":{"1leaf1":{"width":19,"height":14}},"1leaf6":{"1leaf2":{"width":29,"height":16}},"1leaf7":{"1leaf3":{"width":26,"height":26}},"1leaf8":{"1leaf4":{"width":31,"height":30}},"1leaf9":{"1leaf4":{"width":31,"height":30}},"1leaf10":{"1leaf3":{"width":26,"height":26}},"1leaf11":{"1leaf2":{"width":29,"height":16}},"1leaf12":{"1leaf1":{"width":19,"height":14}},"1leaf13":{"1leaf4":{"width":31,"height":30}},"1leaf14":{"1leaf3":{"width":26,"height":26}},"1leaf15":{"1leaf2":{"width":29,"height":16}},"1leaf16":{"1leaf1":{"width":19,"height":14}},"1leaf17":{"1leaf1":{"width":19,"height":14}},"1leaf18":{"1leaf2":{"width":29,"height":16}},"1leaf19":{"1leaf3":{"width":26,"height":26}},"1leaf20":{"1leaf4":{"width":31,"height":30}},"1leaf21":{"1leaf1":{"width":19,"height":14}},"1leaf22":{"1leaf3":{"width":26,"height":26}},"1leaf23":{"1leaf4":{"width":31,"height":30}},"1leaf24":{"1leaf2":{"width":29,"height":16}},"1leaf25":{"1leaf1":{"width":19,"height":14}},"1leaf26":{"1leaf2":{"width":29,"height":16}},"1leaf27":{"1leaf3":{"width":26,"height":26}},"1leaf28":{"1leaf4":{"width":31,"height":30}},"1leaf29":{"1leaf1":{"width":19,"height":14}},"1leaf30":{"1leaf2":{"width":29,"height":16}},"1leaf31":{"1leaf3":{"width":26,"height":26}},"1leaf32":{"1leaf4":{"width":31,"height":30}},"1leaf33":{"1leaf1":{"width":19,"height":14}},"1leaf34":{"1leaf3":{"width":26,"height":26}},"1leaf35":{"1leaf4":{"width":31,"height":30}},"1leaf36":{"1leaf2":{"width":29,"height":16}},"1leaf37":{"1leaf1":{"width":19,"height":14}},"1leaf38":{"1leaf2":{"width":29,"height":16}},"1leaf39":{"1leaf3":{"width":26,"height":26}},"1leaf40":{"1leaf4":{"width":31,"height":30}},"1leaf41":{"1leaf4":{"width":31,"height":30}},"1leaf42":{"1leaf3":{"width":26,"height":26}},"1leaf43":{"1leaf2":{"width":29,"height":16}},"1leaf44":{"1leaf1":{"width":19,"height":14}},"1leaf45":{"1leaf4":{"width":31,"height":30}},"1leaf46":{"1leaf3":{"width":26,"height":26}},"1leaf47":{"1leaf2":{"width":29,"height":16}},"1leaf48":{"1leaf1":{"width":19,"height":14}},"1leaf49":{"1leaf1":{"width":19,"height":14}},"1leaf50":{"1leaf2":{"width":29,"height":16}},"1leaf51":{"1leaf3":{"width":26,"height":26}},"1leaf52":{"1leaf4":{"width":31,"height":30}},"1leaf53":{"1leaf1":{"width":19,"height":14}},"1leaf54":{"1leaf3":{"width":26,"height":26}},"1leaf55":{"1leaf4":{"width":31,"height":30}},"1leaf56":{"1leaf2":{"width":29,"height":16}},"1leaf57":{"1leaf1":{"width":19,"height":14}},"1leaf58":{"1leaf2":{"width":29,"height":16}},"1leaf59":{"1leaf3":{"width":26,"height":26}},"1leaf60":{"1leaf4":{"width":31,"height":30}},"1leaf61":{"1leaf1":{"width":19,"height":14}},"1leaf62":{"1leaf2":{"width":29,"height":16}},"1leaf63":{"1leaf3":{"width":26,"height":26}},"1leaf64":{"1leaf4":{"width":31,"height":30}}}},{"name":"skin2","attachments":{"1grass1":{"1grass1":{"name":"2grass1","x":55.49,"y":0.36,"rotation":-90,"width":189,"height":133}},"1grass2":{"1grass2":{"name":"2grass2","x":51.59,"y":-3.93,"rotation":-90,"width":158,"height":124}},"1grass3":{"1grass3":{"name":"2grass3","x":32.37,"y":0.13,"rotation":-90,"width":88,"height":68}},"1grass4":{"1grass4":{"name":"2grass4","x":54.59,"y":0.89,"rotation":-90,"width":189,"height":133}},"1grass5":{"1grass5":{"name":"2grass5","x":59.82,"y":3.51,"rotation":-90,"width":189,"height":133}},"1grass6":{"1grass6":{"name":"2grass6","x":42.67,"y":4.2,"rotation":-90,"width":148,"height":113}},"1grass7":{"1grass7":{"name":"2grass7","x":36.96,"y":2.92,"rotation":-90,"width":102,"height":82}},"1grass8":{"1grass8":{"name":"2grass8","x":50.04,"y":3.25,"rotation":-90,"width":143,"height":119}},"1grass9":{"1grass9":{"name":"2grass9","x":29.69,"y":-2.33,"rotation":-90,"width":82,"height":66}},"1grass10":{"1grass10":{"name":"2grass10","x":35.2,"y":-0.32,"rotation":-90,"width":103,"height":80}},"1grass11":{"1grass11":{"name":"2grass11","x":40.71,"y":6.86,"rotation":-90,"width":162,"height":90}},"1leaf1":{"1leaf1":{"name":"2leaf1","width":19,"height":14}},"1leaf2":{"1leaf2":{"name":"2leaf2","width":29,"height":16}},"1leaf3":{"1leaf3":{"name":"2leaf3","width":26,"height":26}},"1leaf4":{"1leaf4":{"name":"2leaf4","width":31,"height":30}},"1leaf5":{"1leaf1":{"name":"2leaf1","width":19,"height":14}},"1leaf6":{"1leaf2":{"name":"2leaf2","width":29,"height":16}},"1leaf7":{"1leaf3":{"name":"2leaf3","width":26,"height":26}},"1leaf8":{"1leaf4":{"name":"2leaf4","width":31,"height":30}},"1leaf9":{"1leaf4":{"name":"2leaf4","width":31,"height":30}},"1leaf10":{"1leaf3":{"name":"2leaf3","width":26,"height":26}},"1leaf11":{"1leaf2":{"name":"2leaf2","width":29,"height":16}},"1leaf12":{"1leaf1":{"name":"2leaf1","width":19,"height":14}},"1leaf13":{"1leaf4":{"name":"2leaf4","width":31,"height":30}},"1leaf14":{"1leaf3":{"name":"2leaf3","width":26,"height":26}},"1leaf15":{"1leaf2":{"name":"2leaf2","width":29,"height":16}},"1leaf16":{"1leaf1":{"name":"2leaf1","width":19,"height":14}},"1leaf17":{"1leaf1":{"name":"2leaf1","width":19,"height":14}},"1leaf18":{"1leaf2":{"name":"2leaf2","width":29,"height":16}},"1leaf19":{"1leaf3":{"name":"2leaf3","width":26,"height":26}},"1leaf20":{"1leaf4":{"name":"2leaf4","width":31,"height":30}},"1leaf21":{"1leaf1":{"name":"2leaf1","width":19,"height":14}},"1leaf22":{"1leaf3":{"name":"2leaf3","width":26,"height":26}},"1leaf23":{"1leaf4":{"name":"2leaf4","width":31,"height":30}},"1leaf24":{"1leaf2":{"name":"2leaf2","width":29,"height":16}},"1leaf25":{"1leaf1":{"name":"2leaf1","width":19,"height":14}},"1leaf26":{"1leaf2":{"name":"2leaf2","width":29,"height":16}},"1leaf27":{"1leaf3":{"name":"2leaf3","width":26,"height":26}},"1leaf28":{"1leaf4":{"name":"2leaf4","width":31,"height":30}},"1leaf29":{"1leaf1":{"name":"2leaf1","width":19,"height":14}},"1leaf30":{"1leaf2":{"name":"2leaf2","width":29,"height":16}},"1leaf31":{"1leaf3":{"name":"2leaf3","width":26,"height":26}},"1leaf32":{"1leaf4":{"name":"2leaf4","width":31,"height":30}},"1leaf33":{"1leaf1":{"name":"2leaf1","width":19,"height":14}},"1leaf34":{"1leaf3":{"name":"2leaf3","width":26,"height":26}},"1leaf35":{"1leaf4":{"name":"2leaf4","width":31,"height":30}},"1leaf36":{"1leaf2":{"name":"2leaf2","width":29,"height":16}},"1leaf37":{"1leaf1":{"name":"2leaf1","width":19,"height":14}},"1leaf38":{"1leaf2":{"name":"2leaf2","width":29,"height":16}},"1leaf39":{"1leaf3":{"name":"2leaf3","width":26,"height":26}},"1leaf40":{"1leaf4":{"name":"2leaf4","width":31,"height":30}},"1leaf41":{"1leaf4":{"name":"2leaf4","width":31,"height":30}},"1leaf42":{"1leaf3":{"name":"2leaf3","width":26,"height":26}},"1leaf43":{"1leaf2":{"name":"2leaf2","width":29,"height":16}},"1leaf44":{"1leaf1":{"name":"2leaf1","width":19,"height":14}},"1leaf45":{"1leaf4":{"name":"2leaf4","width":31,"height":30}},"1leaf46":{"1leaf3":{"name":"2leaf3","width":26,"height":26}},"1leaf47":{"1leaf2":{"name":"2leaf2","width":29,"height":16}},"1leaf48":{"1leaf1":{"name":"2leaf1","width":19,"height":14}},"1leaf49":{"1leaf1":{"name":"2leaf1","width":19,"height":14}},"1leaf50":{"1leaf2":{"name":"2leaf2","width":29,"height":16}},"1leaf51":{"1leaf3":{"name":"2leaf3","width":26,"height":26}},"1leaf52":{"1leaf4":{"name":"2leaf4","width":31,"height":30}},"1leaf53":{"1leaf1":{"name":"2leaf1","width":19,"height":14}},"1leaf54":{"1leaf3":{"name":"2leaf3","width":26,"height":26}},"1leaf55":{"1leaf4":{"name":"2leaf4","width":31,"height":30}},"1leaf56":{"1leaf2":{"name":"2leaf2","width":29,"height":16}},"1leaf57":{"1leaf1":{"name":"2leaf1","width":19,"height":14}},"1leaf58":{"1leaf2":{"name":"2leaf2","width":29,"height":16}},"1leaf59":{"1leaf3":{"name":"2leaf3","width":26,"height":26}},"1leaf60":{"1leaf4":{"name":"2leaf4","width":31,"height":30}},"1leaf61":{"1leaf1":{"name":"2leaf1","width":19,"height":14}},"1leaf62":{"1leaf2":{"name":"2leaf2","width":29,"height":16}},"1leaf63":{"1leaf3":{"name":"2leaf3","width":26,"height":26}},"1leaf64":{"1leaf4":{"name":"2leaf4","width":31,"height":30}}}}],"animations":{"idle1":{"slots":{"1leaf1":{"color":[{"color":"ffffff00","curve":0.25,"c3":0.75},{"time":0.0333,"color":"ffffffff","curve":"stepped"},{"time":0.6333,"color":"ffffffff","curve":0.25,"c3":0.75},{"time":0.7333,"color":"ffffff00","curve":"stepped"},{"time":1.3333,"color":"ffffffff","curve":"stepped"},{"time":2.0667,"color":"ffffffff","curve":0.25,"c3":0.75},{"time":2.1667,"color":"ffffff00"}]},"1leaf2":{"color":[{"color":"ffffff00","curve":0.25,"c3":0.75},{"time":0.0333,"color":"ffffffff","curve":"stepped"},{"time":0.6333,"color":"ffffffff","curve":0.25,"c3":0.75},{"time":0.7333,"color":"ffffff00","curve":"stepped"},{"time":1.3333,"color":"ffffffff","curve":"stepped"},{"time":2.2667,"color":"ffffffff","curve":0.25,"c3":0.75},{"time":2.3667,"color":"ffffff00"}]},"1leaf3":{"color":[{"color":"ffffff00","curve":0.25,"c3":0.75},{"time":0.0333,"color":"ffffffff","curve":"stepped"},{"time":0.6333,"color":"ffffffff","curve":0.25,"c3":0.75},{"time":0.7333,"color":"ffffff00","curve":"stepped"},{"time":1.3333,"color":"ffffffff","curve":"stepped"},{"time":2.1,"color":"ffffffff","curve":0.25,"c3":0.75},{"time":2.2,"color":"ffffff00"}]},"1leaf4":{"color":[{"color":"ffffff00","curve":0.25,"c3":0.75},{"time":0.0333,"color":"ffffffff","curve":"stepped"},{"time":0.6333,"color":"ffffffff","curve":0.25,"c3":0.75},{"time":0.7333,"color":"ffffff00","curve":"stepped"},{"time":1.3333,"color":"ffffffff","curve":"stepped"},{"time":1.9333,"color":"ffffffff","curve":0.25,"c3":0.75},{"time":2.0333,"color":"ffffff00"}]},"1leaf5":{"color":[{"time":0.1667,"color":"ffffffff","curve":"stepped"},{"time":1.1333,"color":"ffffffff","curve":0.25,"c3":0.75},{"time":1.2667,"color":"ffffff00"}]},"1leaf6":{"color":[{"time":0.1667,"color":"ffffffff","curve":"stepped"},{"time":1.3667,"color":"ffffffff","curve":0.25,"c3":0.75},{"time":1.5,"color":"ffffff00"}]},"1leaf7":{"color":[{"time":0.1667,"color":"ffffffff","curve":"stepped"},{"time":1.1667,"color":"ffffffff","curve":0.25,"c3":0.75},{"time":1.3,"color":"ffffff00"}]},"1leaf8":{"color":[{"time":0.1667,"color":"ffffffff","curve":"stepped"},{"time":0.9333,"color":"ffffffff","curve":0.25,"c3":0.75},{"time":1.0667,"color":"ffffff00"}]},"1leaf9":{"color":[{"time":0.1667,"color":"ffffffff","curve":"stepped"},{"time":0.7667,"color":"ffffffff","curve":0.25,"c3":0.75},{"time":0.8667,"color":"ffffff00","curve":"stepped"},{"time":1.2333,"color":"ffffffff","curve":"stepped"},{"time":1.8333,"color":"ffffffff","curve":0.25,"c3":0.75},{"time":1.9333,"color":"ffffff00"}]},"1leaf10":{"color":[{"time":0.1667,"color":"ffffffff","curve":"stepped"},{"time":0.9333,"color":"ffffffff","curve":0.25,"c3":0.75},{"time":1.0333,"color":"ffffff00","curve":"stepped"},{"time":1.2333,"color":"ffffffff","curve":"stepped"},{"time":2,"color":"ffffffff","curve":0.25,"c3":0.75},{"time":2.1,"color":"ffffff00"}]},"1leaf11":{"color":[{"time":0.1667,"color":"ffffffff","curve":"stepped"},{"time":1.1,"color":"ffffffff","curve":0.25,"c3":0.75},{"time":1.2,"color":"ffffff00","curve":"stepped"},{"time":1.2333,"color":"ffffffff","curve":"stepped"},{"time":2.1667,"color":"ffffffff","curve":0.25,"c3":0.75},{"time":2.2667,"color":"ffffff00"}]},"1leaf12":{"color":[{"time":0.1667,"color":"ffffffff","curve":"stepped"},{"time":0.9,"color":"ffffffff","curve":0.25,"c3":0.75},{"time":1,"color":"ffffff00","curve":"stepped"},{"time":1.2333,"color":"ffffffff","curve":"stepped"},{"time":1.9667,"color":"ffffffff","curve":0.25,"c3":0.75},{"time":2.0667,"color":"ffffff00"}]},"1leaf13":{"color":[{"time":0.5,"color":"ffffffff","curve":"stepped"},{"time":1.5,"color":"ffffffff","curve":0.25,"c3":0.75},{"time":1.6667,"color":"ffffff00"}]},"1leaf14":{"color":[{"time":0.5,"color":"ffffffff","curve":"stepped"},{"time":1.8,"color":"ffffffff","curve":0.25,"c3":0.75},{"time":1.9667,"color":"ffffff00"}]},"1leaf15":{"color":[{"time":0.5,"color":"ffffffff","curve":"stepped"},{"time":2.0667,"color":"ffffffff","curve":0.25,"c3":0.75},{"time":2.2333,"color":"ffffff00"}]},"1leaf16":{"color":[{"time":0.5,"color":"ffffffff","curve":"stepped"},{"time":1.7333,"color":"ffffffff","curve":0.25,"c3":0.75},{"time":1.9,"color":"ffffff00"}]},"1leaf17":{"color":[{"time":0.7667,"color":"ffffffff","curve":"stepped"},{"time":1.5667,"color":"ffffffff","curve":0.25,"c3":0.75},{"time":1.7,"color":"ffffff00"}]},"1leaf18":{"color":[{"time":0.7667,"color":"ffffffff","curve":"stepped"},{"time":1.8,"color":"ffffffff","curve":0.25,"c3":0.75},{"time":1.9,"color":"ffffff00"}]},"1leaf19":{"color":[{"time":0.7667,"color":"ffffffff","curve":"stepped"},{"time":1.6,"color":"ffffffff","curve":0.25,"c3":0.75},{"time":1.7333,"color":"ffffff00"}]},"1leaf20":{"color":[{"time":0.7667,"color":"ffffffff","curve":"stepped"},{"time":1.4333,"color":"ffffffff","curve":0.25,"c3":0.75},{"time":1.5333,"color":"ffffff00"}]},"1leaf21":{"color":[{"time":0.3667,"color":"ffffff00","curve":"stepped"},{"time":0.4,"color":"ffffffff","curve":"stepped"},{"time":1,"color":"ffffffff","curve":0.25,"c3":0.75},{"time":1.1,"color":"ffffff00","curve":"stepped"},{"time":1.1333,"color":"ffffffff","curve":"stepped"},{"time":1.6667,"color":"ffffffff","curve":0.25,"c3":0.75},{"time":1.7333,"color":"ffffff00"}]},"1leaf22":{"color":[{"time":0.3667,"color":"ffffff00","curve":"stepped"},{"time":0.4,"color":"ffffffff","curve":"stepped"},{"time":1,"color":"ffffffff","curve":0.25,"c3":0.75},{"time":1.1,"color":"ffffff00","curve":"stepped"},{"time":1.1333,"color":"ffffffff","curve":"stepped"},{"time":1.6667,"color":"ffffffff","curve":0.25,"c3":0.75},{"time":1.7333,"color":"ffffff00"}]},"1leaf23":{"color":[{"time":0.3667,"color":"ffffff00","curve":"stepped"},{"time":0.4,"color":"ffffffff","curve":"stepped"},{"time":1,"color":"ffffffff","curve":0.25,"c3":0.75},{"time":1.1,"color":"ffffff00","curve":"stepped"},{"time":1.1333,"color":"ffffffff","curve":"stepped"},{"time":1.5667,"color":"ffffffff","curve":0.25,"c3":0.75},{"time":1.6333,"color":"ffffff00"}]},"1leaf24":{"color":[{"time":0.3667,"color":"ffffff00","curve":"stepped"},{"time":0.4,"color":"ffffffff","curve":"stepped"},{"time":1,"color":"ffffffff","curve":0.25,"c3":0.75},{"time":1.1,"color":"ffffff00","curve":"stepped"},{"time":1.1333,"color":"ffffffff","curve":"stepped"},{"time":1.8,"color":"ffffffff","curve":0.25,"c3":0.75},{"time":1.8667,"color":"ffffff00"}]},"1leaf25":{"color":[{"time":0.7667,"color":"ffffffff","curve":"stepped"},{"time":1.7333,"color":"ffffffff","curve":0.25,"c3":0.75},{"time":1.8667,"color":"ffffff00"}]},"1leaf26":{"color":[{"time":0.7667,"color":"ffffffff","curve":"stepped"},{"time":1.9667,"color":"ffffffff","curve":0.25,"c3":0.75},{"time":2.1,"color":"ffffff00"}]},"1leaf27":{"color":[{"time":0.7667,"color":"ffffffff","curve":"stepped"},{"time":1.7667,"color":"ffffffff","curve":0.25,"c3":0.75},{"time":1.9,"color":"ffffff00"}]},"1leaf28":{"color":[{"time":0.7667,"color":"ffffffff","curve":"stepped"},{"time":1.5333,"color":"ffffffff","curve":0.25,"c3":0.75},{"time":1.6667,"color":"ffffff00"}]},"1leaf29":{"color":[{"time":1.1333,"color":"ffffffff","curve":"stepped"},{"time":1.9333,"color":"ffffffff","curve":0.25,"c3":0.75},{"time":2.0667,"color":"ffffff00"}]},"1leaf30":{"color":[{"time":1.1333,"color":"ffffffff","curve":"stepped"},{"time":2.1667,"color":"ffffffff","curve":0.25,"c3":0.75},{"time":2.2667,"color":"ffffff00"}]},"1leaf31":{"color":[{"time":1.1333,"color":"ffffffff","curve":"stepped"},{"time":1.9667,"color":"ffffffff","curve":0.25,"c3":0.75},{"time":2.1,"color":"ffffff00"}]},"1leaf32":{"color":[{"time":1.1333,"color":"ffffffff","curve":"stepped"},{"time":1.8,"color":"ffffffff","curve":0.25,"c3":0.75},{"time":1.9,"color":"ffffff00"}]},"1leaf33":{"color":[{"time":1.1333,"color":"ffffff00","curve":0.25,"c3":0.75},{"time":1.1667,"color":"ffffffff","curve":"stepped"},{"time":1.7667,"color":"ffffffff","curve":0.25,"c3":0.75},{"time":1.8667,"color":"ffffff00","curve":"stepped"},{"time":2.4667,"color":"ffffffff","curve":"stepped"},{"time":3.2,"color":"ffffffff","curve":0.25,"c3":0.75},{"time":3.3,"color":"ffffff00"}]},"1leaf34":{"color":[{"time":1.1333,"color":"ffffff00","curve":0.25,"c3":0.75},{"time":1.1667,"color":"ffffffff","curve":"stepped"},{"time":1.7667,"color":"ffffffff","curve":0.25,"c3":0.75},{"time":1.8667,"color":"ffffff00","curve":"stepped"},{"time":2.4667,"color":"ffffffff","curve":"stepped"},{"time":3.2333,"color":"ffffffff","curve":0.25,"c3":0.75},{"time":3.3333,"color":"ffffff00"}]},"1leaf35":{"color":[{"time":1.1333,"color":"ffffff00","curve":0.25,"c3":0.75},{"time":1.1667,"color":"ffffffff","curve":"stepped"},{"time":1.7667,"color":"ffffffff","curve":0.25,"c3":0.75},{"time":1.8667,"color":"ffffff00","curve":"stepped"},{"time":2.4667,"color":"ffffffff","curve":"stepped"},{"time":3.0667,"color":"ffffffff","curve":0.25,"c3":0.75},{"time":3.1667,"color":"ffffff00"}]},"1leaf36":{"color":[{"time":1.1333,"color":"ffffff00","curve":0.25,"c3":0.75},{"time":1.1667,"color":"ffffffff","curve":"stepped"},{"time":1.7667,"color":"ffffffff","curve":0.25,"c3":0.75},{"time":1.8667,"color":"ffffff00","curve":"stepped"},{"time":2.4667,"color":"ffffffff","curve":"stepped"},{"time":3.4,"color":"ffffffff","curve":0.25,"c3":0.75},{"time":3.5,"color":"ffffff00"}]},"1leaf37":{"color":[{"time":1.3,"color":"ffffffff","curve":"stepped"},{"time":2.2667,"color":"ffffffff","curve":0.25,"c3":0.75},{"time":2.4,"color":"ffffff00"}]},"1leaf38":{"color":[{"time":1.3,"color":"ffffffff","curve":"stepped"},{"time":2.5,"color":"ffffffff","curve":0.25,"c3":0.75},{"time":2.6333,"color":"ffffff00"}]},"1leaf39":{"color":[{"time":1.3,"color":"ffffffff","curve":"stepped"},{"time":2.3,"color":"ffffffff","curve":0.25,"c3":0.75},{"time":2.4333,"color":"ffffff00"}]},"1leaf40":{"color":[{"time":1.3,"color":"ffffffff","curve":"stepped"},{"time":2.0667,"color":"ffffffff","curve":0.25,"c3":0.75},{"time":2.2,"color":"ffffff00"}]},"1leaf41":{"color":[{"time":1.3,"color":"ffffffff","curve":"stepped"},{"time":1.9,"color":"ffffffff","curve":0.25,"c3":0.75},{"time":2,"color":"ffffff00","curve":"stepped"},{"time":2.3667,"color":"ffffffff","curve":"stepped"},{"time":2.9667,"color":"ffffffff","curve":0.25,"c3":0.75},{"time":3.0667,"color":"ffffff00"}]},"1leaf42":{"color":[{"time":1.3,"color":"ffffffff","curve":"stepped"},{"time":2.0667,"color":"ffffffff","curve":0.25,"c3":0.75},{"time":2.1667,"color":"ffffff00","curve":"stepped"},{"time":2.3667,"color":"ffffffff","curve":"stepped"},{"time":3.1333,"color":"ffffffff","curve":0.25,"c3":0.75},{"time":3.2333,"color":"ffffff00"}]},"1leaf43":{"color":[{"time":1.3,"color":"ffffffff","curve":"stepped"},{"time":2.2333,"color":"ffffffff","curve":0.25,"c3":0.75},{"time":2.3333,"color":"ffffff00","curve":"stepped"},{"time":2.3667,"color":"ffffffff","curve":"stepped"},{"time":3.3,"color":"ffffffff","curve":0.25,"c3":0.75},{"time":3.4,"color":"ffffff00"}]},"1leaf44":{"color":[{"time":1.3,"color":"ffffffff","curve":"stepped"},{"time":2.0333,"color":"ffffffff","curve":0.25,"c3":0.75},{"time":2.1333,"color":"ffffff00","curve":"stepped"},{"time":2.3667,"color":"ffffffff","curve":"stepped"},{"time":3.1,"color":"ffffffff","curve":0.25,"c3":0.75},{"time":3.2,"color":"ffffff00"}]},"1leaf45":{"color":[{"time":1.6333,"color":"ffffffff","curve":"stepped"},{"time":2.6333,"color":"ffffffff","curve":0.25,"c3":0.75},{"time":2.8,"color":"ffffff00"}]},"1leaf46":{"color":[{"time":1.6333,"color":"ffffffff","curve":"stepped"},{"time":2.9333,"color":"ffffffff","curve":0.25,"c3":0.75},{"time":3.1,"color":"ffffff00"}]},"1leaf47":{"color":[{"time":1.6333,"color":"ffffffff","curve":"stepped"},{"time":3.2,"color":"ffffffff","curve":0.25,"c3":0.75},{"time":3.3667,"color":"ffffff00"}]},"1leaf48":{"color":[{"time":1.6333,"color":"ffffffff","curve":"stepped"},{"time":2.8667,"color":"ffffffff","curve":0.25,"c3":0.75},{"time":3.0333,"color":"ffffff00"}]},"1leaf49":{"color":[{"time":1.9,"color":"ffffffff","curve":"stepped"},{"time":2.7,"color":"ffffffff","curve":0.25,"c3":0.75},{"time":2.8333,"color":"ffffff00"}]},"1leaf50":{"color":[{"time":1.9,"color":"ffffffff","curve":"stepped"},{"time":2.9333,"color":"ffffffff","curve":0.25,"c3":0.75},{"time":3.0333,"color":"ffffff00"}]},"1leaf51":{"color":[{"time":1.9,"color":"ffffffff","curve":"stepped"},{"time":2.7333,"color":"ffffffff","curve":0.25,"c3":0.75},{"time":2.8667,"color":"ffffff00"}]},"1leaf52":{"color":[{"time":1.9,"color":"ffffffff","curve":"stepped"},{"time":2.5667,"color":"ffffffff","curve":0.25,"c3":0.75},{"time":2.6667,"color":"ffffff00"}]},"1leaf53":{"color":[{"time":1.8,"color":"ffffff00","curve":0.25,"c3":0.75},{"time":1.8333,"color":"ffffffff","curve":"stepped"},{"time":2.4333,"color":"ffffffff","curve":0.25,"c3":0.75},{"time":2.5333,"color":"ffffff00","curve":"stepped"},{"time":2.5667,"color":"ffffffff","curve":"stepped"},{"time":3.1,"color":"ffffffff","curve":0.25,"c3":0.75},{"time":3.1667,"color":"ffffff00"}]},"1leaf54":{"color":[{"time":1.8,"color":"ffffff00","curve":0.25,"c3":0.75},{"time":1.8333,"color":"ffffffff","curve":"stepped"},{"time":2.4333,"color":"ffffffff","curve":0.25,"c3":0.75},{"time":2.5333,"color":"ffffff00","curve":"stepped"},{"time":2.5667,"color":"ffffffff","curve":"stepped"},{"time":3.1,"color":"ffffffff","curve":0.25,"c3":0.75},{"time":3.1667,"color":"ffffff00"}]},"1leaf55":{"color":[{"time":1.8,"color":"ffffff00","curve":0.25,"c3":0.75},{"time":1.8333,"color":"ffffffff","curve":"stepped"},{"time":2.4333,"color":"ffffffff","curve":0.25,"c3":0.75},{"time":2.5333,"color":"ffffff00","curve":"stepped"},{"time":2.5667,"color":"ffffffff","curve":"stepped"},{"time":3,"color":"ffffffff","curve":0.25,"c3":0.75},{"time":3.0667,"color":"ffffff00"}]},"1leaf56":{"color":[{"time":1.8,"color":"ffffff00","curve":0.25,"c3":0.75},{"time":1.8333,"color":"ffffffff","curve":"stepped"},{"time":2.4333,"color":"ffffffff","curve":0.25,"c3":0.75},{"time":2.5333,"color":"ffffff00","curve":"stepped"},{"time":2.5667,"color":"ffffffff","curve":"stepped"},{"time":3.2333,"color":"ffffffff","curve":0.25,"c3":0.75},{"time":3.3,"color":"ffffff00"}]},"1leaf57":{"color":[{"time":2.2,"color":"ffffffff","curve":"stepped"},{"time":3.1667,"color":"ffffffff","curve":0.25,"c3":0.75},{"time":3.3,"color":"ffffff00"}]},"1leaf58":{"color":[{"time":2.2,"color":"ffffffff","curve":"stepped"},{"time":3.4,"color":"ffffffff","curve":0.25,"c3":0.75},{"time":3.5333,"color":"ffffff00"}]},"1leaf59":{"color":[{"time":2.2,"color":"ffffffff","curve":"stepped"},{"time":3.2,"color":"ffffffff","curve":0.25,"c3":0.75},{"time":3.3333,"color":"ffffff00"}]},"1leaf60":{"color":[{"time":2.2,"color":"ffffffff","curve":"stepped"},{"time":2.9667,"color":"ffffffff","curve":0.25,"c3":0.75},{"time":3.1,"color":"ffffff00"}]},"1leaf61":{"color":[{"time":2.2333,"color":"ffffffff","curve":"stepped"},{"time":3.0333,"color":"ffffffff","curve":0.25,"c3":0.75},{"time":3.1667,"color":"ffffff00"}]},"1leaf62":{"color":[{"time":2.2333,"color":"ffffffff","curve":"stepped"},{"time":3.2667,"color":"ffffffff","curve":0.25,"c3":0.75},{"time":3.3667,"color":"ffffff00"}]},"1leaf63":{"color":[{"time":2.2333,"color":"ffffffff","curve":"stepped"},{"time":3.0667,"color":"ffffffff","curve":0.25,"c3":0.75},{"time":3.2,"color":"ffffff00"}]},"1leaf64":{"color":[{"time":2.2333,"color":"ffffffff","curve":"stepped"},{"time":2.9,"color":"ffffffff","curve":0.25,"c3":0.75},{"time":3,"color":"ffffff00"}]}},"bones":{"leaf":{"translate":[{"x":95.69,"y":140.85}]},"grove2":{"shear":[{"time":1.7667,"curve":0.25,"c3":0.75},{"time":1.9333,"x":4.69,"curve":0.25,"c3":0.75},{"time":2.1667,"curve":0.25,"c3":0.75},{"time":2.3667,"x":4.69,"curve":0.25,"c3":0.75},{"time":2.6,"curve":0.25,"c3":0.75},{"time":2.8,"x":4.69,"curve":0.25,"c3":0.75},{"time":3.1}]},"1grass1":{"shear":[{"time":0.6667,"curve":0.25,"c3":0.75},{"time":0.8667,"x":4.29,"curve":0.25,"c3":0.75},{"time":1.0667,"curve":0.25,"c3":0.75},{"time":1.2667,"x":4.29,"curve":0.25,"c3":0.75},{"time":1.4667,"curve":0.25,"c3":0.75},{"time":1.6667,"x":4.29,"curve":0.25,"c3":0.75},{"time":1.8667,"curve":0.25,"c3":0.75},{"time":2.0667,"x":4.29,"curve":0.25,"c3":0.75},{"time":2.4}]},"1grass4":{"shear":[{"time":0.2667,"curve":0.25,"c3":0.75},{"time":0.4667,"x":2.33},{"time":0.6333,"curve":0.25,"c3":0.75},{"time":0.8333,"x":2.33,"curve":0.25,"c3":0.75},{"time":1,"curve":0.25,"c3":0.75},{"time":1.2,"x":2.33,"curve":0.25,"c3":0.75},{"time":1.3667,"curve":0.25,"c3":0.75},{"time":1.5667,"x":2.33,"curve":0.25,"c3":0.75},{"time":1.8667}]},"1grass5":{"rotate":[{"time":0.5,"curve":0.25,"c3":0.75},{"time":0.6333,"angle":2.46,"curve":0.25,"c3":0.75},{"time":0.7667,"curve":0.25,"c3":0.75},{"time":0.9,"angle":4.42,"curve":0.25,"c3":0.75},{"time":1,"curve":0.25,"c3":0.75},{"time":1.0333,"angle":3.15,"curve":0.25,"c3":0.75},{"time":1.1667,"angle":6,"curve":0.25,"c3":0.75},{"time":1.3,"angle":3.15,"curve":0.25,"c3":0.75},{"time":1.4333,"angle":-1.67,"curve":"stepped"},{"time":1.5,"curve":0.25,"c3":0.75},{"time":1.5667,"angle":3.07,"curve":0.25,"c3":0.75},{"time":1.7667,"angle":-2.37,"curve":0.25,"c3":0.75},{"time":1.9,"curve":0.25,"c3":0.75},{"time":2.0333,"angle":2.46,"curve":0.25,"c3":0.75},{"time":2.1667,"curve":0.25,"c3":0.75},{"time":2.3333,"angle":4.42,"curve":0.25,"c3":0.75},{"time":2.5333}],"translate":[{"time":0.5,"curve":0.25,"c3":0.75},{"time":0.6333,"x":-1.77,"curve":0.25,"c3":0.75},{"time":0.7667,"curve":0.25,"c3":0.75},{"time":0.9,"x":-3.54,"y":-1.18,"curve":0.25,"c3":0.75},{"time":1,"curve":0.25,"c3":0.75},{"time":1.0333,"x":-3,"curve":0.25,"c3":0.75},{"time":1.1667,"x":-3.54,"y":-1.18,"curve":0.25,"c3":0.75},{"time":1.3,"curve":0.25,"c3":0.75},{"time":1.4333,"x":2.95,"y":-0.59,"curve":"stepped"},{"time":1.5,"curve":"stepped"},{"time":1.5667,"curve":0.25,"c3":0.75},{"time":1.7667,"x":7.67,"y":-2.95,"curve":0.25,"c3":0.75},{"time":1.9,"curve":0.25,"c3":0.75},{"time":2.0333,"x":-1.77,"curve":0.25,"c3":0.75},{"time":2.1667,"curve":0.25,"c3":0.75},{"time":2.3333,"x":-3.54,"y":-1.18,"curve":0.25,"c3":0.75},{"time":2.5333}]},"1grass3":{"rotate":[{"time":0.4,"curve":0.25,"c3":0.75},{"time":0.4667,"angle":-1.45,"curve":"stepped"},{"time":0.5333,"curve":0.25,"c3":0.75},{"time":0.6,"angle":-1.45,"curve":0.25,"c3":0.75},{"time":0.6667,"curve":0.25,"c3":0.75},{"time":0.7333,"angle":-1.45,"curve":0.25,"c3":0.75},{"time":0.8,"curve":0.25,"c3":0.75},{"time":0.8667,"angle":-1.45,"curve":0.25,"c3":0.75},{"time":0.9333,"curve":"stepped"},{"time":0.9667,"angle":-1.45,"curve":"stepped"},{"time":1,"curve":0.25,"c3":0.75},{"time":1.0667,"angle":-1.45,"curve":0.25,"c3":0.75},{"time":1.1333,"curve":0.25,"c3":0.75},{"time":1.2,"angle":-1.45,"curve":0.25,"c3":0.75},{"time":1.2667,"curve":0.25,"c3":0.75},{"time":1.3333,"angle":-1.45,"curve":0.25,"c3":0.75},{"time":1.4,"curve":0.25,"c3":0.75},{"time":1.4667,"angle":-1.45,"curve":"stepped"},{"time":1.6,"angle":-1.45,"curve":0.25,"c3":0.75},{"time":1.6667,"curve":"stepped"},{"time":1.7333,"curve":0.25,"c3":0.75},{"time":1.8,"angle":-1.45,"curve":0.25,"c3":0.75},{"time":1.8667,"curve":0.25,"c3":0.75},{"time":1.9333,"angle":-1.45,"curve":0.25,"c3":0.75},{"time":2,"curve":0.25,"c3":0.75},{"time":2.0667,"angle":-1.45,"curve":0.25,"c3":0.75},{"time":2.1333,"curve":0.25,"c3":0.75},{"time":2.2,"angle":-1.45,"curve":0.25,"c3":0.75},{"time":2.2667}]},"1grass6":{"rotate":[{},{"time":0.1,"angle":3.64},{"time":0.2,"curve":0.25,"c3":0.75},{"time":0.3,"angle":3.64},{"time":0.4},{"time":0.5333,"angle":7.51},{"time":0.6667},{"time":0.7667,"angle":5.51},{"time":0.9},{"time":1.0333,"angle":7.51},{"time":1.1667,"curve":0.25,"c3":0.75},{"time":1.2333,"angle":3.64},{"time":1.3},{"time":1.4333,"angle":7.51,"curve":"stepped"},{"time":1.5667},{"time":1.6667,"angle":5.51},{"time":1.8}],"translate":[{"time":0.4,"curve":0.25,"c3":0.75},{"time":0.5333,"x":-1.65,"curve":0.25,"c3":0.75},{"time":0.6667,"curve":"stepped"},{"time":0.9,"curve":0.25,"c3":0.75},{"time":1.0333,"x":-1.65,"curve":0.25,"c3":0.75},{"time":1.1667,"curve":"stepped"},{"time":1.3,"curve":0.25,"c3":0.75},{"time":1.4333,"x":-1.65,"curve":"stepped"},{"time":1.5667}]},"1grass10":{"rotate":[{"time":0.5333,"curve":0.25,"c3":0.75},{"time":0.6667,"angle":4.63,"curve":0.25,"c3":0.75},{"time":0.8333,"curve":0.25,"c3":0.75},{"time":0.9667,"angle":4.63,"curve":0.25,"c3":0.75},{"time":1.1,"curve":0.25,"c3":0.75},{"time":1.2667,"angle":4.63,"curve":0.25,"c3":0.75},{"time":1.4,"curve":0.25,"c3":0.75},{"time":1.5667,"angle":4.63,"curve":0.25,"c3":0.75},{"time":1.7,"curve":0.25,"c3":0.75},{"time":1.8333,"angle":4.63,"curve":0.25,"c3":0.75},{"time":2.0333}],"translate":[{"time":0.5333,"curve":0.25,"c3":0.75},{"time":0.6667,"x":-2.39,"y":-1.43,"curve":0.25,"c3":0.75},{"time":0.8333,"curve":0.25,"c3":0.75},{"time":0.9667,"x":-2.39,"y":-1.43,"curve":0.25,"c3":0.75},{"time":1.1,"curve":0.25,"c3":0.75},{"time":1.2667,"x":-2.39,"y":-1.43,"curve":0.25,"c3":0.75},{"time":1.4,"curve":0.25,"c3":0.75},{"time":1.5667,"x":-2.39,"y":-1.43,"curve":0.25,"c3":0.75},{"time":1.7,"curve":0.25,"c3":0.75},{"time":1.8333,"x":-2.39,"y":-1.43,"curve":0.25,"c3":0.75},{"time":2.0333}]},"1grass9":{"rotate":[{"time":0.4333,"curve":0.25,"c3":0.75},{"time":0.5667,"angle":3.58,"curve":0.25,"c3":0.75},{"time":0.7333,"curve":0.25,"c3":0.75},{"time":0.8667,"angle":3.58,"curve":0.25,"c3":0.75},{"time":1,"curve":0.25,"c3":0.75},{"time":1.1667,"angle":3.58,"curve":0.25,"c3":0.75},{"time":1.3,"curve":0.25,"c3":0.75},{"time":1.4333,"angle":3.58,"curve":"stepped"},{"time":1.6,"curve":0.25,"c3":0.75},{"time":1.7333,"angle":3.58,"curve":0.25,"c3":0.75},{"time":1.8667,"curve":0.25,"c3":0.75},{"time":2.0333,"angle":3.58,"curve":0.25,"c3":0.75},{"time":2.1667,"curve":0.25,"c3":0.75},{"time":2.3333,"angle":3.58,"curve":0.25,"c3":0.75},{"time":2.4667}],"translate":[{"time":0.4333,"curve":0.25,"c3":0.75},{"time":0.5667,"x":-0.48,"y":-0.96,"curve":0.25,"c3":0.75},{"time":0.7333,"curve":0.25,"c3":0.75},{"time":0.8667,"x":-0.48,"y":-0.96,"curve":0.25,"c3":0.75},{"time":1,"curve":0.25,"c3":0.75},{"time":1.1667,"x":-0.48,"y":-0.96,"curve":0.25,"c3":0.75},{"time":1.3,"curve":0.25,"c3":0.75},{"time":1.4333,"x":-0.48,"y":-0.96,"curve":"stepped"},{"time":1.6,"curve":0.25,"c3":0.75},{"time":1.7333,"x":-0.48,"y":-0.96,"curve":0.25,"c3":0.75},{"time":1.8667,"curve":0.25,"c3":0.75},{"time":2.0333,"x":-0.48,"y":-0.96,"curve":0.25,"c3":0.75},{"time":2.1667,"curve":0.25,"c3":0.75},{"time":2.3333,"x":-0.48,"y":-0.96,"curve":0.25,"c3":0.75},{"time":2.4667}]},"1grass11":{"rotate":[{"time":0.3333,"curve":0.25,"c3":0.75},{"time":0.5,"angle":4.35,"curve":0.25,"c3":0.75},{"time":0.6667,"angle":-3.79,"curve":0.25,"c3":0.75},{"time":0.8333,"angle":5.29,"curve":0.25,"c3":0.75},{"time":1,"angle":4.35,"curve":"stepped"},{"time":1.1667,"angle":4.35,"curve":0.25,"c3":0.75},{"time":1.3333,"angle":-8.05,"curve":0.25,"c3":0.75},{"time":1.5,"angle":4.35,"curve":0.25,"c3":0.75},{"time":1.6667,"angle":-4.17,"curve":0.25,"c3":0.75},{"time":1.8333,"curve":0.25,"c3":0.75},{"time":2,"angle":4.35,"curve":0.25,"c3":0.75},{"time":2.1667,"curve":0.25,"c3":0.75},{"time":2.3333,"angle":4.35,"curve":0.25,"c3":0.75},{"time":2.5667}],"translate":[{"time":0.3333,"curve":0.25,"c3":0.75},{"time":0.5,"x":-1.55,"curve":0.25,"c3":0.75},{"time":0.6667,"curve":0.25,"c3":0.75},{"time":0.8333,"x":-3.61,"y":2.58,"curve":0.25,"c3":0.75},{"time":1,"x":-1.55,"curve":0.25,"c3":0.75},{"time":1.1667,"x":-1.55,"y":-5.68,"curve":0.25,"c3":0.75},{"time":1.3333,"x":4.13,"y":-4.13,"curve":0.25,"c3":0.75},{"time":1.5,"x":-1.55,"curve":0.25,"c3":0.75},{"time":1.6667,"curve":"stepped"},{"time":1.8333,"curve":0.25,"c3":0.75},{"time":2,"x":-1.55,"curve":0.25,"c3":0.75},{"time":2.1667,"curve":0.25,"c3":0.75},{"time":2.3333,"x":-1.55,"curve":0.25,"c3":0.75},{"time":2.5667}]},"1grass7":{"rotate":[{"time":1,"curve":0.25,"c3":0.75},{"time":1.1333,"angle":5.47,"curve":0.25,"c3":0.75},{"time":1.3,"curve":0.25,"c3":0.75},{"time":1.4333,"angle":5.47,"curve":"stepped"},{"time":1.6,"curve":0.25,"c3":0.75},{"time":1.7333,"angle":5.47,"curve":0.25,"c3":0.75},{"time":1.9,"curve":0.25,"c3":0.75},{"time":2.0333,"angle":5.47,"curve":0.25,"c3":0.75},{"time":2.2,"curve":0.25,"c3":0.75},{"time":2.3333,"angle":5.47,"curve":0.25,"c3":0.75},{"time":2.5,"curve":0.25,"c3":0.75},{"time":2.6333,"angle":5.47,"curve":0.25,"c3":0.75},{"time":2.9}]},"1grass8":{"rotate":[{"time":1.1667,"curve":0.25,"c3":0.75},{"time":1.3667,"angle":4.87,"curve":0.25,"c3":0.75},{"time":1.5667,"curve":0.25,"c3":0.75},{"time":1.7667,"angle":4.87,"curve":0.25,"c3":0.75},{"time":1.9667,"curve":0.25,"c3":0.75},{"time":2.1667,"angle":4.87,"curve":0.25,"c3":0.75},{"time":2.3667,"curve":0.25,"c3":0.75},{"time":2.5667,"angle":4.87,"curve":0.25,"c3":0.75},{"time":2.7667,"curve":0.25,"c3":0.75},{"time":2.9667,"angle":4.87,"curve":0.25,"c3":0.75},{"time":3.2667}],"translate":[{"time":1.1667,"curve":0.25,"c3":0.75},{"time":1.3667,"x":-0.56,"y":-1.11,"curve":0.25,"c3":0.75},{"time":1.5667,"curve":0.25,"c3":0.75},{"time":1.7667,"x":-0.56,"y":-1.11,"curve":0.25,"c3":0.75},{"time":1.9667,"curve":0.25,"c3":0.75},{"time":2.1667,"x":-0.56,"y":-1.11,"curve":0.25,"c3":0.75},{"time":2.3667,"curve":0.25,"c3":0.75},{"time":2.5667,"x":-0.56,"y":-1.11,"curve":0.25,"c3":0.75},{"time":2.7667,"curve":0.25,"c3":0.75},{"time":2.9667,"x":-0.56,"y":-1.11,"curve":0.25,"c3":0.75},{"time":3.2667}]},"1leaf1":{"rotate":[{"time":0.0333,"angle":-64.27,"curve":0.25,"c3":0.75},{"time":0.2333,"angle":-34.27,"curve":0.306,"c2":0.18,"c3":0.894,"c4":0.82},{"time":0.7,"angle":47.97,"curve":"stepped"},{"time":1.3333,"angle":-72.35,"curve":0.25,"c3":0.75},{"time":1.5333,"angle":-57.64,"curve":0.306,"c2":0.18,"c3":0.894,"c4":0.82},{"time":2.1333,"angle":47.97}],"translate":[{"time":0.0333,"x":-21.63,"y":-13.29,"curve":0.25,"c3":0.75},{"time":0.2333,"x":-50.95,"y":21.71,"curve":0.273,"c2":0.2,"c3":0.635,"c4":0.57},{"time":0.4,"x":-63.97,"y":-13.74,"curve":0.44,"c2":0.37,"c3":0.886,"c4":0.83},{"time":0.7,"x":-61.51,"y":-102.09,"curve":"stepped"},{"time":1.3333,"x":-0.67,"y":-3.55,"curve":0.25,"c3":0.75},{"time":1.5333,"x":-18.85,"y":25.64,"curve":0.29,"c2":0.23,"c3":0.633,"c4":0.58},{"time":1.8667,"x":-57,"y":-23.37,"curve":0.321,"c2":0.3,"c3":0.66,"c4":0.64},{"time":2.1333,"x":-35.96,"y":-54.28}]},"1leaf2":{"rotate":[{"time":0.0333,"angle":137.66,"curve":0.25,"c3":0.75},{"time":0.2333,"angle":164.32,"curve":0.306,"c2":0.18,"c3":0.894,"c4":0.82},{"time":0.7,"angle":-139.8,"curve":"stepped"},{"time":1.3333,"angle":137.66,"curve":0.25,"c3":0.75},{"time":1.6,"angle":164.32,"curve":0.266,"c2":0.18,"c3":0.655,"c4":0.59},{"time":1.9667,"angle":-159.57,"curve":0.467,"c2":0.41,"c3":0.875,"c4":0.82},{"time":2.3333,"angle":-139.8}],"translate":[{"time":0.0333,"x":-6.17,"y":-3.78,"curve":0.25,"c3":0.75},{"time":0.2333,"x":-49.05,"y":61.33,"curve":0.266,"c2":0.18,"c3":0.655,"c4":0.59},{"time":0.4667,"x":-73.31,"y":12.35,"curve":0.467,"c2":0.41,"c3":0.875,"c4":0.82},{"time":0.7,"x":-59.08,"y":-54.02,"curve":"stepped"},{"time":1.3333,"x":-13.28,"y":21.9,"curve":0.25,"c3":0.75},{"time":1.6,"x":-35.95,"y":84.91,"curve":0.283,"c2":0.22,"c3":0.631,"c4":0.57},{"time":1.9667,"x":-88.17,"y":28.13,"curve":0.328,"c2":0.3,"c3":0.674,"c4":0.65},{"time":2.3333,"x":-46.64,"y":-65.81}]},"1leaf3":{"rotate":[{"time":0.0333,"angle":-11.96,"curve":0.25,"c3":0.75},{"time":0.2333,"angle":-20.78,"curve":0.306,"c2":0.18,"c3":0.894,"c4":0.82},{"time":0.7,"angle":-116.71,"curve":"stepped"},{"time":1.3333,"angle":-11.96,"curve":0.25,"c3":0.75},{"time":1.6,"angle":-11.35,"curve":0.306,"c2":0.18,"c3":0.894,"c4":0.82},{"time":2.1667,"angle":-116.71}],"translate":[{"time":0.0333,"x":4.31,"y":-8.91,"curve":0.25,"c3":0.75},{"time":0.2333,"x":19.95,"y":40.03,"curve":0.266,"c2":0.18,"c3":0.655,"c4":0.59},{"time":0.4667,"x":47.98,"y":-6.59,"curve":0.467,"c2":0.41,"c3":0.875,"c4":0.82},{"time":0.7,"x":38.86,"y":-69.79,"curve":"stepped"},{"time":1.3333,"x":4.31,"y":2.15,"curve":0.25,"c3":0.75},{"time":1.6,"x":24.53,"y":62.3,"curve":0.278,"c2":0.21,"c3":0.631,"c4":0.57},{"time":1.9333,"x":68.89,"y":-8.59,"curve":0.333,"c2":0.31,"c3":0.675,"c4":0.66},{"time":2.1667,"x":74.23,"y":-69.79}]},"1leaf4":{"rotate":[{"time":0.0333,"angle":76.75,"curve":0.25,"c3":0.75},{"time":0.2333,"angle":63.25,"curve":0.306,"c2":0.18,"c3":0.894,"c4":0.82},{"time":0.7,"angle":-7.5,"curve":"stepped"},{"time":1.3333,"angle":76.75,"curve":0.25,"c3":0.75},{"time":1.5333,"angle":68.83,"curve":0.306,"c2":0.18,"c3":0.894,"c4":0.82},{"time":2,"angle":-1.93}],"translate":[{"time":0.0333,"x":34.46,"y":-16.44,"curve":0.25,"c3":0.75},{"time":0.2333,"x":76.34,"y":29.79,"curve":0.268,"c2":0.19,"c3":0.643,"c4":0.58},{"time":0.4333,"x":59.42,"y":-12.16,"curve":0.455,"c2":0.39,"c3":0.882,"c4":0.82},{"time":0.7,"x":75.04,"y":-88.65,"curve":"stepped"},{"time":1.3333,"x":34.46,"y":-5.38,"curve":0.25,"c3":0.75},{"time":1.5333,"x":62.9,"y":47.31,"curve":0.268,"c2":0.19,"c3":0.643,"c4":0.58},{"time":1.7333,"x":69.93,"y":-9.24,"curve":0.455,"c2":0.39,"c3":0.882,"c4":0.82},{"time":2,"x":99.57,"y":-50.1}]},"1leaf5":{"rotate":[{"time":0.1667,"angle":-72.35,"curve":0.25,"c3":0.75},{"time":0.4333,"angle":-57.64,"curve":0.306,"c2":0.18,"c3":0.894,"c4":0.82},{"time":1.2,"angle":47.97}],"translate":[{"time":0.1667,"x":-0.67,"y":-3.55,"curve":0.25,"c3":0.75},{"time":0.4333,"x":-18.85,"y":25.64,"curve":0.29,"c2":0.23,"c3":0.633,"c4":0.58},{"time":0.8667,"x":-57,"y":-23.37,"curve":0.321,"c2":0.3,"c3":0.66,"c4":0.64},{"time":1.2,"x":-35.96,"y":-54.28}]},"1leaf6":{"rotate":[{"time":0.1667,"angle":137.66,"curve":0.25,"c3":0.75},{"time":0.5,"angle":164.32,"curve":0.266,"c2":0.18,"c3":0.655,"c4":0.59},{"time":1,"angle":-159.57,"curve":0.467,"c2":0.41,"c3":0.875,"c4":0.82},{"time":1.4667,"angle":-139.8}],"translate":[{"time":0.1667,"x":-13.28,"y":21.9,"curve":0.25,"c3":0.75},{"time":0.5,"x":-35.95,"y":84.91,"curve":0.283,"c2":0.22,"c3":0.631,"c4":0.57},{"time":1,"x":-88.17,"y":28.13,"curve":0.328,"c2":0.3,"c3":0.674,"c4":0.65},{"time":1.4667,"x":-46.64,"y":-65.81}]},"1leaf7":{"rotate":[{"time":0.1667,"angle":-11.96,"curve":0.25,"c3":0.75},{"time":0.5,"angle":-11.35,"curve":0.306,"c2":0.18,"c3":0.894,"c4":0.82},{"time":1.2667,"angle":-116.71}],"translate":[{"time":0.1667,"x":4.31,"y":2.15,"curve":0.25,"c3":0.75},{"time":0.5,"x":24.53,"y":62.3,"curve":0.278,"c2":0.21,"c3":0.631,"c4":0.57},{"time":0.9333,"x":68.89,"y":-8.59,"curve":0.333,"c2":0.31,"c3":0.675,"c4":0.66},{"time":1.2667,"x":74.23,"y":-69.79}]},"1leaf8":{"rotate":[{"time":0.1667,"angle":76.75,"curve":0.25,"c3":0.75},{"time":0.4333,"angle":68.83,"curve":0.306,"c2":0.18,"c3":0.894,"c4":0.82},{"time":1.0333,"angle":-1.93}],"translate":[{"time":0.1667,"x":34.46,"y":-5.38,"curve":0.25,"c3":0.75},{"time":0.4333,"x":62.9,"y":47.31,"curve":0.268,"c2":0.19,"c3":0.643,"c4":0.58},{"time":0.7,"x":69.93,"y":-9.24,"curve":0.455,"c2":0.39,"c3":0.882,"c4":0.82},{"time":1.0333,"x":99.57,"y":-50.1}]},"1leaf9":{"rotate":[{"time":0.1667,"angle":76.75,"curve":0.25,"c3":0.75},{"time":0.3667,"angle":68.83,"curve":"stepped"},{"time":0.8333,"angle":-1.93,"curve":"stepped"},{"time":1.2333,"angle":76.75,"curve":0.25,"c3":0.75},{"time":1.4333,"angle":68.83,"curve":0.306,"c2":0.18,"c3":0.894,"c4":0.82},{"time":1.9,"angle":-1.93}],"translate":[{"time":0.1667,"x":34.46,"y":-5.38,"curve":0.25,"c3":0.75},{"time":0.3667,"x":62.9,"y":47.31,"curve":"stepped"},{"time":0.5667,"x":69.93,"y":-9.24,"curve":0.455,"c2":0.39,"c3":0.882,"c4":0.82},{"time":0.8333,"x":99.57,"y":-50.1,"curve":"stepped"},{"time":1.2333,"x":34.46,"y":-5.38,"curve":0.25,"c3":0.75},{"time":1.4333,"x":62.9,"y":47.31,"curve":0.268,"c2":0.19,"c3":0.643,"c4":0.58},{"time":1.6333,"x":69.93,"y":-9.24,"curve":0.455,"c2":0.39,"c3":0.882,"c4":0.82},{"time":1.9,"x":99.57,"y":-50.1}]},"1leaf10":{"rotate":[{"time":0.1667,"angle":-11.96,"curve":0.25,"c3":0.75},{"time":0.4333,"angle":-11.35,"curve":0.306,"c2":0.18,"c3":0.894,"c4":0.82},{"time":1,"angle":-116.71,"curve":"stepped"},{"time":1.2333,"angle":-11.96,"curve":0.25,"c3":0.75},{"time":1.5,"angle":-11.35,"curve":0.306,"c2":0.18,"c3":0.894,"c4":0.82},{"time":2.0667,"angle":-116.71}],"translate":[{"time":0.1667,"x":4.31,"y":2.15,"curve":0.25,"c3":0.75},{"time":0.4333,"x":24.53,"y":62.3,"curve":0.278,"c2":0.21,"c3":0.631,"c4":0.57},{"time":0.7667,"x":68.89,"y":-8.59,"curve":0.333,"c2":0.31,"c3":0.675,"c4":0.66},{"time":1,"x":74.23,"y":-69.79,"curve":"stepped"},{"time":1.2333,"x":4.31,"y":2.15,"curve":0.25,"c3":0.75},{"time":1.5,"x":24.53,"y":62.3,"curve":0.278,"c2":0.21,"c3":0.631,"c4":0.57},{"time":1.8333,"x":68.89,"y":-8.59,"curve":0.333,"c2":0.31,"c3":0.675,"c4":0.66},{"time":2.0667,"x":74.23,"y":-69.79}]},"1leaf11":{"rotate":[{"time":0.1667,"angle":137.66,"curve":0.25,"c3":0.75},{"time":0.4333,"angle":164.32,"curve":0.266,"c2":0.18,"c3":0.655,"c4":0.59},{"time":0.8,"angle":-159.57,"curve":0.467,"c2":0.41,"c3":0.875,"c4":0.82},{"time":1.1667,"angle":-139.8,"curve":"stepped"},{"time":1.2333,"angle":137.66,"curve":0.25,"c3":0.75},{"time":1.5,"angle":164.32,"curve":0.266,"c2":0.18,"c3":0.655,"c4":0.59},{"time":1.8667,"angle":-159.57,"curve":0.467,"c2":0.41,"c3":0.875,"c4":0.82},{"time":2.2333,"angle":-139.8}],"translate":[{"time":0.1667,"x":-13.28,"y":21.9,"curve":0.25,"c3":0.75},{"time":0.4333,"x":-35.95,"y":84.91,"curve":0.283,"c2":0.22,"c3":0.631,"c4":0.57},{"time":0.8,"x":-88.17,"y":28.13,"curve":0.328,"c2":0.3,"c3":0.674,"c4":0.65},{"time":1.1667,"x":-46.64,"y":-65.81,"curve":"stepped"},{"time":1.2333,"x":-13.28,"y":21.9,"curve":0.25,"c3":0.75},{"time":1.5,"x":-35.95,"y":84.91,"curve":0.283,"c2":0.22,"c3":0.631,"c4":0.57},{"time":1.8667,"x":-88.17,"y":28.13,"curve":0.328,"c2":0.3,"c3":0.674,"c4":0.65},{"time":2.2333,"x":-46.64,"y":-65.81}]},"1leaf12":{"rotate":[{"time":0.1667,"angle":-72.35,"curve":0.25,"c3":0.75},{"time":0.3667,"angle":-57.64,"curve":"stepped"},{"time":0.9667,"angle":47.97,"curve":"stepped"},{"time":1.2333,"angle":-72.35,"curve":0.25,"c3":0.75},{"time":1.4333,"angle":-57.64,"curve":0.306,"c2":0.18,"c3":0.894,"c4":0.82},{"time":2.0333,"angle":47.97}],"translate":[{"time":0.1667,"x":-0.67,"y":-3.55,"curve":0.25,"c3":0.75},{"time":0.3667,"x":-18.85,"y":25.64,"curve":"stepped"},{"time":0.7,"x":-57,"y":-23.37,"curve":0.321,"c2":0.3,"c3":0.66,"c4":0.64},{"time":0.9667,"x":-35.96,"y":-54.28,"curve":"stepped"},{"time":1.2333,"x":-0.67,"y":-3.55,"curve":0.25,"c3":0.75},{"time":1.4333,"x":-18.85,"y":25.64,"curve":0.29,"c2":0.23,"c3":0.633,"c4":0.58},{"time":1.7667,"x":-57,"y":-23.37,"curve":0.321,"c2":0.3,"c3":0.66,"c4":0.64},{"time":2.0333,"x":-35.96,"y":-54.28}]},"1leaf13":{"rotate":[{"time":0.5,"angle":76.75,"curve":0.25,"c3":0.75},{"time":0.8333,"angle":68.83,"curve":0.306,"c2":0.18,"c3":0.894,"c4":0.82},{"time":1.6333,"angle":-1.93}],"translate":[{"time":0.5,"x":34.46,"y":-5.38,"curve":0.25,"c3":0.75},{"time":0.8333,"x":62.9,"y":47.31,"curve":0.268,"c2":0.19,"c3":0.643,"c4":0.58},{"time":1.1667,"x":69.93,"y":-9.24,"curve":0.455,"c2":0.39,"c3":0.882,"c4":0.82},{"time":1.6333,"x":99.57,"y":-50.1}]},"1leaf14":{"rotate":[{"time":0.5,"angle":-11.96,"curve":0.25,"c3":0.75},{"time":0.9333,"angle":-11.35,"curve":0.306,"c2":0.18,"c3":0.894,"c4":0.82},{"time":1.9,"angle":-116.71}],"translate":[{"time":0.5,"x":4.31,"y":2.15,"curve":0.25,"c3":0.75},{"time":0.9333,"x":24.53,"y":62.3,"curve":0.278,"c2":0.21,"c3":0.631,"c4":0.57},{"time":1.5,"x":68.89,"y":-8.59,"curve":0.333,"c2":0.31,"c3":0.675,"c4":0.66},{"time":1.9,"x":74.23,"y":-69.79}]},"1leaf15":{"rotate":[{"time":0.5,"angle":137.66,"curve":0.25,"c3":0.75},{"time":0.9333,"angle":164.32,"curve":0.266,"c2":0.18,"c3":0.655,"c4":0.59},{"time":1.5667,"angle":-159.57,"curve":0.467,"c2":0.41,"c3":0.875,"c4":0.82},{"time":2.1667,"angle":-139.8}],"translate":[{"time":0.5,"x":-13.28,"y":21.9,"curve":0.25,"c3":0.75},{"time":0.9333,"x":-35.95,"y":84.91,"curve":0.283,"c2":0.22,"c3":0.631,"c4":0.57},{"time":1.5667,"x":-88.17,"y":28.13,"curve":0.328,"c2":0.3,"c3":0.674,"c4":0.65},{"time":2.1667,"x":-46.64,"y":-65.81}]},"1leaf16":{"rotate":[{"time":0.5,"angle":-72.35,"curve":0.25,"c3":0.75},{"time":0.8333,"angle":-57.64,"curve":0.306,"c2":0.18,"c3":0.894,"c4":0.82},{"time":1.8333,"angle":47.97}],"translate":[{"time":0.5,"x":-0.67,"y":-3.55,"curve":0.25,"c3":0.75},{"time":0.8333,"x":-18.85,"y":25.64,"curve":0.29,"c2":0.23,"c3":0.633,"c4":0.58},{"time":1.4,"x":-57,"y":-23.37,"curve":0.321,"c2":0.3,"c3":0.66,"c4":0.64},{"time":1.8333,"x":-35.96,"y":-54.28}]},"1leaf17":{"rotate":[{"time":0.7667,"angle":-72.35,"curve":0.25,"c3":0.75},{"time":1,"angle":-57.64,"curve":0.306,"c2":0.18,"c3":0.894,"c4":0.82},{"time":1.6333,"angle":47.97}],"translate":[{"time":0.7667,"x":-0.67,"y":-3.55,"curve":0.25,"c3":0.75},{"time":1,"x":-18.85,"y":25.64,"curve":0.29,"c2":0.23,"c3":0.633,"c4":0.58},{"time":1.3667,"x":-57,"y":-23.37,"curve":0.321,"c2":0.3,"c3":0.66,"c4":0.64},{"time":1.6333,"x":-35.96,"y":-54.28}]},"1leaf18":{"rotate":[{"time":0.7667,"angle":137.66,"curve":0.25,"c3":0.75},{"time":1.0667,"angle":164.32,"curve":0.266,"c2":0.18,"c3":0.655,"c4":0.59},{"time":1.4667,"angle":-159.57,"curve":0.467,"c2":0.41,"c3":0.875,"c4":0.82},{"time":1.8667,"angle":-139.8}],"translate":[{"time":0.7667,"x":-13.28,"y":21.9,"curve":0.25,"c3":0.75},{"time":1.0667,"x":-35.95,"y":84.91,"curve":0.283,"c2":0.22,"c3":0.631,"c4":0.57},{"time":1.4667,"x":-88.17,"y":28.13,"curve":0.328,"c2":0.3,"c3":0.674,"c4":0.65},{"time":1.8667,"x":-46.64,"y":-65.81}]},"1leaf19":{"rotate":[{"time":0.7667,"angle":-11.96,"curve":0.25,"c3":0.75},{"time":1.0667,"angle":-11.35,"curve":0.306,"c2":0.18,"c3":0.894,"c4":0.82},{"time":1.7,"angle":-116.71}],"translate":[{"time":0.7667,"x":4.31,"y":2.15,"curve":0.25,"c3":0.75},{"time":1.0667,"x":24.53,"y":62.3,"curve":0.278,"c2":0.21,"c3":0.631,"c4":0.57},{"time":1.4333,"x":68.89,"y":-8.59,"curve":0.333,"c2":0.31,"c3":0.675,"c4":0.66},{"time":1.7,"x":74.23,"y":-69.79}]},"1leaf20":{"rotate":[{"time":0.7667,"angle":76.75,"curve":0.25,"c3":0.75},{"time":1,"angle":68.83,"curve":0.306,"c2":0.18,"c3":0.894,"c4":0.82},{"time":1.5,"angle":-1.93}],"translate":[{"time":0.7667,"x":34.46,"y":-5.38,"curve":0.25,"c3":0.75},{"time":1,"x":62.9,"y":47.31,"curve":0.268,"c2":0.19,"c3":0.643,"c4":0.58},{"time":1.2,"x":69.93,"y":-9.24,"curve":0.455,"c2":0.39,"c3":0.882,"c4":0.82},{"time":1.5,"x":99.57,"y":-50.1}]},"1leaf21":{"rotate":[{"time":0.4,"angle":-64.27,"curve":0.25,"c3":0.75},{"time":0.6,"angle":-34.27,"curve":0.306,"c2":0.18,"c3":0.894,"c4":0.82},{"time":1.0667,"angle":47.97,"curve":"stepped"},{"time":1.1333,"angle":-72.35,"curve":0.25,"c3":0.75},{"time":1.2667,"angle":-57.64,"curve":0.306,"c2":0.18,"c3":0.894,"c4":0.82},{"time":1.7,"angle":47.97}],"translate":[{"time":0.4,"x":-21.63,"y":-13.29,"curve":0.25,"c3":0.75},{"time":0.6,"x":-50.95,"y":21.71,"curve":0.273,"c2":0.2,"c3":0.635,"c4":0.57},{"time":0.7667,"x":-63.97,"y":-13.74,"curve":0.44,"c2":0.37,"c3":0.886,"c4":0.83},{"time":1.0667,"x":-70.5,"y":-71.45,"curve":"stepped"},{"time":1.1333,"x":-0.67,"y":-3.55,"curve":0.25,"c3":0.75},{"time":1.2667,"x":-18.85,"y":25.64,"curve":0.29,"c2":0.23,"c3":0.633,"c4":0.58},{"time":1.5,"x":-57,"y":-23.37,"curve":0.321,"c2":0.3,"c3":0.66,"c4":0.64},{"time":1.7,"x":-35.96,"y":-54.28}]},"1leaf22":{"rotate":[{"time":0.4,"angle":-11.96,"curve":0.25,"c3":0.75},{"time":0.6,"angle":-20.78,"curve":0.306,"c2":0.18,"c3":0.894,"c4":0.82},{"time":1.0667,"angle":-116.71,"curve":"stepped"},{"time":1.1333,"angle":-11.96,"curve":0.25,"c3":0.75},{"time":1.3333,"angle":-11.35,"curve":0.306,"c2":0.18,"c3":0.894,"c4":0.82},{"time":1.7333,"angle":-116.71}],"translate":[{"time":0.4,"x":4.31,"y":-8.91,"curve":0.25,"c3":0.75},{"time":0.6,"x":19.95,"y":40.03,"curve":0.266,"c2":0.18,"c3":0.655,"c4":0.59},{"time":0.8333,"x":47.98,"y":-6.59,"curve":0.467,"c2":0.41,"c3":0.875,"c4":0.82},{"time":1.0667,"x":38.86,"y":-69.79,"curve":"stepped"},{"time":1.1333,"x":4.31,"y":2.15,"curve":0.25,"c3":0.75},{"time":1.3333,"x":24.53,"y":62.3,"curve":0.278,"c2":0.21,"c3":0.631,"c4":0.57},{"time":1.5667,"x":68.89,"y":-8.59,"curve":0.333,"c2":0.31,"c3":0.675,"c4":0.66},{"time":1.7333,"x":74.23,"y":-69.79}]},"1leaf23":{"rotate":[{"time":0.4,"angle":76.75,"curve":0.25,"c3":0.75},{"time":0.6,"angle":63.25,"curve":0.306,"c2":0.18,"c3":0.894,"c4":0.82},{"time":1.0667,"angle":-7.5,"curve":"stepped"},{"time":1.1333,"angle":76.75,"curve":0.25,"c3":0.75},{"time":1.2667,"angle":68.83,"curve":0.306,"c2":0.18,"c3":0.894,"c4":0.82},{"time":1.6,"angle":-1.93}],"translate":[{"time":0.4,"x":34.46,"y":-16.44,"curve":0.25,"c3":0.75},{"time":0.6,"x":76.34,"y":29.79,"curve":0.268,"c2":0.19,"c3":0.643,"c4":0.58},{"time":0.8,"x":59.42,"y":-12.16,"curve":0.455,"c2":0.39,"c3":0.882,"c4":0.82},{"time":1.0667,"x":60.93,"y":-65.48,"curve":"stepped"},{"time":1.1333,"x":34.46,"y":-5.38,"curve":0.25,"c3":0.75},{"time":1.2667,"x":62.9,"y":47.31,"curve":0.268,"c2":0.19,"c3":0.643,"c4":0.58},{"time":1.4,"x":69.93,"y":-9.24,"curve":0.455,"c2":0.39,"c3":0.882,"c4":0.82},{"time":1.6,"x":99.57,"y":-50.1}]},"1leaf24":{"rotate":[{"time":0.4,"angle":137.66,"curve":0.25,"c3":0.75},{"time":0.6,"angle":164.32,"curve":0.306,"c2":0.18,"c3":0.894,"c4":0.82},{"time":1.0667,"angle":-139.8,"curve":"stepped"},{"time":1.1333,"angle":137.66,"curve":0.25,"c3":0.75},{"time":1.3333,"angle":164.32,"curve":0.266,"c2":0.18,"c3":0.655,"c4":0.59},{"time":1.5667,"angle":-159.57,"curve":0.467,"c2":0.41,"c3":0.875,"c4":0.82},{"time":1.8333,"angle":-139.8}],"translate":[{"time":0.4,"x":-6.17,"y":-3.78,"curve":0.25,"c3":0.75},{"time":0.6,"x":-49.05,"y":61.33,"curve":0.266,"c2":0.18,"c3":0.655,"c4":0.59},{"time":0.8333,"x":-73.31,"y":12.35,"curve":0.467,"c2":0.41,"c3":0.875,"c4":0.82},{"time":1.0667,"x":-59.08,"y":-54.02,"curve":"stepped"},{"time":1.1333,"x":-13.28,"y":21.9,"curve":0.25,"c3":0.75},{"time":1.3333,"x":-35.95,"y":84.91,"curve":0.283,"c2":0.22,"c3":0.631,"c4":0.57},{"time":1.5667,"x":-88.17,"y":28.13,"curve":0.328,"c2":0.3,"c3":0.674,"c4":0.65},{"time":1.8333,"x":-46.64,"y":-65.81}]},"1leaf25":{"rotate":[{"time":0.7667,"angle":-72.35,"curve":0.25,"c3":0.75},{"time":1.0333,"angle":-57.64,"curve":0.306,"c2":0.18,"c3":0.894,"c4":0.82},{"time":1.8,"angle":47.97}],"translate":[{"time":0.7667,"x":-0.67,"y":-3.55,"curve":0.25,"c3":0.75},{"time":1.0333,"x":-18.85,"y":25.64,"curve":0.29,"c2":0.23,"c3":0.633,"c4":0.58},{"time":1.4667,"x":-57,"y":-23.37,"curve":0.321,"c2":0.3,"c3":0.66,"c4":0.64},{"time":1.8,"x":-35.96,"y":-54.28}]},"1leaf26":{"rotate":[{"time":0.7667,"angle":137.66,"curve":0.25,"c3":0.75},{"time":1.1,"angle":164.32,"curve":0.266,"c2":0.18,"c3":0.655,"c4":0.59},{"time":1.6,"angle":-159.57,"curve":0.467,"c2":0.41,"c3":0.875,"c4":0.82},{"time":2.0667,"angle":-139.8}],"translate":[{"time":0.7667,"x":-13.28,"y":21.9,"curve":0.25,"c3":0.75},{"time":1.1,"x":-35.95,"y":84.91,"curve":0.283,"c2":0.22,"c3":0.631,"c4":0.57},{"time":1.6,"x":-88.17,"y":28.13,"curve":0.328,"c2":0.3,"c3":0.674,"c4":0.65},{"time":2.0667,"x":-46.64,"y":-65.81}]},"1leaf27":{"rotate":[{"time":0.7667,"angle":-11.96,"curve":0.25,"c3":0.75},{"time":1.1,"angle":-11.35,"curve":0.306,"c2":0.18,"c3":0.894,"c4":0.82},{"time":1.8667,"angle":-116.71}],"translate":[{"time":0.7667,"x":4.31,"y":2.15,"curve":0.25,"c3":0.75},{"time":1.1,"x":24.53,"y":62.3,"curve":0.278,"c2":0.21,"c3":0.631,"c4":0.57},{"time":1.5333,"x":68.89,"y":-8.59,"curve":0.333,"c2":0.31,"c3":0.675,"c4":0.66},{"time":1.8667,"x":74.23,"y":-69.79}]},"1leaf28":{"rotate":[{"time":0.7667,"angle":76.75,"curve":0.25,"c3":0.75},{"time":1.0333,"angle":68.83,"curve":0.306,"c2":0.18,"c3":0.894,"c4":0.82},{"time":1.6333,"angle":-1.93}],"translate":[{"time":0.7667,"x":34.46,"y":-5.38,"curve":0.25,"c3":0.75},{"time":1.0333,"x":62.9,"y":47.31,"curve":0.268,"c2":0.19,"c3":0.643,"c4":0.58},{"time":1.3,"x":69.93,"y":-9.24,"curve":0.455,"c2":0.39,"c3":0.882,"c4":0.82},{"time":1.6333,"x":99.57,"y":-50.1}]},"1leaf29":{"rotate":[{"time":1.1333,"angle":-72.35,"curve":0.25,"c3":0.75},{"time":1.3667,"angle":-57.64,"curve":0.306,"c2":0.18,"c3":0.894,"c4":0.82},{"time":2,"angle":47.97}],"translate":[{"time":1.1333,"x":-0.67,"y":-3.55,"curve":0.25,"c3":0.75},{"time":1.3667,"x":-18.85,"y":25.64,"curve":0.29,"c2":0.23,"c3":0.633,"c4":0.58},{"time":1.7333,"x":-57,"y":-23.37,"curve":0.321,"c2":0.3,"c3":0.66,"c4":0.64},{"time":2,"x":-35.96,"y":-54.28}]},"1leaf30":{"rotate":[{"time":1.1333,"angle":137.66,"curve":0.25,"c3":0.75},{"time":1.4333,"angle":164.32,"curve":0.266,"c2":0.18,"c3":0.655,"c4":0.59},{"time":1.8333,"angle":-159.57,"curve":0.467,"c2":0.41,"c3":0.875,"c4":0.82},{"time":2.2333,"angle":-139.8}],"translate":[{"time":1.1333,"x":-13.28,"y":21.9,"curve":0.25,"c3":0.75},{"time":1.4333,"x":-35.95,"y":84.91,"curve":0.283,"c2":0.22,"c3":0.631,"c4":0.57},{"time":1.8333,"x":-88.17,"y":28.13,"curve":0.328,"c2":0.3,"c3":0.674,"c4":0.65},{"time":2.2333,"x":-46.64,"y":-65.81}]},"1leaf31":{"rotate":[{"time":1.1333,"angle":-11.96,"curve":0.25,"c3":0.75},{"time":1.4333,"angle":-11.35,"curve":0.306,"c2":0.18,"c3":0.894,"c4":0.82},{"time":2.0667,"angle":-116.71}],"translate":[{"time":1.1333,"x":4.31,"y":2.15,"curve":0.25,"c3":0.75},{"time":1.4333,"x":24.53,"y":62.3,"curve":0.278,"c2":0.21,"c3":0.631,"c4":0.57},{"time":1.8,"x":68.89,"y":-8.59,"curve":0.333,"c2":0.31,"c3":0.675,"c4":0.66},{"time":2.0667,"x":74.23,"y":-69.79}]},"1leaf32":{"rotate":[{"time":1.1333,"angle":76.75,"curve":0.25,"c3":0.75},{"time":1.3667,"angle":68.83,"curve":0.306,"c2":0.18,"c3":0.894,"c4":0.82},{"time":1.8667,"angle":-1.93}],"translate":[{"time":1.1333,"x":34.46,"y":-5.38,"curve":0.25,"c3":0.75},{"time":1.3667,"x":62.9,"y":47.31,"curve":0.268,"c2":0.19,"c3":0.643,"c4":0.58},{"time":1.5667,"x":69.93,"y":-9.24,"curve":0.455,"c2":0.39,"c3":0.882,"c4":0.82},{"time":1.8667,"x":99.57,"y":-50.1}]},"leaf2":{"rotate":[{"time":0.4,"angle":5.43}],"translate":[{"time":0.4,"x":21.29,"y":90.14}],"scale":[{"time":0.4,"x":-0.758,"y":0.967}]},"1leaf33":{"rotate":[{"time":1.1667,"angle":-64.27,"curve":0.25,"c3":0.75},{"time":1.3667,"angle":-34.27,"curve":0.306,"c2":0.18,"c3":0.894,"c4":0.82},{"time":1.8333,"angle":47.97,"curve":"stepped"},{"time":2.4667,"angle":-72.35,"curve":0.25,"c3":0.75},{"time":2.6667,"angle":-57.64,"curve":0.306,"c2":0.18,"c3":0.894,"c4":0.82},{"time":3.2667,"angle":47.97}],"translate":[{"time":1.1667,"x":-21.63,"y":-13.29,"curve":0.25,"c3":0.75},{"time":1.3667,"x":-50.95,"y":21.71,"curve":0.273,"c2":0.2,"c3":0.635,"c4":0.57},{"time":1.5333,"x":-63.97,"y":-13.74,"curve":0.44,"c2":0.37,"c3":0.886,"c4":0.83},{"time":1.8333,"x":-61.51,"y":-102.09,"curve":"stepped"},{"time":2.4667,"x":-0.67,"y":-3.55,"curve":0.25,"c3":0.75},{"time":2.6667,"x":-18.85,"y":25.64,"curve":0.29,"c2":0.23,"c3":0.633,"c4":0.58},{"time":3,"x":-57,"y":-23.37,"curve":0.321,"c2":0.3,"c3":0.66,"c4":0.64},{"time":3.2667,"x":-35.96,"y":-54.28}]},"1leaf34":{"rotate":[{"time":1.1667,"angle":-11.96,"curve":0.25,"c3":0.75},{"time":1.3667,"angle":-20.78,"curve":0.306,"c2":0.18,"c3":0.894,"c4":0.82},{"time":1.8333,"angle":-116.71,"curve":"stepped"},{"time":2.4667,"angle":-11.96,"curve":0.25,"c3":0.75},{"time":2.7333,"angle":-11.35,"curve":0.306,"c2":0.18,"c3":0.894,"c4":0.82},{"time":3.3,"angle":-116.71}],"translate":[{"time":1.1667,"x":4.31,"y":-8.91,"curve":0.25,"c3":0.75},{"time":1.3667,"x":19.95,"y":40.03,"curve":0.266,"c2":0.18,"c3":0.655,"c4":0.59},{"time":1.6,"x":47.98,"y":-6.59,"curve":0.467,"c2":0.41,"c3":0.875,"c4":0.82},{"time":1.8333,"x":38.86,"y":-69.79,"curve":"stepped"},{"time":2.4667,"x":4.31,"y":2.15,"curve":0.25,"c3":0.75},{"time":2.7333,"x":24.53,"y":62.3,"curve":0.278,"c2":0.21,"c3":0.631,"c4":0.57},{"time":3.0667,"x":68.89,"y":-8.59,"curve":0.333,"c2":0.31,"c3":0.675,"c4":0.66},{"time":3.3,"x":74.23,"y":-69.79}]},"1leaf35":{"rotate":[{"time":1.1667,"angle":76.75,"curve":0.25,"c3":0.75},{"time":1.3667,"angle":63.25,"curve":0.306,"c2":0.18,"c3":0.894,"c4":0.82},{"time":1.8333,"angle":-7.5,"curve":"stepped"},{"time":2.4667,"angle":76.75,"curve":0.25,"c3":0.75},{"time":2.6667,"angle":68.83,"curve":0.306,"c2":0.18,"c3":0.894,"c4":0.82},{"time":3.1333,"angle":-1.93}],"translate":[{"time":1.1667,"x":34.46,"y":-16.44,"curve":0.25,"c3":0.75},{"time":1.3667,"x":76.34,"y":29.79,"curve":0.268,"c2":0.19,"c3":0.643,"c4":0.58},{"time":1.5667,"x":59.42,"y":-12.16,"curve":0.455,"c2":0.39,"c3":0.882,"c4":0.82},{"time":1.8333,"x":75.04,"y":-88.65,"curve":"stepped"},{"time":2.4667,"x":34.46,"y":-5.38,"curve":0.25,"c3":0.75},{"time":2.6667,"x":62.9,"y":47.31,"curve":0.268,"c2":0.19,"c3":0.643,"c4":0.58},{"time":2.8667,"x":69.93,"y":-9.24,"curve":0.455,"c2":0.39,"c3":0.882,"c4":0.82},{"time":3.1333,"x":99.57,"y":-50.1}]},"1leaf36":{"rotate":[{"time":1.1667,"angle":137.66,"curve":0.25,"c3":0.75},{"time":1.3667,"angle":164.32,"curve":0.306,"c2":0.18,"c3":0.894,"c4":0.82},{"time":1.8333,"angle":-139.8,"curve":"stepped"},{"time":2.4667,"angle":137.66,"curve":0.25,"c3":0.75},{"time":2.7333,"angle":164.32,"curve":0.266,"c2":0.18,"c3":0.655,"c4":0.59},{"time":3.1,"angle":-159.57,"curve":0.467,"c2":0.41,"c3":0.875,"c4":0.82},{"time":3.4667,"angle":-139.8}],"translate":[{"time":1.1667,"x":-6.17,"y":-3.78,"curve":0.25,"c3":0.75},{"time":1.3667,"x":-49.05,"y":61.33,"curve":0.266,"c2":0.18,"c3":0.655,"c4":0.59},{"time":1.6,"x":-73.31,"y":12.35,"curve":0.467,"c2":0.41,"c3":0.875,"c4":0.82},{"time":1.8333,"x":-59.08,"y":-54.02,"curve":"stepped"},{"time":2.4667,"x":-13.28,"y":21.9,"curve":0.25,"c3":0.75},{"time":2.7333,"x":-35.95,"y":84.91,"curve":0.283,"c2":0.22,"c3":0.631,"c4":0.57},{"time":3.1,"x":-88.17,"y":28.13,"curve":0.328,"c2":0.3,"c3":0.674,"c4":0.65},{"time":3.4667,"x":-46.64,"y":-65.81}]},"1leaf37":{"rotate":[{"time":1.3,"angle":-72.35,"curve":0.25,"c3":0.75},{"time":1.5667,"angle":-57.64,"curve":0.306,"c2":0.18,"c3":0.894,"c4":0.82},{"time":2.3333,"angle":47.97}],"translate":[{"time":1.3,"x":-0.67,"y":-3.55,"curve":0.25,"c3":0.75},{"time":1.5667,"x":-18.85,"y":25.64,"curve":0.29,"c2":0.23,"c3":0.633,"c4":0.58},{"time":2,"x":-57,"y":-23.37,"curve":0.321,"c2":0.3,"c3":0.66,"c4":0.64},{"time":2.3333,"x":-35.96,"y":-54.28}]},"1leaf38":{"rotate":[{"time":1.3,"angle":137.66,"curve":0.25,"c3":0.75},{"time":1.6333,"angle":164.32,"curve":0.266,"c2":0.18,"c3":0.655,"c4":0.59},{"time":2.1333,"angle":-159.57,"curve":0.467,"c2":0.41,"c3":0.875,"c4":0.82},{"time":2.6,"angle":-139.8}],"translate":[{"time":1.3,"x":-13.28,"y":21.9,"curve":0.25,"c3":0.75},{"time":1.6333,"x":-35.95,"y":84.91,"curve":0.283,"c2":0.22,"c3":0.631,"c4":0.57},{"time":2.1333,"x":-88.17,"y":28.13,"curve":0.328,"c2":0.3,"c3":0.674,"c4":0.65},{"time":2.6,"x":-46.64,"y":-65.81}]},"1leaf39":{"rotate":[{"time":1.3,"angle":-11.96,"curve":0.25,"c3":0.75},{"time":1.6333,"angle":-11.35,"curve":0.306,"c2":0.18,"c3":0.894,"c4":0.82},{"time":2.4,"angle":-116.71}],"translate":[{"time":1.3,"x":4.31,"y":2.15,"curve":0.25,"c3":0.75},{"time":1.6333,"x":24.53,"y":62.3,"curve":0.278,"c2":0.21,"c3":0.631,"c4":0.57},{"time":2.0667,"x":68.89,"y":-8.59,"curve":0.333,"c2":0.31,"c3":0.675,"c4":0.66},{"time":2.4,"x":74.23,"y":-69.79}]},"1leaf40":{"rotate":[{"time":1.3,"angle":76.75,"curve":0.25,"c3":0.75},{"time":1.5667,"angle":68.83,"curve":0.306,"c2":0.18,"c3":0.894,"c4":0.82},{"time":2.1667,"angle":-1.93}],"translate":[{"time":1.3,"x":34.46,"y":-5.38,"curve":0.25,"c3":0.75},{"time":1.5667,"x":62.9,"y":47.31,"curve":0.268,"c2":0.19,"c3":0.643,"c4":0.58},{"time":1.8333,"x":69.93,"y":-9.24,"curve":0.455,"c2":0.39,"c3":0.882,"c4":0.82},{"time":2.1667,"x":99.57,"y":-50.1}]},"1leaf41":{"rotate":[{"time":1.3,"angle":76.75,"curve":0.25,"c3":0.75},{"time":1.5,"angle":68.83,"curve":0.306,"c2":0.18,"c3":0.894,"c4":0.82},{"time":1.9667,"angle":-1.93,"curve":"stepped"},{"time":2.3667,"angle":76.75,"curve":0.25,"c3":0.75},{"time":2.5667,"angle":68.83,"curve":0.306,"c2":0.18,"c3":0.894,"c4":0.82},{"time":3.0333,"angle":-1.93}],"translate":[{"time":1.3,"x":34.46,"y":-5.38,"curve":0.25,"c3":0.75},{"time":1.5,"x":62.9,"y":47.31,"curve":0.268,"c2":0.19,"c3":0.643,"c4":0.58},{"time":1.7,"x":69.93,"y":-9.24,"curve":0.455,"c2":0.39,"c3":0.882,"c4":0.82},{"time":1.9667,"x":99.57,"y":-50.1,"curve":"stepped"},{"time":2.3667,"x":34.46,"y":-5.38,"curve":0.25,"c3":0.75},{"time":2.5667,"x":62.9,"y":47.31,"curve":0.268,"c2":0.19,"c3":0.643,"c4":0.58},{"time":2.7667,"x":69.93,"y":-9.24,"curve":0.455,"c2":0.39,"c3":0.882,"c4":0.82},{"time":3.0333,"x":99.57,"y":-50.1}]},"1leaf42":{"rotate":[{"time":1.3,"angle":-11.96,"curve":0.25,"c3":0.75},{"time":1.5667,"angle":-11.35,"curve":0.306,"c2":0.18,"c3":0.894,"c4":0.82},{"time":2.1333,"angle":-116.71,"curve":"stepped"},{"time":2.3667,"angle":-11.96,"curve":0.25,"c3":0.75},{"time":2.6333,"angle":-11.35,"curve":0.306,"c2":0.18,"c3":0.894,"c4":0.82},{"time":3.2,"angle":-116.71}],"translate":[{"time":1.3,"x":4.31,"y":2.15,"curve":0.25,"c3":0.75},{"time":1.5667,"x":24.53,"y":62.3,"curve":0.278,"c2":0.21,"c3":0.631,"c4":0.57},{"time":1.9,"x":68.89,"y":-8.59,"curve":0.333,"c2":0.31,"c3":0.675,"c4":0.66},{"time":2.1333,"x":74.23,"y":-69.79,"curve":"stepped"},{"time":2.3667,"x":4.31,"y":2.15,"curve":0.25,"c3":0.75},{"time":2.6333,"x":24.53,"y":62.3,"curve":0.278,"c2":0.21,"c3":0.631,"c4":0.57},{"time":2.9667,"x":68.89,"y":-8.59,"curve":0.333,"c2":0.31,"c3":0.675,"c4":0.66},{"time":3.2,"x":74.23,"y":-69.79}]},"1leaf43":{"rotate":[{"time":1.3,"angle":137.66,"curve":0.25,"c3":0.75},{"time":1.5667,"angle":164.32,"curve":0.266,"c2":0.18,"c3":0.655,"c4":0.59},{"time":1.9333,"angle":-159.57,"curve":0.467,"c2":0.41,"c3":0.875,"c4":0.82},{"time":2.3,"angle":-139.8,"curve":"stepped"},{"time":2.3667,"angle":137.66,"curve":0.25,"c3":0.75},{"time":2.6333,"angle":164.32,"curve":0.266,"c2":0.18,"c3":0.655,"c4":0.59},{"time":3,"angle":-159.57,"curve":0.467,"c2":0.41,"c3":0.875,"c4":0.82},{"time":3.3667,"angle":-139.8}],"translate":[{"time":1.3,"x":-13.28,"y":21.9,"curve":0.25,"c3":0.75},{"time":1.5667,"x":-35.95,"y":84.91,"curve":0.283,"c2":0.22,"c3":0.631,"c4":0.57},{"time":1.9333,"x":-88.17,"y":28.13,"curve":0.328,"c2":0.3,"c3":0.674,"c4":0.65},{"time":2.3,"x":-46.64,"y":-65.81,"curve":"stepped"},{"time":2.3667,"x":-13.28,"y":21.9,"curve":0.25,"c3":0.75},{"time":2.6333,"x":-35.95,"y":84.91,"curve":0.283,"c2":0.22,"c3":0.631,"c4":0.57},{"time":3,"x":-88.17,"y":28.13,"curve":0.328,"c2":0.3,"c3":0.674,"c4":0.65},{"time":3.3667,"x":-46.64,"y":-65.81}]},"1leaf44":{"rotate":[{"time":1.3,"angle":-72.35,"curve":0.25,"c3":0.75},{"time":1.5,"angle":-57.64,"curve":0.306,"c2":0.18,"c3":0.894,"c4":0.82},{"time":2.1,"angle":47.97,"curve":"stepped"},{"time":2.3667,"angle":-72.35,"curve":0.25,"c3":0.75},{"time":2.5667,"angle":-57.64,"curve":0.306,"c2":0.18,"c3":0.894,"c4":0.82},{"time":3.1667,"angle":47.97}],"translate":[{"time":1.3,"x":-0.67,"y":-3.55,"curve":0.25,"c3":0.75},{"time":1.5,"x":-18.85,"y":25.64,"curve":0.29,"c2":0.23,"c3":0.633,"c4":0.58},{"time":1.8333,"x":-57,"y":-23.37,"curve":0.321,"c2":0.3,"c3":0.66,"c4":0.64},{"time":2.1,"x":-35.96,"y":-54.28,"curve":"stepped"},{"time":2.3667,"x":-0.67,"y":-3.55,"curve":0.25,"c3":0.75},{"time":2.5667,"x":-18.85,"y":25.64,"curve":0.29,"c2":0.23,"c3":0.633,"c4":0.58},{"time":2.9,"x":-57,"y":-23.37,"curve":0.321,"c2":0.3,"c3":0.66,"c4":0.64},{"time":3.1667,"x":-35.96,"y":-54.28}]},"1leaf45":{"rotate":[{"time":1.6333,"angle":76.75,"curve":0.25,"c3":0.75},{"time":1.9667,"angle":68.83,"curve":0.306,"c2":0.18,"c3":0.894,"c4":0.82},{"time":2.7667,"angle":-1.93}],"translate":[{"time":1.6333,"x":34.46,"y":-5.38,"curve":0.25,"c3":0.75},{"time":1.9667,"x":62.9,"y":47.31,"curve":0.268,"c2":0.19,"c3":0.643,"c4":0.58},{"time":2.3,"x":69.93,"y":-9.24,"curve":0.455,"c2":0.39,"c3":0.882,"c4":0.82},{"time":2.7667,"x":99.57,"y":-50.1}]},"1leaf46":{"rotate":[{"time":1.6333,"angle":-11.96,"curve":0.25,"c3":0.75},{"time":2.0667,"angle":-11.35,"curve":0.306,"c2":0.18,"c3":0.894,"c4":0.82},{"time":3.0333,"angle":-116.71}],"translate":[{"time":1.6333,"x":4.31,"y":2.15,"curve":0.25,"c3":0.75},{"time":2.0667,"x":24.53,"y":62.3,"curve":0.278,"c2":0.21,"c3":0.631,"c4":0.57},{"time":2.6333,"x":68.89,"y":-8.59,"curve":0.333,"c2":0.31,"c3":0.675,"c4":0.66},{"time":3.0333,"x":74.23,"y":-69.79}]},"1leaf47":{"rotate":[{"time":1.6333,"angle":137.66,"curve":0.25,"c3":0.75},{"time":2.0667,"angle":164.32,"curve":0.266,"c2":0.18,"c3":0.655,"c4":0.59},{"time":2.7,"angle":-159.57,"curve":0.467,"c2":0.41,"c3":0.875,"c4":0.82},{"time":3.3,"angle":-139.8}],"translate":[{"time":1.6333,"x":-13.28,"y":21.9,"curve":0.25,"c3":0.75},{"time":2.0667,"x":-35.95,"y":84.91,"curve":0.283,"c2":0.22,"c3":0.631,"c4":0.57},{"time":2.7,"x":-88.17,"y":28.13,"curve":0.328,"c2":0.3,"c3":0.674,"c4":0.65},{"time":3.3,"x":-46.64,"y":-65.81}]},"1leaf48":{"rotate":[{"time":1.6333,"angle":-72.35,"curve":0.25,"c3":0.75},{"time":1.9667,"angle":-57.64,"curve":0.306,"c2":0.18,"c3":0.894,"c4":0.82},{"time":2.9667,"angle":47.97}],"translate":[{"time":1.6333,"x":-0.67,"y":-3.55,"curve":0.25,"c3":0.75},{"time":1.9667,"x":-18.85,"y":25.64,"curve":0.29,"c2":0.23,"c3":0.633,"c4":0.58},{"time":2.5333,"x":-57,"y":-23.37,"curve":0.321,"c2":0.3,"c3":0.66,"c4":0.64},{"time":2.9667,"x":-35.96,"y":-54.28}]},"1leaf49":{"rotate":[{"time":1.9,"angle":-72.35,"curve":0.25,"c3":0.75},{"time":2.1333,"angle":-57.64,"curve":0.306,"c2":0.18,"c3":0.894,"c4":0.82},{"time":2.7667,"angle":47.97}],"translate":[{"time":1.9,"x":-0.67,"y":-3.55,"curve":0.25,"c3":0.75},{"time":2.1333,"x":-18.85,"y":25.64,"curve":0.29,"c2":0.23,"c3":0.633,"c4":0.58},{"time":2.5,"x":-57,"y":-23.37,"curve":0.321,"c2":0.3,"c3":0.66,"c4":0.64},{"time":2.7667,"x":-35.96,"y":-54.28}]},"1leaf50":{"rotate":[{"time":1.9,"angle":137.66,"curve":0.25,"c3":0.75},{"time":2.2,"angle":164.32,"curve":0.266,"c2":0.18,"c3":0.655,"c4":0.59},{"time":2.6,"angle":-159.57,"curve":0.467,"c2":0.41,"c3":0.875,"c4":0.82},{"time":3,"angle":-139.8}],"translate":[{"time":1.9,"x":-13.28,"y":21.9,"curve":0.25,"c3":0.75},{"time":2.2,"x":-35.95,"y":84.91,"curve":0.283,"c2":0.22,"c3":0.631,"c4":0.57},{"time":2.6,"x":-88.17,"y":28.13,"curve":0.328,"c2":0.3,"c3":0.674,"c4":0.65},{"time":3,"x":-46.64,"y":-65.81}]},"1leaf51":{"rotate":[{"time":1.9,"angle":-11.96,"curve":0.25,"c3":0.75},{"time":2.2,"angle":-11.35,"curve":0.306,"c2":0.18,"c3":0.894,"c4":0.82},{"time":2.8333,"angle":-116.71}],"translate":[{"time":1.9,"x":4.31,"y":2.15,"curve":0.25,"c3":0.75},{"time":2.2,"x":24.53,"y":62.3,"curve":0.278,"c2":0.21,"c3":0.631,"c4":0.57},{"time":2.5667,"x":68.89,"y":-8.59,"curve":0.333,"c2":0.31,"c3":0.675,"c4":0.66},{"time":2.8333,"x":74.23,"y":-69.79}]},"1leaf52":{"rotate":[{"time":1.9,"angle":76.75,"curve":0.25,"c3":0.75},{"time":2.1333,"angle":68.83,"curve":0.306,"c2":0.18,"c3":0.894,"c4":0.82},{"time":2.6333,"angle":-1.93}],"translate":[{"time":1.9,"x":34.46,"y":-5.38,"curve":0.25,"c3":0.75},{"time":2.1333,"x":62.9,"y":47.31,"curve":0.268,"c2":0.19,"c3":0.643,"c4":0.58},{"time":2.3333,"x":69.93,"y":-9.24,"curve":0.455,"c2":0.39,"c3":0.882,"c4":0.82},{"time":2.6333,"x":99.57,"y":-50.1}]},"leaf3":{"translate":[{"time":1.1667,"x":-105.16,"y":131.29}]},"1leaf53":{"rotate":[{"time":1.8333,"angle":-64.27,"curve":0.25,"c3":0.75},{"time":2.0333,"angle":-34.27,"curve":0.306,"c2":0.18,"c3":0.894,"c4":0.82},{"time":2.5,"angle":47.97,"curve":"stepped"},{"time":2.5667,"angle":-72.35,"curve":0.25,"c3":0.75},{"time":2.7,"angle":-57.64,"curve":0.306,"c2":0.18,"c3":0.894,"c4":0.82},{"time":3.1333,"angle":47.97}],"translate":[{"time":1.8333,"x":-21.63,"y":-13.29,"curve":0.25,"c3":0.75},{"time":2.0333,"x":-50.95,"y":21.71,"curve":0.273,"c2":0.2,"c3":0.635,"c4":0.57},{"time":2.2,"x":-63.97,"y":-13.74,"curve":0.44,"c2":0.37,"c3":0.886,"c4":0.83},{"time":2.5,"x":-46.19,"y":-35.01,"curve":"stepped"},{"time":2.5667,"x":-0.67,"y":-3.55,"curve":0.25,"c3":0.75},{"time":2.7,"x":-18.85,"y":25.64,"curve":0.29,"c2":0.23,"c3":0.633,"c4":0.58},{"time":2.9333,"x":-57,"y":-23.37,"curve":0.321,"c2":0.3,"c3":0.66,"c4":0.64},{"time":3.1333,"x":-31.65,"y":-43.97}]},"1leaf54":{"rotate":[{"time":1.8333,"angle":-11.96,"curve":0.25,"c3":0.75},{"time":2.0333,"angle":-20.78,"curve":0.306,"c2":0.18,"c3":0.894,"c4":0.82},{"time":2.5,"angle":-116.71,"curve":"stepped"},{"time":2.5667,"angle":-11.96,"curve":0.25,"c3":0.75},{"time":2.7667,"angle":-11.35,"curve":0.306,"c2":0.18,"c3":0.894,"c4":0.82},{"time":3.1667,"angle":-116.71}],"translate":[{"time":1.8333,"x":4.31,"y":-8.91,"curve":0.25,"c3":0.75},{"time":2.0333,"x":19.95,"y":40.03,"curve":0.266,"c2":0.18,"c3":0.655,"c4":0.59},{"time":2.2667,"x":47.98,"y":-6.59,"curve":0.467,"c2":0.41,"c3":0.875,"c4":0.82},{"time":2.5,"x":47.78,"y":-56.23,"curve":"stepped"},{"time":2.5667,"x":4.31,"y":2.15,"curve":0.25,"c3":0.75},{"time":2.7667,"x":24.53,"y":62.3,"curve":0.278,"c2":0.21,"c3":0.631,"c4":0.57},{"time":3,"x":68.89,"y":-8.59,"curve":0.333,"c2":0.31,"c3":0.675,"c4":0.66},{"time":3.1667,"x":74.23,"y":-69.79}]},"1leaf55":{"rotate":[{"time":1.8333,"angle":76.75,"curve":0.25,"c3":0.75},{"time":2.0333,"angle":63.25,"curve":0.306,"c2":0.18,"c3":0.894,"c4":0.82},{"time":2.5,"angle":-7.5,"curve":"stepped"},{"time":2.5667,"angle":76.75,"curve":0.25,"c3":0.75},{"time":2.7,"angle":68.83,"curve":0.306,"c2":0.18,"c3":0.894,"c4":0.82},{"time":3.0333,"angle":-1.93}],"translate":[{"time":1.8333,"x":34.46,"y":-16.44,"curve":0.25,"c3":0.75},{"time":2.0333,"x":76.34,"y":29.79,"curve":0.268,"c2":0.19,"c3":0.643,"c4":0.58},{"time":2.2333,"x":59.42,"y":-12.16,"curve":0.455,"c2":0.39,"c3":0.882,"c4":0.82},{"time":2.5,"x":78.42,"y":-69.48,"curve":"stepped"},{"time":2.5667,"x":34.46,"y":-5.38,"curve":0.25,"c3":0.75},{"time":2.7,"x":62.9,"y":47.31,"curve":0.268,"c2":0.19,"c3":0.643,"c4":0.58},{"time":2.8333,"x":69.93,"y":-9.24,"curve":0.455,"c2":0.39,"c3":0.882,"c4":0.82},{"time":3.0333,"x":99.57,"y":-50.1}]},"1leaf56":{"rotate":[{"time":1.8333,"angle":137.66,"curve":0.25,"c3":0.75},{"time":2.0333,"angle":164.32,"curve":0.306,"c2":0.18,"c3":0.894,"c4":0.82},{"time":2.5,"angle":-139.8,"curve":"stepped"},{"time":2.5667,"angle":137.66,"curve":0.25,"c3":0.75},{"time":2.7667,"angle":164.32,"curve":0.266,"c2":0.18,"c3":0.655,"c4":0.59},{"time":3,"angle":-159.57,"curve":0.467,"c2":0.41,"c3":0.875,"c4":0.82},{"time":3.2667,"angle":-139.8}],"translate":[{"time":1.8333,"x":-6.17,"y":-3.78,"curve":0.25,"c3":0.75},{"time":2.0333,"x":-49.05,"y":61.33,"curve":0.266,"c2":0.18,"c3":0.655,"c4":0.59},{"time":2.2667,"x":-73.31,"y":12.35,"curve":0.467,"c2":0.41,"c3":0.875,"c4":0.82},{"time":2.5,"x":-53.98,"y":-30.75,"curve":"stepped"},{"time":2.5667,"x":-13.28,"y":21.9,"curve":0.25,"c3":0.75},{"time":2.7667,"x":-35.95,"y":84.91,"curve":0.283,"c2":0.22,"c3":0.631,"c4":0.57},{"time":3,"x":-88.17,"y":28.13,"curve":0.328,"c2":0.3,"c3":0.674,"c4":0.65},{"time":3.2667,"x":-30.77,"y":-35.65}]},"1leaf57":{"rotate":[{"time":2.2,"angle":-72.35,"curve":0.25,"c3":0.75},{"time":2.4667,"angle":-57.64,"curve":0.306,"c2":0.18,"c3":0.894,"c4":0.82},{"time":3.2333,"angle":47.97}],"translate":[{"time":2.2,"x":-0.67,"y":-3.55,"curve":0.25,"c3":0.75},{"time":2.4667,"x":-18.85,"y":25.64,"curve":0.29,"c2":0.23,"c3":0.633,"c4":0.58},{"time":2.9,"x":-57,"y":-23.37,"curve":0.321,"c2":0.3,"c3":0.66,"c4":0.64},{"time":3.2333,"x":-30.97,"y":-34.63}]},"1leaf58":{"rotate":[{"time":2.2,"angle":137.66,"curve":0.25,"c3":0.75},{"time":2.5333,"angle":164.32,"curve":0.266,"c2":0.18,"c3":0.655,"c4":0.59},{"time":3.0333,"angle":-159.57,"curve":0.467,"c2":0.41,"c3":0.875,"c4":0.82},{"time":3.5,"angle":-139.8}],"translate":[{"time":2.2,"x":-13.28,"y":21.9,"curve":0.25,"c3":0.75},{"time":2.5333,"x":-35.95,"y":84.91,"curve":0.283,"c2":0.22,"c3":0.631,"c4":0.57},{"time":3.0333,"x":-88.17,"y":28.13,"curve":0.328,"c2":0.3,"c3":0.674,"c4":0.65},{"time":3.5,"x":-40.48,"y":-37.59}]},"1leaf59":{"rotate":[{"time":2.2,"angle":-11.96,"curve":0.25,"c3":0.75},{"time":2.5333,"angle":-11.35,"curve":0.306,"c2":0.18,"c3":0.894,"c4":0.82},{"time":3.3,"angle":-116.71}],"translate":[{"time":2.2,"x":4.31,"y":2.15,"curve":0.25,"c3":0.75},{"time":2.5333,"x":24.53,"y":62.3,"curve":0.278,"c2":0.21,"c3":0.631,"c4":0.57},{"time":2.9667,"x":68.89,"y":-8.59,"curve":0.333,"c2":0.31,"c3":0.675,"c4":0.66},{"time":3.3,"x":74.23,"y":-69.79}]},"1leaf60":{"rotate":[{"time":2.2,"angle":76.75,"curve":0.25,"c3":0.75},{"time":2.4667,"angle":68.83,"curve":0.306,"c2":0.18,"c3":0.894,"c4":0.82},{"time":3.0667,"angle":-1.93}],"translate":[{"time":2.2,"x":34.46,"y":-5.38,"curve":0.25,"c3":0.75},{"time":2.4667,"x":62.9,"y":47.31,"curve":0.268,"c2":0.19,"c3":0.643,"c4":0.58},{"time":2.7333,"x":69.93,"y":-9.24,"curve":0.455,"c2":0.39,"c3":0.882,"c4":0.82},{"time":3.0667,"x":99.57,"y":-50.1}]},"1leaf61":{"rotate":[{"time":2.2333,"angle":-72.35,"curve":0.25,"c3":0.75},{"time":2.4667,"angle":-57.64,"curve":0.306,"c2":0.18,"c3":0.894,"c4":0.82},{"time":3.1,"angle":47.97}],"translate":[{"time":2.2333,"x":-0.67,"y":-3.55,"curve":0.25,"c3":0.75},{"time":2.4667,"x":-18.85,"y":25.64,"curve":0.29,"c2":0.23,"c3":0.633,"c4":0.58},{"time":2.8333,"x":-57,"y":-23.37,"curve":0.321,"c2":0.3,"c3":0.66,"c4":0.64},{"time":3.1,"x":-35.06,"y":-42.46}]},"1leaf62":{"rotate":[{"time":2.2333,"angle":137.66,"curve":0.25,"c3":0.75},{"time":2.5333,"angle":164.32,"curve":0.266,"c2":0.18,"c3":0.655,"c4":0.59},{"time":2.9333,"angle":-159.57,"curve":0.467,"c2":0.41,"c3":0.875,"c4":0.82},{"time":3.3333,"angle":-139.8}],"translate":[{"time":2.2333,"x":-13.28,"y":21.9,"curve":0.25,"c3":0.75},{"time":2.5333,"x":-35.95,"y":84.91,"curve":0.283,"c2":0.22,"c3":0.631,"c4":0.57},{"time":2.9333,"x":-88.17,"y":28.13,"curve":0.328,"c2":0.3,"c3":0.674,"c4":0.65},{"time":3.3333,"x":-43.18,"y":-34.36}]},"1leaf63":{"rotate":[{"time":2.2333,"angle":-11.96,"curve":0.25,"c3":0.75},{"time":2.5333,"angle":-11.35,"curve":0.306,"c2":0.18,"c3":0.894,"c4":0.82},{"time":3.1667,"angle":-116.71}],"translate":[{"time":2.2333,"x":4.31,"y":2.15,"curve":0.25,"c3":0.75},{"time":2.5333,"x":24.53,"y":62.3,"curve":0.278,"c2":0.21,"c3":0.631,"c4":0.57},{"time":2.9,"x":68.89,"y":-8.59,"curve":0.333,"c2":0.31,"c3":0.675,"c4":0.66},{"time":3.1667,"x":74.23,"y":-69.79}]},"1leaf64":{"rotate":[{"time":2.2333,"angle":76.75,"curve":0.25,"c3":0.75},{"time":2.4667,"angle":68.83,"curve":0.306,"c2":0.18,"c3":0.894,"c4":0.82},{"time":2.9667,"angle":-1.93}],"translate":[{"time":2.2333,"x":34.46,"y":-5.38,"curve":0.25,"c3":0.75},{"time":2.4667,"x":62.9,"y":47.31,"curve":0.268,"c2":0.19,"c3":0.643,"c4":0.58},{"time":2.6667,"x":69.93,"y":-9.24,"curve":0.455,"c2":0.39,"c3":0.882,"c4":0.82},{"time":2.9667,"x":99.57,"y":-50.1}]},"leaf4":{"rotate":[{"time":1.8333,"angle":-18.18}],"translate":[{"time":1.8333,"x":-88.36,"y":65.03}],"scale":[{"time":1.8333,"x":-0.758,"y":0.967}]}}},"idle2":{"bones":{"leaf":{"translate":[{"x":95.69,"y":140.85}]}}}}},[0]]],0,0,[0],[-1],[2]]]]