[1,["26yHlhUfRNdo0r6zDRnC4m"],["_texture"],[["dragonBones.DragonBonesAtlasAsset",["_name","_atlasJson"],1]],[[0,0,1,3]],[[0,"LuZhangJiangShi_tex","{\"width\":128,\"imagePath\":\"LuZhangJiangShi_tex.png\",\"height\":128,\"name\":\"LuZhangJiangShi\",\"SubTexture\":[{\"frameY\":-1,\"y\":72,\"frameWidth\":15,\"frameX\":0,\"frameHeight\":17,\"width\":15,\"height\":16,\"name\":\"手2\",\"x\":15},{\"width\":13,\"y\":103,\"height\":20,\"name\":\"手臂2\",\"x\":104},{\"width\":12,\"y\":50,\"height\":28,\"name\":\"臂膀2\",\"x\":1},{\"width\":27,\"y\":1,\"height\":28,\"name\":\"脚2\",\"x\":98},{\"width\":10,\"y\":90,\"height\":23,\"name\":\"大腿2\",\"x\":27},{\"width\":23,\"y\":31,\"height\":14,\"name\":\"腰\",\"x\":98},{\"width\":32,\"y\":49,\"height\":27,\"name\":\"脚_1\",\"x\":88},{\"width\":14,\"y\":78,\"height\":31,\"name\":\"大腿1\",\"x\":88},{\"width\":34,\"y\":49,\"height\":45,\"name\":\"身体\",\"x\":52},{\"width\":12,\"y\":96,\"height\":31,\"name\":\"领带\",\"x\":1},{\"width\":44,\"y\":1,\"height\":46,\"name\":\"头\",\"x\":52},{\"width\":15,\"y\":72,\"height\":15,\"name\":\"眼睛2\",\"x\":32},{\"width\":10,\"y\":80,\"height\":10,\"name\":\"眼睛1\",\"x\":1},{\"width\":49,\"y\":1,\"height\":47,\"name\":\"路障\",\"x\":1},{\"width\":17,\"y\":78,\"height\":23,\"name\":\"手1\",\"x\":104},{\"width\":12,\"y\":50,\"height\":20,\"name\":\"手臂1\",\"x\":15},{\"width\":10,\"y\":96,\"height\":28,\"name\":\"臂膀1\",\"x\":15}]}"]],0,0,[0],[0],[0]]