{"paths":{"0":["bg/bg1",0],"1":["bg/bj",0],"2":["dragon/bullet/zidan/zidan_tex",0],"3":["dragon/effect/dajifankui/dajifankui_tex",0],"4":["dragon/enemy/enemy1/TaiYangShengJiangShi_tex",0],"5":["dragon/enemy/enemy10/XiaoGuiJiangShi_tex",0],"6":["dragon/enemy/enemy11/TieTongJiangShi_tex",0],"7":["dragon/enemy/enemy2/LuZhangJiangShi_tex",0],"8":["dragon/enemy/enemy3/MuNaiYiJiangShi_tex",0],"9":["dragon/enemy/enemy4/MuNaiYiLuZhangJiangShi_tex",0],"10":["dragon/enemy/enemy5/MuNaiYiQiZiJiangShi_tex",0],"11":["dragon/enemy/enemy6/MuNaiYiTieTongJiangShi_tex",0],"12":["dragon/enemy/enemy7/PuTongJiangShi_tex",0],"13":["dragon/enemy/enemy8/QiZiJiangShi_tex",0],"14":["dragon/enemy/enemy9/TaiYangShengJiangShi_tex",0],"15":["dragon/exit/出口动画素材_tex",0],"16":["dragon/jiangshi/jiangshi_ske",3],"17":["dragon/jiangshi/jiangshi_tex",0],"18":["dragon/light/daji_tex",0],"19":["dragon/plant/00_xiangrikui/00_xiangrikui_tex",0],"20":["dragon/plant/01_wandousheshou/01_wandousheshou_tex",0],"21":["dragon/plant/02_juanxincai/02_juanxincai_tex",0],"22":["dragon/plant/03_maoweicao/03_maoweicao_tex",0],"23":["dragon/plant/04_xiguatoushou/04_xiguatoushou_tex",0],"24":["dragon/plant/05_hanbingsheshou/05_hanbingsheshou_tex",0],"25":["dragon/plant/06_huoyansheshou/06_huoyansheshou_tex",0],"26":["dragon/plant/07_caiwen/07_caiwen_tex",0],"27":["dragon/plant/08_dapengu/08_dapengu_tex",0],"28":["dragon/plant/09_huixuanbiaosheshou/09_huixuanbiaosheshou_tex",0],"29":["fgui/Common_atlas0",0],"30":["fgui/Common",5],"31":["fgui/MainUI_atlas0",0],"32":["fgui/MainUI",5],"33":["font/commonfont",6],"34":["font/Groboldov7",6],"35":["img/game/a001",0],"36":["img/game/a002",0],"37":["img/game/a003",0],"38":["img/game/a008",0],"39":["img/game/a012",0],"40":["img/game/a028",0],"41":["img/game/a029",0],"42":["img/game/lvkuang21",0],"43":["img/game/lvkuang22",0],"44":["img/game/lvkuang23",0],"45":["img/game/lvkuang24",0],"46":["img/game/lvkuang25",0],"47":["img/game/lvkuang26",0],"48":["img/game/lvkuang27",0],"49":["img/game/lvkuang31",0],"50":["img/game/lvkuang32",0],"51":["img/game/lvkuang33",0],"52":["img/game/lvkuang34",0],"53":["img/game/lvkuang35",0],"54":["img/game/lvkuang36",0],"55":["img/game/lvkuang37",0],"56":["PawnProjectile_Nature",0],"57":["plant/00_xiangrikui/00_xiangrikui_tex",0],"58":["plant/01_wandousheshou/01_wandousheshou_tex",0],"59":["plant/02_juanxincai/02_juanxincai_tex",0],"60":["plant/03_maoweicao/03_maoweicao_tex",0],"61":["plant/04_xiguatoushou/04_xiguatoushou_tex",0],"62":["plant/05_hanbingsheshou/05_hanbingsheshou_tex",0],"63":["plant/06_huoyansheshou/06_huoyansheshou_tex",0],"64":["plant/07_caiwen/07_caiwen_tex",0],"65":["plant/08_dapengu/08_dapengu_tex",0],"66":["plant/09_huixuanbiaosheshou/09_huixuanbiaosheshou_tex",0],"67":["plant/baicai",0],"68":["plant/baicaihuzi",0],"69":["plant/baicaitaiyangjing",0],"70":["plant/baicaitianshihuan",0],"71":["plant/baicaitoudai",0],"72":["plant/baicaiyaodai",0],"73":["plant/fengshan",0],"74":["plant/fengshan3Dyanjing",0],"75":["plant/fengshanguanghuan",0],"76":["plant/fengshantoudai",0],"77":["plant/fengshanWG",0],"78":["plant/fengshanyanjing",0],"79":["plant/wandou",0],"80":["plant/wandouerji",0],"81":["plant/wandougangkui",0],"82":["plant/wandougangkui1",0],"83":["plant/wandoumoshumao",0],"84":["plant/wandouWG",0],"85":["plant/wogua",0],"86":["plant/woguashengdanmao",0],"87":["plant/woguatoudai",0],"88":["plant/woguaWG",0],"89":["plant/woguayandai",0],"90":["plant/woguayaodai",0],"91":["plant/xiangrikui",0],"92":["plant/xiangrikuifalao",0],"93":["plant/xiangrikuimilaoshu",0],"94":["plant/xiangrikuimofamao",0],"95":["plant/xiangrikuimojing",0],"96":["plant/xiangrikuiyanjing",0],"97":["plant/xianrenzhang",0],"98":["plant/xianrenzhangsdm",0],"99":["plant/xianrenzhangtoudai",0],"100":["plant/xianrenzhangyanjing",0],"101":["plant/xianrenzhangyanWG",0],"102":["plant/xianrenzhangyaodai",0],"103":["plant/xiaomogu",0],"104":["plant/xiaomoguhuzi",0],"105":["plant/xiaomogutoudai",0],"106":["plant/xiaomogutsh",0],"107":["plant/xiaomoguWG",0],"108":["plant/xiaomoguyanjing",0],"109":["plant/xigua",0],"110":["plant/xiguaerji",0],"111":["plant/xiguayanjing",0],"112":["plant/xiguayuanhuan",0],"113":["plant/xiguayuanmao",0],"114":["plant/xiguayuanWG",0],"115":["plant/yumi",0],"116":["plant/yumi3Dyanjing",0],"117":["plant/yumishengdanmao",0],"118":["plant/yumitoudai",0],"119":["plant/yumiWG",0],"120":["plant/yumiyaodai",0],"121":["bg/bg1",1,1],"122":["bg/bj",1,1],"123":["data/attributeData",2],"124":["data/campData",2],"125":["data/plantData",2],"126":["dragon/bullet/zidan/zidan_ske",3],"127":["dragon/bullet/zidan/zidan_tex",4],"128":["dragon/bullet/zidan/zidan_tex",1,1],"129":["dragon/effect/dajifankui/dajifankui_ske",3],"130":["dragon/effect/dajifankui/dajifankui_tex",4],"131":["dragon/effect/dajifankui/dajifankui_tex",1,1],"132":["dragon/enemy/enemy1/TaiYangShengJiangShi_ske",3],"133":["dragon/enemy/enemy1/TaiYangShengJiangShi_tex",4],"134":["dragon/enemy/enemy1/TaiYangShengJiangShi_tex",1,1],"135":["dragon/enemy/enemy10/XiaoGuiJiangShi_ske",3],"136":["dragon/enemy/enemy10/XiaoGuiJiangShi_tex",4],"137":["dragon/enemy/enemy10/XiaoGuiJiangShi_tex",1,1],"138":["dragon/enemy/enemy11/TieTongJiangShi_ske",3],"139":["dragon/enemy/enemy11/TieTongJiangShi_tex",4],"140":["dragon/enemy/enemy11/TieTongJiangShi_tex",1,1],"141":["dragon/enemy/enemy2/LuZhangJiangShi_ske",3],"142":["dragon/enemy/enemy2/LuZhangJiangShi_tex",4],"143":["dragon/enemy/enemy2/LuZhangJiangShi_tex",1,1],"144":["dragon/enemy/enemy3/MuNaiYiJiangShi_ske",3],"145":["dragon/enemy/enemy3/MuNaiYiJiangShi_tex",4],"146":["dragon/enemy/enemy3/MuNaiYiJiangShi_tex",1,1],"147":["dragon/enemy/enemy4/MuNaiYiLuZhangJiangShi_ske",3],"148":["dragon/enemy/enemy4/MuNaiYiLuZhangJiangShi_tex",4],"149":["dragon/enemy/enemy4/MuNaiYiLuZhangJiangShi_tex",1,1],"150":["dragon/enemy/enemy5/MuNaiYiQiZiJiangShi_ske",3],"151":["dragon/enemy/enemy5/MuNaiYiQiZiJiangShi_tex",4],"152":["dragon/enemy/enemy5/MuNaiYiQiZiJiangShi_tex",1,1],"153":["dragon/enemy/enemy6/MuNaiYiTieTongJiangShi_ske",3],"154":["dragon/enemy/enemy6/MuNaiYiTieTongJiangShi_tex",4],"155":["dragon/enemy/enemy6/MuNaiYiTieTongJiangShi_tex",1,1],"156":["dragon/enemy/enemy7/PuTongJiangShi_ske",3],"157":["dragon/enemy/enemy7/PuTongJiangShi_tex",4],"158":["dragon/enemy/enemy7/PuTongJiangShi_tex",1,1],"159":["dragon/enemy/enemy8/QiZiJiangShi_ske",3],"160":["dragon/enemy/enemy8/QiZiJiangShi_tex",4],"161":["dragon/enemy/enemy8/QiZiJiangShi_tex",1,1],"162":["dragon/enemy/enemy9/TaiYangShengJiangShi_ske",3],"163":["dragon/enemy/enemy9/TaiYangShengJiangShi_tex",4],"164":["dragon/enemy/enemy9/TaiYangShengJiangShi_tex",1,1],"165":["dragon/exit/出口动画素材_ske",3],"166":["dragon/exit/出口动画素材_tex",4],"167":["dragon/exit/出口动画素材_tex",1,1],"168":["dragon/jiangshi/jiangshi_tex",4],"169":["dragon/jiangshi/jiangshi_tex",1,1],"170":["dragon/light/daji_ske",3],"171":["dragon/light/daji_tex",4],"172":["dragon/light/daji_tex",1,1],"173":["dragon/plant/00_xiangrikui/00_xiangrikui_ske",3],"174":["dragon/plant/00_xiangrikui/00_xiangrikui_tex",4],"175":["dragon/plant/00_xiangrikui/00_xiangrikui_tex",1,1],"176":["dragon/plant/01_wandousheshou/01_wandousheshou_ske",3],"177":["dragon/plant/01_wandousheshou/01_wandousheshou_tex",4],"178":["dragon/plant/01_wandousheshou/01_wandousheshou_tex",1,1],"179":["dragon/plant/02_juanxincai/02_juanxincai_ske",3],"180":["dragon/plant/02_juanxincai/02_juanxincai_tex",4],"181":["dragon/plant/02_juanxincai/02_juanxincai_tex",1,1],"182":["dragon/plant/03_maoweicao/03_maoweicao_ske",3],"183":["dragon/plant/03_maoweicao/03_maoweicao_tex",4],"184":["dragon/plant/03_maoweicao/03_maoweicao_tex",1,1],"185":["dragon/plant/04_xiguatoushou/04_xiguatoushou_ske",3],"186":["dragon/plant/04_xiguatoushou/04_xiguatoushou_tex",4],"187":["dragon/plant/04_xiguatoushou/04_xiguatoushou_tex",1,1],"188":["dragon/plant/05_hanbingsheshou/05_hanbingsheshou_ske",3],"189":["dragon/plant/05_hanbingsheshou/05_hanbingsheshou_tex",4],"190":["dragon/plant/05_hanbingsheshou/05_hanbingsheshou_tex",1,1],"191":["dragon/plant/06_huoyansheshou/06_huoyansheshou_ske",3],"192":["dragon/plant/06_huoyansheshou/06_huoyansheshou_tex",4],"193":["dragon/plant/06_huoyansheshou/06_huoyansheshou_tex",1,1],"194":["dragon/plant/07_caiwen/07_caiwen_ske",3],"195":["dragon/plant/07_caiwen/07_caiwen_tex",4],"196":["dragon/plant/07_caiwen/07_caiwen_tex",1,1],"197":["dragon/plant/08_dapengu/08_dapengu_ske",3],"198":["dragon/plant/08_dapengu/08_dapengu_tex",4],"199":["dragon/plant/08_dapengu/08_dapengu_tex",1,1],"200":["dragon/plant/09_huixuanbiaosheshou/09_huixuanbiaosheshou_ske",3],"201":["dragon/plant/09_huixuanbiaosheshou/09_huixuanbiaosheshou_tex",4],"202":["dragon/plant/09_huixuanbiaosheshou/09_huixuanbiaosheshou_tex",1,1],"203":["fgui/Common_atlas0",1,1],"204":["fgui/MainUI_atlas0",1,1],"205":["img/game/a001",1,1],"206":["img/game/a002",1,1],"207":["img/game/a003",1,1],"208":["img/game/a008",1,1],"209":["img/game/a012",1,1],"210":["img/game/a028",1,1],"211":["img/game/a029",1,1],"212":["img/game/lvkuang21",1,1],"213":["img/game/lvkuang22",1,1],"214":["img/game/lvkuang23",1,1],"215":["img/game/lvkuang24",1,1],"216":["img/game/lvkuang25",1,1],"217":["img/game/lvkuang26",1,1],"218":["img/game/lvkuang27",1,1],"219":["img/game/lvkuang31",1,1],"220":["img/game/lvkuang32",1,1],"221":["img/game/lvkuang33",1,1],"222":["img/game/lvkuang34",1,1],"223":["img/game/lvkuang35",1,1],"224":["img/game/lvkuang36",1,1],"225":["img/game/lvkuang37",1,1],"226":["PawnProjectile_Nature",1,1],"227":["plant/00_xiangrikui/00_xiangrikui_ske",3],"228":["plant/00_xiangrikui/00_xiangrikui_tex",4],"229":["plant/00_xiangrikui/00_xiangrikui_tex",1,1],"230":["plant/01_wandousheshou/01_wandousheshou_ske",3],"231":["plant/01_wandousheshou/01_wandousheshou_tex",4],"232":["plant/01_wandousheshou/01_wandousheshou_tex",1,1],"233":["plant/02_juanxincai/02_juanxincai_ske",3],"234":["plant/02_juanxincai/02_juanxincai_tex",4],"235":["plant/02_juanxincai/02_juanxincai_tex",1,1],"236":["plant/03_maoweicao/03_maoweicao_ske",3],"237":["plant/03_maoweicao/03_maoweicao_tex",4],"238":["plant/03_maoweicao/03_maoweicao_tex",1,1],"239":["plant/04_xiguatoushou/04_xiguatoushou_ske",3],"240":["plant/04_xiguatoushou/04_xiguatoushou_tex",4],"241":["plant/04_xiguatoushou/04_xiguatoushou_tex",1,1],"242":["plant/05_hanbingsheshou/05_hanbingsheshou_ske",3],"243":["plant/05_hanbingsheshou/05_hanbingsheshou_tex",4],"244":["plant/05_hanbingsheshou/05_hanbingsheshou_tex",1,1],"245":["plant/06_huoyansheshou/06_huoyansheshou_ske",3],"246":["plant/06_huoyansheshou/06_huoyansheshou_tex",4],"247":["plant/06_huoyansheshou/06_huoyansheshou_tex",1,1],"248":["plant/07_caiwen/07_caiwen_ske",3],"249":["plant/07_caiwen/07_caiwen_tex",4],"250":["plant/07_caiwen/07_caiwen_tex",1,1],"251":["plant/08_dapengu/08_dapengu_ske",3],"252":["plant/08_dapengu/08_dapengu_tex",4],"253":["plant/08_dapengu/08_dapengu_tex",1,1],"254":["plant/09_huixuanbiaosheshou/09_huixuanbiaosheshou_ske",3],"255":["plant/09_huixuanbiaosheshou/09_huixuanbiaosheshou_tex",4],"256":["plant/09_huixuanbiaosheshou/09_huixuanbiaosheshou_tex",1,1],"257":["plant/baicai",1,1],"258":["plant/baicaihuzi",1,1],"259":["plant/baicaitaiyangjing",1,1],"260":["plant/baicaitianshihuan",1,1],"261":["plant/baicaitoudai",1,1],"262":["plant/baicaiyaodai",1,1],"263":["plant/fengshan",1,1],"264":["plant/fengshan3Dyanjing",1,1],"265":["plant/fengshanguanghuan",1,1],"266":["plant/fengshantoudai",1,1],"267":["plant/fengshanWG",1,1],"268":["plant/fengshanyanjing",1,1],"269":["plant/wandou",1,1],"270":["plant/wandouerji",1,1],"271":["plant/wandougangkui",1,1],"272":["plant/wandougangkui1",1,1],"273":["plant/wandoumoshumao",1,1],"274":["plant/wandouWG",1,1],"275":["plant/wogua",1,1],"276":["plant/woguashengdanmao",1,1],"277":["plant/woguatoudai",1,1],"278":["plant/woguaWG",1,1],"279":["plant/woguayandai",1,1],"280":["plant/woguayaodai",1,1],"281":["plant/xiangrikui",1,1],"282":["plant/xiangrikuifalao",1,1],"283":["plant/xiangrikuimilaoshu",1,1],"284":["plant/xiangrikuimofamao",1,1],"285":["plant/xiangrikuimojing",1,1],"286":["plant/xiangrikuiyanjing",1,1],"287":["plant/xianrenzhang",1,1],"288":["plant/xianrenzhangsdm",1,1],"289":["plant/xianrenzhangtoudai",1,1],"290":["plant/xianrenzhangyanjing",1,1],"291":["plant/xianrenzhangyanWG",1,1],"292":["plant/xianrenzhangyaodai",1,1],"293":["plant/xiaomogu",1,1],"294":["plant/xiaomoguhuzi",1,1],"295":["plant/xiaomogutoudai",1,1],"296":["plant/xiaomogutsh",1,1],"297":["plant/xiaomoguWG",1,1],"298":["plant/xiaomoguyanjing",1,1],"299":["plant/xigua",1,1],"300":["plant/xiguaerji",1,1],"301":["plant/xiguayanjing",1,1],"302":["plant/xiguayuanhuan",1,1],"303":["plant/xiguayuanmao",1,1],"304":["plant/xiguayuanWG",1,1],"305":["plant/yumi",1,1],"306":["plant/yumi3Dyanjing",1,1],"307":["plant/yumishengdanmao",1,1],"308":["plant/yumitoudai",1,1],"309":["plant/yumiWG",1,1],"310":["plant/yumiyaodai",1,1],"311":["prefebs/bullet/bullet",7],"312":["prefebs/bullet/bulletEffect/hiteffect",7],"313":["prefebs/bullet/bulletEffect/wandou",7],"314":["prefebs/bullet/burst",7],"315":["prefebs/bullet/laserbullet",7],"316":["prefebs/enemy",7],"317":["prefebs/hitNumEffect",7],"318":["prefebs/jianguo",7],"319":["prefebs/plant",7]},"types":["cc.Texture2D","cc.SpriteFrame","cc.JsonAsset","dragonBones.DragonBonesAsset","dragonBones.DragonBonesAtlasAsset","cc.BufferAsset","cc.TTFFont","cc.Prefab"],"uuids":["91DV+1sOhNNoIqsMGxOnmA","71R/Aa5QJDKKsHdiEFiwYW","9863p6roNAnKE2oXVKkGud","1bc/n2A29IYaKs4ODnEsUg","e9ShXvzytIZ4VxFRUCtlKl","66fBv6qw1OZLs6yOPkAd28","bbuPObJipJT54g5ZqrxegP","26yHlhUfRNdo0r6zDRnC4m","c5jodO+/lGmKyUWQvVGHp1","60peXPMwZGLZLKh7yCBTWC","60Q8oLj+VLUIyGNRI/KldQ","5f5I3Az/dNJrhfpunHDNSh","bcydeDaSFIoaXzH5mCi24e","c3K/fn8E9I7YIP4hj9Qalj","34VeXUpQZHyp/D2HL5Quuj","86kyRgYWROVqEuubrJCxAg","a5fM5moENIRbB/i9cSLCwn","6e9g/D/ehFpJxK1PjyhThG","2eRNLIReNGz6/pzxgqoKmb","c97bJrPqtKebjiSpmzwixn","c0S1ifmA5C+KBXVF4X/rUM","e7Ls+iO5hBB7K76C11Dc1t","f2xHAwwe5HuLiLI7qt1r/R","2c5jnEBcxG1KIFZHe/OQAb","9dXhBmxYtOFrS2Y3wWWq0E","195aHhsexDAbz/fads8ptj","95jDqRiZVL17UOcCVlVFMn","db9h7vpldK2b/JlfrkdbZg","dc7x2SVr5Bk5v7mUhgNn7e","a0N3QlmdpKBK8bcdIinU8k","e98Yh0AFpGHqhnbNuh/HOy","c8f/IxHXtLxoAbZ+SHPYMh","a2DB5fBBtBd61olpB6qm6v","eai2IOHTxNJrkX6zOrzkG9","a4pyTM8QNBLq2xj6VncLvw","56qDeko3xBKowraU7iiXTP","c5gKlQGTdNA5fIwmwcnPDM","69fIQ8AY9I3bAvORC0GC9h","b6O+r80l5MBo+lAEQGUT1G","39EBJ3WA1NdaoT0yzrsoTR","560IHTT6lDwodWl40V1Wpl","42ssged2RMHZDxVIFl2nEt","79SZs4ASxE6qeMdS1WHePi","f5CVfj7tRP+Yjx9aybMr1A","26GQhWlctDNKVAk092i1OR","366soyAKVIULvj5S+3+3cc","bblXOfOjJGCZw72eFMMabO","f72myH1bBPI7x/2AmFwes3","a1CmZ4MHFGmJkBsqRdUKRF","9b2fKEtF1KJKPOakaa0Vx1","89m68AKLdEYq0xdXrcs2kg","1ahjgGoJJHwowJBCqB6wNs","55IeiGnzlGQYkHOohVadQr","19oyARLbJKtI1ccbcCgUHE","d2HNcml0xGtIVMXbs6167n","6djDz53LVLLYUrn89FmWkI","39TVHdpnVEj56zpfyT/8QO","1c7EidVsxF2b7GJpzmz6uQ","61po6p4aBKz44fTGCfzgcp","d9ihSou5pNlp2CiPeY665b","61MZFqcCtPmIjkTpermE+t","43dDbihvtJ4YyTtYB4bV4E","deqSHnCY9OOaozCiCBdP80","68d3Po/RhBaZ01n9pp6MHO","88wBxDmdFNmoauCpQA99Cb","9altxmK4dNlb7AkoxBBYIx","f7VWnUGVdNs5R7HQsK3wbE","feC8VoTjRAOZ6iZ1g+F2/c","bb8iMOHcNLA7k7QToiz8l6","e8+F4vm6tGjaV9O9ukd5ZA","92XfbBez9AWYFwEd69DguI","ed6+HHdEdBzYeHj/70rN0/","9bVsMxwzBD/7W7iiHD9VA2","b1FQ2iBnlAqZCImA62S4Mh","b8IFBqs8RM15YbXaGhSN4I","6c1v4Fb2xBXZNG0itglsFT","f5Wd3TKt1IZaUUMCcK8c9B","8a/JMWgjZDQqHeMEUddoCO","aazOfaWzBOtYDBOpvddbSU","79nteh3zxBsZcJ7Y3CdhWz","68YcUX8kNEzpkBwvTKZxk7","30BykV5Z5OP77POCmVKgS1","a7J+S9kGVMb6PJR69i4FBN","eanifuivxJO4I8R8+OVToL","1c9AksctVLbL3j229z2SRM","aarSxvFZBP543TVe9K+Nkk","6f4qTo5g9OaYGp/ctzl+pd","93KDtiTnJNx60bhTzSaZL/","7a6HHcRXJD6LAglZr8/0ky","91iBC1lDZIWZuB2kTHd1Tr","8aEKyMsTFIkLg+Niu34nea","69QdlwnphJfLIPMnqgl3Aj","b7xkM+x/tFdYs+IQTMLSPt","c8Jz0XSptNDJ1VbMwSyJ4o","2fMJNbuFJA3ZRD0btXukFU","5bWgFQgfpK/7MlwTI1rZ/R","48L1xNgEZO/LbxuAYAAOgq","4618t/3ZBFNZzpTd8XP/Up","b2BUt0TyBJyppdcCDF7UDP","c6FWCqpI9Jg42/xwXa5DFh","0f5Iddlp5Lb5mxCObFjOrU","f6sKNOBLZEN7HelRgKpgtS","55USjc+WpERqqggMNwkAg/","cb3+Q/vzBIKYg0qtO+n3SD","27QR2fczlAzZqwoEDySb5g","d2dUYfMpVB6LueejdMXx45","3bEfXjz0JHrZencFiTxY8L","a06q4fGslEBqIpmPlai0rX","afFbBqVrdBvIZ/mPknUW4u","c1JxjMm1FHvaRPp0Xb6jlj","9dhzl2wW9J9qG5fN2yCSor","31J7QW8I9HD7a5TV6525C7","67xjuiBEJFvJCq9u7tzcSy","a6hAqpQ8pFH4bAcEWnFbOy","6eShp1v6dKlq4qQ7+4vzqk","594WaH6KNDD5tlKdXAGCJ2","73Wkx9t01HcoEidvvq7nVX","a9YbxSPMJMMag37VlcOT4U","61gmz6PVBJDoEosp4tVDpe","8967yNFuVM5pL0y83yZgml","042ZufCGVAepJs6tJvMdwz","32DkXhLFhASLwP3H4sw6eu","59Uh/RAH1NYqzAnt2yrsV2","4fhiw+r09Dpa2G9jFNUwIu","153Au89EpEprnoECD1CLHq","f4+Xo0H1FP+Jf5thZlty2/","b8DWWx50xIzKu7Q2ySEcxC","59OdwnEOdEk4l8LqSvteGT","5chIdP5TFLkKZU/FVagVpn","6c4suFwQpNQbg80/iG7Tvd","5dxeCBrPdDKpnNer4LjTJF","62mjikOTpFKYFJUcv96rz6","08wVP1Ww1IDa2Yf2BpK0lH","bct/ggQdZI56v41s+xKzVE","65C0h3dMpNLKRnDe1ynj/4","7a0Uk2RFNLI5A34dYzT0Xl","55IiycDeBOxZ57DGr8rChZ","42MVwMQTdOCLFCqinrGNoW","4djNC+kIFM5KOUvG1iaLRB","78btFZ5dFJfZHYmP87Evy2","6cbsxb9/lIDZENQoC8dMyQ","4aoykikJJIyKsaCUQOn0jQ","7eSiMvRdFLNJqsd34k4zFo","59Q5LhwN9ME5YYlH+yp2N9","2fa/P4EMlGjL84ecsL2GTi","f4g0z7pc9DApTbWXlnJGQn","dbflhLhuVPOaSy4UKHiTXd","5ez5uP8uNNkbM6PmBGMpQ+","f9ePJ8cu9NcqcKcX1vs8QI","5baMUBWpxOGqNb7ZGjiBVt","153KXGu5VGX4np7biZZvX9","2eYJtjyAtPl6Z3ENVjP9ES","284h/iYL1Cy6lOM9fEjgRC","3dSdOKWp5EYI340E6c3BKa","f7x4957sRAcosHh1b0PG4J","00ZFFryExNHoOWTnfA0utB","f363AjVWdIXLmlKVMQMPBa","43lQrxbtFFso48d0vlQG2t","f6+1VE1OVFyrfAB+GR1fGy","1112jsKMVEebGWV24FvV+K","31LIYXgMdLD4MDabz2gpRE","5bn+mqNRZMIo115anbTkwV","9ass+4xXpDvqk7RCCpyYOK","d5K22i4DdGGJHI8nWKgO1t","a7nVCUYX1N3qq5e66O7OjU","07XPPGRsFC7orZmjPWC+wi","f19MFXfF9AgJgilTT4hqUt","25etkKP1VMKJCILcm6phn8","12epi8xPJMtoXZMNBIdP89","9dqx88ewZKXo9YOZ9OxDne","6cuxhEMiNBQZme/r8DCVtp","darZDM9ONMKawNNs2WV/0T","50t6CqB9RHXYEQk7jkP/mx","5eJkzmUh5O7psY/XJgV5cf","8abZ11H+xBWqDRSq3+YeqU","b6lbyKquFGdKGkkRQ+0Rr0","c4TKYjDmNOupodShjfeZ9K","82EFhuOg1MCokEEGQA/PGZ","da2S9i1UhI57zkU0qFosYv","86Gh//k2JLGa0fP/rf2wss","19uiqqVf9DCI5tTan5JgK5","5eGehj9pxOP5D/59icIqhx","4c6SxGVHdL9L0us0hYkSNE","4ehD4gqJ5Bw7oA25inIs6r","bfEiopxcxOYaFDbqt9pcDW","eclCZ9XXJIPYhXVcUpQSYG","9btN8k7PFDgq0xF9cBkK40","7dacN4nn9CjrKz+mYfB0Lr","fcRsLXhIpIprf1rutbDsLi","590zSjfEZEW4duySFnNMoD","22z6IQaixGEKihPTjZYRbf","3dSuDIYb1L0Iu6fD82uYka","0aF1w1R/5I/qD9NT9mB4i+","bdc4/9BiFC2p378eKyqsqj","59s/V8pLpAsrwEqa7X37i4","9097YjindFOJjQyyLK6qaK","6dwBreWBxEk4pirztwVnZe","daGGgLHstBp6KrhHcaB8hu","a1bJJe6JxLj46PqKlYPlOv","0doZZwdyhGFZeqd1QmaETQ","0daC3j7BJD26K/1U8bjyRq","5aDreS/KRDsaYJaBKPw1Fx","b58K6xe6NCvIUfgSL0Uti6","77Z859n15AbKgbVcriDJyg","5121KzctZF2KLuacjO0iZl","26DhoZolBGtLH6GkX3vgiN","47XQShEgNAr70hPvUjutDe","c7n7PcukBM6IVuFVUmrLXZ","49JCVVwrtJu5LyDyHGZtda","1aLN6aRRRJiak+eaoyBGWI","9aPkP25WhGi4MGAbpTfc3c","ef6Ao1pwRPfqPESDhjtOIy","0dHHV7SrhJV43bfucoj53Z","4bmwd+HsxHV7LkOBeSXJ+M","25oLG+3IRCGp70QuclG9sd","8fyXrXsEZNv5jrQRA8qqTd","70mM/4G9FNTrLkU/BgJ77+","59b4+4MBxF+omPkUOYMxzX","febVDRH6pKeI3wht/Fr4TF","722UDkmwJPhIQ5fPyZteGr","2ewzXSOANGPrnStrvPZZva","de4kGF0AhGK44lnJp1jz3Z","adu5dHKtdCA4Fy5bLiKRyF","701JTnZK1I7bsgF0Vvw3ti","d1+X6OLvZNsIAPKWMc2AIj","3bslB1hCdK0IaCkaJ3z6lb","25e2pUHIhFi6yeDXtIF6bL","9dOjO91fpJXaBLO5G0SW84","90kH3eGspCjq2pBYttKvIy","587RSgp3dNB7QkrmNrAkrn","78F5jagg1IDYEg+orOWMho","9bzJAzivdGUrkQWhdl82D/","2dFatLgktCQaYIcOHnD3d8","f1/6xSdmpL8Lesk1UWnUSD","d47tOxixVCj57Brm0XYHQx","d9zvnbZMpA45fsRDEzDdfK","7dmMSNUANN5qUUD1nGj5hJ","6aJ3MtOHdBHKMlp2htgfsQ","e5up451zNElbH1McaLFVsZ","1avyLjibZMB5gknlyoxfbF","1eCBZNFWpGUqUu0+M2Z4r2","cbxBmf8T9NKolBvJldkCo6","70riyB71JOYa5oZjKEenJb","4clYwJyidCALXT/yFUCyHj","78CQD0KatCvIWXSD9md1mK","daJbG/FF9LbJUGjjkfdRVw","97cTNdm/tBK7EgGUQHWknA","34FYFt+jFN15l08F/gh6t8","a7IYja9bxEnKZLchrakR1t","a0BVgYkeBJbL1tlraKyJk3","07wXGk3IVMGLYNft2uzf/Q","69UNsO8kBJooP6+KJJMGkg","31+hOoRfJBZbXLdE9O7DdV","7a2rS5t71Hj4yypHmoSdUy","89iHmV2F5KiZ+TAIQ+wJXy","73IrMoCXlHjq434tOdxcXC","aeLHtPoS5BXIZnMMXMPaHc","3555iRvihO75oRql4c4YQ2","7fq7/twftJ2IwT2PYWOYM3","9d2t3sVRdGrrnS/g1Xg2l+","1bja9lToZJ3rIpWitDq9yh","3bN3/TR3JDMZy9ez+Ng2fw","80exhPD2pH45HgC1yqOUe7","9bOJdA3KZIjIWT9uROy0Gl","60N2xGBztI2pWY3lku/Bb8","a6OtqCtTJFX4C4gRA7MXj9","01Tb0CJvBDAY/h0kKjk4/r","aaO1x6FIlLfqPipPkBufWX","e9tGoD+a5Ka4CIVpftaRbf","9a2+tHGbBLe5YORpBpW3tR","58v1FmBBVCb5mQk1KZiFOj","05FbSVH4lClK/iCJ5UFQra","96dxNB+MRPiouMepf8Hwhp","11+C/4gy1HNK3V/rPcHNEf","d0BPJKAAtPU48sA/oFA+Ne","64Pw+xk0tLE78sNOehb7yO","daI9sGikhA74f+lkZUXkAy","e3SRSh1xlK97mMEyy+n3gB","698DNtKk9AFbUlAQd+FA1s","aeDIuEaUtMlYRGkHG1ZVw3","bd7snAroZK8qdG8yyJ0aY0","aaomQc11FFmY0IXvgB3X1A","90aJB/pAVPtJ8JBUnXXFgq","a5flTblwFAGpo45qf2HYz5","e62RKqDHlIEZlXXt0dkw70","928/8+UNNL6JUi1+WfKJJf","8c48zrbY9LrquFPl++3NC1","28KMQixINEAINBj1GVLFjU","12EJ8bgiFBy44Qu8+ULKrN","dbWAklSY1INq9UQ+OdvE9T","57Kair4jZGko1s/SGneouS","51Me0Qp7JMkbAgxx03nPk1","8etHgDb2tAW4Jr12hQ6AkE","3dIpj6z5tC6LZesgaNY+kE","0eAuN8rVpC+qV9Tqn0qpNf","2dXiCAOiZPkJf9699URYeI","719v0SOKxLk40hTlJVkjgA","56mIcx2HpDKYKbljyaTnfZ","eaHlza7S5AJrTXDEDA6KWx","21nq+PSuRDF57YNq6jSqsz","d8DmToFhNEyr+uoxMtstoU","80zDOob1JJ2Z0tiNQrUS1P","f5JBZYAzBGX7P5vydtlMxp","44WejcvdBN2Zc+6P0TGh5e","3e1b6ImShO2an4//4MxJ18","4bdV4ZRKNE5Kijm004dYBb","34hlZb7H9Ad7LWWmeRF1OM","faFIi3s/dKt6xeDsv5ZNjM","a7ByuqfWtJv7Y6v2Y0+1DN","29XIBjWNRJS6Vkud3rBWkL","571AHFkE9HY7uvTZxPWEoj","1dIeryGONHxrNF1KvSFTwG","8fTlsV/rtCV7TmuFBJbUMi","f4xGHq2fhELaQvaeIkFJt6","5cwRN1QxhMMbUn6X8Fyfcb","f7bLvZlwVC/bQsP11KZ3Hl","5fDoo599tMgZPtQPXZqYoR","855mQ5TRpBwpw9NXSAlFxM","4aqSZKvkxHG5qdbond9NY0","45rO4N2tdFwoPJQF84aPjF","0a+pdV2DpLK7kTq3XBeJV6","b2aHrECZ5APKGS/0d2hvT1","0ckmUOtc1AppFzx2lsEK1Y","d0qC05vt5GxLaYyB/w3t//","a8Anh32NZGRZegUtSgEj26","653UM4pRJLgq5xikjSnkut","ecpdLyjvZBwrvm+cedCcQy","65iDD2JBZFV4OM747vPfuw","47LfXTNedBhJ5sf0G+5l7j","41D7kWhyFGY7q4NDlzkazn","7bP6/V9hdKZLCHQAccqxuW"],"scenes":{},"redirect":[326,0],"deps":["internal"],"packs":{"0274b5da9":[311,126],"0cf658b0e":[328,321],"0dabe76f1":[132,316],"0ca3085b5":[318,330],"05d63d248":[209,317],"093780700":[329,315],"02290d924":[212,319,219,210,211],"0ecf74cc0":[120,320,322,100,53,25,51,3,57,84,44,7,104,23,18,94,81,111,14,45,39,56,106,41,61,97,96,52,102,35,40,115,95,11,10,9,60,118,58,325,5,112,80,63,91,37,75,55,114,17,86,1,116,42,79,88,15,64,50,119,90,77,0,89,70,87,26,2,65,72,49,24,110,29,107,48,113,82,324,117,85,78,108,73,98,38,92,74,46,6,68,12,20,109,13,36,8,99,93,31,19,103,323,54,105,59,27,28,62,21,69,4,83,71,22,43,76,101,66,47,67]},"name":"resources","importBase":"import","nativeBase":"native","debug":false,"isZip":false,"encrypted":false,"versions":{"import":[155,"fcd46",266,"ffcc0","02290d924","e6a21","0274b5da9","bc4c4",271,"eb7e6","05d63d248","35e40",165,"bd428",250,"08a4c","093780700","4f4f0",192,"eb482","0ca3085b5","da2c4","0cf658b0e","a250f",200,"4f7e1",199,"4d2d0","0dabe76f1","44c9c",294,"e2c21","0ecf74cc0","2dc5d",159,"73e8e",273,"2660d",288,"abd12",168,"410df",124,"2fdbc",150,"a1428",180,"881af",239,"c98ec",260,"fa727",240,"93c6b",299,"53283",190,"227bf",167,"1017f",226,"0340d",214,"418d2",205,"7dbcc",287,"7ddd7",152,"98be2",309,"9325f",232,"c2055",295,"4c600",151,"e4f0b",220,"a2c71",144,"31533",160,"dbef8",252,"927a5",121,"9ed8d",247,"186ee",306,"b0d04",257,"81ef4",261,"4e20f",225,"ae105",293,"88905",153,"00c2a",191,"ad82e",304,"32de6",137,"2f8f5",157,"970ac",303,"1eb05",206,"913b2",208,"1bf7b",141,"00237",305,"f07f4",213,"8011c",243,"1765b",182,"37915",138,"ce4d2",183,"e9b20",123,"44ec2",172,"504e9",291,"589c1",204,"22ac3",136,"79e50",297,"2dbd7",290,"d2381",310,"ae855",270,"20cc7",229,"dd116",127,"ba1ec",143,"638f1",122,"ad0e0",217,"9767a",194,"56796",189,"3f3ac",201,"7e44e",149,"42b1d",161,"b0119",128,"21674",314,"73b27",130,"ccd3c",181,"4854a",173,"43fff",147,"ca8f5",264,"bfec4",131,"2d531",275,"e78ab",134,"bcae2",327,"03bdf",251,"41791",278,"a1d4a",237,"4cedc",140,"668a6",170,"ca883",129,"6470a",196,"16d28",216,"6490a",242,"8bced",223,"65abf",296,"8d810",255,"d80fe",203,"3f14d",244,"44861",230,"aab4c",139,"9c6e4",135,"7ddca",253,"de88b",187,"2d36b",236,"841b2",142,"071a7",258,"46ba3",262,"9a093",301,"1e498",177,"2a17b",179,"d5778",254,"db053",174,"ed326",286,"d5818",292,"01137",312,"ca9db",215,"0946b",282,"62436",228,"c2aa0",195,"38223",285,"9de9a",272,"a76c4",246,"d8be3",162,"921ff",269,"52313",263,"d8ec6",186,"9e806",231,"5ecfe",227,"5cec6",169,"84a83",259,"2577d",249,"b4218",198,"6b7f2",32,"452d1",34,"24724",16,"19207",283,"7a077",265,"c3c25",308,"ec353",248,"f386f",164,"05fa7",267,"b9401",281,"da964",222,"fde4a",279,"ebc7b",256,"0a692",202,"43b36",175,"30007",133,"8f99e",193,"9fedc",280,"75e5e",184,"a2469",176,"3052c",207,"6c456",241,"0bb49",274,"d1f03",224,"65cb4",234,"23375",163,"c272c",300,"b7542",235,"68c59",197,"ac0ef",276,"7410d",245,"bc2e7",171,"68865",178,"8c1be",289,"e9122",146,"0eb03",221,"6db51",277,"055d2",238,"9e5a1",284,"50949",268,"969dd",30,"8137c",298,"6fc78",33,"5c454",185,"c78f4",166,"793b0",233,"8c969",156,"752f3",145,"b917e",313,"ef0c7",125,"76e86",302,"13505",158,"ddd3d",154,"e0972",148,"b0bc3",307,"c5627",188,"4dd7b",218,"8d6cc"],"native":[120,"8c406",320,"fdb58",322,"2f7da",100,"ac47d",53,"f764c",25,"09b67",51,"afb27",3,"0df6d",57,"8295e",84,"f976b",44,"eccda",7,"80e85",104,"df85b",23,"7b33f",18,"6cecf",94,"b5de6",81,"20498",111,"836df",14,"89329",45,"d3920",39,"54bd0",56,"26f30",106,"85408",41,"f9a1a",61,"e0560",97,"9f6d4",96,"0afaa",52,"90632",102,"b0c07",35,"1fcdb",40,"adfb7",115,"a04bc",95,"c06f0",11,"7025c",10,"2d8a3",9,"fcece",60,"d6187",118,"97e5d",58,"7af13",325,"ffb81",5,"9fb69",112,"a6f3b",80,"ced4c",63,"17b83",91,"e3c6a",37,"34e89",75,"3ee28",55,"3b2ef",114,"4cbb9",17,"bf4b5",86,"f9b17",1,"b10c2",116,"c65de",42,"9c4d2",79,"a1e16",88,"759c1",15,"be79d",64,"e1f14",50,"3797d",119,"ac62c",90,"27742",77,"b18c5",0,"49e74",89,"6444b",70,"43d56",87,"a19bc",26,"f2a68",2,"e7b6b",65,"944eb",72,"3abda",49,"c74d3",24,"310d1",110,"b50f5",29,"6ea2b",107,"d7ea5",48,"acf73",32,"36580",34,"06a9f",16,"059c1",113,"5669c",82,"065ba",324,"cea68",117,"4f960",85,"d6d89",78,"6848e",108,"cf936",73,"11fbf",98,"cdb20",321,"2bf0b",38,"bef4e",92,"ab97d",74,"8d030",46,"0e75a",6,"650c1",68,"73012",12,"b97d8",20,"7fa09",109,"d5132",13,"742d0",36,"4030d",8,"13974",99,"1546b",93,"80f34",31,"c9c41",19,"33996",103,"24ec4",323,"841f5",54,"85d6e",105,"45708",59,"c005c",27,"bcb2f",28,"83764",62,"b2f74",21,"f3a31",69,"e5008",4,"89329",30,"6c41a",33,"77161",83,"baf9d",71,"0c58e",22,"48fed",43,"6d7f4",76,"123d6",101,"ce4d8",66,"8e8e8",47,"d5163",67,"d6bca"]}}