[1,["3cY7JkPAhGOr5nRjRWdihD","7a/QZLET9IDreTiBfRn2PD","071ukhTyNLo4WvbiVPIdJI"],["root","spine","node","data","_N$skeletonData"],[["cc.PrefabInfo",["fileId","root","asset"],2,1,1],["sp.SkeletonData",["_name","_atlasText","textureNames","_skeletonJson","textures"],-1,3],["cc.Prefab",["_name"],2],["cc.Node",["_name","_children","_components","_prefab"],2,2,9,4],["cc.Node",["_name","_parent","_components","_prefab","_contentSize"],2,1,2,4,5],["b2afbvP8rxKZpOCQLPbuZGR",["aniName","node","spine"],2,1,1],["sp.Skeleton",["defaultSkin","defaultAnimation","_preCacheMode","_animationName","node","_materials"],-1,1,3],["261d4+Q1HdGA5w3tjdBw83c",["node","spineAnimation"],3,1,1]],[[1,0,1,2,3,4,5],[2,0,2],[3,0,1,2,3,2],[4,0,1,2,3,4,2],[5,0,1,2,2],[0,1,2,1],[0,0,1,2,2],[6,0,1,2,3,4,5,5],[7,0,1,1]],[[[[0,"20FX_Cinders","\n20FX_Cinders.png\nsize: 1024,256\nformat: RGBA8888\nfilter: Linear,Linear\nrepeat: none\nbody1\n  rotate: true\n  xy: 2, 25\n  size: 85, 142\n  orig: 85, 142\n  offset: 0, 0\n  index: -1\nbody10\n  rotate: true\n  xy: 382, 194\n  size: 60, 142\n  orig: 62, 143\n  offset: 1, 1\n  index: -1\nbody2\n  rotate: false\n  xy: 2, 112\n  size: 89, 142\n  orig: 89, 143\n  offset: 0, 1\n  index: -1\nbody3\n  rotate: true\n  xy: 146, 37\n  size: 73, 143\n  orig: 73, 143\n  offset: 0, 0\n  index: -1\nbody4\n  rotate: true\n  xy: 93, 179\n  size: 75, 143\n  orig: 75, 143\n  offset: 0, 0\n  index: -1\nbody5\n  rotate: true\n  xy: 238, 182\n  size: 72, 142\n  orig: 72, 143\n  offset: 0, 1\n  index: -1\nbody6\n  rotate: true\n  xy: 291, 43\n  size: 72, 143\n  orig: 72, 143\n  offset: 0, 0\n  index: -1\nbody7\n  rotate: true\n  xy: 93, 112\n  size: 65, 142\n  orig: 67, 143\n  offset: 1, 1\n  index: -1\nbody8\n  rotate: true\n  xy: 237, 117\n  size: 60, 142\n  orig: 62, 143\n  offset: 1, 1\n  index: -1\nbody9\n  rotate: true\n  xy: 381, 120\n  size: 60, 142\n  orig: 62, 143\n  offset: 1, 1\n  index: -1\ndi1\n  rotate: false\n  xy: 436, 15\n  size: 63, 40\n  orig: 64, 40\n  offset: 0, 0\n  index: -1\ndi2\n  rotate: false\n  xy: 159, 9\n  size: 91, 26\n  orig: 91, 27\n  offset: 0, 1\n  index: -1\neye1\n  rotate: false\n  xy: 252, 13\n  size: 45, 22\n  orig: 45, 22\n  offset: 0, 0\n  index: -1\neye2\n  rotate: false\n  xy: 111, 2\n  size: 46, 21\n  orig: 47, 23\n  offset: 1, 1\n  index: -1\nhair\n  rotate: false\n  xy: 299, 21\n  size: 48, 20\n  orig: 50, 21\n  offset: 1, 1\n  index: -1\nhead\n  rotate: false\n  xy: 436, 57\n  size: 57, 61\n  orig: 58, 61\n  offset: 0, 0\n  index: -1\nhui1\n  rotate: true\n  xy: 2, 12\n  size: 11, 107\n  orig: 11, 107\n  offset: 0, 0\n  index: -1\n",["20FX_Cinders.png"],{"skeleton":{"hash":"5g2MGTWHyEXbdJukyEwAVO6XqQY","spine":"3.8.99","x":-45.12,"y":-5.18,"width":90.42,"height":150.36},"bones":[{"name":"root"},{"name":"20FX_Cinders","parent":"root","x":12.66,"y":3.62,"scaleX":0.16,"scaleY":0.16},{"name":"head","parent":"20FX_Cinders","length":112.33,"rotation":90,"x":-92.99,"y":626.33,"scaleX":1.1414,"scaleY":1.1414},{"name":"di1","parent":"20FX_Cinders","x":-20.8,"y":32.69},{"name":"di2","parent":"20FX_Cinders","x":-23.78,"y":20.8},{"name":"body1","parent":"20FX_Cinders"},{"name":"hui1","parent":"20FX_Cinders","x":11.94,"y":381.68},{"name":"di3","parent":"20FX_Cinders","x":-23.78,"y":20.8},{"name":"di4","parent":"20FX_Cinders","x":-20.8,"y":32.69},{"name":"di5","parent":"20FX_Cinders","x":-20.8,"y":32.69},{"name":"hair","parent":"head","rotation":-90,"x":169.4,"y":41.14}],"slots":[{"name":"hair","bone":"hair","attachment":"hair"},{"name":"body1","bone":"body1","attachment":"body1"},{"name":"di1","bone":"di1"},{"name":"di5","bone":"di5"},{"name":"di4","bone":"di4"},{"name":"di2","bone":"di2"},{"name":"di3","bone":"di3"},{"name":"hui1","bone":"hui1"},{"name":"head","bone":"head","attachment":"head"},{"name":"eye1","bone":"head"}],"skins":[{"name":"default","attachments":{"body1":{"body1":{"x":-8,"y":301,"width":424,"height":712},"body2":{"x":3,"y":304.5,"width":446,"height":717},"body3":{"x":-38.5,"y":307.5,"width":363,"height":717},"body4":{"x":-37.5,"y":319.5,"width":375,"height":717},"body5":{"x":-23.5,"y":319.5,"width":359,"height":717},"body6":{"x":-20,"y":319.5,"width":362,"height":717},"body7":{"x":-23.5,"y":319.5,"width":337,"height":717},"body8":{"x":-36.5,"y":319.5,"width":311,"height":717},"body9":{"x":-10.5,"y":319.5,"width":311,"height":717},"body10":{"x":-10.5,"y":319.5,"width":311,"height":717}},"di1":{"di1":{"x":-5.2,"y":80.81,"width":318,"height":201}},"di2":{"di2":{"x":-18.22,"y":10.7,"width":456,"height":133}},"di3":{"di2":{"x":-18.22,"y":10.7,"width":456,"height":133}},"di4":{"di1":{"x":-5.2,"y":80.81,"width":318,"height":201}},"di5":{"di1":{"x":-5.2,"y":80.81,"width":318,"height":201}},"eye1":{"eye1":{"x":47.42,"y":117.94,"rotation":-90,"width":226,"height":110},"eye2":{"x":47.42,"y":116.94,"rotation":-90,"width":234,"height":114}},"hair":{"hair":{"x":-16.8,"y":3.52,"width":252,"height":107}},"head":{"head":{"x":43.92,"y":89.44,"rotation":-90,"width":291,"height":307}},"hui1":{"hui1":{"x":5.56,"y":-44.68,"width":55,"height":536}}}}],"animations":{"death":{"slots":{"body1":{"attachment":[{"time":1.4,"name":"body2"},{"time":1.4667,"name":"body3"},{"time":1.5333,"name":"body4"},{"time":1.6,"name":"body5"},{"time":1.6667,"name":"body6"},{"time":1.7333,"name":"body7"},{"time":1.8,"name":"body8"},{"time":1.8667,"name":"body9"},{"time":1.9333,"name":"body10"},{"time":2,"name":null}]},"di1":{"attachment":[{"time":1.4,"name":"di1"},{"time":3.0667,"name":null}]},"di2":{"attachment":[{"time":1.4,"name":"di2"},{"time":3.0667,"name":null}]},"di3":{"attachment":[{"time":1.4,"name":"di2"},{"time":3.0667,"name":null}]},"di4":{"attachment":[{"time":1.4,"name":"di1"},{"time":3.0667,"name":null}]},"di5":{"attachment":[{"time":1.5333,"name":"di1"},{"time":3.0667,"name":null}]},"eye1":{"attachment":[{"time":0.7333,"name":"eye1"},{"time":0.8,"name":"eye2"},{"time":0.8667,"name":null},{"time":1,"name":"eye1"},{"time":1.0667,"name":"eye2"},{"time":1.1333,"name":null}]},"hair":{"attachment":[{"time":3.0667,"name":null}]},"head":{"attachment":[{"time":3.0667,"name":null}]},"hui1":{"attachment":[{"time":2,"name":"hui1"},{"time":2.3333,"name":null}]}},"bones":{"head":{"rotate":[{"time":2.4667},{"time":2.6,"angle":-30.61},{"time":2.6667,"angle":-22.64},{"time":2.8,"angle":-30.61}],"translate":[{"time":2.4667},{"time":2.6,"x":-11.92,"y":-593.65},{"time":2.6667,"x":-11.1,"y":-527.5},{"time":2.8,"x":-15.9,"y":-578.68}],"scale":[{"time":2.4667},{"time":2.6,"x":0.989,"y":1.055},{"time":2.6667,"x":1.095},{"time":2.8}]},"body1":{"translate":[{"time":1.3333,"curve":"stepped"},{"time":1.4,"x":-2.67,"y":3.42,"curve":"stepped"},{"time":1.4667,"x":-5.33,"y":6.83,"curve":"stepped"},{"time":1.5333,"x":-8,"y":10.25,"curve":"stepped"},{"time":1.6,"x":-10.67,"y":13.66,"curve":"stepped"},{"time":1.6667,"x":-13.33,"y":17.08,"curve":"stepped"},{"time":1.7333,"x":-20.5,"y":12.81,"curve":"stepped"},{"time":1.8,"x":-27.67,"y":8.54,"curve":"stepped"},{"time":1.8667,"x":-34.83,"y":4.27,"curve":"stepped"},{"time":1.9333,"x":-42}],"scale":[{"time":1.3333,"curve":"stepped"},{"time":1.4,"x":0.986,"y":0.986,"curve":"stepped"},{"time":1.4667,"x":0.972,"y":0.972,"curve":"stepped"},{"time":1.5333,"x":0.957,"y":0.957,"curve":"stepped"},{"time":1.6,"x":0.943,"y":0.943,"curve":"stepped"},{"time":1.6667,"x":0.929,"y":0.929}]},"hui1":{"translate":[{"time":2,"x":-72.78,"y":4.61},{"time":2.1333,"x":-72.78,"y":-93.74},{"time":2.2667,"x":-72.78,"y":-198.07}],"scale":[{"time":2,"x":1.251,"y":1.251},{"time":2.1333,"x":0.651,"y":0.651},{"time":2.2667,"x":0.243,"y":0.243}]},"di1":{"translate":[{"time":1.4,"x":162.51,"y":-33.36},{"time":1.6667,"x":110.53,"y":-34.19}],"scale":[{"time":1.4,"x":0.498,"y":0.35},{"time":1.6667,"x":0.89,"y":0.626}]},"di2":{"translate":[{"time":1.4,"x":141.06,"y":-47.39},{"time":2.1333,"x":103.11,"y":-36.66}],"scale":[{"time":1.4,"x":0.66,"y":0.66},{"time":2.1333,"x":0.988,"y":0.988}]},"di3":{"translate":[{"time":1.4,"x":-24.52,"y":-5.76},{"time":2.1333,"x":-104.93,"y":-16.65}],"scale":[{"time":1.4,"x":0.547,"y":0.547},{"time":2.1333,"x":0.882,"y":0.882}]},"di4":{"translate":[{"time":1.4,"x":-25.46,"y":4.4},{"time":1.6667,"x":-85.92,"y":4.35}],"scale":[{"time":1.4,"x":0.343,"y":0.241},{"time":1.6667,"x":0.703,"y":0.494}]},"di5":{"translate":[{"time":1.5333,"x":61.23,"y":-36.45},{"time":2.1333,"x":-24.72,"y":-26.53}],"scale":[{"time":1.5333,"x":0.347,"y":0.244},{"time":2.1333,"x":1.615,"y":1.36}]},"hair":{"translate":[{"time":2.5333,"x":78.16,"y":34.48},{"time":2.6},{"time":2.6667,"x":7.27,"y":2.08},{"time":2.8}],"scale":[{"time":2.5333,"x":1.19},{"time":2.6},{"time":2.6667,"x":1.035,"y":1.157},{"time":2.8}]}}}}},[0]]],0,0,[0],[-1],[0]],[[[1,"NormalAshesEffect"],[2,"NormalAshesEffect",[-4],[[4,"death",-3,-2]],[5,-1,0]],[3,"20FX_Cinders",1,[-5,-6],[6,"bc3sBgnb5My7feU4w8+r7H",1,0],[5,90.42,150.36]],[7,"default","death",0,"death",2,[0]],[8,2,3]],0,[0,0,1,0,1,4,0,2,1,0,-1,2,0,-1,3,0,-2,4,0,3,1,6],[0,3],[-1,4],[1,2]]]]