[1,["1f0hPcVZVDFb6wfLWz2Ncs","e3Na6WdjJK9LpgWa8SaKIQ","0eHNPCmZpKZoSYBpQ7Uawn"],["_parent","root","body","animation","headNode","node","data","_N$skeletonData"],[["cc.Node",["_name","_prefab","_children","_parent","_components"],2,4,2,1,9],["cc.Node",["_name","_parent","_components","_prefab","_children","_contentSize"],2,1,2,4,2,5],["cc.PrefabInfo",["fileId","root","asset"],2,1,1],["sp.SkeletonData",["_name","_atlasText","textureNames","_skeletonJson","textures"],-1,3],["cc.Prefab",["_name"],2],["cc.Node",["_name","_children","_prefab"],2,12,4],["cc.Node",["_name","_parent","_children","_prefab"],2,1,9,4],["60cda1HD21OrqK/2G31WX/4",["attackAniName","deathAniName","moveAniName","idleAniName","node","headNode","headOffset","animation","body","shadowOffset"],-1,1,1,5,1,1,5],["cc.BoxCollider",["node","_offset","_size"],3,1,5,5],["b1abdSI13NE76lu3aJ+NI5X",["node","body"],3,1,1],["sp.Skeleton",["defaultSkin","defaultAnimation","_preCacheMode","_animationName","node","_materials"],-1,1,3],["261d4+Q1HdGA5w3tjdBw83c",["activeFlash","node","spineAnimation"],2,1,1]],[[2,0,1,2,2],[0,0,3,1,2],[6,0,1,2,3,2],[0,0,3,2,1,2],[3,0,1,2,3,4,5],[4,0,2],[0,0,2,4,1,2],[0,0,2,1,2],[1,0,1,4,2,3,5,2],[1,0,1,2,3,2],[5,0,1,2,2],[7,0,1,2,3,4,5,6,7,8,9,5],[2,1,2,1],[8,0,1,2,1],[9,0,1,1],[10,0,1,2,3,4,5,5],[11,0,1,2,2]],[[[[4,"Zombie_imp","\nZombie_imp.png\nsize: 256,64\nformat: RGBA8888\nfilter: Linear,Linear\nrepeat: none\nkua\n  rotate: true\n  xy: 92, 22\n  size: 40, 18\n  orig: 40, 18\n  offset: 0, 0\n  index: -1\nshenti\n  rotate: true\n  xy: 2, 8\n  size: 54, 44\n  orig: 54, 44\n  offset: 0, 0\n  index: -1\ntou\n  rotate: true\n  xy: 48, 17\n  size: 45, 42\n  orig: 45, 42\n  offset: 0, 0\n  index: -1\ntoufa\n  rotate: false\n  xy: 48, 5\n  size: 26, 10\n  orig: 26, 10\n  offset: 0, 0\n  index: -1\nxiaba\n  rotate: false\n  xy: 95, 2\n  size: 33, 18\n  orig: 33, 18\n  offset: 0, 0\n  index: -1\nyoudabi\n  rotate: false\n  xy: 165, 48\n  size: 13, 14\n  orig: 14, 14\n  offset: 0, 0\n  index: -1\nyoudatui\n  rotate: true\n  xy: 76, 2\n  size: 13, 17\n  orig: 13, 17\n  offset: 0, 0\n  index: -1\nyoujiao\n  rotate: false\n  xy: 149, 7\n  size: 15, 15\n  orig: 15, 15\n  offset: 0, 0\n  index: -1\nyoukong\n  rotate: false\n  xy: 2, 2\n  size: 3, 4\n  orig: 16, 5\n  offset: 0, 1\n  index: -1\nyouxiaobi\n  rotate: true\n  xy: 148, 46\n  size: 16, 15\n  orig: 16, 15\n  offset: 0, 0\n  index: -1\nyouxiaotui\n  rotate: false\n  xy: 166, 21\n  size: 10, 11\n  orig: 10, 11\n  offset: 0, 0\n  index: -1\nyouyan\n  rotate: false\n  xy: 166, 34\n  size: 12, 12\n  orig: 12, 12\n  offset: 0, 0\n  index: -1\nzuodabi\n  rotate: false\n  xy: 132, 43\n  size: 14, 19\n  orig: 15, 19\n  offset: 0, 0\n  index: -1\nzuodatui'\n  rotate: false\n  xy: 133, 24\n  size: 15, 17\n  orig: 15, 17\n  offset: 0, 0\n  index: -1\nzuojiao\n  rotate: false\n  xy: 112, 23\n  size: 19, 15\n  orig: 19, 15\n  offset: 0, 0\n  index: -1\nzuokong\n  rotate: true\n  xy: 7, 2\n  size: 4, 3\n  orig: 5, 4\n  offset: 0, 0\n  index: -1\nzuoxiaobi\n  rotate: false\n  xy: 112, 40\n  size: 18, 22\n  orig: 18, 22\n  offset: 0, 0\n  index: -1\nzuoxiaotui\n  rotate: true\n  xy: 150, 28\n  size: 16, 14\n  orig: 16, 14\n  offset: 0, 0\n  index: -1\nzuoyan\n  rotate: false\n  xy: 130, 4\n  size: 17, 17\n  orig: 17, 17\n  offset: 0, 0\n  index: -1\n",["Zombie_imp.png"],{"skeleton":{"hash":"n/67wHfFXKxCAr+bQLEe7QgwYu8","spine":"3.8.99","x":-41.04,"y":-1.19,"width":67.99,"height":95.72,"images":"./images/","audio":"F:/Zombie0316/第五关/Zombie_imp"},"bones":[{"name":"root","scaleX":0.5,"scaleY":0.5},{"name":"xiaochou","parent":"root","x":-3.93,"y":86.98},{"name":"kua","parent":"xiaochou","x":8.57,"y":-27.12},{"name":"zuodatui'","parent":"kua","length":18.9,"rotation":-88.96,"x":10.9,"y":-10.23},{"name":"zuoxiaotui","parent":"zuodatui'","length":14.81,"rotation":3.72,"x":19.48,"y":0.06},{"name":"youdatui","parent":"kua","length":22.03,"rotation":-75.45,"x":-20.24,"y":-4.72},{"name":"youxiaotui","parent":"youdatui","length":8.49,"rotation":-6.23,"x":24.31,"y":-0.17},{"name":"shenti","parent":"kua","length":29.11,"rotation":105.11,"x":-0.25,"y":1.01},{"name":"shenti3","parent":"shenti","length":18.15,"rotation":-1.61,"x":30.29,"y":1.14},{"name":"tou","parent":"shenti3","length":58.07,"rotation":1.08,"x":21.4,"y":0.14},{"name":"xiaba","parent":"tou","x":7.73,"y":-10.36},{"name":"xiaba3","parent":"xiaba","x":-7.3,"y":40.19},{"name":"zuoyan","parent":"tou","x":33.53,"y":-1.42},{"name":"zuokong","parent":"zuoyan","x":1.58,"y":12.1},{"name":"youyan","parent":"tou","x":44.06,"y":36.26},{"name":"youkong","parent":"youyan","x":3.88,"y":1.84},{"name":"zuodabi","parent":"shenti","length":29.9,"rotation":141.63,"x":38.64,"y":-16.37},{"name":"zuoxiaobi","parent":"zuodabi","length":23.42,"rotation":-26.33,"x":31.3,"y":-0.19},{"name":"youdabi","parent":"shenti","length":23.92,"rotation":123.98,"x":41.27,"y":35.58},{"name":"youxiaobi","parent":"youdabi","length":17.69,"rotation":-24.96,"x":24.73,"y":-0.57},{"name":"toufa","parent":"tou","length":13.64,"rotation":-39.73,"x":59.79,"y":-19.95},{"name":"zuojiao","parent":"xiaochou","length":10,"rotation":-154.12,"x":23.14,"y":-72.5,"color":"ff3f00ff"},{"name":"youjiao","parent":"xiaochou","length":10,"rotation":-147.65,"x":-3.35,"y":-64.94,"color":"ff3f00ff"}],"slots":[{"name":"youxiaobi","bone":"youxiaobi","attachment":"youxiaobi"},{"name":"youdabi","bone":"youdabi","attachment":"youdabi"},{"name":"youjiao","bone":"youjiao","attachment":"youjiao"},{"name":"youxiaotui","bone":"youxiaotui","attachment":"youxiaotui"},{"name":"youdatui","bone":"youdatui","attachment":"youdatui"},{"name":"kua","bone":"kua","attachment":"kua"},{"name":"shenti","bone":"shenti3","attachment":"shenti"},{"name":"zuojiao","bone":"zuojiao","attachment":"zuojiao"},{"name":"zuoxiaotui","bone":"zuoxiaotui","attachment":"zuoxiaotui"},{"name":"zuodatui'","bone":"zuodatui'","attachment":"zuodatui'"},{"name":"tou","bone":"tou","attachment":"tou"},{"name":"xiaba","bone":"xiaba3","attachment":"xiaba"},{"name":"toufa","bone":"toufa","attachment":"toufa"},{"name":"zuoyan","bone":"zuoyan","attachment":"zuoyan"},{"name":"youyan","bone":"youyan","attachment":"youyan"},{"name":"zuokong","bone":"zuokong","attachment":"zuokong"},{"name":"youkong","bone":"youkong","attachment":"youkong"},{"name":"zuoxiaobi","bone":"zuoxiaobi","attachment":"zuoxiaobi"},{"name":"zuodabi","bone":"zuodabi","attachment":"zuodabi"}],"ik":[{"name":"youjiao","order":1,"target":"youjiao","bones":["youdatui","youxiaotui"]},{"name":"zuojiao","target":"zuojiao","bones":["zuodatui'","zuoxiaotui"]}],"skins":[{"name":"default","attachments":{"kua":{"kua":{"x":-1.22,"y":-4.8,"width":79,"height":36}},"shenti":{"shenti":{"type":"mesh","hull":20,"width":107,"height":87,"uvs":[0.40253,0.01121,0.53385,0.01127,0.641,0.04441,0.87725,0.39348,0.99986,0.55188,0.90763,0.60939,0.85573,0.78619,0.51445,0.95394,0.39745,0.95453,0.35437,0.98961,0.31793,0.98874,0.18506,0.91219,0.15117,0.92815,0.08388,0.77925,0.06504,0.66658,0.0651,0.57112,0.00509,0.54007,0.05419,0.25405,0.20164,0.10975,0.33698,0.03685],"triangles":[15,17,18,16,17,15,15,11,14,13,14,11,1,2,3,11,15,8,19,0,1,3,19,1,3,18,19,3,7,18,12,13,11,18,8,15,18,7,8,5,3,4,5,7,3,10,11,8,9,10,8,5,6,7],"vertices":[2,7,78.29,-6.23,0.02053,8,48.19,-6.01,0.97947,2,7,74.63,-19.79,0.10094,8,44.91,-19.67,0.89906,2,7,68.85,-30.11,0.2031,8,39.43,-30.14,0.7969,2,7,32.94,-46.59,0.87422,8,4,-47.64,0.12578,2,7,16.22,-55.67,0.97622,8,-12.46,-57.18,0.02378,2,7,13.96,-44.84,0.98061,8,-15.02,-46.41,0.01939,1,2,33.84,10.8,1,1,2,-2.68,-3.8,1,3,2,-15.2,-3.85,0.09793,7,-0.8,15.69,0.66538,8,-31.48,13.67,0.23669,1,2,-19.81,-6.9,1,3,2,-23.7,-6.82,0.03215,7,-1.45,24.68,0.58641,8,-32.39,22.64,0.38144,3,2,-37.92,-0.16,0.0011,7,8.68,36.67,0.33384,8,-22.6,34.91,0.66505,3,2,-41.55,-1.55,0.00015,7,8.29,40.54,0.30157,8,-23.1,38.76,0.69828,2,7,22.67,44.11,0.16766,8,-8.82,42.74,0.83234,2,7,32.66,43.5,0.08078,8,1.18,42.41,0.91922,2,7,40.68,41.33,0.02189,8,9.25,40.47,0.97811,2,7,44.96,46.82,0.00495,8,13.38,46.08,0.99505,1,8,36.35,35.17,1,1,8,44.87,16.9,1,2,7,77.97,1.13,0.00453,8,47.66,1.33,0.99547],"edges":[0,38,0,2,2,4,4,6,6,8,8,10,10,12,12,14,14,16,16,18,18,20,20,22,22,24,24,26,26,28,28,30,30,32,32,34,34,36,36,38]}},"tou":{"tou":{"x":33.1,"y":6.22,"rotation":-104.57,"width":90,"height":84}},"toufa":{"toufa":{"x":2.25,"y":8.35,"rotation":-64.84,"width":52,"height":20}},"xiaba":{"xiaba":{"type":"mesh","hull":18,"width":66,"height":36,"uvs":[0.87922,0.02629,0.94015,0.02726,0.98526,0.08296,0.985,0.30576,0.89759,0.62734,0.75336,0.8257,0.60276,0.93664,0.48328,0.97347,0.23446,0.9725,0.14674,0.86497,0.08824,0.66707,0.01499,0.59689,0.01498,0.30536,0.07934,0.18686,0.4023,0.22467,0.49237,0.4349,0.68465,0.35647,0.79203,0.18627],"triangles":[3,1,2,0,3,17,3,0,1,4,17,3,16,17,4,5,16,4,6,16,5,10,11,12,10,13,14,10,12,13,15,9,10,15,10,14,6,15,16,8,9,15,15,7,8,6,7,15],"vertices":[1,10,7.29,-1.49,1,1,10,6.25,-5.37,1,1,10,3.56,-7.75,1,2,11,3.1,-45.91,0.00257,10,-4.2,-5.71,0.99743,2,11,-6.66,-37.41,0.14692,10,-13.95,2.78,0.85308,2,11,-11.17,-26.4,0.40973,10,-18.47,13.79,0.59027,2,11,-12.54,-15.78,0.67927,10,-19.83,24.42,0.32073,2,11,-11.84,-7.81,0.85145,10,-19.13,32.38,0.14855,2,11,-7.67,8.07,0.99991,10,-14.97,48.27,0.00009,1,11,-2.47,12.7,1,1,11,5.4,14.65,1,1,11,9.06,18.69,1,1,11,19.22,16.05,1,1,11,22.28,10.87,1,2,11,15.6,-9.42,0.97104,10,8.3,30.77,0.02896,2,11,6.78,-13.27,0.81389,10,-0.52,26.92,0.18611,2,11,6.32,-26.26,0.30233,10,-0.98,13.93,0.69767,2,11,10.46,-34.66,0.04024,10,3.17,5.53,0.95976],"edges":[0,34,0,2,2,4,4,6,6,8,8,10,10,12,12,14,14,16,16,18,18,20,20,22,22,24,24,26,26,28,28,30,30,32,32,34]}},"youdabi":{"youdabi":{"x":9.09,"y":0.79,"rotation":130.91,"width":28,"height":28}},"youdatui":{"youdatui":{"x":8.19,"y":-0.83,"rotation":75.45,"width":26,"height":34}},"youjiao":{"youjiao":{"x":2.25,"y":-0.44,"rotation":147.65,"width":30,"height":29}},"youkong":{"youkong":{"x":-3.99,"y":-11.97,"rotation":-104.57,"width":32,"height":9}},"youxiaobi":{"youxiaobi":{"x":11.47,"y":4.25,"rotation":155.88,"width":32,"height":29}},"youxiaotui":{"youxiaotui":{"x":4.01,"y":2.76,"rotation":81.67,"width":20,"height":22}},"youyan":{"youyan":{"x":0.73,"y":1.02,"rotation":-104.57,"width":24,"height":23}},"zuodabi":{"zuodabi":{"x":13.57,"y":2.42,"rotation":113.26,"width":29,"height":38}},"zuodatui'":{"zuodatui'":{"x":10.92,"y":-0.82,"rotation":88.96,"width":30,"height":33}},"zuojiao":{"zuojiao":{"x":8.24,"y":-1.92,"rotation":154.12,"width":37,"height":30}},"zuokong":{"zuokong":{"x":-0.04,"y":-0.84,"rotation":-104.57,"width":10,"height":8}},"zuoxiaobi":{"zuoxiaobi":{"x":17.52,"y":5.76,"rotation":139.59,"width":35,"height":44}},"zuoxiaotui":{"zuoxiaotui":{"x":7.72,"y":2.82,"rotation":85.24,"width":31,"height":27}},"zuoyan":{"zuoyan":{"x":1.21,"y":2.05,"rotation":-104.57,"width":34,"height":34}}}}],"animations":{"attack":{"bones":{"zuoxiaotui":{"rotate":[{"angle":-3.56}]},"zuodatui'":{"rotate":[{"angle":1}]},"youxiaotui":{"rotate":[{"angle":5.83}]},"youdatui":{"rotate":[{"angle":-2.48}]},"zuoxiaobi":{"rotate":[{"angle":11.42},{"time":0.3,"angle":-56.09},{"time":0.6,"angle":16.45},{"time":0.8667,"angle":11.42}]},"zuodabi":{"rotate":[{},{"time":0.2667,"angle":-49.24},{"time":0.8667}]},"youxiaobi":{"rotate":[{},{"time":0.3,"angle":-10.67},{"time":0.3667,"angle":-13.04},{"time":0.6667,"angle":-66.93},{"time":0.7333,"angle":-44.62},{"time":0.8667}],"translate":[{},{"time":0.6667,"x":-2,"y":-1.53,"curve":"stepped"},{"time":0.7333,"x":-2,"y":-1.53},{"time":0.8667}]},"youdabi":{"rotate":[{"time":0.3},{"time":0.3667,"angle":19.95},{"time":0.6667,"angle":-76.26},{"time":0.7333,"angle":-72.77},{"time":0.8667}]},"xiaba3":{"translate":[{"x":4.37,"y":-0.33},{"time":0.3,"x":-10.1,"y":1.73},{"time":0.3667,"x":7.13,"y":2.44},{"time":0.6333,"x":-10.1,"y":1.73},{"time":0.7,"x":7.13,"y":2.44},{"time":0.8667,"x":4.37,"y":-0.33}]},"tou":{"rotate":[{},{"time":0.6333,"angle":1.38},{"time":0.8667}]},"shenti3":{"rotate":[{"angle":4.99},{"time":0.0333},{"time":0.3333,"angle":-9.17},{"time":0.4,"angle":9.99},{"time":0.6667,"angle":-11.92},{"time":0.7667,"angle":9.99},{"time":0.8667,"angle":4.99}]},"shenti":{"rotate":[{},{"time":0.3,"angle":-9.17},{"time":0.3667,"angle":9.99},{"time":0.6333,"angle":-10.54},{"time":0.7333,"angle":9.99},{"time":0.8667}]},"kua":{"translate":[{},{"time":0.3,"x":4.06,"y":1.01},{"time":0.3667,"x":4.06,"y":-1.66,"curve":"stepped"},{"time":0.4333,"x":4.06,"y":-1.66},{"time":0.6333,"x":4.06,"y":1.01},{"time":0.7333,"x":4.06,"y":-1.66},{"time":0.8667}]}}},"fall":{"bones":{"zuojiao":{"rotate":[{},{"time":0.4,"angle":54.85},{"time":0.5667}],"translate":[{},{"time":0.1333,"x":-41.45,"y":19.37},{"time":0.4,"x":0.67,"y":9.23},{"time":0.5667}]},"youjiao":{"rotate":[{},{"time":0.1333,"angle":-67.05},{"time":0.4,"angle":3.13},{"time":0.5667}],"translate":[{},{"time":0.0667,"x":-58.91,"y":23.35},{"time":0.1333,"x":-37.13,"y":8.73},{"time":0.4,"x":-7.75,"y":6.73},{"time":0.5667}]},"zuoxiaotui":{"rotate":[{"angle":-3.56}]},"zuodatui'":{"rotate":[{"angle":1},{"time":0.5667,"angle":4.75}],"translate":[{},{"time":0.1333,"x":-2.66,"y":-4.21},{"time":0.4,"x":2.18,"y":4.95},{"time":0.5667}]},"youxiaotui":{"rotate":[{"angle":5.83}]},"youdatui":{"rotate":[{"angle":-2.48},{"time":0.5667,"angle":-0.03}],"translate":[{},{"time":0.1333,"x":-10.28,"y":6.56},{"time":0.4,"x":-12.96,"y":5.3},{"time":0.5667}]},"zuoxiaobi":{"rotate":[{},{"time":0.1333,"angle":-36.03},{"time":0.5667}]},"zuodabi":{"rotate":[{"angle":44.86},{"time":0.1333,"angle":-42.28},{"time":0.4,"angle":-76.28},{"time":0.5667,"angle":-91.2},{"time":0.6333,"angle":-53.24},{"time":0.6667}]},"youdabi":{"rotate":[{"angle":54.69},{"time":0.0667,"angle":-44.18},{"time":0.1333,"angle":-83.42},{"time":0.5667,"angle":-80.19},{"time":0.6333,"angle":-40.27},{"time":0.6667}],"translate":[{},{"time":0.1333,"y":-1.85},{"time":0.5667}]},"xiaba3":{"translate":[{"x":-10.8,"y":2.31},{"time":0.1333,"x":4.29,"y":1.86},{"time":0.5667}]},"tou":{"rotate":[{"angle":-10.39},{"time":0.5667}]},"shenti3":{"rotate":[{"time":0.5667},{"time":0.6333,"angle":21.48},{"time":0.6667}]},"shenti":{"rotate":[{"time":0.5667},{"time":0.6333,"angle":21.48},{"time":0.6667}]},"kua":{"translate":[{"time":0.5667},{"time":0.6333,"x":10.09,"y":-8.39},{"time":0.6667}]},"xiaochou":{"rotate":[{"angle":74.48},{"time":0.1667,"angle":162.84},{"time":0.2667,"angle":-83.35},{"time":0.4,"angle":-43.68},{"time":0.5667}],"translate":[{"x":97.31,"y":189.11},{"time":0.1667,"x":66.61,"y":208.76},{"time":0.2667,"x":62.55,"y":172.8},{"time":0.4,"x":16.15,"y":125.24},{"time":0.5667}]}},"deform":{"default":{"shenti":{"shenti":[{"time":0.5667,"offset":24,"vertices":[-1.428,-2.61802]},{"time":0.6333,"offset":24,"vertices":[3.05868,-17.57315,1.72457,-0.16721]},{"time":0.6667,"offset":24,"vertices":[-1.428,-2.61802]}]}}}},"fly":{"bones":{"zuojiao":{"translate":[{"x":-280.59,"y":15.12}]},"youjiao":{"translate":[{"x":-280.59,"y":15.12}]},"zuoxiaotui":{"rotate":[{"angle":-3.56}]},"zuodatui'":{"rotate":[{"angle":1}]},"youxiaotui":{"rotate":[{"angle":5.83}]},"youdatui":{"rotate":[{"angle":-2.48}]},"zuodabi":{"rotate":[{"angle":44.86}]},"youdabi":{"rotate":[{"angle":54.69}]},"xiaba3":{"translate":[{"x":-10.8,"y":2.31}]},"tou":{"rotate":[{"angle":-10.39}]},"kua":{"translate":[{"x":-280.59,"y":15.12}]},"xiaochou":{"rotate":[{"angle":74.48}],"translate":[{"x":97.31,"y":189.11}]}}},"idle":{"bones":{"zuojiao":{"rotate":[{},{"time":0.4,"angle":-96.91},{"time":0.6,"angle":-57.24}],"translate":[{"time":0.2667},{"time":0.4,"x":-6.12,"y":15.07},{"time":0.6,"x":-6.12,"y":0.94}]},"youjiao":{"rotate":[{},{"time":0.4667,"angle":-114.56},{"time":0.6,"angle":-75.58}],"translate":[{"time":0.2667},{"time":0.4,"x":-3.18,"y":23.04},{"time":0.4667,"y":6.55},{"time":0.6,"y":-7.58}]},"zuoxiaotui":{"rotate":[{"angle":-3.56}]},"zuodatui'":{"rotate":[{"angle":1}]},"youxiaotui":{"rotate":[{"angle":5.83}]},"youdatui":{"rotate":[{"angle":-2.48}],"translate":[{},{"time":0.4,"x":-3.18,"y":2.82}]},"zuoxiaobi":{"rotate":[{},{"time":0.4333,"angle":-19.75},{"time":0.5667,"angle":-3.87},{"time":0.7,"angle":-6.91}]},"zuodabi":{"rotate":[{},{"time":0.4,"angle":29.95},{"time":0.5333,"angle":16.83},{"time":0.7,"angle":27.19}]},"youdabi":{"rotate":[{},{"time":0.4,"angle":66.89}]},"tou":{"rotate":[{},{"time":0.4667,"angle":9.07},{"time":0.6,"angle":-0.34},{"time":0.7,"angle":10.37}]},"shenti3":{"rotate":[{},{"time":0.2,"angle":-1.34},{"time":0.3333,"angle":-20.63},{"time":0.4667,"angle":-7.93},{"time":0.7,"angle":-5.3}]},"shenti":{"rotate":[{},{"time":0.2,"angle":-1.34},{"time":0.3333,"angle":-20.63},{"time":0.4667,"angle":-7.93},{"time":0.7,"angle":1.62}],"scale":[{"time":0.4},{"time":0.4667,"x":0.9},{"time":0.6}]},"kua":{"translate":[{},{"time":0.2,"x":20.29,"y":-5.64},{"time":0.4,"x":40.58,"y":-31.07,"curve":"stepped"},{"time":0.5333,"x":40.58,"y":-31.07},{"time":0.6,"x":40.58,"y":-31.6},{"time":0.7,"x":40.58,"y":-34.62}]}}},"walk":{"bones":{"zuojiao":{"rotate":[{},{"time":0.2333,"angle":-22.53},{"time":0.5,"angle":9},{"time":0.7333,"angle":62.68},{"time":1}],"translate":[{"x":-20.83},{"time":0.2333,"x":-45.39,"y":-4.62},{"time":0.5,"x":-14.34},{"time":0.7333,"x":9.69,"y":10.23},{"time":1,"x":-20.83}]},"youjiao":{"rotate":[{},{"time":0.5,"angle":79.03},{"time":0.7333,"angle":-56.37},{"time":1}],"translate":[{},{"time":0.2333,"x":34.59,"y":-4.23},{"time":0.5,"x":24.52,"y":7.82},{"time":0.7333,"x":-26.85,"y":-7.71},{"time":1}]},"zuoxiaotui":{"rotate":[{"angle":-3.56}]},"zuodatui'":{"rotate":[{"angle":4.75}],"translate":[{"x":-10.75},{"time":0.2333,"x":-19.21,"y":-4.29},{"time":0.5,"x":-10.5},{"time":1,"x":-10.75}]},"youxiaotui":{"rotate":[{"angle":5.83}]},"youdatui":{"rotate":[{"angle":-0.03}],"translate":[{},{"time":0.2333,"x":16.17,"y":-14.52},{"time":0.5,"x":3.95,"y":-9.47},{"time":0.7333,"x":-2.52,"y":-7.69},{"time":1}]},"zuoxiaobi":{"rotate":[{},{"time":0.1333,"angle":-20.56},{"time":0.2,"angle":-25.26},{"time":0.3333,"angle":27.95},{"time":0.4,"angle":11.2},{"time":0.6333,"angle":-15.15},{"time":0.8667,"angle":28.35},{"time":1}]},"zuodabi":{"rotate":[{},{"time":0.2,"angle":-4.72},{"time":0.3333,"angle":6.05},{"time":0.4,"angle":12.01},{"time":0.5333,"angle":-4.72},{"time":0.8,"angle":6.05},{"time":0.8667,"angle":17.34},{"time":1}]},"youxiaobi":{"rotate":[{"angle":-10.26},{"time":0.1333,"angle":-22.62},{"time":0.3333,"angle":28.91},{"time":0.5,"angle":-1.4},{"time":0.6,"angle":-19.59},{"time":0.6667,"angle":-0.55},{"time":0.8,"angle":26.77},{"time":0.9,"angle":30.84},{"time":1,"angle":-10.26}]},"youdabi":{"rotate":[{"angle":10.15},{"time":0.1333,"angle":2},{"time":0.3333,"angle":29.04},{"time":0.5,"angle":-9.04},{"time":0.6667,"angle":7.26},{"time":0.8,"angle":33.11},{"time":0.9,"angle":35.9},{"time":1,"angle":10.15}],"translate":[{},{"time":0.5,"y":-10.74},{"time":1}]},"xiaba3":{"translate":[{"x":4.41,"y":0.94},{"time":0.1333,"x":-5.06,"y":3.18},{"time":0.2667,"x":10.05,"y":0.84,"curve":"stepped"},{"time":0.4333,"x":10.05,"y":0.84},{"time":0.7,"x":-5.06,"y":3.18},{"time":0.8,"x":10.05,"y":0.84},{"time":1,"x":4.41,"y":0.94}]},"tou":{"rotate":[{},{"time":0.1333,"angle":-2.96},{"time":0.2667,"angle":8.39},{"time":0.5,"angle":-3.04},{"time":0.6667,"angle":-7.3},{"time":0.8,"angle":-0.51},{"time":0.9,"angle":2.14},{"time":1}]},"shenti3":{"rotate":[{},{"time":0.1333,"angle":-3.55},{"time":0.3667,"angle":8.84},{"time":0.6333,"angle":-6.16},{"time":0.8,"angle":8.62},{"time":0.9,"angle":10.17},{"time":1}]},"shenti":{"rotate":[{},{"time":0.1333,"angle":-3.55},{"time":0.3667,"angle":8.84},{"time":0.6333,"angle":-6.16},{"time":0.8,"angle":8.62},{"time":0.9,"angle":10.17},{"time":1}],"scale":[{},{"time":0.1333,"x":1.05},{"time":0.3667,"curve":"stepped"},{"time":0.5},{"time":0.6333,"x":1.05},{"time":0.8667}]},"kua":{"translate":[{},{"time":0.1333,"y":2.4},{"time":0.2667,"y":-6.71},{"time":0.4,"y":-5.49},{"time":0.5333,"y":2.4,"curve":"stepped"},{"time":0.6667,"y":2.4},{"time":0.8,"y":-5.42},{"time":0.9333,"y":-1.81},{"time":1}]}}}}},[0]]],0,0,[0],[-1],[0]],[[[5,"Imp"],[6,"Imp",[-6,-7],[[11,["attack"],["idle"],["walk"],["walk"],-5,-4,[0,-14,4],-3,-2,[0,0,8]]],[12,-1,0]],[7,"ATTACHED_NODE:tou",[-8,-9,-10,-11],[0,"17JxMAYi5KnpYEACEaM0sC",1,0]],[8,"Zombie_imp",1,[-14],[-12,-13],[0,"26WqAPZ7BB7IwfdCmhsCWP",1,0],[5,67.99,95.72]],[10,"ATTACHED_NODE:xiaochou",[[-15,[1,"ATTACHED_NODE:zuojiao",-16,[0,"18Tl0gOwpAmpuRGZaCI5QO",1,0]],[1,"ATTACHED_NODE:youjiao",-17,[0,"7dZ951HlZOkYfiBEiq1xM5",1,0]]],1,4,4],[0,"52Ood7b/hPXp4qJT+svBQx",1,0]],[3,"ATTACHED_NODE:kua",4,[-18,-19,-20],[0,"9ewB4JxvBEHLzi+J5OcrwP",1,0]],[3,"ATTACHED_NODE:shenti",5,[-21,-22,-23],[0,"1aP6fakXJCapxZpqb2NaLq",1,0]],[9,"bodyC",1,[-24,-25],[0,"e9UGyTgUFDOpVGwecd2zg7",1,0]],[13,7,[0,20,50],[5,60,100]],[14,7,8],[3,"ATTACHED_NODE_TREE",3,[-26],[0,"bcNB3Du4dK9peujhYtCYE4",1,0]],[3,"ATTACHED_NODE:root",10,[4],[0,"d7WFJznGtJYIsvgod0XYld",1,0]],[2,"ATTACHED_NODE:zuodatui'",5,[[1,"ATTACHED_NODE:zuoxiaotui",-27,[0,"4bezvmRhRG+4ArVG2zBgis",1,0]]],[0,"0fpotba/RKja2EkkxGpqvD",1,0]],[2,"ATTACHED_NODE:youdatui",5,[[1,"ATTACHED_NODE:youxiaotui",-28,[0,"95csrOI/lCIq8GiTCxb4CI",1,0]]],[0,"63AaeFHN9Df6pJ7mOlaP4e",1,0]],[3,"ATTACHED_NODE:shenti3",6,[2],[0,"72iN2PGoFDX6aDXQ2qYrCc",1,0]],[2,"ATTACHED_NODE:xiaba",2,[[1,"ATTACHED_NODE:xiaba3",-29,[0,"9cBVpCZuNFSooBt4RK+prK",1,0]]],[0,"33kurHMaFOLpZRcwks1ur3",1,0]],[2,"ATTACHED_NODE:zuoyan",2,[[1,"ATTACHED_NODE:zuokong",-30,[0,"d4f1XJjwlM3JweMhS14K8j",1,0]]],[0,"b5h/xiHkZGdoVcnwB//jO1",1,0]],[2,"ATTACHED_NODE:youyan",2,[[1,"ATTACHED_NODE:youkong",-31,[0,"14ia93GYdIGYJBtI0+rzJ+",1,0]]],[0,"91kXz2UUREMbaTPf5h3qqs",1,0]],[3,"ATTACHED_NODE:toufa",2,[-32],[0,"0cxPQoO3dAeKBmhUr8+vCw",1,0]],[1,"head",18,[0,"85cQRZQWdBZ5Z4zrOXl9Bw",1,0]],[2,"ATTACHED_NODE:zuodabi",6,[[1,"ATTACHED_NODE:zuoxiaobi",-33,[0,"19X4EdZ/dP9bmhfW7Q2mat",1,0]]],[0,"9f44GrsflFFIAUinUcXME3",1,0]],[2,"ATTACHED_NODE:youdabi",6,[[1,"ATTACHED_NODE:youxiaobi",-34,[0,"c2+oZoVtxDoagYwbGgVq4H",1,0]]],[0,"deQizPIEtAl6y46CT9Iris",1,0]],[15,"default","idle",0,"idle",3,[0]],[16,true,3,22]],0,[0,1,1,0,2,9,0,3,23,0,4,19,0,5,1,0,-1,7,0,-2,3,0,-1,15,0,-2,16,0,-3,17,0,-4,18,0,-1,22,0,-2,23,0,-1,10,0,-1,5,0,0,4,0,0,4,0,-1,12,0,-2,13,0,-3,6,0,-1,14,0,-2,20,0,-3,21,0,-1,8,0,-2,9,0,-1,11,0,0,12,0,0,13,0,0,15,0,0,16,0,0,17,0,-1,19,0,0,20,0,0,21,0,6,1,2,0,14,4,0,11,34],[0,22],[-1,7],[1,2]]]]