[1,["14eD59iftEcJM1+g+PYCfl","e3Na6WdjJK9LpgWa8SaKIQ","7a/QZLET9IDreTiBfRn2PD","3c8HRoMIRLa79/ZCiIiXNF","cf/9oZdvxA7p5Yi+2BY3Mp"],["_N$skeletonData","root","shootNode","sleepAni","body","animation","node","data"],[["cc.Node",["_name","_groupIndex","_parent","_components","_prefab","_contentSize","_trs"],1,1,2,4,5,7],["cc.Node",["_name","_prefab","_trs","_children","_components","_parent"],2,4,7,2,12,1],["cc.PrefabInfo",["fileId","root","asset"],2,1,1],["261d4+Q1HdGA5w3tjdBw83c",["activeFlash","node","spineAnimation"],2,1,1],["sp.SkeletonData",["_name","_atlasText","textureNames","_skeletonJson","textures"],-1,3],["cc.Prefab",["_name"],2],["3a637jM3wtCYrxURFH0/B6g",["shadowScale","node","animation","body","shadowOffset","sleepAni","shootNode"],2,1,1,1,5,1,1],["sp.Skeleton",["defaultSkin","defaultAnimation","_preCacheMode","_animationName","node","_materials"],-1,1,3],["cc.BoxCollider",["node","_offset","_size"],3,1,5,5],["96c396uvMtPhLUJFoRD9JmK",["node","body"],3,1,1]],[[2,0,1,2,2],[7,0,1,2,3,4,5,5],[4,0,1,2,3,4,5],[5,0,2],[1,0,3,4,1,2,2],[1,0,5,1,2,2],[0,0,1,2,3,4,3],[0,0,2,3,4,5,6,2],[0,0,2,3,4,5,2],[6,0,1,2,3,4,5,6,2],[2,1,2,1],[8,0,1,2,1],[9,0,1,1],[3,1,2,1],[3,0,1,2,2]],[[[[2,"11_plant","\n11_plant.png\nsize: 256,128\nformat: RGBA8888\nfilter: Linear,Linear\nrepeat: none\nbody\n  rotate: true\n  xy: 96, 25\n  size: 97, 65\n  orig: 99, 67\n  offset: 1, 1\n  index: -1\neye1\n  rotate: false\n  xy: 96, 4\n  size: 36, 19\n  orig: 39, 21\n  offset: 1, 1\n  index: -1\neye2\n  rotate: true\n  xy: 163, 67\n  size: 35, 14\n  orig: 39, 16\n  offset: 2, 1\n  index: -1\neye3\n  rotate: true\n  xy: 163, 31\n  size: 34, 12\n  orig: 37, 14\n  offset: 1, 1\n  index: -1\nhead\n  rotate: true\n  xy: 2, 2\n  size: 120, 92\n  orig: 122, 94\n  offset: 1, 1\n  index: -1\nmouth1\n  rotate: true\n  xy: 163, 104\n  size: 18, 32\n  orig: 20, 34\n  offset: 1, 1\n  index: -1\nmouth2\n  rotate: true\n  xy: 134, 2\n  size: 21, 28\n  orig: 23, 30\n  offset: 1, 1\n  index: -1\nmouth3\n  rotate: true\n  xy: 164, 9\n  size: 20, 16\n  orig: 22, 18\n  offset: 1, 1\n  index: -1\n",["11_plant.png"],{"skeleton":{"hash":"M22lHtpqohyBbDCKt3GR96GYfh8","spine":"3.8.99","x":-53.6,"y":-9.28,"width":109.17,"height":108.94},"bones":[{"name":"root"},{"name":"plant","parent":"root","scaleX":0.29,"scaleY":0.29},{"name":"body","parent":"plant","length":159.26,"rotation":90,"x":-1.14,"y":-16.4},{"name":"eye1","parent":"body","x":73.17,"y":-76.4},{"name":"mouth3","parent":"body","x":46.23,"y":-81.45},{"name":"head","parent":"plant","x":-13.45,"y":193.53,"scaleX":0.9703},{"name":"mouth2","parent":"head","length":55.41,"rotation":0.5,"x":118.53,"y":21.1,"scaleX":0.29,"scaleY":0.29,"transform":"noScale"},{"name":"mouth1","parent":"mouth2","length":21.87,"rotation":-0.5,"x":57.84,"y":0.95,"scaleX":0.29,"scaleY":0.29,"transform":"noScale"}],"slots":[{"name":"body","bone":"body","attachment":"body"},{"name":"mouth3","bone":"mouth3","attachment":"mouth3"},{"name":"eye3","bone":"eye1"},{"name":"eye2","bone":"eye1"},{"name":"eye1","bone":"eye1","attachment":"eye1"},{"name":"head","bone":"head","attachment":"head"},{"name":"mouth2","bone":"mouth2","attachment":"mouth2"},{"name":"mouth1","bone":"mouth1","attachment":"mouth1"}],"skins":[{"name":"default","attachments":{"body":{"body":{"x":79.9,"y":12.86,"rotation":-90,"width":284,"height":191}},"eye1":{"eye1":{"x":5.22,"y":16.26,"rotation":-90,"width":110,"height":60},"eye2":{"x":4.72,"y":16.26,"rotation":-90,"width":110,"height":47},"eye3":{"x":3.72,"y":12.76,"rotation":-90,"width":105,"height":39}},"head":{"head":{"x":-2.14,"y":15.63,"width":349,"height":269}},"mouth1":{"mouth1":{"x":3.68,"y":-3.16,"width":57,"height":98}},"mouth2":{"mouth2":{"x":28.5,"y":-1.45,"rotation":-0.5,"width":65,"height":85}},"mouth3":{"mouth3":{"x":-4.83,"y":1.81,"rotation":-90,"width":63,"height":52}}}}],"events":{"attack":{}},"animations":{"attack":{"slots":{"eye1":{"attachment":[{"time":0.4667,"name":"eye2"},{"time":0.5,"name":"eye3"},{"time":1.4333,"name":"eye2"},{"time":1.5333,"name":"eye1"}]}},"bones":{"body":{"shear":[{},{"time":0.3667,"x":9.11},{"time":0.5,"x":-11.99},{"time":0.6,"x":-16.63},{"time":0.7333,"x":-10.43},{"time":0.8333,"x":-16.63},{"time":0.9333,"x":-10.43},{"time":1.0333,"x":-16.63},{"time":1.1667,"x":-10.43},{"time":1.2667,"x":-16.63},{"time":1.5333}]},"eye1":{"translate":[{"time":0.3667},{"time":0.5,"x":-6.25,"y":-1.91,"curve":"stepped"},{"time":1.0333,"x":-6.25,"y":-1.91},{"time":1.1667,"x":-6.25,"y":0.37},{"time":1.2667,"x":-6.25,"y":-1.91},{"time":1.5333}]},"head":{"translate":[{},{"time":0.3667,"x":-48.09,"y":12.24},{"time":0.5,"x":65.11,"y":-16.66},{"time":0.6,"x":81.54,"y":-16.66},{"time":0.7,"x":75.93,"y":-13.12},{"time":0.7333,"x":58.69,"y":-9.59},{"time":0.8333,"x":81.54,"y":-16.66},{"time":0.8667,"x":77.86,"y":-13.12},{"time":0.9333,"x":58.69,"y":-9.59},{"time":1.0333,"x":81.54,"y":-16.66},{"time":1.1,"x":73.34,"y":-13.12},{"time":1.1667,"x":58.69,"y":-9.59},{"time":1.2667,"x":81.54,"y":-16.66},{"time":1.3,"x":73.31,"y":-13.33},{"time":1.3333,"x":57.32,"y":-9.99},{"time":1.5333}],"scale":[{},{"time":0.3667,"x":1.135,"y":1.172},{"time":0.5,"x":1.125,"y":0.74},{"time":0.6,"x":1.029,"y":0.74},{"time":0.7,"x":1.02,"y":0.763},{"time":0.7333,"x":1.03,"y":0.866},{"time":0.8333,"x":1.029,"y":0.74},{"time":0.8667,"x":1.033,"y":0.756},{"time":0.9333,"x":1.03,"y":0.866},{"time":1.0333,"x":1.029,"y":0.74},{"time":1.1,"x":1.021,"y":0.778},{"time":1.1667,"x":1.03,"y":0.866},{"time":1.2667,"x":1.029,"y":0.74},{"time":1.3,"x":1.017,"y":0.782},{"time":1.3333,"x":1.015,"y":0.869},{"time":1.5333}],"shear":[{},{"time":0.3667,"y":5.63},{"time":0.5,"x":1.17,"curve":"stepped"},{"time":1.0333,"x":1.17},{"time":1.1,"x":1.17,"y":-4.86},{"time":1.1667,"x":1.17,"curve":"stepped"},{"time":1.2667,"x":1.17},{"time":1.3,"x":0.93,"y":-4.54},{"time":1.3333,"x":0.7,"y":-3.62},{"time":1.5333}]},"mouth2":{"rotate":[{"time":0.5},{"time":0.6,"angle":3.6},{"time":0.7333},{"time":0.8333,"angle":-11.81},{"time":0.9333},{"time":1.0333,"angle":8.84},{"time":1.1667},{"time":1.2667,"angle":-9.21},{"time":1.3333,"angle":-5.53},{"time":1.5333}],"translate":[{},{"time":0.3667,"x":-17.24,"y":-0.54},{"time":0.5,"x":-21.1,"y":-5.09},{"time":0.6,"x":-17.23,"y":-4.33},{"time":0.7333,"x":-21.1,"y":-5.09},{"time":0.8333,"x":-17.23,"y":-4.33},{"time":0.9333,"x":-21.1,"y":-5.09},{"time":1.0333,"x":-17.23,"y":-4.33},{"time":1.1667,"x":-21.1,"y":-5.09},{"time":1.2667,"x":-17.23,"y":-4.33},{"time":1.3333,"x":-10.34,"y":-2.6},{"time":1.5333}],"scale":[{},{"time":0.3667,"x":0.889},{"time":0.5,"x":2.028,"y":0.799},{"time":0.6,"x":2.05,"y":0.799},{"time":0.7,"x":1.751,"y":0.789},{"time":0.7333,"x":1.586,"y":0.78},{"time":0.8333,"x":1.949,"y":0.799},{"time":0.8667,"x":1.645,"y":0.789},{"time":0.9333,"x":1.586,"y":0.78},{"time":1.0333,"x":2.05,"y":0.799},{"time":1.1,"x":1.752,"y":0.789},{"time":1.1667,"x":1.586,"y":0.78},{"time":1.2667,"x":1.949,"y":0.799},{"time":1.3,"x":1.666,"y":0.839},{"time":1.3333,"x":1.513,"y":0.879},{"time":1.5333}]},"mouth1":{"rotate":[{},{"time":0.3667,"angle":5.37},{"time":0.5},{"time":0.6,"angle":-2.89},{"time":0.7333,"angle":-9.31},{"time":0.8333,"angle":15.8},{"time":0.9333,"angle":-9.31},{"time":1.0333,"angle":-2.89},{"time":1.1667,"angle":-9.31},{"time":1.2667,"angle":15.8},{"time":1.3333,"angle":9.48},{"time":1.5333}],"translate":[{},{"time":0.3667,"x":-2.85,"y":-0.4},{"time":0.5},{"time":0.6,"x":0.43,"y":3.95},{"time":0.7333,"x":-1.33,"y":-8.17},{"time":0.8333,"x":-2.96,"y":-2.1},{"time":0.9333,"x":-1.33,"y":-8.17},{"time":1.0333,"x":0.43,"y":3.95},{"time":1.1667,"x":-1.33,"y":-8.17},{"time":1.2667,"x":-2.74,"y":-6.33},{"time":1.3333,"x":-1.64,"y":-3.8},{"time":1.5333}],"scale":[{},{"time":0.3667,"y":1.055},{"time":0.5,"y":1.351},{"time":0.6,"x":1.288,"y":1.544},{"time":0.7333,"y":1.351},{"time":0.8333,"x":1.268,"y":1.47},{"time":0.9333,"y":1.351},{"time":1.0333,"x":1.288,"y":1.544},{"time":1.1667,"y":1.351},{"time":1.2667,"x":1.268,"y":1.47},{"time":1.3,"x":1.186,"y":1.372},{"time":1.3333,"x":1.113,"y":1.282},{"time":1.5333}],"shear":[{"time":0.3667},{"time":0.5,"y":-3.9,"curve":"stepped"},{"time":1.2667,"y":-3.9},{"time":1.3333,"y":-2.34},{"time":1.5333}]}},"events":[{"time":0.5,"name":"attack"}]},"awoke":{"slots":{"eye1":{"attachment":[{"name":"eye3"},{"time":0.2667,"name":"eye2"},{"time":0.3,"name":"eye1"}]}},"bones":{"body":{"scale":[{},{"time":0.1667,"x":0.925,"curve":0.234,"c2":0.06,"c3":0.774,"c4":0.94},{"time":0.3,"x":1.15,"y":0.989,"curve":0.29,"c2":0.36,"c3":0.889,"c4":0.85},{"time":0.4667}]},"head":{"translate":[{},{"time":0.1667,"y":-19.89,"curve":0.234,"c2":0.06,"c3":0.774,"c4":0.94},{"time":0.3,"y":30.83,"curve":0.29,"c2":0.36,"c3":0.889,"c4":0.85},{"time":0.4667}],"scale":[{},{"time":0.1667,"x":1.067,"y":0.904,"curve":0.234,"c2":0.06,"c3":0.774,"c4":0.94},{"time":0.3,"y":1.047,"curve":0.29,"c2":0.36,"c3":0.889,"c4":0.85},{"time":0.4667}]},"mouth2":{"scale":[{},{"time":0.1667,"x":1.039,"curve":0.234,"c2":0.06,"c3":0.774,"c4":0.94},{"time":0.3,"x":1.019,"curve":0.29,"c2":0.36,"c3":0.889,"c4":0.85},{"time":0.3333,"x":1.034},{"time":0.4667}],"shear":[{"time":0.3,"curve":0.29,"c2":0.36,"c3":0.889,"c4":0.85},{"time":0.3333,"x":4.62},{"time":0.4667}]},"mouth1":{"translate":[{"time":0.3,"curve":0.29,"c2":0.36,"c3":0.889,"c4":0.85},{"time":0.3333,"x":0.03,"y":3.5},{"time":0.4667}],"scale":[{"time":0.3,"curve":0.29,"c2":0.36,"c3":0.889,"c4":0.85},{"time":0.3333,"y":1.028},{"time":0.4667}]}}},"idle1":{"bones":{"body":{"scale":[{},{"time":0.2667,"x":0.925},{"time":0.5333},{"time":0.8,"x":1.035},{"time":1.0667}]},"head":{"translate":[{},{"time":0.2667,"y":-19.89},{"time":0.5333},{"time":0.8,"y":17.38},{"time":1.0667}],"scale":[{},{"time":0.2667,"x":1.067,"y":0.904},{"time":0.5333},{"time":0.8,"y":1.047},{"time":1.0667}]},"mouth2":{"scale":[{},{"time":0.2667,"x":1.039},{"time":0.3333,"x":0.974},{"time":0.5333,"x":0.971},{"time":0.8,"x":1.019},{"time":0.8667,"x":1.034},{"time":1.0667}],"shear":[{"time":0.2667},{"time":0.3333,"x":-3.48},{"time":0.5333,"curve":"stepped"},{"time":0.8},{"time":0.8667,"x":4.62},{"time":1.0667}]},"mouth1":{"translate":[{"time":0.2667},{"time":0.3333,"x":-0.04,"y":-3.91},{"time":0.5333,"curve":"stepped"},{"time":0.8},{"time":0.8667,"x":0.03,"y":3.5},{"time":1.0667}],"scale":[{"time":0.2667},{"time":0.3333,"y":1.036},{"time":0.5333,"y":1.025},{"time":0.8},{"time":0.8667,"y":1.028},{"time":1.0667}]}}},"idle1_eye":{"slots":{"eye1":{"attachment":[{"time":0.2667,"name":"eye2"},{"time":0.3333,"name":"eye3"},{"time":0.4,"name":"eye2"},{"time":0.4667,"name":"eye1"}]}},"bones":{"body":{"scale":[{},{"time":0.2667,"x":0.925},{"time":0.5333},{"time":0.8,"x":1.035},{"time":1.0667}]},"head":{"translate":[{},{"time":0.2667,"y":-19.89},{"time":0.5333},{"time":0.8,"y":17.38},{"time":1.0667}],"scale":[{},{"time":0.2667,"x":1.067,"y":0.904},{"time":0.5333},{"time":0.8,"y":1.047},{"time":1.0667}]},"mouth2":{"scale":[{},{"time":0.2667,"x":1.039},{"time":0.3333,"x":0.974},{"time":0.5333,"x":0.971},{"time":0.8,"x":1.019},{"time":0.8667,"x":1.034},{"time":1.0667}],"shear":[{"time":0.2667},{"time":0.3333,"x":-3.48},{"time":0.5333,"curve":"stepped"},{"time":0.8},{"time":0.8667,"x":4.62},{"time":1.0667}]},"mouth1":{"translate":[{"time":0.2667},{"time":0.3333,"x":-0.04,"y":-3.91},{"time":0.5333,"curve":"stepped"},{"time":0.8},{"time":0.8667,"x":0.03,"y":3.5},{"time":1.0667}],"scale":[{"time":0.2667},{"time":0.3333,"y":1.036},{"time":0.5333,"y":1.025},{"time":0.8},{"time":0.8667,"y":1.028},{"time":1.0667}]}}},"idle2":{"slots":{"eye1":{"attachment":[{"name":"eye3"}]}},"bones":{"body":{"scale":[{},{"time":0.2667,"x":0.925},{"time":0.5333},{"time":0.8,"x":1.035},{"time":1.0667}]},"head":{"translate":[{},{"time":0.2667,"y":-19.89},{"time":0.5333},{"time":0.8,"y":17.38},{"time":1.0667}],"scale":[{},{"time":0.2667,"x":1.067,"y":0.904},{"time":0.5333},{"time":0.8,"y":1.047},{"time":1.0667}]},"mouth2":{"scale":[{},{"time":0.2667,"x":1.039},{"time":0.3333,"x":0.974},{"time":0.5333,"x":0.971},{"time":0.8,"x":1.019},{"time":0.8667,"x":1.034},{"time":1.0667}],"shear":[{"time":0.2667},{"time":0.3333,"x":-3.48},{"time":0.5333,"curve":"stepped"},{"time":0.8},{"time":0.8667,"x":4.62},{"time":1.0667}]},"mouth1":{"translate":[{"time":0.2667},{"time":0.3333,"x":-0.04,"y":-3.91},{"time":0.5333,"curve":"stepped"},{"time":0.8},{"time":0.8667,"x":0.03,"y":3.5},{"time":1.0667}],"scale":[{"time":0.2667},{"time":0.3333,"y":1.036},{"time":0.5333,"y":1.025},{"time":0.8},{"time":0.8667,"y":1.028},{"time":1.0667}]}}}}},[0]]],0,0,[0],[-1],[0]],[[[3,"FumeShroom"],[4,"FumeShroom",[-8,-9,-10,-11],[[-2,[9,1.5,-7,-6,-5,[0,-6,10],-4,-3]],1,4],[10,-1,0],[-494,-293,0,0,0,0,1,1,1,1]],[6,"bodyC",5,1,[-12,-13],[0,"6b//4LEc9MpISQ1OkwHQkt",1,0]],[7,"26FX_Z",1,[-14,-15],[0,"9bgMHrjidL04fPr5Sc0C3b",1,0],[5,23.5,32.9],[25,69,0,0,0,0,1,0.5,0.5,1]],[8,"11_plant",1,[-16],[0,"94xRdvqlRBv503cGYxP1ZL",1,0],[5,109.17,108.94]],[1,"default","idle1",0,"idle1",4,[0]],[11,2,[0,0,40],[5,100,120]],[12,2,6],[5,"shoot_node",1,[0,"14pGToLU5Bd6hXfD0bcRlf",1,0],[80,58,0,0,0,0,1,1,1,1]],[1,"default","idle",0,"idle",3,[1]],[13,3,9],[14,true,1,5]],0,[0,1,1,0,-1,11,0,2,8,0,3,10,0,4,7,0,5,11,0,6,1,0,-1,4,0,-2,2,0,-3,8,0,-4,3,0,-1,6,0,-2,7,0,-1,9,0,-2,10,0,-1,5,0,7,1,16],[0,0,5,9],[-1,-1,0,0],[1,2,3,4]]]]