[1,["ecpdLyjvZBwrvm+cedCcQy","7cyg3gwbhDeopSQsExPaU3","32VLu002JKerKYKLEiIZZ7","e3Na6WdjJK9LpgWa8SaKIQ","6a9PBAXsdOU5/xHe61v3RM","ceQSdUI3xBGqxAXvNUYh3w","53CRDKq8tD3KydMm94xWid"],["_parent","node","root","data","_spriteFrame","_textureSetter","shootNode","body","animation","spineAnimation","bulletPrefab","_N$skeletonData"],[["cc.Node",["_name","_groupIndex","_prefab","_parent","_children","_components","_contentSize"],1,4,1,2,9,5],["cc.Node",["_name","_groupIndex","_prefab","_children","_parent","_components"],1,4,12,1,2],["cc.Node",["_name","_children","_components","_prefab","_trs","_parent","_contentSize"],2,2,12,4,7,1,5],["cc.PrefabInfo",["fileId","root","asset"],2,1,1],["261d4+Q1HdGA5w3tjdBw83c",["activeFlash","node","spineAnimation"],2,1,1],"cc.SpriteFrame",["cc.Prefab",["_name"],2],["cc.Node",["_name","_parent","_children","_prefab"],2,1,9,4],["cc.CircleCollider",["_radius","node"],2,1],["fee5cYvFCdESpVzGX06894o",["node"],3,1],["cc.Sprite",["node","_materials","_spriteFrame"],3,1,3,6],["64a61e7cCtKGIFerGr5ltkK",["node","animation","body","shadowOffset","shootNode","bulletPrefab"],3,1,1,1,5,1,6],["sp.Skeleton",["defaultSkin","defaultAnimation","_preCacheMode","_animationName","node","_materials"],-1,1,3],["cc.BoxCollider",["node","_offset","_size"],3,1,5,5],["96c396uvMtPhLUJFoRD9JmK",["node","body"],3,1,1],["sp.SkeletonData",["_name","_atlasText","textureNames","_skeletonJson","textures"],-1,3]],[[3,0,1,2,2],[0,0,3,2,2],[0,0,3,4,2,2],[6,0,2],[7,0,1,2,3,2],[3,1,2,1],[0,0,1,4,5,2,3],[0,0,3,5,2,6,2],[2,0,1,2,3,4,2],[2,0,5,1,2,3,6,2],[1,0,3,2,2],[1,0,4,3,2,2],[1,0,1,4,5,2,3],[8,0,1,2],[9,0,1],[10,0,1,2,1],[11,0,1,2,3,4,5,1],[4,1,2,1],[4,0,1,2,2],[12,0,1,2,3,4,5,5],[13,0,1,2,1],[14,0,1,1],[15,0,1,2,3,4,5]],[[[[3,"MelonPultBullet"],[6,"MelonPultBullet",1,[-4],[[13,35,-2],[14,-3]],[5,-1,0]],[7,"melon_Bullet",1,[[15,-5,[0],1]],[0,"45uan1QM1AEZWOW5b+X3GN",1,0],[5,74,61]]],0,[0,2,1,0,1,1,0,1,1,0,-1,2,0,1,2,0,3,1,5],[0,0],[-1,4],[0,1]],[[{"name":"melon_Bullet","rect":[0,0,74,61],"offset":[0,0],"originalSize":[74,61],"capInsets":[0,0,0,0]}],[5],0,[0],[5],[2]],[[[3,"MelonPult"],[8,"MelonPult",[-7,-8],[[-2,[16,-6,-5,-4,[0,-5,2],-3,1]],1,4],[5,-1,0],[-494,-293,0,0,0,0,1,1,1,1]],[10,"ATTACHED_NODE:plant",[[-9,-10,-11,[1,"ATTACHED_NODE:leaf5",-12,[0,"04hPWooeRH26CJanSGy8F3",1,0]],[1,"ATTACHED_NODE:leaf6",-13,[0,"014SpmOtlLRbXg1tjAnKFC",1,0]]],1,1,1,4,4],[0,"a7zqCX/KlL47Ka/syTkYwv",1,0]],[11,"ATTACHED_NODE:body1",2,[[[1,"ATTACHED_NODE:eye1",-14,[0,"dd/W1hah1HSIjVbrdGjKUU",1,0]],[1,"ATTACHED_NODE:eyebrow2",-15,[0,"66MAkG+otBvYeC3y+NH137",1,0]],[1,"ATTACHED_NODE:eyebrow1",-16,[0,"013+FBJjxLsoPXdAr41x1a",1,0]],-17],4,4,4,1],[0,"d8VdV/C+dBrpK1E/aPzc+v",1,0]],[9,"40_plant",1,[-21],[[-18,[17,-20,-19]],1,4],[0,"c8Rj63C0lMz6c9827CWDKB",1,0],[5,130,108.8]],[12,"bodyC",5,1,[-22,-23],[0,"3eiuSDNvZLm7s8MQsfjpDI",1,0]],[19,"default","idle",0,"idle",4,[0]],[20,5,[0,0,70],[5,80,140]],[21,5,7],[2,"ATTACHED_NODE_TREE",4,[-24],[0,"c4zUZqY4FOyrAVvSsIiTmZ",1,0]],[2,"ATTACHED_NODE:root",9,[2],[0,"5aKcqUEwtDdbN8xbKgTjTm",1,0]],[2,"ATTACHED_NODE:body3",3,[-25],[0,"1bqUridR1EprCINu0Taesh",1,0]],[2,"ATTACHED_NODE:basket1",11,[-26],[0,"65xr2Lj55NpKtQgXsWjgl7",1,0]],[2,"ATTACHED_NODE:pr1",12,[-27],[0,"997U6deVNNir6nh4cMxFEO",1,0]],[1,"shoot_node",13,[0,"fdFiSphPdHw53SMfz3vXTG",1,0]],[4,"ATTACHED_NODE:leaf1",2,[[1,"ATTACHED_NODE:leaf2",-28,[0,"2cWdGq7NxJ8ZLyTKy0mcM5",1,0]]],[0,"f2nOXBztpOF6TjXrcPfmJS",1,0]],[4,"ATTACHED_NODE:leaf3",2,[[1,"ATTACHED_NODE:leaf4",-29,[0,"22cSj8mfJLfpaMF8cJQtpJ",1,0]]],[0,"e1hiteRp5KRZJ2213fDTwC",1,0]],[18,true,1,6]],0,[0,2,1,0,-1,17,0,6,14,0,7,8,0,8,17,0,1,1,0,-1,5,0,-2,4,0,-1,3,0,-2,15,0,-3,16,0,0,2,0,0,2,0,0,3,0,0,3,0,0,3,0,-4,11,0,-1,6,0,9,6,0,1,4,0,-1,9,0,-1,7,0,-2,8,0,-1,10,0,-1,12,0,-1,13,0,-1,14,0,0,15,0,0,16,0,3,1,2,0,10,29],[0,0,6],[-1,10,11],[3,4,5]],[[[22,"40_plant","\n40_plant.png\nsize: 512,128\nformat: RGBA8888\nfilter: Linear,Linear\nrepeat: none\nbasket1\n  rotate: true\n  xy: 2, 9\n  size: 117, 58\n  orig: 118, 62\n  offset: 0, 1\n  index: -1\nbasket2\n  rotate: true\n  xy: 62, 11\n  size: 115, 63\n  orig: 116, 65\n  offset: 0, 1\n  index: -1\nbody1\n  rotate: false\n  xy: 262, 40\n  size: 127, 86\n  orig: 129, 86\n  offset: 1, 0\n  index: -1\nbody2\n  rotate: true\n  xy: 391, 44\n  size: 82, 46\n  orig: 83, 48\n  offset: 1, 1\n  index: -1\neye1\n  rotate: false\n  xy: 439, 48\n  size: 52, 21\n  orig: 53, 23\n  offset: 0, 1\n  index: -1\neye2\n  rotate: true\n  xy: 479, 75\n  size: 51, 15\n  orig: 52, 18\n  offset: 0, 1\n  index: -1\neye3\n  rotate: true\n  xy: 493, 22\n  size: 51, 13\n  orig: 53, 14\n  offset: 1, 0\n  index: -1\neyebrow1\n  rotate: false\n  xy: 480, 8\n  size: 20, 12\n  orig: 22, 13\n  offset: 1, 1\n  index: -1\neyebrow2\n  rotate: false\n  xy: 127, 3\n  size: 19, 10\n  orig: 21, 12\n  offset: 1, 1\n  index: -1\nleaf1\n  rotate: false\n  xy: 262, 2\n  size: 69, 36\n  orig: 69, 36\n  offset: 0, 0\n  index: -1\nleaf2\n  rotate: true\n  xy: 439, 71\n  size: 55, 38\n  orig: 55, 38\n  offset: 0, 0\n  index: -1\nleaf3\n  rotate: false\n  xy: 396, 2\n  size: 82, 40\n  orig: 84, 41\n  offset: 1, 0\n  index: -1\nleaf4\n  rotate: false\n  xy: 333, 2\n  size: 61, 36\n  orig: 61, 38\n  offset: 0, 1\n  index: -1\npr1\n  rotate: false\n  xy: 127, 15\n  size: 133, 111\n  orig: 135, 113\n  offset: 1, 1\n  index: -1\n",["40_plant.png"],{"skeleton":{"hash":"YsBxwpTdDZhVBzb3PiaCqdbi//A","spine":"3.8.99","x":-99.1,"y":-6.3,"width":130,"height":108.8},"bones":[{"name":"root"},{"name":"plant","parent":"root","scaleX":0.1,"scaleY":0.1},{"name":"body1","parent":"plant","length":294.32,"rotation":90,"x":-7.51,"y":31.27},{"name":"leaf1","parent":"plant","length":232.22,"rotation":168.18,"x":-23.41,"y":5.42},{"name":"leaf2","parent":"leaf1","length":115.24,"rotation":65.21,"x":233.27,"y":-0.68},{"name":"leaf3","parent":"plant","length":196.7,"rotation":19.08,"x":-10.19,"y":9.82},{"name":"leaf4","parent":"leaf3","length":109.53,"rotation":-92.25,"x":196.7},{"name":"leaf5","parent":"plant","length":385.52,"rotation":172.65,"x":-22.53,"y":57.58},{"name":"leaf6","parent":"plant","length":285.39,"rotation":16.87,"x":35.62,"y":61.11},{"name":"eye1","parent":"body1","x":149.65,"y":-44.01},{"name":"eyebrow2","parent":"body1","x":242.16,"y":-159.42},{"name":"eyebrow1","parent":"body1","x":219.25,"y":58.19},{"name":"body3","parent":"body1","length":293.27,"rotation":151.66,"x":380.32,"y":71.63,"scaleX":0.1,"scaleY":0.1,"transform":"onlyTranslation"},{"name":"basket1","parent":"body3","length":420.75,"rotation":179.85,"x":292.87,"y":0.52,"scaleX":0.1,"scaleY":0.1,"transform":"onlyTranslation"},{"name":"pr1","parent":"basket1","rotation":179.85,"x":185.57,"y":20.75,"scaleX":0.1,"scaleY":0.1,"transform":"onlyTranslation"}],"slots":[{"name":"leaf4","bone":"leaf6","attachment":"leaf4"},{"name":"leaf3","bone":"leaf5","attachment":"leaf3"},{"name":"basket2","bone":"basket1","attachment":"basket2"},{"name":"pr1","bone":"pr1","attachment":"pr1"},{"name":"basket1","bone":"basket1","attachment":"basket1"},{"name":"body2","bone":"body3","attachment":"body2"},{"name":"body1","bone":"body1","attachment":"body1"},{"name":"eye1","bone":"eye1","attachment":"eye1"},{"name":"eyebrow2","bone":"eyebrow2","attachment":"eyebrow2"},{"name":"eyebrow1","bone":"eyebrow1","attachment":"eyebrow1"},{"name":"leaf2","bone":"leaf3","attachment":"leaf2"},{"name":"leaf1","bone":"leaf1","attachment":"leaf1"}],"skins":[{"name":"default","attachments":{"basket1":{"basket1":{"x":232.23,"y":41.77,"rotation":-179.85,"width":589,"height":312}},"basket2":{"basket2":{"x":246.94,"y":-38.19,"rotation":-179.85,"width":582,"height":326}},"body1":{"body1":{"x":202.73,"y":51.99,"rotation":-90,"width":647,"height":428}},"body2":{"body2":{"x":105.61,"y":-20.2,"rotation":-151.66,"width":413,"height":239}},"eye1":{"eye1":{"x":-0.92,"y":3.5,"rotation":-90,"width":264,"height":116},"eye2":{"x":3.58,"y":4.5,"rotation":-90,"width":262,"height":91},"eye3":{"x":-0.42,"y":4,"rotation":-90,"width":265,"height":71}},"eyebrow1":{"eyebrow1":{"x":-3.52,"y":6.8,"rotation":-90,"width":111,"height":64}},"eyebrow2":{"eyebrow2":{"x":-1.93,"y":-3.59,"rotation":-90,"width":105,"height":59}},"leaf1":{"leaf1":{"type":"mesh","hull":17,"uvs":[0.88071,0.24704,1,0.50986,1,0.74306,0.8536,1,0.60961,1,0.40048,0.80599,0.28817,0.70234,0.24363,0.71715,0.25331,0.91334,0.1623,1,0.06742,0.87262,0.0345,0.77268,0,0.56909,0.04031,0.32478,0.14487,0.12859,0.29591,0,0.57282,0,0.26493,0.36179,0.15262,0.49875,0.11002,0.76527,0.55346,0.45804],"triangles":[10,19,9,9,19,8,19,7,8,10,11,19,11,12,19,19,18,7,19,12,18,7,18,17,12,13,18,13,14,18,18,14,17,3,1,2,5,20,4,0,3,20,20,3,4,5,6,20,3,0,1,6,7,17,6,17,20,17,15,20,20,16,0,20,15,16,17,14,15],"vertices":[1,3,27.48,-63.59,1,1,3,-22.67,-25.48,1,1,3,-31.32,15.83,1,1,3,8.74,71.73,1,1,3,91.37,89.02,1,2,3,169.38,69.48,0.90223,4,36.92,87.41,0.09777,2,3,211.26,59.08,0.43493,4,45.03,45.03,0.56507,2,3,225.8,64.86,0.1211,4,56.37,34.26,0.8789,2,3,215.24,98.93,0.00229,4,82.88,58.12,0.99771,1,4,114.25,42.2,1,1,4,115.32,2.09,1,1,4,107.59,-17.84,1,1,4,85.12,-49.39,1,1,4,41.31,-64.57,1,2,3,281.07,-32.41,0.01407,4,-8.77,-56.7,0.98593,2,3,234.68,-65.9,0.59921,4,-58.62,-28.63,0.40079,2,3,140.91,-85.53,0.99997,4,-115.75,48.28,0.00003,1,3,231.76,0.39,1,1,4,43.42,-14.6,1,2,3,269.26,82.85,0.00002,4,90.93,2.34,0.99998,1,3,130.48,-3.01,1]}},"leaf2":{"leaf2":{"type":"mesh","hull":22,"uvs":[0.87211,0.09611,0.94226,0.20955,1,0.39389,1,0.66685,0.94709,0.86891,0.80197,1,0.67619,1,0.65684,0.79092,0.71247,0.74484,0.77052,0.79447,0.77294,0.68103,0.68587,0.69166,0.61089,0.7732,0.46092,0.92918,0.29645,1,0.1876,1,0.05215,0.86891,0,0.57113,0.09327,0.29817,0.30612,0.07838,0.56009,0,0.72457,0,0.78987,0.3159,0.88663,0.53214,0.86486,0.80156,0.548,0.36198],"triangles":[6,9,5,5,24,4,5,9,24,9,7,8,9,6,7,4,24,3,9,10,24,24,23,3,24,10,23,10,11,22,10,22,23,23,2,3,23,22,2,22,1,2,22,0,1,18,13,14,16,17,14,18,14,17,13,18,25,13,25,12,25,18,19,16,14,15,12,25,11,22,11,25,22,25,21,25,20,21,25,19,20,22,21,0],"vertices":[2,5,234.17,32.22,0.54006,6,-33.67,36.18,0.45994,2,5,245.52,5.6,0.15989,6,-7.52,48.57,0.84011,1,6,30.46,53.79,1,1,6,79.84,38.85,1,1,6,112.15,13.76,1,1,6,124.23,-31.89,1,1,6,114.14,-65.24,1,1,6,74.76,-58.92,1,1,6,70.89,-41.65,1,2,5,164.42,-83.32,0.00307,6,84.52,-28.98,0.99693,2,5,172.07,-63.28,0.11744,6,64.19,-22.13,0.88256,2,5,148.62,-57.29,0.60671,6,59.13,-45.8,0.39329,2,5,123.95,-65.06,0.8765,6,67.87,-70.14,0.1235,2,5,75.05,-79.34,0.99311,6,84.06,-118.44,0.00689,1,5,27.62,-77.09,1,1,5,-0.87,-67.23,1,1,5,-28.23,-31.55,1,1,5,-23.48,26.36,1,1,5,17.8,66.66,1,1,5,87.11,86.64,1,1,5,158.43,77.64,1,2,5,201.49,62.75,0.97164,6,-62.89,2.32,0.02836,2,5,199.06,0.41,0.36764,6,-0.5,2.34,0.63236,1,6,46.38,16.16,1,2,5,188.68,-93.13,0.00001,6,93.37,-4.36,0.99999,1,5,132.9,14.08,1]}},"leaf3":{"leaf3":{"x":166.98,"y":-16.69,"rotation":-172.65,"width":422,"height":205}},"leaf4":{"leaf4":{"x":130.97,"y":11.9,"rotation":-16.87,"width":303,"height":191}},"pr1":{"pr1":{"x":132.28,"y":-212.75,"rotation":-179.85,"width":673,"height":564}}}}],"events":{"attack":{}},"animations":{"attack":{"slots":{"eye1":{"attachment":[{"time":0.4333,"name":"eye3"},{"time":0.5667,"name":"eye2"},{"time":0.6,"name":"eye1"}]},"pr1":{"attachment":[{"time":0.4333,"name":null},{"time":1.2333,"name":"pr1"}]}},"bones":{"body1":{"rotate":[{"time":0.4},{"time":0.4667,"angle":-2.75},{"time":0.5333,"angle":3.82},{"time":0.8667,"angle":-1.84},{"time":1.2333}],"translate":[{},{"time":0.2333,"x":-26.16,"y":-2.52},{"time":0.4,"x":1.95,"y":15.6},{"time":0.4667,"x":23.8,"y":7.26},{"time":0.5333,"x":26.41,"y":16.68},{"time":0.8667,"x":27.54,"y":18.36},{"time":1.2333},{"time":1.3333,"y":2.94},{"time":1.6333}],"scale":[{},{"time":0.2333,"x":1.009,"y":0.983},{"time":0.4},{"time":0.4667,"x":0.972},{"time":0.5333,"curve":"stepped"},{"time":1.2333},{"time":1.3333,"x":1.026,"y":0.991},{"time":1.6333,"x":0.941,"y":1.029},{"time":1.7333,"x":0.896,"y":1.049},{"time":2.0667},{"time":2.1667,"x":1.027,"y":0.988},{"time":2.4333,"x":0.939,"y":1.041},{"time":2.5667,"x":0.892,"y":1.053},{"time":2.9}],"shear":[{},{"time":0.2333,"x":5.36},{"time":0.4,"x":-8.6,"y":4.63},{"time":0.4667}]},"leaf1":{"translate":[{},{"time":0.2,"x":4.02,"y":-8.15},{"time":0.4},{"time":0.4667,"y":2.73},{"time":0.8667,"x":2.73,"y":10.92},{"time":1.2333},{"time":1.6333,"x":5.66,"y":-6.1},{"time":2.0667},{"time":2.4333,"x":9.08,"y":-8.38},{"time":2.9}],"scale":[{},{"time":0.2,"x":1.03,"y":0.917},{"time":0.4},{"time":0.4667,"y":1.019},{"time":0.8667,"x":1.008,"y":1.021},{"time":1.2333},{"time":1.6333,"x":1.045,"y":0.898},{"time":2.0667},{"time":2.4333,"x":0.999,"y":0.898},{"time":2.9}]},"leaf2":{"rotate":[{},{"time":0.1,"angle":-12.08},{"time":0.2},{"time":0.3,"angle":-5.85},{"time":0.4},{"time":0.4667,"angle":-8.72},{"time":0.8667,"angle":4.24},{"time":1,"angle":-13.72},{"time":1.2333},{"time":1.4667,"angle":-9.07},{"time":1.6333},{"time":1.8333,"angle":-4.4},{"time":2.0667},{"time":2.3,"angle":-4.4},{"time":2.4333,"angle":11.78},{"time":2.6667,"angle":-8.61},{"time":2.9}],"translate":[{"time":1.6333},{"time":1.8333,"x":0.46,"y":-2.35},{"time":2.0667},{"time":2.3,"x":0.46,"y":-2.35},{"time":2.4333}],"scale":[{"time":0.8667},{"time":1,"x":0.884},{"time":1.2333}]},"leaf3":{"translate":[{},{"time":0.2,"x":4.02,"y":-8.15},{"time":0.4},{"time":0.4667,"y":2.73},{"time":0.8667,"x":2.73,"y":10.92},{"time":1.2333},{"time":1.6333,"x":5.66,"y":-6.1},{"time":2.0667},{"time":2.4333,"x":9.08,"y":-8.38},{"time":2.9}],"scale":[{},{"time":0.2,"x":1.03,"y":0.917},{"time":0.4},{"time":0.4667,"y":1.019},{"time":0.8667,"x":1.008,"y":1.021},{"time":1.2333},{"time":1.6333,"x":1.045,"y":0.898},{"time":2.0667},{"time":2.4333,"x":0.999,"y":0.898},{"time":2.9}]},"leaf4":{"rotate":[{},{"time":0.1,"angle":15.65},{"time":0.2},{"time":0.3,"angle":11.05},{"time":0.4},{"time":0.4667,"angle":8.72},{"time":0.8667,"angle":-6.21},{"time":1,"angle":8.12},{"time":1.2333},{"time":1.4667,"angle":13.94},{"time":1.6333},{"time":1.8333,"angle":10.93},{"time":2.0667},{"time":2.3,"angle":10.93},{"time":2.4333,"angle":-7.81},{"time":2.6667,"angle":10.88},{"time":2.9}],"translate":[{"time":1.6333},{"time":1.8333,"x":0.73,"y":2.27},{"time":2.0667},{"time":2.3,"x":0.73,"y":2.27},{"time":2.4333}],"scale":[{"time":0.8667},{"time":1,"x":0.884},{"time":1.2333}]},"leaf5":{"rotate":[{"time":0.8667},{"time":1,"angle":1.49},{"time":1.2333,"curve":"stepped"},{"time":1.3333},{"time":1.5,"angle":-5.13},{"time":1.8,"angle":5.85},{"time":2.0667,"curve":"stepped"},{"time":2.3333},{"time":2.5,"angle":-6.24},{"time":2.7667,"angle":7.01},{"time":2.9}],"translate":[{"time":0.2},{"time":0.3,"x":8.88,"y":2.22},{"time":0.4},{"time":0.4667,"x":-1.11,"y":14.43},{"time":0.7,"x":2.22,"y":-2.22},{"time":0.8667,"x":27.75,"y":-11.1},{"time":1,"x":-3.33},{"time":1.2333,"curve":"stepped"},{"time":1.5},{"time":1.8,"x":9.12,"y":1.14},{"time":2.0667,"curve":"stepped"},{"time":2.3333},{"time":2.5,"x":-3.42},{"time":2.7667,"x":11.4,"y":4.56},{"time":2.9}],"scale":[{"time":0.4},{"time":0.4667,"x":0.951,"y":1.12},{"time":0.7}],"shear":[{"time":0.1},{"time":0.2,"x":-5.55},{"time":0.3,"x":5.24},{"time":0.4,"curve":"stepped"},{"time":0.4667},{"time":0.7,"x":-5.93},{"time":0.8667,"x":-2.16,"y":3.65},{"time":1}]},"leaf6":{"rotate":[{"time":0.1},{"time":0.2,"angle":2.39,"curve":"stepped"},{"time":0.3,"angle":2.39},{"time":0.4,"angle":-12.58},{"time":0.4667,"angle":-2.29},{"time":0.7,"angle":5.39},{"time":1,"angle":6.27},{"time":1.2333,"curve":"stepped"},{"time":1.3333},{"time":1.6333,"angle":5.51},{"time":1.7333,"angle":3.16},{"time":1.9,"angle":-9.25},{"time":2.0667,"curve":"stepped"},{"time":2.3333},{"time":2.5,"angle":5.64,"curve":"stepped"},{"time":2.6,"angle":5.64},{"time":2.7333,"angle":-6.71},{"time":2.8333}],"translate":[{"time":0.2},{"time":0.3,"x":1.11,"y":-4.44},{"time":0.4,"x":-3.33,"y":13.32},{"time":0.4667,"curve":"stepped"},{"time":1.3333},{"time":1.6333,"x":-3.42,"y":2.28},{"time":1.7333,"x":-3.42,"y":-5.7},{"time":1.9,"x":-10.26,"y":17.1},{"time":2.0667,"curve":"stepped"},{"time":2.3333},{"time":2.5,"x":12.54,"y":-4.56},{"time":2.6,"x":13.68,"y":-7.98},{"time":2.7333,"x":-12.54,"y":2.28},{"time":2.8333}],"scale":[{"time":0.1},{"time":0.2,"x":1.014},{"time":0.3,"x":1.028,"y":0.924},{"time":0.4,"x":0.953,"y":1.024},{"time":0.4667},{"time":0.7,"x":1.004,"y":0.992},{"time":1,"x":1.03},{"time":1.2333,"curve":"stepped"},{"time":1.6333},{"time":1.7333,"x":1.04,"y":0.815},{"time":1.9,"curve":"stepped"},{"time":2.5},{"time":2.6,"x":1.01},{"time":2.7333}],"shear":[{"time":0.1},{"time":0.2,"x":2.93,"curve":"stepped"},{"time":0.3,"x":2.93},{"time":0.4,"x":4.59},{"time":0.4667,"curve":"stepped"},{"time":1.6333},{"time":1.7333,"y":12.28},{"time":1.9,"curve":"stepped"},{"time":2.5},{"time":2.6,"y":7.25},{"time":2.7333}]},"eyebrow2":{"rotate":[{},{"time":0.2333,"angle":-7.28},{"time":0.4},{"time":0.4667,"angle":14.69},{"time":0.5333,"angle":1.63},{"time":0.8667,"curve":"stepped"},{"time":1.2333},{"time":1.6333,"angle":-2.05},{"time":1.7333,"curve":"stepped"},{"time":2.0667},{"time":2.4,"angle":-7.99},{"time":2.5}],"translate":[{},{"time":0.2333,"x":41.42,"y":2.95},{"time":0.4},{"time":0.4667,"x":-46.35,"y":15.35},{"time":0.5333,"x":-28.18,"y":13.98},{"time":0.8667,"x":5.64,"y":0.18},{"time":1.2333},{"time":1.6333,"x":27.67},{"time":1.7333,"curve":"stepped"},{"time":2.0667},{"time":2.4,"x":28.1},{"time":2.5}]},"eyebrow1":{"rotate":[{},{"time":0.2333,"angle":10.1},{"time":0.4},{"time":0.4667,"angle":-17.71},{"time":0.5333,"angle":-8.66},{"time":0.8667,"curve":"stepped"},{"time":1.2333},{"time":1.6333,"angle":2.53},{"time":1.7333,"curve":"stepped"},{"time":2.0667},{"time":2.4,"angle":9.2},{"time":2.4333}],"translate":[{},{"time":0.2333,"x":41.42,"y":2.95},{"time":0.4},{"time":0.4667,"x":-54.17,"y":-8.28},{"time":0.5333,"x":-33.76,"y":-5.78},{"time":0.8667,"x":5.64,"y":0.18},{"time":1.2333},{"time":1.6333,"x":27.67},{"time":1.7333,"curve":"stepped"},{"time":2.0667},{"time":2.4,"x":28.1},{"time":2.4333}]},"body3":{"rotate":[{},{"time":0.1333,"angle":23.75},{"time":0.2333,"angle":41.57},{"time":0.2667,"angle":20.13},{"time":0.3,"angle":0.29},{"time":0.3333,"angle":-19.56},{"time":0.3667,"angle":-39.41},{"time":0.4,"angle":-59.25},{"time":0.4667,"angle":-69.98},{"time":0.5333,"angle":-64.31},{"time":0.8667,"angle":-69.12},{"time":1.1,"angle":-25.68},{"time":1.2333},{"time":1.3333,"angle":-2.24},{"time":1.6333,"angle":18.77},{"time":1.7333,"angle":11.23},{"time":2.0667},{"time":2.1667,"angle":2.35},{"time":2.4333,"angle":13.56},{"time":2.5667,"angle":9.75},{"time":2.9}],"translate":[{},{"time":0.1333,"x":-6.01,"y":12.03},{"time":0.2333,"x":-10.51,"y":21.06},{"time":0.2667,"x":-27.24,"y":-9.98},{"time":0.3,"x":-41.95,"y":12.18},{"time":0.3333,"x":-33.76,"y":48.72},{"time":0.3667,"x":-18.06,"y":55.54},{"time":0.4,"x":27.62,"y":72.62},{"time":0.4667,"x":29.07,"y":43.4},{"time":0.5333,"x":11.15,"y":13.79},{"time":0.8667,"x":19.73,"y":40.08},{"time":1.2333},{"time":1.3333,"x":1.79,"y":12.99},{"time":1.6333,"x":2.91,"y":-6.66},{"time":1.7333,"x":22.86,"y":-8.08},{"time":2.0667},{"time":2.1667,"x":9.58,"y":4.98},{"time":2.4333,"x":-1.26,"y":-5.67},{"time":2.5667,"x":24.99,"y":-7.38},{"time":2.9}],"scale":[{},{"time":0.1333,"x":1.21},{"time":0.2333,"x":1.343},{"time":0.2667,"x":1.446,"y":0.821},{"time":0.3,"x":1.383,"y":0.83},{"time":0.3333,"x":1.304,"y":0.839},{"time":0.3667,"x":1.382,"y":0.803},{"time":0.4,"x":1.381,"y":0.857},{"time":0.4667,"x":1.323,"y":0.857},{"time":0.5333,"x":1.323,"y":0.747},{"time":0.8667,"x":1.244,"y":0.733},{"time":1.1,"x":1.216,"y":0.903},{"time":1.2333,"curve":"stepped"},{"time":1.3333},{"time":1.6333,"x":0.939},{"time":1.7333,"x":0.993},{"time":2.0667},{"time":2.1667,"x":1.064},{"time":2.4333}],"shear":[{},{"time":0.1333,"y":-6.56},{"time":0.2333,"curve":"stepped"},{"time":0.2667},{"time":0.3,"y":-15.51},{"time":0.3333,"y":-10.34},{"time":0.3667,"y":-5.17},{"time":0.4}]},"basket1":{"rotate":[{},{"time":0.1333,"angle":39.56},{"time":0.2333,"angle":48.95},{"time":0.2667,"angle":26.29},{"time":0.3,"angle":1.7},{"time":0.3333,"angle":-22.89},{"time":0.3667,"angle":-45.16},{"time":0.4,"angle":-72.06},{"time":0.4667,"angle":-116.52},{"time":0.5333,"angle":-95.32},{"time":0.8667,"angle":-116.75},{"time":1.1,"angle":-52.69},{"time":1.2333},{"time":1.3333,"angle":-5.95},{"time":1.6333,"angle":7.87},{"time":1.7333,"angle":16.26},{"time":2.0667},{"time":2.1667,"angle":-8.45},{"time":2.4333,"angle":15.69},{"time":2.5667,"angle":20.65},{"time":2.9}],"translate":[{},{"time":0.1333,"x":6.2,"y":3.97},{"time":0.2333,"curve":"stepped"},{"time":0.4667},{"time":0.5333,"x":4.1,"y":-0.14},{"time":0.8667,"curve":"stepped"},{"time":1.2333},{"time":1.3333,"x":2.88,"y":5.98},{"time":1.6333}],"scale":[{"time":0.2333},{"time":0.2667,"x":0.99},{"time":0.3,"x":0.98},{"time":0.3333,"x":0.97,"y":0.968},{"time":0.3667,"x":0.96},{"time":0.4,"x":0.951,"curve":"stepped"},{"time":0.4667,"x":0.951},{"time":0.5333,"x":0.976},{"time":0.8667,"x":1.056,"y":0.974},{"time":1.0333,"x":0.973,"y":0.986},{"time":1.1,"x":1.02,"y":0.991},{"time":1.2333,"curve":"stepped"},{"time":1.3333},{"time":1.6333,"x":0.963,"curve":"stepped"},{"time":1.7333,"x":0.963},{"time":2.0667},{"time":2.1667,"x":0.953},{"time":2.4333,"x":0.93},{"time":2.5667,"x":0.947},{"time":2.9}],"shear":[{},{"time":0.1333,"x":-0.69},{"time":0.2333,"x":-1.21},{"time":0.2667,"x":-0.96},{"time":0.3,"x":-0.72},{"time":0.3333,"x":-0.48},{"time":0.3667,"x":-0.24},{"time":0.4}]},"pr1":{"rotate":[{},{"time":0.1333,"angle":45.08},{"time":0.2333,"angle":67.32},{"time":0.2667,"angle":43.62},{"time":0.3,"angle":20.34},{"time":0.3333,"angle":-6.96},{"time":0.3667,"angle":-33.5},{"time":0.4,"angle":-83.08,"curve":"stepped"},{"time":0.5333,"angle":-83.08},{"time":0.8667,"curve":"stepped"},{"time":1.2333},{"time":1.3333,"angle":-11.18},{"time":1.6333,"angle":11.04},{"time":1.7333,"angle":24.37},{"time":2.0667},{"time":2.1667,"angle":-15.16},{"time":2.4333,"angle":19.39},{"time":2.5667,"angle":28.65},{"time":2.9}],"translate":[{},{"time":0.1333,"x":10.43,"y":-5.48},{"time":0.2333,"x":-54.76,"y":-40.18},{"time":0.2667,"x":-68.13,"y":-47.1},{"time":0.3,"x":-88.6,"y":-45.58},{"time":0.3333,"x":-96.54,"y":-71.34},{"time":0.3667,"x":-74.28,"y":-40.72},{"time":0.4,"x":11.28,"y":-75.11,"curve":"stepped"},{"time":0.5333,"x":11.28,"y":-75.11},{"time":0.8667,"curve":"stepped"},{"time":1.2333},{"time":1.3333,"x":5.81,"y":-19.73},{"time":1.6333,"x":14.78,"y":-25.93},{"time":1.7333,"x":-17.29,"y":-20.11},{"time":2.0667},{"time":2.1667,"x":17.14,"y":-17.43},{"time":2.4333,"x":-27.4,"y":-23.31},{"time":2.5667,"x":-17.58,"y":-9.79},{"time":2.9}],"scale":[{"time":0.2333},{"time":0.2667},{"time":0.3,"x":0.994,"y":0.819},{"time":0.3333,"x":0.947,"y":0.881},{"time":0.3667,"x":0.998,"y":0.939},{"time":0.4,"x":0.999,"y":0.999,"curve":"stepped"},{"time":0.5333,"x":0.999,"y":0.999},{"time":0.8667}],"shear":[{"time":0.3},{"time":0.3333,"y":5.87},{"time":0.3667}]}},"events":[{"time":0.4333,"name":"attack"}]},"idle":{"bones":{"body1":{"translate":[{},{"time":0.1333,"y":2.94},{"time":0.4667}],"scale":[{},{"time":0.1333,"x":1.026,"y":0.991},{"time":0.4667,"x":0.941,"y":1.029},{"time":0.6,"x":0.896,"y":1.049},{"time":1},{"time":1.1333,"x":1.027,"y":0.988},{"time":1.4667,"x":0.939,"y":1.041},{"time":1.6,"x":0.892,"y":1.053},{"time":2}]},"leaf1":{"translate":[{},{"time":0.4667,"x":5.66,"y":-6.1},{"time":1},{"time":1.4667,"x":9.08,"y":-8.38},{"time":2}],"scale":[{},{"time":0.4667,"x":1.045,"y":0.898},{"time":1},{"time":1.4667,"x":0.999,"y":0.898},{"time":2}]},"leaf2":{"rotate":[{},{"time":0.2667,"angle":-9.07},{"time":0.4667},{"time":0.7333,"angle":-4.4},{"time":1},{"time":1.2667,"angle":-4.4},{"time":1.4667,"angle":11.78},{"time":1.7333,"angle":-8.61},{"time":2}],"translate":[{"time":0.4667},{"time":0.7333,"x":0.46,"y":-2.35},{"time":1},{"time":1.2667,"x":0.46,"y":-2.35},{"time":1.4667}]},"leaf3":{"translate":[{},{"time":0.4667,"x":5.66,"y":-6.1},{"time":1},{"time":1.4667,"x":9.08,"y":-8.38},{"time":2}],"scale":[{},{"time":0.4667,"x":1.045,"y":0.898},{"time":1},{"time":1.4667,"x":0.999,"y":0.898},{"time":2}]},"leaf4":{"rotate":[{},{"time":0.2667,"angle":13.94},{"time":0.4667},{"time":0.7333,"angle":10.93},{"time":1},{"time":1.2667,"angle":10.93},{"time":1.4667,"angle":-7.81},{"time":1.7333,"angle":10.88},{"time":2}],"translate":[{"time":0.4667},{"time":0.7333,"x":0.73,"y":2.27},{"time":1},{"time":1.2667,"x":0.73,"y":2.27},{"time":1.4667}]},"leaf5":{"rotate":[{"time":0.1333},{"time":0.3333,"angle":-5.13},{"time":0.6667,"angle":5.85},{"time":1,"curve":"stepped"},{"time":1.3333},{"time":1.5333,"angle":-6.24},{"time":1.8667,"angle":7.01},{"time":2}],"translate":[{"time":0.3333},{"time":0.6667,"x":9.12,"y":1.14},{"time":1,"curve":"stepped"},{"time":1.3333},{"time":1.5333,"x":-3.42},{"time":1.8667,"x":11.4,"y":4.56},{"time":2}]},"leaf6":{"rotate":[{"time":0.1333},{"time":0.4667,"angle":5.51},{"time":0.6,"angle":3.16},{"time":0.8,"angle":-9.25},{"time":1,"curve":"stepped"},{"time":1.3333},{"time":1.5333,"angle":5.64,"curve":"stepped"},{"time":1.6667,"angle":5.64},{"time":1.8,"angle":-6.71},{"time":1.9333}],"translate":[{"time":0.1333},{"time":0.4667,"x":-3.42,"y":2.28},{"time":0.6,"x":-3.42,"y":-5.7},{"time":0.8,"x":-10.26,"y":17.1},{"time":1,"curve":"stepped"},{"time":1.3333},{"time":1.5333,"x":12.54,"y":-4.56},{"time":1.6667,"x":13.68,"y":-7.98},{"time":1.8,"x":-12.54,"y":2.28},{"time":1.9333}],"scale":[{"time":0.4667},{"time":0.6,"x":1.04,"y":0.815},{"time":0.8,"curve":"stepped"},{"time":1.5333},{"time":1.6667,"x":1.01},{"time":1.8}],"shear":[{"time":0.4667},{"time":0.6,"y":12.28},{"time":0.8,"curve":"stepped"},{"time":1.5333},{"time":1.6667,"y":7.25},{"time":1.8}]},"eyebrow2":{"rotate":[{},{"time":0.4667,"angle":-2.05},{"time":0.6,"curve":"stepped"},{"time":1},{"time":1.4,"angle":-7.99},{"time":1.5333}],"translate":[{},{"time":0.4667,"x":27.67},{"time":0.6,"curve":"stepped"},{"time":1},{"time":1.4,"x":28.1},{"time":1.5333}]},"eyebrow1":{"rotate":[{},{"time":0.4667,"angle":2.53},{"time":0.6,"curve":"stepped"},{"time":1},{"time":1.4,"angle":9.2},{"time":1.4667}],"translate":[{},{"time":0.4667,"x":27.67},{"time":0.6,"curve":"stepped"},{"time":1},{"time":1.4,"x":28.1},{"time":1.4667}]},"body3":{"rotate":[{},{"time":0.1333,"angle":-2.24},{"time":0.4667,"angle":18.77},{"time":0.6,"angle":11.23},{"time":1},{"time":1.1333,"angle":2.35},{"time":1.4667,"angle":13.56},{"time":1.6,"angle":9.75},{"time":2}],"translate":[{},{"time":0.1333,"x":1.79,"y":12.99},{"time":0.4667,"x":2.91,"y":-6.66},{"time":0.6,"x":22.86,"y":-8.08},{"time":1},{"time":1.1333,"x":9.58,"y":4.98},{"time":1.4667,"x":-1.26,"y":-5.67},{"time":1.6,"x":24.99,"y":-7.38},{"time":2}],"scale":[{"time":0.1333},{"time":0.4667,"x":0.939},{"time":0.6,"x":0.993},{"time":1},{"time":1.1333,"x":1.064},{"time":1.4667}]},"basket1":{"rotate":[{},{"time":0.1333,"angle":-5.95},{"time":0.4667,"angle":7.87},{"time":0.6,"angle":16.26},{"time":1},{"time":1.1333,"angle":-8.45},{"time":1.4667,"angle":15.69},{"time":1.6,"angle":20.65},{"time":2}],"translate":[{},{"time":0.1333,"x":2.88,"y":5.98},{"time":0.4667}],"scale":[{"time":0.1333},{"time":0.4667,"x":0.963,"curve":"stepped"},{"time":0.6,"x":0.963},{"time":1},{"time":1.1333,"x":0.953},{"time":1.4667,"x":0.93},{"time":1.6,"x":0.947},{"time":2}]},"pr1":{"rotate":[{},{"time":0.1333,"angle":-11.18},{"time":0.4667,"angle":11.04},{"time":0.6,"angle":24.37},{"time":1},{"time":1.1333,"angle":-15.16},{"time":1.4667,"angle":19.39},{"time":1.6,"angle":28.65},{"time":2}],"translate":[{},{"time":0.1333,"x":5.81,"y":-19.73},{"time":0.4667,"x":14.78,"y":-25.93},{"time":0.6,"x":-17.29,"y":-20.11},{"time":1},{"time":1.1333,"x":17.14,"y":-17.43},{"time":1.4667,"x":-27.4,"y":-23.31},{"time":1.6,"x":-17.58,"y":-9.79},{"time":2}]}}},"idle_eye":{"slots":{"eye1":{"attachment":[{"time":0.5333,"name":"eye2"},{"time":0.6,"name":"eye3"},{"time":0.6667,"name":"eye2"},{"time":0.7333,"name":"eye1"}]}},"bones":{"body1":{"translate":[{},{"time":0.1333,"y":2.94},{"time":0.4667}],"scale":[{},{"time":0.1333,"x":1.026,"y":0.991},{"time":0.4667,"x":0.941,"y":1.029},{"time":0.6,"x":0.896,"y":1.049},{"time":1},{"time":1.1333,"x":1.027,"y":0.988},{"time":1.4667,"x":0.939,"y":1.041},{"time":1.6,"x":0.892,"y":1.053},{"time":2}]},"leaf1":{"translate":[{},{"time":0.4667,"x":5.66,"y":-6.1},{"time":1},{"time":1.4667,"x":9.08,"y":-8.38},{"time":2}],"scale":[{},{"time":0.4667,"x":1.045,"y":0.898},{"time":1},{"time":1.4667,"x":0.999,"y":0.898},{"time":2}]},"leaf2":{"rotate":[{},{"time":0.2667,"angle":-9.07},{"time":0.4667},{"time":0.7333,"angle":-4.4},{"time":1},{"time":1.2667,"angle":-4.4},{"time":1.4667,"angle":11.78},{"time":1.7333,"angle":-8.61},{"time":2}],"translate":[{"time":0.4667},{"time":0.7333,"x":0.46,"y":-2.35},{"time":1},{"time":1.2667,"x":0.46,"y":-2.35},{"time":1.4667}]},"leaf3":{"translate":[{},{"time":0.4667,"x":5.66,"y":-6.1},{"time":1},{"time":1.4667,"x":9.08,"y":-8.38},{"time":2}],"scale":[{},{"time":0.4667,"x":1.045,"y":0.898},{"time":1},{"time":1.4667,"x":0.999,"y":0.898},{"time":2}]},"leaf4":{"rotate":[{},{"time":0.2667,"angle":13.94},{"time":0.4667},{"time":0.7333,"angle":10.93},{"time":1},{"time":1.2667,"angle":10.93},{"time":1.4667,"angle":-7.81},{"time":1.7333,"angle":10.88},{"time":2}],"translate":[{"time":0.4667},{"time":0.7333,"x":0.73,"y":2.27},{"time":1},{"time":1.2667,"x":0.73,"y":2.27},{"time":1.4667}]},"leaf5":{"rotate":[{"time":0.1333},{"time":0.3333,"angle":-5.13},{"time":0.6667,"angle":5.85},{"time":1,"curve":"stepped"},{"time":1.3333},{"time":1.5333,"angle":-6.24},{"time":1.8667,"angle":7.01},{"time":2}],"translate":[{"time":0.3333},{"time":0.6667,"x":9.12,"y":1.14},{"time":1,"curve":"stepped"},{"time":1.3333},{"time":1.5333,"x":-3.42},{"time":1.8667,"x":11.4,"y":4.56},{"time":2}]},"leaf6":{"rotate":[{"time":0.1333},{"time":0.4667,"angle":5.51},{"time":0.6,"angle":3.16},{"time":0.8,"angle":-9.25},{"time":1,"curve":"stepped"},{"time":1.3333},{"time":1.5333,"angle":5.64,"curve":"stepped"},{"time":1.6667,"angle":5.64},{"time":1.8,"angle":-6.71},{"time":1.9333}],"translate":[{"time":0.1333},{"time":0.4667,"x":-3.42,"y":2.28},{"time":0.6,"x":-3.42,"y":-5.7},{"time":0.8,"x":-10.26,"y":17.1},{"time":1,"curve":"stepped"},{"time":1.3333},{"time":1.5333,"x":12.54,"y":-4.56},{"time":1.6667,"x":13.68,"y":-7.98},{"time":1.8,"x":-12.54,"y":2.28},{"time":1.9333}],"scale":[{"time":0.4667},{"time":0.6,"x":1.04,"y":0.815},{"time":0.8,"curve":"stepped"},{"time":1.5333},{"time":1.6667,"x":1.01},{"time":1.8}],"shear":[{"time":0.4667},{"time":0.6,"y":12.28},{"time":0.8,"curve":"stepped"},{"time":1.5333},{"time":1.6667,"y":7.25},{"time":1.8}]},"eyebrow2":{"rotate":[{},{"time":0.4667,"angle":-2.05},{"time":0.6,"curve":"stepped"},{"time":1},{"time":1.4,"angle":-7.99},{"time":1.5333}],"translate":[{},{"time":0.4667,"x":27.67},{"time":0.6,"curve":"stepped"},{"time":1},{"time":1.4,"x":28.1},{"time":1.5333}]},"eyebrow1":{"rotate":[{},{"time":0.4667,"angle":2.53},{"time":0.6,"curve":"stepped"},{"time":1},{"time":1.4,"angle":9.2},{"time":1.4667}],"translate":[{},{"time":0.4667,"x":27.67},{"time":0.6,"curve":"stepped"},{"time":1},{"time":1.4,"x":28.1},{"time":1.4667}]},"body3":{"rotate":[{},{"time":0.1333,"angle":-2.24},{"time":0.4667,"angle":18.77},{"time":0.6,"angle":11.23},{"time":1},{"time":1.1333,"angle":2.35},{"time":1.4667,"angle":13.56},{"time":1.6,"angle":9.75},{"time":2}],"translate":[{},{"time":0.1333,"x":1.79,"y":12.99},{"time":0.4667,"x":2.91,"y":-6.66},{"time":0.6,"x":22.86,"y":-8.08},{"time":1},{"time":1.1333,"x":9.58,"y":4.98},{"time":1.4667,"x":-1.26,"y":-5.67},{"time":1.6,"x":24.99,"y":-7.38},{"time":2}],"scale":[{"time":0.1333},{"time":0.4667,"x":0.939},{"time":0.6,"x":0.993},{"time":1},{"time":1.1333,"x":1.064},{"time":1.4667}]},"basket1":{"rotate":[{},{"time":0.1333,"angle":-5.95},{"time":0.4667,"angle":7.87},{"time":0.6,"angle":16.26},{"time":1},{"time":1.1333,"angle":-8.45},{"time":1.4667,"angle":15.69},{"time":1.6,"angle":20.65},{"time":2}],"translate":[{},{"time":0.1333,"x":2.88,"y":5.98},{"time":0.4667}],"scale":[{"time":0.1333},{"time":0.4667,"x":0.963,"curve":"stepped"},{"time":0.6,"x":0.963},{"time":1},{"time":1.1333,"x":0.953},{"time":1.4667,"x":0.93},{"time":1.6,"x":0.947},{"time":2}]},"pr1":{"rotate":[{},{"time":0.1333,"angle":-11.18},{"time":0.4667,"angle":11.04},{"time":0.6,"angle":24.37},{"time":1},{"time":1.1333,"angle":-15.16},{"time":1.4667,"angle":19.39},{"time":1.6,"angle":28.65},{"time":2}],"translate":[{},{"time":0.1333,"x":5.81,"y":-19.73},{"time":0.4667,"x":14.78,"y":-25.93},{"time":0.6,"x":-17.29,"y":-20.11},{"time":1},{"time":1.1333,"x":17.14,"y":-17.43},{"time":1.4667,"x":-27.4,"y":-23.31},{"time":1.6,"x":-17.58,"y":-9.79},{"time":2}]}}}}},[0]]],0,0,[0],[-1],[6]]]]