[1,["f7/EW6xCFMJpgVgXn/rV5n","ecpdLyjvZBwrvm+cedCcQy","e9MXyAfZ9Bl4JSLuamTbXv","2eUMVplPlJ3LrbFsoiNG5N","65JShnsdhJUJPWJxChdPeF"],["_textureSetter","root","tree","node","data","_spriteFrame"],["cc.SpriteFrame",["cc.PrefabInfo",["fileId","root","asset"],2,1,1],["cc.Prefab",["_name"],2],["cc.Node",["_name","_children","_components","_prefab"],2,2,9,4],["cc.Node",["_name","_parent","_components","_prefab","_contentSize","_trs"],2,1,2,4,5,7],["cc08fOhbu9MfoyNMOPOI8P3",["node","tree","treeFrames"],3,1,1,3],["cc.Sprite",["node","_materials"],3,1,3]],[[2,0,2],[3,0,1,2,3,2],[4,0,1,2,3,4,5,2],[5,0,1,2,1],[1,1,2,1],[1,0,1,2,2],[6,0,1,1]],[[[[0,"RoofPreEffect"],[1,"RoofPreEffect",[-4],[[3,-3,-2,[1,2]]],[4,-1,0]],[2,"roof_pre_bg1",1,[-5],[5,"67Fm6UhlhJsLxXsM3zKgmS",1,0],[5,591,685],[496,-17,0,0,0,0,1,1,1,1]],[6,2,[0]]],0,[0,1,1,0,2,3,0,3,1,0,-1,2,0,-1,3,0,4,1,5],[0,0,0,3],[-1,-1,-2,5],[1,0,2,0]],[[{"name":"roof_pre_bg2","rect":[0,0,591,685],"offset":[0,0],"originalSize":[591,685],"capInsets":[0,0,0,0]}],[0],0,[0],[0],[3]],[[{"name":"roof_pre_bg1","rect":[0,0,591,685],"offset":[0,0],"originalSize":[591,685],"capInsets":[0,0,0,0]}],[0],0,[0],[0],[4]]]]