[1,["e0Gdh3/7NO34gQHJe4D7cj"],0,[["sp.SkeletonData",["_name","_atlasText","textureNames","_skeletonJson","textures"],-1,3]],[[0,0,1,2,3,4,5]],[[0,"02_plant","\n02_plant.png\nsize: 256,128\nformat: RGBA8888\nfilter: Linear,Linear\nrepeat: none\n1body\n  rotate: false\n  xy: 131, 97\n  size: 16, 29\n  orig: 16, 29\n  offset: 0, 0\n  index: -1\n1head\n  rotate: false\n  xy: 97, 10\n  size: 51, 39\n  orig: 51, 39\n  offset: 0, 0\n  index: -1\n1leaf1\n  rotate: true\n  xy: 102, 72\n  size: 54, 27\n  orig: 54, 27\n  offset: 0, 0\n  index: -1\n1leaf2\n  rotate: true\n  xy: 77, 5\n  size: 40, 18\n  orig: 40, 18\n  offset: 0, 0\n  index: -1\n1petals1\n  rotate: false\n  xy: 190, 111\n  size: 12, 15\n  orig: 12, 29\n  offset: 0, 0\n  index: -1\n1petals10\n  rotate: false\n  xy: 214, 97\n  size: 8, 13\n  orig: 8, 13\n  offset: 0, 0\n  index: -1\n1petals11\n  rotate: false\n  xy: 201, 66\n  size: 11, 13\n  orig: 11, 13\n  offset: 0, 0\n  index: -1\n1petals12\n  rotate: true\n  xy: 209, 82\n  size: 13, 11\n  orig: 13, 11\n  offset: 0, 0\n  index: -1\n1petals13\n  rotate: false\n  xy: 149, 97\n  size: 16, 10\n  orig: 16, 10\n  offset: 0, 0\n  index: -1\n1petals14\n  rotate: false\n  xy: 158, 52\n  size: 14, 8\n  orig: 14, 8\n  offset: 0, 0\n  index: -1\n1petals15\n  rotate: true\n  xy: 217, 113\n  size: 13, 8\n  orig: 13, 8\n  offset: 0, 0\n  index: -1\n1petals16\n  rotate: true\n  xy: 196, 81\n  size: 14, 11\n  orig: 14, 11\n  offset: 0, 0\n  index: -1\n1petals17\n  rotate: false\n  xy: 191, 11\n  size: 10, 10\n  orig: 10, 10\n  offset: 0, 0\n  index: -1\n1petals18\n  rotate: false\n  xy: 198, 39\n  size: 10, 11\n  orig: 10, 11\n  offset: 0, 0\n  index: -1\n1petals19\n  rotate: true\n  xy: 71, 47\n  size: 22, 11\n  orig: 22, 11\n  offset: 0, 0\n  index: -1\n1petals2\n  rotate: true\n  xy: 156, 79\n  size: 16, 12\n  orig: 16, 12\n  offset: 0, 0\n  index: -1\n1petals20\n  rotate: false\n  xy: 204, 112\n  size: 11, 14\n  orig: 11, 14\n  offset: 0, 0\n  index: -1\n1petals21\n  rotate: false\n  xy: 176, 20\n  size: 10, 14\n  orig: 10, 14\n  offset: 0, 0\n  index: -1\n1petals3\n  rotate: true\n  xy: 144, 78\n  size: 17, 10\n  orig: 17, 10\n  offset: 0, 0\n  index: -1\n1petals4\n  rotate: true\n  xy: 150, 17\n  size: 15, 12\n  orig: 15, 12\n  offset: 0, 0\n  index: -1\n1petals5\n  rotate: false\n  xy: 150, 2\n  size: 14, 13\n  orig: 14, 13\n  offset: 0, 0\n  index: -1\n1petals6\n  rotate: false\n  xy: 175, 36\n  size: 10, 14\n  orig: 10, 14\n  offset: 0, 0\n  index: -1\n1petals7\n  rotate: true\n  xy: 174, 52\n  size: 9, 14\n  orig: 9, 14\n  offset: 0, 0\n  index: -1\n1petals8\n  rotate: false\n  xy: 150, 34\n  size: 9, 16\n  orig: 9, 16\n  offset: 0, 0\n  index: -1\n1petals9\n  rotate: false\n  xy: 204, 53\n  size: 7, 11\n  orig: 7, 11\n  offset: 0, 0\n  index: -1\nbody\n  rotate: true\n  xy: 84, 51\n  size: 18, 30\n  orig: 18, 30\n  offset: 0, 0\n  index: -1\neye1\n  rotate: true\n  xy: 145, 52\n  size: 24, 11\n  orig: 24, 11\n  offset: 0, 0\n  index: -1\neye2\n  rotate: false\n  xy: 97, 2\n  size: 24, 6\n  orig: 24, 6\n  offset: 0, 0\n  index: -1\neye3\n  rotate: false\n  xy: 123, 5\n  size: 24, 3\n  orig: 24, 3\n  offset: 0, 0\n  index: -1\nfx1\n  rotate: true\n  xy: 2, 47\n  size: 79, 67\n  orig: 81, 69\n  offset: 1, 1\n  index: -1\nhead\n  rotate: false\n  xy: 23, 5\n  size: 52, 40\n  orig: 52, 40\n  offset: 0, 0\n  index: -1\nleaf1\n  rotate: true\n  xy: 71, 71\n  size: 55, 29\n  orig: 55, 29\n  offset: 0, 0\n  index: -1\nleaf2\n  rotate: true\n  xy: 2, 3\n  size: 42, 19\n  orig: 42, 19\n  offset: 0, 0\n  index: -1\npetals1\n  rotate: false\n  xy: 170, 80\n  size: 13, 15\n  orig: 13, 30\n  offset: 0, 0\n  index: -1\npetals10\n  rotate: false\n  xy: 187, 36\n  size: 9, 14\n  orig: 9, 14\n  offset: 0, 0\n  index: -1\npetals11\n  rotate: false\n  xy: 166, 2\n  size: 13, 14\n  orig: 13, 14\n  offset: 0, 0\n  index: -1\npetals12\n  rotate: true\n  xy: 186, 64\n  size: 14, 13\n  orig: 14, 13\n  offset: 0, 0\n  index: -1\npetals13\n  rotate: true\n  xy: 131, 78\n  size: 17, 11\n  orig: 17, 11\n  offset: 0, 0\n  index: -1\npetals14\n  rotate: true\n  xy: 185, 80\n  size: 15, 9\n  orig: 15, 9\n  offset: 0, 0\n  index: -1\npetals15\n  rotate: true\n  xy: 174, 63\n  size: 15, 10\n  orig: 15, 10\n  offset: 0, 0\n  index: -1\npetals16\n  rotate: true\n  xy: 161, 35\n  size: 15, 12\n  orig: 15, 12\n  offset: 0, 0\n  index: -1\npetals17\n  rotate: false\n  xy: 188, 23\n  size: 11, 11\n  orig: 11, 11\n  offset: 0, 0\n  index: -1\npetals18\n  rotate: false\n  xy: 201, 97\n  size: 11, 12\n  orig: 11, 12\n  offset: 0, 0\n  index: -1\npetals19\n  rotate: true\n  xy: 190, 52\n  size: 10, 12\n  orig: 10, 12\n  offset: 0, 0\n  index: -1\npetals2\n  rotate: true\n  xy: 129, 53\n  size: 17, 14\n  orig: 17, 14\n  offset: 0, 0\n  index: -1\npetals20\n  rotate: false\n  xy: 176, 110\n  size: 12, 16\n  orig: 12, 16\n  offset: 0, 0\n  index: -1\npetals21\n  rotate: true\n  xy: 184, 97\n  size: 11, 15\n  orig: 11, 15\n  offset: 0, 0\n  index: -1\npetals3\n  rotate: true\n  xy: 116, 52\n  size: 18, 11\n  orig: 18, 11\n  offset: 0, 0\n  index: -1\npetals4\n  rotate: true\n  xy: 161, 110\n  size: 16, 13\n  orig: 16, 13\n  offset: 0, 0\n  index: -1\npetals5\n  rotate: true\n  xy: 158, 62\n  size: 15, 14\n  orig: 15, 14\n  offset: 0, 0\n  index: -1\npetals6\n  rotate: true\n  xy: 167, 97\n  size: 11, 15\n  orig: 11, 15\n  offset: 0, 0\n  index: -1\npetals7\n  rotate: false\n  xy: 164, 18\n  size: 10, 15\n  orig: 10, 15\n  offset: 0, 0\n  index: -1\npetals8\n  rotate: false\n  xy: 149, 109\n  size: 10, 17\n  orig: 10, 17\n  offset: 0, 0\n  index: -1\npetals9\n  rotate: false\n  xy: 181, 6\n  size: 8, 12\n  orig: 8, 12\n  offset: 0, 0\n  index: -1\n",["02_plant.png"],{"skeleton":{"hash":"7KdgvZLFddpO4lZ1TvdVIA6GYfM","spine":"3.8.99","x":-40.84,"y":-13.94,"width":78.68,"height":90.14},"bones":[{"name":"root"},{"name":"plant","parent":"root","scaleX":0.166,"scaleY":0.166},{"name":"leaf1","parent":"plant","length":135.81,"rotation":31.15,"x":22.03,"y":-10.8},{"name":"leaf2","parent":"leaf1","length":76.04,"rotation":-104.6,"x":136.25,"y":-1.8},{"name":"leaf3","parent":"plant","length":144.58,"rotation":171.91,"x":2.33,"y":-21.96},{"name":"leaf4","parent":"leaf3","length":67.49,"rotation":80.54,"x":144.49,"y":0.65},{"name":"leaf5","parent":"plant","length":90.55,"rotation":154.64,"x":-11.19,"y":42.48},{"name":"leaf6","parent":"leaf5","length":41.78,"rotation":58.19,"x":90.31,"y":0.51},{"name":"leaf7","parent":"plant","length":101.54,"rotation":34.09,"x":7.06,"y":35.68},{"name":"leaf8","parent":"leaf7","length":49.67,"rotation":-62.7,"x":101.54},{"name":"body","parent":"plant","length":184.34,"rotation":107.58,"x":13.21,"y":5.44},{"name":"head","parent":"plant","x":6.81,"y":269.09},{"name":"petals7","parent":"head","length":78.79,"rotation":104.04,"x":-49.62,"y":97.07},{"name":"petals9","parent":"head","length":86.49,"rotation":93.17,"x":-9.2,"y":97.07},{"name":"petals11","parent":"head","length":69.3,"rotation":94.56,"x":27.55,"y":104.42},{"name":"petals10","parent":"head","length":75.97,"rotation":77.71,"x":52.91,"y":102.22},{"name":"petals13","parent":"head","length":86.36,"rotation":53.13,"x":72.38,"y":82.74},{"name":"petals12","parent":"head","length":87.47,"rotation":39.37,"x":98.98,"y":55.69},{"name":"petals15","parent":"head","length":102.47,"rotation":16.03,"x":118.82,"y":35.11},{"name":"petals14","parent":"head","length":84.5,"rotation":-5.24,"x":130.21,"y":3.14},{"name":"petals17","parent":"head","length":83.33,"rotation":-19.31,"x":119.53,"y":-30.84},{"name":"petals16","parent":"head","length":92.76,"rotation":-37.6,"x":92.7,"y":-51.41},{"name":"petals19","parent":"head","length":64.03,"rotation":-54.58,"x":77.27,"y":-80.08},{"name":"petals18","parent":"head","length":71.02,"rotation":-59.19,"x":46.16,"y":-97.15},{"name":"petals21","parent":"head","length":62.05,"rotation":-79.42,"x":11.25,"y":-96.41},{"name":"petals23","parent":"head","length":77.82,"rotation":-94.88,"x":-26.9,"y":-102.66},{"name":"petals20","parent":"head","length":84.26,"rotation":-102.34,"x":-75.04,"y":-89.8},{"name":"petals2","parent":"head","length":103.73,"rotation":-155.39,"x":-128.19,"y":-46.05},{"name":"petals1","parent":"head","length":89.53,"rotation":-119.77,"x":-111.11,"y":-68.29},{"name":"petals4","parent":"head","length":104.1,"rotation":-179.6,"x":-139.52,"y":-17.2},{"name":"petals6","parent":"head","length":100.34,"rotation":150.66,"x":-135.54,"y":8.1},{"name":"petals5","parent":"head","length":90.79,"rotation":137.1,"x":-117.11,"y":46.78},{"name":"petals22","parent":"head","length":84.86,"rotation":113.07,"x":-88.42,"y":74.43},{"name":"head2","parent":"head","x":-0.14,"y":4.75},{"name":"fx1","parent":"head","x":-9.47,"y":1.79}],"slots":[{"name":"leaf2","bone":"leaf7","dark":"000000","attachment":"leaf2"},{"name":"body","bone":"body","dark":"000000","attachment":"body"},{"name":"leaf1","bone":"leaf3","dark":"000000","attachment":"leaf1"},{"name":"petals21","bone":"petals23","dark":"000000","attachment":"petals21"},{"name":"petals20","bone":"petals20","dark":"000000","attachment":"petals20"},{"name":"petals19","bone":"petals21","dark":"000000","attachment":"petals19"},{"name":"petals18","bone":"petals18","dark":"000000","attachment":"petals18"},{"name":"petals17","bone":"petals19","dark":"000000","attachment":"petals17"},{"name":"petals16","bone":"petals16","dark":"000000","attachment":"petals16"},{"name":"petals15","bone":"petals17","dark":"000000","attachment":"petals15"},{"name":"petals14","bone":"petals14","dark":"000000","attachment":"petals14"},{"name":"petals13","bone":"petals15","dark":"000000","attachment":"petals13"},{"name":"petals12","bone":"petals12","dark":"000000","attachment":"petals12"},{"name":"petals11","bone":"petals13","dark":"000000","attachment":"petals11"},{"name":"petals10","bone":"petals10","dark":"000000","attachment":"petals10"},{"name":"petals9","bone":"petals11","dark":"000000","attachment":"petals9"},{"name":"petals8","bone":"petals9","dark":"000000","attachment":"petals8"},{"name":"petals7","bone":"petals7","dark":"000000","attachment":"petals7"},{"name":"petals6","bone":"petals22","dark":"000000","attachment":"petals6"},{"name":"petals5","bone":"petals5","dark":"000000","attachment":"petals5"},{"name":"petals4","bone":"petals6","dark":"000000","attachment":"petals4"},{"name":"petals3","bone":"petals4","dark":"000000","attachment":"petals3"},{"name":"petals2","bone":"petals2","dark":"000000","attachment":"petals2"},{"name":"petals1","bone":"petals1","dark":"000000","attachment":"petals1"},{"name":"head","bone":"head2","dark":"000000","attachment":"head"},{"name":"1leaf2","bone":"leaf7"},{"name":"1body","bone":"body"},{"name":"1leaf1","bone":"leaf3"},{"name":"1petals21","bone":"petals23"},{"name":"1petals20","bone":"petals20"},{"name":"1petals19","bone":"petals21"},{"name":"1petals18","bone":"petals18"},{"name":"1petals17","bone":"petals19"},{"name":"1petals16","bone":"petals16"},{"name":"1petals15","bone":"petals17"},{"name":"1petals14","bone":"petals14"},{"name":"1petals13","bone":"petals15"},{"name":"1petals12","bone":"petals12"},{"name":"1petals11","bone":"petals13"},{"name":"1petals10","bone":"petals10"},{"name":"1petals9","bone":"petals11"},{"name":"1petals8","bone":"petals9"},{"name":"1petals7","bone":"petals7"},{"name":"1petals6","bone":"petals22"},{"name":"1petals5","bone":"petals5"},{"name":"1petals4","bone":"petals6"},{"name":"1petals3","bone":"petals4"},{"name":"1petals2","bone":"petals2"},{"name":"1petals1","bone":"petals1"},{"name":"1head","bone":"head2"},{"name":"eye1","bone":"head2","dark":"000000","attachment":"eye1"},{"name":"fx1","bone":"fx1"}],"skins":[{"name":"default","attachments":{"1body":{"1body":{"x":101.87,"y":16.73,"rotation":-107.58,"width":109,"height":193}},"1head":{"1head":{"x":-6.91,"y":-0.84,"width":340,"height":260}},"1leaf1":{"1leaf1":{"type":"mesh","hull":28,"uvs":[0.51355,0.42009,0.30521,0.24679,0.18435,0.26239,0.05538,0.3473,0.01389,0.48594,0,0.68525,0.01209,0.90534,0.12032,1,0.13655,0.96773,0.10318,0.86721,0.13024,0.79963,0.19698,0.79963,0.26642,0.87068,0.43057,0.97466,0.56225,0.85855,0.68942,0.88974,0.77879,0.66901,0.81938,0.55116,0.86357,0.51824,0.88432,0.58929,0.84283,0.69847,0.89785,0.74872,0.9718,0.65688,1,0.44545,0.97451,0.19417,0.85816,0.01221,0.68319,0.01221,0.56865,0.18204,0.55422,0.64994,0.06971,0.852,0.06733,0.69906,0.14455,0.57123,0.92508,0.62373,0.94171,0.46622,0.85974,0.26306],"triangles":[6,29,7,29,9,7,7,9,8,29,5,30,29,6,5,9,29,10,29,30,10,10,30,31,31,30,4,30,5,4,14,13,28,28,13,12,28,12,0,10,31,11,12,11,31,0,12,1,1,12,31,1,31,2,4,3,31,31,3,2,21,32,22,20,19,21,21,19,32,32,33,22,22,33,23,32,19,33,19,18,33,18,34,33,23,33,24,33,34,24,16,15,28,15,14,28,16,28,17,28,0,17,0,27,17,17,27,34,17,34,18,34,26,25,26,34,27,34,25,24],"vertices":[2,2,4.4,41.23,0.67328,4,4.74,-48.54,0.32672,2,2,-43.91,109.11,0.00409,4,85.1,-70.55,0.99591,2,4,128.6,-61.35,0.99195,5,-63.77,5.49,0.00805,2,4,173.17,-38.63,0.58548,5,-34.03,-34.75,0.41452,2,4,184.52,-10.27,0.16945,5,-4.19,-41.28,0.83055,1,5,33.64,-34.66,1,1,5,72.38,-17.75,1,1,5,77.64,25.57,1,1,5,69.97,29.39,1,2,4,141.82,57.21,0.00559,5,55.36,11.93,0.99441,2,4,133.81,43.03,0.16688,5,40.05,17.5,0.83312,2,4,109.56,39.59,0.75418,5,32.67,40.86,0.24582,2,4,82.42,49.43,0.97163,5,37.92,69.25,0.02837,1,4,19.98,60.62,1,2,2,-23.62,-39.69,0.4247,4,-24.74,31.86,0.5753,2,2,13.23,-68.93,0.95032,4,-71.79,31.18,0.04968,2,2,63.11,-49.82,0.97119,3,64.9,-58.68,0.02881,2,2,87.51,-38.26,0.76977,3,47.57,-37.99,0.23023,2,2,104.64,-41.27,0.27962,3,46.16,-20.65,0.72038,2,2,104.13,-56.82,0.02091,3,61.34,-17.22,0.97909,1,3,76.99,-37.75,1,1,3,91.94,-21.14,1,1,3,82.86,9.88,1,1,3,47.1,31.31,1,2,2,171.5,-9.36,0.03338,3,-1.57,36.02,0.96662,2,2,152.94,42.47,0.94277,3,-47.05,4.99,0.05723,1,2,97.99,75.69,1,2,2,45.23,69.68,0.99951,4,-8.88,-96.4,0.00049,2,2,-5.53,-4.06,0.78531,4,-16.22,-7.18,0.21469,1,5,56.29,-0.66,1,1,5,28.7,-10.3,1,1,4,134.75,-0.89,1,2,2,113.53,-70.19,0.00033,3,71.91,-4.75,0.99967,1,3,44.81,9.67,1,1,2,128.65,1.17,1]}},"1leaf2":{"1leaf2":{"type":"mesh","hull":28,"uvs":[0.47041,0.38868,0.39433,0.18452,0.24622,0.09012,0.11942,0.10988,0.02507,0.24379,0.00377,0.43259,0.01392,0.65651,0.04942,0.62578,0.0687,0.51382,0.09203,0.65432,0.1255,0.78603,0.18536,0.90678,0.37506,0.99678,0.46838,0.88043,0.57592,1,0.72605,0.92434,0.79706,0.73554,0.83967,0.59943,0.8843,0.45235,0.93908,0.48967,0.96749,0.57089,0.9939,0.50054,0.97767,0.29198,0.93304,0.14051,0.8671,0.07026,0.77174,0,0.62363,0.01318,0.50494,0.22832,0.4952,0.66689,0.0574,0.40823,0.14335,0.29489,0.22392,0.50123,0.95315,0.39951,0.88332,0.29489,0.74499,0.31232],"triangles":[10,9,31,6,5,7,9,8,31,8,5,29,8,7,5,8,29,30,5,4,29,28,13,12,12,11,31,11,10,31,28,12,31,31,0,28,8,30,31,31,1,0,31,2,1,31,30,2,29,4,30,4,3,30,30,3,2,20,19,21,19,32,21,32,22,21,19,18,32,34,33,18,18,33,32,32,33,22,34,24,33,33,23,22,33,24,23,15,14,28,14,13,28,16,15,28,16,28,34,27,34,0,27,26,34,16,34,17,34,28,0,17,34,18,34,25,24,34,26,25],"vertices":[2,8,9.4,40.21,0.32251,6,10.46,-30.2,0.67749,2,8,6.59,73.66,0.00179,6,40.69,-44.79,0.99821,1,6,82.94,-38.13,1,2,6,113.6,-20.8,0.994,7,-5.84,-31.02,0.006,2,6,129.87,5.88,0.46171,7,25.41,-30.79,0.53829,2,6,124.85,30.25,0.05483,7,43.47,-13.68,0.94517,1,7,56.65,11.93,1,1,7,46.25,13.96,1,2,6,104.14,31.94,0.00017,7,34,4.81,0.99983,2,6,90.6,45.42,0.16188,7,38.32,23.42,0.83812,2,6,75,56.68,0.38625,7,39.66,42.62,0.61375,2,6,53.4,63.54,0.60683,7,34.11,64.59,0.39317,3,8,-56.1,-9.45,0.03739,6,0.98,51.45,0.90238,7,-3.8,102.76,0.06022,3,8,-26.35,-11.61,0.48155,6,-16,26.92,0.51131,7,-33.6,104.26,0.00714,2,8,-10.26,-40.98,0.99644,6,-49.47,27.99,0.00356,2,8,29.61,-56.26,0.99727,9,17.01,-89.72,0.00273,2,8,59.45,-47.28,0.938,9,22.7,-59.09,0.062,2,8,78.99,-39.46,0.75973,9,24.72,-38.14,0.24027,2,8,99.78,-30.8,0.19541,9,26.56,-15.69,0.80459,2,8,109.67,-43.26,0.00617,9,42.17,-12.62,0.99383,1,9,54.06,-17.98,1,1,9,56.17,-6.57,1,1,9,39.44,14.71,1,1,9,19.3,25.82,1,2,8,123.24,12.38,0.14842,9,-1.04,24.96,0.85158,3,8,106.41,34.63,0.81128,9,-28.54,20.21,0.18866,6,-43.66,-110.91,0.00006,2,8,71.49,56.22,0.97433,6,-7.31,-91.81,0.02567,2,8,28.82,51.85,0.77096,6,10.61,-52.85,0.22904,3,8,-4.87,6.87,0.57626,6,-11,-0.97,0.42373,7,-54.66,85.32,0.00001,2,6,112.76,21.07,0.08102,7,29.3,-8.25,0.91898,1,6,97.46,-2.24,1,2,6,65.98,12.06,0.79618,7,-3.01,26.76,0.20382,2,8,119.36,-35.89,0.00026,9,40.07,-0.62,0.99974,1,9,16.67,1.87,1,2,8,77.86,5.67,0.99988,6,-54.08,-71.61,0.00012]}},"1petals1":{"1petals1":{"x":2.1,"y":-27.25,"rotation":119.77,"width":78,"height":193}},"1petals2":{"1petals2":{"x":54.63,"y":2.51,"rotation":155.39,"width":108,"height":82}},"1petals3":{"1petals3":{"x":53.3,"y":0.52,"rotation":179.6,"width":112,"height":66}},"1petals4":{"1petals4":{"x":49.2,"y":-0.24,"rotation":-150.66,"width":101,"height":79}},"1petals5":{"1petals5":{"x":46.88,"y":-1.67,"rotation":-137.1,"width":91,"height":88}},"1petals6":{"1petals6":{"x":42.94,"y":0.06,"rotation":-113.07,"width":67,"height":94}},"1petals7":{"1petals7":{"x":35.67,"y":3.13,"rotation":-104.04,"width":61,"height":94}},"1petals8":{"1petals8":{"x":35.04,"y":2.68,"rotation":-93.17,"width":58,"height":108}},"1petals9":{"1petals9":{"x":28.09,"y":0.13,"rotation":-94.56,"width":44,"height":75}},"1petals10":{"1petals10":{"x":35.18,"y":-0.82,"rotation":-77.71,"width":54,"height":87}},"1petals11":{"1petals11":{"x":40.62,"y":-0.54,"rotation":-53.13,"width":76,"height":86}},"1petals12":{"1petals12":{"x":44.74,"y":-0.2,"rotation":-39.37,"width":85,"height":76}},"1petals13":{"1petals13":{"x":48.31,"y":2.04,"rotation":-16.03,"width":105,"height":67}},"1petals14":{"1petals14":{"x":39.79,"y":-1.6,"rotation":5.24,"width":91,"height":52}},"1petals15":{"1petals15":{"x":43.23,"y":1.11,"rotation":19.31,"width":89,"height":56}},"1petals16":{"1petals16":{"x":47.68,"y":1.16,"rotation":37.6,"width":94,"height":73}},"1petals17":{"1petals17":{"x":34.07,"y":3.89,"rotation":54.58,"width":64,"height":67}},"1petals18":{"1petals18":{"x":34.25,"y":2.89,"rotation":59.19,"width":64,"height":74}},"1petals19":{"1petals19":{"x":31.43,"y":1.19,"rotation":79.42,"width":145,"height":74}},"1petals20":{"1petals20":{"x":41.66,"y":-1.91,"rotation":102.34,"width":70,"height":96}},"1petals21":{"1petals21":{"x":39.03,"y":0.41,"rotation":94.88,"width":66,"height":93}},"body":{"body":{"x":101.87,"y":16.73,"rotation":-107.58,"width":117,"height":201}},"eye1":{"eye1":{"x":1.33,"y":28.66,"width":158,"height":73},"eye2":{"x":1.33,"y":26.16,"width":158,"height":40},"eye3":{"x":1.33,"y":21.16,"width":158,"height":20}},"fx1":{"fx1":{"x":-6.57,"y":2.1,"width":543,"height":458}},"head":{"head":{"x":-6.91,"y":-0.84,"width":348,"height":268}},"leaf1":{"leaf1":{"type":"mesh","hull":28,"uvs":[0.51355,0.42009,0.30521,0.24679,0.18435,0.26239,0.05538,0.3473,0.01389,0.48594,0,0.68525,0.01209,0.90534,0.12032,1,0.13655,0.96773,0.10318,0.86721,0.13024,0.79963,0.19698,0.79963,0.26642,0.87068,0.43057,0.97466,0.56225,0.85855,0.68942,0.88974,0.77879,0.66901,0.81938,0.55116,0.86357,0.51824,0.88432,0.58929,0.84283,0.69847,0.89785,0.74872,0.9718,0.65688,1,0.44545,0.97451,0.19417,0.85816,0.01221,0.68319,0.01221,0.56865,0.18204,0.55422,0.64994,0.06971,0.852,0.06733,0.69906,0.14455,0.57123,0.92508,0.62373,0.94171,0.46622,0.85974,0.26306],"triangles":[6,29,7,29,9,7,7,9,8,29,5,30,29,6,5,9,29,10,29,30,10,10,30,31,31,30,4,30,5,4,14,13,28,28,13,12,28,12,0,10,31,11,12,11,31,0,12,1,1,12,31,1,31,2,4,3,31,31,3,2,21,32,22,20,19,21,21,19,32,32,33,22,22,33,23,32,19,33,19,18,33,18,34,33,23,33,24,33,34,24,16,15,28,15,14,28,16,28,17,28,0,17,0,27,17,17,27,34,17,34,18,34,26,25,26,34,27,34,25,24],"vertices":[2,2,4.4,41.23,0.67328,4,4.74,-48.54,0.32672,2,2,-43.91,109.11,0.00409,4,85.1,-70.55,0.99591,2,4,128.6,-61.35,0.99195,5,-63.77,5.49,0.00805,2,4,173.17,-38.63,0.58548,5,-34.03,-34.75,0.41452,2,4,184.52,-10.27,0.16945,5,-4.19,-41.28,0.83055,1,5,33.64,-34.66,1,1,5,72.38,-17.75,1,1,5,77.64,25.57,1,1,5,69.97,29.39,1,2,4,141.82,57.21,0.00559,5,55.36,11.93,0.99441,2,4,133.81,43.03,0.16688,5,40.05,17.5,0.83312,2,4,109.56,39.59,0.75418,5,32.67,40.86,0.24582,2,4,82.42,49.43,0.97163,5,37.92,69.25,0.02837,1,4,19.98,60.62,1,2,2,-23.62,-39.69,0.4247,4,-24.74,31.86,0.5753,2,2,13.23,-68.93,0.95032,4,-71.79,31.18,0.04968,2,2,63.11,-49.82,0.97119,3,64.9,-58.68,0.02881,2,2,87.51,-38.26,0.76977,3,47.57,-37.99,0.23023,2,2,104.64,-41.27,0.27962,3,46.16,-20.65,0.72038,2,2,104.13,-56.82,0.02091,3,61.34,-17.22,0.97909,1,3,76.99,-37.75,1,1,3,91.94,-21.14,1,1,3,82.86,9.88,1,1,3,47.1,31.31,1,2,2,171.5,-9.36,0.03338,3,-1.57,36.02,0.96662,2,2,152.94,42.47,0.94277,3,-47.05,4.99,0.05723,1,2,97.99,75.69,1,2,2,45.23,69.68,0.99951,4,-8.88,-96.4,0.00049,2,2,-5.53,-4.06,0.78531,4,-16.22,-7.18,0.21469,1,5,56.29,-0.66,1,1,5,28.7,-10.3,1,1,4,134.75,-0.89,1,2,2,113.53,-70.19,0.00033,3,71.91,-4.75,0.99967,1,3,44.81,9.67,1,1,2,128.65,1.17,1]}},"leaf2":{"leaf2":{"type":"mesh","hull":28,"uvs":[0.47041,0.38868,0.39433,0.18452,0.24622,0.09012,0.11942,0.10988,0.02507,0.24379,0.00377,0.43259,0.01392,0.65651,0.04942,0.62578,0.0687,0.51382,0.09203,0.65432,0.1255,0.78603,0.18536,0.90678,0.37506,0.99678,0.46838,0.88043,0.57592,1,0.72605,0.92434,0.79706,0.73554,0.83967,0.59943,0.8843,0.45235,0.93908,0.48967,0.96749,0.57089,0.9939,0.50054,0.97767,0.29198,0.93304,0.14051,0.8671,0.07026,0.77174,0,0.62363,0.01318,0.50494,0.22832,0.4952,0.66689,0.0574,0.40823,0.14335,0.29489,0.22392,0.50123,0.95315,0.39951,0.88332,0.29489,0.74499,0.31232],"triangles":[10,9,31,6,5,7,9,8,31,8,5,29,8,7,5,8,29,30,5,4,29,28,13,12,12,11,31,11,10,31,28,12,31,31,0,28,8,30,31,31,1,0,31,2,1,31,30,2,29,4,30,4,3,30,30,3,2,20,19,21,19,32,21,32,22,21,19,18,32,34,33,18,18,33,32,32,33,22,34,24,33,33,23,22,33,24,23,15,14,28,14,13,28,16,15,28,16,28,34,27,34,0,27,26,34,16,34,17,34,28,0,17,34,18,34,25,24,34,26,25],"vertices":[2,8,9.4,40.21,0.32251,6,10.46,-30.2,0.67749,2,8,6.59,73.66,0.00179,6,40.69,-44.79,0.99821,1,6,82.94,-38.13,1,2,6,113.6,-20.8,0.994,7,-5.84,-31.02,0.006,2,6,129.87,5.88,0.46171,7,25.41,-30.79,0.53829,2,6,124.85,30.25,0.05483,7,43.47,-13.68,0.94517,1,7,56.65,11.93,1,1,7,46.25,13.96,1,2,6,104.14,31.94,0.00017,7,34,4.81,0.99983,2,6,90.6,45.42,0.16188,7,38.32,23.42,0.83812,2,6,75,56.68,0.38625,7,39.66,42.62,0.61375,2,6,53.4,63.54,0.60683,7,34.11,64.59,0.39317,3,8,-56.1,-9.45,0.03739,6,0.98,51.45,0.90238,7,-3.8,102.76,0.06022,3,8,-26.35,-11.61,0.48155,6,-16,26.92,0.51131,7,-33.6,104.26,0.00714,2,8,-10.26,-40.98,0.99644,6,-49.47,27.99,0.00356,2,8,29.61,-56.26,0.99727,9,17.01,-89.72,0.00273,2,8,59.45,-47.28,0.938,9,22.7,-59.09,0.062,2,8,78.99,-39.46,0.75973,9,24.72,-38.14,0.24027,2,8,99.78,-30.8,0.19541,9,26.56,-15.69,0.80459,2,8,109.67,-43.26,0.00617,9,42.17,-12.62,0.99383,1,9,54.06,-17.98,1,1,9,56.17,-6.57,1,1,9,39.44,14.71,1,1,9,19.3,25.82,1,2,8,123.24,12.38,0.14842,9,-1.04,24.96,0.85158,3,8,106.41,34.63,0.81128,9,-28.54,20.21,0.18866,6,-43.66,-110.91,0.00006,2,8,71.49,56.22,0.97433,6,-7.31,-91.81,0.02567,2,8,28.82,51.85,0.77096,6,10.61,-52.85,0.22904,3,8,-4.87,6.87,0.57626,6,-11,-0.97,0.42373,7,-54.66,85.32,0.00001,2,6,112.76,21.07,0.08102,7,29.3,-8.25,0.91898,1,6,97.46,-2.24,1,2,6,65.98,12.06,0.79618,7,-3.01,26.76,0.20382,2,8,119.36,-35.89,0.00026,9,40.07,-0.62,0.99974,1,9,16.67,1.87,1,2,8,77.86,5.67,0.99988,6,-54.08,-71.61,0.00012]}},"petals1":{"petals1":{"x":2.1,"y":-27.25,"rotation":119.77,"width":86,"height":201}},"petals2":{"petals2":{"x":54.63,"y":2.51,"rotation":155.39,"width":116,"height":90}},"petals3":{"petals3":{"x":53.3,"y":0.52,"rotation":179.6,"width":120,"height":74}},"petals4":{"petals4":{"x":49.2,"y":-0.24,"rotation":-150.66,"width":109,"height":87}},"petals5":{"petals5":{"x":46.88,"y":-1.67,"rotation":-137.1,"width":99,"height":96}},"petals6":{"petals6":{"x":42.94,"y":0.06,"rotation":-113.07,"width":75,"height":102}},"petals7":{"petals7":{"x":35.67,"y":3.13,"rotation":-104.04,"width":69,"height":102}},"petals8":{"petals8":{"x":35.04,"y":2.68,"rotation":-93.17,"width":66,"height":116}},"petals9":{"petals9":{"x":28.09,"y":0.13,"rotation":-94.56,"width":52,"height":83}},"petals10":{"petals10":{"x":35.18,"y":-0.82,"rotation":-77.71,"width":62,"height":95}},"petals11":{"petals11":{"x":40.62,"y":-0.54,"rotation":-53.13,"width":84,"height":94}},"petals12":{"petals12":{"x":44.74,"y":-0.2,"rotation":-39.37,"width":93,"height":84}},"petals13":{"petals13":{"x":48.31,"y":2.04,"rotation":-16.03,"width":113,"height":75}},"petals14":{"petals14":{"x":39.79,"y":-1.6,"rotation":5.24,"width":99,"height":60}},"petals15":{"petals15":{"x":43.23,"y":1.11,"rotation":19.31,"width":97,"height":64}},"petals16":{"petals16":{"x":47.68,"y":1.16,"rotation":37.6,"width":102,"height":81}},"petals17":{"petals17":{"x":34.07,"y":3.89,"rotation":54.58,"width":72,"height":75}},"petals18":{"petals18":{"x":34.25,"y":2.89,"rotation":59.19,"width":72,"height":82}},"petals19":{"petals19":{"x":31.43,"y":1.19,"rotation":79.42,"width":64,"height":82}},"petals20":{"petals20":{"x":41.66,"y":-1.91,"rotation":102.34,"width":78,"height":104}},"petals21":{"petals21":{"x":39.03,"y":0.41,"rotation":94.88,"width":74,"height":101}}}}],"events":{"Sunlight":{}},"animations":{"Sunlight":{"slots":{"1body":{"color":[{"color":"ffffff00","curve":"stepped"},{"time":0.1333,"color":"ffffff00","curve":0.25,"c3":0.75},{"time":0.2667,"color":"ffffffff","curve":"stepped"},{"time":0.5,"color":"ffffffff","curve":0.25,"c3":0.75},{"time":0.6,"color":"ffffff00"}],"attachment":[{"name":"1body"},{"time":0.6,"name":null}]},"1head":{"color":[{"color":"ffffff00","curve":"stepped"},{"time":0.1333,"color":"ffffff00","curve":0.25,"c3":0.75},{"time":0.2333,"color":"ffffffff","curve":"stepped"},{"time":0.5333,"color":"ffffffff","curve":0.25,"c3":0.75},{"time":0.6,"color":"ffffff00"}],"attachment":[{"name":"1head"},{"time":0.6,"name":null}]},"1leaf1":{"color":[{"color":"ffffff00","curve":"stepped"},{"time":0.1333,"color":"ffffff00","curve":0.25,"c3":0.75},{"time":0.2667,"color":"ffffffff","curve":"stepped"},{"time":0.5,"color":"ffffffff","curve":0.25,"c3":0.75},{"time":0.6,"color":"ffffff00"}],"attachment":[{"name":"1leaf1"},{"time":0.6,"name":null}]},"1leaf2":{"color":[{"color":"ffffff00","curve":"stepped"},{"time":0.1333,"color":"ffffff00","curve":0.25,"c3":0.75},{"time":0.2667,"color":"ffffffff","curve":"stepped"},{"time":0.5,"color":"ffffffff","curve":0.25,"c3":0.75},{"time":0.6,"color":"ffffff00"}],"attachment":[{"name":"1leaf2"},{"time":0.6,"name":null}]},"1petals1":{"color":[{"color":"ffffff00","curve":"stepped"},{"time":0.2,"color":"ffffff00","curve":0.25,"c3":0.75},{"time":0.3333,"color":"ffffffff","curve":"stepped"},{"time":0.5,"color":"ffffffff","curve":0.25,"c3":0.75},{"time":0.5667,"color":"ffffff00"}],"attachment":[{"name":"1petals1"},{"time":0.6,"name":null}]},"1petals2":{"color":[{"color":"ffffff00","curve":"stepped"},{"time":0.2,"color":"ffffff00","curve":0.25,"c3":0.75},{"time":0.3333,"color":"ffffffff","curve":"stepped"},{"time":0.5,"color":"ffffffff","curve":0.25,"c3":0.75},{"time":0.5667,"color":"ffffff00"}],"attachment":[{"name":"1petals2"},{"time":0.6,"name":null}]},"1petals3":{"color":[{"color":"ffffff00","curve":"stepped"},{"time":0.2,"color":"ffffff00","curve":0.25,"c3":0.75},{"time":0.3333,"color":"ffffffff","curve":"stepped"},{"time":0.5,"color":"ffffffff","curve":0.25,"c3":0.75},{"time":0.5667,"color":"ffffff00"}],"attachment":[{"name":"1petals3"},{"time":0.6,"name":null}]},"1petals4":{"color":[{"color":"ffffff00","curve":"stepped"},{"time":0.2,"color":"ffffff00","curve":0.25,"c3":0.75},{"time":0.3333,"color":"ffffffff","curve":"stepped"},{"time":0.5,"color":"ffffffff","curve":0.25,"c3":0.75},{"time":0.5667,"color":"ffffff00"}],"attachment":[{"name":"1petals4"},{"time":0.6,"name":null}]},"1petals5":{"color":[{"color":"ffffff00","curve":"stepped"},{"time":0.2,"color":"ffffff00","curve":0.25,"c3":0.75},{"time":0.3333,"color":"ffffffff","curve":"stepped"},{"time":0.5,"color":"ffffffff","curve":0.25,"c3":0.75},{"time":0.5667,"color":"ffffff00"}],"attachment":[{"name":"1petals5"},{"time":0.6,"name":null}]},"1petals6":{"color":[{"color":"ffffff00","curve":"stepped"},{"time":0.2,"color":"ffffff00","curve":0.25,"c3":0.75},{"time":0.3333,"color":"ffffffff","curve":"stepped"},{"time":0.5,"color":"ffffffff","curve":0.25,"c3":0.75},{"time":0.5667,"color":"ffffff00"}],"attachment":[{"name":"1petals6"},{"time":0.6,"name":null}]},"1petals7":{"color":[{"color":"ffffff00","curve":"stepped"},{"time":0.2,"color":"ffffff00","curve":0.25,"c3":0.75},{"time":0.3333,"color":"ffffffff","curve":"stepped"},{"time":0.5,"color":"ffffffff","curve":0.25,"c3":0.75},{"time":0.5667,"color":"ffffff00"}],"attachment":[{"name":"1petals7"},{"time":0.6,"name":null}]},"1petals8":{"color":[{"color":"ffffff00","curve":"stepped"},{"time":0.2,"color":"ffffff00","curve":0.25,"c3":0.75},{"time":0.3333,"color":"ffffffff","curve":"stepped"},{"time":0.5,"color":"ffffffff","curve":0.25,"c3":0.75},{"time":0.5667,"color":"ffffff00"}],"attachment":[{"name":"1petals8"},{"time":0.6,"name":null}]},"1petals9":{"color":[{"color":"ffffff00","curve":"stepped"},{"time":0.2,"color":"ffffff00","curve":0.25,"c3":0.75},{"time":0.3333,"color":"ffffffff","curve":"stepped"},{"time":0.5,"color":"ffffffff","curve":0.25,"c3":0.75},{"time":0.5667,"color":"ffffff00"}],"attachment":[{"name":"1petals9"},{"time":0.6,"name":null}]},"1petals10":{"color":[{"color":"ffffff00","curve":"stepped"},{"time":0.2,"color":"ffffff00","curve":0.25,"c3":0.75},{"time":0.3333,"color":"ffffffff","curve":"stepped"},{"time":0.5,"color":"ffffffff","curve":0.25,"c3":0.75},{"time":0.5667,"color":"ffffff00"}],"attachment":[{"name":"1petals10"},{"time":0.6,"name":null}]},"1petals11":{"color":[{"color":"ffffff00","curve":"stepped"},{"time":0.2,"color":"ffffff00","curve":0.25,"c3":0.75},{"time":0.3333,"color":"ffffffff","curve":"stepped"},{"time":0.5,"color":"ffffffff","curve":0.25,"c3":0.75},{"time":0.5667,"color":"ffffff00"}],"attachment":[{"name":"1petals11"},{"time":0.6,"name":null}]},"1petals12":{"color":[{"color":"ffffff00","curve":"stepped"},{"time":0.2,"color":"ffffff00","curve":0.25,"c3":0.75},{"time":0.3333,"color":"ffffffff","curve":"stepped"},{"time":0.5,"color":"ffffffff","curve":0.25,"c3":0.75},{"time":0.5667,"color":"ffffff00"}],"attachment":[{"name":"1petals12"},{"time":0.6,"name":null}]},"1petals13":{"color":[{"color":"ffffff00","curve":"stepped"},{"time":0.2,"color":"ffffff00","curve":0.25,"c3":0.75},{"time":0.3333,"color":"ffffffff","curve":"stepped"},{"time":0.5,"color":"ffffffff","curve":0.25,"c3":0.75},{"time":0.5667,"color":"ffffff00"}],"attachment":[{"name":"1petals13"},{"time":0.6,"name":null}]},"1petals14":{"color":[{"color":"ffffff00","curve":"stepped"},{"time":0.2,"color":"ffffff00","curve":0.25,"c3":0.75},{"time":0.3333,"color":"ffffffff","curve":"stepped"},{"time":0.5,"color":"ffffffff","curve":0.25,"c3":0.75},{"time":0.5667,"color":"ffffff00"}],"attachment":[{"name":"1petals14"},{"time":0.6,"name":null}]},"1petals15":{"color":[{"color":"ffffff00","curve":"stepped"},{"time":0.2,"color":"ffffff00","curve":0.25,"c3":0.75},{"time":0.3333,"color":"ffffffff","curve":"stepped"},{"time":0.5,"color":"ffffffff","curve":0.25,"c3":0.75},{"time":0.5667,"color":"ffffff00"}],"attachment":[{"name":"1petals15"},{"time":0.6,"name":null}]},"1petals16":{"color":[{"color":"ffffff00","curve":"stepped"},{"time":0.2,"color":"ffffff00","curve":0.25,"c3":0.75},{"time":0.3333,"color":"ffffffff","curve":"stepped"},{"time":0.5,"color":"ffffffff","curve":0.25,"c3":0.75},{"time":0.5667,"color":"ffffff00"}],"attachment":[{"name":"1petals16"},{"time":0.6,"name":null}]},"1petals17":{"color":[{"color":"ffffff00","curve":"stepped"},{"time":0.2,"color":"ffffff00","curve":0.25,"c3":0.75},{"time":0.3333,"color":"ffffffff","curve":"stepped"},{"time":0.5,"color":"ffffffff","curve":0.25,"c3":0.75},{"time":0.5667,"color":"ffffff00"}],"attachment":[{"name":"1petals17"},{"time":0.6,"name":null}]},"1petals18":{"color":[{"color":"ffffff00","curve":"stepped"},{"time":0.2,"color":"ffffff00","curve":0.25,"c3":0.75},{"time":0.3333,"color":"ffffffff","curve":"stepped"},{"time":0.5,"color":"ffffffff","curve":0.25,"c3":0.75},{"time":0.5667,"color":"ffffff00"}],"attachment":[{"name":"1petals18"},{"time":0.6,"name":null}]},"1petals19":{"color":[{"color":"ffffff00","curve":"stepped"},{"time":0.2,"color":"ffffff00","curve":0.25,"c3":0.75},{"time":0.3333,"color":"ffffffff","curve":"stepped"},{"time":0.5,"color":"ffffffff","curve":0.25,"c3":0.75},{"time":0.5667,"color":"ffffff00"}],"attachment":[{"name":"1petals19"},{"time":0.6,"name":null}]},"1petals20":{"color":[{"color":"ffffff00","curve":"stepped"},{"time":0.2,"color":"ffffff00","curve":0.25,"c3":0.75},{"time":0.3333,"color":"ffffffff","curve":"stepped"},{"time":0.5,"color":"ffffffff","curve":0.25,"c3":0.75},{"time":0.5667,"color":"ffffff00"}],"attachment":[{"name":"1petals20"},{"time":0.6,"name":null}]},"1petals21":{"color":[{"color":"ffffff00","curve":"stepped"},{"time":0.2,"color":"ffffff00","curve":0.25,"c3":0.75},{"time":0.3333,"color":"ffffffff","curve":"stepped"},{"time":0.5,"color":"ffffffff","curve":0.25,"c3":0.75},{"time":0.5667,"color":"ffffff00"}],"attachment":[{"name":"1petals21"},{"time":0.6,"name":null}]},"eye1":{"twoColor":[{"time":0.1333,"light":"ffffffff","dark":"000000","curve":0.25,"c3":0.75},{"time":0.2333,"light":"ffffffff","dark":"979060","curve":"stepped"},{"time":0.5333,"light":"ffffffff","dark":"979060","curve":0.25,"c3":0.75},{"time":0.6,"light":"ffffffff","dark":"000000"}],"attachment":[{"time":0.1,"name":"eye2"},{"time":0.2,"name":"eye3"},{"time":0.3,"name":"eye2"},{"time":0.3667,"name":"eye1"}]},"fx1":{"color":[{"time":0.1,"color":"ffffff00","curve":0.25,"c3":0.75},{"time":0.2667,"color":"ffffff9b","curve":"stepped"},{"time":0.4667,"color":"ffffff9b","curve":0.371,"c2":0.62,"c3":0.71},{"time":0.6,"color":"ffffff00"}],"attachment":[{"time":0.1333,"name":"fx1"}]}},"bones":{"leaf1":{"rotate":[{"curve":0.163,"c2":0.34,"c3":0.623,"c4":0.9},{"time":0.2,"angle":7.88,"curve":0.25,"c3":0.75},{"time":0.3667,"angle":-4.51,"curve":0.302,"c2":0.22,"c3":0.692,"c4":0.88},{"time":0.6}],"scale":[{"curve":0.163,"c2":0.34,"c3":0.623,"c4":0.9},{"time":0.2,"x":1.032,"y":0.97,"curve":0.25,"c3":0.75},{"time":0.3667,"y":1.044,"curve":0.302,"c2":0.22,"c3":0.692,"c4":0.88},{"time":0.6}]},"leaf2":{"rotate":[{"curve":0.163,"c2":0.34,"c3":0.623,"c4":0.9},{"time":0.2,"angle":-11.62,"curve":0.25,"c3":0.75},{"time":0.3667,"angle":20.61,"curve":0.302,"c2":0.22,"c3":0.692,"c4":0.88},{"time":0.6}]},"leaf3":{"rotate":[{"curve":0.163,"c2":0.34,"c3":0.623,"c4":0.9},{"time":0.2,"angle":-8.8,"curve":0.25,"c3":0.75},{"time":0.3667,"angle":3.01,"curve":0.302,"c2":0.22,"c3":0.692,"c4":0.88},{"time":0.6}],"scale":[{"curve":0.163,"c2":0.34,"c3":0.623,"c4":0.9},{"time":0.2,"x":1.032,"y":0.97,"curve":0.25,"c3":0.75},{"time":0.3667,"y":1.044,"curve":0.302,"c2":0.22,"c3":0.692,"c4":0.88},{"time":0.6}]},"leaf4":{"rotate":[{"curve":0.163,"c2":0.34,"c3":0.623,"c4":0.9},{"time":0.2,"angle":18.46,"curve":0.25,"c3":0.75},{"time":0.3667,"angle":-13.78,"curve":0.302,"c2":0.22,"c3":0.692,"c4":0.88},{"time":0.6}]},"leaf5":{"rotate":[{"curve":0.163,"c2":0.34,"c3":0.623,"c4":0.9},{"time":0.2,"angle":10.34,"curve":0.25,"c3":0.75},{"time":0.3667,"angle":-2.73,"curve":0.302,"c2":0.22,"c3":0.692,"c4":0.88},{"time":0.6}]},"leaf6":{"rotate":[{"time":0.2,"curve":0.25,"c3":0.75},{"time":0.3667,"angle":21.27,"curve":0.302,"c2":0.22,"c3":0.692,"c4":0.88},{"time":0.6}]},"leaf7":{"rotate":[{"curve":0.163,"c2":0.34,"c3":0.623,"c4":0.9},{"time":0.2,"angle":-11.43,"curve":0.25,"c3":0.75},{"time":0.3667,"angle":12.35,"curve":0.302,"c2":0.22,"c3":0.692,"c4":0.88},{"time":0.6}]},"leaf8":{"rotate":[{"time":0.2,"curve":0.25,"c3":0.75},{"time":0.3667,"angle":-6.66,"curve":0.302,"c2":0.22,"c3":0.692,"c4":0.88},{"time":0.6}]},"body":{"rotate":[{"curve":0.163,"c2":0.34,"c3":0.623,"c4":0.9},{"time":0.2,"angle":-2.01,"curve":0.25,"c3":0.75},{"time":0.3667,"angle":-2.18,"curve":0.302,"c2":0.22,"c3":0.692,"c4":0.88},{"time":0.6}],"scale":[{"curve":0.163,"c2":0.34,"c3":0.623,"c4":0.9},{"time":0.2,"x":0.633,"curve":0.25,"c3":0.75},{"time":0.3667,"x":1.096,"y":1.096,"curve":0.302,"c2":0.22,"c3":0.692,"c4":0.88},{"time":0.6}]},"head":{"rotate":[{"curve":0.163,"c2":0.34,"c3":0.623,"c4":0.9},{"time":0.2,"angle":-4.42,"curve":0.25,"c3":0.75},{"time":0.3667,"curve":0.312,"c2":0.23,"c3":0.65,"c4":0.59},{"time":0.4333,"angle":3.41,"curve":0.334,"c2":0.39,"c3":0.696,"c4":0.88},{"time":0.6}],"translate":[{"curve":0.163,"c2":0.34,"c3":0.623,"c4":0.9},{"time":0.2,"x":29.82,"y":-47.64,"curve":0.25,"c3":0.75},{"time":0.3667,"x":-24.28,"y":59.8,"curve":0.312,"c2":0.23,"c3":0.65,"c4":0.59},{"time":0.4333,"x":-22.84,"y":50.99,"curve":0.334,"c2":0.39,"c3":0.696,"c4":0.88},{"time":0.6}],"scale":[{"curve":0.163,"c2":0.34,"c3":0.623,"c4":0.9},{"time":0.2,"x":1.024,"y":0.976,"curve":0.25,"c3":0.75},{"time":0.3667,"x":0.976,"y":1.059,"curve":0.302,"c2":0.22,"c3":0.692,"c4":0.88},{"time":0.6}]},"petals7":{"rotate":[{"curve":0.163,"c2":0.34,"c3":0.623,"c4":0.9},{"time":0.2,"angle":-5.68,"curve":0.25,"c3":0.75},{"time":0.2667,"angle":-7.35,"curve":0.302,"c2":0.22,"c3":0.572},{"time":0.3667,"angle":0.24,"curve":0.302,"c2":0.22,"c3":0.692,"c4":0.88},{"time":0.6}],"scale":[{"time":0.2667,"curve":0.302,"c2":0.22,"c3":0.572},{"time":0.3667,"x":1.024,"y":0.913,"curve":0.302,"c2":0.22,"c3":0.692,"c4":0.88},{"time":0.6}]},"petals9":{"rotate":[{"curve":0.163,"c2":0.34,"c3":0.623,"c4":0.9},{"time":0.2,"angle":4.8,"curve":0.25,"c3":0.75},{"time":0.3,"angle":-16.47,"curve":0.302,"c2":0.22,"c3":0.572},{"time":0.4,"angle":-8.88,"curve":0.302,"c2":0.22,"c3":0.572},{"time":0.6}],"scale":[{"time":0.3,"curve":0.302,"c2":0.22,"c3":0.572},{"time":0.4,"x":1.024,"y":0.913,"curve":0.302,"c2":0.22,"c3":0.572},{"time":0.6}]},"petals11":{"rotate":[{"curve":0.163,"c2":0.34,"c3":0.623,"c4":0.9},{"time":0.2,"angle":2.42,"curve":0.25,"c3":0.75},{"time":0.2667,"angle":-10.54,"curve":0.302,"c2":0.22,"c3":0.572},{"time":0.3667,"angle":-2.95,"curve":0.302,"c2":0.22,"c3":0.692,"c4":0.88},{"time":0.6}],"scale":[{"time":0.2667,"curve":0.302,"c2":0.22,"c3":0.572},{"time":0.3667,"x":1.024,"y":0.913,"curve":0.302,"c2":0.22,"c3":0.692,"c4":0.88},{"time":0.6}]},"petals10":{"rotate":[{"curve":0.163,"c2":0.34,"c3":0.623,"c4":0.9},{"time":0.2,"angle":10.31,"curve":0.25,"c3":0.75},{"time":0.2667,"angle":-11.89,"curve":0.302,"c2":0.22,"c3":0.572},{"time":0.3667,"angle":-4.3,"curve":0.302,"c2":0.22,"c3":0.692,"c4":0.88},{"time":0.6}],"scale":[{"time":0.2667,"curve":0.302,"c2":0.22,"c3":0.572},{"time":0.3667,"x":1.024,"y":0.913,"curve":0.302,"c2":0.22,"c3":0.692,"c4":0.88},{"time":0.6}]},"petals13":{"rotate":[{"curve":0.163,"c2":0.34,"c3":0.623,"c4":0.9},{"time":0.2,"angle":7.73,"curve":0.25,"c3":0.75},{"time":0.2667,"angle":-19.16,"curve":0.302,"c2":0.22,"c3":0.572},{"time":0.3667,"angle":-11.56,"curve":0.302,"c2":0.22,"c3":0.692,"c4":0.88},{"time":0.6}],"scale":[{"time":0.2667,"curve":0.302,"c2":0.22,"c3":0.572},{"time":0.3667,"x":1.024,"y":0.913,"curve":0.302,"c2":0.22,"c3":0.692,"c4":0.88},{"time":0.6}]},"petals12":{"rotate":[{"curve":0.163,"c2":0.34,"c3":0.623,"c4":0.9},{"time":0.2,"angle":11.18,"curve":0.25,"c3":0.75},{"time":0.3,"angle":-11.89,"curve":0.302,"c2":0.22,"c3":0.572},{"time":0.4,"angle":-4.3,"curve":0.302,"c2":0.22,"c3":0.572},{"time":0.6}],"scale":[{"time":0.3,"curve":0.302,"c2":0.22,"c3":0.572},{"time":0.4,"x":1.024,"y":0.913,"curve":0.302,"c2":0.22,"c3":0.572},{"time":0.6}]},"petals15":{"rotate":[{"curve":0.163,"c2":0.34,"c3":0.623,"c4":0.9},{"time":0.2,"angle":12.81,"curve":0.25,"c3":0.75},{"time":0.2667,"angle":-18.6,"curve":0.302,"c2":0.22,"c3":0.572},{"time":0.3667,"angle":-11.01,"curve":0.302,"c2":0.22,"c3":0.692,"c4":0.88},{"time":0.6}],"scale":[{"time":0.2667,"curve":0.302,"c2":0.22,"c3":0.572},{"time":0.3667,"x":1.024,"y":0.913,"curve":0.302,"c2":0.22,"c3":0.692,"c4":0.88},{"time":0.6}]},"petals14":{"rotate":[{"curve":0.163,"c2":0.34,"c3":0.623,"c4":0.9},{"time":0.2,"angle":15.43,"curve":0.25,"c3":0.75},{"time":0.2667,"angle":-16.01,"curve":0.302,"c2":0.22,"c3":0.572},{"time":0.3667,"angle":-8.42,"curve":0.302,"c2":0.22,"c3":0.692,"c4":0.88},{"time":0.6}],"scale":[{"time":0.2667,"curve":0.302,"c2":0.22,"c3":0.572},{"time":0.3667,"x":1.024,"y":0.913,"curve":0.302,"c2":0.22,"c3":0.692,"c4":0.88},{"time":0.6}]},"petals17":{"rotate":[{"curve":0.163,"c2":0.34,"c3":0.623,"c4":0.9},{"time":0.2,"angle":6.02,"curve":0.25,"c3":0.75},{"time":0.2667,"angle":-10.41,"curve":0.302,"c2":0.22,"c3":0.572},{"time":0.3667,"angle":-2.82,"curve":0.302,"c2":0.22,"c3":0.692,"c4":0.88},{"time":0.6}],"scale":[{"time":0.2667,"curve":0.302,"c2":0.22,"c3":0.572},{"time":0.3667,"x":1.024,"y":0.913,"curve":0.302,"c2":0.22,"c3":0.692,"c4":0.88},{"time":0.6}]},"petals16":{"rotate":[{"curve":0.163,"c2":0.34,"c3":0.623,"c4":0.9},{"time":0.2,"angle":5.58,"curve":0.25,"c3":0.75},{"time":0.3,"angle":-8.01,"curve":0.302,"c2":0.22,"c3":0.572},{"time":0.4,"angle":-0.42,"curve":0.302,"c2":0.22,"c3":0.572},{"time":0.6}],"scale":[{"time":0.3,"curve":0.302,"c2":0.22,"c3":0.572},{"time":0.4,"x":1.024,"y":0.913,"curve":0.302,"c2":0.22,"c3":0.572},{"time":0.6}]},"petals19":{"rotate":[{"curve":0.163,"c2":0.34,"c3":0.623,"c4":0.9},{"time":0.2,"angle":8.23,"curve":0.25,"c3":0.75},{"time":0.2667,"angle":-5.94,"curve":0.302,"c2":0.22,"c3":0.572},{"time":0.3667,"angle":1.65,"curve":0.302,"c2":0.22,"c3":0.692,"c4":0.88},{"time":0.6}],"scale":[{"time":0.2667,"curve":0.302,"c2":0.22,"c3":0.572},{"time":0.3667,"x":1.024,"y":0.913,"curve":0.302,"c2":0.22,"c3":0.692,"c4":0.88},{"time":0.6}]},"petals18":{"rotate":[{"curve":0.163,"c2":0.34,"c3":0.623,"c4":0.9},{"time":0.2,"angle":7.01,"curve":0.25,"c3":0.75},{"time":0.2667,"angle":3.32,"curve":0.302,"c2":0.22,"c3":0.572},{"time":0.3667,"angle":10.91,"curve":0.302,"c2":0.22,"c3":0.692,"c4":0.88},{"time":0.6}],"scale":[{"time":0.2667,"curve":0.302,"c2":0.22,"c3":0.572},{"time":0.3667,"x":1.024,"y":0.913,"curve":0.302,"c2":0.22,"c3":0.692,"c4":0.88},{"time":0.6}]},"petals21":{"rotate":[{"curve":0.163,"c2":0.34,"c3":0.623,"c4":0.9},{"time":0.2,"angle":5.06,"curve":0.25,"c3":0.75},{"time":0.3,"angle":3.89,"curve":0.302,"c2":0.22,"c3":0.572},{"time":0.4,"angle":11.48,"curve":0.302,"c2":0.22,"c3":0.572},{"time":0.6}],"scale":[{"time":0.3,"curve":0.302,"c2":0.22,"c3":0.572},{"time":0.4,"x":1.024,"y":0.913,"curve":0.302,"c2":0.22,"c3":0.572},{"time":0.6}]},"petals23":{"rotate":[{"curve":0.163,"c2":0.34,"c3":0.623,"c4":0.9},{"time":0.2,"angle":-7.14,"curve":0.25,"c3":0.75},{"time":0.2667,"angle":9.31,"curve":0.302,"c2":0.22,"c3":0.572},{"time":0.3667,"angle":16.9,"curve":0.302,"c2":0.22,"c3":0.692,"c4":0.88},{"time":0.6}],"scale":[{"time":0.2667,"curve":0.302,"c2":0.22,"c3":0.572},{"time":0.3667,"x":1.024,"y":0.913,"curve":0.302,"c2":0.22,"c3":0.692,"c4":0.88},{"time":0.6}]},"petals20":{"rotate":[{"curve":0.163,"c2":0.34,"c3":0.623,"c4":0.9},{"time":0.2,"angle":-13.57,"curve":0.25,"c3":0.75},{"time":0.2667,"angle":10.54,"curve":0.302,"c2":0.22,"c3":0.572},{"time":0.3667,"angle":18.13,"curve":0.302,"c2":0.22,"c3":0.692,"c4":0.88},{"time":0.6}],"scale":[{"time":0.2667,"curve":0.302,"c2":0.22,"c3":0.572},{"time":0.3667,"x":1.024,"y":0.913,"curve":0.302,"c2":0.22,"c3":0.692,"c4":0.88},{"time":0.6}]},"petals2":{"rotate":[{"curve":0.163,"c2":0.34,"c3":0.623,"c4":0.9},{"time":0.2,"angle":-7.18,"curve":0.25,"c3":0.75},{"time":0.3,"angle":10.64,"curve":0.302,"c2":0.22,"c3":0.572},{"time":0.4,"angle":18.23,"curve":0.302,"c2":0.22,"c3":0.572},{"time":0.6}],"scale":[{"time":0.3,"curve":0.302,"c2":0.22,"c3":0.572},{"time":0.4,"x":1.024,"y":0.913,"curve":0.302,"c2":0.22,"c3":0.572},{"time":0.6}]},"petals1":{"rotate":[{"curve":0.163,"c2":0.34,"c3":0.623,"c4":0.9},{"time":0.2,"angle":-16.39,"curve":0.25,"c3":0.75},{"time":0.2667,"angle":6.32,"curve":0.302,"c2":0.22,"c3":0.572},{"time":0.3667,"angle":13.91,"curve":0.302,"c2":0.22,"c3":0.692,"c4":0.88},{"time":0.6}],"scale":[{"time":0.2667,"curve":0.302,"c2":0.22,"c3":0.572},{"time":0.3667,"x":1.024,"y":0.913,"curve":0.302,"c2":0.22,"c3":0.692,"c4":0.88},{"time":0.6}]},"petals4":{"rotate":[{"curve":0.163,"c2":0.34,"c3":0.623,"c4":0.9},{"time":0.2,"angle":-11.58,"curve":0.25,"c3":0.75},{"time":0.2667,"angle":13.5,"curve":0.302,"c2":0.22,"c3":0.572},{"time":0.3667,"angle":21.09,"curve":0.302,"c2":0.22,"c3":0.692,"c4":0.88},{"time":0.6}],"scale":[{"time":0.2667,"curve":0.302,"c2":0.22,"c3":0.572},{"time":0.3667,"x":1.024,"y":0.913,"curve":0.302,"c2":0.22,"c3":0.692,"c4":0.88},{"time":0.6}]},"petals6":{"rotate":[{"curve":0.163,"c2":0.34,"c3":0.623,"c4":0.9},{"time":0.2,"angle":-10.97,"curve":0.25,"c3":0.75},{"time":0.2667,"angle":10.95,"curve":0.302,"c2":0.22,"c3":0.572},{"time":0.3667,"angle":18.54,"curve":0.302,"c2":0.22,"c3":0.692,"c4":0.88},{"time":0.6}],"scale":[{"time":0.2667,"curve":0.302,"c2":0.22,"c3":0.572},{"time":0.3667,"x":1.024,"y":0.913,"curve":0.302,"c2":0.22,"c3":0.692,"c4":0.88},{"time":0.6}]},"petals5":{"rotate":[{"curve":0.163,"c2":0.34,"c3":0.623,"c4":0.9},{"time":0.2,"angle":-13.91,"curve":0.25,"c3":0.75},{"time":0.2667,"angle":7.88,"curve":0.302,"c2":0.22,"c3":0.572},{"time":0.3667,"angle":15.47,"curve":0.302,"c2":0.22,"c3":0.692,"c4":0.88},{"time":0.6}],"scale":[{"time":0.2667,"curve":0.302,"c2":0.22,"c3":0.572},{"time":0.3667,"x":1.024,"y":0.913,"curve":0.302,"c2":0.22,"c3":0.692,"c4":0.88},{"time":0.6}]},"petals22":{"rotate":[{"curve":0.163,"c2":0.34,"c3":0.623,"c4":0.9},{"time":0.2,"angle":-7.09,"curve":0.25,"c3":0.75},{"time":0.3,"angle":-3.29,"curve":0.302,"c2":0.22,"c3":0.572},{"time":0.4,"angle":4.3,"curve":0.302,"c2":0.22,"c3":0.572},{"time":0.6}],"scale":[{"time":0.3,"curve":0.302,"c2":0.22,"c3":0.572},{"time":0.4,"x":1.024,"y":0.913,"curve":0.302,"c2":0.22,"c3":0.572},{"time":0.6}]},"head2":{"translate":[{"curve":0.208,"c2":0.29,"c3":0.567,"c4":0.65},{"time":0.0667,"y":3.65,"curve":0.297,"c2":0.46,"c3":0.67,"c4":0.88},{"time":0.2,"curve":0.284,"c3":0.625,"c4":0.38},{"time":0.2333,"y":-6.58,"curve":0.32,"c2":0.29,"c3":0.757},{"time":0.3667}],"scale":[{"curve":0.208,"c2":0.29,"c3":0.567,"c4":0.65},{"time":0.0667,"x":0.96,"y":1.066,"curve":0.297,"c2":0.46,"c3":0.67,"c4":0.88},{"time":0.2,"curve":0.284,"c3":0.625,"c4":0.38},{"time":0.2333,"x":0.982,"y":1.048,"curve":0.32,"c2":0.29,"c3":0.757},{"time":0.3667,"x":1.02,"y":0.978,"curve":0.302,"c2":0.22,"c3":0.692,"c4":0.88},{"time":0.6}]}},"events":[{"time":0.3667,"name":"Sunlight"}]},"idle1":{"bones":{"leaf1":{"rotate":[{},{"time":0.4,"angle":2.46},{"time":0.8,"angle":-4.36},{"time":1.2,"angle":3.74},{"time":1.6}],"scale":[{},{"time":0.4,"x":1.019,"y":1.058},{"time":0.8,"x":1.055,"y":0.912},{"time":1.2,"x":1.016,"y":1.088},{"time":1.6}]},"leaf2":{"rotate":[{},{"time":0.4,"angle":4.34},{"time":0.8,"angle":-7.41},{"time":1.2,"angle":-3.55},{"time":1.6}]},"leaf3":{"rotate":[{},{"time":0.4,"angle":-3.19},{"time":0.8,"angle":1.15},{"time":1.2,"angle":-5.57},{"time":1.6}],"scale":[{},{"time":0.4,"x":1.019,"y":1.058},{"time":0.8,"x":1.018,"y":0.912},{"time":1.2,"x":1.016,"y":1.088},{"time":1.6}]},"leaf4":{"rotate":[{},{"time":0.4,"angle":-4.89},{"time":0.8,"angle":9.42},{"time":1.2,"angle":4.94},{"time":1.6}]},"leaf5":{"rotate":[{},{"time":0.4,"angle":2.82},{"time":0.8,"angle":2.9},{"time":1.2,"angle":5.01},{"time":1.6}],"translate":[{},{"time":0.4,"y":-2.65},{"time":0.8},{"time":1.2,"y":-5.07},{"time":1.6}],"scale":[{"time":0.4},{"time":0.8,"x":1.025,"y":1.017},{"time":1.2,"x":1.029,"y":0.996},{"time":1.6}]},"leaf6":{"rotate":[{"time":0.4},{"time":0.8,"angle":-4.81},{"time":1.2,"angle":-6.96},{"time":1.6}]},"leaf7":{"rotate":[{},{"time":0.4,"angle":-4.62},{"time":0.8,"angle":-0.44},{"time":1.2,"angle":-3.07},{"time":1.6}],"translate":[{},{"time":0.4,"y":-2.65},{"time":0.8},{"time":1.2,"y":-5.07},{"time":1.6}],"scale":[{"time":0.4},{"time":0.8,"x":1.025,"y":1.017},{"time":1.2,"x":1.029,"y":0.996},{"time":1.6}]},"leaf8":{"rotate":[{"time":0.4},{"time":0.8,"angle":7.32},{"time":1.2,"angle":6.11},{"time":1.6}]},"body":{"rotate":[{},{"time":0.2,"angle":-3.96},{"time":0.4,"angle":-7.91},{"time":0.6,"angle":-18.5},{"time":0.8,"angle":-29.1},{"time":1,"angle":-22.58},{"time":1.2,"angle":-16.07},{"time":1.4,"angle":-8.03},{"time":1.6}],"scale":[{},{"time":0.2,"x":1.045},{"time":0.4,"x":1.091},{"time":0.6,"x":1.022},{"time":0.8,"x":0.952},{"time":1,"x":0.994},{"time":1.2,"x":1.035},{"time":1.4,"x":1.017},{"time":1.6}],"shear":[{},{"time":0.2,"y":3.54},{"time":0.4,"y":7.09},{"time":0.6,"y":10.63},{"time":0.8,"y":14.18},{"time":1,"y":10.63},{"time":1.2,"y":7.09},{"time":1.4,"y":3.54},{"time":1.6}]},"head":{"translate":[{},{"time":0.2,"x":9.04,"y":28.61},{"time":0.4,"x":18.07,"y":27.11},{"time":0.6,"x":39.16,"y":22.13},{"time":0.8,"x":72.29,"y":-6.02},{"time":1,"x":57.23,"y":34.64},{"time":1.2,"x":42.17,"y":39.16},{"time":1.4,"x":25.3,"y":31.78},{"time":1.6}]},"petals7":{"rotate":[{},{"time":0.0667,"angle":10.37},{"time":0.2,"angle":-4.24},{"time":0.4},{"time":0.6,"angle":5.42},{"time":0.8,"angle":0.07},{"time":0.8667,"angle":8.91},{"time":1,"angle":-4.24},{"time":1.2},{"time":1.4,"angle":-5.93},{"time":1.6}],"translate":[{"time":0.8},{"time":0.8667,"x":1.39,"y":-2.77,"curve":0.25,"c3":0.75},{"time":1}],"scale":[{},{"time":0.2,"x":1.028},{"time":0.4},{"time":0.6,"x":1.011,"y":0.972,"curve":"stepped"},{"time":0.8,"x":1.011,"y":0.972},{"time":0.8667,"x":0.918,"y":1.046,"curve":0.25,"c3":0.75},{"time":1,"x":1.059,"y":0.943},{"time":1.2},{"time":1.4,"x":1.035,"y":0.972},{"time":1.6}]},"petals9":{"rotate":[{},{"time":0.0667,"angle":9.13},{"time":0.2,"angle":0.98},{"time":0.4},{"time":0.6,"angle":10.91},{"time":0.8,"angle":6.41},{"time":0.8667,"angle":7.67},{"time":1,"angle":0.98},{"time":1.2},{"time":1.4,"angle":0.65},{"time":1.6}],"translate":[{"time":0.8},{"time":0.8667,"x":1.39,"y":-2.77,"curve":0.25,"c3":0.75},{"time":1}],"scale":[{},{"time":0.2,"x":1.021},{"time":0.4},{"time":0.6,"x":1.011,"y":0.972,"curve":"stepped"},{"time":0.8,"x":1.011,"y":0.972},{"time":0.8667,"x":0.915,"y":1.046,"curve":0.25,"c3":0.75},{"time":1,"x":1.051,"y":0.943},{"time":1.2},{"time":1.4,"x":1.035,"y":0.972},{"time":1.6}]},"petals11":{"rotate":[{},{"time":0.0667,"angle":-6.88},{"time":0.2,"angle":-2.15},{"time":0.4},{"time":0.6,"angle":5.09},{"time":0.8,"angle":13.89},{"time":0.8667,"angle":-8.34},{"time":1,"angle":-2.15},{"time":1.2,"angle":9.71},{"time":1.4,"angle":-2.94},{"time":1.6}],"translate":[{"time":0.8},{"time":0.8667,"x":1.39,"y":-2.77,"curve":0.25,"c3":0.75},{"time":1}],"scale":[{},{"time":0.2,"x":1.027},{"time":0.4},{"time":0.6,"x":1.028,"y":0.963,"curve":"stepped"},{"time":0.8,"x":1.028,"y":0.963},{"time":0.8667,"x":0.928,"y":1.039,"curve":0.25,"c3":0.75},{"time":1,"x":1.058,"y":0.943},{"time":1.2},{"time":1.4,"x":1.052,"y":0.963},{"time":1.6}]},"petals10":{"rotate":[{},{"time":0.0667,"angle":-11.33},{"time":0.2,"angle":1.48},{"time":0.4},{"time":0.6,"angle":4.96},{"time":0.8,"angle":13.76},{"time":0.8667,"angle":-12.79},{"time":1,"angle":1.48},{"time":1.2},{"time":1.4,"angle":5.58},{"time":1.6}],"translate":[{"time":0.8},{"time":0.8667,"x":1.39,"y":-2.77,"curve":0.25,"c3":0.75},{"time":1}],"scale":[{},{"time":0.2,"x":1.025},{"time":0.4},{"time":0.6,"x":1.028,"y":0.963,"curve":"stepped"},{"time":0.8,"x":1.028,"y":0.963},{"time":0.8667,"x":0.927,"y":1.039,"curve":0.25,"c3":0.75},{"time":1,"x":1.055,"y":0.943},{"time":1.2},{"time":1.4,"x":1.052,"y":0.963},{"time":1.6}]},"petals13":{"rotate":[{},{"time":0.0667,"angle":-15.77},{"time":0.2,"angle":1.63},{"time":0.4},{"time":0.6,"angle":2.9},{"time":0.8,"angle":11.7},{"time":0.8667,"angle":-17.23},{"time":1,"angle":1.63},{"time":1.2},{"time":1.4,"angle":4.3},{"time":1.6}],"translate":[{"time":0.8},{"time":0.8667,"x":1.39,"y":-2.77,"curve":0.25,"c3":0.75},{"time":1}],"scale":[{},{"time":0.2,"x":1.029},{"time":0.4},{"time":0.6,"x":1.028,"y":0.963,"curve":"stepped"},{"time":0.8,"x":1.028,"y":0.963},{"time":0.8667,"x":0.928,"y":1.039,"curve":0.25,"c3":0.75},{"time":1,"x":1.059,"y":0.943},{"time":1.2},{"time":1.4,"x":1.052,"y":0.963},{"time":1.6}]},"petals12":{"rotate":[{},{"time":0.0667,"angle":-14.88},{"time":0.2,"angle":1.55},{"time":0.4},{"time":0.6,"angle":5.56},{"time":0.8,"angle":14.37},{"time":0.8667,"angle":-16.34},{"time":1,"angle":1.55},{"time":1.2,"angle":3.67},{"time":1.4,"angle":14.26},{"time":1.6}],"translate":[{"time":0.8},{"time":0.8667,"x":1.39,"y":-2.77,"curve":0.25,"c3":0.75},{"time":1}],"scale":[{},{"time":0.2,"x":1.028},{"time":0.4},{"time":0.6,"x":1.028,"y":0.963,"curve":"stepped"},{"time":0.8,"x":1.028,"y":0.963},{"time":0.8667,"x":0.928,"y":1.039,"curve":0.25,"c3":0.75},{"time":1,"x":1.058,"y":0.943},{"time":1.2},{"time":1.4,"x":1.052,"y":0.963},{"time":1.6}]},"petals15":{"rotate":[{},{"time":0.0667,"angle":-12.79},{"time":0.2,"angle":-2.05},{"time":0.4},{"time":0.6,"angle":2.9},{"time":0.8,"angle":11.7},{"time":0.8667,"angle":-14.25},{"time":1,"angle":-2.05},{"time":1.2},{"time":1.4,"angle":11.92},{"time":1.6}],"translate":[{"time":0.8},{"time":0.8667,"x":1.39,"y":-2.77,"curve":0.25,"c3":0.75},{"time":1}],"scale":[{"time":0.4},{"time":0.6,"x":1.028,"y":0.963,"curve":"stepped"},{"time":0.8,"x":1.028,"y":0.963},{"time":0.8667,"x":0.919,"y":1.039,"curve":0.25,"c3":0.75},{"time":1,"x":1.029,"y":0.943},{"time":1.2},{"time":1.4,"x":1.028,"y":0.963},{"time":1.6}]},"petals14":{"rotate":[{},{"time":0.0667,"angle":-15.8},{"time":0.2,"angle":-2.34},{"time":0.4},{"time":0.6,"angle":8.7},{"time":0.8,"angle":17.5},{"time":0.8667,"angle":-17.27},{"time":1,"angle":-2.34},{"time":1.2},{"time":1.4,"angle":21.25},{"time":1.6}],"translate":[{"time":0.8},{"time":0.8667,"x":1.39,"y":-2.77,"curve":0.25,"c3":0.75},{"time":1}],"scale":[{},{"time":0.2,"x":1.028},{"time":0.4},{"time":0.6,"x":1.028,"y":0.963,"curve":"stepped"},{"time":0.8,"x":1.028,"y":0.963},{"time":0.8667,"x":1.028,"y":0.976,"curve":0.25,"c3":0.75},{"time":1,"x":1.058,"y":0.943},{"time":1.2},{"time":1.4,"x":1.028,"y":0.963},{"time":1.6}]},"petals17":{"rotate":[{},{"time":0.0667,"angle":-16.1},{"time":0.2,"angle":-3.35},{"time":0.4},{"time":0.6,"angle":8.03},{"time":0.8,"angle":16.83},{"time":0.8667,"angle":-17.56},{"time":1,"angle":-3.35},{"time":1.2},{"time":1.4,"angle":13.73},{"time":1.6}],"translate":[{"time":0.8},{"time":0.8667,"x":1.39,"y":-2.77,"curve":0.25,"c3":0.75},{"time":1}],"scale":[{},{"time":0.2,"x":1.028},{"time":0.4},{"time":0.6,"x":1.028,"y":0.963,"curve":"stepped"},{"time":0.8,"x":1.028,"y":0.963},{"time":0.8667,"x":1.028,"y":0.976,"curve":0.25,"c3":0.75},{"time":1,"x":1.028},{"time":1.2},{"time":1.4,"x":1.028,"y":0.963},{"time":1.6}]},"petals16":{"rotate":[{},{"time":0.0667,"angle":-7.23},{"time":0.2,"angle":-4.79},{"time":0.4},{"time":0.6,"angle":2.47},{"time":0.8,"angle":11.27},{"time":0.8667,"angle":-8.7},{"time":1,"angle":-4.79},{"time":1.2},{"time":1.4,"angle":6.05},{"time":1.6}],"translate":[{"time":0.8},{"time":0.8667,"x":1.39,"y":-2.77,"curve":0.25,"c3":0.75},{"time":1}],"scale":[{},{"time":0.2,"x":1.028},{"time":0.4},{"time":0.6,"x":1.028,"y":0.963,"curve":"stepped"},{"time":0.8,"x":1.028,"y":0.963},{"time":0.8667,"x":1.028,"y":0.976,"curve":0.25,"c3":0.75},{"time":1,"x":1.028},{"time":1.2},{"time":1.4,"x":1.028,"y":0.963},{"time":1.6}]},"petals19":{"rotate":[{},{"time":0.0667,"angle":-8.33},{"time":0.2,"angle":-3.46},{"time":0.4},{"time":0.6,"angle":2.47},{"time":0.8,"angle":11.27},{"time":0.8667,"angle":-9.79},{"time":1,"angle":-3.46},{"time":1.2},{"time":1.4,"angle":11.55},{"time":1.6}],"translate":[{"time":0.8},{"time":0.8667,"x":1.39,"y":-2.77,"curve":0.25,"c3":0.75},{"time":1}],"scale":[{},{"time":0.2,"x":1.028},{"time":0.4},{"time":0.6,"x":1.028,"y":0.963,"curve":"stepped"},{"time":0.8,"x":1.028,"y":0.963},{"time":0.8667,"x":1.028,"y":0.976,"curve":0.25,"c3":0.75},{"time":1,"x":1.028},{"time":1.2},{"time":1.4,"x":1.028,"y":0.963},{"time":1.6}]},"petals18":{"rotate":[{},{"time":0.0667,"angle":-7.2},{"time":0.2,"angle":-2.7},{"time":0.4},{"time":0.6,"angle":-1.88},{"time":0.8,"angle":8.8},{"time":0.8667,"angle":-8.66},{"time":1,"angle":-2.7},{"time":1.2},{"time":1.4,"angle":5.54},{"time":1.6}],"translate":[{"time":0.8},{"time":0.8667,"x":1.39,"y":-2.77,"curve":0.25,"c3":0.75},{"time":1}],"scale":[{},{"time":0.2,"x":1.028},{"time":0.4},{"time":0.6,"x":1.028,"y":0.963},{"time":0.8},{"time":0.8667,"x":1.009,"curve":0.25,"c3":0.75},{"time":1,"x":1.028},{"time":1.2},{"time":1.4,"x":1.028,"y":0.963},{"time":1.6}]},"petals21":{"rotate":[{},{"time":0.0667,"angle":-3.16},{"time":0.2,"angle":-4.12},{"time":0.4},{"time":0.6,"angle":-0.02},{"time":0.8,"angle":6.92},{"time":0.8667,"angle":-4.63},{"time":1,"angle":-4.12},{"time":1.2},{"time":1.4,"angle":16.97},{"time":1.6}],"translate":[{"time":0.8},{"time":0.8667,"x":1.39,"y":-2.77,"curve":0.25,"c3":0.75},{"time":1}],"scale":[{},{"time":0.2,"x":1.028},{"time":0.4},{"time":0.6,"x":1.028,"y":0.963,"curve":"stepped"},{"time":0.8,"x":1.028,"y":0.963},{"time":0.8667,"x":1.028,"y":0.976,"curve":0.25,"c3":0.75},{"time":1,"x":1.028},{"time":1.2},{"time":1.4,"x":1.028,"y":0.963},{"time":1.6}]},"petals23":{"rotate":[{},{"time":0.0667,"angle":2.78},{"time":0.2,"angle":3.95},{"time":0.4},{"time":0.6,"angle":-1.8},{"time":0.8,"angle":-6.62},{"time":0.8667,"angle":0.05},{"time":1,"angle":0.83},{"time":1.2},{"time":1.4,"angle":3.04},{"time":1.6}],"translate":[{"time":0.8},{"time":0.8667,"x":1.39,"y":-2.77,"curve":0.25,"c3":0.75},{"time":1}],"scale":[{},{"time":0.2,"x":1.028},{"time":0.4},{"time":0.6,"x":1.011,"y":0.972,"curve":"stepped"},{"time":0.8,"x":1.011,"y":0.972},{"time":0.8667,"x":1.017,"y":0.982,"curve":0.25,"c3":0.75},{"time":1,"x":1.028},{"time":1.2},{"time":1.4,"x":1.011,"y":0.972},{"time":1.6}]},"petals20":{"rotate":[{},{"time":0.0667,"angle":5.52},{"time":0.2,"angle":2.68},{"time":0.4},{"time":0.6,"angle":-5.15},{"time":0.8,"angle":-10.49},{"time":0.8667,"angle":4.06},{"time":1,"angle":2.68},{"time":1.2},{"time":1.4,"angle":-5.15},{"time":1.6}],"translate":[{"time":0.8},{"time":0.8667,"x":1.39,"y":-2.77,"curve":0.25,"c3":0.75},{"time":1}],"scale":[{},{"time":0.2,"x":1.028},{"time":0.4},{"time":0.6,"x":1.011,"y":0.972,"curve":"stepped"},{"time":0.8,"x":1.011,"y":0.972},{"time":0.8667,"x":1.017,"y":0.982,"curve":0.25,"c3":0.75},{"time":1,"x":1.028},{"time":1.2},{"time":1.4,"x":1.011,"y":0.972},{"time":1.6}]},"petals2":{"rotate":[{},{"time":0.0667,"angle":10.05},{"time":0.2,"angle":-2.96},{"time":0.4},{"time":0.6,"angle":-1.8},{"time":0.8,"angle":-14.38},{"time":0.8667,"angle":8.59},{"time":1,"angle":-2.96},{"time":1.2},{"time":1.4,"angle":-7.26},{"time":1.6}],"translate":[{"time":0.8},{"time":0.8667,"x":1.39,"y":-2.77,"curve":0.25,"c3":0.75},{"time":1}],"scale":[{},{"time":0.2,"x":1.028},{"time":0.4},{"time":0.6,"x":1.011,"y":0.972,"curve":"stepped"},{"time":0.8,"x":1.011,"y":0.972},{"time":0.8667,"x":1.017,"y":0.982,"curve":0.25,"c3":0.75},{"time":1,"x":1.028},{"time":1.2},{"time":1.4,"x":1.011,"y":0.972},{"time":1.6}]},"petals1":{"rotate":[{},{"time":0.0667,"angle":5.15},{"time":0.2,"angle":-2.52},{"time":0.4},{"time":0.6,"angle":-6.61},{"time":0.8,"angle":-11.95},{"time":0.8667,"angle":3.68},{"time":1,"angle":-2.52},{"time":1.2},{"time":1.4,"angle":-11.39},{"time":1.6}],"translate":[{"time":0.8},{"time":0.8667,"x":1.39,"y":-2.77,"curve":0.25,"c3":0.75},{"time":1}],"scale":[{},{"time":0.2,"x":1.028},{"time":0.4},{"time":0.6,"x":1.011,"y":0.972,"curve":"stepped"},{"time":0.8,"x":1.011,"y":0.972},{"time":0.8667,"x":1.017,"y":0.982,"curve":0.25,"c3":0.75},{"time":1,"x":1.028},{"time":1.2},{"time":1.4,"x":1.011,"y":0.972},{"time":1.6}]},"petals4":{"rotate":[{},{"time":0.0667,"angle":12.01},{"time":0.2,"angle":-5.04},{"time":0.4},{"time":0.6,"angle":-1.8},{"time":0.8,"angle":-7.14},{"time":0.8667,"angle":10.55},{"time":1,"angle":-5.04},{"time":1.2},{"time":1.4,"angle":-7.49},{"time":1.6}],"translate":[{"time":0.8},{"time":0.8667,"x":1.39,"y":-2.77,"curve":0.25,"c3":0.75},{"time":1}],"scale":[{},{"time":0.2,"x":1.028},{"time":0.4},{"time":0.6,"x":1.011,"y":0.972,"curve":"stepped"},{"time":0.8,"x":1.011,"y":0.972},{"time":0.8667,"x":1.017,"y":0.982,"curve":0.25,"c3":0.75},{"time":1,"x":1.058,"y":0.943},{"time":1.2},{"time":1.4,"x":1.011,"y":0.972},{"time":1.6}]},"petals6":{"rotate":[{},{"time":0.0667,"angle":13.59},{"time":0.2,"angle":-0.83},{"time":0.4},{"time":0.6,"angle":-1.37},{"time":0.8,"angle":-11.12},{"time":0.8667,"angle":12.13},{"time":1,"angle":-0.83},{"time":1.2},{"time":1.4,"angle":-6.78},{"time":1.6}],"translate":[{"time":0.8},{"time":0.8667,"x":1.39,"y":-2.77,"curve":0.25,"c3":0.75},{"time":1}],"scale":[{},{"time":0.2,"x":1.028},{"time":0.4},{"time":0.6,"x":1.011,"y":0.972,"curve":"stepped"},{"time":0.8,"x":1.011,"y":0.972},{"time":0.8667,"x":0.918,"y":1.046,"curve":0.25,"c3":0.75},{"time":1,"x":1.058,"y":0.943},{"time":1.2},{"time":1.4,"x":1.011,"y":0.972},{"time":1.6}]},"petals5":{"rotate":[{},{"time":0.0667,"angle":15.43},{"time":0.2,"angle":-2.08},{"time":0.4},{"time":0.6,"angle":-1.37},{"time":0.8,"angle":-15.63},{"time":0.8667,"angle":13.96},{"time":1,"angle":-2.08},{"time":1.2},{"time":1.4,"angle":-5.56},{"time":1.6}],"translate":[{"time":0.8},{"time":0.8667,"x":1.39,"y":-2.77,"curve":0.25,"c3":0.75},{"time":1}],"scale":[{},{"time":0.2,"x":1.028},{"time":0.4},{"time":0.6,"x":1.011,"y":0.972,"curve":"stepped"},{"time":0.8,"x":1.011,"y":0.972},{"time":0.8667,"x":0.918,"y":1.046,"curve":0.25,"c3":0.75},{"time":1,"x":1.058,"y":0.943},{"time":1.2},{"time":1.4,"x":1.035,"y":0.972},{"time":1.6}]},"petals22":{"rotate":[{},{"time":0.0667,"angle":13.76},{"time":0.2,"angle":2.58},{"time":0.4},{"time":0.6,"angle":3.4},{"time":0.8,"angle":-1.94},{"time":0.8667,"angle":12.29},{"time":1,"angle":2.58},{"time":1.2},{"time":1.4,"angle":-1.18},{"time":1.6}],"translate":[{"time":0.8},{"time":0.8667,"x":1.39,"y":-2.77,"curve":0.25,"c3":0.75},{"time":1}],"scale":[{},{"time":0.2,"x":1.045},{"time":0.4},{"time":0.6,"x":1.011,"y":0.972,"curve":"stepped"},{"time":0.8,"x":1.011,"y":0.972},{"time":0.8667,"x":0.923,"y":1.046,"curve":0.25,"c3":0.75},{"time":1,"x":1.076,"y":0.943},{"time":1.2},{"time":1.4,"x":1.035,"y":0.972},{"time":1.6}]},"head2":{"translate":[{},{"time":0.0667,"y":-8.46,"curve":0.25,"c3":0.75},{"time":0.2,"curve":"stepped"},{"time":0.8},{"time":0.8667,"y":-12.25,"curve":0.25,"c3":0.75},{"time":1}],"scale":[{},{"time":0.0667,"x":0.978,"y":1.017},{"time":0.2,"curve":"stepped"},{"time":0.4},{"time":0.6,"y":1.003},{"time":0.8,"x":1.016,"y":1.025},{"time":0.8667,"x":0.995,"y":1.035,"curve":0.25,"c3":0.75},{"time":1,"curve":"stepped"},{"time":1.2},{"time":1.4,"x":1.004,"y":1.044},{"time":1.6}]}}},"idle2":{"slots":{"eye1":{"attachment":[{"time":0.7333,"name":"eye2"},{"time":0.8,"name":"eye3"},{"time":0.9,"name":"eye2"},{"time":0.9667,"name":"eye1"}]}},"bones":{"leaf1":{"rotate":[{},{"time":0.4,"angle":2.46},{"time":0.8,"angle":-4.36},{"time":1.2,"angle":3.74},{"time":1.6}],"scale":[{},{"time":0.4,"x":1.019,"y":1.058},{"time":0.8,"x":1.055,"y":0.912},{"time":1.2,"x":1.016,"y":1.088},{"time":1.6}]},"leaf2":{"rotate":[{},{"time":0.4,"angle":4.34},{"time":0.8,"angle":-7.41},{"time":1.2,"angle":-3.55},{"time":1.6}]},"leaf3":{"rotate":[{},{"time":0.4,"angle":-3.19},{"time":0.8,"angle":1.15},{"time":1.2,"angle":-5.57},{"time":1.6}],"scale":[{},{"time":0.4,"x":1.019,"y":1.058},{"time":0.8,"x":1.018,"y":0.912},{"time":1.2,"x":1.016,"y":1.088},{"time":1.6}]},"leaf4":{"rotate":[{},{"time":0.4,"angle":-4.89},{"time":0.8,"angle":9.42},{"time":1.2,"angle":4.94},{"time":1.6}]},"leaf5":{"rotate":[{},{"time":0.4,"angle":2.82},{"time":0.8,"angle":2.9},{"time":1.2,"angle":5.01},{"time":1.6}],"translate":[{},{"time":0.4,"y":-2.65},{"time":0.8},{"time":1.2,"y":-5.07},{"time":1.6}],"scale":[{"time":0.4},{"time":0.8,"x":1.025,"y":1.017},{"time":1.2,"x":1.029,"y":0.996},{"time":1.6}]},"leaf6":{"rotate":[{"time":0.4},{"time":0.8,"angle":-4.81},{"time":1.2,"angle":-6.96},{"time":1.6}]},"leaf7":{"rotate":[{},{"time":0.4,"angle":-4.62},{"time":0.8,"angle":-0.44},{"time":1.2,"angle":-3.07},{"time":1.6}],"translate":[{},{"time":0.4,"y":-2.65},{"time":0.8},{"time":1.2,"y":-5.07},{"time":1.6}],"scale":[{"time":0.4},{"time":0.8,"x":1.025,"y":1.017},{"time":1.2,"x":1.029,"y":0.996},{"time":1.6}]},"leaf8":{"rotate":[{"time":0.4},{"time":0.8,"angle":7.32},{"time":1.2,"angle":6.11},{"time":1.6}]},"body":{"rotate":[{},{"time":0.2,"angle":-3.96},{"time":0.4,"angle":-7.91},{"time":0.6,"angle":-18.5},{"time":0.8,"angle":-29.1},{"time":1,"angle":-22.58},{"time":1.2,"angle":-16.07},{"time":1.4,"angle":-8.03},{"time":1.6}],"scale":[{},{"time":0.2,"x":1.045},{"time":0.4,"x":1.091},{"time":0.6,"x":1.022},{"time":0.8,"x":0.952},{"time":1,"x":0.994},{"time":1.2,"x":1.035},{"time":1.4,"x":1.017},{"time":1.6}],"shear":[{},{"time":0.2,"y":3.54},{"time":0.4,"y":7.09},{"time":0.6,"y":10.63},{"time":0.8,"y":14.18},{"time":1,"y":10.63},{"time":1.2,"y":7.09},{"time":1.4,"y":3.54},{"time":1.6}]},"head":{"translate":[{},{"time":0.2,"x":9.04,"y":28.61},{"time":0.4,"x":18.07,"y":27.11},{"time":0.6,"x":39.16,"y":22.13},{"time":0.8,"x":72.29,"y":-6.02},{"time":1,"x":57.23,"y":34.64},{"time":1.2,"x":42.17,"y":39.16},{"time":1.4,"x":25.3,"y":31.78},{"time":1.6}]},"petals7":{"rotate":[{},{"time":0.0667,"angle":10.37},{"time":0.2,"angle":-4.24},{"time":0.4},{"time":0.6,"angle":5.42},{"time":0.8,"angle":0.07},{"time":0.8667,"angle":8.91},{"time":1,"angle":-4.24},{"time":1.2},{"time":1.4,"angle":-5.93},{"time":1.6}],"translate":[{"time":0.8},{"time":0.8667,"x":1.39,"y":-2.77,"curve":0.25,"c3":0.75},{"time":1}],"scale":[{},{"time":0.2,"x":1.028},{"time":0.4},{"time":0.6,"x":1.011,"y":0.972,"curve":"stepped"},{"time":0.8,"x":1.011,"y":0.972},{"time":0.8667,"x":0.918,"y":1.046,"curve":0.25,"c3":0.75},{"time":1,"x":1.059,"y":0.943},{"time":1.2},{"time":1.4,"x":1.035,"y":0.972},{"time":1.6}]},"petals9":{"rotate":[{},{"time":0.0667,"angle":9.13},{"time":0.2,"angle":0.98},{"time":0.4},{"time":0.6,"angle":10.91},{"time":0.8,"angle":6.41},{"time":0.8667,"angle":7.67},{"time":1,"angle":0.98},{"time":1.2},{"time":1.4,"angle":0.65},{"time":1.6}],"translate":[{"time":0.8},{"time":0.8667,"x":1.39,"y":-2.77,"curve":0.25,"c3":0.75},{"time":1}],"scale":[{},{"time":0.2,"x":1.021},{"time":0.4},{"time":0.6,"x":1.011,"y":0.972,"curve":"stepped"},{"time":0.8,"x":1.011,"y":0.972},{"time":0.8667,"x":0.915,"y":1.046,"curve":0.25,"c3":0.75},{"time":1,"x":1.051,"y":0.943},{"time":1.2},{"time":1.4,"x":1.035,"y":0.972},{"time":1.6}]},"petals11":{"rotate":[{},{"time":0.0667,"angle":-6.88},{"time":0.2,"angle":-2.15},{"time":0.4},{"time":0.6,"angle":5.09},{"time":0.8,"angle":13.89},{"time":0.8667,"angle":-8.34},{"time":1,"angle":-2.15},{"time":1.2,"angle":9.71},{"time":1.4,"angle":-2.94},{"time":1.6}],"translate":[{"time":0.8},{"time":0.8667,"x":1.39,"y":-2.77,"curve":0.25,"c3":0.75},{"time":1}],"scale":[{},{"time":0.2,"x":1.027},{"time":0.4},{"time":0.6,"x":1.028,"y":0.963,"curve":"stepped"},{"time":0.8,"x":1.028,"y":0.963},{"time":0.8667,"x":0.928,"y":1.039,"curve":0.25,"c3":0.75},{"time":1,"x":1.058,"y":0.943},{"time":1.2},{"time":1.4,"x":1.052,"y":0.963},{"time":1.6}]},"petals10":{"rotate":[{},{"time":0.0667,"angle":-11.33},{"time":0.2,"angle":1.48},{"time":0.4},{"time":0.6,"angle":4.96},{"time":0.8,"angle":13.76},{"time":0.8667,"angle":-12.79},{"time":1,"angle":1.48},{"time":1.2},{"time":1.4,"angle":5.58},{"time":1.6}],"translate":[{"time":0.8},{"time":0.8667,"x":1.39,"y":-2.77,"curve":0.25,"c3":0.75},{"time":1}],"scale":[{},{"time":0.2,"x":1.025},{"time":0.4},{"time":0.6,"x":1.028,"y":0.963,"curve":"stepped"},{"time":0.8,"x":1.028,"y":0.963},{"time":0.8667,"x":0.927,"y":1.039,"curve":0.25,"c3":0.75},{"time":1,"x":1.055,"y":0.943},{"time":1.2},{"time":1.4,"x":1.052,"y":0.963},{"time":1.6}]},"petals13":{"rotate":[{},{"time":0.0667,"angle":-15.77},{"time":0.2,"angle":1.63},{"time":0.4},{"time":0.6,"angle":2.9},{"time":0.8,"angle":11.7},{"time":0.8667,"angle":-17.23},{"time":1,"angle":1.63},{"time":1.2},{"time":1.4,"angle":4.3},{"time":1.6}],"translate":[{"time":0.8},{"time":0.8667,"x":1.39,"y":-2.77,"curve":0.25,"c3":0.75},{"time":1}],"scale":[{},{"time":0.2,"x":1.029},{"time":0.4},{"time":0.6,"x":1.028,"y":0.963,"curve":"stepped"},{"time":0.8,"x":1.028,"y":0.963},{"time":0.8667,"x":0.928,"y":1.039,"curve":0.25,"c3":0.75},{"time":1,"x":1.059,"y":0.943},{"time":1.2},{"time":1.4,"x":1.052,"y":0.963},{"time":1.6}]},"petals12":{"rotate":[{},{"time":0.0667,"angle":-14.88},{"time":0.2,"angle":1.55},{"time":0.4},{"time":0.6,"angle":5.56},{"time":0.8,"angle":14.37},{"time":0.8667,"angle":-16.34},{"time":1,"angle":1.55},{"time":1.2,"angle":3.67},{"time":1.4,"angle":14.26},{"time":1.6}],"translate":[{"time":0.8},{"time":0.8667,"x":1.39,"y":-2.77,"curve":0.25,"c3":0.75},{"time":1}],"scale":[{},{"time":0.2,"x":1.028},{"time":0.4},{"time":0.6,"x":1.028,"y":0.963,"curve":"stepped"},{"time":0.8,"x":1.028,"y":0.963},{"time":0.8667,"x":0.928,"y":1.039,"curve":0.25,"c3":0.75},{"time":1,"x":1.058,"y":0.943},{"time":1.2},{"time":1.4,"x":1.052,"y":0.963},{"time":1.6}]},"petals15":{"rotate":[{},{"time":0.0667,"angle":-12.79},{"time":0.2,"angle":-2.05},{"time":0.4},{"time":0.6,"angle":2.9},{"time":0.8,"angle":11.7},{"time":0.8667,"angle":-14.25},{"time":1,"angle":-2.05},{"time":1.2},{"time":1.4,"angle":11.92},{"time":1.6}],"translate":[{"time":0.8},{"time":0.8667,"x":1.39,"y":-2.77,"curve":0.25,"c3":0.75},{"time":1}],"scale":[{"time":0.4},{"time":0.6,"x":1.028,"y":0.963,"curve":"stepped"},{"time":0.8,"x":1.028,"y":0.963},{"time":0.8667,"x":0.919,"y":1.039,"curve":0.25,"c3":0.75},{"time":1,"x":1.029,"y":0.943},{"time":1.2},{"time":1.4,"x":1.028,"y":0.963},{"time":1.6}]},"petals14":{"rotate":[{},{"time":0.0667,"angle":-15.8},{"time":0.2,"angle":-2.34},{"time":0.4},{"time":0.6,"angle":8.7},{"time":0.8,"angle":17.5},{"time":0.8667,"angle":-17.27},{"time":1,"angle":-2.34},{"time":1.2},{"time":1.4,"angle":21.25},{"time":1.6}],"translate":[{"time":0.8},{"time":0.8667,"x":1.39,"y":-2.77,"curve":0.25,"c3":0.75},{"time":1}],"scale":[{},{"time":0.2,"x":1.028},{"time":0.4},{"time":0.6,"x":1.028,"y":0.963,"curve":"stepped"},{"time":0.8,"x":1.028,"y":0.963},{"time":0.8667,"x":1.028,"y":0.976,"curve":0.25,"c3":0.75},{"time":1,"x":1.058,"y":0.943},{"time":1.2},{"time":1.4,"x":1.028,"y":0.963},{"time":1.6}]},"petals17":{"rotate":[{},{"time":0.0667,"angle":-16.1},{"time":0.2,"angle":-3.35},{"time":0.4},{"time":0.6,"angle":8.03},{"time":0.8,"angle":16.83},{"time":0.8667,"angle":-17.56},{"time":1,"angle":-3.35},{"time":1.2},{"time":1.4,"angle":13.73},{"time":1.6}],"translate":[{"time":0.8},{"time":0.8667,"x":1.39,"y":-2.77,"curve":0.25,"c3":0.75},{"time":1}],"scale":[{},{"time":0.2,"x":1.028},{"time":0.4},{"time":0.6,"x":1.028,"y":0.963,"curve":"stepped"},{"time":0.8,"x":1.028,"y":0.963},{"time":0.8667,"x":1.028,"y":0.976,"curve":0.25,"c3":0.75},{"time":1,"x":1.028},{"time":1.2},{"time":1.4,"x":1.028,"y":0.963},{"time":1.6}]},"petals16":{"rotate":[{},{"time":0.0667,"angle":-7.23},{"time":0.2,"angle":-4.79},{"time":0.4},{"time":0.6,"angle":2.47},{"time":0.8,"angle":11.27},{"time":0.8667,"angle":-8.7},{"time":1,"angle":-4.79},{"time":1.2},{"time":1.4,"angle":6.05},{"time":1.6}],"translate":[{"time":0.8},{"time":0.8667,"x":1.39,"y":-2.77,"curve":0.25,"c3":0.75},{"time":1}],"scale":[{},{"time":0.2,"x":1.028},{"time":0.4},{"time":0.6,"x":1.028,"y":0.963,"curve":"stepped"},{"time":0.8,"x":1.028,"y":0.963},{"time":0.8667,"x":1.028,"y":0.976,"curve":0.25,"c3":0.75},{"time":1,"x":1.028},{"time":1.2},{"time":1.4,"x":1.028,"y":0.963},{"time":1.6}]},"petals19":{"rotate":[{},{"time":0.0667,"angle":-8.33},{"time":0.2,"angle":-3.46},{"time":0.4},{"time":0.6,"angle":2.47},{"time":0.8,"angle":11.27},{"time":0.8667,"angle":-9.79},{"time":1,"angle":-3.46},{"time":1.2},{"time":1.4,"angle":11.55},{"time":1.6}],"translate":[{"time":0.8},{"time":0.8667,"x":1.39,"y":-2.77,"curve":0.25,"c3":0.75},{"time":1}],"scale":[{},{"time":0.2,"x":1.028},{"time":0.4},{"time":0.6,"x":1.028,"y":0.963,"curve":"stepped"},{"time":0.8,"x":1.028,"y":0.963},{"time":0.8667,"x":1.028,"y":0.976,"curve":0.25,"c3":0.75},{"time":1,"x":1.028},{"time":1.2},{"time":1.4,"x":1.028,"y":0.963},{"time":1.6}]},"petals18":{"rotate":[{},{"time":0.0667,"angle":-7.2},{"time":0.2,"angle":-2.7},{"time":0.4},{"time":0.6,"angle":-1.88},{"time":0.8,"angle":8.8},{"time":0.8667,"angle":-8.66},{"time":1,"angle":-2.7},{"time":1.2},{"time":1.4,"angle":5.54},{"time":1.6}],"translate":[{"time":0.8},{"time":0.8667,"x":1.39,"y":-2.77,"curve":0.25,"c3":0.75},{"time":1}],"scale":[{},{"time":0.2,"x":1.028},{"time":0.4},{"time":0.6,"x":1.028,"y":0.963},{"time":0.8},{"time":0.8667,"x":1.009,"curve":0.25,"c3":0.75},{"time":1,"x":1.028},{"time":1.2},{"time":1.4,"x":1.028,"y":0.963},{"time":1.6}]},"petals21":{"rotate":[{},{"time":0.0667,"angle":-3.16},{"time":0.2,"angle":-4.12},{"time":0.4},{"time":0.6,"angle":-0.02},{"time":0.8,"angle":6.92},{"time":0.8667,"angle":-4.63},{"time":1,"angle":-4.12},{"time":1.2},{"time":1.4,"angle":16.97},{"time":1.6}],"translate":[{"time":0.8},{"time":0.8667,"x":1.39,"y":-2.77,"curve":0.25,"c3":0.75},{"time":1}],"scale":[{},{"time":0.2,"x":1.028},{"time":0.4},{"time":0.6,"x":1.028,"y":0.963,"curve":"stepped"},{"time":0.8,"x":1.028,"y":0.963},{"time":0.8667,"x":1.028,"y":0.976,"curve":0.25,"c3":0.75},{"time":1,"x":1.028},{"time":1.2},{"time":1.4,"x":1.028,"y":0.963},{"time":1.6}]},"petals23":{"rotate":[{},{"time":0.0667,"angle":2.78},{"time":0.2,"angle":3.95},{"time":0.4},{"time":0.6,"angle":-1.8},{"time":0.8,"angle":-6.62},{"time":0.8667,"angle":0.05},{"time":1,"angle":0.83},{"time":1.2},{"time":1.4,"angle":3.04},{"time":1.6}],"translate":[{"time":0.8},{"time":0.8667,"x":1.39,"y":-2.77,"curve":0.25,"c3":0.75},{"time":1}],"scale":[{},{"time":0.2,"x":1.028},{"time":0.4},{"time":0.6,"x":1.011,"y":0.972,"curve":"stepped"},{"time":0.8,"x":1.011,"y":0.972},{"time":0.8667,"x":1.017,"y":0.982,"curve":0.25,"c3":0.75},{"time":1,"x":1.028},{"time":1.2},{"time":1.4,"x":1.011,"y":0.972},{"time":1.6}]},"petals20":{"rotate":[{},{"time":0.0667,"angle":5.52},{"time":0.2,"angle":2.68},{"time":0.4},{"time":0.6,"angle":-5.15},{"time":0.8,"angle":-10.49},{"time":0.8667,"angle":4.06},{"time":1,"angle":2.68},{"time":1.2},{"time":1.4,"angle":-5.15},{"time":1.6}],"translate":[{"time":0.8},{"time":0.8667,"x":1.39,"y":-2.77,"curve":0.25,"c3":0.75},{"time":1}],"scale":[{},{"time":0.2,"x":1.028},{"time":0.4},{"time":0.6,"x":1.011,"y":0.972,"curve":"stepped"},{"time":0.8,"x":1.011,"y":0.972},{"time":0.8667,"x":1.017,"y":0.982,"curve":0.25,"c3":0.75},{"time":1,"x":1.028},{"time":1.2},{"time":1.4,"x":1.011,"y":0.972},{"time":1.6}]},"petals2":{"rotate":[{},{"time":0.0667,"angle":10.05},{"time":0.2,"angle":-2.96},{"time":0.4},{"time":0.6,"angle":-1.8},{"time":0.8,"angle":-14.38},{"time":0.8667,"angle":8.59},{"time":1,"angle":-2.96},{"time":1.2},{"time":1.4,"angle":-7.26},{"time":1.6}],"translate":[{"time":0.8},{"time":0.8667,"x":1.39,"y":-2.77,"curve":0.25,"c3":0.75},{"time":1}],"scale":[{},{"time":0.2,"x":1.028},{"time":0.4},{"time":0.6,"x":1.011,"y":0.972,"curve":"stepped"},{"time":0.8,"x":1.011,"y":0.972},{"time":0.8667,"x":1.017,"y":0.982,"curve":0.25,"c3":0.75},{"time":1,"x":1.028},{"time":1.2},{"time":1.4,"x":1.011,"y":0.972},{"time":1.6}]},"petals1":{"rotate":[{},{"time":0.0667,"angle":5.15},{"time":0.2,"angle":-2.52},{"time":0.4},{"time":0.6,"angle":-6.61},{"time":0.8,"angle":-11.95},{"time":0.8667,"angle":3.68},{"time":1,"angle":-2.52},{"time":1.2},{"time":1.4,"angle":-11.39},{"time":1.6}],"translate":[{"time":0.8},{"time":0.8667,"x":1.39,"y":-2.77,"curve":0.25,"c3":0.75},{"time":1}],"scale":[{},{"time":0.2,"x":1.028},{"time":0.4},{"time":0.6,"x":1.011,"y":0.972,"curve":"stepped"},{"time":0.8,"x":1.011,"y":0.972},{"time":0.8667,"x":1.017,"y":0.982,"curve":0.25,"c3":0.75},{"time":1,"x":1.028},{"time":1.2},{"time":1.4,"x":1.011,"y":0.972},{"time":1.6}]},"petals4":{"rotate":[{},{"time":0.0667,"angle":12.01},{"time":0.2,"angle":-5.04},{"time":0.4},{"time":0.6,"angle":-1.8},{"time":0.8,"angle":-7.14},{"time":0.8667,"angle":10.55},{"time":1,"angle":-5.04},{"time":1.2},{"time":1.4,"angle":-7.49},{"time":1.6}],"translate":[{"time":0.8},{"time":0.8667,"x":1.39,"y":-2.77,"curve":0.25,"c3":0.75},{"time":1}],"scale":[{},{"time":0.2,"x":1.028},{"time":0.4},{"time":0.6,"x":1.011,"y":0.972,"curve":"stepped"},{"time":0.8,"x":1.011,"y":0.972},{"time":0.8667,"x":1.017,"y":0.982,"curve":0.25,"c3":0.75},{"time":1,"x":1.058,"y":0.943},{"time":1.2},{"time":1.4,"x":1.011,"y":0.972},{"time":1.6}]},"petals6":{"rotate":[{},{"time":0.0667,"angle":13.59},{"time":0.2,"angle":-0.83},{"time":0.4},{"time":0.6,"angle":-1.37},{"time":0.8,"angle":-11.12},{"time":0.8667,"angle":12.13},{"time":1,"angle":-0.83},{"time":1.2},{"time":1.4,"angle":-6.78},{"time":1.6}],"translate":[{"time":0.8},{"time":0.8667,"x":1.39,"y":-2.77,"curve":0.25,"c3":0.75},{"time":1}],"scale":[{},{"time":0.2,"x":1.028},{"time":0.4},{"time":0.6,"x":1.011,"y":0.972,"curve":"stepped"},{"time":0.8,"x":1.011,"y":0.972},{"time":0.8667,"x":0.918,"y":1.046,"curve":0.25,"c3":0.75},{"time":1,"x":1.058,"y":0.943},{"time":1.2},{"time":1.4,"x":1.011,"y":0.972},{"time":1.6}]},"petals5":{"rotate":[{},{"time":0.0667,"angle":15.43},{"time":0.2,"angle":-2.08},{"time":0.4},{"time":0.6,"angle":-1.37},{"time":0.8,"angle":-15.63},{"time":0.8667,"angle":13.96},{"time":1,"angle":-2.08},{"time":1.2},{"time":1.4,"angle":-5.56},{"time":1.6}],"translate":[{"time":0.8},{"time":0.8667,"x":1.39,"y":-2.77,"curve":0.25,"c3":0.75},{"time":1}],"scale":[{},{"time":0.2,"x":1.028},{"time":0.4},{"time":0.6,"x":1.011,"y":0.972,"curve":"stepped"},{"time":0.8,"x":1.011,"y":0.972},{"time":0.8667,"x":0.918,"y":1.046,"curve":0.25,"c3":0.75},{"time":1,"x":1.058,"y":0.943},{"time":1.2},{"time":1.4,"x":1.035,"y":0.972},{"time":1.6}]},"petals22":{"rotate":[{},{"time":0.0667,"angle":13.76},{"time":0.2,"angle":2.58},{"time":0.4},{"time":0.6,"angle":3.4},{"time":0.8,"angle":-1.94},{"time":0.8667,"angle":12.29},{"time":1,"angle":2.58},{"time":1.2},{"time":1.4,"angle":-1.18},{"time":1.6}],"translate":[{"time":0.8},{"time":0.8667,"x":1.39,"y":-2.77,"curve":0.25,"c3":0.75},{"time":1}],"scale":[{},{"time":0.2,"x":1.045},{"time":0.4},{"time":0.6,"x":1.011,"y":0.972,"curve":"stepped"},{"time":0.8,"x":1.011,"y":0.972},{"time":0.8667,"x":0.923,"y":1.046,"curve":0.25,"c3":0.75},{"time":1,"x":1.076,"y":0.943},{"time":1.2},{"time":1.4,"x":1.035,"y":0.972},{"time":1.6}]},"head2":{"translate":[{},{"time":0.0667,"y":-8.46,"curve":0.25,"c3":0.75},{"time":0.2,"curve":"stepped"},{"time":0.8},{"time":0.8667,"y":-12.25,"curve":0.25,"c3":0.75},{"time":1}],"scale":[{},{"time":0.0667,"x":0.978,"y":1.017},{"time":0.2,"curve":"stepped"},{"time":0.4},{"time":0.6,"y":1.003},{"time":0.8,"x":1.016,"y":1.025},{"time":0.8667,"x":0.995,"y":1.035,"curve":0.25,"c3":0.75},{"time":1,"curve":"stepped"},{"time":1.2},{"time":1.4,"x":1.004,"y":1.044},{"time":1.6}]}}}}},[0]]],0,0,[0],[-1],[0]]