[1,["8aCCJA60ZDaIbJC/YVY1j2","7a/QZLET9IDreTiBfRn2PD","4aWojXsT9OzqeOcatfdt+X"],["root","animation","node","data","_N$skeletonData"],[["cc.PrefabInfo",["fileId","root","asset"],2,1,1],["sp.SkeletonData",["_name","_atlasText","textureNames","_skeletonJson","textures"],-1,3],["cc.Prefab",["_name"],2],["cc.Node",["_name","_children","_components","_prefab","_trs"],2,2,12,4,7],["cc.Node",["_name","_parent","_components","_prefab","_contentSize"],2,1,2,4,5],["7f523i63cpNt5U+azxQROnr",["node","animation"],3,1,1],["sp.Skeleton",["defaultSkin","defaultAnimation","_preCacheMode","_animationName","node","_materials"],-1,1,3],["261d4+Q1HdGA5w3tjdBw83c",["node","spineAnimation"],3,1,1]],[[1,0,1,2,3,4,5],[2,0,2],[3,0,1,2,3,4,2],[4,0,1,2,3,4,2],[5,0,1,1],[0,1,2,1],[0,0,1,2,2],[6,0,1,2,3,4,5,5],[7,0,1,1]],[[[[0,"putongjianguo","\nputongjianguo.png\nsize: 686,199\nformat: RGBA8888\nfilter: Linear,Linear\nrepeat: none\nimages/1biyan\n  rotate: false\n  xy: 537, 43\n  size: 55, 27\n  orig: 55, 27\n  offset: 0, 0\n  index: -1\nimages/1shenti\n  rotate: false\n  xy: 583, 72\n  size: 101, 125\n  orig: 101, 125\n  offset: 0, 0\n  index: -1\nimages/1yanjing\n  rotate: false\n  xy: 480, 10\n  size: 55, 29\n  orig: 55, 29\n  offset: 0, 0\n  index: -1\nimages/1zui1\n  rotate: false\n  xy: 594, 59\n  size: 15, 11\n  orig: 15, 11\n  offset: 0, 0\n  index: -1\nimages/1zuo0\n  rotate: false\n  xy: 594, 43\n  size: 11, 14\n  orig: 11, 14\n  offset: 0, 0\n  index: -1\nimages/2\n  rotate: true\n  xy: 2, 2\n  size: 195, 241\n  orig: 195, 241\n  offset: 0, 0\n  index: -1\nimages/5\n  rotate: true\n  xy: 245, 2\n  size: 195, 233\n  orig: 195, 233\n  offset: 0, 0\n  index: -1\nimages/biyan\n  rotate: false\n  xy: 537, 14\n  size: 54, 27\n  orig: 54, 27\n  offset: 0, 0\n  index: -1\nimages/shenti\n  rotate: false\n  xy: 480, 72\n  size: 101, 125\n  orig: 101, 125\n  offset: 0, 0\n  index: -1\nimages/yanjing\n  rotate: false\n  xy: 480, 41\n  size: 55, 29\n  orig: 55, 29\n  offset: 0, 0\n  index: -1\n",["putongjianguo.png"],{"skeleton":{"hash":"Fub9ZVBxK6JmNynqSviJigOPO+w","spine":"3.8.99","x":-54.2,"y":-2.41,"width":100.48,"height":124.5},"bones":[{"name":"root"},{"name":"1","parent":"root","y":55.48},{"name":"shenti","parent":"1","length":25,"rotation":90,"y":-51.34},{"name":"shenti1","parent":"shenti","rotation":1.49,"x":51.66,"y":-0.77},{"name":"shenti2","parent":"shenti","x":28.21},{"name":"biyan","parent":"shenti1","length":34,"rotation":-90.13,"x":20.86,"y":7.84,"skin":true},{"name":"zui1","parent":"shenti1","rotation":-90.54,"x":4.88,"y":-11.31,"skin":true},{"name":"biyan2","parent":"shenti1","length":34,"rotation":-90.13,"x":20.86,"y":7.84,"skin":true}],"slots":[{"name":"jianguo/2","bone":"1","attachment":"2"},{"name":"jianguo/3","bone":"1","attachment":"3"},{"name":"shenti","bone":"shenti2","attachment":"shenti"},{"name":"shenti3","bone":"shenti2","attachment":"shenti"},{"name":"shenti2","bone":"shenti2","attachment":"shenti2"},{"name":"zui1","bone":"zui1","attachment":"images/zui1"},{"name":"biyan","bone":"biyan","attachment":"images/yanjing"},{"name":"biyan3","bone":"biyan2","attachment":"images/yanjing"}],"skins":[{"name":"default","attachments":{"biyan":{"images/biyan":{"x":15.01,"y":-1.61,"rotation":-0.41,"width":54,"height":27},"images/yanjing":{"x":14.52,"y":-0.85,"rotation":-0.41,"width":55,"height":29}},"biyan3":{"images/biyan":{"path":"images/1biyan","x":15.01,"y":-1.61,"rotation":-0.41,"width":55,"height":27},"images/yanjing":{"path":"images/1yanjing","x":14.52,"y":-0.85,"rotation":-0.41,"width":55,"height":29}},"zui1":{"images/zui0":{"path":"images/1zuo0","x":2.23,"y":-0.7,"width":11,"height":14},"images/zui1":{"path":"images/1zui1","x":0.47,"y":2.55,"width":15,"height":11}}}},{"name":"jianguo/jianguo_1","bones":["biyan","zui1"],"attachments":{"shenti":{"shenti":{"name":"images/shenti","type":"mesh","hull":28,"uvs":[0.53374,0.9958,0.61576,0.97867,0.68497,0.97986,0.76501,0.96373,0.78225,0.92249,0.8591,0.88026,0.87437,0.83784,0.93447,0.80298,0.95023,0.7245,0.99505,0.66852,0.99505,0.45937,0.97018,0.37331,0.92707,0.30478,0.8719,0.16794,0.74087,0.06834,0.63128,0.01475,0.52833,0.004,0.3973,0.00479,0.26651,0.06694,0.17243,0.14424,0.10051,0.23388,0.04633,0.3012,0.0052,0.4257,0.0052,0.65597,0.03697,0.75458,0.1308,0.86771,0.27243,0.96612,0.3803,0.996,0.27243,0.35219,0.26011,0.4767,0.32956,0.58625,0.45887,0.68585,0.59581,0.68465,0.76378,0.68465,0.8591,0.53407,0.83766,0.38586,0.74062,0.23886,0.60812,0.16655,0.48965,0.14802,0.37415,0.15918,0.29878,0.25997],"triangles":[22,29,28,20,28,40,29,23,30,19,40,39,30,25,31,17,39,38,39,40,38,16,38,37,32,31,1,38,40,37,30,31,32,40,28,37,37,36,14,37,28,36,28,29,30,28,30,35,36,28,35,30,32,35,33,32,4,32,33,34,35,32,34,36,35,12,34,33,9,35,34,10,21,22,28,20,21,28,22,23,29,19,20,40,23,24,30,18,19,39,24,25,30,18,39,17,25,26,31,17,38,16,26,27,31,16,37,15,31,27,0,31,0,1,15,37,14,2,3,4,32,1,4,1,2,4,14,36,13,33,4,6,4,5,6,33,6,8,6,7,8,13,36,12,12,35,11,10,34,9,33,8,9,11,35,10],"vertices":[1,2,-6.53,0.55,1,1,2,-4.38,-7.78,1,1,2,-4.53,-14.8,1,1,2,-2.5,-22.93,1,1,2,2.68,-24.68,1,1,2,7.97,-32.48,1,1,2,13.3,-34.03,1,1,2,17.68,-40.13,1,1,2,27.52,-41.73,1,1,2,34.55,-46.28,1,1,2,60.8,-46.28,1,1,2,71.6,-43.76,1,1,2,80.2,-39.38,1,1,2,97.37,-33.78,1,1,2,109.87,-20.48,1,1,2,116.6,-9.35,1,1,2,117.95,1.09,1,1,2,117.85,14.4,1,1,2,110.05,27.67,1,1,2,100.35,37.22,1,1,2,89.1,44.52,1,1,2,80.65,50.02,1,1,2,65.02,54.2,1,1,2,36.13,54.2,1,1,2,23.75,50.97,1,1,2,9.55,41.45,1,1,2,-2.8,27.07,1,1,2,-6.55,16.12,1,1,3,22.59,27.84,1,1,3,6.96,29.09,1,1,3,-6.78,22.04,1,1,3,-19.28,8.92,1,1,3,-19.14,-4.97,1,1,3,-19.14,-22.03,1,1,3,-0.24,-31.7,1,1,3,18.36,-29.53,1,1,3,36.81,-19.69,1,1,3,45.89,-6.22,1,1,3,48.21,5.79,1,1,3,46.81,17.52,1,1,3,34.17,25.17,1]}}}},{"name":"jianguo/jianguo_2","bones":["biyan","zui1"],"attachments":{"shenti3":{"shenti":{"name":"images/shenti","type":"mesh","path":"images/2","hull":28,"uvs":[0.52716,1,0.61948,1,0.68497,0.97986,0.76501,0.96373,0.7936,0.93244,0.8591,0.88026,0.89379,0.8392,0.93447,0.80298,0.97082,0.72491,1,0.66511,0.99505,0.45937,0.97018,0.37331,0.92707,0.30478,0.8719,0.16794,0.74087,0.06834,0.63128,0.01475,0.52833,0.004,0.3973,0.00479,0.26651,0.06694,0.17243,0.14424,0.10051,0.23388,0.04633,0.3012,0,0.42582,0,0.65519,0.03697,0.75458,0.1308,0.86771,0.27243,0.96612,0.38596,1,0.27243,0.35219,0.26011,0.4767,0.32956,0.58625,0.45887,0.68585,0.59581,0.68465,0.76378,0.68465,0.8591,0.53407,0.83766,0.38586,0.74062,0.23886,0.60812,0.16655,0.48965,0.14802,0.37415,0.15918,0.29878,0.25997],"triangles":[38,39,17,38,16,37,36,37,14,40,19,39,28,20,40,35,36,12,29,22,28,10,34,35,40,38,28,38,30,28,29,28,30,40,39,38,23,29,30,38,37,30,36,30,37,35,30,36,32,35,34,32,30,35,33,32,34,33,34,9,31,30,32,25,30,31,33,4,32,0,31,32,38,17,16,39,18,17,19,18,39,37,16,15,37,15,14,36,14,13,20,19,40,36,13,12,21,20,28,35,12,11,28,22,21,10,35,11,23,22,29,34,10,9,8,33,9,24,23,30,7,33,8,6,33,7,25,24,30,5,33,6,4,33,5,26,25,31,4,2,32,3,2,4,27,26,31,0,27,31,0,32,1,2,1,32],"vertices":[1,2,-6.41,1.61,1,1,2,-6.42,-7.63,1,1,2,-3.91,-14.24,1,1,2,-1.9,-22.28,1,1,2,1.99,-25.14,1,1,2,8.46,-31.73,1,1,2,13.5,-35.17,1,1,2,18.06,-39.3,1,1,2,27.69,-42.9,1,1,2,35.18,-45.87,1,1,2,60.73,-45.39,1,1,2,71.41,-42.9,1,1,2,79.92,-38.56,1,1,2,96.91,-33.02,1,1,2,109.28,-19.86,1,1,2,115.94,-8.85,1,1,2,117.27,1.48,1,1,2,117.18,14.65,1,1,2,109.46,27.78,1,1,2,99.86,37.23,1,1,2,88.73,44.45,1,1,2,80.37,49.9,1,1,2,64.9,54.55,1,1,2,36.43,54.55,1,1,2,24.07,50.84,1,1,2,10.02,41.42,1,1,2,-2.2,27.19,1,1,2,-6.41,15.79,1,1,3,22.39,27.96,1,1,3,6.92,29.19,1,1,3,-6.67,22.22,1,1,3,-19.04,9.24,1,1,3,-18.9,-4.51,1,1,3,-18.9,-21.39,1,1,3,-0.2,-30.95,1,1,3,18.2,-28.81,1,1,3,36.46,-19.07,1,1,3,45.44,-5.74,1,1,3,47.74,6.14,1,1,3,46.35,17.75,1,1,3,33.84,25.31,1]}}}},{"name":"jianguo/jianguo_3","bones":["biyan","zui1"],"attachments":{"shenti2":{"shenti2":{"name":"images/shenti2","type":"mesh","path":"images/5","hull":28,"uvs":[0.52446,0.99999,0.61778,0.99304,0.68497,0.97986,0.76501,0.96373,0.78225,0.92249,0.8591,0.88026,0.89652,0.85443,0.93447,0.80298,0.95023,0.7245,0.99505,0.66852,1,0.46923,1,0.37634,0.98751,0.29597,0.90557,0.16709,0.78788,0.05692,0.63128,0.01475,0.52833,0.004,0.3973,0.00479,0.22022,0.02132,0.13252,0.13365,0.10051,0.23388,0.04633,0.3012,0,0.42582,0.0052,0.65597,0.03697,0.75458,0.1308,0.86771,0.27243,0.96612,0.37675,0.996,0.27243,0.35219,0.26011,0.4767,0.32956,0.58625,0.45887,0.68585,0.59581,0.68465,0.76378,0.68465,0.8591,0.53407,0.83766,0.38586,0.74062,0.23886,0.60812,0.16655,0.48965,0.14802,0.37415,0.15918,0.29878,0.25997],"triangles":[39,17,38,38,16,37,36,37,14,40,19,39,28,20,40,12,35,36,29,22,28,34,35,10,40,38,28,38,30,28,29,28,30,23,29,30,38,37,30,36,31,37,32,36,35,32,35,34,33,32,34,33,34,9,40,39,38,36,32,31,37,31,30,25,30,31,33,4,32,0,31,32,38,17,16,39,18,17,19,18,39,37,16,15,37,15,14,36,14,13,20,19,40,21,20,28,12,36,13,35,12,11,35,11,10,28,22,21,23,22,29,9,34,10,8,33,9,24,23,30,7,33,8,6,33,7,25,24,30,5,33,6,4,33,5,26,25,31,4,2,32,3,2,4,1,32,2,27,26,31,0,27,31,32,1,0],"vertices":[1,2,-6.46,1.89,1,1,2,-5.63,-7.44,1,1,2,-4.03,-14.19,1,1,2,-2.08,-22.21,1,1,2,2.9,-23.94,1,1,2,7.99,-31.63,1,1,2,11.02,-35.3,1,1,2,17.32,-39.18,1,1,2,26.79,-40.76,1,1,2,33.55,-45.24,1,1,2,57.57,-45.74,1,1,2,68.65,-45.85,1,1,2,78.32,-44.86,1,1,2,93.96,-36.48,1,1,2,107.37,-24.79,1,1,2,112.45,-8.81,1,1,2,113.75,1.49,1,1,2,113.65,14.61,1,1,2,111.89,31.99,1,1,2,98.21,40.88,1,1,2,86,44.33,1,1,2,77.88,49.75,1,1,2,62.85,54.39,1,1,2,35.07,53.88,1,1,2,23.16,50.69,1,1,2,9.51,41.3,1,1,2,-2.37,27.11,1,1,2,-5.98,16.67,1,1,3,20.09,27.94,1,1,3,5.06,29.16,1,1,3,-8.15,22.2,1,1,3,-20.18,9.25,1,1,3,-20.06,-4.45,1,1,3,-20.07,-21.28,1,1,3,-1.9,-30.81,1,1,3,15.99,-28.65,1,1,3,33.74,-18.94,1,1,3,42.48,-5.64,1,1,3,44.72,6.21,1,1,3,43.38,17.78,1,1,3,31.23,25.31,1]}}}},{"name":"jianguo/jianguo_4","bones":["biyan2","zui1"],"attachments":{"shenti":{"shenti":{"name":"images/shenti","type":"linkedmesh","path":"images/1shenti","skin":"jianguo/jianguo_1","parent":"shenti"}}}}],"events":{"gongji":{}},"animations":{"daiji":{"bones":{"shenti1":{"translate":[{},{"time":0.5,"x":-5.64},{"time":1}]},"zui1":{"translate":[{"x":-7.79,"y":2.53}]},"biyan2":{"translate":[{"x":-7.35,"y":2.5}]}}},"daiji2":{"slots":{"biyan":{"attachment":[{"time":0.4167,"name":"images/biyan"},{"time":0.5417,"name":"images/yanjing"}]},"biyan3":{"attachment":[{"time":0.4167,"name":"images/biyan"},{"time":0.5417,"name":"images/yanjing"}]}},"bones":{"biyan":{"translate":[{"x":-7.35,"y":2.5}]},"shenti":{"rotate":[{"angle":3.76},{"time":0.1667,"angle":-0.18},{"time":0.3333,"angle":-4.11},{"time":0.5,"angle":-0.18},{"time":0.6667,"angle":3.76}],"scale":[{"x":1.05},{"time":0.1667,"x":0.95},{"time":0.3333,"x":1.05},{"time":0.5,"x":0.95},{"time":0.6667,"x":1.05}]},"zui1":{"translate":[{"x":-7.79,"y":2.53}]},"shenti1":{"translate":[{},{"time":0.1667,"x":3.57,"y":0.01},{"time":0.3333},{"time":0.5,"x":3.57,"y":0.01},{"time":0.6667}]},"biyan2":{"translate":[{"x":-7.35,"y":2.5}]}}},"gongji":{"slots":{"biyan":{"attachment":[{"time":0.25,"name":"images/biyan"},{"time":0.375,"name":"images/yanjing"}]},"biyan3":{"attachment":[{"time":0.25,"name":"images/biyan"},{"time":0.375,"name":"images/yanjing"}]}},"bones":{"biyan":{"translate":[{"x":-7.35,"y":2.5}]},"shenti":{"rotate":[{},{"time":0.1667,"angle":9.52},{"time":0.25,"angle":-8.09},{"time":0.4167}],"scale":[{"x":1.05}]},"zui1":{"translate":[{"x":-7.79,"y":2.53}]},"shenti1":{"translate":[{},{"time":0.1667,"x":0.78,"y":4.91},{"time":0.25,"x":2.58,"y":-11.91},{"time":0.4167}]},"biyan2":{"translate":[{"x":-7.35,"y":2.5}]}},"events":[{"time":0.25,"name":"gongji"}]},"gundong":{"bones":{"1":{"rotate":[{},{"time":0.2083,"angle":-90},{"time":0.4167,"angle":180},{"time":0.625,"angle":90},{"time":0.8333}],"translate":[{},{"time":0.2083,"y":-10.87},{"time":0.3333},{"time":0.4167,"y":7.25},{"time":0.625,"y":-1.72},{"time":0.8333}],"scale":[{"time":0.2083},{"time":0.4167,"x":1.045,"y":0.985},{"time":0.625}]}}},"gundong2":{"bones":{"1":{"rotate":[{},{"time":0.2083,"angle":-90},{"time":0.4167,"angle":180},{"time":0.625,"angle":90},{"time":0.8333}],"translate":[{},{"time":0.2083,"y":-10.87},{"time":0.3333},{"time":0.4167,"y":7.25},{"time":0.625,"y":-1.72},{"time":0.8333}],"scale":[{"time":0.2083},{"time":0.4167,"x":1.045,"y":0.985},{"time":0.625}]},"root":{"translate":[{},{"time":0.8333,"x":228.2}]}}},"gundong6":{"bones":{"1":{"rotate":[{},{"time":0.2083,"angle":-90},{"time":0.4167,"angle":180},{"time":0.625,"angle":90},{"time":0.8333}]}}},"jingxia":{"bones":{"shenti":{"scale":[{},{"time":0.0833,"x":1.05},{"time":0.1667},{"time":0.25,"x":1.05},{"time":0.3333},{"time":0.4167,"x":1.05}]},"biyan":{"translate":[{"x":-11.75,"y":2.5}],"scale":[{},{"time":0.0833,"x":1.2,"y":1.2},{"time":0.1667},{"time":0.25,"x":1.2,"y":1.2},{"time":0.3333},{"time":0.4167,"x":1.2,"y":1.2}]},"zui1":{"translate":[{"x":-11.75,"y":2.53}]},"shenti1":{"translate":[{},{"time":0.0833,"x":2.05},{"time":0.1667},{"time":0.25,"x":2.05},{"time":0.3333},{"time":0.4167,"x":2.05}]},"biyan2":{"translate":[{"x":-11.75,"y":2.5}],"scale":[{},{"time":0.0833,"x":1.2,"y":1.2},{"time":0.1667},{"time":0.25,"x":1.2,"y":1.2},{"time":0.3333},{"time":0.4167,"x":1.2,"y":1.2}]}}},"shengli":{"slots":{"biyan":{"attachment":[{"time":0.3333,"name":"images/biyan"},{"time":0.4583,"name":"images/yanjing"}]},"biyan3":{"attachment":[{"time":0.3333,"name":"images/biyan"},{"time":0.4583,"name":"images/yanjing"}]}},"bones":{"biyan":{"translate":[{"x":-7.35,"y":2.5}]},"shenti":{"rotate":[{"angle":3.76},{"time":0.1667,"angle":-0.18},{"time":0.3333,"angle":-4.11},{"time":0.5,"angle":-0.18},{"time":0.6667,"angle":3.76}],"scale":[{"x":1.05},{"time":0.1667,"x":0.95},{"time":0.3333,"x":1.05},{"time":0.5,"x":0.95},{"time":0.6667,"x":1.05}]},"zui1":{"translate":[{"x":-7.79,"y":2.53}]},"shenti1":{"translate":[{},{"time":0.1667,"x":3.57,"y":0.01},{"time":0.3333},{"time":0.5,"x":3.57,"y":0.01},{"time":0.6667}]},"biyan2":{"translate":[{"x":-7.35,"y":2.5}]}}},"siwang":{"bones":{"zui1":{"translate":[{"x":-11.75,"y":2.53}]},"biyan":{"translate":[{"x":-11.75,"y":2.5}],"scale":[{},{"time":0.0833,"x":1.2,"y":1.2},{"time":0.1667},{"time":0.25,"x":1.2,"y":1.2},{"time":0.3333},{"time":0.4167,"x":1.2,"y":1.2},{"time":0.5},{"time":0.5833,"x":1.2,"y":1.2},{"time":0.6667},{"time":0.75,"x":1.2,"y":1.2}]},"shenti":{"scale":[{},{"time":0.0833,"x":1.05},{"time":0.1667},{"time":0.25,"x":1.05},{"time":0.3333},{"time":0.4167,"x":1.05},{"time":0.5},{"time":0.5833,"x":1.05},{"time":0.6667},{"time":0.75,"x":1.05},{"time":1.0417,"x":0.9}]},"shenti1":{"translate":[{},{"time":0.0833,"x":2.05},{"time":0.1667},{"time":0.25,"x":2.05},{"time":0.3333},{"time":0.4167,"x":2.05},{"time":0.5},{"time":0.5833,"x":2.05},{"time":0.6667},{"time":0.75,"x":2.05},{"time":1.0417,"x":-6.62}]},"biyan2":{"translate":[{"x":-11.75,"y":2.5}],"scale":[{},{"time":0.0833,"x":1.2,"y":1.2},{"time":0.1667},{"time":0.25,"x":1.2,"y":1.2},{"time":0.3333},{"time":0.4167,"x":1.2,"y":1.2},{"time":0.5},{"time":0.5833,"x":1.2,"y":1.2},{"time":0.6667},{"time":0.75,"x":1.2,"y":1.2}]}}}}},[0]]],0,0,[0],[-1],[0]],[[[1,"WallNut"],[2,"WallNut",[-5],[[-2,[4,-4,-3]],1,4],[5,-1,0],[-494,-293,0,0,0,0,1,1,1,1]],[3,"putongjianguo",1,[-6],[6,"290Xd8bd9A/IKX6cDaG5aR",1,0],[5,100.48,124.5]],[7,"jianguo/jianguo_1","daiji",0,"daiji",2,[0]],[8,1,3]],0,[0,0,1,0,-1,4,0,1,4,0,2,1,0,-1,2,0,-1,3,0,3,1,6],[0,3],[-1,4],[1,2]]]]