[1,["ecpdLyjvZBwrvm+cedCcQy","c4U8feG35Eqbk0560JsXpN","a46O8G9ONM5rFTzHyvOKlU","a0OIMjSTZCja4Yyi0TEF4D","0fzbQSrtRPQK9dx4Blt8zm","44dGgHtHdLkYCAb6hHEtrt","40fKTTluBND4bAOPjADP/0","4ap4lZA81KxqrUXZ1o6WEm","16YUn5lLVNnaIZtD8MyMNT","0c6QvkU4VGGZlEFzwYBXTo","25doe6kxdH+7uLivwmrDgL","cdeWZvNLxMUbpWLJ0fQXtf","49MnljUqJKEpkm/d86YiYs","64pMllLmlJU7mLlDOWcm69","7e0MWYCAxEDqnWIzUy1eZd","bcIiZvoj9GYr4cQCsTTHYs","31x7soOzpIhrqCveFQQKF7","3ae7efMv1CLq2ilvUY/tQi"],["node","_spriteFrame","_textureSetter","root","buttonList","data","_normalMaterial","gray","normal"],[["cc.Node",["_name","_opacity","_active","_prefab","_contentSize","_components","_parent","_trs","_children","_color"],0,4,5,9,1,7,2,5],"cc.SpriteFrame",["cc.Sprite",["_type","_sizeMode","node","_materials","_spriteFrame"],1,1,3,6],["cc.Widget",["_alignFlags","_originalWidth","_originalHeight","_right","_bottom","_left","_top","node"],-4,1],["cc.Button",["_N$transition","node","clickEvents","_normalMaterial"],2,1,9,6],["cc.PrefabInfo",["fileId","root","asset"],2,1,1],["cc.ClickEvent",["_componentId","handler","customEventData","target"],0,1],["cc.Prefab",["_name"],2],["098be8EUP9LUb4P1jRGwwM3",["node","buttonList","gray","normal"],3,1,1,6,6],["cc.Layout",["_resize","_N$layoutType","_N$spacingY","node","_layoutSize"],0,1,5],["cc.BlockInputEvents",["node"],3,1],["2ea8bTiIf9D6aZEThZ9EKnt",["node"],3,1]],[[5,0,1,2,2],[2,2,3,4,1],[0,0,6,5,3,4,7,2],[0,0,6,8,5,3,4,7,2],[3,0,1,2,7,4],[6,0,1,3,3],[0,0,2,1,6,5,3,9,4,4],[0,0,2,6,5,3,4,7,3],[4,0,1,2,2],[4,1,2,1],[6,0,1,2,3,4],[11,0,1],[2,0,1,2,3,4,3],[7,0,2],[0,0,8,5,3,4,7,2],[0,0,6,8,5,3,4,2],[0,0,6,8,3,4,7,2],[0,0,1,6,5,3,9,4,3],[0,0,6,5,3,4,2],[3,0,5,3,6,4,1,2,7,8],[3,0,3,4,7,4],[8,0,1,2,3,1],[5,1,2,1],[2,1,2,3,4,2],[2,0,2,3,4,2],[9,0,1,2,3,4,4],[4,0,1,2,3,2],[10,0,1]],[[[{"name":"a102","rect":[1,1,288,378],"offset":[0,0],"originalSize":[288,378],"rotated":1,"capInsets":[0,0,0,0]}],[1],0,[0],[2],[1]],[[{"name":"a097","rect":[378,326,105,58],"offset":[0,0],"originalSize":[107,58],"capInsets":[0,0,0,0]}],[1],0,[0],[2],[1]],[[{"name":"a099","rect":[378,444,101,56],"offset":[0,0],"originalSize":[101,56],"capInsets":[0,0,0,0]}],[1],0,[0],[2],[1]],[[{"name":"a095","rect":[326,291,240,50],"offset":[0,0],"originalSize":[240,50],"rotated":1,"capInsets":[0,0,0,0]}],[1],0,[0],[2],[1]],[[{"name":"a098","rect":[1,291,323,115],"offset":[0,0],"originalSize":[323,115],"capInsets":[0,0,0,0]}],[1],0,[0],[2],[1]],[[{"name":"a101","rect":[378,386,104,56],"offset":[0,0],"originalSize":[104,56],"capInsets":[0,0,0,0]}],[1],0,[0],[2],[1]],[[{"name":"a100","rect":[1,408,323,115],"offset":[0,0],"originalSize":[323,115],"capInsets":[0,0,0,0]}],[1],0,[0],[2],[1]],[[{"name":"a096","rect":[381,1,323,115],"offset":[0,0],"originalSize":[323,115],"rotated":1,"capInsets":[0,0,0,0]}],[1],0,[0],[2],[1]],[[[13,"BossSelectUI"],[14,"BossSelectUI",[-5,-6,-7],[[4,45,900,600,-2],[21,-4,-3,37,38]],[22,-1,0],[5,1334,750],[667,375,0,0,0,0,1,1,1,1]],[3,"Bg",1,[-9,-10,-11,-12],[[12,1,0,-8,[35],36]],[0,"c3zY+ykSpLvZCrvbu6K5V8",1,0],[5,800,530],[0,-5.626,0,0,0,0,1,1,1,1]],[3,"ButtonList",2,[-14,-15,-16],[[25,1,2,20,-13,[5,300,385]]],[0,"2aWVmMjShDBbNPOv3zf/D9",1,0],[5,300,385],[-165.509,-4.668,0,0,0,0,1,1,1,1]],[3,"1",3,[-19,-20,-21],[[1,-17,[20],21],[8,1,-18,[[5,"098be8EUP9LUb4P1jRGwwM3","onClickStart",1]]]],[0,"58AmZd/VZDmYCOtFAuev5u",1,0],[5,323,115],[0,135,0,0,0,0,1,1,1,1]],[15,"2",3,[-24,-25,-26],[[1,-22,[26],27],[26,1,-23,[[5,"098be8EUP9LUb4P1jRGwwM3","onClickStart",1]],28]],[0,"0fJUkBaIpEUJkw5qg9C7wJ",1,0],[5,323,115]],[3,"3",3,[-29,-30,-31],[[1,-27,[33],34],[8,1,-28,[[5,"098be8EUP9LUb4P1jRGwwM3","onClickStart",1]]]],[0,"1dXqAjd4tMa6wOcDM1XK9x",1,0],[5,323,115],[0,-135,0,0,0,0,1,1,1,1]],[16,"Title",2,[-32,-33,-34,-35],[0,"abuTDUjgpBmKni4gd2LQ96",1,0],[5,208,62],[0,271.822,0,0,0,0,1,1,1,1]],[17,"New Sprite(Splash)",144,1,[[19,45,-210,-210,-15,-15,100,100,-36],[27,-37],[23,0,-38,[0],1]],[0,"3a8PGO8MdNAIGXHWjKx9Nf",1,0],[4,4278190080],[5,1754,780]],[2,"x",2,[[24,1,-39,[12],13],[20,36,-21.300999999999988,505.848,-40],[8,1,-41,[[5,"098be8EUP9LUb4P1jRGwwM3","onClickClose",1]]]],[0,"5dhidjJrlKjoL2AkOa1rXM",1,0],[5,65,65],[388.801,273.348,0,0,0,0,1,1,1,1]],[6,"Mask",false,100,4,[[4,45,100,100,-42],[9,-43,[[10,"098be8EUP9LUb4P1jRGwwM3","onClickVideo","1",1]]]],[0,"bfcpLRBlVPrLyMH113o7PL",1,0],[4,4278190080],[5,323,115]],[7,"video",false,4,[[1,-44,[18],19],[11,-45]],[0,"bd+Gd7l15J+71hBp0gApED",1,0],[5,80,57],[-104.16,6.213,0,0,0,0,1,1,1,1]],[6,"Mask",false,100,5,[[4,45,100,100,-46],[9,-47,[[10,"098be8EUP9LUb4P1jRGwwM3","onClickVideo","2",1]]]],[0,"7aY6XpvX9DCpAsHGXy3PzN",1,0],[4,4278190080],[5,323,115]],[7,"video",false,5,[[1,-48,[24],25],[11,-49]],[0,"c096D75cxBtL6l4oAyVHY6",1,0],[5,80,57],[-104.16,6.213,0,0,0,0,1,1,1,1]],[6,"Mask",false,100,6,[[4,45,100,100,-50],[9,-51,[[10,"098be8EUP9LUb4P1jRGwwM3","onClickVideo","3",1]]]],[0,"a13TL2t5hDw7eDt3XmMmV7",1,0],[4,4278190080],[5,323,115]],[7,"video",false,6,[[1,-52,[31],32],[11,-53]],[0,"29Pw7pLP5GRLxvlijRlgWx",1,0],[5,80,57],[-104.16,6.213,0,0,0,0,1,1,1,1]],[2,"Kuang",1,[[12,1,0,-54,[2],3]],[0,"c55DDjSXROpbADXq2DQUeI",1,0],[5,820,550],[0,-5.626,0,0,0,0,1,1,1,1]],[2,"a040",7,[[1,-55,[4],5]],[0,"65GOVtW15NUaCkIm5P77qs",1,0],[5,79,73],[-149,4,0,0,0,0,1,1,1,1]],[2,"a040 copy",7,[[1,-56,[6],7]],[0,"22r/mLActEtaFkNfYjac4d",1,0],[5,79,73],[143.652,4,0,0,0,0,1,-1,1,1]],[18,"a120",7,[[1,-57,[8],9]],[0,"a7HOgtDshMMZppcTgdk/+m",1,0],[5,250,71]],[2,"a039",7,[[1,-58,[10],11]],[0,"4cx2ET4p1AT517RCR888rh",1,0],[5,240,50],[0,0,0,0,0,0,1,0.8,0.8,1]],[2,"a102",2,[[1,-59,[14],15]],[0,"107nOMUBNEVZbdxzmfwa+A",1,0],[5,288,378],[209.469,0,0,0,0,0,1,1,1,1]],[2,"a097",4,[[1,-60,[16],17]],[0,"16PTeoQsJMCIu9jR2DBt+2",1,0],[5,105,58],[0,6.613,0,0,0,0,1,1,1,1]],[2,"a097",5,[[1,-61,[22],23]],[0,"2ciJErL19Hi695nPi075gw",1,0],[5,101,56],[0,6.613,0,0,0,0,1,1,1,1]],[2,"a097",6,[[1,-62,[29],30]],[0,"95Kav3f39EyrdGhK6Jszvi",1,0],[5,104,56],[0,6.613,0,0,0,0,1,1,1,1]]],0,[0,3,1,0,0,1,0,4,3,0,0,1,0,-1,8,0,-2,16,0,-3,2,0,0,2,0,-1,7,0,-2,9,0,-3,21,0,-4,3,0,0,3,0,-1,4,0,-2,5,0,-3,6,0,0,4,0,0,4,0,-1,22,0,-2,10,0,-3,11,0,0,5,0,0,5,0,-1,23,0,-2,12,0,-3,13,0,0,6,0,0,6,0,-1,24,0,-2,14,0,-3,15,0,-1,17,0,-2,18,0,-3,19,0,-4,20,0,0,8,0,0,8,0,0,8,0,0,9,0,0,9,0,0,9,0,0,10,0,0,10,0,0,11,0,0,11,0,0,12,0,0,12,0,0,13,0,0,13,0,0,14,0,0,14,0,0,15,0,0,15,0,0,16,0,0,17,0,0,18,0,0,19,0,0,20,0,0,21,0,0,22,0,0,23,0,0,24,0,5,1,62],[0,0,0,0,0,0,0,0,0,0,0,0,0,0,0,0,0,0,0,0,0,0,0,0,0,0,0,0,0,0,0,0,0,0,0,0,0,0,0],[-1,1,-1,1,-1,1,-1,1,-1,1,-1,1,-1,1,-1,1,-1,1,-1,1,-1,1,-1,1,-1,1,-1,1,6,-1,1,-1,1,-1,1,-1,1,7,8],[0,4,0,5,0,3,0,3,0,6,0,7,0,8,0,9,0,10,0,2,0,11,0,12,0,2,0,13,0,0,14,0,2,0,15,0,16,17,0]]]]