[1,["172ca2c9c","17a184afe","135d603fc"],["_textureSetter"],["cc.SpriteFrame"],0,[[[{"name":"drop_handbook","rect":[412,582,140,144],"offset":[0,0],"originalSize":[140,144],"rotated":1,"capInsets":[0,0,0,0]}],[0],0,[0],[0],[0]],[[{"name":"drop_sprinkler","rect":[480,3,84,83],"offset":[0,0],"originalSize":[88,87],"rotated":1,"capInsets":[0,0,0,0]}],[0],0,[0],[0],[0]],[[{"name":"drop_taco","rect":[895,734,126,111],"offset":[0,0],"originalSize":[126,111],"capInsets":[0,0,0,0]}],[0],0,[0],[0],[1]],[[{"name":"4","rect":[3,461,105,88],"offset":[0,0],"originalSize":[105,88],"capInsets":[0,0,0,0]}],[0],0,[0],[0],[2]]]]