[1,["7a/QZLET9IDreTiBfRn2PD","87x79PsW9LnoTrNdlNEoCn","cbFzrUdydIYr83U4+ce0+j","d6xZCdcI1JI6jd6iBcwh9K"],["root","shootNode","body","animation","node","data","bulletPrefab","_N$skeletonData"],[["cc.Node",["_name","_prefab","_trs","_children","_components","_parent"],2,4,7,2,12,1],["cc.Node",["_name","_groupIndex","_parent","_components","_prefab","_contentSize"],1,1,2,4,5],["cc.PrefabInfo",["fileId","root","asset"],2,1,1],["cc.Prefab",["_name"],2],["ed4225QSM9JNoAv41wvq5Yv",["shadowScale","node","animation","body","shadowOffset","shootNode","bulletPrefab"],2,1,1,1,5,1,6],["cc.BoxCollider",["node","_offset","_size"],3,1,5,5],["96c396uvMtPhLUJFoRD9JmK",["node","body"],3,1,1],["sp.Skeleton",["defaultSkin","defaultAnimation","_preCacheMode","_animationName","node","_materials"],-1,1,3],["261d4+Q1HdGA5w3tjdBw83c",["node","spineAnimation"],3,1,1],["sp.SkeletonData",["_name","_atlasText","textureNames","_skeletonJson","textures"],-1,3]],[[2,0,1,2,2],[3,0,2],[0,0,3,4,1,2,2],[0,0,5,1,2,2],[1,0,1,2,3,4,3],[1,0,2,3,4,5,2],[4,0,1,2,3,4,5,6,2],[2,1,2,1],[5,0,1,2,1],[6,0,1,1],[7,0,1,2,3,4,5,5],[8,0,1,1],[9,0,1,2,3,4,5]],[[[[1,"PuffShroom"],[2,"PuffShroom",[-7,-8,-9],[[-2,[6,0.6,-6,-5,-4,[0,-5,0],-3,1]],1,4],[7,-1,0],[-494,-293,0,0,0,0,1,1,1,1]],[4,"bodyC",5,1,[-10,-11],[0,"cfsNL4hOVPW7jcv/8hswXe",1,0]],[3,"shootNode",1,[0,"9dGuqpNktMS4EwhgC8tXKx",1,0],[42,10,0,0,0,0,1,1,1,1]],[8,2,[0,0,30],[5,60,100]],[9,2,4],[5,"09_plant",1,[-12],[0,"e5lnvCvLdJTKzGdjEeXEkW",1,0],[5,45.47,45.72]],[10,"default","idle1",0,"idle1",6,[0]],[11,1,7]],0,[0,0,1,0,-1,8,0,1,3,0,2,5,0,3,8,0,4,1,0,-1,3,0,-2,2,0,-3,6,0,-1,4,0,-2,5,0,-1,7,0,5,1,12],[0,0,7],[-1,6,7],[0,1,2]],[[[12,"09_plant","\n09_plant.png\nsize: 128,64\nformat: RGBA8888\nfilter: Linear,Linear\nrepeat: none\nbody\n  rotate: false\n  xy: 58, 12\n  size: 33, 26\n  orig: 33, 26\n  offset: 0, 0\n  index: -1\neye1\n  rotate: false\n  xy: 93, 13\n  size: 8, 8\n  orig: 8, 8\n  offset: 0, 0\n  index: -1\neye2\n  rotate: false\n  xy: 93, 3\n  size: 8, 8\n  orig: 8, 8\n  offset: 0, 0\n  index: -1\neye3\n  rotate: false\n  xy: 58, 3\n  size: 8, 7\n  orig: 8, 8\n  offset: 0, 1\n  index: -1\nhead\n  rotate: false\n  xy: 2, 2\n  size: 54, 36\n  orig: 54, 36\n  offset: 0, 0\n  index: -1\nmouth1\n  rotate: false\n  xy: 93, 23\n  size: 9, 15\n  orig: 9, 15\n  offset: 0, 0\n  index: -1\n",["09_plant.png"],{"skeleton":{"hash":"FtEowdQkpYWEHJoF6JkRSeAillM","spine":"3.8.99","x":-23.88,"y":-3.3,"width":45.47,"height":45.72},"bones":[{"name":"root"},{"name":"plant","parent":"root","scaleX":0.127,"scaleY":0.127},{"name":"body","parent":"plant","length":81.6,"rotation":90,"x":-0.67,"y":1.18},{"name":"body2","parent":"body","length":48.65,"rotation":-90,"x":66.2,"y":-75.49},{"name":"mouth1","parent":"body2","x":47.7,"y":3.57,"scaleX":0.127,"scaleY":0.127,"transform":"noScale"},{"name":"eye1","parent":"body","x":98.59,"y":-68.77},{"name":"head2","parent":"plant","x":0.79,"y":111.09}],"slots":[{"name":"body","bone":"body2","attachment":"body"},{"name":"eye1","bone":"eye1","attachment":"eye1"},{"name":"mouth1","bone":"mouth1","attachment":"mouth1"},{"name":"head","bone":"head2","attachment":"head"}],"skins":[{"name":"default","attachments":{"body":{"body":{"type":"mesh","hull":17,"uvs":[0,0,0.91244,0,0.91943,0.18086,0.91943,0.24676,0.97148,0.25829,0.9858,0.38184,0.98747,0.48055,0.9897,0.61244,0.97669,0.67175,0.92463,0.66351,0.89861,0.66681,0.8849,0.71309,0.86737,0.77224,0.7242,0.93984,0.40536,1,0.15029,0.90525,0,0.73886,0.87412,0.3416,0.8643,0.44993,0.87131,0.5991],"triangles":[18,19,15,11,19,10,8,9,7,10,19,9,9,19,7,19,6,7,6,18,5,5,18,17,18,6,19,17,4,5,17,3,4,18,0,17,3,17,2,12,19,11,12,13,19,17,1,2,17,0,1,13,14,19,15,19,14,15,16,18,16,0,18],"vertices":[1,2,145.82,103.33,1,1,2,145.82,-96.5,1,1,2,114.53,-98.03,1,2,2,103.13,-98.03,0.07665,3,22.54,36.93,0.92335,2,2,101.13,-109.43,0.02763,3,33.94,34.93,0.97237,2,2,79.76,-112.56,0.00187,3,37.08,13.56,0.99813,1,3,37.44,-3.52,1,2,2,39.86,-113.42,0.00504,3,37.93,-26.34,0.99496,2,2,29.6,-110.57,0.01134,3,35.08,-36.6,0.98866,2,2,31.03,-99.17,0.04048,3,23.68,-35.17,0.95952,2,2,30.46,-93.47,0.08708,3,17.98,-35.74,0.91292,1,2,22.45,-90.47,1,1,2,12.22,-86.63,1,1,2,-16.78,-55.27,1,2,2,-27.18,14.55,0.99995,3,-90.04,-93.38,0.00005,1,2,-10.79,70.41,1,1,2,17.99,103.33,1,2,2,86.72,-88.11,0.0343,3,12.62,20.52,0.9657,1,3,10.47,1.78,1,2,2,42.17,-87.49,0.05537,3,12.01,-24.03,0.94463]}},"eye1":{"eye1":{"x":-5.77,"y":4.59,"rotation":-90,"width":55,"height":54},"eye2":{"x":-5.27,"y":4.59,"rotation":-90,"width":55,"height":51},"eye3":{"x":-3.77,"y":4.59,"rotation":-90,"width":55,"height":50}},"head":{"head":{"x":-9.79,"y":101.41,"width":358,"height":243}},"mouth1":{"mouth1":{"x":-4.01,"y":-0.45,"width":59,"height":103}}}}],"events":{"attack":{}},"animations":{"attack":{"slots":{"eye1":{"attachment":[{"time":0.3667,"name":"eye3"},{"time":0.4333,"name":"eye2"},{"time":0.4667,"name":"eye1"}]}},"bones":{"body":{"translate":[{"time":0.2},{"time":0.3667,"x":-1.99,"y":-0.72},{"time":0.5333}],"scale":[{},{"time":0.2,"x":1.028},{"time":0.3667,"x":0.959,"y":1.071},{"time":0.5333},{"time":0.7667,"x":0.967},{"time":1.0333},{"time":1.2667,"x":1.052,"curve":"stepped"},{"time":1.3333,"x":1.052},{"time":1.5333}],"shear":[{},{"time":0.2,"x":6.8},{"time":0.3667,"x":-1.7},{"time":0.5333}]},"head2":{"rotate":[{"time":0.2},{"time":0.2667,"angle":2.33},{"time":0.3667,"angle":-1.46},{"time":0.5333}],"translate":[{},{"time":0.2,"x":-8.4,"y":9.34},{"time":0.2667,"x":-3.77,"y":5.36},{"time":0.3667,"x":16.02,"y":-1.6},{"time":0.5333},{"time":0.7667,"y":-4.77},{"time":0.8333,"y":-3.65},{"time":1.0333,"y":-2.1},{"time":1.2667,"y":4.73,"curve":"stepped"},{"time":1.3333,"y":4.73},{"time":1.5333}],"scale":[{},{"time":0.2,"x":0.982,"y":1.081,"curve":"stepped"},{"time":0.2667,"x":0.982,"y":1.081},{"time":0.3667,"x":1.043,"y":0.893},{"time":0.5333},{"time":0.7667,"y":0.921},{"time":0.8333,"y":0.908},{"time":1.0333,"y":0.971},{"time":1.2667,"y":1.042,"curve":"stepped"},{"time":1.3333,"y":1.042},{"time":1.5333}],"shear":[{},{"time":0.2,"y":7.34,"curve":"stepped"},{"time":0.2667,"y":7.34},{"time":0.3667}]},"mouth1":{"translate":[{},{"time":0.2,"x":-26.57,"y":-3.19},{"time":0.3667,"x":18.52},{"time":0.5333,"curve":"stepped"},{"time":0.7667},{"time":0.8333,"y":-1.56},{"time":1.0333,"curve":"stepped"},{"time":1.2667},{"time":1.3333,"y":1.13},{"time":1.5333}],"scale":[{},{"time":0.2,"x":0.841},{"time":0.3667,"x":1.326,"y":1.217},{"time":0.5333,"curve":"stepped"},{"time":0.7667},{"time":0.8333,"x":1.009,"y":1.009},{"time":1.0333,"curve":"stepped"},{"time":1.2667},{"time":1.3333,"y":0.985},{"time":1.5333}]},"body2":{"translate":[{"time":0.7667},{"time":0.8333,"x":-1.46},{"time":1.0333,"curve":"stepped"},{"time":1.2667},{"time":1.3333,"x":1.35},{"time":1.5333}],"scale":[{},{"time":0.2,"x":0.677},{"time":0.3667,"curve":"stepped"},{"time":0.7667},{"time":0.8333,"x":1.009,"y":1.009},{"time":1.0333,"curve":"stepped"},{"time":1.2667},{"time":1.3333,"y":0.985},{"time":1.5333}]}},"deform":{"default":{"body":{"body":[{"time":0.2},{"time":0.3667,"offset":11,"vertices":[-28.53818,28.53816,0.00012,0.00009,-28.53818,28.53816,0.00012,28.53816,0.00012,0.00009,-28.53818,28.53816,0.00012,0.00009,-28.53818,28.53816]},{"time":0.5333}]}}},"events":[{"time":0.3667,"name":"attack"}]},"awoke":{"slots":{"eye1":{"attachment":[{"name":"eye3"},{"time":0.2667,"name":"eye2"},{"time":0.3,"name":"eye1"}]}},"bones":{"mouth1":{"scale":[{},{"time":0.1667,"x":1.043,"curve":0.25,"c3":0.75},{"time":0.3,"y":0.9,"curve":0.379,"c2":0.61,"c3":0.724},{"time":0.4667}]},"body":{"translate":[{"time":0.1667,"curve":0.25,"c3":0.75},{"time":0.3,"y":51.97,"curve":0.379,"c2":0.61,"c3":0.724},{"time":0.4667}],"scale":[{},{"time":0.1667,"x":0.942,"y":1.017,"curve":0.25,"c3":0.75},{"time":0.3,"x":1.059,"y":0.978,"curve":0.379,"c2":0.61,"c3":0.724},{"time":0.4667}]},"head2":{"translate":[{},{"time":0.1667,"y":-9.3,"curve":0.25,"c3":0.75},{"time":0.2,"y":0.34,"curve":0.25,"c3":0.75},{"time":0.3,"y":63.51,"curve":0.379,"c2":0.61,"c3":0.724},{"time":0.3333,"y":54.06,"curve":0.25,"c3":0.75},{"time":0.4667}],"scale":[{},{"time":0.1667,"y":0.921,"curve":"stepped"},{"time":0.2,"y":0.921,"curve":0.25,"c3":0.75},{"time":0.3,"x":0.981,"y":1.03,"curve":0.379,"c2":0.61,"c3":0.724},{"time":0.3333,"x":0.954,"y":1.058,"curve":0.25,"c3":0.75},{"time":0.4667}]}}},"idle1":{"bones":{"head2":{"translate":[{},{"time":0.2667,"y":-4.77},{"time":0.3333,"y":-3.65},{"time":0.5333,"y":-2.1},{"time":0.8,"y":4.73,"curve":"stepped"},{"time":0.8667,"y":4.73},{"time":1.0667}],"scale":[{},{"time":0.2667,"y":0.921},{"time":0.3333,"y":0.908},{"time":0.5333,"y":0.971},{"time":0.8,"y":1.042,"curve":"stepped"},{"time":0.8667,"y":1.042},{"time":1.0667}]},"mouth1":{"translate":[{"time":0.2667},{"time":0.3333,"y":-1.56},{"time":0.5333,"curve":"stepped"},{"time":0.8},{"time":0.8667,"y":1.13},{"time":1.0667}],"scale":[{"time":0.2667},{"time":0.3333,"x":1.009,"y":1.009},{"time":0.5333,"curve":"stepped"},{"time":0.8},{"time":0.8667,"y":0.985},{"time":1.0667}]},"body":{"scale":[{},{"time":0.2667,"x":0.967},{"time":0.5333},{"time":0.8,"x":1.052,"curve":"stepped"},{"time":0.8667,"x":1.052},{"time":1.0667}]},"body2":{"translate":[{"time":0.2667},{"time":0.3333,"x":-1.46},{"time":0.5333,"curve":"stepped"},{"time":0.8},{"time":0.8667,"x":1.35},{"time":1.0667}],"scale":[{"time":0.2667},{"time":0.3333,"x":1.009,"y":1.009},{"time":0.5333,"curve":"stepped"},{"time":0.8},{"time":0.8667,"y":0.985},{"time":1.0667}]}}},"idle1_eye":{"slots":{"eye1":{"attachment":[{"time":0.4,"name":"eye2"},{"time":0.5333,"name":"eye3"},{"time":0.6667,"name":"eye2"},{"time":0.8,"name":"eye1"}]}},"bones":{"body":{"scale":[{},{"time":0.2667,"x":0.967},{"time":0.5333},{"time":0.8,"x":1.052,"curve":"stepped"},{"time":0.8667,"x":1.052},{"time":1.0667}]},"head2":{"translate":[{},{"time":0.2667,"y":-4.77},{"time":0.3333,"y":-3.65},{"time":0.5333,"y":-2.1},{"time":0.8,"y":4.73,"curve":"stepped"},{"time":0.8667,"y":4.73},{"time":1.0667}],"scale":[{},{"time":0.2667,"y":0.921},{"time":0.3333,"y":0.908},{"time":0.5333,"y":0.971},{"time":0.8,"y":1.042,"curve":"stepped"},{"time":0.8667,"y":1.042},{"time":1.0667}]},"mouth1":{"translate":[{"time":0.2667},{"time":0.3333,"y":-1.56},{"time":0.5333,"curve":"stepped"},{"time":0.8},{"time":0.8667,"y":1.13},{"time":1.0667}],"scale":[{"time":0.2667},{"time":0.3333,"x":1.009,"y":1.009},{"time":0.5333,"curve":"stepped"},{"time":0.8},{"time":0.8667,"y":0.985},{"time":1.0667}]},"body2":{"translate":[{"time":0.2667},{"time":0.3333,"x":-1.46},{"time":0.5333,"curve":"stepped"},{"time":0.8},{"time":0.8667,"x":1.35},{"time":1.0667}],"scale":[{"time":0.2667},{"time":0.3333,"x":1.009,"y":1.009},{"time":0.5333,"curve":"stepped"},{"time":0.8},{"time":0.8667,"y":0.985},{"time":1.0667}]}}},"idle2":{"slots":{"eye1":{"attachment":[{"name":"eye3"}]}},"bones":{"body":{"scale":[{},{"time":0.2667,"x":0.967},{"time":0.5333},{"time":0.8,"x":1.052,"curve":"stepped"},{"time":0.8667,"x":1.052},{"time":1.0667}]},"body2":{"translate":[{"time":0.2667},{"time":0.3333,"x":-1.46},{"time":0.5333,"curve":"stepped"},{"time":0.8},{"time":0.8667,"x":1.35},{"time":1.0667}],"scale":[{"time":0.2667},{"time":0.3333,"x":1.009,"y":1.009},{"time":0.5333,"curve":"stepped"},{"time":0.8},{"time":0.8667,"y":0.985},{"time":1.0667}]},"mouth1":{"translate":[{"time":0.2667},{"time":0.3333,"y":-1.56},{"time":0.5333,"curve":"stepped"},{"time":0.8},{"time":0.8667,"y":1.13},{"time":1.0667}],"scale":[{"time":0.2667},{"time":0.3333,"x":1.009,"y":1.009},{"time":0.5333,"curve":"stepped"},{"time":0.8},{"time":0.8667,"y":0.985},{"time":1.0667}]},"head2":{"translate":[{},{"time":0.2667,"y":-4.77},{"time":0.3333,"y":-3.65},{"time":0.5333,"y":-2.1},{"time":0.8,"y":4.73,"curve":"stepped"},{"time":0.8667,"y":4.73},{"time":1.0667}],"scale":[{},{"time":0.2667,"y":0.921},{"time":0.3333,"y":0.908},{"time":0.5333,"y":0.971},{"time":0.8,"y":1.042,"curve":"stepped"},{"time":0.8667,"y":1.042},{"time":1.0667}]}}}}},[0]]],0,0,[0],[-1],[3]]]]