[1,["7a/QZLET9IDreTiBfRn2PD","ecpdLyjvZBwrvm+cedCcQy","f1thZDE7hGgKHo4GLEcJNa","cda5Ju4z5IfKMK9IL8kpRB","321we0tQFBLKY/IF3lt9NA"],["node","root","frostNode","spine","data","_spriteFrame","_N$skeletonData","_textureSetter"],[["cc.Node",["_name","_components","_prefab","_children","_parent","_contentSize","_anchorPoint"],2,9,4,2,1,5,5],["cc.PrefabInfo",["fileId","root","asset"],2,1,1],"cc.SpriteFrame",["cc.Prefab",["_name"],2],["cc.Node",["_name","_parent","_components","_prefab"],2,1,2,4],["2216dff601LwaALsQ/9tumg",["node","spine","frostNode"],3,1,1,1],["cc.Sprite",["node","_materials","_spriteFrame"],3,1,3,6],["sp.Skeleton",["defaultSkin","defaultAnimation","_preCacheMode","_animationName","node","_materials"],-1,1,3],["261d4+Q1HdGA5w3tjdBw83c",["node","spineAnimation"],3,1,1]],[[1,0,1,2,2],[3,0,2],[0,0,3,1,2,2],[0,0,4,1,2,5,6,2],[4,0,1,2,3,2],[5,0,1,2,1],[1,1,2,1],[6,0,1,2,1],[7,0,1,2,3,4,5,5],[8,0,1,1]],[[[[1,"FrozenEffect"],[2,"FrozenEffect",[-5,-6],[[5,-4,-3,-2]],[6,-1,0]],[4,"16FX",1,[-7,-8],[0,"b8kfawV01MQIiDRl+ri5pp",1,0]],[3,"frost",1,[[7,-9,[1],2]],[0,"e6n80UDBNJM4zXFqFzslSs",1,0],[5,84,42],[0,0.5,0]],[8,"default","blow1",0,"blow1",2,[0]],[9,2,4]],0,[0,1,1,0,2,3,0,3,5,0,0,1,0,-1,2,0,-2,3,0,-1,4,0,-2,5,0,0,3,0,4,1,9],[0,0,0,4],[-1,-1,5,6],[0,1,2,3]],[[{"name":"frost","rect":[0,0,84,42],"offset":[0,0],"originalSize":[84,42],"capInsets":[0,0,0,0]}],[2],0,[0],[7],[4]]]]