[1,["3ayOVu4EtBIrIfg7SbKcJ/","7a/QZLET9IDreTiBfRn2PD","01l9USU8tND4NplP9BE1Pz"],["root","spine","node","data","_N$skeletonData"],[["cc.PrefabInfo",["fileId","root","asset"],2,1,1],["sp.SkeletonData",["_name","_atlasText","textureNames","_skeletonJson","textures"],-1,3],["cc.Prefab",["_name"],2],["cc.Node",["_name","_children","_components","_prefab"],2,2,9,4],["cc.Node",["_name","_parent","_components","_prefab","_contentSize"],2,1,2,4,5],["b2afbvP8rxKZpOCQLPbuZGR",["aniName","node","spine"],2,1,1],["sp.Skeleton",["defaultSkin","defaultAnimation","_preCacheMode","_animationName","node","_materials"],-1,1,3],["261d4+Q1HdGA5w3tjdBw83c",["node","spineAnimation"],3,1,1]],[[1,0,1,2,3,4,5],[2,0,2],[3,0,1,2,3,2],[4,0,1,2,3,4,2],[5,0,1,2,2],[0,1,2,1],[0,0,1,2,2],[6,0,1,2,3,4,5,5],[7,0,1,1]],[[[[0,"11FX","\n11FX.png\nsize: 32,32\nformat: RGBA8888\nfilter: Linear,Linear\nrepeat: none\n09FXpr\n  rotate: false\n  xy: 2, 2\n  size: 27, 26\n  orig: 27, 26\n  offset: 0, 0\n  index: -1\n",["11FX.png"],{"skeleton":{"hash":"Ijr1ktEMRrKBYmz5zY9cItBWdHw","spine":"3.8.99"},"bones":[{"name":"root"},{"name":"11FX","parent":"root"},{"name":"11FX1","parent":"11FX","scaleX":1.2,"scaleY":1.2},{"name":"11FX2","parent":"11FX","scaleX":1.2,"scaleY":1.2},{"name":"11FX3","parent":"11FX","scaleX":1.2,"scaleY":1.2},{"name":"11FX4","parent":"11FX","scaleX":1.2,"scaleY":1.2},{"name":"11FX5","parent":"11FX","scaleX":1.2,"scaleY":1.2},{"name":"11FX6","parent":"11FX","scaleX":1.2,"scaleY":1.2},{"name":"11FX7","parent":"11FX","scaleX":1.2,"scaleY":1.2},{"name":"11FX8","parent":"11FX","scaleX":1.2,"scaleY":1.2},{"name":"11FX9","parent":"11FX","scaleX":1.2,"scaleY":1.2},{"name":"11FX10","parent":"11FX","scaleX":1.2,"scaleY":1.2},{"name":"11FX11","parent":"11FX","scaleX":1.2,"scaleY":1.2},{"name":"11FX12","parent":"11FX","scaleX":1.2,"scaleY":1.2},{"name":"11FX13","parent":"11FX","scaleX":1.2,"scaleY":1.2},{"name":"11FX14","parent":"11FX","scaleX":1.2,"scaleY":1.2},{"name":"11FX15","parent":"11FX","scaleX":1.2,"scaleY":1.2},{"name":"11FX16","parent":"11FX","scaleX":1.2,"scaleY":1.2},{"name":"11FX17","parent":"11FX","scaleX":1.2,"scaleY":1.2},{"name":"11FX18","parent":"11FX","scaleX":1.2,"scaleY":1.2},{"name":"11FX19","parent":"11FX","scaleX":1.2,"scaleY":1.2},{"name":"11FX20","parent":"11FX","scaleX":1.2,"scaleY":1.2},{"name":"11FX21","parent":"11FX","scaleX":1.2,"scaleY":1.2}],"slots":[{"name":"09FXpr","bone":"11FX1"},{"name":"09FXpr8","bone":"11FX8"},{"name":"09FXpr12","bone":"11FX12"},{"name":"09FXpr16","bone":"11FX16"},{"name":"09FXpr17","bone":"11FX17"},{"name":"09FXpr18","bone":"11FX18"},{"name":"09FXpr19","bone":"11FX19"},{"name":"09FXpr20","bone":"11FX20"},{"name":"09FXpr21","bone":"11FX21"},{"name":"09FXpr3","bone":"11FX3"},{"name":"09FXpr5","bone":"11FX5"},{"name":"09FXpr9","bone":"11FX9"},{"name":"09FXpr13","bone":"11FX13"},{"name":"09FXpr2","bone":"11FX2"},{"name":"09FXpr7","bone":"11FX7"},{"name":"09FXpr11","bone":"11FX11"},{"name":"09FXpr15","bone":"11FX15"},{"name":"09FXpr4","bone":"11FX4"},{"name":"09FXpr6","bone":"11FX6"},{"name":"09FXpr10","bone":"11FX10"},{"name":"09FXpr14","bone":"11FX14"}],"skins":[{"name":"default","attachments":{"09FXpr":{"09FXpr":{"width":27,"height":26}},"09FXpr2":{"09FXpr":{"width":27,"height":26}},"09FXpr3":{"09FXpr":{"width":27,"height":26}},"09FXpr4":{"09FXpr":{"width":27,"height":26}},"09FXpr5":{"09FXpr":{"width":27,"height":26}},"09FXpr6":{"09FXpr":{"width":27,"height":26}},"09FXpr7":{"09FXpr":{"width":27,"height":26}},"09FXpr8":{"09FXpr":{"width":27,"height":26}},"09FXpr9":{"09FXpr":{"width":27,"height":26}},"09FXpr10":{"09FXpr":{"width":27,"height":26}},"09FXpr11":{"09FXpr":{"width":27,"height":26}},"09FXpr12":{"09FXpr":{"width":27,"height":26}},"09FXpr13":{"09FXpr":{"width":27,"height":26}},"09FXpr14":{"09FXpr":{"width":27,"height":26}},"09FXpr15":{"09FXpr":{"width":27,"height":26}},"09FXpr16":{"09FXpr":{"width":27,"height":26}},"09FXpr17":{"09FXpr":{"width":27,"height":26}},"09FXpr18":{"09FXpr":{"width":27,"height":26}},"09FXpr19":{"09FXpr":{"width":27,"height":26}},"09FXpr20":{"09FXpr":{"width":27,"height":26}},"09FXpr21":{"09FXpr":{"width":27,"height":26}}}}],"animations":{"blow":{"slots":{"09FXpr":{"color":[{"time":0.3667,"color":"ffffffff"},{"time":0.4667,"color":"ffffff00"}],"attachment":[{"name":"09FXpr"},{"time":0.4667,"name":null}]},"09FXpr2":{"color":[{"time":0.5333,"color":"ffffffff"},{"time":0.6,"color":"ffffff00"}],"attachment":[{"name":"09FXpr"},{"time":0.6,"name":null}]},"09FXpr3":{"color":[{"time":0.6667,"color":"ffffffff"},{"time":0.7333,"color":"ffffff00"}],"attachment":[{"time":0.0667,"name":"09FXpr"},{"time":0.7333,"name":null}]},"09FXpr4":{"color":[{"time":0.5667,"color":"ffffffff"},{"time":0.6667,"color":"ffffff00"}],"attachment":[{"time":0.0667,"name":"09FXpr"},{"time":0.6667,"name":null}]},"09FXpr5":{"color":[{"time":0.4667,"color":"ffffffff"},{"time":0.5667,"color":"ffffff00"}],"attachment":[{"time":0.0667,"name":"09FXpr"},{"time":0.5667,"name":null}]},"09FXpr6":{"color":[{"time":0.5667,"color":"ffffffff"},{"time":0.6667,"color":"ffffff00"}],"attachment":[{"time":0.0667,"name":"09FXpr"},{"time":0.6667,"name":null}]},"09FXpr7":{"color":[{"time":0.5,"color":"ffffffff"},{"time":0.6,"color":"ffffff00"}],"attachment":[{"time":0.0667,"name":"09FXpr"},{"time":0.6,"name":null}]},"09FXpr8":{"color":[{"time":0.5,"color":"ffffffff"},{"time":0.6,"color":"ffffff00"}],"attachment":[{"time":0.0667,"name":"09FXpr"},{"time":0.6,"name":null}]},"09FXpr9":{"color":[{"time":0.5333,"color":"ffffffff"},{"time":0.6333,"color":"ffffff00"}],"attachment":[{"time":0.1333,"name":"09FXpr"},{"time":0.6333,"name":null}]},"09FXpr10":{"color":[{"time":0.5667,"color":"ffffffff"},{"time":0.6667,"color":"ffffff00"}],"attachment":[{"time":0.1333,"name":"09FXpr"},{"time":0.6667,"name":null}]},"09FXpr11":{"color":[{"time":0.4333,"color":"ffffffff"},{"time":0.5333,"color":"ffffff00"}],"attachment":[{"time":0.1333,"name":"09FXpr"},{"time":0.5333,"name":null}]},"09FXpr12":{"color":[{"time":0.6333,"color":"ffffffff"},{"time":0.7333,"color":"ffffff00"}],"attachment":[{"time":0.1333,"name":"09FXpr"},{"time":0.7333,"name":null}]},"09FXpr13":{"color":[{"time":0.3667,"color":"ffffffff"},{"time":0.4667,"color":"ffffff00"}],"attachment":[{"time":0.2,"name":"09FXpr"},{"time":0.4667,"name":null}]},"09FXpr14":{"color":[{"time":0.3667,"color":"ffffffff"},{"time":0.4667,"color":"ffffff00"}],"attachment":[{"time":0.2,"name":"09FXpr"},{"time":0.4667,"name":null}]},"09FXpr15":{"color":[{"time":0.3667,"color":"ffffffff"},{"time":0.4667,"color":"ffffff00"}],"attachment":[{"time":0.2667,"name":"09FXpr"},{"time":0.4667,"name":null}]},"09FXpr16":{"color":[{"time":0.4,"color":"ffffffff"},{"time":0.5,"color":"ffffff00"}],"attachment":[{"time":0.2667,"name":"09FXpr"},{"time":0.5,"name":null}]},"09FXpr17":{"color":[{"time":0.5,"color":"ffffffff"},{"time":0.6,"color":"ffffff00"}],"attachment":[{"time":0.2667,"name":"09FXpr"},{"time":0.6,"name":null}]},"09FXpr18":{"color":[{"time":0.6,"color":"ffffffff"},{"time":0.7,"color":"ffffff00"}],"attachment":[{"time":0.2667,"name":"09FXpr"},{"time":0.7,"name":null}]},"09FXpr19":{"color":[{"time":0.4333,"color":"ffffffff"},{"time":0.5333,"color":"ffffff00"}],"attachment":[{"time":0.2667,"name":"09FXpr"},{"time":0.5333,"name":null}]},"09FXpr20":{"color":[{"time":0.6333,"color":"ffffffff"},{"time":0.7667,"color":"ffffff00"}],"attachment":[{"time":0.2667,"name":"09FXpr"},{"time":0.7667,"name":null}]},"09FXpr21":{"color":[{"time":0.6333,"color":"ffffffff"},{"time":0.7333,"color":"ffffff00"}],"attachment":[{"time":0.4,"name":"09FXpr"},{"time":0.7333,"name":null}]}},"bones":{"11FX1":{"translate":[{"x":13.86},{"time":0.0667,"x":55.91},{"time":0.1333,"x":127.25,"y":-4.96},{"time":0.2,"x":213.26,"y":-4.96},{"time":0.2667,"x":277.39,"y":-4.96},{"time":0.3333,"x":364.66,"y":-6.73},{"time":0.4,"x":372.33,"y":-6.73},{"time":0.4667,"x":409.61,"y":-6.73}],"scale":[{"time":0.2},{"time":0.2667,"x":1.107,"y":1.107}]},"11FX2":{"translate":[{},{"time":0.0667,"x":46.62,"y":-3.72},{"time":0.1333,"x":93.12,"y":-2.17},{"time":0.2,"x":133.01,"y":-1.44},{"time":0.2667,"x":161.33,"y":13.59},{"time":0.3333,"x":189.28,"y":-2.74},{"time":0.4,"x":271.78,"y":-1.07},{"time":0.4667,"x":314.53,"y":9.06},{"time":0.6,"x":323.82,"y":13.82}],"scale":[{"time":0.2667},{"time":0.3333,"x":1.179,"y":1.179},{"time":0.4,"x":1.005,"y":1.005},{"time":0.4667,"x":1.171,"y":1.171},{"time":0.6,"x":1.206,"y":1.206}]},"11FX3":{"translate":[{"time":0.0667,"x":32.03,"y":7.44},{"time":0.1333,"x":87.21,"y":9.3},{"time":0.2,"x":148.33,"y":10.76},{"time":0.2667,"x":198.04,"y":13.65},{"time":0.3333,"x":233.25,"y":13.65},{"time":0.4,"x":313.75,"y":9.98},{"time":0.4667,"x":335.79,"y":6.47},{"time":0.5333,"x":374.1,"y":4.03},{"time":0.7,"x":383.04,"y":5.66}],"scale":[{"time":0.1333},{"time":0.2,"x":0.844,"y":0.844,"curve":"stepped"},{"time":0.2667,"x":0.844,"y":0.844},{"time":0.3333,"x":1.142,"y":1.142},{"time":0.4,"x":1.208,"y":1.208},{"time":0.4667,"x":1.101,"y":1.101},{"time":0.5333,"x":1.039,"y":1.039}]},"11FX4":{"rotate":[{"time":0.4667},{"time":0.6667,"angle":-2.4}],"translate":[{"time":0.0667,"x":30.03,"y":-7.15},{"time":0.1333,"x":89.86,"y":-10.25},{"time":0.2,"x":178.43,"y":-10.25},{"time":0.2667,"x":242.16,"y":-11.81},{"time":0.3333,"x":317.92,"y":-16.24},{"time":0.4,"x":325.6,"y":-20.59},{"time":0.4667,"x":373.8,"y":-10.7},{"time":0.6667,"x":383.36,"y":-19.99}],"scale":[{"time":0.1333},{"time":0.2,"x":1.065,"y":1.065}]},"11FX5":{"translate":[{"time":0.0667,"x":18.3,"y":-7.44},{"time":0.1333,"x":56.74,"y":-11.47},{"time":0.2,"x":88.44,"y":-10.87},{"time":0.2667,"x":158.95,"y":-7.98},{"time":0.3333,"x":173.11,"y":0.37},{"time":0.4,"x":238.24,"y":16.74},{"time":0.4667,"x":263.06,"y":0.1},{"time":0.5667,"x":272.33,"y":4.25}],"scale":[{"time":0.1333},{"time":0.2,"x":1.213,"y":1.213},{"time":0.2667,"x":1.043,"y":1.043,"curve":"stepped"},{"time":0.3333,"x":1.043,"y":1.043},{"time":0.4,"x":0.798,"y":0.798}]},"11FX6":{"translate":[{"time":0.0667,"x":7.15,"y":3.43},{"time":0.1333,"x":69.77,"y":-1.84},{"time":0.2,"x":105.65,"y":-1.54},{"time":0.2667,"x":155.36,"y":-0.09},{"time":0.3333,"x":210.17,"y":-5.54},{"time":0.4,"x":263.28,"y":-7.54},{"time":0.4667,"x":317.42,"y":-13.47},{"time":0.6667,"x":340.83,"y":-16.64}],"scale":[{"time":0.1333},{"time":0.2,"x":0.906,"y":0.906},{"time":0.2667,"x":0.968,"y":0.968},{"time":0.3333,"x":1.072,"y":1.072,"curve":"stepped"},{"time":0.4667,"x":1.072,"y":1.072},{"time":0.6667,"x":1.191,"y":1.191}]},"11FX7":{"translate":[{"time":0.0667,"x":-2.86,"y":12.87},{"time":0.1333,"x":36.51,"y":11.32},{"time":0.2,"x":108.57,"y":8.93},{"time":0.2667,"x":166.66,"y":1.99},{"time":0.3333,"x":238.53,"y":-9.99},{"time":0.4,"x":309.67,"y":-11.66},{"time":0.6,"x":364.6,"y":-15.35}],"scale":[{"time":0.3333},{"time":0.4,"x":1.053,"y":1.053}]},"11FX8":{"translate":[{"time":0.0667,"x":-6.86,"y":-3.72},{"time":0.1333,"x":36.85,"y":-1.24},{"time":0.2,"x":74.82,"y":0.56},{"time":0.2667,"x":132.33,"y":-1.76},{"time":0.3333,"x":156.9,"y":-6.2},{"time":0.4,"x":213.8,"y":-7.26},{"time":0.4667,"x":263.53,"y":-13.67},{"time":0.6,"x":283.32,"y":-6.56}]},"11FX9":{"translate":[{"time":0.0667},{"time":0.1333,"x":12.09,"y":2.79},{"time":0.2,"x":32.42,"y":-4.69},{"time":0.2667,"x":92.53,"y":-0.64},{"time":0.3333,"x":120.36,"y":4.1},{"time":0.4,"x":174.21,"y":6.27},{"time":0.4667,"x":220.18,"y":10.5},{"time":0.6333,"x":230.9,"y":14.27}],"scale":[{"time":0.2},{"time":0.2667,"x":1.25,"y":1.25,"curve":"stepped"},{"time":0.3333,"x":1.25,"y":1.25},{"time":0.4,"x":1.046,"y":1.046}]},"11FX10":{"translate":[{"time":0.0667},{"time":0.1333,"x":6.51,"y":14.26},{"time":0.2,"x":53.45,"y":5.59},{"time":0.2667,"x":117.03,"y":1.54},{"time":0.3333,"x":154.33,"y":1.54},{"time":0.4,"x":215.78,"y":1.54},{"time":0.4667,"x":274.41,"y":-3.12},{"time":0.6667,"x":289.47,"y":1.59}],"scale":[{"time":0.2667},{"time":0.3333,"x":1.052,"y":1.052},{"time":0.4,"x":1.08,"y":1.08}]},"11FX11":{"translate":[{"time":0.0667},{"time":0.1333,"x":14.57,"y":-6.82},{"time":0.2,"x":53.44,"y":-6.82},{"time":0.2667,"x":117.31,"y":-13.76},{"time":0.3333,"x":137.73,"y":-14.64},{"time":0.4,"x":223.24,"y":-4.96},{"time":0.5333,"x":255.16,"y":0.83}],"scale":[{"time":0.2},{"time":0.2667,"x":1.324,"y":1.324,"curve":"stepped"},{"time":0.4,"x":1.324,"y":1.324},{"time":0.5333,"x":1.382,"y":1.382}]},"11FX12":{"translate":[{"time":0.0667},{"time":0.1333,"x":-2.48,"y":-3.41},{"time":0.2,"x":19.65,"y":0.48},{"time":0.2667,"x":65.02,"y":-6.17},{"time":0.3333,"x":122.15,"y":-6.76},{"time":0.4,"x":157.51,"y":-1.05},{"time":0.4667,"x":168.79,"y":-2.18},{"time":0.5333,"x":211.24,"y":-4.37},{"time":0.7,"x":230.37,"y":-12.26}],"scale":[{"time":0.3333},{"time":0.4,"x":0.918,"y":0.918},{"time":0.4667,"x":1.169,"y":1.169},{"time":0.5333,"x":1.292,"y":1.292},{"time":0.7,"x":1.2,"y":1.2}]},"11FX13":{"translate":[{"time":0.1333},{"time":0.2,"x":-2.69,"y":-2.39},{"time":0.2667,"x":46.15,"y":-5.28},{"time":0.3333,"x":61.54,"y":-3.51},{"time":0.4667,"x":109.41,"y":-3.23}],"scale":[{"time":0.3333},{"time":0.4667,"x":1.158,"y":1.158}]},"11FX14":{"translate":[{"time":0.1333},{"time":0.2,"x":15.85,"y":13.75},{"time":0.2667,"x":62.09,"y":3.93},{"time":0.3333,"x":71.56,"y":-6.43},{"time":0.4667,"x":139.83,"y":-18.67}],"scale":[{"time":0.1333},{"time":0.2,"x":1.099,"y":1.099},{"time":0.2667,"x":1.007,"y":1.007},{"time":0.3333,"x":1.122,"y":1.122},{"time":0.4667,"x":1.215,"y":1.215}]},"11FX15":{"translate":[{"time":0.2},{"time":0.2667,"x":22.25,"y":16.76},{"time":0.3333,"x":36.16,"y":16.17},{"time":0.4667,"x":74.24,"y":1.75}],"scale":[{"time":0.2},{"time":0.2667,"x":1.045,"y":1.045},{"time":0.3333,"x":1.259,"y":1.259},{"time":0.4667,"x":0.934,"y":0.934}]},"11FX16":{"translate":[{"time":0.2},{"time":0.2667,"x":35.55,"y":5.49},{"time":0.3333,"x":54.79,"y":2.24},{"time":0.4,"x":79.81,"y":-7.01},{"time":0.5,"x":104.63,"y":-3.07}],"scale":[{"time":0.2},{"time":0.2667,"x":1.071,"y":1.071}]},"11FX17":{"translate":[{"time":0.2},{"time":0.2667,"x":21.39,"y":-1.45},{"time":0.3333,"x":41.51,"y":-6.48},{"time":0.4,"x":61.1,"y":-10.01},{"time":0.4667,"x":88.45,"y":-13.11},{"time":0.6,"x":106.24,"y":-18.7}],"scale":[{"time":0.2},{"time":0.2667,"x":1.035,"y":1.035},{"time":0.3333,"x":1.114,"y":1.114,"curve":"stepped"},{"time":0.4667,"x":1.114,"y":1.114},{"time":0.6,"x":1.005,"y":1.005}]},"11FX18":{"translate":[{"time":0.2},{"time":0.2667,"x":2.89,"y":-7.8},{"time":0.3333,"x":25.39,"y":-8.69},{"time":0.4,"x":50.68,"y":-3.79},{"time":0.4667,"x":85.93,"y":-2.1},{"time":0.5333,"x":103.01,"y":-1.86},{"time":0.7,"x":122.26,"y":-8.31}],"scale":[{"time":0.2667},{"time":0.3333,"x":1.079,"y":1.079,"curve":"stepped"},{"time":0.4,"x":1.079,"y":1.079},{"time":0.4667,"x":0.955,"y":0.955}]},"11FX19":{"translate":[{"time":0.2},{"time":0.2667,"x":2.31,"y":4.05},{"time":0.3333,"x":14.74,"y":2.57},{"time":0.4667,"x":35.42,"y":24.52}],"scale":[{"time":0.2},{"time":0.2667,"x":1.085,"y":1.085},{"time":0.3333,"x":1.223,"y":1.223},{"time":0.4667,"x":1.269,"y":1.269}]},"11FX20":{"translate":[{"time":0.2},{"time":0.2667,"x":-8.96,"y":-0.87},{"time":0.3333,"x":-0.97,"y":1.8},{"time":0.4,"x":31.4,"y":-1.2},{"time":0.4667,"x":66.93,"y":-2.61},{"time":0.5333,"x":84.26,"y":-0.41},{"time":0.7333,"x":104.95,"y":4.06}],"scale":[{"time":0.2},{"time":0.2667,"x":1.03,"y":1.03,"curve":"stepped"},{"time":0.3333,"x":1.03,"y":1.03},{"time":0.4,"x":1.079,"y":1.079,"curve":"stepped"},{"time":0.4667,"x":1.079,"y":1.079},{"time":0.5333,"x":1.104,"y":1.104}]},"11FX21":{"rotate":[{"time":0.5333},{"time":0.7333,"angle":-4.5}],"translate":[{"time":0.3333},{"time":0.4,"x":-1.51,"y":3.7},{"time":0.4667,"x":25.84,"y":0.88},{"time":0.5333,"x":33.41,"y":2.1},{"time":0.7333,"x":50.06,"y":8.84}],"scale":[{"time":0.3333},{"time":0.4,"x":1.079,"y":1.079},{"time":0.4667,"x":0.964,"y":0.964,"curve":"stepped"},{"time":0.5333,"x":0.964,"y":0.964},{"time":0.7333,"x":1.003,"y":1.003}]}}}}},[0]]],0,0,[0],[-1],[0]],[[[1,"FumeShroomEffect"],[2,"FumeShroomEffect",[-4],[[4,"blow",-3,-2]],[5,-1,0]],[3,"01FX",1,[-5,-6],[6,"7bOGQcZ2VOup7U9hsk2Eg6",1,0],[5,29,42]],[7,"default","blow",0,"blow",2,[0]],[8,2,3]],0,[0,0,1,0,1,4,0,2,1,0,-1,2,0,-1,3,0,-2,4,0,3,1,6],[0,3],[-1,4],[1,2]]]]