[1,["f1ONKoyHNJPJf5zTwO219A"],0,[["sp.SkeletonData",["_name","_atlasText","textureNames","_skeletonJson","textures"],-1,3]],[[0,0,1,2,3,4,5]],[[0,"effect020","\r\neffect020.png\r\nsize: 1209,237\r\nformat: RGBA8888\r\nfilter: Linear,Linear\r\nrepeat: none\r\njn1\r\n  rotate: true\r\n  xy: 940, 61\r\n  size: 174, 169\r\n  orig: 222, 234\r\n  offset: 15, 41\r\n  index: -1\r\njn2\r\n  rotate: false\r\n  xy: 731, 11\r\n  size: 207, 224\r\n  orig: 234, 247\r\n  offset: 9, 8\r\n  index: -1\r\njn3\r\n  rotate: false\r\n  xy: 504, 2\r\n  size: 225, 233\r\n  orig: 237, 247\r\n  offset: 12, 11\r\n  index: -1\r\njn4\r\n  rotate: true\r\n  xy: 2, 3\r\n  size: 232, 251\r\n  orig: 241, 255\r\n  offset: 7, 2\r\n  index: -1\r\njn5\r\n  rotate: true\r\n  xy: 255, 4\r\n  size: 231, 247\r\n  orig: 237, 253\r\n  offset: 5, 1\r\n  index: -1\r\nwsparticle_guangquan008\r\n  rotate: false\r\n  xy: 1111, 137\r\n  size: 96, 98\r\n  orig: 100, 100\r\n  offset: 2, 2\r\n  index: -1\r\n",["effect020.png"],{"skeleton":{"hash":"ldPO8xY31NI7vXV14zCnok58t20","spine":"3.8.99","fps":24,"images":"D:\\Work\\植物大战僵尸2娘化版\\动画\\娘化版\\工程文件\\特效","audio":"D:\\Work\\植物大战僵尸2娘化版\\动画\\娘化版\\工程文件\\特效"},"bones":[{"name":"root"},{"name":"bone70","parent":"root","length":58,"rotation":90.9},{"name":"wsparticle_guangquan008","parent":"root"},{"name":"wsparticle_guangquan0081","parent":"root","scaleX":-1,"scaleY":-1}],"slots":[{"name":"jn1","bone":"bone70"},{"name":"wsparticle_guangquan008","bone":"wsparticle_guangquan008","attachment":"wsparticle_guangquan008"},{"name":"wsparticle_guangquan0081","bone":"wsparticle_guangquan0081","attachment":"wsparticle_guangquan008"}],"skins":[{"name":"default","attachments":{"jn1":{"jn1":{"x":-0.95,"y":0.41,"rotation":-90.9,"width":222,"height":234},"jn2":{"x":-0.95,"y":0.41,"rotation":-90.9,"width":234,"height":247},"jn3":{"x":-0.95,"y":0.41,"rotation":-90.9,"width":237,"height":247},"jn4":{"x":-0.95,"y":0.41,"rotation":-90.9,"width":241,"height":255},"jn5":{"x":-0.95,"y":0.41,"rotation":-90.9,"width":237,"height":253}},"wsparticle_guangquan008":{"wsparticle_guangquan008":{"width":100,"height":100}},"wsparticle_guangquan0081":{"wsparticle_guangquan008":{"width":100,"height":100}}}}],"animations":{"newAnimation":{"slots":{"jn1":{"color":[{"color":"ffffff00"},{"time":0.0417,"color":"ffffffff","curve":"stepped"},{"time":0.2083,"color":"ffffffff"},{"time":0.375,"color":"ffffff00"}],"attachment":[{"name":"jn1"},{"time":0.0833,"name":"jn2"},{"time":0.125,"name":"jn3"},{"time":0.1667,"name":"jn4"},{"time":0.2083,"name":"jn5"}]},"wsparticle_guangquan008":{"color":[{"color":"ffffff00"},{"time":0.125,"color":"ffcc26f7"},{"time":0.375,"color":"ffffff00"}]},"wsparticle_guangquan0081":{"color":[{"color":"ffffff00"},{"time":0.125,"color":"ffcc26f7"},{"time":0.375,"color":"ffffff00"}]}},"bones":{"bone70":{"scale":[{"x":0.3,"y":0.3},{"time":0.0833},{"time":0.375,"x":1.3,"y":1.3}]},"wsparticle_guangquan008":{"rotate":[{"angle":-60},{"time":0.375,"angle":-30}],"scale":[{"x":0.4,"y":0.2},{"time":0.125,"x":3},{"time":0.375,"x":3,"y":1.5}]},"wsparticle_guangquan0081":{"rotate":[{"angle":60},{"time":0.375,"angle":30}],"scale":[{"x":-0.4,"y":-0.2},{"time":0.125,"x":3},{"time":0.375,"x":3,"y":1.5}]}}}}},[0]]],0,0,[0],[-1],[0]]