[1,0,0,[["dragonBones.DragonBonesAsset",["_name","_dragonBonesJson"],1]],[[0,0,1,3]],[[0,"XiaoGuiJiangShi_ske","{\"frameRate\":24,\"name\":\"XiaoGuiJiangShi\",\"version\":\"5.5\",\"compatibleVersion\":\"5.5\",\"armature\":[{\"type\":\"Armature\",\"frameRate\":24,\"name\":\"JiangShi\",\"aabb\":{\"x\":-38.11,\"y\":-81.29,\"width\":59.78,\"height\":82.55},\"bone\":[{\"name\":\"root\"},{\"length\":3.5000000000000004,\"name\":\"腰\",\"parent\":\"root\",\"transform\":{\"x\":5.0435,\"y\":-22.263500000000004,\"skX\":169.8182,\"skY\":169.8182}},{\"name\":\"bone_ikTarget\",\"parent\":\"root\",\"transform\":{\"x\":17.080945,\"y\":-4.33769}},{\"name\":\"bone_ikTarget2\",\"parent\":\"root\",\"transform\":{\"x\":-4.828208000000001,\"y\":-4.545345}},{\"length\":3.7800000000000002,\"name\":\"腰1\",\"parent\":\"腰\",\"transform\":{\"x\":0.012341000000000001,\"y\":0.208467,\"skX\":-84.639,\"skY\":-84.639}},{\"length\":10.64,\"name\":\"腰2\",\"parent\":\"腰\",\"transform\":{\"x\":-0.17402000000000004,\"y\":0.889749,\"skX\":95.1525,\"skY\":95.1525}},{\"name\":\"bone_ikTarget1\",\"parent\":\"bone_ikTarget\",\"transform\":{\"x\":-6.5192890000000006,\"y\":2.89842}},{\"name\":\"bone_ikTarget3\",\"parent\":\"bone_ikTarget2\",\"transform\":{\"x\":-6.336876,\"y\":2.671186}},{\"length\":10.360000000000001,\"name\":\"大腿1\",\"parent\":\"腰1\",\"transform\":{\"x\":-0.5376000000000001,\"y\":-9.451617,\"skX\":1.1431,\"skY\":1.1431}},{\"length\":7.280000000000001,\"name\":\"大腿2\",\"parent\":\"腰1\",\"transform\":{\"x\":0.9104760000000001,\"y\":8.611981,\"skX\":17.8195,\"skY\":17.8195}},{\"length\":14.840000000000002,\"name\":\"身体\",\"parent\":\"腰2\",\"transform\":{\"x\":10.660041000000001,\"skX\":-26.3952,\"skY\":-26.3952}},{\"length\":18.830000000000002,\"name\":\"头_\",\"parent\":\"身体\",\"transform\":{\"x\":18.563916000000003,\"y\":1.718857,\"skX\":-19.3109,\"skY\":-19.3109}},{\"length\":9.170000000000002,\"name\":\"脚2\",\"parent\":\"大腿2\",\"transform\":{\"x\":7.313404,\"skX\":-15.0441,\"skY\":-15.0441}},{\"length\":9.38,\"name\":\"脚1\",\"parent\":\"大腿1\",\"transform\":{\"x\":10.328276,\"y\":0.007693,\"skX\":-9.0002,\"skY\":-9.0002}},{\"length\":9.520000000000001,\"name\":\"手臂2\",\"parent\":\"身体\",\"transform\":{\"x\":13.600853,\"y\":-8.592675,\"skX\":-97.157,\"skY\":-97.157}},{\"length\":7.630000000000001,\"name\":\"手臂\",\"parent\":\"身体\",\"transform\":{\"x\":6.336869000000001,\"y\":2.3295580000000005,\"skX\":-117.4277,\"skY\":-117.4277}},{\"length\":6.86,\"name\":\"脚21\",\"parent\":\"脚2\",\"transform\":{\"x\":9.217873,\"skX\":69.5623,\"skY\":69.5623}},{\"length\":6.790000000000001,\"name\":\"脚11\",\"parent\":\"脚1\",\"transform\":{\"x\":9.478798,\"y\":0.33171600000000007,\"skX\":78.9779,\"skY\":78.9779}},{\"length\":10.780000000000001,\"name\":\"手2\",\"parent\":\"手臂2\",\"transform\":{\"x\":9.585877000000002,\"skX\":44.7042,\"skY\":44.7042}},{\"length\":11.410000000000002,\"name\":\"手\",\"parent\":\"手臂\",\"transform\":{\"x\":7.659764000000001,\"skX\":44.2939,\"skY\":44.2939}},{\"length\":9.31,\"name\":\"手1\",\"parent\":\"手\",\"transform\":{\"x\":11.459434,\"skX\":-40.1582,\"skY\":-40.1582}},{\"length\":9.73,\"name\":\"手21\",\"parent\":\"手2\",\"transform\":{\"x\":10.796086000000003,\"skX\":-46.0493,\"skY\":-46.0493}}],\"slot\":[{\"name\":\"脚2\",\"parent\":\"脚2\"},{\"name\":\"大腿2\",\"parent\":\"大腿2\"},{\"name\":\"腰\",\"parent\":\"腰1\"},{\"name\":\"脚1\",\"parent\":\"脚1\"},{\"name\":\"大腿1\",\"parent\":\"大腿1\"},{\"name\":\"手臂2\",\"parent\":\"手臂2\"},{\"name\":\"手2\",\"parent\":\"手2\"},{\"name\":\"身体\",\"parent\":\"身体\"},{\"name\":\"头_\",\"parent\":\"头_\"},{\"name\":\"眼睛2_\",\"parent\":\"头_\"},{\"name\":\"眼睛1__\",\"parent\":\"头_\"},{\"name\":\"手\",\"parent\":\"手\"},{\"name\":\"手臂\",\"parent\":\"手臂\"}],\"ik\":[{\"bendPositive\":false,\"chain\":1,\"name\":\"bone_ik\",\"bone\":\"脚1\",\"target\":\"bone_ikTarget\"},{\"bendPositive\":false,\"chain\":1,\"name\":\"bone_ik2\",\"bone\":\"脚2\",\"target\":\"bone_ikTarget2\"},{\"name\":\"bone_ik3\",\"bone\":\"脚21\",\"target\":\"bone_ikTarget3\"},{\"name\":\"bone_ik1\",\"bone\":\"脚11\",\"target\":\"bone_ikTarget1\"}],\"skin\":[{\"slot\":[{\"name\":\"大腿1\",\"display\":[{\"name\":\"大腿1\",\"transform\":{\"x\":6.19,\"y\":-0.64,\"skX\":-86.32,\"skY\":-86.32}}]},{\"name\":\"头_\",\"display\":[{\"name\":\"头_\",\"transform\":{\"x\":14.44,\"y\":1.35,\"skX\":140.74,\"skY\":140.74}}]},{\"name\":\"脚2\",\"display\":[{\"type\":\"mesh\",\"name\":\"脚2\",\"width\":12,\"height\":15,\"vertices\":[-6.55,-15.85,-7.62,-14.79,-7.59,-11.11,-7.22,-9.02,-8.69,-8.88,-8.83,-5.61,-10.65,-5.44,-12.11,-4.36,-13.4,-4.67,-13.4,-1.42,-9.8,-0.23,-6.8,-0.23,-4.99,-0.69,-2.37,-0.77,-1.64,-1.56,-1.58,-3,-2.2,-4.9,-1.08,-4.7,-1.1,-5.35,-1.58,-8.43,-2.54,-8.77,-2.65,-11.51,-3.05,-14.67,-4.2,-15.91,-4.63,-3.17,-7.71,-2.84,-10.79,-2.5,-13.4,-3.01],\"uvs\":[0.55597,0.00379,0.46932,0.07187,0.47159,0.30603,0.50142,0.43951,0.3821,0.44844,0.37074,0.65737,0.22358,0.66808,0.10483,0.73661,0.00028,0.71696,0.00028,0.92411,0.29233,1,0.5358,1,0.68239,0.97076,0.89545,0.96563,0.95483,0.91518,0.95966,0.82321,0.90909,0.70246,1,0.71518,0.99886,0.67366,0.95966,0.47723,0.88182,0.4558,0.87244,0.28103,0.84034,0.07946,0.74659,0.00022,0.71166,0.81238,0.46194,0.83381,0.21194,0.85546,0.00028,0.82309],\"triangles\":[20,16,19,19,16,18,18,16,17,16,24,15,15,24,14,24,13,14,24,12,13,20,3,16,22,2,21,21,3,20,1,2,22,2,3,21,23,0,22,0,1,22,5,25,24,25,11,12,25,12,24,4,5,3,25,10,11,5,26,25,26,10,25,6,26,5,7,26,6,26,9,10,7,27,26,27,9,26,8,27,7,3,16,5,5,24,16],\"weights\":[1,12,1,1,12,1,1,12,1,1,12,1,1,12,1,2,12,0.293504,16,0.706496,2,12,0.222524,16,0.777476,2,12,0.117726,16,0.882274,2,12,0.148774,16,0.851226,2,12,0.058724,16,0.941276,2,12,0.087552,16,0.912448,2,12,0.310955,16,0.689045,2,12,0.444766,16,0.555234,2,12,0.495433,16,0.504567,2,12,0.496116,16,0.503884,2,12,0.496962,16,0.503038,2,12,0.503356,16,0.496644,2,12,0.500081,16,0.499919,2,12,0.508967,16,0.491033,1,12,1,1,12,1,1,12,1,1,12,1,1,12,1,2,12,0.46703,16,0.53297,2,12,0.016213,16,0.983787,2,12,0.00472,16,0.99528,2,12,0.076372,16,0.923628],\"slotPose\":[1,0,0,1,0,0],\"bonePose\":[12,0.035692,0.999363,-0.999363,0.035692,-5.1555,-13.7095,16,-0.923992,0.382412,-0.382412,-0.923992,-4.8265,-4.4975],\"edges\":[0,1,1,2,2,3,3,4,4,5,5,6,6,7,7,8,9,10,10,11,11,12,12,13,13,14,14,15,15,16,16,17,17,18,18,19,19,20,20,21,21,22,22,23,23,0,8,27,27,9],\"userEdges\":[16,5]}]},{\"name\":\"手\",\"display\":[{\"type\":\"mesh\",\"name\":\"手\",\"width\":21,\"height\":14,\"vertices\":[-22.29,-27.42,-20.67,-29.31,-18.33,-30.37,-16.18,-32.38,-13.6,-32.98,-13.98,-34.46,-11.07,-35.7,-8.16,-36.49,-6.68,-35.4,-2.11,-35.59,-0.72,-35.02,-0.72,-32.75,-4.71,-30.86,-4.53,-29.2,-10.31,-28.22,-10.96,-26.97,-12.09,-26.52,-11.14,-23.12,-12.59,-21.94,-15.23,-21.51,-18.18,-22.25,-21.01,-23.72,-22.29,-24.93,-7.6,-28.68],\"uvs\":[0,0.60537,0.07532,0.47921,0.18377,0.40864,0.2836,0.27477,0.40308,0.23435,0.38555,0.13598,0.52029,0.0528,0.65536,0,0.72403,0.0729,0.93588,0.06028,1.00032,0.09813,1.00032,0.24953,0.81526,0.3757,0.82403,0.48668,0.55552,0.55234,0.52581,0.63551,0.47321,0.66589,0.51705,0.89299,0.45016,0.97126,0.32744,1,0.19075,0.95093,0.05925,0.85257,0,0.77196,0.6813,0.52158],\"triangles\":[10,9,11,9,12,11,8,12,9,8,23,12,12,23,13,6,4,14,6,14,23,6,23,8,7,6,8,5,4,6,16,15,14,4,16,14,4,3,16,16,18,17,20,19,16,2,20,16,3,2,16,19,18,16,1,21,2,2,21,20,0,21,1,0,22,21],\"weights\":[2,20,0.751876,19,0.248124,2,20,0.680528,19,0.319472,2,20,0.640455,19,0.359545,2,20,0.523778,19,0.476222,2,20,0.50348,19,0.49652,2,20,0.501348,19,0.498652,2,19,0.8,20,0.2,1,19,1,1,19,1,1,19,1,1,19,1,1,19,1,1,19,1,1,19,1,2,20,0.497525,19,0.502475,2,20,0.608731,19,0.391269,2,20,0.732324,19,0.267676,2,20,0.680689,19,0.319311,2,20,0.770557,19,0.229443,2,20,0.915026,19,0.084974,2,20,0.986112,19,0.013888,2,20,0.918301,19,0.081699,2,20,0.851341,19,0.148659,2,19,0.94,20,0.06],\"slotPose\":[1,0,0,1,0,0],\"bonePose\":[20,-0.577623,0.816304,-0.816304,-0.577623,-12.2465,-30.975,19,-0.967892,0.251365,-0.251365,-0.967892,-1.155,-33.8555],\"edges\":[0,1,1,2,2,3,3,4,4,5,5,6,6,7,7,8,8,9,9,10,10,11,11,12,12,13,14,15,15,16,16,17,17,18,18,19,19,20,20,21,21,22,22,0,13,23,23,14],\"userEdges\":[4,14]}]},{\"name\":\"眼睛2_\",\"display\":[{\"name\":\"眼睛2_\",\"transform\":{\"x\":12.36,\"y\":2.56,\"skX\":140.74,\"skY\":140.74}}]},{\"name\":\"脚1\",\"display\":[{\"type\":\"mesh\",\"name\":\"脚1\",\"width\":12,\"height\":15,\"vertices\":[8.3,-4,9.45,-3.85,10.95,-4.96,12.61,-5.35,12.61,-8.31,14.1,-8.73,13.68,-11.7,13.46,-14.32,14.64,-15.57,16.81,-15.57,18.08,-14.72,18.59,-11.95,18.73,-8.7,19.8,-8.25,20.48,-4.73,19.38,-4.73,20.14,-2.39,19.72,-0.61,16.84,-0.47,14.84,0.11,11.6,0.11,8.58,-0.61,8.3,-1.93,16.76,-3.32,13.96,-2.56,11.6,-1.97,9.82,-1.91,12.61,-6.7],\"uvs\":[0,0.7375,0.09483,0.74688,0.21753,0.67634,0.35402,0.65134,0.35402,0.4625,0.47672,0.43549,0.44195,0.24665,0.42356,0.07946,0.52069,-0.00022,0.69914,-0.00022,0.80345,0.05402,0.84511,0.23036,0.85661,0.4375,0.94454,0.46607,1,0.69085,0.90977,0.69085,0.97241,0.8404,0.93764,0.95335,0.70144,0.96272,0.53707,0.99978,0.27069,0.99978,0.02299,0.95335,0,0.8692,0.69454,0.78103,0.46523,0.82946,0.27069,0.86719,0.12471,0.87098,0.35402,0.56518],\"triangles\":[12,15,13,13,15,14,15,23,16,18,17,16,23,18,16,10,6,11,6,5,11,11,5,12,9,6,10,8,7,9,7,6,9,3,24,23,23,24,18,24,19,18,25,20,24,4,27,5,24,20,19,3,25,24,2,25,3,26,21,20,2,1,25,1,26,25,26,20,25,0,22,1,1,22,26,22,21,26,23,3,15,12,5,15,5,3,15,27,3,5],\"weights\":[2,13,0.135142,17,0.864858,2,13,0.110076,17,0.889924,2,13,0.215674,17,0.784326,2,13,0.307288,17,0.692712,1,13,1,1,13,1,1,13,1,1,13,1,1,13,1,1,13,1,1,13,1,1,13,1,1,13,1,1,13,1,2,13,0.544834,17,0.455166,2,13,0.565548,17,0.434452,2,13,0.523626,17,0.476374,2,13,0.505378,17,0.494622,2,13,0.436703,17,0.563297,2,13,0.284385,17,0.715615,2,13,0.063379,17,0.936621,2,13,0.050833,17,0.949167,2,13,0.060792,17,0.939208,2,13,0.341751,17,0.658249,2,13,0.009147,17,0.990853,2,13,0.000122,17,0.999878,2,13,0.012976,17,0.987024,2,13,0.519276,17,0.480724],\"slotPose\":[1,0,0,1,0,0],\"bonePose\":[13,0.21947,0.975619,-0.975619,0.21947,15.022312,-13.489,17,-0.915662,0.401948,-0.401948,-0.915662,16.779,-4.1685],\"edges\":[0,1,1,2,2,3,4,5,5,6,6,7,7,8,8,9,9,10,10,11,11,12,12,13,13,14,14,15,15,16,16,17,17,18,18,19,19,20,20,21,21,22,22,0,3,27,27,4],\"userEdges\":[3,15]}]},{\"name\":\"身体\",\"display\":[{\"type\":\"mesh\",\"name\":\"身体\",\"width\":37,\"height\":36,\"vertices\":[-15.22,-50.67,-6.01,-57.7,8.35,-57.7,14.81,-52.5,18.93,-45.84,22.44,-39.38,21.08,-30.64,12.27,-23.72,2.22,-20.74,-10.31,-20.74,-15.22,-24.44,-15.22,-32.53,-15.22,-42.78,-3.52,-50.41,0.85,-43.56,4.18,-34.82,4.83,-26.79,-7.7,-40.82,-4.89,-28.62,6.46,-51.2,11.81,-42.39,14.42,-33.31],\"uvs\":[0,0.19015,0.2447,0,0.62593,0,0.79749,0.14072,0.90678,0.32102,1,0.49583,0.96385,0.7322,0.73002,0.91941,0.4631,1.00019,0.13048,1.00019,0,0.89991,0,0.68097,0,0.40379,0.31069,0.19725,0.42677,0.38258,0.51515,0.61922,0.53243,0.83636,0.19972,0.45672,0.27426,0.78693,0.57574,0.17604,0.71784,0.41439,0.78717,0.65985],\"triangles\":[4,20,5,20,21,5,21,6,5,21,7,6,3,20,4,20,15,21,16,7,21,15,16,21,19,20,3,2,19,3,19,14,20,16,8,7,14,15,20,1,19,2,13,14,19,1,13,19,15,18,16,18,8,16,14,17,15,17,18,15,18,9,8,13,17,14,17,11,18,1,0,13,0,17,13,0,12,17,10,9,18,11,10,18,12,11,17],\"weights\":[1,10,1,1,10,1,1,10,1,1,10,1,1,10,1,1,10,1,1,5,1,2,10,0.237799,5,0.762201,2,10,0.074383,5,0.925617,1,5,1,1,5,1,1,10,1,1,10,1,1,10,1,2,10,0.952616,5,0.047384,2,10,0.763708,5,0.236292,2,10,0.000166,5,0.999834,2,10,0.821314,5,0.178686,2,10,0.451929,5,0.548071,1,10,1,2,10,0.522302,5,0.477698,2,10,0.495511,5,0.504489],\"slotPose\":[1,0,0,1,0,0],\"bonePose\":[10,-0.521374,-0.853328,0.853328,-0.521374,4.123,-33.789,5,-0.087664,-0.99615,0.99615,-0.087664,5.0575,-23.17],\"edges\":[0,1,1,2,2,3,3,4,4,5,5,6,6,7,7,8,8,9,9,10,10,11,11,12,12,0],\"userEdges\":[]}]},{\"name\":\"腰\",\"display\":[{\"name\":\"腰\",\"transform\":{\"x\":-2.72,\"y\":-0.95,\"skX\":-85.18,\"skY\":-85.18}}]},{\"name\":\"手臂\",\"display\":[{\"name\":\"手臂\",\"transform\":{\"x\":3.62,\"y\":-0.71,\"skX\":-121.15,\"skY\":-121.15}}]},{\"name\":\"大腿2\",\"display\":[{\"name\":\"大腿2\",\"transform\":{\"x\":2.69,\"y\":-1.07,\"skX\":-103,\"skY\":-103}}]},{\"name\":\"眼睛1__\",\"display\":[{\"name\":\"眼睛1__\",\"transform\":{\"x\":26.77,\"y\":-11.66,\"skX\":140.74,\"skY\":140.74}}]},{\"name\":\"手臂2\",\"display\":[{\"name\":\"手臂2\",\"transform\":{\"x\":4.81,\"y\":0.29,\"skX\":-141.42,\"skY\":-141.42}}]},{\"name\":\"手2\",\"display\":[{\"type\":\"mesh\",\"name\":\"手2\",\"width\":21,\"height\":10,\"vertices\":[-37.76,-33.05,-35.11,-36.15,-31.63,-37.74,-28.8,-37.06,-29.14,-38.35,-28.2,-39.08,-25.93,-39.08,-25.02,-38.54,-24.61,-37.4,-18.03,-36.72,-16.2,-34.61,-16.2,-32.72,-20.22,-32.41,-23.51,-32.64,-23.51,-31.51,-24.75,-30.78,-26.75,-31.2,-27.21,-31.77,-27.7,-30.56,-30.09,-30.11,-31.18,-32.34,-32.31,-31.16,-33.11,-28.51,-35.3,-28.51,-37.75,-29.92,-20.86,-37.01,-27.14,-39.08],\"uvs\":[0,0.57053,0.12289,0.27748,0.28442,0.12748,0.41558,0.19106,0.39984,0.06954,0.44367,0.00033,0.54886,0.00033,0.59091,0.05166,0.61023,0.15927,0.91526,0.22384,1.00016,0.42351,1.00016,0.60232,0.8138,0.63113,0.66104,0.6096,0.66104,0.71689,0.60341,0.7851,0.51055,0.74536,0.48945,0.69172,0.46672,0.80629,0.35601,0.84901,0.30536,0.63808,0.25276,0.74934,0.21575,1,0.11412,1,0.00032,0.86689,0.78388,0.19603,0.49286,0.00033],\"triangles\":[9,12,10,10,12,11,25,12,9,25,13,12,8,13,25,15,14,13,7,6,8,6,26,8,3,20,17,5,3,26,4,3,5,19,18,17,20,19,17,2,20,3,2,1,20,1,21,20,1,0,21,24,23,21,0,24,21,23,22,21,3,17,26,17,16,15,26,17,15,26,15,8,8,15,13],\"weights\":[2,21,0.879841,18,0.120159,2,21,0.704712,18,0.295288,2,21,0.540214,18,0.459786,1,18,1,1,18,1,1,18,1,1,18,1,1,18,1,1,18,1,1,18,1,1,18,1,1,18,1,1,18,1,1,18,1,1,18,1,1,18,1,1,18,1,2,18,0.66,21,0.34,2,21,0.562284,18,0.437716,2,21,0.74821,18,0.25179,2,21,0.938691,18,0.061309,2,21,0.955041,18,0.044959,2,21,0.905089,18,0.094911,2,21,0.978744,18,0.021256,2,21,0.975356,18,0.024644,1,18,1,1,18,1],\"slotPose\":[1,0,0,1,0,0],\"bonePose\":[21,-0.766868,0.641804,-0.641804,-0.766868,-28.5285,-36.0885,18,-0.994296,-0.106659,0.106659,-0.994296,-17.794,-34.937],\"edges\":[0,1,1,2,2,3,3,4,4,5,6,7,7,8,9,10,10,11,11,12,12,13,13,14,14,15,15,16,16,17,17,18,18,19,19,20,20,21,21,22,22,23,23,24,24,0,8,25,25,9,5,26,26,6],\"userEdges\":[26,15]}]}]}],\"animation\":[{\"duration\":60,\"playTimes\":0,\"name\":\"move\",\"bone\":[{\"name\":\"腰\",\"translateFrame\":[{\"duration\":4,\"tweenEasing\":0,\"x\":-4.02,\"y\":2.91},{\"duration\":6,\"tweenEasing\":0,\"x\":-2.41,\"y\":0.99},{\"duration\":8,\"tweenEasing\":0,\"y\":0.06},{\"duration\":2,\"tweenEasing\":0},{\"duration\":10,\"tweenEasing\":0,\"y\":2.03},{\"duration\":4,\"tweenEasing\":0,\"x\":-4.02,\"y\":2.91},{\"duration\":6,\"tweenEasing\":0,\"x\":-2.41,\"y\":-1.07},{\"duration\":8,\"tweenEasing\":0,\"y\":-2},{\"duration\":2,\"tweenEasing\":0},{\"duration\":10,\"tweenEasing\":0,\"y\":2.03},{\"duration\":0,\"x\":-4.02,\"y\":2.91}],\"rotateFrame\":[{\"duration\":10,\"tweenEasing\":0},{\"duration\":8,\"tweenEasing\":0,\"rotate\":14.04},{\"duration\":2,\"tweenEasing\":0,\"rotate\":17.66},{\"duration\":10,\"tweenEasing\":0,\"rotate\":-0.43},{\"duration\":10,\"tweenEasing\":0},{\"duration\":8,\"tweenEasing\":0,\"rotate\":14.04},{\"duration\":2,\"tweenEasing\":0,\"rotate\":17.66},{\"duration\":10,\"tweenEasing\":0,\"rotate\":-0.43},{\"duration\":0}]},{\"name\":\"bone_ikTarget\",\"translateFrame\":[{\"duration\":4,\"tweenEasing\":0},{\"duration\":6,\"tweenEasing\":0,\"x\":-8.29,\"y\":-11.32},{\"duration\":8,\"tweenEasing\":0,\"x\":-20.39,\"y\":-3.75},{\"duration\":2,\"tweenEasing\":0,\"x\":-25.63,\"y\":-4.13},{\"duration\":10,\"tweenEasing\":0,\"x\":-24.48,\"y\":0.44},{\"duration\":10,\"tweenEasing\":0,\"x\":-19.16},{\"duration\":20,\"tweenEasing\":0,\"x\":-3.39},{\"duration\":0}],\"rotateFrame\":[{\"duration\":4,\"tweenEasing\":0},{\"duration\":6,\"tweenEasing\":0,\"rotate\":-78.56},{\"duration\":20,\"tweenEasing\":0,\"rotate\":5.65},{\"duration\":30}]},{\"name\":\"bone_ikTarget2\",\"translateFrame\":[{\"duration\":10,\"tweenEasing\":0},{\"duration\":20,\"tweenEasing\":0,\"x\":18.44},{\"duration\":4,\"tweenEasing\":0,\"x\":22.55},{\"duration\":6,\"tweenEasing\":0,\"x\":17.54,\"y\":-12.9},{\"duration\":8,\"tweenEasing\":0,\"x\":2.09,\"y\":-10.89},{\"duration\":2,\"tweenEasing\":0,\"x\":-3.11,\"y\":-6.32},{\"duration\":10,\"tweenEasing\":0,\"x\":-1.95,\"y\":0.53},{\"duration\":0}],\"rotateFrame\":[{\"duration\":30,\"tweenEasing\":0},{\"duration\":4,\"tweenEasing\":0},{\"duration\":6,\"tweenEasing\":0,\"rotate\":-88.25},{\"duration\":8,\"tweenEasing\":0,\"rotate\":-14.31},{\"duration\":2,\"tweenEasing\":0,\"rotate\":4.96},{\"duration\":10,\"tweenEasing\":0,\"rotate\":-1},{\"duration\":0}]},{\"name\":\"腰2\",\"rotateFrame\":[{\"duration\":10,\"tweenEasing\":0},{\"duration\":8,\"tweenEasing\":0,\"rotate\":7.32},{\"duration\":2,\"tweenEasing\":0,\"rotate\":5.72},{\"duration\":10,\"curve\":[0,0,0.5,1],\"rotate\":19.2},{\"duration\":10,\"curve\":[0,0,0.5,1]},{\"duration\":8,\"tweenEasing\":0,\"rotate\":7.32},{\"duration\":2,\"tweenEasing\":0,\"rotate\":5.72},{\"duration\":10,\"curve\":[0,0,0.5,1],\"rotate\":19.2},{\"duration\":0}]},{\"name\":\"大腿1\",\"translateFrame\":[{\"duration\":4,\"tweenEasing\":0},{\"duration\":14,\"tweenEasing\":0,\"x\":0.84,\"y\":11.41},{\"duration\":12,\"tweenEasing\":0,\"x\":0.6,\"y\":12.96},{\"duration\":10,\"tweenEasing\":0,\"x\":0.25,\"y\":15.29},{\"duration\":20,\"tweenEasing\":0,\"x\":0.4,\"y\":3.37},{\"duration\":0}],\"rotateFrame\":[{\"duration\":30,\"tweenEasing\":0,\"rotate\":5.2},{\"duration\":30,\"tweenEasing\":0},{\"duration\":0,\"rotate\":5.2}]},{\"name\":\"大腿2\",\"translateFrame\":[{\"duration\":10,\"tweenEasing\":0},{\"duration\":20,\"tweenEasing\":0,\"x\":-0.61,\"y\":-15.93},{\"duration\":10,\"tweenEasing\":0,\"x\":1.61,\"y\":-19.09},{\"duration\":20,\"tweenEasing\":0,\"x\":-0.33,\"y\":-2.72},{\"duration\":0}],\"rotateFrame\":[{\"duration\":30,\"tweenEasing\":0,\"rotate\":14.32},{\"duration\":30,\"tweenEasing\":0},{\"duration\":0,\"rotate\":14.32}]},{\"name\":\"身体\",\"rotateFrame\":[{\"duration\":10,\"curve\":[0,0,0.5,1]},{\"duration\":8,\"curve\":[0,0,0.5,1],\"rotate\":16.75},{\"duration\":2,\"curve\":[0,0,0.5,1],\"rotate\":19.21},{\"duration\":8,\"curve\":[0,0,0.5,1],\"rotate\":18.54},{\"duration\":2,\"tweenEasing\":0,\"rotate\":0.33},{\"duration\":10,\"curve\":[0,0,0.5,1]},{\"duration\":8,\"curve\":[0,0,0.5,1],\"rotate\":20.71},{\"duration\":2,\"curve\":[0,0,0.5,1],\"rotate\":19.21},{\"duration\":10,\"curve\":[0,0,0.5,1],\"rotate\":18.54},{\"duration\":0}]},{\"name\":\"头_\",\"translateFrame\":[{\"duration\":10,\"tweenEasing\":0},{\"duration\":20,\"tweenEasing\":0,\"x\":-2.79,\"y\":1.58},{\"duration\":10,\"tweenEasing\":0},{\"duration\":20,\"tweenEasing\":0,\"x\":-2.79,\"y\":1.58},{\"duration\":0}],\"rotateFrame\":[{\"duration\":10,\"curve\":[0,0,0.5,1],\"rotate\":-9.76},{\"duration\":8,\"curve\":[0,0,0.5,1],\"rotate\":-22.69},{\"duration\":6,\"curve\":[0,0,0.5,1],\"rotate\":-17.22},{\"duration\":6,\"curve\":[0,0,0.5,1],\"rotate\":-5.72},{\"duration\":10,\"curve\":[0,0,0.5,1],\"rotate\":-9.76},{\"duration\":8,\"curve\":[0,0,0.5,1],\"rotate\":-22.69},{\"duration\":6,\"curve\":[0,0,0.5,1],\"rotate\":-17.22},{\"duration\":6,\"curve\":[0,0,0.5,1],\"rotate\":-5.72},{\"duration\":0,\"rotate\":-9.76}]},{\"name\":\"脚2\",\"rotateFrame\":[{\"duration\":30,\"tweenEasing\":0,\"rotate\":-53.64},{\"duration\":30,\"tweenEasing\":0},{\"duration\":0,\"rotate\":-53.64}]},{\"name\":\"脚1\",\"rotateFrame\":[{\"duration\":30,\"tweenEasing\":0,\"rotate\":-40.95},{\"duration\":30,\"tweenEasing\":0},{\"duration\":0,\"rotate\":-40.95}]},{\"name\":\"手臂2\",\"translateFrame\":[{\"duration\":10,\"tweenEasing\":0,\"x\":-5.94,\"y\":9.72},{\"duration\":8,\"tweenEasing\":0,\"x\":-4.26,\"y\":0.82},{\"duration\":12,\"tweenEasing\":0,\"x\":-3.2,\"y\":-0.29},{\"duration\":30,\"tweenEasing\":0},{\"duration\":0,\"x\":-5.94,\"y\":9.72}],\"rotateFrame\":[{\"duration\":10,\"tweenEasing\":0,\"rotate\":19.75},{\"duration\":8,\"tweenEasing\":0,\"rotate\":-42.37},{\"duration\":12,\"tweenEasing\":0,\"rotate\":-14.56},{\"duration\":10,\"tweenEasing\":0,\"rotate\":19.75},{\"duration\":8,\"tweenEasing\":0,\"rotate\":-18.8},{\"duration\":12,\"tweenEasing\":0,\"rotate\":-49.14},{\"duration\":0,\"rotate\":19.75}]},{\"name\":\"手臂\",\"translateFrame\":[{\"duration\":10,\"tweenEasing\":0,\"x\":2.31,\"y\":-3.78},{\"duration\":8,\"tweenEasing\":0,\"x\":-0.21,\"y\":4.38},{\"duration\":12,\"tweenEasing\":0,\"x\":-0.86,\"y\":4.1},{\"duration\":18,\"tweenEasing\":0,\"x\":-1.93,\"y\":3.15},{\"duration\":12,\"tweenEasing\":0,\"x\":0.07,\"y\":-3.77},{\"duration\":0,\"x\":2.31,\"y\":-3.78}],\"rotateFrame\":[{\"duration\":10,\"tweenEasing\":0,\"rotate\":33.74},{\"duration\":8,\"tweenEasing\":0,\"rotate\":-14.93},{\"duration\":12,\"tweenEasing\":0,\"rotate\":-26.11},{\"duration\":10,\"tweenEasing\":0,\"rotate\":10.4},{\"duration\":8,\"tweenEasing\":0,\"rotate\":-0.67},{\"duration\":12,\"tweenEasing\":0,\"rotate\":1.95},{\"duration\":0,\"rotate\":33.74}]},{\"name\":\"脚21\",\"rotateFrame\":[{\"duration\":30,\"tweenEasing\":0,\"rotate\":39.32},{\"duration\":30,\"tweenEasing\":0},{\"duration\":0,\"rotate\":39.32}]},{\"name\":\"脚11\",\"rotateFrame\":[{\"duration\":30,\"tweenEasing\":0,\"rotate\":37.37},{\"duration\":30,\"tweenEasing\":0},{\"duration\":0,\"rotate\":37.37}]},{\"name\":\"手2\",\"rotateFrame\":[{\"duration\":10,\"tweenEasing\":0,\"rotate\":-12.34},{\"duration\":8,\"tweenEasing\":0,\"rotate\":22.99},{\"duration\":12,\"tweenEasing\":0,\"rotate\":-25.27},{\"duration\":10,\"tweenEasing\":0,\"rotate\":-12.34},{\"duration\":8,\"tweenEasing\":0,\"rotate\":-12.34},{\"duration\":12,\"tweenEasing\":0,\"rotate\":25.48},{\"duration\":0,\"rotate\":-12.34}]},{\"name\":\"手\",\"rotateFrame\":[{\"duration\":10,\"tweenEasing\":0,\"rotate\":-10.22},{\"duration\":8,\"tweenEasing\":0,\"rotate\":28.7},{\"duration\":12,\"tweenEasing\":0,\"rotate\":17.53},{\"duration\":10,\"tweenEasing\":0,\"rotate\":26.59},{\"duration\":8,\"tweenEasing\":0,\"rotate\":15.06},{\"duration\":12,\"tweenEasing\":0,\"rotate\":-13.38},{\"duration\":0,\"rotate\":-10.22}]},{\"name\":\"手1\",\"rotateFrame\":[{\"duration\":10,\"tweenEasing\":0,\"rotate\":42.49},{\"duration\":8,\"tweenEasing\":0,\"rotate\":2.78},{\"duration\":12,\"tweenEasing\":0,\"rotate\":30.86},{\"duration\":10,\"tweenEasing\":0},{\"duration\":8,\"tweenEasing\":0,\"rotate\":-13.68},{\"duration\":12,\"tweenEasing\":0,\"rotate\":62.33},{\"duration\":0,\"rotate\":42.49}]},{\"name\":\"手21\",\"rotateFrame\":[{\"duration\":10,\"tweenEasing\":0},{\"duration\":8,\"tweenEasing\":0,\"rotate\":-17.78},{\"duration\":12,\"tweenEasing\":0,\"rotate\":17.96},{\"duration\":30}]}]}],\"defaultActions\":[{\"gotoAndPlay\":\"move\"}]}]}"]],0,0,[],[],[]]