[1,["1bp3JlRI5EvY9SG3sAf8P4","7a/QZLET9IDreTiBfRn2PD","1314782d5","1930e3dc6","ecpdLyjvZBwrvm+cedCcQy","04GBAWR+xLUIeJbfBexWtC","18tmUcltxP+5tXv2GN7Yj9","61mRy+3KtJD4pDMML/xSB0"],["node","_textureSetter","_N$skeletonData","root","roofCar","poolCar","lawnCar","data","_spriteFrame"],["cc.SpriteFrame",["cc.Node",["_name","_groupIndex","_active","_components","_prefab","_trs","_children","_parent","_contentSize"],0,9,4,7,2,1,5],["cc.Node",["_name","_active","_parent","_components","_prefab","_contentSize","_trs"],1,1,2,4,5,7],["cc.PrefabInfo",["fileId","root","asset"],2,1,1],["cc.Prefab",["_name"],2],["cc.BoxCollider",["node","_offset","_size"],3,1,5,5],["5a52ePJqmdPd7fMu7FAbLQM",["node","lawnCar","poolCar","roofCar","spris_grassCar"],3,1,1,1,1,3],["cc.Sprite",["_sizeMode","node","_materials","_spriteFrame"],2,1,3,6],["sp.Skeleton",["defaultSkin","defaultAnimation","_preCacheMode","_animationName","_N$enableBatch","node","_materials"],-2,1,3],["261d4+Q1HdGA5w3tjdBw83c",["node","spineAnimation"],3,1,1]],[[3,0,1,2,2],[8,0,1,2,3,4,5,6,6],[9,0,1,1],[4,0,2],[1,0,1,6,3,4,5,3],[1,0,2,1,7,3,4,8,5,4],[2,0,2,3,4,5,6,2],[2,0,1,2,3,4,5,6,3],[5,0,1,2,1],[6,0,1,2,3,4,1],[3,1,2,1],[7,0,1,2,3,2]],[[[{"name":"cleanerCar_5","rect":[3,654,115,129],"offset":[1.5,-1.5],"originalSize":[150,150],"rotated":1,"capInsets":[0,0,0,0]}],[0],0,[0],[1],[2]],[[{"name":"LawnCleaner","rect":[226,782,93,83],"offset":[0,0],"originalSize":[93,83],"rotated":1,"capInsets":[0,0,0,0]}],[0],0,[0],[1],[3]],[[[3,"CleanerCar"],[4,"CleanerCar",4,[-7,-8,-9],[[8,-2,[0,0,-15],[5,50,50]],[9,-6,-5,-4,-3,[4,5]]],[10,-1,0],[-52,244,0,0,0,0,1,1,1,1]],[5,"LawnCleaner",false,4,1,[[11,0,-10,[0],1]],[0,"57KlRg/yVDYp/pxSw8RzBV",1,0],[5,79,70.5],[0,-4.791,0,0,0,0,1,1,1,1.4]],[6,"28FX_pr9",1,[-11,-12],[0,"78B2zzROJJL5AWP5JRt0vF",1,0],[5,74.83198547363281,103.20002746582031],[-3,-47,0,0,0,0,1,1,1,1]],[7,"28FX_pr7",false,1,[-13,-14],[0,"a61dQQYkRNCqV+12cNXBqQ",1,0],[5,94.00000762939453,82.77999877929688],[-5,-39,0,0,0,0,1,1,1,1]],[1,"default","idle2",0,"idle2",true,3,[2]],[2,3,5],[1,"default","idle",0,"idle",true,4,[3]],[2,4,7]],0,[0,3,1,0,0,1,0,4,8,0,5,6,0,6,2,0,0,1,0,-1,2,0,-2,3,0,-3,4,0,0,2,0,-1,5,0,-2,6,0,-1,7,0,-2,8,0,7,1,14],[0,0,0,0,0,0,5,7],[-1,8,-1,-1,-1,-2,2,2],[4,0,1,1,0,5,6,7]]]]