[1,["52in0quw1LP7+P8Y5Y2pio","ecpdLyjvZBwrvm+cedCcQy","20j9Cjm15JrakZWz7dGX1D"],["node","_textureSetter","root","data","_spriteFrame"],[["cc.Node",["_name","_opacity","_components","_prefab","_children","_parent","_contentSize","_trs"],1,9,4,2,1,5,7],["cc.PrefabInfo",["fileId","root","asset"],2,1,1],"cc.SpriteFrame",["cc.Prefab",["_name"],2],["3cb5e7sHptMHLEqHP+gP7Z+",["node"],3,1],["cc.Sprite",["_sizeMode","node","_materials","_spriteFrame"],2,1,3,6]],[[3,0,2],[0,0,1,4,2,3,3],[0,0,5,2,3,6,7,2],[4,0,1],[1,1,2,1],[1,0,1,2,2],[5,0,1,2,3,2]],[[[{"name":"garden_pot","rect":[0,0,100,82],"offset":[0,0],"originalSize":[100,82],"capInsets":[0,0,0,0]}],[2],0,[0],[1],[0]],[[[0,"FlowerPotShadow"],[1,"FlowerPotShadow",120,[-3],[[3,-2]],[4,-1,0]],[2,"flowerPotImg",1,[[6,0,-4,[0],1]],[5,"05lrCEEU9J14wmp7wn6quR",1,0],[5,88,86],[-1,38,0,0,0,0,1,1,1,1]]],0,[0,2,1,0,0,1,0,-1,2,0,0,2,0,3,1,4],[0,0],[-1,4],[1,2]]]]