[1,["ecpdLyjvZBwrvm+cedCcQy","caohSHbS5GEIzmwCrnMGn5","e06j+djmtE3KHoJ9fJOb+P","2eYLUKo6tPT57j6FrILgK/","c7SwC0KENGDptrwlc3Cy3N","d2HzctZYVKFZNemh8T+vQj","33FJJx5OxGh5E4lIp/S93j","79nSRfxfpNbpL479HwN+pF","1a3kW4M+dGIopQBVB6amB7","171774cec","37q9ssi/pPraicXQhdEjQC","39jjX2sWJDEI08s+DohWA/","0ch3xcXF1A1r1bNwKP9Cyv","f0Yeq8anJGlprYHStNP1S0","2494GRlpRK66ve9u5Tz7A7","8bhpLFPM1EdZQH1+KOpia7","149443d70","fdMUAIC9ZIKLIU8S4t9qKN","9a2RXqdFJOJZZF6vHPK3Lw","f8rF+5RY1IBJ1XHbHwxY9G","7c4lp9GGdGO46i9MD8WKZY","93vpLh/gxPBbDk75enOPTU","1ck1Yi/LlB8JKzBOWUtWiJ","f5gSJkRdNF1ryMpsXVaTpb","f0enFH5oRIHaJNlrQsZN5S","d0S+eewr1IN6hqfXXfNg1m","a2MjXRFdtLlYQ5ouAFv/+R","bdVjnsMjVLKLb/9vMLOvNG"],["node","_spriteFrame","_N$file","_textureSetter","root","rankWidget","scrollView","trophyCount","coinCount","getPowerLeftLab","powerAni","powerLab","data","_parent"],[["cc.Node",["_name","_active","_prefab","_components","_contentSize","_trs","_parent","_children","_color"],1,4,9,5,7,1,2,5],["cc.Label",["_lineHeight","_N$horizontalAlign","_N$verticalAlign","_string","_fontSize","_isSystemFontUsed","_styleFlags","_N$cacheMode","_N$overflow","node","_materials","_N$file"],-6,1,3,6],"cc.SpriteFrame",["cc.Node",["_name","_parent","_components","_prefab","_contentSize","_trs","_anchorPoint","_children","_color"],2,1,12,4,5,7,5,2,5],["cc.Node",["_name","_parent","_components","_prefab","_contentSize","_trs","_anchorPoint","_children","_color"],2,1,2,4,5,7,5,2,5],["cc.Widget",["_alignFlags","_left","_right","alignMode","node"],-1,1],["cc.Sprite",["_sizeMode","_type","_isTrimmedMode","node","_materials","_spriteFrame"],0,1,3,6],["cc.PrefabInfo",["fileId","root","asset"],2,1,1],["cc.Button",["_N$transition","node","clickEvents"],2,1,9],["cc.ClickEvent",["_componentId","handler","target"],1,1],["43c35UedddIXZJuEZQCzZjm",["node","trophyNode","lockNode","zombie","bg","startNode","flagNode","flagCount"],3,1,1,1,2,1,1,1,1],["cc.Prefab",["_name"],2],["cc.BlockInputEvents",["node"],3,1],["dc77cBkXi5Pj6oAJ6X9XOtJ",["node","coinCount","trophyCount","scrollView","items","rankWidget"],3,1,1,1,1,2,1],["cc.Layout",["_resize","_N$layoutType","_N$paddingLeft","_N$paddingRight","_N$spacingX","node","_layoutSize"],-2,1,5],["ecd83JmX5VOKoHPwQkk0m/P",["node","powerLab","powerAni","getPowerLeftLab"],3,1,1,1,1],["cc.LabelOutline",["_width","node","_color"],2,1,5],["cc.ScrollView",["vertical","brake","bounceDuration","_N$horizontalScrollBar","_N$verticalScrollBar","node","_N$content"],-2,1,1]],[[7,0,1,2,2],[6,3,4,5,1],[0,0,6,3,2,4,5,2],[16,0,1,2,2],[1,3,4,0,5,1,2,9,10,11,7],[0,0,6,3,2,8,4,5,2],[6,1,0,3,4,5,3],[0,0,6,7,3,2,4,5,2],[8,0,1,2,2],[0,0,6,7,2,4,5,2],[9,0,1,3],[3,0,1,7,2,3,4,6,5,2],[0,0,1,6,3,2,4,5,3],[3,0,1,2,3,4,6,5,2],[1,3,4,0,5,1,2,8,9,10,11,8],[1,3,4,0,5,6,1,2,9,10,8],[10,0,1,2,3,4,5,1],[10,0,1,2,3,4,6,7,5,1],[9,0,1,2,3],[0,0,6,3,2,4,2],[3,0,1,7,2,3,8,4,6,5,2],[5,0,4,2],[5,3,0,1,4,4],[6,1,0,2,3,4,5,4],[6,0,3,4,5,2],[1,3,4,0,1,2,9,10,6],[11,0,2],[0,0,7,3,2,4,5,2],[0,0,7,3,2,4,2],[0,0,6,7,3,2,5,2],[0,0,6,7,3,2,8,4,5,2],[0,0,1,6,7,3,2,4,5,3],[3,0,1,7,2,3,4,5,2],[3,0,1,2,3,8,4,6,5,2],[4,0,1,7,2,3,4,5,2],[4,0,1,2,3,8,4,6,5,2],[4,0,1,2,3,4,6,5,2],[4,0,1,2,3,4,5,2],[5,0,1,2,4,4],[5,0,2,4,3],[12,0,1],[13,0,1,2,3,4,5,1],[7,1,2,1],[14,0,1,2,3,4,5,6,6],[15,0,1,2,3,1],[8,1,2,1],[1,3,4,0,5,1,2,7,9,10,11,8],[1,3,0,6,1,2,9,10,6],[1,4,0,1,2,9,10,5],[17,0,1,2,3,4,5,6,6]],[[[{"name":"lv_img2","rect":[205,3,196,144],"offset":[0,0],"originalSize":[196,144],"rotated":1,"capInsets":[0,0,0,0]}],[2],0,[0],[3],[9]],[[{"name":"lv_img6","rect":[205,205,196,144],"offset":[0,0],"originalSize":[196,144],"rotated":1,"capInsets":[0,0,0,0]}],[2],0,[0],[3],[9]],[[{"name":"lv_img0","rect":[3,303,196,144],"offset":[0,0],"originalSize":[196,144],"capInsets":[0,0,0,0]}],[2],0,[0],[3],[9]],[[{"name":"lv_img8","rect":[3,603,196,144],"offset":[0,0],"originalSize":[196,144],"capInsets":[0,0,0,0]}],[2],0,[0],[3],[9]],[[{"name":"2","rect":[3,398,96,126],"offset":[0,-1],"originalSize":[160,160],"capInsets":[0,0,0,0]}],[2],0,[0],[3],[16]],[[[26,"SurvivalView"],[27,"SurvivalView",[-19,-20,-21,-22,-23,-24,-25,-26],[[21,45,-2],[40,-3],[41,-18,-17,-16,-15,[-5,-6,-7,-8,-9,-10,-11,-12,-13,-14],-4]],[42,-1,0],[5,1280,720],[640,360,0,0,0,0,1,1,1,1]],[28,"content",[-28,-29,-30,-31,-32,-33,-34,-35,-36,-37],[[43,1,1,40,40,25,-27,[5,2755,400]]],[0,"58PJn19kpLsqS/QGfNnFyJ",1,0],[5,2755,400]],[11,"SurvivalItem6",2,[-40,-41,-42,-43,-44,-45,-46,-47,-48,-49],[[[6,1,0,-38,[151],152],-39],4,1],[0,"e4E5SMCdhA9LwLdBDDuQLn",1,0],[5,245,310],[0,0.5,0.6],[135,0,0,0,0,0,1,1,1,1]],[11,"SurvivalItem7",2,[-52,-53,-54,-55,-56,-57,-58,-59,-60,-61],[[[6,1,0,-50,[180],181],-51],4,1],[0,"66h44y0NlCWrpXZhGftnyX",1,0],[5,245,310],[0,0.5,0.6],[405,0,0,0,0,0,1,1,1,1]],[11,"SurvivalItem8",2,[-64,-65,-66,-67,-68,-69,-70,-71,-72,-73],[[[6,1,0,-62,[209],210],-63],4,1],[0,"04LPOvbbVL4pNdRHL5wfs9",1,0],[5,245,310],[0,0.5,0.6],[675,0,0,0,0,0,1,1,1,1]],[11,"SurvivalItem9",2,[-76,-77,-78,-79,-80,-81,-82,-83,-84,-85],[[[6,1,0,-74,[238],239],-75],4,1],[0,"8fE1CPivFPiKMUhIYAyqEN",1,0],[5,245,310],[0,0.5,0.6],[945,0,0,0,0,0,1,1,1,1]],[11,"SurvivalItem10",2,[-88,-89,-90,-91,-92,-93,-94,-95,-96,-97],[[[6,1,0,-86,[267],268],-87],4,1],[0,"24Qt9H9lNH65N3BeUfQvcW",1,0],[5,245,310],[0,0.5,0.6],[1215,0,0,0,0,0,1,1,1,1]],[20,"SurvivalItem",2,[-100,-101,-102,-103,-104,-105],[[[6,1,0,-98,[42],43],-99],4,1],[0,"4dzur4SsBJ84E1Bot8WCXt",1,0],[4,4287861651],[5,245,310],[0,0.5,0.6],[-1215,0,0,0,0,0,1,1,1,1]],[20,"SurvivalItem2",2,[-108,-109,-110,-111,-112,-113],[[[6,1,0,-106,[62],63],-107],4,1],[0,"cb2sx4Y4JIT5LYzw51LgaN",1,0],[4,4284506208],[5,245,310],[0,0.5,0.6],[-945,0,0,0,0,0,1,1,1,1]],[11,"SurvivalItem3",2,[-116,-117,-118,-119,-120,-121],[[[6,1,0,-114,[82],83],-115],4,1],[0,"e1gm1aeyBPYasD/qP+LrnX",1,0],[5,245,310],[0,0.5,0.6],[-675,0,0,0,0,0,1,1,1,1]],[11,"SurvivalItem4",2,[-124,-125,-126,-127,-128,-129],[[[6,1,0,-122,[102],103],-123],4,1],[0,"1e2lWsTP5FiLgf3yR6FXFR",1,0],[5,245,310],[0,0.5,0.6],[-405,0,0,0,0,0,1,1,1,1]],[11,"SurvivalItem5",2,[-132,-133,-134,-135,-136,-137],[[[6,1,0,-130,[122],123],-131],4,1],[0,"78F9J/1q1HlrNZKMaZjArP",1,0],[5,245,310],[0,0.5,0.6],[-135,0,0,0,0,0,1,1,1,1]],[7,"power_bg",1,[-144,-145,-146,-147],[[23,1,0,false,-138,[281],282],[38,32,53.5,15,-139],[44,-143,-142,-141,-140]],[0,"acD3sbMUFPF5EZ2B4rOM33",1,0],[5,249,68],[500.5,-202,0,0,0,0,1,1,1,1]],[32,"btn_rank",1,[-151,-152],[[[1,-148,[14],15],[8,3,-149,[[18,"dc77cBkXi5Pj6oAJ6X9XOtJ","clickRankBtn",1]]],-150],4,4,1],[0,"c7OKYmzAhEVa53l2Ai17rm",1,0],[5,123,128],[340,-291,0,0,0,0,1,1,1,0]],[7,"lv_imgSta",8,[-155,-156],[[6,1,0,-153,[40],41],[8,3,-154,[[10,"94d58qmgwFH+bfrpPdKMuF1","clickStartBtn"]]]],[0,"8f+ji9yY9G7aa7y/W4AtTw",1,0],[5,158,70],[0,-170,0,0,0,0,1,1,1,0]],[7,"lv_imgSta",9,[-159,-160],[[6,1,0,-157,[60],61],[8,3,-158,[[10,"94d58qmgwFH+bfrpPdKMuF1","clickStartBtn"]]]],[0,"ac6WL0cctJz7Hc40XVwOA7",1,0],[5,158,70],[0,-170,0,0,0,0,1,1,1,0]],[7,"lv_imgSta",10,[-163,-164],[[6,1,0,-161,[80],81],[8,3,-162,[[10,"94d58qmgwFH+bfrpPdKMuF1","clickStartBtn"]]]],[0,"0divAQuUpBao730+2OfpOi",1,0],[5,158,70],[0,-170,0,0,0,0,1,1,1,0]],[7,"lv_imgSta",11,[-167,-168],[[6,1,0,-165,[100],101],[8,3,-166,[[10,"94d58qmgwFH+bfrpPdKMuF1","clickStartBtn"]]]],[0,"ef2JBIEBVI6aAn3KniYami",1,0],[5,158,70],[0,-170,0,0,0,0,1,1,1,0]],[7,"lv_imgSta",12,[-171,-172],[[6,1,0,-169,[120],121],[8,3,-170,[[10,"94d58qmgwFH+bfrpPdKMuF1","clickStartBtn"]]]],[0,"5dP/W+IEBESKLyDVpLeadI",1,0],[5,158,70],[0,-170,0,0,0,0,1,1,1,0]],[7,"lv_imgSta",3,[-175,-176],[[6,1,0,-173,[149],150],[8,3,-174,[[10,"94d58qmgwFH+bfrpPdKMuF1","clickStartBtn"]]]],[0,"5bqYBj7zJPf44yquOYrc/c",1,0],[5,158,70],[0,-170,0,0,0,0,1,1,1,0]],[7,"lv_imgSta",4,[-179,-180],[[6,1,0,-177,[178],179],[8,3,-178,[[10,"94d58qmgwFH+bfrpPdKMuF1","clickStartBtn"]]]],[0,"76IsumyzdK/p+eXc4Rjg1J",1,0],[5,158,70],[0,-170,0,0,0,0,1,1,1,0]],[7,"lv_imgSta",5,[-183,-184],[[6,1,0,-181,[207],208],[8,3,-182,[[10,"94d58qmgwFH+bfrpPdKMuF1","clickStartBtn"]]]],[0,"e9W33QbWZMjIzbCCcFJMyA",1,0],[5,158,70],[0,-170,0,0,0,0,1,1,1,0]],[7,"lv_imgSta",6,[-187,-188],[[6,1,0,-185,[236],237],[8,3,-186,[[10,"94d58qmgwFH+bfrpPdKMuF1","clickStartBtn"]]]],[0,"72RYooNtJDUahiCAvC7pQO",1,0],[5,158,70],[0,-170,0,0,0,0,1,1,1,0]],[7,"lv_imgSta",7,[-191,-192],[[6,1,0,-189,[265],266],[8,3,-190,[[10,"94d58qmgwFH+bfrpPdKMuF1","clickStartBtn"]]]],[0,"56Mo+ynJtNJbm3lc0orCmg",1,0],[5,158,70],[0,-170,0,0,0,0,1,1,1,0]],[7,"btn_back",1,[-196],[[1,-193,[6],7],[22,0,8,40.5,-194],[8,3,-195,[[18,"dc77cBkXi5Pj6oAJ6X9XOtJ","clickBack",1]]]],[0,"6bDlfSLjJL9rm+sPtbuF/E",1,0],[5,123,128],[-538,-298,0,0,0,0,1,1,1,0]],[7,"coin_node",1,[-199,-200],[[23,1,0,false,-197,[22],23],[22,0,8,174,-198]],[0,"2epZzoD8pBha6/Jd/j9IAy",1,0],[5,290,60],[-321,-313,0,0,0,0,1,1,1,1]],[29,"trophy_node",1,[-202,-203],[[21,32,-201]],[0,"65Aqd6Il9H9bD+AQ0CoC6A",1,0],[640,0,0,0,0,0,1,1,1,1]],[7,"flag",3,[-205],[[1,-204,[141],142]],[0,"dfVO6QklBOhI1rU8f3Gb6t",1,0],[5,30,30],[30,-60,0,0,0,0,1,1,1,1]],[7,"flag",4,[-207],[[1,-206,[170],171]],[0,"81uwSsodBJdZ9hXzc1RHS3",1,0],[5,30,30],[30,-60,0,0,0,0,1,1,1,1]],[7,"flag",5,[-209],[[1,-208,[199],200]],[0,"b4nycQVUNK8pVreTXF2tMJ",1,0],[5,30,30],[30,-60,0,0,0,0,1,1,1,1]],[7,"flag",6,[-211],[[1,-210,[228],229]],[0,"d6rH9Mma1J9r6NF5dJl7TR",1,0],[5,30,30],[30,-60,0,0,0,0,1,1,1,1]],[7,"flag",7,[-213],[[1,-212,[257],258]],[0,"0ezeD/IClN/7OGLivvpzGK",1,0],[5,30,30],[30,-60,0,0,0,0,1,1,1,1]],[30,"countdownBg",13,[-215,-216],[[24,0,-214,[274],275]],[0,"86qVDiKnRHQZzRx6BIjH7J",1,0],[4,4278190080],[5,80,25],[-63.125,-28.842,0,0,0,0,1,1,1,1]],[31,"powerIcon",false,13,[-218],[[24,0,-217,[279],280]],[0,"22+zH8L8dCu55bxbmUfO+h",1,0],[5,72.9,73.8],[-5.954,0,0,0,0,0,1,0.85,0.85,0.9]],[7,"rank_icon",14,[-220],[[1,-219,[12],13]],[0,"48Jj/Mx6FEnaTAzUO/mQoJ",1,0],[5,97,36],[0,-35,0,0,0,0,1,1,1,1]],[2,"New Label",35,[[46,"排行榜",24,28,false,1,1,2,-221,[10],11],[3,2,-222,[4,4278190080]]],[0,"d5KmeJ2y9HUp3iwUU7FnjV",1,0],[5,76,32],[-1,0,0,0,0,0,1,1,1,1]],[33,"trophy_count",27,[[-223,[3,2,-224,[4,4278190080]]],1,4],[0,"18WFBnochBfIVRg1v2YGTn",1,0],[4,4278298111],[5,81.85,59.44],[0,1,0.5],[-137,-302,0,0,0,0,1,1,1,1]],[34,"ScrollView",1,[2],[-225],[0,"06Z0WXtnxAjYxip8ImxIAb",1,0],[5,1280,400],[0,180,0,0,0,0,1,1,1,1]],[5,"lv_img0",8,[[1,-226,[24],25]],[0,"c4KXE3GnZNJ7IUfWwNqK3s",1,0],[4,4286874756],[5,196,144],[-1,32,0,0,0,0,1,1,1,1]],[12,"trophy_tag",false,8,[[1,-227,[26],27]],[0,"dcRXK5BChJM4CGw0FMfc0B",1,0],[5,75,79],[-68.972,76.161,0,0,0,0,1,1,1,1]],[5,"2",8,[[1,-228,[28],29]],[0,"e7NxaUYyJEeZO+kDmrx7GO",1,0],[4,4286874756],[5,96,126],[36,16,0,0,0,0,1,0.6,0.6,1]],[5,"name",8,[[4,"生存模式：白天",26,31,false,1,1,-229,[30],31],[3,3,-230,[4,4278596427]]],[0,"29IhQFqlVO37P7XTo84FJr",1,0],[4,4280135167],[5,188,45.06],[0,-93,0,0,0,0,1,1,1,1]],[2,"lv_imgLock",8,[[1,-231,[32],33]],[0,"46AhvJOy9Fb4M/n0WePWa5",1,0],[5,26,34],[0,30,0,0,0,0,1,2,2,1]],[2,"New Label",15,[[4,"开始游戏",25,25,false,1,1,-232,[34],35],[3,2,-233,[4,4278190080]]],[0,"80wmVlwBBKjaj1Jg8/w0a8",1,0],[5,104,35.5],[0,17.448,0,0,0,0,1,1,1,1]],[9,"rightPower",15,[-234,-235],[0,"7bd2RtVppBFL4XJ3LsDM0x",1,0],[5,50,30],[-11.674,-11.494,0,0,0,0,1,1,1,1]],[5,"rightPowercost",45,[[4,"X5",24,28,false,1,1,-236,[38],39],[3,2,-237,[4,4278190080]]],[0,"f1FbySWKVFR5HW3f3HtpBm",1,0],[4,4278255590],[5,38.78,39.28],[28.484,-2.161,0,0,0,0,1,1,1,1]],[5,"lv_img0",9,[[1,-238,[44],45]],[0,"46RwQk1PVGSKAA8AGJ6hK+",1,0],[4,4286874756],[5,196,144],[-1,32,0,0,0,0,1,1,1,1]],[12,"trophy_tag",false,9,[[1,-239,[46],47]],[0,"11/YmkMOlLtZXO9pkE/1f4",1,0],[5,75,79],[-68.972,76.161,0,0,0,0,1,1,1,1]],[5,"2",9,[[1,-240,[48],49]],[0,"deD3e/Od9HrK4BVRzzPGAQ",1,0],[4,4286874756],[5,96,126],[36,16,0,0,0,0,1,0.6,0.6,1]],[5,"name",9,[[4,"生存模式：黑夜",26,31,false,1,1,-241,[50],51],[3,3,-242,[4,4278596427]]],[0,"7e7GdeeG1CcYOgiputujqP",1,0],[4,4280135167],[5,188,45.06],[0,-93,0,0,0,0,1,1,1,1]],[2,"lv_imgLock",9,[[1,-243,[52],53]],[0,"f27tqDc1dMTaPoTPLd/oNa",1,0],[5,26,34],[0,30,0,0,0,0,1,2,2,1]],[2,"New Label",16,[[4,"开始游戏",25,25,false,1,1,-244,[54],55],[3,2,-245,[4,4278190080]]],[0,"49paDZrWxBzKeURrFONCrN",1,0],[5,104,35.5],[0,17.448,0,0,0,0,1,1,1,1]],[9,"rightPower",16,[-246,-247],[0,"65EUIgQylFoLeUogrb29hq",1,0],[5,50,30],[-11.674,-11.494,0,0,0,0,1,1,1,1]],[5,"rightPowercost",53,[[4,"X5",24,28,false,1,1,-248,[58],59],[3,2,-249,[4,4278190080]]],[0,"70mhrN1Z9L3KfRXbOx5p9x",1,0],[4,4278255590],[5,38.78,39.28],[28.484,-2.161,0,0,0,0,1,1,1,1]],[2,"lv_img0",10,[[1,-250,[64],65]],[0,"19ASuUxzJKBavCXAEdAc4E",1,0],[5,196,144],[-1,32,0,0,0,0,1,1,1,1]],[2,"trophy_tag",10,[[1,-251,[66],67]],[0,"21ya5ofKJBFKmvMMp8kQFp",1,0],[5,61,55],[-68.972,76.161,0,0,0,0,1,1,1,1]],[2,"2",10,[[1,-252,[68],69]],[0,"2fGkZYIexB54eUhp2LIU4B",1,0],[5,96,126],[36,16,0,0,0,0,1,0.6,0.6,1]],[5,"name",10,[[4,"生存模式：水池",26,31,false,1,1,-253,[70],71],[3,3,-254,[4,4278596427]]],[0,"23p77YAeFA+L6WQWw1TnGI",1,0],[4,4280135167],[5,188,45.06],[0,-93,0,0,0,0,1,1,1,1]],[2,"lv_imgLock",10,[[1,-255,[72],73]],[0,"2fOdyDjwREDLMsZ7wvVEGO",1,0],[5,26,34],[0,30,0,0,0,0,1,2,2,1]],[2,"New Label",17,[[4,"开始游戏",25,25,false,1,1,-256,[74],75],[3,2,-257,[4,4278190080]]],[0,"06me+pdhJDe6QPZQ6oOfGT",1,0],[5,104,35.5],[0,17.448,0,0,0,0,1,1,1,1]],[9,"rightPower",17,[-258,-259],[0,"e65Yj0nkhEvIacDgHdac0S",1,0],[5,50,30],[-11.674,-11.494,0,0,0,0,1,1,1,1]],[5,"rightPowercost",61,[[4,"X5",24,28,false,1,1,-260,[78],79],[3,2,-261,[4,4278190080]]],[0,"19fcnSr5dNq7X0SVX0H7Jy",1,0],[4,4278255590],[5,38.78,39.28],[28.484,-2.161,0,0,0,0,1,1,1,1]],[2,"lv_img0",11,[[1,-262,[84],85]],[0,"84kSu7YqNJ1KPyldVIXSFl",1,0],[5,196,144],[-1,32,0,0,0,0,1,1,1,1]],[2,"trophy_tag",11,[[1,-263,[86],87]],[0,"a4utepHcBKraV8BqE9LdZl",1,0],[5,61,55],[-68.972,76.161,0,0,0,0,1,1,1,1]],[2,"2",11,[[1,-264,[88],89]],[0,"76ViDbLPVAz53cFBBaxL0J",1,0],[5,96,126],[36,16,0,0,0,0,1,0.6,0.6,1]],[5,"name",11,[[4,"生存模式：浓雾",26,31,false,1,1,-265,[90],91],[3,3,-266,[4,4278596427]]],[0,"b1QWM9VW5GD4pJpVVbInvt",1,0],[4,4280135167],[5,188,45.06],[0,-93,0,0,0,0,1,1,1,1]],[2,"lv_imgLock",11,[[1,-267,[92],93]],[0,"b4Otyz9C9GNZNPNlY0cG47",1,0],[5,26,34],[0,30,0,0,0,0,1,2,2,1]],[2,"New Label",18,[[4,"开始游戏",25,25,false,1,1,-268,[94],95],[3,2,-269,[4,4278190080]]],[0,"79OtLHFupEsIPGThF9CmFP",1,0],[5,104,35.5],[0,17.448,0,0,0,0,1,1,1,1]],[9,"rightPower",18,[-270,-271],[0,"113VXjScNEG6ky41wYPWiF",1,0],[5,50,30],[-11.674,-11.494,0,0,0,0,1,1,1,1]],[5,"rightPowercost",69,[[4,"X5",24,28,false,1,1,-272,[98],99],[3,2,-273,[4,4278190080]]],[0,"eaznJH6+5CI5HYwVQL+VOO",1,0],[4,4278255590],[5,38.78,39.28],[28.484,-2.161,0,0,0,0,1,1,1,1]],[2,"lv_img0",12,[[1,-274,[104],105]],[0,"6aCI1fC4BCL4oJnejRBjoB",1,0],[5,196,144],[-1,32,0,0,0,0,1,1,1,1]],[2,"trophy_tag",12,[[1,-275,[106],107]],[0,"52xvqeGRtJpK3ONV/Bu0tZ",1,0],[5,61,55],[-68.972,76.161,0,0,0,0,1,1,1,1]],[2,"2",12,[[1,-276,[108],109]],[0,"0c8QZVKNlLsqcdI/pbMkr/",1,0],[5,96,126],[36,16,0,0,0,0,1,0.6,0.6,1]],[5,"name",12,[[4,"生存模式：屋顶",26,31,false,1,1,-277,[110],111],[3,3,-278,[4,4278596427]]],[0,"0f/3sxRiNO1q6giwwf4mJg",1,0],[4,4280135167],[5,188,45.06],[0,-93,0,0,0,0,1,1,1,1]],[2,"lv_imgLock",12,[[1,-279,[112],113]],[0,"0aduTc4+NCf5DE8/YQ4pEX",1,0],[5,26,34],[0,30,0,0,0,0,1,2,2,1]],[2,"New Label",19,[[4,"开始游戏",25,25,false,1,1,-280,[114],115],[3,2,-281,[4,4278190080]]],[0,"63lgYOxaRFTbVgaLGqhazl",1,0],[5,104,35.5],[0,17.448,0,0,0,0,1,1,1,1]],[9,"rightPower",19,[-282,-283],[0,"2eSSSH/71LPLNfjO9VIe0P",1,0],[5,50,30],[-11.674,-11.494,0,0,0,0,1,1,1,1]],[5,"rightPowercost",77,[[4,"X5",24,28,false,1,1,-284,[118],119],[3,2,-285,[4,4278190080]]],[0,"83BLLOmHdFToIVVWj29p4K",1,0],[4,4278255590],[5,38.78,39.28],[28.484,-2.161,0,0,0,0,1,1,1,1]],[2,"lv_img0",3,[[1,-286,[124],125]],[0,"3eM6EOX3BC4rY/AAoRK0QS",1,0],[5,196,144],[-1,32,0,0,0,0,1,1,1,1]],[2,"trophy_tag",3,[[1,-287,[126],127]],[0,"ac5KExe4hOJLtk6w1Mw4g/",1,0],[5,61,55],[-68.972,76.161,0,0,0,0,1,1,1,1]],[2,"2",3,[[1,-288,[128],129]],[0,"edHuzhayhKNb0/+bsk64kN",1,0],[5,96,126],[-20,10,0,0,0,0,1,0.6,0.6,1]],[2,"2 copy",3,[[1,-289,[130],131]],[0,"520ULLr2BCUKgWzAFYmYjp",1,0],[5,96,126],[10,10,0,0,0,0,1,0.6,0.6,1]],[2,"2 copy",3,[[1,-290,[132],133]],[0,"95Y9B5oPlOyoM+Ob/oMf/K",1,0],[5,96,126],[38,16,0,0,0,0,1,0.6,0.6,1]],[2,"2 copy",3,[[1,-291,[134],135]],[0,"60GTVl0j5Bvo2nLvTfGZUv",1,0],[5,96,126],[65,16,0,0,0,0,1,0.6,0.6,1]],[5,"name",3,[[14,"生存模式：白天(无尽)",26,31,false,1,1,3,-292,[136],137],[3,3,-293,[4,4278596427]]],[0,"98/4SDvM9IuakQymQ3dAKJ",1,0],[4,4280135167],[5,220,76.05999999999999],[0,-102,0,0,0,0,1,1,1,1]],[12,"lv_imgLock",false,3,[[1,-294,[138],139]],[0,"0dyhBSUwJHSrXhv6pp110x",1,0],[5,26,34],[0,30,0,0,0,0,1,2,2,1]],[13,"flagCount",28,[[-295,[3,2,-296,[4,4278190080]]],1,4],[0,"7cpqqdXENI+ay4hygWCpbJ",1,0],[5,21.58,48.1],[0,1,0.5],[-20,0,0,0,0,0,1,1,1,1]],[2,"New Label",20,[[4,"开始游戏",25,25,false,1,1,-297,[143],144],[3,2,-298,[4,4278190080]]],[0,"95MoptrtlNt5jTmAzKr0w8",1,0],[5,104,35.5],[0,17.448,0,0,0,0,1,1,1,1]],[9,"rightPower",20,[-299,-300],[0,"58xv+/wYVPJb3F2kdaenWN",1,0],[5,50,30],[-11.674,-11.494,0,0,0,0,1,1,1,1]],[5,"rightPowercost",89,[[4,"X5",24,28,false,1,1,-301,[147],148],[3,2,-302,[4,4278190080]]],[0,"afbOW224xMjKYxGQj1hApI",1,0],[4,4278255590],[5,38.78,39.28],[28.484,-2.161,0,0,0,0,1,1,1,1]],[2,"lv_img0",4,[[1,-303,[153],154]],[0,"75nJlVuNxLuohd8MJUJoZg",1,0],[5,196,144],[-1,32,0,0,0,0,1,1,1,1]],[2,"trophy_tag",4,[[1,-304,[155],156]],[0,"569SwbqbpE+piMvyUB8zWp",1,0],[5,61,55],[-68.972,76.161,0,0,0,0,1,1,1,1]],[2,"2",4,[[1,-305,[157],158]],[0,"1cy9Z2VZpEjLSzcAVeiZIg",1,0],[5,96,126],[-20,10,0,0,0,0,1,0.6,0.6,1]],[2,"2 copy",4,[[1,-306,[159],160]],[0,"07ROOlVjxK/5DSVJNzZqgo",1,0],[5,96,126],[10,10,0,0,0,0,1,0.6,0.6,1]],[2,"2 copy",4,[[1,-307,[161],162]],[0,"a8U1qKmHFKKIvx+nq4KKzw",1,0],[5,96,126],[38,16,0,0,0,0,1,0.6,0.6,1]],[2,"2 copy",4,[[1,-308,[163],164]],[0,"f2Z2J2PDpPV73jdFwslKxe",1,0],[5,96,126],[65,16,0,0,0,0,1,0.6,0.6,1]],[5,"name",4,[[14,"生存模式：黑夜(无尽)",26,31,false,1,1,3,-309,[165],166],[3,3,-310,[4,4278596427]]],[0,"89HQu2b+FEhL8htDmhe8WD",1,0],[4,4280135167],[5,220,76.05999999999999],[0,-102,0,0,0,0,1,1,1,1]],[12,"lv_imgLock",false,4,[[1,-311,[167],168]],[0,"82BNTjcfNFNYbU6KfiSvBQ",1,0],[5,26,34],[0,30,0,0,0,0,1,2,2,1]],[13,"flagCount",29,[[-312,[3,2,-313,[4,4278190080]]],1,4],[0,"caaXSx7wJKArnGjV5LaoAe",1,0],[5,21.58,48.1],[0,1,0.5],[-20,0,0,0,0,0,1,1,1,1]],[2,"New Label",21,[[4,"开始游戏",25,25,false,1,1,-314,[172],173],[3,2,-315,[4,4278190080]]],[0,"9fyb6ZfupEsLQYKULo0J7i",1,0],[5,104,35.5],[0,17.448,0,0,0,0,1,1,1,1]],[9,"rightPower",21,[-316,-317],[0,"22owI/sNZMB7rC8LIbHHdv",1,0],[5,50,30],[-11.674,-11.494,0,0,0,0,1,1,1,1]],[5,"rightPowercost",101,[[4,"X5",24,28,false,1,1,-318,[176],177],[3,2,-319,[4,4278190080]]],[0,"39r2gIdrhMkqXA+yoQ5eDc",1,0],[4,4278255590],[5,38.78,39.28],[28.484,-2.161,0,0,0,0,1,1,1,1]],[2,"lv_img0",5,[[1,-320,[182],183]],[0,"645gBULc9JZYTJhMu5Anba",1,0],[5,196,144],[-1,32,0,0,0,0,1,1,1,1]],[2,"trophy_tag",5,[[1,-321,[184],185]],[0,"41XxrH+X9GbJhgX56zmUaE",1,0],[5,61,55],[-68.972,76.161,0,0,0,0,1,1,1,1]],[2,"2",5,[[1,-322,[186],187]],[0,"e4m8u0KUVH7rx9bsemT9Zz",1,0],[5,96,126],[-20,10,0,0,0,0,1,0.6,0.6,1]],[2,"2 copy",5,[[1,-323,[188],189]],[0,"03R5JC1bxD85vpAqKpJZQJ",1,0],[5,96,126],[10,10,0,0,0,0,1,0.6,0.6,1]],[2,"2 copy",5,[[1,-324,[190],191]],[0,"07SDfdTJBNkb0K9tt87tj1",1,0],[5,96,126],[38,16,0,0,0,0,1,0.6,0.6,1]],[2,"2 copy",5,[[1,-325,[192],193]],[0,"854xeJnLdEcoI6QY/SERBi",1,0],[5,96,126],[65,16,0,0,0,0,1,0.6,0.6,1]],[5,"name",5,[[14,"生存模式：水池(无尽)",26,31,false,1,1,3,-326,[194],195],[3,3,-327,[4,4278596427]]],[0,"630zj1UpdA4IvhBUsDUGQX",1,0],[4,4280135167],[5,220,76.05999999999999],[0,-102,0,0,0,0,1,1,1,1]],[12,"lv_imgLock",false,5,[[1,-328,[196],197]],[0,"5edqjWSfRBD5J9sfptqTdd",1,0],[5,26,34],[0,30,0,0,0,0,1,2,2,1]],[13,"flagCount",30,[[-329,[3,2,-330,[4,4278190080]]],1,4],[0,"3cFmrVkzRBBa8qkYQCoQxE",1,0],[5,21.58,48.1],[0,1,0.5],[-20,0,0,0,0,0,1,1,1,1]],[2,"New Label",22,[[4,"开始游戏",25,25,false,1,1,-331,[201],202],[3,2,-332,[4,4278190080]]],[0,"6amah5xERFs7wjNJXObtrE",1,0],[5,104,35.5],[0,17.448,0,0,0,0,1,1,1,1]],[9,"rightPower",22,[-333,-334],[0,"91vwxJ3yBBkpGZj0+d0W9e",1,0],[5,50,30],[-11.674,-11.494,0,0,0,0,1,1,1,1]],[5,"rightPowercost",113,[[4,"X5",24,28,false,1,1,-335,[205],206],[3,2,-336,[4,4278190080]]],[0,"05189qdUxC1pvVIFjzkDOh",1,0],[4,4278255590],[5,38.78,39.28],[28.484,-2.161,0,0,0,0,1,1,1,1]],[2,"lv_img0",6,[[1,-337,[211],212]],[0,"82oT2OTxBAPoycqY0SDtbL",1,0],[5,196,144],[-1,32,0,0,0,0,1,1,1,1]],[2,"trophy_tag",6,[[1,-338,[213],214]],[0,"12BcZGw+9FYIkLzQDKCc7X",1,0],[5,61,55],[-68.972,76.161,0,0,0,0,1,1,1,1]],[2,"2",6,[[1,-339,[215],216]],[0,"37FLfN8rJOMqXn56S1UzJR",1,0],[5,96,126],[-20,10,0,0,0,0,1,0.6,0.6,1]],[2,"2 copy",6,[[1,-340,[217],218]],[0,"6eDkylIb1Bl4h2dr8jfWYs",1,0],[5,96,126],[10,10,0,0,0,0,1,0.6,0.6,1]],[2,"2 copy",6,[[1,-341,[219],220]],[0,"72WWGaB6BLlZYq9zxgdTIW",1,0],[5,96,126],[38,16,0,0,0,0,1,0.6,0.6,1]],[2,"2 copy",6,[[1,-342,[221],222]],[0,"7cWcVlSOZFBqQPpnK+k9nI",1,0],[5,96,126],[65,16,0,0,0,0,1,0.6,0.6,1]],[5,"name",6,[[14,"生存模式：浓雾(无尽)",26,31,false,1,1,3,-343,[223],224],[3,3,-344,[4,4278596427]]],[0,"724ymF4b1OUp7HHWyXem4O",1,0],[4,4280135167],[5,220,76.05999999999999],[0,-102,0,0,0,0,1,1,1,1]],[12,"lv_imgLock",false,6,[[1,-345,[225],226]],[0,"46ybEBKdpP27AlrwCecANH",1,0],[5,26,34],[0,30,0,0,0,0,1,2,2,1]],[13,"flagCount",31,[[-346,[3,2,-347,[4,4278190080]]],1,4],[0,"7eSES3OL9NT5qqF0WD4ZVR",1,0],[5,21.58,48.1],[0,1,0.5],[-20,0,0,0,0,0,1,1,1,1]],[2,"New Label",23,[[4,"开始游戏",25,25,false,1,1,-348,[230],231],[3,2,-349,[4,4278190080]]],[0,"4e0DiwNCVL9IQL7kHFbDPj",1,0],[5,104,35.5],[0,17.448,0,0,0,0,1,1,1,1]],[9,"rightPower",23,[-350,-351],[0,"94TVeK8+ZG9Y0F6RplTSU8",1,0],[5,50,30],[-11.674,-11.494,0,0,0,0,1,1,1,1]],[5,"rightPowercost",125,[[4,"X5",24,28,false,1,1,-352,[234],235],[3,2,-353,[4,4278190080]]],[0,"41tVOUP85E0I+dZ9rBoUvH",1,0],[4,4278255590],[5,38.78,39.28],[28.484,-2.161,0,0,0,0,1,1,1,1]],[2,"lv_img0",7,[[1,-354,[240],241]],[0,"a788OyQJpF+6kmilY2W7b7",1,0],[5,196,144],[-1,32,0,0,0,0,1,1,1,1]],[2,"trophy_tag",7,[[1,-355,[242],243]],[0,"3e11qrBlpFIol579A8mjXt",1,0],[5,61,55],[-68.972,76.161,0,0,0,0,1,1,1,1]],[2,"2",7,[[1,-356,[244],245]],[0,"c1Fqou4PRHr6jLl0LYdxuk",1,0],[5,96,126],[-20,10,0,0,0,0,1,0.6,0.6,1]],[2,"2 copy",7,[[1,-357,[246],247]],[0,"4aDND06m9IHISvd8fcSnVT",1,0],[5,96,126],[10,10,0,0,0,0,1,0.6,0.6,1]],[2,"2 copy",7,[[1,-358,[248],249]],[0,"085Q0rLXZGspFrEIMAnfEJ",1,0],[5,96,126],[38,16,0,0,0,0,1,0.6,0.6,1]],[2,"2 copy",7,[[1,-359,[250],251]],[0,"f88X6jCIBFT4BDwwZBjlgS",1,0],[5,96,126],[65,16,0,0,0,0,1,0.6,0.6,1]],[5,"name",7,[[14,"生存模式：屋顶(无尽)",26,31,false,1,1,3,-360,[252],253],[3,3,-361,[4,4278596427]]],[0,"27mrU1S/9M5Y9Md1gjnxtZ",1,0],[4,4280135167],[5,220,76.05999999999999],[0,-102,0,0,0,0,1,1,1,1]],[12,"lv_imgLock",false,7,[[1,-362,[254],255]],[0,"1b54jeX9xH94iF+ktsFkx0",1,0],[5,26,34],[0,30,0,0,0,0,1,2,2,1]],[13,"flagCount",32,[[-363,[3,2,-364,[4,4278190080]]],1,4],[0,"fc2/cHkQBCNZDt5r52IcA/",1,0],[5,21.58,48.1],[0,1,0.5],[-20,0,0,0,0,0,1,1,1,1]],[2,"New Label",24,[[4,"开始游戏",25,25,false,1,1,-365,[259],260],[3,2,-366,[4,4278190080]]],[0,"0b8gt3JkRIU7mNhZhJfBSd",1,0],[5,104,35.5],[0,17.448,0,0,0,0,1,1,1,1]],[9,"rightPower",24,[-367,-368],[0,"36VDUx89VNDYz7/bpMr3+I",1,0],[5,50,30],[-11.674,-11.494,0,0,0,0,1,1,1,1]],[5,"rightPowercost",137,[[4,"X5",24,28,false,1,1,-369,[263],264],[3,2,-370,[4,4278190080]]],[0,"9a/FPDCVtO35Nc62TKt0Mt",1,0],[4,4278255590],[5,38.78,39.28],[28.484,-2.161,0,0,0,0,1,1,1,1]],[2,"power_icon",13,[[1,-371,[269],270],[45,-372,[[18,"dc77cBkXi5Pj6oAJ6X9XOtJ","clickPower",1]]]],[0,"daegkRlh1HhqvsGNWGUbkQ",1,0],[5,74,74],[-110,-1,0,0,0,0,1,1,1,1]],[5,"title",34,[[4,"-2",30,32,false,1,1,-373,[277],278],[3,2,-374,[4,4278190080]]],[0,"d981ZdxhZI5KSwcjS3ilbC",1,0],[4,4284081919],[5,40.99,44.32],[53.511,0,0,0,0,0,1,1.3,1.3,1]],[19,"lv_bg1",1,[[1,-375,[0],1]],[0,"7dTHDJvMRFwZofzZf8Z735",1,0],[5,1680,720]],[2,"survival_bg",1,[[1,-376,[2],3]],[0,"7dCet4PBhHkrf/xZ6ee7WI",1,0],[5,1680,358],[0,-194,0,0,0,0,1,1,1,1]],[19,"lv_imgJt",25,[[1,-377,[4],5]],[0,"ddJsdakslONLyAH0+BvYwa",1,0],[5,71,64]],[2,"rank",14,[[1,-378,[8],9]],[0,"bc7t2fKP9P8IlO1/Qw7IYV",1,0],[5,104,83],[-3.8579999999999997,14.142,0,0,0,0,1,1,1,1]],[39,32,238.5,14],[2,"trophy",27,[[1,-379,[16],17]],[0,"e9wzg3qfVBbJPJZhMVhbqj",1,0],[5,183,169],[-77,-297,0,0,0,0,1,0.54,0.54,0.54]],[47,"0/57",44,1,1,1,37,[18]],[2,"coin_icon",26,[[1,-380,[19],20]],[0,"a886UKwq9OYrZ+Tsdjpf0O",1,0],[5,83,68],[-99,5,0,0,0,0,1,1,1,1]],[35,"coin_count",26,[-381],[0,"c8biAvhyxLxYolQLZ159zC",1,0],[4,4283689900],[5,153.21,40.32],[0,1,0.5],[123,1,0,0,0,0,1,1,1,1]],[25,"123,123456",29,32,1,1,149,[21]],[2,"powerIcon",45,[[1,-382,[36],37]],[0,"ecl8IsUBNIqoK4XxVrLF8f",1,0],[5,74,74],[0,0,0,0,0,0,1,0.4,0.4,1]],[16,8,40,43,[41],39,15],[2,"powerIcon",53,[[1,-383,[56],57]],[0,"8a4WOdALVIyoichVejviam",1,0],[5,74,74],[0,0,0,0,0,0,1,0.4,0.4,1]],[16,9,48,51,[49],47,16],[2,"powerIcon",61,[[1,-384,[76],77]],[0,"250msUY/1Cj6z7WYoVir12",1,0],[5,74,74],[0,0,0,0,0,0,1,0.4,0.4,1]],[16,10,56,59,[57],55,17],[2,"powerIcon",69,[[1,-385,[96],97]],[0,"b1VjzOxYVN7qzsyeBN8TVZ",1,0],[5,74,74],[0,0,0,0,0,0,1,0.4,0.4,1]],[16,11,64,67,[65],63,18],[2,"powerIcon",77,[[1,-386,[116],117]],[0,"cb5bZRSUlMULtwPvh4R2gD",1,0],[5,74,74],[0,0,0,0,0,0,1,0.4,0.4,1]],[16,12,72,75,[73],71,19],[15,"0",30,35,false,1,1,1,87,[140]],[2,"powerIcon",89,[[1,-387,[145],146]],[0,"ac1DaclhBAhJw4DtPB/c37",1,0],[5,74,74],[0,0,0,0,0,0,1,0.4,0.4,1]],[17,3,80,86,[81,82,83,84],79,28,161,20],[15,"0",30,35,false,1,1,1,99,[169]],[2,"powerIcon",101,[[1,-388,[174],175]],[0,"e8g2Lx8jRKIajdxjUf6PXA",1,0],[5,74,74],[0,0,0,0,0,0,1,0.4,0.4,1]],[17,4,92,98,[93,94,95,96],91,29,164,21],[15,"0",30,35,false,1,1,1,111,[198]],[2,"powerIcon",113,[[1,-389,[203],204]],[0,"56BguWrJ9IzJntrsdDMG05",1,0],[5,74,74],[0,0,0,0,0,0,1,0.4,0.4,1]],[17,5,104,110,[105,106,107,108],103,30,167,22],[15,"0",30,35,false,1,1,1,123,[227]],[2,"powerIcon",125,[[1,-390,[232],233]],[0,"c86Byff7pNEriByGf7IjyP",1,0],[5,74,74],[0,0,0,0,0,0,1,0.4,0.4,1]],[17,6,116,122,[117,118,119,120],115,31,170,23],[15,"0",30,35,false,1,1,1,135,[256]],[2,"powerIcon",137,[[1,-391,[261],262]],[0,"89zVCdLNFHmIedZKoGMyB3",1,0],[5,74,74],[0,0,0,0,0,0,1,0.4,0.4,1]],[17,7,128,134,[129,130,131,132],127,32,173,24],[49,false,0.75,0.23,null,null,38,2],[2,"power_add",33,[[1,-392,[271],272]],[0,"c1qldkDTNDlotdQtF8rRyk",1,0],[5,30,30],[-46.352,1.393,0,0,0,0,1,1,1,1]],[36,"power_left",33,[-393],[0,"97qMqmqyVBq4JhTs1kwSX1",1,0],[5,0,25.2],[0,1,0.5],[24.352,1.062,0,0,0,0,1,1,1,1]],[48,20,20,1,1,178,[273]],[37,"power_lab",13,[-394],[0,"0dpaN4mjpBE73TBCWFi11R",1,0],[5,87.59,47.88],[-4,0,0,0,0,0,1,1,1,1]],[25,"15/20",35,38,1,1,180,[276]]],0,[0,4,1,0,0,1,0,0,1,0,5,145,0,-1,152,0,-2,154,0,-3,156,0,-4,158,0,-5,160,0,-6,163,0,-7,166,0,-8,169,0,-9,172,0,-10,175,0,6,176,0,7,147,0,8,150,0,0,1,0,-1,141,0,-2,142,0,-3,25,0,-4,14,0,-5,27,0,-6,26,0,-7,38,0,-8,13,0,0,2,0,-1,8,0,-2,9,0,-3,10,0,-4,11,0,-5,12,0,-6,3,0,-7,4,0,-8,5,0,-9,6,0,-10,7,0,0,3,0,-2,163,0,-1,79,0,-2,80,0,-3,81,0,-4,82,0,-5,83,0,-6,84,0,-7,85,0,-8,86,0,-9,28,0,-10,20,0,0,4,0,-2,166,0,-1,91,0,-2,92,0,-3,93,0,-4,94,0,-5,95,0,-6,96,0,-7,97,0,-8,98,0,-9,29,0,-10,21,0,0,5,0,-2,169,0,-1,103,0,-2,104,0,-3,105,0,-4,106,0,-5,107,0,-6,108,0,-7,109,0,-8,110,0,-9,30,0,-10,22,0,0,6,0,-2,172,0,-1,115,0,-2,116,0,-3,117,0,-4,118,0,-5,119,0,-6,120,0,-7,121,0,-8,122,0,-9,31,0,-10,23,0,0,7,0,-2,175,0,-1,127,0,-2,128,0,-3,129,0,-4,130,0,-5,131,0,-6,132,0,-7,133,0,-8,134,0,-9,32,0,-10,24,0,0,8,0,-2,152,0,-1,39,0,-2,40,0,-3,41,0,-4,42,0,-5,43,0,-6,15,0,0,9,0,-2,154,0,-1,47,0,-2,48,0,-3,49,0,-4,50,0,-5,51,0,-6,16,0,0,10,0,-2,156,0,-1,55,0,-2,56,0,-3,57,0,-4,58,0,-5,59,0,-6,17,0,0,11,0,-2,158,0,-1,63,0,-2,64,0,-3,65,0,-4,66,0,-5,67,0,-6,18,0,0,12,0,-2,160,0,-1,71,0,-2,72,0,-3,73,0,-4,74,0,-5,75,0,-6,19,0,0,13,0,0,13,0,9,179,0,10,34,0,11,181,0,0,13,0,-1,139,0,-2,33,0,-3,180,0,-4,34,0,0,14,0,0,14,0,-3,145,0,-1,144,0,-2,35,0,0,15,0,0,15,0,-1,44,0,-2,45,0,0,16,0,0,16,0,-1,52,0,-2,53,0,0,17,0,0,17,0,-1,60,0,-2,61,0,0,18,0,0,18,0,-1,68,0,-2,69,0,0,19,0,0,19,0,-1,76,0,-2,77,0,0,20,0,0,20,0,-1,88,0,-2,89,0,0,21,0,0,21,0,-1,100,0,-2,101,0,0,22,0,0,22,0,-1,112,0,-2,113,0,0,23,0,0,23,0,-1,124,0,-2,125,0,0,24,0,0,24,0,-1,136,0,-2,137,0,0,25,0,0,25,0,0,25,0,-1,143,0,0,26,0,0,26,0,-1,148,0,-2,149,0,0,27,0,-1,146,0,-2,37,0,0,28,0,-1,87,0,0,29,0,-1,99,0,0,30,0,-1,111,0,0,31,0,-1,123,0,0,32,0,-1,135,0,0,33,0,-1,177,0,-2,178,0,0,34,0,-1,140,0,0,35,0,-1,36,0,0,36,0,0,36,0,-1,147,0,0,37,0,-1,176,0,0,39,0,0,40,0,0,41,0,0,42,0,0,42,0,0,43,0,0,44,0,0,44,0,-1,151,0,-2,46,0,0,46,0,0,46,0,0,47,0,0,48,0,0,49,0,0,50,0,0,50,0,0,51,0,0,52,0,0,52,0,-1,153,0,-2,54,0,0,54,0,0,54,0,0,55,0,0,56,0,0,57,0,0,58,0,0,58,0,0,59,0,0,60,0,0,60,0,-1,155,0,-2,62,0,0,62,0,0,62,0,0,63,0,0,64,0,0,65,0,0,66,0,0,66,0,0,67,0,0,68,0,0,68,0,-1,157,0,-2,70,0,0,70,0,0,70,0,0,71,0,0,72,0,0,73,0,0,74,0,0,74,0,0,75,0,0,76,0,0,76,0,-1,159,0,-2,78,0,0,78,0,0,78,0,0,79,0,0,80,0,0,81,0,0,82,0,0,83,0,0,84,0,0,85,0,0,85,0,0,86,0,-1,161,0,0,87,0,0,88,0,0,88,0,-1,162,0,-2,90,0,0,90,0,0,90,0,0,91,0,0,92,0,0,93,0,0,94,0,0,95,0,0,96,0,0,97,0,0,97,0,0,98,0,-1,164,0,0,99,0,0,100,0,0,100,0,-1,165,0,-2,102,0,0,102,0,0,102,0,0,103,0,0,104,0,0,105,0,0,106,0,0,107,0,0,108,0,0,109,0,0,109,0,0,110,0,-1,167,0,0,111,0,0,112,0,0,112,0,-1,168,0,-2,114,0,0,114,0,0,114,0,0,115,0,0,116,0,0,117,0,0,118,0,0,119,0,0,120,0,0,121,0,0,121,0,0,122,0,-1,170,0,0,123,0,0,124,0,0,124,0,-1,171,0,-2,126,0,0,126,0,0,126,0,0,127,0,0,128,0,0,129,0,0,130,0,0,131,0,0,132,0,0,133,0,0,133,0,0,134,0,-1,173,0,0,135,0,0,136,0,0,136,0,-1,174,0,-2,138,0,0,138,0,0,138,0,0,139,0,0,139,0,0,140,0,0,140,0,0,141,0,0,142,0,0,143,0,0,144,0,0,146,0,0,148,0,-1,150,0,0,151,0,0,153,0,0,155,0,0,157,0,0,159,0,0,162,0,0,165,0,0,168,0,0,171,0,0,174,0,0,177,0,-1,179,0,-1,181,0,12,1,2,13,38,394],[0,0,0,0,0,0,0,0,0,0,0,0,0,0,0,0,0,0,0,0,0,0,0,0,0,0,0,0,0,0,0,0,0,0,0,0,0,0,0,0,0,0,0,0,0,0,0,0,0,0,0,0,0,0,0,0,0,0,0,0,0,0,0,0,0,0,0,0,0,0,0,0,0,0,0,0,0,0,0,0,0,0,0,0,0,0,0,0,0,0,0,0,0,0,0,0,0,0,0,0,0,0,0,0,0,0,0,0,0,0,0,0,0,0,0,0,0,0,0,0,0,0,0,0,0,0,0,0,0,0,0,0,0,0,0,0,0,0,0,0,0,0,0,0,0,0,0,0,0,0,0,0,0,0,0,0,0,0,0,0,0,0,0,0,0,0,0,0,0,0,0,0,0,0,0,0,0,0,0,0,0,0,0,0,0,0,0,0,0,0,0,0,0,0,0,0,0,0,0,0,0,0,0,0,0,0,0,0,0,0,0,0,0,0,0,0,0,0,0,0,0,0,0,0,0,0,0,0,0,0,0,0,0,0,0,0,0,0,0,0,0,0,0,0,0,0,0,0,0,0,0,0,0,0,0,0,0,0,0,0,0,0,0,0,0,0,0,0,0,0,0,0,0,0,0,0,0,0,0,0,0,0,0,161,164,167,170,173],[-1,1,-1,1,-1,1,-1,1,-1,1,-1,2,-1,1,-1,1,-1,1,-1,-1,1,-1,-1,1,-1,1,-1,1,-1,1,-1,2,-1,1,-1,2,-1,1,-1,2,-1,1,-1,1,-1,1,-1,1,-1,1,-1,2,-1,1,-1,2,-1,1,-1,2,-1,1,-1,1,-1,1,-1,1,-1,1,-1,2,-1,1,-1,2,-1,1,-1,2,-1,1,-1,1,-1,1,-1,1,-1,1,-1,2,-1,1,-1,2,-1,1,-1,2,-1,1,-1,1,-1,1,-1,1,-1,1,-1,2,-1,1,-1,2,-1,1,-1,2,-1,1,-1,1,-1,1,-1,1,-1,1,-1,1,-1,1,-1,1,-1,2,-1,1,-1,-1,1,-1,2,-1,1,-1,2,-1,1,-1,1,-1,1,-1,1,-1,1,-1,1,-1,1,-1,1,-1,2,-1,1,-1,-1,1,-1,2,-1,1,-1,2,-1,1,-1,1,-1,1,-1,1,-1,1,-1,1,-1,1,-1,1,-1,2,-1,1,-1,-1,1,-1,2,-1,1,-1,2,-1,1,-1,1,-1,1,-1,1,-1,1,-1,1,-1,1,-1,1,-1,2,-1,1,-1,-1,1,-1,2,-1,1,-1,2,-1,1,-1,1,-1,1,-1,1,-1,1,-1,1,-1,1,-1,1,-1,2,-1,1,-1,-1,1,-1,2,-1,1,-1,2,-1,1,-1,1,-1,1,-1,1,-1,-1,1,-1,-1,2,-1,1,-1,1,2,2,2,2,2],[0,17,0,18,0,19,0,10,0,20,0,1,0,21,0,10,0,22,0,0,23,0,0,24,0,11,0,4,0,2,0,1,0,5,0,1,0,3,0,1,0,6,0,7,0,12,0,4,0,2,0,1,0,5,0,1,0,3,0,1,0,6,0,7,0,13,0,4,0,2,0,1,0,5,0,1,0,3,0,1,0,6,0,7,0,14,0,4,0,2,0,1,0,5,0,1,0,3,0,1,0,6,0,7,0,15,0,4,0,2,0,1,0,5,0,1,0,3,0,1,0,6,0,7,0,11,0,4,0,2,0,2,0,2,0,2,0,1,0,5,0,0,8,0,1,0,3,0,1,0,6,0,7,0,12,0,4,0,2,0,2,0,2,0,2,0,1,0,5,0,0,8,0,1,0,3,0,1,0,6,0,7,0,13,0,4,0,2,0,2,0,2,0,2,0,1,0,5,0,0,8,0,1,0,3,0,1,0,6,0,7,0,14,0,4,0,2,0,2,0,2,0,2,0,1,0,5,0,0,8,0,1,0,3,0,1,0,6,0,7,0,15,0,4,0,2,0,2,0,2,0,2,0,1,0,5,0,0,8,0,1,0,3,0,1,0,6,0,7,0,3,0,25,0,0,26,0,0,1,0,3,0,27,1,1,1,1,1]]]]