[1,["ecpdLyjvZBwrvm+cedCcQy","caohSHbS5GEIzmwCrnMGn5","c79+c14y5EL7TVQ52Q7qDq","dfNoYlJfpI/6oHyZWQx3m9","7a/QZLET9IDreTiBfRn2PD","d6cIYKsCRBtJzBPPVJuoGG","384w4kV5JAurVtdLwsxF79","90XzowcvNP4Zn6hvW88rFU","6fw0Jy7/dNjaAx6YZc9w1F","82ufqlRrpEs4Eqc4Hhj45j","0c4c9EHAFIuKf0bBDHhx3p","f8iWunVflHy6eX3jkcI59/","76tTxC0C9J+5xcKg1np+9d","0brX66DYhNn4xORq/XtFSq","38gKwVrm1OJKD0GwTEu7m7","9cPeV2FiVAl6gXWxRss5Ix","cdEILfmd1J24STaWbH44ui","84f1TBVeVDn7NVhpkXm4kw","a2MjXRFdtLlYQ5ouAFv/+R","2bTzNt0NlDg4Uapo/b3wh5","cecn30raRI5JPRbAAT8lAB","927vkeA3pDBI1cSjjFTZra","24f7Q+o35IbJnwgJ6xMva5","a8pMB3wUNAxrbqEoYolVXe","9erys/7MtLu5bUIB/0OPvP","22ha9uJQpOWZ5RUQQOH2Ld","95hCEWfEBA36j/11jT1U3Y","b5nBjzhapBDb4m6AnqJ+S3","bcw3PwohxOFI306pLYy01n","belrxSNqxN5KgP0fTNld/K","fdLTwEfg9CP4d04h3V2W3S","ae1LW/bslBma+Qf6vfQ/i4","65vDZBt3NIYq7pHT7E83kt","43EpsLE2lOkrX/E1Ix9Hna","ffZ1z4S+JGXJiLpvFxJ4F1","2feRlJ3QNFh5DUZG3E5FSJ","83ikNARWxOlrvXAzCwZWnX"],["node","_spriteFrame","_N$file","_textureSetter","_parent","_N$skeletonData","root","buyBtn","buyCountLB","title2","light","giftParent","starParent","countDownLB","data"],[["cc.Node",["_name","_opacity","_active","_prefab","_parent","_components","_contentSize","_trs","_children","_eulerAngles","_anchorPoint","_color"],0,4,1,9,5,7,2,5,5,5],"cc.SpriteFrame",["cc.Label",["_fontSize","_lineHeight","_isSystemFontUsed","_N$horizontalAlign","_N$verticalAlign","_string","_N$cacheMode","node","_materials","_N$file"],-4,1,3,6],["cc.Node",["_name","_components","_prefab","_contentSize","_trs","_parent","_children","_color"],2,12,4,5,7,1,2,5],["cc.Sprite",["_sizeMode","node","_materials","_spriteFrame"],2,1,3,6],["cc.Widget",["_alignFlags","_originalWidth","_originalHeight","node"],0,1],["cc.PrefabInfo",["fileId","root","asset"],2,1,1],["cc.Button",["_N$transition","node","clickEvents"],2,1,9],["cc.LabelOutline",["_width","node","_color"],2,1,5],["cc.Prefab",["_name"],2],["cc.Node",["_name","_parent","_components","_prefab","_contentSize"],2,1,2,4,5],["7f843v7gY9PZ7d/gL2WrYZU",["node","giftRwdItem","starParent","giftParent","light","title2","buyCountLB","buyBtn"],3,1,2,1,1,1,1,1,1],["cc.BlockInputEvents",["node"],3,1],["cc.ClickEvent",["_componentId","handler","target"],1,1],["cc.Layout",["_N$layoutType","_N$paddingLeft","_N$paddingRight","_N$spacingX","node","_layoutSize"],-1,1,5],["d55652D6PdI0aB+iJLbOaP8",["node","countDownLB"],3,1,1],["sp.Skeleton",["defaultSkin","defaultAnimation","_preCacheMode","_animationName","node","_materials"],-1,1,3],["4e9adXCXq9JOoAgA0DpsOZf",["node","desc","count","icon","frameSpine"],3,1,1,1,1,1]],[[6,0,1,2,2],[0,0,4,5,3,6,7,2],[4,1,2,3,1],[8,0,1,2,2],[4,0,1,2,3,2],[2,5,0,1,2,3,4,7,8,7],[10,0,1,2,3,4,2],[3,0,5,1,2,7,3,4,2],[3,0,5,1,2,3,4,2],[3,0,6,1,2,3,4,2],[4,1,2,1],[2,5,0,1,2,3,4,7,8,9,7],[16,0,1,2,3,4,5,5],[17,0,1,2,3,4,1],[0,0,4,8,5,3,6,7,2],[0,0,4,8,3,2],[13,0,1,2,3],[9,0,2],[0,0,8,5,3,6,7,2],[0,0,8,3,2],[0,0,4,8,3,6,10,7,9,2],[0,0,4,8,5,3,6,10,7,2],[0,0,4,8,3,7,2],[0,0,4,8,5,3,7,2],[0,0,4,8,5,3,6,7,9,2],[0,0,1,4,5,3,11,6,3],[0,0,2,4,5,3,6,3],[0,0,4,5,3,11,6,7,2],[0,0,4,5,3,6,7,9,2],[0,0,4,5,3,6,2],[5,0,3,2],[5,0,1,2,3,4],[11,0,1,2,3,4,5,6,7,1],[12,0,1],[6,1,2,1],[7,1,2,1],[7,0,1,2,2],[14,0,1,2,3,4,5,5],[15,0,1,1],[2,5,0,1,2,3,4,6,7,8,9,8],[2,0,1,2,3,4,6,7,8,7],[8,0,1,2]],[[[{"name":"2","rect":[0,0,99,99],"offset":[0,0],"originalSize":[99,99],"capInsets":[0,0,0,0]}],[1],0,[0],[3],[9]],[[{"name":"宝箱盖","rect":[0,0,430,272],"offset":[0,0],"originalSize":[430,272],"capInsets":[0,0,0,0]}],[1],0,[0],[3],[10]],[[{"name":"超值免广告礼包","rect":[0,0,603,131],"offset":[0,0],"originalSize":[603,131],"capInsets":[0,0,0,0]}],[1],0,[0],[3],[11]],[[{"name":"大量金币道具2","rect":[0,0,424,118],"offset":[0,0],"originalSize":[424,118],"capInsets":[0,0,0,0]}],[1],0,[0],[3],[12]],[[{"name":"17","rect":[0,0,75,62],"offset":[0,0],"originalSize":[75,62],"capInsets":[0,0,0,0]}],[1],0,[0],[3],[13]],[[{"name":"宝箱","rect":[0,0,402,269],"offset":[0,0],"originalSize":[402,269],"capInsets":[0,0,0,0]}],[1],0,[0],[3],[14]],[[{"name":"3","rect":[0,0,99,102],"offset":[0,0],"originalSize":[99,102],"capInsets":[0,0,0,0]}],[1],0,[0],[3],[15]],[[{"name":"1","rect":[0,0,99,99],"offset":[0,0],"originalSize":[99,99],"capInsets":[0,0,0,0]}],[1],0,[0],[3],[16]],[[{"name":"10张免广告券","rect":[0,0,177,72],"offset":[0,0],"originalSize":[177,72],"capInsets":[0,0,0,0]}],[1],0,[0],[3],[17]],[[[17,"PayGiftView3"],[18,"PayGiftView3",[-15,-16,-17],[[30,45,-2],[32,-13,[-9,-10,-11,-12],-8,-7,-6,-5,-4,-3],[33,-14]],[34,-1,0],[5,1280,720],[640,360,0,0,0,0,1,1,1,1]],[19,"stars",[-18,-19,-20,-21,-22,-23,-24,-25,-26],[0,"9a+XNZNeNHvZm9olqhrSQr",1,0]],[15,"board",1,[-27,-28,-29,-30,-31,-32,-33],[0,"79if67nshKTrN/ovWVOpFz",1,0]],[9,"reward",[-36,-37,-38,-39],[[[2,-34,[67],68],-35],4,1],[0,"7fe0KTUkFDLIj1sAg9iMHZ",1,0],[5,107,107],[186.78,-20.023,0,0,0,0,1,1,1,1]],[9,"reward",[-42,-43,-44,-45],[[[2,-40,[73],74],-41],4,1],[0,"53OYr/AGBIR6dY6+HsoO2P",1,0],[5,107,107],[313.78,-20.023,0,0,0,0,1,1,1,1]],[9,"reward",[-48,-49,-50,-51],[[[2,-46,[79],80],-47],4,1],[0,"f4eDg+3OxIZ6LT4LhCmCQ8",1,0],[5,107,107],[440.78,-20.023,0,0,0,0,1,1,1,1]],[9,"reward",[-54,-55,-56,-57],[[[2,-52,[85],86],-53],4,1],[0,"0aTeT03iFDSL/rsSWROzg0",1,0],[5,107,107],[567.78,-20.023,0,0,0,0,1,1,1,1]],[14,"btn",3,[-60,-61],[[2,-58,[16],17],[35,-59,[[16,"7f843v7gY9PZ7d/gL2WrYZU","clickBuyBtn",1]]]],[0,"15BXXpuHtMKJNpWkBS8+e+",1,0],[5,219,82],[259.079,-258.346,0,0,0,0,1,1,1,0]],[20,"gift",3,[-62,-63,-64,-65],[0,"daTkNhKx9Dp4Pc29Y46vx0",1,0],[5,500,500],[0,0.5,0],[-345.569,-282.125,0,0,0,0.026176948307873153,0.9996573249755573,1,1,1],[1,0,0,3]],[21,"rewards",3,[4,5,6,7],[[37,1,10,10,20,-66,[5,536,155]]],[0,"b0SQMD6IlM/oUaT7jLRsj6",1,0],[5,536,155],[0,-0.23,0.77],[-113.421,-94.634,0,0,0,0,1,1,1,1]],[15,"hasSubSid",8,[-67,-68,-69,-70],[0,"060dCtYCVO/oJpe8dRvmif",1,0]],[22,"prop",9,[-71,-72,-73,-74],[0,"95/Lum7QlOT5kLTvlQBoNd",1,0],[12.091,295.032,0,0,0,0,1,1,1,1]],[14,"title_discount",3,[-76,-77,2],[[2,-75,[61],62]],[0,"40vX9z8DlDpb7fQaXKCXJ6",1,0],[5,603,131],[179.184,231.656,0,0,0,0,1,1,1,1]],[23,"countDown",3,[-80,-81,-82],[[38,-79,-78]],[0,"d2Ny3CWTlAmYxC42wFHc/M",1,0],[547.201,-81.568,0,0,0,0,1,1,1,1]],[24,"origin",11,[-84,-85],[[4,0,-83,[8],9]],[0,"34Znnncp1F76pb5/q+KD2N",1,0],[5,89.9,69.4],[73.351,33.732,0,0,0,-0.13052619222005157,0.9914448613738104,1,1,1],[1,0,0,-15]],[14,"tips",3,[-87,-88],[[4,2,-86,[37],38]],[0,"29Ye+5qjxLtYx+hBxVSeQG",1,0],[5,242,187],[16.731,50.55,0,0,0,0,1,1,1,1]],[25,"mask",240,1,[[4,0,-89,[0],1],[31,45,100,100,-90]],[0,"2eDfL0T9xOqa7Wx7Tvdjk2",1,0],[4,4278190080],[5,1280,720]],[26,"noSubSid",false,8,[[11,"6元",36,36,false,1,1,-91,[2],3],[3,2,-92,[4,4278190080]]],[0,"640V4Aw89IPbprLYKmB5n0",1,0],[5,64.62,49.36]],[1,"originPirce",15,[[11,"6元",30,30,false,1,1,-93,[4],5],[3,2,-94,[4,4278190080]]],[0,"effZWTyY5DJZRMi2cmfWxq",1,0],[5,54.52,41.8],[-0.48,1.838,0,0,0,0,1,1,1,1]],[1,"tips",11,[[11,"购买",36,36,false,1,1,-95,[10],11],[3,2,-96,[4,4278190080]]],[0,"13z1IXUyZNAYx+SzTvxc+m",1,0],[5,76,49.36],[58.411,-11.225,0,0,0,0,1,0.7,0.7,1]],[27,"subsidPirce",11,[[11,"1",48,48,false,1,1,-97,[12],13],[41,2,-98]],[0,"e81rF3F9dPXJxBhQp1hI7S",1,0],[4,4284773331],[5,20.99,64.47999999999999],[-56.312,1.607,0,0,0,0,1,1,1,1]],[7,"buyCountTips",3,[[-99,[3,2,-100,[4,4278190080]]],1,4],[0,"31xS2IImpJlZpLkY6Fd/Ny",1,0],[4,4279435041],[5,209.44,31.72],[257.867,-332.477,0,0,0,0,1,1,1,1]],[1,"light",9,[[4,0,-101,[21],22]],[0,"a8Qse6+mlJgrZs/h3VukU4",1,0],[5,652,652],[5.969,332.874,0,0,0,0,1,1,1,1]],[1,"2",16,[[2,-102,[35],36]],[0,"8a9K9++Y9Iaafje0c63px4",1,0],[5,138,86],[-17.097,28.133,0,0,0,0,1,1,1,1]],[7,"count",4,[[-103,[3,2,-104,[4,4278190080]]],1,4],[0,"44arrmgClFmr5pWBqo8YWJ",1,0],[4,4283692543],[5,47.12,45.58],[0,-39.424,0,0,0,0,1,1,1,1]],[8,"desc",4,[[-105,[3,2,-106,[4,4278190080]]],1,4],[0,"84k+ttI1pJa7c4xjcfWnFI",1,0],[5,129,35.5],[0,-73.744,0,0,0,0,1,1,1,1]],[7,"count",5,[[-107,[3,2,-108,[4,4278190080]]],1,4],[0,"8767SZACVIX4L3YrH18wZg",1,0],[4,4283692543],[5,47.12,45.58],[0,-39.424,0,0,0,0,1,1,1,1]],[8,"desc",5,[[-109,[3,2,-110,[4,4278190080]]],1,4],[0,"96r+0iE8NLOL908Q1T2UHH",1,0],[5,129,35.5],[0,-73.744,0,0,0,0,1,1,1,1]],[7,"count",6,[[-111,[3,2,-112,[4,4278190080]]],1,4],[0,"a5SG4JBe1ChaiP/pTEI66Y",1,0],[4,4283692543],[5,47.12,45.58],[0,-39.424,0,0,0,0,1,1,1,1]],[8,"desc",6,[[-113,[3,2,-114,[4,4278190080]]],1,4],[0,"0bSirfrFhAupt68NzRwXTl",1,0],[5,129,35.5],[0,-73.744,0,0,0,0,1,1,1,1]],[7,"count",7,[[-115,[3,2,-116,[4,4278190080]]],1,4],[0,"f3KO4g1d1NiaS2CFUQuAp7",1,0],[4,4283692543],[5,47.12,45.58],[0,-39.424,0,0,0,0,1,1,1,1]],[8,"desc",7,[[-117,[3,2,-118,[4,4278190080]]],1,4],[0,"5e7+VhOYNOk4bPhy7vRLAm",1,0],[5,129,35.5],[0,-73.744,0,0,0,0,1,1,1,1]],[1,"tips",14,[[39,"限时礼包",24,28,false,1,1,2,-119,[89],90],[3,2,-120,[4,4279244335]]],[0,"7aCRXNqV9K67PGun71Jejb",1,0],[5,100,32],[10.032,12.027,0,0,0,0,1,1,1,1]],[8,"countdown",14,[[-121,[3,2,-122,[4,4279244335]]],1,4],[0,"3fWbZp67NB34hsLiE09vOm",1,0],[5,4,24],[10.032,-10.941,0,0,0,0,1,1,1,1]],[1,"btn_close",1,[[4,0,-123,[92],93],[36,3,-124,[[16,"7f843v7gY9PZ7d/gL2WrYZU","clickCancel",1]]]],[0,"8a0VjWyu9AT5HiOdojDXps",1,0],[5,36.4,34],[542.155,276.238,0,0,0,0,1,2,2,0]],[1,"line",15,[[2,-125,[6],7]],[0,"2erREavrlMur2hS0eyH042",1,0],[5,83,20],[0,0,0,0,0,0,1,0.8,0.8,1]],[1,"unit",11,[[2,-126,[14],15]],[0,"5foU1SR+NC5ZG/wtoQcvVm",1,0],[5,43,42],[-2.25,0.837,0,0,0,0,1,1,1,1]],[5,"剩余购买次数：3/3",22,22,false,1,1,22,[18]],[1,"top",9,[[2,-127,[19],20]],[0,"8agBBFMltIjqfhx7qvBuap",1,0],[5,430,272],[-0.819,309.279,0,0,0,0,1,1,1,1]],[1,"bottom",9,[[2,-128,[23],24]],[0,"b3vo+e/nNFeqhSDQ2dtfoC",1,0],[5,402,269],[52.208,100.736,0,0,0,0,1,1,1,1]],[28,"2",12,[[4,0,-129,[25],26]],[0,"dcFkBW/v9Nl6RNrQRnxTLG",1,0],[5,139,139],[-141.317,48.806,0,0,0,0.13052619222005157,0.9914448613738104,1,1,1],[1,0,0,15]],[1,"17",12,[[4,0,-130,[27],28]],[0,"deHOyljANNyocdS1kL5WqG",1,0],[5,147,122],[-4.845,163.326,0,0,0,0,1,1,1,1]],[1,"3",12,[[4,0,-131,[29],30]],[0,"7cWudXqXBHc6ZzE+TfleUu",1,0],[5,128,132],[5,-51,0,0,0,0,1,1,1,1]],[1,"1",12,[[4,0,-132,[31],32]],[0,"6e5rj+MypMRLkgtPC54Xpz",1,0],[5,141.2,141.2],[139.504,55.409,0,0,0,0,1,1,1,1]],[1,"1",16,[[2,-133,[33],34]],[0,"89aRo7+9JOAYG8H7i3Z71a",1,0],[5,177,72],[1.216,-32.563,0,0,0,0,1,1,1,1]],[1,"1000percent",13,[[2,-134,[39],40]],[0,"709sbZ2r1FVpHE9ZPDW2bA",1,0],[5,203,42],[187.526,55.536,0,0,0,0,1,1,1,1]],[1,"tips",13,[[4,2,-135,[41],42]],[0,"06oYEvOuRLU6Iv2owpY6Em",1,0],[5,424,118],[184.163,-173.004,0,0,0,0,1,1,1,1]],[1,"star",2,[[2,-136,[43],44]],[0,"cai6Et2ZpKC7WH/+E/48DL",1,0],[5,32,38],[-40.404,78.853,0,0,0,0,1,1,1,1]],[1,"star",2,[[2,-137,[45],46]],[0,"94opxHTS1B9Ig3K3wGAJXK",1,0],[5,32,38],[-11.848,49.094,0,0,0,0,1,1,1,1]],[1,"star",2,[[2,-138,[47],48]],[0,"10a/sPf6ZJS6Ly8adqSidj",1,0],[5,32,38],[-320.897,-1.166,0,0,0,0,1,1,1,1]],[1,"star",2,[[2,-139,[49],50]],[0,"5d/i/qQ09JHoopYkVWA9QA",1,0],[5,32,38],[310.975,-30.978,0,0,0,0,1,1,1,1]],[1,"star",2,[[2,-140,[51],52]],[0,"71JNyV7URLgagW0o5xk5fz",1,0],[5,32,38],[293.125,-79.993,0,0,0,0,1,1,1,1]],[1,"star",2,[[2,-141,[53],54]],[0,"29e9XjKORJppNYTebEs3J5",1,0],[5,32,38],[-71.316,-467.837,0,0,0,0,1,1,1,1]],[1,"star",2,[[2,-142,[55],56]],[0,"e6KHpkvW9GeLZZ/QBUXI7u",1,0],[5,32,38],[204.062,-453.798,0,0,0,0,1,1,1,1]],[1,"star",2,[[2,-143,[57],58]],[0,"83dRW1CVFA5L8UrZJGF2iT",1,0],[5,32,38],[165.905,-523.391,0,0,0,0,1,1,1,1]],[1,"star",2,[[2,-144,[59],60]],[0,"364NNOqEdNpIhQZqZCBptV",1,0],[5,32,38],[-33.688,-526.832,0,0,0,0,1,1,1,1]],[6,"icon",4,[-145],[0,"abG1HcnWxF14Y4vrdfcNiU",1,0],[5,75,62]],[10,57,[63]],[5,"+10",28,33,false,1,1,25,[64]],[5,"免费广告券",25,25,false,1,1,26,[65]],[6,"34_FX",4,[-146],[0,"ebol+UBT5GbbIAdP39eNYg",1,0],[5,126,126.40248107910156]],[12,"default","idle",0,"idle",61,[66]],[13,4,60,59,58,62],[6,"icon",5,[-147],[0,"0fwyr8Ro9GtoniQWjqVBfX",1,0],[5,75,62]],[10,64,[69]],[5,"+10",28,33,false,1,1,27,[70]],[5,"免费广告券",25,25,false,1,1,28,[71]],[6,"34_FX",5,[-148],[0,"4512pLRWpHsZeA0dD9lUVw",1,0],[5,126,126.40248107910156]],[12,"default","idle",0,"idle",68,[72]],[13,5,67,66,65,69],[6,"icon",6,[-149],[0,"7fxcWBOMZE5JfHB2WM2XhI",1,0],[5,75,62]],[10,71,[75]],[5,"+10",28,33,false,1,1,29,[76]],[5,"免费广告券",25,25,false,1,1,30,[77]],[6,"34_FX",6,[-150],[0,"adjbnbWd9Du43QtqRbNeVU",1,0],[5,126,126.40248107910156]],[12,"default","idle",0,"idle",75,[78]],[13,6,74,73,72,76],[6,"icon",7,[-151],[0,"49Bqpt1+9EZbSVhd2XeAY+",1,0],[5,75,62]],[10,78,[81]],[5,"+10",28,33,false,1,1,31,[82]],[5,"免费广告券",25,25,false,1,1,32,[83]],[6,"34_FX",7,[-152],[0,"43cHhkF3tL+L81y8WQa+zz",1,0],[5,126,126.40248107910156]],[12,"default","idle",0,"idle",82,[84]],[13,7,81,80,79,83],[29,"bg",14,[[4,2,-153,[87],88]],[0,"38UDCcDqNEP74ECizFgExz",1,0],[5,139,58]],[40,20,20,false,1,1,2,34,[91]]],0,[0,6,1,0,0,1,0,7,8,0,8,38,0,9,24,0,10,23,0,11,9,0,12,2,0,-1,63,0,-2,70,0,-3,77,0,-4,84,0,0,1,0,0,1,0,-1,17,0,-2,3,0,-3,35,0,-1,48,0,-2,49,0,-3,50,0,-4,51,0,-5,52,0,-6,53,0,-7,54,0,-8,55,0,-9,56,0,-1,8,0,-2,22,0,-3,9,0,-4,16,0,-5,13,0,-6,10,0,-7,14,0,0,4,0,-2,63,0,-1,57,0,-2,25,0,-3,26,0,-4,61,0,0,5,0,-2,70,0,-1,64,0,-2,27,0,-3,28,0,-4,68,0,0,6,0,-2,77,0,-1,71,0,-2,29,0,-3,30,0,-4,75,0,0,7,0,-2,84,0,-1,78,0,-2,31,0,-3,32,0,-4,82,0,0,8,0,0,8,0,-1,18,0,-2,11,0,-1,39,0,-2,23,0,-3,40,0,-4,12,0,0,10,0,-1,15,0,-2,20,0,-3,21,0,-4,37,0,-1,41,0,-2,42,0,-3,43,0,-4,44,0,0,13,0,-1,46,0,-2,47,0,13,86,0,0,14,0,-1,85,0,-2,33,0,-3,34,0,0,15,0,-1,19,0,-2,36,0,0,16,0,-1,45,0,-2,24,0,0,17,0,0,17,0,0,18,0,0,18,0,0,19,0,0,19,0,0,20,0,0,20,0,0,21,0,0,21,0,-1,38,0,0,22,0,0,23,0,0,24,0,-1,59,0,0,25,0,-1,60,0,0,26,0,-1,66,0,0,27,0,-1,67,0,0,28,0,-1,73,0,0,29,0,-1,74,0,0,30,0,-1,80,0,0,31,0,-1,81,0,0,32,0,0,33,0,0,33,0,-1,86,0,0,34,0,0,35,0,0,35,0,0,36,0,0,37,0,0,39,0,0,40,0,0,41,0,0,42,0,0,43,0,0,44,0,0,45,0,0,46,0,0,47,0,0,48,0,0,49,0,0,50,0,0,51,0,0,52,0,0,53,0,0,54,0,0,55,0,0,56,0,-1,58,0,-1,62,0,-1,65,0,-1,69,0,-1,72,0,-1,76,0,-1,79,0,-1,83,0,0,85,0,14,1,2,4,13,4,4,10,5,4,10,6,4,10,7,4,10,153],[0,0,0,0,0,0,0,0,0,0,0,0,0,0,0,0,0,0,0,0,0,0,0,0,0,0,0,0,0,0,0,0,0,0,0,0,0,0,0,0,0,0,0,0,0,0,0,0,0,0,0,0,0,0,0,0,0,0,0,0,0,0,0,0,0,0,0,0,0,0,0,0,0,0,0,0,0,0,0,0,0,0,0,0,0,0,0,0,0,0,0,0,0,0,38,58,59,60,62,65,66,67,69,72,73,74,76,79,80,81,83,86],[-1,1,-1,2,-1,2,-1,1,-1,1,-1,2,-1,2,-1,1,-1,1,-1,-1,1,-1,1,-1,1,-1,1,-1,1,-1,1,-1,1,-1,1,-1,1,-1,1,-1,1,-1,1,-1,1,-1,1,-1,1,-1,1,-1,1,-1,1,-1,1,-1,1,-1,1,-1,1,-1,-1,-1,-1,-1,1,-1,-1,-1,-1,-1,1,-1,-1,-1,-1,-1,1,-1,-1,-1,-1,-1,1,-1,1,-1,2,-1,-1,1,2,1,2,2,5,1,2,2,5,1,2,2,5,1,2,2,5,2],[0,18,0,1,0,1,0,19,0,8,0,1,0,1,0,20,0,21,0,0,22,0,23,0,24,0,25,0,26,0,27,0,28,0,29,0,30,0,8,0,31,0,32,0,2,0,3,0,2,0,2,0,3,0,3,0,2,0,3,0,2,0,33,0,0,0,4,0,5,0,0,0,4,0,5,0,0,0,4,0,5,0,0,0,4,0,5,0,34,0,1,0,0,35,1,6,1,1,7,6,1,1,7,6,1,1,7,6,1,1,7,1]],[[{"name":"10张（晃动动画）","rect":[0,0,138,86],"offset":[0,0],"originalSize":[138,86],"capInsets":[0,0,0,0]}],[1],0,[0],[3],[36]]]]