[1,["ecpdLyjvZBwrvm+cedCcQy","caohSHbS5GEIzmwCrnMGn5","7a/QZLET9IDreTiBfRn2PD","deJKeer0BMDoQY/Nlfb6go","7aKVSYjxdIO5IIx2FT60fw","93uihtDFJIlrWiOWScXgjl","53JSMvyEJJDZeGzXxa+ohl","99xvwuQzJNaboCPUZnKMky","d1xkfSNSlMLL5UR9YX2zD2","51TjwA0ktJkJImYXxllPP5","0eTMtHVPxAN7MDG9Tfj3EY","384w4kV5JAurVtdLwsxF79","e8E3LT56VCJqX8HJnDDdD9","e3Na6WdjJK9LpgWa8SaKIQ","85fiUjb8FEc4+5MjrGiBAz","7ePqw7z7xFCp9GjHIZag91","b7+2Y3/ehMH5++mYZDEvYt","a5eMDdha5A8JGI3qKzgEqe","a2MjXRFdtLlYQ5ouAFv/+R","2feRlJ3QNFh5DUZG3E5FSJ","15izP33pNNEqpm57MG1qRH","9fDVKsCC5NCaziXVModEAo","71xnMCoNdJrbgOVHY8ifWd","aaUeQxHhROlriGY/EIWppv","e7/IJ1rCNI26118NIf20qu","d2cMWULrNN+q/lpx1uD9aY","1f6zrUAuZF6qTxJDYqwfQ5","11aX3SpyRCQ5Ea1ipmYGdA","c3boAm8vRHJKgHKzFnmnP0","612aZd5lFDO4ia6s63b+SB","65ybVT/JhNvbjVcDxJ07U+","47/LhEj+JI5YLGT6yN/NCO","f9ZJ2urXdNAawIDGKilm46","ecyX46gxFBZ5kOMnziYzUV","5b2E3BaVNNzZPAk8+DkCbZ","79nSRfxfpNbpL479HwN+pF","23OEpUAkxBt7fMCqrXfNX/","f8Fx3jykxPeag1ixYFaUML","7caMV3iDJOrb+7IKQ20jf1","efCzwfmBJMn5jU3nfAwy3L","70HlJpPExE3Ky6QfVIm2VL","09RfwIEj1PQ4pYksyIiWHH","5dUn23rwBAE7XP0LZ3I3bp","60UcQCjEJAWYIQ8Po0LIMb","47yAPCOTBI46vT3RPnbGOA"],["node","_spriteFrame","_N$file","_parent","root","_N$skeletonData","_textureSetter","getBtn","progressTxt","progress","spineAnimation","arrowTips","jumpGameBtn","reward3","reward2","rewardView","data"],[["cc.Node",["_name","_active","_opacity","_prefab","_parent","_contentSize","_trs","_children","_components","_color","_eulerAngles","_anchorPoint"],0,4,1,5,7,2,9,5,5,5],"cc.SpriteFrame",["cc.Sprite",["_sizeMode","_type","_isTrimmedMode","_enabled","node","_materials","_spriteFrame"],-1,1,3,6],["cc.Widget",["_alignFlags","_top","_originalWidth","_originalHeight","_left","_right","_bottom","node"],-4,1],["cc.Label",["_string","_fontSize","_isSystemFontUsed","_lineHeight","_N$horizontalAlign","_N$verticalAlign","node","_materials","_N$file"],-3,1,3,6],["cc.Node",["_name","_active","_components","_prefab","_parent","_contentSize","_trs","_children","_color"],1,12,4,1,5,7,2,5],["cc.PrefabInfo",["fileId","root","asset"],2,1,1],["sp.Skeleton",["defaultSkin","_preCacheMode","_animationName","defaultAnimation","_N$enableBatch","node","_materials","_N$skeletonData"],-2,1,3,6],["cc.ClickEvent",["_componentId","handler","customEventData","target"],0,1],["cc.Prefab",["_name"],2],["cc.Node",["_name","_parent","_children","_components","_prefab"],2,1,9,9,4],["cc.Node",["_name","_parent","_components","_prefab","_contentSize","_anchorPoint","_trs"],2,1,2,4,5,5,7],["df1aaODa3hMxqf1fW+eOghN",["node","rewardView","reward2","reward3","jumpGameBtn","arrowTips","gameBanner","gameTag","SJHHitem","ZWDZZitem","TTPTLitem","AdTicketItemLB"],3,1,1,1,1,1,1,2,2,2,2,2,2],["cc.BlockInputEvents",["node"],3,1],["9c17343P9ZM8rNnD4hKt24Q",["taskID","node","progress","progressTxt","getBtn"],2,1,1,1,1],["cc.Button",["_N$transition","node","clickEvents"],2,1,9],["cc.Layout",["_N$layoutType","_N$spacingY","node","_layoutSize"],1,1,5],["261d4+Q1HdGA5w3tjdBw83c",["node","spineAnimation"],3,1,1],["cc.LabelOutline",["_width","node","_color"],2,1,5],["cc.ProgressBar",["_N$totalLength","_N$progress","node","_N$barSprite"],1,1,1]],[[6,0,1,2],[18,0,1,2,2],[4,0,1,3,2,6,7,8,5],[6,0,1,2,2],[2,4,5,6,1],[0,0,4,8,3,5,6,2],[0,0,4,7,8,3,5,6,2],[2,1,0,4,5,6,3],[2,0,4,5,6,2],[0,0,4,8,3,9,5,6,2],[15,0,1,2,2],[0,0,4,8,3,9,5,2],[0,0,1,4,7,8,3,5,6,3],[4,0,1,3,2,6,7,5],[0,0,7,8,3,5,6,2],[0,0,4,7,3,5,6,2],[2,1,0,2,4,5,6,4],[0,0,4,7,3,6,2],[0,0,4,8,3,5,2],[5,0,1,4,7,2,3,5,6,3],[5,0,4,2,3,5,6,2],[11,0,1,2,3,4,5,6,2],[2,1,0,4,5,3],[14,0,1,2,3,4,2],[8,0,1,2,3,4],[7,0,3,1,2,4,5,6,7,6],[19,0,1,2,3,3],[8,0,1,3,3],[0,0,4,7,3,2],[0,0,4,8,3,9,5,6,10,2],[0,0,8,3,9,5,6,10,2],[4,0,1,2,4,5,6,7,8,6],[0,0,1,4,8,3,5,6,3],[0,0,1,4,7,3,3],[0,0,4,7,3,5,6,10,2],[0,0,4,3,2],[0,0,1,4,7,3,6,10,3],[0,0,7,8,3,2],[5,0,7,2,3,2],[5,0,4,2,3,8,5,6,2],[10,0,1,2,3,4,2],[3,0,4,5,1,6,2,3,7,8],[13,0,1],[17,0,1,1],[4,0,1,3,2,4,5,6,7,8,7],[7,0,3,1,2,4,5,6,6],[7,0,1,2,5,6,4],[0,0,1,7,3,5,6,3],[0,0,2,4,8,3,9,5,3],[3,0,7,2],[3,0,2,3,7,4],[2,3,4,5,6,2],[9,0,2],[0,0,1,4,7,8,3,5,3],[0,0,4,7,8,3,5,11,6,2],[0,0,7,3,5,6,2],[0,0,1,4,7,3,6,3],[0,0,4,8,3,5,11,6,2],[0,0,4,7,3,5,2],[12,0,1,2,3,4,5,6,7,8,9,10,11,1],[3,0,4,1,7,4],[3,0,5,1,7,4],[6,1,2,1],[16,0,1,2,3,3],[4,0,1,3,2,4,5,6,7,7]],[[[{"name":"gameBanner3","rect":[0,0,603,228],"offset":[0,0],"originalSize":[603,228],"capInsets":[0,0,0,0]}],[1],0,[0],[6],[22]],[[[52,"WelfareTaskView"],[14,"WelfareTaskView",[-28,-29,-30,-31,-32,-33],[[59,-25,-24,-23,-22,-21,-20,[-17,-18,-19],[-14,-15,-16],[-11,-12,-13],[-8,-9,-10],[-5,-6,-7],[-2,-3,-4]],[49,45,-26],[42,-27]],[62,-1,0],[5,1280,720],[640,360,0,0,0,0,1,1,1,1]],[14,"reward1",[-40,-41,-42,-43,-44,-45],[[4,-35,[220],221],[23,"id1",-39,-38,-37,-36]],[0,"2cyTqNHgVBbLHN5GeWXnxT",-34],[5,204,258],[-270,23,0,0,0,0,1,1,1,1]],[14,"reward1",[-52,-53,-54,-55,-56],[[4,-47,[59],60],[23,"id1",-51,-50,-49,-48]],[0,"2cyTqNHgVBbLHN5GeWXnxT",-46],[5,204,258],[-270,23,0,0,0,0,1,1,1,1]],[14,"reward1",[-63,-64,-65,-66,-67],[[4,-58,[139],140],[23,"id1",-62,-61,-60,-59]],[0,"2cyTqNHgVBbLHN5GeWXnxT",-57],[5,204,258],[-270,23,0,0,0,0,1,1,1,1]],[14,"reward2",[-74,-75,-76,-77,-78,-79,-80,-81],[[4,-69,[242],243],[23,"id2",-73,-72,-71,-70]],[0,"85Pyjmxo5G75hAovs7pCaG",-68],[5,204,258],[-8,23,0,0,0,0,1,1,1,1]],[14,"reward3",[-88,-89,-90,-91,-92,-93,-94,-95],[[4,-83,[265],266],[23,"id3",-87,-86,-85,-84]],[0,"82x4jrUjRNG5eOD5Gzy5BG",-82],[5,204,258],[254,23,0,0,0,0,1,1,1,1]],[14,"reward2",[-102,-103,-104,-105,-106,-107,-108],[[4,-97,[160],161],[23,"id2",-101,-100,-99,-98]],[0,"85Pyjmxo5G75hAovs7pCaG",-96],[5,204,258],[-8,23,0,0,0,0,1,1,1,1]],[14,"reward3",[-115,-116,-117,-118,-119,-120,-121],[[4,-110,[182],183],[23,"id3",-114,-113,-112,-111]],[0,"82x4jrUjRNG5eOD5Gzy5BG",-109],[5,204,258],[254,23,0,0,0,0,1,1,1,1]],[14,"reward2",[-128,-129,-130,-131,-132,-133],[[4,-123,[80],81],[23,"id2",-127,-126,-125,-124]],[0,"85Pyjmxo5G75hAovs7pCaG",-122],[5,204,258],[-8,23,0,0,0,0,1,1,1,1]],[14,"reward3",[-140,-141,-142,-143,-144,-145],[[4,-135,[102],103],[23,"id3",-139,-138,-137,-136]],[0,"82x4jrUjRNG5eOD5Gzy5BG",-134],[5,204,258],[254,23,0,0,0,0,1,1,1,1]],[53,"CommonRewardView",false,1,[-149,-150,-151],[[49,45,-147],[42,-148]],[0,"65leFNsL5LJIXgDXiV6bdx",-146],[5,1280,720]],[6,"board",1,[-153,-154,-155,-156,-157,-158],[[16,1,0,false,-152,[267],268]],[3,"79if67nshKTrN/ovWVOpFz",1,0],[5,847.6,496.8],[-4.2,52.6,0,0,0,0,1,1,1,1]],[15,"gameBanner",1,[-159,-160,-161,-162,-163],[3,"c2SnWszMNAHqQw/+8DXx0z",1,0],[5,603,228],[-1,-228.287,0,0,0,0,1,1,1,1]],[47,"reward2",false,[-165],[0,"00/b8QjkdIcbIZC6Q0Nq8J",-164],[5,202,256],[0,24.295,0,0,0,0,1,1,1,1]],[47,"reward3",false,[-167],[0,"68s5nvOLVF1691HnNXZoNF",-166],[5,202,256],[0,23,0,0,0,0,1,1,1,1]],[6,"btn_5",13,[-170],[[8,0,-168,[12],13],[10,3,-169,[[27,"df1aaODa3hMxqf1fW+eOghN","clickJumpGameBtn",1]]]],[3,"7bvf40SCZCKI4a6oyIFpPA",1,0],[5,200,68],[165.359,-57.373,0,0,0,0,1,1,1,0]],[17,"item",3,[-171,-172,-173,-174],[0,"0aY5b2ME5EZ46cLuafBX5S",3],[0.5,106.53,0,0,0,0,1,1,1,1]],[19,"progressBar",false,3,[-177,-178],[[[7,1,0,-175,[53],54],-176],4,1],[0,"12qws7qAVIaaiNfQ2iL/bk",3],[5,240,28],[0,-197.1,0,0,0,0,1,1,1,1]],[12,"get",false,3,[-181],[[7,1,0,-179,[57],58],[10,3,-180,[[27,"9c17343P9ZM8rNnD4hKt24Q","getReward",3]]]],[0,"89XsHowQdKlIvdqjWm2DNx",3],[5,133.3,56.6],[0,-198.4,0,0,0,0,1,1,1,0]],[19,"progressBar",false,9,[-184,-185],[[[7,1,0,-182,[74],75],-183],4,1],[0,"12qws7qAVIaaiNfQ2iL/bk",9],[5,240,28],[0,-197.1,0,0,0,0,1,1,1,1]],[12,"get",false,9,[-188],[[7,1,0,-186,[78],79],[10,3,-187,[[27,"9c17343P9ZM8rNnD4hKt24Q","getReward",9]]]],[0,"89XsHowQdKlIvdqjWm2DNx",9],[5,133.3,56.6],[0,-198.4,0,0,0,0,1,1,1,0]],[19,"progressBar",false,10,[-191,-192],[[[7,1,0,-189,[96],97],-190],4,1],[0,"12qws7qAVIaaiNfQ2iL/bk",10],[5,240,28],[0,-197.1,0,0,0,0,1,1,1,1]],[12,"get",false,10,[-195],[[7,1,0,-193,[100],101],[10,3,-194,[[27,"9c17343P9ZM8rNnD4hKt24Q","getReward",10]]]],[0,"89XsHowQdKlIvdqjWm2DNx",10],[5,133.3,56.6],[0,-198.4,0,0,0,0,1,1,1,0]],[17,"item",4,[-196,-197,-198,-199],[0,"0aY5b2ME5EZ46cLuafBX5S",4],[0.5,106.53,0,0,0,0,1,1,1,1]],[19,"progressBar",false,4,[-202,-203],[[[7,1,0,-200,[133],134],-201],4,1],[0,"12qws7qAVIaaiNfQ2iL/bk",4],[5,240,28],[0,-197.1,0,0,0,0,1,1,1,1]],[12,"get",false,4,[-206],[[7,1,0,-204,[137],138],[10,3,-205,[[24,"9c17343P9ZM8rNnD4hKt24Q","getReward","0",4]]]],[0,"89XsHowQdKlIvdqjWm2DNx",4],[5,133.3,56.6],[0,-198.4,0,0,0,0,1,1,1,0]],[19,"progressBar",false,7,[-209,-210],[[[7,1,0,-207,[154],155],-208],4,1],[0,"12qws7qAVIaaiNfQ2iL/bk",7],[5,240,28],[0,-197.1,0,0,0,0,1,1,1,1]],[12,"get",false,7,[-213],[[7,1,0,-211,[158],159],[10,3,-212,[[24,"9c17343P9ZM8rNnD4hKt24Q","getReward","1",7]]]],[0,"89XsHowQdKlIvdqjWm2DNx",7],[5,133.3,56.6],[0,-198.4,0,0,0,0,1,1,1,0]],[19,"progressBar",false,8,[-216,-217],[[[7,1,0,-214,[176],177],-215],4,1],[0,"12qws7qAVIaaiNfQ2iL/bk",8],[5,240,28],[0,-197.1,0,0,0,0,1,1,1,1]],[12,"get",false,8,[-220],[[7,1,0,-218,[180],181],[10,3,-219,[[24,"9c17343P9ZM8rNnD4hKt24Q","getReward","2",8]]]],[0,"89XsHowQdKlIvdqjWm2DNx",8],[5,133.3,56.6],[0,-198.4,0,0,0,0,1,1,1,0]],[17,"item",2,[-221,-222,-223,-224],[0,"0aY5b2ME5EZ46cLuafBX5S",2],[0.5,106.53,0,0,0,0,1,1,1,1]],[19,"progressBar",false,2,[-227,-228],[[[7,1,0,-225,[214],215],-226],4,1],[0,"12qws7qAVIaaiNfQ2iL/bk",2],[5,240,28],[0,-197.1,0,0,0,0,1,1,1,1]],[12,"get",false,2,[-231],[[7,1,0,-229,[218],219],[10,3,-230,[[24,"9c17343P9ZM8rNnD4hKt24Q","getReward","0",2]]]],[0,"89XsHowQdKlIvdqjWm2DNx",2],[5,133.3,56.6],[0,-198.4,0,0,0,0,1,1,1,0]],[19,"progressBar",false,5,[-234,-235],[[[7,1,0,-232,[236],237],-233],4,1],[0,"12qws7qAVIaaiNfQ2iL/bk",5],[5,240,28],[0,-197.1,0,0,0,0,1,1,1,1]],[12,"get",false,5,[-238],[[7,1,0,-236,[240],241],[10,3,-237,[[24,"9c17343P9ZM8rNnD4hKt24Q","getReward","1",5]]]],[0,"89XsHowQdKlIvdqjWm2DNx",5],[5,133.3,56.6],[0,-198.4,0,0,0,0,1,1,1,0]],[19,"progressBar",false,6,[-241,-242],[[[7,1,0,-239,[259],260],-240],4,1],[0,"12qws7qAVIaaiNfQ2iL/bk",6],[5,240,28],[0,-197.1,0,0,0,0,1,1,1,1]],[12,"get",false,6,[-245],[[7,1,0,-243,[263],264],[10,3,-244,[[24,"9c17343P9ZM8rNnD4hKt24Q","getReward","2",6]]]],[0,"89XsHowQdKlIvdqjWm2DNx",6],[5,133.3,56.6],[0,-198.4,0,0,0,0,1,1,1,0]],[54,"gameTag",1,[-247,-248,-249],[[63,2,30,-246,[5,0,600]]],[3,"d1ZX0obFFKdKGI6QJWg3xn",1,0],[5,0,600],[0,0.5,1],[0,220.824,0,0,0,0,1,1,1,1]],[55,"bg",[-250,-251,-252,-253],[0,"266pGSl1FFgJqGds/XmRPP",11],[5,754,588],[1,36,0,0,0,0,1,1,1,1]],[56,"arrow",false,13,[-254,-255],[3,"c2F9azbj9HF48qmb9C69tt",1,0],[93.482,-62.131,0,0,0,0,1,1,1,1]],[33,"SJHH",false,12,[3,9,10],[3,"d42N+ESbxG0YqvDV8tFPj8",1,0]],[38,"cherry_bomb",[-259],[[-256,[43,-258,-257]],1,4],[0,"b031QoXsBPf59pjACgHWkG",3]],[33,"ZWDZZ",false,12,[4,7,8],[3,"bbxdDwXi1IYIH0hQmq98MR",1,0]],[38,"cherry_bomb",[-263],[[-260,[43,-262,-261]],1,4],[0,"b031QoXsBPf59pjACgHWkG",4]],[33,"TTPTL",false,12,[2,5,6],[3,"70i3ytYpxNML0DDYtkxfr3",1,0]],[38,"cherry_bomb",[-267],[[-264,[43,-266,-265]],1,4],[0,"b031QoXsBPf59pjACgHWkG",2]],[15,"sjhh_tag",38,[-268,-269],[3,"14d9hUnAJOqp3rTxN1bnd8",1,0],[5,219.8,71.5],[-506.895,-35.75,0,0,0,0,1,1,1,1]],[6,"show",47,[-271,-272],[[16,1,0,false,-270,[273],274]],[3,"faTW0ClQ1LrI8AB7r59Wzu",1,0],[5,220.8,75.5],[-1.3,0.3,0,0,0,0,1,1,1,1]],[12,"hide",false,47,[-275],[[16,1,0,false,-273,[277],278],[10,3,-274,[[24,"df1aaODa3hMxqf1fW+eOghN","clickTag","0",1]]]],[3,"68FfDDMEdEW7rVesI7kNx7",1,0],[5,198.8,75.5],[-12.3,0.3,0,0,0,0,1,1,1,0]],[15,"ttptl_tag",38,[-276,-277],[3,"e0PsYXIV9LpKHWrngQERMg",1,0],[5,219.8,71.5],[-506.895,-137.25,0,0,0,0,1,1,1,1]],[12,"show",false,50,[-279,-280],[[16,1,0,false,-278,[283],284]],[3,"35KVbaY3pKU4pFuTNmsWSr",1,0],[5,220.8,75.5],[-1.3,0.3,0,0,0,0,1,1,1,1]],[6,"hide",50,[-283],[[16,1,0,false,-281,[287],288],[10,3,-282,[[24,"df1aaODa3hMxqf1fW+eOghN","clickTag","2",1]]]],[3,"961rJmaBJHT576SqZhevJw",1,0],[5,198.8,75.5],[-12.3,0.3,0,0,0,0,1,1,1,0]],[15,"zwdzz_tag",38,[-284,-285],[3,"f5kzOgq0ZFhYKIQxuK057T",1,0],[5,219.8,71.5],[-506.895,-238.75,0,0,0,0,1,1,1,1]],[12,"show",false,53,[-287,-288],[[16,1,0,false,-286,[293],294]],[3,"b0qWLRxe1EPb7pnEvfuaNh",1,0],[5,220.8,75.5],[-1.3,0.3,0,0,0,0,1,1,1,1]],[6,"hide",53,[-291],[[16,1,0,false,-289,[297],298],[10,3,-290,[[24,"df1aaODa3hMxqf1fW+eOghN","clickTag","1",1]]]],[3,"c0HxuG9CxGNodVnN80DYZX",1,0],[5,198.8,75.5],[-12.3,0.3,0,0,0,0,1,1,1,0]],[48,"mask",177,11,[[8,0,-292,[299],300],[50,45,100,100,-293],[42,-294]],[0,"1bP986vNlGX6TVQVJSrFtC",11],[4,4278190080],[5,1280,720]],[28,"board",11,[39,-295,-296],[0,"2d9zQ5hDdN8pFUVtNqCaI1",11]],[6,"btn_ok",14,[-299],[[16,1,0,false,-297,[313],314],[10,3,-298,[[27,"df1aaODa3hMxqf1fW+eOghN","clickToUseBtn",1]]]],[0,"13aufMBi1BR5tTNoVuwVpK",14],[5,216,70],[0,-194.577,0,0,0,0,1,1,1,0]],[6,"btn_ok",15,[-302],[[16,1,0,false,-300,[317],318],[10,3,-301,[[27,"df1aaODa3hMxqf1fW+eOghN","closeRewardView",1]]]],[0,"2433nrbslF9ot7WVu5oRDk",15],[5,216,70],[0,-193.937,0,0,0,0,1,1,1,0]],[48,"mask",177,1,[[8,0,-303,[0],1],[50,45,100,100,-304]],[3,"2eDfL0T9xOqa7Wx7Tvdjk2",1,0],[4,4278190080],[5,1280,720]],[18,"sjhhbg",13,[[4,-305,[4],5]],[3,"4a5hmwNfFD8oR0h5WUVAbV",1,0],[5,603,228]],[18,"zwdzzbg",13,[[4,-306,[6],7]],[3,"5fJCFUao9DV592lJ8rxx5n",1,0],[5,603,228]],[18,"ttptlbg",13,[[4,-307,[8],9]],[3,"f4jzP4fXlCVJsUphEp7Sms",1,0],[5,603,228]],[5,"btn_close",12,[[8,0,-308,[18],19],[10,3,-309,[[27,"df1aaODa3hMxqf1fW+eOghN","close",1]]]],[3,"32Rgi6xVVMjIMcCYtjVQJU",1,0],[5,36.4,34],[414.959,246.348,0,0,0,0,1,2,2,0]],[9,"title",12,[[2,"福利任务",48,65,false,-310,[20],21],[1,2,-311,[4,4278190080]]],[3,"05nZqpB1xPB4hl5E/EemIl",1,0],[4,4282891513],[5,196,85.9],[-7.487,194.795,0,0,0,0,1,1,1,1]],[57,"bg",12,[[41,45,13.04999999999999,11.450000000000017,68.99999999999999,22.19999999999999,880,420,-312],[16,1,0,false,-313,[22],23]],[3,"7bSjmjb4VGxqeqZ65zvDpr",1,0],[5,823.1,405.6],[0,0.5,1],[0.8000000000000114,179.4,0,0,0,0,1,1,1,1]],[6,"plantSkinView_2",3,[-315],[[8,0,-314,[26],27]],[0,"85MqCglIVMi7hhxZKeJdOp",3],[5,227.3,55.96],[0.5,106.53,0,0,0,0,1,1,1,1]],[11,"buy_text",67,[[2,"资源礼包",33,30,false,-316,[24],25],[1,2,-317,[4,4278190080]]],[0,"d7Y7ccdbZHdpOc77EV6hQ9",3],[4,4284081919],[5,136,41.8]],[6,"bubble",17,[-319],[[4,-318,[32],33]],[0,"fc2N6fYFxGYpeAkVymwRje",3],[5,103,102],[16.892,-73.299,0,0,0,0,1,0.9,0.9,1]],[34,"free_sun_btn",69,[-320,-321],[0,"cdO2KaTJpE3J9qxqB3FJnR",3],[5,100,100],[0.4407,-1.236,0,0,0,-0.12192997437186266,0.9925387052149034,0.8,0.8,0.8],[1,0,0,-14.007]],[40,"free_sun",70,[[35,"New Node",-323,[0,"c88AyzwL9MKYIUBvDJsmEZ",3]]],[[25,"default","1ui_idle",0,"1ui_idle",true,-322,[28],29]],[0,"37O7EA92ZNDICYklDYDLtT",3]],[29,"text",70,[[2,"+1",30,30,false,-324,[30],31],[1,2,-325,[4,4278190080]]],[0,"92N4bzxHxBg7VBa6lhO0qp",3],[4,4283692543],[5,32.620000000000005,41.8],[60.502,-20.476,0,0,0,-0.06098756683585237,0.9981385258026275,1.25,1.25,1.25],[1,0,0,-6.993]],[36,"New Node",false,17,[-326,-327],[0,"92R+4a2flGs6sd6fd8edbu",3],[-49.183,-70.991,0,0,0,0.16016545589512243,0.9870901816642224,1,1,1],[1,0,0,18.433]],[29,"text",73,[[2,"1000",20,20,false,-328,[36],37],[1,2,-329,[4,4278190080]]],[0,"a8OSX0zeZJUaXDrpeYuC8R",3],[4,4283692543],[5,46.24,29.2],[4.506,-35.798,0,0,0,0.04689724267181702,0.9988997190057572,1,1,1],[1,0,0,5.376]],[6,"bubble",17,[-331],[[4,-330,[42],43]],[0,"3em1pDBmZBordufxoGbFT8",3],[5,103,102],[-45.898,-121.728,0,0,0,0,1,0.75,0.75,1]],[37,"auto_pick",[-333],[[25,"default","2ui_idle",0,"2ui_idle",true,-332,[40],41]],[0,"56AwEMbSpLRZ5BPHdF17sg",3]],[30,"text",[[2,"+1",37,37,false,-334,[38],39],[1,2,-335,[4,4278190080]]],[0,"78V15FTERHcK24EtUpUs/A",3],[4,4283692543],[5,39.3,50.62],[-41.139,-43.275,0,0,0,0.2567364100944095,0.966481461659682,1,1,1],[1,0,0,29.753]],[6,"bubble",17,[-337],[[4,-336,[47],48]],[0,"51krsp9F1M77P2FAAYZDEM",3],[5,103,102],[29.643,-157.969,0,0,0,0,1,1,1,1]],[30,"text",[[2,"+1",30,30,false,-338,[44],45],[1,2,-339,[4,4278190080]]],[0,"e4GK5TWshDvoZH4+5GbleS",3],[4,4283692543],[5,32.620000000000005,41.8],[45.15,-38.302,0,0,0,-0.18223552549214747,0.9832549075639546,1,1,1],[1,0,0,-21]],[9,"buy_text",3,[[2,"四季合合等级达到5级",23,30,false,-340,[49],50],[1,2,-341,[4,4278190080]]],[0,"90J2zFlMlBU5Fn41Ukgpgf",3],[4,4284081919],[5,227.1,41.8],[0,-152.381,0,0,0,0,1,1,1,1]],[20,"progressTxt",18,[[-342,[1,2,-343,[4,4278190080]]],1,4],[0,"20yCWFxTlIS6RvxdHNQZIR",3],[5,64,41.8],[-2.229,-9.314,0,0,0,0,1,1,1,1]],[5,"txt",19,[[2,"领取",30,30,false,-344,[55],56],[1,2,-345,[4,4278190080]]],[0,"c6TGi/IUdAZr8xo80y1uyE",3],[5,64,41.8],[1.554,-1.554,0,0,0,0,1,1,1,1]],[6,"plantSkinView_2",9,[-347],[[8,0,-346,[63],64]],[0,"85MqCglIVMi7hhxZKeJdOp",9],[5,227.3,55.96],[0.5,106.53,0,0,0,0,1,1,1,1]],[11,"buy_text",83,[[2,"新道具",33,30,false,-348,[61],62],[1,2,-349,[4,4278190080]]],[0,"d7Y7ccdbZHdpOc77EV6hQ9",9],[4,4284081919],[5,103,41.8]],[6,"rewardName3",9,[-351],[[51,false,-350,[68],69]],[0,"28Ko4AwkZBnpHLzOS7GVGk",9],[5,167,33],[0,-86.023,0,0,0,0,1,1,1,1]],[39,"adticketCount",85,[[-352,[1,2,-353,[4,4278190080]]],1,4],[0,"d36V68PO9Jdpa2YqWoQzan",9],[4,4283692543],[5,94,41.8],[0,-1.882,0,0,0,0,1,1,1,1]],[9,"buy_text",9,[[2,"四季合合等级达到10级",23,30,false,-354,[70],71],[1,2,-355,[4,4278190080]]],[0,"90J2zFlMlBU5Fn41Ukgpgf",9],[4,4284081919],[5,232.62,41.8],[0,-152.381,0,0,0,0,1,1,1,1]],[20,"progressTxt",20,[[-356,[1,2,-357,[4,4278190080]]],1,4],[0,"20yCWFxTlIS6RvxdHNQZIR",9],[5,64,41.8],[-2.229,-9.314,0,0,0,0,1,1,1,1]],[5,"txt",21,[[2,"领取",30,30,false,-358,[76],77],[1,2,-359,[4,4278190080]]],[0,"c6TGi/IUdAZr8xo80y1uyE",9],[5,64,41.8],[1.554,-1.554,0,0,0,0,1,1,1,1]],[6,"plantSkinView_2",10,[-361],[[8,0,-360,[84],85]],[0,"85MqCglIVMi7hhxZKeJdOp",10],[5,227.3,55.96],[0.5,106.53,0,0,0,0,1,1,1,1]],[11,"buy_text",90,[[2,"新植物",33,30,false,-362,[82],83],[1,2,-363,[4,4278190080]]],[0,"d7Y7ccdbZHdpOc77EV6hQ9",10],[4,4284081919],[5,103,41.8]],[6,"rewardName3",10,[-365],[[51,false,-364,[90],91]],[0,"28Ko4AwkZBnpHLzOS7GVGk",10],[5,66,34],[0,-91.67,0,0,0,0,1,1,1,1]],[9,"nameTxt",92,[[2,"菜师傅",30,30,false,-366,[88],89],[1,2,-367,[4,4278190080]]],[0,"49PhTkBW9LFYyG+G6EPNvV",10],[4,4284934399],[5,94,41.8],[0,0.303,0,0,0,0,1,1,1,1]],[9,"buy_text",10,[[2,"四季合合等级达到15级",23,30,false,-368,[92],93],[1,2,-369,[4,4278190080]]],[0,"90J2zFlMlBU5Fn41Ukgpgf",10],[4,4284081919],[5,235.24,41.8],[0,-152.381,0,0,0,0,1,1,1,1]],[20,"progressTxt",22,[[-370,[1,2,-371,[4,4278190080]]],1,4],[0,"20yCWFxTlIS6RvxdHNQZIR",10],[5,64,41.8],[-2.229,-9.314,0,0,0,0,1,1,1,1]],[5,"txt",23,[[2,"领取",30,30,false,-372,[98],99],[1,2,-373,[4,4278190080]]],[0,"c6TGi/IUdAZr8xo80y1uyE",10],[5,64,41.8],[1.554,-1.554,0,0,0,0,1,1,1,1]],[6,"plantSkinView_2",4,[-375],[[8,0,-374,[106],107]],[0,"85MqCglIVMi7hhxZKeJdOp",4],[5,227.3,55.96],[0.5,106.53,0,0,0,0,1,1,1,1]],[11,"buy_text",97,[[2,"资源礼包",33,30,false,-376,[104],105],[1,2,-377,[4,4278190080]]],[0,"d7Y7ccdbZHdpOc77EV6hQ9",4],[4,4284081919],[5,136,41.8]],[6,"bubble",24,[-379],[[4,-378,[112],113]],[0,"fc2N6fYFxGYpeAkVymwRje",4],[5,103,102],[16.892,-73.299,0,0,0,0,1,0.9,0.9,1]],[34,"free_sun_btn",99,[-380,-381],[0,"cdO2KaTJpE3J9qxqB3FJnR",4],[5,100,100],[0.4407,-1.236,0,0,0,-0.12192997437186266,0.9925387052149034,0.8,0.8,0.8],[1,0,0,-14.007]],[40,"free_sun",100,[[35,"New Node",-383,[0,"c88AyzwL9MKYIUBvDJsmEZ",4]]],[[25,"default","1ui_idle",0,"1ui_idle",true,-382,[108],109]],[0,"37O7EA92ZNDICYklDYDLtT",4]],[29,"text",100,[[2,"+1",30,30,false,-384,[110],111],[1,2,-385,[4,4278190080]]],[0,"92N4bzxHxBg7VBa6lhO0qp",4],[4,4283692543],[5,32.620000000000005,41.8],[60.502,-20.476,0,0,0,-0.06098756683585237,0.9981385258026275,1.25,1.25,1.25],[1,0,0,-6.993]],[36,"New Node",false,24,[-386,-387],[0,"92R+4a2flGs6sd6fd8edbu",4],[-49.183,-70.991,0,0,0,0.16016545589512243,0.9870901816642224,1,1,1],[1,0,0,18.433]],[29,"text",103,[[2,"1000",20,20,false,-388,[116],117],[1,2,-389,[4,4278190080]]],[0,"a8OSX0zeZJUaXDrpeYuC8R",4],[4,4283692543],[5,46.24,29.2],[4.506,-35.798,0,0,0,0.04689724267181702,0.9988997190057572,1,1,1],[1,0,0,5.376]],[6,"bubble",24,[-391],[[4,-390,[122],123]],[0,"3em1pDBmZBordufxoGbFT8",4],[5,103,102],[-45.898,-121.728,0,0,0,0,1,0.75,0.75,1]],[37,"auto_pick",[-393],[[25,"default","2ui_idle",0,"2ui_idle",true,-392,[120],121]],[0,"56AwEMbSpLRZ5BPHdF17sg",4]],[30,"text",[[2,"+1",37,37,false,-394,[118],119],[1,2,-395,[4,4278190080]]],[0,"78V15FTERHcK24EtUpUs/A",4],[4,4283692543],[5,39.3,50.62],[-41.139,-43.275,0,0,0,0.2567364100944095,0.966481461659682,1,1,1],[1,0,0,29.753]],[6,"bubble",24,[-397],[[4,-396,[127],128]],[0,"51krsp9F1M77P2FAAYZDEM",4],[5,103,102],[29.643,-157.969,0,0,0,0,1,1,1,1]],[30,"text",[[2,"+1",30,30,false,-398,[124],125],[1,2,-399,[4,4278190080]]],[0,"e4GK5TWshDvoZH4+5GbleS",4],[4,4283692543],[5,32.620000000000005,41.8],[45.15,-38.302,0,0,0,-0.18223552549214747,0.9832549075639546,1,1,1],[1,0,0,-21]],[9,"buy_text",4,[[2,"植物大作战通过5关",23,30,false,-400,[129],130],[1,2,-401,[4,4278190080]]],[0,"90J2zFlMlBU5Fn41Ukgpgf",4],[4,4284081919],[5,204.1,41.8],[0,-152.381,0,0,0,0,1,1,1,1]],[20,"progressTxt",25,[[-402,[1,2,-403,[4,4278190080]]],1,4],[0,"20yCWFxTlIS6RvxdHNQZIR",4],[5,64,41.8],[-2.229,-9.314,0,0,0,0,1,1,1,1]],[5,"txt",26,[[2,"领取",30,30,false,-404,[135],136],[1,2,-405,[4,4278190080]]],[0,"c6TGi/IUdAZr8xo80y1uyE",4],[5,64,41.8],[1.554,-1.554,0,0,0,0,1,1,1,1]],[6,"plantSkinView_2",7,[-407],[[8,0,-406,[143],144]],[0,"85MqCglIVMi7hhxZKeJdOp",7],[5,227.3,55.96],[0.5,106.53,0,0,0,0,1,1,1,1]],[11,"buy_text",113,[[2,"新道具",33,30,false,-408,[141],142],[1,2,-409,[4,4278190080]]],[0,"d7Y7ccdbZHdpOc77EV6hQ9",7],[4,4284081919],[5,103,41.8]],[39,"nameTxt",7,[[-410,[1,2,-411,[4,4278190080]]],1,4],[0,"64C4iVfwdFfrTf8BobtxB4",7],[4,4284934399],[5,94,41.8],[0,-91.367,0,0,0,0,1,1,1,1]],[9,"buy_text",7,[[2,"植物大作战通过15关",23,30,false,-412,[150],151],[1,2,-413,[4,4278190080]]],[0,"90J2zFlMlBU5Fn41Ukgpgf",7],[4,4284081919],[5,212.24,41.8],[0,-152.381,0,0,0,0,1,1,1,1]],[20,"progressTxt",27,[[-414,[1,2,-415,[4,4278190080]]],1,4],[0,"20yCWFxTlIS6RvxdHNQZIR",7],[5,64,41.8],[-2.229,-9.314,0,0,0,0,1,1,1,1]],[5,"txt",28,[[2,"领取",30,30,false,-416,[156],157],[1,2,-417,[4,4278190080]]],[0,"c6TGi/IUdAZr8xo80y1uyE",7],[5,64,41.8],[1.554,-1.554,0,0,0,0,1,1,1,1]],[6,"plantSkinView_2",8,[-419],[[8,0,-418,[164],165]],[0,"85MqCglIVMi7hhxZKeJdOp",8],[5,227.3,55.96],[0.5,106.53,0,0,0,0,1,1,1,1]],[11,"buy_text",119,[[2,"新植物",33,30,false,-420,[162],163],[1,2,-421,[4,4278190080]]],[0,"d7Y7ccdbZHdpOc77EV6hQ9",8],[4,4284081919],[5,103,41.8]],[9,"nameTxt",8,[[2,"雷神果",30,30,false,-422,[168],169],[1,2,-423,[4,4278190080]]],[0,"7e563/hsZIoI6ujCz9r//V",8],[4,4284934399],[5,94,41.8],[0,-91.367,0,0,0,0,1,1,1,1]],[9,"buy_text",8,[[2,"植物大作战通过40关",23,30,false,-424,[172],173],[1,2,-425,[4,4278190080]]],[0,"90J2zFlMlBU5Fn41Ukgpgf",8],[4,4284081919],[5,217.99,41.8],[0,-152.381,0,0,0,0,1,1,1,1]],[20,"progressTxt",29,[[-426,[1,2,-427,[4,4278190080]]],1,4],[0,"20yCWFxTlIS6RvxdHNQZIR",8],[5,64,41.8],[-2.229,-9.314,0,0,0,0,1,1,1,1]],[5,"txt",30,[[2,"领取",30,30,false,-428,[178],179],[1,2,-429,[4,4278190080]]],[0,"c6TGi/IUdAZr8xo80y1uyE",8],[5,64,41.8],[1.554,-1.554,0,0,0,0,1,1,1,1]],[6,"plantSkinView_2",2,[-431],[[8,0,-430,[186],187]],[0,"85MqCglIVMi7hhxZKeJdOp",2],[5,227.3,55.96],[0.5,106.53,0,0,0,0,1,1,1,1]],[11,"buy_text",125,[[2,"资源礼包",33,30,false,-432,[184],185],[1,2,-433,[4,4278190080]]],[0,"d7Y7ccdbZHdpOc77EV6hQ9",2],[4,4284081919],[5,136,41.8]],[6,"bubble",31,[-435],[[4,-434,[192],193]],[0,"fc2N6fYFxGYpeAkVymwRje",2],[5,103,102],[16.892,-73.299,0,0,0,0,1,0.9,0.9,1]],[34,"free_sun_btn",127,[-436,-437],[0,"cdO2KaTJpE3J9qxqB3FJnR",2],[5,100,100],[0.4407,-1.236,0,0,0,-0.12192997437186266,0.9925387052149034,0.8,0.8,0.8],[1,0,0,-14.007]],[40,"free_sun",128,[[35,"New Node",-439,[0,"c88AyzwL9MKYIUBvDJsmEZ",2]]],[[25,"default","1ui_idle",0,"1ui_idle",true,-438,[188],189]],[0,"37O7EA92ZNDICYklDYDLtT",2]],[29,"text",128,[[2,"+1",30,30,false,-440,[190],191],[1,2,-441,[4,4278190080]]],[0,"92N4bzxHxBg7VBa6lhO0qp",2],[4,4283692543],[5,32.620000000000005,41.8],[60.502,-20.476,0,0,0,-0.06098756683585237,0.9981385258026275,1.25,1.25,1.25],[1,0,0,-6.993]],[36,"New Node",false,31,[-442,-443],[0,"92R+4a2flGs6sd6fd8edbu",2],[-49.183,-70.991,0,0,0,0.16016545589512243,0.9870901816642224,1,1,1],[1,0,0,18.433]],[29,"text",131,[[2,"1000",20,20,false,-444,[196],197],[1,2,-445,[4,4278190080]]],[0,"a8OSX0zeZJUaXDrpeYuC8R",2],[4,4283692543],[5,46.24,29.2],[4.506,-35.798,0,0,0,0.04689724267181702,0.9988997190057572,1,1,1],[1,0,0,5.376]],[6,"bubble",31,[-447],[[4,-446,[202],203]],[0,"3em1pDBmZBordufxoGbFT8",2],[5,103,102],[-45.898,-121.728,0,0,0,0,1,0.75,0.75,1]],[37,"auto_pick",[-449],[[25,"default","2ui_idle",0,"2ui_idle",true,-448,[200],201]],[0,"56AwEMbSpLRZ5BPHdF17sg",2]],[30,"text",[[2,"+1",37,37,false,-450,[198],199],[1,2,-451,[4,4278190080]]],[0,"78V15FTERHcK24EtUpUs/A",2],[4,4283692543],[5,39.3,50.62],[-41.139,-43.275,0,0,0,0.2567364100944095,0.966481461659682,1,1,1],[1,0,0,29.753]],[6,"bubble",31,[-453],[[4,-452,[207],208]],[0,"51krsp9F1M77P2FAAYZDEM",2],[5,103,102],[29.643,-157.969,0,0,0,0,1,1,1,1]],[30,"text",[[2,"+1",30,30,false,-454,[204],205],[1,2,-455,[4,4278190080]]],[0,"e4GK5TWshDvoZH4+5GbleS",2],[4,4283692543],[5,32.620000000000005,41.8],[45.15,-38.302,0,0,0,-0.18223552549214747,0.9832549075639546,1,1,1],[1,0,0,-21]],[9,"buy_text",2,[[2,"天天铺铁路达成30星",23,30,false,-456,[210],211],[1,2,-457,[4,4278190080]]],[0,"90J2zFlMlBU5Fn41Ukgpgf",2],[4,4284081919],[5,216.86,41.8],[0,-152.381,0,0,0,0,1,1,1,1]],[20,"progressTxt",32,[[-458,[1,2,-459,[4,4278190080]]],1,4],[0,"20yCWFxTlIS6RvxdHNQZIR",2],[5,64,41.8],[-2.229,-9.314,0,0,0,0,1,1,1,1]],[5,"txt",33,[[2,"领取",30,30,false,-460,[216],217],[1,2,-461,[4,4278190080]]],[0,"c6TGi/IUdAZr8xo80y1uyE",2],[5,64,41.8],[1.554,-1.554,0,0,0,0,1,1,1,1]],[6,"plantSkinView_2",5,[-463],[[8,0,-462,[224],225]],[0,"85MqCglIVMi7hhxZKeJdOp",5],[5,227.3,55.96],[0.5,106.53,0,0,0,0,1,1,1,1]],[11,"buy_text",141,[[2,"新道具",33,30,false,-464,[222],223],[1,2,-465,[4,4278190080]]],[0,"d7Y7ccdbZHdpOc77EV6hQ9",5],[4,4284081919],[5,103,41.8]],[39,"nameTxt",5,[[-466,[1,2,-467,[4,4278190080]]],1,4],[0,"64C4iVfwdFfrTf8BobtxB4",5],[4,4284934399],[5,94,41.8],[0,-91.367,0,0,0,0,1,1,1,1]],[9,"buy_text",5,[[2,"天天铺铁路达成120星",23,30,false,-468,[232],233],[1,2,-469,[4,4278190080]]],[0,"90J2zFlMlBU5Fn41Ukgpgf",5],[4,4284081919],[5,224.22,41.8],[0,-152.381,0,0,0,0,1,1,1,1]],[20,"progressTxt",34,[[-470,[1,2,-471,[4,4278190080]]],1,4],[0,"20yCWFxTlIS6RvxdHNQZIR",5],[5,64,41.8],[-2.229,-9.314,0,0,0,0,1,1,1,1]],[5,"txt",35,[[2,"领取",30,30,false,-472,[238],239],[1,2,-473,[4,4278190080]]],[0,"c6TGi/IUdAZr8xo80y1uyE",5],[5,64,41.8],[1.554,-1.554,0,0,0,0,1,1,1,1]],[6,"plantSkinView_2",6,[-475],[[8,0,-474,[246],247]],[0,"85MqCglIVMi7hhxZKeJdOp",6],[5,227.3,55.96],[0.5,106.53,0,0,0,0,1,1,1,1]],[11,"buy_text",147,[[2,"新植物",33,30,false,-476,[244],245],[1,2,-477,[4,4278190080]]],[0,"d7Y7ccdbZHdpOc77EV6hQ9",6],[4,4284081919],[5,103,41.8]],[9,"nameTxt",6,[[2,"火焰花",30,30,false,-478,[251],252],[1,2,-479,[4,4278190080]]],[0,"7e563/hsZIoI6ujCz9r//V",6],[4,4284934399],[5,94,41.8],[0,-91.367,0,0,0,0,1,1,1,1]],[9,"buy_text",6,[[2,"天天铺铁路达成200星",23,30,false,-480,[255],256],[1,2,-481,[4,4278190080]]],[0,"90J2zFlMlBU5Fn41Ukgpgf",6],[4,4284081919],[5,229.56,41.8],[0,-152.381,0,0,0,0,1,1,1,1]],[20,"progressTxt",36,[[-482,[1,2,-483,[4,4278190080]]],1,4],[0,"20yCWFxTlIS6RvxdHNQZIR",6],[5,64,41.8],[-2.229,-9.314,0,0,0,0,1,1,1,1]],[5,"txt",37,[[2,"领取",30,30,false,-484,[261],262],[1,2,-485,[4,4278190080]]],[0,"c6TGi/IUdAZr8xo80y1uyE",6],[5,64,41.8],[1.554,-1.554,0,0,0,0,1,1,1,1]],[9,"txt",48,[[31,"四季合合",36,false,1,1,-486,[271],272],[1,3,-487,[4,4278202957]]],[3,"57Da3qGjtKpY96uI7HQT8x",1,0],[4,4284072191],[5,150,56.4],[-8.909,0,0,0,0,0,1,1,1,1]],[9,"txt",51,[[31,"天天铺铁路",32,false,1,1,-488,[281],282],[1,3,-489,[4,4278202957]]],[3,"79YfhzjLtKw7+6s6uHy+Ma",1,0],[4,4284072191],[5,166,56.4],[-8.909,0,0,0,0,0,1,1,1,1]],[9,"txt",54,[[31,"植物大作战",32,false,1,1,-490,[291],292],[1,3,-491,[4,4278202957]]],[3,"25kdEvkHlNRbdysipc2kl/",1,0],[4,4284072191],[5,166,56.4],[-8.909,0,0,0,0,0,1,1,1,1]],[5,"common_pop",39,[[7,1,0,-492,[301],302],[41,45,5.5,5.5,58,16,739,417,-493]],[0,"fdX1o8tRBEs6+vFYf0lHLT",11],[5,743,514],[0,-21,0,0,0,0,1,1,1,1]],[5,"common_pop_ear",39,[[4,-494,[303],304],[60,9,128.5,11.588999999999999,-495]],[0,"f9VcVjckBEd4rKArF/3PaU",11],[5,118,57],[-189.5,253.911,0,0,0,0,1,1,1,1]],[5,"common_pop_ear",39,[[4,-496,[305],306],[61,33,128.5,11.588999999999999,-497]],[0,"e5gWHxdipI5rz3hd5OxJFS",11],[5,118,57],[189.5,253.911,0,0,0,0,1,-1,1,-1]],[5,"common_pop_bg",39,[[7,1,0,-498,[307],308],[41,45,38,36,84,138,676,269,-499]],[0,"92qnfLxIdPRp6BB5MxJClw",11],[5,680,366],[1,27,0,0,0,0,1,1,1,1]],[58,"content",57,[14,15],[0,"fbCsKoPsJLcaG0HFUoZFNz",11],[5,414,200]],[5,"txt",58,[[44,"立即使用",30,34,false,1,1,-500,[311],312],[1,2,-501,[4,4278330370]]],[0,"7az2pwK/9EqpcTvQwDnjj0",14],[5,124,46.84],[-3,4,0,0,0,0,1,1,1,1]],[5,"txt",59,[[44,"确认",30,34,false,1,1,-502,[315],316],[1,2,-503,[4,4278330370]]],[0,"a09lJUbeRAFbp+mvk6recj",15],[5,64,46.84],[-3,4,0,0,0,0,1,1,1,1]],[5,"btn_close",11,[[8,0,-504,[319],320],[10,3,-505,[[27,"df1aaODa3hMxqf1fW+eOghN","closeRewardView",1]]]],[0,"10LP1EjjtBWo0v7a6jj1kP",11],[5,36.4,34],[364.188,265.571,0,0,0,0,1,2,2,0]],[5,"rank_grass",1,[[8,0,-506,[2],3]],[3,"71+POizXJKprOTOc0wXE8X",1,0],[5,848,46],[-7.2,304.884,0,0,0,0,1,1,1,1]],[11,"text",16,[[2,"立即前往",30,28,false,-507,[10],11]],[3,"30Z9qy4UxJ8qptd83uUITj",1,0],[4,4285072899],[5,120,35.28]],[5,"djwq",40,[[4,-508,[14],15]],[3,"fdppD1p5RFcaFjKR/pqvQp",1,0],[5,74,23],[0,-23.871,0,0,0,0,1,1,1,1]],[5,"sjhh_arrow",40,[[4,-509,[16],17]],[3,"desofYfl5OSZvm+VY49qyB",1,0],[5,70,63],[0,16.437,0,0,0,0,1,1,1,1]],[18,"gold_hole_1",73,[[8,0,-510,[34],35]],[0,"bc1CdLkSpNGYXBnh23jDg7",3],[5,53,44.1]],[15,"auto_pick_btn",75,[76],[0,"54Ma/K0zZFY5HmaaDq9zX3",3],[5,100,100],[-0.4173,-0.1782,0,0,0,0,1,0.7,0.7,0.7]],[28,"New Node",76,[77],[0,"a0rRxBOwpD2ZvS2BSxgY0G",3]],[15,"cherry_bomb_btn",78,[42],[0,"e6+4DjQ51I34frPshyZuGD",3],[5,100,100],[0,0,0,0,0,0,1,0.8,0.8,0.9]],[28,"New Node",42,[79],[0,"1evW4y7ahLjY/6tdbO4e5F",3]],[45,"default","3ui_idle1",0,"3ui_idle1",true,42,[46]],[21,"bar",18,[-511],[0,"bci37V451E1aJpgPVJv811",3],[5,120,23.4],[0,0,0.5],[-118.45,0,0,0,0,0,1,1,1,1]],[22,1,0,174,[51]],[13,"已领取",20,30,false,81,[52]],[26,240,0.5,18,175],[17,"item",9,[-512],[0,"0aY5b2ME5EZ46cLuafBX5S",9],[0.5,106.53,0,0,0,0,1,1,1,1]],[5,"ad_ticket",178,[[4,-513,[65],66]],[0,"35XlbYjdRGTaZ9ppnuA1MY",9],[5,75,62],[0,-109.172,0,0,0,0,1,1,1,1]],[64,"广告票",30,30,false,1,1,86,[67]],[21,"bar",20,[-514],[0,"bci37V451E1aJpgPVJv811",9],[5,120,23.4],[0,0,0.5],[-118.45,0,0,0,0,0,1,1,1,1]],[22,1,0,181,[72]],[13,"已领取",20,30,false,88,[73]],[26,240,0.5,20,182],[17,"item",10,[-515],[0,"0aY5b2ME5EZ46cLuafBX5S",10],[0.5,106.53,0,0,0,0,1,1,1,1]],[5,"24_plant",185,[[25,"default","idle",0,"idle",true,-516,[86],87]],[0,"c7giDwixVFqrrFitghVXf0",10],[5,208.2072296142578,126.95035552978516],[0.803,-163.371,0,0,0,0,1,1,1,0.8]],[21,"bar",22,[-517],[0,"bci37V451E1aJpgPVJv811",10],[5,120,23.4],[0,0,0.5],[-118.45,0,0,0,0,0,1,1,1,1]],[22,1,0,187,[94]],[13,"已领取",20,30,false,95,[95]],[26,240,0.5,22,188],[18,"gold_hole_1",103,[[8,0,-518,[114],115]],[0,"bc1CdLkSpNGYXBnh23jDg7",4],[5,53,44.1]],[15,"auto_pick_btn",105,[106],[0,"54Ma/K0zZFY5HmaaDq9zX3",4],[5,100,100],[-0.4173,-0.1782,0,0,0,0,1,0.7,0.7,0.7]],[28,"New Node",106,[107],[0,"a0rRxBOwpD2ZvS2BSxgY0G",4]],[15,"cherry_bomb_btn",108,[44],[0,"e6+4DjQ51I34frPshyZuGD",4],[5,100,100],[0,0,0,0,0,0,1,0.8,0.8,0.9]],[28,"New Node",44,[109],[0,"1evW4y7ahLjY/6tdbO4e5F",4]],[45,"default","3ui_idle1",0,"3ui_idle1",true,44,[126]],[21,"bar",25,[-519],[0,"bci37V451E1aJpgPVJv811",4],[5,120,23.4],[0,0,0.5],[-118.45,0,0,0,0,0,1,1,1,1]],[22,1,0,197,[131]],[13,"已领取",20,30,false,111,[132]],[26,240,0.5,25,198],[17,"item",7,[-520],[0,"0aY5b2ME5EZ46cLuafBX5S",7],[0.5,106.53,0,0,0,0,1,1,1,1]],[5,"ad_ticket",201,[[4,-521,[145],146]],[0,"accE27c+BAjLa98o2Tqt0f",7],[5,75,62],[0,-109.172,0,0,0,0,1,1,1,1]],[32,"rewardName3",false,7,[[4,-522,[147],148]],[0,"28Ko4AwkZBnpHLzOS7GVGk",7],[5,167,33],[0,-91.67,0,0,0,0,1,1,1,1]],[13,"广告票",30,30,false,115,[149]],[21,"bar",27,[-523],[0,"bci37V451E1aJpgPVJv811",7],[5,120,23.4],[0,0,0.5],[-118.45,0,0,0,0,0,1,1,1,1]],[22,1,0,205,[152]],[13,"已领取",20,30,false,117,[153]],[26,240,0.5,27,206],[17,"item",8,[-524],[0,"0aY5b2ME5EZ46cLuafBX5S",8],[0.5,106.53,0,0,0,0,1,1,1,1]],[5,"24_plant",209,[[25,"default","idle",0,"idle",true,-525,[166],167]],[0,"c7giDwixVFqrrFitghVXf0",8],[5,312.7135009765625,196.24514770507812],[0.803,-156.239,0,0,0,0,1,1,1,0.8]],[32,"rewardName3",false,8,[[4,-526,[170],171]],[0,"28Ko4AwkZBnpHLzOS7GVGk",8],[5,66,34],[0,-91.67,0,0,0,0,1,1,1,1]],[21,"bar",29,[-527],[0,"bci37V451E1aJpgPVJv811",8],[5,120,23.4],[0,0,0.5],[-118.45,0,0,0,0,0,1,1,1,1]],[22,1,0,212,[174]],[13,"已领取",20,30,false,123,[175]],[26,240,0.5,29,213],[18,"gold_hole_1",131,[[8,0,-528,[194],195]],[0,"bc1CdLkSpNGYXBnh23jDg7",2],[5,53,44.1]],[15,"auto_pick_btn",133,[134],[0,"54Ma/K0zZFY5HmaaDq9zX3",2],[5,100,100],[-0.4173,-0.1782,0,0,0,0,1,0.7,0.7,0.7]],[28,"New Node",134,[135],[0,"a0rRxBOwpD2ZvS2BSxgY0G",2]],[15,"cherry_bomb_btn",136,[46],[0,"e6+4DjQ51I34frPshyZuGD",2],[5,100,100],[0,0,0,0,0,0,1,0.8,0.8,0.9]],[28,"New Node",46,[137],[0,"1evW4y7ahLjY/6tdbO4e5F",2]],[45,"default","3ui_idle1",0,"3ui_idle1",true,46,[206]],[18,"spine",2,[[46,"skin1",0,"idle",-529,[209]]],[0,"78IJpCZ75Kv4JET1WmEk83",2],[5,126.36000061035156,68.04000854492188]],[21,"bar",32,[-530],[0,"bci37V451E1aJpgPVJv811",2],[5,120,23.4],[0,0,0.5],[-118.45,0,0,0,0,0,1,1,1,1]],[22,1,0,223,[212]],[13,"已领取",20,30,false,139,[213]],[26,240,0.5,32,224],[17,"item",5,[-531],[0,"0aY5b2ME5EZ46cLuafBX5S",5],[0.5,106.53,0,0,0,0,1,1,1,1]],[5,"ad_ticket",227,[[4,-532,[226],227]],[0,"36+GKkTSFHg7xYXjDzc7Ho",5],[5,75,62],[0,-110,0,0,0,0,1,1,1,1]],[18,"spine",5,[[46,"skin1",0,"idle",-533,[228]]],[0,"78IJpCZ75Kv4JET1WmEk83",5],[5,126.36000061035156,68.04000854492188]],[32,"rewardName3",false,5,[[4,-534,[229],230]],[0,"28Ko4AwkZBnpHLzOS7GVGk",5],[5,167,33],[0,-91.67,0,0,0,0,1,1,1,1]],[13,"广告票",30,30,false,143,[231]],[21,"bar",34,[-535],[0,"bci37V451E1aJpgPVJv811",5],[5,120,23.4],[0,0,0.5],[-118.45,0,0,0,0,0,1,1,1,1]],[22,1,0,232,[234]],[13,"已领取",20,30,false,145,[235]],[26,240,0.5,34,233],[17,"item",6,[-536],[0,"0aY5b2ME5EZ46cLuafBX5S",6],[0.5,106.53,0,0,0,0,1,1,1,1]],[5,"24_plant",236,[[25,"default","idle",0,"idle",true,-537,[248],249]],[0,"c7giDwixVFqrrFitghVXf0",6],[5,158.70001220703125,136.50003051757812],[0.803,-158.408,0,0,0,0,1,1,1,0.8]],[18,"spine",6,[[46,"skin1",0,"idle",-538,[250]]],[0,"78IJpCZ75Kv4JET1WmEk83",6],[5,126.36000061035156,68.04000854492188]],[32,"rewardName3",false,6,[[4,-539,[253],254]],[0,"28Ko4AwkZBnpHLzOS7GVGk",6],[5,66,34],[0,-91.67,0,0,0,0,1,1,1,1]],[21,"bar",36,[-540],[0,"bci37V451E1aJpgPVJv811",6],[5,120,23.4],[0,0,0.5],[-118.45,0,0,0,0,0,1,1,1,1]],[22,1,0,240,[257]],[13,"已领取",20,30,false,151,[258]],[26,240,0.5,36,241],[5,"rank_arrow",48,[[4,-541,[269],270]],[3,"9cvHdwyVtEQJD6eNeEzAM4",1,0],[5,21,35],[83.726,1.263,0,0,0,0,1,1,1,1]],[11,"txt",49,[[31,"四季合合",36,false,1,1,-542,[275],276]],[3,"20nZAbC2dLfpN72FR/3knq",1,0],[4,4278200380],[5,144,50.4]],[5,"rank_arrow",51,[[4,-543,[279],280]],[3,"efTeQlx9ZFXZU+Qqo3aQVg",1,0],[5,21,35],[83.726,1.263,0,0,0,0,1,1,1,1]],[11,"txt",52,[[31,"天天铺铁路",32,false,1,1,-544,[285],286]],[3,"32YqYntaxOW5TO52fEEKka",1,0],[4,4278200380],[5,160,50.4]],[5,"rank_arrow",54,[[4,-545,[289],290]],[3,"adMif6Op1HEK0NADStN2Sm",1,0],[5,21,35],[83.726,1.263,0,0,0,0,1,1,1,1]],[11,"txt",55,[[31,"植物大作战",32,false,1,1,-546,[295],296]],[3,"80eZ7r5QdNqIoHTs3R3zw0",1,0],[4,4278200380],[5,160,50.4]],[9,"tittle",57,[[44,"你已经获得",38,41,false,1,1,-547,[309],310]],[0,"b8oyrcYtNE6IlrjEubTTLC",11],[4,4284081919],[5,190,51.66],[0,190.487,0,0,0,0,1,1,1,1]]],0,[0,4,1,0,-1,180,0,-2,204,0,-3,231,0,-1,2,0,-2,5,0,-3,6,0,-1,4,0,-2,7,0,-3,8,0,-1,3,0,-2,9,0,-3,10,0,-1,47,0,-2,53,0,-3,50,0,-1,61,0,-2,62,0,-3,63,0,11,40,0,12,16,0,13,15,0,14,14,0,15,11,0,0,1,0,0,1,0,0,1,0,-1,60,0,-2,164,0,-3,13,0,-4,12,0,-5,38,0,-6,11,0,4,2,0,0,2,0,7,33,0,8,225,0,9,226,0,0,2,0,-1,125,0,-2,31,0,-3,222,0,-4,138,0,-5,32,0,-6,33,0,4,3,0,0,3,0,7,19,0,8,176,0,9,177,0,0,3,0,-1,67,0,-2,17,0,-3,80,0,-4,18,0,-5,19,0,4,4,0,0,4,0,7,26,0,8,199,0,9,200,0,0,4,0,-1,97,0,-2,24,0,-3,110,0,-4,25,0,-5,26,0,4,5,0,0,5,0,7,35,0,8,234,0,9,235,0,0,5,0,-1,141,0,-2,227,0,-3,229,0,-4,230,0,-5,143,0,-6,144,0,-7,34,0,-8,35,0,4,6,0,0,6,0,7,37,0,8,242,0,9,243,0,0,6,0,-1,147,0,-2,236,0,-3,238,0,-4,149,0,-5,239,0,-6,150,0,-7,36,0,-8,37,0,4,7,0,0,7,0,7,28,0,8,207,0,9,208,0,0,7,0,-1,113,0,-2,201,0,-3,203,0,-4,115,0,-5,116,0,-6,27,0,-7,28,0,4,8,0,0,8,0,7,30,0,8,214,0,9,215,0,0,8,0,-1,119,0,-2,209,0,-3,121,0,-4,211,0,-5,122,0,-6,29,0,-7,30,0,4,9,0,0,9,0,7,21,0,8,183,0,9,184,0,0,9,0,-1,83,0,-2,178,0,-3,85,0,-4,87,0,-5,20,0,-6,21,0,4,10,0,0,10,0,7,23,0,8,189,0,9,190,0,0,10,0,-1,90,0,-2,185,0,-3,92,0,-4,94,0,-5,22,0,-6,23,0,4,11,0,0,11,0,0,11,0,-1,56,0,-2,57,0,-3,163,0,0,12,0,-1,64,0,-2,65,0,-3,66,0,-4,41,0,-5,43,0,-6,45,0,-1,61,0,-2,62,0,-3,63,0,-4,16,0,-5,40,0,4,14,0,-1,58,0,4,15,0,-1,59,0,0,16,0,0,16,0,-1,165,0,-1,69,0,-2,73,0,-3,75,0,-4,78,0,0,18,0,-2,177,0,-1,174,0,-2,81,0,0,19,0,0,19,0,-1,82,0,0,20,0,-2,184,0,-1,181,0,-2,88,0,0,21,0,0,21,0,-1,89,0,0,22,0,-2,190,0,-1,187,0,-2,95,0,0,23,0,0,23,0,-1,96,0,-1,99,0,-2,103,0,-3,105,0,-4,108,0,0,25,0,-2,200,0,-1,197,0,-2,111,0,0,26,0,0,26,0,-1,112,0,0,27,0,-2,208,0,-1,205,0,-2,117,0,0,28,0,0,28,0,-1,118,0,0,29,0,-2,215,0,-1,212,0,-2,123,0,0,30,0,0,30,0,-1,124,0,-1,127,0,-2,131,0,-3,133,0,-4,136,0,0,32,0,-2,226,0,-1,223,0,-2,139,0,0,33,0,0,33,0,-1,140,0,0,34,0,-2,235,0,-1,232,0,-2,145,0,0,35,0,0,35,0,-1,146,0,0,36,0,-2,243,0,-1,240,0,-2,151,0,0,37,0,0,37,0,-1,152,0,0,38,0,-1,47,0,-2,50,0,-3,53,0,-1,156,0,-2,157,0,-3,158,0,-4,159,0,-1,166,0,-2,167,0,-1,173,0,10,173,0,0,42,0,-1,172,0,-1,196,0,10,196,0,0,44,0,-1,195,0,-1,221,0,10,221,0,0,46,0,-1,220,0,-1,48,0,-2,49,0,0,48,0,-1,244,0,-2,153,0,0,49,0,0,49,0,-1,245,0,-1,51,0,-2,52,0,0,51,0,-1,246,0,-2,154,0,0,52,0,0,52,0,-1,247,0,-1,54,0,-2,55,0,0,54,0,-1,248,0,-2,155,0,0,55,0,0,55,0,-1,249,0,0,56,0,0,56,0,0,56,0,-2,250,0,-3,160,0,0,58,0,0,58,0,-1,161,0,0,59,0,0,59,0,-1,162,0,0,60,0,0,60,0,0,61,0,0,62,0,0,63,0,0,64,0,0,64,0,0,65,0,0,65,0,0,66,0,0,66,0,0,67,0,-1,68,0,0,68,0,0,68,0,0,69,0,-1,70,0,-1,71,0,-2,72,0,0,71,0,3,71,0,0,72,0,0,72,0,-1,168,0,-2,74,0,0,74,0,0,74,0,0,75,0,-1,169,0,0,76,0,-1,170,0,0,77,0,0,77,0,0,78,0,-1,171,0,0,79,0,0,79,0,0,80,0,0,80,0,-1,176,0,0,81,0,0,82,0,0,82,0,0,83,0,-1,84,0,0,84,0,0,84,0,0,85,0,-1,86,0,-1,180,0,0,86,0,0,87,0,0,87,0,-1,183,0,0,88,0,0,89,0,0,89,0,0,90,0,-1,91,0,0,91,0,0,91,0,0,92,0,-1,93,0,0,93,0,0,93,0,0,94,0,0,94,0,-1,189,0,0,95,0,0,96,0,0,96,0,0,97,0,-1,98,0,0,98,0,0,98,0,0,99,0,-1,100,0,-1,101,0,-2,102,0,0,101,0,3,101,0,0,102,0,0,102,0,-1,191,0,-2,104,0,0,104,0,0,104,0,0,105,0,-1,192,0,0,106,0,-1,193,0,0,107,0,0,107,0,0,108,0,-1,194,0,0,109,0,0,109,0,0,110,0,0,110,0,-1,199,0,0,111,0,0,112,0,0,112,0,0,113,0,-1,114,0,0,114,0,0,114,0,-1,204,0,0,115,0,0,116,0,0,116,0,-1,207,0,0,117,0,0,118,0,0,118,0,0,119,0,-1,120,0,0,120,0,0,120,0,0,121,0,0,121,0,0,122,0,0,122,0,-1,214,0,0,123,0,0,124,0,0,124,0,0,125,0,-1,126,0,0,126,0,0,126,0,0,127,0,-1,128,0,-1,129,0,-2,130,0,0,129,0,3,129,0,0,130,0,0,130,0,-1,216,0,-2,132,0,0,132,0,0,132,0,0,133,0,-1,217,0,0,134,0,-1,218,0,0,135,0,0,135,0,0,136,0,-1,219,0,0,137,0,0,137,0,0,138,0,0,138,0,-1,225,0,0,139,0,0,140,0,0,140,0,0,141,0,-1,142,0,0,142,0,0,142,0,-1,231,0,0,143,0,0,144,0,0,144,0,-1,234,0,0,145,0,0,146,0,0,146,0,0,147,0,-1,148,0,0,148,0,0,148,0,0,149,0,0,149,0,0,150,0,0,150,0,-1,242,0,0,151,0,0,152,0,0,152,0,0,153,0,0,153,0,0,154,0,0,154,0,0,155,0,0,155,0,0,156,0,0,156,0,0,157,0,0,157,0,0,158,0,0,158,0,0,159,0,0,159,0,0,161,0,0,161,0,0,162,0,0,162,0,0,163,0,0,163,0,0,164,0,0,165,0,0,166,0,0,167,0,0,168,0,-1,175,0,-1,179,0,0,179,0,-1,182,0,-1,186,0,0,186,0,-1,188,0,0,191,0,-1,198,0,-1,202,0,0,202,0,0,203,0,-1,206,0,-1,210,0,0,210,0,0,211,0,-1,213,0,0,216,0,0,222,0,-1,224,0,-1,228,0,0,228,0,0,229,0,0,230,0,-1,233,0,-1,237,0,0,237,0,0,238,0,0,239,0,-1,241,0,0,244,0,0,245,0,0,246,0,0,247,0,0,248,0,0,249,0,0,250,0,16,1,2,3,45,3,3,41,4,3,43,5,3,45,6,3,45,7,3,43,8,3,43,9,3,41,10,3,41,14,3,160,15,3,160,39,3,57,42,3,171,44,3,194,46,3,219,76,3,169,77,3,170,79,3,172,106,3,192,107,3,193,109,3,195,134,3,217,135,3,218,137,3,220,547],[0,0,0,0,0,0,0,0,0,0,0,0,0,0,0,0,0,0,0,0,0,0,0,0,0,0,0,0,0,0,0,0,0,0,0,0,0,0,0,0,0,0,0,0,0,0,0,0,0,0,0,0,0,0,0,0,0,0,0,0,0,0,0,0,0,0,0,0,0,0,0,0,0,0,0,0,0,0,0,0,0,0,0,0,0,0,0,0,0,0,0,0,0,0,0,0,0,0,0,0,0,0,0,0,0,0,0,0,0,0,0,0,0,0,0,0,0,0,0,0,0,0,0,0,0,0,0,0,0,0,0,0,0,0,0,0,0,0,0,0,0,0,0,0,0,0,0,0,0,0,0,0,0,0,0,0,0,0,0,0,0,0,0,0,0,0,0,0,0,0,0,0,0,0,0,0,0,0,0,0,0,0,0,0,0,0,0,0,0,0,0,0,0,0,0,0,0,0,0,0,0,0,0,0,0,0,0,0,0,0,0,0,0,0,0,0,0,0,0,0,0,0,0,0,0,0,0,0,0,0,0,0,0,0,0,0,0,0,0,0,0,0,0,0,0,0,0,0,0,0,0,0,0,0,0,0,0,0,0,0,0,0,0,0,0,0,0,0,0,0,0,0,0,0,0,0,0,0,0,0,0,0,0,0,0,0,0,0,0,0,0,0,0,0,0,0,0,0,0,0,0,0,0,0,0,0,0,0,0,0,0,0,0,0,0,0,0,0,0,0,0,173,175,176,180,182,183,188,189,196,198,199,204,206,207,213,214,221,224,225,231,233,234,241,242],[-1,1,-1,1,-1,1,-1,1,-1,1,-1,2,-1,1,-1,1,-1,1,-1,1,-1,2,-1,1,-1,2,-1,1,-1,5,-1,2,-1,1,-1,1,-1,2,-1,2,-1,5,-1,1,-1,2,-1,-1,1,-1,2,-1,-1,-1,1,-1,2,-1,1,-1,1,-1,2,-1,1,-1,1,-1,-1,1,-1,2,-1,-1,-1,1,-1,2,-1,1,-1,1,-1,2,-1,1,-1,5,-1,2,-1,1,-1,2,-1,-1,-1,1,-1,2,-1,1,-1,1,-1,2,-1,1,-1,5,-1,2,-1,1,-1,1,-1,2,-1,2,-1,5,-1,1,-1,2,-1,-1,1,-1,2,-1,-1,-1,1,-1,2,-1,1,-1,1,-1,2,-1,1,-1,1,-1,1,-1,-1,2,-1,-1,-1,1,-1,2,-1,1,-1,1,-1,2,-1,1,-1,5,-1,2,-1,1,-1,2,-1,-1,-1,1,-1,2,-1,1,-1,1,-1,2,-1,1,-1,5,-1,2,-1,1,-1,1,-1,2,-1,2,-1,5,-1,1,-1,2,-1,-1,1,-1,-1,2,-1,-1,-1,1,-1,2,-1,1,-1,1,-1,2,-1,1,-1,1,-1,-1,1,-1,-1,2,-1,-1,-1,1,-1,2,-1,1,-1,1,-1,2,-1,1,-1,5,-1,-1,2,-1,1,-1,2,-1,-1,-1,1,-1,2,-1,1,-1,1,-1,1,-1,1,-1,2,-1,1,-1,2,-1,1,-1,1,-1,2,-1,1,-1,2,-1,1,-1,1,-1,2,-1,1,-1,2,-1,1,-1,1,-1,1,-1,1,-1,1,-1,1,-1,2,-1,2,-1,1,-1,2,-1,1,-1,1,5,1,2,2,1,2,1,2,5,1,2,2,1,2,1,2,5,1,2,2,1,2,1,2],[0,18,0,23,0,24,0,25,0,26,0,1,0,27,0,28,0,29,0,19,0,1,0,30,0,1,0,3,2,4,0,1,0,5,0,10,0,1,0,1,2,4,0,5,0,1,2,0,5,0,1,0,0,0,6,0,1,0,7,0,8,0,1,0,3,0,11,0,0,12,0,1,0,0,0,6,0,1,0,7,0,8,0,1,0,3,13,31,0,1,0,14,0,1,0,0,0,6,0,1,0,7,0,8,0,1,0,3,2,4,0,1,0,5,0,10,0,1,0,1,2,4,0,5,0,1,2,0,5,0,1,0,0,0,6,0,1,0,7,0,8,0,1,0,3,0,11,0,12,0,0,1,0,0,0,6,0,1,0,7,0,8,0,1,0,3,13,32,0,1,0,14,0,1,0,0,0,6,0,1,0,7,0,8,0,1,0,3,2,4,0,1,0,5,0,10,0,1,0,1,2,4,0,5,0,1,2,0,5,2,0,1,0,0,0,6,0,1,0,7,0,8,0,1,0,3,0,11,2,0,12,0,0,1,0,0,0,6,0,1,0,7,0,8,0,1,0,3,13,33,2,0,1,0,14,0,1,0,0,0,6,0,1,0,7,0,8,0,34,0,15,0,1,0,16,0,1,0,17,0,15,0,1,0,16,0,1,0,17,0,15,0,1,0,16,0,1,0,17,0,18,0,35,0,20,0,20,0,36,0,1,0,1,0,21,0,1,0,21,0,19,4,9,1,1,9,1,9,1,4,9,1,1,9,1,9,1,4,9,1,1,9,1,9,1]],[[{"name":"progress","rect":[3,3,62,22],"offset":[0,0],"originalSize":[68,28],"capInsets":[28,10,31,9]}],[1],0,[0],[6],[37]],[[{"name":"progressBG","rect":[0,0,68,28],"offset":[0,0],"originalSize":[68,28],"capInsets":[33,14,33,13]}],[1],0,[0],[6],[38]],[[{"name":"sjhh_arrow","rect":[2,2,70,63],"offset":[-0.5,0.5],"originalSize":[75,68],"capInsets":[0,0,0,0]}],[1],0,[0],[6],[39]],[[{"name":"rewardName3","rect":[0,0,66,34],"offset":[0,0],"originalSize":[66,34],"capInsets":[0,0,0,0]}],[1],0,[0],[6],[40]],[[{"name":"djwq","rect":[2,2,74,23],"offset":[0,0],"originalSize":[78,27],"capInsets":[0,0,0,0]}],[1],0,[0],[6],[41]],[[{"name":"gameBanner2","rect":[0,0,603,228],"offset":[0,0],"originalSize":[603,228],"capInsets":[0,0,0,0]}],[1],0,[0],[6],[42]],[[{"name":"gameBanner","rect":[0,0,603,228],"offset":[0,0],"originalSize":[603,228],"capInsets":[0,0,0,0]}],[1],0,[0],[6],[43]],[[{"name":"rewardName2","rect":[0,0,167,33],"offset":[0,0],"originalSize":[167,33],"capInsets":[0,0,0,0]}],[1],0,[0],[6],[44]]]]