[1,["ecpdLyjvZBwrvm+cedCcQy","caohSHbS5GEIzmwCrnMGn5","12aabfc9a","3dGRdCCedHb7RAmYRXX3gw","a5eMDdha5A8JGI3qKzgEqe","47qAuc03VMXJOp2J1C2B89","a2MjXRFdtLlYQ5ouAFv/+R","aaUeQxHhROlriGY/EIWppv","5b2E3BaVNNzZPAk8+DkCbZ","65ybVT/JhNvbjVcDxJ07U+","2feRlJ3QNFh5DUZG3E5FSJ","b1FseAIJFFL6VExtXdGG1N","bdOSISB5lKz5r4WyFeQcV7","7ePqw7z7xFCp9GjHIZag91","b7+2Y3/ehMH5++mYZDEvYt","9bDLHjaQpHDrP2dj+A45qq","5dMNiDtBpK0adCRez7glaq","95ft+hwd9GRIcn2oJTe7df","01AWDeWWNKAp2VwgonPJ4+","0b051VqRJNt6ry4fLXR6cz"],["node","_spriteFrame","_N$file","_textureSetter","root","BullDemonRedPoint","redBoyRedPoint","yellowBrowRedPoint","whiteBoneRedPoint","spiderRedPoint","curPartLabel","curSelectPart","topPic","container","t_left_time","data","_parent","prefab_item"],[["cc.Node",["_name","_opacity","_active","_prefab","_components","_contentSize","_trs","_parent","_children","_anchorPoint","_color"],0,4,9,5,7,1,2,5,5],"cc.SpriteFrame",["cc.Label",["_string","_fontSize","_isSystemFontUsed","_N$verticalAlign","_lineHeight","_N$horizontalAlign","node","_materials","_N$file"],-3,1,3,6],["cc.Sprite",["_sizeMode","_type","_isTrimmedMode","node","_materials","_spriteFrame"],0,1,3,6],["cc.Node",["_name","_parent","_components","_prefab","_color","_contentSize","_trs","_anchorPoint"],2,1,12,4,5,5,7,5],["cc.Widget",["_alignFlags","_originalWidth","_originalHeight","node"],0,1],["cc.PrefabInfo",["fileId","root","asset"],2,1,1],["cc.Prefab",["_name"],2],["cc.Node",["_name","_parent","_children","_components","_prefab","_contentSize","_trs"],2,1,2,2,4,5,7],["cc.BlockInputEvents",["node"],3,1],["32d08OZaNBEEp3GmkHMx8BR",["node","t_left_time","container","topPic","partBtns","partImgs","curSelectPart","curPartLabel","spiderRedPoint","whiteBoneRedPoint","yellowBrowRedPoint","redBoyRedPoint","BullDemonRedPoint","prefab_item"],3,1,1,1,1,2,3,1,1,1,1,1,1,1,6],["cc.Button",["_N$transition","node","clickEvents"],2,1,9],["cc.ClickEvent",["_componentId","handler","target"],1,1],["cc.Layout",["_resize","_N$layoutType","_N$spacingY","node","_layoutSize"],0,1,5],["20f3aEs40NPYZXiSjoceFHQ",["_sizeMode","node","_materials","_spriteFrame"],2,1,3,6],["cc.LabelOutline",["_width","node","_color"],2,1,5],["cc.ScrollView",["horizontal","brake","bounceDuration","_N$horizontalScrollBar","_N$verticalScrollBar","node","_N$content"],-2,1,1],["cc.Mask",["_N$alphaThreshold","node","_materials"],2,1,3]],[[6,0,1,2,2],[0,0,7,4,3,5,6,2],[3,1,0,2,3,4,5,4],[3,3,4,5,1],[0,0,7,8,4,3,5,9,6,2],[0,0,7,4,3,10,5,6,2],[11,0,1,2,2],[12,0,1,2,3],[2,0,1,2,5,3,6,7,8,6],[15,0,1,2,2],[3,0,3,4,5,2],[0,0,7,8,3,6,2],[2,0,1,4,2,3,6,7,8,6],[7,0,2],[0,0,8,4,3,5,6,2],[0,0,4,3,5,9,6,2],[0,0,1,7,4,3,10,5,3],[0,0,7,4,3,10,5,9,6,2],[0,0,7,4,3,5,9,6,2],[0,0,7,8,4,3,5,6,2],[0,0,7,8,4,3,5,2],[0,0,2,7,4,3,5,6,3],[8,0,1,2,3,4,5,6,2],[4,0,1,2,3,4,5,7,6,2],[4,0,1,2,3,4,5,6,2],[5,0,3,2],[5,0,1,2,3,4],[9,0,1],[10,0,1,2,3,4,5,6,7,8,9,10,11,12,13,1],[6,1,2,1],[3,3,4,1],[13,0,1,2,3,4,4],[14,0,1,2,3,2],[2,0,1,4,2,5,3,6,7,8,7],[2,0,1,4,2,3,6,7,6],[2,0,1,2,5,3,6,7,6],[16,0,1,2,3,4,5,6,6],[17,0,1,2,2]],[[[{"name":"xy_topImg4","rect":[3,3,758,143],"offset":[0,0],"originalSize":[758,143],"capInsets":[0,0,0,0]}],[1],0,[0],[3],[2]],[[{"name":"xy_topImg5","rect":[3,152,758,143],"offset":[0,0],"originalSize":[758,143],"capInsets":[0,0,0,0]}],[1],0,[0],[3],[2]],[[{"name":"xy_topImg","rect":[767,259,758,143],"offset":[0,0],"originalSize":[758,143],"rotated":1,"capInsets":[0,0,0,0]}],[1],0,[0],[3],[2]],[[{"name":"xy_topImg2","rect":[3,301,758,143],"offset":[0,0],"originalSize":[758,143],"capInsets":[0,0,0,0]}],[1],0,[0],[3],[2]],[[{"name":"xy_topImg3","rect":[3,450,758,143],"offset":[0,0],"originalSize":[758,143],"capInsets":[0,0,0,0]}],[1],0,[0],[3],[2]],[[{"name":"xy_taskStar","rect":[80,748,260,55],"offset":[0,0],"originalSize":[260,55],"rotated":1,"capInsets":[0,0,0,0]}],[1],0,[0],[3],[2]],[[[13,"xySpiderTaskView"],[14,"xySpiderTaskView",[-20,-21],[[25,45,-2],[27,-3],[28,-19,-18,-17,-16,[-11,-12,-13,-14,-15],[59,60,61,62,63],-10,-9,-8,-7,-6,-5,-4,58]],[29,-1,0],[5,1280,720],[640,360,0,0,0,0,1,1,1,1]],[11,"board",1,[-22,-23,-24,-25,-26,-27,-28,-29],[0,"79if67nshKTrN/ovWVOpFz",1,0],[80,-40.334,0,0,0,0,1,1,1,1]],[11,"left_btn",2,[-30,-31,-32,-33,-34,-35],[0,"20gnMdAU5PErc42LF89ET5",1,0],[-504.334,40.334,0,0,0,0,1,1,1,1]],[22,"topPic",2,[-37,-38,-39,-40],[-36],[0,"1e1MrTjwRGDJ8SeIJSL4TY",1,0],[5,758,143],[0,161.12,0,0,0,0,1,1,1,1]],[4,"btn_1",3,[-43,-44],[[2,1,0,false,-41,[27],28],[6,3,-42,[[7,"32d08OZaNBEEp3GmkHMx8BR","clickXypart1",1]]]],[0,"45zZ5qzj5PuLUJh1aX+f2M",1,0],[5,200,74],[0,0,0.5],[-100,191,0,0,0,0,1,1,1,0]],[4,"btn_2",3,[-47,-48],[[2,1,0,false,-45,[33],34],[6,3,-46,[[7,"32d08OZaNBEEp3GmkHMx8BR","clickXypart2",1]]]],[0,"b0gp/LuxlHw66jmaR50JEC",1,0],[5,200,74],[0,0,0.5],[-100,109,0,0,0,0,1,1,1,0]],[4,"btn_3",3,[-51,-52],[[2,1,0,false,-49,[39],40],[6,3,-50,[[7,"32d08OZaNBEEp3GmkHMx8BR","clickXypart3",1]]]],[0,"8eSRWcnFpLA5NeJBolAmUt",1,0],[5,200,74],[0,0,0.5],[-100,27,0,0,0,0,1,1,1,0]],[4,"btn_4",3,[-55,-56],[[2,1,0,false,-53,[45],46],[6,3,-54,[[7,"32d08OZaNBEEp3GmkHMx8BR","clickXypart4",1]]]],[0,"2bzp3g7btPB7nW7oY2wCqf",1,0],[5,200,74],[0,0,0.5],[-100,-55,0,0,0,0,1,1,1,0]],[4,"btn_5",3,[-59,-60],[[2,1,0,false,-57,[51],52],[6,3,-58,[[7,"32d08OZaNBEEp3GmkHMx8BR","clickXypart5",1]]]],[0,"7aWEsl1WhIepUDVsRHsIJo",1,0],[5,200,74],[0,0,0.5],[-100,-137,0,0,0,0,1,1,1,0]],[15,"content",[[31,1,2,10,-61,[5,800,120]],[32,0,-62,[20],21]],[0,"bdrz77ZvFNgp8THHLM48w+",1,0],[5,800,120],[0,0.5,1],[0,162.729,0,0,0,0,1,1,1,1]],[4,"btn_select",3,[-64,-65],[[2,1,0,false,-63,[56],57]],[0,"28XCcy9t1DVpfOavLo8FhU",1,0],[5,220,74],[0,0,0.5],[-100,191,0,0,0,0,1,1,1,1]],[16,"mask",177,1,[[10,0,-66,[0],1],[26,45,100,100,-67]],[0,"2eDfL0T9xOqa7Wx7Tvdjk2",1,0],[4,4278190080],[5,1280,720]],[1,"btn_close",2,[[10,0,-68,[8],9],[6,3,-69,[[7,"32d08OZaNBEEp3GmkHMx8BR","clickClose",1]]]],[0,"32Rgi6xVVMjIMcCYtjVQJU",1,0],[5,39,36],[380.945,257.403,0,0,0,0,1,1.5,1.5,0]],[17,"lab",4,[[12,"活动期间，玩家解锁达到对应\n关卡即可领取对应奖励",25,25,false,1,-70,[12],13],[9,3,-71,[4,4278208621]]],[0,"4aERJOYRlMKbeoURe0BFFr",1,0],[4,4284081919],[5,331,62.5],[0,0,0.5],[-358.669,-27.434,0,0,0,0,1,1,1,1]],[18,"lab copy",4,[[12,"活动剩余时间：",20,25,false,1,-72,[14],15],[9,3,-73,[4,4278190080]]],[0,"c2AVNhZn9DEbXJPKNA6SDR",1,0],[5,146,37.5],[0,0,0.5],[64.148,-42.733,0,0,0,0,1,1,1,1]],[23,"t_left_time",4,[[-74,[9,3,-75,[4,4278596427]]],1,4],[0,"a1CTh12lhPqpt0xlQyMFw8",1,0],[4,4280135167],[5,19.48,37.5],[0,0,0.5],[201.841,-44.124,0,0,0,0,1,1,1,1]],[5,"tittle",2,[[33,"西游关卡开启",45,45,false,1,1,-76,[18],19],[9,2,-77,[4,4278596427]]],[0,"30C7NQLWpJcqWho/exjScw",1,0],[4,4280135167],[5,274,60.7],[0,274.897,0,0,0,0,1,1,1,1]],[19,"ScrollView",2,[-79],[[36,false,0.75,0.23,null,null,-78,10]],[0,"a7/zxMj45GU5csGa+ACzvo",1,0],[5,760,335],[0,-82.059,0,0,0,0,1,1,1,1]],[20,"view",18,[10],[[37,0,-80,[22]]],[0,"cbcESJwbpAQYtmTWOkrrwF",1,0],[5,760,335]],[1,"recruitImg29",5,[[3,-81,[25],26]],[0,"bbdtDDn49DtJN5WhMqMNvz",1,0],[5,33,33],[17,19,0,0,0,0,1,1,1,1]],[1,"recruitImg29",6,[[3,-82,[31],32]],[0,"13jCnnGH1J0JbKodCNeFIL",1,0],[5,33,33],[17,19,0,0,0,0,1,1,1,1]],[1,"recruitImg29",7,[[3,-83,[37],38]],[0,"b5+exRDdlG4rLQ/6688SJD",1,0],[5,33,33],[17,19,0,0,0,0,1,1,1,1]],[1,"recruitImg29",8,[[3,-84,[43],44]],[0,"7bu+JAuVxE/5Y1FenvJnjw",1,0],[5,33,33],[17,19,0,0,0,0,1,1,1,1]],[1,"recruitImg29",9,[[3,-85,[49],50]],[0,"8511ITSYhPObislSl0cRvf",1,0],[5,33,33],[17,19,0,0,0,0,1,1,1,1]],[24,"txt",11,[[-86,[9,2,-87,[4,4278208621]]],1,4],[0,"0bGG/eWTRIw5rSmml1y4kz",1,0],[4,4284081919],[5,174,54.4],[100,0,0,0,0,0,1,1,1,1]],[1,"rank_grass",2,[[10,0,-88,[2],3]],[0,"b6gv7Uw+5K/qGLVSLG6JvE",1,0],[5,800,46],[0,313.348,0,0,0,0,1,1,1,1]],[1,"common_board",2,[[2,1,0,false,-89,[4],5]],[0,"19/JuQlb5PAYsVppqHxHTw",1,0],[5,800,590],[0,15.913,0,0,0,0,1,1,1,1]],[1,"common_bg",2,[[2,1,0,false,-90,[6],7]],[0,"2cdY4YBVNJ54Wg0zYgI6Za",1,0],[5,770,495],[0,-8.285,0,0,0,0,1,1,1,1]],[21,"t_top",false,4,[[3,-91,[10],11]],[0,"edOubEw19O6L6MaWNb+b5Q",1,0],[5,260,55],[-212.799,33.38,0,0,0,0,1,1,1,1]],[34,"0",23,25,false,1,16,[16]],[30,4,[17]],[5,"txt",5,[[8,"大战蜘蛛女",34,false,1,1,-92,[23],24]],[0,"620IwbViNKKJKHwaO0jeL/",1,0],[4,4278654518],[5,170,50.4],[100,0,0,0,0,0,1,1,1,1]],[5,"txt",6,[[8,"三打白骨精",34,false,1,1,-93,[29],30]],[0,"7alJrh79tOzIPdxG21Tnbe",1,0],[4,4278654518],[5,170,50.4],[100,0,0,0,0,0,1,1,1,1]],[5,"txt",7,[[8,"真假雷音寺",34,false,1,1,-94,[35],36]],[0,"32R2r9KulMOIPT134TSBxw",1,0],[4,4278654518],[5,170,50.4],[100,0,0,0,0,0,1,1,1,1]],[5,"txt",8,[[8,"智取红孩儿",34,false,1,1,-95,[41],42]],[0,"efIP68WcJKLI439H8uvZQS",1,0],[4,4278654518],[5,170,50.4],[100,0,0,0,0,0,1,1,1,1]],[5,"txt",9,[[8,"力降牛魔王",34,false,1,1,-96,[47],48]],[0,"3c3IWKtEhNU7k+OidRC911",1,0],[4,4278654518],[5,170,50.4],[100,0,0,0,0,0,1,1,1,1]],[35,"大战蜘蛛女",34,false,1,1,25,[53]],[1,"rank_arrow",11,[[3,-97,[54],55]],[0,"69TG+BfgxPoqVk1nmVeSkG",1,0],[5,21,35],[193,0,0,0,0,0,1,1,1,1]]],0,[0,4,1,0,0,1,0,0,1,0,5,24,0,6,23,0,7,22,0,8,21,0,9,20,0,10,37,0,11,11,0,-1,5,0,-2,6,0,-3,7,0,-4,8,0,-5,9,0,12,31,0,13,10,0,14,30,0,0,1,0,-1,12,0,-2,2,0,-1,26,0,-2,27,0,-3,28,0,-4,13,0,-5,4,0,-6,17,0,-7,18,0,-8,3,0,-1,5,0,-2,6,0,-3,7,0,-4,8,0,-5,9,0,-6,11,0,-1,31,0,-1,29,0,-2,14,0,-3,15,0,-4,16,0,0,5,0,0,5,0,-1,32,0,-2,20,0,0,6,0,0,6,0,-1,33,0,-2,21,0,0,7,0,0,7,0,-1,34,0,-2,22,0,0,8,0,0,8,0,-1,35,0,-2,23,0,0,9,0,0,9,0,-1,36,0,-2,24,0,0,10,0,0,10,0,0,11,0,-1,25,0,-2,38,0,0,12,0,0,12,0,0,13,0,0,13,0,0,14,0,0,14,0,0,15,0,0,15,0,-1,30,0,0,16,0,0,17,0,0,17,0,0,18,0,-1,19,0,0,19,0,0,20,0,0,21,0,0,22,0,0,23,0,0,24,0,-1,37,0,0,25,0,0,26,0,0,27,0,0,28,0,0,29,0,0,32,0,0,33,0,0,34,0,0,35,0,0,36,0,0,38,0,15,1,10,16,19,97],[0,0,0,0,0,0,0,0,0,0,0,0,0,0,0,0,0,0,0,0,0,0,0,0,0,0,0,0,0,0,0,0,0,0,0,0,0,0,0,0,0,0,0,0,0,0,0,0,0,0,0,0,0,0,0,0,0,0,0,0,0,0,0,0,30,31,37],[-1,1,-1,1,-1,1,-1,1,-1,1,-1,1,-1,2,-1,2,-1,-1,-1,2,-1,1,-1,-1,2,-1,1,-1,1,-1,2,-1,1,-1,1,-1,2,-1,1,-1,1,-1,2,-1,1,-1,1,-1,2,-1,1,-1,1,-1,-1,1,-1,1,17,-1,-2,-3,-4,-5,2,1,2],[0,6,0,7,0,8,0,9,0,10,0,11,0,1,0,1,0,0,0,1,0,12,0,0,1,0,3,0,4,0,1,0,3,0,4,0,1,0,3,0,4,0,1,0,3,0,4,0,1,0,3,0,4,0,0,13,0,14,15,5,16,17,18,19,1,5,1]]]]