[1,["ecpdLyjvZBwrvm+cedCcQy","eeDrguTHxLd72PhCp10iFw","7a/QZLET9IDreTiBfRn2PD","e85aLEeipEqbh/pVgqaJo3","50E8PjseZNEKHSoXHav3Gn","e0U6+XSUZHM73UbipK44iP","7aKVSYjxdIO5IIx2FT60fw","79zflKT7hAHLSHY5IyW6uX","caohSHbS5GEIzmwCrnMGn5","1e70b2473"],["node","_spriteFrame","root","propSpr","hasGet2","hasGet1","propAmountLab","proIcon","propAni","data","_N$skeletonData","_N$file","_textureSetter"],[["cc.Sprite",["_sizeMode","node","_materials","_spriteFrame"],2,1,3,6],["cc.Node",["_name","_components","_prefab","_contentSize","_trs","_children","_parent"],2,12,4,5,7,2,1],["cc.Node",["_name","_parent","_components","_prefab","_trs","_contentSize"],2,1,2,4,7,5],["cc.Node",["_name","_opacity","_parent","_components","_prefab","_contentSize","_trs"],1,1,9,4,5,7],["cc.PrefabInfo",["fileId","root","asset"],2,1,1],"cc.SpriteFrame",["cc.Prefab",["_name"],2],["0e4b5/YGkpFTbypTrSOi+FN",["node","propAni","proIcon","propAmountLab","hasGet1","hasGet2","propSpr","spriArr"],3,1,1,1,1,1,1,1,3],["cc.LabelOutline",["_width","node","_color"],2,1,5],["sp.Skeleton",["defaultSkin","defaultAnimation","_preCacheMode","_animationName","node","_materials"],-1,1,3],["261d4+Q1HdGA5w3tjdBw83c",["node","spineAnimation"],3,1,1],["cc.Label",["_string","_fontSize","_lineHeight","_isSystemFontUsed","_N$horizontalAlign","_N$verticalAlign","node","_materials"],-3,1,3]],[[4,0,1,2,2],[0,1,2,1],[6,0,2],[1,0,5,1,2,3,4,2],[1,0,6,1,2,3,4,2],[2,0,1,2,3,4,2],[2,0,1,2,3,5,4,2],[3,0,1,2,3,4,5,3],[3,0,2,3,4,5,6,2],[7,0,1,2,3,4,5,6,7,1],[4,1,2,1],[8,0,1,2,2],[0,0,1,2,3,2],[0,1,2,3,1],[9,0,1,2,3,4,5,5],[10,0,1,1],[11,0,1,2,3,4,5,6,7,7]],[[[[2,"recruitDrawItem"],[3,"recruitDrawItem",[-10,-11,-12,-13,-14],[[-2,[9,-9,-8,-7,-6,-5,-4,-3,[8,9]]],1,4],[10,-1,0],[5,78,78],[-315,165,0,0,0,0,1,1,1,1]],[5,"27FX_ui",1,[-15,-16],[0,"79/338dDVAeaZz8lo5UV1H",1,0],[0,0,0,0,0,0,1,0.5,0.5,1]],[4,"amount",1,[[-17,[11,2,-18,[4,4278190080]]],1,4],[0,"5evKXnDY5HzqPuEWyZwd1o",1,0],[5,31.68,29.2],[0,-28,0,0,0,0,1,1,1,1]],[7,"slot_mask",140,1,[[12,0,-19,[3],4]],[0,"8euj97bDVA2IlayD87xP4X",1,0],[5,78,78]],[8,"select",1,[[13,-20,[5],6]],[0,"3fvUZmqRhCJbvQ0zSUqdfg",1,0],[5,85,72],[0,0,0,0,0,0,1,0.7,0.7,0.7]],[14,"default","1ui_1",0,"1ui_1",2,[0]],[15,2,6],[6,"chocolate",1,[-21],[0,"83uVh8xC9LMKy8USsWnUDY",1,0],[5,72,86],[0,0,0,0,0,0,1,0.5,0.5,1]],[1,8,[1]],[16,"X2",20,20,false,1,1,3,[2]],[1,1,[7]]],0,[0,2,1,0,-1,11,0,3,11,0,4,5,0,5,4,0,6,10,0,7,9,0,8,7,0,0,1,0,-1,2,0,-2,8,0,-3,3,0,-4,4,0,-5,5,0,-1,6,0,-2,7,0,-1,10,0,0,3,0,0,4,0,0,5,0,-1,9,0,9,1,21],[0,0,0,0,0,0,0,0,0,0,6,9,10,11],[-1,-1,-1,-1,1,-1,1,-1,-1,-2,10,1,11,1],[2,0,0,0,3,0,4,0,5,1,6,7,8,1]],[[{"name":"club_propnormal","rect":[579,148,78,78],"offset":[0,0],"originalSize":[78,78],"capInsets":[0,0,0,0]}],[5],0,[0],[12],[9]]]]