[1,["ecpdLyjvZBwrvm+cedCcQy","baP8PFBzFEA7zD8n34U8ht","172ca2c9c","68B42QJw9IJ48PM7RPnnsB","46loJEDWhPr7sd4mVg+ojL","e6M1E6cxJGbrtuivfq3+n1","5d/4Ma7qhMpqz4L9YewWEv","17a184afe"],["node","_textureSetter","_spriteFrame","root","oilGroundConslope","oilGroundSlope","iceGround2","iceGround","data","poolPrefab"],[["cc.Node",["_name","_active","_components","_prefab","_parent","_contentSize","_anchorPoint","_children","_trs"],1,9,4,1,5,5,2,7],"cc.SpriteFrame",["cc.PrefabInfo",["fileId","root","asset"],2,1,1],["cc.Sprite",["_type","_sizeMode","_isTrimmedMode","node","_materials","_spriteFrame"],0,1,3,6],["cc.Prefab",["_name"],2],["b6d09eU8vpEEqYlH++7vryG",["node","iceGround","iceGround2","oilGroundSlope","oilGroundConslope","poolPrefab"],3,1,1,1,1,1,6],["cc.Mask",["node","_materials"],3,1,3]],[[2,0,1,2,2],[3,3,4,5,1],[4,0,2],[0,0,7,2,3,2],[0,0,4,7,2,3,5,6,2],[0,0,1,4,2,3,5,6,3],[0,0,4,2,3,5,8,2],[0,0,4,2,3,5,6,8,2],[5,0,1,2,3,4,5,1],[2,1,2,1],[6,0,1,1],[3,0,1,2,3,4,5,4]],[[[{"name":"oilGround3","rect":[0,0,1397,278],"offset":[0,0],"originalSize":[1397,278],"capInsets":[0,0,0,0]}],[1],0,[0],[1],[1]],[[{"name":"OilGround1","rect":[3,89,203,99],"offset":[0,0],"originalSize":[203,99],"capInsets":[0,0,0,0]}],[1],0,[0],[1],[2]],[[[2,"OilGround"],[3,"OilGround",[-7,-8],[[8,-6,-5,-4,-3,-2,7]],[9,-1,0]],[4,"mask",1,[-10,-11],[[10,-9,[4]]],[0,"a1Xt94ut1PC5f+lYLV3BIH",1,0],[5,1500,500],[0,1,0.5]],[5,"OilGround1",false,2,[[11,2,0,false,-12,[0],1]],[0,"ecw9gDnOBPLYUni+Ev/Fdo",1,0],[5,2000,98],[0,1,0]],[6,"oilGround3",2,[[1,-13,[2],3]],[0,"7dyCZEt8RHk4mAHbBsEmAt",1,0],[5,1397,278],[-740,-39.784,0,0,0,0,1,1,1,1]],[7,"OilGround2",1,[[1,-14,[5],6]],[0,"26XDEKJltNP5dsyNW/2Xzj",1,0],[5,35,98],[0,0.5,0],[-100,0,0,0,0,0,1,1,1,1]]],0,[0,3,1,0,4,3,0,5,4,0,6,5,0,7,2,0,0,1,0,-1,2,0,-2,5,0,0,2,0,-1,3,0,-2,4,0,0,3,0,0,4,0,0,5,0,8,1,14],[0,0,0,0,0,0,0,0],[-1,2,-1,2,-1,-1,2,9],[0,3,0,4,0,0,5,6]],[[{"name":"OilGround2","rect":[210,983,35,98],"offset":[0,0],"originalSize":[35,98],"rotated":1,"capInsets":[0,0,0,0]}],[1],0,[0],[1],[7]]]]