{"paths":{},"types":[],"uuids":["2dL3kvpAxJu6GJ7RdqJG5J","27Si2dQvpJqpIQ4TsY79Am","5f4olSL3FOfoiE5jB1MWYI","6aoKpq6+5BVaCIpoemqt7E","ecpdLyjvZBwrvm+cedCcQy","41D7kWhyFGY7q4NDlzkazn","31vIlawANFZqnzLlSuHBfc","6c4suFwQpNQbg80/iG7Tvd","5dxeCBrPdDKpnNer4LjTJF","4djNC+kIFM5KOUvG1iaLRB","bct/ggQdZI56v41s+xKzVE","b8DWWx50xIzKu7Q2ySEcxC","59OdwnEOdEk4l8LqSvteGT","32DkXhLFhASLwP3H4sw6eu","eeQH+g7J9HmI6IK/dy0k81","07XPPGRsFC7orZmjPWC+wi","f19MFXfF9AgJgilTT4hqUt","6cuxhEMiNBQZme/r8DCVtp","darZDM9ONMKawNNs2WV/0T","47XQShEgNAr70hPvUjutDe","26DhoZolBGtLH6GkX3vgiN","a4pyTM8QNBLq2xj6VncLvw","4aqSZKvkxHG5qdbond9NY0","1dIeryGONHxrNF1KvSFTwG","5fDoo599tMgZPtQPXZqYoR","45rO4N2tdFwoPJQF84aPjF","f7bLvZlwVC/bQsP11KZ3Hl","5cwRN1QxhMMbUn6X8Fyfcb","855mQ5TRpBwpw9NXSAlFxM","8fTlsV/rtCV7TmuFBJbUMi","0a+pdV2DpLK7kTq3XBeJV6"],"scenes":{"db://assets/Scene/helloworld.fire":0,"db://assets/Scene/LoadingScene.fire":1,"db://assets/Scene/MainScene.fire":2},"redirect":[4,0,5,1,7,1,8,1,9,1,10,1,11,1,12,1,13,1,15,1,16,1,17,1,18,1,19,1,20,1,21,1,22,1,23,1,24,1,25,1,26,1,27,1,28,1,29,1,30,1],"deps":["internal","resources"],"packs":{"05a04532b":[0,6],"024e4d3e9":[2,14]},"name":"main","importBase":"import","nativeBase":"native","debug":false,"isZip":false,"encrypted":false,"versions":{"import":["024e4d3e9","7117b","05a04532b","dfb32",1,"fc44d",3,"7871f"],"native":[3,"55ea4"]}}