[1,["ecpdLyjvZBwrvm+cedCcQy","79SZs4ASxE6qeMdS1WHePi","722UDkmwJPhIQ5fPyZteGr","0dHHV7SrhJV43bfucoj53Z","9aPkP25WhGi4MGAbpTfc3c","ef6Ao1pwRPfqPESDhjtOIy","9b2fKEtF1KJKPOakaa0Vx1","560IHTT6lDwodWl40V1Wpl","42ssged2RMHZDxVIFl2nEt"],["node","_textureSetter","_spriteFrame","root","bg1","bg","shooter","star","startParent","ani","data"],[["cc.Node",["_name","_active","_prefab","_components","_contentSize","_parent","_trs","_color","_children"],1,4,9,5,1,7,5,2],"cc.SpriteFrame",["cc.PrefabInfo",["fileId","root"],2,1],["cc.Sprite",["_sizeMode","_type","node","_materials","_spriteFrame"],1,1,3,6],["cc.Prefab",["_name"],2],["cc.Node",["_name","_parent","_components","_prefab","_contentSize","_trs"],2,1,2,4,5,7],["bb74dfASS1JJ7eIiwqFw2Ym",["node","ani","startParent","star","shooter","bg","bg1"],3,1,1,1,1,1,1,1],["cc.Layout",["_resize","_N$layoutType","_N$paddingLeft","_N$paddingRight","node","_layoutSize"],-1,1,5],["dragonBones.ArmatureDisplay",["_armatureName","_preCacheMode","_armatureKey","node","_materials"],0,1,3],["cc.Label",["_fontSize","_N$horizontalAlign","_N$verticalAlign","node","_materials"],0,1,3]],[[2,0,1,2],[3,0,2,3,4,2],[4,0,2],[0,0,8,3,2,4,2],[0,0,5,3,2,4,6,2],[0,0,5,3,2,7,4,2],[0,0,5,3,2,4,2],[0,0,1,5,3,2,4,6,3],[0,0,5,3,2,7,4,6,2],[0,0,5,2,6,2],[5,0,1,2,3,4,5,2],[6,0,1,2,3,4,5,6,1],[2,1,1],[3,1,0,2,3,4,3],[7,0,1,2,3,4,5,5],[8,0,1,2,3,4,4],[9,0,1,2,3,4,4]],[[[{"name":"lvkuang21","rect":[0,0,83,84],"offset":[0,0],"originalSize":[83,84],"capInsets":[0,0,0,0]}],[1],0,[0],[1],[1]],[[[2,"plant"],[3,"plant",[-9,-10,-11,-12,-13,-14,-15],[[11,-8,-7,-6,-5,-4,-3,-2]],[12,-1],[5,79.5,87.04]],[4,"singleColor",1,[[13,1,0,-16,[7],8],[14,1,1,10,10,-17,[5,41,21]]],[0,"7fbDTVlO1GHLlre5CpHAVy",1],[5,41,21],[0,-37,0,0,0,0,1,1,1,1]],[5,"bg",1,[[1,0,-18,[0],1]],[0,"54xU3DlzRLMJ84ciI9GGR2",1],[4,4278190335],[5,90,89]],[6,"bgkuang1",1,[[1,0,-19,[2],3]],[0,"b1AmxHbatEFoUabtVZCGGV",1],[5,90,89]],[7,"a008",false,1,[[1,0,-20,[5],6]],[0,"10wFJ6K9lDQKgwQsRCzPjZ",1],[5,11,9],[0,-47.685,0,0,0,0,1,1,1,1]],[10,"ani",1,[-21],[0,"42rZ/L1XlOVIVaevv1LDBn",1],[5,88.22,89.48],[0,-19.636,0,0,0,0,1,1,1,1]],[15,"Armature",0,"c1ad9c02-7209-4575-99fd-1a7c4c32521e#ee719d98-e184-4334-89d1-cc9cb486811f",6,[4]],[8,"lvLb",1,[[16,25,1,1,-22,[9]]],[0,"eebKSY5IJOObLJsEQ96qge",1],[4,4278255406],[5,0,50.4],[0.607,-6.678,0,0,0,0,1,1,1,1]],[9,"shooter",1,[0,"34uTE8UKRLuZx7HZQmtQtF",1],[37.962,25.431,0,0,0,0,1,1,1,1]]],0,[0,3,1,0,4,4,0,5,3,0,6,9,0,7,5,0,8,2,0,9,7,0,0,1,0,-1,3,0,-2,4,0,-3,6,0,-4,5,0,-5,2,0,-6,8,0,-7,9,0,0,2,0,0,2,0,0,3,0,0,4,0,0,5,0,-1,7,0,0,8,0,10,1,22],[0,0,0,0,0,0,0,0,0,0],[-1,2,-1,2,-1,-1,2,-1,2,-1],[0,2,0,3,0,0,4,0,5,0]],[[{"name":"lvkuang31","rect":[0,0,95,95],"offset":[0,0],"originalSize":[95,95],"capInsets":[0,0,0,0]}],[1],0,[0],[1],[6]],[[{"name":"a028","rect":[0,0,11,9],"offset":[0,0],"originalSize":[11,9],"capInsets":[0,0,0,0]}],[1],0,[0],[1],[7]],[[{"name":"a029","rect":[0,0,27,21],"offset":[0,0],"originalSize":[27,21],"capInsets":[11,0,11,0]}],[1],0,[0],[1],[8]]]]