[1,["ecpdLyjvZBwrvm+cedCcQy","0a+pdV2DpLK7kTq3XBeJV6","b8DWWx50xIzKu7Q2ySEcxC","59OdwnEOdEk4l8LqSvteGT"],["node","root","ani","data","_texture","_N$dragonAsset","_N$dragonAtlasAsset"],[["cc.Node",["_name","_groupIndex","_opacity","_components","_prefab","_children","_contentSize","_parent"],0,9,4,2,5,1],["cc.PrefabInfo",["fileId","root"],2,1],["cc.Prefab",["_name"],2],["cc.Node",["_name","_parent","_components","_prefab","_contentSize"],2,1,2,4,5],["84fefMOmP1MSZmHbZ6vOaBI",["node","ani"],3,1,1],["cc.CircleCollider",["_radius","node"],2,1],["cc.MotionStreak",["_enabled","_fadeTime","_stroke","node","_materials","_texture"],0,1,3,6],["dragonBones.ArmatureDisplay",["_armatureName","_animationName","_preCacheMode","_armatureKey","node","_materials"],-1,1,3],["dragonBones.DragonBonesAsset",["_name","_dragonBonesJson"],1]],[[1,0,1,2],[2,0,2],[0,0,1,5,3,4,6,3],[0,0,2,1,7,3,4,4],[3,0,1,2,3,4,2],[4,0,1,1],[5,0,1,2],[1,1,1],[6,0,1,2,3,4,5,4],[7,0,1,2,3,4,5,5],[8,0,1,3]],[[[[1,"bullet"],[2,"bullet",1,[-5,-6],[[5,-3,-2],[6,25,-4]],[7,-1],[5,60,62]],[3,"New Node",100,1,1,[[8,false,0.2,16,-7,[0],1]],[0,"d5lm8OnONKaIvUV6m3Boqe",1]],[4,"ani",1,[-8],[0,"11fQIPtbpOIZdqYeHCevnq",1],[5,43,43]],[9,"02_juanxincai","newAnimation",0,"b80d65b1-e74c-48cc-abbb-436c9211cc42#5939dc27-10e7-4493-897c-2ea4afb5e193",3,[2]]],0,[0,1,1,0,2,4,0,0,1,0,0,1,0,-1,2,0,-2,3,0,0,2,0,-1,4,0,3,1,8],[0,0,0,4,4],[-1,4,-1,5,6],[0,1,0,2,3]],[[[10,"zidan_ske","{\"armature\":[{\"animation\":[{\"bone\":[{\"frame\":[{\"duration\":0,\"transform\":{}}],\"name\":\"root\"},{\"frame\":[{\"duration\":0,\"transform\":{}}],\"name\":\"yangguang\"}],\"ffd\":[],\"duration\":0,\"playTimes\":0,\"frame\":[],\"slot\":[],\"name\":\"newAnimation\",\"ik\":[]}],\"aabb\":{\"width\":56.5,\"y\":-28.75,\"height\":57.5,\"x\":-28.25},\"skin\":[{\"name\":\"\",\"slot\":[{\"display\":[{\"path\":\"yangguang\",\"type\":\"image\",\"name\":\"yangguang\",\"transform\":{}}],\"name\":\"yangguang\"}]}],\"type\":\"Armature\",\"name\":\"00_xiangrikui\",\"defaultActions\":[{\"gotoAndPlay\":\"newAnimation\"}],\"bone\":[{\"name\":\"root\",\"transform\":{}},{\"transform\":{},\"name\":\"yangguang\",\"parent\":\"root\"}],\"slot\":[{\"name\":\"yangguang\",\"parent\":\"yangguang\",\"color\":{}}],\"frameRate\":24,\"ik\":[]},{\"animation\":[{\"bone\":[{\"frame\":[{\"duration\":0,\"transform\":{}}],\"name\":\"root\"},{\"frame\":[{\"duration\":0,\"transform\":{}}],\"name\":\"yangguang\"}],\"ffd\":[],\"duration\":0,\"playTimes\":0,\"frame\":[],\"slot\":[],\"name\":\"newAnimation\",\"ik\":[]}],\"aabb\":{\"width\":28,\"y\":-13,\"height\":26,\"x\":-14},\"skin\":[{\"name\":\"\",\"slot\":[{\"display\":[{\"path\":\"wandouzidan\",\"type\":\"image\",\"name\":\"yangguang\",\"transform\":{}}],\"name\":\"yangguang\"}]}],\"type\":\"Armature\",\"name\":\"01_wandousheshou\",\"defaultActions\":[{\"gotoAndPlay\":\"newAnimation\"}],\"bone\":[{\"name\":\"root\",\"transform\":{}},{\"transform\":{},\"name\":\"yangguang\",\"parent\":\"root\"}],\"slot\":[{\"name\":\"yangguang\",\"parent\":\"yangguang\",\"color\":{}}],\"frameRate\":24,\"ik\":[]},{\"animation\":[{\"bone\":[{\"frame\":[{\"duration\":12,\"transform\":{}}],\"name\":\"root\"},{\"frame\":[{\"tweenEasing\":0,\"duration\":12,\"transform\":{},\"tweenRotate\":2},{\"duration\":0,\"transform\":{}}],\"name\":\"yangguang\"}],\"ffd\":[],\"duration\":12,\"playTimes\":0,\"frame\":[],\"slot\":[],\"name\":\"newAnimation\",\"ik\":[]}],\"aabb\":{\"width\":43,\"y\":-21.5,\"height\":43,\"x\":-21.5},\"skin\":[{\"name\":\"\",\"slot\":[{\"display\":[{\"path\":\"03juanxincai\",\"type\":\"image\",\"name\":\"yangguang\",\"transform\":{}}],\"name\":\"yangguang\"}]}],\"type\":\"Armature\",\"name\":\"02_juanxincai\",\"defaultActions\":[{\"gotoAndPlay\":\"newAnimation\"}],\"bone\":[{\"name\":\"root\",\"transform\":{}},{\"transform\":{\"scX\":0.8,\"scY\":0.8},\"name\":\"yangguang\",\"parent\":\"root\"}],\"slot\":[{\"name\":\"yangguang\",\"parent\":\"yangguang\",\"color\":{}}],\"frameRate\":24,\"ik\":[]},{\"animation\":[{\"bone\":[{\"frame\":[{\"duration\":0,\"transform\":{}}],\"name\":\"root\"},{\"frame\":[{\"duration\":0,\"transform\":{}}],\"name\":\"yangguang\"}],\"ffd\":[],\"duration\":0,\"playTimes\":0,\"frame\":[],\"slot\":[],\"name\":\"newAnimation\",\"ik\":[]}],\"aabb\":{\"width\":22,\"y\":-6.25,\"height\":12.5,\"x\":-4.394083531973902},\"skin\":[{\"name\":\"\",\"slot\":[{\"display\":[{\"path\":\"maoweicaozidan\",\"type\":\"image\",\"name\":\"yangguang\",\"transform\":{\"x\":6.6059}}],\"name\":\"yangguang\"}]}],\"type\":\"Armature\",\"name\":\"03_maoweicao\",\"defaultActions\":[{\"gotoAndPlay\":\"newAnimation\"}],\"bone\":[{\"name\":\"root\",\"transform\":{}},{\"transform\":{},\"name\":\"yangguang\",\"parent\":\"root\"}],\"slot\":[{\"name\":\"yangguang\",\"parent\":\"yangguang\",\"color\":{}}],\"frameRate\":24,\"ik\":[]},{\"animation\":[{\"bone\":[{\"frame\":[{\"duration\":12,\"transform\":{}}],\"name\":\"root\"},{\"frame\":[{\"tweenEasing\":0,\"duration\":12,\"transform\":{},\"tweenRotate\":2},{\"duration\":0,\"transform\":{}}],\"name\":\"yangguang\"}],\"ffd\":[],\"duration\":12,\"playTimes\":0,\"frame\":[],\"slot\":[],\"name\":\"newAnimation\",\"ik\":[]}],\"aabb\":{\"width\":45,\"y\":-22.5,\"height\":45,\"x\":-22.5},\"skin\":[{\"name\":\"\",\"slot\":[{\"display\":[{\"path\":\"04xigua\",\"type\":\"image\",\"name\":\"yangguang\",\"transform\":{\"skY\":-63.4114,\"skX\":-63.4114}}],\"name\":\"yangguang\"}]}],\"type\":\"Armature\",\"name\":\"04_xiguatoushou\",\"defaultActions\":[{\"gotoAndPlay\":\"newAnimation\"}],\"bone\":[{\"name\":\"root\",\"transform\":{}},{\"transform\":{},\"name\":\"yangguang\",\"parent\":\"root\"}],\"slot\":[{\"name\":\"yangguang\",\"parent\":\"yangguang\",\"color\":{}}],\"frameRate\":24,\"ik\":[]},{\"animation\":[{\"bone\":[{\"frame\":[{\"duration\":0,\"transform\":{}}],\"name\":\"root\"},{\"frame\":[{\"duration\":0,\"transform\":{}}],\"name\":\"hanbing\"}],\"ffd\":[],\"duration\":0,\"playTimes\":0,\"frame\":[],\"slot\":[],\"name\":\"newAnimation\",\"ik\":[]}],\"aabb\":{\"width\":48,\"y\":-15.5,\"height\":31,\"x\":-29.63680770533326},\"skin\":[{\"name\":\"\",\"slot\":[{\"display\":[{\"path\":\"hanbing\",\"type\":\"image\",\"name\":\"hanbing\",\"transform\":{\"x\":-7.046}}],\"name\":\"hanbing\"}]}],\"type\":\"Armature\",\"name\":\"05_hanbingsheshou\",\"defaultActions\":[{\"gotoAndPlay\":\"newAnimation\"}],\"bone\":[{\"name\":\"root\",\"transform\":{}},{\"transform\":{\"scX\":0.8,\"scY\":0.8},\"name\":\"hanbing\",\"parent\":\"root\"}],\"slot\":[{\"name\":\"hanbing\",\"parent\":\"hanbing\",\"color\":{}}],\"frameRate\":24,\"ik\":[]},{\"animation\":[{\"bone\":[{\"frame\":[{\"duration\":5,\"transform\":{}}],\"name\":\"root\"},{\"frame\":[{\"duration\":5,\"transform\":{}}],\"name\":\"1\"}],\"ffd\":[],\"duration\":5,\"playTimes\":0,\"frame\":[],\"slot\":[{\"frame\":[{\"tweenEasing\":null,\"duration\":1},{\"displayIndex\":2,\"tweenEasing\":null,\"duration\":1},{\"displayIndex\":3,\"tweenEasing\":null,\"duration\":1},{\"displayIndex\":4,\"tweenEasing\":null,\"duration\":1},{\"displayIndex\":1,\"tweenEasing\":null,\"duration\":1},{\"tweenEasing\":null,\"duration\":0}],\"name\":\"1\"}],\"name\":\"newAnimation\",\"ik\":[]}],\"aabb\":{\"width\":56.5,\"y\":-16.100000000000076,\"height\":33.5,\"x\":-55.57003311258278},\"skin\":[{\"name\":\"\",\"slot\":[{\"display\":[{\"path\":\"huoyanzidan/1\",\"type\":\"image\",\"name\":\"huoyanzidan/1\",\"transform\":{\"skY\":179.4005,\"y\":-0.78675,\"skX\":179.4005,\"x\":13.0675}},{\"path\":\"huoyanzidan/2\",\"type\":\"image\",\"name\":\"huoyanzidan/2\",\"transform\":{\"skY\":179.4005,\"y\":-1.04835,\"skX\":179.4005,\"x\":14.1748}},{\"path\":\"huoyanzidan/3\",\"type\":\"image\",\"name\":\"huoyanzidan/3\",\"transform\":{\"skY\":179.4005,\"y\":-0.59725,\"skX\":179.4005,\"x\":14.0695}},{\"path\":\"huoyanzidan/4\",\"type\":\"image\",\"name\":\"huoyanzidan/4\",\"transform\":{\"skY\":179.4005,\"y\":-0.61725,\"skX\":179.4005,\"x\":14.0693}},{\"path\":\"huoyanzidan/5\",\"type\":\"image\",\"name\":\"huoyanzidan/5\",\"transform\":{\"skY\":179.4005,\"y\":-0.79725,\"skX\":179.4005,\"x\":14.06745}}],\"name\":\"1\"}]}],\"type\":\"Armature\",\"name\":\"06_huoyansheshou\",\"defaultActions\":[{\"gotoAndPlay\":\"newAnimation\"}],\"bone\":[{\"name\":\"root\",\"transform\":{}},{\"length\":33,\"transform\":{\"skY\":-179.4005,\"y\":-0.65,\"scX\":2,\"scY\":2,\"skX\":-179.4005,\"x\":0.82995},\"parent\":\"root\",\"name\":\"1\"}],\"slot\":[{\"displayIndex\":4,\"name\":\"1\",\"parent\":\"1\",\"color\":{}}],\"frameRate\":24,\"ik\":[]},{\"animation\":[{\"bone\":[{\"frame\":[{\"duration\":4,\"transform\":{}}],\"name\":\"root\"},{\"frame\":[{\"duration\":4,\"transform\":{}}],\"name\":\"h00\"}],\"ffd\":[],\"duration\":4,\"playTimes\":0,\"frame\":[],\"slot\":[{\"frame\":[{\"tweenEasing\":null,\"duration\":1},{\"displayIndex\":3,\"tweenEasing\":null,\"duration\":1},{\"displayIndex\":2,\"tweenEasing\":null,\"duration\":1},{\"displayIndex\":1,\"tweenEasing\":null,\"duration\":1},{\"tweenEasing\":null,\"duration\":0}],\"name\":\"h00\"}],\"name\":\"newAnimation\",\"ik\":[]}],\"aabb\":{\"width\":50,\"y\":-10,\"height\":20,\"x\":-25},\"skin\":[{\"name\":\"\",\"slot\":[{\"display\":[{\"path\":\"huixuan/h00\",\"type\":\"image\",\"name\":\"huixuan/h00\",\"transform\":{}},{\"path\":\"huixuan/h03\",\"type\":\"image\",\"name\":\"huixuan/h03\",\"transform\":{}},{\"path\":\"huixuan/h02\",\"type\":\"image\",\"name\":\"huixuan/h02\",\"transform\":{}},{\"path\":\"huixuan/h01\",\"type\":\"image\",\"name\":\"huixuan/h01\",\"transform\":{}}],\"name\":\"h00\"}]}],\"type\":\"Armature\",\"name\":\"09_huixuanbiao\",\"defaultActions\":[{\"gotoAndPlay\":\"newAnimation\"}],\"bone\":[{\"name\":\"root\",\"transform\":{}},{\"transform\":{\"scX\":1.5,\"scY\":1.5},\"name\":\"h00\",\"parent\":\"root\"}],\"slot\":[{\"name\":\"h00\",\"parent\":\"h00\",\"color\":{}}],\"frameRate\":24,\"ik\":[]},{\"animation\":[{\"bone\":[{\"frame\":[{\"duration\":0,\"transform\":{}}],\"name\":\"root\"},{\"frame\":[{\"duration\":0,\"transform\":{\"scX\":0.8,\"scY\":0.6}}],\"name\":\"yangguang\"}],\"ffd\":[],\"duration\":0,\"playTimes\":0,\"frame\":[],\"slot\":[],\"name\":\"newAnimation\",\"ik\":[]}],\"aabb\":{\"width\":50,\"y\":-25,\"height\":50,\"x\":-25},\"skin\":[{\"name\":\"\",\"slot\":[{\"display\":[{\"path\":\"qipao\",\"type\":\"image\",\"name\":\"yangguang\",\"transform\":{}}],\"name\":\"yangguang\"}]}],\"type\":\"Armature\",\"name\":\"08_dapengu\",\"defaultActions\":[{\"gotoAndPlay\":\"newAnimation\"}],\"bone\":[{\"name\":\"root\",\"transform\":{}},{\"transform\":{},\"name\":\"yangguang\",\"parent\":\"root\"}],\"slot\":[{\"name\":\"yangguang\",\"parent\":\"yangguang\",\"color\":{}}],\"frameRate\":24,\"ik\":[]},{\"animation\":[{\"bone\":[{\"frame\":[{\"duration\":0,\"transform\":{}}],\"name\":\"root\"},{\"frame\":[{\"duration\":0,\"transform\":{}}],\"name\":\"yangguang\"}],\"ffd\":[],\"duration\":0,\"playTimes\":0,\"frame\":[],\"slot\":[],\"name\":\"newAnimation\",\"ik\":[]}],\"aabb\":{\"width\":59,\"y\":-14.340895437814979,\"height\":28.5,\"x\":-46.0082000477513},\"skin\":[{\"name\":\"\",\"slot\":[{\"display\":[{\"path\":\"0\",\"type\":\"image\",\"name\":\"yangguang\",\"transform\":{\"y\":-0.0909,\"x\":-16.5082}}],\"name\":\"yangguang\"}]}],\"type\":\"Armature\",\"name\":\"07_caiwen\",\"defaultActions\":[{\"gotoAndPlay\":\"newAnimation\"}],\"bone\":[{\"name\":\"root\",\"transform\":{}},{\"transform\":{},\"name\":\"yangguang\",\"parent\":\"root\"}],\"slot\":[{\"name\":\"yangguang\",\"parent\":\"yangguang\",\"color\":{}}],\"frameRate\":24,\"ik\":[]}],\"frameRate\":24,\"name\":\"zidan\",\"version\":\"5.0\",\"isGlobal\":0}"]],0,0,[],[],[]]]]