[1,["e3Na6WdjJK9LpgWa8SaKIQ","bdZ7oQ8WlEPZTHKbDKT5Qv","22HvdsTTZIF6eX3xrLULi+","98fvHTycBEabPF+ooIKA+e","30KgUx5IZHU5x7udA0+MZ6","ecpdLyjvZBwrvm+cedCcQy","a2h5gbWE1J5JnrBPxzgFq8"],["_parent","node","root","data","shootNode","body","animation","bulletPrefab","_N$skeletonData","_textureSetter","_spriteFrame"],[["cc.Node",["_name","_prefab","_children","_parent","_components","_trs"],2,4,2,1,12,7],["cc.Node",["_name","_groupIndex","_prefab","_children","_parent","_components"],1,4,12,1,2],["cc.Node",["_name","_parent","_prefab","_children","_components","_contentSize"],2,1,4,9,9,5],["cc.PrefabInfo",["fileId","root","asset"],2,1,1],"cc.SpriteFrame",["cc.Prefab",["_name"],2],["cc.Node",["_name","_parent","_children","_components","_prefab","_contentSize","_trs"],2,1,2,2,4,5,7],["cc.Node",["_name","_groupIndex","_children","_components","_prefab"],1,2,9,4],["e04dbXPTkRA2IEuUkS7pTRI",["node","animation","body","shootNode","bulletPrefab"],3,1,1,1,1,6],["cc.BoxCollider",["node","_offset","_size"],3,1,5,5],["96c396uvMtPhLUJFoRD9JmK",["node","body"],3,1,1],["sp.Skeleton",["defaultSkin","defaultAnimation","_preCacheMode","_animationName","node","_materials"],-1,1,3],["261d4+Q1HdGA5w3tjdBw83c",["activeFlash","node","spineAnimation"],2,1,1],["sp.SkeletonData",["_name","_atlasText","textureNames","_skeletonJson","textures"],-1,3],["cc.CircleCollider",["_radius","node"],2,1],["fee5cYvFCdESpVzGX06894o",["node"],3,1],["cc.Sprite",["node","_materials","_spriteFrame"],3,1,3,6]],[[3,0,1,2,2],[0,0,3,1,2],[0,0,3,2,1,2],[5,0,2],[1,0,4,3,2,2],[2,0,1,3,2,2],[3,1,2,1],[0,0,2,4,1,5,2],[1,0,3,2,2],[1,0,1,4,5,2,3],[6,0,1,2,3,4,5,6,2],[2,0,1,4,2,5,2],[7,0,1,2,3,4,3],[8,0,1,2,3,4,1],[9,0,1,2,1],[10,0,1,1],[11,0,1,2,3,4,5,5],[12,0,1,2,2],[13,0,1,2,3,4,5],[14,0,1,2],[15,0,1],[16,0,1,2,1]],[[[[3,"CabbagePult"],[7,"CabbagePult",[-7,-8],[[-2,[13,-6,-5,-4,-3,1]],1,4],[6,-1,0],[-494,-293,0,0,0,0,1,1,1,1]],[8,"ATTACHED_NODE:plant",[[-9,-10,[1,"ATTACHED_NODE:leaf5",-11,[0,"bc+drsyG5LGLMzsPWJFAOf",1,0]],[1,"ATTACHED_NODE:leaf6",-12,[0,"fdHYfX+f5BNbDOxAzJs8kh",1,0]],-13],1,1,4,4,1],[0,"09+Hwg/aZFAIyNj05UQNur",1,0]],[4,"ATTACHED_NODE:body1",2,[[[1,"ATTACHED_NODE:eye1",-14,[0,"c4tK/7YuRH160KdvR+bNzd",1,0]],[1,"ATTACHED_NODE:eyebrow",-15,[0,"b0PIoQ//ZMG6tG3gbQnvz0",1,0]],-16],4,4,1],[0,"5e++07Cc1FkpfKVmXQNnLK",1,0]],[9,"bodyC",5,1,[-17,-18],[0,"ddgUf7iqtI+JF2LwbeI1/W",1,0]],[10,"33_plant",1,[-20],[-19],[0,"6fVDxs+vpDl7wGMac+nvwT",1,0],[5,109.88,88.25],[0,5,0,0,0,0,1,1,1,1]],[4,"ATTACHED_NODE:body3",3,[[-21,[1,"ATTACHED_NODE:leaf7",-22,[0,"390qnNkxREfbICl4LRlFEC",1,0]]],1,4],[0,"cfEgZSgJpDq6h9ymDl64uj",1,0]],[14,4,[0,0,60],[5,80,120]],[15,4,7],[2,"ATTACHED_NODE_TREE",5,[-23],[0,"2dHunsNXxGrY8g96JqZ8Cb",1,0]],[2,"ATTACHED_NODE:root",9,[2],[0,"13jx2s2JlCRaaAFuy+2EKk",1,0]],[5,"ATTACHED_NODE:leaf2",2,[[1,"ATTACHED_NODE:leaf3",-24,[0,"89ym7wv/lCSa2uHu3JJBCY",1,0]]],[0,"canW36Q5VO0oCPwj+a28Us",1,0]],[5,"ATTACHED_NODE:leaf1",2,[[1,"ATTACHED_NODE:leaf4",-25,[0,"20xYunUdlIdL8M87ckxnt6",1,0]]],[0,"718fUMsoFPQ54khKqhVeko",1,0]],[2,"ATTACHED_NODE:body4",6,[-26],[0,"0cddcN98FKiZMPcxexBw2H",1,0]],[2,"ATTACHED_NODE:body5",13,[-27],[0,"9bqRK5yHxKLI6aNqBV9z9v",1,0]],[2,"ATTACHED_NODE:body7",14,[-28],[0,"39JZslOtZCWIVCvHv7mG0V",1,0]],[2,"ATTACHED_NODE:pr",15,[-29],[0,"f15Cu5QWZCyajVVNaRMuzH",1,0]],[1,"New Node",16,[0,"848Dd7gA1JIpN6lN3SUstS",1,0]],[16,"default","idle",0,"idle",5,[0]],[17,true,1,18]],0,[0,2,1,0,-1,19,0,4,17,0,5,8,0,6,19,0,1,1,0,-1,4,0,-2,5,0,-1,11,0,-2,12,0,0,2,0,0,2,0,-5,3,0,0,3,0,0,3,0,-3,6,0,-1,7,0,-2,8,0,-1,18,0,-1,9,0,-1,13,0,0,6,0,-1,10,0,0,11,0,0,12,0,-1,14,0,-1,15,0,-1,16,0,-1,17,0,3,1,2,0,10,29],[0,0,18],[-1,7,8],[0,1,2]],[[[18,"33_plant","\n33_plant.png\nsize: 512,128\nformat: RGBA8888\nfilter: Linear,Linear\nrepeat: none\nbody1\n  rotate: true\n  xy: 2, 6\n  size: 120, 99\n  orig: 120, 101\n  offset: 0, 1\n  index: -1\nbody2\n  rotate: true\n  xy: 315, 54\n  size: 72, 53\n  orig: 72, 53\n  offset: 0, 0\n  index: -1\nbody3\n  rotate: false\n  xy: 122, 6\n  size: 17, 23\n  orig: 17, 24\n  offset: 0, 0\n  index: -1\neye1\n  rotate: true\n  xy: 103, 5\n  size: 24, 17\n  orig: 25, 18\n  offset: 1, 0\n  index: -1\neye2\n  rotate: true\n  xy: 141, 6\n  size: 23, 10\n  orig: 24, 13\n  offset: 1, 2\n  index: -1\neye3\n  rotate: true\n  xy: 153, 7\n  size: 22, 6\n  orig: 24, 11\n  offset: 1, 4\n  index: -1\neyebrow\n  rotate: true\n  xy: 263, 7\n  size: 41, 19\n  orig: 42, 20\n  offset: 1, 0\n  index: -1\nleaf1\n  rotate: false\n  xy: 284, 10\n  size: 55, 38\n  orig: 55, 38\n  offset: 0, 0\n  index: -1\nleaf2\n  rotate: false\n  xy: 341, 16\n  size: 69, 36\n  orig: 69, 36\n  offset: 0, 0\n  index: -1\nleaf3\n  rotate: true\n  xy: 207, 44\n  size: 82, 41\n  orig: 84, 43\n  offset: 1, 1\n  index: -1\nleaf4\n  rotate: false\n  xy: 161, 2\n  size: 57, 29\n  orig: 58, 31\n  offset: 1, 1\n  index: -1\nleaf5\n  rotate: true\n  xy: 220, 2\n  size: 40, 41\n  orig: 42, 42\n  offset: 1, 1\n  index: -1\npr\n  rotate: true\n  xy: 250, 50\n  size: 76, 63\n  orig: 78, 65\n  offset: 1, 1\n  index: -1\npr1\n  rotate: true\n  xy: 103, 31\n  size: 95, 49\n  orig: 96, 51\n  offset: 1, 0\n  index: -1\npr2\n  rotate: true\n  xy: 154, 33\n  size: 93, 51\n  orig: 95, 53\n  offset: 1, 1\n  index: -1\n",["33_plant.png"],{"skeleton":{"hash":"bTzZy4hJLKLzHgKQO+HthwLtwDc","spine":"3.8.99","x":-80.24,"y":-10.38,"width":109.88,"height":88.25},"bones":[{"name":"root"},{"name":"plant","parent":"root","y":-2.59,"scaleX":0.095,"scaleY":0.095},{"name":"leaf2","parent":"plant","length":232.49,"rotation":165.49,"x":9.98,"y":-15.32},{"name":"leaf3","parent":"leaf2","length":116.65,"rotation":75,"x":233.82,"y":1.16},{"name":"leaf1","parent":"plant","length":213.63,"rotation":16.7,"x":24.94,"y":-17.68},{"name":"leaf4","parent":"leaf1","length":107.66,"rotation":-93.17,"x":214.23,"y":-3.47},{"name":"leaf5","parent":"plant","length":307.77,"rotation":169.09,"x":3.98,"y":46.67},{"name":"leaf6","parent":"plant","length":240.33,"rotation":5.45,"x":70.87,"y":97.83},{"name":"body1","parent":"plant","length":376.23,"rotation":90,"y":14},{"name":"eye1","parent":"body1","x":168.82,"y":-107.86},{"name":"eyebrow","parent":"body1","x":236.51,"y":-102.35},{"name":"body3","parent":"body1","length":166.24,"rotation":35.95,"x":373.89,"y":11.24,"scaleX":0.1,"scaleY":0.1,"transform":"noScale"},{"name":"body4","parent":"body3","length":141.07,"rotation":18.59,"x":163.58,"y":-0.99,"scaleX":0.1,"scaleY":0.1,"transform":"noScale"},{"name":"body5","parent":"body4","length":125.92,"rotation":35.82,"x":137.51,"y":2.29,"scaleX":0.1,"scaleY":0.1,"transform":"noScale"},{"name":"leaf7","parent":"body3","length":166.93,"rotation":-71.52,"x":163.28,"y":-17.08,"scaleX":0.1,"scaleY":0.1,"transform":"noScale"},{"name":"body7","parent":"body5","length":271.41,"rotation":15.87,"x":124.44,"y":-0.31,"scaleX":0.1,"scaleY":0.1,"transform":"noScale"},{"name":"pr","parent":"body7","x":230.33,"y":-25.59,"scaleX":0.095,"scaleY":0.095,"transform":"noScale"}],"slots":[{"name":"pr2","bone":"body7","attachment":"pr2"},{"name":"pr","bone":"pr","attachment":"pr"},{"name":"pr1","bone":"body7","attachment":"pr1"},{"name":"leaf5","bone":"leaf7","attachment":"leaf5"},{"name":"body3","bone":"body7","attachment":"body3"},{"name":"body2","bone":"body3","attachment":"body2"},{"name":"leaf4","bone":"leaf6","attachment":"leaf4"},{"name":"leaf3","bone":"leaf5","attachment":"leaf3"},{"name":"body1","bone":"body1","attachment":"body1"},{"name":"leaf2","bone":"leaf2","attachment":"leaf2"},{"name":"leaf1","bone":"leaf1","attachment":"leaf1"},{"name":"eye1","bone":"eye1","attachment":"eye1"},{"name":"eyebrow","bone":"eyebrow","attachment":"eyebrow"}],"skins":[{"name":"default","attachments":{"body1":{"body1":{"x":237.5,"y":34.5,"rotation":-90,"width":601,"height":505}},"body2":{"body2":{"type":"mesh","hull":17,"uvs":[0.44319,0.04175,0.66816,0.20362,0.73261,0.27635,0.80149,0.38847,1,0.7368,1,1,0.89183,1,0.65344,0.56686,0.61628,0.49934,0.56422,0.45485,0.38187,0.29902,0.32056,0.24662,0.25567,0.25184,0,0.27238,0,0,0.31399,0,0.38517,0,0.68065,0.40986,0.35399,0.1235],"triangles":[11,18,10,13,14,12,11,12,18,12,14,15,18,12,15,3,7,17,8,9,17,17,9,1,9,10,1,17,2,3,17,1,2,10,0,1,10,18,0,18,16,0,18,15,16,6,4,5,6,7,4,3,4,7,7,8,17],"vertices":[1,12,126.71,-31.4,1,1,12,35.95,-43.58,1,1,12,5.91,-41.4,1,2,11,143.86,-41.04,0.39265,12,-31.46,-31.68,0.60735,1,11,27.46,-44.91,1,1,11,-28.79,-4.12,1,1,11,-5.93,27.4,1,1,11,137.02,29.75,1,2,11,159.3,30.12,0.81979,12,5.87,30.84,0.18021,2,11,179.82,38.4,0.21254,12,27.95,32.15,0.78746,2,12,105.28,36.73,0.58179,13,-5.98,46.79,0.41821,2,12,131.29,38.27,0.07162,13,16.01,32.81,0.92838,1,13,39.38,34.05,1,1,13,131.45,38.89,1,1,13,131,-33.01,1,2,12,170.99,-13.39,0.6214,13,17.97,-32.31,0.3786,1,12,150.11,-28.26,1,1,12,0.7,-1.84,1,1,13,3.77,0.39,1]}},"body3":{"body3":{"x":-0.71,"y":7.33,"rotation":163.77,"width":83,"height":121}},"eye1":{"eye1":{"x":-2.82,"y":2.36,"rotation":-90,"width":123,"height":88},"eye2":{"x":-6.82,"y":3.36,"rotation":-90,"width":121,"height":64},"eye3":{"x":-11.82,"y":3.86,"rotation":-90,"width":120,"height":54}},"eyebrow":{"eyebrow":{"x":-4.51,"y":4.35,"rotation":-90,"width":212,"height":102}},"leaf1":{"leaf1":{"type":"mesh","hull":24,"uvs":[0.77231,0.02452,0.93419,0.16376,1,0.36649,1,0.38647,0.98685,0.63487,0.94201,0.86211,0.85156,0.96793,0.73833,0.96793,0.66714,0.89571,0.66471,0.77809,0.70703,0.76637,0.78304,0.80536,0.79748,0.71736,0.72831,0.6884,0.64682,0.73176,0.52826,0.83424,0.34282,1,0.24857,1,0.08593,0.95454,0,0.73176,0,0.48864,0.16801,0.1723,0.46138,0,0.5975,0,0.83982,0.38802,0.88116,0.5502,0.87022,0.76585,0.79239,0.89416,0.62885,0.39889,0.35676,0.49469],"triangles":[3,24,2,25,24,3,4,25,3,13,24,25,12,13,25,26,12,25,26,25,4,11,12,26,5,26,4,27,11,26,6,27,26,8,9,10,5,6,26,8,11,27,11,8,10,7,8,27,7,27,6,24,1,2,24,0,1,28,23,0,28,0,24,29,21,22,20,21,29,22,23,28,29,22,28,13,28,24,19,20,29,14,28,13,29,28,14,15,29,14,17,18,19,29,17,19,29,16,17,15,16,29],"vertices":[1,4,216.19,69.87,1,2,4,251.58,31.78,0.88605,5,-37.26,35.34,0.11395,2,4,258.03,-10.16,0.18195,5,4.26,44.1,0.81805,2,4,256.94,-13.77,0.13417,5,7.93,43.21,0.86583,1,5,52.72,28.69,1,1,5,91.57,6.57,1,1,5,105.16,-22.47,1,1,5,97.82,-52.97,1,1,5,79.94,-68.95,1,1,5,58.16,-64.4,1,2,4,158.58,-59.23,0.00004,5,58.75,-52.48,0.99996,2,4,176.63,-72.34,0.01122,5,70.84,-33.74,0.98878,2,4,185.24,-57.55,0.13821,5,55.61,-25.96,0.86179,2,4,168.46,-46.81,0.59374,5,45.8,-43.3,0.40626,2,4,144.48,-48.17,0.90639,5,48.49,-67.17,0.09361,2,4,107.46,-57.28,0.9972,5,59.64,-103.63,0.0028,1,4,49.26,-72.53,1,1,4,24.25,-65.03,1,1,4,-16.43,-43.86,1,1,4,-27.13,3.31,1,1,4,-13.93,47.33,1,1,4,47.83,91.22,1,1,4,135.02,99.06,1,1,4,171.14,88.23,1,2,4,214.36,-1.3,0.63791,5,-2.17,0,0.36209,1,5,30.31,3.97,1,2,4,201.9,-72.12,0.00635,5,69.23,-8.51,0.99365,2,4,174.29,-89.16,0.00065,5,87.77,-35.14,0.99935,1,4,157.79,13.52,1,1,4,80.4,17.83,1]}},"leaf2":{"leaf2":{"type":"mesh","hull":21,"uvs":[0.92196,0.28546,1,0.51,1,0.79351,0.83535,1,0.67996,1,0.5103,0.92244,0.38658,0.77726,0.29593,0.69584,0.23325,0.70747,0.25759,0.75981,0.25333,0.89822,0.18579,0.97383,0.08043,0.94229,0.02229,0.7994,0,0.59754,0,0.4864,0.04721,0.30042,0.14687,0.12124,0.27145,0,0.4079,0,0.6645,0,0.25312,0.29171,0.16158,0.49416,0.10414,0.72748,0.18132,0.91963,0.40822,0.35123,0.61466,0.46917,0.80878,0.57999],"triangles":[22,17,21,16,17,22,15,16,22,14,15,22,22,21,7,8,22,7,23,14,22,23,22,8,13,14,23,9,24,8,24,23,8,10,24,9,12,13,23,12,23,24,11,24,10,12,24,11,21,17,18,25,19,20,26,25,20,27,26,20,0,27,20,27,0,1,21,19,25,19,21,18,7,21,25,6,7,25,6,25,26,27,1,2,5,6,26,4,26,27,5,26,4,3,27,2,4,27,3],"vertices":[1,2,9.87,-62.17,1,1,2,-26.45,-29.58,1,1,2,-39.31,20.1,1,1,2,6.48,70.55,1,1,2,58.53,84.02,1,2,2,118.88,85.13,0.98881,3,51.37,132.75,0.01119,2,2,166.91,70.41,0.85586,3,49.58,82.56,0.14414,2,2,200.97,64,0.46271,3,52.2,48,0.53729,2,2,221.43,71.47,0.08801,3,64.72,30.17,0.91199,2,2,210.9,78.54,0.02454,3,68.81,42.16,0.97546,2,2,206.06,103.16,0.00105,3,91.34,53.22,0.99895,1,3,114.76,39.62,1,1,3,127.75,5.08,1,1,3,115.15,-25.17,1,1,3,87.15,-49.87,1,1,3,69.64,-59.78,1,1,3,32.3,-62.14,1,2,2,276.94,-23.76,0.11476,3,-12.91,-48.1,0.88524,2,2,240.71,-55.81,0.88611,3,-53.24,-21.4,0.11389,1,2,195.01,-67.63,1,1,2,109.05,-89.87,1,1,2,233.63,-3.1,1,1,3,43.33,-10.43,1,1,3,89.87,-6.93,1,1,3,106.99,33.44,1,1,2,178.98,-6.11,1,1,2,104.47,-3.34,1,1,2,34.43,-0.74,1]}},"leaf3":{"leaf3":{"x":156.94,"y":-13.88,"rotation":-169.09,"width":421,"height":216}},"leaf4":{"leaf4":{"x":98.94,"y":14.34,"rotation":-5.45,"width":288,"height":153}},"leaf5":{"leaf5":{"x":85.52,"y":-3.71,"rotation":-54.42,"width":211,"height":209}},"pr":{"pr":{"x":-42.04,"y":-108.54,"rotation":163.77,"width":389,"height":327}},"pr1":{"pr1":{"x":212.96,"y":-18.93,"rotation":163.77,"width":480,"height":254}},"pr2":{"pr2":{"x":206.12,"y":-83.6,"rotation":163.77,"width":475,"height":266}}}}],"events":{"attack":{}},"animations":{"attack":{"slots":{"eye1":{"attachment":[{"time":0.4333,"name":"eye2"},{"time":0.5,"name":"eye3"},{"time":0.9667,"name":"eye2"},{"time":1,"name":"eye1"}]},"pr":{"attachment":[{"time":0.5,"name":null},{"time":1.5,"name":"pr"}]}},"bones":{"leaf2":{"rotate":[{"time":1.5},{"time":1.8333,"angle":3.09},{"time":2.2,"curve":"stepped"},{"time":2.4},{"time":2.5333,"angle":3.09},{"time":2.9}],"translate":[{},{"time":0.1667,"y":-7.58},{"time":0.3333},{"time":0.4,"x":-0.76,"y":2.27},{"time":0.5,"y":-7.58},{"time":1.5,"curve":"stepped"},{"time":2.2},{"time":2.4,"y":5.31},{"time":2.5333}],"scale":[{},{"time":0.1667,"x":1.047,"y":0.854},{"time":0.3333},{"time":0.4,"y":1.029},{"time":0.5,"x":1.047,"y":0.854},{"time":1.5},{"time":1.8333,"x":1.054,"y":0.962},{"time":2.2},{"time":2.4,"x":1.009,"y":1.041},{"time":2.5333,"x":1.054,"y":0.962},{"time":2.9}]},"leaf3":{"rotate":[{},{"time":0.0667,"angle":-13.42},{"time":0.1667,"angle":5.51},{"time":0.2333,"angle":-13.42},{"time":0.3333,"angle":5.51},{"time":0.4,"angle":-13.42},{"time":0.5,"angle":8.17},{"time":0.6,"curve":"stepped"},{"time":1.5},{"time":1.7,"angle":-14.38},{"time":1.8333},{"time":2,"angle":-7.22},{"time":2.2},{"time":2.4,"angle":-14.38},{"time":2.5333},{"time":2.7,"angle":-8.02},{"time":2.9}],"translate":[{},{"time":0.0667,"x":2.68,"y":1.61},{"time":0.1667,"x":0.11,"y":10.12},{"time":0.2333,"x":2.68,"y":1.61},{"time":0.3333,"x":0.11,"y":10.12},{"time":0.4,"x":2.68,"y":1.61},{"time":0.5,"x":0.24,"y":16.58},{"time":0.6,"curve":"stepped"},{"time":1.8333},{"time":2,"x":12.65,"y":-5.28},{"time":2.2,"curve":"stepped"},{"time":2.5333},{"time":2.7,"x":2.38,"y":-6.82},{"time":2.9}]},"leaf1":{"rotate":[{"time":1.5},{"time":1.8333,"angle":-3.39},{"time":2.2,"curve":"stepped"},{"time":2.4},{"time":2.5333,"angle":-3.39},{"time":2.9}],"translate":[{},{"time":0.1667,"y":-7.58},{"time":0.3333},{"time":0.4,"x":-0.76,"y":2.27},{"time":0.5,"y":-7.58},{"time":1.5,"curve":"stepped"},{"time":2.2},{"time":2.4,"y":5.31},{"time":2.5333}],"scale":[{},{"time":0.1667,"x":1.047,"y":0.854},{"time":0.3333},{"time":0.4,"y":1.029},{"time":0.5,"x":1.047,"y":0.854},{"time":1.5},{"time":1.8333,"x":1.069,"y":0.973},{"time":2.2},{"time":2.4,"x":1.008,"y":1.041},{"time":2.5333,"x":1.069,"y":0.973},{"time":2.9}]},"leaf4":{"rotate":[{},{"time":0.0667,"angle":27.51},{"time":0.1667,"angle":6.22},{"time":0.2333,"angle":27.51},{"time":0.3333,"angle":6.22},{"time":0.4,"angle":27.96},{"time":0.5,"angle":4.91},{"time":0.6,"curve":"stepped"},{"time":1.5},{"time":1.7,"angle":23.66},{"time":1.8333},{"time":2,"angle":16.84},{"time":2.2},{"time":2.4,"angle":23.66},{"time":2.5333},{"time":2.7,"angle":10.38},{"time":2.9}],"translate":[{},{"time":0.0667,"x":-2.05,"y":3.24},{"time":0.1667,"x":-3.26,"y":-7.14},{"time":0.2333,"x":-2.05,"y":3.24},{"time":0.3333,"x":-3.26,"y":-7.14},{"time":0.4,"x":3.06,"y":5.29},{"time":0.5,"x":-3.88,"y":-9.69},{"time":0.6,"curve":"stepped"},{"time":1.5},{"time":1.7,"x":4.76,"y":1.46},{"time":1.8333},{"time":2,"x":11.9,"y":5.01},{"time":2.2},{"time":2.4,"x":4.76,"y":1.46},{"time":2.5333},{"time":2.7,"x":13.55,"y":4.54},{"time":2.9}]},"leaf5":{"rotate":[{},{"time":0.1333,"angle":-4.66},{"time":0.3333,"angle":3.03},{"time":0.5,"angle":-4.54},{"time":0.6,"angle":-7.02},{"time":1.2333,"angle":4.57},{"time":1.5},{"time":1.7,"angle":-4.43},{"time":1.9667,"angle":2.2},{"time":2.2},{"time":2.4,"angle":-4.43},{"time":2.6667,"angle":2.2},{"time":2.9}],"translate":[{},{"time":0.1333,"x":-9.35,"y":-1.17},{"time":0.3333,"x":-2.34,"y":-1.17},{"time":0.5,"curve":"stepped"},{"time":1.7},{"time":1.9667,"x":-6.68,"y":-4.01},{"time":2.2,"curve":"stepped"},{"time":2.4},{"time":2.6667,"x":-6.68,"y":-4.01},{"time":2.9}],"scale":[{"time":0.5},{"time":0.6,"x":0.985,"y":1.024},{"time":1.2333,"x":1.023},{"time":1.5},{"time":1.7,"x":1.026},{"time":1.9667,"x":1.031,"y":1.055},{"time":2.2},{"time":2.4,"x":1.026},{"time":2.6667,"x":1.031,"y":1.055},{"time":2.9}]},"leaf6":{"rotate":[{},{"time":0.1333,"angle":8.8},{"time":0.3333,"angle":-4.53},{"time":0.5,"angle":4.84},{"time":0.6,"angle":10.23},{"time":1.2333,"angle":-6.68},{"time":1.5},{"time":1.7,"angle":6.98},{"time":1.9667,"angle":-7.5},{"time":2.2},{"time":2.4,"angle":6.98},{"time":2.6667,"angle":-7.5},{"time":2.9}],"translate":[{},{"time":0.1333,"x":-8.18,"y":3.51},{"time":0.3333}],"scale":[{"time":0.5},{"time":0.6,"x":0.985,"y":1.024},{"time":1.2333,"x":1.008},{"time":1.5},{"time":1.7,"x":1.011},{"time":1.9667,"x":1.036},{"time":2.2},{"time":2.4,"x":1.011},{"time":2.6667,"x":1.036},{"time":2.9}]},"body1":{"rotate":[{},{"time":0.3,"angle":19.1},{"time":0.3667,"angle":3},{"time":0.4333,"angle":-9.96,"curve":"stepped"},{"time":0.5667,"angle":-9.96},{"time":0.8667,"angle":-4.71,"curve":"stepped"},{"time":1.1333,"angle":-4.71},{"time":1.2333,"angle":-4.15},{"time":1.3667,"angle":-1.46},{"time":1.5},{"time":1.8333,"angle":9.31},{"time":1.9667,"angle":5.78},{"time":2.2,"angle":0.87},{"time":2.5333,"angle":-4.03},{"time":2.9}],"translate":[{},{"time":0.3,"x":36.88,"y":9.95},{"time":0.3667,"x":14.55,"y":1.86},{"time":0.4333,"x":-7.79,"y":-6.23,"curve":"stepped"},{"time":0.5667,"x":-7.79,"y":-6.23},{"time":0.8667,"curve":"stepped"},{"time":1.1333},{"time":1.2333,"y":1.77},{"time":1.3667,"x":5.31,"y":1.77},{"time":1.5},{"time":1.8333,"x":10.31,"y":4.86},{"time":1.9667,"x":5.09,"y":10.07},{"time":2.2,"x":1.74,"y":6.95},{"time":2.5333,"y":-6.95},{"time":2.9}],"scale":[{"time":0.8667},{"time":1.1333,"x":0.997,"y":1.005},{"time":1.2333,"x":1.007,"y":0.998},{"time":1.3667,"x":0.999,"y":1.002},{"time":1.5},{"time":1.8333,"x":0.961,"y":1.028},{"time":1.9667,"x":0.956,"y":1.033},{"time":2.2},{"time":2.5333,"x":0.994,"y":1.032},{"time":2.9}],"shear":[{"time":0.3667},{"time":0.4333,"x":2.8},{"time":0.5667,"x":-2.64},{"time":0.8667},{"time":1.1333,"x":-2.62,"curve":"stepped"},{"time":1.2333,"x":-2.62},{"time":1.3667,"x":-1.12},{"time":1.5}]},"eyebrow":{"rotate":[{},{"time":0.3,"angle":-10.84},{"time":0.5,"angle":3.06,"curve":"stepped"},{"time":0.8667,"angle":3.06},{"time":1}],"translate":[{},{"time":0.3,"x":10.87,"y":-16.09},{"time":0.5,"x":-42.19,"y":-5.86},{"time":0.5667,"x":-45.67,"y":-4.98},{"time":0.6667,"x":-42.19,"y":-5.86,"curve":"stepped"},{"time":0.8667,"x":-42.19,"y":-5.86},{"time":1,"x":-21.99,"y":-0.75},{"time":1.1333,"x":-19.56,"y":-0.44},{"time":1.5},{"time":1.8333,"x":23.9,"y":-5.14},{"time":2.2},{"time":2.5333,"x":41.1,"y":8.79},{"time":2.9}],"scale":[{"time":0.3},{"time":0.5,"y":0.926,"curve":"stepped"},{"time":0.8667,"y":0.926},{"time":1}]},"body3":{"rotate":[{},{"time":0.3,"angle":8.67},{"time":0.3667,"angle":-5.86},{"time":0.4333,"angle":-11.61},{"time":0.5667,"angle":-21.6},{"time":0.8667,"angle":-19.65},{"time":1.1333,"angle":-24.75},{"time":1.5},{"time":1.8333,"angle":6.97},{"time":1.9667,"angle":2.92},{"time":2.2},{"time":2.5333,"angle":-5.33},{"time":2.6667,"angle":-5.36},{"time":2.9}],"translate":[{"time":0.3},{"time":0.3667,"x":0.58,"y":9.62},{"time":0.4333,"x":1.15,"y":19.24},{"time":0.5667,"x":5.66,"y":13.1},{"time":0.8667},{"time":1.1333,"x":-2.11,"y":6.75},{"time":1.5}],"shear":[{"time":2.5333},{"time":2.6667,"x":-8.19},{"time":2.9}]},"body4":{"rotate":[{"time":0.3},{"time":0.3667,"angle":-3.03},{"time":0.4333,"angle":-6.06},{"time":0.5667,"angle":-10.61},{"time":0.8667,"curve":"stepped"},{"time":1.5},{"time":1.8333,"angle":3.2},{"time":1.9667,"angle":4.93},{"time":2.2,"curve":"stepped"},{"time":2.5333},{"time":2.6667,"angle":-8.46},{"time":2.9}],"translate":[{"time":0.3},{"time":0.3667,"x":-15.6,"y":-3.29},{"time":0.4333,"x":-11.98,"y":3.59},{"time":0.5667,"curve":"stepped"},{"time":2.5333},{"time":2.6667,"x":-10.93,"y":-5.69},{"time":2.9}]},"body5":{"rotate":[{},{"time":0.3,"angle":17.68},{"time":0.3667,"angle":7.93},{"time":0.4333,"angle":-3.74},{"time":0.5667,"angle":-19.81},{"time":0.8667,"angle":-4.83},{"time":1.1333,"curve":"stepped"},{"time":1.5},{"time":1.8333,"angle":2.78},{"time":1.9667,"angle":4.71},{"time":2.2},{"time":2.5333,"angle":-2.26},{"time":2.6667,"angle":-1.76},{"time":2.9}],"translate":[{"time":0.3},{"time":0.3667,"x":-15.43,"y":-13.72},{"time":0.4333,"x":-11.23,"y":-5.35},{"time":0.5667,"x":9.46,"y":7.8},{"time":0.8667,"curve":"stepped"},{"time":2.2},{"time":2.5333,"x":-4.83,"y":-4.14},{"time":2.6667,"x":-9.57,"y":-3.75},{"time":2.9}]},"leaf7":{"rotate":[{},{"time":0.3,"angle":3.57},{"time":0.3667,"angle":20.09},{"time":0.4333,"angle":1.53},{"time":0.5667},{"time":0.8667,"angle":-15.43},{"time":1.1333,"angle":-7.41},{"time":1.5},{"time":1.8333,"angle":13.31},{"time":1.9667,"angle":24.26},{"time":2.2},{"time":2.5333,"angle":-14.7},{"time":2.6667,"angle":-34.61},{"time":2.9}],"translate":[{},{"time":0.3,"x":39.6,"y":9.25},{"time":0.3667,"x":8.9,"y":-0.68},{"time":0.4333,"x":12.74,"y":4.11},{"time":0.5667,"x":-7.4,"y":0.24},{"time":0.8667,"x":-0.05,"y":-10.25},{"time":1.1333,"x":-8.8,"y":-13.48},{"time":1.5},{"time":1.8333,"x":8.5,"y":1.14},{"time":1.9667,"x":12.55,"y":-3.08},{"time":2.2,"curve":"stepped"},{"time":2.5333},{"time":2.6667,"x":-7.67,"y":2.63},{"time":2.9}],"scale":[{"time":0.3},{"time":0.3667,"x":1.022,"y":0.947},{"time":0.4333,"x":1.044,"y":0.894},{"time":0.5667,"x":1.076,"y":0.815},{"time":0.8667,"y":0.945},{"time":1.1333,"x":1.096,"y":0.873},{"time":1.5}]},"body7":{"rotate":[{"time":0.3},{"time":0.3667,"angle":-4.16},{"time":0.4333,"angle":-27.66},{"time":0.5667,"angle":-45.12},{"time":0.6667,"angle":-20.15},{"time":0.8667,"angle":-32.44},{"time":1.1333,"angle":-36.65},{"time":1.5,"curve":"stepped"},{"time":1.8333},{"time":1.9667,"angle":3.22},{"time":2.2},{"time":2.5333,"angle":0.49},{"time":2.6667,"angle":15.75},{"time":2.9}],"translate":[{"time":0.3},{"time":0.3667,"x":-16.92,"y":-15.27},{"time":0.4333,"x":-7.04,"y":-12.94},{"time":0.5667,"x":-0.33,"y":6.12},{"time":0.8667,"x":-3.29,"y":-6.06,"curve":"stepped"},{"time":1.1333,"x":-3.29,"y":-6.06},{"time":1.5,"curve":"stepped"},{"time":2.2},{"time":2.5333,"x":-1.14,"y":-1.58},{"time":2.6667,"x":-2.59,"y":-1.61},{"time":2.9}],"shear":[{"time":0.3},{"time":0.3667,"x":-0.94},{"time":0.4333,"x":-1.89},{"time":0.5667,"x":-3.3},{"time":0.8667},{"time":1.1333,"x":-3.81},{"time":1.5}]},"pr":{"rotate":[{"time":1.5},{"time":1.8333,"angle":10.17},{"time":1.9667,"angle":12.38},{"time":2.2,"angle":0.94},{"time":2.5333,"angle":-1.02},{"time":2.7333}],"translate":[{"time":0.3667},{"time":0.4,"x":-12.8,"y":8.83},{"time":0.4333,"x":-6.9,"y":5.56,"curve":"stepped"},{"time":0.5667,"curve":"stepped"},{"time":1.5},{"time":1.8333,"x":-11.28,"y":0.7},{"time":1.9667,"x":-14.02,"y":-4.73},{"time":2.2},{"time":2.5333,"x":-1.19,"y":8.45},{"time":2.7333}],"scale":[{"time":0.3},{"time":0.3667,"x":1.105,"y":0.851},{"time":0.4,"x":1.18,"y":0.976},{"time":0.4333,"x":1.013,"y":1.126,"curve":"stepped"},{"time":0.5667,"curve":"stepped"},{"time":1.8333},{"time":1.9667,"y":1.033},{"time":2.2}],"shear":[{"time":0.3667},{"time":0.4,"y":-11.03},{"time":0.4333,"y":-5.6,"curve":"stepped"},{"time":0.5667}]}},"events":[{"time":0.5,"name":"attack"}]},"idle":{"bones":{"leaf2":{"rotate":[{},{"time":0.4667,"angle":3.09},{"time":1,"curve":"stepped"},{"time":1.2667},{"time":1.4667,"angle":3.09},{"time":2}],"translate":[{"time":1},{"time":1.2667,"y":5.31},{"time":1.4667}],"scale":[{},{"time":0.4667,"x":1.054,"y":0.962},{"time":1},{"time":1.2667,"x":1.009,"y":1.041},{"time":1.4667,"x":1.054,"y":0.962},{"time":2}]},"leaf3":{"rotate":[{},{"time":0.2667,"angle":-14.38},{"time":0.4667},{"time":0.7333,"angle":-7.22},{"time":1},{"time":1.2667,"angle":-14.38},{"time":1.4667},{"time":1.7333,"angle":-8.02},{"time":2}],"translate":[{"time":0.4667},{"time":0.7333,"x":12.65,"y":-5.28},{"time":1,"curve":"stepped"},{"time":1.4667},{"time":1.7333,"x":2.38,"y":-6.82},{"time":2}]},"leaf1":{"rotate":[{},{"time":0.4667,"angle":-3.39},{"time":1,"curve":"stepped"},{"time":1.2667},{"time":1.4667,"angle":-3.39},{"time":2}],"translate":[{"time":1},{"time":1.2667,"y":5.31},{"time":1.4667}],"scale":[{},{"time":0.4667,"x":1.069,"y":0.973},{"time":1},{"time":1.2667,"x":1.008,"y":1.041},{"time":1.4667,"x":1.069,"y":0.973},{"time":2}]},"leaf4":{"rotate":[{},{"time":0.2667,"angle":23.66},{"time":0.4667},{"time":0.7333,"angle":16.84},{"time":1},{"time":1.2667,"angle":23.66},{"time":1.4667},{"time":1.7333,"angle":10.38},{"time":2}],"translate":[{},{"time":0.2667,"x":4.76,"y":1.46},{"time":0.4667},{"time":0.7333,"x":11.9,"y":5.01},{"time":1},{"time":1.2667,"x":4.76,"y":1.46},{"time":1.4667},{"time":1.7333,"x":13.55,"y":4.54},{"time":2}]},"leaf5":{"rotate":[{},{"time":0.2667,"angle":-4.43},{"time":0.6667,"angle":2.2},{"time":1},{"time":1.2667,"angle":-4.43},{"time":1.6667,"angle":2.2},{"time":2}],"translate":[{"time":0.2667},{"time":0.6667,"x":-6.68,"y":-4.01},{"time":1,"curve":"stepped"},{"time":1.2667},{"time":1.6667,"x":-6.68,"y":-4.01},{"time":2}],"scale":[{},{"time":0.2667,"x":1.026},{"time":0.6667,"x":1.031,"y":1.055},{"time":1},{"time":1.2667,"x":1.026},{"time":1.6667,"x":1.031,"y":1.055},{"time":2}]},"leaf6":{"rotate":[{},{"time":0.2667,"angle":6.98},{"time":0.6667,"angle":-7.5},{"time":1},{"time":1.2667,"angle":6.98},{"time":1.6667,"angle":-7.5},{"time":2}],"scale":[{},{"time":0.2667,"x":1.011},{"time":0.6667,"x":1.036},{"time":1},{"time":1.2667,"x":1.011},{"time":1.6667,"x":1.036},{"time":2}]},"body1":{"rotate":[{},{"time":0.4667,"angle":9.31},{"time":0.6667,"angle":5.78},{"time":1,"angle":0.87},{"time":1.4667,"angle":-4.03},{"time":2}],"translate":[{},{"time":0.4667,"x":10.31,"y":4.86},{"time":0.6667,"x":5.09,"y":10.07},{"time":1,"x":1.74,"y":6.95},{"time":1.4667,"y":-6.95},{"time":2}],"scale":[{},{"time":0.4667,"x":0.961,"y":1.028},{"time":0.6667,"x":0.956,"y":1.033},{"time":1},{"time":1.4667,"x":0.994,"y":1.032},{"time":2}]},"eyebrow":{"translate":[{},{"time":0.4667,"x":23.9,"y":-5.14},{"time":1},{"time":1.4667,"x":41.1,"y":8.79},{"time":2}]},"body3":{"rotate":[{},{"time":0.4667,"angle":6.97},{"time":0.6667,"angle":2.92},{"time":1},{"time":1.4667,"angle":-5.33},{"time":1.6667,"angle":-5.36},{"time":2}],"shear":[{"time":1.4667},{"time":1.6667,"x":-8.19},{"time":2}]},"body4":{"rotate":[{},{"time":0.4667,"angle":3.2},{"time":0.6667,"angle":4.93},{"time":1,"curve":"stepped"},{"time":1.4667},{"time":1.6667,"angle":-8.46},{"time":2}],"translate":[{"time":1.4667},{"time":1.6667,"x":-10.93,"y":-5.69},{"time":2}]},"body5":{"rotate":[{},{"time":0.4667,"angle":2.78},{"time":0.6667,"angle":4.71},{"time":1},{"time":1.4667,"angle":-2.26},{"time":1.6667,"angle":-1.76},{"time":2}],"translate":[{"time":1},{"time":1.4667,"x":-4.83,"y":-4.14},{"time":1.6667,"x":-9.57,"y":-3.75},{"time":2}]},"leaf7":{"rotate":[{},{"time":0.4667,"angle":13.31},{"time":0.6667,"angle":24.26},{"time":1},{"time":1.4667,"angle":-14.7},{"time":1.6667,"angle":-34.61},{"time":2}],"translate":[{},{"time":0.4667,"x":8.5,"y":1.14},{"time":0.6667,"x":12.55,"y":-3.08},{"time":1,"curve":"stepped"},{"time":1.4667},{"time":1.6667,"x":-7.67,"y":2.63},{"time":2}]},"body7":{"rotate":[{"time":0.4667},{"time":0.6667,"angle":3.22},{"time":1},{"time":1.4667,"angle":0.49},{"time":1.6667,"angle":15.75},{"time":2}],"translate":[{"time":1},{"time":1.4667,"x":-1.14,"y":-1.58},{"time":1.6667,"x":-2.59,"y":-1.61},{"time":2}]},"pr":{"rotate":[{},{"time":0.4667,"angle":10.17},{"time":0.6667,"angle":12.38},{"time":1,"angle":0.94},{"time":1.4667,"angle":-1.02},{"time":1.8}],"translate":[{},{"time":0.4667,"x":-11.28,"y":0.7},{"time":0.6667,"x":-14.02,"y":-4.73},{"time":1},{"time":1.4667,"x":-1.19,"y":8.45},{"time":1.8}],"scale":[{"time":0.4667},{"time":0.6667,"y":1.033},{"time":1}]}}},"idle_eye":{"slots":{"eye1":{"attachment":[{"time":1.4,"name":"eye2"},{"time":1.4667,"name":"eye3"},{"time":1.5333,"name":"eye2"},{"time":1.6,"name":"eye1"}]}},"bones":{"leaf2":{"rotate":[{},{"time":0.4667,"angle":3.09},{"time":1,"curve":"stepped"},{"time":1.2667},{"time":1.4667,"angle":3.09},{"time":2}],"translate":[{"time":1},{"time":1.2667,"y":5.31},{"time":1.4667}],"scale":[{},{"time":0.4667,"x":1.054,"y":0.962},{"time":1},{"time":1.2667,"x":1.009,"y":1.041},{"time":1.4667,"x":1.054,"y":0.962},{"time":2}]},"leaf3":{"rotate":[{},{"time":0.2667,"angle":-14.38},{"time":0.4667},{"time":0.7333,"angle":-7.22},{"time":1},{"time":1.2667,"angle":-14.38},{"time":1.4667},{"time":1.7333,"angle":-8.02},{"time":2}],"translate":[{"time":0.4667},{"time":0.7333,"x":12.65,"y":-5.28},{"time":1,"curve":"stepped"},{"time":1.4667},{"time":1.7333,"x":2.38,"y":-6.82},{"time":2}]},"leaf1":{"rotate":[{},{"time":0.4667,"angle":-3.39},{"time":1,"curve":"stepped"},{"time":1.2667},{"time":1.4667,"angle":-3.39},{"time":2}],"translate":[{"time":1},{"time":1.2667,"y":5.31},{"time":1.4667}],"scale":[{},{"time":0.4667,"x":1.069,"y":0.973},{"time":1},{"time":1.2667,"x":1.008,"y":1.041},{"time":1.4667,"x":1.069,"y":0.973},{"time":2}]},"leaf4":{"rotate":[{},{"time":0.2667,"angle":23.66},{"time":0.4667},{"time":0.7333,"angle":16.84},{"time":1},{"time":1.2667,"angle":23.66},{"time":1.4667},{"time":1.7333,"angle":10.38},{"time":2}],"translate":[{},{"time":0.2667,"x":4.76,"y":1.46},{"time":0.4667},{"time":0.7333,"x":11.9,"y":5.01},{"time":1},{"time":1.2667,"x":4.76,"y":1.46},{"time":1.4667},{"time":1.7333,"x":13.55,"y":4.54},{"time":2}]},"leaf5":{"rotate":[{},{"time":0.2667,"angle":-4.43},{"time":0.6667,"angle":2.2},{"time":1},{"time":1.2667,"angle":-4.43},{"time":1.6667,"angle":2.2},{"time":2}],"translate":[{"time":0.2667},{"time":0.6667,"x":-6.68,"y":-4.01},{"time":1,"curve":"stepped"},{"time":1.2667},{"time":1.6667,"x":-6.68,"y":-4.01},{"time":2}],"scale":[{},{"time":0.2667,"x":1.026},{"time":0.6667,"x":1.031,"y":1.055},{"time":1},{"time":1.2667,"x":1.026},{"time":1.6667,"x":1.031,"y":1.055},{"time":2}]},"leaf6":{"rotate":[{},{"time":0.2667,"angle":6.98},{"time":0.6667,"angle":-7.5},{"time":1},{"time":1.2667,"angle":6.98},{"time":1.6667,"angle":-7.5},{"time":2}],"scale":[{},{"time":0.2667,"x":1.011},{"time":0.6667,"x":1.036},{"time":1},{"time":1.2667,"x":1.011},{"time":1.6667,"x":1.036},{"time":2}]},"body1":{"rotate":[{},{"time":0.4667,"angle":9.31},{"time":0.6667,"angle":5.78},{"time":1,"angle":0.87},{"time":1.4667,"angle":-4.03},{"time":2}],"translate":[{},{"time":0.4667,"x":10.31,"y":4.86},{"time":0.6667,"x":5.09,"y":10.07},{"time":1,"x":1.74,"y":6.95},{"time":1.4667,"y":-6.95},{"time":2}],"scale":[{},{"time":0.4667,"x":0.961,"y":1.028},{"time":0.6667,"x":0.956,"y":1.033},{"time":1},{"time":1.4667,"x":0.994,"y":1.032},{"time":2}]},"eyebrow":{"translate":[{},{"time":0.4667,"x":23.9,"y":-5.14},{"time":1},{"time":1.4667,"x":41.1,"y":8.79},{"time":2}]},"body3":{"rotate":[{},{"time":0.4667,"angle":6.97},{"time":0.6667,"angle":2.92},{"time":1},{"time":1.4667,"angle":-5.33},{"time":1.6667,"angle":-5.36},{"time":2}],"shear":[{"time":1.4667},{"time":1.6667,"x":-8.19},{"time":2}]},"body4":{"rotate":[{},{"time":0.4667,"angle":3.2},{"time":0.6667,"angle":4.93},{"time":1,"curve":"stepped"},{"time":1.4667},{"time":1.6667,"angle":-8.46},{"time":2}],"translate":[{"time":1.4667},{"time":1.6667,"x":-10.93,"y":-5.69},{"time":2}]},"body5":{"rotate":[{},{"time":0.4667,"angle":2.78},{"time":0.6667,"angle":4.71},{"time":1},{"time":1.4667,"angle":-2.26},{"time":1.6667,"angle":-1.76},{"time":2}],"translate":[{"time":1},{"time":1.4667,"x":-4.83,"y":-4.14},{"time":1.6667,"x":-9.57,"y":-3.75},{"time":2}]},"leaf7":{"rotate":[{},{"time":0.4667,"angle":13.31},{"time":0.6667,"angle":24.26},{"time":1},{"time":1.4667,"angle":-14.7},{"time":1.6667,"angle":-34.61},{"time":2}],"translate":[{},{"time":0.4667,"x":8.5,"y":1.14},{"time":0.6667,"x":12.55,"y":-3.08},{"time":1,"curve":"stepped"},{"time":1.4667},{"time":1.6667,"x":-7.67,"y":2.63},{"time":2}]},"body7":{"rotate":[{"time":0.4667},{"time":0.6667,"angle":3.22},{"time":1},{"time":1.4667,"angle":0.49},{"time":1.6667,"angle":15.75},{"time":2}],"translate":[{"time":1},{"time":1.4667,"x":-1.14,"y":-1.58},{"time":1.6667,"x":-2.59,"y":-1.61},{"time":2}]},"pr":{"rotate":[{},{"time":0.4667,"angle":10.17},{"time":0.6667,"angle":12.38},{"time":1,"angle":0.94},{"time":1.4667,"angle":-1.02},{"time":1.8}],"translate":[{},{"time":0.4667,"x":-11.28,"y":0.7},{"time":0.6667,"x":-14.02,"y":-4.73},{"time":1},{"time":1.4667,"x":-1.19,"y":8.45},{"time":1.8}],"scale":[{"time":0.4667},{"time":0.6667,"y":1.033},{"time":1}]}}}}},[0]]],0,0,[0],[-1],[3]],[[{"name":"cabbage_bullet","rect":[0,1,36,30],"offset":[-0.5,-0.5],"originalSize":[37,31],"capInsets":[0,0,0,0]}],[4],0,[0],[9],[4]],[[[3,"CabbageBullet"],[12,"CabbageBullet",1,[-4],[[19,20,-2],[20,-3]],[6,-1,0]],[11,"cabbage_bullet",1,[[21,-5,[0],1]],[0,"fbZPQH5z5DrbcUFIxHKIab",1,0],[5,36,30]]],0,[0,2,1,0,1,1,0,1,1,0,-1,2,0,1,2,0,3,1,5],[0,0],[-1,10],[5,6]]]]