[1,["7a/QZLET9IDreTiBfRn2PD","6azlwncvFHQa+zRpkA+1Hv","c12TC/aX5Jl4JZf1/5rU1s"],["root","spine","node","data","_N$skeletonData"],[["cc.PrefabInfo",["fileId","root","asset"],2,1,1],["cc.Prefab",["_name"],2],["cc.Node",["_name","_children","_components","_prefab"],2,2,9,4],["cc.Node",["_name","_parent","_components","_prefab"],2,1,2,4],["b2afbvP8rxKZpOCQLPbuZGR",["aniName","node","spine"],2,1,1],["sp.Skeleton",["defaultSkin","defaultAnimation","_preCacheMode","_animationName","node","_materials"],-1,1,3],["261d4+Q1HdGA5w3tjdBw83c",["node","spineAnimation"],3,1,1],["sp.SkeletonData",["_name","_atlasText","textureNames","_skeletonJson","textures"],-1,3]],[[1,0,2],[2,0,1,2,3,2],[3,0,1,2,3,2],[4,0,1,2,2],[0,1,2,1],[0,0,1,2,2],[5,0,1,2,3,4,5,5],[6,0,1,1],[7,0,1,2,3,4,5]],[[[[0,"NutHurtEffect"],[1,"NutHurtEffect",[-4],[[3,"blow1",-3,-2]],[4,-1,0]],[2,"04FX",1,[-5,-6],[5,"91xNI6yAhPnIDZQyyc18RU",1,0]],[6,"default","blow1",0,"blow1",2,[0]],[7,2,3]],0,[0,0,1,0,1,4,0,2,1,0,-1,2,0,-1,3,0,-2,4,0,3,1,6],[0,3],[-1,4],[0,1]],[[[8,"04FX","\n04FX.png\nsize: 64,32\nformat: RGBA8888\nfilter: Linear,Linear\nrepeat: none\n04FX1\n  rotate: true\n  xy: 25, 11\n  size: 7, 6\n  orig: 15, 15\n  offset: 4, 5\n  index: -1\n04FX2\n  rotate: false\n  xy: 33, 12\n  size: 6, 6\n  orig: 14, 14\n  offset: 4, 4\n  index: -1\n04FX3\n  rotate: false\n  xy: 33, 4\n  size: 5, 6\n  orig: 13, 14\n  offset: 4, 4\n  index: -1\n4FX1\n  rotate: true\n  xy: 2, 3\n  size: 12, 10\n  orig: 20, 18\n  offset: 4, 4\n  index: -1\n4FX2\n  rotate: false\n  xy: 34, 23\n  size: 6, 6\n  orig: 14, 14\n  offset: 4, 4\n  index: -1\n4FX3\n  rotate: false\n  xy: 25, 20\n  size: 7, 9\n  orig: 15, 17\n  offset: 4, 4\n  index: -1\n4FX4\n  rotate: false\n  xy: 2, 17\n  size: 12, 12\n  orig: 20, 20\n  offset: 4, 4\n  index: -1\n4FX5\n  rotate: true\n  xy: 14, 2\n  size: 13, 9\n  orig: 21, 17\n  offset: 4, 4\n  index: -1\n4FX6\n  rotate: false\n  xy: 25, 2\n  size: 6, 7\n  orig: 14, 15\n  offset: 4, 4\n  index: -1\n4FX7\n  rotate: true\n  xy: 16, 19\n  size: 10, 7\n  orig: 18, 15\n  offset: 4, 4\n  index: -1\n",["04FX.png"],{"skeleton":{"hash":"cyuaMAId79pKQXYYx7ywzEOY9S8","spine":"3.8.99"},"bones":[{"name":"root"},{"name":"04FX","parent":"root"},{"name":"4FX1","parent":"04FX","x":13.61,"y":6.5},{"name":"4FX3","parent":"04FX","x":1.67,"y":6.05},{"name":"4FX2","parent":"04FX","x":6.26,"y":8.75},{"name":"4FX4","parent":"04FX","x":7.43,"y":-0.43},{"name":"4FX6","parent":"04FX","x":2.93,"y":-6.46},{"name":"4FX5","parent":"04FX","x":1.31,"y":-9.61},{"name":"4FX7","parent":"04FX","x":-14.17,"y":-4.39},{"name":"04FX100","parent":"root"},{"name":"04FX1","parent":"04FX100","x":-4.54,"y":8.78},{"name":"04FX3","parent":"04FX100","x":5,"y":10.59},{"name":"04FX4","parent":"04FX100","x":1.22,"y":10.93}],"slots":[{"name":"4FX7","bone":"4FX7","attachment":"4FX7"},{"name":"4FX6","bone":"4FX6","attachment":"4FX6"},{"name":"4FX5","bone":"4FX5","attachment":"4FX5"},{"name":"4FX4","bone":"4FX4","attachment":"4FX4"},{"name":"4FX3","bone":"4FX3","attachment":"4FX3"},{"name":"4FX2","bone":"4FX2","attachment":"4FX2"},{"name":"4FX1","bone":"4FX1","attachment":"4FX1"},{"name":"04FX3","bone":"04FX3"},{"name":"04FX2","bone":"04FX4"},{"name":"04FX1","bone":"04FX1"}],"skins":[{"name":"default","attachments":{"04FX1":{"04FX1":{"x":0.04,"y":-0.28,"width":15,"height":15}},"4FX1":{"4FX1":{"x":-0.61,"y":-0.5,"width":20,"height":18}},"04FX2":{"04FX2":{"x":-0.22,"y":0.07,"width":14,"height":14}},"4FX2":{"4FX2":{"x":-0.26,"y":0.25,"width":14,"height":14}},"04FX3":{"04FX3":{"x":-0.5,"y":-0.59,"width":13,"height":14}},"4FX3":{"4FX3":{"x":-0.17,"y":0.45,"width":15,"height":17}},"4FX4":{"4FX4":{"x":-0.43,"y":0.43,"width":20,"height":20}},"4FX5":{"4FX5":{"x":0.19,"y":0.11,"width":21,"height":17}},"4FX6":{"4FX6":{"x":0.07,"y":-0.04,"width":14,"height":15}},"4FX7":{"4FX7":{"x":-0.83,"y":-0.11,"width":18,"height":15}}}}],"animations":{"blow1":{"slots":{"04FX1":{"color":[{"time":0.4,"color":"ffffffff"},{"time":0.5,"color":"ffffff00"}],"attachment":[{"name":"04FX1"}]},"4FX1":{"attachment":[{"name":null}]},"04FX2":{"color":[{"time":0.4,"color":"ffffffff"},{"time":0.5,"color":"ffffff00"}],"attachment":[{"name":"04FX2"}]},"4FX2":{"attachment":[{"name":null}]},"04FX3":{"color":[{"time":0.4,"color":"ffffffff"},{"time":0.5,"color":"ffffff00"}],"attachment":[{"name":"04FX3"}]},"4FX3":{"attachment":[{"name":null}]},"4FX4":{"attachment":[{"name":null}]},"4FX5":{"attachment":[{"name":null}]},"4FX6":{"attachment":[{"name":null}]},"4FX7":{"attachment":[{"name":null}]}},"bones":{"04FX4":{"rotate":[{},{"time":0.2,"angle":31.83},{"time":0.4667,"angle":84.84}],"translate":[{"x":-0.52,"y":-9.24},{"time":0.2,"x":-8.4,"y":6.24},{"time":0.4667,"x":-19.81,"y":-10}],"scale":[{},{"time":0.2,"x":1.183,"y":1.183}]},"04FX3":{"rotate":[{},{"time":0.2,"angle":31.83},{"time":0.4667,"angle":84.84}],"translate":[{"x":-0.52,"y":-9.24},{"time":0.2,"x":-8.07,"y":0.93},{"time":0.4667,"x":-17.66,"y":-10.88}],"scale":[{},{"time":0.2,"x":1.183,"y":1.183}]},"04FX1":{"rotate":[{},{"time":0.2,"angle":27.61},{"time":0.4667,"angle":80.62}],"translate":[{"x":2.56,"y":-4.83},{"time":0.2,"x":-5.26,"y":4.95},{"time":0.4667,"x":-14.99,"y":-14.51}],"scale":[{},{"time":0.2,"x":1.183,"y":1.183}]}}},"blow2":{"slots":{"4FX1":{"color":[{"time":0.4,"color":"ffffffff"},{"time":0.5,"color":"ffffff00"}]},"4FX2":{"color":[{"time":0.3667,"color":"ffffffff"},{"time":0.4667,"color":"ffffff00"}]},"4FX3":{"color":[{"time":0.4,"color":"ffffffff"},{"time":0.5,"color":"ffffff00"}]},"4FX4":{"color":[{"time":0.5333,"color":"ffffffff"},{"time":0.6333,"color":"ffffff00"}]},"4FX5":{"color":[{"time":0.4333,"color":"ffffffff"},{"time":0.5333,"color":"ffffff00"}]},"4FX6":{"color":[{"time":0.4,"color":"ffffffff"},{"time":0.5,"color":"ffffff00"}]},"4FX7":{"color":[{"time":0.4,"color":"ffffffff"},{"time":0.5,"color":"ffffff00"}]}},"bones":{"4FX1":{"rotate":[{"time":0.2333},{"time":0.4667,"angle":-43.64}],"translate":[{"x":-0.42,"y":-11.34},{"time":0.2333,"x":2.97,"y":15.37},{"time":0.4667,"x":15.4,"y":-8.41}]},"4FX3":{"translate":[{"y":-7.53},{"time":0.2333,"x":-4.48,"y":12.42},{"time":0.4667,"x":-8,"y":-1.83}]},"4FX2":{"rotate":[{"time":0.2},{"time":0.4333,"angle":21.74}],"translate":[{"x":0.74,"y":-9.01},{"time":0.2,"x":-2.12,"y":10.07},{"time":0.4333,"x":-8.26,"y":-6.95}]},"4FX4":{"rotate":[{"time":0.2667},{"time":0.6,"angle":-94.16}],"translate":[{"x":0.32,"y":-5.83},{"time":0.2667,"x":7.68,"y":24.88},{"time":0.6,"x":24.31,"y":-4.83}]},"4FX6":{"translate":[{},{"time":0.2333,"x":-4.45,"y":21.31},{"time":0.4667,"x":-5.49,"y":6.89}]},"4FX5":{"rotate":[{"time":0.2333},{"time":0.5,"angle":39.71}],"translate":[{},{"time":0.2333,"x":-10.32,"y":30.23},{"time":0.5,"x":-13.09,"y":5.64}]},"4FX7":{"rotate":[{"time":0.2333},{"time":0.4667,"angle":33.1}],"translate":[{"x":9.68,"y":-1.37},{"time":0.2333,"x":-3.5,"y":7.95},{"time":0.4667,"x":-12.34,"y":-11.62}]}}}}},[0]]],0,0,[0],[-1],[2]]]]