[1,["26UtyyP1pBrZ7ENmwzeld6","c4kCXqMrBFGIw9fqv72LAT","411nc7U+ZFjoNzq75i572h","02kAcpb5tKmrOSH9eaTq3/","f2tJTBjNVEsrT7KSTaZMR4","ecpdLyjvZBwrvm+cedCcQy","79PpEqzj5HdbWRiHxAEv05","aelFYg16FESLQjiFoPb4Iz","35bI6wZXVGV7/KsiZ4ee3F","ceqsNCjftC6Id5I1rlz21n","5a3BZtSMFMm4BZ3fLEbxXU","eeeE2YnLFBBJEqx6GEbwer","caJ6+8lfRKbZRV1krP5awG","1e9vl9A+dIL4alP5z8jnm2","9e6racdc1Or5t4Szn6N4KL","a8aI9N65VHW4/R6KVxDVMy","14VswDvjJPKZ+G0Zob3uWc","032gExAYVLEqybRJBwOqpj","99gJ+7OVZJVpkySBKA03Tu","21cSOQk79DYqC+yGg3fuD1","42Ac4WX9pM8ZiMPqDPTXiQ","d29UlVF55M54KCfUXDr3kJ","cc2BBGUGhAeLYqCA4irzcJ","0e2Ph1rBpMjbuWka9+1h13","06YUHxZ6pIwZUKNIfYVJb8"],["_textureSetter","node","root","ani","data"],["cc.SpriteFrame",["cc.PrefabInfo",["fileId","root","asset"],2,1,1],["cc.Prefab",["_name"],2],["cc.Node",["_name","_children","_components","_prefab"],2,2,9,4],["cc.Node",["_name","_parent","_components","_prefab","_contentSize"],2,1,12,4,5],["7c9ef+mNP5N/ZWOKV0x/u2L",["node","ani"],3,1,1],["cc.Sprite",["node","_materials"],3,1,3],["2f54fyh8VpKBaCciEDVPkHC",["duration","node","spriteFrames"],2,1,3]],[[2,0,2],[3,0,1,2,3,2],[4,0,1,2,3,4,2],[5,0,1,1],[1,1,2,1],[1,0,1,2,2],[6,0,1,1],[7,0,1,2,2]],[[[{"name":"07FX_12","rect":[107,117,149,59],"offset":[8.5,11],"originalSize":[346,315],"capInsets":[0,0,0,0]}],[0],0,[0],[0],[0]],[[{"name":"07FX_11","rect":[51,58,247,196],"offset":[1.5,1.5],"originalSize":[346,315],"capInsets":[0,0,0,0]}],[0],0,[0],[0],[1]],[[{"name":"07FX_8","rect":[10,0,331,307],"offset":[2.5,4],"originalSize":[346,315],"capInsets":[0,0,0,0]}],[0],0,[0],[0],[2]],[[{"name":"07FX_3","rect":[50,49,237,240],"offset":[-4.5,-11.5],"originalSize":[346,315],"capInsets":[0,0,0,0]}],[0],0,[0],[0],[3]],[[{"name":"07FX_5","rect":[23,20,309,293],"offset":[4.5,-9],"originalSize":[346,315],"capInsets":[0,0,0,0]}],[0],0,[0],[0],[4]],[[[0,"NutBoomEffect"],[1,"NutBoomEffect",[-4],[[3,-3,-2]],[4,-1,0]],[2,"boom",1,[[[6,-5,[0]],-6],4,1],[5,"dd7xg+yFhL9rDJu5TGLswM",1,0],[5,153,165]],[7,0.04,2,[1,2,3,4,5,6,7,8,9,10,11,12]]],0,[0,2,1,0,3,3,0,1,1,0,-1,2,0,1,2,0,-2,3,0,4,1,6],[0,0,0,0,0,0,0,0,0,0,0,0,0],[-1,-1,-2,-3,-4,-5,-6,-7,-8,-9,-10,-11,-12],[5,6,7,8,9,10,11,12,13,14,15,16,17]],[[{"name":"07FX_1","rect":[97,76,153,165],"offset":[0.5,-1],"originalSize":[346,315],"capInsets":[0,0,0,0]}],[0],0,[0],[0],[18]],[[{"name":"07FX_9","rect":[18,8,316,297],"offset":[3,1],"originalSize":[346,315],"capInsets":[0,0,0,0]}],[0],0,[0],[0],[19]],[[{"name":"07FX_10","rect":[25,19,303,248],"offset":[3.5,14.5],"originalSize":[346,315],"capInsets":[0,0,0,0]}],[0],0,[0],[0],[20]],[[{"name":"07FX_2","rect":[84,67,175,199],"offset":[-1.5,-9],"originalSize":[346,315],"capInsets":[0,0,0,0]}],[0],0,[0],[0],[21]],[[{"name":"07FX_7","rect":[2,0,342,313],"offset":[0,1],"originalSize":[346,315],"capInsets":[0,0,0,0]}],[0],0,[0],[0],[22]],[[{"name":"07FX_4","rect":[31,41,282,264],"offset":[-1,-15.5],"originalSize":[346,315],"capInsets":[0,0,0,0]}],[0],0,[0],[0],[23]],[[{"name":"07FX_6","rect":[0,4,346,311],"offset":[0,-2],"originalSize":[346,315],"capInsets":[0,0,0,0]}],[0],0,[0],[0],[24]]]]