[1,["ecpdLyjvZBwrvm+cedCcQy","02dhdsTcVCsoFNUtfQjQbc","96Md++HTxBDIfXDP2Mi7Kn","72n8tzAEFBl6EBmq3pqqjV","fbG9ekFz1LVbTovIwbQrH0","84DHkCwbFPzIXGU8f29mkb","10YM0a8RtPM6ieQnlaSJi8","3bKBzQy+1G9pJQH30BuHGD","ffkBMOj8pI+oWX2AHYewi8","b0Mrv5PsFNBK8haFlqi0w0","a46O8G9ONM5rFTzHyvOKlU","dddrTE7PJArrEvWvyzCJNT","0fzbQSrtRPQK9dx4Blt8zm","88kdwg7cRPqqET72WdnOc4","e585BjXaNJfo280ccwkcyX","beYucsw/pBMbS2FHhn9KTo","73aKRJcvdNBYQfJOXOv49/","b1pSUoN91MOp+acT7vkrFK","dbdyRLLa1NtLIlMS8QzZZu","58dBI4+mxBtaRNhtPfzuZm"],["node","_spriteFrame","_textureSetter","_N$file","root","data"],[["cc.Node",["_name","_active","_opacity","_components","_prefab","_contentSize","_trs","_parent","_children","_color","_eulerAngles"],0,9,4,5,7,1,2,5,5],"cc.SpriteFrame",["cc.Label",["_string","_N$horizontalAlign","_N$verticalAlign","_N$cacheMode","_fontSize","_styleFlags","_isSystemFontUsed","_N$overflow","_lineHeight","node","_materials","_N$file"],-6,1,3,6],["cc.Sprite",["_sizeMode","_type","node","_materials","_spriteFrame"],1,1,3,6],["cc.PrefabInfo",["fileId","root","asset"],2,1,1],["cc.Prefab",["_name"],2],["20abcDZu61PhLda/WcTcrjq",["node"],3,1],["cc.Button",["_N$transition","node","clickEvents"],2,1,9],["cc.ClickEvent",["_componentId","handler","target"],1,1],["cc.Widget",["_alignFlags","_bottom","_originalWidth","_originalHeight","node"],-1,1],["cc.BlockInputEvents",["node"],3,1],["cc.LabelOutline",["node","_color"],3,1,5],["2ea8bTiIf9D6aZEThZ9EKnt",["node"],3,1],["cc.RichText",["_N$string","_N$fontSize","_N$cacheMode","node"],0,1]],[[4,0,1,2,2],[0,0,7,3,4,5,6,2],[3,2,3,4,1],[11,0,1,1],[0,0,7,8,3,4,5,6,2],[3,1,0,2,3,4,3],[0,0,7,3,4,9,5,6,2],[3,0,2,3,4,2],[7,0,1,2,2],[8,0,1,2,3],[2,0,4,8,5,1,2,3,9,10,8],[2,0,5,1,2,3,9,10,6],[5,0,2],[0,0,8,3,4,5,6,2],[0,0,1,7,8,3,4,5,6,3],[0,0,1,2,7,8,3,4,9,5,6,4],[0,0,7,3,4,5,6,10,2],[0,0,7,3,4,5,2],[6,0,1],[4,1,2,1],[9,0,1,2,3,4,5],[10,0,1],[2,0,4,6,1,2,7,3,9,10,11,8],[2,0,4,5,1,2,3,9,10,7],[2,0,6,1,2,7,3,9,10,11,7],[12,0,1],[13,0,1,2,3,4]],[[[{"name":"s008","rect":[1,0,76,54],"offset":[0.5,0],"originalSize":[77,54],"capInsets":[0,0,0,0]}],[1],0,[0],[2],[3]],[[[12,"ShopItem"],[13,"ShopItem",[-4,-5,-6,-7,-8,-9,-10,-11,-12],[[5,1,0,-2,[33],34],[18,-3]],[19,-1,0],[5,400,130],[-225,160.5,0,0,0,0,1,1,1,1]],[4,"Plant",1,[-14,-15,-16],[[2,-13,[5],6]],[0,"f0bK5icOVJIoSatEPm4KBP",1,0],[5,83,83],[-136.841,2.272,0,0,0,0,1,1,1,1]],[14,"VideoBtn",false,1,[-19,-20],[[5,1,0,-17,[25],26],[8,1,-18,[[9,"20abcDZu61PhLda/WcTcrjq","onClickVideoBtn",1]]]],[0,"8aojVVUg1NGJOLLJc+aQ6F",1,0],[5,150,75],[147.088,-25.825,0,0,0,0,1,0.5,0.5,1]],[15,"Mask",false,180,1,[-24],[[7,0,-21,[29],30],[20,45,-0.5,100,100,-22],[21,-23]],[0,"5aGrAfDhlKVLmh/xyy3qcv",1,0],[4,4278190080],[5,400,130.5],[0,-0.25,0,0,0,0,1,1,1,1]],[4,"Cost",1,[-26,-27],[[2,-25,[17],18]],[0,"c6mW+5vLVEdbrYo7hat3k6",1,0],[5,53,55],[-57.647,-26.694,0,0,0,0,1,0.7,0.7,1]],[4,"CostNum",5,[-30],[[22,"50000",35,false,1,1,2,1,-28,[13],14],[3,-29,[4,4278190080]]],[0,"692NaJDkVK85CjCm2CkpFq",1,0],[5,140,40],[78.936,0,0,0,0,0,1,0.7,0.7,2]],[4,"BuyBtn",1,[-33],[[5,1,0,-31,[20],21],[8,1,-32,[[9,"20abcDZu61PhLda/WcTcrjq","onClickBuyBtn",1]]]],[0,"58+P6YS/pA/5Iz4jrknjj7",1,0],[5,150,75],[146.088,-25.825,0,0,0,0,1,0.5,0.5,1]],[1,"Num",2,[[10,"X2",20,20,1,1,1,1,-34,[4]],[3,-35,[4,4278190080]]],[0,"f4ePyhuwlKDYHsR7Z1Ymes",1,0],[5,26.46,27.2],[36.025,-26.135,0,0,0,0,1,1,1,1]],[1,"Desc",1,[[10,"豌豆少女碎片",28,30,1,1,1,1,-36,[7]],[3,-37,[4,4278190080]]],[0,"f7rl7xKqRBbaj6SwNgqpY8",1,0],[5,170,39.8],[3.505,27.827,0,0,0,0,1,1,1,1]],[4,"Label",1,[-39],[[2,-38,[9],10]],[0,"3fTDla1pdDeJCCM88u9aDr",1,0],[5,76,54],[-172.011,38.476,0,0,0,0,1,1,1,1]],[16,"New Label",10,[[23,"升级中",18,1,1,1,1,-40,[8]],[3,-41,[4,4278190080]]],[0,"2cj8LZroFOc4eCYMxtnqEy",1,0],[5,56,52.4],[-5.717,-2.081,0,0,0,0.17364817766693033,0.984807753012208,1,1,1],[1,0,0,20]],[1,"New Label",7,[[11,"兑换",1,1,1,2,-42,[19]],[3,-43,[4,4278190080]]],[0,"78rT9qCRFAd5KMCy2ovs1+",1,0],[5,82,42],[0,4.947,0,0,0,0,1,1,1,1]],[1,"New Label",3,[[11,"免费",1,1,1,1,-44,[22]],[3,-45,[4,4278190080]]],[0,"10ZJDZRWpPfbGcOtEmb8MV",1,0],[5,82,52.4],[26.403,4.947,0,0,0,0,1,1,1,1]],[1,"video",3,[[2,-46,[23],24],[25,-47]],[0,"8fpS/Jxy5A07WNvOO8AgBO",1,0],[5,80,57],[-47.181,1.902,0,0,0,0,1,0.5,0.5,1]],[1,"PlantIcon",2,[[2,-48,[0],1]],[0,"75yVvMkKFJh5GNDHHTavRq",1,0],[5,78,97],[0,0,0,0,0,0,1,0.7,0.7,1]],[1,"Chip",2,[[2,-49,[2],3]],[0,"d4zTEIxNtN0KxAjPWQQo+S",1,0],[5,35,38],[-28.513,-28.582,0,0,0,0,1,0.7,0.7,1]],[6,"Num",1,[[26,"(<color=#FF0000>1</color>/50)",20,1,-50]],[0,"02oQC4cV1HILWE/aZlR164",1,0],[4,4278190080],[5,52.24,50.4],[123.01,29.13,0,0,0,0,1,1,1,1]],[1,"line",6,[[7,0,-51,[11],12]],[0,"98L6PA8DJFaoludK6yQGxm",1,0],[5,70,6],[4.315,-4.003,0,0,0,0,1,2,1.5,1]],[6,"DiscountNum",5,[[24,"168",false,1,1,2,1,-52,[15],16]],[0,"09B3/9aC5HkIe4de9xNcPR",1,0],[4,4279778288],[5,120,40],[184.78,-2.021,0,0,0,0,1,0.7,0.7,2]],[17,"buought",4,[[2,-53,[27],28]],[0,"a2HUFgrKdBJYzgl624qE7s",1,0],[5,184,97]],[1,"discount",1,[[2,-54,[31],32]],[0,"6cZG5biCJHA7rIwAYz+dgw",1,0],[5,75,70],[184.546,50.378,0,0,0,0,1,1,1,1]]],0,[0,4,1,0,0,1,0,0,1,0,-1,2,0,-2,9,0,-3,17,0,-4,10,0,-5,5,0,-6,7,0,-7,3,0,-8,4,0,-9,21,0,0,2,0,-1,15,0,-2,16,0,-3,8,0,0,3,0,0,3,0,-1,13,0,-2,14,0,0,4,0,0,4,0,0,4,0,-1,20,0,0,5,0,-1,6,0,-2,19,0,0,6,0,0,6,0,-1,18,0,0,7,0,0,7,0,-1,12,0,0,8,0,0,8,0,0,9,0,0,9,0,0,10,0,-1,11,0,0,11,0,0,11,0,0,12,0,0,12,0,0,13,0,0,13,0,0,14,0,0,14,0,0,15,0,0,16,0,0,17,0,0,18,0,0,19,0,0,20,0,0,21,0,5,1,54],[0,0,0,0,0,0,0,0,0,0,0,0,0,0,0,0,0,0,0,0,0,0,0,0,0,0,0,0,0,0,0,0,0,0,0],[-1,1,-1,1,-1,-1,1,-1,-1,-1,1,-1,1,-1,3,-1,3,-1,1,-1,-1,1,-1,-1,1,-1,1,-1,1,-1,1,-1,1,-1,1],[0,4,0,5,0,0,6,0,0,0,7,0,8,0,1,0,1,0,9,0,0,2,0,0,10,0,2,0,11,0,12,0,13,0,14]],[[{"name":"discount5","rect":[2,0,75,70],"offset":[0,0],"originalSize":[79,70],"capInsets":[0,0,0,0]}],[1],0,[0],[2],[15]],[[{"name":"buought","rect":[0,0,184,97],"offset":[0,0],"originalSize":[184,97],"capInsets":[0,0,0,0]}],[1],0,[0],[2],[16]],[[{"name":"s002","rect":[0,0,53,99],"offset":[0,0],"originalSize":[53,99],"capInsets":[3,6,6,9]}],[1],0,[0],[2],[17]],[[{"name":"p_21","rect":[0,0,78,97],"offset":[0,0],"originalSize":[78,97],"capInsets":[0,0,0,0]}],[1],0,[0],[2],[18]],[[{"name":"line2","rect":[0,0,49,6],"offset":[0,0],"originalSize":[49,6],"capInsets":[0,0,0,0]}],[1],0,[0],[2],[19]]]]