[1,["ecpdLyjvZBwrvm+cedCcQy","7a/QZLET9IDreTiBfRn2PD","fd70j7GHxOr6lmvo8xYd/e","0fzbQSrtRPQK9dx4Blt8zm","40O2x0jEhIWZFDT4VW2uko","42WS8McKxDMJ+CM6dL21YG","dctlJBqbdBKJoEbcm3axB7","a46O8G9ONM5rFTzHyvOKlU","876C4BjlBBGLtph+r/cKW9","16YUn5lLVNnaIZtD8MyMNT","96Md++HTxBDIfXDP2Mi7Kn"],["node","_spriteFrame","_N$skeletonData","_textureSetter","root","rewardPanel","data","_parent","_normalMaterial"],[["cc.Node",["_name","_opacity","_active","_prefab","_contentSize","_components","_parent","_trs","_children","_color"],0,4,5,9,1,7,2,5],["cc.Sprite",["_sizeMode","_type","node","_materials","_spriteFrame"],1,1,3,6],["cc.PrefabInfo",["fileId","root","asset"],2,1,1],["cc.Button",["_N$transition","node","clickEvents","_normalMaterial"],2,1,9,6],["cc.ClickEvent",["_componentId","handler","customEventData","target"],0,1],["sp.Skeleton",["defaultSkin","_preCacheMode","defaultAnimation","_animationName","node","_materials","_N$skeletonData"],-1,1,3,6],"cc.SpriteFrame",["cc.Prefab",["_name"],2],["cc.Widget",["_alignFlags","node"],2,1],["10fb9n61IZO/Kkaz6XLU5lH",["node","rewardPanel"],3,1,1],["cc.Layout",["_resize","_N$layoutType","_N$spacingX","node","_layoutSize"],0,1,5],["cc.BlockInputEvents",["node"],3,1],["cc.Label",["_string","_fontSize","_styleFlags","_N$horizontalAlign","_N$verticalAlign","_N$cacheMode","node","_materials"],-3,1,3],["cc.LabelOutline",["node","_color"],3,1,5],["2ea8bTiIf9D6aZEThZ9EKnt",["node"],3,1]],[[2,0,1,2,2],[0,0,6,5,3,4,7,2],[1,2,3,4,1],[0,0,6,8,3,4,7,2],[0,0,6,8,5,3,4,7,2],[0,0,6,5,3,4,2],[1,1,0,2,3,4,3],[3,0,1,2,2],[4,0,1,3,3],[12,0,1,2,3,4,5,6,7,7],[13,0,1,1],[7,0,2],[0,0,8,5,3,7,2],[0,0,8,5,3,4,7,2],[0,0,6,8,3,4,2],[0,0,1,6,5,3,9,4,3],[0,0,2,6,5,3,4,7,3],[8,0,1,2],[9,0,1,1],[2,1,2,1],[1,0,2,3,4,2],[3,0,1,2,3,2],[4,0,1,2,3,4],[10,0,1,2,3,4,4],[11,0,1],[14,0,1],[5,0,2,1,3,4,5,6,5],[5,0,1,4,5,6,3]],[[[{"name":"q007","rect":[0,0,454,122],"offset":[0,0],"originalSize":[454,122],"capInsets":[0,0,0,0]}],[6],0,[0],[3],[2]],[[[11,"TryPanelUI"],[12,"TryPanelUI",[-5,-6],[[17,18,-2],[18,-4,-3]],[19,-1,0],[667,375,0,0,0,0,1,1,1,1]],[13,"VideoBtn",[-9,-10],[[6,1,0,-7,[11],12],[21,1,-8,[[22,"10fb9n61IZO/Kkaz6XLU5lH","onClickVideoBtn","1",1]],13]],[0,"9beHLD2gBOOq45LpieNtsq",1,0],[5,160,75],[-127.955,-269.724,0,0,0,0,1,1,1,1]],[3,"Bg",1,[-11,-12,-13],[0,"a4GehvJxhPw5r8YRqZ6Ou9",1,0],[5,850,530],[23.982,-26.403,0,0,0,0,1,0.9,0.9,1]],[14,"Bg2",3,[-14,-15,-16],[0,"19P8VIB6tM7IfbnSj3Yujs",1,0],[5,820,500]],[4,"RewardPanel",4,[-18],[[23,1,1,100,-17,[5,225,300]]],[0,"6euOYDCu5EfIkANRCqDp6A",1,0],[5,225,300],[0,44.728,0,0,0,0,1,1,1,1]],[4,"Close2",3,[-21],[[6,1,0,-19,[17],18],[7,1,-20,[[8,"10fb9n61IZO/Kkaz6XLU5lH","onClickCloseBtn",1]]]],[0,"770nD0P+9L1YFHCTE0Reux",1,0],[5,160,75],[121.325,-196.575,0,0,0,0,1,1,1,1]],[15,"New Sprite(Splash)",200,1,[[20,0,-22,[0],1],[24,-23]],[0,"c0AuZaYwVAu46aqIT+REFA",1,0],[4,4278190080],[5,1700,750]],[3,"Plant",5,[-24,2],[0,"07QTo2xuNAi5uDkjR9gGXA",1,0],[5,225,300],[0,27.876,0,0,0,0,1,1,1,1]],[1,"New Label",2,[[9,"获得",30,1,1,1,1,-25,[8]],[10,-26,[4,4278190080]]],[0,"5aMSU0d05Ir4ckCMRE1LUZ",1,0],[5,62,52.4],[33.622,1.468,0,0,0,0,1,1,1,1]],[1,"video",2,[[2,-27,[9],10],[25,-28]],[0,"f4y2jqyCJK/Y6149mlCmKR",1,0],[5,80,57],[-36.444,1.023,0,0,0,0,1,0.7,0.7,1]],[16,"Close1",false,3,[[2,-29,[14],15],[7,1,-30,[[8,"10fb9n61IZO/Kkaz6XLU5lH","onClickCloseBtn",1]]]],[0,"19LY0ARMND86SJqnitLmki",1,0],[5,65,65],[412.79,264.612,0,0,0,0,1,1,1,1]],[5,"New Label",6,[[9,"暂不领取",30,1,1,1,1,-31,[16]],[10,-32,[4,4278190080]]],[0,"aef62js2pGwZN44JtSwH/9",1,0],[5,122,52.4]],[1,"Title",4,[[2,-33,[2],3]],[0,"24wM1zREpAiKdP3RR56/u6",1,0],[5,454,122],[-7.009,292.407,0,0,0,0,1,1,1,1]],[5,"New Node",4,[[26,"default","newAnimation4",0,"newAnimation4",-34,[4],5]],[0,"dcKyuekbpLtrQqDYfaiMN/",1,0],[5,701,305]],[1,"Plant",8,[[27,"default",0,-35,[6],7]],[0,"74lzRWIklFEYw0Hj3+NsjJ",1,0],[5,75.15,127.19],[0,-104.135,0,0,0,0,1,2,2,1]]],0,[0,4,1,0,0,1,0,5,5,0,0,1,0,-1,7,0,-2,3,0,0,2,0,0,2,0,-1,9,0,-2,10,0,-1,4,0,-2,11,0,-3,6,0,-1,13,0,-2,14,0,-3,5,0,0,5,0,-1,8,0,0,6,0,0,6,0,-1,12,0,0,7,0,0,7,0,-1,15,0,0,9,0,0,9,0,0,10,0,0,10,0,0,11,0,0,11,0,0,12,0,0,12,0,0,13,0,0,14,0,0,15,0,6,1,2,7,8,35],[0,0,0,0,0,0,0,0,0,0,0,0,0,0,0,0,0,0,0],[-1,1,-1,1,-1,2,-1,2,-1,-1,1,-1,1,8,-1,1,-1,-1,1],[0,3,0,4,1,5,1,6,0,0,7,0,8,0,0,9,0,0,10]]]]