[1,["ecpdLyjvZBwrvm+cedCcQy","66aXTLtotKT791g/7QBKa5","b2acg1EotINI5HvjSa3mEL","d0NuNczcZEDKsj1/gjLA5R","85xyi+DGtGsbLldfJPWRE0","d1vhYXhp5Ifq0aWVqey+9v","4feReURjJOS5g3O2xuzCj9","31x7soOzpIhrqCveFQQKF7","0fzbQSrtRPQK9dx4Blt8zm","fajc5zd45ORofbvXCbmvAp","44dGgHtHdLkYCAb6hHEtrt","a46O8G9ONM5rFTzHyvOKlU","43vm5Ce5tPgIGqg2u7r0Dy"],["node","_spriteFrame","_textureSetter","_parent","root","list","data"],[["cc.Node",["_name","_opacity","_prefab","_components","_contentSize","_trs","_parent","_children","_color","_anchorPoint"],1,4,9,5,7,1,2,5,5],"cc.SpriteFrame",["cc.Widget",["_alignFlags","_originalWidth","_originalHeight","_left","_right","_bottom","node"],-3,1],["cc.Sprite",["_sizeMode","_type","node","_materials","_spriteFrame"],1,1,3,6],["cc.PrefabInfo",["fileId","root","asset"],2,1,1],["cc.Prefab",["_name"],2],["b8f8euRubBES6qVGdStFVOA",["node","list"],3,1,1],["cc.Layout",["_resize","_N$layoutType","_N$paddingLeft","_N$paddingRight","_N$paddingTop","_N$paddingBottom","_N$spacingX","_N$spacingY","node","_layoutSize"],-5,1,5],["cc.Button",["_N$transition","node","clickEvents"],2,1,9],["cc.ClickEvent",["_componentId","handler","target"],1,1],["cc.Mask",["_N$alphaThreshold","node","_materials"],2,1,3],["cc.ScrollView",["horizontal","brake","bounceDuration","_N$horizontalScrollBar","_N$verticalScrollBar","node","_N$content"],-2,1,1],["cc.Label",["_string","_fontSize","_N$horizontalAlign","_N$verticalAlign","_N$cacheMode","node","_materials"],-2,1,3],["cc.LabelOutline",["node","_color"],3,1,5],["2ea8bTiIf9D6aZEThZ9EKnt",["node"],3,1]],[[4,0,1,2,2],[0,0,6,3,2,4,5,2],[3,1,0,2,3,4,3],[3,2,3,4,1],[0,0,7,3,2,4,2],[0,0,6,7,3,2,4,5,2],[2,0,6,2],[8,0,1,2,2],[9,0,1,2,3],[12,0,1,2,3,4,5,6,6],[13,0,1,1],[5,0,2],[0,0,7,3,2,5,2],[0,0,3,2,4,5,2],[0,0,6,7,2,8,4,5,2],[0,0,6,7,3,2,4,2],[0,0,6,3,2,4,9,5,2],[0,0,1,6,3,2,8,4,5,3],[2,0,1,2,6,4],[2,0,3,4,5,1,6,6],[6,0,1,1],[4,1,2,1],[3,0,2,3,4,2],[7,0,1,2,3,4,5,6,7,8,9,9],[10,0,1,2,2],[11,0,1,2,3,4,5,6,6],[14,0,1]],[[[{"name":"s011","rect":[0,0,102,53],"offset":[0,0],"originalSize":[102,53],"capInsets":[0,21,0,0]}],[1],0,[0],[2],[1]],[[{"name":"s001","rect":[0,0,771,131],"offset":[0,0],"originalSize":[771,131],"capInsets":[0,0,0,0]}],[1],0,[0],[2],[2]],[[{"name":"s009","rect":[0,0,43,43],"offset":[0,0],"originalSize":[43,43],"capInsets":[0,0,0,0]}],[1],0,[0],[2],[3]],[[[11,"ShopUI"],[12,"ShopUI",[-5,-6,-7],[[6,18,-2],[20,-4,-3]],[21,-1,0],[667,375,0,0,0,0,1,1,1,1]],[4,"Bg2",[-9,-10,-11],[[2,1,0,-8,[7],8]],[0,"19P8VIB6tM7IfbnSj3Yujs",1,0],[5,920,520]],[13,"List",[[23,1,3,35,35,20,30,40,15,-12,[5,920,520]],[6,1,-13]],[0,"b2yV9Vu/BGQ6g9Ml1TG9h/",1,0],[5,920,520],[0,-50,0,0,0,0,1,1,1,1]],[5,"VideoBtn",1,[-16,-17],[[2,1,0,-14,[19],20],[7,1,-15,[[8,"b8f8euRubBES6qVGdStFVOA","onClickRefreshBtn",1]]]],[0,"42IrzxjP9LR4yfyYVP1sfT",1,0],[5,300,75],[338.904,-327.035,0,0,0,0,1,0.9,0.9,1]],[5,"Bg",1,[2,-19],[[2,1,0,-18,[14],15]],[0,"a4GehvJxhPw5r8YRqZ6Ou9",1,0],[5,950,550],[0,-19.547,0,0,0,0,1,0.98,0.98,1]],[4,"view",[3],[[24,0,-20,[4]],[18,45,240,250,-21]],[0,"e4IfyNBGlE3oNnlrP6Nn0K",1,0],[5,920,420]],[14,"Time",5,[-22,-23,-24],[0,"50RvwFIP9I2aHWouK3RLqh",1,0],[4,4278190080],[5,400,40],[-267.414,-305.413,0,0,0,0,1,1,1,1]],[1,"Back",1,[[3,-25,[0],1],[7,1,-26,[[8,"b8f8euRubBES6qVGdStFVOA","onClickCloseBtn",1]]]],[0,"930zb6GlZGB4wGbOd/Ih3k",1,0],[5,80,79],[-597.618,322.599,0,0,0,0,1,1,1,1]],[15,"New ScrollView",2,[6],[[25,false,0.75,0.23,null,null,-27,3]],[0,"90wmtyUrhKAa9jY1K9zVX4",1,0],[5,920,420]],[1,"s011",2,[[2,1,0,-28,[5],6],[19,44,10,10,12.098000000000013,102,-29]],[0,"4fRNyvKhhPraqlTSqQ7uh+",1,0],[5,900,50],[0,-222.902,0,0,0,0,1,1,1,1]],[16,"New Label",7,[[9,"刷新倒计时：  07：59：59",25,1,1,2,-30,[13]],[10,-31,[4,4278190080]]],[0,"d617BDIjVELakvvqEqcDox",1,0],[5,299.3,42],[0,0,0.5],[-157.344,0,0,0,0,0,1,1,1,1]],[1,"New Label",4,[[9,"立即刷新(0/5)",30,1,1,1,-32,[16]],[10,-33,[4,4278190080]]],[0,"c7fjnmVt1P95NQTCvEut3v",1,0],[5,183.68,52.4],[45.482,4.374,0,0,0,0,1,1,1,1]],[1,"video",4,[[3,-34,[17],18],[26,-35]],[0,"aa1zRHdgVKlKJ5H3Qfp85T",1,0],[5,80,57],[-93.22,0,0,0,0,0,1,0.8,0.8,1]],[1,"Title",2,[[3,-36,[2],3]],[0,"24wM1zREpAiKdP3RR56/u6",1,0],[5,771,131],[-11.694,267.693,0,0,0,0,1,1,1,1]],[17,"Mask",140,7,[[22,0,-37,[9],10]],[0,"34taAmmkdB7JttA0CPmgS4",1,0],[4,4278190080],[5,350,40],[-15.003,0,0,0,0,0,1,1,1,1]],[1,"s009",7,[[3,-38,[11],12]],[0,"ad853IgRNJZp6jSP2/4rym",1,0],[5,43,43],[-183.117,0,0,0,0,0,1,1,1,1]]],0,[0,4,1,0,0,1,0,5,3,0,0,1,0,-1,8,0,-2,5,0,-3,4,0,0,2,0,-1,14,0,-2,9,0,-3,10,0,0,3,0,0,3,0,0,4,0,0,4,0,-1,12,0,-2,13,0,0,5,0,-2,7,0,0,6,0,0,6,0,-1,15,0,-2,16,0,-3,11,0,0,8,0,0,8,0,0,9,0,0,10,0,0,10,0,0,11,0,0,11,0,0,12,0,0,12,0,0,13,0,0,13,0,0,14,0,0,15,0,0,16,0,6,1,2,3,5,3,3,6,6,3,9,38],[0,0,0,0,0,0,0,0,0,0,0,0,0,0,0,0,0,0,0,0,0],[-1,1,-1,1,-1,-1,1,-1,1,-1,1,-1,1,-1,-1,1,-1,-1,1,-1,1],[0,4,0,5,0,0,6,0,7,0,8,0,9,0,0,10,0,0,11,0,12]]]]