{"paths":{"0":["Object/huangyou",0],"1":["UIPrefab/UnLockPlantUI",0],"3":["UIPrefab/GuideUI2",0],"4":["UIPrefab/ChipTipUI",0],"6":["card/card_1",0],"7":["UIPrefab/UpgradeUI",0],"8":["UIPrefab/MainUI",0],"14":["Object/HighLight",0],"15":["UIPrefab/SuccessUI",0],"16":["UIPrefab/RewardUI",0],"24":["Object/Gold",0],"32":["PoolNode/zombie_1",0],"46":["UIPrefab/BallPanelUI",0],"47":["Object/Tip",0],"55":["bullet/bullet_1",0],"73":["UIPrefab/MenuUI",0],"74":["Object/Car",0],"78":["Object/born",0],"88":["UIPrefab/TryPanelUI",0],"101":["Object/Toast",0],"116":["Object/shovel",0],"117":["Object/ShopItem",0],"118":["Object/Chess",0],"120":["PlantPrefab/plant_1",0],"121":["UIPrefab/OnlineRewardUI",0],"122":["UIPrefab/ToastUI",0],"130":["Object/GuideFinger",0],"131":["effect/hurtEffect",0],"143":["PoolNode/zombieBomb",0],"144":["UIPrefab/PauseUI",0],"148":["Object/LevelNum",0],"157":["UIPrefab/DrawUI",0],"165":["UIPrefab/SharePanelUI",0],"176":["card/card_2",0],"178":["Object/ZombieTip",0],"189":["Object/GuidePanel",0],"190":["UIPrefab/PrepareCards",0],"191":["Object/Record",0],"194":["PoolNode/zombie_2",0],"195":["UIPrefab/MoreGameUI",0],"197":["Object/BtnEffect",0],"199":["UIPrefab/NoCoinUI",0],"200":["UIPrefab/SignUI",0],"202":["Object/Bomb",0],"210":["UIPrefab/BossSelectUI",0],"218":["UIPrefab/MoneyPanelUI",0],"221":["Object/plantBall",0],"222":["UIPrefab/FailUI",0],"225":["UIPrefab/ShopUI",0]},"types":["cc.Prefab"],"uuids":["00nAZS5+FNVIOTd19cBvHY","02xe+oJmxDi7dqDoRD3uC/","03Am8gxdJJFLhj8xLILEEk","03gUZYoHpL75wcdon6KiN+","08w66A87FOLaLZ2GPmioqh","0dXDEUbxpEPpr6pQ+mhJhT","0d3hE9LR1HkLuoUjtXupE5","0f0ppG9w5KWam0J+Nbvl+S","15+Deb8sFAn472Ez08RuP3","17S3wNCJVLUoydc39rUFdv","18QXgOkdVN87vDYuGz2cbO","19UNa9dV1AQYL4b3PyZ7o5","19l6HxTHZF05ssqsw71Jwt","1aGDYlpbdHtrVVUGnp1ZVd","1bobZ9ZkVH+IScqhEOe1hB","1brzTd559OObv1d8jZlHYw","1b3qyUnANOsK0Q6+S61mxj","1cNwRt74ZD47P/hB0zK9Wm","1dUWS4fFJLEYva3gvCKZwM","1eITjac3pG5q6jidh6OusP","1fB5STv5ZAl7fvZmlTJmFn","1fgODaXo1Nrpt4dgeja6r8","20aVw90wZAOoG4CykRnNWk","21dnjkWxRLdYRV65LB8RIo","22QR0+U7lEvryiSHv3+/9i","240sSBLylGyqDkA6JTddls","25cmncWK1LQJMfvvyoC3WL","25/71wHHZFCYa9ciipmTPa","27x7M74olAZKdaYMwFEw/U","2796J8leBDcpkInvy1j3UN","289QQYP65JKLFbm6lgaen1","29iJ3iEYVFOod50WrdKXNB","2cTUQ4QcFPR72jdh7gcPFL","2dFcms/dlK7Iuzq5d6Wd03","2dFczoSARN9aTQTVwSjFES","2egr/eXa1J0Ig+CJHCqyTZ","2ezw99TFZCDK76CQ4dB0H9","2e4xTm0wpBXYE8nQMWPg9K","2e5hcvCd5NU4ZJP2a3SJRU","2fOYE8LyFPI7FDVPb6x3iq","2fqhpUwMtCyr3PF9iNmer6","30dwbwYtBGM6hryWmz7bPV","30foMzWtpKoJj16YehtNoJ","30k01a27xCD7BbpK6IovDy","316gNH/KBCk4LHoMDeiVqC","32E9vYWopEML0y+cInYWKt","32SFwaeqxNkpVXW503SBXD","32/oD9wchLAbQBlyg8V4aM","33viVCuvBLp7C7Saa3JyUA","34pxptSP1IGJpKThgp6XgU","35kIiDrxxJUpgKuDCrqTrF","36aaJCLbxAMru71mwo6tyV","37M/b4YDlDjYKEoH7FA7WZ","38uN1fnLJNoqpgyRM8PsqW","3aUazo9NpDjaYw8f/8BKpd","3bmWM+GV9Iw4ZgWJe1ciUq","3c50zc55lPuKL8WVXDb1Pi","3dTs4kfEZIXY3WVhmKO3C6","3dZ58x+IdAg6ja6CRywcrB","3dfkfrvDBAzrqarWcg+/dZ","3e/QkfP7hDaqbyD04emQwH","3fSJfR+PdKLJYFujX0Jlmm","3fSekceupOvKQlyAPeYztZ","3feZo/sgRJT7XmFXdGKnv6","3f/VqPf25OZJlKelTjVBCJ","43CCj/N1JEn6PtmLfNpKsy","43TKi3ittLO6vD7dfbHkGh","44cESUWoBN3b3wjBNtUqCI","44fUt+CKNOB7IuEI2U8/rP","45b6dZMCJJQJ/qvQW4t3FK","46v+c+/HJAgoYNGSkYpG5c","49X/ZiEH9FwYyYyWmKN68D","49s/7a1fBEeLt1yGBUwyf0","4d779+bLFOJoZM9hRJzcRF","4e5teSjeNNA54OmOaqFfwf","52+dz721pHE6msyuQdn4GZ","53x6CmHL9CAr3hiU8LBPQU","54qHuZNxZO1ZKuNcODsf2j","56E52i2YVEKaNplTPL+9ul","58FPHdF6lEgoOhF8MAxa+E","58dBI4+mxBtaRNhtPfzuZm","5bylZEIhFEQKrM95CWwfry","5b4b5cToxEW5qA+UCcOZ28","5b5fbtRNpIj5HN/JC7RV6I","5cXKQsC9RLw7oHtyt/Atwg","5cx4zAfo5A2r4dN4D2X++F","5c+aJtQYJH9apZgcT77b/7","5dLaHgaP5MxZsQuFn9wlGg","5eqO2PighIWrAN3hXWN0cv","60JPesaSZOMK47WHc23x+m","61na2QaZVIkoaWiCeC/2Kl","62RUMfB6ZFvLTz+fwnMa5k","62ZW4R+9pFjLoR4dvir8pi","64ZqO8Vn5ANZaj97a+zBMk","659j2Dl+VIOaGsMfDSt9tU","66aXTLtotKT791g/7QBKa5","67bBED7pdGA7TKN3+mFq+8","67octTBlRAXbMqkHWV83j2","677wwuJvhC1KsIYnajQH54","68ZoocJPRITI6c6YylditA","6bJvzkx65MUJV0oc/7GyR/","6cKTi6h/dIlq5m2RGu6vfA","6cdYxWiw9AiblDp/zoawLx","6daRgr4VFK/rIdKbJ9OHYb","6dmPNYfdxFDLgi27dLx1lJ","6d8Y44DERBEbNjGKDPWj/j","6fuplnNDdGSKloRs8E7UMG","6f8PQ344ZCSLz5uvxAIPun","71VhFCTINJM6/Ky3oX9nBT","72n8tzAEFBl6EBmq3pqqjV","73aKRJcvdNBYQfJOXOv49/","742mXlMT9PU46v6nL+kreg","75z76L7+1Ee5r/kGNszRIH","76UTryIz5KZ6v9kZKDXwMJ","78DrAzmM9NK5/dYX/u80Kk","78la/kZ31FLoPr88/Ijvjs","79Xd8/wG5JX7d4/lqN2oyc","7axmjyxCNGgIUDdfAUbvKi","7bRiM30uBKeJBFbbIpao5/","7cl/n3RtxJYJU12k3bKLvQ","7cyuqv2kBKd5jOmE9e576s","7d6lio5MRPwp3WOuCCGBg5","7ejgw6h11P+4n0O97LJaHW","7fgURPijlOwqt00yY6X/ea","80lM38LzNI74PcptioKrhF","83Si3r+upDK44KscFj6XYX","84IXGXeyRLa7M7D0GkjskZ","84NkgYOWtOCYlGPeImArXk","84WlCZpHNCt4XUiLQkRmyn","88qey0mgFH8q2d+JYk0rTl","8bt/ugNodN2oIODawkSSZa","8eR/nMPOhForAtEVThnGlq","8fWSNx7OtLaZOXx/3sEbns","908KTQLD1Mcpf+gQVBxa13","92l98iRg9KSIiO8hwet+lp","92vYIZ8nRIn5KscvQdK5yS","93BRmdh/xByqwJ+7K1iYgd","96z+KgesFJ1qoSJxig/z04","965caWu6RFhpAUhNAxCPmY","977r4e0jlD/buLZ7QT6pEF","99DcmgcupPxptAWsKW97w7","99Rgo65+JG44C9Jjhndqg0","9cIO3jIJRJI6Es1nY6sP0y","9dpJOs2vpJO6LXTAke7oMn","a1C1OoQApI75sj+V149REg","a21JHgrj5C3LdUvXuqatXk","a3UwTYFQ1LWKf6N4CfXiQJ","a4SslsvLNP359fYUWYOrG/","a4lb1VWCROEKniPT7kCFHH","a5jSbPRUpPmL7AwMeNXiw0","a7geC3H49Ov4qNe4AFrllF","a723aAQnJFra6DS0cw3ZLT","abO0sw1tBB6Z0N1EU0brgf","adYctcwIxOUaWaxQ49+sRB","ad8eKC9VNDWoOii152PWXR","ae/ZEhC9pLxJcOrNiciZ4b","b1pSUoN91MOp+acT7vkrFK","b2C4sqZRRBDpNvcoONPgA3","b2acg1EotINI5HvjSa3mEL","b3IkOIX0RB3Z6HwxMEP14E","b3Zlt0/RhLR6/CYn9NVb3t","b39H6SMo1AGKAb+jbtbN/l","b4P/PCArtIdIH38t6mlw8Y","b8LRA5AaJNpKwtqXdFmKjS","b9LuKb3s9PnLSipxOmtWNR","b9tv4YistIrJYoeVXYu8eA","b90uxv/ThD+r03I9lNoFBS","b91grhr71EYaua26cdd5Po","ba1xoxxhpHebXYQ4AqDsAA","bcS3tfUDlK6Kh1vSTpNj/3","bdpTAqLsBLvISeYGUyowEd","beYucsw/pBMbS2FHhn9KTo","bfBs+GGpRMRre8pUWMA/GQ","bfNCj6t8dEy4wprkLeRiX2","c3C2ExiGdEJ6SQfTGh5kld","c4U8feG35Eqbk0560JsXpN","c6e23RZB9JmYb/A0sQpzYe","caCqKdge1G5ZekAPrpj9dS","cbVkp0o1BIXKie6/fLYT1g","cb97pdDtdBJ7s/jXdRERLh","cc+x3jQwRLZbQKrB+BGD4t","cdDBex0+ZEJJPpnhlaQ0tS","cdrH+tZStKMqCcueU73UOf","ce6ssoYCVNhb3zhfXNv4bu","d0NuNczcZEDKsj1/gjLA5R","d1lKHaUU1PuYdYvDDY5V/I","d3xSrNYs1JebCXrQPdZBpF","d5DpXLo7ZAm4HahOlNtd+l","d5MxsSio1Pzr3oVv/GSZZC","d5rZ3sDr9KxK9cRO/7Sgx9","d6pZvhcVdHxLB7m7umwH7B","d7k9I3LsZDa680rpCdC1uA","d7lpq5t+1D2r5jdBEjkSyo","d8Gzo7qdFK55ozI8UyZSdv","d8JeUzUtJHfolox1ABaM7e","d8XFvZukpMyJ5TfrT50UXm","d9rD4o67xELprw6zAko3/o","dafUaZdXJFYINtEu9AF8AU","dbdyRLLa1NtLIlMS8QzZZu","dcwVIYiC1PK5g0W4giMUfJ","e0LnXwOt1NHJarXRgFepc8","e0eDoYKPdGFqfXW3XLJ46b","e3GxKQqldFkr4uae8cJGMi","e3f5iD0D9M7KnDUXO1Z7xJ","e4lTj3rb9JeoJiLVCxAbrU","e4pGKJKKlP+6Na79XQN6SX","e5kYwYVUpHcqS3BR7oeicK","e6DoeQmJpDgJnCdy6i9tea","e7FIrBmlhIkJWnk4G3pJRz","e8Ueib+qJEhL6mXAHdnwbi","e9H0cu0xRI1pPqhCMZpCEL","e9tanoQ/pNzKcDmmH/tv9q","ecFqbFyH5LqbXGzfMB19jy","ee4BH2wRJFY6H7NXasqtqY","f1KWCjFcVIdYVj0I6NKpy8","f1bCbcejRL3KRskyLhlH98","f2ywn+aX5AxoiG3Z1bu36O","f4NYq9BaFJpqeq0+B6sQoA","f5CRu8/KtK6L0bT8tJ21iD","f5WNOVTyRMp49KjvcPpuBI","f5cbaN1G5M9akv1ILvCMWB","f6FSXfJz9LGLFVg+MV1xLK","f8fbhgF3BMg4Xojo0o2Xrp","fdNVnUPH1CnK8Y+8A1kYO5","fd70j7GHxOr6lmvo8xYd/e","ffaw83TndCJJ84PUyYFz1I","01pxtFA41F55RIV4RWfpla","02KpI3wi1LvKslRKNtfMIt","02dhdsTcVCsoFNUtfQjQbc","036glXe/FAz6HjwjoB1FXV","05E1x+zfxA3YYIm5w4TEDa","06PRw5KvFKu6jFXHtHls+V","06f7ko795G+LfXEYf1Mj1j","06isQi8WpM9bYp0TtKwoJ6","07E3hO8NRBB7ka1bV0mghN","07S45OcrdJmLGpjLdRe9dN","08DLjsNBdNqagO0YA6wMZX","09ESwEGKpA7bINqM1GihpX","0cIMsao6FEjrKdB6UBnIP/","0c6QvkU4VGGZlEFzwYBXTo","0dzZvj0dlHp7XmC9AWvfYC","0fzbQSrtRPQK9dx4Blt8zm","10YM0a8RtPM6ieQnlaSJi8","10zinWyshHUbngVKm7pICZ","12R3ZzBFxPjYpHOkwJBdka","14qJ3IJaFEybhAoFPe8+BX","16MCzx1pFITqWDUDLpx9ZL","16O9CWThtJIpqF+vHewgJo","16YUn5lLVNnaIZtD8MyMNT","168420GC1LyL5fpAYDl7R6","17CQJhmftM4KHp82Mlz6r7","18wY9tnrdHnLGShX2BuLgX","184UbtL8hNK4EDvNBkH+Bh","1aYYLnNhJEJphHTSXfZHRe","1als7FkEpPAa7jIWOysKyS","1cst551qxGXrn/QkPxRu7S","1c1lJo5SRMx5btgVekkpER","1d4VnN6uZJspI99VAOYCFO","1epF1HRXRJMKAI+MRVai9g","1fB7rfMhdBOI3ODjhs8pBH","21iZkzMENPM75HW49XtGDa","22I3h5QfZPE5UjWHnW5/oR","220pUxxhhB/JQfTVsPE/xD","25KZYXHopBFodHpk4AV1J8","25doe6kxdH+7uLivwmrDgL","253NxmFU1I15PgaBa50jBE","29FYIk+N1GYaeWH/q1NxQO","29sOf3MH9O8qtPKPsYI1G4","2aGiS53AJOb7KKUS4wkiqm","2dU2peTNNMoYqqgpHoPidP","2dZNhmYT1Pw6TXLdpkERj6","30GNR+VChK56S7gOx7JcR1","31v4G/MyhJxqrVHtWgIHYA","31x7soOzpIhrqCveFQQKF7","320XbZqdZNVJyHsjdFSxBN","32+5eAL8dOtL+eW+E28xIz","33fVyrkh5HV6oqYsfFlKgx","336R6NyCVCeacUNmgd0fnK","34W7DxHl5LXJ08HcQP2LH5","34vPXMeQBDqYZT248ez97v","36AncVtV5Nuo9kfTtrj1Ir","36eeyRi9hJeKXA2n6RdB1L","36mk1I2E9N0ptZGxMam7B+","36ukj5bfFFlqLOMT5WTJrd","37FhL1gqBAGYyaeVrxCMoo","38a4GNF5VHJoeW8UhQVV8c","381nUw+D1NmKteG97jBcI3","39Km2gox5Cwrx2UPT5DhTz","39WjXg92BKO4fXdE74XWDb","3ae7efMv1CLq2ilvUY/tQi","3bKBzQy+1G9pJQH30BuHGD","3cOPvuNsBLy74i/1Qz0VO7","3eX4Ms6ZhBs5asgqRBH4oo","40O2x0jEhIWZFDT4VW2uko","40fKTTluBND4bAOPjADP/0","40p/yAAcZOt79+AAiRQlcc","41cSmHkoJBy4ZY5vN/nNgs","416fsVcvNJVrMBJAJ+4XSP","42WS8McKxDMJ+CM6dL21YG","43vm5Ce5tPgIGqg2u7r0Dy","44dGgHtHdLkYCAb6hHEtrt","49MnljUqJKEpkm/d86YiYs","4ap4lZA81KxqrUXZ1o6WEm","4c7ySwxGtEjra85yxZrKnR","4dcOWqvt5C3IXklJYh9ebB","4dywfOycZEzIH1iWd8av+o","4eNOpIn8RNJLesIP0HasRw","4feReURjJOS5g3O2xuzCj9","4fy3p1e5tHp4Mc80yDfPMa","51pEkuEX1JrbIfYaP/v0j4","54Zrg6G7ZIgq8mkAD19A49","548JxnapZD6INqRXAkQbO7","54+3ERr5ZC2bklh4xbWlsX","59ChTF//ZERahI6VTR8Ko9","59eWHzAgxKFrdF5QPqLwK2","5c91EULQpFj7wPmeDdkopQ","5euaBUFoJFQq8D4CyNHEGU","5fnQNIS1VGlK8gJt9SJ/ui","60ESBv7KVDV4DJaAZ0AqRA","60epcAz3tPGpvJkiBRF+JK","603bqvNiBCZrLNAzUw/aWe","64pMllLmlJU7mLlDOWcm69","686ueVnyNEiIjW8vGE5T3b","69t9FHGrtEY6GK+oHNslBW","6bxEjtsD9C+5mOOmTv3XGv","6f9PS8NYVPrIpGUE0c6U7/","70XS8fEIVOvIx4E+U6PrGo","701PxxWO9KY4jx8rYKS1sG","72JIspRc9GVpdDo/cCnJ9e","72uWlXgNJMALc3U1bNYIyl","74OshXEUFC8ZQLuqImZcsx","74so6z+ZZBr5+rArdp22wq","748jUsid1K1Ygk7lm/ixIT","75cYM9pOVDgJ5Iy9wWnTim","770Bn173xNpYmAojzupdGX","78QdGrRHVMm5YX7fuB9N8O","78jbHMlBNOg6eL2bO8wwTT","79FSt8pK1DE43KZ4+21dFv","7aOlQlO5xOVaPLesii36eQ","7a/QZLET9IDreTiBfRn2PD","7b81VUBs1AupPIllCa8glk","7b92xvcRZBR5HeMqdAU/s/","7e0MWYCAxEDqnWIzUy1eZd","7fMBEc4EpDr7GLej+8AW8V","82MsrW1MhOLYg+y7JEAmBA","83vgAsjqRI856mvW+o5oGR","84DHkCwbFPzIXGU8f29mkb","84zvP6kB5JBJ8Wz8xizFTA","85xyi+DGtGsbLldfJPWRE0","86AwlO/YRD+KtqFZuUoO2q","87GWPx2zNCJrnEnTJhZvMP","876C4BjlBBGLtph+r/cKW9","88VJqqDB9Fv6gBlve0r+D9","88kdwg7cRPqqET72WdnOc4","89JCerN55EEI6t+TsHl+L0","89c2ysTEFIVo+ecKnBWh1t","8asG0vyjJIXZ/q4xDTP5W4","8dhbNFpMNE+IizU50qMIPQ","8fCfDhcPxFmLyx2epTdlqq","8fTpl6qDZHCq8Rdl0f9/tK","90lkKBYcVNAYKUiQmpPSO+","92Iwc5aXZJgImTsOrfKcr1","96Md++HTxBDIfXDP2Mi7Kn","96/EzdiZpFiaMUp1hTDaut","97G0Et0YRB1oHGm+904/qq","98OxUT6sxAk7opaGmvW2Uw","9acL9ZGIhBmJt1448cb5T+","9andpTrPVEobMAjnPUtJwF","9a/ZggvXlKR5+mARO6ES6P","9cQAlWAVFGsIHCFhe65gpr","9caDlA7QtAPYPqDljgu4xW","9ebFJt9JNJpIPTvY/5hmwL","a0OIMjSTZCja4Yyi0TEF4D","a1U5RdJRFMFL57BdJC9H1X","a46O8G9ONM5rFTzHyvOKlU","a8WLbyfMtBproHHXSYnM7c","a9kDZPoGZI6ZI8ptZPkBs7","abjKTaOmZKu7ik78qlLhpd","acmcvt7QZDxKhXkrG6XY9q","adtbNVS8BLlb/BwvuC8Wk6","afKH6LrrlAzqOc3Bqj0ZSF","b0J0cQBVlNZLmNBYCYNYJx","b0Mrv5PsFNBK8haFlqi0w0","b1c7JsWUdP5qk7cyQprR/w","b1sHZIaEhCN49j97yTSagp","b2bujnIlZKUrrMLzwIVp++","b4QB0xcXBAwbaMtQitWMC2","b77jF6oOJPLpJGvF2s4ypu","b84aKfxOFNCIR1inaM9IyD","b9CzAcFS5OY7Tw6Zc0odQy","b9YaRWgGFII6NK6n9aGhBC","bbJc5AT6hDaItTDAjcLZR9","bcIiZvoj9GYr4cQCsTTHYs","bcLJ9daa5JnoissAF7vtTI","bergrheWBJdomkEjF9gV6B","bfObSb3i9JZJnFCrYEksIa","bflDkAZu1FH47yTlmGDPLu","bfoU3fjBxJqLKv2+MkOvx9","bf51Q6ThlOYLlt+oP/UyBH","bf/4u3Ix9HgaGiMarICcDX","c1RkBmx89I14+zkGZh48W7","c2KSdhv3dGZYTW0uYPRHVo","c4G4AviqdAxLp1yi8PulAj","c43o3YGuRHLZivhtBMRXXN","c53orflM9DHb7ESgZNlo6f","c66j1V38NMVr3lO6X+iYLc","cdeWZvNLxMUbpWLJ0fQXtf","cfUr9tjL9N9aIt2N01KDgZ","cffQGH/bREZb+IqhXxPNyL","d1asfuXFhGMKwnuNtUeMet","d1vhYXhp5Ifq0aWVqey+9v","d2D5q3tedP3YA42sSZcKH8","d5u1D7fB1JaI9i30ADhghu","d6OaQkD+5Ac51HuLLKRoTW","d64u+bntNDp4qtJJ4zBOG+","d7y4RT3dlO7projej+cGbA","d7/0t/c3ZOs4H7iWoQ27zP","dbD8Q7/C5DaIVo0pOJWZ6A","dbfUF9veZO7qzgm+Dctz6F","dcc1jfaedJGKBp8+K39SH7","dctlJBqbdBKJoEbcm3axB7","dddrTE7PJArrEvWvyzCJNT","deBRs2Y4JBLp2+vU5I7goV","deMpx8iu1DGpIQfDfkQ/Bu","deNPwFzR5H/KhfIJh0tGbY","dfbetlJHFIKJL1I4tjQ51V","e25LA+ubJGeaksoip6kFWl","e3FQYbb15B/rPELqUku5Fp","e3dYEGHLNKEo4MQGheuUdZ","e3+sHuFQpON6oFvdtvIExv","e4eEuly1dPT75/oD2QtX8H","e585BjXaNJfo280ccwkcyX","e6FZfiPQlLqaD97f8GvbjX","e78uws6Y1OjaTDVptoaPFx","e8zA2CWSxOzYFTf8YHz53I","e97GVMl6JHh5Ml5qEDdSGa","eaQH/eAV5HYrB+mghdDZeY","ecpdLyjvZBwrvm+cedCcQy","edD5xNtrZCwKBDC6FQUrKu","edW5zvBp5FPoUQo9Ebml/r","efabQwhUNEd5bQSepG+5sn","f0BIwQ8D5Ml7nTNQbh1YlS","f0ZcZZnBZHGrg8E4exs2Ae","f1DO9M9Z5KZoAPwP3uJK38","f1chjh6YxN/7Wa/lZzt4I6","f2OTkGoG1LG5f3lQ/dfA8d","f47QJmeJVJkJHYEdTtnp4N","f5GiyXBBdGwbZB+lnH/es+","f5fp0NzJ9P7bv9aCk2TESj","f5gaTdpdtH3K2/xRXy4Uyg","f90cN9m5FFAIt0Zsd3jjct","fajc5zd45ORofbvXCbmvAp","fa4Ig2dgtAnYWoOGiYSQpO","fbB2NQ8S9HrJg1z1Lz/uWk","fbG9ekFz1LVbTovIwbQrH0","feVnZygwRIV5Mj8f5ra6EY","ffaXtx1mNIZYhC6ASFxAiv","ffkBMOj8pI+oWX2AHYewi8"],"scenes":{},"redirect":[289,0,339,0,373,0,437,0],"deps":["internal"],"packs":{"016e1edd0":[228,399],"016f87f0d":[259,408],"01ce51e9a":[218,453],"020ee1f1c":[2,5,9,10,11,12,13,17,18,19,20,21,22,23,25,26,27,28,29,30,31,33,34,35,36,37,38,39,40,41,42,43,44,45,48,49,50,51,52,53,54,56,57,58,59,60,61,62,63,64,66,67,68,69,70,71,72,75,76,77,79,80,81,82,83,84,85,86,87,89,90,91,92,93,94,95,96,97,98,99,100,102,103,104,105,106,107,108,109,110,111,112,113,114,115,119,123,124,125,126,127,128,129,132,133,134,135,136,137,138,139,140,141,142,145,146,147,149,150,151,152,153,154,155,156,158,159,160,161,162,163,164,166,167,168,169,170,171,172,173,174,175,177,179,180,181,182,183,184,185,186,187,188,192,193,196,198,201,203,204,205,206,207,208,209,211,212,213,214,215,216,217,219,220,223,224],"021ffc16d":[230,6,272,304,309,323,401],"024a69c95":[265,280],"0273062a7":[313,354,376,379],"027624912":[245,268,276,286,317,318,329,334,349,358,157,393,433],"028499eea":[244,319,338,121,378,395,432],"029a6ed27":[411,197],"02c6b3c2d":[404,428],"03a70689f":[391,222],"03b50c826":[232,236,277,292,296,333,341,355,356,365,381,403,405,190,416],"04609d996":[46,274,284,368],"046d8b17f":[176,440],"049b7e3fe":[311,322,328],"05533b3b0":[260,24],"0596ffae8":[290,117,353,421,431,454,457],"05d2a0cd3":[293,88],"05f014e7e":[307,410,451,225],"0651b8a9d":[229,8,308,310,315,316,325,327,364,419,439,449],"065ed530b":[297,331,345,371,165],"071462058":[267,337],"07952b1c9":[278,101],"08e3010b6":[239,264,301,302,321,342,392,406,210],"090abeeea":[7,256,271,288,306,359,363,370,383,389,414,434,442,443,447],"093be1e00":[252,143],"099e3225e":[233,194],"0ad96d014":[273,300],"0af6eebb0":[226,234,246,249,251,253,262,263,269,270,282,283,285,291,73,320,324,330,335,340,344,347,360,366,367,384,386,387,390,400,407,412,413,418,423,427,429,445,455],"0b3533be1":[227,74,415],"0b3fb58ed":[235,243,287,314,394,409,417,200,426,438,444],"0b7c2d9f2":[32,388],"0ba07eeca":[237,118],"0bad5cd0d":[312,120],"0c339d10f":[266,435,441],"0c5d893eb":[238,240,257,144,396,452],"0cd432761":[326,402,436],"0ce29f6e4":[15,305,369,377,397,446],"0d0357027":[350,178],"0dc99cffc":[1,231,375]},"name":"Prefab","importBase":"import","nativeBase":"native","debug":false,"isZip":false,"encrypted":false,"versions":{"import":[0,"1d833","016e1edd0","bab93","016f87f0d","68b9b","01ce51e9a","d5d15","020ee1f1c","c4b66","021ffc16d","30472","024a69c95","3ac74","0273062a7","988ec","027624912","758fa","028499eea","4887f","029a6ed27","dd2dc","02c6b3c2d","25803",3,"5c4fb","03a70689f","8ae7b","03b50c826","f8fcc","04609d996","b937d","046d8b17f","3caea","049b7e3fe","2b904","05533b3b0","53404","0596ffae8","94e46","05d2a0cd3","8bf22","05f014e7e","b3c00","0651b8a9d","f2b7d","065ed530b","def93","071462058","9ee9d","07952b1c9","c60d0",4,"c674a","08e3010b6","629a1","090abeeea","992e0","093be1e00","7bec8","099e3225e","8f856","0ad96d014","29622","0af6eebb0","5551d","0b3533be1","0bed1","0b3fb58ed","c4067","0b7c2d9f2","f6d8a","0ba07eeca","c3d54","0bad5cd0d","aca5d","0c339d10f","a9ccb","0c5d893eb","1aebb","0cd432761","db8d8","0ce29f6e4","c68d6","0d0357027","29790","0dc99cffc","37f26",241,"4d4c9",242,"029b6",247,"15fd2",248,"576fd",250,"272c5",254,"002db",14,"c5752",16,"08ffe",255,"fb225",258,"13011",261,"8868c",275,"e660f",47,"2f2c0",279,"c1892",281,"d738e",55,"49a3e",294,"553fd",295,"a5e88",298,"a9f30",65,"29eb4",299,"8cc24",303,"60a11",78,"2528f",332,"6b731",336,"39957",116,"91448",122,"a3dd9",343,"30a63",346,"a1ab5",348,"1d37a",351,"a6952",352,"81ab6",130,"a0359",357,"60f99",131,"0f86c",361,"b7955",362,"0cdd8",372,"9e1a5",148,"0a16a",374,"c3ec8",380,"70ba5",382,"0df30",385,"18322",398,"a3fa1",189,"30403",191,"97e5f",195,"feeac",420,"f28c2",199,"52b78",422,"2f4bc",424,"f3b8c",425,"e31e8",202,"7b133",430,"c4cb5",448,"f4fa9",221,"492dc",450,"df906",456,"ef7cd"],"native":[2,"ff4d0",5,"ba714",9,"791f2",10,"5f0c2",11,"68606",12,"bb8bd",13,"d3c28",17,"0c2f4",18,"45d74",19,"8cf3c",20,"f7ed0",21,"7ec73",22,"8cfa8",23,"3a254",25,"37998",26,"da0da",27,"55815",28,"fd855",29,"bb239",30,"29147",31,"3cc4f",33,"d6888",34,"d4ad4",35,"a16ef",36,"7f598",37,"b2e69",38,"23caa",39,"f86e8",40,"6124f",41,"ba87e",42,"4afc8",43,"4ebd0",44,"b360d",45,"62556",48,"bca89",49,"27b9f",50,"76337",51,"fdda4",52,"abe7e",53,"a47e2",54,"5e1e0",56,"0c6e3",57,"60de1",58,"4b55b",59,"e1f16",60,"b3ef6",61,"c2375",62,"1b1b3",63,"a6869",64,"f46c4",65,"0acea",66,"5748f",67,"dae76",68,"feb6a",69,"1c599",70,"22d41",71,"123a3",72,"994c5",75,"bbd67",76,"9006e",77,"59623",79,"93e39",80,"40dc7",81,"fdacb",82,"85c91",83,"f914d",84,"c26c1",85,"9b5fa",86,"42f66",87,"ffab1",89,"062d9",90,"315bb",91,"44cab",92,"f01a1",93,"6701b",94,"4501b",95,"b966e",96,"506d0",97,"c5407",98,"ac015",99,"ad655",100,"67170",102,"a28e5",103,"e9eb0",104,"7f210",105,"b26db",106,"2badb",107,"a32a8",108,"c06a9",109,"e398f",110,"047ea",111,"7dca1",112,"4c1d1",113,"37bee",114,"cf7d0",115,"c1a31",119,"cd4b7",123,"a7771",124,"aeae8",125,"14765",126,"d1374",127,"17b4e",128,"d2aeb",129,"e537a",132,"6d6f0",133,"9b909",134,"89059",135,"1ddda",136,"557d1",137,"e9bbd",138,"13a7d",139,"52a96",140,"ab223",141,"13caa",142,"6a13a",145,"968bc",146,"9680b",147,"4facf",149,"9e7e5",150,"c6dd0",151,"4f625",152,"5687b",153,"fa938",154,"7928e",155,"9409c",156,"74cce",158,"5afa8",159,"6f58d",160,"89f83",161,"8fabd",162,"83fcc",163,"68042",164,"78c34",166,"54b26",167,"8d460",168,"b2a9e",169,"1eab8",170,"bea7b",171,"287b5",172,"1e34b",173,"05beb",174,"ca0d9",175,"e5a43",177,"b1fcc",179,"789e7",180,"66047",181,"441d9",182,"6d114",183,"5bb30",184,"d529c",185,"408f8",186,"6f2d8",187,"853de",188,"2fb5e",192,"7c2b6",193,"a364e",196,"3a167",198,"8ea79",201,"f6301",203,"36c37",204,"d7a7b",205,"ac7ca",206,"4bde2",207,"6446d",208,"0f6e8",209,"90cf4",211,"5990c",212,"1d09b",213,"53498",214,"347c0",215,"5585f",216,"01141",217,"b4fb4",219,"adee4",220,"7a968",223,"bbc38",224,"ba31c"]}}