[1,["95jDqRiZVL17UOcCVlVFMn"],["_texture"],[["dragonBones.DragonBonesAtlasAsset",["_name","_atlasJson"],1]],[[0,0,1,3]],[[0,"07_caiwen_tex","{\"width\":128,\"SubTexture\":[{\"width\":47,\"y\":128,\"height\":37,\"name\":\"caiwen/youshou\",\"x\":1},{\"width\":48,\"y\":1,\"height\":61,\"name\":\"caiwen/zuoshou\",\"x\":63},{\"width\":62,\"y\":128,\"height\":25,\"name\":\"caiwen/toufa1\",\"x\":50},{\"width\":64,\"y\":64,\"height\":27,\"name\":\"caiwen/toufa0\",\"x\":63},{\"width\":60,\"y\":1,\"height\":90,\"name\":\"caiwen/shenti0\",\"x\":1},{\"frameY\":0,\"y\":185,\"frameWidth\":21,\"frameX\":0,\"frameHeight\":9,\"width\":21,\"height\":8,\"name\":\"caiwen/zui\",\"x\":69},{\"frameY\":0,\"y\":200,\"frameWidth\":33,\"frameX\":-3,\"frameHeight\":8,\"width\":27,\"height\":8,\"name\":\"caiwen/eye0\",\"x\":1},{\"width\":12,\"y\":119,\"height\":17,\"name\":\"caiwen/eye1\",\"x\":114},{\"width\":9,\"y\":138,\"height\":8,\"name\":\"caiwen/yanpi1\",\"x\":114},{\"frameY\":0,\"y\":93,\"frameWidth\":94,\"frameX\":0,\"frameHeight\":34,\"width\":94,\"height\":33,\"name\":\"caiwen/quanfeng\",\"x\":1},{\"frameY\":0,\"y\":167,\"frameWidth\":49,\"frameX\":-14,\"frameHeight\":32,\"width\":32,\"height\":31,\"name\":\"caiwen/guang/4\",\"x\":1},{\"frameY\":-2,\"y\":185,\"frameWidth\":49,\"frameX\":-15,\"frameHeight\":32,\"width\":32,\"height\":28,\"name\":\"caiwen/guang/3\",\"x\":35},{\"frameY\":-13,\"y\":210,\"frameWidth\":49,\"frameX\":0,\"frameHeight\":32,\"width\":21,\"height\":10,\"name\":\"caiwen/guang/0\",\"x\":1},{\"frameY\":-2,\"y\":155,\"frameWidth\":49,\"frameX\":-4,\"frameHeight\":32,\"width\":42,\"height\":28,\"name\":\"caiwen/guang/2\",\"x\":50},{\"frameY\":0,\"y\":155,\"frameWidth\":49,\"frameX\":-13,\"frameHeight\":32,\"width\":32,\"height\":32,\"name\":\"caiwen/guang/5\",\"x\":94},{\"frameY\":-5,\"y\":93,\"frameWidth\":49,\"frameX\":-17,\"frameHeight\":32,\"width\":16,\"height\":24,\"name\":\"caiwen/guang/1\",\"x\":97}],\"imagePath\":\"07_caiwen_tex.png\",\"name\":\"07_caiwen\",\"height\":256}"]],0,0,[0],[0],[0]]