[1,["f2xHAwwe5HuLiLI7qt1r/R"],["_texture"],[["dragonBones.DragonBonesAtlasAsset",["_name","_atlasJson"],1]],[[0,0,1,3]],[[0,"03_maoweicao_tex","{\"width\":128,\"imagePath\":\"03_maoweicao_tex.png\",\"name\":\"03_maoweicao\",\"SubTexture\":[{\"width\":31,\"y\":1,\"height\":68,\"name\":\"03_maoweicao/weiba\",\"x\":62},{\"width\":32,\"y\":90,\"height\":14,\"name\":\"03_maoweicao/yezi2\",\"x\":1},{\"width\":28,\"y\":71,\"height\":13,\"name\":\"03_maoweicao/yezi1\",\"x\":85},{\"width\":42,\"y\":53,\"height\":35,\"name\":\"03_maoweicao/lian\",\"x\":1},{\"width\":21,\"y\":106,\"height\":6,\"name\":\"03_maoweicao/meimao\",\"x\":1},{\"width\":59,\"y\":1,\"height\":50,\"name\":\"03_maoweicao/tou\",\"x\":1},{\"width\":12,\"y\":53,\"height\":9,\"name\":\"03_maoweicao/zui\",\"x\":45},{\"width\":23,\"y\":86,\"height\":13,\"name\":\"03_maoweicao/eye1\",\"x\":85},{\"width\":22,\"y\":92,\"height\":13,\"name\":\"03_maoweicao/eye0\",\"x\":35},{\"width\":38,\"y\":71,\"height\":19,\"name\":\"03_maoweicao/yezi0\",\"x\":45},{\"width\":9,\"y\":106,\"height\":9,\"name\":\"03_maoweicao/weibajian\",\"x\":24}],\"height\":128}"]],0,0,[0],[0],[0]]