[1,["00I+tg8X5ACKDS7wLbTPTz","a3E8laATVKoZrQcHwVzrGF","bewDs+WtNO5a0zwr9YEXrR","b8LdZzLmtMQ7uX+86S9DY+","d67w+qllhMK6+srEkI4sig","12zDF5YfZN2LbnJnso3HHa","6aiARB8MpPWYR98GEfPRSf","9bnlXBZltICLESd7SFB52s"],["_textureSetter"],["cc.SpriteFrame"],0,[[[{"name":"t0","rect":[0,0,171,67],"offset":[0,0],"originalSize":[171,67],"capInsets":[0,0,0,0]}],[0],0,[0],[0],[0]],[[{"name":"p2","rect":[0,0,417,349],"offset":[0,0],"originalSize":[417,349],"capInsets":[0,0,0,0]}],[0],0,[0],[0],[1]],[[{"name":"p1","rect":[0,0,352,293],"offset":[0,0],"originalSize":[352,293],"capInsets":[0,0,0,0]}],[0],0,[0],[0],[2]],[[{"name":"top","rect":[0,0,438,322],"offset":[0,0],"originalSize":[438,322],"capInsets":[0,0,0,0]}],[0],0,[0],[0],[3]],[[{"name":"t2","rect":[0,0,168,67],"offset":[0,0],"originalSize":[168,67],"capInsets":[0,0,0,0]}],[0],0,[0],[0],[4]],[[{"name":"t1","rect":[0,0,167,65],"offset":[0,0],"originalSize":[167,65],"capInsets":[0,0,0,0]}],[0],0,[0],[0],[5]],[[{"name":"p0","rect":[0,0,446,299],"offset":[0,0],"originalSize":[446,299],"capInsets":[0,0,0,0]}],[0],0,[0],[0],[6]],[[{"name":"bottom","rect":[0,0,464,194],"offset":[0,0],"originalSize":[464,194],"capInsets":[0,0,0,0]}],[0],0,[0],[0],[7]]]]