[1,["7a/QZLET9IDreTiBfRn2PD","d77gNkgJpKqaHoECzDxHih","1ed7c1957","ecpdLyjvZBwrvm+cedCcQy","b269Cle+FMwLBI5J8Il7ob","a4om0HzpVJo6MwfUTTI3O1","6e9gstkqxJBahn5uexOpOW","e6Usejl1hHwpIZ4ij6AtTs","47utznWF1A97Ew826CiPx3","1c3ff388b"],["_N$skeletonData","_textureSetter","node","root","fireOutNode","bodyC","ani","data","poolPrefab"],["cc.SpriteFrame",["cc.Node",["_name","_groupIndex","_active","_children","_prefab","_components","_parent","_trs"],0,2,4,9,1,7],["cc.Node",["_name","_groupIndex","_parent","_components","_prefab","_contentSize","_trs"],1,1,2,4,5,7],["cc.PrefabInfo",["fileId","root","asset"],2,1,1],["cc.Prefab",["_name"],2],["cc.Node",["_name","_groupIndex","_parent","_components","_prefab","_contentSize","_anchorPoint"],1,1,12,4,5,5],["f962a6PHAJDh4QujPjimywV",["node","ani","bodyC","fireOutNode","fireAnis","poolPrefab"],3,1,1,1,1,2,6],["cc.Sprite",["node","_materials"],3,1,3],["2f54fyh8VpKBaCciEDVPkHC",["duration","loop","node","spriteFrames"],1,1,3],["cc.CircleCollider",["_radius","node","_offset"],2,1,5],["sp.Skeleton",["defaultSkin","defaultAnimation","_preCacheMode","_cacheMode","loop","premultipliedAlpha","_animationName","_playTimes","_N$enableBatch","node","_materials"],-6,1,3],["261d4+Q1HdGA5w3tjdBw83c",["node","spineAnimation"],3,1,1]],[[3,0,1,2,2],[2,0,1,2,3,4,5,6,3],[10,0,1,2,3,4,5,6,7,8,9,10,10],[11,0,1,1],[4,0,2],[1,0,1,3,5,4,3],[1,0,2,1,6,3,4,7,4],[5,0,1,2,3,4,5,6,3],[2,0,1,2,3,4,3],[6,0,1,2,3,4,5,1],[3,1,2,1],[7,0,1,1],[8,0,1,2,3,3],[9,0,1,2,2]],[[[[4,"RedBoyBallEffect"],[5,"RedBoyBallEffect",8,[-12,-13,-14],[[9,-11,-10,-9,-8,[-2,-3,-4,-5,-6,-7],11]],[10,-1,0]],[6,"fire_out",false,8,1,[-15,-16,-17,-18,-19,-20],[0,"72QBWeIDNFZJJVgK/KqiOU",1,0],[0,10,0,0,0,0,1,1,1,1]],[7,"ani2",8,1,[[[11,-21,[0]],-22],4,1],[0,"83uQg4kQlKWKMW563DiO5S",1,0],[5,153,165],[0,0.5,0]],[1,"12_fire",8,2,[-23,-24],[0,"942SeisrVKh7w63wEga3ii",1,0],[5,186,141],[-80,46,0,0,0,0,1,0.8,0.8,1]],[1,"12_fire2",8,2,[-25,-26],[0,"c69qbXNtJHlpmB8P8qr5Jg",1,0],[5,186,141],[80,46,0,0,0,0,1,0.8,0.8,1]],[1,"12_fire3",8,2,[-27,-28],[0,"60HlUNMIJCTaXlbzJD9YcO",1,0],[5,186,141],[-30,129,0,0,0,0,1,0.8,0.8,1]],[1,"12_fire4",8,2,[-29,-30],[0,"52+/8T+Z9BO4ZH85IIg5CW",1,0],[5,186,141],[30,129,0,0,0,0,1,0.8,0.8,1]],[1,"12_fire5",8,2,[-31,-32],[0,"7cCpt2l7lBUZ0I2EvR0p+P",1,0],[5,186,141],[-30,-26,0,0,0,0,1,0.8,0.8,1]],[1,"12_fire6",8,2,[-33,-34],[0,"f8mvqPRUNGUr3VyZdEOyRp",1,0],[5,186,141],[30,-26,0,0,0,0,1,0.8,0.8,1]],[12,0.04,true,3,[1,2,3,4]],[8,"body",8,1,[-35],[0,"92/0iJCP5NhLFXxWsvf4tP",1,0]],[13,100,11,[0,0,90]],[2,"default","fire2",1,1,false,false,"fire2",1,true,4,[5]],[3,4,13],[2,"default","fire2",1,1,false,false,"fire2",1,true,5,[6]],[3,5,15],[2,"default","fire2",1,1,false,false,"fire2",1,true,6,[7]],[3,6,17],[2,"default","fire2",1,1,false,false,"fire2",1,true,7,[8]],[3,7,19],[2,"default","fire2",1,1,false,false,"fire2",1,true,8,[9]],[3,8,21],[2,"default","fire2",1,1,false,false,"fire2",1,true,9,[10]],[3,9,23]],0,[0,3,1,0,-1,14,0,-2,16,0,-3,18,0,-4,20,0,-5,22,0,-6,24,0,4,2,0,5,12,0,6,10,0,2,1,0,-1,3,0,-2,11,0,-3,2,0,-1,4,0,-2,5,0,-3,6,0,-4,7,0,-5,8,0,-6,9,0,2,3,0,-2,10,0,-1,13,0,-2,14,0,-1,15,0,-2,16,0,-1,17,0,-2,18,0,-1,19,0,-2,20,0,-1,21,0,-2,22,0,-1,23,0,-2,24,0,-1,12,0,7,1,35],[0,0,0,0,0,0,0,0,0,0,0,0,13,15,17,19,21,23],[-1,-1,-2,-3,-4,-1,-1,-1,-1,-1,-1,8,0,0,0,0,0,0],[3,4,5,6,7,0,0,0,0,0,0,8,1,1,1,1,1,1]],[[{"name":"B04FX_3","rect":[942,3,120,79],"offset":[-1,-1.5],"originalSize":[156,128],"rotated":1,"capInsets":[0,0,0,0]}],[0],0,[0],[1],[9]],[[{"name":"B04FX_2","rect":[623,216,113,77],"offset":[-2.5,-2.5],"originalSize":[156,128],"capInsets":[0,0,0,0]}],[0],0,[0],[1],[2]],[[{"name":"B04FX_1","rect":[170,324,104,72],"offset":[-9,-3],"originalSize":[156,128],"rotated":1,"capInsets":[0,0,0,0]}],[0],0,[0],[1],[2]],[[{"name":"B04FX_4","rect":[166,434,106,70],"offset":[-6,-4],"originalSize":[156,128],"rotated":1,"capInsets":[0,0,0,0]}],[0],0,[0],[1],[2]]]]