[1,["e3Na6WdjJK9LpgWa8SaKIQ","1ed7c1957","7a/QZLET9IDreTiBfRn2PD","ecpdLyjvZBwrvm+cedCcQy","82SDcJKQ5C3r6SEhMOCeuP","a81Evo+olHnoLn9wMMWyhC","d6DSxrZt9DxrHzp4sSEe0t","84vJKYOZhHxZnaZ9hxvorh","43jZNpRjZIuZHqngf0TRaf"],["_N$skeletonData","node","_textureSetter","root","jackBoxAni","machineHead","XYAtlasSpine","atlasSpine","data","_spriteFrame","poolPrefab"],[["cc.Node",["_name","_active","_parent","_components","_prefab","_contentSize","_trs"],1,1,2,4,5,7],["sp.Skeleton",["defaultSkin","_preCacheMode","defaultAnimation","premultipliedAlpha","_animationName","_N$enableBatch","loop","_playTimes","node","_materials"],-5,1,3],["cc.Node",["_name","_active","_components","_prefab","_children","_parent","_contentSize"],1,9,4,2,1,5],["cc.PrefabInfo",["fileId","root","asset"],2,1,1],"cc.SpriteFrame",["cc.Prefab",["_name"],2],["d06f0s2FhRHL5NufHOcxmir",["node","atlasSpine","XYAtlasSpine","machineHead","jackBoxAni","poolPrefab"],3,1,1,1,1,1,6],["cc.Sprite",["node","_materials","_spriteFrame"],3,1,3,6],["261d4+Q1HdGA5w3tjdBw83c",["node","spineAnimation"],3,1,1]],[[3,0,1,2,2],[5,0,2],[2,0,4,2,3,2],[2,0,1,5,2,3,6,3],[0,0,1,2,3,4,5,3],[0,0,2,3,4,5,2],[0,0,1,2,3,4,5,6,3],[6,0,1,2,3,4,5,1],[3,1,2,1],[7,0,1,2,1],[1,0,2,1,3,4,5,8,9,7],[1,0,2,1,6,3,4,7,5,8,9,9],[1,0,1,8,9,3],[8,0,1,1]],[[[{"name":"1head1","rect":[230,633,98,97],"offset":[0.5,0.5],"originalSize":[99,98],"rotated":1,"capInsets":[0,0,0,0]}],[4],0,[0],[2],[1]],[[[1,"AbsorbIronEquip"],[2,"AbsorbIronEquip",[-7,-8,-9,-10],[[7,-6,-5,-4,-3,-2,5]],[8,-1,0]],[4,"Zombie_jackbox",false,1,[-11,-12],[0,"a8GlBMSJRO1YazBSFahcme",1,0],[5,128.1999969482422,163.00003051757812]],[3,"machineHead",false,1,[[9,-13,[3],4]],[0,"7dFdqij29Jfpq3YxN2r7Op",1,0],[5,98,97]],[10,"box","idle",0,false,"idle",true,2,[0]],[13,2,4],[5,"01_Zpr",1,[-14],[0,"86GRmTsY5PVKCr/zIjcAtv",1,0],[5,254,205.60000610351562]],[11,"3hat1","animation",0,false,false,"animation",1,true,6,[1]],[6,"A01_Zpr",false,1,[-15],[0,"46kHNTWfxMe4UZEeHV8Jhf",1,0],[5,733.800048828125,290.4000244140625],[0,0,0,0,0,0,1,0.5,0.5,1]],[12,"A5pr1",0,8,[2]]],0,[0,3,1,0,4,5,0,5,3,0,6,9,0,7,7,0,1,1,0,-1,2,0,-2,6,0,-3,8,0,-4,3,0,-1,4,0,-2,5,0,1,3,0,-1,7,0,-1,9,0,8,1,15],[0,0,0,0,0,0,4,7,9],[-1,-1,-1,-1,9,10,0,0,0],[0,0,2,3,4,5,6,7,8]]]]