[1,["ecpdLyjvZBwrvm+cedCcQy","caohSHbS5GEIzmwCrnMGn5","7a/QZLET9IDreTiBfRn2PD","ebwHR7n1VCVZE1KVe3zsZw","5aalEjxDdKdrNa7bJxf8La","f5gSJkRdNF1ryMpsXVaTpb","7c1bx9f/JG478BwSLJbRom","7aKVSYjxdIO5IIx2FT60fw","15izP33pNNEqpm57MG1qRH","9fDVKsCC5NCaziXVModEAo","6b7V77AdRGNK9sTj93Szpg","a2MjXRFdtLlYQ5ouAFv/+R","79nSRfxfpNbpL479HwN+pF","23OEpUAkxBt7fMCqrXfNX/","89ctI4BSZNBaLKHUtOgVQf","8ag51aR45GhLsxPqVtaE1j","1a1OV6Ex9K3bwsux0oIOqM","68J8oyAQdFUrqy37MXmbtE","384w4kV5JAurVtdLwsxF79","90AErWL21A4ZPvtxQ3XG8G"],["node","_spriteFrame","_parent","_N$file","root","_N$skeletonData","_textureSetter","toggle","cancelBtn","title","checkMark","_N$target","icon","data","_normalMaterial"],[["cc.Node",["_name","_active","_opacity","_objFlags","_prefab","_contentSize","_trs","_components","_parent","_children","_anchorPoint","_color"],-1,4,5,7,9,1,2,5,5],["cc.Sprite",["_sizeMode","_type","_isTrimmedMode","_enabled","node","_materials","_spriteFrame"],-1,1,3,6],["cc.Node",["_name","_objFlags","_components","_prefab","_contentSize","_trs","_parent","_children","_color","_anchorPoint"],1,2,4,5,7,1,2,5,5],["cc.Widget",["_alignFlags","_top","_originalWidth","_originalHeight","_left","_right","_bottom","node"],-4,1],["cc.PrefabInfo",["fileId","root","asset"],2,1,1],["cc.Label",["_fontSize","_lineHeight","_isSystemFontUsed","_N$horizontalAlign","_N$verticalAlign","_string","_N$overflow","node","_materials","_N$file"],-4,1,3,6],["cc.Node",["_name","_components","_prefab","_contentSize","_trs","_eulerAngles","_parent","_color"],2,12,4,5,7,5,1,5],["cc.LabelOutline",["_width","_enabled","node","_color"],1,1,5],"cc.SpriteFrame",["cc.Prefab",["_name"],2],["cc.BlockInputEvents",["node"],3,1],["ac701j067FJ/ZhV+w0N6Xxd",["node","items","title","cancelBtn","toggle"],3,1,2,1,1,1],["cc.Toggle",["_N$transition","node","_N$normalColor","_N$target","checkMark","checkEvents","_normalMaterial"],2,1,5,1,1,9,6],["cc.ClickEvent",["_componentId","handler","target"],1,1],["cc.Layout",["_resize","_N$layoutType","_N$spacingX","node","_layoutSize"],0,1,5],["cc.Button",["_N$transition","node","clickEvents"],2,1,9],["7ff46OJBOxMo526UYe9FYB3",["node","icon"],3,1,1],["sp.Skeleton",["defaultSkin","defaultAnimation","_preCacheMode","_animationName","node","_materials"],-1,1,3],["261d4+Q1HdGA5w3tjdBw83c",["node","spineAnimation"],3,1,1],["88504bcAuVIU6o/+NgxpLtt",["node","proIcon","propAni","plantCardNode","plantIcon","propName","shopItemIcon","swIcon"],3,1,1,1,1,1,1,1,1]],[[4,0,1,2,2],[4,0,1,2],[0,0,8,7,4,5,6,2],[1,4,5,6,1],[2,0,6,2,3,4,5,2],[1,4,5,1],[1,0,2,4,5,3],[5,5,0,1,2,3,4,7,8,7],[0,0,1,9,7,4,5,10,6,3],[0,0,8,9,7,4,5,6,2],[2,0,7,2,3,4,5,2],[2,0,6,2,3,5,2],[2,0,6,2,3,4,9,5,2],[6,0,6,1,2,7,3,4,2],[7,1,0,2,3,3],[17,0,1,2,3,4,5,5],[18,0,1,1],[19,0,1,2,3,4,5,6,7,1],[3,0,4,5,1,6,2,3,7,8],[13,0,1,2,3],[1,1,0,4,5,6,3],[7,0,2,3,2],[5,5,0,1,2,3,4,7,8,9,7],[1,0,4,5,6,2],[15,0,1,2,2],[9,0,2],[0,0,9,7,4,5,6,2],[0,0,1,9,7,4,5,6,3],[0,0,8,9,4,6,2],[0,0,8,9,4,5,6,2],[0,0,2,8,7,4,11,5,3],[0,0,3,8,7,4,5,6,3],[0,0,8,7,4,5,10,6,2],[2,0,6,2,3,8,4,5,2],[2,0,1,6,2,3,4,3],[6,0,1,2,3,4,5,2],[3,0,7,2],[3,0,2,3,7,4],[3,0,4,1,7,4],[3,0,5,1,7,4],[10,0,1],[11,0,1,2,3,4,1],[4,1,2,1],[12,0,1,2,3,4,5,6,2],[1,1,0,2,4,5,6,4],[1,3,1,0,2,4,5,6,5],[1,0,4,5,2],[14,0,1,2,3,4,4],[16,0,1,1],[5,0,1,2,3,4,6,7,8,9,7]],[[[{"name":"box","rect":[0,0,175,132],"offset":[0,0],"originalSize":[175,132],"capInsets":[0,0,0,0]}],[8],0,[0],[6],[10]],[[[25,"VideoGiftView"],[26,"VideoGiftView",[-12,-13],[[36,45,-2],[40,-3],[41,-11,[-7,-8,-9,-10],-6,-5,-4]],[42,-1,0],[5,1280,720],[640,360,0,0,0,0,1,1,1,1]],[27,"toggle",false,[-18,-19,-20],[[43,3,-17,[4,4292269782],-16,-15,[[19,"ac701j067FJ/ZhV+w0N6Xxd","showCloseBtn",1]],69]],[1,"76xsDDTTlAGaJjTBehFMCm",-14],[5,28,28],[-75.059,-276.322,0,0,0,0,1,1,1,1]],[28,"Resboard",1,[-21,-22,-23,-24,-25,-26,-27,2],[0,"2d9zQ5hDdN8pFUVtNqCaI1",1,0],[0,102.584,0,0,0,0,1,1,1,1]],[8,"PlantCard",false,[-30,-31],[[3,-29,[21],22]],[1,"8csondVTVO0ruJpDv36dqk",-28],[5,136,75],[0,0.5,0],[0,-47.499,0,0,0,0,1,1.2,1.2,1]],[8,"PlantCard",false,[-34,-35],[[3,-33,[30],31]],[1,"8csondVTVO0ruJpDv36dqk",-32],[5,136,75],[0,0.5,0],[0,-47.499,0,0,0,0,1,1.2,1.2,1]],[8,"PlantCard",false,[-38,-39],[[3,-37,[39],40]],[1,"8csondVTVO0ruJpDv36dqk",-36],[5,136,75],[0,0.5,0],[0,-47.499,0,0,0,0,1,1.2,1.2,1]],[8,"PlantCard",false,[-42,-43],[[3,-41,[48],49]],[1,"8csondVTVO0ruJpDv36dqk",-40],[5,136,75],[0,0.5,0],[0,-47.499,0,0,0,0,1,1.2,1.2,1]],[10,"rewardItem1",[-45,-46,-47,4,-48],[-44],[0,"eaVjimYApDC4WJZXX5JAe1",1,0],[5,200,100],[-139,50,0,0,0,0,1,0.7,0.7,1]],[10,"rewardItem2",[-50,-51,-52,5,-53],[-49],[0,"6cqb9HrjBE+Z8O6T0E0Cra",1,0],[5,200,100],[71,50,0,0,0,0,1,0.7,0.7,1]],[10,"rewardItem3",[-55,-56,-57,6,-58],[-54],[0,"97h4FsYuJOganvMUNi7GQY",1,0],[5,200,100],[-139,-50,0,0,0,0,1,0.7,0.7,1]],[10,"rewardItem4",[-60,-61,-62,7,-63],[-59],[0,"c5mXd3ZORAiK6YNknhgB+K",1,0],[5,200,100],[71,-50,0,0,0,0,1,0.7,0.7,1]],[29,"bg",3,[-64,-65,-66,-67,-68],[0,"382IiX7dlA0rGxow8khwW5",1,0],[5,746,498],[0,-5,0,0,0,0,1,1,1,1]],[9,"content",3,[8,9,10,11],[[47,1,3,10,-69,[5,478,200]]],[0,"fbCsKoPsJLcaG0HFUoZFNz",1,0],[5,478,200],[47.26,-2,0,0,0,0,1,1,1,1]],[9,"btn_video",3,[-72,-73],[[44,1,0,false,-70,[58],59],[24,3,-71,[[19,"ac701j067FJ/ZhV+w0N6Xxd","showVideo",1]]]],[0,"50/8OLkpxKlaCru1KMgt/Z",1,0],[5,216,70],[0,-168.46,0,0,0,0,1,1,1,0]],[9,"btn_back",3,[-76],[[45,false,1,0,false,-74,[62],63],[24,3,-75,[[19,"ac701j067FJ/ZhV+w0N6Xxd","clickClose",1]]]],[0,"bczSbqMglHgZT4LdEPLK+B",1,0],[5,216,70],[0,-264.79,0,0,0,0,1,1,1,0]],[35,"adTickIcon",[[-78,[48,-80,-79]],1,4],[1,"95AmkrcbhE8r67TM0v4a2j",-77],[5,55.3,45.7],[-2.836,-0.577,0,0,0,0.13917310096006544,0.9902680687415704,0.8,0.8,1],[1,0,0,16]],[30,"mask",177,1,[[23,0,-81,[0],1],[37,45,100,100,-82]],[0,"1bP986vNlGX6TVQVJSrFtC",1,0],[4,4278190080],[5,1280,720]],[2,"common_pop",12,[[20,1,0,-83,[2],3],[18,45,5.5,5.5,58,16,739,417,-84]],[0,"74ujj/bIVH4qWHeOJV+6sS",1,0],[5,735,424],[0,-21,0,0,0,0,1,1,1,1]],[2,"common_pop_ear",12,[[3,-85,[4],5],[38,9,128.5,11.588999999999999,-86]],[0,"65ILBG5D5KrJS3cf7xvhul",1,0],[5,118,57],[-185.5,208.911,0,0,0,0,1,1,1,1]],[2,"common_pop_ear",12,[[3,-87,[6],7],[39,33,128.5,11.588999999999999,-88]],[0,"974SfkTr5MqJa3rtdP8OV9",1,0],[5,118,57],[185.5,208.911,0,0,0,0,1,-1,1,-1]],[2,"common_pop_bg",12,[[20,1,0,-89,[8],9],[18,45,38,36,84,138,676,269,-90]],[0,"abTuMnW8VB97u9NTArqTqt",1,0],[5,672,276],[1,27,0,0,0,0,1,1,1,1]],[2,"common_pop_bg2",12,[[20,1,0,-91,[10],11],[18,45,53,51,148,146,646,173,-92]],[0,"547MTljbNHnIXI0Eg7meG0",1,0],[5,642,204],[1,-1,0,0,0,0,1,1,1,1]],[11,"27FX_ui",8,[-93,-94],[0,"53rC0iJ8FN3rYArgtV0FqN",1,0],[0,-1.999,0,0,0,0,1,1,1,1]],[2,"swIcon",4,[[3,-95,[19],20]],[1,"630N1HmqFFdYbV6ENBZr5E",4],[5,41,22],[-40,20,0,0,0,0,1,1,1,1]],[13,"txt",8,[[-96,[14,false,2,-97,[4,4278190080]]],1,4],[0,"36kfjc+zJANLRS8XFdXp7d",1,0],[4,4283965449],[5,165.44,35.28],[143.826,-5.734,0,0,0,0,1,1,1,1]],[11,"27FX_ui",9,[-98,-99],[0,"f8pgioTaREA7dL8LT6DhAy",1,0],[0,-1.999,0,0,0,0,1,1,1,1]],[2,"swIcon",5,[[3,-100,[28],29]],[1,"0aow7wz8dPfaJt7LSvfc0l",5],[5,41,22],[-40,20,0,0,0,0,1,1,1,1]],[13,"txt",9,[[-101,[14,false,2,-102,[4,4278190080]]],1,4],[0,"d556avgQlMk7RwjTqRRhOG",1,0],[4,4283965449],[5,165.44,35.28],[143.826,-5.734,0,0,0,0,1,1,1,1]],[11,"27FX_ui",10,[-103,-104],[0,"b3kzY4UkhKqoN1w0PyDXdG",1,0],[0,-1.999,0,0,0,0,1,1,1,1]],[2,"swIcon",6,[[3,-105,[37],38]],[1,"42Q2Szo1RJ5ZuWK5PjElmg",6],[5,41,22],[-40,20,0,0,0,0,1,1,1,1]],[13,"txt",10,[[-106,[14,false,2,-107,[4,4278190080]]],1,4],[0,"b4lvLBr+5NhpyFTXcchboW",1,0],[4,4283965449],[5,165.44,35.28],[143.826,-5.734,0,0,0,0,1,1,1,1]],[11,"27FX_ui",11,[-108,-109],[0,"e2VdQi/5xPJaD48YocMbkw",1,0],[0,-1.999,0,0,0,0,1,1,1,1]],[2,"swIcon",7,[[3,-110,[46],47]],[1,"631EcxeaZPhZHP/iRLn1DZ",7],[5,41,22],[-40,20,0,0,0,0,1,1,1,1]],[13,"txt",11,[[-111,[14,false,2,-112,[4,4278190080]]],1,4],[0,"0eY6vk0KFCBIsw8h2/FjA7",1,0],[4,4283965449],[5,165.44,35.28],[143.826,-5.734,0,0,0,0,1,1,1,1]],[2,"txt",14,[[22,"立即领取",30,34,false,1,1,-113,[53],54],[21,2,-114,[4,4278330370]]],[0,"5f8JO7XpZLAbOxfBApDgtv",1,0],[5,124,46.84],[19.715,4,0,0,0,0,1,1,1,1]],[9,"ad_icon",14,[16],[[23,0,-115,[56],57]],[0,"29he96p7JALoIGlFsn0SGg",1,0],[5,31,23.1],[-64.936,3.036,0,0,0,0,1,1,1,1]],[2,"txt",15,[[22,"返回",30,34,false,1,1,-116,[60],61],[21,2,-117,[4,4278330370]]],[0,"9bROnqYCJNg6i4NyYbx2Rv",1,0],[5,64,46.84],[-3,4,0,0,0,0,1,1,1,1]],[31,"Background",512,2,[[3,-118,[64],65]],[1,"a13tf6PXBGZY3IITLspbdQ",2],[5,28,28],[0,0,0,0,0,0,1,1,1,0]],[32,"txt",2,[[22,"观看视频领取奖励",20,30,false,1,1,-119,[67],68],[21,2,-120,[4,4278190080]]],[1,"b23NhZg5lGwbHpj/U5ec51",2],[5,164,41.8],[0,0,0.5],[21.757,0,0,0,0,0,1,1,1,1]],[33,"tittle",3,[-121],[0,"b8oyrcYtNE6IlrjEubTTLC",1,0],[4,4284081919],[5,120,51.66],[0,123.643,0,0,0,0,1,1,1,1]],[7,"礼包名称",30,41,false,1,1,40,[12]],[2,"box",3,[[3,-122,[13],14]],[0,"63+dmY2X1D/4pB5wrQp2Xo",1,0],[5,175,132],[-224.62,4.435,0,0,0,0,1,1,1,1]],[4,"icon",8,[-123],[0,"655loCnppLJ64BRhUrHCYX",1,0],[5,83,68],[0,-1.999,0,0,0,0,1,1,1,1]],[5,43,[15]],[4,"shopitem",8,[-124],[0,"96yVnZn6BJzJbphNOZ5l8g",1,0],[5,85,94],[0,-4.499,0,0,0,0,1,1,1,1]],[5,45,[16]],[15,"default","1ui_1",0,"1ui_1",23,[17]],[16,23,47],[12,"Icon",4,[-125],[1,"dcoXiNMopDd69+VrjIxC+X",4],[5,128,68],[0,0.5,0],[0,4,0,0,0,0,1,1,1,1]],[6,0,false,49,[18]],[7,"硬币x1000",35,28,false,1,1,25,[23]],[17,8,44,48,4,50,51,46,24],[4,"icon",9,[-126],[0,"17nVv8VKpEXYtyiJ1hPQzt",1,0],[5,83,68],[0,-1.999,0,0,0,0,1,1,1,1]],[5,53,[24]],[4,"shopitem",9,[-127],[0,"58mmLV9rxF375bGR0hhvKh",1,0],[5,85,94],[0,-4.499,0,0,0,0,1,1,1,1]],[5,55,[25]],[15,"default","1ui_1",0,"1ui_1",26,[26]],[16,26,57],[12,"Icon",5,[-128],[1,"dcoXiNMopDd69+VrjIxC+X",5],[5,128,68],[0,0.5,0],[0,4,0,0,0,0,1,1,1,1]],[6,0,false,59,[27]],[7,"硬币x1000",35,28,false,1,1,28,[32]],[17,9,54,58,5,60,61,56,27],[4,"icon",10,[-129],[0,"2b5yH5Kr1FXrzsc13Ajz0p",1,0],[5,83,68],[0,-1.999,0,0,0,0,1,1,1,1]],[5,63,[33]],[4,"shopitem",10,[-130],[0,"0cHnmeOlVI8pQ7dx5GF2ou",1,0],[5,85,94],[0,-4.499,0,0,0,0,1,1,1,1]],[5,65,[34]],[15,"default","1ui_1",0,"1ui_1",29,[35]],[16,29,67],[12,"Icon",6,[-131],[1,"dcoXiNMopDd69+VrjIxC+X",6],[5,128,68],[0,0.5,0],[0,4,0,0,0,0,1,1,1,1]],[6,0,false,69,[36]],[7,"硬币x1000",35,28,false,1,1,31,[41]],[17,10,64,68,6,70,71,66,30],[4,"icon",11,[-132],[0,"22lMxDlLhPKJ6WUuzH8glk",1,0],[5,83,68],[0,-1.999,0,0,0,0,1,1,1,1]],[5,73,[42]],[4,"shopitem",11,[-133],[0,"50tIg1L/pAOpV3vi7LJLNM",1,0],[5,85,94],[0,-4.499,0,0,0,0,1,1,1,1]],[5,75,[43]],[15,"default","1ui_1",0,"1ui_1",32,[44]],[16,32,77],[12,"Icon",7,[-134],[1,"dcoXiNMopDd69+VrjIxC+X",7],[5,128,68],[0,0.5,0],[0,4,0,0,0,0,1,1,1,1]],[6,0,false,79,[45]],[7,"硬币x1000",35,28,false,1,1,34,[50]],[17,11,74,78,7,80,81,76,33],[2,"tip",3,[[49,25,25,false,1,1,3,-135,[51],52]],[0,"daopDeNExF74NBnUkJnokl",1,0],[5,410,31.5],[0,-75.079,0,0,0,0,1,1,1,1]],[46,0,16,[55]],[34,"checkmark",512,2,[-136],[1,"241tpe1GpPGJBOvgcOCOjF",2],[5,28,28]],[6,2,false,85,[66]]],0,[0,4,1,0,0,1,0,0,1,0,7,2,0,8,15,0,9,41,0,-1,52,0,-2,62,0,-3,72,0,-4,82,0,0,1,0,-1,17,0,-2,3,0,4,2,0,10,86,0,11,38,0,0,2,0,-1,38,0,-2,85,0,-3,39,0,-1,12,0,-2,40,0,-3,42,0,-4,13,0,-5,83,0,-6,14,0,-7,15,0,4,4,0,0,4,0,-1,49,0,-2,24,0,4,5,0,0,5,0,-1,59,0,-2,27,0,4,6,0,0,6,0,-1,69,0,-2,30,0,4,7,0,0,7,0,-1,79,0,-2,33,0,-1,52,0,-1,43,0,-2,45,0,-3,23,0,-5,25,0,-1,62,0,-1,53,0,-2,55,0,-3,26,0,-5,28,0,-1,72,0,-1,63,0,-2,65,0,-3,29,0,-5,31,0,-1,82,0,-1,73,0,-2,75,0,-3,32,0,-5,34,0,-1,18,0,-2,19,0,-3,20,0,-4,21,0,-5,22,0,0,13,0,0,14,0,0,14,0,-1,35,0,-2,36,0,0,15,0,0,15,0,-1,37,0,4,16,0,-1,84,0,12,84,0,0,16,0,0,17,0,0,17,0,0,18,0,0,18,0,0,19,0,0,19,0,0,20,0,0,20,0,0,21,0,0,21,0,0,22,0,0,22,0,-1,47,0,-2,48,0,0,24,0,-1,51,0,0,25,0,-1,57,0,-2,58,0,0,27,0,-1,61,0,0,28,0,-1,67,0,-2,68,0,0,30,0,-1,71,0,0,31,0,-1,77,0,-2,78,0,0,33,0,-1,81,0,0,34,0,0,35,0,0,35,0,0,36,0,0,37,0,0,37,0,0,38,0,0,39,0,0,39,0,-1,41,0,0,42,0,-1,44,0,-1,46,0,-1,50,0,-1,54,0,-1,56,0,-1,60,0,-1,64,0,-1,66,0,-1,70,0,-1,74,0,-1,76,0,-1,80,0,0,83,0,-1,86,0,13,1,2,2,3,4,2,8,5,2,9,6,2,10,7,2,11,8,2,13,9,2,13,10,2,13,11,2,13,16,2,36,136],[0,0,0,0,0,0,0,0,0,0,0,0,0,0,0,0,0,0,0,0,0,0,0,0,0,0,0,0,0,0,0,0,0,0,0,0,0,0,0,0,0,0,0,0,0,0,0,0,0,0,0,0,0,0,0,0,0,0,0,0,0,0,0,0,0,0,0,0,0,0,41,44,46,47,51,54,56,57,61,64,66,67,71,74,76,77,81,84,86],[-1,1,-1,1,-1,1,-1,1,-1,1,-1,1,-1,-1,1,-1,-1,-1,-1,-1,1,-1,1,-1,-1,-1,-1,-1,-1,1,-1,1,-1,-1,-1,-1,-1,-1,1,-1,1,-1,-1,-1,-1,-1,-1,1,-1,1,-1,-1,3,-1,3,-1,-1,1,-1,1,-1,3,-1,1,-1,1,-1,-1,3,14,3,1,1,5,3,1,1,5,3,1,1,5,3,1,1,5,3,1,1],[0,11,0,12,0,8,0,8,0,13,0,14,0,0,15,0,0,2,0,0,3,0,4,0,0,0,2,0,0,3,0,4,0,0,0,2,0,0,3,0,4,0,0,0,2,0,0,3,0,4,0,0,1,0,1,0,0,16,0,9,0,1,0,9,0,17,0,0,1,0,1,5,6,7,1,5,6,7,1,5,6,7,1,5,6,7,1,18,19]]]]