[1,["7a/QZLET9IDreTiBfRn2PD","ecpdLyjvZBwrvm+cedCcQy","66bDIkUCZAyLZ1HlJ/tSot","fcDzchbERLS5t+BDetJ0ZV","33cvkJsURKr72BLpbwfiHg","52iKjSZ2FBVqEcjplcKjD1","20j9Cjm15JrakZWz7dGX1D","a7m1JIPiJOMaJCX3LWcV/J","4dGUry5gpMbpoxz/EpXpaI","d2JbDcoo9PnY4hYzsQthsF","a34Sh5DkNCSZcqMD3EdW2p"],["_spriteFrame","_N$skeletonData","node","root","spine_sleep","spine_light","spine_plant","pic_op","pic_water","pic_pot","pumpkin","water_shadow","data","_textureSetter"],[["cc.Node",["_name","_active","_parent","_components","_prefab","_contentSize","_trs"],1,1,2,4,5,7],["cc.Sprite",["_sizeMode","node","_materials","_spriteFrame"],2,1,3,6],["sp.Skeleton",["defaultSkin","_preCacheMode","_animationName","premultipliedAlpha","_cacheMode","_N$enableBatch","defaultAnimation","node","_materials"],-4,1,3],["cc.Node",["_name","_active","_components","_prefab","_contentSize","_trs","_children","_parent"],1,9,4,5,7,2,1],["cc.PrefabInfo",["fileId","root","asset"],2,1,1],"cc.SpriteFrame",["cc.Prefab",["_name"],2],["f845cbgBS1KiZFxOIwQn3cR",["node","water_shadow","pumpkin","pic_pot","pic_water","pic_op","spine_plant","spine_light","spine_sleep"],3,1,1,1,1,1,1,1,1,1]],[[4,0,1,2,2],[0,0,1,2,3,4,5,6,3],[0,0,2,3,4,5,6,2],[1,1,2,1],[2,0,1,4,2,5,7,8,6],[6,0,2],[3,0,6,2,3,4,5,2],[3,0,1,7,2,3,4,5,3],[0,0,2,3,4,5,2],[0,0,1,2,3,4,5,3],[7,0,1,2,3,4,5,6,7,8,1],[4,1,2,1],[1,0,1,2,3,2],[1,0,1,2,2],[2,0,6,1,3,2,7,8,6],[2,0,1,4,3,2,5,7,8,7]],[[[[5,"garden_pot"],[6,"garden_pot",[-11,-12,-13,-14,-15,-16,-17,-18],[[10,-10,-9,-8,-7,-6,-5,-4,-3,-2]],[11,-1,0],[5,100,100],[-395.973,155.311,0,0,0,0,1,1,1,1]],[7,"water_shadow",false,1,[[12,0,-19,[4],5]],[0,"a8lj8GXvhDlbf3H4H0lTeL",1,0],[5,135,68],[0,-7.228,0,0,0,0,1,0.8,0.8,1]],[1,"31_plant",false,1,[-20],[0,"58nvwPFKlF7Kygpq8avb3m",1,0],[5,130.80001831054688,59.10000228881836],[4,0,0,0,0,0,1,0.9,0.9,1]],[14,"skin_4","idle",0,false,"idle",3,[0]],[2,"28FX_pr6",1,[-21],[0,"4ds9fFzc9BbKNc61kHXlAa",1,0],[5,135.05,106],[0,-38.247,0,0,0,0,1,1,1,1]],[4,"default",2,2,"idle1",true,5,[1]],[8,"garden_pot",1,[-22],[0,"d1EC3ep5BKCLRNLSSJfe0g",1,0],[5,100,82]],[3,7,[2]],[9,"garden_pot_water",false,1,[-23],[0,"0ehbu9GptG6pu4YEf55kgi",1,0],[5,120,99]],[3,9,[3]],[2,"spine_plant",1,[-24],[0,"35U9nxnIBC25aFykuA2pyU",1,0],[5,130.80001831054688,59.10000228881836],[0,0,0,0,0,0,1,0.9,0.9,0.9]],[15,"skin_1",2,2,false,"idle",true,11,[6]],[1,"26FX_Z",false,1,[-25],[0,"338wXIetlBr4JUy6ce/xFh",1,0],[5,23.500003814697266,32.901771545410156],[6,24,0,0,0,0,1,0.5,0.5,1]],[4,"default",2,2,"idle1",true,13,[7]],[1,"pic_op",false,1,[-26],[0,"fbqa41n9JNoJ6KihXpVTdU",1,0],[5,32,45],[35.125,42.3,0,0,0,0,1,1,1,1]],[13,0,15,[8]]],0,[0,3,1,0,4,14,0,5,6,0,6,12,0,7,16,0,8,10,0,9,8,0,10,4,0,11,2,0,2,1,0,-1,3,0,-2,5,0,-3,7,0,-4,9,0,-5,2,0,-6,11,0,-7,13,0,-8,15,0,2,2,0,-1,4,0,-1,6,0,-1,8,0,-1,10,0,-1,12,0,-1,14,0,-1,16,0,12,1,26],[0,0,0,0,0,0,0,0,0,4,6,8,10,14,16],[-1,-1,-1,-1,-1,0,-1,-1,-1,1,1,0,0,1,0],[0,0,2,1,1,3,2,0,1,4,5,6,7,8,9]],[[{"name":"garden_pot_water","rect":[0,0,120,99],"offset":[0,0],"originalSize":[120,99],"capInsets":[0,0,0,0]}],[5],0,[0],[13],[10]]]]