[1,["19l6HxTHZF05ssqsw71Jwt"],0,[["sp.SkeletonData",["_name","_atlasText","textureNames","_skeletonJson","textures"],-1,3]],[[0,0,1,2,3,4,5]],[[0,"niudanji","\r\nniudanji.png\r\nsize: 711,534\r\nformat: RGBA8888\r\nfilter: Linear,Linear\r\nrepeat: none\r\nniudanji/di\r\n  rotate: false\r\n  xy: 2, 85\r\n  size: 317, 105\r\n  orig: 318, 105\r\n  offset: 1, 0\r\n  index: -1\r\nniudanji/上盖\r\n  rotate: true\r\n  xy: 2, 192\r\n  size: 340, 615\r\n  orig: 357, 616\r\n  offset: 7, 0\r\n  index: -1\r\nniudanji/口\r\n  rotate: false\r\n  xy: 2, 2\r\n  size: 129, 81\r\n  orig: 129, 81\r\n  offset: 0, 0\r\n  index: -1\r\nniudanji/白\r\n  rotate: false\r\n  xy: 619, 285\r\n  size: 89, 89\r\n  orig: 89, 89\r\n  offset: 0, 0\r\n  index: -1\r\nniudanji/盖\r\n  rotate: true\r\n  xy: 619, 376\r\n  size: 156, 90\r\n  orig: 156, 90\r\n  offset: 0, 0\r\n  index: -1\r\nniudanji/紫\r\n  rotate: false\r\n  xy: 413, 101\r\n  size: 89, 89\r\n  orig: 89, 89\r\n  offset: 0, 0\r\n  index: -1\r\nniudanji/蓝\r\n  rotate: false\r\n  xy: 619, 194\r\n  size: 89, 89\r\n  orig: 89, 89\r\n  offset: 0, 0\r\n  index: -1\r\nniudanji/金\r\n  rotate: false\r\n  xy: 321, 100\r\n  size: 90, 90\r\n  orig: 90, 90\r\n  offset: 0, 0\r\n  index: -1\r\nxuanniu\r\n  rotate: false\r\n  xy: 607, 40\r\n  size: 69, 69\r\n  orig: 69, 69\r\n  offset: 0, 0\r\n  index: -1\r\n出球/白1\r\n  rotate: false\r\n  xy: 133, 4\r\n  size: 79, 79\r\n  orig: 79, 79\r\n  offset: 0, 0\r\n  index: -1\r\n出球/白2\r\n  rotate: false\r\n  xy: 295, 7\r\n  size: 76, 76\r\n  orig: 76, 76\r\n  offset: 0, 0\r\n  index: -1\r\n出球/紫1\r\n  rotate: false\r\n  xy: 504, 111\r\n  size: 79, 79\r\n  orig: 79, 79\r\n  offset: 0, 0\r\n  index: -1\r\n出球/紫2\r\n  rotate: false\r\n  xy: 373, 22\r\n  size: 76, 76\r\n  orig: 76, 76\r\n  offset: 0, 0\r\n  index: -1\r\n出球/蓝1\r\n  rotate: false\r\n  xy: 214, 4\r\n  size: 79, 79\r\n  orig: 79, 79\r\n  offset: 0, 0\r\n  index: -1\r\n出球/蓝2\r\n  rotate: false\r\n  xy: 451, 23\r\n  size: 76, 76\r\n  orig: 76, 76\r\n  offset: 0, 0\r\n  index: -1\r\n出球/金1\r\n  rotate: false\r\n  xy: 585, 111\r\n  size: 79, 79\r\n  orig: 79, 79\r\n  offset: 0, 0\r\n  index: -1\r\n出球/金2\r\n  rotate: false\r\n  xy: 529, 33\r\n  size: 76, 76\r\n  orig: 76, 76\r\n  offset: 0, 0\r\n  index: -1\r\n",["niudanji.png"],{"skeleton":{"hash":"+z+llmp+JrEfuZHXkXRYxqk8Olg","spine":"3.8.99","x":-177.26,"y":-69.79,"width":357,"height":616,"fps":24,"images":"","audio":"D:/Work/植物大战僵尸2娘化版/动画/娘化版/工程文件/其他特效/扭蛋机抽奖"},"bones":[{"name":"root"},{"name":"上盖","parent":"root","length":52,"rotation":90,"y":20.24},{"name":"kaiqiu","parent":"root","x":1.45,"y":114.87,"scaleX":0.5,"scaleY":0.5},{"name":"蓝1","parent":"上盖","rotation":0.38,"x":249.34,"y":-62.33},{"name":"白","parent":"上盖","rotation":0.38,"x":207.16,"y":103.01},{"name":"紫","parent":"上盖","x":159.08,"y":-70.29},{"name":"白1","parent":"上盖","rotation":0.38,"x":214.68,"y":-113.4},{"name":"蓝","parent":"上盖","rotation":0.38,"x":171.46,"y":53.9},{"name":"紫1","parent":"上盖","x":243.67,"y":15.87},{"name":"金1","parent":"上盖","x":293.8,"y":-11.32},{"name":"xuanniu","parent":"上盖","rotation":-45,"x":89.96,"y":-0.32},{"name":"金","parent":"上盖","x":184,"y":-20.94},{"name":"白11","parent":"kaiqiu","rotation":90,"x":55.51,"y":52.21,"scaleX":2,"scaleY":2},{"name":"白2","parent":"kaiqiu","rotation":90,"x":-49.82,"y":-57.23,"scaleX":2,"scaleY":2}],"slots":[{"name":"di","bone":"上盖","attachment":"niudanji/di"},{"name":"金1","bone":"金1","attachment":"niudanji/金"},{"name":"蓝1","bone":"蓝1","attachment":"niudanji/蓝"},{"name":"紫1","bone":"紫1","attachment":"niudanji/紫"},{"name":"白1","bone":"白1","attachment":"niudanji/白"},{"name":"金","bone":"金","attachment":"niudanji/金"},{"name":"白","bone":"白","attachment":"niudanji/白"},{"name":"蓝","bone":"蓝","attachment":"niudanji/蓝"},{"name":"紫","bone":"紫","attachment":"niudanji/紫"},{"name":"上盖","bone":"上盖","attachment":"niudanji/上盖"},{"name":"口","bone":"上盖","attachment":"niudanji/口"},{"name":"白2","bone":"白2","attachment":"出球/白2"},{"name":"白11","bone":"白11","attachment":"出球/白1"},{"name":"盖","bone":"上盖","attachment":"niudanji/盖"},{"name":"xuanniu","bone":"xuanniu","attachment":"xuanniu"}],"skins":[{"name":"default","attachments":{"di":{"niudanji/di":{"x":122.44,"y":0.44,"rotation":-90,"width":318,"height":105}},"xuanniu":{"xuanniu":{"rotation":-45,"width":69,"height":69}},"上盖":{"niudanji/上盖":{"x":217.97,"y":-1.24,"rotation":-90,"width":357,"height":616}},"口":{"niudanji/口":{"x":11.72,"y":-2.24,"rotation":-90,"width":129,"height":81}},"白":{"niudanji/白":{"rotation":-90,"width":89,"height":89}},"白1":{"niudanji/白":{"rotation":-89.85,"width":89,"height":89}},"白2":{"出球/白2":{"x":22.12,"y":-18.16,"rotation":-90,"width":76,"height":76},"出球/紫2":{"x":22.12,"y":-18.16,"rotation":-90,"width":76,"height":76},"出球/蓝2":{"x":22.12,"y":-18.16,"rotation":-90,"width":76,"height":76},"出球/金2":{"x":22.12,"y":-18.16,"rotation":-90,"width":76,"height":76}},"白11":{"出球/白1":{"x":-21.1,"y":22.51,"rotation":-90,"width":79,"height":79},"出球/紫1":{"x":-21.1,"y":22.51,"rotation":-90,"width":79,"height":79},"出球/蓝1":{"x":-21.1,"y":22.51,"rotation":-90,"width":79,"height":79},"出球/金1":{"x":-21.1,"y":22.51,"rotation":-90,"width":79,"height":79}},"盖":{"niudanji/盖":{"x":94.47,"y":-0.99,"rotation":-90,"width":156,"height":90}},"紫":{"niudanji/紫":{"rotation":-89.62,"width":89,"height":89}},"紫1":{"niudanji/紫":{"rotation":-89.47,"width":89,"height":89}},"蓝":{"niudanji/蓝":{"rotation":-90,"width":89,"height":89}},"蓝1":{"niudanji/蓝":{"rotation":-89.85,"width":89,"height":89}},"金":{"niudanji/金":{"rotation":-89.62,"width":90,"height":90}},"金1":{"niudanji/金":{"rotation":-89.47,"width":90,"height":90}}}}],"animations":{"choujiang":{"bones":{"上盖":{"rotate":[{},{"time":0.0833,"angle":4},{"time":0.1667},{"time":0.25,"angle":-4},{"time":0.3333},{"time":0.4167,"angle":4},{"time":0.5},{"time":0.5833,"angle":-4},{"time":0.6667}],"translate":[{},{"time":0.0833,"y":8.86},{"time":0.1667},{"time":0.25,"y":8.86},{"time":0.3333},{"time":0.4167,"y":8.86},{"time":0.5},{"time":0.5833,"y":8.86},{"time":0.6667}],"scale":[{},{"time":0.0833,"x":1.05},{"time":0.1667},{"time":0.25,"x":1.05},{"time":0.3333},{"time":0.4167,"x":1.05},{"time":0.5},{"time":0.5833,"x":1.05},{"time":0.6667}]},"蓝":{"translate":[{"x":16.62,"y":-20.46},{"time":0.125,"x":136.74,"y":-186.11},{"time":0.2917,"x":134.62,"y":67.42},{"time":0.4583,"x":78.77,"y":-183.2},{"time":0.5833,"x":76.89,"y":72.1},{"time":0.6667}]},"紫":{"translate":[{"x":23.97,"y":-21.45},{"time":0.125,"x":117.63,"y":196.68},{"time":0.25,"x":11.41,"y":19.62},{"time":0.4167,"x":160.19,"y":97.98},{"time":0.5417,"x":95.88,"y":207.56},{"time":0.6667}]},"白":{"translate":[{"x":17.58,"y":12.56},{"time":0.0833,"x":168.35,"y":-64.29},{"time":0.25,"x":39.63,"y":-234.47},{"time":0.4167,"x":109.3,"y":12.91},{"time":0.5417,"x":87.51,"y":-153.34},{"time":0.6667}]},"金":{"translate":[{"x":22.09,"y":-3.04},{"time":0.125,"x":143.55,"y":123.08},{"time":0.2917,"x":166.47,"y":-81.85},{"time":0.4583,"x":13.55,"y":120.46},{"time":0.5833,"x":81.07,"y":-110.09},{"time":0.6667}]},"蓝1":{"translate":[{"x":30.27,"y":-13.42},{"time":0.125,"x":139.32,"y":32.46},{"time":0.2917,"x":-66.02,"y":155.81},{"time":0.4583,"x":108.16,"y":145.45},{"time":0.5833,"x":89.83,"y":-48.51},{"time":0.6667}]},"紫1":{"translate":[{"x":23.46,"y":32.48},{"time":0.125,"x":112.46,"y":-108.72},{"time":0.25,"x":38.58,"y":112.15},{"time":0.4167,"x":-72.68,"y":-113.18},{"time":0.5417,"x":157.38,"y":-19.45},{"time":0.6667}]},"金1":{"translate":[{"x":3.71,"y":27.46},{"time":0.125,"x":-24.16,"y":59.25},{"time":0.2917,"x":-70.48,"y":-112.98},{"time":0.4583,"x":97.44,"y":-8.25},{"time":0.5833,"x":30.7,"y":120.25},{"time":0.6667}]},"白1":{"translate":[{"x":26.56,"y":-17.36},{"time":0.0833,"x":98.33,"y":-12.59},{"time":0.25,"x":147.73,"y":181.9},{"time":0.4167,"x":-45.67,"y":180.47},{"time":0.5417,"x":93.08,"y":122.85},{"time":0.6667}]},"kaiqiu":{"scale":[{"x":0.6,"y":0.6}]},"xuanniu":{"rotate":[{},{"time":0.1667,"angle":-65.9},{"time":0.3333,"angle":-28.63},{"time":0.5,"angle":-65.9},{"time":0.6667}]}}},"chujiang1":{"bones":{"上盖":{"scale":[{"time":0.25},{"time":0.3333,"x":0.98},{"time":0.4167,"x":1.02},{"time":0.5417}]},"蓝":{"rotate":[{},{"time":0.4167,"angle":-33.83},{"time":0.6667}],"translate":[{},{"time":0.4167,"x":-10.53,"y":-12.64},{"time":0.6667}]},"紫":{"rotate":[{},{"time":0.4167,"angle":24.46},{"time":0.6667}],"translate":[{},{"time":0.4167,"x":-16.75,"y":4.92},{"time":0.6667}]},"白":{"rotate":[{},{"time":0.4167,"angle":-82.61},{"time":0.6667}],"translate":[{},{"time":0.4167,"x":-21.7,"y":-10.46},{"time":0.6667}]},"金":{"rotate":[{},{"time":0.4167,"angle":14.96},{"time":0.6667}],"translate":[{},{"time":0.4167,"x":-18.96},{"time":0.6667}]},"蓝1":{"rotate":[{},{"time":0.375,"angle":-33.24},{"time":0.6667}],"translate":[{},{"time":0.375,"x":-17.44,"y":6.23},{"time":0.6667}]},"紫1":{"rotate":[{},{"time":0.375,"angle":27.96},{"time":0.6667}],"translate":[{},{"time":0.375,"x":-26.57,"y":17.44},{"time":0.6667}]},"金1":{"rotate":[{},{"time":0.375,"angle":22.66},{"time":0.6667}],"translate":[{},{"time":0.375,"x":-24.3,"y":-2.49},{"time":0.6667}]},"白1":{"rotate":[{},{"time":0.3333,"angle":32.84},{"time":0.6667}],"translate":[{},{"time":0.3333,"x":-15.57,"y":9.34},{"time":0.6667}]},"kaiqiu":{"rotate":[{"time":0.1667},{"time":0.2917,"angle":-36.68}],"translate":[{},{"time":0.1667,"y":-54.75},{"time":0.2917,"y":-71.61,"curve":"stepped"},{"time":0.375,"y":-71.61},{"time":0.4583,"y":-139.11},{"time":0.5833,"y":-117.13},{"time":0.6667,"x":-1.45,"y":-139.87}],"scale":[{"x":0.6,"y":0.6},{"time":0.1667,"x":0.7,"y":0.7},{"time":0.2917,"x":0.8,"y":0.8},{"time":0.375,"x":0.9,"y":0.9},{"time":0.4583}]},"xuanniu":{"rotate":[{},{"time":0.1667,"angle":-72.09,"curve":"stepped"},{"time":0.5,"angle":-72.09},{"time":0.5833,"angle":11.46},{"time":0.6667}]}}},"chujiang2":{"slots":{"白2":{"attachment":[{"name":"出球/蓝2"}]},"白11":{"attachment":[{"name":"出球/蓝1"}]}},"bones":{"上盖":{"scale":[{"time":0.25},{"time":0.3333,"x":0.98},{"time":0.4167,"x":1.02},{"time":0.5417}]},"蓝":{"rotate":[{},{"time":0.4167,"angle":-33.83},{"time":0.6667}],"translate":[{},{"time":0.4167,"x":-10.53,"y":-12.64},{"time":0.6667}]},"紫":{"rotate":[{},{"time":0.4167,"angle":24.46},{"time":0.6667}],"translate":[{},{"time":0.4167,"x":-16.75,"y":4.92},{"time":0.6667}]},"白":{"rotate":[{},{"time":0.4167,"angle":-82.61},{"time":0.6667}],"translate":[{},{"time":0.4167,"x":-21.7,"y":-10.46},{"time":0.6667}]},"金":{"rotate":[{},{"time":0.4167,"angle":14.96},{"time":0.6667}],"translate":[{},{"time":0.4167,"x":-18.96},{"time":0.6667}]},"蓝1":{"rotate":[{},{"time":0.375,"angle":-33.24},{"time":0.6667}],"translate":[{},{"time":0.375,"x":-17.44,"y":6.23},{"time":0.6667}]},"紫1":{"rotate":[{},{"time":0.375,"angle":27.96},{"time":0.6667}],"translate":[{},{"time":0.375,"x":-26.57,"y":17.44},{"time":0.6667}]},"金1":{"rotate":[{},{"time":0.375,"angle":22.66},{"time":0.6667}],"translate":[{},{"time":0.375,"x":-24.3,"y":-2.49},{"time":0.6667}]},"白1":{"rotate":[{},{"time":0.3333,"angle":32.84},{"time":0.6667}],"translate":[{},{"time":0.3333,"x":-15.57,"y":9.34},{"time":0.6667}]},"kaiqiu":{"rotate":[{"time":0.1667},{"time":0.2917,"angle":-36.68}],"translate":[{},{"time":0.1667,"y":-54.75},{"time":0.2917,"y":-71.61,"curve":"stepped"},{"time":0.375,"y":-71.61},{"time":0.4583,"y":-139.11},{"time":0.5833,"y":-117.13},{"time":0.6667,"x":-1.45,"y":-139.87}],"scale":[{"x":0.6,"y":0.6},{"time":0.1667,"x":0.7,"y":0.7},{"time":0.2917,"x":0.8,"y":0.8},{"time":0.375,"x":0.9,"y":0.9},{"time":0.4583}]},"xuanniu":{"rotate":[{},{"time":0.1667,"angle":-72.09,"curve":"stepped"},{"time":0.5,"angle":-72.09},{"time":0.5833,"angle":11.46},{"time":0.6667}]}}},"chujiang3":{"slots":{"白2":{"attachment":[{"name":"出球/紫2"}]},"白11":{"attachment":[{"name":"出球/紫1"}]}},"bones":{"上盖":{"scale":[{"time":0.25},{"time":0.3333,"x":0.98},{"time":0.4167,"x":1.02},{"time":0.5417}]},"蓝":{"rotate":[{},{"time":0.4167,"angle":-33.83},{"time":0.6667}],"translate":[{},{"time":0.4167,"x":-10.53,"y":-12.64},{"time":0.6667}]},"紫":{"rotate":[{},{"time":0.4167,"angle":24.46},{"time":0.6667}],"translate":[{},{"time":0.4167,"x":-16.75,"y":4.92},{"time":0.6667}]},"白":{"rotate":[{},{"time":0.4167,"angle":-82.61},{"time":0.6667}],"translate":[{},{"time":0.4167,"x":-21.7,"y":-10.46},{"time":0.6667}]},"金":{"rotate":[{},{"time":0.4167,"angle":14.96},{"time":0.6667}],"translate":[{},{"time":0.4167,"x":-18.96},{"time":0.6667}]},"蓝1":{"rotate":[{},{"time":0.375,"angle":-33.24},{"time":0.6667}],"translate":[{},{"time":0.375,"x":-17.44,"y":6.23},{"time":0.6667}]},"紫1":{"rotate":[{},{"time":0.375,"angle":27.96},{"time":0.6667}],"translate":[{},{"time":0.375,"x":-26.57,"y":17.44},{"time":0.6667}]},"金1":{"rotate":[{},{"time":0.375,"angle":22.66},{"time":0.6667}],"translate":[{},{"time":0.375,"x":-24.3,"y":-2.49},{"time":0.6667}]},"白1":{"rotate":[{},{"time":0.3333,"angle":32.84},{"time":0.6667}],"translate":[{},{"time":0.3333,"x":-15.57,"y":9.34},{"time":0.6667}]},"kaiqiu":{"rotate":[{"time":0.1667},{"time":0.2917,"angle":-36.68}],"translate":[{},{"time":0.1667,"y":-54.75},{"time":0.2917,"y":-71.61,"curve":"stepped"},{"time":0.375,"y":-71.61},{"time":0.4583,"y":-139.11},{"time":0.5833,"y":-117.13},{"time":0.6667,"x":-1.45,"y":-139.87}],"scale":[{"x":0.6,"y":0.6},{"time":0.1667,"x":0.7,"y":0.7},{"time":0.2917,"x":0.8,"y":0.8},{"time":0.375,"x":0.9,"y":0.9},{"time":0.4583}]},"xuanniu":{"rotate":[{},{"time":0.1667,"angle":-72.09,"curve":"stepped"},{"time":0.5,"angle":-72.09},{"time":0.5833,"angle":11.46},{"time":0.6667}]}}},"chujiang4":{"slots":{"白2":{"attachment":[{"name":"出球/金2"}]},"白11":{"attachment":[{"name":"出球/金1"}]}},"bones":{"上盖":{"scale":[{"time":0.25},{"time":0.3333,"x":0.98},{"time":0.4167,"x":1.02},{"time":0.5417}]},"蓝":{"rotate":[{},{"time":0.4167,"angle":-33.83},{"time":0.6667}],"translate":[{},{"time":0.4167,"x":-10.53,"y":-12.64},{"time":0.6667}]},"紫":{"rotate":[{},{"time":0.4167,"angle":24.46},{"time":0.6667}],"translate":[{},{"time":0.4167,"x":-16.75,"y":4.92},{"time":0.6667}]},"白":{"rotate":[{},{"time":0.4167,"angle":-82.61},{"time":0.6667}],"translate":[{},{"time":0.4167,"x":-21.7,"y":-10.46},{"time":0.6667}]},"金":{"rotate":[{},{"time":0.4167,"angle":14.96},{"time":0.6667}],"translate":[{},{"time":0.4167,"x":-18.96},{"time":0.6667}]},"蓝1":{"rotate":[{},{"time":0.375,"angle":-33.24},{"time":0.6667}],"translate":[{},{"time":0.375,"x":-17.44,"y":6.23},{"time":0.6667}]},"紫1":{"rotate":[{},{"time":0.375,"angle":27.96},{"time":0.6667}],"translate":[{},{"time":0.375,"x":-26.57,"y":17.44},{"time":0.6667}]},"金1":{"rotate":[{},{"time":0.375,"angle":22.66},{"time":0.6667}],"translate":[{},{"time":0.375,"x":-24.3,"y":-2.49},{"time":0.6667}]},"白1":{"rotate":[{},{"time":0.3333,"angle":32.84},{"time":0.6667}],"translate":[{},{"time":0.3333,"x":-15.57,"y":9.34},{"time":0.6667}]},"kaiqiu":{"rotate":[{"time":0.1667},{"time":0.2917,"angle":-36.68}],"translate":[{},{"time":0.1667,"y":-54.75},{"time":0.2917,"y":-71.61,"curve":"stepped"},{"time":0.375,"y":-71.61},{"time":0.4583,"y":-139.11},{"time":0.5833,"y":-117.13},{"time":0.6667,"x":-1.45,"y":-139.87}],"scale":[{"x":0.6,"y":0.6},{"time":0.1667,"x":0.7,"y":0.7},{"time":0.2917,"x":0.8,"y":0.8},{"time":0.375,"x":0.9,"y":0.9},{"time":0.4583}]},"xuanniu":{"rotate":[{},{"time":0.1667,"angle":-72.09,"curve":"stepped"},{"time":0.5,"angle":-72.09},{"time":0.5833,"angle":11.46},{"time":0.6667}]}}},"daiji":{"bones":{"上盖":{"scale":[{},{"time":0.4167,"x":1.02},{"time":0.8333}]},"kaiqiu":{"scale":[{"x":0.6,"y":0.6}]},"xuanniu":{"rotate":[{},{"time":0.4167,"angle":-60.52},{"time":0.8333}]}}}}},[0]]],0,0,[0],[-1],[0]]