[1,["92l98iRg9KSIiO8hwet+lp"],0,[["sp.SkeletonData",["_name","_atlasText","textureNames","_skeletonJson","textures"],-1,3]],[[0,0,1,2,3,4,5]],[[0,"huangguazhadan_huangguabaozha","\r\nhuangguazhadan_huangguabaozha.png\r\nsize: 1353,408\r\nformat: RGBA8888\r\nfilter: Linear,Linear\r\nrepeat: none\r\nB\r\n  rotate: false\r\n  xy: 1189, 53\r\n  size: 80, 80\r\n  orig: 80, 80\r\n  offset: 0, 0\r\n  index: -1\r\nF\r\n  rotate: true\r\n  xy: 197, 168\r\n  size: 238, 73\r\n  orig: 238, 73\r\n  offset: 0, 0\r\n  index: -1\r\nGX\r\n  rotate: true\r\n  xy: 2, 3\r\n  size: 160, 74\r\n  orig: 160, 74\r\n  offset: 0, 0\r\n  index: -1\r\nHG\r\n  rotate: false\r\n  xy: 272, 170\r\n  size: 117, 236\r\n  orig: 121, 237\r\n  offset: 2, 0\r\n  index: -1\r\nbz1\r\n  rotate: true\r\n  xy: 1064, 11\r\n  size: 194, 123\r\n  orig: 194, 123\r\n  offset: 0, 0\r\n  index: -1\r\nbz2\r\n  rotate: true\r\n  xy: 1022, 207\r\n  size: 199, 128\r\n  orig: 199, 128\r\n  offset: 0, 0\r\n  index: -1\r\nbz3\r\n  rotate: true\r\n  xy: 888, 205\r\n  size: 201, 132\r\n  orig: 201, 132\r\n  offset: 0, 0\r\n  index: -1\r\nbz4\r\n  rotate: true\r\n  xy: 1152, 218\r\n  size: 188, 128\r\n  orig: 188, 128\r\n  offset: 0, 0\r\n  index: -1\r\nbz5\r\n  rotate: false\r\n  xy: 1282, 307\r\n  size: 69, 99\r\n  orig: 69, 99\r\n  offset: 0, 0\r\n  index: -1\r\nbz6\r\n  rotate: false\r\n  xy: 437, 24\r\n  size: 115, 153\r\n  orig: 115, 153\r\n  offset: 0, 0\r\n  index: -1\r\ndi\r\n  rotate: true\r\n  xy: 1282, 118\r\n  size: 187, 68\r\n  orig: 190, 70\r\n  offset: 1, 1\r\n  index: -1\r\nhuanggua1\r\n  rotate: false\r\n  xy: 589, 193\r\n  size: 109, 213\r\n  orig: 109, 213\r\n  offset: 0, 0\r\n  index: -1\r\nhuanggua2\r\n  rotate: true\r\n  xy: 1244, 10\r\n  size: 41, 31\r\n  orig: 43, 34\r\n  offset: 1, 2\r\n  index: -1\r\nhuanggua3\r\n  rotate: true\r\n  xy: 1189, 8\r\n  size: 43, 53\r\n  orig: 45, 55\r\n  offset: 1, 1\r\n  index: -1\r\nhuanggua4\r\n  rotate: true\r\n  xy: 1189, 135\r\n  size: 81, 88\r\n  orig: 81, 88\r\n  offset: 0, 0\r\n  index: -1\r\nhuanggua5\r\n  rotate: false\r\n  xy: 1271, 58\r\n  size: 52, 58\r\n  orig: 54, 62\r\n  offset: 1, 2\r\n  index: -1\r\nspudow\r\n  rotate: true\r\n  xy: 990, 3\r\n  size: 200, 72\r\n  orig: 200, 72\r\n  offset: 0, 0\r\n  index: -1\r\nyun3\r\n  rotate: true\r\n  xy: 304, 11\r\n  size: 157, 131\r\n  orig: 158, 139\r\n  offset: 0, 1\r\n  index: -1\r\nyun4\r\n  rotate: true\r\n  xy: 2, 165\r\n  size: 241, 193\r\n  orig: 282, 200\r\n  offset: 31, 0\r\n  index: -1\r\nyun5\r\n  rotate: false\r\n  xy: 780, 2\r\n  size: 208, 192\r\n  orig: 228, 194\r\n  offset: 9, 1\r\n  index: -1\r\nyun6\r\n  rotate: true\r\n  xy: 391, 179\r\n  size: 227, 196\r\n  orig: 243, 196\r\n  offset: 3, 0\r\n  index: -1\r\nyun7\r\n  rotate: true\r\n  xy: 700, 196\r\n  size: 210, 186\r\n  orig: 242, 194\r\n  offset: 2, 7\r\n  index: -1\r\nyun8\r\n  rotate: false\r\n  xy: 78, 5\r\n  size: 224, 158\r\n  orig: 230, 169\r\n  offset: 1, 11\r\n  index: -1\r\nyun9\r\n  rotate: false\r\n  xy: 554, 33\r\n  size: 224, 144\r\n  orig: 229, 149\r\n  offset: 1, 4\r\n  index: -1\r\n",["huangguazhadan_huangguabaozha.png"],{"skeleton":{"hash":"LBzKk1zaVZPkOHniw0KLXPYDvUA","spine":"3.8.99","x":-159.37,"y":-173.55,"width":320,"height":261.04},"bones":[{"name":"root"},{"name":"bone","parent":"root","x":3.12,"y":-144.46},{"name":"HG","parent":"bone","x":-2.12,"y":7.41},{"name":"bz1","parent":"bone","x":-2.12,"y":7.41},{"name":"spudow","parent":"bone","x":4.97,"y":84.53},{"name":"huanggua1","parent":"bone","x":-2.12,"y":7.41},{"name":"bz6","parent":"bone","length":1,"x":-2.12,"y":7.41},{"name":"yun3","parent":"bone","x":-1.37,"y":6.99},{"name":"GX","parent":"bone","x":-1.51,"y":7.66},{"name":"B","parent":"bone","x":-2.5,"y":28.94},{"name":"F","parent":"bone","x":-2.12,"y":7.41},{"name":"di","parent":"bone","x":-2.12,"y":7.41},{"name":"mei1","parent":"huanggua1","length":40,"rotation":147.99,"x":-4.7,"y":174.65},{"name":"eye2","parent":"huanggua1","x":22.7,"y":163.21},{"name":"mei2","parent":"huanggua1","length":38,"rotation":35.63,"x":8.16,"y":178.13},{"name":"eye1","parent":"huanggua1","x":-24.02,"y":154.41},{"name":"zui","parent":"huanggua1","x":5.65,"y":101.07},{"name":"zui2","parent":"zui","rotation":53.13,"x":27.55,"y":-15.15},{"name":"zui1","parent":"zui","rotation":45,"x":-32.3,"y":-25.35},{"name":"zui3","parent":"zui","x":18.2,"y":33.15},{"name":"huanggua2","parent":"huanggua1","x":0.7,"y":53.31}],"slots":[{"name":"huanggua1","bone":"huanggua2","attachment":"huanggua1"},{"name":"huanggua2","bone":"eye2","attachment":"huanggua2"},{"name":"huanggua3","bone":"eye1","attachment":"huanggua3"},{"name":"huanggua4","bone":"zui2","attachment":"huanggua4"},{"name":"huanggua5","bone":"mei1","attachment":"huanggua5"},{"name":"HG","bone":"HG","color":"ffffff00","attachment":"HG","blend":"additive"},{"name":"huanggua51","bone":"mei2","attachment":"huanggua5"},{"name":"bz1","bone":"bz1","attachment":"bz1","blend":"additive"},{"name":"bz6","bone":"bz6","color":"ffffff00","attachment":"bz6","blend":"additive"},{"name":"bz61","bone":"bz6","color":"ffffff00","attachment":"bz6","blend":"additive"},{"name":"di","bone":"di","color":"ffffff00","attachment":"di","blend":"additive"},{"name":"F","bone":"F","color":"ffffff00","attachment":"F","blend":"additive"},{"name":"GX","bone":"GX","color":"ffffff00","attachment":"GX","blend":"additive"},{"name":"spudow","bone":"spudow","color":"ffffff00","attachment":"spudow"},{"name":"yun3","bone":"yun3","attachment":"yun3"},{"name":"B","bone":"B","color":"ffffff00","attachment":"B","blend":"additive"}],"skins":[{"name":"default","attachments":{"B":{"B":{"scaleX":4,"scaleY":1.2,"width":80,"height":80}},"F":{"F":{"width":238,"height":73}},"GX":{"GX":{"x":-1.55,"y":29.83,"width":160,"height":74}},"HG":{"HG":{"x":-0.3,"y":105.53,"width":121,"height":237}},"bz1":{"bz1":{"y":54.39,"width":194,"height":123},"bz2":{"y":54.39,"width":199,"height":128},"bz3":{"y":54.39,"width":201,"height":132},"bz4":{"y":54.39,"width":188,"height":128},"bz5":{"y":54.39,"width":69,"height":99}},"bz6":{"bz6":{"x":57.08,"y":69.5,"scaleX":-1,"width":115,"height":153}},"bz61":{"bz6":{"x":-58.06,"y":69.5,"width":115,"height":153}},"di":{"di":{"x":-0.01,"width":190,"height":70}},"huanggua1":{"huanggua1":{"type":"mesh","hull":10,"uvs":[0.64035,0,0.84691,0.11058,1,0.64607,1,0.80909,0.62278,1,0.42434,1,0,0.82505,0,0.66543,0.19697,0.09742,0.42095,0],"triangles":[9,0,1,8,9,1,2,7,8,2,8,1,7,2,3,5,6,7,3,5,7,4,5,3],"vertices":[14.6,151.69,37.11,128.13,53.8,14.07,53.8,-20.65,12.68,-61.31,-8.95,-61.31,-55.2,-24.05,-55.2,9.95,-33.73,130.93,-9.32,151.69]}},"huanggua2":{"huanggua2":{"x":-0.62,"y":-1.34,"width":43,"height":34}},"huanggua3":{"huanggua3":{"x":0.71,"y":-0.4,"width":45,"height":55}},"huanggua4":{"huanggua4":{"type":"mesh","hull":31,"uvs":[0.08704,0.98977,0.16296,0.98011,0.22037,0.9392,0.29383,0.86023,0.40926,0.76761,0.49259,0.72955,0.63086,0.68636,0.73704,0.72955,0.84506,0.84602,0.90556,0.8875,0.95864,0.88352,1,0.83693,1,0.71648,0.98889,0.58182,0.97099,0.41761,0.9179,0.26364,0.87037,0.12102,0.83765,0.04375,0.7321,0.00739,0.61111,0,0.49506,0.0233,0.37901,0.08125,0.26111,0.18295,0.14753,0.27841,0.07716,0.34545,0.04691,0.43807,0.0142,0.5608,0,0.68182,0,0.80909,0,0.91761,0.03457,0.98523,0.24008,0.30351,0.18329,0.36544,0.14132,0.47567,0.1228,0.60294,0.1228,0.70521,0.12897,0.77908,0.14564,0.8251,0.19811,0.78078,0.24626,0.71487,0.32403,0.6376,0.38885,0.59555,0.49626,0.53135,0.61169,0.51033,0.69317,0.54328,0.80058,0.61658,0.85922,0.66317,0.90305,0.70351,0.91971,0.6376,0.92218,0.5376,0.90922,0.42169,0.88206,0.30749,0.81724,0.14328,0.7623,0.08135,0.67465,0.04101,0.59687,0.05067,0.49193,0.07964,0.39564,0.14555,0.31354,0.23419],"triangles":[21,22,57,21,56,20,21,57,56,20,56,55,20,55,19,19,55,54,19,54,18,18,54,53,54,55,53,53,55,52,18,53,17,53,52,17,55,43,52,55,56,43,17,52,16,52,43,51,52,51,15,16,52,15,15,51,14,44,6,45,6,7,45,45,7,46,46,7,47,46,47,48,45,46,48,49,45,48,44,45,49,50,44,49,7,8,47,49,48,13,12,47,11,47,8,11,8,9,11,9,10,11,48,12,13,14,49,13,48,47,12,50,49,14,51,50,14,26,27,34,35,28,36,27,28,35,29,30,0,36,28,37,34,27,35,25,26,33,28,29,37,26,34,33,24,33,32,24,25,33,29,0,37,36,37,38,37,0,1,37,1,2,35,36,38,35,38,39,34,35,39,38,37,3,37,2,3,33,34,40,34,39,40,39,38,3,39,3,4,40,39,4,23,24,32,23,32,31,23,31,22,22,31,58,22,58,57,32,33,41,33,40,41,41,4,5,58,31,42,31,41,42,41,40,4,31,32,41,42,41,5,42,5,6,43,42,6,43,6,44,58,42,43,57,58,43,56,57,43,43,44,51,51,44,50],"vertices":[4,16,-38.25,-43.29,0.08745,18,-16.89,-8.48,0.82342,17,-61.99,35.76,0.05715,19,-56.45,-76.44,0.03198,4,16,-32.1,-42.44,0.08748,18,-11.94,-12.23,0.82491,17,-57.62,31.35,0.05787,19,-50.3,-75.59,0.02973,4,16,-27.45,-38.84,0.08229,18,-6.11,-12.97,0.84013,17,-51.95,29.79,0.05226,19,-45.65,-71.99,0.02532,4,16,-21.5,-31.89,0.10311,18,3.01,-12.26,0.81377,17,-42.82,29.2,0.05725,19,-39.7,-65.04,0.02587,4,16,-12.15,-23.74,0.31906,18,15.39,-13.11,0.48769,17,-30.69,26.61,0.13969,19,-30.35,-56.89,0.05356,4,16,-5.4,-20.39,0.47943,18,22.53,-15.51,0.25974,17,-23.96,23.22,0.19905,19,-23.6,-53.54,0.06177,4,16,5.8,-16.59,0.48374,18,33.14,-20.75,0.09687,17,-14.2,16.54,0.35965,19,-12.4,-49.74,0.05973,4,16,14.4,-20.39,0.19074,18,36.53,-29.51,0.05416,17,-12.08,7.38,0.71177,19,-3.8,-53.54,0.04334,4,16,23.15,-30.64,0.12664,18,35.47,-42.95,0.05996,17,-15.03,-5.77,0.76644,19,4.95,-63.79,0.04696,4,16,28.05,-34.29,0.13445,18,36.35,-49,0.07065,17,-15.01,-11.88,0.7367,19,9.85,-67.44,0.0582,4,16,32.35,-33.94,0.1274,18,39.64,-51.79,0.0658,17,-12.15,-15.11,0.74583,19,14.15,-67.09,0.06098,4,16,35.7,-29.84,0.10576,18,44.91,-51.26,0.04949,17,-6.86,-15.33,0.78984,19,17.5,-62.99,0.0549,4,16,35.7,-19.24,0.05264,18,52.4,-43.76,0.01884,17,1.62,-8.97,0.89925,19,17.5,-52.39,0.02928,4,16,34.8,-7.39,0.08084,18,60.15,-34.75,0.02178,17,10.56,-1.14,0.84206,19,16.6,-40.54,0.05531,4,16,33.35,7.06,0.20791,18,69.34,-23.5,0.04655,17,21.25,8.69,0.47398,19,15.15,-26.09,0.27156,4,16,29.05,20.61,0.14894,18,75.88,-10.88,0.03296,17,29.51,20.26,0.15392,19,10.85,-12.54,0.66417,4,16,25.2,33.16,0.03343,18,82.03,0.71,0.00872,17,37.24,30.87,0.02557,19,7,0.01,0.93228,4,16,22.55,39.96,0.0326,18,84.97,7.4,0.0095,17,41.09,37.07,0.02297,19,4.35,6.81,0.93493,4,16,14,43.16,0.04808,18,81.18,15.7,0.01448,17,38.52,45.83,0.02822,19,-4.2,10.01,0.90923,4,16,4.2,43.81,0.11503,18,74.71,23.09,0.03617,17,33.16,54.06,0.05632,19,-14,10.66,0.79247,4,16,-5.2,41.76,0.20803,18,66.62,28.29,0.06922,17,25.88,60.35,0.08629,19,-23.4,8.61,0.63646,4,16,-14.6,36.66,0.31177,18,56.36,31.33,0.11362,17,16.16,64.81,0.10888,19,-32.8,3.51,0.46573,4,16,-24.15,27.71,0.40081,18,43.28,31.76,0.18022,17,3.27,67.08,0.11855,19,-42.35,-5.44,0.30042,4,16,-33.35,19.31,0.39597,18,30.84,32.32,0.28176,17,-8.97,69.4,0.11768,19,-51.55,-13.84,0.2046,4,16,-39.05,13.41,0.35263,18,22.63,32.18,0.37377,17,-17.11,70.42,0.11211,19,-57.25,-19.74,0.16149,4,16,-41.5,5.26,0.29532,18,15.14,28.15,0.49049,17,-25.1,67.49,0.09758,19,-59.7,-27.89,0.11661,4,16,-44.15,-5.54,0.18377,18,5.63,22.39,0.68181,17,-35.33,63.13,0.06831,19,-62.35,-38.69,0.06611,4,16,-45.3,-16.19,0.08661,18,-2.72,15.67,0.84569,17,-44.54,57.66,0.03731,19,-63.5,-49.34,0.03039,4,16,-45.3,-27.39,0.04954,18,-10.63,7.75,0.90741,17,-53.5,50.94,0.0253,19,-63.5,-60.54,0.01775,4,16,-45.3,-36.94,0.07183,18,-17.39,1,0.85869,17,-61.14,45.21,0.04239,19,-63.5,-70.09,0.0271,4,16,-42.5,-42.89,0.09006,18,-19.62,-5.19,0.81769,17,-64.22,39.4,0.05793,19,-60.7,-76.04,0.03432,4,16,-25.85,17.1,0.46269,18,34.58,25.46,0.22666,17,-6.24,62.07,0.11121,19,-44.05,-16.05,0.19945,4,16,-30.45,11.65,0.42586,18,27.47,24.85,0.31017,17,-13.36,62.48,0.10767,19,-48.65,-21.5,0.1563,4,16,-33.85,1.95,0.33006,18,18.21,20.4,0.47939,17,-23.16,59.38,0.0907,19,-52.05,-31.2,0.09985,4,16,-35.35,-9.25,0.15603,18,9.23,13.54,0.74959,17,-33.02,53.86,0.05107,19,-53.55,-42.4,0.04331,4,16,-35.35,-18.25,0.03404,18,2.86,7.18,0.94302,17,-40.22,48.46,0.01341,19,-53.55,-51.4,0.00953,4,16,-34.85,-24.75,0.00157,18,-1.38,2.23,0.99726,17,-45.12,44.16,0.00071,19,-53.05,-57.9,0.00045,4,16,-33.5,-28.8,0.00626,18,-3.29,-1.59,0.98878,17,-47.55,40.65,0.00311,19,-51.7,-61.95,0.00184,4,16,-29.25,-24.9,0.01148,18,2.47,-1.84,0.9805,17,-41.88,39.59,0.00507,19,-47.45,-58.05,0.00295,4,16,-25.35,-19.1,0.09149,18,9.33,-0.49,0.85686,17,-34.9,39.95,0.03234,19,-43.55,-52.25,0.0193,4,16,-19.05,-12.3,0.37771,18,18.6,-0.14,0.48265,17,-25.68,38.99,0.08632,19,-37.25,-45.45,0.05332,4,16,-13.8,-8.6,0.62889,18,24.93,-1.24,0.22631,17,-19.57,37.01,0.0895,19,-32,-41.75,0.05531,4,16,-5.1,-2.95,0.94696,18,35.07,-3.39,0.01863,17,-9.83,33.44,0.021,19,-23.3,-36.1,0.01342,4,16,4.25,-1.1,0.92827,18,42.99,-8.7,0.01337,17,-2.74,27.07,0.03845,19,-13.95,-34.25,0.01992,4,16,10.85,-4,0.62617,18,45.61,-15.41,0.04073,17,-1.1,20.05,0.26414,19,-7.35,-37.15,0.06896,4,16,19.55,-10.45,0.11196,18,47.2,-26.13,0.01974,17,-1.04,9.22,0.83709,19,1.35,-43.6,0.03121,4,16,24.3,-14.55,0.0063,18,47.66,-32.39,0.00156,17,-1.47,2.96,0.98983,19,6.1,-47.7,0.00231,4,16,27.85,-18.1,0.00882,18,47.66,-37.41,0.0027,17,-2.18,-2.01,0.98474,19,9.65,-51.25,0.00374,4,16,29.2,-12.3,0.0139,18,52.71,-34.26,0.00362,17,3.27,0.39,0.97579,19,11,-45.45,0.00669,4,16,29.4,-3.5,0.11976,18,59.08,-28.18,0.02544,17,10.43,5.51,0.77964,19,11.2,-36.65,0.07516,4,16,28.35,6.7,0.23962,18,65.55,-20.22,0.04498,17,17.96,12.47,0.45182,19,10.15,-26.45,0.26358,4,16,26.15,16.75,0.1958,18,71.1,-11.56,0.03755,17,24.68,20.26,0.19579,19,7.95,-16.4,0.57086,4,16,20.9,31.2,0.01177,18,77.6,2.37,0.00279,17,33.09,33.13,0.00784,19,2.7,-1.95,0.9776,4,16,16.45,36.65,0.00766,18,78.31,9.37,0.002,17,34.78,39.96,0.00453,19,-1.75,3.5,0.9858,4,16,9.35,40.2,0.05789,18,75.8,16.9,0.01631,17,33.36,47.77,0.0297,19,-8.85,7.05,0.8961,4,16,3.05,39.35,0.1207,18,70.75,20.75,0.0343,17,28.9,52.3,0.05362,19,-15.15,6.2,0.79139,4,16,-5.45,36.8,0.23387,18,62.93,24.96,0.06928,17,21.76,57.57,0.08632,19,-23.65,3.65,0.61053,4,16,-13.25,31,0.35688,18,53.32,26.38,0.11084,17,12.44,60.33,0.10677,19,-31.45,-2.15,0.42552,4,16,-19.9,23.2,0.45316,18,43.1,25.56,0.15997,17,2.21,60.97,0.11184,19,-38.1,-9.95,0.27503]}},"huanggua5":{"huanggua5":{"x":26.96,"y":-5.43,"rotation":-147.99,"width":54,"height":62}},"huanggua51":{"huanggua5":{"x":21.62,"y":0.91,"scaleX":-1,"rotation":-35.63,"width":54,"height":62}},"spudow":{"spudow":{"x":2.05,"y":9.37,"width":200,"height":72}},"yun3":{"yun3":{"x":-1.53,"y":66.59,"width":158,"height":139},"yun4":{"y":94.96,"width":282,"height":200},"yun5":{"y":94.96,"width":228,"height":194},"yun6":{"x":3.16,"y":94.96,"width":243,"height":196},"yun7":{"x":8.51,"y":90.14,"width":242,"height":194},"yun8":{"y":100.5,"width":230,"height":169},"yun9":{"y":140.82,"width":229,"height":149}}}}],"events":{"baozha":{}},"animations":{"baozha":{"slots":{"B":{"color":[{"time":0.5417,"color":"ffffff00"},{"time":0.7084,"color":"ffffffff"},{"time":1.0417,"color":"ffffff00"}]},"F":{"color":[{"time":0.625,"color":"ffffff00"},{"time":0.7917,"color":"ffffffff"},{"time":1.125,"color":"ffffff00"}]},"GX":{"color":[{"time":0.5417,"color":"ffffff00"},{"time":0.625,"color":"c7ff8fff"},{"time":0.7083,"color":"8fff1fff"},{"time":1.375,"color":"8fff1f00"}]},"HG":{"color":[{"time":0.625,"color":"ffffff00"},{"time":0.75,"color":"f7ff2eff"},{"time":1.125,"color":"ffdb4700"}]},"bz1":{"color":[{"color":"ffffff00","curve":"stepped"},{"time":0.625,"color":"ffffff00"},{"time":0.7083,"color":"ffffffff","curve":"stepped"},{"time":1.0416,"color":"ffffffff"},{"time":1.2499,"color":"ffffff00"}],"attachment":[{"time":0.7917,"name":"bz2"},{"time":0.875,"name":"bz3"},{"time":0.9583,"name":"bz4"},{"time":1.0416,"name":"bz5"}]},"bz6":{"color":[{"time":0.5417,"color":"ffffff00"},{"time":0.625,"color":"ffffffff"},{"time":0.9167,"color":"ffffff00"}]},"bz61":{"color":[{"time":0.5417,"color":"ffffff00"},{"time":0.625,"color":"ffffffff"},{"time":0.9167,"color":"ffffff00"}]},"di":{"color":[{"time":0.5417,"color":"ffffff00"},{"time":0.7084,"color":"ffffffff"},{"time":1.1251,"color":"ffffff00"}]},"huanggua1":{"color":[{"time":0.7083,"color":"ffffffff"},{"time":0.9583,"color":"ffffff00"}]},"huanggua2":{"color":[{"time":0.7083,"color":"ffffffff"},{"time":0.9583,"color":"ffffff00"}]},"huanggua3":{"color":[{"time":0.7083,"color":"ffffffff"},{"time":0.9583,"color":"ffffff00"}]},"huanggua4":{"color":[{"time":0.7083,"color":"ffffffff"},{"time":0.9583,"color":"ffffff00"}]},"huanggua5":{"color":[{"time":0.7083,"color":"ffffffff"},{"time":0.9583,"color":"ffffff00"}]},"huanggua51":{"color":[{"time":0.7083,"color":"ffffffff"},{"time":0.9583,"color":"ffffff00"}]},"spudow":{"color":[{"time":0.7083,"color":"ffffff00"},{"time":0.875,"color":"ffffffff","curve":"stepped"},{"time":1.2083,"color":"ffffffff"},{"time":1.375,"color":"ffffff00"}]},"yun3":{"color":[{"color":"ffffff00","curve":"stepped"},{"time":0.625,"color":"ffffff00"},{"time":0.7083,"color":"ffffffff"}],"attachment":[{"time":0.7917,"name":"yun4"},{"time":0.875,"name":"yun5"},{"time":0.9583,"name":"yun6"},{"time":1.0416,"name":"yun7"},{"time":1.1249,"name":"yun8"},{"time":1.2082,"name":"yun9"}]}},"bones":{"huanggua1":{"translate":[{},{"time":0.5,"y":169.5},{"time":0.625}],"scale":[{"x":0.5,"y":0.5},{"time":0.0417},{"time":0.0834,"x":1.3,"y":1.3},{"time":0.1251,"x":1.5,"y":1.5},{"time":0.2084,"x":1.6,"y":1.6},{"time":0.2917,"x":1.48,"y":1.5},{"time":0.625,"y":0.9},{"time":0.9583,"x":1.1,"y":1.3}]},"eye2":{"translate":[{"x":-0.08,"y":-0.23},{"time":0.0667,"x":-0.23,"y":-0.69,"curve":0,"c2":0.19,"c3":0.662,"c4":0.85},{"time":0.1667},{"time":0.2,"x":-0.08,"y":-0.23},{"time":0.2667,"x":-0.23,"y":-0.69,"curve":0,"c2":0.19,"c3":0.662,"c4":0.85},{"time":0.3667},{"time":0.4,"x":-0.08,"y":-0.23},{"time":0.4667,"x":-0.23,"y":-0.69,"curve":0,"c2":0.19,"c3":0.662,"c4":0.85},{"time":0.5667},{"time":0.6,"x":-0.08,"y":-0.23},{"time":0.6667,"x":-0.23,"y":-0.69,"curve":0,"c2":0.19,"c3":0.662,"c4":0.85},{"time":0.7667},{"time":0.8,"x":-0.08,"y":-0.23}],"scale":[{"x":0.984,"y":0.963,"curve":0.271,"c2":0.38,"c3":0.724,"c4":0.86},{"time":0.0667,"x":1.023,"y":0.765,"curve":0,"c2":0.19,"c3":0.662,"c4":0.85},{"time":0.1667,"x":0.936,"y":1.155,"curve":0,"c2":0.21,"c3":0.399,"c4":0.58},{"time":0.2,"x":0.984,"y":0.963,"curve":0.271,"c2":0.38,"c3":0.724,"c4":0.86},{"time":0.2667,"x":1.023,"y":0.765,"curve":0,"c2":0.19,"c3":0.662,"c4":0.85},{"time":0.3667,"x":0.936,"y":1.155,"curve":0,"c2":0.21,"c3":0.399,"c4":0.58},{"time":0.4,"x":0.984,"y":0.963,"curve":0.271,"c2":0.38,"c3":0.724,"c4":0.86},{"time":0.4667,"x":1.023,"y":0.765,"curve":0,"c2":0.19,"c3":0.662,"c4":0.85},{"time":0.5667,"x":0.936,"y":1.155,"curve":0,"c2":0.21,"c3":0.399,"c4":0.58},{"time":0.6,"x":0.984,"y":0.963,"curve":0.271,"c2":0.38,"c3":0.724,"c4":0.86},{"time":0.6667,"x":1.023,"y":0.765,"curve":0,"c2":0.19,"c3":0.662,"c4":0.85},{"time":0.7667,"x":0.936,"y":1.155,"curve":0,"c2":0.21,"c3":0.399,"c4":0.58},{"time":0.8,"x":0.984,"y":0.963}]},"eye1":{"translate":[{"y":0.11,"curve":0.362,"c2":0.45,"c3":0.725,"c4":0.83},{"time":0.0333,"curve":0,"c2":0.19,"c3":0.662,"c4":0.85},{"time":0.1333,"y":2.71,"curve":0,"c2":0.18,"c3":0.498,"c4":0.65},{"time":0.2,"y":0.11,"curve":0.362,"c2":0.45,"c3":0.725,"c4":0.83},{"time":0.2333,"curve":0,"c2":0.19,"c3":0.662,"c4":0.85},{"time":0.3333,"y":2.71,"curve":0,"c2":0.18,"c3":0.498,"c4":0.65},{"time":0.4,"y":0.11,"curve":0.362,"c2":0.45,"c3":0.725,"c4":0.83},{"time":0.4333,"curve":0,"c2":0.19,"c3":0.662,"c4":0.85},{"time":0.5333,"y":2.71,"curve":0,"c2":0.18,"c3":0.498,"c4":0.65},{"time":0.6,"y":0.11,"curve":0.362,"c2":0.45,"c3":0.725,"c4":0.83},{"time":0.6333,"curve":0,"c2":0.19,"c3":0.662,"c4":0.85},{"time":0.7333,"y":2.71,"curve":0,"c2":0.18,"c3":0.498,"c4":0.65},{"time":0.8,"y":0.11}],"scale":[{"x":1.002,"y":1.022,"curve":0.362,"c2":0.45,"c3":0.725,"c4":0.83},{"time":0.0333,"x":1.111,"y":0.896},{"time":0.1333,"x":0.977,"y":1.168,"curve":0,"c2":0.18,"c3":0.498,"c4":0.65},{"time":0.2,"x":1.002,"y":1.022,"curve":0.362,"c2":0.45,"c3":0.725,"c4":0.83},{"time":0.2333,"x":1.111,"y":0.896},{"time":0.3333,"x":0.977,"y":1.168,"curve":0,"c2":0.18,"c3":0.498,"c4":0.65},{"time":0.4,"x":1.002,"y":1.022,"curve":0.362,"c2":0.45,"c3":0.725,"c4":0.83},{"time":0.4333,"x":1.111,"y":0.896},{"time":0.5333,"x":0.977,"y":1.168,"curve":0,"c2":0.18,"c3":0.498,"c4":0.65},{"time":0.6,"x":1.002,"y":1.022,"curve":0.362,"c2":0.45,"c3":0.725,"c4":0.83},{"time":0.6333,"x":1.111,"y":0.896},{"time":0.7333,"x":0.977,"y":1.168,"curve":0,"c2":0.18,"c3":0.498,"c4":0.65},{"time":0.8,"x":1.002,"y":1.022}]},"zui2":{"translate":[{},{"time":0.1,"x":8.02,"y":-25.05,"curve":0,"c2":0.19,"c3":0.443,"c4":0.6},{"time":0.2},{"time":0.3,"x":8.02,"y":-25.05,"curve":0,"c2":0.19,"c3":0.443,"c4":0.6},{"time":0.4},{"time":0.5,"x":8.02,"y":-25.05,"curve":0,"c2":0.19,"c3":0.443,"c4":0.6},{"time":0.6},{"time":0.7,"x":8.02,"y":-25.05,"curve":0,"c2":0.19,"c3":0.443,"c4":0.6},{"time":0.8}]},"mei1":{"rotate":[{"angle":-1.54,"curve":0.271,"c2":0.38,"c3":0.724,"c4":0.86},{"time":0.0667,"angle":-3.75,"curve":0,"c2":0.19,"c3":0.662,"c4":0.85},{"time":0.1333,"angle":13.47,"curve":0,"c2":0.21,"c3":0.399,"c4":0.58},{"time":0.2,"angle":-1.54,"curve":0.271,"c2":0.38,"c3":0.724,"c4":0.86},{"time":0.2667,"angle":-3.75,"curve":0,"c2":0.19,"c3":0.662,"c4":0.85},{"time":0.3333,"angle":13.47,"curve":0,"c2":0.21,"c3":0.399,"c4":0.58},{"time":0.4,"angle":-1.54,"curve":0.271,"c2":0.38,"c3":0.724,"c4":0.86},{"time":0.4667,"angle":-3.75,"curve":0,"c2":0.19,"c3":0.662,"c4":0.85},{"time":0.5333,"angle":13.47,"curve":0,"c2":0.21,"c3":0.399,"c4":0.58},{"time":0.6,"angle":-1.54,"curve":0.271,"c2":0.38,"c3":0.724,"c4":0.86},{"time":0.6667,"angle":-3.75,"curve":0,"c2":0.19,"c3":0.662,"c4":0.85},{"time":0.7333,"angle":13.47,"curve":0,"c2":0.21,"c3":0.399,"c4":0.58},{"time":0.8,"angle":-1.54}],"translate":[{"x":0.78,"y":4.41,"curve":0.271,"c2":0.38,"c3":0.724,"c4":0.86},{"time":0.0667},{"time":0.1333,"x":0.96,"y":16.87,"curve":0,"c2":0.21,"c3":0.399,"c4":0.58},{"time":0.2,"x":0.78,"y":4.41,"curve":0.271,"c2":0.38,"c3":0.724,"c4":0.86},{"time":0.2667},{"time":0.3333,"x":0.96,"y":16.87,"curve":0,"c2":0.21,"c3":0.399,"c4":0.58},{"time":0.4,"x":0.78,"y":4.41,"curve":0.271,"c2":0.38,"c3":0.724,"c4":0.86},{"time":0.4667},{"time":0.5333,"x":0.96,"y":16.87,"curve":0,"c2":0.21,"c3":0.399,"c4":0.58},{"time":0.6,"x":0.78,"y":4.41,"curve":0.271,"c2":0.38,"c3":0.724,"c4":0.86},{"time":0.6667},{"time":0.7333,"x":0.96,"y":16.87,"curve":0,"c2":0.21,"c3":0.399,"c4":0.58},{"time":0.7914,"y":3.79},{"time":0.8,"x":0.78,"y":4.41}],"scale":[{"curve":0.271,"c2":0.38,"c3":0.724,"c4":0.86},{"time":0.0667,"x":1.02,"curve":0,"c2":0.19,"c3":0.662,"c4":0.85},{"time":0.1333,"curve":"stepped"},{"time":0.2,"curve":0.271,"c2":0.38,"c3":0.724,"c4":0.86},{"time":0.2667,"x":1.02,"curve":0,"c2":0.19,"c3":0.662,"c4":0.85},{"time":0.3333,"curve":"stepped"},{"time":0.4,"curve":0.271,"c2":0.38,"c3":0.724,"c4":0.86},{"time":0.4667,"x":1.02,"curve":0,"c2":0.19,"c3":0.662,"c4":0.85},{"time":0.5333,"curve":"stepped"},{"time":0.6,"curve":0.271,"c2":0.38,"c3":0.724,"c4":0.86},{"time":0.6667,"x":1.02,"curve":0,"c2":0.19,"c3":0.662,"c4":0.85},{"time":0.7333}],"shear":[{"time":0.0667,"curve":0,"c2":0.19,"c3":0.662,"c4":0.85},{"time":0.1333,"y":-14.9,"curve":0,"c2":0.21,"c3":0.399,"c4":0.58},{"time":0.2,"curve":"stepped"},{"time":0.2667,"curve":0,"c2":0.19,"c3":0.662,"c4":0.85},{"time":0.3333,"y":-14.9,"curve":0,"c2":0.21,"c3":0.399,"c4":0.58},{"time":0.4,"curve":"stepped"},{"time":0.4667,"curve":0,"c2":0.19,"c3":0.662,"c4":0.85},{"time":0.5333,"y":-14.9,"curve":0,"c2":0.21,"c3":0.399,"c4":0.58},{"time":0.6,"curve":"stepped"},{"time":0.6667,"curve":0,"c2":0.19,"c3":0.662,"c4":0.85},{"time":0.7333,"y":-14.9,"curve":0,"c2":0.21,"c3":0.399,"c4":0.58},{"time":0.8}]},"HG":{"scale":[{"time":0.5},{"time":0.625,"y":1.1},{"time":0.75,"x":1.1,"y":1.1},{"time":1.125,"x":1.3,"y":1.3}]},"mei2":{"rotate":[{"angle":-1.24,"curve":0.362,"c2":0.45,"c3":0.725,"c4":0.83},{"time":0.0667,"angle":-8.81,"curve":0,"c2":0.19,"c3":0.662,"c4":0.85},{"time":0.1333,"angle":-3.68,"curve":0,"c2":0.18,"c3":0.498,"c4":0.65},{"time":0.2,"angle":-1.24,"curve":0.362,"c2":0.45,"c3":0.725,"c4":0.83},{"time":0.2667,"angle":-8.81,"curve":0,"c2":0.19,"c3":0.662,"c4":0.85},{"time":0.3333,"angle":-3.68,"curve":0,"c2":0.18,"c3":0.498,"c4":0.65},{"time":0.4,"angle":-1.24,"curve":0.362,"c2":0.45,"c3":0.725,"c4":0.83},{"time":0.4667,"angle":-8.81,"curve":0,"c2":0.19,"c3":0.662,"c4":0.85},{"time":0.5333,"angle":-3.68,"curve":0,"c2":0.18,"c3":0.498,"c4":0.65},{"time":0.6,"angle":-1.24,"curve":0.362,"c2":0.45,"c3":0.725,"c4":0.83},{"time":0.6667,"angle":-8.81,"curve":0,"c2":0.19,"c3":0.662,"c4":0.85},{"time":0.7333,"angle":-3.68,"curve":0,"c2":0.18,"c3":0.498,"c4":0.65},{"time":0.8,"angle":-1.24}],"translate":[{"x":1.01,"y":-0.23,"curve":0.362,"c2":0.45,"c3":0.725,"c4":0.83},{"time":0.0667,"x":3.45,"y":6.6},{"time":0.1333,"x":1.6,"y":-3.69,"curve":0,"c2":0.18,"c3":0.498,"c4":0.65},{"time":0.2,"x":1.01,"y":-0.23,"curve":0.362,"c2":0.45,"c3":0.725,"c4":0.83},{"time":0.2667,"x":3.45,"y":6.6},{"time":0.3333,"x":1.6,"y":-3.69,"curve":0,"c2":0.18,"c3":0.498,"c4":0.65},{"time":0.4,"x":1.01,"y":-0.23,"curve":0.362,"c2":0.45,"c3":0.725,"c4":0.83},{"time":0.4667,"x":3.45,"y":6.6},{"time":0.5333,"x":1.6,"y":-3.69,"curve":0,"c2":0.18,"c3":0.498,"c4":0.65},{"time":0.6,"x":1.01,"y":-0.23,"curve":0.362,"c2":0.45,"c3":0.725,"c4":0.83},{"time":0.6667,"x":3.45,"y":6.6},{"time":0.7333,"x":1.6,"y":-3.69,"curve":0,"c2":0.18,"c3":0.498,"c4":0.65},{"time":0.8,"x":1.01,"y":-0.23}],"shear":[{"time":0.0667,"curve":0,"c2":0.19,"c3":0.662,"c4":0.85},{"time":0.1333,"x":6.48,"curve":0,"c2":0.18,"c3":0.498,"c4":0.65},{"time":0.2,"curve":"stepped"},{"time":0.2667,"curve":0,"c2":0.19,"c3":0.662,"c4":0.85},{"time":0.3333,"x":6.48,"curve":0,"c2":0.18,"c3":0.498,"c4":0.65},{"time":0.4,"curve":"stepped"},{"time":0.4667,"curve":0,"c2":0.19,"c3":0.662,"c4":0.85},{"time":0.5333,"x":6.48,"curve":0,"c2":0.18,"c3":0.498,"c4":0.65},{"time":0.6,"curve":"stepped"},{"time":0.6667,"curve":0,"c2":0.19,"c3":0.662,"c4":0.85},{"time":0.7333,"x":6.48,"curve":0,"c2":0.18,"c3":0.498,"c4":0.65},{"time":0.8}]},"bz1":{"scale":[{"time":0.625},{"time":0.7917,"x":2,"y":2},{"time":1.25,"x":3,"y":3}]},"bz6":{"scale":[{"time":0.5417},{"time":0.75,"x":3,"y":3}]},"di":{"scale":[{"time":0.5417},{"time":0.7084,"x":4,"y":4},{"time":1.1251,"x":7,"y":7}]},"F":{"scale":[{},{"time":0.625,"x":0.2,"y":0.16},{"time":0.7917,"x":3,"y":2},{"time":1.125,"x":4,"y":2.5}]},"GX":{"scale":[{"time":0.5417},{"time":0.7084,"x":3,"y":6},{"time":1.3751,"x":4,"y":8}]},"spudow":{"translate":[{"time":0.7083},{"time":0.7916,"x":-15.07,"y":15.89},{"time":0.8749,"x":13.05,"y":31.78},{"time":0.9582,"x":-16.04,"y":47.67},{"time":1.0415,"x":19.62,"y":63.56},{"time":1.1248,"x":-20.97,"y":79.45},{"time":1.2081,"x":20.54,"y":95.34},{"time":1.2914,"x":-24.81,"y":111.23},{"time":1.3747,"x":25.4,"y":127.11}],"scale":[{"time":0.7083},{"time":0.7916,"x":1.13,"y":1.13},{"time":0.8749,"x":1.27,"y":1.27},{"time":0.9582,"x":1.4,"y":1.4},{"time":1.0415,"x":1.53,"y":1.53},{"time":1.1248,"x":1.67,"y":1.67},{"time":1.2081,"x":1.8,"y":1.8},{"time":1.2914,"x":2,"y":2}]},"yun3":{"translate":[{"time":0.875},{"time":1.375,"y":65.16}],"scale":[{},{"time":0.625,"x":0.5,"y":0.5},{"time":0.7083,"x":2,"y":2}]},"B":{"scale":[{},{"time":0.5417,"x":0.2,"y":0.16},{"time":0.7084,"x":4,"y":3.01},{"time":1.0417,"x":5,"y":3.75}]},"zui1":{"translate":[{"x":-2.79,"y":-2.78,"curve":0.271,"c2":0.38,"c3":0.724,"c4":0.86},{"time":0.0667,"y":4.86},{"time":0.1667,"x":-11.57,"y":-20.24,"curve":0,"c2":0.21,"c3":0.399,"c4":0.58},{"time":0.2,"x":-2.79,"y":-2.78,"curve":0.271,"c2":0.38,"c3":0.724,"c4":0.86},{"time":0.2667,"y":4.86},{"time":0.3667,"x":-11.57,"y":-20.24,"curve":0,"c2":0.21,"c3":0.399,"c4":0.58},{"time":0.4,"x":-2.79,"y":-2.78,"curve":0.271,"c2":0.38,"c3":0.724,"c4":0.86},{"time":0.4667,"y":4.86},{"time":0.5667,"x":-11.57,"y":-20.24,"curve":0,"c2":0.21,"c3":0.399,"c4":0.58},{"time":0.6,"x":-2.79,"y":-2.78,"curve":0.271,"c2":0.38,"c3":0.724,"c4":0.86},{"time":0.6667,"y":4.86},{"time":0.7667,"x":-11.57,"y":-20.24,"curve":0,"c2":0.21,"c3":0.399,"c4":0.58},{"time":0.8,"x":-2.79,"y":-2.78}]},"zui3":{"translate":[{"x":-0.31,"y":1.55,"curve":0.362,"c2":0.45,"c3":0.725,"c4":0.83},{"time":0.0333,"y":-3.73},{"time":0.1333,"x":-1.03,"y":12.64,"curve":0,"c2":0.18,"c3":0.498,"c4":0.65},{"time":0.2,"x":-0.31,"y":1.55,"curve":0.362,"c2":0.45,"c3":0.725,"c4":0.83},{"time":0.2333,"y":-3.73},{"time":0.3333,"x":-1.03,"y":12.64,"curve":0,"c2":0.18,"c3":0.498,"c4":0.65},{"time":0.4,"x":-0.31,"y":1.55,"curve":0.362,"c2":0.45,"c3":0.725,"c4":0.83},{"time":0.4333,"y":-3.73},{"time":0.5333,"x":-1.03,"y":12.64,"curve":0,"c2":0.18,"c3":0.498,"c4":0.65},{"time":0.6,"x":-0.31,"y":1.55,"curve":0.362,"c2":0.45,"c3":0.725,"c4":0.83},{"time":0.6333,"y":-3.73},{"time":0.7333,"x":-1.03,"y":12.64,"curve":0,"c2":0.18,"c3":0.498,"c4":0.65},{"time":0.8,"x":-0.31,"y":1.55}]},"bone":{"scale":[{"x":1.2,"y":1.2}]},"huanggua2":{"scale":[{"curve":0,"c2":0.19,"c3":0.662,"c4":0.85},{"time":0.1,"x":1.025,"y":1.012,"curve":0,"c2":0.19,"c3":0.662,"c4":0.85},{"time":0.2,"curve":0,"c2":0.19,"c3":0.662,"c4":0.85},{"time":0.3,"x":1.025,"y":1.012,"curve":0,"c2":0.19,"c3":0.662,"c4":0.85},{"time":0.4,"curve":0,"c2":0.19,"c3":0.662,"c4":0.85},{"time":0.5,"x":1.025,"y":1.012,"curve":0,"c2":0.19,"c3":0.662,"c4":0.85},{"time":0.6,"curve":0,"c2":0.19,"c3":0.662,"c4":0.85},{"time":0.7,"x":1.025,"y":1.012,"curve":0,"c2":0.19,"c3":0.662,"c4":0.85},{"time":0.8,"curve":0,"c2":0.19,"c3":0.662,"c4":0.85},{"time":0.9,"x":1.025,"y":1.012,"curve":0,"c2":0.19,"c3":0.662,"c4":0.85},{"time":1}]},"zui":{"scale":[{"curve":0,"c2":0.19,"c3":0.662,"c4":0.85},{"time":0.1,"y":1.061,"curve":0,"c2":0.19,"c3":0.662,"c4":0.85},{"time":0.2,"curve":0,"c2":0.19,"c3":0.662,"c4":0.85},{"time":0.3,"y":1.061,"curve":0,"c2":0.19,"c3":0.662,"c4":0.85},{"time":0.4,"curve":0,"c2":0.19,"c3":0.662,"c4":0.85},{"time":0.5,"y":1.061,"curve":0,"c2":0.19,"c3":0.662,"c4":0.85},{"time":0.6,"curve":0,"c2":0.19,"c3":0.662,"c4":0.85},{"time":0.7,"y":1.061,"curve":0,"c2":0.19,"c3":0.662,"c4":0.85},{"time":0.8}]}},"deform":{"default":{"huanggua1":{"huanggua1":[{"curve":0,"c2":0.21,"c3":0.399,"c4":0.58},{"time":0.0667,"offset":1,"curve":0.365,"c2":0.44,"c3":0.706,"c4":0.78,"vertices":[4.07062,0,0,0,0,0,0,0,0,0,0,0,0,0,0,0,0,0,4.07062]},{"time":0.1333,"curve":0.266,"c2":0.34,"c3":0.665,"c4":0.75,"vertices":[0.48044,-2.42801,0,0,4.80451,0,6.72634,-0.48561,0,0,-3.84361,0,-6.72629,-0.48561,-3.84361,-0.48561,-2.88273,-4.85606,-0.48044,-2.91362]},{"time":0.2,"curve":0,"c2":0.21,"c3":0.399,"c4":0.58},{"time":0.2667,"offset":1,"curve":0.365,"c2":0.44,"c3":0.706,"c4":0.78,"vertices":[4.07062,0,0,0,0,0,0,0,0,0,0,0,0,0,0,0,0,0,4.07062]},{"time":0.3333,"curve":0.266,"c2":0.34,"c3":0.665,"c4":0.75,"vertices":[0.48044,-2.42801,0,0,4.80451,0,6.72634,-0.48561,0,0,-3.84361,0,-6.72629,-0.48561,-3.84361,-0.48561,-2.88273,-4.85606,-0.48044,-2.91362]},{"time":0.4,"curve":0,"c2":0.21,"c3":0.399,"c4":0.58},{"time":0.4667,"offset":1,"curve":0.365,"c2":0.44,"c3":0.706,"c4":0.78,"vertices":[4.07062,0,0,0,0,0,0,0,0,0,0,0,0,0,0,0,0,0,4.07062]},{"time":0.5333,"curve":0.266,"c2":0.34,"c3":0.665,"c4":0.75,"vertices":[0.48044,-2.42801,0,0,4.80451,0,6.72634,-0.48561,0,0,-3.84361,0,-6.72629,-0.48561,-3.84361,-0.48561,-2.88273,-4.85606,-0.48044,-2.91362]},{"time":0.6,"curve":0,"c2":0.21,"c3":0.399,"c4":0.58},{"time":0.6667,"offset":1,"curve":0.365,"c2":0.44,"c3":0.706,"c4":0.78,"vertices":[4.07062,0,0,0,0,0,0,0,0,0,0,0,0,0,0,0,0,0,4.07062]},{"time":0.7333,"curve":0.266,"c2":0.34,"c3":0.665,"c4":0.75,"vertices":[0.48044,-2.42801,0,0,4.80451,0,6.72634,-0.48561,0,0,-3.84361,0,-6.72629,-0.48561,-3.84361,-0.48561,-2.88273,-4.85606,-0.48044,-2.91362]},{"time":0.8,"curve":0,"c2":0.21,"c3":0.399,"c4":0.58},{"time":0.8667,"offset":1,"curve":0.365,"c2":0.44,"c3":0.706,"c4":0.78,"vertices":[4.07062,0,0,0,0,0,0,0,0,0,0,0,0,0,0,0,0,0,4.07062]},{"time":0.9333,"curve":0.266,"c2":0.34,"c3":0.665,"c4":0.75,"vertices":[0.48044,-2.42801,0,0,4.80451,0,6.72634,-0.48561,0,0,-3.84361,0,-6.72629,-0.48561,-3.84361,-0.48561,-2.88273,-4.85606,-0.48044,-2.91362]},{"time":1}]}}},"events":[{"time":0.8333,"name":"baozha"}]},"daiji1":{"slots":{"B":{"attachment":[{"name":null}]},"F":{"attachment":[{"name":null}]},"GX":{"attachment":[{"name":null}]},"HG":{"attachment":[{"name":null}]},"bz1":{"color":[{"color":"ffffff00"}],"attachment":[{"name":null}]},"bz6":{"attachment":[{"name":null}]},"bz61":{"attachment":[{"name":null}]},"di":{"attachment":[{"name":null}]},"spudow":{"attachment":[{"name":null}]},"yun3":{"color":[{"color":"ffffff00"}],"attachment":[{"name":null}]}},"bones":{"huanggua1":{"scale":[{"x":0.5,"y":0.5}]},"eye2":{"translate":[{"x":-0.08,"y":-0.23},{"time":0.0667,"x":-0.15,"y":-0.46,"curve":0,"c2":0.18,"c3":0.498,"c4":0.65},{"time":0.1667,"x":-0.03,"y":-0.1,"curve":0.362,"c2":0.45,"c3":0.725,"c4":0.83},{"time":0.2,"x":-0.08,"y":-0.23}],"scale":[{"x":0.984,"y":0.963,"curve":0.272,"c2":0.32,"c3":0.635,"c4":0.69},{"time":0.0667,"x":1.007,"y":0.846,"curve":0.345,"c2":0.39,"c3":0.691,"c4":0.74},{"time":0.1667,"x":0.955,"y":1.073,"curve":0.359,"c2":0.42,"c3":0.696,"c4":0.76},{"time":0.2,"x":0.984,"y":0.963}]},"eye1":{"translate":[{"y":0.11,"curve":0.34,"c2":0.37,"c3":0.68,"c4":0.72},{"time":0.0333,"y":0.05,"curve":0.345,"c2":0.37,"c3":0.679,"c4":0.7},{"time":0.1333,"y":1.37,"curve":0.341,"c2":0.36,"c3":0.675,"c4":0.69},{"time":0.2,"y":0.11}],"scale":[{"x":1.002,"y":1.022,"curve":0.34,"c2":0.37,"c3":0.68,"c4":0.72},{"time":0.0333,"x":1.064,"y":0.95,"curve":0.345,"c2":0.37,"c3":0.679,"c4":0.7},{"time":0.1333,"x":1.021,"y":1.059,"curve":0.341,"c2":0.36,"c3":0.675,"c4":0.69},{"time":0.2,"x":1.002,"y":1.022}]},"zui2":{"translate":[{},{"time":0.1,"x":1.58,"y":-4.95,"curve":0,"c2":0.19,"c3":0.662,"c4":0.85},{"time":0.2}]},"mei1":{"rotate":[{"angle":-1.54,"curve":0.272,"c2":0.32,"c3":0.635,"c4":0.69},{"time":0.0667,"angle":-3.73,"curve":0.362,"c2":0.45,"c3":0.725,"c4":0.83},{"time":0.1333,"angle":2.22,"curve":0.332,"c2":0.43,"c3":0.731,"c4":0.85},{"time":0.2,"angle":-1.54}],"translate":[{"x":0.78,"y":4.41,"curve":0.272,"c2":0.32,"c3":0.635,"c4":0.69},{"time":0.0667,"x":0.32,"y":1.8,"curve":0.362,"c2":0.45,"c3":0.725,"c4":0.83},{"time":0.1333,"x":0.48,"y":7.64,"curve":0,"c2":0.19,"c3":0.662,"c4":0.85},{"time":0.2,"x":0.78,"y":4.41}],"scale":[{"curve":0.272,"c2":0.32,"c3":0.635,"c4":0.69},{"time":0.0667,"x":1.012,"curve":0.362,"c2":0.45,"c3":0.725,"c4":0.83},{"time":0.1333,"x":1.007,"curve":0.332,"c2":0.43,"c3":0.731,"c4":0.85},{"time":0.2}],"shear":[{"time":0.0667,"curve":0.362,"c2":0.45,"c3":0.725,"c4":0.83},{"time":0.1333,"y":-9.52,"curve":0.332,"c2":0.43,"c3":0.731,"c4":0.85},{"time":0.2}]},"mei2":{"rotate":[{"angle":-1.24,"curve":0.34,"c2":0.37,"c3":0.68,"c4":0.72},{"time":0.0667,"angle":-5.56,"curve":0.365,"c2":0.44,"c3":0.706,"c4":0.78},{"time":0.1333,"angle":-5.53,"curve":0.332,"c2":0.43,"c3":0.731,"c4":0.85},{"time":0.2,"angle":-1.24}],"translate":[{"x":1.01,"y":-0.23,"curve":0.34,"c2":0.37,"c3":0.68,"c4":0.72},{"time":0.0667,"x":2.4,"y":3.67,"curve":0.365,"c2":0.44,"c3":0.706,"c4":0.78},{"time":0.1333,"x":2.52,"y":1.46,"curve":0,"c2":0.19,"c3":0.662,"c4":0.85},{"time":0.2,"x":1.01,"y":-0.23}],"shear":[{"time":0.0667,"curve":0.365,"c2":0.44,"c3":0.706,"c4":0.78},{"time":0.1333,"x":4.14,"curve":0.332,"c2":0.43,"c3":0.731,"c4":0.85},{"time":0.2}]},"zui1":{"translate":[{"x":-2.79,"y":-2.78,"curve":0.272,"c2":0.32,"c3":0.635,"c4":0.69},{"time":0.0667,"x":-1.14,"y":1.75,"curve":0.362,"c2":0.45,"c3":0.725,"c4":0.83},{"time":0.1667,"x":-7.71,"y":-11.87,"curve":0,"c2":0.19,"c3":0.662,"c4":0.85},{"time":0.2,"x":-2.79,"y":-2.78}]},"zui3":{"translate":[{"x":-0.31,"y":1.55,"curve":0.362,"c2":0.45,"c3":0.725,"c4":0.83},{"time":0.0333,"y":-1.39},{"time":0.1333,"x":-0.46,"y":3.55,"curve":0,"c2":0.19,"c3":0.662,"c4":0.85},{"time":0.2,"x":-0.31,"y":1.55}]},"bone":{"scale":[{"x":1.2,"y":1.2}]},"huanggua2":{"scale":[{"curve":0,"c2":0.19,"c3":0.428,"c4":0.59},{"time":0.1,"x":1.015,"y":1.007,"curve":0.307,"c2":0.34,"c3":0.653,"c4":0.69},{"time":0.2}]},"zui":{"scale":[{"curve":0,"c2":0.19,"c3":0.662,"c4":0.85},{"time":0.1,"y":1.061,"curve":0,"c2":0.19,"c3":0.662,"c4":0.85},{"time":0.2}]}},"deform":{"default":{"huanggua1":{"huanggua1":[{"curve":0,"c2":0.25,"c3":0.363,"c4":0.59},{"time":0.0667,"offset":1,"curve":0.241,"c2":0.3,"c3":0.586,"c4":0.64,"vertices":[2.52529,0,0,0,0,0,0,0,0,0,0,0,0,0,0,0,0,0,2.52529]},{"time":0.1333,"curve":0.354,"c2":0.4,"c3":0.689,"c4":0.74,"vertices":[0.26635,0.46783,0,0,2.66359,0,3.72903,-0.26922,0,0,-2.13087,0,-3.729,-0.26922,-2.13087,-0.26922,-1.59816,-2.69217,-0.26635,0.19861]},{"time":0.2}]}}}},"daiji2":{"slots":{"B":{"attachment":[{"name":null}]},"F":{"attachment":[{"name":null}]},"GX":{"attachment":[{"name":null}]},"HG":{"attachment":[{"name":null}]},"bz1":{"color":[{"color":"ffffff00"}],"attachment":[{"name":null}]},"bz6":{"attachment":[{"name":null}]},"bz61":{"attachment":[{"name":null}]},"di":{"attachment":[{"name":null}]},"spudow":{"attachment":[{"name":null}]},"yun3":{"color":[{"color":"ffffff00"}],"attachment":[{"name":null}]}},"bones":{"huanggua1":{"scale":[{"x":0.5,"y":0.5}]},"eye2":{"translate":[{"x":-0.08,"y":-0.23},{"time":0.0667,"x":-0.23,"y":-0.69,"curve":0,"c2":0.19,"c3":0.662,"c4":0.85},{"time":0.1667},{"time":0.2,"x":-0.08,"y":-0.23}],"scale":[{"x":0.984,"y":0.963,"curve":0.271,"c2":0.38,"c3":0.724,"c4":0.86},{"time":0.0667,"x":1.023,"y":0.765,"curve":0,"c2":0.19,"c3":0.662,"c4":0.85},{"time":0.1667,"x":0.936,"y":1.155,"curve":0,"c2":0.21,"c3":0.399,"c4":0.58},{"time":0.2,"x":0.984,"y":0.963}]},"eye1":{"translate":[{"y":0.11,"curve":0.362,"c2":0.45,"c3":0.725,"c4":0.83},{"time":0.0333,"curve":0,"c2":0.19,"c3":0.662,"c4":0.85},{"time":0.1333,"y":2.71,"curve":0,"c2":0.18,"c3":0.498,"c4":0.65},{"time":0.2,"y":0.11}],"scale":[{"x":1.002,"y":1.022,"curve":0.362,"c2":0.45,"c3":0.725,"c4":0.83},{"time":0.0333,"x":1.111,"y":0.896},{"time":0.1333,"x":0.977,"y":1.168,"curve":0,"c2":0.18,"c3":0.498,"c4":0.65},{"time":0.2,"x":1.002,"y":1.022}]},"zui2":{"translate":[{},{"time":0.1,"x":8.02,"y":-25.05,"curve":0,"c2":0.19,"c3":0.443,"c4":0.6},{"time":0.2}]},"mei1":{"rotate":[{"angle":-1.54,"curve":0.271,"c2":0.38,"c3":0.724,"c4":0.86},{"time":0.0667,"angle":-3.75,"curve":0,"c2":0.19,"c3":0.662,"c4":0.85},{"time":0.1333,"angle":13.47,"curve":0,"c2":0.21,"c3":0.399,"c4":0.58},{"time":0.2,"angle":-1.54}],"translate":[{"x":0.78,"y":4.41,"curve":0.271,"c2":0.38,"c3":0.724,"c4":0.86},{"time":0.0667},{"time":0.1333,"x":0.96,"y":16.87,"curve":0,"c2":0.21,"c3":0.399,"c4":0.58},{"time":0.2,"x":0.78,"y":4.41}],"scale":[{"curve":0.271,"c2":0.38,"c3":0.724,"c4":0.86},{"time":0.0667,"x":1.02,"curve":0,"c2":0.19,"c3":0.662,"c4":0.85},{"time":0.1333}],"shear":[{"time":0.0667,"curve":0,"c2":0.19,"c3":0.662,"c4":0.85},{"time":0.1333,"y":-14.9,"curve":0,"c2":0.21,"c3":0.399,"c4":0.58},{"time":0.2}]},"mei2":{"rotate":[{"angle":-1.24,"curve":0.362,"c2":0.45,"c3":0.725,"c4":0.83},{"time":0.0667,"angle":-8.81,"curve":0,"c2":0.19,"c3":0.662,"c4":0.85},{"time":0.1333,"angle":-3.68,"curve":0,"c2":0.18,"c3":0.498,"c4":0.65},{"time":0.2,"angle":-1.24}],"translate":[{"x":1.01,"y":-0.23,"curve":0.362,"c2":0.45,"c3":0.725,"c4":0.83},{"time":0.0667,"x":3.45,"y":6.6},{"time":0.1333,"x":1.6,"y":-3.69,"curve":0,"c2":0.18,"c3":0.498,"c4":0.65},{"time":0.2,"x":1.01,"y":-0.23}],"shear":[{"time":0.0667,"curve":0,"c2":0.19,"c3":0.662,"c4":0.85},{"time":0.1333,"x":6.48,"curve":0,"c2":0.18,"c3":0.498,"c4":0.65},{"time":0.2}]},"zui1":{"translate":[{"x":-2.79,"y":-2.78,"curve":0.271,"c2":0.38,"c3":0.724,"c4":0.86},{"time":0.0667,"y":4.86},{"time":0.1667,"x":-11.57,"y":-20.24,"curve":0,"c2":0.21,"c3":0.399,"c4":0.58},{"time":0.2,"x":-2.79,"y":-2.78}]},"zui3":{"translate":[{"x":-0.31,"y":1.55,"curve":0.362,"c2":0.45,"c3":0.725,"c4":0.83},{"time":0.0333,"y":-3.73},{"time":0.1333,"x":-1.03,"y":12.64,"curve":0,"c2":0.18,"c3":0.498,"c4":0.65},{"time":0.2,"x":-0.31,"y":1.55}]},"bone":{"scale":[{"x":1.2,"y":1.2}]},"huanggua2":{"scale":[{"curve":0,"c2":0.19,"c3":0.662,"c4":0.85},{"time":0.1,"x":1.025,"y":1.012,"curve":0,"c2":0.19,"c3":0.662,"c4":0.85},{"time":0.2}]},"zui":{"scale":[{"curve":0,"c2":0.19,"c3":0.662,"c4":0.85},{"time":0.1,"y":1.061,"curve":0,"c2":0.19,"c3":0.662,"c4":0.85},{"time":0.2}]}},"deform":{"default":{"huanggua1":{"huanggua1":[{"curve":0,"c2":0.21,"c3":0.399,"c4":0.58},{"time":0.0667,"offset":1,"curve":0.365,"c2":0.44,"c3":0.706,"c4":0.78,"vertices":[4.07062,0,0,0,0,0,0,0,0,0,0,0,0,0,0,0,0,0,4.07062]},{"time":0.1333,"curve":0.266,"c2":0.34,"c3":0.665,"c4":0.75,"vertices":[0.48044,-2.42801,0,0,4.80451,0,6.72634,-0.48561,0,0,-3.84361,0,-6.72629,-0.48561,-3.84361,-0.48561,-2.88273,-4.85606,-0.48044,-2.91362]},{"time":0.2}]}}},"events":[{"name":"baozha"}]}}},[0]]],0,0,[0],[-1],[0]]