[1,["49X/ZiEH9FwYyYyWmKN68D"],0,[["sp.SkeletonData",["_name","_atlasText","textureNames","_skeletonJson","textures"],-1,3]],[[0,0,1,2,3,4,5]],[[0,"01_wandouss","\r\n01_wandouss.png\r\nsize: 331,426\r\nformat: RGBA8888\r\nfilter: Linear,Linear\r\nrepeat: none\r\n1\r\n  rotate: false\r\n  xy: 87, 112\r\n  size: 75, 62\r\n  orig: 75, 62\r\n  offset: 0, 0\r\n  index: -1\r\n1body\r\n  rotate: false\r\n  xy: 165, 119\r\n  size: 91, 133\r\n  orig: 91, 133\r\n  offset: 0, 0\r\n  index: -1\r\n1hand2\r\n  rotate: true\r\n  xy: 87, 58\r\n  size: 52, 57\r\n  orig: 52, 57\r\n  offset: 0, 0\r\n  index: -1\r\n1hand4\r\n  rotate: false\r\n  xy: 289, 2\r\n  size: 40, 47\r\n  orig: 40, 48\r\n  offset: 0, 1\r\n  index: -1\r\n2\r\n  rotate: true\r\n  xy: 258, 119\r\n  size: 69, 44\r\n  orig: 69, 44\r\n  offset: 0, 0\r\n  index: -1\r\n3\r\n  rotate: false\r\n  xy: 258, 190\r\n  size: 59, 56\r\n  orig: 60, 56\r\n  offset: 0, 0\r\n  index: -1\r\neye\r\n  rotate: true\r\n  xy: 120, 3\r\n  size: 53, 27\r\n  orig: 53, 27\r\n  offset: 0, 0\r\n  index: -1\r\neye1\r\n  rotate: true\r\n  xy: 307, 284\r\n  size: 53, 14\r\n  orig: 53, 14\r\n  offset: 0, 0\r\n  index: -1\r\neyebrow\r\n  rotate: true\r\n  xy: 318, 371\r\n  size: 53, 7\r\n  orig: 53, 7\r\n  offset: 0, 0\r\n  index: -1\r\nhand1\r\n  rotate: true\r\n  xy: 271, 248\r\n  size: 97, 34\r\n  orig: 98, 40\r\n  offset: 0, 5\r\n  index: -1\r\nhand2\r\n  rotate: false\r\n  xy: 271, 347\r\n  size: 45, 77\r\n  orig: 45, 77\r\n  offset: 0, 0\r\n  index: -1\r\nhand3\r\n  rotate: true\r\n  xy: 304, 123\r\n  size: 65, 24\r\n  orig: 79, 24\r\n  offset: 0, 0\r\n  index: -1\r\nhand4\r\n  rotate: false\r\n  xy: 289, 51\r\n  size: 32, 66\r\n  orig: 32, 66\r\n  offset: 0, 0\r\n  index: -1\r\nhead\r\n  rotate: true\r\n  xy: 2, 271\r\n  size: 153, 168\r\n  orig: 153, 168\r\n  offset: 0, 0\r\n  index: -1\r\nleg\r\n  rotate: true\r\n  xy: 2, 79\r\n  size: 190, 83\r\n  orig: 190, 83\r\n  offset: 0, 0\r\n  index: -1\r\nmouth\r\n  rotate: true\r\n  xy: 318, 354\r\n  size: 15, 10\r\n  orig: 15, 10\r\n  offset: 0, 0\r\n  index: -1\r\nmouth1\r\n  rotate: false\r\n  xy: 318, 339\r\n  size: 11, 13\r\n  orig: 11, 13\r\n  offset: 0, 0\r\n  index: -1\r\nmouth2\r\n  rotate: true\r\n  xy: 2, 28\r\n  size: 49, 57\r\n  orig: 49, 58\r\n  offset: 0, 0\r\n  index: -1\r\nmouth3\r\n  rotate: true\r\n  xy: 61, 7\r\n  size: 49, 57\r\n  orig: 49, 58\r\n  offset: 0, 0\r\n  index: -1\r\npeas\r\n  rotate: true\r\n  xy: 87, 176\r\n  size: 93, 76\r\n  orig: 93, 77\r\n  offset: 0, 0\r\n  index: -1\r\ntoufa1111111\r\n  rotate: false\r\n  xy: 172, 254\r\n  size: 97, 170\r\n  orig: 97, 170\r\n  offset: 0, 0\r\n  index: -1\r\ntoukui11111111\r\n  rotate: true\r\n  xy: 164, 6\r\n  size: 111, 123\r\n  orig: 111, 123\r\n  offset: 0, 0\r\n  index: -1\r\n",["01_wandouss.png"],{"skeleton":{"hash":"FMosOpSe/i8Avef/qQbcvxE2d5Q","spine":"3.8.99","x":-44.89,"y":-7.88,"width":82.43,"height":122.66},"bones":[{"name":"root","scaleX":0.2,"scaleY":0.2},{"name":"bone","parent":"root","x":-23.02,"y":-198.57},{"name":"bone2","parent":"bone","x":-2.22,"y":77.63},{"name":"bone4","parent":"bone2","x":37.71,"y":256.18},{"name":"bone5","parent":"bone4","length":79.13,"rotation":99.79,"x":-0.41,"y":3.54},{"name":"bone5b","parent":"bone5","length":52.75,"x":79.13},{"name":"bone5c","parent":"bone5b","length":26.38,"x":52.75},{"name":"bone5c2","parent":"bone5c","length":44.24,"rotation":-10.97,"x":28.56,"y":1.94},{"name":"bone5c3","parent":"bone5c2","length":170.1,"rotation":-8.23,"x":44.5,"y":0.92},{"name":"bone5c4","parent":"bone5c","length":125.96,"rotation":150.94,"x":23.89,"y":57.84},{"name":"bone5c5","parent":"bone5c4","length":99.42,"rotation":92.55,"x":125.96},{"name":"bone5c6","parent":"bone5c5","length":58.57,"rotation":18.04,"x":99.42},{"name":"bone5c7","parent":"bone5c","length":97.37,"rotation":179.46,"x":3.93,"y":-49.97},{"name":"bone5c8","parent":"bone5c7","length":95.71,"rotation":72.7,"x":97.3,"y":-0.44},{"name":"bone5c9","parent":"bone5c3","x":43.33,"y":-32.48},{"name":"bone5c10","parent":"bone5c3","x":69.99,"y":-27.77},{"name":"bone5c11","parent":"bone5c3","x":3.97,"y":-37.27},{"name":"bone5c12","parent":"bone5c3","length":44.04,"rotation":43.92,"x":154,"y":62.04},{"name":"bone5c13","parent":"bone5c12","length":39.24,"rotation":19.5,"x":44.04},{"name":"bone5c14","parent":"bone5c13","length":53.08,"rotation":84.66,"x":39.24},{"name":"bone5c14b","parent":"bone5c14","length":31.85,"x":53.08},{"name":"bone5c14c","parent":"bone5c14b","length":21.23,"x":31.85},{"name":"bone5c14d","parent":"bone5c14c","length":10.62,"x":21.23},{"name":"bone5c15","parent":"bone5c3","length":37.5,"rotation":-150.48,"x":8.41,"y":58.5},{"name":"bone5c16","parent":"bone5c15","length":27.46,"rotation":-3.31,"x":37.04,"y":0.17},{"name":"bone5c17","parent":"bone5c16","length":30.74,"rotation":-27.02,"x":26.98,"y":0.14},{"name":"bone5c18","parent":"bone5c17","length":21.33,"rotation":-44.24,"x":30.74},{"name":"bone6","parent":"bone5c3","length":20.34,"rotation":-170.59,"x":4.38,"y":-74.9},{"name":"bone7","parent":"bone6","length":19.99,"rotation":7.12,"x":23.81,"y":-0.5},{"name":"bone8","parent":"bone7","length":24.32,"rotation":9.46,"x":19.99},{"name":"bone9","parent":"bone8","length":18.24,"rotation":-38.97,"x":24.32},{"name":"bone10","parent":"bone9","length":17.89,"rotation":-21.5,"x":18.7,"y":0.19},{"name":"bone11","parent":"bone6","length":20.86,"rotation":28.39,"x":20.83,"y":8.93},{"name":"bone12","parent":"bone11","length":14.2,"rotation":36.83,"x":20.86},{"name":"bone13","parent":"bone12","length":13.62,"rotation":57.89,"x":14.2},{"name":"bone14","parent":"bone13","length":17.32,"rotation":43.65,"x":13.62},{"name":"bone15","parent":"bone4","length":71.74,"rotation":-123.53,"x":-22.66,"y":6.91},{"name":"bone15b","parent":"bone15","length":47.83,"x":71.74},{"name":"bone15c","parent":"bone15b","length":23.91,"x":47.83},{"name":"bone16","parent":"bone5","length":67.56,"rotation":98.84,"x":12.2,"y":64.73},{"name":"bone16b","parent":"bone16","length":45.04,"x":67.56},{"name":"bone16c","parent":"bone16b","length":22.52,"x":45.04},{"name":"bone17","parent":"bone4","length":60.14,"rotation":-48.48,"x":41.98,"y":6.34},{"name":"bone17b","parent":"bone17","length":40.09,"x":60.14},{"name":"bone17c","parent":"bone17b","length":20.05,"x":40.09},{"name":"bone18","parent":"bone4","length":134.77,"rotation":-51.22,"x":-35.66,"y":-46.89},{"name":"bone19","parent":"bone18","length":184,"rotation":-131.12,"x":134.33,"y":-2.05},{"name":"bone20","parent":"bone19","length":89.58,"rotation":2.34,"x":184},{"name":"bone21","parent":"bone4","length":120.44,"rotation":-43.26,"x":28.59,"y":-32.82},{"name":"bone22","parent":"bone21","length":121.06,"rotation":-152.01,"x":120.44},{"name":"bone23","parent":"bone4","length":49.68,"rotation":-97.59,"x":-25.23,"y":76.29,"scaleX":0.8439,"scaleY":0.8439},{"name":"bone24","parent":"bone23","length":51.47,"rotation":89.56,"x":16.39,"y":8.34},{"name":"bone24b","parent":"bone24","length":51.47,"x":51.47},{"name":"bone24c","parent":"bone24b","length":51.47,"x":51.47},{"name":"bone24c2","parent":"bone24c","length":40.86,"rotation":-1.21,"x":54.65,"y":0.92},{"name":"bone24c3","parent":"bone24c2","length":31.38,"rotation":-0.22,"x":40.86},{"name":"target1","parent":"bone2","x":-98.08,"y":110.42},{"name":"target2","parent":"bone2","x":33.86,"y":167.05},{"name":"bone3","parent":"bone5c3","length":41.71,"rotation":179.65,"x":135.3,"y":-22.01},{"name":"bone3b","parent":"bone3","length":41.71,"x":41.71},{"name":"bone3c","parent":"bone3b","length":41.71,"x":41.71},{"name":"bone3d","parent":"bone3c","length":41.71,"x":41.71},{"name":"bone3e","parent":"bone3d","length":41.71,"x":41.71},{"name":"bone3f","parent":"bone3e","length":41.71,"x":41.71},{"name":"bone3g","parent":"bone3f","length":41.71,"x":41.71},{"name":"bone3h","parent":"bone3g","length":41.71,"x":41.71}],"slots":[{"name":"toufa1111111","bone":"bone5c3","attachment":"toufa1111111"},{"name":"hand4","bone":"bone5c7","attachment":"hand4"},{"name":"1hand4","bone":"bone5c7","attachment":"1hand4"},{"name":"hand3","bone":"bone5c8","attachment":"hand3"},{"name":"body","bone":"bone5","attachment":"body2"},{"name":"leg","bone":"bone18","attachment":"leg"},{"name":"hand2","bone":"bone5c4","attachment":"hand2"},{"name":"1hand2","bone":"bone5c4","attachment":"1hand2"},{"name":"3","bone":"bone17","attachment":"3"},{"name":"2","bone":"bone16","attachment":"2"},{"name":"1","bone":"bone15","attachment":"1"},{"name":"peas","bone":"bone24","attachment":"peas"},{"name":"mouth2","bone":"bone24c2","attachment":"mouth2"},{"name":"hand1","bone":"bone5c5","attachment":"hand1"},{"name":"head","bone":"bone5c3","attachment":"head"},{"name":"eyebrow","bone":"bone5c10","attachment":"eyebrow"},{"name":"mouth","bone":"bone5c11","attachment":"mouth"},{"name":"eye","bone":"bone5c9","attachment":"eye"},{"name":"toukui11111111","bone":"bone5c3","attachment":"toukui11111111"}],"ik":[{"name":"target1","target":"target1","bendPositive":false,"bones":["bone18","bone19"]},{"name":"target2","order":1,"target":"target2","bendPositive":false,"bones":["bone21","bone22"]}],"skins":[{"name":"default","attachments":{"1":{"1":{"type":"mesh","hull":36,"uvs":[0.51876,0.02265,0.56769,0.08112,0.76049,0.08121,0.82425,0.10072,0.8658,0.12274,0.91547,0.16511,0.95367,0.21145,0.97154,0.25336,0.98674,0.30886,0.99343,0.34827,0.99354,0.46346,0.97576,0.5235,0.92571,0.63543,0.84209,0.73755,0.80706,0.76929,0.75662,0.81106,0.60804,0.902,0.44483,0.96843,0.29491,0.9937,0.19979,0.99204,0.16255,0.98319,0.12466,0.96541,0.09229,0.92571,0.05862,0.85602,0.02059,0.72031,0.0066,0.6346,0.00659,0.45517,0.02619,0.35885,0.04296,0.29731,0.07896,0.2145,0.11643,0.15772,0.16761,0.0963,0.20493,0.06596,0.27324,0.02431,0.35412,0.00777,0.46179,0.00792,0.51068,0.1237,0.36564,0.26899,0.31729,0.38059],"triangles":[23,21,22,23,24,38,23,38,21,20,21,19,21,38,19,38,18,19,28,29,38,38,25,26,38,24,25,27,28,38,26,27,38,15,16,38,16,17,38,17,18,38,36,35,0,36,0,1,36,37,34,36,34,35,33,34,37,32,33,37,37,31,32,37,30,31,38,30,37,29,30,38,8,5,7,8,4,5,11,9,10,11,4,9,7,5,6,9,4,8,2,3,12,4,12,3,4,11,12,2,13,1,12,13,2,1,14,36,13,14,1,14,37,36,15,37,14,38,37,15],"vertices":[2,36,17.52,-15.52,0.99958,37,-54.21,-15.52,0.00042,1,36,19.46,-5.43,1,2,36,3.5,18.68,0.99988,37,-68.24,18.68,0.00012,2,36,0.21,27.98,0.99751,37,-71.52,27.98,0.00249,2,36,-0.97,34.67,0.99387,37,-72.71,34.67,0.00613,2,36,-0.74,43.76,0.9859,37,-72.48,43.76,0.0141,2,36,0.84,51.69,0.97649,37,-70.89,51.69,0.02351,2,36,3.66,56.77,0.9679,37,-68.08,56.77,0.0321,2,36,8.09,62.44,0.95389,37,-63.65,62.44,0.04611,2,36,11.58,65.96,0.9427,37,-60.16,65.96,0.0573,2,36,23.38,73.8,0.90053,37,-48.36,73.8,0.09947,2,36,31.01,75.65,0.87195,37,-40.73,75.65,0.12805,2,36,46.63,77,0.79143,37,-25.11,77,0.20857,2,36,64.03,73.48,0.66313,37,-7.71,73.48,0.33687,3,36,70.19,71.26,0.60683,37,-1.55,71.26,0.39313,38,-49.38,71.26,0.00004,3,36,78.65,67.79,0.51781,37,6.91,67.79,0.48088,38,-40.92,67.79,0.00131,3,36,100.28,55.39,0.24297,37,28.55,55.39,0.71822,38,-19.28,55.39,0.03881,3,36,120.62,39.5,0.04594,37,48.88,39.5,0.70312,38,1.06,39.5,0.25095,3,36,135.63,22.47,0.00078,37,63.89,22.47,0.26613,38,16.07,22.47,0.73309,2,37,71.61,10.47,0.03004,38,23.78,10.47,0.96996,2,37,73.78,5.21,0.004,38,25.96,5.21,0.996,1,38,27.28,-0.73,1,2,37,73.71,-7.48,0.00459,38,25.89,-7.48,0.99541,2,37,69.36,-16.43,0.08058,38,21.53,-16.43,0.91942,3,36,130.33,-30.4,0.00507,37,58.6,-30.4,0.45721,38,10.77,-30.4,0.53772,3,36,122.71,-37.98,0.02423,37,50.97,-37.98,0.65018,38,3.14,-37.98,0.32559,3,36,104.31,-50.17,0.14158,37,32.57,-50.17,0.78026,38,-15.25,-50.17,0.07816,3,36,92.81,-54.26,0.25292,37,21.07,-54.26,0.71969,38,-26.75,-54.26,0.02739,3,36,85.11,-56.35,0.33898,37,13.37,-56.35,0.64972,38,-34.45,-56.35,0.0113,3,36,73.64,-57.47,0.47317,37,1.9,-57.47,0.52522,38,-45.92,-57.47,0.00161,3,36,64.71,-56.65,0.57881,37,-7.03,-56.65,0.42115,38,-54.85,-56.65,0.00004,2,36,54.17,-54.42,0.70125,37,-17.56,-54.42,0.29875,2,36,47.97,-51.82,0.76832,37,-23.77,-51.82,0.23168,2,36,38.04,-46.1,0.86562,37,-33.7,-46.1,0.13438,2,36,29.64,-37.12,0.94128,37,-42.1,-37.12,0.05872,2,36,20.73,-23.64,0.99306,37,-51,-23.64,0.00694,2,36,28.55,-9.66,0.9999,37,-43.18,-9.66,0.0001,2,36,55.47,-17.93,0.89655,37,-16.27,-17.93,0.10345,2,36,70.92,-16.39,0.5457,37,-0.82,-16.39,0.4543]}},"2":{"2":{"type":"mesh","hull":33,"uvs":[0.54418,0.02262,0.67654,0.02247,0.74962,0.02238,0.77581,0.03075,0.85765,0.07256,0.91782,0.12882,0.96877,0.19598,0.98803,0.28045,0.99389,0.35395,0.9782,0.51302,0.96357,0.58156,0.94465,0.64022,0.93426,0.67149,0.87689,0.76148,0.78197,0.86086,0.72227,0.89977,0.62138,0.95146,0.49873,0.98888,0.32501,0.98875,0.26438,0.97525,0.20483,0.94493,0.14163,0.8955,0.08194,0.82234,0.03601,0.74985,0.01411,0.68133,0.00591,0.61672,0.02816,0.5472,0.07243,0.44296,0.16633,0.29572,0.2477,0.19985,0.31906,0.13584,0.38527,0.08983,0.47198,0.0447,0.2993,0.39338,0.91677,0.39044,0.75537,0.2786,0.56205,0.26977,0.42692,0.29626],"triangles":[24,25,26,22,23,26,24,26,23,22,27,33,22,26,27,21,22,33,37,31,32,30,31,37,33,29,30,33,30,37,28,29,33,27,28,33,20,21,33,19,20,33,17,33,37,18,19,33,33,17,18,37,16,17,36,0,1,32,0,36,35,2,3,35,3,4,37,32,36,5,35,4,34,5,6,34,6,7,34,7,8,34,35,5,9,34,8,10,34,9,11,34,10,12,34,11,13,35,34,13,34,12,14,35,13,1,35,36,35,1,2,15,35,14,15,36,35,16,36,15,37,36,16],"vertices":[2,39,48.93,-29.27,0.89253,40,-18.62,-29.27,0.10747,2,39,31.62,-23.45,0.99795,40,-35.94,-23.45,0.00205,1,39,22.06,-20.23,1,1,39,18.87,-18.38,1,1,39,9.34,-11.29,1,1,39,3.06,-3.94,1,1,39,-1.72,3.9,1,1,39,-1.86,11.8,1,1,39,-0.57,18.18,1,2,39,5.96,30.76,0.99811,40,-61.6,30.76,0.00189,2,39,9.8,35.83,0.99354,40,-57.76,35.83,0.00646,2,39,13.92,39.89,0.98574,40,-53.64,39.89,0.01426,2,39,16.16,42.04,0.9804,40,-51.4,42.04,0.0196,2,39,26.19,47.01,0.94622,40,-41.37,47.01,0.05378,2,39,41.39,51.12,0.84651,40,-26.16,51.12,0.15349,3,39,50.29,51.73,0.76062,40,-17.26,51.73,0.23937,41,-62.3,51.73,0.00001,3,39,64.94,51.59,0.56516,40,-2.62,51.59,0.43078,41,-47.65,51.59,0.00405,3,39,82.03,49.31,0.31074,40,14.48,49.31,0.65246,41,-30.56,49.31,0.0368,3,39,104.75,41.64,0.06352,40,37.19,41.64,0.7091,41,-7.85,41.64,0.22738,3,39,112.3,37.84,0.02676,40,44.74,37.84,0.6224,41,-0.3,37.84,0.35084,3,39,119.23,32.69,0.0078,40,51.68,32.69,0.47902,41,6.64,32.69,0.51318,3,39,126.11,25.78,0.00048,40,58.55,25.78,0.27706,41,13.51,25.78,0.72246,2,40,64.3,17.05,0.08278,41,19.26,17.05,0.91722,2,40,68.27,8.98,0.00609,41,23.23,8.98,0.99391,1,41,24.17,2.3,1,1,41,23.43,-3.44,1,2,40,63.6,-8.26,0.00198,41,18.56,-8.26,0.99802,2,40,54.88,-15,0.17148,41,9.85,-15,0.82852,3,39,106.02,-23.14,0.00055,40,38.47,-23.14,0.84818,41,-6.57,-23.14,0.15127,3,39,92.69,-27.55,0.04211,40,25.13,-27.55,0.94876,41,-19.91,-27.55,0.00914,2,39,81.56,-29.75,0.17696,40,14,-29.75,0.82304,2,39,71.6,-30.66,0.39637,40,4.05,-30.66,0.60363,2,39,59,-30.61,0.7167,40,-8.56,-30.61,0.2833,2,39,91.38,-9.14,0.00412,40,23.82,-9.14,0.99588,2,39,10.55,17.83,0.99991,40,-57.01,17.83,0.00009,1,39,28.51,1.39,1,2,39,53.54,-7.87,0.97433,40,-14.01,-7.87,0.02567,2,39,71.96,-11.61,0.30255,40,4.4,-11.61,0.69745]}},"3":{"3":{"type":"mesh","hull":31,"uvs":[0.43602,0.01773,0.57973,0.01768,0.69522,0.07901,0.7431,0.11634,0.79863,0.1697,0.86133,0.24983,0.92755,0.39016,0.96049,0.51183,0.98351,0.63804,0.98337,0.8952,0.96372,0.93453,0.9133,0.9616,0.78265,0.99478,0.7084,0.99386,0.59851,0.98235,0.46682,0.95531,0.32352,0.91322,0.1801,0.83693,0.10207,0.76732,0.05474,0.6834,0.01994,0.59876,0.00811,0.50178,0.00811,0.38361,0.0209,0.30304,0.04956,0.24212,0.10727,0.16003,0.14489,0.12829,0.20977,0.09373,0.26013,0.08026,0.31986,0.07984,0.39048,0.02985,0.39581,0.10758,0.61346,0.18158,0.71575,0.35501],"triangles":[8,9,11,9,10,11,8,12,13,11,12,8,33,5,6,8,33,7,17,33,16,15,16,33,33,8,15,7,33,6,15,8,14,8,13,14,31,30,0,29,30,31,32,1,2,3,32,2,4,32,3,33,4,5,4,33,32,28,29,31,27,28,31,22,31,21,31,20,21,26,27,31,25,26,31,24,25,31,24,22,23,31,22,24,19,20,31,17,18,19,19,33,17,31,0,1,32,31,1,19,31,33,32,33,31],"vertices":[2,42,5.98,23.85,0.99943,43,-54.16,23.85,0.00057,2,42,17.31,36.65,0.97585,43,-42.83,36.65,0.02415,2,42,31.56,42.39,0.896,43,-28.57,42.39,0.104,2,42,38.47,43.89,0.83143,43,-21.66,43.89,0.16857,2,42,47.33,44.87,0.72145,43,-12.81,44.87,0.27855,3,42,58.99,44.51,0.54197,43,-1.14,44.51,0.45724,44,-41.24,44.51,0.00078,3,42,75.98,39.99,0.2421,43,15.85,39.99,0.72837,44,-24.24,39.99,0.02953,3,42,88.78,33.89,0.07259,43,28.65,33.89,0.7942,44,-11.44,33.89,0.1332,3,42,101.18,26.57,0.00661,43,41.05,26.57,0.57727,44,0.96,26.57,0.41612,1,44,22.51,7.46,1,1,44,24.26,2.79,1,2,43,62.64,-3.71,0.00589,44,22.55,-3.71,0.99411,2,43,55.12,-17.81,0.29855,44,15.03,-17.81,0.70145,3,42,109.32,-24.36,0.00046,43,49.18,-24.36,0.57346,44,9.09,-24.36,0.42608,3,42,99.68,-33.29,0.01847,43,39.55,-33.29,0.84862,44,-0.54,-33.29,0.13291,3,42,87.03,-43.02,0.10865,43,26.89,-43.02,0.87583,44,-13.2,-43.02,0.01552,2,42,72.19,-52.66,0.28703,43,12.06,-52.66,0.71297,2,42,54.48,-59.78,0.50098,43,-5.65,-59.78,0.49902,2,42,42.49,-61.56,0.6137,43,-17.65,-61.56,0.3863,2,42,31.72,-59.55,0.70701,43,-28.42,-59.55,0.29299,2,42,21.88,-56.36,0.78618,43,-38.26,-56.36,0.21382,2,42,12.81,-50.22,0.85881,43,-47.32,-50.22,0.14119,2,42,2.9,-41.44,0.93002,43,-57.23,-41.44,0.06998,2,42,-2.84,-34.32,0.96128,43,-62.98,-34.32,0.03872,2,42,-5.69,-27.24,0.97863,43,-65.83,-27.24,0.02137,2,42,-8.02,-16.01,0.99498,43,-68.16,-16.01,0.00502,2,42,-7.72,-10.3,0.99834,43,-67.85,-10.3,0.00166,1,42,-5.5,-1.95,1,1,42,-2.65,3.53,1,1,42,2.02,8.89,1,1,42,3.4,18.89,1,1,42,10.34,13.59,1,2,42,33.72,27.49,0.92732,43,-26.42,27.49,0.07268,3,42,56.33,23.73,0.59344,43,-3.81,23.73,0.40648,44,-43.9,23.73,0.00008]}},"1hand2":{"1hand2":{"x":44.75,"y":-15.31,"rotation":109.27,"width":103,"height":114}},"1hand4":{"1hand4":{"x":27.25,"y":4.59,"rotation":80.75,"width":80,"height":95}},"body":{"body2":{"type":"mesh","path":"1body","hull":38,"uvs":[0.37298,0,0.51839,0,0.55968,0.01258,0.60084,0.03878,0.62451,0.06915,0.64643,0.13267,0.65104,0.20827,0.70774,0.21854,0.7988,0.23133,0.83087,0.26804,0.87559,0.41283,0.97015,0.58026,0.97219,0.62506,0.94139,0.69131,0.87618,0.75404,0.8607,0.7893,0.85896,0.79832,0.85908,0.88842,0.8896,0.9324,0.91509,0.94804,0.99918,1,0.40832,1,0.24495,1,0.02424,1,0.1016,0.93402,0.17477,0.88198,0.17675,0.78373,0.17066,0.76811,0.12191,0.65201,0.03162,0.48483,0.00463,0.37118,0.00634,0.33176,0,0.2489,0.13231,0.20125,0.19866,0.15692,0.25012,0.13385,0.24817,0.06034,0.29096,0.0062],"triangles":[31,32,33,6,28,34,34,35,6,35,5,6,33,34,29,35,4,5,4,1,3,3,1,2,4,35,1,0,36,37,35,0,1,34,28,29,29,30,33,33,30,31,0,35,36,9,10,8,7,8,28,7,28,6,8,10,27,23,24,22,24,25,22,22,25,21,17,21,16,16,21,26,21,25,26,16,26,15,14,27,10,27,14,15,15,26,27,27,28,8,13,14,11,13,11,12,11,14,10,20,21,19,21,17,18,21,18,19],"vertices":[1,7,67.61,9.21,1,1,7,68.15,-17.11,1,2,6,87.64,-34.63,0.00039,7,64.96,-24.66,0.99961,2,6,79.5,-40.79,0.00639,7,58.14,-32.25,0.99361,2,6,70.81,-43.64,0.02394,7,50.15,-36.7,0.97606,3,5,106.23,-44.68,0.00017,6,53.47,-44.67,0.13041,7,33.32,-41.02,0.86942,3,5,86.25,-42.08,0.05521,6,33.5,-42.08,0.64808,7,13.22,-42.27,0.2967,3,5,81.81,-51.73,0.15158,6,29.06,-51.73,0.77875,7,10.7,-52.59,0.06967,4,4,154.78,-67.4,0.00005,5,75.66,-67.4,0.24695,6,22.9,-67.4,0.74575,7,7.64,-69.15,0.00725,4,4,144.17,-71.46,0.00124,5,65.04,-71.46,0.30321,6,12.28,-71.46,0.69515,7,-2.01,-75.15,0.00041,3,4,104.81,-72.89,0.09899,5,25.68,-72.89,0.62215,6,-27.07,-72.89,0.27886,3,4,57.98,-82.19,0.55763,5,-21.14,-82.19,0.41015,6,-73.9,-82.19,0.03222,3,4,46.17,-80.52,0.65056,5,-32.96,-80.52,0.33225,6,-85.72,-80.52,0.01719,3,4,29.74,-72.03,0.78909,5,-49.39,-72.03,0.20681,6,-102.14,-72.03,0.0041,4,3,53.7,28.4,0.0163,4,15.29,-57.56,0.90374,5,-63.83,-57.56,0.0799,6,-116.59,-57.56,0.00006,3,3,50.9,19.01,0.06552,4,6.52,-53.2,0.90052,5,-72.61,-53.2,0.03396,3,3,50.59,16.61,0.08812,4,4.21,-52.48,0.88598,5,-74.92,-52.48,0.0259,3,3,50.61,-7.37,0.55186,4,-19.43,-48.42,0.44763,5,-98.56,-48.42,0.00051,2,3,56.13,-19.08,0.8503,4,-31.9,-51.88,0.1497,2,3,60.75,-23.24,0.9265,4,-36.79,-55.72,0.0735,2,3,75.98,-37.07,0.99434,4,-53.01,-68.37,0.00566,3,3,-31.02,-37.07,0.63221,4,-34.82,37.06,0.36762,5,-113.95,37.06,0.00017,3,3,-60.6,-37.07,0.48059,4,-29.79,66.21,0.51353,5,-108.92,66.21,0.00589,3,3,-100.57,-37.07,0.45911,4,-23,105.6,0.53371,5,-102.12,105.6,0.00718,4,3,-86.56,-19.51,0.41527,4,-8.07,88.81,0.56499,5,-87.2,88.81,0.01851,7,-181.97,53.22,0.00123,4,3,-73.31,-5.66,0.3534,4,3.33,73.4,0.60626,5,-75.8,73.4,0.03688,7,-167.85,40.26,0.00347,4,3,-72.95,20.49,0.15129,4,29.04,68.6,0.6627,5,-50.09,68.6,0.1622,7,-141.69,40.44,0.0238,4,3,-74.05,24.65,0.12638,4,33.32,68.98,0.64955,5,-45.81,68.98,0.19391,7,-137.56,41.63,0.03015,4,3,-82.88,55.56,0.02548,4,65.27,72.42,0.3928,5,-13.85,72.42,0.46304,7,-106.84,51.09,0.11869,5,3,-99.23,100.06,0.00015,4,111.91,80.97,0.06275,5,32.78,80.97,0.52789,6,-19.98,80.97,0.00018,7,-62.69,68.36,0.40903,4,4,142.55,80.64,0.00708,5,63.42,80.64,0.37603,6,10.66,80.64,0.00011,7,-32.55,73.86,0.61678,3,4,152.84,78.55,0.00249,5,73.71,78.55,0.3406,7,-22.05,73.77,0.65691,3,4,174.77,75.94,0.00007,5,95.64,75.94,0.27608,7,-0.02,75.37,0.72384,3,5,104.06,50.17,0.12207,6,51.31,50.17,0.00031,7,13.15,51.68,0.87762,2,5,113.65,36.32,0.04248,7,25.2,39.91,0.95752,2,5,118.12,26.1,0.00207,7,31.53,30.72,0.99793,1,7,51.09,31.48,1,1,7,65.65,24.03,1]}},"eye":{"eye":{"type":"mesh","hull":4,"uvs":[1,1,0,1,0,0,1,0],"triangles":[1,2,3,1,3,0],"vertices":[1,14,-23.24,-50.87,1,1,14,-40.57,53.71,1,1,14,12.65,62.53,1,1,14,29.99,-42.04,1]},"eye1":{"type":"mesh","hull":4,"uvs":[1,1,0,1,0,0,1,0],"triangles":[1,2,3,1,3,0],"vertices":[1,14,-2.46,-46.91,1,1,14,-19.63,56.67,1,1,14,7.99,61.25,1,1,14,25.16,-42.34,1]}},"eyebrow":{"eyebrow":{"type":"mesh","hull":4,"uvs":[1,1,0,1,0,0,1,0],"triangles":[1,2,3,1,3,0],"vertices":[1,15,1.21,-48.12,1,1,15,-15.96,55.47,1,1,15,-2.15,57.76,1,1,15,15.02,-45.83,1]}},"hand1":{"hand1":{"type":"mesh","hull":36,"uvs":[0.10042,0.02519,0.16954,0.02483,0.22695,0.07424,0.32393,0.11334,0.39486,0.2229,0.46651,0.35397,0.60854,0.46622,0.62558,0.46703,0.69328,0.39116,0.72446,0.3658,0.77933,0.36676,0.80664,0.38776,0.85608,0.44869,0.86917,0.45529,0.91854,0.45551,0.9281,0.46791,0.94881,0.51842,0.94879,0.59221,0.91461,0.6445,0.98955,0.64564,0.99009,0.74661,0.97516,0.78419,0.92327,0.84825,0.89891,0.86091,0.76953,0.86106,0.64428,0.81047,0.4733,0.81056,0.38128,0.78219,0.24746,0.7228,0.14893,0.64163,0.08365,0.5347,0.00508,0.37414,0.00491,0.30365,0.02087,0.20692,0.0357,0.15219,0.07014,0.06666,0.80452,0.63617,0.85793,0.59115,0.8462,0.68439,0.8931,0.70047],"triangles":[23,38,39,23,24,38,24,25,36,36,25,8,24,36,38,36,9,10,9,36,8,23,39,22,39,18,22,22,18,21,25,7,8,21,19,20,21,18,19,18,39,37,39,38,37,38,36,37,18,37,14,17,18,16,18,14,15,14,37,13,36,12,37,36,11,12,36,10,11,16,18,15,37,12,13,25,6,7,25,26,6,27,5,26,26,5,6,5,27,4,29,2,28,27,28,4,28,3,4,28,2,3,2,29,30,2,30,1,0,1,35,30,32,33,33,34,30,34,35,30,1,30,35,30,31,32],"vertices":[1,10,-13.85,18.14,1,1,10,-0.95,22.04,1,1,10,10.89,21.53,1,1,10,29.89,24.01,1,1,10,45.63,19.7,1,1,10,61.99,13.8,1,2,10,91.06,13.28,0.79187,11,-3.83,15.21,0.20813,2,10,94.27,14.18,0.57364,11,-0.51,15.07,0.42636,2,10,105.19,23.72,0.04862,11,12.83,20.76,0.95138,2,10,110.43,27.38,0.00888,11,18.95,22.63,0.99112,1,11,29.65,22.31,1,1,11,34.93,20.53,1,1,11,44.46,15.49,1,1,11,47,14.91,1,1,11,56.62,14.68,1,1,11,58.47,13.65,1,1,11,62.41,9.57,1,1,11,62.28,3.74,1,1,11,55.52,-0.23,1,1,11,70.12,-0.66,1,1,11,70.05,-8.63,1,1,11,67.07,-11.54,1,1,11,56.84,-16.36,1,1,11,52.07,-17.25,1,1,11,26.84,-16.69,1,2,10,105.57,-10.76,0.21594,11,2.52,-12.13,0.78406,1,10,73.64,-20.36,1,1,10,55.81,-23.38,1,1,10,29.47,-26.39,1,1,10,9.22,-25.78,1,1,10,-5.4,-21.35,1,1,10,-23.72,-13.61,1,1,10,-25.36,-8.29,1,1,10,-24.58,-0.08,1,1,10,-23.05,4.9,1,1,10,-18.57,13.3,1,1,11,34.07,0.92,1,1,11,44.56,4.23,1,1,11,42.11,-3.08,1,1,11,51.22,-4.56,1]}},"hand2":{"hand2":{"type":"mesh","hull":28,"uvs":[0.73666,0.00005,0.85734,0.02734,0.94408,0.07692,0.97793,0.11556,0.98894,0.14104,0.98892,0.21805,0.95925,0.28675,0.87358,0.39575,0.68694,0.58831,0.67801,0.60663,0.5805,0.82085,0.48106,0.92432,0.39399,0.9744,0.32615,0.99363,0.20046,0.99373,0.11757,0.97753,0.05637,0.94264,0.02632,0.91699,0.011,0.89104,0.01094,0.79172,0.07795,0.65696,0.11404,0.60634,0.20209,0.50605,0.42393,0.12676,0.48248,0.07086,0.53828,0.03854,0.6292,0.01279,0.70166,0.01255],"triangles":[4,2,3,2,5,1,4,5,2,27,1,6,5,6,1,27,0,1,25,26,27,27,6,25,6,24,25,6,23,24,7,23,6,7,22,23,8,22,7,9,22,8,9,21,22,10,21,9,20,21,10,19,20,10,11,18,19,18,16,17,19,10,11,16,18,14,11,12,18,16,14,15,14,18,12,12,13,14],"vertices":[1,9,-16.25,-6.36,1,1,9,-15.77,5.19,1,1,9,-11.02,15.03,1,1,9,-6.32,19.86,1,1,9,-2.9,22.1,1,1,9,8.44,26.06,1,1,9,19.43,27.1,1,1,9,38,25.52,1,1,9,71.84,19.75,1,1,9,74.8,19.95,1,1,9,109.21,22.78,1,1,9,127.37,19.76,1,1,9,137.3,15.02,1,1,9,142.12,10.31,1,1,9,145.83,-0.24,1,1,9,145.88,-8.04,1,1,9,142.54,-14.98,1,1,9,139.64,-18.83,1,1,9,136.27,-21.45,1,1,9,121.65,-26.57,1,1,9,99.84,-27.88,1,1,9,91.32,-27.45,1,1,9,73.97,-25.22,1,1,9,11.6,-26.11,1,1,9,1.64,-24.07,1,1,9,-4.75,-21.04,1,1,9,-11.22,-14.73,1,1,9,-13.38,-8.65,1]},"hand3":{"type":"mesh","path":"1hand2","hull":28,"uvs":[0.73666,0.00005,0.94273,0,1,0.05705,1,0.12069,1,0.14873,1,0.21485,1,0.25506,1,0.42437,0.94306,0.57024,0.88149,0.68679,0.70724,0.82109,0.68965,0.93059,0.60259,0.98067,0.53474,0.9999,0.40906,1,0.23112,0.98379,0.16992,0.94891,0.13993,0.92319,0.12454,0.89731,0.12448,0.79799,0.22317,0.66624,0.01107,0.58375,0,0.38553,0.16241,0.19606,0.48248,0.07086,0.53828,0.03854,0.6292,0.01279,0.71627,0],"triangles":[0,1,2,2,3,0,4,0,3,5,0,4,0,5,6,0,6,26,20,21,22,26,27,0,24,25,26,26,7,24,7,20,23,20,22,23,7,26,6,24,7,23,8,20,7,9,20,8,10,20,9,19,20,10,16,17,18,18,19,16,19,10,16,15,16,14,11,12,10,14,16,10,12,13,10,13,14,10],"vertices":[1,9,-13.74,-22.01,1,1,9,-19.8,-4.7,1,1,9,-13.08,3.05,1,1,9,-3.71,6.33,1,1,9,0.42,7.77,1,1,9,10.15,11.18,1,1,9,16.07,13.25,1,1,9,41.01,21.96,1,1,9,64.16,24.69,1,1,9,83.13,25.52,1,1,9,108.03,17.79,1,1,9,124.67,21.95,1,1,9,134.6,17.22,1,1,9,139.42,12.51,1,1,9,143.13,1.95,1,1,9,145.97,-13.83,1,1,9,142.63,-20.77,1,1,9,139.74,-24.61,1,1,9,136.37,-27.24,1,1,9,121.74,-32.35,1,1,9,99.44,-30.85,1,1,9,93.52,-52.91,1,1,9,64.66,-64.05,1,1,9,31.99,-60.16,1,1,9,4.15,-39.71,1,1,9,-2.25,-36.69,1,1,9,-8.71,-30.38,1,1,9,-13.15,-23.72,1]}},"hand3":{"hand3":{"type":"mesh","hull":26,"uvs":[0.11934,0.01496,0.20789,0.02686,0.32373,0.04242,0.44891,0.21933,0.47415,0.24909,0.54096,0.24941,0.59941,0.24969,0.61921,0.22968,0.71138,0.10392,0.75091,0.10381,0.81109,0.27346,0.78873,0.71659,0.74914,0.84846,0.68765,0.90924,0.61601,0.98007,0.58374,0.93368,0.56278,0.78759,0.50419,0.8138,0.41305,0.85456,0.32343,0.8545,0.20904,0.85441,0.11999,0.78361,0.00595,0.59351,0.00615,0.37509,0.04042,0.14979,0.08289,0.04511],"triangles":[10,8,9,21,0,1,24,25,0,21,24,0,23,24,21,22,23,21,16,5,6,17,4,5,17,5,16,8,11,7,10,11,8,12,7,11,20,1,2,21,1,20,19,20,2,19,2,3,3,18,19,4,18,3,4,17,18,13,7,12,16,14,15,16,6,7,7,13,16,13,14,16],"vertices":[1,13,-9.23,14.02,1,1,13,4.71,15.41,1,1,13,22.93,17.24,1,1,13,43.7,11.6,1,1,13,47.85,10.74,1,1,13,58.31,12.21,1,1,13,67.45,13.49,1,1,13,70.42,14.88,1,1,13,83.99,22.9,1,1,13,90.17,23.78,1,1,13,100.73,17.05,1,1,13,100.21,-4.51,1,1,13,94.9,-11.65,1,1,13,85.69,-15.9,1,1,13,74.96,-20.86,1,1,13,69.6,-19.37,1,1,13,65.34,-12.89,1,1,13,56.35,-15.43,1,1,13,42.37,-19.38,1,1,13,28.35,-21.36,1,1,13,10.45,-23.89,1,1,13,-3.96,-22.5,1,1,13,-23.08,-15.99,1,1,13,-24.51,-5.6,1,1,13,-20.67,5.86,1,1,13,-14.73,11.78,1]}},"hand4":{"hand4":{"type":"mesh","hull":28,"uvs":[0.29471,0.01504,0.50938,0.01507,0.63489,0.04535,0.71329,0.08208,0.78055,0.14585,0.84154,0.31049,0.842,0.35126,0.85716,0.38522,0.89471,0.53461,0.99003,0.79564,0.99374,0.82013,0.93666,0.90924,0.88099,0.94461,0.83529,0.96021,0.73005,0.98488,0.56032,0.98518,0.43153,0.95616,0.30764,0.89694,0.28734,0.86618,0.20283,0.674,0.08004,0.45363,0.03159,0.32477,0.03131,0.16689,0.04728,0.1214,0.06334,0.0984,0.11137,0.06022,0.15906,0.03758,0.20345,0.02728],"triangles":[25,21,22,25,23,24,23,25,22,20,21,5,27,25,26,2,0,1,27,0,25,25,0,4,3,0,2,25,4,21,0,3,4,8,19,20,4,5,21,6,20,5,7,20,6,8,20,7,19,8,9,18,19,9,11,18,9,17,18,16,9,10,11,18,11,16,16,11,13,12,13,11,13,15,16,14,15,13],"vertices":[1,12,-19.54,-9.24,1,1,12,-17.36,4.1,1,1,12,-12.15,11.27,1,1,12,-6.57,15.36,1,1,12,2.42,18.19,1,1,12,24.49,18.49,1,1,12,29.81,17.66,1,1,12,34.38,17.88,1,1,12,54.23,17.04,1,1,12,89.2,17.44,1,1,12,92.43,17.15,1,1,12,103.46,11.71,1,1,12,107.5,7.5,1,1,12,109.08,4.32,1,1,12,111.22,-2.74,1,1,12,109.55,-13.3,1,1,12,104.46,-20.7,1,1,12,95.49,-27.14,1,1,12,91.28,-27.75,1,1,12,65.38,-28.93,1,1,12,35.43,-31.9,1,1,12,18.15,-32.17,1,1,12,-2.42,-28.84,1,1,12,-8.19,-26.89,1,1,12,-11.02,-25.4,1,1,12,-15.51,-21.6,1,1,12,-17.97,-18.16,1,1,12,-18.87,-15.18,1]}},"head":{"head":{"type":"mesh","hull":84,"uvs":[0.1851,0.00998,0.11007,0.04491,0.03646,0.11736,0,0.1924,0,0.26873,0.02372,0.32178,0.0676,0.27003,0.13838,0.24545,0.21341,0.21828,0.25588,0.20663,0.29127,0.16782,0.31163,0.1368,0.31675,0.12901,0.32099,0.09796,0.34168,0.12602,0.32095,0.13983,0.30707,0.15725,0.28801,0.18617,0.27283,0.22271,0.27817,0.25874,0.30193,0.28807,0.3156,0.29024,0.28667,0.36143,0.25645,0.43088,0.27385,0.53632,0.31061,0.58999,0.32068,0.67786,0.36097,0.75652,0.39942,0.82262,0.40949,0.8812,0.37195,0.91802,0.328,0.913,0.3335,0.95065,0.40217,0.96655,0.4626,0.93726,0.5157,0.85693,0.50197,0.76405,0.45252,0.68372,0.44599,0.66743,0.4713,0.69282,0.51364,0.73111,0.60051,0.77777,0.6676,0.79602,0.70434,0.77996,0.74268,0.74346,0.73789,0.78872,0.76983,0.85369,0.80258,0.88653,0.80577,0.92887,0.78022,0.96975,0.75546,0.99457,0.81296,0.99676,0.86248,0.96026,0.88485,0.89967,0.87127,0.87047,0.916,0.88434,0.96868,0.8597,0.97428,0.82175,0.9623,0.77795,0.94792,0.76627,0.93194,0.79693,0.90718,0.80423,0.87524,0.78963,0.87284,0.73999,0.89521,0.69682,0.92157,0.65959,0.93515,0.58805,0.92796,0.55155,0.96071,0.55009,0.99106,0.53987,1,0.49973,0.99345,0.46834,0.9623,0.49462,0.94154,0.43257,0.91656,0.32896,0.82072,0.22239,0.5859,0.15158,0.55725,0.16634,0.53648,0.10867,0.46699,0.08239,0.41588,0.08896,0.39271,0.0802,0.33281,0.02326,0.27051,0,0.02682,0.28246,0.08193,0.21457,0.15142,0.15763,0.19215,0.13427,0.19694,0.0788,0.2225,0.1131,0.29918,0.0715,0.33911,0.09777,0.38384,0.10507,0.33991,0.27662,0.39422,0.22625,0.48048,0.20581,0.5316,0.18975,0.43624,0.51885,0.43022,0.64073,0.84395,0.54693,0.8291,0.63154,0.75824,0.72032,0.87595,0.40384,0.85195,0.47591,0.34452,0.47695],"triangles":[93,18,17,92,80,95,80,79,95,66,99,67,68,67,72,96,77,76,96,78,77,95,93,94,17,94,93,25,24,104,25,104,97,24,23,104,97,104,93,23,22,104,72,71,70,103,73,72,103,102,73,102,74,73,102,75,74,96,102,103,37,26,38,67,99,103,63,101,100,100,97,99,43,41,44,42,41,43,101,41,40,40,39,101,39,97,101,38,98,39,97,39,98,62,45,44,44,41,101,63,44,101,100,101,97,99,66,100,103,99,97,96,103,97,98,25,97,38,26,98,102,96,75,103,72,67,69,72,70,68,72,69,104,22,93,95,97,93,22,21,93,21,20,93,20,19,93,93,19,18,97,95,96,94,92,95,75,96,76,96,95,78,78,95,79,65,100,66,92,81,80,26,25,98,64,100,65,64,63,100,5,84,6,5,4,84,84,4,6,6,4,85,6,85,7,4,3,85,7,86,8,7,85,86,3,2,85,85,2,86,86,87,8,8,87,9,87,89,9,10,9,89,88,87,86,11,10,89,11,89,12,86,2,1,87,88,89,88,86,1,89,88,90,1,0,88,88,0,83,89,90,12,12,90,13,13,91,14,92,91,81,13,90,91,81,91,82,91,90,82,88,83,90,90,83,82,17,16,94,16,15,94,15,14,94,14,92,94,14,91,92,56,60,57,60,58,57,60,59,58,56,61,60,56,55,61,54,61,55,54,62,61,44,63,62,50,49,51,51,49,48,52,51,48,52,48,53,53,47,54,53,48,47,47,46,54,54,46,62,46,45,62,32,30,33,33,30,34,32,31,30,30,29,34,34,29,35,29,28,35,36,27,37,28,36,35,36,28,27,26,37,27],"vertices":[1,19,8.99,-22.41,1,3,19,33.09,-31.99,0.88559,20,-19.99,-31.99,0.11388,21,-51.84,-31.99,0.00053,3,19,66.39,-32.89,0.18655,20,13.31,-32.89,0.68836,21,-18.54,-32.89,0.12509,4,19,92.8,-24.63,0.00063,20,39.72,-24.63,0.35768,21,7.87,-24.63,0.62761,22,-13.36,-24.63,0.01408,2,21,27.19,-7.64,0.02157,22,5.96,-7.64,0.97843,2,20,67.64,9.65,0.00028,22,14.56,9.65,0.99972,3,20,45.61,8.28,0.03042,21,13.77,8.28,0.90492,22,-7.47,8.28,0.06466,4,18,27.41,79.52,0.00938,19,78.08,19.18,0.03339,20,25,19.18,0.84961,21,-6.85,19.18,0.10762,3,18,14.09,58.54,0.10832,19,55.94,30.49,0.41876,20,2.86,30.49,0.47292,4,18,5.81,47.68,0.21506,19,44.36,37.72,0.52551,20,-8.72,37.72,0.23242,8,145.68,119.11,0.02701,3,18,4.68,30.69,0.42642,19,27.34,37.27,0.49437,20,-25.74,37.27,0.07921,3,18,5.74,18.54,0.62864,19,15.35,35.08,0.34703,20,-37.73,35.08,0.02434,3,18,6.01,15.49,0.67749,19,12.33,34.53,0.30462,20,-40.75,34.53,0.01789,3,18,11.1,6.26,0.91828,19,3.61,28.6,0.07932,20,-49.47,28.6,0.00239,3,23,-165.74,49.06,0.00114,17,41.01,9.71,0.72044,18,0.39,10.17,0.27842,3,23,-163.56,41.47,0.00466,17,40.79,17.61,0.92208,18,2.82,17.68,0.07326,3,23,-159.52,35.43,0.00985,17,38.38,24.46,0.96845,18,2.83,24.95,0.0217,3,23,-152.39,26.57,0.02333,17,33.67,34.82,0.97593,18,1.85,36.28,0.00074,1,8,141.19,113.07,1,1,8,129.48,109.46,1,1,8,120.93,100.63,1,1,8,120.89,96.35,1,1,8,95.77,101.22,1,1,8,71.16,106.58,1,1,8,36.98,95.48,1,1,8,20.98,81.35,1,1,23,6.67,-20.96,1,2,23,35.83,-18.42,0.58455,24,-0.13,-18.63,0.41545,2,24,24.62,-13.73,0.61121,25,4.19,-13.44,0.38879,3,24,44.41,-16.47,0.00795,25,23.07,-6.88,0.85803,26,-0.7,-10.28,0.13402,1,26,15.92,-6.91,1,1,26,25.95,-16.15,1,1,26,31.95,-4.84,1,1,26,17.86,11.81,1,3,23,103.79,-9.98,0,25,38.76,12.57,0.43505,26,-3.02,14.6,0.56495,3,23,83.99,14.69,0,24,46.03,17.21,0.11109,25,9.22,23.86,0.88891,3,23,53.14,21.48,0.05234,24,14.85,22.21,0.86929,25,-20.84,14.14,0.07837,4,23,22.48,16.49,0.01745,24,-15.47,15.45,0.28976,25,-44.78,-5.65,0.02612,8,-3.03,33.07,0.66667,1,8,2.06,35.95,1,1,8,-5.11,26.86,1,1,8,-15.71,11.88,1,1,8,-26.84,-17.08,1,1,8,-29.53,-38.48,1,1,8,-22.34,-48.75,1,1,8,-8.28,-58.39,1,3,23,85.94,86.86,0.01076,27,25.04,-19.83,0.31392,28,-1.18,-19.34,0.67532,2,28,21.77,-12.29,0.56846,29,-0.27,-12.42,0.43154,3,28,34,-3.66,0.00884,29,13.21,-5.91,0.98276,30,-4.92,-11.58,0.00841,2,29,27.17,-9.04,0.06873,30,7.9,-5.24,0.93127,2,30,23.63,-7.27,0.03545,31,7.33,-5.13,0.96455,2,30,34.27,-11.14,0.00306,31,18.64,-4.83,0.99694,2,30,28.21,5.52,0.09857,31,6.9,8.45,0.90143,4,29,42.29,4.68,0.01306,30,11.03,14.94,0.94051,31,-12.54,10.91,0.0307,33,18.02,-39.77,0.01573,3,29,24.69,17.11,0.45239,30,-10.47,13.53,0.26927,33,15.72,-18.35,0.27834,6,28,31.25,18.01,0.0004,29,14.07,15.91,0.38456,30,-17.98,5.92,0.02141,32,33.79,-4.26,0.00286,33,7.8,-11.16,0.58663,34,-12.86,-0.51,0.00415,3,29,22.48,27.78,0.01994,33,22.26,-9.63,0.33595,34,-3.88,-11.95,0.64411,2,34,14.25,-13.86,0.85086,35,-9.11,-10.47,0.14914,2,34,22.68,-4.08,0.21992,35,3.74,-9.21,0.78008,1,35,17.26,-2.24,1,1,35,20.08,2.97,1,4,32,20.88,23.96,0.0284,33,14.38,19.17,0.03722,34,16.33,10.04,0.12602,35,8.89,5.4,0.80836,4,32,19.42,16.09,0.20576,33,8.49,13.74,0.28919,34,8.6,12.15,0.31675,35,4.75,12.26,0.1883,4,32,10.41,9.77,0.77663,33,-2.51,14.09,0.18496,34,3.05,21.64,0.02221,35,7.29,22.96,0.01619,4,27,8.61,21.73,0.36695,32,-4.66,17.07,0.62466,33,-10.19,28.97,0.00667,17,-222.17,-7.88,0.00172,4,27,-5.93,28.62,0.39225,32,-14.18,30.05,0.13839,17,-214.09,-21.8,0.00971,8,14.91,-102.17,0.45965,1,8,28.62,-108.13,1,1,8,53.09,-108.31,1,1,8,64.86,-104.11,1,1,8,66.99,-113.98,1,1,8,71.92,-122.64,1,1,8,85.72,-123.15,1,1,8,95.82,-119.43,1,1,8,85.52,-111.41,1,1,8,105.1,-101.68,1,1,8,138.29,-88.38,1,1,8,168.89,-53.39,1,1,8,180.61,21.86,1,1,8,174.26,29.76,1,1,8,192.38,39.25,1,1,8,197.62,61.81,1,3,17,38.35,-16.19,0.23939,18,-10.76,-13.37,0.01976,8,192.86,76.98,0.74085,3,17,44.83,-11.99,0.33487,18,-3.26,-11.56,0.23519,8,194.61,84.5,0.42994,1,18,22.95,-16.25,1,2,18,43.08,-11.32,0.74359,19,-10.91,-4.88,0.25641,1,22,3.97,1.61,1,2,20,28.67,-0.75,0.76661,21,-3.18,-0.75,0.23339,3,18,41.55,53.22,0.00601,19,53.2,2.66,0.48433,20,0.12,2.66,0.50966,3,18,36.02,39.48,0.03917,19,39.01,6.88,0.92728,20,-14.07,6.88,0.03355,1,19,23.99,-4.36,1,3,18,32.65,28.21,0.14081,19,27.48,9.19,0.85175,20,-25.6,9.19,0.00744,3,18,21.78,2.99,0.95682,19,1.35,17.66,0.04266,20,-51.73,17.66,0.00052,5,23,-174.95,51.59,0.00003,17,49.3,4.97,0.07181,18,6.62,2.93,0.91661,19,-0.12,32.75,0.01128,20,-53.2,32.75,0.00027,3,17,39.47,-4.99,0.67196,18,-5.97,-3.18,0.14267,8,185.89,85.82,0.18537,1,8,126.65,89.72,1,1,8,146.13,75.99,1,1,8,157.27,50.91,1,1,8,165.18,36.26,1,1,8,50.97,47.1,1,1,8,10.14,42.21,1,1,8,62.16,-78.33,1,1,8,33.29,-78.48,1,1,8,0.2,-61.84,1,1,8,111.35,-80.17,1,1,8,86.18,-76.85,1,1,8,60.27,77.28,1]}},"leg":{"leg":{"type":"mesh","hull":58,"uvs":[0.44369,0.00555,0.48991,0.02329,0.50752,0.04115,0.53977,0.04321,0.56194,0.0569,0.5834,0.06052,0.78141,0.05996,0.81571,0.12122,0.91071,0.32657,0.95647,0.43283,0.98215,0.50511,0.99226,0.55204,0.99479,0.56514,0.99479,0.64247,0.98237,0.69949,0.96705,0.72901,0.95165,0.75383,0.91062,0.76477,0.83177,0.72909,0.83164,0.8434,0.82359,0.89795,0.80862,0.94908,0.78666,0.97245,0.7522,0.98815,0.67964,0.98815,0.60857,0.9804,0.60176,0.97591,0.55205,0.97592,0.45539,0.95301,0.37798,0.92275,0.26349,0.90244,0.2199,0.88555,0.15328,0.90934,0.05994,0.96431,0.02887,0.96377,0.00752,0.91455,0.0026,0.89051,0.00257,0.83525,0.00775,0.80017,0.0459,0.71234,0.10543,0.6634,0.11379,0.65883,0.15317,0.5597,0.17136,0.53314,0.20685,0.53236,0.22107,0.54457,0.27767,0.64638,0.31245,0.67596,0.32796,0.67869,0.40115,0.66218,0.47742,0.63263,0.40023,0.49881,0.38039,0.41933,0.36052,0.32733,0.36037,0.22335,0.36561,0.18828,0.37658,0.13732,0.4205,0.00578,0.68841,0.27879,0.73922,0.43359,0.78533,0.56319,0.81581,0.66579,0.54158,0.64918,0.64301,0.64064,0.72835,0.70615],"triangles":[60,59,8,63,58,59,61,60,8,60,64,59,64,60,61,13,14,15,16,61,9,61,17,18,16,10,15,16,17,61,58,5,6,7,59,58,7,58,6,59,7,8,13,11,12,61,8,9,11,15,10,13,15,11,10,16,9,44,42,43,31,45,46,35,36,37,30,31,46,42,31,41,32,41,31,44,45,42,45,31,42,35,33,34,38,33,37,37,33,35,40,41,32,39,40,32,33,39,32,33,38,39,30,46,47,30,47,48,29,48,49,30,48,29,28,49,50,29,49,28,28,50,62,26,62,63,25,26,63,27,28,62,26,27,62,64,24,25,64,23,24,53,54,55,0,52,56,55,56,52,53,55,52,0,51,52,51,1,2,1,51,0,57,0,56,2,50,51,5,58,4,64,63,59,3,4,2,58,62,4,63,62,58,4,50,2,62,50,4,18,64,61,18,19,64,20,64,19,20,22,64,21,22,20,64,25,63,22,23,64],"vertices":[1,45,-48.04,-6.08,1,2,45,-34.75,5.78,0.99829,48,-70.77,-43.75,0.00171,2,45,-28.27,9.15,0.99122,48,-63.87,-41.31,0.00878,3,45,-20.33,18.49,0.95293,48,-54.72,-33.16,0.04698,49,170.23,-52.92,0.00009,3,45,-13.29,23.64,0.88784,48,-47.03,-29.03,0.10825,49,161.51,-52.96,0.00391,3,45,-7.71,29.62,0.77712,48,-40.69,-23.88,0.20852,49,153.48,-54.53,0.01435,1,48,14.04,27.76,1,1,48,30.46,29.33,1,1,48,79.97,29.4,1,1,48,104.65,28.55,1,2,48,119.93,26.56,0.99069,49,-12.01,-23.69,0.00931,2,48,128.03,23.55,0.93362,49,-17.76,-17.23,0.06638,2,48,130.22,22.63,0.91292,49,-19.26,-15.4,0.08708,2,48,138.96,13.34,0.70937,49,-22.62,-3.09,0.29063,2,48,141.97,3.26,0.47188,49,-20.55,7.23,0.52812,2,48,141.07,-4.28,0.28684,49,-16.21,13.46,0.71316,3,45,169.11,67.05,0.00015,48,139.62,-11.27,0.14315,49,-11.65,18.96,0.8567,2,45,160.76,53.76,0.01331,49,2.92,24.8,0.98669,2,45,137.4,34.1,0.41152,49,33.38,27.02,0.58848,3,45,152.07,22.24,0.85148,46,-29.97,-2.61,0.0032,49,28.45,45.23,0.14533,3,45,157.17,14.22,0.87215,46,-27.28,6.51,0.0608,49,29.03,54.71,0.06704,3,45,160.18,4.5,0.75705,46,-21.94,15.17,0.2209,49,32.3,64.35,0.02205,3,45,157.96,-4.42,0.52599,46,-13.76,19.36,0.47018,49,39.34,70.27,0.00383,2,45,151.78,-16.25,0.13152,46,-0.78,22.48,0.86848,1,46,26.77,23.61,1,1,46,53.81,23.43,1,1,46,56.42,22.8,1,1,46,75.3,23.57,1,1,46,112.15,21.29,1,1,46,141.75,17.5,1,2,46,185.35,15.93,0.47084,47,2,15.86,0.52916,1,47,18.57,13.07,1,1,47,43.88,17,1,1,47,79.35,26.07,1,1,47,91.16,25.98,1,1,47,99.27,17.86,1,1,47,101.14,13.89,1,1,47,101.15,4.77,1,1,47,99.18,-1.02,1,1,47,84.69,-15.51,1,1,47,62.06,-23.58,1,1,47,58.89,-24.34,1,1,47,43.92,-40.69,1,2,46,222.82,-43.53,0.00106,47,37.01,-45.08,0.99894,2,46,209.35,-44.21,0.01708,47,23.52,-45.2,0.98292,2,46,203.87,-42.42,0.03298,47,18.12,-43.19,0.96702,2,46,181.69,-26.51,0.45099,47,-3.39,-26.39,0.54901,2,46,168.29,-22.17,0.87543,47,-16.6,-21.51,0.12457,2,46,162.38,-21.96,0.96142,47,-22.5,-21.06,0.03858,2,45,26.29,-86.54,0.01613,46,134.7,-25.82,0.98387,2,45,40.64,-60.9,0.36902,46,105.94,-31.87,0.63098,2,45,5.06,-69.93,0.85859,46,136.15,-52.74,0.14141,2,45,-9.89,-67.6,0.91415,46,144.22,-65.53,0.08585,2,45,-26.45,-63.97,0.95407,46,152.38,-80.39,0.04593,2,45,-39.86,-53.27,0.97695,46,153.14,-97.53,0.02305,2,45,-43.12,-48.09,0.98239,46,151.38,-103.4,0.01761,2,45,-47.07,-39.58,0.98948,46,147.57,-111.97,0.01052,2,45,-53.53,-12.97,0.99983,46,131.77,-134.33,0.00017,3,45,45.36,38.17,0.04748,48,13.05,-22.75,0.53909,49,105.5,-30.31,0.41344,2,48,44.62,-28.12,0.19168,49,80.15,-10.75,0.80832,2,45,105,37.49,0.06625,49,57.61,5.26,0.93375,2,45,125.46,35.91,0.29436,49,41.98,18.54,0.70564,2,45,58.05,-43.6,0.42851,46,81.47,-30.14,0.57149,2,45,81.09,-12.68,0.81893,46,43.02,-33.12,0.18107,2,45,109.83,5.83,0.91906,49,72.29,33.72,0.08094]}},"mouth":{"mouth":{"type":"mesh","hull":14,"uvs":[0.06691,0.05726,0.04398,0.29263,0.13284,0.46915,0.18731,0.70452,0.29624,0.94894,0.55137,0.9942,0.72051,0.84936,0.71191,0.5461,0.90397,0.33337,0.96417,0.13874,0.86097,0.03463,0.62591,0.18852,0.36791,0.184,0.17011,0.10253],"triangles":[1,0,13,8,10,9,11,10,8,2,1,13,2,13,12,7,11,8,3,2,12,7,4,3,12,7,3,7,12,11,5,4,7,5,7,6],"vertices":[1,16,2.59,14.52,1,1,16,-1.94,14.47,1,1,16,-4.81,11.29,1,1,16,-8.96,8.95,1,1,16,-13,4.96,1,1,16,-12.6,-2.73,1,1,16,-9.05,-7.28,1,1,16,-3.41,-6.09,1,1,16,1.52,-11.11,1,1,16,5.46,-12.29,1,1,16,6.91,-8.91,1,1,16,2.87,-2.43,1,1,16,1.69,5.22,1,1,16,2.24,11.33,1]},"mouth1":{"type":"mesh","hull":13,"uvs":[0.21021,0.17009,0.0695,0.46165,0.03197,0.66653,0.16331,0.89505,0.43535,0.95021,0.69802,0.91869,0.75431,0.67441,0.72205,0.5656,0.90633,0.428,0.96776,0.20096,0.86129,0.03584,0.55005,0,0.30024,0.13216],"triangles":[9,11,10,8,7,11,9,8,11,12,11,7,1,7,2,4,3,2,1,0,12,12,7,1,4,7,6,2,7,4,5,4,6],"vertices":[1,16,3.96,8.1,1,1,16,-3.71,9.83,1,1,16,-8.89,9.77,1,1,16,-14.08,6.11,1,1,16,-14.51,0.25,1,1,16,-12.83,-5.06,1,1,16,-6.61,-5.23,1,1,16,-4.04,-4.12,1,1,16,-0.01,-7.37,1,1,16,5.8,-7.72,1,1,16,9.51,-4.84,1,1,16,9.32,1.76,1,1,16,5.21,6.39,1]}},"mouth2":{"mouth2":{"type":"mesh","hull":25,"uvs":[0.77006,0.03623,0.80386,0.0518,0.91941,0.14916,0.95919,0.21816,0.9898,0.32189,0.98989,0.48613,0.94885,0.64313,0.89769,0.72959,0.83569,0.81702,0.75301,0.88691,0.64832,0.9458,0.48518,0.99128,0.36409,0.99172,0.27978,0.97467,0.18642,0.92269,0.10123,0.85094,0.04176,0.7494,0.00661,0.63191,0.01097,0.44955,0.06231,0.31903,0.12751,0.23115,0.26812,0.11263,0.37118,0.05466,0.4674,0.01715,0.69894,0.01704,0.69688,0.19986,0.5809,0.22595,0.46646,0.29247,0.37678,0.39813,0.33038,0.53117,0.32574,0.65117,0.36595,0.76334,0.47111,0.82334,0.5608,0.86117,0.68451,0.79465,0.76801,0.71639,0.83141,0.59378,0.85461,0.48552,0.84378,0.34073,0.80358,0.25204,0.74636,0.20247,0.37404,0.11914,0.20598,0.24846,0.0851,0.53446,0.15586,0.79559,0.37404,0.93237,0.91749,0.3007,0.92869,0.46753,0.91563,0.5903,0.79994,0.77445,0.65066,0.87518,0.49578,0.93813,0.0946,0.65168,0.13005,0.36523,0.52564,0.05674,0.73649,0.08192,0.85218,0.15118,0.90817,0.25348,0.92869,0.40772,0.86704,0.67056,0.91896,0.52392,0.72706,0.84195,0.83834,0.72689,0.75348,0.81509,0.89441,0.6438],"triangles":[10,50,9,50,61,9,9,63,8,9,61,63,50,34,61,50,33,34,61,34,63,63,49,8,8,62,7,8,49,62,49,63,35,34,31,35,63,34,35,29,36,35,49,35,62,36,26,25,62,59,7,59,64,7,7,64,6,62,35,59,35,36,59,37,36,40,25,40,36,59,36,64,64,48,6,64,36,48,6,48,5,5,48,60,48,36,60,38,40,39,40,38,37,60,36,37,60,47,5,60,37,47,47,58,5,58,4,5,47,37,58,58,37,38,38,46,58,58,46,4,46,39,57,46,38,39,46,3,4,46,57,3,39,56,57,57,2,3,57,56,2,39,40,56,40,55,56,55,1,56,56,1,2,12,45,11,12,13,45,11,51,10,11,45,51,13,14,45,51,33,10,10,33,50,45,32,51,51,32,33,14,31,45,45,31,32,15,44,14,14,44,31,33,32,34,15,16,44,32,31,34,16,52,44,44,30,31,44,52,30,36,29,28,36,28,27,36,27,26,31,30,35,29,35,30,16,17,52,17,43,52,30,52,29,29,52,43,17,18,43,43,53,29,43,18,53,29,53,28,28,53,42,28,42,27,42,21,41,18,19,53,27,42,41,19,20,53,53,20,42,27,41,26,42,20,21,41,54,26,26,54,25,25,55,40,55,0,1,55,54,24,55,25,54,21,22,41,41,23,54,41,22,23,55,24,0,54,23,24],"vertices":[2,54,45.75,54.98,0.52728,55,4.68,54.99,0.47272,2,54,49.27,53.74,0.49305,55,8.21,53.77,0.50695,2,54,62.14,44.49,0.31788,55,21.1,44.57,0.68212,2,54,67.22,37.27,0.22569,55,26.21,37.37,0.77431,2,54,72.07,25.98,0.10294,55,31.1,26.1,0.89706,2,54,75.11,7.34,0.00223,55,34.22,7.47,0.99777,2,54,74.08,-11.12,0.00795,55,33.26,-11,0.99205,2,54,70.78,-21.73,0.07026,55,30,-21.62,0.92974,2,54,66.46,-32.63,0.19694,55,25.72,-32.53,0.80306,2,54,59.84,-41.85,0.34389,55,19.13,-41.77,0.65611,2,54,50.9,-50.16,0.50237,55,10.23,-50.12,0.49763,2,54,36.12,-57.87,0.69005,55,-4.52,-57.89,0.30995,2,54,24.54,-59.8,0.78621,55,-16.1,-59.87,0.21379,2,54,16.15,-59.18,0.83889,55,-24.49,-59.28,0.16111,2,54,6.25,-54.74,0.89728,55,-34.41,-54.87,0.10272,2,54,-3.23,-47.92,0.94612,55,-43.91,-48.09,0.05388,2,54,-10.8,-37.32,0.98139,55,-51.52,-37.52,0.01861,2,54,-16.34,-24.54,0.9983,55,-57.11,-24.75,0.0017,1,54,-19.29,-3.77,1,1,54,-16.78,11.85,1,2,54,-12.17,22.84,0.9982,55,-53.12,22.64,0.0018,2,54,-0.89,38.48,0.95462,55,-41.9,38.32,0.04538,2,54,7.9,46.67,0.89042,55,-33.14,46.54,0.10958,2,54,16.42,52.42,0.81994,55,-24.64,52.33,0.18006,2,54,38.59,56.05,0.59652,55,-2.49,56.04,0.40348,2,54,41.77,35.26,0.53039,55,0.77,35.27,0.46961,2,54,31.15,30.49,0.7287,55,-9.83,30.46,0.2713,2,54,21.42,21.16,0.91626,55,-19.53,21.09,0.08374,2,54,14.78,7.77,0.9982,55,-26.11,7.67,0.0018,2,54,12.8,-8.05,0.99797,55,-28.03,-8.16,0.00203,2,54,14.57,-21.75,0.95369,55,-26.21,-21.85,0.04631,2,54,20.5,-33.85,0.85688,55,-20.24,-33.93,0.14312,2,54,31.67,-39.02,0.7086,55,-9.05,-39.06,0.2914,2,54,40.96,-41.92,0.57827,55,0.25,-41.92,0.42173,2,54,51.57,-32.44,0.35432,55,10.83,-32.4,0.64568,2,54,58.12,-22.26,0.15727,55,17.34,-22.19,0.84273,2,54,61.93,-7.35,0.00837,55,21.09,-7.27,0.99163,2,54,62.15,5.3,0.0037,55,21.26,5.38,0.9963,2,54,58.43,21.56,0.14964,55,17.49,21.63,0.85036,2,54,52.95,31,0.31501,55,11.96,31.05,0.68499,2,54,46.55,35.74,0.44967,55,5.55,35.76,0.55033,2,54,9.37,39.39,0.90796,55,-31.65,39.27,0.09204,2,54,-4.33,22.1,0.98077,55,-45.28,21.92,0.01923,2,54,-10.62,-12.25,0.99891,55,-51.44,-12.45,0.00109,2,54,0.98,-40.79,0.93238,55,-39.73,-40.94,0.06762,2,54,24.39,-52.91,0.77652,55,-16.27,-52.97,0.22348,2,54,64.75,27.26,0.15809,55,23.78,27.35,0.84191,2,54,68.91,8.49,0.02135,55,28.01,8.6,0.97865,2,54,69.92,-5.64,0.00683,55,29.08,-5.54,0.99317,2,54,62.25,-28.35,0.18885,55,21.49,-28.27,0.81115,2,54,49.82,-42.11,0.45466,55,9.11,-42.08,0.54534,2,54,36.16,-51.67,0.67397,55,-4.51,-51.69,0.32603,2,54,-7.55,-25.41,0.98179,55,-48.32,-25.59,0.01821,2,54,-9.45,7.66,0.99948,55,-50.34,7.47,0.00052,2,54,22.73,48.84,0.76721,55,-18.32,48.77,0.23279,2,54,43.38,49.27,0.53962,55,2.33,49.28,0.46038,2,54,55.74,43.21,0.38134,55,14.71,43.27,0.61866,2,54,62.99,32.47,0.22481,55,22,32.55,0.77519,2,54,67.8,15.28,0.06526,55,26.88,15.38,0.93474,2,54,66.75,-15.51,0.04475,55,25.95,-15.41,0.95525,2,54,69.02,1.94,0.01388,55,28.14,2.05,0.98612,2,54,56.52,-37.15,0.33942,55,15.8,-37.09,0.66058,2,54,65.05,-22.35,0.11331,55,24.27,-22.26,0.88669,2,54,58.55,-33.69,0.28282,55,17.82,-33.62,0.71718,2,54,68.88,-12.05,0.02802,55,28.06,-11.94,0.97198]},"mouth3":{"type":"mesh","hull":24,"uvs":[0.46338,0.01728,0.69509,0.01714,0.7582,0.03225,0.80287,0.05081,0.91753,0.14774,0.95861,0.21666,0.99005,0.32228,0.98994,0.44848,0.96667,0.61309,0.89289,0.73742,0.83532,0.81752,0.73271,0.90399,0.60953,0.95634,0.48543,0.99135,0.3734,0.99178,0.28344,0.97661,0.16117,0.90883,0.06074,0.79633,0.01017,0.6489,0.00985,0.4653,0.04946,0.34081,0.12155,0.23615,0.27181,0.10968,0.34562,0.06716,0.44513,0.28252,0.5843,0.4046,0.62327,0.54782,0.62606,0.67225,0.53977,0.81312,0.76523,0.45156,0.82925,0.42573,0.69564,0.42338,0.57595,0.29425,0.81255,0.37408,0.57039,0.49852,0.57874,0.66991,0.78492,0.10263,0.91197,0.25651,0.92011,0.37192,0.92663,0.57251,0.86534,0.66657,0.80344,0.79572,0.64707,0.89052,0.41089,0.94685,0.19425,0.86166,0.06557,0.63359,0.11118,0.37667,0.20565,0.23104,0.37994,0.10327,0.58355,0.04694,0.70408,0.06617],"triangles":[12,42,11,11,41,10,11,42,41,42,27,41,10,41,9,41,40,9,41,27,40,9,40,8,40,26,29,40,27,26,26,31,29,40,29,39,40,39,8,39,29,30,8,39,7,39,30,7,7,30,38,30,29,33,7,38,6,29,31,33,30,33,38,33,31,32,38,33,37,37,33,36,38,37,6,37,5,6,33,32,36,37,4,5,37,36,4,36,3,4,50,2,36,36,2,3,14,43,13,14,15,43,12,13,28,16,44,15,15,44,43,13,43,28,12,28,42,28,27,42,28,35,27,43,44,28,16,17,44,17,45,44,44,45,35,46,35,45,28,44,35,47,35,46,47,46,21,34,47,24,35,47,34,17,18,45,35,26,27,35,34,26,18,19,45,24,47,48,47,22,48,45,19,46,26,34,31,34,25,31,25,24,32,25,34,24,19,20,46,31,25,32,46,20,21,32,50,36,32,49,50,32,24,49,49,48,0,49,24,48,47,21,22,22,23,48,48,23,0,49,1,50,50,1,2,49,0,1],"vertices":[2,54,16.01,52.35,0.77478,55,-25.05,52.25,0.22522,2,54,38.19,55.97,0.53828,55,-2.88,55.96,0.46172,2,54,44.51,55.24,0.47638,55,3.44,55.26,0.52362,2,54,49.13,53.83,0.43241,55,8.07,53.86,0.56759,2,54,61.9,44.62,0.26589,55,20.87,44.7,0.73411,2,54,67.11,37.43,0.1806,55,26.1,37.53,0.8194,2,54,72.07,25.94,0.07212,55,31.11,26.05,0.92788,2,54,74.39,11.61,0.00478,55,33.48,11.74,0.99522,2,54,75.2,-7.44,0.00262,55,34.37,-7.31,0.99738,2,54,70.44,-22.7,0.09044,55,29.66,-22.59,0.90956,2,54,66.41,-32.69,0.21398,55,25.67,-32.59,0.78602,2,54,58.18,-44.1,0.39921,55,17.48,-44.04,0.60079,2,54,47.36,-51.96,0.57317,55,6.69,-51.94,0.42683,2,54,36.12,-57.87,0.70981,55,-4.53,-57.89,0.29019,2,54,25.4,-59.67,0.79764,55,-15.24,-59.72,0.20236,2,54,16.51,-59.35,0.85246,55,-24.13,-59.44,0.14754,2,54,3.55,-53.56,0.9225,55,-37.11,-53.7,0.0775,2,54,-8.14,-42.35,0.97507,55,-48.85,-42.54,0.02493,2,54,-15.71,-26.41,0.99848,55,-56.47,-26.62,0.00152,1,54,-19.13,-5.57,1,1,54,-17.64,9.17,1,2,54,-12.67,22.18,0.99472,55,-53.62,21.97,0.00528,2,54,-0.62,38.87,0.92701,55,-41.63,38.72,0.07299,2,54,5.66,44.85,0.87312,55,-35.37,44.72,0.12688,2,54,19.16,21.96,0.90014,55,-21.78,21.87,0.09986,2,54,34.75,10.27,0.78845,55,-6.16,10.25,0.21155,2,54,41.12,-5.38,0.47929,55,0.28,-5.38,0.52071,2,54,43.69,-19.46,0.44617,55,2.9,-19.45,0.55383,2,54,38.03,-36.8,0.62817,55,-2.7,-36.81,0.37183,2,54,52.93,7.76,0.03472,55,12.04,7.8,0.96528,2,54,58.59,11.69,0.03178,55,17.68,11.75,0.96822,2,54,45.75,9.87,0.22575,55,4.85,9.89,0.77425,2,54,31.91,22.66,0.70897,55,-9.04,22.63,0.29103,2,54,56.03,17.29,0.10201,55,15.1,17.35,0.89799,1,54,35.15,-0.61,1,2,54,39.11,-19.93,0.59127,55,-1.68,-19.94,0.40873,2,54,48.37,47.67,0.45032,55,7.33,47.7,0.54967,2,54,63.38,32.18,0.16539,55,22.39,32.27,0.83461,2,54,66.29,19.21,0.0521,55,25.35,19.31,0.9479,2,54,70.62,-3.45,0.0098,55,29.77,-3.34,0.9902,2,54,66.49,-15.09,0.11396,55,25.68,-14.99,0.88604,2,54,62.95,-30.71,0.24949,55,22.2,-30.63,0.75051,2,54,49.73,-43.91,0.5076,55,9.03,-43.87,0.4924,2,54,28.16,-53.98,0.75791,55,-12.5,-54.03,0.24209,2,54,5.85,-47.69,0.8896,55,-34.84,-47.82,0.1104,2,54,-10.69,-23.81,0.99864,55,-51.46,-24,0.00136,2,54,-11.07,6.06,0.98064,55,-51.96,5.87,0.01936,2,54,-4.71,24.07,0.96738,55,-45.67,23.89,0.03262,2,54,9.61,41.29,0.86612,55,-31.41,41.17,0.13388,2,54,28.06,50.85,0.65739,55,-12.99,50.8,0.34261,2,54,39.96,50.55,0.53242,55,-1.1,50.55,0.46758]}},"peas":{"peas":{"type":"mesh","hull":48,"uvs":[0.61793,0.02569,0.66092,0.03886,0.73104,0.06741,0.79023,0.10434,0.82389,0.1312,0.84932,0.15647,0.91925,0.24149,0.9676,0.31986,0.96793,0.32046,0.97566,0.33594,0.98818,0.3806,0.99462,0.44541,0.99495,0.48893,0.98944,0.52879,0.9755,0.59292,0.94502,0.70399,0.93107,0.73367,0.91413,0.76464,0.82816,0.86914,0.76355,0.9218,0.71308,0.9523,0.66738,0.97249,0.63311,0.98239,0.58426,0.99331,0.45188,0.9945,0.36198,0.97676,0.30985,0.96129,0.25425,0.93414,0.2247,0.91443,0.1842,0.88247,0.1512,0.85066,0.07735,0.76089,0.04583,0.70638,0.03346,0.67776,0.00705,0.58194,0.00527,0.55009,0.00528,0.42573,0.0113,0.40219,0.01882,0.36568,0.03773,0.3196,0.07257,0.25646,0.11065,0.20378,0.16426,0.14785,0.20741,0.11246,0.26567,0.07453,0.33586,0.04053,0.43289,0.01244,0.55379,0.01304],"triangles":[11,8,10,13,11,12,7,8,13,10,8,9,11,13,8,14,5,6,7,14,6,13,14,7,15,16,14,5,14,18,16,17,14,5,3,4,17,18,14,2,19,1,3,18,2,5,18,3,2,18,19,19,20,1,1,20,22,20,21,22,22,23,1,45,46,47,44,45,47,0,44,47,1,44,0,26,27,28,44,1,28,26,28,1,26,1,25,24,25,1,23,24,1,37,35,36,39,34,35,39,37,38,37,39,35,40,33,34,39,40,34,31,32,33,31,40,41,31,33,40,30,41,42,31,41,30,43,30,42,29,30,43,43,44,28,29,43,28],"vertices":[3,51,98.67,76.58,0.05301,52,47.2,76.58,0.48641,53,-4.27,76.58,0.46059,3,51,106.87,75.7,0.03239,52,55.4,75.7,0.42658,53,3.93,75.7,0.54102,3,51,120.4,73.2,0.01128,52,68.93,73.2,0.31671,53,17.46,73.2,0.67201,3,51,132.09,69.14,0.0028,52,80.62,69.14,0.222,53,29.15,69.14,0.7752,3,51,138.86,65.95,0.00075,52,87.39,65.95,0.17157,53,35.92,65.95,0.82768,3,51,144.08,62.78,0.00011,52,92.62,62.78,0.13455,53,41.15,62.78,0.86533,2,52,107.31,51.72,0.04741,53,55.84,51.72,0.95259,2,52,117.89,41.1,0.01212,53,66.42,41.1,0.98788,2,52,117.97,41.02,0.01198,53,66.5,41.02,0.98802,2,52,119.72,38.87,0.00878,53,68.25,38.87,0.99122,2,52,122.98,32.43,0.00317,53,71.51,32.43,0.99683,2,52,125.55,22.78,0.00015,53,74.08,22.78,0.99985,1,53,75.07,16.2,1,1,53,74.91,10.02,1,1,53,73.72,-0.06,1,2,52,121.95,-17.68,0.00057,53,70.48,-17.68,0.99943,2,52,120.01,-22.54,0.00246,53,68.54,-22.54,0.99754,2,52,117.55,-27.67,0.00679,53,66.08,-27.67,0.99321,2,52,103.95,-45.74,0.06654,53,52.48,-45.74,0.93346,2,52,93.18,-55.4,0.14526,53,41.71,-55.4,0.85474,3,51,136.01,-61.33,0.00001,52,84.54,-61.33,0.22106,53,33.07,-61.33,0.77894,3,51,128.02,-65.57,0.00078,52,76.55,-65.57,0.29492,53,25.08,-65.57,0.7043,3,51,121.92,-67.97,0.00285,52,70.45,-67.97,0.35183,53,18.98,-67.97,0.64532,3,51,113.16,-70.89,0.00917,52,61.69,-70.89,0.43297,53,10.22,-70.89,0.55786,3,51,88.8,-74.51,0.06277,52,37.33,-74.51,0.62116,53,-14.14,-74.51,0.31607,3,51,71.87,-74.16,0.14434,52,20.4,-74.16,0.67257,53,-31.07,-74.16,0.1831,3,51,61.93,-73.17,0.21101,52,10.46,-73.17,0.66389,53,-41.01,-73.17,0.1251,3,51,51.11,-70.5,0.30161,52,-0.36,-70.5,0.62181,53,-51.83,-70.5,0.07658,3,51,45.25,-68.28,0.35934,52,-6.22,-68.28,0.58485,53,-57.69,-68.28,0.05581,3,51,37.11,-64.49,0.45169,52,-14.36,-64.49,0.51553,53,-65.83,-64.49,0.03278,3,51,30.35,-60.53,0.53716,52,-21.12,-60.53,0.44417,53,-72.59,-60.53,0.01867,3,51,14.83,-48.85,0.75307,52,-36.64,-48.85,0.24515,53,-88.11,-48.85,0.00179,3,51,7.86,-41.41,0.84205,52,-43.61,-41.41,0.15787,53,-95.08,-41.41,0.00008,2,51,4.97,-37.4,0.87686,52,-46.5,-37.4,0.12314,2,51,-1.94,-23.57,0.96073,52,-53.41,-23.57,0.03927,2,51,-2.95,-18.79,0.97575,52,-54.42,-18.79,0.02425,2,51,-5.61,0.05,0.99994,52,-57.08,0.05,0.00006,1,51,-5.01,3.78,1,2,51,-4.4,9.5,0.9998,52,-55.87,9.5,0.0002,2,51,-1.9,16.97,0.99551,52,-53.37,16.97,0.00449,2,51,3.16,27.45,0.96869,52,-48.31,27.45,0.03131,3,51,9.05,36.42,0.91461,52,-42.42,36.42,0.08521,53,-93.89,36.42,0.00018,3,51,17.73,46.28,0.80489,52,-33.74,46.28,0.19104,53,-85.21,46.28,0.00407,3,51,24.92,52.77,0.70194,52,-26.55,52.77,0.28548,53,-78.02,52.77,0.01258,3,51,34.84,60.03,0.55785,52,-16.63,60.03,0.40769,53,-68.1,60.03,0.03445,3,51,47.04,67,0.39945,52,-4.43,67,0.52178,53,-55.9,67,0.07877,3,51,64.31,73.78,0.23145,52,12.84,73.78,0.59566,53,-38.63,73.78,0.17289,3,51,86.59,76.83,0.09619,52,35.12,76.83,0.55594,53,-16.35,76.83,0.34787]}},"toufa1111111":{"toufa1111111":{"type":"mesh","hull":53,"uvs":[0.63195,0.00177,0.65012,0.00549,0.73978,0.01587,0.8201,0.03871,0.86468,0.05564,0.92828,0.09179,0.96871,0.12652,1,0.17953,1,0.28458,0.938,0.4796,0.94296,0.49518,0.92898,0.50402,0.92247,0.59934,0.92569,0.62005,0.97454,0.75159,0.97401,0.81265,0.92566,0.8764,0.86081,0.92614,0.75556,0.98586,0.74037,0.98504,0.73403,0.97344,0.76032,0.92561,0.75821,0.91355,0.71033,0.9409,0.55495,0.98514,0.49104,0.99711,0.42466,0.99716,0.28812,0.95824,0.19732,0.91271,0.22876,0.95356,0.22875,0.95874,0.20251,0.95891,0.18167,0.95305,0.14633,0.93292,0.1129,0.93743,0.03502,0.89338,0,0.85187,0,0.77553,0.03342,0.71869,0.08531,0.64478,0.12388,0.58171,0.14272,0.52824,0.15554,0.46808,0.16127,0.41146,0.16301,0.36771,0.15269,0.32279,0.13334,0.26831,0.12658,0.20225,0.15964,0.1462,0.22206,0.09375,0.30861,0.04653,0.40174,0.01495,0.46654,0.00585],"triangles":[25,26,24,24,26,27,21,18,20,24,27,23,18,19,20,30,31,29,29,31,32,23,27,28,32,28,29,32,33,28,23,28,22,34,35,33,33,35,28,37,28,36,28,35,36,28,13,22,18,21,17,16,17,22,17,21,22,15,16,22,28,38,39,28,39,13,22,13,14,38,28,37,14,15,22,13,39,40,40,12,13,41,12,40,12,41,11,11,41,42,11,42,43,11,43,44,9,11,49,45,49,11,11,9,10,8,9,49,11,44,45,49,45,46,7,8,5,48,49,46,46,47,48,4,5,3,49,1,8,3,5,1,3,1,2,49,50,1,52,1,50,50,51,52,52,0,1,1,5,8,5,6,7],"vertices":[5,58,5.47,-48.79,0.78987,59,-36.24,-48.79,0.17477,60,-77.95,-48.79,0.01192,61,-119.66,-48.79,0.02338,62,-161.37,-48.79,0.00006,5,58,6.06,-45.11,0.81191,59,-35.65,-45.11,0.15859,60,-77.36,-45.11,0.00926,61,-119.07,-45.11,0.02023,62,-160.78,-45.11,0.00001,4,58,6.28,-27.45,0.92808,59,-35.43,-27.45,0.06375,60,-77.14,-27.45,0.00076,61,-118.85,-27.45,0.00741,3,58,11,-10.78,0.99521,59,-30.71,-10.78,0.00351,61,-114.13,-10.78,0.00128,2,58,15.03,-1.25,0.99997,61,-110.1,-1.25,0.00003,2,58,24.78,13.09,0.94664,59,-16.93,13.09,0.05336,3,58,34.89,22.96,0.52818,59,-6.82,22.96,0.47174,60,-48.53,22.96,0.00008,3,58,51.42,32.24,0.09635,59,9.71,32.24,0.87139,60,-32,32.24,0.03226,3,59,44.69,38.89,0.47185,60,2.98,38.89,0.51929,61,-38.73,38.89,0.00886,4,60,70.16,39.47,0.08042,61,28.45,39.47,0.63398,62,-13.26,39.47,0.2822,63,-54.97,39.47,0.0034,4,60,75.18,41.4,0.05,61,33.47,41.4,0.58233,62,-8.25,41.4,0.35977,63,-49.96,41.4,0.0079,5,60,78.62,39.31,0.0348,61,36.91,39.31,0.5311,62,-4.8,39.31,0.42001,63,-46.51,39.31,0.01409,64,-88.22,39.31,0,4,61,68.89,44.11,0.06338,62,27.18,44.11,0.63188,63,-14.53,44.11,0.27578,64,-56.24,44.11,0.02896,4,61,75.67,46.03,0.02749,62,33.96,46.03,0.53452,63,-7.75,46.03,0.38017,64,-49.46,46.03,0.05782,4,62,76.01,63.61,0.06766,63,34.3,63.61,0.43832,64,-7.41,63.61,0.47317,65,-49.12,63.61,0.02085,4,62,96.37,67.37,0.01793,63,54.65,67.37,0.289,64,12.94,67.37,0.6168,65,-28.77,67.37,0.07626,4,62,119.34,62.24,0.00118,63,77.63,62.24,0.13558,64,35.92,62.24,0.65005,65,-5.79,62.24,0.21319,3,63,96.53,53.09,0.04209,64,54.82,53.09,0.56321,65,13.11,53.09,0.3947,3,63,120.21,36.91,0.00005,64,78.5,36.91,0.48784,65,36.79,36.91,0.51212,2,64,78.77,33.98,0.48777,65,37.06,33.98,0.51223,3,63,116.85,32.05,0.00037,64,75.14,32.05,0.48807,65,33.43,32.05,0.51156,3,63,99.97,34,0.01414,64,58.26,34,0.47613,65,16.55,34,0.50974,3,63,96.03,32.84,0.01643,64,54.32,32.84,0.43759,65,12.61,32.84,0.54598,3,63,106.87,25.49,0.00142,64,65.16,25.49,0.13603,65,23.45,25.49,0.86255,2,64,85.49,-1.17,0.00009,65,43.78,-1.17,0.99991,2,64,91.78,-12.53,0.00926,65,50.07,-12.53,0.99074,3,63,135.89,-25.11,0.00009,64,94.18,-25.11,0.03894,65,52.47,-25.11,0.96097,4,62,169.56,-53.47,0.00171,63,127.85,-53.47,0.01278,64,86.14,-53.47,0.199,65,44.43,-53.47,0.78651,5,61,199.38,-73.56,0.00007,62,157.67,-73.56,0.00992,63,115.96,-73.56,0.0457,64,74.25,-73.56,0.35959,65,32.54,-73.56,0.58472,4,62,170.14,-65.02,0.00807,63,128.43,-65.02,0.04445,64,86.72,-65.02,0.37091,65,45.01,-65.02,0.57658,4,62,171.87,-64.69,0.00805,63,130.16,-64.69,0.04441,64,88.45,-64.69,0.37088,65,46.73,-64.69,0.57666,4,62,172.87,-69.66,0.00819,63,131.16,-69.66,0.04468,64,89.45,-69.66,0.37111,65,47.74,-69.66,0.57602,4,62,171.67,-73.98,0.00856,63,129.96,-73.98,0.04541,64,88.25,-73.98,0.37184,65,46.53,-73.98,0.57419,4,62,166.24,-81.95,0.01107,63,124.53,-81.95,0.0511,64,82.81,-81.95,0.38131,65,41.1,-81.95,0.55651,5,61,210.65,-88,0,62,168.94,-88,0.01263,63,127.23,-88,0.05508,64,85.52,-88,0.38979,65,43.81,-88,0.54249,5,61,198.79,-105.56,0.00079,62,157.08,-105.56,0.02066,63,115.37,-105.56,0.07248,64,73.66,-105.56,0.41542,65,31.95,-105.56,0.49064,5,61,186.22,-114.83,0.00251,62,144.51,-114.83,0.02969,63,102.8,-114.83,0.08928,64,61.09,-114.83,0.43075,65,19.38,-114.83,0.44777,5,61,160.8,-119.66,0.01015,62,119.09,-119.66,0.05654,63,77.38,-119.66,0.13079,64,35.67,-119.66,0.44542,65,-6.04,-119.66,0.3571,7,59,224.09,-116.92,0.00005,60,182.38,-116.92,0.00002,61,140.67,-116.92,0.02389,62,98.96,-116.92,0.09303,63,57.24,-116.92,0.17462,64,15.53,-116.92,0.43574,65,-26.18,-116.92,0.27266,8,58,239.31,-111.75,0.00004,59,197.6,-111.75,0.00175,60,155.89,-111.75,0.00186,61,114.18,-111.75,0.0653,62,72.47,-111.75,0.17524,63,30.76,-111.75,0.23549,64,-10.95,-111.75,0.3685,65,-52.66,-111.75,0.15182,8,58,216.92,-108.43,0.00125,59,175.21,-108.43,0.00837,60,133.5,-108.43,0.01034,61,91.79,-108.43,0.13297,62,50.08,-108.43,0.26235,63,8.37,-108.43,0.24697,64,-33.35,-108.43,0.26511,65,-75.06,-108.43,0.07264,8,58,198.43,-108.24,0.00542,59,156.72,-108.24,0.02151,60,115.01,-108.24,0.0277,61,73.3,-108.24,0.21117,62,31.59,-108.24,0.31245,63,-10.12,-108.24,0.21221,64,-51.83,-108.24,0.17686,65,-93.54,-108.24,0.03266,8,58,177.94,-109.62,0.01672,59,136.23,-109.62,0.04842,60,94.52,-109.62,0.06141,61,52.8,-109.62,0.29894,62,11.09,-109.62,0.31348,63,-30.62,-109.62,0.14961,64,-72.33,-109.62,0.10101,65,-114.04,-109.62,0.0104,8,58,158.87,-112.11,0.03787,59,117.16,-112.11,0.08934,60,75.45,-112.11,0.10481,61,33.74,-112.11,0.35281,62,-7.97,-112.11,0.26513,63,-49.68,-112.11,0.09331,64,-91.39,-112.11,0.05438,65,-133.1,-112.11,0.00235,8,58,144.24,-114.55,0.06486,59,102.53,-114.55,0.1329,60,60.82,-114.55,0.13958,61,19.11,-114.55,0.36218,62,-22.6,-114.55,0.21083,63,-64.31,-114.55,0.05863,64,-106.03,-114.55,0.03065,65,-147.74,-114.55,0.00037,8,58,129.65,-119.35,0.10247,59,87.94,-119.35,0.18343,60,46.23,-119.35,0.16618,61,4.52,-119.35,0.34378,62,-37.19,-119.35,0.15581,63,-78.9,-119.35,0.03317,64,-120.61,-119.35,0.01516,65,-162.32,-119.35,0,7,58,112.2,-126.47,0.15379,59,70.49,-126.47,0.23707,60,28.78,-126.47,0.17744,61,-12.93,-126.47,0.30334,62,-54.64,-126.47,0.1067,63,-96.35,-126.47,0.01585,64,-138.06,-126.47,0.0058,7,58,90.45,-131.93,0.21399,59,48.74,-131.93,0.28188,60,7.03,-131.93,0.17173,61,-34.68,-131.93,0.25484,62,-76.4,-131.93,0.07004,63,-118.11,-131.93,0.00614,64,-159.82,-131.93,0.0014,7,58,70.59,-129.2,0.27028,59,28.88,-129.2,0.30887,60,-12.83,-129.2,0.1571,61,-54.54,-129.2,0.2134,62,-96.26,-129.2,0.04797,63,-137.97,-129.2,0.0022,64,-179.68,-129.2,0.00018,6,58,50.87,-120.69,0.344,59,9.16,-120.69,0.32713,60,-32.55,-120.69,0.13246,61,-74.26,-120.69,0.16687,62,-115.97,-120.69,0.0292,63,-157.68,-120.69,0.00034,5,58,32.03,-107.27,0.4404,59,-9.68,-107.27,0.32809,60,-51.39,-107.27,0.09835,61,-93.1,-107.27,0.11865,62,-134.81,-107.27,0.01451,5,58,18.15,-91.61,0.5355,59,-23.56,-91.61,0.30853,60,-65.27,-91.61,0.06729,61,-106.98,-91.61,0.08229,62,-148.69,-91.61,0.0064,5,58,12.79,-79.89,0.5954,59,-28.92,-79.89,0.28702,60,-70.63,-79.89,0.05026,61,-112.34,-79.89,0.06386,62,-154.05,-79.89,0.00345]}},"toukui11111111":{"toukui11111111":{"x":91.45,"y":20.55,"rotation":-80.59,"width":222,"height":245}}}}],"events":{"dazhao":{},"gongji":{}},"animations":{"daiji":{"slots":{"eye":{"attachment":[{"time":0.6667,"name":"eye1"},{"time":0.7667,"name":"eye"}]}},"bones":{"bone5":{"rotate":[{"curve":0.25,"c3":0.75},{"time":0.6667,"angle":-0.37,"curve":0.25,"c3":0.75},{"time":1.5}],"translate":[{"curve":0.25,"c3":0.75},{"time":0.6667,"x":1,"y":-4,"curve":0.25,"c3":0.75},{"time":1.5}]},"bone5b":{"rotate":[{"curve":0.25,"c3":0.75},{"time":0.6667,"angle":-1.14,"curve":0.25,"c3":0.75},{"time":1.5}]},"bone5c":{"rotate":[{"curve":0.25,"c3":0.75},{"time":0.6667,"angle":-1.14,"curve":0.25,"c3":0.75},{"time":1.5}]},"bone5c3":{"rotate":[{"angle":0.16,"curve":0.323,"c2":0.29,"c3":0.657,"c4":0.63},{"time":0.2333,"curve":0.25,"c3":0.75},{"time":0.9,"angle":0.4,"curve":0.284,"c3":0.625,"c4":0.39},{"time":1.5,"angle":0.16}],"translate":[{"x":-0.46,"y":-0.01,"curve":0.381,"c2":0.59,"c3":0.728},{"time":0.2333,"curve":0.25,"c3":0.75},{"time":0.9,"x":-2.13,"y":-0.06,"curve":0.243,"c3":0.66,"c4":0.64},{"time":1.5,"x":-0.46,"y":-0.01}]},"bone5c4":{"rotate":[{"curve":0.25,"c3":0.75},{"time":0.6667,"angle":-1.89,"curve":0.25,"c3":0.75},{"time":1.5}]},"bone5c5":{"rotate":[{"curve":0.25,"c3":0.75},{"time":0.6667,"angle":6.13,"curve":0.25,"c3":0.75},{"time":1.5}]},"bone5c6":{"rotate":[{"curve":0.25,"c3":0.75},{"time":0.6667,"angle":-4.81,"curve":0.25,"c3":0.75},{"time":1.5}]},"bone5c8":{"rotate":[{"curve":0.25,"c3":0.75},{"time":0.6667,"angle":3.68,"curve":0.25,"c3":0.75},{"time":1.5}],"translate":[{"curve":0.25,"c3":0.75},{"time":0.6667,"x":-10.37,"y":-1.61,"curve":0.25,"c3":0.75},{"time":1.5}]},"bone5c9":{"rotate":[{"time":0.5333,"curve":0.247,"c3":0.729,"c4":0.91},{"time":0.6333,"angle":2.55,"curve":"stepped"},{"time":0.7667,"angle":2.55,"curve":0.348,"c2":0.66,"c3":0.682},{"time":0.9}],"scale":[{"time":0.5333,"curve":0.247,"c3":0.729,"c4":0.91},{"time":0.6333,"x":0.563,"curve":"stepped"},{"time":0.7667,"x":0.563,"curve":0.348,"c2":0.66,"c3":0.682},{"time":0.9}],"shear":[{"time":0.5333,"curve":0.247,"c3":0.729,"c4":0.91},{"time":0.6333,"x":-9.06,"curve":"stepped"},{"time":0.7667,"x":-9.06,"curve":0.348,"c2":0.66,"c3":0.682},{"time":0.9}]},"bone5c10":{"translate":[{"time":0.5333,"curve":0.367,"c2":0.5,"c3":0.708,"c4":0.87},{"time":0.6333,"x":-5.01,"y":-1.03,"curve":0.34,"c2":0.44,"c3":0.674,"c4":0.77},{"time":0.6667,"x":-5.84,"y":-1.2,"curve":"stepped"},{"time":0.7667,"x":-5.01,"y":-1.03,"curve":0.348,"c2":0.66,"c3":0.682},{"time":0.9}]},"bone5c13":{"rotate":[{"angle":-0.28,"curve":0.364,"c2":0.64,"c3":0.7},{"time":0.1,"curve":0.25,"c3":0.75},{"time":0.7667,"angle":-4.84,"curve":0.244,"c3":0.704,"c4":0.81},{"time":1.5,"angle":-0.28}]},"bone5c14":{"rotate":[{"angle":-0.79,"curve":0.379,"c2":0.6,"c3":0.723},{"time":0.2,"curve":0.25,"c3":0.75},{"time":0.8667,"angle":-4.54,"curve":0.242,"c3":0.669,"c4":0.68},{"time":1.5,"angle":-0.79}]},"bone5c14b":{"rotate":[{"angle":-0.7,"curve":0.382,"c2":0.56,"c3":0.738},{"time":0.3,"curve":0.25,"c3":0.75},{"time":0.9667,"angle":-2.21,"curve":0.244,"c3":0.644,"c4":0.58},{"time":1.5,"angle":-0.7}]},"bone5c14c":{"rotate":[{"angle":-0.93,"curve":0.38,"c2":0.53,"c3":0.746},{"time":0.3667,"curve":0.25,"c3":0.75},{"time":1.0333,"angle":-2.21,"curve":0.247,"c3":0.632,"c4":0.53},{"time":1.5,"angle":-0.93}]},"bone5c14d":{"rotate":[{"angle":-1.28,"curve":0.368,"c2":0.47,"c3":0.753},{"time":0.4667,"curve":0.25,"c3":0.75},{"time":1.1333,"angle":-2.21,"curve":0.254,"c3":0.62,"c4":0.47},{"time":1.5,"angle":-1.28}]},"bone5c15":{"rotate":[{"curve":0.25,"c3":0.75},{"time":0.6667,"angle":-5.48,"curve":0.25,"c3":0.75},{"time":1.5}]},"bone5c16":{"rotate":[{"angle":-0.07,"curve":0.345,"c2":0.66,"c3":0.679},{"time":0.0333,"curve":0.25,"c3":0.75},{"time":0.7,"angle":-5.48,"curve":0.248,"c3":0.733,"c4":0.93},{"time":1.5,"angle":-0.07}]},"bone5c17":{"rotate":[{"angle":-0.71,"curve":0.375,"c2":0.62,"c3":0.716},{"time":0.1667,"curve":0.25,"c3":0.75},{"time":0.8333,"angle":-5.48,"curve":0.243,"c3":0.68,"c4":0.71},{"time":1.5,"angle":-0.71}]},"bone5c18":{"rotate":[{"angle":-1.74,"curve":0.382,"c2":0.56,"c3":0.738},{"time":0.3,"curve":0.25,"c3":0.75},{"time":0.9667,"angle":-5.48,"curve":0.244,"c3":0.644,"c4":0.58},{"time":1.5,"angle":-1.74}]},"bone6":{"rotate":[{"curve":0.25,"c3":0.75},{"time":0.6667,"angle":12.73,"curve":0.25,"c3":0.75},{"time":1.5}]},"bone7":{"rotate":[{"curve":0.25,"c3":0.75},{"time":0.6667,"angle":4.66,"curve":0.25,"c3":0.75},{"time":1.5}]},"bone8":{"rotate":[{"angle":0.42,"curve":0.37,"c2":0.63,"c3":0.708},{"time":0.1333,"curve":0.25,"c3":0.75},{"time":0.8,"angle":4.66,"curve":0.243,"c3":0.691,"c4":0.76},{"time":1.5,"angle":0.42}]},"bone9":{"rotate":[{"angle":1.48,"curve":0.382,"c2":0.56,"c3":0.738},{"time":0.3,"curve":0.25,"c3":0.75},{"time":0.9667,"angle":4.66,"curve":0.244,"c3":0.644,"c4":0.58},{"time":1.5,"angle":1.48}]},"bone10":{"rotate":[{"angle":2.94,"curve":0.363,"c2":0.44,"c3":0.755},{"time":0.5,"curve":0.25,"c3":0.75},{"time":1.1667,"angle":4.66,"curve":0.258,"c3":0.619,"c4":0.45},{"time":1.5,"angle":2.94}]},"bone11":{"rotate":[{"curve":0.25,"c3":0.75},{"time":0.6667,"angle":4.04,"curve":0.25,"c3":0.75},{"time":1.5}]},"bone12":{"rotate":[{"angle":0.24,"curve":0.364,"c2":0.64,"c3":0.7},{"time":0.1,"curve":0.25,"c3":0.75},{"time":0.7667,"angle":4.04,"curve":0.244,"c3":0.704,"c4":0.81},{"time":1.5,"angle":0.24}]},"bone13":{"rotate":[{"angle":0.88,"curve":0.381,"c2":0.59,"c3":0.728},{"time":0.2333,"curve":0.25,"c3":0.75},{"time":0.9,"angle":4.04,"curve":0.243,"c3":0.66,"c4":0.64},{"time":1.5,"angle":0.88}]},"bone14":{"rotate":[{"angle":1.91,"curve":0.377,"c2":0.51,"c3":0.749},{"time":0.4,"curve":0.25,"c3":0.75},{"time":1.0667,"angle":4.04,"curve":0.249,"c3":0.627,"c4":0.51},{"time":1.5,"angle":1.91}]},"bone15":{"rotate":[{"angle":-0.42,"curve":0.37,"c2":0.63,"c3":0.708},{"time":0.1333,"curve":0.25,"c3":0.75},{"time":0.8,"angle":-4.63,"curve":0.243,"c3":0.691,"c4":0.76},{"time":1.5,"angle":-0.42}],"translate":[{"x":0.44,"y":0.19,"curve":0.37,"c2":0.63,"c3":0.708},{"time":0.1333,"curve":0.25,"c3":0.75},{"time":0.8,"x":4.86,"y":2.06,"curve":0.243,"c3":0.691,"c4":0.76},{"time":1.5,"x":0.44,"y":0.19}]},"bone15b":{"rotate":[{"angle":-1.03,"curve":0.381,"c2":0.59,"c3":0.728},{"time":0.2333,"curve":0.25,"c3":0.75},{"time":0.9,"angle":-4.76,"curve":0.243,"c3":0.66,"c4":0.64},{"time":1.5,"angle":-1.03}]},"bone15c":{"rotate":[{"angle":-1.75,"curve":0.381,"c2":0.55,"c3":0.742},{"time":0.3333,"curve":0.25,"c3":0.75},{"time":1,"angle":-4.76,"curve":0.245,"c3":0.637,"c4":0.56},{"time":1.5,"angle":-1.75}]},"bone16":{"rotate":[{"curve":0.25,"c3":0.75},{"time":0.6667,"angle":-2.58,"curve":0.25,"c3":0.75},{"time":1.5}],"translate":[{"curve":0.25,"c3":0.75},{"time":0.6667,"x":2.84,"y":-0.98,"curve":0.25,"c3":0.75},{"time":1.5}]},"bone16b":{"rotate":[{"angle":-0.26,"curve":0.364,"c2":0.64,"c3":0.7},{"time":0.1,"curve":0.25,"c3":0.75},{"time":0.7667,"angle":-4.42,"curve":0.244,"c3":0.704,"c4":0.81},{"time":1.5,"angle":-0.26}]},"bone16c":{"rotate":[{"angle":-0.77,"curve":0.379,"c2":0.6,"c3":0.723},{"time":0.2,"curve":0.25,"c3":0.75},{"time":0.8667,"angle":-4.42,"curve":0.242,"c3":0.669,"c4":0.68},{"time":1.5,"angle":-0.77}]},"bone17":{"rotate":[{"curve":0.25,"c3":0.75},{"time":0.6667,"angle":4.84,"curve":0.25,"c3":0.75},{"time":1.5}],"translate":[{"curve":0.25,"c3":0.75},{"time":0.6667,"x":0.65,"y":1.96,"curve":0.25,"c3":0.75},{"time":1.5}]},"bone17b":{"rotate":[{"angle":0.44,"curve":0.37,"c2":0.63,"c3":0.708},{"time":0.1333,"curve":0.25,"c3":0.75},{"time":0.8,"angle":4.83,"curve":0.243,"c3":0.691,"c4":0.76},{"time":1.5,"angle":0.44}]},"bone17c":{"rotate":[{"angle":0.78,"curve":0.382,"c2":0.56,"c3":0.738},{"time":0.3,"curve":0.25,"c3":0.75},{"time":0.9667,"angle":2.45,"curve":0.244,"c3":0.644,"c4":0.58},{"time":1.5,"angle":0.78}]},"bone18":{"rotate":[{"angle":0.66}],"translate":[{"curve":0.25,"c3":0.75},{"time":0.6667,"x":1.65,"y":1.65,"curve":0.25,"c3":0.75},{"time":1.5}]},"bone19":{"rotate":[{"angle":-0.25}]},"bone21":{"rotate":[{"angle":-1.77}],"translate":[{"curve":0.25,"c3":0.75},{"time":0.6667,"x":1.65,"y":1.65,"curve":0.25,"c3":0.75},{"time":1.5}]},"bone22":{"rotate":[{"angle":3.23}]},"bone23":{"rotate":[{"curve":0.25,"c3":0.75},{"time":0.6667,"angle":0.15,"curve":0.25,"c3":0.75},{"time":1.5}],"translate":[{"curve":0.25,"c3":0.75},{"time":0.6667,"x":-5.18,"y":-0.94,"curve":0.25,"c3":0.75},{"time":1.5}]},"bone24":{"rotate":[{"curve":0.25,"c3":0.75},{"time":0.6667,"angle":1.01,"curve":0.25,"c3":0.75},{"time":1.5}]},"bone24b":{"rotate":[{"angle":0.06,"curve":0.364,"c2":0.64,"c3":0.7},{"time":0.1,"curve":0.25,"c3":0.75},{"time":0.7667,"angle":1.01,"curve":0.244,"c3":0.704,"c4":0.81},{"time":1.5,"angle":0.06}],"scale":[{"y":0.998,"curve":0.364,"c2":0.64,"c3":0.7},{"time":0.1,"curve":0.25,"c3":0.75},{"time":0.7667,"y":0.959,"curve":0.244,"c3":0.704,"c4":0.81},{"time":1.5,"y":0.998}]},"bone24c":{"rotate":[{"angle":0.01,"curve":0.381,"c2":0.59,"c3":0.728},{"time":0.2333,"curve":0.25,"c3":0.75},{"time":0.9,"angle":0.04,"curve":0.243,"c3":0.66,"c4":0.64},{"time":1.5,"angle":0.01}],"scale":[{"x":1.003,"y":1.028,"curve":0.381,"c2":0.59,"c3":0.728},{"time":0.2333,"curve":0.25,"c3":0.75},{"time":0.9,"x":1.016,"y":1.13,"curve":0.243,"c3":0.66,"c4":0.64},{"time":1.5,"x":1.003,"y":1.028}]},"bone24c2":{"scale":[{"x":0.999,"y":1.009,"curve":0.381,"c2":0.55,"c3":0.742},{"time":0.3333,"curve":0.25,"c3":0.75},{"time":1,"x":0.997,"y":1.024,"curve":0.245,"c3":0.637,"c4":0.56},{"time":1.5,"x":0.999,"y":1.009}]},"bone3":{"rotate":[{"curve":0,"c2":0.19,"c3":0.44,"c4":0.6},{"time":0.7333,"angle":-1.72,"curve":0.329,"c2":0.43,"c3":0.73,"c4":0.85},{"time":1.5}]},"bone3h":{"rotate":[{"angle":-1.17,"curve":0.356,"c2":0.45,"c3":0.728,"c4":0.84},{"time":0.5667,"curve":0,"c2":0.19,"c3":0.662,"c4":0.85},{"time":1.3,"angle":-1.72,"curve":0.319,"c2":0.34,"c3":0.657,"c4":0.68},{"time":1.5,"angle":-1.17}]},"bone3g":{"rotate":[{"angle":-0.84,"curve":0.365,"c2":0.45,"c3":0.721,"c4":0.82},{"time":0.4333,"curve":0,"c2":0.19,"c3":0.662,"c4":0.85},{"time":1.1667,"angle":-1.72,"curve":0.315,"c2":0.35,"c3":0.661,"c4":0.7},{"time":1.5,"angle":-0.84}]},"bone3f":{"rotate":[{"angle":-0.46,"curve":0.365,"c2":0.44,"c3":0.708,"c4":0.79},{"time":0.2667,"curve":0,"c2":0.19,"c3":0.662,"c4":0.85},{"time":1,"angle":-1.72,"curve":0.315,"c2":0.37,"c3":0.677,"c4":0.74},{"time":1.5,"angle":-0.46}]},"bone3e":{"rotate":[{"angle":-0.2,"curve":0.355,"c2":0.41,"c3":0.691,"c4":0.74},{"time":0.1333,"curve":0,"c2":0.19,"c3":0.662,"c4":0.85},{"time":0.8667,"angle":-1.72,"curve":0.32,"c2":0.39,"c3":0.699,"c4":0.78},{"time":1.5,"angle":-0.2}]},"bone3d":{"rotate":[{"curve":0,"c2":0.19,"c3":0.44,"c4":0.6},{"time":0.7333,"angle":-1.72,"curve":0.329,"c2":0.43,"c3":0.73,"c4":0.85},{"time":1.5}]},"bone3c":{"rotate":[{"curve":0,"c2":0.19,"c3":0.44,"c4":0.6},{"time":0.7333,"angle":-1.72,"curve":0.329,"c2":0.43,"c3":0.73,"c4":0.85},{"time":1.5}]},"bone3b":{"rotate":[{"curve":0,"c2":0.19,"c3":0.44,"c4":0.6},{"time":0.7333,"angle":-1.72,"curve":0.329,"c2":0.43,"c3":0.73,"c4":0.85},{"time":1.5}]}}},"dazhao":{"slots":{"mouth":{"attachment":[{"name":"mouth1"}]},"mouth2":{"attachment":[{"time":0.0333,"name":"mouth3"},{"time":0.0667,"name":"mouth2"}]}},"bones":{"bone4":{"translate":[{"x":17.23,"curve":0.25,"c3":0.75},{"time":0.0667,"x":15.56,"curve":0.25,"c3":0.75},{"time":0.1,"x":17.23}]},"bone5":{"rotate":[{"angle":-1.25,"curve":0.25,"c3":0.75},{"time":0.0667,"angle":-1.13,"curve":0.25,"c3":0.75},{"time":0.1,"angle":-1.25}],"translate":[{"curve":0.25,"c3":0.75},{"time":0.0667,"x":-2.03,"y":-3.52,"curve":0.25,"c3":0.75},{"time":0.1}]},"bone5b":{"rotate":[{"angle":-1.25,"curve":0.25,"c3":0.75},{"time":0.0667,"angle":-1.13,"curve":0.25,"c3":0.75},{"time":0.1,"angle":-1.25}]},"bone5c":{"rotate":[{"angle":-1.25,"curve":0.25,"c3":0.75},{"time":0.0667,"angle":-1.13,"curve":0.25,"c3":0.75},{"time":0.1,"angle":-1.25}]},"bone5c2":{"rotate":[{"angle":4.44,"curve":0.25,"c3":0.75},{"time":0.0667,"angle":4.01,"curve":0.25,"c3":0.75},{"time":0.1,"angle":4.44}]},"bone5c3":{"rotate":[{"angle":4.41,"curve":0.25,"c3":0.75},{"time":0.0667,"angle":3.32,"curve":0.25,"c3":0.75},{"time":0.1,"angle":4.41}]},"bone5c4":{"rotate":[{"angle":35.85,"curve":0.25,"c3":0.75},{"time":0.0667,"angle":32.39,"curve":0.25,"c3":0.625,"c4":0.5},{"time":0.1,"angle":35.85}],"translate":[{"x":-7.61,"y":4.3,"curve":0.25,"c3":0.75},{"time":0.0667,"x":-6.83,"y":4.36,"curve":0.25,"c3":0.625,"c4":0.5},{"time":0.1,"x":-7.61,"y":4.3}]},"bone5c5":{"rotate":[{"angle":-14.15,"curve":0.25,"c3":0.75},{"time":0.0667,"angle":-17.73,"curve":0.261,"c3":0.618,"c4":0.44},{"time":0.1,"angle":-14.15}],"translate":[{"x":4.46,"y":-1.12,"curve":0.25,"c3":0.75},{"time":0.0667,"x":4.03,"y":-1.01,"curve":0.25,"c3":0.625,"c4":0.5},{"time":0.1,"x":4.46,"y":-1.12}]},"bone5c6":{"rotate":[{"angle":-21,"curve":0.25,"c3":0.75},{"time":0.0667,"angle":-16.31,"curve":0.25,"c3":0.75},{"time":0.1,"angle":-21}]},"bone5c7":{"rotate":[{"angle":14.96,"curve":0.25,"c3":0.75},{"time":0.0667,"angle":13.52,"curve":0.25,"c3":0.75},{"time":0.1,"angle":14.96}],"translate":[{"x":3.87,"y":1.29,"curve":0.25,"c3":0.75},{"time":0.0667,"x":3.5,"y":1.17,"curve":0.25,"c3":0.75},{"time":0.1,"x":3.87,"y":1.29}]},"bone5c8":{"translate":[{"curve":0.25,"c3":0.75},{"time":0.0667,"x":-14.2,"y":-9.49,"curve":0.25,"c3":0.75},{"time":0.1}]},"bone5c12":{"rotate":[{"angle":4.36,"curve":0.25,"c3":0.75},{"time":0.0667,"curve":0.25,"c3":0.75},{"time":0.1,"angle":4.36}]},"bone5c13":{"rotate":[{"angle":6.38,"curve":0.25,"c3":0.75},{"time":0.0667,"angle":-0.28,"curve":0.25,"c3":0.75},{"time":0.1,"angle":6.38}]},"bone5c14":{"rotate":[{"angle":3.82,"curve":0.25,"c3":0.75},{"time":0.0667,"angle":3.84,"curve":0.25,"c3":0.75},{"time":0.1,"angle":3.82}]},"bone5c14b":{"rotate":[{"angle":4.94,"curve":0.375,"c2":0.5,"c3":0.75},{"time":0.0333,"angle":5.96,"curve":0.25,"c3":0.75},{"time":0.1,"angle":4.94}]},"bone5c14c":{"rotate":[{"angle":5.73,"curve":0.25,"c3":0.75},{"time":0.0667,"angle":3.69,"curve":0.243,"c3":0.689,"c4":0.75},{"time":0.1,"angle":5.54}]},"bone5c14d":{"rotate":[{"angle":5.38,"curve":0.25,"c3":0.75},{"time":0.0667,"angle":3.34,"curve":0.25,"c3":0.75},{"time":0.1,"angle":5.38}]},"bone5c15":{"rotate":[{"angle":-6.27,"curve":0.25,"c3":0.75},{"time":0.0667,"curve":0.25,"c3":0.75},{"time":0.1,"angle":-6.27}]},"bone5c16":{"rotate":[{"angle":-4.57,"curve":0.382,"c2":0.57,"c3":0.735},{"time":0.0333,"angle":-6.35,"curve":0.25,"c3":0.75},{"time":0.0667,"angle":-0.07,"curve":0.243,"c3":0.649,"c4":0.6},{"time":0.1,"angle":-4.57}]},"bone5c17":{"rotate":[{"angle":-2.49,"curve":0.351,"c2":0.4,"c3":0.757},{"time":0.0333,"angle":-6.99,"curve":0.25,"c3":0.75},{"time":0.1,"angle":-2.49}]},"bone5c18":{"rotate":[{"angle":-1.74,"curve":0.25,"c3":0.75},{"time":0.0667,"angle":-8.01,"curve":0.25,"c3":0.75},{"time":0.1,"angle":-1.74}]},"bone6":{"rotate":[{"angle":-8.04,"curve":0.25,"c3":0.75},{"time":0.0667,"curve":0.25,"c3":0.75},{"time":0.1,"angle":-8.04}]},"bone7":{"rotate":[{"angle":-8.04,"curve":0.25,"c3":0.75},{"time":0.0667,"curve":0.25,"c3":0.75},{"time":0.1,"angle":-8.04}]},"bone8":{"rotate":[{"angle":-7.62,"curve":0.25,"c3":0.75},{"time":0.0667,"angle":0.42,"curve":0.243,"c3":0.689,"c4":0.75},{"time":0.1,"angle":-6.84}]},"bone9":{"rotate":[{"angle":2.27,"curve":0.351,"c2":0.4,"c3":0.757},{"time":0.0333,"angle":4.28,"curve":0.25,"c3":0.75},{"time":0.1,"angle":2.27}]},"bone10":{"rotate":[{"angle":2.94}]},"bone11":{"rotate":[{"angle":-8.04,"curve":0.25,"c3":0.75},{"time":0.0667,"curve":0.25,"c3":0.75},{"time":0.1,"angle":-8.04}]},"bone12":{"rotate":[{"angle":-5.52,"curve":0.382,"c2":0.57,"c3":0.735},{"time":0.0333,"angle":-7.8,"curve":0.25,"c3":0.75},{"time":0.0667,"angle":0.24,"curve":0.243,"c3":0.649,"c4":0.6},{"time":0.1,"angle":-5.52}]},"bone13":{"rotate":[{"angle":0.1,"curve":0.311,"c2":0.25,"c3":0.757},{"time":0.0667,"angle":-7.16,"curve":0.25,"c3":0.75},{"time":0.1,"angle":0.1}]},"bone14":{"rotate":[{"angle":-5.08,"curve":0.32,"c2":0.29,"c3":0.757},{"time":0.0333,"angle":1.91,"curve":0.25,"c3":0.75},{"time":0.1,"angle":-5.08}]},"bone15":{"rotate":[{"angle":2.11,"curve":0.25,"c3":0.75},{"time":0.0667,"angle":-0.42,"curve":0.25,"c3":0.75},{"time":0.1,"angle":2.11}],"translate":[{"x":7.64,"y":0.19,"curve":0.25,"c3":0.75},{"time":0.0667,"x":5.33,"y":-3.33,"curve":0.25,"c3":0.75},{"time":0.1,"x":7.64,"y":0.19}]},"bone15b":{"rotate":[{"angle":1.5,"curve":0.25,"c3":0.75},{"time":0.0667,"angle":-1.03,"curve":0.25,"c3":0.75},{"time":0.1,"angle":1.5}]},"bone15c":{"rotate":[{"angle":0.78,"curve":0.25,"c3":0.75},{"time":0.0667,"angle":-1.75,"curve":0.25,"c3":0.75},{"time":0.1,"angle":0.78}]},"bone16":{"rotate":[{"angle":6.4,"curve":0.25,"c3":0.75},{"time":0.0667,"curve":0.25,"c3":0.75},{"time":0.1,"angle":6.4}],"translate":[{"x":-3.76,"y":-14.58,"curve":0.25,"c3":0.75},{"time":0.0667,"x":-3.4,"y":-13.17,"curve":0.25,"c3":0.75},{"time":0.1,"x":-3.76,"y":-14.58}]},"bone16b":{"rotate":[{"angle":6.14,"curve":0.25,"c3":0.75},{"time":0.0667,"angle":-0.26,"curve":0.25,"c3":0.75},{"time":0.1,"angle":6.14}]},"bone16c":{"rotate":[{"angle":5.63,"curve":0.25,"c3":0.75},{"time":0.0667,"angle":-0.77,"curve":0.25,"c3":0.75},{"time":0.1,"angle":5.63}]},"bone17":{"rotate":[{"angle":-3.2,"curve":0.25,"c3":0.75},{"time":0.0667,"curve":0.25,"c3":0.75},{"time":0.1,"angle":-3.2}],"translate":[{"x":2.53,"y":-0.78,"curve":0.25,"c3":0.75},{"time":0.0667,"x":0.25,"y":-4.22,"curve":0.25,"c3":0.75},{"time":0.1,"x":2.53,"y":-0.78}]},"bone17b":{"rotate":[{"angle":-0.6,"curve":0.25,"c3":0.75},{"time":0.0667,"angle":0.44,"curve":0.25,"c3":0.75},{"time":0.1,"angle":-0.6}]},"bone17c":{"rotate":[{"angle":-0.26,"curve":0.25,"c3":0.75},{"time":0.0667,"angle":0.78,"curve":0.25,"c3":0.75},{"time":0.1,"angle":-0.26}]},"bone18":{"rotate":[{"angle":0.66,"curve":0.25,"c3":0.75},{"time":0.0667,"angle":-7.41,"curve":0.25,"c3":0.75},{"time":0.1,"angle":0.66}],"translate":[{"y":11.28,"curve":0.25,"c3":0.75},{"time":0.0667,"y":10.19,"curve":0.25,"c3":0.75},{"time":0.1,"y":11.28}]},"bone19":{"rotate":[{"angle":-0.25,"curve":0.25,"c3":0.75},{"time":0.0667,"angle":7.66,"curve":0.25,"c3":0.75},{"time":0.1,"angle":-0.25}]},"bone21":{"rotate":[{"angle":-1.77,"curve":0.25,"c3":0.75},{"time":0.0667,"angle":-12.01,"curve":0.25,"c3":0.75},{"time":0.1,"angle":-1.77}],"translate":[{"y":11.28,"curve":0.25,"c3":0.75},{"time":0.0667,"y":10.19,"curve":0.25,"c3":0.75},{"time":0.1,"y":11.28}]},"bone22":{"rotate":[{"angle":3.23,"curve":0.25,"c3":0.75},{"time":0.0667,"angle":11.72,"curve":0.25,"c3":0.75},{"time":0.1,"angle":3.23}]},"bone23":{"rotate":[{"angle":10.42,"curve":0.25,"c3":0.75},{"time":0.0667,"angle":9.41,"curve":0.25,"c3":0.75},{"time":0.1,"angle":10.42}],"translate":[{"x":42.83,"y":2.71,"curve":0.25,"c3":0.75},{"time":0.0667,"x":38.88,"y":0.73,"curve":0.25,"c3":0.75},{"time":0.1,"x":42.83,"y":2.71}]},"bone24":{"translate":[{"curve":0.25,"c3":0.75},{"time":0.0667,"x":-0.65,"y":-4.16,"curve":0.25,"c3":0.75},{"time":0.1}],"scale":[{"curve":0.25,"c3":0.75},{"time":0.0667,"x":1.061,"y":1.093,"curve":0.25,"c3":0.625,"c4":0.5},{"time":0.1}]},"bone24b":{"scale":[{"curve":0.25,"c3":0.75},{"time":0.0667,"x":0.993,"y":1.195,"curve":0.25,"c3":0.625,"c4":0.5},{"time":0.1}]},"bone24c":{"scale":[{"curve":0.25,"c3":0.75},{"time":0.0667,"x":0.947,"y":0.898,"curve":0.25,"c3":0.625,"c4":0.5},{"time":0.1}]},"bone24c2":{"scale":[{"curve":0.25,"c3":0.75},{"time":0.0667,"x":0.852,"y":0.758,"curve":0.25,"c3":0.625,"c4":0.5},{"time":0.1}]},"bone3e":{"rotate":[{"angle":-0.2,"curve":0.338,"c2":0.35,"c3":0.672,"c4":0.68},{"time":0.0667,"angle":-1.05,"curve":0.338,"c2":0.35,"c3":0.672,"c4":0.68},{"time":0.1,"angle":-0.2}]},"bone3d":{"rotate":[{"curve":0,"c2":0.26,"c3":0.355,"c4":0.6},{"time":0.0667,"angle":-0.84,"curve":0,"c2":0.26,"c3":0.355,"c4":0.6},{"time":0.1}]},"bone3c":{"rotate":[{"curve":0,"c2":0.26,"c3":0.355,"c4":0.6},{"time":0.0667,"angle":-0.84,"curve":0,"c2":0.26,"c3":0.355,"c4":0.6},{"time":0.1}]},"bone3g":{"rotate":[{"angle":-0.84,"curve":0.337,"c2":0.35,"c3":0.671,"c4":0.69},{"time":0.0667,"angle":-1.68,"curve":0.337,"c2":0.35,"c3":0.671,"c4":0.69},{"time":0.1,"angle":-0.84}]},"bone3f":{"rotate":[{"angle":-0.46,"curve":0.339,"c2":0.35,"c3":0.673,"c4":0.69},{"time":0.0667,"angle":-1.3,"curve":0.339,"c2":0.35,"c3":0.673,"c4":0.69},{"time":0.1,"angle":-0.46}]},"bone3":{"rotate":[{"curve":0,"c2":0.19,"c3":0.44,"c4":0.6},{"time":0.0667,"angle":-0.84,"curve":0,"c2":0.19,"c3":0.44,"c4":0.6},{"time":0.1}]},"bone3b":{"rotate":[{"curve":0,"c2":0.26,"c3":0.355,"c4":0.6},{"time":0.0667,"angle":-0.84,"curve":0,"c2":0.26,"c3":0.355,"c4":0.6},{"time":0.1}]},"bone3h":{"rotate":[{"angle":-1.17,"curve":0.332,"c2":0.35,"c3":0.668,"c4":0.68},{"time":0.0667,"angle":-2.01,"curve":0.332,"c2":0.35,"c3":0.668,"c4":0.68},{"time":0.1,"angle":-1.17}]}},"deform":{"default":{"body":{"body2":[{"offset":194,"vertices":[-8.45424,1.6832,-8.48857,1.49784,-8.6138,0.33447]}]},"mouth2":{"mouth3":[{"time":0.0333,"curve":0.25,"c3":0.75},{"time":0.0667,"offset":92,"vertices":[6.64777,-7.31122,6.67688,-7.28522,1.05432,-3.11554,1.06909,-3.11047,-1.2356,2.50116,-1.24249,2.49847,-2.15692,7.55627,-2.18268,7.54889,-0.125,13.77911,-0.1748,13.77905,-5.4765,-2.21625,-5.46625,-2.23492,0,0,0,0,-2.89807,-2.97369,-2.88446,-2.9837,2.07367,-7.56519,2.10303,-7.55615,-6.58765,-5.63715,-6.56573,-5.66071,0.91034,0.78906,-0.51453,7.72528,-0.54138,7.72455]}]}}},"events":[{"time":0.0667,"name":"dazhao"}]},"gongji":{"slots":{"mouth":{"attachment":[{"time":0.4,"name":"mouth1"}]},"mouth2":{"attachment":[{"time":0.4,"name":"mouth3"},{"time":0.6667,"name":"mouth2"}]}},"bones":{"bone4":{"translate":[{"curve":0.25,"c3":0.75},{"time":0.2667,"x":17.23,"curve":0.25,"c3":0.75},{"time":0.6333,"x":15.56,"curve":0.25,"c3":0.75},{"time":1,"x":17.23,"curve":0.25,"c3":0.75},{"time":1.2}]},"bone5":{"rotate":[{"curve":0.25,"c3":0.75},{"time":0.2667,"angle":-1.25,"curve":0.25,"c3":0.75},{"time":0.6333,"angle":-1.13,"curve":0.25,"c3":0.75},{"time":1,"angle":-1.25,"curve":0.25,"c3":0.75},{"time":1.2}],"translate":[{"time":0.2667,"curve":0.25,"c3":0.75},{"time":0.6333,"x":-1.53,"y":-1.53,"curve":0.25,"c3":0.75},{"time":1}]},"bone5b":{"rotate":[{"curve":0.25,"c3":0.75},{"time":0.2667,"angle":-1.25,"curve":0.25,"c3":0.75},{"time":0.6333,"angle":-1.13,"curve":0.25,"c3":0.75},{"time":1,"angle":-1.25,"curve":0.25,"c3":0.75},{"time":1.2}]},"bone5c":{"rotate":[{"curve":0.25,"c3":0.75},{"time":0.2667,"angle":-1.25,"curve":0.25,"c3":0.75},{"time":0.6333,"angle":-1.13,"curve":0.25,"c3":0.75},{"time":1,"angle":-1.25,"curve":0.25,"c3":0.75},{"time":1.2}]},"bone5c2":{"rotate":[{"curve":0.25,"c3":0.75},{"time":0.2667,"angle":4.44,"curve":0.25,"c3":0.75},{"time":0.6333,"angle":4.01,"curve":0.25,"c3":0.75},{"time":1,"angle":4.44,"curve":0.25,"c3":0.75},{"time":1.2}]},"bone5c3":{"rotate":[{"curve":0.25,"c3":0.75},{"time":0.2667,"angle":4.41,"curve":0.25,"c3":0.75},{"time":0.6333,"angle":3.32,"curve":0.25,"c3":0.75},{"time":1,"angle":4.41,"curve":0.25,"c3":0.75},{"time":1.2}]},"bone5c4":{"rotate":[{"curve":0.25,"c3":0.75},{"time":0.2667,"angle":35.85,"curve":0.25,"c3":0.75},{"time":0.6333,"angle":32.39,"curve":0,"c2":0.16,"c3":0.574,"c4":0.87},{"time":1,"angle":35.85,"curve":0.25,"c3":0.75},{"time":1.2}],"translate":[{"curve":0.25,"c3":0.75},{"time":0.2667,"x":-5.92,"y":10.67,"curve":0.25,"c3":0.75},{"time":0.6333,"x":-4.39,"y":7.69,"curve":0,"c2":0.16,"c3":0.574,"c4":0.87},{"time":1,"x":-5.12,"y":8.65,"curve":0.25,"c3":0.75},{"time":1.2}]},"bone5c5":{"rotate":[{"curve":0.25,"c3":0.75},{"time":0.2667,"angle":-14.15,"curve":0.25,"c3":0.75},{"time":0.6333,"angle":-17.73,"curve":0,"c2":0.16,"c3":0.574,"c4":0.87},{"time":0.7667,"angle":-18.15,"curve":0.357,"c2":0.42,"c3":0.756},{"time":1,"angle":-16.49,"curve":0.25,"c3":0.75},{"time":1.2}],"translate":[{"curve":0.25,"c3":0.75},{"time":0.2667,"x":4.46,"y":-1.12,"curve":0.25,"c3":0.75},{"time":0.6333,"x":4.03,"y":-1.01,"curve":0,"c2":0.18,"c3":0.393,"c4":0.56},{"time":0.7667,"x":4.26,"y":-1.07,"curve":0.254,"c2":0.4,"c3":0.664,"c4":0.87},{"time":1,"x":4.46,"y":-1.12,"curve":0.25,"c3":0.75},{"time":1.2}]},"bone5c6":{"rotate":[{"curve":0.25,"c3":0.625,"c4":0.5},{"time":0.1333,"angle":-7.53,"curve":0.375,"c2":0.5,"c3":0.75},{"time":0.2667,"angle":-23.09,"curve":0.25,"c3":0.75},{"time":0.6333,"angle":-13.23,"curve":0.261,"c3":0.618,"c4":0.44},{"time":0.7667,"angle":-11.54,"curve":0.357,"c2":0.42,"c3":0.756},{"time":1,"angle":-16.69,"curve":0.25,"c3":0.75},{"time":1.2}],"translate":[{"time":0.6333,"curve":0.261,"c3":0.618,"c4":0.44},{"time":0.7667,"x":6.15,"y":0.45,"curve":0.357,"c2":0.42,"c3":0.756},{"time":1}]},"bone5c7":{"rotate":[{"curve":0.25,"c3":0.75},{"time":0.2667,"angle":14.96,"curve":0.25,"c3":0.75},{"time":0.6333,"angle":13.52,"curve":0.25,"c3":0.75},{"time":1,"angle":14.96,"curve":0.25,"c3":0.75},{"time":1.2}],"translate":[{"curve":0.25,"c3":0.75},{"time":0.2667,"x":3.87,"y":1.29,"curve":0.25,"c3":0.75},{"time":0.6333,"x":3.5,"y":1.17,"curve":0.25,"c3":0.75},{"time":1,"x":3.87,"y":1.29,"curve":0.25,"c3":0.75},{"time":1.2}]},"bone5c8":{"translate":[{"time":0.2667,"curve":0.25,"c3":0.75},{"time":0.6333,"x":-14.2,"y":-9.49,"curve":0.25,"c3":0.75},{"time":1}]},"bone5c12":{"rotate":[{"curve":0.25,"c3":0.75},{"time":0.2667,"angle":4.36,"curve":0.25,"c3":0.75},{"time":0.6333,"curve":0.25,"c3":0.75},{"time":1,"angle":4.36,"curve":0.25,"c3":0.75},{"time":1.2}]},"bone5c13":{"rotate":[{"angle":-0.28,"curve":0.25,"c3":0.75},{"time":0.2667,"angle":6.38,"curve":0.25,"c3":0.75},{"time":0.6333,"angle":-0.28,"curve":0.25,"c3":0.75},{"time":1,"angle":6.38,"curve":0.25,"c3":0.75},{"time":1.2,"angle":-0.28}]},"bone5c14":{"rotate":[{"angle":-0.79,"curve":0.25,"c3":0.75},{"time":0.2667,"angle":3.82,"curve":0.25,"c3":0.75},{"time":0.6333,"angle":3.84,"curve":0.25,"c3":0.75},{"time":1,"angle":3.82,"curve":0.25,"c3":0.75},{"time":1.2,"angle":-0.79}]},"bone5c14b":{"rotate":[{"angle":-0.7,"curve":0.25,"c3":0.75},{"time":0.2667,"angle":5.96,"curve":0.25,"c3":0.75},{"time":0.6333,"angle":3.92,"curve":0.25,"c3":0.75},{"time":1,"angle":5.96,"curve":0.25,"c3":0.75},{"time":1.2,"angle":-0.7}]},"bone5c14c":{"rotate":[{"angle":-0.93,"curve":0.25,"c3":0.75},{"time":0.2667,"angle":5.73,"curve":0.25,"c3":0.75},{"time":0.6333,"angle":3.69,"curve":0.25,"c3":0.75},{"time":1,"angle":5.73,"curve":0.25,"c3":0.75},{"time":1.2,"angle":-0.93}]},"bone5c14d":{"rotate":[{"angle":-1.28,"curve":0.25,"c3":0.75},{"time":0.2667,"angle":5.38,"curve":0.25,"c3":0.75},{"time":0.6333,"angle":3.34,"curve":0.25,"c3":0.75},{"time":1,"angle":5.38,"curve":0.25,"c3":0.75},{"time":1.2,"angle":-1.28}]},"bone5c15":{"rotate":[{"curve":0.25,"c3":0.75},{"time":0.2667,"angle":-6.27,"curve":0.25,"c3":0.75},{"time":0.6333,"curve":0.25,"c3":0.75},{"time":1,"angle":-6.27,"curve":0.25,"c3":0.75},{"time":1.2}]},"bone5c16":{"rotate":[{"angle":-0.07,"curve":0.25,"c3":0.75},{"time":0.2667,"angle":-6.35,"curve":0.25,"c3":0.75},{"time":0.6333,"angle":-0.07,"curve":0.25,"c3":0.75},{"time":1,"angle":-6.35,"curve":0.25,"c3":0.75},{"time":1.2,"angle":-0.07}]},"bone5c17":{"rotate":[{"angle":-0.71,"curve":0.25,"c3":0.75},{"time":0.2667,"angle":-6.99,"curve":0.25,"c3":0.75},{"time":0.6333,"angle":-0.71,"curve":0.25,"c3":0.75},{"time":1,"angle":-6.99,"curve":0.25,"c3":0.75},{"time":1.2,"angle":-0.71}]},"bone5c18":{"rotate":[{"angle":-1.74,"curve":0.25,"c3":0.75},{"time":0.2667,"angle":-8.01,"curve":0.25,"c3":0.75},{"time":0.6333,"angle":-1.74,"curve":0.25,"c3":0.75},{"time":1,"angle":-8.01,"curve":0.25,"c3":0.75},{"time":1.2,"angle":-1.74}]},"bone6":{"rotate":[{"curve":0.25,"c3":0.75},{"time":0.2667,"angle":-8.04,"curve":0.25,"c3":0.75},{"time":0.6333,"curve":0.25,"c3":0.75},{"time":1,"angle":-8.04,"curve":0.25,"c3":0.75},{"time":1.2}]},"bone7":{"rotate":[{"curve":0.25,"c3":0.75},{"time":0.2667,"angle":-8.04,"curve":0.25,"c3":0.75},{"time":0.6333,"curve":0.25,"c3":0.75},{"time":1,"angle":-8.04,"curve":0.25,"c3":0.75},{"time":1.2}]},"bone8":{"rotate":[{"angle":0.42,"curve":0.25,"c3":0.75},{"time":0.2667,"angle":-7.62,"curve":0.25,"c3":0.75},{"time":0.6333,"angle":0.42,"curve":0.25,"c3":0.75},{"time":1,"angle":-7.62,"curve":0.25,"c3":0.75},{"time":1.2,"angle":0.42}]},"bone9":{"rotate":[{"angle":1.48,"curve":0.25,"c3":0.75},{"time":0.2667,"angle":4.28,"curve":0.25,"c3":0.75},{"time":0.6333,"angle":1.48,"curve":0.25,"c3":0.75},{"time":1,"angle":4.28,"curve":0.25,"c3":0.75},{"time":1.2,"angle":1.48}]},"bone10":{"rotate":[{"angle":2.94,"curve":0.25,"c3":0.75},{"time":0.2667,"angle":13.79,"curve":0.25,"c3":0.75},{"time":0.6333,"angle":2.94}]},"bone11":{"rotate":[{"curve":0.25,"c3":0.75},{"time":0.2667,"angle":-8.04,"curve":0.25,"c3":0.75},{"time":0.6333,"curve":0.25,"c3":0.75},{"time":1,"angle":-8.04,"curve":0.25,"c3":0.75},{"time":1.2}]},"bone12":{"rotate":[{"angle":0.24,"curve":0.25,"c3":0.75},{"time":0.2667,"angle":-7.8,"curve":0.25,"c3":0.75},{"time":0.6333,"angle":0.24,"curve":0.25,"c3":0.75},{"time":1,"angle":-7.8,"curve":0.25,"c3":0.75},{"time":1.2,"angle":0.24}]},"bone13":{"rotate":[{"angle":0.88,"curve":0.25,"c3":0.75},{"time":0.2667,"angle":-7.16,"curve":0.25,"c3":0.75},{"time":0.6333,"angle":0.88,"curve":0.25,"c3":0.75},{"time":1,"angle":-7.16,"curve":0.25,"c3":0.75},{"time":1.2,"angle":0.88}]},"bone14":{"rotate":[{"angle":1.91,"curve":0.25,"c3":0.75},{"time":0.2667,"angle":-6.13,"curve":0.25,"c3":0.75},{"time":0.6333,"angle":1.91,"curve":0.25,"c3":0.75},{"time":1,"angle":-6.13,"curve":0.25,"c3":0.75},{"time":1.2,"angle":1.91}]},"bone15":{"rotate":[{"angle":-0.42,"curve":0.25,"c3":0.75},{"time":0.2667,"angle":2.11,"curve":0.25,"c3":0.75},{"time":0.6333,"angle":-0.42,"curve":0.25,"c3":0.75},{"time":1,"angle":2.11,"curve":0.25,"c3":0.75},{"time":1.2,"angle":-0.42}],"translate":[{"x":0.44,"y":0.19,"curve":0.25,"c3":0.75},{"time":0.2667,"x":7.64,"y":0.19,"curve":0.25,"c3":0.75},{"time":0.6333,"x":5.83,"y":-1.35,"curve":0.25,"c3":0.75},{"time":1,"x":7.64,"y":0.19,"curve":0.25,"c3":0.75},{"time":1.2,"x":0.44,"y":0.19}]},"bone15b":{"rotate":[{"angle":-1.03,"curve":0.25,"c3":0.75},{"time":0.2667,"angle":1.5,"curve":0.25,"c3":0.75},{"time":0.6333,"angle":-1.03,"curve":0.25,"c3":0.75},{"time":1,"angle":1.5,"curve":0.25,"c3":0.75},{"time":1.2,"angle":-1.03}]},"bone15c":{"rotate":[{"angle":-1.75,"curve":0.25,"c3":0.75},{"time":0.2667,"angle":0.78,"curve":0.25,"c3":0.75},{"time":0.6333,"angle":-1.75,"curve":0.25,"c3":0.75},{"time":1,"angle":0.78,"curve":0.25,"c3":0.75},{"time":1.2,"angle":-1.75}]},"bone16":{"rotate":[{"curve":0.25,"c3":0.75},{"time":0.2667,"angle":6.4,"curve":0.25,"c3":0.75},{"time":0.6333,"curve":0.25,"c3":0.75},{"time":1,"angle":6.4,"curve":0.25,"c3":0.75},{"time":1.2}],"translate":[{"curve":0.25,"c3":0.75},{"time":0.2667,"x":-3.76,"y":-14.58,"curve":0.25,"c3":0.75},{"time":0.6333,"x":-3.4,"y":-13.17,"curve":0.25,"c3":0.75},{"time":1,"x":-3.76,"y":-14.58,"curve":0.25,"c3":0.75},{"time":1.2}]},"bone16b":{"rotate":[{"angle":-0.26,"curve":0.25,"c3":0.75},{"time":0.2667,"angle":6.14,"curve":0.25,"c3":0.75},{"time":0.6333,"angle":-0.26,"curve":0.25,"c3":0.75},{"time":1,"angle":6.14,"curve":0.25,"c3":0.75},{"time":1.2,"angle":-0.26}]},"bone16c":{"rotate":[{"angle":-0.77,"curve":0.25,"c3":0.75},{"time":0.2667,"angle":5.63,"curve":0.25,"c3":0.75},{"time":0.6333,"angle":-0.77,"curve":0.25,"c3":0.75},{"time":1,"angle":5.63,"curve":0.25,"c3":0.75},{"time":1.2,"angle":-0.77}]},"bone17":{"rotate":[{"curve":0.25,"c3":0.75},{"time":0.2667,"angle":-3.2,"curve":0.25,"c3":0.75},{"time":0.6333,"curve":0.25,"c3":0.75},{"time":1,"angle":-3.2,"curve":0.25,"c3":0.75},{"time":1.2}],"translate":[{"curve":0.25,"c3":0.75},{"time":0.2667,"x":2.53,"y":-0.78,"curve":0.25,"c3":0.75},{"time":0.6333,"x":0.75,"y":-2.24,"curve":0.25,"c3":0.75},{"time":1,"x":2.53,"y":-0.78,"curve":0.25,"c3":0.75},{"time":1.2}]},"bone17b":{"rotate":[{"angle":0.44,"curve":0.25,"c3":0.75},{"time":0.2667,"angle":-0.6,"curve":0.25,"c3":0.75},{"time":0.6333,"angle":0.44,"curve":0.25,"c3":0.75},{"time":1,"angle":-0.6,"curve":0.25,"c3":0.75},{"time":1.2,"angle":0.44}]},"bone17c":{"rotate":[{"angle":0.78,"curve":0.25,"c3":0.75},{"time":0.2667,"angle":-0.26,"curve":0.25,"c3":0.75},{"time":0.6333,"angle":0.78,"curve":0.25,"c3":0.75},{"time":1,"angle":-0.26,"curve":0.25,"c3":0.75},{"time":1.2,"angle":0.78}]},"bone18":{"rotate":[{"angle":0.66,"curve":"stepped"},{"time":0.2667,"angle":0.66,"curve":0.25,"c3":0.75},{"time":0.6333,"angle":-7.41,"curve":0.25,"c3":0.75},{"time":1,"angle":0.66}],"translate":[{"curve":0.25,"c3":0.75},{"time":0.2667,"y":11.28,"curve":0.25,"c3":0.75},{"time":0.6333,"y":10.19,"curve":0.25,"c3":0.75},{"time":1,"y":11.28,"curve":0.25,"c3":0.75},{"time":1.2}]},"bone19":{"rotate":[{"angle":-0.25,"curve":"stepped"},{"time":0.2667,"angle":-0.25,"curve":0.25,"c3":0.75},{"time":0.6333,"angle":7.66,"curve":0.25,"c3":0.75},{"time":1,"angle":-0.25}]},"bone21":{"rotate":[{"angle":-1.77,"curve":"stepped"},{"time":0.2667,"angle":-1.77,"curve":0.25,"c3":0.75},{"time":0.6333,"angle":-12.01,"curve":0.25,"c3":0.75},{"time":1,"angle":-1.77}],"translate":[{"curve":0.25,"c3":0.75},{"time":0.2667,"y":11.28,"curve":0.25,"c3":0.75},{"time":0.6333,"y":10.19,"curve":0.25,"c3":0.75},{"time":1,"y":11.28,"curve":0.25,"c3":0.75},{"time":1.2}]},"bone22":{"rotate":[{"angle":3.23,"curve":"stepped"},{"time":0.2667,"angle":3.23,"curve":0.25,"c3":0.75},{"time":0.6333,"angle":11.72,"curve":0.25,"c3":0.75},{"time":1,"angle":3.23}]},"bone23":{"rotate":[{"curve":0.25,"c3":0.75},{"time":0.2667,"angle":10.42,"curve":0.25,"c3":0.75},{"time":0.6333,"angle":9.41,"curve":0.25,"c3":0.75},{"time":1,"angle":10.42,"curve":0.25,"c3":0.75},{"time":1.2}],"translate":[{"curve":0.25,"c3":0.75},{"time":0.2667,"x":42.83,"y":2.71,"curve":0.25,"c3":0.75},{"time":0.6333,"x":39.38,"y":2.71,"curve":0.25,"c3":0.75},{"time":1,"x":42.83,"y":2.71,"curve":0.25,"c3":0.75},{"time":1.2}]},"bone24":{"scale":[{"time":0.2667,"curve":0.25,"c3":0.75},{"time":0.6333,"y":1.03,"curve":0.25,"c3":0.625,"c4":0.5},{"time":0.7667,"x":1.064,"y":0.958,"curve":0.375,"c2":0.5,"c3":0.75},{"time":1}]},"bone24b":{"scale":[{"time":0.2667,"curve":0.25,"c3":0.75},{"time":0.6333,"x":0.993,"y":1.195,"curve":0.25,"c3":0.625,"c4":0.5},{"time":0.7667,"x":1.073,"y":1.098,"curve":0.375,"c2":0.5,"c3":0.75},{"time":1}]},"bone24c":{"scale":[{"time":0.2667,"curve":0.25,"c3":0.75},{"time":0.6333,"x":0.947,"y":0.898,"curve":0.25,"c3":0.625,"c4":0.5},{"time":0.7667,"x":0.973,"y":0.919,"curve":0.375,"c2":0.5,"c3":0.75},{"time":1}]},"bone24c2":{"scale":[{"time":0.2667,"curve":0.25,"c3":0.75},{"time":0.6333,"x":0.852,"y":0.758,"curve":0.25,"c3":0.625,"c4":0.5},{"time":0.7667,"x":0.983,"y":1.063,"curve":0.34,"c2":0.36,"c3":0.681,"c4":0.71},{"time":0.8667,"x":0.87,"y":1.073,"curve":0.381,"c2":0.59,"c3":0.729},{"time":1}]},"bone3f":{"rotate":[{"angle":-0.46,"curve":0.339,"c2":0.35,"c3":0.673,"c4":0.69},{"time":0.2,"angle":-1.88,"curve":0.346,"c2":0.37,"c3":0.68,"c4":0.71},{"time":0.8333,"angle":0.38,"curve":0.351,"c2":0.39,"c3":0.685,"c4":0.73},{"time":1.2,"angle":-0.46}]},"bone3e":{"rotate":[{"angle":-0.2,"curve":0.338,"c2":0.35,"c3":0.672,"c4":0.68},{"time":0.2,"angle":-1.62,"curve":0.341,"c2":0.36,"c3":0.675,"c4":0.69},{"time":0.8333,"angle":0.62,"curve":0.343,"c2":0.37,"c3":0.677,"c4":0.7},{"time":1.2,"angle":-0.2}]},"bone3b":{"rotate":[{"curve":0,"c2":0.26,"c3":0.355,"c4":0.6},{"time":0.2,"angle":-1.41,"curve":0.208,"c2":0.28,"c3":0.557,"c4":0.63},{"time":0.8333,"angle":0.87,"curve":0.283,"c2":0.32,"c3":0.627,"c4":0.66},{"time":1.2}],"translate":[{"curve":0,"c2":0.26,"c3":0.355,"c4":0.6},{"time":0.2,"x":6.75,"y":-2.06,"curve":0.208,"c2":0.28,"c3":0.557,"c4":0.63},{"time":0.8333,"x":0.09,"y":1.48,"curve":0.283,"c2":0.32,"c3":0.627,"c4":0.66},{"time":1.2}]},"bone3d":{"rotate":[{"curve":0,"c2":0.26,"c3":0.355,"c4":0.6},{"time":0.2,"angle":-1.41,"curve":0.208,"c2":0.28,"c3":0.557,"c4":0.63},{"time":0.8333,"angle":0.87,"curve":0.283,"c2":0.32,"c3":0.627,"c4":0.66},{"time":1.2}]},"bone3c":{"rotate":[{"curve":0,"c2":0.26,"c3":0.355,"c4":0.6},{"time":0.2,"angle":-1.41,"curve":0.208,"c2":0.28,"c3":0.557,"c4":0.63},{"time":0.8333,"angle":0.87,"curve":0.283,"c2":0.32,"c3":0.627,"c4":0.66},{"time":1.2}]},"bone3g":{"rotate":[{"angle":-0.84,"curve":0.337,"c2":0.35,"c3":0.671,"c4":0.69},{"time":0.2,"angle":-2.25,"curve":0.346,"c2":0.38,"c3":0.682,"c4":0.71},{"time":0.8333,"angle":0.02,"curve":0.358,"c2":0.41,"c3":0.695,"c4":0.75},{"time":1.2,"angle":-0.84}]},"bone3h":{"rotate":[{"angle":-1.17,"curve":0.332,"c2":0.35,"c3":0.668,"c4":0.68},{"time":0.2,"angle":-2.58,"curve":0.343,"c2":0.38,"c3":0.682,"c4":0.72},{"time":0.8333,"angle":-0.3,"curve":0.362,"c2":0.43,"c3":0.701,"c4":0.77},{"time":1.2,"angle":-1.17}]}},"deform":{"default":{"mouth":{"mouth1":[{"time":0.4,"curve":0.25,"c3":0.75,"vertices":[-0.79443,-1.17462,0.11407,-1.07666,0.84464,-1.98105,3.48801,-2.40308,5.54279,-1.51624,4.63718,-0.78647,2.79797,0.40411,0.15372,0.63751,-1.70651,2.59042,-6.16736,1.64273,-5.00833,0.28018,-4.78363,-1.42429,-2.17017,-1.24094]},{"time":0.5667}]},"mouth2":{"mouth3":[{"time":0.4,"curve":0.25,"c3":0.75},{"time":0.6,"offset":92,"vertices":[6.64777,-7.31122,6.67688,-7.28522,1.05432,-3.11554,1.06909,-3.11047,-1.2356,2.50116,-1.24249,2.49847,-2.15692,7.55627,-2.18268,7.54889,-0.125,13.77911,-0.1748,13.77905,-5.4765,-2.21625,-5.46625,-2.23492,0,0,0,0,-2.89807,-2.97369,-2.88446,-2.9837,2.07367,-7.56519,2.10303,-7.55615,-6.58765,-5.63715,-6.56573,-5.66071,0.91034,0.78906,-0.51453,7.72528,-0.54138,7.72455]}]}}},"events":[{"time":0.6667,"name":"gongji"}]}}},[0]]],0,0,[0],[-1],[0]]