[1,["ceZ12L+gxKAbGrxl6Zr18D","363gIKyQxDwJPUBqIFhWlZ","06iQ+4vAxOpo29HQRbgmhO","0dNlOuI81HmJzEdgh5w0oQ","42E0M1OmpPxKmvXOIZt8CL","66xOEIMCxNyqRQFpYTqhAg"],["_textureSetter"],["cc.SpriteFrame"],0,[[[{"name":"划线","rect":[0,0,83,20],"offset":[0,0],"originalSize":[83,20],"capInsets":[0,0,0,0]}],[0],0,[0],[0],[0]],[[{"name":"绝版植物底","rect":[0,0,242,187],"offset":[0,0],"originalSize":[242,187],"capInsets":[0,0,0,0]}],[0],0,[0],[0],[1]],[[{"name":"按钮","rect":[0,0,219,82],"offset":[0,0],"originalSize":[219,82],"capInsets":[0,0,0,0]}],[0],0,[0],[0],[2]],[[{"name":"植物立绘背光（转圈动画）","rect":[10,7,380,366],"offset":[0,10],"originalSize":[400,400],"capInsets":[0,0,0,0]}],[0],0,[0],[0],[3]],[[{"name":"超值","rect":[0,0,203,42],"offset":[0,0],"originalSize":[203,42],"capInsets":[0,0,0,0]}],[0],0,[0],[0],[4]],[[{"name":"元","rect":[2,2,43,42],"offset":[0,0],"originalSize":[47,46],"capInsets":[0,0,0,0]}],[0],0,[0],[0],[5]]]]