[1,["ecpdLyjvZBwrvm+cedCcQy","af3FuThF1PLqyklrmWmoJ5","b4QG/os+BIf7dfkky1sbYO","caohSHbS5GEIzmwCrnMGn5","2eYLUKo6tPT57j6FrILgK/","9dCgGSNz9J66nOpyq6mGMw","8a/9+cFQZDG7GexhCXurWh","33FJJx5OxGh5E4lIp/S93j","03DhSMrQFMIqUMT+mbb6mL","12RLkZ0rxKcrVKVys6uF2Y","60ASG+vfNDTq4yn7Ka6CbV","37q9ssi/pPraicXQhdEjQC","e3khKVRZVHranNNtqDZAjn","bdVjnsMjVLKLb/9vMLOvNG","a6qzS+auhKkqBFy75NCdtW","2338I8EYtBgZO3h7KbbX6x","33g8KDQcFGw4ISNnRz5VVY","beyHTswrRDrYmaq2NXRM91","5bheaowv9Nv4sUQJHivr8k","6bkgPPQIJNErogVIjRKl47","aeUw0weVVG0bTZ4wTTLo+I","c7LyWhhnVGvoYiNB+UUpSC","c67tjz3iVEeb9YZlmOG1et","354GE0FCxE3bEj8xc2L1U7","f8rF+5RY1IBJ1XHbHwxY9G","d4c2i39ghLwZXGrwYbHaAs","d0S+eewr1IN6hqfXXfNg1m","a2MjXRFdtLlYQ5ouAFv/+R","41FUhoHQ5B0I/NemmyXVvV","93vpLh/gxPBbDk75enOPTU","8bTJbJxeRNupvQhP4MKZRt","64IAHuwOJCoJnLhhQ/vaak","379T18jOdKsqzCNe3fjncr","eePyEORFtJD4iDFj0p6BUY","9azWuksUBDM5ZN2b691MAR","93e+ERjkFK05SBIR23P8oX","133VAw8txA8JbXHpa5S+gk","0bCnpBQhlKK6LFzRA8ikph","1847e655c","4eTfYm+AZL1Yyw+qUXeW0w","d8y9dwuYxBjZhpsigrvAMH","b1q1elXO9CUKz1hpJpRBW9","ddB5ALdVpBna54Lz7w/hVM","0bB6J5WldJyYd9yLlcVum7","78WPPaz79FvKFmXBdtmHCe","87a/WWjrRHPJv6tW9jT4Pe","c3Ze7dZo5Aabdcz0t2GVn1","97SNpelkBPopOFnO934myq","59GSb23S1F+5q/s/DaQ5Ea","014neriaFLE7JW0VJOzmUX","31VxpkBAdFSrUlsG4NScAH","8bPL0kFGJCxrnOMHCuEoUJ","1fCYEkuEtHv65ndDE22/e/"],["node","_spriteFrame","_textureSetter","_N$file","_parent","target","root","spiderTaskNode","bookBtn","scrollViewContent","scrollView","starCount","tipNode","getPowerLeftLab","powerAni","powerLab","data"],["cc.SpriteFrame",["cc.Node",["_name","_active","_prefab","_contentSize","_components","_parent","_children","_trs","_color","_anchorPoint"],1,4,5,9,1,2,7,5,5],["cc.Sprite",["_sizeMode","_type","_isTrimmedMode","node","_materials","_spriteFrame"],0,1,3,6],["cc.Node",["_name","_parent","_components","_prefab","_contentSize","_trs","_children","_anchorPoint"],2,1,2,4,5,7,2,5],["cc.Widget",["_alignFlags","_left","_right","_originalWidth","node","_target"],-1,1,1],["cc.Label",["_fontSize","_lineHeight","_N$horizontalAlign","_N$verticalAlign","_string","_isSystemFontUsed","_N$cacheMode","node","_materials","_N$file"],-4,1,3,6],["cc.Button",["_N$transition","node","clickEvents"],2,1,9],["cc.PrefabInfo",["fileId","root","asset"],2,1,1],["cc.ClickEvent",["_componentId","handler","target"],1,1],["cc.Mask",["_enabled","_N$alphaThreshold","node","_materials"],1,1,3],["cf210BZcjVCypK6+rRutUjQ",["node","guankaImg","lockNode","startGameNode","starArr","winStarArr","zombieMask","zombieImg","specialPartImg","bossHead","plantSkinIcon","skinImgs","hasGetSkinNode"],3,1,1,1,1,2,2,1,1,1,1,1,3,1],["cc.Prefab",["_name"],2],["cc.Node",["_name","_children","_components","_prefab","_contentSize","_trs"],2,2,12,4,5,7],["cc.BlockInputEvents",["node"],3,1],["6a7b2mAlINF2J9IVBhabLe0",["node","chapterBtnNode","chapterSpriteNode","starCount","partItem","scrollView","scrollViewContent","bookBtn","spiderTaskNode"],3,1,2,2,1,2,1,1,1,1],["cc.Layout",["_N$layoutType","_N$paddingLeft","_N$paddingRight","_N$spacingX","_N$affectedByScale","node","_layoutSize"],-2,1,5],["0c8c7sXsaRMZ4adaa2ij6aR",["type","node","tipNode"],2,1,1],["ecd83JmX5VOKoHPwQkk0m/P",["node","powerLab","powerAni","getPowerLeftLab"],3,1,1,1,1],["cc.LabelOutline",["_width","node","_color"],2,1,5],["cc.ScrollView",["vertical","brake","bounceDuration","_N$horizontalScrollBar","_N$verticalScrollBar","node","scrollEvents","_N$content"],-2,1,9,1]],[[7,0,1,2,2],[3,0,1,2,3,4,5,2],[2,3,4,5,1],[2,0,3,4,2],[1,0,5,4,2,3,7,2],[2,3,4,1],[8,0,1,2,3],[1,0,5,4,2,3,2],[1,0,5,6,4,2,3,7,2],[18,0,1,2,2],[5,4,0,1,5,2,3,7,8,9,7],[3,0,1,2,3,4,2],[6,1,2,1],[6,0,1,2,2],[1,0,5,4,2,8,3,7,2],[12,0,1,2,3,4,5,2],[2,1,0,3,4,5,3],[1,0,5,6,2,3,7,2],[9,2,3,1],[3,0,1,6,2,3,4,2],[10,0,1,2,3,4,5,6,7,8,1],[4,0,1,4,3],[6,1,1],[1,0,5,6,2,3,2],[1,0,5,6,4,2,3,2],[1,0,1,5,6,4,2,3,7,3],[4,0,4,2],[4,0,1,2,4,4],[8,1],[2,1,0,2,3,4,5,4],[2,0,3,4,5,2],[5,4,0,1,2,3,7,8,6],[11,0,2],[1,0,6,4,2,3,7,2],[1,0,6,4,2,3,9,7,2],[1,0,5,6,4,2,8,3,7,2],[3,0,1,6,2,3,4,5,2],[3,0,1,2,3,4,7,5,2],[4,0,3,4,5,3],[13,0,1],[14,0,1,2,3,4,5,6,7,8,1],[7,1,2,1],[15,0,1,2,3,4,5,6,6],[2,1,0,3,4,3],[16,0,1,2,2],[17,0,1,2,3,1],[9,0,1,2,3,3],[5,4,0,1,5,2,3,6,7,8,9,8],[5,0,1,2,3,7,8,5],[10,0,1,2,3,9,4,5,6,7,8,10,11,12,1],[19,0,1,2,3,4,5,6,7,6]],[[[{"name":"xychapterbg","rect":[0,0,192,166],"offset":[0,0],"originalSize":[192,166],"capInsets":[0,0,0,0]}],[0],0,[0],[2],[14]],[[{"name":"btn_xychapter5","rect":[0,0,101,103],"offset":[0,0],"originalSize":[101,103],"capInsets":[0,0,0,0]}],[0],0,[0],[2],[15]],[[[32,"XySelectView"],[33,"XySelectView",[-25,-26,-27,-28,-29,-30,-31,-32],[[26,45,-2],[39,-3],[40,-24,[-19,-20,-21,-22,-23],[-14,-15,-16,-17,-18],-13,[-8,-9,-10,-11,-12],-7,-6,-5,-4]],[41,-1,0],[5,1280,720],[640,360,0,0,0,0,1,1,1,1]],[15,"xypar5",[-36,-37,-38,-39,-40,-41,-42,-43,-44,-45,-46,-47,-48,-49],[[-33,[12,-35,[[6,"cf210BZcjVCypK6+rRutUjQ","clickStartBtn",-34]]]],1,4],[0,"b3zqKqyftCa4ZDbf2dmU+t",1,0],[5,257,222],[361.675,-200,0,0,0,0,1,0.65,0.65,1]],[15,"xypar1",[-53,-54,-55,-56,-57,-58,-59,-60,-61,-62,-63,-64],[[-50,[12,-52,[[6,"cf210BZcjVCypK6+rRutUjQ","clickStartBtn",-51]]]],1,4],[0,"a1Qq7UPMRPGKqSw6vMMamt",1,0],[5,257,222],[-471.5,-200,0,0,0,0,1,1,1,1]],[15,"xypar2",[-68,-69,-70,-71,-72,-73,-74,-75,-76,-77,-78,-79],[[-65,[12,-67,[[6,"cf210BZcjVCypK6+rRutUjQ","clickStartBtn",-66]]]],1,4],[0,"51okPv/LRP16Yc9mSFb7l6",1,0],[5,257,222],[-229.47500000000002,-200,0,0,0,0,1,0.65,0.65,1]],[15,"xypar3",[-83,-84,-85,-86,-87,-88,-89,-90,-91,-92,-93,-94],[[-80,[12,-82,[[6,"cf210BZcjVCypK6+rRutUjQ","clickStartBtn",-81]]]],1,4],[0,"0e8KgLFkFHcrHDFhIxM/ef",1,0],[5,257,222],[-32.42500000000001,-200,0,0,0,0,1,0.65,0.65,1]],[15,"xypar4",[-98,-99,-100,-101,-102,-103,-104,-105,-106,-107,-108,-109],[[-95,[12,-97,[[6,"cf210BZcjVCypK6+rRutUjQ","clickStartBtn",-96]]]],1,4],[0,"c2eVgXBaFOUJXqH9RkKvPs",1,0],[5,257,222],[164.625,-200,0,0,0,0,1,0.65,0.65,1]],[23,"btnContainer",1,[-110,-111,-112,-113,-114,-115,-116,-117,-118,-119],[0,"8debqjkl5PH5bvGPPHN47t",1,0],[5,1280,720]],[34,"content",[3,4,5,6,2],[[42,1,600,700,30,true,-120,[5,2400,400]]],[0,"b8yQZ//RNEeYduDFiAaoox",1,0],[5,2400,400],[0,0.5,1],[425,200,0,0,0,0,1,1,1,1]],[8,"xySpidertask",1,[-126,-127,-128],[[2,-121,[169],170],[13,3,-122,[[6,"6a7b2mAlINF2J9IVBhabLe0","clickSpiderTasks",1]]],[44,11,-124,-123],[21,8,42.19799999999998,-125]],[0,"bcYkxeqiJP0LKB38q9+qii",1,0],[5,101,98],[-547.302,-173.421,0,0,0,0,1,1,1,0]],[8,"power_bg",1,[-135,-136,-137,-138],[[29,1,0,false,-129,[157],158],[27,32,53.5,15,-130],[45,-134,-133,-132,-131]],[0,"21bIbQX+JO3oXg2mEH3yWn",1,0],[5,249,68],[500.5,-221.672,0,0,0,0,1,1,1,1]],[8,"lv_imgSta",3,[-141,-142],[[16,1,0,-139,[24],25],[13,3,-140,[[6,"cf210BZcjVCypK6+rRutUjQ","clickStartBtn",3]]]],[0,"13LOnuhdxCNpv4vc9P7QQQ",1,0],[5,158,70],[0,-125,0,0,0,0,1,1,1,0]],[8,"lv_imgSta",4,[-145,-146],[[16,1,0,-143,[46],47],[13,3,-144,[[6,"cf210BZcjVCypK6+rRutUjQ","clickStartBtn",4]]]],[0,"41SGandn1KE74CKzgtJTGf",1,0],[5,158,70],[0,-125,0,0,0,0,1,1,1,0]],[8,"lv_imgSta",5,[-149,-150],[[16,1,0,-147,[68],69],[13,3,-148,[[6,"cf210BZcjVCypK6+rRutUjQ","clickStartBtn",5]]]],[0,"35w/ka0xxGvKXeJRM+AZ2E",1,0],[5,158,70],[0,-125,0,0,0,0,1,1,1,0]],[8,"lv_imgSta",6,[-153,-154],[[16,1,0,-151,[90],91],[13,3,-152,[[6,"cf210BZcjVCypK6+rRutUjQ","clickStartBtn",6]]]],[0,"ecwyVwSW9JjLS2Llzho+zC",1,0],[5,158,70],[0,-125,0,0,0,0,1,1,1,0]],[8,"lv_imgSta",2,[-157,-158],[[16,1,0,-155,[118],119],[13,3,-156,[[6,"cf210BZcjVCypK6+rRutUjQ","clickStartBtn",2]]]],[0,"29r4kW+YhKTILNhKCvcWVd",1,0],[5,158,70],[0,-125,0,0,0,0,1,1,1,0]],[8,"lv_imgbk",1,[-162],[[2,-159,[138],139],[21,8,148.596,-160],[13,3,-161,[[6,"6a7b2mAlINF2J9IVBhabLe0","clickHandBookBtn",1]]]],[0,"97lLK1CJRLib9YteeCwKfr",1,0],[5,101,98],[-440.904,-298,0,0,0,0,1,1,1,0]],[8,"lv_imgFh",1,[-166],[[2,-163,[134],135],[21,8,40.5,-164],[13,3,-165,[[6,"6a7b2mAlINF2J9IVBhabLe0","clickback",1]]]],[0,"fb6BrAeFJNca7q4DQitxN1",1,0],[5,101,98],[-549,-298,0,0,0,0,1,1,1,0]],[8,"star_bg",1,[-169,-170],[[29,1,0,false,-167,[143],144],[27,32,53.5,15,-168]],[0,"3cazbB9XpFrbb0jRTMcWB7",1,0],[5,249,68],[500.5,-301,0,0,0,0,1,1,1,1]],[15,"New ScrollView",[-173],[[[43,1,0,-171,[126]],-172],4,1],[0,"109YiVfRxIh57CfL5FuUbI",1,0],[5,1280,400],[0,660,0,0,0,0,1,1,1,1]],[24,"view",19,[8],[[46,false,0,-174,[125]],[38,40,1280,-175,1]],[0,"c2dvM+TIBFKbpdBIKdbH9s",1,0],[5,1280,400]],[8,"plantSkinView_1",2,[-177,-178],[[2,-176,[104],105]],[0,"e0VO4kejZDjrPSDchIdZzi",1,0],[5,54,80],[114.383,77.977,0,0,0,0,1,1.53846,1.53846,1.53846]],[35,"countdownBg",10,[-180,-181],[[30,0,-179,[150],151]],[0,"1aVdseggtILbz0jJyf37oY",1,0],[4,4278190080],[5,80,25],[-63.125,-28.842,0,0,0,0,1,1,1,1]],[25,"powerIcon",false,10,[-183],[[30,0,-182,[155],156]],[0,"8c//GhqatCEb1ydROkS8O0",1,0],[5,72.9,73.8],[-5.954,0,0,0,0,0,1,0.85,0.85,0.9]],[25,"red",false,9,[-185],[[2,-184,[167],168]],[0,"47xoA5xmRLfLunYawagvN/",1,0],[5,63,75],[43.236,48.425,0,0,0,0,1,0.75,0.75,1]],[24,"lv_bg1",1,[-187],[[2,-186,[2],3]],[0,"5cAl62xsRD26rTkdkoM6rM",1,0],[5,1680,720]],[4,"xy_bg_pre",25,[[2,-188,[0],1],[26,4,-189]],[0,"1aVrucs0VClLQurXJxH7Ud",1,0],[5,1612,310],[0,-205,0,0,0,0,1,1,1,1]],[7,"lv_imgLock2",3,[[2,-190,[7],8]],[0,"3dYgdOi69OvZQcO+fOt+n3",1,0],[5,58,74]],[19,"mask",3,[-192],[-191],[0,"42VS+LHvpF0KKX6feXCT80",1,0],[5,200,160]],[4,"New Label",11,[[10,"开始游戏",25,25,false,1,1,-193,[18],19],[9,2,-194,[4,4278190080]]],[0,"4aViSA8sBNGrL79wacpXVA",1,0],[5,104,35.5],[0,17.448,0,0,0,0,1,1,1,1]],[17,"rightPower",11,[-195,-196],[0,"8abABzr3tLXaXicS6GJHhf",1,0],[5,50,30],[-11.674,-11.494,0,0,0,0,1,1,1,1]],[14,"rightPowercost",30,[[10,"X2",24,28,false,1,1,-197,[22],23],[9,2,-198,[4,4278190080]]],[0,"55VEBM8XNK4aX15XZHccYb",1,0],[4,4278255590],[5,37.22,39.28],[28.484,-2.161,0,0,0,0,1,1,1,1]],[7,"lv_imgLock2",4,[[2,-199,[29],30]],[0,"f5gKZRLiJL1oIrxVgBnEnl",1,0],[5,58,74]],[36,"mask",4,[-201],[-200],[0,"acNd3MdOBDt7PwF9+Gm1QW",1,0],[5,200,160],[0,0,0,0,0,0,1,1,1,1.53846]],[4,"New Label",12,[[10,"开始游戏",25,25,false,1,1,-202,[40],41],[9,2,-203,[4,4278190080]]],[0,"7fjGilxCBJ+7LK1wqHRAhP",1,0],[5,104,35.5],[0,17.448,0,0,0,0,1,1,1,1]],[17,"rightPower",12,[-204,-205],[0,"c6nMbHpKRL1q6Qf40Q418W",1,0],[5,50,30],[-11.674,-11.494,0,0,0,0,1,1,1,1]],[14,"rightPowercost",35,[[10,"X2",24,28,false,1,1,-206,[44],45],[9,2,-207,[4,4278190080]]],[0,"0agSN4myBDebvk2SidklJM",1,0],[4,4278255590],[5,37.22,39.28],[28.484,-2.161,0,0,0,0,1,1,1,1]],[7,"lv_imgLock2",5,[[2,-208,[51],52]],[0,"95StvcP1NCt5ADLSsy/w0f",1,0],[5,58,74]],[19,"mask",5,[-210],[-209],[0,"a0LY0YK5pAdK+S1xQulsJQ",1,0],[5,200,160]],[4,"New Label",13,[[10,"开始游戏",25,25,false,1,1,-211,[62],63],[9,2,-212,[4,4278190080]]],[0,"3cHIAWwH5NcIBoj7pGwsES",1,0],[5,104,35.5],[0,17.448,0,0,0,0,1,1,1,1]],[17,"rightPower",13,[-213,-214],[0,"efW4qMe9JI8qgJoMnoxgej",1,0],[5,50,30],[-11.674,-11.494,0,0,0,0,1,1,1,1]],[14,"rightPowercost",40,[[10,"X2",24,28,false,1,1,-215,[66],67],[9,2,-216,[4,4278190080]]],[0,"226y+9UrpO9alPAobj6RHI",1,0],[4,4278255590],[5,37.22,39.28],[28.484,-2.161,0,0,0,0,1,1,1,1]],[7,"lv_imgLock2",6,[[2,-217,[73],74]],[0,"336C2low9Kubxs8vxt/TkW",1,0],[5,58,74]],[19,"mask",6,[-219],[-218],[0,"e9zg5NPlhEaqam9m4ePT4N",1,0],[5,200,160]],[4,"New Label",14,[[10,"开始游戏",25,25,false,1,1,-220,[84],85],[9,2,-221,[4,4278190080]]],[0,"ddV1LDM1pHe6pos66A74WP",1,0],[5,104,35.5],[0,17.448,0,0,0,0,1,1,1,1]],[17,"rightPower",14,[-222,-223],[0,"1fjm+3FCVCDr5ofIHoNII2",1,0],[5,50,30],[-11.674,-11.494,0,0,0,0,1,1,1,1]],[14,"rightPowercost",45,[[10,"X2",24,28,false,1,1,-224,[88],89],[9,2,-225,[4,4278190080]]],[0,"dcLcd+YGtKRoOqqwM9GSu0",1,0],[4,4278255590],[5,37.22,39.28],[28.484,-2.161,0,0,0,0,1,1,1,1]],[7,"lv_imgLock2",2,[[2,-226,[95],96]],[0,"46WdleQp5OP4R/MSW8Pkgd",1,0],[5,58,74]],[19,"mask",2,[-228],[-227],[0,"36UBT8nQtGEpKyi8bQo8YV",1,0],[5,200,160]],[4,"select",21,[[2,-229,[102],103]],[0,"8aJqYkW+tLgosTPLC+pelG",1,0],[5,85,72],[0,-13.794,0,0,0,0,1,0.5,0.5,1]],[4,"New Label",15,[[10,"开始游戏",25,25,false,1,1,-230,[112],113],[9,2,-231,[4,4278190080]]],[0,"ffobubEqtDrKPdCv5xmTj9",1,0],[5,104,35.5],[0,17.448,0,0,0,0,1,1,1,1]],[17,"rightPower",15,[-232,-233],[0,"227AcwgW1MULjbXajACwY1",1,0],[5,50,30],[-11.674,-11.494,0,0,0,0,1,1,1,1]],[14,"rightPowercost",51,[[10,"X2",24,28,false,1,1,-234,[116],117],[9,2,-235,[4,4278190080]]],[0,"d1+Txs0sNCRbiq4q7JvIyk",1,0],[4,4278255590],[5,37.22,39.28],[28.484,-2.161,0,0,0,0,1,1,1,1]],[4,"btn_chapter1",7,[[12,-236,[[28]]]],[0,"6dmpctUFFDl6w07pspv5ZJ",1,0],[5,124,126],[-335.518,-225.801,0,0,0,0,1,1,1,1]],[4,"btn_chapter2",7,[[22,-237]],[0,"3bo2OzLmVNwb4VJd5UKdym",1,0],[5,102,110],[-181.078,-216.506,0,0,0,0,1,1,1,1]],[4,"btn_chapter3",7,[[12,-238,[[28]]]],[0,"21hSqU37RNsLXxvStpNSRk",1,0],[5,101,83],[-56.664,-176.659,0,0,0,0,1,1,1,1]],[4,"btn_chapter4",7,[[22,-239]],[0,"25mMFns91FCZKfl/xw+zJc",1,0],[5,120,90],[74.997,-233.324,0,0,0,0,1,1,1,1]],[4,"btn_chapter5",7,[[22,-240]],[0,"47ygis3CVJTZGn2OYKES0b",1,0],[5,101,103],[232.252,-218.475,0,0,0,0,1,1,1,1]],[4,"power_icon",10,[[2,-241,[145],146],[12,-242,[[6,"6a7b2mAlINF2J9IVBhabLe0","clickPower",1]]]],[0,"a9P7QDuhZOoo7NOGk8E6NH",1,0],[5,81,82],[-110,-1,0,0,0,0,1,1,1,1]],[14,"title",23,[[10,"-2",30,32,false,1,1,-243,[153],154],[9,2,-244,[4,4278190080]]],[0,"db5izUx3hBepM2FM+IgL0g",1,0],[4,4284081919],[5,40.99,44.32],[53.511,0,0,0,0,0,1,1.3,1.3,1]],[8,"home_icon",9,[-246],[[16,1,0,-245,[163],164]],[0,"c4c9dqitxFlbBUsGvQvVxP",1,0],[5,97,36],[0,-44.694,0,0,0,0,1,1,1,1]],[7,"New Label",60,[[47,"西游挑战",22,22,false,1,1,2,-247,[161],162],[9,2,-248,[4,4278190080]]],[0,"f2cypU4HFMx5tPi0AadFwD",1,0],[5,92,26]],[23,"main",1,[19],[0,"46q052JMxGwqyccEjqrYMF",1,0],[5,1280,720]],[7,"xypartimg",3,[[2,-249,[4],5]],[0,"e094asy5NJ7qgDAtK8LEmX",1,0],[5,257,222]],[11,"xychapterbg",3,[-250],[0,"814qTM7vFGY7bA4kaGqD84",1,0],[5,192,166]],[5,64,[6]],[1,"331",28,[-251],[0,"32LQpMOs5PaqGAyPoPnlep",1,0],[5,118,207],[34.288,-48.003,0,0,0,0,1,1,1,1]],[5,66,[9]],[18,28,[10]],[11,"specialPartImg",3,[-252],[0,"c5Hl4ts+RDEriT4HoKziIA",1,0],[5,190,164]],[5,69,[11]],[1,"star_black",3,[-253],[0,"0eCztEDrFHHZrrzmXEuFKZ",1,0],[5,36.8,33.28],[-70,-58,0,0,0,0,1,1,1,1]],[3,0,71,[12]],[1,"star_black",3,[-254],[0,"49BkPtS5JO94qVYY0/BMT7",1,0],[5,36.8,33.28],[-33.2,-58,0,0,0,0,1,1,1,1]],[3,0,73,[13]],[1,"star_black",3,[-255],[0,"6e52gOXhNMn704gWnx93G2",1,0],[5,36.8,33.28],[3.6,-58,0,0,0,0,1,1,1,1]],[3,0,75,[14]],[1,"star_win",3,[-256],[0,"4eBlNopApNopf2Ndsvh7HQ",1,0],[5,36.8,33.28],[-70,-58,0,0,0,0,1,1,1,1]],[3,0,77,[15]],[1,"star_win",3,[-257],[0,"edghIXJJZD5I6zECEORfhT",1,0],[5,36.8,33.28],[-33.2,-58,0,0,0,0,1,1,1,1]],[3,0,79,[16]],[1,"star_win",3,[-258],[0,"81FivBKFVFfI9MrIY47vnD",1,0],[5,36.8,33.28],[3.6,-58,0,0,0,0,1,1,1,1]],[3,0,81,[17]],[4,"powerIcon",30,[[2,-259,[20],21]],[0,"ffsKrHFD9JeqFrtufGV6+q",1,0],[5,81,82],[0,0,0,0,0,0,1,0.4,0.4,1]],[20,3,65,27,11,[72,74,76],[78,80,82],68,67,70],[7,"xypartimg",4,[[2,-260,[26],27]],[0,"f8OmzFKltFKai1pjLd6HAV",1,0],[5,257,222]],[11,"xychapterbg",4,[-261],[0,"f2U0eWZwpAjY5MtpNW5neG",1,0],[5,192,166]],[5,86,[28]],[1,"331",33,[-262],[0,"a8OgRri7xMBZkmJZoXbQih",1,0],[5,118,207],[34.288,-48.003,0,0,0,0,1,1,1,1]],[5,88,[31]],[18,33,[32]],[11,"specialPartImg",4,[-263],[0,"731H85siRCS63TuB3M5Td4",1,0],[5,190,164]],[5,91,[33]],[1,"star_black",4,[-264],[0,"a5bo5P4OBCbYdzJh/j9OKS",1,0],[5,36.8,33.28],[-70,-58,0,0,0,0,1,1,1,1.53846]],[3,0,93,[34]],[1,"star_black",4,[-265],[0,"daJ7C04rtEoZOvLojVpEqb",1,0],[5,36.8,33.28],[-33.2,-58,0,0,0,0,1,1,1,1.53846]],[3,0,95,[35]],[1,"star_black",4,[-266],[0,"893Bs1ssRENpxlabFUe5H3",1,0],[5,36.8,33.28],[3.6,-58,0,0,0,0,1,1,1,1.53846]],[3,0,97,[36]],[1,"star_win",4,[-267],[0,"7aOVr5DOdPs50GU6Rz0szh",1,0],[5,36.8,33.28],[-70,-58,0,0,0,0,1,1,1,1.53846]],[3,0,99,[37]],[1,"star_win",4,[-268],[0,"675kuAsjtGE5/ulRb4IdhY",1,0],[5,36.8,33.28],[-33.2,-58,0,0,0,0,1,1,1,1.53846]],[3,0,101,[38]],[1,"star_win",4,[-269],[0,"48oT037UVCrbxFsiwOurX3",1,0],[5,36.8,33.28],[3.6,-58,0,0,0,0,1,1,1,1.53846]],[3,0,103,[39]],[4,"powerIcon",35,[[2,-270,[42],43]],[0,"02zETVmKNAE4jMBoVJMUad",1,0],[5,81,82],[0,0,0,0,0,0,1,0.4,0.4,1]],[20,4,87,32,12,[94,96,98],[100,102,104],90,89,92],[7,"xypartimg",5,[[2,-271,[48],49]],[0,"b2dv2VWvFKF5LOOS5oNP/T",1,0],[5,257,222]],[11,"xychapterbg",5,[-272],[0,"d0SzRMteZEIpsiNvYcbISp",1,0],[5,192,166]],[5,108,[50]],[1,"331",38,[-273],[0,"cfDz2nAJxPbLD1qeo7Ym8j",1,0],[5,118,207],[34.288,-48.003,0,0,0,0,1,1,1,1]],[5,110,[53]],[18,38,[54]],[11,"specialPartImg",5,[-274],[0,"7efKO0kvZL05GduWpUs65W",1,0],[5,190,164]],[5,113,[55]],[1,"star_black",5,[-275],[0,"09uLJ7XY5DNLXASsQyATG3",1,0],[5,36.8,33.28],[-70,-58,0,0,0,0,1,1,1,1.53846]],[3,0,115,[56]],[1,"star_black",5,[-276],[0,"bfG5156XtNPrZVRUv5plVE",1,0],[5,36.8,33.28],[-33.2,-58,0,0,0,0,1,1,1,1.53846]],[3,0,117,[57]],[1,"star_black",5,[-277],[0,"87552IhwNBjZVCK84xG+qS",1,0],[5,36.8,33.28],[3.6,-58,0,0,0,0,1,1,1,1.53846]],[3,0,119,[58]],[1,"star_win",5,[-278],[0,"b1MLtYqq5Fd4yIIjI/9Lgq",1,0],[5,36.8,33.28],[-70,-58,0,0,0,0,1,1,1,1.53846]],[3,0,121,[59]],[1,"star_win",5,[-279],[0,"38T9jNTYlF0KmoBxy87cv9",1,0],[5,36.8,33.28],[-33.2,-58,0,0,0,0,1,1,1,1.53846]],[3,0,123,[60]],[1,"star_win",5,[-280],[0,"dbeJtbg8RA85A9h8V/SRZ6",1,0],[5,36.8,33.28],[3.6,-58,0,0,0,0,1,1,1,1.53846]],[3,0,125,[61]],[4,"powerIcon",40,[[2,-281,[64],65]],[0,"0euZ0FPCdE7pyCJaYQ33L0",1,0],[5,81,82],[0,0,0,0,0,0,1,0.4,0.4,1]],[20,5,109,37,13,[116,118,120],[122,124,126],112,111,114],[7,"xypartimg",6,[[2,-282,[70],71]],[0,"56Sgc1FkxCmY3s+hZWNZja",1,0],[5,257,222]],[11,"xychapterbg",6,[-283],[0,"6a/x401QlOHK7E7ZBDMLAp",1,0],[5,192,166]],[5,130,[72]],[1,"331",43,[-284],[0,"6cNHh5chlOg7fy7TNlY0en",1,0],[5,118,207],[34.288,-48.003,0,0,0,0,1,1,1,1]],[5,132,[75]],[18,43,[76]],[11,"specialPartImg",6,[-285],[0,"55A6KGBWpA06KQh9MTTxw3",1,0],[5,190,164]],[5,135,[77]],[1,"star_black",6,[-286],[0,"57iHZ/xsVCbLftxUWq/tCH",1,0],[5,36.8,33.28],[-70,-58,0,0,0,0,1,1,1,1.53846]],[3,0,137,[78]],[1,"star_black",6,[-287],[0,"4fKaLaWvlCs58pckUVT4tE",1,0],[5,36.8,33.28],[-33.2,-58,0,0,0,0,1,1,1,1.53846]],[3,0,139,[79]],[1,"star_black",6,[-288],[0,"79NSaw2c1CA4iknjvEbf5b",1,0],[5,36.8,33.28],[3.6,-58,0,0,0,0,1,1,1,1.53846]],[3,0,141,[80]],[1,"star_win",6,[-289],[0,"21hwB2XLJGnbo+NChI4xAI",1,0],[5,36.8,33.28],[-70,-58,0,0,0,0,1,1,1,1.53846]],[3,0,143,[81]],[1,"star_win",6,[-290],[0,"adVraMmbxN+byOrIZ7Vdc8",1,0],[5,36.8,33.28],[-33.2,-58,0,0,0,0,1,1,1,1.53846]],[3,0,145,[82]],[1,"star_win",6,[-291],[0,"61M8MI/lVEkrL3C4ivF+HP",1,0],[5,36.8,33.28],[3.6,-58,0,0,0,0,1,1,1,1.53846]],[3,0,147,[83]],[4,"powerIcon",45,[[2,-292,[86],87]],[0,"dfetSPNd9HWYqXH5KNaypC",1,0],[5,81,82],[0,0,0,0,0,0,1,0.4,0.4,1]],[20,6,131,42,14,[138,140,142],[144,146,148],134,133,136],[7,"xypartimg",2,[[2,-293,[92],93]],[0,"0dMg5sY+ROSJHJV1gK+9h4",1,0],[5,257,222]],[11,"xychapterbg",2,[-294],[0,"85JcCOR4dEzbMuQztqIJOk",1,0],[5,192,166]],[5,152,[94]],[1,"chapterBoss1",2,[-295],[0,"39WvJHq1ND/4nxbe6pcyUq",1,0],[5,155,114],[0,143.069,0,0,0,0,1,1,1,1]],[5,154,[97]],[1,"331",48,[-296],[0,"680780hGtFe7lhT/tjgZGT",1,0],[5,118,207],[34.288,-48.003,0,0,0,0,1,1,1,1]],[5,156,[98]],[18,48,[99]],[11,"specialPartImg",2,[-297],[0,"2eE/qbHB5Cw56mw/QlHIBY",1,0],[5,190,164]],[5,159,[100]],[1,"skin1",21,[-298],[0,"b4wv/NwNRCA5MQuFiH53ZB",1,0],[5,72,65],[0,-15.901,0,0,0,0,1,0.5,0.5,1]],[5,161,[101]],[1,"star_black",2,[-299],[0,"4dr5EswMFHa6ktqxnKsGQP",1,0],[5,36.8,33.28],[-70,-58,0,0,0,0,1,1,1,1.53846]],[3,0,163,[106]],[1,"star_black",2,[-300],[0,"0dhKUgNhhHnLkSeGiRt5mg",1,0],[5,36.8,33.28],[-33.2,-58,0,0,0,0,1,1,1,1.53846]],[3,0,165,[107]],[1,"star_black",2,[-301],[0,"a34zg8zqZMlLaapoQpfrOK",1,0],[5,36.8,33.28],[3.6,-58,0,0,0,0,1,1,1,1.53846]],[3,0,167,[108]],[1,"star_win",2,[-302],[0,"fdH1CqKrVDl4wYdawRExFj",1,0],[5,36.8,33.28],[-70,-58,0,0,0,0,1,1,1,1.53846]],[3,0,169,[109]],[1,"star_win",2,[-303],[0,"813syq1sNDaKxbJqOEeAiA",1,0],[5,36.8,33.28],[-33.2,-58,0,0,0,0,1,1,1,1.53846]],[3,0,171,[110]],[1,"star_win",2,[-304],[0,"07aVslSDBDca50OgHDOP/i",1,0],[5,36.8,33.28],[3.6,-58,0,0,0,0,1,1,1,1.53846]],[3,0,173,[111]],[4,"powerIcon",51,[[2,-305,[114],115]],[0,"6dGgDA+1dPWLQsztdPEV9X",1,0],[5,81,82],[0,0,0,0,0,0,1,0.4,0.4,1]],[49,2,153,47,15,155,[164,166,168],[170,172,174],158,157,160,162,[120,121,122,123,124],49],[50,false,0.75,0.1,null,null,19,[[6,"6a7b2mAlINF2J9IVBhabLe0","scrollEvent",1]],8],[1,"xychapter1",7,[-306],[0,"24XYDj/tNKhpKIKs2xZdHI",1,0],[5,124,126],[-335.518,-225.801,0,0,0,0,1,1,1,1]],[5,178,[127]],[1,"xychapter2",7,[-307],[0,"9dpdiGGp5E069DBJhreqH2",1,0],[5,102,110],[-181.078,-216.506,0,0,0,0,1,1,1,1]],[5,180,[128]],[1,"xychapter3",7,[-308],[0,"63EYAdT1VD27PGVdZU3iZU",1,0],[5,101,83],[-56.664,-176.659,0,0,0,0,1,1,1,1]],[5,182,[129]],[1,"xychapter4",7,[-309],[0,"4akOmY7rpA+b7HCehN64uC",1,0],[5,120,90],[74.997,-233.324,0,0,0,0,1,1,1,1]],[5,184,[130]],[1,"xychapter5",7,[-310],[0,"64sZswiY9J+qB3gAIitsre",1,0],[5,101,103],[232.252,-218.475,0,0,0,0,1,1,1,1]],[5,186,[131]],[7,"lv_imgJt",17,[[2,-311,[132],133]],[0,"a5bfebbStJQKl7GC/RxxEV",1,0],[5,81,63]],[7,"lv_imgbk",16,[[2,-312,[136],137]],[0,"294sHykTRGdYIS5NEuZQhR",1,0],[5,80,85]],[4,"win_star",18,[[2,-313,[140],141]],[0,"2bcp8cNPZEAKbj0ho6z4UY",1,0],[5,115,104],[-110,-1,0,0,0,0,1,0.79,0.79,1]],[1,"star_count",18,[-314],[0,"bdOMmZBSNOfLatndDif75/",1,0],[5,107.05,47.88],[15,0,0,0,0,0,1,1,1,1]],[31,"0/1234",35,38,1,1,191,[142]],[4,"power_add",22,[[2,-315,[147],148]],[0,"80aBoLwMBFa7D4Gn9qhJFd",1,0],[5,30,30],[-46.352,1.393,0,0,0,0,1,1,1,1]],[37,"power_left",22,[-316],[0,"51C3qIT/RKb4R6jrYn5Uq5",1,0],[5,0,25.2],[0,1,0.5],[24.352,1.062,0,0,0,0,1,1,1,1]],[48,20,20,1,1,194,[149]],[1,"power_lab",10,[-317],[0,"8aSIFD7UdJXJc5h7mxFJGN",1,0],[5,87.59,47.88],[-4,0,0,0,0,0,1,1,1,1]],[31,"15/20",35,38,1,1,196,[152]],[4,"sign_btn",9,[[2,-318,[159],160]],[0,"0anegH5H1I3Y4ZyYIxdazU",1,0],[5,116,102],[2.938,11.598,0,0,0,0,1,1,1,1]],[4,"redTip",24,[[2,-319,[165],166]],[0,"80ygfc43tFQoYd38dCxS33",1,0],[5,38,52],[3.459,6.918,0,0,0,0,1,1,1,1]]],0,[0,6,1,0,0,1,0,0,1,0,7,9,0,8,16,0,9,8,0,10,177,0,-1,84,0,-2,106,0,-3,128,0,-4,150,0,-5,176,0,11,192,0,-1,179,0,-2,181,0,-3,183,0,-4,185,0,-5,187,0,-1,53,0,-2,54,0,-3,55,0,-4,56,0,-5,57,0,0,1,0,-1,25,0,-2,62,0,-3,7,0,-4,17,0,-5,16,0,-6,18,0,-7,10,0,-8,9,0,-1,176,0,5,2,0,0,2,0,-1,151,0,-2,152,0,-3,47,0,-4,154,0,-5,48,0,-6,159,0,-7,21,0,-8,163,0,-9,165,0,-10,167,0,-11,169,0,-12,171,0,-13,173,0,-14,15,0,-1,84,0,5,3,0,0,3,0,-1,63,0,-2,64,0,-3,27,0,-4,28,0,-5,69,0,-6,71,0,-7,73,0,-8,75,0,-9,77,0,-10,79,0,-11,81,0,-12,11,0,-1,106,0,5,4,0,0,4,0,-1,85,0,-2,86,0,-3,32,0,-4,33,0,-5,91,0,-6,93,0,-7,95,0,-8,97,0,-9,99,0,-10,101,0,-11,103,0,-12,12,0,-1,128,0,5,5,0,0,5,0,-1,107,0,-2,108,0,-3,37,0,-4,38,0,-5,113,0,-6,115,0,-7,117,0,-8,119,0,-9,121,0,-10,123,0,-11,125,0,-12,13,0,-1,150,0,5,6,0,0,6,0,-1,129,0,-2,130,0,-3,42,0,-4,43,0,-5,135,0,-6,137,0,-7,139,0,-8,141,0,-9,143,0,-10,145,0,-11,147,0,-12,14,0,-1,178,0,-2,180,0,-3,182,0,-4,184,0,-5,186,0,-6,53,0,-7,54,0,-8,55,0,-9,56,0,-10,57,0,0,8,0,0,9,0,0,9,0,12,24,0,0,9,0,0,9,0,-1,198,0,-2,60,0,-3,24,0,0,10,0,0,10,0,13,195,0,14,23,0,15,197,0,0,10,0,-1,58,0,-2,22,0,-3,196,0,-4,23,0,0,11,0,0,11,0,-1,29,0,-2,30,0,0,12,0,0,12,0,-1,34,0,-2,35,0,0,13,0,0,13,0,-1,39,0,-2,40,0,0,14,0,0,14,0,-1,44,0,-2,45,0,0,15,0,0,15,0,-1,50,0,-2,51,0,0,16,0,0,16,0,0,16,0,-1,189,0,0,17,0,0,17,0,0,17,0,-1,188,0,0,18,0,0,18,0,-1,190,0,-2,191,0,0,19,0,-2,177,0,-1,20,0,0,20,0,0,20,0,0,21,0,-1,161,0,-2,49,0,0,22,0,-1,193,0,-2,194,0,0,23,0,-1,59,0,0,24,0,-1,199,0,0,25,0,-1,26,0,0,26,0,0,26,0,0,27,0,-1,68,0,-1,66,0,0,29,0,0,29,0,-1,83,0,-2,31,0,0,31,0,0,31,0,0,32,0,-1,90,0,-1,88,0,0,34,0,0,34,0,-1,105,0,-2,36,0,0,36,0,0,36,0,0,37,0,-1,112,0,-1,110,0,0,39,0,0,39,0,-1,127,0,-2,41,0,0,41,0,0,41,0,0,42,0,-1,134,0,-1,132,0,0,44,0,0,44,0,-1,149,0,-2,46,0,0,46,0,0,46,0,0,47,0,-1,158,0,-1,156,0,0,49,0,0,50,0,0,50,0,-1,175,0,-2,52,0,0,52,0,0,52,0,0,53,0,0,54,0,0,55,0,0,56,0,0,57,0,0,58,0,0,58,0,0,59,0,0,59,0,0,60,0,-1,61,0,0,61,0,0,61,0,0,63,0,-1,65,0,-1,67,0,-1,70,0,-1,72,0,-1,74,0,-1,76,0,-1,78,0,-1,80,0,-1,82,0,0,83,0,0,85,0,-1,87,0,-1,89,0,-1,92,0,-1,94,0,-1,96,0,-1,98,0,-1,100,0,-1,102,0,-1,104,0,0,105,0,0,107,0,-1,109,0,-1,111,0,-1,114,0,-1,116,0,-1,118,0,-1,120,0,-1,122,0,-1,124,0,-1,126,0,0,127,0,0,129,0,-1,131,0,-1,133,0,-1,136,0,-1,138,0,-1,140,0,-1,142,0,-1,144,0,-1,146,0,-1,148,0,0,149,0,0,151,0,-1,153,0,-1,155,0,-1,157,0,-1,160,0,-1,162,0,-1,164,0,-1,166,0,-1,168,0,-1,170,0,-1,172,0,-1,174,0,0,175,0,-1,179,0,-1,181,0,-1,183,0,-1,185,0,-1,187,0,0,188,0,0,189,0,0,190,0,-1,192,0,0,193,0,-1,195,0,-1,197,0,0,198,0,0,199,0,16,1,2,4,8,3,4,8,4,4,8,5,4,8,6,4,8,8,4,20,19,4,62,319],[0,0,0,0,0,0,0,0,0,0,0,0,0,0,0,0,0,0,0,0,0,0,0,0,0,0,0,0,0,0,0,0,0,0,0,0,0,0,0,0,0,0,0,0,0,0,0,0,0,0,0,0,0,0,0,0,0,0,0,0,0,0,0,0,0,0,0,0,0,0,0,0,0,0,0,0,0,0,0,0,0,0,0,0,0,0,0,0,0,0,0,0,0,0,0,0,0,0,0,0,0,0,0,0,0,0,0,0,0,0,0,0,0,0,0,0,0,0,0,0,0,0,0,0,0,0,0,0,0,0,0,0,0,0,0,0,0,0,0,0,0,0,0,0,0,0,0,0,0,0,0,0,0,0,0,0,0,0,0,0,0,0,0,0,0,0,0,0,0,0,0,65,67,70,72,74,76,78,80,82,87,89,92,94,96,98,100,102,104,109,111,114,116,118,120,122,124,126,131,133,136,138,140,142,144,146,148,153,155,157,160,162,164,166,168,170,172,174,179,181,183,185,187],[-1,1,-1,1,-1,1,-1,-1,1,-1,-1,-1,-1,-1,-1,-1,-1,-1,-1,3,-1,1,-1,3,-1,1,-1,1,-1,-1,1,-1,-1,-1,-1,-1,-1,-1,-1,-1,-1,3,-1,1,-1,3,-1,1,-1,1,-1,-1,1,-1,-1,-1,-1,-1,-1,-1,-1,-1,-1,3,-1,1,-1,3,-1,1,-1,1,-1,-1,1,-1,-1,-1,-1,-1,-1,-1,-1,-1,-1,3,-1,1,-1,3,-1,1,-1,1,-1,-1,1,-1,-1,-1,-1,-1,-1,1,-1,1,-1,-1,-1,-1,-1,-1,-1,3,-1,1,-1,3,-1,1,-1,-2,-3,-4,-5,-1,-1,-1,-1,-1,-1,-1,-1,1,-1,1,-1,1,-1,1,-1,1,-1,-1,1,-1,1,-1,1,-1,-1,1,-1,-1,3,-1,1,-1,1,-1,1,-1,3,-1,1,-1,1,-1,1,-1,1,1,1,1,1,1,1,1,1,1,1,1,1,1,1,1,1,1,1,1,1,1,1,1,1,1,1,1,1,1,1,1,1,1,1,1,1,1,1,1,1,1,1,1,1,1,1,1,1,1,1,1,1],[0,16,0,17,0,5,0,0,6,0,0,0,0,0,0,0,0,0,0,3,0,4,0,3,0,7,0,5,0,0,6,0,0,0,0,0,0,0,0,0,0,3,0,4,0,3,0,7,0,5,0,0,6,0,0,0,0,0,0,0,0,0,0,3,0,4,0,3,0,7,0,5,0,0,6,0,0,0,0,0,0,0,0,0,0,3,0,4,0,3,0,7,0,5,0,0,6,0,0,0,0,0,0,18,0,19,0,0,0,0,0,0,0,3,0,4,0,3,0,7,20,12,21,22,23,0,0,0,0,0,0,0,0,24,0,11,0,25,0,11,0,1,0,0,13,0,4,0,26,0,0,27,0,0,3,0,4,0,13,0,28,0,3,0,29,0,30,0,31,0,11,8,9,10,2,2,2,1,1,1,8,9,10,2,2,2,1,1,1,8,9,10,2,2,2,1,1,1,8,9,10,2,2,2,1,1,1,8,32,9,10,12,2,2,2,1,1,1,33,34,35,36,37]],[[{"name":"331","rect":[281,221,118,207],"offset":[0,0],"originalSize":[118,207],"capInsets":[0,0,0,0]}],[0],0,[0],[2],[38]],[[{"name":"btn_xychapter4","rect":[0,0,120,90],"offset":[0,0],"originalSize":[120,90],"capInsets":[0,0,0,0]}],[0],0,[0],[2],[39]],[[{"name":"xy_bg_pre","rect":[0,0,1612,310],"offset":[0,0],"originalSize":[1612,310],"capInsets":[0,0,0,0]}],[0],0,[0],[2],[40]],[[{"name":"skin18","rect":[5,3,69,65],"offset":[-24.5,-1.5],"originalSize":[128,68],"capInsets":[0,0,0,0]}],[0],0,[0],[2],[41]],[[{"name":"chapterBoss1","rect":[0,0,155,114],"offset":[0,0],"originalSize":[155,114],"capInsets":[0,0,0,0]}],[0],0,[0],[2],[42]],[[{"name":"xychapter2_4","rect":[0,0,190,164],"offset":[0,0],"originalSize":[190,164],"capInsets":[0,0,0,0]}],[0],0,[0],[2],[43]],[[{"name":"plantSkinView_1","rect":[0,0,54,80],"offset":[0,0],"originalSize":[54,80],"capInsets":[0,0,0,0]}],[0],0,[0],[2],[44]],[[{"name":"btn_xychapter3","rect":[0,0,101,83],"offset":[0,0],"originalSize":[101,83],"capInsets":[0,0,0,0]}],[0],0,[0],[2],[45]],[[{"name":"btn_xychapter2","rect":[0,0,102,110],"offset":[0,0],"originalSize":[102,110],"capInsets":[0,0,0,0]}],[0],0,[0],[2],[46]],[[{"name":"xypartimg","rect":[0,0,257,222],"offset":[0,0],"originalSize":[257,222],"capInsets":[0,0,0,0]}],[0],0,[0],[2],[47]],[[{"name":"xy_bg","rect":[0,0,1680,720],"offset":[0,0],"originalSize":[1680,720],"capInsets":[0,0,0,0]}],[0],0,[0],[2],[48]],[[{"name":"skin6","rect":[5,4,80,64],"offset":[-19,-2],"originalSize":[128,68],"capInsets":[0,0,0,0]}],[0],0,[0],[2],[49]],[[{"name":"skin4","rect":[4,4,84,64],"offset":[-18,-2],"originalSize":[128,68],"capInsets":[0,0,0,0]}],[0],0,[0],[2],[50]],[[{"name":"skin2","rect":[3,3,72,65],"offset":[-25,-1.5],"originalSize":[128,68],"capInsets":[0,0,0,0]}],[0],0,[0],[2],[51]],[[{"name":"btn_xychapter1","rect":[0,0,124,126],"offset":[0,0],"originalSize":[124,126],"capInsets":[0,0,0,0]}],[0],0,[0],[2],[52]]]]