[1,["ecpdLyjvZBwrvm+cedCcQy","19d482d94","1a4253cf1","caohSHbS5GEIzmwCrnMGn5","ffPhBTLU1BxbDvJnHNePJO","02O+0dlppJxqUqyBlDcUcx","13a897a4e","7a/QZLET9IDreTiBfRn2PD","7f77mB2w1AnK/TDboDKVjB","cb/avbmCpLaIIZ5ojjI2n/","46hZz3HEBKJLKU1krX3zFd","90fS1YrhVA8oHL/sKWF4Yn","b4e7wNI79FLrWxBZ+JgICZ","3dfZgFvIBKWazxILjQmfv2","c7xCtsirFPgrlqc3VwVhTS","764LwI4C5D2o91mA2VTRCk","8chzC1ayxN9ZySFGu0qBkk","8euK8kl3lAIJs2tbY2ywBA","8fmSjqDGROjpneaX7gFm1S","bcgmU2ddBDFKnjI3/2o0Ls","2dpCw2mG5G1Y6jj2fagc0k","faUENlvPJJD4WyZq7maajf","f5gSJkRdNF1ryMpsXVaTpb","b5w2bvbghKSpRoKGe7Yh5A","f0enFH5oRIHaJNlrQsZN5S","b8TPRxn05ND691GmcYZ2s8","c2kIMWHORBSpI4r/xBLFhr","8bTJbJxeRNupvQhP4MKZRt","64IAHuwOJCoJnLhhQ/vaak","38PhdP7u5IZof6eaPjuRBR","d4+Wj6w1xEPLJbzWCvA8yw","f8EXzBw+lO17lSx+YU1k6a","1bUxcYRkhNyYdtNbPX0Use","e3CI6VznJK44Nh8qso48pt","d25VhDsKhP64E/ei7HXvSx","96nr8qscdDb7PBCRYCai8b","25jqjYaT1LPrUQdI7moVXP","2bplaEjn5HKYTlv+sEeJRn","7bTQ58jUZGvKcKBsfxZ6VU","35Ou37lD1P0IV0qNKU+AdM","4eSJWQyPdKo5o15RHXdtDE","4a3oodILtFU5P4UD2bQ5L6","8cosxEsvFHJp33SgwbL1LU"],["node","_textureSetter","_spriteFrame","_N$file","_N$skeletonData","_N$normalSprite","_N$pressedSprite","_N$hoverSprite","_N$disabledSprite","root","diamond","dialogDave","rightLightBtn","leftLightBtn","shopContent","mainBtn","mainBtnNode","coin","nightbackWindow","nightWindow","backCarCloseDoor","backCarDoor","backCarNode","bg","tipNode","data","_parent","dave","spineAnimation","itemPrefab"],["cc.SpriteFrame",["cc.Node",["_name","_active","_prefab","_parent","_components","_contentSize","_trs","_children","_eulerAngles","_color"],1,4,1,9,5,7,2,5,5],["cc.Label",["_string","_fontSize","_N$horizontalAlign","_N$verticalAlign","_isSystemFontUsed","_lineHeight","_N$overflow","node","_materials","_N$file"],-4,1,3,6],["cc.Node",["_name","_parent","_components","_prefab","_contentSize","_trs","_color","_anchorPoint"],2,1,2,4,5,7,5,5],["cc.Sprite",["_sizeMode","_type","_isTrimmedMode","node","_materials","_spriteFrame"],0,1,3,6],["cc.Node",["_name","_parent","_components","_prefab","_contentSize","_children","_trs"],2,1,12,4,5,2,7],["cc.PrefabInfo",["fileId","root","asset"],2,1,1],["cc.Button",["_N$transition","node","clickEvents"],2,1,9],["sp.Skeleton",["defaultSkin","defaultAnimation","_preCacheMode","_animationName","loop","_playTimes","node","_materials","_N$skeletonData"],-3,1,3,6],["cc.Prefab",["_name"],2],["cc.Widget",["_alignFlags","node"],2,1],["cc.BlockInputEvents",["node"],3,1],["33f42AEVkRP07M+oYZJtsjF",["node","bg","bgFrames","backCarNode","backCarDoor","backCarCloseDoor","nightWindow","nightbackWindow","coin","mainBtnNode","mainBtn","mainBtnFrames","shopContent","leftLightBtn","rightLightBtn","dialogDave","diamond","nightCar","itemPrefab"],3,1,1,3,1,1,1,1,1,1,1,1,3,1,1,1,1,1,2,6],["cc.ClickEvent",["_componentId","handler","target"],1,1],["0c8c7sXsaRMZ4adaa2ij6aR",["type","node","tipNode"],2,1,1],["cc.LabelOutline",["_width","node","_color"],2,1,5],["b5b2cEuGkdC97sMnawdSsxr",["node","dialogNode","word","continueNode"],3,1,1,1,1],["261d4+Q1HdGA5w3tjdBw83c",["node"],3,1]],[[6,0,1,2,2],[4,3,4,5,1],[1,0,3,7,4,2,5,6,2],[1,0,3,4,2,5,6,2],[1,0,1,3,4,2,5,3],[13,0,1,2,3],[15,0,1,2,2],[4,0,3,4,5,2],[7,1,2,1],[2,0,1,4,2,3,7,8,9,6],[1,0,7,4,2,5,6,2],[1,0,1,3,7,4,2,5,6,3],[1,0,3,4,2,5,6,8,2],[5,0,1,5,2,3,4,6,2],[10,0,1,2],[4,1,0,2,3,4,5,4],[7,0,1,2,2],[9,0,2],[1,0,3,7,2,6,2],[1,0,3,4,2,9,5,6,2],[1,0,1,3,4,2,6,3],[1,0,3,2,2],[1,0,3,4,2,5,2],[5,0,1,5,2,3,4,2],[5,0,1,2,3,4,6,2],[3,0,1,2,3,4,5,2],[3,0,1,2,3,4,2],[3,0,1,2,3,6,4,5,2],[3,0,1,2,3,6,4,7,5,2],[11,0,1],[12,0,1,2,3,4,5,6,7,8,9,10,11,12,13,14,15,16,17,18,1],[6,1,2,1],[4,3,4,1],[14,0,1,2,2],[2,0,1,5,4,2,3,7,8,9,7],[2,0,1,5,4,2,3,6,7,8,8],[2,0,1,5,2,3,7,8,6],[2,0,1,4,2,3,7,8,6],[8,0,1,2,3,6,7,8,5],[8,0,1,2,4,3,5,6,7,7],[16,0,1,2,3,1],[17,0,1]],[[[{"name":"r_car_light","rect":[302,864,144,210],"offset":[0,0],"originalSize":[144,210],"rotated":1,"capInsets":[0,0,0,0]}],[0],0,[0],[1],[1]],[[{"name":"main_txt","rect":[907,211,165,64],"offset":[0,0],"originalSize":[165,64],"rotated":1,"capInsets":[0,0,0,0]}],[0],0,[0],[1],[1]],[[{"name":"l_car_light1","rect":[907,382,133,103],"offset":[0,0],"originalSize":[133,103],"rotated":1,"capInsets":[0,0,0,0]}],[0],0,[0],[1],[1]],[[{"name":"r_car_light2","rect":[3,3,189,115],"offset":[0,0],"originalSize":[189,115],"rotated":1,"capInsets":[0,0,0,0]}],[0],0,[0],[1],[6]],[[{"name":"buy_btn","rect":[651,916,280,99],"offset":[0,0],"originalSize":[280,99],"capInsets":[0,0,0,0]}],[0],0,[0],[1],[1]],[[{"name":"back_card_door","rect":[625,494,462,183],"offset":[0,0],"originalSize":[462,183],"rotated":1,"capInsets":[0,0,0,0]}],[0],0,[0],[1],[2]],[[{"name":"open_car_night","rect":[0,0,1019,698],"offset":[0,0],"originalSize":[1019,698],"capInsets":[0,0,0,0]}],[0],0,[0],[1],[9]],[[[17,"ShopView"],[10,"ShopView",[-24,-25,-26,-27,-28,-29,-30,-31,-32,-33],[[14,45,-2],[29,-3],[30,-23,-22,[59,60],-21,-20,-19,-18,-17,-16,-15,-14,[61,62],-13,-12,-11,-10,-9,[-4,-5,-6,-7,-8],63]],[31,-1,0],[5,1280,720],[640,360,0,0,0,0,1,1,1,1]],[18,"back_car",1,[-34,-35,-36,-37,-38],[0,"bbh8MFWhxEDK6+1P+gXXeu",1,0],[-23.361,30,0,0,0,0,1,1,1,1]],[2,"equip_btn",1,[-43,-44,-45],[[1,-39,[55],56],[16,3,-40,[[5,"33f42AEVkRP07M+oYZJtsjF","clickEquipBtn",1]]],[33,11,-42,-41]],[0,"6aZhHivglGfoKShsAr+23g",1,0],[5,280,99],[-416,-298,0,0,0,0,1,1,1,0]],[10,"dialog_board",[-47,-48,-49],[[15,1,0,false,-46,[34],35]],[0,"b4ojgDCWRKl7eElhpymRDK",1,0],[5,380,360],[-242.389,160,0,0,0,0,1,1,1,1]],[13,"l_car_light",2,[-52,-53],[[[1,-50,[13],14],-51],4,1],[0,"9amN4RDSFPe5xkts9xna5l",1,0],[5,130,225],[-98.485,-214.604,0,0,0,0,1,1,1,0]],[13,"r_car_light",2,[-56,-57],[[[1,-54,[19],20],-55],4,1],[0,"a2E8JQVmRAyZgH3zoWnRWl",1,0],[5,144,210],[494.852,-208.228,0,0,0,0,1,1,1,1]],[2,"coin_node",1,[-59,-60,-61],[[15,1,0,false,-58,[42],43]],[0,"f8h63DxtdDNKr4OD+Ww7UK",1,0],[5,290,60],[488.14,-313.963,0,0,0,0,1,1,1,1]],[2,"main_btn",1,[-64],[[7,2,-62,[45],46],[16,3,-63,[[5,"33f42AEVkRP07M+oYZJtsjF","clickMainView",1]]]],[0,"d9lJFbaN1DMZs83JfZuFnJ",1,0],[5,293,114],[181.401,-280.988,0,0,0,0,1,1,1,0]],[2,"back_car_door",2,[-66],[[1,-65,[7],8]],[0,"5dli24sCRKP71vdTgxD0PO",1,0],[5,462,183],[231.539,241.749,0,0,0,0,1,1,1,1]],[11,"close_door",false,2,[-68],[[1,-67,[23],24]],[0,"a6GYOvl4RNCbV2SytCN2oY",1,0],[5,693,616],[281.088,-15.293,0,0,0,0,1,1,1,1]],[4,"night_back_card_door",false,10,[[1,-69,[21],22]],[0,"90gQkYJEVJMr25XrL70hv+",1,0],[5,693,616]],[2,"night_window",1,[-71],[[1,-70,[27],28]],[0,"b02yVFaMhNIoX5ThM7QAsY",1,0],[5,907,199],[240.574,-8.559,0,0,0,0,1,1,1,1]],[23,"dialog_node",1,[4],[[[14,45,-72],-73],4,1],[0,"a3bm7b8ShDbZvS61HM5pne",1,0],[5,1280,720]],[11,"red",false,3,[-75],[[1,-74,[53],54]],[0,"9bOloRHgxLWI6WV+VYmHRU",1,0],[5,63,75],[119.392,64.356,0,0,0,0,1,0.75,0.75,1]],[2,"car",1,[-77],[[7,2,-76,[3],4]],[0,"f8voWRrbdJLaO67kTYm9KY",1,0],[5,1024,698],[297.639,-9.268,0,0,0,0,1,1,1,1]],[4,"open_car_night",false,15,[[7,2,-78,[1],2]],[0,"5fbLX3+c9B6py+jwyqG/FG",1,0],[5,1019,698]],[4,"back_card_door_night",false,9,[[1,-79,[5],6]],[0,"28dK/K0tlLSJ2SzxAkSZyU",1,0],[5,462,183]],[4,"l_car_light_night",false,5,[[1,-80,[9],10]],[0,"57EYGUcqVELY7ujRWM8wNZ",1,0],[5,130,225]],[12,"txt",5,[[9,"上\n一\n页",45,false,1,1,-81,[11],12],[6,2,-82,[4,4283910912]]],[0,"53c0X1UzlFcIfRjI1Qbqna",1,0],[5,49,134.4],[-3.417,5.108,0,0,0,0.05398296009646809,0.9985418569189892,1,1,1],[1,0,0,6.189]],[4,"r_car_light_night",false,6,[[1,-83,[15],16]],[0,"adp23oeBtAk4zgd7I1qilx",1,0],[5,144,210]],[12,"txt",6,[[9,"下\n一\n页",45,false,1,1,-84,[17],18],[6,2,-85,[4,4283910912]]],[0,"11/Ujy3qRJOJsnmJnu6Pfv",1,0],[5,49,134.4],[5.46,-1.211,0,0,0,-0.10887554962584528,0.9940553881417625,1,1,1],[1,0,0,-12.501000000000001]],[19,"continue",4,[[34,"点击继续",33,36,false,1,1,-86,[31],32]],[0,"e4EkzA60RACo+SJ4zHls8H",1,0],[4,4278190080],[5,132,45.36],[-7,-134,0,0,0,0,1,1,1,1]],[25,"Dave",1,[-87,-88],[0,"9d7KyGj85Be7ae26k6RVRt",1,0],[5,439,793.114990234375],[-548.365,-138.242,0,0,0,0,1,1,1,1]],[3,"equip_2",7,[[1,-89,[40],41],[8,-90,[[5,"33f42AEVkRP07M+oYZJtsjF","clickBuyMoreCoin",1]]]],[0,"4cMfNYqmdPO6Mcy5CeYj1d",1,0],[5,39,39],[-58.53,-13.378,0,0,0,0,1,1,1,1]],[24,"txt",8,[[-91,[6,2,-92,[4,4283910912]]],1,4],[0,"e204/EQINNJq1nM/DmtK7m",1,0],[5,139,54.4],[0,5.479,0,0,0,0,1,1,1,1]],[3,"txt",3,[[9,"道具装备",35,false,1,1,-93,[47],48],[6,2,-94,[4,4281614728]]],[0,"f2gs8rTT9OJaH2kN0H0C3t",1,0],[5,144,54.4],[43.216,6.344,0,0,0,0,1,1,1,1]],[20,"diamond",false,1,[[38,"default","pr1_1",0,"pr1_1",-95,[57],58]],[0,"78X6Xua7lD1rDTZ9EWsvX6",1,0],[281,-288,0,0,0,0,1,1,1,1]],[26,"day_shop_bg",1,[-96],[0,"f4kbS4faRJ/7qmSQf1HVQ7",1,0],[5,1680,720]],[32,28,[0]],[8,5,[[5,"33f42AEVkRP07M+oYZJtsjF","clickPrePage",1]]],[8,6,[[5,"33f42AEVkRP07M+oYZJtsjF","clickNextPage",1]]],[21,"ShopContent",2,[0,"eaigrp3xNIbphzmckD2JFk",1,0]],[22,"night_window_night",12,[[1,-97,[25],26]],[0,"99g//SuIxPHJ66l/GPhpD3",1,0],[5,907,199]],[3,"dialog_board_2",4,[[1,-98,[29],30]],[0,"beyv3y2j9N0qe1HauFgEUO",1,0],[5,60,41],[-86,-197.1,0,0,0,0,1,1,1,1]],[27,"tip",4,[-99],[0,"14riT/lOxMMYu40kkYqCwD",1,0],[4,4278190080],[5,360,63],[4,58.193,0,0,0,0,1,1,1,1]],[35,"1",36,50,false,1,1,3,35,[33]],[40,13,4,36,22],[41,23],[39,"default","1enter1",0,false,"1enter1",1,23,[36]],[3,"coin_icon",7,[[1,-100,[37],38]],[0,"83sTyQ+ulM5qdnJ8BY5mab",1,0],[5,83,68],[-99,5,0,0,0,0,1,1,1,1]],[28,"coin_count",7,[-101],[0,"f2Q0Yj/99PvZomPxLkpvXT",1,0],[4,4283689900],[5,153.21,40.32],[0,1,0.5],[123,1,0,0,0,0,1,1,1,1]],[36,"123,123456",29,32,1,1,41,[39]],[37,"主菜单",45,false,1,1,25,[44]],[3,"equip_1",3,[[1,-102,[49],50]],[0,"b9P8mkjNtPt5vySqo1TcI/",1,0],[5,128,105],[-81.89,8.393,0,0,0,0,1,0.8,0.8,1]],[3,"redTip",14,[[1,-103,[51],52]],[0,"0aXf5qBlVDtqiwiwIiQPb7",1,0],[5,38,52],[3.459,6.918,0,0,0,0,1,1,1,1]]],0,[0,9,1,0,0,1,0,0,1,0,-1,16,0,-2,17,0,-3,18,0,-4,20,0,-5,11,0,10,27,0,11,37,0,12,31,0,13,30,0,14,32,0,15,43,0,16,8,0,17,42,0,18,11,0,19,12,0,20,10,0,21,9,0,22,2,0,23,29,0,0,1,0,-1,28,0,-2,15,0,-3,2,0,-4,12,0,-5,13,0,-6,23,0,-7,7,0,-8,8,0,-9,3,0,-10,27,0,-1,9,0,-2,5,0,-3,6,0,-4,32,0,-5,10,0,0,3,0,0,3,0,24,14,0,0,3,0,-1,26,0,-2,44,0,-3,14,0,0,4,0,-1,34,0,-2,22,0,-3,35,0,0,5,0,-2,30,0,-1,18,0,-2,19,0,0,6,0,-2,31,0,-1,20,0,-2,21,0,0,7,0,-1,40,0,-2,41,0,-3,24,0,0,8,0,0,8,0,-1,25,0,0,9,0,-1,17,0,0,10,0,-1,11,0,0,11,0,0,12,0,-1,33,0,0,13,0,-2,37,0,0,14,0,-1,45,0,0,15,0,-1,16,0,0,16,0,0,17,0,0,18,0,0,19,0,0,19,0,0,20,0,0,21,0,0,21,0,0,22,0,-1,39,0,-2,38,0,0,24,0,0,24,0,-1,43,0,0,25,0,0,26,0,0,26,0,0,27,0,-1,29,0,0,33,0,0,34,0,-1,36,0,0,40,0,-1,42,0,0,44,0,0,45,0,25,1,4,26,13,37,27,38,38,28,39,103],[0,0,0,0,0,0,0,0,0,0,0,0,0,0,0,0,0,0,0,0,0,0,0,0,0,0,0,0,0,0,0,0,0,0,0,0,0,0,0,0,0,0,0,0,0,0,0,0,0,0,0,0,0,0,0,0,0,0,0,0,0,0,0,0,29,30,30,30,30,31,31,31,31,36,39,43],[-1,-1,2,-1,2,-1,2,-1,2,-1,2,-1,3,-1,2,-1,2,-1,3,-1,2,-1,2,-1,2,-1,2,-1,2,-1,2,-1,3,-1,-1,2,-1,-1,2,-1,-1,2,-1,2,-1,-1,2,-1,3,-1,2,-1,2,-1,2,-1,2,-1,4,-1,-2,-1,-2,29,2,5,6,7,8,5,6,7,8,3,4,3],[0,0,10,0,11,0,12,0,13,0,14,0,3,0,4,0,15,0,3,0,5,0,16,0,17,0,18,0,19,0,20,0,3,0,0,21,7,0,22,0,0,23,0,24,0,0,25,0,3,0,26,0,27,0,28,0,29,7,30,31,8,32,33,34,8,4,35,36,4,5,37,38,5,3,39,3]],[[{"name":"r_car_light_night","rect":[625,344,144,210],"offset":[0,0],"originalSize":[144,210],"rotated":1,"capInsets":[0,0,0,0]}],[0],0,[0],[1],[2]],[[{"name":"r_car_light1","rect":[3,198,189,115],"offset":[0,0],"originalSize":[189,115],"rotated":1,"capInsets":[0,0,0,0]}],[0],0,[0],[1],[6]],[[{"name":"night_shop_bg","rect":[0,0,1680,720],"offset":[0,0],"originalSize":[1680,720],"capInsets":[0,0,0,0]}],[0],0,[0],[1],[40]],[[{"name":"close_door_night","rect":[3,3,693,616],"offset":[0,0],"originalSize":[693,616],"capInsets":[0,0,0,0]}],[0],0,[0],[1],[1]],[[{"name":"close_door","rect":[3,208,693,616],"offset":[0,0],"originalSize":[693,616],"rotated":1,"capInsets":[0,0,0,0]}],[0],0,[0],[1],[2]],[[{"name":"night_window_night","rect":[702,3,907,199],"offset":[0,0],"originalSize":[907,199],"rotated":1,"capInsets":[0,0,0,0]}],[0],0,[0],[1],[1]],[[{"name":"open_car","rect":[0,0,1024,698],"offset":[0,0],"originalSize":[1024,698],"capInsets":[0,0,0,0]}],[0],0,[0],[1],[41]],[[{"name":"l_car_light2","rect":[907,521,133,103],"offset":[0,0],"originalSize":[133,103],"rotated":1,"capInsets":[0,0,0,0]}],[0],0,[0],[1],[1]],[[{"name":"back_card_door_night","rect":[814,494,462,183],"offset":[0,0],"originalSize":[462,183],"rotated":1,"capInsets":[0,0,0,0]}],[0],0,[0],[1],[2]],[[{"name":"equip_2","rect":[651,625,39,39],"offset":[0,0],"originalSize":[43,43],"capInsets":[0,0,0,0]}],[0],0,[0],[1],[1]],[[{"name":"main_btn","rect":[3,864,293,114],"offset":[0,0],"originalSize":[293,114],"capInsets":[0,0,0,0]}],[0],0,[0],[1],[1]],[[{"name":"night_window","rect":[3,3,907,199],"offset":[0,0],"originalSize":[907,199],"capInsets":[0,0,0,0]}],[0],0,[0],[1],[2]],[[{"name":"equip_1","rect":[907,660,128,105],"offset":[0,0],"originalSize":[128,105],"rotated":1,"capInsets":[0,0,0,0]}],[0],0,[0],[1],[1]],[[{"name":"l_car_light_night","rect":[625,208,130,225],"offset":[0,0],"originalSize":[130,225],"rotated":1,"capInsets":[0,0,0,0]}],[0],0,[0],[1],[2]],[[{"name":"continue_txt","rect":[937,905,112,64],"offset":[0,0],"originalSize":[112,64],"rotated":1,"capInsets":[0,0,0,0]}],[0],0,[0],[1],[1]],[[{"name":"day_shop_bg","rect":[0,0,1680,720],"offset":[0,0],"originalSize":[1680,720],"capInsets":[0,0,0,0]}],[0],0,[0],[1],[42]],[[{"name":"l_car_light","rect":[856,208,130,225],"offset":[0,0],"originalSize":[130,225],"capInsets":[0,0,0,0]}],[0],0,[0],[1],[2]]]]