[1,["ecpdLyjvZBwrvm+cedCcQy","7a/QZLET9IDreTiBfRn2PD","784hPgYK1HSK6G0dNbDv0+","70lS4Lui9DxplmG1X/84Gx","23AWvJZ4FOloOD66TvFV89","daafjWlyZCYLxwndiwIISw","7eOt1bWNFKDYWS+kexCRXq","7eXeS3m2VMOKNsCP8tCNRg","9ei7j/SrJGaLVDVrtOumvn"],["node","_textureSetter","_spriteFrame","_N$skeletonData","root","fireBulletNode","normalBulletNode","frostEffect","frostBulletNode","data"],[["cc.Node",["_name","_active","_groupIndex","_components","_prefab","_parent","_children","_contentSize","_trs"],0,9,4,1,2,5,7],"cc.SpriteFrame",["cc.PrefabInfo",["fileId","root","asset"],2,1,1],["sp.SkeletonData",["_name","_atlasText","textureNames","_skeletonJson","textures"],-1,3],["cc.Prefab",["_name"],2],["ff576r5pupJj4CweHFNsimX",["speed","ySpeed","node","frostBulletNode","frostEffect","normalBulletNode","fireBulletNode"],1,1,1,1,1,1],["cc.CircleCollider",["_radius","node"],2,1],["cc.Sprite",["node","_materials","_spriteFrame"],3,1,3,6],["sp.Skeleton",["defaultSkin","defaultAnimation","_preCacheMode","_animationName","node","_materials","_N$skeletonData"],-1,1,3,6]],[[2,0,1,2,2],[0,0,1,5,3,4,7,3],[7,0,1,2,1],[8,0,1,2,3,4,5,6,5],[3,0,1,2,3,4,5],[4,0,2],[0,0,2,6,3,4,3],[0,0,1,5,3,4,8,3],[5,0,1,2,3,4,5,6,3],[6,0,1,2],[2,1,2,1]],[[[{"name":"snow_bullet","rect":[0,0,35,34],"offset":[0,0],"originalSize":[35,34],"capInsets":[0,0,0,0]}],[1],0,[0],[1],[2]],[[[4,"01FX_fire","\n01FX_fire.png\nsize: 128,256\nformat: RGBA8888\nfilter: Linear,Linear\nrepeat: none\n01fire0\n  rotate: false\n  xy: 2, 92\n  size: 54, 53\n  orig: 65, 65\n  offset: 5, 6\n  index: -1\n01fire1\n  rotate: false\n  xy: 2, 147\n  size: 106, 52\n  orig: 116, 60\n  offset: 5, 4\n  index: -1\n01fire2\n  rotate: true\n  xy: 58, 66\n  size: 79, 53\n  orig: 89, 63\n  offset: 5, 5\n  index: -1\n01fire3\n  rotate: false\n  xy: 2, 2\n  size: 94, 62\n  orig: 106, 74\n  offset: 7, 6\n  index: -1\n",["01FX_fire.png"],{"skeleton":{"hash":"TnrbERdHJiElmJnT4/xr77Nv3J0","spine":"3.8.99","x":-71,"y":-33,"width":116,"height":65},"bones":[{"name":"root"},{"name":"01FX_fire","parent":"root"},{"name":"01fire0","parent":"01FX_fire"},{"name":"01fire1","parent":"01FX_fire"}],"slots":[{"name":"01fire1","bone":"01fire1","attachment":"01fire1"},{"name":"01fire0","bone":"01fire0","attachment":"01fire0"}],"skins":[{"name":"default","attachments":{"01fire0":{"01fire0":{"x":-0.5,"y":-0.5,"width":65,"height":65}},"01fire1":{"01fire1":{"x":-13,"width":116,"height":60},"01fire2":{"x":-25.5,"y":-1.5,"width":89,"height":63},"01fire3":{"x":-24,"y":-1,"width":106,"height":74}}}}],"animations":{"idle":{"slots":{"01fire1":{"attachment":[{"time":0.0667,"name":"01fire2"},{"time":0.1333,"name":"01fire3"},{"time":0.2,"name":"01fire1"},{"time":0.2333,"name":"01fire2"},{"time":0.3,"name":"01fire3"},{"time":0.3667,"name":"01fire1"},{"time":0.4333,"name":"01fire2"},{"time":0.5,"name":"01fire3"},{"time":0.5667,"name":"01fire1"},{"time":0.6333,"name":"01fire2"},{"time":0.6667,"name":"01fire3"}]}},"bones":{"01fire0":{"rotate":[{},{"time":0.1667,"angle":-90},{"time":0.3333,"angle":180},{"time":0.5,"angle":90},{"time":0.6667}]}}}}},[0]]],0,0,[0],[-1],[3]],[[{"name":"pea_bullet","rect":[0,2,33,33],"offset":[-1,-1],"originalSize":[35,35],"capInsets":[0,0,0,0]}],[1],0,[0],[1],[4]],[[[5,"PeaBullet"],[6,"PeaBullet",1,[-8,-9,-10,-11],[[8,450,200,-6,-5,-4,-3,-2],[9,20,-7]],[10,-1,0]],[1,"pea_bullet",false,1,[[2,-12,[0],1]],[0,"616D9taHJJYp7anj99meHW",1,0],[5,43,43]],[7,"06FX",false,1,[[3,"default","idle",0,"idle",-13,[2],3]],[0,"d0IX5ielNNnrugmagush0j",1,0],[-15,0,0,0,0,0,1,1,1,1]],[1,"snow_bullet",false,1,[[2,-14,[4],5]],[0,"70cnOckNdOjZvP2x4xShw7",1,0],[5,35,34]],[1,"01FX_fire",false,1,[[3,"default","idle",0,"idle",-15,[6],7]],[0,"584yItcYxGlqD9Qi3qOKpp",1,0],[5,116,65]]],0,[0,4,1,0,5,5,0,6,2,0,7,3,0,8,4,0,0,1,0,0,1,0,-1,2,0,-2,3,0,-3,4,0,-4,5,0,0,2,0,0,3,0,0,4,0,0,5,0,9,1,15],[0,0,0,0,0,0,0,0],[-1,2,-1,3,-1,2,-1,3],[0,5,1,6,0,7,1,8]]]]