[1,["85i8hA3O9GwbXZimkLOxLr","e3Na6WdjJK9LpgWa8SaKIQ","0aPshLrFJD9IMpLnSQ+ISs"],["root","body","animation","node","data","_N$skeletonData"],[["cc.Node",["_name","_parent","_components","_prefab","_contentSize"],2,1,2,4,5],["cc.PrefabInfo",["fileId","root","asset"],2,1,1],["sp.SkeletonData",["_name","_atlasText","textureNames","_skeletonJson","textures"],-1,3],["cc.Prefab",["_name"],2],["cc.Node",["_name","_children","_components","_prefab"],2,2,9,4],["60cda1HD21OrqK/2G31WX/4",["aniName","node","animation","body"],2,1,1,1],["sp.Skeleton",["defaultSkin","defaultAnimation","_preCacheMode","_animationName","node","_materials"],-1,1,3],["261d4+Q1HdGA5w3tjdBw83c",["activeFlash","node","spineAnimation"],2,1,1],["cc.BoxCollider",["node","_offset","_size"],3,1,5,5],["b1abdSI13NE76lu3aJ+NI5X",["node","body"],3,1,1]],[[1,0,1,2,2],[2,0,1,2,3,4,5],[3,0,2],[4,0,1,2,3,2],[0,0,1,2,3,4,2],[0,0,1,2,3,2],[5,0,1,2,3,2],[1,1,2,1],[6,0,1,2,3,4,5,5],[7,0,1,2,2],[8,0,1,2,1],[9,0,1,1]],[[[[1,"p05","\np05.png\nsize: 1024,256\nformat: RGBA8888\nfilter: Linear,Linear\nrepeat: none\n1大腿1\n  rotate: false\n  xy: 145, 7\n  size: 48, 56\n  orig: 48, 56\n  offset: 0, 0\n  index: -1\n1大腿2\n  rotate: false\n  xy: 629, 38\n  size: 43, 53\n  orig: 43, 53\n  offset: 0, 0\n  index: -1\n1头\n  rotate: true\n  xy: 180, 69\n  size: 185, 176\n  orig: 185, 176\n  offset: 0, 0\n  index: -1\n1手\n  rotate: false\n  xy: 2, 3\n  size: 92, 60\n  orig: 92, 60\n  offset: 0, 0\n  index: -1\n1手2\n  rotate: false\n  xy: 760, 46\n  size: 92, 45\n  orig: 92, 45\n  offset: 0, 0\n  index: -1\n1手臂\n  rotate: true\n  xy: 674, 2\n  size: 38, 48\n  orig: 38, 48\n  offset: 0, 0\n  index: -1\n1手臂2\n  rotate: true\n  xy: 674, 42\n  size: 49, 41\n  orig: 49, 41\n  offset: 0, 0\n  index: -1\n1脚1\n  rotate: false\n  xy: 521, 18\n  size: 52, 67\n  orig: 52, 67\n  offset: 0, 0\n  index: -1\n1脚2\n  rotate: false\n  xy: 411, 17\n  size: 53, 67\n  orig: 53, 67\n  offset: 0, 0\n  index: -1\n1腰\n  rotate: true\n  xy: 774, 124\n  size: 130, 90\n  orig: 130, 90\n  offset: 0, 0\n  index: -1\n1身体\n  rotate: true\n  xy: 358, 86\n  size: 168, 147\n  orig: 168, 147\n  offset: 0, 0\n  index: -1\nmaozi\n  rotate: true\n  xy: 507, 87\n  size: 167, 105\n  orig: 167, 105\n  offset: 0, 0\n  index: -1\n大腿1\n  rotate: false\n  xy: 355, 5\n  size: 54, 62\n  orig: 54, 62\n  offset: 0, 0\n  index: -1\n大腿2\n  rotate: false\n  xy: 96, 6\n  size: 47, 57\n  orig: 47, 57\n  offset: 0, 0\n  index: -1\n头\n  rotate: true\n  xy: 2, 65\n  size: 189, 176\n  orig: 189, 176\n  offset: 0, 0\n  index: -1\n手\n  rotate: false\n  xy: 195, 3\n  size: 92, 64\n  orig: 92, 64\n  offset: 0, 0\n  index: -1\n手2\n  rotate: true\n  xy: 854, 30\n  size: 92, 45\n  orig: 92, 45\n  offset: 0, 0\n  index: -1\n手臂\n  rotate: true\n  xy: 724, 2\n  size: 38, 48\n  orig: 38, 48\n  offset: 0, 0\n  index: -1\n手臂2\n  rotate: true\n  xy: 717, 42\n  size: 49, 41\n  orig: 49, 41\n  offset: 0, 0\n  index: -1\n眼睛1\n  rotate: false\n  xy: 901, 118\n  size: 44, 44\n  orig: 44, 44\n  offset: 0, 0\n  index: -1\n眼睛2\n  rotate: false\n  xy: 289, 3\n  size: 64, 64\n  orig: 64, 64\n  offset: 0, 0\n  index: -1\n脚1\n  rotate: false\n  xy: 575, 18\n  size: 52, 67\n  orig: 52, 67\n  offset: 0, 0\n  index: -1\n脚2\n  rotate: false\n  xy: 466, 17\n  size: 53, 67\n  orig: 53, 67\n  offset: 0, 0\n  index: -1\n腰\n  rotate: false\n  xy: 866, 164\n  size: 130, 90\n  orig: 130, 90\n  offset: 0, 0\n  index: -1\n身体\n  rotate: true\n  xy: 614, 93\n  size: 161, 158\n  orig: 161, 158\n  offset: 0, 0\n  index: -1\n",["p05.png"],{"skeleton":{"hash":"Dm4sLGNWiWh6EGPRWo3v0dMJzNU","spine":"3.8.99","x":-53.95,"y":-0.16,"width":88.14,"height":132.52},"bones":[{"name":"root","scaleX":0.1,"scaleY":0.1},{"name":"腰","parent":"root","length":50,"rotation":-169.82,"x":72.05,"y":318.05},{"name":"bone_ikTarget","parent":"root","x":244.01,"y":61.97},{"name":"bone_ikTarget2","parent":"root","x":-68.97,"y":64.93},{"name":"腰1","parent":"腰","length":54,"rotation":84.64,"x":0.18,"y":-2.98},{"name":"腰2","parent":"腰","length":152,"rotation":-95.15,"x":-2.49,"y":-12.71},{"name":"bone_ikTarget1","parent":"bone_ikTarget","x":-93.13,"y":-41.41},{"name":"bone_ikTarget3","parent":"bone_ikTarget2","x":-90.53,"y":-38.16},{"name":"大腿1","parent":"腰1","length":148,"rotation":-1.14,"x":-7.68,"y":135.02},{"name":"大腿2","parent":"腰1","length":104,"rotation":-17.82,"x":13.01,"y":-123.03},{"name":"身体","parent":"腰2","length":212,"rotation":26.4,"x":152.29},{"name":"头_","parent":"身体","length":269,"rotation":19.31,"x":265.2,"y":-24.56},{"name":"脚2","parent":"大腿2","length":131,"rotation":15.04,"x":104.48},{"name":"脚1","parent":"大腿1","length":134,"rotation":9,"x":147.55,"y":-0.11},{"name":"手臂2","parent":"身体","length":136,"rotation":97.16,"x":194.3,"y":122.75},{"name":"手臂","parent":"身体","length":109,"rotation":117.43,"x":90.53,"y":-33.28},{"name":"脚21","parent":"脚2","length":98,"rotation":-69.56,"x":131.68},{"name":"脚11","parent":"脚1","length":97,"rotation":-78.98,"x":135.41,"y":-4.74},{"name":"手2","parent":"手臂2","length":154,"rotation":-44.7,"x":136.94},{"name":"手","parent":"手臂","length":163,"rotation":-44.29,"x":109.43},{"name":"手1","parent":"手","length":133,"rotation":40.16,"x":163.71},{"name":"手21","parent":"手2","length":139,"rotation":46.05,"x":154.23},{"name":"头_2","parent":"头_","length":296.6,"rotation":49.03,"x":52.93,"y":57.91}],"slots":[{"name":"脚2","bone":"脚2","attachment":"脚2"},{"name":"大腿2","bone":"大腿2","attachment":"大腿2"},{"name":"腰","bone":"腰1","attachment":"腰"},{"name":"脚1","bone":"脚1","attachment":"脚1"},{"name":"大腿1","bone":"大腿1","attachment":"大腿1"},{"name":"手臂2","bone":"手臂2","attachment":"手臂2"},{"name":"手2","bone":"手2","attachment":"手2"},{"name":"身体","bone":"身体","attachment":"身体"},{"name":"头","bone":"头_","attachment":"头"},{"name":"眼睛2","bone":"头_","attachment":"眼睛2"},{"name":"眼睛1","bone":"头_","attachment":"眼睛1"},{"name":"手","bone":"手","attachment":"手"},{"name":"手臂","bone":"手臂","attachment":"手臂"},{"name":"maozi","bone":"头_","attachment":"maozi"},{"name":"小鬼僵尸1","bone":"root","color":"ffffffa4"}],"ik":[{"name":"bone_ik","target":"bone_ikTarget","bones":["大腿1","脚1"]},{"name":"bone_ik1","order":3,"target":"bone_ikTarget1","bones":["脚11"]},{"name":"bone_ik2","order":1,"target":"bone_ikTarget2","bones":["大腿2","脚2"]},{"name":"bone_ik3","order":2,"target":"bone_ikTarget3","bones":["脚21"]}],"skins":[{"name":"js1","attachments":{"大腿1":{"大腿1":{"path":"1大腿1","x":77.66,"y":1.02,"rotation":86.32,"width":160,"height":188}},"大腿2":{"大腿2":{"path":"1大腿2","x":31.54,"y":12.9,"rotation":103,"width":144,"height":178}},"头":{"头":{"type":"mesh","path":"1头","hull":12,"uvs":[0.13675,0.82064,0.12612,0.82088,0.00853,0.82355,0,0.24474,0.22682,0,0.87885,0,1,0.502,1,0.78208,0.89085,0.8759,0.58935,1,0.21249,1,0.11244,0.8759,0.21382,0.79102,0.39499,0.7759,0.68653,0.7326,0.73735,0.69714,0.77491,0.62385,0.16681,0.84015,0.33236,0.84014,0.56115,0.80629],"triangles":[10,18,9,18,19,9,9,19,14,10,11,17,11,0,17,10,17,18,17,12,18,18,13,19,18,12,13,19,13,14,17,0,12,12,3,13,0,1,12,12,1,3,2,3,1,8,14,15,8,9,14,8,15,7,15,16,7,16,6,7,16,14,13,15,14,16,13,4,16,4,13,3,16,5,6,16,4,5],"vertices":[1,11,264.66,271.88,1,1,11,269.64,276.13,1,1,11,324.66,323.13,1,1,11,544.1,62.94,1,1,11,527.12,-136.81,1,1,11,216.51,-390.68,1,1,11,-28.01,-209.3,1,1,11,-132.23,-81.79,1,2,11,-115.14,3.43,0.96031,22,-151.33,91.19,0.03969,2,11,-17.69,177.32,0.02622,22,43.86,131.62,0.97378,1,22,272.36,92.26,1,1,22,320.63,9.9,1,1,11,238.97,228.39,1,1,11,158.29,150.97,1,1,11,35.52,17.74,1,1,11,24.5,-18.19,1,1,11,33.88,-66.18,1,2,11,243.08,269.06,0.00344,22,284.1,-5.14,0.99656,1,22,183.72,12.14,1,2,11,67.82,100.11,0.37,22,41.62,16.42,0.63]}},"手":{"手":{"type":"mesh","path":"1手","hull":22,"uvs":[0.98138,0.00144,1,0.06474,1,0.2104,0.9087,0.26665,0.59467,0.43394,0.55461,0.45846,0.5574,0.50894,0.50321,0.68077,0.52464,0.9519,0.35163,1,0.27243,0.99734,0.14384,0.90937,0,0.76803,0,0.56035,0.10455,0.38347,0.17723,0.34597,0.22289,0.26088,0.36919,0.13541,0.39807,0.11233,0.4633,0.08205,0.7589,0,0.88097,0,0.44041,0.31543,0.31718,0.48879],"triangles":[8,9,7,7,9,10,7,10,23,23,11,13,10,11,23,23,14,15,14,23,13,11,12,13,7,23,6,6,22,5,22,6,23,15,16,23,22,16,17,22,23,16,17,18,22,5,22,4,3,20,21,3,4,20,22,19,4,4,19,20,22,18,19,2,3,1,1,3,21,1,21,0],"vertices":[1,19,-6.24,-22.77,1,1,19,-8.62,-9.13,1,1,19,-1.34,18.92,1,1,19,28.69,22.69,1,2,19,130.68,30.61,0.96945,20,-5.51,44.69,0.03055,2,19,143.85,32.23,0.78296,20,5.61,37.44,0.21704,2,19,145.54,42.17,0.57393,20,13.31,43.95,0.42607,2,19,170.29,71.07,0.09967,20,50.86,50.07,0.90033,2,19,177.46,124.95,0.00042,20,91.09,86.63,0.99958,1,20,129.69,48.66,1,1,20,143.35,28.45,1,1,20,151.94,-14,1,1,20,154.57,-66.41,1,1,20,120.84,-90.28,1,1,20,73.5,-84.33,1,2,19,250.72,-18.65,0.00017,20,54.48,-70.37,0.99983,2,19,232.86,-31.5,0.01623,20,32.53,-68.67,0.98377,2,19,182.97,-44.35,0.5492,20,-13.88,-46.31,0.4508,2,19,173.2,-46.56,0.72681,20,-22.77,-41.7,0.27319,2,19,152.24,-47.34,0.96143,20,-39.29,-28.79,0.03857,1,19,60.02,-40.26,1,1,19,23.63,-30.82,1,2,19,170.74,-4.16,0.06033,20,2.69,-7.71,0.93967,1,20,52.78,-18.76,1]}},"手2":{"手2":{"type":"mesh","path":"1手2","hull":27,"uvs":[0,0.57053,0.12289,0.27748,0.28442,0.12748,0.41558,0.19106,0.39984,0.06954,0.44367,0.00033,0.54886,0.00033,0.59091,0.05166,0.61023,0.15927,0.91526,0.22384,1,0.42351,1,0.60232,0.8138,0.63113,0.66104,0.6096,0.66104,0.71689,0.60341,0.7851,0.51055,0.74536,0.48945,0.69172,0.46672,0.80629,0.35601,0.84901,0.30536,0.63808,0.25276,0.74934,0.21575,1,0.11412,1,0.00032,0.86689,0.78388,0.19603,0.49286,0.00033],"triangles":[8,15,13,26,15,8,26,17,15,17,16,15,3,17,26,2,20,3,4,3,5,5,3,26,3,20,17,6,26,8,7,6,8,15,14,13,8,13,25,25,13,12,25,12,9,10,12,11,9,12,10,23,22,21,0,24,21,24,23,21,1,0,21,1,21,20,2,1,20,20,19,17,19,18,17],"vertices":[2,21,128.99,-51.39,0.87984,18,280.75,57.2,0.12016,2,21,71.57,-61.03,0.70471,18,247.84,9.17,0.29529,2,21,18.88,-46.47,0.54021,18,200.79,-18.66,0.45979,1,18,159.59,-13.42,1,1,18,166.37,-31.15,1,1,18,154.06,-42.98,1,1,18,121.85,-46.44,1,1,18,108.15,-40.11,1,1,18,100.5,-24.59,1,1,18,6.04,-24.92,1,1,18,-23.17,2.27,1,1,18,-26.05,29.12,1,1,18,30.55,39.56,1,1,18,77.68,41.35,1,1,18,75.95,57.46,1,1,18,92.5,69.59,1,1,18,121.58,66.68,1,2,21,25.13,59.4,0.34,18,128.91,59.32,0.66,2,21,41.6,68.17,0.56228,18,134.02,77.27,0.43772,2,21,71.89,51.23,0.74821,18,167.24,87.32,0.25179,2,21,63.41,16.8,0.93869,18,186.15,57.31,0.06131,2,21,86.62,19.28,0.95504,18,200.46,75.74,0.04496,2,21,119.65,40.99,0.90509,18,207.76,114.59,0.09491,2,21,143.66,20.9,0.97874,18,238.88,117.93,0.02126,2,21,157.64,-17.01,0.97536,18,275.88,101.68,0.02464,1,18,46.72,-24.78,1,1,18,139,-44.6,1]}},"手臂":{"手臂":{"path":"1手臂","x":51.68,"y":10.14,"rotation":121.15,"width":127,"height":161}},"手臂2":{"手臂2":{"path":"1手臂2","x":68.76,"y":-4.09,"rotation":141.42,"width":164,"height":137}},"眼睛1":{"眼睛1":{"x":382.41,"y":166.63,"rotation":-140.74,"width":147,"height":147}},"眼睛2":{"眼睛2":{"x":176.52,"y":-36.55,"rotation":-140.74,"width":213,"height":213}},"脚1":{"脚1":{"type":"mesh","path":"1脚1","hull":24,"uvs":[0,0.7375,0.09483,0.74688,0.21753,0.67634,0.35402,0.65134,0.35402,0.4625,0.47672,0.43549,0.44195,0.24665,0.42356,0.07946,0.52069,0,0.69914,0,0.80345,0.05402,0.84511,0.23036,0.85661,0.4375,0.94454,0.46607,1,0.69085,0.90977,0.69085,0.97241,0.8404,0.93764,0.95335,0.70144,0.96272,0.53707,0.99978,0.27069,0.99978,0.02299,0.95335,0,0.8692,0.69454,0.78103,0.46523,0.82946,0.27069,0.86719,0.12471,0.87098,0.35402,0.56518],"triangles":[23,3,15,22,21,26,1,22,26,0,22,1,26,20,25,1,26,25,2,1,25,26,21,20,2,25,3,3,25,24,24,20,19,25,20,24,24,19,18,23,24,18,3,24,23,23,18,16,18,17,16,15,23,16,27,3,5,5,3,15,12,5,15,4,27,5,7,6,9,8,7,9,9,6,10,11,5,12,6,5,11,10,6,11,13,15,14,12,15,13],"vertices":[2,13,111.19,-123.47,0.13514,17,111.91,-46.47,0.86486,2,13,116.86,-107.83,0.11008,17,97.64,-37.92,0.88992,2,13,106.13,-83.53,0.21567,17,71.74,-43.8,0.78433,2,13,105.88,-59.13,0.30729,17,47.75,-39.38,0.69271,1,13,64.61,-49.85,1,1,13,63.4,-27.69,1,1,13,20.8,-24.31,1,1,13,-16.44,-19.22,1,1,13,-30.14,1.19,1,1,13,-23.33,31.48,1,1,13,-7.49,46.52,1,1,13,32.64,44.93,1,1,13,78.34,36.7,1,1,13,87.95,50.22,1,2,13,139.19,48.58,0.54483,17,-51.62,13.9,0.45517,2,13,135.74,33.27,0.56555,17,-37.24,7.59,0.43445,2,13,170.82,36.55,0.52363,17,-33.76,42.64,0.47637,2,13,194.17,25.09,0.50538,17,-18.05,63.38,0.49462,2,13,187.2,-15.47,0.4367,17,20.43,48.78,0.5633,2,13,189.02,-45.19,0.28438,17,49.96,44.89,0.71561,2,13,178.85,-90.41,0.06338,17,92.4,26.26,0.93662,2,13,159.24,-130.18,0.05083,17,127.68,-0.59,0.94917,2,13,139.97,-129.94,0.06079,17,123.77,-19.46,0.93921,2,13,147.23,-7.7,0.34175,17,5.17,11.03,0.65825,2,13,149.06,-49.01,0.00915,17,46.07,4.93,0.99085,2,13,149.87,-83.89,0.00012,17,80.46,-0.94,0.99988,2,13,145.13,-108.86,0.01298,17,104.06,-10.37,0.98702,2,13,87.05,-54.9,0.51928,17,39.99,-57.06,0.48072]}},"脚2":{"脚2":{"type":"mesh","path":"1脚2","hull":25,"uvs":[0.55597,0.00379,0.46932,0.07187,0.47159,0.30603,0.50142,0.43951,0.3821,0.44844,0.37074,0.65737,0.22358,0.66808,0.10483,0.73661,0.00028,0.71696,0.00028,0.92411,0.29233,1,0.5358,1,0.68239,0.97076,0.89545,0.96563,0.95483,0.91518,0.95966,0.82321,0.90909,0.70246,1,0.71518,0.99886,0.67366,0.95966,0.47723,0.88182,0.4558,0.87244,0.28103,0.84034,0.07946,0.74659,0.00022,0.71166,0.81238,0.46194,0.83381,0.21194,0.85546,0.00028,0.82309],"triangles":[5,24,16,8,27,7,27,9,26,7,27,26,26,9,10,7,26,6,6,26,5,26,10,25,5,26,25,25,10,11,25,12,24,25,11,12,5,25,24,24,12,13,24,13,14,15,24,14,16,24,15,3,16,5,4,5,3,0,1,22,23,0,22,2,3,21,1,2,22,21,3,20,22,2,21,20,3,16,18,16,17,19,16,18,20,16,19],"vertices":[1,12,-31.31,-18.84,1,1,12,-16.62,-34.63,1,1,12,35.81,-36.1,1,1,12,65.88,-31.92,1,1,12,67.13,-52.98,1,2,12,113.83,-56.65,0.2935,16,46.85,-36.51,0.7065,2,12,115.3,-82.62,0.22252,16,71.7,-44.2,0.77748,2,12,129.9,-104.05,0.11773,16,96.88,-38.01,0.88227,2,12,124.84,-122.28,0.14877,16,112.2,-49.11,0.85123,2,12,171.22,-123.94,0.05872,16,129.94,-6.24,0.94128,2,12,190.04,-73.18,0.08755,16,88.95,29.13,0.91245,2,12,191.57,-30.36,0.31095,16,49.36,45.51,0.68905,2,12,185.94,-4.34,0.44477,16,23.01,49.33,0.55523,2,12,186.13,33.18,0.49543,16,-12.08,62.61,0.50457,2,12,175.21,44.02,0.49612,16,-26.05,56.16,0.50388,2,12,154.66,45.61,0.49696,16,-34.72,37.45,0.50304,2,12,127.31,37.68,0.50336,16,-36.84,9.06,0.49664,2,12,130.73,53.57,0.50008,16,-50.53,17.81,0.49992,2,12,121.42,53.7,0.50897,16,-53.9,9.14,0.49103,1,12,77.21,48.38,1,1,12,71.92,34.86,1,1,12,32.74,34.6,1,1,12,-12.59,30.57,1,1,12,-30.91,14.71,1,2,12,150.67,2.07,0.46703,16,4.69,18.52,0.53297,2,12,153.9,-42.02,0.01621,16,47.13,6.14,0.98379,2,12,157.17,-86.16,0.00472,16,89.64,-6.2,0.99528,2,12,148.6,-123.13,0.07637,16,121.29,-27.15,0.92363]}},"腰":{"腰":{"path":"1腰","x":-38.87,"y":13.51,"rotation":85.18,"width":432,"height":299}},"身体":{"身体":{"type":"mesh","path":"1身体","hull":18,"uvs":[0.28708,0,0.51685,0,0.67945,0.02924,0.80494,0.17269,0.87917,0.33433,0.95341,0.51819,1,0.72225,0.9375,0.84348,0.78727,0.94626,0.60876,1,0.43201,1,0.20578,1,0,1,0,0.8412,0,0.63915,0,0.39266,0.03434,0.18657,0.14922,0.06939,0.28945,0.7822,0.24935,0.54572,0.20714,0.26097,0.51112,0.17171,0.60398,0.44439,0.67996,0.79911,0.12691,0.77495,0.12058,0.5433,0.10582,0.3213],"triangles":[11,13,24,11,24,18,11,12,13,13,14,24,18,22,23,5,22,4,5,23,22,24,19,18,18,19,22,14,25,24,24,25,19,14,15,25,19,26,20,19,21,22,19,20,21,15,26,25,19,25,26,22,3,4,3,21,2,3,22,21,15,16,26,26,16,20,16,17,20,20,0,21,20,17,0,21,1,2,21,0,1,9,23,8,9,10,23,11,18,10,10,18,23,8,23,7,7,23,6,23,5,6],"vertices":[1,10,351.48,-79.37,1,1,10,284.52,-188.97,1,2,5,468.94,-132.08,0.00839,10,224.93,-259.08,0.99161,2,5,392.92,-195.81,0.06598,10,128.5,-282.37,0.93402,2,5,310.55,-230.22,0.21096,10,39.41,-276.58,0.78904,2,5,217.35,-263.68,0.47236,10,-58.94,-265.11,0.52764,2,5,115.66,-280.88,0.69478,10,-157.68,-235.32,0.30522,2,5,59.67,-240.88,0.78514,10,-190.05,-174.6,0.21486,2,5,16.96,-152.82,0.92528,10,-189.16,-76.73,0.07472,2,5,-0.47,-51.12,0.99967,10,-159.56,22.12,0.00033,2,5,8.19,47.3,0.94546,10,-108.05,106.43,0.05454,2,5,19.27,173.28,0.5801,10,-42.12,214.35,0.4199,2,5,29.35,287.87,0.44761,10,17.85,312.51,0.55239,2,5,106.7,281.07,0.37579,10,84.12,272.03,0.62421,2,5,205.12,272.41,0.17841,10,168.43,220.52,0.82159,2,5,325.19,261.85,0.02553,10,271.29,157.68,0.97447,2,5,423.9,233.9,0.00029,10,347.28,88.76,0.99971,1,10,362.7,4.09,1,2,5,121.26,117.36,0.46319,10,24.38,118.92,0.53681,2,5,238.42,129.56,0.0593,10,134.75,77.76,0.9407,2,5,379.19,140.86,0.00023,10,265.87,25.3,0.99977,2,5,407.79,-32.23,0.00082,10,214.54,-142.46,0.99918,2,5,270.41,-72.27,0.07831,10,73.69,-117.25,0.92169,2,5,93.9,-99.38,0.88612,10,-96.48,-63.06,0.11388,2,5,132.75,207.56,0.33962,10,74.78,194.6,0.66038,2,5,245.91,201.15,0.0888,10,173.29,138.56,0.9112,2,5,354.77,199.87,0.00645,10,270.23,89.01,0.99355]}}}},{"name":"js2","attachments":{"大腿1":{"大腿1":{"x":88.4,"y":9.15,"rotation":86.32,"width":179,"height":208}},"大腿2":{"大腿2":{"x":38.39,"y":15.22,"rotation":103,"width":157,"height":191}},"头":{"头":{"type":"mesh","hull":12,"uvs":[0.13675,0.82064,0.12612,0.82088,0.00853,0.82355,0,0.24474,0.22682,0,0.87885,0,1,0.502,1,0.78208,0.89085,0.8759,0.58935,1,0.21249,1,0.11244,0.8759,0.21382,0.79102,0.39499,0.7759,0.68653,0.7326,0.73735,0.69714,0.77491,0.62385,0.16681,0.84015,0.33236,0.84014,0.56115,0.80629],"triangles":[10,18,9,18,19,9,9,19,14,10,11,17,11,0,17,10,17,18,17,12,18,18,13,19,18,12,13,19,13,14,17,0,12,12,3,13,0,1,12,12,1,3,2,3,1,8,14,15,8,9,14,8,15,7,15,16,7,16,6,7,16,14,13,15,14,16,13,4,16,4,13,3,16,5,6,16,4,5],"vertices":[1,11,263.93,271.28,1,1,11,269.02,275.63,1,1,11,325.29,323.65,1,1,11,544.82,63.53,1,1,11,525.43,-138.19,1,1,11,207.88,-397.73,1,1,11,-37.93,-217.41,1,1,11,-142.15,-89.89,1,2,11,-123.9,-3.73,0.96031,22,-162.48,93.11,0.03969,2,11,-23.24,172.78,0.02622,22,36.79,132.83,0.97378,1,22,270.4,92.6,1,1,22,320.03,10.01,1,1,11,237.42,227.12,1,1,11,154.81,148.12,1,1,11,28.93,12.36,1,1,11,17.38,-24.02,1,1,11,26.35,-72.34,1,2,11,242.03,268.2,0.00344,22,282.76,-4.91,0.99656,1,22,180.14,12.76,1,2,11,62.57,95.82,0.37,22,34.94,17.57,0.63]}},"手":{"手":{"type":"mesh","hull":24,"uvs":[0,0.60537,0.07532,0.47921,0.18377,0.40864,0.2836,0.27477,0.40308,0.23435,0.38555,0.13598,0.52029,0.0528,0.65536,0,0.72403,0.0729,0.93588,0.06028,1,0.09813,1,0.24953,0.81526,0.3757,0.82403,0.48668,0.55552,0.55234,0.52581,0.63551,0.47321,0.66589,0.51705,0.89299,0.45016,0.97126,0.32744,1,0.19075,0.95093,0.05925,0.85257,0,0.77196,0.6813,0.52158],"triangles":[5,4,6,7,6,8,6,23,8,6,14,23,6,4,14,12,23,13,8,23,12,8,12,9,9,12,11,10,9,11,0,22,21,0,21,1,2,21,20,1,21,2,19,18,16,3,2,16,2,20,16,20,19,16,16,18,17,4,3,16,4,16,14,16,15,14],"vertices":[2,20,124.3,-87.84,0.75188,19,315.35,13.03,0.24812,2,20,88.86,-84.49,0.68053,19,286.11,-7.27,0.31947,2,20,57.24,-65.95,0.64046,19,249.99,-13.49,0.35954,2,20,16.09,-57.4,0.52378,19,213.02,-33.49,0.47622,2,20,-12.23,-32.36,0.50348,19,175.23,-32.61,0.49652,2,20,-26.29,-48.92,0.50135,19,175.16,-54.34,0.49865,2,20,-64.79,-25.33,0.2,19,130.52,-61.14,0.8,1,19,87.42,-61.62,1,1,19,70.87,-41.21,1,1,19,7.03,-27.42,1,1,19,-10.14,-14.59,1,1,19,-2,16.77,1,1,19,59.96,28.58,1,1,19,63.31,52.24,1,2,20,16.2,45.28,0.49753,19,146.89,45.05,0.50248,2,20,36.02,48.09,0.60873,19,160.22,59.98,0.39127,2,20,50.68,38.62,0.73232,19,177.54,62.2,0.26768,2,20,82.56,77.71,0.68069,19,176.69,112.63,0.31931,2,20,108.13,70.57,0.77056,19,200.83,123.67,0.22944,2,20,134.98,43.27,0.91503,19,238.97,120.12,0.08497,2,20,150.73,2.84,0.98611,19,277.08,99.37,0.01389,2,20,156.94,-42.38,0.9183,19,310.98,68.82,0.0817,2,20,153.4,-67.24,0.85134,19,324.31,47.54,0.14866,2,20,-11.54,73.1,0.06,19,107.74,48.42,0.94]}},"手2":{"手2":{"type":"mesh","hull":27,"uvs":[0,0.57053,0.12289,0.27748,0.28442,0.12748,0.41558,0.19106,0.39984,0.06954,0.44367,0.00033,0.54886,0.00033,0.59091,0.05166,0.61023,0.15927,0.91526,0.22384,1,0.42351,1,0.60232,0.8138,0.63113,0.66104,0.6096,0.66104,0.71689,0.60341,0.7851,0.51055,0.74536,0.48945,0.69172,0.46672,0.80629,0.35601,0.84901,0.30536,0.63808,0.25276,0.74934,0.21575,1,0.11412,1,0.00032,0.86689,0.78388,0.19603,0.49286,0.00033],"triangles":[8,15,13,26,15,8,26,17,15,17,16,15,3,17,26,2,20,3,4,3,5,5,3,26,3,20,17,6,26,8,7,6,8,15,14,13,8,13,25,25,13,12,25,12,9,10,12,11,9,12,10,23,22,21,0,24,21,24,23,21,1,0,21,1,21,20,2,1,20,20,19,17,19,18,17],"vertices":[2,21,128.99,-51.39,0.87984,18,280.75,57.2,0.12016,2,21,71.57,-61.03,0.70471,18,247.84,9.17,0.29529,2,21,18.88,-46.47,0.54021,18,200.79,-18.66,0.45979,1,18,159.59,-13.42,1,1,18,166.37,-31.15,1,1,18,154.06,-42.98,1,1,18,121.85,-46.44,1,1,18,108.15,-40.11,1,1,18,100.5,-24.59,1,1,18,6.04,-24.92,1,1,18,-23.17,2.27,1,1,18,-26.05,29.12,1,1,18,30.55,39.56,1,1,18,77.68,41.35,1,1,18,75.95,57.46,1,1,18,92.5,69.59,1,1,18,121.58,66.68,1,2,21,25.13,59.4,0.34,18,128.91,59.32,0.66,2,21,41.6,68.17,0.56228,18,134.02,77.27,0.43772,2,21,71.89,51.23,0.74821,18,167.24,87.32,0.25179,2,21,63.41,16.8,0.93869,18,186.15,57.31,0.06131,2,21,86.62,19.28,0.95504,18,200.46,75.74,0.04496,2,21,119.65,40.99,0.90509,18,207.76,114.59,0.09491,2,21,143.66,20.9,0.97874,18,238.88,117.93,0.02126,2,21,157.64,-17.01,0.97536,18,275.88,101.68,0.02464,1,18,46.72,-24.78,1,1,18,139,-44.6,1]}},"手臂":{"手臂":{"x":51.68,"y":10.14,"rotation":121.15,"width":127,"height":161}},"手臂2":{"手臂2":{"x":68.76,"y":-4.09,"rotation":141.42,"width":164,"height":137}},"眼睛1":{"眼睛1":{"x":382.41,"y":166.63,"rotation":-140.74,"width":147,"height":147}},"眼睛2":{"眼睛2":{"x":176.52,"y":-36.55,"rotation":-140.74,"width":213,"height":213}},"脚1":{"脚1":{"type":"mesh","hull":24,"uvs":[0,0.7375,0.09483,0.74688,0.21753,0.67634,0.35402,0.65134,0.35402,0.4625,0.47672,0.43549,0.44195,0.24665,0.42356,0.07946,0.52069,0,0.69914,0,0.80345,0.05402,0.84511,0.23036,0.85661,0.4375,0.94454,0.46607,1,0.69085,0.90977,0.69085,0.97241,0.8404,0.93764,0.95335,0.70144,0.96272,0.53707,0.99978,0.27069,0.99978,0.02299,0.95335,0,0.8692,0.69454,0.78103,0.46523,0.82946,0.27069,0.86719,0.12471,0.87098,0.35402,0.56518],"triangles":[23,3,15,22,21,26,1,22,26,0,22,1,26,20,25,1,26,25,2,1,25,26,21,20,2,25,3,3,25,24,24,20,19,25,20,24,24,19,18,23,24,18,3,24,23,23,18,16,18,17,16,15,23,16,27,3,5,5,3,15,12,5,15,4,27,5,7,6,9,8,7,9,9,6,10,11,5,12,6,5,11,10,6,11,13,15,14,12,15,13],"vertices":[2,13,111.19,-123.47,0.13514,17,111.91,-46.47,0.86486,2,13,116.86,-107.83,0.11008,17,97.64,-37.92,0.88992,2,13,106.13,-83.53,0.21567,17,71.74,-43.8,0.78433,2,13,105.88,-59.13,0.30729,17,47.75,-39.38,0.69271,1,13,64.61,-49.85,1,1,13,63.4,-27.69,1,1,13,20.8,-24.31,1,1,13,-16.44,-19.22,1,1,13,-30.14,1.19,1,1,13,-23.33,31.48,1,1,13,-7.49,46.52,1,1,13,32.64,44.93,1,1,13,78.34,36.7,1,1,13,87.95,50.22,1,2,13,139.19,48.58,0.54483,17,-51.62,13.9,0.45517,2,13,135.74,33.27,0.56555,17,-37.24,7.59,0.43445,2,13,170.82,36.55,0.52363,17,-33.76,42.64,0.47637,2,13,194.17,25.09,0.50538,17,-18.05,63.38,0.49462,2,13,187.2,-15.47,0.4367,17,20.43,48.78,0.5633,2,13,189.02,-45.19,0.28438,17,49.96,44.89,0.71561,2,13,178.85,-90.41,0.06338,17,92.4,26.26,0.93662,2,13,159.24,-130.18,0.05083,17,127.68,-0.59,0.94917,2,13,139.97,-129.94,0.06079,17,123.77,-19.46,0.93921,2,13,147.23,-7.7,0.34175,17,5.17,11.03,0.65825,2,13,149.06,-49.01,0.00915,17,46.07,4.93,0.99085,2,13,149.87,-83.89,0.00012,17,80.46,-0.94,0.99988,2,13,145.13,-108.86,0.01298,17,104.06,-10.37,0.98702,2,13,87.05,-54.9,0.51928,17,39.99,-57.06,0.48072]}},"脚2":{"脚2":{"type":"mesh","hull":25,"uvs":[0.55597,0.00379,0.46932,0.07187,0.47159,0.30603,0.50142,0.43951,0.3821,0.44844,0.37074,0.65737,0.22358,0.66808,0.10483,0.73661,0.00028,0.71696,0.00028,0.92411,0.29233,1,0.5358,1,0.68239,0.97076,0.89545,0.96563,0.95483,0.91518,0.95966,0.82321,0.90909,0.70246,1,0.71518,0.99886,0.67366,0.95966,0.47723,0.88182,0.4558,0.87244,0.28103,0.84034,0.07946,0.74659,0.00022,0.71166,0.81238,0.46194,0.83381,0.21194,0.85546,0.00028,0.82309],"triangles":[5,24,16,8,27,7,27,9,26,7,27,26,26,9,10,7,26,6,6,26,5,26,10,25,5,26,25,25,10,11,25,12,24,25,11,12,5,25,24,24,12,13,24,13,14,15,24,14,16,24,15,3,16,5,4,5,3,0,1,22,23,0,22,2,3,21,1,2,22,21,3,20,22,2,21,20,3,16,18,16,17,19,16,18,20,16,19],"vertices":[1,12,-31.31,-18.84,1,1,12,-16.62,-34.63,1,1,12,35.81,-36.1,1,1,12,65.88,-31.92,1,1,12,67.13,-52.98,1,2,12,113.83,-56.65,0.2935,16,46.85,-36.51,0.7065,2,12,115.3,-82.62,0.22252,16,71.7,-44.2,0.77748,2,12,129.9,-104.05,0.11773,16,96.88,-38.01,0.88227,2,12,124.84,-122.28,0.14877,16,112.2,-49.11,0.85123,2,12,171.22,-123.94,0.05872,16,129.94,-6.24,0.94128,2,12,190.04,-73.18,0.08755,16,88.95,29.13,0.91245,2,12,191.57,-30.36,0.31095,16,49.36,45.51,0.68905,2,12,185.94,-4.34,0.44477,16,23.01,49.33,0.55523,2,12,186.13,33.18,0.49543,16,-12.08,62.61,0.50457,2,12,175.21,44.02,0.49612,16,-26.05,56.16,0.50388,2,12,154.66,45.61,0.49696,16,-34.72,37.45,0.50304,2,12,127.31,37.68,0.50336,16,-36.84,9.06,0.49664,2,12,130.73,53.57,0.50008,16,-50.53,17.81,0.49992,2,12,121.42,53.7,0.50897,16,-53.9,9.14,0.49103,1,12,77.21,48.38,1,1,12,71.92,34.86,1,1,12,32.74,34.6,1,1,12,-12.59,30.57,1,1,12,-30.91,14.71,1,2,12,150.67,2.07,0.46703,16,4.69,18.52,0.53297,2,12,153.9,-42.02,0.01621,16,47.13,6.14,0.98379,2,12,157.17,-86.16,0.00472,16,89.64,-6.2,0.99528,2,12,148.6,-123.13,0.07637,16,121.29,-27.15,0.92363]}},"腰":{"腰":{"x":-38.87,"y":13.51,"rotation":85.18,"width":432,"height":299}},"身体":{"身体":{"type":"mesh","hull":13,"uvs":[0,0.19015,0.2447,0,0.62593,0,0.79749,0.14072,0.90678,0.32102,1,0.49583,0.96385,0.7322,0.73002,0.91941,0.4631,1,0.13048,1,0,0.89991,0,0.68097,0,0.40379,0.31069,0.19725,0.42677,0.38258,0.51515,0.61922,0.53243,0.83636,0.19972,0.45672,0.27426,0.78693,0.57574,0.17604,0.71784,0.41439,0.78717,0.65985],"triangles":[11,10,18,10,9,18,18,9,8,18,8,16,15,18,16,16,8,7,15,16,21,16,7,21,21,7,6,21,6,5,12,11,17,0,12,17,0,17,13,1,0,13,17,11,18,13,17,14,17,18,15,14,17,15,1,13,19,13,14,19,1,19,2,14,15,20,19,14,20,2,19,3,19,20,3,20,15,21,3,20,4,20,21,5,4,20,5],"vertices":[1,10,349.92,110.05,1,1,10,366.96,-54.64,1,1,10,260.02,-229.65,1,1,10,148.5,-269.68,1,1,10,36.6,-270.22,1,1,10,-68.3,-264.89,1,1,5,86.25,-237.32,1,2,10,-183.42,-24.34,0.2378,5,-1.19,-103.34,0.7622,2,10,-144.95,120.44,0.07438,5,-31.09,43.44,0.92562,1,5,-15.4,221.7,1,1,5,43.5,286.99,1,1,10,128.78,245.17,1,1,10,253.67,168.86,1,1,10,259.57,-30.63,1,2,10,143.52,-32.9,0.95262,5,295.47,34.33,0.04738,2,10,12.1,-8.33,0.76371,5,166.83,-2.08,0.23629,2,10,-90.58,43.51,0.00017,5,51.81,-1.3,0.99983,2,10,173.79,91.74,0.82131,5,267.18,159.44,0.17869,2,10,4.11,148.43,0.45193,5,89.98,134.78,0.54807,1,10,194.78,-158.15,1,2,10,47.53,-157.77,0.5223,5,265,-120.19,0.4777,2,10,-82.51,-122.03,0.49551,5,132.63,-145.99,0.50449]}}}},{"name":"js3","attachments":{"maozi":{"maozi":{"x":417.89,"y":-210.23,"rotation":-140.74,"width":557,"height":349}},"大腿1":{"大腿1":{"path":"1大腿1","x":77.66,"y":1.02,"rotation":86.32,"width":160,"height":188}},"大腿2":{"大腿2":{"path":"1大腿2","x":31.54,"y":12.9,"rotation":103,"width":144,"height":178}},"头":{"头":{"type":"linkedmesh","path":"1头","skin":"js1","parent":"头"}},"手":{"手":{"type":"linkedmesh","path":"1手","skin":"js1","parent":"手"}},"手2":{"手2":{"type":"linkedmesh","path":"1手2","skin":"js1","parent":"手2"}},"手臂":{"手臂":{"path":"1手臂","x":51.68,"y":10.14,"rotation":121.15,"width":127,"height":161}},"手臂2":{"手臂2":{"path":"1手臂2","x":68.76,"y":-4.09,"rotation":141.42,"width":164,"height":137}},"眼睛1":{"眼睛1":{"x":382.41,"y":166.63,"rotation":-140.74,"width":147,"height":147}},"眼睛2":{"眼睛2":{"x":176.52,"y":-36.55,"rotation":-140.74,"width":213,"height":213}},"脚1":{"脚1":{"type":"linkedmesh","path":"1脚1","skin":"js1","parent":"脚1"}},"脚2":{"脚2":{"type":"linkedmesh","path":"1脚2","skin":"js1","parent":"脚2"}},"腰":{"腰":{"path":"1腰","x":-38.87,"y":13.51,"rotation":85.18,"width":432,"height":299}},"身体":{"身体":{"type":"linkedmesh","path":"1身体","skin":"js1","parent":"身体"}}}}],"animations":{"death":{"bones":{"脚2":{"rotate":[{},{"time":0.9167,"angle":15.92}]},"大腿2":{"rotate":[{},{"time":0.9167,"angle":-2.04}]},"脚1":{"rotate":[{},{"time":0.9167,"angle":77.81}]},"大腿1":{"rotate":[{},{"time":0.9167,"angle":-28.04}]},"手臂2":{"rotate":[{},{"time":0.25,"angle":48.81},{"time":0.4167,"angle":125.63},{"time":0.5833,"angle":114.15},{"time":0.9167,"angle":42.01}]},"手2":{"rotate":[{},{"time":0.25,"angle":-35.74},{"time":0.4167,"angle":-60.35},{"time":0.5833,"angle":34.99},{"time":0.9167,"angle":50.06}]},"头_":{"rotate":[{"time":0.9167},{"time":1.0833,"angle":-20.08},{"time":1.2083,"angle":15.32},{"time":1.2917,"angle":34.66},{"time":1.5833,"angle":2.7}],"translate":[{"time":0.9167},{"time":1.0833,"x":-590.94,"y":209.37},{"time":1.2083,"x":-446.21,"y":163.94},{"time":1.2917,"x":-464.32,"y":169.62},{"time":1.5833,"x":-585.81,"y":112.24}]},"手":{"rotate":[{},{"time":0.125,"angle":28.45},{"time":0.3333,"angle":-38.96},{"time":0.4583,"angle":23.05},{"time":0.625,"angle":26.33}]},"手臂":{"rotate":[{},{"time":0.125,"angle":-14.38},{"time":0.3333,"angle":96.83},{"time":0.625,"angle":56.77}]},"腰":{"rotate":[{"curve":0.5},{"time":0.125,"angle":-33.53,"curve":0,"c3":0.5},{"time":0.3333,"angle":-14}],"translate":[{"curve":0.5},{"time":0.125,"x":65.62,"y":-100.65,"curve":0,"c3":0.5},{"time":0.3333,"x":28.79,"y":-40.61}]},"脚11":{"rotate":[{},{"time":0.9167,"angle":-37.4}]},"脚21":{"rotate":[{},{"time":0.9167,"angle":0.12}]},"手1":{"rotate":[{},{"time":0.125,"angle":-32.76}]},"手21":{"rotate":[{},{"time":0.25,"angle":-62.64},{"time":0.9167,"angle":-21.67}]}},"drawOrder":[{"offsets":[{"slot":"手2","offset":-6}]}]},"kenyao":{"bones":{"腰":{"rotate":[{},{"time":0.4167,"angle":7.13},{"time":0.8333}],"translate":[{},{"time":0.4167,"x":74.65,"y":-64.91},{"time":0.8333,"x":20.65},{"time":1}]},"腰2":{"rotate":[{"time":0.0833},{"time":0.5,"angle":7.43},{"time":0.9167}]},"身体":{"rotate":[{"time":0.1667},{"time":0.5833,"angle":7.43},{"time":1}]},"头_":{"rotate":[{"angle":-10.16},{"time":0.2917,"angle":-19.37},{"time":0.4583,"angle":-1.69},{"time":0.7917,"angle":13.06},{"time":1,"angle":-10.16}]},"手臂2":{"rotate":[{"angle":-37.15},{"time":0.3333,"angle":64.76,"curve":"stepped"},{"time":0.8333,"angle":64.76},{"time":0.9167,"angle":-9.02},{"time":1,"angle":-37.15}],"translate":[{"x":16.1,"y":35.53},{"time":0.3333,"x":-12.85,"y":-56.55,"curve":"stepped"},{"time":0.8333,"x":-12.85,"y":-56.55},{"time":1,"x":16.1,"y":35.53}]},"手臂":{"rotate":[{"angle":-4.78},{"time":0.125,"angle":-43.2},{"time":0.25,"angle":-52.27},{"time":0.6667,"angle":20.5},{"time":1,"angle":-4.78}],"translate":[{},{"time":0.25,"x":19.85,"y":29.09},{"time":1}]},"手":{"rotate":[{"angle":-39.08},{"time":0.25,"angle":20.09},{"time":0.6667,"angle":-43.16},{"time":1,"angle":-39.08}]},"手2":{"rotate":[{"angle":38.22},{"time":0.3333,"angle":-74.71,"curve":"stepped"},{"time":0.8333,"angle":-74.71},{"time":0.9167,"angle":-47.58},{"time":1,"angle":38.22}]},"头_2":{"rotate":[{"angle":11.16,"curve":0.25,"c3":0.75},{"time":0.25,"angle":-8.02,"curve":0.25,"c3":0.75},{"time":0.5,"angle":14.88,"curve":0.25,"c3":0.75},{"time":0.7083,"angle":-7.36,"curve":0.25,"c3":0.75},{"time":1,"angle":11.16}]}}},"kenyao2":{"bones":{"腰":{"rotate":[{},{"time":0.4167,"angle":7.13},{"time":0.8333}],"translate":[{},{"time":0.4167,"x":74.65,"y":-64.91},{"time":0.8333,"x":20.65},{"time":1}]},"腰2":{"rotate":[{"time":0.0833},{"time":0.5,"angle":7.43},{"time":0.9167}]},"身体":{"rotate":[{"time":0.1667},{"time":0.5833,"angle":7.43},{"time":1}]},"头_":{"rotate":[{"angle":-10.16},{"time":0.2917,"angle":-19.37},{"time":0.4583,"angle":-1.69},{"time":0.7917,"angle":13.06},{"time":1,"angle":-10.16}]},"手臂2":{"rotate":[{"angle":-37.15},{"time":0.3333,"angle":64.76,"curve":"stepped"},{"time":0.8333,"angle":64.76},{"time":0.9167,"angle":-9.02},{"time":1,"angle":-37.15}],"translate":[{"x":16.1,"y":35.53},{"time":0.3333,"x":-12.85,"y":-56.55,"curve":"stepped"},{"time":0.8333,"x":-12.85,"y":-56.55},{"time":1,"x":16.1,"y":35.53}]},"手臂":{"rotate":[{"angle":-43.2},{"time":0.25,"angle":-52.27},{"time":0.6667,"angle":20.5},{"time":1,"angle":-43.2}],"translate":[{},{"time":0.25,"x":19.85,"y":29.09},{"time":1}]},"手":{"rotate":[{"angle":-39.08},{"time":0.25,"angle":20.09},{"time":0.6667,"angle":-43.16},{"time":1,"angle":-39.08}]},"手2":{"rotate":[{"angle":38.22},{"time":0.3333,"angle":-74.71,"curve":"stepped"},{"time":0.8333,"angle":-74.71},{"time":0.9167,"angle":-47.58},{"time":1,"angle":38.22}]},"头_2":{"rotate":[{"angle":11.16,"curve":0.25,"c3":0.75},{"time":0.25,"angle":-3.1,"curve":0.25,"c3":0.75},{"time":0.5,"angle":14.88,"curve":0.25,"c3":0.75},{"time":0.7083,"angle":-5.01,"curve":0.25,"c3":0.75},{"time":1,"angle":11.16}],"translate":[{"x":17.46,"y":-14.95,"curve":0.25,"c3":0.75},{"time":0.25,"x":30.24,"y":-9.95,"curve":0.25,"c3":0.75},{"time":0.5,"x":-18.22,"y":13.38,"curve":0.25,"c3":0.75},{"time":0.7083,"x":5.89,"y":8.63,"curve":0.25,"c3":0.75},{"time":1,"x":17.46,"y":-14.95}]}}},"move":{"bones":{"腰":{"rotate":[{},{"time":0.4167,"angle":-14.04},{"time":0.75,"angle":-17.66},{"time":0.8333,"angle":0.43},{"time":1.25},{"time":1.6667,"angle":-14.04},{"time":2,"angle":-17.66},{"time":2.0833,"angle":0.43},{"time":2.5}],"translate":[{"x":-57.45,"y":-41.57},{"time":0.1667,"x":-34.47,"y":-14.19},{"time":0.4167,"y":-0.84},{"time":0.75},{"time":0.8333,"y":-28.98},{"time":1.25,"x":-57.45,"y":-41.57},{"time":1.4167,"x":-34.47,"y":15.27},{"time":1.6667,"y":28.61},{"time":2},{"time":2.0833,"y":-28.98},{"time":2.5,"x":-57.45,"y":-41.57}]},"bone_ikTarget":{"rotate":[{},{"time":0.1667,"angle":78.56},{"time":0.4167,"angle":-5.65},{"time":1.25}],"translate":[{},{"time":0.1667,"x":-118.46,"y":161.78},{"time":0.4167,"x":-291.29,"y":53.59},{"time":0.75,"x":-366.18,"y":58.96},{"time":0.8333,"x":-349.77,"y":-6.35},{"time":1.25,"x":-273.67},{"time":1.6667,"x":-48.48},{"time":2.5}]},"bone_ikTarget2":{"rotate":[{"time":1.25},{"time":1.4167,"angle":88.25},{"time":1.6667,"angle":14.31},{"time":2,"angle":-4.96},{"time":2.0833,"angle":1},{"time":2.5}],"translate":[{},{"time":0.4167,"x":263.44},{"time":1.25,"x":322.12},{"time":1.4167,"x":250.53,"y":184.35},{"time":1.6667,"x":29.79,"y":155.58},{"time":2,"x":-44.41,"y":90.34},{"time":2.0833,"x":-27.89,"y":-7.6},{"time":2.5}]},"腰2":{"rotate":[{},{"time":0.4167,"angle":-7.32},{"time":0.75,"angle":-5.72},{"time":0.8333,"angle":-19.2,"curve":0,"c3":0.5},{"time":1.25,"curve":0,"c3":0.5},{"time":1.6667,"angle":-7.32},{"time":2,"angle":-5.72},{"time":2.0833,"angle":-19.2,"curve":0,"c3":0.5},{"time":2.5}]},"大腿1":{"rotate":[{"angle":-5.2},{"time":1.25},{"time":2.5,"angle":-5.2}],"translate":[{},{"time":0.1667,"x":12.01,"y":-162.95},{"time":0.75,"x":8.62,"y":-185.16},{"time":1.25,"x":3.53,"y":-218.47},{"time":1.6667,"x":5.78,"y":-48.13},{"time":2.5}]},"大腿2":{"rotate":[{"angle":-14.32},{"time":1.25},{"time":2.5,"angle":-14.32}],"translate":[{},{"time":0.4167,"x":-8.77,"y":227.62},{"time":1.25,"x":23,"y":272.7},{"time":1.6667,"x":-4.67,"y":38.82},{"time":2.5}]},"身体":{"rotate":[{"curve":0,"c3":0.5},{"time":0.4167,"angle":-16.75,"curve":0,"c3":0.5},{"time":0.75,"angle":-19.21,"curve":0,"c3":0.5},{"time":0.8333,"angle":-18.54,"curve":0,"c3":0.5},{"time":1.1667,"angle":-0.33},{"time":1.25,"curve":0,"c3":0.5},{"time":1.6667,"angle":-20.71,"curve":0,"c3":0.5},{"time":2,"angle":-19.21,"curve":0,"c3":0.5},{"time":2.0833,"angle":-18.54,"curve":0,"c3":0.5},{"time":2.5}]},"头_":{"rotate":[{"angle":9.76,"curve":0,"c3":0.5},{"time":0.4167,"angle":22.69,"curve":0,"c3":0.5},{"time":0.75,"angle":17.22,"curve":0,"c3":0.5},{"time":1,"angle":5.72,"curve":0,"c3":0.5},{"time":1.25,"angle":9.76,"curve":0,"c3":0.5},{"time":1.6667,"angle":22.69,"curve":0,"c3":0.5},{"time":2,"angle":17.22,"curve":0,"c3":0.5},{"time":2.25,"angle":5.72,"curve":0,"c3":0.5},{"time":2.5,"angle":9.76}],"translate":[{},{"time":0.4167,"x":-39.91,"y":-22.52},{"time":1.25},{"time":1.6667,"x":-39.91,"y":-22.52},{"time":2.5}]},"脚2":{"rotate":[{"angle":53.64},{"time":1.25},{"time":2.5,"angle":53.64}]},"脚1":{"rotate":[{"angle":40.95},{"time":1.25},{"time":2.5,"angle":40.95}]},"手臂2":{"rotate":[{"angle":-19.75},{"time":0.4167,"angle":42.37},{"time":0.75,"angle":14.56},{"time":1.25,"angle":-19.75},{"time":1.6667,"angle":18.8},{"time":2,"angle":49.14},{"time":2.5,"angle":-19.75}],"translate":[{"x":-84.86,"y":-138.89},{"time":0.4167,"x":-60.83,"y":-11.73},{"time":0.75,"x":-45.73,"y":4.16},{"time":1.25},{"time":2.5,"x":-84.86,"y":-138.89}]},"手臂":{"rotate":[{"angle":-33.74},{"time":0.4167,"angle":14.93},{"time":0.75,"angle":26.11},{"time":1.25,"angle":-10.4},{"time":1.6667,"angle":0.67},{"time":2,"angle":-1.95},{"time":2.5,"angle":-33.74}],"translate":[{"x":32.98,"y":53.98},{"time":0.4167,"x":-3,"y":-62.58},{"time":0.75,"x":-12.24,"y":-58.5},{"time":1.25,"x":-27.53,"y":-45.06},{"time":2,"x":0.98,"y":53.88},{"time":2.5,"x":32.98,"y":53.98}]},"脚21":{"rotate":[{"angle":-39.32},{"time":1.25},{"time":2.5,"angle":-39.32}]},"脚11":{"rotate":[{"angle":-37.37},{"time":1.25},{"time":2.5,"angle":-37.37}]},"手2":{"rotate":[{"angle":12.34},{"time":0.4167,"angle":-22.99},{"time":0.75,"angle":25.27},{"time":1.25,"angle":12.34,"curve":"stepped"},{"time":1.6667,"angle":12.34},{"time":2,"angle":-25.48},{"time":2.5,"angle":12.34}]},"手":{"rotate":[{"angle":10.22},{"time":0.4167,"angle":-28.7},{"time":0.75,"angle":-17.53},{"time":1.25,"angle":-26.59},{"time":1.6667,"angle":-15.06},{"time":2,"angle":13.38},{"time":2.5,"angle":10.22}]},"手1":{"rotate":[{"angle":-42.49},{"time":0.4167,"angle":-2.78},{"time":0.75,"angle":-30.86},{"time":1.25},{"time":1.6667,"angle":13.68},{"time":2,"angle":-62.33},{"time":2.5,"angle":-42.49}]},"手21":{"rotate":[{},{"time":0.4167,"angle":17.78},{"time":0.75,"angle":-17.96},{"time":1.25}]}}}}},[0]]],0,0,[0],[-1],[0]],[[[2,"Imp"],[3,"Imp",[-5,-6],[[6,["move","move","kenyao","death"],-4,-3,-2]],[7,-1,0]],[4,"p05",1,[-7,-8],[0,"5dTRbJMvpDLYHaDisztVgD",1,0],[5,88.14,132.52]],[5,"bodyC",1,[-9,-10],[0,"e9UGyTgUFDOpVGwecd2zg7",1,0]],[8,"js1","move",0,"move",2,[0]],[9,true,2,4],[10,3,[0,0,61],[5,61,118]],[11,3,6]],0,[0,0,1,0,1,7,0,2,5,0,3,1,0,-1,2,0,-2,3,0,-1,4,0,-2,5,0,-1,6,0,-2,7,0,4,1,10],[0,4],[-1,5],[1,2]]]]