[1,["e4iugzo61BS5EpV02SZ+GW","7a/QZLET9IDreTiBfRn2PD","1eWF10LYhDYp0GdPSqylOi"],["root","spine","node","data","_N$skeletonData"],[["cc.PrefabInfo",["fileId","root","asset"],2,1,1],["sp.SkeletonData",["_name","_atlasText","textureNames","_skeletonJson","textures"],-1,3],["cc.Prefab",["_name"],2],["cc.Node",["_name","_children","_components","_prefab"],2,2,9,4],["cc.Node",["_name","_parent","_components","_prefab","_contentSize"],2,1,2,4,5],["c78e8ZsdD9NwaSx7lFo8EFm",["node","spine"],3,1,1],["sp.Skeleton",["defaultSkin","defaultAnimation","_preCacheMode","_animationName","node","_materials"],-1,1,3],["261d4+Q1HdGA5w3tjdBw83c",["node","spineAnimation"],3,1,1]],[[1,0,1,2,3,4,5],[2,0,2],[3,0,1,2,3,2],[4,0,1,2,3,4,2],[5,0,1,1],[0,1,2,1],[0,0,1,2,2],[6,0,1,2,3,4,5,5],[7,0,1,1]],[[[[0,"12_fire","\n12_fire.png\nsize: 256,512\nformat: RGBA8888\nfilter: Linear,Linear\nrepeat: none\nfire1\n  rotate: false\n  xy: 2, 422\n  size: 137, 85\n  orig: 186, 141\n  offset: 22, 20\n  index: -1\nfire10\n  rotate: false\n  xy: 182, 70\n  size: 68, 79\n  orig: 186, 141\n  offset: 57, 35\n  index: -1\nfire11\n  rotate: true\n  xy: 83, 2\n  size: 63, 95\n  orig: 186, 141\n  offset: 58, 20\n  index: -1\nfire12\n  rotate: true\n  xy: 2, 8\n  size: 51, 75\n  orig: 186, 141\n  offset: 64, 36\n  index: -1\nfire13\n  rotate: false\n  xy: 216, 235\n  size: 36, 81\n  orig: 186, 141\n  offset: 72, 43\n  index: -1\nfire14\n  rotate: true\n  xy: 182, 47\n  size: 21, 50\n  orig: 186, 141\n  offset: 80, 49\n  index: -1\nfire15\n  rotate: false\n  xy: 196, 207\n  size: 9, 31\n  orig: 186, 141\n  offset: 86, 58\n  index: -1\nfire2\n  rotate: false\n  xy: 2, 327\n  size: 124, 93\n  orig: 186, 141\n  offset: 29, 20\n  index: -1\nfire3\n  rotate: true\n  xy: 2, 192\n  size: 133, 84\n  orig: 186, 141\n  offset: 22, 20\n  index: -1\nfire4\n  rotate: false\n  xy: 128, 318\n  size: 126, 91\n  orig: 186, 141\n  offset: 28, 20\n  index: -1\nfire5\n  rotate: false\n  xy: 88, 240\n  size: 126, 76\n  orig: 186, 141\n  offset: 27, 20\n  index: -1\nfire6\n  rotate: true\n  xy: 2, 61\n  size: 129, 79\n  orig: 186, 141\n  offset: 26, 20\n  index: -1\nfire7\n  rotate: false\n  xy: 141, 411\n  size: 113, 96\n  orig: 186, 141\n  offset: 34, 20\n  index: -1\nfire8\n  rotate: true\n  xy: 88, 151\n  size: 87, 106\n  orig: 186, 141\n  offset: 47, 20\n  index: -1\nfire9\n  rotate: true\n  xy: 83, 67\n  size: 82, 97\n  orig: 186, 141\n  offset: 49, 20\n  index: -1\n",["12_fire.png"],{"skeleton":{"hash":"zbrKjttCFCdqLUbI2MZihSdAOCg","spine":"3.8.99","x":-93,"y":-22.5,"width":186,"height":141},"bones":[{"name":"root"},{"name":"fire","parent":"root"}],"slots":[{"name":"fire1","bone":"fire","attachment":"fire1"}],"skins":[{"name":"default","attachments":{"fire1":{"fire1":{"y":48,"width":186,"height":141},"fire2":{"y":48,"width":186,"height":141},"fire3":{"y":48,"width":186,"height":141},"fire4":{"y":48,"width":186,"height":141},"fire5":{"y":48,"width":186,"height":141},"fire6":{"y":48,"width":186,"height":141},"fire7":{"y":48,"width":186,"height":141},"fire8":{"y":48,"width":186,"height":141},"fire9":{"y":48,"width":186,"height":141},"fire10":{"y":48,"width":186,"height":141},"fire11":{"y":48,"width":186,"height":141},"fire12":{"y":48,"width":186,"height":141},"fire13":{"y":48,"width":186,"height":141},"fire14":{"y":48,"width":186,"height":141},"fire15":{"y":48,"width":186,"height":141}}}}],"animations":{"fire1":{"slots":{"fire1":{"attachment":[{"time":0.0667,"name":"fire2"},{"time":0.1333,"name":"fire3"},{"time":0.2,"name":"fire4"},{"time":0.2667,"name":"fire5"},{"time":0.3333,"name":"fire6"},{"time":0.4,"name":"fire1"}]}}},"fire2":{"slots":{"fire1":{"attachment":[{"time":0.0667,"name":"fire7"},{"time":0.1333,"name":"fire8"},{"time":0.2,"name":"fire9"},{"time":0.2667,"name":"fire10"},{"time":0.3333,"name":"fire11"},{"time":0.4,"name":"fire12"},{"time":0.4667,"name":"fire13"},{"time":0.5333,"name":"fire14"},{"time":0.6,"name":"fire15"},{"time":0.6667,"name":null}]}},"bones":{"fire":{"translate":[{},{"time":0.0667,"y":10.41},{"time":0.1333,"y":26.24},{"time":0.2,"y":48.57},{"time":0.2667,"y":61.55},{"time":0.3333,"y":91.93},{"time":0.4,"y":107.83},{"time":0.4667,"y":111.45},{"time":0.5333,"y":113.89},{"time":0.6,"y":113.68},{"time":0.6667,"y":138.12}]}}}}},[0]]],0,0,[0],[-1],[0]],[[[1,"BoomFireEffect"],[2,"BoomFireEffect",[-4],[[4,-3,-2]],[5,-1,0]],[3,"12_fire",1,[-5,-6],[6,"f7bMQ3oVFCrYvvG1ejEvqP",1,0],[5,186,141]],[7,"default","fire1",0,"fire1",2,[0]],[8,2,3]],0,[0,0,1,0,1,4,0,2,1,0,-1,2,0,-1,3,0,-2,4,0,3,1,6],[0,3],[-1,4],[1,2]]]]