[1,["52a0b4Fn9BGo4Mj+uWnr9x","e45VZTk5RCxKX+rvG9nHaC","24+oRMhlFL34LGTvUKw4Rp","65iN34PS5PMa7MwlapAEGV"],["_textureSetter"],["cc.SpriteFrame"],0,[[[{"name":"drop_handbook","rect":[0,0,140,144],"offset":[0,0],"originalSize":[140,144],"capInsets":[0,0,0,0]}],[0],0,[0],[0],[0]],[[{"name":"drop_sprinkler","rect":[2,2,84,83],"offset":[0,0],"originalSize":[88,87],"capInsets":[0,0,0,0]}],[0],0,[0],[0],[1]],[[{"name":"drop_taco","rect":[0,0,126,111],"offset":[0,0],"originalSize":[126,111],"capInsets":[0,0,0,0]}],[0],0,[0],[0],[2]],[[{"name":"4","rect":[0,0,105,88],"offset":[0,0],"originalSize":[105,88],"capInsets":[0,0,0,0]}],[0],0,[0],[0],[3]]]]