[1,["ecpdLyjvZBwrvm+cedCcQy","81xHwxamJG5rSxeUuJnrqq","c4TMPzuGpMgZw8nVHtogE3","b0B8kKZKtF9ZlSKD3IptfS","1002agqNdObL5aN0BnqLSf"],["node","_textureSetter","_spriteFrame","root","data"],[["cc.Node",["_name","_components","_prefab","_contentSize","_trs","_parent","_children","_anchorPoint"],2,9,4,5,7,1,2,5],"cc.SpriteFrame",["cc.Widget",["_alignFlags","_originalWidth","_originalHeight","node"],0,1],["cc.PrefabInfo",["fileId","root","asset"],2,1,1],["cc.Prefab",["_name"],2],["989ffMuIlxKu6rfCg54nfUa",["node"],3,1],["cc.Sprite",["_sizeMode","node","_materials","_spriteFrame"],2,1,3,6],["cc.BlockInputEvents",["node"],3,1],["cc.Mask",["node","_materials"],3,1,3],["cc.Button",["_N$transition","node","clickEvents"],2,1,9],["cc.ClickEvent",["_componentId","handler","target"],1,1]],[[3,0,1,2,2],[6,0,1,2,3,2],[4,0,2],[0,0,6,1,2,3,4,2],[0,0,5,1,2,3,2],[0,0,5,6,1,2,3,7,4,2],[0,0,5,1,2,3,4,2],[2,0,3,2],[2,0,1,2,3,4],[5,0,1],[3,1,2,1],[7,0,1],[8,0,1,1],[9,0,1,2,2],[10,0,1,2,3]],[[[{"name":"btn_maoxian","rect":[1,0,330,289],"offset":[0.5,1.5],"originalSize":[331,292],"capInsets":[0,0,0,0]}],[1],0,[0],[1],[1]],[[{"name":"Surface","rect":[0,0,900,600],"offset":[0,0],"originalSize":[900,600],"capInsets":[0,0,0,0]}],[1],0,[0],[1],[2]],[[[2,"MainView"],[3,"MainView",[-4,-5],[[7,45,-2],[9,-3]],[10,-1,0],[5,1280,720],[640,360,0,0,0,0,1,1,1,1]],[4,"bg",1,[[1,0,-6,[0],1],[8,45,900,600,-7],[11,-8]],[0,"f6wCcSTC1EFKK+VJ35CGn+",1,0],[5,1280,720]],[5,"btn",1,[-11],[[12,-9,[4]],[13,3,-10,[[14,"989ffMuIlxKu6rfCg54nfUa","clickAdventure",1]]]],[0,"39fzo9e/1APK8nuCnPRRbL",1,0],[5,495,216],[0,0.5,1],[279,284,0,0,0,0,1,1,1,0]],[6,"btn_maoxian",3,[[1,0,-12,[2],3]],[0,"9dJvxOYkdAVJRGILDxQClg",1,0],[5,495,433.5],[0,0,0,0,0,0,1,1,1,1.5]]],0,[0,3,1,0,0,1,0,0,1,0,-1,2,0,-2,3,0,0,2,0,0,2,0,0,2,0,0,3,0,0,3,0,-1,4,0,0,4,0,4,1,12],[0,0,0,0,0],[-1,2,-1,2,-1],[0,3,0,4,0]]]]