[1,["ecpdLyjvZBwrvm+cedCcQy","7a/QZLET9IDreTiBfRn2PD","b4QG/os+BIf7dfkky1sbYO","daYYf7bAZFvIYKXZdP4xs3","caohSHbS5GEIzmwCrnMGn5","cbC0p6bqRKaJHjyTGPnqE6","a2MjXRFdtLlYQ5ouAFv/+R","a1EigMqWdHE7vJ9hauf0zl","a1rKqZ5zdGTI2Ky51CoxyL","903M8fH1FOk4fTHcBqeXEA","fb+DD1iJ5LDqvHkxw0k9LX","bemOHnYidNna4VTSkXLKW/","58tJ4D5npKjKd3vw1Tv+uD","55obQnHzlNz48bOkvgNBiw","7bnOU7PBpP4qAEJVy0bs+T","bf2k86mWtNtaBavDLvZA29","8fO9OVhIVKfLqmsGyW+znC","feD2zlnGpJFbV4kEhTN7FP","db8I18xAJLiqnYzS19w15+"],["node","_spriteFrame","_textureSetter","_parent","_N$skeletonData","_N$file","root","nextTxt","nextBtn","mainViewBtn","data"],[["cc.Node",["_name","_opacity","_prefab","_components","_contentSize","_parent","_trs","_children","_color"],1,4,9,5,1,7,2,5],"cc.SpriteFrame",["cc.Sprite",["_sizeMode","_isTrimmedMode","_type","node","_materials","_spriteFrame"],0,1,3,6],["cc.Node",["_name","_parent","_components","_prefab","_color","_contentSize","_trs"],2,1,2,4,5,5,7],["cc.Widget",["_alignFlags","_originalWidth","_originalHeight","node"],0,1],["cc.PrefabInfo",["fileId","root","asset"],2,1,1],["cc.Label",["_string","_isSystemFontUsed","_N$horizontalAlign","_N$verticalAlign","node","_materials","_N$file"],-1,1,3,6],["cc.Prefab",["_name"],2],["f02d8BZIw9Bu48fazOB3R6s",["node","stars","mainViewBtn","nextBtn","nextTxt"],3,1,2,1,1,1],["cc.Button",["_N$transition","node","clickEvents"],2,1,9],["cc.ClickEvent",["_componentId","handler","target"],1,1],["cc.BlockInputEvents",["node"],3,1],["sp.Skeleton",["defaultSkin","defaultAnimation","_preCacheMode","_animationName","node","_materials"],-1,1,3],["261d4+Q1HdGA5w3tjdBw83c",["node","spineAnimation"],3,1,1],["sp.SkeletonData",["_name","_atlasText","textureNames","_skeletonJson","textures"],-1,3]],[[5,0,1,2,2],[2,3,4,5,1],[0,0,5,3,2,4,6,2],[0,0,7,3,2,4,6,2],[0,0,5,7,2,2],[0,0,5,7,3,2,4,6,2],[3,0,1,2,3,2],[4,0,3,2],[2,0,1,3,4,5,3],[12,0,1,2,3,4,5,5],[13,0,1,1],[2,2,0,1,3,4,5,4],[9,0,1,2,2],[10,0,1,2,3],[7,0,2],[0,0,1,5,3,2,8,4,3],[0,0,5,3,2,8,4,6,2],[3,0,1,2,3,4,5,6,2],[4,0,1,2,3,4],[8,0,1,2,3,4,1],[5,1,2,1],[2,0,3,4,5,2],[11,0,1],[6,0,1,2,3,4,5,6,5],[6,0,1,2,3,4,5,5],[14,0,1,2,3,4,5]],[[[[14,"GameWinView"],[3,"GameWinView",[-10,-11,-12,-13,-14],[[7,45,-2],[19,-9,[-6,-7,-8],-5,-4,-3]],[20,-1,0],[5,1280,720],[640,360,0,0,0,0,1,1,1,1]],[3,"win_tittle",[-16,-17,-18],[[1,-15,[17],18]],[0,"3d3JN7yqJK9YCAh2rNxmhJ",1,0],[5,537,274],[-6,195,0,0,0,0,1,1,1,1]],[3,"btn_main_view",[-21],[[11,1,0,false,-19,[27],28],[12,3,-20,[[13,"f02d8BZIw9Bu48fazOB3R6s","clickMainView",1]]]],[0,"0b2wD62SlEWJ5gri2zmRi1",1,0],[5,278,64],[-194,-166,0,0,0,0,1,1,1,0]],[3,"btn_next",[-24],[[11,1,0,false,-22,[30],31],[12,3,-23,[[13,"f02d8BZIw9Bu48fazOB3R6s","clickNext",1]]]],[0,"5au6WYbg1KeqdsHjyHwPe5",1,0],[5,278,64],[211,-166,0,0,0,0,1,1,1,0]],[15,"mask",177,1,[[21,0,-25,[0],1],[18,45,100,100,-26],[22,-27]],[0,"c2Qf3BZmVPwowc6OuoHNMa",1,0],[4,4278190080],[5,1280,720]],[4,"board",1,[2,-28,-29],[0,"3bVRyHi4RFXZKOobE0GERd",1,0]],[4,"target",6,[-30,-31,-32],[0,"3etN7IPaxGabvlCt2OItk/",1,0]],[2,"win_bg_3",1,[[1,-33,[2],3],[7,33,-34]],[0,"7csjMn+l9F94ccc2cYxrbi",1,0],[5,410,300],[435,210,0,0,0,0,1,1,1,1]],[2,"win_bg_2",1,[[1,-35,[4],5],[7,9,-36]],[0,"26kxJeDyZLwKO5mMKJlO/n",1,0],[5,321,144],[-479.5,288,0,0,0,0,1,1,1,1]],[5,"star_black",2,[-38],[[8,0,false,-37,[9],10]],[0,"18tkH0SA1M+7rcmB7lm8pH",1,0],[5,115,104],[-115,-70,0,0,0,0,1,1,1,1]],[6,"09FX_star",10,[-39,-40],[0,"0a8EedKfFANJJb3eTy/GFo",1,0]],[5,"star_black",2,[-42],[[8,0,false,-41,[12],13]],[0,"fdLI4hK5lKnrT9P1Z1HtiB",1,0],[5,115,104],[5,-70,0,0,0,0,1,1,1,1]],[6,"09FX_star",12,[-43,-44],[0,"19zM4mtCtMTqGmmiFNfjOz",1,0]],[5,"star_black",2,[-46],[[8,0,false,-45,[15],16]],[0,"67jts0O7xKjJGcOQvsq4qM",1,0],[5,115,104],[125,-70,0,0,0,0,1,1,1,1]],[6,"09FX_star",14,[-47,-48],[0,"6dA/JMa21PPrLVwkCcdX7R",1,0]],[4,"btn",6,[3,4],[0,"dfyagJ/v1AErjkWmhwccyP",1,0]],[2,"win_bg_1",1,[[1,-49,[6],7]],[0,"60GS2PphRA1qvhLiHrrQRt",1,0],[5,1261,215],[0,-252.5,0,0,0,0,1,1,1,1]],[9,"default","idle",0,"idle",11,[8]],[10,11,18],[9,"default","idle",0,"idle",13,[11]],[10,13,20],[9,"default","idle",0,"idle",15,[14]],[10,15,22],[2,"win_target_1",7,[[1,-50,[19],20]],[0,"afi48bDh5Ld5UJz4+cOYgt",1,0],[5,98,98],[-120,-45,0,0,0,0,1,1,1,1]],[2,"win_target_2",7,[[1,-51,[21],22]],[0,"b09d+TS4pMNYpl6BYtn9lE",1,0],[5,98,98],[6,-45,0,0,0,0,1,1,1,1]],[2,"win_target_3",7,[[1,-52,[23],24]],[0,"006kP/uR1D0q822Eq6ND6Y",1,0],[5,98,98],[135,-45,0,0,0,0,1,1,1,1]],[16,"txt",3,[[23,"主菜单",false,1,1,-53,[25],26]],[0,"c6xrZbXudDGoU1YNIcVTHa",1,0],[4,4285150504],[5,120,50.4],[-1,0,0,0,0,0,1,1,1,1]],[17,"txt",4,[-54],[0,"3c8d5ECS1Gnrhth2Z54swB",1,0],[4,4285150504],[5,120,50.4],[-1,0,0,0,0,0,1,1,1,1]],[24,"下一关",false,1,1,28,[29]]],0,[0,6,1,0,0,1,0,7,29,0,8,4,0,9,3,0,-1,19,0,-2,21,0,-3,23,0,0,1,0,-1,5,0,-2,8,0,-3,9,0,-4,17,0,-5,6,0,0,2,0,-1,10,0,-2,12,0,-3,14,0,0,3,0,0,3,0,-1,27,0,0,4,0,0,4,0,-1,28,0,0,5,0,0,5,0,0,5,0,-2,7,0,-3,16,0,-1,24,0,-2,25,0,-3,26,0,0,8,0,0,8,0,0,9,0,0,9,0,0,10,0,-1,11,0,-1,18,0,-2,19,0,0,12,0,-1,13,0,-1,20,0,-2,21,0,0,14,0,-1,15,0,-1,22,0,-2,23,0,0,17,0,0,24,0,0,25,0,0,26,0,0,27,0,-1,29,0,10,1,2,3,6,3,3,16,4,3,16,54],[0,0,0,0,0,0,0,0,0,0,0,0,0,0,0,0,0,0,0,0,0,0,0,0,0,0,0,0,0,0,0,0,18,20,22,29],[-1,1,-1,1,-1,1,-1,1,-1,-1,1,-1,-1,1,-1,-1,1,-1,1,-1,1,-1,1,-1,1,-1,5,-1,1,-1,-1,1,4,4,4,5],[0,6,0,7,0,8,0,9,1,0,2,1,0,2,1,0,2,0,10,0,11,0,12,0,13,0,4,0,5,0,0,5,3,3,3,4]],[[{"name":"win_bg_1","rect":[0,0,1261,215],"offset":[0,0],"originalSize":[1261,215],"capInsets":[0,0,0,0]}],[1],0,[0],[2],[14]],[[{"name":"win_bg_3","rect":[0,0,410,300],"offset":[0,0],"originalSize":[410,300],"capInsets":[0,0,0,0]}],[1],0,[0],[2],[15]],[[{"name":"win_bg_2","rect":[0,0,321,144],"offset":[0,0],"originalSize":[321,144],"capInsets":[0,0,0,0]}],[1],0,[0],[2],[16]],[[[25,"09FX_star","\n09FX_star.png\nsize: 256,128\nformat: RGBA8888\nfilter: Linear,Linear\nrepeat: none\nstar1\n  rotate: false\n  xy: 2, 2\n  size: 114, 103\n  orig: 123, 112\n  offset: 5, 4\n  index: -1\nstar2\n  rotate: false\n  xy: 118, 78\n  size: 30, 27\n  orig: 32, 29\n  offset: 1, 1\n  index: -1\n",["09FX_star.png"],{"skeleton":{"hash":"YjsIB2sKKR1iiLugK/nZWRFZwDo","spine":"3.8.99"},"bones":[{"name":"root"},{"name":"star1","parent":"root"},{"name":"star200","parent":"root"},{"name":"star2","parent":"star200","scaleX":0.3,"scaleY":0.3},{"name":"star3","parent":"root","scaleX":0.2873,"scaleY":0.2873},{"name":"star4","parent":"root","scaleX":0.2873,"scaleY":0.2873},{"name":"star5","parent":"root","scaleX":0.2873,"scaleY":0.2873},{"name":"star6","parent":"root","scaleX":0.2873,"scaleY":0.2873},{"name":"star7","parent":"star200","scaleX":0.3,"scaleY":0.3},{"name":"star8","parent":"star200","scaleX":0.3,"scaleY":0.3},{"name":"star9","parent":"star200","scaleX":0.3,"scaleY":0.3},{"name":"star10","parent":"star200","scaleX":0.3,"scaleY":0.3},{"name":"star201","parent":"root"},{"name":"star11","parent":"star201","scaleX":0.3,"scaleY":0.3},{"name":"star12","parent":"star201","scaleX":0.3,"scaleY":0.3},{"name":"star13","parent":"star201","scaleX":0.3,"scaleY":0.3},{"name":"star14","parent":"star201","scaleX":0.3,"scaleY":0.3},{"name":"star15","parent":"star201","scaleX":0.3,"scaleY":0.3},{"name":"star202","parent":"root"},{"name":"star16","parent":"star202","scaleX":0.3,"scaleY":0.3},{"name":"star17","parent":"star202","scaleX":0.3,"scaleY":0.3},{"name":"star18","parent":"star202","scaleX":0.3,"scaleY":0.3},{"name":"star19","parent":"star202","scaleX":0.3,"scaleY":0.3},{"name":"star20","parent":"star202","scaleX":0.3,"scaleY":0.3},{"name":"star203","parent":"root"},{"name":"star21","parent":"star203","scaleX":0.3,"scaleY":0.3},{"name":"star22","parent":"star203","scaleX":0.3,"scaleY":0.3},{"name":"star23","parent":"star203","scaleX":0.3,"scaleY":0.3},{"name":"star24","parent":"star203","scaleX":0.3,"scaleY":0.3},{"name":"star25","parent":"star203","scaleX":0.3,"scaleY":0.3},{"name":"star204","parent":"root"},{"name":"star26","parent":"star204","scaleX":0.3,"scaleY":0.3},{"name":"star27","parent":"star204","scaleX":0.3,"scaleY":0.3},{"name":"star28","parent":"star204","scaleX":0.3,"scaleY":0.3},{"name":"star29","parent":"star204","scaleX":0.3,"scaleY":0.3},{"name":"star30","parent":"star204","scaleX":0.3,"scaleY":0.3}],"slots":[{"name":"bg","bone":"root"},{"name":"star2","bone":"star2","color":"ffffffc6"},{"name":"star10","bone":"star7","color":"ffffffc6"},{"name":"star11","bone":"star8","color":"ffffffc6"},{"name":"star12","bone":"star9","color":"ffffffc6"},{"name":"star13","bone":"star10","color":"ffffffc6"},{"name":"star5","bone":"star3","color":"ffffff51"},{"name":"star8","bone":"star6","color":"ffffff51"},{"name":"star6","bone":"star5","color":"ffffff51"},{"name":"star3","bone":"star3"},{"name":"star9","bone":"star6"},{"name":"star7","bone":"star5"},{"name":"star4","bone":"star4"},{"name":"star1","bone":"star1"},{"name":"star14","bone":"star11","color":"ffffffc6"},{"name":"star19","bone":"star16","color":"ffffffc6"},{"name":"star24","bone":"star21","color":"ffffffc6"},{"name":"star29","bone":"star26","color":"ffffffc6"},{"name":"star15","bone":"star12","color":"ffffffc6"},{"name":"star20","bone":"star17","color":"ffffffc6"},{"name":"star25","bone":"star22","color":"ffffffc6"},{"name":"star30","bone":"star27","color":"ffffffc6"},{"name":"star16","bone":"star13","color":"ffffffc6"},{"name":"star21","bone":"star18","color":"ffffffc6"},{"name":"star26","bone":"star23","color":"ffffffc6"},{"name":"star31","bone":"star28","color":"ffffffc6"},{"name":"star17","bone":"star14","color":"ffffffc6"},{"name":"star22","bone":"star19","color":"ffffffc6"},{"name":"star27","bone":"star24","color":"ffffffc6"},{"name":"star32","bone":"star29","color":"ffffffc6"},{"name":"star18","bone":"star15","color":"ffffffc6"},{"name":"star23","bone":"star20","color":"ffffffc6"},{"name":"star28","bone":"star25","color":"ffffffc6"},{"name":"star33","bone":"star30","color":"ffffffc6"}],"skins":[{"name":"default","attachments":{"star1":{"star1":{"x":-1.5,"y":3,"width":123,"height":112}},"star2":{"star2":{"width":32,"height":29}},"star3":{"star1":{"x":-1.5,"y":3,"width":123,"height":112}},"star4":{"star1":{"x":-1.5,"y":3,"width":123,"height":112}},"star5":{"star1":{"type":"mesh","hull":4,"uvs":[1,1,0,1,0,0,1,0],"triangles":[1,2,3,1,3,0],"vertices":[33.91,-53.6,-87.73,-35.37,-71.13,75.39,50.51,57.16]}},"star6":{"star1":{"type":"mesh","hull":4,"uvs":[1,1,0,1,0,0,1,0],"triangles":[1,2,3,1,3,0],"vertices":[75.77,-72.02,-43.76,-43.01,-17.35,65.83,102.18,36.82]}},"star7":{"star1":{"x":-1.5,"y":3,"rotation":-7.86,"width":123,"height":112}},"star8":{"star1":{"type":"mesh","hull":4,"uvs":[1,1,0,1,0,0,1,0],"triangles":[1,2,3,1,3,0],"vertices":[33.91,-53.6,-87.73,-35.37,-71.13,75.39,50.51,57.16]}},"star9":{"star1":{"x":-1.5,"y":3,"width":123,"height":112}},"star10":{"star2":{"width":32,"height":29}},"star11":{"star2":{"width":32,"height":29}},"star12":{"star2":{"width":32,"height":29}},"star13":{"star2":{"width":32,"height":29}},"star14":{"star2":{"width":32,"height":29}},"star15":{"star2":{"width":32,"height":29}},"star16":{"star2":{"width":32,"height":29}},"star17":{"star2":{"width":32,"height":29}},"star18":{"star2":{"width":32,"height":29}},"star19":{"star2":{"width":32,"height":29}},"star20":{"star2":{"width":32,"height":29}},"star21":{"star2":{"width":32,"height":29}},"star22":{"star2":{"width":32,"height":29}},"star23":{"star2":{"width":32,"height":29}},"star24":{"star2":{"width":32,"height":29}},"star25":{"star2":{"width":32,"height":29}},"star26":{"star2":{"width":32,"height":29}},"star27":{"star2":{"width":32,"height":29}},"star28":{"star2":{"width":32,"height":29}},"star29":{"star2":{"width":32,"height":29}},"star30":{"star2":{"width":32,"height":29}},"star31":{"star2":{"width":32,"height":29}},"star32":{"star2":{"width":32,"height":29}},"star33":{"star2":{"width":32,"height":29}}}}],"events":{"1":{}},"animations":{"idle":{"slots":{"star1":{"color":[{"time":0.0333,"color":"ffffff96","curve":0.25,"c3":0.75},{"time":0.2667,"color":"ffffffc8","curve":0.25,"c3":0.95,"c4":0.79},{"time":0.4,"color":"ffffffff"}],"attachment":[{"time":0.0333,"name":"star1"}]},"star2":{"color":[{"time":0.7667,"color":"ffffffc6","curve":0.25,"c3":0.75},{"time":0.9333,"color":"ffffff00"}],"attachment":[{"time":0.3333,"name":"star2"}]},"star3":{"color":[{"time":0.7667,"color":"ffffffff","curve":0.25,"c3":0.75},{"time":1.1333,"color":"ffffff00"}],"attachment":[{"time":0.5667,"name":"star1"}]},"star4":{"color":[{"time":0.4333,"color":"ffffff64","curve":"stepped"},{"time":0.6333,"color":"ffffff64"},{"time":0.8333,"color":"ffffff00"}],"attachment":[{"time":0.4333,"name":"star1"}]},"star5":{"color":[{"time":0.7667,"color":"ffffff51","curve":0.25,"c3":0.75},{"time":1.1333,"color":"ffffff00"}],"attachment":[{"time":0.5667,"name":"star1"}]},"star6":{"color":[{"time":1.3333,"color":"ffffff51","curve":0.25,"c3":0.75},{"time":1.4333,"color":"ffffff00"}],"attachment":[{"time":0.8,"name":"star1"},{"time":0.9667,"name":null},{"time":1,"name":"star1"},{"time":1.1333,"name":null},{"time":1.1667,"name":"star1"},{"time":1.2667,"name":null},{"time":1.3,"name":"star1"},{"time":1.4,"name":null}]},"star7":{"color":[{"time":1.3333,"color":"ffffffff","curve":0.25,"c3":0.75},{"time":1.4333,"color":"ffffff00"}],"attachment":[{"time":0.8,"name":"star1"}]},"star8":{"color":[{"time":1.3,"color":"ffffff51","curve":0.25,"c3":0.75},{"time":1.6667,"color":"ffffff00"}],"attachment":[{"time":1.1,"name":"star1"},{"time":1.1667,"name":null},{"time":1.2333,"name":"star1"},{"time":1.3,"name":null},{"time":1.3667,"name":"star1"},{"time":1.4333,"name":null},{"time":1.5,"name":"star1"},{"time":1.5667,"name":null},{"time":1.6333,"name":"star1"},{"time":1.6667,"name":null}]},"star9":{"color":[{"time":1.3,"color":"ffffffff","curve":0.25,"c3":0.75},{"time":1.6667,"color":"ffffff00"}],"attachment":[{"time":1.1,"name":"star1"}]},"star10":{"color":[{"time":0.7667,"color":"ffffffc6","curve":0.25,"c3":0.75},{"time":0.9333,"color":"ffffff00"}],"attachment":[{"time":0.3333,"name":"star2"}]},"star11":{"color":[{"time":0.7667,"color":"ffffffc6","curve":0.25,"c3":0.75},{"time":0.9333,"color":"ffffff00"}],"attachment":[{"time":0.3333,"name":"star2"}]},"star12":{"color":[{"time":0.7667,"color":"ffffffc6","curve":0.25,"c3":0.75},{"time":0.9333,"color":"ffffff00"}],"attachment":[{"time":0.3333,"name":"star2"}]},"star13":{"color":[{"time":0.7667,"color":"ffffffc6","curve":0.25,"c3":0.75},{"time":0.9333,"color":"ffffff00"}],"attachment":[{"time":0.3333,"name":"star2"}]},"star14":{"color":[{"time":1.3667,"color":"ffffffc6","curve":0.25,"c3":0.75},{"time":1.5333,"color":"ffffff00"}],"attachment":[{"time":1.1,"name":"star2"}]},"star15":{"color":[{"time":1.3667,"color":"ffffffc6","curve":0.25,"c3":0.75},{"time":1.5333,"color":"ffffff00"}],"attachment":[{"time":1.1,"name":"star2"}]},"star16":{"color":[{"time":1.3667,"color":"ffffffc6","curve":0.25,"c3":0.75},{"time":1.5333,"color":"ffffff00"}],"attachment":[{"time":1.1,"name":"star2"}]},"star17":{"color":[{"time":1.3667,"color":"ffffffc6","curve":0.25,"c3":0.75},{"time":1.5333,"color":"ffffff00"}],"attachment":[{"time":1.1,"name":"star2"}]},"star18":{"color":[{"time":1.3667,"color":"ffffffc6","curve":0.25,"c3":0.75},{"time":1.5333,"color":"ffffff00"}],"attachment":[{"time":1.1,"name":"star2"}]},"star19":{"color":[{"time":1.3667,"color":"ffffffc6","curve":0.25,"c3":0.75},{"time":1.5333,"color":"ffffff00"}],"attachment":[{"time":1.1,"name":"star2"}]},"star20":{"color":[{"time":1.3667,"color":"ffffffc6","curve":0.25,"c3":0.75},{"time":1.5333,"color":"ffffff00"}],"attachment":[{"time":1.1,"name":"star2"}]},"star21":{"color":[{"time":1.3667,"color":"ffffffc6","curve":0.25,"c3":0.75},{"time":1.5333,"color":"ffffff00"}],"attachment":[{"time":1.1,"name":"star2"}]},"star22":{"color":[{"time":1.3667,"color":"ffffffc6","curve":0.25,"c3":0.75},{"time":1.5333,"color":"ffffff00"}],"attachment":[{"time":1.1,"name":"star2"}]},"star23":{"color":[{"time":1.3667,"color":"ffffffc6","curve":0.25,"c3":0.75},{"time":1.5333,"color":"ffffff00"}],"attachment":[{"time":1.1,"name":"star2"}]},"star24":{"color":[{"time":1.4,"color":"ffffffc6","curve":0.25,"c3":0.75},{"time":1.5667,"color":"ffffff00"}],"attachment":[{"time":1.2,"name":"star2"}]},"star25":{"color":[{"time":1.4,"color":"ffffffc6","curve":0.25,"c3":0.75},{"time":1.5667,"color":"ffffff00"}],"attachment":[{"time":1.2,"name":"star2"}]},"star26":{"color":[{"time":1.4,"color":"ffffffc6","curve":0.25,"c3":0.75},{"time":1.5667,"color":"ffffff00"}],"attachment":[{"time":1.2,"name":"star2"}]},"star27":{"color":[{"time":1.4,"color":"ffffffc6","curve":0.25,"c3":0.75},{"time":1.5667,"color":"ffffff00"}],"attachment":[{"time":1.2,"name":"star2"}]},"star28":{"color":[{"time":1.4,"color":"ffffffc6","curve":0.25,"c3":0.75},{"time":1.5667,"color":"ffffff00"}],"attachment":[{"time":1.2,"name":"star2"}]},"star29":{"color":[{"time":1.5667,"color":"ffffffc6","curve":0.25,"c3":0.75},{"time":1.7333,"color":"ffffff00"}],"attachment":[{"time":1.3333,"name":"star2"}]},"star30":{"color":[{"time":1.5667,"color":"ffffffc6","curve":0.25,"c3":0.75},{"time":1.7333,"color":"ffffff00"}],"attachment":[{"time":1.3333,"name":"star2"}]},"star31":{"color":[{"time":1.5667,"color":"ffffffc6","curve":0.25,"c3":0.75},{"time":1.7333,"color":"ffffff00"}],"attachment":[{"time":1.3333,"name":"star2"}]},"star32":{"color":[{"time":1.5667,"color":"ffffffc6","curve":0.25,"c3":0.75},{"time":1.7333,"color":"ffffff00"}],"attachment":[{"time":1.3333,"name":"star2"}]},"star33":{"color":[{"time":1.5667,"color":"ffffffc6","curve":0.25,"c3":0.75},{"time":1.7333,"color":"ffffff00"}],"attachment":[{"time":1.3333,"name":"star2"}]}},"bones":{"star1":{"translate":[{"time":0.4},{"time":0.4667,"x":3},{"time":0.5333,"curve":0.25,"c3":0.75},{"time":0.5667,"x":3,"curve":0.042,"c2":0.6,"c3":0.366},{"time":0.6333}],"scale":[{"curve":"stepped"},{"time":0.0333,"x":1.556,"y":1.362,"curve":0.25,"c3":0.75},{"time":0.2667,"x":3.592,"y":3.228,"curve":0.25,"c3":0.95,"c4":0.79},{"time":0.4}]},"star3":{"translate":[{"time":0.5667,"x":-8.01,"y":10.89,"curve":0.25,"c3":0.75},{"time":1.1333,"x":-240.7,"y":69.82}],"scale":[{"time":0.5667,"x":1.218,"y":1.218}]},"star4":{"translate":[{"time":0.4333,"x":5.15,"y":44.8,"curve":0.25,"c3":0.75},{"time":0.8,"x":61.8,"y":111.75}]},"star5":{"rotate":[{"time":0.8,"curve":0.25,"c3":0.75},{"time":1.4333,"angle":8.35}],"translate":[{"time":0.8,"x":30.81,"y":5.11,"curve":0.25,"c3":0.75},{"time":1.4333,"x":405.35,"y":-138.43}],"scale":[{"time":0.8,"x":1.048,"y":1.048,"curve":0.25,"c3":0.75},{"time":1.4333,"x":1.242,"y":1.242}]},"star6":{"rotate":[{"time":1.1,"angle":16.93,"curve":0.25,"c3":0.75},{"time":1.6667,"angle":26.24}],"translate":[{"time":1.1,"x":-39.28,"y":-10.52,"curve":0.25,"c3":0.75},{"time":1.6667,"x":-305.48,"y":-152.27}],"scale":[{"time":1.1,"x":1.47,"y":1.47}]},"star2":{"translate":[{"time":0.3333,"curve":0.314,"c2":0.2,"c3":0.798,"c4":0.89},{"time":0.9333,"x":-80,"y":30}]},"star7":{"translate":[{"time":0.3333,"curve":0.522,"c2":0.39,"c3":0.814,"c4":0.98},{"time":0.9333,"y":80}]},"star8":{"translate":[{"time":0.3333,"curve":0.226,"c2":0.2,"c3":0.814,"c4":0.98},{"time":0.9333,"x":80,"y":30}]},"star9":{"translate":[{"time":0.3333,"curve":0.314,"c2":0.2,"c3":0.814,"c4":0.98},{"time":0.9333,"x":-62,"y":-80}]},"star10":{"translate":[{"time":0.3333,"curve":0.314,"c2":0.2,"c3":0.758,"c4":0.94},{"time":0.9333,"x":62,"y":-80}]},"star11":{"translate":[{"time":1.1,"x":-2,"curve":0.314,"c2":0.2,"c3":0.798,"c4":0.89},{"time":1.5333,"x":-70,"y":10}]},"star12":{"translate":[{"time":1.1,"y":2,"curve":0.522,"c2":0.39,"c3":0.814,"c4":0.98},{"time":1.5333,"y":60}]},"star13":{"translate":[{"time":1.1,"x":2,"curve":0.226,"c2":0.2,"c3":0.814,"c4":0.98},{"time":1.5333,"x":70,"y":10}]},"star14":{"translate":[{"time":1.1,"x":-1,"y":-2,"curve":0.314,"c2":0.2,"c3":0.814,"c4":0.98},{"time":1.5333,"x":-42,"y":-70}]},"star15":{"translate":[{"time":1.1,"x":1,"y":-2,"curve":0.314,"c2":0.2,"c3":0.758,"c4":0.94},{"time":1.5333,"x":52,"y":-70}]},"star201":{"translate":[{"time":1.1,"x":-5.03,"y":72.59}]},"star16":{"translate":[{"time":1.1,"x":-2,"curve":0.314,"c2":0.2,"c3":0.798,"c4":0.89},{"time":1.5333,"x":-70,"y":10}]},"star17":{"translate":[{"time":1.1,"y":2,"curve":0.522,"c2":0.39,"c3":0.814,"c4":0.98},{"time":1.5333,"y":60}]},"star18":{"translate":[{"time":1.1,"x":2,"curve":0.226,"c2":0.2,"c3":0.814,"c4":0.98},{"time":1.5333,"x":70,"y":10}]},"star19":{"translate":[{"time":1.1,"x":-1,"y":-2,"curve":0.314,"c2":0.2,"c3":0.814,"c4":0.98},{"time":1.5333,"x":-42,"y":-70}]},"star20":{"translate":[{"time":1.1,"x":1,"y":-2,"curve":0.314,"c2":0.2,"c3":0.758,"c4":0.94},{"time":1.5333,"x":52,"y":-70}]},"star202":{"translate":[{"time":1.1,"x":-87.15,"y":-4.28}]},"star21":{"translate":[{"time":1.2,"x":-2,"curve":0.314,"c2":0.2,"c3":0.798,"c4":0.89},{"time":1.5667,"x":-70,"y":10}]},"star22":{"translate":[{"time":1.2,"y":2,"curve":0.522,"c2":0.39,"c3":0.814,"c4":0.98},{"time":1.5667,"y":60}]},"star23":{"translate":[{"time":1.2,"x":2,"curve":0.226,"c2":0.2,"c3":0.814,"c4":0.98},{"time":1.5667,"x":70,"y":10}]},"star24":{"translate":[{"time":1.2,"x":-1,"y":-2,"curve":0.314,"c2":0.2,"c3":0.814,"c4":0.98},{"time":1.5667,"x":-42,"y":-70}]},"star25":{"translate":[{"time":1.2,"x":1,"y":-2,"curve":0.314,"c2":0.2,"c3":0.758,"c4":0.94},{"time":1.5667,"x":52,"y":-70}]},"star203":{"translate":[{"time":1.2,"x":-118.03,"y":66.67}],"scale":[{"time":1.2,"x":1.216,"y":1.216}]},"star26":{"translate":[{"time":1.3333,"x":-2,"curve":0.314,"c2":0.2,"c3":0.798,"c4":0.89},{"time":1.7333,"x":-61.77,"y":10}]},"star27":{"translate":[{"time":1.3333,"y":2,"curve":0.522,"c2":0.39,"c3":0.814,"c4":0.98},{"time":1.7333,"y":51.77}]},"star28":{"translate":[{"time":1.3333,"x":2,"curve":0.226,"c2":0.2,"c3":0.814,"c4":0.98},{"time":1.7333,"x":61.77,"y":10}]},"star29":{"translate":[{"time":1.3333,"x":-1,"y":-2,"curve":0.314,"c2":0.2,"c3":0.814,"c4":0.98},{"time":1.7333,"x":-42,"y":-61.77}]},"star30":{"translate":[{"time":1.3333,"x":1,"y":-2,"curve":0.314,"c2":0.2,"c3":0.758,"c4":0.94},{"time":1.7333,"x":52,"y":-61.77}]},"star204":{"translate":[{"time":1.3333,"x":52.58,"y":15.4}],"scale":[{"time":1.3333,"x":1.216,"y":1.216}]}},"deform":{"default":{"star5":{"star1":[{"time":0.5667,"curve":0.25,"c3":0.75},{"time":0.7333,"curve":0.25,"c3":0.75,"vertices":[15.86951,-4.88287,15.86951,-4.88287,15.86951,-4.88287,15.86951,-4.88287]},{"time":0.9,"curve":0.25,"c3":0.75,"vertices":[-21.97372,7.32455,-21.97372,7.32455,-21.97372,7.32455,-21.97372,7.32455]},{"time":1.1333}]},"star6":{"star1":[{"time":0.9,"curve":0.25,"c3":0.75},{"time":0.9667,"curve":0.25,"c3":0.75,"vertices":[-23.86716,1.88742,-23.86716,1.88742,-23.86716,1.88742,-23.86716,1.88742]},{"time":1,"curve":0.242,"c3":0.667,"c4":0.67},{"time":1.1,"curve":0.379,"c2":0.6,"c3":0.724,"vertices":[13.22607,-10.24743,13.22607,-10.24743,13.22607,-10.24743,13.22607,-10.24743]},{"time":1.1333,"curve":0.25,"c3":0.75,"vertices":[-23.86716,1.88742,-23.86716,1.88742,-23.86716,1.88742,-23.86716,1.88742]},{"time":1.1667,"curve":0.243,"c3":0.649,"c4":0.6},{"time":1.2333,"curve":0.382,"c2":0.57,"c3":0.735,"vertices":[8.11103,-5.95586,8.11103,-5.95586,8.11103,-5.95586,8.11103,-5.95586]},{"time":1.2667,"curve":0.25,"c3":0.75,"vertices":[-23.86716,1.88742,-23.86716,1.88742,-23.86716,1.88742,-23.86716,1.88742]},{"time":1.3,"curve":0.25,"c3":0.75},{"time":1.4,"vertices":[-23.86716,1.88742,-23.86716,1.88742,-23.86716,1.88742,-23.86716,1.88742]}]},"star8":{"star1":[{"time":1.1,"vertices":[6.19247,-11.89899,-19.40034,-39.77194,-27.29868,-25.43821,14.61523,-23.94167]}]}}},"events":[{"time":0.6333,"name":"1"}]}}},[0]]],0,0,[0],[-1],[17]],[[{"name":"win_tittle","rect":[0,0,537,274],"offset":[0,0],"originalSize":[537,274],"capInsets":[0,0,0,0]}],[1],0,[0],[2],[18]]]]