[1,["ecpdLyjvZBwrvm+cedCcQy","28ua9PFj5JgqhcEVj+zDOd","e3Na6WdjJK9LpgWa8SaKIQ","f31/yFnMhLyZvL8ZtgtfgR","d0qezHe65DWbnuyqtNVfyB","93U+WqO99Pr7y14x1gNM+C"],["_parent","node","root","carryNode","cordNode","body","animation","data","_spriteFrame","targetPrefab","_N$skeletonData","_textureSetter"],[["cc.Node",["_name","_prefab","_parent","_children","_components","_trs","_contentSize","_anchorPoint"],2,4,1,2,9,7,5,5],["cc.Node",["_name","_groupIndex","_parent","_components","_prefab","_trs","_children","_contentSize"],1,1,2,4,7,2,5],["cc.PrefabInfo",["fileId","root","asset"],2,1,1],"cc.SpriteFrame",["cc.Prefab",["_name"],2],["cc.Node",["_name","_parent","_children","_prefab"],2,1,12,4],["cc.Node",["_name","_parent","_children","_prefab"],2,1,9,4],["840be7Xt5hAxIWKZBLLxR4S",["needShadow","aniName","node","animation","body","cordNode","carryNode","targetPrefab"],1,1,1,1,1,1,6],["cc.Sprite",["_type","_sizeMode","node","_materials","_spriteFrame"],1,1,3,6],["cc.BoxCollider",["node","_size"],3,1,5],["b1abdSI13NE76lu3aJ+NI5X",["node","body"],3,1,1],["sp.Skeleton",["defaultSkin","defaultAnimation","_preCacheMode","_animationName","node","_materials"],-1,1,3],["261d4+Q1HdGA5w3tjdBw83c",["activeFlash","node","spineAnimation"],2,1,1],["cc.Label",["_string","_fontSize","_lineHeight","_N$horizontalAlign","_N$verticalAlign","node","_materials"],-2,1,3]],[[2,0,1,2,2],[0,0,2,1,2],[0,0,2,3,1,2],[6,0,1,2,3,2],[0,0,3,1,2],[5,0,1,2,3,2],[4,0,2],[0,0,3,4,1,2],[0,0,2,4,1,6,7,5,2],[0,0,2,1,5,2],[0,0,2,4,1,6,5,2],[1,0,2,6,3,4,7,5,2],[1,0,1,2,3,4,5,3],[7,0,1,2,3,4,5,6,7,3],[2,1,2,1],[8,0,1,2,3,4,3],[9,0,1,1],[10,0,1,1],[11,0,1,2,3,4,5,5],[12,0,1,2,2],[13,0,1,2,3,4,5,6,6]],[[[[6,"BungeeZombie"],[7,"BungeeZombie",[-7,-8,-9],[[13,false,["daiji","zou","kenyao","death"],-6,-5,-4,-3,-2,4]],[14,-1,0]],[4,"ATTACHED_NODE:身体1",[-10,-11,-12,-13,-14],[0,"b42QXQhIxAZIAiYUBKp1GN",1,0]],[11,"01js",1,[-17,-18],[-15,-16],[0,"18k+jo5VlNYLb9LKhte0ya",1,0],[5,100.14,157.59],[0,0,0,0,0,0,1,-1,1,1]],[5,"ATTACHED_NODE:头",2,[[[1,"ATTACHED_NODE:bone",-19,[0,"c7YhnSBeJAZII2nB8+3AxE",1,0]],[1,"ATTACHED_NODE:眼睛2_",-20,[0,"7a9mITHqxJl5LiE7d/B9cO",1,0]],-21,[1,"ATTACHED_NODE:眼睛1_",-22,[0,"adE+4R6NFEU5FP2GxPfm5z",1,0]]],4,4,1,4],[0,"5falSYaCZKOaRrjAdh6iZI",1,0]],[4,"ATTACHED_NODE:bone1",[-23,-24,-25],[0,"8dW9oG9n5ACbY3M7Mgel/J",1,0]],[5,"ATTACHED_NODE:身体2",2,[[[1,"ATTACHED_NODE:身体3",-26,[0,"33j3dQ4lhKIZTo+xb434h0",1,0]],[1,"ATTACHED_NODE:身体4",-27,[0,"a7kgFThKZJ/ZL+LjAe9YOL",1,0]],-28],4,4,1],[0,"82g+9st25A6LrBispeWAND",1,0]],[8,"BungeeCord",1,[[15,2,0,-29,[0],1]],[0,"29NXOKPrNLN61sPtmC68be",1,0],[5,6,600],[0,0.5,1],[0,717,0,0,0,0,1,1,1,1]],[2,"ATTACHED_NODE:臂膀1",5,[-30,-31],[0,"ce6NmPWPRHz7MtipoIrO7i",1,0]],[2,"ATTACHED_NODE:腰",8,[-32,-33],[0,"41BA0I1PhOOZ6kwIPbg4CT",1,0]],[2,"ATTACHED_NODE:身体",8,[2,-34],[0,"6ebpJDjTFLg47zmnNHFDsw",1,0]],[12,"BodyC",2,10,[-35,-36],[0,"bat8gEPnpDsrKsqnuurD5R",1,0],[192,201,0,0,0,0,1,1,1,1]],[2,"ATTACHED_NODE_TREE",3,[-37],[0,"94VrvQzxlKH4rwdF1rpWpx",1,0]],[2,"ATTACHED_NODE:root",12,[5],[0,"02tZPZfWlHPJb/0zPSX9IU",1,0]],[3,"ATTACHED_NODE:bone_ikTarget_left",5,[[1,"ATTACHED_NODE:bone_ikTarget1",-38,[0,"674Z2ToOVJlqzNEHO2pJ5B",1,0]]],[0,"0dqO5a5zpEt54VyGp/RbP7",1,0]],[3,"ATTACHED_NODE:bone_ikTarget_right",5,[[1,"ATTACHED_NODE:bone_ikTarget",-39,[0,"4cE+mj5sZLHalBTDerdBAG",1,0]]],[0,"4e3/VwF4VL+bzq8llR5F9M",1,0]],[2,"ATTACHED_NODE:大腿1",9,[-40],[0,"e0YcyrY3xBjKVxrblefnOE",1,0]],[2,"ATTACHED_NODE:脚_1",16,[-41],[0,"86Nb1CjEVD54e89gg7icn1",1,0]],[3,"ATTACHED_NODE:脚_11",17,[[1,"ATTACHED_NODE:脚_12",-42,[0,"f9n+pxppFN0K9xC35GYiQv",1,0]]],[0,"099v2aNTxOHKKhfJb9mTMD",1,0]],[2,"ATTACHED_NODE:大腿2",9,[-43],[0,"c4PeHGoEVPjo3qSuWng+zj",1,0]],[3,"ATTACHED_NODE:脚2",19,[[1,"ATTACHED_NODE:脚21",-44,[0,"29gOWrMfNDJa5IzjO7qhZQ",1,0]]],[0,"9d98wGe+NJM6uU3CMH4rJ6",1,0]],[2,"ATTACHED_NODE:1 daoju",4,[-45],[0,"55Gr2re2RH55xPGsXWTZxW",1,0]],[3,"ATTACHED_NODE:头_2",21,[[1,"ATTACHED_NODE:头_3",-46,[0,"85rpDz7u9CWrSegRDWrwfM",1,0]]],[0,"fdNwsha8VAuZqn0LlNqeTh",1,0]],[2,"ATTACHED_NODE:臂膀2",2,[-47],[0,"e4pl8t4VFOhqxTKuO0Idw9",1,0]],[3,"ATTACHED_NODE:手臂2",23,[[1,"ATTACHED_NODE:手2",-48,[0,"2fEEorlctKfJnHuapu7IN9",1,0]]],[0,"58mShLgIRBFaA9M7lFxFlh",1,0]],[2,"ATTACHED_NODE:臂膀11",2,[-49],[0,"d9gReb9lJJ+pb6psZkr4fN",1,0]],[3,"ATTACHED_NODE:手臂1",25,[[1,"ATTACHED_NODE:大腿21",-50,[0,"d5P6XhuT1M2ZEnD9ve+cuH",1,0]]],[0,"fa5DZ7wvxAyKCn43a0zP2Z",1,0]],[3,"ATTACHED_NODE:领带1",2,[[1,"ATTACHED_NODE:领带2",-51,[0,"c30aK6FgBIMrBq+GZG9zsv",1,0]]],[0,"c95SMbAkBEkLj13XKH0eBO",1,0]],[2,"ATTACHED_NODE:身体5",6,[-52],[0,"4axaMKssFItJ8XiHrRM7Fg",1,0]],[3,"ATTACHED_NODE:身体5b",28,[[1,"ATTACHED_NODE:身体5c",-53,[0,"987FUTZdxEHIduaIerphjp",1,0]]],[0,"cdTeKrDflPJq+K4VVvqlSN",1,0]],[16,11,[5,1300,400]],[17,11,30],[9,"CarryNode",3,[0,"27tw2LTs5AmpV46HzTHMCj",1,0],[0,-50,0,0,0,0,1,-1,1,-1]],[18,"js","daiji",0,"daiji",3,[2]],[19,true,3,33],[10,"New Label",1,[[20,"蹦极僵尸",30,33,1,1,-54,[3]]],[0,"4dzWc4y8JG5bs7Mz8ovxK3",1,0],[5,120,41.58],[0,15,0,0,0,0,1,1,1,1]]],0,[0,2,1,0,3,32,0,4,7,0,5,31,0,6,34,0,1,1,0,-1,7,0,-2,3,0,-3,35,0,-1,4,0,-2,23,0,-3,25,0,-4,27,0,-5,6,0,-1,33,0,-2,34,0,-1,12,0,-2,32,0,0,4,0,0,4,0,-3,21,0,0,4,0,-1,14,0,-2,15,0,-3,8,0,0,6,0,0,6,0,-3,28,0,1,7,0,-1,9,0,-2,10,0,-1,16,0,-2,19,0,-2,11,0,-1,30,0,-2,31,0,-1,13,0,0,14,0,0,15,0,-1,17,0,-1,18,0,0,18,0,-1,20,0,0,20,0,-1,22,0,0,22,0,-1,24,0,0,24,0,-1,26,0,0,26,0,0,27,0,-1,29,0,0,29,0,1,35,0,7,1,2,0,10,5,0,13,54],[0,0,0,0,0,33],[-1,8,-1,-1,9,10],[0,1,2,0,3,4]],[[{"name":"BungeeCord","rect":[1,0,6,64],"offset":[0,0],"originalSize":[8,64],"capInsets":[0,0,0,0]}],[3],0,[0],[11],[5]]]]