[1,["e3Na6WdjJK9LpgWa8SaKIQ","172ca2c9c","7a/QZLET9IDreTiBfRn2PD","ecpdLyjvZBwrvm+cedCcQy","82SDcJKQ5C3r6SEhMOCeuP","a81Evo+olHnoLn9wMMWyhC","dd244MhydJiZPeHMVDH8fb","73wTe+WPZCTJ9+U66x4myd","43jZNpRjZIuZHqngf0TRaf"],["_N$skeletonData","node","_textureSetter","root","jackBoxAni","machineHead","XYAtlasSpine","atlasSpine","data","_spriteFrame","poolPrefab"],[["sp.Skeleton",["defaultSkin","_preCacheMode","premultipliedAlpha","_N$enableBatch","defaultAnimation","_animationName","loop","node","_materials"],-4,1,3],["cc.Node",["_name","_components","_prefab","_children","_parent","_contentSize"],2,9,4,2,1,5],["cc.Node",["_name","_active","_parent","_components","_prefab","_contentSize","_trs"],1,1,2,4,5,7],["cc.PrefabInfo",["fileId","root","asset"],2,1,1],"cc.SpriteFrame",["cc.Prefab",["_name"],2],["d06f0s2FhRHL5NufHOcxmir",["node","atlasSpine","XYAtlasSpine","machineHead","jackBoxAni","poolPrefab"],3,1,1,1,1,1,6],["cc.Sprite",["node","_materials","_spriteFrame"],3,1,3,6],["261d4+Q1HdGA5w3tjdBw83c",["node","spineAnimation"],3,1,1]],[[3,0,1,2,2],[2,0,2,3,4,5,6,2],[5,0,2],[1,0,3,1,2,2],[1,0,4,1,2,5,2],[2,0,1,2,3,4,5,3],[6,0,1,2,3,4,5,1],[3,1,2,1],[7,0,1,2,1],[0,0,4,1,2,5,3,7,8,7],[0,0,1,6,2,3,7,8,6],[0,0,1,7,8,3],[8,0,1,1]],[[[{"name":"1head1","rect":[167,915,98,97],"offset":[0.5,0.5],"originalSize":[99,98],"rotated":1,"capInsets":[0,0,0,0]}],[4],0,[0],[2],[1]],[[[2,"AbsorbIronEquip"],[3,"AbsorbIronEquip",[-7,-8,-9,-10],[[6,-6,-5,-4,-3,-2,5]],[7,-1,0]],[5,"Zombie_jackbox",false,1,[-11,-12],[0,"a8GlBMSJRO1YazBSFahcme",1,0],[5,139.5772705078125,171.73904418945312]],[4,"machineHead",1,[[8,-13,[3],4]],[0,"7dFdqij29Jfpq3YxN2r7Op",1,0],[5,98,97]],[9,"box","idle",0,false,"idle",true,2,[0]],[12,2,4],[1,"01_Zpr",1,[-14],[0,"86GRmTsY5PVKCr/zIjcAtv",1,0],[5,267,228.90000915527344],[0,0,0,0,0,0,1,0.5,0.5,1]],[10,"20pr2",0,false,false,true,6,[1]],[1,"A01_Zpr",1,[-15],[0,"46kHNTWfxMe4UZEeHV8Jhf",1,0],[5,733.800048828125,290.4000244140625],[0,0,0,0,0,0,1,0.5,0.5,1]],[11,"A5pr1",0,8,[2]]],0,[0,3,1,0,4,5,0,5,3,0,6,9,0,7,7,0,1,1,0,-1,2,0,-2,6,0,-3,8,0,-4,3,0,-1,4,0,-2,5,0,1,3,0,-1,7,0,-1,9,0,8,1,15],[0,0,0,0,0,0,4,7,9],[-1,-1,-1,-1,9,10,0,0,0],[0,0,2,3,4,5,6,7,8]]]]