[1,["12ae5fa68","1c19d17f7","ecpdLyjvZBwrvm+cedCcQy","4dwiKP3f9BSY/2sqZAgRQr","b7YLMsHINKaKf97OfcT/OI","bfmAziKUNLUYwQyyGGO9kt","3fN1PWX8JCQp0z/UHlqLMb","6eUuMwfAJL+b57OhqAkdWE","3ay4CUZUBGJp1NSwEJ436Y","14CsSuUFlHs4WSqXCgftrP","24DMqC+UBGeJLvVT3JA3vu","b4sLbfJbBL/b26mPh7qtPx","14GXpl8A9Bj4GQezRKIB1y","89ukkVVPtBS4YSFTEqTFPR","36T+01xiVHfaWJ7aZQAspX","e7dTUf3RdHDa6zWBqBJWjf","0bc+if6cBNYIx1CiUhSvM4","b8ZHSYlM1KZamjJ/ex6X6Q","43nW2LMCJEvYJT2tAb4l8C","0bwYYr+S1KyKv62vThh06R"],["_textureSetter","node","root","ani","data","poolPrefab"],["cc.SpriteFrame",["cc.PrefabInfo",["fileId","root","asset"],2,1,1],["cc.Prefab",["_name"],2],["cc.Node",["_name","_children","_components","_prefab"],2,2,9,4],["cc.Node",["_name","_parent","_components","_prefab","_contentSize"],2,1,12,4,5],["7c9ef+mNP5N/ZWOKV0x/u2L",["node","ani","poolPrefab"],3,1,1,6],["cc.Sprite",["node","_materials"],3,1,3],["2f54fyh8VpKBaCciEDVPkHC",["duration","node","spriteFrames"],2,1,3]],[[2,0,2],[3,0,1,2,3,2],[4,0,1,2,3,4,2],[5,0,1,2,1],[1,1,2,1],[1,0,1,2,2],[6,0,1,1],[7,0,1,2,2]],[[[{"name":"x014","rect":[394,562,352,289],"offset":[7.5,6.5],"originalSize":[399,330],"capInsets":[0,0,0,0]}],[0],0,[0],[0],[0]],[[[0,"JackBoomEffect"],[1,"JackBoomEffect",[-4],[[3,-3,-2,17]],[4,-1,0]],[2,"boom",1,[[[6,-5,[0]],-6],4,1],[5,"dd7xg+yFhL9rDJu5TGLswM",1,0],[5,159,109]],[7,0.04,2,[1,2,3,4,5,6,7,8,9,10,11,12,13,14,15,16]]],0,[0,2,1,0,3,3,0,1,1,0,-1,2,0,1,2,0,-2,3,0,4,1,6],[0,0,0,0,0,0,0,0,0,0,0,0,0,0,0,0,0,0],[-1,-1,-2,-3,-4,-5,-6,-7,-8,-9,-10,-11,-12,-13,-14,-15,-16,5],[2,3,4,5,6,7,8,9,10,11,12,13,14,15,16,17,18,19]],[[{"name":"x007","rect":[394,288,383,268],"offset":[4,-24],"originalSize":[399,330],"capInsets":[0,0,0,0]}],[0],0,[0],[0],[0]],[[{"name":"x010","rect":[3,287,385,278],"offset":[-2,-24],"originalSize":[399,330],"capInsets":[0,0,0,0]}],[0],0,[0],[0],[0]],[[{"name":"x008","rect":[403,3,391,279],"offset":[4,-25.5],"originalSize":[399,330],"capInsets":[0,0,0,0]}],[0],0,[0],[0],[0]],[[{"name":"x012","rect":[3,571,372,253],"offset":[-1.5,-12.5],"originalSize":[399,330],"capInsets":[0,0,0,0]}],[0],0,[0],[0],[0]],[[{"name":"x006","rect":[3,3,358,256],"offset":[17.5,-32],"originalSize":[399,330],"rotated":1,"capInsets":[0,0,0,0]}],[0],0,[0],[0],[1]],[[{"name":"x004","rect":[783,300,299,229],"offset":[19,-28.5],"originalSize":[399,330],"rotated":1,"capInsets":[0,0,0,0]}],[0],0,[0],[0],[0]],[[{"name":"x016","rect":[275,336,290,222],"offset":[31.5,54],"originalSize":[399,330],"rotated":1,"capInsets":[0,0,0,0]}],[0],0,[0],[0],[1]],[[{"name":"x001","rect":[172,830,159,109],"offset":[5,-32.5],"originalSize":[399,330],"rotated":1,"capInsets":[0,0,0,0]}],[0],0,[0],[0],[0]],[[{"name":"x005","rect":[265,3,327,240],"offset":[18,-33],"originalSize":[399,330],"rotated":1,"capInsets":[0,0,0,0]}],[0],0,[0],[0],[1]],[[{"name":"x011","rect":[752,605,380,265],"offset":[0.5,-27.5],"originalSize":[399,330],"rotated":1,"capInsets":[0,0,0,0]}],[0],0,[0],[0],[0]],[[{"name":"x009","rect":[3,3,394,278],"offset":[-2.5,-26],"originalSize":[399,330],"capInsets":[0,0,0,0]}],[0],0,[0],[0],[0]],[[{"name":"x002","rect":[3,830,184,163],"offset":[1.5,-33.5],"originalSize":[399,330],"rotated":1,"capInsets":[0,0,0,0]}],[0],0,[0],[0],[0]],[[{"name":"x015","rect":[800,3,291,217],"offset":[35,46.5],"originalSize":[399,330],"rotated":1,"capInsets":[0,0,0,0]}],[0],0,[0],[0],[0]],[[{"name":"x003","rect":[3,724,260,209],"offset":[12.5,-32.5],"originalSize":[399,330],"capInsets":[0,0,0,0]}],[0],0,[0],[0],[1]],[[{"name":"x013","rect":[3,367,351,266],"offset":[8,-7],"originalSize":[399,330],"rotated":1,"capInsets":[0,0,0,0]}],[0],0,[0],[0],[1]]]]