[1,["f8CDowkFlFB4F+ZH/MdJZ/"],0,[["sp.SkeletonData",["_name","_atlasText","textureNames","_skeletonJson","textures"],-1,3]],[[0,0,1,2,3,4,5]],[[0,"14FX_pr","\n14FX_pr.png\nsize: 512,256\nformat: RGBA8888\nfilter: Linear,Linear\nrepeat: none\nj1\n  rotate: true\n  xy: 196, 129\n  size: 44, 59\n  orig: 67, 67\n  offset: 19, 4\n  index: -1\nj2\n  rotate: true\n  xy: 2, 9\n  size: 5, 59\n  orig: 13, 67\n  offset: 4, 4\n  index: -1\nj3\n  rotate: false\n  xy: 307, 195\n  size: 59, 59\n  orig: 67, 67\n  offset: 4, 4\n  index: -1\nj4\n  rotate: false\n  xy: 2, 16\n  size: 98, 98\n  orig: 114, 114\n  offset: 8, 8\n  index: -1\nj5\n  rotate: false\n  xy: 314, 77\n  size: 59, 59\n  orig: 67, 67\n  offset: 4, 4\n  index: -1\ny1\n  rotate: false\n  xy: 304, 138\n  size: 33, 45\n  orig: 46, 53\n  offset: 9, 4\n  index: -1\ny2\n  rotate: true\n  xy: 2, 2\n  size: 5, 45\n  orig: 13, 53\n  offset: 4, 4\n  index: -1\ny3\n  rotate: true\n  xy: 142, 118\n  size: 55, 52\n  orig: 64, 60\n  offset: 5, 4\n  index: -1\ny4\n  rotate: false\n  xy: 142, 175\n  size: 79, 79\n  orig: 93, 93\n  offset: 7, 7\n  index: -1\ny5\n  rotate: false\n  xy: 257, 138\n  size: 45, 45\n  orig: 53, 53\n  offset: 4, 4\n  index: -1\nz0\n  rotate: true\n  xy: 102, 12\n  size: 102, 70\n  orig: 110, 78\n  offset: 4, 4\n  index: -1\nz1\n  rotate: true\n  xy: 244, 2\n  size: 41, 54\n  orig: 94, 75\n  offset: 4, 17\n  index: -1\nz10\n  rotate: false\n  xy: 2, 116\n  size: 138, 138\n  orig: 148, 148\n  offset: 5, 5\n  index: -1\nz2\n  rotate: true\n  xy: 244, 45\n  size: 82, 68\n  orig: 96, 76\n  offset: 5, 4\n  index: -1\nz3\n  rotate: true\n  xy: 174, 28\n  size: 88, 68\n  orig: 97, 76\n  offset: 4, 4\n  index: -1\nz4\n  rotate: false\n  xy: 223, 185\n  size: 82, 69\n  orig: 96, 77\n  offset: 9, 4\n  index: -1\nz5\n  rotate: true\n  xy: 300, 2\n  size: 41, 54\n  orig: 94, 75\n  offset: 49, 17\n  index: -1\n",["14FX_pr.png"],{"skeleton":{"hash":"uYmzc8SyXtdF+IuoH3cXEm+P53A","spine":"3.8.99"},"bones":[{"name":"root"},{"name":"pr","parent":"root"},{"name":"zhuan","parent":"pr"},{"name":"z10","parent":"zhuan","scaleX":0.8093,"scaleY":0.8093},{"name":"j","parent":"pr"},{"name":"j2","parent":"j"},{"name":"j3","parent":"j"},{"name":"j4","parent":"j"},{"name":"j5","parent":"j"},{"name":"j1","parent":"j3"}],"slots":[{"name":"j4","bone":"j4"},{"name":"j5","bone":"j5"},{"name":"j3","bone":"j3"},{"name":"j2","bone":"j2","color":"c7c7c7ff"},{"name":"j1","bone":"j1"},{"name":"z10","bone":"z10"},{"name":"z0","bone":"zhuan"},{"name":"z1","bone":"zhuan"}],"skins":[{"name":"default","attachments":{"j1":{"j1":{"x":-0.5,"y":-0.5,"width":67,"height":67},"y1":{"x":1,"y":-1.5,"width":46,"height":53}},"j2":{"j2":{"x":-0.5,"y":-0.5,"width":13,"height":67},"y2":{"x":-0.5,"y":-0.5,"width":13,"height":53}},"j3":{"j3":{"x":-2.5,"y":-0.5,"width":67,"height":67},"y3":{"x":-2,"y":-1,"width":64,"height":60}},"j4":{"j4":{"x":-2,"width":114,"height":114},"y4":{"x":-2.5,"y":0.5,"width":93,"height":93}},"j5":{"j5":{"x":-2.5,"y":-0.5,"width":67,"height":67},"y5":{"x":-1.5,"y":-0.5,"width":53,"height":53}},"z0":{"z0":{"x":4,"y":-2,"width":110,"height":78}},"z1":{"z1":{"x":-4,"y":-1.5,"width":94,"height":75},"z2":{"x":-3,"y":-2,"width":96,"height":76},"z3":{"x":-3.5,"y":-2,"width":97,"height":76},"z4":{"x":-6,"y":-3.5,"width":96,"height":77},"z5":{"x":-1,"y":-1.5,"width":94,"height":75}},"z10":{"z10":{"x":-1,"width":148,"height":148}}}}],"animations":{"pr1_1":{"slots":{"z0":{"attachment":[{"name":"z0"}]},"z10":{"attachment":[{"name":"z10"}]}}},"pr1_2":{"slots":{"z0":{"attachment":[{"name":"z0"}]},"z1":{"attachment":[{"name":"z1"},{"time":0.1,"name":"z2"},{"time":0.2,"name":"z3"},{"time":0.3,"name":"z4"},{"time":0.4,"name":"z5"},{"time":0.5,"name":null}]},"z10":{"attachment":[{"name":"z10"}]}},"bones":{"z10":{"scale":[{},{"time":0.3,"x":1.063,"y":1.063},{"time":0.6}]}}},"pr2":{"slots":{"j1":{"color":[{"time":0.0667,"color":"ffffff11"},{"time":0.3333,"color":"ffffff9a","curve":"stepped"},{"time":0.4333,"color":"ffffff9a"},{"time":0.6667,"color":"ffffff00"}],"attachment":[{"time":0.0667,"name":"j1"},{"time":0.4,"name":null},{"time":0.4333,"name":"j1"}]},"j2":{"color":[{"time":0.4,"color":"e3e3e3ff","curve":0.25,"c3":0.75},{"time":0.4333,"color":"ffffff6a"}],"attachment":[{"time":0.4,"name":"j2"},{"time":0.4667,"name":null}]},"j3":{"attachment":[{"name":"j3"}]},"j4":{"attachment":[{"name":"j4"}]},"j5":{"attachment":[{"name":"j5"},{"time":0.4,"name":null},{"time":0.4333,"name":"j5"}]}},"bones":{"j3":{"scale":[{},{"time":0.4,"x":0.031},{"time":0.8}]},"j5":{"translate":[{"x":-1.13,"curve":"stepped"},{"time":0.1667,"x":-1.13},{"time":0.4,"x":-1.89},{"time":0.4333,"x":2.51},{"time":0.6333,"x":3.24},{"time":0.8,"x":-1.13}],"scale":[{"x":0.65,"curve":"stepped"},{"time":0.1667,"x":0.65},{"time":0.4,"x":0.113},{"time":0.4333,"x":0.167},{"time":0.6333,"x":0.564},{"time":0.8,"x":0.65}]},"j2":{"translate":[{"time":0.4333,"x":2.28}]},"j4":{"scale":[{},{"time":0.4,"x":0.647,"y":0.962},{"time":0.8}]},"pr":{"translate":[{},{"time":0.3667,"x":1},{"time":0.4,"x":0.92},{"time":0.4333,"x":-1.1},{"time":0.8}]},"j1":{"translate":[{"time":0.4333,"x":-2.29}],"scale":[{"time":0.4333,"x":-1}]}}},"pr3":{"slots":{"j1":{"color":[{"time":0.0667,"color":"ffffff11"},{"time":0.3333,"color":"ffffff9a","curve":"stepped"},{"time":0.4333,"color":"ffffff9a"},{"time":0.6667,"color":"ffffff00"}],"attachment":[{"time":0.0667,"name":"y1"},{"time":0.4,"name":null},{"time":0.4333,"name":"y1"}]},"j2":{"color":[{"time":0.4,"color":"e3e3e3ff","curve":0.25,"c3":0.75},{"time":0.4333,"color":"ffffff6a"}],"attachment":[{"time":0.4,"name":"y2"},{"time":0.4667,"name":null}]},"j3":{"attachment":[{"name":"y3"}]},"j4":{"attachment":[{"name":"y4"}]},"j5":{"attachment":[{"name":"y5"},{"time":0.4,"name":null},{"time":0.4333,"name":"y5"}]}},"bones":{"j3":{"scale":[{},{"time":0.4,"x":0.031},{"time":0.8}]},"j5":{"translate":[{"x":-1.13,"curve":"stepped"},{"time":0.1667,"x":-1.13},{"time":0.4,"x":-1.89},{"time":0.4333,"x":2.51},{"time":0.6333,"x":3.24},{"time":0.8,"x":-1.13}],"scale":[{"x":0.65,"curve":"stepped"},{"time":0.1667,"x":0.65},{"time":0.4,"x":0.113},{"time":0.4333,"x":0.167},{"time":0.6333,"x":0.564},{"time":0.8,"x":0.65}]},"j2":{"translate":[{"time":0.4333,"x":2.28}]},"j4":{"scale":[{},{"time":0.4,"x":0.647,"y":0.962},{"time":0.8}]},"pr":{"translate":[{},{"time":0.3667,"x":1},{"time":0.4,"x":0.92},{"time":0.4333,"x":-1.1},{"time":0.8}]},"j1":{"translate":[{"time":0.4333,"x":-2.29}],"scale":[{"time":0.4333,"x":-1}]}}}}},[0]]],0,0,[0],[-1],[0]]