[1,["ecpdLyjvZBwrvm+cedCcQy","caohSHbS5GEIzmwCrnMGn5","9fDVKsCC5NCaziXVModEAo","16572be7f","dfMmHFPAFNmZDOgSb9HCJW","af3FuThF1PLqyklrmWmoJ5","2cua7/jZ9MaYnTbAATSOkS","f5gSJkRdNF1ryMpsXVaTpb","01yWxHCk5Bb4QoYL+n7i3i","a2MjXRFdtLlYQ5ouAFv/+R","c4CGt6V2BEELgWlQZ2tLBZ","61gmdS5rFPHr+LE2zChh66","1eMUvYAAFPYLs8Qcd3/Y9y","b2YyBjW6tF2ajRnrtLeZ5w","836UZ9bM1LRZGK5PQS5mxD","8d5Mjj1KtGcop4OvfzlkcK","63HaUmZ3RNb78E7IJpsc5Z","26b+0JF8pLgooIihbTrSYe","2feRlJ3QNFh5DUZG3E5FSJ","19mBmBFpxEVY7+hHkJ2Iay"],["node","_spriteFrame","_N$file","_textureSetter","_parent","root","errTip","refreshOrReadLab","remoteProNode","remoteTimeNode","saveAd","remoteAd","localReadBtn","remoteReadBtn","saveBtn","unlockChapter","deleteBtn","localCoin","localPart","localTime","remoteCoin","remotePart","remoteTime","data"],[["cc.Node",["_name","_active","_opacity","_prefab","_components","_contentSize","_parent","_trs","_children","_color","_anchorPoint"],0,4,9,5,1,7,2,5,5],["cc.Sprite",["_sizeMode","_type","_isTrimmedMode","node","_materials","_spriteFrame"],0,1,3,6],"cc.SpriteFrame",["cc.Node",["_name","_parent","_components","_prefab","_contentSize","_trs","_color","_anchorPoint"],2,1,12,4,5,7,5,5],["cc.Node",["_name","_active","_parent","_components","_prefab","_contentSize","_trs","_color"],1,1,2,4,5,7,5],["cc.Widget",["_alignFlags","_originalWidth","_originalHeight","node"],0,1],["cc.PrefabInfo",["fileId","root","asset"],2,1,1],["cc.Label",["_string","_fontSize","_lineHeight","_isSystemFontUsed","_N$horizontalAlign","_N$verticalAlign","node","_materials","_N$file"],-3,1,3,6],["cc.Prefab",["_name"],2],["cc.BlockInputEvents",["node"],3,1],["cacb6kS7VhEgZEyI4PwrDDj",["node","remoteTime","remotePart","remoteCoin","localTime","localPart","localCoin","deleteBtn","unlockChapter","saveBtn","remoteReadBtn","localReadBtn","remoteAd","saveAd","remoteTimeNode","remoteProNode","refreshOrReadLab","errTip"],3,1,1,1,1,1,1,1,1,1,1,1,1,1,1,1,1,1,1],["cc.Button",["_N$transition","node","clickEvents"],2,1,9],["cc.ClickEvent",["_componentId","handler","target"],1,1],["cc.Layout",["_resize","_N$layoutType","_N$spacingX","node","_layoutSize"],0,1,5],["cc.LabelOutline",["_width","node","_color"],2,1,5]],[[6,0,1,2,2],[1,1,0,2,3,4,5,4],[0,0,6,8,4,3,5,7,2],[0,0,6,4,3,5,7,2],[7,0,1,2,3,4,5,6,7,8,7],[1,3,4,5,1],[14,0,1,2,2],[7,0,1,2,3,4,5,6,7,7],[11,0,1,2,2],[12,0,1,2,3],[0,0,6,4,3,9,5,7,2],[0,0,6,8,3,2],[0,0,8,4,3,5,7,2],[0,0,1,6,4,3,5,7,3],[13,0,1,2,3,4,4],[0,0,6,4,3,5,10,7,2],[0,0,6,4,3,9,5,2],[4,0,2,3,4,5,6,2],[4,0,2,3,4,7,5,6,2],[8,0,2],[0,0,1,6,8,4,3,5,7,3],[0,0,2,6,4,3,9,5,3],[0,0,6,4,3,9,5,10,7,2],[3,0,1,2,3,4,5,2],[3,0,1,2,3,6,4,7,5,2],[3,0,1,2,3,6,4,2],[4,0,1,2,3,4,5,6,3],[5,0,3,2],[5,0,1,2,3,4],[9,0,1],[10,0,1,2,3,4,5,6,7,8,9,10,11,12,13,14,15,16,17,1],[6,1,2,1],[1,0,3,4,5,2],[1,1,0,3,4,5,3]],[[[{"name":"local_bg_1","rect":[438,976,42,33],"offset":[0,0],"originalSize":[42,33],"rotated":1,"capInsets":[15,0,15,0]}],[2],0,[0],[3],[3]],[[{"name":"local_bg_2","rect":[350,976,42,38],"offset":[0,0],"originalSize":[42,38],"rotated":1,"capInsets":[15,0,15,0]}],[2],0,[0],[3],[3]],[[{"name":"remote_bg_1","rect":[477,976,42,33],"offset":[0,0],"originalSize":[42,33],"rotated":1,"capInsets":[15,0,15,0]}],[2],0,[0],[3],[3]],[[[19,"SaveView"],[12,"SaveView",[-22,-23],[[27,45,-2],[29,-3],[30,-21,-20,-19,-18,-17,-16,-15,-14,-13,-12,-11,-10,-9,-8,-7,-6,-5,-4]],[31,-1,0],[5,1280,720],[640,360,0,0,0,0,1,1,1,1]],[11,"board",1,[-24,-25,-26,-27,-28,-29,-30,-31,-32,-33,-34,-35,-36],[0,"2d9zQ5hDdN8pFUVtNqCaI1",1,0]],[2,"btn_delete",2,[-39],[[1,1,0,false,-37,[14],15],[8,3,-38,[[9,"cacb6kS7VhEgZEyI4PwrDDj","clickDelete",1]]]],[0,"2er9E03WFHVp4SmAXArwc9",1,0],[5,216,70],[0,-262,0,0,0,0,1,1,1,0]],[11,"remote_node",2,[-40,-41,-42,-43],[0,"42iAg4lopDDK2ib0Kqv9wz",1,0]],[2,"remote_time",4,[-45,-46],[[1,1,0,false,-44,[21],22]],[0,"62WLhzLZ9GurUz5c7jaQuq",1,0],[5,292,38],[-161,92,0,0,0,0,1,1,1,1]],[12,"remote_part_pro",[-48,-49,-50],[[1,1,0,false,-47,[28],29]],[0,"a7Ni69CL1DA6LzB9YZ2Sg9",1,0],[5,292,33],[-161,31,0,0,0,0,1,1,1,1]],[12,"remote_coin",[-52,-53,-54],[[1,1,0,false,-51,[35],36]],[0,"11UbegbGNFeIGMnzd3PZSL",1,0],[5,292,33],[-161,-19,0,0,0,0,1,1,1,1]],[11,"local_node",2,[-55,-56,-57,-58],[0,"a8ya02RhFMzKNsxGGRSYpM",1,0]],[2,"local_part_pro",8,[-60,-61,-62],[[1,1,0,false,-59,[50],51]],[0,"b18YVfA7ZD7brGxR9+PCWN",1,0],[5,292,33],[171,31,0,0,0,0,1,1,1,1]],[2,"local_coin",8,[-64,-65,-66],[[1,1,0,false,-63,[57],58]],[0,"27hdpbLJBD05lvdZJynOq1",1,0],[5,292,33],[171,-19,0,0,0,0,1,1,1,1]],[2,"btn_read_remote",2,[-69],[[1,1,0,false,-67,[66],67],[8,3,-68,[[9,"cacb6kS7VhEgZEyI4PwrDDj","clickReadRemote",1]]]],[0,"31czrp1KxCLr0WtDcVJh6J",1,0],[5,216,70],[-170,-148,0,0,0,0,1,1,1,0]],[2,"btn_read_local",2,[-72],[[1,1,0,false,-70,[70],71],[8,3,-71,[[9,"cacb6kS7VhEgZEyI4PwrDDj","clickReadLocal",1]]]],[0,"42yR0yOARHu4Y8kAFpRGpS",1,0],[5,216,70],[170,-148,0,0,0,0,1,1,1,0]],[2,"btn_save",2,[-75],[[1,1,0,false,-73,[76],77],[8,3,-74,[[9,"cacb6kS7VhEgZEyI4PwrDDj","clickSave",1]]]],[0,"50/8OLkpxKlaCru1KMgt/Z",1,0],[5,216,70],[170,-148,0,0,0,0,1,1,1,0]],[20,"btn_unlockChapter",false,2,[-78],[[1,1,0,false,-76,[82],83],[8,3,-77,[[9,"cacb6kS7VhEgZEyI4PwrDDj","clickUnlockChapter",1]]]],[0,"dddBd/vgtDKqHEaoFuCfBx",1,0],[5,216,70],[0,-148,0,0,0,0,1,1,1,0]],[11,"pro_node",4,[6,7],[0,"b1PYcmqNNHLbH1ps+a9+5E",1,0]],[2,"local_time",8,[-80,-81],[[1,1,0,false,-79,[43],44]],[0,"deS+8D18hEFIv2M7yhDw7P",1,0],[5,292,38],[171,92,0,0,0,0,1,1,1,1]],[2,"close_bg",2,[-84],[[5,-82,[61],62],[8,3,-83,[[9,"cacb6kS7VhEgZEyI4PwrDDj","clickClose",1]]]],[0,"c5Fxprk6xH/JFM1YcEN3FX",1,0],[5,69,65],[348,193,0,0,0,0,1,1,1,0]],[2,"layout",11,[-86,-87],[[14,1,1,2,-85,[5,64,70]]],[0,"28daDjZgFK+7Qd9BsKGYdQ",1,0],[5,64,70],[-3,4,0,0,0,0,1,1,1,1]],[2,"layout",13,[-89,-90],[[14,1,1,2,-88,[5,64,70]]],[0,"88q1AVRUtB/Kp22nGl4nRx",1,0],[5,64,70],[-3,4,0,0,0,0,1,1,1,1]],[2,"layout",14,[-92,-93],[[14,1,1,2,-91,[5,124,70]]],[0,"9clQpgIEtFwJTPPYujhzcs",1,0],[5,124,70],[-3,4,0,0,0,0,1,1,1,1]],[21,"mask",177,1,[[32,0,-94,[0],1],[28,45,100,100,-95]],[0,"1bP986vNlGX6TVQVJSrFtC",1,0],[4,4278190080],[5,1280,720]],[10,"txt",3,[[4,"清除数据",30,34,false,1,1,-96,[12],13],[6,2,-97,[4,4278330370]]],[0,"96B+BbEDFFxIK2+QNoHXCi",1,0],[4,4279746326],[5,124,46.84],[-3,4,0,0,0,0,1,1,1,1]],[15,"tittle",5,[[4,"云端进度：",24,30,false,1,1,-98,[18],19],[6,3,-99,[4,4285207587]]],[0,"f3773d4kJAIKFkzg/o84uB",1,0],[5,126,43.8],[0,0,0.5],[-139,-1,0,0,0,0,1,1,1,1]],[23,"time",5,[[-100,[6,3,-101,[4,4285207587]]],1,4],[0,"6fQiQwJBxHkJ9eHnvt0WIM",1,0],[5,119.85,33.72],[33,-4,0,0,0,0,1,1,1,1]],[22,"tittle",16,[[4,"本地进度：",24,30,false,1,1,-102,[40],41],[6,3,-103,[4,4278208621]]],[0,"8bnEOvMoVMbJUqGtP9Md7y",1,0],[4,4284081919],[5,126,43.8],[0,0,0.5],[-139,-1,0,0,0,0,1,1,1,1]],[24,"time",16,[[-104,[6,3,-105,[4,4278208621]]],1,4],[0,"538oQTn6JNcbccmkCq+ha0",1,0],[4,4284081919],[5,119.85,33.72],[0,0,0.5],[-27,-4,0,0,0,0,1,1,1,1]],[13,"ad_icon",false,18,[[5,-106,[63],64]],[0,"6a3fRPaOlDr427BkIt5mO8",1,0],[5,35,26],[-33,0,0,0,0,0,1,1,1,1]],[25,"txt",18,[[-107,[6,2,-108,[4,4278330370]]],1,4],[0,"69KEbrtwJEsIQBCCKoCCbZ",1,0],[4,4279746326],[5,64,46.84]],[10,"txt",12,[[4,"读取",30,34,false,1,1,-109,[68],69],[6,2,-110,[4,4278330370]]],[0,"1dsxHyiLNI5KJTnuXzEQbQ",1,0],[4,4279746326],[5,64,46.84],[-3,4,0,0,0,0,1,1,1,1]],[13,"ad_icon",false,19,[[5,-111,[72],73]],[0,"9az80lEqxJLKofmWASjoCs",1,0],[5,35,26],[-33,0,0,0,0,0,1,1,1,1]],[16,"txt",19,[[4,"保存",30,34,false,1,1,-112,[74],75],[6,2,-113,[4,4278330370]]],[0,"69+iIZaIdLL7kXZn4qq6pc",1,0],[4,4279746326],[5,64,46.84]],[16,"txt",20,[[4,"开放关卡",30,34,false,1,1,-114,[80],81],[6,2,-115,[4,4278330370]]],[0,"7fPUomwZtLRZJaecg+/8HF",1,0],[4,4279746326],[5,124,46.84]],[15,"common_pop_view_3",2,[[1,1,0,false,-116,[2],3]],[0,"baMcr1o31EM6c1AJLu/ACf",1,0],[5,754,240],[0,0.5,1],[1,158,0,0,0,0,1,1,1,1]],[3,"common_pop_view_2",2,[[1,1,0,false,-117,[4],5]],[0,"6fW6aIiR5On413NKowynn2",1,0],[5,760,100],[0,173,0,0,0,0,1,1,1,1]],[3,"common_pop_view_4",2,[[33,1,0,-118,[6],7]],[0,"34GblGvxlLZbyhBiMm8CBT",1,0],[5,762,125],[0,-143,0,0,0,0,1,1,1,1]],[3,"common_pop_view_1",2,[[5,-119,[8],9]],[0,"149IfkzEFNfYpxaIv7s4EN",1,0],[5,121,69],[2,229,0,0,0,0,1,1,1,1]],[10,"tittle",2,[[4,"游戏存档",30,35,false,1,1,-120,[10],11]],[0,"b8oyrcYtNE6IlrjEubTTLC",1,0],[4,4284081919],[5,120,44.1],[0,159,0,0,0,0,1,1,1,1]],[3,"bg",4,[[1,1,0,false,-121,[16],17]],[0,"d6d2eSgvxI/J/RRzAqDI+U",1,0],[5,320,220],[-160,27,0,0,0,0,1,1,1,1]],[7,"04/15 14:00",18,22,false,1,1,24,[20]],[3,"win_star",6,[[5,-122,[23],24]],[0,"9a/8LNJ89Dp70Nsf88M2BQ",1,0],[5,115,104],[-117,1,0,0,0,0,1,0.32,0.32,1]],[3,"tittle",6,[[4,"关卡进度",22,30,false,1,1,-123,[25],26]],[0,"ccCApuTUJEhpyZzlxsGsky",1,0],[5,88,37.8],[-44,0,0,0,0,0,1,1,1,1]],[17,"pro",6,[-124],[0,"0946xuZ71Jibj9nCwtejz/",1,0],[5,112.66,37.8],[67,0,0,0,0,0,1,1,1,1]],[7,"一周目 1-3",22,30,false,1,1,42,[27]],[3,"coin_icon",7,[[5,-125,[30],31]],[0,"ban628oYVLTptmRAFECT1W",1,0],[5,65,73],[-116,0,0,0,0,0,1,0.48,0.48,1]],[3,"tittle",7,[[4,"金币数量",22,30,false,1,1,-126,[32],33]],[0,"62cUqM0I1Mlrs3GXC1Qix/",1,0],[5,88,37.8],[-44,0,0,0,0,0,1,1,1,1]],[17,"coin",7,[-127],[0,"75hOC8oAFLf6uWfP0k/ABu",1,0],[5,54.52,37.8],[67,0,0,0,0,0,1,1,1,1]],[7,"1111111",22,30,false,1,1,46,[34]],[26,"errTip",false,4,[-128],[0,"5a178ycZNLU4x8hUQifXjy",1,0],[5,298.42,30.24],[-160.339,26.723,0,0,0,0,1,1,1,1]],[7,"读取云端失败,点击刷新重试.",24,24,false,1,1,48,[37]],[3,"bg",8,[[1,1,0,false,-129,[38],39]],[0,"89xyZaNLZBJrjJo/HMReVw",1,0],[5,320,220],[170,27,0,0,0,0,1,1,1,1]],[7,"04/15 14:00",18,22,false,1,1,26,[42]],[3,"win_star",9,[[5,-130,[45],46]],[0,"7eP6lViDlHNrgIHLx7Xoy5",1,0],[5,115,104],[-117,1,0,0,0,0,1,0.32,0.32,1]],[10,"tittle",9,[[4,"关卡进度",22,30,false,1,1,-131,[47],48]],[0,"13Io7J1kdCMJSlh4w+Siax",1,0],[4,4285150504],[5,88,37.8],[-44,0,0,0,0,0,1,1,1,1]],[18,"pro",9,[-132],[0,"0f63UwZv5BdIWOClFv5mVZ",1,0],[4,4285150504],[5,112.66,37.8],[67,0,0,0,0,0,1,1,1,1]],[7,"一周目 1-3",22,30,false,1,1,54,[49]],[3,"coin_icon",10,[[5,-133,[52],53]],[0,"acPQ9V19xIfq8fz9+oJJeP",1,0],[5,65,73],[-116,0,0,0,0,0,1,0.48,0.48,1]],[10,"tittle",10,[[4,"金币数量",22,30,false,1,1,-134,[54],55]],[0,"6bovXJQdlF5bO3/yl71Vek",1,0],[4,4285150504],[5,88,37.8],[-44,0,0,0,0,0,1,1,1,1]],[18,"coin",10,[-135],[0,"dcWvtwIjlH+JH/trygWeCE",1,0],[4,4285150504],[5,54.52,37.8],[67,0,0,0,0,0,1,1,1,1]],[7,"1111111",22,30,false,1,1,58,[56]],[3,"btn_close",17,[[5,-136,[59],60]],[0,"6eYwXWqV1FA78bjs2fMWf3",1,0],[5,88,82],[0,0,0,0,0,0,1,0.6,0.6,0.6]],[7,"读取",30,34,false,1,1,28,[65]],[13,"ad_icon",false,20,[[5,-137,[78],79]],[0,"a2PwYMEVtJEqvl6B49FhwF",1,0],[5,35,26],[-33,0,0,0,0,0,1,1,1,1]]],0,[0,5,1,0,0,1,0,0,1,0,6,49,0,7,61,0,8,15,0,9,5,0,10,30,0,11,27,0,12,12,0,13,11,0,14,13,0,15,14,0,16,3,0,17,59,0,18,55,0,19,51,0,20,47,0,21,43,0,22,39,0,0,1,0,-1,21,0,-2,2,0,-1,33,0,-2,34,0,-3,35,0,-4,36,0,-5,37,0,-6,3,0,-7,4,0,-8,8,0,-9,17,0,-10,11,0,-11,12,0,-12,13,0,-13,14,0,0,3,0,0,3,0,-1,22,0,-1,38,0,-2,5,0,-3,15,0,-4,48,0,0,5,0,-1,23,0,-2,24,0,0,6,0,-1,40,0,-2,41,0,-3,42,0,0,7,0,-1,44,0,-2,45,0,-3,46,0,-1,50,0,-2,16,0,-3,9,0,-4,10,0,0,9,0,-1,52,0,-2,53,0,-3,54,0,0,10,0,-1,56,0,-2,57,0,-3,58,0,0,11,0,0,11,0,-1,18,0,0,12,0,0,12,0,-1,29,0,0,13,0,0,13,0,-1,19,0,0,14,0,0,14,0,-1,20,0,0,16,0,-1,25,0,-2,26,0,0,17,0,0,17,0,-1,60,0,0,18,0,-1,27,0,-2,28,0,0,19,0,-1,30,0,-2,31,0,0,20,0,-1,62,0,-2,32,0,0,21,0,0,21,0,0,22,0,0,22,0,0,23,0,0,23,0,-1,39,0,0,24,0,0,25,0,0,25,0,-1,51,0,0,26,0,0,27,0,-1,61,0,0,28,0,0,29,0,0,29,0,0,30,0,0,31,0,0,31,0,0,32,0,0,32,0,0,33,0,0,34,0,0,35,0,0,36,0,0,37,0,0,38,0,0,40,0,0,41,0,-1,43,0,0,44,0,0,45,0,-1,47,0,-1,49,0,0,50,0,0,52,0,0,53,0,-1,55,0,0,56,0,0,57,0,-1,59,0,0,60,0,0,62,0,23,1,6,4,15,7,4,15,137],[0,0,0,0,0,0,0,0,0,0,0,0,0,0,0,0,0,0,0,0,0,0,0,0,0,0,0,0,0,0,0,0,0,0,0,0,0,0,0,0,0,0,0,0,0,0,0,0,0,0,0,0,0,0,0,0,0,0,0,0,0,0,0,0,0,0,0,0,0,0,0,0,0,0,0,0,0,0,0,0,0,0,0,0,39,43,47,49,51,55,59,61],[-1,1,-1,1,-1,1,-1,1,-1,1,-1,2,-1,2,-1,1,-1,1,-1,2,-1,-1,1,-1,1,-1,2,-1,-1,1,-1,1,-1,2,-1,-1,1,-1,-1,1,-1,2,-1,-1,1,-1,1,-1,2,-1,-1,1,-1,1,-1,2,-1,-1,1,-1,1,-1,1,-1,1,-1,-1,1,-1,2,-1,1,-1,1,-1,2,-1,1,-1,1,-1,2,-1,1,2,2,2,2,2,2,2,2],[0,9,0,10,0,11,0,12,0,13,0,1,0,1,0,2,0,14,0,1,0,0,15,0,5,0,1,0,0,6,0,7,0,1,0,0,6,0,0,16,0,1,0,0,17,0,5,0,1,0,0,8,0,7,0,1,0,0,8,0,18,0,19,0,4,0,0,2,0,1,0,2,0,4,0,1,0,2,0,4,0,1,0,2,1,1,1,1,1,1,1,1]]]]