[1,["ecpdLyjvZBwrvm+cedCcQy","abSp1q0KVNLLTOQ3TN5osP","74MICq/9ZEnKqzCZCQP7d7","17a184afe"],["node","root","data","_spriteFrame","poolPrefab","_textureSetter"],[["cc.Node",["_name","_components","_prefab","_children","_parent","_contentSize"],2,9,4,2,1,5],["cc.PrefabInfo",["fileId","root","asset"],2,1,1],"cc.SpriteFrame",["cc.Prefab",["_name"],2],["32ccbWnqjdDuLH77GoS4EXI",["node","poolPrefab"],3,1,6],["cc.Sprite",["node","_materials","_spriteFrame"],3,1,3,6]],[[3,0,2],[0,0,3,1,2,2],[0,0,4,1,2,5,2],[4,0,1,1],[1,1,2,1],[1,0,1,2,2],[5,0,1,2,1]],[[[[0,"ButterEffect"],[1,"ButterEffect",[-3],[[3,-2,2]],[4,-1,0]],[2,"butter_effect",1,[[6,-4,[0],1]],[5,"91Fg7T0J5BLY9fiXqlMN6c",1,0],[5,55,51]]],0,[0,1,1,0,0,1,0,-1,2,0,0,2,0,2,1,4],[0,0,0],[-1,3,4],[0,1,2]],[[{"name":"butter_effect","rect":[293,594,55,51],"offset":[1,0],"originalSize":[57,51],"rotated":1,"capInsets":[0,0,0,0]}],[2],0,[0],[5],[3]]]]