[1,["ecpdLyjvZBwrvm+cedCcQy","caohSHbS5GEIzmwCrnMGn5","cd7+Kt69ZAlKdy5DhE7A7t","61OTGYnUFHyoIqiQoviDl/","51Cg7tjo5JBaBPPJ9IRtRZ","fe0SPdKsdPR4vDO2bxKM9e","59QcT81YlE+6ayM16tBW38","d0iqBrJ1JICZna0g/ZKuYs","e3PwYQGxhDErVoBRfrtnei","8d5Mjj1KtGcop4OvfzlkcK","d98H/YX8dA0pLTBMV+vlOp","4bUoq39q5CsI8tLkgSPQGb","82xdv0o4VI7pRA9JIIQkI6","67VtaQam9HI72+/rqBwWoc","324k2/tEJFgZd/04Z6OFXf","98Oo2tRmlGGrpw3Ghr6YZC"],["_textureSetter","node","_N$file","root","itemTime","itemName","data","_spriteFrame"],["cc.SpriteFrame",["cc.PrefabInfo",["fileId","root","asset"],2,1,1],["cc.Prefab",["_name"],2],["cc.Node",["_name","_children","_components","_prefab","_contentSize"],2,2,9,4,5],["cc.Node",["_name","_parent","_components","_prefab","_contentSize","_anchorPoint","_trs"],2,1,2,4,5,5,7],["cc.Sprite",["_type","_sizeMode","node","_materials","_spriteFrame"],1,1,3,6],["ad4057oqflOHanPzL8Dfsei",["node","itemName","itemTime"],3,1,1,1],["cc.Label",["_string","_fontSize","_lineHeight","_isSystemFontUsed","_N$horizontalAlign","_N$verticalAlign","node","_materials"],-3,1,3]],[[4,0,1,2,3,4,5,6,2],[1,0,1,2,2],[7,0,1,2,3,4,5,6,7,7],[2,0,2],[3,0,1,2,3,4,2],[5,0,1,2,3,4,3],[6,0,1,2,1],[1,1,2,1]],[[[{"name":"recruitImg7","rect":[0,0,97,40],"offset":[0,0],"originalSize":[97,40],"capInsets":[0,0,0,0]}],[0],0,[0],[0],[2]],[[{"name":"recruitImg3","rect":[0,0,116,134],"offset":[0,0],"originalSize":[116,134],"capInsets":[41,61,45,58]}],[0],0,[0],[0],[3]],[[{"name":"recruitImg16","rect":[0,0,212,654],"offset":[0,0],"originalSize":[212,654],"capInsets":[0,0,0,0]}],[0],0,[0],[0],[4]],[[{"name":"recruitImg10","rect":[0,0,373,89],"offset":[0,0],"originalSize":[373,89],"capInsets":[0,0,0,0]}],[0],0,[0],[0],[5]],[[{"name":"recruitImg8","rect":[0,0,707,265],"offset":[0,0],"originalSize":[707,265],"capInsets":[0,0,0,0]}],[0],0,[0],[0],[6]],[[{"name":"recruitImg21","rect":[0,0,250,259],"offset":[0,0],"originalSize":[250,259],"capInsets":[0,0,0,0]}],[0],0,[0],[0],[7]],[[{"name":"recruitImg23","rect":[0,0,42,84],"offset":[0,0],"originalSize":[42,84],"capInsets":[0,0,0,0]}],[0],0,[0],[0],[8]],[[[3,"RecruitInvitateItem"],[4,"RecruitInvitateItem",[-6,-7],[[5,1,0,-2,[2],3],[6,-5,-4,-3]],[7,-1,0],[5,650,38]],[0,"name",1,[-8],[1,"13y1GgaT5Dv42IkEcqn/i/",1,0],[5,59.87,31.5],[0,0,0.5],[-255.123,0,0,0,0,0,1,1,1,1]],[2,"Label",25,25,false,1,1,2,[0]],[0,"time",1,[-9],[1,"9atQlYu7hERYPgYp/erXqV",1,0],[5,59.87,31.5],[0,1,0.5],[233.41,0,0,0,0,0,1,1,1,1]],[2,"Label",25,25,false,1,1,4,[1]]],0,[0,3,1,0,1,1,0,4,5,0,5,3,0,1,1,0,-1,2,0,-2,4,0,-1,3,0,-1,5,0,6,1,9],[0,0,0,0,3,5],[-1,-1,-1,7,2,2],[0,0,0,9,1,1]],[[{"name":"recruitImg24","rect":[0,0,253,189],"offset":[0,0],"originalSize":[253,189],"capInsets":[0,0,0,0]}],[0],0,[0],[0],[10]],[[{"name":"recruitImg4","rect":[0,0,39,31],"offset":[0,0],"originalSize":[39,31],"capInsets":[13,0,12,0]}],[0],0,[0],[0],[11]],[[{"name":"recruitImg22","rect":[0,0,161,91],"offset":[0,0],"originalSize":[161,91],"capInsets":[30,27,29,27]}],[0],0,[0],[0],[12]],[[{"name":"recruitImg5","rect":[0,0,92,92],"offset":[0,0],"originalSize":[92,92],"capInsets":[0,0,0,0]}],[0],0,[0],[0],[13]],[[{"name":"recruitImg2","rect":[0,0,26,43],"offset":[0,0],"originalSize":[26,43],"capInsets":[0,0,0,0]}],[0],0,[0],[0],[14]],[[{"name":"recruitImg26","rect":[0,0,287,359],"offset":[0,0],"originalSize":[287,359],"capInsets":[0,0,0,0]}],[0],0,[0],[0],[15]]]]