[1,["18eaca0f8"],["_textureSetter"],["cc.SpriteFrame"],0,[[[{"name":"Light_G1","rect":[710,3,244,101],"offset":[0,0],"originalSize":[246,103],"rotated":1,"capInsets":[0,0,0,0]}],[0],0,[0],[0],[0]],[[{"name":"Light_R","rect":[3,3,244,701],"offset":[0,-0.5],"originalSize":[246,704],"rotated":1,"capInsets":[0,0,0,0]}],[0],0,[0],[0],[0]],[[{"name":"Light_R1","rect":[753,503,244,101],"offset":[0,0],"originalSize":[246,103],"rotated":1,"capInsets":[0,0,0,0]}],[0],0,[0],[0],[0]],[[{"name":"Light_G","rect":[3,253,244,701],"offset":[0,-0.5],"originalSize":[246,704],"capInsets":[0,0,0,0]}],[0],0,[0],[0],[0]],[[{"name":"Light_B1","rect":[753,753,244,101],"offset":[0,0],"originalSize":[246,103],"rotated":1,"capInsets":[0,0,0,0]}],[0],0,[0],[0],[0]],[[{"name":"Light_B","rect":[503,253,244,701],"offset":[0,-0.5],"originalSize":[246,704],"capInsets":[0,0,0,0]}],[0],0,[0],[0],[0]]]]