[1,["ecpdLyjvZBwrvm+cedCcQy","datVxFEw9MnIxX+1zRCUVW","17a184afe","e3Na6WdjJK9LpgWa8SaKIQ","8cgOzDmO5LFoUH+b5AEcLf","6dD+EAH19PoqdYzoW20VoL","d05m9CyyxCI6v0r5FMXnPZ","94ZHF2rrZH7YyMOM6W3hbQ"],["_parent","_spriteFrame","_textureSetter","root","mask","body","animation","node","data","_N$skeletonData"],[["cc.Node",["_name","_prefab","_children","_parent","_components","_contentSize","_anchorPoint"],2,4,2,1,12,5,5],["cc.Node",["_name","_groupIndex","_prefab","_parent","_children","_components","_contentSize"],1,4,1,12,2,5],"cc.SpriteFrame",["cc.PrefabInfo",["fileId","root","asset"],2,1,1],["cc.Prefab",["_name"],2],["cc.Node",["_name","_parent","_children","_components","_prefab","_contentSize"],2,1,2,2,4,5],["cc.Node",["_name","_parent","_children","_prefab"],2,1,9,4],["045b3WlsgBOGY909sopESqJ",["uiIdleName","skinName","attackAniName","deathAniName","moveAniName","idleAniName","node","animation","body","shadowOffset","mask","waterGrass","waterGrassFrame"],-3,1,1,1,5,1,2,3],["cc.Sprite",["node","_materials"],3,1,3],["sp.Skeleton",["defaultSkin","defaultAnimation","_preCacheMode","premultipliedAlpha","_animationName","_N$enableBatch","node","_materials"],-3,1,3],["261d4+Q1HdGA5w3tjdBw83c",["activeFlash","node","spineAnimation"],2,1,1],["cc.BoxCollider",["node","_offset","_size"],3,1,5,5],["b1abdSI13NE76lu3aJ+NI5X",["node","body"],3,1,1],["cc.Mask",["node","_materials"],3,1,3]],[[3,0,1,2,2],[0,0,3,1,2],[0,0,3,2,1,2],[6,0,1,2,3,2],[1,0,3,5,2,6,2],[8,0,1,1],[1,0,3,4,2,2],[4,0,2],[0,0,2,4,1,5,6,2],[0,0,2,1,2],[1,0,4,2,2],[1,0,1,3,5,2,3],[5,0,1,2,3,4,5,2],[7,0,1,2,3,4,5,6,7,8,9,10,11,12,7],[3,1,2,1],[9,0,1,2,3,4,5,6,7,7],[10,0,1,2,2],[11,0,1,2,1],[12,0,1,1],[13,0,1,1]],[[[{"name":"pr3","rect":[864,399,31,25],"offset":[0,0],"originalSize":[31,25],"rotated":1,"capInsets":[0,0,0,0]}],[2],0,[0],[2],[2]],[[[7,"DuckyTubeZombie"],[8,"DuckyTubeZombie",[-10,-11],[[[13,"idle1",["zombie_1"],["attack"],["death1","death2"],["move1","move2"],["idle1","idle2","idle3"],-8,-7,-6,[0,14,6],-5,[-2,-3,-4],[5,6,7,8]],-9],4,1],[14,-1,0],[5,200,200],[0,0.5,0.02]],[10,"ATTACHED_NODE:1body",[[-12,-13,[1,"ATTACHED_NODE:1tie",-14,[0,"0cqxkejJJGjL0rCNqaXOy0",1,0]],-15,-16,-17],1,1,4,1,1,1],[0,"2eaFgekpBJroW+AoxVSVzF",1,0]],[9,"ATTACHED_NODE:zombie",[-18,-19,-20,-21,-22],[0,"f4kRRnrCxNhLelgwAAAErA",1,0]],[12,"07zombie",1,[-25],[-23,-24],[0,"b6g9T6bvdNJYdjLXjtm+dB",1,0],[5,99.44081115722656,147.5712890625]],[2,"ATTACHED_NODE:1head1",2,[-26,-27,-28],[0,"0bcgxfmWRKzoNP6GEBwSrh",1,0]],[6,"ATTACHED_NODE:1chin",5,[[[1,"ATTACHED_NODE:1chin2",-29,[0,"69lEhZHvRFhIFvJR7lFENY",1,0]],-30],4,1],[0,"9aHq7ODRhMmL7Pc+anVo7+",1,0]],[6,"ATTACHED_NODE:aduck",2,[[[1,"ATTACHED_NODE:duck",-31,[0,"87IfmYc3pPmqZqfqt323Xn",1,0]],-32],4,1],[0,"8ehYqlw4lG5Y3JlApychXV",1,0]],[2,"ATTACHED_NODE:zombie3",3,[-33,-34],[0,"e9nG69/VZIvrrzzrh1OMXw",1,0]],[3,"ATTACHED_NODE:aduck2",3,[[1,"ATTACHED_NODE:bo2",-35,[0,"79cnUi/5VKbJf6TQYNC8MF",1,0]],[1,"ATTACHED_NODE:yy2",-36,[0,"97/niAUR5HIa+x051hsxGN",1,0]]],[0,"00yvCMUs9GDpH47dzi+S9H",1,0]],[11,"BodyC",2,1,[-37,-38],[0,"a9KxISf9NPXqmxIa34MR5l",1,0]],[2,"ATTACHED_NODE_TREE",4,[-39],[0,"84oBzJQBJEjJ14SnRLkPCA",1,0]],[2,"ATTACHED_NODE:root",11,[3],[0,"8dwxIX8U5DR7ynpg7sEfhu",1,0]],[2,"ATTACHED_NODE:zombie2",3,[2],[0,"24kRC3fXtHUZitX1tDMi+W",1,0]],[3,"ATTACHED_NODE:1tongue",6,[[1,"ATTACHED_NODE:1tongue2",-40,[0,"a4LVl43fZJJYcUbkq98Gl6",1,0]]],[0,"2a56CSk+lIcpu+qzl5E8lU",1,0]],[3,"ATTACHED_NODE:2Conehead1",5,[[1,"ATTACHED_NODE:1",-41,[0,"ce7TSqFJhEXqi3g6fL8jPf",1,0]]],[0,"056UJENnBB75GtBGSpaY4e",1,0]],[2,"ATTACHED_NODE:2",5,[-42],[0,"fcvp4upQtN6ovCab6+CPIL",1,0]],[4,"pr1",16,[-43],[0,"97iYdUt59KsJVVTf8fenY8",1,0],[5,54,55]],[5,17,[0]],[2,"ATTACHED_NODE:1arm2",2,[-44],[0,"00B18NzGxHYZBvLgWpBCiW",1,0]],[3,"ATTACHED_NODE:1arm1",19,[[1,"ATTACHED_NODE:1hand1",-45,[0,"82nf3dCJ5Ejr5/Tm1B0ILk",1,0]]],[0,"89FNPA3KdN1408zFNOnCoC",1,0]],[2,"ATTACHED_NODE:1arm5",2,[-46],[0,"71OyPbeEhGGIHARZbNSeFl",1,0]],[3,"ATTACHED_NODE:1arm3",21,[[1,"ATTACHED_NODE:1hand2",-47,[0,"8eQyhBewtDHZHLUePwmVSG",1,0]]],[0,"7ePFwGGw5FBZJwX1ZJN5B2",1,0]],[2,"ATTACHED_NODE:4",7,[-48],[0,"555yTXw2FMd5R4XuL9eNii",1,0]],[4,"pr1",23,[-49],[0,"09HDGrnepCErtG5yUvbS8f",1,0],[5,54,55]],[5,24,[1]],[2,"ATTACHED_NODE:3",2,[-50],[0,"9dff1TzQhBIoRMMRm7FXUr",1,0]],[4,"pr1",26,[-51],[0,"e1OHuaD5tAv5V54pR3NZt3",1,0],[5,54,55]],[5,27,[2]],[3,"ATTACHED_NODE:1leg8",8,[[1,"ATTACHED_NODE:1leg6",-52,[0,"68rd1ySKtGrLz8Mr01+HkN",1,0]]],[0,"19jyH7nK1MipW7fTtyyc8a",1,0]],[3,"ATTACHED_NODE:1leg4",8,[[1,"ATTACHED_NODE:1leg2",-53,[0,"2fdQw9h/VIAbVEpeSPFA/9",1,0]]],[0,"c720w8f3ZDK4jtB2yAbZb1",1,0]],[3,"ATTACHED_NODE:ik-lfoot",3,[[1,"ATTACHED_NODE:1foot2",-54,[0,"d8p2vXjcFP+oQ2IEyTSXIg",1,0]]],[0,"6fwtTNzhhP0YoXiGl/kfgu",1,0]],[2,"ATTACHED_NODE:ik-rfoot",3,[-55],[0,"bfEFnACFdKLbpcS3PGVTH8",1,0]],[3,"ATTACHED_NODE:1leg3",32,[[1,"ATTACHED_NODE:1leg5",-56,[0,"27jW0cT6VPZ4W6zaV7uZ8s",1,0]]],[0,"82IzUTJ09F/JBNTx7rgPYe",1,0]],[15,"zombie_1","move3",0,false,"move3",true,4,[3]],[16,true,4,34],[17,10,[0,10,80],[5,70,140]],[18,10,36],[19,1,[4]]],0,[0,3,1,0,-1,18,0,-2,25,0,-3,28,0,4,38,0,5,37,0,6,35,0,7,1,0,-2,38,0,-1,4,0,-2,10,0,-1,5,0,-2,19,0,0,2,0,-4,21,0,-5,7,0,-6,26,0,-1,13,0,-2,8,0,-3,31,0,-4,32,0,-5,9,0,-1,34,0,-2,35,0,-1,11,0,-1,6,0,-2,15,0,-3,16,0,0,6,0,-2,14,0,0,7,0,-2,23,0,-1,29,0,-2,30,0,0,9,0,0,9,0,-1,36,0,-2,37,0,-1,12,0,0,14,0,0,15,0,-1,17,0,-1,18,0,-1,20,0,0,20,0,-1,22,0,0,22,0,-1,24,0,-1,25,0,-1,27,0,-1,28,0,0,29,0,0,30,0,0,31,0,-1,33,0,0,33,0,8,1,2,0,13,3,0,12,56],[0,0,0,0,0,0,0,0,0,18,25,28,34],[-1,-1,-1,-1,-1,-1,-2,-3,-4,1,1,1,9],[0,0,0,3,0,1,4,5,6,1,1,1,7]],[[{"name":"pr4","rect":[596,689,23,21],"offset":[0,0],"originalSize":[23,21],"capInsets":[0,0,0,0]}],[2],0,[0],[2],[2]]]]