[1,["e7IUB4m2xKJ45HK6DLhLOr"],0,[["sp.SkeletonData",["_name","_atlasText","textureNames","_skeletonJson","textures"],-1,3]],[[0,0,1,2,3,4,5]],[[0,"26FX_Z","\n26FX_Z.png\nsize: 64,64\nformat: RGBA8888\nfilter: Linear,Linear\nrepeat: none\nZ\n  rotate: false\n  xy: 2, 2\n  size: 43, 54\n  orig: 47, 58\n  offset: 2, 2\n  index: -1\n",["26FX_Z.png"],{"skeleton":{"hash":"sa7FrTfCpwTwnU4eP1L4He5yw/M","spine":"3.8.99","x":-11.77,"y":-16.49,"width":23.5,"height":32.9},"bones":[{"name":"root"},{"name":"26FX_Z","parent":"root"},{"name":"Z1","parent":"26FX_Z","scaleX":0.5,"scaleY":0.5673},{"name":"Z2","parent":"26FX_Z","scaleX":0.5,"scaleY":0.5673},{"name":"Z3","parent":"26FX_Z","scaleX":0.5,"scaleY":0.5673}],"slots":[{"name":"Z1","bone":"Z1","attachment":"Z"},{"name":"Z2","bone":"Z2","attachment":"Z"},{"name":"Z3","bone":"Z3","attachment":"Z"},{"name":"26FX_Z1","bone":"26FX_Z","attachment":"26FX_Z1"},{"name":"26FX_Z2","bone":"26FX_Z","attachment":"26FX_Z2"},{"name":"26FX_Z3","bone":"26FX_Z","attachment":"26FX_Z3"}],"path":[{"name":"26FX_Z1","target":"26FX_Z1","rotateMix":0,"bones":["Z1"]},{"name":"26FX_Z2","order":1,"target":"26FX_Z2","rotateMix":0,"bones":["Z2"]},{"name":"26FX_Z3","order":2,"target":"26FX_Z3","rotateMix":0,"bones":["Z3"]}],"skins":[{"name":"default","attachments":{"26FX_Z1":{"26FX_Z1":{"type":"path","vertexCount":9,"lengths":[66.92,142.64,256.3],"vertices":[-30.33,-15.03,-0.02,-0.04,28.73,13.54,22.83,33.42,-2.93,49.89,-25.67,64.03,-11.89,97.52,20.88,104.42,56.14,111.85]}},"26FX_Z2":{"26FX_Z2":{"type":"path","vertexCount":9,"lengths":[66.92,142.64,256.3],"vertices":[-30.33,-15.03,-0.02,-0.04,28.73,13.54,22.83,33.42,-2.93,49.89,-25.67,64.03,-11.89,97.52,20.88,104.42,56.14,111.85]}},"26FX_Z3":{"26FX_Z3":{"type":"path","vertexCount":9,"lengths":[66.92,142.64,256.3],"vertices":[-30.33,-15.03,-0.02,-0.04,28.73,13.54,22.83,33.42,-2.93,49.89,-25.67,64.03,-11.89,97.52,20.88,104.42,56.14,111.85]}},"Z1":{"Z":{"width":47,"height":58}},"Z2":{"Z":{"width":47,"height":58}},"Z3":{"Z":{"width":47,"height":58}}}}],"animations":{"idle":{"slots":{"Z1":{"color":[{"color":"ffffff00"},{"time":0.2333,"color":"ffffffff","curve":"stepped"},{"time":1.4,"color":"ffffffff"},{"time":1.6333,"color":"ffffff00"}]},"Z2":{"color":[{"time":0.2333,"color":"ffffffff"},{"time":0.5,"color":"ffffff00","curve":"stepped"},{"time":0.5333,"color":"ffffff00"},{"time":0.7667,"color":"ffffffff"}]},"Z3":{"color":[{"time":0.5,"color":"ffffffff"},{"time":0.7333,"color":"ffffff00","curve":"stepped"},{"time":0.7667,"color":"ffffff00"},{"time":1.0333,"color":"ffffffff"}]}},"bones":{"Z1":{"scale":[{"x":0.67,"y":0.67,"curve":0.25,"c3":0.75},{"time":0.8,"x":1.232,"y":1.232,"curve":0.25,"c3":0.75},{"time":1.6333,"x":0.67,"y":0.67}]},"Z2":{"scale":[{"x":1.025,"y":1.025,"curve":0.363,"c2":0.44,"c3":0.755},{"time":0.5,"x":0.67,"y":0.67,"curve":"stepped"},{"time":0.5333,"x":0.67,"y":0.67,"curve":0.25,"c3":0.75},{"time":1.3333,"x":1.232,"y":1.232,"curve":0.258,"c3":0.619,"c4":0.45},{"time":1.6667,"x":1.025,"y":1.025}]},"Z3":{"scale":[{"x":1.208,"y":1.208,"curve":0.289,"c2":0.17,"c3":0.755},{"time":0.7333,"x":0.67,"y":0.67,"curve":"stepped"},{"time":0.7667,"x":0.67,"y":0.67,"curve":0.25,"c3":0.75},{"time":1.6,"x":1.232,"y":1.232,"curve":0.305,"c3":0.64,"c4":0.36},{"time":1.6667,"x":1.208,"y":1.208}]}},"path":{"26FX_Z1":{"position":[{"curve":0.25,"c3":0.75},{"time":1.6333,"position":1,"curve":"stepped"},{"time":1.6667}]},"26FX_Z2":{"position":[{"position":0.7578,"curve":0.382,"c2":0.58,"c3":0.731},{"time":0.5,"position":1,"curve":"stepped"},{"time":0.5333,"curve":0.243,"c3":0.655,"c4":0.63},{"time":1.6667,"position":0.7578}]},"26FX_Z3":{"position":[{"position":0.5661,"curve":0.379,"c2":0.52,"c3":0.747},{"time":0.7333,"position":1,"curve":"stepped"},{"time":0.7667,"curve":0.247,"c3":0.63,"c4":0.53},{"time":1.6667,"position":0.5661}]}}}}},[0]]],0,0,[0],[-1],[0]]