[1,["f3NuEuzIFEsJyesRQLxRq0"],0,[["sp.SkeletonData",["_name","_atlasText","textureNames","_skeletonJson","textures"],-1,3]],[[0,0,1,2,3,4,5]],[[0,"effect016","\r\neffect016.png\r\nsize: 367,555\r\nformat: RGBA8888\r\nfilter: Linear,Linear\r\nrepeat: none\r\n1818\r\n  rotate: false\r\n  xy: 165, 2\r\n  size: 171, 161\r\n  orig: 181, 171\r\n  offset: 5, 5\r\n  index: -1\r\nSE-yanwu01\r\n  rotate: true\r\n  xy: 96, 65\r\n  size: 85, 60\r\n  orig: 85, 60\r\n  offset: 0, 0\r\n  index: -1\r\nSE-yanwu02\r\n  rotate: true\r\n  xy: 2, 21\r\n  size: 129, 92\r\n  orig: 134, 94\r\n  offset: 5, 2\r\n  index: -1\r\nSE-yanwu03\r\n  rotate: true\r\n  xy: 212, 339\r\n  size: 214, 153\r\n  orig: 220, 153\r\n  offset: 6, 0\r\n  index: -1\r\nSE-yanwu04\r\n  rotate: true\r\n  xy: 2, 152\r\n  size: 218, 161\r\n  orig: 225, 161\r\n  offset: 7, 0\r\n  index: -1\r\nSE-yanwu05\r\n  rotate: false\r\n  xy: 2, 372\r\n  size: 208, 181\r\n  orig: 222, 186\r\n  offset: 14, 0\r\n  index: -1\r\nSE-yanwu06\r\n  rotate: true\r\n  xy: 165, 165\r\n  size: 172, 184\r\n  orig: 210, 198\r\n  offset: 18, 1\r\n  index: -1\r\n",["effect016.png"],{"skeleton":{"hash":"7N87K41Ies5L7mg4qRnjhUfcIFI","spine":"3.8.99","fps":24,"images":"D:\\Work\\植物大战僵尸2娘化版\\动画\\娘化版\\工程文件\\特效","audio":"D:\\Work\\植物大战僵尸2娘化版\\动画\\娘化版\\工程文件\\特效"},"bones":[{"name":"root"},{"name":"bone9","parent":"root"},{"name":"1818","parent":"root"}],"slots":[{"name":"SE-yanwu","bone":"bone9","blend":"additive"},{"name":"1818","bone":"1818","attachment":"1818"}],"skins":[{"name":"default","attachments":{"1818":{"1818":{"width":181,"height":171}},"SE-yanwu":{"SE-yanwu01":{"width":85,"height":60},"SE-yanwu02":{"width":134,"height":94},"SE-yanwu03":{"width":220,"height":153},"SE-yanwu04":{"width":225,"height":161},"SE-yanwu05":{"width":222,"height":186},"SE-yanwu06":{"width":210,"height":198}}}}],"animations":{"newAnimation":{"slots":{"1818":{"color":[{"color":"ffffff00"},{"time":0.0417,"color":"ffffffff","curve":"stepped"},{"time":0.0833,"color":"ffffffff"},{"time":0.1667,"color":"ffffff00"}]},"SE-yanwu":{"attachment":[{"name":"SE-yanwu01"},{"time":0.0417,"name":"SE-yanwu02"},{"time":0.0833,"name":"SE-yanwu03"},{"time":0.125,"name":"SE-yanwu04"},{"time":0.1667,"name":"SE-yanwu05"},{"time":0.2083,"name":"SE-yanwu06"},{"time":0.25,"name":null}]}},"bones":{"1818":{"scale":[{"x":0.5,"y":0.5},{"time":0.0417},{"time":0.1667,"x":2,"y":2}]},"bone9":{"scale":[{"x":0.5,"y":0.5},{"time":0.0417},{"time":0.25,"x":1.5,"y":1.5}]}},"drawOrder":[{"offsets":[{"slot":"SE-yanwu","offset":1}]}]}}},[0]]],0,0,[0],[-1],[0]]