{"paths":{"0":["b06",0],"1":["FailBgm",0],"2":["MenuBgm",0],"3":["b10",0],"4":["potatoBoom",0],"5":["b07",0],"6":["b02",0],"7":["CarEff",0],"8":["BtnClick",0],"9":["b03",0],"10":["PutPlantEff",0],"11":["t09",0],"12":["MainBgm",0],"13":["PickSunEff",0],"14":["b11",0],"15":["potatoUp",0],"16":["boss",0],"17":["SuccessBgm",0],"18":["b09",0],"19":["ShovelEff",0],"20":["ZombieArriveEff",0],"21":["HuangGuaEff",0],"22":["LotteryEff",0],"23":["t07",0],"24":["zi",0],"25":["UpgradeEff",0],"26":["S6",0],"27":["BossBgm",0],"28":["b05",0],"29":["b08",0],"30":["b01",0],"31":["b04",0],"32":["S161",0],"33":["FinalZombieEff",0],"34":["ZombieAttackEff",0]},"types":["cc.AudioClip"],"uuids":["01+cqTyudK/aDe+sY7k6jO","02Q3eQevFGaqRFTXC9CNHC","12OXuDP55AQ5MRKlzRI41m","14qytL+OVA5oW59AroHCn6","1eBrFq9CBKhLkjcsIemWag","1eml0Cpl1MKa7Tx4UmiEKq","373U1g9ppLTphmxSVaCNUG","3cYBk9TIxHKp9kFl1nuiMc","44TY25JppMooKql7vZDOIV","53mdqHQ1xG1oxqmDNdtuEY","58+vEVq+hH57L8AcPLTnRQ","5dI1LAFNBFPITITtdTs9DU","61f+mtVo9BbrIpzpqlxQE1","65rVPn7SZOMqZwU62BRqYL","76vU3i/8tF2JxDZfRjFzWs","78Oz4p/eBCqplJVV6bNU0q","78vCwkc7ZKgqEk/hCwH2+t","7dTyHGpI1ASaUB+wjknvt3","82TIfZJ/xJwaVU/SSdfHhf","8a3ETXIUVDoo+bIFLJOgQD","94p2PAMaRCLYvZrjcT5OH2","97KodqPlBK/JlVzRrB6awu","97Ry5YBxNA0pBsXqsisqmF","97t34uiuNEX42biZ/JFmm0","9aZeY1Bm1FSZnbcdPIOrEi","9dZ8wNd1tIUZalzZlVREY2","aevIcoPThAHpnkORCRBGVk","afpCgHrVxBGaM5EcraeHQl","bdNdVY115D5LCs3rlm1VVj","d1P5gpkQ9D3JFAkQ4iPvKq","d4s+YNGfVIl7vkFvoaqPD0","deOld3DQRHqJKV8upPlpPK","eaPHZt6AdAj5ZnlGsETOtO","efq10p2xpBYrqZLVjGLVGd","f4wAZAkd1DqqEuiFvlP6iu"],"scenes":{},"redirect":[],"deps":[],"packs":{},"name":"Audio","importBase":"import","nativeBase":"native","debug":false,"isZip":false,"encrypted":false,"versions":{"import":[0,"ec64e",1,"8c88d",2,"3ed24",3,"0ff44",4,"c6555",5,"ef439",6,"32233",7,"2fee2",8,"701bd",9,"d6026",10,"a3f2e",11,"d9528",12,"83a8b",13,"9e1fb",14,"2e079",15,"0b5d8",16,"c7eaf",17,"695e0",18,"29957",19,"dfc4b",20,"5f98e",21,"74e64",22,"89b66",23,"666dc",24,"46d87",25,"2c19c",26,"9f84b",27,"58467",28,"9055c",29,"64455",30,"5c3a7",31,"a5128",32,"fc513",33,"fc51b",34,"469b1"],"native":[0,"3ad20",1,"b60f0",2,"6b6c9",3,"1b9df",4,"9c572",5,"72d92",6,"2d873",7,"63a4b",8,"902c1",9,"a2b2d",10,"e5fc2",11,"a68f0",12,"5daae",13,"5048b",14,"6a828",15,"c5c1a",16,"3fa82",17,"4ac60",18,"d0ce3",19,"8a609",20,"4cb83",21,"7cbb6",22,"f82ba",23,"a2a92",24,"e46dd",25,"0c3de",26,"96447",27,"65fa7",28,"1500d",29,"c910c",30,"0dba0",31,"14c90",32,"08d1b",33,"abcbb",34,"1b799"]}}