[1,["90T9hyHPZNjr4KBEFOeZ9p","e3Na6WdjJK9LpgWa8SaKIQ","7a/QZLET9IDreTiBfRn2PD","adyf6cxKZOYb0CQP7371pD","cf/9oZdvxA7p5Yi+2BY3Mp"],["_N$skeletonData","root","sleepAni","body","animation","node","data"],[["cc.Node",["_name","_groupIndex","_parent","_components","_prefab","_contentSize","_trs"],1,1,2,4,5,7],["cc.PrefabInfo",["fileId","root","asset"],2,1,1],["261d4+Q1HdGA5w3tjdBw83c",["activeFlash","node","spineAnimation"],2,1,1],["sp.SkeletonData",["_name","_atlasText","textureNames","_skeletonJson","textures"],-1,3],["cc.Prefab",["_name"],2],["cc.Node",["_name","_children","_components","_prefab","_trs"],2,2,12,4,7],["8c657KDT2VN1IijQ4azCEx/",["node","animation","body","shadowOffset","sleepAni"],3,1,1,1,5,1],["cc.BoxCollider",["node","_offset","_size"],3,1,5,5],["96c396uvMtPhLUJFoRD9JmK",["node","body"],3,1,1],["sp.Skeleton",["defaultSkin","defaultAnimation","_preCacheMode","_animationName","node","_materials"],-1,1,3]],[[1,0,1,2,2],[9,0,1,2,3,4,5,5],[3,0,1,2,3,4,5],[4,0,2],[5,0,1,2,3,4,2],[0,0,1,2,3,4,3],[0,0,2,3,4,5,6,2],[0,0,2,3,4,5,2],[6,0,1,2,3,4,1],[1,1,2,1],[7,0,1,2,1],[8,0,1,1],[2,1,2,1],[2,0,1,2,2]],[[[[2,"13_plant","\n13_plant.png\nsize: 256,128\nformat: RGBA8888\nfilter: Linear,Linear\nrepeat: none\nbody\n  rotate: true\n  xy: 93, 34\n  size: 57, 81\n  orig: 58, 82\n  offset: 0, 0\n  index: -1\neye1\n  rotate: false\n  xy: 176, 73\n  size: 18, 18\n  orig: 18, 18\n  offset: 0, 0\n  index: -1\neye2\n  rotate: false\n  xy: 176, 59\n  size: 12, 12\n  orig: 12, 12\n  offset: 0, 0\n  index: -1\neye3\n  rotate: true\n  xy: 176, 21\n  size: 36, 11\n  orig: 36, 11\n  offset: 0, 0\n  index: -1\nhead\n  rotate: false\n  xy: 2, 2\n  size: 89, 89\n  orig: 89, 89\n  offset: 0, 0\n  index: -1\nmouth\n  rotate: true\n  xy: 93, 27\n  size: 5, 6\n  orig: 5, 6\n  offset: 0, 0\n  index: -1\n",["13_plant.png"],{"skeleton":{"hash":"iRzetvPjm/0kQ4xYLfPEX1Yo9yw","spine":"3.8.99","x":-39.6,"y":-6.6,"width":71.16,"height":98.28},"bones":[{"name":"root"},{"name":"plant","parent":"root","scaleX":0.12,"scaleY":0.12},{"name":"body","parent":"plant","length":278.72,"rotation":90,"x":0.64,"y":-22.97},{"name":"head","parent":"plant","length":408.54,"rotation":115.53,"x":33.51,"y":266.97},{"name":"mouth","parent":"body","x":121.98,"y":-84.27},{"name":"eye3","parent":"mouth","x":80.22,"y":29.17},{"name":"eye1","parent":"eye3","x":8.15,"y":46.76},{"name":"eye2","parent":"eye3","x":20.16,"y":-44.62}],"slots":[{"name":"body","bone":"body","attachment":"body"},{"name":"eye2","bone":"eye2","attachment":"eye2"},{"name":"eye1","bone":"eye1","attachment":"eye1"},{"name":"eye3","bone":"eye3"},{"name":"mouth","bone":"mouth","attachment":"mouth"},{"name":"head","bone":"head","attachment":"head"}],"skins":[{"name":"default","attachments":{"body":{"body":{"x":241.97,"y":27.64,"rotation":-90,"width":388,"height":548}},"eye1":{"eye1":{"x":-4.39,"y":2.47,"rotation":-90,"width":121,"height":120}},"eye2":{"eye2":{"x":-0.9,"y":-0.15,"rotation":-90,"width":77,"height":83}},"eye3":{"eye3":{"x":7.77,"y":22.73,"rotation":-90,"width":238,"height":70}},"head":{"head":{"x":211.18,"y":-26.62,"rotation":-115.53,"width":593,"height":590}},"mouth":{"mouth":{"x":-1.51,"y":0.9,"rotation":-90,"width":34,"height":39}}}}],"animations":{"awoke":{"slots":{"eye1":{"attachment":[{"name":null},{"time":0.2333,"name":"eye1"}]},"eye2":{"attachment":[{"name":null},{"time":0.2333,"name":"eye2"}]},"eye3":{"attachment":[{"name":"eye3"},{"time":0.2333,"name":null}]}},"bones":{"body":{"rotate":[{"time":0.3,"curve":0.324,"c2":0.16,"c3":0.657,"c4":0.51},{"time":0.3667,"angle":1.88,"curve":0.274,"c2":0.23,"c3":0.596,"c4":0.83},{"time":0.5667}],"scale":[{},{"time":0.1667,"x":0.904,"y":1.066,"curve":0.25,"c3":0.75},{"time":0.3,"x":1.058,"curve":0.324,"c2":0.16,"c3":0.657,"c4":0.51},{"time":0.3667,"x":1.11,"curve":0.274,"c2":0.23,"c3":0.596,"c4":0.83},{"time":0.5667}],"shear":[{},{"time":0.1667,"x":-0.89,"curve":0.25,"c3":0.75},{"time":0.3,"x":4.14,"curve":0.266,"c2":0.08,"c3":0.584,"c4":0.82},{"time":0.5667}]},"head":{"rotate":[{},{"time":0.1667,"angle":-4.75,"curve":0.25,"c3":0.75},{"time":0.3667,"angle":1.83,"curve":0.266,"c2":0.08,"c3":0.584,"c4":0.82},{"time":0.5667}],"translate":[{},{"time":0.0667,"x":-0.38,"y":5.53},{"time":0.1667,"x":19.1,"y":-29.08,"curve":0.25,"c3":0.625,"c4":0.5},{"time":0.2333,"x":-3.78,"y":-4.25,"curve":0.375,"c2":0.5,"c3":0.75},{"time":0.3667,"x":-40.22,"y":48.58,"curve":0.266,"c2":0.08,"c3":0.584,"c4":0.82},{"time":0.5667}],"scale":[{},{"time":0.0667,"x":1.006,"y":1.021},{"time":0.1667,"x":0.956,"y":1.082,"curve":0.25,"c3":0.625,"c4":0.5},{"time":0.2333,"x":0.938,"y":1.068,"curve":0.375,"c2":0.5,"c3":0.75},{"time":0.3667,"x":1.057,"y":0.978,"curve":0.266,"c2":0.08,"c3":0.584,"c4":0.82},{"time":0.5667}],"shear":[{},{"time":0.1667,"x":3.51,"curve":0.25,"c3":0.75},{"time":0.3667}]},"eye1":{"rotate":[{"time":0.1667},{"time":0.2333,"angle":-170.42},{"time":0.4,"angle":121.59},{"time":0.5667}],"translate":[{"time":0.1667},{"time":0.2333,"x":-12.95,"y":50.75},{"time":0.4,"x":-0.25,"y":41.68},{"time":0.5667}],"scale":[{"time":0.1667},{"time":0.2333,"x":0.758,"y":0.839},{"time":0.4,"x":1.062,"y":1.065},{"time":0.5667}],"shear":[{"time":0.2333},{"time":0.4,"x":3.55},{"time":0.5667}]},"eye2":{"rotate":[{"time":0.1667},{"time":0.2333,"angle":110.07},{"time":0.4,"angle":-144.57},{"time":0.5667}],"translate":[{"time":0.1667},{"time":0.2333,"x":3.07,"y":3.37},{"time":0.4,"x":8.92,"y":7.86},{"time":0.5667}],"scale":[{"time":0.1667},{"time":0.2333,"x":1.097,"y":1.419},{"time":0.4,"x":1.14,"y":1.464},{"time":0.5667}]}}},"idle1":{"bones":{"body":{"scale":[{},{"time":0.2667,"x":0.954},{"time":0.6,"x":1.034},{"time":0.9333,"x":0.965},{"time":1.2667}],"shear":[{},{"time":0.2667,"x":-5.98},{"time":0.6},{"time":0.9333,"x":7.78},{"time":1.2667}]},"head":{"rotate":[{},{"time":0.2667,"angle":-13.31},{"time":0.3333,"angle":-15.06},{"time":0.6},{"time":0.9333,"angle":10.33},{"time":1,"angle":11.98},{"time":1.2667}],"translate":[{},{"time":0.2667,"x":15.38,"y":-39.48},{"time":0.3333,"x":19.49,"y":-35.31},{"time":0.6},{"time":0.9333,"x":-40.66,"y":-0.99},{"time":1,"x":-41.63,"y":8.5},{"time":1.2667}],"scale":[{},{"time":0.2667,"x":0.917},{"time":0.3333,"x":0.907},{"time":0.6},{"time":0.9333,"x":0.896},{"time":1,"x":0.896,"y":0.987},{"time":1.2667}],"shear":[{},{"time":0.2667,"x":1.72},{"time":0.3333,"x":3.29},{"time":0.6},{"time":0.9333,"x":4.29},{"time":1,"x":4.9},{"time":1.2667}]},"eye1":{"rotate":[{},{"time":0.2667,"angle":-44.37},{"time":0.6,"angle":-170.42},{"time":0.9333,"angle":121.59},{"time":1.2667}],"translate":[{},{"time":0.2667,"x":-22.1,"y":0.02},{"time":0.6,"x":-12.95,"y":13.27},{"time":0.9333,"x":-0.25,"y":16.68},{"time":1.2667}],"scale":[{},{"time":0.2667,"y":1.076},{"time":0.6,"x":0.758,"y":0.839},{"time":0.9333,"x":1.062,"y":1.065},{"time":1.2667}],"shear":[{"time":0.6},{"time":0.9333,"x":3.55},{"time":1.2667}]},"eye2":{"rotate":[{},{"time":0.2667,"angle":67.08},{"time":0.6,"angle":-160.97},{"time":0.9333,"angle":-129.21},{"time":1.2667}],"translate":[{},{"time":0.2667,"x":-10.65,"y":-5.95},{"time":0.6,"x":-3.61,"y":3.44},{"time":0.9333,"x":30.51,"y":1.7},{"time":1.2667}],"scale":[{},{"time":0.2667,"x":1.136,"y":1.436},{"time":0.6,"x":1.097,"y":1.419},{"time":0.9333,"x":1.14,"y":1.464},{"time":1.2667}]}}},"idle2":{"slots":{"eye1":{"attachment":[{"name":null}]},"eye2":{"attachment":[{"name":null}]},"eye3":{"attachment":[{"name":"eye3"}]}},"bones":{"body":{"scale":[{},{"time":0.6,"x":0.932,"y":1.066},{"time":1.2667}]},"head":{"rotate":[{},{"time":0.2,"angle":-0.59},{"time":0.6,"angle":-1.76},{"time":0.8,"angle":-3.69},{"time":1.2667}],"translate":[{},{"time":0.2,"x":-2.62,"y":14.62},{"time":0.6,"x":4.53,"y":-18.13},{"time":0.8,"x":-1.99,"y":-25.09},{"time":1.2667}],"scale":[{},{"time":0.2,"x":1.018,"y":0.992},{"time":0.6,"x":0.986,"y":1.061},{"time":0.8,"x":0.959,"y":1.076},{"time":1.2667}],"shear":[{},{"time":0.2,"x":-0.06},{"time":0.6,"x":3.51},{"time":0.8,"x":6.45},{"time":1.2667}]}}}}},[0]]],0,0,[0],[-1],[0]],[[[3,"HypnoShroom"],[4,"HypnoShroom",[-7,-8,-9],[[-2,[8,-6,-5,-4,[0,-3,0],-3]],1,4],[9,-1,0],[-494,-293,0,0,0,0,1,1,1,1]],[5,"bodyC",5,1,[-10,-11],[0,"1b7zNSOJBPNanGcUQ+Kc6e",1,0]],[6,"26FX_Z",1,[-12,-13],[0,"70slxLlBdJKoQtH0Ie1UuE",1,0],[5,23.5,32.9],[12,63,0,0,0,0,1,0.5,0.5,1]],[10,2,[0,-5,40],[5,80,100]],[11,2,4],[7,"13_plant",1,[-14],[0,"99r1b4JuRI4rWxk5J8Svv5",1,0],[5,71.16,98.28]],[1,"default","idle2",0,"idle2",6,[0]],[1,"default","idle",0,"idle",3,[1]],[12,3,8],[13,true,1,7]],0,[0,1,1,0,-1,10,0,2,9,0,3,5,0,4,10,0,5,1,0,-1,2,0,-2,6,0,-3,3,0,-1,4,0,-2,5,0,-1,8,0,-2,9,0,-1,7,0,6,1,14],[0,0,7,8],[-1,-1,0,0],[1,2,3,4]]]]