[1,["ecpdLyjvZBwrvm+cedCcQy","0f0fPqLlhMppYQ/j+sNpYl","87OAa9f15Nm6EEaBJEQiuy","dfrYz76SpI7aiGmYzwWrJ+","05gMDT67ZMQ42QIXPDWr2s","a2MjXRFdtLlYQ5ouAFv/+R","34R4nAUsBDOrdayS/APw85","c2Rzn8ZaNJSZwH/vVvWUT4","2aKJYU6u9G55yvfDap1e83"],["node","_spriteFrame","_textureSetter","root","data","cardContent","belt2","belt1","boardNode","beltCardPre","icon","selectTag"],[["cc.Node",["_name","_active","_prefab","_parent","_children","_components","_contentSize","_trs","_anchorPoint","_color"],1,4,1,2,9,5,7,5,5],["cc.Sprite",["_sizeMode","_isTrimmedMode","_type","node","_materials","_spriteFrame"],0,1,3,6],"cc.SpriteFrame",["cc.PrefabInfo",["fileId","root","asset"],2,1,1],["cc.Prefab",["_name"],2],["cc.Node",["_name","_parent","_components","_prefab","_contentSize","_anchorPoint","_trs"],2,1,2,4,5,5,7],["cc.Widget",["_alignFlags","_right","_top","_bottom","node"],-1,1],["d48aaIGJ4JNFaarGyGIrRf1",["node","boardNode","belt1","belt2","cardContent","beltCardPre"],3,1,1,1,1,1,6],["8cfbd1YdzlOzJ7ggalAXv4I",["node","selectTag","icon"],3,1,1,1]],[[3,0,1,2,2],[0,0,3,5,2,6,7,2],[1,3,4,5,1],[1,2,0,1,3,4,5,4],[4,0,2],[0,0,3,5,2,6,8,7,2],[3,1,2,1],[0,0,4,5,2,2],[0,0,3,4,2,2],[0,0,3,5,2,9,6,7,2],[0,0,3,2,7,2],[0,0,4,5,2,6,8,2],[0,0,1,3,4,2,3],[0,0,3,4,2,6,8,2],[5,0,1,2,3,4,5,6,2],[6,0,1,2,3,4,5],[7,0,1,2,3,4,5,1],[1,0,3,4,5,2],[1,0,1,3,4,3],[8,0,1,2,1]],[[[{"name":"belt_bg","rect":[0,0,79,716],"offset":[0,0],"originalSize":[79,716],"capInsets":[25,0,25,0]}],[2],0,[0],[2],[3]],[[{"name":"belt","rect":[0,0,132,74],"offset":[0,0],"originalSize":[132,74],"capInsets":[0,0,0,0]}],[2],0,[0],[2],[4]],[[[4,"PlantBeltView"],[7,"PlantBeltView",[-8],[[15,8,640,360,360,-2],[16,-7,-6,-5,-4,-3,8]],[6,-1,0]],[8,"BoardNode",1,[-9,-10,-11,-12,-13],[0,"d6JU7vysVIzpUoGGt6kzvV",1,0]],[5,"belt_1",2,[[3,2,0,false,-14,[2],3]],[0,"69tEHiJM9HC4ghX8TN7lN2",1,0],[5,132,720],[0,0.5,1],[85,360,0,0,0,0,1,1,1,1]],[5,"belt_2",2,[[3,2,0,false,-15,[4],5]],[0,"aenUQMmc1CvZe2ClCDQa6L",1,0],[5,132,720],[0,0.5,1],[85,-360,0,0,0,0,1,1,1,1]],[9,"mask",2,[[17,0,-16,[0],1]],[0,"9f0ZwNOnxGD49BGsGXNEFY",1,0],[4,4278190080],[5,170,713],[85,0,0,0,0,0,1,1,1,1]],[10,"cardContent",2,[0,"c0F/eQJdtDlqGjQEu4hHqU",1,0],[16,0,0,0,0,0,1,1,1,1]],[1,"belt_bg",2,[[3,1,0,false,-17,[6],7]],[0,"93J8Ut9+dM9pKz4BEGo0Ai",1,0],[5,180,724],[85,0,0,0,0,0,1,1,1,1]]],0,[0,3,1,0,0,1,0,5,6,0,6,4,0,7,3,0,8,2,0,0,1,0,-1,2,0,-1,5,0,-2,3,0,-3,4,0,-4,6,0,-5,7,0,0,3,0,0,4,0,0,5,0,0,7,0,4,1,17],[0,0,0,0,0,0,0,0,0],[-1,1,-1,1,-1,1,-1,1,9],[0,5,0,2,0,2,0,6,7]],[[[4,"BeltCard"],[11,"BeltCard",[-6,-7],[[2,-2,[9],10],[19,-5,-4,-3]],[6,-1,0],[5,136,75],[0,0,1]],[12,"selected",false,1,[-8,-9,-10,-11],[0,"ffCgzthhlB5rMtDNUehcqT",1,0]],[13,"Card",1,[-12],[0,"a0L18QTIBIMILGcz2Q3g6V",1,0],[5,136,75],[0,0,1]],[14,"Icon",3,[-13],[0,"0aGVO5f3tBYZTCq9TCREXR",1,0],[5,128,68],[0,0,1],[0,4,0,0,0,0,1,1,1,1]],[18,0,false,4,[0]],[1,"select_light",2,[[2,-14,[1],2]],[0,"8bvcpRk5hJr6qt00RALdPi",1,0],[5,81,64],[23,-14,0,0,0,0,1,1,1,1]],[1,"select_light copy",2,[[2,-15,[3],4]],[0,"33y65Gb/xFuat/pfRemzmt",1,0],[5,81,64],[113,-14,0,0,0,0,1,-1,1,1]],[1,"select_light copy",2,[[2,-16,[5],6]],[0,"9bOfelz0FOYI65aQSWabxk",1,0],[5,81,64],[113,-60,0,0,0,0,1,-1,-1,1]],[1,"select_light copy",2,[[2,-17,[7],8]],[0,"d2ACL8nThFtL/BIJNUUldf",1,0],[5,81,64],[23,-60,0,0,0,0,1,1,-1,1]]],0,[0,3,1,0,0,1,0,10,5,0,11,2,0,0,1,0,-1,3,0,-2,2,0,-1,6,0,-2,7,0,-3,8,0,-4,9,0,-1,4,0,-1,5,0,0,6,0,0,7,0,0,8,0,0,9,0,4,1,17],[0,0,0,0,0,0,0,0,0,0,0],[-1,-1,1,-1,1,-1,1,-1,1,-1,1],[0,0,1,0,1,0,1,0,1,0,8]]]]