{"paths":{},"types":[],"uuids":["0ePCZuvJVJkoZVXRNzWYp0","10cHYbgwpI9p4LMc4FGuI4","27eXQw2vlBFJpwi0nM88Lp","3cspPp34BJVZ2eWg4z1CjO","7anr1JKZtOt5TBQeGtq7xC","90dQTKXdVE+Jj4y/bCDkTs","a5zse4qu5GQI62+DMZ8UxE","a7jB5TW1tEaoJ8ow35xV9Y","a7y5EpcY9Ora3eis73RThR","e02AiLvaJGzq6dxRnh6iTy","ebQUb8+39OGbPM9ef0ljWp","11JlEDjNtGtoNCtxmBYne6","1205XFBhBBI5E6xeKKgubx","21hgA4NSFGhKlwibUByyi8","22Q9oD1SpLrrlNFIhJJdjE","51TYST/8JHT6zNtqv38/JA","58l5hn7aBEiJIqgOcD4Qm3","622S+65n5CXqZu3AtzOSt7","a2MjXRFdtLlYQ5ouAFv/+R","bdLX5odr5OMbBpSzSp6msz","d61C/zuQVIGJ7IAWakUXS9","dbgYup+7FI5rwYet6mCtjX","ecpdLyjvZBwrvm+cedCcQy","faOx7ARfFOpK/ohVn3RQL9"],"scenes":{"db://assets/pza/Battle/Scene/main.fire":3},"redirect":[18,0,22,1],"deps":["resources","internal"],"packs":{"012b07b06":[0,1,2,4,5,6,7,8,9,10],"0a8f6f900":[11,12,13,14,3,15,16,17,19,20,21,23]},"name":"main","importBase":"import","nativeBase":"native","debug":false,"isZip":false,"encrypted":false,"versions":{"import":["012b07b06","f7da8","0a8f6f900","e8f77"],"native":[0,"fd47d",1,"ff58b",2,"30943",4,"d872a",5,"ad0ba",6,"ce78c",7,"0fb19",8,"40bef",9,"364a9",10,"d9a1e"]}}