[1,["ecpdLyjvZBwrvm+cedCcQy","a0uF4Vi+tAN51zAIhf9emD","08Xfqtj0tIi6HbZTGfbzyp","e8jDwx4+lBSJUrDyRStHs2","19TfqV185B7rd3+HqSOX66","5eNIjCMwZNrqJxdl8wjPKR","96iv8NDe5Fd5+OAe3Z+qGV","6d3SMIxWtB045o7zcyaPcT","73HdSYSYNLKrXvRcepHSL4","b8EDmc1mRKU51pywKxC8dj","04wR4+OBlETJRjwb7raxh0","32vt2bZx9Il6Otp30WYzCW","7444KqOBNLV7PPlw69CYeY","2feRlJ3QNFh5DUZG3E5FSJ","af3FuThF1PLqyklrmWmoJ5","bdVjnsMjVLKLb/9vMLOvNG","30X0vASIlHhp3DjUkTyek+","caohSHbS5GEIzmwCrnMGn5","59FhX7nX1MEKcoI/kKw/2b","e641SHv9pDM6zmb5ZjizNO","5cFrwFXxBHk6rkz/nPWeZG","3a01HR0vZKZZAH2qUdZrs1","19aIAJWalNe51PaudGXsF+"],["node","_spriteFrame","_textureSetter","target","root","starCount","pagePoint","chapterScroll","rightArrow","leftArrow","chapterName","data","_parent","_N$file"],["cc.SpriteFrame",["cc.Node",["_name","_prefab","_contentSize","_parent","_children","_components","_trs"],2,4,5,1,2,9,7],["cc.Widget",["_alignFlags","_left","_originalWidth","_right","node"],-1,1],["cc.Node",["_name","_parent","_components","_prefab","_contentSize","_children","_trs","_color"],2,1,12,4,5,2,7,5],["cc.Sprite",["_sizeMode","_isTrimmedMode","_type","node","_materials","_spriteFrame"],0,1,3,6],["cc.PrefabInfo",["fileId","root","asset"],2,1,1],["cc.Label",["_string","_fontSize","_N$horizontalAlign","_N$verticalAlign","_isSystemFontUsed","_lineHeight","node","_materials"],-3,1,3],["cc.Prefab",["_name"],2],["cc.Node",["_name","_parent","_components","_prefab","_contentSize","_trs"],2,1,2,4,5,7],["b0a70xl4TpOiaxjassZIJxU",["node","chapterName","chapters","leftArrow","rightArrow","chapterScroll","pagePoint","starCount"],3,1,1,2,1,1,1,1,1],["cc.BlockInputEvents",["node"],3,1],["cc.Layout",["_resize","_N$layoutType","_N$paddingLeft","_N$paddingRight","_N$spacingX","node","_layoutSize"],-2,1,5],["cc.Button",["_N$transition","node","clickEvents"],2,1,9],["cc.ClickEvent",["_componentId","handler","target"],1,1],["cc.LabelOutline",["_width","node","_color"],2,1,5],["8420c4hzRdGEpVv7uxIpjIm",["node","bowNode","lock","chpaterPro"],3,1,1,1,1],["cc.ScrollView",["vertical","inertia","brake","elastic","bounceDuration","_N$horizontalScrollBar","_N$verticalScrollBar","node","scrollEvents","_N$content"],-4,1,9,1]],[[5,0,1,2,2],[1,0,3,5,1,2,6,2],[4,3,4,5,1],[13,0,1,2,3],[4,0,1,3,4,5,3],[12,0,1,2,2],[8,0,1,2,3,4,5,2],[6,0,1,5,2,3,6,7,6],[3,0,1,5,2,3,4,6,2],[15,0,1,2,3,1],[1,0,4,5,1,2,6,2],[1,0,3,4,5,1,2,6,2],[2,0,4,2],[7,0,2],[1,0,3,4,5,1,2,2],[1,0,3,4,1,2],[1,0,3,5,1,2,2],[1,0,3,4,1,2,2],[3,0,1,5,2,3,4,2],[3,0,1,2,3,7,4,6,2],[2,0,1,4,3],[2,0,2,4,3],[2,0,1,3,4,4],[9,0,1,2,3,4,5,6,7,1],[10,0,1],[5,1,2,1],[11,0,1,2,3,4,5,6,6],[4,2,0,1,3,4,5,4],[14,0,1,2,2],[6,0,1,4,2,3,6,7,6],[16,0,1,2,3,4,5,6,7,8,9,8]],[[[{"name":"Select_Chapter_BG","rect":[0,0,1680,720],"offset":[0,0],"originalSize":[1680,720],"capInsets":[0,0,0,0]}],[0],0,[0],[2],[6]],[[{"name":"chapter_lock","rect":[0,0,205,170],"offset":[0,0],"originalSize":[205,170],"capInsets":[0,0,0,0]}],[0],0,[0],[2],[7]],[[{"name":"chapter_2","rect":[0,0,756,490],"offset":[0,0],"originalSize":[756,490],"capInsets":[0,0,0,0]}],[0],0,[0],[2],[8]],[[{"name":"page_bg","rect":[2,2,23,23],"offset":[0,0],"originalSize":[27,27],"capInsets":[0,0,0,0]}],[0],0,[0],[2],[9]],[[[13,"ChapterSelectView"],[10,"ChapterSelectView",[-16,-17],[[12,45,-2],[23,-14,-13,[-8,-9,-10,-11,-12],-7,-6,-5,-4,-3],[24,-15]],[25,-1,0],[5,1280,720],[640,360,0,0,0,0,1,1,1,1]],[14,"board",1,[-19,-20,-21,-22,-23,-24,-25],[[12,45,-18]],[0,"cfJTPeS3hJdbcs6e6DGBtz",1,0],[5,1280,720]],[10,"content",[-27,-28,-29,-30,-31],[[26,1,1,270,310,145,-26,[5,4940,400]]],[0,"8bggTMsiZGhKJrEqP5frVB",1,0],[5,4940,400],[13,-52,0,0,0,0,1,1,1,1]],[8,"ChapterItem1",3,[-36,-37,-38],[[[4,2,false,-32,[10],11],[5,3,-34,[[3,"8420c4hzRdGEpVv7uxIpjIm","clickChapter",-33]]],-35],4,4,1],[0,"8cyl0TGl5P+5TGoPjd557J",1,0],[5,756,490],[-1822,0,0,0,0,0,1,1,1,0]],[8,"ChapterItem2",3,[-43,-44,-45],[[[4,2,false,-39,[17],18],[5,3,-41,[[3,"8420c4hzRdGEpVv7uxIpjIm","clickChapter",-40]]],-42],4,4,1],[0,"24Fw5wCv1A5rIGPgbTMjrx",1,0],[5,756,490],[-921,0,0,0,0,0,1,1,1,0]],[8,"ChapterItem3",3,[-50,-51,-52],[[[4,2,false,-46,[24],25],[5,3,-48,[[3,"8420c4hzRdGEpVv7uxIpjIm","clickChapter",-47]]],-49],4,4,1],[0,"b8rhhXiK9JLaOtwOQtu9HT",1,0],[5,756,490],[-20,0,0,0,0,0,1,1,1,0]],[8,"ChapterItem4",3,[-57,-58,-59],[[[4,2,false,-53,[31],32],[5,3,-55,[[3,"8420c4hzRdGEpVv7uxIpjIm","clickChapter",-54]]],-56],4,4,1],[0,"803O9xGLJBuIb514EE801I",1,0],[5,756,490],[881,0,0,0,0,0,1,1,1,0]],[8,"ChapterItem5",3,[-64,-65,-66],[[[4,2,false,-60,[38],39],[5,3,-62,[[3,"8420c4hzRdGEpVv7uxIpjIm","clickChapter",-61]]],-63],4,4,1],[0,"e0HNdhJRZHla+1TOfhwI8Z",1,0],[5,756,490],[1782,0,0,0,0,0,1,1,1,0]],[15,"page",2,[-67,-68,-69,-70,-71,-72],[0,"c0oapEVplNC6ATYDgMZPJt",1,0]],[11,"star_bg",2,[-75,-76],[[27,1,0,false,-73,[49],50],[20,8,53.5,-74]],[0,"71Fl0EWPFAjo+yXi4hFAzX",1,0],[5,249,68],[-462,-301,0,0,0,0,1,1,1,1]],[18,"ChapterScrollView",2,[-79],[[-77,[21,40,240,-78]],1,4],[0,"5fMXxap+REZY2E8f3pok8R",1,0],[5,1280,720]],[1,"btn_left_arrow",2,[[4,2,false,-80,[40],41],[5,3,-81,[[3,"b0a70xl4TpOiaxjassZIJxU","clickLeftArrow",1]]]],[0,"69qhWX8iBEEL5/L1Vkzl/m",1,0],[5,76,111],[-500,-59,0,0,0,0,1,-1,1,0]],[1,"btn_right_arrow",2,[[4,2,false,-82,[42],43],[5,3,-83,[[3,"b0a70xl4TpOiaxjassZIJxU","clickRightArrow",1]]]],[0,"fa+g1BlQhLL6vImk8tOhPV",1,0],[5,76,111],[455,-59,0,0,0,0,1,1,1,0]],[1,"btn_close",2,[[2,-84,[44],45],[5,3,-85,[[3,"b0a70xl4TpOiaxjassZIJxU","clickClose",1]]],[22,8,48,1158,-86]],[0,"b9aTbR4eZPD7lCghJd97YL",1,0],[5,74,68],[-555,300,0,0,0,0,1,1,1,0]],[11,"ChapterName",2,[-88],[[4,2,false,-87,[3],4]],[0,"2f7vyiWsxDBpfgenCJVHc1",1,0],[5,380,145],[-3,287.5,0,0,0,0,1,1,1,1]],[19,"name",15,[[-89,[28,2,-90,[4,4278330370]]],1,4],[0,"b2/urjKzJMW4d0xLxkTIrL",1,0],[4,4279746326],[5,148,54.4],[1,-22,0,0,0,0,1,1,1,1]],[1,"bow",4,[[2,-91,[6],7]],[0,"53zcHQvtxGZLfuePJhIAHy",1,0],[5,279,248],[169,137,0,0,0,0,1,1,1,1]],[1,"lock",4,[[2,-92,[8],9]],[0,"27E1GuoNZHfbLknvc0I8AH",1,0],[5,205,170],[224,39,0,0,0,0,1,1,1,1]],[1,"bow",5,[[2,-93,[13],14]],[0,"e5zUMirzBPJ45szcfjmBiu",1,0],[5,279,248],[169,137,0,0,0,0,1,1,1,1]],[1,"lock",5,[[2,-94,[15],16]],[0,"68pNr4vnpMb7ze8xG8Ul8u",1,0],[5,205,170],[224,39,0,0,0,0,1,1,1,1]],[1,"bow",6,[[2,-95,[20],21]],[0,"78pDQt+kxKob3B93i9AXlo",1,0],[5,279,248],[169,137,0,0,0,0,1,1,1,1]],[1,"lock",6,[[2,-96,[22],23]],[0,"1c4jBulY1IWo2+kAbSFgWg",1,0],[5,205,170],[224,39,0,0,0,0,1,1,1,1]],[1,"bow",7,[[2,-97,[27],28]],[0,"46DMw2o/dBcJjWU902MVGi",1,0],[5,279,248],[169,137,0,0,0,0,1,1,1,1]],[1,"lock",7,[[2,-98,[29],30]],[0,"ac9g4PaQBEoLDcOc/+xWD7",1,0],[5,205,170],[224,39,0,0,0,0,1,1,1,1]],[1,"bow",8,[[2,-99,[34],35]],[0,"daJfnUk8xLfK++4hULdx8Q",1,0],[5,279,248],[169,137,0,0,0,0,1,1,1,1]],[1,"lock",8,[[2,-100,[36],37]],[0,"26tMNq56dDcJxbz3J82qR5",1,0],[5,205,170],[224,39,0,0,0,0,1,1,1,1]],[1,"page_bg",9,[[2,-101,[61],62]],[0,"c3Ts21URlNB5tX9k2VK5uz",1,0],[5,23,23],[-6,-303,0,0,0,0,1,1,1,1]],[16,"Select_Chapter_BG",1,[[2,-102,[0],1]],[0,"40Xx911wlAF4EAdZkUaDDd",1,0],[5,1680,720]],[29,"僵尸来袭",36,false,1,1,16,[2]],[17,"view",11,[3],[0,"33ZnAawv9DiJgxOkoP/xm3",1,0],[5,1280,720]],[6,"progress",4,[-103],[0,"cbrmF8Xf9FLoWBONEguDoX",1,0],[5,58.39,44.1],[-238,-157,0,0,0,0,1,1,1,1]],[7,"2/13",30,35,1,1,31,[5]],[9,4,17,18,32],[6,"progress",5,[-104],[0,"827gTahrRLXZ8dqAfr99IJ",1,0],[5,58.39,44.1],[-238,-157,0,0,0,0,1,1,1,1]],[7,"2/13",30,35,1,1,34,[12]],[9,5,19,20,35],[6,"progress",6,[-105],[0,"89sCOU/lZI/6MCKapLdR8I",1,0],[5,58.39,44.1],[-238,-157,0,0,0,0,1,1,1,1]],[7,"2/13",30,35,1,1,37,[19]],[9,6,21,22,38],[6,"progress",7,[-106],[0,"83THRycY9HgaSmM4Gk9TbW",1,0],[5,58.39,44.1],[-238,-157,0,0,0,0,1,1,1,1]],[7,"2/13",30,35,1,1,40,[26]],[9,7,23,24,41],[6,"progress",8,[-107],[0,"a2ABmvTANGHIlTH0rgoPpi",1,0],[5,58.39,44.1],[-238,-157,0,0,0,0,1,1,1,1]],[7,"2/13",30,35,1,1,43,[33]],[9,8,25,26,44],[30,false,false,0.75,false,0.23,null,null,11,[[3,"b0a70xl4TpOiaxjassZIJxU","scrollEvent",1]],3],[1,"win_star",10,[[2,-108,[46],47]],[0,"95AKf/UI5C8I/l/OR415xI",1,0],[5,119,110],[-110,-1,0,0,0,0,1,0.79,0.79,1]],[6,"star_count",10,[-109],[0,"1bVH8scfJBGpZMVa9tzIMq",1,0],[5,107.05,47.88],[15,0,0,0,0,0,1,1,1,1]],[7,"0/1234",35,38,1,1,48,[48]],[1,"page_point_1",9,[[2,-110,[51],52]],[0,"f8pbR5MmtJ2p+NK6xYbZXz",1,0],[5,17,17],[-76,-303,0,0,0,0,1,1,1,1]],[1,"page_point_2",9,[[2,-111,[53],54]],[0,"5206wrEZtMZK3sZ9ZyecJo",1,0],[5,17,17],[-41,-303,0,0,0,0,1,1,1,1]],[1,"page_point_3",9,[[2,-112,[55],56]],[0,"09aAHOcUdJqYK3EAwBR5Z8",1,0],[5,17,17],[-6,-303,0,0,0,0,1,1,1,1]],[1,"page_point_4",9,[[2,-113,[57],58]],[0,"caYhqcyLpBeo6cuhype1gI",1,0],[5,17,17],[29,-303,0,0,0,0,1,1,1,1]],[1,"page_point_5",9,[[2,-114,[59],60]],[0,"941fl3ColFUK8gCAyB7tVS",1,0],[5,17,17],[64,-303,0,0,0,0,1,1,1,1]]],0,[0,4,1,0,0,1,0,5,49,0,6,27,0,7,46,0,8,13,0,9,12,0,-1,33,0,-2,36,0,-3,39,0,-4,42,0,-5,45,0,10,29,0,0,1,0,0,1,0,-1,28,0,-2,2,0,0,2,0,-1,15,0,-2,11,0,-3,12,0,-4,13,0,-5,14,0,-6,10,0,-7,9,0,0,3,0,-1,4,0,-2,5,0,-3,6,0,-4,7,0,-5,8,0,0,4,0,3,4,0,0,4,0,-3,33,0,-1,31,0,-2,17,0,-3,18,0,0,5,0,3,5,0,0,5,0,-3,36,0,-1,34,0,-2,19,0,-3,20,0,0,6,0,3,6,0,0,6,0,-3,39,0,-1,37,0,-2,21,0,-3,22,0,0,7,0,3,7,0,0,7,0,-3,42,0,-1,40,0,-2,23,0,-3,24,0,0,8,0,3,8,0,0,8,0,-3,45,0,-1,43,0,-2,25,0,-3,26,0,-1,50,0,-2,51,0,-3,52,0,-4,53,0,-5,54,0,-6,27,0,0,10,0,0,10,0,-1,47,0,-2,48,0,-1,46,0,0,11,0,-1,30,0,0,12,0,0,12,0,0,13,0,0,13,0,0,14,0,0,14,0,0,14,0,0,15,0,-1,16,0,-1,29,0,0,16,0,0,17,0,0,18,0,0,19,0,0,20,0,0,21,0,0,22,0,0,23,0,0,24,0,0,25,0,0,26,0,0,27,0,0,28,0,-1,32,0,-1,35,0,-1,38,0,-1,41,0,-1,44,0,0,47,0,-1,49,0,0,50,0,0,51,0,0,52,0,0,53,0,0,54,0,11,1,3,12,30,114],[0,0,0,0,0,0,0,0,0,0,0,0,0,0,0,0,0,0,0,0,0,0,0,0,0,0,0,0,0,0,0,0,0,0,0,0,0,0,0,0,0,0,0,0,0,0,0,0,0,0,0,0,0,0,0,0,0,0,0,0,0,0,0,29],[-1,1,-1,-1,1,-1,-1,1,-1,1,-1,1,-1,-1,1,-1,1,-1,1,-1,-1,1,-1,1,-1,1,-1,-1,1,-1,1,-1,1,-1,-1,1,-1,1,-1,1,-1,1,-1,1,-1,1,-1,1,-1,-1,1,-1,1,-1,1,-1,1,-1,1,-1,1,-1,1,13],[0,10,0,0,11,0,0,1,0,2,0,12,0,0,1,0,2,0,4,0,0,1,0,2,0,4,0,0,1,0,2,0,4,0,0,1,0,2,0,4,0,5,0,5,0,13,0,14,0,0,15,0,3,0,3,0,3,0,3,0,3,0,16,17]],[[{"name":"chapter_tittle","rect":[0,0,380,145],"offset":[0,0],"originalSize":[380,145],"capInsets":[0,0,0,0]}],[0],0,[0],[2],[18]],[[{"name":"btn_arrow","rect":[0,0,76,111],"offset":[0,0],"originalSize":[76,111],"capInsets":[0,0,0,0]}],[0],0,[0],[2],[19]],[[{"name":"chapter_1","rect":[0,0,756,490],"offset":[0,0],"originalSize":[756,490],"capInsets":[0,0,0,0]}],[0],0,[0],[2],[20]],[[{"name":"bow","rect":[0,0,279,248],"offset":[0,0],"originalSize":[279,248],"capInsets":[0,0,0,0]}],[0],0,[0],[2],[21]],[[{"name":"page_point","rect":[0,0,17,17],"offset":[0,0],"originalSize":[17,17],"capInsets":[0,0,0,0]}],[0],0,[0],[2],[22]]]]