[1,["ddxXjQ6LJCIbXRD476zyaT","7a/QZLET9IDreTiBfRn2PD","03W6sRuLpL0oRnNAhjXm1b"],["root","body","animation","node","data","_N$skeletonData"],[["cc.Node",["_name","_groupIndex","_parent","_components","_prefab","_contentSize","_trs"],1,1,2,4,5,7],["cc.PrefabInfo",["fileId","root","asset"],2,1,1],["sp.SkeletonData",["_name","_atlasText","textureNames","_skeletonJson","textures"],-1,3],["cc.Prefab",["_name"],2],["cc.Node",["_name","_children","_components","_prefab","_trs"],2,2,12,4,7],["4ecf2vQkM1HfaFg6WAuXHm/",["needShadow","node","animation","body"],2,1,1,1],["cc.BoxCollider",["node","_offset","_size"],3,1,5,5],["96c396uvMtPhLUJFoRD9JmK",["node","body"],3,1,1],["sp.Skeleton",["defaultSkin","defaultAnimation","_preCacheMode","_animationName","node","_materials"],-1,1,3],["261d4+Q1HdGA5w3tjdBw83c",["node","spineAnimation"],3,1,1]],[[1,0,1,2,2],[2,0,1,2,3,4,5],[3,0,2],[4,0,1,2,3,4,2],[0,0,1,2,3,4,3],[0,0,2,3,4,5,6,2],[5,0,1,2,3,2],[1,1,2,1],[6,0,1,2,1],[7,0,1,1],[8,0,1,2,3,4,5,5],[9,0,1,1]],[[[[1,"22_plant","\n22_plant.png\nsize: 512,64\nformat: RGBA8888\nfilter: Linear,Linear\nrepeat: none\nbody1\n  rotate: false\n  xy: 2, 9\n  size: 148, 52\n  orig: 150, 54\n  offset: 1, 1\n  index: -1\nbody2\n  rotate: true\n  xy: 190, 5\n  size: 24, 38\n  orig: 26, 40\n  offset: 1, 1\n  index: -1\nbody3\n  rotate: true\n  xy: 152, 2\n  size: 27, 36\n  orig: 29, 38\n  offset: 1, 1\n  index: -1\nbody4\n  rotate: true\n  xy: 230, 9\n  size: 23, 33\n  orig: 25, 35\n  offset: 1, 1\n  index: -1\nbody5\n  rotate: true\n  xy: 228, 34\n  size: 27, 33\n  orig: 29, 35\n  offset: 1, 1\n  index: -1\neye1\n  rotate: false\n  xy: 152, 47\n  size: 74, 14\n  orig: 76, 16\n  offset: 1, 1\n  index: -1\neye2\n  rotate: false\n  xy: 152, 31\n  size: 74, 14\n  orig: 76, 16\n  offset: 1, 1\n  index: -1\n",["22_plant.png"],{"skeleton":{"hash":"VlP8A8WRr+W8k0tACHvOcHj9qOY","spine":"3.8.99","x":-55,"y":-6.38,"width":110.22,"height":45.98},"bones":[{"name":"root"},{"name":"plant","parent":"root","scaleX":0.22,"scaleY":0.22},{"name":"body1","parent":"plant","length":79.31,"rotation":90},{"name":"eye1","parent":"body1","x":32.37,"y":8.26},{"name":"body3","parent":"body1","length":117.31,"rotation":2.36,"x":69.97,"y":36.31},{"name":"body4","parent":"body1","length":109.05,"rotation":-13.03,"x":66.13,"y":-82.35},{"name":"body5","parent":"body1","length":104.77,"rotation":-29.36,"x":25.52,"y":-147.79},{"name":"body6","parent":"body1","length":118.17,"rotation":23.42,"x":44.01,"y":140.79}],"slots":[{"name":"body1","bone":"body1","attachment":"body1"},{"name":"eye1","bone":"eye1"},{"name":"body5","bone":"body5","attachment":"body5"},{"name":"body4","bone":"body4","attachment":"body4"},{"name":"body3","bone":"body3","attachment":"body3"},{"name":"body2","bone":"body6","attachment":"body2"}],"skins":[{"name":"default","attachments":{"body1":{"body1":{"x":61,"y":-0.5,"rotation":-90,"width":501,"height":180}},"body2":{"body2":{"x":43.12,"y":-4.82,"rotation":-113.42,"width":87,"height":133}},"body3":{"body3":{"x":47.23,"y":3.75,"rotation":-92.36,"width":96,"height":126}},"body4":{"body4":{"x":39.66,"y":12.1,"rotation":-76.97,"width":83,"height":115}},"body5":{"body5":{"x":39.66,"y":10.02,"rotation":-60.64,"width":95,"height":118}},"eye1":{"eye1":{"x":0.63,"y":-1.26,"rotation":-90,"width":254,"height":52},"eye2":{"x":0.63,"y":-1.26,"rotation":-90,"width":254,"height":52}}}}],"events":{"attack":{}},"animations":{"attack":{"bones":{"body1":{"translate":[{},{"time":0.2,"y":3.16,"curve":"stepped"},{"time":0.3333,"y":3.16},{"time":0.6}],"scale":[{},{"time":0.2,"x":1.149,"y":0.939,"curve":"stepped"},{"time":0.3333,"x":1.149,"y":0.939},{"time":0.6}]},"body3":{"rotate":[{},{"time":0.2,"angle":2.21,"curve":"stepped"},{"time":0.3333,"angle":2.21},{"time":0.6}],"scale":[{},{"time":0.2,"x":1.197},{"time":0.3333,"x":1.246,"y":0.984},{"time":0.6}]},"body4":{"rotate":[{},{"time":0.2,"angle":4.31,"curve":"stepped"},{"time":0.3333,"angle":4.31},{"time":0.6}],"scale":[{},{"time":0.2,"x":1.194},{"time":0.3333,"x":1.303,"y":0.984},{"time":0.6}]},"body5":{"rotate":[{},{"time":0.2,"angle":19.78,"curve":"stepped"},{"time":0.3333,"angle":19.78},{"time":0.6}],"scale":[{},{"time":0.2,"x":1.119,"y":1.011},{"time":0.3333,"x":1.241,"y":0.995},{"time":0.6}]},"body6":{"rotate":[{},{"time":0.2,"angle":-15.38,"curve":"stepped"},{"time":0.3333,"angle":-15.38},{"time":0.6}],"scale":[{},{"time":0.2,"x":1.107},{"time":0.3333,"x":1.162,"y":0.984},{"time":0.6}]}},"events":[{"time":0.2,"name":"attack"}]},"idle":{"bones":{"body1":{"translate":[{},{"time":0.3333,"y":-2.42},{"time":0.6667},{"time":1,"y":2.04},{"time":1.3333}],"scale":[{},{"time":0.3333,"x":0.9,"y":1.042},{"time":0.6667},{"time":1,"x":1.118,"y":0.959},{"time":1.3333}]},"body3":{"rotate":[{},{"time":0.3333,"angle":8.44},{"time":0.6667},{"time":1,"angle":-4.3},{"time":1.3333}]},"body4":{"rotate":[{},{"time":0.3333,"angle":-6.18},{"time":0.6667},{"time":1,"angle":6.03},{"time":1.3333}]},"body5":{"rotate":[{},{"time":0.3333,"angle":-5.81},{"time":0.6667},{"time":1,"angle":9.6},{"time":1.3333}]},"body6":{"rotate":[{},{"time":0.3333,"angle":8.6},{"time":0.6667},{"time":1,"angle":-6.68},{"time":1.3333}]}}},"idle_eye":{"slots":{"eye1":{"attachment":[{"time":0.2667,"name":"eye1"},{"time":0.3333,"name":"eye2"},{"time":0.4,"name":"eye1"},{"time":0.4667,"name":null}]}},"bones":{"body1":{"translate":[{},{"time":0.3333,"y":-2.42},{"time":0.6667},{"time":1,"y":2.04},{"time":1.3333}],"scale":[{},{"time":0.3333,"x":0.9,"y":1.042},{"time":0.6667},{"time":1,"x":1.118,"y":0.959},{"time":1.3333}]},"body3":{"rotate":[{},{"time":0.3333,"angle":8.44},{"time":0.6667},{"time":1,"angle":-4.3},{"time":1.3333}]},"body4":{"rotate":[{},{"time":0.3333,"angle":-6.18},{"time":0.6667},{"time":1,"angle":6.03},{"time":1.3333}]},"body5":{"rotate":[{},{"time":0.3333,"angle":-5.81},{"time":0.6667},{"time":1,"angle":9.6},{"time":1.3333}]},"body6":{"rotate":[{},{"time":0.3333,"angle":8.6},{"time":0.6667},{"time":1,"angle":-6.68},{"time":1.3333}]}}}}},[0]]],0,0,[0],[-1],[0]],[[[2,"Spikeweed"],[3,"Spikeweed",[-6,-7],[[-2,[6,false,-5,-4,-3]],1,4],[7,-1,0],[-494,-293,0,0,0,0,1,1,1,1]],[4,"bodyC",5,1,[-8,-9],[0,"aeHMz3TE9MSapVf/EV0PPi",1,0]],[8,2,[0,0,70],[5,100,160]],[9,2,3],[5,"22_plant",1,[-10],[0,"22f7c5/hZDn4cctrEJwT/9",1,0],[5,110.22,45.98],[0,-10,0,0,0,0,1,1,1,1]],[10,"default","idle",0,"idle",5,[0]],[11,1,6]],0,[0,0,1,0,-1,7,0,1,4,0,2,7,0,3,1,0,-1,2,0,-2,5,0,-1,3,0,-2,4,0,-1,6,0,4,1,10],[0,6],[-1,5],[1,2]]]]