[1,["a1yjtJqP9BFqcW3yE44Xwo","7a/QZLET9IDreTiBfRn2PD","0eChVbHYhHppFDZ92DW1Bn"],["root","spine","node","data","_N$skeletonData"],[["cc.PrefabInfo",["fileId","root","asset"],2,1,1],["sp.SkeletonData",["_name","_atlasText","textureNames","_skeletonJson","textures"],-1,3],["cc.Prefab",["_name"],2],["cc.Node",["_name","_children","_components","_prefab"],2,2,9,4],["cc.Node",["_name","_parent","_components","_prefab","_contentSize","_trs"],2,1,2,4,5,7],["b2afbvP8rxKZpOCQLPbuZGR",["aniName","node","spine"],2,1,1],["sp.Skeleton",["defaultSkin","defaultAnimation","_preCacheMode","loop","_animationName","_playTimes","node","_materials"],-3,1,3],["261d4+Q1HdGA5w3tjdBw83c",["node","spineAnimation"],3,1,1]],[[1,0,1,2,3,4,5],[2,0,2],[3,0,1,2,3,2],[4,0,1,2,3,4,5,2],[5,0,1,2,2],[0,1,2,1],[0,0,1,2,2],[6,0,1,2,3,4,5,6,7,7],[7,0,1,1]],[[[[0,"05_plant","\n05_plant.png\nsize: 128,128\nformat: RGBA8888\nfilter: Linear,Linear\nrepeat: none\ntu1\n  rotate: false\n  xy: 2, 78\n  size: 34, 39\n  orig: 50, 56\n  offset: 8, 8\n  index: -1\ntu2\n  rotate: false\n  xy: 38, 4\n  size: 32, 34\n  orig: 50, 52\n  offset: 8, 8\n  index: -1\ntu3\n  rotate: true\n  xy: 40, 46\n  size: 31, 27\n  orig: 50, 41\n  offset: 11, 7\n  index: -1\ntu4\n  rotate: true\n  xy: 38, 79\n  size: 38, 34\n  orig: 50, 48\n  offset: 7, 7\n  index: -1\ntu5\n  rotate: false\n  xy: 2, 40\n  size: 36, 36\n  orig: 50, 47\n  offset: 8, 5\n  index: -1\ntu6\n  rotate: true\n  xy: 2, 2\n  size: 36, 34\n  orig: 50, 48\n  offset: 7, 7\n  index: -1\n",["05_plant.png"],{"skeleton":{"hash":"4daCzzTRidS7S/1GGJh9xbIe0W8","spine":"3.8.99","x":-21.73,"y":-1.43,"width":39.95,"height":22.82},"bones":[{"name":"root"},{"name":"plant","parent":"root","scaleX":0.166,"scaleY":0.166},{"name":"tu1","parent":"plant","x":-61.96,"y":47.38},{"name":"tu6","parent":"plant","x":-80.91,"y":58.31},{"name":"tu5","parent":"plant","x":-41.55,"y":82.37},{"name":"tu4","parent":"plant","x":28.43,"y":76.54},{"name":"tu3","parent":"plant","x":59.77,"y":63.42},{"name":"tu2","parent":"plant","x":5.1,"y":62.69},{"name":"tu7","parent":"plant","x":-80.91,"y":58.31},{"name":"tu8","parent":"plant","x":-41.55,"y":82.37},{"name":"tu9","parent":"plant","x":28.43,"y":76.54},{"name":"tu10","parent":"plant","x":59.77,"y":63.42},{"name":"tu11","parent":"plant","x":5.1,"y":62.69},{"name":"tu12","parent":"plant","x":-61.96,"y":47.38}],"slots":[{"name":"tu1","bone":"tu1","attachment":"tu1"},{"name":"tu12","bone":"tu12","attachment":"tu1"},{"name":"tu2","bone":"tu2","attachment":"tu2"},{"name":"tu11","bone":"tu11","attachment":"tu2"},{"name":"tu3","bone":"tu3","attachment":"tu3"},{"name":"tu10","bone":"tu10","attachment":"tu3"},{"name":"tu4","bone":"tu4","attachment":"tu4"},{"name":"tu9","bone":"tu9","attachment":"tu4"},{"name":"tu5","bone":"tu5","attachment":"tu5"},{"name":"tu8","bone":"tu8","attachment":"tu5"},{"name":"tu6","bone":"tu6","attachment":"tu6"},{"name":"tu7","bone":"tu7","attachment":"tu6"}],"skins":[{"name":"default","attachments":{"tu1":{"tu1":{"width":100,"height":112}},"tu2":{"tu2":{"width":100,"height":104}},"tu3":{"tu3":{"width":100,"height":81}},"tu4":{"tu4":{"width":100,"height":96}},"tu5":{"tu5":{"width":100,"height":93}},"tu6":{"tu6":{"width":100,"height":96}},"tu7":{"tu6":{"width":100,"height":96}},"tu8":{"tu5":{"width":100,"height":93}},"tu9":{"tu4":{"width":100,"height":96}},"tu10":{"tu3":{"width":100,"height":81}},"tu11":{"tu2":{"width":100,"height":104}},"tu12":{"tu1":{"width":100,"height":112}}}}],"animations":{"idle":{"slots":{"tu1":{"color":[{"time":0.3,"color":"ffffffff","curve":0.25,"c3":0.75},{"time":0.4667,"color":"ffffff00"}]},"tu2":{"color":[{"time":0.3333,"color":"ffffffff","curve":0.25,"c3":0.75},{"time":0.4667,"color":"ffffff00"}]},"tu3":{"color":[{"time":0.3,"color":"ffffffff","curve":0.25,"c3":0.75},{"time":0.5,"color":"ffffff00"}]},"tu4":{"color":[{"time":0.3,"color":"ffffffff","curve":0.25,"c3":0.75},{"time":0.5,"color":"ffffff00"}]},"tu5":{"color":[{"time":0.2667,"color":"ffffffff","curve":0.25,"c3":0.75},{"time":0.3667,"color":"ffffff00"}]},"tu6":{"color":[{"time":0.2333,"color":"ffffffff","curve":0.25,"c3":0.75},{"time":0.3333,"color":"ffffff00"}]},"tu7":{"color":[{"time":0.2,"color":"ffffffff","curve":0.25,"c3":0.75},{"time":0.3,"color":"ffffff00"}]},"tu8":{"color":[{"time":0.2667,"color":"ffffffff","curve":0.25,"c3":0.75},{"time":0.3667,"color":"ffffff00"}]},"tu9":{"color":[{"time":0.3667,"color":"ffffffff","curve":0.25,"c3":0.75},{"time":0.5333,"color":"ffffff00"}]},"tu10":{"color":[{"time":0.2333,"color":"ffffffff","curve":0.25,"c3":0.75},{"time":0.3333,"color":"ffffff00"}]},"tu11":{"color":[{"time":0.3,"color":"ffffffff","curve":0.25,"c3":0.75},{"time":0.4333,"color":"ffffff00"}]},"tu12":{"color":[{"time":0.2333,"color":"ffffffff","curve":0.25,"c3":0.75},{"time":0.3333,"color":"ffffff00"}]}},"bones":{"tu6":{"rotate":[{"curve":0.13,"c2":0.23,"c3":0.75},{"time":0.1667,"angle":21.16,"curve":0.242,"c3":0.91,"c4":0.83},{"time":0.3,"angle":48.83}],"translate":[{"x":-39.65,"y":-3.03,"curve":0.13,"c2":0.23,"c3":0.75},{"time":0.1667,"x":-110.99,"y":165.89,"curve":0.242,"c3":0.91,"c4":0.83},{"time":0.3,"x":-140.14,"y":96.26}],"scale":[{"time":0.1667,"curve":0.242,"c3":0.91,"c4":0.83},{"time":0.3,"x":0.792,"y":0.792}]},"tu1":{"rotate":[{"curve":0.13,"c2":0.23,"c3":0.75},{"time":0.2333,"angle":14.15,"curve":0.242,"c3":0.91,"c4":0.83},{"time":0.4333,"angle":64.14}],"translate":[{"x":-2.16,"y":22.2,"curve":0.13,"c2":0.23,"c3":0.75},{"time":0.2333,"x":-60.3,"y":188.47,"curve":0.242,"c3":0.91,"c4":0.83},{"time":0.4333,"x":-129.97,"y":10.79}],"scale":[{"curve":0.13,"c2":0.23,"c3":0.75},{"time":0.2333,"x":1.09,"y":1.09,"curve":0.242,"c3":0.91,"c4":0.83},{"time":0.4333,"x":0.893,"y":0.893}]},"tu4":{"rotate":[{"curve":0.13,"c2":0.23,"c3":0.75},{"time":0.2333,"angle":-15.17,"curve":0.242,"c3":0.91,"c4":0.83},{"time":0.4667,"angle":43.2}],"translate":[{"x":10.17,"y":-1.37,"curve":0.13,"c2":0.23,"c3":0.75},{"time":0.2333,"x":39.58,"y":265.67,"curve":0.242,"c3":0.91,"c4":0.83},{"time":0.4667,"x":28.97,"y":164.46}],"scale":[{"curve":0.13,"c2":0.23,"c3":0.75},{"time":0.2333,"x":1.02,"y":1.02,"curve":0.242,"c3":0.91,"c4":0.83},{"time":0.4667,"x":0.845,"y":0.845}]},"tu3":{"rotate":[{"curve":0.13,"c2":0.23,"c3":0.75},{"time":0.2333,"angle":-20.68,"curve":0.242,"c3":0.91,"c4":0.83},{"time":0.4667,"angle":-78.72}],"translate":[{"x":26.69,"y":4.57,"curve":0.13,"c2":0.23,"c3":0.75},{"time":0.2333,"x":148.56,"y":174.49,"curve":0.242,"c3":0.91,"c4":0.83},{"time":0.4667,"x":184.71,"y":4.13}],"scale":[{"curve":0.13,"c2":0.23,"c3":0.75},{"time":0.2333,"x":1.057,"y":1.057,"curve":0.242,"c3":0.91,"c4":0.83},{"time":0.4667,"x":0.91,"y":0.91}]},"tu5":{"rotate":[{"time":0.2,"curve":0.242,"c3":0.91,"c4":0.83},{"time":0.3333,"angle":-11.4}],"translate":[{"x":49.89,"y":-58.02,"curve":0.13,"c2":0.23,"c3":0.75},{"time":0.2,"x":70.63,"y":187.14,"curve":0.242,"c3":0.91,"c4":0.83},{"time":0.3333,"x":86.05,"y":149.55}],"scale":[{"x":0.827,"y":0.827,"curve":"stepped"},{"time":0.2,"x":0.827,"y":0.827,"curve":0.242,"c3":0.91,"c4":0.83},{"time":0.3333,"x":0.727,"y":0.727}]},"tu2":{"rotate":[{"curve":0.13,"c2":0.23,"c3":0.75},{"time":0.2667,"angle":12.99,"curve":0.242,"c3":0.91,"c4":0.83},{"time":0.4333,"angle":61.29}],"translate":[{"x":-39.93,"y":-24.61,"curve":0.13,"c2":0.23,"c3":0.75},{"time":0.2667,"x":-73.63,"y":293.15,"curve":0.242,"c3":0.91,"c4":0.83},{"time":0.4333,"x":-100.62,"y":223.99}],"scale":[{"time":0.2667,"curve":0.242,"c3":0.91,"c4":0.83},{"time":0.4333,"x":0.896,"y":0.896}]},"tu7":{"rotate":[{"angle":-172.53,"curve":0.13,"c2":0.23,"c3":0.75},{"time":0.1667,"angle":157.44,"curve":0.242,"c3":0.91,"c4":0.83},{"time":0.2667,"angle":111.77}],"translate":[{"x":174.85,"y":-4.29,"curve":0.13,"c2":0.23,"c3":0.75},{"time":0.1667,"x":213.66,"y":195.34,"curve":0.242,"c3":0.91,"c4":0.83},{"time":0.2667,"x":233.42,"y":147.17}],"scale":[{"x":0.687,"y":0.687}]},"tu8":{"rotate":[{"time":0.2,"curve":0.242,"c3":0.91,"c4":0.83},{"time":0.3333,"angle":-18.85}],"translate":[{"x":97,"y":-25.88,"curve":0.13,"c2":0.23,"c3":0.75},{"time":0.2,"x":156.41,"y":236.9,"curve":0.242,"c3":0.91,"c4":0.83},{"time":0.3333,"x":179.87,"y":150.45}],"scale":[{"x":0.827,"y":0.827,"curve":"stepped"},{"time":0.2,"x":0.827,"y":0.827,"curve":0.242,"c3":0.91,"c4":0.83},{"time":0.3333,"x":0.721,"y":0.721}]},"tu9":{"rotate":[{"angle":-172.53,"curve":"stepped"},{"time":0.2,"angle":-172.53,"curve":0.242,"c3":0.91,"c4":0.83},{"time":0.5,"angle":-134.14}],"translate":[{"x":-38.03,"y":-17.04,"curve":0.13,"c2":0.23,"c3":0.75},{"time":0.2,"x":-40.46,"y":248.81,"curve":0.242,"c3":0.91,"c4":0.83},{"time":0.5,"x":-104.08,"y":61.94}],"scale":[{"x":0.687,"y":0.687,"curve":0.13,"c2":0.23,"c3":0.75},{"time":0.2,"x":0.837,"y":0.837,"curve":0.242,"c3":0.91,"c4":0.83},{"time":0.5,"x":0.639,"y":0.639}]},"tu10":{"rotate":[{"angle":-172.53,"curve":0.13,"c2":0.23,"c3":0.75},{"time":0.1667,"angle":-159.3,"curve":0.242,"c3":0.91,"c4":0.83},{"time":0.3,"angle":-145.29}],"translate":[{"x":-181.12,"y":-31.05,"curve":0.13,"c2":0.23,"c3":0.75},{"time":0.1667,"x":-253.84,"y":82.14,"curve":0.242,"c3":0.91,"c4":0.83},{"time":0.3,"x":-294.59,"y":11.75}],"scale":[{"x":0.687,"y":0.687}]},"tu11":{"rotate":[{"angle":-172.53,"curve":"stepped"},{"time":0.2333,"angle":-172.53,"curve":0.242,"c3":0.91,"c4":0.83},{"time":0.3667,"angle":-145.63}],"translate":[{"x":-87.67,"y":20.25,"curve":0.13,"c2":0.23,"c3":0.75},{"time":0.2333,"x":-129.83,"y":261.32,"curve":0.242,"c3":0.91,"c4":0.83},{"time":0.3667,"x":-149.59,"y":223.03}],"scale":[{"x":0.687,"y":0.687}]},"tu12":{"rotate":[{"angle":-172.53,"curve":0.13,"c2":0.23,"c3":0.75},{"time":0.1667,"angle":169.85,"curve":0.242,"c3":0.91,"c4":0.83},{"time":0.3,"angle":149.9}],"translate":[{"x":136.58,"y":30.74,"curve":0.13,"c2":0.23,"c3":0.75},{"time":0.1667,"x":217.86,"y":143.84,"curve":0.242,"c3":0.91,"c4":0.83},{"time":0.3,"x":238.48,"y":104.03}],"scale":[{"x":0.687,"y":0.687}]}}}}},[0]]],0,0,[0],[-1],[0]],[[[1,"PlantEffect"],[2,"PlantEffect",[-4],[[4,"idle",-3,-2]],[5,-1,0]],[3,"05_plant",1,[-5,-6],[6,"d2ZkMsQ8tHZrIVvlr6DOVU",1,0],[5,39.95,22.82],[0,-10,0,0,0,0,1,1,1,1]],[7,"default","idle",0,false,"idle",1,2,[0]],[8,2,3]],0,[0,0,1,0,1,4,0,2,1,0,-1,2,0,-1,3,0,-2,4,0,3,1,6],[0,3],[-1,4],[1,2]]]]