[1,["ecpdLyjvZBwrvm+cedCcQy","caohSHbS5GEIzmwCrnMGn5","25jqjYaT1LPrUQdI7moVXP","7bTQ58jUZGvKcKBsfxZ6VU","7a/QZLET9IDreTiBfRn2PD","7f77mB2w1AnK/TDboDKVjB","1bUxcYRkhNyYdtNbPX0Use","62zkezVfNCB4ltKt45rBjd","00o3k8g8RGpIco483xFpSH","55oZ8xH3dEL42BVRu4HAqT","4bE+axObZDEqHDOQ0i1xxW","708mB27VhLXY4M4nhHZFRI","e5uvy9DXhIXbmrssNvSFJy","90fS1YrhVA8oHL/sKWF4Yn","bcgmU2ddBDFKnjI3/2o0Ls","3dfZgFvIBKWazxILjQmfv2","8euK8kl3lAIJs2tbY2ywBA","deTxPBeOVMxLsNlR1JRzXO","2dpCw2mG5G1Y6jj2fagc0k","faUENlvPJJD4WyZq7maajf","f5gSJkRdNF1ryMpsXVaTpb","f0enFH5oRIHaJNlrQsZN5S","b8TPRxn05ND691GmcYZ2s8","38PhdP7u5IZof6eaPjuRBR","5f6nbmEBJOQIUbYYQgezui","f8EXzBw+lO17lSx+YU1k6a","e3CI6VznJK44Nh8qso48pt","d25VhDsKhP64E/ei7HXvSx","96nr8qscdDb7PBCRYCai8b","ffPhBTLU1BxbDvJnHNePJO","2bplaEjn5HKYTlv+sEeJRn","02O+0dlppJxqUqyBlDcUcx","6eD1faDxVFV7z592hdEfM1","d6HLJPSHdJ3IXQFqCZ8uDn","4eSJWQyPdKo5o15RHXdtDE","81b7FjBRpJvaOZq2o2CDT2","4a3oodILtFU5P4UD2bQ5L6","6cz747x0RJOJUsvjj9TE6h","f0z+ZajKhHbZYiOOfbn8ep","2dh2BKKddIYYFU1Gsbr2pb","5aalEjxDdKdrNa7bJxf8La","4dpHzTe4JI6p8P1Mcv4yeg","a8IA3lvBtI+5HUoIYVMQxJ","ca3KlWTT5DRonWD2FGCITl","8a4DHZ69lCgpsbPXyuu0zP","8cosxEsvFHJp33SgwbL1LU","713gKYRY5DwqNEDj7JQusm"],["node","_textureSetter","_spriteFrame","_N$file","root","data","_N$skeletonData","_N$normalSprite","_N$pressedSprite","_N$hoverSprite","_N$disabledSprite","diamond","continueNode","word","dialogNode","rightLightBtn","leftLightBtn","shopContent","dave","mainBtn","mainBtnNode","coin","nightbackWindow","nightWindow","backCarCloseDoor","backCarDoor","backCarNode","bg","_parent","itemPrefab","itemName","comingNode","soldNode","plantIcon","plantCard","itemIcon","price","target"],["cc.SpriteFrame",["cc.Node",["_name","_active","_prefab","_components","_parent","_contentSize","_trs","_children","_color","_anchorPoint"],1,4,9,1,5,7,2,5,5],["cc.Node",["_name","_parent","_components","_prefab","_contentSize","_trs","_color","_anchorPoint"],2,1,2,4,5,7,5,5],["cc.Sprite",["_sizeMode","_isTrimmedMode","_type","node","_materials","_spriteFrame"],0,1,3,6],["cc.Label",["_string","_N$horizontalAlign","_N$verticalAlign","_fontSize","_lineHeight","_isSystemFontUsed","_styleFlags","node","_materials","_N$file"],-4,1,3,6],["cc.PrefabInfo",["fileId","root","asset"],2,1,1],["cc.Button",["_N$transition","node","clickEvents"],2,1,9],["sp.Skeleton",["defaultSkin","defaultAnimation","_preCacheMode","_animationName","node","_materials","_N$skeletonData"],-1,1,3,6],["cc.Prefab",["_name"],2],["cc.Node",["_name","_parent","_components","_prefab","_contentSize","_trs"],2,1,12,4,5,7],["cc.Widget",["_alignFlags","node"],2,1],["cc.BlockInputEvents",["node"],3,1],["33f42AEVkRP07M+oYZJtsjF",["node","bg","bgFrames","backCarNode","backCarDoor","backCarCloseDoor","nightWindow","nightbackWindow","coin","mainBtnNode","mainBtn","mainBtnFrames","dave","shopContent","leftLightBtn","rightLightBtn","dialogNode","word","continueNode","diamond","itemPrefab"],3,1,1,3,1,1,1,1,1,1,1,1,3,1,1,1,1,1,1,1,1,6],["cc.ClickEvent",["_componentId","handler","target"],1,1],["cc.LabelOutline",["_width","node","_color"],2,1,5],["261d4+Q1HdGA5w3tjdBw83c",["node","spineAnimation"],3,1,1],["945eaXxxrdJMqWmnEpN5n5u",["node","price","itemIcon","plantCard","plantIcon","soldNode","comingNode","itemName"],3,1,1,1,1,1,1,1,1]],[[5,0,1,2,2],[3,3,4,5,1],[1,0,4,3,2,5,6,2],[13,0,1,2,3],[6,0,1,2,2],[14,0,1,2,2],[1,0,4,7,3,2,5,6,2],[9,0,1,2,3,4,5,2],[2,0,1,2,3,4,5,2],[3,3,4,1],[4,0,3,4,5,1,2,7,8,9,7],[8,0,2],[1,0,7,3,2,5,6,2],[1,0,4,7,3,2,5,2],[1,0,4,3,2,8,5,6,2],[1,0,1,4,3,2,8,5,6,3],[2,0,1,2,3,6,4,5,2],[10,0,1,2],[5,1,2,1],[3,2,0,1,3,4,5,4],[4,0,3,4,5,1,2,7,8,7],[1,0,4,7,2,2],[1,0,1,4,3,2,6,3],[1,0,4,2,2],[1,0,7,3,2,5,9,6,2],[1,0,4,7,3,2,5,9,6,2],[2,0,1,2,3,4,2],[2,0,1,2,3,6,4,7,5,2],[2,0,1,2,3,4,7,5,2],[11,0,1],[12,0,1,2,3,4,5,6,7,8,9,10,11,12,13,14,15,16,17,18,19,20,1],[3,0,1,3,4,5,3],[3,0,1,3,4,3],[6,1,2,1],[4,0,5,1,2,7,8,9,5],[4,0,3,4,1,2,7,8,6],[4,0,3,4,5,6,1,2,7,8,8],[7,0,1,2,3,4,5,6,5],[7,0,1,2,3,4,5,5],[15,0,1,1],[16,0,1,2,3,4,5,6,7,1]],[[[{"name":"r_car_light","rect":[0,0,189,116],"offset":[0,0],"originalSize":[189,116],"capInsets":[0,0,0,0]}],[0],0,[0],[1],[7]],[[{"name":"main_txt","rect":[0,0,165,64],"offset":[0,0],"originalSize":[165,64],"capInsets":[0,0,0,0]}],[0],0,[0],[1],[8]],[[{"name":"l_car_light1","rect":[0,0,133,103],"offset":[0,0],"originalSize":[133,103],"capInsets":[0,0,0,0]}],[0],0,[0],[1],[9]],[[{"name":"r_car_light2","rect":[0,0,189,115],"offset":[0,0],"originalSize":[189,115],"capInsets":[0,0,0,0]}],[0],0,[0],[1],[10]],[[{"name":"buy_btn","rect":[0,0,331,74],"offset":[0,0],"originalSize":[331,74],"capInsets":[0,0,0,0]}],[0],0,[0],[1],[11]],[[{"name":"back_card_door","rect":[0,0,446,134],"offset":[0,0],"originalSize":[446,134],"capInsets":[0,0,0,0]}],[0],0,[0],[1],[12]],[[[11,"ShopView"],[12,"ShopView",[-22,-23,-24,-25,-26,-27,-28,-29,-30,-31],[[17,45,-2],[29,-3],[30,-21,-20,[37,38],-19,-18,-17,-16,-15,-14,-13,-12,[39,40],-11,-10,-9,-8,-7,-6,-5,-4,41]],[18,-1,0],[5,1280,720],[640,360,0,0,0,0,1,1,1,1]],[21,"back_car",1,[-32,-33,-34,-35,-36,-37],[0,"bbh8MFWhxEDK6+1P+gXXeu",1,0]],[12,"dialog_board",[-39,-40,-41],[[19,1,0,false,-38,[20],21]],[0,"b4ojgDCWRKl7eElhpymRDK",1,0],[5,380,360],[-288,160,0,0,0,0,1,1,1,1]],[6,"main_btn",1,[-44],[[1,-42,[29],30],[4,3,-43,[[3,"33f42AEVkRP07M+oYZJtsjF","clickMainView",1]]]],[0,"d9lJFbaN1DMZs83JfZuFnJ",1,0],[5,212,122],[76,-279,0,0,0,0,1,1,1,0]],[13,"dialog_node",1,[3],[[17,45,-45]],[0,"a3bm7b8ShDbZvS61HM5pne",1,0],[5,1280,720]],[6,"coin_node",1,[-47,-48],[[19,1,0,false,-46,[26],27]],[0,"f8h63DxtdDNKr4OD+Ww7UK",1,0],[5,290,60],[372,-292,0,0,0,0,1,1,1,1]],[6,"buy_btn",1,[-51],[[1,-49,[33],34],[4,3,-50,[[3,"33f42AEVkRP07M+oYZJtsjF","clickBuyMoreCoin",1]]]],[0,"6aZhHivglGfoKShsAr+23g",1,0],[5,331,74],[-416,-298,0,0,0,0,1,1,1,0]],[2,"night_window",1,[[1,-52,[3],4]],[0,"b02yVFaMhNIoX5ThM7QAsY",1,0],[5,311,260],[611,75,0,0,0,0,1,1,1,1]],[2,"back_car_door",2,[[1,-53,[5],6]],[0,"5dli24sCRKP71vdTgxD0PO",1,0],[5,446,134],[263,293,0,0,0,0,1,1,1,1]],[7,"l_car_light",2,[[[1,-54,[7],8],-55],4,1],[0,"9amN4RDSFPe5xkts9xna5l",1,0],[5,133,103],[-57,-136,0,0,0,0,1,1,1,1]],[7,"r_car_light",2,[[[1,-56,[9],10],-57],4,1],[0,"a2E8JQVmRAyZgH3zoWnRWl",1,0],[5,189,115],[449,-146,0,0,0,0,1,1,1,1]],[2,"close_door",2,[[1,-58,[11],12]],[0,"a6GYOvl4RNCbV2SytCN2oY",1,0],[5,639,444],[208,38,0,0,0,0,1,1,1,1]],[2,"night_back_card_door",2,[[1,-59,[13],14]],[0,"71YSXYc1ZHL5TH4Q8FQII0",1,0],[5,522,233],[256,99,0,0,0,0,1,1,1,1]],[14,"continue",3,[[10,"点击继续",33,36,false,1,1,-60,[17],18]],[0,"e4EkzA60RACo+SJ4zHls8H",1,0],[4,4278190080],[5,132,45.36],[-7,-134,0,0,0,0,1,1,1,1]],[8,"Dave",1,[-61,-62],[0,"9d7KyGj85Be7ae26k6RVRt",1,0],[5,380.33,947.75],[-468,-400,0,0,0,0,1,1,1,1]],[14,"txt",7,[[34,"购买更多硬币",false,1,1,-63,[31],32],[5,2,-64,[4,4283910912]]],[0,"f2gs8rTT9OJaH2kN0H0C3t",1,0],[4,4294301194],[5,244,54.4],[4,0,0,0,0,0,1,1,1,1]],[22,"diamond",false,1,[[37,"default","pr1_1",0,"pr1_1",-65,[35],36]],[0,"78X6Xua7lD1rDTZ9EWsvX6",1,0],[281,-288,0,0,0,0,1,1,1,1]],[26,"day_shop_bg",1,[-66],[0,"f4kbS4faRJ/7qmSQf1HVQ7",1,0],[5,1680,720]],[9,18,[0]],[2,"car",1,[[1,-67,[1],2]],[0,"f8voWRrbdJLaO67kTYm9KY",1,0],[5,1035,642],[321,-39,0,0,0,0,1,1,1,1]],[4,2,10,[[3,"33f42AEVkRP07M+oYZJtsjF","clickPrePage",1]]],[4,2,11,[[3,"33f42AEVkRP07M+oYZJtsjF","clickNextPage",1]]],[23,"ShopContent",2,[0,"eaigrp3xNIbphzmckD2JFk",1,0]],[2,"dialog_board_2",3,[[1,-68,[15],16]],[0,"beyv3y2j9N0qe1HauFgEUO",1,0],[5,60,41],[-86,-197.1,0,0,0,0,1,1,1,1]],[16,"tip",3,[-69],[0,"14riT/lOxMMYu40kkYqCwD",1,0],[4,4278190080],[5,360,113],[4,58.193,0,0,0,0,1,1,1,1]],[20,"现在出发！\n给我赢个冠军回来！！",36,50,false,1,1,25,[19]],[38,"default","1enter1",0,"1enter1",15,[22]],[39,15,27],[2,"coin_icon",6,[[1,-70,[23],24]],[0,"83sTyQ+ulM5qdnJ8BY5mab",1,0],[5,65,73],[-99,5,0,0,0,0,1,1,1,1]],[27,"coin_count",6,[-71],[0,"f2Q0Yj/99PvZomPxLkpvXT",1,0],[4,4283689900],[5,153.21,40.32],[0,1,0.5],[123,1,0,0,0,0,1,1,1,1]],[35,"123,123456",29,32,1,1,30,[25]],[8,"main_txt",4,[-72],[0,"adOrNMsABEH7dGYE9PDriF",1,0],[5,165,64],[-11,-1,0,0,0,0,1,1,1,1]],[9,32,[28]]],0,[0,4,1,0,0,1,0,0,1,0,11,17,0,12,14,0,13,26,0,14,5,0,15,22,0,16,21,0,17,23,0,18,28,0,19,33,0,20,4,0,21,31,0,22,13,0,23,8,0,24,12,0,25,9,0,26,2,0,27,19,0,0,1,0,-1,18,0,-2,20,0,-3,8,0,-4,2,0,-5,5,0,-6,15,0,-7,6,0,-8,4,0,-9,7,0,-10,17,0,-1,9,0,-2,10,0,-3,11,0,-4,23,0,-5,12,0,-6,13,0,0,3,0,-1,24,0,-2,14,0,-3,25,0,0,4,0,0,4,0,-1,32,0,0,5,0,0,6,0,-1,29,0,-2,30,0,0,7,0,0,7,0,-1,16,0,0,8,0,0,9,0,0,10,0,-2,21,0,0,11,0,-2,22,0,0,12,0,0,13,0,0,14,0,-1,27,0,-2,28,0,0,16,0,0,16,0,0,17,0,-1,19,0,0,20,0,0,24,0,-1,26,0,0,29,0,-1,31,0,-1,33,0,5,1,3,28,5,72],[0,0,0,0,0,0,0,0,0,0,0,0,0,0,0,0,0,0,0,0,0,0,0,0,0,0,0,0,0,0,0,0,0,0,0,0,0,0,0,0,0,0,19,21,21,21,21,22,22,22,22,26,27,33],[-1,-1,2,-1,2,-1,2,-1,2,-1,2,-1,2,-1,2,-1,2,-1,3,-1,-1,2,-1,-1,2,-1,-1,2,-1,-1,2,-1,3,-1,2,-1,6,-1,-2,-1,-2,29,2,7,8,9,10,7,8,9,10,3,6,2],[0,0,13,0,14,0,15,0,2,0,3,0,16,0,17,0,18,0,1,0,0,19,4,0,20,0,0,21,0,0,22,0,1,0,23,4,24,25,5,6,26,27,5,2,28,2,29,3,30,3,31,1,32,6]],[[{"name":"r_car_light1","rect":[0,0,189,115],"offset":[0,0],"originalSize":[189,115],"capInsets":[0,0,0,0]}],[0],0,[0],[1],[33]],[[{"name":"night_shop_bg","rect":[0,0,1680,720],"offset":[0,0],"originalSize":[1680,720],"capInsets":[0,0,0,0]}],[0],0,[0],[1],[34]],[[{"name":"close_door","rect":[0,0,639,444],"offset":[0,0],"originalSize":[639,444],"capInsets":[0,0,0,0]}],[0],0,[0],[1],[35]],[[{"name":"open_car","rect":[0,0,1035,642],"offset":[0,0],"originalSize":[1035,642],"capInsets":[0,0,0,0]}],[0],0,[0],[1],[36]],[[{"name":"l_car_light2","rect":[0,0,133,103],"offset":[0,0],"originalSize":[133,103],"capInsets":[0,0,0,0]}],[0],0,[0],[1],[37]],[[{"name":"main_btn","rect":[0,0,212,122],"offset":[0,0],"originalSize":[212,122],"capInsets":[0,0,0,0]}],[0],0,[0],[1],[38]],[[{"name":"night_window","rect":[0,0,311,260],"offset":[0,0],"originalSize":[311,260],"capInsets":[0,0,0,0]}],[0],0,[0],[1],[39]],[[[11,"ShopItem"],[24,"ShopItem",[-12,-13,-14,-15,-16,-17],[[40,-9,-8,-7,-6,-5,-4,-3,-2],[33,-11,[[3,"945eaXxxrdJMqWmnEpN5n5u","click",-10]]]],[18,-1,0],[5,114,150],[0,0.5,0.15],[333,85,0,0,0,0,1,1,1,1]],[25,"card_bg",1,[-19],[[1,-18,[2],3]],[0,"26Dq2PJptB1rOIs1ws8wj9",1,0],[5,136,75],[0,0,1],[-55,94,0,0,0,0,1,0.81,0.8,1]],[15,"sold",false,1,[[10,"已售\n出",35,38,false,1,1,-20,[7],8],[5,2,-21,[4,4278782293]]],[0,"eaOkOGktFEOK7E3M/Rf7UZ",1,0],[4,4279966719],[5,74,89.88],[-1,74,0,0,0,0,1,1,1,1]],[15,"coming",false,1,[[10,"即将\n推出",35,38,false,1,1,-22,[9],10],[5,2,-23,[4,4278782293]]],[0,"badueU79pCaKG/+AHvSmDa",1,0],[4,4279966719],[5,74,89.88],[-1,74,0,0,0,0,1,1,1,1]],[13,"price_bg",1,[-25],[[31,0,false,-24,[5],6]],[0,"6bEzapnlpJw6mWolSOgyrq",1,0],[5,114,41]],[7,"txt",1,[[-26,[5,2,-27,[4,4278190080]]],1,4],[0,"80y6gu6gVL+ovymH8SINxq",1,0],[5,94,78.58],[0,75,0,0,0,0,1,1,1,1]],[8,"pool_clean_car",1,[-28],[0,"d1PEXfeDhFD7/MBsfGSZjY",1,0],[5,112,108],[-5,66,0,0,0,0,1,1,1,1]],[9,7,[0]],[28,"Icon",2,[-29],[0,"00E2+P2IBAP5b/X2KL1xxT",1,0],[5,128,68],[0,0,1],[0,4,0,0,0,0,1,1,1,1]],[32,0,false,9,[1]],[16,"price",5,[-30],[0,"bfDO/MQ7hDOKvIInuio2BP",1,0],[4,4278190080],[5,59.14,40.32],[-1,-3,0,0,0,0,1,1,1,1]],[36,"1000",28,32,false,1,1,1,11,[4]],[20,"7\n卡片槽",30,33,false,1,1,6,[11]]],0,[0,4,1,0,30,13,0,31,4,0,32,3,0,33,10,0,34,2,0,35,8,0,36,12,0,0,1,0,37,1,0,0,1,0,-1,7,0,-2,2,0,-3,5,0,-4,3,0,-5,4,0,-6,6,0,0,2,0,-1,9,0,0,3,0,0,3,0,0,4,0,0,4,0,0,5,0,-1,11,0,-1,13,0,0,6,0,-1,8,0,-1,10,0,-1,12,0,5,1,30],[0,0,0,0,0,0,0,0,0,0,0,0,12,13],[-1,-1,-1,2,-1,-1,2,-1,3,-1,3,-1,3,3],[0,0,0,40,0,0,41,0,1,0,1,0,1,1]],[[{"name":"night_back_card_door","rect":[0,0,522,233],"offset":[0,0],"originalSize":[522,233],"capInsets":[0,0,0,0]}],[0],0,[0],[1],[42]],[[{"name":"continue_txt","rect":[0,0,112,64],"offset":[0,0],"originalSize":[112,64],"capInsets":[0,0,0,0]}],[0],0,[0],[1],[43]],[[{"name":"coin_icon","rect":[0,0,65,73],"offset":[0,0],"originalSize":[65,73],"capInsets":[0,0,0,0]}],[0],0,[0],[1],[44]],[[{"name":"day_shop_bg","rect":[0,0,1680,720],"offset":[0,0],"originalSize":[1680,720],"capInsets":[0,0,0,0]}],[0],0,[0],[1],[45]],[[{"name":"l_car_light","rect":[0,0,133,103],"offset":[0,0],"originalSize":[133,103],"capInsets":[0,0,0,0]}],[0],0,[0],[1],[46]]]]