[1,["e3Na6WdjJK9LpgWa8SaKIQ","ecpdLyjvZBwrvm+cedCcQy","7e0Np8j/xNzYmhxjsFbWAz","70jpyByAhBQYGHo+r4gp9/"],["root","mask","body","animation","node","data","_N$skeletonData"],[["cc.Node",["_name","_groupIndex","_parent","_components","_prefab","_contentSize","_trs"],1,1,2,4,5,7],["cc.PrefabInfo",["fileId","root","asset"],2,1,1],["cc.Prefab",["_name"],2],["cc.Node",["_name","_children","_components","_prefab","_contentSize","_anchorPoint"],2,2,12,4,5,5],["e72a1SeCnFGirdVMv2VJly8",["attackAniName","deathAniName","idleAniName","aniName","node","animation","body","shadowOffset","mask"],-1,1,1,1,5,1],["sp.Skeleton",["defaultSkin","defaultAnimation","_preCacheMode","_animationName","node","_materials"],-1,1,3],["261d4+Q1HdGA5w3tjdBw83c",["activeFlash","node","spineAnimation"],2,1,1],["cc.BoxCollider",["node","_offset","_size"],3,1,5,5],["b1abdSI13NE76lu3aJ+NI5X",["node","body"],3,1,1],["cc.Mask",["node","_materials"],3,1,3],["sp.SkeletonData",["_name","_atlasText","textureNames","_skeletonJson","textures"],-1,3]],[[1,0,1,2,2],[2,0,2],[3,0,1,2,3,4,5,2],[0,0,2,3,4,5,2],[0,0,1,2,3,4,6,3],[4,0,1,2,3,4,5,6,7,8,5],[1,1,2,1],[5,0,1,2,3,4,5,5],[6,0,1,2,2],[7,0,1,2,1],[8,0,1,1],[9,0,1,1],[10,0,1,2,3,4,5]],[[[[1,"DolphinRiderZombie"],[2,"DolphinRiderZombie",[-7,-8],[[[5,["attack"],["die"],["idle"],["daiji","zou","kenyao","death"],-5,-4,-3,[0,0,6],-2],-6],4,1],[6,-1,0],[5,200,200],[0,0.5,0.05]],[3,"Zombie_dolphinrider",1,[-9,-10],[0,"aeZ37BCaBGYogU2SB2q+BV",1,0],[5,121.6,136.16]],[4,"BodyC",2,1,[-11,-12],[0,"25lDa6DHVJVoHRV7r+S5Eo",1,0],[-10,0,0,0,0,0,1,1,1,1]],[7,"biaoqing1","idle",0,"idle",2,[0]],[8,true,2,4],[9,3,[0,-10,65],[5,110,130]],[10,3,6],[11,1,[1]]],0,[0,0,1,0,1,8,0,2,7,0,3,5,0,4,1,0,-2,8,0,-1,2,0,-2,3,0,-1,4,0,-2,5,0,-1,6,0,-2,7,0,5,1,12],[0,0,4],[-1,-1,6],[0,1,2]],[[[12,"Zombie_dolphinrider","\nZombie_dolphinrider.png\nsize: 512,128\nformat: RGBA8888\nfilter: Linear,Linear\nrepeat: none\nhaitun\n  rotate: false\n  xy: 2, 40\n  size: 128, 86\n  orig: 128, 86\n  offset: 0, 0\n  index: -1\nhaitunzui\n  rotate: false\n  xy: 313, 28\n  size: 23, 21\n  orig: 23, 21\n  offset: 0, 0\n  index: -1\nkua\n  rotate: true\n  xy: 202, 10\n  size: 31, 30\n  orig: 31, 44\n  offset: 0, 14\n  index: -1\nshenti\n  rotate: false\n  xy: 230, 47\n  size: 49, 50\n  orig: 49, 50\n  offset: 0, 0\n  index: -1\nshetou\n  rotate: false\n  xy: 350, 35\n  size: 13, 23\n  orig: 13, 23\n  offset: 0, 0\n  index: -1\ntou1\n  rotate: true\n  xy: 132, 43\n  size: 54, 48\n  orig: 60, 48\n  offset: 5, 0\n  index: -1\ntou2\n  rotate: true\n  xy: 182, 43\n  size: 54, 46\n  orig: 54, 47\n  offset: 0, 0\n  index: -1\ntoutao\n  rotate: false\n  xy: 281, 51\n  size: 52, 46\n  orig: 52, 46\n  offset: 0, 0\n  index: -1\nwave2\n  rotate: false\n  xy: 2, 11\n  size: 167, 27\n  orig: 167, 30\n  offset: 0, 0\n  index: -1\nwave3\n  rotate: false\n  xy: 132, 99\n  size: 164, 27\n  orig: 167, 30\n  offset: 3, 0\n  index: -1\nxiaba\n  rotate: false\n  xy: 330, 102\n  size: 33, 24\n  orig: 33, 24\n  offset: 0, 0\n  index: -1\nyoudabi\n  rotate: true\n  xy: 340, 4\n  size: 8, 31\n  orig: 8, 31\n  offset: 0, 0\n  index: -1\nyoudatui\n  rotate: true\n  xy: 280, 27\n  size: 18, 31\n  orig: 19, 32\n  offset: 1, 1\n  index: -1\nyoujiao\n  rotate: false\n  xy: 267, 7\n  size: 36, 17\n  orig: 36, 17\n  offset: 0, 0\n  index: -1\nyoushou\n  rotate: false\n  xy: 365, 105\n  size: 20, 21\n  orig: 20, 21\n  offset: 0, 0\n  index: -1\nyouxiaobi\n  rotate: true\n  xy: 340, 14\n  size: 11, 28\n  orig: 11, 28\n  offset: 0, 0\n  index: -1\nyouxiaotui\n  rotate: true\n  xy: 234, 2\n  size: 22, 31\n  orig: 22, 31\n  offset: 0, 0\n  index: -1\nyouyan\n  rotate: false\n  xy: 385, 89\n  size: 13, 14\n  orig: 14, 14\n  offset: 0, 0\n  index: -1\nyouyanzhu\n  rotate: false\n  xy: 2, 5\n  size: 4, 4\n  orig: 4, 4\n  offset: 0, 0\n  index: -1\nyuqi1\n  rotate: false\n  xy: 358, 83\n  size: 25, 17\n  orig: 25, 17\n  offset: 0, 0\n  index: -1\nyuqi2\n  rotate: true\n  xy: 364, 69\n  size: 12, 23\n  orig: 12, 23\n  offset: 0, 0\n  index: -1\nzuishou\n  rotate: false\n  xy: 298, 99\n  size: 30, 27\n  orig: 30, 27\n  offset: 0, 0\n  index: -1\nzuodabi\n  rotate: true\n  xy: 171, 7\n  size: 34, 29\n  orig: 34, 45\n  offset: 0, 16\n  index: -1\nzuodatui\n  rotate: true\n  xy: 335, 60\n  size: 16, 27\n  orig: 16, 31\n  offset: 0, 4\n  index: -1\nzuojiao\n  rotate: false\n  xy: 234, 26\n  size: 44, 19\n  orig: 44, 19\n  offset: 0, 0\n  index: -1\nzuoxiaobi\n  rotate: false\n  xy: 338, 27\n  size: 10, 31\n  orig: 10, 31\n  offset: 0, 0\n  index: -1\nzuoxiaotui\n  rotate: true\n  xy: 305, 2\n  size: 23, 33\n  orig: 23, 33\n  offset: 0, 0\n  index: -1\nzuoyan\n  rotate: true\n  xy: 335, 78\n  size: 22, 21\n  orig: 22, 21\n  offset: 0, 0\n  index: -1\nzuoyanzhu\n  rotate: false\n  xy: 8, 5\n  size: 3, 4\n  orig: 4, 4\n  offset: 1, 0\n  index: -1\n",["Zombie_dolphinrider.png"],{"skeleton":{"hash":"I46F3bC8Qx7KDCwnRREFQqxBKXI","spine":"3.8.99","x":-55.88,"y":-2.6,"width":119.1,"height":136.16,"images":"./images/","audio":"E:/植物大战僵尸202403062055/第三关/Zombie_dolphinrider"},"bones":[{"name":"root","scaleX":0.5,"scaleY":0.5},{"name":"zong","parent":"root","x":-0.64,"y":-19.18},{"name":"kua","parent":"zong","x":11.75,"y":142.73,"color":"ff9016ff"},{"name":"zuodatui","parent":"kua","length":39.4,"rotation":-97.04,"x":9.95,"y":-17.88,"color":"22ff52ff"},{"name":"zuoxiaotui","parent":"zuodatui","length":49.89,"rotation":34.2,"x":39.37,"y":0.23,"color":"21ff51ff"},{"name":"youdatui","parent":"kua","length":34.64,"rotation":-75.78,"x":-15.58,"y":-14.66,"color":"9625ffff"},{"name":"youxiaotui","parent":"youdatui","length":41.69,"rotation":-45.46,"x":34.47,"y":-1.62,"color":"9624ffff"},{"name":"shenti","parent":"kua","length":40.7,"rotation":121.07,"x":-2.87,"y":5.03,"color":"ff9016ff"},{"name":"shenti1","parent":"shenti","length":30.14,"rotation":5.38,"x":41.43,"y":-0.27,"color":"ff2d2dff"},{"name":"zuodabi2","parent":"shenti1","length":47.65,"rotation":-166.75,"x":15.62,"y":-22.16,"color":"acff39ff"},{"name":"zuoxiaobi","parent":"zuodabi2","length":41.64,"rotation":-48.43,"x":50.92,"y":0.06,"color":"acff38ff"},{"name":"zuoshou","parent":"zuoxiaobi","length":32.63,"rotation":-10.6,"x":43.47,"y":-0.5,"color":"acff38ff"},{"name":"youdabi","parent":"shenti1","length":41.17,"rotation":-215.83,"x":30.08,"y":15.62,"color":"2295f9ff"},{"name":"youxiaobi","parent":"youdabi","length":38.18,"rotation":0.64,"x":40.95,"y":-0.46,"color":"2295f9ff"},{"name":"youshou","parent":"youxiaobi","length":24.43,"rotation":-3.78,"x":38.64,"y":-0.23,"color":"2295f9ff"},{"name":"tou1","parent":"shenti1","length":73.53,"rotation":-0.87,"x":32.53,"y":-0.28},{"name":"zuoyan","parent":"tou1","rotation":51.63,"x":32.99,"y":4.39},{"name":"zuoyanzhu","parent":"zuoyan","rotation":-51.63,"x":-3.72,"y":-0.02},{"name":"youyan","parent":"tou1","rotation":56.89,"x":56.82,"y":38.53},{"name":"youyanzhu","parent":"youyan","rotation":-56.89,"x":1.12,"y":-2.63},{"name":"xiaba","parent":"tou1","x":25.55,"y":15.77},{"name":"shetou","parent":"xiaba","x":-1.4,"y":16.17},{"name":"shetou2","parent":"shetou","length":15.24,"rotation":140.9,"x":-0.69,"y":0.64},{"name":"shetou3","parent":"shetou2","length":11.45,"rotation":14.72,"x":15.58,"y":0.14},{"name":"haitun","parent":"zuoshou","rotation":101.02,"x":3.85,"y":-16.13,"color":"15aeffff"},{"name":"zuojiao","parent":"zong","length":30,"rotation":-155.2,"x":40.19,"y":39.71,"color":"21ff51ff"},{"name":"youjiao","parent":"zong","length":30,"rotation":-24.36,"x":-19.58,"y":55.19,"color":"9624ffff"},{"name":"haitun7","parent":"haitun","length":38.64,"rotation":-157.76,"x":-4.65,"y":-1.39,"color":"15aeffff"},{"name":"yuqi1","parent":"haitun7","length":39.31,"rotation":118.18,"x":27.5,"y":19.81,"color":"15aeffff"},{"name":"haitun8","parent":"haitun7","length":25.46,"rotation":11.72,"x":39.3,"y":-0.06,"color":"15aeffff"},{"name":"haitun9","parent":"haitun8","length":31.04,"rotation":8.26,"x":27.72,"y":-0.08,"color":"15aeffff"},{"name":"haitunzui","parent":"haitun9","length":35.94,"rotation":-5.88,"x":1.98,"y":17.86,"color":"15aeffff"},{"name":"yuqi2","parent":"haitun7","length":29.42,"rotation":108.58,"x":43.49,"y":16.01,"color":"15aeffff"},{"name":"haitun2","parent":"zong","x":-216.16,"y":120.95,"color":"1c3bffff"},{"name":"yuqi3","parent":"haitun2","length":39.31,"rotation":-31.49,"x":-18.62,"y":-31.45,"color":"1b3affff"},{"name":"haitunzui2","parent":"haitun2","length":35.94,"rotation":-144.9,"x":-50.94,"y":-45.65,"color":"1b3affff"},{"name":"yuqi4","parent":"haitun2","length":29.42,"rotation":-72.68,"x":-22.85,"y":-30.55,"color":"1b3affff"},{"name":"haitun4","parent":"haitun","length":45.38,"rotation":-7.14,"x":0.96,"y":1.14,"color":"15aeffff"},{"name":"haitun5","parent":"haitun4","length":23.27,"rotation":-28.25,"x":46.35,"y":-0.15,"color":"15aeffff"},{"name":"haitun6","parent":"haitun5","length":20.56,"rotation":-20.77,"x":23.66,"y":-0.6,"color":"15aeffff"},{"name":"wave","parent":"root","x":8.89,"y":77.91,"scaleX":0.6,"scaleY":0.8}],"slots":[{"name":"zong","bone":"root","attachment":"zong2"},{"name":"youdabi","bone":"youdabi","attachment":"youdabi"},{"name":"youxiaobi","bone":"youxiaobi","attachment":"youxiaobi"},{"name":"youshou","bone":"youshou","attachment":"youshou"},{"name":"kua","bone":"kua","attachment":"kua"},{"name":"youdatui","bone":"youdatui","attachment":"youdatui"},{"name":"youxiaotui","bone":"youxiaotui","attachment":"youxiaotui"},{"name":"youjiao","bone":"youjiao","attachment":"youjiao"},{"name":"zuodatui","bone":"zuodatui","attachment":"zuodatui"},{"name":"zuoxiaotui","bone":"zuoxiaotui","attachment":"zuoxiaotui"},{"name":"zuojiao","bone":"zuojiao","attachment":"zuojiao"},{"name":"shenti","bone":"shenti1","attachment":"shenti"},{"name":"xiaba","bone":"xiaba","attachment":"xiaba"},{"name":"tou1","bone":"tou1","attachment":"tou1"},{"name":"zuoyan","bone":"zuoyan","attachment":"zuoyan"},{"name":"youyan","bone":"youyan","attachment":"youyan"},{"name":"toutao","bone":"tou1","attachment":"toutao"},{"name":"shetou","bone":"shetou","attachment":"shetou"},{"name":"zuoyanzhu","bone":"zuoyanzhu","attachment":"zuoyanzhu"},{"name":"youyanzhu","bone":"youyanzhu","attachment":"youyanzhu"},{"name":"haitunzui","bone":"haitunzui","attachment":"haitunzui"},{"name":"haitunzui2","bone":"haitunzui2"},{"name":"yuqi2","bone":"yuqi2","attachment":"yuqi2"},{"name":"yuqi4","bone":"yuqi4"},{"name":"haitun","bone":"haitun7","attachment":"haitun"},{"name":"haitun2","bone":"haitun2"},{"name":"yuqi1","bone":"yuqi1","attachment":"yuqi1"},{"name":"yuqi3","bone":"yuqi3"},{"name":"zuodabi","bone":"zuodabi2","attachment":"zuodabi"},{"name":"zuoxiaobi","bone":"zuoxiaobi","attachment":"zuoxiaobi"},{"name":"zuoshou","bone":"zuoshou","attachment":"zuishou"},{"name":"wave","bone":"wave"}],"ik":[{"name":"youjiao","order":1,"target":"youjiao","bendPositive":false,"bones":["youdatui","youxiaotui"]},{"name":"zuojiao","target":"zuojiao","bones":["zuodatui","zuoxiaotui"]}],"skins":[{"name":"default","attachments":{"zong":{"zong2":{"type":"clipping","end":"yuqi3","vertexCount":9,"color":"ce3a3aff","vertices":[-455.12,-49.02,-40.29,-49.02,1.01,-49.02,31.05,-49.02,62.03,-49.02,101.45,-49.02,399.43,-49.02,398.08,499.97,-449.72,498.62]}}}},{"name":"biaoqing1","attachments":{"haitun":{"haitun":{"type":"mesh","hull":49,"width":213,"height":143,"uvs":[0.55795,0.00305,0.58702,0.01396,0.59785,0.0296,0.58339,0.15797,0.58242,0.22858,0.71897,0.34937,0.81492,0.47427,0.87467,0.59157,0.89286,0.64434,0.9573,0.74048,0.97773,0.78535,0.99042,0.82352,1,0.86746,1,0.86996,0.98757,0.88131,0.95362,0.88141,0.92004,0.85737,0.8531,0.79748,0.83401,0.79806,0.76611,0.83223,0.7088,0.8325,0.70839,0.79717,0.75936,0.72093,0.61153,0.65782,0.47659,0.76156,0.42283,0.80467,0.34859,0.85153,0.2896,0.88908,0.24597,0.88781,0.2277,0.90564,0.17533,0.93923,0.13054,0.98552,0.11411,0.98821,0.09796,0.96545,0.03437,0.99704,0.00449,0.98096,0.00454,0.94415,0.02369,0.90841,0.08431,0.8179,0.08432,0.72782,0.09797,0.66577,0.12486,0.5857,0.14109,0.55169,0.17507,0.49389,0.24877,0.39602,0.33236,0.31319,0.37987,0.22386,0.45537,0.11042,0.51575,0.03587],"triangles":[28,40,41,28,39,40,39,29,38,28,29,39,30,38,29,33,38,30,37,38,33,31,33,30,32,33,31,34,37,33,36,37,34,35,36,34,26,43,44,25,26,44,42,43,26,28,41,42,26,28,42,27,28,26,24,45,23,44,45,24,25,44,24,22,7,8,8,18,22,17,8,9,17,18,8,19,22,18,21,22,19,20,21,19,16,17,9,16,9,10,15,16,10,10,11,15,11,12,14,13,14,12,14,15,11,22,23,6,22,6,7,0,2,48,2,0,1,3,48,2,47,48,3,4,47,3,23,4,5,23,5,6,4,46,47,4,45,46,45,4,23],"vertices":[2,37,2.61,70.8,0.74958,27,-43.15,-60.63,0.25042,2,37,8.95,70.02,0.75132,27,-48.29,-56.84,0.24868,2,37,11.51,68.09,0.75167,27,-49.58,-53.9,0.24833,2,37,10.74,49.49,0.76593,27,-39.78,-38.07,0.23407,2,37,11.79,39.44,0.82261,27,-35.77,-28.81,0.17739,3,37,42.79,25.92,0.90102,38,-15.47,21.28,0.0987,27,-56.15,-1.81,0.00028,2,37,65.29,10.73,0.0446,38,11.54,18.55,0.9554,2,38,31.62,12.24,0.79411,39,2.89,14.83,0.20589,2,38,39.15,8.34,0.29368,39,11.31,13.85,0.70632,2,38,58.3,5.08,0.00263,39,30.38,17.59,0.99737,1,39,38.13,17.63,1,1,39,44.17,16.84,1,1,39,50.52,15.03,1,1,39,50.82,14.83,1,1,39,50.69,11.73,1,1,39,46.68,5.71,1,1,39,39.84,1.69,1,1,39,24.79,-5.39,1,1,39,22.59,-8.81,1,1,39,18.59,-23.54,1,1,39,11.83,-33.7,1,2,37,48.51,-37.9,0.00007,39,7.58,-30.96,0.99993,4,24,55.24,-31.59,0.00028,37,57.93,-25.74,0.04306,38,22.31,-17.06,0.04692,39,4.57,-15.87,0.90974,5,24,23.76,-22.57,0.20315,37,25.56,-20.69,0.69418,38,-8.59,-27.94,0.00944,39,-20.46,-37,0.02643,27,-18.28,30.36,0.0668,4,24,-4.99,-37.4,0.31105,37,-1.11,-38.98,0.01918,27,13.94,33.21,0.60539,29,-18.08,37.73,0.06439,5,24,-16.44,-43.57,0.17195,37,-11.71,-46.52,0.00001,27,26.87,34.58,0.59886,29,-5.14,36.45,0.22853,30,-27.27,40.87,0.00065,4,24,-32.25,-50.27,0.05791,27,44.04,34.8,0.3101,29,11.72,33.18,0.57487,30,-11.05,35.21,0.05713,4,24,-44.81,-55.64,0.019,27,57.71,35.02,0.10395,29,25.15,30.61,0.62604,30,1.86,30.74,0.251,4,24,-54.11,-55.46,0.0064,27,66.24,31.33,0.03073,29,32.75,25.27,0.43583,30,8.62,24.36,0.52704,4,24,-58,-58.01,0.00269,27,70.81,32.22,0.01081,29,37.41,25.21,0.28885,30,13.22,23.64,0.69765,3,24,-69.15,-62.81,0.00007,29,49.34,22.97,0.0591,30,24.71,19.7,0.94084,2,29,60.95,23.13,0.00291,30,36.22,18.19,0.99709,2,29,64.07,21.5,0.00078,30,39.07,16.13,0.99922,1,30,39.43,11.4,1,1,30,52.5,5.65,1,1,30,55.67,-0.33,1,1,30,52.12,-4.22,1,1,30,45.67,-5.27,1,1,30,27.41,-6.18,1,2,29,48.54,-12.94,0.01013,30,18.75,-15.72,0.98987,2,29,41.17,-18.67,0.12366,30,10.64,-20.33,0.87634,2,29,30.02,-24.97,0.50142,30,-1.3,-24.97,0.49858,4,37,-75.75,-18.08,0.00049,27,68.73,-21.61,0.00059,29,24.44,-27.07,0.6684,30,-7.13,-26.25,0.33053,4,37,-69.59,-8.98,0.00784,27,58.9,-26.52,0.03637,29,13.82,-29.89,0.84361,30,-18.04,-27.5,0.11218,4,37,-55.75,6.86,0.08873,27,39.07,-33.54,0.38827,29,-7.02,-32.73,0.52163,30,-39.07,-27.32,0.00137,3,37,-39.56,20.82,0.32579,27,18.11,-37.76,0.56959,29,-28.4,-32.61,0.10461,3,37,-31.11,34.75,0.52937,27,3.91,-45.76,0.452,29,-43.93,-37.56,0.01863,3,37,-17.16,52.85,0.69479,27,-17.11,-54.69,0.30495,29,-66.33,-42.03,0.00027,2,37,-5.73,65.02,0.7411,27,-33.05,-59.69,0.2589],"edges":[0,96,0,2,2,4,4,6,6,8,8,10,10,12,12,14,14,16,16,18,18,20,20,22,22,24,24,26,26,28,28,30,30,32,32,34,34,36,36,38,38,40,40,42,42,44,44,46,46,48,48,50,50,52,52,54,54,56,56,58,58,60,60,62,62,64,64,66,66,68,68,70,70,72,72,74,74,76,76,78,78,80,80,82,82,84,84,86,86,88,88,90,90,92,92,94,94,96]}},"haitun2":{"haitun":{"y":1.11,"width":213,"height":143}},"haitunzui":{"haitunzui":{"x":16.32,"y":-1.48,"rotation":138.41,"width":39,"height":35}},"haitunzui2":{"haitunzui":{"x":16.32,"y":-1.48,"rotation":138.41,"width":39,"height":35}},"kua":{"kua":{"type":"mesh","hull":13,"width":52,"height":73,"uvs":[0,0.3239,0,0.50632,0.05632,0.60697,0.25943,0.65729,0.41838,0.59439,0.60383,0.66988,0.87758,0.67617,1,0.54407,1,0.18551,0.86875,0,0.50669,0,0.17112,0.09116,0,0.18551,0.4882,0.17144,0.4606,0.34838,0.1984,0.48273,0.732,0.50894,0.7642,0.18782,0.1984,0.21731,0.203,0.35166,0.7504,0.34838],"triangles":[13,11,10,17,10,9,17,9,8,13,10,17,18,11,13,12,11,18,0,12,18,20,13,17,14,18,13,14,13,20,19,18,14,0,18,19,15,0,19,1,0,15,16,14,20,20,17,8,7,20,8,16,20,7,14,15,19,4,14,16,4,15,14,2,1,15,3,15,4,2,15,3,5,4,16,6,16,7,5,16,6],"vertices":[-26.14,-4.4,-26.14,-17.72,-23.21,-25.07,-12.65,-28.74,-4.38,-24.15,5.26,-29.66,19.5,-30.12,25.86,-20.48,25.86,5.7,19.04,19.24,0.21,19.24,-17.24,12.59,-26.14,5.7,-0.75,6.73,-2.19,-6.19,-15.82,-16,11.93,-17.91,13.6,5.53,-15.82,3.38,-15.58,-6.43,12.88,-6.19],"edges":[0,2,2,4,4,6,6,8,8,10,10,12,12,14,14,16,16,18,18,20,20,22,22,24,0,24]}},"shenti":{"shenti":{"type":"mesh","hull":22,"width":82,"height":84,"uvs":[0.28145,0.01158,0.51622,0.01161,0.61959,0.06689,0.79251,0.20213,0.91843,0.38565,0.9684,0.51775,0.98801,0.62904,0.98796,0.85832,0.9015,0.94037,0.80659,0.98822,0.64597,0.98884,0.37788,0.85705,0.34693,0.76674,0.30919,0.73575,0.20177,0.65688,0.12712,0.53795,0.0602,0.39285,0.01209,0.34639,0.01187,0.18457,0.05753,0.11725,0.15709,0.04602,0.20577,0.02627],"triangles":[16,17,18,16,19,20,16,18,19,21,15,16,20,21,16,0,14,15,0,2,14,2,0,1,13,2,3,4,12,3,0,15,21,2,13,14,12,13,3,5,12,4,6,12,5,12,10,11,6,10,12,7,8,6,8,9,6,6,9,10],"vertices":[1,8,46.19,-9.19,1,1,8,34.75,-24.67,1,1,8,25.98,-28.73,1,2,7,52.93,-32.73,0.02631,8,8.41,-33.39,0.97369,2,7,34.4,-33.62,0.29467,8,-10.12,-32.54,0.70533,2,7,22.78,-31.4,0.56553,8,-21.48,-29.24,0.43447,2,7,13.95,-27.95,0.76174,8,-29.96,-24.98,0.23826,2,7,-2.55,-18.01,0.97133,8,-45.45,-13.53,0.02867,2,7,-4.8,-8.38,0.99481,8,-46.78,-3.74,0.00519,1,7,-4.22,0.36,1,1,7,2.53,11.67,1,2,7,23.36,24.79,0.96331,8,-15.64,26.64,0.03669,2,7,31.16,23.05,0.83887,8,-8.03,24.18,0.16113,2,7,34.99,24.35,0.70504,8,-4.1,25.12,0.29496,2,7,45.21,28.48,0.3832,8,6.46,28.27,0.6168,2,7,56.93,28.57,0.14599,8,18.14,27.26,0.85401,2,7,70.2,26.98,0.01884,8,31.2,24.43,0.98116,2,7,75.58,28.34,0.00502,8,36.68,25.29,0.99498,1,8,47.63,17.23,1,1,8,49.95,10.86,1,1,8,49.92,0.73,1,1,8,48.88,-3.46,1],"edges":[0,42,0,2,2,4,4,6,6,8,8,10,10,12,12,14,14,16,16,18,18,20,20,22,22,24,24,26,26,28,28,30,30,32,32,34,34,36,36,38,38,40,40,42]}},"tou1":{"tou1":{"x":44.29,"y":11.06,"rotation":-125.58,"width":100,"height":80}},"toutao":{"toutao":{"x":48.12,"y":0.94,"rotation":-125.58,"width":86,"height":76}},"wave":{"wave2":{"x":-5.35,"y":16.02,"width":279,"height":50},"wave3":{"x":-8.39,"y":12.78,"width":279,"height":50}},"xiaba":{"xiaba":{"x":-8.98,"y":4.67,"rotation":-125.58,"width":55,"height":40}},"youdabi":{"youdabi":{"x":18.84,"y":-0.48,"rotation":90.64,"width":14,"height":51}},"youdatui":{"youdatui":{"x":23.18,"y":-3.77,"rotation":75.78,"width":31,"height":53}},"youjiao":{"youjiao":{"x":14,"y":-3.78,"rotation":24.36,"width":60,"height":28}},"youshou":{"youshou":{"x":13.39,"y":-1.66,"rotation":93.78,"width":34,"height":35}},"youxiaobi":{"youxiaobi":{"x":17.89,"y":-0.77,"rotation":90,"width":18,"height":47}},"youxiaotui":{"youxiaotui":{"x":21.82,"y":2.17,"rotation":121.23,"width":36,"height":51}},"youyan":{"youyan":{"x":-0.21,"y":-1.78,"rotation":177.53,"width":23,"height":24}},"youyanzhu":{"youyanzhu":{"x":0.25,"y":-0.01,"rotation":-125.58,"width":6,"height":6}},"yuqi1":{"yuqi1":{"x":23.41,"y":-0.25,"rotation":31.49,"width":42,"height":29}},"yuqi2":{"yuqi2":{"x":15.66,"y":-0.65,"rotation":72.68,"width":20,"height":38}},"yuqi3":{"yuqi1":{"x":23.41,"y":-0.25,"rotation":31.49,"width":42,"height":29}},"yuqi4":{"yuqi2":{"x":15.4,"y":-0.16,"rotation":72.68,"width":20,"height":38}},"zuodabi":{"zuodabi":{"x":33.06,"y":-9.51,"rotation":40.3,"width":56,"height":75}},"zuodatui":{"zuodatui":{"x":22.16,"y":3.15,"rotation":97.04,"width":27,"height":51}},"zuojiao":{"zuojiao":{"x":19.09,"y":-1.75,"rotation":160.43,"width":74,"height":32}},"zuoshou":{"zuishou":{"x":16.28,"y":-2.66,"rotation":99.33,"width":50,"height":45}},"zuoxiaobi":{"zuoxiaobi":{"x":22.25,"y":-0.3,"rotation":88.73,"width":16,"height":52}},"zuoxiaotui":{"zuoxiaotui":{"x":23.71,"y":-2.59,"rotation":62.84,"width":38,"height":55}},"zuoyan":{"zuoyan":{"x":-2.01,"y":0.09,"rotation":-177.21,"width":36,"height":35}},"zuoyanzhu":{"zuoyanzhu":{"x":0.51,"y":-0.1,"rotation":-125.58,"width":7,"height":6}}}},{"name":"biaoqing2","attachments":{"haitun":{"haitun":{"type":"mesh","hull":49,"width":213,"height":143,"uvs":[0.55795,0.00305,0.58702,0.01396,0.59785,0.0296,0.58339,0.15797,0.58242,0.22858,0.71897,0.34937,0.81492,0.47427,0.87467,0.59157,0.89286,0.64434,0.9573,0.74048,0.97773,0.78535,0.99042,0.82352,1,0.86746,1,0.86996,0.98757,0.88131,0.95362,0.88141,0.92004,0.85737,0.8531,0.79748,0.83401,0.79806,0.76611,0.83223,0.7088,0.8325,0.70839,0.79717,0.75936,0.72093,0.61153,0.65782,0.47659,0.76156,0.42283,0.80467,0.34859,0.85153,0.2896,0.88908,0.24597,0.88781,0.2277,0.90564,0.17533,0.93923,0.13054,0.98552,0.11411,0.98821,0.09796,0.96545,0.03437,0.99704,0.00449,0.98096,0.00454,0.94415,0.02369,0.90841,0.08431,0.8179,0.08432,0.72782,0.09797,0.66577,0.12486,0.5857,0.14109,0.55169,0.17507,0.49389,0.24877,0.39602,0.33236,0.31319,0.37987,0.22386,0.45537,0.11042,0.51575,0.03587],"triangles":[28,40,41,28,39,40,39,29,38,28,29,39,30,38,29,33,38,30,37,38,33,31,33,30,32,33,31,34,37,33,36,37,34,35,36,34,26,43,44,25,26,44,42,43,26,28,41,42,26,28,42,27,28,26,24,45,23,44,45,24,25,44,24,22,7,8,8,18,22,17,8,9,17,18,8,19,22,18,21,22,19,20,21,19,16,17,9,16,9,10,15,16,10,10,11,15,11,12,14,13,14,12,14,15,11,22,23,6,22,6,7,0,2,48,2,0,1,3,48,2,47,48,3,4,47,3,23,4,5,23,5,6,4,46,47,4,45,46,45,4,23],"vertices":[2,37,2.61,70.8,0.74958,27,-43.15,-60.63,0.25042,2,37,8.95,70.02,0.75132,27,-48.29,-56.84,0.24868,2,37,11.51,68.09,0.75167,27,-49.58,-53.9,0.24833,2,37,10.74,49.49,0.76593,27,-39.78,-38.07,0.23407,2,37,11.79,39.44,0.82261,27,-35.77,-28.81,0.17739,3,37,42.79,25.92,0.90102,38,-15.47,21.28,0.0987,27,-56.15,-1.81,0.00028,2,37,65.29,10.73,0.0446,38,11.54,18.55,0.9554,2,38,31.62,12.24,0.79411,39,2.89,14.83,0.20589,2,38,39.15,8.34,0.29368,39,11.31,13.85,0.70632,2,38,58.3,5.08,0.00263,39,30.38,17.59,0.99737,1,39,38.13,17.63,1,1,39,44.17,16.84,1,1,39,50.52,15.03,1,1,39,50.82,14.83,1,1,39,50.69,11.73,1,1,39,46.68,5.71,1,1,39,39.84,1.69,1,1,39,24.79,-5.39,1,1,39,22.59,-8.81,1,1,39,18.59,-23.54,1,1,39,11.83,-33.7,1,2,37,48.51,-37.9,0.00007,39,7.58,-30.96,0.99993,4,24,55.24,-31.59,0.00028,37,57.93,-25.74,0.04306,38,22.31,-17.06,0.04692,39,4.57,-15.87,0.90974,5,24,23.76,-22.57,0.20315,37,25.56,-20.69,0.69418,38,-8.59,-27.94,0.00944,39,-20.46,-37,0.02643,27,-18.28,30.36,0.0668,4,24,-4.99,-37.4,0.31105,37,-1.11,-38.98,0.01918,27,13.94,33.21,0.60539,29,-18.08,37.73,0.06439,5,24,-16.44,-43.57,0.17195,37,-11.71,-46.52,0.00001,27,26.87,34.58,0.59886,29,-5.14,36.45,0.22853,30,-27.27,40.87,0.00065,4,24,-32.25,-50.27,0.05791,27,44.04,34.8,0.3101,29,11.72,33.18,0.57487,30,-11.05,35.21,0.05713,4,24,-44.81,-55.64,0.019,27,57.71,35.02,0.10395,29,25.15,30.61,0.62604,30,1.86,30.74,0.251,4,24,-54.11,-55.46,0.0064,27,66.24,31.33,0.03073,29,32.75,25.27,0.43583,30,8.62,24.36,0.52704,4,24,-58,-58.01,0.00269,27,70.81,32.22,0.01081,29,37.41,25.21,0.28885,30,13.22,23.64,0.69765,3,24,-69.15,-62.81,0.00007,29,49.34,22.97,0.0591,30,24.71,19.7,0.94084,2,29,60.95,23.13,0.00291,30,36.22,18.19,0.99709,2,29,64.07,21.5,0.00078,30,39.07,16.13,0.99922,1,30,39.43,11.4,1,1,30,52.5,5.65,1,1,30,55.67,-0.33,1,1,30,52.12,-4.22,1,1,30,45.67,-5.27,1,1,30,27.41,-6.18,1,2,29,48.54,-12.94,0.01013,30,18.75,-15.72,0.98987,2,29,41.17,-18.67,0.12366,30,10.64,-20.33,0.87634,2,29,30.02,-24.97,0.50142,30,-1.3,-24.97,0.49858,4,37,-75.75,-18.08,0.00049,27,68.73,-21.61,0.00059,29,24.44,-27.07,0.6684,30,-7.13,-26.25,0.33053,4,37,-69.59,-8.98,0.00784,27,58.9,-26.52,0.03637,29,13.82,-29.89,0.84361,30,-18.04,-27.5,0.11218,4,37,-55.75,6.86,0.08873,27,39.07,-33.54,0.38827,29,-7.02,-32.73,0.52163,30,-39.07,-27.32,0.00137,3,37,-39.56,20.82,0.32579,27,18.11,-37.76,0.56959,29,-28.4,-32.61,0.10461,3,37,-31.11,34.75,0.52937,27,3.91,-45.76,0.452,29,-43.93,-37.56,0.01863,3,37,-17.16,52.85,0.69479,27,-17.11,-54.69,0.30495,29,-66.33,-42.03,0.00027,2,37,-5.73,65.02,0.7411,27,-33.05,-59.69,0.2589],"edges":[0,96,0,2,2,4,4,6,6,8,8,10,10,12,12,14,14,16,16,18,18,20,20,22,22,24,24,26,26,28,28,30,30,32,32,34,34,36,36,38,38,40,40,42,42,44,44,46,46,48,48,50,50,52,52,54,54,56,56,58,58,60,60,62,62,64,64,66,66,68,68,70,70,72,72,74,74,76,76,78,78,80,80,82,82,84,84,86,86,88,88,90,90,92,92,94,94,96]}},"haitun2":{"haitun":{"y":1.11,"width":213,"height":143}},"haitunzui":{"haitunzui":{"x":16.32,"y":-1.48,"rotation":138.41,"width":39,"height":35}},"haitunzui2":{"haitunzui":{"x":16.32,"y":-1.48,"rotation":138.41,"width":39,"height":35}},"kua":{"kua":{"type":"mesh","hull":13,"width":52,"height":73,"uvs":[0,0.3239,0,0.50632,0.05632,0.60697,0.25943,0.65729,0.41838,0.59439,0.60383,0.66988,0.87758,0.67617,1,0.54407,1,0.18551,0.86875,0,0.50669,0,0.17112,0.09116,0,0.18551,0.4882,0.17144,0.4606,0.34838,0.1984,0.48273,0.732,0.50894,0.7642,0.18782,0.1984,0.21731,0.203,0.35166,0.7504,0.34838],"triangles":[13,11,10,17,10,9,17,9,8,13,10,17,18,11,13,12,11,18,0,12,18,20,13,17,14,18,13,14,13,20,19,18,14,0,18,19,15,0,19,1,0,15,16,14,20,20,17,8,7,20,8,16,20,7,14,15,19,4,14,16,4,15,14,2,1,15,3,15,4,2,15,3,5,4,16,6,16,7,5,16,6],"vertices":[-26.14,-4.4,-26.14,-17.72,-23.21,-25.07,-12.65,-28.74,-4.38,-24.15,5.26,-29.66,19.5,-30.12,25.86,-20.48,25.86,5.7,19.04,19.24,0.21,19.24,-17.24,12.59,-26.14,5.7,-0.75,6.73,-2.19,-6.19,-15.82,-16,11.93,-17.91,13.6,5.53,-15.82,3.38,-15.58,-6.43,12.88,-6.19],"edges":[0,2,2,4,4,6,6,8,8,10,10,12,12,14,14,16,16,18,18,20,20,22,22,24,0,24]}},"shenti":{"shenti":{"type":"mesh","hull":22,"width":82,"height":84,"uvs":[0.28145,0.01158,0.51622,0.01161,0.61959,0.06689,0.79251,0.20213,0.91843,0.38565,0.9684,0.51775,0.98801,0.62904,0.98796,0.85832,0.9015,0.94037,0.80659,0.98822,0.64597,0.98884,0.37788,0.85705,0.34693,0.76674,0.30919,0.73575,0.20177,0.65688,0.12712,0.53795,0.0602,0.39285,0.01209,0.34639,0.01187,0.18457,0.05753,0.11725,0.15709,0.04602,0.20577,0.02627],"triangles":[16,17,18,16,19,20,16,18,19,21,15,16,20,21,16,0,14,15,0,2,14,2,0,1,13,2,3,4,12,3,0,15,21,2,13,14,12,13,3,5,12,4,6,12,5,12,10,11,6,10,12,7,8,6,8,9,6,6,9,10],"vertices":[1,8,46.19,-9.19,1,1,8,34.75,-24.67,1,1,8,25.98,-28.73,1,2,7,52.93,-32.73,0.02631,8,8.41,-33.39,0.97369,2,7,34.4,-33.62,0.29467,8,-10.12,-32.54,0.70533,2,7,22.78,-31.4,0.56553,8,-21.48,-29.24,0.43447,2,7,13.95,-27.95,0.76174,8,-29.96,-24.98,0.23826,2,7,-2.55,-18.01,0.97133,8,-45.45,-13.53,0.02867,2,7,-4.8,-8.38,0.99481,8,-46.78,-3.74,0.00519,1,7,-4.22,0.36,1,1,7,2.53,11.67,1,2,7,23.36,24.79,0.96331,8,-15.64,26.64,0.03669,2,7,31.16,23.05,0.83887,8,-8.03,24.18,0.16113,2,7,34.99,24.35,0.70504,8,-4.1,25.12,0.29496,2,7,45.21,28.48,0.3832,8,6.46,28.27,0.6168,2,7,56.93,28.57,0.14599,8,18.14,27.26,0.85401,2,7,70.2,26.98,0.01884,8,31.2,24.43,0.98116,2,7,75.58,28.34,0.00502,8,36.68,25.29,0.99498,1,8,47.63,17.23,1,1,8,49.95,10.86,1,1,8,49.92,0.73,1,1,8,48.88,-3.46,1],"edges":[0,42,0,2,2,4,4,6,6,8,8,10,10,12,12,14,14,16,16,18,18,20,20,22,22,24,24,26,26,28,28,30,30,32,32,34,34,36,36,38,38,40,40,42]}},"shetou":{"shetou":{"type":"mesh","hull":11,"width":21,"height":38,"uvs":[0.78279,0.02457,0.81009,0.04928,0.81017,0.32888,0.95322,0.60579,0.95336,0.84179,0.71641,0.97422,0.33413,0.97443,0.04584,0.81559,0.04595,0.31675,0.18423,0.08873,0.51786,0.02601],"triangles":[8,3,7,3,6,7,6,3,4,5,6,4,2,9,10,8,9,2,3,8,2,10,0,1,2,10,1],"vertices":[2,21,-0.98,-7.54,0.94059,22,-4.94,6.53,0.05941,3,21,-2.07,-7.46,0.91504,22,-4.04,7.16,0.08492,23,-17.19,11.78,0.00004,3,21,-10.72,-1.28,0.03289,22,6.57,7.81,0.80023,23,-6.77,9.71,0.16689,2,22,16.88,11.46,0.06221,23,4.13,10.62,0.93779,1,23,12.93,8.88,1,1,23,16.9,3.02,1,2,22,31.66,-0.66,0.00109,23,15.35,-4.85,0.99891,2,22,26.01,-7.07,0.10133,23,8.26,-9.62,0.89867,2,21,-1,11.5,0.00014,22,7.09,-8.23,0.99986,2,21,4.35,4.1,0.32726,22,-1.74,-5.87,0.67274,1,21,2.22,-2.99,1],"edges":[0,20,0,2,2,4,4,6,6,8,8,10,10,12,12,14,14,16,16,18,18,20]}},"tou1":{"tou1":{"name":"tou2","x":44.29,"y":11.06,"rotation":-125.58,"width":90,"height":79}},"toutao":{"toutao":{"x":48.12,"y":0.94,"rotation":-125.58,"width":86,"height":76}},"wave":{"wave2":{"x":-5.35,"y":16.02,"width":279,"height":50},"wave3":{"x":-8.39,"y":12.78,"width":279,"height":50}},"xiaba":{"xiaba":{"x":-8.98,"y":4.67,"rotation":-125.58,"width":55,"height":40}},"youdabi":{"youdabi":{"x":18.84,"y":-0.48,"rotation":90.64,"width":14,"height":51}},"youdatui":{"youdatui":{"x":23.18,"y":-3.77,"rotation":75.78,"width":31,"height":53}},"youjiao":{"youjiao":{"x":14,"y":-3.78,"rotation":24.36,"width":60,"height":28}},"youshou":{"youshou":{"x":13.39,"y":-1.66,"rotation":93.78,"width":34,"height":35}},"youxiaobi":{"youxiaobi":{"x":17.89,"y":-0.77,"rotation":90,"width":18,"height":47}},"youxiaotui":{"youxiaotui":{"x":21.82,"y":2.17,"rotation":121.23,"width":36,"height":51}},"yuqi1":{"yuqi1":{"x":23.41,"y":-0.25,"rotation":31.49,"width":42,"height":29}},"yuqi2":{"yuqi2":{"x":15.66,"y":-0.65,"rotation":72.68,"width":20,"height":38}},"yuqi3":{"yuqi1":{"x":23.41,"y":-0.25,"rotation":31.49,"width":42,"height":29}},"yuqi4":{"yuqi2":{"x":15.4,"y":-0.16,"rotation":72.68,"width":20,"height":38}},"zuodabi":{"zuodabi":{"x":33.06,"y":-9.51,"rotation":40.3,"width":56,"height":75}},"zuodatui":{"zuodatui":{"x":22.16,"y":3.15,"rotation":97.04,"width":27,"height":51}},"zuojiao":{"zuojiao":{"x":19.09,"y":-1.75,"rotation":160.43,"width":74,"height":32}},"zuoshou":{"zuishou":{"x":16.28,"y":-2.66,"rotation":99.33,"width":50,"height":45}},"zuoxiaobi":{"zuoxiaobi":{"x":22.25,"y":-0.3,"rotation":88.73,"width":16,"height":52}},"zuoxiaotui":{"zuoxiaotui":{"x":23.71,"y":-2.59,"rotation":62.84,"width":38,"height":55}}}}],"events":{"shuihua":{}},"animations":{"attack":{"slots":{"haitun":{"attachment":[{"name":null}]},"haitunzui":{"attachment":[{"name":null}]},"kua":{"attachment":[{"name":null}]},"wave":{"attachment":[{"name":"wave2"},{"time":0.1333,"name":"wave3"},{"time":0.2667,"name":"wave2"},{"time":0.4,"name":"wave3"},{"time":0.5333,"name":"wave2"},{"time":0.6667,"name":"wave3"},{"time":0.8,"name":"wave2"},{"time":0.9333,"name":"wave3"},{"time":1.0667,"name":"wave2"},{"time":1.2,"name":"wave3"},{"time":1.3333,"name":"wave2"}]},"youdatui":{"attachment":[{"name":null}]},"youjiao":{"attachment":[{"name":null}]},"youxiaotui":{"attachment":[{"name":null}]},"yuqi1":{"attachment":[{"name":null}]},"yuqi2":{"attachment":[{"name":null}]},"zuodatui":{"attachment":[{"name":null}]},"zuojiao":{"attachment":[{"name":null}]},"zuoxiaotui":{"attachment":[{"name":null}]}},"bones":{"zong":{"translate":[{"x":151.26,"y":-87.77}]},"zuojiao":{"rotate":[{"angle":90.07}],"translate":[{"x":-120.15,"y":28.6}]},"youjiao":{"rotate":[{"angle":-26.28}],"translate":[{"x":-97.31,"y":-11.68}]},"zuoxiaotui":{"rotate":[{"angle":75.18}]},"zuodatui":{"rotate":[{"angle":9.14}],"translate":[{"y":12.82}]},"youxiaotui":{"rotate":[{"angle":-42.85}]},"youdatui":{"rotate":[{"angle":80.9}]},"zuoxiaobi":{"rotate":[{"angle":-53.39,"curve":0.327,"c3":0.66,"c4":0.34},{"time":0.3333,"angle":-19.92,"curve":0.33,"c2":0.27,"c3":0.664,"c4":0.6},{"time":0.5,"angle":-41.27,"curve":0.323,"c2":0.21,"c3":0.656,"c4":0.55},{"time":1.1333,"angle":-27.74,"curve":0.33,"c2":0.31,"c3":0.664,"c4":0.64},{"time":1.3333,"angle":-53.39}]},"zuodabi2":{"rotate":[{"angle":-6.95,"curve":0.33,"c3":0.663,"c4":0.34},{"time":0.3333,"angle":-22.66,"curve":0.332,"c2":0.27,"c3":0.665,"c4":0.6},{"time":0.5,"angle":-86.1,"curve":0.332,"c2":0.29,"c3":0.665,"c4":0.63},{"time":0.6333,"angle":-86.88,"curve":0.328,"c2":0.24,"c3":0.662,"c4":0.58},{"time":1.1333,"angle":-2.28,"curve":0.331,"c2":0.31,"c3":0.665,"c4":0.64},{"time":1.3333,"angle":-6.95}],"translate":[{"x":-4.71,"y":-0.18}]},"youxiaobi":{"rotate":[{"angle":-108.24,"curve":0.321,"c3":0.655,"c4":0.34},{"time":0.3333,"angle":-80.65,"curve":0.305,"c2":0.14,"c3":0.641,"c4":0.5},{"time":1.3333,"angle":-108.24}]},"youdabi":{"rotate":[{"angle":23.97,"curve":"stepped"},{"time":1,"angle":23.97,"curve":0.332,"c2":0.32,"c3":0.665,"c4":0.65},{"time":1.1,"angle":-19,"curve":0.332,"c2":0.32,"c3":0.666,"c4":0.66},{"time":1.1667,"angle":-39.72,"curve":0.331,"c2":0.31,"c3":0.664,"c4":0.65},{"time":1.3333,"angle":23.97}]},"xiaba":{"translate":[{"curve":0.327,"c3":0.661,"c4":0.34},{"time":0.4,"x":-12.43,"y":8.12,"curve":0.321,"c2":0.16,"c3":0.655,"c4":0.5},{"time":0.5,"x":-3.63,"y":0.71,"curve":0.327,"c3":0.661,"c4":0.34},{"time":0.6667,"curve":0.327,"c3":0.661,"c4":0.34},{"time":1.1,"x":-12.43,"y":8.12,"curve":0.321,"c2":0.16,"c3":0.655,"c4":0.5},{"time":1.2,"x":-3.63,"y":0.71,"curve":0.327,"c3":0.661,"c4":0.34},{"time":1.3333}]},"tou1":{"rotate":[{"angle":-13.49,"curve":"stepped"},{"time":1.0667,"angle":-13.49,"curve":0.346,"c2":0.39,"c3":0.68,"c4":0.73},{"time":1.1667,"angle":-2.62,"curve":0.364,"c2":0.64,"c3":0.701},{"time":1.3333,"angle":-13.49}]},"shenti1":{"rotate":[{"angle":6.46,"curve":0.335,"c2":0.36,"c3":0.669,"c4":0.69},{"time":0.4,"angle":-3.33,"curve":0.335,"c2":0.35,"c3":0.668,"c4":0.68},{"time":0.5,"angle":13.78,"curve":0.336,"c2":0.37,"c3":0.669,"c4":0.7},{"time":0.6667,"angle":19.5,"curve":0.343,"c2":0.66,"c3":0.676},{"time":1.1,"angle":-3.33,"curve":0.335,"c2":0.35,"c3":0.668,"c4":0.68},{"time":1.2,"angle":13.78,"curve":0.336,"c2":0.37,"c3":0.669,"c4":0.7},{"time":1.3333,"angle":6.46}]},"kua":{"rotate":[{"angle":-5.88}],"translate":[{"x":-146.77,"y":-42.47,"curve":0.311,"c3":0.646,"c4":0.35},{"time":0.4,"x":-141.13,"y":-34.73,"curve":0.3,"c2":0.17,"c3":0.638,"c4":0.53},{"time":0.5,"x":-146.77,"y":-42.47,"curve":0.311,"c3":0.646,"c4":0.35},{"time":1.1,"x":-141.13,"y":-34.73,"curve":0.3,"c2":0.17,"c3":0.638,"c4":0.53},{"time":1.2,"x":-146.77,"y":-42.47}]},"yuqi1":{"rotate":[{"angle":13.39}]},"haitunzui":{"translate":[{"x":0.18,"y":2.65}]},"haitun":{"rotate":[{"angle":39.95}],"translate":[{"x":23.79,"y":-167.84}]},"haitun2":{"rotate":[{"angle":-7.8}],"translate":[{"x":85.11,"y":-60.32}]},"haitun4":{"rotate":[{"angle":5.48}]},"haitun5":{"rotate":[{"angle":9.59}]},"shenti":{"rotate":[{"angle":-1.56,"curve":0.326,"c3":0.66,"c4":0.34},{"time":0.4,"angle":-11.34,"curve":0.329,"c2":0.26,"c3":0.663,"c4":0.59},{"time":0.5,"angle":4.31,"curve":0.306,"c2":0.14,"c3":0.642,"c4":0.49},{"time":1.3333,"angle":-1.56}]},"wave":{"rotate":[{"angle":8.15,"curve":0.25,"c3":0.625,"c4":0.5},{"time":0.6667,"angle":16.41,"curve":0.375,"c2":0.5,"c3":0.75},{"time":1.3333,"angle":8.15}],"translate":[{"x":5.37,"y":-76}],"scale":[{"x":0.5}]}},"deform":{"biaoqing1":{"kua":{"kua":[{"offset":10,"vertices":[-1.59857,6.02781,-5.25089,11.73315,-4.18829,9.02034]}]}},"default":{"zong":{"zong2":[{"vertices":[-618.5791,-83.55594,36.52607,-84.02528,-6.79602,52.25529,-11.29893,52.75562,-15.30167,65.76427,2.87466,61.80525,25.99088,59.86781,25.99077,70.62838,-562.96027,70.62844]}]}}},"drawOrder":[{"offsets":[{"slot":"kua","offset":8},{"slot":"youdatui","offset":0},{"slot":"zuodatui","offset":17},{"slot":"zuoxiaotui","offset":17},{"slot":"zuojiao","offset":17},{"slot":"haitunzui2","offset":-13},{"slot":"yuqi4","offset":-13},{"slot":"haitun2","offset":-12},{"slot":"wave","offset":-3}]}]},"die":{"slots":{"haitun":{"attachment":[{"name":null}]},"haitunzui":{"attachment":[{"name":null}]},"kua":{"attachment":[{"name":null}]},"wave":{"color":[{"time":1.1667,"color":"ffffffff","curve":0.349,"c2":0.65,"c3":0.683},{"time":1.2333,"color":"ffffff00"}],"attachment":[{"name":"wave2"},{"time":0.1333,"name":"wave3"},{"time":0.2667,"name":"wave2"},{"time":0.4,"name":"wave3"},{"time":0.5333,"name":"wave2"},{"time":0.6667,"name":"wave3"},{"time":0.8,"name":"wave2"},{"time":0.9333,"name":"wave3"},{"time":1.0667,"name":"wave2"}]},"youdatui":{"attachment":[{"name":null}]},"youjiao":{"attachment":[{"name":null}]},"youxiaotui":{"attachment":[{"name":null}]},"yuqi1":{"attachment":[{"name":null}]},"yuqi2":{"attachment":[{"name":null}]},"zuodabi":{"color":[{"color":"ffffffff","curve":0.25,"c3":0.75},{"time":0.2667,"color":"ffffff00"}]},"zuodatui":{"attachment":[{"name":null}]},"zuojiao":{"attachment":[{"name":null}]},"zuoshou":{"color":[{"color":"ffffffff","curve":0.25,"c3":0.75},{"time":0.2667,"color":"ffffff00"}]},"zuoxiaobi":{"color":[{"color":"ffffffff","curve":0.25,"c3":0.75},{"time":0.2667,"color":"ffffff00"}]},"zuoxiaotui":{"attachment":[{"name":null}]}},"bones":{"zong":{"translate":[{"x":151.26,"y":-87.77,"curve":0.25,"c3":0.75},{"time":1,"x":151.26,"y":-84.97,"curve":0.25,"c3":0.75},{"time":1.2333,"x":151.26,"y":-246.9}]},"zuojiao":{"rotate":[{"angle":90.07}],"translate":[{"x":-120.15,"y":28.6}]},"youjiao":{"rotate":[{"angle":-26.28}],"translate":[{"x":-97.31,"y":-11.68}]},"zuoxiaotui":{"rotate":[{"angle":75.18}]},"zuodatui":{"rotate":[{"angle":9.14}],"translate":[{"y":12.82}]},"youxiaotui":{"rotate":[{"angle":-42.85}]},"youdatui":{"rotate":[{"angle":80.9}]},"zuoxiaobi":{"rotate":[{"angle":-53.39,"curve":0.327,"c3":0.66,"c4":0.34},{"time":0.2667,"angle":-24.25}]},"zuodabi2":{"rotate":[{"angle":-6.95,"curve":0.33,"c3":0.663,"c4":0.34},{"time":0.2667,"angle":-12.81}],"translate":[{"x":-4.71,"y":-0.18}]},"youxiaobi":{"rotate":[{"angle":-108.24,"curve":0.321,"c3":0.655,"c4":0.34},{"time":0.2667,"angle":16.2}]},"youdabi":{"rotate":[{"angle":23.97}]},"tou1":{"rotate":[{"angle":-13.49,"curve":"stepped"},{"time":0.3667,"angle":-13.49,"curve":0.243,"c3":0.68,"c4":0.71},{"time":0.7333,"angle":3.62,"curve":0.25,"c3":0.75},{"time":0.8667,"angle":-9.68}]},"shenti1":{"rotate":[{"angle":6.46,"curve":0.335,"c2":0.36,"c3":0.669,"c4":0.69},{"time":0.2667,"angle":-5.23,"curve":0.25,"c3":0.75},{"time":0.7333,"angle":10.68,"curve":0.25,"c3":0.75},{"time":1.0667,"angle":-9.26}]},"kua":{"rotate":[{"angle":-5.88}],"translate":[{"x":-146.77,"y":-42.47}]},"yuqi1":{"rotate":[{"angle":13.39}]},"haitunzui":{"translate":[{"x":0.18,"y":2.65}]},"haitun":{"rotate":[{"angle":39.95}],"translate":[{"x":23.79,"y":-167.84}]},"haitun2":{"rotate":[{"angle":-7.8}],"translate":[{"x":85.11,"y":-60.32}]},"haitun4":{"rotate":[{"angle":5.48}]},"haitun5":{"rotate":[{"angle":9.59}]},"shenti":{"rotate":[{"angle":-1.56,"curve":0.326,"c3":0.66,"c4":0.34},{"time":0.2667,"angle":-28.79,"curve":0.25,"c3":0.75},{"time":0.7333,"angle":-12.88,"curve":0.25,"c3":0.75},{"time":1.0667,"angle":-32.82}]},"wave":{"rotate":[{"angle":8.15}],"translate":[{"x":5.37,"y":-76}],"scale":[{"x":0.5,"curve":"stepped"},{"time":1.0667,"x":0.5,"curve":0.357,"c2":0.65,"c3":0.692},{"time":1.1667,"x":0.833,"y":1.25,"curve":0.25,"c3":0.75},{"time":1.2333,"x":0.167,"y":0.125}]}},"deform":{"biaoqing1":{"kua":{"kua":[{"offset":10,"vertices":[-1.59857,6.02781,-5.25089,11.73315,-4.18829,9.02034]}]}},"default":{"zong":{"zong2":[{"vertices":[-640.8872,57.72795,17.29212,57.25861,-3.7218,52.25529,-8.22478,52.75562,-12.22752,65.76427,2.87466,61.80525,25.99088,59.86781,25.99077,70.62838,-562.96027,70.62844]}]}}},"drawOrder":[{"offsets":[{"slot":"kua","offset":8},{"slot":"youdatui","offset":0},{"slot":"zuodatui","offset":17},{"slot":"zuoxiaotui","offset":17},{"slot":"zuojiao","offset":17},{"slot":"haitunzui2","offset":-13},{"slot":"yuqi4","offset":-13},{"slot":"haitun2","offset":-12},{"slot":"wave","offset":-3}]}]},"idle":{"bones":{"zuojiao":{"rotate":[{},{"time":0.4667,"angle":6.26,"curve":"stepped"},{"time":0.6,"angle":6.26},{"time":1}],"translate":[{},{"time":0.4667,"y":1.9,"curve":"stepped"},{"time":0.6,"y":1.9},{"time":1}]},"youjiao":{"rotate":[{},{"time":0.4667,"angle":-5.92,"curve":"stepped"},{"time":0.6,"angle":-5.92},{"time":1}],"translate":[{},{"time":0.4667,"y":1.4,"curve":"stepped"},{"time":0.6,"y":1.4},{"time":1}]},"zuoxiaotui":{"rotate":[{"angle":-8.55}]},"zuodatui":{"rotate":[{"angle":4.79}]},"youxiaotui":{"rotate":[{"angle":18.83}]},"youdatui":{"rotate":[{"angle":-10.61}]},"zuoxiaobi":{"rotate":[{"angle":0.9}]},"zuodabi2":{"translate":[{"x":1.63,"y":-1.2}]},"youxiaobi":{"rotate":[{"angle":6.55}]},"youdabi":{"rotate":[{"angle":-4.06}]},"xiaba":{"translate":[{"curve":0.252,"c3":0.622,"c4":0.48},{"time":0.4667,"x":-4.76,"y":4.17,"curve":0.334,"c2":0.34,"c3":0.67,"c4":0.68},{"time":0.6,"x":-5.61,"y":5.11,"curve":0.381,"c2":0.55,"c3":0.742},{"time":1}]},"tou1":{"rotate":[{"curve":0.321,"c3":0.654,"c4":0.34},{"time":0.4667,"angle":1.87,"curve":0.375,"c2":0.62,"c3":0.716},{"time":0.6,"angle":3.04,"curve":0.25,"c3":0.75},{"time":1}],"translate":[{"curve":0.25,"c3":0.625,"c4":0.5},{"time":0.4667,"x":-2.68,"y":2.26,"curve":0.25,"c3":0.75},{"time":0.6,"x":-3.2,"y":2.66,"curve":0.25,"c3":0.75},{"time":1}]},"shenti1":{"translate":[{"time":0.4667},{"time":0.6,"x":-0.02,"y":-0.37},{"time":1}]},"kua":{"rotate":[{"angle":1.06,"curve":0.382,"c2":0.57,"c3":0.735},{"time":0.1333,"curve":0.25,"c3":0.75},{"time":0.6,"angle":2.84,"curve":"stepped"},{"time":0.7333,"angle":2.84,"curve":0.25,"c3":0.75},{"time":1,"angle":1.06}],"translate":[{"y":-1.38,"curve":0.382,"c2":0.57,"c3":0.735},{"time":0.1333,"curve":0.25,"c3":0.75},{"time":0.6,"x":-3.11,"y":-7.2,"curve":"stepped"},{"time":0.7333,"x":-3.11,"y":-7.2,"curve":0.25,"c3":0.75},{"time":1,"y":-1.38}]},"yuqi2":{"rotate":[{},{"time":0.4667,"angle":-1.6,"curve":"stepped"},{"time":0.6,"angle":-1.6},{"time":1}]},"yuqi1":{"rotate":[{"angle":13.39,"curve":0.252,"c3":0.622,"c4":0.48},{"time":0.4667,"angle":4.16,"curve":"stepped"},{"time":0.6,"angle":4.16,"curve":0.334,"c2":0.34,"c3":0.67,"c4":0.68},{"time":1,"angle":13.39}]},"haitunzui":{"rotate":[{},{"time":0.4667,"angle":14.17},{"time":0.6,"angle":13.98},{"time":1}],"translate":[{"x":0.18,"y":2.65}]},"haitun":{"scale":[{"curve":0.252,"c3":0.622,"c4":0.48},{"time":0.4667,"y":1.03,"curve":"stepped"},{"time":0.6,"y":1.03,"curve":0.372,"c2":0.48,"c3":0.752},{"time":1}]},"haitun4":{"rotate":[{},{"time":0.5,"angle":-3.8},{"time":1}]},"haitun5":{"rotate":[{},{"time":0.5,"angle":-3.8},{"time":1}]},"haitun6":{"rotate":[{},{"time":0.5,"angle":-3.8},{"time":1}]}}},"jump1":{"slots":{"haitun":{"attachment":[{"time":0.4333,"name":null}]},"haitun2":{"attachment":[{"time":0.4333,"name":"haitun"}]},"haitunzui":{"attachment":[{"time":0.4333,"name":null}]},"haitunzui2":{"attachment":[{"time":0.4333,"name":"haitunzui"}]},"wave":{"attachment":[{"time":1,"name":"wave2"},{"time":1.1333,"name":"wave3"},{"time":1.2667,"name":"wave2"},{"time":1.4,"name":"wave3"}]},"yuqi1":{"attachment":[{"time":0.4333,"name":null}]},"yuqi2":{"attachment":[{"time":0.4333,"name":null}]},"yuqi3":{"attachment":[{"time":0.4333,"name":"yuqi1"}]},"yuqi4":{"attachment":[{"time":0.4333,"name":"yuqi2"}]}},"bones":{"zuojiao":{"rotate":[{"time":0.6333,"curve":0.25,"c3":0.75},{"time":0.7,"angle":36.25,"curve":0.25,"c3":0.75},{"time":0.7667,"angle":64.05,"curve":0.25,"c3":0.75},{"time":0.8667,"angle":73.16,"curve":0.25,"c3":0.75},{"time":0.9,"angle":-34.97,"curve":"stepped"},{"time":1.1667,"angle":-34.97,"curve":0.25,"c3":0.75},{"time":1.2,"angle":-11.01,"curve":0.25,"c3":0.75},{"time":1.2667,"angle":8.56}],"translate":[{"time":0.6333,"curve":0.25,"c3":0.75},{"time":0.7,"x":-3.91,"y":23.44,"curve":0.25,"c3":0.625,"c4":0.5},{"time":0.7333,"x":-12.37,"y":24.42,"curve":0.375,"c2":0.5,"c3":0.75},{"time":0.7667,"x":-20.84,"y":50.79,"curve":0.25,"c3":0.75},{"time":0.8667,"x":-33.86,"y":83.35,"curve":0.25,"c3":0.75},{"time":0.9,"x":-120.47,"y":181.03,"curve":0.25,"c3":0.75},{"time":0.9667,"x":-139.54,"y":209.33,"curve":0.25,"c3":0.75},{"time":1.1667,"x":-146.46,"y":223.15,"curve":0.25,"c3":0.75},{"time":1.2,"x":-208.56,"y":-27.41,"curve":0.25,"c3":0.75},{"time":1.4667,"x":-167.48,"y":-0.31}]},"youjiao":{"rotate":[{},{"time":0.8667,"angle":-26.28}],"translate":[{"time":0.7,"curve":0.25,"c3":0.625,"c4":0.5},{"time":0.7333,"x":3.26,"y":5.35,"curve":0.375,"c2":0.5,"c3":0.75},{"time":0.7667,"x":6.51,"y":50.79,"curve":0.25,"c3":0.75},{"time":0.8667,"x":-20.84,"y":80.1,"curve":0.25,"c3":0.75},{"time":0.9,"x":-79.45,"y":186.89,"curve":0.25,"c3":0.75},{"time":0.9667,"x":-98.32,"y":205.35,"curve":0.25,"c3":0.75},{"time":1.1667,"x":-98.32,"y":214.78,"curve":0.25,"c3":0.75},{"time":1.2,"x":-178.38,"y":-3.09}]},"zuoxiaotui":{"rotate":[{"angle":-13.16},{"time":1.4667,"angle":71.38}]},"zuodatui":{"rotate":[{"angle":9.45},{"time":1.4667,"angle":-50.53}],"translate":[{},{"time":1.4667,"y":12.82}]},"youxiaotui":{"rotate":[{"angle":8.07},{"time":1.4667,"angle":-38.89}]},"youdatui":{"rotate":[{"angle":-2.16},{"time":1.4667,"angle":-12.74}]},"zuoxiaobi":{"rotate":[{"angle":0.9,"curve":0.295,"c3":0.632,"c4":0.37},{"time":0.2,"angle":4.32,"curve":0.321,"c2":0.28,"c3":0.655,"c4":0.62},{"time":0.3,"angle":29.93},{"time":0.3667,"angle":36.99,"curve":0.25,"c3":0.75},{"time":0.4333,"angle":-2.74,"curve":0.25,"c3":0.75},{"time":0.6,"angle":21.66,"curve":0.25,"c3":0.75},{"time":0.7,"angle":-25.59,"curve":0.25,"c3":0.625,"c4":0.5},{"time":0.7333,"angle":-18.46,"curve":0.375,"c2":0.5,"c3":0.75},{"time":0.7667,"angle":32.46,"curve":0.25,"c3":0.75},{"time":0.8667,"angle":23.2,"curve":0.25,"c3":0.75},{"time":0.9,"angle":-26.57,"curve":0.25,"c3":0.75},{"time":0.9667,"angle":-44.9,"curve":"stepped"},{"time":1.1667,"angle":-44.9,"curve":0.25,"c3":0.75},{"time":1.2,"angle":-6.87,"curve":0.276,"c3":0.621,"c4":0.4},{"time":1.2667,"angle":15.53,"curve":0.333,"c2":0.33,"c3":0.758},{"time":1.4667,"angle":-3.58}]},"zuodabi2":{"rotate":[{},{"time":0.2,"angle":35.69},{"time":0.3,"angle":-1.47},{"time":0.3667,"angle":-68.77},{"time":0.4,"angle":-91.18},{"time":0.5333,"angle":-53.26,"curve":0.25,"c3":0.75},{"time":0.6,"angle":-24.21,"curve":0.25,"c3":0.75},{"time":0.7,"angle":12.29,"curve":0.25,"c3":0.625,"c4":0.5},{"time":0.7333,"angle":22.35,"curve":0.375,"c2":0.5,"c3":0.75},{"time":0.7667,"angle":-25.15,"curve":0.25,"c3":0.75},{"time":0.9,"angle":8.93,"curve":0.25,"c3":0.75},{"time":0.9667,"angle":21.33,"curve":0.25,"c3":0.75},{"time":1.1667,"angle":30.96,"curve":0.25,"c3":0.75},{"time":1.2,"angle":41.82,"curve":0.25,"c3":0.75},{"time":1.2667,"angle":-43.16}],"translate":[{"x":1.63,"y":-1.2},{"time":1.2667,"x":-4.71,"y":-0.18}]},"youxiaobi":{"rotate":[{"angle":6.55},{"time":0.2,"angle":-24.11},{"time":0.3,"angle":-40.78,"curve":0.25,"c3":0.75},{"time":0.3667,"angle":0.97},{"time":0.4333,"angle":-70.82,"curve":0.25,"c3":0.75},{"time":0.5333,"angle":-29.21,"curve":0.25,"c3":0.75},{"time":0.6,"angle":-4.04,"curve":0.25,"c3":0.75},{"time":0.7,"angle":-65.89,"curve":0.25,"c3":0.75},{"time":0.7667,"angle":-11.98,"curve":0.25,"c3":0.75},{"time":0.9,"angle":-59.87,"curve":0.25,"c3":0.75},{"time":1.2,"angle":-49.5}]},"youdabi":{"rotate":[{"angle":-4.06},{"time":0.2,"angle":2.86,"curve":0.245,"c3":0.637,"c4":0.56},{"time":0.3,"angle":14.29,"curve":0.381,"c2":0.55,"c3":0.742},{"time":0.3667,"angle":-10.25},{"time":0.4,"angle":-56.03},{"time":0.4333,"angle":-33.87,"curve":0.25,"c3":0.75},{"time":0.6,"angle":-24.05,"curve":0.25,"c3":0.75},{"time":0.7,"angle":55.9,"curve":0.25,"c3":0.75},{"time":0.7667,"angle":26.29,"curve":0.25,"c3":0.75},{"time":0.9,"angle":55.09,"curve":0.25,"c3":0.75},{"time":0.9667,"angle":78.1,"curve":"stepped"},{"time":1.1667,"angle":78.1,"curve":0.25,"c3":0.75},{"time":1.2,"angle":142.36,"curve":0.25,"c3":0.75},{"time":1.2667,"angle":-1.63}]},"xiaba":{"translate":[{"curve":0.253,"c3":0.621,"c4":0.48},{"time":0.2,"x":-7.48,"y":5.22,"curve":0.25,"c3":0.75},{"time":0.5333,"curve":0.253,"c3":0.621,"c4":0.48},{"time":1,"x":-7.48,"y":5.22,"curve":0.25,"c3":0.75},{"time":1.2333,"x":0.23,"y":0.33,"curve":0.333,"c2":0.33,"c3":0.666,"c4":0.67},{"time":1.2667,"x":-7.48,"y":5.22,"curve":0.25,"c3":0.75},{"time":1.4667}]},"tou1":{"rotate":[{"time":0.3},{"time":0.3667,"angle":-26.37},{"time":0.8333,"angle":-38.22,"curve":0.25,"c3":0.75},{"time":0.9,"angle":-2.5,"curve":0.25,"c3":0.75},{"time":1.1667,"angle":6.09,"curve":0.25,"c3":0.75},{"time":1.4667,"angle":-20.71}]},"shenti1":{"rotate":[{"curve":0.25,"c3":0.75},{"time":0.2,"angle":5.59},{"time":0.3,"angle":2.43},{"time":0.3667,"angle":19.58},{"time":0.7333,"angle":16.5,"curve":0.25,"c3":0.75},{"time":0.7667,"angle":6.4,"curve":0.25,"c3":0.75},{"time":0.8667,"angle":-4.49,"curve":"stepped"},{"time":0.9667,"angle":-4.49,"curve":0.25,"c3":0.75},{"time":1.1667,"angle":2.21,"curve":0.25,"c3":0.75},{"time":1.2,"angle":4.13,"curve":0.25,"c3":0.75},{"time":1.2667,"angle":15.07}]},"kua":{"rotate":[{"angle":1.06,"curve":0.376,"c2":0.53,"c3":0.726,"c4":0.94},{"time":0.3667,"angle":4.28,"curve":0.342,"c2":0.66,"c3":0.676},{"time":0.4,"angle":-5.88}],"translate":[{"x":-5.14,"y":-0.64,"curve":0.382,"c2":0.57,"c3":0.735},{"time":0.2,"x":-5.11,"y":-6.28},{"time":0.3,"x":11.51,"y":2.67},{"time":0.3667,"x":26.67,"y":-13.37},{"time":0.4,"x":15.8,"y":-17.18},{"time":0.4333,"x":22.2,"y":-13.35,"curve":0.25,"c3":0.75},{"time":0.4667,"x":16.99,"y":-13.35,"curve":"stepped"},{"time":0.6333,"x":16.99,"y":-13.35,"curve":0.25,"c3":0.75},{"time":0.7,"x":5.92,"y":-13.35,"curve":0.25,"c3":0.625,"c4":0.5},{"time":0.7333,"x":-4.83,"y":-37.37,"curve":0.375,"c2":0.5,"c3":0.75},{"time":0.7667,"x":-37.71,"y":48.52,"curve":0.25,"c3":0.75},{"time":0.8667,"x":-52.04,"y":77.82,"curve":0.25,"c3":0.75},{"time":0.9,"x":-65.71,"y":151.41,"curve":0.25,"c3":0.75},{"time":0.9667,"x":-72.23,"y":161.82,"curve":"stepped"},{"time":1.1667,"x":-72.23,"y":161.82,"curve":0.25,"c3":0.75},{"time":1.2,"x":-146.77,"y":-42.47}]},"yuqi1":{"rotate":[{"angle":13.39}]},"haitunzui":{"translate":[{"x":0.18,"y":2.65}]},"haitun":{"rotate":[{},{"time":0.2,"angle":-40.99},{"time":0.3667,"angle":-6.38},{"time":0.4,"angle":17.14},{"time":0.4333,"angle":39.95}],"translate":[{"time":0.3333},{"time":0.3667,"x":7.19,"y":-11.38},{"time":0.4,"x":7.46,"y":-31.3},{"time":0.4333,"x":23.79,"y":-167.84}]},"haitun2":{"rotate":[{},{"time":0.4333,"angle":-19,"curve":0.25,"c3":0.75},{"time":0.4667,"angle":3.71,"curve":0.25,"c3":0.75},{"time":0.5333,"angle":70.42,"curve":0.25,"c3":0.75},{"time":0.6,"angle":157.8,"curve":0.25,"c3":0.75},{"time":0.7,"angle":-69.84,"curve":0.25,"c3":0.75},{"time":0.7667,"angle":26.09,"curve":0.25,"c3":0.75},{"time":0.8,"angle":39.92,"curve":0.25,"c3":0.75},{"time":0.9,"angle":84.71,"curve":0.25,"c3":0.75},{"time":0.9667,"angle":-23.3}],"translate":[{},{"time":0.4333,"x":89.82,"y":192.21,"curve":0.25,"c3":0.75},{"time":0.4667,"x":72.75,"y":204.79,"curve":0.25,"c3":0.75},{"time":0.5333,"x":27.84,"y":235.33,"curve":0.25,"c3":0.75},{"time":0.6,"x":-12.57,"y":221.86,"curve":0.25,"c3":0.75},{"time":0.7,"x":-16.17,"y":196.71,"curve":0.25,"c3":0.75},{"time":0.7667,"x":-39.52,"y":126.65,"curve":0.25,"c3":0.75},{"time":0.8,"x":-25.15,"y":86.23,"curve":0.25,"c3":0.75},{"time":0.9,"x":-0.24,"y":-186.5,"curve":0.25,"c3":0.75},{"time":0.9667,"x":91.55,"y":-61.94,"curve":"stepped"},{"time":1.1667,"x":91.55,"y":-61.94,"curve":0.25,"c3":0.75},{"time":1.2,"x":91.55,"y":-73.29,"curve":0.25,"c3":0.75},{"time":1.3333,"x":91.55,"y":-60.32}]},"haitun4":{"rotate":[{"time":0.4,"curve":0.25,"c3":0.75},{"time":0.4333,"angle":5.48}]},"haitun5":{"rotate":[{"time":0.4,"curve":0.25,"c3":0.75},{"time":0.4333,"angle":9.59}]},"shenti":{"rotate":[{},{"time":0.2,"angle":5.59},{"time":0.3,"angle":-10.42},{"time":0.3667,"angle":-21.38},{"time":0.4333,"angle":-34.61,"curve":0.25,"c3":0.75},{"time":0.4667,"angle":-23.16,"curve":0.25,"c3":0.75},{"time":0.5333,"angle":-9.4,"curve":0.25,"c3":0.75},{"time":0.6,"angle":7.7,"curve":0.25,"c3":0.75},{"time":0.7,"angle":26.32,"curve":0.25,"c3":0.625,"c4":0.5},{"time":0.7333,"angle":28.73,"curve":0.375,"c2":0.5,"c3":0.75},{"time":0.7667,"angle":13.15,"curve":"stepped"},{"time":1.1667,"angle":13.15,"curve":0.25,"c3":0.75},{"time":1.2667,"angle":24.09,"curve":0.25,"c3":0.75},{"time":1.3333,"angle":15.48,"curve":0.25,"c3":0.75},{"time":1.4667,"angle":6.29}]},"wave":{"translate":[{"curve":0.25,"c3":0.75},{"time":1,"x":-121.94,"y":-65.28}]}},"deform":{"biaoqing1":{"kua":{"kua":[{"curve":0.25,"c3":0.75},{"time":1.2667,"offset":2,"curve":0.25,"c3":0.75,"vertices":[-0.27484,3.95872,4.10834,11.2945,2.27956,15.0442,-3.09302,9.38326,0,0,-6.45998,8.13531,-1.78606,8.99081]},{"time":1.4667,"offset":10,"vertices":[-1.59857,6.02781,-5.25089,11.73315,-4.18829,9.02034]}]}},"default":{"zong":{"zong2":[{"curve":"stepped"},{"time":0.7667,"curve":0.25,"c3":0.75},{"time":0.8,"offset":1,"vertices":[61.62637,-154.28667,62.3396,-157.2773,63.72596,-155.94159,63.43192,-155.78192,61.88593,-154.7149,64.01994,0.00011,61.6265]}]}}},"drawOrder":[{"time":1.2,"offsets":[{"slot":"kua","offset":6},{"slot":"youdatui","offset":0},{"slot":"zuodatui","offset":20},{"slot":"zuoxiaotui","offset":20},{"slot":"zuojiao","offset":20},{"slot":"haitunzui2","offset":-12},{"slot":"yuqi4","offset":-16},{"slot":"haitun2","offset":-17}]},{"time":1.2667,"offsets":[{"slot":"kua","offset":6},{"slot":"youdatui","offset":0},{"slot":"zuodatui","offset":18},{"slot":"zuoxiaotui","offset":18},{"slot":"zuojiao","offset":18},{"slot":"haitunzui2","offset":-13},{"slot":"yuqi4","offset":-16},{"slot":"haitun2","offset":-16}]}],"events":[{"time":0.8667,"name":"shuihua"}]},"jump2":{"slots":{"haitun":{"attachment":[{"name":null}]},"haitun2":{"attachment":[{"name":"haitun"},{"time":0.5,"name":null}]},"haitunzui":{"attachment":[{"name":null}]},"haitunzui2":{"attachment":[{"name":"haitunzui"},{"time":0.5,"name":null}]},"kua":{"attachment":[{"time":0.5667,"name":null}]},"wave":{"color":[{"time":0.4667,"color":"ffffff00","curve":0.25,"c3":0.75},{"time":0.5,"color":"ffffffff"}],"attachment":[{"name":"wave2"},{"time":0.1333,"name":null},{"time":0.4667,"name":"wave2"}]},"youdatui":{"attachment":[{"time":0.5667,"name":null}]},"youjiao":{"attachment":[{"time":0.5667,"name":null}]},"youxiaotui":{"attachment":[{"time":0.5667,"name":null}]},"yuqi1":{"attachment":[{"name":null}]},"yuqi2":{"attachment":[{"name":null}]},"yuqi3":{"attachment":[{"name":"yuqi1"},{"time":0.5,"name":null}]},"yuqi4":{"attachment":[{"name":"yuqi2"},{"time":0.5,"name":null}]},"zuodatui":{"attachment":[{"time":0.5667,"name":null}]},"zuojiao":{"attachment":[{"time":0.5667,"name":null}]},"zuoxiaotui":{"attachment":[{"time":0.5667,"name":null}]}},"bones":{"zong":{"rotate":[{"curve":0.25,"c3":0.75},{"time":0.2,"angle":17.9,"curve":0.25,"c3":0.75},{"time":0.4,"angle":11.68,"curve":0.25,"c3":0.75},{"time":0.5667}],"translate":[{"time":0.0667,"curve":0.25,"c3":0.75},{"time":0.2,"x":-112.66,"y":204.61,"curve":0.316,"c2":0.28,"c3":0.661,"c4":0.65},{"time":0.3333,"x":-244.68,"y":270.59,"curve":0.351,"c2":0.39,"c3":0.696,"c4":0.76},{"time":0.4333,"x":-368.89,"y":206.75,"curve":0.373,"c2":0.62,"c3":0.713},{"time":0.5,"x":-410.38,"y":112.9,"curve":0.25,"c3":0.625,"c4":0.5},{"time":0.5333,"x":-419.85,"y":38.69,"curve":0.375,"c2":0.5,"c3":0.75},{"time":0.5667,"x":-429.32,"y":-78.67}]},"zuojiao":{"rotate":[{"angle":8.56,"curve":"stepped"},{"time":0.2,"angle":8.56,"curve":0.25,"c3":0.75},{"time":0.3,"angle":0.04,"curve":0.25,"c3":0.75},{"time":0.5,"angle":47.58,"curve":0.25,"c3":0.75},{"time":0.5333,"angle":90.07}],"translate":[{"x":-167.48,"y":-0.31,"curve":0.25,"c3":0.75},{"time":0.0667,"x":-154.12,"y":-0.31,"curve":"stepped"},{"time":0.2,"x":-154.12,"y":-0.31,"curve":0.25,"c3":0.75},{"time":0.3,"x":-193.7,"y":-0.66,"curve":0.25,"c3":0.75},{"time":0.5,"x":-140.54,"y":9,"curve":0.25,"c3":0.75},{"time":0.5333,"x":-120.15,"y":28.6}]},"youjiao":{"rotate":[{"angle":-26.28}],"translate":[{"x":-178.38,"y":-3.09,"curve":"stepped"},{"time":0.2,"x":-178.38,"y":-3.09,"curve":0.247,"c3":0.631,"c4":0.53},{"time":0.3667,"x":-166.98,"y":-8.02,"curve":0.379,"c2":0.53,"c3":0.746},{"time":0.5,"x":-122.31,"y":-11.68,"curve":0.25,"c3":0.75},{"time":0.5333,"x":-97.31,"y":-11.68}]},"zuoxiaotui":{"rotate":[{"angle":71.38,"curve":0.25,"c3":0.75},{"time":0.2,"angle":69.36,"curve":0.25,"c3":0.75},{"time":0.7667,"angle":75.18}]},"zuodatui":{"rotate":[{"angle":-50.53,"curve":0.25,"c3":0.75},{"time":0.2,"angle":-35.42,"curve":0.25,"c3":0.75},{"time":0.7667,"angle":9.14}],"translate":[{"y":12.82}]},"youxiaotui":{"rotate":[{"angle":-38.89,"curve":"stepped"},{"time":0.2,"angle":-38.89,"curve":0.25,"c3":0.75},{"time":0.7667,"angle":-42.85}]},"youdatui":{"rotate":[{"angle":-12.74,"curve":"stepped"},{"time":0.2,"angle":-12.74,"curve":0.25,"c3":0.75},{"time":0.7667,"angle":80.9}]},"zuoxiaobi":{"rotate":[{"angle":-3.58,"curve":"stepped"},{"time":0.2,"angle":-3.58,"curve":0.243,"c3":0.685,"c4":0.73},{"time":0.5,"angle":-8.08,"curve":0.35,"c2":0.42,"c3":0.685,"c4":0.76},{"time":0.5333,"angle":-4.94,"curve":0.358,"c2":0.65,"c3":0.693},{"time":0.5667,"angle":-53.39}]},"zuodabi2":{"rotate":[{"angle":-43.16,"curve":0.25,"c3":0.75},{"time":0.0667,"angle":-50.82,"curve":"stepped"},{"time":0.3667,"angle":-50.82,"curve":0.25,"c3":0.75},{"time":0.5,"angle":12.48,"curve":0.25,"c3":0.75},{"time":0.5667,"angle":8.59,"curve":0.265,"c3":0.618,"c4":0.43},{"time":0.7667,"angle":-6.95}],"translate":[{"x":-4.71,"y":-0.18}]},"youxiaobi":{"rotate":[{"angle":-49.5,"curve":"stepped"},{"time":0.2,"angle":-49.5,"curve":0.246,"c3":0.636,"c4":0.55},{"time":0.5333,"angle":-37.76,"curve":0.352,"c2":0.4,"c3":0.694,"c4":0.76},{"time":0.6333,"angle":-11.08,"curve":0.344,"c2":0.39,"c3":0.678,"c4":0.72},{"time":0.7,"angle":-128.4,"curve":0.363,"c2":0.64,"c3":0.699},{"time":0.7667,"angle":-108.24}]},"youdabi":{"rotate":[{"angle":-1.63,"curve":"stepped"},{"time":0.3667,"angle":-1.63,"curve":0.25,"c3":0.75},{"time":0.5,"angle":102.98,"curve":0.25,"c3":0.75},{"time":0.5667,"angle":93,"curve":0.243,"c3":0.649,"c4":0.6},{"time":0.7,"angle":55.09,"curve":0.382,"c2":0.57,"c3":0.735},{"time":0.7667,"angle":23.97}]},"xiaba":{"translate":[{"time":0.2,"curve":0.25,"c3":0.75},{"time":0.3,"x":-9.16,"y":6.34,"curve":0.25,"c3":0.75},{"time":0.5333,"x":-1.65,"y":-0.32,"curve":0.25,"c3":0.75},{"time":0.7667}]},"tou1":{"rotate":[{"angle":-20.71,"curve":"stepped"},{"time":0.2,"angle":-20.71,"curve":0.25,"c3":0.75},{"time":0.5667,"angle":-13.49}]},"shenti1":{"rotate":[{"angle":15.07,"curve":0.25,"c3":0.75},{"time":0.0667,"angle":19.36,"curve":0.25,"c3":0.75},{"time":0.7667,"angle":5.15}]},"kua":{"rotate":[{"angle":-5.88}],"translate":[{"x":-146.77,"y":-42.47}]},"yuqi1":{"rotate":[{"angle":13.39}]},"haitunzui":{"translate":[{"x":0.18,"y":2.65}]},"haitun":{"rotate":[{"angle":39.95}],"translate":[{"x":23.79,"y":-167.84}]},"haitun2":{"rotate":[{"angle":-23.3,"curve":0.274,"c3":0.62,"c4":0.4},{"time":0.2,"angle":-34.37,"curve":0.317,"c2":0.28,"c3":0.657,"c4":0.64},{"time":0.3667,"angle":-11.79,"curve":0.335,"c2":0.34,"c3":0.67,"c4":0.68},{"time":0.5,"angle":5.83,"curve":0.382,"c2":0.55,"c3":0.741},{"time":0.7667,"angle":-7.8}],"translate":[{"x":91.55,"y":-60.32,"curve":"stepped"},{"time":0.2,"x":91.55,"y":-60.32,"curve":0.25,"c3":0.75},{"time":0.3667,"x":85.11,"y":-60.32}]},"haitun4":{"rotate":[{"angle":5.48}]},"haitun5":{"rotate":[{"angle":9.59}]},"shenti":{"rotate":[{"angle":6.29,"curve":0.25,"c3":0.75},{"time":0.0667,"angle":10.58,"curve":"stepped"},{"time":0.2,"angle":10.58,"curve":0.245,"c3":0.637,"c4":0.56},{"time":0.4,"angle":13.36,"curve":0.25,"c3":0.75},{"time":0.6,"angle":-1.56}]},"wave":{"rotate":[{"angle":8.15}],"translate":[{"x":-121.94,"y":-65.28,"curve":"stepped"},{"time":0.4333,"x":-121.94,"y":-65.28,"curve":0.25,"c3":0.75},{"time":0.4667,"x":-576.92,"y":-76}],"scale":[{"curve":0.25,"c3":0.75},{"time":0.4667,"x":0.333,"y":0.75,"curve":0.355,"c2":0.65,"c3":0.689},{"time":0.5667,"x":1.333,"y":1.25,"curve":0.25,"c3":0.75},{"time":0.6667,"curve":0.25,"c3":0.75},{"time":0.7667,"x":0.5}]},"root":{"translate":[{"x":84.43}]}},"deform":{"biaoqing1":{"kua":{"kua":[{"offset":10,"vertices":[-1.59857,6.02781,-5.25089,11.73315,-4.18829,9.02034]}]}},"biaoqing2":{"kua":{"kua":[{"offset":10,"vertices":[0.5345,6.62357,-0.24095,16.51807,-1.3206,15.19048]}]}},"default":{"zong":{"zong2":[{"offset":1,"curve":0.25,"c3":0.75,"vertices":[61.62637,-154.28667,62.3396,-157.2773,63.72596,-155.94159,63.43192,-155.78192,61.88593,-154.7149,64.01994,0.00011,61.6265]},{"time":0.4667,"curve":0.301,"c2":0.21,"c3":0.756,"vertices":[-618.5791,-83.55594,-395.50488,-84.02528,-438.8269,52.25529,-407.52777,52.75562,-411.53046,65.76427,-393.3542,61.80525,25.99088,59.86781,25.99077,70.62838,-562.96027,70.62844]},{"time":0.7667,"vertices":[-618.5791,-83.55594,-354.08722,-84.02528,-397.40924,52.25529,-407.52777,52.75562,-411.53046,65.76427,-393.3542,61.80525,25.99088,59.86781,25.99077,70.62838,-562.96027,70.62844]}]}}},"drawOrder":[{"offsets":[{"slot":"kua","offset":6},{"slot":"youdatui","offset":0},{"slot":"zuodatui","offset":18},{"slot":"zuoxiaotui","offset":18},{"slot":"zuojiao","offset":18},{"slot":"haitunzui2","offset":-13},{"slot":"yuqi4","offset":-16},{"slot":"haitun2","offset":-16},{"slot":"wave","offset":-2}]},{"time":0.7667,"offsets":[{"slot":"kua","offset":8},{"slot":"youdatui","offset":0},{"slot":"zuodatui","offset":17},{"slot":"zuoxiaotui","offset":17},{"slot":"zuojiao","offset":17},{"slot":"haitunzui2","offset":-13},{"slot":"yuqi4","offset":-13},{"slot":"haitun2","offset":-14},{"slot":"wave","offset":-3}]}],"events":[{"time":0.5,"name":"shuihua"}]},"jump3":{"slots":{"haitun":{"attachment":[{"name":null}]},"haitun2":{"attachment":[{"name":"haitun"},{"time":0.2667,"name":null}]},"haitunzui":{"attachment":[{"name":null}]},"haitunzui2":{"attachment":[{"name":"haitunzui"},{"time":0.2667,"name":null}]},"kua":{"attachment":[{"time":0.2667,"name":null}]},"wave":{"color":[{"time":0.4333,"color":"ffffff00","curve":0.258,"c3":0.619,"c4":0.45},{"time":0.5,"color":"ffffffff"}],"attachment":[{"name":"wave2"},{"time":0.0667,"name":null},{"time":0.4333,"name":"wave2"}]},"youdatui":{"attachment":[{"time":0.2667,"name":null}]},"youjiao":{"attachment":[{"time":0.2667,"name":null}]},"youxiaotui":{"attachment":[{"time":0.2667,"name":null}]},"yuqi1":{"attachment":[{"name":null}]},"yuqi2":{"attachment":[{"name":null}]},"yuqi3":{"attachment":[{"name":"yuqi1"},{"time":0.2667,"name":null}]},"yuqi4":{"attachment":[{"name":"yuqi2"},{"time":0.2667,"name":null}]},"zuodatui":{"attachment":[{"time":0.2667,"name":null}]},"zuojiao":{"attachment":[{"time":0.2667,"name":null}]},"zuoxiaotui":{"attachment":[{"time":0.2667,"name":null}]}},"bones":{"zong":{"translate":[{"curve":0.25,"c3":0.75},{"time":0.1333,"x":-49.43,"y":147.44,"curve":0.25,"c3":0.75},{"time":0.2667,"x":-79.36,"y":187.47,"curve":0.25,"c3":0.75},{"time":0.6,"x":-79.36,"y":-87.77}]},"zuojiao":{"rotate":[{"angle":8.56,"curve":0.25,"c3":0.75},{"time":0.2667,"angle":90.07}],"translate":[{"x":-167.48,"y":-0.31,"curve":0.25,"c3":0.75},{"time":0.0667,"x":-154.12,"y":-0.31,"curve":0.25,"c3":0.75},{"time":0.2667,"x":-120.15,"y":28.6}]},"youjiao":{"rotate":[{"angle":-26.28}],"translate":[{"x":-178.38,"y":-3.09,"curve":0.25,"c3":0.75},{"time":0.2667,"x":-97.31,"y":-11.68}]},"zuoxiaotui":{"rotate":[{"angle":71.38,"curve":0.25,"c3":0.75},{"time":0.2667,"angle":75.18}]},"zuodatui":{"rotate":[{"angle":-50.53,"curve":0.25,"c3":0.75},{"time":0.2667,"angle":9.14}],"translate":[{"y":12.82}]},"youxiaotui":{"rotate":[{"angle":-38.89,"curve":0.25,"c3":0.75},{"time":0.2667,"angle":-42.85}]},"youdatui":{"rotate":[{"angle":-12.74,"curve":0.25,"c3":0.75},{"time":0.2667,"angle":80.9}]},"zuoxiaobi":{"rotate":[{"angle":-3.58,"curve":0.25,"c3":0.75},{"time":0.2667,"angle":-53.39}]},"zuodabi2":{"rotate":[{"angle":-43.16,"curve":0.25,"c3":0.75},{"time":0.0667,"angle":-50.82,"curve":0.25,"c3":0.75},{"time":0.2667,"angle":-6.95}],"translate":[{"x":-4.71,"y":-0.18}]},"youxiaobi":{"rotate":[{"angle":-49.5,"curve":0.25,"c3":0.625,"c4":0.5},{"time":0.2667,"angle":-108.24}]},"youdabi":{"rotate":[{"angle":-1.63,"curve":0.25,"c3":0.625,"c4":0.5},{"time":0.2667,"angle":23.97}]},"tou1":{"rotate":[{"angle":-20.71,"curve":0.25,"c3":0.75},{"time":0.2667,"angle":-13.49}]},"shenti1":{"rotate":[{"angle":15.07,"curve":0.25,"c3":0.75},{"time":0.0667,"angle":19.36,"curve":0.25,"c3":0.75},{"time":0.2667,"angle":6.46}]},"kua":{"rotate":[{"angle":-5.88}],"translate":[{"x":-146.77,"y":-42.47}]},"yuqi1":{"rotate":[{"angle":13.39}]},"haitunzui":{"translate":[{"x":0.18,"y":2.65}]},"haitun":{"rotate":[{"angle":39.95}],"translate":[{"x":23.79,"y":-167.84}]},"haitun2":{"rotate":[{"angle":-23.3,"curve":0.25,"c3":0.75},{"time":0.2667,"angle":-30.19,"curve":0.25,"c3":0.75},{"time":0.6,"angle":-7.8}],"translate":[{"x":91.55,"y":-60.32,"curve":0.25,"c3":0.75},{"time":0.2667,"x":85.11,"y":-60.32}]},"haitun4":{"rotate":[{"angle":5.48}]},"haitun5":{"rotate":[{"angle":9.59}]},"shenti":{"rotate":[{"angle":6.29,"curve":0.25,"c3":0.75},{"time":0.0667,"angle":10.58,"curve":0.25,"c3":0.75},{"time":0.2667,"angle":-1.56}]},"wave":{"rotate":[{"angle":8.15}],"translate":[{"x":-121.94,"y":-65.28,"curve":0.25,"c3":0.75},{"time":0.4333,"x":-225.57,"y":-76}],"scale":[{"curve":0.25,"c3":0.75},{"time":0.4333,"x":0.5,"curve":0.258,"c3":0.619,"c4":0.45},{"time":0.5,"x":0.667,"curve":0.363,"c2":0.44,"c3":0.755},{"time":0.6,"x":0.5}]},"root":{"translate":[{"x":84.43}]}},"deform":{"biaoqing1":{"kua":{"kua":[{"offset":10,"vertices":[-1.59857,6.02781,-5.25089,11.73315,-4.18829,9.02034]}]}},"biaoqing2":{"kua":{"kua":[{"offset":10,"vertices":[0.5345,6.62357,-0.24095,16.51807,-1.3206,15.19048]}]}},"default":{"zong":{"zong2":[{"offset":1,"curve":0.25,"c3":0.75,"vertices":[61.62637,-154.28667,62.3396,-157.2773,63.72596,-155.94159,63.43192,-155.78192,61.88593,-154.7149,64.01994,0.00011,61.6265]},{"time":0.2667,"curve":0.301,"c2":0.21,"c3":0.756,"vertices":[-618.5791,-83.55594,36.52607,-84.02528,-6.79602,52.25529,-11.29893,52.75562,-15.30167,65.76427,2.87466,61.80525,25.99088,59.86781,25.99077,70.62838,-562.96027,70.62844]},{"time":0.6,"vertices":[-618.5791,-83.55594,-139.8367,-84.02528,-183.1588,52.25529,-187.66171,52.75562,-191.66444,65.76427,-173.48813,61.80525,25.99088,59.86781,25.99077,70.62838,-562.96027,70.62844]}]}}},"drawOrder":[{"offsets":[{"slot":"kua","offset":6},{"slot":"youdatui","offset":0},{"slot":"zuodatui","offset":18},{"slot":"zuoxiaotui","offset":18},{"slot":"zuojiao","offset":18},{"slot":"haitunzui2","offset":-13},{"slot":"yuqi4","offset":-16},{"slot":"haitun2","offset":-16},{"slot":"wave","offset":-2}]},{"time":0.4333,"offsets":[{"slot":"kua","offset":8},{"slot":"youdatui","offset":0},{"slot":"zuodatui","offset":17},{"slot":"zuoxiaotui","offset":17},{"slot":"zuojiao","offset":17},{"slot":"haitunzui2","offset":-13},{"slot":"yuqi4","offset":-13},{"slot":"haitun2","offset":-12},{"slot":"wave","offset":-3}]}]},"move1":{"bones":{"zuojiao":{"rotate":[{"angle":13.99,"curve":"stepped"},{"time":0.2,"angle":13.99},{"time":0.4333,"angle":43.29,"curve":0.25,"c3":0.75},{"time":0.5667,"angle":9.38,"curve":0.25,"c3":0.75},{"time":2,"angle":13.99}],"translate":[{"x":8.77},{"time":0.2,"x":-29.66,"y":3.42},{"time":0.4333,"x":-38.91,"y":17.26,"curve":0.25,"c3":0.75},{"time":0.5667,"x":-37.94,"y":15.57,"curve":0.269,"c3":0.618,"c4":0.42},{"time":0.7333,"x":-44.03,"y":1.65,"curve":0.315,"c3":0.649,"c4":0.35},{"time":0.8,"x":-36.71,"y":1.65,"curve":0.307,"c2":0.18,"c3":0.643,"c4":0.53},{"time":0.9,"x":-25.81,"y":1.66,"curve":"stepped"},{"time":1,"x":-25.81,"y":1.66,"curve":0.317,"c2":0.27,"c3":0.653,"c4":0.61},{"time":1.4667,"x":10.46,"y":0.68,"curve":0.34,"c2":0.36,"c3":0.674,"c4":0.69},{"time":1.6,"x":16.94,"y":0.48,"curve":0.342,"c2":0.37,"c3":0.676,"c4":0.7},{"time":1.7,"x":26.34,"y":1.3,"curve":0.372,"c2":0.62,"c3":0.711},{"time":2,"x":8.77}]},"youjiao":{"rotate":[{},{"time":0.9,"angle":20.74},{"time":2}],"translate":[{},{"time":0.5667,"x":40.47,"y":-3.43,"curve":0.311,"c3":0.646,"c4":0.35},{"time":0.7,"x":49.62,"y":-3.35,"curve":0.317,"c2":0.23,"c3":0.651,"c4":0.57},{"time":0.8,"x":49.76,"y":-3.17,"curve":0.321,"c2":0.28,"c3":0.655,"c4":0.62},{"time":0.9,"x":51.52,"y":-2.93,"curve":0.307,"c2":0.25,"c3":0.666,"c4":0.66},{"time":1,"x":46.7,"y":-2.93,"curve":0.307,"c2":0.25,"c3":0.666,"c4":0.66},{"time":1.4667,"x":-22,"y":8.16,"curve":0.341,"c2":0.36,"c3":0.676,"c4":0.7},{"time":1.6,"x":-26.73,"y":-0.83,"curve":0.341,"c2":0.36,"c3":0.676,"c4":0.7},{"time":1.7,"x":-27.5,"y":-6.01,"curve":0.377,"c2":0.61,"c3":0.72},{"time":2}]},"zuoxiaotui":{"rotate":[{"angle":-8.55}]},"zuodatui":{"rotate":[{"angle":4.79}],"translate":[{},{"time":0.5667,"x":-9.05},{"time":0.9667,"x":22.05,"y":-4.06},{"time":1.4667,"x":-3.35,"y":-9.86},{"time":1.6,"x":2.83,"y":-7.89},{"time":1.7,"x":8.61,"y":-5.92},{"time":2}]},"youxiaotui":{"rotate":[{"angle":18.83}]},"youdatui":{"rotate":[{"angle":-10.61}],"translate":[{},{"time":0.5667,"x":12.85,"y":-5.15},{"time":0.9667,"x":22.76,"y":-3.81},{"time":1.4667,"x":-37.29,"y":-1.91},{"time":2}]},"zuoxiaobi":{"rotate":[{"angle":0.9,"curve":0.331,"c3":0.664,"c4":0.33},{"time":0.5667,"angle":-20.11,"curve":0.328,"c2":0.15,"c3":0.661,"c4":0.49},{"time":2,"angle":0.9}]},"zuodabi2":{"rotate":[{},{"time":0.5667,"angle":18.33},{"time":2}],"translate":[{"x":1.63,"y":-1.2}]},"youxiaobi":{"rotate":[{"angle":-7.41},{"time":0.5667,"angle":-12.12},{"time":2,"angle":-7.41}]},"youdabi":{"rotate":[{"angle":3.52,"curve":0.309,"c3":0.644,"c4":0.35},{"time":0.5667,"angle":-11.25,"curve":0.33,"c2":0.31,"c3":0.663,"c4":0.64},{"time":0.7,"angle":8.65,"curve":0.309,"c2":0.22,"c3":0.645,"c4":0.57},{"time":1.6,"angle":32.28,"curve":0.326,"c2":0.31,"c3":0.66,"c4":0.64},{"time":2,"angle":3.52}]},"xiaba":{"translate":[{"curve":0.329,"c3":0.663,"c4":0.34},{"time":0.6667,"x":-6.42,"y":5.63,"curve":0.33,"c2":0.22,"c3":0.663,"c4":0.56},{"time":0.8333,"x":0.21,"y":0.31,"curve":0.326,"c2":0.23,"c3":0.66,"c4":0.56},{"time":1,"curve":0.329,"c3":0.663,"c4":0.34},{"time":1.6667,"x":-6.42,"y":5.63,"curve":0.33,"c2":0.22,"c3":0.663,"c4":0.56},{"time":1.8333}]},"shenti1":{"rotate":[{"angle":1.58,"curve":0.333,"c2":0.33,"c3":0.667,"c4":0.66},{"time":0.0667,"curve":0.333,"c3":0.666,"c4":0.33},{"time":0.6333,"angle":2.11,"curve":0.333,"c2":0.3,"c3":0.667,"c4":0.64},{"time":0.7333,"angle":4.24,"curve":0.333,"c2":0.31,"c3":0.667,"c4":0.64},{"time":0.8333,"angle":9.19,"curve":0.333,"c2":0.29,"c3":0.667,"c4":0.63},{"time":1.0667,"angle":4.09,"curve":0.333,"c2":0.25,"c3":0.666,"c4":0.58},{"time":1.7333,"angle":8.85,"curve":0.333,"c2":0.31,"c3":0.666,"c4":0.64},{"time":2,"angle":1.58}]},"kua":{"rotate":[{"angle":1.06}],"translate":[{"y":-10.72},{"time":0.2,"y":-3.36},{"time":0.5667,"y":1.86},{"time":0.8,"x":-37.59,"y":-32.93},{"time":1,"x":-38.83,"y":-23.35},{"time":1.4667,"x":9.15,"y":7.48},{"time":1.7,"x":-31.74,"y":-23.23},{"time":2,"y":-10.72}]},"yuqi2":{"rotate":[{},{"time":0.5667,"angle":-10.01},{"time":2}]},"yuqi1":{"rotate":[{"angle":13.1,"curve":0.287,"c3":0.626,"c4":0.38},{"time":0.5667,"angle":12.25,"curve":0.326,"c2":0.31,"c3":0.66,"c4":0.64},{"time":0.7667,"angle":-5.3,"curve":0.313,"c2":0.27,"c3":0.655,"c4":0.63},{"time":1,"angle":13.1,"curve":0.287,"c3":0.626,"c4":0.38},{"time":1.5667,"angle":12.25,"curve":0.326,"c2":0.31,"c3":0.66,"c4":0.64},{"time":1.7667,"angle":-5.3,"curve":0.313,"c2":0.27,"c3":0.655,"c4":0.63},{"time":1.9667,"angle":13.1,"curve":0.287,"c3":0.626,"c4":0.38},{"time":2,"angle":13.39}]},"haitunzui":{"rotate":[{"angle":13.46},{"time":1,"angle":4.22},{"time":2,"angle":13.46}],"translate":[{"x":0.18,"y":2.65}]},"shenti":{"rotate":[{"curve":0.25,"c3":0.75},{"time":0.5667,"angle":-18.98,"curve":0.25,"c3":0.75},{"time":0.7,"angle":-16.77,"curve":0.25,"c3":0.75},{"time":0.8,"angle":-11.64,"curve":0.25,"c3":0.75},{"time":1,"angle":-15.72,"curve":0.25,"c3":0.75},{"time":1.7,"angle":-8.46,"curve":0.25,"c3":0.75},{"time":2}]},"haitun4":{"rotate":[{},{"time":0.3333,"angle":-3.68},{"time":0.7,"angle":12.61},{"time":0.9,"angle":-8.36},{"time":1.0667,"angle":3.9},{"time":1.4667,"angle":12.61},{"time":1.7,"angle":-8.36},{"time":1.8333,"angle":3.9},{"time":2}]},"haitun5":{"rotate":[{},{"time":0.3333,"angle":-3.68},{"time":0.7,"angle":12.61},{"time":0.9,"angle":-8.36},{"time":1.0667,"angle":3.9},{"time":1.4667,"angle":12.61},{"time":1.7,"angle":-8.36},{"time":1.8333,"angle":3.9},{"time":2}]},"haitun6":{"rotate":[{},{"time":0.3333,"angle":-3.68},{"time":0.7,"angle":12.61},{"time":0.9,"angle":-8.36},{"time":1.0667,"angle":3.9},{"time":1.4667,"angle":12.61},{"time":1.7,"angle":-8.36},{"time":1.8333,"angle":3.9},{"time":2}]},"haitun7":{"rotate":[{"time":0.5333},{"time":0.8333,"angle":3.87},{"time":1.3667},{"time":1.7,"angle":3.87},{"time":2}]},"haitun8":{"rotate":[{"time":0.5333},{"time":0.8333,"angle":3.87},{"time":1.3667},{"time":1.7,"angle":3.87},{"time":2}]},"haitun9":{"rotate":[{"time":0.5333},{"time":0.8333,"angle":3.87},{"time":1.3667},{"time":1.7,"angle":3.87},{"time":2}]}}},"move2":{"slots":{"haitun":{"attachment":[{"name":null}]},"haitunzui":{"attachment":[{"name":null}]},"yuqi1":{"attachment":[{"name":null}]},"yuqi2":{"attachment":[{"name":null}]}},"bones":{"zuojiao":{"rotate":[{"angle":13.99},{"time":0.7333,"angle":3.49},{"time":1.7,"angle":34.5},{"time":2,"angle":13.99}],"translate":[{"x":0.81,"y":5.69},{"time":0.5667,"x":-37.71,"y":18.96},{"time":0.7333,"x":-43.56,"y":0.38},{"time":1.4667,"x":14.21,"y":4.72},{"time":1.7,"x":29.6,"y":15.48},{"time":2,"x":0.81,"y":5.69}]},"youjiao":{"rotate":[{},{"time":0.8,"angle":14.31},{"time":0.9667,"angle":27.59},{"time":1.3333,"angle":43.73},{"time":1.4667,"angle":18.16},{"time":1.7,"angle":-3.19},{"time":2}],"translate":[{},{"time":0.5667,"x":45.37},{"time":0.8,"x":55.19,"y":-4.14},{"time":0.9667,"x":53.92,"y":-3.6},{"time":1.3333,"x":37.02,"y":2.11},{"time":1.4667,"x":-3.14,"y":1.62},{"time":1.7,"x":-25.1,"y":0.97},{"time":2}]},"zuoxiaotui":{"rotate":[{"angle":-8.55}]},"zuodatui":{"rotate":[{"angle":4.79}],"translate":[{},{"time":0.5667,"x":-8.57,"y":-0.7},{"time":1.4667,"x":-3.18,"y":-5.22},{"time":2}]},"youxiaotui":{"rotate":[{"angle":18.83}]},"youdatui":{"rotate":[{"angle":-10.61}],"translate":[{},{"time":0.5667,"x":26.98,"y":0.36},{"time":0.8,"x":22.98,"y":-1.29},{"time":1.4667,"x":-2.85,"y":-0.56},{"time":2}]},"zuoxiaobi":{"rotate":[{"angle":37.09,"curve":0.333,"c3":0.666,"c4":0.33},{"time":0.5667,"angle":58.92,"curve":0.333,"c2":0.31,"c3":0.667,"c4":0.64},{"time":0.7,"angle":56.14,"curve":0.333,"c2":0.28,"c3":0.666,"c4":0.61},{"time":0.9667,"angle":31.06,"curve":0.333,"c2":0.32,"c3":0.667,"c4":0.65},{"time":1.0667,"angle":37.58,"curve":0.333,"c2":0.29,"c3":0.666,"c4":0.62},{"time":1.3667,"angle":46.56,"curve":0.333,"c2":0.3,"c3":0.666,"c4":0.63},{"time":1.7,"angle":33.9,"curve":0.333,"c2":0.3,"c3":0.666,"c4":0.64},{"time":2,"angle":37.09}]},"zuodabi2":{"rotate":[{"angle":-39.02},{"time":0.7,"angle":-12.86},{"time":1.0667,"angle":-41.05},{"time":1.6,"angle":-42.94},{"time":1.7,"angle":-47.57},{"time":2,"angle":-39.02}],"translate":[{"x":1.63,"y":-1.2}]},"youxiaobi":{"rotate":[{"angle":-7.41},{"time":0.4333,"angle":12.03},{"time":0.6333,"angle":-5.93},{"time":0.8,"angle":-21.81},{"time":0.9667,"angle":-1.09},{"time":1.5,"angle":-4.25},{"time":1.5667,"angle":7.79},{"time":1.7333,"angle":-10.06},{"time":2,"angle":-7.41}]},"youdabi":{"rotate":[{"angle":3.52,"curve":0.326,"c3":0.659,"c4":0.34},{"time":0.5667,"angle":1.08,"curve":0.332,"c2":0.31,"c3":0.665,"c4":0.64},{"time":0.7,"angle":-20.25,"curve":0.329,"c2":0.26,"c3":0.662,"c4":0.6},{"time":1.0667,"angle":3.92,"curve":0.331,"c2":0.3,"c3":0.664,"c4":0.64},{"time":1.2667,"angle":22.11,"curve":0.331,"c2":0.31,"c3":0.664,"c4":0.64},{"time":1.4667,"angle":39.35,"curve":0.331,"c2":0.31,"c3":0.664,"c4":0.65},{"time":1.7,"angle":9.62,"curve":0.33,"c2":0.31,"c3":0.663,"c4":0.64},{"time":2,"angle":3.52}]},"xiaba":{"translate":[{"curve":0.329,"c3":0.662,"c4":0.34},{"time":0.5667,"x":-6.49,"y":4.43,"curve":0.323,"c2":0.15,"c3":0.657,"c4":0.49},{"time":0.7333,"curve":0.329,"c3":0.662,"c4":0.34},{"time":1.6,"x":-6.49,"y":4.43,"curve":0.323,"c2":0.15,"c3":0.657,"c4":0.49},{"time":1.7333}]},"shenti1":{"rotate":[{"angle":1.58},{"time":0.5667,"angle":-9.9},{"time":0.7,"angle":0.63},{"time":0.8,"angle":5.95},{"time":1.4667,"angle":-7.86},{"time":1.6,"angle":-8.04},{"time":1.7,"angle":3.85},{"time":2,"angle":1.58}]},"kua":{"rotate":[{"angle":1.06}],"translate":[{"y":-3.89},{"time":0.5667,"x":4.08,"y":3.11},{"time":0.7,"x":2.07,"y":-2.12},{"time":0.8,"x":-8.37,"y":-14.24},{"time":1.4667,"x":4.08,"y":3.11},{"time":1.7,"x":-11.76,"y":-9.01},{"time":2,"y":-3.89}]},"yuqi1":{"rotate":[{"angle":13.1}]},"haitunzui":{"rotate":[{"angle":13.46}],"translate":[{"x":0.18,"y":2.65}]},"shenti":{"rotate":[{"angle":-2.5},{"time":0.5667,"angle":-13.97},{"time":0.7,"angle":-3.34},{"time":0.8,"angle":1.99},{"time":1.4667,"angle":-12.69},{"time":1.6,"angle":-12.66},{"time":1.7,"angle":0.68},{"time":2,"angle":-2.5}]}},"deform":{"biaoqing1":{"kua":{"kua":[{"offset":2,"curve":0.25,"c3":0.75,"vertices":[1.58672,-2.45013,11.45304,-1.64742,6.20485,-0.83253,-2.87905,-7.22349,0,0,-4.95884,-4.91571,-1.65143,-5.27048,0,0,0,0,0,0,0,0,0,0,0,0,2.06035,-4.11776,2.29405,-1.98499]},{"time":0.2667,"offset":2,"curve":0.25,"c3":0.75,"vertices":[4.53516,-0.56243,11.45304,-1.64742,6.20485,-0.83253,5.01349,-0.57126,0,0,-6.23141,-0.60229,-2.13472,0.99659]},{"time":0.6,"offset":2,"curve":0.25,"c3":0.75,"vertices":[4.53516,-0.56243,11.45304,-1.64742,6.20485,-0.83253,-10.12786,-0.09674,0,0,-11.49939,-1.49259,0.07085,3.82652,0,0,0,0,0,0,0,0,0,0,0,0,1.9417,-0.03594]},{"time":0.9,"offset":2,"curve":0.25,"c3":0.75,"vertices":[4.53516,-0.56243,11.45304,-1.64742,6.20485,-0.83253,-10.12786,-0.09674,0,0,-11.49939,-1.49259,0.07085,3.82652,0,0,0,0,0,0,0,0,0,0,0,0,2.06035,-4.11776,2.29405,-1.98499]},{"time":1.3333,"offset":2,"curve":0.25,"c3":0.75,"vertices":[4.53516,-0.56243,11.45304,-1.64742,6.20485,-0.83253,-10.12786,-0.09674,0,0,-4.95884,-4.91571,-3.93828,-2.89746,0,0,0,0,0,0,0,0,0,0,0,0,2.06035,-4.11776,2.29405,-1.98499]},{"time":1.5,"offset":2,"curve":0.25,"c3":0.75,"vertices":[4.53516,-0.56243,11.45304,-1.64742,6.20485,-0.83253,-2.87905,-7.22349,0,0,-4.95884,-4.91571,-3.93828,-2.89746,0,0,0,0,0,0,0,0,0,0,0,0,2.06035,-4.11776,2.29405,-1.98499]},{"time":2,"offset":2,"vertices":[1.58672,-2.45013,11.45304,-1.64742,6.20485,-0.83253,-2.87905,-7.22349,0,0,-4.95884,-4.91571,-1.65143,-5.27048,0,0,0,0,0,0,0,0,0,0,0,0,2.06035,-4.11776,2.29405,-1.98499]}]}}},"drawOrder":[{"offsets":[{"slot":"kua","offset":3}]}]},"move3":{"slots":{"haitun":{"attachment":[{"name":null}]},"haitun2":{"attachment":[{"name":"haitun"}]},"haitunzui":{"attachment":[{"name":null}]},"haitunzui2":{"attachment":[{"name":"haitunzui"}]},"wave":{"attachment":[{"name":"wave2"},{"time":0.1333,"name":"wave3"},{"time":0.2667,"name":"wave2"},{"time":0.4,"name":"wave3"},{"time":0.5333,"name":"wave2"}]},"yuqi1":{"attachment":[{"name":null}]},"yuqi2":{"attachment":[{"name":null}]},"yuqi3":{"attachment":[{"name":"yuqi1"}]},"yuqi4":{"attachment":[{"name":"yuqi2"}]}},"bones":{"zong":{"translate":[{"curve":0.25,"c3":0.75},{"time":0.2667,"y":6.09,"curve":0.25,"c3":0.75},{"time":0.5333}]},"zuojiao":{"rotate":[{"angle":8.56}],"translate":[{"x":-167.48,"y":-0.31}]},"youjiao":{"rotate":[{"angle":-26.28}],"translate":[{"x":-178.38,"y":-3.09}]},"zuoxiaotui":{"rotate":[{"angle":71.38}]},"zuodatui":{"rotate":[{"angle":-50.53}],"translate":[{"y":12.82}]},"youxiaotui":{"rotate":[{"angle":-38.89}]},"youdatui":{"rotate":[{"angle":-12.74}]},"zuoxiaobi":{"rotate":[{"angle":-3.58,"curve":0.25,"c3":0.75},{"time":0.2667,"angle":-19.85,"curve":0.25,"c3":0.75},{"time":0.5333,"angle":-3.58}]},"zuodabi2":{"rotate":[{"angle":-43.16}],"translate":[{"x":-4.71,"y":-0.18}]},"youxiaobi":{"rotate":[{"angle":-49.5,"curve":0.25,"c3":0.625,"c4":0.5},{"time":0.2667,"angle":-78.94,"curve":0.375,"c2":0.5,"c3":0.75},{"time":0.5333,"angle":-49.5}]},"youdabi":{"rotate":[{"angle":-1.63,"curve":0.25,"c3":0.625,"c4":0.5},{"time":0.2667,"angle":5.19,"curve":0.375,"c2":0.5,"c3":0.75},{"time":0.5333,"angle":-1.63}],"translate":[{"curve":0.25,"c3":0.625,"c4":0.5},{"time":0.2667,"x":2.88,"y":-5.05,"curve":0.375,"c2":0.5,"c3":0.75},{"time":0.5333}]},"xiaba":{"translate":[{"curve":0.279,"c3":0.622,"c4":0.39},{"time":0.2667,"x":-5.95,"y":4.77,"curve":0.313,"c2":0.27,"c3":0.654,"c4":0.62},{"time":0.5333}]},"tou1":{"rotate":[{"angle":-20.71}]},"shenti1":{"rotate":[{"angle":15.07,"curve":0.25,"c3":0.75},{"time":0.2667,"angle":21.84,"curve":0.25,"c3":0.75},{"time":0.5333,"angle":15.07}]},"kua":{"rotate":[{"angle":-5.88}],"translate":[{"x":-146.77,"y":-42.47}]},"yuqi1":{"rotate":[{"angle":13.39}]},"haitunzui":{"translate":[{"x":0.18,"y":2.65}]},"haitun":{"rotate":[{"angle":39.95}],"translate":[{"x":23.79,"y":-167.84}]},"haitun2":{"rotate":[{"angle":-23.3,"curve":0.25,"c3":0.75},{"time":0.2667,"angle":-31.84,"curve":0.25,"c3":0.75},{"time":0.5333,"angle":-23.3}],"translate":[{"x":91.55,"y":-60.32}]},"haitun4":{"rotate":[{"angle":5.48}]},"haitun5":{"rotate":[{"angle":9.59}]},"shenti":{"rotate":[{"angle":6.29,"curve":0.25,"c3":0.75},{"time":0.2667,"angle":13.05,"curve":0.25,"c3":0.75},{"time":0.5333,"angle":6.29}]},"wave":{"rotate":[{"angle":8.15}],"translate":[{"x":-121.94,"y":-65.28}]},"root":{"translate":[{"x":84.47}]}},"deform":{"biaoqing1":{"kua":{"kua":[{"offset":10,"vertices":[-1.59857,6.02781,-5.25089,11.73315,-4.18829,9.02034]}]}},"biaoqing2":{"kua":{"kua":[{"offset":10,"vertices":[0.5345,6.62357,-0.24095,16.51807,-1.3206,15.19048]}]}},"default":{"zong":{"zong2":[{"offset":1,"vertices":[61.62637,-154.28667,62.3396,-157.2773,63.72596,-155.94159,63.43192,-155.78192,61.88593,-154.7149,64.01994,0.00011,61.6265]}]}}},"drawOrder":[{"offsets":[{"slot":"kua","offset":6},{"slot":"youdatui","offset":0},{"slot":"zuodatui","offset":18},{"slot":"zuoxiaotui","offset":18},{"slot":"zuojiao","offset":18},{"slot":"haitunzui2","offset":-13},{"slot":"yuqi4","offset":-16},{"slot":"haitun2","offset":-16}]}]},"move4":{"slots":{"haitun":{"attachment":[{"name":null}]},"haitunzui":{"attachment":[{"name":null}]},"kua":{"attachment":[{"name":null}]},"wave":{"attachment":[{"name":"wave2"},{"time":0.1333,"name":"wave3"},{"time":0.2667,"name":"wave2"},{"time":0.4,"name":"wave3"},{"time":0.5333,"name":"wave2"},{"time":0.6667,"name":"wave3"},{"time":0.8,"name":"wave2"},{"time":0.9333,"name":"wave3"},{"time":1.0667,"name":"wave2"},{"time":1.2,"name":"wave3"},{"time":1.3333,"name":"wave2"}]},"youdatui":{"attachment":[{"name":null}]},"youjiao":{"attachment":[{"name":null}]},"youxiaotui":{"attachment":[{"name":null}]},"yuqi1":{"attachment":[{"name":null}]},"yuqi2":{"attachment":[{"name":null}]},"zuodatui":{"attachment":[{"name":null}]},"zuojiao":{"attachment":[{"name":null}]},"zuoxiaotui":{"attachment":[{"name":null}]}},"bones":{"zong":{"translate":[{"x":151.26,"y":-87.77}]},"zuojiao":{"rotate":[{"angle":90.07}],"translate":[{"x":-120.15,"y":28.6}]},"youjiao":{"rotate":[{"angle":-26.28}],"translate":[{"x":-97.31,"y":-11.68}]},"zuoxiaotui":{"rotate":[{"angle":75.18}]},"zuodatui":{"rotate":[{"angle":9.14}],"translate":[{"y":12.82}]},"youxiaotui":{"rotate":[{"angle":-42.85}]},"youdatui":{"rotate":[{"angle":80.9}]},"zuoxiaobi":{"rotate":[{"angle":-53.39,"curve":"stepped"},{"time":0.4,"angle":-53.39,"curve":0.329,"c2":0.3,"c3":0.662,"c4":0.63},{"time":0.5,"angle":-37.71,"curve":0.329,"c2":0.31,"c3":0.662,"c4":0.64},{"time":0.6,"angle":-12.08,"curve":0.309,"c2":0.23,"c3":0.646,"c4":0.58},{"time":1.3333,"angle":-53.39}]},"zuodabi2":{"rotate":[{"angle":-6.95,"curve":"stepped"},{"time":0.4,"angle":-6.95,"curve":0.33,"c2":0.3,"c3":0.664,"c4":0.63},{"time":0.5667,"angle":-77.22,"curve":0.312,"c2":0.19,"c3":0.647,"c4":0.54},{"time":1.3333,"angle":-6.95}],"translate":[{"x":-4.71,"y":-0.18}]},"youxiaobi":{"rotate":[{"angle":-108.24,"curve":0.292,"c3":0.63,"c4":0.37},{"time":0.3667,"angle":-92.19,"curve":0.324,"c2":0.29,"c3":0.658,"c4":0.63},{"time":0.5,"angle":-129.09,"curve":0.311,"c2":0.26,"c3":0.653,"c4":0.62},{"time":1.0333,"angle":-56.79,"curve":0.333,"c2":0.33,"c3":0.666,"c4":0.67},{"time":1.1667,"angle":-43.4,"curve":0.334,"c2":0.34,"c3":0.668,"c4":0.67},{"time":1.3333,"angle":-108.24}]},"youdabi":{"rotate":[{"angle":23.97,"curve":0.313,"c3":0.648,"c4":0.35},{"time":0.3667,"angle":39.15,"curve":0.327,"c2":0.29,"c3":0.661,"c4":0.62},{"time":0.5,"angle":44.16,"curve":0.314,"c2":0.23,"c3":0.649,"c4":0.57},{"time":1.0333,"angle":-13.83,"curve":0.33,"c2":0.32,"c3":0.663,"c4":0.65},{"time":1.1667,"angle":-59.18,"curve":0.329,"c2":0.32,"c3":0.663,"c4":0.65},{"time":1.3333,"angle":23.97}]},"xiaba":{"translate":[{"curve":0.315,"c3":0.649,"c4":0.35},{"time":0.3667,"x":-9.62,"y":6.08,"curve":0.322,"c2":0.25,"c3":0.656,"c4":0.59},{"time":0.6333,"x":-3.95,"y":4.27,"curve":0.311,"c2":0.23,"c3":0.647,"c4":0.57},{"time":1,"x":-9.62,"y":6.08,"curve":0.322,"c2":0.25,"c3":0.656,"c4":0.59},{"time":1.3333}]},"tou1":{"rotate":[{"angle":-13.49}]},"shenti1":{"rotate":[{"angle":6.46,"curve":0.348,"c2":0.66,"c3":0.682},{"time":0.0667,"angle":5.15,"curve":0.25,"c3":0.75},{"time":0.4333,"angle":-4.35,"curve":0.315,"c2":0.26,"c3":0.651,"c4":0.6},{"time":0.5667,"angle":11.04,"curve":0.347,"c2":0.38,"c3":0.702,"c4":0.78},{"time":0.7333,"angle":12.8,"curve":0.347,"c2":0.38,"c3":0.702,"c4":0.78},{"time":1.1,"angle":-3.05,"curve":0.342,"c2":0.38,"c3":0.676,"c4":0.71},{"time":1.2333,"angle":12.03,"curve":0.35,"c2":0.46,"c3":0.685,"c4":0.8},{"time":1.3333,"angle":6.46}]},"kua":{"rotate":[{"angle":-5.88}],"translate":[{"x":-146.77,"y":-42.47,"curve":0.276,"c3":0.621,"c4":0.4},{"time":0.3333,"x":-146.77,"y":-31.58,"curve":0.333,"c2":0.33,"c3":0.758},{"time":0.5,"x":-146.77,"y":-42.47,"curve":0.276,"c3":0.621,"c4":0.4},{"time":0.9333,"x":-146.77,"y":-31.58,"curve":0.333,"c2":0.33,"c3":0.758},{"time":1.1,"x":-146.77,"y":-42.47}]},"yuqi1":{"rotate":[{"angle":13.39}]},"haitunzui":{"translate":[{"x":0.18,"y":2.65}]},"haitun":{"rotate":[{"angle":39.95}],"translate":[{"x":23.79,"y":-167.84}]},"haitun2":{"rotate":[{"angle":-7.8}],"translate":[{"x":85.11,"y":-60.32}]},"haitun4":{"rotate":[{"angle":5.48}]},"haitun5":{"rotate":[{"angle":9.59}]},"shenti":{"rotate":[{"angle":-1.56,"curve":0.294,"c3":0.632,"c4":0.37},{"time":0.3667,"angle":-11.05,"curve":0.315,"c2":0.26,"c3":0.651,"c4":0.6},{"time":0.5,"angle":6.09,"curve":"stepped"},{"time":0.6667,"angle":6.09,"curve":0.347,"c2":0.38,"c3":0.702,"c4":0.78},{"time":1.0333,"angle":-9.75,"curve":0.342,"c2":0.38,"c3":0.676,"c4":0.71},{"time":1.1667,"angle":5.32,"curve":0.364,"c2":0.64,"c3":0.701},{"time":1.3333,"angle":-1.56}]},"wave":{"rotate":[{"angle":8.15}],"translate":[{"x":5.37,"y":-76}],"scale":[{"x":0.5}]}},"deform":{"biaoqing1":{"kua":{"kua":[{"offset":10,"vertices":[-1.59857,6.02781,-5.25089,11.73315,-4.18829,9.02034]}]}},"default":{"zong":{"zong2":[{"vertices":[-618.5791,-83.55594,36.52607,-84.02528,-6.79602,52.25529,-11.29893,52.75562,-15.30167,65.76427,2.87466,61.80525,25.99088,59.86781,25.99077,70.62838,-562.96027,70.62844]}]}}},"drawOrder":[{"offsets":[{"slot":"kua","offset":8},{"slot":"youdatui","offset":0},{"slot":"zuodatui","offset":17},{"slot":"zuoxiaotui","offset":17},{"slot":"zuojiao","offset":17},{"slot":"haitunzui2","offset":-13},{"slot":"yuqi4","offset":-13},{"slot":"haitun2","offset":-14},{"slot":"wave","offset":-3}]}]}}},[0]]],0,0,[0],[-1],[3]]]]