[1,["21k1a2VMZI5Y0IlBjClpCv","f5cV+viYZCWbtxd6HCuEPo","80TO+O/FNDy7F1P5e/rY8G","6fBZ90iylLMJk6smd/Bxlp","deXbQzXYhF46jymhRQ7A5E","ecpdLyjvZBwrvm+cedCcQy","f6MRpHcbNMxJQgV58ofSE+","1e7CDQkCFK5r0p3OKFEDR7","15H04luF5O2p2leK0Rdgxx","a5RDPR5BBKPaleQ6EX3IbN","a0XJFJDG9CSJz/xtlD01/g"],["_textureSetter","root","wordSprite","node","data","_spriteFrame"],["cc.SpriteFrame",["cc.PrefabInfo",["fileId","root","asset"],2,1,1],["cc.Prefab",["_name"],2],["cc.Node",["_name","_children","_components","_prefab"],2,2,9,4],["cc.Node",["_name","_parent","_components","_prefab","_contentSize"],2,1,2,4,5],["dfe58WKdXhPIIN3qd6gO7l7",["node","wordSprite","wordFrames"],3,1,1,3],["cc.Sprite",["_sizeMode","_isTrimmedMode","node","_materials"],1,1,3]],[[2,0,2],[3,0,1,2,3,2],[4,0,1,2,3,4,2],[5,0,1,2,1],[1,1,2,1],[1,0,1,2,2],[6,0,1,2,3,3]],[[[{"name":"large_wave","rect":[2,2,519,79],"offset":[0,0],"originalSize":[523,83],"capInsets":[0,0,0,0]}],[0],0,[0],[0],[1]],[[{"name":"plant","rect":[2,2,157,70],"offset":[0,0],"originalSize":[161,74],"capInsets":[0,0,0,0]}],[0],0,[0],[0],[2]],[[{"name":"ready","rect":[2,2,179,73],"offset":[0,-0.5],"originalSize":[183,76],"capInsets":[0,0,0,0]}],[0],0,[0],[0],[3]],[[{"name":"last_wave","rect":[2,2,235,80],"offset":[0,0],"originalSize":[239,84],"capInsets":[0,0,0,0]}],[0],0,[0],[0],[4]],[[[0,"WordEffect"],[1,"WordEffect",[-4],[[3,-3,-2,[1,2,3,4,5]]],[4,-1,0]],[2,"ready",1,[-5],[5,"7bZbEp49RP8K58dTWYO6qu",1,0],[5,183,76]],[6,2,false,2,[0]]],0,[0,1,1,0,2,3,0,3,1,0,-1,2,0,-1,3,0,4,1,5],[0,0,0,0,0,0,3],[-1,-1,-2,-3,-4,-5,5],[5,0,6,7,8,9,0]],[[{"name":"place","rect":[2,2,180,72],"offset":[0,0],"originalSize":[184,76],"capInsets":[0,0,0,0]}],[0],0,[0],[0],[10]]]]