[1,["b7xH3VbqtLuowDdwXjFHfy"],0,[["sp.SkeletonData",["_name","_atlasText","textureNames","_skeletonJson","textures"],-1,3]],[[0,0,1,2,3,4,5]],[[0,"effect009","\r\neffect009.png\r\nsize: 256,1007\r\nformat: RGBA8888\r\nfilter: Linear,Linear\r\nrepeat: none\r\n20_chaonenghuacai/tksj_001\r\n  rotate: false\r\n  xy: 2, 205\r\n  size: 124, 124\r\n  orig: 138, 134\r\n  offset: 7, 4\r\n  index: -1\r\n20_chaonenghuacai/tksj_002\r\n  rotate: false\r\n  xy: 2, 733\r\n  size: 138, 134\r\n  orig: 138, 134\r\n  offset: 0, 0\r\n  index: -1\r\n20_chaonenghuacai/tksj_003\r\n  rotate: false\r\n  xy: 2, 464\r\n  size: 138, 131\r\n  orig: 138, 134\r\n  offset: 0, 2\r\n  index: -1\r\n20_chaonenghuacai/tksj_004\r\n  rotate: false\r\n  xy: 2, 597\r\n  size: 138, 134\r\n  orig: 138, 134\r\n  offset: 0, 0\r\n  index: -1\r\n20_chaonenghuacai/tksj_005\r\n  rotate: false\r\n  xy: 2, 331\r\n  size: 135, 131\r\n  orig: 138, 134\r\n  offset: 2, 2\r\n  index: -1\r\nShield_Cycle\r\n  rotate: true\r\n  xy: 126, 2\r\n  size: 85, 84\r\n  orig: 86, 86\r\n  offset: 0, 2\r\n  index: -1\r\n花菜/eff_atk2_f0037\r\n  rotate: false\r\n  xy: 214, 136\r\n  size: 38, 38\r\n  orig: 45, 42\r\n  offset: 4, 2\r\n  index: -1\r\n花菜/eff_atk2_f0039\r\n  rotate: false\r\n  xy: 142, 479\r\n  size: 91, 91\r\n  orig: 94, 94\r\n  offset: 1, 1\r\n  index: -1\r\n花菜/eff_atk2_f0040\r\n  rotate: false\r\n  xy: 2, 81\r\n  size: 122, 122\r\n  orig: 125, 125\r\n  offset: 2, 2\r\n  index: -1\r\n花菜/eff_atk2_f0041\r\n  rotate: true\r\n  xy: 2, 5\r\n  size: 74, 72\r\n  orig: 76, 74\r\n  offset: 1, 1\r\n  index: -1\r\n花菜/eff_atk2_f0042\r\n  rotate: false\r\n  xy: 126, 89\r\n  size: 86, 85\r\n  orig: 88, 87\r\n  offset: 1, 1\r\n  index: -1\r\n花菜/eff_atk2_f0044\r\n  rotate: false\r\n  xy: 143, 782\r\n  size: 110, 108\r\n  orig: 112, 110\r\n  offset: 1, 1\r\n  index: -1\r\n花菜/eff_atk2_f0046\r\n  rotate: false\r\n  xy: 128, 176\r\n  size: 124, 122\r\n  orig: 127, 124\r\n  offset: 1, 1\r\n  index: -1\r\n花菜/eff_atk2_f0048\r\n  rotate: false\r\n  xy: 2, 869\r\n  size: 139, 136\r\n  orig: 141, 138\r\n  offset: 1, 1\r\n  index: -1\r\n花菜/eff_atk2_f0050\r\n  rotate: false\r\n  xy: 142, 572\r\n  size: 102, 101\r\n  orig: 104, 103\r\n  offset: 1, 1\r\n  index: -1\r\n花菜/eff_atk2_f0052\r\n  rotate: false\r\n  xy: 142, 675\r\n  size: 107, 105\r\n  orig: 109, 107\r\n  offset: 1, 1\r\n  index: -1\r\n花菜/eff_atk2_f0054\r\n  rotate: true\r\n  xy: 143, 892\r\n  size: 113, 111\r\n  orig: 115, 113\r\n  offset: 1, 1\r\n  index: -1\r\n花菜/eff_atk2_f0056\r\n  rotate: false\r\n  xy: 139, 300\r\n  size: 89, 87\r\n  orig: 91, 89\r\n  offset: 1, 1\r\n  index: -1\r\n花菜/eff_atk2_f0058\r\n  rotate: false\r\n  xy: 142, 389\r\n  size: 90, 88\r\n  orig: 94, 93\r\n  offset: 2, 2\r\n  index: -1\r\n",["effect009.png"],{"skeleton":{"hash":"uO8lg+LqL3g+kZ9kzABHeUiMu7k","spine":"3.8.99","fps":24,"images":"D:/Work/植物大战僵尸2娘化版/动画/娘化版/打击特效/龙骨导出的spine资源/library","audio":"D:\\Work\\植物大战僵尸2娘化版\\动画\\娘化版\\打击特效\\龙骨导出的spine资源"},"bones":[{"name":"root"},{"name":"tksj_001","parent":"root","rotation":45},{"name":"Shield_Cycle","parent":"root","rotation":132.51},{"name":"tksj_0012","parent":"root","rotation":45},{"name":"Shield_Cycle1","parent":"root","rotation":90,"x":20.05,"y":1.7}],"slots":[{"name":"tksj_001","bone":"tksj_001","attachment":"20_chaonenghuacai/tksj_002","blend":"additive"},{"name":"Shield_Cycle","bone":"Shield_Cycle1","attachment":"Shield_Cycle","blend":"additive"},{"name":"tksj_0012","bone":"tksj_0012","attachment":"20_chaonenghuacai/tksj_002","blend":"additive"},{"name":"eff_atk2_f0037","bone":"root","attachment":"花菜/eff_atk2_f0039"}],"skins":[{"name":"default","attachments":{"Shield_Cycle":{"Shield_Cycle":{"x":-1.7,"y":20.05,"rotation":-90,"width":86,"height":86}},"eff_atk2_f0037":{"花菜/eff_atk2_f0037":{"width":45,"height":42},"花菜/eff_atk2_f0039":{"width":94,"height":94},"花菜/eff_atk2_f0040":{"width":125,"height":125},"花菜/eff_atk2_f0041":{"width":76,"height":74},"花菜/eff_atk2_f0042":{"width":88,"height":87},"花菜/eff_atk2_f0044":{"width":112,"height":110},"花菜/eff_atk2_f0046":{"width":127,"height":124},"花菜/eff_atk2_f0048":{"width":141,"height":138},"花菜/eff_atk2_f0050":{"width":104,"height":103},"花菜/eff_atk2_f0052":{"width":109,"height":107},"花菜/eff_atk2_f0054":{"width":115,"height":113},"花菜/eff_atk2_f0056":{"width":91,"height":89},"花菜/eff_atk2_f0058":{"width":94,"height":93}},"tksj_001":{"20_chaonenghuacai/tksj_001":{"rotation":-45,"width":138,"height":134},"20_chaonenghuacai/tksj_002":{"rotation":-45,"width":138,"height":134},"20_chaonenghuacai/tksj_003":{"rotation":-45,"width":138,"height":134},"20_chaonenghuacai/tksj_004":{"rotation":-45,"width":138,"height":134},"20_chaonenghuacai/tksj_005":{"rotation":-45,"width":138,"height":134}},"tksj_0012":{"20_chaonenghuacai/tksj_001":{"rotation":-45,"width":138,"height":134},"20_chaonenghuacai/tksj_002":{"rotation":-45,"width":138,"height":134},"20_chaonenghuacai/tksj_003":{"rotation":-45,"width":138,"height":134},"20_chaonenghuacai/tksj_004":{"rotation":-45,"width":138,"height":134},"20_chaonenghuacai/tksj_005":{"rotation":-45,"width":138,"height":134}}}}],"animations":{"newAnimation":{"slots":{"Shield_Cycle":{"color":[{"color":"d957ff00"},{"time":0.125,"color":"d957ffff"},{"time":0.5417,"color":"d957ff00"}]},"eff_atk2_f0037":{"attachment":[{"name":"花菜/eff_atk2_f0037"},{"time":0.0417,"name":"花菜/eff_atk2_f0039"},{"time":0.0833,"name":"花菜/eff_atk2_f0040"},{"time":0.125,"name":"花菜/eff_atk2_f0041"},{"time":0.1667,"name":"花菜/eff_atk2_f0042"},{"time":0.2083,"name":"花菜/eff_atk2_f0044"},{"time":0.25,"name":"花菜/eff_atk2_f0046"},{"time":0.2917,"name":"花菜/eff_atk2_f0048"},{"time":0.3333,"name":"花菜/eff_atk2_f0050"},{"time":0.375,"name":"花菜/eff_atk2_f0052"},{"time":0.4167,"name":"花菜/eff_atk2_f0054"},{"time":0.4583,"name":"花菜/eff_atk2_f0056"},{"time":0.5,"name":"花菜/eff_atk2_f0058"},{"time":0.5421,"name":null}]},"tksj_001":{"color":[{"color":"eb5cff00"},{"time":0.125,"color":"871fffff"},{"time":0.5417,"color":"8f1fff00"}],"attachment":[{"time":0.2083,"name":"20_chaonenghuacai/tksj_003"},{"time":0.2917,"name":"20_chaonenghuacai/tksj_004"},{"time":0.375,"name":"20_chaonenghuacai/tksj_005"}]},"tksj_0012":{"color":[{"color":"eb5cff00"},{"time":0.125,"color":"1257ffff"},{"time":0.5833,"color":"8f1fff00"}],"attachment":[{"time":0.2083,"name":"20_chaonenghuacai/tksj_003"},{"time":0.2917,"name":"20_chaonenghuacai/tksj_004"},{"time":0.375,"name":"20_chaonenghuacai/tksj_005"}]}},"bones":{"tksj_001":{"scale":[{"x":0.5,"y":0.5},{"time":0.125},{"time":0.5417,"x":1.1,"y":1.1}]},"tksj_0012":{"scale":[{"x":0.5,"y":0.5},{"time":0.125,"curve":"stepped"},{"time":0.375},{"time":0.5833,"x":1.1,"y":1.1}]},"Shield_Cycle":{"rotate":[{"angle":-40.92}],"scale":[{"x":0.2,"y":0.4},{"time":0.125,"x":0.8,"y":1.6},{"time":0.5417,"y":3}]}}}}},[0]]],0,0,[0],[-1],[0]]