[1,["ecpdLyjvZBwrvm+cedCcQy","a2MjXRFdtLlYQ5ouAFv/+R","d61C/zuQVIGJ7IAWakUXS9","ebQUb8+39OGbPM9ef0ljWp","10cHYbgwpI9p4LMc4FGuI4","e02AiLvaJGzq6dxRnh6iTy","a7y5EpcY9Ora3eis73RThR","22Q9oD1SpLrrlNFIhJJdjE","51TYST/8JHT6zNtqv38/JA","dbgYup+7FI5rwYet6mCtjX","58l5hn7aBEiJIqgOcD4Qm3","bdLX5odr5OMbBpSzSp6msz","11JlEDjNtGtoNCtxmBYne6","faOx7ARfFOpK/ohVn3RQL9","21hgA4NSFGhKlwibUByyi8","1205XFBhBBI5E6xeKKgubx","622S+65n5CXqZu3AtzOSt7","a5zse4qu5GQI62+DMZ8UxE","90dQTKXdVE+Jj4y/bCDkTs","27eXQw2vlBFJpwi0nM88Lp","0ePCZuvJVJkoZVXRNzWYp0","a7jB5TW1tEaoJ8ow35xV9Y","7anr1JKZtOt5TBQeGtq7xC"],["node","_textureSetter","_spriteFrame","_parent","upEffectNode","bulletNode","plantZombieNode","downEffectNode","battleUINode","bgNode","testTip","shovel","sunUINode","sunCountLabel","popNode","boardNode","touchShowYR","touchShowYL","touchShowX","cardContent","scene","cardPrefab","root","selectTag","cdMask","cdStaticMask","priceLabel","cardIcon","data"],[["cc.Node",["_name","_active","_opacity","_id","_components","_parent","_contentSize","_trs","_children","_anchorPoint","_color","_prefab"],-1,9,1,5,7,2,5,5,4],"cc.SpriteFrame",["cc.Node",["_name","_opacity","_parent","_components","_contentSize","_color","_trs","_prefab","_anchorPoint"],1,1,2,5,5,7,4,5],["cc.Sprite",["_sizeMode","_type","_fillType","_fillStart","_fillRange","node","_materials","_spriteFrame"],-2,1,3,6],["cc.Label",["_string","_fontSize","_lineHeight","_N$horizontalAlign","_N$verticalAlign","_styleFlags","node","_materials"],-3,1,3],["cc.PrefabInfo",["fileId","root","asset"],2,1,1],["cc.SceneAsset",["_name","asyncLoadAssets"],1],["cc.Canvas",["node","_designResolution"],3,1,5],["cc.Widget",["_alignFlags","node"],2,1],["132dcxtIelN5q2Nk4+WL4Rp",["node"],3,1],["5c468O9/vFPubEpk5DzQ5Lm",["node"],3,1],["d13677cUm5Cm5ueL3UZ51Y4",["node","plantCardFrames"],3,1,3],["f47c5wLAAZL35lEo7ZfwU94",["enabledDebugDraw","node"],2,1],["6596eId2FRLVqFNHXeYVQ+4",["node"],3,1],["d21c2BYZZpGabjy0cEXP4rf",["node"],3,1],["df721QfqtJH6ISch33dy7N5",["node","bgNode","battleUINode","downEffectNode","plantZombieNode","bulletNode","upEffectNode"],3,1,1,1,1,1,1,1],["43616PuMRlF4ooGSkXeY6Ka",["node"],3,1],["3114bnqbzFBEqjH2YiD/Eos",["node"],3,1],["9d5c6h5YVhFF76Apog6VUhJ",["node","sunCountLabel","sunUINode","shovel","testTip"],3,1,1,1,1,1],["5fc2bwtxBVEhpbi01E3sB0R",["node","boardNode","popNode"],3,1,1,1],["86a4cwtXIlMSrXJ0lrmrlsK",["node","touchShowX","touchShowYL","touchShowYR"],3,1,1,1,1],["2968fkttspIT5a1kZ/KNhdN",["node","cardContent","cardPrefab"],3,1,1,6],["cc.Button",["node","clickEvents"],3,1,9],["cc.ClickEvent",["_componentId","handler","target"],1,1],["cc.Layout",["_resize","_N$layoutType","_N$spacingY","node","_layoutSize"],0,1,5],["cc.Scene",["_name","_active","_children","_anchorPoint","_trs"],1,2,5,7],["cc.Camera",["_clearFlags","_depth","node"],1,1],["cc.RichText",["_N$string","_N$fontSize","_N$lineHeight","node"],0,1],["cc.Prefab",["_name"],2],["cc.Mask",["node","_materials"],3,1,3],["7c370pfHupJy6vC3j5aNppR",["node","cardIcon","priceLabel","cdStaticMask","cdMask","selectTag"],3,1,1,1,1,1,1]],[[8,0,1,2],[3,0,5,6,7,2],[5,0,1,2,2],[0,0,5,2],[3,5,6,7,1],[0,0,5,8,4,6,2],[0,0,1,2,5,4,6,9,4],[0,0,5,4,6,2],[0,0,1,2,5,4,11,10,6,9,4],[2,0,2,3,5,4,6,2],[6,0,1,3],[0,0,3,8,4,6,7,3],[0,0,8,4,7,2],[0,0,8,4,6,9,7,2],[0,0,5,8,2],[0,0,5,8,4,6,7,2],[0,0,5,8,4,7,2],[0,0,1,5,4,6,7,3],[0,0,1,2,5,4,10,6,7,4],[0,0,5,4,6,9,7,2],[0,0,5,4,6,7,2],[0,0,5,7,2],[0,0,8,4,11,6,9,2],[2,0,2,3,7,4,8,6,2],[2,0,2,3,7,5,4,8,6,2],[2,0,1,2,3,7,5,4,8,3],[7,0,1,1],[9,0,1],[10,0,1],[11,0,1,1],[12,0,1,2],[13,0,1],[14,0,1],[15,0,1,2,3,4,5,6,1],[16,0,1],[17,0,1],[18,0,1,2,3,4,1],[19,0,1,2,1],[20,0,1,2,3,1],[3,5,6,1],[3,1,0,2,3,4,5,6,6],[21,0,1,2,1],[22,0,1,1],[23,0,1,2,3],[24,0,1,2,3,4,4],[25,0,1,2,3,4,3],[26,0,1,2,3],[4,0,1,2,3,4,6,7,6],[4,0,1,2,5,3,4,6,7,7],[27,0,1,2,3,4],[28,0,2],[29,0,1,1],[30,0,1,2,3,4,5,1],[5,1,2,1]],[[[{"name":"CherryBomb","rect":[0,0,100,120],"offset":[0,0],"originalSize":[100,120],"capInsets":[0,0,0,0]}],[1],0,[0],[1],[3]],[[{"name":"SnowPea","rect":[0,0,100,120],"offset":[0,0],"originalSize":[100,120],"capInsets":[0,0,0,0]}],[1],0,[0],[1],[4]],[[{"name":"PotatoMine","rect":[0,0,100,120],"offset":[0,0],"originalSize":[100,120],"capInsets":[0,0,0,0]}],[1],0,[0],[1],[5]],[[{"name":"background1","rect":[0,0,1400,600],"offset":[0,0],"originalSize":[1400,600],"capInsets":[0,0,0,0]}],[1],0,[0],[1],[6]],[[[10,"main",null],[11,"Canvas","a5esZu+45LA5mBpvttspPD",[-9,-10,-11],[[26,-1,[5,1280,720]],[0,45,-2],[27,-3],[28,-4],[29,-5,[16,17,18,19,20,21,22]],[30,false,-6],[31,-7],[32,-8]],[5,1280,720],[640,360,0,0,0,0,1,1,1,1]],[5,"battle",1,[-22,-23,-24,-25,-26,-27],[[0,45,-12],[33,-19,-18,-17,-16,-15,-14,-13],[34,-20],[35,-21]],[5,1280,720]],[12,"BattleUpUI",[-34,-35,-36,-37],[[0,1,-28],[36,-33,-32,-31,-30,-29]],[0,360,0,0,0,0,1,1,1,1]],[5,"UI",1,[-42,-43,-44],[[0,45,-38],[37,-41,-40,-39]],[5,1280,720]],[13,"PlantTouch",[-49,-50,-51],[[38,-48,-47,-46,-45]],[5,1400,600],[0,0.36,0],[-471,-328,0,0,0,0,1,1,1,1]],[14,"bg",2,[-52,5]],[5,"battleui",2,[3],[[0,45,-53]],[5,1280,720]],[15,"SunBack",3,[-55,-56],[[4,-54,[9],10]],[5,123,34],[-110,-35,0,0,0,0,1,1.5,1.5,1]],[16,"PlantSelectUI",4,[-60],[[0,8,-57],[41,-59,-58,15]],[-640,0,0,0,0,0,1,1,1,1]],[6,"TouchShowX",false,122,5,[[1,0,-61,[2],3]],[5,100,600],[0,0,0]],[6,"TouchShowYL",false,122,5,[[1,0,-62,[4],5]],[5,880,100],[0,0,0]],[6,"TouchShowYR",false,122,5,[[1,0,-63,[6],7]],[5,880,100],[0,0,0]],[17,"Shovel",false,3,[[4,-64,[11],12],[42,-65,[[43,"9d5c6h5YVhFF76Apog6VUhJ","clickShovel",3]]]],[5,75,33],[72,-35,0,0,0,0,1,1.5,1.5,1]],[18,"Shovel copy",false,0,3,[[4,-66,[13],14]],[4,4278190080],[5,75,33],[72,-35,0,0,0,0,1,1.5,1.5,1]],[19,"CardContent",9,[[44,1,2,30,-67,[5,150,150]]],[5,150,150],[0,0,1],[0,300,0,0,0,0,1,1,1,1]],[7,"Board",4,[[0,45,-68]],[5,1280,720]],[7,"PopUI",4,[[0,45,-69]],[5,1280,720]],[45,"New Node",false,[1],[0,0,0],[0,0,0,0,0,0,1,1,1,1]],[7,"Main Camera",1,[[46,7,-1,-70]],[5,1280,720]],[20,"background1",6,[[4,-71,[0],1]],[5,1400,600],[59,0,0,0,0,0,1,1.2,1.2,1]],[9,"SunCount",8,[-72],[4,4278190080],[5,66.74,35.28],[15,-2,0,0,0,0,1,1,1,1]],[47,"99999",24,28,1,1,21,[8]],[21,"sunNode",8,[-46,0,0,0,0,0,1,1,1,1]],[9,"test",3,[-73],[4,4278190080],[5,253.36,149.1],[394,-79,0,0,0,0,1,1,1,1]],[49,"波次：1<br/>波次时长：1s<br/>下一波倒计时:1s<br/>当前剩余血量：1%",30,35,24],[3,"downeffect",2],[3,"plantZombie",2],[3,"bullet",2],[3,"upeffect",2]],0,[0,0,1,0,0,1,0,0,1,0,0,1,0,0,1,0,0,1,0,0,1,0,0,1,0,-1,19,0,-2,2,0,-3,4,0,0,2,0,4,29,0,5,28,0,6,27,0,7,26,0,8,7,0,9,6,0,0,2,0,0,2,0,0,2,0,-1,6,0,-2,7,0,-3,26,0,-4,27,0,-5,28,0,-6,29,0,0,3,0,10,25,0,11,14,0,12,23,0,13,22,0,0,3,0,-1,8,0,-2,13,0,-3,14,0,-4,24,0,0,4,0,14,17,0,15,16,0,0,4,0,-1,9,0,-2,16,0,-3,17,0,16,12,0,17,11,0,18,10,0,0,5,0,-1,10,0,-2,11,0,-3,12,0,-1,20,0,0,7,0,0,8,0,-1,21,0,-2,23,0,0,9,0,19,15,0,0,9,0,-1,15,0,0,10,0,0,11,0,0,12,0,0,13,0,0,13,0,0,14,0,0,15,0,0,16,0,0,17,0,0,19,0,0,20,0,-1,22,0,-1,25,0,20,18,1,3,18,3,3,7,5,3,6,73],[0,0,0,0,0,0,0,0,0,0,0,0,0,0,0,0,0,0,0,0,0,0,0],[-1,2,-1,2,-1,2,-1,2,-1,-1,2,-1,2,-1,2,21,-1,-2,-3,-4,-5,-6,-7],[0,7,0,1,0,1,0,1,0,0,8,0,2,0,2,9,10,11,12,13,14,15,16]],[[{"name":"SunBack","rect":[0,0,123,34],"offset":[0,0],"originalSize":[123,34],"capInsets":[0,0,0,0]}],[1],0,[0],[1],[17]],[[{"name":"Peashooter","rect":[0,0,100,120],"offset":[0,0],"originalSize":[100,120],"capInsets":[0,0,0,0]}],[1],0,[0],[1],[18]],[[{"name":"Chomper","rect":[0,1,100,119],"offset":[0,-0.5],"originalSize":[100,120],"capInsets":[0,0,0,0]}],[1],0,[0],[1],[19]],[[{"name":"SunFlower","rect":[0,0,100,120],"offset":[0,0],"originalSize":[100,120],"capInsets":[0,0,0,0]}],[1],0,[0],[1],[20]],[[{"name":"Shovel","rect":[0,0,75,33],"offset":[-0.5,0.5],"originalSize":[76,34],"capInsets":[0,0,0,0]}],[1],0,[0],[1],[21]],[[[50,"PlantCard"],[22,"PlantCard",[-9,-10,-11,-12,-13],[[51,-2,[7]],[52,-8,-7,-6,-5,-4,-3]],[53,-1,0],[5,100,60],[0,0,0.5]],[8,"mask",false,122,1,[[1,0,-14,[2],3]],[2,"57fg11lShH0ZTxD9YmGzKz",1,0],[4,4278190080],[5,100,60],[0,0,0.5]],[8,"selected",false,122,1,[[1,0,-15,[5],6]],[2,"1fZys265BGT7SoyjUlOXSj",1,0],[4,4278255498],[5,100,60],[0,0,0.5]],[23,"SunFlower",1,[-16],[2,"aa1tFaanNDb5EfhQBq2kx2",1,0],[5,100,120],[0,0,0.5],[0,-30,0,0,0,0,1,1,1,1]],[39,4,[0]],[24,"price",1,[-17],[2,"cfBAIyCSxO9Le1Qg7Q/D+r",1,0],[4,4278190080],[5,22.25,31.5],[0,1,0.5],[94,-15,0,0,0,0,1,1,1,1]],[48,"50",20,25,1,1,1,6,[1]],[25,"cd-mask",122,1,[-18],[2,"a9L2j37qFArpFm+uHXGtHu",1,0],[4,4278190080],[5,100,60],[0,0,0.5]],[40,3,0,1,1,-1,8,[4]]],0,[0,22,1,0,0,1,0,23,3,0,24,9,0,25,2,0,26,7,0,27,5,0,0,1,0,-1,4,0,-2,6,0,-3,2,0,-4,8,0,-5,3,0,0,2,0,0,3,0,-1,5,0,-1,7,0,-1,9,0,28,1,18],[0,0,0,0,0,0,0,0,9],[-1,-1,-1,2,-1,-1,2,-1,2],[0,0,0,1,0,0,1,0,1]],[[{"name":"WallNut","rect":[0,2,100,118],"offset":[0,-1],"originalSize":[100,120],"capInsets":[0,0,0,0]}],[1],0,[0],[1],[22]]]]