[1,["38vD7r0TpLxqYx3oqycjEj"],0,[["sp.SkeletonData",["_name","_atlasText","textureNames","_skeletonJson","textures"],-1,3]],[[0,0,1,2,3,4,5]],[[0,"06FX","\n06FX.png\nsize: 32,128\nformat: RGBA8888\nfilter: Linear,Linear\nrepeat: none\n06FX0\n  rotate: true\n  xy: 2, 37\n  size: 23, 26\n  orig: 31, 34\n  offset: 4, 4\n  index: -1\n06FX1\n  rotate: false\n  xy: 2, 2\n  size: 22, 33\n  orig: 30, 41\n  offset: 4, 4\n  index: -1\n06FX2\n  rotate: false\n  xy: 2, 95\n  size: 9, 8\n  orig: 17, 16\n  offset: 4, 4\n  index: -1\n06FX3\n  rotate: true\n  xy: 2, 62\n  size: 14, 18\n  orig: 22, 26\n  offset: 4, 4\n  index: -1\n06FX4\n  rotate: false\n  xy: 13, 94\n  size: 9, 9\n  orig: 17, 17\n  offset: 4, 4\n  index: -1\n06FX5\n  rotate: true\n  xy: 13, 78\n  size: 14, 15\n  orig: 22, 23\n  offset: 4, 4\n  index: -1\n06FX8\n  rotate: false\n  xy: 2, 84\n  size: 9, 9\n  orig: 17, 17\n  offset: 4, 4\n  index: -1\n",["06FX.png"],{"skeleton":{"hash":"x28Akw/hLG4mPTXYP8KBjxfog5U","spine":"3.8.99"},"bones":[{"name":"root"},{"name":"06FX100","parent":"root"},{"name":"06FX0","parent":"06FX100"},{"name":"06FX1","parent":"06FX100"},{"name":"06FX2","parent":"06FX100"},{"name":"06FX","parent":"root"},{"name":"06FX3","parent":"06FX"},{"name":"06FX5","parent":"06FX","x":-8.21,"y":9.89},{"name":"06FX6","parent":"06FX","x":-18.32,"y":15.29},{"name":"06FX7","parent":"06FX","x":-26.57,"y":12.65},{"name":"06FX9","parent":"06FX","x":-42.9,"y":-5.83},{"name":"06FX10","parent":"06FX","x":-44.55,"y":-14.08}],"slots":[{"name":"06FX0","bone":"06FX0"},{"name":"06FX10","bone":"06FX2"},{"name":"06FX9","bone":"06FX1"},{"name":"06FX8","bone":"06FX10"},{"name":"06FX5","bone":"06FX9"},{"name":"06FX4","bone":"06FX7"},{"name":"06FX3","bone":"06FX6"},{"name":"06FX2","bone":"06FX5"},{"name":"06FX1","bone":"06FX3"}],"skins":[{"name":"default","attachments":{"06FX0":{"06FX0":{"width":31,"height":34}},"06FX1":{"06FX1":{"x":-2,"y":2.5,"width":30,"height":41}},"06FX2":{"06FX2":{"x":-0.29,"y":0.11,"width":17,"height":16}},"06FX3":{"06FX3":{"x":-0.68,"y":-0.29,"width":22,"height":26}},"06FX4":{"06FX4":{"x":0.07,"y":-0.15,"width":17,"height":17}},"06FX5":{"06FX5":{"x":0.9,"y":0.33,"width":22,"height":23}},"06FX8":{"06FX8":{"x":0.05,"y":0.58,"width":17,"height":17}},"06FX9":{"06FX0":{"width":31,"height":34}},"06FX10":{"06FX0":{"width":31,"height":34}}}}],"animations":{"blow":{"slots":{"06FX1":{"color":[{"time":0.2,"color":"ffffffff"},{"time":0.4,"color":"ffffff00"}],"attachment":[{"name":"06FX1"}]},"06FX2":{"color":[{"time":0.3,"color":"ffffffff"},{"time":0.4,"color":"ffffff00"}],"attachment":[{"time":0.0667,"name":"06FX2"}]},"06FX3":{"color":[{"time":0.3,"color":"ffffffff"},{"time":0.4333,"color":"ffffff00"}],"attachment":[{"time":0.0333,"name":"06FX3"}]},"06FX4":{"color":[{"time":0.3,"color":"ffffffff"},{"time":0.4333,"color":"ffffff00"}],"attachment":[{"time":0.0667,"name":"06FX4"}]},"06FX5":{"color":[{"time":0.3667,"color":"ffffffff"},{"time":0.5,"color":"ffffff00"}],"attachment":[{"name":"06FX5"}]},"06FX8":{"color":[{"time":0.3,"color":"ffffffff"},{"time":0.4333,"color":"ffffff00"}],"attachment":[{"name":"06FX8"}]}},"bones":{"06FX10":{"translate":[{"x":37.68,"y":19.87},{"time":0.1667,"x":18.44,"y":31.8},{"time":0.4,"x":7.47,"y":4.61}],"scale":[{},{"time":0.1667,"x":1.126,"y":1.126},{"time":0.4}]},"06FX9":{"translate":[{"x":31.8,"y":19.08},{"time":0.1667,"x":20.99,"y":28.78},{"time":0.4667,"x":-1.22,"y":-7.94}],"scale":[{"x":1.109,"y":1.109},{"time":0.1667,"x":1.204,"y":1.126},{"time":0.4667}]},"06FX7":{"rotate":[{"time":0.3667},{"time":0.4,"angle":14.79}],"translate":[{"time":0.0667,"x":13.5,"y":-6.44},{"time":0.2333,"x":7.38,"y":3.45},{"time":0.4,"x":-2.67,"y":-9.26}],"scale":[{"time":0.0667},{"time":0.2333,"x":1.095,"y":1.095}]},"06FX6":{"rotate":[{"time":0.2},{"time":0.4,"angle":15.09}],"translate":[{"time":0.0333,"x":8.45,"y":-20.36},{"time":0.2,"x":-6.46,"y":-2.9},{"time":0.4,"x":-28.32,"y":-22.36}],"scale":[{"time":0.0333,"x":0.639,"y":0.639},{"time":0.2,"x":0.673,"y":0.697},{"time":0.4,"x":0.666,"y":0.69}]},"06FX5":{"rotate":[{"time":0.2},{"time":0.3667,"angle":10.76}],"translate":[{"time":0.0667},{"time":0.2,"x":-3.14,"y":10.68},{"time":0.3667,"x":-13.5,"y":-1.73}]},"06FX3":{"scale":[{"x":0.267,"y":0.249},{"time":0.2667,"x":0.688,"y":0.733}]},"root":{"shear":[{"y":3.6}]}}},"idle":{"slots":{"06FX0":{"color":[{"time":0.1667,"color":"ffffffff"},{"time":0.3,"color":"ffffff00"}],"attachment":[{"name":"06FX0"}]},"06FX9":{"color":[{"time":0.3333,"color":"ffffffff"},{"time":0.4667,"color":"ffffff00"}],"attachment":[{"time":0.1667,"name":"06FX0"}]},"06FX10":{"color":[{"time":0.2667,"color":"ffffffff"},{"time":0.4333,"color":"ffffff00"}],"attachment":[{"time":0.1,"name":"06FX0"}]}},"bones":{"06FX0":{"rotate":[{},{"time":0.2667,"angle":70.38}],"translate":[{},{"time":0.2667,"x":-43.09,"y":-5.02}],"scale":[{},{"time":0.2667,"x":0.511,"y":0.511}]},"06FX1":{"rotate":[{"time":0.1667,"angle":29.07},{"time":0.4333,"angle":137.3}],"translate":[{"time":0.1667},{"time":0.4333,"x":-34.2,"y":1.37}],"scale":[{"time":0.1667},{"time":0.4333,"x":0.602,"y":0.602}]},"06FX2":{"rotate":[{"time":0.1},{"time":0.4,"angle":70.38}],"translate":[{"time":0.1,"x":-7.56,"y":1.68},{"time":0.4,"x":-33.29,"y":-5.02}],"scale":[{"time":0.1,"x":0.563,"y":0.563},{"time":0.4,"x":0.511,"y":0.511}]}}}}},[0]]],0,0,[0],[-1],[0]]