{"paths":{"0":["PlantIcon/p_24",1],"1":["PlantIcon/p_9",1],"2":["PlantIcon/p_25",1],"3":["GuideUI/p1",1],"4":["Bullet/6",1],"5":["UpgradeUI/r5",1],"6":["PlantIcon/p_18",1],"7":["MenuUI/z007",1],"8":["PlantIcon/p_16",1],"9":["ui/a033",1],"10":["Bullet/10",1],"11":["ui/a034",1],"12":["GuideUI/p2",1],"13":["ui/card_info_cd",1],"14":["ui/a042",1],"15":["Bullet/3",1],"16":["GuideUI/p4",1],"17":["UpgradeUI/r2",1],"18":["Bullet/12",1],"19":["ShareUI/play",1],"20":["GuideUI/p3",1],"21":["Bullet/2",1],"22":["MenuUI/z008",1],"23":["UpgradeUI/r1",1],"24":["ui/card_info_cost",1],"25":["ShareUI/pause",1],"26":["Bullet/9",1],"27":["GuideUI/p6",1],"28":["Bullet/5",1],"29":["UpgradeUI/r4",1],"30":["ui/card_bg_4",1],"31":["PlantIcon/p_17",1],"32":["Bullet/8",1],"33":["PlantIcon/p_19",1],"34":["ShopUI/s1",1],"35":["MenuUI/Bg1",1],"36":["PlantIcon/p_3",1],"37":["Bullet/13",1],"38":["PlantIcon/p_23",1],"39":["ShopUI/s3",1],"40":["PlantIcon/p_2",1],"41":["ui/card_bg_5",1],"42":["ui/card_bg_3",1],"43":["ShopUI/s5",1],"44":["PlantIcon/p_4",1],"45":["MenuUI/z002",1],"46":["PlantIcon/p_5",1],"47":["PlantIcon/p_7",1],"48":["ui/card_info_defence",1],"49":["ShopUI/discount8",1],"50":["ShopUI/s002",1],"51":["ShopUI/s001",1],"52":["Bullet/1",1],"53":["ui/card_bg_1",1],"54":["PlantIcon/p_10",1],"55":["PlantIcon/p_1",1],"56":["ui/card_info_atk",1],"57":["PlantIcon/p_6",1],"58":["ui/Video2",1],"59":["ShopUI/discount5",1],"60":["GuideUI/p5",1],"61":["ShopUI/s2",1],"62":["Bullet/7",1],"63":["UpgradeUI/r3",1],"64":["PlantIcon/p_22",1],"65":["PlantIcon/p_8",1],"66":["PlantIcon/p_12",1],"67":["ui/card_bg_2",1],"68":["PlantIcon/p_11",1],"69":["ui/a043",1],"70":["PlantIcon/p_14",1],"71":["PlantIcon/p_21",1],"72":["PlantIcon/p_15",1],"73":["PlantIcon/p_20",1],"74":["PlantIcon/p_13",1],"75":["Bullet/11",1],"76":["ShopUI/s4",1],"77":["MenuUI/z003",1],"78":["MenuUI/z008",0,1],"79":["ui/card_bg_5",0,1],"80":["ShopUI/s1",0,1],"81":["PlantIcon/p_22",0,1],"82":["Bullet/12",0,1],"83":["ShopUI/s2",0,1],"84":["ui/a043",0,1],"85":["ShopUI/s4",0,1],"86":["ui/card_bg_2",0,1],"87":["UpgradeUI/r4",0,1],"88":["GuideUI/p2",0,1],"89":["Bullet/7",0,1],"90":["ui/card_info_cd",0,1],"91":["PlantIcon/p_14",0,1],"92":["PlantIcon/p_8",0,1],"93":["PlantIcon/p_6",0,1],"94":["Bullet/3",0,1],"95":["PlantIcon/p_15",0,1],"96":["ui/card_bg_1",0,1],"97":["PlantIcon/p_4",0,1],"98":["PlantIcon/p_20",0,1],"99":["ShopUI/discount8",0,1],"100":["GuideUI/p4",0,1],"101":["PlantIcon/p_3",0,1],"102":["PlantIcon/p_12",0,1],"103":["Bullet/6",0,1],"104":["MenuUI/z007",0,1],"105":["Bullet/2",0,1],"106":["ShareUI/play",0,1],"107":["Bullet/1",0,1],"108":["ui/Video2",0,1],"109":["GuideUI/p1",0,1],"110":["PlantIcon/p_17",0,1],"111":["Bullet/8",0,1],"112":["PlantIcon/p_9",0,1],"113":["ui/card_info_defence",0,1],"114":["UpgradeUI/r2",0,1],"115":["ShopUI/discount5",0,1],"116":["ShareUI/pause",0,1],"117":["ui/card_info_atk",0,1],"118":["UpgradeUI/r3",0,1],"119":["ui/a034",0,1],"120":["ui/Bg2",0,1],"121":["UpgradeUI/r1",0,1],"122":["MenuUI/z002",0,1],"123":["ShopUI/s5",0,1],"124":["Bullet/9",0,1],"125":["PlantIcon/p_24",0,1],"126":["ui/Bg2",1],"127":["GuideUI/p3",0,1],"128":["ui/a042",0,1],"129":["Bullet/11",0,1],"130":["ui/card_info_cost",0,1],"131":["PlantIcon/p_11",0,1],"132":["ui/card_bg_4",0,1],"133":["ui/card_bg_3",0,1],"134":["PlantIcon/p_16",0,1],"135":["Bullet/5",0,1],"136":["ui/a033",0,1],"137":["GuideUI/p5",0,1],"138":["PlantIcon/p_2",0,1],"139":["Bullet/13",0,1],"140":["ShopUI/s3",0,1],"141":["PlantIcon/p_25",0,1],"142":["PlantIcon/p_7",0,1],"143":["ShopUI/s001",0,1],"144":["PlantIcon/p_10",0,1],"145":["MenuUI/Bg1",0,1],"146":["PlantIcon/p_5",0,1],"147":["ShopUI/s002",0,1],"148":["PlantIcon/p_1",0,1],"149":["PlantIcon/p_13",0,1],"150":["MenuUI/z003",0,1],"151":["UpgradeUI/r5",0,1],"152":["PlantIcon/p_18",0,1],"153":["Bullet/10",0,1],"154":["PlantIcon/p_19",0,1],"155":["PlantIcon/p_23",0,1],"156":["PlantIcon/p_21",0,1],"157":["GuideUI/p6",0,1]},"types":["cc.SpriteFrame","cc.Texture2D"],"uuids":["0202v5P/dMU45vecpl6WFq","07bwY+tUFN5YmcXwgf1pJA","09N4rIbnpLa5ws2AZdrr+M","0dXDEUbxpEPpr6pQ+mhJhT","10J1ES169N5ZA3toY+coMp","12Ss4v4kZCo7HUi1TIrNMp","19UNa9dV1AQYL4b3PyZ7o5","23KpvWE2VAHoHbXe1Mgjm2","24vDJDvKBL5pqyk8+tColg","2796J8leBDcpkInvy1j3UN","28a9m9C1xI0psS2tuGS5lV","289QQYP65JKLFbm6lgaen1","2cQ26K2c5MqbJxz6gtFA+n","2dFcms/dlK7Iuzq5d6Wd03","2dFczoSARN9aTQTVwSjFES","2eD2aB/6JFW7eTYKTzHe/G","2fVJdXEhNMCZDPUR4Surhj","34m6qOcbZJBr6mL4xSCDF2","37CBmbtKdKrJdrUuLzA1Oa","37M/b4YDlDjYKEoH7FA7WZ","3bLG3ZNnVJBacAm1ROPpSp","3dTs4kfEZIXY3WVhmKO3C6","3fSJfR+PdKLJYFujX0Jlmm","3feZo/sgRJT7XmFXdGKnv6","3f/VqPf25OZJlKelTjVBCJ","40m8QSgztOVZTC5qwUc8Wq","41IUlyNbtJcKZxxZvcQJga","43HFPtyA1OAaNEY9b4QJE8","45yGUk0O9HtavmOnV2vpur","49IB6w1j5J4IcieFNySBP5","4bNf+0HENDN4ZQAMy7vmkl","4bhTlEvMVOkZ594V+P/ina","50e2xV/iRKbpZlBIcFyzvG","5bylZEIhFEQKrM95CWwfry","5b5fbtRNpIj5HN/JC7RV6I","5cZ8cbuLpNyqbF9qaFY8X8","5c5hZoB+ZEY5aM4MeYykwu","5fOKwbWoNNwYI1uSg36vMh","65yLidhBtMorSK2/IjvC48","6b4U5SYqBGa7GnBoHhLy+r","6d8Y44DERBEbNjGKDPWj/j","6erk5GaiJKv5HZ8gcMoMWE","85xF17tJROVrluPlrmSuOi","8aLFgLLihB35OKaA46ff2W","98OrpR1N9ELq7PCvOY21Dg","9cOXF+vHNIsYZkiSkqCOuI","9eXfGh78VOGqRwOnKxj0vw","a2I3Iac25JeZSwiFi2QbQY","a246RQCDtNMbW00fliJVG1","a7U2wznupEFKsMvZUF3WTC","b1pSUoN91MOp+acT7vkrFK","b2acg1EotINI5HvjSa3mEL","b3uw/BvpBPP7hV4C/mhJ1m","b39H6SMo1AGKAb+jbtbN/l","b7gGJtUplCvoXkCjzPo3cx","b9LuKb3s9PnLSipxOmtWNR","b90uxv/ThD+r03I9lNoFBS","bbbGxmjkNCzadmaCQsBNvH","bcvesLGmFKlaeeGdk1oRTW","beYucsw/pBMbS2FHhn9KTo","c1GP0S45ZO7bH8dO2mqr1u","c6NZp4xZpFrpkrhajB2eF/","c7Z0tODZFOwq2bz5ujepXG","c8L1orR2BGKqWSabHsV/ac","caCqKdge1G5ZekAPrpj9dS","cfcRIWSnxAiYeK2KzcXrbS","d1Q6ECOdlFJ5v2gZm/ghNI","d3+rDu4I5NQLFTGcSf0/va","d58N6KoY5OQrJnKIUqEZlf","d7lpq5t+1D2r5jdBEjkSyo","d711sCWBpJRqZC3PPeObdo","dbdyRLLa1NtLIlMS8QzZZu","e4PxaKDmFBbJch+ETV1LA6","e8YGQFpkJCwK4PWM49xvb6","e9wCar+NBMsbRwDTsRvwx3","e9zH0xNzhEYKwP7wA2R57A","f0lUnDUsJHyYPPcMFYHIog","f5cbaN1G5M9akv1ILvCMWB","01pxtFA41F55RIV4RWfpla","0eQOXpEWRM14wgzx31Rifo","10YM0a8RtPM6ieQnlaSJi8","12R3ZzBFxPjYpHOkwJBdka","16nxBGsdZLVKoQoKtgPBEc","17PzVSPhJD44FCqauXRBvw","1als7FkEpPAa7jIWOysKyS","1aosLG3R5BZZTijbOsw7q0","20+gNlkn1Cs4hVwh/ZF3h4","24I6peRppEpq4TSEXOt2gS","244m9QcZhJEY/5Q2RqfbF/","25hQKx0iBEtaCJV/upME5R","253NxmFU1I15PgaBa50jBE","2bPh95k25JRrlcf3Q78yz2","3ceJQYkvRFj6r9t+DUj3lc","41Nt/I6K1JJJJsoyoox283","430/eGbMZFkY44a2SgKzIf","4dO5u5rG1Jm6iyKisgtwj/","4dcOWqvt5C3IXklJYh9ebB","529F9pqKBKoIJ9KOgeyutu","54MupfezdMbZFWdA605kkh","54P8TmU5BJko0SBXMGBrXD","5axffS+oNPko5xwp45tb/A","5db38TI1xCH6espktnYq+W","5e4Z5iQr9JKbEEg4OAm3t0","67f81q87lBb4DSaY9aslAN","6b2Bue7ExJTK4D7oV0eng2","6f9PS8NYVPrIpGUE0c6U7/","72JIspRc9GVpdDo/cCnJ9e","76zriCE/hNQLwbAfT7yHBb","77R6thw4hPSr6elLYnFXZo","79FSt8pK1DE43KZ4+21dFv","7bHtZcqGVOXpR8iB7ARVlx","7cT5IZ165I4JyUp3Acl+Nj","7dym6T6DlM9YjyjI6NIxkq","7f+InPseRN1pQt/faLgRia","84KC/X8JpBa52mM3s1qKRW","88kdwg7cRPqqET72WdnOc4","8aLMrHQnlCN5bO/4+B0ATO","8dhbNFpMNE+IizU50qMIPQ","91ztPwaQdLYaFtCRUjugx/","92Iwc5aXZJgImTsOrfKcr1","9b8z0xoylDcqNoRyzmyHXS","9caDlA7QtAPYPqDljgu4xW","9eUlIXGqhGep8oqy95d+tc","a2jdJ9MzpO7L6Xb4Zvu0fc","a3+6/npglFyaKYiAznraq0","a5GB6DJWRFmJYjNbTTpBo5","a7/TB/6NJBTqae2oST6ctK","aa7JzH1BRJHIWbEQKADgJC","b0Mrv5PsFNBK8haFlqi0w0","b57KZdUTxASJ7dX0SbLwK7","b9CzAcFS5OY7Tw6Zc0odQy","bap49eaJNAsKGEI2aoC1P0","bbXg99oghIXaOJNhf8scMo","bcrMcdSkhHf7z3Ra/Dogi/","beCT2xkShH+Yaof11ikjpF","bfvrB/Rd5IWqz/F5Ts7r9x","bf51Q6ThlOYLlt+oP/UyBH","c2eng/wEJOcp0+jJqyPCPH","c43o3YGuRHLZivhtBMRXXN","c9a1wENeJMoL2AkFJSbb3f","cb+lcCZVtNZa3cuMd7hEKm","cev3LCg5JOWb3gKQ2hl1dz","d0S0BniVdCCYkiDNFlSpQT","d1vhYXhp5Ifq0aWVqey+9v","d27gZ+hxBDy55T/ywh7O3v","d4uUKSliJCM6igoG+SKSke","d8mttSFyFI25cySb+zC1yY","e585BjXaNJfo280ccwkcyX","efabQwhUNEd5bQSepG+5sn","f0Gttv9xJPeozSI4v3KP7J","f2OTkGoG1LG5f3lQ/dfA8d","f4hrdX+7JAJ7jAzDt3v7/T","f5fp0NzJ9P7bv9aCk2TESj","f8d9sUvHFJwqM2owZXElbu","f90cN9m5FFAIt0Zsd3jjct","fariQb3RVL+7MikWXRi7br","fbG9ekFz1LVbTovIwbQrH0","fdiyt/unNFj61hHJ4MbfSp"],"scenes":{},"redirect":[120,0,126,0],"deps":["main"],"packs":{"0c5cd960d":[0,1,2,3,4,5,6,7,8,9,10,11,12,13,14,15,16,17,18,19,20,21,22,23,24,25,26,27,28,29,30,31,32,33,34,35,36,37,38,39,40,41,42,43,44,45,46,47,48,49,50,51,52,53,54,55,56,57,58,59,60,61,62,63,64,65,66,67,68,69,70,71,72,73,74,75,76,77]},"name":"BundleTexture","importBase":"import","nativeBase":"native","debug":false,"isZip":false,"encrypted":false,"versions":{"import":[78,"8394c","0c5cd960d","4ef64",79,"5ba4b",80,"029b6",81,"94fb1",82,"0a9e4",83,"bbb58",84,"002db",85,"99b34",86,"fdefb",87,"f4564",88,"f45d0",89,"3c81c",90,"c29ee",91,"02894",92,"8483c",93,"e39ee",94,"c448d",95,"f4cc1",96,"9678f",97,"5342d",98,"c29f0",99,"2b530",100,"7ffbb",101,"ae671",102,"a2719",103,"32757",104,"8ba91",105,"fe41e",106,"e3295",107,"be3ac",108,"3f794",109,"11c7d",110,"2329f",111,"35964",112,"0699c",113,"48b57",114,"94fa9",115,"a88bd",116,"3edc7",117,"60f99",118,"637f8",119,"b7955",121,"5599c",122,"72a2e",123,"ea939",124,"bd207",125,"d6541",127,"f0302",128,"0df30",129,"24eb6",130,"0f17f",131,"932a8",132,"1da8a",133,"44ca8",134,"ab483",135,"81661",136,"a3fa1",137,"681b3",138,"e5ffb",139,"74667",140,"889c1",141,"17ee6",142,"812b2",143,"cae8c",144,"e670e",145,"58c86",146,"e7c79",147,"dba5d",148,"09935",149,"02e82",150,"de45e",151,"d8fa5",152,"f4fa9",153,"c4514",154,"df906",155,"a8050",156,"46488",157,"1711d"],"native":[0,"11aaa",1,"1f3cb",2,"7cfa1",3,"ba714",4,"afe11",5,"c6914",6,"68606",7,"bbba6",8,"fbaad",9,"bb239",10,"2ad32",11,"29147",12,"fff1d",13,"d6888",14,"d4ad4",15,"dc7b2",16,"be302",17,"71ec9",18,"21996",19,"abe7e",20,"444ab",21,"60de1",22,"c2375",23,"a6869",24,"f46c4",25,"28aa4",26,"8464e",27,"d7e65",28,"39822",29,"ca4ed",30,"e53d5",31,"32361",32,"21f06",33,"fdacb",34,"f914d",35,"64a46",36,"07272",37,"b5487",38,"638ee",39,"3c487",40,"b26db",41,"9eefe",42,"86025",43,"7312b",44,"7d151",45,"97ca0",46,"cecb3",47,"f4b48",48,"c8c14",49,"a1e51",50,"74cce",51,"5afa8",52,"25ecb",53,"8fabd",54,"a6ae5",55,"78c34",56,"54b26",57,"385c2",58,"cc69b",59,"287b5",60,"26430",61,"03f14",62,"cba8c",63,"53cc3",64,"b1fcc",65,"9e656",66,"d0262",67,"99cac",68,"c2ae7",69,"7c2b6",70,"b0213",71,"8ea79",72,"7554b",73,"db250",74,"1705e",75,"a6cfc",76,"c1b27",77,"7a968"]}}