[1,["ecpdLyjvZBwrvm+cedCcQy","7a/QZLET9IDreTiBfRn2PD","5dW17dll5IdItBLB4exywf","5exd7RywJN9bpxLD2zLNUc","f566Uuaz9HJb5jwkxeZHAQ","8dxRnPBvpPV5xQ3dj9429m","a6boezNNNAn4DEG7hRwHmT","66HkcytK5Du7DxZmxc27FA","e7+kbQ7SpLHp6v3Rjs84xy","5alZjFuLdBB5edgrFoMtkV","19SOTEONBHgLM+elyGGdBc","92iq2MUv9GyIFB82F3Ey/o","e4en0MBEtFTqgo6nPUSdMf","91PA5fF6hBaouNroCngpKX","dfNd1eWp1MxoDs4BirR9Xb","613Negw35NUogBTQFD6nhs","e9QaEK29RLCags1xew++Rh","cea3HvBN9BJ4svFVsWbTtB"],["node","_textureSetter","_spriteFrame","_N$skeletonData","startTip","loadTip","grassTag","grassProBar","scene","_parent"],["cc.SpriteFrame",["cc.Node",["_name","_active","_id","_components","_parent","_contentSize","_trs","_children"],0,9,1,5,7,2],["cc.Sprite",["_sizeMode","_isTrimmedMode","_type","_fillRange","node","_materials","_spriteFrame"],-1,1,3,6],["cc.SceneAsset",["_name","asyncLoadAssets"],1],["cc.Node",["_name","_parent","_components","_contentSize","_trs"],2,1,2,5,7],["cc.Canvas",["node","_designResolution"],3,1,5],["cc.Widget",["_alignFlags","node"],2,1],["27507cVVUpAoLFLVcGzTsNh",["node","grassProBar","grassTag","loadTip","startTip","flowerAni"],3,1,1,1,1,1,2],["sp.Skeleton",["defaultSkin","defaultAnimation","_preCacheMode","loop","_animationName","_playTimes","node","_materials","_N$skeletonData"],-3,1,3,6],["cc.Scene",["_name","_children","_anchorPoint","_trs"],2,2,5,7],["cc.Camera",["_clearFlags","_depth","node"],1,1],["sp.SkeletonData",["_name","_atlasText","textureNames","_skeletonJson","textures"],-1,3]],[[1,0,1,4,3,6,3],[8,0,1,2,3,4,5,6,7,8,7],[1,0,4,3,5,6,2],[2,4,5,6,1],[1,0,4,3,5,2],[3,0,1,3],[1,0,2,7,3,5,6,3],[1,0,4,7,2],[1,0,1,4,3,5,6,3],[4,0,1,2,3,4,2],[5,0,1,1],[6,0,1,2],[7,0,1,2,3,4,5,1],[2,0,4,5,6,2],[2,0,1,4,5,6,3],[2,2,3,1,4,5,4],[9,0,1,2,3,2],[10,0,1,2,3],[11,0,1,2,3,4,5]],[[[{"name":"pro","rect":[0,0,493,51],"offset":[0,0],"originalSize":[493,51],"capInsets":[0,0,0,0]}],[0],0,[0],[1],[3]],[[[5,"loading",null],[6,"Canvas","a5esZu+45LA5mBpvttspPD",[-13,-14,-15,-16,-17,-18,-19,-20,-21],[[10,-1,[5,1280,720]],[11,45,-2],[12,-12,-11,-10,-9,-8,[-3,-4,-5,-6,-7]]],[5,1280,720],[640,360,0,0,0,0,1,1,1,1]],[7,"flower",1,[-22,-23,-24,-25,-26]],[0,"flower_1",false,2,[[1,"default","idle1",0,false,"idle1",1,-27,[7],8]],[-181,-262,0,0,0,0,1,0.7,0.7,0.7]],[0,"flower_2",false,2,[[1,"default","idle1",0,false,"idle1",1,-28,[9],10]],[-110,-261,0,0,0,0,1,-0.8,0.8,-0.8]],[0,"flower_3",false,2,[[1,"default","idle1",0,false,"idle1",1,-29,[11],12]],[-7,-264,0,0,0,0,1,1,1,1]],[0,"flower_4",false,2,[[1,"default","idle1",0,false,"idle1",1,-30,[13],14]],[67,-264,0,0,0,0,1,-0.8,0.8,-0.8]],[0,"flower_5",false,2,[[1,"default","idle2",0,false,"idle2",1,-31,[15],16]],[157,-264,0,0,0,0,1,1,1,1]],[2,"pro_tag",1,[[13,0,-32,[17],18]],[5,138,133.5],[-230,-211,0,0,0,0,1,1,1,1]],[2,"load_tip",1,[[3,-33,[19],20]],[5,98,23],[-3,-294,0,0,0,0,1,1,1,1]],[8,"start_tip",false,1,[[3,-34,[21],22]],[5,108,23],[-6,-299,0,0,0,0,1,1,1,1]],[16,"New Node",[1],[0,0,0],[0,0,0,0,0,0,1,1,1,1]],[4,"Main Camera",1,[[17,7,-1,-35]],[5,960,640]],[4,"load_bg",1,[[3,-36,[0],1]],[5,1680,720]],[2,"logo",1,[[3,-37,[2],3]],[5,606,142],[-8,277,0,0,0,0,1,1,1,1]],[2,"pro_bg",1,[[14,2,false,-38,[4],5]],[5,504,83],[0,-300,0,0,0,0,1,1,1,1]],[9,"pro",1,[-39],[5,493,51],[-7,-260,0,0,0,0,1,1,1,1]],[15,3,1,false,16,[6]]],0,[0,0,1,0,0,1,0,-1,3,0,-2,4,0,-3,5,0,-4,6,0,-5,7,0,4,10,0,5,9,0,6,8,0,7,17,0,0,1,0,-1,12,0,-2,13,0,-3,14,0,-4,15,0,-5,16,0,-6,2,0,-7,8,0,-8,9,0,-9,10,0,-1,3,0,-2,4,0,-3,5,0,-4,6,0,-5,7,0,0,3,0,0,4,0,0,5,0,0,6,0,0,7,0,0,8,0,0,9,0,0,10,0,0,12,0,0,13,0,0,14,0,0,15,0,-1,17,0,8,11,1,9,11,39],[0,0,0,0,0,0,0,0,0,0,0,0,0,0,0,0,0,0,0,0,0,0,0,17],[-1,2,-1,2,-1,2,-1,-1,3,-1,3,-1,3,-1,3,-1,3,-1,2,-1,2,-1,2,2],[0,4,0,5,0,6,0,1,2,1,2,1,2,1,2,1,2,0,7,0,8,0,9,10]],[[{"name":"start_tip","rect":[0,0,108,23],"offset":[0,0],"originalSize":[108,23],"capInsets":[0,0,0,0]}],[0],0,[0],[1],[11]],[[[18,"FX3_flower","\nFX3_flower.png\nsize: 128,128\nformat: RGBA8888\nfilter: Linear,Linear\nrepeat: none\n1head1\n  rotate: false\n  xy: 30, 2\n  size: 74, 64\n  orig: 82, 72\n  offset: 4, 4\n  index: -1\n2body\n  rotate: true\n  xy: 31, 71\n  size: 20, 56\n  orig: 29, 64\n  offset: 5, 4\n  index: -1\n2ye1\n  rotate: false\n  xy: 2, 47\n  size: 26, 25\n  orig: 34, 33\n  offset: 4, 4\n  index: -1\n2ye2\n  rotate: false\n  xy: 2, 74\n  size: 27, 23\n  orig: 36, 34\n  offset: 4, 7\n  index: -1\n2ye3\n  rotate: true\n  xy: 89, 68\n  size: 23, 24\n  orig: 31, 32\n  offset: 4, 4\n  index: -1\ns1\n  rotate: false\n  xy: 43, 95\n  size: 17, 15\n  orig: 25, 23\n  offset: 4, 4\n  index: -1\ns2\n  rotate: false\n  xy: 13, 99\n  size: 13, 11\n  orig: 21, 19\n  offset: 4, 4\n  index: -1\ns3\n  rotate: false\n  xy: 84, 93\n  size: 24, 17\n  orig: 32, 25\n  offset: 4, 4\n  index: -1\ns4\n  rotate: false\n  xy: 62, 94\n  size: 20, 16\n  orig: 28, 24\n  offset: 4, 4\n  index: -1\ns5\n  rotate: false\n  xy: 2, 104\n  size: 9, 6\n  orig: 17, 14\n  offset: 4, 4\n  index: -1\ns6\n  rotate: false\n  xy: 28, 99\n  size: 13, 11\n  orig: 21, 19\n  offset: 4, 4\n  index: -1\n",["FX3_flower.png"],{"skeleton":{"hash":"hiqxBDHI7mOE4k1qYOBbembEYZo","spine":"3.8.99"},"bones":[{"name":"root"},{"name":"flower","parent":"root"},{"name":"s","parent":"flower"},{"name":"s6","parent":"s","x":15.43,"y":-0.87},{"name":"s5","parent":"s","x":22.16,"y":1.68},{"name":"s2","parent":"s","x":7.6,"y":0.12},{"name":"s1","parent":"s","x":0.64,"y":-1.39},{"name":"s4","parent":"s","x":-4.29,"y":2.21},{"name":"s7","parent":"s","x":-14.38,"y":0.23},{"name":"2body","parent":"flower","length":53.76,"rotation":89.7,"x":-5.01,"y":0.24},{"name":"2ye1","parent":"2body","length":24.27,"rotation":145.88,"x":57.01,"y":4.08},{"name":"2ye2","parent":"2body","length":21.8,"rotation":-95.23,"x":56.47,"y":0.85},{"name":"2ye3","parent":"2body","length":24.04,"rotation":40.57,"x":55.62,"y":1.83},{"name":"1head1","parent":"flower","length":45.63,"rotation":90.29,"x":9.03,"y":1.7}],"slots":[{"name":"flower1","bone":"flower"},{"name":"1head1","bone":"1head1"},{"name":"2body","bone":"2body"},{"name":"2ye3","bone":"2ye3"},{"name":"2ye2","bone":"2ye2"},{"name":"2ye1","bone":"2ye1"},{"name":"s5","bone":"s5"},{"name":"s6","bone":"s6"},{"name":"s4","bone":"s4"},{"name":"s3","bone":"s7"},{"name":"s2","bone":"s2"},{"name":"s1","bone":"s1"}],"skins":[{"name":"default","attachments":{"1head1":{"1head1":{"x":27.35,"y":8.89,"rotation":-90.29,"width":82,"height":72}},"2body":{"2body":{"x":25.78,"y":-4.37,"rotation":-89.7,"width":29,"height":64}},"2ye1":{"2ye1":{"x":12.96,"y":0.14,"rotation":124.42,"width":34,"height":33}},"2ye2":{"2ye2":{"x":9.69,"y":-0.78,"rotation":5.53,"width":36,"height":34}},"2ye3":{"2ye3":{"x":12.75,"y":0.93,"rotation":-130.28,"width":31,"height":32}},"flower1":{"flower1":{"type":"clipping","end":"1head1","vertexCount":9,"vertices":[-36.69,-4.16,-8.53,-5.28,14.42,-6.19,42.25,13.3,46.29,59.59,6.07,79.58,-75.15,79.58,-56.68,36.57,-49.34,0.9]}},"s1":{"s1":{"x":-1.14,"y":3.89,"width":25,"height":23}},"s2":{"s2":{"x":-1.1,"y":2.38,"width":21,"height":19}},"s3":{"s3":{"x":-0.62,"y":5.27,"width":32,"height":25}},"s4":{"s4":{"x":0.29,"y":4.79,"width":28,"height":24}},"s5":{"s5":{"x":-0.66,"y":1.32,"width":17,"height":14}},"s6":{"s6":{"x":0.07,"y":3.37,"width":21,"height":19}}}}],"animations":{"idle1":{"slots":{"2body":{"attachment":[{"time":0.0333,"name":"2body"}]},"2ye1":{"attachment":[{"time":0.3333,"name":"2ye1"}]},"2ye2":{"attachment":[{"time":0.6667,"name":"2ye2"}]},"2ye3":{"attachment":[{"time":0.5,"name":"2ye3"}]},"s1":{"attachment":[{"time":0.0333,"name":"s1"}]},"s2":{"attachment":[{"time":0.0333,"name":"s2"}]},"s3":{"attachment":[{"time":0.0333,"name":"s3"}]},"s4":{"attachment":[{"time":0.0333,"name":"s4"}]},"s5":{"attachment":[{"time":0.0333,"name":"s5"}]},"s6":{"attachment":[{"time":0.0333,"name":"s6"}]}},"bones":{"s7":{"translate":[{"time":0.0333,"x":1.86,"curve":0.25,"c3":0.75},{"time":0.1667}],"scale":[{"time":0.0333,"x":0.619,"y":0.597,"curve":0.25,"c3":0.75},{"time":0.1667,"x":1.055,"y":1.068,"curve":0.25,"c3":0.75},{"time":0.3}]},"s1":{"translate":[{"time":0.0333,"x":-0.34,"curve":0.25,"c3":0.75},{"time":0.1667}],"scale":[{"time":0.0333,"x":0.619,"y":0.597,"curve":0.25,"c3":0.75},{"time":0.1667,"x":1.056,"y":1.069,"curve":0.25,"c3":0.75},{"time":0.3}]},"s2":{"translate":[{"time":0.0333,"x":-1.68,"y":-0.08,"curve":0.25,"c3":0.75},{"time":0.1667,"x":-0.41,"y":0.41,"curve":0.25,"c3":0.75},{"time":0.3}],"scale":[{"time":0.0333,"x":0.742,"y":0.742,"curve":0.25,"c3":0.75},{"time":0.1667,"x":1.032,"y":1.032,"curve":0.25,"c3":0.75},{"time":0.3}]},"s4":{"translate":[{"time":0.0333,"x":-0.43,"y":-2.81,"curve":0.25,"c3":0.75},{"time":0.1667,"x":-0.45,"y":0.87,"curve":0.25,"c3":0.75},{"time":0.3}],"scale":[{"time":0.0333,"x":0.505,"y":0.486,"curve":0.25,"c3":0.75},{"time":0.1667,"x":0.837,"y":0.847,"curve":0.25,"c3":0.75},{"time":0.3}]},"s5":{"translate":[{"time":0.0333,"x":-8.11,"y":-0.08,"curve":0.25,"c3":0.75},{"time":0.1667,"x":-1.33,"curve":0.25,"c3":0.75},{"time":0.3}],"scale":[{"time":0.0333,"x":0.619,"y":0.597,"curve":0.25,"c3":0.75},{"time":0.1667,"x":1.053,"y":1.066,"curve":0.25,"c3":0.75},{"time":0.3}]},"s6":{"translate":[{"time":0.0333,"x":-3.61,"y":0.21,"curve":0.25,"c3":0.75},{"time":0.1667,"x":-0.92,"curve":0.25,"c3":0.75},{"time":0.3}],"scale":[{"time":0.0333,"x":0.619,"y":0.597,"curve":0.25,"c3":0.75},{"time":0.1667,"x":1.014,"y":1.026,"curve":0.25,"c3":0.75},{"time":0.3}]},"2body":{"translate":[{"time":0.0333,"x":-0.57,"y":0.02,"curve":0.25,"c3":0.686,"c4":0.81},{"time":0.2}],"scale":[{"time":0.0333,"x":0.068,"y":0.197,"curve":0.294,"c3":0.633,"c4":0.38},{"time":0.0667,"x":0.154,"y":0.292,"curve":0.301,"c2":0.23,"c3":0.697,"c4":0.83},{"time":0.2,"x":1.113,"y":1.027,"curve":0.25,"c3":0.75},{"time":0.3333}]},"2ye1":{"translate":[{"time":0.3333,"x":-3.77,"y":-1.15,"curve":0.25,"c3":0.75},{"time":0.4667}],"scale":[{"time":0.3333,"x":0.457,"y":0.457,"curve":0.25,"c3":0.75},{"time":0.4667,"x":1.033,"y":1.033,"curve":0.25,"c3":0.75},{"time":0.6}]},"2ye3":{"scale":[{"time":0.4667,"x":0.467,"y":0.467,"curve":0.25,"c3":0.75},{"time":0.6,"x":1.107,"y":1.107,"curve":0.25,"c3":0.75},{"time":0.7333}]},"2ye2":{"scale":[{"time":0.6333,"x":0.416,"y":0.416,"curve":0.25,"c3":0.75},{"time":0.7667,"x":1.124,"y":1.124,"curve":0.25,"c3":0.75},{"time":0.9}]},"s":{"scale":[{"time":0.0333,"x":0.696,"y":0.696,"curve":0.25,"c3":0.75},{"time":0.2}]}}},"idle2":{"slots":{"1head1":{"attachment":[{"time":0.2,"name":"1head1"}]},"flower1":{"attachment":[{"time":0.0333,"name":"flower1"}]},"s1":{"attachment":[{"time":0.0333,"name":"s1"}]},"s2":{"attachment":[{"time":0.0333,"name":"s2"}]},"s3":{"attachment":[{"time":0.0333,"name":"s3"}]},"s4":{"attachment":[{"time":0.0333,"name":"s4"}]},"s5":{"attachment":[{"time":0.0333,"name":"s5"}]},"s6":{"attachment":[{"time":0.0333,"name":"s6"}]}},"bones":{"s7":{"translate":[{"time":0.0333,"x":1.86,"curve":0.25,"c3":0.75},{"time":0.2333,"curve":"stepped"},{"time":0.3333,"curve":0.243,"c3":0.68,"c4":0.71},{"time":0.5,"x":-4}],"scale":[{"time":0.0333,"x":0.619,"y":0.597,"curve":0.25,"c3":0.75},{"time":0.2333,"x":1.055,"y":1.068,"curve":"stepped"},{"time":0.3333,"x":1.055,"y":1.068,"curve":0.25,"c3":0.75},{"time":0.5}]},"s1":{"translate":[{"time":0.0333,"x":-1.55,"y":0.27,"curve":0.25,"c3":0.75},{"time":0.2333,"x":-0.1,"curve":"stepped"},{"time":0.3333,"x":-0.1,"curve":0.25,"c3":0.75},{"time":0.5}],"scale":[{"time":0.0333,"x":0.474,"y":0.479,"curve":0.25,"c3":0.75},{"time":0.2333,"x":1.056,"y":1.069,"curve":"stepped"},{"time":0.3333,"x":1.056,"y":1.069,"curve":0.25,"c3":0.75},{"time":0.5}]},"s2":{"translate":[{"time":0.0333,"x":-1.68,"y":-0.08,"curve":0.25,"c3":0.75},{"time":0.2333,"x":-0.41,"y":0.41,"curve":"stepped"},{"time":0.3333,"x":-0.41,"y":0.41,"curve":0.243,"c3":0.68,"c4":0.71},{"time":0.5,"x":1,"y":-0.61}],"scale":[{"time":0.0333,"x":0.742,"y":0.742,"curve":0.25,"c3":0.75},{"time":0.2333,"x":1.032,"y":1.032,"curve":"stepped"},{"time":0.3333,"x":1.032,"y":1.032,"curve":0.25,"c3":0.75},{"time":0.5}]},"s4":{"translate":[{"time":0.0333,"x":-0.43,"y":-2.81,"curve":0.25,"c3":0.75},{"time":0.2333,"x":-0.45,"y":0.87,"curve":"stepped"},{"time":0.3333,"x":-0.45,"y":0.87,"curve":0.243,"c3":0.68,"c4":0.71},{"time":0.5,"x":-3.06,"y":-0.89}],"scale":[{"time":0.0333,"x":0.505,"y":0.486,"curve":0.25,"c3":0.75},{"time":0.2333,"x":0.837,"y":0.847,"curve":"stepped"},{"time":0.3333,"x":0.837,"y":0.847,"curve":0.25,"c3":0.75},{"time":0.5}]},"s5":{"translate":[{"time":0.0333,"x":-8.11,"y":-0.08,"curve":0.25,"c3":0.75},{"time":0.2333,"x":-1.33,"curve":"stepped"},{"time":0.3333,"x":-1.33,"curve":0.243,"c3":0.68,"c4":0.71},{"time":0.5,"x":-0.57,"y":0.4}],"scale":[{"time":0.0333,"x":0.619,"y":0.597,"curve":0.25,"c3":0.75},{"time":0.2333,"x":1.053,"y":1.066,"curve":"stepped"},{"time":0.3333,"x":1.053,"y":1.066,"curve":0.25,"c3":0.75},{"time":0.5}]},"s6":{"translate":[{"time":0.0333,"x":-3.61,"y":0.21,"curve":0.25,"c3":0.75},{"time":0.2333,"x":-0.92,"curve":"stepped"},{"time":0.3333,"x":-0.92,"curve":0.243,"c3":0.68,"c4":0.71},{"time":0.5,"x":-2.1,"y":1.98}],"scale":[{"time":0.0333,"x":0.619,"y":0.597,"curve":0.25,"c3":0.75},{"time":0.2333,"x":1.014,"y":1.026,"curve":"stepped"},{"time":0.3333,"x":1.014,"y":1.026,"curve":0.25,"c3":0.75},{"time":0.5}]},"1head1":{"rotate":[{"time":0.2},{"time":0.3333,"angle":-1.97,"curve":"stepped"},{"time":0.3667,"angle":-1.97,"curve":0.25,"c3":0.75},{"time":0.5333}],"translate":[{"time":0.2,"x":-4.92,"y":-17.71},{"time":0.3333,"x":0.51,"y":2.28,"curve":"stepped"},{"time":0.3667,"x":0.51,"y":2.28,"curve":0.25,"c3":0.75},{"time":0.5333}],"scale":[{"time":0.2,"x":0.432,"y":0.471,"curve":0.25,"c3":0.75},{"time":0.2333,"x":0.48,"y":0.523,"curve":0.25,"c3":0.75},{"time":0.3333,"x":1.246,"y":1.083,"curve":"stepped"},{"time":0.3667,"x":1.246,"y":1.083,"curve":0.25,"c3":0.75},{"time":0.5333}]},"s":{"scale":[{"time":0.0333,"x":0.686,"y":0.686,"curve":"stepped"},{"time":0.2,"x":0.686,"y":0.686,"curve":0.25,"c3":0.75},{"time":0.3333}]}},"deform":{"default":{"flower1":{"flower1":[{"time":0.0333,"vertices":[3.53999,6.72598,-1.062,9.38098,1.06199,6.72599]}]}}}}}},[0]]],0,0,[0],[-1],[12]],[[{"name":"pro_tag","rect":[0,0,92,89],"offset":[0,0],"originalSize":[92,89],"capInsets":[0,0,0,0]}],[0],0,[0],[1],[13]],[[{"name":"logo","rect":[0,0,606,142],"offset":[0,0],"originalSize":[606,142],"capInsets":[0,0,0,0]}],[0],0,[0],[1],[14]],[[{"name":"pro_bg","rect":[0,0,504,83],"offset":[0,0],"originalSize":[504,83],"capInsets":[0,0,0,0]}],[0],0,[0],[1],[15]],[[{"name":"load_tip","rect":[0,0,98,23],"offset":[0,0],"originalSize":[98,23],"capInsets":[0,0,0,0]}],[0],0,[0],[1],[16]],[[{"name":"load_bg","rect":[0,0,1680,720],"offset":[0,0],"originalSize":[1680,720],"capInsets":[0,0,0,0]}],[0],0,[0],[1],[17]]]]