[1,["15dp+4NsdCrJna2eEuYFLv"],0,[["sp.SkeletonData",["_name","_atlasText","textureNames","_skeletonJson","textures"],-1,3]],[[0,0,1,2,3,4,5]],[[0,"03_hanbingsheshou","\r\n03_hanbingsheshou.png\r\nsize: 156,74\r\nformat: RGBA8888\r\nfilter: Linear,Linear\r\nrepeat: none\r\n01wandousheshou/eye\r\n  rotate: false\r\n  xy: 121, 42\r\n  size: 19, 13\r\n  orig: 19, 13\r\n  offset: 0, 0\r\n  index: -1\r\n01wandousheshou/fog0\r\n  rotate: false\r\n  xy: 121, 57\r\n  size: 19, 15\r\n  orig: 19, 17\r\n  offset: 0, 0\r\n  index: -1\r\n01wandousheshou/jiaoye0\r\n  rotate: true\r\n  xy: 26, 3\r\n  size: 23, 17\r\n  orig: 23, 17\r\n  offset: 0, 0\r\n  index: -1\r\n01wandousheshou/jiaoye1\r\n  rotate: true\r\n  xy: 86, 4\r\n  size: 25, 15\r\n  orig: 25, 15\r\n  offset: 0, 0\r\n  index: -1\r\n01wandousheshou/jiaoye2\r\n  rotate: true\r\n  xy: 142, 55\r\n  size: 17, 12\r\n  orig: 17, 12\r\n  offset: 0, 0\r\n  index: -1\r\n01wandousheshou/jiaoye3\r\n  rotate: false\r\n  xy: 136, 2\r\n  size: 16, 13\r\n  orig: 16, 13\r\n  offset: 0, 0\r\n  index: -1\r\n01wandousheshou/mouth1\r\n  rotate: true\r\n  xy: 103, 8\r\n  size: 26, 31\r\n  orig: 26, 31\r\n  offset: 0, 0\r\n  index: -1\r\n01wandousheshou/mouth2\r\n  rotate: true\r\n  xy: 53, 3\r\n  size: 26, 31\r\n  orig: 26, 31\r\n  offset: 0, 0\r\n  index: -1\r\n01wandousheshou/qiu\r\n  rotate: false\r\n  xy: 142, 43\r\n  size: 10, 10\r\n  orig: 10, 10\r\n  offset: 0, 0\r\n  index: -1\r\n01wandousheshou/sai\r\n  rotate: true\r\n  xy: 2, 6\r\n  size: 20, 22\r\n  orig: 20, 22\r\n  offset: 0, 0\r\n  index: -1\r\n01wandousheshou/shenti\r\n  rotate: false\r\n  xy: 103, 36\r\n  size: 16, 36\r\n  orig: 17, 36\r\n  offset: 1, 0\r\n  index: -1\r\n01wandousheshou/tou\r\n  rotate: false\r\n  xy: 2, 28\r\n  size: 49, 44\r\n  orig: 49, 44\r\n  offset: 0, 0\r\n  index: -1\r\n01wandousheshou/touye\r\n  rotate: true\r\n  xy: 53, 31\r\n  size: 41, 48\r\n  orig: 41, 48\r\n  offset: 0, 0\r\n  index: -1\r\n01wandousheshou/yandi\r\n  rotate: true\r\n  xy: 136, 17\r\n  size: 23, 8\r\n  orig: 23, 8\r\n  offset: 0, 0\r\n  index: -1\r\n",["03_hanbingsheshou.png"],{"skeleton":{"hash":"63yC7tNPmRmCTOqHLkZ/Vptd2ws","spine":"3.8.99","x":-46.17,"y":-3.71,"width":102.47,"height":95,"fps":24,"images":"","audio":"C:/Users/km/Desktop/spine动画"},"bones":[{"name":"root","x":0.68,"y":0.68},{"name":"fog0","parent":"root","x":45.54,"y":53.28},{"name":"bone","parent":"root","x":0.01,"y":0.05},{"name":"fog01","parent":"root","x":45.54,"y":53.28},{"name":"fog02","parent":"root","x":45.54,"y":53.28},{"name":"jiaoye3","parent":"bone","length":12,"rotation":41.86,"x":-2.91,"y":4.7},{"name":"shenti","parent":"bone","x":-0.89,"y":6.84},{"name":"jiaoye1","parent":"bone","length":22,"rotation":-6.34,"x":0.17,"y":5.15},{"name":"jiaoye2","parent":"bone","length":16,"rotation":148.11,"x":-3.94,"y":6.41},{"name":"qiu","parent":"bone","x":-2.02,"y":9.72},{"name":"jiaoye0","parent":"bone","length":20,"rotation":-171,"x":-2.82,"y":4.62},{"name":"tou","parent":"bone","length":15,"rotation":71.79,"x":-3.19,"y":34.49},{"name":"eye","parent":"tou","length":18,"rotation":-52.91,"x":25.97,"y":2.84},{"name":"touye","parent":"tou","rotation":108.21,"x":27.9,"y":20.47},{"name":"sai","parent":"tou","x":15.06,"y":-5.84},{"name":"mouth1","parent":"tou","length":24,"rotation":-75.56,"x":24.6,"y":-15.62},{"name":"shenti1","parent":"shenti","length":5,"rotation":114.65,"x":-0.36,"y":0.58},{"name":"yandi","parent":"tou","x":26.85,"y":3.92},{"name":"shenti2","parent":"shenti1","length":5,"rotation":-8.78,"x":5.67},{"name":"shenti3","parent":"shenti2","length":6,"rotation":-10.87,"x":5.58},{"name":"shenti4","parent":"shenti3","length":5,"rotation":-15.69,"x":6.97,"y":0.02}],"slots":[{"name":"jiaoye2","bone":"jiaoye2","attachment":"01wandousheshou/jiaoye2"},{"name":"jiaoye3","bone":"jiaoye3","attachment":"01wandousheshou/jiaoye3"},{"name":"shenti","bone":"shenti4","attachment":"01wandousheshou/shenti"},{"name":"qiu","bone":"qiu","color":"ffffff00","attachment":"01wandousheshou/qiu"},{"name":"touye","bone":"touye","attachment":"01wandousheshou/touye"},{"name":"tou","bone":"tou","attachment":"01wandousheshou/tou"},{"name":"sai","bone":"sai","color":"ffffff00","attachment":"01wandousheshou/sai"},{"name":"yandi","bone":"yandi","color":"ffffff00","attachment":"01wandousheshou/yandi"},{"name":"eye","bone":"eye","attachment":"01wandousheshou/eye"},{"name":"jiaoye0","bone":"jiaoye0","attachment":"01wandousheshou/jiaoye0"},{"name":"jiaoye1","bone":"jiaoye1","attachment":"01wandousheshou/jiaoye1"},{"name":"mouth1","bone":"mouth1","attachment":"01wandousheshou/mouth1"},{"name":"fog0","bone":"fog0","attachment":"01wandousheshou/fog0"},{"name":"fog01","bone":"fog01","attachment":"01wandousheshou/fog0"},{"name":"fog02","bone":"fog02","attachment":"01wandousheshou/fog0"}],"skins":[{"name":"default","attachments":{"eye":{"01wandousheshou/eye":{"x":9.39,"y":-0.86,"rotation":-18.87,"width":19,"height":13}},"fog0":{"01wandousheshou/fog0":{"x":0.59,"y":-0.3,"width":19,"height":17}},"fog01":{"01wandousheshou/fog0":{"x":0.59,"y":-0.3,"width":19,"height":17}},"fog02":{"01wandousheshou/fog0":{"x":0.59,"y":-0.3,"width":19,"height":17}},"jiaoye0":{"01wandousheshou/jiaoye0":{"x":9.89,"y":-1,"rotation":171,"width":23,"height":17}},"jiaoye1":{"01wandousheshou/jiaoye1":{"x":10.83,"y":0.53,"rotation":6.34,"width":25,"height":15}},"jiaoye2":{"01wandousheshou/jiaoye2":{"x":9.09,"y":-0.29,"rotation":-148.11,"width":17,"height":12}},"jiaoye3":{"01wandousheshou/jiaoye3":{"x":6.23,"y":0.58,"rotation":-41.86,"width":16,"height":13}},"mouth1":{"01wandousheshou/mouth1":{"x":14.09,"y":0.14,"rotation":3.78,"width":26,"height":31},"01wandousheshou/mouth2":{"x":14.07,"y":0.41,"rotation":3.78,"width":26,"height":31}},"qiu":{"01wandousheshou/qiu":{"x":-0.1,"y":-0.15,"width":10,"height":10}},"sai":{"01wandousheshou/sai":{"x":0.09,"y":0.16,"rotation":-71.79,"width":20,"height":22}},"shenti":{"01wandousheshou/shenti":{"type":"mesh","hull":43,"width":17,"height":36,"uvs":[0.25864,0.27475,0.18349,0.2395,0.11569,0.18738,0.09444,0.12288,0.13188,0.06487,0.205,0.02788,0.31379,0.00138,0.4494,0,0.64927,0,0.7993,0.03562,0.89924,0.08413,0.95819,0.13013,0.97059,0.1715,0.97059,0.23062,0.942,0.26937,0.86888,0.31175,0.76363,0.33187,0.67432,0.34087,0.64927,0.34,0.63156,0.38587,0.62093,0.44138,0.62093,0.497,0.63334,0.56225,0.66015,0.63187,0.7067,0.7015,0.75301,0.76588,0.81727,0.84,0.88684,0.90088,0.89393,0.938,0.85648,0.97675,0.78337,1,0.67457,1,0.61208,0.99963,0.53896,0.974,0.46938,0.9255,0.41929,0.87088,0.35326,0.80025,0.30342,0.73075,0.25687,0.66387,0.22473,0.60013,0.20879,0.53575,0.20879,0.46263,0.22144,0.38938,0.24295,0.32325],"triangles":[30,29,28,27,30,28,26,30,27,33,31,26,31,30,26,33,32,31,34,33,26,25,34,26,35,34,25,36,35,25,24,36,25,23,37,24,37,36,24,38,37,23,39,38,23,39,23,22,21,39,22,40,39,21,41,40,21,41,21,20,16,14,13,11,10,12,10,18,12,18,16,12,16,13,12,16,15,14,9,18,10,0,18,8,7,0,8,8,18,9,18,17,16,1,0,7,2,1,7,6,5,7,5,2,7,43,19,18,0,43,18,41,20,19,43,41,19,3,2,5,4,3,5],"vertices":[4,20,4.83,4.03,0.66301,19,12.71,2.6,0.24247,18,18.55,0.15,0.0632,16,24.03,-2.68,0.03131,4,20,5.83,5.58,0.60288,19,14.1,3.82,0.2639,18,20.14,1.09,0.08706,16,25.75,-1.99,0.04616,4,20,7.44,7.12,0.56928,19,16.06,4.86,0.26464,18,22.27,1.75,0.10578,16,27.95,-1.67,0.06031,4,20,9.66,7.92,0.55678,19,18.42,5.03,0.25729,18,24.61,1.46,0.11586,16,30.22,-2.31,0.07007,4,20,11.83,7.65,0.55847,19,20.43,4.19,0.24832,18,26.43,0.26,0.11871,16,31.84,-3.78,0.0745,4,20,13.39,6.62,0.56785,19,21.65,2.78,0.23973,18,27.37,-1.36,0.11736,16,32.51,-5.52,0.07507,4,20,14.68,4.89,0.58002,19,22.43,0.76,0.23088,18,27.75,-3.48,0.11469,16,32.57,-7.68,0.07441,4,20,15.18,2.54,0.59872,19,22.27,-1.64,0.22054,18,27.14,-5.81,0.1094,16,31.61,-9.89,0.07134,4,20,15.84,-0.95,0.58947,19,21.96,-5.18,0.22107,18,26.17,-9.23,0.11373,16,30.13,-13.11,0.07573,4,20,15.07,-3.81,0.57855,19,20.45,-7.73,0.22458,18,24.21,-11.45,0.11781,16,27.85,-15.01,0.07907,4,20,13.69,-5.89,0.56363,19,18.55,-9.35,0.23099,18,22.03,-12.68,0.12282,16,25.52,-15.89,0.08255,4,20,12.26,-7.23,0.54558,19,16.82,-10.25,0.23927,18,20.16,-13.24,0.12875,16,23.58,-16.16,0.0864,4,20,10.84,-7.72,0.53767,19,15.32,-10.34,0.245,18,18.67,-13.04,0.13071,16,22.13,-15.74,0.08662,4,20,8.74,-8.11,0.51637,19,13.19,-10.15,0.259,18,16.62,-12.46,0.13641,16,20.2,-14.85,0.08822,4,20,7.27,-7.87,0.50412,19,11.84,-9.52,0.27123,18,15.41,-11.59,0.13818,16,19.14,-13.8,0.08647,4,20,5.54,-6.88,0.49679,19,10.44,-8.1,0.292,18,14.31,-9.92,0.13359,16,18.3,-11.99,0.07761,4,20,4.47,-5.17,0.54236,19,9.88,-6.17,0.29631,18,14.11,-7.92,0.10591,16,18.41,-9.98,0.05542,4,20,3.86,-3.67,0.61972,19,9.7,-4.56,0.27384,18,14.24,-6.3,0.07195,16,18.79,-8.4,0.03449,4,20,3.81,-3.22,0.65833,19,9.77,-4.11,0.2529,18,14.39,-5.88,0.06036,16,19,-8.01,0.02842,4,20,2.13,-3.22,0.544,19,8.15,-3.66,0.35665,18,12.89,-5.13,0.06992,16,17.63,-7.04,0.02944,4,20,0.13,-3.41,0.41906,19,6.18,-3.3,0.44857,18,11.02,-4.4,0.09772,16,15.89,-6.03,0.03464,4,20,-1.84,-3.78,0.27539,19,4.18,-3.12,0.49954,18,9.1,-3.85,0.17512,16,14.08,-5.2,0.04995,4,20,-4.1,-4.43,0.12382,19,1.82,-3.13,0.45936,18,6.78,-3.42,0.33832,16,11.85,-4.42,0.0785,4,20,-6.48,-5.37,0.06126,19,-0.72,-3.39,0.36034,18,4.23,-3.2,0.42425,16,9.37,-3.81,0.15415,4,19,-3.28,-4,0.17125,18,1.6,-3.31,0.41953,16,6.75,-3.52,0.3404,6,0.02,8.18,0.06882,4,19,-5.67,-4.62,0.08587,18,-0.86,-3.47,0.35978,16,4.3,-3.29,0.42298,6,0.84,5.86,0.13137,4,19,-8.42,-5.52,0.04641,18,-3.74,-3.83,0.16412,16,1.4,-3.22,0.45439,6,1.98,3.19,0.33507,4,19,-10.71,-6.56,0.03357,18,-6.18,-4.43,0.09164,16,-1.11,-3.43,0.40745,6,3.22,1,0.46734,1,6,3.35,-0.34,1,1,6,2.68,-1.73,1,1,6,1.38,-2.57,1,1,6,-0.56,-2.57,1,1,6,-1.67,-2.56,1,4,19,-12.79,-0.17,0.03097,18,-7.02,2.25,0.09328,16,-0.92,3.29,0.43428,6,-2.97,-1.63,0.44147,4,19,-10.95,0.91,0.0493,18,-5.01,2.95,0.17601,16,1.17,3.68,0.43815,6,-4.2,0.11,0.33655,4,19,-8.91,1.63,0.07083,18,-2.87,3.28,0.30637,16,3.34,3.68,0.43055,6,-5.1,2.08,0.19225,4,19,-6.28,2.57,0.11838,18,-0.11,3.71,0.39588,16,6.14,3.68,0.39577,6,-6.27,4.62,0.08997,4,19,-3.71,3.24,0.25145,18,2.54,3.88,0.40542,16,8.78,3.45,0.28326,6,-7.16,7.12,0.05986,4,20,-8.94,1.46,0.07656,19,-1.24,3.85,0.38402,18,5.08,4.01,0.3898,16,11.31,3.19,0.14962,4,20,-6.79,2.46,0.13586,19,1.1,4.23,0.39793,18,7.46,3.94,0.36644,16,13.64,2.76,0.09977,4,20,-4.57,3.16,0.2531,19,3.43,4.3,0.4224,18,9.75,3.58,0.25218,16,15.86,2.05,0.07232,4,20,-1.98,3.65,0.4055,19,6.06,4.07,0.42193,18,12.29,2.86,0.12865,16,18.26,0.95,0.04392,4,20,0.65,3.91,0.47168,19,8.66,3.61,0.41495,18,14.76,1.92,0.08073,16,20.55,-0.36,0.03264,4,20,3.06,3.98,0.57914,19,11,3.03,0.31942,18,16.95,0.9,0.06956,16,22.56,-1.7,0.03188],"edges":[0,2,2,4,4,6,6,8,8,10,10,12,12,14,14,16,16,18,18,20,20,22,22,24,24,26,26,28,28,30,30,32,32,34,34,36,36,38,38,40,40,42,42,44,44,46,46,48,48,50,50,52,52,54,54,56,56,58,58,60,60,62,62,64,64,66,66,68,68,70,70,72,72,74,74,76,76,78,78,80,80,82,82,86,86,0]}},"tou":{"01wandousheshou/tou":{"x":20.88,"y":-1.05,"rotation":-71.79,"width":49,"height":44}},"touye":{"01wandousheshou/touye":{"x":8.35,"y":4.22,"rotation":169.32,"width":41,"height":48}},"yandi":{"01wandousheshou/yandi":{"x":3.95,"y":-8.25,"rotation":-71.79,"width":23,"height":8}}}}],"events":{"gongji":{}},"animations":{"daiji":{"slots":{"fog0":{"color":[{"color":"ffffff00"}]},"fog01":{"color":[{"color":"ffffff00"}]},"fog02":{"color":[{"color":"ffffff00"}]}},"bones":{"jiaoye1":{"rotate":[{"time":0.25},{"time":0.5,"angle":5.13},{"time":1}]},"jiaoye0":{"rotate":[{"time":0.1667},{"time":0.4167,"angle":-7.77},{"time":1}]},"jiaoye3":{"rotate":[{"time":0.4167},{"time":0.6667,"angle":7.8},{"time":1}]},"jiaoye2":{"rotate":[{"time":0.3333},{"time":0.5833,"angle":-4.44},{"time":1}]},"tou":{"translate":[{"x":-4.07,"y":0.33},{"time":0.25,"x":0.53,"y":-2.89},{"time":0.5,"x":6.27,"y":-0.46},{"time":0.75,"x":0.53,"y":-2.89},{"time":1,"x":-4.07,"y":0.33}]},"mouth1":{"translate":[{},{"time":0.5,"x":-1.1,"y":3.35},{"time":1}],"scale":[{},{"time":0.5,"x":1.15,"y":1.05},{"time":1}]},"shenti1":{"rotate":[{"angle":2.85},{"time":0.5,"angle":-7.3},{"time":1,"angle":2.85}]},"eye":{"translate":[{},{"time":0.5,"x":0.42,"y":-1.29},{"time":1}]},"shenti2":{"rotate":[{"angle":2.85},{"time":0.25,"angle":0.22},{"time":0.5,"angle":-2.42},{"time":0.75,"angle":0.22},{"time":1,"angle":2.85}],"scale":[{},{"time":0.25,"x":0.9},{"time":0.5},{"time":0.75,"x":0.9},{"time":1}]},"shenti3":{"rotate":[{"angle":2.85},{"time":0.2917,"angle":-0.22},{"time":0.5,"angle":-2.42},{"time":0.5417,"angle":-1.98},{"time":0.7917,"angle":0.65},{"time":1,"angle":2.85}],"scale":[{},{"time":0.2917,"x":0.9},{"time":0.5,"x":0.98},{"time":0.5417},{"time":0.7917,"x":0.9},{"time":1}]},"shenti4":{"rotate":[{"angle":2.85},{"time":0.5,"angle":-2.42},{"time":1,"angle":2.85}]}}},"gongji":{"slots":{"eye":{"attachment":[{"time":0.25,"name":null},{"time":0.3333,"name":"01wandousheshou/eye"}]},"fog0":{"color":[{"color":"ffffff00","curve":"stepped"},{"time":0.2917,"color":"ffffff00"},{"time":0.375,"color":"ffffffc9"},{"time":0.8333,"color":"ffffff00"}]},"fog01":{"color":[{"color":"ffffff00","curve":"stepped"},{"time":0.3333,"color":"ffffff00"},{"time":0.4583,"color":"ffffff66"},{"time":0.8333,"color":"ffffff00"}]},"fog02":{"color":[{"color":"ffffff00","curve":"stepped"},{"time":0.25,"color":"ffffff00"},{"time":0.3333,"color":"ffffff61"},{"time":0.8333,"color":"ffffff00"}]},"mouth1":{"attachment":[{"time":0.0833,"name":"01wandousheshou/mouth2"},{"time":0.3333,"name":"01wandousheshou/mouth1"}]},"qiu":{"color":[{"color":"ffffff00"},{"time":0.125,"color":"ffffffff"},{"time":0.25,"color":"ffffff00"}]},"sai":{"color":[{"time":0.1667,"color":"ffffff00"},{"time":0.2917,"color":"ffffffff"},{"time":0.3333,"color":"ffffff00"}]},"yandi":{"color":[{"color":"ffffff00"},{"time":0.25,"color":"ffffffff"}],"attachment":[{"time":0.375,"name":null}]}},"bones":{"qiu":{"translate":[{},{"time":0.0417,"x":-1.3,"y":2.94},{"time":0.0833,"x":-3.6,"y":6.61},{"time":0.125,"x":-5.54,"y":12.14},{"time":0.1667,"x":-6.57,"y":20.56},{"time":0.2083,"x":-6.35,"y":29.06},{"time":0.25,"x":0.79,"y":37.1},{"time":0.8333}]},"mouth1":{"translate":[{},{"time":0.25,"x":-1.01,"y":3.08},{"time":0.3333,"x":-0.51,"y":1.54},{"time":0.4167}],"scale":[{},{"time":0.25,"x":0.8,"y":0.8},{"time":0.3333,"x":1.15,"y":1.15},{"time":0.4167}]},"sai":{"scale":[{"x":0.5,"y":0.5,"curve":"stepped"},{"time":0.1667,"x":0.5,"y":0.5},{"time":0.2917}]},"eye":{"rotate":[{},{"time":0.25,"angle":-9.17},{"time":0.3333,"angle":-7.86},{"time":0.375,"angle":-7.21},{"time":0.8333}],"translate":[{},{"time":0.25,"x":1.04,"y":0.34},{"time":0.3333,"x":0.89,"y":0.29},{"time":0.375,"x":0.81,"y":0.27},{"time":0.8333}],"scale":[{},{"time":0.25,"y":0.2},{"time":0.3333},{"time":0.375,"x":1.05,"y":1.05},{"time":0.8333}]},"fog0":{"translate":[{},{"time":0.2917,"x":-25.1,"y":2.41},{"time":0.375,"x":11.2,"y":6.99},{"time":0.8333,"x":15.69,"y":12.06}],"scale":[{},{"time":0.2917,"x":0.5,"y":0.5},{"time":0.375,"x":1.1,"y":1.1},{"time":0.8333,"x":1.6,"y":1.6}]},"fog01":{"translate":[{},{"time":0.3333,"x":-9.85,"y":-2.85},{"time":0.4583,"x":2.51,"y":-0.53},{"time":0.8333,"x":6.25,"y":1.11}],"scale":[{},{"time":0.3333,"x":0.6,"y":0.6},{"time":0.4583},{"time":0.8333,"x":1.1,"y":1.1}]},"fog02":{"translate":[{},{"time":0.25,"x":-25.1,"y":2.41},{"time":0.3333,"x":0.9,"y":2.15},{"time":0.8333,"x":1.54,"y":0.97}],"scale":[{},{"time":0.25,"x":0.5,"y":0.5},{"time":0.3333,"x":0.6,"y":0.6},{"time":0.8333}]},"jiaoye1":{"translate":[{},{"time":0.25,"x":-0.55},{"time":0.3333}],"scale":[{},{"time":0.25,"x":0.9,"y":0.9},{"time":0.3333,"x":1.1,"y":1.1},{"time":0.8333}]},"jiaoye0":{"translate":[{},{"time":0.25,"x":0.47},{"time":0.3333}],"scale":[{},{"time":0.25,"x":0.9,"y":0.9},{"time":0.3333,"x":1.1,"y":1.1},{"time":0.8333}]},"jiaoye3":{"scale":[{},{"time":0.25,"x":0.9,"y":0.9},{"time":0.375,"x":1.1,"y":1.1},{"time":0.8333}]},"jiaoye2":{"rotate":[{},{"time":0.25,"angle":-2.99},{"time":0.375,"angle":-4.49},{"time":0.8333}],"scale":[{},{"time":0.25,"x":0.9,"y":0.9},{"time":0.375,"x":1.1,"y":1.1},{"time":0.8333}]},"tou":{"translate":[{"x":-4.07,"y":0.33},{"time":0.25,"x":-10.71,"y":3.19},{"time":0.375,"x":8.37,"y":-0.48},{"time":0.8333,"x":-4.07,"y":0.33}],"scale":[{"time":0.25},{"time":0.375,"x":1.05,"y":1.05},{"time":0.8333}]},"shenti1":{"rotate":[{"angle":2.85},{"time":0.25,"angle":4.71},{"time":0.3333,"angle":-4.49},{"time":0.8333,"angle":2.85}],"scale":[{},{"time":0.25,"x":1.05},{"time":0.3333,"x":1.04},{"time":0.8333}]},"shenti2":{"rotate":[{"angle":2.85},{"time":0.25,"angle":4.71},{"time":0.3333,"angle":-4.49},{"time":0.8333,"angle":2.85}],"scale":[{},{"time":0.25,"x":1.1},{"time":0.3333,"x":1.09},{"time":0.8333}]},"shenti3":{"rotate":[{"angle":2.85},{"time":0.25,"angle":4.71},{"time":0.3333,"angle":-4.49},{"time":0.8333,"angle":2.85}],"scale":[{},{"time":0.25,"x":1.05},{"time":0.3333,"x":1.04},{"time":0.8333}]},"shenti4":{"rotate":[{"angle":2.85},{"time":0.25,"angle":4.71},{"time":0.3333,"angle":-4.49},{"time":0.8333,"angle":2.85}]}},"events":[{"time":0.4583,"name":"gongji"}]}}},[0]]],0,0,[0],[-1],[0]]