[1,["33V8GbOghNaosHjLo5TvUn","7a/QZLET9IDreTiBfRn2PD","3fudwxRPlP2JMT8+1q3mRl"],["root","spine","node","data","_N$skeletonData"],[["cc.PrefabInfo",["fileId","root","asset"],2,1,1],["sp.SkeletonData",["_name","_atlasText","textureNames","_skeletonJson","textures"],-1,3],["cc.Prefab",["_name"],2],["cc.Node",["_name","_children","_components","_prefab"],2,2,9,4],["cc.Node",["_name","_parent","_components","_prefab","_contentSize"],2,1,2,4,5],["b2afbvP8rxKZpOCQLPbuZGR",["aniName","node","spine"],2,1,1],["sp.Skeleton",["defaultSkin","defaultAnimation","_preCacheMode","_animationName","node","_materials"],-1,1,3],["261d4+Q1HdGA5w3tjdBw83c",["node","spineAnimation"],3,1,1]],[[1,0,1,2,3,4,5],[2,0,2],[3,0,1,2,3,2],[4,0,1,2,3,4,2],[5,0,1,2,2],[0,1,2,1],[0,0,1,2,2],[6,0,1,2,3,4,5,5],[7,0,1,1]],[[[[0,"30FX","\n30FX.png\nsize: 128,32\nformat: RGBA8888\nfilter: Linear,Linear\nrepeat: none\n30FX1\n  rotate: false\n  xy: 2, 2\n  size: 30, 28\n  orig: 39, 37\n  offset: 4, 5\n  index: -1\n30FX2\n  rotate: false\n  xy: 53, 2\n  size: 11, 10\n  orig: 19, 18\n  offset: 4, 4\n  index: -1\n30FX3\n  rotate: false\n  xy: 86, 16\n  size: 14, 14\n  orig: 23, 22\n  offset: 5, 4\n  index: -1\n30FX4\n  rotate: false\n  xy: 66, 2\n  size: 10, 10\n  orig: 18, 18\n  offset: 4, 4\n  index: -1\n30FX5\n  rotate: false\n  xy: 70, 15\n  size: 14, 15\n  orig: 22, 23\n  offset: 4, 4\n  index: -1\n30FX6\n  rotate: true\n  xy: 34, 12\n  size: 18, 17\n  orig: 26, 25\n  offset: 4, 4\n  index: -1\n30FX7\n  rotate: true\n  xy: 53, 14\n  size: 16, 15\n  orig: 24, 23\n  offset: 4, 4\n  index: -1\n",["30FX.png"],{"skeleton":{"hash":"5e/SnrDCy2wXeDbn0sorZOVGUtg","spine":"3.8.99"},"bones":[{"name":"root"},{"name":"30FX","parent":"root"},{"name":"30FX1","parent":"30FX"},{"name":"30FX3","parent":"30FX","x":-31.3,"y":5.06},{"name":"30FX4","parent":"30FX","x":-19.18,"y":20.9},{"name":"30FX5","parent":"30FX","x":-6.1,"y":23.78},{"name":"30FX6","parent":"30FX","x":8.57,"y":16.87},{"name":"30FX7","parent":"30FX","x":15.11,"y":-10.13},{"name":"30FX8","parent":"30FX","x":3.25,"y":-22.67}],"slots":[{"name":"30FX7","bone":"30FX8"},{"name":"30FX6","bone":"30FX7"},{"name":"30FX5","bone":"30FX5"},{"name":"30FX4","bone":"30FX4"},{"name":"30FX3","bone":"30FX3"},{"name":"30FX2","bone":"30FX6"},{"name":"30FX1","bone":"30FX1"}],"skins":[{"name":"default","attachments":{"30FX1":{"30FX1":{"x":-0.5,"y":-0.5,"width":39,"height":37}},"30FX2":{"30FX2":{"x":-0.07,"y":0.13,"width":19,"height":18}},"30FX3":{"30FX3":{"x":-0.2,"y":-0.06,"width":23,"height":22}},"30FX4":{"30FX4":{"x":0.18,"y":0.1,"width":18,"height":18}},"30FX5":{"30FX5":{"x":0.1,"y":-0.28,"width":22,"height":23}},"30FX6":{"30FX6":{"x":-0.11,"y":0.63,"width":26,"height":25}},"30FX7":{"30FX7":{"x":-0.25,"y":0.17,"width":24,"height":23}}}}],"animations":{"blow":{"slots":{"30FX1":{"color":[{"time":0.2,"color":"ffffffff"},{"time":0.3333,"color":"ffffff00"}],"attachment":[{"name":"30FX1"}]},"30FX2":{"color":[{"time":0.3333,"color":"ffffffff"},{"time":0.4667,"color":"ffffff00"}],"attachment":[{"name":"30FX2"}]},"30FX3":{"color":[{"time":0.3333,"color":"ffffffff"},{"time":0.4667,"color":"ffffff00"}],"attachment":[{"name":"30FX3"}]},"30FX4":{"color":[{"time":0.3333,"color":"ffffffff"},{"time":0.4667,"color":"ffffff00"}],"attachment":[{"name":"30FX4"}]},"30FX5":{"color":[{"time":0.3333,"color":"ffffffff"},{"time":0.4667,"color":"ffffff00"}],"attachment":[{"name":"30FX5"}]},"30FX6":{"color":[{"time":0.2333,"color":"ffffffff"},{"time":0.3333,"color":"ffffff00"}],"attachment":[{"name":"30FX6"}]},"30FX7":{"color":[{"time":0.1333,"color":"ffffffff"},{"time":0.2333,"color":"ffffff00"}],"attachment":[{"name":"30FX7"}]}},"bones":{"30FX1":{"scale":[{"x":0.149,"y":0.149},{"time":0.2333,"x":0.629,"y":0.629}]},"30FX3":{"translate":[{"x":20,"y":-1.37},{"time":0.1667,"x":3.02,"y":11.94},{"time":0.4333,"x":-15.49,"y":-17.72}],"scale":[{"x":0.706,"y":0.706},{"time":0.1667}]},"30FX4":{"translate":[{"x":10.41,"y":-12.74},{"time":0.1667,"y":11.04},{"time":0.4333,"x":-8.75,"y":-15.43}],"scale":[{"x":0.706,"y":0.706},{"time":0.1667},{"time":0.4333,"x":1.179,"y":1.179}]},"30FX5":{"translate":[{"x":4.66,"y":-16.58},{"time":0.1667,"x":-4.92,"y":18.32},{"time":0.4333,"x":-28.49,"y":-10.07}],"scale":[{"x":0.706,"y":0.706},{"time":0.1667,"x":1.253,"y":1.253},{"time":0.4333}]},"30FX6":{"translate":[{"x":-5.75,"y":-15.07},{"time":0.1667,"x":7.78,"y":7.78},{"time":0.4333,"x":23.3,"y":-17.49}],"scale":[{"x":0.706,"y":0.706},{"time":0.1667}]},"30FX7":{"translate":[{"x":-13.15,"y":8.63},{"time":0.3,"x":4.52,"y":-13.55}],"scale":[{"x":0.706,"y":0.706},{"time":0.3}]},"30FX8":{"translate":[{"x":-4.66,"y":14.8},{"time":0.2,"x":4.02,"y":-8.53}],"scale":[{"x":0.706,"y":0.706},{"time":0.2}]}}}}},[0]]],0,0,[0],[-1],[0]],[[[1,"StarHitEffect"],[2,"PeaHitEffect",[-4],[[4,"blow",-3,-2]],[5,-1,0]],[3,"01FX",1,[-5,-6],[6,"7bOGQcZ2VOup7U9hsk2Eg6",1,0],[5,29,42]],[7,"default","blow",0,"blow",2,[0]],[8,2,3]],0,[0,0,1,0,1,4,0,2,1,0,-1,2,0,-1,3,0,-2,4,0,3,1,6],[0,3],[-1,4],[1,2]]]]