[1,["e3Na6WdjJK9LpgWa8SaKIQ","7a/QZLET9IDreTiBfRn2PD","16OXBAhhVPxLsrgtQdxxSs","cf/9oZdvxA7p5Yi+2BY3Mp","e4hC2lIXVM747X/YumzixY"],["_N$skeletonData","root","sleepAni","body","animation","node","data"],[["cc.Node",["_name","_groupIndex","_parent","_components","_prefab","_contentSize","_trs"],1,1,2,4,5,7],["cc.PrefabInfo",["fileId","root","asset"],2,1,1],["261d4+Q1HdGA5w3tjdBw83c",["activeFlash","node","spineAnimation"],2,1,1],["cc.Prefab",["_name"],2],["cc.Node",["_name","_children","_components","_prefab","_trs"],2,2,12,4,7],["b65b3EL8DpDPp+QT7IWve1B",["shadowScale","node","animation","body","sleepAni"],2,1,1,1,1],["cc.BoxCollider",["node","_offset","_size"],3,1,5,5],["96c396uvMtPhLUJFoRD9JmK",["node","body"],3,1,1],["sp.Skeleton",["defaultSkin","defaultAnimation","_preCacheMode","_animationName","node","_materials"],-1,1,3],["sp.SkeletonData",["_name","_atlasText","textureNames","_skeletonJson","textures"],-1,3]],[[1,0,1,2,2],[8,0,1,2,3,4,5,5],[3,0,2],[4,0,1,2,3,4,2],[0,0,1,2,3,4,3],[0,0,2,3,4,5,6,2],[0,0,2,3,4,5,2],[5,0,1,2,3,4,2],[1,1,2,1],[6,0,1,2,1],[7,0,1,1],[2,1,2,1],[2,0,1,2,2],[9,0,1,2,3,4,5]],[[[[2,"IceShroom"],[3,"IceShroom",[-7,-8,-9],[[-2,[7,1.2,-6,-5,-4,-3]],1,4],[8,-1,0],[-494,-293,0,0,0,0,1,1,1,1]],[4,"bodyC",5,1,[-10,-11],[0,"46P9QkdkdB8ITPVV7kDeY+",1,0]],[5,"26FX_Z",1,[-12,-13],[0,"aaKh5P5r5Kt5twfB1DrTvV",1,0],[5,23.5,32.9],[21,62,0,0,0,0,1,0.5,0.5,1]],[9,2,[0,0,40],[5,90,100]],[10,2,4],[6,"14_plant",1,[-14],[0,"bf5sFLd9lJf687aB3+TGJ3",1,0],[5,104.03,93.98]],[1,"default","idle1",0,"idle1",6,[0]],[1,"default","idle",0,"idle",3,[1]],[11,3,8],[12,true,1,7]],0,[0,1,1,0,-1,10,0,2,9,0,3,5,0,4,10,0,5,1,0,-1,2,0,-2,6,0,-3,3,0,-1,4,0,-2,5,0,-1,8,0,-2,9,0,-1,7,0,6,1,14],[0,0,7,8],[-1,-1,0,0],[0,1,2,3]],[[[13,"14_plant","\n14_plant.png\nsize: 512,128\nformat: RGBA8888\nfilter: Linear,Linear\nrepeat: none\nbody1\n  rotate: true\n  xy: 82, 32\n  size: 94, 82\n  orig: 94, 85\n  offset: 0, 3\n  index: -1\nbody2\n  rotate: true\n  xy: 2, 18\n  size: 108, 31\n  orig: 108, 31\n  offset: 0, 0\n  index: -1\neye1\n  rotate: false\n  xy: 2, 3\n  size: 47, 13\n  orig: 47, 13\n  offset: 0, 0\n  index: -1\neye2\n  rotate: false\n  xy: 129, 17\n  size: 47, 13\n  orig: 47, 13\n  offset: 0, 0\n  index: -1\neye3\n  rotate: false\n  xy: 129, 2\n  size: 47, 13\n  orig: 47, 13\n  offset: 0, 0\n  index: -1\nhair1\n  rotate: false\n  xy: 166, 50\n  size: 151, 76\n  orig: 152, 76\n  offset: 0, 0\n  index: -1\nhair2\n  rotate: true\n  xy: 35, 27\n  size: 99, 45\n  orig: 99, 45\n  offset: 0, 0\n  index: -1\nmouth\n  rotate: false\n  xy: 51, 2\n  size: 76, 23\n  orig: 76, 23\n  offset: 0, 0\n  index: -1\n",["14_plant.png"],{"skeleton":{"hash":"a2ezjmNRZISpEZUaCFk6ZAv2ryw","spine":"3.8.99","x":-52.53,"y":-5.76,"width":104.03,"height":93.98},"bones":[{"name":"root"},{"name":"plant","parent":"root","scaleX":0.103,"scaleY":0.1029},{"name":"body","parent":"plant","length":221.75,"rotation":90},{"name":"mouth","parent":"body","x":287.48,"y":1.16},{"name":"eye1","parent":"body","x":366.1,"y":2.01},{"name":"hair1","parent":"plant","length":369.31,"rotation":90,"y":437.15}],"slots":[{"name":"hair2","bone":"hair1","attachment":"hair2"},{"name":"body1","bone":"body","attachment":"body1"},{"name":"body2","bone":"plant","attachment":"body2"},{"name":"eye1","bone":"eye1","attachment":"eye1"},{"name":"mouth","bone":"mouth","attachment":"mouth"},{"name":"hair1","bone":"hair1","attachment":"hair1"}],"skins":[{"name":"default","attachments":{"body1":{"body1":{"x":235.04,"y":5.88,"rotation":-90,"width":625,"height":566}},"body2":{"body2":{"x":-25.19,"y":46.56,"width":722,"height":205}},"eye1":{"eye1":{"x":-1.1,"y":0.99,"rotation":-90,"width":312,"height":86},"eye2":{"x":-1.1,"y":0.99,"rotation":-90,"width":312,"height":86},"eye3":{"x":-1.1,"y":0.99,"rotation":-90,"width":312,"height":86}},"hair1":{"hair1":{"x":166.85,"y":5,"rotation":-90,"width":1010,"height":506}},"hair2":{"hair2":{"x":-29.65,"y":3.5,"rotation":-90,"width":661,"height":301}},"mouth":{"mouth":{"x":-25.48,"y":-6.16,"rotation":-90,"width":506,"height":156}}}}],"animations":{"awoke":{"slots":{"eye1":{"attachment":[{"name":"eye3"},{"time":0.2333,"name":"eye2"},{"time":0.3,"name":"eye1"}]}},"bones":{"body":{"scale":[{},{"time":0.1667,"x":0.873,"y":1.034},{"time":0.3,"x":1.071,"y":0.994,"curve":0.21,"c2":0.12,"c3":0.774},{"time":0.5}]},"hair1":{"translate":[{},{"time":0.1667,"y":-50.01,"curve":0.276,"c3":0.621,"c4":0.39},{"time":0.2,"y":-48.21,"curve":0.333,"c2":0.29,"c3":0.758,"c4":0.89},{"time":0.3,"y":47.59,"curve":0.267,"c2":0.17,"c3":0.608,"c4":0.53},{"time":0.3333,"y":49.1,"curve":0.296,"c2":0.31,"c3":0.783},{"time":0.5}],"scale":[{},{"time":0.1667,"x":0.982,"y":1.013,"curve":0.276,"c3":0.621,"c4":0.39},{"time":0.2,"x":0.97,"y":1.011,"curve":0.333,"c2":0.29,"c3":0.758,"c4":0.89},{"time":0.3,"x":1.107,"y":0.971,"curve":0.21,"c2":0.12,"c3":0.774},{"time":0.5}]}}},"idle1":{"bones":{"body":{"scale":[{},{"time":0.5333,"x":0.894,"y":1.035},{"time":1.0667}]},"hair1":{"translate":[{},{"time":0.1333,"y":-3.6},{"time":0.5333,"y":-45.24},{"time":0.6667,"y":-43.99},{"time":1.0667}],"scale":[{},{"time":0.1333,"x":1.012,"y":0.997},{"time":0.5333,"x":0.982,"y":1.009},{"time":0.6667,"x":0.961,"y":1.01},{"time":1.0667}]}}},"idle1_eye":{"slots":{"eye1":{"attachment":[{"time":0.4667,"name":"eye2"},{"time":0.5333,"name":"eye3"},{"time":0.6,"name":"eye2"},{"time":0.6667,"name":"eye1"}]}},"bones":{"body":{"scale":[{},{"time":0.5333,"x":0.894,"y":1.035},{"time":1.0667}]},"hair1":{"translate":[{},{"time":0.1333,"y":-3.6},{"time":0.5333,"y":-45.24},{"time":0.6667,"y":-43.99},{"time":1.0667}],"scale":[{},{"time":0.1333,"x":1.012,"y":0.997},{"time":0.5333,"x":0.982,"y":1.009},{"time":0.6667,"x":0.961,"y":1.01},{"time":1.0667}]}}},"idle2":{"slots":{"eye1":{"attachment":[{"name":"eye3"}]}},"bones":{"body":{"scale":[{},{"time":0.5333,"x":0.894,"y":1.035},{"time":1.0667}]},"hair1":{"translate":[{},{"time":0.1333,"y":-3.6},{"time":0.5333,"y":-45.24},{"time":0.6667,"y":-43.99},{"time":1.0667}],"scale":[{},{"time":0.1333,"x":1.012,"y":0.997},{"time":0.5333,"x":0.982,"y":1.009},{"time":0.6667,"x":0.961,"y":1.01},{"time":1.0667}]}}}}},[0]]],0,0,[0],[-1],[4]]]]