[1,["55Cob1/jRAhKxrRXE/huVL","2fegYoqP5Fa7GJetU/1HLJ","4ckYCUgrdD2oTz4q9KnzsX"],["_textureSetter"],["cc.SpriteFrame"],0,[[[{"name":"common_pop_view_4","rect":[0,0,241,101],"offset":[0,0],"originalSize":[241,101],"capInsets":[100,0,100,0]}],[0],0,[0],[0],[0]],[[{"name":"btn_common","rect":[0,0,139,70],"offset":[0,0],"originalSize":[139,70],"capInsets":[50,0,50,0]}],[0],0,[0],[0],[1]],[[{"name":"common_pop_view_1","rect":[0,0,121,70],"offset":[0,0.5],"originalSize":[121,71],"capInsets":[0,0,0,0]}],[0],0,[0],[0],[2]]]]