[1,["610VPwuNtD57LtdTtM8fk6","e3Na6WdjJK9LpgWa8SaKIQ","13TVD26mRD6J0wqQWOi930"],["node","root","body","animation","spineAnimation","data","_N$skeletonData"],[["cc.Node",["_name","_components","_prefab","_children","_trs","_parent","_contentSize"],2,12,4,2,7,1,5],["cc.PrefabInfo",["fileId","root","asset"],2,1,1],["261d4+Q1HdGA5w3tjdBw83c",["activeFlash","node","spineAnimation"],2,1,1],["sp.SkeletonData",["_name","_atlasText","textureNames","_skeletonJson","textures"],-1,3],["cc.Prefab",["_name"],2],["cc.Node",["_name","_groupIndex","_parent","_components","_prefab"],1,1,2,4],["844b3i3LINC/YeQXQ5ZJ4Rg",["shadowScale","node","animation","body","shadowOffset"],2,1,1,1,5],["sp.Skeleton",["defaultSkin","defaultAnimation","_preCacheMode","_animationName","node","_materials"],-1,1,3],["cc.BoxCollider",["node","_offset","_size"],3,1,5,5],["96c396uvMtPhLUJFoRD9JmK",["node","body"],3,1,1]],[[1,0,1,2,2],[3,0,1,2,3,4,5],[4,0,2],[0,0,3,1,2,4,2],[0,0,5,1,2,6,2],[5,0,1,2,3,4,3],[6,0,1,2,3,4,2],[1,1,2,1],[2,1,2,1],[2,0,1,2,2],[7,0,1,2,3,4,5,5],[8,0,1,2,1],[9,0,1,1]],[[[[1,"34_plant","\n34_plant.png\nsize: 1024,256\nformat: RGBA8888\nfilter: Linear,Linear\nrepeat: none\n1body\n  rotate: false\n  xy: 731, 41\n  size: 142, 104\n  orig: 142, 104\n  offset: 0, 0\n  index: -1\n1head\n  rotate: false\n  xy: 212, 14\n  size: 169, 131\n  orig: 169, 131\n  offset: 0, 0\n  index: -1\n2head\n  rotate: false\n  xy: 383, 14\n  size: 169, 131\n  orig: 169, 131\n  offset: 0, 0\n  index: -1\n3body\n  rotate: false\n  xy: 554, 34\n  size: 175, 111\n  orig: 175, 111\n  offset: 0, 0\n  index: -1\n3head\n  rotate: false\n  xy: 2, 2\n  size: 208, 143\n  orig: 209, 143\n  offset: 0, 0\n  index: -1\nleaf1\n  rotate: false\n  xy: 875, 33\n  size: 16, 21\n  orig: 16, 21\n  offset: 0, 0\n  index: -1\nleaf2\n  rotate: false\n  xy: 875, 56\n  size: 21, 21\n  orig: 21, 21\n  offset: 0, 0\n  index: -1\nleaf3\n  rotate: true\n  xy: 731, 12\n  size: 27, 15\n  orig: 27, 15\n  offset: 0, 0\n  index: -1\nmouth\n  rotate: true\n  xy: 875, 79\n  size: 66, 23\n  orig: 66, 23\n  offset: 0, 0\n  index: -1\n",["34_plant.png"],{"skeleton":{"hash":"ubWS4yptIqa1j8iufVPcGnM1IYw","spine":"3.8.99","x":-43.89,"y":-0.11,"width":88.83,"height":86.2,"images":"./images/","audio":"D:/1陆婷婷_天豆/植物大战僵尸/2024.2.18一代原始版初代植物大战僵尸/植物/34花盆"},"bones":[{"name":"root"},{"name":"plant","parent":"root","scaleX":0.105,"scaleY":0.105,"color":"ff0000ff"},{"name":"1body","parent":"plant","length":154.3,"rotation":90,"color":"ff0000ff"},{"name":"mouth","parent":"1body","x":102.34,"y":0.64,"color":"ff0000ff"},{"name":"1head","parent":"plant","rotation":90,"y":422,"scaleX":0.105,"scaleY":0.105,"transform":"onlyTranslation","color":"ff0000ff"},{"name":"leaf1","parent":"1head","length":94.4,"rotation":124.66,"x":246.14,"y":95.58,"scaleX":0.105,"scaleY":0.105,"transform":"onlyTranslation","color":"ff0000ff"},{"name":"leaf3","parent":"leaf1","length":122.35,"rotation":53.01,"x":91.42,"y":0.05,"color":"ff0000ff"},{"name":"leaf4","parent":"leaf1","length":89.41,"rotation":-77.79,"x":87.5,"y":-1.26,"color":"ff0000ff"},{"name":"1yy","parent":"plant","y":161.1,"color":"0014ffff"}],"slots":[{"name":"1yy","bone":"1yy"},{"name":"1body","bone":"1body","attachment":"1body"},{"name":"mouth","bone":"mouth","attachment":"mouth"},{"name":"leaf1","bone":"leaf1","attachment":"leaf1"},{"name":"leaf2","bone":"leaf4","attachment":"leaf2"},{"name":"leaf3","bone":"leaf3","attachment":"leaf3"},{"name":"1head","bone":"1head","attachment":"1head"}],"skins":[{"name":"default","attachments":{"1body":{"1body":{"x":258,"y":-4.5,"rotation":-90,"width":709,"height":518},"3body":{"x":271.5,"y":-2,"rotation":-90,"width":874,"height":557}},"1head":{"1head":{"x":5,"y":-5,"rotation":-90,"width":846,"height":654},"2head":{"x":5,"y":-5,"rotation":-90,"width":846,"height":654},"3head":{"x":1.5,"y":3.5,"rotation":-90,"width":1043,"height":717}},"leaf1":{"leaf1":{"x":59.86,"y":-1.98,"rotation":-124.66,"width":80,"height":105}},"leaf2":{"leaf2":{"x":42.29,"y":-4.67,"rotation":-46.87,"width":104,"height":103}},"leaf3":{"leaf3":{"x":63.52,"y":-14.63,"rotation":-177.68,"width":137,"height":77}},"mouth":{"mouth":{"x":-15.84,"y":15.36,"rotation":-90,"width":332,"height":117}}}}],"animations":{"idle1":{"bones":{"1body":{"scale":[{},{"time":0.4,"x":1.19,"y":0.995},{"time":0.8}]},"1head":{"translate":[{},{"time":0.4,"y":29.71},{"time":0.8}]},"leaf1":{"translate":[{},{"time":0.1333,"x":-8.93,"y":3.01},{"time":0.4,"x":-7.55,"y":3.01},{"time":0.5333,"x":6.97,"y":1.16},{"time":0.8}]},"leaf3":{"rotate":[{},{"time":0.1333,"angle":14.11},{"time":0.4,"angle":18.74},{"time":0.5333,"angle":-2.15},{"time":0.8}]},"leaf4":{"rotate":[{},{"time":0.1333,"angle":-22.09},{"time":0.4,"angle":-25.35},{"time":0.5333,"angle":1.11},{"time":0.8}]},"1yy":{"scale":[{},{"time":0.4,"x":0.932},{"time":0.8}]}}},"idle2":{"slots":{"1head":{"attachment":[{"name":"2head"}]},"leaf1":{"attachment":[{"name":null}]},"leaf2":{"attachment":[{"name":null}]},"leaf3":{"attachment":[{"name":null}]},"mouth":{"attachment":[{"name":null}]}}},"idle3":{"slots":{"1body":{"attachment":[{"name":"3body"}]},"1head":{"attachment":[{"name":"3head"}]},"leaf1":{"attachment":[{"name":null}]},"leaf2":{"attachment":[{"name":null}]},"leaf3":{"attachment":[{"name":null}]},"mouth":{"attachment":[{"name":null}]}},"bones":{"1body":{"scale":[{"x":1.046,"y":1.065},{"time":0.4,"x":1.197,"y":1.045},{"time":0.8,"x":1.046,"y":1.065}]},"1head":{"translate":[{"y":57.87},{"time":0.4,"y":101.85},{"time":0.8,"y":57.87}],"scale":[{"x":1.129,"y":1.129}]},"1yy":{"scale":[{"x":1.05},{"time":0.4,"x":0.969},{"time":0.8,"x":1.05}]}}},"idle4":{"slots":{"1head":{"attachment":[{"name":"2head"}]},"leaf1":{"attachment":[{"name":null}]},"leaf2":{"attachment":[{"name":null}]},"leaf3":{"attachment":[{"name":null}]},"mouth":{"attachment":[{"name":null}]}},"bones":{"1body":{"scale":[{},{"time":0.4,"x":1.19,"y":0.995},{"time":0.8}]},"1head":{"translate":[{},{"time":0.4,"y":29.71},{"time":0.8}]},"1yy":{"scale":[{},{"time":0.4,"x":0.932},{"time":0.8}]}}}}},[0]]],0,0,[0],[-1],[0]],[[[2,"FlowerPot"],[3,"FlowerPot",[-6,-7],[[-2,[6,1.1,-5,-4,-3,[0,0,8]]],1,4],[7,-1,0],[-494,-293,0,0,0,0,1,1,1,1]],[5,"bodyC",5,1,[-8,-9],[0,"8661Qk9KdK3ba9UX9HvQif",1,0]],[4,"34_plant",1,[[-10,[8,-12,-11]],1,4],[0,"b0lh2eRx9ACKFYETaI2wub",1,0],[5,88.83,86.2]],[10,"default","idle2",0,"idle2",3,[0]],[11,2,[0,0,60],[5,90,120]],[12,2,5],[9,true,1,4]],0,[0,1,1,0,-1,7,0,2,6,0,3,7,0,0,1,0,-1,2,0,-2,3,0,-1,5,0,-2,6,0,-1,4,0,4,4,0,0,3,0,5,1,12],[0,4],[-1,6],[1,2]]]]