[1,["279Z3QCUhIPoP1jyYzhI0s","7a/QZLET9IDreTiBfRn2PD","8dnHcl3kdFEYgpDbKMZinB"],["root","jar","node","data","_N$skeletonData"],[["cc.PrefabInfo",["fileId","root","asset"],2,1,1],["sp.SkeletonData",["_name","_atlasText","textureNames","_skeletonJson","textures"],-1,3],["cc.Prefab",["_name"],2],["cc.Node",["_name","_children","_components","_prefab"],2,2,9,4],["cc.Node",["_name","_parent","_components","_prefab"],2,1,2,4],["9907b58JHRK+JGjaWAfcmxM",["node","jar"],3,1,1],["sp.Skeleton",["defaultSkin","defaultAnimation","_preCacheMode","_animationName","node","_materials"],-1,1,3],["261d4+Q1HdGA5w3tjdBw83c",["node","spineAnimation"],3,1,1]],[[1,0,1,2,3,4,5],[2,0,2],[3,0,1,2,3,2],[4,0,1,2,3,2],[5,0,1,1],[0,1,2,1],[0,0,1,2,2],[6,0,1,2,3,4,5,5],[7,0,1,1]],[[[[0,"19FX_jar","\n19FX_jar.png\nsize: 1024,128\nformat: RGBA8888\nfilter: Linear,Linear\nrepeat: none\n1jar\n  rotate: false\n  xy: 520, 7\n  size: 101, 119\n  orig: 101, 119\n  offset: 0, 0\n  index: -1\n1jar0\n  rotate: false\n  xy: 106, 5\n  size: 103, 121\n  orig: 103, 121\n  offset: 0, 0\n  index: -1\n1jar1\n  rotate: true\n  xy: 657, 62\n  size: 29, 25\n  orig: 29, 25\n  offset: 0, 0\n  index: -1\n1jar2\n  rotate: true\n  xy: 623, 92\n  size: 34, 30\n  orig: 34, 30\n  offset: 0, 0\n  index: -1\n1jar3\n  rotate: false\n  xy: 734, 23\n  size: 16, 21\n  orig: 16, 21\n  offset: 0, 0\n  index: -1\n1jar4\n  rotate: false\n  xy: 655, 2\n  size: 24, 21\n  orig: 24, 21\n  offset: 0, 0\n  index: -1\n1jar5\n  rotate: false\n  xy: 716, 101\n  size: 24, 25\n  orig: 24, 25\n  offset: 0, 0\n  index: -1\n1jar6\n  rotate: false\n  xy: 644, 25\n  size: 18, 30\n  orig: 18, 30\n  offset: 0, 0\n  index: -1\n1jar7\n  rotate: false\n  xy: 689, 32\n  size: 24, 28\n  orig: 24, 28\n  offset: 0, 0\n  index: -1\n1jar8\n  rotate: false\n  xy: 740, 57\n  size: 12, 16\n  orig: 12, 16\n  offset: 0, 0\n  index: -1\n1jar9\n  rotate: false\n  xy: 752, 24\n  size: 12, 13\n  orig: 12, 13\n  offset: 0, 0\n  index: -1\n2jar\n  rotate: false\n  xy: 417, 6\n  size: 101, 120\n  orig: 101, 120\n  offset: 0, 0\n  index: -1\n2jar0\n  rotate: false\n  xy: 211, 5\n  size: 101, 121\n  orig: 101, 121\n  offset: 0, 0\n  index: -1\n2jar1\n  rotate: false\n  xy: 681, 2\n  size: 26, 27\n  orig: 26, 27\n  offset: 0, 0\n  index: -1\n2jar2\n  rotate: true\n  xy: 655, 93\n  size: 33, 31\n  orig: 33, 32\n  offset: 0, 1\n  index: -1\n2jar3\n  rotate: true\n  xy: 734, 5\n  size: 16, 21\n  orig: 16, 21\n  offset: 0, 0\n  index: -1\n2jar4\n  rotate: true\n  xy: 734, 75\n  size: 24, 21\n  orig: 24, 21\n  offset: 0, 0\n  index: -1\n2jar5\n  rotate: false\n  xy: 709, 3\n  size: 23, 27\n  orig: 23, 27\n  offset: 0, 0\n  index: -1\n2jar6\n  rotate: true\n  xy: 623, 2\n  size: 19, 30\n  orig: 19, 30\n  offset: 0, 0\n  index: -1\n2jar7\n  rotate: false\n  xy: 664, 31\n  size: 23, 29\n  orig: 23, 29\n  offset: 0, 0\n  index: -1\n2jar8\n  rotate: true\n  xy: 715, 32\n  size: 12, 17\n  orig: 12, 17\n  offset: 0, 0\n  index: -1\n2jar9\n  rotate: false\n  xy: 757, 10\n  size: 12, 12\n  orig: 12, 12\n  offset: 0, 0\n  index: -1\n3jar\n  rotate: false\n  xy: 2, 3\n  size: 102, 123\n  orig: 102, 123\n  offset: 0, 0\n  index: -1\n3jar0\n  rotate: false\n  xy: 314, 5\n  size: 101, 121\n  orig: 101, 121\n  offset: 0, 0\n  index: -1\n3jar1\n  rotate: false\n  xy: 688, 100\n  size: 26, 26\n  orig: 26, 26\n  offset: 0, 0\n  index: -1\n3jar2\n  rotate: true\n  xy: 623, 57\n  size: 33, 32\n  orig: 33, 32\n  offset: 0, 0\n  index: -1\n3jar3\n  rotate: false\n  xy: 742, 103\n  size: 16, 23\n  orig: 16, 23\n  offset: 0, 0\n  index: -1\n3jar4\n  rotate: true\n  xy: 715, 46\n  size: 24, 23\n  orig: 24, 23\n  offset: 0, 0\n  index: -1\n3jar5\n  rotate: false\n  xy: 709, 72\n  size: 23, 26\n  orig: 23, 27\n  offset: 0, 1\n  index: -1\n3jar6\n  rotate: false\n  xy: 623, 23\n  size: 19, 32\n  orig: 19, 32\n  offset: 0, 0\n  index: -1\n3jar7\n  rotate: false\n  xy: 684, 62\n  size: 23, 29\n  orig: 23, 29\n  offset: 0, 0\n  index: -1\n3jar8\n  rotate: false\n  xy: 752, 39\n  size: 12, 16\n  orig: 12, 16\n  offset: 0, 0\n  index: -1\n3jar9\n  rotate: false\n  xy: 754, 60\n  size: 12, 13\n  orig: 12, 13\n  offset: 0, 0\n  index: -1\n",["19FX_jar.png"],{"skeleton":{"hash":"18fDEqvyzxsK93hABlBA95z/eUc","spine":"3.8.99"},"bones":[{"name":"root"},{"name":"19FX_jar","parent":"root"},{"name":"1jar","parent":"19FX_jar"},{"name":"1jar2","parent":"19FX_jar","x":-22.14,"y":105.68},{"name":"1jar3","parent":"19FX_jar","x":-13.75,"y":79.08,"scaleX":1.3586,"scaleY":1.3586},{"name":"1jar1","parent":"19FX_jar","x":22.99,"y":30.51},{"name":"1jar9","parent":"19FX_jar","x":14.54,"y":75.42},{"name":"1jar7","parent":"19FX_jar","x":-41.61,"y":81.18},{"name":"1jar8","parent":"19FX_jar","x":-19.42,"y":50.26},{"name":"1jar4","parent":"19FX_jar","rotation":-19.98,"x":-24.87,"y":23.67},{"name":"1jar6","parent":"19FX_jar","x":40.2,"y":89.63},{"name":"1jar5","parent":"19FX_jar","x":20.86,"y":112.86},{"name":"1jar10","parent":"19FX_jar","x":15.02,"y":52.32,"scaleX":1.2638,"scaleY":1.2638},{"name":"1jar11","parent":"19FX_jar","x":7.08,"y":25.56,"scaleX":1.3813,"scaleY":1.3074},{"name":"1jar12","parent":"19FX_jar","rotation":-33.08,"x":44.31,"y":51.08},{"name":"1jar13","parent":"19FX_jar","rotation":-64.59,"x":-28.93,"y":65.94,"scaleX":1.4015,"scaleY":1.4015},{"name":"1jar14","parent":"19FX_jar","rotation":76.27,"x":-1.17,"y":66.49,"scaleX":1.2964,"scaleY":1.2964},{"name":"1jar15","parent":"19FX_jar","x":0.63,"y":87.83}],"slots":[{"name":"1jar","bone":"1jar"},{"name":"1jar0","bone":"1jar"},{"name":"1jar1","bone":"1jar1"},{"name":"1jar15","bone":"1jar15"},{"name":"1jar14","bone":"1jar14"},{"name":"1jar2","bone":"1jar2"},{"name":"1jar3","bone":"1jar3"},{"name":"1jar4","bone":"1jar4"},{"name":"1jar5","bone":"1jar5"},{"name":"1jar6","bone":"1jar6"},{"name":"1jar12","bone":"1jar12"},{"name":"1jar7","bone":"1jar7"},{"name":"1jar8","bone":"1jar8"},{"name":"1jar13","bone":"1jar13"},{"name":"1jar10","bone":"1jar10"},{"name":"1jar9","bone":"1jar9"},{"name":"1jar11","bone":"1jar11"}],"skins":[{"name":"skin1","attachments":{"1jar":{"1jar":{"y":57.02,"width":101,"height":119}},"1jar0":{"1jar0":{"y":57.02,"width":103,"height":121}},"1jar1":{"1jar1":{"name":"jar1","path":"1jar1","width":29,"height":25}},"1jar2":{"1jar2":{"width":34,"height":30}},"1jar3":{"1jar3":{"width":16,"height":21}},"1jar4":{"1jar4":{"width":24,"height":21}},"1jar5":{"1jar5":{"width":24,"height":25}},"1jar6":{"1jar6":{"width":18,"height":30}},"1jar7":{"1jar7":{"width":24,"height":28}},"1jar8":{"1jar8":{"width":12,"height":16}},"1jar9":{"1jar9":{"width":12,"height":13}},"1jar10":{"1jar8":{"width":12,"height":16}},"1jar11":{"1jar9":{"width":12,"height":13}},"1jar12":{"1jar6":{"width":18,"height":30}},"1jar13":{"1jar8":{"width":12,"height":16}},"1jar14":{"1jar1":{"name":"jar1","path":"1jar1","width":29,"height":25}},"1jar15":{"1jar1":{"name":"jar1","path":"1jar1","width":29,"height":25}}}},{"name":"skin2","attachments":{"1jar":{"1jar":{"path":"2jar","x":0.43,"y":56.53,"width":101,"height":120}},"1jar0":{"1jar0":{"path":"2jar0","x":0.47,"y":57.02,"width":101,"height":121}},"1jar1":{"1jar1":{"name":"jar1","path":"2jar1","width":26,"height":27}},"1jar2":{"1jar2":{"path":"2jar2","width":33,"height":32}},"1jar3":{"1jar3":{"path":"2jar3","width":16,"height":21}},"1jar4":{"1jar4":{"path":"2jar4","width":24,"height":21}},"1jar5":{"1jar5":{"path":"2jar5","width":23,"height":27}},"1jar6":{"1jar6":{"path":"2jar6","width":19,"height":30}},"1jar7":{"1jar7":{"path":"2jar7","width":23,"height":29}},"1jar8":{"1jar8":{"path":"2jar8","width":12,"height":17}},"1jar9":{"1jar9":{"path":"2jar9","width":12,"height":12}},"1jar10":{"1jar8":{"path":"2jar8","width":12,"height":17}},"1jar11":{"1jar9":{"path":"2jar9","width":12,"height":12}},"1jar12":{"1jar6":{"path":"2jar6","width":19,"height":30}},"1jar13":{"1jar8":{"path":"2jar8","width":12,"height":17}},"1jar14":{"1jar1":{"name":"jar1","path":"2jar1","width":26,"height":27}},"1jar15":{"1jar1":{"name":"jar1","path":"2jar1","width":26,"height":27}}}},{"name":"skin3","attachments":{"1jar":{"1jar":{"path":"3jar","x":0.41,"y":59.08,"width":102,"height":123}},"1jar0":{"1jar0":{"path":"3jar0","x":0.86,"y":57.02,"width":101,"height":121}},"1jar1":{"1jar1":{"name":"jar1","path":"3jar1","width":26,"height":26}},"1jar2":{"1jar2":{"path":"3jar2","width":33,"height":32}},"1jar3":{"1jar3":{"path":"3jar3","width":16,"height":23}},"1jar4":{"1jar4":{"path":"3jar4","width":24,"height":23}},"1jar5":{"1jar5":{"path":"3jar5","width":23,"height":27}},"1jar6":{"1jar6":{"path":"3jar6","width":19,"height":32}},"1jar7":{"1jar7":{"path":"3jar7","width":23,"height":29}},"1jar8":{"1jar8":{"path":"3jar8","width":12,"height":16}},"1jar9":{"1jar9":{"path":"3jar9","width":12,"height":13}},"1jar10":{"1jar8":{"path":"3jar8","width":12,"height":16}},"1jar11":{"1jar9":{"path":"3jar9","width":12,"height":13}},"1jar12":{"1jar6":{"path":"3jar6","width":19,"height":32}},"1jar13":{"1jar8":{"path":"3jar8","width":12,"height":16}},"1jar14":{"1jar1":{"name":"jar1","path":"3jar1","width":26,"height":26}},"1jar15":{"1jar1":{"name":"jar1","path":"3jar1","width":26,"height":26}}}}],"animations":{"blow":{"slots":{"1jar1":{"attachment":[{"name":"1jar1"},{"time":0.2667,"name":null}]},"1jar2":{"attachment":[{"name":"1jar2"},{"time":0.4667,"name":null}]},"1jar3":{"attachment":[{"name":"1jar3"},{"time":0.3667,"name":null}]},"1jar4":{"attachment":[{"name":"1jar4"},{"time":0.2667,"name":null}]},"1jar5":{"attachment":[{"name":"1jar5"},{"time":0.5,"name":null}]},"1jar6":{"attachment":[{"name":"1jar6"},{"time":0.4333,"name":null}]},"1jar7":{"attachment":[{"name":"1jar7"},{"time":0.3667,"name":null}]},"1jar8":{"attachment":[{"name":"1jar8"},{"time":0.3333,"name":null}]},"1jar9":{"attachment":[{"name":"1jar9"},{"time":0.4,"name":null}]},"1jar10":{"attachment":[{"name":"1jar8"},{"time":0.3667,"name":null}]},"1jar11":{"attachment":[{"name":"1jar9"},{"time":0.2667,"name":null}]},"1jar12":{"attachment":[{"name":"1jar6"},{"time":0.3333,"name":null}]},"1jar13":{"attachment":[{"name":"1jar8"},{"time":0.4,"name":null}]},"1jar14":{"attachment":[{"name":"1jar1"},{"time":0.3667,"name":null}]},"1jar15":{"attachment":[{"name":"1jar1"},{"time":0.4333,"name":null}]}},"bones":{"1jar1":{"rotate":[{"curve":0.147,"c2":0.19,"c3":0.756,"c4":0.95},{"time":0.1333,"angle":-9.79,"curve":0.244,"c2":0.06,"c3":0.945,"c4":0.81},{"time":0.2333,"angle":-33.13}],"translate":[{"curve":0.147,"c2":0.19,"c3":0.756,"c4":0.95},{"time":0.1333,"x":0.78,"y":4.46,"curve":0.244,"c2":0.06,"c3":0.945,"c4":0.81},{"time":0.2333,"x":7.04,"y":-16.94}]},"1jar2":{"rotate":[{"curve":0.147,"c2":0.19,"c3":0.756,"c4":0.95},{"time":0.1333,"angle":13.92,"curve":0.244,"c2":0.06,"c3":0.945,"c4":0.81},{"time":0.4333,"angle":58.21}],"translate":[{"curve":0.147,"c2":0.19,"c3":0.756,"c4":0.95},{"time":0.1333,"x":-4.39,"y":8.23,"curve":0.244,"c2":0.06,"c3":0.945,"c4":0.81},{"time":0.4333,"x":-16.5,"y":-84.41}]},"1jar3":{"rotate":[{"curve":0.147,"c2":0.19,"c3":0.756,"c4":0.95},{"time":0.1333,"angle":16.51,"curve":0.244,"c2":0.06,"c3":0.945,"c4":0.81},{"time":0.3333,"angle":46.75}],"translate":[{"curve":0.147,"c2":0.19,"c3":0.756,"c4":0.95},{"time":0.1333,"x":-4.69,"y":9.78,"curve":0.244,"c2":0.06,"c3":0.945,"c4":0.81},{"time":0.3333,"x":-9.58,"y":-63.51}]},"1jar4":{"rotate":[{"curve":0.147,"c2":0.19,"c3":0.756,"c4":0.95},{"time":0.1,"angle":18.14,"curve":0.244,"c2":0.06,"c3":0.945,"c4":0.81},{"time":0.2333,"angle":46.41}],"translate":[{"curve":0.147,"c2":0.19,"c3":0.756,"c4":0.95},{"time":0.1,"x":-2.62,"y":6.14,"curve":0.244,"c2":0.06,"c3":0.945,"c4":0.81},{"time":0.2333,"x":-5.43,"y":-16.54}]},"1jar5":{"rotate":[{"curve":0.147,"c2":0.19,"c3":0.756,"c4":0.95},{"time":0.1333,"angle":-15.94,"curve":0.244,"c2":0.06,"c3":0.945,"c4":0.81},{"time":0.4667,"angle":-54.43}],"translate":[{"curve":0.147,"c2":0.19,"c3":0.756,"c4":0.95},{"time":0.1333,"x":6.15,"y":6.21,"curve":0.244,"c2":0.06,"c3":0.945,"c4":0.81},{"time":0.4667,"x":9.1,"y":-96.4}]},"1jar6":{"rotate":[{"curve":0.147,"c2":0.19,"c3":0.756,"c4":0.95},{"time":0.1333,"angle":-15.63,"curve":0.244,"c2":0.06,"c3":0.945,"c4":0.81},{"time":0.4333,"angle":-93.59}],"translate":[{"curve":0.147,"c2":0.19,"c3":0.756,"c4":0.95},{"time":0.1333,"x":8.37,"y":9.09,"curve":0.244,"c2":0.06,"c3":0.945,"c4":0.81},{"time":0.4333,"x":13.88,"y":-77.1}]},"1jar7":{"rotate":[{"curve":0.147,"c2":0.19,"c3":0.756,"c4":0.95},{"time":0.1333,"angle":22.05,"curve":0.244,"c2":0.06,"c3":0.945,"c4":0.81},{"time":0.3667,"angle":65.97}],"translate":[{"x":9.82,"curve":0.147,"c2":0.19,"c3":0.756,"c4":0.95},{"time":0.1333,"x":-2.16,"y":9.03,"curve":0.244,"c2":0.06,"c3":0.945,"c4":0.81},{"time":0.3667,"x":-29.08,"y":-68.85}]},"1jar8":{"rotate":[{"curve":0.147,"c2":0.19,"c3":0.756,"c4":0.95},{"time":0.1333,"angle":22.77,"curve":0.244,"c2":0.06,"c3":0.945,"c4":0.81},{"time":0.3,"angle":65.71}],"translate":[{"curve":0.147,"c2":0.19,"c3":0.756,"c4":0.95},{"time":0.1333,"x":-3.45,"y":6.24,"curve":0.244,"c2":0.06,"c3":0.945,"c4":0.81},{"time":0.3,"x":-12.67,"y":-45.48}]},"1jar9":{"rotate":[{"curve":0.147,"c2":0.19,"c3":0.756,"c4":0.95},{"time":0.1333,"angle":-11.6,"curve":0.244,"c2":0.06,"c3":0.945,"c4":0.81},{"time":0.3667,"angle":-58.15}],"translate":[{"curve":0.147,"c2":0.19,"c3":0.756,"c4":0.95},{"time":0.1333,"x":0.78,"y":2.72,"curve":0.244,"c2":0.06,"c3":0.945,"c4":0.81},{"time":0.3667,"x":4.43,"y":-51.31}]},"1jar10":{"rotate":[{"curve":0.147,"c2":0.19,"c3":0.756,"c4":0.95},{"time":0.1333,"angle":-18.03,"curve":0.244,"c2":0.06,"c3":0.945,"c4":0.81},{"time":0.3333,"angle":-67.05}],"translate":[{"curve":0.147,"c2":0.19,"c3":0.756,"c4":0.95},{"time":0.1333,"x":5.19,"y":5.17,"curve":0.244,"c2":0.06,"c3":0.945,"c4":0.81},{"time":0.3333,"x":11.24,"y":-31.3}]},"1jar11":{"rotate":[{"curve":0.147,"c2":0.19,"c3":0.756,"c4":0.95},{"time":0.1333,"angle":-10.54,"curve":0.244,"c2":0.06,"c3":0.945,"c4":0.81},{"time":0.2333,"angle":-29.82}],"translate":[{"curve":0.147,"c2":0.19,"c3":0.756,"c4":0.95},{"time":0.1333,"x":0.78,"y":2.33,"curve":0.244,"c2":0.06,"c3":0.945,"c4":0.81},{"time":0.2333,"x":4.04,"y":-21.58}]},"1jar12":{"rotate":[{"curve":0.147,"c2":0.19,"c3":0.756,"c4":0.95},{"time":0.1333,"angle":-6.67,"curve":0.244,"c2":0.06,"c3":0.945,"c4":0.81},{"time":0.3,"angle":-38.23}],"translate":[{"curve":0.147,"c2":0.19,"c3":0.756,"c4":0.95},{"time":0.1333,"x":4.22,"y":7.21,"curve":0.244,"c2":0.06,"c3":0.945,"c4":0.81},{"time":0.3,"x":2.79,"y":-32.79}]},"1jar13":{"rotate":[{"curve":0.147,"c2":0.19,"c3":0.756,"c4":0.95},{"time":0.1333,"angle":10,"curve":0.244,"c2":0.06,"c3":0.945,"c4":0.81},{"time":0.3667,"angle":43.73}],"translate":[{"curve":0.147,"c2":0.19,"c3":0.756,"c4":0.95},{"time":0.1333,"x":-2.45,"y":6.87,"curve":0.244,"c2":0.06,"c3":0.945,"c4":0.81},{"time":0.3667,"x":-6.08,"y":-53.53}]},"1jar14":{"rotate":[{"curve":0.147,"c2":0.19,"c3":0.756,"c4":0.95},{"time":0.1333,"angle":-15.88,"curve":0.244,"c2":0.06,"c3":0.945,"c4":0.81},{"time":0.3333,"angle":-34.36}],"translate":[{"curve":0.147,"c2":0.19,"c3":0.756,"c4":0.95},{"time":0.1333,"x":2.84,"y":8.37,"curve":0.244,"c2":0.06,"c3":0.945,"c4":0.81},{"time":0.3333,"x":7.82,"y":-49.78}]},"1jar15":{"rotate":[{"curve":0.147,"c2":0.19,"c3":0.756,"c4":0.95},{"time":0.1333,"angle":-23.67,"curve":0.244,"c2":0.06,"c3":0.945,"c4":0.81},{"time":0.4,"angle":-47.51}],"translate":[{"curve":0.147,"c2":0.19,"c3":0.756,"c4":0.95},{"time":0.1333,"x":7.31,"y":9.03,"curve":0.244,"c2":0.06,"c3":0.945,"c4":0.81},{"time":0.4,"x":12.4,"y":-69.5}]}}},"idle1":{"slots":{"1jar":{"attachment":[{"name":"1jar"}]}}},"idle2":{"slots":{"1jar0":{"attachment":[{"name":"1jar0"}]}}}}},[0]]],0,0,[0],[-1],[0]],[[[1,"Jar"],[2,"Jar",[-4],[[4,-3,-2]],[5,-1,0]],[3,"19FX_jar",1,[-5,-6],[6,"19h4D0sEVIkozAuloV2mYS",1,0]],[7,"skin1","idle1",0,"idle1",2,[0]],[8,2,3]],0,[0,0,1,0,1,4,0,2,1,0,-1,2,0,-1,3,0,-2,4,0,3,1,6],[0,3],[-1,4],[1,2]]]]