[1,["11qNPc05ZDiLt4YpPC6ISV","7a/QZLET9IDreTiBfRn2PD","b69A+9DwpO040K1EJVMLYU"],["root","spine","node","data","_N$skeletonData"],[["cc.PrefabInfo",["fileId","root","asset"],2,1,1],["sp.SkeletonData",["_name","_atlasText","textureNames","_skeletonJson","textures"],-1,3],["cc.Prefab",["_name"],2],["cc.Node",["_name","_children","_components","_prefab"],2,2,9,4],["cc.Node",["_name","_parent","_components","_prefab","_contentSize","_trs"],2,1,2,4,5,7],["b2afbvP8rxKZpOCQLPbuZGR",["aniName","node","spine"],2,1,1],["sp.Skeleton",["defaultSkin","defaultAnimation","_preCacheMode","loop","_animationName","node","_materials"],-2,1,3],["261d4+Q1HdGA5w3tjdBw83c",["node","spineAnimation"],3,1,1]],[[1,0,1,2,3,4,5],[2,0,2],[3,0,1,2,3,2],[4,0,1,2,3,4,5,2],[5,0,1,2,2],[0,1,2,1],[0,0,1,2,2],[6,0,1,2,3,4,5,6,6],[7,0,1,1]],[[[[0,"13FX","\n13FX.png\nsize: 256,256\nformat: RGBA8888\nfilter: Linear,Linear\nrepeat: none\nimages/13FX\n  rotate: false\n  xy: 2, 2\n  size: 153, 156\n  orig: 153, 156\n  offset: 0, 0\n  index: -1\n",["13FX.png"],{"skeleton":{"hash":"aVW6Nnb+FcSM/ZQJZlWgKCIUAog","spine":"3.8.99","x":-131.59,"y":-134.17,"width":263.18,"height":268.34},"bones":[{"name":"root"},{"name":"13FX","parent":"root"}],"slots":[{"name":"13FX","bone":"13FX","attachment":"13FX"}],"skins":[{"name":"default","attachments":{"13FX":{"13FX":{"type":"mesh","path":"images/13FX","hull":4,"uvs":[1,1,0,1,0,0,1,0,0.32767,0.48467,0.39145,0.34889,0.59523,0.35804,0.66367,0.46331,0.66523,0.59146,0.58123,0.67537,0.42256,0.67232,0.32792,0.61027],"triangles":[5,2,3,6,5,3,7,6,3,4,2,5,0,8,7,10,11,4,4,6,7,6,4,5,9,10,7,7,10,4,8,9,7,1,2,4,1,4,11,0,7,3,9,8,0,1,10,9,1,11,10,0,1,9],"vertices":[76.5,-78,-76.5,-78,-76.5,78,76.5,78,-26.37,2.39,-16.61,23.57,14.57,22.15,25.04,5.72,25.28,-14.27,12.43,-27.36,-11.85,-26.88,-26.33,-17.2]}}}}],"animations":{"blow":{"slots":{"13FX":{"color":[{"time":0.3,"color":"ffffffff"},{"time":0.4,"color":"ffffff00"}]}},"bones":{"13FX":{"scale":[{"x":0.699,"y":0.699},{"time":0.3333,"x":1.72,"y":1.72}]}},"deform":{"default":{"13FX":{"13FX":[{"time":0.2},{"time":0.4,"offset":8,"vertices":[-11.70308,2.12951,-7.25568,11.78363,6.95432,11.13279,11.72713,3.64813,11.83562,-5.46361,5.97805,-11.42964,-5.08621,-11.2127,-11.68594,-6.80083]}]}}}}}},[0]]],0,0,[0],[-1],[0]],[[[1,"HypnoEffect"],[2,"HypnoEffect",[-4],[[4,"blow",-3,-2]],[5,-1,0]],[3,"13FX",1,[-5,-6],[6,"abGGPYXf9C17C9PDWymttr",1,0],[5,263.18,268.34],[0,70,0,0,0,0,1,1,1,1]],[7,"default","blow",0,false,"blow",2,[0]],[8,2,3]],0,[0,0,1,0,1,4,0,2,1,0,-1,2,0,-1,3,0,-2,4,0,3,1,6],[0,3],[-1,4],[1,2]]]]