[1,["ecpdLyjvZBwrvm+cedCcQy","0f0fPqLlhMppYQ/j+sNpYl","2aKJYU6u9G55yvfDap1e83","77ao5MeUpNcKbbXEb/z1P4","40odrVmmlG65mhTUQwFdYO","21YQCh38JC0p3uHD5IvuB3","5aalEjxDdKdrNa7bJxf8La","2b7dbpFudEIKLJQ+wQLCHj","41h23UWCFA2LzhkavM30Uq","22rMoykslEepe/P33a815A","15c82d3d1"],["node","_spriteFrame","root","select","voidSlot","priceNode","priceLabel","cardIcon","cardBoard","target","data","_textureSetter"],[["cc.Node",["_name","_active","_prefab","_contentSize","_parent","_children","_components","_anchorPoint","_trs"],1,4,5,1,2,9,5,7],["cc.Sprite",["_sizeMode","_isTrimmedMode","_type","node","_materials","_spriteFrame"],0,1,3,6],["cc.Node",["_name","_parent","_components","_prefab","_contentSize","_anchorPoint","_trs","_children","_color"],2,1,2,4,5,5,7,2,5],["cc.PrefabInfo",["fileId","root","asset"],2,1,1],"cc.SpriteFrame",["cc.Prefab",["_name"],2],["90c044XkCxGMLQGNppnP0Zh",["node","cardBoard","cardBoardFrames","cardIcon","priceLabel","priceNode","voidSlot","select"],3,1,1,3,1,1,1,1,1],["cc.Button",["node","clickEvents"],3,1,9],["cc.ClickEvent",["_componentId","handler","target"],1,1],["cc.Label",["_string","_fontSize","_lineHeight","_N$horizontalAlign","_N$verticalAlign","node","_materials"],-2,1,3]],[[3,0,1,2,2],[0,0,4,6,2,3,8,2],[1,3,4,5,1],[5,0,2],[0,0,5,6,2,3,7,8,2],[0,0,1,4,5,2,3],[0,0,4,5,6,2,3,8,2],[0,0,4,6,2,3,7,2],[0,0,4,5,2,3,7,2],[2,0,1,7,2,3,4,5,2],[2,0,1,2,3,4,5,6,2],[2,0,1,2,3,8,4,5,6,2],[6,0,1,2,3,4,5,6,7,1],[7,0,1,1],[8,0,1,2,3],[3,1,2,1],[1,0,1,3,4,5,3],[1,2,0,1,3,4,5,4],[1,0,1,3,4,3],[1,0,3,4,2],[9,0,1,2,3,4,5,6,6]],[[[[3,"HandbookCard"],[4,"HandbookCard",[-11,-12,-13],[[12,-8,-7,[15,16,17,18,19,20],-6,-5,-4,-3,-2],[13,-10,[[14,"90c044XkCxGMLQGNppnP0Zh","clickCard",-9]]]],[15,-1,0],[5,136,75],[0,0,1],[-279,-7,0,0,0,0,1,1,1,1]],[5,"select",false,1,[-14,-15,-16,-17],[0,"24pl2qn8ZOBaqw9VvPgCxk",1,0]],[9,"card_slot_1",1,[-19,-20],[-18],[0,"f4IownKYJLF5Nx5L8bd4gj",1,0],[5,136,75],[0,0,1]],[6,"plant_price_bg",3,[-22],[[16,2,false,-21,[2],3]],[0,"7fZVUev6hN15DQOMnQAB7F",1,0],[5,57,31],[101,-52.7,0,0,0,0,1,1,1,1]],[7,"void_plant",1,[[17,1,0,false,-23,[5],6]],[0,"2cc3qgdBJLDaQxu75QtH/6",1,0],[5,136,75],[0,0,1]],[8,"Card",3,[-24],[0,"e4Lj+wCt5Ds4bYzgYncJeM",1,0],[5,136,75],[0,0,1]],[10,"Icon",6,[-25],[0,"3a15PQBx9G0bKbSfdxYk8X",1,0],[5,128,68],[0,0,1],[7.399,0,0,0,0,0,1,1,1,1]],[18,0,false,7,[0]],[11,"price",4,[-26],[0,"ecw2uDthBH9Y6cXsBZyqDb",1,0],[4,4278190080],[5,33.37,42.84],[0,1,0.5],[31,0.7,0,0,0,0,1,1,1,1]],[20,"50",30,34,1,1,9,[1]],[19,0,3,[4]],[1,"select_light",2,[[2,-27,[7],8]],[0,"7fHYYyHn5KW75Fn5x/0eDc",1,0],[5,81,64],[19,-10,0,0,0,0,1,1,1,1]],[1,"select_light",2,[[2,-28,[9],10]],[0,"cfZIA2kghNNZbwNRzNxufX",1,0],[5,81,64],[115.298,-10,0,0,0,0,1,-1,1,1]],[1,"select_light",2,[[2,-29,[11],12]],[0,"49rWu9/EFIVogLJUS1fbyu",1,0],[5,81,64],[115.298,-60,0,0,0,0,1,-1,-1,1]],[1,"select_light",2,[[2,-30,[13],14]],[0,"c7diJnZYNIWb0F427ztyrU",1,0],[5,81,64],[19,-60,0,0,0,0,1,1,-1,1]]],0,[0,2,1,0,3,2,0,4,5,0,5,4,0,6,10,0,7,8,0,8,11,0,0,1,0,9,1,0,0,1,0,-1,3,0,-2,5,0,-3,2,0,-1,12,0,-2,13,0,-3,14,0,-4,15,0,-1,11,0,-1,6,0,-2,4,0,0,4,0,-1,9,0,0,5,0,-1,7,0,-1,8,0,-1,10,0,0,12,0,0,13,0,0,14,0,0,15,0,10,1,30],[0,0,0,0,0,0,0,0,0,0,0,0,0,0,0,0,0,0,0,0,0,11],[-1,-1,-1,1,-1,-1,1,-1,1,-1,1,-1,1,-1,1,-1,-2,-3,-4,-5,-6,1],[0,0,0,3,0,0,4,0,1,0,1,0,1,0,1,5,2,6,7,8,9,2]],[[{"name":"void_plant","rect":[314,473,136,75],"offset":[0,0],"originalSize":[136,75],"rotated":1,"capInsets":[10,10,10,10]}],[4],0,[0],[11],[10]]]]