[1,["ecpdLyjvZBwrvm+cedCcQy","2aKJYU6u9G55yvfDap1e83","7dE/KvH7RHvqK0hEho+nMI","5aalEjxDdKdrNa7bJxf8La","bcvsxpwdlK8bXBT2HFydTl"],["_spriteFrame","node","root","mask","cardIcon","cardBoard","data","_textureSetter"],[["cc.Sprite",["_sizeMode","_isTrimmedMode","node","_materials","_spriteFrame"],1,1,3,6],["cc.Node",["_name","_opacity","_components","_prefab","_children","_parent","_color","_contentSize","_anchorPoint"],1,9,4,2,1,5,5,5],["cc.Node",["_name","_parent","_components","_prefab","_contentSize","_anchorPoint","_trs","_children"],2,1,2,4,5,5,7,2],["cc.PrefabInfo",["fileId","root","asset"],2,1,1],"cc.SpriteFrame",["cc.Prefab",["_name"],2],["155e1n5fZVF1JXbO5/HIHG9",["node","cardBoard","cardIcon","mask"],3,1,1,1,1]],[[3,0,1,2,2],[5,0,2],[1,0,4,2,3,2],[1,0,1,5,2,3,6,7,8,3],[2,0,1,7,2,3,4,5,6,2],[2,0,1,2,3,4,5,6,2],[6,0,1,2,3,1],[3,1,2,1],[0,2,3,4,1],[0,0,1,2,3,3],[0,2,3,1]],[[[[1,"DropZombieCard"],[2,"DropZombieCard",[-6],[[6,-5,-4,-3,-2]],[7,-1,0]],[4,"CardSlot",1,[-8,-9],[-7],[0,"c8mDYTobZKV6+uVXoeDti2",1,0],[5,136,75],[0,0.5,0],[6,0,0,0,0,0,1,1,1,1]],[3,"mask",150,2,[[8,-10,[1],2]],[0,"61fpSXQYpLMriYh3+JbfdE",1,0],[4,4278190080],[5,136,75],[0,0.5,0]],[5,"Icon",2,[-11],[0,"d6LXR2WnlD95RxCgKggKOh",1,0],[5,128,68],[0,0.5,0],[-14.614,7.482,0,0,0,0,1,-1,1,1]],[9,0,false,4,[0]],[10,2,[3]]],0,[0,2,1,0,3,3,0,4,5,0,5,6,0,1,1,0,-1,2,0,-1,6,0,-1,4,0,-2,3,0,1,3,0,-1,5,0,6,1,11],[0,0,0,0,5,6],[-1,-1,0,-1,0,0],[0,0,1,0,2,3]],[[{"name":"166","rect":[49,10,61,65],"offset":[11.5,-5],"originalSize":[136,75],"capInsets":[0,0,0,0]}],[4],0,[0],[7],[4]]]]