[1,["ecpdLyjvZBwrvm+cedCcQy","2aKJYU6u9G55yvfDap1e83","24tLOzX71LyLNWUiYgslBh","7a/QZLET9IDreTiBfRn2PD","62GTRe4E1Ee4akLd+6+GU/","d61C/zuQVIGJ7IAWakUXS9","2c5XU6AINJ2rAFBr7kNCIz","52A+oifQhJw7dQOD4VQHAU","ffDWXaiCNHS53KmnSEXUy+","72q2taoF9BmpJVge6zjbr/","ef7ILtPalHj6mzG3Eaqegg","5aalEjxDdKdrNa7bJxf8La","f4OfmZXI1IPqMfY4ruauOf","84uxkh9QFBoLct+bEdNEw/"],["node","_spriteFrame","_textureSetter","root","lightAni","paper","sprinkler","taco","baconic","handbook","shovel","propNode","cardIcon","cardBoard","arrow","data","_N$skeletonData"],[["cc.Node",["_name","_prefab","_parent","_components","_contentSize","_anchorPoint","_children","_trs","_eulerAngles"],2,4,1,9,5,5,2,7,5],["cc.Sprite",["_sizeMode","_isTrimmedMode","node","_materials","_spriteFrame"],1,1,3,6],["cc.Node",["_name","_parent","_components","_prefab","_contentSize","_trs","_anchorPoint"],2,1,2,4,5,7,5],["cc.PrefabInfo",["fileId","root","asset"],2,1,1],"cc.SpriteFrame",["cc.Prefab",["_name"],2],["cc.Node",["_name","_parent","_children","_components","_prefab","_contentSize","_anchorPoint"],2,1,2,12,4,5,5],["94b08Rs2DtFaZTn5L6m+n0u",["node","arrow","cardBoard","cardBoardFrames","cardIcon","propNode","shovel","handbook","baconic","taco","sprinkler","paper","lightAni"],3,1,1,1,3,1,1,1,1,1,1,1,1,1],["cc.Button",["node","clickEvents"],3,1,9],["cc.ClickEvent",["_componentId","handler","target"],1,1],["sp.Skeleton",["defaultSkin","defaultAnimation","_preCacheMode","loop","_animationName","_playTimes","node","_materials"],-3,1,3],["261d4+Q1HdGA5w3tjdBw83c",["node","spineAnimation"],3,1,1],["sp.SkeletonData",["_name","_atlasText","textureNames","_skeletonJson","textures"],-1,3]],[[3,0,1,2,2],[8,0,1,1],[9,0,1,2,3],[1,2,3,4,1],[0,0,2,3,1,4,5,7,2],[0,0,2,3,1,4,5,2],[5,0,2],[0,0,6,3,1,2],[0,0,2,6,1,2],[0,0,2,3,1,4,5,7,8,2],[0,0,2,3,1,4,7,2],[0,0,2,6,1,4,5,2],[6,0,1,2,3,4,5,6,2],[2,0,1,2,3,4,5,2],[2,0,1,2,3,4,6,5,2],[7,0,1,2,3,4,5,6,7,8,9,10,11,12,1],[3,1,2,1],[1,0,1,2,3,3],[1,2,3,1],[10,0,1,2,3,4,5,6,7,7],[11,0,1,1],[12,0,1,2,3,4,5]],[[[{"name":"drop_paper","rect":[0,0,90,62],"offset":[0,0],"originalSize":[90,62],"capInsets":[0,0,0,0]}],[4],0,[0],[2],[2]],[[[6,"DropCard"],[7,"DropCard",[-14,-15,-16,-17],[[15,-13,-12,-11,[17,18],-10,-9,-8,-7,-6,-5,-4,-3,-2]],[16,-1,0]],[8,"prop",1,[-18,-19,-20,-21,-22,-23],[0,"c2eeqf7/1JpIm84kwb0IuR",1,0]],[12,"CardSlot",1,[-26],[[-24,[1,-25,[[2,"94b08Rs2DtFaZTn5L6m+n0u","clickCard",1]]]],1,4],[0,"c8mDYTobZKV6+uVXoeDti2",1,0],[5,136,75],[0,0.5,0]],[9,"Shovel",2,[[3,-27,[5],6],[1,-28,[[2,"94b08Rs2DtFaZTn5L6m+n0u","clickCard",1]]]],[0,"9461SF1N9Ntp5hvb77oBqc",1,0],[5,205,102],[0,0.5,0],[25,14,0,0,0,0.25881904510252074,0.9659258262890683,0.7,0.7,1],[1,0,0,30]],[4,"drop_paper",2,[[3,-29,[7],8],[1,-30,[[2,"94b08Rs2DtFaZTn5L6m+n0u","clickCard",1]]]],[0,"eepbvGBCxJfZRFWScwZME6",1,0],[5,90,62],[0,0.5,0],[0,7,0,0,0,0,1,1,1,1]],[4,"drop_handbook",2,[[3,-31,[9],10],[1,-32,[[2,"94b08Rs2DtFaZTn5L6m+n0u","clickCard",1]]]],[0,"4brBPf4mNHKKNjCWV3gijM",1,0],[5,140,144],[0,0.5,0],[0,-22,0,0,0,0,1,0.7,0.7,1]],[5,"4",2,[[3,-33,[11],12],[1,-34,[[2,"94b08Rs2DtFaZTn5L6m+n0u","clickCard",1]]]],[0,"42ZGetmwlO+5vG4mPKRnd2",1,0],[5,105,88],[0,0.5,0]],[5,"drop_sprinkler",2,[[3,-35,[13],14],[1,-36,[[2,"94b08Rs2DtFaZTn5L6m+n0u","clickCard",1]]]],[0,"7d+10iMsxNUIg1fZaycu+c",1,0],[5,84,83],[0,0.5,0]],[4,"drop_taco",2,[[3,-37,[15],16],[1,-38,[[2,"94b08Rs2DtFaZTn5L6m+n0u","clickCard",1]]]],[0,"9d0q1e5vxGwohbhWplwAPK",1,0],[5,126,111],[0,0.5,0],[0,-22,0,0,0,0,1,1,1,1]],[13,"05_light",1,[-39,-40],[0,"6cIoYEIb5GkYzWihnMhPbu",1,0],[5,412.08,314.38],[0,37,0,0,0,0,1,1,1,1]],[10,"arrow",1,[[3,-41,[3],4]],[0,"b9DVf1639BeZVkVm4cNFXC",1,0],[5,45,52],[0,110,0,0,0,0,1,1,-1,1]],[19,"default","idle1",0,false,"idle1",1,10,[0]],[20,10,12],[11,"Card",3,[-42],[0,"4edZOOgBFNOLRuItqIyGh7",1,0],[5,136,75],[0,0.5,0]],[14,"Icon",14,[-43],[0,"95QirYzOhNc5SO8B43nu7Z",1,0],[5,128,68],[0,0.5,0],[0,4,0,0,0,0,1,1,1,1]],[17,0,false,15,[1]],[18,3,[2]]],0,[0,3,1,0,4,13,0,5,5,0,6,8,0,7,9,0,8,7,0,9,6,0,10,4,0,11,2,0,12,16,0,13,17,0,14,11,0,0,1,0,-1,10,0,-2,3,0,-3,11,0,-4,2,0,-1,4,0,-2,5,0,-3,6,0,-4,7,0,-5,8,0,-6,9,0,-1,17,0,0,3,0,-1,14,0,0,4,0,0,4,0,0,5,0,0,5,0,0,6,0,0,6,0,0,7,0,0,7,0,0,8,0,0,8,0,0,9,0,0,9,0,-1,12,0,-2,13,0,0,11,0,-1,15,0,-1,16,0,15,1,43],[0,0,0,0,0,0,0,0,0,0,0,0,0,0,0,0,0,0,0,12,17],[-1,-1,-1,-1,1,-1,1,-1,1,-1,1,-1,1,-1,1,-1,1,-1,-2,16,1],[3,0,0,0,4,0,5,0,6,0,7,0,8,0,9,0,10,1,11,12,1]],[[[21,"05_light","\n05_light.png\nsize: 1024,512\nformat: RGBA8888\nfilter: Linear,Linear\nrepeat: none\nlight1\n  rotate: false\n  xy: 2, 151\n  size: 339, 339\n  orig: 355, 355\n  offset: 8, 8\n  index: -1\nlight2\n  rotate: false\n  xy: 343, 2\n  size: 336, 193\n  orig: 355, 212\n  offset: 9, 10\n  index: -1\nlight3\n  rotate: true\n  xy: 343, 197\n  size: 293, 266\n  orig: 312, 285\n  offset: 10, 9\n  index: -1\nstars1\n  rotate: true\n  xy: 2, 72\n  size: 13, 12\n  orig: 21, 20\n  offset: 4, 4\n  index: -1\nstars2\n  rotate: true\n  xy: 2, 87\n  size: 17, 16\n  orig: 25, 24\n  offset: 4, 4\n  index: -1\nstars3\n  rotate: false\n  xy: 2, 128\n  size: 20, 21\n  orig: 29, 29\n  offset: 4, 4\n  index: -1\nstars4\n  rotate: true\n  xy: 2, 106\n  size: 20, 18\n  orig: 28, 26\n  offset: 4, 4\n  index: -1\nwhite\n  rotate: false\n  xy: 611, 237\n  size: 253, 253\n  orig: 263, 263\n  offset: 5, 5\n  index: -1\n",["05_light.png"],{"skeleton":{"hash":"4nauhqKiVRq77yiViSVCC0s1eZI","spine":"3.8.99","x":-217.94,"y":-162.72,"width":412.08,"height":314.38},"bones":[{"name":"root"},{"name":"light","parent":"root","scaleX":0.65,"scaleY":0.65},{"name":"light0","parent":"light"},{"name":"white","parent":"light0"},{"name":"light1","parent":"light0"},{"name":"1light","parent":"light0"},{"name":"light2","parent":"1light","rotation":-8.86},{"name":"light3","parent":"1light","rotation":6.21},{"name":"stars","parent":"light"},{"name":"stars1","parent":"stars","x":114.58,"y":-64.36,"scaleX":1.3934,"scaleY":1.3934},{"name":"stars4","parent":"stars","x":160.54,"y":-154.51,"scaleX":0.7571,"scaleY":0.7571},{"name":"stars5","parent":"stars","x":145.61,"y":-142.31,"scaleX":0.3832,"scaleY":0.3832},{"name":"stars7","parent":"stars","x":204.94,"y":-77.84,"scaleX":0.6993,"scaleY":0.6993},{"name":"stars9","parent":"stars","rotation":-38.31,"x":213.93,"y":-138.11,"scaleX":0.8144,"scaleY":0.8144},{"name":"stars10","parent":"stars","rotation":24.31,"x":119.88,"y":-118.69,"scaleX":1.0324,"scaleY":1.0324},{"name":"stars12","parent":"stars","x":-102.89,"y":-80.4,"scaleX":2.0344,"scaleY":2.0344},{"name":"stars13","parent":"stars","x":-204.08,"y":-170.03,"scaleX":1.3934,"scaleY":1.3934},{"name":"stars14","parent":"stars","x":-133.07,"y":-36.64,"scaleX":1.3934,"scaleY":1.3934},{"name":"stars15","parent":"stars","x":-204.81,"y":-52.34,"scaleX":0.7571,"scaleY":0.7571},{"name":"stars17","parent":"stars","x":-93.02,"y":-119.72,"scaleX":0.7762,"scaleY":0.7762},{"name":"stars18","parent":"stars","x":-150.11,"y":-46.65,"scaleX":0.6993,"scaleY":0.6993},{"name":"stars19","parent":"stars","x":-86.07,"y":-81.97,"scaleX":0.9374,"scaleY":0.9374},{"name":"stars20","parent":"stars","rotation":-38.31,"x":-292.04,"y":-110.06,"scaleX":0.8144,"scaleY":0.8144},{"name":"stars21","parent":"stars","rotation":24.31,"x":-226.08,"y":-134.51,"scaleX":1.0324,"scaleY":1.0324},{"name":"stars24","parent":"stars","x":-193.93,"y":-160.34,"scaleX":0.6993,"scaleY":0.6993},{"name":"stars28","parent":"stars","rotation":62.89,"x":203.91,"y":107.35,"scaleX":1.6385,"scaleY":1.6385},{"name":"stars29","parent":"stars","rotation":87.2,"x":118.32,"y":66.39,"scaleX":1.0324,"scaleY":1.0324},{"name":"stars30","parent":"stars","rotation":24.57,"x":174.61,"y":142.11,"scaleX":0.8144,"scaleY":0.8144},{"name":"stars32","parent":"stars","rotation":62.89,"x":270.46,"y":-2.94,"scaleX":0.6993,"scaleY":0.6993},{"name":"stars33","parent":"stars","rotation":62.89,"x":219.19,"y":92.78,"scaleX":0.7762,"scaleY":0.7762},{"name":"stars34","parent":"stars","rotation":62.89,"x":230.67,"y":0.17,"scaleX":0.3832,"scaleY":0.3832},{"name":"stars35","parent":"stars","rotation":62.89,"x":228.99,"y":61.06,"scaleX":0.7571,"scaleY":0.7571},{"name":"stars36","parent":"stars","rotation":62.89,"x":171.99,"y":175.61,"scaleX":1.33,"scaleY":1.33},{"name":"stars39","parent":"stars","rotation":62.89,"x":225.33,"y":-8.59,"scaleX":0.7571,"scaleY":0.7571},{"name":"stars41","parent":"stars","rotation":62.89,"x":157.58,"y":22.82,"scaleX":1.3934,"scaleY":1.3934},{"name":"stars42","parent":"stars","rotation":62.89,"x":248.14,"y":40.55,"scaleX":0.6993,"scaleY":0.6993},{"name":"stars43","parent":"stars","rotation":24.57,"x":240.07,"y":34.08,"scaleX":0.8144,"scaleY":0.8144},{"name":"stars44","parent":"stars","rotation":44.27,"x":236.9,"y":-56.58,"scaleX":1.2649,"scaleY":1.2649},{"name":"stars45","parent":"stars","rotation":62.89,"x":274.94,"y":48.64,"scaleX":1.4559,"scaleY":1.4559},{"name":"stars47","parent":"stars","x":-151.45,"y":163.22,"scaleX":2.0344,"scaleY":2.0344},{"name":"stars48","parent":"stars","x":-49.97,"y":92.14,"scaleX":0.4901,"scaleY":0.4901},{"name":"stars49","parent":"stars","x":-97.33,"y":125.2,"scaleX":0.6993,"scaleY":0.6993},{"name":"stars50","parent":"stars","rotation":-38.31,"x":-149.3,"y":67.73,"scaleX":0.8144,"scaleY":0.8144},{"name":"stars51","parent":"stars","x":-78.32,"y":196.44,"scaleX":1.1579,"scaleY":1.1579},{"name":"stars52","parent":"stars","rotation":24.31,"x":13.91,"y":84.36,"scaleX":1.0324,"scaleY":1.0324},{"name":"stars53","parent":"stars","rotation":-38.31,"x":100.73,"y":184.68,"scaleX":0.8144,"scaleY":0.8144},{"name":"stars54","parent":"stars","x":35.91,"y":199.01,"scaleX":0.9374,"scaleY":0.9374},{"name":"stars55","parent":"stars","x":-34.64,"y":196.86,"scaleX":0.6993,"scaleY":0.6993},{"name":"stars57","parent":"stars","x":62.01,"y":66.96,"scaleX":0.3832,"scaleY":0.3832},{"name":"stars59","parent":"stars","x":13.35,"y":213.92,"scaleX":1.3934,"scaleY":1.3934},{"name":"stars60","parent":"stars","x":-103.49,"y":214.78,"scaleX":1.3934,"scaleY":1.3934},{"name":"stars61","parent":"stars","x":86.43,"y":155.5,"scaleX":2.0344,"scaleY":2.0344},{"name":"stars62","parent":"stars","rotation":62.89,"x":-184.73,"y":18.2,"scaleX":1.4559,"scaleY":1.4559},{"name":"stars63","parent":"stars","rotation":44.27,"x":-254.37,"y":84.62,"scaleX":1.2649,"scaleY":1.2649},{"name":"stars64","parent":"stars","rotation":24.57,"x":-282.06,"y":29.3,"scaleX":0.8144,"scaleY":0.8144},{"name":"stars65","parent":"stars","rotation":62.89,"x":-279.63,"y":-30.16,"scaleX":0.6993,"scaleY":0.6993},{"name":"stars66","parent":"stars","rotation":62.89,"x":-312.37,"y":54.45,"scaleX":1.3934,"scaleY":1.3934},{"name":"stars67","parent":"stars","rotation":87.2,"x":0.85,"y":-91.4,"scaleX":1.0324,"scaleY":1.0324},{"name":"stars68","parent":"stars","rotation":62.89,"x":60.99,"y":-104.72,"scaleX":0.7571,"scaleY":0.7571},{"name":"stars69","parent":"stars","rotation":62.89,"x":-25.28,"y":-171.91,"scaleX":1.3934,"scaleY":1.3934},{"name":"stars70","parent":"stars","rotation":62.89,"x":-28.53,"y":-227.27,"scaleX":1.3934,"scaleY":1.3934},{"name":"stars71","parent":"stars","rotation":62.89,"x":-33.69,"y":-73.12,"scaleX":1.33,"scaleY":1.33},{"name":"stars72","parent":"stars","rotation":62.89,"x":-13.63,"y":-214.56,"scaleX":0.7571,"scaleY":0.7571},{"name":"stars73","parent":"stars","rotation":62.89,"x":63.95,"y":-204.6,"scaleX":0.3832,"scaleY":0.3832},{"name":"stars74","parent":"stars","rotation":62.89,"x":-79.75,"y":-219.1,"scaleX":0.7762,"scaleY":0.7762},{"name":"stars75","parent":"stars","rotation":62.89,"x":60.04,"y":-210.75,"scaleX":0.6993,"scaleY":0.6993},{"name":"stars76","parent":"stars","rotation":62.89,"x":76.51,"y":-215.42,"scaleX":0.9374,"scaleY":0.9374},{"name":"stars77","parent":"stars","rotation":24.57,"x":-84.45,"y":-211.86,"scaleX":0.8144,"scaleY":0.8144},{"name":"stars79","parent":"stars","rotation":62.89,"x":12.45,"y":-69.66,"scaleX":1.6385,"scaleY":1.6385},{"name":"light6","parent":"1light","rotation":-8.86},{"name":"light7","parent":"1light","rotation":6.21},{"name":"1light2","parent":"light0"},{"name":"light8","parent":"1light2","rotation":-8.86},{"name":"light9","parent":"1light2","rotation":6.21},{"name":"light10","parent":"1light2","rotation":-8.86},{"name":"light11","parent":"1light2","rotation":6.21},{"name":"light12","parent":"1light","rotation":6.21},{"name":"light13","parent":"1light","rotation":-8.86}],"slots":[{"name":"light3","bone":"light3"},{"name":"light12","bone":"light12"},{"name":"light9","bone":"light9"},{"name":"light7","bone":"light7"},{"name":"light11","bone":"light11"},{"name":"light2","bone":"light2"},{"name":"light13","bone":"light13"},{"name":"light8","bone":"light8"},{"name":"light6","bone":"light6"},{"name":"light10","bone":"light10"},{"name":"light1","bone":"light1"},{"name":"white","bone":"white"},{"name":"stars4","bone":"stars4","attachment":"stars4"},{"name":"stars35","bone":"stars35","attachment":"stars4"},{"name":"stars72","bone":"stars72","attachment":"stars4"},{"name":"stars39","bone":"stars39","attachment":"stars4"},{"name":"stars68","bone":"stars68","attachment":"stars4"},{"name":"stars15","bone":"stars15","attachment":"stars4"},{"name":"stars48","bone":"stars48","attachment":"stars4"},{"name":"stars7","bone":"stars7","attachment":"stars4"},{"name":"stars32","bone":"stars32","attachment":"stars4"},{"name":"stars75","bone":"stars75","attachment":"stars4"},{"name":"stars42","bone":"stars42","attachment":"stars4"},{"name":"stars65","bone":"stars65","attachment":"stars4"},{"name":"stars18","bone":"stars18","attachment":"stars4"},{"name":"stars55","bone":"stars55","attachment":"stars4"},{"name":"stars24","bone":"stars24","attachment":"stars4"},{"name":"stars49","bone":"stars49","attachment":"stars4"},{"name":"stars10","bone":"stars10","attachment":"stars4"},{"name":"stars29","bone":"stars29","attachment":"stars4"},{"name":"stars67","bone":"stars67","attachment":"stars4"},{"name":"stars21","bone":"stars21","attachment":"stars4"},{"name":"stars52","bone":"stars52","attachment":"stars4"},{"name":"stars36","bone":"stars36","attachment":"stars3"},{"name":"stars71","bone":"stars71","attachment":"stars3"},{"name":"stars14","bone":"stars14","attachment":"stars3"},{"name":"stars59","bone":"stars59","attachment":"stars3"},{"name":"stars5","bone":"stars5","attachment":"stars3"},{"name":"stars34","bone":"stars34","attachment":"stars3"},{"name":"stars73","bone":"stars73","attachment":"stars3"},{"name":"stars57","bone":"stars57","attachment":"stars3"},{"name":"stars9","bone":"stars9","attachment":"stars3"},{"name":"stars30","bone":"stars30","attachment":"stars3"},{"name":"stars77","bone":"stars77","attachment":"stars3"},{"name":"stars43","bone":"stars43","attachment":"stars3"},{"name":"stars64","bone":"stars64","attachment":"stars3"},{"name":"stars44","bone":"stars44","attachment":"stars3"},{"name":"stars63","bone":"stars63","attachment":"stars3"},{"name":"stars20","bone":"stars20","attachment":"stars3"},{"name":"stars53","bone":"stars53","attachment":"stars3"},{"name":"stars50","bone":"stars50","attachment":"stars3"},{"name":"stars70","bone":"stars70","attachment":"stars2"},{"name":"stars41","bone":"stars41","attachment":"stars2"},{"name":"stars66","bone":"stars66","attachment":"stars2"},{"name":"stars13","bone":"stars13","attachment":"stars2"},{"name":"stars60","bone":"stars60","attachment":"stars2"},{"name":"stars76","bone":"stars76","attachment":"stars2"},{"name":"stars45","bone":"stars45","attachment":"stars2"},{"name":"stars62","bone":"stars62","attachment":"stars2"},{"name":"stars19","bone":"stars19","attachment":"stars2"},{"name":"stars54","bone":"stars54","attachment":"stars2"},{"name":"stars1","bone":"stars1","attachment":"stars1"},{"name":"stars69","bone":"stars69","attachment":"stars1"},{"name":"stars12","bone":"stars12","attachment":"stars1"},{"name":"stars61","bone":"stars61","attachment":"stars1"},{"name":"stars47","bone":"stars47","attachment":"stars1"},{"name":"stars28","bone":"stars28","attachment":"stars1"},{"name":"stars79","bone":"stars79","attachment":"stars1"},{"name":"stars51","bone":"stars51","attachment":"stars1"},{"name":"stars33","bone":"stars33","attachment":"stars1"},{"name":"stars74","bone":"stars74","attachment":"stars1"},{"name":"stars17","bone":"stars17","attachment":"stars1"}],"skins":[{"name":"default","attachments":{"light1":{"light1":{"x":0.5,"y":-1.5,"width":355,"height":355}},"light2":{"light2":{"x":2.5,"y":-1,"width":355,"height":212}},"light3":{"light3":{"x":2,"y":-0.5,"width":312,"height":285}},"light6":{"light2":{"x":2.5,"y":-1,"width":355,"height":212}},"light7":{"light3":{"x":2,"y":-0.5,"width":312,"height":285}},"light8":{"light2":{"x":2.5,"y":-1,"width":355,"height":212}},"light9":{"light3":{"x":2,"y":-0.5,"width":312,"height":285}},"light10":{"light2":{"x":2.5,"y":-1,"width":355,"height":212}},"light11":{"light3":{"x":2,"y":-0.5,"width":312,"height":285}},"light12":{"light3":{"x":2,"y":-0.5,"width":312,"height":285}},"light13":{"light2":{"x":2.5,"y":-1,"width":355,"height":212}},"stars1":{"stars1":{"x":-0.08,"y":0.36,"width":21,"height":20}},"stars4":{"stars4":{"y":0.66,"width":28,"height":26}},"stars5":{"stars3":{"x":-0.73,"y":-0.58,"width":29,"height":29}},"stars7":{"stars4":{"y":0.66,"width":28,"height":26}},"stars9":{"stars3":{"x":-0.73,"y":-0.58,"width":29,"height":29}},"stars10":{"stars4":{"y":0.66,"width":28,"height":26}},"stars12":{"stars1":{"x":-0.08,"y":0.36,"width":21,"height":20}},"stars13":{"stars2":{"x":0.01,"y":0.08,"width":25,"height":24}},"stars14":{"stars3":{"x":-0.73,"y":-0.58,"width":29,"height":29}},"stars15":{"stars4":{"y":0.66,"width":28,"height":26}},"stars17":{"stars1":{"x":-0.08,"y":0.36,"width":21,"height":20}},"stars18":{"stars4":{"y":0.66,"width":28,"height":26}},"stars19":{"stars2":{"x":0.01,"y":0.08,"width":25,"height":24}},"stars20":{"stars3":{"x":-0.73,"y":-0.58,"width":29,"height":29}},"stars21":{"stars4":{"y":0.66,"width":28,"height":26}},"stars24":{"stars4":{"y":0.66,"width":28,"height":26}},"stars28":{"stars1":{"x":-0.08,"y":0.36,"width":21,"height":20}},"stars29":{"stars4":{"y":0.66,"width":28,"height":26}},"stars30":{"stars3":{"x":-0.73,"y":-0.58,"width":29,"height":29}},"stars32":{"stars4":{"y":0.66,"width":28,"height":26}},"stars33":{"stars1":{"x":-0.08,"y":0.36,"width":21,"height":20}},"stars34":{"stars3":{"x":-0.73,"y":-0.58,"width":29,"height":29}},"stars35":{"stars4":{"y":0.66,"width":28,"height":26}},"stars36":{"stars3":{"x":-0.73,"y":-0.58,"width":29,"height":29}},"stars39":{"stars4":{"y":0.66,"width":28,"height":26}},"stars41":{"stars2":{"x":0.01,"y":0.08,"width":25,"height":24}},"stars42":{"stars4":{"y":0.66,"width":28,"height":26}},"stars43":{"stars3":{"x":-0.73,"y":-0.58,"width":29,"height":29}},"stars44":{"stars3":{"x":-0.73,"y":-0.58,"width":29,"height":29}},"stars45":{"stars2":{"x":0.01,"y":0.08,"width":25,"height":24}},"stars47":{"stars1":{"x":-0.08,"y":0.36,"width":21,"height":20}},"stars48":{"stars4":{"y":0.66,"width":28,"height":26}},"stars49":{"stars4":{"y":0.66,"width":28,"height":26}},"stars50":{"stars3":{"x":-0.73,"y":-0.58,"width":29,"height":29}},"stars51":{"stars1":{"x":-0.08,"y":0.36,"width":21,"height":20}},"stars52":{"stars4":{"y":0.66,"width":28,"height":26}},"stars53":{"stars3":{"x":-0.73,"y":-0.58,"width":29,"height":29}},"stars54":{"stars2":{"x":0.01,"y":0.08,"width":25,"height":24}},"stars55":{"stars4":{"y":0.66,"width":28,"height":26}},"stars57":{"stars3":{"x":-0.73,"y":-0.58,"width":29,"height":29}},"stars59":{"stars3":{"x":-0.73,"y":-0.58,"width":29,"height":29}},"stars60":{"stars2":{"x":0.01,"y":0.08,"width":25,"height":24}},"stars61":{"stars1":{"x":-0.08,"y":0.36,"width":21,"height":20}},"stars62":{"stars2":{"x":0.01,"y":0.08,"width":25,"height":24}},"stars63":{"stars3":{"x":-0.73,"y":-0.58,"width":29,"height":29}},"stars64":{"stars3":{"x":-0.73,"y":-0.58,"width":29,"height":29}},"stars65":{"stars4":{"y":0.66,"width":28,"height":26}},"stars66":{"stars2":{"x":0.01,"y":0.08,"width":25,"height":24}},"stars67":{"stars4":{"y":0.66,"width":28,"height":26}},"stars68":{"stars4":{"y":0.66,"width":28,"height":26}},"stars69":{"stars1":{"x":-0.08,"y":0.36,"width":21,"height":20}},"stars70":{"stars2":{"x":0.01,"y":0.08,"width":25,"height":24}},"stars71":{"stars3":{"x":-0.73,"y":-0.58,"width":29,"height":29}},"stars72":{"stars4":{"y":0.66,"width":28,"height":26}},"stars73":{"stars3":{"x":-0.73,"y":-0.58,"width":29,"height":29}},"stars74":{"stars1":{"x":-0.08,"y":0.36,"width":21,"height":20}},"stars75":{"stars4":{"y":0.66,"width":28,"height":26}},"stars76":{"stars2":{"x":0.01,"y":0.08,"width":25,"height":24}},"stars77":{"stars3":{"x":-0.73,"y":-0.58,"width":29,"height":29}},"stars79":{"stars1":{"x":-0.08,"y":0.36,"width":21,"height":20}},"white":{"white":{"x":-0.5,"y":-0.5,"width":263,"height":263}}}}],"animations":{"idle1":{"slots":{"light1":{"color":[{"time":0.0333,"color":"ffffffff","curve":0.247,"c3":0.632,"c4":0.53},{"time":0.3333,"color":"ffffff9f","curve":0.38,"c2":0.53,"c3":0.746},{"time":0.5667,"color":"ffffff00","curve":0.25,"c3":0.75},{"time":1.3333,"color":"f4eaea48","curve":0.25,"c3":0.75},{"time":2.1333,"color":"ffffff00","curve":0.25,"c3":0.75},{"time":2.6667,"color":"f4eaea48","curve":0.25,"c3":0.75},{"time":2.9667,"color":"f4eaeab8","curve":0.25,"c3":0.75},{"time":3.6667,"color":"f4eaea20"}],"attachment":[{"time":0.0333,"name":"light1"}]},"light2":{"color":[{"time":0.1667,"color":"ffffff7c"},{"time":2.1667,"color":"ffffffd0","curve":0.245,"c3":0.708,"c4":0.82},{"time":2.9,"color":"ffffff00"}],"attachment":[{"time":0.1667,"name":"light2"}]},"light3":{"color":[{"time":0.1667,"color":"ffffff7c"},{"time":2.1,"color":"ffffffd0","curve":0.245,"c3":0.708,"c4":0.82},{"time":2.9,"color":"ffffff00"}],"attachment":[{"time":0.1667,"name":"light3"}]},"light6":{"color":[{"time":0.3667,"color":"ffffff7c","curve":"stepped"},{"time":2.2667,"color":"ffffff7c"},{"time":2.9667,"color":"ffffff00","curve":0.25,"c3":0.75},{"time":3.3333,"color":"ffffff7c"}],"attachment":[{"time":0.3667,"name":"light2"}]},"light7":{"color":[{"time":0.3667,"color":"ffffff7c","curve":"stepped"},{"time":2.2667,"color":"ffffff7c"},{"time":2.9667,"color":"ffffff00","curve":0.25,"c3":0.75},{"time":3.3333,"color":"ffffff7c"}],"attachment":[{"time":0.3667,"name":"light3"}]},"light8":{"color":[{"time":1.1,"color":"ffffff7c"},{"time":3.1,"color":"ffffffd0","curve":0.245,"c3":0.708,"c4":0.82},{"time":3.3333,"color":"ffffffba"}],"attachment":[{"time":1.1,"name":"light2"}]},"light9":{"color":[{"time":1.1,"color":"ffffff7c"},{"time":3.3333,"color":"ffffffba"}],"attachment":[{"time":1.1,"name":"light3"}]},"light10":{"color":[{"time":1.3,"color":"ffffff7c"},{"time":3.3333,"color":"ffffffba"}],"attachment":[{"time":1.3,"name":"light2"}]},"light11":{"color":[{"time":1.3,"color":"ffffff7c"},{"time":3.3333,"color":"ffffffba"}],"attachment":[{"time":1.3,"name":"light3"}]},"light12":{"color":[{"time":2.2,"color":"ffffff7c"},{"time":3.3333,"color":"ffffffb7"}],"attachment":[{"time":2.2,"name":"light3"}]},"light13":{"color":[{"time":2.2,"color":"ffffff7c"},{"time":3.3333,"color":"ffffffb4"}],"attachment":[{"time":2.2,"name":"light2"}]},"stars1":{"color":[{"time":0.3333,"color":"ffffffff"},{"time":0.5667,"color":"ffffff00"}],"attachment":[{"name":null},{"time":0.0333,"name":"stars1"}]},"stars4":{"color":[{"time":0.3333,"color":"ffffffff"},{"time":0.5667,"color":"ffffff00"}],"attachment":[{"name":null},{"time":0.0333,"name":"stars4"}]},"stars5":{"color":[{"time":0.3333,"color":"ffffffff"},{"time":0.5667,"color":"ffffff00"}],"attachment":[{"name":null},{"time":0.0333,"name":"stars3"}]},"stars7":{"color":[{"time":0.3333,"color":"ffffffff"},{"time":0.5667,"color":"ffffff00"}],"attachment":[{"name":null},{"time":0.0333,"name":"stars4"}]},"stars9":{"color":[{"time":0.3333,"color":"ffffffff"},{"time":0.5667,"color":"ffffff00"}],"attachment":[{"name":null},{"time":0.0333,"name":"stars3"}]},"stars10":{"color":[{"time":0.3333,"color":"ffffffff"},{"time":0.5667,"color":"ffffff00"}],"attachment":[{"name":null},{"time":0.0333,"name":"stars4"}]},"stars12":{"color":[{"time":0.3333,"color":"ffffffff"},{"time":0.5667,"color":"ffffff00"}],"attachment":[{"name":null},{"time":0.0333,"name":"stars1"}]},"stars13":{"color":[{"time":0.3333,"color":"ffffffff"},{"time":0.5667,"color":"ffffff00"}],"attachment":[{"name":null},{"time":0.0333,"name":"stars2"}]},"stars14":{"color":[{"time":0.3333,"color":"ffffffff"},{"time":0.5667,"color":"ffffff00"}],"attachment":[{"name":null},{"time":0.0333,"name":"stars3"}]},"stars15":{"color":[{"time":0.3333,"color":"ffffffff"},{"time":0.5667,"color":"ffffff00"}],"attachment":[{"name":null},{"time":0.0333,"name":"stars4"}]},"stars17":{"color":[{"time":0.3333,"color":"ffffffff"},{"time":0.5667,"color":"ffffff00"}],"attachment":[{"name":null},{"time":0.0333,"name":"stars1"}]},"stars18":{"color":[{"time":0.3333,"color":"ffffffff"},{"time":0.5667,"color":"ffffff00"}],"attachment":[{"name":null},{"time":0.0333,"name":"stars4"}]},"stars19":{"color":[{"time":0.3333,"color":"ffffffff"},{"time":0.5667,"color":"ffffff00"}],"attachment":[{"name":null},{"time":0.0333,"name":"stars2"}]},"stars20":{"color":[{"time":0.3333,"color":"ffffffff"},{"time":0.5667,"color":"ffffff00"}],"attachment":[{"name":null},{"time":0.0333,"name":"stars3"}]},"stars21":{"color":[{"time":0.3333,"color":"ffffffff"},{"time":0.5667,"color":"ffffff00"}],"attachment":[{"name":null},{"time":0.0333,"name":"stars4"}]},"stars24":{"color":[{"time":0.3333,"color":"ffffffff"},{"time":0.5667,"color":"ffffff00"}],"attachment":[{"name":null},{"time":0.0333,"name":"stars4"}]},"stars28":{"color":[{"time":0.3333,"color":"ffffffff"},{"time":0.5667,"color":"ffffff00"}],"attachment":[{"name":null},{"time":0.0333,"name":"stars1"}]},"stars29":{"color":[{"time":0.3333,"color":"ffffffff"},{"time":0.5667,"color":"ffffff00"}],"attachment":[{"name":null},{"time":0.0333,"name":"stars4"}]},"stars30":{"color":[{"time":0.3333,"color":"ffffffff"},{"time":0.5667,"color":"ffffff00"}],"attachment":[{"name":null},{"time":0.0333,"name":"stars3"}]},"stars32":{"color":[{"time":0.3333,"color":"ffffffff"},{"time":0.5667,"color":"ffffff00"}],"attachment":[{"name":null},{"time":0.0333,"name":"stars4"}]},"stars33":{"color":[{"time":0.3333,"color":"ffffffff"},{"time":0.5667,"color":"ffffff00"}],"attachment":[{"name":null},{"time":0.0333,"name":"stars1"}]},"stars34":{"color":[{"time":0.3333,"color":"ffffffff"},{"time":0.5667,"color":"ffffff00"}],"attachment":[{"name":null},{"time":0.0333,"name":"stars3"}]},"stars35":{"color":[{"time":0.3333,"color":"ffffffff"},{"time":0.5667,"color":"ffffff00"}],"attachment":[{"name":null},{"time":0.0333,"name":"stars4"}]},"stars36":{"color":[{"time":0.3333,"color":"ffffffff"},{"time":0.5667,"color":"ffffff00"}],"attachment":[{"name":null},{"time":0.0333,"name":"stars3"}]},"stars39":{"color":[{"time":0.3333,"color":"ffffffff"},{"time":0.5667,"color":"ffffff00"}],"attachment":[{"name":null},{"time":0.0333,"name":"stars4"}]},"stars41":{"color":[{"time":0.3333,"color":"ffffffff"},{"time":0.5667,"color":"ffffff00"}],"attachment":[{"name":null},{"time":0.0333,"name":"stars2"}]},"stars42":{"color":[{"time":0.3333,"color":"ffffffff"},{"time":0.5667,"color":"ffffff00"}],"attachment":[{"name":null},{"time":0.0333,"name":"stars4"}]},"stars43":{"color":[{"time":0.3333,"color":"ffffffff"},{"time":0.5667,"color":"ffffff00"}],"attachment":[{"name":null},{"time":0.0333,"name":"stars3"}]},"stars44":{"color":[{"time":0.3333,"color":"ffffffff"},{"time":0.5667,"color":"ffffff00"}],"attachment":[{"name":null},{"time":0.0333,"name":"stars3"}]},"stars45":{"color":[{"time":0.3333,"color":"ffffffff"},{"time":0.5667,"color":"ffffff00"}],"attachment":[{"name":null},{"time":0.0333,"name":"stars2"}]},"stars47":{"color":[{"time":0.3333,"color":"ffffffff"},{"time":0.5667,"color":"ffffff00"}],"attachment":[{"name":null},{"time":0.0333,"name":"stars1"}]},"stars48":{"color":[{"time":0.3333,"color":"ffffffff"},{"time":0.5667,"color":"ffffff00"}],"attachment":[{"name":null},{"time":0.0333,"name":"stars4"}]},"stars49":{"color":[{"time":0.3333,"color":"ffffffff"},{"time":0.5667,"color":"ffffff00"}],"attachment":[{"name":null},{"time":0.0333,"name":"stars4"}]},"stars50":{"color":[{"time":0.3333,"color":"ffffffff"},{"time":0.5667,"color":"ffffff00"}],"attachment":[{"name":null},{"time":0.0333,"name":"stars3"}]},"stars51":{"color":[{"time":0.3333,"color":"ffffffff"},{"time":0.5667,"color":"ffffff00"}],"attachment":[{"name":null},{"time":0.0333,"name":"stars1"}]},"stars52":{"color":[{"time":0.3333,"color":"ffffffff"},{"time":0.5667,"color":"ffffff00"}],"attachment":[{"name":null},{"time":0.0333,"name":"stars4"}]},"stars53":{"color":[{"time":0.3333,"color":"ffffffff"},{"time":0.5667,"color":"ffffff00"}],"attachment":[{"name":null},{"time":0.0333,"name":"stars3"}]},"stars54":{"color":[{"time":0.3333,"color":"ffffffff"},{"time":0.5667,"color":"ffffff00"}],"attachment":[{"name":null},{"time":0.0333,"name":"stars2"}]},"stars55":{"color":[{"time":0.3333,"color":"ffffffff"},{"time":0.5667,"color":"ffffff00"}],"attachment":[{"name":null},{"time":0.0333,"name":"stars4"}]},"stars57":{"color":[{"time":0.3333,"color":"ffffffff"},{"time":0.5667,"color":"ffffff00"}],"attachment":[{"name":null},{"time":0.0333,"name":"stars3"}]},"stars59":{"color":[{"time":0.3333,"color":"ffffffff"},{"time":0.5667,"color":"ffffff00"}],"attachment":[{"name":null},{"time":0.0333,"name":"stars3"}]},"stars60":{"color":[{"time":0.3333,"color":"ffffffff"},{"time":0.5667,"color":"ffffff00"}],"attachment":[{"name":null},{"time":0.0333,"name":"stars2"}]},"stars61":{"color":[{"time":0.3333,"color":"ffffffff"},{"time":0.5667,"color":"ffffff00"}],"attachment":[{"name":null},{"time":0.0333,"name":"stars1"}]},"stars62":{"color":[{"time":0.3333,"color":"ffffffff"},{"time":0.5667,"color":"ffffff00"}],"attachment":[{"name":null},{"time":0.0333,"name":"stars2"}]},"stars63":{"color":[{"time":0.3333,"color":"ffffffff"},{"time":0.5667,"color":"ffffff00"}],"attachment":[{"name":null},{"time":0.0333,"name":"stars3"}]},"stars64":{"color":[{"time":0.3333,"color":"ffffffff"},{"time":0.5667,"color":"ffffff00"}],"attachment":[{"name":null},{"time":0.0333,"name":"stars3"}]},"stars65":{"color":[{"time":0.3333,"color":"ffffffff"},{"time":0.5667,"color":"ffffff00"}],"attachment":[{"name":null},{"time":0.0333,"name":"stars4"}]},"stars66":{"color":[{"time":0.3333,"color":"ffffffff"},{"time":0.5667,"color":"ffffff00"}],"attachment":[{"name":null},{"time":0.0333,"name":"stars2"}]},"stars67":{"color":[{"time":0.3333,"color":"ffffffff"},{"time":0.5667,"color":"ffffff00"}],"attachment":[{"name":null},{"time":0.0333,"name":"stars4"}]},"stars68":{"color":[{"time":0.3333,"color":"ffffffff"},{"time":0.5667,"color":"ffffff00"}],"attachment":[{"name":null},{"time":0.0333,"name":"stars4"}]},"stars69":{"color":[{"time":0.3333,"color":"ffffffff"},{"time":0.5667,"color":"ffffff00"}],"attachment":[{"name":null},{"time":0.0333,"name":"stars1"}]},"stars70":{"color":[{"time":0.3333,"color":"ffffffff"},{"time":0.5667,"color":"ffffff00"}],"attachment":[{"name":null},{"time":0.0333,"name":"stars2"}]},"stars71":{"color":[{"time":0.3333,"color":"ffffffff"},{"time":0.5667,"color":"ffffff00"}],"attachment":[{"name":null},{"time":0.0333,"name":"stars3"}]},"stars72":{"color":[{"time":0.3333,"color":"ffffffff"},{"time":0.5667,"color":"ffffff00"}],"attachment":[{"name":null},{"time":0.0333,"name":"stars4"}]},"stars73":{"color":[{"time":0.3333,"color":"ffffffff"},{"time":0.5667,"color":"ffffff00"}],"attachment":[{"name":null},{"time":0.0333,"name":"stars3"}]},"stars74":{"color":[{"time":0.3333,"color":"ffffffff"},{"time":0.5667,"color":"ffffff00"}],"attachment":[{"name":null},{"time":0.0333,"name":"stars1"}]},"stars75":{"color":[{"time":0.3333,"color":"ffffffff"},{"time":0.5667,"color":"ffffff00"}],"attachment":[{"name":null},{"time":0.0333,"name":"stars4"}]},"stars76":{"color":[{"time":0.3333,"color":"ffffffff"},{"time":0.5667,"color":"ffffff00"}],"attachment":[{"name":null},{"time":0.0333,"name":"stars2"}]},"stars77":{"color":[{"time":0.3333,"color":"ffffffff"},{"time":0.5667,"color":"ffffff00"}],"attachment":[{"name":null},{"time":0.0333,"name":"stars3"}]},"stars79":{"color":[{"time":0.3333,"color":"ffffffff"},{"time":0.5667,"color":"ffffff00"}],"attachment":[{"name":null},{"time":0.0333,"name":"stars1"}]},"white":{"color":[{"time":2.6667,"color":"ffffff59"},{"time":3.3,"color":"ffffffff"}],"attachment":[{"time":2.6667,"name":"white"}]}},"bones":{"stars1":{"rotate":[{"time":0.0333,"curve":0.314,"c2":0.36,"c3":0.806,"c4":0.89},{"time":0.5333,"angle":-14.28}],"translate":[{"time":0.0333,"x":-45.21,"y":17.5,"curve":0.314,"c2":0.36,"c3":0.806,"c4":0.89},{"time":0.5333,"x":377.84,"y":-61.85}],"scale":[{"time":0.0333,"x":0.803,"y":0.803,"curve":0.3,"c2":0.34,"c3":0.747,"c4":0.81},{"time":0.5333,"x":1.722,"y":1.722}]},"stars4":{"rotate":[{"time":0.0333,"curve":0.314,"c2":0.36,"c3":0.806,"c4":0.89},{"time":0.5333,"angle":-30.17}],"translate":[{"time":0.0333,"x":-45.21,"y":17.5,"curve":0.314,"c2":0.36,"c3":0.806,"c4":0.89},{"time":0.5333,"x":239.49,"y":-302.75}],"scale":[{"time":0.0333,"x":0.803,"y":0.803,"curve":0.314,"c2":0.36,"c3":0.806,"c4":0.89},{"time":0.5333,"x":1.722,"y":1.722}]},"stars5":{"translate":[{"time":0.0333,"x":-45.21,"y":17.5,"curve":0.314,"c2":0.36,"c3":0.806,"c4":0.89},{"time":0.5333,"x":234.6,"y":-180.67}],"scale":[{"time":0.0333,"x":0.803,"y":0.803,"curve":0.314,"c2":0.36,"c3":0.806,"c4":0.89},{"time":0.5333,"x":1.722,"y":1.722}]},"stars7":{"rotate":[{"time":0.0333,"curve":0.314,"c2":0.36,"c3":0.806,"c4":0.89},{"time":0.5333,"angle":-7.93}],"translate":[{"time":0.0333,"x":-45.21,"y":17.5,"curve":0.314,"c2":0.36,"c3":0.806,"c4":0.89},{"time":0.5333,"x":369.7,"y":-110.68}],"scale":[{"time":0.0333,"x":0.803,"y":0.803,"curve":0.314,"c2":0.36,"c3":0.806,"c4":0.89},{"time":0.5333,"x":1.722,"y":1.722}]},"stars9":{"translate":[{"time":0.0333,"x":-45.21,"y":17.5,"curve":0.314,"c2":0.36,"c3":0.806,"c4":0.89},{"time":0.5333,"x":311.1,"y":-237.64}],"scale":[{"time":0.0333,"x":0.803,"y":0.803,"curve":0.314,"c2":0.36,"c3":0.806,"c4":0.89},{"time":0.5333,"x":1.722,"y":1.722}]},"stars10":{"rotate":[{"time":0.0333,"curve":0.314,"c2":0.36,"c3":0.806,"c4":0.89},{"time":0.5333,"angle":-7.93}],"translate":[{"time":0.0333,"x":-45.21,"y":17.5,"curve":0.314,"c2":0.36,"c3":0.806,"c4":0.89},{"time":0.5333,"x":358.31,"y":-143.24}],"scale":[{"time":0.0333,"x":0.803,"y":0.803,"curve":0.314,"c2":0.36,"c3":0.806,"c4":0.89},{"time":0.5333,"x":1.722,"y":1.722}]},"stars12":{"rotate":[{"time":0.0333,"curve":0.314,"c2":0.36,"c3":0.806,"c4":0.89},{"time":0.5333,"angle":-39.33}],"translate":[{"time":0.0333,"x":36.46,"y":21.88,"curve":0.314,"c2":0.36,"c3":0.806,"c4":0.89},{"time":0.5333,"x":-198.74,"y":-351.82}],"scale":[{"time":0.0333,"x":0.803,"y":0.803,"curve":0.314,"c2":0.36,"c3":0.806,"c4":0.89},{"time":0.5333,"x":1.722,"y":1.722}]},"stars13":{"rotate":[{"time":0.0333,"curve":0.314,"c2":0.36,"c3":0.806,"c4":0.89},{"time":0.5333,"angle":35}],"translate":[{"time":0.0333,"x":75.84,"y":33.54,"curve":0.314,"c2":0.36,"c3":0.806,"c4":0.89},{"time":0.5333,"x":-222.75,"y":-149.4}],"scale":[{"time":0.0333,"x":0.803,"y":0.803,"curve":0.314,"c2":0.36,"c3":0.806,"c4":0.89},{"time":0.5333,"x":1.722,"y":1.722}]},"stars14":{"rotate":[{"time":0.0333,"curve":0.314,"c2":0.36,"c3":0.806,"c4":0.89},{"time":0.5333,"angle":35}],"translate":[{"time":0.0333,"x":36.46,"y":21.88,"curve":0.314,"c2":0.36,"c3":0.806,"c4":0.89},{"time":0.5333,"x":-297.63,"y":-161.67}],"scale":[{"time":0.0333,"x":0.803,"y":0.803,"curve":0.314,"c2":0.36,"c3":0.806,"c4":0.89},{"time":0.5333,"x":1.722,"y":1.722}]},"stars15":{"rotate":[{"time":0.0333,"curve":0.314,"c2":0.36,"c3":0.806,"c4":0.89},{"time":0.5333,"angle":35}],"translate":[{"time":0.0333,"x":36.46,"y":21.88,"curve":0.314,"c2":0.36,"c3":0.806,"c4":0.89},{"time":0.5333,"x":-312.64,"y":-56.64}],"scale":[{"time":0.0333,"x":0.803,"y":0.803,"curve":0.314,"c2":0.36,"c3":0.806,"c4":0.89},{"time":0.5333,"x":1.722,"y":1.722}]},"stars17":{"rotate":[{"time":0.0333,"curve":0.314,"c2":0.36,"c3":0.806,"c4":0.89},{"time":0.5333,"angle":-39.33}],"translate":[{"time":0.0333,"x":30.63,"y":43.75,"curve":0.314,"c2":0.36,"c3":0.806,"c4":0.89},{"time":0.5333,"x":-66.74,"y":-368.81}],"scale":[{"time":0.0333,"x":0.803,"y":0.803,"curve":0.314,"c2":0.36,"c3":0.806,"c4":0.89},{"time":0.5333,"x":1.722,"y":1.722}]},"stars18":{"rotate":[{"time":0.0333,"curve":0.314,"c2":0.36,"c3":0.806,"c4":0.89},{"time":0.5333,"angle":35}],"translate":[{"time":0.0333,"x":36.46,"y":21.88,"curve":0.314,"c2":0.36,"c3":0.806,"c4":0.89},{"time":0.5333,"x":-283.62,"y":-171.47}],"scale":[{"time":0.0333,"x":0.803,"y":0.803,"curve":0.314,"c2":0.36,"c3":0.806,"c4":0.89},{"time":0.5333,"x":1.722,"y":1.722}]},"stars19":{"rotate":[{"time":0.0333,"curve":0.314,"c2":0.36,"c3":0.806,"c4":0.89},{"time":0.5333,"angle":-39.33}],"translate":[{"time":0.0333,"x":30.63,"y":43.75,"curve":0.314,"c2":0.36,"c3":0.806,"c4":0.89},{"time":0.5333,"x":-91.34,"y":-312.64}],"scale":[{"time":0.0333,"x":0.803,"y":0.803,"curve":0.314,"c2":0.36,"c3":0.806,"c4":0.89},{"time":0.5333,"x":1.722,"y":1.722}]},"stars20":{"rotate":[{"time":0.0333,"curve":0.314,"c2":0.36,"c3":0.806,"c4":0.89},{"time":0.5333,"angle":35}],"translate":[{"time":0.0333,"x":112.3,"y":55.42,"curve":0.314,"c2":0.36,"c3":0.806,"c4":0.89},{"time":0.5333,"x":-258.75,"y":-32.4}],"scale":[{"time":0.0333,"x":0.803,"y":0.803,"curve":0.314,"c2":0.36,"c3":0.806,"c4":0.89},{"time":0.5333,"x":1.722,"y":1.722}]},"stars21":{"rotate":[{"time":0.0333,"curve":0.314,"c2":0.36,"c3":0.806,"c4":0.89},{"time":0.5333,"angle":35}],"translate":[{"time":0.0333,"x":75.84,"y":33.54,"curve":0.314,"c2":0.36,"c3":0.806,"c4":0.89},{"time":0.5333,"x":-267.14,"y":-103.49}],"scale":[{"time":0.0333,"x":0.803,"y":0.803,"curve":0.314,"c2":0.36,"c3":0.806,"c4":0.89},{"time":0.5333,"x":1.722,"y":1.722}]},"stars24":{"rotate":[{"time":0.0333,"curve":0.314,"c2":0.36,"c3":0.806,"c4":0.89},{"time":0.5333,"angle":35}],"translate":[{"time":0.0333,"x":75.84,"y":33.54,"curve":0.314,"c2":0.36,"c3":0.806,"c4":0.89},{"time":0.5333,"x":-186.75,"y":-88.2}],"scale":[{"time":0.0333,"x":0.803,"y":0.803,"curve":0.314,"c2":0.36,"c3":0.806,"c4":0.89},{"time":0.5333,"x":1.722,"y":1.722}]},"stars28":{"translate":[{"time":0.0333,"x":-59.8,"y":-24.79,"curve":0.314,"c2":0.36,"c3":0.806,"c4":0.89},{"time":0.5333,"x":370.76,"y":148.59}],"scale":[{"time":0.0333,"x":0.803,"y":0.803,"curve":0.314,"c2":0.36,"c3":0.806,"c4":0.89},{"time":0.5333,"x":1.722,"y":1.722}]},"stars29":{"rotate":[{"time":0.0333,"curve":0.314,"c2":0.36,"c3":0.806,"c4":0.89},{"time":0.5333,"angle":-4.6}],"translate":[{"time":0.0333,"curve":0.314,"c2":0.36,"c3":0.806,"c4":0.89},{"time":0.5333,"x":251.29,"y":176.56}],"scale":[{"time":0.0333,"x":0.803,"y":0.803,"curve":0.314,"c2":0.36,"c3":0.806,"c4":0.89},{"time":0.5333,"x":1.722,"y":1.722}]},"stars30":{"rotate":[{"time":0.0333,"curve":0.314,"c2":0.36,"c3":0.806,"c4":0.89},{"time":0.5333,"angle":-44.14}],"translate":[{"time":0.0333,"x":-59.8,"y":-24.79,"curve":0.314,"c2":0.36,"c3":0.806,"c4":0.89},{"time":0.5333,"x":271.72,"y":194.1}],"scale":[{"time":0.0333,"x":0.803,"y":0.803,"curve":0.314,"c2":0.36,"c3":0.806,"c4":0.89},{"time":0.5333,"x":1.722,"y":1.722}]},"stars32":{"rotate":[{"time":0.0333,"curve":0.314,"c2":0.36,"c3":0.806,"c4":0.89},{"time":0.5333,"angle":-14.28}],"translate":[{"time":0.0333,"x":-59.8,"y":-24.79,"curve":0.314,"c2":0.36,"c3":0.806,"c4":0.89},{"time":0.5333,"x":306.22,"y":8.14}],"scale":[{"time":0.0333,"x":0.803,"y":0.803,"curve":0.314,"c2":0.36,"c3":0.806,"c4":0.89},{"time":0.5333,"x":1.722,"y":1.722}]},"stars33":{"rotate":[{"time":0.0333,"curve":0.314,"c2":0.36,"c3":0.806,"c4":0.89},{"time":0.5333,"angle":-38.36}],"translate":[{"time":0.0333,"x":-59.8,"y":-24.79,"curve":0.314,"c2":0.36,"c3":0.806,"c4":0.89},{"time":0.5333,"x":347.63,"y":136.98}],"scale":[{"time":0.0333,"x":0.803,"y":0.803,"curve":0.314,"c2":0.36,"c3":0.806,"c4":0.89},{"time":0.5333,"x":1.722,"y":1.722}]},"stars34":{"rotate":[{"time":0.0333,"curve":0.314,"c2":0.36,"c3":0.806,"c4":0.89},{"time":0.5333,"angle":-14.28}],"translate":[{"time":0.0333,"x":-59.8,"y":-24.79,"curve":0.314,"c2":0.36,"c3":0.806,"c4":0.89},{"time":0.5333,"x":265.53,"y":-84.64}],"scale":[{"time":0.0333,"x":0.803,"y":0.803,"curve":0.314,"c2":0.36,"c3":0.806,"c4":0.89},{"time":0.5333,"x":1.722,"y":1.722}]},"stars35":{"rotate":[{"time":0.0333,"curve":0.314,"c2":0.36,"c3":0.806,"c4":0.89},{"time":0.5333,"angle":-14.28}],"translate":[{"time":0.0333,"x":-59.8,"y":-24.79,"curve":0.314,"c2":0.36,"c3":0.806,"c4":0.89},{"time":0.5333,"x":276.92,"y":91.15}],"scale":[{"time":0.0333,"x":0.803,"y":0.803,"curve":0.314,"c2":0.36,"c3":0.806,"c4":0.89},{"time":0.5333,"x":1.722,"y":1.722}]},"stars36":{"translate":[{"time":0.0333,"x":-17.5,"y":-23.34,"curve":0.314,"c2":0.36,"c3":0.806,"c4":0.89},{"time":0.5333,"x":250.83,"y":191.78}],"scale":[{"time":0.0333,"x":0.803,"y":0.803,"curve":0.314,"c2":0.36,"c3":0.806,"c4":0.89},{"time":0.5333,"x":1.722,"y":1.722}]},"stars39":{"rotate":[{"time":0.0333,"curve":0.314,"c2":0.36,"c3":0.806,"c4":0.89},{"time":0.5333,"angle":-14.28}],"translate":[{"time":0.0333,"x":-59.8,"y":-24.79,"curve":0.314,"c2":0.36,"c3":0.806,"c4":0.89},{"time":0.5333,"x":229.72,"y":4.88}],"scale":[{"time":0.0333,"x":0.803,"y":0.803,"curve":0.314,"c2":0.36,"c3":0.806,"c4":0.89},{"time":0.5333,"x":1.722,"y":1.722}]},"stars41":{"rotate":[{"time":0.0333,"curve":0.314,"c2":0.36,"c3":0.806,"c4":0.89},{"time":0.5333,"angle":-41.12}],"translate":[{"time":0.0333,"x":-59.8,"y":-24.79,"curve":0.314,"c2":0.36,"c3":0.806,"c4":0.89},{"time":0.5333,"x":276.98,"y":175.99}],"scale":[{"time":0.0333,"x":0.803,"y":0.803,"curve":0.314,"c2":0.36,"c3":0.806,"c4":0.89},{"time":0.5333,"x":1.722,"y":1.722}]},"stars42":{"rotate":[{"time":0.0333,"curve":0.314,"c2":0.36,"c3":0.806,"c4":0.89},{"time":0.5333,"angle":-14.28}],"translate":[{"time":0.0333,"x":-59.8,"y":-24.79,"curve":0.314,"c2":0.36,"c3":0.806,"c4":0.89},{"time":0.5333,"x":276.92}],"scale":[{"time":0.0333,"x":0.803,"y":0.803,"curve":0.314,"c2":0.36,"c3":0.806,"c4":0.89},{"time":0.5333,"x":1.722,"y":1.722}]},"stars43":{"rotate":[{"time":0.0333,"curve":0.314,"c2":0.36,"c3":0.806,"c4":0.89},{"time":0.5333,"angle":-14.28}],"translate":[{"time":0.0333,"x":-59.8,"y":-24.79,"curve":0.314,"c2":0.36,"c3":0.806,"c4":0.89},{"time":0.5333,"x":270.41,"y":50.46}],"scale":[{"time":0.0333,"x":0.803,"y":0.803,"curve":0.314,"c2":0.36,"c3":0.806,"c4":0.89},{"time":0.5333,"x":1.722,"y":1.722}]},"stars44":{"rotate":[{"time":0.0333,"curve":0.314,"c2":0.36,"c3":0.806,"c4":0.89},{"time":0.5333,"angle":-14.28}],"translate":[{"time":0.0333,"x":-59.8,"y":-24.79,"curve":0.314,"c2":0.36,"c3":0.806,"c4":0.89},{"time":0.5333,"x":465.74,"y":-35.81}],"scale":[{"time":0.0333,"x":0.803,"y":0.803,"curve":0.314,"c2":0.36,"c3":0.806,"c4":0.89},{"time":0.5333,"x":1.722,"y":1.722}]},"stars45":{"rotate":[{"time":0.0333,"curve":0.314,"c2":0.36,"c3":0.806,"c4":0.89},{"time":0.5333,"angle":-14.28}],"translate":[{"time":0.0333,"x":-59.8,"y":-24.79,"curve":0.314,"c2":0.36,"c3":0.806,"c4":0.89},{"time":0.5333,"x":351.8,"y":27.67}],"scale":[{"time":0.0333,"x":0.803,"y":0.803,"curve":0.314,"c2":0.36,"c3":0.806,"c4":0.89},{"time":0.5333,"x":1.722,"y":1.722}]},"stars47":{"rotate":[{"time":0.0333,"curve":0.314,"c2":0.36,"c3":0.806,"c4":0.89},{"time":0.5333,"angle":22.12}],"translate":[{"time":0.0333,"x":7.29,"y":-40.84,"curve":0.314,"c2":0.36,"c3":0.806,"c4":0.89},{"time":0.5333,"x":-217.98,"y":227.32}],"scale":[{"time":0.0333,"x":0.803,"y":0.803,"curve":0.314,"c2":0.36,"c3":0.806,"c4":0.89},{"time":0.5333,"x":1.722,"y":1.722}]},"stars48":{"rotate":[{"time":0.0333,"curve":0.314,"c2":0.36,"c3":0.806,"c4":0.89},{"time":0.5333,"angle":22.12}],"translate":[{"time":0.0333,"x":7.29,"y":-40.84,"curve":0.314,"c2":0.36,"c3":0.806,"c4":0.89},{"time":0.5333,"x":1.91,"y":287.51}],"scale":[{"time":0.0333,"x":0.803,"y":0.803,"curve":0.314,"c2":0.36,"c3":0.806,"c4":0.89},{"time":0.5333,"x":1.722,"y":1.722}]},"stars49":{"rotate":[{"time":0.0333,"curve":0.314,"c2":0.36,"c3":0.806,"c4":0.89},{"time":0.5333,"angle":22.12}],"translate":[{"time":0.0333,"x":7.29,"y":-40.84,"curve":0.314,"c2":0.36,"c3":0.806,"c4":0.89},{"time":0.5333,"x":-101.76,"y":219.79}],"scale":[{"time":0.0333,"x":0.803,"y":0.803,"curve":0.314,"c2":0.36,"c3":0.806,"c4":0.89},{"time":0.5333,"x":1.722,"y":1.722}]},"stars50":{"rotate":[{"time":0.0333,"curve":0.314,"c2":0.36,"c3":0.806,"c4":0.89},{"time":0.5333,"angle":22.12}],"translate":[{"time":0.0333,"x":43.75,"y":-18.96,"curve":0.314,"c2":0.36,"c3":0.806,"c4":0.89},{"time":0.5333,"x":-130.66,"y":235.22}],"scale":[{"time":0.0333,"x":0.803,"y":0.803,"curve":0.314,"c2":0.36,"c3":0.806,"c4":0.89},{"time":0.5333,"x":1.722,"y":1.722}]},"stars51":{"rotate":[{"time":0.0333,"curve":0.314,"c2":0.36,"c3":0.806,"c4":0.89},{"time":0.5333,"angle":22.12}],"translate":[{"time":0.0333,"x":7.29,"y":-40.84,"curve":0.314,"c2":0.36,"c3":0.806,"c4":0.89},{"time":0.5333,"x":-26.09,"y":257.62}],"scale":[{"time":0.0333,"x":0.803,"y":0.803,"curve":0.314,"c2":0.36,"c3":0.806,"c4":0.89},{"time":0.5333,"x":1.722,"y":1.722}]},"stars52":{"rotate":[{"time":0.0333,"curve":0.314,"c2":0.36,"c3":0.806,"c4":0.89},{"time":0.5333,"angle":-4.6}],"translate":[{"time":0.0333,"x":7.29,"y":-40.84,"curve":0.314,"c2":0.36,"c3":0.806,"c4":0.89},{"time":0.5333,"x":47.92,"y":357}],"scale":[{"time":0.0333,"x":0.803,"y":0.803,"curve":0.314,"c2":0.36,"c3":0.806,"c4":0.89},{"time":0.5333,"x":1.722,"y":1.722}]},"stars53":{"rotate":[{"time":0.0333,"curve":0.314,"c2":0.36,"c3":0.806,"c4":0.89},{"time":0.5333,"angle":-4.6}],"translate":[{"time":0.0333,"x":-17.5,"y":-45.21,"curve":0.314,"c2":0.36,"c3":0.806,"c4":0.89},{"time":0.5333,"x":220.48,"y":252.41}],"scale":[{"time":0.0333,"x":0.803,"y":0.803,"curve":0.314,"c2":0.36,"c3":0.806,"c4":0.89},{"time":0.5333,"x":1.722,"y":1.722}]},"stars54":{"rotate":[{"time":0.0333,"curve":0.314,"c2":0.36,"c3":0.806,"c4":0.89},{"time":0.5333,"angle":-20.27}],"translate":[{"time":0.0333,"x":7.29,"y":-40.84,"curve":0.314,"c2":0.36,"c3":0.806,"c4":0.89},{"time":0.5333,"x":53.49,"y":329.38}],"scale":[{"time":0.0333,"x":0.803,"y":0.803,"curve":0.314,"c2":0.36,"c3":0.806,"c4":0.89},{"time":0.5333,"x":1.722,"y":1.722}]},"stars55":{"rotate":[{"time":0.0333,"curve":0.314,"c2":0.36,"c3":0.806,"c4":0.89},{"time":0.5333,"angle":22.12}],"translate":[{"time":0.0333,"x":11.67,"y":-74.38,"curve":0.314,"c2":0.36,"c3":0.806,"c4":0.89},{"time":0.5333,"x":-44.36,"y":244.58}],"scale":[{"time":0.0333,"x":0.803,"y":0.803,"curve":0.314,"c2":0.36,"c3":0.806,"c4":0.89},{"time":0.5333,"x":1.722,"y":1.722}]},"stars57":{"rotate":[{"time":0.0333,"curve":0.314,"c2":0.36,"c3":0.806,"c4":0.89},{"time":0.5333,"angle":-4.6}],"translate":[{"time":0.0333,"x":7.29,"y":-40.84,"curve":0.314,"c2":0.36,"c3":0.806,"c4":0.89},{"time":0.5333,"x":182.81,"y":313.51}],"scale":[{"time":0.0333,"x":0.803,"y":0.803,"curve":0.314,"c2":0.36,"c3":0.806,"c4":0.89},{"time":0.5333,"x":1.722,"y":1.722}]},"stars59":{"rotate":[{"time":0.0333,"curve":0.314,"c2":0.36,"c3":0.806,"c4":0.89},{"time":0.5333,"angle":-4.6}],"translate":[{"time":0.0333,"x":7.29,"y":-40.84,"curve":0.314,"c2":0.36,"c3":0.806,"c4":0.89},{"time":0.5333,"x":1.3,"y":331.99}],"scale":[{"time":0.0333,"x":0.803,"y":0.803,"curve":0.314,"c2":0.36,"c3":0.806,"c4":0.89},{"time":0.5333,"x":1.722,"y":1.722}]},"stars60":{"rotate":[{"time":0.0333,"curve":0.314,"c2":0.36,"c3":0.806,"c4":0.89},{"time":0.5333,"angle":22.12}],"translate":[{"time":0.0333,"x":7.29,"y":-40.84,"curve":0.314,"c2":0.36,"c3":0.806,"c4":0.89},{"time":0.5333,"x":-103.06,"y":266.76}],"scale":[{"time":0.0333,"x":0.803,"y":0.803,"curve":0.314,"c2":0.36,"c3":0.806,"c4":0.89},{"time":0.5333,"x":1.722,"y":1.722}]},"stars61":{"rotate":[{"time":0.0333,"curve":0.314,"c2":0.36,"c3":0.806,"c4":0.89},{"time":0.5333,"angle":-4.6}],"translate":[{"time":0.0333,"x":-17.5,"y":-45.21,"curve":0.314,"c2":0.36,"c3":0.806,"c4":0.89},{"time":0.5333,"x":173.51,"y":200.22}],"scale":[{"time":0.0333,"x":0.803,"y":0.803,"curve":0.314,"c2":0.36,"c3":0.806,"c4":0.89},{"time":0.5333,"x":1.722,"y":1.722}]},"stars62":{"rotate":[{"time":0.0333,"curve":0.314,"c2":0.36,"c3":0.806,"c4":0.89},{"time":0.5333,"angle":20.32}],"translate":[{"time":0.0333,"x":36.46,"y":21.88,"curve":0.314,"c2":0.36,"c3":0.806,"c4":0.89},{"time":0.5333,"x":-316.79,"y":35.48}],"scale":[{"time":0.0333,"x":0.803,"y":0.803,"curve":0.314,"c2":0.36,"c3":0.806,"c4":0.89},{"time":0.5333,"x":1.722,"y":1.722}]},"stars63":{"rotate":[{"time":0.0333,"curve":0.314,"c2":0.36,"c3":0.806,"c4":0.89},{"time":0.5333,"angle":42.44}],"translate":[{"time":0.0333,"x":71.46,"y":17.5,"curve":0.314,"c2":0.36,"c3":0.806,"c4":0.89},{"time":0.5333,"x":-245.7,"y":153.45}],"scale":[{"time":0.0333,"x":0.803,"y":0.803,"curve":0.314,"c2":0.36,"c3":0.806,"c4":0.89},{"time":0.5333,"x":1.722,"y":1.722}]},"stars64":{"rotate":[{"time":0.0333,"curve":0.314,"c2":0.36,"c3":0.806,"c4":0.89},{"time":0.5333,"angle":20.32}],"translate":[{"time":0.0333,"x":71.46,"y":17.5,"curve":0.314,"c2":0.36,"c3":0.806,"c4":0.89},{"time":0.5333,"x":-340.19,"y":8.48}],"scale":[{"time":0.0333,"x":0.803,"y":0.803,"curve":0.314,"c2":0.36,"c3":0.806,"c4":0.89},{"time":0.5333,"x":1.722,"y":1.722}]},"stars65":{"rotate":[{"time":0.0333,"curve":0.314,"c2":0.36,"c3":0.806,"c4":0.89},{"time":0.5333,"angle":20.32}],"translate":[{"time":0.0333,"x":45.21,"y":21.88,"curve":0.314,"c2":0.36,"c3":0.806,"c4":0.89},{"time":0.5333,"x":-343.79,"y":-43.72}],"scale":[{"time":0.0333,"x":0.803,"y":0.803,"curve":0.314,"c2":0.36,"c3":0.806,"c4":0.89},{"time":0.5333,"x":1.722,"y":1.722}]},"stars66":{"rotate":[{"time":0.0333,"curve":0.314,"c2":0.36,"c3":0.806,"c4":0.89},{"time":0.5333,"angle":20.32}],"translate":[{"time":0.0333,"x":71.46,"y":17.5,"curve":0.314,"c2":0.36,"c3":0.806,"c4":0.89},{"time":0.5333,"x":-265.87,"y":106.72}],"scale":[{"time":0.0333,"x":0.803,"y":0.803,"curve":0.314,"c2":0.36,"c3":0.806,"c4":0.89},{"time":0.5333,"x":1.722,"y":1.722}]},"stars67":{"rotate":[{"time":0.0333,"curve":0.314,"c2":0.36,"c3":0.806,"c4":0.89},{"time":0.5333,"angle":-39.33}],"translate":[{"time":0.0333,"x":30.63,"y":43.75,"curve":0.314,"c2":0.36,"c3":0.806,"c4":0.89},{"time":0.5333,"x":-17.9,"y":-389.97}],"scale":[{"time":0.0333,"x":0.803,"y":0.803,"curve":0.314,"c2":0.36,"c3":0.806,"c4":0.89},{"time":0.5333,"x":1.722,"y":1.722}]},"stars68":{"rotate":[{"time":0.0333,"curve":0.314,"c2":0.36,"c3":0.806,"c4":0.89},{"time":0.5333,"angle":-39.33}],"translate":[{"time":0.0333,"x":30.63,"y":43.75,"curve":0.314,"c2":0.36,"c3":0.806,"c4":0.89},{"time":0.5333,"x":65.11,"y":-396.48}],"scale":[{"time":0.0333,"x":0.803,"y":0.803,"curve":0.314,"c2":0.36,"c3":0.806,"c4":0.89},{"time":0.5333,"x":1.722,"y":1.722}]},"stars69":{"rotate":[{"time":0.0333,"curve":0.314,"c2":0.36,"c3":0.806,"c4":0.89},{"time":0.5333,"angle":-39.33}],"translate":[{"time":0.0333,"x":30.63,"y":43.75,"curve":0.314,"c2":0.36,"c3":0.806,"c4":0.89},{"time":0.5333,"x":-47.2,"y":-437.17}],"scale":[{"time":0.0333,"x":0.803,"y":0.803,"curve":0.314,"c2":0.36,"c3":0.806,"c4":0.89},{"time":0.5333,"x":1.722,"y":1.722}]},"stars70":{"rotate":[{"time":0.0333,"curve":0.314,"c2":0.36,"c3":0.806,"c4":0.89},{"time":0.5333,"angle":-39.33}],"translate":[{"time":0.0333,"x":30.63,"y":43.75,"curve":0.314,"c2":0.36,"c3":0.806,"c4":0.89},{"time":0.5333,"x":61.85,"y":-393.22}],"scale":[{"time":0.0333,"x":0.803,"y":0.803,"curve":0.314,"c2":0.36,"c3":0.806,"c4":0.89},{"time":0.5333,"x":1.722,"y":1.722}]},"stars71":{"rotate":[{"time":0.0333,"curve":0.314,"c2":0.36,"c3":0.806,"c4":0.89},{"time":0.5333,"angle":-39.33}],"translate":[{"time":0.0333,"curve":0.314,"c2":0.36,"c3":0.806,"c4":0.89},{"time":0.5333,"x":-34.89,"y":-476.54}],"scale":[{"time":0.0333,"x":0.803,"y":0.803,"curve":0.314,"c2":0.36,"c3":0.806,"c4":0.89},{"time":0.5333,"x":1.722,"y":1.722}]},"stars72":{"rotate":[{"time":0.0333,"curve":0.314,"c2":0.36,"c3":0.806,"c4":0.89},{"time":0.5333,"angle":-39.33}],"translate":[{"time":0.0333,"x":30.63,"y":43.75,"curve":0.314,"c2":0.36,"c3":0.806,"c4":0.89},{"time":0.5333,"x":61.85,"y":-393.22}],"scale":[{"time":0.0333,"x":0.803,"y":0.803,"curve":0.314,"c2":0.36,"c3":0.806,"c4":0.89},{"time":0.5333,"x":1.722,"y":1.722}]},"stars73":{"translate":[{"time":0.0333,"x":-1.46,"y":74.38,"curve":0.314,"c2":0.36,"c3":0.806,"c4":0.89},{"time":0.5333,"x":200.21,"y":-311.84}],"scale":[{"time":0.0333,"x":0.803,"y":0.803,"curve":0.314,"c2":0.36,"c3":0.806,"c4":0.89},{"time":0.5333,"x":1.722,"y":1.722}]},"stars74":{"rotate":[{"time":0.0333,"curve":0.314,"c2":0.36,"c3":0.806,"c4":0.89},{"time":0.5333,"angle":-39.33}],"translate":[{"time":0.0333,"x":30.63,"y":43.75,"curve":0.314,"c2":0.36,"c3":0.806,"c4":0.89},{"time":0.5333,"x":-161.14,"y":-306.96}],"scale":[{"time":0.0333,"x":0.803,"y":0.803,"curve":0.314,"c2":0.36,"c3":0.806,"c4":0.89},{"time":0.5333,"x":1.722,"y":1.722}]},"stars75":{"translate":[{"time":0.0333,"x":-1.46,"y":74.38,"curve":0.314,"c2":0.36,"c3":0.806,"c4":0.89},{"time":0.5333,"x":200.21,"y":-311.84}],"scale":[{"time":0.0333,"x":0.803,"y":0.803,"curve":0.314,"c2":0.36,"c3":0.806,"c4":0.89},{"time":0.5333,"x":1.722,"y":1.722}]},"stars76":{"translate":[{"time":0.0333,"x":-1.46,"y":74.38,"curve":0.314,"c2":0.36,"c3":0.806,"c4":0.89},{"time":0.5333,"x":239.27,"y":-355.79}],"scale":[{"time":0.0333,"x":0.803,"y":0.803,"curve":0.314,"c2":0.36,"c3":0.806,"c4":0.89},{"time":0.5333,"x":1.722,"y":1.722}]},"stars77":{"rotate":[{"time":0.0333,"curve":0.314,"c2":0.36,"c3":0.806,"c4":0.89},{"time":0.5333,"angle":-39.33}],"translate":[{"time":0.0333,"x":30.63,"y":43.75,"curve":0.314,"c2":0.36,"c3":0.806,"c4":0.89},{"time":0.5333,"x":-161.14,"y":-306.96}],"scale":[{"time":0.0333,"x":0.803,"y":0.803,"curve":0.314,"c2":0.36,"c3":0.806,"c4":0.89},{"time":0.5333,"x":1.722,"y":1.722}]},"stars79":{"rotate":[{"time":0.0333,"curve":0.314,"c2":0.36,"c3":0.806,"c4":0.89},{"time":0.5333,"angle":-39.33}],"translate":[{"time":0.0333,"curve":0.314,"c2":0.36,"c3":0.806,"c4":0.89},{"time":0.5333,"x":5.73,"y":-411.19}],"scale":[{"time":0.0333,"x":0.803,"y":0.803,"curve":0.314,"c2":0.36,"c3":0.806,"c4":0.89},{"time":0.5333,"x":1.722,"y":1.722}]},"light1":{"scale":[{"time":0.0333},{"time":0.5333,"x":5.343,"y":5.343}]},"light2":{"rotate":[{"time":0.1667,"angle":19.16},{"time":2.3333,"angle":-101.46},{"time":3.3333,"angle":169.5}],"scale":[{"time":0.1667,"x":0.537,"y":0.537},{"time":3.3333,"x":8.875,"y":8.875}]},"light3":{"rotate":[{"time":0.1667,"angle":19.16},{"time":2.3333,"angle":-101.46},{"time":3.3333,"angle":169.5}],"scale":[{"time":0.1667,"x":0.537,"y":0.537},{"time":3.3333,"x":8.875,"y":8.875}]},"light6":{"rotate":[{"time":0.3667,"angle":19.16},{"time":2.5667,"angle":-101.46},{"time":3.3333,"angle":-173.38}],"scale":[{"time":0.3667,"x":0.317,"y":0.317},{"time":3.3333,"x":7.194,"y":7.194}]},"light7":{"rotate":[{"time":0.3667,"angle":19.16},{"time":2.5667,"angle":-101.46},{"time":3.3333,"angle":-173.38}],"scale":[{"time":0.3667,"x":0.317,"y":0.317},{"time":3.3333,"x":7.194,"y":7.194}]},"light8":{"rotate":[{"time":1.1,"angle":19.16},{"time":3.1,"angle":-101.46},{"time":3.3333,"angle":-122.01}],"scale":[{"time":1.1,"x":0.537,"y":0.537},{"time":3.3333,"x":6.79,"y":6.79}]},"light9":{"rotate":[{"time":1.1,"angle":19.16},{"time":3.1,"angle":-101.46},{"time":3.3333,"angle":-122.01}],"scale":[{"time":1.1,"x":0.537,"y":0.537},{"time":3.3333,"x":6.79,"y":6.79}]},"light10":{"rotate":[{"time":1.3,"angle":19.16},{"time":3.3333,"angle":-101.46}],"scale":[{"time":1.3,"x":0.317,"y":0.317},{"time":3.3333,"x":5.335,"y":5.335}]},"light11":{"rotate":[{"time":1.3,"angle":19.16},{"time":3.3333,"angle":-101.46}],"scale":[{"time":1.3,"x":0.317,"y":0.317},{"time":3.3333,"x":5.335,"y":5.335}]},"light12":{"rotate":[{"time":2.2,"angle":19.16},{"time":3.3333,"angle":-56.23}],"scale":[{"time":2.2,"x":0.537,"y":0.537},{"time":3.3333,"x":4.11,"y":4.11}]},"light13":{"rotate":[{"time":2.2,"angle":19.16},{"time":3.3333,"angle":-56.23}],"scale":[{"time":2.2,"x":0.537,"y":0.537},{"time":3.3333,"x":4.11,"y":4.11}]},"white":{"scale":[{"time":2.6667},{"time":3.3,"x":8.833,"y":8.833},{"time":4,"x":72.78,"y":72.78}]}}},"idle2":{"slots":{"light1":{"color":[{"color":"ffffff00","curve":0.25,"c3":0.75},{"time":0.1667,"color":"ffffffff","curve":"stepped"},{"time":0.3333,"color":"ffffffff","curve":0.25,"c3":0.75},{"time":0.5333,"color":"ffffff00"}]},"stars1":{"color":[{"time":0.8333,"color":"ffffffff","curve":0.25,"c3":0.75},{"time":0.9667,"color":"ffffff01"}],"attachment":[{"name":null},{"time":0.5,"name":"stars1"}]},"stars4":{"color":[{"time":0.7667,"color":"ffffffff","curve":0.25,"c3":0.75},{"time":0.8667,"color":"ffffff01"}],"attachment":[{"name":null},{"time":0.5,"name":"stars4"}]},"stars5":{"color":[{"time":0.8333,"color":"ffffffff","curve":0.25,"c3":0.75},{"time":0.9667,"color":"ffffff01"}],"attachment":[{"name":null},{"time":0.5,"name":"stars3"}]},"stars7":{"color":[{"time":0.7667,"color":"ffffffff","curve":0.25,"c3":0.75},{"time":0.8667,"color":"ffffff01"}],"attachment":[{"name":null},{"time":0.5,"name":"stars4"}]},"stars9":{"color":[{"time":0.7667,"color":"ffffffff","curve":0.25,"c3":0.75},{"time":0.8667,"color":"ffffff01"}],"attachment":[{"name":null},{"time":0.5,"name":"stars3"}]},"stars10":{"color":[{"time":0.8333,"color":"ffffffff","curve":0.25,"c3":0.75},{"time":0.9667,"color":"ffffff01"}],"attachment":[{"name":null},{"time":0.5,"name":"stars4"}]},"stars12":{"color":[{"time":0.7667,"color":"ffffffff","curve":0.25,"c3":0.75},{"time":0.8667,"color":"ffffff01"}],"attachment":[{"name":null},{"time":0.5,"name":"stars1"}]},"stars13":{"color":[{"time":0.7667,"color":"ffffffff","curve":0.25,"c3":0.75},{"time":0.8667,"color":"ffffff01"}],"attachment":[{"name":null},{"time":0.5,"name":"stars2"}]},"stars14":{"color":[{"time":0.8333,"color":"ffffffff","curve":0.25,"c3":0.75},{"time":0.9667,"color":"ffffff01"}],"attachment":[{"name":null},{"time":0.5,"name":"stars3"}]},"stars15":{"color":[{"time":0.7667,"color":"ffffffff","curve":0.25,"c3":0.75},{"time":0.8667,"color":"ffffff01"}],"attachment":[{"name":null},{"time":0.5,"name":"stars4"}]},"stars17":{"color":[{"time":0.7667,"color":"ffffffff","curve":0.25,"c3":0.75},{"time":0.8667,"color":"ffffff01"}],"attachment":[{"name":null},{"time":0.5,"name":"stars1"}]},"stars18":{"color":[{"time":0.8333,"color":"ffffffff","curve":0.25,"c3":0.75},{"time":0.9667,"color":"ffffff01"}],"attachment":[{"name":null},{"time":0.5,"name":"stars4"}]},"stars19":{"color":[{"time":0.7667,"color":"ffffffff","curve":0.25,"c3":0.75},{"time":0.8667,"color":"ffffff01"}],"attachment":[{"name":null},{"time":0.5,"name":"stars2"}]},"stars20":{"color":[{"time":0.7667,"color":"ffffffff","curve":0.25,"c3":0.75},{"time":0.8667,"color":"ffffff01"}],"attachment":[{"name":null},{"time":0.5,"name":"stars3"}]},"stars21":{"color":[{"time":0.8333,"color":"ffffffff","curve":0.25,"c3":0.75},{"time":0.9667,"color":"ffffff01"}],"attachment":[{"name":null},{"time":0.5,"name":"stars4"}]},"stars24":{"color":[{"time":0.7667,"color":"ffffffff","curve":0.25,"c3":0.75},{"time":0.8667,"color":"ffffff01"}],"attachment":[{"name":null},{"time":0.5,"name":"stars4"}]},"stars28":{"color":[{"time":0.7667,"color":"ffffffff","curve":0.25,"c3":0.75},{"time":0.8667,"color":"ffffff01"}],"attachment":[{"name":null},{"time":0.5,"name":"stars1"}]},"stars29":{"color":[{"time":0.8333,"color":"ffffffff","curve":0.25,"c3":0.75},{"time":0.9667,"color":"ffffff01"}],"attachment":[{"name":null},{"time":0.5,"name":"stars4"}]},"stars30":{"color":[{"time":0.7667,"color":"ffffffff","curve":0.25,"c3":0.75},{"time":0.8667,"color":"ffffff01"}],"attachment":[{"name":null},{"time":0.5,"name":"stars3"}]},"stars32":{"color":[{"time":0.7667,"color":"ffffffff","curve":0.25,"c3":0.75},{"time":0.8667,"color":"ffffff01"}],"attachment":[{"name":null},{"time":0.5,"name":"stars4"}]},"stars33":{"color":[{"time":0.8333,"color":"ffffffff","curve":0.25,"c3":0.75},{"time":0.9667,"color":"ffffff01"}],"attachment":[{"name":null},{"time":0.5,"name":"stars1"}]},"stars34":{"color":[{"time":0.7667,"color":"ffffffff","curve":0.25,"c3":0.75},{"time":0.8667,"color":"ffffff01"}],"attachment":[{"name":null},{"time":0.5,"name":"stars3"}]},"stars35":{"color":[{"time":0.7667,"color":"ffffffff","curve":0.25,"c3":0.75},{"time":0.8667,"color":"ffffff01"}],"attachment":[{"name":null},{"time":0.5,"name":"stars4"}]},"stars36":{"color":[{"time":0.8333,"color":"ffffffff","curve":0.25,"c3":0.75},{"time":0.9667,"color":"ffffff01"}],"attachment":[{"name":null},{"time":0.5,"name":"stars3"}]},"stars39":{"color":[{"time":0.7667,"color":"ffffffff","curve":0.25,"c3":0.75},{"time":0.8667,"color":"ffffff01"}],"attachment":[{"name":null},{"time":0.5,"name":"stars4"}]},"stars41":{"color":[{"time":0.7667,"color":"ffffffff","curve":0.25,"c3":0.75},{"time":0.8667,"color":"ffffff01"}],"attachment":[{"name":null},{"time":0.5,"name":"stars2"}]},"stars42":{"color":[{"time":0.8333,"color":"ffffffff","curve":0.25,"c3":0.75},{"time":0.9667,"color":"ffffff01"}],"attachment":[{"name":null},{"time":0.5,"name":"stars4"}]},"stars43":{"color":[{"time":0.7667,"color":"ffffffff","curve":0.25,"c3":0.75},{"time":0.8667,"color":"ffffff01"}],"attachment":[{"name":null},{"time":0.5,"name":"stars3"}]},"stars44":{"color":[{"time":0.7667,"color":"ffffffff","curve":0.25,"c3":0.75},{"time":0.8667,"color":"ffffff01"}],"attachment":[{"name":null},{"time":0.5,"name":"stars3"}]},"stars45":{"color":[{"time":0.8333,"color":"ffffffff","curve":0.25,"c3":0.75},{"time":0.9667,"color":"ffffff01"}],"attachment":[{"name":null},{"time":0.5,"name":"stars2"}]},"stars47":{"color":[{"time":0.7667,"color":"ffffffff","curve":0.25,"c3":0.75},{"time":0.8667,"color":"ffffff01"}],"attachment":[{"name":null},{"time":0.5,"name":"stars1"}]},"stars48":{"color":[{"time":0.7667,"color":"ffffffff","curve":0.25,"c3":0.75},{"time":0.8667,"color":"ffffff01"}],"attachment":[{"name":null},{"time":0.5,"name":"stars4"}]},"stars49":{"color":[{"time":0.8333,"color":"ffffffff","curve":0.25,"c3":0.75},{"time":0.9667,"color":"ffffff01"}],"attachment":[{"name":null},{"time":0.5,"name":"stars4"}]},"stars50":{"color":[{"time":0.7667,"color":"ffffffff","curve":0.25,"c3":0.75},{"time":0.8667,"color":"ffffff01"}],"attachment":[{"name":null},{"time":0.5,"name":"stars3"}]},"stars51":{"color":[{"time":0.7667,"color":"ffffffff","curve":0.25,"c3":0.75},{"time":0.8667,"color":"ffffff01"}],"attachment":[{"name":null},{"time":0.5,"name":"stars1"}]},"stars52":{"color":[{"time":0.8333,"color":"ffffffff","curve":0.25,"c3":0.75},{"time":0.9667,"color":"ffffff01"}],"attachment":[{"name":null},{"time":0.5,"name":"stars4"}]},"stars53":{"color":[{"time":0.7667,"color":"ffffffff","curve":0.25,"c3":0.75},{"time":0.8667,"color":"ffffff01"}],"attachment":[{"name":null},{"time":0.5,"name":"stars3"}]},"stars54":{"color":[{"time":0.7667,"color":"ffffffff","curve":0.25,"c3":0.75},{"time":0.8667,"color":"ffffff01"}],"attachment":[{"name":null},{"time":0.5,"name":"stars2"}]},"stars55":{"color":[{"time":0.8333,"color":"ffffffff","curve":0.25,"c3":0.75},{"time":0.9667,"color":"ffffff01"}],"attachment":[{"name":null},{"time":0.5,"name":"stars4"}]},"stars57":{"color":[{"time":0.7667,"color":"ffffffff","curve":0.25,"c3":0.75},{"time":0.8667,"color":"ffffff01"}],"attachment":[{"name":null},{"time":0.5,"name":"stars3"}]},"stars59":{"color":[{"time":0.7667,"color":"ffffffff","curve":0.25,"c3":0.75},{"time":0.8667,"color":"ffffff01"}],"attachment":[{"name":null},{"time":0.5,"name":"stars3"}]},"stars60":{"color":[{"time":0.8333,"color":"ffffffff","curve":0.25,"c3":0.75},{"time":0.9667,"color":"ffffff01"}],"attachment":[{"name":null},{"time":0.5,"name":"stars2"}]},"stars61":{"color":[{"time":0.7667,"color":"ffffffff","curve":0.25,"c3":0.75},{"time":0.8667,"color":"ffffff01"}],"attachment":[{"name":null},{"time":0.5,"name":"stars1"}]},"stars62":{"color":[{"time":0.7667,"color":"ffffffff","curve":0.25,"c3":0.75},{"time":0.8667,"color":"ffffff01"}],"attachment":[{"name":null},{"time":0.5,"name":"stars2"}]},"stars63":{"color":[{"time":0.8333,"color":"ffffffff","curve":0.25,"c3":0.75},{"time":0.9667,"color":"ffffff01"}],"attachment":[{"name":null},{"time":0.5,"name":"stars3"}]},"stars64":{"color":[{"time":0.7667,"color":"ffffffff","curve":0.25,"c3":0.75},{"time":0.8667,"color":"ffffff01"}],"attachment":[{"name":null},{"time":0.5,"name":"stars3"}]},"stars65":{"color":[{"time":0.7667,"color":"ffffffff","curve":0.25,"c3":0.75},{"time":0.8667,"color":"ffffff01"}],"attachment":[{"name":null},{"time":0.5,"name":"stars4"}]},"stars66":{"color":[{"time":0.8333,"color":"ffffffff","curve":0.25,"c3":0.75},{"time":0.9667,"color":"ffffff01"}],"attachment":[{"name":null},{"time":0.5,"name":"stars2"}]},"stars67":{"color":[{"time":0.7667,"color":"ffffffff","curve":0.25,"c3":0.75},{"time":0.8667,"color":"ffffff01"}],"attachment":[{"name":null},{"time":0.5,"name":"stars4"}]},"stars68":{"color":[{"time":0.7667,"color":"ffffffff","curve":0.25,"c3":0.75},{"time":0.8667,"color":"ffffff01"}],"attachment":[{"name":null},{"time":0.5,"name":"stars4"}]},"stars69":{"color":[{"time":0.8333,"color":"ffffffff","curve":0.25,"c3":0.75},{"time":0.9667,"color":"ffffff01"}],"attachment":[{"name":null},{"time":0.5,"name":"stars1"}]},"stars70":{"color":[{"time":0.7667,"color":"ffffffff","curve":0.25,"c3":0.75},{"time":0.8667,"color":"ffffff01"}],"attachment":[{"name":null},{"time":0.5,"name":"stars2"}]},"stars71":{"color":[{"time":0.7667,"color":"ffffffff","curve":0.25,"c3":0.75},{"time":0.8667,"color":"ffffff01"}],"attachment":[{"name":null},{"time":0.5,"name":"stars3"}]},"stars72":{"color":[{"time":0.8333,"color":"ffffffff","curve":0.25,"c3":0.75},{"time":0.9667,"color":"ffffff01"}],"attachment":[{"name":null},{"time":0.5,"name":"stars4"}]},"stars73":{"color":[{"time":0.7667,"color":"ffffffff","curve":0.25,"c3":0.75},{"time":0.8667,"color":"ffffff01"}],"attachment":[{"name":null},{"time":0.5,"name":"stars3"}]},"stars74":{"color":[{"time":0.7667,"color":"ffffffff","curve":0.25,"c3":0.75},{"time":0.8667,"color":"ffffff01"}],"attachment":[{"name":null},{"time":0.5,"name":"stars1"}]},"stars75":{"color":[{"time":0.8333,"color":"ffffffff","curve":0.25,"c3":0.75},{"time":0.9667,"color":"ffffff01"}],"attachment":[{"name":null},{"time":0.5,"name":"stars4"}]},"stars76":{"color":[{"time":0.7667,"color":"ffffffff","curve":0.25,"c3":0.75},{"time":0.8667,"color":"ffffff01"}],"attachment":[{"name":null},{"time":0.5,"name":"stars2"}]},"stars77":{"color":[{"time":0.7667,"color":"ffffffff","curve":0.25,"c3":0.75},{"time":0.8667,"color":"ffffff01"}],"attachment":[{"name":null},{"time":0.5,"name":"stars3"}]},"stars79":{"color":[{"time":0.8333,"color":"ffffffff","curve":0.25,"c3":0.75},{"time":0.9667,"color":"ffffff01"}],"attachment":[{"name":null},{"time":0.5,"name":"stars1"}]}},"bones":{"light1":{"scale":[{"x":1.096,"y":1.096}]},"stars79":{"translate":[{"time":0.5,"curve":0.162,"c2":0.21,"c3":0.766,"c4":0.96},{"time":0.7333,"x":194.7,"y":-183.62,"curve":0.122,"c2":0.25,"c3":0.848,"c4":0.96},{"time":0.9333,"x":213.59,"y":-342.68}],"scale":[{"time":0.5,"x":1.883,"y":1.883}]},"stars77":{"translate":[{"time":0.5,"curve":0.162,"c2":0.21,"c3":0.766,"c4":0.96},{"time":0.6667,"x":-85.87,"y":-198.59,"curve":0.122,"c2":0.25,"c3":0.848,"c4":0.96},{"time":0.8333,"x":-85.87,"y":-337.06}],"scale":[{"time":0.5,"x":1.883,"y":1.883}]},"stars76":{"translate":[{"time":0.5,"curve":0.162,"c2":0.21,"c3":0.766,"c4":0.96},{"time":0.6667,"x":234.64,"y":-165.64,"curve":0.122,"c2":0.25,"c3":0.848,"c4":0.96},{"time":0.8333,"x":251.81,"y":-319.56}],"scale":[{"time":0.5,"x":1.883,"y":1.883}]},"stars75":{"translate":[{"time":0.5,"curve":0.162,"c2":0.21,"c3":0.766,"c4":0.96},{"time":0.7333,"y":-184.62,"curve":0.122,"c2":0.25,"c3":0.848,"c4":0.96},{"time":0.9333,"y":-323.08}],"scale":[{"time":0.5,"x":1.883,"y":1.883}]},"stars74":{"translate":[{"time":0.5,"curve":0.162,"c2":0.21,"c3":0.766,"c4":0.96},{"time":0.6667,"x":-145.78,"y":-182.62,"curve":0.122,"c2":0.25,"c3":0.848,"c4":0.96},{"time":0.8333,"x":-145.78,"y":-321.08}],"scale":[{"time":0.5,"x":1.883,"y":1.883}]},"stars73":{"translate":[{"time":0.5,"x":6.78,"y":36.64,"curve":0.162,"c2":0.21,"c3":0.766,"c4":0.96},{"time":0.6667,"x":237.55,"y":36.64,"curve":0.122,"c2":0.25,"c3":0.848,"c4":0.96},{"time":0.8333,"x":232.4,"y":-132.73}],"scale":[{"time":0.5,"x":1.883,"y":1.883}]},"stars72":{"translate":[{"time":0.5,"x":-54.6,"y":182,"curve":0.162,"c2":0.21,"c3":0.766,"c4":0.96},{"time":0.7333,"x":-85.55,"y":-1.62,"curve":0.122,"c2":0.25,"c3":0.848,"c4":0.96},{"time":0.9333,"x":-85.55,"y":-174.42}],"scale":[{"time":0.5,"x":1.883,"y":1.883}]},"stars71":{"translate":[{"time":0.5,"x":105.84,"y":61.06,"curve":0.162,"c2":0.21,"c3":0.766,"c4":0.96},{"time":0.6667,"x":324.63,"y":81.03,"curve":0.122,"c2":0.25,"c3":0.848,"c4":0.96},{"time":0.8333,"x":322.91,"y":-88.34}],"scale":[{"time":0.5,"x":1.883,"y":1.883}]},"stars70":{"translate":[{"time":0.5,"curve":0.162,"c2":0.21,"c3":0.766,"c4":0.96},{"time":0.6667,"x":-31.95,"y":-184.62,"curve":0.122,"c2":0.25,"c3":0.848,"c4":0.96},{"time":0.8333,"x":-31.95,"y":-323.08}],"scale":[{"time":0.5,"x":1.883,"y":1.883}]},"stars69":{"translate":[{"time":0.5,"curve":0.162,"c2":0.21,"c3":0.766,"c4":0.96},{"time":0.7333,"x":121.81,"y":-165.64,"curve":0.122,"c2":0.25,"c3":0.848,"c4":0.96},{"time":0.9333,"x":121.81,"y":-304.11}],"scale":[{"time":0.5,"x":1.883,"y":1.883}]},"stars68":{"translate":[{"time":0.5,"curve":0.162,"c2":0.21,"c3":0.766,"c4":0.96},{"time":0.6667,"x":113.82,"y":-184.62,"curve":0.122,"c2":0.25,"c3":0.848,"c4":0.96},{"time":0.8333,"x":124.13,"y":-371.15}],"scale":[{"time":0.5,"x":1.883,"y":1.883}]},"stars67":{"translate":[{"time":0.5,"x":2.71,"y":-19,"curve":0.162,"c2":0.21,"c3":0.766,"c4":0.96},{"time":0.6667,"x":19.69,"y":-215.59,"curve":0.122,"c2":0.25,"c3":0.848,"c4":0.96},{"time":0.8333,"x":23.12,"y":-376.38}],"scale":[{"time":0.5,"x":1.883,"y":1.883}]},"stars66":{"translate":[{"time":0.5,"x":-34.8,"y":29.85,"curve":0.162,"c2":0.21,"c3":0.766,"c4":0.96},{"time":0.7333,"x":-136.14,"y":117.71,"curve":0.122,"c2":0.25,"c3":0.848,"c4":0.96},{"time":0.9333,"x":-160.17,"y":-46.5}],"scale":[{"time":0.5,"x":1.883,"y":1.883}]},"stars65":{"translate":[{"time":0.5,"curve":0.162,"c2":0.21,"c3":0.766,"c4":0.96},{"time":0.6667,"x":-149.26,"y":77.88,"curve":0.122,"c2":0.25,"c3":0.848,"c4":0.96},{"time":0.8333,"x":-202.49,"y":-96.64}],"scale":[{"time":0.5,"x":1.883,"y":1.883}]},"stars64":{"translate":[{"time":0.5,"curve":0.162,"c2":0.21,"c3":0.766,"c4":0.96},{"time":0.6667,"x":-145.27,"y":76.88,"curve":0.122,"c2":0.25,"c3":0.848,"c4":0.96},{"time":0.8333,"x":-162.44,"y":-70.16}],"scale":[{"time":0.5,"x":1.883,"y":1.883}]},"stars63":{"translate":[{"time":0.5,"x":85.97,"y":-19.25,"curve":0.162,"c2":0.21,"c3":0.766,"c4":0.96},{"time":0.7333,"x":33.05,"y":110.18,"curve":0.122,"c2":0.25,"c3":0.848,"c4":0.96},{"time":0.9333,"x":-16.74,"y":-74.64}],"scale":[{"time":0.5,"x":1.883,"y":1.883}]},"stars62":{"translate":[{"time":0.5,"x":13.57,"y":-138.41,"curve":0.162,"c2":0.21,"c3":0.766,"c4":0.96},{"time":0.6667,"x":-155.66,"y":-138.41,"curve":0.122,"c2":0.25,"c3":0.848,"c4":0.96},{"time":0.8333,"x":-174.55,"y":-295.75}],"scale":[{"time":0.5,"x":1.883,"y":1.883}]},"stars61":{"translate":[{"time":0.5,"x":-35.35,"y":-78.12,"curve":0.162,"c2":0.21,"c3":0.766,"c4":0.96},{"time":0.6667,"x":53.51,"y":0.39,"curve":0.122,"c2":0.25,"c3":0.848,"c4":0.96},{"time":0.8333,"x":55.23,"y":-160.39}],"scale":[{"time":0.5,"x":1.883,"y":1.883}]},"stars60":{"translate":[{"time":0.5,"x":78.29,"y":-93.32,"curve":0.162,"c2":0.21,"c3":0.766,"c4":0.96},{"time":0.7333,"x":-35.54,"y":133.95,"curve":0.122,"c2":0.25,"c3":0.848,"c4":0.96},{"time":0.9333,"x":-95.63,"y":-42.28}],"scale":[{"time":0.5,"x":1.883,"y":1.883}]},"stars59":{"translate":[{"time":0.5,"x":-105.1,"y":-163.41,"curve":0.162,"c2":0.21,"c3":0.766,"c4":0.96},{"time":0.6667,"x":-107.1,"y":32.91,"curve":0.122,"c2":0.25,"c3":0.848,"c4":0.96},{"time":0.8333,"x":-131.14,"y":-119.29}],"scale":[{"time":0.5,"x":1.883,"y":1.883}]},"stars57":{"translate":[{"time":0.5,"curve":0.162,"c2":0.21,"c3":0.766,"c4":0.96},{"time":0.6667,"y":155.38,"curve":0.122,"c2":0.25,"c3":0.848,"c4":0.96},{"time":0.8333,"y":16.92}],"scale":[{"time":0.5,"x":1.883,"y":1.883}]},"stars55":{"translate":[{"time":0.5,"x":17.96,"y":125.74,"curve":0.162,"c2":0.21,"c3":0.766,"c4":0.96},{"time":0.7333,"x":7.98,"y":194.64,"curve":0.122,"c2":0.25,"c3":0.848,"c4":0.96},{"time":0.9333,"x":-41.81,"y":45.87}],"scale":[{"time":0.5,"x":1.883,"y":1.883}]},"stars54":{"translate":[{"time":0.5,"curve":0.162,"c2":0.21,"c3":0.766,"c4":0.96},{"time":0.6667,"x":34.95,"y":187.34,"curve":0.122,"c2":0.25,"c3":0.848,"c4":0.96},{"time":0.8333,"x":60.7,"y":43.72}],"scale":[{"time":0.5,"x":1.883,"y":1.883}]},"stars53":{"translate":[{"time":0.5,"x":2.22,"y":-24.47,"curve":0.162,"c2":0.21,"c3":0.766,"c4":0.96},{"time":0.6667,"x":52.15,"y":139.9,"curve":0.122,"c2":0.25,"c3":0.848,"c4":0.96},{"time":0.8333,"x":88.2,"y":-8.86}],"scale":[{"time":0.5,"x":1.883,"y":1.883}]},"stars52":{"translate":[{"time":0.5,"curve":0.162,"c2":0.21,"c3":0.766,"c4":0.96},{"time":0.7333,"x":78.88,"y":152.39,"curve":0.122,"c2":0.25,"c3":0.848,"c4":0.96},{"time":0.9333,"x":84.03,"y":-4.96}],"scale":[{"time":0.5,"x":1.883,"y":1.883}]},"stars51":{"translate":[{"time":0.5,"x":15.57,"y":-37.82,"curve":0.162,"c2":0.21,"c3":0.766,"c4":0.96},{"time":0.6667,"x":-140.19,"y":239.38,"curve":0.122,"c2":0.25,"c3":0.848,"c4":0.96},{"time":0.8333,"x":-145.34,"y":88.9}],"scale":[{"time":0.5,"x":1.883,"y":1.883}]},"stars50":{"translate":[{"time":0.5,"x":-39.25,"y":-36.19,"curve":0.162,"c2":0.21,"c3":0.766,"c4":0.96},{"time":0.6667,"x":-154.56,"y":-1.25,"curve":0.122,"c2":0.25,"c3":0.848,"c4":0.96},{"time":0.8333,"x":-171.73,"y":-153.44}],"scale":[{"time":0.5,"x":1.883,"y":1.883}]},"stars49":{"translate":[{"time":0.5,"curve":0.162,"c2":0.21,"c3":0.766,"c4":0.96},{"time":0.7333,"x":-190.71,"y":85.49,"curve":0.122,"c2":0.25,"c3":0.848,"c4":0.96},{"time":0.9333,"x":-219.89,"y":-68.42}],"scale":[{"time":0.5,"x":1.883,"y":1.883}]},"stars48":{"translate":[{"time":0.5,"curve":0.162,"c2":0.21,"c3":0.766,"c4":0.96},{"time":0.6667,"y":155.38,"curve":0.122,"c2":0.25,"c3":0.848,"c4":0.96},{"time":0.8333,"y":16.92}],"scale":[{"time":0.5,"x":1.883,"y":1.883}]},"stars47":{"translate":[{"time":0.5,"x":8.9,"y":-53.39,"curve":0.162,"c2":0.21,"c3":0.766,"c4":0.96},{"time":0.6667,"x":-112.91,"y":109.98,"curve":0.122,"c2":0.25,"c3":0.848,"c4":0.96},{"time":0.8333,"x":-130.08,"y":-38.78}],"scale":[{"time":0.5,"x":1.883,"y":1.883}]},"stars45":{"translate":[{"time":0.5,"curve":0.162,"c2":0.21,"c3":0.766,"c4":0.96},{"time":0.7333,"x":230.77,"curve":0.122,"c2":0.25,"c3":0.848,"c4":0.96},{"time":0.9333,"x":275.41,"y":-136.74}],"scale":[{"time":0.5,"x":1.883,"y":1.883}]},"stars44":{"translate":[{"time":0.5,"x":-96.34,"y":48.85,"curve":0.162,"c2":0.21,"c3":0.766,"c4":0.96},{"time":0.6667,"x":140.42,"y":-3.07,"curve":0.122,"c2":0.25,"c3":0.848,"c4":0.96},{"time":0.8333,"x":147.29,"y":-167.29}],"scale":[{"time":0.5,"x":1.883,"y":1.883}]},"stars43":{"translate":[{"time":0.5,"x":-251.03,"y":-54.28,"curve":0.162,"c2":0.21,"c3":0.766,"c4":0.96},{"time":0.6667,"x":-186.13,"y":-246.88,"curve":0.122,"c2":0.25,"c3":0.848,"c4":0.96},{"time":0.8333,"x":-179.26,"y":-405.94}],"scale":[{"time":0.5,"x":1.883,"y":1.883}]},"stars42":{"translate":[{"time":0.5,"x":-46.14,"y":-8.14,"curve":0.162,"c2":0.21,"c3":0.766,"c4":0.96},{"time":0.7333,"x":184.63,"y":-8.14,"curve":0.122,"c2":0.25,"c3":0.848,"c4":0.96},{"time":0.9333,"x":201.8,"y":-172.36}],"scale":[{"time":0.5,"x":1.883,"y":1.883}]},"stars41":{"translate":[{"time":0.5,"x":-107.78,"y":-20.53,"curve":0.162,"c2":0.21,"c3":0.766,"c4":0.96},{"time":0.6667,"x":17.03,"y":-203.15,"curve":0.122,"c2":0.25,"c3":0.848,"c4":0.96},{"time":0.8333,"x":23.9,"y":-370.8}],"scale":[{"time":0.5,"x":1.883,"y":1.883}]},"stars39":{"translate":[{"time":0.5,"x":-51.56,"y":14.93,"curve":0.162,"c2":0.21,"c3":0.766,"c4":0.96},{"time":0.6667,"x":162.23,"y":121.76,"curve":0.122,"c2":0.25,"c3":0.848,"c4":0.96},{"time":0.8333,"x":182.84,"y":-66.49}],"scale":[{"time":0.5,"x":1.883,"y":1.883}]},"stars36":{"translate":[{"time":0.5,"x":-67.73,"y":-106.28,"curve":0.162,"c2":0.21,"c3":0.766,"c4":0.96},{"time":0.7333,"x":51.09,"y":-11.8,"curve":0.122,"c2":0.25,"c3":0.848,"c4":0.96},{"time":0.9333,"x":78.56,"y":-146.83}],"scale":[{"time":0.5,"x":1.883,"y":1.883}]},"stars35":{"translate":[{"time":0.5,"x":-271.38,"y":-40.71,"curve":0.162,"c2":0.21,"c3":0.766,"c4":0.96},{"time":0.6667,"x":-271.38,"y":-225.32,"curve":0.122,"c2":0.25,"c3":0.848,"c4":0.96},{"time":0.8333,"x":-271.38,"y":-363.78}],"scale":[{"time":0.5,"x":1.883,"y":1.883}]},"stars34":{"translate":[{"time":0.5,"x":131.62,"y":-23.07,"curve":0.162,"c2":0.21,"c3":0.766,"c4":0.96},{"time":0.6667,"x":362.39,"y":-23.07,"curve":0.122,"c2":0.25,"c3":0.848,"c4":0.96},{"time":0.8333,"x":388.14,"y":-168.4}],"scale":[{"time":0.5,"x":1.883,"y":1.883}]},"stars33":{"translate":[{"time":0.5,"x":154.69,"y":8.14,"curve":0.162,"c2":0.21,"c3":0.766,"c4":0.96},{"time":0.7333,"x":375.47,"y":78.03,"curve":0.122,"c2":0.25,"c3":0.848,"c4":0.96},{"time":0.9333,"x":375.47,"y":-60.43}],"scale":[{"time":0.5,"x":1.883,"y":1.883}]},"stars32":{"translate":[{"time":0.5,"x":-61.06,"y":-33.92,"curve":0.162,"c2":0.21,"c3":0.766,"c4":0.96},{"time":0.6667,"x":182.69,"y":-144.75,"curve":0.122,"c2":0.25,"c3":0.848,"c4":0.96},{"time":0.8333,"x":210.16,"y":-293.52}],"scale":[{"time":0.5,"x":1.883,"y":1.883}]},"stars30":{"translate":[{"time":0.5,"curve":0.162,"c2":0.21,"c3":0.766,"c4":0.96},{"time":0.6667,"x":133.79,"y":152.39,"curve":0.122,"c2":0.25,"c3":0.848,"c4":0.96},{"time":0.8333,"x":178.43,"y":12.21}],"scale":[{"time":0.5,"x":1.883,"y":1.883}]},"stars29":{"translate":[{"time":0.5,"x":-107.78,"y":-20.53,"curve":0.162,"c2":0.21,"c3":0.766,"c4":0.96},{"time":0.7333,"x":-107.78,"y":134.86,"curve":0.122,"c2":0.25,"c3":0.848,"c4":0.96},{"time":0.9333,"x":-107.78,"y":-3.61}],"scale":[{"time":0.5,"x":1.883,"y":1.883}]},"stars28":{"translate":[{"time":0.5,"curve":0.162,"c2":0.21,"c3":0.766,"c4":0.96},{"time":0.6667,"x":113.82,"y":75.51,"curve":0.122,"c2":0.25,"c3":0.848,"c4":0.96},{"time":0.8333,"x":117.26,"y":-100.73}],"scale":[{"time":0.5,"x":1.883,"y":1.883}]},"stars24":{"translate":[{"time":0.5,"curve":0.162,"c2":0.21,"c3":0.766,"c4":0.96},{"time":0.6667,"x":-141.27,"y":-30.95,"curve":0.122,"c2":0.25,"c3":0.848,"c4":0.96},{"time":0.8333,"x":-146.42,"y":-190.02}],"scale":[{"time":0.5,"x":1.883,"y":1.883}]},"stars21":{"translate":[{"time":0.5,"curve":0.162,"c2":0.21,"c3":0.766,"c4":0.96},{"time":0.7333,"x":-174.22,"y":-26.96,"curve":0.122,"c2":0.25,"c3":0.848,"c4":0.96},{"time":0.9333,"x":-189.68,"y":-177.44}],"scale":[{"time":0.5,"x":1.883,"y":1.883}]},"stars20":{"translate":[{"time":0.5,"curve":0.162,"c2":0.21,"c3":0.766,"c4":0.96},{"time":0.6667,"x":-169.23,"curve":0.122,"c2":0.25,"c3":0.848,"c4":0.96},{"time":0.8333,"x":-229.32,"y":-165.93}],"scale":[{"time":0.5,"x":1.883,"y":1.883}]},"stars19":{"translate":[{"time":0.5,"curve":0.162,"c2":0.21,"c3":0.766,"c4":0.96},{"time":0.6667,"x":-59.91,"y":-163.65,"curve":0.122,"c2":0.25,"c3":0.848,"c4":0.96},{"time":0.8333,"x":-59.91,"y":-302.11}],"scale":[{"time":0.5,"x":1.883,"y":1.883}]},"stars18":{"translate":[{"time":0.5,"curve":0.162,"c2":0.21,"c3":0.766,"c4":0.96},{"time":0.7333,"x":-169.23,"curve":0.122,"c2":0.25,"c3":0.848,"c4":0.96},{"time":0.9333,"x":-184.68,"y":-155.63}],"scale":[{"time":0.5,"x":1.883,"y":1.883}]},"stars17":{"translate":[{"time":0.5,"curve":0.162,"c2":0.21,"c3":0.766,"c4":0.96},{"time":0.6667,"x":-130.8,"y":-171.64,"curve":0.122,"c2":0.25,"c3":0.848,"c4":0.96},{"time":0.8333,"x":-130.8,"y":-310.1}],"scale":[{"time":0.5,"x":1.883,"y":1.883}]},"stars15":{"translate":[{"time":0.5,"curve":0.162,"c2":0.21,"c3":0.766,"c4":0.96},{"time":0.6667,"x":-153.26,"y":78.88,"curve":0.122,"c2":0.25,"c3":0.848,"c4":0.96},{"time":0.8333,"x":-170.42,"y":-78.47}],"scale":[{"time":0.5,"x":1.883,"y":1.883}]},"stars14":{"translate":[{"time":0.5,"x":80.44,"y":-87.42,"curve":0.162,"c2":0.21,"c3":0.766,"c4":0.96},{"time":0.7333,"x":-7.43,"y":-275.03,"curve":0.122,"c2":0.25,"c3":0.848,"c4":0.96},{"time":0.9333,"x":-14.3,"y":-452.98}],"scale":[{"time":0.5,"x":1.883,"y":1.883}]},"stars13":{"translate":[{"time":0.5,"curve":0.162,"c2":0.21,"c3":0.766,"c4":0.96},{"time":0.6667,"x":-139.28,"y":-60.91,"curve":0.122,"c2":0.25,"c3":0.848,"c4":0.96},{"time":0.8333,"x":-156.45,"y":-293.8}],"scale":[{"time":0.5,"x":1.883,"y":1.883}]},"stars12":{"translate":[{"time":0.5,"x":2.22,"y":30.03,"curve":0.162,"c2":0.21,"c3":0.766,"c4":0.96},{"time":0.6667,"x":-121.58,"y":-115.64,"curve":0.122,"c2":0.25,"c3":0.848,"c4":0.96},{"time":0.8333,"x":-140.47,"y":-295.31}],"scale":[{"time":0.5,"x":1.883,"y":1.883}]},"stars10":{"translate":[{"time":0.5,"curve":0.162,"c2":0.21,"c3":0.766,"c4":0.96},{"time":0.7333,"x":165.87,"y":-56.91,"curve":0.122,"c2":0.25,"c3":0.848,"c4":0.96},{"time":0.9333,"x":208.79,"y":-214.26}],"scale":[{"time":0.5,"x":1.883,"y":1.883}]},"stars9":{"translate":[{"time":0.5,"curve":0.162,"c2":0.21,"c3":0.766,"c4":0.96},{"time":0.6667,"x":236.76,"y":-123.81,"curve":0.122,"c2":0.25,"c3":0.848,"c4":0.96},{"time":0.8333,"x":283.12,"y":-289.74}],"scale":[{"time":0.5,"x":1.883,"y":1.883}]},"stars7":{"translate":[{"time":0.5,"curve":0.162,"c2":0.21,"c3":0.766,"c4":0.96},{"time":0.6667,"x":206.81,"y":-265.59,"curve":0.122,"c2":0.25,"c3":0.848,"c4":0.96},{"time":0.8333,"x":206.81,"y":-404.05}],"scale":[{"time":0.5,"x":1.883,"y":1.883}]},"stars5":{"translate":[{"time":0.5,"curve":0.162,"c2":0.21,"c3":0.766,"c4":0.96},{"time":0.7333,"x":230.77,"curve":0.122,"c2":0.25,"c3":0.848,"c4":0.96},{"time":0.9333,"x":275.41,"y":-138.46}],"scale":[{"time":0.5,"x":1.883,"y":1.883}]},"stars4":{"translate":[{"time":0.5,"curve":0.162,"c2":0.21,"c3":0.766,"c4":0.96},{"time":0.6667,"x":175.85,"y":-103.84,"curve":0.122,"c2":0.25,"c3":0.848,"c4":0.96},{"time":0.8333,"x":223.93,"y":-259.47}],"scale":[{"time":0.5,"x":1.883,"y":1.883}]},"stars1":{"translate":[{"time":0.5,"x":-82.77,"y":32.57,"curve":0.162,"c2":0.21,"c3":0.766,"c4":0.96},{"time":0.7333,"x":-22.86,"y":-152.05,"curve":0.122,"c2":0.25,"c3":0.848,"c4":0.96},{"time":0.9333,"x":-22.86,"y":-290.51}],"scale":[{"time":0.5,"x":1.883,"y":1.883}]}}}}},[0]]],0,0,[0],[-1],[13]]]]