[1,["7a/QZLET9IDreTiBfRn2PD","8aeIBBKzRC4aZGREnZt2jy","82TkPDkNZJbIolclvJ8juL"],["root","animation","node","data","_N$skeletonData"],[["cc.PrefabInfo",["fileId","root","asset"],2,1,1],["cc.Prefab",["_name"],2],["cc.Node",["_name","_children","_components","_prefab","_trs"],2,2,12,4,7],["cc.Node",["_name","_parent","_components","_prefab","_contentSize","_trs"],2,1,2,4,5,7],["b1bfb8jog9M2q3U9xqelKMY",["node","animation"],3,1,1],["sp.Skeleton",["defaultSkin","defaultAnimation","_preCacheMode","_animationName","node","_materials"],-1,1,3],["261d4+Q1HdGA5w3tjdBw83c",["node","spineAnimation"],3,1,1],["sp.SkeletonData",["_name","_atlasText","textureNames","_skeletonJson","textures"],-1,3]],[[1,0,2],[2,0,1,2,3,4,2],[3,0,1,2,3,4,5,2],[4,0,1,1],[0,1,2,1],[0,0,1,2,2],[5,0,1,2,3,4,5,5],[6,0,1,1],[7,0,1,2,3,4,5]],[[[[0,"PotatoMine"],[1,"PotatoMine",[-5],[[-2,[3,-4,-3]],1,4],[4,-1,0],[-494,-293,0,0,0,0,1,1,1,1]],[2,"putpngdilei",1,[-6],[5,"aetZ3FJPtME7lNc7TeXa+o",1,0],[5,1930,750],[0,10,0,0,0,0,1,1,1,1]],[6,"default","3daiji1",0,"3daiji1",2,[0]],[7,1,3]],0,[0,0,1,0,-1,4,0,1,4,0,2,1,0,-1,2,0,-1,3,0,3,1,6],[0,3],[-1,4],[0,1]],[[[8,"putpngdilei","\nputpngdilei.png\nsize: 1159,380\nformat: RGBA8888\nfilter: Linear,Linear\nrepeat: none\n1\n  rotate: false\n  xy: 555, 149\n  size: 299, 229\n  orig: 299, 231\n  offset: 0, 1\n  index: -1\nbiyan\n  rotate: true\n  xy: 920, 2\n  size: 78, 56\n  orig: 78, 56\n  offset: 0, 0\n  index: -1\nguang\n  rotate: false\n  xy: 2, 14\n  size: 551, 364\n  orig: 595, 403\n  offset: 13, 6\n  index: -1\nmu1\n  rotate: false\n  xy: 1111, 72\n  size: 35, 31\n  orig: 35, 31\n  offset: 0, 0\n  index: -1\nmu2\n  rotate: true\n  xy: 1036, 17\n  size: 63, 51\n  orig: 64, 52\n  offset: 0, 0\n  index: -1\nmu3\n  rotate: true\n  xy: 555, 2\n  size: 40, 53\n  orig: 41, 53\n  offset: 0, 0\n  index: -1\nmu4\n  rotate: true\n  xy: 707, 11\n  size: 31, 61\n  orig: 37, 61\n  offset: 6, 0\n  index: -1\nmu5\n  rotate: false\n  xy: 1052, 308\n  size: 77, 70\n  orig: 77, 71\n  offset: 0, 1\n  index: -1\nmu6\n  rotate: true\n  xy: 610, 5\n  size: 37, 95\n  orig: 37, 95\n  offset: 0, 0\n  index: -1\nmu7\n  rotate: false\n  xy: 1052, 242\n  size: 77, 64\n  orig: 77, 64\n  offset: 0, 0\n  index: -1\nqiu\n  rotate: false\n  xy: 933, 82\n  size: 129, 129\n  orig: 139, 139\n  offset: 5, 5\n  index: -1\nqiu-hong\n  rotate: false\n  xy: 1064, 181\n  size: 59, 59\n  orig: 59, 59\n  offset: 0, 0\n  index: -1\nshenti5\n  rotate: false\n  xy: 856, 213\n  size: 194, 165\n  orig: 194, 165\n  offset: 0, 0\n  index: -1\nshitou1\n  rotate: true\n  xy: 920, 132\n  size: 15, 11\n  orig: 16, 11\n  offset: 1, 0\n  index: -1\nshitou10\n  rotate: false\n  xy: 1089, 41\n  size: 33, 29\n  orig: 33, 29\n  offset: 0, 0\n  index: -1\nshitou11\n  rotate: false\n  xy: 1064, 143\n  size: 53, 36\n  orig: 53, 36\n  offset: 0, 0\n  index: -1\nshitou12\n  rotate: true\n  xy: 1125, 184\n  size: 24, 32\n  orig: 24, 32\n  offset: 0, 0\n  index: -1\nshitou13\n  rotate: true\n  xy: 862, 9\n  size: 33, 35\n  orig: 33, 35\n  offset: 0, 0\n  index: -1\nshitou14\n  rotate: false\n  xy: 817, 8\n  size: 43, 34\n  orig: 43, 34\n  offset: 0, 0\n  index: -1\nshitou15\n  rotate: false\n  xy: 1119, 138\n  size: 38, 41\n  orig: 38, 41\n  offset: 0, 0\n  index: -1\nshitou2\n  rotate: true\n  xy: 899, 22\n  size: 20, 16\n  orig: 20, 16\n  offset: 0, 0\n  index: -1\nshitou3\n  rotate: false\n  xy: 1064, 88\n  size: 16, 12\n  orig: 16, 12\n  offset: 0, 0\n  index: -1\nshitou4\n  rotate: true\n  xy: 1111, 105\n  size: 31, 36\n  orig: 31, 36\n  offset: 0, 0\n  index: -1\nshitou6\n  rotate: false\n  xy: 1131, 340\n  size: 26, 38\n  orig: 26, 38\n  offset: 0, 0\n  index: -1\nshitou7\n  rotate: false\n  xy: 1125, 210\n  size: 32, 30\n  orig: 32, 30\n  offset: 0, 0\n  index: -1\nshitou8\n  rotate: false\n  xy: 1089, 11\n  size: 30, 28\n  orig: 30, 28\n  offset: 0, 0\n  index: -1\nshitou9\n  rotate: false\n  xy: 770, 11\n  size: 45, 31\n  orig: 45, 31\n  offset: 0, 0\n  index: -1\ntu1\n  rotate: false\n  xy: 1064, 102\n  size: 45, 39\n  orig: 47, 40\n  offset: 1, 0\n  index: -1\ntu2\n  rotate: false\n  xy: 1036, 2\n  size: 19, 13\n  orig: 20, 14\n  offset: 0, 0\n  index: -1\ntu3\n  rotate: false\n  xy: 1131, 287\n  size: 14, 16\n  orig: 16, 17\n  offset: 1, 1\n  index: -1\ntu34\n  rotate: true\n  xy: 856, 149\n  size: 62, 75\n  orig: 63, 76\n  offset: 1, 0\n  index: -1\nzhengyan\n  rotate: true\n  xy: 978, 2\n  size: 78, 56\n  orig: 78, 56\n  offset: 0, 0\n  index: -1\nzi\n  rotate: false\n  xy: 555, 44\n  size: 363, 103\n  orig: 363, 103\n  offset: 0, 0\n  index: -1\nzui\n  rotate: true\n  xy: 1131, 305\n  size: 33, 23\n  orig: 33, 23\n  offset: 0, 0\n  index: -1\n",["putpngdilei.png"],{"skeleton":{"hash":"2tbnI7lrTi0u5UXO3L1PA3PtaEQ","spine":"3.8.99","x":-962.62,"y":-381.59,"width":1930,"height":750},"bones":[{"name":"root"},{"name":"bone","parent":"root","x":-2.11,"y":-16.35,"scaleX":0.15,"scaleY":0.15},{"name":"renwu","parent":"bone","x":3.28,"y":118.29},{"name":"fx","parent":"bone","x":3.28,"y":-13.6},{"name":"1","parent":"fx","x":13.1,"y":74.56},{"name":"guang","parent":"fx","x":-6.55,"y":280.95},{"name":"mu1","parent":"fx","x":383.03,"y":556.77},{"name":"mu2","parent":"fx","x":357.61,"y":656.39},{"name":"mu3","parent":"fx","x":260.49,"y":647.56},{"name":"mu4","parent":"fx","x":163.36,"y":793.26},{"name":"mu5","parent":"fx","x":116.56,"y":655.51},{"name":"mu6","parent":"fx","x":-169.54,"y":795.91},{"name":"mu7","parent":"fx","x":-359.38,"y":687.3},{"name":"tu1","parent":"fx","x":-99.78,"y":713.79},{"name":"tu2","parent":"fx","x":-71.52,"y":659.04},{"name":"tu3","parent":"fx","x":-130.68,"y":665.22},{"name":"tu34","parent":"fx","x":-225.16,"y":722.62},{"name":"zi-1","parent":"fx","y":131.89},{"name":"zi","parent":"zi-1","x":6.18,"y":271.08},{"name":"shitou1","parent":"renwu","x":113.08,"y":-61.73},{"name":"shitou2","parent":"renwu","x":-216.34,"y":9.86},{"name":"shitou3","parent":"renwu","x":-197.2,"y":-22.04},{"name":"shitou4","parent":"renwu","x":-180.96,"y":42.34},{"name":"shenti5","parent":"renwu","x":7.06,"y":-37.09},{"name":"shitou6","parent":"renwu","x":212.28,"y":63.22},{"name":"shitou7","parent":"renwu","x":203.58,"y":20.88},{"name":"shitou8","parent":"renwu","x":169.36,"y":-4.06},{"name":"shitou10","parent":"renwu","x":-17.4,"y":-18.56},{"name":"shitou11","parent":"renwu","x":50.46,"y":-25.52},{"name":"shitou15","parent":"renwu","x":-73.08,"y":-13.34},{"name":"shitou14","parent":"renwu","x":-121.22,"y":-6.38},{"name":"shitou13","parent":"renwu","x":-156.6,"y":11.02},{"name":"shitou12","parent":"renwu","x":-182.7,"y":17.4},{"name":"shitou9","parent":"renwu","x":122.38,"y":-13.92},{"name":"shenti6","parent":"shenti5","length":51.85,"rotation":93.69,"x":-3.25,"y":5.53},{"name":"shenti6c","parent":"shenti6","length":51.85,"x":51.85},{"name":"shenti6b","parent":"shenti6c","length":51.85,"x":51.85},{"name":"shenti6b3","parent":"shenti6b","length":51.85,"x":51.85},{"name":"shenti6b2","parent":"shenti6b3","length":40.89,"rotation":2.27,"x":52.99,"y":-1.29},{"name":"shenti6b2b","parent":"shenti6b2","length":40.89,"x":40.89},{"name":"shenti6b2b2","parent":"shenti6b2b","length":86.32,"rotation":4.16,"x":42.16,"y":0.48},{"name":"shenti7","parent":"shenti6c","x":63.55,"y":-115.72},{"name":"shenti8","parent":"shenti6c","x":17.24,"y":-135.84},{"name":"shenti-2","parent":"renwu","x":-1.13,"y":1146.1},{"name":"shitou16","parent":"shenti-2","x":-36.54,"y":-395.54},{"name":"shitou17","parent":"shenti-2","x":-100.58,"y":-490.78},{"name":"shitou18","parent":"shenti-2","x":-199.54,"y":-531.67},{"name":"shitou19","parent":"shenti-2","x":-114.36,"y":-415.52},{"name":"shitou20","parent":"shenti-2","rotation":127.78,"x":198.28,"y":-444.06},{"name":"shitou21","parent":"shenti-2","x":4.76,"y":-440.89},{"name":"shitou22","parent":"shenti-2","x":136.97,"y":-484.69},{"name":"shitou23","parent":"shenti-2","rotation":40.9,"x":204.39,"y":-521.01},{"name":"shitou24","parent":"shenti-2","x":69.8,"y":-462.01},{"name":"shitou25","parent":"shenti-2","x":117.1,"y":-396.96},{"name":"shitou5","parent":"shenti-2","x":-174.7,"y":-460.23},{"name":"shitou26","parent":"shenti-2","x":-48.62,"y":-452.69},{"name":"shitou27","parent":"shenti-2","x":-153.3,"y":-520.72},{"name":"shitou28","parent":"shenti-2","x":77.7,"y":-417.44},{"name":"tu35","parent":"fx","x":93.12,"y":726.98},{"name":"tu4","parent":"fx","x":218.5,"y":718.15},{"name":"tu5","parent":"fx","x":187.6,"y":669.58},{"name":"tu6","parent":"fx","x":246.76,"y":663.4},{"name":"mu8","parent":"fx","x":231.42,"y":428.57},{"name":"mu9","parent":"fx","x":328.54,"y":437.4},{"name":"mu10","parent":"fx","x":134.29,"y":574.26},{"name":"mu11","parent":"fx","x":-198.61,"y":576.91}],"slots":[{"name":"Bg2","bone":"root"},{"name":"shitou1","bone":"shitou1","attachment":"shitou1"},{"name":"shitou28","bone":"shitou28","attachment":"shitou1"},{"name":"shitou2","bone":"shitou2","attachment":"shitou2"},{"name":"shitou27","bone":"shitou27","attachment":"shitou2"},{"name":"shitou3","bone":"shitou3","attachment":"shitou3"},{"name":"shitou26","bone":"shitou26","attachment":"shitou3"},{"name":"shitou4","bone":"shitou4","attachment":"shitou4"},{"name":"shitou5","bone":"shitou5","attachment":"shitou4"},{"name":"bone1","bone":"bone","attachment":"bone1"},{"name":"shenti5","bone":"shenti5","attachment":"shenti5"},{"name":"zui","bone":"shenti8","attachment":"zui"},{"name":"zhengyan","bone":"shenti7","attachment":"zhengyan"},{"name":"qiu-hong","bone":"shenti6b2b2","attachment":"qiu-hong"},{"name":"qiu","bone":"shenti6b2b2"},{"name":"shitou6","bone":"shitou6","attachment":"shitou6"},{"name":"shitou25","bone":"shitou25","attachment":"shitou6"},{"name":"shitou7","bone":"shitou7","attachment":"shitou7"},{"name":"shitou24","bone":"shitou24","attachment":"shitou7"},{"name":"shitou8","bone":"shitou8","attachment":"shitou8"},{"name":"shitou23","bone":"shitou23","attachment":"shitou8"},{"name":"shitou9","bone":"shitou9","attachment":"shitou9"},{"name":"shitou22","bone":"shitou22","attachment":"shitou9"},{"name":"shitou10","bone":"shitou10","attachment":"shitou10"},{"name":"shitou21","bone":"shitou21","attachment":"shitou10"},{"name":"shitou11","bone":"shitou11","attachment":"shitou11"},{"name":"shitou20","bone":"shitou20","attachment":"shitou11"},{"name":"shitou12","bone":"shitou12","attachment":"shitou12"},{"name":"shitou19","bone":"shitou19","attachment":"shitou12"},{"name":"shitou13","bone":"shitou13","attachment":"shitou13"},{"name":"shitou18","bone":"shitou18","attachment":"shitou13"},{"name":"shitou14","bone":"shitou14","attachment":"shitou14"},{"name":"shitou17","bone":"shitou17","attachment":"shitou14"},{"name":"shitou15","bone":"shitou15","attachment":"shitou15"},{"name":"shitou16","bone":"shitou16","attachment":"shitou15"},{"name":"mu1","bone":"mu1"},{"name":"mu2","bone":"mu2"},{"name":"mu9","bone":"mu9"},{"name":"mu3","bone":"mu3"},{"name":"mu8","bone":"mu8"},{"name":"mu4","bone":"mu4"},{"name":"mu10","bone":"mu10"},{"name":"mu5","bone":"mu5"},{"name":"mu6","bone":"mu6"},{"name":"mu11","bone":"mu11"},{"name":"mu7","bone":"mu7"},{"name":"tu1","bone":"tu1"},{"name":"tu4","bone":"tu4"},{"name":"tu2","bone":"tu2"},{"name":"tu6","bone":"tu6"},{"name":"tu3","bone":"tu3"},{"name":"tu5","bone":"tu5"},{"name":"tu34","bone":"tu34"},{"name":"tu35","bone":"tu35"},{"name":"1","bone":"1"},{"name":"zi","bone":"zi"},{"name":"guang","bone":"guang"}],"skins":[{"name":"default","attachments":{"1":{"1":{"x":-8.74,"y":178.37,"width":597,"height":461}},"bone1":{"bone1":{"type":"clipping","end":"qiu","vertexCount":11,"vertices":[-220.39,211.25,-179.88,142.88,-79.44,109.12,20.15,98.15,132.4,107.43,204.14,136.13,217.65,188.46,229.46,294.8,159.41,562.35,-153.71,553.91,-219.55,282.99]}},"guang":{"guang":{"x":33.91,"y":52.48,"width":1189,"height":806}},"mu1":{"mu1":{"x":-4.17,"y":-0.84,"width":70,"height":61}},"mu2":{"mu2":{"x":1.74,"y":1.04,"width":127,"height":104}},"mu3":{"mu3":{"x":1.87,"y":-1.13,"width":81,"height":106}},"mu4":{"mu4":{"x":-3.5,"y":3.17,"width":74,"height":122}},"mu5":{"mu5":{"x":15.8,"y":-6.08,"width":153,"height":142}},"mu6":{"mu6":{"x":1.9,"y":7.52,"width":73,"height":190}},"mu7":{"mu7":{"x":8.74,"y":-6.37,"width":153,"height":127}},"mu8":{"mu3":{"x":1.87,"y":-1.13,"width":81,"height":106}},"mu9":{"mu2":{"x":1.74,"y":1.04,"width":127,"height":104}},"mu10":{"mu4":{"x":-3.5,"y":3.17,"width":74,"height":122}},"mu11":{"mu6":{"x":1.9,"y":7.52,"width":73,"height":190}},"qiu":{"qiu":{"x":54.57,"y":2.15,"rotation":-100.12,"width":278,"height":278}},"qiu-hong":{"qiu-hong":{"x":54.04,"y":-0.81,"rotation":-100.12,"width":118,"height":118}},"shenti5":{"shenti5":{"type":"mesh","hull":29,"uvs":[0.40851,0,0.46829,0.02151,0.4537,0.0166,0.46218,0.08788,0.47291,0.17813,0.47776,0.23411,0.68604,0.27834,0.77403,0.33834,0.88925,0.47416,0.94212,0.57196,0.97463,0.70456,0.99806,0.80015,0.99805,0.82459,0.88734,0.91113,0.74386,0.9691,0.59104,0.9975,0.39824,0.99769,0.26997,0.98576,0.11096,0.94868,0.00216,0.8849,0.00245,0.74262,0.00273,0.60755,0.04311,0.51827,0.1776,0.3576,0.35795,0.25031,0.35273,0.17986,0.34769,0.10363,0.34313,0.03487,0.38999,0,0.2685,0.42242,0.38578,0.39966,0.52384,0.41892,0.55947,0.36815,0.37391,0.35764,0.48673,0.33838,0.4825,0.28916,0.36639,0.30711,0.3087,0.41462,0.21358,0.64827,0.49415,0.69204,0.77176,0.64652],"triangles":[1,2,0,26,27,28,0,25,26,0,26,28,0,3,25,3,0,2,4,24,25,4,25,3,23,24,36,33,37,36,32,35,5,36,24,5,35,36,5,32,34,35,34,33,35,33,36,35,24,4,5,30,33,34,40,32,7,36,29,23,37,33,30,37,29,36,29,22,23,39,30,31,37,30,39,38,29,37,31,34,32,30,34,31,31,32,40,5,6,32,7,32,6,40,7,8,40,8,9,14,39,40,38,22,29,39,38,37,21,22,38,20,21,38,17,38,39,39,31,40,40,9,10,13,40,10,18,20,38,11,13,10,14,40,13,39,16,17,14,15,39,15,16,39,12,13,11,19,20,18,18,38,17],"vertices":[1,39,80.63,-0.32,1,1,39,71.18,-22.65,1,1,39,73.37,-17.19,1,1,39,49.71,-18.02,1,2,38,60.63,-19.08,0.33333,39,19.74,-19.08,0.66667,3,37,95.83,-18.64,0.25,38,42.12,-19.04,0.5,39,1.23,-19.04,0.25,2,37,76.1,-98.35,0.75,38,19.25,-97.9,0.25,2,36,106.06,-131.15,0.33333,37,54.21,-131.15,0.66667,2,36,58.59,-172.88,0.66667,37,6.74,-172.88,0.33333,2,35,77.01,-191.28,0.25,36,25.16,-191.28,0.75,3,34,84.52,-201.06,0.33333,35,32.67,-201.06,0.33333,36,-19.19,-201.06,0.33333,1,34,52.55,-208.11,1,1,34,44.53,-207.59,1,1,34,18.88,-162.89,1,1,34,3.43,-106.11,1,1,34,-2.07,-46.33,1,1,34,2.68,28.32,1,1,34,9.8,77.73,1,1,34,25.95,138.52,1,1,34,49.61,179.29,1,3,34,96.31,176.17,0.33333,35,44.46,176.17,0.33333,36,-7.4,176.17,0.33333,2,35,88.8,173.2,0.33333,36,36.94,173.2,0.66667,2,36,65.24,155.67,0.75,37,13.39,155.67,0.25,3,36,114.64,100.2,0.25,37,62.78,100.2,0.5,38,13.81,101.02,0.25,3,37,93.5,28.09,0.25,38,41.65,27.75,0.5,39,0.76,27.75,0.25,2,38,64.91,27.35,0.33333,39,24.02,27.35,0.66667,1,39,49.17,26.7,1,1,39,71.85,26.1,1,1,39,81.37,6.83,1,1,37,39.23,66.37,1,2,35,147.48,20.48,0.00052,37,43.77,20.48,0.99948,2,35,137.71,-32.57,0.00052,37,34,-32.57,0.99948,2,37,49.78,-47.44,0.75,38,-5.04,-45.99,0.25,2,37,57.86,24.19,0.33333,38,5.88,25.26,0.66667,2,37,61.37,-19.91,0.33333,38,7.64,-18.94,0.66667,1,38,23.91,-18.98,1,1,38,22.72,26.43,1,3,35,144.5,50.64,0.00039,37,40.79,50.64,0.74961,38,-10.13,52.37,0.25,1,36,18.31,92.42,1,1,36,-3.07,-15.29,1,1,36,4.94,-123.74,1]}},"shitou1":{"shitou1":{"x":-1.22,"y":-0.23,"width":32,"height":21}},"shitou2":{"shitou2":{"x":0.2,"y":0.68,"width":40,"height":32}},"shitou3":{"shitou3":{"x":0.06,"y":-0.92,"width":32,"height":23}},"shitou4":{"shitou4":{"x":-1.68,"y":2.2,"width":61,"height":72}},"shitou5":{"shitou4":{"x":-1.68,"y":2.2,"width":61,"height":72}},"shitou6":{"shitou6":{"x":0.58,"y":0.82,"width":52,"height":75}},"shitou7":{"shitou7":{"x":0.78,"y":0.66,"width":63,"height":60}},"shitou8":{"shitou8":{"x":0.5,"y":0.1,"width":60,"height":55}},"shitou9":{"shitou9":{"x":-1.52,"y":0.96,"width":90,"height":61}},"shitou10":{"shitou10":{"x":1.26,"y":1.6,"width":66,"height":57}},"shitou11":{"shitou11":{"x":1.4,"y":2.56,"width":106,"height":71}},"shitou12":{"shitou12":{"x":-4.94,"y":2.14,"width":47,"height":64}},"shitou13":{"shitou13":{"x":0.96,"y":0.52,"width":65,"height":70}},"shitou14":{"shitou14":{"x":-0.42,"y":-2.08,"width":85,"height":68}},"shitou15":{"shitou15":{"x":-0.06,"y":-0.62,"width":76,"height":81}},"shitou16":{"shitou15":{"x":-0.06,"y":-0.62,"width":76,"height":81}},"shitou17":{"shitou14":{"x":-0.42,"y":-2.08,"width":85,"height":68}},"shitou18":{"shitou13":{"x":0.96,"y":0.52,"width":65,"height":70}},"shitou19":{"shitou12":{"x":-4.94,"y":2.14,"width":47,"height":64}},"shitou20":{"shitou11":{"x":1.4,"y":2.56,"width":106,"height":71}},"shitou21":{"shitou10":{"x":1.26,"y":1.6,"width":66,"height":57}},"shitou22":{"shitou9":{"x":-1.52,"y":0.96,"width":90,"height":61}},"shitou23":{"shitou8":{"x":0.5,"y":0.1,"width":60,"height":55}},"shitou24":{"shitou7":{"x":0.78,"y":0.66,"width":63,"height":60}},"shitou25":{"shitou6":{"x":0.58,"y":0.82,"width":52,"height":75}},"shitou26":{"shitou3":{"x":0.06,"y":-0.92,"width":32,"height":23}},"shitou27":{"shitou2":{"x":0.2,"y":0.68,"width":40,"height":32}},"shitou28":{"shitou1":{"x":-1.22,"y":-0.23,"width":32,"height":21}},"tu1":{"tu1":{"x":-1.36,"y":-1.86,"width":94,"height":79}},"tu2":{"tu2":{"x":0.38,"y":-2.11,"width":40,"height":27}},"tu3":{"tu3":{"x":1.04,"y":-2.29,"width":31,"height":33}},"tu4":{"tu1":{"x":-1.36,"y":-1.86,"width":94,"height":79}},"tu5":{"tu3":{"x":1.04,"y":-2.29,"width":31,"height":33}},"tu6":{"tu2":{"x":0.38,"y":-2.11,"width":40,"height":27}},"tu34":{"tu34":{"x":-7.98,"y":4.31,"width":126,"height":151}},"tu35":{"tu34":{"x":-7.98,"y":4.31,"width":126,"height":151}},"zhengyan":{"biyan":{"x":-1.73,"y":20.15,"rotation":-93.69,"width":156,"height":111},"zhengyan":{"type":"mesh","hull":25,"uvs":[0.81604,0,0.91289,0.08059,0.99353,0.30304,0.99414,0.47779,0.95849,0.55,0.8707,0.54968,0.71328,0.32554,0.69679,0.3344,0.46475,0.49441,0.42106,0.52691,0.42546,0.87896,0.30579,1,0.27391,1,0.16331,0.96874,0.0386,0.79425,0,0.59457,0,0.57076,0.01592,0.41982,0.08727,0.28709,0.25943,0.28852,0.4208,0.52244,0.45585,0.50016,0.7182,0.31911,0.71706,0.04197,0.76682,0],"triangles":[11,12,10,12,13,10,9,13,14,13,9,10,9,19,20,19,9,14,18,19,15,19,14,15,17,18,16,18,15,16,4,5,3,6,22,5,2,5,22,23,0,1,5,2,3,2,22,1,0,23,24,9,21,8,9,20,21,7,8,21,21,22,7,22,6,7,1,22,23],"vertices":[1,41,50.48,-32.62,1,1,41,40.58,-47.12,1,1,41,15.13,-58.09,1,1,41,-4.23,-56.93,1,1,41,-11.87,-50.87,1,1,41,-10.95,-37.2,1,1,41,15.46,-14.3,1,1,41,14.64,-11.67,1,1,41,-0.76,25.6,1,1,41,-3.92,32.63,1,1,41,-42.96,34.46,1,1,41,-55.16,53.96,1,1,41,-54.84,58.92,1,1,41,-50.27,75.92,1,1,41,-29.69,94.08,1,1,41,-7.18,98.67,1,1,41,-4.54,98.49,1,1,41,12.02,94.94,1,1,41,26,82.88,1,1,41,24.11,56.09,1,1,41,-3.42,32.64,1,1,41,-1.3,27.03,1,1,41,16.12,-15.11,1,1,41,46.83,-16.91,1,1,41,50.98,-24.96,1]}},"zi":{"zi":{"x":26.68,"y":-13.54,"width":726,"height":206}},"zui":{"zui":{"type":"mesh","hull":17,"uvs":[0.93602,0.02065,0.99291,0.08841,0.96997,0.65403,0.81839,0.87015,0.54698,1,0.49375,1,0.2942,0.70035,0.13653,0.76763,0.13687,0.96744,0.0149,0.81619,0.01495,0.53944,0.06152,0.54328,0.0608,0.67175,0.30678,0.56388,0.61297,0.37927,0.88829,0.11439,0.87524,0.02057],"triangles":[15,16,0,15,0,1,2,15,1,14,15,2,12,10,11,13,7,12,6,7,13,9,10,12,9,12,7,3,14,2,9,7,8,14,6,13,14,4,6,4,5,6,3,4,14],"vertices":[1,42,24.19,-20.31,1,1,42,20.84,-23.86,1,1,42,-5.03,-20.67,1,1,42,-14.31,-10.05,1,1,42,-19.11,8.21,1,1,42,-18.89,11.72,1,1,42,-4.29,23.97,1,1,42,-6.7,34.56,1,1,42,-15.88,35.13,1,1,42,-8.42,42.71,1,1,42,4.29,41.89,1,1,42,3.91,38.83,1,1,42,-1.98,39.26,1,1,42,1.93,22.74,1,1,42,9.1,2.03,1,1,42,20.09,-16.89,1,1,42,24.45,-16.31,1]}}}}],"animations":{"1":{"slots":{"qiu":{"attachment":[{"name":"qiu"}]},"qiu-hong":{"attachment":[{"name":null}]},"shitou1":{"attachment":[{"name":null}]},"shitou3":{"attachment":[{"name":null}]},"shitou5":{"attachment":[{"name":null}]},"shitou16":{"attachment":[{"name":null}]},"shitou17":{"attachment":[{"name":null}]},"shitou18":{"attachment":[{"name":null}]},"shitou19":{"attachment":[{"name":null}]},"shitou20":{"attachment":[{"name":null}]},"shitou21":{"attachment":[{"name":null}]},"shitou22":{"attachment":[{"name":null}]},"shitou23":{"attachment":[{"name":null}]},"shitou24":{"attachment":[{"name":null}]},"shitou25":{"attachment":[{"name":null}]},"shitou26":{"attachment":[{"name":null}]},"shitou27":{"attachment":[{"name":null}]},"shitou28":{"attachment":[{"name":null}]}}},"2zaizhong":{"slots":{"shitou1":{"color":[{"time":0.3,"color":"ffffffff","curve":0,"c2":0.19,"c3":0.662,"c4":0.85},{"time":0.4,"color":"ffffff00"}],"attachment":[{"name":null},{"time":0.0333,"name":"shitou1"}]},"shitou2":{"color":[{"time":0.2667,"color":"ffffffff","curve":0,"c2":0.19,"c3":0.662,"c4":0.85},{"time":0.3667,"color":"ffffff00"}],"attachment":[{"name":null},{"time":0.0333,"name":"shitou2"}]},"shitou3":{"color":[{"time":0.2667,"color":"ffffffff","curve":0,"c2":0.19,"c3":0.662,"c4":0.85},{"time":0.3667,"color":"ffffff00"}],"attachment":[{"name":null},{"time":0.0333,"name":"shitou3"}]},"shitou4":{"color":[{"time":0.2667,"color":"ffffffff","curve":0,"c2":0.19,"c3":0.662,"c4":0.85},{"time":0.3667,"color":"ffffff00"}],"attachment":[{"name":null},{"time":0.0333,"name":"shitou4"}]},"shitou5":{"attachment":[{"name":null}]},"shitou7":{"color":[{"time":0.2667,"color":"ffffffff","curve":0,"c2":0.19,"c3":0.662,"c4":0.85},{"time":0.3667,"color":"ffffff00"}],"attachment":[{"name":null},{"time":0.0333,"name":"shitou7"}]},"shitou12":{"color":[{"time":0.2333,"color":"ffffffff","curve":0,"c2":0.19,"c3":0.662,"c4":0.85},{"time":0.3333,"color":"ffffff00"}],"attachment":[{"name":null},{"time":0.0333,"name":"shitou12"}]},"shitou16":{"attachment":[{"name":null}]},"shitou17":{"attachment":[{"name":null}]},"shitou18":{"attachment":[{"name":null}]},"shitou19":{"attachment":[{"name":null}]},"shitou20":{"attachment":[{"name":null}]},"shitou21":{"attachment":[{"name":null}]},"shitou22":{"attachment":[{"name":null}]},"shitou23":{"attachment":[{"name":null}]},"shitou24":{"attachment":[{"name":null}]},"shitou25":{"attachment":[{"name":null}]},"shitou26":{"attachment":[{"name":null}]},"shitou27":{"attachment":[{"name":null}]},"shitou28":{"attachment":[{"name":null}]}},"bones":{"shitou1":{"rotate":[{"angle":-29.65,"curve":"stepped"},{"time":0.2,"angle":-29.65,"curve":0.27,"c2":0.11,"c3":0.823,"c4":0.66},{"time":0.3667,"angle":-22.62}],"translate":[{"x":-123.58,"y":75.88,"curve":0.183,"c2":0.32,"c3":0.75},{"time":0.2,"x":-218.38,"y":176.94,"curve":0.27,"c2":0.11,"c3":0.823,"c4":0.66},{"time":0.3667,"x":-232.42,"y":154.77}]},"shitou2":{"rotate":[{"time":0.1667,"curve":0.27,"c2":0.11,"c3":0.823,"c4":0.66},{"time":0.3333,"angle":-39.25}],"translate":[{"x":227.54,"y":2.71,"curve":0.183,"c2":0.32,"c3":0.75},{"time":0.1667,"x":311.66,"y":151.67,"curve":0.27,"c2":0.11,"c3":0.823,"c4":0.66},{"time":0.3333,"x":311.66,"y":113.24}]},"shitou3":{"rotate":[{"time":0.1667,"curve":0.27,"c2":0.11,"c3":0.823,"c4":0.66},{"time":0.3333,"angle":17.4}],"translate":[{"x":175.44,"y":49.95,"curve":0.183,"c2":0.32,"c3":0.75},{"time":0.1667,"x":116.63,"y":230.01,"curve":0.27,"c2":0.11,"c3":0.823,"c4":0.66},{"time":0.3333,"x":100.38,"y":192.32}],"scale":[{"x":1.899,"y":1.899}]},"shitou4":{"rotate":[{"angle":-47.23,"curve":"stepped"},{"time":0.2,"angle":-47.23,"curve":0.27,"c2":0.11,"c3":0.823,"c4":0.66},{"time":0.3333,"angle":-76.88}],"translate":[{"x":163.97,"y":-41.65,"curve":0.183,"c2":0.32,"c3":0.75},{"time":0.2,"x":339.35,"y":149.84,"curve":0.27,"c2":0.11,"c3":0.823,"c4":0.66},{"time":0.3333,"x":382.21,"y":91.46}]},"shitou6":{"rotate":[{"angle":-2.46}],"translate":[{"x":-182.05,"y":-64.89}],"scale":[{"x":0.945,"y":0.945}]},"shitou7":{"rotate":[{"time":0.1667,"curve":0.27,"c2":0.11,"c3":0.823,"c4":0.66},{"time":0.3333,"angle":-11.41}],"translate":[{"x":-193.19,"y":-30.09,"curve":0.183,"c2":0.32,"c3":0.75},{"time":0.1667,"x":-75.16,"y":84.94,"curve":0.27,"c2":0.11,"c3":0.823,"c4":0.66},{"time":0.3333,"x":-61.86,"y":26.56}]},"shitou8":{"translate":[{"x":-118.21,"y":3.42}],"scale":[{"x":0.747,"y":0.747}]},"shitou10":{"rotate":[{"angle":-1.2}],"translate":[{"x":7.7,"y":-1.3}],"scale":[{"x":0.747,"y":0.747}]},"shitou11":{"rotate":[{"angle":-1.79}],"translate":[{"x":-37.01,"y":4.21}],"scale":[{"x":0.747,"y":0.747}]},"shitou15":{"translate":[{"x":38.07,"y":-2.77}],"scale":[{"x":0.747,"y":0.747}]},"shitou14":{"translate":[{"x":82.08,"y":13.19}],"scale":[{"x":0.747,"y":0.747}]},"shitou13":{"rotate":[{"angle":116.14}],"translate":[{"x":89.11,"y":-30.11}],"scale":[{"x":0.927,"y":0.927}]},"shitou12":{"rotate":[{"angle":-45.94,"curve":"stepped"},{"time":0.1667,"angle":-45.94,"curve":0.27,"c2":0.11,"c3":0.823,"c4":0.66},{"time":0.3,"angle":-24.39}],"translate":[{"x":140.58,"y":-25.68,"curve":0.183,"c2":0.32,"c3":0.75},{"time":0.1667,"x":28.15,"y":150.23,"curve":0.27,"c2":0.11,"c3":0.823,"c4":0.66},{"time":0.3,"x":2.28,"y":88.89}]},"shitou9":{"translate":[{"x":-68.9,"y":-2.44}],"scale":[{"x":0.747,"y":0.747}]},"shenti6":{"translate":[{"x":11.92,"y":-214.48}]},"shenti6c":{"translate":[{"x":51.81,"y":-1.98}],"scale":[{"x":0.737,"y":0.737}]},"shenti6b2b2":{"rotate":[{"angle":-1.05}],"translate":[{"x":-2.1,"y":0.2}]}},"deform":{"default":{"bone1":{"bone1":[{"offset":8,"vertices":[-21.64396,22.41698]}]}}},"drawOrder":[{"offsets":[{"slot":"shitou6","offset":-14},{"slot":"shitou14","offset":-29}]}]},"3daiji1":{"slots":{"shitou1":{"attachment":[{"name":null}]},"shitou2":{"attachment":[{"name":null}]},"shitou3":{"attachment":[{"name":null}]},"shitou4":{"attachment":[{"name":null}]},"shitou5":{"attachment":[{"name":null}]},"shitou7":{"attachment":[{"name":null}]},"shitou12":{"attachment":[{"name":null}]},"shitou16":{"attachment":[{"name":null}]},"shitou17":{"attachment":[{"name":null}]},"shitou18":{"attachment":[{"name":null}]},"shitou19":{"attachment":[{"name":null}]},"shitou20":{"attachment":[{"name":null}]},"shitou21":{"attachment":[{"name":null}]},"shitou22":{"attachment":[{"name":null}]},"shitou23":{"attachment":[{"name":null}]},"shitou24":{"attachment":[{"name":null}]},"shitou25":{"attachment":[{"name":null}]},"shitou26":{"attachment":[{"name":null}]},"shitou27":{"attachment":[{"name":null}]},"shitou28":{"attachment":[{"name":null}]}},"bones":{"shitou1":{"rotate":[{"angle":-29.65}],"translate":[{"x":-123.58,"y":75.88}]},"shitou2":{"translate":[{"x":227.54,"y":2.71}]},"shitou3":{"translate":[{"x":175.44,"y":49.95}],"scale":[{"x":1.899,"y":1.899}]},"shitou4":{"rotate":[{"angle":-47.23}],"translate":[{"x":163.97,"y":-41.65}]},"shitou6":{"rotate":[{"angle":-2.46}],"translate":[{"x":-182.05,"y":-64.89}],"scale":[{"x":0.945,"y":0.945}]},"shitou7":{"translate":[{"x":-193.19,"y":-30.09}]},"shitou8":{"translate":[{"x":-118.21,"y":3.42}],"scale":[{"x":0.747,"y":0.747}]},"shitou10":{"rotate":[{"angle":-1.2}],"translate":[{"x":7.7,"y":-1.3}],"scale":[{"x":0.747,"y":0.747}]},"shitou11":{"rotate":[{"angle":-1.79}],"translate":[{"x":-37.01,"y":4.21}],"scale":[{"x":0.747,"y":0.747}]},"shitou15":{"translate":[{"x":38.07,"y":-2.77}],"scale":[{"x":0.747,"y":0.747}]},"shitou14":{"translate":[{"x":82.08,"y":13.19}],"scale":[{"x":0.747,"y":0.747}]},"shitou13":{"rotate":[{"angle":116.14}],"translate":[{"x":89.11,"y":-30.11}],"scale":[{"x":0.927,"y":0.927}]},"shitou12":{"rotate":[{"angle":-45.94}],"translate":[{"x":140.58,"y":-25.68}]},"shitou9":{"translate":[{"x":-68.9,"y":-2.44}],"scale":[{"x":0.747,"y":0.747}]},"shenti6":{"translate":[{"x":11.92,"y":-214.48}]},"shenti6c":{"translate":[{"x":51.81,"y":-1.98}],"scale":[{"x":0.737,"y":0.737}]},"shenti6b2b2":{"rotate":[{"angle":-1.05}],"translate":[{"x":-2.1,"y":0.2}]}},"deform":{"default":{"bone1":{"bone1":[{"offset":8,"vertices":[-21.64396,22.41698]}]}}},"drawOrder":[{"offsets":[{"slot":"shitou6","offset":-14},{"slot":"shitou14","offset":-29}]}]},"4maochu":{"slots":{"qiu":{"color":[{"color":"ffffff00","curve":"stepped"},{"time":0.7667,"color":"ffffff00","curve":0,"c2":0.19,"c3":0.662,"c4":0.85},{"time":0.8333,"color":"ffffffff","curve":"stepped"},{"time":0.9667,"color":"ffffffff","curve":0,"c2":0.19,"c3":0.662,"c4":0.85},{"time":1.0333,"color":"ffffff00"}],"attachment":[{"name":"qiu"}]},"shitou1":{"attachment":[{"name":null}]},"shitou2":{"attachment":[{"name":null},{"time":0.8333,"name":"shitou2"}]},"shitou3":{"attachment":[{"name":null}]},"shitou4":{"attachment":[{"name":null},{"time":0.7667,"name":"shitou4"}]},"shitou5":{"color":[{"color":"ffffff00","curve":"stepped"},{"time":0.2,"color":"ffffff00","curve":0,"c2":0.19,"c3":0.662,"c4":0.85},{"time":0.2667,"color":"ffffffff","curve":"stepped"},{"time":0.4667,"color":"ffffffff","curve":0,"c2":0.19,"c3":0.662,"c4":0.85},{"time":0.5,"color":"ffffff00","curve":"stepped"},{"time":0.7333,"color":"ffffff00","curve":0,"c2":0.19,"c3":0.662,"c4":0.85},{"time":0.8333,"color":"ffffffff","curve":"stepped"},{"time":1.1,"color":"ffffffff","curve":0,"c2":0.19,"c3":0.662,"c4":0.85},{"time":1.2,"color":"ffffff00"}]},"shitou7":{"attachment":[{"name":null},{"time":0.7,"name":"shitou7"}]},"shitou12":{"attachment":[{"name":null},{"time":0.6667,"name":"shitou12"}]},"shitou16":{"color":[{"color":"ffffff00","curve":"stepped"},{"time":0.1,"color":"ffffff00","curve":0,"c2":0.19,"c3":0.662,"c4":0.85},{"time":0.1667,"color":"ffffffff","curve":"stepped"},{"time":0.3667,"color":"ffffffff","curve":0,"c2":0.19,"c3":0.662,"c4":0.85},{"time":0.4667,"color":"ffffff00","curve":0,"c2":0.19,"c3":0.662,"c4":0.85},{"time":0.5333,"color":"ffffffff","curve":"stepped"},{"time":0.7333,"color":"ffffffff","curve":0,"c2":0.19,"c3":0.662,"c4":0.85},{"time":0.8333,"color":"ffffff00"}]},"shitou17":{"color":[{"color":"ffffff00","curve":"stepped"},{"time":0.7333,"color":"ffffff00","curve":0,"c2":0.19,"c3":0.662,"c4":0.85},{"time":0.8333,"color":"ffffffff","curve":"stepped"},{"time":1.1333,"color":"ffffffff","curve":0,"c2":0.19,"c3":0.662,"c4":0.85},{"time":1.2333,"color":"ffffff00"}]},"shitou18":{"color":[{"color":"ffffff00","curve":"stepped"},{"time":0.6333,"color":"ffffff00","curve":0,"c2":0.19,"c3":0.662,"c4":0.85},{"time":0.7333,"color":"ffffffff","curve":"stepped"},{"time":1.0333,"color":"ffffffff","curve":0,"c2":0.19,"c3":0.662,"c4":0.85},{"time":1.1333,"color":"ffffff00"}]},"shitou19":{"color":[{"color":"ffffff00","curve":"stepped"},{"time":0.7333,"color":"ffffff00","curve":0,"c2":0.19,"c3":0.662,"c4":0.85},{"time":0.8333,"color":"ffffffff","curve":"stepped"},{"time":1.1333,"color":"ffffffff","curve":0,"c2":0.19,"c3":0.662,"c4":0.85},{"time":1.2333,"color":"ffffff00"}]},"shitou20":{"color":[{"color":"ffffff00","curve":"stepped"},{"time":0.7,"color":"ffffff00","curve":0,"c2":0.19,"c3":0.662,"c4":0.85},{"time":0.8,"color":"ffffffff","curve":"stepped"},{"time":1.1,"color":"ffffffff","curve":0,"c2":0.19,"c3":0.662,"c4":0.85},{"time":1.2,"color":"ffffff00"}]},"shitou21":{"color":[{"color":"ffffff00","curve":"stepped"},{"time":0.6333,"color":"ffffff00","curve":0,"c2":0.19,"c3":0.662,"c4":0.85},{"time":0.7333,"color":"ffffffff","curve":"stepped"},{"time":1.0333,"color":"ffffffff","curve":0,"c2":0.19,"c3":0.662,"c4":0.85},{"time":1.1333,"color":"ffffff00"}]},"shitou22":{"color":[{"color":"ffffff00","curve":"stepped"},{"time":0.6333,"color":"ffffff00","curve":0,"c2":0.19,"c3":0.662,"c4":0.85},{"time":0.7333,"color":"ffffffff","curve":"stepped"},{"time":1.0333,"color":"ffffffff","curve":0,"c2":0.19,"c3":0.662,"c4":0.85},{"time":1.1333,"color":"ffffff00"}]},"shitou23":{"color":[{"color":"ffffff00","curve":0,"c2":0.19,"c3":0.662,"c4":0.85},{"time":0.0667,"color":"ffffffff","curve":"stepped"},{"time":0.2333,"color":"ffffffff","curve":0,"c2":0.19,"c3":0.662,"c4":0.85},{"time":0.3333,"color":"ffffff00","curve":0,"c2":0.19,"c3":0.662,"c4":0.85},{"time":0.4,"color":"ffffffff","curve":"stepped"},{"time":0.5667,"color":"ffffffff","curve":0,"c2":0.19,"c3":0.662,"c4":0.85},{"time":0.6667,"color":"ffffff00"}]},"shitou24":{"color":[{"color":"ffffff00","curve":"stepped"},{"time":0.6333,"color":"ffffff00","curve":0,"c2":0.19,"c3":0.662,"c4":0.85},{"time":0.7333,"color":"ffffffff","curve":"stepped"},{"time":1.0333,"color":"ffffffff","curve":0,"c2":0.19,"c3":0.662,"c4":0.85},{"time":1.1333,"color":"ffffff00"}]},"shitou25":{"color":[{"color":"ffffff00","curve":"stepped"},{"time":0.6667,"color":"ffffff00","curve":0,"c2":0.19,"c3":0.662,"c4":0.85},{"time":0.7667,"color":"ffffffff","curve":"stepped"},{"time":1.0667,"color":"ffffffff","curve":0,"c2":0.19,"c3":0.662,"c4":0.85},{"time":1.1667,"color":"ffffff00"}]},"shitou26":{"color":[{"color":"ffffff00","curve":"stepped"},{"time":0.0333,"color":"ffffff00","curve":0,"c2":0.19,"c3":0.662,"c4":0.85},{"time":0.1,"color":"ffffffff","curve":"stepped"},{"time":0.3,"color":"ffffffff","curve":0,"c2":0.19,"c3":0.662,"c4":0.85},{"time":0.4,"color":"ffffff00","curve":0,"c2":0.19,"c3":0.662,"c4":0.85},{"time":0.4667,"color":"ffffffff","curve":"stepped"},{"time":0.6667,"color":"ffffffff","curve":0,"c2":0.19,"c3":0.662,"c4":0.85},{"time":0.7667,"color":"ffffff00"}]},"shitou27":{"color":[{"color":"ffffff00","curve":"stepped"},{"time":0.7,"color":"ffffff00","curve":0,"c2":0.19,"c3":0.662,"c4":0.85},{"time":0.8,"color":"ffffffff","curve":"stepped"},{"time":1.1333,"color":"ffffffff","curve":0,"c2":0.19,"c3":0.662,"c4":0.85},{"time":1.2333,"color":"ffffff00"}]},"shitou28":{"color":[{"color":"ffffff00","curve":"stepped"},{"time":0.7,"color":"ffffff00","curve":0,"c2":0.19,"c3":0.662,"c4":0.85},{"time":0.8,"color":"ffffffff","curve":"stepped"},{"time":1.1667,"color":"ffffffff","curve":0,"c2":0.19,"c3":0.662,"c4":0.85},{"time":1.2667,"color":"ffffff00"}]}},"bones":{"shitou1":{"rotate":[{"angle":-29.65,"curve":"stepped"},{"time":0.5667,"angle":-29.65,"curve":0.25,"c3":0.75},{"time":0.9}],"translate":[{"x":-123.58,"y":75.88,"curve":"stepped"},{"time":0.5667,"x":-123.58,"y":75.88,"curve":0.25,"c3":0.75},{"time":0.9,"x":-93.5,"y":-53.33}]},"shitou2":{"translate":[{"x":251.72,"y":52,"curve":"stepped"},{"time":0.5667,"x":251.72,"y":52,"curve":0.243,"c3":0.68,"c4":0.71},{"time":0.8333,"x":35.62,"y":6.76,"curve":0.375,"c2":0.62,"c3":0.716},{"time":0.9,"x":3.02,"y":2.27,"curve":0,"c2":0.19,"c3":0.662,"c4":0.85},{"time":1.1}]},"shitou3":{"translate":[{"x":141.03,"y":53.67,"curve":"stepped"},{"time":0.5667,"x":141.03,"y":53.67,"curve":0.25,"c3":0.75},{"time":0.9,"x":-93.5,"y":-53.33}],"scale":[{"x":1.899,"y":1.899,"curve":"stepped"},{"time":0.5667,"x":1.899,"y":1.899,"curve":0.25,"c3":0.75},{"time":0.9}]},"shitou4":{"rotate":[{"angle":-47.23,"curve":"stepped"},{"time":0.5667,"angle":-47.23,"curve":0.25,"c3":0.75},{"time":0.9}],"translate":[{"x":115.61,"y":27.17,"curve":"stepped"},{"time":0.5667,"x":115.61,"y":27.17,"curve":0.256,"c3":0.619,"c4":0.46},{"time":0.7667,"x":49.88,"y":-11.79,"curve":0.335,"c2":0.34,"c3":0.68,"c4":0.71},{"time":0.9,"x":-4.53,"y":-3.78,"curve":0,"c2":0.19,"c3":0.662,"c4":0.85},{"time":1.1}]},"shitou6":{"rotate":[{"angle":-2.46,"curve":0.271,"c2":0.38,"c3":0.724,"c4":0.86},{"time":0.1333,"curve":0,"c2":0.19,"c3":0.662,"c4":0.85},{"time":0.3333,"angle":-4.7,"curve":0,"c2":0.21,"c3":0.399,"c4":0.58},{"time":0.4,"angle":-2.46,"curve":0.271,"c2":0.38,"c3":0.724,"c4":0.86},{"time":0.5333,"curve":0,"c2":0.25,"c3":0.363,"c4":0.59},{"time":0.5667,"angle":-1.37,"curve":0.269,"c3":0.618,"c4":0.42},{"time":0.6667,"angle":-30.66,"curve":0.345,"c2":0.37,"c3":0.757},{"time":0.9}],"translate":[{"x":-182.05,"y":-64.89,"curve":0.271,"c2":0.38,"c3":0.724,"c4":0.86},{"time":0.1333,"x":-180.73,"y":-63.13,"curve":0,"c2":0.19,"c3":0.662,"c4":0.85},{"time":0.3333,"x":-183.24,"y":-66.48,"curve":0,"c2":0.21,"c3":0.399,"c4":0.58},{"time":0.4,"x":-182.05,"y":-64.89,"curve":0.271,"c2":0.38,"c3":0.724,"c4":0.86},{"time":0.5333,"x":-180.73,"y":-63.13,"curve":0,"c2":0.25,"c3":0.363,"c4":0.59},{"time":0.5667,"x":-181.46,"y":-64.11,"curve":0.284,"c3":0.625,"c4":0.38},{"time":0.6333,"x":-140.03,"y":-64.39,"curve":0.32,"c2":0.29,"c3":0.655,"c4":0.63},{"time":0.6667,"x":-98.23,"y":-63.18,"curve":0.345,"c2":0.38,"c3":0.757},{"time":0.9,"x":-0.75,"y":-2.26,"curve":0,"c2":0.19,"c3":0.662,"c4":0.85},{"time":1.1}],"scale":[{"x":0.945,"y":0.945,"curve":"stepped"},{"time":0.5667,"x":0.945,"y":0.945,"curve":0.25,"c3":0.75},{"time":0.9}]},"shitou7":{"rotate":[{"time":0.5667,"curve":0.321,"c3":0.655,"c4":0.34},{"time":0.7,"angle":18.95,"curve":0.318,"c2":0.2,"c3":0.652,"c4":0.54},{"time":0.9}],"translate":[{"x":-189.47,"y":0.6,"curve":"stepped"},{"time":0.5667,"x":-189.47,"y":0.6,"curve":0.258,"c3":0.619,"c4":0.45},{"time":0.7,"x":-81.25,"y":-21.47,"curve":0.363,"c2":0.44,"c3":0.755},{"time":0.9,"x":-0.76,"y":5.29,"curve":0,"c2":0.19,"c3":0.662,"c4":0.85},{"time":1.1}]},"shitou8":{"rotate":[{"curve":0,"c2":0.19,"c3":0.662,"c4":0.85},{"time":0.2,"angle":-5.04,"curve":0,"c2":0.19,"c3":0.662,"c4":0.85},{"time":0.4,"curve":0,"c2":0.18,"c3":0.569,"c4":0.73},{"time":0.5667,"angle":-4.55,"curve":0.25,"c3":0.75},{"time":0.9}],"translate":[{"x":-118.21,"y":3.42,"curve":0,"c2":0.19,"c3":0.662,"c4":0.85},{"time":0.2,"x":-120.27,"y":6.54,"curve":0,"c2":0.19,"c3":0.662,"c4":0.85},{"time":0.4,"x":-118.21,"y":3.42,"curve":0,"c2":0.18,"c3":0.569,"c4":0.73},{"time":0.5667,"x":-120.07,"y":6.24,"curve":0.284,"c3":0.625,"c4":0.38},{"time":0.6333,"x":-88.93,"y":-2.05,"curve":0.32,"c2":0.29,"c3":0.757},{"time":0.9,"y":-2.27,"curve":0,"c2":0.19,"c3":0.662,"c4":0.85},{"time":1.1}],"scale":[{"x":0.747,"y":0.747,"curve":"stepped"},{"time":0.5667,"x":0.747,"y":0.747,"curve":0.25,"c3":0.75},{"time":0.9}]},"shitou10":{"rotate":[{"angle":-1.2,"curve":0.332,"c2":0.43,"c3":0.731,"c4":0.85},{"time":0.1,"curve":0,"c2":0.19,"c3":0.662,"c4":0.85},{"time":0.3,"angle":-3.34,"curve":0,"c2":0.19,"c3":0.443,"c4":0.6},{"time":0.4,"angle":-1.2,"curve":0.332,"c2":0.43,"c3":0.731,"c4":0.85},{"time":0.5,"curve":0,"c2":0.21,"c3":0.399,"c4":0.58},{"time":0.5667,"angle":-1.59,"curve":0.25,"c3":0.75},{"time":0.9}],"translate":[{"x":7.7,"y":-1.3,"curve":0.332,"c2":0.43,"c3":0.731,"c4":0.85},{"time":0.1,"x":6.28,"y":-3.2,"curve":0,"c2":0.19,"c3":0.662,"c4":0.85},{"time":0.3,"x":10.21,"y":2.05,"curve":0,"c2":0.19,"c3":0.443,"c4":0.6},{"time":0.4,"x":7.7,"y":-1.3,"curve":0.332,"c2":0.43,"c3":0.731,"c4":0.85},{"time":0.5,"x":6.28,"y":-3.2,"curve":0,"c2":0.21,"c3":0.399,"c4":0.58},{"time":0.5667,"x":8.15,"y":-0.7,"curve":0.25,"c3":0.75},{"time":0.9,"x":0.76,"y":3.02,"curve":0,"c2":0.19,"c3":0.662,"c4":0.85},{"time":1.1}],"scale":[{"x":0.747,"y":0.747,"curve":"stepped"},{"time":0.5667,"x":0.747,"y":0.747,"curve":0.25,"c3":0.75},{"time":0.9}]},"shitou11":{"rotate":[{"angle":-1.79,"curve":0.17,"c2":0.31,"c3":0.704,"c4":0.86},{"time":0.1667,"curve":0,"c2":0.19,"c3":0.662,"c4":0.85},{"time":0.3667,"angle":-2.53,"curve":0,"c2":0.25,"c3":0.363,"c4":0.59},{"time":0.4,"angle":-1.79,"curve":0.17,"c2":0.31,"c3":0.704,"c4":0.86},{"time":0.5667}],"translate":[{"x":-37.01,"y":4.21,"curve":0.17,"c2":0.31,"c3":0.704,"c4":0.86},{"time":0.1667,"x":-34.52,"y":6.32,"curve":0,"c2":0.19,"c3":0.662,"c4":0.85},{"time":0.3667,"x":-38.03,"y":3.35,"curve":0,"c2":0.25,"c3":0.363,"c4":0.59},{"time":0.4,"x":-37.01,"y":4.21,"curve":0.17,"c2":0.31,"c3":0.704,"c4":0.86},{"time":0.5667,"x":-34.52,"y":6.32,"curve":0.25,"c3":0.75},{"time":0.9,"x":-2.26,"y":-4.53,"curve":0,"c2":0.19,"c3":0.662,"c4":0.85},{"time":1.1}],"scale":[{"x":0.747,"y":0.747,"curve":"stepped"},{"time":0.5667,"x":0.747,"y":0.747,"curve":0.25,"c3":0.75},{"time":0.9}]},"shitou15":{"translate":[{"x":38.07,"y":-2.77,"curve":0.362,"c2":0.45,"c3":0.725,"c4":0.83},{"time":0.0667,"x":37.56,"y":-3.2,"curve":0,"c2":0.19,"c3":0.662,"c4":0.85},{"time":0.2667,"x":39.9,"y":-1.25,"curve":0,"c2":0.18,"c3":0.498,"c4":0.65},{"time":0.4,"x":38.07,"y":-2.77,"curve":0.362,"c2":0.45,"c3":0.725,"c4":0.83},{"time":0.4667,"x":37.56,"y":-3.2,"curve":0,"c2":0.19,"c3":0.443,"c4":0.6},{"time":0.5667,"x":39.05,"y":-1.95,"curve":0.25,"c3":0.75},{"time":0.9,"x":3.02,"y":0.76,"curve":0,"c2":0.19,"c3":0.662,"c4":0.85},{"time":1.1}],"scale":[{"x":0.747,"y":0.747,"curve":"stepped"},{"time":0.5667,"x":0.747,"y":0.747,"curve":0.25,"c3":0.75},{"time":0.9}]},"shitou14":{"translate":[{"x":82.08,"y":13.19,"curve":0.365,"c2":0.44,"c3":0.706,"c4":0.78},{"time":0.0333,"x":82.53,"y":13.56,"curve":0,"c2":0.19,"c3":0.662,"c4":0.85},{"time":0.2333,"x":77.85,"y":9.66,"curve":0,"c2":0.18,"c3":0.569,"c4":0.73},{"time":0.4,"x":82.08,"y":13.19,"curve":0.365,"c2":0.44,"c3":0.706,"c4":0.78},{"time":0.4333,"x":82.53,"y":13.56,"curve":0,"c2":0.18,"c3":0.498,"c4":0.65},{"time":0.5667,"x":78.88,"y":10.52,"curve":0.25,"c3":0.75},{"time":0.9,"x":0.75,"y":2.26,"curve":0,"c2":0.19,"c3":0.662,"c4":0.85},{"time":1.1}],"scale":[{"x":0.747,"y":0.747,"curve":"stepped"},{"time":0.5667,"x":0.747,"y":0.747,"curve":0.25,"c3":0.75},{"time":0.9}]},"shitou13":{"rotate":[{"angle":116.14,"curve":0.271,"c2":0.38,"c3":0.724,"c4":0.86},{"time":0.1333,"angle":117.4,"curve":0,"c2":0.19,"c3":0.662,"c4":0.85},{"time":0.3333,"angle":114.99,"curve":0,"c2":0.21,"c3":0.399,"c4":0.58},{"time":0.4,"angle":116.14,"curve":0.271,"c2":0.38,"c3":0.724,"c4":0.86},{"time":0.5333,"angle":117.4,"curve":0,"c2":0.25,"c3":0.363,"c4":0.59},{"time":0.5667,"angle":116.7,"curve":0.25,"c3":0.75},{"time":0.9}],"translate":[{"x":89.11,"y":-30.11,"curve":0.271,"c2":0.38,"c3":0.724,"c4":0.86},{"time":0.1333,"x":87.59,"y":-31.62,"curve":0,"c2":0.19,"c3":0.662,"c4":0.85},{"time":0.3333,"x":90.49,"y":-28.75,"curve":0,"c2":0.21,"c3":0.399,"c4":0.58},{"time":0.4,"x":89.11,"y":-30.11,"curve":0.271,"c2":0.38,"c3":0.724,"c4":0.86},{"time":0.5333,"x":87.59,"y":-31.62,"curve":0,"c2":0.25,"c3":0.363,"c4":0.59},{"time":0.5667,"x":88.43,"y":-30.78,"curve":0.25,"c3":0.75},{"time":0.9}],"scale":[{"x":0.927,"y":0.927,"curve":"stepped"},{"time":0.5667,"x":0.927,"y":0.927,"curve":0.25,"c3":0.75},{"time":0.9}]},"shitou12":{"rotate":[{"angle":-45.94,"curve":"stepped"},{"time":0.5667,"angle":-45.94,"curve":0.25,"c3":0.75},{"time":0.9}],"translate":[{"x":164.76,"y":22.68,"curve":"stepped"},{"time":0.5667,"x":164.76,"y":22.68,"curve":0.305,"c3":0.64,"c4":0.36},{"time":0.6,"x":137.62,"y":-27.16,"curve":0.299,"c2":0.19,"c3":0.64,"c4":0.55},{"time":0.6667,"x":95.85,"y":-24.52,"curve":0.345,"c2":0.38,"c3":0.757},{"time":0.9,"y":4.53,"curve":0,"c2":0.19,"c3":0.662,"c4":0.85},{"time":1.1}]},"shitou9":{"translate":[{"x":-68.9,"y":-2.44,"curve":0.365,"c2":0.44,"c3":0.706,"c4":0.78},{"time":0.0333,"x":-69.2,"y":-2.52,"curve":0,"c2":0.19,"c3":0.662,"c4":0.85},{"time":0.2333,"x":-66.08,"y":-1.74,"curve":0,"c2":0.18,"c3":0.569,"c4":0.73},{"time":0.4,"x":-68.9,"y":-2.44,"curve":0.365,"c2":0.44,"c3":0.706,"c4":0.78},{"time":0.4333,"x":-69.2,"y":-2.52,"curve":0,"c2":0.18,"c3":0.498,"c4":0.65},{"time":0.5667,"x":-66.77,"y":-1.91,"curve":0.25,"c3":0.75},{"time":0.9,"x":-3.02,"y":2.26,"curve":0,"c2":0.19,"c3":0.662,"c4":0.85},{"time":1.1}],"scale":[{"x":0.747,"y":0.747,"curve":"stepped"},{"time":0.5667,"x":0.747,"y":0.747,"curve":0.25,"c3":0.75},{"time":0.9}]},"shenti6":{"translate":[{"x":11.92,"y":-214.48,"curve":"stepped"},{"time":0.5667,"x":11.92,"y":-214.48,"curve":0.25,"c3":0.75},{"time":0.9}],"scale":[{"time":0.5667,"curve":0.25,"c3":0.75},{"time":0.9,"x":1.021,"y":1.012,"curve":0,"c2":0.19,"c3":0.662,"c4":0.85},{"time":1.1}]},"shenti6c":{"translate":[{"x":51.81,"y":-1.98,"curve":"stepped"},{"time":0.5667,"x":51.81,"y":-1.98,"curve":0.25,"c3":0.75},{"time":0.9,"x":9.45,"curve":0,"c2":0.19,"c3":0.662,"c4":0.85},{"time":1.1}],"scale":[{"x":0.737,"y":0.737,"curve":"stepped"},{"time":0.5667,"x":0.737,"y":0.737,"curve":0.25,"c3":0.75},{"time":0.9,"x":1.021,"y":1.035,"curve":0,"c2":0.19,"c3":0.662,"c4":0.85},{"time":1.1}]},"shenti6b":{"translate":[{"time":0.5667,"curve":0.258,"c3":0.619,"c4":0.45},{"time":0.7,"x":-20.96,"curve":0.363,"c2":0.44,"c3":0.755},{"time":0.9,"x":8.28,"curve":0,"c2":0.19,"c3":0.662,"c4":0.85},{"time":1.1}],"scale":[{"time":0.5667,"curve":0.25,"c3":0.75},{"time":0.9,"x":0.974,"y":0.964,"curve":0,"c2":0.19,"c3":0.662,"c4":0.85},{"time":1.1}]},"shenti6b3":{"rotate":[{"curve":0,"c2":0.19,"c3":0.662,"c4":0.85},{"time":0.2,"angle":-0.49,"curve":0,"c2":0.19,"c3":0.662,"c4":0.85},{"time":0.4,"curve":0,"c2":0.18,"c3":0.569,"c4":0.73},{"time":0.5667,"angle":-0.45,"curve":0.25,"c3":0.75},{"time":0.9}],"translate":[{"curve":0,"c2":0.19,"c3":0.662,"c4":0.85},{"time":0.2,"x":-6.67,"y":0.43,"curve":0,"c2":0.19,"c3":0.662,"c4":0.85},{"time":0.4,"curve":0,"c2":0.18,"c3":0.569,"c4":0.73},{"time":0.5667,"x":-6.03,"y":0.39,"curve":0.25,"c3":0.75},{"time":0.9}],"scale":[{"time":0.5667,"curve":0.25,"c3":0.75},{"time":0.9,"x":1.021,"y":1.012,"curve":0,"c2":0.19,"c3":0.662,"c4":0.85},{"time":1.1}]},"shenti6b2":{"translate":[{"time":0.5667,"curve":0.25,"c3":0.75},{"time":0.9,"x":5.81,"y":0.23,"curve":0,"c2":0.19,"c3":0.662,"c4":0.85},{"time":1.1}],"scale":[{"time":0.5667,"curve":0.25,"c3":0.75},{"time":0.9,"x":1.021,"y":1.012,"curve":0,"c2":0.19,"c3":0.662,"c4":0.85},{"time":1.1}]},"shenti6b2b":{"translate":[{"time":0.5667,"curve":0.25,"c3":0.75},{"time":0.9,"x":23.89,"y":0.11,"curve":0,"c2":0.19,"c3":0.662,"c4":0.85},{"time":1.1}],"scale":[{"time":0.5667,"curve":0.25,"c3":0.75},{"time":0.9,"x":1.021,"y":1.012,"curve":0,"c2":0.19,"c3":0.662,"c4":0.85},{"time":1.1}]},"shenti6b2b2":{"rotate":[{"angle":-1.05,"curve":0.17,"c2":0.31,"c3":0.704,"c4":0.86},{"time":0.1667,"curve":0,"c2":0.19,"c3":0.662,"c4":0.85},{"time":0.3667,"angle":-1.47,"curve":0,"c2":0.25,"c3":0.363,"c4":0.59},{"time":0.4,"angle":-1.05,"curve":0.17,"c2":0.31,"c3":0.704,"c4":0.86},{"time":0.5667}],"translate":[{"x":-2.1,"y":0.2,"curve":0.17,"c2":0.31,"c3":0.704,"c4":0.86},{"time":0.1667,"curve":0,"c2":0.19,"c3":0.662,"c4":0.85},{"time":0.3667,"x":-2.96,"y":0.28,"curve":0,"c2":0.25,"c3":0.363,"c4":0.59},{"time":0.4,"x":-2.1,"y":0.2,"curve":0.17,"c2":0.31,"c3":0.704,"c4":0.86},{"time":0.5667}],"scale":[{"time":0.5667,"curve":0.25,"c3":0.75},{"time":0.9,"x":1.021,"y":1.012,"curve":0,"c2":0.19,"c3":0.662,"c4":0.85},{"time":1.1}]},"shenti7":{"translate":[{"time":0.5667,"curve":0.25,"c3":0.75},{"time":0.9,"x":6.21,"curve":0,"c2":0.19,"c3":0.662,"c4":0.85},{"time":1.1}]},"shenti8":{"translate":[{"time":0.5667,"curve":0.25,"c3":0.75},{"time":0.9,"x":6.21,"curve":0,"c2":0.19,"c3":0.662,"c4":0.85},{"time":1.1}]},"shenti-2":{"translate":[{"x":-7.22,"y":-642.67}]},"shitou16":{"rotate":[{"time":0.1,"curve":0,"c2":0.19,"c3":0.662,"c4":0.85},{"time":0.2667,"angle":-72.75,"curve":0.27,"c2":0.11,"c3":0.823,"c4":0.66},{"time":0.4333,"angle":27.62,"curve":"stepped"},{"time":0.4667,"curve":0,"c2":0.19,"c3":0.662,"c4":0.85},{"time":0.6333,"angle":-72.75,"curve":0.27,"c2":0.11,"c3":0.823,"c4":0.66},{"time":0.8,"angle":27.62}],"translate":[{"time":0.1,"x":38.72,"y":-76.19,"curve":0,"c2":0.19,"c3":0.662,"c4":0.85},{"time":0.2667,"x":68.8,"y":96.07,"curve":0.27,"c2":0.11,"c3":0.823,"c4":0.66},{"time":0.4333,"x":114.48,"y":-92.43,"curve":"stepped"},{"time":0.4667,"x":80.84,"y":-92.57,"curve":0,"c2":0.19,"c3":0.662,"c4":0.85},{"time":0.6333,"x":142.25,"y":78.27,"curve":0.27,"c2":0.11,"c3":0.823,"c4":0.66},{"time":0.8,"x":266.96,"y":-79.62}],"scale":[{"time":0.1,"x":0.692,"y":0.692,"curve":0,"c2":0.19,"c3":0.662,"c4":0.85},{"time":0.2667,"curve":0.27,"c2":0.11,"c3":0.823,"c4":0.66},{"time":0.4333,"x":0.709,"y":0.709,"curve":"stepped"},{"time":0.4667,"x":0.375,"y":0.375,"curve":0,"c2":0.19,"c3":0.662,"c4":0.85},{"time":0.6333,"x":0.684,"y":0.684,"curve":0.27,"c2":0.11,"c3":0.823,"c4":0.66},{"time":0.8,"x":0.392,"y":0.392}]},"shitou17":{"rotate":[{"time":0.7667,"curve":0.25,"c3":0.75},{"time":1,"angle":29.18,"curve":0.27,"c2":0.11,"c3":0.823,"c4":0.66},{"time":1.2,"angle":64.7}],"translate":[{"time":0.7667,"curve":0.25,"c3":0.75},{"time":1,"x":-135.91,"y":423.47,"curve":0.27,"c2":0.11,"c3":0.823,"c4":0.66},{"time":1.2,"x":-239.12,"y":43.12}]},"shitou18":{"rotate":[{"time":0.6667,"curve":0.25,"c3":0.75},{"time":0.9,"angle":16.83,"curve":0.27,"c2":0.11,"c3":0.823,"c4":0.66},{"time":1.1,"angle":47.35}],"translate":[{"time":0.3667,"y":3.17,"curve":0,"c2":0.19,"c3":0.662,"c4":0.85},{"time":0.6667,"x":121.77,"y":75.69,"curve":0.25,"c3":0.75},{"time":0.9,"x":-17.06,"y":593.2,"curve":0.27,"c2":0.11,"c3":0.823,"c4":0.66},{"time":1.1,"x":-83.04,"y":24.81}]},"shitou19":{"rotate":[{"time":0.7667,"curve":0.25,"c3":0.75},{"time":1,"angle":62.85,"curve":0.27,"c2":0.11,"c3":0.823,"c4":0.66},{"time":1.2,"angle":88.33}],"translate":[{"time":0.7667,"x":73.5,"y":-16.46,"curve":0.25,"c3":0.75},{"time":1,"x":-16.57,"y":295.11,"curve":0.27,"c2":0.11,"c3":0.823,"c4":0.66},{"time":1.2,"x":-1.81,"y":-73.27}]},"shitou20":{"rotate":[{"time":0.7333,"curve":0.25,"c3":0.75},{"time":0.9667,"angle":-34.54,"curve":0.27,"c2":0.11,"c3":0.823,"c4":0.66},{"time":1.1667,"angle":-60.07}],"translate":[{"time":0.7333,"x":-71.31,"y":-3.29,"curve":0.25,"c3":0.75},{"time":0.9667,"x":110.92,"y":300.05,"curve":0.27,"c2":0.11,"c3":0.823,"c4":0.66},{"time":1.1667,"x":144.6,"y":-39.69}]},"shitou21":{"rotate":[{"time":0.6667,"curve":0.25,"c3":0.75},{"time":0.9,"angle":34.82,"curve":0.27,"c2":0.11,"c3":0.823,"c4":0.66},{"time":1.1,"angle":49.61}],"translate":[{"time":0.6667,"curve":0.25,"c3":0.75},{"time":0.9,"x":-14.5,"y":472.24,"curve":0.27,"c2":0.11,"c3":0.823,"c4":0.66},{"time":1.1,"x":-38.29,"y":-46.71}]},"shitou22":{"rotate":[{"time":0.6667,"curve":0.25,"c3":0.75},{"time":0.9,"angle":-44.95,"curve":0.27,"c2":0.11,"c3":0.823,"c4":0.66},{"time":1.1,"angle":-58.16}],"translate":[{"time":0.6667,"curve":0.25,"c3":0.75},{"time":0.9,"x":80.26,"y":440.48,"curve":0.27,"c2":0.11,"c3":0.823,"c4":0.66},{"time":1.1,"x":134.71,"y":18.46}]},"shitou23":{"rotate":[{"curve":0,"c2":0.19,"c3":0.662,"c4":0.85},{"time":0.1667,"angle":-36.53,"curve":0.27,"c2":0.11,"c3":0.823,"c4":0.66},{"time":0.3,"angle":-96.54,"curve":"stepped"},{"time":0.3333,"curve":0,"c2":0.19,"c3":0.662,"c4":0.85},{"time":0.5,"angle":-36.53,"curve":0.27,"c2":0.11,"c3":0.823,"c4":0.66},{"time":0.6333,"angle":-96.54}],"translate":[{"x":-146.96,"y":44.46,"curve":0,"c2":0.19,"c3":0.662,"c4":0.85},{"time":0.1667,"x":-79.17,"y":170.64,"curve":0.27,"c2":0.11,"c3":0.823,"c4":0.66},{"time":0.3,"x":-50.07,"y":27.29,"curve":"stepped"},{"time":0.3333,"x":-216.72,"y":44.46,"curve":0,"c2":0.19,"c3":0.662,"c4":0.85},{"time":0.5,"x":-148.93,"y":170.64,"curve":0.27,"c2":0.11,"c3":0.823,"c4":0.66},{"time":0.6333,"x":-119.82,"y":27.29}]},"shitou24":{"rotate":[{"time":0.6667,"curve":0.25,"c3":0.75},{"time":0.9,"angle":-21.37,"curve":0.27,"c2":0.11,"c3":0.823,"c4":0.66},{"time":1.1,"angle":-45.45}],"translate":[{"time":0.6667,"curve":0.25,"c3":0.75},{"time":0.9,"x":43.96,"y":320.84,"curve":0.27,"c2":0.11,"c3":0.823,"c4":0.66},{"time":1.1,"x":102.79,"y":-17.03}]},"shitou25":{"rotate":[{"time":0.7,"angle":39.48,"curve":0.25,"c3":0.75},{"time":0.9333,"angle":-54.54,"curve":0.27,"c2":0.11,"c3":0.823,"c4":0.66},{"time":1.1333,"angle":-79.02}],"translate":[{"time":0.7,"x":-31.81,"y":-34.01,"curve":0.25,"c3":0.75},{"time":0.9333,"x":87.94,"y":446.78,"curve":0.27,"c2":0.11,"c3":0.823,"c4":0.66},{"time":1.1333,"x":131.68,"y":-97.53}]},"shitou5":{"rotate":[{"time":0.2,"curve":0,"c2":0.19,"c3":0.662,"c4":0.85},{"time":0.3667,"angle":54.34,"curve":0.27,"c2":0.11,"c3":0.823,"c4":0.66},{"time":0.5,"curve":"stepped"},{"time":0.7667,"angle":70.61,"curve":0.25,"c3":0.75},{"time":0.9667,"angle":25.29,"curve":0.27,"c2":0.11,"c3":0.823,"c4":0.66},{"time":1.1667,"angle":70.61}],"translate":[{"time":0.2,"x":163.53,"y":-22.15,"curve":0,"c2":0.19,"c3":0.662,"c4":0.85},{"time":0.3667,"x":79.31,"y":164.42,"curve":0.27,"c2":0.11,"c3":0.823,"c4":0.66},{"time":0.5,"x":35.87,"y":-55.92,"curve":"stepped"},{"time":0.7667,"x":6.27,"y":-3.36,"curve":0.25,"c3":0.75},{"time":0.9667,"x":-137.7,"y":357.1,"curve":0.27,"c2":0.11,"c3":0.823,"c4":0.66},{"time":1.1667,"x":-166.16,"y":-47.47}]},"shitou26":{"rotate":[{"time":0.0333,"curve":0,"c2":0.19,"c3":0.662,"c4":0.85},{"time":0.2,"angle":14.1,"curve":0.27,"c2":0.11,"c3":0.823,"c4":0.66},{"time":0.3667,"angle":4.83,"curve":"stepped"},{"time":0.4,"curve":0,"c2":0.19,"c3":0.662,"c4":0.85},{"time":0.5667,"angle":14.1,"curve":0.27,"c2":0.11,"c3":0.823,"c4":0.66},{"time":0.7333,"angle":4.83}],"translate":[{"time":0.0333,"x":-2.09,"y":-40.37,"curve":0,"c2":0.19,"c3":0.662,"c4":0.85},{"time":0.2,"x":-26.49,"y":85.06,"curve":0.27,"c2":0.11,"c3":0.823,"c4":0.66},{"time":0.3667,"x":-50.57,"y":-59.54,"curve":"stepped"},{"time":0.4,"x":38.88,"y":-40.37,"curve":0,"c2":0.19,"c3":0.662,"c4":0.85},{"time":0.5667,"x":14.48,"y":85.06,"curve":0.27,"c2":0.11,"c3":0.823,"c4":0.66},{"time":0.7333,"x":-9.61,"y":-59.54}],"scale":[{"time":0.3667,"curve":"stepped"},{"time":0.4,"x":1.257,"y":1.257}]},"shitou27":{"rotate":[{"time":0.7333,"curve":0.25,"c3":0.75},{"time":0.9667,"angle":11.51,"curve":0.27,"c2":0.11,"c3":0.823,"c4":0.66},{"time":1.2,"angle":54.58}],"translate":[{"time":0.7333,"curve":0.25,"c3":0.75},{"time":0.9667,"x":5.51,"y":530.9,"curve":0.27,"c2":0.11,"c3":0.823,"c4":0.66},{"time":1.2,"x":-118.37,"y":-16.31}]},"shitou28":{"rotate":[{"time":0.7333,"curve":0.25,"c3":0.75},{"time":0.9667,"angle":17.1,"curve":0.27,"c2":0.11,"c3":0.823,"c4":0.66},{"time":1.2333,"angle":-4.75}],"translate":[{"time":0.7333,"curve":0.25,"c3":0.75},{"time":0.9667,"x":37.64,"y":417.08,"curve":0.27,"c2":0.11,"c3":0.823,"c4":0.66},{"time":1.2333,"x":27.09,"y":-63.36}]}},"deform":{"default":{"bone1":{"bone1":[{"offset":8,"curve":"stepped","vertices":[-21.64396,22.41698,0,0,0,0,0,0,0,102.86987,0,102.86987]},{"time":0.5667,"offset":8,"curve":0.25,"c3":0.75,"vertices":[-21.64396,22.41698,0,0,0,0,0,0,0,102.86987,0,102.86987]},{"time":0.9,"offset":8,"vertices":[-16.97398,-2.80105,0,0,0,-4.67001,0,0,5.71506,76.58093,5.71506,76.58093]}]}}},"drawOrder":[{"offsets":[{"slot":"shitou6","offset":-14},{"slot":"shitou14","offset":-29}]},{"time":0.6,"offsets":[{"slot":"shitou12","offset":1}]}]},"5daiji2":{"slots":{"qiu":{"color":[{"color":"ffffff00","curve":"stepped"},{"time":0.2333,"color":"ffffff00","curve":0,"c2":0.19,"c3":0.662,"c4":0.85},{"time":0.3,"color":"ffffffff","curve":"stepped"},{"time":0.4667,"color":"ffffffff","curve":0,"c2":0.19,"c3":0.662,"c4":0.85},{"time":0.5333,"color":"ffffff00"}],"attachment":[{"name":"qiu"}]},"shitou1":{"attachment":[{"name":null}]},"shitou3":{"attachment":[{"name":null}]},"shitou5":{"attachment":[{"name":null}]},"shitou16":{"attachment":[{"name":null}]},"shitou17":{"attachment":[{"name":null}]},"shitou18":{"attachment":[{"name":null}]},"shitou19":{"attachment":[{"name":null}]},"shitou20":{"attachment":[{"name":null}]},"shitou21":{"attachment":[{"name":null}]},"shitou22":{"attachment":[{"name":null}]},"shitou23":{"attachment":[{"name":null}]},"shitou24":{"attachment":[{"name":null}]},"shitou25":{"attachment":[{"name":null}]},"shitou26":{"attachment":[{"name":null}]},"shitou27":{"attachment":[{"name":null}]},"shitou28":{"attachment":[{"name":null}]}},"bones":{"shitou2":{"translate":[{"time":0.0667,"curve":0.25,"c3":0.75},{"time":0.4667,"x":-0.64,"curve":0.25,"c3":0.75},{"time":0.8}],"scale":[{"time":0.0667,"curve":0.25,"c3":0.75},{"time":0.4667,"x":1.034,"curve":0.25,"c3":0.75},{"time":0.8}]},"shitou4":{"rotate":[{"curve":0.265,"c3":0.618,"c4":0.43},{"time":0.1333,"angle":-2.27,"curve":0.351,"c2":0.4,"c3":0.757},{"time":0.5333,"angle":1.9,"curve":0.25,"c3":0.75},{"time":0.8}],"translate":[{"curve":0.25,"c3":0.75},{"time":0.4,"x":-3.14,"y":-3.14,"curve":0.25,"c3":0.75},{"time":0.8}]},"shitou6":{"rotate":[{"curve":0.265,"c3":0.618,"c4":0.43},{"time":0.1333,"angle":0.27,"curve":0.351,"c2":0.4,"c3":0.757},{"time":0.5333,"angle":-2.03,"curve":0.25,"c3":0.75},{"time":0.8}],"translate":[{"curve":0.25,"c3":0.75},{"time":0.4,"x":3.72,"y":-2.36,"curve":0.25,"c3":0.75},{"time":0.8}]},"shitou7":{"rotate":[{"curve":0.276,"c3":0.621,"c4":0.4},{"time":0.1,"angle":0.29,"curve":0.333,"c2":0.33,"c3":0.758},{"time":0.5,"angle":-5.22,"curve":0.25,"c3":0.75},{"time":0.8}],"translate":[{"curve":0.25,"c3":0.75},{"time":0.4,"x":2.36,"y":0.79,"curve":0.25,"c3":0.75},{"time":0.8}]},"shitou8":{"rotate":[{"curve":0.25,"c3":0.75},{"time":0.4,"angle":-2.08,"curve":0.25,"c3":0.75},{"time":0.8}],"translate":[{"curve":0.25,"c3":0.75},{"time":0.4,"x":2.36,"curve":0.25,"c3":0.75},{"time":0.8}]},"shitou15":{"rotate":[{"curve":0.25,"c3":0.75},{"time":0.4,"angle":2.35,"curve":0.25,"c3":0.75},{"time":0.8}]},"shitou14":{"rotate":[{"time":0.0333,"curve":0.25,"c3":0.75},{"time":0.4333,"angle":0.83,"curve":0.25,"c3":0.75},{"time":0.8}],"translate":[{"curve":0.25,"c3":0.75},{"time":0.4,"x":-1.09,"curve":0.25,"c3":0.75},{"time":0.8}]},"shitou13":{"rotate":[{"curve":0.29,"c3":0.629,"c4":0.38},{"time":0.0667,"angle":-0.29,"curve":0.311,"c2":0.25,"c3":0.757},{"time":0.4667,"angle":4.63,"curve":0.25,"c3":0.75},{"time":0.8}],"translate":[{"curve":0.25,"c3":0.75},{"time":0.4,"x":-1.57,"y":-1.57,"curve":0.25,"c3":0.75},{"time":0.8}]},"shitou12":{"rotate":[{"curve":0.276,"c3":0.621,"c4":0.4},{"time":0.1,"angle":-1.88,"curve":0.333,"c2":0.33,"c3":0.758},{"time":0.5,"angle":2.55,"curve":0.25,"c3":0.75},{"time":0.8}],"translate":[{"curve":0.25,"c3":0.75},{"time":0.4,"x":-2.35,"y":-0.78,"curve":0.25,"c3":0.75},{"time":0.8}]},"shenti6":{"scale":[{"curve":0.25,"c3":0.75},{"time":0.4,"x":0.969,"y":1.032,"curve":0.25,"c3":0.75},{"time":0.8}]},"shenti6b2b":{"translate":[{"curve":0.25,"c3":0.75},{"time":0.4,"x":-6.36,"y":0.64,"curve":0.25,"c3":0.75},{"time":0.8}]},"shenti6b2b2":{"rotate":[{"curve":0.25,"c3":0.75},{"time":0.4,"angle":-1.97,"curve":0.25,"c3":0.75},{"time":0.8}],"translate":[{"curve":0.265,"c3":0.618,"c4":0.43},{"time":0.1333,"x":5.73,"y":-0.59,"curve":0.351,"c2":0.4,"c3":0.757},{"time":0.4667}]}}},"6daiji3":{"slots":{"qiu":{"color":[{"color":"ffffff00","curve":"stepped"},{"time":0.2333,"color":"ffffff00","curve":0,"c2":0.19,"c3":0.662,"c4":0.85},{"time":0.3,"color":"ffffffff","curve":"stepped"},{"time":0.4667,"color":"ffffffff","curve":0,"c2":0.19,"c3":0.662,"c4":0.85},{"time":0.5333,"color":"ffffff00"}],"attachment":[{"name":"qiu"}]},"shitou1":{"attachment":[{"name":null}]},"shitou3":{"attachment":[{"name":null}]},"shitou5":{"attachment":[{"name":null}]},"shitou16":{"attachment":[{"name":null}]},"shitou17":{"attachment":[{"name":null}]},"shitou18":{"attachment":[{"name":null}]},"shitou19":{"attachment":[{"name":null}]},"shitou20":{"attachment":[{"name":null}]},"shitou21":{"attachment":[{"name":null}]},"shitou22":{"attachment":[{"name":null}]},"shitou23":{"attachment":[{"name":null}]},"shitou24":{"attachment":[{"name":null}]},"shitou25":{"attachment":[{"name":null}]},"shitou26":{"attachment":[{"name":null}]},"shitou27":{"attachment":[{"name":null}]},"shitou28":{"attachment":[{"name":null}]},"zhengyan":{"attachment":[{"time":0.4,"name":"biyan"},{"time":0.5,"name":"zhengyan"}]}},"bones":{"shitou2":{"translate":[{"time":0.0667,"curve":0.25,"c3":0.75},{"time":0.4667,"x":-0.64,"curve":0.25,"c3":0.75},{"time":0.8}],"scale":[{"time":0.0667,"curve":0.25,"c3":0.75},{"time":0.4667,"x":1.034,"curve":0.25,"c3":0.75},{"time":0.8}]},"shitou4":{"rotate":[{"curve":0.265,"c3":0.618,"c4":0.43},{"time":0.1333,"angle":-2.27,"curve":0.351,"c2":0.4,"c3":0.757},{"time":0.5333,"angle":1.9,"curve":0.25,"c3":0.75},{"time":0.8}],"translate":[{"curve":0.25,"c3":0.75},{"time":0.4,"x":-3.14,"y":-3.14,"curve":0.25,"c3":0.75},{"time":0.8}]},"shitou6":{"rotate":[{"curve":0.265,"c3":0.618,"c4":0.43},{"time":0.1333,"angle":0.27,"curve":0.351,"c2":0.4,"c3":0.757},{"time":0.5333,"angle":-2.03,"curve":0.25,"c3":0.75},{"time":0.8}],"translate":[{"curve":0.25,"c3":0.75},{"time":0.4,"x":3.72,"y":-2.36,"curve":0.25,"c3":0.75},{"time":0.8}]},"shitou7":{"rotate":[{"curve":0.276,"c3":0.621,"c4":0.4},{"time":0.1,"angle":0.29,"curve":0.333,"c2":0.33,"c3":0.758},{"time":0.5,"angle":-5.22,"curve":0.25,"c3":0.75},{"time":0.8}],"translate":[{"curve":0.25,"c3":0.75},{"time":0.4,"x":2.36,"y":0.79,"curve":0.25,"c3":0.75},{"time":0.8}]},"shitou8":{"rotate":[{"curve":0.25,"c3":0.75},{"time":0.4,"angle":-2.08,"curve":0.25,"c3":0.75},{"time":0.8}],"translate":[{"curve":0.25,"c3":0.75},{"time":0.4,"x":2.36,"curve":0.25,"c3":0.75},{"time":0.8}]},"shitou15":{"rotate":[{"curve":0.25,"c3":0.75},{"time":0.4,"angle":2.35,"curve":0.25,"c3":0.75},{"time":0.8}]},"shitou14":{"rotate":[{"time":0.0333,"curve":0.25,"c3":0.75},{"time":0.4333,"angle":0.83,"curve":0.25,"c3":0.75},{"time":0.8}],"translate":[{"curve":0.25,"c3":0.75},{"time":0.4,"x":-1.09,"curve":0.25,"c3":0.75},{"time":0.8}]},"shitou13":{"rotate":[{"curve":0.29,"c3":0.629,"c4":0.38},{"time":0.0667,"angle":-0.29,"curve":0.311,"c2":0.25,"c3":0.757},{"time":0.4667,"angle":4.63,"curve":0.25,"c3":0.75},{"time":0.8}],"translate":[{"curve":0.25,"c3":0.75},{"time":0.4,"x":-1.57,"y":-1.57,"curve":0.25,"c3":0.75},{"time":0.8}]},"shitou12":{"rotate":[{"curve":0.276,"c3":0.621,"c4":0.4},{"time":0.1,"angle":-1.88,"curve":0.333,"c2":0.33,"c3":0.758},{"time":0.5,"angle":2.55,"curve":0.25,"c3":0.75},{"time":0.8}],"translate":[{"curve":0.25,"c3":0.75},{"time":0.4,"x":-2.35,"y":-0.78,"curve":0.25,"c3":0.75},{"time":0.8}]},"shenti6":{"scale":[{"curve":0.25,"c3":0.75},{"time":0.4,"x":0.969,"y":1.032,"curve":0.25,"c3":0.75},{"time":0.8}]},"shenti6b2b":{"translate":[{"curve":0.25,"c3":0.75},{"time":0.4,"x":-6.36,"y":0.64,"curve":0.25,"c3":0.75},{"time":0.8}]},"shenti6b2b2":{"rotate":[{"curve":0.25,"c3":0.75},{"time":0.4,"angle":-1.97,"curve":0.25,"c3":0.75},{"time":0.8}],"translate":[{"curve":0.265,"c3":0.618,"c4":0.43},{"time":0.1333,"x":5.73,"y":-0.59,"curve":0.351,"c2":0.4,"c3":0.757},{"time":0.4667}]},"shenti7":{"rotate":[{"time":0.2667,"curve":"stepped"},{"time":0.3333,"angle":2.65,"curve":"stepped"},{"time":0.4,"curve":"stepped"},{"time":0.5,"angle":2.65,"curve":"stepped"},{"time":0.5667}],"scale":[{"time":0.2667,"curve":"stepped"},{"time":0.3333,"x":0.771,"curve":"stepped"},{"time":0.4,"curve":"stepped"},{"time":0.5,"x":0.771,"curve":"stepped"},{"time":0.5667}],"shear":[{"time":0.2667,"curve":"stepped"},{"time":0.3333,"x":-5.2,"curve":"stepped"},{"time":0.4,"curve":"stepped"},{"time":0.5,"x":-5.2,"curve":"stepped"},{"time":0.5667}]}}},"8baozha":{"slots":{"1":{"color":[{"time":1.6,"color":"ffffffff","curve":0,"c2":0.19,"c3":0.662,"c4":0.85},{"time":1.7333,"color":"ffffff00"}],"attachment":[{"name":"1"}]},"guang":{"color":[{"time":0.3,"color":"ffffffff","curve":0,"c2":0.19,"c3":0.662,"c4":0.85},{"time":0.5,"color":"ffffff00"}],"attachment":[{"name":"guang"}]},"mu1":{"color":[{"time":0.7333,"color":"ffffffff","curve":0,"c2":0.19,"c3":0.662,"c4":0.85},{"time":0.8333,"color":"ffffff00"}],"attachment":[{"time":0.2,"name":"mu1"}]},"mu2":{"color":[{"time":0.8333,"color":"ffffffff","curve":0,"c2":0.19,"c3":0.662,"c4":0.85},{"time":0.9333,"color":"ffffff00"}],"attachment":[{"time":0.1667,"name":"mu2"}]},"mu3":{"color":[{"time":0.4,"color":"ffffffff","curve":0,"c2":0.19,"c3":0.662,"c4":0.85},{"time":0.5,"color":"ffffff00"}],"attachment":[{"name":"mu3"}]},"mu4":{"color":[{"time":0.7667,"color":"ffffffff","curve":0,"c2":0.19,"c3":0.662,"c4":0.85},{"time":0.8667,"color":"ffffff00"}],"attachment":[{"name":"mu4"}]},"mu5":{"color":[{"time":0.6,"color":"ffffffff","curve":0,"c2":0.19,"c3":0.662,"c4":0.85},{"time":0.7,"color":"ffffff00"}],"attachment":[{"name":"mu5"}]},"mu6":{"color":[{"time":0.8667,"color":"ffffffff","curve":0,"c2":0.19,"c3":0.662,"c4":0.85},{"time":0.9667,"color":"ffffff00"}],"attachment":[{"time":0.1667,"name":"mu6"}]},"mu7":{"color":[{"time":0.8,"color":"ffffffff","curve":0,"c2":0.19,"c3":0.662,"c4":0.85},{"time":0.9,"color":"ffffff00"}],"attachment":[{"name":"mu7"}]},"mu8":{"color":[{"time":0.6,"color":"ffffffff","curve":0,"c2":0.19,"c3":0.662,"c4":0.85},{"time":0.7,"color":"ffffff00"}],"attachment":[{"name":"mu3"}]},"mu9":{"color":[{"time":0.7333,"color":"ffffffff","curve":0,"c2":0.19,"c3":0.662,"c4":0.85},{"time":0.8333,"color":"ffffff00"}],"attachment":[{"name":"mu2"}]},"mu10":{"color":[{"time":0.8667,"color":"ffffffff","curve":0,"c2":0.19,"c3":0.662,"c4":0.85},{"time":0.9667,"color":"ffffff00"}],"attachment":[{"time":0.0333,"name":"mu4"}]},"mu11":{"color":[{"time":0.4667,"color":"ffffffff","curve":0,"c2":0.19,"c3":0.662,"c4":0.85},{"time":0.5667,"color":"ffffff00"}],"attachment":[{"name":"mu6"}]},"qiu-hong":{"attachment":[{"name":null}]},"shenti5":{"attachment":[{"name":null}]},"shitou1":{"attachment":[{"name":null}]},"shitou2":{"attachment":[{"name":null}]},"shitou3":{"attachment":[{"name":null}]},"shitou4":{"attachment":[{"name":null}]},"shitou5":{"attachment":[{"name":null}]},"shitou6":{"attachment":[{"name":null}]},"shitou7":{"attachment":[{"name":null}]},"shitou8":{"attachment":[{"name":null}]},"shitou9":{"attachment":[{"name":null}]},"shitou10":{"attachment":[{"name":null}]},"shitou11":{"attachment":[{"name":null}]},"shitou12":{"attachment":[{"name":null}]},"shitou13":{"attachment":[{"name":null}]},"shitou14":{"attachment":[{"name":null}]},"shitou15":{"attachment":[{"name":null}]},"shitou16":{"attachment":[{"name":null}]},"shitou17":{"attachment":[{"name":null}]},"shitou18":{"attachment":[{"name":null}]},"shitou19":{"attachment":[{"name":null}]},"shitou20":{"attachment":[{"name":null}]},"shitou21":{"attachment":[{"name":null}]},"shitou22":{"attachment":[{"name":null}]},"shitou23":{"attachment":[{"name":null}]},"shitou24":{"attachment":[{"name":null}]},"shitou25":{"attachment":[{"name":null}]},"shitou26":{"attachment":[{"name":null}]},"shitou27":{"attachment":[{"name":null}]},"shitou28":{"attachment":[{"name":null}]},"tu1":{"color":[{"time":0.7,"color":"ffffffff","curve":0,"c2":0.19,"c3":0.662,"c4":0.85},{"time":0.8,"color":"ffffff00"}],"attachment":[{"name":"tu1"}]},"tu2":{"color":[{"time":0.5,"color":"ffffffff","curve":0,"c2":0.19,"c3":0.662,"c4":0.85},{"time":0.6,"color":"ffffff00"}],"attachment":[{"name":"tu2"}]},"tu3":{"color":[{"time":0.8333,"color":"ffffffff","curve":0,"c2":0.19,"c3":0.662,"c4":0.85},{"time":0.9333,"color":"ffffff00"}],"attachment":[{"name":"tu3"}]},"tu4":{"color":[{"time":0.4,"color":"ffffffff","curve":0,"c2":0.19,"c3":0.662,"c4":0.85},{"time":0.5,"color":"ffffff00"}],"attachment":[{"name":"tu1"}]},"tu5":{"color":[{"time":0.5667,"color":"ffffffff","curve":0,"c2":0.19,"c3":0.662,"c4":0.85},{"time":0.6667,"color":"ffffff00"}],"attachment":[{"name":"tu3"}]},"tu6":{"color":[{"time":0.8333,"color":"ffffffff","curve":0,"c2":0.19,"c3":0.662,"c4":0.85},{"time":0.9333,"color":"ffffff00"}],"attachment":[{"name":"tu2"}]},"tu34":{"color":[{"time":0.7333,"color":"ffffffff","curve":0,"c2":0.19,"c3":0.662,"c4":0.85},{"time":0.8333,"color":"ffffff00"}],"attachment":[{"name":"tu34"}]},"tu35":{"color":[{"time":0.9,"color":"ffffffff","curve":0,"c2":0.19,"c3":0.662,"c4":0.85},{"time":1,"color":"ffffff00"}],"attachment":[{"time":0.1,"name":"tu34"}]},"zhengyan":{"attachment":[{"name":null}]},"zi":{"color":[{"time":0.6,"color":"ffffffff","curve":0,"c2":0.19,"c3":0.662,"c4":0.85},{"time":0.7,"color":"ffffff00"}],"attachment":[{"name":"zi"}]},"zui":{"attachment":[{"name":null}]}},"bones":{"1":{"scale":[{"x":1.016,"y":0.967,"curve":0.25,"c3":0.75},{"time":0.1333,"x":0.966,"y":1.076,"curve":0,"c2":0.19,"c3":0.662,"c4":0.85},{"time":0.2333}]},"guang":{"scale":[{"x":0.731,"y":0.731,"curve":0,"c2":0.19,"c3":0.662,"c4":0.85},{"time":0.1667,"x":1.092,"y":1.092,"curve":0,"c2":0.19,"c3":0.662,"c4":0.85},{"time":0.4}]},"mu1":{"rotate":[{"time":0.2,"angle":19.42,"curve":0.244,"c2":0.61,"c3":0.519},{"time":0.4667,"curve":0.229,"c3":0.835,"c4":0.33},{"time":0.8,"angle":-28.08}],"translate":[{"time":0.2,"x":-341.88,"y":-239.41,"curve":0.244,"c2":0.61,"c3":0.519},{"time":0.4667,"x":-50.69,"y":267.12,"curve":0.229,"c3":0.835,"c4":0.33},{"time":0.8,"x":113.26,"y":-400.91}],"scale":[{"time":0.2,"x":0.932,"y":0.932}]},"mu2":{"rotate":[{"time":0.1667,"angle":50.58,"curve":0.244,"c2":0.61,"c3":0.519},{"time":0.5333,"curve":0.229,"c3":0.835,"c4":0.33},{"time":0.9,"angle":-33.13}],"translate":[{"time":0.1667,"x":-263.8,"y":-397.44,"curve":0.244,"c2":0.61,"c3":0.519},{"time":0.5333,"x":7.82,"y":33.24,"curve":0.229,"c3":0.835,"c4":0.33},{"time":0.9,"x":159.53,"y":-429.25}]},"mu3":{"rotate":[{"angle":14.04,"curve":0.244,"c2":0.61,"c3":0.519},{"time":0.2,"angle":-0.44,"curve":0.229,"c3":0.835,"c4":0.33},{"time":0.4667,"angle":-95}],"translate":[{"x":-127.25,"y":-196.46,"curve":0.244,"c2":0.61,"c3":0.519},{"time":0.2,"x":-9.8,"y":-10.49,"curve":0.229,"c3":0.835,"c4":0.33},{"time":0.4667,"x":115,"y":-328.6}]},"mu4":{"rotate":[{"angle":137.48,"curve":0.244,"c2":0.61,"c3":0.516,"c4":0.89},{"time":0.4333,"angle":-20.36,"curve":0.229,"c3":0.826,"c4":0.43},{"time":0.8333,"angle":-93.12}],"translate":[{"x":-141.28,"y":-516.35,"curve":0.244,"c2":0.61,"c3":0.516,"c4":0.89},{"time":0.4333,"x":197,"y":230.69,"curve":0.229,"c3":0.826,"c4":0.43},{"time":0.8333,"x":459.16,"y":-600.92}]},"mu5":{"rotate":[{"angle":30.65,"curve":0.235,"c2":0.56,"c3":0.51,"c4":0.91},{"time":0.3,"angle":-39.47,"curve":0.229,"c3":0.835,"c4":0.33},{"time":0.6667,"angle":-92.6}],"translate":[{"x":-114.05,"y":-453.53,"curve":0.235,"c2":0.56,"c3":0.51,"c4":0.91},{"time":0.3,"x":173.1,"y":181.81,"curve":0.229,"c3":0.835,"c4":0.33},{"time":0.6667,"x":387.59,"y":-531.73}]},"mu6":{"rotate":[{"time":0.1667,"angle":-79.45,"curve":0.244,"c2":0.61,"c3":0.51,"c4":0.73},{"time":0.5333,"angle":-34.46,"curve":0.229,"c3":0.835,"c4":0.33},{"time":0.9333,"angle":18.07}],"translate":[{"time":0.1667,"x":115.78,"y":-555.14,"curve":0.244,"c2":0.61,"c3":0.51,"c4":0.73},{"time":0.5333,"x":-129.09,"y":55.72,"curve":0.229,"c3":0.835,"c4":0.33},{"time":0.9333,"x":-366.06,"y":-657.83}],"scale":[{"time":0.1667,"x":0.716,"y":0.716,"curve":0.244,"c2":0.61,"c3":0.51,"c4":0.73},{"time":0.5333,"curve":0.229,"c3":0.835,"c4":0.33},{"time":0.9333,"x":0.868,"y":0.868}]},"mu7":{"rotate":[{"angle":-91.52,"curve":0.285,"c2":0.8,"c3":0.519},{"time":0.4,"angle":46.59,"curve":0.229,"c3":0.855,"c4":0.22},{"time":0.8667,"angle":87.13}],"translate":[{"x":257.32,"y":-453.6,"curve":0.285,"c2":0.8,"c3":0.519},{"time":0.4,"x":-48.48,"y":93.55,"curve":0.229,"c3":0.855,"c4":0.22},{"time":0.8667,"x":-264.97,"y":-603.78}],"scale":[{"x":0.453,"y":0.453,"curve":0.285,"c2":0.8,"c3":0.519},{"time":0.4,"x":0.911,"y":0.911}]},"tu1":{"rotate":[{"angle":-29.23,"curve":0.244,"c2":0.61,"c3":0.519},{"time":0.3,"curve":0.229,"c3":0.835,"c4":0.33},{"time":0.7667,"angle":32.94}],"translate":[{"x":3.98,"y":-500.74,"curve":0.244,"c2":0.61,"c3":0.519},{"time":0.3,"x":-311.97,"y":223.34,"curve":0.229,"c3":0.835,"c4":0.33},{"time":0.7667,"x":-504.18,"y":-629.76}]},"tu2":{"translate":[{"x":42.59,"y":-239.83,"curve":0.244,"c2":0.61,"c3":0.519},{"time":0.2333,"x":18.9,"y":139.32,"curve":0.229,"c3":0.835,"c4":0.33},{"time":0.5667,"x":-73.26,"y":-405.71}],"scale":[{"x":0.984,"y":0.984}]},"tu3":{"rotate":[{"angle":-18.44,"curve":0.244,"c2":0.61,"c3":0.519},{"time":0.3333,"curve":0.229,"c3":0.835,"c4":0.33},{"time":0.9,"angle":69.5}],"translate":[{"x":78.63,"y":-452.58,"curve":0.244,"c2":0.61,"c3":0.519},{"time":0.3333,"x":-55.65,"y":382.08,"curve":0.229,"c3":0.835,"c4":0.33},{"time":0.9,"x":-311.05,"y":-576.33}],"scale":[{"x":0.969,"y":0.969}]},"tu34":{"rotate":[{"angle":-23.8,"curve":0.232,"c2":0.48,"c3":0.519},{"time":0.3667,"angle":5.25,"curve":0.229,"c3":0.838,"c4":0.48},{"time":0.8,"angle":43.78}],"translate":[{"x":140.85,"y":-474.79,"curve":0.232,"c2":0.48,"c3":0.519},{"time":0.3667,"x":-80.32,"y":-0.85,"curve":0.229,"c3":0.838,"c4":0.48},{"time":0.8,"x":-214.61,"y":-606.44}],"scale":[{"x":0.737,"y":0.737,"curve":0.232,"c2":0.48,"c3":0.519},{"time":0.3667}]},"zi":{"translate":[{"curve":"stepped"},{"time":0.0333,"x":14,"y":14,"curve":"stepped"},{"time":0.0667,"x":-1,"y":-6,"curve":"stepped"},{"time":0.1,"x":-13,"y":18,"curve":"stepped"},{"time":0.1333,"x":16,"y":-7,"curve":"stepped"},{"time":0.1667,"x":1,"y":13,"curve":"stepped"},{"time":0.2,"curve":"stepped"},{"time":0.2333,"x":14,"y":14,"curve":"stepped"},{"time":0.2667,"x":-1,"y":-6,"curve":"stepped"},{"time":0.3,"x":-13,"y":18,"curve":"stepped"},{"time":0.3333,"x":16,"y":-7,"curve":"stepped"},{"time":0.3667,"x":1,"y":13,"curve":"stepped"},{"time":0.4,"curve":"stepped"},{"time":0.4333,"x":14,"y":14,"curve":"stepped"},{"time":0.4667,"x":-1,"y":-6,"curve":"stepped"},{"time":0.5,"x":-13,"y":18,"curve":"stepped"},{"time":0.5333,"x":16,"y":-7,"curve":"stepped"},{"time":0.5667,"x":1,"y":13,"curve":"stepped"},{"time":0.6,"curve":"stepped"},{"time":0.6333,"x":14,"y":14,"curve":"stepped"},{"time":0.6667,"x":-1,"y":-6,"curve":"stepped"},{"time":0.7,"x":-13,"y":18}]},"renwu":{"translate":[{"x":-1889.02,"y":-110.04}]},"tu35":{"rotate":[{"time":0.1,"angle":-161.26,"curve":0.227,"c2":0.52,"c3":0.399,"c4":0.94},{"time":0.5333,"angle":90.2,"curve":0.396,"c3":0.741,"c4":0.29},{"time":0.9667,"angle":42.31}],"translate":[{"time":0.1,"x":-165.24,"y":-442.07,"curve":0.227,"c2":0.52,"c3":0.399,"c4":0.94},{"time":0.5333,"x":46.18,"y":195.02,"curve":0.396,"c3":0.741,"c4":0.29},{"time":0.9667,"x":319.63,"y":-543.56}],"scale":[{"time":0.1,"x":0.965,"y":0.965}]},"tu4":{"rotate":[{"angle":31.06,"curve":0.361,"c2":0.42,"c3":0.699,"c4":0.76},{"time":0.0333,"curve":0,"c2":0.19,"c3":0.662,"c4":0.85},{"time":0.1333,"angle":-16.03,"curve":0.229,"c3":0.835,"c4":0.33},{"time":0.4667,"angle":-44.08}],"translate":[{"x":-65.42,"y":-129.47,"curve":0.361,"c2":0.42,"c3":0.699,"c4":0.76},{"time":0.0333,"x":91.19,"y":39.37,"curve":0,"c2":0.19,"c3":0.662,"c4":0.85},{"time":0.1333,"x":135.24,"y":66.29,"curve":0.229,"c3":0.835,"c4":0.33},{"time":0.4667,"x":286.95,"y":-472.05}],"scale":[{"x":0.941,"y":0.941}]},"tu5":{"rotate":[{"angle":39.12,"curve":0.244,"c2":0.61,"c3":0.519},{"time":0.2667,"curve":0.229,"c3":0.835,"c4":0.33},{"time":0.6333,"angle":-41.22}],"translate":[{"x":-157.87,"y":-439.84,"curve":0.244,"c2":0.61,"c3":0.519},{"time":0.2667,"x":31,"y":11.2,"curve":0.229,"c3":0.835,"c4":0.33},{"time":0.6333,"x":177.59,"y":-386.28}],"scale":[{"x":0.904,"y":0.904}]},"tu6":{"rotate":[{"time":0.4333,"curve":0.229,"c3":0.835,"c4":0.33},{"time":0.9,"angle":-106.54}],"translate":[{"x":-259.51,"y":-441.91,"curve":0.244,"c2":0.61,"c3":0.519},{"time":0.4333,"x":247.02,"y":174.73,"curve":0.229,"c3":0.835,"c4":0.33},{"time":0.9,"x":315.54,"y":-537.35}],"scale":[{"x":0.923,"y":0.923}]},"mu8":{"rotate":[{"angle":-26.25,"curve":0.244,"c2":0.61,"c3":0.519},{"time":0.2667,"angle":-2.4,"curve":0.229,"c3":0.835,"c4":0.33},{"time":0.6667,"angle":30.48}],"translate":[{"x":-306.19,"y":-61.32,"curve":0.244,"c2":0.61,"c3":0.519},{"time":0.2667,"x":-393.08,"y":383.66,"curve":0.229,"c3":0.835,"c4":0.33},{"time":0.6667,"x":-580.03,"y":-198.23}],"scale":[{"x":0.981,"y":0.981}]},"mu9":{"rotate":[{"angle":-31.48,"curve":0.244,"c2":0.61,"c3":0.519},{"time":0.3333,"angle":-6.32,"curve":0.229,"c3":0.835,"c4":0.33},{"time":0.8,"angle":20.88}],"translate":[{"x":-315.78,"y":-57.16,"curve":0.244,"c2":0.61,"c3":0.519},{"time":0.3333,"x":-380.1,"y":418.02,"curve":0.229,"c3":0.835,"c4":0.33},{"time":0.8,"x":-571,"y":-187.88}]},"mu10":{"rotate":[{"time":0.0333,"angle":-23.76,"curve":0.256,"c2":0.56,"c3":0.42,"c4":0.89},{"time":0.4667,"angle":26.85,"curve":0.399,"c3":0.893,"c4":0.35},{"time":0.9333,"angle":103.45}],"translate":[{"time":0.0333,"x":-180.5,"y":-320.37,"curve":0.256,"c2":0.56,"c3":0.42,"c4":0.89},{"time":0.4667,"x":-593.88,"y":295.75,"curve":0.399,"c3":0.893,"c4":0.35},{"time":0.9333,"x":-849.28,"y":-478.35}]},"mu11":{"rotate":[{"angle":-15.88,"curve":0.235,"c2":0.52,"c3":0.507,"c4":0.79},{"time":0.2333,"angle":25.42,"curve":0.229,"c3":0.817,"c4":0.45},{"time":0.5333,"angle":-23.32}],"translate":[{"x":368.78,"y":-283.51,"curve":0.235,"c2":0.52,"c3":0.507,"c4":0.79},{"time":0.2333,"x":603.69,"y":193.65,"curve":0.229,"c3":0.817,"c4":0.45},{"time":0.5333,"x":733.38,"y":-435.23}],"scale":[{"x":0.984,"y":0.984}]},"zi-1":{"translate":[{"y":-99.4,"curve":0,"c2":0.24,"c3":0.365,"c4":0.59},{"time":0.2}],"scale":[{"x":0.764,"y":0.764,"curve":0,"c2":0.24,"c3":0.365,"c4":0.59},{"time":0.2,"x":1.152,"y":1.152,"curve":0.174,"c2":0.31,"c3":0.705,"c4":0.86},{"time":0.4}]},"fx":{"translate":[{"x":7.71,"y":-2.33}],"scale":[{"x":1.336,"y":1.336}]}}}}},[0]]],0,0,[0],[-1],[2]]]]