[1,["db9h7vpldK2b/JlfrkdbZg"],["_texture"],[["dragonBones.DragonBonesAtlasAsset",["_name","_atlasJson"],1]],[[0,0,1,3]],[[0,"08_dapengu_tex","{\"width\":128,\"SubTexture\":[{\"width\":58,\"y\":57,\"height\":47,\"name\":\"dapengu/shenti\",\"x\":1},{\"width\":5,\"y\":36,\"height\":5,\"name\":\"dapengu/gu\",\"x\":90},{\"width\":11,\"y\":36,\"height\":6,\"name\":\"dapengu/zui\",\"x\":77},{\"width\":4,\"y\":28,\"height\":4,\"name\":\"dapengu/zuoyan1\",\"x\":107},{\"width\":4,\"y\":28,\"height\":6,\"name\":\"dapengu/zuoyan\",\"x\":93},{\"width\":6,\"y\":28,\"height\":3,\"name\":\"dapengu/youyan1\",\"x\":99},{\"width\":7,\"y\":44,\"height\":9,\"name\":\"dapengu/youyan\",\"x\":77},{\"frameY\":0,\"y\":44,\"frameWidth\":6,\"frameX\":0,\"frameHeight\":8,\"width\":6,\"height\":7,\"name\":\"dapengu/meimao2\",\"x\":86},{\"width\":14,\"y\":28,\"height\":6,\"name\":\"dapengu/meimao1\",\"x\":77},{\"width\":74,\"y\":1,\"height\":54,\"name\":\"dapengu/tou\",\"x\":1},{\"width\":24,\"y\":1,\"height\":25,\"name\":\"dapengu/zui1\",\"x\":77},{\"width\":24,\"y\":57,\"height\":25,\"name\":\"dapengu/zui0\",\"x\":61}],\"imagePath\":\"08_dapengu_tex.png\",\"name\":\"08_dapengu\",\"height\":128}"]],0,0,[0],[0],[0]]