[1,["981pk4uvZFxowYj9kjaicO"],0,[["sp.SkeletonData",["_name","_atlasText","textureNames","_skeletonJson","textures"],-1,3]],[[0,0,1,2,3,4,5]],[[0,"effect006","\r\neffect006.png\r\nsize: 744,172\r\nformat: RGBA8888\r\nfilter: Linear,Linear\r\nrepeat: none\r\ndaji/0\r\n  rotate: true\r\n  xy: 100, 36\r\n  size: 134, 136\r\n  orig: 145, 143\r\n  offset: 5, 3\r\n  index: -1\r\ndaji/1\r\n  rotate: true\r\n  xy: 404, 12\r\n  size: 158, 162\r\n  orig: 169, 173\r\n  offset: 5, 5\r\n  index: -1\r\ndaji/2\r\n  rotate: true\r\n  xy: 568, 2\r\n  size: 168, 174\r\n  orig: 178, 182\r\n  offset: 5, 4\r\n  index: -1\r\ndaji/3\r\n  rotate: false\r\n  xy: 238, 15\r\n  size: 164, 155\r\n  orig: 172, 164\r\n  offset: 4, 5\r\n  index: -1\r\ndaji/4\r\n  rotate: false\r\n  xy: 2, 74\r\n  size: 96, 96\r\n  orig: 112, 111\r\n  offset: 8, 7\r\n  index: -1\r\n",["effect006.png"],{"skeleton":{"hash":"uvLrxEbGYjOYCoteYBwAJ+W8QIk","spine":"3.8.99","fps":24,"images":"D:/Work/植物大战僵尸2娘化版/动画/娘化版/打击特效/龙骨导出的spine资源/library","audio":"D:\\Work\\植物大战僵尸2娘化版\\动画\\娘化版\\打击特效\\龙骨导出的spine资源"},"bones":[{"name":"root"},{"name":"b0","parent":"root"}],"slots":[{"name":"0","bone":"b0","attachment":"daji/1"}],"skins":[{"name":"default","attachments":{"0":{"daji/0":{"width":145,"height":143},"daji/1":{"width":169,"height":173},"daji/2":{"width":178,"height":182},"daji/3":{"x":-8.61,"y":9.24,"width":172,"height":164},"daji/4":{"x":6.31,"y":-4.16,"width":112,"height":111}}}}],"animations":{"newAnimation":{"slots":{"0":{"color":[{"time":0.375,"color":"ffffffff"},{"time":0.5,"color":"ffffff00"}],"attachment":[{"name":"daji/0"},{"time":0.125,"name":"daji/1"},{"time":0.2083,"name":"daji/2"},{"time":0.2917,"name":"daji/3"},{"time":0.375,"name":"daji/4"}]}},"bones":{"b0":{"scale":[{"x":0.5,"y":0.5},{"time":0.0833}]}}}}},[0]]],0,0,[0],[-1],[0]]