[1,["b9mlV9rbBC55KYlAvXc0g+","ecpdLyjvZBwrvm+cedCcQy","d1zS6rKa9I3Y+UaUxqTmSD","e3Na6WdjJK9LpgWa8SaKIQ","34GLC+LgZAHrnPrFFJXD8t","11PONvw+NN/KH2cMc2b3gb","55kIzPSMFJqLmMvIiJaM2n"],["node","root","data","_spriteFrame","shootNode","body","animation","bulletPrefab","_N$skeletonData","_textureSetter"],[["cc.Node",["_name","_groupIndex","_prefab","_components","_parent","_trs","_children","_contentSize"],1,4,9,1,7,2,5],["cc.Node",["_name","_groupIndex","_parent","_components","_prefab","_contentSize","_trs"],1,1,2,4,5,7],["cc.PrefabInfo",["fileId","root","asset"],2,1,1],"cc.SpriteFrame",["sp.SkeletonData",["_name","_atlasText","textureNames","_skeletonJson","textures"],-1,3],["cc.Prefab",["_name"],2],["cc.Node",["_name","_children","_components","_prefab","_trs"],2,2,12,4,7],["25e84qr2r5CfK0bp6CEXb0Q",["speed","node"],2,1],["cc.CircleCollider",["_radius","node"],2,1],["cc.Sprite",["node","_materials","_spriteFrame"],3,1,3,6],["16374wVFltJwqD9k1Th58af",["needShadow","node","animation","body","shootNode","bulletPrefab"],2,1,1,1,1,6],["cc.BoxCollider",["node","_offset","_size"],3,1,5,5],["96c396uvMtPhLUJFoRD9JmK",["node","body"],3,1,1],["sp.Skeleton",["defaultSkin","defaultAnimation","_preCacheMode","_animationName","node","_materials"],-1,1,3],["261d4+Q1HdGA5w3tjdBw83c",["activeFlash","node","spineAnimation"],2,1,1]],[[2,0,1,2,2],[5,0,2],[2,1,2,1],[4,0,1,2,3,4,5],[0,0,1,6,3,2,3],[0,0,4,3,2,7,5,2],[0,0,4,2,5,2],[6,0,1,2,3,4,2],[1,0,1,2,3,4,3],[1,0,2,3,4,5,6,2],[7,0,1,2],[8,0,1,2],[9,0,1,2,1],[10,0,1,2,3,4,5,2],[11,0,1,2,1],[12,0,1,1],[13,0,1,2,3,4,5,5],[14,0,1,2,2]],[[[[3,"30_plant","\n30_plant.png\nsize: 256,256\nformat: RGBA8888\nfilter: Linear,Linear\nrepeat: none\nbody\n  rotate: false\n  xy: 2, 2\n  size: 153, 129\n  orig: 160, 134\n  offset: 6, 1\n  index: -1\neye1\n  rotate: false\n  xy: 157, 106\n  size: 43, 25\n  orig: 45, 27\n  offset: 1, 1\n  index: -1\neye2\n  rotate: false\n  xy: 202, 109\n  size: 43, 22\n  orig: 45, 23\n  offset: 1, 0\n  index: -1\neye3\n  rotate: false\n  xy: 157, 89\n  size: 40, 15\n  orig: 41, 16\n  offset: 1, 1\n  index: -1\nleaf1\n  rotate: false\n  xy: 185, 76\n  size: 15, 11\n  orig: 17, 13\n  offset: 1, 1\n  index: -1\nleaf2\n  rotate: false\n  xy: 157, 68\n  size: 26, 19\n  orig: 27, 21\n  offset: 0, 1\n  index: -1\nmouth1\n  rotate: false\n  xy: 202, 81\n  size: 40, 26\n  orig: 47, 28\n  offset: 1, 1\n  index: -1\nmouth2\n  rotate: false\n  xy: 202, 56\n  size: 23, 23\n  orig: 24, 24\n  offset: 0, 0\n  index: -1\n",["30_plant.png"],{"skeleton":{"hash":"4Q2SvjwiHsjSybtLn9L6IxdMtUw","spine":"3.8.99","x":-51.06,"y":-38.53,"width":91.89,"height":78.32},"bones":[{"name":"root"},{"name":"plant","parent":"root","scaleX":0.115,"scaleY":0.115},{"name":"body","parent":"plant"},{"name":"mouth1","parent":"body","x":33.02,"y":-13.68},{"name":"mouth2","parent":"mouth1","length":19.02,"rotation":-73.66,"x":-9.13,"y":40.04},{"name":"leaf2","parent":"body","length":118.74,"rotation":90,"x":-108.86,"y":245.33,"scaleX":0.115,"scaleY":0.115,"transform":"noScale"},{"name":"eye1","parent":"body","x":-1.25,"y":64.69},{"name":"leaf1","parent":"leaf2","length":68.12,"rotation":58.02,"x":58.13,"y":-7.93,"scaleX":0.115,"scaleY":0.115,"transform":"noScale"}],"slots":[{"name":"body","bone":"body","attachment":"body"},{"name":"mouth2","bone":"mouth2"},{"name":"mouth1","bone":"mouth1","attachment":"mouth1"},{"name":"eye1","bone":"eye1","attachment":"eye1"},{"name":"leaf2","bone":"leaf2","attachment":"leaf2"},{"name":"leaf1","bone":"leaf1","attachment":"leaf1"}],"skins":[{"name":"default","attachments":{"body":{"body":{"x":-44.5,"width":799,"height":670}},"eye1":{"eye1":{"x":-8.75,"y":0.81,"width":224,"height":135},"eye2":{"x":-8.25,"y":-1.19,"width":223,"height":117},"eye3":{"x":-8.75,"y":2.31,"width":204,"height":78}},"leaf1":{"leaf1":{"x":21.18,"y":0.2,"rotation":-148.02,"width":84,"height":63}},"leaf2":{"leaf2":{"x":36.67,"y":-41.86,"rotation":-90,"width":134,"height":104}},"mouth1":{"mouth1":{"x":-10.02,"y":31.68,"width":236,"height":142}},"mouth2":{"mouth2":{"x":33.45,"y":-4.48,"rotation":73.66,"width":118,"height":118}}}}],"events":{"attack":{}},"animations":{"attack":{"slots":{"eye1":{"attachment":[{"time":0.3667,"name":"eye2"},{"time":0.4333,"name":"eye3"},{"time":0.4667,"name":"eye2"},{"time":0.5333,"name":"eye1"}]},"mouth2":{"attachment":[{"time":0.3333,"name":"mouth2"},{"time":0.7,"name":null}]}},"bones":{"body":{"translate":[{},{"time":0.3333,"x":-6.43,"y":10.3},{"time":0.4333,"curve":"stepped"},{"time":0.7},{"time":0.9333,"y":-2.37},{"time":1.2667,"x":-4.73,"y":3.55},{"time":1.5333}],"scale":[{},{"time":0.3333,"x":0.856,"y":1.053},{"time":0.4333,"x":1.067,"y":0.958},{"time":0.7},{"time":0.9333,"x":1.037,"y":0.936},{"time":1.2667,"x":0.882,"y":1.041},{"time":1.5333}]},"mouth2":{"translate":[{},{"time":0.3333,"x":6.55,"y":19.91},{"time":0.4333,"x":6.93,"y":-6.63},{"time":0.6,"x":6.55,"y":19.91},{"time":0.7}],"scale":[{"time":0.3333},{"time":0.4333,"y":0.843},{"time":0.6}]},"mouth1":{"translate":[{},{"time":0.3333,"x":14.5,"y":-5.89},{"time":0.4333,"y":2.77},{"time":0.7},{"time":0.9333,"x":2.28,"y":-1.89},{"time":1.2667,"x":5.36,"y":-2.27},{"time":1.5333}],"scale":[{},{"time":0.3333,"x":0.758,"y":0.973},{"time":0.4333,"x":1.148,"y":0.919},{"time":0.7},{"time":0.9333,"x":1.135,"y":0.977},{"time":1.2667,"x":0.986},{"time":1.5333}],"shear":[{},{"time":0.3333,"x":-2.67},{"time":0.4333}]},"eye1":{"translate":[{"time":0.3333},{"time":0.4333,"x":-4.08,"y":8.17},{"time":0.5333}],"scale":[{"time":0.3333},{"time":0.4333,"x":1.129,"y":1.129},{"time":0.5333}]},"leaf2":{"rotate":[{"time":0.3333},{"time":0.3667,"angle":-15.58},{"time":0.4333},{"time":0.5333,"angle":2.02},{"time":0.7}],"translate":[{"time":0.3333},{"time":0.3667,"x":11.14,"y":-16.95},{"time":0.4333,"x":8.67,"y":-7.63},{"time":0.5333,"x":5.13,"y":1},{"time":0.7},{"time":0.8,"x":2.66,"y":1.34},{"time":0.9333,"x":6.64,"y":3.34},{"time":1.2667}],"scale":[{"time":0.3333},{"time":0.3667,"y":0.875},{"time":0.4333},{"time":0.5333,"x":1.065,"y":0.837},{"time":0.7,"curve":"stepped"},{"time":0.9333},{"time":1.0667,"x":0.946,"y":0.951},{"time":1.2667,"x":1.227,"y":0.854},{"time":1.3667,"x":1.184,"y":0.895},{"time":1.5333}],"shear":[{"time":0.3333},{"time":0.4333,"x":15.09},{"time":0.5333,"x":8.24},{"time":0.7},{"time":0.8,"y":5.03},{"time":0.9333},{"time":1.0667,"y":-1.32},{"time":1.2667}]},"leaf1":{"rotate":[{"time":0.3333},{"time":0.3667,"angle":-19.57},{"time":0.4333,"angle":19.35},{"time":0.5333,"angle":-14.6},{"time":0.7},{"time":0.8,"angle":-18.71},{"time":0.9333,"angle":-23.62},{"time":1.0667,"angle":-11.56},{"time":1.2667}],"translate":[{"time":0.3333},{"time":0.3667,"x":4.49,"y":-14.93},{"time":0.4333,"x":-6.95,"y":1.81},{"time":0.5333,"x":4.55,"y":-3.38},{"time":0.7},{"time":0.8,"x":3.63,"y":1.75},{"time":0.9333,"x":1.25,"y":4.38},{"time":1.0667,"x":0.27,"y":2.09},{"time":1.2667,"x":4.05,"y":-1.06},{"time":1.3667,"x":5.87,"y":-10.74},{"time":1.5333}],"scale":[{"time":0.3333},{"time":0.3667,"x":1.271,"y":1.051},{"time":0.4333,"curve":"stepped"},{"time":0.9333},{"time":1.2667,"x":0.893,"y":1.091},{"time":1.3667,"x":1.006,"y":0.999},{"time":1.5333}],"shear":[{"time":0.3333},{"time":0.3667,"y":27.13},{"time":0.4333,"curve":"stepped"},{"time":0.9333},{"time":1.0667,"x":10.63},{"time":1.2667},{"time":1.3667,"x":-14.64},{"time":1.5333}]}},"events":[{"time":0.4333,"name":"attack"}]},"idle":{"bones":{"body":{"translate":[{},{"time":0.3333,"y":-2.37},{"time":0.7333,"x":-4.73,"y":3.55},{"time":1.0667}],"scale":[{},{"time":0.3333,"x":1.037,"y":0.936},{"time":0.7333,"x":0.882,"y":1.041},{"time":1.0667}]},"mouth1":{"translate":[{},{"time":0.3333,"x":2.28,"y":-1.89},{"time":0.7333,"x":5.36,"y":-2.27},{"time":1.0667}],"scale":[{},{"time":0.3333,"x":1.135,"y":0.977},{"time":0.7333,"x":0.986},{"time":1.0667}]},"leaf2":{"translate":[{},{"time":0.1333,"x":2.66,"y":1.34},{"time":0.3333,"x":6.64,"y":3.34},{"time":0.7333}],"scale":[{"time":0.3333},{"time":0.4667,"x":0.946,"y":0.951},{"time":0.7333,"x":1.227,"y":0.854},{"time":0.8667,"x":1.184,"y":0.895},{"time":1.0667}],"shear":[{},{"time":0.1333,"y":5.03},{"time":0.3333},{"time":0.4667,"y":-1.32},{"time":0.7333}]},"leaf1":{"rotate":[{},{"time":0.1333,"angle":-18.71},{"time":0.3333,"angle":-23.62},{"time":0.4667,"angle":-11.56},{"time":0.7333}],"translate":[{},{"time":0.1333,"x":3.63,"y":1.75},{"time":0.3333,"x":1.25,"y":4.38},{"time":0.4667,"x":0.27,"y":2.09},{"time":0.7333,"x":4.05,"y":-1.06},{"time":0.8667,"x":5.87,"y":-10.74},{"time":1.0667}],"scale":[{"time":0.3333},{"time":0.7333,"x":0.893,"y":1.091},{"time":0.8667,"x":1.006,"y":0.999},{"time":1.0667}],"shear":[{"time":0.3333},{"time":0.4667,"x":10.63},{"time":0.7333},{"time":0.8667,"x":-14.64},{"time":1.0667}]}}},"idle_eye":{"slots":{"eye1":{"attachment":[{"time":0.2667,"name":"eye2"},{"time":0.3333,"name":"eye3"},{"time":0.4,"name":"eye2"},{"time":0.4667,"name":"eye1"}]}},"bones":{"body":{"translate":[{},{"time":0.3333,"y":-2.37},{"time":0.7333,"x":-4.73,"y":3.55},{"time":1.0667}],"scale":[{},{"time":0.3333,"x":1.037,"y":0.936},{"time":0.7333,"x":0.882,"y":1.041},{"time":1.0667}]},"mouth1":{"translate":[{},{"time":0.3333,"x":2.28,"y":-1.89},{"time":0.7333,"x":5.36,"y":-2.27},{"time":1.0667}],"scale":[{},{"time":0.3333,"x":1.135,"y":0.977},{"time":0.7333,"x":0.986},{"time":1.0667}]},"leaf2":{"translate":[{},{"time":0.1333,"x":2.66,"y":1.34},{"time":0.3333,"x":6.64,"y":3.34},{"time":0.7333}],"scale":[{"time":0.3333},{"time":0.4667,"x":0.946,"y":0.951},{"time":0.7333,"x":1.227,"y":0.854},{"time":0.8667,"x":1.184,"y":0.895},{"time":1.0667}],"shear":[{},{"time":0.1333,"y":5.03},{"time":0.3333},{"time":0.4667,"y":-1.32},{"time":0.7333}]},"leaf1":{"rotate":[{},{"time":0.1333,"angle":-18.71},{"time":0.3333,"angle":-23.62},{"time":0.4667,"angle":-11.56},{"time":0.7333}],"translate":[{},{"time":0.1333,"x":3.63,"y":1.75},{"time":0.3333,"x":1.25,"y":4.38},{"time":0.4667,"x":0.27,"y":2.09},{"time":0.7333,"x":4.05,"y":-1.06},{"time":0.8667,"x":5.87,"y":-10.74},{"time":1.0667}],"scale":[{"time":0.3333},{"time":0.7333,"x":0.893,"y":1.091},{"time":0.8667,"x":1.006,"y":0.999},{"time":1.0667}],"shear":[{"time":0.3333},{"time":0.4667,"x":10.63},{"time":0.7333},{"time":0.8667,"x":-14.64},{"time":1.0667}]}}}}},[0]]],0,0,[0],[-1],[0]],[[[1,"StarBullet"],[4,"StarBullet",1,[-4],[[10,450,-2],[11,18,-3]],[2,-1,0]],[5,"star_bullet",1,[[12,-5,[0],1]],[0,"15l2P1xUVPcb0ROLfUdgYc",1,0],[5,46,44],[0,2,0,0,0,0,1,1,1,1]]],0,[0,1,1,0,0,1,0,0,1,0,-1,2,0,0,2,0,2,1,5],[0,0],[-1,3],[1,2]],[[[1,"StarFruit"],[7,"StarFruit",[-7,-8,-9],[[-2,[13,false,-6,-5,-4,-3,1]],1,4],[2,-1,0],[-494,-293,0,0,0,0,1,1,1,1]],[8,"bodyC",5,1,[-10,-11],[0,"71YNf05WVDaYDlyUBqyX1g",1,0]],[6,"shoot",1,[0,"57Oq5WT45IxZVRwqBFMiSt",1,0],[0,40,0,0,0,0,1,1,1,1]],[14,2,[0,0,40],[5,100,120]],[15,2,4],[9,"30_plant",1,[-12],[0,"66Him8HWFHVrjGqdpUKZcQ",1,0],[5,91.89,78.32],[0,20,0,0,0,0,1,1,1,1]],[16,"default","idle",0,"idle",6,[0]],[17,true,1,7]],0,[0,1,1,0,-1,8,0,4,3,0,5,5,0,6,8,0,0,1,0,-1,3,0,-2,2,0,-3,6,0,-1,4,0,-2,5,0,-1,7,0,2,1,12],[0,0,7],[-1,7,8],[3,4,5]],[[{"name":"star_bullet","rect":[0,0,46,44],"offset":[0,0],"originalSize":[46,44],"capInsets":[0,0,0,0]}],[3],0,[0],[9],[6]]]]