[1,["0cjqMPuo5Bj5YEPuVYRpCi","7a/QZLET9IDreTiBfRn2PD","02+sesIoFEgr5g74MF55OB"],["root","spine","node","data","_N$skeletonData"],[["cc.PrefabInfo",["fileId","root","asset"],2,1,1],["sp.SkeletonData",["_name","_atlasText","textureNames","_skeletonJson","textures"],-1,3],["cc.Prefab",["_name"],2],["cc.Node",["_name","_children","_components","_prefab"],2,2,9,4],["cc.Node",["_name","_parent","_components","_prefab","_contentSize"],2,1,2,4,5],["b2afbvP8rxKZpOCQLPbuZGR",["aniName","node","spine"],2,1,1],["sp.Skeleton",["defaultSkin","defaultAnimation","_preCacheMode","_animationName","node","_materials"],-1,1,3],["261d4+Q1HdGA5w3tjdBw83c",["node","spineAnimation"],3,1,1]],[[1,0,1,2,3,4,5],[2,0,2],[3,0,1,2,3,2],[4,0,1,2,3,4,2],[5,0,1,2,2],[0,1,2,1],[0,0,1,2,2],[6,0,1,2,3,4,5,5],[7,0,1,1]],[[[[0,"10FX_tu","\n10FX_tu.png\nsize: 512,128\nformat: RGBA8888\nfilter: Linear,Linear\nrepeat: none\ns1\n  rotate: true\n  xy: 375, 2\n  size: 33, 29\n  orig: 33, 30\n  offset: 0, 0\n  index: -1\ns2\n  rotate: true\n  xy: 406, 9\n  size: 26, 21\n  orig: 26, 21\n  offset: 0, 0\n  index: -1\ns3\n  rotate: true\n  xy: 440, 35\n  size: 59, 40\n  orig: 59, 41\n  offset: 0, 0\n  index: -1\ntu1\n  rotate: true\n  xy: 152, 26\n  size: 68, 77\n  orig: 100, 112\n  offset: 16, 16\n  index: -1\ntu2\n  rotate: true\n  xy: 305, 30\n  size: 64, 68\n  orig: 100, 104\n  offset: 16, 16\n  index: -1\ntu3\n  rotate: false\n  xy: 375, 37\n  size: 63, 57\n  orig: 100, 81\n  offset: 22, 12\n  index: -1\ntu4\n  rotate: false\n  xy: 2, 23\n  size: 75, 71\n  orig: 100, 96\n  offset: 14, 14\n  index: -1\ntu5\n  rotate: false\n  xy: 79, 24\n  size: 71, 70\n  orig: 100, 93\n  offset: 16, 10\n  index: -1\ntu6\n  rotate: false\n  xy: 231, 26\n  size: 72, 68\n  orig: 100, 96\n  offset: 14, 14\n  index: -1\n",["10FX_tu.png"],{"skeleton":{"hash":"2i5pHc6JoCs3/RaDDkMs4JDYrdc","spine":"3.8.99","x":-1054.07,"y":-412.49,"width":2340,"height":720},"bones":[{"name":"root"},{"name":"plant","parent":"root","scaleX":0.166,"scaleY":0.166},{"name":"tu1","parent":"plant","x":-61.96,"y":47.38},{"name":"tu6","parent":"plant","x":-80.91,"y":58.31},{"name":"tu5","parent":"plant","x":-41.55,"y":82.37},{"name":"tu4","parent":"plant","x":28.43,"y":76.54},{"name":"tu3","parent":"plant","x":59.77,"y":63.42},{"name":"tu2","parent":"plant","x":5.1,"y":62.69},{"name":"tu7","parent":"plant","x":-80.91,"y":58.31},{"name":"tu8","parent":"plant","x":-41.55,"y":82.37},{"name":"tu9","parent":"plant","x":28.43,"y":76.54},{"name":"tu10","parent":"plant","x":59.77,"y":63.42},{"name":"tu11","parent":"plant","x":5.1,"y":62.69},{"name":"tu12","parent":"plant","x":-61.96,"y":47.38},{"name":"s3","parent":"plant","x":42.51,"y":36.6,"scaleX":3.1607,"scaleY":3.1607},{"name":"s2","parent":"plant","x":32.94,"y":-2.65,"scaleX":3.1607,"scaleY":3.1607},{"name":"s1","parent":"plant","x":-35.51,"y":30.58,"scaleX":3.626,"scaleY":3.626},{"name":"s4","parent":"plant","x":121.02,"y":31.14,"scaleX":4.4411,"scaleY":5.6302},{"name":"s5","parent":"plant","rotation":-10.01,"x":19.46,"y":28.92,"scaleX":-2.1746,"scaleY":2.5839}],"slots":[{"name":"bg","bone":"root"},{"name":"tu1","bone":"tu1","attachment":"tu1"},{"name":"tu12","bone":"tu12","attachment":"tu1"},{"name":"tu2","bone":"tu2","attachment":"tu2"},{"name":"tu11","bone":"tu11","attachment":"tu2"},{"name":"tu3","bone":"tu3","attachment":"tu3"},{"name":"tu10","bone":"tu10","attachment":"tu3"},{"name":"tu4","bone":"tu4","attachment":"tu4"},{"name":"tu9","bone":"tu9","attachment":"tu4"},{"name":"tu5","bone":"tu5","attachment":"tu5"},{"name":"tu8","bone":"tu8","attachment":"tu5"},{"name":"tu6","bone":"tu6","attachment":"tu6"},{"name":"tu7","bone":"tu7","attachment":"tu6"},{"name":"s4","bone":"s4"},{"name":"s3","bone":"s3"},{"name":"s5","bone":"s5"},{"name":"s1","bone":"s1"},{"name":"s2","bone":"s2"}],"skins":[{"name":"default","attachments":{"s1":{"s1":{"width":33,"height":30}},"s2":{"s2":{"width":26,"height":21}},"s3":{"s3":{"width":59,"height":41}},"s4":{"s2":{"width":26,"height":21}},"s5":{"s3":{"width":59,"height":41}},"tu1":{"tu1":{"width":100,"height":112}},"tu2":{"tu2":{"width":100,"height":104}},"tu3":{"tu3":{"width":100,"height":81}},"tu4":{"tu4":{"width":100,"height":96}},"tu5":{"tu5":{"width":100,"height":93}},"tu6":{"tu6":{"width":100,"height":96}},"tu7":{"tu6":{"width":100,"height":96}},"tu8":{"tu5":{"width":100,"height":93}},"tu9":{"tu4":{"width":100,"height":96}},"tu10":{"tu3":{"width":100,"height":81}},"tu11":{"tu2":{"width":100,"height":104}},"tu12":{"tu1":{"width":100,"height":112}}}}],"animations":{"idle1":{"slots":{"tu1":{"attachment":[{"time":0.4667,"name":null}]},"tu2":{"attachment":[{"name":null},{"time":0.1333,"name":"tu2"},{"time":0.4667,"name":null}]},"tu3":{"attachment":[{"time":0.6,"name":null}]},"tu4":{"attachment":[{"time":0.4667,"name":null}]},"tu5":{"attachment":[{"name":null},{"time":0.1333,"name":"tu5"},{"time":0.4667,"name":null}]},"tu6":{"attachment":[{"time":0.4667,"name":null}]},"tu7":{"attachment":[{"time":0.5667,"name":null}]},"tu8":{"attachment":[{"name":null},{"time":0.1333,"name":"tu5"},{"time":0.4667,"name":null}]},"tu9":{"attachment":[{"name":null}]},"tu10":{"attachment":[{"time":0.4667,"name":null}]},"tu11":{"attachment":[{"name":null}]},"tu12":{"attachment":[{"name":null}]}},"bones":{"tu1":{"rotate":[{"time":0.2667,"curve":0.25,"c4":0.84},{"time":0.4667,"angle":43.04}],"translate":[{"x":-134.01,"y":40.89,"curve":0.167,"c2":0.24,"c3":0.639,"c4":0.96},{"time":0.2667,"x":-178.97,"y":130.37,"curve":0.25,"c4":0.84},{"time":0.4667,"x":-217.14,"y":6.33}],"scale":[{"x":0.57,"y":0.57}]},"tu7":{"rotate":[{"angle":-46,"curve":0.167,"c2":0.24,"c3":0.639,"c4":0.96},{"time":0.2667,"angle":-37.28,"curve":0.25,"c4":0.84},{"time":0.5333,"angle":-10.03}],"translate":[{"x":-87.4,"y":51.31,"curve":0.167,"c2":0.24,"c3":0.639,"c4":0.96},{"time":0.2667,"x":-156.49,"y":167.57,"curve":0.25,"c4":0.84},{"time":0.5333,"x":-219.7,"y":28.02}],"scale":[{"x":1.084,"y":1.084}]},"tu10":{"rotate":[{"angle":56.88,"curve":0.167,"c2":0.24,"c3":0.639,"c4":0.96},{"time":0.2667,"angle":88.33,"curve":0.25,"c4":0.84},{"time":0.4667,"angle":111.17}],"translate":[{"x":-146.82,"y":-9.88,"curve":0.167,"c2":0.24,"c3":0.639,"c4":0.96},{"time":0.2667,"x":-218.78,"y":107.9,"curve":0.25,"c4":0.84},{"time":0.4667,"x":-227.13,"y":17.25}],"scale":[{"x":0.836,"y":0.836,"curve":0.167,"c2":0.24,"c3":0.639,"c4":0.96},{"time":0.2667,"x":0.915,"y":0.915}]},"tu6":{"rotate":[{"time":0.2667,"curve":0.25,"c4":0.84},{"time":0.4667,"angle":20.91}],"translate":[{"x":-67.38,"y":-26.41,"curve":0.167,"c2":0.24,"c3":0.639,"c4":0.96},{"time":0.2667,"x":-96.67,"y":80.58,"curve":0.25,"c4":0.84},{"time":0.4667,"x":-146.77,"y":-58.97}],"scale":[{"curve":0.167,"c2":0.24,"c3":0.639,"c4":0.96},{"time":0.2667,"x":0.698,"y":0.698}]},"tu4":{"rotate":[{"curve":0.167,"c2":0.24,"c3":0.639,"c4":0.96},{"time":0.2667,"angle":-49.96,"curve":0.25,"c4":0.84},{"time":0.4667,"angle":-71.73}],"translate":[{"x":137.71,"y":152.35,"curve":0.167,"c2":0.24,"c3":0.639,"c4":0.96},{"time":0.2667,"x":231.18,"y":242.08,"curve":0.25,"c4":0.84},{"time":0.4667,"x":295.59,"y":108.49}],"scale":[{"curve":0.167,"c2":0.24,"c3":0.639,"c4":0.96},{"time":0.2667,"x":1.071,"y":1.071}]},"tu3":{"rotate":[{"time":0.2667,"curve":0.25,"c4":0.84},{"time":0.5667,"angle":-16.29}],"translate":[{"x":57.74,"y":116.84,"curve":0.167,"c2":0.24,"c3":0.639,"c4":0.96},{"time":0.2667,"x":160.92,"y":229.17,"curve":0.25,"c4":0.84},{"time":0.5667,"x":201.47,"y":50.26}],"scale":[{"x":0.874,"y":0.874,"curve":0.167,"c2":0.24,"c3":0.639,"c4":0.96},{"time":0.2667,"x":0.682,"y":0.682}]},"tu2":{"rotate":[{"time":0.2667},{"time":0.4667,"angle":-26.69}],"translate":[{"time":0.1333,"x":6.02,"y":59.49},{"time":0.2667,"x":17.62,"y":184.94},{"time":0.4667,"x":59.79,"y":125.9}],"scale":[{"time":0.1333,"x":1.392,"y":1.184},{"time":0.2667,"x":1.493,"y":1.27},{"time":0.4667,"x":1.167,"y":0.993}]},"tu5":{"rotate":[{"time":0.1333},{"time":0.2667,"angle":9.37},{"time":0.4667,"angle":18.32}],"translate":[{"time":0.1333,"x":5.27,"y":-2.26},{"time":0.2667,"x":-26.36,"y":58.89},{"time":0.4667,"x":-57.07,"y":12.03}],"scale":[{"time":0.1333,"x":0.7,"y":0.7},{"time":0.2667,"x":0.834,"y":0.834},{"time":0.4667,"x":0.643,"y":0.643}]},"tu8":{"rotate":[{"time":0.1333,"angle":-80.26},{"time":0.2667,"angle":-113.81}],"translate":[{"time":0.1333,"x":85.84,"y":-60.24},{"time":0.2667,"x":113.25,"y":73.64},{"time":0.4667,"x":190.21,"y":55.72}]}}},"idle2":{"slots":{"tu1":{"color":[{"time":0.2333,"color":"ffffffff","curve":0.25,"c3":0.75},{"time":0.4,"color":"ffffff00"}]},"tu2":{"color":[{"time":0.2667,"color":"ffffffff","curve":0.25,"c3":0.75},{"time":0.4,"color":"ffffff00"}]},"tu3":{"color":[{"time":0.2333,"color":"ffffffff","curve":0.25,"c3":0.75},{"time":0.4333,"color":"ffffff00"}]},"tu4":{"color":[{"time":0.2333,"color":"ffffffff","curve":0.25,"c3":0.75},{"time":0.4333,"color":"ffffff00"}]},"tu5":{"color":[{"time":0.2,"color":"ffffffff","curve":0.25,"c3":0.75},{"time":0.3,"color":"ffffff00"}]},"tu6":{"color":[{"time":0.1667,"color":"ffffffff","curve":0.25,"c3":0.75},{"time":0.2667,"color":"ffffff00"}]},"tu7":{"color":[{"time":0.1333,"color":"ffffffff","curve":0.25,"c3":0.75},{"time":0.2333,"color":"ffffff00"}]},"tu8":{"color":[{"time":0.2,"color":"ffffffff","curve":0.25,"c3":0.75},{"time":0.3,"color":"ffffff00"}]},"tu9":{"color":[{"time":0.3,"color":"ffffffff","curve":0.25,"c3":0.75},{"time":0.4667,"color":"ffffff00"}]},"tu10":{"color":[{"time":0.1667,"color":"ffffffff","curve":0.25,"c3":0.75},{"time":0.2667,"color":"ffffff00"}]},"tu11":{"color":[{"time":0.2333,"color":"ffffffff","curve":0.25,"c3":0.75},{"time":0.3667,"color":"ffffff00"}]},"tu12":{"color":[{"time":0.1667,"color":"ffffffff","curve":0.25,"c3":0.75},{"time":0.2667,"color":"ffffff00"}]}},"bones":{"tu6":{"rotate":[{"curve":0.162,"c3":0.606},{"time":0.1,"angle":21.16,"curve":0.242,"c3":0.91,"c4":0.83},{"time":0.2333,"angle":48.83}],"translate":[{"x":-39.65,"y":-3.03,"curve":0.162,"c3":0.606},{"time":0.1,"x":-110.99,"y":165.89,"curve":0.242,"c3":0.91,"c4":0.83},{"time":0.2333,"x":-140.14,"y":96.26}],"scale":[{"time":0.1,"curve":0.242,"c3":0.91,"c4":0.83},{"time":0.2333,"x":0.792,"y":0.792}]},"tu1":{"rotate":[{"curve":0.162,"c3":0.606},{"time":0.1667,"angle":14.15,"curve":0.242,"c3":0.91,"c4":0.83},{"time":0.3667,"angle":64.14}],"translate":[{"x":-2.16,"y":22.2,"curve":0.162,"c3":0.606},{"time":0.1667,"x":-60.3,"y":188.47,"curve":0.242,"c3":0.91,"c4":0.83},{"time":0.3667,"x":-129.97,"y":10.79}],"scale":[{"curve":0.162,"c3":0.606},{"time":0.1667,"x":1.09,"y":1.09,"curve":0.242,"c3":0.91,"c4":0.83},{"time":0.3667,"x":0.893,"y":0.893}]},"tu4":{"rotate":[{"curve":0.162,"c3":0.606},{"time":0.1667,"angle":-15.17,"curve":0.242,"c3":0.91,"c4":0.83},{"time":0.4,"angle":43.2}],"translate":[{"x":10.17,"y":-1.37,"curve":0.162,"c3":0.606},{"time":0.1667,"x":39.58,"y":265.67,"curve":0.242,"c3":0.91,"c4":0.83},{"time":0.4,"x":28.97,"y":164.46}],"scale":[{"curve":0.162,"c3":0.606},{"time":0.1667,"x":1.02,"y":1.02,"curve":0.242,"c3":0.91,"c4":0.83},{"time":0.4,"x":0.845,"y":0.845}]},"tu3":{"rotate":[{"curve":0.162,"c3":0.606},{"time":0.1667,"angle":-20.68,"curve":0.242,"c3":0.91,"c4":0.83},{"time":0.4,"angle":-78.72}],"translate":[{"x":26.69,"y":4.57,"curve":0.162,"c3":0.606},{"time":0.1667,"x":148.56,"y":174.49,"curve":0.242,"c3":0.91,"c4":0.83},{"time":0.4,"x":184.71,"y":4.13}],"scale":[{"curve":0.162,"c3":0.606},{"time":0.1667,"x":1.057,"y":1.057,"curve":0.242,"c3":0.91,"c4":0.83},{"time":0.4,"x":0.91,"y":0.91}]},"tu5":{"rotate":[{"time":0.1333,"curve":0.242,"c3":0.91,"c4":0.83},{"time":0.2667,"angle":-11.4}],"translate":[{"x":49.89,"y":-58.02,"curve":0.162,"c3":0.606},{"time":0.1333,"x":70.63,"y":187.14,"curve":0.242,"c3":0.91,"c4":0.83},{"time":0.2667,"x":86.05,"y":149.55}],"scale":[{"x":0.827,"y":0.827,"curve":"stepped"},{"time":0.1333,"x":0.827,"y":0.827,"curve":0.242,"c3":0.91,"c4":0.83},{"time":0.2667,"x":0.727,"y":0.727}]},"tu2":{"rotate":[{"curve":0.162,"c3":0.606},{"time":0.2,"angle":12.99,"curve":0.242,"c3":0.91,"c4":0.83},{"time":0.3667,"angle":61.29}],"translate":[{"x":-39.93,"y":-24.61,"curve":0.162,"c3":0.606},{"time":0.2,"x":-73.63,"y":293.15,"curve":0.242,"c3":0.91,"c4":0.83},{"time":0.3667,"x":-100.62,"y":223.99}],"scale":[{"time":0.2,"curve":0.242,"c3":0.91,"c4":0.83},{"time":0.3667,"x":0.896,"y":0.896}]},"tu7":{"rotate":[{"angle":-172.53,"curve":0.162,"c3":0.606},{"time":0.1,"angle":157.44,"curve":0.242,"c3":0.91,"c4":0.83},{"time":0.2,"angle":111.77}],"translate":[{"x":174.85,"y":-4.29,"curve":0.162,"c3":0.606},{"time":0.1,"x":213.66,"y":195.34,"curve":0.242,"c3":0.91,"c4":0.83},{"time":0.2,"x":233.42,"y":147.17}],"scale":[{"x":0.687,"y":0.687}]},"tu8":{"rotate":[{"time":0.1333,"curve":0.242,"c3":0.91,"c4":0.83},{"time":0.2667,"angle":-18.85}],"translate":[{"x":97,"y":-25.88,"curve":0.162,"c3":0.606},{"time":0.1333,"x":156.41,"y":236.9,"curve":0.242,"c3":0.91,"c4":0.83},{"time":0.2667,"x":179.87,"y":150.45}],"scale":[{"x":0.827,"y":0.827,"curve":"stepped"},{"time":0.1333,"x":0.827,"y":0.827,"curve":0.242,"c3":0.91,"c4":0.83},{"time":0.2667,"x":0.721,"y":0.721}]},"tu9":{"rotate":[{"angle":-172.53,"curve":"stepped"},{"time":0.1333,"angle":-172.53,"curve":0.242,"c3":0.91,"c4":0.83},{"time":0.4333,"angle":-134.14}],"translate":[{"x":-38.03,"y":-17.04,"curve":0.162,"c3":0.606},{"time":0.1333,"x":-40.46,"y":248.81,"curve":0.242,"c3":0.91,"c4":0.83},{"time":0.4333,"x":-104.08,"y":61.94}],"scale":[{"x":0.687,"y":0.687,"curve":0.162,"c3":0.606},{"time":0.1333,"x":0.837,"y":0.837,"curve":0.242,"c3":0.91,"c4":0.83},{"time":0.4333,"x":0.639,"y":0.639}]},"tu10":{"rotate":[{"angle":-172.53,"curve":0.162,"c3":0.606},{"time":0.1,"angle":-159.3,"curve":0.242,"c3":0.91,"c4":0.83},{"time":0.2333,"angle":-145.29}],"translate":[{"x":-181.12,"y":-31.05,"curve":0.162,"c3":0.606},{"time":0.1,"x":-253.84,"y":82.14,"curve":0.242,"c3":0.91,"c4":0.83},{"time":0.2333,"x":-294.59,"y":11.75}],"scale":[{"x":0.687,"y":0.687}]},"tu11":{"rotate":[{"angle":-172.53,"curve":"stepped"},{"time":0.1667,"angle":-172.53,"curve":0.242,"c3":0.91,"c4":0.83},{"time":0.3,"angle":-145.63}],"translate":[{"x":-87.67,"y":20.25,"curve":0.162,"c3":0.606},{"time":0.1667,"x":-129.83,"y":261.32,"curve":0.242,"c3":0.91,"c4":0.83},{"time":0.3,"x":-149.59,"y":223.03}],"scale":[{"x":0.687,"y":0.687}]},"tu12":{"rotate":[{"angle":-172.53,"curve":0.162,"c3":0.606},{"time":0.1,"angle":169.85,"curve":0.242,"c3":0.91,"c4":0.83},{"time":0.2333,"angle":149.9}],"translate":[{"x":136.58,"y":30.74,"curve":0.162,"c3":0.606},{"time":0.1,"x":217.86,"y":143.84,"curve":0.242,"c3":0.91,"c4":0.83},{"time":0.2333,"x":238.48,"y":104.03}],"scale":[{"x":0.687,"y":0.687}]}}},"idle3":{"slots":{"s1":{"color":[{"time":0.6667,"color":"ffffffff"},{"time":0.8333,"color":"ffffff00"}],"attachment":[{"name":"s1"}]},"s2":{"color":[{"time":0.6667,"color":"ffffffff"},{"time":0.8333,"color":"ffffff00"}],"attachment":[{"name":"s2"}]},"s3":{"color":[{"time":0.6667,"color":"ffffffff"},{"time":0.8333,"color":"ffffff00"}],"attachment":[{"name":"s3"}]},"s4":{"color":[{"time":0.6667,"color":"ffffffff"},{"time":0.8333,"color":"ffffff00"}],"attachment":[{"name":"s2"}]},"s5":{"color":[{"time":0.6667,"color":"ffffffff"},{"time":0.8333,"color":"ffffff00"}],"attachment":[{"name":"s3"}]},"tu1":{"attachment":[{"name":null},{"time":0.2,"name":"tu1"},{"time":0.4667,"name":null}]},"tu2":{"attachment":[{"time":0.5333,"name":null}]},"tu3":{"attachment":[{"name":null},{"time":0.2,"name":"tu3"},{"time":0.5667,"name":null}]},"tu4":{"attachment":[{"name":null},{"time":0.2,"name":"tu4"},{"time":0.4667,"name":null}]},"tu5":{"attachment":[{"time":0.2667,"name":null}]},"tu6":{"attachment":[{"name":null},{"time":0.2,"name":"tu6"},{"time":0.4667,"name":null}]},"tu7":{"attachment":[{"name":null},{"time":0.2,"name":"tu6"},{"time":0.5667,"name":null}]},"tu8":{"attachment":[{"time":0.2333,"name":null}]},"tu9":{"attachment":[{"name":null}]},"tu10":{"attachment":[{"name":null},{"time":0.2,"name":"tu3"},{"time":0.4667,"name":null}]},"tu11":{"attachment":[{"name":null}]},"tu12":{"attachment":[{"name":null}]}},"bones":{"tu1":{"rotate":[{"time":0.3333,"curve":0.25,"c4":0.84},{"time":0.4667,"angle":43.04}],"translate":[{"time":0.2,"x":-107.61,"y":91.92,"curve":0.312,"c2":0.49,"c3":0.683,"c4":0.95},{"time":0.3333,"x":-107.29,"y":181.43,"curve":0.25,"c4":0.84},{"time":0.4667,"x":-157.24,"y":4.36}],"scale":[{"time":0.2,"x":0.57,"y":0.57}]},"tu2":{"rotate":[{"time":0.3667},{"time":0.5333,"angle":-14.49}],"translate":[{"time":0.0667,"x":6.02,"y":59.49,"curve":0.25,"c3":0.556},{"time":0.3667,"x":107.44,"y":362.17},{"time":0.5333,"x":158.04,"y":141.96}],"scale":[{"time":0.0667,"x":1.392,"y":1.184}]},"tu3":{"rotate":[{"time":0.3333,"curve":0.25,"c4":0.84},{"time":0.5667,"angle":-16.29}],"translate":[{"time":0.2,"x":99.2,"y":88.12,"curve":0.312,"c2":0.49,"c3":0.683,"c4":0.95},{"time":0.3333,"x":160.92,"y":229.17,"curve":0.25,"c4":0.84},{"time":0.5667,"x":201.47,"y":50.26}],"scale":[{"time":0.2,"x":0.76,"y":0.76,"curve":0.312,"c2":0.49,"c3":0.683,"c4":0.95},{"time":0.3333,"x":0.682,"y":0.682}]},"tu10":{"rotate":[{"time":0.2,"angle":75.51,"curve":0.312,"c2":0.49,"c3":0.683,"c4":0.95},{"time":0.3333,"angle":88.33,"curve":0.25,"c4":0.84},{"time":0.4667,"angle":111.17}],"translate":[{"time":0.2,"x":-130.52,"y":36.3,"curve":0.312,"c2":0.49,"c3":0.683,"c4":0.95},{"time":0.3333,"x":-172.63,"y":106.92,"curve":0.25,"c4":0.84},{"time":0.4667,"x":-142.69,"y":39.84}],"scale":[{"time":0.2,"x":0.882,"y":0.882,"curve":0.312,"c2":0.49,"c3":0.683,"c4":0.95},{"time":0.3333,"x":0.915,"y":0.915}]},"tu4":{"rotate":[{"time":0.2,"angle":-29.58,"curve":0.312,"c2":0.49,"c3":0.683,"c4":0.95},{"time":0.3333,"angle":-49.96,"curve":0.25,"c4":0.84},{"time":0.4667,"angle":-71.73}],"translate":[{"time":0.2,"x":173.42,"y":110.24,"curve":0.312,"c2":0.49,"c3":0.683,"c4":0.95},{"time":0.3333,"x":231.18,"y":242.08,"curve":0.25,"c4":0.84},{"time":0.4667,"x":295.59,"y":108.49}],"scale":[{"time":0.2,"x":1.042,"y":1.042,"curve":0.312,"c2":0.49,"c3":0.683,"c4":0.95},{"time":0.3333,"x":1.071,"y":1.071}]},"tu5":{"rotate":[{},{"time":0.1333,"angle":9.37},{"time":0.2},{"time":0.2333,"angle":18.32}],"translate":[{"x":5.27,"y":-2.26},{"time":0.1333,"x":-26.36,"y":58.89},{"time":0.2,"x":5.27,"y":-2.26},{"time":0.2333,"x":-57.07,"y":12.03}],"scale":[{"x":0.7,"y":0.7},{"time":0.1333,"x":0.834,"y":0.834},{"time":0.2,"x":0.7,"y":0.7},{"time":0.2333,"x":0.643,"y":0.643}]},"tu8":{"rotate":[{"angle":-80.26},{"time":0.1333,"angle":-113.81},{"time":0.2,"angle":-80.26},{"time":0.2333,"angle":-113.81}],"translate":[{"x":85.84,"y":-60.24},{"time":0.1333,"x":113.25,"y":73.64},{"time":0.2,"x":85.84,"y":-60.24},{"time":0.2333,"x":190.21,"y":55.72}]},"tu6":{"rotate":[{"time":0.3333,"curve":0.25,"c4":0.84},{"time":0.4667,"angle":20.91}],"translate":[{"time":0.2,"x":-25.81,"y":13.38,"curve":0.312,"c2":0.49,"c3":0.683,"c4":0.95},{"time":0.3333,"x":-50.52,"y":79.6,"curve":0.25,"c4":0.84},{"time":0.4667,"x":-62.33,"y":-36.39}],"scale":[{"time":0.2,"x":0.821,"y":0.821,"curve":0.312,"c2":0.49,"c3":0.683,"c4":0.95},{"time":0.3333,"x":0.698,"y":0.698}]},"tu7":{"rotate":[{"time":0.2,"angle":-40.83,"curve":0.312,"c2":0.49,"c3":0.683,"c4":0.95},{"time":0.3333,"angle":-37.28,"curve":0.25,"c4":0.84},{"time":0.5333,"angle":-10.03}],"translate":[{"time":0.2,"x":-75.29,"y":118.19,"curve":0.312,"c2":0.49,"c3":0.683,"c4":0.95},{"time":0.3333,"x":-84.81,"y":218.63,"curve":0.25,"c4":0.84},{"time":0.5333,"x":-137.22,"y":77.11}],"scale":[{"time":0.2,"x":1.084,"y":1.084}]},"s4":{"translate":[{},{"time":0.2,"x":66.23,"y":1.79},{"time":0.3667,"x":62.66,"y":-14.31},{"time":0.5,"x":66.23,"y":-9.54}],"scale":[{},{"time":0.2,"x":1.229,"y":1.064},{"time":0.3667,"x":1.148,"y":1.007},{"time":0.5,"x":1.155}]},"s3":{"translate":[{},{"time":0.2,"x":41.76,"y":6.56},{"time":0.3667,"x":51.3,"y":-11.93},{"time":0.5,"x":56.07,"y":-8.35}],"scale":[{},{"time":0.2,"x":1.099,"y":1.099},{"time":0.3667,"x":0.994,"y":0.957},{"time":0.5}]},"s5":{"translate":[{},{"time":0.2,"x":-63.98,"y":5.96},{"time":0.3667,"x":-50.86,"y":-14.31},{"time":0.5,"x":-50.86,"y":-10.14}],"scale":[{},{"time":0.2,"x":1.056,"y":0.991},{"time":0.3667,"x":1.073,"y":0.988},{"time":0.5}]},"s1":{"translate":[{},{"time":0.2,"x":-57.65,"y":6.56},{"time":0.3667,"x":-57.65,"y":-10.14},{"time":0.5,"x":-63.02,"y":-5.37}],"scale":[{},{"time":0.2,"x":1.124,"y":1.093},{"time":0.3667,"x":1.075,"y":0.957},{"time":0.5,"x":1.081}]},"s2":{"translate":[{},{"time":0.2,"x":45.78,"y":6.24},{"time":0.3667,"x":40.42,"y":-9.86},{"time":0.5,"x":42.2,"y":-6.88}],"scale":[{},{"time":0.2,"x":1.32,"y":1.32},{"time":0.3667,"x":1.206,"y":1.106},{"time":0.5,"x":1.155,"y":1.155}]}}}}},[0]]],0,0,[0],[-1],[0]],[[[1,"DirtEffect"],[2,"DirtEffect",[-4],[[4,"idle1",-3,-2]],[5,-1,0]],[3,"10FX_tu",1,[-5,-6],[6,"48GixsF0NMpZFvBDvKMxAs",1,0],[5,2340,720]],[7,"default","idle1",0,"idle1",2,[0]],[8,2,3]],0,[0,0,1,0,1,4,0,2,1,0,-1,2,0,-1,3,0,-2,4,0,3,1,6],[0,3],[-1,4],[1,2]]]]