[1,["39WnSYsDZHK4CD20DkTIZY","ecpdLyjvZBwrvm+cedCcQy","4dwiKP3f9BSY/2sqZAgRQr","b7YLMsHINKaKf97OfcT/OI","bfmAziKUNLUYwQyyGGO9kt","3fN1PWX8JCQp0z/UHlqLMb","6eUuMwfAJL+b57OhqAkdWE","3ay4CUZUBGJp1NSwEJ436Y","14CsSuUFlHs4WSqXCgftrP","24DMqC+UBGeJLvVT3JA3vu","b4sLbfJbBL/b26mPh7qtPx","14GXpl8A9Bj4GQezRKIB1y","89ukkVVPtBS4YSFTEqTFPR","36T+01xiVHfaWJ7aZQAspX","e7dTUf3RdHDa6zWBqBJWjf","0bc+if6cBNYIx1CiUhSvM4","b8ZHSYlM1KZamjJ/ex6X6Q","43nW2LMCJEvYJT2tAb4l8C","78iCv6Gu5CLJxOaqHKBQ6C","081dpVMmBJ15gaVYjei10M","074f/3gwxDD7ToAJJGAtEL","d5tiuYV8RFcK/V1rVMfhXZ","65b3dnrXZBL4qL5GLqu/tm","251sT2a3VIdYP1lUrmX6Rt","5dVahOKi1JwqBW1kiYF5Hp","ecZMtPcmVKDoo2DnufakTy","92+G6cJVFBS5y/qKP0WjtO","b8kkGDQkJLUrAfsefcLoRs","96f4gvbNNJ0JOHakos0y/V","14CeGuVoZIUJr5WPKQD0zW","05UpZoCmJOMKiBgA90jkoC","20Q01+DR9K5IiQ3iZFl0Vb","74JoDpFVVOQ7L8mzmtWAYz"],["_textureSetter","node","root","ani","data"],["cc.SpriteFrame",["cc.PrefabInfo",["fileId","root","asset"],2,1,1],["cc.Prefab",["_name"],2],["cc.Node",["_name","_children","_components","_prefab"],2,2,9,4],["cc.Node",["_name","_parent","_components","_prefab","_contentSize"],2,1,12,4,5],["7c9ef+mNP5N/ZWOKV0x/u2L",["node","ani"],3,1,1],["cc.Sprite",["node","_materials"],3,1,3],["2f54fyh8VpKBaCciEDVPkHC",["duration","node","spriteFrames"],2,1,3]],[[2,0,2],[3,0,1,2,3,2],[4,0,1,2,3,4,2],[5,0,1,1],[1,1,2,1],[1,0,1,2,2],[6,0,1,1],[7,0,1,2,2]],[[[{"name":"x014","rect":[31,14,352,289],"offset":[7.5,6.5],"originalSize":[399,330],"capInsets":[0,0,0,0]}],[0],0,[0],[0],[0]],[[[0,"JackBoomEffect"],[1,"JackBoomEffect",[-4],[[3,-3,-2]],[4,-1,0]],[2,"boom",1,[[[6,-5,[0]],-6],4,1],[5,"dd7xg+yFhL9rDJu5TGLswM",1,0],[5,159,109]],[7,0.04,2,[1,2,3,4,5,6,7,8,9,10,11,12,13,14,15,16]]],0,[0,2,1,0,3,3,0,1,1,0,-1,2,0,1,2,0,-2,3,0,4,1,6],[0,0,0,0,0,0,0,0,0,0,0,0,0,0,0,0,0],[-1,-1,-2,-3,-4,-5,-6,-7,-8,-9,-10,-11,-12,-13,-14,-15,-16],[1,2,3,4,5,6,7,8,9,10,11,12,13,14,15,16,17]],[[{"name":"x007","rect":[12,55,383,268],"offset":[4,-24],"originalSize":[399,330],"capInsets":[0,0,0,0]}],[0],0,[0],[0],[18]],[[{"name":"x010","rect":[5,50,385,278],"offset":[-2,-24],"originalSize":[399,330],"capInsets":[0,0,0,0]}],[0],0,[0],[0],[19]],[[{"name":"x008","rect":[8,51,391,279],"offset":[4,-25.5],"originalSize":[399,330],"capInsets":[0,0,0,0]}],[0],0,[0],[0],[20]],[[{"name":"x012","rect":[12,51,372,253],"offset":[-1.5,-12.5],"originalSize":[399,330],"capInsets":[0,0,0,0]}],[0],0,[0],[0],[21]],[[{"name":"x006","rect":[38,69,358,256],"offset":[17.5,-32],"originalSize":[399,330],"capInsets":[0,0,0,0]}],[0],0,[0],[0],[22]],[[{"name":"x004","rect":[69,79,299,229],"offset":[19,-28.5],"originalSize":[399,330],"capInsets":[0,0,0,0]}],[0],0,[0],[0],[23]],[[{"name":"x016","rect":[86,0,290,222],"offset":[31.5,54],"originalSize":[399,330],"capInsets":[0,0,0,0]}],[0],0,[0],[0],[24]],[[{"name":"x001","rect":[125,143,159,109],"offset":[5,-32.5],"originalSize":[399,330],"capInsets":[0,0,0,0]}],[0],0,[0],[0],[25]],[[{"name":"x005","rect":[54,78,327,240],"offset":[18,-33],"originalSize":[399,330],"capInsets":[0,0,0,0]}],[0],0,[0],[0],[26]],[[{"name":"x011","rect":[10,60,380,265],"offset":[0.5,-27.5],"originalSize":[399,330],"capInsets":[0,0,0,0]}],[0],0,[0],[0],[27]],[[{"name":"x009","rect":[0,52,394,278],"offset":[-2.5,-26],"originalSize":[399,330],"capInsets":[0,0,0,0]}],[0],0,[0],[0],[28]],[[{"name":"x002","rect":[109,117,184,163],"offset":[1.5,-33.5],"originalSize":[399,330],"capInsets":[0,0,0,0]}],[0],0,[0],[0],[29]],[[{"name":"x015","rect":[89,10,291,217],"offset":[35,46.5],"originalSize":[399,330],"capInsets":[0,0,0,0]}],[0],0,[0],[0],[30]],[[{"name":"x003","rect":[82,93,260,209],"offset":[12.5,-32.5],"originalSize":[399,330],"capInsets":[0,0,0,0]}],[0],0,[0],[0],[31]],[[{"name":"x013","rect":[32,39,351,266],"offset":[8,-7],"originalSize":[399,330],"capInsets":[0,0,0,0]}],[0],0,[0],[0],[32]]]]