[1,["66fBv6qw1OZLs6yOPkAd28"],["_texture"],[["dragonBones.DragonBonesAtlasAsset",["_name","_atlasJson"],1]],[[0,0,1,3]],[[0,"XiaoGuiJiangShi_tex","{\"width\":64,\"SubTexture\":[{\"width\":12,\"y\":44,\"height\":16,\"name\":\"脚2\",\"x\":41},{\"width\":11,\"y\":80,\"height\":13,\"name\":\"大腿2\",\"x\":50},{\"width\":30,\"y\":83,\"height\":21,\"name\":\"腰\",\"x\":1},{\"width\":12,\"y\":62,\"height\":16,\"name\":\"脚1\",\"x\":41},{\"width\":13,\"y\":100,\"height\":15,\"name\":\"大腿1\",\"x\":49},{\"width\":11,\"y\":117,\"height\":10,\"name\":\"手臂2\",\"x\":49},{\"width\":22,\"y\":106,\"height\":11,\"name\":\"手2\",\"x\":25},{\"width\":38,\"y\":44,\"height\":37,\"name\":\"身体\",\"x\":1},{\"width\":44,\"y\":1,\"height\":41,\"name\":\"头_\",\"x\":1},{\"width\":15,\"y\":83,\"height\":15,\"name\":\"眼睛2_\",\"x\":33},{\"width\":10,\"y\":1,\"height\":10,\"name\":\"眼睛1__\",\"x\":47},{\"width\":22,\"y\":106,\"height\":15,\"name\":\"手\",\"x\":1},{\"width\":9,\"y\":13,\"height\":11,\"name\":\"手臂\",\"x\":47}],\"height\":128,\"name\":\"XiaoGuiJiangShi\",\"imagePath\":\"XiaoGuiJiangShi_tex.png\"}"]],0,0,[0],[0],[0]]