[1,["ecpdLyjvZBwrvm+cedCcQy","2aKJYU6u9G55yvfDap1e83","172ca2c9c","17a184afe","7a/QZLET9IDreTiBfRn2PD","77ao5MeUpNcKbbXEb/z1P4","62GTRe4E1Ee4akLd+6+GU/","d61C/zuQVIGJ7IAWakUXS9","2c5XU6AINJ2rAFBr7kNCIz","52A+oifQhJw7dQOD4VQHAU","ffDWXaiCNHS53KmnSEXUy+","72q2taoF9BmpJVge6zjbr/","ef7ILtPalHj6mzG3Eaqegg","56qexoh35AQKuoZjqZwTnb","1ck1Yi/LlB8JKzBOWUtWiJ","9cy62wHwdBt5zQdy08G4o8","21YQCh38JC0p3uHD5IvuB3","5aalEjxDdKdrNa7bJxf8La","2b7dbpFudEIKLJQ+wQLCHj","41h23UWCFA2LzhkavM30Uq","c49dEp8hpEB5d9quQ3AEf1","aeUw0weVVG0bTZ4wTTLo+I"],["node","_spriteFrame","_textureSetter","root","lightAni","plantSkin","skinPlant","giftKey","trophy","coinPackage","paper","sprinkler","taco","baconic","handbook","shovel","propNode","cardPrice","cardIcon","cardBoard","arrow","data","_N$skeletonData"],[["cc.Node",["_name","_prefab","_parent","_components","_contentSize","_children","_trs","_anchorPoint","_eulerAngles"],2,4,1,9,5,2,7,5,5],["cc.Sprite",["_sizeMode","_isTrimmedMode","node","_materials","_spriteFrame"],1,1,3,6],["cc.Node",["_name","_parent","_components","_prefab","_contentSize","_trs","_anchorPoint","_color"],2,1,2,4,5,7,5,5],"cc.SpriteFrame",["cc.PrefabInfo",["fileId","root","asset"],2,1,1],["cc.Prefab",["_name"],2],["cc.Node",["_name","_parent","_children","_components","_prefab","_contentSize","_anchorPoint"],2,1,2,12,4,5,5],["94b08Rs2DtFaZTn5L6m+n0u",["node","arrow","cardBoard","cardBoardFrames","cardIcon","cardPrice","propNode","shovel","handbook","baconic","taco","sprinkler","paper","coinPackage","trophy","giftKey","skinPlant","plantSkin","lightAni"],3,1,1,1,3,1,1,1,1,1,1,1,1,1,1,1,1,1,1,1],["cc.Button",["node","clickEvents"],3,1,9],["cc.ClickEvent",["_componentId","handler","target"],1,1],["sp.Skeleton",["defaultSkin","defaultAnimation","_preCacheMode","loop","premultipliedAlpha","_animationName","_playTimes","node","_materials"],-4,1,3],["261d4+Q1HdGA5w3tjdBw83c",["node","spineAnimation"],3,1,1],["cc.Label",["_string","_fontSize","_lineHeight","_N$horizontalAlign","_N$verticalAlign","node","_materials"],-2,1,3]],[[4,0,1,2,2],[8,0,1,1],[9,0,1,2,3],[1,2,3,4,1],[0,0,2,3,1,4,7,6,2],[0,0,2,5,3,1,4,6,2],[0,0,2,3,1,4,7,2],[0,0,2,3,1,4,6,2],[2,0,1,2,3,4,5,2],[1,2,3,1],[5,0,2],[0,0,5,3,1,2],[0,0,2,5,1,2],[0,0,2,3,1,4,7,6,8,2],[0,0,2,5,1,4,7,2],[6,0,1,2,3,4,5,6,2],[2,0,1,2,3,4,6,5,2],[2,0,1,2,3,7,4,6,5,2],[7,0,1,2,3,4,5,6,7,8,9,10,11,12,13,14,15,16,17,18,1],[4,1,2,1],[1,0,2,3,4,2],[1,0,1,2,3,4,3],[1,0,1,2,3,3],[10,0,1,2,3,4,5,6,7,8,8],[11,0,1,1],[12,0,1,2,3,4,5,6,6]],[[[{"name":"drop_paper","rect":[404,818,90,62],"offset":[0,0],"originalSize":[90,62],"capInsets":[0,0,0,0]}],[3],0,[0],[2],[2]],[[{"name":"drop_coin_package","rect":[700,572,201,189],"offset":[0,0],"originalSize":[201,189],"rotated":1,"capInsets":[0,0,0,0]}],[3],0,[0],[2],[3]],[[[10,"DropCard"],[11,"DropCard",[-20,-21,-22,-23],[[18,-19,-18,-17,[29,30,31,32,33],-16,-15,-14,-13,-12,-11,-10,-9,-8,-7,-6,-5,-4,-3,-2]],[19,-1,0]],[12,"prop",1,[-24,-25,-26,-27,-28,-29,-30,-31,-32,-33],[0,"c2eeqf7/1JpIm84kwb0IuR",1,0]],[15,"CardSlot",1,[-36,-37],[[-34,[1,-35,[[2,"94b08Rs2DtFaZTn5L6m+n0u","clickCard",1]]]],1,4],[0,"c8mDYTobZKV6+uVXoeDti2",1,0],[5,136,75],[0,0.5,0]],[5,"plantSkin",2,[-40],[[3,-38,[27],28],[1,-39,[[2,"94b08Rs2DtFaZTn5L6m+n0u","clickCard",1]]]],[0,"32qV4ClflPNa/SZ4VHvtJb",1,0],[5,136,75],[0,30,0,0,0,0,1,1,1,1]],[13,"Shovel",2,[[3,-41,[8],9],[1,-42,[[2,"94b08Rs2DtFaZTn5L6m+n0u","clickCard",1]]]],[0,"9461SF1N9Ntp5hvb77oBqc",1,0],[5,205,102],[0,0.5,0],[25,14,0,0,0,0.25881904510252074,0.9659258262890683,0.7,0.7,1],[1,0,0,30]],[4,"drop_paper",2,[[3,-43,[10],11],[1,-44,[[2,"94b08Rs2DtFaZTn5L6m+n0u","clickCard",1]]]],[0,"eepbvGBCxJfZRFWScwZME6",1,0],[5,90,62],[0,0.5,0],[0,7,0,0,0,0,1,1,1,1]],[4,"drop_handbook",2,[[3,-45,[12],13],[1,-46,[[2,"94b08Rs2DtFaZTn5L6m+n0u","clickCard",1]]]],[0,"4brBPf4mNHKKNjCWV3gijM",1,0],[5,140,144],[0,0.5,0],[0,-22,0,0,0,0,1,0.7,0.7,1]],[6,"4",2,[[3,-47,[14],15],[1,-48,[[2,"94b08Rs2DtFaZTn5L6m+n0u","clickCard",1]]]],[0,"42ZGetmwlO+5vG4mPKRnd2",1,0],[5,105,88],[0,0.5,0]],[6,"drop_sprinkler",2,[[3,-49,[16],17],[1,-50,[[2,"94b08Rs2DtFaZTn5L6m+n0u","clickCard",1]]]],[0,"7d+10iMsxNUIg1fZaycu+c",1,0],[5,84,83],[0,0.5,0]],[4,"drop_taco",2,[[3,-51,[18],19],[1,-52,[[2,"94b08Rs2DtFaZTn5L6m+n0u","clickCard",1]]]],[0,"9d0q1e5vxGwohbhWplwAPK",1,0],[5,126,111],[0,0.5,0],[0,-22,0,0,0,0,1,1,1,1]],[4,"drop_coin_package",2,[[3,-53,[20],21],[1,-54,[[2,"94b08Rs2DtFaZTn5L6m+n0u","clickCard",1]]]],[0,"00EjtjLzxPv6nEbyN1W0kY",1,0],[5,201,189],[0,0.5,0],[0,-26,0,0,0,0,1,0.6,0.6,1]],[4,"drop_trophy",2,[[3,-55,[22],23],[1,-56,[[2,"94b08Rs2DtFaZTn5L6m+n0u","clickCard",1]]]],[0,"702EpIKhBCvLAgnUNv4wdQ",1,0],[5,168,137],[0,0.5,0],[0,0,0,0,0,0,1,0.6,0.6,1]],[7,"gift",2,[[20,0,-57,[24],25],[1,-58,[[2,"94b08Rs2DtFaZTn5L6m+n0u","clickCard",1]]]],[0,"86e0xItLVJ4K/9hfbqub52",1,0],[5,105,116],[0,30,0,0,0,0,1,1,1,1]],[8,"05_light",1,[-59,-60],[0,"6cIoYEIb5GkYzWihnMhPbu",1,0],[5,412.0843505859375,314.37774658203125],[0,37,0,0,0,0,1,1,1,1]],[5,"plant_price_bg",3,[-62],[[21,2,false,-61,[3],4]],[0,"9esKj9mIVOb5s+pv0yTAP0",1,0],[5,56,31],[33,22.3,0,0,0,0,1,1,1,1]],[7,"arrow",1,[[3,-63,[6],7]],[0,"b9DVf1639BeZVkVm4cNFXC",1,0],[5,45,52],[0,110,0,0,0,0,1,1,-1,1]],[23,"default","idle1",0,false,false,"idle1",1,14,[0]],[24,14,17],[14,"Card",3,[-64],[0,"4edZOOgBFNOLRuItqIyGh7",1,0],[5,136,75],[0,0.5,0]],[16,"Icon",19,[-65],[0,"95QirYzOhNc5SO8B43nu7Z",1,0],[5,128,68],[0,0.5,0],[0,4,0,0,0,0,1,1,1,1]],[22,0,false,20,[1]],[17,"price",15,[-66],[0,"8bZr3j3cdH14e+Lj7i9CTc",1,0],[4,4278190080],[5,33.37,42.84],[0,1,0.5],[31,0.7,0,0,0,0,1,1,1,1]],[25,"50",30,34,1,1,22,[2]],[9,3,[5]],[8,"plantSkin",4,[-67],[0,"45sQaz/9xH9rKzt2PpYwqx",1,0],[5,73,65],[1.012,1.451,0,0,0,0,1,1,1,1]],[9,25,[26]]],0,[0,3,1,0,4,18,0,5,26,0,6,4,0,7,13,0,8,12,0,9,11,0,10,6,0,11,9,0,12,10,0,13,8,0,14,7,0,15,5,0,16,2,0,17,23,0,18,21,0,19,24,0,20,16,0,0,1,0,-1,14,0,-2,3,0,-3,16,0,-4,2,0,-1,5,0,-2,6,0,-3,7,0,-4,8,0,-5,9,0,-6,10,0,-7,11,0,-8,12,0,-9,13,0,-10,4,0,-1,24,0,0,3,0,-1,19,0,-2,15,0,0,4,0,0,4,0,-1,25,0,0,5,0,0,5,0,0,6,0,0,6,0,0,7,0,0,7,0,0,8,0,0,8,0,0,9,0,0,9,0,0,10,0,0,10,0,0,11,0,0,11,0,0,12,0,0,12,0,0,13,0,0,13,0,-1,17,0,-2,18,0,0,15,0,-1,22,0,0,16,0,-1,20,0,-1,21,0,-1,23,0,-1,26,0,21,1,67],[0,0,0,0,0,0,0,0,0,0,0,0,0,0,0,0,0,0,0,0,0,0,0,0,0,0,0,0,0,0,0,0,0,0,17,24,26],[-1,-1,-1,-1,1,-1,-1,1,-1,1,-1,1,-1,1,-1,1,-1,1,-1,1,-1,1,-1,1,-1,1,-1,-1,1,-1,-2,-3,-4,-5,22,1,1],[4,0,0,0,5,0,0,6,0,7,0,8,0,9,0,10,0,11,0,12,0,13,0,14,0,15,0,0,1,16,1,17,18,19,20,1,21]]]]