[1,0,0,[["dragonBones.DragonBonesAsset",["_name","_dragonBonesJson"],1]],[[0,0,1,3]],[[0,"LuZhangJiangShi_ske","{\"frameRate\":24,\"name\":\"LuZhangJiangShi\",\"version\":\"5.5\",\"compatibleVersion\":\"5.5\",\"armature\":[{\"type\":\"Armature\",\"frameRate\":24,\"name\":\"JiangShi\",\"aabb\":{\"x\":-34.86,\"y\":-117.8,\"width\":72.37,\"height\":123.94},\"bone\":[{\"name\":\"root\"},{\"name\":\"bone1\",\"parent\":\"root\"},{\"length\":3,\"name\":\"bone_ikTarget_left\",\"parent\":\"bone1\",\"transform\":{\"x\":27.2642,\"y\":-6.2152,\"skX\":31.0009,\"skY\":31.0009}},{\"length\":3,\"name\":\"bone_ikTarget_right\",\"parent\":\"bone1\",\"transform\":{\"x\":-2.0207,\"y\":-3.4536,\"skX\":145.812,\"skY\":145.812}},{\"length\":3,\"name\":\"臂膀1\",\"parent\":\"bone1\",\"transform\":{\"x\":12.9568,\"y\":-45.0877,\"skX\":165.8879,\"skY\":165.8879}},{\"name\":\"bone_ikTarget1\",\"parent\":\"bone_ikTarget_left\",\"transform\":{\"x\":-14.1573,\"y\":15.8664,\"skX\":-31.0821,\"skY\":-31.0821}},{\"length\":3,\"name\":\"腰\",\"parent\":\"臂膀1\",\"transform\":{\"x\":0.1813,\"y\":-1.0955,\"skX\":-75.8133,\"skY\":-75.8133}},{\"length\":13,\"name\":\"身体\",\"parent\":\"臂膀1\",\"transform\":{\"x\":0.0929,\"y\":0.8159,\"skX\":89.5615,\"skY\":89.5615}},{\"name\":\"bone_ikTarget\",\"parent\":\"bone_ikTarget_right\",\"transform\":{\"x\":-10.9826,\"y\":-6.5727,\"skX\":-145.812,\"skY\":-145.812}},{\"length\":20,\"name\":\"身体1\",\"parent\":\"身体\",\"transform\":{\"x\":13.1974,\"y\":0.0759,\"skX\":-15.7378,\"skY\":-15.7378}},{\"length\":24,\"name\":\"大腿1\",\"parent\":\"腰\",\"transform\":{\"x\":-1.668,\"y\":-6.9208,\"skX\":5.3483,\"skY\":5.3483}},{\"length\":17,\"name\":\"大腿2\",\"parent\":\"腰\",\"transform\":{\"x\":2.6244,\"y\":7.5881,\"skX\":1.5856,\"skY\":1.5856}},{\"length\":20,\"name\":\"头\",\"parent\":\"身体1\",\"transform\":{\"x\":21.1015,\"y\":-2.9632,\"skX\":-15.9821,\"skY\":-15.9821}},{\"length\":18,\"name\":\"臂膀2\",\"parent\":\"身体1\",\"transform\":{\"x\":16.8875,\"y\":-4.1039,\"skX\":-146.3062,\"skY\":-146.3062}},{\"length\":17,\"name\":\"脚_1\",\"parent\":\"大腿1\",\"transform\":{\"x\":24.3172,\"y\":-0.9379,\"skX\":-35.2053,\"skY\":-35.2053}},{\"length\":20,\"name\":\"臂膀11\",\"parent\":\"身体1\",\"transform\":{\"x\":11.0018,\"y\":5.3761,\"skX\":-148.0237,\"skY\":-148.0237}},{\"length\":21,\"name\":\"脚2\",\"parent\":\"大腿2\",\"transform\":{\"x\":17.5179,\"skX\":17.2008,\"skY\":17.2008}},{\"length\":11,\"name\":\"领带1\",\"parent\":\"身体1\",\"transform\":{\"x\":10.3025,\"y\":-6.0289,\"skX\":-144.3379,\"skY\":-144.3379}},{\"length\":7,\"name\":\"头_1\",\"parent\":\"头\",\"transform\":{\"x\":17.8392,\"y\":9.1286,\"skX\":79.9606,\"skY\":79.9606}},{\"length\":17,\"name\":\"手臂1\",\"parent\":\"臂膀11\",\"transform\":{\"x\":20.4384,\"skX\":11.878,\"skY\":11.878}},{\"length\":18,\"name\":\"手臂2\",\"parent\":\"臂膀2\",\"transform\":{\"x\":19.0316,\"skX\":9.257,\"skY\":9.257}},{\"length\":12,\"name\":\"脚21\",\"parent\":\"脚2\",\"transform\":{\"x\":21.5887,\"skX\":-112.2686,\"skY\":-112.2686}},{\"length\":12,\"name\":\"领带2\",\"parent\":\"领带1\",\"transform\":{\"x\":11.8471,\"skX\":-0.7037,\"skY\":-0.7037}},{\"length\":1,\"name\":\"眼睛2_\",\"parent\":\"头\",\"transform\":{\"x\":6.6679,\"y\":3.0758,\"skX\":41.2302,\"skY\":41.2302}},{\"length\":14,\"name\":\"bone\",\"parent\":\"头\",\"transform\":{\"x\":-0.0313,\"y\":-6.9535,\"skX\":-78.5998,\"skY\":-78.5998}},{\"length\":1,\"name\":\"眼睛1_\",\"parent\":\"头\",\"transform\":{\"x\":20.2962,\"y\":-12.5814,\"skX\":41.6663,\"skY\":41.6663}},{\"length\":6,\"name\":\"脚_11\",\"parent\":\"脚_1\",\"transform\":{\"x\":16.998,\"y\":0.3446,\"skX\":87.9852,\"skY\":87.9852}},{\"length\":13,\"name\":\"手2\",\"parent\":\"手臂2\",\"transform\":{\"x\":18.234,\"skX\":-1.4698,\"skY\":-1.4698}},{\"length\":15,\"name\":\"大腿21\",\"parent\":\"手臂1\",\"transform\":{\"x\":17.6818,\"skX\":-19.5498,\"skY\":-19.5498}},{\"length\":15,\"name\":\"脚_12\",\"parent\":\"脚_11\",\"transform\":{\"x\":6.0247,\"skX\":19.0967,\"skY\":19.0967}}],\"slot\":[{\"name\":\"手2\",\"parent\":\"手2\"},{\"name\":\"手臂2\",\"parent\":\"手臂2\"},{\"name\":\"臂膀2\",\"parent\":\"臂膀2\"},{\"name\":\"脚2\",\"parent\":\"脚2\"},{\"name\":\"大腿2\",\"parent\":\"大腿2\"},{\"name\":\"腰\",\"parent\":\"腰\"},{\"name\":\"脚_1\",\"parent\":\"脚_1\"},{\"name\":\"大腿1\",\"parent\":\"大腿1\"},{\"name\":\"身体\",\"parent\":\"身体\"},{\"name\":\"领带\",\"parent\":\"领带1\"},{\"name\":\"头\",\"parent\":\"头\"},{\"name\":\"眼睛2_\",\"parent\":\"眼睛2_\"},{\"name\":\"眼睛1_\",\"parent\":\"眼睛1_\"},{\"name\":\"路障\",\"parent\":\"头_1\"},{\"name\":\"手1\",\"parent\":\"大腿21\"},{\"name\":\"手臂1\",\"parent\":\"手臂1\"},{\"name\":\"臂膀1\",\"parent\":\"臂膀11\"}],\"ik\":[{\"bendPositive\":false,\"chain\":1,\"name\":\"bone_ik1\",\"bone\":\"脚_1\",\"target\":\"bone_ikTarget_left\"},{\"chain\":1,\"name\":\"bone_ik\",\"bone\":\"脚2\",\"target\":\"bone_ikTarget_right\"},{\"name\":\"bone_ik2\",\"bone\":\"脚21\",\"target\":\"bone_ikTarget\"},{\"name\":\"bone_ik3\",\"bone\":\"脚_12\",\"target\":\"bone_ikTarget1\"}],\"skin\":[{\"slot\":[{\"name\":\"脚_1\",\"display\":[{\"type\":\"mesh\",\"name\":\"脚_1\",\"width\":32,\"height\":27,\"vertices\":[18.87,-22.74,22.65,-20.99,26.43,-12.17,31.12,-14.83,33.36,-13.29,34.34,-9.58,34.27,-8.46,33.01,-9.79,31.96,-10.49,31.82,-8.6,33.08,-6.92,32.52,-6.29,31.96,-5.87,32.94,-1.39,32.17,-1.88,31.89,0.5,9.13,3.93,2.83,3.23,2.27,-0.55,2.55,-1.95,3.39,-2.16,5.91,-6.29,12.98,-8.18,17.68,-7.34,17.61,-8.95,18.94,-9.37,16.49,-12.52,19.57,-12.8,21.11,-12.1,21.67,-12.52,16.77,-20.78,17.68,-22.39,20.69,-21.9,9.67,-7.3,4.59,-4.13,20.55,-5.69,22.19,-2.98,21.16,2.11,26.98,1.23,32.44,-3.68,33.87,-11.36,14.98,3.04,12.22,3.46,16.75,-4.65,18.27,-1.44,16.83,2.77,7.04,-0.19,13.3,-0.38],\"uvs\":[0.51133,0.01852,0.63399,0.08154,0.75163,0.39917,0.8976,0.30337,0.97146,0.35278,0.99782,0.49244,0.99564,0.53277,0.95643,0.48487,0.92375,0.45967,0.91939,0.52773,0.95861,0.58823,0.94118,0.61091,0.92375,0.62604,0.97048,0.80653,0.93028,0.76973,0.92832,0.86326,0.21351,0.97896,0.01351,0.95917,0,0.81762,0.00871,0.76721,0.03486,0.75964,0.11329,0.60058,0.33333,0.54285,0.4793,0.57311,0.47712,0.51513,0.51852,0.5,0.44227,0.38656,0.53813,0.37648,0.58606,0.40169,0.60349,0.38656,0.44346,0.10914,0.45871,0.0436,0.57953,0.03428,0.2149,0.55608,0.05971,0.67537,0.56874,0.63285,0.61972,0.73028,0.59084,0.89033,0.77036,0.88299,0.96278,0.71001,1,0.4284,0.43582,0.95655,0.33068,0.98148,0.461,0.67255,0.50795,0.77918,0.48211,0.93677,0.14336,0.82443,0.3561,0.83238],\"triangles\":[5,7,6,7,5,40,4,8,40,8,7,40,39,14,13,12,14,39,3,8,4,11,10,9,12,38,14,38,15,14,12,11,9,2,12,9,2,9,8,3,2,8,36,38,12,2,36,12,28,35,2,29,28,2,35,36,2,1,29,2,36,37,38,28,25,35,44,37,36,32,30,1,35,44,36,27,25,28,43,44,35,25,23,35,0,30,32,44,45,37,23,43,35,27,26,25,24,23,25,31,30,0,47,41,45,47,45,44,43,47,44,22,43,23,22,47,43,47,42,41,46,16,47,33,46,47,33,47,22,47,16,42,21,34,46,21,46,33,46,17,16,18,17,46,20,18,46,34,20,46,18,20,19,1,29,30],\"weights\":[1,14,1,1,14,1,3,14,0.834489,26,0.125061,29,0.040451,2,14,0.607278,26,0.392722,2,14,0.539804,26,0.460196,2,14,0.524039,26,0.475961,3,14,0.458547,26,0.408789,29,0.132664,3,14,0.460821,26,0.416942,29,0.122237,3,14,0.471687,26,0.414518,29,0.113795,3,14,0.483623,26,0.419926,29,0.096451,3,14,0.478838,26,0.407628,29,0.113534,3,14,0.48892,26,0.405566,29,0.105514,3,14,0.499343,26,0.403359,29,0.097298,3,14,0.435796,26,0.380226,29,0.183979,3,14,0.447101,26,0.383409,29,0.16949,3,14,0.407802,26,0.364985,29,0.227213,1,29,1,1,29,1,1,29,1,1,29,1,1,29,1,1,29,1,3,14,0.192318,29,0.555014,26,0.252668,3,14,0.185281,29,0.470851,26,0.343868,3,14,0.313062,29,0.370572,26,0.316366,3,14,0.404784,29,0.300202,26,0.295014,3,14,0.58211,29,0.21727,26,0.20062,3,14,0.794614,26,0.10882,29,0.096565,3,14,0.854323,26,0.082132,29,0.063545,3,14,0.923618,26,0.044435,29,0.031947,1,14,1,1,14,1,1,14,1,2,29,0.786277,26,0.213723,1,29,1,3,14,0.085334,29,0.461763,26,0.452903,3,14,0.004321,26,0.58323,29,0.412449,3,14,0.114397,29,0.464413,26,0.421189,3,14,0.293593,26,0.371482,29,0.334925,3,14,0.472426,26,0.393527,29,0.134047,2,14,0.522274,26,0.477726,2,29,0.793309,26,0.206691,2,29,0.869865,26,0.130135,3,14,0.047174,29,0.773837,26,0.178988,3,14,0.009365,29,0.92422,26,0.066416,3,14,0.080639,29,0.66135,26,0.258011,1,29,1,2,29,0.988317,26,0.011683],\"slotPose\":[1,0,0,1,0,0],\"bonePose\":[14,0.496708,0.867918,-0.867918,0.496708,18.606576,-21.343,26,-0.849918,0.526914,-0.526914,-0.849918,26.7505,-6.419,29,-0.975533,0.219855,-0.219855,-0.975533,21.63,-3.2445],\"edges\":[2,3,3,4,5,6,7,8,8,9,9,10,10,11,11,12,13,14,14,15,16,17,17,18,18,19,19,20,22,23,24,25,26,27,27,28,28,29,29,30,30,31,31,0,0,32,32,1,1,2,25,26,23,24,21,33,33,22,20,34,34,21,15,38,38,37,12,39,39,13,6,7,4,40,40,5,41,42,42,16,37,45,45,41],\"userEdges\":[23,35,35,36,36,37,22,43,43,44,44,45,20,46,46,47,47,44]}]},{\"name\":\"眼睛2_\",\"display\":[{\"name\":\"眼睛2_\",\"transform\":{\"x\":0.35,\"y\":0.06,\"skX\":95.04,\"skY\":95.04},\"path\":\"眼睛2\"}]},{\"name\":\"脚2\",\"display\":[{\"type\":\"mesh\",\"name\":\"脚2\",\"width\":27,\"height\":28,\"vertices\":[3.61,-27.22,7.25,-26.03,8.3,-22.95,5.15,-10.14,6.06,-9.86,8.51,-10.07,11.1,-9.72,15.23,-7.62,16.84,-4.89,17.12,-4.82,17.68,-4.68,17.96,-2.72,17.89,-2.23,17.96,-2.02,17.68,-0.83,17.75,-0.76,17.47,0.08,8.71,1.06,6.68,0.85,6.47,0.92,-0.81,-0.2,-4.17,0.01,-6.97,-0.13,-7.46,-3.98,-8.65,-3.56,-8.37,-5.24,-8.51,-6.36,-6.41,-8.04,-7.04,-9.3,-5.71,-10.98,-5.21,-11.33,1.51,-26.24,-2.28,-17.84,-4.13,-13.75,-0.35,-22.12,6.62,-16.15,7.43,-19.42,5.7,-12.38,7.76,-24.52,5.54,-26.59,-7.19,-1.94,13.84,0.48,13.2,-8.73],\"uvs\":[0.46083,0,0.58796,0.02506,0.63914,0.18568,0.51643,0.60247,0.54928,0.61235,0.63774,0.60494,0.73127,0.61728,0.90287,0.71185,0.93851,0.78765,0.94863,0.79012,0.96885,0.79506,0.97896,0.8642,0.97643,0.88148,0.97896,0.88889,0.96885,0.93086,0.97137,0.93333,0.96644,0.96815,0.64533,0.99753,0.57203,0.99012,0.56445,0.99259,0.3136,0.96198,0.18028,0.96049,0.07918,0.96321,0.06149,0.81975,0.01852,0.83457,0.02863,0.77531,0.02357,0.7358,0.0994,0.67654,0.06085,0.64136,0.11027,0.57284,0.14237,0.56049,0.385,0.03457,0.20064,0.29745,0.14737,0.47015,0.29759,0.11947,0.5488,0.39051,0.58274,0.27145,0.5277,0.52983,0.63548,0.10287,0.53587,0,0.0595,0.89183,0.83348,0.98896,0.82705,0.64112],\"triangles\":[9,8,11,10,9,11,11,8,12,8,41,12,12,41,14,13,12,14,14,16,15,41,16,14,41,8,7,42,41,7,5,18,17,5,17,6,17,41,42,6,17,42,4,18,5,4,3,19,3,20,19,4,19,18,0,31,38,38,31,2,31,36,2,39,0,38,1,39,38,31,34,36,34,32,36,36,32,35,32,37,35,32,33,37,27,20,3,37,30,3,30,27,3,33,30,37,27,23,21,27,21,20,29,27,30,40,22,21,23,40,21,25,23,27,26,25,27,28,27,29,24,23,25],\"weights\":[1,16,1,1,16,1,1,16,1,2,21,0.351015,16,0.648985,2,21,0.46738,16,0.53262,2,21,0.628706,16,0.371294,2,21,0.778033,16,0.221967,1,21,1,1,21,1,1,21,1,1,21,1,1,21,1,1,21,1,1,21,1,1,21,1,1,21,1,1,21,1,2,21,0.838358,16,0.161642,2,21,0.80474,16,0.19526,2,21,0.795749,16,0.204251,2,21,0.526613,16,0.473387,2,21,0.503445,16,0.496555,2,21,0.501918,16,0.498082,2,21,0.500597,16,0.499403,2,21,0.500662,16,0.499338,2,21,0.500113,16,0.499887,2,21,0.497656,16,0.502344,2,21,0.439503,16,0.560497,2,21,0.424949,16,0.575051,2,21,0.33172,16,0.66828,2,21,0.2992,16,0.7008,1,16,1,1,16,1,2,21,0.203321,16,0.796679,1,16,1,2,21,0.100468,16,0.899532,1,16,1,2,21,0.213262,16,0.786738,1,16,1,1,16,1,2,21,0.501529,16,0.498471,1,21,1,2,21,0.858578,16,0.141422],\"slotPose\":[1,0,0,1,0,0],\"bonePose\":[21,0.998232,-0.059441,0.059441,0.998232,-2.03,-3.4265,16,-0.323271,0.946306,-0.946306,-0.323271,4.949,-23.856],\"edges\":[3,4,4,5,5,6,7,8,8,9,10,11,11,12,12,13,13,14,14,15,15,16,17,18,18,19,19,20,20,21,21,22,23,24,24,25,25,26,26,27,27,28,28,29,29,30,31,0,30,33,33,32,32,34,34,31,2,36,36,35,35,37,37,3,1,38,38,2,0,39,39,1,22,40,40,23,16,41,41,17,42,7,9,10,6,42],\"userEdges\":[]}]},{\"name\":\"眼睛1_\",\"display\":[{\"name\":\"眼睛1_\",\"transform\":{\"x\":0.49,\"y\":0.09,\"skX\":94.6,\"skY\":94.6},\"path\":\"眼睛1\"}]},{\"name\":\"臂膀2\",\"display\":[{\"type\":\"mesh\",\"name\":\"臂膀2\",\"width\":12,\"height\":28,\"vertices\":[-8.92,-47.57,-6.08,-45.07,-2.66,-45.07,0.61,-47.34,2.28,-50.13,1.87,-51.84,2.36,-56.78,2.77,-62.31,2.77,-68.15,2.21,-70.89,0.35,-73.35,-2.21,-73.35,-5.11,-71.26,-6.6,-67.7,-7.56,-63.16,-7.86,-57.11,-7.97,-54.44,-8.92,-52.76,-1.17,-71.04,-1.77,-66.66,-2.21,-62.64,-2.73,-56.78,-3.18,-51.76,-8.92,-49.94,-3.74,-48.72],\"uvs\":[0.04167,0.91188,0.26507,1,0.53294,1,0.78927,0.9198,0.92046,0.82116,0.88835,0.76089,0.92622,0.58614,0.95833,0.39059,0.95833,0.18416,0.91442,0.08725,0.76896,0.00012,0.56806,0.00012,0.34082,0.07413,0.22418,0.2,0.14843,0.3604,0.12538,0.57438,0.1166,0.66881,0.04167,0.72822,0.64957,0.08181,0.60292,0.23676,0.56806,0.37871,0.52717,0.58614,0.49232,0.76349,0.04167,0.82785,0.4484,0.87116],\"triangles\":[19,20,7,21,22,5,7,20,6,20,21,6,21,5,6,19,7,8,9,18,8,18,19,8,10,18,9,22,3,4,22,4,5,11,18,10,24,2,3,22,24,3,14,15,20,20,15,21,12,13,19,12,19,18,11,12,18,16,22,21,14,20,19,13,14,19,24,1,2,15,16,21,16,17,22,23,24,22,17,23,22,0,1,24,23,0,24],\"weights\":[1,20,1,2,13,0.008592,20,0.991408,1,20,1,1,20,1,2,13,0.496051,20,0.503949,2,13,0.85,20,0.15,1,13,1,1,13,1,1,13,1,1,13,1,1,13,1,1,13,1,1,13,1,1,13,1,1,13,1,1,13,1,2,13,0.88,20,0.12,2,13,0.5,20,0.5,1,13,1,1,13,1,1,13,1,1,13,1,2,13,0.83,20,0.17,1,20,1,1,20,1],\"slotPose\":[1,0,0,1,0,0],\"bonePose\":[13,-0.059401,0.998234,-0.998234,-0.059401,-2.6355,-71.162,20,-0.219206,0.975679,-0.975679,-0.219206,-3.766,-52.164],\"edges\":[0,1,1,2,2,3,3,4,4,5,5,6,6,7,7,8,8,9,9,10,10,11,11,12,12,13,13,14,14,15,15,16,16,17,17,23,23,0],\"userEdges\":[]}]},{\"name\":\"大腿1\",\"display\":[{\"name\":\"大腿1\",\"transform\":{\"x\":11.65,\"y\":-1.05,\"skX\":-95.42,\"skY\":-95.42}}]},{\"name\":\"臂膀1\",\"display\":[{\"type\":\"mesh\",\"name\":\"臂膀1\",\"width\":10,\"height\":28,\"vertices\":[2.77,-64.74,5.7,-72.44,10.56,-72.44,13.13,-68.38,2.76,-51.6,7.78,-52.99,13.12,-51.08,13.12,-48.13,9.35,-44.09,4.89,-44.09,2.76,-45.64,7.64,-48.45,7.19,-44.09,2.76,-48.29,7.95,-57.7,8.02,-64.96,8.59,-72.44,13.13,-64.9,2.76,-57.5,13.13,-57.6],\"uvs\":[0,0.27185,0.28345,0,0.7527,0,1,0.14333,0,0.73531,0.48446,0.6863,1,0.75358,1,0.85778,0.63547,1,0.20541,1,0,0.94556,0.47027,0.84642,0.42703,1,0,0.8521,0.50068,0.52025,0.50709,0.26395,0.5625,0,1,0.26617,0,0.52704,1,0.52358],\"triangles\":[5,11,6,2,16,3,16,15,3,5,6,19,14,5,19,3,15,17,14,19,17,15,14,17,6,11,7,11,8,7,1,15,16,11,12,8,1,0,15,15,0,14,0,18,14,9,12,11,13,9,11,4,13,11,4,11,5,14,18,5,18,4,5,13,10,9],\"weights\":[1,15,1,1,15,1,1,15,1,1,15,1,2,15,0.85,19,0.15,2,15,0.88,19,0.12,2,15,0.84,19,0.16,1,19,1,1,19,1,1,19,1,1,19,1,2,15,0.008612,19,0.991388,1,19,1,2,19,0.85,15,0.15,2,15,0.999393,19,0.000607,1,15,1,1,15,1,1,15,1,1,15,1,1,15,1],\"slotPose\":[1,0,0,1,0,0],\"bonePose\":[15,-0.029454,0.999566,-0.999566,-0.029454,8.519,-70.861,19,-0.234563,0.972101,-0.972101,-0.234563,7.917,-50.4315],\"edges\":[6,7,9,10,7,8,8,12,12,9,10,13,13,4,1,16,16,2,3,17,4,18,18,0,17,19,19,6,2,3,0,1],\"userEdges\":[4,5,5,6,13,11,11,7,18,14,14,19]}]},{\"name\":\"路障\",\"display\":[{\"type\":\"mesh\",\"name\":\"路障\",\"width\":49,\"height\":47,\"vertices\":[20.44,-39.84,47.35,0.52,-18.7,-13.75,8.21,26.62],\"uvs\":[0.0102,0,0.9898,0,0.0102,1,0.9898,1],\"triangles\":[1,0,3,0,2,3],\"edges\":[0,1,1,3,3,2,2,0],\"userEdges\":[]}]},{\"name\":\"腰\",\"display\":[{\"name\":\"腰\",\"transform\":{\"x\":0.34,\"y\":0.13,\"skX\":-90.07,\"skY\":-90.07}}]},{\"name\":\"手2\",\"display\":[{\"name\":\"手2\",\"transform\":{\"x\":7.07,\"y\":-0.39,\"skX\":-101.19,\"skY\":-101.19}}]},{\"name\":\"大腿2\",\"display\":[{\"name\":\"大腿2\",\"transform\":{\"x\":9.48,\"y\":-0.31,\"skX\":-91.66,\"skY\":-91.66}}]},{\"name\":\"头\",\"display\":[{\"type\":\"mesh\",\"name\":\"头\",\"width\":44,\"height\":46,\"vertices\":[-21.91,-60.17,-31.71,-75.44,-32.59,-86.78,-32.59,-95.24,-25.63,-106.11,4.18,-106.11,11.37,-92.35,11.37,-76.46,7.17,-77.6,0.36,-70.69,-2.53,-64.4,-9.74,-60.05,-17.99,-75.12,-7.17,-74.09,-27.01,-68.11,-17.79,-68.63,-7.99,-68.21,-17.37,-60.13,-16.65,-84.92,-11.5,-95.44,-7.06,-106.11,0.36,-83.89,11.37,-83.68],\"uvs\":[0.2486,0.99742,0.03081,0.66603,0.01136,0.41976,0.01136,0.23617,0.16605,0,0.82859,0,0.98864,0.29886,0.98864,0.64377,0.89511,0.619,0.74377,0.76915,0.67958,0.90562,0.51914,1.00008,0.33575,0.67282,0.5764,0.69516,0.1353,0.82502,0.34033,0.81386,0.55812,0.82282,0.34959,0.99841,0.36555,0.46013,0.48016,0.23171,0.57874,0,0.74377,0.48247,0.98864,0.48696],\"triangles\":[5,19,6,19,21,6,6,21,22,21,8,22,22,8,7,20,19,5,21,9,8,13,9,21,16,10,9,13,16,9,18,13,21,19,18,21,16,11,10,18,12,13,12,15,13,13,15,16,15,11,16,4,19,20,15,17,11,3,18,19,4,3,19,3,2,18,1,12,18,2,1,18,15,0,17,14,0,15,14,15,12,1,14,12],\"weights\":[1,24,1,1,12,1,1,12,1,1,12,1,1,12,1,1,12,1,1,12,1,1,12,1,1,12,1,1,12,1,2,12,0.369635,24,0.630365,1,24,1,1,12,1,1,12,1,1,24,1,1,24,1,2,12,0.057934,24,0.942066,1,24,1,1,12,1,1,12,1,1,12,1,1,12,1,1,12,1],\"slotPose\":[1,0,0,1,0,0],\"bonePose\":[12,-0.722612,-0.691254,0.691254,-0.722612,-3.775826,-75.376152,24,-0.820448,0.571722,-0.571722,-0.820448,-8.559852,-70.329818],\"edges\":[1,2,2,3,3,4,5,6,7,8,8,9,9,10,10,11,0,14,11,17,17,0,4,20,20,5,6,22,22,7,14,1],\"userEdges\":[1,12,12,13,13,9,14,15,15,16,16,10,15,17,12,18,18,19,19,20,2,18,18,21,21,22,3,19,19,6,12,15,13,16]}]},{\"name\":\"手臂1\",\"display\":[{\"name\":\"手臂1\",\"transform\":{\"x\":8.9,\"y\":0.45,\"skX\":-103.57,\"skY\":-103.57}}]},{\"name\":\"身体\",\"display\":[{\"type\":\"mesh\",\"name\":\"身体\",\"width\":34,\"height\":45,\"vertices\":[-0.17,-77.69,11.24,-72.86,29.29,-46.89,26.07,-44.37,24.18,-41.64,22.22,-41.99,22.71,-39.96,20.75,-36.46,17.74,-39.75,18.44,-37.02,11.51,-32.68,8.99,-41.92,6.05,-40.87,5.21,-43.04,4.3,-41.15,2.55,-41.71,0.94,-39.54,-1.23,-38.7,-1.44,-38.84,-1.3,-41.57,-4.79,-70.76,-2.9,-76.5,16.68,-65.03,23.49,-55.25,5.73,-75.2,-3.49,-59.84,-1.84,-46.11,4.53,-66.94,12.41,-53.07,1.81,-40.71,-2.65,-52.86,8.42,-60.09,-3.81,-73.74,8.68,-73.95,2.98,-76.36,14.08,-68.78,25.83,-51.87,15.45,-45.49],\"uvs\":[0.13525,0,0.46926,0.10714,0.99795,0.68323,0.90369,0.73913,0.84836,0.79969,0.79098,0.79193,0.80533,0.83696,0.74795,0.9146,0.65984,0.84161,0.68033,0.90217,0.47746,0.99845,0.40369,0.79348,0.31762,0.81677,0.29303,0.76863,0.26639,0.81056,0.21783,0.8021,0.16803,0.84627,0.13586,0.86196,0.09488,0.86607,0.10246,0.80124,0,0.15373,0.05533,0.0264,0.66204,0.27074,0.82788,0.49792,0.32582,0.02094,0,0.33019,0.08653,0.70059,0.27295,0.23851,0.50369,0.5462,0.19827,0.82656,0.044,0.51851,0.38695,0.39052,0.01016,0.08022,0.41264,0.0607,0.23292,0.00078,0.57552,0.18811,0.8867,0.57617,0.59252,0.71427],\"triangles\":[36,3,2,37,5,36,36,5,3,5,4,3,23,37,36,22,28,23,28,37,23,8,7,6,8,6,5,37,8,5,31,28,22,37,11,8,10,9,8,11,10,8,35,31,22,28,11,37,1,27,35,27,31,35,26,13,28,30,26,28,31,30,28,13,11,28,33,27,1,24,27,33,13,12,11,27,25,31,25,30,31,32,20,27,34,0,27,34,27,24,26,15,13,20,25,27,13,15,14,26,19,15,15,19,29,19,16,29,19,17,16,19,18,17,32,21,27,0,21,27],\"weights\":[1,9,1,1,9,1,1,7,1,1,7,1,1,7,1,1,7,1,1,7,1,1,7,1,1,7,1,1,7,1,1,7,1,1,7,1,1,7,1,1,7,1,1,7,1,1,7,1,1,7,1,1,7,1,1,7,1,1,7,1,1,9,1,1,9,1,2,7,0.48469,9,0.51531,1,7,1,1,9,1,2,7,0.39941,9,0.60059,1,7,1,2,7,0.000022,9,0.999978,2,7,0.942387,9,0.057613,1,7,1,2,7,0.510594,9,0.489406,2,7,0.005746,9,0.994254,1,9,1,1,9,1,1,9,1,2,7,0.395638,9,0.604362,1,7,1,1,7,1],\"slotPose\":[1,0,0,1,0,0],\"bonePose\":[7,-0.251236,-0.967926,0.967926,-0.251236,12.667741,-45.856335,9,-0.504353,-0.863498,0.863498,-0.504353,9.4255,-58.6495],\"edges\":[2,3,3,4,4,5,6,7,7,8,9,10,10,11,11,12,12,13,14,15,16,17,17,18,18,19,21,0,22,23,25,20,19,26,8,9,5,6,15,29,29,16,13,14,26,30,30,25,20,32,32,21,24,33,33,1,0,34,34,24,1,35,35,22,23,36,36,2],\"userEdges\":[21,27,27,31,31,28,30,31,31,22,25,27,28,37,37,8,11,37,37,36]}]},{\"name\":\"领带\",\"display\":[{\"type\":\"mesh\",\"name\":\"领带\",\"width\":12,\"height\":31,\"vertices\":[-1.85,-70.97,1.44,-68.59,0.46,-65.3,3.19,-46.68,0.39,-42.9,-3.4,-39.82,-8.58,-47.87,-2.42,-64.74,-5.01,-69.43,-4.73,-69.92,-3.65,-66.99,-0.25,-69.81,-3.82,-60.89,-5.36,-56.68,-7.05,-52.06,1.08,-61.02,1.77,-56.32,2.48,-51.5,-6.12,-44.06,-1.76,-41.16],\"uvs\":[0.58217,0,0.84226,0.07623,0.76985,0.17735,0.95291,0.7815,0.74707,0.90549,0.42813,0.99776,0.04167,0.73991,0.50271,0.19955,0.30066,0.0454,0.36033,0.02052,0.38471,0.14235,0.7094,0.03225,0.36226,0.30736,0.23159,0.44497,0.11315,0.60139,0.80739,0.31879,0.86158,0.46604,0.92203,0.6237,0.17237,0.87829,0.48751,1],\"triangles\":[14,6,17,18,4,3,6,18,3,17,6,3,13,14,16,16,14,17,12,13,16,12,16,15,7,12,15,1,11,2,11,7,2,7,15,2,0,10,11,10,7,11,5,19,4,18,5,4,9,10,0,8,10,9],\"weights\":[1,9,1,1,9,1,2,9,0.23,17,0.77,2,17,0.339186,22,0.660814,2,17,0.093934,22,0.906066,2,17,0.000504,22,0.999496,2,17,0.35967,22,0.64033,2,9,0.23,17,0.77,1,9,1,1,9,1,1,9,1,1,9,1,2,17,0.918333,22,0.081667,2,17,0.667284,22,0.332716,2,17,0.488297,22,0.511703,2,17,0.93337,22,0.06663,2,17,0.694877,22,0.305123,2,17,0.491817,22,0.508183,2,17,0.107525,22,0.892475,2,17,0.011831,22,0.988169],\"slotPose\":[1,0,0,1,0,0],\"bonePose\":[17,-0.093652,0.995605,-0.995605,-0.093652,-0.9765,-64.505,22,-0.081417,0.99668,-0.99668,-0.081417,-2.086,-52.71,9,-0.504353,-0.863498,0.863498,-0.504353,9.4255,-58.6495],\"edges\":[3,4,8,9,9,0,1,2,7,10,10,8,0,11,11,1,12,7,13,12,6,14,14,13,2,15,15,16,16,17,17,3,5,18,18,6,4,19,19,5],\"userEdges\":[]}]},{\"name\":\"手臂2\",\"display\":[{\"name\":\"手臂2\",\"transform\":{\"x\":9.46,\"y\":0.97,\"skX\":-102.66,\"skY\":-102.66}}]},{\"name\":\"手1\",\"display\":[{\"name\":\"手1\",\"transform\":{\"x\":7.29,\"y\":-1.78,\"skX\":-84.02,\"skY\":-84.02}}]}]}],\"animation\":[{\"duration\":60,\"playTimes\":0,\"name\":\"move\",\"bone\":[{\"name\":\"bone_ikTarget_right\",\"translateFrame\":[{\"duration\":14,\"tweenEasing\":0,\"x\":8.05},{\"duration\":11,\"tweenEasing\":0,\"x\":39.05},{\"duration\":15,\"tweenEasing\":0,\"x\":43.12},{\"duration\":5,\"tweenEasing\":0,\"x\":24.64,\"y\":-8.07},{\"duration\":3,\"tweenEasing\":0,\"x\":12.32,\"y\":-11.02},{\"duration\":2,\"tweenEasing\":0,\"x\":4.93,\"y\":-0.19},{\"duration\":10,\"tweenEasing\":0},{\"duration\":0,\"x\":8.05}],\"rotateFrame\":[{\"duration\":25,\"tweenEasing\":0},{\"duration\":15,\"tweenEasing\":0},{\"duration\":5,\"tweenEasing\":0,\"rotate\":24.27},{\"duration\":5,\"tweenEasing\":0,\"rotate\":42.83},{\"duration\":10}]},{\"name\":\"臂膀1\",\"translateFrame\":[{\"duration\":14,\"tweenEasing\":0,\"x\":0.51,\"y\":9.33},{\"duration\":6,\"tweenEasing\":0,\"x\":21.02,\"y\":4.92},{\"duration\":5,\"tweenEasing\":0,\"x\":18.91,\"y\":0.18},{\"duration\":8,\"tweenEasing\":0,\"x\":23.34,\"y\":6.25},{\"duration\":7,\"tweenEasing\":0,\"x\":21.2,\"y\":-0.16},{\"duration\":10,\"tweenEasing\":0,\"x\":11.73,\"y\":-3.33},{\"duration\":10,\"tweenEasing\":0,\"x\":3.68,\"y\":-1.32},{\"duration\":0,\"x\":0.51,\"y\":9.33}],\"rotateFrame\":[{\"duration\":14,\"tweenEasing\":0,\"rotate\":11.4},{\"duration\":11,\"tweenEasing\":0,\"rotate\":-0.82},{\"duration\":35,\"tweenEasing\":0,\"rotate\":-23.11},{\"duration\":0,\"rotate\":11.4}]},{\"name\":\"bone_ikTarget_left\",\"translateFrame\":[{\"duration\":14,\"tweenEasing\":0,\"x\":8.05},{\"duration\":6,\"tweenEasing\":0,\"x\":29.06,\"y\":-14.54},{\"duration\":3,\"tweenEasing\":0,\"x\":2.23,\"y\":-16.74},{\"duration\":2,\"tweenEasing\":0,\"x\":-7.54,\"y\":-1.88},{\"duration\":8,\"tweenEasing\":0,\"x\":-11.68},{\"duration\":27,\"tweenEasing\":0,\"x\":-5.8},{\"duration\":0,\"x\":8.05}],\"rotateFrame\":[{\"duration\":14,\"tweenEasing\":0},{\"duration\":3,\"tweenEasing\":0,\"rotate\":-65.68},{\"duration\":3,\"tweenEasing\":0,\"rotate\":-95.02},{\"duration\":3,\"tweenEasing\":0,\"rotate\":-62.71},{\"duration\":2,\"tweenEasing\":0,\"rotate\":18.4},{\"duration\":35,\"tweenEasing\":0,\"rotate\":5.27},{\"duration\":0}]},{\"name\":\"身体\",\"rotateFrame\":[{\"duration\":14,\"tweenEasing\":0},{\"duration\":11,\"tweenEasing\":0,\"rotate\":5.14},{\"duration\":15,\"tweenEasing\":0,\"rotate\":19.15},{\"duration\":20,\"tweenEasing\":0,\"rotate\":1.03},{\"duration\":0}]},{\"name\":\"大腿1\",\"translateFrame\":[{\"duration\":14,\"tweenEasing\":0},{\"duration\":11,\"tweenEasing\":0},{\"duration\":15,\"tweenEasing\":0,\"x\":2.72,\"y\":11.14},{\"duration\":20,\"tweenEasing\":0,\"x\":2.54,\"y\":2.12},{\"duration\":0}],\"rotateFrame\":[{\"duration\":14,\"tweenEasing\":0,\"rotate\":-19.83},{\"duration\":11,\"tweenEasing\":0,\"rotate\":6.31},{\"duration\":35,\"tweenEasing\":0,\"rotate\":65.02},{\"duration\":0,\"rotate\":-19.83}]},{\"name\":\"大腿2\",\"translateFrame\":[{\"duration\":14,\"tweenEasing\":0,\"x\":1.49,\"y\":-0.3},{\"duration\":11,\"tweenEasing\":0},{\"duration\":25,\"tweenEasing\":0},{\"duration\":10,\"tweenEasing\":0,\"x\":2.12,\"y\":-0.06},{\"duration\":0,\"x\":1.49,\"y\":-0.3}],\"rotateFrame\":[{\"duration\":14,\"tweenEasing\":0,\"rotate\":-38.96},{\"duration\":11,\"tweenEasing\":0,\"rotate\":-35.02},{\"duration\":15,\"tweenEasing\":0,\"rotate\":-23.6},{\"duration\":20,\"tweenEasing\":0,\"rotate\":66.74},{\"duration\":0,\"rotate\":-38.96}]},{\"name\":\"身体1\",\"translateFrame\":[{\"duration\":14,\"tweenEasing\":0},{\"duration\":6,\"tweenEasing\":0},{\"duration\":5,\"tweenEasing\":0,\"x\":-2.35,\"y\":0.3},{\"duration\":35}],\"rotateFrame\":[{\"duration\":14,\"tweenEasing\":0},{\"duration\":6,\"tweenEasing\":0,\"rotate\":6.36},{\"duration\":5,\"tweenEasing\":0,\"rotate\":-8.49},{\"duration\":15,\"tweenEasing\":0,\"rotate\":-12.43},{\"duration\":20,\"tweenEasing\":0,\"rotate\":19.43},{\"duration\":0}]},{\"name\":\"臂膀2\",\"translateFrame\":[{\"duration\":14,\"tweenEasing\":0,\"x\":-3.43,\"y\":0.3},{\"duration\":11,\"tweenEasing\":0,\"x\":-0.57,\"y\":-4.57},{\"duration\":15,\"tweenEasing\":0,\"x\":-5.37,\"y\":5.38},{\"duration\":10,\"tweenEasing\":0,\"x\":-4.49,\"y\":-2.46},{\"duration\":10,\"tweenEasing\":0},{\"duration\":0,\"x\":-3.43,\"y\":0.3}],\"rotateFrame\":[{\"duration\":14,\"tweenEasing\":0,\"rotate\":-19.01},{\"duration\":11,\"tweenEasing\":0,\"rotate\":-20.5},{\"duration\":15,\"tweenEasing\":0,\"rotate\":35.89},{\"duration\":10,\"tweenEasing\":0,\"rotate\":-12.34},{\"duration\":10,\"tweenEasing\":0,\"rotate\":-17.89},{\"duration\":0,\"rotate\":-19.01}]},{\"name\":\"脚_1\",\"rotateFrame\":[{\"duration\":14,\"tweenEasing\":0,\"rotate\":-8.31},{\"duration\":11,\"tweenEasing\":0,\"rotate\":-6.66},{\"duration\":35,\"tweenEasing\":0,\"rotate\":-36.1},{\"duration\":0,\"rotate\":-8.31}]},{\"name\":\"脚2\",\"rotateFrame\":[{\"duration\":14,\"tweenEasing\":0,\"rotate\":27.65},{\"duration\":11,\"tweenEasing\":0,\"rotate\":74.82},{\"duration\":15,\"tweenEasing\":0,\"rotate\":11.77},{\"duration\":20,\"tweenEasing\":0,\"rotate\":-96.72},{\"duration\":0,\"rotate\":27.65}]},{\"name\":\"臂膀11\",\"translateFrame\":[{\"duration\":14,\"tweenEasing\":0},{\"duration\":11,\"tweenEasing\":0},{\"duration\":15,\"tweenEasing\":0,\"x\":-1.11,\"y\":0.17},{\"duration\":10,\"tweenEasing\":0,\"x\":-1.65,\"y\":-1.77},{\"duration\":10,\"tweenEasing\":0,\"x\":-2.01,\"y\":-3.02},{\"duration\":0}],\"rotateFrame\":[{\"duration\":14,\"tweenEasing\":0,\"rotate\":-17},{\"duration\":11,\"tweenEasing\":0,\"rotate\":3.37},{\"duration\":15,\"tweenEasing\":0,\"rotate\":-6.12},{\"duration\":10,\"tweenEasing\":0,\"rotate\":-31.29},{\"duration\":10,\"tweenEasing\":0,\"rotate\":-17.11},{\"duration\":0,\"rotate\":-17}]},{\"name\":\"头\",\"translateFrame\":[{\"duration\":14,\"tweenEasing\":0,\"x\":-5.96,\"y\":-2.04},{\"duration\":6,\"tweenEasing\":0,\"x\":-2.58,\"y\":-0.18},{\"duration\":5,\"tweenEasing\":0,\"x\":-4.35,\"y\":-1.23},{\"duration\":15,\"tweenEasing\":0,\"x\":-2.04,\"y\":2.26},{\"duration\":10,\"tweenEasing\":0,\"x\":-3.4,\"y\":-1.04},{\"duration\":10,\"tweenEasing\":0,\"x\":-1.69,\"y\":-0.54},{\"duration\":0,\"x\":-5.96,\"y\":-2.04}],\"rotateFrame\":[{\"duration\":14,\"tweenEasing\":0,\"rotate\":-16.55},{\"duration\":6,\"tweenEasing\":0,\"rotate\":-9.12},{\"duration\":5,\"tweenEasing\":0,\"rotate\":-4.48},{\"duration\":8,\"tweenEasing\":0,\"rotate\":3.59},{\"duration\":7,\"tweenEasing\":0,\"rotate\":4.48},{\"duration\":10,\"tweenEasing\":0,\"rotate\":-8.51},{\"duration\":10,\"tweenEasing\":0,\"rotate\":-17.75},{\"duration\":0,\"rotate\":-16.55}]},{\"name\":\"领带1\",\"rotateFrame\":[{\"duration\":8,\"tweenEasing\":0,\"rotate\":-14.48},{\"duration\":7,\"tweenEasing\":0,\"rotate\":-3.8},{\"duration\":7,\"tweenEasing\":0,\"rotate\":-8.41},{\"duration\":8,\"tweenEasing\":0,\"rotate\":10.14},{\"duration\":8,\"tweenEasing\":0,\"rotate\":-3.35},{\"duration\":7,\"tweenEasing\":0,\"rotate\":-14.13},{\"duration\":7,\"tweenEasing\":0,\"rotate\":-16.32},{\"duration\":4,\"tweenEasing\":0,\"rotate\":-10.18},{\"duration\":4,\"tweenEasing\":0,\"rotate\":-16.93},{\"duration\":0,\"rotate\":-14.48}]},{\"name\":\"脚21\",\"rotateFrame\":[{\"duration\":14,\"tweenEasing\":0,\"rotate\":-0.09},{\"duration\":11,\"tweenEasing\":0,\"rotate\":-16.67},{\"duration\":15,\"tweenEasing\":0,\"rotate\":61.93},{\"duration\":20,\"tweenEasing\":0,\"rotate\":49.38},{\"duration\":0,\"rotate\":-0.09}]},{\"name\":\"领带2\",\"rotateFrame\":[{\"duration\":8,\"tweenEasing\":0},{\"duration\":7,\"tweenEasing\":0,\"rotate\":18.95},{\"duration\":7,\"tweenEasing\":0,\"rotate\":19.1},{\"duration\":8,\"tweenEasing\":0,\"rotate\":-11.54},{\"duration\":8,\"tweenEasing\":0,\"rotate\":20.87},{\"duration\":7,\"tweenEasing\":0,\"rotate\":-15.07},{\"duration\":7,\"tweenEasing\":0,\"rotate\":16.14},{\"duration\":4,\"tweenEasing\":0,\"rotate\":-7.62},{\"duration\":4,\"tweenEasing\":0,\"rotate\":7.52},{\"duration\":0}]},{\"name\":\"手臂2\",\"rotateFrame\":[{\"duration\":14,\"tweenEasing\":0,\"rotate\":13.56},{\"duration\":11,\"tweenEasing\":0,\"rotate\":4.03},{\"duration\":15,\"tweenEasing\":0,\"rotate\":4.54},{\"duration\":10,\"tweenEasing\":0,\"rotate\":29.47},{\"duration\":10,\"tweenEasing\":0,\"rotate\":33.06},{\"duration\":0,\"rotate\":13.56}]},{\"name\":\"脚_11\",\"rotateFrame\":[{\"duration\":14,\"tweenEasing\":0},{\"duration\":11,\"tweenEasing\":0,\"rotate\":-39.16},{\"duration\":35,\"tweenEasing\":0,\"rotate\":-39.16},{\"duration\":0}]},{\"name\":\"手臂1\",\"rotateFrame\":[{\"duration\":14,\"tweenEasing\":0,\"rotate\":15.43},{\"duration\":11,\"tweenEasing\":0,\"rotate\":16},{\"duration\":25,\"tweenEasing\":0,\"rotate\":50.89},{\"duration\":10,\"tweenEasing\":0,\"rotate\":2.56},{\"duration\":0,\"rotate\":15.43}]},{\"name\":\"大腿21\",\"rotateFrame\":[{\"duration\":14,\"tweenEasing\":0,\"rotate\":37.74},{\"duration\":11,\"tweenEasing\":0,\"rotate\":-18.53},{\"duration\":25,\"tweenEasing\":0,\"rotate\":17.24},{\"duration\":10,\"tweenEasing\":0,\"rotate\":46.36},{\"duration\":0,\"rotate\":37.74}]},{\"name\":\"手2\",\"rotateFrame\":[{\"duration\":14,\"tweenEasing\":0,\"rotate\":29.02},{\"duration\":11,\"tweenEasing\":0,\"rotate\":-0.29},{\"duration\":15,\"tweenEasing\":0,\"rotate\":4.54},{\"duration\":10,\"tweenEasing\":0,\"rotate\":-44.67},{\"duration\":10,\"tweenEasing\":0,\"rotate\":-29.05},{\"duration\":0,\"rotate\":29.02}]},{\"name\":\"脚_12\",\"rotateFrame\":[{\"duration\":14,\"tweenEasing\":0,\"rotate\":22.79},{\"duration\":11,\"tweenEasing\":0,\"rotate\":46.12},{\"duration\":35,\"tweenEasing\":0,\"rotate\":48.61},{\"duration\":0,\"rotate\":22.79}]},{\"name\":\"bone\",\"translateFrame\":[{\"duration\":14,\"tweenEasing\":0},{\"duration\":11,\"tweenEasing\":0,\"x\":-2.88,\"y\":-1.98},{\"duration\":15,\"tweenEasing\":0},{\"duration\":20,\"tweenEasing\":0,\"x\":-2.13,\"y\":-2.89},{\"duration\":0}],\"rotateFrame\":[{\"duration\":25,\"tweenEasing\":0},{\"duration\":15,\"tweenEasing\":0},{\"duration\":20,\"tweenEasing\":0,\"rotate\":-10.61},{\"duration\":0}]},{\"name\":\"bone1\",\"translateFrame\":[{\"duration\":14,\"tweenEasing\":0,\"x\":-6.54},{\"duration\":6,\"tweenEasing\":0,\"x\":-32.57},{\"duration\":5,\"tweenEasing\":0,\"x\":-24.52},{\"duration\":8,\"tweenEasing\":0,\"x\":-22.43},{\"duration\":7,\"tweenEasing\":0,\"x\":-20.65},{\"duration\":10,\"tweenEasing\":0,\"x\":-10.46},{\"duration\":10,\"x\":-6.54}]}],\"ik\":[{\"name\":\"bone_ik\",\"frame\":[{\"duration\":14,\"tweenEasing\":0},{\"duration\":4,\"tweenEasing\":0},{\"duration\":7,\"tweenEasing\":0,\"bendPositive\":false},{\"duration\":15,\"tweenEasing\":0,\"bendPositive\":false},{\"duration\":10,\"tweenEasing\":0,\"bendPositive\":false},{\"duration\":10,\"tweenEasing\":0},{\"duration\":0}]},{\"name\":\"bone_ik1\",\"frame\":[{\"duration\":25,\"tweenEasing\":0,\"bendPositive\":false},{\"duration\":35,\"tweenEasing\":0,\"bendPositive\":false},{\"duration\":0,\"bendPositive\":false}]},{\"name\":\"bone_ik3\",\"frame\":[{\"duration\":60,\"tweenEasing\":0},{\"duration\":0}]}]}],\"defaultActions\":[{\"gotoAndPlay\":\"move\"}]}]}"]],0,0,[],[],[]]