[1,["ecpdLyjvZBwrvm+cedCcQy","caohSHbS5GEIzmwCrnMGn5","7a/QZLET9IDreTiBfRn2PD","7aKVSYjxdIO5IIx2FT60fw","7ePqw7z7xFCp9GjHIZag91","b7+2Y3/ehMH5++mYZDEvYt","a5eMDdha5A8JGI3qKzgEqe","16572be7f","a2MjXRFdtLlYQ5ouAFv/+R","2feRlJ3QNFh5DUZG3E5FSJ","0eTMtHVPxAN7MDG9Tfj3EY","6bsfl+BvJLCbKl/CzeGNke","11aX3SpyRCQ5Ea1ipmYGdA","94eCafhapB360Hr1J3AbWq","65ybVT/JhNvbjVcDxJ07U+","5b2E3BaVNNzZPAk8+DkCbZ","e0GnB6E4hCepW424HdN5Ms"],["node","_N$file","_spriteFrame","_parent","_N$skeletonData","_textureSetter","root","getRewardBtn","tips","OfficialOnHideBtn","OfficialOnShowBtn","GiftOnHideBtn","GiftOnShowBtn","OfficialContent","GiftContent","spineAnimation","data"],[["cc.Node",["_name","_active","_opacity","_prefab","_contentSize","_components","_parent","_children","_trs","_color","_anchorPoint","_eulerAngles"],0,4,5,9,1,2,7,5,5,5],["cc.Label",["_string","_isSystemFontUsed","_fontSize","_N$horizontalAlign","_N$verticalAlign","_lineHeight","node","_materials","_N$file"],-3,1,3,6],["cc.Widget",["_alignFlags","_originalWidth","_originalHeight","_left","_right","_bottom","_top","node"],-4,1],["cc.Sprite",["_sizeMode","_type","_isTrimmedMode","node","_materials","_spriteFrame"],0,1,3,6],"cc.SpriteFrame",["cc.Node",["_name","_components","_prefab","_children","_parent","_color","_contentSize","_trs"],2,12,4,2,1,5,5,7],["cc.PrefabInfo",["fileId","root","asset"],2,1,1],["cc.ClickEvent",["_componentId","handler","customEventData","target"],0,1],["sp.Skeleton",["defaultSkin","defaultAnimation","_preCacheMode","_animationName","_N$enableBatch","node","_materials","_N$skeletonData"],-2,1,3,6],["cc.Prefab",["_name"],2],["cc.Node",["_name","_parent","_children","_components","_prefab"],2,1,9,9,4],["13a5fwbuBZN557hPuQljbbd",["node","GiftContent","OfficialContent","GiftOnShowBtn","GiftOnHideBtn","OfficialOnShowBtn","OfficialOnHideBtn","tips","getRewardBtn"],3,1,1,1,1,1,1,1,1,1],["cc.BlockInputEvents",["node"],3,1],["cc.ScrollView",["vertical","brake","bounceDuration","_N$horizontalScrollBar","_N$verticalScrollBar","node","_N$content"],-2,1,1],["cc.Button",["_N$transition","node","clickEvents"],2,1,9],["261d4+Q1HdGA5w3tjdBw83c",["node","spineAnimation"],3,1,1],["cc.LabelOutline",["_width","node","_color"],2,1,5]],[[6,0,1,2,2],[16,0,1,2,2],[0,0,6,5,3,9,4,8,2],[3,1,0,2,3,4,5,4],[1,0,2,5,1,6,7,8,5],[0,0,6,5,3,4,8,2],[0,0,6,7,3,4,8,2],[3,3,4,5,1],[3,0,3,4,5,2],[14,0,1,2,2],[1,0,2,1,3,4,6,7,8,6],[0,0,7,5,3,4,8,2],[0,0,6,7,5,3,4,8,2],[7,0,1,3,3],[1,0,2,5,1,3,4,6,7,8,7],[0,0,1,7,5,3,4,8,3],[0,0,5,3,9,4,8,11,2],[0,0,6,5,3,9,4,8,11,2],[0,0,6,7,3,2],[0,0,6,5,3,9,4,2],[2,0,3,4,5,1,2,7,7],[2,0,1,2,7,4],[8,0,1,2,3,4,5,6,7,6],[9,0,2],[0,0,7,5,3,4,10,2],[0,0,1,7,5,3,4,10,3],[0,0,6,7,5,3,4,10,8,2],[0,0,6,7,5,3,4,10,2],[0,0,2,6,5,3,9,4,3],[0,0,7,5,3,2],[0,0,1,6,7,3,8,11,3],[0,0,6,7,3,4,8,11,2],[0,0,6,3,2],[0,0,6,5,3,4,2],[5,0,3,1,2,2],[5,0,4,1,2,5,6,7,2],[10,0,1,2,3,4,2],[11,0,1,2,3,4,5,6,7,8,1],[2,0,7,2],[2,0,3,4,6,5,1,2,7,8],[12,0,1],[6,1,2,1],[13,0,1,2,3,4,5,6,6],[7,0,1,2,3,4],[15,0,1,1],[1,0,1,3,4,6,7,8,5],[1,0,2,5,1,3,4,6,7,7],[8,0,1,2,3,4,5,6,6]],[[[{"name":"gift4","rect":[521,3,236,300],"offset":[0,0],"originalSize":[236,300],"rotated":1,"capInsets":[0,0,0,0]}],[4],0,[0],[5],[7]],[[[23,"FestivalGiftView"],[11,"FestivalGiftView",[-13,-14],[[37,-10,-9,-8,-7,-6,-5,-4,-3,-2],[38,45,-11],[40,-12]],[41,-1,0],[5,1280,720],[640,360,0,0,0,0,1,1,1,1]],[24,"content",[-16,-17,-18,-19],[[20,45,-0.30000000000001137,-0.30000000000001137,-0.1999999999999318,793,420,-15]],[0,"9fvfzdCOFEeqcHrxfdRHZF",1,0],[5,698.6,462],[0,0.5,1]],[12,"board",1,[-21,-22,-23,-24,-25],[[3,1,0,false,-20,[60],61]],[0,"79if67nshKTrN/ovWVOpFz",1,0],[5,730,561.5],[37.721,9.666,0,0,0,0,1,1,1,1]],[25,"content",false,[-27,-28,-29,-30],[[20,45,0.10000000000002274,0.0999999999999659,-0.1999999999999318,928,420,-26]],[0,"0eJSg8u9lPJoRQIqYq8rxO",1,0],[5,697.8,462],[0,0.5,1]],[12,"giftItem",2,[-32,-33,-34,-35],[[7,-31,[23],24]],[0,"01lEVnJOVGU45RPO9wOCbW",1,0],[5,236,300],[1.566,-214.88,0,0,0,0,1,1,1,1]],[26,"ScrollView",3,[-39],[[42,false,0.75,0.23,null,null,-36,2],[39,45,16,16,78.64999999999999,21.049999999999983,880,420,-37],[3,1,0,false,-38,[38],39]],[0,"7bSjmjb4VGxqeqZ65zvDpr",1,0],[5,698,461.80000000000007],[0,0.5,1],[0,202.10000000000002,0,0,0,0,1,1,1,1]],[12,"btn_5",2,[-42],[[7,-40,[27],28],[9,3,-41,[[43,"13a5fwbuBZN557hPuQljbbd","clickGetRewardBtn","0",1]]]],[0,"8bS3+cWRJH9IU9j46H75Uj",1,0],[5,186,67],[1.566,-414.641,0,0,0,0,1,1,1,0]],[11,"Show",[-44,-45],[[3,1,0,false,-43,[44],45]],[0,"19Ka+nMTpKKo8QpQ9NgGrE",1,0],[5,220.8,75.5],[-1.3,0.3,0,0,0,0,1,1,1,1]],[15,"Hide",false,[-48],[[3,1,0,false,-46,[48],49],[9,3,-47,[[13,"13a5fwbuBZN557hPuQljbbd","clickShowGiftBtn",1]]]],[0,"6c9t+xBSBMwrvnVujZ7BLH",1,0],[5,198.8,75.5],[-12.3,0.3,0,0,0,0,1,1,1,0]],[15,"Show",false,[-50,-51],[[3,1,0,false,-49,[54],55]],[0,"77DHZ2+UJFwqex7yjEIIVT",1,0],[5,220.8,75.5],[-1.3,0.3,0,0,0,0,1,1,1,1]],[11,"Hide",[-54],[[3,1,0,false,-52,[58],59],[9,3,-53,[[13,"13a5fwbuBZN557hPuQljbbd","clickShowOfficialBtn",1]]]],[0,"473ZwknLlK74elR4Pzb2AJ",1,0],[5,198.8,75.5],[-12.3,0.3,0,0,0,0,1,1,1,0]],[27,"view",6,[2,4],[[21,45,880,420,-55]],[0,"a1IJ4i8cxOea8AmkqkZ4tL",1,0],[5,698,461.80000000000007],[0,0.5,1]],[34,"cherry_bomb",[-59],[[-56,[44,-58,-57]],1,4],[0,"ecGmrtFIVA9IKgTzBYkJGi",1,0]],[28,"mask",177,1,[[8,0,-60,[0],1],[21,45,100,100,-61]],[0,"2eDfL0T9xOqa7Wx7Tvdjk2",1,0],[4,4278190080],[5,1280,720]],[5,"btn_close",3,[[8,0,-62,[2],3],[9,3,-63,[[13,"13a5fwbuBZN557hPuQljbbd","close",1]]]],[0,"32Rgi6xVVMjIMcCYtjVQJU",1,0],[5,36.4,34],[359.528,272.766,0,0,0,0,1,2,2,0]],[2,"title",3,[[4,"周年庆礼包",62,65,false,-64,[4],5],[1,2,-65,[4,4278190080]]],[0,"05nZqpB1xPB4hl5E/EemIl",1,0],[4,4282891513],[5,314,85.9],[0,229.79,0,0,0,0,1,1,1,1]],[2,"desc",2,[[14,"《植物大战僵尸2》11周年庆，奖励拿到手软！",30,32.5,false,1,1,-66,[6],7],[1,3,-67,[4,4278202957]]],[0,"efFSs3iKdDmYW2CGyetgLn",1,0],[4,4284072191],[5,616.29,46.32],[-8.909,-36.579,0,0,0,0,1,1,1,1]],[29,"auto_pick",[-69],[[22,"default","2ui_idle",0,"2ui_idle",true,-68,[10],11]],[0,"6cjSHeVL1McZkXHYXnQ7Zz",1,0]],[16,"text",[[4,"+1",37,37,false,-70,[8],9],[1,2,-71,[4,4278190080]]],[0,"f2Q5h90iFONaXPnlgvQiSD",1,0],[4,4283692543],[5,39.3,50.62],[-41.139,-43.275,0,0,0,0.2567364100944095,0.966481461659682,1,1,1],[1,0,0,29.753]],[30,"New Node",false,5,[-72,-73],[0,"8bc485sIhLPZ7Jzx/PW5cb",1,0],[-48.683,35.539,0,0,0,0.16016545589512243,0.9870901816642224,1,1,1],[1,0,0,18.433]],[17,"text",20,[[4,"1000",20,20,false,-74,[14],15],[1,2,-75,[4,4278190080]]],[0,"64AstaG5hG/Ldl9uDNroUd",1,0],[4,4283692543],[5,46.24,29.2],[4.506,-35.798,0,0,0,0.04689724267181702,0.9988997190057572,1,1,1],[1,0,0,5.376]],[16,"text",[[4,"+1",30,30,false,-76,[16],17],[1,2,-77,[4,4278190080]]],[0,"dc8J6uZX9Cc4XZMll2Qdg1",1,0],[4,4283692543],[5,32.620000000000005,41.8],[45.15,-38.302,0,0,0,-0.18223552549214747,0.9832549075639546,1,1,1],[1,0,0,-21]],[31,"free_sun_btn",5,[-78,-79],[0,"baiOh09R1IK5p1c68alUPq",1,0],[5,100,100],[36.83,62.175,0,0,0,-0.12192997437186266,0.9925387052149034,0.8,0.8,0.8],[1,0,0,-14.007]],[36,"free_sun",23,[[32,"New Node",-81,[0,"a7Ayb1uiVHHqtNL4R7lv8x",1,0]]],[[22,"default","1ui_idle",0,"1ui_idle",true,-80,[19],20]],[0,"aeDN2k0T1JAIRmXD8JXyR9",1,0]],[17,"text",23,[[4,"+1",30,30,false,-82,[21],22],[1,2,-83,[4,4278190080]]],[0,"24CnPwVa1OUZlNeP4TnYT8",1,0],[4,4283692543],[5,32.620000000000005,41.8],[60.502,-20.476,0,0,0,-0.06098756683585237,0.9981385258026275,1.25,1.25,1.25],[1,0,0,-6.993]],[35,"tips",2,[[-84,[1,3,-85,[4,4278202957]]],1,4],[0,"425WlLoYhPjKKfAiGzRzLr",1,0],[4,4284072191],[5,371.82,46.32],[-8.909,-414.536,0,0,0,0,1,1,1,1]],[2,"txt",4,[[45,"官方公众号",false,1,1,-86,[30],31],[1,3,-87,[4,4278202957]]],[0,"0eiJsWiFNG0IYn34VKRq9u",1,0],[4,4284072191],[5,206,56.4],[0,-37.919,0,0,0,0,1,1,1,1]],[2,"desc",4,[[14,"《植物大战僵尸2》最新资讯，等你来发现！",30,32.5,false,1,1,-88,[32],33],[1,3,-89,[4,4278202957]]],[0,"78bQ4RMxZK8aSWx+00rMIP",1,0],[4,4284072191],[5,595.05,46.32],[0,-90.793,0,0,0,0,1,1,1,1]],[2,"tip",4,[[14,"截图保存,微信扫描二维码",30,32.5,false,1,1,-90,[34],35],[1,3,-91,[4,4278202957]]],[0,"98OFBrEEVGv4gUVaBrWaVs",1,0],[4,4284072191],[5,342.15,46.32],[0,-417.046,0,0,0,0,1,1,1,1]],[6,"gift",3,[8,9],[0,"f607LOzo1JDIdYQ+Yr1zQD",1,0],[5,219.8,71.5],[-455.15,154.1,0,0,0,0,1,1,1,0]],[2,"txt",8,[[10,"周年庆礼包",30,false,1,1,-92,[42],43],[1,3,-93,[4,4278202957]]],[0,"3bKJb8ekRPkKZQVqHfAtFS",1,0],[4,4284072191],[5,156,56.4],[-8.909,0,0,0,0,0,1,1,1,1]],[6,"official",3,[10,11],[0,"d4bS7gkhdMr7uu+RZZh855",1,0],[5,219.8,71.5],[-455.15,52.506,0,0,0,0,1,1,1,1]],[2,"txt",10,[[10,"公众号",36,false,1,1,-94,[52],53],[1,3,-95,[4,4278202957]]],[0,"c0l8MmzihCcYj1XjnQTNjr",1,0],[4,4284072191],[5,114,56.4],[-8.909,0,0,0,0,0,1,1,1,1]],[6,"auto_pick_btn",5,[18],[0,"484AfNn/lHfp8AaLRG2Gl7",1,0],[5,100,100],[-52.609,-0.467,0,0,0,0,1,0.7,0.7,0.7]],[18,"New Node",18,[19],[0,"8cqcUu1ztPUJYk6ylD3l2X",1,0]],[33,"gold_hole_1",20,[[8,0,-96,[12],13]],[0,"f8zvy6ocRA4514MnMZIfsK",1,0],[5,53,44.1]],[6,"cherry_bomb_btn",5,[13],[0,"ddtxoaH6hPCIqeJVIKasXZ",1,0],[5,100,100],[30.125,-57.888,0,0,0,0,1,0.9,0.9,1]],[18,"New Node",13,[22],[0,"1217JWHwlC/YFTGdwcQoEa",1,0]],[47,"default","3ui_idle1",0,"3ui_idle1",true,13,[18]],[2,"text",7,[[4,"领取",28,28,false,-97,[25],26]],[0,"abPZGkta1BrrEp0TUD3QMh",1,0],[4,4285072899],[5,56,35.28],[0,-2.739,0,0,0,0,1,1,1,1]],[46,"收集进度1/2,暂时无法领取",30,32.5,false,1,1,26,[29]],[5,"code",4,[[8,0,-98,[36],37]],[0,"caewh3BZ9KU5XN8YqnPp/q",1,0],[5,244,244],[0,-250.901,0,0,0,0,1,1,1,1]],[5,"rank_arrow",8,[[7,-99,[40],41]],[0,"58Y6jwV+lHv4hC/49gwQ5T",1,0],[5,21,35],[83.726,1.263,0,0,0,0,1,1,1,1]],[19,"txt",9,[[10,"周年庆礼包",30,false,1,1,-100,[46],47]],[0,"52pHkLV/dFL59XAJugY0LU",1,0],[4,4278200380],[5,150,50.4]],[5,"rank_arrow",10,[[7,-101,[50],51]],[0,"68YMJfTLhKQpG4NkqreVvZ",1,0],[5,21,35],[83.726,1.263,0,0,0,0,1,1,1,1]],[19,"txt",11,[[10,"公众号",36,false,1,1,-102,[56],57]],[0,"55VXlyrPRNB6+x4kvjFXPQ",1,0],[4,4278200380],[5,108,50.4]]],0,[0,6,1,0,7,7,0,8,41,0,9,11,0,10,10,0,11,9,0,12,8,0,13,4,0,14,2,0,0,1,0,0,1,0,0,1,0,-1,14,0,-2,3,0,0,2,0,-1,17,0,-2,5,0,-3,7,0,-4,26,0,0,3,0,-1,15,0,-2,16,0,-3,6,0,-4,30,0,-5,32,0,0,4,0,-1,27,0,-2,28,0,-3,29,0,-4,42,0,0,5,0,-1,34,0,-2,20,0,-3,37,0,-4,23,0,0,6,0,0,6,0,0,6,0,-1,12,0,0,7,0,0,7,0,-1,40,0,0,8,0,-1,43,0,-2,31,0,0,9,0,0,9,0,-1,44,0,0,10,0,-1,45,0,-2,33,0,0,11,0,0,11,0,-1,46,0,0,12,0,-1,39,0,15,39,0,0,13,0,-1,38,0,0,14,0,0,14,0,0,15,0,0,15,0,0,16,0,0,16,0,0,17,0,0,17,0,0,18,0,-1,35,0,0,19,0,0,19,0,-1,36,0,-2,21,0,0,21,0,0,21,0,0,22,0,0,22,0,-1,24,0,-2,25,0,0,24,0,3,24,0,0,25,0,0,25,0,-1,41,0,0,26,0,0,27,0,0,27,0,0,28,0,0,28,0,0,29,0,0,29,0,0,31,0,0,31,0,0,33,0,0,33,0,0,36,0,0,40,0,0,42,0,0,43,0,0,44,0,0,45,0,0,46,0,16,1,2,3,12,4,3,12,8,3,30,9,3,30,10,3,32,11,3,32,13,3,37,18,3,34,19,3,35,22,3,38,102],[0,0,0,0,0,0,0,0,0,0,0,0,0,0,0,0,0,0,0,0,0,0,0,0,0,0,0,0,0,0,0,0,0,0,0,0,0,0,0,0,0,0,0,0,0,0,0,0,0,0,0,0,0,0,0,0,0,0,0,0,0,0,39,41],[-1,2,-1,2,-1,1,-1,1,-1,1,-1,4,-1,2,-1,1,-1,1,-1,-1,4,-1,1,-1,2,-1,1,-1,2,-1,-1,1,-1,1,-1,1,-1,2,-1,2,-1,2,-1,1,-1,2,-1,1,-1,2,-1,2,-1,1,-1,2,-1,1,-1,2,-1,2,4,1],[0,8,0,9,0,1,0,1,0,1,2,3,0,10,0,1,0,1,2,2,3,0,1,0,11,0,1,0,12,0,0,1,0,1,0,1,0,13,0,14,0,4,0,1,0,5,0,1,0,6,0,4,0,1,0,5,0,1,0,6,0,15,3,1]],[[{"name":"code","rect":[0,0,1280,1280],"offset":[0,0],"originalSize":[1280,1280],"capInsets":[0,0,0,0]}],[4],0,[0],[5],[16]]]]