[1,["ecpdLyjvZBwrvm+cedCcQy","caohSHbS5GEIzmwCrnMGn5","33FJJx5OxGh5E4lIp/S93j","bfPF/Qn6hMh64K0OYqGb3s","c7SwC0KENGDptrwlc3Cy3N","d2HzctZYVKFZNemh8T+vQj","1a3kW4M+dGIopQBVB6amB7","dfMmHFPAFNmZDOgSb9HCJW","2eYLUKo6tPT57j6FrILgK/","4eG4Y8NJpM76iFCBmqOKH4","e3ovpAIvlJpINq4CsOYyAZ","19e3e59c0"],["node","_spriteFrame","_N$file","root","costPowerLab","startGameNode","preUnLock","chapterName","flagCount","flagNode","bg","lockNode","trophyNode","data","_textureSetter"],[["cc.Node",["_name","_active","_prefab","_contentSize","_trs","_components","_parent","_children","_color"],1,4,5,7,9,1,2,5],["cc.Sprite",["_type","_sizeMode","node","_materials","_spriteFrame"],1,1,3,6],["cc.Label",["_string","_fontSize","_lineHeight","_isSystemFontUsed","_N$horizontalAlign","_N$verticalAlign","_styleFlags","node","_materials","_N$file"],-4,1,3,6],["cc.Node",["_name","_parent","_components","_prefab","_contentSize","_trs","_color","_anchorPoint"],2,1,12,4,5,7,5,5],["cc.PrefabInfo",["fileId","root","asset"],2,1,1],["cc.ClickEvent",["_componentId","handler","target"],1,1],"cc.SpriteFrame",["cc.Prefab",["_name"],2],["cc.Node",["_name","_parent","_components","_prefab","_color","_contentSize","_trs"],2,1,2,4,5,5,7],["152c6CDYKRKvqa11g13cl9O",["node","trophyNode","lockNode","bg","bgFrames","flagNode","flagCount","chapterName","preUnLock","startGameNode","costPowerLab"],3,1,1,1,1,3,1,1,1,1,1,1],["cc.Button",["_N$transition","node","clickEvents"],2,1,9],["cc.LabelOutline",["_width","node","_color"],2,1,5]],[[4,0,1,2,2],[1,2,3,4,1],[0,0,6,5,2,3,4,2],[11,0,1,2,2],[0,0,6,7,5,2,3,4,2],[3,0,1,2,3,6,4,5,2],[10,0,1,2,2],[2,0,1,2,3,4,5,7,8,9,7],[2,0,1,2,3,4,5,7,8,7],[7,0,2],[0,0,7,5,2,8,3,4,2],[0,0,1,6,7,5,2,3,4,3],[0,0,1,6,5,2,3,4,3],[0,0,6,7,2,3,4,2],[3,0,1,2,3,4,7,5,2],[8,0,1,2,3,4,5,6,2],[1,0,1,2,3,4,3],[1,2,3,1],[9,0,1,2,3,4,5,6,7,8,9,10,1],[4,1,2,1],[5,0,1,2,3],[5,0,1,3],[2,0,1,2,3,6,4,5,7,8,8]],[[[[9,"PuzzleItem"],[10,"PuzzleItem",[-13,-14,-15,-16,-17,-18,-19],[[1,-2,[22],23],[18,-12,-11,-10,-9,[24,25],-8,-7,-6,-5,-4,-3]],[19,-1,0],[4,4287861651],[5,245,323],[-1215,0,0,0,0,0,1,1,1,1]],[4,"unlock_btn",1,[-22,-23],[[1,-20,[13],14],[6,3,-21,[[20,"152c6CDYKRKvqa11g13cl9O","clickPreUnLock",1]]]],[0,"5aIz2x7rZNI6yWXQWc3daX",1,0],[5,151,57],[-2,-154,0,0,0,0,1,1,1,0]],[11,"lv_imgSta",false,1,[-26,-27],[[16,1,0,-24,[20],21],[6,3,-25,[[21,"94d58qmgwFH+bfrpPdKMuF1","clickStartBtn"]]]],[0,"9bvjxTyMdMJrOw/H/6Iy75",1,0],[5,158,70],[0,-154,0,0,0,0,1,1,1,0]],[4,"flag",1,[-29],[[1,-28,[7],8]],[0,"60fIlWMwZDRqwH9uWNOQam",1,0],[5,30,30],[30,-60,0,0,0,0,1,1,1,1]],[12,"trophy_tag",false,1,[[1,-30,[1],2]],[0,"dcRXK5BChJM4CGw0FMfc0B",1,0],[5,75,79],[-61,65,0,0,0,0,1,1,1,1]],[5,"name",1,[[-31,[3,3,-32,[4,4278596427]]],1,4],[0,"29IhQFqlVO37P7XTo84FJr",1,0],[4,4280135167],[5,188,45.06],[0,-93,0,0,0,0,1,1,1,1]],[2,"lv_imgLock",1,[[1,-33,[4],5]],[0,"46AhvJOy9Fb4M/n0WePWa5",1,0],[5,26,34],[0,30,0,0,0,0,1,2,2,1]],[14,"flagCount",4,[[-34,[3,2,-35,[4,4278190080]]],1,4],[0,"54te7n8lFOTYQ/N0zSh8nN",1,0],[5,21.58,48.1],[0,1,0.5],[-20,0,0,0,0,0,1,1,1,1]],[2,"txt",2,[[7,"提前解锁",24,28,false,1,1,-36,[11],12],[3,3,-37,[4,4278190080]]],[0,"6ftHlshgRMx5tLNGTNfMO9",1,0],[5,102,41.28],[17,2,0,0,0,0,1,1,1,1]],[2,"New Label",3,[[7,"开始游戏",25,25,false,1,1,-38,[15],16],[3,2,-39,[4,4278190080]]],[0,"66peeRXtpMjZtcMRcTCkmG",1,0],[5,104,35.5],[0,15.227,0,0,0,0,1,1,1,1]],[13,"rightPower",3,[-40,-41],[0,"eenemyDTZI87p0m9+7JTnw",1,0],[5,50,30],[-11.674,-13.715,0,0,0,0,1,1,1,1]],[5,"rightPowercost",11,[[-42,[3,2,-43,[4,4278190080]]],1,4],[0,"30C97CgJ5Gn6exIu1WwwNr",1,0],[4,4278255590],[5,37.22,39.28],[28.484,-2.161,0,0,0,0,1,1,1,1]],[15,"lv_img0",1,[-44],[0,"c4KXE3GnZNJ7IUfWwNqK3s",1,0],[4,4286874756],[5,200,152],[-1,32,0,0,0,0,1,1,1,1]],[17,13,[0]],[8,"生存模式：白天",26,31,false,1,1,6,[3]],[22,"0",30,35,false,1,1,1,8,[6]],[2,"ad_icon",2,[[1,-45,[9],10]],[0,"69FipGUbpMc5MpWBZt98HS",1,0],[5,35,26],[-49,1,0,0,0,0,1,1,1,1]],[2,"powerIcon",11,[[1,-46,[17],18]],[0,"cczg4g4AhHP5+p8uh6k+Ql",1,0],[5,81,82],[0,0,0,0,0,0,1,0.4,0.4,1]],[8,"X2",24,28,false,1,1,12,[19]]],0,[0,3,1,0,0,1,0,4,19,0,5,3,0,6,2,0,7,15,0,8,16,0,9,4,0,10,14,0,11,7,0,12,5,0,0,1,0,-1,13,0,-2,5,0,-3,6,0,-4,7,0,-5,4,0,-6,2,0,-7,3,0,0,2,0,0,2,0,-1,17,0,-2,9,0,0,3,0,0,3,0,-1,10,0,-2,11,0,0,4,0,-1,8,0,0,5,0,-1,15,0,0,6,0,0,7,0,-1,16,0,0,8,0,0,9,0,0,9,0,0,10,0,0,10,0,-1,18,0,-2,12,0,-1,19,0,0,12,0,-1,14,0,0,17,0,0,18,0,13,1,46],[0,0,0,0,0,0,0,0,0,0,0,0,0,0,0,0,0,0,0,0,0,0,0,0,0,0,14,15,16,19],[-1,-1,1,-1,-1,1,-1,-1,1,-1,1,-1,2,-1,1,-1,2,-1,1,-1,-1,1,-1,1,-1,-2,1,2,2,2],[0,0,4,0,0,5,0,0,6,0,7,0,1,0,2,0,1,0,8,0,0,2,0,9,3,10,3,1,1,1]],[[{"name":"lv_img11","rect":[753,3,200,152],"offset":[0,0],"originalSize":[200,152],"rotated":1,"capInsets":[0,0,0,0]}],[6],0,[0],[14],[11]]]]