[1,["ecpdLyjvZBwrvm+cedCcQy","caohSHbS5GEIzmwCrnMGn5","5cO7kybDxGj4ipyMYdRYZB","137b5eb28","11aX3SpyRCQ5Ea1ipmYGdA","97RWUdbdhDf7PwmKzSu13g","35AWwDfGJD1Y9nlO1C+xZs","c7t5n7PoFOkL0NfIMC1iSY","d1WeKoqXRNc7Op/w+H3jWe","fayNuCRs5OKqf+d/p0Fi4j","836UZ9bM1LRZGK5PQS5mxD","0653Hl6ndDnKVwnvxShrF7","2feRlJ3QNFh5DUZG3E5FSJ","36b4xODH1PiKLIo8tKE/nc","dadQ2zZntCQp4oUekYnXUp","d24s5GGRRNV6KQCgDgsLeC"],["node","_spriteFrame","_N$file","_N$font","_parent","_N$verticalScrollBar","_textureSetter","root","title","zjBg","zjSpecial","zjSpeed","zjDmage","zjWear","zjTenacty","zjDesc","cardScroll","shadow","zombieAniNode","zJtxtScroll","txtScroll","bg2","bg","special","zombieProp","zombieDesc","zombieName","cardContent","data","cardPrefab"],[["cc.Node",["_name","_components","_prefab","_contentSize","_parent","_trs","_children","_anchorPoint","_color"],2,9,4,5,1,7,2,5,5],["cc.Sprite",["_sizeMode","_type","_isTrimmedMode","node","_materials","_spriteFrame"],0,1,3,6],["cc.Widget",["_alignFlags","_originalHeight","_left","alignMode","_right","_originalWidth","_top","_bottom","node"],-5,1],["cc.Node",["_name","_parent","_components","_prefab","_contentSize","_trs","_anchorPoint","_children","_color"],2,1,2,4,5,7,5,2,5],["cc.Label",["_string","_isSystemFontUsed","_N$verticalAlign","_fontSize","_lineHeight","_N$horizontalAlign","_N$overflow","node","_materials","_N$file"],-4,1,3,6],"cc.SpriteFrame",["cc.Node",["_name","_parent","_components","_prefab","_contentSize","_trs","_children","_anchorPoint","_color"],2,1,12,4,5,7,2,5,5],["cc.PrefabInfo",["fileId","root","asset"],2,1,1],["cc.Layout",["_resize","_N$layoutType","_N$paddingLeft","_N$paddingTop","_N$paddingBottom","_N$spacingX","_N$spacingY","node","_layoutSize"],-4,1,5],["cc.Mask",["_N$alphaThreshold","node","_materials"],2,1,3],["cc.RichText",["_isSystemFontUsed","_N$string","_N$fontSize","_N$maxWidth","_N$lineHeight","node","_N$font"],-2,1,6],["cc.Prefab",["_name"],2],["cc.BlockInputEvents",["node"],3,1],["52c7fSRVGhMCbajYpKgtYzJ",["node","cardContent","zombieName","zombieDesc","zombieProp","special","bg","bg2","txtScroll","zJtxtScroll","zombieAniNode","shadow","cardScroll","zjDesc","zjTenacty","zjWear","zjDmage","zjSpeed","zjSpecial","zjBg","title","cardPrefab"],3,1,1,1,1,1,1,1,1,1,1,1,1,1,1,1,1,1,1,1,1,1,6],["cc.Button",["_N$transition","node","clickEvents"],2,1,9],["cc.ClickEvent",["_componentId","handler","target"],1,1],["cc.LabelOutline",["_width","node","_color"],2,1,5],["cc.ScrollView",["horizontal","inertia","brake","bounceDuration","_N$horizontalScrollBar","node","_N$content"],-2,1,1],["cc.Scrollbar",["_N$direction","node","_scrollView","_N$handle"],2,1,1,1]],[[7,0,1,2,2],[3,0,1,2,3,4,6,5,2],[0,0,4,1,2,3,5,2],[10,0,1,2,3,4,5,6],[0,0,4,6,1,2,3,5,2],[3,0,1,2,3,8,4,5,2],[1,3,4,5,1],[4,0,3,4,1,2,6,7,8,7],[1,1,0,2,3,4,5,4],[0,0,4,6,1,2,3,7,2],[3,0,1,7,2,3,4,6,5,2],[6,0,1,6,2,3,4,7,5,2],[1,1,0,3,4,3],[9,0,1,2,2],[17,0,1,2,3,4,5,6,6],[18,0,1,2,3,2],[0,0,6,1,2,3,7,2],[0,0,4,1,2,3,2],[6,0,1,2,3,8,4,5,2],[2,3,0,2,1,8,5],[8,0,1,7,8,3],[14,0,1,2,2],[15,0,1,2,3],[16,0,1,2,2],[4,0,3,4,1,5,2,7,8,7],[4,0,1,5,2,7,8,9,5],[11,0,2],[0,0,6,1,2,3,5,2],[0,0,1,2,3,7,2],[0,0,4,1,2,3,7,5,2],[0,0,4,1,2,8,3,5,2],[0,0,4,1,2,8,3,2],[2,0,8,2],[2,3,0,2,4,1,8,6],[2,0,5,1,8,4],[2,0,2,4,6,7,5,1,8,8],[12,0,1],[13,0,1,2,3,4,5,6,7,8,9,10,11,12,13,14,15,16,17,18,19,20,21,1],[7,1,2,1],[8,0,1,2,3,4,5,6,7,8,8],[1,1,0,3,4,5,3],[1,2,3,4,5,2],[1,0,2,3,4,5,3],[9,1,2,1],[10,0,1,2,3,4,5,6,6]],[[[{"name":"zombie_info_bg","rect":[539,729,194,86],"offset":[0,0],"originalSize":[194,86],"rotated":1,"capInsets":[75,35,75,35]}],[5],0,[0],[6],[3]],[[[26,"ZombieHandbookView"],[27,"ZombieHandbookView",[-25,-26,-27,-28,-29,-30,-31,-32],[[32,45,-2],[36,-3],[37,-24,-23,-22,-21,-20,-19,-18,-17,-16,-15,-14,-13,-12,-11,-10,-9,-8,-7,-6,-5,-4,43]],[38,-1,0],[5,1280,720],[640,360,0,0,0,0,1,1,1,1]],[16,"content",[-34,-35,-36,-37,-38,-39,-40],[[20,1,2,-33,[5,410,411.15999999999997]]],[0,"08okgAciJKx6LAdbaaoaH1",1,0],[5,410,411.15999999999997],[0,0.5,1]],[4,"info_bg",1,[-42,-43,-44,-45,-46,-47],[[8,1,0,false,-41,[24],25]],[0,"d9LTmGK7FCg6UUacYQ6CTM",1,0],[5,482,686],[297,11,0,0,0,0,1,1,1,1]],[16,"content",[-49,-50,-51,-52,-53],[[20,1,2,-48,[5,410,353.4]]],[0,"655c1tFuxH5JvIvzObdDbp",1,0],[5,410,353.4],[0,0.5,1]],[4,"btn_close",1,[-56,-57],[[6,-54,[30],31],[21,3,-55,[[22,"52c7fSRVGhMCbajYpKgtYzJ","clickClose",1]]]],[0,"9bLzjOe8JH2amTZxa4ESO8",1,0],[5,186,67],[449,-317,0,0,0,0,1,1,1,0]],[10,"ZombieCardScroll",1,[-59,-60,-61],[-58],[0,"8aemyw7pBB0LT5oa63bBJO",1,0],[5,564,545],[0,0.5,1],[-245,243,0,0,0,0,1,1,1,1]],[10,"DescScrollView",3,[-63,-64],[-62],[0,"6bZ5l4AG9HZ4rNeXftQix6",1,0],[5,410,250],[0,0.5,1],[0,-25,0,0,0,0,1,1,1,1]],[11,"scrollBar",7,[-67],[[-65,[19,0,37,350.07654921020657,237,-66]],1,4],[0,"99MejnLn5FxrhbJKHQj0gu",1,0],[5,12,250],[0,1,0.5],[205,-125,0,0,0,0,1,1,1,1]],[10,"zombieDescScrollView",3,[-69,-70],[-68],[0,"e3mQStLRFL/qRRHy8EF57v",1,0],[5,410,250],[0,0.5,1],[0,-25,0,0,0,0,1,1,1,1]],[11,"scrollBar",9,[-73],[[-71,[19,0,37,350.07654921020657,237,-72]],1,4],[0,"daAgteVBNPd7S8EO3gbrtF",1,0],[5,12,250],[0,1,0.5],[205,-125,0,0,0,0,1,1,1,1]],[4,"btn_back",1,[-76],[[6,-74,[34],35],[21,3,-75,[[22,"52c7fSRVGhMCbajYpKgtYzJ","clickBack",1]]]],[0,"c2toqnYINA+I0gLcGIB/cQ",1,0],[5,186,67],[146,-317,0,0,0,0,1,1,1,0]],[11,"scrollBar",6,[-79],[[-77,[33,0,37,350.07654921020657,-5,237,-78]],1,4],[0,"84ybVNgAxAM7Z5dWaZ8HS+",1,0],[5,12,545],[0,1,0.5],[287,-272.5,0,0,0,0,1,1,1,1]],[28,"content",[[39,1,3,14,5,50,19,16,-80,[5,564,213]]],[0,"3a8u8t32tPs7RPie43E+Su",1,0],[5,564,213],[0,0.5,1]],[4,"zombieNode",1,[-82],[[43,-81,[42]]],[0,"7bQfVJpKhNjIRn1GDjdQwD",1,0],[5,242,232],[292,153,0,0,0,0,1,1,1,1]],[17,"new_plant_bg",1,[[40,1,0,-83,[0],1],[34,45,149,142,-84]],[0,"adtyGvry9DJoPGcujyc5/A",1,0],[5,1280,720]],[17,"new_plant_bg2",1,[[8,1,0,false,-85,[2],3],[35,45,35,35,20,20,70,62,-86]],[0,"bby9bmoaZGQpep61xMEmvr",1,0],[5,1210,680]],[4,"tittle_bg",1,[-88],[[8,1,0,false,-87,[5],6]],[0,"1a2929CihAJLxj3cKcbrca",1,0],[5,598,94],[-255,308,0,0,0,0,1,1,1,1]],[18,"tittle",17,[[-89,[23,2,-90,[4,4278330370]]],1,4],[0,"e0OnBU0p9PKadv7YXXJOCt",1,0],[4,4279746326],[5,250.31,64.47999999999999],[-3,4,0,0,0,0,1,1,1,1]],[18,"name",3,[[-91,[23,2,-92,[4,4278330370]]],1,4],[0,"41ChIhb5RHDY67vGBpv8lB",1,0],[4,4279746326],[5,144,53.14],[-6,312,0,0,0,0,1,1,1,1]],[14,false,false,0.75,0.23,null,7,4],[9,"view",7,[4],[[13,0,-93,[15]]],[0,"945NwXsXREiqBIwEIX77kU",1,0],[5,410,250],[0,0.5,1]],[29,"special",4,[[44,false,"<color=#30a7db>只在水池关卡出现</c>",33,380,38,-94,17]],[0,"1ddkRe5Q1DG5HBYIxh1uAq",1,0],[5,380,47.88],[0,0,0.5],[-196,-157.7,0,0,0,0,1,1,1,1]],[14,false,false,0.75,0.23,null,9,2],[9,"view",9,[2],[[13,0,-95,[21]]],[0,"376Q/Nqi5IC7Xomxs2q8q5",1,0],[5,410,250],[0,0.5,1]],[14,false,false,0.75,0.23,null,6,13],[9,"view",6,[13],[[13,0,-96,[37]]],[0,"04dt8ZCCpHpY0VOKBNj3gx",1,0],[5,564,545],[0,0.5,1]],[2,"shadow_new",14,[[6,-97,[40],41]],[0,"4akLIpM41C/qCwisAudoex",1,0],[5,74,37],[0,-80,0,0,0,0,1,1,1,1]],[24,"大图鉴-僵尸",44,48,false,1,1,18,[4]],[2,"common_bg",3,[[41,false,-98,[7],8]],[0,"7fXKiuI7JAEri624l+RIJY",1,0],[5,292,283],[-6,143,0,0,0,0,1,1,1,1]],[2,"info_bg",3,[[6,-99,[9],10]],[0,"c35g6B++BM9IkcEn2Tl5wC",1,0],[5,246,236],[-5,142,0,0,0,0,1,1,1,1]],[24,"豌豆射手",35,39,false,1,1,19,[11]],[2,"plant_desc_bg",3,[[8,1,0,false,-100,[12],13]],[0,"a0nEeNqrVEPr1lYqzL6Zod",1,0],[5,436,279],[0,-154,0,0,0,0,1,1,1,1]],[1,"bar",8,[-101],[0,"923srNPrFEza/ye0WRPo3s",1,0],[5,10,30],[0,1,0],[-1,0,0,0,0,0,1,1,1,1]],[12,1,0,33,[14]],[15,1,8,20,34],[5,"desc",4,[-102],[0,"27L4xIFqJPxpIuEt5AGkKJ",1,0],[4,4285150504],[5,380,85.88],[-6,-42.94,0,0,0,0,1,1,1,1]],[7,"豌豆射手，你的第一道防线，发射豌豆攻击僵尸。",33,38,false,1,3,36,[16]],[1,"prop",4,[-103],[0,"cclj3jI4BA1ZBRPsMfViGN",1,0],[5,380,47.88],[0,0,0.5],[-196,-109.82,0,0,0,0,1,1,1,1]],[3,false,"<color=#aa582b>伤害：</c><color=#e6300d>巨大</color>",33,380,38,38],[5,"bg1",4,[-104],[0,"c2pbAGzudBxq1FqjmEtjnc",1,0],[4,4281030826],[5,380,85.88],[-6,-224.57999999999998,0,0,0,0,1,1,1,1]],[7,"豌豆射手，你的第一道防线，发射豌豆攻击僵尸。",33,38,false,1,3,40,[18]],[5,"bg2",4,[-105],[0,"c5c2IXuTRACJEZ5iWCaY0o",1,0],[4,4279054566],[5,380,85.88],[-6,-310.46,0,0,0,0,1,1,1,1]],[7,"豌豆射手，你的第一道防线，发射豌豆攻击僵尸。",33,38,false,1,3,42,[19]],[1,"bar",10,[-106],[0,"fbxX2cz3RC/5i6bw3M96Ce",1,0],[5,10,30],[0,1,0],[-1,0,0,0,0,0,1,1,1,1]],[12,1,0,44,[20]],[15,1,10,23,45],[5,"zjdesc",2,[-107],[0,"8b+PGVk25Iu5KtuIXn1Jyi",1,0],[4,4285150504],[5,380,85.88],[-6,-42.94,0,0,0,0,1,1,1,1]],[7,"豌豆射手，你的第一道防线，发射豌豆攻击僵尸。",33,38,false,1,3,47,[22]],[1,"zjtenacty",2,[-108],[0,"3ern36r/9Ah48CImKs3noC",1,0],[5,380,47.88],[0,0,0.5],[-196,-109.82,0,0,0,0,1,1,1,1]],[3,false,"<color=#aa582b>伤害：</c><color=#e6300d>巨大</color>",33,380,38,49],[1,"zjwear",2,[-109],[0,"638BeUwalCzpx+GmLl+ntm",1,0],[5,380,47.88],[0,0,0.5],[-196,-157.7,0,0,0,0,1,1,1,1]],[3,false,"<color=#30a7db>只在水池关卡出现</c>",33,380,38,51],[1,"zjdmage",2,[-110],[0,"4e8OH6mb9DvINdrZ0AplU7",1,0],[5,380,47.88],[0,0,0.5],[-196,-205.57999999999998,0,0,0,0,1,1,1,1]],[3,false,"<color=#30a7db>只在水池关卡出现</c>",33,380,38,53],[1,"zjspeed",2,[-111],[0,"a1zY+alTlEMJ1xopP+RujQ",1,0],[5,380,47.88],[0,0,0.5],[-196,-253.45999999999998,0,0,0,0,1,1,1,1]],[3,false,"<color=#30a7db>只在水池关卡出现</c>",33,380,38,55],[1,"zjspecial",2,[-112],[0,"53lbCuLfZNorg5s8ZdT70t",1,0],[5,380,47.88],[0,0,0.5],[-196,-301.34,0,0,0,0,1,1,1,1]],[3,false,"<color=#30a7db>只在水池关卡出现</c>",33,380,38,57],[5,"zjbg1",2,[-113],[0,"a036WjpLdA+6SYqNmj6S/u",1,0],[4,4281030826],[5,380,85.88],[-6,-368.21999999999997,0,0,0,0,1,1,1,1]],[7,"豌豆射手，你的第一道防线，发射豌豆攻击僵尸。",33,38,false,1,3,59,[23]],[30,"txt",5,[[25,"关闭",false,1,1,-114,[26],27]],[0,"70IqwV2YNJJaebja+H3Qy1",1,0],[4,4285150504],[5,80,50.4],[-29,0,0,0,0,0,1,1,1,1]],[2,"btn_close",5,[[6,-115,[28],29]],[0,"628sQUm6lJZKVlMaM8vJBk",1,0],[5,88,82],[51,0,0,0,0,0,1,0.55,0.55,1]],[31,"txt",11,[[25,"返回",false,1,1,-116,[32],33]],[0,"37Bdf36p9CwIMJecLaI6Vv",1,0],[4,4285150504],[5,80,50.4]],[1,"bar",12,[-117],[0,"cbY0UyqoRCNqWEO/usgcDv",1,0],[5,10,30],[0,1,0],[-1,0,0,0,0,0,1,1,1,1]],[12,1,0,64,[36]],[15,1,12,25,65],[2,"mask",6,[[42,0,false,-118,[38],39]],[0,"c9sSZWHtFLnostn6xia+hP",1,0],[5,600,35],[-10,-548,0,0,0,0,1,1,1,1]]],0,[0,7,1,0,0,1,0,0,1,0,8,28,0,9,60,0,10,58,0,11,56,0,12,54,0,13,52,0,14,50,0,15,48,0,16,25,0,17,27,0,18,14,0,19,23,0,20,20,0,21,43,0,22,41,0,23,22,0,24,39,0,25,37,0,26,31,0,27,13,0,0,1,0,-1,15,0,-2,16,0,-3,17,0,-4,3,0,-5,5,0,-6,11,0,-7,6,0,-8,14,0,0,2,0,-1,47,0,-2,49,0,-3,51,0,-4,53,0,-5,55,0,-6,57,0,-7,59,0,0,3,0,-1,29,0,-2,30,0,-3,19,0,-4,32,0,-5,7,0,-6,9,0,0,4,0,-1,36,0,-2,38,0,-3,22,0,-4,40,0,-5,42,0,0,5,0,0,5,0,-1,61,0,-2,62,0,-1,25,0,-1,12,0,-2,26,0,-3,67,0,-1,20,0,-1,8,0,-2,21,0,-1,35,0,0,8,0,-1,33,0,-1,23,0,-1,10,0,-2,24,0,-1,46,0,0,10,0,-1,44,0,0,11,0,0,11,0,-1,63,0,-1,66,0,0,12,0,-1,64,0,0,13,0,0,14,0,-1,27,0,0,15,0,0,15,0,0,16,0,0,16,0,0,17,0,-1,18,0,-1,28,0,0,18,0,-1,31,0,0,19,0,0,21,0,0,22,0,0,24,0,0,26,0,0,27,0,0,29,0,0,30,0,0,32,0,-1,34,0,-1,37,0,-1,39,0,-1,41,0,-1,43,0,-1,45,0,-1,48,0,-1,50,0,-1,52,0,-1,54,0,-1,56,0,-1,58,0,-1,60,0,0,61,0,0,62,0,0,63,0,-1,65,0,0,67,0,28,1,2,4,24,4,4,21,13,4,26,20,5,35,23,5,46,25,5,66,118],[0,0,0,0,0,0,0,0,0,0,0,0,0,0,0,0,0,0,0,0,0,0,0,0,0,0,0,0,0,0,0,0,0,0,0,0,0,0,0,0,0,0,0,0,28,31,34,37,39,41,43,45,48,50,52,54,56,58,60,65],[-1,1,-1,1,-1,-1,1,-1,1,-1,1,-1,-1,1,-1,-1,-1,3,-1,-1,-1,-1,-1,-1,-1,1,-1,2,-1,1,-1,1,-1,2,-1,1,-1,-1,-1,1,-1,1,-1,29,2,2,1,2,3,2,2,1,2,3,3,3,3,3,2,1],[0,5,0,6,0,0,7,0,8,0,9,0,0,10,0,0,0,1,0,0,0,0,0,0,0,11,0,1,0,12,0,4,0,1,0,4,0,0,0,13,0,14,0,15,1,1,2,1,1,1,1,2,1,1,1,1,1,1,1,2]],[[{"name":"zombie_info_bg2","rect":[127,3,292,283],"offset":[0,0],"originalSize":[292,283],"capInsets":[0,0,0,0]}],[5],0,[0],[6],[3]]]]