[1,["ecpdLyjvZBwrvm+cedCcQy","39EBJ3WA1NdaoT0yzrsoTR","1aLN6aRRRJiak+eaoyBGWI","a4pyTM8QNBLq2xj6VncLvw"],["node","_textureSetter","root","shine","label","data","_spriteFrame","_N$file"],[["cc.PrefabInfo",["fileId","root"],2,1],"cc.SpriteFrame",["cc.Prefab",["_name"],2],["cc.Node",["_name","_children","_components","_prefab","_contentSize"],2,2,12,4,5],["cc.Node",["_name","_parent","_components","_prefab","_contentSize","_trs"],2,1,9,4,5,7],["6f8caN8RXRLiK/8DMHWkIQa",["node","label","shine"],3,1,1,1],["cc.LabelOutline",["node","_color"],3,1,5],["cc.Sprite",["node","_materials","_spriteFrame"],3,1,3,6],["cc.Label",["_string","_fontSize","_isSystemFontUsed","_styleFlags","_N$horizontalAlign","_N$verticalAlign","node","_materials"],-3,1,3]],[[2,0,2],[3,0,1,2,3,4,2],[4,0,1,2,3,4,5,2],[5,0,1,2,1],[6,0,1,1],[0,1,1],[0,0,1,2],[7,0,1,2,1],[8,0,1,2,3,4,5,6,7,7]],[[[{"name":"a012","rect":[0,0,58,61],"offset":[0,0],"originalSize":[58,61],"capInsets":[0,0,0,0]}],[1],0,[0],[1],[1]],[[[0,"hitNumEffect"],[1,"hitNumEffect",[-7],[[-2,[3,-5,-4,-3],[4,-6,[4,4278190080]]],1,4,4],[5,-1],[5,54.44,52.4]],[2,"a012",1,[[7,-8,[0],1]],[6,"c6Lfl36eFDZL7EaQ+mhblv",1],[5,58,61],[-45,0,0,0,0,0,1,0.6,0.6,1]],[8,"Label",20,false,1,1,1,1,[2]]],0,[0,2,1,0,-1,3,0,3,2,0,4,3,0,0,1,0,0,1,0,-1,2,0,0,2,0,5,1,8],[0,0,0,3],[-1,6,-1,7],[0,2,0,3]]]]