[1,["5bpnCOMz9BDr0FGS7GLvZB"],0,[["sp.SkeletonData",["_name","_atlasText","textureNames","_skeletonJson","textures"],-1,3]],[[0,0,1,2,3,4,5]],[[0,"Zombie_jackbox","\nZombie_jackbox.png\nsize: 512,128\nformat: RGBA8888\nfilter: Linear,Linear\nrepeat: none\nhezhe\n  rotate: true\n  xy: 249, 39\n  size: 42, 39\n  orig: 42, 40\n  offset: 0, 1\n  index: -1\nhezi\n  rotate: true\n  xy: 154, 72\n  size: 54, 53\n  orig: 55, 54\n  offset: 0, 1\n  index: -1\nkaigai\n  rotate: true\n  xy: 153, 13\n  size: 55, 26\n  orig: 55, 27\n  offset: 0, 0\n  index: -1\nlagan\n  rotate: false\n  xy: 113, 59\n  size: 20, 9\n  orig: 20, 9\n  offset: 0, 0\n  index: -1\nshenti\n  rotate: false\n  xy: 2, 50\n  size: 56, 76\n  orig: 56, 76\n  offset: 0, 0\n  index: -1\ntanhuang\n  rotate: false\n  xy: 318, 104\n  size: 18, 22\n  orig: 18, 22\n  offset: 0, 0\n  index: -1\ntou1\n  rotate: false\n  xy: 2, 2\n  size: 51, 46\n  orig: 51, 46\n  offset: 0, 0\n  index: -1\ntou2\n  rotate: false\n  xy: 100, 2\n  size: 51, 49\n  orig: 51, 54\n  offset: 0, 5\n  index: -1\ntoufa\n  rotate: true\n  xy: 113, 70\n  size: 56, 39\n  orig: 56, 40\n  offset: 0, 1\n  index: -1\nxiaba\n  rotate: true\n  xy: 294, 7\n  size: 32, 16\n  orig: 32, 16\n  offset: 0, 0\n  index: -1\nxiaochou\n  rotate: false\n  xy: 290, 41\n  size: 36, 40\n  orig: 36, 40\n  offset: 0, 0\n  index: -1\nyaodai\n  rotate: false\n  xy: 209, 82\n  size: 38, 44\n  orig: 38, 44\n  offset: 0, 0\n  index: -1\nyoudabi\n  rotate: true\n  xy: 224, 2\n  size: 32, 33\n  orig: 32, 33\n  offset: 0, 0\n  index: -1\nyoudatui\n  rotate: true\n  xy: 259, 3\n  size: 34, 33\n  orig: 34, 33\n  offset: 0, 0\n  index: -1\nyoujiao\n  rotate: false\n  xy: 181, 2\n  size: 41, 21\n  orig: 41, 21\n  offset: 0, 0\n  index: -1\nyoukong\n  rotate: false\n  xy: 113, 53\n  size: 4, 4\n  orig: 4, 4\n  offset: 0, 0\n  index: -1\nyouxiaobi\n  rotate: true\n  xy: 55, 2\n  size: 46, 43\n  orig: 46, 43\n  offset: 0, 0\n  index: -1\nyouxiaotui\n  rotate: true\n  xy: 249, 83\n  size: 43, 42\n  orig: 43, 42\n  offset: 0, 0\n  index: -1\nzuodabi\n  rotate: false\n  xy: 312, 8\n  size: 21, 31\n  orig: 21, 32\n  offset: 0, 1\n  index: -1\nzuodatui\n  rotate: false\n  xy: 293, 88\n  size: 23, 38\n  orig: 23, 39\n  offset: 0, 0\n  index: -1\nzuojiao\n  rotate: true\n  xy: 224, 36\n  size: 44, 23\n  orig: 44, 23\n  offset: 0, 0\n  index: -1\nzuokong\n  rotate: false\n  xy: 119, 53\n  size: 4, 4\n  orig: 5, 4\n  offset: 0, 0\n  index: -1\nzuoxiaobi\n  rotate: false\n  xy: 60, 53\n  size: 51, 73\n  orig: 52, 73\n  offset: 1, 0\n  index: -1\nzuoxiaotui\n  rotate: true\n  xy: 181, 25\n  size: 45, 41\n  orig: 45, 41\n  offset: 0, 0\n  index: -1\n",["Zombie_jackbox.png"],{"skeleton":{"hash":"X5OdtQC4snhuWtPZNvTexWpWXBg","spine":"3.8.99","x":-23.8,"y":-11.96,"width":65.65,"height":61.1,"images":"./images/","audio":"H:/植物大战僵尸2024311/第四关/Zombie_jackbox"},"bones":[{"name":"root","y":-14.03,"scaleX":0.5,"scaleY":0.5},{"name":"kua","parent":"root","x":23.87,"y":134.25},{"name":"zuodatui","parent":"kua","length":54.55,"rotation":-86.31,"x":15.36,"y":-2.63},{"name":"zuoxiaotui","parent":"zuodatui","length":46.74,"rotation":11,"x":55.83,"y":1.24},{"name":"youdatui","parent":"kua","length":47.56,"rotation":-66.04,"x":-31.17,"y":0.12},{"name":"youxiaotui","parent":"youdatui","length":42.8,"rotation":-45,"x":48.18,"y":-0.76},{"name":"shenti","parent":"kua","length":58.58,"rotation":117.42,"x":-1.72,"y":2.53},{"name":"shenti2","parent":"shenti","length":43.79,"rotation":6.57,"x":58.58},{"name":"tou","parent":"shenti2","length":80.29,"rotation":-38.23,"x":45.1,"y":0.17},{"name":"zuodabi","parent":"shenti2","length":43.55,"rotation":-214.84,"x":6.95,"y":-21.54},{"name":"zuoxiaobi","parent":"zuodabi","length":15,"x":31.8,"y":3.4},{"name":"zuoxiaobi2","parent":"zuoxiaobi","length":56.36,"rotation":-41.57,"x":14.06,"y":-5.64},{"name":"hezi","parent":"zuoxiaobi2","length":49.44,"rotation":235.37,"x":57.67,"y":-14.19},{"name":"youdabi","parent":"shenti2","length":50.74,"rotation":108.53,"x":41.46,"y":6.95},{"name":"youxiaobi","parent":"youdabi","length":56.79,"rotation":-55.79,"x":50.01,"y":2.88},{"name":"lagan","parent":"hezi","length":34,"rotation":81.67,"x":49.53,"y":35.06},{"name":"tanhuang","parent":"hezi","x":53.5,"y":1.74},{"name":"tanhuang2","parent":"tanhuang","length":31.26,"rotation":12.87,"x":0.22,"y":-0.22},{"name":"xiaochou","parent":"tanhuang2","length":59.14,"rotation":9.45,"x":31.47,"y":0.31,"transform":"noScale"},{"name":"toufa","parent":"tou","rotation":28.63,"x":65.1,"y":15.52},{"name":"youkong","parent":"tou","rotation":28.63,"x":21.89,"y":66.76},{"name":"zuokong","parent":"tou","rotation":28.63,"x":25.84,"y":11.34},{"name":"xiaba","parent":"tou","rotation":28.63,"x":-22.24,"y":33.87},{"name":"zuojiao","parent":"root","length":30,"rotation":-141.38,"x":56,"y":30.67,"color":"ff3f00ff"},{"name":"youjiao","parent":"root","length":20,"rotation":-56.6,"x":-5.41,"y":48.03,"color":"ff3f00ff"},{"name":"hezi2","parent":"root","length":49.44,"rotation":102.94,"x":-43.17,"y":128.31,"color":"ed2fffff"},{"name":"lagan2","parent":"hezi2","length":34,"rotation":81.67,"x":49.53,"y":35.06,"color":"ed2effff"},{"name":"tanhuang3","parent":"hezi2","x":53.5,"y":1.74,"color":"ed2effff"},{"name":"tanhuang4","parent":"tanhuang3","length":31.26,"rotation":12.87,"x":0.22,"y":-0.22,"color":"ed2effff"},{"name":"xiaochou2","parent":"tanhuang4","length":59.14,"rotation":9.45,"x":31.47,"y":0.31,"transform":"noScale","color":"ed2effff"},{"name":"zuoxiaobi3","parent":"zuoxiaobi2","x":390.79,"y":-148.92},{"name":"hezi3","parent":"root","length":49.44,"rotation":88.44,"x":27.46,"y":32.07,"color":"ed2fffff"},{"name":"lagan3","parent":"hezi3","length":34,"rotation":81.67,"x":49.53,"y":35.06,"color":"ed2effff"},{"name":"tanhuang5","parent":"hezi3","x":53.5,"y":1.74,"color":"ed2effff"},{"name":"tanhuang6","parent":"tanhuang5","length":31.26,"rotation":12.87,"x":0.22,"y":-0.22,"color":"ed2effff"},{"name":"xiaochou3","parent":"tanhuang6","length":59.14,"rotation":9.45,"x":31.47,"y":0.31,"transform":"noScale","color":"ed2effff"}],"slots":[{"name":"zhe","bone":"root","attachment":"zhe"},{"name":"youjiao","bone":"youjiao","attachment":"youjiao"},{"name":"youxiaotui","bone":"youxiaotui","attachment":"youxiaotui"},{"name":"youdatui","bone":"youdatui","attachment":"youdatui"},{"name":"zuojiao","bone":"zuojiao","attachment":"zuojiao"},{"name":"zuoxiaotui","bone":"zuoxiaotui","attachment":"zuoxiaotui"},{"name":"zuodatui","bone":"zuodatui","attachment":"zuodatui"},{"name":"youdabi","bone":"youdabi","attachment":"youdabi"},{"name":"youxiaobi","bone":"youxiaobi","attachment":"youxiaobi"},{"name":"yaodai","bone":"kua","attachment":"yaodai"},{"name":"shenti","bone":"shenti","attachment":"shenti"},{"name":"lagan","bone":"lagan","attachment":"lagan"},{"name":"lagan2","bone":"lagan2","attachment":"lagan"},{"name":"lagan3","bone":"lagan3","attachment":"lagan"},{"name":"tou1","bone":"tou","attachment":"tou1"},{"name":"tou2","bone":"tou","attachment":"tou2"},{"name":"xiaba","bone":"xiaba","attachment":"xiaba"},{"name":"toufa","bone":"toufa","attachment":"toufa"},{"name":"hezi","bone":"hezi","attachment":"hezi"},{"name":"hezi2","bone":"hezi2","attachment":"hezi"},{"name":"hezi3","bone":"hezi3","attachment":"hezi"},{"name":"kaigai","bone":"hezi","attachment":"kaigai"},{"name":"kaigai2","bone":"hezi2","attachment":"kaigai"},{"name":"kaigai3","bone":"hezi3","attachment":"kaigai"},{"name":"tanhuang","bone":"tanhuang","attachment":"tanhuang"},{"name":"tanhuang2","bone":"tanhuang3","attachment":"tanhuang"},{"name":"tanhuang3","bone":"tanhuang5","attachment":"tanhuang"},{"name":"xiaochou","bone":"xiaochou","attachment":"xiaochou"},{"name":"xiaochou2","bone":"xiaochou2","attachment":"xiaochou"},{"name":"xiaochou3","bone":"xiaochou3","attachment":"xiaochou"},{"name":"hezhe","bone":"hezi","attachment":"hezhe"},{"name":"hezhe2","bone":"hezi2","attachment":"hezhe"},{"name":"hezhe3","bone":"hezi3","attachment":"hezhe"},{"name":"zuoxiaobi","bone":"zuoxiaobi2","attachment":"zuoxiaobi"},{"name":"zuodabi","bone":"zuodabi","attachment":"zuodabi"},{"name":"zuokong","bone":"zuokong","attachment":"zuokong"},{"name":"youkong","bone":"youkong","attachment":"youkong"}],"ik":[{"name":"youjiao","order":1,"target":"youjiao","bendPositive":false,"bones":["youdatui","youxiaotui"]},{"name":"zuojiao","target":"zuojiao","bones":["zuodatui","zuoxiaotui"]}],"skins":[{"name":"box","attachments":{"hezhe3":{"hezhe":{"x":18.69,"y":-4.35,"rotation":-96.41,"width":83,"height":80}},"hezi3":{"hezi":{"x":33.01,"y":6.62,"rotation":-96.41,"width":110,"height":108}},"lagan3":{"lagan":{"x":21.45,"y":-1.53,"rotation":-178.08,"width":39,"height":17}},"zhe":{"zhe":{"type":"clipping","end":"zhe","vertexCount":4,"color":"ce3a3aff","vertices":[-603.65,-52.25,251.38,-52.25,258.96,504.12,-609.71,501.09]}}}},{"name":"box0","attachments":{"shenti":{"shenti":{"type":"mesh","hull":33,"width":112,"height":151,"uvs":[0.06874,0.78567,0.16691,0.85944,0.26848,0.90464,0.312,0.99504,0.45129,0.99504,0.66022,0.99719,0.72986,0.93477,0.7879,0.8616,0.77629,0.80133,0.85173,0.72815,0.94169,0.63991,1,0.5904,1,0.53468,0.93298,0.45935,0.91267,0.38832,0.87205,0.3173,0.81111,0.24196,0.77048,0.14941,0.69794,0.07839,0.58477,0.07624,0.49772,0.02458,0.39035,0,0.27718,0,0.16111,0.02028,0.06535,0.06978,0,0.11713,0,0.20537,0,0.29577,0.03053,0.37541,0.06825,0.45289,0.10888,0.53253,0.1379,0.62292,0.12919,0.70902],"triangles":[16,19,17,17,19,18,19,16,31,20,19,21,22,19,31,28,23,22,19,22,21,22,31,30,22,30,29,22,29,28,24,23,26,27,26,23,23,28,27,26,25,24,0,32,1,2,1,32,32,31,8,15,8,31,9,13,10,13,15,14,13,9,15,16,15,31,11,10,12,10,13,12,5,4,6,8,6,4,4,3,2,7,6,8,8,4,2,8,2,32,9,8,15],"vertices":[3,1,-67.97,-8.07,0.16974,6,21.1,63.69,0.81644,7,-29.95,67.56,0.01383,3,1,-56.97,-19.21,0.24817,6,6.14,59.05,0.74755,7,-45.34,64.67,0.00428,3,1,-45.6,-26.03,0.41896,6,-5.15,52.1,0.58088,7,-57.35,59.05,0.00016,2,1,-40.72,-39.68,0.57578,6,-19.51,54.06,0.42422,2,1,-25.12,-39.68,0.70652,6,-26.7,40.21,0.29348,2,1,-1.72,-40.01,0.95019,6,-37.76,19.59,0.04981,2,1,6.08,-30.58,0.99048,6,-32.99,8.32,0.00952,1,1,12.58,-19.53,1,1,1,11.28,-10.43,1,2,1,19.73,0.62,0.80556,6,-11.58,-18.16,0.19444,2,1,29.8,13.94,0.43858,6,-4.39,-33.24,0.56142,3,1,36.33,21.42,0.34753,6,-0.76,-42.48,0.65199,7,-63.81,-35.41,0.00047,3,1,36.33,29.83,0.29848,6,6.71,-46.35,0.69761,7,-56.83,-40.11,0.0039,3,1,28.83,41.21,0.17486,6,20.26,-44.93,0.78967,7,-43.21,-40.25,0.03547,3,1,26.55,51.93,0.08978,6,30.83,-47.85,0.80495,7,-33.04,-44.36,0.10527,3,1,22,62.66,0.04178,6,42.45,-48.75,0.73574,7,-21.6,-46.58,0.22248,3,1,15.18,74.03,0.01207,6,55.69,-47.93,0.54808,7,-8.36,-47.28,0.43985,3,1,10.63,88.01,0.00126,6,70.19,-50.32,0.32615,7,5.77,-51.32,0.67259,2,6,83.45,-48.05,0.21118,7,19.21,-50.58,0.78882,2,6,89.57,-36.95,0.10809,7,26.56,-40.25,0.89191,2,6,100.99,-31.88,0.02464,7,38.48,-36.53,0.97536,2,6,109.82,-22.92,0.00218,7,48.28,-28.63,0.99782,1,7,55.37,-18.12,1,1,7,60.09,-5.63,1,1,7,59.89,7.44,1,1,7,58.05,17.51,1,2,6,102.42,30.17,0.00148,7,47.01,24.96,0.99852,2,6,90.31,36.46,0.03101,7,35.69,32.59,0.96899,2,6,78.06,38.96,0.1257,7,23.81,36.47,0.8743,3,1,-68.02,42.18,0.00004,6,65.73,40.59,0.32125,7,11.74,39.51,0.67871,3,1,-63.47,30.16,0.00479,6,52.96,42.09,0.58904,7,-0.77,42.46,0.40618,3,1,-60.22,16.51,0.03913,6,39.34,45.49,0.8013,7,-13.91,47.4,0.15957,3,1,-61.2,3.51,0.11678,6,28.25,52.35,0.83827,7,-24.14,55.47,0.04495],"edges":[0,2,2,4,4,6,6,8,8,10,10,12,12,14,14,16,16,18,18,20,20,22,22,24,24,26,26,28,28,30,30,32,32,34,34,36,36,38,38,40,40,42,42,44,44,46,46,48,48,50,50,52,52,54,54,56,56,58,58,60,60,62,62,64,0,64]}},"tou1":{"tou1":{"x":26.43,"y":28.85,"rotation":-85.76,"width":102,"height":92}},"tou2":{"tou2":{"x":19.83,"y":28.36,"rotation":-85.76,"width":102,"height":107}},"toufa":{"toufa":{"x":-7.25,"y":17.51,"rotation":-114.39,"width":112,"height":79}},"xiaba":{"xiaba":{"x":3.28,"y":-9.51,"rotation":-114.39,"width":63,"height":31}},"yaodai":{"yaodai":{"x":0.33,"y":-12.93,"width":76,"height":87}},"youdabi":{"youdabi":{"x":31.74,"y":-5.31,"rotation":127.48,"width":63,"height":65}},"youdatui":{"youdatui":{"x":25.17,"y":3.59,"rotation":66.04,"width":68,"height":66}},"youjiao":{"youjiao":{"x":17.66,"y":-0.01,"rotation":56.6,"width":81,"height":42}},"youkong":{"youkong":{"x":0.49,"y":-0.05,"rotation":-114.39,"width":7,"height":7}},"youxiaobi":{"youxiaobi":{"type":"mesh","hull":23,"width":92,"height":85,"uvs":[0.30664,0.00411,0.64543,0.06512,0.68635,0.07038,0.8701,0.07026,0.95186,0.12396,0.98941,0.22117,0.98924,0.34515,0.9761,0.46327,0.50335,0.45469,0.55809,0.5822,0.60248,0.68105,0.49501,0.85555,0.27938,0.98888,0.15398,0.98866,0.17377,0.85623,0.17316,0.77775,0.14931,0.63774,0.12305,0.54288,0.03918,0.43559,0.00784,0.21543,0.06939,0.10107,0.11376,0.05257,0.16385,0.0348],"triangles":[5,3,4,18,19,20,8,0,1,8,1,2,5,6,3,6,2,3,6,8,2,7,8,6,22,20,21,22,18,20,8,17,18,8,16,17,22,0,8,22,8,18,9,15,16,9,16,8,11,15,9,11,9,10,14,15,11,12,14,11,13,14,12],"vertices":[54,-19.61,22.58,-16.21,18.8,-15.98,1.92,-16.95,-5.85,-12.83,-9.77,-4.77,-10.35,5.75,-9.72,15.84,33.74,17.59,28.1,28.13,23.54,36.28,32.57,51.66,51.73,64.1,63.24,64.74,62.07,53.4,62.51,46.74,65.38,34.99,68.25,27.07,76.47,18.41,80.42,-0.11,75.32,-10.14,71.48,-14.49,66.96,-16.26],"edges":[0,44,0,2,2,4,4,6,6,8,8,10,10,12,12,14,14,16,16,18,18,20,20,22,22,24,24,26,26,28,28,30,30,32,32,34,34,36,36,38,38,40,40,42,42,44]}},"youxiaotui":{"youxiaotui":{"x":19.68,"y":-11.58,"rotation":111.04,"width":85,"height":84}},"zhe":{"zhe":{"type":"clipping","end":"zhe","vertexCount":4,"color":"ce3a3aff","vertices":[-603.65,-52.25,251.38,-52.25,258.96,504.12,-609.71,501.09]}},"zuodabi":{"zuodabi":{"x":20.8,"y":-2.13,"rotation":90.86,"width":41,"height":64}},"zuodatui":{"zuodatui":{"x":27.27,"y":-1.29,"rotation":86.31,"width":45,"height":77}},"zuojiao":{"zuojiao":{"x":16.46,"y":0.1,"rotation":141.38,"width":88,"height":45}},"zuokong":{"zuokong":{"x":-0.24,"y":0.35,"rotation":-114.39,"width":10,"height":7}},"zuoxiaobi":{"zuoxiaobi":{"x":52.28,"y":6.44,"rotation":132.43,"width":103,"height":146}},"zuoxiaotui":{"zuoxiaotui":{"x":23.41,"y":15.72,"rotation":75.31,"width":90,"height":81}}}},{"name":"box1","attachments":{"hezhe":{"hezhe":{"x":18.69,"y":-4.35,"rotation":-96.41,"width":83,"height":80}},"hezhe2":{"hezhe":{"x":18.69,"y":-4.35,"rotation":-96.41,"width":83,"height":80}},"hezi":{"hezi":{"x":33.01,"y":6.62,"rotation":-96.41,"width":110,"height":108}},"hezi2":{"hezi":{"x":33.01,"y":6.62,"rotation":-96.41,"width":110,"height":108}},"kaigai":{"kaigai":{"x":74.6,"y":18.55,"rotation":-96.41,"width":109,"height":54}},"kaigai2":{"kaigai":{"x":74.6,"y":18.55,"rotation":-96.41,"width":109,"height":54}},"lagan":{"lagan":{"x":21.45,"y":-1.53,"rotation":-178.08,"width":39,"height":17}},"lagan2":{"lagan":{"x":21.45,"y":-1.53,"rotation":-178.08,"width":39,"height":17}},"shenti":{"shenti":{"type":"mesh","hull":33,"width":112,"height":151,"uvs":[0.06874,0.78567,0.16691,0.85944,0.26848,0.90464,0.312,0.99504,0.45129,0.99504,0.66022,0.99719,0.72986,0.93477,0.7879,0.8616,0.77629,0.80133,0.85173,0.72815,0.94169,0.63991,1,0.5904,1,0.53468,0.93298,0.45935,0.91267,0.38832,0.87205,0.3173,0.81111,0.24196,0.77048,0.14941,0.69794,0.07839,0.58477,0.07624,0.49772,0.02458,0.39035,0,0.27718,0,0.16111,0.02028,0.06535,0.06978,0,0.11713,0,0.20537,0,0.29577,0.03053,0.37541,0.06825,0.45289,0.10888,0.53253,0.1379,0.62292,0.12919,0.70902],"triangles":[16,19,17,17,19,18,19,16,31,20,19,21,22,19,31,28,23,22,19,22,21,22,31,30,22,30,29,22,29,28,24,23,26,27,26,23,23,28,27,26,25,24,0,32,1,2,1,32,32,31,8,15,8,31,9,13,10,13,15,14,13,9,15,16,15,31,11,10,12,10,13,12,5,4,6,8,6,4,4,3,2,7,6,8,8,4,2,8,2,32,9,8,15],"vertices":[3,1,-67.97,-8.07,0.16974,6,21.1,63.69,0.81644,7,-29.95,67.56,0.01383,3,1,-56.97,-19.21,0.24817,6,6.14,59.05,0.74755,7,-45.34,64.67,0.00428,3,1,-45.6,-26.03,0.41896,6,-5.15,52.1,0.58088,7,-57.35,59.05,0.00016,2,1,-40.72,-39.68,0.57578,6,-19.51,54.06,0.42422,2,1,-25.12,-39.68,0.70652,6,-26.7,40.21,0.29348,2,1,-1.72,-40.01,0.95019,6,-37.76,19.59,0.04981,2,1,6.08,-30.58,0.99048,6,-32.99,8.32,0.00952,1,1,12.58,-19.53,1,1,1,11.28,-10.43,1,2,1,19.73,0.62,0.80556,6,-11.58,-18.16,0.19444,2,1,29.8,13.94,0.43858,6,-4.39,-33.24,0.56142,3,1,36.33,21.42,0.34753,6,-0.76,-42.48,0.65199,7,-63.81,-35.41,0.00047,3,1,36.33,29.83,0.29848,6,6.71,-46.35,0.69761,7,-56.83,-40.11,0.0039,3,1,28.83,41.21,0.17486,6,20.26,-44.93,0.78967,7,-43.21,-40.25,0.03547,3,1,26.55,51.93,0.08978,6,30.83,-47.85,0.80495,7,-33.04,-44.36,0.10527,3,1,22,62.66,0.04178,6,42.45,-48.75,0.73574,7,-21.6,-46.58,0.22248,3,1,15.18,74.03,0.01207,6,55.69,-47.93,0.54808,7,-8.36,-47.28,0.43985,3,1,10.63,88.01,0.00126,6,70.19,-50.32,0.32615,7,5.77,-51.32,0.67259,2,6,83.45,-48.05,0.21118,7,19.21,-50.58,0.78882,2,6,89.57,-36.95,0.10809,7,26.56,-40.25,0.89191,2,6,100.99,-31.88,0.02464,7,38.48,-36.53,0.97536,2,6,109.82,-22.92,0.00218,7,48.28,-28.63,0.99782,1,7,55.37,-18.12,1,1,7,60.09,-5.63,1,1,7,59.89,7.44,1,1,7,58.05,17.51,1,2,6,102.42,30.17,0.00148,7,47.01,24.96,0.99852,2,6,90.31,36.46,0.03101,7,35.69,32.59,0.96899,2,6,78.06,38.96,0.1257,7,23.81,36.47,0.8743,3,1,-68.02,42.18,0.00004,6,65.73,40.59,0.32125,7,11.74,39.51,0.67871,3,1,-63.47,30.16,0.00479,6,52.96,42.09,0.58904,7,-0.77,42.46,0.40618,3,1,-60.22,16.51,0.03913,6,39.34,45.49,0.8013,7,-13.91,47.4,0.15957,3,1,-61.2,3.51,0.11678,6,28.25,52.35,0.83827,7,-24.14,55.47,0.04495],"edges":[0,2,2,4,4,6,6,8,8,10,10,12,12,14,14,16,16,18,18,20,20,22,22,24,24,26,26,28,28,30,30,32,32,34,34,36,36,38,38,40,40,42,42,44,44,46,46,48,48,50,50,52,52,54,54,56,56,58,58,60,60,62,62,64,0,64]}},"tanhuang":{"tanhuang":{"type":"mesh","hull":23,"width":35,"height":44,"uvs":[0.60812,0.02223,0.69859,0.12294,0.77194,0.20459,0.772,0.31799,0.85759,0.45469,0.85749,0.54993,0.97233,0.63202,0.97321,0.70122,0.94363,0.78217,0.94308,0.88661,0.71626,0.97762,0.45391,0.97797,0.30078,0.93512,0.25312,0.85826,0.27418,0.75379,0.20531,0.64628,0.14231,0.54794,0.14237,0.46239,0.14243,0.38091,0.02719,0.34636,0.02821,0.22079,0.11868,0.12264,0.37157,0.02213],"triangles":[8,10,5,12,13,14,12,14,11,10,14,5,7,5,6,7,8,5,5,15,3,3,15,2,1,2,17,14,15,5,0,1,18,0,18,22,16,17,15,17,2,15,17,18,1,5,3,4,19,20,18,20,21,18,18,21,22,10,11,14,9,10,8],"vertices":[1,17,36.52,-10.29,1,1,17,31.29,-11.8,1,1,17,27.04,-13.02,1,1,17,22.34,-11.36,1,2,16,20.45,-7.86,0.00043,17,15.67,-12.18,0.99957,2,16,16.25,-7.4,0.01854,17,11.68,-10.78,0.98146,2,16,12.03,-11.05,0.10114,17,6.74,-13.37,0.89886,2,16,8.85,-10.79,0.16714,17,3.71,-12.4,0.83286,2,16,5.01,-9.49,0.35876,17,0.25,-10.27,0.64124,2,16,-0.18,-9.15,0.63824,17,-4.72,-8.76,0.36176,1,16,-4.07,-1.06,1,2,16,-1.95,8.41,0.50062,17,-2.47,8.74,0.49938,2,16,1.02,13.68,0.27235,17,1.62,13.2,0.72765,2,16,4.75,15.02,0.18998,17,5.55,13.66,0.81002,2,16,9.5,13.85,0.07182,17,9.91,11.45,0.92818,2,16,14.61,15.76,0.00638,17,15.33,12.16,0.99362,1,17,20.16,12.79,1,1,17,23.7,11.54,1,1,17,27.08,10.34,1,1,17,29.86,13.63,1,1,17,35.06,11.75,1,1,17,38.07,7.33,1,1,17,39.29,-2.49,1],"edges":[0,44,4,6,6,8,8,10,10,12,12,14,14,16,16,18,18,20,20,22,22,24,24,26,26,28,36,38,38,40,40,42,42,44,28,30,30,32,32,34,34,36,0,2,2,4]}},"tanhuang2":{"tanhuang":{"type":"mesh","hull":23,"width":35,"height":44,"uvs":[0.60812,0.02223,0.69859,0.12294,0.77194,0.20459,0.772,0.31799,0.85759,0.45469,0.85749,0.54993,0.97233,0.63202,0.97321,0.70122,0.94363,0.78217,0.94308,0.88661,0.71626,0.97762,0.45391,0.97797,0.30078,0.93512,0.25312,0.85826,0.27418,0.75379,0.20531,0.64628,0.14231,0.54794,0.14237,0.46239,0.14243,0.38091,0.02719,0.34636,0.02821,0.22079,0.11868,0.12264,0.37157,0.02213],"triangles":[8,10,5,12,13,14,12,14,11,10,14,5,7,5,6,7,8,5,5,15,3,3,15,2,1,2,17,14,15,5,0,1,18,0,18,22,16,17,15,17,2,15,17,18,1,5,3,4,19,20,18,20,21,18,18,21,22,10,11,14,9,10,8],"vertices":[1,28,36.52,-10.29,1,1,28,31.29,-11.8,1,1,28,27.04,-13.02,1,1,28,22.34,-11.36,1,2,27,20.45,-7.86,0.00043,28,15.67,-12.18,0.99957,2,27,16.25,-7.4,0.01854,28,11.68,-10.78,0.98146,2,27,12.03,-11.05,0.10114,28,6.74,-13.37,0.89886,2,27,8.85,-10.79,0.16714,28,3.71,-12.4,0.83286,2,27,5.01,-9.49,0.35876,28,0.25,-10.27,0.64124,2,27,-0.18,-9.15,0.63824,28,-4.72,-8.76,0.36176,1,27,-4.07,-1.06,1,2,27,-1.95,8.41,0.50062,28,-2.47,8.74,0.49938,2,27,1.02,13.68,0.27235,28,1.62,13.2,0.72765,2,27,4.75,15.02,0.18998,28,5.55,13.66,0.81002,2,27,9.5,13.85,0.07182,28,9.91,11.45,0.92818,2,27,14.61,15.76,0.00638,28,15.33,12.16,0.99362,1,28,20.16,12.79,1,1,28,23.7,11.54,1,1,28,27.08,10.34,1,1,28,29.86,13.63,1,1,28,35.06,11.75,1,1,28,38.07,7.33,1,1,28,39.29,-2.49,1],"edges":[0,44,4,6,6,8,8,10,10,12,12,14,14,16,16,18,18,20,20,22,22,24,24,26,26,28,36,38,38,40,40,42,42,44,28,30,30,32,32,34,34,36,0,2,2,4]}},"tou1":{"tou1":{"x":26.43,"y":28.85,"rotation":-85.76,"width":102,"height":92}},"tou2":{"tou2":{"x":19.83,"y":28.36,"rotation":-85.76,"width":102,"height":107}},"toufa":{"toufa":{"x":-7.25,"y":17.51,"rotation":-114.39,"width":112,"height":79}},"xiaba":{"xiaba":{"x":3.28,"y":-9.51,"rotation":-114.39,"width":63,"height":31}},"xiaochou":{"xiaochou":{"x":31.3,"y":3.12,"rotation":-118.95,"width":72,"height":79}},"xiaochou2":{"xiaochou":{"x":31.3,"y":3.12,"rotation":-118.95,"width":72,"height":79}},"yaodai":{"yaodai":{"x":0.33,"y":-12.93,"width":76,"height":87}},"youdabi":{"youdabi":{"x":31.74,"y":-5.31,"rotation":127.48,"width":63,"height":65}},"youdatui":{"youdatui":{"x":25.17,"y":3.59,"rotation":66.04,"width":68,"height":66}},"youjiao":{"youjiao":{"x":17.66,"y":-0.01,"rotation":56.6,"width":81,"height":42}},"youkong":{"youkong":{"x":0.49,"y":-0.05,"rotation":-114.39,"width":7,"height":7}},"youxiaobi":{"youxiaobi":{"x":33.83,"y":21.46,"rotation":-176.73,"width":92,"height":85}},"youxiaotui":{"youxiaotui":{"x":19.68,"y":-11.58,"rotation":111.04,"width":85,"height":84}},"zhe":{"zhe":{"type":"clipping","end":"zhe","vertexCount":4,"color":"ce3a3aff","vertices":[-603.65,-52.25,251.38,-52.25,258.96,504.12,-609.71,501.09]}},"zuodabi":{"zuodabi":{"x":20.8,"y":-2.13,"rotation":90.86,"width":41,"height":64}},"zuodatui":{"zuodatui":{"x":27.27,"y":-1.29,"rotation":86.31,"width":45,"height":77}},"zuojiao":{"zuojiao":{"x":16.46,"y":0.1,"rotation":141.38,"width":88,"height":45}},"zuokong":{"zuokong":{"x":-0.24,"y":0.35,"rotation":-114.39,"width":10,"height":7}},"zuoxiaobi":{"zuoxiaobi":{"x":52.28,"y":6.44,"rotation":132.43,"width":103,"height":146}},"zuoxiaotui":{"zuoxiaotui":{"x":23.41,"y":15.72,"rotation":75.31,"width":90,"height":81}}}}],"animations":{"attack":{"slots":{"kaigai":{"attachment":[{"name":null}]},"kaigai2":{"attachment":[{"name":null}]},"tanhuang":{"attachment":[{"name":null}]},"tanhuang2":{"attachment":[{"name":null}]},"xiaochou":{"attachment":[{"name":null}]},"xiaochou2":{"attachment":[{"name":null}]}},"bones":{"hezi":{"rotate":[{"angle":-8.22}]},"zuoxiaotui":{"rotate":[{"angle":-1.49}]},"zuodatui":{"rotate":[{"angle":0.72}]},"youxiaotui":{"rotate":[{"angle":7.31}]},"youdatui":{"rotate":[{"angle":-4.54}]},"youxiaobi":{"rotate":[{"angle":-15.92},{"time":0.1,"angle":-10.43,"curve":0.25,"c3":0.75},{"time":0.2,"angle":-84.78,"curve":0.25,"c3":0.625,"c4":0.5},{"time":0.3,"angle":-54.82,"curve":0.375,"c2":0.5,"c3":0.75},{"time":0.4,"angle":5.36},{"time":0.5,"angle":-10.43,"curve":0.25,"c3":0.75},{"time":0.6,"angle":-84.78,"curve":0.25,"c3":0.75},{"time":0.7,"angle":-72.06,"curve":0.375,"c2":0.5,"c3":0.75},{"time":0.8,"angle":5.36}],"translate":[{"x":18.24,"y":-3.88}]},"youdabi":{"rotate":[{"angle":13.34},{"time":0.2,"angle":99.31,"curve":0.25,"c3":0.625,"c4":0.5},{"time":0.3,"angle":-5,"curve":0.375,"c2":0.5,"c3":0.75},{"time":0.4},{"time":0.6,"angle":99.31,"curve":0.25,"c3":0.75},{"time":0.7,"angle":-5,"curve":0.375,"c2":0.5,"c3":0.75},{"time":0.8}]},"shenti2":{"rotate":[{"angle":-5.79},{"time":0.2,"angle":3.6},{"time":0.6,"angle":-2.24},{"time":0.8,"angle":-5.79}]},"lagan":{"rotate":[{"angle":0.12},{"time":0.0667,"angle":100.84},{"time":0.1,"angle":92.89},{"time":0.2,"angle":170.84},{"time":0.3,"angle":-48.7},{"time":0.3667,"angle":-6.57},{"time":0.4,"angle":0.12},{"time":0.4667,"angle":100.84},{"time":0.5,"angle":92.89},{"time":0.6,"angle":170.84},{"time":0.7,"angle":-48.7},{"time":0.7333,"angle":-7.57},{"time":0.8,"angle":0.12}],"translate":[{"x":-15.22,"y":3.47},{"time":0.0333,"x":-9.18,"y":-6.4},{"time":0.3,"x":3.21,"y":4.4},{"time":0.3333,"x":-4.72,"y":1.23},{"time":0.3667,"x":-3.7,"y":-1.22},{"time":0.4,"x":-19.35,"y":3.91},{"time":0.4333,"x":-10.19,"y":-3.96},{"time":0.7,"x":3.2,"y":3.44},{"time":0.7333,"x":6.16,"y":-4.25},{"time":0.7667,"x":-5.88,"y":-1.62},{"time":0.8,"x":-2.18,"y":-6.72}]},"shenti":{"rotate":[{"angle":-5.95},{"time":0.2,"angle":3.43},{"time":0.6,"angle":-2.41},{"time":0.8,"angle":-5.95}]},"kua":{"translate":[{},{"time":0.1333,"x":-1.36},{"time":0.8}]},"hezi2":{"rotate":[{"angle":-8.22}],"translate":[{"x":422.96}]},"lagan2":{"rotate":[{"angle":0.12},{"time":0.0667,"angle":100.84},{"time":0.1,"angle":92.89},{"time":0.2,"angle":170.84},{"time":0.3,"angle":-48.7},{"time":0.3667,"angle":-6.57},{"time":0.4,"angle":0.12},{"time":0.4667,"angle":100.84},{"time":0.5,"angle":92.89},{"time":0.6,"angle":170.84},{"time":0.7,"angle":-48.7},{"time":0.8,"angle":0.12}],"translate":[{"x":-2.18,"y":-6.72},{"time":0.0333,"x":5.04,"y":-7.01},{"time":0.3,"x":9.64,"y":-8.48},{"time":0.3333,"x":4.28,"y":-7.46},{"time":0.3667,"x":-3.7,"y":-1.22},{"time":0.4,"x":-19.35,"y":3.91},{"time":0.4333,"x":-10.19,"y":-3.96},{"time":0.7,"x":15.87,"y":-9.21},{"time":0.7333,"x":5.21,"y":-10.84},{"time":0.7667,"x":-1.77,"y":-10.63},{"time":0.8,"x":-2.18,"y":-6.72}]},"hezi3":{"translate":[{"x":-20.87}]}},"deform":{"box0":{"youxiaobi":{"youxiaobi":[{"offset":6,"curve":0.26,"c3":0.618,"c4":0.44,"vertices":[8.54167,-0.42175,5.42049,-7.74084,2.06958,-11.46707,-3.13723,-20.13219,-8.98087,-20.20776]},{"time":0.3,"offset":6,"curve":0.33,"c2":0.32,"c3":0.664,"c4":0.66,"vertices":[8.54167,-0.42175,5.42049,-7.74084,7.00548,-13.71648,4.69738,-26.45486,-1.77403,-30.50484]},{"time":0.3667,"offset":6,"curve":0.333,"c2":0.33,"c3":0.666,"c4":0.67,"vertices":[8.54167,-0.42175,5.42049,-7.74084,6.20196,-13.3503,0.60693,-19.09745,-14.03666,-17.75316]},{"time":0.4,"offset":6,"curve":0.334,"c2":0.33,"c3":0.667,"c4":0.67,"vertices":[8.54167,-0.42175,5.42049,-7.74084,5.79256,-13.16372,-0.65339,-16.75504,-14.76564,-13.55287]},{"time":0.4333,"offset":6,"curve":0.334,"c2":0.34,"c3":0.668,"c4":0.67,"vertices":[8.54167,-0.42175,5.42049,-7.74084,5.38315,-12.97715,-3.96778,-15.21404,-13.89925,-14.9698]},{"time":0.4667,"offset":6,"curve":0.353,"c2":0.4,"c3":0.696,"c4":0.77,"vertices":[8.54167,-0.42175,5.42049,-7.74084,4.97211,-12.78983,-3.86476,-15.82412,-7.96563,-16.13019]},{"time":0.6667,"offset":2,"curve":0.341,"c2":0.37,"c3":0.675,"c4":0.71,"vertices":[5.53523,1.46508,7.35403,0.71135,13.06421,0.90454,13.5094,-5.96571,16.69437,-10.77173,11.22699,-24.1373,3.26496,-31.15948]},{"time":0.7,"offset":2,"curve":0.342,"c2":0.39,"c3":0.676,"c4":0.73,"vertices":[3.36791,0.89143,4.47455,0.43282,11.2934,0.38523,10.36055,-10.33242,11.26093,-14.04415,7.97187,-29.06895,-1.58357,-30.95272]},{"time":0.7333,"offset":2,"curve":0.356,"c2":0.65,"c3":0.691,"vertices":[1.65545,0.43817,2.19941,0.21275,9.89425,-0.02509,7.83968,-7.20994,6.44349,-11.25911,5.41988,-32.48081,-6.99811,-25.95316]},{"time":0.8,"offset":6,"vertices":[8.54167,-0.42175,5.42049,-7.74084,2.06958,-11.46707,-3.13723,-20.13219,-8.98087,-20.20776]}]}}}},"die":{"slots":{"kaigai":{"attachment":[{"name":null}]},"kaigai2":{"attachment":[{"name":null}]},"tanhuang":{"attachment":[{"name":null}]},"tanhuang2":{"attachment":[{"name":null}]},"xiaochou":{"attachment":[{"name":null}]},"xiaochou2":{"attachment":[{"name":null}]}},"bones":{"hezi":{"translate":[{"x":386.39,"y":353.19}]},"zuojiao":{"rotate":[{},{"time":0.3,"angle":100.37,"curve":0.25,"c3":0.75},{"time":0.4667,"angle":173.09,"curve":0.25,"c3":0.75},{"time":0.5333,"angle":96.25,"curve":0.25,"c3":0.625,"c4":0.5},{"time":0.6,"angle":108.26,"curve":0.375,"c2":0.5,"c3":0.75},{"time":0.6667,"angle":120.27,"curve":0.25,"c3":0.75},{"time":0.7333,"angle":108.26}],"translate":[{"time":0.1667,"curve":0.282,"c3":0.624,"c4":0.39},{"time":0.3,"x":3.64,"y":94.68,"curve":0.307,"c2":0.25,"c3":0.689,"c4":0.74},{"time":0.4667,"x":-107.13,"y":143.43,"curve":0.352,"c2":0.42,"c3":0.687,"c4":0.76},{"time":0.5,"x":-70.75,"y":92.63,"curve":0.362,"c2":0.64,"c3":0.698},{"time":0.5333,"x":-67.45,"y":14.57,"curve":"stepped"},{"time":0.6,"x":-67.45,"y":14.57,"curve":0.25,"c3":0.625,"c4":0.5},{"time":0.6667,"x":-67.45,"y":39.23,"curve":0.375,"c2":0.5,"c3":0.75},{"time":0.7333,"x":-67.45,"y":14.57}]},"youjiao":{"rotate":[{"time":0.1667},{"time":0.2333,"angle":22.56,"curve":0.25,"c3":0.75},{"time":0.3,"angle":141.55,"curve":0.25,"c3":0.75},{"time":0.4667,"angle":143.41,"curve":0.25,"c3":0.75},{"time":0.5333,"angle":77}],"translate":[{"time":0.1667,"curve":0.304,"c3":0.639,"c4":0.36},{"time":0.2333,"x":6.63,"y":0.77,"curve":0.313,"c2":0.24,"c3":0.649,"c4":0.58},{"time":0.3,"x":18.73,"y":94.14,"curve":0.307,"c2":0.25,"c3":0.689,"c4":0.74},{"time":0.4667,"x":-84.31,"y":91.93,"curve":0.377,"c2":0.61,"c3":0.72},{"time":0.5333,"x":-11.67,"y":-4.99,"curve":"stepped"},{"time":0.6,"x":-11.67,"y":-4.99,"curve":0.25,"c3":0.75},{"time":0.6667,"x":-11.67,"y":12.53,"curve":0.25,"c3":0.75},{"time":0.7333,"x":-11.67,"y":-4.99}]},"zuoxiaotui":{"rotate":[{"angle":-1.49}]},"zuodatui":{"rotate":[{"angle":0.72},{"time":0.4667,"angle":28.42}],"translate":[{},{"time":0.5333,"x":-12.2,"y":-1.95}]},"youxiaotui":{"rotate":[{"angle":7.31}]},"youdatui":{"rotate":[{"angle":-4.54}]},"zuoxiaobi2":{"rotate":[{},{"time":0.4,"angle":2.19,"curve":0.25,"c3":0.75},{"time":0.4667,"angle":-24.83,"curve":0.284,"c3":0.625,"c4":0.38},{"time":0.5333,"angle":-40.38}]},"zuodabi":{"rotate":[{},{"time":0.3,"angle":-81.92,"curve":0.252,"c3":0.622,"c4":0.48},{"time":0.5333,"angle":-67.45}],"translate":[{},{"time":0.3,"x":17.37,"y":10.41}]},"youxiaobi":{"rotate":[{"angle":5.36},{"time":0.4,"angle":1.23}],"translate":[{"x":8.47,"y":-7.32}]},"youdabi":{"rotate":[{},{"time":0.2667,"angle":-132.05,"curve":0.299,"c3":0.636,"c4":0.36},{"time":0.3333,"angle":-82.82}]},"shenti2":{"rotate":[{},{"time":0.1667,"angle":-11.28,"curve":"stepped"},{"time":0.4,"angle":-11.28,"curve":0.25,"c3":0.75},{"time":0.4667,"angle":-21.61}]},"lagan":{"translate":[{"x":0.97,"y":-6.8}]},"shenti":{"rotate":[{},{"time":0.1667,"angle":15.69,"curve":0.25,"c3":0.75},{"time":0.4,"angle":2.54},{"time":0.4667,"angle":4.48,"curve":0.25,"c3":0.75},{"time":0.5333,"angle":-8.67,"curve":0.25,"c3":0.75},{"time":0.6,"angle":-6.97}]},"kua":{"rotate":[{},{"time":0.3,"angle":41.47,"curve":0.25,"c3":0.75},{"time":0.4667,"angle":80.93}],"translate":[{},{"time":0.1667,"x":-29.47,"y":-9.62,"curve":0.282,"c3":0.624,"c4":0.39},{"time":0.3,"x":-65.87,"y":-24.9,"curve":0.307,"c2":0.25,"c3":0.689,"c4":0.74},{"time":0.4667,"x":-131.54,"y":-50.49,"curve":0.352,"c2":0.42,"c3":0.687,"c4":0.76},{"time":0.5333,"x":-131.54,"y":-61.21,"curve":0.362,"c2":0.64,"c3":0.698},{"time":0.6,"x":-131.54,"y":-71.65,"curve":0.25,"c3":0.75},{"time":0.6667,"x":-131.54,"y":-66.44,"curve":0.25,"c3":0.75},{"time":0.7333,"x":-131.54,"y":-71.65}]},"hezi2":{"rotate":[{},{"time":0.2667,"angle":-51.61,"curve":0.25,"c3":0.75},{"time":0.5,"angle":-106.13,"curve":0.351,"c2":0.4,"c3":0.757},{"time":0.6,"angle":-98.05,"curve":0.25,"c3":0.75},{"time":0.7,"angle":-106.13}],"translate":[{},{"time":0.2667,"x":-132.49,"y":21.36,"curve":0.25,"c3":0.75},{"time":0.5,"x":-280.7,"y":-90.99,"curve":0.25,"c3":0.75},{"time":0.6,"x":-278.9,"y":-67.35,"curve":0.25,"c3":0.75},{"time":0.7,"x":-279.79,"y":-82.55}],"scale":[{},{"time":0.5,"y":0.8,"curve":0.25,"c3":0.75},{"time":0.6}]},"lagan2":{"translate":[{"x":0.97,"y":-6.8}]},"hezi3":{"translate":[{"x":-20.87}]}}},"gouout":{"slots":{"kaigai":{"attachment":[{"name":null}]},"tanhuang":{"attachment":[{"name":null},{"time":0.0333,"name":"tanhuang"}]},"tou1":{"attachment":[{"time":0.3,"name":null}]},"xiaochou":{"attachment":[{"name":null},{"time":0.0333,"name":"xiaochou"}]}},"bones":{"hezi":{"translate":[{"x":-305.96,"y":347.49}]},"xiaochou":{"scale":[{},{"time":0.0333,"x":0.6,"y":0.6},{"time":0.1}]},"tanhuang":{"scale":[{},{"time":0.0333,"x":0.1,"y":0.1},{"time":0.1,"x":1.2,"y":1.2}]},"zuoxiaotui":{"rotate":[{"angle":-1.49}]},"zuodatui":{"rotate":[{"angle":0.72}]},"youxiaotui":{"rotate":[{"angle":7.31}]},"youdatui":{"rotate":[{"angle":-4.54}]},"youxiaobi":{"rotate":[{"angle":5.36},{"time":0.4,"angle":1.23}],"translate":[{"x":8.47,"y":-7.32}]},"zuokong":{"translate":[{},{"time":0.2333,"x":-1.57,"y":-1.27},{"time":0.3,"x":-14.05,"y":8.86}],"scale":[{},{"time":0.3333,"x":1.09,"y":1.046},{"time":0.4,"x":1.108,"y":0.98},{"time":0.4667,"x":1.073}]},"youkong":{"translate":[{},{"time":0.2333,"x":-1.82,"y":0.53},{"time":0.3,"x":-12.59,"y":-0.42}],"scale":[{},{"time":0.3333,"x":1.09,"y":1.046},{"time":0.4,"x":1.108,"y":0.98},{"time":0.4667,"x":1.073}]},"xiaba":{"translate":[{},{"time":0.3333,"x":-6.57,"y":-0.77},{"time":0.4,"x":-2.4,"y":-0.66},{"time":0.4667,"x":-1.62}],"scale":[{},{"time":0.3333,"x":1.09,"y":1.046},{"time":0.4,"x":1.108,"y":0.98},{"time":0.4667,"x":1.073}]},"toufa":{"translate":[{},{"time":0.3333,"x":1.28,"y":-1.62},{"time":0.4,"x":7.02,"y":-0.3},{"time":0.4667,"x":4.73}],"scale":[{},{"time":0.3333,"x":1.09,"y":1.046},{"time":0.4,"x":1.108,"y":0.98},{"time":0.4667,"x":1.073}]},"tou":{"rotate":[{},{"time":0.3,"angle":19.48}],"translate":[{},{"time":0.2333,"x":-0.31,"y":0.39},{"time":0.3,"x":4.39,"y":-1.37},{"time":0.3667,"y":-1.33}],"scale":[{"time":0.3},{"time":0.3333,"x":1.2,"y":0.94},{"time":0.4,"x":0.98,"y":1.02},{"time":0.4667}]},"shenti2":{"rotate":[{"time":0.1667},{"time":0.3,"angle":-14.19}],"scale":[{"time":0.1667},{"time":0.3,"x":1.05},{"time":0.4333}]},"tanhuang2":{"scale":[{"time":0.0333},{"time":0.1,"x":1.5},{"time":0.1667},{"time":0.2333,"x":1.1}]},"lagan":{"translate":[{"x":0.97,"y":-6.8}]},"shenti":{"rotate":[{},{"time":0.1667,"angle":1.06},{"time":0.3,"angle":-19.3}],"scale":[{"time":0.1667},{"time":0.3,"x":1.05},{"time":0.4}]},"kua":{"translate":[{"time":0.2},{"time":0.2667,"x":3.31,"y":4.02},{"time":0.3333,"x":3.31,"y":2.7}]},"hezi2":{"rotate":[{},{"time":0.1,"angle":8.67},{"time":0.1667,"angle":11.14}],"translate":[{},{"time":0.1,"x":-7.16,"y":8.59},{"time":0.1667,"x":-5.01,"y":2.86},{"time":0.2667,"x":-5.01,"y":33.37},{"time":0.3333,"x":-5.01,"y":23.44}]},"lagan2":{"translate":[{"x":0.97,"y":-6.8}]},"tanhuang3":{"scale":[{},{"time":0.0333,"x":0.1,"y":0.1},{"time":0.1,"x":1.2,"y":1.2}]},"xiaochou2":{"scale":[{},{"time":0.0333,"x":0.6,"y":0.6},{"time":0.1}]},"tanhuang4":{"scale":[{"time":0.0333},{"time":0.1,"x":1.5},{"time":0.1667},{"time":0.2333,"x":1.1}]},"hezi3":{"translate":[{"x":-20.87}]}}},"idle":{"slots":{"kaigai":{"attachment":[{"name":null}]},"kaigai2":{"attachment":[{"name":null}]},"tanhuang":{"attachment":[{"name":null}]},"tanhuang2":{"attachment":[{"name":null}]},"xiaochou":{"attachment":[{"name":null}]},"xiaochou2":{"attachment":[{"name":null}]}},"bones":{"zuoxiaotui":{"rotate":[{"angle":-1.49}]},"zuodatui":{"rotate":[{"angle":0.72}]},"youxiaotui":{"rotate":[{"angle":7.31}]},"youdatui":{"rotate":[{"angle":-4.54}]},"youxiaobi":{"rotate":[{"angle":5.36},{"time":0.4,"angle":1.23},{"time":0.8,"angle":5.36}],"translate":[{"x":8.47,"y":-7.32}]},"lagan":{"translate":[{"x":0.97,"y":-6.8}]},"shenti":{"rotate":[{},{"time":0.4,"angle":2.54},{"time":0.8}]},"kua":{"translate":[{},{"time":0.4,"y":-4.9},{"time":0.8}]},"hezi2":{"translate":[{"x":459.35}]},"lagan2":{"translate":[{"x":0.97,"y":-6.8}]},"hezi3":{"translate":[{"x":-20.87}]}}},"walk":{"slots":{"kaigai":{"attachment":[{"name":null}]},"kaigai2":{"attachment":[{"name":null}]},"tanhuang":{"attachment":[{"name":null}]},"tanhuang2":{"attachment":[{"name":null}]},"xiaochou":{"attachment":[{"name":null}]},"xiaochou2":{"attachment":[{"name":null}]}},"bones":{"hezi":{"rotate":[{"angle":-8.22}]},"zuojiao":{"translate":[{},{"time":0.1333,"x":-25.15,"y":8.5},{"time":0.2333,"x":-34.29,"y":4.53},{"time":0.3333,"x":-34.29,"y":-1.94},{"time":0.5667}]},"youjiao":{"translate":[{},{"time":0.3333,"x":25.23,"curve":"stepped"},{"time":0.5667,"x":25.23},{"time":0.6667,"x":11.21,"y":7.76},{"time":0.7667}]},"zuoxiaotui":{"rotate":[{"angle":-1.49}]},"zuodatui":{"rotate":[{"angle":0.72}]},"youxiaotui":{"rotate":[{"angle":7.31}]},"youdatui":{"rotate":[{"angle":-4.54}]},"youxiaobi":{"rotate":[{"angle":-15.92},{"time":0.1,"angle":-10.43,"curve":0.25,"c3":0.75},{"time":0.2,"angle":-84.78,"curve":0.25,"c3":0.625,"c4":0.5},{"time":0.3,"angle":-54.82,"curve":0.375,"c2":0.5,"c3":0.75},{"time":0.4,"angle":5.36},{"time":0.5,"angle":-10.43,"curve":0.25,"c3":0.75},{"time":0.6,"angle":-84.78,"curve":0.25,"c3":0.75},{"time":0.7,"angle":-72.06,"curve":0.375,"c2":0.5,"c3":0.75},{"time":0.8,"angle":-15.92}],"translate":[{"x":18.24,"y":-3.88}]},"youdabi":{"rotate":[{"angle":13.34},{"time":0.2,"angle":99.31,"curve":0.25,"c3":0.625,"c4":0.5},{"time":0.3,"angle":-5,"curve":0.375,"c2":0.5,"c3":0.75},{"time":0.4},{"time":0.6,"angle":99.31,"curve":0.25,"c3":0.75},{"time":0.7,"angle":-5,"curve":0.375,"c2":0.5,"c3":0.75},{"time":0.8,"angle":13.34}]},"shenti2":{"rotate":[{"angle":-5.79},{"time":0.0667,"angle":-5.95},{"time":0.1667,"angle":-5.63,"curve":"stepped"},{"time":0.3,"angle":-5.63},{"time":0.4,"angle":4.21},{"time":0.6,"angle":-5.7,"curve":"stepped"},{"time":0.7667,"angle":-5.7},{"time":0.8,"angle":-5.79}]},"lagan":{"rotate":[{"angle":0.12},{"time":0.0667,"angle":100.84},{"time":0.1,"angle":92.89},{"time":0.2,"angle":170.84},{"time":0.3,"angle":-48.7},{"time":0.3667,"angle":-6.57},{"time":0.4,"angle":0.12},{"time":0.4667,"angle":100.84},{"time":0.5,"angle":92.89},{"time":0.6,"angle":170.84},{"time":0.7,"angle":-48.7},{"time":0.7333,"angle":-7.57},{"time":0.8,"angle":0.12}],"translate":[{"x":-15.22,"y":3.47},{"time":0.0333,"x":-9.18,"y":-6.4},{"time":0.3,"x":3.21,"y":4.4},{"time":0.3333,"x":-4.72,"y":1.23},{"time":0.3667,"x":-3.7,"y":-1.22},{"time":0.4,"x":-19.35,"y":3.91},{"time":0.4333,"x":-10.19,"y":-3.96},{"time":0.7,"x":3.2,"y":3.44},{"time":0.7333,"x":6.16,"y":-4.25},{"time":0.7667,"x":-5.88,"y":-1.62},{"time":0.8,"x":-15.22,"y":3.47}]},"shenti":{"rotate":[{"angle":-5.95},{"time":0.1,"angle":-5.63,"curve":"stepped"},{"time":0.2333,"angle":-5.63},{"time":0.3333,"angle":4.21},{"time":0.5333,"angle":-5.7,"curve":"stepped"},{"time":0.7,"angle":-5.7},{"time":0.8,"angle":-5.95}]},"kua":{"translate":[{},{"time":0.2333,"y":4.15},{"time":0.3333,"y":-9.13},{"time":0.7,"y":7.47},{"time":0.8}]},"hezi2":{"rotate":[{"angle":-8.22}],"translate":[{"x":488.15}]},"lagan2":{"rotate":[{"angle":0.12},{"time":0.0667,"angle":100.84},{"time":0.1,"angle":92.89},{"time":0.2,"angle":170.84},{"time":0.3,"angle":-48.7},{"time":0.3667,"angle":-6.57},{"time":0.4,"angle":0.12},{"time":0.4667,"angle":100.84},{"time":0.5,"angle":92.89},{"time":0.6,"angle":170.84},{"time":0.7,"angle":-48.7},{"time":0.7333,"angle":-7.57},{"time":0.8,"angle":0.12}],"translate":[{"x":-15.22,"y":3.47},{"time":0.0333,"x":-9.18,"y":-6.4},{"time":0.3,"x":3.21,"y":4.4},{"time":0.3333,"x":-4.72,"y":1.23},{"time":0.3667,"x":-3.7,"y":-1.22},{"time":0.4,"x":-19.35,"y":3.91},{"time":0.4333,"x":-10.19,"y":-3.96},{"time":0.7,"x":3.2,"y":3.44},{"time":0.7333,"x":6.16,"y":-4.25},{"time":0.7667,"x":-5.88,"y":-1.62},{"time":0.8,"x":-15.22,"y":3.47}]},"hezi3":{"translate":[{"x":-20.87}]}},"deform":{"box0":{"youxiaobi":{"youxiaobi":[{"offset":6,"curve":0.26,"c3":0.618,"c4":0.44,"vertices":[8.54167,-0.42175,5.42049,-7.74084,2.06958,-11.46707,-3.13723,-20.13219,-8.98087,-20.20776]},{"time":0.3,"offset":6,"curve":0.33,"c2":0.32,"c3":0.664,"c4":0.66,"vertices":[8.54167,-0.42175,5.42049,-7.74084,7.00548,-13.71648,4.69738,-26.45486,-1.77403,-30.50484]},{"time":0.3667,"offset":6,"curve":0.333,"c2":0.33,"c3":0.666,"c4":0.67,"vertices":[8.54167,-0.42175,5.42049,-7.74084,6.20196,-13.3503,0.60693,-19.09745,-14.03666,-17.75316]},{"time":0.4,"offset":6,"curve":0.334,"c2":0.33,"c3":0.667,"c4":0.67,"vertices":[8.54167,-0.42175,5.42049,-7.74084,5.79256,-13.16372,-0.65339,-16.75504,-14.76564,-13.55287]},{"time":0.4333,"offset":6,"curve":0.334,"c2":0.34,"c3":0.668,"c4":0.67,"vertices":[8.54167,-0.42175,5.42049,-7.74084,5.38315,-12.97715,-3.96778,-15.21404,-13.89925,-14.9698]},{"time":0.4667,"offset":6,"curve":0.353,"c2":0.4,"c3":0.696,"c4":0.77,"vertices":[8.54167,-0.42175,5.42049,-7.74084,4.97211,-12.78983,-3.86476,-15.82412,-7.96563,-16.13019]},{"time":0.6667,"offset":2,"curve":0.341,"c2":0.37,"c3":0.675,"c4":0.71,"vertices":[5.53523,1.46508,7.35403,0.71135,13.06421,0.90454,13.5094,-5.96571,16.69437,-10.77173,11.22699,-24.1373,3.26496,-31.15948]},{"time":0.7,"offset":2,"curve":0.342,"c2":0.39,"c3":0.676,"c4":0.73,"vertices":[3.36791,0.89143,4.47455,0.43282,11.2934,0.38523,10.36055,-10.33242,11.26093,-14.04415,7.97187,-29.06895,-1.58357,-30.95272]},{"time":0.7333,"offset":2,"curve":0.356,"c2":0.65,"c3":0.691,"vertices":[1.65545,0.43817,2.19941,0.21275,9.89425,-0.02509,7.83968,-7.20994,6.44349,-11.25911,5.41988,-32.48081,-6.99811,-25.95316]},{"time":0.8,"offset":6,"vertices":[8.54167,-0.42175,5.42049,-7.74084,2.06958,-11.46707,-3.13723,-20.13219,-8.98087,-20.20776]}]}}}}}},[0]]],0,0,[0],[-1],[0]]