[1,["e3Na6WdjJK9LpgWa8SaKIQ","f1t76qmdpBAo4U8Ycoz4Pl","49ZOjyyHdITL5CZu9Deguc"],["root","body","animation","node","data","_N$skeletonData"],[["cc.Node",["_name","_groupIndex","_parent","_components","_prefab","_contentSize"],1,1,2,4,5],["cc.PrefabInfo",["fileId","root","asset"],2,1,1],["cc.Prefab",["_name"],2],["cc.Node",["_name","_children","_components","_prefab","_trs"],2,2,12,4,7],["24255GcIXxBbJDyg2usbMpg",["shadowScale","node","animation","body","shadowOffset"],2,1,1,1,5],["cc.BoxCollider",["node","_offset","_size"],3,1,5,5],["96c396uvMtPhLUJFoRD9JmK",["node","body"],3,1,1],["sp.Skeleton",["defaultSkin","defaultAnimation","_preCacheMode","_animationName","node","_materials"],-1,1,3],["261d4+Q1HdGA5w3tjdBw83c",["activeFlash","node","spineAnimation"],2,1,1],["sp.SkeletonData",["_name","_atlasText","textureNames","_skeletonJson","textures"],-1,3]],[[1,0,1,2,2],[2,0,2],[3,0,1,2,3,4,2],[0,0,1,2,3,4,3],[0,0,2,3,4,5,2],[4,0,1,2,3,4,2],[1,1,2,1],[5,0,1,2,1],[6,0,1,1],[7,0,1,2,3,4,5,5],[8,0,1,2,2],[9,0,1,2,3,4,5]],[[[[1,"SunShroom"],[2,"SunShroom",[-6,-7],[[-2,[5,0.6,-5,-4,-3,[0,-5,0]]],1,4],[6,-1,0],[-494,-293,0,0,0,0,1,1,1,1]],[3,"bodyC",5,1,[-8,-9],[0,"ffHjjWGfZEJIZ+X1fSIQ/F",1,0]],[7,2,[0,0,30],[5,60,100]],[8,2,3],[4,"10_plant",1,[-10],[0,"3fbvPbr0xEfYHV29D210ye",1,0],[5,44.42,47.78]],[9,"default","idle_small2",0,"idle_small2",5,[0]],[10,true,1,6]],0,[0,0,1,0,-1,7,0,1,4,0,2,7,0,3,1,0,-1,2,0,-2,5,0,-1,3,0,-2,4,0,-1,6,0,4,1,10],[0,6],[-1,5],[0,1]],[[[11,"10_plant","\n10_plant.png\nsize: 128,64\nformat: RGBA8888\nfilter: Linear,Linear\nrepeat: none\nbody\n  rotate: false\n  xy: 67, 12\n  size: 39, 32\n  orig: 39, 32\n  offset: 0, 0\n  index: -1\neye1\n  rotate: false\n  xy: 108, 35\n  size: 16, 9\n  orig: 16, 9\n  offset: 0, 0\n  index: -1\neye2\n  rotate: false\n  xy: 108, 28\n  size: 16, 5\n  orig: 16, 9\n  offset: 0, 2\n  index: -1\neye3\n  rotate: false\n  xy: 108, 23\n  size: 16, 3\n  orig: 16, 3\n  offset: 0, 0\n  index: -1\neye4\n  rotate: true\n  xy: 120, 4\n  size: 17, 2\n  orig: 19, 3\n  offset: 1, 1\n  index: -1\nhead\n  rotate: false\n  xy: 2, 2\n  size: 63, 42\n  orig: 63, 42\n  offset: 0, 0\n  index: -1\nmouth1\n  rotate: false\n  xy: 108, 16\n  size: 10, 5\n  orig: 10, 5\n  offset: 0, 0\n  index: -1\nmouth2\n  rotate: false\n  xy: 108, 10\n  size: 4, 4\n  orig: 4, 4\n  offset: 0, 0\n  index: -1\n",["10_plant.png"],{"skeleton":{"hash":"cjxN1uQVtj9W2DXOQKY9rlDsPqU","spine":"3.8.99","x":-21.84,"y":-4.41,"width":44.42,"height":47.78},"bones":[{"name":"root"},{"name":"plant","parent":"root","scaleX":0.105,"scaleY":0.105},{"name":"body","parent":"plant","length":199.53,"rotation":90,"x":-1.21,"y":-31.19},{"name":"eye1","parent":"body","x":135.7,"y":-2.42},{"name":"mouth1","parent":"body","x":94.37,"y":-2.13},{"name":"head","parent":"plant","length":188.15,"rotation":90,"x":-1.22,"y":162.22}],"slots":[{"name":"body","bone":"body","attachment":"body"},{"name":"mouth1","bone":"mouth1","attachment":"mouth1"},{"name":"eye1","bone":"eye1","attachment":"eye1"},{"name":"head","bone":"head","attachment":"head"}],"skins":[{"name":"default","attachments":{"body":{"body":{"x":96.19,"y":-1.71,"rotation":-90,"width":261,"height":214}},"eye1":{"eye1":{"x":1.99,"y":2.22,"rotation":-90,"width":104,"height":59},"eye2":{"x":2.99,"y":1.22,"rotation":-90,"width":106,"height":57},"eye3":{"x":2.99,"y":2.22,"rotation":-90,"width":104,"height":21},"eye4":{"x":0.99,"y":0.72,"rotation":-90,"width":125,"height":21}},"head":{"head":{"x":109.78,"y":-4.72,"rotation":-90,"width":423,"height":282}},"mouth1":{"mouth1":{"x":4.82,"y":-1.08,"rotation":-90,"width":64,"height":30},"mouth2":{"x":-1.18,"y":-1.08,"rotation":-90,"width":28,"height":28}}}}],"animations":{"big_bawoke":{"slots":{"eye1":{"attachment":[{"name":"eye4"},{"time":0.2333,"name":"eye1"}]},"mouth1":{"attachment":[{"name":"mouth2"},{"time":0.3,"name":"mouth1"}]}},"bones":{"body":{"translate":[{"time":0.1667,"curve":0.37,"c2":0.48,"c3":0.785,"c4":0.95},{"time":0.3,"y":53.09,"curve":0.021,"c2":0.07,"c3":0.805,"c4":0.48},{"time":0.4667}],"scale":[{},{"time":0.1667,"x":0.92,"y":1.073,"curve":0.37,"c2":0.48,"c3":0.785,"c4":0.95},{"time":0.3,"x":1.057,"y":0.983,"curve":0.021,"c2":0.07,"c3":0.805,"c4":0.48},{"time":0.4667}]},"head":{"translate":[{},{"time":0.1667,"y":-16.43,"curve":0.328,"c2":0.34,"c3":0.666,"c4":0.68},{"time":0.2,"y":-8.42,"curve":0.394,"c2":0.52,"c3":0.775,"c4":0.94},{"time":0.3,"y":69.33,"curve":0.045,"c2":0.17,"c3":0.417,"c4":0.51},{"time":0.3333,"y":70.51,"curve":0.24,"c2":0.17,"c3":0.828,"c4":0.54},{"time":0.4667}],"scale":[{},{"time":0.1667,"x":0.875,"y":1.018,"curve":0.37,"c2":0.48,"c3":0.785,"c4":0.95},{"time":0.3,"x":1.04,"y":0.977,"curve":0.045,"c2":0.17,"c3":0.417,"c4":0.51},{"time":0.3333,"x":1.044,"y":0.974,"curve":0.24,"c2":0.17,"c3":0.828,"c4":0.54},{"time":0.4667}]},"plant":{"scale":[{"x":1.459,"y":1.459}]}}},"idle_big1":{"bones":{"body":{"scale":[{},{"time":0.3333,"x":0.92,"y":1.073},{"time":0.7333}]},"head":{"translate":[{},{"time":0.3333,"y":-16.43},{"time":0.4,"y":-18.85},{"time":0.7333}],"scale":[{},{"time":0.3333,"x":0.875,"y":1.018},{"time":0.4,"x":0.838,"y":1.047},{"time":0.7333}]},"plant":{"scale":[{"x":1.459,"y":1.459}]}}},"idle_big1_eye":{"slots":{"eye1":{"attachment":[{"time":0.2667,"name":"eye2"},{"time":0.3333,"name":"eye3"},{"time":0.4,"name":"eye2"},{"time":0.4667,"name":"eye1"}]}},"bones":{"body":{"scale":[{},{"time":0.3333,"x":0.92,"y":1.073},{"time":0.7333}]},"head":{"translate":[{},{"time":0.3333,"y":-16.43},{"time":0.4,"y":-18.85},{"time":0.7333}],"scale":[{},{"time":0.3333,"x":0.875,"y":1.018},{"time":0.4,"x":0.838,"y":1.047},{"time":0.7333}]},"plant":{"scale":[{"x":1.459,"y":1.459}]}}},"idle_big2":{"slots":{"eye1":{"attachment":[{"name":"eye4"}]},"mouth1":{"attachment":[{"name":"mouth2"}]}},"bones":{"body":{"scale":[{},{"time":0.3333,"x":0.92,"y":1.073},{"time":0.7333}]},"head":{"translate":[{},{"time":0.3333,"y":-16.43},{"time":0.4,"y":-18.85},{"time":0.7333}],"scale":[{},{"time":0.3333,"x":0.875,"y":1.018},{"time":0.4,"x":0.838,"y":1.047},{"time":0.7333}]},"plant":{"scale":[{"x":1.459,"y":1.459}]}}},"idle_small1":{"bones":{"body":{"scale":[{},{"time":0.3333,"x":0.92,"y":1.073},{"time":0.7333}]},"head":{"translate":[{},{"time":0.3333,"y":-16.43},{"time":0.4,"y":-18.85},{"time":0.7333}],"scale":[{},{"time":0.3333,"x":0.875,"y":1.018},{"time":0.4,"x":0.838,"y":1.047},{"time":0.7333}]}}},"idle_small1_eye":{"slots":{"eye1":{"attachment":[{"time":0.2667,"name":"eye2"},{"time":0.3333,"name":"eye3"},{"time":0.4,"name":"eye2"},{"time":0.4667,"name":"eye1"}]}},"bones":{"body":{"scale":[{},{"time":0.3333,"x":0.92,"y":1.073},{"time":0.7333}]},"head":{"translate":[{},{"time":0.3333,"y":-16.43},{"time":0.4,"y":-18.85},{"time":0.7333}],"scale":[{},{"time":0.3333,"x":0.875,"y":1.018},{"time":0.4,"x":0.838,"y":1.047},{"time":0.7333}]}}},"idle_small2":{"slots":{"eye1":{"attachment":[{"name":"eye4"}]},"mouth1":{"attachment":[{"name":"mouth2"}]}},"bones":{"body":{"scale":[{},{"time":0.3333,"x":0.92,"y":1.073},{"time":0.7333}]},"head":{"translate":[{},{"time":0.3333,"y":-16.43},{"time":0.4,"y":-18.85},{"time":0.7333}],"scale":[{},{"time":0.3333,"x":0.875,"y":1.018},{"time":0.4,"x":0.838,"y":1.047},{"time":0.7333}]}}},"idle_small_big":{"bones":{"body":{"scale":[{},{"time":0.3333,"x":0.985},{"time":0.7333}]},"head":{"translate":[{},{"time":0.3333,"y":-3.78},{"time":0.7333}],"scale":[{},{"time":0.3333,"x":0.982,"y":1.009},{"time":0.7333}]},"plant":{"scale":[{},{"time":0.7333,"x":1.459,"y":1.459}]}}},"small_bawoke":{"slots":{"eye1":{"attachment":[{"name":"eye4"},{"time":0.2333,"name":"eye1"}]},"mouth1":{"attachment":[{"name":"mouth2"},{"time":0.3,"name":"mouth1"}]}},"bones":{"body":{"translate":[{"time":0.1667,"curve":0.37,"c2":0.48,"c3":0.785,"c4":0.95},{"time":0.3,"y":53.09,"curve":0.021,"c2":0.07,"c3":0.805,"c4":0.48},{"time":0.4667}],"scale":[{},{"time":0.1667,"x":0.92,"y":1.073,"curve":0.37,"c2":0.48,"c3":0.785,"c4":0.95},{"time":0.3,"x":1.057,"y":0.983,"curve":0.021,"c2":0.07,"c3":0.805,"c4":0.48},{"time":0.4667}]},"head":{"translate":[{},{"time":0.1667,"y":-16.43,"curve":0.328,"c2":0.34,"c3":0.666,"c4":0.68},{"time":0.2,"y":-8.42,"curve":0.394,"c2":0.52,"c3":0.775,"c4":0.94},{"time":0.3,"y":69.33,"curve":0.045,"c2":0.17,"c3":0.417,"c4":0.51},{"time":0.3333,"y":70.51,"curve":0.24,"c2":0.17,"c3":0.828,"c4":0.54},{"time":0.4667}],"scale":[{},{"time":0.1667,"x":0.875,"y":1.018,"curve":0.37,"c2":0.48,"c3":0.785,"c4":0.95},{"time":0.3,"x":1.04,"y":0.977,"curve":0.045,"c2":0.17,"c3":0.417,"c4":0.51},{"time":0.3333,"x":1.044,"y":0.974,"curve":0.24,"c2":0.17,"c3":0.828,"c4":0.54},{"time":0.4667}]}}}}},[0]]],0,0,[0],[-1],[2]]]]