{"paths":{},"types":[],"uuids":["2dL3kvpAxJu6GJ7RdqJG5J","39wcxh0FtABYpJILB+BIZD","3eqaGknklGZYenP3HcvmgR","7cgDNO5jlAp4riJz6wm81r","a7/TB/6NJBTqae2oST6ctK","dbZBYDsd9AfbMwIvMeXKeC","e3nAsj63FPm4ekuY2NlM0m","2dymBcBrNDB5keorNxe6Q/","4djAqXVTlFt7PXr8eUB4OB","9b8z0xoylDcqNoRyzmyHXS","e3s+whMzNAtKWOCou/6wK3","e5S1HIpPVDGaFiyAjk02VK","ecpdLyjvZBwrvm+cedCcQy","feX3hfFwRHUooAqZJ224+Q"],"scenes":{"db://assets/Scene/Loading.fire":6,"db://assets/Scene/MainScene.fire":0},"redirect":[12,0],"deps":["internal"],"packs":{"059d19e92":[7,8,6,10,11,13],"08a8625d7":[0,9],"0c98cb1b9":[1,2,3,4,5]},"name":"main","importBase":"import","nativeBase":"native","debug":false,"isZip":false,"encrypted":false,"versions":{"import":["059d19e92","71c0f","08a8625d7","082b9","0c98cb1b9","5a968"],"native":[1,"394c9",2,"cac8c",3,"8e282",4,"af2a8",5,"38ff4"]}}