[1,["ecpdLyjvZBwrvm+cedCcQy","d9/qhRgIFD5pnP7jvF6zZE","7a/QZLET9IDreTiBfRn2PD","0cUs2OwE5K0b1+hsyDyx4s","f0Wc4Zm/FL1JXLEbCNM76n","5baOrMCgJKG522CWGZat6o","39r7NRuFpH1ZXpIaPwsEeB"],["node","root","data","_spriteFrame","shootNode","animation","bulletPrefab","_N$skeletonData","_textureSetter"],[["cc.Node",["_name","_groupIndex","_prefab","_components","_parent","_children","_contentSize","_trs"],1,4,9,1,2,5,7],["cc.PrefabInfo",["fileId","root","asset"],2,1,1],"cc.SpriteFrame",["cc.Prefab",["_name"],2],["cc.Node",["_name","_children","_components","_prefab","_trs"],2,2,12,4,7],["cc.Node",["_name","_parent","_components","_prefab","_contentSize","_trs"],2,1,2,4,5,7],["c7e18XMvYpJaaOeWcc9sdUu",["node"],3,1],["cc.CircleCollider",["_radius","node"],2,1],["cc.Sprite",["node","_materials","_spriteFrame"],3,1,3,6],["d0858T0P0xCCbkWdXg2wTUe",["node","animation","shootNode","bulletPrefab"],3,1,1,1,6],["sp.Skeleton",["defaultSkin","defaultAnimation","_preCacheMode","_animationName","node","_materials"],-1,1,3],["261d4+Q1HdGA5w3tjdBw83c",["node","spineAnimation"],3,1,1],["sp.SkeletonData",["_name","_atlasText","textureNames","_skeletonJson","textures"],-1,3]],[[1,0,1,2,2],[3,0,2],[1,1,2,1],[0,0,1,5,3,2,3],[0,0,1,4,3,2,6,3],[0,0,4,2,7,2],[4,0,1,2,3,4,2],[5,0,1,2,3,4,5,2],[6,0,1],[7,0,1,2],[8,0,1,2,1],[9,0,1,2,3,1],[10,0,1,2,3,4,5,5],[11,0,1,1],[12,0,1,2,3,4,5]],[[[[1,"SnowPeaBullet"],[3,"SnowPeaBullet",1,[-4],[[8,-2],[9,20,-3]],[2,-1,0]],[4,"ProjectileSnowPea",1,1,[[10,-5,[0],1]],[0,"4541Qk2JBNZoqNyyycPpGI",1,0],[5,26,26]]],0,[0,1,1,0,0,1,0,0,1,0,-1,2,0,0,2,0,2,1,5],[0,0],[-1,3],[0,1]],[[[1,"SnowPea"],[6,"SnowPea",[-6,-7],[[-2,[11,-5,-4,-3,1]],1,4],[2,-1,0],[-494,-293,0,0,0,0,1,1,1,1]],[7,"weapon13",1,[-8],[0,"9ewiqlOTVLl5/+ifWS500J",1,0],[5,144.59,138.73],[0,0,0,0,0,0,1,-0.7,0.7,1]],[12,"default","daiji",0,"daiji",2,[0]],[5,"shoot",1,[0,"a35hEQzwRFbbdlpWGMAhXn",1,0],[44,56,0,0,0,0,1,1,1,1]],[13,1,3]],0,[0,1,1,0,-1,5,0,4,4,0,5,5,0,0,1,0,-1,2,0,-2,4,0,-1,3,0,2,1,8],[0,0,3],[-1,6,7],[2,3,4]],[[{"name":"ProjectileSnowPea","rect":[0,0,26,26],"offset":[-1,1],"originalSize":[28,28],"capInsets":[0,0,0,0]}],[2],0,[0],[8],[5]],[[[14,"weapon13","\nweapon13.png\nsize: 2048,256\nformat: RGBA8888\nfilter: Linear,Linear\nrepeat: none\neye\n  rotate: false\n  xy: 676, 4\n  size: 107, 71\n  orig: 107, 71\n  offset: 0, 0\n  index: -1\neye2\n  rotate: false\n  xy: 545, 2\n  size: 129, 46\n  orig: 129, 46\n  offset: 0, 0\n  index: -1\njiaoye0\n  rotate: false\n  xy: 969, 10\n  size: 127, 97\n  orig: 128, 97\n  offset: 0, 0\n  index: -1\njiaoye1\n  rotate: true\n  xy: 922, 109\n  size: 141, 82\n  orig: 141, 82\n  offset: 0, 0\n  index: -1\njiaoye2\n  rotate: false\n  xy: 874, 8\n  size: 93, 67\n  orig: 93, 67\n  offset: 0, 0\n  index: -1\njiaoye3\n  rotate: false\n  xy: 785, 4\n  size: 87, 71\n  orig: 87, 71\n  offset: 0, 0\n  index: -1\nmouth1\n  rotate: false\n  xy: 634, 77\n  size: 142, 173\n  orig: 142, 173\n  offset: 0, 0\n  index: -1\nmouth2\n  rotate: false\n  xy: 778, 77\n  size: 142, 173\n  orig: 142, 173\n  offset: 0, 0\n  index: -1\nqiu\n  rotate: false\n  xy: 1098, 70\n  size: 58, 58\n  orig: 58, 58\n  offset: 0, 0\n  index: -1\nsai\n  rotate: false\n  xy: 1006, 130\n  size: 111, 120\n  orig: 111, 120\n  offset: 0, 0\n  index: -1\nshenti\n  rotate: false\n  xy: 545, 50\n  size: 87, 200\n  orig: 93, 200\n  offset: 6, 0\n  index: -1\ntou\n  rotate: false\n  xy: 2, 6\n  size: 274, 244\n  orig: 274, 244\n  offset: 0, 0\n  index: -1\nzhuan\n  rotate: true\n  xy: 278, 24\n  size: 226, 265\n  orig: 226, 265\n  offset: 0, 0\n  index: -1\n",["weapon13.png"],{"skeleton":{"hash":"912JVv+wqu3C3YYM8OkzAi4196I","spine":"3.8.99","x":-73.46,"y":-8.84,"width":144.59,"height":138.73},"bones":[{"name":"root","x":0.96,"y":-1.47,"scaleX":-0.145,"scaleY":0.145},{"name":"bone","parent":"root","length":1,"x":0.14,"y":0.6},{"name":"jiaoye1","parent":"bone","length":246,"rotation":-6.34,"x":1.89,"y":57.25},{"name":"jiaoye0","parent":"bone","length":223,"rotation":-171,"x":-31.31,"y":51.3},{"name":"jiaoye3","parent":"bone","length":142,"rotation":41.86,"x":-32.34,"y":52.26},{"name":"jiaoye2","parent":"bone","length":188,"rotation":148.11,"x":-43.77,"y":71.23},{"name":"shenti","parent":"bone","x":-9.87,"y":76},{"name":"qiu","parent":"bone","x":-22.43,"y":108.02},{"name":"tou","parent":"bone","length":176,"rotation":71.79,"x":-35.46,"y":383.2},{"name":"mouth1","parent":"tou","length":268,"rotation":-75.56,"x":273.38,"y":-173.5},{"name":"shenti1","parent":"shenti","length":63,"rotation":114.65,"x":-4.05,"y":6.4},{"name":"touye","parent":"tou","rotation":108.21,"x":310.04,"y":227.46},{"name":"eye","parent":"tou","length":210,"rotation":-52.91,"x":288.6,"y":31.54},{"name":"yandi","parent":"tou","x":298.29,"y":43.57},{"name":"sai","parent":"tou","x":167.38,"y":-64.93},{"name":"shenti2","parent":"shenti1","length":61,"rotation":-8.78,"x":63.05},{"name":"touye1","parent":"touye","length":66,"rotation":-36.66,"x":13.55,"y":-6.45},{"name":"shenti3","parent":"shenti2","length":73,"rotation":-10.87,"x":61.96},{"name":"shenti4","parent":"shenti3","length":66,"rotation":-15.69,"x":77.47,"y":0.24}],"slots":[{"name":"zhuan","bone":"touye1","attachment":"zhuan"},{"name":"jiaoye2","bone":"jiaoye2","attachment":"jiaoye2"},{"name":"jiaoye3","bone":"jiaoye3","attachment":"jiaoye3"},{"name":"shenti","bone":"shenti4","attachment":"shenti"},{"name":"qiu","bone":"qiu","color":"ffffff00","attachment":"qiu"},{"name":"tou","bone":"tou","attachment":"tou"},{"name":"sai","bone":"sai","color":"ffffff00","attachment":"sai"},{"name":"eye2","bone":"yandi","color":"ffffff00","attachment":"eye2"},{"name":"eye","bone":"eye","attachment":"eye"},{"name":"jiaoye0","bone":"jiaoye0","attachment":"jiaoye0"},{"name":"jiaoye1","bone":"jiaoye1","attachment":"jiaoye1"},{"name":"mouth1","bone":"mouth1","attachment":"mouth1"}],"skins":[{"name":"default","attachments":{"eye":{"eye":{"x":104.35,"y":-9.55,"rotation":-18.87,"width":213,"height":141}},"eye2":{"eye2":{"x":44.03,"y":-94.72,"rotation":-71.79,"width":257,"height":92}},"jiaoye0":{"jiaoye0":{"x":109.93,"y":-11.06,"rotation":171,"width":255,"height":193}},"jiaoye1":{"jiaoye1":{"x":120.29,"y":5.88,"rotation":6.34,"width":281,"height":163}},"jiaoye2":{"jiaoye2":{"x":101,"y":-3.26,"rotation":-148.11,"width":185,"height":134}},"jiaoye3":{"jiaoye3":{"x":69.21,"y":6.48,"rotation":-41.86,"width":173,"height":141}},"mouth1":{"mouth1":{"x":156.56,"y":1.55,"rotation":3.78,"width":284,"height":345},"mouth2":{"x":156.36,"y":4.54,"rotation":3.78,"width":284,"height":345}},"qiu":{"qiu":{"x":-1.09,"y":-1.67,"width":116,"height":116}},"sai":{"sai":{"x":0.96,"y":1.81,"rotation":-71.79,"width":222,"height":240}},"shenti":{"shenti":{"type":"mesh","hull":44,"uvs":[0.24355,0.27475,0.16371,0.2395,0.09167,0.18738,0.06909,0.12288,0.10887,0.06487,0.18656,0.02788,0.30215,0.00138,0.44624,0,0.6586,0,0.81801,0.03562,0.92419,0.08413,0.98683,0.13013,1,0.1715,1,0.23062,0.96962,0.26937,0.89194,0.31175,0.78011,0.33187,0.68522,0.34087,0.6586,0.34,0.63978,0.38587,0.62849,0.44138,0.62849,0.497,0.64167,0.56225,0.67016,0.63187,0.71962,0.7015,0.76882,0.76588,0.8371,0.84,0.91102,0.90088,0.91855,0.938,0.87876,0.97675,0.80108,1,0.68548,1,0.61909,0.99963,0.5414,0.974,0.46747,0.9255,0.41425,0.87088,0.34409,0.80025,0.29113,0.73075,0.24167,0.66387,0.20753,0.60013,0.19059,0.53575,0.19059,0.46263,0.20403,0.38938,0.22688,0.32325],"triangles":[30,29,27,27,29,28,26,31,27,31,30,27,33,31,26,33,32,31,34,33,26,25,35,26,35,34,26,36,35,25,24,36,25,23,37,24,37,36,24,38,37,23,22,38,23,39,38,22,21,40,22,40,39,22,20,41,21,41,40,21,10,18,12,18,16,12,11,10,12,12,16,13,16,14,13,16,15,14,9,18,10,8,7,18,7,0,18,8,18,9,18,17,16,1,0,7,6,1,7,5,2,6,2,1,6,43,19,18,0,43,18,42,20,19,43,42,19,3,2,5,42,41,20,4,3,5],"vertices":[4,18,53.65,44.81,0.66301,17,141.24,28.87,0.24247,15,206.11,1.71,0.0632,10,267,-29.76,0.03131,4,18,64.75,62.02,0.60288,17,156.58,42.43,0.2639,15,223.73,12.14,0.08706,10,286.01,-22.15,0.04616,4,18,82.75,79.05,0.56928,17,178.52,53.96,0.26464,15,247.46,19.33,0.10578,10,310.55,-18.67,0.06031,4,18,107.33,87.96,0.55678,17,204.59,55.89,0.25729,15,273.42,16.31,0.11586,10,335.75,-25.61,0.07007,4,18,131.5,84.99,0.55847,17,227.05,46.5,0.24832,15,293.71,2.84,0.11871,10,353.75,-42.02,0.0745,4,18,148.72,73.54,0.56785,17,240.54,30.81,0.23973,15,303.99,-15.1,0.11736,10,361.17,-61.32,0.07507,4,18,163.12,54.38,0.58002,17,249.22,8.47,0.23088,15,308.31,-38.68,0.11469,10,361.84,-85.28,0.07441,4,18,168.68,28.16,0.59872,17,247.48,-18.28,0.22054,15,301.55,-64.62,0.1094,10,351.21,-109.89,0.07134,4,18,176.01,-10.66,0.58947,17,244.03,-57.63,0.22107,15,290.75,-102.62,0.11373,10,334.73,-145.79,0.07573,4,18,167.46,-42.45,0.57855,17,227.2,-85.92,0.22458,15,268.88,-127.23,0.11781,10,309.36,-166.77,0.07907,4,18,152.06,-65.45,0.56363,17,206.15,-103.9,0.23099,15,244.82,-140.92,0.12282,10,283.49,-176.63,0.08255,4,18,136.14,-80.31,0.54558,17,186.81,-113.9,0.23927,15,223.94,-147.09,0.12875,10,261.91,-179.54,0.0864,4,18,120.33,-85.79,0.53767,17,170.1,-114.9,0.245,15,207.35,-144.92,0.13071,10,245.85,-174.87,0.08662,4,18,97.09,-90.18,0.51637,17,146.54,-112.84,0.259,15,184.6,-138.45,0.13641,10,224.35,-165,0.08822,4,18,80.81,-87.5,0.50412,17,131.6,-105.85,0.27123,15,171.24,-128.77,0.13818,10,212.62,-153.4,0.08647,4,18,61.48,-76.44,0.49679,17,115.97,-89.98,0.292,15,158.88,-110.24,0.13359,10,203.25,-133.2,0.07761,4,18,49.71,-57.5,0.54236,17,109.77,-68.56,0.29631,15,156.83,-88.03,0.10591,10,204.61,-110.93,0.05542,4,18,42.9,-40.82,0.61972,17,107.72,-50.66,0.27384,15,158.2,-70.07,0.07195,10,208.7,-93.39,0.03449,4,18,42.32,-35.89,0.65833,17,108.5,-45.76,0.2529,15,159.89,-65.4,0.06036,10,211.08,-89.04,0.02842,4,18,23.64,-35.86,0.544,17,90.53,-40.67,0.35665,15,143.2,-57.02,0.06992,10,195.86,-78.2,0.02944,4,18,1.44,-37.91,0.41906,17,68.59,-36.64,0.44857,15,122.42,-48.92,0.09772,10,176.56,-67.03,0.03464,4,18,-20.43,-42.04,0.27539,17,46.43,-34.7,0.49954,15,101.02,-42.84,0.17512,10,156.34,-57.75,0.04995,4,18,-45.62,-49.29,0.12382,17,20.22,-34.87,0.45936,15,75.24,-38.05,0.33832,10,131.6,-49.09,0.0785,4,18,-72,-59.66,0.06126,17,-7.99,-37.72,0.36034,15,47,-35.53,0.42425,10,104.08,-42.29,0.15415,4,17,-36.54,-44.45,0.17125,15,17.7,-36.76,0.41953,10,74.93,-39.03,0.3404,6,0.17,90.78,0.06882,4,17,-62.99,-51.32,0.08587,15,-9.57,-38.52,0.35978,10,47.71,-36.61,0.42298,6,9.32,65.03,0.13137,4,17,-93.63,-61.39,0.04641,15,-41.57,-42.63,0.16412,10,15.46,-35.78,0.45439,6,22.02,35.38,0.33507,4,17,-119.09,-72.96,0.03357,15,-68.75,-49.19,0.09164,10,-12.4,-38.12,0.40745,6,35.77,11.03,0.46734,1,6,37.17,-3.82,1,1,6,29.77,-19.32,1,1,6,15.32,-28.62,1,1,6,-6.18,-28.62,1,1,6,-18.53,-28.47,1,4,17,-142.23,-1.92,0.03097,15,-78.08,24.94,0.09328,10,-10.31,36.56,0.43428,6,-32.98,-18.22,0.44147,4,17,-121.7,10.09,0.0493,15,-55.65,32.86,0.17601,10,13.06,40.97,0.43815,6,-46.73,1.18,0.33655,4,17,-99.07,18.04,0.07083,15,-31.93,36.4,0.30637,10,37.05,40.85,0.43055,6,-56.63,23.03,0.19225,4,17,-69.79,28.58,0.11838,15,-1.19,41.23,0.39588,10,68.17,40.93,0.39577,6,-69.68,51.28,0.08997,4,17,-41.24,35.96,0.25145,15,28.25,43.1,0.40542,10,97.54,38.28,0.28326,6,-79.53,79.08,0.05986,4,18,-99.36,16.28,0.07656,17,-13.79,42.8,0.38402,15,56.49,44.63,0.3898,10,125.69,35.48,0.14962,4,18,-75.48,27.25,0.13586,17,12.17,46.9,0.39793,15,82.76,43.76,0.36644,10,151.51,30.62,0.09977,4,18,-50.77,35.12,0.2531,17,38.09,47.79,0.4224,15,108.39,39.75,0.25218,10,176.23,22.74,0.07232,4,18,-22.02,40.55,0.4055,17,67.23,45.24,0.42193,15,136.52,31.75,0.12865,10,202.81,10.54,0.04392,4,18,7.23,43.53,0.47168,17,96.2,40.19,0.41495,15,164.02,21.33,0.08073,10,228.4,-3.96,0.03264,4,18,34.01,44.26,0.57914,17,122.18,33.65,0.31942,15,188.3,10,0.06956,10,250.67,-18.85,0.03188]}},"tou":{"tou":{"x":231.95,"y":-11.67,"rotation":-71.79,"width":548,"height":487}},"zhuan":{"zhuan":{"type":"mesh","hull":4,"uvs":[1,1,0,1,0,0,1,0],"triangles":[1,2,3,1,3,0],"vertices":[-334.98,223.09,26.58,492.66,342.78,68.56,-18.79,-201.02]}}}}],"events":{"gongji":{}},"animations":{"daiji":{"bones":{"jiaoye1":{"rotate":[{"time":0.25},{"time":0.5,"angle":5.13},{"time":1}]},"jiaoye0":{"rotate":[{"time":0.1667},{"time":0.4167,"angle":-7.77},{"time":1}]},"jiaoye3":{"rotate":[{"time":0.4167},{"time":0.6667,"angle":7.8},{"time":1}]},"jiaoye2":{"rotate":[{"time":0.3333},{"time":0.5833,"angle":-4.44},{"time":1}]},"tou":{"translate":[{"x":-45.17,"y":3.61},{"time":0.25,"x":5.87,"y":-32.11},{"time":0.5,"x":69.7,"y":-5.13},{"time":0.75,"x":5.87,"y":-32.11},{"time":1,"x":-45.17,"y":3.61}]},"mouth1":{"translate":[{},{"time":0.5,"x":-12.25,"y":37.21},{"time":1}],"scale":[{},{"time":0.5,"x":1.15,"y":1.05},{"time":1}]},"shenti1":{"rotate":[{"angle":2.85},{"time":0.5,"angle":-7.3},{"time":1,"angle":2.85}]},"eye":{"translate":[{},{"time":0.5,"x":4.71,"y":-14.32},{"time":1}]},"shenti2":{"rotate":[{"angle":2.85},{"time":0.5,"angle":-2.42},{"time":1,"angle":2.85}],"scale":[{},{"time":0.25,"x":0.9},{"time":0.5},{"time":0.75,"x":0.9},{"time":1}]},"shenti3":{"rotate":[{"angle":2.85},{"time":0.5,"angle":-2.42},{"time":1,"angle":2.85}],"scale":[{},{"time":0.2917,"x":0.9},{"time":0.5417},{"time":0.7917,"x":0.9},{"time":1}]},"shenti4":{"rotate":[{"angle":2.85},{"time":0.5,"angle":-2.42},{"time":1,"angle":2.85}]}}},"gongji":{"slots":{"eye":{"attachment":[{"time":0.25,"name":null},{"time":0.3333,"name":"eye"}]},"eye2":{"color":[{"color":"ffffff00"},{"time":0.25,"color":"ffffffff"}],"attachment":[{"time":0.375,"name":null},{"time":0.6667,"name":"eye2"}]},"mouth1":{"attachment":[{"time":0.0833,"name":"mouth2"},{"time":0.3333,"name":"mouth1"}]},"qiu":{"color":[{"color":"ffffff00"},{"time":0.125,"color":"ffffffff"},{"time":0.25,"color":"ffffff00"}]},"sai":{"color":[{"time":0.1667,"color":"ffffff00"},{"time":0.2917,"color":"ffffffff"},{"time":0.3333,"color":"ffffff00"}]}},"bones":{"qiu":{"translate":[{},{"time":0.0417,"x":-14.41,"y":32.62},{"time":0.0833,"x":-39.98,"y":73.49},{"time":0.125,"x":-61.52,"y":134.89},{"time":0.1667,"x":-73.02,"y":228.45},{"time":0.2083,"x":-70.55,"y":322.93},{"time":0.25,"x":8.79,"y":412.26},{"time":0.6667}]},"mouth1":{"translate":[{},{"time":0.25,"x":-11.25,"y":34.18},{"time":0.4167}],"scale":[{},{"time":0.25,"x":0.8,"y":0.8},{"time":0.3333,"x":1.15,"y":1.15},{"time":0.4167}]},"sai":{"scale":[{"x":0.5,"y":0.5,"curve":"stepped"},{"time":0.1667,"x":0.5,"y":0.5},{"time":0.2917}]},"eye":{"rotate":[{},{"time":0.25,"angle":-9.17},{"time":0.6667}],"translate":[{},{"time":0.25,"x":11.51,"y":3.79},{"time":0.6667}],"scale":[{},{"time":0.25,"y":0.2},{"time":0.3333},{"time":0.375,"x":1.05,"y":1.05},{"time":0.6667}]},"jiaoye1":{"translate":[{},{"time":0.25,"x":-6.06},{"time":0.3333}],"scale":[{},{"time":0.25,"x":0.9,"y":0.9},{"time":0.3333,"x":1.1,"y":1.1},{"time":0.6667}]},"jiaoye0":{"translate":[{},{"time":0.25,"x":5.25},{"time":0.3333}],"scale":[{},{"time":0.25,"x":0.9,"y":0.9},{"time":0.3333,"x":1.1,"y":1.1},{"time":0.6667}]},"jiaoye3":{"scale":[{},{"time":0.25,"x":0.9,"y":0.9},{"time":0.375,"x":1.1,"y":1.1},{"time":0.6667}]},"jiaoye2":{"rotate":[{},{"time":0.375,"angle":-4.49},{"time":0.6667}],"scale":[{},{"time":0.25,"x":0.9,"y":0.9},{"time":0.375,"x":1.1,"y":1.1},{"time":0.6667}]},"tou":{"translate":[{"x":-45.17,"y":3.61},{"time":0.25,"x":-119.01,"y":35.4},{"time":0.375,"x":93,"y":-5.34},{"time":0.6667,"x":-45.17,"y":3.61}],"scale":[{"time":0.25},{"time":0.375,"x":1.05,"y":1.05},{"time":0.6667}]},"shenti1":{"rotate":[{"angle":2.85},{"time":0.25,"angle":4.71},{"time":0.3333,"angle":-4.49},{"time":0.6667,"angle":2.85}],"scale":[{},{"time":0.25,"x":1.05},{"time":0.6667}]},"shenti2":{"rotate":[{"angle":2.85},{"time":0.25,"angle":4.71},{"time":0.3333,"angle":-4.49},{"time":0.6667,"angle":2.85}],"scale":[{},{"time":0.25,"x":1.1},{"time":0.6667}]},"touye1":{"rotate":[{},{"time":0.25,"angle":5.59},{"time":0.3333,"angle":-9.61},{"time":0.6667}]},"shenti3":{"rotate":[{"angle":2.85},{"time":0.25,"angle":4.71},{"time":0.3333,"angle":-4.49},{"time":0.6667,"angle":2.85}],"scale":[{},{"time":0.25,"x":1.05},{"time":0.6667}]},"shenti4":{"rotate":[{"angle":2.85},{"time":0.25,"angle":4.71},{"time":0.3333,"angle":-4.49},{"time":0.6667,"angle":2.85}]}},"events":[{"time":0.3333,"name":"gongji"}]},"gongji2":{"slots":{"eye2":{"color":[{"color":"ffffff00"},{"time":0.0417,"color":"ffffffff"},{"time":0.125,"color":"ffffff00"}],"attachment":[{"time":0.0417,"name":null},{"time":0.125,"name":"eye2"}]},"mouth1":{"attachment":[{"time":0.0417,"name":"mouth2"},{"time":0.0833,"name":"mouth1"}]}},"bones":{"qiu":{"translate":[{},{"time":0.0417,"x":8.79,"y":412.26},{"time":0.0833,"x":6.15,"y":288.58,"curve":0.25,"c3":0.75},{"time":0.125}]},"mouth1":{"translate":[{},{"time":0.0417,"x":-11.25,"y":34.18},{"time":0.0833,"x":-2.81,"y":8.54,"curve":0.25,"c3":0.75},{"time":0.125}],"scale":[{},{"time":0.0417,"x":0.8,"y":0.8},{"time":0.0833,"x":1.075,"y":1.075,"curve":0.25,"c3":0.75},{"time":0.125}]},"sai":{"scale":[{"x":0.5,"y":0.5},{"time":0.0417,"x":0.833,"y":0.833,"curve":0.25,"c3":0.75},{"time":0.0833,"curve":0.25,"c3":0.75},{"time":0.125,"x":0.5,"y":0.5}]},"eye":{"rotate":[{},{"time":0.0417,"angle":-9.17},{"time":0.0833,"angle":-6.42,"curve":0.25,"c3":0.75},{"time":0.125}],"translate":[{},{"time":0.0417,"x":11.51,"y":3.79},{"time":0.0833,"x":8.06,"y":2.65,"curve":0.25,"c3":0.75},{"time":0.125}]},"jiaoye1":{"translate":[{},{"time":0.0417,"x":-6.06},{"time":0.0833}],"scale":[{},{"time":0.0417,"x":0.9,"y":0.9},{"time":0.0833,"x":1.087,"y":1.087,"curve":0.25,"c3":0.75},{"time":0.125}]},"jiaoye0":{"translate":[{},{"time":0.0417,"x":5.25},{"time":0.0833}],"scale":[{},{"time":0.0417,"x":0.9,"y":0.9},{"time":0.0833,"x":1.087,"y":1.087,"curve":0.25,"c3":0.75},{"time":0.125}]},"jiaoye3":{"scale":[{},{"time":0.0417,"x":0.9,"y":0.9},{"time":0.0833,"x":1.1,"y":1.1},{"time":0.125}]},"jiaoye2":{"rotate":[{},{"time":0.0417,"angle":-2.99,"curve":0.25,"c3":0.75},{"time":0.0833,"angle":-4.49},{"time":0.125}],"scale":[{},{"time":0.0417,"x":0.9,"y":0.9},{"time":0.0833,"x":1.1,"y":1.1},{"time":0.125}]},"tou":{"translate":[{"x":-45.17,"y":3.61},{"time":0.0417,"x":-119.01,"y":35.4},{"time":0.0833,"x":93,"y":-5.34},{"time":0.125,"x":-45.17,"y":3.61}],"scale":[{"time":0.0417},{"time":0.0833,"x":1.05,"y":1.05},{"time":0.125}]},"shenti1":{"rotate":[{"angle":2.85},{"time":0.0417,"angle":4.71},{"time":0.0833,"angle":-3.57,"curve":0.25,"c3":0.75},{"time":0.125,"angle":2.85}],"scale":[{},{"time":0.0417,"x":1.05},{"time":0.0833,"x":1.035,"curve":0.25,"c3":0.75},{"time":0.125}]},"shenti2":{"rotate":[{"angle":2.85},{"time":0.0417,"angle":4.71},{"time":0.0833,"angle":-3.57,"curve":0.25,"c3":0.75},{"time":0.125,"angle":2.85}],"scale":[{},{"time":0.0417,"x":1.1},{"time":0.0833,"x":1.07,"curve":0.25,"c3":0.75},{"time":0.125}]},"touye1":{"rotate":[{},{"time":0.0417,"angle":5.59},{"time":0.0833,"angle":-8.41,"curve":0.25,"c3":0.75},{"time":0.125}]},"shenti3":{"rotate":[{"angle":2.85},{"time":0.0417,"angle":4.71},{"time":0.0833,"angle":-3.57,"curve":0.25,"c3":0.75},{"time":0.125,"angle":2.85}],"scale":[{},{"time":0.0417,"x":1.05},{"time":0.0833,"x":1.035,"curve":0.25,"c3":0.75},{"time":0.125}]},"shenti4":{"rotate":[{"angle":2.85},{"time":0.0417,"angle":4.71},{"time":0.0833,"angle":-3.57,"curve":0.25,"c3":0.75},{"time":0.125,"angle":2.85}]}},"events":[{"time":0.0833,"name":"gongji"}]}}},[0]]],0,0,[0],[-1],[6]]]]