[1,["b6j2terVNFqaJK6DlFJJmY","7a/QZLET9IDreTiBfRn2PD","eb0njAAs1F1ZXHt+JPCxae","b0ku/uDTtLs5UT8Fxoo9io","ecpdLyjvZBwrvm+cedCcQy","19cvaKLFlHTqdgDAFG1Lf4"],["node","root","data","_textureSetter","shootNode","animation","bulletPrefab","_N$skeletonData","_spriteFrame"],[["cc.Node",["_name","_prefab","_trs","_children","_components","_parent"],2,4,7,2,12,1],["cc.Node",["_name","_groupIndex","_components","_prefab","_children","_parent","_contentSize","_trs"],1,9,4,2,1,5,7],["cc.PrefabInfo",["fileId","root","asset"],2,1,1],"cc.SpriteFrame",["cc.Prefab",["_name"],2],["cc.Node",["_name","_parent","_components","_prefab","_contentSize","_trs"],2,1,2,4,5,7],["136e0qMLeFJNLvOV19FzBd4",["node","animation","shootNode","bulletPrefab"],3,1,1,1,6],["sp.Skeleton",["defaultSkin","defaultAnimation","_preCacheMode","_animationName","node","_materials"],-1,1,3],["261d4+Q1HdGA5w3tjdBw83c",["node","spineAnimation"],3,1,1],["25e84qr2r5CfK0bp6CEXb0Q",["node"],3,1],["cc.CircleCollider",["_radius","node"],2,1],["cc.Sprite",["node","_materials","_spriteFrame"],3,1,3,6]],[[2,0,1,2,2],[4,0,2],[2,1,2,1],[0,0,3,4,1,2,2],[0,0,5,1,2,2],[5,0,1,2,3,4,5,2],[1,0,1,4,2,3,3],[1,0,1,5,2,3,6,7,3],[6,0,1,2,3,1],[7,0,1,2,3,4,5,5],[8,0,1,1],[9,0,1],[10,0,1,2],[11,0,1,2,1]],[[[{"name":"ProjectilePea","rect":[5,4,18,16],"offset":[0,2],"originalSize":[28,28],"capInsets":[0,0,0,0]}],[3],0,[0],[3],[0]],[[[1,"Peashooter"],[3,"Peashooter",[-6,-7],[[-2,[8,-5,-4,-3,1]],1,4],[2,-1,0],[-494,-293,0,0,0,0,1,1,1,1]],[5,"weapon1",1,[-8],[0,"feQFSgk7BMeKKpD5166qTX",1,0],[5,126.7,129.75],[0,0,0,0,0,0,1,-0.7,0.7,-1]],[9,"default","daiji",0,"daiji",2,[0]],[4,"shoot",1,[0,"57Oq5WT45IxZVRwqBFMiSt",1,0],[48,56,0,0,0,0,1,1,1,1]],[10,1,3]],0,[0,1,1,0,-1,5,0,4,4,0,5,5,0,0,1,0,-1,2,0,-2,4,0,-1,3,0,2,1,8],[0,0,3],[-1,6,7],[1,2,3]],[[[1,"PeaBullet"],[6,"PeaBullet",1,[-4],[[11,-2],[12,20,-3]],[2,-1,0]],[7,"ProjectilePea",1,1,[[13,-5,[0],1]],[0,"20cZ/i8jJNJr63Fm4JvvFQ",1,0],[5,18,16],[0,0,0,0,0,0,1,2,2,1]]],0,[0,1,1,0,0,1,0,0,1,0,-1,2,0,0,2,0,2,1,5],[0,0],[-1,8],[4,5]]]]