[1,["ac7fXhgdFNN73UmT8OQ3Tf","7a/QZLET9IDreTiBfRn2PD","2cs1N1EndI+7jzO/Wga6N3"],["root","spine","node","data","_N$skeletonData"],[["cc.PrefabInfo",["fileId","root","asset"],2,1,1],["sp.SkeletonData",["_name","_atlasText","textureNames","_skeletonJson","textures"],-1,3],["cc.Prefab",["_name"],2],["cc.Node",["_name","_children","_components","_prefab"],2,2,9,4],["cc.Node",["_name","_parent","_components","_prefab"],2,1,2,4],["b2afbvP8rxKZpOCQLPbuZGR",["aniName","node","spine"],2,1,1],["sp.Skeleton",["defaultSkin","defaultAnimation","_preCacheMode","_animationName","node","_materials"],-1,1,3],["261d4+Q1HdGA5w3tjdBw83c",["node","spineAnimation"],3,1,1]],[[1,0,1,2,3,4,5],[2,0,2],[3,0,1,2,3,2],[4,0,1,2,3,2],[5,0,1,2,2],[0,1,2,1],[0,0,1,2,2],[6,0,1,2,3,4,5,5],[7,0,1,1]],[[[[0,"01FX","\n01FX.png\nsize: 64,32\nformat: RGBA8888\nfilter: Linear,Linear\nrepeat: none\n1FX1\n  rotate: true\n  xy: 2, 2\n  size: 21, 34\n  orig: 29, 42\n  offset: 4, 4\n  index: -1\n1FX2\n  rotate: true\n  xy: 38, 11\n  size: 12, 11\n  orig: 20, 19\n  offset: 4, 4\n  index: -1\n",["01FX.png"],{"skeleton":{"hash":"XpaY+mp8brJ7S2SE/sBjSa/PdcQ","spine":"3.8.99","x":-17,"y":-18,"width":29,"height":42},"bones":[{"name":"root"},{"name":"01FX","parent":"root"},{"name":"1FX1","parent":"01FX"},{"name":"1FX2","parent":"01FX"},{"name":"1FX3","parent":"01FX"},{"name":"1FX4","parent":"01FX"},{"name":"1FX5","parent":"01FX"},{"name":"1FX6","parent":"01FX"},{"name":"1FX7","parent":"01FX"},{"name":"1FX8","parent":"01FX"}],"slots":[{"name":"1FX1","bone":"1FX1","attachment":"1FX1"},{"name":"1FX2","bone":"1FX2","attachment":"1FX2"},{"name":"1FX8","bone":"1FX8","attachment":"1FX2"},{"name":"1FX3","bone":"1FX3","attachment":"1FX2"},{"name":"1FX4","bone":"1FX4","attachment":"1FX2"},{"name":"1FX5","bone":"1FX5","attachment":"1FX2"},{"name":"1FX6","bone":"1FX6","attachment":"1FX2"},{"name":"1FX7","bone":"1FX7","attachment":"1FX2"}],"skins":[{"name":"default","attachments":{"1FX1":{"1FX1":{"x":-2.5,"y":3,"width":29,"height":42}},"1FX2":{"1FX2":{"width":20,"height":19}},"1FX3":{"1FX2":{"width":20,"height":19}},"1FX4":{"1FX2":{"width":20,"height":19}},"1FX5":{"1FX2":{"width":20,"height":19}},"1FX6":{"1FX2":{"width":20,"height":19}},"1FX7":{"1FX2":{"width":20,"height":19}},"1FX8":{"1FX2":{"width":20,"height":19}}}}],"animations":{"blow":{"slots":{"1FX1":{"color":[{"time":0.2333,"color":"ffffffff"},{"time":0.4,"color":"ffffff00"}]},"1FX2":{"color":[{"time":0.1,"color":"ffffffff"},{"time":0.2667,"color":"ffffff00"}]},"1FX3":{"color":[{"time":0.2,"color":"ffffffff"},{"time":0.3333,"color":"ffffff00"}]},"1FX4":{"color":[{"time":0.2,"color":"ffffffff"},{"time":0.3333,"color":"ffffff00"}]},"1FX5":{"color":[{"time":0.2,"color":"ffffffff"},{"time":0.3333,"color":"ffffff00"}]},"1FX6":{"color":[{"time":0.1667,"color":"ffffffff"},{"time":0.3,"color":"ffffff00"}]},"1FX7":{"color":[{"time":0.1,"color":"ffffffff"},{"time":0.2333,"color":"ffffff00"}]},"1FX8":{"color":[{"time":0.1,"color":"ffffffff"},{"time":0.2667,"color":"ffffff00"}]}},"bones":{"1FX2":{"rotate":[{},{"time":0.2333,"angle":-58.29}],"translate":[{"x":14.05,"y":4.88},{"time":0.2333,"x":36.82,"y":-22.77}],"scale":[{"x":0.87,"y":0.87}]},"1FX1":{"scale":[{"x":0.199,"y":0.158},{"time":0.2667,"x":0.53,"y":0.648}]},"1FX3":{"translate":[{"x":-9.31,"y":19.95},{"time":0.1,"x":-18.76,"y":28.56},{"time":0.3,"x":-36.96,"y":14.06}],"scale":[{"x":0.87,"y":0.87},{"time":0.1,"x":1.007,"y":1.007}]},"1FX4":{"translate":[{"x":-5.11,"y":6.88},{"time":0.1,"x":-6.26,"y":13.38},{"time":0.3,"x":-23.27,"y":-7.88}],"scale":[{"x":1.052,"y":1.052},{"time":0.1,"x":1.217,"y":1.217}]},"1FX5":{"translate":[{"x":-12.17,"y":14.64},{"time":0.1,"x":-20.96,"y":22.44},{"time":0.3,"x":-42.21,"y":3.14}],"scale":[{"x":0.87,"y":0.87},{"time":0.1,"x":1.007,"y":1.007}]},"1FX6":{"translate":[{"x":-19.92,"y":-3.58},{"time":0.1,"x":-24.5,"y":2.2},{"time":0.2667,"x":-29.62,"y":-9.9}],"scale":[{"x":0.87,"y":0.87},{"time":0.1,"x":0.986,"y":0.986},{"time":0.2667,"x":0.87,"y":0.87}]},"1FX7":{"translate":[{"x":-20.87,"y":-6.84},{"time":0.2,"x":-29.59,"y":-22.32}],"scale":[{"x":0.686,"y":0.686}]},"1FX8":{"rotate":[{},{"time":0.2333,"angle":-58.29}],"translate":[{"x":4.8,"y":13.24},{"time":0.1,"x":15.14,"y":19.7},{"time":0.2333,"x":27.03,"y":6.78}],"scale":[{"x":0.998,"y":0.998},{"time":0.1,"x":1.086,"y":1.086}]}}}}},[0]]],0,0,[0],[-1],[0]],[[[1,"PeaHitEffect"],[2,"PeaHitEffect",[-4],[[4,"blow",-3,-2]],[5,-1,0]],[3,"01FX",1,[-5,-6],[6,"7bOGQcZ2VOup7U9hsk2Eg6",1,0]],[7,"default","blow",0,"blow",2,[0]],[8,2,3]],0,[0,0,1,0,1,4,0,2,1,0,-1,2,0,-1,3,0,-2,4,0,3,1,6],[0,3],[-1,4],[1,2]]]]