{"paths":{"0":["Texture/PlantIcon/1001",1],"1":["Texture/PlantIcon/34",1],"2":["Texture/ZombieIcon/6",1],"3":["Texture/PlantIcon/2",1],"4":["Texture/PlantIcon/6",1],"5":["Texture/PlantIcon/26",1],"6":["Texture/ZombieIcon/28",1],"7":["Texture/ZombieIcon/21",1],"8":["Texture/Map/background5",1],"9":["Texture/PlantIcon/9",1],"10":["Texture/ZombieIcon/5",1],"11":["Texture/ZombieIcon/16",1],"12":["Texture/ZombieIcon/19",1],"13":["Texture/ZombieIcon/18",1],"14":["Texture/PlantIcon/39",1],"15":["Texture/ShopItemIcon/23",1],"16":["Texture/PlantIcon/7",1],"17":["Texture/PlantIcon/35",1],"18":["Texture/ZombieIcon/20",1],"19":["Texture/ShopItemIcon/26",1],"20":["Texture/PlantIcon/21",1],"21":["Texture/ShopItemIcon/32",1],"22":["Texture/Map/pre_bg_2",1],"23":["Texture/ZombieIcon/17",1],"24":["Texture/PlantIcon/16",1],"25":["Texture/PlantIcon/11",1],"26":["Texture/Map/pre_bg_1",1],"27":["Texture/Map/background0",1],"28":["Texture/ShopItemIcon/25",1],"29":["Texture/ShopItemIcon/31",1],"30":["Texture/ZombieIcon/15",1],"31":["Texture/ZombieIcon/25",1],"32":["Texture/ShopItemIcon/28",1],"33":["Texture/ShopItemIcon/33",1],"34":["Texture/PlantIcon/27",1],"35":["Texture/SelectPart/bg2",1],"36":["Texture/ZombieIcon/24",1],"37":["Texture/ShopItemIcon/27",1],"38":["Texture/ShopItemIcon/20",1],"39":["Texture/SelectPart/part_icon_1",1],"40":["Texture/PlantIcon/23",1],"41":["Texture/ShopItemIcon/4",1],"42":["Texture/ShopItemIcon/30",1],"43":["Texture/Map/indoor_1",1],"44":["Texture/PlantIcon/8",1],"45":["Texture/ZombieIcon/8",1],"46":["Texture/SelectPart/part_icon_2",1],"47":["Texture/ZombieIcon/4",1],"48":["Texture/ZombieIcon/2",1],"49":["Texture/ShopItemIcon/1000",1],"50":["Texture/PlantIcon/4",1],"51":["Texture/ShopItemIcon/19",1],"52":["Texture/ZombieIcon/3",1],"53":["Texture/ShopItemIcon/1",1],"54":["Texture/PlantIcon/13",1],"55":["Texture/ShopItemIcon/29",1],"56":["Texture/ShopItemIcon/8",1],"57":["Texture/PlantIcon/36",1],"58":["Texture/PlantIcon/1",1],"59":["Texture/PlantIcon/37",1],"60":["Texture/Map/pre_bg_3",1],"61":["Texture/ShopItemIcon/21",1],"62":["Texture/Map/background2",1],"63":["Texture/PlantIcon/38",1],"64":["Texture/Map/background3",1],"65":["Texture/ShopItemIcon/9",1],"66":["Texture/ZombieIcon/9",1],"67":["Texture/PlantIcon/18",1],"68":["Texture/ZombieIcon/22",1],"69":["Texture/ZombieIcon/7",1],"70":["Texture/ZombieIcon/23",1],"71":["Texture/PlantIcon/31",1],"72":["Texture/Map/background1",1],"73":["Texture/PlantIcon/28",1],"74":["Texture/PlantIcon/14",1],"75":["Texture/Map/indoor_4",1],"76":["Texture/ZombieIcon/29",1],"77":["Texture/PlantIcon/32",1],"78":["Texture/PlantIcon/24",1],"79":["Texture/PlantIcon/17",1],"80":["Texture/PlantIcon/29",1],"81":["Texture/SelectPart/bg1",1],"82":["Texture/Map/background4",1],"83":["Texture/PlantIcon/30",1],"84":["Texture/PlantIcon/22",1],"85":["Texture/ZombieIcon/11",1],"86":["Texture/ZombieIcon/26",1],"87":["Texture/Map/pre_bg_4",1],"88":["Texture/PlantIcon/10",1],"89":["Texture/PlantIcon/25",1],"90":["Texture/PlantIcon/19",1],"91":["Texture/Map/background6",1],"92":["Texture/PlantIcon/5",1],"93":["Texture/PlantIcon/15",1],"94":["Texture/ZombieIcon/14",1],"95":["Texture/PlantIcon/33",1],"96":["Texture/PlantIcon/12",1],"97":["Texture/ZombieIcon/10",1],"98":["Texture/ZombieIcon/1",1],"99":["Texture/ShopItemIcon/6",1],"100":["Texture/PlantIcon/3",1],"101":["Texture/Map/indoor_2",1],"102":["Texture/PlantIcon/40",1],"103":["Texture/ShopItemIcon/22",1],"104":["Texture/ShopItemIcon/24",1],"105":["Texture/Map/indoor_3",1],"106":["Texture/PlantIcon/20",1],"108":["Texture/PlantIcon/30",2,1],"109":["Prefab/Effect/ShovelEffect",0],"110":["Texture/Map/pre_bg_4",2,1],"116":["Texture/Map/indoor_2",2,1],"121":["Prefab/Zombie/BucketHeadZombie",0],"124":["Texture/ZombieIcon/23",2,1],"125":["Prefab/Effect/GroveEffect",0],"128":["Prefab/Plant/IceShroom",0],"129":["Texture/ShopItemIcon/23",2,1],"130":["Texture/Map/indoor_3",2,1],"131":["Texture/ZombieIcon/1",2,1],"132":["Prefab/Plant/CherryBomb",0],"133":["Prefab/Sun",0],"134":["Prefab/View/PartSelectView",0],"135":["Prefab/Plant/Jalapeno",0],"137":["Texture/ZombieIcon/17",2,1],"139":["Prefab/Zombie/Zomboni",0],"140":["Prefab/View/GameFailView",0],"141":["Texture/PlantIcon/34",2,1],"143":["Prefab/Zombie/DiggerZombie",0],"146":["Prefab/Plant/Cactus",0],"147":["Texture/ShopItemIcon/24",2,1],"148":["Prefab/Zombie/Gargantuar",0],"149":["Texture/PlantIcon/3",2,1],"150":["Prefab/Effect/HitEffect/ShroomHitEffect",0],"151":["Texture/PlantIcon/33",2,1],"153":["Texture/PlantIcon/6",2,1],"155":["Prefab/Effect/HammerEffect",0],"156":["Texture/ZombieIcon/26",2,1],"157":["Texture/PlantIcon/16",2,1],"164":["Prefab/Plant/SplitPea",0],"165":["Prefab/Plant/CabbagePult",0],"166":["Prefab/Plant/DoomShroom",0],"167":["Prefab/Zombie/SnorkelZombie",0],"171":["Prefab/Zombie/FootballZombie",0],"174":["Prefab/Zombie/BungeeZombie",0],"176":["Texture/PlantIcon/12",2,1],"177":["Prefab/Effect/IceBoomEffect",0],"179":["Prefab/Zombie/PolevaultingZombie",0],"181":["Texture/PlantIcon/5",2,1],"183":["Texture/PlantIcon/17",2,1],"184":["Texture/Map/background1",2,1],"188":["Prefab/Zombie/BackupDancerZombie",0],"189":["Prefab/Zombie/JackZombie",0],"192":["Texture/PlantIcon/35",2,1],"198":["Prefab/View/BuyConfirmView",0],"199":["Prefab/View/OptionView",0],"200":["Prefab/Plant/ThreePeater",0],"201":["Texture/ShopItemIcon/20",2,1],"205":["Prefab/Effect/WaterFlowerEffect",0],"206":["Prefab/Plant/CoffeeBean",0],"212":["Prefab/View/ChapterSelectView",0],"215":["Prefab/View/PlantHandbookView",0],"218":["Prefab/Zombie/DuckyTubeBucketZombie",0],"219":["Texture/ShopItemIcon/33",2,1],"220":["Texture/ShopItemIcon/21",2,1],"221":["Texture/ZombieIcon/22",2,1],"223":["Texture/Map/pre_bg_1",2,1],"228":["Texture/Map/pre_bg_2",2,1],"229":["Prefab/Effect/BackPumpkin",0],"231":["Texture/PlantIcon/19",2,1],"235":["Prefab/Effect/PlantWaterEffect",0],"237":["Texture/PlantIcon/37",2,1],"240":["Texture/ZombieIcon/15",2,1],"243":["Texture/ShopItemIcon/31",2,1],"245":["Prefab/Zombie/NormalZombie",0],"246":["Texture/SelectPart/part_icon_1",2,1],"247":["Prefab/Effect/FrozenEffect",0],"250":["Prefab/Plant/BoomNutBowling",0],"251":["Prefab/Effect/NutHurtEffect",0],"253":["Prefab/View/MenuView",0],"255":["Prefab/View/ShopView",0],"256":["Prefab/Plant/Blover",0],"257":["Texture/PlantIcon/1001",2,1],"261":["Prefab/Plant/Peashooter",0],"262":["Texture/SelectPart/part_icon_2",2,1],"268":["Prefab/Effect/DoomBoomEffect",0],"269":["Texture/ZombieIcon/11",2,1],"270":["Texture/PlantIcon/8",2,1],"272":["Prefab/Effect/FogEffect",0],"276":["Prefab/Zombie/ScreenDoorZombie",0],"277":["Texture/ShopItemIcon/32",2,1],"279":["Prefab/Effect/HitEffect/StarHitEffect",0],"282":["Prefab/Zombie/DuckyTubeConeZombie",0],"283":["Texture/PlantIcon/1",2,1],"286":["Texture/ShopItemIcon/27",2,1],"288":["Texture/ShopItemIcon/9",2,1],"289":["Texture/ShopItemIcon/26",2,1],"290":["Prefab/View/AssessView",0],"292":["Texture/PlantIcon/28",2,1],"293":["Prefab/Effect/IceGround",0],"294":["Prefab/Plant/UmbrellaLeaf",0],"298":["Texture/PlantIcon/7",2,1],"299":["Prefab/Plant/Plantern",0],"301":["Prefab/Effect/Tomb",0],"302":["Prefab/Plant/Torchwood",0],"303":["Prefab/Effect/DropCoin",0],"304":["Prefab/View/ZombieHandbookView",0],"305":["Prefab/Plant/PotatoMine",0],"306":["Prefab/View/GameWinView",0],"307":["Texture/ZombieIcon/4",2,1],"311":["Texture/PlantIcon/36",2,1],"316":["Prefab/Effect/NutBoomEffect",0],"322":["Texture/PlantIcon/9",2,1],"323":["Texture/SelectPart/bg1",2,1],"324":["Prefab/Plant/Sunflower",0],"325":["Prefab/Zombie/NewspaperZombie",0],"332":["Prefab/Plant/SunShroom",0],"333":["Texture/ZombieIcon/7",2,1],"338":["Prefab/Zombie/PogoZombie",0],"341":["Texture/ShopItemIcon/29",2,1],"342":["Prefab/Zombie/DuckyTubeZombie",0],"344":["Texture/ZombieIcon/14",2,1],"346":["Texture/ZombieIcon/29",2,1],"347":["Texture/ZombieIcon/28",2,1],"348":["Prefab/Effect/ZombieClotherFallEffect",0],"349":["Texture/ZombieIcon/3",2,1],"351":["Texture/PlantIcon/40",2,1],"353":["Prefab/Effect/PlantEffect",0],"354":["Prefab/Zombie/DolphinRiderZombie",0],"355":["Prefab/View/NewPlantView",0],"356":["Texture/Map/indoor_4",2,1],"357":["Texture/ShopItemIcon/22",2,1],"360":["Texture/PlantIcon/26",2,1],"362":["Texture/PlantIcon/21",2,1],"363":["Texture/Map/pre_bg_3",2,1],"368":["Prefab/Plant/PuffShroom",0],"369":["Prefab/Effect/FumeShroomEffect",0],"371":["Texture/PlantIcon/11",2,1],"372":["Prefab/Plant/MagnetShroom",0],"380":["Prefab/Zombie/DancingZombie",0],"383":["Texture/Map/background2",2,1],"384":["Prefab/Effect/CherryBoomEffect",0],"388":["Prefab/Plant/SeaShroom",0],"389":["Prefab/Plant/MelonPult",0],"390":["Texture/PlantIcon/38",2,1],"395":["Prefab/Plant/FumeShroom",0],"396":["Prefab/Effect/DoomHoleEffect",0],"398":["Prefab/Effect/Shadow",0],"399":["Prefab/View/PlantBeltView",0],"400":["Prefab/Zombie/BalloonZombie",0],"401":["Texture/ShopItemIcon/25",2,1],"405":["Texture/ZombieIcon/5",2,1],"407":["Prefab/Plant/StarFruit",0],"409":["Prefab/View/PlantSelectView",0],"410":["Prefab/Zombie/CatapultZombie",0],"411":["Texture/Map/background6",2,1],"412":["Texture/PlantIcon/32",2,1],"413":["Prefab/View/GuideDialogView",0],"414":["Texture/PlantIcon/14",2,1],"415":["Prefab/Plant/WallNut",0],"416":["Prefab/Effect/DirtEffect",0],"422":["Prefab/Plant/LilyPad",0],"423":["Texture/PlantIcon/15",2,1],"424":["Prefab/Zombie/Imp",0],"429":["Prefab/Plant/ScaredyShroom",0],"431":["Prefab/Zombie/LadderZombie",0],"432":["Texture/ShopItemIcon/19",2,1],"436":["Texture/PlantIcon/22",2,1],"440":["Prefab/Effect/AbsorbIronEquip",0],"441":["Prefab/Effect/HitEffect/SnowPeaHitEffect",0],"442":["Prefab/Effect/ShowGrassEffect",0],"443":["Texture/PlantIcon/10",2,1],"445":["Texture/PlantIcon/31",2,1],"451":["Texture/PlantIcon/18",2,1],"452":["Texture/ZombieIcon/21",2,1],"453":["Texture/Map/background3",2,1],"455":["Prefab/Plant/WallNutBowling",0],"457":["Prefab/Zombie/ConeHeadZombie",0],"458":["Prefab/Effect/HitEffect/PeaHitEffect",0],"460":["Texture/Map/indoor_1",2,1],"461":["Texture/ZombieIcon/16",2,1],"463":["Texture/Map/background4",2,1],"464":["Prefab/Effect/DropCard",0],"467":["Prefab/View/WarningView",0],"470":["Texture/PlantIcon/29",2,1],"473":["Texture/ZombieIcon/9",2,1],"474":["Prefab/Plant/SnowPea",0],"475":["Texture/PlantIcon/2",2,1],"480":["Texture/PlantIcon/39",2,1],"486":["Texture/ShopItemIcon/8",2,1],"488":["Texture/SelectPart/bg2",2,1],"492":["Prefab/Plant/KernelPult",0],"494":["Texture/Map/background0",2,1],"495":["Texture/ZombieIcon/18",2,1],"499":["Texture/ZombieIcon/24",2,1],"502":["Texture/ZombieIcon/19",2,1],"503":["Prefab/Plant/Repeater",0],"504":["Prefab/Plant/Pumpkin",0],"507":["Texture/ZombieIcon/25",2,1],"508":["Texture/ZombieIcon/20",2,1],"510":["Prefab/View/CGPaperView",0],"513":["Texture/ShopItemIcon/28",2,1],"514":["Prefab/Plant/Squash",0],"517":["Prefab/Zombie/ZombieBobsledTeam",0],"518":["Prefab/Zombie/ZombieBobsled",0],"525":["Prefab/CleanerCar",0],"526":["Prefab/Plant/FlowerPot",0],"527":["Prefab/Plant/TallNut",0],"529":["Texture/ZombieIcon/10",2,1],"531":["Texture/PlantIcon/25",2,1],"534":["Texture/PlantIcon/23",2,1],"537":["Texture/PlantIcon/20",2,1],"539":["Texture/ZombieIcon/2",2,1],"540":["Prefab/Effect/TangleKelpEffect",0],"541":["Prefab/Plant/GraveBuster",0],"543":["Texture/PlantIcon/27",2,1],"544":["Texture/ShopItemIcon/1000",2,1],"547":["Prefab/Effect/WaterLightEffect",0],"548":["Prefab/Effect/WordEffect",0],"560":["Prefab/View/HandbookView",0],"563":["Texture/ShopItemIcon/30",2,1],"564":["Prefab/Plant/Chomper",0],"565":["Texture/ShopItemIcon/1",2,1],"566":["Prefab/Plant/Marigold",0],"568":["Prefab/Plant/TangleKelp",0],"569":["Prefab/Plant/HypnoShroom",0],"570":["Prefab/Effect/BoomFireEffect",0],"573":["Texture/ShopItemIcon/6",2,1],"578":["Prefab/Effect/BungeeTarget",0],"580":["Texture/PlantIcon/13",2,1],"582":["Prefab/Plant/Garlic",0],"586":["Prefab/Plant/Spikeweed",0],"587":["Prefab/Zombie/FlagZombie",0],"589":["Texture/PlantIcon/24",2,1],"590":["Texture/Map/background5",2,1],"591":["Prefab/View/MainView",0],"592":["Texture/PlantIcon/4",2,1],"594":["Prefab/View/NewZombieView",0],"595":["Texture/ZombieIcon/6",2,1],"601":["Texture/ZombieIcon/8",2,1],"602":["Texture/ShopItemIcon/4",2,1]},"types":["cc.Prefab","cc.Texture2D","cc.SpriteFrame"],"uuids":["00Dl0aXlFAdJuiVBMKXhEI","00RjUiTH9EsYnkR6IW30Gz","03470FsWZKnpstl66YlTwF","0ePCZuvJVJkoZVXRNzWYp0","10cHYbgwpI9p4LMc4FGuI4","15VxYNpaJF0KdgRFR4gj1V","15flHdKydKsKSoJkk6Hidn","16GjsNMAZFxJRy2BvkYYwj","16ySoprBFFFb70zcdsivkP","17/us2/8dKlqf3NKtSaHlf","19yl7VmGNAzKsMCi+f2kQC","193AF0wDJMfYVBA5AqajWR","21zGuVoTlDJa1LNVl58+wl","22LnlYsh5LD7JI+YUFIbfq","24q4Cc7v5ATKoV9pR4kbg5","2538YTF0dKbbopJICUDGKg","27eXQw2vlBFJpwi0nM88Lp","28HeDFF8JEn7Rbx8wzSil9","2fANmDgiZHwJDstfsiQkft","34F3Y/5xtC5bu3zw5valJO","38wyE8ybFGYJjZhqX9t/PR","39Mn1CTyhKe63Xj3KPHzR/","3b3DhcNwpFhK8C+RglrG7O","42dhPK3fdGnKvOdJqLkFfY","45zlH3AtxE6J45jcW7eOQh","49JViFTdBBqa6eadEGzSfH","4cNl1O7nlCorLw+bsscJpx","4crNTUKr5K17/V9qdQe6B+","4eVE5e3Y5NlZM7fvWFZRSE","50fCPhjptCLqPScbrS2bG4","51hov/j3pAHJ9QkDmkuLLx","52a9yZ2iNAErij/63GhssM","56uhjSNi1ObpEiVNZlrVLM","59eGoESzVPEotdYDlPCvZr","5cmNdpqGBGS7NlkwT95cEc","60Rh/NRDZCK484SMIwQX2o","60TMKArSJGdLPxu7emvXAn","62XFbh45NFDLT95moPxv7d","64NsjXVWtHFqpAm6UFkUF6","64lFtsz/JI/baoI3ZCefTE","64/wNEs+lF0qeFAcZamVkD","65iN34PS5PMa7MwlapAEGV","685cyazxJFm4DSDKke+Ggx","69D3GarJZDwoSnJpvgmkn0","6axOIjJ0FKqblmw6lO7ROv","6dOIjich9MLo8lCjLviSrM","71N5gj5NpLPIeKOMQpknu0","71i4ycUE9Kc7FnKwz8z5t6","72+xxJqMVMd5OLiiHhTARu","78MVTNfllHZJEqNySreWhP","7anr1JKZtOt5TBQeGtq7xC","7bThUbHPVPD79FyYY629/w","7dtxzt+TxI376OCXW7yPMV","82nUY/uhpHpJiB65sDbF3g","829y2fZhpNQ43rqhB5K9rz","861NObQYlPDJzHWPBghTdd","8a/DyX03FMC5c+E0OrCmuD","8fTCxWteJC+ZQYJaXnjpX3","90dQTKXdVE+Jj4y/bCDkTs","91hPCFLZ5AlaKQrY+gN95c","93wp7gHnVKo7l2bHQF1gFb","93+rg5DN9BI4OP3IE3RloX","96fGAZ7iFInZw27ElZw/xc","97jY0JvZVGTb6FDNpzKJXF","98kE69XZpP7Y5Hz0/n/0/5","988n3oznJHZpZ/XPqTyvUD","9axW1PYZ5AMIyftMrrlZI0","9fM1uSkgZIwZycMQCi2daB","a0vl1bt5NPhJneChPNUuYW","a002QdW/JNSJ0cSCo5zkJr","a46MbYr31EobqkJ4hsAAh7","a7TnjhXdBLkJOoWrTyLbKC","a7y5EpcY9Ora3eis73RThR","a8R0PdSLtB2bRjone/yhyl","aaht33CvFCZpNtFxO/rvGv","b1wFrL0ABPpZnqO0zMcATz","b2nPRbHPtKFLyESBTsVZ/T","b4cwvjrQBOarmfBC1UscIz","b6OCt3jIdCJLo2Ezk0xBd/","bcFTOnY+JGLqAWlKgY5zNc","bd7rGHoCZK8Ky75QK9E1Wj","c4HLIjjCtIGrHRO6pcifp3","c53i8fI/FN0oxEV6lsi6mS","d28YwvwkBJZ7L8Lo86Gt+K","d4bLDt1zlEKpGfWNe2hCi2","d5CyWpZVJObZw9evbzQ7WO","d60bNAO0RAfaSh2c4OLtti","d9o7cvD4RGo7hWeWj43X+O","dagT3o9Q9I1LNmGq/23jwJ","dbBz0h6yZE6rkdJt24jZU3","dfIOS7b7ZJGYkGR3ebKojc","dfhEFyoWpCz40HrD5WldeF","e02AiLvaJGzq6dxRnh6iTy","e1CiHxs2lJZ6vzWnz8hoYL","e1SLIUjptCwL9xUY1ucBF4","e32cF3pQZBP4FOvJaD9QMK","e4JIMVDuxCDIro9K/TjUy1","e4cS2x/utJP45lL0wJIhKL","e6eMrDAVNFDZmCqhRskYfq","e6mtti119BXan95MpUTxSW","ebQUb8+39OGbPM9ef0ljWp","f5ZCxrvTpF4JKC9yjmSa9T","f5aXHsNThKrqlX9J12eSfF","f8uWIABnpIKIj9GIdKHWra","fcaO5kyRxAlrAXC55n4I9M","fc42fIR4RMuLR4VtvsPKr6","ff8wBbyOxLJJ0xDlP5Pty8","00o3k8g8RGpIco483xFpSH","01M/5DFTtNgrm4MCtu+nm6","0125/lwslDPaFhNJNV+vWi","02jQrpSihJ7oVL+XAVGzit","02kAcpb5tKmrOSH9eaTq3/","02sBaGPqtKyoXtMwvTOm+z","020PnRB2xBII34mJQN46pP","038lxm8v9J07T8BsOupNJ5","04Pp5R0hNIjYM+BlfXK4W2","04XkN5qI1Hy6kzklVuewE3","05WIzOPHxIgYVHU499VpgB","05cYwRV0ZEyafVzcFoVVYj","05fEwVRq5FmZHNFkeYd9gx","05gMDT67ZMQ42QIXPDWr2s","06RWt0+kBO4LbED4FsbkPD","06YUHxZ6pIwZUKNIfYVJb8","06hOoI1yNBTbOjg6Ug6gEf","06ksHpqORAFadPF0wVGrjF","06pLVU8/VHBqLrMa9rz4v5","06rrWA8sJJw4HzdzAgID1+","060oevlT1OW6hu/1L8+E08","07LG0lkptMl5xaG+ahkLdf","07q/hgr25FcIPWoXC5ei8R","08ApwDSxFI+bsaBCZBdzdC","08EiJPUetFfYVzMJz2memy","08UaTGnFBDa6yIe/A5GOB3","08Zr8RmYFJ3K6OKt9SCuW+","08oUzEIQNDCqsQVDkAKubC","08y3I5VF1JfYMQsALhZsdz","084yNFbCpEk55Gpqak0TlG","09vEmfGOtIDYX3GJBmBmsS","093Gh2hdZIQpRjN0sLIH2H","093xGPxKpC5quSxAiy6ibv","0ac8OAF/FJmZugNbBhAbZ/","0aupE+uO5N3JOpH7Od8NWS","0avYky6IxEBKWw5AcII/El","0bRAlUq4tIG4e21mFtjohO","0cjqMPuo5Bj5YEPuVYRpCi","0e2Ph1rBpMjbuWka9+1h13","0fjoyTCg1AiqX7RtBmV3SE","10JTfmHodO2pmr9FCYY2ee","10nQQWVAROdL34heSq7kVc","11JlEDjNtGtoNCtxmBYne6","12UrlDESZKH57G0JxQIuDA","12k32Koz1MsYoffEg02CoG","12urBxAcBGOIEWhk2XNxF9","1205XFBhBBI5E6xeKKgubx","14eD59iftEcJM1+g+PYCfl","14lfLkDOJKk7ASAXeODw9p","15aToo38NKD6MExP4ThD0m","15oO1i+cRJnrMIgayiSlA3","16XK+yP2hMRIS//QN4xqJy","16hTJUbtZDnYV/IBpUeAGm","17SD4YQNNOeag/XiEgxk+m","18GlCZZqtIOp58UvUUWPOd","18W8NxpjxGgLFqrCuzI4Rq","19aIAJWalNe51PaudGXsF+","196mYqhSJB97xsMyOQUGdV","1bhckas0lHwKBVtBfYD6bN","1bl6WxtAJA3qoHgj00beFd","1bpVnvRExPnoCgnTKq4jIA","1cIzNMp4pF1aTd4ii9DZ0e","1cTt7g/EpHPqXOE6bzUwKs","1cXtpYVM9CR412Vqc3WJMK","1cl2fEOLJOaKCzCWfvHamZ","1cmWZi0dNMo6lRADaIuK3h","1c9BJNdwBEsKpGFavHNg3W","1de7HfczBG44Wu55Vqqbgb","1eV1jvstNKqKR8PqzG77yn","1fty5pQYhJuIHv4Hg44Io2","1f0yMIrRpHdIy1FDrqCOsm","1f/WJh8ThPhpHfjlNYPCrS","21Lq7hqcJNqalMQ82QqWHb","21cSOQk79DYqC+yGg3fuD1","21hgA4NSFGhKlwibUByyi8","21x9/4mG9EaZAD5Bl2JpPi","22MO+XHJJKy4BfQJp+yfuv","22Q9oD1SpLrrlNFIhJJdjE","22u6lamT5EOoBOOxk/japv","23AWvJZ4FOloOD66TvFV89","23RX7taYdHBr8gby6/chdU","233h4v4P1KvoZ1WkTy8Mpx","24NPUeUexNRL9VEkiQdRo8","24tLOzX71LyLNWUiYgslBh","24+oRMhlFL34LGTvUKw4Rp","26GmBiuBlDeIa6IPKWOb4e","26UtyyP1pBrZ7ENmwzeld6","27Ey1iiHhH+LjQQcf7pjLx","27Wm6TCOVIeoWU9brpVIkp","27dNWDVldJHowDELJlQ4EA","2702Ql/8dPJ4wdIP7GDZSl","2872CmIwFNBY/8+nru+7m7","295XF9u6VFqaX2EKOol7oQ","2aGrlmyRdPkIuvy8P1/8at","2bPt3EtWVKZoodlak8TX1q","2bSLYKbSRDvYWDyvzvfq1M","2dh2BKKddIYYFU1Gsbr2pb","2dt9J28+JF65ivriN819vs","2dvbw/EpFAt7K84j/Nk6SA","2d54LqmdtKQrZQqPCjVI08","2fb1CtCG5MQZgvZXbAPue4","2fegYoqP5Fa7GJetU/1HLJ","2f6DvuapRMw41YkctBuhQ9","30WQ7x2DZCOaYtJJMxuQY0","31R2WTJxZCiL6LV3kmBSOt","31n0Lvi9JKOJXo6GLiO7B/","32VLu002JKerKYKLEiIZZ7","321we0tQFBLKY/IF3lt9NA","33NlyeUUNM3Isj84vIkeCq","33Pg+tYN5Lhbh2m5yj8r71","33V8GbOghNaosHjLo5TvUn","337/mJVoNDkp2aYR5qOxFm","345iIknsVJwKSLmELvARV+","35d3RFYthGJ7hL05wxAgFB","359p9ujUtI/I1AsG/e9WtR","36TCKf6ANHpI4JPF8SK+4a","36ZWh3cGVHVYvZgV7Jt49o","367ILNtRxB35+pBfcxOPnJ","37bMIxD8pA1Ip6B1XYb5xB","38tzzcJRxJ6oYBib8zUuL4","38vD7r0TpLxqYx3oqycjEj","39LK+NbtNAqbbVeURTaUD9","39mPecLjJGVplR2KFB7K3v","39qhdqRFVCg4BfzpYdt9do","3aYGke4RFM+rc3FdEz7Mij","3ayOVu4EtBIrIfg7SbKcJ/","3a01HR0vZKZZAH2qUdZrs1","3a62HoPJFCHJSt+iZfgs5N","3bTEN5YpxM4pm/nqXPQI5K","3buTGUPa9PjrPLPSfOYImr","3cCPU16T9EXafqSvTkp24s","3foxMbxhBIE415X8njdiAj","40Nc+BDX5KCKCJRxQQY6NC","40Zk4FNwpGE79FvUYF0AEK","411nc7U+ZFjoNzq75i572h","4128ynKvNOnbcNdIcbbdrK","41929KsFdAdqStloHYX24Q","42Ac4WX9pM8ZiMPqDPTXiQ","42AqzHjmlMsruHyAEb4jqH","42uoJWK+ZKsJVrQbfFSfjS","43YTrULFBGkrz5qUP55ktb","45C7wd5EVP8b7jzDrqfp4e","45kUurb8tEer7gukbEp3ix","46oLA9v7NKgJKsLKM5VoL2","466JlG+fhPuJxZCtF/9f4F","48aWSEO2ZA+rHqk3addeCd","49CyXwcQVL87DYQRB51Y0s","49ZOjyyHdITL5CZu9Deguc","49c0awlWNBc6Y+dKXYqYDK","49ghGMjApCc7MOm/0rGpmj","4avUhLSQdL0oAV64awA1lq","4a3oodILtFU5P4UD2bQ5L6","4bE+axObZDEqHDOQ0i1xxW","4b7/m4JVRJ2ImVfCkde1yi","4cLPqP7qFKlb1NdhHLLIFY","4cL9pGtzRLPYPiP8MND05w","4ckYCUgrdD2oTz4q9KnzsX","4eR3uWIwBKu7b/uNlGNyiq","4eSJWQyPdKo5o15RHXdtDE","4ffbBgVYBKn7aNLVi0ySru","4fuuwCK+hPM5rZblTN+Akr","50FXm/w8xA2JJk3aZgyail","50I5FVYthAhKexzHqeMYKR","51ixpai3lN4rMQ0nU8o36C","52a0b4Fn9BGo4Mj+uWnr9x","525fDGO6lCkqHnUT8o8mG3","53dhcnmGVEq6V5dT3/pU/h","53d6PmlupCpZDlWG/60lQS","53u2NJ5X1N2qx5YI6WwdKA","54UPPVBO9NIJgz17YBWzJn","54iYk7RdJJXanxLDkXz/Sl","55Cob1/jRAhKxrRXE/huVL","55cqGlYvZLhJWE0B2983Um","55kIzPSMFJqLmMvIiJaM2n","55oZ8xH3dEL42BVRu4HAqT","563GMAWXFJBqWfJuGfX+dC","58l5hn7aBEiJIqgOcD4Qm3","588iM9BuBM6rbK7sCgjqBL","59FhX7nX1MEKcoI/kKw/2b","5b1qJdhdRD95CcMtWBzskI","5cFrwFXxBHk6rkz/nPWeZG","5cScb9jlJMFZeb8+Q3Okje","5coBunMNBEcbrTKW1K6juS","5dQE77lMtO+JNUL3fFrS5n","5dR0fDVlNBQYIuh+Us0TQS","5d49GAJNBJUKOy9//+X9XW","5d/4Ma7qhMpqz4L9YewWEv","5ecw4B1UJB4IrKFpV5nsMo","5e+cKryCRBrpopkoTfHQJY","61INcJJOtKvZgc8kDt3rJ0","62zkezVfNCB4ltKt45rBjd","622S+65n5CXqZu3AtzOSt7","624M4+xIVN9bPjU8PON0ND","63dCiI3/pCb4TaXR9v9SQd","64AIgYY4BASoXxvnjXmDXY","64HU6xRMNCSrDvBYaxMO1c","64coZUT3tNT7X9AaOURGOi","64c7OyG25PZ5LtjpGysDU5","64e+RkqUdL9KH+lpGIDrYx","64p/c6iBJKhKjA1GpdyVLC","649QH5paREHJJbP8/lSyLT","66dAr56atDupJLx/OCnXGz","66kT8yYWVJa5uS7N5IcNUz","673l1zr25BpYE1lGTHEMVK","68EcST+UFJiojURrg+nrYY","69rcGg2ypCm4/77sL4gryJ","6aBPAqBexIiJctd2jt92v/","6atWn5YzxAObI8pQDb42qy","6bHOaKoxVOE4DN9kC5w8Xm","6buMNpKOROpZz2oyCpCl5E","6b/RNCm/JJfZg/JuY5wkEC","6cz747x0RJOJUsvjj9TE6h","6d3SMIxWtB045o7zcyaPcT","6eguEQ1K1PLLycc2bdJxPT","6fBZ90iylLMJk6smd/Bxlp","6fFi0OYPdASooV+MKecRX6","6fgvF53YRCT7WGkwnFag8f","6ftFKMcAdBSo7RXqzE/Wsa","70LWw30qFOJqybeZwdxqwB","70jpyByAhBQYGHo+r4gp9/","70lS4Lui9DxplmG1X/84Gx","7037spmD9HJ7VuglXlk5B2","706LR/J01J8Yg5lN8tyNh5","708mB27VhLXY4M4nhHZFRI","70+GUkoKlJWYCyq8+VN1yF","71Mj/tiz1En6S7KtmHO3vN","71OLXwz29Dua5Rgl9y6ffO","71rshl6BNKiqfZH/hvK2aY","713gKYRY5DwqNEDj7JQusm","72ez4KXElMCJ1iSWKSbfuG","73HdSYSYNLKrXvRcepHSL4","74Cfm64phEy5KR0VSZoNqs","74j50eeX1MlpG77cAQ+mYV","75jzip5w5CVIBycLLAkRik","76BzfF/0hG0YkwDZpckmVX","76N4nRDzxKCpbSrjd4i9rY","76rRlxVn1GoJx8HWB5XaaM","77cMpTeOZCmpMKXszItVE4","784hPgYK1HSK6G0dNbDv0+","79bpn8MCtMJpZRV17TeJuz","793a3FG19AfY4ju6mLCCvR","7abtsvABVJU7eVvvKRzE1S","7bgO4fkE1MdJpX64r3dj/0","7bnOU7PBpP4qAEJVy0bs+T","7bzE2MpitHUqhztH+GC3QX","7b3WY3+jpDEo1oKayDscgW","7cHj8dDrpCE5OAIXGLsly9","7cSlN9/ZFHXYbOSxikRKRE","7cVIHI82hF5p3B4BinF+8k","7csedMyqNCXK2zRELMQvuT","7c1bx9f/JG478BwSLJbRom","7c85xIa0JL/aaxZX3f7R49","7c+p0NDu5Ocb+JApoNoZKe","7dUkiC5WdAjYYFbilXLT6i","7eWwmD6lxFx7jIxuf01Pkx","7emnGTQixOLb8x3SawvqAN","7fDT/z6AxP35/9Kvko3phj","80TO+O/FNDy7F1P5e/rY8G","81b7FjBRpJvaOZq2o2CDT2","81xHwxamJG5rSxeUuJnrqq","83NpvzG19IUZ4CSMxIouF5","83g11S6GREaK/DaN6+LF6c","839jbPdsBC0aOIJDnd6okC","84uxkh9QFBoLct+bEdNEw/","84u1owq2NLmpVM1ZKxdEY/","85CcEeZh9Bi5Pi8kRVFVqn","85i8hA3O9GwbXZimkLOxLr","85nyPXJk9M9bTH8Ui7GvpG","86cN7AhEhDzoX29HSWHAi5","87dY3ysYVHEIZKr7DUTawl","87s1vYo3tODZx3EDD7ek5O","89Kz8WxYNHJaqvhX1wBJcl","89XPp5+ltKNoblU/ISNhip","89rIMwYOFCEYYuUv6jino6","8aCCJA60ZDaIbJC/YVY1j2","8a4DHZ69lCgpsbPXyuu0zP","8bOkM5UblASZIRjE0lAgvG","8bvPd04IBKYYhYiLinWpab","8cosxEsvFHJp33SgwbL1LU","8c0hyRNq5NO5zCavB+r4KT","8dgGZP28RNsb8Qm/ktEE89","8d26t9kOFGsrRZzWi4CvzK","8eKwEt8dFHj4i/4cCmY5kO","8empIONcBD0ripN7vqParG","8fO9OVhIVKfLqmsGyW+znC","8faJGaWvdEaLjH/tGyE0Ex","90E0w8LEVDRredi9aLnuQd","90T9hyHPZNjr4KBEFOeZ9p","92LQ5Iu25O+7y47yjeRH37","92Y/5zFz1GTLSonglned7e","93U+WqO99Pr7y14x1gNM+C","934lnhmSlJq5FIUVZ0sD0n","94BaPHy79P7LpkrMeM+gvw","94FlmE2glAJIs1DwKn4hWt","95kVF1wpRLsJOWwwjccv83","96iv8NDe5Fd5+OAe3Z+qGV","98fvHTycBEabPF+ooIKA+e","98iuufsr5EwL5ZrjIPokZF","98xqe/0vVHA7Pe0p6tj7P/","99VJMx88hJvoidzuefMoVG","99VbmAYnJJRJa2ek/npxS/","99gJ+7OVZJVpkySBKA03Tu","9aHq3EZNRKf5gbPTwGQFGm","9ag16bsABNubPzGxjvroUm","9akLvkTepOYIPbBOMkFyy/","9bmUbk0t5Lmqxaxf4EJPkb","9cWkro2HpEbYpTZk8MWwH2","9dt1cm5iFIqajPu0WpmvUj","9d/fxGHVhMwbTMHfnTaqSN","9fzMW+L3tMl4bT3bl7F75c","9f3EQx6ABH6rHxxL740nAI","a0XJFJDG9CSJz/xtlD01/g","a1nOs0gulPbZLDy3SMDWhW","a1yjtJqP9BFqcW3yE44Xwo","a1ynHt+tZNA6O4lzrSHo7Z","a18j7ape9FZo+k/9kPE8Aw","a2MFKQBjRC2onMn8U6P4w2","a2huq7GZ1MIr80PLg++CbZ","a2q02PPytOVZXi76g1WpaV","a4ei00wGlC0qF6+EKg3rEr","a45mGsGv5Ie7oCVuKCO1Us","a5EmVzciRPTqeJpDAGPZfA","a5VgTHuZtP5YizPqYoBQYc","a5gPeS9e1IeaCy4XCJzzyh","a6WpzS+m9HkrHZoP8rRAlU","a6tIvSHQRGeZ6gceIS6Mbt","a7hGK2UDNIloGAyyFg22OG","a7jB5TW1tEaoJ8ow35xV9Y","a7rRy8PhJPMJiLGazpLjMj","a7vcV5Sq5KpYZ2lCVvTn92","a8IA3lvBtI+5HUoIYVMQxJ","a8Yt0/VYRAXJ25hEELhKy0","a8mR8a9/pIR7yf09w037rx","a81Evo+olHnoLn9wMMWyhC","a810sfB2lFhI1tTdw5tDKe","a88uhuvV1OTIqaCUftdgUI","a9WLXXyPlCia32l4Qso1yQ","aaEqC8lk1OV4YOAmdnlIHD","acyHPBLkxJFYKxDeBf3coW","ac7MqV38RPdY7vlRknTMcU","ac7fXhgdFNN73UmT8OQ3Tf","adugtByBJNoZhwuypzs8jg","aeAmdijRVDe58RejiZ/wEK","aeAyThuetJG4yV5nbHYMGz","aeSKP2Vh9BAr702NkRZbor","afirf+LYJFpb/NWd4z12bb","af0AD/Y4JBk4PeZPVrN4Ts","b0Fxx5UJ1M/6VkFLlzm0z3","b0HcOtyGND0YFOhjbZVHZY","b0j/bYlNxJ7Y5BeOfLRPOa","b1ULP9KvpMsqOVCAYQ+ujJ","b2JKPyu4hGf6Y5xiOM7ZXy","b2axfc3iRCzrgn2l3YPS0i","b2saThAKtHjKID7m26S3ba","b2+uvpYbVEM5gC4PZOSY7m","b3Y49mY6BJ470Y9y34ITRK","b3uJVW7TxDr74Q7ULnzrkA","b3+1OhOu5OVrrbVs0ASYQr","b4HZdEmcBGpaHgPzqaEDzw","b4bWhW701M477+f9YZe1p5","b4ecVEQblJloVNpRMSahxG","b5cjd2GShP+Ym5nzGkhtGX","b6j2terVNFqaJK6DlFJJmY","b7E+C3QPFE8qM+LUPXH89+","b8EDmc1mRKU51pywKxC8dj","b9mlV9rbBC55KYlAvXc0g+","b9+Wf6srpB0Kp1I101XE2z","bakBCxJndOArKsUZvVbZMU","bdLX5odr5OMbBpSzSp6msz","bdSxCdamhM55XLImtjUwiM","bdo7fY5XxPyqoxyPEqy7xi","beqTYtNPNAqoLSD/89T3Mf","bf2k86mWtNtaBavDLvZA29","c1DG8ZyWdOl5qEUmBoshhu","c12TC/aX5Jl4JZf1/5rU1s","c2BQmmkJ5LqKfvf8Vp3d/g","c3U4WTJzFMEqqJGP7VbppE","c3okghjLNM6YvInVjTYg5W","c4TMPzuGpMgZw8nVHtogE3","c4cKeQ4JtG0JfS3fSvARFK","c4kCXqMrBFGIw9fqv72LAT","c45yXRI+tEIZpknl6jb8WE","c5RICR0uVO5YPArUKgVXJP","c5uA7p1aJHZYdmKqQOccVI","c6aypY3pJMOJOYJQSm7yj4","c6nypuw9VOTbSvxQRPfxyo","c6+S1NZnhA+o5ygShssRye","c8Kufn4i1E+YeEs4vKZ64U","c80Ck4ayJI9rHdciyq8aIX","c9BPUAP3xKHanWJs9VLd4V","c9hlwL2MtBwYIL4t8LHCk7","caWP9FxNpKUIgEpL1SzNF7","caherD735Ivbf/Rd/mxCPP","caohSHbS5GEIzmwCrnMGn5","ca3KlWTT5DRonWD2FGCITl","cbBJkSXV5HM4tJlWSaE+A1","cbF+TeM19J+Kq1m7huLWRj","ccaYvxA1VJL5HQerl0HI1y","cc2BBGUGhAeLYqCA4irzcJ","cdjcMkDCFEyIiqsod/SrIu","cdxTgkmjNOV7Nh60n5Bv8H","cd2HLr7ttI9oiPZTDa7DcD","cd4OQEAtRG7awW9xk4Suxj","cd/n5yevFBEKE0qBDGNLKw","cenOQDpQ5DqJNhFbOKfYPd","d0P6AIOutGHIbN5prY3R4H","d02C+1SwNHpoMoeTPLTKJI","d1Ghi2aGJPlZMnurA8oxUt","d2UipAAEdIG6yRudpA39ol","d29UlVF55M54KCfUXDr3kJ","d3BiKy4JRH4aen/XNcuoFv","d40EL0nX9OebUNXCuC18He","d6HLJPSHdJ3IXQFqCZ8uDn","d6xZCdcI1JI6jd6iBcwh9K","d608qFRoFHwbXd0Dap056i","d7BLVvEZJMPZfqIbVImdC5","d8PnKBP+xIgbl2qViXliNx","d81nwOcpNI35bnN7wgJC8z","d9z09dg8NJw7htlTiiaDvj","d93apiGnRLb4SzOrt06nCH","dbgEyKN6FNLqTK7sPSIwcm","db8I18xAJLiqnYzS19w15+","dcrx/Plt1Egbk0oT3U437R","ddxXjQ6LJCIbXRD476zyaT","dd6zmAnH1HardXNayswxo8","deWnQ6O1ZF0pdBYTKy3CUb","deXbQzXYhF46jymhRQ7A5E","dehUz/ITJGzL10L7/0FOV0","dfpeZ9GSlH1rJLDKYQ+RMA","dfrYz76SpI7aiGmYzwWrJ+","dfsbuh6AtGzbBbr7qe7Dct","e0Gdh3/7NO34gQHJe4D7cj","e06j+djmtE3KHoJ9fJOb+P","e1mzbfiChGibx39goVGIRK","e2AXrbUQNFvo/Szb/3lgHt","e2LND1f4BLTo/XyMDjD7YN","e2TrOZWQ5E0IzV8n/+QKKj","e2WlK/NYJOO4pVD+UWt13w","e2olfuB+lA+6+kdWVwJctX","e2yEtDUlZLnqfn+5stM0sC","e21RroNeVFcIgqK9kVYcLj","e24/KjUFRPHqIWSnBRz3yc","e3MsAKCsFKboHjmg1gxZ/r","e3Tc7/v9dBBbyIxfS+QuPw","e4hC2lIXVM747X/YumzixY","e4iugzo61BS5EpV02SZ+GW","e4sicVy9tMMKmNwCObTygu","e45VZTk5RCxKX+rvG9nHaC","e5uvy9DXhIXbmrssNvSFJy","e6FSqB/ChG/4fIsi6o4Wyw","e641SHv9pDM6zmb5ZjizNO","e78zSuw79McLrXpFaoDTIu","e9sVlqJ2xGvrYfITAgLmek","eaO5U5cEFAJpvkCYeiX5id","eaTCjC0o1HEaG8mPBfYryu","eakamBnYFND6i00fsHnCZs","ea0k+RFIlAcrVRGw8O/ja8","ea1zoEKIJOKIaRIuKqFYRH","ebER62ewtOA69DYKjOawva","ebaPvLJgBEAICdDgWQDsrm","ebvr8r80pHO5i38SwSw6HH","eb16njJHZJrIxKfGxsun30","ecRrstNaRJ753IRk7WCjbl","ecao33+6BKRpIa30lrA4+A","f0X1D9WFNPr7ueFqx866Bf","f0z+ZajKhHbZYiOOfbn8ep","f1VouOKWVGYI/niotGG8gz","f1kS8wYUZAbrb0LW6g+pkL","f1s6Kl8EFBQoMAR+jWfXws","f2OqOkNURLaqnwWrKv7Kmq","f2tJTBjNVEsrT7KSTaZMR4","f31/yFnMhLyZvL8ZtgtfgR","f5cV+viYZCWbtxd6HCuEPo","f5dwbrtbpDL5weZoPopY0e","f5jDfiodRCYY29QWKFJFEt","f6I6bXitBLy5gEQqyWSZ+4","f7AWnB56BI9r0ynHBvRplP","f73yXj8HVH5r9BQ4lR4TJu","f75hh6yhBJWqCLNMahmhJR","f76BeW+sBF6ZSAF7uLbHDb","f7/df2Y15NFZVPZfwlUMiq","f8CDowkFlFB4F+ZH/MdJZ/","f8O1+sm35MwYIKZYFf0uBu","f9ADl50t5Pa5JOLhYs3e7i","f9JTaNoCpKeK3pVmhwuzRS","faOx7ARfFOpK/ohVn3RQL9","faeqyPbgRPCoNoqfcr6klS","fatCfM859HapXaDNS3Dxhw","fbU3gqd5ZBuJK2WJ7qhm9g","fbjzqr9+xBuJ9hc7LfVAnW","fctXfgoQ5AKZ7ORQMeFlQ2","fc3b50XyZK05sprx8g3qDS","fd3HA2rQlLwbS/sxb8akJw","feD2zlnGpJFbV4kEhTN7FP","feKe3lqf1LUKcXWqJX68b3","ffDWXaiCNHS53KmnSEXUy+","ffIEdbll1GZoMGH71O5dMY","01l9USU8tND4NplP9BE1Pz","0129cMkNVLAL69pjdxARey","02O+0dlppJxqUqyBlDcUcx","02delMVqdBD70a/HSD99FK","0272y/bdRKR5QCZe+2LB+L","02+sesIoFEgr5g74MF55OB","03W6sRuLpL0oRnNAhjXm1b","03jJv3cKREZ40sIUK67qvQ","032gExAYVLEqybRJBwOqpj","04wR4+OBlETJRjwb7raxh0","0653Hl6ndDnKVwnvxShrF7","08Xfqtj0tIi6HbZTGfbzyp","0aPshLrFJD9IMpLnSQ+ISs","0bjKPm9+hLH71KGarSttu9","0dE8FECjtKX4dRH/pkl3/6","0eChVbHYhHppFDZ92DW1Bn","0eyykeDlBEdaaa2W45zpm0","0f0fPqLlhMppYQ/j+sNpYl","10pynHqmBHdakWHH6HbHs1","1002agqNdObL5aN0BnqLSf","108VTdWB9PPaZFwONJEpLI","11PONvw+NN/KH2cMc2b3gb","11aX3SpyRCQ5Ea1ipmYGdA","12+d1hlbZIQKJigK2wunll","14VswDvjJPKZ+G0Zob3uWc","15H04luF5O2p2leK0Rdgxx","15U2uVlqxEB4yYjqRtzLmL","16OXBAhhVPxLsrgtQdxxSs","18LZA5GXhHP40HoJBuyQ9r","19TfqV185B7rd3+HqSOX66","19cvaKLFlHTqdgDAFG1Lf4","1bUxcYRkhNyYdtNbPX0Use","1bp3JlRI5EvY9SG3sAf8P4","1cHqVh0d9J1ZtFz3/k34GA","1eBiv11qpAa4eOzzOpTaXG","1eMUvYAAFPYLs8Qcd3/Y9y","1eWF10LYhDYp0GdPSqylOi","1e7CDQkCFK5r0p3OKFEDR7","1e9vl9A+dIL4alP5z8jnm2","21k1a2VMZI5Y0IlBjClpCv","22HvdsTTZIF6eX3xrLULi+","24/V9g/o5KiKeREhL+SJJP","25jqjYaT1LPrUQdI7moVXP","26PuDCUtdBOJLHIcARYsP0","26yuuTa+lMr6EnAZyDmMTR","28TJkHynFKcbqOEPDev38U","28ua9PFj5JgqhcEVj+zDOd","287PiLCf5IMJNqP42cUfVJ","2aKJYU6u9G55yvfDap1e83","2a7kRevBlEs7HWQhjGxoyN","2bplaEjn5HKYTlv+sEeJRn","2cs1N1EndI+7jzO/Wga6N3","2c5XU6AINJ2rAFBr7kNCIz","2dHi9RnBJOTp4b8a+17+Zi","2dpCw2mG5G1Y6jj2fagc0k","2feRlJ3QNFh5DUZG3E5FSJ","30X0vASIlHhp3DjUkTyek+","32vt2bZx9Il6Otp30WYzCW","328pQhMuNEubN3gSh7Mxra","34GLC+LgZAHrnPrFFJXD8t","34R4nAUsBDOrdayS/APw85","35AO3MFPRCNbXlg/RKjaVg","35AWwDfGJD1Y9nlO1C+xZs","35bI6wZXVGV7/KsiZ4ee3F","356vc7/DhCIYpc17blU26A","36b4xODH1PiKLIo8tKE/nc","36c5KAhmVFkI/TzthPy+ix","38PhdP7u5IZof6eaPjuRBR","38nktVRZZMHoxl25i2Ef+L","3bfTIV5NBFRZt+RrAwPHcI","3c8HRoMIRLa79/ZCiIiXNF","3dfZgFvIBKWazxILjQmfv2","3dpj4y9E5E0Y2/RgNn/KAN","3fudwxRPlP2JMT8+1q3mRl","40xjKLFi9GHbI03FQ/vQa0","42BIm4qhdO1rTHkwS7cCVJ","42609N9p5ArJ/HNaicXL7e","44RKtK3bdPoLUF99prefwN","45XTrWQFFCjZn27WLQcC/0","47472OeNxNV6u9v0xnQOVl","4aWojXsT9OzqeOcatfdt+X","4aZUFa/pFDCLQfQjwehgWn","4dpHzTe4JI6p8P1Mcv4yeg","4eO9HbZY1OlpUwDwMiP9qX","4fq17sph1NFIeJdLI9rhTI","52A+oifQhJw7dQOD4VQHAU","55hKuP6bZHobg0R7ESepO8","55obQnHzlNz48bOkvgNBiw","57Qs+B9qxHhralXy4Kxop4","572lexgbJCkoPD/Td9v1KX","58tJ4D5npKjKd3vw1Tv+uD","5aalEjxDdKdrNa7bJxf8La","5a3BZtSMFMm4BZ3fLEbxXU","5bheaowv9Nv4sUQJHivr8k","5b2E3BaVNNzZPAk8+DkCbZ","5cO7kybDxGj4ipyMYdRYZB","5c1rJuT9pAKojsNW3gubwH","5eNIjCMwZNrqJxdl8wjPKR","5f2jC/ottIhJSMESyEZ6s+","5f6VFeQKFJ2qeM+/G/mHYN","5f6nbmEBJOQIUbYYQgezui","60BqJDn51PUJpNWBIs8jw+","60TB3suhBBxa2lwMkdXc/i","60afZXM9FL9LYMQe6oLLq2","6036uQcRZI1qcK2kj7QSGe","61gmdS5rFPHr+LE2zChh66","61yHzwfppD7LsYUdmNiEoR","62GTRe4E1Ee4akLd+6+GU/","63HaUmZ3RNb78E7IJpsc5Z","64gzkXKfhPaYTs1C2jEJHj","65ybVT/JhNvbjVcDxJ07U+","66xbAXiatABII51FTKmT7F","6azlwncvFHQa+zRpkA+1Hv","6a9PBAXsdOU5/xHe61v3RM","6dD+EAH19PoqdYzoW20VoL","6eD1faDxVFV7z592hdEfM1","72kg+/dJxHRLAu4OBL2Dkk","72q2taoF9BmpJVge6zjbr/","7444KqOBNLV7PPlw69CYeY","76PKPx2gdAfISzQvBquGZ1","77ao5MeUpNcKbbXEb/z1P4","773/j1631NR6Dw4hHTSKcA","78YF9GRoVETJJCtVNW1CER","79PpEqzj5HdbWRiHxAEv05","7a/QZLET9IDreTiBfRn2PD","7bTQ58jUZGvKcKBsfxZ6VU","7cNLm0QxZO7ogCwRFKozET","7cyg3gwbhDeopSQsExPaU3","7dMdKDHcZGuJUvximyBlID","7eOt1bWNFKDYWS+kexCRXq","7eXeS3m2VMOKNsCP8tCNRg","7e0Np8j/xNzYmhxjsFbWAz","7fNS+ijmpBz6ZMJiraQyG+","7f3oKsjhVAVI64LvDZWETf","7f77mB2w1AnK/TDboDKVjB","82acXcuE9OI68xc4KVgGc2","83K0zlAGtKUpTPeVgvMvr8","836UZ9bM1LRZGK5PQS5mxD","84WjY4soVFj4YxO7wrMnO/","85G2zwR1RBWpJpwBFeZKhT","87OAa9f15Nm6EEaBJEQiuy","87x79PsW9LnoTrNdlNEoCn","8cAd5fQwdDDa/PVKVmeJ/W","8cgOzDmO5LFoUH+b5AEcLf","8c1lDROztJDb9d/IopUyH3","8euK8kl3lAIJs2tbY2ywBA","90fS1YrhVA8oHL/sKWF4Yn","903M8fH1FOk4fTHcBqeXEA","96nr8qscdDb7PBCRYCai8b","97DrwH0XNL0Zd7sPLBIAGE","97RWUdbdhDf7PwmKzSu13g","97XFlOE2lJEqbg4VjArZnp","98Qf5ynyhGRaMQ6rgoglJS","98YsKN8G1D1pP5TJjSXJjC","99+hSu4KlKNKZzg6fDeIHM","9cXGAx4WRCl4a4A5ik3yu4","9ei7j/SrJGaLVDVrtOumvn","9e6racdc1Or5t4Szn6N4KL","9fDVKsCC5NCaziXVModEAo","a0Hu7mh1lL0YjxYgfU8hv0","a0uF4Vi+tAN51zAIhf9emD","a1EigMqWdHE7vJ9hauf0zl","a1mZ7z5QFEvqpxLBkwltHF","a1rKqZ5zdGTI2Ky51CoxyL","a2MjXRFdtLlYQ5ouAFv/+R","a3iYnv2BVEyYl+Krx2Nweq","a5RDPR5BBKPaleQ6EX3IbN","a530BmbHNHroJ/GvlOYK3f","a6QYXZDqxA76tHNJcm+H3z","a7R2cqp4NJb5H0cKQiERd2","a8aI9N65VHW4/R6KVxDVMy","a9MOllB2VB475XFstE7JW0","aaL876iuNHhIaCego+W0pL","aaqhF6UtdMg4x+YGNcGYQ1","aaupILn8NEQ6Afbsuq05OA","ac7dzFhitLZqGPT92B4lmb","adyf6cxKZOYb0CQP7371pD","aeFg9gvhJIn5t8oxqynBjz","aelFYg16FESLQjiFoPb4Iz","aelO81RmRMN6kcCiN5t60J","aenPBBq2NCYqQmmczfgQ0L","ae6BjByXxPfphDzXG2zZO4","af3FuThF1PLqyklrmWmoJ5","b0B8kKZKtF9ZlSKD3IptfS","b0ku/uDTtLs5UT8Fxoo9io","b2YyBjW6tF2ajRnrtLeZ5w","b2llmBfY1Ls7PPJsHThzfJ","b3zGbg8yBAJLGbQIk8vgkR","b39lXuqvFKBZFv+8sr9eaN","b4QG/os+BIf7dfkky1sbYO","b6CrwMp/NORIT8h+gDcYmH","b8F/xTofVPloj7YBdw8WN+","b8TPRxn05ND691GmcYZ2s8","bcgmU2ddBDFKnjI3/2o0Ls","bdVjnsMjVLKLb/9vMLOvNG","bdZ7oQ8WlEPZTHKbDKT5Qv","bdveMmzXdDGLdiooOYCYe1","beQc7hPCRETYhMglaqtueW","bemOHnYidNna4VTSkXLKW/","beyn31eGNEnbiSdHSdWfMk","bfREaIs21DfI99CQ8YpVE3","bfSDBsij1FgJInHxxQ1pLJ","bfhrjbUAdPTIozM00l3UkP","c2Rzn8ZaNJSZwH/vVvWUT4","c3IClFU6pJopMFvvHhdkTX","c3PycBlHhLYqCQX8MRgmlC","c4CGt6V2BEELgWlQZ2tLBZ","c48HAtmZRHIbhQj/HkV6FZ","c5Y/M04FNOyqE23aq0kmd7","c7rbMTUM1IR7XSs8jEkSEU","c7t5n7PoFOkL0NfIMC1iSY","c8RfotawFCaLtS47/PGEAX","caJ6+8lfRKbZRV1krP5awG","cbC0p6bqRKaJHjyTGPnqE6","cbFzrUdydIYr83U4+ce0+j","ccA3P6MHpBXbv06/uAfg2O","cda5Ju4z5IfKMK9IL8kpRB","cdrUcYk6lNtp364W7Gygcr","ceqsNCjftC6Id5I1rlz21n","d0S8np7FREMoTuXw9b9nNi","d0qezHe65DWbnuyqtNVfyB","d05m9CyyxCI6v0r5FMXnPZ","d1A2hk7ppJhbLAPiSenwUb","d1WeKoqXRNc7Op/w+H3jWe","d1zS6rKa9I3Y+UaUxqTmSD","d24s5GGRRNV6KQCgDgsLeC","d25VhDsKhP64E/ei7HXvSx","d34yQfg5FLQKGk/ldVLZp2","d61C/zuQVIGJ7IAWakUXS9","d8NdQUY3tP6YhcAAsE9rOH","d9CwF28lBC65FWbR9oRmH6","daYYf7bAZFvIYKXZdP4xs3","daafjWlyZCYLxwndiwIISw","dadQ2zZntCQp4oUekYnXUp","darcfjqJ9OMpVHytdGac/5","datVxFEw9MnIxX+1zRCUVW","deAKCBDq9ORrj0DW77K2LR","deRa+MygVIw4kcvco5McVY","deTxPBeOVMxLsNlR1JRzXO","dfMmHFPAFNmZDOgSb9HCJW","dfl2ZacRFPtYPSi+3FwLuD","e0M+1Ly7NDKKjLla4EG3dW","e1M6zDmO9AmrFwl+RwjeyU","e3CI6VznJK44Nh8qso48pt","e3Na6WdjJK9LpgWa8SaKIQ","e4WMsuIfxNY6imMrUX99Ld","e4fuJDsHZMna8jR2V7leC3","e5Ti+nEgJKUqwyoS99J5OA","e5zPaOOopMoa+Vg5H4YTEB","e8jDwx4+lBSJUrDyRStHs2","e89+RK/hpLkrr8QXNcAZjX","eb0njAAs1F1ZXHt+JPCxae","ecJiTMrKxBELFNhSsyHMfX","ecpdLyjvZBwrvm+cedCcQy","ec2WalkSNCBrdDMfIuNG9C","eeBQakK5tKFIVRyvLhYOLq","eeeE2YnLFBBJEqx6GEbwer","eeyq21o+tOxYhj/uZuTX1w","efh49nSZZAxoUN5svORwr5","ef7ILtPalHj6mzG3Eaqegg","f0enFH5oRIHaJNlrQsZN5S","f0nP3qdzFLoZOeeocA2gu+","f03Djwxw9EtKkXdI/lJFTT","f1EmNdgf5M36IKlFozs2bB","f1thZDE7hGgKHo4GLEcJNa","f1t76qmdpBAo4U8Ycoz4Pl","f4OfmZXI1IPqMfY4ruauOf","f4/yNED3tPsKRzdJ2Twf0T","f5gSJkRdNF1ryMpsXVaTpb","f5/pCQ021HMJg0FCvmmmAx","f6MRpHcbNMxJQgV58ofSE+","f8EXzBw+lO17lSx+YU1k6a","f8v4ejyZVAr7IoynpY4Z8O","f9PiSOoSdNHLG48xiT6VW0","faUENlvPJJD4WyZq7maajf","fayNuCRs5OKqf+d/p0Fi4j","fb+DD1iJ5LDqvHkxw0k9LX","fcZ+ievtBNOZfoL2DYYYcg","fcdW3Y6wBD0Juu4L9Ui47I","fePsi7pgNGd6fI8AImVgSJ","feclHZzPlNkp8kZVR4/uOb","ffPhBTLU1BxbDvJnHNePJO"],"scenes":{},"redirect":[607,0,728,0,857,0],"deps":["internal"],"packs":{"0109f3419":[604,369],"01145d28a":[734,760,836,855],"01202513e":[677,279],"012e158a7":[616,424],"013985772":[640,570],"0155f1970":[128,631],"01654cee7":[639,762,789],"0166974f8":[689,721,863,602],"017801312":[164,812],"0192da5f8":[623,787,591],"0193cc873":[306,751,765,767,835,880],"01ede4abf":[174,650],"0217e426e":[617,651,705,736,384,753,779,826,838,861,866,873,884],"0287c2be7":[669,699,879],"02d93133f":[678,503],"0304475aa":[709,810],"032e8fe93":[780,569],"0389b5bb3":[302,746],"03be8abb8":[251,716],"03e028587":[612,628,642,667,696,316,727,761,774,782,816,822,860],"03eaa0cb0":[294,790],"03eeeeeac":[139,845],"03f7b1164":[664,744,399,807],"042390014":[627,672,800,547],"0424579b9":[140,844],"0459947a6":[305,859],"0470f16f0":[649,527],"0472f2496":[188,808],"047752250":[372,865],"048800816":[614,304,795,814,827,829],"049bd5fef":[125,841],"04a258a62":[261,776],"056aef342":[718,747,801,825,839],"05933198d":[856,587],"05a3d7136":[206,742],"05f698dfc":[693,422],"062b96963":[215,676],"0637a869f":[200,732],"063dff446":[132,850],"0644ec594":[167,748],"067d6111c":[702,514],"0682b8d0e":[648,272,713,723,791],"068a807b0":[666,754],"06cce5e1d":[400,784],"07046923f":[647,657,683,293,771,840],"077d3b037":[0,1,107,111,112,113,2,114,115,117,118,119,120,122,123,126,127,136,138,142,144,3,145,4,152,154,5,6,7,158,159,8,160,9,161,162,163,10,11,168,169,170,172,173,175,178,180,182,12,13,185,186,187,14,190,191,15,193,194,195,196,16,197,17,202,203,204,18,207,208,209,210,211,213,214,216,217,19,222,224,225,226,227,20,21,230,232,233,234,236,22,238,239,241,242,244,23,248,249,24,252,25,254,258,259,260,26,263,27,264,265,28,266,267,29,30,271,31,273,274,275,278,280,281,32,284,285,33,287,34,291,295,35,36,296,37,297,300,38,39,40,41,308,309,310,42,43,312,313,314,44,315,317,318,45,319,320,321,326,327,328,329,330,331,46,47,334,335,336,48,337,339,340,343,49,345,50,51,350,352,358,359,52,361,364,365,366,53,54,367,370,373,374,375,55,376,377,378,379,381,382,56,385,386,387,391,57,392,393,394,58,59,397,60,61,62,402,63,403,404,64,65,406,408,66,67,417,418,68,69,419,420,421,425,426,427,70,428,430,71,433,434,435,72,437,73,438,439,444,74,446,447,448,449,450,454,456,75,459,76,462,465,466,77,468,78,469,471,472,79,476,477,80,478,479,481,482,483,484,81,485,487,489,490,82,491,493,496,497,498,501,505,506,509,511,512,515,83,516,84,85,519,520,86,521,522,523,524,87,88,89,528,530,532,533,90,91,535,536,538,92,93,94,542,545,546,549,550,95,96,97,551,552,553,554,555,556,98,99,557,558,559,561,562,100,567,571,572,574,575,576,577,101,102,579,581,583,584,585,588,103,593,596,104,597,598,105,599,600,603,106],"078459965":[155,755,758],"07b9b251a":[777,474],"080b6ce51":[368,818],"083167307":[247,868],"08d64186e":[674,395],"08dcd112c":[655,458],"09057e370":[630,707,560],"09251c100":[299,766],"0932ff473":[388,867],"094fe3396":[691,694,802],"095dc6866":[725,756,594],"097d688a8":[605,133],"09884b0ab":[684,582],"09e824370":[653,256],"09f889ae0":[355,785],"0a3d835f8":[332,869],"0a55b55d9":[235,679],"0a8d1e1b6":[645,700,409,792,804,806,819,831],"0a94c8b81":[740,564],"0ab92e4d8":[541,854],"0ac827764":[134,262,739,473,849],"0adc3d342":[715,429],"0ae8b5b27":[788,566],"0b00ac7d9":[680,380],"0b13e88b2":[199,697,706,772,813],"0b409e1a6":[179,858],"0b6127439":[717,731,389,881],"0bb36c715":[636,773,775,525],"0bb991018":[622,670,688,301,720,783,794,811,823,833,834,871],"0bbf88b60":[608,848],"0bd5d0f90":[148,673],"0be199a68":[726,526],"0c1811fbc":[662,578],"0c2941ee0":[632,442],"0c4d918e2":[135,708],"0c7e3449a":[166,852],"0c9e7906f":[658,719,878],"0cdd5eff0":[637,690,692,730,763,809,510,882],"0d962ac3e":[165,644,799],"0d9973a38":[198,843],"0db4e6c10":[611,325],"0df3f65bd":[703,710,778,492],"0e1294ce0":[625,663,407,828],"0eaeab7db":[609,416],"0ed28f3e0":[268,877],"0eea0804d":[146,624,737,759],"0f0cf7725":[613,615,633,660,212,661,701,722,764,853],"0f1c34a01":[610,586],"0f1ecdc55":[619,353],"0f21b7d42":[656,464,870],"0f95c77dc":[638,665,668,681,682,396,769,781,803,815,846],"0fb7cbf4d":[606,635,646,654,671,675,255,729,738,749,750,752,796,797,830,842,847,872,875,885],"0fbcb3b12":[354,735],"0fd1a1012":[629,641,643,770,548,874],"0feb685e4":[205,883]},"name":"resources","importBase":"import","nativeBase":"native","debug":false,"isZip":false,"encrypted":false,"versions":{"import":["0109f3419","0491b","01145d28a","8b9e4","01202513e","eab15","012e158a7","527ea",108,"1e011","013985772","d4d2b","0155f1970","f3bc9","01654cee7","870e7","0166974f8","d4620","017801312","37510","0192da5f8","5bbf6","0193cc873","78f8b",109,"1275d","01ede4abf","474bd","0217e426e","36762","0287c2be7","342b8",110,"04905","02d93133f","9e72a","0304475aa","5a92f","032e8fe93","9c742","0389b5bb3","836d6","03be8abb8","0b84b","03e028587","336c6","03eaa0cb0","a43b2","03eeeeeac","6238f","03f7b1164","0ee3d","042390014","2b27b","0424579b9","59c9c","0459947a6","0f4e1",116,"1ef7e","0470f16f0","de359","0472f2496","76a42","047752250","5f6e4","048800816","14778","049bd5fef","6879a","04a258a62","37a2a","056aef342","5bf6d","05933198d","edffb","05a3d7136","0dea1","05f698dfc","a0a80","062b96963","fc374","0637a869f","eada6","063dff446","4ebf1","0644ec594","b5f15",121,"a726b","067d6111c","87f9c","0682b8d0e","d4ef6","068a807b0","58f2b",124,"594cb","06cce5e1d","6a07d","07046923f","2de4c","077d3b037","14b1d","078459965","2ae07",129,"322d1","07b9b251a","b9003",130,"9eb65","080b6ce51","5088c",131,"71ceb","083167307","6864e","08d64186e","fc74d","08dcd112c","2bcd8","09057e370","1a4fd","09251c100","f37be","0932ff473","98c3f","094fe3396","6ca10","095dc6866","b6e9e","097d688a8","33fcf","09884b0ab","a2398",137,"6ba0f","09e824370","ee764","09f889ae0","444de","0a3d835f8","b7582","0a55b55d9","b2ccc","0a8d1e1b6","be794","0a94c8b81","f609f","0ab92e4d8","66e0c",141,"fa3e9","0ac827764","511b2","0adc3d342","a243e","0ae8b5b27","6de39","0b00ac7d9","d8741","0b13e88b2","ea278","0b409e1a6","ec945",143,"2c524","0b6127439","50c32","0bb36c715","19f56","0bb991018","e9523","0bbf88b60","a1d20","0bd5d0f90","6559b","0be199a68","c0173","0c1811fbc","e5794","0c2941ee0","8168c","0c4d918e2","6f5f6","0c7e3449a","eb1f0","0c9e7906f","5da07","0cdd5eff0","bc0ce",618,"4e41e","0d962ac3e","7a9e4","0d9973a38","b384a","0db4e6c10","77985","0df3f65bd","d10ab","0e1294ce0","828f8","0eaeab7db","92ec5",620,"d502f","0ed28f3e0","c4fe6","0eea0804d","b2204","0f0cf7725","de546","0f1c34a01","95031","0f1ecdc55","db434","0f21b7d42","0dcc2","0f95c77dc","bc036","0fb7cbf4d","12d51","0fbcb3b12","97bd5","0fd1a1012","b0e84",621,"2d342","0feb685e4","3a734",147,"99249",149,"2fa71",626,"bb598",150,"55dc7",151,"e9666",153,"77f4f",156,"75ff7",157,"fa83f",634,"9ec1a",171,"9c2c8",176,"ed50b",177,"38a55",181,"b485f",183,"8ef15",184,"dbc4b",189,"27af1",192,"3ce9d",652,"1d631",201,"99d2e",659,"6d901",218,"f763f",219,"6dce5",220,"b9d4f",221,"de2d0",223,"8a31c",228,"f9ee2",229,"34a6c",231,"d9280",237,"634c3",240,"e24ca",243,"3b4c5",245,"53c95",246,"8780a",250,"dfc57",253,"2492d",685,"7d0ba",257,"18e85",686,"c6866",687,"f9158",269,"a6f5d",270,"92d8a",276,"f5065",277,"e5907",282,"ec793",283,"cff66",695,"f93e5",286,"b2df5",698,"4f026",288,"65bdc",289,"cc28e",290,"73121",292,"420e1",704,"92a56",711,"4bf6e",298,"34e4c",712,"ed488",303,"b543b",307,"c89de",714,"42541",311,"a696e",322,"90454",323,"f40b4",324,"c47b6",333,"b4259",338,"49eec",341,"9ca00",342,"bc8b6",724,"1c4e1",344,"7ff77",346,"2368a",347,"2c91a",348,"0b11c",349,"4a86f",351,"d1edf",356,"e655f",357,"ddce4",360,"80681",733,"acf15",362,"cb5d5",363,"8cd2c",741,"3744a",371,"13075",743,"6eb37",745,"2fc45",383,"610a7",390,"23cf4",398,"0d3ec",401,"3efe7",757,"49efa",405,"61894",410,"ecf52",411,"eb6d8",412,"ad66b",413,"98d61",414,"89682",415,"28b85",423,"6b34d",768,"43d76",431,"fa2a2",432,"06f42",436,"a64ec",440,"ff872",441,"dfa8b",443,"c6d6d",445,"8c413",451,"18af3",452,"3b7c8",453,"e924e",786,"eddd3",455,"a92d1",457,"a7e95",460,"b2990",461,"839a7",463,"84900",793,"7b49c",467,"6ff6a",470,"aa96a",475,"564e6",798,"dc10e",805,"d0d0f",480,"545c9",486,"7bf3a",488,"9e2f4",494,"ae1bd",495,"28922",499,"1a5be",500,"8efe1",502,"6f310",817,"06387",504,"428c3",820,"59c05",821,"fa1c3",507,"265f4",508,"6053d",824,"9346e",513,"84209",517,"ca720",518,"9d3f8",832,"487a9",837,"a0e48",529,"65790",531,"ae1a7",534,"2c535",537,"8afa9",539,"a1c42",540,"a09cd",543,"91e30",544,"27fb7",851,"29736",563,"eeffb",565,"9cc73",568,"ed59c",862,"fa09d",864,"5b909",573,"c8e1f",580,"cd1d7",589,"e5de7",876,"50841",590,"8d0a1",592,"0290e",595,"24956",601,"856a2"],"native":[0,"3c53c",1,"2253f",107,"d93e3",111,"7116f",112,"fdc85",113,"6e5b5",2,"d41f2",114,"76ef0",115,"59b81",117,"e64af",118,"0f8d6",119,"7adb0",120,"f06c2",122,"9fafb",123,"29c6e",126,"011e7",127,"520c9",136,"976a1",138,"08bad",142,"5a44b",144,"5e3d9",3,"266b0",145,"cf777",4,"94b46",152,"4fa28",154,"bec5f",5,"43f09",6,"18016",7,"47f63",158,"6fad7",159,"69770",8,"f90e8",160,"6da24",9,"a4e19",161,"1cc7b",162,"51e47",163,"4b3c2",10,"d72ae",11,"3d22c",168,"774cf",169,"29a20",170,"c7139",172,"e8d49",173,"46cdc",175,"47d33",178,"70682",180,"51d07",182,"023fa",12,"f2b8f",13,"5eac6",185,"36837",186,"0833c",187,"67170",14,"139ed",190,"2335a",191,"96067",15,"cf4da",193,"b2b8b",194,"9e68d",195,"efbee",196,"a8fc2",16,"82999",197,"a9e40",17,"2582b",202,"7ff30",203,"b6978",204,"306d6",18,"2d357",207,"d6d6d",208,"66443",209,"aae31",210,"7ec90",211,"77114",213,"593b6",214,"2ad6b",216,"0cb49",217,"346aa",19,"4d61c",222,"d4f4b",224,"2345e",225,"105f8",226,"6306f",227,"99878",20,"36111",21,"a7810",230,"ba091",232,"93593",233,"ff0cd",234,"7460f",236,"f049c",22,"2f646",238,"0aa53",239,"0dd99",241,"4bebe",242,"e3465",244,"28b85",23,"7b72e",248,"34c5b",249,"b6b99",24,"f2dec",252,"4e9a5",25,"d5e2f",254,"5dd84",258,"337a6",259,"8375b",260,"32767",26,"f28a8",263,"9caf5",27,"709ee",264,"75505",265,"467fa",28,"09ac9",266,"4bede",267,"c8f52",29,"487d0",30,"50af3",271,"1e506",31,"9df43",273,"679d8",274,"de787",275,"41a5a",278,"69079",280,"d3510",281,"09c10",32,"36966",284,"c1ae6",285,"eb543",33,"266b2",287,"e2611",34,"9d900",291,"ebbc0",295,"d8a62",35,"15414",36,"98227",296,"b4ba1",37,"bf81c",297,"adbf9",300,"855b6",38,"dc992",39,"772f8",40,"9fdce",41,"184a4",308,"fdd36",309,"0c23e",310,"a379a",42,"1e98e",43,"a3888",312,"f4005",313,"b35a9",314,"b2a4e",44,"0c698",315,"cc5b6",317,"701bd",318,"a1f6e",45,"158c6",319,"1dc2a",320,"7f467",321,"74ea4",326,"eb6e6",327,"0d14a",328,"08427",329,"452ea",330,"e5be2",331,"26282",46,"7bc37",47,"4e3be",334,"c768d",335,"70b73",336,"dd83b",48,"8d130",337,"16104",339,"60df0",340,"e6d4e",343,"3cd72",49,"9bfac",345,"b9cbd",50,"e8f54",51,"eae12",350,"0ed61",352,"255ca",358,"6f5d3",359,"6fdbd",52,"6b93e",361,"c8fd9",364,"19124",365,"747a4",366,"7fa45",53,"4f74f",54,"f6c97",367,"bd213",370,"696a4",373,"862a3",374,"22ff5",375,"63d1b",55,"2cf34",376,"8ae68",377,"798f7",378,"d6e5e",379,"9b723",381,"83aff",382,"8586a",56,"ff38d",385,"015de",386,"b3e55",387,"1062a",391,"ebce3",57,"dd1c2",392,"4c555",393,"e2e8f",394,"d1046",58,"eb916",59,"4dea4",397,"cd4b4",60,"d0287",61,"65f47",62,"98514",402,"c43cd",63,"532dc",403,"1b25d",404,"62a35",64,"f90d9",65,"e913a",406,"bd420",408,"45ebc",66,"23dd6",67,"3d087",417,"02c2c",418,"d6643",68,"fa6d5",69,"a8faf",419,"f4801",420,"5b4e4",421,"f60f5",425,"aa4d7",426,"829d4",427,"cb8c6",70,"d7fb1",428,"82ffb",430,"99f2e",71,"3318c",433,"ceadf",434,"3dd78",435,"4a2ec",72,"35271",437,"6d829",73,"813e2",438,"f67a5",439,"fcb88",444,"d4115",74,"d7fd7",446,"5578a",447,"9efcc",448,"da2fc",449,"b8eb5",450,"0cb05",454,"1774a",456,"a202d",75,"b8cdc",459,"a51b2",76,"0e56c",462,"33e47",465,"27ff4",466,"c132f",77,"1020b",468,"b146f",78,"730a0",469,"d8c86",471,"168e7",472,"c7e14",79,"1d579",476,"5017e",477,"ca0d0",80,"61d54",478,"6ca6b",479,"cb9fe",481,"05dc8",482,"c631f",483,"dd498",484,"2bbd3",81,"bc233",485,"add17",487,"f7a5f",489,"a9eae",490,"e323e",82,"ec251",491,"10932",493,"0c061",496,"e6684",497,"e5fda",498,"ed149",500,"0acea",501,"e9ed5",505,"55bc8",506,"0fcbc",509,"26678",511,"f423b",512,"e99ae",515,"384c0",83,"25ef7",516,"5eb91",84,"2952f",85,"2e97f",519,"c3a5f",520,"d4688",86,"451fd",521,"d55c2",522,"25705",523,"2f271",524,"614e0",87,"5d238",88,"2b019",89,"d1c7d",528,"f3cfb",530,"22757",532,"5e248",533,"f1568",90,"32ddc",91,"a7750",535,"5e54d",536,"b6efc",538,"2d60a",92,"64b63",93,"6f9fc",94,"07df1",542,"b6b5b",545,"b9e2d",546,"8c816",549,"8fb03",550,"bef4a",95,"d03e8",96,"70369",97,"d8416",551,"fc6b5",552,"6e3af",553,"68b4d",554,"e035a",555,"96a9b",556,"97726",98,"ced8f",99,"1882c",557,"9c53f",558,"76ac9",559,"fe250",561,"2720c",562,"41972",100,"4256a",567,"10713",571,"04eac",572,"4ab8c",574,"c6361",575,"996e0",576,"34e2b",577,"2f3c0",101,"64e27",102,"f3649",579,"8df7e",581,"12f98",583,"f009b",584,"8418e",585,"ca89e",588,"87556",103,"428e5",593,"ec17f",596,"6f9ab",104,"ae0df",597,"e928e",598,"47676",105,"4a0ec",599,"bec0a",600,"e1d0b",603,"19aa0",106,"025db"]}}