[1,["ecpdLyjvZBwrvm+cedCcQy","303ZM1d+ZJcY5Txk66hj/A","faVX/cIgNM85EX1gLOthex"],["node","root","target","data","_spriteFrame","_textureSetter"],["cc.SpriteFrame",["cc.Prefab",["_name"],2],["cc.Node",["_name","_components","_prefab","_contentSize"],2,9,4,5],["cc.Sprite",["node","_materials","_spriteFrame"],3,1,3,6],["42f77b1njtIFLkVhJG239kv",["node"],3,1],["cc.Button",["node","clickEvents"],3,1,9],["cc.ClickEvent",["_componentId","handler","target"],1,1],["cc.PrefabInfo",["root","asset"],3,1,1]],[[1,0,2],[2,0,1,2,3,2],[3,0,1,2,1],[4,0,1],[5,0,1,1],[6,0,1,2,3],[7,0,1,1]],[[[[0,"Sun"],[1,"Sun",[[2,-2,[0],1],[3,-3],[4,-5,[[5,"42f77b1njtIFLkVhJG239kv","clickSun",-4]]]],[6,-1,0],[5,63,66]]],0,[0,1,1,0,0,1,0,0,1,0,2,1,0,0,1,0,3,1,5],[0,0],[-1,4],[0,1]],[[{"name":"sun","rect":[0,0,63,66],"offset":[0,0],"originalSize":[63,66],"capInsets":[0,0,0,0]}],[0],0,[0],[5],[2]]]]