[1,0,0,[["dragonBones.DragonBonesAsset",["_name","_dragonBonesJson"],1]],[[0,0,1,3]],[[0,"出口动画素材_ske","{\"frameRate\":24,\"isGlobal\":0,\"name\":\"出口动画素材\",\"version\":\"5.0\",\"armature\":[{\"slot\":[{\"name\":\"图层_63\",\"parent\":\"图层_631\",\"color\":{}},{\"displayIndex\":-1,\"z\":1,\"name\":\"图层_66\",\"parent\":\"图层_66\",\"color\":{}},{\"z\":2,\"name\":\"图层_65\",\"parent\":\"图层_63\",\"color\":{}}],\"skin\":[{\"name\":\"\",\"slot\":[{\"display\":[{\"path\":\"图层_63\",\"type\":\"image\",\"name\":\"图层_63\",\"transform\":{}}],\"name\":\"图层_63\"},{\"display\":[{\"path\":\"图层_66\",\"type\":\"image\",\"name\":\"图层_66\",\"transform\":{}}],\"name\":\"图层_66\"},{\"display\":[{\"path\":\"图层_65\",\"type\":\"image\",\"name\":\"图层_65\",\"transform\":{}}],\"name\":\"图层_65\"}]}],\"type\":\"Armature\",\"name\":\"armatureName\",\"bone\":[{\"name\":\"root\",\"transform\":{}},{\"transform\":{},\"name\":\"图层_63\",\"parent\":\"root\"},{\"transform\":{},\"name\":\"图层_66\",\"parent\":\"root\"},{\"transform\":{},\"name\":\"图层_631\",\"parent\":\"root\"}],\"aabb\":{\"width\":156,\"y\":-76.5,\"height\":153,\"x\":-78},\"ik\":[],\"animation\":[{\"frame\":[],\"duration\":96,\"ik\":[],\"bone\":[{\"frame\":[{\"duration\":96,\"transform\":{}}],\"name\":\"root\"},{\"frame\":[{\"tweenEasing\":0,\"duration\":20,\"transform\":{}},{\"tweenEasing\":0,\"duration\":26,\"transform\":{\"skY\":180,\"scX\":0.875,\"scY\":0.875,\"skX\":180}},{\"tweenEasing\":0,\"duration\":2,\"transform\":{\"scX\":0.7125,\"scY\":0.7125}},{\"tweenEasing\":0,\"duration\":23,\"transform\":{\"skY\":14.4,\"scX\":0.7,\"scY\":0.7,\"skX\":14.4}},{\"tweenEasing\":0,\"duration\":25,\"transform\":{\"skY\":180,\"scX\":0.8438,\"scY\":0.8438,\"skX\":180}},{\"duration\":0,\"transform\":{}}],\"name\":\"图层_63\"},{\"frame\":[{\"tweenEasing\":0,\"duration\":20,\"transform\":{}},{\"tweenEasing\":0,\"duration\":26,\"transform\":{\"skY\":180,\"skX\":180}},{\"tweenEasing\":0,\"duration\":25,\"transform\":{}},{\"tweenEasing\":0,\"duration\":25,\"transform\":{\"skY\":180,\"skX\":180}},{\"duration\":0,\"transform\":{}}],\"name\":\"图层_66\"},{\"frame\":[{\"tweenEasing\":0,\"duration\":46,\"transform\":{}},{\"tweenEasing\":0,\"duration\":50,\"transform\":{\"skY\":180,\"skX\":180}},{\"duration\":0,\"transform\":{}}],\"name\":\"图层_631\"}],\"slot\":[],\"ffd\":[],\"name\":\"newAnimation\",\"playTimes\":0}],\"frameRate\":24,\"defaultActions\":[{\"gotoAndPlay\":\"newAnimation\"}]}]}"]],0,0,[],[],[]]