[1,["b1DlKap91BPIaBAf3SPC37"],0,[["sp.SkeletonData",["_name","_atlasText","textureNames","_skeletonJson","textures"],-1,3]],[[0,0,1,2,3,4,5]],[[0,"15_xiguatoushou_ske","\r\n15_xiguatoushou_ske.png\r\nsize: 165,78\r\nformat: RGBA8888\r\nfilter: Linear,Linear\r\nrepeat: none\r\n04_xiguatoushou/eye0\r\n  rotate: true\r\n  xy: 2, 3\r\n  size: 8, 10\r\n  orig: 8, 10\r\n  offset: 0, 0\r\n  index: -1\r\n04_xiguatoushou/eye1\r\n  rotate: false\r\n  xy: 14, 2\r\n  size: 5, 9\r\n  orig: 5, 9\r\n  offset: 0, 0\r\n  index: -1\r\n04_xiguatoushou/guadi\r\n  rotate: true\r\n  xy: 47, 28\r\n  size: 48, 39\r\n  orig: 48, 39\r\n  offset: 0, 0\r\n  index: -1\r\n04_xiguatoushou/meimao\r\n  rotate: false\r\n  xy: 75, 11\r\n  size: 29, 15\r\n  orig: 29, 15\r\n  offset: 0, 0\r\n  index: -1\r\n04_xiguatoushou/shenti\r\n  rotate: true\r\n  xy: 2, 13\r\n  size: 63, 43\r\n  orig: 63, 43\r\n  offset: 0, 0\r\n  index: -1\r\n04_xiguatoushou/teng\r\n  rotate: false\r\n  xy: 47, 8\r\n  size: 26, 18\r\n  orig: 26, 18\r\n  offset: 0, 0\r\n  index: -1\r\n04_xiguatoushou/xiaogua\r\n  rotate: false\r\n  xy: 122, 34\r\n  size: 36, 42\r\n  orig: 36, 42\r\n  offset: 0, 0\r\n  index: -1\r\n04_xiguatoushou/yezi0\r\n  rotate: true\r\n  xy: 106, 3\r\n  size: 23, 18\r\n  orig: 23, 18\r\n  offset: 0, 0\r\n  index: -1\r\n04_xiguatoushou/yezi1\r\n  rotate: true\r\n  xy: 126, 6\r\n  size: 26, 12\r\n  orig: 26, 12\r\n  offset: 0, 0\r\n  index: -1\r\n04_xiguatoushou/yezi2\r\n  rotate: true\r\n  xy: 153, 8\r\n  size: 24, 10\r\n  orig: 24, 10\r\n  offset: 0, 0\r\n  index: -1\r\n04_xiguatoushou/yezi3\r\n  rotate: true\r\n  xy: 140, 9\r\n  size: 23, 11\r\n  orig: 23, 11\r\n  offset: 0, 0\r\n  index: -1\r\n04_xiguatoushou/zhe\r\n  rotate: true\r\n  xy: 88, 28\r\n  size: 48, 32\r\n  orig: 48, 32\r\n  offset: 0, 0\r\n  index: -1\r\n",["15_xiguatoushou_ske.png"],{"skeleton":{"hash":"GJ9W5rDyANCrpBNOLVb0PgFJKZg","spine":"3.8.99","x":-57.23,"y":-7.03,"width":106.01,"height":93.29,"fps":24,"images":"C:\\Users\\km\\Desktop\\spine动画\\冰西瓜","audio":"C:\\Users\\km\\Desktop\\spine动画\\冰西瓜"},"bones":[{"name":"root","x":20.47,"y":2.76},{"name":"bone","parent":"root","x":1.22,"y":1.33},{"name":"yezi0","parent":"bone","length":22,"rotation":-141.82,"x":-3.55,"y":4.28},{"name":"yezi1","parent":"bone","length":23,"rotation":-9.58,"x":1.4,"y":4.28},{"name":"shenti","parent":"bone","rotation":90,"x":-6.48,"y":4.58},{"name":"yezi2","parent":"bone","length":22,"rotation":3.77,"x":3.2,"y":5.18},{"name":"yezi3","parent":"bone","length":20,"rotation":-166.79,"x":-17.96,"y":3.07},{"name":"shenti2","parent":"shenti","x":7.54,"y":-1.39},{"name":"shenti1","parent":"shenti","x":8.23,"y":19.56},{"name":"meimao","parent":"shenti","rotation":25.94,"x":14.17,"y":-8.53},{"name":"shenti3","parent":"shenti","x":18.16,"y":-20.67},{"name":"shenti4","parent":"shenti","x":28.48,"y":3.04},{"name":"teng","parent":"shenti","length":20,"rotation":54.17,"x":28.62,"y":17.31},{"name":"eye1","parent":"meimao","x":-4.31,"y":-7.21},{"name":"meimao1","parent":"meimao","x":4.55,"y":-0.49},{"name":"zhe","parent":"teng","length":29,"rotation":4.44,"x":21.23,"y":-0.07},{"name":"eye0","parent":"meimao","rotation":-115.94,"x":-1.58,"y":8.93},{"name":"xiaogua","parent":"zhe","rotation":-58.61,"x":17.12,"y":-7.7}],"slots":[{"name":"guadi","bone":"zhe","attachment":"04_xiguatoushou/guadi"},{"name":"xiaogua","bone":"xiaogua","attachment":"04_xiguatoushou/xiaogua"},{"name":"zhe","bone":"zhe","attachment":"04_xiguatoushou/zhe"},{"name":"teng","bone":"teng","attachment":"04_xiguatoushou/teng"},{"name":"yezi3","bone":"yezi3","attachment":"04_xiguatoushou/yezi3"},{"name":"yezi2","bone":"yezi2","attachment":"04_xiguatoushou/yezi2"},{"name":"yezi1","bone":"yezi1","attachment":"04_xiguatoushou/yezi1"},{"name":"yezi0","bone":"yezi0","attachment":"04_xiguatoushou/yezi0"},{"name":"shenti","bone":"shenti4","attachment":"04_xiguatoushou/shenti"},{"name":"eye1","bone":"eye1","attachment":"04_xiguatoushou/eye1"},{"name":"eye0","bone":"eye0","attachment":"04_xiguatoushou/eye0"},{"name":"meimao","bone":"meimao1","attachment":"04_xiguatoushou/meimao"}],"skins":[{"name":"default","attachments":{"eye0":{"04_xiguatoushou/eye0":{"x":0.05,"y":-0.27,"width":8,"height":10}},"eye1":{"04_xiguatoushou/eye1":{"x":0.4,"y":0.15,"rotation":-115.94,"width":5,"height":9}},"guadi":{"04_xiguatoushou/guadi":{"x":13.69,"y":-0.49,"rotation":-156.8,"width":48,"height":39}},"meimao":{"04_xiguatoushou/meimao":{"x":0.36,"y":2.4,"rotation":-115.94,"width":29,"height":15}},"shenti":{"04_xiguatoushou/shenti":{"type":"mesh","hull":41,"width":63,"height":43,"uvs":[0.96007,0.19927,0.91914,0.13458,0.85371,0.07312,0.77043,0.02344,0.70264,0,0.62643,0,0.54214,0,0.445,0,0.36779,0.02531,0.29871,0.05937,0.22257,0.11385,0.14064,0.19073,0.08093,0.26583,0.0365,0.34948,0.00836,0.43813,0.00014,0.48948,0.00014,0.55948,0.00014,0.65323,0.01057,0.72458,0.03721,0.78854,0.07243,0.84833,0.12057,0.8976,0.17957,0.94479,0.2385,0.97729,0.31186,1,0.3945,1,0.47436,1,0.51457,0.99938,0.59007,0.97969,0.66414,0.95031,0.731,0.91135,0.79714,0.85885,0.84893,0.80646,0.90071,0.74458,0.9395,0.67854,0.97043,0.61031,0.99636,0.53281,1,0.47927,1,0.37344,1,0.33563,0.98414,0.25802,0.90336,0.31781,0.851,0.19604,0.75629,0.1125,0.61421,0.09979,0.49836,0.11427,0.35629,0.13979,0.23414,0.23969,0.15436,0.3851,0.107,0.56865,0.17679,0.75406,0.30264,0.84667,0.46093,0.87219,0.63414,0.8249,0.75007,0.74313,0.84979,0.625,0.88343,0.47052,0.76007,0.26698,0.65414,0.23063,0.54821,0.23969,0.44721,0.26698,0.33386,0.31063,0.27529,0.42323,0.289,0.57958,0.37121,0.705,0.57436,0.68865,0.73886,0.62135,0.79493,0.45417,0.70393,0.37417,0.618,0.35604,0.50457,0.38688,0.39864,0.4324,0.39986,0.545,0.517,0.545,0.63293,0.51229],"triangles":[71,73,70,71,72,73,72,64,73,73,64,65,73,65,74,70,73,74,69,70,74,69,74,68,74,65,66,65,54,66,65,53,54,51,24,25,64,51,52,51,25,52,52,25,26,52,26,27,64,52,65,52,27,28,52,28,53,65,52,53,53,28,29,53,29,30,53,30,54,54,30,31,54,31,32,16,17,49,17,18,49,14,15,49,15,16,49,12,13,48,13,14,48,14,49,48,19,20,50,49,19,50,20,21,50,12,48,11,18,19,49,11,48,47,21,22,50,47,48,62,48,49,62,49,50,63,62,49,63,50,22,51,22,23,51,47,62,61,51,23,24,63,50,51,63,51,64,63,64,72,62,63,72,71,62,72,61,62,71,10,11,47,10,47,9,9,47,46,9,46,8,47,61,46,46,61,60,61,71,60,8,46,7,46,60,45,7,46,45,60,71,70,7,45,6,45,60,59,60,70,59,59,70,69,6,45,44,45,59,44,5,6,44,59,69,58,44,59,58,5,44,4,44,58,43,4,44,43,58,69,68,58,68,57,4,43,3,43,58,57,57,68,67,68,74,67,74,66,67,43,57,42,2,43,42,3,43,2,66,54,55,67,66,55,67,55,56,55,54,32,55,32,33,67,56,41,57,67,41,42,57,41,2,42,1,55,33,34,42,41,0,1,42,0,56,55,35,55,34,35,0,41,40,56,35,36,56,36,37,38,56,37,41,56,38,39,41,38,40,41,39],"vertices":[1,10,8.52,-7.34,1,1,10,11.32,-4.76,1,1,10,13.97,-0.64,1,1,10,16.12,4.61,1,1,11,6.81,-14.82,1,1,11,6.81,-10.02,1,1,11,6.81,-4.71,1,1,11,6.81,1.41,1,1,11,5.71,6.27,1,1,11,4.24,10.62,1,1,11,1.88,15.42,1,1,8,18.82,4.06,1,1,8,15.58,7.83,1,1,8,11.97,10.62,1,1,8,8.14,12.4,1,1,8,5.92,12.91,1,1,8,2.89,12.91,1,1,8,-1.16,12.91,1,1,8,-4.24,12.26,1,1,8,-7,10.58,1,1,8,-9.59,8.36,1,1,8,-11.71,5.33,1,1,8,-13.75,1.61,1,1,8,-15.16,-2.1,1,2,8,-16.14,-6.72,0.42639,4,-7.91,12.84,0.57361,2,4,-7.91,7.63,0.72612,7,-15.45,9.02,0.27388,2,4,-7.91,2.6,0.78606,7,-15.45,3.99,0.21394,2,4,-7.88,0.07,0.79432,7,-15.42,1.46,0.20568,2,4,-7.03,-4.69,0.75743,7,-14.57,-3.3,0.24258,2,4,-5.76,-9.36,0.66552,7,-13.3,-7.97,0.33448,2,4,-4.08,-13.57,0.58518,7,-11.62,-12.18,0.41482,1,4,-1.81,-17.74,1,1,10,-17.71,-0.34,1,1,10,-15.03,-3.6,1,1,10,-12.18,-6.04,1,1,10,-9.23,-7.99,1,1,10,-5.88,-9.63,1,1,10,-3.57,-9.86,1,1,10,1,-9.86,1,1,10,2.63,-9.86,1,1,10,5.99,-8.86,1,1,10,3.4,-3.77,1,1,10,8.66,-0.47,1,1,10,12.27,5.5,1,1,11,2.49,-9.25,1,1,11,1.87,-1.95,1,1,11,0.76,7,1,2,11,-3.55,14.69,0.55293,8,16.71,-1.83,0.44707,1,8,10.43,3.2,1,1,8,2.5,6.18,1,1,8,-5.51,1.79,1,3,8,-9.51,-6.14,0.46767,4,-1.28,13.42,0.33041,7,-8.82,14.81,0.20192,2,4,-2.39,3.45,0.87426,7,-9.93,4.84,0.12574,2,4,-0.34,-7.47,0.6392,7,-7.88,-6.08,0.3608,3,10,-14.97,5.89,0.2905,4,3.19,-14.77,0.32989,7,-4.35,-13.38,0.37962,1,10,-9.87,-0.39,1,1,10,-3.19,-2.51,1,1,10,5.6,5.26,1,2,10,7.17,11.93,0.43379,11,-3.16,-11.77,0.56621,2,11,-3.55,-5.09,0.88719,7,17.4,-0.66,0.11281,2,11,-4.73,1.27,0.92505,7,16.22,5.7,0.07495,2,11,-6.62,8.41,0.68766,8,13.64,-8.11,0.31234,2,11,-11.48,12.1,0.25784,8,8.78,-4.42,0.74216,3,8,2.02,-5.28,0.81233,4,10.25,14.28,0.08474,7,2.71,15.67,0.10293,3,8,-3.39,-10.46,0.3142,4,4.84,9.1,0.36148,7,-2.7,10.49,0.32432,2,4,5.54,-3.7,0.17705,7,-2,-2.31,0.82295,3,10,-9.71,6.6,0.42235,4,8.45,-14.06,0.21734,7,0.91,-12.67,0.36031,1,10,-2.49,3.06,1,3,10,0.97,8.8,0.63542,11,-9.36,-14.9,0.16067,7,11.59,-10.47,0.20391,3,10,1.75,14.21,0.29408,11,-8.58,-9.49,0.3685,7,12.37,-5.06,0.33741,2,11,-9.91,-2.34,0.5491,7,11.04,2.09,0.4509,3,11,-11.88,4.33,0.3658,8,8.38,-12.19,0.26679,7,9.07,8.76,0.36742,4,11,-16.74,4.25,0.13135,8,3.52,-12.27,0.24044,4,11.75,7.29,0.20723,7,4.21,8.68,0.42098,3,11,-16.74,-3.13,0.05529,4,11.75,-0.09,0.11795,7,4.21,1.3,0.82675,3,10,-5,13.27,0.20557,4,13.16,-7.39,0.18328,7,5.62,-6,0.61115],"edges":[0,2,2,4,4,6,6,8,8,10,10,12,12,14,14,16,16,18,18,20,20,22,22,24,24,26,26,28,28,30,30,32,32,34,34,36,36,38,38,40,40,42,42,44,44,46,46,48,48,50,50,52,52,54,54,56,56,58,58,60,60,62,62,64,64,66,66,68,68,70,70,72,72,74,74,76,76,78,78,80,80,0]}},"teng":{"04_xiguatoushou/teng":{"x":9.13,"y":0.77,"rotation":-152.36,"width":26,"height":18}},"xiaogua":{"04_xiguatoushou/xiaogua":{"rotation":-90,"width":36,"height":42}},"yezi0":{"04_xiguatoushou/yezi0":{"x":11.62,"y":-1,"rotation":141.82,"width":23,"height":18}},"yezi1":{"04_xiguatoushou/yezi1":{"x":11.89,"y":0.73,"rotation":9.58,"width":26,"height":12}},"yezi2":{"04_xiguatoushou/yezi2":{"x":12.02,"y":1.73,"rotation":-3.77,"width":24,"height":10}},"yezi3":{"04_xiguatoushou/yezi3":{"x":10.3,"y":0.05,"rotation":166.79,"width":23,"height":11}},"zhe":{"04_xiguatoushou/zhe":{"x":12.55,"y":2.16,"rotation":-156.8,"width":48,"height":32}}}}],"events":{"gongji":{}},"animations":{"daiji":{"bones":{"yezi1":{"rotate":[{"angle":18.62},{"time":0.25,"angle":-7.99,"curve":"stepped"},{"time":0.75,"angle":-7.99},{"time":1,"angle":15.75}]},"yezi0":{"rotate":[{"time":0.25},{"time":0.5,"angle":-20.22},{"time":0.75}]},"yezi2":{"rotate":[{"angle":2.01},{"time":0.125,"angle":6.24},{"time":0.375,"angle":-18.13,"curve":"stepped"},{"time":0.875,"angle":-18.13},{"time":1,"angle":2.01}]},"yezi3":{"rotate":[{"angle":10.66,"curve":"stepped"},{"time":0.25,"angle":10.66},{"time":0.5,"angle":-17.78},{"time":0.9167,"angle":10.66}]},"shenti":{"rotate":[{"angle":4.69},{"time":0.25,"angle":-4.78},{"time":0.5,"angle":-6.04},{"time":0.75,"angle":-0.05},{"time":1,"angle":4.69}]},"meimao":{"translate":[{"x":-0.34,"y":-1.55},{"time":0.25,"x":-0.95,"y":-4.76},{"time":0.5,"x":1.92,"y":-7.49},{"time":0.75,"x":-0.95,"y":-4.76},{"time":1,"x":-0.34,"y":-1.55}]},"teng":{"rotate":[{"angle":3},{"time":0.25,"angle":19.48},{"time":0.5,"angle":5.17},{"time":0.75,"angle":-7.1},{"time":1,"angle":3}],"translate":[{},{"time":0.25,"x":-0.77,"y":-1.26},{"time":0.5,"x":-1.53,"y":-2.52},{"time":0.75,"x":-0.77,"y":-1.26},{"time":1}],"scale":[{},{"time":0.25,"x":0.9},{"time":0.5,"x":0.8},{"time":0.75,"x":0.9},{"time":1}]},"xiaogua":{"translate":[{"x":1.73,"y":-0.09},{"time":0.5,"x":3.55,"y":-0.57},{"time":1,"x":1.73,"y":-0.09}]},"shenti1":{"translate":[{"x":1.47,"y":1.06},{"time":0.25,"x":-0.51,"y":-1.63},{"time":0.5,"x":2.19,"y":-3.8},{"time":0.75,"x":-0.51,"y":-1.63},{"time":1,"x":1.47,"y":1.06}]},"shenti2":{"translate":[{"x":-1.54,"y":2.25},{"time":0.25,"x":-1.05,"y":-0.36},{"time":0.5,"x":2.54,"y":-5.44},{"time":0.75,"x":-1.05,"y":-0.36},{"time":1,"x":-1.54,"y":2.25}]},"shenti3":{"rotate":[{},{"time":0.25,"angle":-2.4},{"time":0.5,"angle":-4.79},{"time":0.75,"angle":-2.4},{"time":1}],"translate":[{"x":-0.58,"y":3.15},{"time":0.25,"x":-1.62,"y":1.95},{"time":0.5,"x":0.78,"y":-1.48},{"time":0.75,"x":-2.62,"y":1.99},{"time":1,"x":-0.58,"y":3.15}]},"shenti4":{"rotate":[{},{"time":0.25,"angle":-2.29},{"time":0.5,"angle":-4.58},{"time":0.75,"angle":-2.29},{"time":1}],"translate":[{"x":-0.2,"y":3.42},{"time":0.25,"x":-1.43,"y":-0.68},{"time":0.5,"x":1.92,"y":-4.3},{"time":0.75,"x":-1.86,"y":0.83},{"time":1,"x":-0.2,"y":3.42}]}},"deform":{"default":{"shenti":{"04_xiguatoushou/shenti":[{"vertices":[-1.03,0,-0.93,0.08,0,0,0,0,0,0,-0.2,0.34,-0.14,0.57,-1.11,0.58,-1.05,0.86,-0.43,1.11,-0.51,0.81,-0.89,0.52,-0.88,0.24,-0.41,0.4,-0.52,0.16,-0.4,0.08,-0.52,0.14,-0.23,0.04,-0.28,0.06,-0.55,-0.18,-1.06,-0.31,-1.43,-0.57,-0.98,-0.87,-1.3,-0.88,-1.65,-0.55,-1.65,-0.55,0,0,0,0,0,0,0,0,0,0,0,0,0.69,-0.26,0.29,-0.27,0.04,-0.01,-0.5,-0.23,-0.87,-0.05,-0.81,0.5,-0.97,-0.63,-1.31,0.23,-1.15,0.12,0,0,0,0,0,0,0,0,-0.92,0.49,-0.56,1.15,-0.9,1.01,-1.77,1.37,-1.41,0.9,0,0,0,0,0,0,0,0,0,0,0,0,0,0,0,0,0,0,-0.82,0.14,-0.82,0.14,-0.82,0.14,-0.81,0.27,-0.81,0.27]},{"time":0.25,"offset":6,"vertices":[0.58,0.13,0.33,0.14,0.53,0.13,0.38,-0.02,0.25,-0.33,0.52,-0.36,0.68,-0.3,0.62,-0.21,0.23,0.07,0,0,0,0,0,0,0,0,0,0,0,0,0,0,0,0,0,0,-0.17,-0.23,-0.1,-0.32,0.23,-0.19,0.95,-0.29,0.95,-0.29,0,0,0,0,0,0,0,0,0,0,0,0,0,0,0,0,0,0,0,0,0,0,0,0,0,0,0,0,0,0,0,0,0,0,0,0,0,0,-0.46,0.25,-0.07,0.35]},{"time":0.5,"vertices":[0.91,0.06,1.34,0.19,1.47,1.07,4.06,0.5,1.79,1.33,1.19,1.78,0.6,1.66,0.03,1.13,0.34,1.23,-0.06,0.74,0,0,0,0,0,0,0.39,-0.02,0.56,0.14,0.58,-0.03,0.32,0.03,0.47,0.07,0.61,0.06,0.56,0.07,0.41,0.02,0,0,0.15,-0.46,-1.13,-0.25,1.11,0.38,1.92,0.55,1.19,0.28,1.19,0.28,0,0,0,0,0.42,-0.26,0.42,-0.26,1.78,-0.28,0.97,-0.37,0.96,-0.13,0.6,0,0.13,-0.79,0.42,-0.17,0.33,-0.75,0.21,0.04,0.27,0.05,0,0,1.47,0.77,0.95,1.68,1.98,1.79,0.67,1.91,0.43,1.15,0,0,0,0,0,0,0,0,-0.37,-0.69,0,0,0,0,0.45,0.04,0.74,0,0,0,2.02,0.5,2.11,2.1,1.86,0.96,1.86,0.96,1.86,0.96,0,0,0,0,0,0,0,0,0.74,-0.35,0.74,-0.35,0.74,-0.35]},{"time":0.75,"offset":6,"vertices":[0.58,0.13,0.33,0.14,0.53,0.13,0.75,0.21,0.25,-0.33,0.52,-0.36,0.68,-0.3,0.62,-0.21,0.23,0.07,0,0,0,0,0,0,0,0,0,0,0,0,0,0,0,0,0,0,-0.17,-0.23,-0.1,-0.32,-0.32,-0.38,0.38,-0.36,1.05,-0.58,-0.11,-0.24,0.58,-0.17,0,0,0,0,0.22,-0.32,0.22,-0.32,0.47,-0.15,0.47,-0.15,0,0,0,0,0,0,0,0,0,0,0,0,0,0,0,0,0,0,0,0,0,0,-0.46,0.25,-0.07,0.35,0,0,0,0,0,0,0,0,0.23,-0.6]},{"time":1,"vertices":[-1.03,0,-0.93,0.08,-0.12,-0.1,0,0,0,0,-0.2,0.34,-0.14,0.57,-1.11,0.58,-1.05,0.86,-0.43,1.11,-0.51,0.81,-0.89,0.52,-0.88,0.24,-0.41,0.4,-0.52,0.16,-0.4,0.08,-0.52,0.14,-0.23,0.04,-0.28,0.06,-0.55,-0.18,-1.06,-0.31,-1.43,-0.57,-0.98,-0.87,-1.3,-0.88,-1.65,-0.55,-1.65,-0.55,0,0,0,0,0,0,0,0,0,0,0,0,0.69,-0.26,0.29,-0.27,0.04,-0.01,-0.5,-0.23,-0.87,-0.05,-0.81,0.5,-0.97,-0.63,-1.31,0.23,-1.15,0.12,0,0,0,0,0,0,0,0,-0.92,0.49,-0.56,1.15,-0.9,1.01,-1.77,1.37,-1.41,0.9,0,0,0,0,0,0,0,0,0,0,0,0,0,0,0,0,0,0,-0.82,0.14,-0.82,0.14,-0.82,0.14,-0.81,0.27,-0.81,0.27]}]}}}},"gongji":{"slots":{"xiaogua":{"color":[{"time":0.4583,"color":"ffffffff"},{"time":0.5,"color":"ffffff00","curve":"stepped"},{"time":1,"color":"ffffff00"},{"time":1.1667,"color":"ffffffff"}]}},"bones":{"xiaogua":{"rotate":[{"time":0.8333},{"time":1,"angle":-174.27},{"time":1.0833,"angle":-103.21},{"time":1.125,"angle":-67.68},{"time":1.1667}],"translate":[{"x":1.73,"y":-0.09,"curve":"stepped"},{"time":0.1667,"x":1.73,"y":-0.09},{"time":0.8333,"x":1.48,"y":-7.51},{"time":1,"x":1.42,"y":-9.36},{"time":1.0833,"x":8.27,"y":-10.33},{"time":1.125,"x":5,"y":-5.21},{"time":1.1667,"x":1.73,"y":-0.09}]},"yezi1":{"rotate":[{"angle":-7.99}],"scale":[{"time":0.1667},{"time":0.4167,"x":0.9,"y":0.9},{"time":0.5,"x":1.2,"y":1.2},{"time":0.625}]},"yezi0":{"scale":[{"time":0.1667},{"time":0.4167,"x":0.9,"y":0.9},{"time":0.5,"x":1.3,"y":1.3},{"time":0.5833}]},"yezi2":{"rotate":[{"angle":-18.13}],"scale":[{"time":0.1667},{"time":0.4167,"x":0.9,"y":0.9},{"time":0.5,"x":1.2,"y":1.2},{"time":0.6667}]},"yezi3":{"rotate":[{"angle":10.66}],"scale":[{"time":0.1667},{"time":0.4167,"x":0.9,"y":0.9},{"time":0.5,"x":1.2,"y":1.2},{"time":0.625}]},"shenti":{"rotate":[{"angle":-4.78},{"time":0.1667,"angle":4.69,"curve":"stepped"},{"time":0.4167,"angle":4.69},{"time":0.4583,"angle":-4.78}],"scale":[{"time":0.4167},{"time":0.4583,"x":1.02,"y":1.02},{"time":0.5,"x":1.05,"y":1.05},{"time":0.5833},{"time":0.6667,"x":1.05,"y":1.05},{"time":1}]},"meimao":{"rotate":[{"time":0.4583},{"time":0.5417,"angle":-3.95},{"time":0.625}],"translate":[{"x":-0.34,"y":-1.55},{"time":0.1667,"x":12.63,"y":6},{"time":0.4167,"x":14.11,"y":6.55},{"time":0.4583,"x":-6.86,"y":-3.89},{"time":0.5417,"x":4.06,"y":-2.85},{"time":0.625,"x":-0.34,"y":-1.55}]},"teng":{"rotate":[{"angle":3},{"time":0.1667,"angle":31.52,"curve":"stepped"},{"time":0.4167,"angle":31.52},{"time":0.5,"angle":-72.5},{"time":0.5833,"angle":-37.32},{"time":0.6667,"angle":-72.5},{"time":0.75,"angle":-37.32},{"time":0.8333,"angle":-72.5},{"time":1,"angle":15.93},{"time":1.0833,"angle":24.15},{"time":1.1667,"angle":3}]},"zhe":{"rotate":[{"time":0.1667},{"time":0.4167,"angle":-20.02},{"time":0.5,"angle":-5.2,"curve":"stepped"},{"time":0.5833,"angle":-5.2},{"time":0.6667,"angle":-33.42},{"time":0.75,"angle":-5.2},{"time":0.8333,"angle":-23.28},{"time":1,"angle":32.79},{"time":1.0833,"angle":-23.12},{"time":1.1667}]},"shenti1":{"translate":[{"x":1.47,"y":1.06}]},"shenti2":{"translate":[{"x":-1.54,"y":2.25}]},"shenti3":{"translate":[{"x":-0.58,"y":3.15}]},"shenti4":{"translate":[{"x":-0.2,"y":3.42}]},"meimao1":{"translate":[{},{"time":0.2083,"x":1.46,"y":-0.04},{"time":0.25}]},"eye1":{"rotate":[{},{"time":0.1667,"angle":27.57},{"time":0.5833}]}},"deform":{"default":{"shenti":{"04_xiguatoushou/shenti":[{"vertices":[-1.03,0,-0.93,0.08,0,0,0,0,0,0,-0.2,0.34,-0.14,0.57,-1.11,0.58,-1.05,0.86,-0.43,1.11,-0.51,0.81,-0.89,0.52,-0.88,0.24,-0.41,0.4,-0.52,0.16,-0.4,0.08,-0.52,0.14,-0.23,0.04,-0.28,0.06,-0.55,-0.18,-1.06,-0.31,-1.43,-0.57,-0.98,-0.87,-1.3,-0.88,-1.65,-0.55,-1.65,-0.55,0,0,0,0,0,0,0,0,0,0,0,0,0.69,-0.26,0.29,-0.27,0.04,-0.01,-0.5,-0.23,-0.87,-0.05,-0.81,0.5,-0.97,-0.63,-1.31,0.23,-1.15,0.12,0,0,0,0,0,0,0,0,-0.92,0.49,-0.56,1.15,-0.9,1.01,-1.77,1.37,-1.41,0.9,0,0,0,0,0,0,0,0,0,0,0,0,0,0,0,0,0,0,-0.82,0.14,-0.82,0.14,-0.82,0.14,-0.81,0.27,-0.81,0.27]},{"time":0.1667,"curve":"stepped","vertices":[-1.03,0,-0.93,0.08,-0.12,-0.1,0,0,0,0,-0.2,0.34,-0.14,0.57,-1.11,0.58,-1.05,0.86,-0.43,1.11,-0.51,0.81,-0.89,0.52,-0.88,0.24,-0.41,0.4,-0.52,0.16,-0.4,0.08,-0.52,0.14,-0.23,0.04,-0.28,0.06,-0.55,-0.18,-1.06,-0.31,-1.43,-0.57,-0.98,-0.87,-1.3,-0.88,-1.65,-0.55,-1.65,-0.55,0,0,0,0,0,0,0,0,0,0,0,0,0.69,-0.26,0.29,-0.27,0.04,-0.01,-0.5,-0.23,-0.87,-0.05,-0.81,0.5,-0.97,-0.63,-1.31,0.23,-1.15,0.12,0,0,0,0,0,0,0,0,-0.92,0.49,-0.56,1.15,-0.9,1.01,-1.77,1.37,-1.41,0.9,0,0,0,0,0,0,0,0,0,0,0,0,0,0,0,0,0,0,-0.82,0.14,-0.82,0.14,-0.82,0.14,-0.81,0.27,-0.81,0.27]},{"time":0.4167,"vertices":[-1.03,0,-0.93,0.08,-0.12,-0.1,0,0,0,0,-0.2,0.34,-0.14,0.57,-1.11,0.58,-1.05,0.86,-0.43,1.11,-0.51,0.81,-0.89,0.52,-0.88,0.24,-0.41,0.4,-0.52,0.16,-0.4,0.08,-0.52,0.14,-0.23,0.04,-0.28,0.06,-0.55,-0.18,-1.06,-0.31,-1.43,-0.57,-0.98,-0.87,-1.3,-0.88,-1.65,-0.55,-1.65,-0.55,0,0,0,0,0,0,0,0,0,0,0,0,0.69,-0.26,0.29,-0.27,0.04,-0.01,-0.5,-0.23,-0.87,-0.05,-0.81,0.5,-0.97,-0.63,-1.31,0.23,-1.15,0.12,0,0,0,0,0,0,0,0,-0.92,0.49,-0.56,1.15,-0.9,1.01,-1.77,1.37,-1.41,0.9,0,0,0,0,0,0,0,0,0,0,0,0,0,0,0,0,0,0,-0.82,0.14,-0.82,0.14,-0.82,0.14,-0.81,0.27,-0.81,0.27]},{"time":0.4583,"vertices":[-1.03,0,-0.93,0.08,0,0,0,0,0,0,-0.2,0.34,-0.14,0.57,-1.11,0.58,-1.05,0.86,-0.43,1.11,-0.51,0.81,-0.89,0.52,-0.88,0.24,-0.41,0.4,-0.52,0.16,-0.4,0.08,-0.52,0.14,-0.23,0.04,-0.28,0.06,-0.55,-0.18,-1.06,-0.31,-1.43,-0.57,-0.98,-0.87,-1.3,-0.88,-1.65,-0.55,-1.65,-0.55,0,0,0,0,0,0,0,0,0,0,0,0,0.69,-0.26,0.29,-0.27,0.04,-0.01,-0.5,-0.23,-0.87,-0.05,-0.81,0.5,-0.97,-0.63,-1.31,0.23,-1.15,0.12,0,0,0,0,0,0,0,0,-0.92,0.49,-0.56,1.15,-0.9,1.01,-1.77,1.37,-1.41,0.9,0,0,0,0,0,0,0,0,0,0,0,0,0,0,0,0,0,0,-0.82,0.14,-0.82,0.14,-0.82,0.14,-0.81,0.27,-0.81,0.27]}]}}},"events":[{"time":0.5,"name":"gongji"}]}}},[0]]],0,0,[0],[-1],[0]]