[1,["7c85xIa0JL/aaxZX3f7R49","7a/QZLET9IDreTiBfRn2PD","0129cMkNVLAL69pjdxARey"],["root","spineAnimation","node","data","_N$skeletonData"],[["cc.PrefabInfo",["fileId","root","asset"],2,1,1],["sp.SkeletonData",["_name","_atlasText","textureNames","_skeletonJson","textures"],-1,3],["cc.Prefab",["_name"],2],["cc.Node",["_name","_children","_components","_prefab","_contentSize"],2,2,9,4,5],["cc.Node",["_name","_parent","_components","_prefab","_contentSize"],2,1,2,4,5],["42f77b1njtIFLkVhJG239kv",["node","spineAnimation"],3,1,1],["sp.Skeleton",["defaultSkin","defaultAnimation","_preCacheMode","timeScale","_animationName","node","_materials"],-2,1,3]],[[1,0,1,2,3,4,5],[2,0,2],[3,0,1,2,3,4,2],[4,0,1,2,3,4,2],[5,0,1,1],[0,1,2,1],[0,0,1,2,2],[6,0,1,2,3,4,5,6,6]],[[[[0,"01FX_Sunlight","\n01FX_Sunlight.png\nsize: 256,128\nformat: RGBA8888\nfilter: Linear,Linear\nrepeat: none\nSunlight1\n  rotate: false\n  xy: 117, 3\n  size: 34, 34\n  orig: 42, 42\n  offset: 4, 4\n  index: -1\nSunlight2\n  rotate: false\n  xy: 117, 39\n  size: 76, 80\n  orig: 78, 82\n  offset: 1, 1\n  index: -1\nSunlight3\n  rotate: true\n  xy: 2, 2\n  size: 117, 113\n  orig: 123, 119\n  offset: 3, 3\n  index: -1\n",["01FX_Sunlight.png"],{"skeleton":{"hash":"LO5PTQfZjv564mKtwIY+aXY/LfE","spine":"3.8.99","x":-61.5,"y":-59.5,"width":123,"height":119},"bones":[{"name":"root"},{"name":"Sunlight","parent":"root"},{"name":"Sunlight1","parent":"Sunlight"},{"name":"Sunlight3","parent":"Sunlight"},{"name":"Sunlight2","parent":"Sunlight"}],"slots":[{"name":"Sunlight3","bone":"Sunlight3","attachment":"Sunlight3"},{"name":"Sunlight2","bone":"Sunlight2","attachment":"Sunlight2"},{"name":"Sunlight1","bone":"Sunlight1","attachment":"Sunlight1"}],"skins":[{"name":"default","attachments":{"Sunlight1":{"Sunlight1":{"width":42,"height":42}},"Sunlight2":{"Sunlight2":{"width":78,"height":82}},"Sunlight3":{"Sunlight3":{"width":123,"height":119}}}}],"animations":{"idle":{"slots":{"Sunlight2":{"color":[{"color":"ffffffff"},{"time":0.1333,"color":"ffffff8d"},{"time":0.2333,"color":"ffffffff"},{"time":0.3667,"color":"ffffff8d"},{"time":0.5,"color":"ffffffff"}]},"Sunlight3":{"color":[{"color":"ffffff82"},{"time":0.2333,"color":"ffffffc8"},{"time":0.5,"color":"ffffff82"}]}},"bones":{"Sunlight2":{"rotate":[{},{"time":0.5,"angle":-35.88}],"scale":[{"x":1.27,"y":1.27},{"time":0.2333,"x":0.857,"y":0.857},{"time":0.5,"x":1.27,"y":1.27}]},"Sunlight3":{"rotate":[{},{"time":0.5,"angle":-35.67}],"scale":[{"x":0.918,"y":0.918},{"time":0.2333,"x":1.129,"y":1.129},{"time":0.5,"x":0.918,"y":0.918}]}}}}},[0]]],0,0,[0],[-1],[0]],[[[1,"Sun"],[2,"Sun",[-4],[[4,-3,-2]],[5,-1,0],[5,100,100]],[3,"01FX_Sunlight",1,[-5],[6,"65MfqjfzBO44pqu6w8CMa9",1,0],[5,123,119]],[7,"default","idle",0,0.5,"idle",2,[0]]],0,[0,0,1,0,1,3,0,2,1,0,-1,2,0,-1,3,0,3,1,5],[0,3],[-1,4],[1,2]]]]