[1,["fd3HA2rQlLwbS/sxb8akJw","e3Na6WdjJK9LpgWa8SaKIQ","2a7kRevBlEs7HWQhjGxoyN"],["root","body","animation","node","data","_N$skeletonData"],[["cc.Node",["_name","_groupIndex","_parent","_components","_prefab","_contentSize"],1,1,2,4,5],["cc.PrefabInfo",["fileId","root","asset"],2,1,1],["sp.SkeletonData",["_name","_atlasText","textureNames","_skeletonJson","textures"],-1,3],["cc.Prefab",["_name"],2],["cc.Node",["_name","_children","_components","_prefab","_trs"],2,2,12,4,7],["220957hlOBIzLEXNVfa0prp",["node","animation","body"],3,1,1,1],["cc.BoxCollider",["node","_offset","_size"],3,1,5,5],["96c396uvMtPhLUJFoRD9JmK",["node","body"],3,1,1],["sp.Skeleton",["defaultSkin","defaultAnimation","_preCacheMode","_animationName","node","_materials"],-1,1,3],["261d4+Q1HdGA5w3tjdBw83c",["activeFlash","node","spineAnimation"],2,1,1]],[[1,0,1,2,2],[2,0,1,2,3,4,5],[3,0,2],[4,0,1,2,3,4,2],[0,0,1,2,3,4,3],[0,0,2,3,4,5,2],[5,0,1,2,1],[1,1,2,1],[6,0,1,2,1],[7,0,1,1],[8,0,1,2,3,4,5,5],[9,0,1,2,2]],[[[[1,"28_plant","\n28_plant.png\nsize: 256,256\nformat: RGBA8888\nfilter: Linear,Linear\nrepeat: none\nbody\n  rotate: false\n  xy: 222, 83\n  size: 20, 60\n  orig: 22, 62\n  offset: 1, 1\n  index: -1\nhead1\n  rotate: false\n  xy: 159, 90\n  size: 61, 53\n  orig: 63, 55\n  offset: 1, 1\n  index: -1\nhead2\n  rotate: true\n  xy: 195, 61\n  size: 27, 25\n  orig: 29, 27\n  offset: 1, 1\n  index: -1\nhead3\n  rotate: false\n  xy: 159, 64\n  size: 34, 24\n  orig: 36, 26\n  offset: 1, 1\n  index: -1\nleaf\n  rotate: false\n  xy: 2, 2\n  size: 155, 141\n  orig: 157, 143\n  offset: 1, 1\n  index: -1\ntu\n  rotate: false\n  xy: 159, 51\n  size: 21, 11\n  orig: 23, 13\n  offset: 1, 1\n  index: -1\n",["28_plant.png"],{"skeleton":{"hash":"NJXnYdbfjpl0nIbgP+YXfYc+0CQ","spine":"3.8.99","x":-59.01,"y":-3.78,"width":109.83,"height":112.98},"bones":[{"name":"root"},{"name":"plant","parent":"root","scaleX":0.21,"scaleY":0.21},{"name":"tu","parent":"plant","x":16.05,"y":0.61},{"name":"body","parent":"plant","length":196.06,"rotation":102.12,"x":20.06,"y":4.96},{"name":"head1","parent":"body","rotation":102.12,"x":236.22,"y":-14.92,"scaleX":0.21,"scaleY":0.21,"transform":"onlyTranslation"},{"name":"leaf","parent":"head1","rotation":102.12,"scaleX":0.21,"scaleY":0.21,"transform":"onlyTranslation"}],"slots":[{"name":"body","bone":"body","attachment":"body"},{"name":"tu","bone":"tu","attachment":"tu"},{"name":"leaf","bone":"leaf","attachment":"leaf"},{"name":"head1","bone":"head1","attachment":"head1"},{"name":"head2","bone":"head1","attachment":"head2"}],"skins":[{"name":"default","attachments":{"body":{"body":{"x":99.34,"y":2.77,"rotation":-102.12,"width":73,"height":207}},"head1":{"head1":{"x":2.8,"y":6.1,"rotation":-102.12,"width":211,"height":183}},"head2":{"head2":{"x":3.64,"y":2.85,"rotation":-102.12,"width":97,"height":90},"head3":{"x":2.8,"y":6.1,"rotation":-102.12,"width":121,"height":87}},"leaf":{"leaf":{"x":42.47,"y":-4.46,"rotation":-102.12,"width":523,"height":477}},"tu":{"tu":{"x":-4.55,"y":3.39,"width":75,"height":44}}}}],"events":{"attack":{}},"animations":{"attack1":{"slots":{"head2":{"attachment":[{"time":0.6333,"name":"head3"}]}},"bones":{"tu":{"scale":[{},{"time":0.4,"x":1.021,"y":0.957},{"time":0.6333,"y":1.034},{"time":0.8}],"shear":[{},{"time":0.4,"y":7.78},{"time":0.6333,"y":-8.01},{"time":0.8}]},"body":{"rotate":[{},{"time":0.4,"angle":26.3},{"time":0.6333,"angle":-34.89}],"scale":[{},{"time":0.4,"x":0.923},{"time":0.6333,"x":1.222}]},"head1":{"translate":[{"time":0.4},{"time":0.6333,"x":-9.93,"y":43.16}],"scale":[{"time":0.4},{"time":0.6333,"x":0.995,"y":0.995},{"time":0.8,"x":1.226,"y":1.226}]},"leaf":{"rotate":[{"time":0.6333},{"time":0.6667,"angle":-73.95},{"time":0.7333,"angle":-150.23},{"time":0.8333,"angle":79.52},{"time":0.9,"angle":38.98},{"time":0.9667,"angle":-26.31},{"time":1.0333,"angle":-87.28},{"time":1.0667,"angle":39.72},{"time":1.1333,"angle":-1.73}],"translate":[{"time":0.6333},{"time":0.6667,"x":7.79,"y":2.58},{"time":0.7333,"x":5.99,"y":3.53},{"time":0.8,"x":-8.01,"y":2.8}],"scale":[{"time":0.6333},{"time":0.6667,"x":1.103,"y":1.103},{"time":0.7333,"x":1.206,"y":1.206},{"time":0.8,"x":1.31,"y":1.31},{"time":0.9667,"x":1.436,"y":1.436},{"time":1.1333,"x":1.343,"y":1.343}]}},"events":[{"time":0.8,"name":"attack"}]},"attack2":{"slots":{"head2":{"attachment":[{"name":"head3"}]}},"bones":{"body":{"rotate":[{"angle":-34.89}],"scale":[{"x":1.222}]},"head1":{"translate":[{"x":-9.93,"y":43.16}],"scale":[{"x":1.226,"y":1.226}]},"leaf":{"rotate":[{"angle":-1.73},{"time":0.1667,"angle":-118.57},{"time":0.3333,"angle":119.65},{"time":0.5,"angle":-1.73}],"translate":[{"x":-8.01,"y":2.8},{"time":0.1667,"x":-0.81,"y":19.42},{"time":0.3333,"x":-2.92,"y":1.1},{"time":0.5,"x":-8.01,"y":2.8}],"scale":[{"x":1.343,"y":1.343},{"time":0.1667,"x":1.44,"y":1.44},{"time":0.3333,"x":1.425,"y":1.425},{"time":0.5,"x":1.343,"y":1.343}]}}},"idle":{"bones":{"tu":{"scale":[{},{"time":0.2667,"x":0.991,"y":1.085},{"time":0.5333},{"time":0.8,"x":0.991,"y":1.085},{"time":1.0667},{"time":1.3333,"x":0.991,"y":1.085},{"time":1.6},{"time":1.8667,"x":0.991,"y":1.085},{"time":2.1333}]},"body":{"rotate":[{"time":1.0667},{"time":1.3333,"angle":-6.86},{"time":1.6,"angle":-46.53},{"time":1.8667,"angle":-28.5},{"time":2.1333}],"scale":[{},{"time":0.2667,"x":1.247},{"time":0.5333,"x":1.114,"y":1.114},{"time":0.8,"x":1.245,"y":1.245},{"time":1.0667},{"time":1.3333,"x":1.129},{"time":1.6,"x":0.937},{"time":1.8667,"x":1.182},{"time":2.1333}],"shear":[{},{"time":0.2667,"x":13.06},{"time":0.5333,"x":25.11},{"time":0.8,"x":13.66},{"time":1.0667},{"time":1.3333,"x":-18.45},{"time":1.6},{"time":1.8667,"x":3.53},{"time":2.1333}]},"head1":{"translate":[{"time":0.5333},{"time":0.8,"x":4.78,"y":-3.87},{"time":1.0667},{"time":1.3333,"x":21.91,"y":34.28},{"time":1.6,"x":-9.98,"y":70.93},{"time":1.8667,"x":2.76,"y":30.79},{"time":2.1333}]},"leaf":{"translate":[{},{"time":0.1333,"x":-12.63,"y":4.67},{"time":0.2667,"x":3.35,"y":-4.19},{"time":0.4,"x":16.83,"y":-10.43},{"time":0.5333},{"time":0.6667,"x":-23.2,"y":2.44},{"time":0.8},{"time":0.9333,"x":9.61,"y":1.33},{"time":1.0667},{"time":1.2,"x":-23.55,"y":0.82},{"time":1.3333},{"time":1.4667,"x":18.06,"y":1.21},{"time":1.6},{"time":1.7333,"x":-14.98,"y":9.15},{"time":1.8667},{"time":2,"x":14.52,"y":-7.36},{"time":2.1333}]}}}}},[0]]],0,0,[0],[-1],[0]],[[[2,"Blover"],[3,"Blover",[-6,-7],[[-2,[6,-5,-4,-3]],1,4],[7,-1,0],[-494,-293,0,0,0,0,1,1,1,1]],[4,"bodyC",5,1,[-8,-9],[0,"ccIn+bsw9N+bdJqzxK7SkN",1,0]],[8,2,[0,0,70],[5,100,140]],[9,2,3],[5,"28_plant",1,[-10],[0,"aas+FuJNVAY6jM5UJ7MTHc",1,0],[5,109.83,112.98]],[10,"default","attack1",0,"attack1",5,[0]],[11,true,1,6]],0,[0,0,1,0,-1,7,0,1,4,0,2,7,0,3,1,0,-1,2,0,-2,5,0,-1,3,0,-2,4,0,-1,6,0,4,1,10],[0,6],[-1,5],[1,2]]]]