[1,["15c82d3d1","d61C/zuQVIGJ7IAWakUXS9","ecpdLyjvZBwrvm+cedCcQy","c146dB8uhO7bw2O9c5bncF","0bpC+S5BVLj7eDyh2fP9Da","0dC1fzmB1MR5DCYB4apmF0","b5WuMF+lNCy7zc5a9qSGuQ"],["_textureSetter","node","root","shovelNode","data","_spriteFrame"],["cc.SpriteFrame",["cc.Node",["_name","_components","_prefab","_children","_parent","_contentSize","_anchorPoint","_trs","_eulerAngles"],2,9,4,2,1,5,5,7,5],["cc.PrefabInfo",["fileId","root","asset"],2,1,1],["cc.Prefab",["_name"],2],["180dahVd7hG1a5MYuVZoAx0",["node","shovelNode","shovelSpri"],3,1,1,3],["cc.Sprite",["node","_materials","_spriteFrame"],3,1,3,6]],[[3,0,2],[1,0,3,1,2,2],[1,0,4,1,2,5,6,7,8,2],[4,0,1,2,1],[2,1,2,1],[2,0,1,2,2],[5,0,1,2,1]],[[[[0,"ShovelEffect"],[1,"ShovelEffect",[-4],[[3,-3,-2,[2,3,4,5,6]]],[4,-1,0]],[2,"Shovel",1,[[6,-5,[0],1]],[5,"62SK2Z0ABFgpqDyQBAPrqY",1,0],[5,200,100],[0,0,0.5],[6,-5,0,0,0,0.42261826174069944,0.9063077870366499,0.8,0.8,1],[1,0,0,50]]],0,[0,2,1,0,3,2,0,1,1,0,-1,2,0,1,2,0,4,1,5],[0,0,0,0,0,0,0],[-1,5,-1,-2,-3,-4,-5],[2,1,1,3,4,5,6]],[[{"name":"Shovel_2","rect":[560,149,199,102],"offset":[0,0],"originalSize":[205,102],"capInsets":[0,0,0,0]}],[0],0,[0],[0],[0]],[[{"name":"Shovel_3","rect":[560,257,199,102],"offset":[0,0],"originalSize":[205,102],"capInsets":[0,0,0,0]}],[0],0,[0],[0],[0]],[[{"name":"Shovel_4","rect":[765,462,161,102],"offset":[1,0],"originalSize":[205,102],"rotated":1,"capInsets":[0,0,0,0]}],[0],0,[0],[0],[0]],[[{"name":"Shovel_1","rect":[560,365,199,102],"offset":[0,0],"originalSize":[205,102],"capInsets":[0,0,0,0]}],[0],0,[0],[0],[0]]]]