[1,["ecpdLyjvZBwrvm+cedCcQy","19d482d94","1aEvyObFZNtqWkapoFN6O1","5bheaowv9Nv4sUQJHivr8k","8bTJbJxeRNupvQhP4MKZRt","64IAHuwOJCoJnLhhQ/vaak","f5DBrS0oJM4oj7Ur1ZcwhH","9ceCns4bNP45WT2tfQKj92","1314782d5"],["node","_spriteFrame","_textureSetter","root","node_redTip","node_isSelect","equipImg","itemBg","nullBg","data"],[["cc.Node",["_name","_components","_prefab","_contentSize","_parent","_children","_trs"],2,9,4,5,1,2,7],"cc.SpriteFrame",["cc.Sprite",["_sizeMode","node","_materials","_spriteFrame"],2,1,3,6],["cc.PrefabInfo",["fileId","root","asset"],2,1,1],["cc.Prefab",["_name"],2],["cc.Node",["_name","_parent","_components","_prefab","_contentSize","_trs"],2,1,2,4,5,7],["cd27bNbfP1KRZ6CZpVn1R3T",["node","nullBg","itemBg","equipImg","node_isSelect","node_redTip"],3,1,1,1,1,1,1]],[[3,0,1,2,2],[2,1,2,3,1],[0,0,4,1,2,3,6,2],[4,0,2],[0,0,5,1,2,3,6,2],[0,0,4,5,1,2,3,2],[0,0,4,5,1,2,3,6,2],[0,0,4,1,2,3,2],[5,0,1,2,3,4,5,2],[2,0,1,2,3,2],[2,1,2,1],[6,0,1,2,3,4,5,1],[3,1,2,1]],[[[{"name":"equip_4","rect":[518,924,96,96],"offset":[0,0],"originalSize":[96,96],"capInsets":[0,0,0,0]}],[1],0,[0],[2],[1]],[[[3,"EquipItem"],[4,"EquipItem",[-9,-10],[[1,-2,[11],12],[11,-8,-7,-6,-5,-4,-3]],[12,-1,0],[5,96,96],[-227,-58,0,0,0,0,1,1,1,1]],[5,"equipBg",1,[-12,-13,-14],[[9,0,-11,[9],10]],[0,"a3DGVssh5FmrzJ0qL3Qa7y",1,0],[5,100,100]],[6,"red",2,[-16],[[1,-15,[7],8]],[0,"7dH3THfS5D6JjlwhufP0Ky",1,0],[5,63,75],[33.305,37.225,0,0,0,0,1,0.5,0.5,0.75]],[7,"nullBg",1,[[1,-17,[0],1]],[0,"1ft8iWQtNDsYpVsrmWncTD",1,0],[5,96,96]],[2,"select",2,[[1,-18,[3],4]],[0,"88Q1wWf45Ks6kpraiVHNgN",1,0],[5,85,72],[26,-24,0,0,0,0,1,0.5,0.5,1]],[8,"equipImg",2,[-19],[0,"64htONY0xLYrkq/6Nc/lgi",1,0],[5,136,99],[0,0,0,0,0,0,1,0.6,0.6,0.42]],[10,6,[2]],[2,"redTip",3,[[1,-20,[5],6]],[0,"3dzehmWuhG/KqLVPVSVkBD",1,0],[5,38,52],[3.459,6.918,0,0,0,0,1,1,1,1]]],0,[0,3,1,0,0,1,0,4,3,0,5,5,0,6,7,0,7,2,0,8,4,0,0,1,0,-1,4,0,-2,2,0,0,2,0,-1,6,0,-2,5,0,-3,3,0,0,3,0,-1,8,0,0,4,0,0,5,0,-1,7,0,0,8,0,9,1,20],[0,0,0,0,0,0,0,0,0,0,0,0,0,7],[-1,1,-1,-1,1,-1,1,-1,1,-1,1,-1,1,1],[0,2,0,0,3,0,4,0,5,0,6,0,2,7]],[[{"name":"1001","rect":[3,122,136,99],"offset":[0,-7.5],"originalSize":[150,150],"capInsets":[0,0,0,0]}],[1],0,[0],[2],[8]],[[{"name":"equip_5","rect":[907,794,105,105],"offset":[0,0],"originalSize":[105,105],"capInsets":[0,0,0,0]}],[1],0,[0],[2],[1]]]]