[1,["ecpdLyjvZBwrvm+cedCcQy","caohSHbS5GEIzmwCrnMGn5","1606a1f26","2eYLUKo6tPT57j6FrILgK/","1a3kW4M+dGIopQBVB6amB7","6b8xKBLKRGEqoa5Q6Ye9FM","8bTJbJxeRNupvQhP4MKZRt","64IAHuwOJCoJnLhhQ/vaak","79nSRfxfpNbpL479HwN+pF","478/Futv5JQ47QCqszwaKd","bbfSqb9nNLx5IVTCZJaZf3"],["node","_spriteFrame","_N$file","_textureSetter","root","node_tip","node_activity","img_specialPart","img_part","node_flag","lab_passFlag","lab_gameName","data"],[["cc.Node",["_name","_active","_prefab","_contentSize","_trs","_components","_parent","_children","_eulerAngles","_anchorPoint"],1,4,5,7,9,1,2,5,5],["cc.Sprite",["_sizeMode","_type","node","_materials","_spriteFrame"],1,1,3,6],"cc.SpriteFrame",["cc.Node",["_name","_parent","_components","_prefab","_contentSize","_trs","_children"],2,1,2,4,5,7,2],["cc.Node",["_name","_parent","_components","_prefab","_contentSize","_trs","_anchorPoint","_color"],2,1,12,4,5,7,5,5],["cc.PrefabInfo",["fileId","root","asset"],2,1,1],["cc.Label",["_string","_fontSize","_lineHeight","_isSystemFontUsed","_N$horizontalAlign","_N$verticalAlign","node","_materials","_N$file"],-3,1,3,6],["cc.Prefab",["_name"],2],["11348/7vaZCNIML3oojcf9p",["node","lab_gameName","lab_passFlag","node_flag","img_part","img_specialPart","node_activity","node_tip"],3,1,1,1,1,1,1,1,1],["cc.LabelOutline",["_width","node","_color"],2,1,5]],[[5,0,1,2,2],[1,2,3,4,1],[0,0,6,5,2,3,4,2],[9,0,1,2,2],[6,0,1,2,3,4,5,6,7,7],[7,0,2],[0,0,7,5,2,3,4,2],[0,0,6,7,2,3,4,2],[0,0,1,6,7,5,2,3,4,8,3],[0,0,6,7,5,2,3,4,2],[0,0,6,5,2,3,9,4,2],[3,0,1,6,2,3,4,5,2],[3,0,1,2,3,4,5,2],[4,0,1,2,3,4,6,5,2],[4,0,1,2,3,7,4,5,2],[1,1,0,2,3,4,3],[1,2,3,1],[1,0,2,3,2],[8,0,1,2,3,4,5,6,7,1],[5,1,2,1],[6,0,1,2,3,4,5,6,7,8,7]],[[[{"name":"wj_special1","rect":[189,3,103,98],"offset":[0.5,-1],"originalSize":[106,100],"capInsets":[0,0,0,0]}],[2],0,[0],[3],[2]],[[[5,"EndLessItem"],[6,"EndLessItem",[-11,-12,-13,-14,-15,-16],[[15,1,0,-2,[16],17],[18,-10,-9,-8,-7,-6,-5,-4,-3]],[19,-1,0],[5,190,190],[-455,-95,0,0,0,0,1,1,1,1]],[7,"flagNode",1,[-17,-18],[0,"bek78lIeRNsaJSIEvYzP7m",1,0],[5,100,50],[0,16,0,0,0,0,1,1,1,1]],[8,"phdTip",false,1,[-20],[[1,-19,[14],15]],[0,"c9SNEC+lxM+5pQ4SmGmp8H",1,0],[5,63,75],[85.061,92.681,0,0,0,0.026176948307873153,0.9996573249755573,0.8,0.8,0.75],[1,0,0,3]],[11,"partBg",1,[-22],[-21],[0,"c7l7gN6aBJXbCkc6WihRFh",1,0],[5,196,144],[0,14.965,0,0,0,0,1,0.75,0.75,1]],[9,"powerIcon",1,[-24],[[1,-23,[4],5]],[0,"5fX0BNjiFOYpiQs+KOM5vI",1,0],[5,74,74],[-18.739,-49.38,0,0,0,0,1,0.3,0.3,1]],[10,"New Label",5,[[20,"X 5",45,45,false,1,1,-25,[2],3],[3,2,-26,[4,4278190080]]],[0,"f803tQeUhHxZbOD0j/Iswr",1,0],[5,91.71,60.7],[0,0,0.5],[49.955,0,0,0,0,0,1,1.33333,1.33333,1.33333]],[13,"passPart",2,[[-27,[3,2,-28,[4,4278190080]]],1,4],[0,"c2tFOTrc9MDIG5I+usvwTe",1,0],[5,20.8,34.239999999999995],[0,1,0.5],[-8,0,0,0,0,0,1,1,1,1]],[2,"activity",1,[[1,-29,[9],10]],[0,"53p7VBZNJMRIWooBQu0aZb",1,0],[5,146,51],[0,85,0,0,0,0,1,1,1,1]],[14,"name",1,[[-30,[3,3,-31,[4,4278596427]]],1,4],[0,"5d3kL1h2ZNvJUHBH2y/Eih",1,0],[4,4280135167],[5,147.18,32.46],[0,-70.28,0,0,0,0,1,1,1,1]],[12,"wj_special1",4,[-32],[0,"246e8EC5dBb7ZSlSNgitVA",1,0],[5,103,98],[0,0,0,0,0,0,1,1.1,1.1,1]],[16,10,[0]],[17,0,4,[1]],[4,"5",24,24,false,1,1,7,[6]],[2,"flag",2,[[1,-33,[7],8]],[0,"c1sOeJJ0RKl5Zqr5JHpFEj",1,0],[5,30,30],[20,0,0,0,0,0,1,1,1,1]],[4,"无尽模式: 白天",21,21,false,1,1,9,[11]],[2,"tip",3,[[1,-34,[12],13]],[0,"87/0VGFvNPF6W6femABuRb",1,0],[5,38,52],[3.459,6.918,0,0,0,0,1,1,1,1]]],0,[0,4,1,0,0,1,0,5,3,0,6,8,0,7,11,0,8,12,0,9,2,0,10,13,0,11,15,0,0,1,0,-1,4,0,-2,5,0,-3,2,0,-4,8,0,-5,9,0,-6,3,0,-1,7,0,-2,14,0,0,3,0,-1,16,0,-1,12,0,-1,10,0,0,5,0,-1,6,0,0,6,0,0,6,0,-1,13,0,0,7,0,0,8,0,-1,15,0,0,9,0,-1,11,0,0,14,0,0,16,0,12,1,34],[0,0,0,0,0,0,0,0,0,0,0,0,0,0,0,0,0,0,11,12,13,15],[-1,-1,-1,2,-1,1,-1,-1,1,-1,1,-1,-1,1,-1,1,-1,1,1,1,2,2],[0,0,0,1,0,3,0,0,4,0,5,0,0,6,0,7,0,8,9,10,1,1]],[[{"name":"lv_img14","rect":[298,3,151,109],"offset":[0,0],"originalSize":[151,109],"capInsets":[0,0,0,0]}],[2],0,[0],[3],[2]]]]