{"paths":{"0":["chime",0],"1":["pickGold",0],"2":["plastichit2",0],"3":["PuffShroomAtk",0],"4":["chapterdown",0],"5":["PotatoMineGrow",0],"6":["RigorMormist",0],"7":["Bungee_steal",0],"8":["pogo_zombie",0],"9":["pool_cleancar",0],"10":["screenHurt",0],"11":["tap2",0],"12":["Dolphin_Enter",0],"13":["GraveBuster",0],"14":["moneyfalls",0],"15":["Torchwood",0],"16":["jack_surprise",0],"17":["Spikeweed",0],"18":["finalfanfare",0],"19":["voidbang",0],"20":["frozen_1",0],"21":["Zomboni_Enter",0],"22":["melonimpact",0],"23":["digger_arise",0],"24":["ZenGarden",0],"25":["gravestone_rumble",0],"26":["BowlingBgm",0],"27":["zombieHurt1",0],"28":["Bungee_fall3",0],"29":["CabbagePult",0],"30":["coblaunch",0],"31":["pickCoin",0],"32":["ChomperAtk",0],"33":["SeaShroomAtk",0],"34":["eatmind",0],"35":["PeashooterAtk",0],"36":["gravebusterchomp",0],"37":["pause",0],"38":["groan5",0],"39":["TangleKelp",0],"40":["gargantuar_thump",0],"41":["groan3",0],"42":["Bungee_fall2",0],"43":["basketball",0],"44":["polevault",0],"45":["groan6",0],"46":["bangjar",0],"47":["fastoff",0],"48":["bowlingHit",0],"49":["loadingbar_zombie",0],"50":["ladder_zombie",0],"51":["garden_water",0],"52":["pickDiamond",0],"53":["SnowPeaAtk",0],"54":["laserNormal",0],"55":["StarFruit",0],"56":["bossboulderattack",0],"57":["thunder",0],"58":["awooga",0],"59":["poleland",0],"60":["winmusic",0],"61":["zombie_falling_2",0],"62":["firepeaHit",0],"63":["crazydavecrazy",0],"64":["CleanCar",0],"65":["crazydaveshort2",0],"66":["groan4",0],"67":["WateryGraves",0],"68":["finalwave",0],"69":["MagnetShroom",0],"70":["loadingbgm",0],"71":["FootballHurt",0],"72":["chomp_plant2",0],"73":["chomp_plant3",0],"74":["firebloverNormal",0],"75":["faston",0],"76":["hatchback_open",0],"77":["laserSpecial",0],"78":["plantplant",0],"79":["GrazetheRoof",0],"80":["clickShovel",0],"81":["shieldhit1",0],"82":["bangzombie",0],"83":["gravebutton",0],"84":["CatapultAtk",0],"85":["BeltBgm",0],"86":["lightfill",0],"87":["RVthrow",0],"88":["plantern_enter",0],"89":["sunlack",0],"90":["zombie_falling_1",0],"91":["groan1",0],"92":["PuzzleBgm",0],"93":["zombieHurt2",0],"94":["explosion",0],"95":["GargantuarEnter",0],"96":["PotatoMineBoom",0],"97":["tombzombie",0],"98":["floop",0],"99":["zombiebossbgm",0],"100":["ladderHurt",0],"101":["shovelPlant",0],"102":["firebloverSpecial",0],"103":["SunShroom",0],"104":["loadingbar_flower",0],"105":["garden_sell",0],"106":["garden_move_water",0],"107":["FumeShroomAtk",0],"108":["cherrybomb",0],"109":["bossfootdown",0],"110":["garden_move_night",0],"111":["garden_plantgrow",0],"112":["garden_phonograph",0],"113":["crazydaveshort3",0],"114":["chomp_plant1",0],"115":["Grasswalk",0],"116":["bungeetarget",0],"117":["scream",0],"118":["Cactus",0],"119":["bowlingHitNormal",0],"120":["garden_speedup",0],"121":["shop_change_page",0],"122":["bossdie",0],"123":["readygo",0],"124":["CactusAtk",0],"125":["siren",0],"126":["kernelpult",0],"127":["shieldhit2",0],"128":["ball_fall",0],"129":["newspaper_angel",0],"130":["newspaper_fall",0],"131":["dolphin_before_jumping",0],"132":["frozen_2",0],"133":["groan2",0],"134":["Blover",0],"135":["IceShroomBoom",0],"136":["throwBowling",0],"137":["grassstep",0],"138":["zombiesplash",0],"139":["garden_cart",0],"140":["Marigold",0],"141":["newplant",0],"142":["zomboniDeath",0],"143":["lowgroan",0],"144":["Moongrains",0],"145":["unlockpart",0],"146":["garden_tool_click",0],"147":["ScaredyShroomAtk",0],"148":["bonk",0],"149":["hydraulic",0],"150":["mindcontrolled",0],"151":["garden_manure",0],"152":["zombie_entering_water",0],"153":["getSun",0],"154":["gulp",0],"155":["cg",0],"156":["pickSilver",0],"157":["doomshroom",0],"158":["tombCreate",0],"159":["cobBoom",0],"160":["tap",0],"161":["boing",0],"162":["SquashStart",0],"163":["fightbeforebgm",0],"164":["gargantudeath",0],"165":["garden_pesticide",0],"166":["plastichit1",0],"167":["gargantuar_fly",0],"168":["JalapenoReady",0],"169":["getstar",0],"170":["hydraulic_short",0],"171":["JalapenoBoom",0],"172":["Garlic",0],"173":["paper",0],"174":["garden_wakeup",0],"175":["selectPlant",0],"176":["ball_enter",0],"177":["vase_breaking",0],"178":["shoop",0],"179":["Bungee_fall",0],"180":["crazydaveshort1",0],"181":["zombie_leave_water",0],"182":["jack_enter",0],"183":["hugewave",0],"184":["garden_move_normal",0],"185":["losemusic",0],"186":["digger_zombie",0],"187":["dancer",0],"188":["CoffeeBean",0],"189":["rain",0],"190":["hatchback_close",0],"191":["ZombieCloseFall",0]},"types":["cc.AudioClip"],"uuids":["05KF2k/nBJfJkqGUvzvmSI","05Wsrpa4dKKKRlrhE4esFJ","058sttgwlPZLtFuJRTdhK4","07ydoBGfFOcLzuz4yDxz8D","08RgQBYrZJj7hHtuLGLWMU","09eRI3W1BJNryHdLqXHncE","09tq2Fb6FPeaXnWwtORAAT","0bbBj2pZVKPKNcvZa5BiB2","0cCTVNYo5CBLjl5g6raIMK","0dRXm+o/pOOrblw0oTFn2+","0emBgbdUhAYIz3/JCbrSuk","0f8jVqA2hPxpAedJeebJ8/","10kSiFS/xGHIhmPGDjsMEd","100Z0U2ulCS5tYNi6c2rN/","105JWzIppHKrE8Bwr7u4zX","11lvC2sKxDCruF/6H2XkHl","12qoRRobNAYI0mk/1OffV8","18SPtDE5hKVZo9y6efPFUz","18weFykdpIPIpUMLvJRbjl","1dYzo8+LtCsIEcqLkbQAAK","1d8nEKgkRILLZUSq8xu/Lp","1eJLPw/zxLKJz7gd82EkXj","1eSktMqqNFxqQh4PW1yePy","1fKRkdYtZME69gwbOttZg4","1fK7ktHEJN1boBLP2iWeoU","21Yj2fXY9AV7TK78YC/jbm","23+j2eL/FEwoB4dKJJupH1","25fVwDGRtGQriOwVmGIl+9","292hyezrFOfZyNjiVE45pD","2aKAcIwGRFHK+/shEKVkmA","2bMv8oSk5LOaS5rOCaNoME","2cfXM/3LhKfZjQTaHE3zk6","2dSdKXOulCn5g3Xf45jMwZ","2fgXSbmZFKnpMlZOOOFz6D","30c637KdBDKrCJ1m4RZxjc","303wMEg7RAhql980aAt1k7","3076GlKRhBdobw9P0bvzXT","32YKi67JRC3Jr6/PQ08z6J","326FLUJCFBe508zrFQsYgx","34jYbXqYpM354cBw64+Ckp","3b6pBA8QdNYblyHS33ovj5","3cFNYwmCNDF6SocFs3GD6o","3dmAikkrtKUZr3IKxfCZts","3dy9iXTplGQ56KcBFy9bnE","3eOqpZqRdHaY6U2iSKFmBs","3edTe/opZAFayaGXADx9H9","3fEzGlQ0NKI42KvHO+mSzT","40RsKytSlM25+9EpzKqU8B","401SKRb2hD45ZMhdTpk3uW","43n46naCVNO6UKXWLQurV8","43zRMNL51GPLmNKm/hlvQr","45AC2i4/NDK42vutUMFfd8","45ocNqFxpBYpAZ8foSixFr","451g41IR1PuIZQDPBReWR/","46VbQHAI1A8ZWWK1jKmkJ+","462d8u+l1KvZUIywADjD3D","463mst+1hOKpiob6gnyRfj","49Zwv47LNKPolygml0Hdsv","4a6US/EVRDAZQ5ZYjpQ7Vl","4cU34QzCFC87vHcyT7UF9d","4ddoi3nixD0JJDyKQOaLn2","4fqD2tCcdPpZ/02c6OogCR","52JByAiXdFepTZYnHZQyKy","52aQ9QQkJPsKtLsu3xyGXs","53OY2aeTtGa7zwCDUvqX/y","57Je6HAKBP57Dc8jGRALfc","57cnKKgFNF16pEPwMZz0Kd","57iMdwhU9O/rB4c2PwZrrF","5a46/8uxZCqoLqsBFt+vJT","61vVyG0NZElIu+5Ddqnlz1","617cEK+3lM/o5y+jnSVVWu","62HnEiR+9ERqs1bQB2//r4","627pDyWcpAnYLi9JvocqwU","655llMyWJBTL4CosTrjD8S","657WxTxotDXItArfbEG0nr","66b3g/BctBJZmsdGYCwZGT","66w0Wml3RD1qMawbbqK08/","67tef9VHJHu5dhJEJFWHjG","6bRS+91UtN8J1Qy9C/e4x+","6bckTxI4pGc7agN5yjeqyn","6dh3pI0rNJmLwhRCuOId9X","6eX4y1F19CMpuRHUHzpz/C","6eoZVBAR9EqriM479rJcN7","72rVp2XIpDKaLlKeR2U2P6","7219L8moNCXrFQeJEwrJ3V","74PuY1eyFE0ZStSMfHApfx","79rT7Kfx5PH4V59xeGF6Bg","7aF0MJzH5Mc442Z5bydR82","7dlHD7k3BI/LltGHkhavOv","7dsknD6JJMzaphMJci+IkH","7eW+61ygdI67a7yl755f9H","7fe9tOZ2lCXqaYbNmxoxWb","83A9jQYVFK4bpnpDfVbdp7","833Ze1F25NI4qWnqOqpo7T","87BhB2e/VIOJ36HnM1LPVF","88Hrh2HtpGkKtMmUOrixvP","8aFR/T7OBLn6iutZtTPNo8","8acOo5cIJFb5h+yxnfmbgl","8cPmbGDiZNS7oD046E6HeC","8c1glrGwNJ7LfFlzqdsoFf","8dXJME+OdC3aZ0/T8wcq0F","8eEE76PYFN5Jm+g22/nWdD","8esSHWz5dEAoe2zzCUHgpg","91B0rTaeRABoHZS6XqSITE","91hsPQEwpIKYHfEXceLKDX","91/kmsUzNPQYgaTItdw94c","93sAGBZ7ZMrpTtNwpjY/zf","94DNlt+x5DOIeF84eMNTsL","957Bm6TZJH2r/GKZlXIfDW","99LvTQ9xdNfrF3ULWneCJb","9aYPRwsjZP7KfW3ZNk5Dt7","9ejZszWmFELp40t+L1gXJS","9ew8KIQutAKLraaiNMU6OI","a1GzlEx5pG67NullEFkzAd","a4AxWUUFhKSK2TRvTV2geR","a4Jq4vZyVDbJJAHJFXNqDf","a6kBhjiKlE44fn/iSV0FKO","a6oG/4nAVCrJ4ZH5gWqo0A","a9Nw2G7yBOqrJq0pBPRn4K","a9bDT+h7FI1KinEiA11E1/","a9oKht+09IDZ0/doy/DBdl","abpmBv0fNKJrHDGoqRd6Fb","acrpVm9NpJhKbf7uphQ2Gy","aeoTTQtctHyb/oFo3nLgIf","b2XrKM9AtFDJDazAva1T9C","b2bK5MaRxH3Z16wXy7Bdxw","b2epGjxnxCvaPygIJ7zrLf","b4Kon+MTVGZqDQzBjIEEwb","b6nOUhN3lOoLAIGq4zl7y1","b7Hoxn7+tLf6wIZWzZdrcq","b8Eya4t/9CGKLQfcWvpO6L","b99ytJxU5DkZ/pWmaMNwpg","bbakcX6RxHhaY0p6bOyddh","bdBKEy/olPYbsIPEPsRBWk","bdqK4QdyBALqrrJb2TMu+k","beB5Ax7OVH+ZSfyrP3dHop","beTuG5LI1E+KkhJrQOGRYj","bfbNooDlpCY7s4hQ254jPF","bfcKWkJeNNeInTsY+yTiek","c0Ok0If5ZFppn/i5THWRQd","c0j4j0gPlKn4wYKTlKcJZW","c03chOLxJGJasVM5wRgEyw","c1QNkwPX5MSaCfsXI/t50m","c2liNl8DJCi5ova9nuLSf3","c28CymvBBGnpNENH6JjF9R","c3eHNFrglIXpfqxga0gz82","c4FILPrsZAD4yGW/oWQZcf","c4Lac9vhJCDI12fU/BvtT0","c9PrPQZOlESIZtnAHNRNzZ","ccaGjeHNpCV6a51N9pl8jE","cc3d9ddtdEy5tcOhnEu2Bc","cek5UPnRVGk6hJz4iF+V06","d1u5iuk/RGoJWDBXRxipmp","d1+NEMTwRP942wAGsbEJYz","d4DNufgLhCcoNBmHCYKWmq","d6EKfmWy9DsI3bsFiwJw+E","d7fWYkYdlLa4d7ucD8ELTI","d9L4B+LLhCjYlO0ljG/b6f","dcHgMVUc9JFoAdelg2Jt6X","dftDPiOnFF8rtv41FBoa1v","e0VfX+fVZA5IZ9IERztZKm","e1DkPQLjtPb7MLbDS1o7Cz","e1oJqiwV9Kw52vCft8NpSw","e1ue2dQbdNPrxJnuvdGer4","e18A8RQe9BBpUYBAxKEM22","e328Gz7LJMuZ5TSKwI42uV","e5JsBs5pxGhqt3oQhBbMnM","e6FVbkoDJFLJMtQ+iEfdJ+","e6Ull6bYBNAofMmMqxnGQT","e6bMjgDfdIy7R+AHTkOQmi","e6+8L5I+1IpIoqRBg42M2e","e7HaqxD4hB1bj4VMG4cCEr","e8UXB4jfFN/oP1eFjTyofU","e9cvjEWPFPLYuO9rIeIoBi","e9zkI5vMVM46UVMfRpfUgV","eayOYQZwBD7LI1oWlOIeu/","eb5Fg7nG9FmqG9XzPvGtir","ecPazyGZ1FV6QA27lAmBpn","eccgt++HdNJpjeOES5aZoe","ec7WzyQRlFHaQa6iZyMXSZ","ed38BaJddBULye+M8EAcKP","f01Q7ATM5L55nJIDPiQHPe","f3I9C2FvBMvr6h0ZevoYZ7","f3fBF9O1RFY6nyUQ7DuSX4","f5DdUhD7ZDkamGb5q48XwP","f7z8/wJ7RCRoowMvI1vF9v","f8wlt074RD3qmVIfFNh+a0","f9AigtFE5N5qHVO+fRcBX1","f9s3Mglx5NLaws/3mNOWEU","fc6j/eP9FDP6JTcDfHbfzv","feVveVh4BAh4+eG7nNQehl","ff8Y0Q2HZBBa7Sd86gI+eU"],"scenes":{},"redirect":[],"deps":[],"packs":{},"name":"Audio","importBase":"import","nativeBase":"native","debug":false,"isZip":false,"encrypted":false,"versions":{"import":[0,"8e690",1,"411f5",2,"52145",3,"08381",4,"4ede2",5,"ca377",6,"051f3",7,"f81c9",8,"cb44c",9,"692ed",10,"d09cf",11,"eeac8",12,"b3d85",13,"856e6",14,"c490c",15,"408ac",16,"4f021",17,"0f26c",18,"ff161",19,"0b05e",20,"80f90",21,"15474",22,"8e15c",23,"4ea36",24,"376d7",25,"e98b7",26,"3c069",27,"13841",28,"09d4e",29,"9db27",30,"21b6c",31,"783f7",32,"ee39b",33,"d4676",34,"a1645",35,"6ee13",36,"02751",37,"2d467",38,"12ff0",39,"1f2b0",40,"1b115",41,"84d6f",42,"9d046",43,"e8a05",44,"e9e11",45,"ee75e",46,"d5793",47,"35f35",48,"76d7a",49,"82dfe",50,"e19a3",51,"649e7",52,"1b451",53,"848cd",54,"950dc",55,"e3d26",56,"113ff",57,"55582",58,"6b519",59,"e9424",60,"43d77",61,"7a2e4",62,"1fcfa",63,"aac5b",64,"d8ad7",65,"77f9f",66,"c307d",67,"acd4e",68,"29e1b",69,"ca1be",70,"74343",71,"e12a2",72,"ed118",73,"ba9d3",74,"25d97",75,"f46b2",76,"15042",77,"54738",78,"0c6e1",79,"6514b",80,"be6cf",81,"528e8",82,"f1c94",83,"c8d4e",84,"23d90",85,"ddd79",86,"11b0e",87,"bfa3f",88,"ab3e5",89,"11233",90,"85ea9",91,"b2204",92,"9dd91",93,"42ef8",94,"bc54e",95,"57d4d",96,"32072",97,"70b51",98,"61b12",99,"bcc61",100,"5bd8c",101,"255a4",102,"46d76",103,"803b5",104,"b0826",105,"0edaf",106,"8d952",107,"4bcc3",108,"95ed8",109,"6f0c9",110,"c47b4",111,"61787",112,"3fd4d",113,"97fb3",114,"88e02",115,"81c60",116,"aabf1",117,"ac974",118,"4cc4d",119,"dbffc",120,"61090",121,"b8914",122,"f9b50",123,"dc362",124,"9fe8d",125,"1deed",126,"22429",127,"4aef7",128,"09917",129,"56a59",130,"0074b",131,"6c144",132,"391e0",133,"053df",134,"5fe25",135,"689fa",136,"d9573",137,"87aad",138,"e9446",139,"99901",140,"534e0",141,"93f41",142,"1afcc",143,"41956",144,"3281f",145,"1d6f3",146,"9683f",147,"e1935",148,"4194d",149,"cb207",150,"c6061",151,"60930",152,"48e7a",153,"54c2c",154,"c4804",155,"51379",156,"fecdd",157,"6677d",158,"d7787",159,"854fe",160,"4677f",161,"ce91b",162,"068e2",163,"55b49",164,"00935",165,"557e2",166,"29b75",167,"0285b",168,"71514",169,"4c847",170,"09891",171,"80e17",172,"836ef",173,"08147",174,"0af3c",175,"b550c",176,"84797",177,"3f2f4",178,"65bae",179,"7dd00",180,"4d788",181,"b472d",182,"b3da4",183,"c1513",184,"726e2",185,"ad85e",186,"be470",187,"fc52d",188,"774fc",189,"fd4c0",190,"a79a6",191,"83658"],"native":[0,"08352",1,"de5a1",2,"32fce",3,"4c362",4,"a42c3",5,"38a95",6,"f0f07",7,"46239",8,"d1f4d",9,"da831",10,"0749a",11,"c80ff",12,"a9082",13,"73809",14,"1a980",15,"261d7",16,"7b27c",17,"026f3",18,"b52d2",19,"726ca",20,"1305d",21,"d389a",22,"f8703",23,"1a40c",24,"80e95",25,"c2ed5",26,"2dcfa",27,"c8041",28,"bcb8c",29,"06610",30,"616ad",31,"77020",32,"96eb3",33,"8379a",34,"70a06",35,"0f9f5",36,"0e90f",37,"52285",38,"83c62",39,"607c9",40,"10ef0",41,"76da2",42,"71c53",43,"9922e",44,"3c004",45,"ca566",46,"b2ab1",47,"97833",48,"d7af4",49,"c3ae0",50,"96b44",51,"7d08f",52,"190a8",53,"420ab",54,"7eb74",55,"3754e",56,"9734e",57,"88059",58,"04733",59,"f5bda",60,"d07c8",61,"aae93",62,"e4cbb",63,"a4f2d",64,"5542b",65,"69b60",66,"61a31",67,"ba7fd",68,"e7101",69,"a3987",70,"13386",71,"6b238",72,"39663",73,"5c26e",74,"c3cd7",75,"2bd6e",76,"9926c",77,"a04cb",78,"5e418",79,"82501",80,"42450",81,"98e9b",82,"5b326",83,"4073c",84,"c9724",85,"74683",86,"efb66",87,"f5f60",88,"356c6",89,"fcc54",90,"b963b",91,"7b2e0",92,"201ed",93,"7e735",94,"85272",95,"2dafd",96,"27083",97,"6b719",98,"6df02",99,"48c45",100,"4da84",101,"89017",102,"1c1b2",103,"92b25",104,"bd609",105,"79ac2",106,"4da79",107,"f4ee8",108,"df6f8",109,"b3d58",110,"a607c",111,"e879c",112,"abfc3",113,"85469",114,"1472a",115,"a99fd",116,"6b5b9",117,"a3b14",118,"8a36a",119,"67d61",120,"f9a6c",121,"2411d",122,"5cd23",123,"61f19",124,"c73c2",125,"14e03",126,"16c6b",127,"40c4f",128,"747ec",129,"c030e",130,"f0493",131,"34c49",132,"0be3f",133,"c3ae0",134,"566ef",135,"e75b6",136,"e9f94",137,"7405b",138,"d6e6f",139,"872a7",140,"9d988",141,"7518b",142,"06288",143,"f0f00",144,"ae8cb",145,"70f3d",146,"c51d1",147,"af17a",148,"4f997",149,"ead5d",150,"6422f",151,"53984",152,"078b6",153,"04df5",154,"da5bd",155,"edddc",156,"4883d",157,"e440a",158,"3936e",159,"967e0",160,"14798",161,"622c2",162,"e3edb",163,"628d3",164,"f15ed",165,"1e63a",166,"d1601",167,"23b37",168,"c8b34",169,"24b8d",170,"29a37",171,"14df6",172,"f69fc",173,"85124",174,"258e0",175,"c67cd",176,"0c25b",177,"768a2",178,"ca263",179,"adc61",180,"acd00",181,"f0f35",182,"e4ad1",183,"af75d",184,"69b2b",185,"f3f50",186,"05357",187,"74bc9",188,"0f22a",189,"fc312",190,"6130c",191,"56ccf"]}}