[1,["ecpdLyjvZBwrvm+cedCcQy","b0raJgzCdJP5x/Svy+ZWr3","f5HilOPphC2LpOj6gv+HiJ","95/460FMdOn7dQVoiYYPP2","ad2APT7ZRI94VmIy9uBX5p","5e8npnb6JPj5pHnCWSxzgX","abCcyvukhMdZ+VpY7gkhaZ","c7R9HK3NdGJoEFpVS94Uoi","479wdvnKhNyJtU3c5+oJ5f","a932hfCsJK0qGvoStK2geu","77aXto8OtCXKCo+Z7xwe70","f8rF+5RY1IBJ1XHbHwxY9G","37q9ssi/pPraicXQhdEjQC","1ck1Yi/LlB8JKzBOWUtWiJ","a7iKREv61LyrhSMuwfe8Lp"],["node","_spriteFrame","root","miniBtn","miniNode","survivalSkull","puzzleSkull","trophyCount","puzzleBtn","puzzleNode","survivalBtn","survivalNode","data","_textureSetter"],[["cc.Node",["_name","_active","_prefab","_parent","_components","_contentSize","_trs","_children"],1,4,1,9,5,7,2],["cc.Widget",["_alignFlags","_left","node"],1,1],["cc.PrefabInfo",["fileId","root","asset"],2,1,1],["cc.Sprite",["_enabled","node","_materials","_spriteFrame"],2,1,3,6],"cc.SpriteFrame",["cc.Prefab",["_name"],2],["cc.Node",["_name","_parent","_components","_prefab","_color","_contentSize","_anchorPoint","_trs"],2,1,12,4,5,5,5,7],["cc.BlockInputEvents",["node"],3,1],["0d69670jrBLuoeF8tEEhDkx",["node","survivalNode","survivalBtn","puzzleNode","puzzleBtn","trophyCount","puzzleSkull","survivalSkull","miniNode","miniBtn"],3,1,1,1,1,1,1,1,1,1,1],["cc.Button",["_N$transition","node","clickEvents"],2,1,9],["cc.ClickEvent",["_componentId","handler","target"],1,1],["cc.LabelOutline",["_width","node","_color"],2,1,5],["cc.Label",["_string","_lineHeight","_styleFlags","_N$horizontalAlign","_N$verticalAlign","node","_materials"],-2,1,3]],[[2,0,1,2,2],[3,1,2,3,1],[0,0,1,3,4,2,5,6,3],[3,0,1,2,3,2],[0,0,3,4,2,5,6,2],[0,0,3,2,5,6,2],[0,0,3,4,2,5,2],[1,0,2,2],[5,0,2],[0,0,7,4,2,5,6,2],[0,0,3,7,2,2],[0,0,3,7,4,2,5,6,2],[0,0,3,7,4,2,6,2],[0,0,1,3,4,2,5,3],[6,0,1,2,3,4,5,6,7,2],[1,0,1,2,3],[7,0,1],[8,0,1,2,3,4,5,6,7,8,9,1],[2,1,2,1],[9,0,1,2,2],[10,0,1,2,3],[11,0,1,2,2],[12,0,1,2,3,4,5,6,6]],[[[[8,"ChallengeView"],[9,"ChallengeView",[-14,-15,-16,-17],[[7,45,-2],[16,-3],[17,-13,-12,-11,-10,-9,-8,-7,-6,-5,-4]],[18,-1,0],[5,1280,720],[640,360,0,0,0,0,1,1,1,1]],[10,"btn",1,[-18,-19,-20,-21,-22,-23,-24,-25,-26,-27,-28,-29],[0,"26asQ48OlPqLfApYSgqKB7",1,0]],[11,"btn_back",1,[-33],[[1,-30,[22],23],[15,8,40.5,-31],[19,3,-32,[[20,"0d69670jrBLuoeF8tEEhDkx","clickBack",1]]]],[0,"ffZLiQfglE5IgdY5pGcs1w",1,0],[5,123,128],[-538,-298,0,0,0,0,1,1,1,0]],[12,"trophy_node",1,[-35,-36],[[7,32,-34]],[0,"84y+Kmrf9C4pELtJinhQ5y",1,0],[640,0,0,0,0,0,1,1,1,1]],[4,"survival",2,[[1,-37,[4],5]],[0,"c90QcdlBZJOJRzpoIBwmj7",1,0],[5,114,114],[201.658,-46.804,0,0,0,0,1,1,1,1]],[2,"survival_eye_light",false,2,[[3,false,-38,[6],7]],[0,"84FK7wr3FOjZbvEOicvONI",1,0],[5,97,70],[290,-143,0,0,0,0,1,1,1,1]],[4,"puzzle",2,[[1,-39,[10],11]],[0,"21QELSgLRFBLpzpLXj+uIG",1,0],[5,124,61],[-204.989,-3.338,0,0,0,0,1,1,1,1]],[2,"puzzle_eye_light",false,2,[[3,false,-40,[12],13]],[0,"0f3jV36kZAwqQ4zDVuR+TO",1,0],[5,78,60],[-293,100,0,0,0,0,1,1,1,1]],[4,"minigame",2,[[1,-41,[18],19]],[0,"c7lBDAyXxFjoxkKEChTXKh",1,0],[5,115,115],[0.145,100.419,0,0,0,0,1,1,1,1]],[14,"trophy_count",4,[[-42,[21,2,-43,[4,4278190080]]],1,4],[0,"256bQI6LlMDZiapHeGaQ8T",1,0],[4,4278298111],[5,81.85,59.44],[0,1,0.5],[-137,-302,0,0,0,0,1,1,1,1]],[6,"challenge_bg",1,[[1,-44,[0],1]],[0,"5cYVAGODlHMrfDDpL/CkR0",1,0],[5,1680,720]],[2,"survival_txt",false,2,[[3,false,-45,[2],3]],[0,"0bTsgr0EJE4K1mH07TZUo4",1,0],[5,204,65],[307,-8,0,0,0,0,1,1,1,1]],[5,"btn_survival",2,[0,"51zpJzeX5Hpp9bseDFVpuO",1,0],[5,250,129],[201.658,-46.804,0,0,0,0,1,1,1,1]],[2,"puzzle_txt",false,2,[[3,false,-46,[8],9]],[0,"1dBZAtBzNE5qlSf1uKJRLT",1,0],[5,115,66],[-287,-29,0,0,0,0,1,1,1,1]],[5,"btn_puzzle",2,[0,"90ahQlCYNMWJ2Crb9knCj1",1,0],[5,185,194],[-204.989,-3.338,0,0,0,0,1,1,1,1]],[13,"no_open_2",false,2,[[1,-47,[14],15]],[0,"36x14QkIJPnLJezv+1HOa0",1,0],[5,97,107]],[2,"minigame_txt",false,2,[[3,false,-48,[16],17]],[0,"dcrT+bRkBJrrDM56iu5eFm",1,0],[5,104,127],[2.237,-16.712,0,0,0,0,1,1,1,1]],[5,"btn_mini",2,[0,"c9XZqo4npPg7JmxzK5MYG3",1,0],[5,185,194],[2.491,93.714,0,0,0,0,1,1,1,1]],[6,"lv_imgJt",3,[[1,-49,[20],21]],[0,"24pqIm8EFGrKInfvxmQjqZ",1,0],[5,71,64]],[4,"trophy",4,[[1,-50,[24],25]],[0,"7aqx6ErVhCqbiLD5nLUuB5",1,0],[5,183,169],[-77,-297,0,0,0,0,1,0.54,0.54,0.54]],[22,"0/57",44,1,1,1,10,[26]]],0,[0,2,1,0,0,1,0,0,1,0,3,18,0,4,9,0,5,6,0,6,8,0,7,21,0,8,15,0,9,7,0,10,13,0,11,5,0,0,1,0,-1,11,0,-2,2,0,-3,3,0,-4,4,0,-1,12,0,-2,5,0,-3,13,0,-4,6,0,-5,14,0,-6,7,0,-7,15,0,-8,8,0,-9,16,0,-10,17,0,-11,9,0,-12,18,0,0,3,0,0,3,0,0,3,0,-1,19,0,0,4,0,-1,20,0,-2,10,0,0,5,0,0,6,0,0,7,0,0,8,0,0,9,0,-1,21,0,0,10,0,0,11,0,0,12,0,0,14,0,0,16,0,0,17,0,0,19,0,0,20,0,12,1,50],[0,0,0,0,0,0,0,0,0,0,0,0,0,0,0,0,0,0,0,0,0,0,0,0,0,0,0],[-1,1,-1,1,-1,1,-1,1,-1,1,-1,1,-1,1,-1,1,-1,1,-1,1,-1,1,-1,1,-1,1,-1],[0,1,0,2,0,3,0,4,0,5,0,6,0,7,0,8,0,9,0,10,0,11,0,12,0,13,0]],[[{"name":"challenge_bg","rect":[0,0,1680,720],"offset":[0,0],"originalSize":[1680,720],"capInsets":[0,0,0,0]}],[4],0,[0],[13],[14]]]]