[1,["dc7x2SVr5Bk5v7mUhgNn7e"],["_texture"],[["dragonBones.DragonBonesAtlasAsset",["_name","_atlasJson"],1]],[[0,0,1,3]],[[0,"09_huixuanbiaosheshou_tex","{\"width\":128,\"imagePath\":\"09_huixuanbiaosheshou_tex.png\",\"name\":\"09_huixuanbiaosheshou\",\"SubTexture\":[{\"width\":34,\"y\":70,\"height\":10,\"name\":\"huixuanbiaosheshou/叶子2\",\"x\":38},{\"width\":24,\"y\":102,\"height\":25,\"name\":\"huixuanbiaosheshou/7\",\"x\":35},{\"width\":35,\"y\":70,\"height\":23,\"name\":\"huixuanbiaosheshou/8\",\"x\":1},{\"width\":35,\"y\":58,\"height\":25,\"name\":\"huixuanbiaosheshou/9\",\"x\":86},{\"width\":32,\"y\":1,\"height\":55,\"name\":\"huixuanbiaosheshou/脸\",\"x\":86},{\"width\":32,\"y\":95,\"height\":24,\"name\":\"huixuanbiaosheshou/蓝\",\"x\":1},{\"width\":8,\"y\":121,\"height\":5,\"name\":\"huixuanbiaosheshou/嘴\",\"x\":18},{\"width\":6,\"y\":1,\"height\":8,\"name\":\"huixuanbiaosheshou/嘴1\",\"x\":120},{\"width\":4,\"y\":70,\"height\":10,\"name\":\"huixuanbiaosheshou/眼睛_2\",\"x\":80},{\"width\":4,\"y\":70,\"height\":12,\"name\":\"huixuanbiaosheshou/眼睛\",\"x\":74},{\"width\":51,\"y\":85,\"height\":15,\"name\":\"huixuanbiaosheshou/叶子\",\"x\":38},{\"width\":30,\"y\":85,\"height\":24,\"name\":\"huixuanbiaosheshou/2\",\"x\":91},{\"width\":15,\"y\":121,\"height\":31,\"name\":\"huixuanbiaosheshou/1\",\"x\":1},{\"width\":83,\"y\":38,\"height\":30,\"name\":\"huixuanbiaosheshou/图层_2\",\"x\":1},{\"width\":83,\"y\":1,\"height\":35,\"name\":\"huixuanbiaosheshou/图层_1\",\"x\":1}],\"height\":256}"]],0,0,[0],[0],[0]]