[1,["ecpdLyjvZBwrvm+cedCcQy","caohSHbS5GEIzmwCrnMGn5","1e70b2473","1d18c5455","16572be7f","11aX3SpyRCQ5Ea1ipmYGdA","2feRlJ3QNFh5DUZG3E5FSJ","65ybVT/JhNvbjVcDxJ07U+","67VLPtD6JKholtsyZQo/vk","faX/9crZpGB5LMPJizuBWa","5b2E3BaVNNzZPAk8+DkCbZ","a2MjXRFdtLlYQ5ouAFv/+R","f2uTn4vSRKqrvM14T6ROAl","0doTENEAxN4YHcCL4Dfv06","9be+Hp4ZFHcLbNjuTYQg2G","50pZA/zP9BGKExHGTnqmw6","fay1c9CNVBEZYrUafofVGu","f76f91lSVM5rzOXnQDSwBn","d4V08kdWVA7rgjR3YoLitx","64e7Nrmv5NRZEXvThpkzzH","96lFPU4ldNc4WdmsICXl6G","55kWW2Nk1C5Yhcv0rmS7Dg","83cpKOvIFIpqT1SmJshWgW","52M2u+8LdNyKcF4gdNOxsl","26sBZCjedKsYMo1sGInM+y","40SY0bOEVGLo3sHRkSju9t","12aabfc9a"],["node","_spriteFrame","_textureSetter","_N$file","root","_parent","key2Tips","getKeyBtnTxt","getKeyBoard","taskBoard","key2Btn","key2BtnTxt","key2Txt","key1Btn","key1Txt","giftBtn","giftTxt","data"],["cc.SpriteFrame",["cc.Node",["_name","_active","_opacity","_prefab","_components","_contentSize","_parent","_trs","_children","_color","_anchorPoint"],0,4,9,5,1,7,2,5,5],["cc.Label",["_string","_fontSize","_lineHeight","_isSystemFontUsed","_N$horizontalAlign","_N$verticalAlign","_N$overflow","node","_materials","_N$file"],-4,1,3,6],["cc.Sprite",["_sizeMode","_type","_isTrimmedMode","node","_materials","_spriteFrame"],0,1,3,6],["cc.Widget",["_alignFlags","_originalWidth","_originalHeight","_left","_right","_top","_bottom","node"],-4,1],["cc.PrefabInfo",["fileId","root","asset"],2,1,1],["cc.Button",["_N$transition","node","clickEvents"],2,1,9],["cc.ClickEvent",["_componentId","handler","customEventData","target"],0,1],["cc.LabelOutline",["_width","node","_color"],2,1,5],["cc.Prefab",["_name"],2],["cc.Node",["_name","_parent","_components","_prefab","_contentSize","_trs"],2,1,12,4,5,7],["cc.Node",["_name","_parent","_components","_prefab","_color","_contentSize","_trs"],2,1,2,4,5,5,7],["7048eYZ1U9Mv56RqL0oYUM0",["node","giftTxt","giftBtn","key1Txt","key1Btn","key2Txt","key2BtnTxt","key2Btn","taskBoard","getKeyBoard","getKeyBtnTxt","key2Tips"],3,1,1,1,1,1,1,1,1,1,1,1,1],["cc.BlockInputEvents",["node"],3,1],["cc.Layout",["_resize","_N$layoutType","_N$paddingLeft","_N$paddingRight","_N$spacingX","node","_layoutSize"],-2,1,5]],[[5,0,1,2],[3,3,4,5,1],[1,0,6,4,3,5,7,2],[5,0,1,2,2],[1,0,6,8,4,3,5,7,2],[6,0,1,2,2],[1,0,6,4,3,9,5,7,2],[3,0,3,4,5,2],[7,0,1,3,3],[8,0,1,2,2],[3,1,0,2,3,4,5,4],[2,0,1,2,3,7,8,9,5],[2,0,1,2,3,7,8,5],[1,0,8,4,3,5,7,2],[10,0,1,2,3,4,5,2],[1,0,1,6,8,4,3,5,7,3],[1,0,6,8,3,2],[1,0,6,4,3,5,10,7,2],[11,0,1,2,3,4,5,6,2],[4,0,3,4,5,6,1,2,7,8],[3,1,0,3,4,5,3],[7,0,1,2,3,4],[9,0,2],[1,0,2,6,4,3,9,5,3],[12,0,1,2,3,4,5,6,7,8,9,10,11,1],[4,0,7,2],[4,0,1,2,7,4],[13,0,1],[5,1,2,1],[6,1,2,1],[14,0,1,2,3,4,5,6,6],[2,0,1,2,3,4,5,6,7,8,9,8],[2,0,1,2,3,4,7,8,6],[2,0,1,2,3,5,7,8,9,6],[8,1,2,1]],[[[{"name":"gift12","rect":[99,223,93,81],"offset":[0,0],"originalSize":[93,81],"capInsets":[0,0,0,0]}],[0],0,[0],[2],[2]],[[{"name":"gift16","rect":[667,3,573,349],"offset":[0,0],"originalSize":[573,349],"rotated":1,"capInsets":[0,0,0,0]}],[0],0,[0],[2],[3]],[[{"name":"gift5","rect":[984,666,46,37],"offset":[0,0],"originalSize":[46,37],"rotated":1,"capInsets":[0,0,0,0]}],[0],0,[0],[2],[3]],[[{"name":"gift10","rect":[668,718,236,300],"offset":[0,0],"originalSize":[236,300],"capInsets":[0,0,0,0]}],[0],0,[0],[2],[3]],[[{"name":"gift13","rect":[580,236,83,94],"offset":[0,0],"originalSize":[83,94],"rotated":1,"capInsets":[0,0,0,0]}],[0],0,[0],[2],[2]],[[{"name":"gift7","rect":[373,144,80,77],"offset":[0,0],"originalSize":[80,77],"capInsets":[0,0,0,0]}],[0],0,[0],[2],[2]],[[{"name":"gift11","rect":[521,245,236,300],"offset":[0,0],"originalSize":[236,300],"rotated":1,"capInsets":[0,0,0,0]}],[0],0,[0],[2],[4]],[[{"name":"gift8","rect":[176,466,87,109],"offset":[0,0],"originalSize":[87,109],"capInsets":[0,0,0,0]}],[0],0,[0],[2],[3]],[[[22,"FestivalTaskView"],[13,"FestivalTaskView",[-16,-17,-18],[[24,-13,-12,-11,-10,-9,-8,-7,-6,-5,-4,-3,-2],[25,45,-14],[27,-15]],[28,-1,0],[5,1280,720],[640,360,0,0,0,0,1,1,1,1]],[13,"key2",[-21,-22,-23,-24],[[1,-20,[50],51]],[0,"3a04TqIgZFQYHokWztc3o3",-19],[5,236,300],[263,35.457,0,0,0,0,1,1,1,1]],[13,"key1",[-27,-28,-29],[[1,-26,[23],24]],[0,"e2X+6EOvZDabGJrpQcQSkv",-25],[5,236,300],[-262,35.457,0,0,0,0,1,1,1,1]],[4,"taskBoard",1,[-31,-32,-33,3,-34,2,-35],[[10,1,0,false,-30,[56],57]],[3,"79if67nshKTrN/ovWVOpFz",1,0],[5,824,584],[0,5.835,0,0,0,0,1,1,1,1]],[4,"gift",4,[-38,-39],[[7,2,-37,[32],33]],[0,"ecmadXyT5LkIVH4iIGET1t",-36],[5,236,300],[1,35.457,0,0,0,0,1,1,1,1]],[15,"keyBoard",false,1,[-41,-42,-43,-44,-45,-46],[[10,1,0,false,-40,[73],74]],[3,"a42wLA4JBM8ZXhNdEurRn6",1,0],[5,657,613],[0,5,0,0,0,0,1,1,1,1]],[16,"item",3,[-47,-48,-49,-50,-51],[0,"dbI+q3yKlHA7LzTbv1mLYE",3]],[4,"btn_5",5,[-54,-55],[[1,-52,[30],31],[5,3,-53,[[8,"7048eYZ1U9Mv56RqL0oYUM0","clickRewardBtn",1]]]],[0,"f2POy4GhpHDaCr78f3SxkG",5],[5,186,67],[0,-245.103,0,0,0,0,1,1,1,0]],[16,"item",2,[-56,-57,-58,-59,-60],[0,"e5aqvDubFMqbtYjNVBGLf/",2]],[4,"btn_5",6,[-64,-65],[[20,1,0,-61,[71],72],[5,3,-62,[[8,"7048eYZ1U9Mv56RqL0oYUM0","clickGetPasswordBtn",1]]],[30,1,1,20,20,10,-63,[5,208,67]]],[3,"e1MMqNhJ5IX6NOoAbIARQQ",1,0],[5,208,67],[-0.901,-239.857,0,0,0,0,1,1,1,0]],[4,"btn_5",3,[-68],[[1,-66,[21],22],[5,3,-67,[[21,"7048eYZ1U9Mv56RqL0oYUM0","clickKeyBtn","1",1]]]],[0,"f2POy4GhpHDaCr78f3SxkG",3],[5,186,67],[0,-245.103,0,0,0,0,1,1,1,0]],[4,"btn_5",2,[-71],[[1,-69,[46],47],[5,3,-70,[[21,"7048eYZ1U9Mv56RqL0oYUM0","clickKeyBtn","2",1]]]],[0,"f2POy4GhpHDaCr78f3SxkG",2],[5,186,67],[0,-245.103,0,0,0,0,1,1,1,0]],[15,"club_pop",false,4,[-73],[[20,1,0,-72,[54],55]],[3,"3cPI9UnIJC4YYXPN62CmpH",1,0],[5,250,100],[372.477,101.637,0,0,0,0,1,1,1,1]],[23,"mask",177,1,[[7,0,-74,[0],1],[26,45,100,100,-75]],[3,"2eDfL0T9xOqa7Wx7Tvdjk2",1,0],[4,4278190080],[5,1280,720]],[2,"btn_close",4,[[7,0,-76,[2],3],[5,3,-77,[[8,"7048eYZ1U9Mv56RqL0oYUM0","close",1]]]],[3,"32Rgi6xVVMjIMcCYtjVQJU",1,0],[5,36.4,34],[394.404,276.177,0,0,0,0,1,2,2,0]],[6,"title",4,[[11,"共庆周年庆",62,65,false,-78,[4],5],[9,2,-79,[4,4278190080]]],[3,"05nZqpB1xPB4hl5E/EemIl",1,0],[4,4282891513],[5,314,85.9],[0,238.379,0,0,0,0,1,1,1,1]],[17,"bg",4,[[19,45,16.19999999999999,16.19999999999999,85.68222453566712,24.68222453566713,880,420,-80],[10,1,0,false,-81,[6],7]],[3,"7bSjmjb4VGxqeqZ65zvDpr",1,0],[5,791.6,473.63555092866574],[0,0.5,1],[0,206.3177754643329,0,0,0,0,1,1,1,1]],[14,"key1_text",3,[[-82,[9,3,-83,[4,4278190080]]],1,4],[0,"78O1GiiiRBo4N0jeP0vUjX",3],[5,119.44,31.2],[0.901,-182.146,0,0,0,0,1,1,1,1]],[14,"gift_text",5,[[-84,[9,3,-85,[4,4278190080]]],1,4],[0,"78O1GiiiRBo4N0jeP0vUjX",5],[5,139.44,31.2],[0.901,-182.146,0,0,0,0,1,1,1,1]],[14,"key2_text",2,[[-86,[9,3,-87,[4,4278190080]]],1,4],[0,"78O1GiiiRBo4N0jeP0vUjX",2],[5,119.44,31.2],[0.901,-182.146,0,0,0,0,1,1,1,1]],[2,"magnifier",2,[[1,-88,[48],49],[29,-89,[[8,"7048eYZ1U9Mv56RqL0oYUM0","clickKey2TipsBtn",1]]]],[0,"d1yp6RdwlEFpuGB8MbA2xR",2],[5,34,34],[109.785,139.94,0,0,0,0,1,1,1,1]],[2,"New Label",13,[[31,"西游关卡内概率掉落",27,27,false,1,1,3,-90,[52],53],[34,-91,[4,4293494334]]],[3,"b220fVcP5Hg76q/4d2NCu9",1,0],[5,210,63.019999999999996],[0,0.879,0,0,0,0,1,1,1,1]],[2,"btn_close",6,[[7,0,-92,[58],59],[5,3,-93,[[8,"7048eYZ1U9Mv56RqL0oYUM0","hideKeyBoard",1]]]],[3,"a3J5WAzq5M378ZKKZ2AukO",1,0],[5,36.4,34],[319.205,285.945,0,0,0,0,1,2,2,0]],[6,"title",6,[[11,"周年庆钥匙奖励",62,65,false,-94,[60],61],[9,2,-95,[4,4278190080]]],[3,"c5kn5sxN1Kl5thXpd6XkSO",1,0],[4,4282891513],[5,438,85.9],[0,248.931,0,0,0,0,1,1,1,1]],[17,"bg",6,[[19,45,16.19999999999999,16.19999999999999,85.68222453566712,24.68222453566713,880,420,-96],[10,1,0,false,-97,[62],63]],[3,"3aeJuik/9FIJ6HMA4+IE96",1,0],[5,624.6,502.63555092866574],[0,0.5,1],[0,220.8177754643329,0,0,0,0,1,1,1,1]],[2,"gift14",7,[[1,-98,[8],9]],[0,"68lw6ZVilGOoiS/CfWtakd",3],[5,77,50],[-48.473,42.792,0,0,0,0,1,1,1,1]],[2,"gift13",7,[[1,-99,[10],11]],[0,"58gxlZGKVKNqE3las2TjC+",3],[5,93,81],[44.531,30.469,0,0,0,0,1,1,1,1]],[2,"gift7",7,[[1,-100,[12],13]],[0,"e5qDqu13xGtZkf+Bmg1+oU",3],[5,80,77],[-51.384,-40.506,0,0,0,0,1,1,1,1]],[2,"gift2",7,[[1,-101,[14],15]],[0,"34WlwWelNFe4/Yos6qMHts",3],[5,101,82],[39.359,-69.757,0,0,0,0,1,1,1,1]],[2,"gift9",7,[[1,-102,[16],17]],[0,"64/R7/gJdOIbq93zoIUV3t",3],[5,40,42],[70.509,-45.025,0,0,0,0,1,1,1,1]],[12,"已获取 0/0",20,20,false,18,[18]],[6,"text",11,[[11,"领取",28,28,false,-103,[19],20]],[0,"65hq64/HFHxqiPrOPsrwN8",3],[4,4285072899],[5,56,35.28],[0,-2.739,0,0,0,0,1,1,1,1]],[32,"收集进度 0/0",20,20,false,1,19,[25]],[6,"text",8,[[11,"领取",28,28,false,-104,[26],27]],[0,"65hq64/HFHxqiPrOPsrwN8",5],[4,4285072899],[5,56,35.28],[21.244,-2.739,0,0,0,0,1,1,1,1]],[2,"New Sprite(Splash)",8,[[1,-105,[28],29]],[0,"aevcWrN/dO6r4Qt+87HUuL",5],[5,51,47],[-38.353,0,0,0,0,0,1,1,1,1]],[2,"gift15",9,[[1,-106,[34],35]],[0,"93f9K882ZBXq722YW+vr8C",2],[5,81,61],[-45.312,41.406,0,0,0,0,1,1,1,1]],[2,"gift13",9,[[1,-107,[36],37]],[0,"46nR4RkaFDzYO5xg8RRBY9",2],[5,83,94],[46.875,35.156,0,0,0,0,1,1,1,1]],[2,"gift7",9,[[1,-108,[38],39]],[0,"86Qp/eSIZC87SJrLlDL2a0",2],[5,80,77],[-52.344,-40.625,0,0,0,0,1,1,1,1]],[2,"gift8",9,[[1,-109,[40],41]],[0,"10aCK84QVO+LUwj9+cmbgp",2],[5,87,109],[33.932,-62.617,0,0,0,0,1,1,1,1]],[2,"gift9",9,[[1,-110,[42],43]],[0,"fajsceakZHSYHVPe/5E1XX",2],[5,40,42],[61.055,-43.13,0,0,0,0,1,1,1,1]],[12,"已获取 0/0",20,20,false,20,[44]],[18,"text",12,[-111],[0,"65hq64/HFHxqiPrOPsrwN8",2],[4,4285072899],[5,56,35.28],[0,-2.739,0,0,0,0,1,1,1,1]],[12,"领取",28,28,false,42,[45]],[2,"New Sprite(Splash)",6,[[7,2,-112,[64],65]],[3,"390avaBQNNj7D04otw4ryO",1,0],[5,573,349],[0,27,0,0,0,0,1,1,1,1]],[18,"text",6,[-113],[3,"86h9xSAFFOlbYWBsJ2mrz2",1,0],[4,4283692543],[5,429.91,35.28],[0,-179.953,0,0,0,0,1,1,1,1]],[12,"口令《嘉年华钥匙1》联系客服领取",28,28,false,45,[66]],[2,"gift5",10,[[1,-114,[67],68]],[3,"3cF0y4Fw9Ot4dHackouPYD",1,0],[5,46,37],[-61,0,0,0,0,0,1,1,1,1]],[6,"text",10,[[33,"联系客服",28,28,false,1,-115,[69],70]],[3,"21+i1E67ZM9IAaNbpz0qbY",1,0],[4,4285072899],[5,112,35.28],[28,0,0,0,0,0,1,1,1,1]]],0,[0,4,1,0,6,13,0,7,46,0,8,6,0,9,4,0,10,12,0,11,43,0,12,41,0,13,11,0,14,31,0,15,8,0,16,33,0,0,1,0,0,1,0,0,1,0,-1,14,0,-2,4,0,-3,6,0,4,2,0,0,2,0,-1,9,0,-2,20,0,-3,12,0,-4,21,0,4,3,0,0,3,0,-1,7,0,-2,18,0,-3,11,0,0,4,0,-1,15,0,-2,16,0,-3,17,0,-5,5,0,-7,13,0,4,5,0,0,5,0,-1,19,0,-2,8,0,0,6,0,-1,23,0,-2,24,0,-3,25,0,-4,44,0,-5,45,0,-6,10,0,-1,26,0,-2,27,0,-3,28,0,-4,29,0,-5,30,0,0,8,0,0,8,0,-1,34,0,-2,35,0,-1,36,0,-2,37,0,-3,38,0,-4,39,0,-5,40,0,0,10,0,0,10,0,0,10,0,-1,47,0,-2,48,0,0,11,0,0,11,0,-1,32,0,0,12,0,0,12,0,-1,42,0,0,13,0,-1,22,0,0,14,0,0,14,0,0,15,0,0,15,0,0,16,0,0,16,0,0,17,0,0,17,0,-1,31,0,0,18,0,-1,33,0,0,19,0,-1,41,0,0,20,0,0,21,0,0,21,0,0,22,0,0,22,0,0,23,0,0,23,0,0,24,0,0,24,0,0,25,0,0,25,0,0,26,0,0,27,0,0,28,0,0,29,0,0,30,0,0,32,0,0,34,0,0,35,0,0,36,0,0,37,0,0,38,0,0,39,0,0,40,0,-1,43,0,0,44,0,-1,46,0,0,47,0,0,48,0,17,1,2,5,4,3,5,4,115],[0,0,0,0,0,0,0,0,0,0,0,0,0,0,0,0,0,0,0,0,0,0,0,0,0,0,0,0,0,0,0,0,0,0,0,0,0,0,0,0,0,0,0,0,0,0,0,0,0,0,0,0,0,0,0,0,0,0,0,0,0,0,0,0,0,0,0,0,0,0,0,0,0,0,0,31,33,41,43,46],[-1,1,-1,1,-1,3,-1,1,-1,1,-1,1,-1,1,-1,1,-1,1,-1,-1,3,-1,1,-1,1,-1,-1,3,-1,1,-1,1,-1,1,-1,1,-1,1,-1,1,-1,1,-1,1,-1,-1,-1,1,-1,1,-1,1,-1,3,-1,1,-1,1,-1,1,-1,3,-1,1,-1,1,-1,-1,1,-1,3,-1,1,-1,1,3,3,3,3,3],[0,11,0,6,0,1,0,7,0,12,0,13,0,8,0,14,0,9,0,0,1,0,5,0,15,0,0,1,0,16,0,5,0,17,0,18,0,19,0,8,0,20,0,9,0,0,0,5,0,21,0,22,0,1,0,23,0,10,0,6,0,1,0,7,0,24,0,0,25,0,1,0,5,0,10,1,1,1,1,1]],[[{"name":"gift2","rect":[380,231,101,82],"offset":[0,0],"originalSize":[101,82],"capInsets":[0,0,0,0]}],[0],0,[0],[2],[2]],[[{"name":"gift15","rect":[675,3,81,61],"offset":[0,0],"originalSize":[81,61],"capInsets":[0,0,0,0]}],[0],0,[0],[2],[2]],[[{"name":"gift14","rect":[971,868,77,50],"offset":[0,0],"originalSize":[77,50],"rotated":1,"capInsets":[0,0,0,0]}],[0],0,[0],[2],[26]],[[{"name":"gift3","rect":[350,670,236,300],"offset":[0,0],"originalSize":[236,300],"capInsets":[0,0,0,0]}],[0],0,[0],[2],[4]],[[{"name":"gift9","rect":[834,980,40,42],"offset":[0,0],"originalSize":[40,42],"rotated":1,"capInsets":[0,0,0,0]}],[0],0,[0],[2],[4]],[[{"name":"gift1","rect":[658,968,51,47],"offset":[0,0],"originalSize":[51,47],"rotated":1,"capInsets":[0,0,0,0]}],[0],0,[0],[2],[4]]]]