[1,["ecpdLyjvZBwrvm+cedCcQy","f0P147AA1MNLgTreCxnVEL","caohSHbS5GEIzmwCrnMGn5","93vpLh/gxPBbDk75enOPTU","8bTJbJxeRNupvQhP4MKZRt","64IAHuwOJCoJnLhhQ/vaak","37q9ssi/pPraicXQhdEjQC","1d18c5455"],["node","_spriteFrame","root","data","_N$file","_textureSetter"],[["cc.Node",["_name","_active","_components","_prefab","_contentSize","_trs","_parent","_children"],1,9,4,5,7,1,2],["cc.PrefabInfo",["fileId","root","asset"],2,1,1],"cc.SpriteFrame",["cc.Prefab",["_name"],2],["cc.Sprite",["node","_materials","_spriteFrame"],3,1,3,6],["cc.Label",["_string","_fontSize","_lineHeight","_isSystemFontUsed","_N$horizontalAlign","_N$verticalAlign","_N$cacheMode","node","_materials","_N$file"],-4,1,3,6],["cc.LabelOutline",["_width","node","_color"],2,1,5]],[[4,0,1,2,1],[1,0,1,2,2],[0,0,6,2,3,4,5,2],[3,0,2],[0,0,7,2,3,4,5,2],[0,0,6,7,2,3,4,5,2],[0,0,6,2,3,4,2],[0,0,1,6,7,2,3,4,5,3],[1,1,2,1],[5,0,1,2,3,4,5,6,7,8,9,8],[6,0,1,2,2]],[[[[3,"aliFollow_btn"],[4,"aliFollow_btn",[-3,-4,-5],[[0,-2,[10],11]],[8,-1,0],[5,101,98],[0,0,0,0,0,0,1,1,1,0]],[5,"home_icon",1,[-7],[[0,-6,[4],5]],[1,"edaUKspR1Jy5zxgByRFvy/",1,0],[5,97,36],[0,-35,0,0,0,0,1,1,1,1]],[6,"New Label",2,[[9,"游戏复访",20,28,false,1,1,2,-8,[2],3],[10,2,-9,[4,4278190080]]],[1,"9a4GVaNbZDv4R9/uebP6Cc",1,0],[5,84,32]],[7,"red",false,1,[-11],[[0,-10,[8],9]],[1,"f5C6Dhp9RKILdJjt9df1z4",1,0],[5,63,75],[43.236,48.425,0,0,0,0,1,0.75,0.75,1]],[2,"icon",1,[[0,-12,[0],1]],[1,"50f5KlNJlEvJm/CtuPQdg9",1,0],[5,111,82],[7.142,17.142,0,0,0,0,1,1,1,1]],[2,"redTip",4,[[0,-13,[6],7]],[1,"86l+AKHnFGdrZFSCEH2O9F",1,0],[5,38,52],[3.459,6.918,0,0,0,0,1,1,1,1]]],0,[0,2,1,0,0,1,0,-1,5,0,-2,2,0,-3,4,0,0,2,0,-1,3,0,0,3,0,0,3,0,0,4,0,-1,6,0,0,5,0,0,6,0,3,1,13],[0,0,0,0,0,0,0,0,0,0,0,0],[-1,1,-1,4,-1,1,-1,1,-1,1,-1,1],[0,1,0,2,0,3,0,4,0,5,0,6]],[[{"name":"follow","rect":[910,845,111,82],"offset":[0,0],"originalSize":[111,82],"capInsets":[0,0,0,0]}],[2],0,[0],[5],[7]]]]