[1,["ecpdLyjvZBwrvm+cedCcQy","7cyg3gwbhDeopSQsExPaU3","32VLu002JKerKYKLEiIZZ7","7a/QZLET9IDreTiBfRn2PD","6a9PBAXsdOU5/xHe61v3RM","fcZ+ievtBNOZfoL2DYYYcg","367ILNtRxB35+pBfcxOPnJ"],["_parent","node","root","data","_spriteFrame","_textureSetter","shootNode","body","animation","bulletPrefab","_N$skeletonData"],[["cc.Node",["_name","_groupIndex","_prefab","_parent","_children","_components","_contentSize","_trs"],1,4,1,2,9,5,7],["cc.Node",["_name","_groupIndex","_prefab","_children","_parent","_components"],1,4,12,1,2],["cc.PrefabInfo",["fileId","root","asset"],2,1,1],"cc.SpriteFrame",["cc.Prefab",["_name"],2],["cc.Node",["_name","_children","_components","_prefab","_trs"],2,2,12,4,7],["cc.Node",["_name","_parent","_children","_prefab"],2,1,9,4],["cc.Node",["_name","_parent","_children","_components","_prefab","_contentSize","_trs"],2,1,2,2,4,5,7],["cc.CircleCollider",["_radius","node"],2,1],["fee5cYvFCdESpVzGX06894o",["node"],3,1],["cc.Sprite",["node","_materials","_spriteFrame"],3,1,3,6],["64a61e7cCtKGIFerGr5ltkK",["node","animation","body","shootNode","bulletPrefab"],3,1,1,1,1,6],["sp.Skeleton",["defaultSkin","defaultAnimation","_preCacheMode","_animationName","node","_materials"],-1,1,3],["cc.BoxCollider",["node","_offset","_size"],3,1,5,5],["96c396uvMtPhLUJFoRD9JmK",["node","body"],3,1,1],["261d4+Q1HdGA5w3tjdBw83c",["node","spineAnimation"],3,1,1],["sp.SkeletonData",["_name","_atlasText","textureNames","_skeletonJson","textures"],-1,3]],[[2,0,1,2,2],[0,0,3,2,2],[0,0,3,4,2,2],[4,0,2],[6,0,1,2,3,2],[2,1,2,1],[0,0,1,4,5,2,3],[0,0,3,5,2,6,2],[0,0,3,2,7,2],[5,0,1,2,3,4,2],[1,0,3,2,2],[1,0,4,3,2,2],[1,0,1,4,5,2,3],[7,0,1,2,3,4,5,6,2],[8,0,1,2],[9,0,1],[10,0,1,2,1],[11,0,1,2,3,4,1],[12,0,1,2,3,4,5,5],[13,0,1,2,1],[14,0,1,1],[15,0,1,1],[16,0,1,2,3,4,5]],[[[[3,"MelonPultBullet"],[6,"MelonPultBullet",1,[-4],[[14,35,-2],[15,-3]],[5,-1,0]],[7,"melon_Bullet",1,[[16,-5,[0],1]],[0,"45uan1QM1AEZWOW5b+X3GN",1,0],[5,74,61]]],0,[0,2,1,0,1,1,0,1,1,0,-1,2,0,1,2,0,3,1,5],[0,0],[-1,4],[0,1]],[[{"name":"melon_Bullet","rect":[0,0,74,61],"offset":[0,0],"originalSize":[74,61],"capInsets":[0,0,0,0]}],[3],0,[0],[5],[2]],[[[3,"MelonPult"],[9,"MelonPult",[-7,-8,-9],[[-2,[17,-6,-5,-4,-3,1]],1,4],[5,-1,0],[-494,-293,0,0,0,0,1,1,1,1]],[10,"ATTACHED_NODE:bone",[[[1,"ATTACHED_NODE:yezi0",-10,[0,"1eH5AAQsJC4Ybfp7/cWjV5",1,0]],[1,"ATTACHED_NODE:yezi1",-11,[0,"b0bzGzRDxCl4w9EY6GWOFZ",1,0]],-12,[1,"ATTACHED_NODE:yezi2",-13,[0,"5behKC2gBDfqz0EtW7cntt",1,0]],[1,"ATTACHED_NODE:yezi3",-14,[0,"e5ADhG51ZMq5zAWmSMTeJh",1,0]]],4,4,1,4,4],[0,"26BONNQtNNR68lqV8gU6QC",1,0]],[11,"ATTACHED_NODE:shenti",2,[[[1,"ATTACHED_NODE:shenti2",-15,[0,"d8z5cAHiJKSrKXd4aVXHgE",1,0]],-16,[1,"ATTACHED_NODE:shenti4",-17,[0,"26Ke3YAl9OQZ++TCjjyVQ8",1,0]],-18],4,1,4,1],[0,"ea9ibhz/RFCqn3Zw7lufRm",1,0]],[4,"ATTACHED_NODE:meimao",3,[[1,"ATTACHED_NODE:eye1",-19,[0,"1a7kvM+g5C8Y/x+itzjXoD",1,0]],[1,"ATTACHED_NODE:meimao1",-20,[0,"b7IxeZhxpFwbBJqvyBOyKD",1,0]],[1,"ATTACHED_NODE:eye0",-21,[0,"92NQ9qv/FHJqb6p+2+m8pO",1,0]]],[0,"b8QGFNJJ9AwoHnnGSyLuFU",1,0]],[13,"xiguatoushou",1,[-23],[-22],[0,"71V/T3RR5AFYPGeWgfZ5WW",1,0],[5,111.79,104],[0,30,0,0,0,0,1,1,1,1]],[12,"bodyC",5,1,[-24,-25],[0,"3eiuSDNvZLm7s8MQsfjpDI",1,0]],[2,"ATTACHED_NODE_TREE",5,[-26],[0,"8bzfeXPqlP5LnQNClBJm3p",1,0]],[2,"ATTACHED_NODE:root",7,[2],[0,"7bb2ZzVMdLTqcMCFuZgATF",1,0]],[2,"ATTACHED_NODE:teng",3,[-27],[0,"d28ambrytLtaXJGJ218B7m",1,0]],[4,"ATTACHED_NODE:zhe",9,[[1,"ATTACHED_NODE:xiaogua",-28,[0,"41oH1c0xdFPbGKfm7EoOvs",1,0]]],[0,"cbAGgbexhFZ7vIOvqFeelc",1,0]],[18,"default","daiji",0,"daiji",5,[0]],[8,"shoot",1,[0,"acsGZ9oK5GnrDRs+TG5mdA",1,0],[-38,129,0,0,0,0,1,1,1,1]],[19,6,[0,0,80],[5,100,160]],[20,6,13],[21,1,11]],0,[0,2,1,0,-1,15,0,6,12,0,7,14,0,8,15,0,1,1,0,-1,5,0,-2,12,0,-3,6,0,0,2,0,0,2,0,-3,3,0,0,2,0,0,2,0,0,3,0,-2,4,0,0,3,0,-4,9,0,0,4,0,0,4,0,0,4,0,-1,11,0,-1,7,0,-1,13,0,-2,14,0,-1,8,0,-1,10,0,0,10,0,3,1,2,0,8,28],[0,0,11],[-1,9,10],[3,4,5]],[[[22,"xiguatoushou","\nxiguatoushou.png\nsize: 1028,1068\nformat: RGBA8888\nfilter: Linear,Linear\nrepeat: none\neye0\n  rotate: false\n  xy: 273, 477\n  size: 90, 107\n  orig: 90, 107\n  offset: 0, 0\n  index: -1\neye1\n  rotate: true\n  xy: 773, 8\n  size: 60, 96\n  orig: 61, 96\n  offset: 0, 0\n  index: -1\nguadi\n  rotate: true\n  xy: 704, 467\n  size: 435, 303\n  orig: 538, 428\n  offset: 49, 124\n  index: -1\nmeimao\n  rotate: false\n  xy: 704, 904\n  size: 322, 162\n  orig: 322, 163\n  offset: 0, 1\n  index: -1\nshenti\n  rotate: false\n  xy: 2, 586\n  size: 700, 480\n  orig: 700, 480\n  offset: 0, 0\n  index: -1\nteng\n  rotate: false\n  xy: 698, 269\n  size: 284, 196\n  orig: 286, 196\n  offset: 1, 0\n  index: -1\nxiaogua\n  rotate: false\n  xy: 2, 2\n  size: 404, 463\n  orig: 404, 463\n  offset: 0, 0\n  index: -1\nyezi0\n  rotate: false\n  xy: 773, 70\n  size: 251, 197\n  orig: 252, 198\n  offset: 0, 1\n  index: -1\nyezi1\n  rotate: false\n  xy: 408, 451\n  size: 288, 133\n  orig: 290, 134\n  offset: 1, 1\n  index: -1\nyezi2\n  rotate: false\n  xy: 2, 468\n  size: 269, 116\n  orig: 269, 116\n  offset: 0, 0\n  index: -1\nyezi3\n  rotate: true\n  xy: 649, 11\n  size: 256, 122\n  orig: 256, 122\n  offset: 0, 0\n  index: -1\nzhe\n  rotate: true\n  xy: 408, 14\n  size: 435, 239\n  orig: 538, 361\n  offset: 48, 119\n  index: -1\n",["xiguatoushou.png"],{"skeleton":{"hash":"bu7oKTMVTc/7xzA/dzTjsPOpJXg","spine":"3.8.99","x":-71.24,"y":-7.88,"width":111.79,"height":104},"bones":[{"name":"root","x":10.67,"y":2.32,"scaleX":0.0947,"scaleY":0.0947},{"name":"bone","parent":"root","x":13.52,"y":14.76},{"name":"yezi0","parent":"bone","length":248,"rotation":-141.82,"x":-39.48,"y":47.51},{"name":"yezi1","parent":"bone","length":260,"rotation":-9.58,"x":15.52,"y":47.51},{"name":"shenti","parent":"bone","length":1,"rotation":90,"x":-71.99,"y":50.87},{"name":"yezi2","parent":"bone","length":253,"rotation":3.77,"x":35.57,"y":57.51},{"name":"yezi3","parent":"bone","length":226,"rotation":-166.79,"x":-199.58,"y":34.16},{"name":"shenti2","parent":"shenti","x":126.37,"y":-101.84},{"name":"meimao","parent":"shenti","length":2,"rotation":25.94,"x":157.43,"y":-94.73},{"name":"shenti4","parent":"shenti","x":316.48,"y":33.73},{"name":"teng","parent":"shenti","length":231,"rotation":54.17,"x":317.97,"y":192.3},{"name":"eye1","parent":"meimao","x":-47.85,"y":-80.12},{"name":"meimao1","parent":"meimao","x":50.56,"y":-5.39},{"name":"zhe","parent":"teng","length":332,"rotation":4.44,"x":235.92,"y":-0.75},{"name":"eye0","parent":"meimao","rotation":-115.94,"x":-17.53,"y":99.24},{"name":"xiaogua","parent":"zhe","rotation":-58.61,"x":230.26,"y":-137.31}],"slots":[{"name":"guadi","bone":"zhe","attachment":"guadi"},{"name":"xiaogua","bone":"xiaogua","attachment":"xiaogua"},{"name":"zhe","bone":"zhe","attachment":"zhe"},{"name":"teng","bone":"teng","attachment":"teng"},{"name":"yezi3","bone":"yezi3","attachment":"yezi3"},{"name":"yezi2","bone":"yezi2","attachment":"yezi2"},{"name":"yezi1","bone":"yezi1","attachment":"yezi1"},{"name":"yezi0","bone":"yezi0","attachment":"yezi0"},{"name":"shenti","bone":"shenti4","attachment":"shenti"},{"name":"eye1","bone":"eye1","attachment":"eye1"},{"name":"eye0","bone":"eye0","attachment":"eye0"},{"name":"meimao","bone":"meimao1","attachment":"meimao"}],"skins":[{"name":"default","attachments":{"eye0":{"eye0":{"x":0.57,"y":-3.02,"width":90,"height":107}},"eye1":{"eye1":{"x":4.47,"y":1.7,"rotation":-115.94,"width":61,"height":96}},"guadi":{"guadi":{"x":152.07,"y":-5.39,"rotation":-156.8,"width":538,"height":428}},"meimao":{"meimao":{"x":4.04,"y":26.65,"rotation":-115.94,"width":322,"height":163}},"shenti":{"shenti":{"type":"mesh","hull":41,"uvs":[0.96007,0.19927,0.91914,0.13458,0.85371,0.07312,0.77043,0.02344,0.70264,0,0.62643,0,0.54214,0,0.445,0,0.36779,0.02531,0.29871,0.05937,0.22257,0.11385,0.14064,0.19073,0.08093,0.26583,0.0365,0.34948,0.00836,0.43813,0.00014,0.48948,0.00014,0.55948,0.00014,0.65323,0.01057,0.72458,0.03721,0.78854,0.07243,0.84833,0.12057,0.8976,0.17957,0.94479,0.2385,0.97729,0.31186,1,0.3945,1,0.47436,1,0.51457,0.99938,0.59007,0.97969,0.66414,0.95031,0.731,0.91135,0.79714,0.85885,0.84893,0.80646,0.90071,0.74458,0.9395,0.67854,0.97043,0.61031,0.99636,0.53281,1,0.47927,1,0.37344,1,0.33563,0.98414,0.25802,0.90336,0.31781,0.851,0.19604,0.75629,0.1125,0.61421,0.09979,0.49836,0.11427,0.35629,0.13979,0.23414,0.23969,0.15436,0.3851,0.107,0.56865,0.17679,0.75406,0.30264,0.84667,0.46093,0.87219,0.63414,0.8249,0.75007,0.74313,0.84979,0.625,0.88343,0.47052,0.76007,0.26698,0.65414,0.23063,0.54821,0.23969,0.44721,0.26698,0.33386,0.31063,0.27529,0.42323,0.289,0.57958,0.37121,0.705,0.57436,0.68865,0.73886,0.62135,0.79493,0.45417,0.70393,0.37417,0.618,0.35604,0.50457,0.38688,0.39864,0.4324,0.39986,0.545,0.517,0.545,0.63293,0.51229],"triangles":[74,66,67,68,74,67,58,69,68,59,70,69,60,71,70,71,62,72,70,71,73,71,72,73,72,64,73,73,64,65,69,70,74,69,74,68,70,73,74,74,65,66,73,65,74,66,65,54,57,68,67,67,66,55,42,41,0,43,58,57,22,23,51,51,23,24,52,27,28,55,33,34,55,32,33,55,34,35,56,36,37,39,41,38,2,42,1,4,43,3,4,44,43,5,44,4,7,45,6,63,64,72,63,50,51,50,22,51,62,49,63,48,49,62,49,50,63,50,21,22,11,48,47,18,19,49,11,12,48,49,19,50,20,21,50,19,20,50,14,49,48,13,14,48,12,13,48,17,18,49,14,15,49,15,16,49,16,17,49,44,58,43,59,69,58,44,59,58,45,59,44,6,45,44,60,70,59,45,60,59,46,60,45,7,46,45,8,46,7,61,71,60,46,61,60,47,61,46,9,46,8,9,10,46,10,47,46,10,11,47,62,63,72,47,62,61,47,48,62,61,62,71,6,44,5,43,42,2,3,43,2,1,42,0,0,41,40,40,41,39,38,56,37,56,35,36,54,31,32,54,30,31,53,29,30,53,28,29,52,26,27,51,24,25,52,25,26,51,25,52,43,57,42,42,57,41,58,68,57,41,56,38,57,67,41,56,55,35,67,56,41,63,51,64,64,51,52,55,54,32,67,55,56,66,54,55,52,28,53,64,52,65,53,30,54,65,53,54,65,52,53],"vertices":[1,9,-20.01,-344.91,1,1,9,11.04,-316.26,1,1,9,40.54,-270.46,1,1,9,64.39,-212.16,1,1,9,75.69,-164.71,1,1,9,75.69,-111.36,1,1,9,75.69,-52.36,1,1,9,75.69,15.64,1,1,9,63.49,69.69,1,1,9,47.14,118.04,1,1,9,20.99,171.34,1,1,9,-15.91,228.69,1,1,9,-51.96,270.49,1,1,9,-92.11,301.59,1,1,9,-134.66,321.29,1,1,9,-159.31,327.04,1,1,9,-192.91,327.04,1,1,9,-237.91,327.04,1,1,9,-272.16,319.74,1,1,9,-302.86,301.09,1,1,9,-331.56,276.44,1,1,9,-355.21,242.74,1,1,9,-377.86,201.44,1,1,9,-393.46,160.19,1,1,9,-404.36,108.84,1,1,9,-404.36,50.99,1,1,9,-404.36,-4.91,1,1,9,-404.06,-33.06,1,1,9,-394.61,-85.91,1,1,9,-380.51,-137.76,1,1,9,-361.81,-184.56,1,1,9,-336.61,-230.86,1,1,9,-311.46,-267.11,1,1,9,-281.76,-303.36,1,1,9,-250.06,-330.51,1,1,9,-217.31,-352.16,1,1,9,-180.11,-370.31,1,1,9,-154.41,-372.86,1,1,9,-103.61,-372.91,1,1,9,-85.46,-372.91,1,1,9,-48.21,-361.76,1,2,9,-76.91,-305.21,0.71,7,113.19,-169.63,0.29,2,9,-18.46,-268.56,0.71,7,171.64,-132.98,0.29,2,9,21.64,-202.26,0.85,7,211.74,-66.68,0.15,2,9,27.74,-102.81,0.85,7,217.84,32.77,0.15,2,9,20.79,-21.71,0.85,7,210.89,113.87,0.15,2,9,8.54,77.74,0.85,7,198.64,213.32,0.15,2,9,-39.41,163.24,0.85,7,150.69,298.82,0.15,2,9,-109.21,219.09,0.85,7,80.89,354.67,0.15,2,9,-197.31,252.24,0.85,7,-7.21,387.82,0.15,2,9,-286.31,203.39,0.85,7,-96.21,338.97,0.15,2,9,-330.76,115.29,0.71,7,-140.66,250.87,0.29,2,9,-343.01,4.49,0.71,7,-152.9,140.06,0.29,2,9,-320.31,-116.76,0.71,7,-130.2,18.82,0.29,2,9,-281.06,-197.91,0.71,7,-90.96,-62.33,0.29,2,9,-224.36,-267.71,0.85,7,-34.26,-132.13,0.15,2,9,-150.21,-291.26,0.71,7,39.89,-155.68,0.29,2,9,-52.51,-204.91,0.65,7,137.59,-69.33,0.35,2,9,-35.06,-130.76,0.65,7,155.04,4.82,0.35,2,9,-39.41,-56.61,0.65,7,150.69,78.97,0.35,2,9,-52.51,14.09,0.65,7,137.59,149.67,0.35,2,9,-73.46,93.44,0.65,7,116.64,229.02,0.35,2,9,-127.51,134.44,0.65,7,62.59,270.02,0.35,2,9,-202.56,124.84,0.65,7,-12.46,260.42,0.35,2,9,-262.76,67.29,0.65,7,-72.66,202.87,0.35,2,9,-254.91,-74.91,0.35,7,-64.81,60.67,0.65,2,9,-222.61,-190.06,0.35,7,-32.51,-54.48,0.65,2,9,-142.36,-229.31,0.58,7,47.74,-93.73,0.42,2,9,-103.96,-165.61,0.35,7,86.14,-30.03,0.65,2,9,-95.26,-105.46,0.35,7,94.84,30.12,0.65,2,9,-110.06,-26.06,0.35,7,80.04,109.52,0.65,2,9,-131.91,48.09,0.35,7,58.19,183.67,0.65,2,9,-185.96,47.24,0.35,7,4.14,182.82,0.65,2,9,-185.96,-34.76,0.15,7,4.14,100.82,0.85,2,9,-170.26,-115.91,0.15,7,19.84,19.67,0.85]}},"teng":{"teng":{"x":101.4,"y":8.56,"rotation":-152.36,"width":286,"height":196}},"xiaogua":{"xiaogua":{"rotation":-90,"width":404,"height":463}},"yezi0":{"yezi0":{"x":129.12,"y":-11.16,"rotation":141.82,"width":252,"height":198}},"yezi1":{"yezi1":{"x":132.1,"y":8.07,"rotation":9.58,"width":290,"height":134}},"yezi2":{"yezi2":{"x":133.6,"y":19.22,"rotation":-3.77,"width":269,"height":116}},"yezi3":{"yezi3":{"x":114.45,"y":0.55,"rotation":166.79,"width":256,"height":122}},"zhe":{"zhe":{"x":139.46,"y":24.02,"rotation":-156.8,"width":538,"height":361}}}}],"events":{"gongji":{}},"animations":{"daiji":{"bones":{"yezi1":{"rotate":[{"angle":18.62},{"time":0.25,"angle":-7.99,"curve":"stepped"},{"time":0.75,"angle":-7.99},{"time":1,"angle":15.75}]},"yezi0":{"rotate":[{"time":0.25},{"time":0.5,"angle":-20.22},{"time":0.75}]},"yezi2":{"rotate":[{"angle":2.01},{"time":0.125,"angle":6.24},{"time":0.375,"angle":-18.13,"curve":"stepped"},{"time":0.875,"angle":-18.13},{"time":1,"angle":2.01}]},"yezi3":{"rotate":[{"angle":10.66,"curve":"stepped"},{"time":0.25,"angle":10.66},{"time":0.5,"angle":-17.78},{"time":0.9167,"angle":10.66}]},"shenti":{"rotate":[{"angle":4.69},{"time":0.25,"angle":-4.78},{"time":0.5,"angle":-6.04},{"time":0.75,"angle":-0.05},{"time":1,"angle":4.69}]},"meimao":{"translate":[{"x":-3.83,"y":-17.25},{"time":0.25,"x":-10.53,"y":-52.89},{"time":0.5,"x":21.37,"y":-83.19},{"time":0.75,"x":-10.53,"y":-52.89},{"time":1,"x":-3.83,"y":-17.25}]},"teng":{"rotate":[{"angle":3},{"time":0.25,"angle":19.48},{"time":0.5,"angle":5.17},{"time":0.75,"angle":-7.1},{"time":1,"angle":3}],"translate":[{},{"time":0.5,"x":-17.02,"y":-28.04},{"time":1}],"scale":[{},{"time":0.5,"x":0.8},{"time":1}]},"xiaogua":{"translate":[{"x":12.63,"y":-3.86},{"time":0.5,"x":19.27,"y":-16.31},{"time":1,"x":12.63,"y":-3.86}]},"shenti2":{"rotate":[{"curve":0,"c2":0.19,"c3":0.662,"c4":0.85},{"time":0.25,"angle":-3.83,"curve":0,"c2":0.19,"c3":0.662,"c4":0.85},{"time":0.5,"curve":0,"c2":0.19,"c3":0.662,"c4":0.85},{"time":0.75,"angle":2.36,"curve":0,"c2":0.19,"c3":0.662,"c4":0.85},{"time":1}],"translate":[{"x":-17.15,"y":25.04},{"time":0.25,"x":-34.55,"y":-14.74},{"time":0.5,"x":5.49,"y":-48.91},{"time":0.75,"x":-29.99,"y":-18.73},{"time":1,"x":-17.15,"y":25.04}]},"shenti4":{"rotate":[{},{"time":0.5,"angle":-4.58},{"time":1}],"translate":[{"x":-2.19,"y":37.98},{"time":0.25,"x":-15.88,"y":-7.56},{"time":0.5,"x":21.37,"y":-47.79},{"time":0.75,"x":-20.62,"y":9.17},{"time":1,"x":-2.19,"y":37.98}]}}},"gongji":{"slots":{"xiaogua":{"color":[{"time":0.4583,"color":"ffffffff"},{"time":0.5,"color":"ffffff00","curve":"stepped"},{"time":1,"color":"ffffff00"},{"time":1.1667,"color":"ffffffff"}]}},"bones":{"xiaogua":{"rotate":[{"time":0.8333},{"time":1,"angle":-174.27},{"time":1.125,"angle":-67.68},{"time":1.1667}],"translate":[{"x":10.41,"y":-6.74},{"time":0.1667,"x":19.25,"y":-0.96},{"time":1,"x":15.74,"y":-104.02},{"time":1.0833,"x":91.86,"y":-114.81},{"time":1.1667,"x":10.41,"y":-6.74}]},"yezi1":{"rotate":[{"angle":-7.99}],"scale":[{"time":0.1667},{"time":0.4167,"x":0.9,"y":0.9},{"time":0.5,"x":1.2,"y":1.2},{"time":0.625}]},"yezi0":{"scale":[{"time":0.1667},{"time":0.4167,"x":0.9,"y":0.9},{"time":0.5,"x":1.3,"y":1.3},{"time":0.5833}]},"yezi2":{"rotate":[{"angle":-18.13}],"scale":[{"time":0.1667},{"time":0.4167,"x":0.9,"y":0.9},{"time":0.5,"x":1.2,"y":1.2},{"time":0.6667}]},"yezi3":{"rotate":[{"angle":10.66}],"scale":[{"time":0.1667},{"time":0.4167,"x":0.9,"y":0.9},{"time":0.5,"x":1.2,"y":1.2},{"time":0.625}]},"shenti":{"rotate":[{"angle":-4.78},{"time":0.1667,"angle":4.69,"curve":"stepped"},{"time":0.4167,"angle":4.69},{"time":0.4583,"angle":-4.78}],"scale":[{"time":0.4167},{"time":0.5,"x":1.05,"y":1.05},{"time":0.5833},{"time":0.6667,"x":1.05,"y":1.05},{"time":1}]},"meimao":{"rotate":[{"time":0.4583},{"time":0.5417,"angle":-3.95},{"time":0.625}],"translate":[{"x":-3.83,"y":-17.25},{"time":0.1667,"x":140.3,"y":66.62},{"time":0.4167,"x":156.73,"y":72.83},{"time":0.4583,"x":-76.19,"y":-43.2},{"time":0.5417,"x":45.11,"y":-31.63},{"time":0.625,"x":-3.83,"y":-17.25}]},"teng":{"rotate":[{"angle":3},{"time":0.1667,"angle":31.52,"curve":"stepped"},{"time":0.4167,"angle":31.52},{"time":0.5,"angle":-72.5},{"time":0.5833,"angle":-37.32},{"time":0.6667,"angle":-72.5},{"time":0.75,"angle":-37.32},{"time":0.8333,"angle":-72.5},{"time":1,"angle":15.93},{"time":1.0833,"angle":24.15},{"time":1.1667,"angle":3}]},"zhe":{"rotate":[{"time":0.1667},{"time":0.4167,"angle":-20.02},{"time":0.5,"angle":-5.2,"curve":"stepped"},{"time":0.5833,"angle":-5.2},{"time":0.6667,"angle":-33.42},{"time":0.75,"angle":-5.2},{"time":0.8333,"angle":-23.28},{"time":1,"angle":32.79},{"time":1.0833,"angle":-23.12},{"time":1.1667}]},"shenti2":{"translate":[{"x":-17.15,"y":25.04},{"time":0.1667,"x":144.01,"y":93.75,"curve":0,"c2":0.19,"c3":0.662,"c4":0.85},{"time":0.4167,"x":169.86,"y":104.12,"curve":0,"c2":0.19,"c3":0.662,"c4":0.85},{"time":0.4583,"x":-75.45,"y":9.33},{"time":0.5417,"x":40.48,"y":48.83},{"time":0.625,"x":-17.15,"y":25.04}]},"shenti4":{"translate":[{"x":-2.19,"y":37.98}]},"meimao1":{"translate":[{},{"time":0.2083,"x":16.24,"y":-0.43},{"time":0.25}]},"eye1":{"rotate":[{},{"time":0.1667,"angle":27.57},{"time":0.5833}]}},"deform":{"default":{"shenti":{"shenti":[{"time":0.4167,"curve":0,"c2":0.19,"c3":0.662,"c4":0.85},{"time":0.4583,"offset":50,"curve":0,"c2":0.19,"c3":0.662,"c4":0.85,"vertices":[-7.72055,-3.65535,-7.27744,0.19823,-8.07855,0.13126,-10.41495,-0.87086,-13.70178,-1.14567,-15.15488,-2.07401,-22.96524,-5.14738,-30.35037,-11.08104,-26.37286,-20.05704,-29.87845,-20.43303,-23.88608,-17.88404,-17.36023,-11.69115,-4.27087,-6.8112,-10.28091,-2.47319,0,0,0,0,0,0,0,0,0,0,0,0,0,0,0,0,0,0,0,0,0,0,0,0,0,0,0,0,0,0,0,0,0,0,0,0,0,0,0,0,0,0,0,0,0,0,0,0,0,0,0,0,0,0,0,0,-8.07956,-2.3305,-8.0795,-2.33055,-18.14322,-10.61898,-18.14319,-10.61903,-7.39313,-8.06517,-7.39307,-8.06519]},{"time":0.5417}]}}},"events":[{"time":0.5,"name":"gongji"}]}}},[0]]],0,0,[0],[-1],[6]]]]