[1,["ecpdLyjvZBwrvm+cedCcQy","4fq17sph1NFIeJdLI9rhTI","b6CrwMp/NORIT8h+gDcYmH","05cYwRV0ZEyafVzcFoVVYj","706LR/J01J8Yg5lN8tyNh5","90E0w8LEVDRredi9aLnuQd","f4/yNED3tPsKRzdJ2Twf0T","aelO81RmRMN6kcCiN5t60J","10pynHqmBHdakWHH6HbHs1","d9CwF28lBC65FWbR9oRmH6","d0S8np7FREMoTuXw9b9nNi","d8NdQUY3tP6YhcAAsE9rOH","36c5KAhmVFkI/TzthPy+ix","72kg+/dJxHRLAu4OBL2Dkk","c48HAtmZRHIbhQj/HkV6FZ","8c0hyRNq5NO5zCavB+r4KT","eaTCjC0o1HEaG8mPBfYryu","060oevlT1OW6hu/1L8+E08","c6aypY3pJMOJOYJQSm7yj4","f73yXj8HVH5r9BQ4lR4TJu","66dAr56atDupJLx/OCnXGz","45C7wd5EVP8b7jzDrqfp4e","22u6lamT5EOoBOOxk/japv"],["_textureSetter","node","_spriteFrame","root","taft","tomb","data"],["cc.SpriteFrame",["cc.Node",["_name","_children","_components","_prefab","_anchorPoint","_parent","_contentSize","_trs"],2,2,9,4,5,1,5,7],["cc.PrefabInfo",["fileId","root","asset"],2,1,1],["cc.Prefab",["_name"],2],["cc.Node",["_name","_parent","_components","_prefab","_contentSize","_trs"],2,1,2,4,5,7],["cbb17mM/rdJO6fjRCGZFwHz",["node","tomb","tombFrames","taft","taftFrames"],3,1,1,3,1,3],["cc.Mask",["node","_materials"],3,1,3],["cc.Sprite",["node","_materials"],3,1,3]],[[2,0,1,2,2],[4,0,1,2,3,4,5,2],[7,0,1,1],[3,0,2],[1,0,1,2,3,4,2],[1,0,5,1,2,3,6,4,7,2],[5,0,1,2,3,4,1],[2,1,2,1],[6,0,1,1]],[[[{"name":"3","rect":[0,0,90,104],"offset":[0,0],"originalSize":[90,104],"capInsets":[0,0,0,0]}],[0],0,[0],[0],[3]],[[{"name":"8","rect":[0,0,84,102],"offset":[0,0],"originalSize":[84,102],"capInsets":[0,0,0,0]}],[0],0,[0],[0],[4]],[[{"name":"4","rect":[0,0,84,102],"offset":[0,0],"originalSize":[84,102],"capInsets":[0,0,0,0]}],[0],0,[0],[0],[5]],[[[3,"Tomb"],[4,"Tomb",[-5,-6],[[6,-4,-3,[3,4,5,6,7,8,9,10,11],-2,[12,13]]],[7,-1,0],[0,0.5,0]],[5,"tomb_mask",1,[-8],[[8,-7,[1]]],[0,"c3NYZqkOFFQ63Q//ZxUCX1",1,0],[5,100,110],[0,0.5,0],[-2,0,0,0,0,0,1,1,1,1]],[1,"1",2,[-9],[0,"aannKuWNJMg7U37SA780Ir",1,0],[5,84,102],[0,44,0,0,0,0,1,1,1,1]],[2,3,[0]],[1,"big_taft",1,[-10],[0,"27ExlOTLZMx4jXMUmYTND1",1,0],[5,104,42],[0,11,0,0,0,0,1,1,1,1]],[2,5,[2]]],0,[0,3,1,0,4,6,0,5,4,0,1,1,0,-1,2,0,-2,5,0,1,2,0,-1,3,0,-1,4,0,-1,6,0,6,1,10],[0,0,0,0,0,0,0,0,0,0,0,0,0,0,4,6],[-1,-1,-1,-1,-2,-3,-4,-5,-6,-7,-8,-9,-1,-2,2,2],[0,0,0,6,7,8,1,9,10,11,12,13,14,2,1,2]],[[{"name":"9","rect":[0,0,80,105],"offset":[0,0],"originalSize":[80,105],"capInsets":[0,0,0,0]}],[0],0,[0],[0],[15]],[[{"name":"2","rect":[0,0,97,91],"offset":[0,0],"originalSize":[97,91],"capInsets":[0,0,0,0]}],[0],0,[0],[0],[16]],[[{"name":"big_taft","rect":[0,0,104,42],"offset":[0,0],"originalSize":[104,42],"capInsets":[0,0,0,0]}],[0],0,[0],[0],[17]],[[{"name":"small_taft","rect":[0,0,74,36],"offset":[0,0],"originalSize":[74,36],"capInsets":[0,0,0,0]}],[0],0,[0],[0],[18]],[[{"name":"6","rect":[0,0,88,94],"offset":[0,0],"originalSize":[88,94],"capInsets":[0,0,0,0]}],[0],0,[0],[0],[19]],[[{"name":"7","rect":[0,0,97,91],"offset":[0,0],"originalSize":[97,91],"capInsets":[0,0,0,0]}],[0],0,[0],[0],[20]],[[{"name":"5","rect":[0,0,80,105],"offset":[0,0],"originalSize":[80,105],"capInsets":[0,0,0,0]}],[0],0,[0],[0],[21]],[[{"name":"1","rect":[0,0,88,94],"offset":[0,0],"originalSize":[88,94],"capInsets":[0,0,0,0]}],[0],0,[0],[0],[22]]]]