[1,["6avWvFtxNFvKBTf+i9SCKH","e3Na6WdjJK9LpgWa8SaKIQ","e9NmjVcyJEvLrwZtqzmnlQ"],["node","root","body","animation","spineAnimation","data","_N$skeletonData"],[["cc.Node",["_name","_components","_prefab","_children","_trs","_parent","_contentSize"],2,12,4,2,7,1,5],["cc.PrefabInfo",["fileId","root","asset"],2,1,1],["261d4+Q1HdGA5w3tjdBw83c",["activeFlash","node","spineAnimation"],2,1,1],["sp.SkeletonData",["_name","_atlasText","textureNames","_skeletonJson","textures"],-1,3],["cc.Prefab",["_name"],2],["cc.Node",["_name","_groupIndex","_parent","_components","_prefab"],1,1,2,4],["794ccTUQuVEDYoMQO0xXY3e",["node","animation","body","shadowOffset"],3,1,1,1,5],["sp.Skeleton",["defaultSkin","defaultAnimation","_preCacheMode","_animationName","node","_materials"],-1,1,3],["cc.BoxCollider",["node","_offset","_size"],3,1,5,5],["96c396uvMtPhLUJFoRD9JmK",["node","body"],3,1,1]],[[1,0,1,2,2],[3,0,1,2,3,4,5],[4,0,2],[0,0,3,1,2,4,2],[0,0,5,1,2,6,2],[5,0,1,2,3,4,3],[6,0,1,2,3,1],[1,1,2,1],[2,1,2,1],[2,0,1,2,2],[7,0,1,2,3,4,5,5],[8,0,1,2,1],[9,0,1,1]],[[[[1,"37_plant","\n37_plant.png\nsize: 512,256\nformat: RGBA8888\nfilter: Linear,Linear\nrepeat: none\n1eye1\n  rotate: false\n  xy: 204, 2\n  size: 78, 30\n  orig: 78, 32\n  offset: 0, 1\n  index: -1\n1eye2\n  rotate: false\n  xy: 204, 34\n  size: 78, 31\n  orig: 78, 32\n  offset: 0, 1\n  index: -1\n1eye3\n  rotate: false\n  xy: 285, 71\n  size: 76, 28\n  orig: 77, 28\n  offset: 1, 0\n  index: -1\n1fx1\n  rotate: false\n  xy: 54, 7\n  size: 43, 92\n  orig: 45, 96\n  offset: 1, 2\n  index: -1\n1fx2\n  rotate: true\n  xy: 99, 67\n  size: 32, 104\n  orig: 35, 109\n  offset: 2, 2\n  index: -1\n1fx3\n  rotate: true\n  xy: 99, 35\n  size: 30, 103\n  orig: 34, 109\n  offset: 2, 3\n  index: -1\n1fx4\n  rotate: true\n  xy: 99, 5\n  size: 28, 103\n  orig: 33, 109\n  offset: 2, 3\n  index: -1\n1head\n  rotate: false\n  xy: 2, 101\n  size: 148, 153\n  orig: 148, 153\n  offset: 0, 0\n  index: -1\n2eye\n  rotate: false\n  xy: 205, 69\n  size: 78, 30\n  orig: 78, 32\n  offset: 0, 1\n  index: -1\n2head\n  rotate: false\n  xy: 152, 101\n  size: 148, 153\n  orig: 148, 153\n  offset: 0, 0\n  index: -1\n3eye\n  rotate: true\n  xy: 2, 18\n  size: 81, 50\n  orig: 81, 52\n  offset: 0, 1\n  index: -1\n3head\n  rotate: false\n  xy: 302, 101\n  size: 148, 153\n  orig: 148, 153\n  offset: 0, 0\n  index: -1\nmouth1\n  rotate: false\n  xy: 284, 40\n  size: 83, 27\n  orig: 85, 29\n  offset: 1, 1\n  index: -1\nmouth2\n  rotate: false\n  xy: 284, 17\n  size: 54, 21\n  orig: 55, 22\n  offset: 1, 0\n  index: -1\nmouth3\n  rotate: true\n  xy: 2, 2\n  size: 14, 10\n  orig: 15, 11\n  offset: 0, 1\n  index: -1\n",["37_plant.png"],{"skeleton":{"hash":"Ai66oUxYfWbs7Iut1U2wqGG7JbI","spine":"3.8.99","x":-37.62,"y":-5.04,"width":66.51,"height":69.03},"bones":[{"name":"root"},{"name":"plant","parent":"root","scaleX":0.09,"scaleY":0.09},{"name":"1head","parent":"plant","length":439.04,"rotation":90,"y":2},{"name":"1fx1","parent":"plant","rotation":90,"x":-63.9,"y":714.84,"skin":true},{"name":"mouth1","parent":"1head","x":224.36,"y":-70.36},{"name":"1head3","parent":"1head","length":72.83,"rotation":79.57,"x":601.38,"y":95.45},{"name":"1head4","parent":"1head","length":109.56,"rotation":-37.35,"x":618.57,"y":49.04},{"name":"1head5","parent":"1head","length":122.53,"rotation":-97.52,"x":583.62,"y":0.33},{"name":"1eye1","parent":"1head","x":302.74,"y":-76.35}],"slots":[{"name":"1head","bone":"1head5","attachment":"1head"},{"name":"mouth1","bone":"mouth1","attachment":"mouth1"},{"name":"1eye3","bone":"1eye1"},{"name":"1eye2","bone":"1eye1"},{"name":"1eye1","bone":"1eye1","attachment":"1eye1"},{"name":"1fx1","bone":"1fx1"}],"skins":[{"name":"default","attachments":{"1fx1":{"1fx1":{"x":164.16,"y":-0.4,"rotation":-90,"width":225,"height":478},"1fx2":{"x":242.16,"y":-5.9,"rotation":-90,"width":174,"height":544},"1fx3":{"x":241.66,"y":-2.9,"rotation":-90,"width":168,"height":545},"1fx4":{"x":239.66,"y":35.6,"scaleX":-1,"rotation":-90,"width":165,"height":545}}}},{"name":"skin_1","bones":["1fx1"],"attachments":{"1eye1":{"1eye1":{"x":4.26,"y":9.35,"rotation":-90,"width":390,"height":162}},"1eye2":{"1eye2":{"x":4.26,"y":9.35,"rotation":-90,"width":390,"height":162}},"1eye3":{"1eye3":{"x":15.26,"y":5.85,"rotation":-90,"width":383,"height":140}},"1head":{"1head":{"type":"mesh","hull":48,"uvs":[0.36818,0.29393,0.11908,0.44028,0,0.58423,0,0.9062,0.38703,1,0.79775,1,1,0.83127,0.99267,0.58423,0.82632,0.39789,0.6246,0.29369,0.58948,0.25021,0.58524,0.20698,0.6107,0.18537,0.65071,0.20523,0.68587,0.2467,0.69254,0.22159,0.6858,0.18512,0.66822,0.14598,0.63063,0.11269,0.58274,0.10743,0.55182,0.11503,0.53303,0.1343,0.53909,0.09867,0.55788,0.06363,0.58941,0.04201,0.6179,0.04377,0.64639,0.07239,0.65367,0.04727,0.6379,0.0204,0.61305,0.00346,0.57971,0.00054,0.52757,0.0093,0.47968,0.04435,0.46149,0.09166,0.45846,0.11327,0.43846,0.08757,0.4039,0.07648,0.35722,0.08699,0.34025,0.13196,0.34146,0.17051,0.34874,0.20965,0.36753,0.21783,0.36632,0.19096,0.3839,0.16993,0.40815,0.17869,0.41481,0.21198,0.40996,0.24645,0.39178,0.27565,0.46695,0.14774,0.48211,0.21491,0.52454,0.16643,0.5306,0.23652,0.57304,0.16351,0.63124,0.16175,0.67003,0.19388,0.5015,0.11152,0.53545,0.04435,0.61244,0.02449,0.45179,0.1933,0.42815,0.13021,0.39602,0.11678,0.36753,0.14949],"triangles":[60,37,36,60,36,35,59,60,35,59,35,34,38,37,60,59,34,48,61,38,60,43,61,60,43,60,59,39,38,61,39,61,43,44,43,59,44,59,48,42,39,43,58,44,48,49,58,48,40,39,42,45,44,58,40,42,41,57,30,29,57,29,28,24,30,57,25,57,28,24,57,25,56,31,30,56,30,24,32,31,56,25,28,27,23,56,24,26,25,27,22,56,23,55,32,56,55,56,22,33,32,55,34,33,55,21,55,22,48,34,55,50,55,21,48,55,50,53,18,17,52,20,19,21,20,52,50,21,52,53,52,19,54,53,17,53,12,52,18,53,19,16,54,17,13,12,53,54,13,53,11,52,12,54,16,15,11,50,52,15,13,54,14,13,15,50,49,48,45,58,49,51,11,10,4,3,2,9,4,0,1,0,4,4,2,1,46,49,51,47,46,51,51,9,47,9,51,10,9,0,47,4,9,8,5,4,8,7,5,8,5,7,6,49,50,51,46,45,49,11,51,50],"vertices":[1,2,483.55,145.91,1,1,2,371.3,330,1,2,2,260.9,418,0.99445,5,255.61,393.23,0.00555,2,2,13.95,418,0.99383,5,210.92,636.1,0.00617,2,2,-58,131.98,0.99383,5,-83.39,655.1,0.00617,2,2,-58,-171.54,0.99938,5,-381.91,600.18,0.00062,1,2,71.42,-321,1,1,2,260.9,-315.58,1,1,2,403.82,-192.65,1,1,2,483.74,-43.58,1,1,2,517.09,-17.63,1,3,2,550.24,-14.49,0.67125,7,19.07,-31.14,0.32805,5,-117.38,30.39,0.0007,3,2,566.82,-33.31,0.33792,7,35.55,-12.25,0.66138,5,-132.89,10.69,0.0007,3,2,551.59,-62.88,0.00458,7,66.86,-23.48,0.99472,5,-164.72,20.32,0.0007,1,7,96.78,-51.61,1,1,7,99.15,-31.86,1,1,7,90.54,-4.78,1,1,7,73.73,23.27,1,2,7,42.85,44.95,0.98783,6,62.07,-74.74,0.01217,2,7,7.24,44.31,0.93545,6,43.81,-44.16,0.06455,4,2,620.78,10.2,0.00062,7,-14.65,35.55,0.76595,6,25.31,-29.53,0.23105,5,-80.33,-34.5,0.00238,4,2,605.99,24.09,0.00062,7,-26.48,19.07,0.45103,6,5.14,-27.46,0.54597,5,-69.35,-17.45,0.00238,4,2,633.32,19.61,0.00062,7,-25.62,46.75,0.17008,6,29.58,-14.44,0.82692,5,-68.81,-45.14,0.00238,2,7,-15.37,75.22,0.00625,6,59.37,-9.18,0.99375,1,6,86.68,-17.64,1,1,6,98.39,-35.19,1,1,6,93.71,-65.25,1,1,6,112.29,-57.84,1,1,6,121.6,-36.07,1,1,6,120.79,-13.59,1,1,6,107.62,7.36,1,2,6,78.9,33.91,0.99668,5,-48.03,-111.01,0.00332,2,6,36.06,45.74,0.92716,5,-18.09,-78.17,0.07284,2,6,-0.94,34.4,0.7569,5,-11.44,-40.05,0.2431,2,6,-15.47,26.13,0.45175,5,-12.23,-23.34,0.54825,2,6,-8.77,49.84,0.18813,5,5.87,-40.05,0.81187,2,6,-17.5,75.3,0.02505,5,32.53,-43.8,0.97495,2,6,-44.84,97.83,0.0002,5,65,-29.63,0.9998,1,5,71.09,6.57,1,1,5,64.86,35.48,1,1,5,54.14,64.03,1,3,2,541.93,146.4,0.00009,7,-139.35,-60.45,0.00002,5,39.35,67.69,0.99989,3,2,562.54,147.29,0.00296,7,-142.93,-40.14,0.00179,5,43.96,47.58,0.99526,4,2,578.66,134.3,0.02137,7,-132.17,-22.45,0.01585,6,-83.45,43.57,0.00004,5,34.1,29.37,0.96273,4,2,571.94,116.38,0.35462,7,-113.52,-26.77,0.01584,6,-77.92,25.25,0.00004,5,15.26,32.74,0.6295,4,2,546.41,111.45,0.68508,7,-105.29,-51.44,0.01407,6,-95.23,5.84,0.00004,5,5.79,56.96,0.30081,1,2,519.98,115.04,1,1,2,497.58,128.48,1,4,2,595.69,72.92,0.01959,7,-73.55,2.46,0.06793,6,-32.68,5.11,0.35252,5,-23.18,1.52,0.55996,1,2,544.17,61.72,1,4,2,581.35,30.36,0.03932,7,-29.48,-6.18,0.58499,6,-18.26,-37.42,0.2853,5,-67.64,7.92,0.09039,1,2,527.59,25.88,1,1,7,5.76,0.74,1,1,7,48.22,7.7,1,1,7,79.88,-12.97,1,1,6,4.89,1.66,1,1,6,61.07,12.97,1,1,6,107.69,-23.02,1,4,2,560.74,84.12,0.13936,7,-80.07,-33.65,0.15741,6,-67.25,-7.19,0.06566,5,-18.49,37.91,0.63758,2,6,-39.39,36.05,0.00936,5,7.45,-6.51,0.99064,2,6,-45.6,61.18,0.00076,5,32.66,-12.35,0.99924,3,2,594.34,146.4,0.00084,7,-146.21,-8.49,0.0003,5,48.83,16.14,0.99886]}},"mouth1":{"mouth1":{"x":-15.86,"y":30.36,"rotation":-90,"width":426,"height":143}}}},{"name":"skin_2","bones":["1fx1"],"attachments":{"1eye1":{"1eye1":{"path":"2eye","x":4.26,"y":9.35,"rotation":-90,"width":390,"height":162}},"1eye2":{"1eye2":{"x":4.26,"y":9.35,"rotation":-90,"width":390,"height":162}},"1eye3":{"1eye3":{"x":15.26,"y":5.85,"rotation":-90,"width":383,"height":140}},"1head":{"1head":{"type":"mesh","path":"2head","hull":48,"uvs":[0.36818,0.29393,0.11908,0.44028,0,0.58423,0,0.9062,0.38703,1,0.79775,1,1,0.83127,0.99267,0.58423,0.82632,0.39789,0.6246,0.29369,0.58948,0.25021,0.58524,0.20698,0.6107,0.18537,0.65071,0.20523,0.68587,0.2467,0.69254,0.22159,0.6858,0.18512,0.66822,0.14598,0.63063,0.11269,0.58274,0.10743,0.55182,0.11503,0.53303,0.1343,0.53909,0.09867,0.55788,0.06363,0.58941,0.04201,0.6179,0.04377,0.64639,0.07239,0.65367,0.04727,0.6379,0.0204,0.61305,0.00346,0.57971,0.00054,0.52757,0.0093,0.47968,0.04435,0.46149,0.09166,0.45846,0.11327,0.43846,0.08757,0.4039,0.07648,0.35722,0.08699,0.34025,0.13196,0.34146,0.17051,0.34874,0.20965,0.36753,0.21783,0.36632,0.19096,0.3839,0.16993,0.40815,0.17869,0.41481,0.21198,0.40996,0.24645,0.39178,0.27565,0.46695,0.14774,0.48211,0.21491,0.52454,0.16643,0.5306,0.23652,0.57304,0.16351,0.63124,0.16175,0.67003,0.19388,0.5015,0.11152,0.53545,0.04435,0.61244,0.02449,0.45179,0.1933,0.42815,0.13021,0.39602,0.11678,0.36753,0.14949],"triangles":[60,37,36,60,36,35,59,60,35,59,35,34,38,37,60,59,34,48,61,38,60,43,61,60,43,60,59,39,38,61,39,61,43,44,43,59,44,59,48,42,39,43,58,44,48,49,58,48,40,39,42,45,44,58,40,42,41,57,30,29,57,29,28,24,30,57,25,57,28,24,57,25,56,31,30,56,30,24,32,31,56,25,28,27,23,56,24,26,25,27,22,56,23,55,32,56,55,56,22,33,32,55,34,33,55,21,55,22,48,34,55,50,55,21,48,55,50,53,18,17,52,20,19,21,20,52,50,21,52,53,52,19,54,53,17,53,12,52,18,53,19,16,54,17,13,12,53,54,13,53,11,52,12,54,16,15,11,50,52,15,13,54,14,13,15,50,49,48,45,58,49,51,11,10,4,3,2,9,4,0,1,0,4,4,2,1,46,49,51,47,46,51,51,9,47,9,51,10,9,0,47,4,9,8,5,4,8,7,5,8,5,7,6,49,50,51,46,45,49,11,51,50],"vertices":[1,2,483.55,145.91,1,1,2,371.3,330,1,2,2,260.9,418,0.99445,5,255.61,393.23,0.00555,2,2,13.95,418,0.99383,5,210.92,636.1,0.00617,2,2,-58,131.98,0.99383,5,-83.39,655.1,0.00617,2,2,-58,-171.54,0.99938,5,-381.91,600.18,0.00062,1,2,71.42,-321,1,1,2,260.9,-315.58,1,1,2,403.82,-192.65,1,1,2,483.74,-43.58,1,1,2,517.09,-17.63,1,3,2,550.24,-14.49,0.67125,7,19.07,-31.14,0.32805,5,-117.38,30.39,0.0007,3,2,566.82,-33.31,0.33792,7,35.55,-12.25,0.66138,5,-132.89,10.69,0.0007,3,2,551.59,-62.88,0.00458,7,66.86,-23.48,0.99472,5,-164.72,20.32,0.0007,1,7,96.78,-51.61,1,1,7,99.15,-31.86,1,1,7,90.54,-4.78,1,1,7,73.73,23.27,1,2,7,42.85,44.95,0.98783,6,62.07,-74.74,0.01217,2,7,7.24,44.31,0.93545,6,43.81,-44.16,0.06455,4,2,620.78,10.2,0.00062,7,-14.65,35.55,0.76595,6,25.31,-29.53,0.23105,5,-80.33,-34.5,0.00238,4,2,605.99,24.09,0.00062,7,-26.48,19.07,0.45103,6,5.14,-27.46,0.54597,5,-69.35,-17.45,0.00238,4,2,633.32,19.61,0.00062,7,-25.62,46.75,0.17008,6,29.58,-14.44,0.82692,5,-68.81,-45.14,0.00238,2,7,-15.37,75.22,0.00625,6,59.37,-9.18,0.99375,1,6,86.68,-17.64,1,1,6,98.39,-35.19,1,1,6,93.71,-65.25,1,1,6,112.29,-57.84,1,1,6,121.6,-36.07,1,1,6,120.79,-13.59,1,1,6,107.62,7.36,1,2,6,78.9,33.91,0.99668,5,-48.03,-111.01,0.00332,2,6,36.06,45.74,0.92716,5,-18.09,-78.17,0.07284,2,6,-0.94,34.4,0.7569,5,-11.44,-40.05,0.2431,2,6,-15.47,26.13,0.45175,5,-12.23,-23.34,0.54825,2,6,-8.77,49.84,0.18813,5,5.87,-40.05,0.81187,2,6,-17.5,75.3,0.02505,5,32.53,-43.8,0.97495,2,6,-44.84,97.83,0.0002,5,65,-29.63,0.9998,1,5,71.09,6.57,1,1,5,64.86,35.48,1,1,5,54.14,64.03,1,3,2,541.93,146.4,0.00009,7,-139.35,-60.45,0.00002,5,39.35,67.69,0.99989,3,2,562.54,147.29,0.00296,7,-142.93,-40.14,0.00179,5,43.96,47.58,0.99526,4,2,578.66,134.3,0.02137,7,-132.17,-22.45,0.01585,6,-83.45,43.57,0.00004,5,34.1,29.37,0.96273,4,2,571.94,116.38,0.35462,7,-113.52,-26.77,0.01584,6,-77.92,25.25,0.00004,5,15.26,32.74,0.6295,4,2,546.41,111.45,0.68508,7,-105.29,-51.44,0.01407,6,-95.23,5.84,0.00004,5,5.79,56.96,0.30081,1,2,519.98,115.04,1,1,2,497.58,128.48,1,4,2,595.69,72.92,0.01959,7,-73.55,2.46,0.06793,6,-32.68,5.11,0.35252,5,-23.18,1.52,0.55996,1,2,544.17,61.72,1,4,2,581.35,30.36,0.03932,7,-29.48,-6.18,0.58499,6,-18.26,-37.42,0.2853,5,-67.64,7.92,0.09039,1,2,527.59,25.88,1,1,7,5.76,0.74,1,1,7,48.22,7.7,1,1,7,79.88,-12.97,1,1,6,4.89,1.66,1,1,6,61.07,12.97,1,1,6,107.69,-23.02,1,4,2,560.74,84.12,0.13936,7,-80.07,-33.65,0.15741,6,-67.25,-7.19,0.06566,5,-18.49,37.91,0.63758,2,6,-39.39,36.05,0.00936,5,7.45,-6.51,0.99064,2,6,-45.6,61.18,0.00076,5,32.66,-12.35,0.99924,3,2,594.34,146.4,0.00084,7,-146.21,-8.49,0.0003,5,48.83,16.14,0.99886]}},"mouth1":{"mouth1":{"path":"mouth2","x":-16.36,"y":0.36,"rotation":-90,"width":274,"height":112}}}},{"name":"skin_3","bones":["1fx1"],"attachments":{"1eye1":{"1eye1":{"path":"3eye","x":-42.24,"y":17.35,"rotation":-90,"width":406,"height":259}},"1eye2":{"1eye2":{"x":4.26,"y":9.35,"rotation":-90,"width":390,"height":162}},"1eye3":{"1eye3":{"x":15.26,"y":5.85,"rotation":-90,"width":383,"height":140}},"1head":{"1head":{"type":"mesh","path":"3head","hull":4,"uvs":[1,1,0,1,0,0,1,0],"triangles":[1,2,3,1,3,0],"vertices":[1,2,-58,-321,1,1,2,-58,418,1,1,2,709,418,1,1,2,709,-321,1]}},"mouth1":{"mouth1":{"path":"mouth3","x":-3.36,"y":-26.64,"rotation":-90,"width":76,"height":54}}}}],"animations":{"idle":{"slots":{"1fx1":{"color":[{"time":0.4,"color":"ffffff00","curve":"stepped"},{"time":0.4667,"color":"ffffffad","curve":"stepped"},{"time":0.5333,"color":"ffffffff"}],"attachment":[{"time":0.4,"name":"1fx1"},{"time":0.5333,"name":"1fx2"},{"time":0.6667,"name":"1fx3"},{"time":0.7333,"name":"1fx4"},{"time":0.8,"name":null}]}},"bones":{"1head":{"scale":[{},{"time":0.1333,"x":1.034,"y":0.959},{"time":0.4667,"x":0.907,"y":1.041},{"time":0.6,"x":0.893,"y":1.088},{"time":0.9333}]},"1head3":{"rotate":[{},{"time":0.1333,"angle":-17.76},{"time":0.4667,"angle":-8.44},{"time":0.6,"angle":2.38},{"time":0.9333}]},"1head4":{"rotate":[{},{"time":0.1333,"angle":10.46},{"time":0.4667,"angle":4.08},{"time":0.6,"angle":-2.87},{"time":0.9333}]},"1head5":{"rotate":[{},{"time":0.1333,"angle":20.72},{"time":0.4667,"angle":4.49},{"time":0.6,"angle":-2.72},{"time":0.9333}]},"1fx1":{"translate":[{"time":0.4,"x":15.3,"y":-214.2,"curve":"stepped"},{"time":0.4667,"x":15.3,"y":-156.6,"curve":"stepped"},{"time":0.5333,"x":23.4,"y":-90,"curve":"stepped"},{"time":0.6,"x":34.2,"y":-10.8,"curve":"stepped"},{"time":0.6667,"x":28.8,"y":99,"curve":"stepped"},{"time":0.7333,"x":48.53,"y":320.54}],"scale":[{"time":0.4,"x":0.923,"y":0.941,"curve":"stepped"},{"time":0.4667,"x":0.946,"y":0.941,"curve":"stepped"},{"time":0.5333,"x":0.901,"y":1.037,"curve":"stepped"},{"time":0.6,"x":0.998,"y":0.974,"curve":"stepped"},{"time":0.6667,"x":0.89,"y":0.764,"curve":"stepped"},{"time":0.7333,"x":0.82}]}}},"idle_eye":{"slots":{"1eye1":{"attachment":[{"time":0.4,"name":null},{"time":0.6,"name":"1eye1"}]},"1eye2":{"attachment":[{"time":0.4,"name":"1eye2"},{"time":0.4667,"name":null},{"time":0.5333,"name":"1eye2"},{"time":0.6,"name":null}]},"1eye3":{"attachment":[{"time":0.4667,"name":"1eye3"},{"time":0.5333,"name":null}]},"1fx1":{"color":[{"time":0.4,"color":"ffffff00","curve":"stepped"},{"time":0.4667,"color":"ffffffbd","curve":"stepped"},{"time":0.5333,"color":"ffffffff","curve":"stepped"},{"time":0.7333,"color":"ffffffb0"}],"attachment":[{"time":0.4,"name":"1fx1"},{"time":0.5333,"name":"1fx2"},{"time":0.6667,"name":"1fx3"},{"time":0.7333,"name":"1fx4"},{"time":0.8,"name":null}]}},"bones":{"1head":{"scale":[{},{"time":0.1333,"x":1.034,"y":0.959},{"time":0.4667,"x":0.907,"y":1.041},{"time":0.6,"x":0.893,"y":1.088},{"time":0.9333}]},"1head3":{"rotate":[{},{"time":0.1333,"angle":-17.76},{"time":0.4667,"angle":-8.44},{"time":0.6,"angle":2.38},{"time":0.9333}]},"1head4":{"rotate":[{},{"time":0.1333,"angle":10.46},{"time":0.4667,"angle":4.08},{"time":0.6,"angle":-2.87},{"time":0.9333}]},"1head5":{"rotate":[{},{"time":0.1333,"angle":20.72},{"time":0.4667,"angle":4.49},{"time":0.6,"angle":-2.72},{"time":0.9333}]},"1fx1":{"translate":[{"time":0.4,"x":15.3,"y":-214.2,"curve":"stepped"},{"time":0.4667,"x":15.3,"y":-156.6,"curve":"stepped"},{"time":0.5333,"x":23.4,"y":-161.82,"curve":"stepped"},{"time":0.6,"x":34.2,"y":-84.11,"curve":"stepped"},{"time":0.6667,"x":28.8,"y":45.13,"curve":"stepped"},{"time":0.7333,"x":48.53,"y":127.52}],"scale":[{"time":0.4,"x":0.923,"y":0.941,"curve":"stepped"},{"time":0.4667,"x":0.688,"y":0.749,"curve":"stepped"},{"time":0.5333,"x":1.005,"y":1.375,"curve":"stepped"},{"time":0.6,"x":0.998,"y":1.08,"curve":"stepped"},{"time":0.6667,"x":0.89,"y":0.764,"curve":"stepped"},{"time":0.7333,"x":0.82}]}}}}},[0]]],0,0,[0],[-1],[0]],[[[2,"Garlic"],[3,"Garlic",[-6,-7],[[-2,[6,-5,-4,-3,[0,-5,3]]],1,4],[7,-1,0],[-494,-293,0,0,0,0,1,1,1,1]],[5,"bodyC",5,1,[-8,-9],[0,"93jb0R/KlPYIE26enZUtB6",1,0]],[4,"37_plant",1,[[-10,[8,-12,-11]],1,4],[0,"41QWzduhhAuJdPMGaeNrKL",1,0],[5,66.51,69.03]],[10,"skin_1","idle",0,"idle",3,[0]],[11,2,[0,0,50],[5,80,100]],[12,2,5],[9,true,1,4]],0,[0,1,1,0,-1,7,0,2,6,0,3,7,0,0,1,0,-1,2,0,-2,3,0,-1,5,0,-2,6,0,-1,4,0,4,4,0,0,3,0,5,1,12],[0,4],[-1,6],[1,2]]]]