[1,["8dUydqvN9CXr4pGvwNYcvU"],0,[["sp.SkeletonData",["_name","_atlasText","textureNames","_skeletonJson","textures"],-1,3]],[[0,0,1,2,3,4,5]],[[0,"effect018","\r\neffect018.png\r\nsize: 1375,205\r\nformat: RGBA8888\r\nfilter: Linear,Linear\r\nrepeat: none\r\nnengliangqiu08\r\n  rotate: true\r\n  xy: 2, 18\r\n  size: 185, 182\r\n  orig: 196, 191\r\n  offset: 5, 4\r\n  index: -1\r\nnengliangqiu09\r\n  rotate: false\r\n  xy: 186, 22\r\n  size: 178, 181\r\n  orig: 186, 188\r\n  offset: 4, 3\r\n  index: -1\r\nnengliangqiu12\r\n  rotate: false\r\n  xy: 528, 50\r\n  size: 142, 153\r\n  orig: 152, 160\r\n  offset: 5, 3\r\n  index: -1\r\nnengliangqiu13\r\n  rotate: false\r\n  xy: 672, 52\r\n  size: 141, 151\r\n  orig: 151, 159\r\n  offset: 5, 4\r\n  index: -1\r\nnengliangqiu14\r\n  rotate: false\r\n  xy: 959, 65\r\n  size: 136, 138\r\n  orig: 146, 145\r\n  offset: 5, 3\r\n  index: -1\r\nnengliangqiu16\r\n  rotate: true\r\n  xy: 815, 56\r\n  size: 147, 142\r\n  orig: 155, 151\r\n  offset: 4, 4\r\n  index: -1\r\nnengliangqiu19\r\n  rotate: false\r\n  xy: 366, 29\r\n  size: 160, 174\r\n  orig: 163, 180\r\n  offset: 0, 3\r\n  index: -1\r\nsd01\r\n  rotate: true\r\n  xy: 1318, 23\r\n  size: 69, 51\r\n  orig: 81, 59\r\n  offset: 4, 4\r\n  index: -1\r\nsd02\r\n  rotate: false\r\n  xy: 366, 7\r\n  size: 50, 20\r\n  orig: 55, 24\r\n  offset: 2, 2\r\n  index: -1\r\nsd03\r\n  rotate: false\r\n  xy: 1106, 42\r\n  size: 109, 55\r\n  orig: 114, 60\r\n  offset: 2, 3\r\n  index: -1\r\nsd04\r\n  rotate: false\r\n  xy: 854, 4\r\n  size: 124, 50\r\n  orig: 130, 56\r\n  offset: 3, 3\r\n  index: -1\r\nsd05\r\n  rotate: true\r\n  xy: 1217, 48\r\n  size: 56, 39\r\n  orig: 96, 46\r\n  offset: 4, 4\r\n  index: -1\r\nsd06\r\n  rotate: false\r\n  xy: 745, 2\r\n  size: 107, 48\r\n  orig: 124, 52\r\n  offset: 14, 1\r\n  index: -1\r\nsd07\r\n  rotate: true\r\n  xy: 1097, 99\r\n  size: 104, 58\r\n  orig: 113, 66\r\n  offset: 4, 2\r\n  index: -1\r\nsd08\r\n  rotate: false\r\n  xy: 1217, 147\r\n  size: 96, 56\r\n  orig: 100, 63\r\n  offset: 2, 2\r\n  index: -1\r\nsd09\r\n  rotate: false\r\n  xy: 640, 3\r\n  size: 103, 45\r\n  orig: 110, 54\r\n  offset: 5, 6\r\n  index: -1\r\nsd10\r\n  rotate: true\r\n  xy: 1157, 112\r\n  size: 91, 55\r\n  orig: 95, 61\r\n  offset: 2, 3\r\n  index: -1\r\nsd11\r\n  rotate: false\r\n  xy: 1214, 106\r\n  size: 100, 39\r\n  orig: 107, 47\r\n  offset: 5, 7\r\n  index: -1\r\nsd12\r\n  rotate: true\r\n  xy: 1318, 94\r\n  size: 109, 55\r\n  orig: 115, 60\r\n  offset: 3, 2\r\n  index: -1\r\nsd13\r\n  rotate: false\r\n  xy: 980, 13\r\n  size: 124, 50\r\n  orig: 130, 56\r\n  offset: 3, 3\r\n  index: -1\r\nsd14\r\n  rotate: false\r\n  xy: 34, 7\r\n  size: 1, 1\r\n  orig: 1, 1\r\n  offset: 0, 0\r\n  index: -1\r\nsd17\r\n  rotate: false\r\n  xy: 34, 7\r\n  size: 1, 1\r\n  orig: 1, 1\r\n  offset: 0, 0\r\n  index: -1\r\nsd15\r\n  rotate: false\r\n  xy: 528, 3\r\n  size: 110, 45\r\n  orig: 124, 51\r\n  offset: 11, 3\r\n  index: -1\r\nsd16\r\n  rotate: false\r\n  xy: 1210, 7\r\n  size: 106, 33\r\n  orig: 113, 44\r\n  offset: 4, 5\r\n  index: -1\r\nsd18\r\n  rotate: false\r\n  xy: 1106, 2\r\n  size: 102, 38\r\n  orig: 110, 44\r\n  offset: 5, 4\r\n  index: -1\r\nsd19\r\n  rotate: true\r\n  xy: 34, 10\r\n  size: 6, 5\r\n  orig: 17, 14\r\n  offset: 6, 3\r\n  index: -1\r\nsd20\r\n  rotate: false\r\n  xy: 2, 4\r\n  size: 30, 12\r\n  orig: 101, 33\r\n  offset: 4, 4\r\n  index: -1\r\n",["effect018.png"],{"skeleton":{"hash":"h1oOoKOymW8z+eE3GQ2ZuLlmHqQ","spine":"3.8.99","fps":24,"images":"D:\\Work\\植物大战僵尸2娘化版\\动画\\娘化版\\工程文件\\特效","audio":"D:\\Work\\植物大战僵尸2娘化版\\动画\\娘化版\\工程文件\\特效"},"bones":[{"name":"root"},{"name":"nengliangqiu","parent":"root","scaleX":0.7,"scaleY":0.7},{"name":"bone4","parent":"root","x":-16.07,"y":-44.44,"scaleX":2,"scaleY":2}],"slots":[{"name":"nengliangqiu","bone":"nengliangqiu","attachment":"nengliangqiu08"},{"name":"sd01","bone":"bone4","attachment":"sd01"}],"skins":[{"name":"default","attachments":{"nengliangqiu":{"nengliangqiu08":{"x":-12.65,"y":-4.12,"width":196,"height":191},"nengliangqiu09":{"x":-12.65,"y":-4.12,"width":186,"height":188},"nengliangqiu12":{"x":-12.65,"y":-4.12,"width":152,"height":160},"nengliangqiu13":{"x":-12.65,"y":-4.12,"width":151,"height":159},"nengliangqiu14":{"x":-12.65,"y":-4.12,"width":146,"height":145},"nengliangqiu16":{"x":-12.65,"y":-4.12,"width":155,"height":151},"nengliangqiu19":{"x":-12.65,"y":-4.12,"width":163,"height":180}},"sd01":{"sd01":{"x":4.84,"y":20.34,"width":81,"height":59},"sd02":{"x":4.84,"y":20.34,"width":55,"height":24},"sd03":{"x":4.84,"y":20.34,"scaleX":1.003,"scaleY":1.003,"width":114,"height":60},"sd04":{"x":4.84,"y":20.34,"width":130,"height":56},"sd05":{"x":4.84,"y":20.34,"width":96,"height":46},"sd06":{"x":4.84,"y":20.34,"width":124,"height":52},"sd07":{"x":4.84,"y":20.34,"width":113,"height":66},"sd08":{"x":4.84,"y":20.34,"width":100,"height":63},"sd09":{"x":4.84,"y":20.34,"width":110,"height":54},"sd10":{"x":4.84,"y":20.34,"width":95,"height":61},"sd11":{"x":4.84,"y":20.34,"width":107,"height":47},"sd12":{"x":4.84,"y":20.34,"width":115,"height":60},"sd13":{"x":4.84,"y":20.34,"width":130,"height":56},"sd14":{"x":4.84,"y":20.34,"width":43,"height":23},"sd15":{"x":4.84,"y":20.34,"width":124,"height":51},"sd16":{"x":4.84,"y":20.34,"width":113,"height":44},"sd17":{"x":4.84,"y":20.34,"width":20,"height":18},"sd18":{"x":4.84,"y":20.34,"width":110,"height":44},"sd19":{"x":4.84,"y":20.34,"width":17,"height":14},"sd20":{"x":4.84,"y":20.34,"width":101,"height":33}}}}],"animations":{"newAnimation":{"slots":{"nengliangqiu":{"attachment":[{"time":0.0417,"name":null},{"time":0.0833,"name":"nengliangqiu12"},{"time":0.125,"name":"nengliangqiu16"},{"time":0.1667,"name":null},{"time":0.2083,"name":"nengliangqiu16"},{"time":0.25,"name":null},{"time":0.2917,"name":"nengliangqiu19"},{"time":0.3333,"name":null}]},"sd01":{"attachment":[{"time":0.0417,"name":"sd02"},{"time":0.0833,"name":"sd03"},{"time":0.125,"name":"sd04"},{"time":0.1667,"name":"sd05"},{"time":0.2083,"name":"sd06"},{"time":0.25,"name":"sd07"},{"time":0.2917,"name":"sd08"},{"time":0.3333,"name":"sd09"},{"time":0.375,"name":"sd10"},{"time":0.4167,"name":"sd12"},{"time":0.4583,"name":"sd14"},{"time":0.5,"name":"sd15"},{"time":0.5421,"name":"sd16"},{"time":0.5838,"name":"sd18"},{"time":0.6255,"name":"sd19"}]}},"bones":{"nengliangqiu":{"scale":[{"x":0.5,"y":0.5},{"time":0.0833},{"time":0.3333,"x":1.5,"y":1.5}]}}}}},[0]]],0,0,[0],[-1],[0]]