[1,["2544fxImJLcrlY7E6WpfUb"],0,[["sp.SkeletonData",["_name","_atlasText","textureNames","_skeletonJson","textures"],-1,3]],[[0,0,1,2,3,4,5]],[[0,"effect004","\r\neffect004.png\r\nsize: 170,1063\r\nformat: RGBA8888\r\nfilter: Linear,Linear\r\nrepeat: none\r\n08qiangsuan/0\r\n  rotate: true\r\n  xy: 2, 349\r\n  size: 147, 166\r\n  orig: 175, 210\r\n  offset: 7, 23\r\n  index: -1\r\n08qiangsuan/1\r\n  rotate: true\r\n  xy: 2, 790\r\n  size: 141, 151\r\n  orig: 174, 176\r\n  offset: 19, 2\r\n  index: -1\r\n08qiangsuan/2\r\n  rotate: true\r\n  xy: 2, 646\r\n  size: 142, 153\r\n  orig: 153, 158\r\n  offset: 4, 2\r\n  index: -1\r\n08qiangsuan/3\r\n  rotate: true\r\n  xy: 2, 933\r\n  size: 128, 135\r\n  orig: 259, 288\r\n  offset: 127, 52\r\n  index: -1\r\n08qiangsuan/4\r\n  rotate: false\r\n  xy: 2, 498\r\n  size: 150, 146\r\n  orig: 385, 359\r\n  offset: 119, 128\r\n  index: -1\r\n08qiangsuan/5\r\n  rotate: false\r\n  xy: 2, 200\r\n  size: 154, 147\r\n  orig: 185, 164\r\n  offset: 9, 8\r\n  index: -1\r\n08qiangsuan/6\r\n  rotate: true\r\n  xy: 2, 2\r\n  size: 196, 163\r\n  orig: 217, 218\r\n  offset: 9, 17\r\n  index: -1\r\n",["effect004.png"],{"skeleton":{"hash":"YQ4rhnMhyzmE0vJ7V7lq4FHq95s","spine":"3.8.99","fps":24,"images":"D:/Work/植物大战僵尸2娘化版/动画/娘化版/打击特效/龙骨导出的spine资源/library","audio":"D:\\Work\\植物大战僵尸2娘化版\\动画\\娘化版\\打击特效\\龙骨导出的spine资源"},"bones":[{"name":"root"},{"name":"01","parent":"root"},{"name":"011","parent":"root"}],"slots":[{"name":"01","bone":"01","attachment":"duqi/5"},{"name":"011","bone":"011","attachment":"duqi/5","blend":"additive"}],"skins":[{"name":"default","attachments":{"01":{"duqi/0":{"path":"08qiangsuan/0","width":175,"height":210},"duqi/1":{"path":"08qiangsuan/1","x":-11.21,"y":10.75,"width":174,"height":176},"duqi/2":{"path":"08qiangsuan/2","x":-7.01,"width":153,"height":158},"duqi/3":{"path":"08qiangsuan/3","x":-65.42,"y":32.24,"width":259,"height":288},"duqi/4":{"path":"08qiangsuan/4","width":385,"height":359},"duqi/5":{"path":"08qiangsuan/5","y":18.22,"width":185,"height":164},"duqi/6":{"path":"08qiangsuan/6","y":32.88,"width":217,"height":218}},"011":{"duqi/0":{"path":"08qiangsuan/0","width":175,"height":210},"duqi/1":{"path":"08qiangsuan/1","x":-11.21,"y":10.75,"width":174,"height":176},"duqi/2":{"path":"08qiangsuan/2","x":-7.01,"width":153,"height":158},"duqi/3":{"path":"08qiangsuan/3","x":-65.42,"y":32.24,"width":259,"height":288},"duqi/4":{"path":"08qiangsuan/4","width":385,"height":359},"duqi/5":{"path":"08qiangsuan/5","y":18.22,"width":185,"height":164},"duqi/6":{"path":"08qiangsuan/6","y":32.88,"width":217,"height":218}}}}],"animations":{"newAnimation":{"slots":{"01":{"color":[{"color":"ffffff00"},{"time":0.0833,"color":"ffffffff","curve":"stepped"},{"time":0.375,"color":"ffffffff"},{"time":0.6667,"color":"ffffff00"}],"attachment":[{"name":"duqi/0"},{"time":0.0833,"name":"duqi/1"},{"time":0.125,"name":"duqi/2"},{"time":0.1667,"name":"duqi/3"},{"time":0.2083,"name":"duqi/4"},{"time":0.2917,"name":"duqi/5"},{"time":0.375,"name":"duqi/6"}]},"011":{"color":[{"color":"ffffff00"},{"time":0.0833,"color":"ffffffff","curve":"stepped"},{"time":0.375,"color":"ffffffff"},{"time":0.6667,"color":"ffffff00"}],"attachment":[{"name":"duqi/0"},{"time":0.0833,"name":"duqi/1"},{"time":0.125,"name":"duqi/2"},{"time":0.1667,"name":"duqi/3"},{"time":0.2083,"name":"duqi/4"},{"time":0.2917,"name":"duqi/5"},{"time":0.375,"name":"duqi/6"}]}},"bones":{"01":{"translate":[{"time":0.2083},{"time":0.6667,"y":-17.87}],"scale":[{"x":0.6,"y":0.6},{"time":0.0833},{"time":0.6667,"x":1.2,"y":1.2}]},"011":{"translate":[{"time":0.2083},{"time":0.6667,"y":-17.87}],"scale":[{"x":0.6,"y":0.6},{"time":0.0833},{"time":0.6667,"x":1.2,"y":1.2}]}}}}},[0]]],0,0,[0],[-1],[0]]