[1,["dakmbJEbtLKbGvV8PlUMaS"],0,[["sp.SkeletonData",["_name","_atlasText","textureNames","_skeletonJson","textures"],-1,3]],[[0,0,1,2,3,4,5]],[[0,"effect022","\r\neffect022.png\r\nsize: 494,113\r\nformat: RGBA8888\r\nfilter: Linear,Linear\r\nrepeat: none\r\n04xgs0\r\n  rotate: true\r\n  xy: 409, 14\r\n  size: 97, 83\r\n  orig: 143, 109\r\n  offset: 23, 13\r\n  index: -1\r\n04xgs1\r\n  rotate: false\r\n  xy: 285, 17\r\n  size: 122, 94\r\n  orig: 143, 109\r\n  offset: 11, 7\r\n  index: -1\r\n04xgs2\r\n  rotate: false\r\n  xy: 147, 8\r\n  size: 136, 103\r\n  orig: 143, 109\r\n  offset: 4, 3\r\n  index: -1\r\n04xgs3\r\n  rotate: false\r\n  xy: 2, 2\r\n  size: 143, 109\r\n  orig: 143, 109\r\n  offset: 0, 0\r\n  index: -1\r\n",["effect022.png"],{"skeleton":{"hash":"gwvvhuoCnyS9jDUpODDVCJUH7Dc","spine":"3.8.99","x":-71.5,"y":-54.03,"width":143,"height":109},"bones":[{"name":"root"},{"name":"04xgs0","parent":"root","y":16}],"slots":[{"name":"04xgs0","bone":"04xgs0","attachment":"04xgs3"}],"skins":[{"name":"default","attachments":{"04xgs0":{"04xgs0":{"y":-16,"width":143,"height":109},"04xgs1":{"y":-16,"width":143,"height":109},"04xgs2":{"y":-16,"width":143,"height":109},"04xgs3":{"y":-15.53,"width":143,"height":109}}}}],"animations":{"newAnimation":{"slots":{"04xgs0":{"color":[{"color":"ffffff00"},{"time":0.0833,"color":"ffffffff","curve":"stepped"},{"time":0.25,"color":"ffffffff"},{"time":0.5417,"color":"ffffff00"}],"attachment":[{"name":"04xgs0"},{"time":0.0833,"name":"04xgs1"},{"time":0.1667,"name":"04xgs2"},{"time":0.25,"name":"04xgs3"}]}},"bones":{"04xgs0":{"translate":[{},{"time":0.0833,"y":16.64},{"time":0.5417}],"scale":[{"x":0.5,"y":0.5},{"time":0.0833},{"time":0.5417,"x":1.1,"y":1.1}]}}}}},[0]]],0,0,[0],[-1],[0]]