[1,0,0,[["dragonBones.DragonBonesAsset",["_name","_dragonBonesJson"],1]],[[0,0,1,3]],[[0,"dajifankui_ske","{\"armature\":[{\"animation\":[{\"bone\":[{\"frame\":[{\"duration\":18,\"transform\":{}}],\"name\":\"root\"},{\"frame\":[{\"tweenEasing\":0,\"duration\":2,\"transform\":{\"scX\":0.5,\"scY\":0.5}},{\"tweenEasing\":0,\"duration\":1,\"transform\":{\"y\":-7.95755}},{\"tweenEasing\":0,\"duration\":6,\"transform\":{\"y\":-6.6824}},{\"duration\":9,\"transform\":{\"y\":0.96855,\"scX\":1.1,\"scY\":1.1}}],\"name\":\"020\"},{\"frame\":[{\"tweenEasing\":0,\"duration\":4,\"transform\":{}},{\"tweenEasing\":0,\"duration\":10,\"transform\":{\"scX\":1.5,\"scY\":1.5}},{\"duration\":4,\"transform\":{\"scX\":2,\"scY\":2}}],\"name\":\"09-001\"}],\"ffd\":[],\"duration\":18,\"playTimes\":0,\"frame\":[],\"slot\":[{\"frame\":[{\"displayIndex\":1,\"tweenEasing\":0,\"duration\":2,\"color\":{\"aM\":0}},{\"displayIndex\":1,\"tweenEasing\":0,\"duration\":1},{\"displayIndex\":1,\"tweenEasing\":0,\"duration\":6,\"color\":{\"aM\":85}},{\"displayIndex\":1,\"tweenEasing\":null,\"duration\":9,\"color\":{\"aM\":0}}],\"name\":\"020\"},{\"frame\":[{\"tweenEasing\":0,\"duration\":1,\"color\":{\"aM\":0,\"gM\":66,\"bM\":32,\"rM\":14}},{\"displayIndex\":14,\"tweenEasing\":0,\"duration\":1,\"color\":{\"aM\":25,\"gM\":66,\"bM\":32,\"rM\":14}},{\"displayIndex\":13,\"tweenEasing\":0,\"duration\":1,\"color\":{\"aM\":50,\"gM\":66,\"bM\":32,\"rM\":14}},{\"displayIndex\":12,\"tweenEasing\":0,\"duration\":1,\"color\":{\"aM\":75,\"gM\":66,\"bM\":32,\"rM\":14}},{\"displayIndex\":11,\"tweenEasing\":0,\"duration\":1,\"color\":{\"gM\":66,\"bM\":32,\"rM\":14}},{\"displayIndex\":10,\"tweenEasing\":0,\"duration\":1,\"color\":{\"gM\":66,\"bM\":32,\"rM\":14}},{\"displayIndex\":9,\"tweenEasing\":0,\"duration\":1,\"color\":{\"gM\":66,\"bM\":32,\"rM\":14}},{\"displayIndex\":8,\"tweenEasing\":0,\"duration\":1,\"color\":{\"gM\":66,\"bM\":32,\"rM\":14}},{\"displayIndex\":7,\"tweenEasing\":0,\"duration\":1,\"color\":{\"gM\":66,\"bM\":32,\"rM\":14}},{\"displayIndex\":6,\"tweenEasing\":0,\"duration\":1,\"color\":{\"gM\":66,\"bM\":32,\"rM\":14}},{\"displayIndex\":5,\"tweenEasing\":0,\"duration\":1,\"color\":{\"aM\":88,\"gM\":66,\"bM\":32,\"rM\":14}},{\"displayIndex\":4,\"tweenEasing\":0,\"duration\":1,\"color\":{\"aM\":77,\"gM\":66,\"bM\":32,\"rM\":14}},{\"displayIndex\":3,\"tweenEasing\":0,\"duration\":1,\"color\":{\"aM\":66,\"gM\":66,\"bM\":32,\"rM\":14}},{\"displayIndex\":2,\"tweenEasing\":0,\"duration\":1,\"color\":{\"aM\":55,\"gM\":66,\"bM\":32,\"rM\":14}},{\"displayIndex\":1,\"tweenEasing\":0,\"duration\":4,\"color\":{\"aM\":44,\"gM\":66,\"bM\":32,\"rM\":14}},{\"displayIndex\":1,\"tweenEasing\":null,\"duration\":0,\"color\":{\"aM\":0,\"gM\":66,\"bM\":32,\"rM\":14}}],\"name\":\"09-001\"}],\"name\":\"newAnimation\",\"ik\":[]}],\"aabb\":{\"width\":80,\"y\":-40,\"height\":80,\"x\":-40},\"skin\":[{\"name\":\"\",\"slot\":[{\"display\":[{\"path\":\"jizhong/09-001\",\"type\":\"image\",\"name\":\"jizhong/09-001\",\"transform\":{\"skY\":90,\"skX\":90}},{\"path\":\"jizhong/09-015\",\"type\":\"image\",\"name\":\"jizhong/09-015\",\"transform\":{\"skY\":90,\"skX\":90}},{\"path\":\"jizhong/09-014\",\"type\":\"image\",\"name\":\"jizhong/09-014\",\"transform\":{\"skY\":90,\"skX\":90}},{\"path\":\"jizhong/09-013\",\"type\":\"image\",\"name\":\"jizhong/09-013\",\"transform\":{\"skY\":90,\"skX\":90}},{\"path\":\"jizhong/09-012\",\"type\":\"image\",\"name\":\"jizhong/09-012\",\"transform\":{\"skY\":90,\"skX\":90}},{\"path\":\"jizhong/09-011\",\"type\":\"image\",\"name\":\"jizhong/09-011\",\"transform\":{\"skY\":90,\"skX\":90}},{\"path\":\"jizhong/09-010\",\"type\":\"image\",\"name\":\"jizhong/09-010\",\"transform\":{\"skY\":90,\"skX\":90}},{\"path\":\"jizhong/09-009\",\"type\":\"image\",\"name\":\"jizhong/09-009\",\"transform\":{\"skY\":90,\"skX\":90}},{\"path\":\"jizhong/09-008\",\"type\":\"image\",\"name\":\"jizhong/09-008\",\"transform\":{\"skY\":90,\"skX\":90}},{\"path\":\"jizhong/09-007\",\"type\":\"image\",\"name\":\"jizhong/09-007\",\"transform\":{\"skY\":90,\"skX\":90}},{\"path\":\"jizhong/09-006\",\"type\":\"image\",\"name\":\"jizhong/09-006\",\"transform\":{\"skY\":90,\"skX\":90}},{\"path\":\"jizhong/09-005\",\"type\":\"image\",\"name\":\"jizhong/09-005\",\"transform\":{\"skY\":90,\"skX\":90}},{\"path\":\"jizhong/09-004\",\"type\":\"image\",\"name\":\"jizhong/09-004\",\"transform\":{\"skY\":90,\"skX\":90}},{\"path\":\"jizhong/09-003\",\"type\":\"image\",\"name\":\"jizhong/09-003\",\"transform\":{\"skY\":90,\"skX\":90}},{\"path\":\"jizhong/09-002\",\"type\":\"image\",\"name\":\"jizhong/09-002\",\"transform\":{\"skY\":90,\"skX\":90}}],\"blendMode\":\"add\",\"name\":\"09-001\"},{\"display\":[{\"path\":\"020\",\"type\":\"image\",\"name\":\"020\",\"transform\":{}},{\"path\":\"021\",\"type\":\"image\",\"name\":\"021\",\"transform\":{}}],\"name\":\"020\"}]}],\"type\":\"Armature\",\"name\":\"02_juanxincai\",\"defaultActions\":[{\"gotoAndPlay\":\"newAnimation\"}],\"bone\":[{\"name\":\"root\",\"transform\":{}},{\"transform\":{},\"name\":\"020\",\"parent\":\"root\"},{\"transform\":{\"skY\":-90,\"skX\":-90},\"name\":\"09-001\",\"parent\":\"root\"}],\"slot\":[{\"blendMode\":\"add\",\"parent\":\"09-001\",\"displayIndex\":14,\"name\":\"09-001\",\"color\":{\"gM\":66,\"bM\":32,\"rM\":14}},{\"z\":1,\"displayIndex\":1,\"name\":\"020\",\"parent\":\"020\",\"color\":{}}],\"frameRate\":24,\"ik\":[]},{\"animation\":[{\"bone\":[{\"frame\":[{\"duration\":15,\"transform\":{}}],\"name\":\"root\"},{\"frame\":[{\"tweenEasing\":0,\"duration\":2,\"transform\":{\"scX\":0.5,\"scY\":0.5}},{\"tweenEasing\":0,\"duration\":9,\"transform\":{\"y\":-8.319}},{\"duration\":4,\"transform\":{\"scX\":1.1,\"scY\":1.1}}],\"name\":\"04xgs0\"},{\"frame\":[{\"duration\":1,\"transform\":{}},{\"tweenEasing\":0,\"duration\":14,\"transform\":{\"scX\":1.5,\"scY\":1.5}},{\"duration\":0,\"transform\":{\"scX\":2,\"scY\":2}}],\"name\":\"0\"}],\"ffd\":[],\"duration\":15,\"playTimes\":0,\"frame\":[],\"slot\":[{\"frame\":[{\"tweenEasing\":0,\"duration\":2,\"color\":{\"aM\":0}},{\"displayIndex\":3,\"tweenEasing\":0,\"duration\":2},{\"displayIndex\":2,\"tweenEasing\":0,\"duration\":2},{\"displayIndex\":1,\"tweenEasing\":0,\"duration\":5},{\"displayIndex\":1,\"tweenEasing\":null,\"duration\":4,\"color\":{\"aM\":0}}],\"name\":\"04xgs0\"},{\"frame\":[{\"tweenEasing\":0,\"duration\":1,\"color\":{\"aM\":60}},{\"displayIndex\":6,\"tweenEasing\":0,\"duration\":1,\"color\":{\"aM\":60}},{\"displayIndex\":5,\"tweenEasing\":0,\"duration\":1,\"color\":{\"aM\":64}},{\"displayIndex\":4,\"tweenEasing\":0,\"duration\":2,\"color\":{\"aM\":68}},{\"displayIndex\":3,\"tweenEasing\":0,\"duration\":2,\"color\":{\"aM\":77}},{\"displayIndex\":2,\"tweenEasing\":0,\"duration\":3,\"color\":{\"aM\":86}},{\"displayIndex\":1,\"tweenEasing\":0,\"duration\":5},{\"displayIndex\":1,\"tweenEasing\":null,\"duration\":0,\"color\":{\"aM\":0}}],\"name\":\"0\"}],\"name\":\"newAnimation\",\"ik\":[]}],\"aabb\":{\"width\":88.5,\"y\":-44.75,\"height\":89.5,\"x\":-44.25},\"skin\":[{\"name\":\"\",\"slot\":[{\"display\":[{\"path\":\"04xgs0\",\"type\":\"image\",\"name\":\"04xgs0\",\"transform\":{\"y\":8}},{\"path\":\"04xgs3\",\"type\":\"image\",\"name\":\"04xgs3\",\"transform\":{\"y\":8}},{\"path\":\"04xgs2\",\"type\":\"image\",\"name\":\"04xgs2\",\"transform\":{\"y\":8}},{\"path\":\"04xgs1\",\"type\":\"image\",\"name\":\"04xgs1\",\"transform\":{\"y\":8}}],\"name\":\"04xgs0\"},{\"display\":[{\"path\":\"bing/0\",\"type\":\"image\",\"name\":\"bing/0\",\"transform\":{\"y\":-6.35,\"x\":2.35}},{\"path\":\"bing/6\",\"type\":\"image\",\"name\":\"bing/6\",\"transform\":{\"y\":-6.35,\"x\":2.35}},{\"path\":\"bing/5\",\"type\":\"image\",\"name\":\"bing/5\",\"transform\":{\"y\":-6.35,\"x\":2.35}},{\"path\":\"bing/4\",\"type\":\"image\",\"name\":\"bing/4\",\"transform\":{\"y\":-6.35,\"x\":2.35}},{\"path\":\"bing/3\",\"type\":\"image\",\"name\":\"bing/3\",\"transform\":{\"y\":-6.35,\"x\":2.35}},{\"path\":\"bing/2\",\"type\":\"image\",\"name\":\"bing/2\",\"transform\":{\"y\":-6.35,\"x\":2.35}},{\"path\":\"bing/1\",\"type\":\"image\",\"name\":\"bing/1\",\"transform\":{\"y\":-6.35,\"x\":2.35}}],\"blendMode\":\"add\",\"name\":\"0\"}]}],\"type\":\"Armature\",\"name\":\"04_xiguatoushou\",\"defaultActions\":[{\"gotoAndPlay\":\"newAnimation\"}],\"bone\":[{\"name\":\"root\",\"transform\":{}},{\"transform\":{\"y\":-8},\"name\":\"04xgs0\",\"parent\":\"root\"},{\"transform\":{\"y\":6.35,\"x\":-2.35},\"name\":\"0\",\"parent\":\"root\"}],\"slot\":[{\"displayIndex\":1,\"name\":\"04xgs0\",\"parent\":\"04xgs0\",\"color\":{}},{\"blendMode\":\"add\",\"z\":1,\"parent\":\"0\",\"name\":\"0\",\"color\":{}}],\"frameRate\":24,\"ik\":[]},{\"animation\":[{\"bone\":[{\"frame\":[{\"duration\":19,\"transform\":{}}],\"name\":\"root\"},{\"frame\":[{\"tweenEasing\":0,\"duration\":2,\"transform\":{\"scX\":0.5,\"scY\":0.5}},{\"tweenEasing\":0,\"duration\":3,\"transform\":{\"scX\":1.05,\"scY\":1.05}},{\"duration\":14,\"transform\":{}}],\"name\":\"hanbing0\"},{\"frame\":[{\"tweenEasing\":0,\"duration\":2,\"transform\":{\"y\":13.86265,\"x\":-24.571}},{\"tweenEasing\":0,\"duration\":2,\"transform\":{\"y\":13.86265,\"scX\":0.5,\"scY\":0.5,\"x\":-24.571}},{\"tweenEasing\":0,\"duration\":15,\"transform\":{\"skY\":75.9169,\"y\":9.71055,\"skX\":75.9169,\"x\":-11.6208}},{\"duration\":0,\"transform\":{\"skY\":91.2365,\"y\":11.26435,\"scX\":0.3,\"scY\":0.3,\"skX\":91.2365,\"x\":1.1631}}],\"name\":\"hanbing1\"},{\"frame\":[{\"tweenEasing\":0,\"duration\":2,\"transform\":{\"y\":13.86265,\"x\":-24.571}},{\"tweenEasing\":0,\"duration\":3,\"transform\":{\"y\":13.86265,\"scX\":0.5,\"scY\":0.5,\"x\":-24.571}},{\"tweenEasing\":0,\"duration\":10,\"transform\":{\"skY\":20.0813,\"y\":13.5364,\"scX\":0.8,\"scY\":0.8,\"skX\":20.0813,\"x\":-10.5855}},{\"duration\":4,\"transform\":{\"skY\":91.2365,\"y\":11.26435,\"scX\":0.3,\"scY\":0.3,\"skX\":91.2365,\"x\":7.70815}}],\"name\":\"hanbing11\"},{\"frame\":[{\"tweenEasing\":0,\"duration\":6,\"transform\":{\"y\":13.86265,\"x\":-24.571}},{\"tweenEasing\":0,\"duration\":3,\"transform\":{\"y\":4.14025,\"scX\":0.5,\"scY\":0.5,\"x\":-24.571}},{\"tweenEasing\":0,\"duration\":10,\"transform\":{\"skY\":20.0813,\"y\":4.6054,\"scX\":0.8,\"scY\":0.8,\"skX\":20.0813,\"x\":-5.55175}},{\"duration\":0,\"transform\":{\"skY\":91.2365,\"y\":4.5527,\"scX\":0.3,\"scY\":0.3,\"skX\":91.2365,\"x\":15.35395}}],\"name\":\"hanbing111\"},{\"frame\":[{\"duration\":2,\"transform\":{}},{\"tweenEasing\":0,\"duration\":15,\"transform\":{\"scX\":1.5,\"scY\":1.5}},{\"duration\":2,\"transform\":{\"scX\":2,\"scY\":2}}],\"name\":\"0\"}],\"ffd\":[],\"duration\":19,\"playTimes\":0,\"frame\":[],\"slot\":[{\"frame\":[{\"tweenEasing\":0,\"duration\":2,\"color\":{\"aM\":0}},{\"tweenEasing\":0,\"duration\":17},{\"tweenEasing\":null,\"duration\":0,\"color\":{\"aM\":0}}],\"name\":\"hanbing0\"},{\"frame\":[{\"tweenEasing\":0,\"duration\":2,\"color\":{\"aM\":0}},{\"tweenEasing\":0,\"duration\":2,\"color\":{\"aM\":0}},{\"tweenEasing\":0,\"duration\":15},{\"tweenEasing\":null,\"duration\":0,\"color\":{\"aM\":0}}],\"name\":\"hanbing1\"},{\"frame\":[{\"tweenEasing\":0,\"duration\":2,\"color\":{\"aM\":0}},{\"tweenEasing\":0,\"duration\":3,\"color\":{\"aM\":0}},{\"tweenEasing\":0,\"duration\":10},{\"tweenEasing\":null,\"duration\":4,\"color\":{\"aM\":0}}],\"name\":\"hanbing11\"},{\"frame\":[{\"tweenEasing\":0,\"duration\":6,\"color\":{\"aM\":0}},{\"tweenEasing\":0,\"duration\":3,\"color\":{\"aM\":0}},{\"tweenEasing\":0,\"duration\":10},{\"tweenEasing\":null,\"duration\":0,\"color\":{\"aM\":0}}],\"name\":\"hanbing111\"},{\"frame\":[{\"tweenEasing\":0,\"duration\":2,\"color\":{\"aM\":60}},{\"displayIndex\":6,\"tweenEasing\":0,\"duration\":2,\"color\":{\"aM\":60}},{\"displayIndex\":5,\"tweenEasing\":0,\"duration\":2,\"color\":{\"aM\":67}},{\"displayIndex\":4,\"tweenEasing\":0,\"duration\":2,\"color\":{\"aM\":74}},{\"displayIndex\":3,\"tweenEasing\":0,\"duration\":2,\"color\":{\"aM\":81}},{\"displayIndex\":2,\"tweenEasing\":0,\"duration\":3,\"color\":{\"aM\":89}},{\"displayIndex\":1,\"tweenEasing\":0,\"duration\":4},{\"displayIndex\":1,\"tweenEasing\":null,\"duration\":2,\"color\":{\"aM\":0}}],\"name\":\"0\"}],\"name\":\"newAnimation\",\"ik\":[]}],\"aabb\":{\"width\":88.5,\"y\":-44.75,\"height\":89.5,\"x\":-44.25},\"skin\":[{\"name\":\"\",\"slot\":[{\"display\":[{\"path\":\"hanbing1\",\"type\":\"image\",\"name\":\"hanbing1\",\"transform\":{\"skY\":90,\"y\":0.13395,\"skX\":90,\"x\":0.19995}}],\"name\":\"hanbing1\"},{\"display\":[{\"path\":\"hanbing1\",\"type\":\"image\",\"name\":\"hanbing1\",\"transform\":{\"skY\":90,\"y\":0.13395,\"skX\":90,\"x\":0.19995}}],\"name\":\"hanbing11\"},{\"display\":[{\"path\":\"hanbing1\",\"type\":\"image\",\"name\":\"hanbing1\",\"transform\":{\"skY\":90,\"y\":0.13395,\"skX\":90,\"x\":0.19995}}],\"name\":\"hanbing111\"},{\"display\":[{\"path\":\"bing/0\",\"type\":\"image\",\"name\":\"bing/0\",\"transform\":{\"y\":-6.35,\"x\":2.35}},{\"path\":\"bing/6\",\"type\":\"image\",\"name\":\"bing/6\",\"transform\":{\"y\":-6.35,\"x\":2.35}},{\"path\":\"bing/5\",\"type\":\"image\",\"name\":\"bing/5\",\"transform\":{\"y\":-6.35,\"x\":2.35}},{\"path\":\"bing/4\",\"type\":\"image\",\"name\":\"bing/4\",\"transform\":{\"y\":-6.35,\"x\":2.35}},{\"path\":\"bing/3\",\"type\":\"image\",\"name\":\"bing/3\",\"transform\":{\"y\":-6.35,\"x\":2.35}},{\"path\":\"bing/2\",\"type\":\"image\",\"name\":\"bing/2\",\"transform\":{\"y\":-6.35,\"x\":2.35}},{\"path\":\"bing/1\",\"type\":\"image\",\"name\":\"bing/1\",\"transform\":{\"y\":-6.35,\"x\":2.35}}],\"blendMode\":\"add\",\"name\":\"0\"},{\"display\":[{\"path\":\"hanbing0\",\"type\":\"image\",\"name\":\"hanbing0\",\"transform\":{\"skY\":-2.4238,\"y\":0.1669,\"skX\":-2.4238,\"x\":11.3317}}],\"name\":\"hanbing0\"}]}],\"type\":\"Armature\",\"name\":\"05_hanbingsheshou\",\"defaultActions\":[{\"gotoAndPlay\":\"newAnimation\"}],\"bone\":[{\"name\":\"root\",\"transform\":{}},{\"length\":18.5,\"transform\":{\"skY\":2.4238,\"skX\":2.4238},\"parent\":\"root\",\"name\":\"hanbing0\"},{\"transform\":{\"skY\":-90,\"y\":-21.3,\"skX\":-90,\"x\":31.475},\"name\":\"hanbing1\",\"parent\":\"root\"},{\"transform\":{\"skY\":-90,\"y\":-5.02425,\"skX\":-90,\"x\":31.475},\"name\":\"hanbing11\",\"parent\":\"root\"},{\"transform\":{\"skY\":-90,\"y\":-5.02425,\"skX\":-90,\"x\":31.475},\"name\":\"hanbing111\",\"parent\":\"root\"},{\"transform\":{\"y\":6.35,\"x\":-2.35},\"name\":\"0\",\"parent\":\"root\"}],\"slot\":[{\"name\":\"hanbing0\",\"parent\":\"hanbing0\",\"color\":{}},{\"z\":1,\"name\":\"hanbing1\",\"parent\":\"hanbing1\",\"color\":{}},{\"z\":2,\"name\":\"hanbing11\",\"parent\":\"hanbing11\",\"color\":{}},{\"z\":3,\"name\":\"hanbing111\",\"parent\":\"hanbing111\",\"color\":{}},{\"blendMode\":\"add\",\"z\":4,\"parent\":\"0\",\"name\":\"0\",\"color\":{}}],\"frameRate\":24,\"ik\":[]},{\"animation\":[{\"bone\":[{\"frame\":[{\"duration\":22,\"transform\":{}}],\"name\":\"root\"},{\"frame\":[{\"tweenEasing\":0,\"duration\":3,\"transform\":{\"scX\":0.2,\"scY\":0.2}},{\"tweenEasing\":0,\"duration\":5,\"transform\":{\"scX\":1.3,\"scY\":0.8}},{\"duration\":14,\"transform\":{\"scX\":1.5,\"scY\":1.6}}],\"name\":\"图层_1\"},{\"frame\":[{\"tweenEasing\":0,\"duration\":6,\"transform\":{\"y\":14.0129,\"scX\":0.5,\"scY\":0.5}},{\"tweenEasing\":0,\"duration\":3,\"transform\":{\"y\":10.94935}},{\"tweenEasing\":0,\"duration\":11,\"transform\":{\"y\":2.2511}},{\"duration\":2,\"transform\":{\"y\":-4.0577,\"scX\":0.3,\"scY\":0.3}}],\"name\":\"图层_4\"},{\"frame\":[{\"tweenEasing\":0,\"duration\":10,\"transform\":{\"y\":11.54965}},{\"tweenEasing\":0,\"duration\":3,\"transform\":{\"y\":6.7598}},{\"tweenEasing\":0,\"duration\":9,\"transform\":{\"y\":-0.70525}},{\"duration\":0,\"transform\":{\"y\":-9.35235,\"scX\":0.6,\"scY\":0.6}}],\"name\":\"图层_2\"},{\"frame\":[{\"tweenEasing\":0,\"duration\":2,\"transform\":{}},{\"tweenEasing\":0,\"duration\":2,\"transform\":{\"y\":31.73505}},{\"tweenEasing\":0,\"duration\":12,\"transform\":{\"y\":15.9839,\"scX\":1.5,\"scY\":1.5}},{\"duration\":6,\"transform\":{\"y\":-0.8295,\"scX\":0.2,\"scY\":0.2}}],\"name\":\"图层_3\"},{\"frame\":[{\"duration\":2,\"transform\":{}},{\"tweenEasing\":0,\"duration\":2,\"transform\":{\"scX\":0.5,\"scY\":0.5}},{\"tweenEasing\":0,\"duration\":3,\"transform\":{}},{\"tweenEasing\":0,\"duration\":6,\"transform\":{\"scX\":2,\"scY\":2}},{\"duration\":9,\"transform\":{\"scX\":2.2,\"scY\":2.2}}],\"name\":\"liang\"}],\"ffd\":[],\"duration\":22,\"playTimes\":0,\"frame\":[],\"slot\":[{\"frame\":[{\"tweenEasing\":0,\"duration\":3,\"color\":{\"aM\":0}},{\"tweenEasing\":0,\"duration\":2},{\"tweenEasing\":0,\"duration\":3},{\"tweenEasing\":null,\"duration\":14,\"color\":{\"aM\":0}}],\"name\":\"图层_1\"},{\"frame\":[{\"tweenEasing\":0,\"duration\":10,\"color\":{\"aM\":0}},{\"tweenEasing\":0,\"duration\":3,\"color\":{\"aM\":0}},{\"tweenEasing\":0,\"duration\":9},{\"tweenEasing\":null,\"duration\":0,\"color\":{\"aM\":0}}],\"name\":\"图层_2\"},{\"frame\":[{\"tweenEasing\":0,\"duration\":2,\"color\":{\"aM\":0}},{\"tweenEasing\":0,\"duration\":2,\"color\":{\"aM\":0}},{\"tweenEasing\":0,\"duration\":6},{\"tweenEasing\":0,\"duration\":6},{\"tweenEasing\":null,\"duration\":6,\"color\":{\"aM\":0}}],\"name\":\"图层_3\"},{\"frame\":[{\"tweenEasing\":0,\"duration\":6,\"color\":{\"aM\":0}},{\"tweenEasing\":0,\"duration\":3,\"color\":{\"aM\":0}},{\"tweenEasing\":0,\"duration\":11},{\"tweenEasing\":null,\"duration\":2,\"color\":{\"aM\":0}}],\"name\":\"图层_4\"},{\"frame\":[{\"tweenEasing\":0,\"duration\":2,\"color\":{\"aM\":0}},{\"tweenEasing\":0,\"duration\":2,\"color\":{\"aM\":0}},{\"tweenEasing\":0,\"duration\":9},{\"tweenEasing\":null,\"duration\":9,\"color\":{\"aM\":0}}],\"name\":\"liang\"}],\"name\":\"newAnimation\",\"ik\":[]}],\"aabb\":{\"width\":102.5,\"y\":-51.730434782608704,\"height\":103,\"x\":-51.22717391304349},\"skin\":[{\"name\":\"\",\"slot\":[{\"display\":[{\"path\":\"liang\",\"type\":\"image\",\"name\":\"liang\",\"transform\":{\"y\":-0.23045,\"x\":0.02285}}],\"blendMode\":\"add\",\"name\":\"liang\"},{\"display\":[{\"path\":\"huozidan/图层_1\",\"type\":\"image\",\"name\":\"huozidan/图层_1\",\"transform\":{\"y\":-0.675,\"x\":-0.25}}],\"name\":\"图层_1\"},{\"display\":[{\"path\":\"huozidan/图层_2\",\"type\":\"image\",\"name\":\"huozidan/图层_2\",\"transform\":{\"skY\":-48.8141,\"y\":-0.20695,\"skX\":-48.8141,\"x\":0.7126}}],\"name\":\"图层_2\"},{\"display\":[{\"path\":\"huozidan/图层_3\",\"type\":\"image\",\"name\":\"huozidan/图层_3\",\"transform\":{\"skY\":180,\"y\":-1.625,\"skX\":180,\"x\":-1.35}}],\"name\":\"图层_3\"},{\"display\":[{\"path\":\"huozidan/图层_4\",\"type\":\"image\",\"name\":\"huozidan/图层_4\",\"transform\":{\"y\":1.35,\"x\":-1.225}}],\"name\":\"图层_4\"}]}],\"type\":\"Armature\",\"name\":\"06_huoyansheshou\",\"defaultActions\":[{\"gotoAndPlay\":\"newAnimation\"}],\"bone\":[{\"name\":\"root\",\"transform\":{}},{\"transform\":{\"y\":13.425,\"x\":1.75},\"name\":\"图层_1\",\"parent\":\"root\"},{\"transform\":{\"y\":-8.1,\"x\":8.475},\"name\":\"图层_4\",\"parent\":\"root\"},{\"transform\":{\"skY\":48.8141,\"y\":-2.65,\"skX\":48.8141,\"x\":-11.125},\"name\":\"图层_2\",\"parent\":\"root\"},{\"transform\":{\"skY\":180,\"y\":-21.125,\"skX\":180,\"x\":-2.85},\"name\":\"图层_3\",\"parent\":\"root\"},{\"transform\":{},\"name\":\"liang\",\"parent\":\"root\"}],\"slot\":[{\"name\":\"图层_1\",\"parent\":\"图层_1\",\"color\":{}},{\"z\":1,\"name\":\"图层_2\",\"parent\":\"图层_2\",\"color\":{}},{\"z\":2,\"name\":\"图层_3\",\"parent\":\"图层_3\",\"color\":{}},{\"z\":3,\"name\":\"图层_4\",\"parent\":\"图层_4\",\"color\":{}},{\"blendMode\":\"add\",\"z\":4,\"parent\":\"liang\",\"name\":\"liang\",\"color\":{}}],\"frameRate\":24,\"ik\":[]},{\"animation\":[{\"bone\":[{\"frame\":[{\"duration\":16,\"transform\":{}}],\"name\":\"root\"},{\"frame\":[{\"duration\":16,\"transform\":{}}],\"name\":\"bone\"},{\"frame\":[{\"tweenEasing\":0,\"duration\":16,\"transform\":{},\"tweenRotate\":2},{\"duration\":0,\"transform\":{}}],\"name\":\"yun\"},{\"frame\":[{\"duration\":16,\"transform\":{}}],\"name\":\"bone1\"},{\"frame\":[{\"tweenEasing\":0,\"duration\":16,\"transform\":{},\"tweenRotate\":2},{\"duration\":0,\"transform\":{}}],\"name\":\"yun1\"},{\"frame\":[{\"tweenEasing\":0,\"duration\":2,\"transform\":{},\"tweenRotate\":2},{\"tweenEasing\":0,\"duration\":2,\"transform\":{\"skY\":45,\"y\":-0.14075,\"skX\":45,\"x\":-12.3115}},{\"tweenEasing\":0,\"duration\":3,\"transform\":{\"skY\":90,\"y\":-3.88045,\"skX\":90,\"x\":-20.51915}},{\"tweenEasing\":0,\"duration\":1,\"transform\":{\"skY\":157.5,\"y\":-6.73815,\"skX\":157.5,\"x\":-8.20765}},{\"tweenEasing\":0,\"duration\":4,\"transform\":{\"skY\":180,\"y\":-7.76085,\"skX\":180}},{\"tweenEasing\":0,\"duration\":3,\"transform\":{\"skY\":270,\"y\":-3.88045,\"skX\":270,\"x\":21.4759}},{\"tweenEasing\":0,\"duration\":1,\"transform\":{\"skY\":337.5,\"y\":-0.4375,\"skX\":337.5,\"x\":8.59035}},{\"duration\":0,\"transform\":{}}],\"name\":\"xing\"},{\"frame\":[{\"tweenEasing\":0,\"duration\":1,\"transform\":{},\"tweenRotate\":2},{\"tweenEasing\":0,\"duration\":1,\"transform\":{\"skY\":22.5,\"y\":4.0745,\"skX\":22.5,\"x\":9.3558}},{\"tweenEasing\":0,\"duration\":2,\"transform\":{\"skY\":45,\"y\":7.80585,\"skX\":45,\"x\":-0.94145}},{\"tweenEasing\":0,\"duration\":3,\"transform\":{\"skY\":90,\"y\":8.5922,\"skX\":90,\"x\":-1.73265}},{\"tweenEasing\":0,\"duration\":1,\"transform\":{\"skY\":157.5,\"y\":8.0675,\"skX\":157.5,\"x\":-20.34445}},{\"tweenEasing\":0,\"duration\":1,\"transform\":{\"skY\":180,\"y\":7.55405,\"skX\":180,\"x\":-29.97085}},{\"tweenEasing\":0,\"duration\":2,\"transform\":{\"skY\":202.5,\"y\":4.07415,\"skX\":202.5,\"x\":-36.05565}},{\"tweenEasing\":0,\"duration\":1,\"transform\":{\"skY\":247.5,\"y\":0.54535,\"skX\":247.5,\"x\":-25.66615}},{\"tweenEasing\":0,\"duration\":2,\"transform\":{\"skY\":270,\"y\":-0.0368,\"skX\":270,\"x\":-18.21515}},{\"tweenEasing\":0,\"duration\":2,\"transform\":{\"skY\":315,\"y\":-0.0221,\"skX\":315,\"x\":-9.9474}},{\"duration\":0,\"transform\":{}}],\"name\":\"xing1\"},{\"frame\":[{\"tweenEasing\":0,\"duration\":2,\"transform\":{},\"tweenRotate\":2},{\"tweenEasing\":0,\"duration\":2,\"transform\":{\"skY\":45,\"y\":3.70765,\"skX\":45,\"x\":-13.3786}},{\"tweenEasing\":0,\"duration\":4,\"transform\":{\"skY\":90,\"y\":4.4533,\"skX\":90,\"x\":-22.29765}},{\"tweenEasing\":0,\"duration\":1,\"transform\":{\"skY\":180,\"skX\":180,\"x\":-44.5953}},{\"tweenEasing\":0,\"duration\":2,\"transform\":{\"skY\":202.5,\"y\":-2.43,\"skX\":202.5,\"x\":-40.13575}},{\"tweenEasing\":0,\"duration\":1,\"transform\":{\"skY\":247.5,\"y\":-4.29175,\"skX\":247.5,\"x\":-31.2167}},{\"tweenEasing\":0,\"duration\":2,\"transform\":{\"skY\":270,\"y\":-4.70185,\"skX\":270,\"x\":-22.29765}},{\"tweenEasing\":0,\"duration\":2,\"transform\":{\"skY\":315,\"y\":-4.0846,\"skX\":315,\"x\":-13.3786}},{\"duration\":0,\"transform\":{}}],\"name\":\"xing2\"}],\"ffd\":[],\"duration\":16,\"playTimes\":0,\"frame\":[],\"slot\":[],\"name\":\"newAnimation\",\"ik\":[]}],\"aabb\":{\"width\":50,\"y\":-27.243635113960114,\"height\":52.24363511396011,\"x\":-25},\"skin\":[{\"name\":\"\",\"slot\":[{\"display\":[{\"path\":\"yun1\",\"type\":\"image\",\"name\":\"yun\",\"transform\":{}}],\"name\":\"yun1\"},{\"display\":[{\"path\":\"xing1\",\"type\":\"image\",\"name\":\"xing\",\"transform\":{\"y\":0.2034,\"x\":0.1255}}],\"name\":\"xing1\"},{\"display\":[{\"path\":\"yun\",\"type\":\"image\",\"name\":\"yun\",\"transform\":{}}],\"name\":\"yun\"},{\"display\":[{\"path\":\"xing\",\"type\":\"image\",\"name\":\"xing\",\"transform\":{\"y\":0.2034,\"x\":0.1255}}],\"name\":\"xing\"},{\"display\":[{\"path\":\"xing\",\"type\":\"image\",\"name\":\"xing\",\"transform\":{\"y\":0.2034,\"x\":0.1255}}],\"name\":\"xing2\"}]}],\"type\":\"Armature\",\"name\":\"xuanyun\",\"defaultActions\":[{\"gotoAndPlay\":\"newAnimation\"}],\"bone\":[{\"name\":\"root\",\"transform\":{}},{\"transform\":{\"y\":-2.24365,\"scY\":0.2},\"name\":\"bone1\",\"parent\":\"root\"},{\"transform\":{\"y\":2.84115,\"x\":0.03175},\"name\":\"xing\",\"parent\":\"root\"},{\"transform\":{\"scY\":0.2},\"name\":\"bone\",\"parent\":\"root\"},{\"transform\":{\"y\":-4.48225,\"scX\":0.6,\"scY\":0.6,\"x\":13.15685},\"name\":\"xing1\",\"parent\":\"root\"},{\"transform\":{\"y\":0.05025,\"scX\":0.5,\"scY\":0.5,\"x\":21.85295},\"name\":\"xing2\",\"parent\":\"root\"},{\"transform\":{},\"name\":\"yun1\",\"parent\":\"bone1\"},{\"transform\":{},\"name\":\"yun\",\"parent\":\"bone\"}],\"slot\":[{\"name\":\"yun\",\"parent\":\"yun\",\"color\":{\"gM\":81,\"bM\":34}},{\"z\":1,\"name\":\"yun1\",\"parent\":\"yun1\",\"color\":{\"gM\":88,\"bM\":47}},{\"z\":2,\"name\":\"xing\",\"parent\":\"xing\",\"color\":{\"gM\":89,\"bM\":25}},{\"z\":3,\"name\":\"xing1\",\"parent\":\"xing1\",\"color\":{\"gM\":89,\"bM\":25}},{\"z\":4,\"name\":\"xing2\",\"parent\":\"xing2\",\"color\":{\"gM\":89,\"bM\":25}}],\"frameRate\":24,\"ik\":[]},{\"animation\":[{\"bone\":[{\"frame\":[{\"duration\":16,\"transform\":{}}],\"name\":\"root\"},{\"frame\":[{\"tweenEasing\":0,\"duration\":2,\"transform\":{\"scX\":0.6,\"scY\":0.6}},{\"tweenEasing\":0,\"duration\":6,\"transform\":{}},{\"tweenEasing\":0,\"duration\":8,\"transform\":{}},{\"duration\":0,\"transform\":{\"scX\":1.2,\"scY\":1.2}}],\"name\":\"01\"}],\"ffd\":[],\"duration\":16,\"playTimes\":0,\"frame\":[],\"slot\":[{\"frame\":[{\"tweenEasing\":0,\"duration\":1,\"color\":{\"aM\":0}},{\"displayIndex\":5,\"tweenEasing\":0,\"duration\":1,\"color\":{\"aM\":50}},{\"displayIndex\":4,\"tweenEasing\":0,\"duration\":1},{\"displayIndex\":6,\"tweenEasing\":0,\"duration\":1},{\"displayIndex\":3,\"tweenEasing\":0,\"duration\":1},{\"displayIndex\":7,\"tweenEasing\":0,\"duration\":1},{\"displayIndex\":2,\"tweenEasing\":0,\"duration\":2},{\"displayIndex\":1,\"tweenEasing\":0,\"duration\":3},{\"displayIndex\":8,\"tweenEasing\":0,\"duration\":5},{\"displayIndex\":8,\"tweenEasing\":null,\"duration\":0,\"color\":{\"aM\":0}}],\"name\":\"01\"}],\"name\":\"newAnimation\",\"ik\":[]}],\"aabb\":{\"width\":112.5,\"y\":-56.25,\"height\":112.5,\"x\":-56.25},\"skin\":[{\"name\":\"\",\"slot\":[{\"display\":[{\"path\":\"01\",\"type\":\"image\",\"name\":\"01\",\"transform\":{\"skY\":180,\"y\":-1.3,\"skX\":180,\"x\":7.475}},{\"path\":\"08\",\"type\":\"image\",\"name\":\"08\",\"transform\":{\"skY\":180,\"y\":-1.3,\"skX\":180,\"x\":7.475}},{\"path\":\"07\",\"type\":\"image\",\"name\":\"07\",\"transform\":{\"skY\":180,\"y\":-1.3,\"skX\":180,\"x\":7.475}},{\"path\":\"05\",\"type\":\"image\",\"name\":\"05\",\"transform\":{\"skY\":180,\"y\":-1.3,\"skX\":180,\"x\":7.475}},{\"path\":\"03\",\"type\":\"image\",\"name\":\"03\",\"transform\":{\"skY\":180,\"y\":-1.3,\"skX\":180,\"x\":7.475}},{\"path\":\"02\",\"type\":\"image\",\"name\":\"02\",\"transform\":{\"skY\":180,\"y\":-1.3,\"skX\":180,\"x\":7.475}},{\"path\":\"04\",\"type\":\"image\",\"name\":\"04\",\"transform\":{\"skY\":180,\"y\":-1.3,\"skX\":180,\"x\":7.475}},{\"path\":\"06\",\"type\":\"image\",\"name\":\"06\",\"transform\":{\"skY\":180,\"y\":-1.3,\"skX\":180,\"x\":7.475}},{\"path\":\"09\",\"type\":\"image\",\"name\":\"09\",\"transform\":{\"skY\":180,\"y\":-1.3,\"skX\":180,\"x\":7.475}}],\"name\":\"01\"}]}],\"type\":\"Armature\",\"name\":\"baozha\",\"defaultActions\":[{\"gotoAndPlay\":\"newAnimation\"}],\"bone\":[{\"name\":\"root\",\"transform\":{}},{\"transform\":{\"skY\":180,\"y\":-1.3,\"skX\":180,\"x\":7.475},\"name\":\"01\",\"parent\":\"root\"}],\"slot\":[{\"name\":\"01\",\"parent\":\"01\",\"color\":{}}],\"frameRate\":24,\"ik\":[]},{\"animation\":[{\"bone\":[{\"frame\":[{\"duration\":0,\"transform\":{}}],\"name\":\"root\"},{\"frame\":[{\"duration\":0,\"transform\":{}}],\"name\":\"jiansu\"}],\"ffd\":[],\"duration\":0,\"playTimes\":0,\"frame\":[],\"slot\":[],\"name\":\"newAnimation\",\"ik\":[]}],\"aabb\":{\"width\":40.5,\"y\":-18.35,\"height\":25.5,\"x\":-9.05},\"skin\":[{\"name\":\"\",\"slot\":[{\"display\":[{\"path\":\"jiansu\",\"type\":\"image\",\"name\":\"jiansu\",\"transform\":{\"skY\":90,\"y\":11.2,\"skX\":90,\"x\":5.6}}],\"name\":\"jiansu\"}]}],\"type\":\"Armature\",\"name\":\"jiansu\",\"defaultActions\":[{\"gotoAndPlay\":\"newAnimation\"}],\"bone\":[{\"name\":\"root\",\"transform\":{}},{\"transform\":{\"skY\":-90,\"skX\":-90},\"name\":\"jiansu\",\"parent\":\"root\"}],\"slot\":[{\"name\":\"jiansu\",\"parent\":\"jiansu\",\"color\":{}}],\"frameRate\":24,\"ik\":[]},{\"animation\":[{\"bone\":[{\"frame\":[{\"duration\":13,\"transform\":{}}],\"name\":\"root\"},{\"frame\":[{\"tweenEasing\":0,\"duration\":1,\"transform\":{\"scX\":0.5,\"scY\":0.5}},{\"duration\":12,\"transform\":{}}],\"name\":\"b0\"}],\"ffd\":[],\"duration\":13,\"playTimes\":0,\"frame\":[],\"slot\":[{\"frame\":[{\"tweenEasing\":null,\"duration\":1},{\"tweenEasing\":null,\"duration\":1},{\"displayIndex\":4,\"tweenEasing\":null,\"duration\":2},{\"displayIndex\":3,\"tweenEasing\":null,\"duration\":2},{\"displayIndex\":2,\"tweenEasing\":null,\"duration\":2},{\"displayIndex\":1,\"tweenEasing\":0,\"duration\":5},{\"displayIndex\":1,\"tweenEasing\":null,\"duration\":0,\"color\":{\"aM\":0}}],\"name\":\"0\"}],\"name\":\"newAnimation\",\"ik\":[]}],\"aabb\":{\"width\":56,\"y\":-25.671369125151486,\"height\":55.5,\"x\":-24.844684585672816},\"skin\":[{\"name\":\"\",\"slot\":[{\"display\":[{\"path\":\"daji/0\",\"type\":\"image\",\"name\":\"daji/0\",\"transform\":{}},{\"path\":\"daji/4\",\"type\":\"image\",\"name\":\"daji/4\",\"transform\":{\"y\":2.07865,\"x\":3.1553}},{\"path\":\"daji/3\",\"type\":\"image\",\"name\":\"daji/3\",\"transform\":{\"y\":-4.62145,\"x\":-4.30615}},{\"path\":\"daji/2\",\"type\":\"image\",\"name\":\"daji/2\",\"transform\":{}},{\"path\":\"daji/1\",\"type\":\"image\",\"name\":\"daji/1\",\"transform\":{}}],\"name\":\"0\"}]}],\"type\":\"Armature\",\"name\":\"03_maoweicao\",\"defaultActions\":[{\"gotoAndPlay\":\"newAnimation\"}],\"bone\":[{\"name\":\"root\",\"transform\":{}},{\"transform\":{},\"name\":\"b0\",\"parent\":\"root\"}],\"slot\":[{\"displayIndex\":1,\"name\":\"0\",\"parent\":\"b0\",\"color\":{}}],\"frameRate\":24,\"ik\":[]},{\"animation\":[{\"bone\":[{\"frame\":[{\"duration\":11,\"transform\":{}}],\"name\":\"root\"},{\"frame\":[{\"tweenEasing\":0,\"duration\":1,\"transform\":{\"scX\":0.3,\"scY\":0.3}},{\"duration\":10,\"transform\":{\"scX\":0.7,\"scY\":0.7}}],\"name\":\"b8\"}],\"ffd\":[],\"duration\":11,\"playTimes\":0,\"frame\":[],\"slot\":[{\"frame\":[{\"tweenEasing\":0,\"duration\":1,\"color\":{\"aM\":0}},{\"tweenEasing\":0,\"duration\":2},{\"displayIndex\":2,\"tweenEasing\":0,\"duration\":2},{\"displayIndex\":3,\"tweenEasing\":0,\"duration\":2},{\"displayIndex\":1,\"tweenEasing\":0,\"duration\":4},{\"displayIndex\":1,\"tweenEasing\":null,\"duration\":0,\"color\":{\"aM\":0}}],\"name\":\"b8\"}],\"name\":\"newAnimation\",\"ik\":[]}],\"aabb\":{\"width\":54.5,\"y\":-24,\"height\":48,\"x\":-27.25},\"skin\":[{\"name\":\"\",\"slot\":[{\"display\":[{\"path\":\"b/b8\",\"type\":\"image\",\"name\":\"b/b8\",\"transform\":{}},{\"path\":\"b/b11\",\"type\":\"image\",\"name\":\"b/b11\",\"transform\":{}},{\"path\":\"b/b9\",\"type\":\"image\",\"name\":\"b/b9\",\"transform\":{}},{\"path\":\"b/b10\",\"type\":\"image\",\"name\":\"b/b10\",\"transform\":{}}],\"name\":\"b8\"}]}],\"type\":\"Armature\",\"name\":\"07_caiwen\",\"defaultActions\":[{\"gotoAndPlay\":\"newAnimation\"}],\"bone\":[{\"name\":\"root\",\"transform\":{}},{\"transform\":{},\"name\":\"b8\",\"parent\":\"root\"}],\"slot\":[{\"displayIndex\":1,\"name\":\"b8\",\"parent\":\"b8\",\"color\":{}}],\"frameRate\":24,\"ik\":[]},{\"animation\":[{\"bone\":[{\"frame\":[{\"duration\":20,\"transform\":{}}],\"name\":\"root\"},{\"frame\":[{\"tweenEasing\":0,\"duration\":2,\"transform\":{\"scX\":0.6,\"scY\":0.6}},{\"tweenEasing\":0,\"duration\":18,\"transform\":{}},{\"duration\":0,\"transform\":{\"y\":-12.9273,\"scX\":1.2,\"scY\":1.2}}],\"name\":\"0\"},{\"frame\":[{\"tweenEasing\":0,\"duration\":2,\"transform\":{\"scX\":0.6,\"scY\":0.6}},{\"tweenEasing\":0,\"duration\":18,\"transform\":{}},{\"duration\":0,\"transform\":{\"y\":-12.9273,\"scX\":1.2,\"scY\":1.2}}],\"name\":\"01\"}],\"ffd\":[],\"duration\":20,\"playTimes\":0,\"frame\":[],\"slot\":[{\"frame\":[{\"tweenEasing\":0,\"duration\":2,\"color\":{\"aM\":0}},{\"displayIndex\":6,\"tweenEasing\":0,\"duration\":1,\"color\":{\"aM\":70}},{\"displayIndex\":5,\"tweenEasing\":0,\"duration\":1,\"color\":{\"aM\":68}},{\"displayIndex\":4,\"tweenEasing\":0,\"duration\":2,\"color\":{\"aM\":67}},{\"displayIndex\":3,\"tweenEasing\":0,\"duration\":2,\"color\":{\"aM\":64}},{\"displayIndex\":2,\"tweenEasing\":0,\"duration\":2,\"color\":{\"aM\":62}},{\"displayIndex\":1,\"tweenEasing\":0,\"duration\":10,\"color\":{\"aM\":60}},{\"displayIndex\":1,\"tweenEasing\":null,\"duration\":0,\"color\":{\"aM\":0}}],\"name\":\"0\"},{\"frame\":[{\"tweenEasing\":0,\"duration\":2,\"color\":{\"aM\":0}},{\"displayIndex\":6,\"tweenEasing\":0,\"duration\":1},{\"displayIndex\":5,\"tweenEasing\":0,\"duration\":1},{\"displayIndex\":4,\"tweenEasing\":0,\"duration\":2},{\"displayIndex\":3,\"tweenEasing\":0,\"duration\":2},{\"displayIndex\":2,\"tweenEasing\":0,\"duration\":2},{\"displayIndex\":1,\"tweenEasing\":0,\"duration\":10},{\"displayIndex\":1,\"tweenEasing\":null,\"duration\":0,\"color\":{\"aM\":0}}],\"name\":\"01\"}],\"name\":\"newAnimation\",\"ik\":[]}],\"aabb\":{\"width\":108.5,\"y\":-74.9985758603482,\"height\":109,\"x\":-51.50017469685952},\"skin\":[{\"name\":\"\",\"slot\":[{\"display\":[{\"path\":\"duqi/0\",\"type\":\"image\",\"name\":\"duqi/0\",\"transform\":{}},{\"path\":\"duqi/6\",\"type\":\"image\",\"name\":\"duqi/6\",\"transform\":{\"y\":-20.4986,\"x\":2.74985}},{\"path\":\"duqi/5\",\"type\":\"image\",\"name\":\"duqi/5\",\"transform\":{\"y\":-9.11215}},{\"path\":\"duqi/4\",\"type\":\"image\",\"name\":\"duqi/4\",\"transform\":{}},{\"path\":\"duqi/3\",\"type\":\"image\",\"name\":\"duqi/3\",\"transform\":{\"y\":-16.1215,\"x\":-32.7103}},{\"path\":\"duqi/2\",\"type\":\"image\",\"name\":\"duqi/2\",\"transform\":{\"x\":-3.50465}},{\"path\":\"duqi/1\",\"type\":\"image\",\"name\":\"duqi/1\",\"transform\":{\"y\":-5.37385,\"x\":-5.6075}}],\"blendMode\":\"add\",\"name\":\"0\"},{\"display\":[{\"path\":\"duqi/0\",\"type\":\"image\",\"name\":\"duqi/0\",\"transform\":{}},{\"path\":\"duqi/6\",\"type\":\"image\",\"name\":\"duqi/6\",\"transform\":{\"y\":-20.4986,\"x\":2.74985}},{\"path\":\"duqi/5\",\"type\":\"image\",\"name\":\"duqi/5\",\"transform\":{\"y\":-9.11215}},{\"path\":\"duqi/4\",\"type\":\"image\",\"name\":\"duqi/4\",\"transform\":{}},{\"path\":\"duqi/3\",\"type\":\"image\",\"name\":\"duqi/3\",\"transform\":{\"y\":-16.1215,\"x\":-32.7103}},{\"path\":\"duqi/2\",\"type\":\"image\",\"name\":\"duqi/2\",\"transform\":{\"x\":-3.50465}},{\"path\":\"duqi/1\",\"type\":\"image\",\"name\":\"duqi/1\",\"transform\":{\"y\":-5.37385,\"x\":-5.6075}}],\"name\":\"01\"}]}],\"type\":\"Armature\",\"name\":\"08_dapengu\",\"defaultActions\":[{\"gotoAndPlay\":\"newAnimation\"}],\"bone\":[{\"name\":\"root\",\"transform\":{}},{\"transform\":{},\"name\":\"0\",\"parent\":\"root\"},{\"transform\":{},\"name\":\"01\",\"parent\":\"root\"}],\"slot\":[{\"displayIndex\":1,\"name\":\"01\",\"parent\":\"01\",\"color\":{}},{\"blendMode\":\"add\",\"z\":1,\"parent\":\"0\",\"displayIndex\":1,\"name\":\"0\",\"color\":{}}],\"frameRate\":24,\"ik\":[]},{\"animation\":[{\"bone\":[{\"frame\":[{\"duration\":11,\"transform\":{}}],\"name\":\"root\"},{\"frame\":[{\"tweenEasing\":0,\"duration\":1,\"transform\":{\"scX\":0.3,\"scY\":0.3}},{\"duration\":10,\"transform\":{\"scX\":0.7,\"scY\":0.7}}],\"name\":\"b8\"}],\"ffd\":[],\"duration\":11,\"playTimes\":0,\"frame\":[],\"slot\":[{\"frame\":[{\"tweenEasing\":0,\"duration\":1,\"color\":{\"aM\":0}},{\"tweenEasing\":0,\"duration\":2},{\"displayIndex\":2,\"tweenEasing\":0,\"duration\":2},{\"displayIndex\":3,\"tweenEasing\":0,\"duration\":2},{\"displayIndex\":1,\"tweenEasing\":0,\"duration\":4},{\"displayIndex\":1,\"tweenEasing\":null,\"duration\":0,\"color\":{\"aM\":0}}],\"name\":\"b8\"}],\"name\":\"newAnimation\",\"ik\":[]}],\"aabb\":{\"width\":54.5,\"y\":-24,\"height\":48,\"x\":-27.25},\"skin\":[{\"name\":\"\",\"slot\":[{\"display\":[{\"path\":\"b/b8\",\"type\":\"image\",\"name\":\"b/b8\",\"transform\":{}},{\"path\":\"b/b11\",\"type\":\"image\",\"name\":\"b/b11\",\"transform\":{}},{\"path\":\"b/b9\",\"type\":\"image\",\"name\":\"b/b9\",\"transform\":{}},{\"path\":\"b/b10\",\"type\":\"image\",\"name\":\"b/b10\",\"transform\":{}}],\"name\":\"b8\"}]}],\"type\":\"Armature\",\"name\":\"09_huixuanbiao\",\"defaultActions\":[{\"gotoAndPlay\":\"newAnimation\"}],\"bone\":[{\"name\":\"root\",\"transform\":{}},{\"transform\":{},\"name\":\"b8\",\"parent\":\"root\"}],\"slot\":[{\"displayIndex\":1,\"name\":\"b8\",\"parent\":\"b8\",\"color\":{}}],\"frameRate\":24,\"ik\":[]},{\"animation\":[{\"bone\":[{\"frame\":[{\"duration\":12,\"transform\":{}}],\"name\":\"root\"},{\"frame\":[{\"tweenEasing\":0,\"duration\":3,\"transform\":{}},{\"tweenEasing\":0,\"duration\":9,\"transform\":{\"skY\":-3.0722,\"skX\":-3.0722,\"x\":-4.18915}},{\"duration\":0,\"transform\":{\"skY\":-5.6016,\"skX\":-5.6016,\"x\":-4.18915}}],\"name\":\"d0\"},{\"frame\":[{\"tweenEasing\":0,\"duration\":3,\"transform\":{}},{\"tweenEasing\":0,\"duration\":9,\"transform\":{\"x\":5.12905}},{\"duration\":0,\"transform\":{\"skY\":7.116,\"skX\":7.116,\"x\":5.9276}}],\"name\":\"d1\"}],\"ffd\":[],\"duration\":12,\"playTimes\":0,\"frame\":[],\"slot\":[{\"frame\":[{\"tweenEasing\":0,\"duration\":3,\"color\":{\"aM\":0}},{\"tweenEasing\":0,\"duration\":9},{\"tweenEasing\":null,\"duration\":0,\"color\":{\"aM\":0}}],\"name\":\"d0\"},{\"frame\":[{\"tweenEasing\":0,\"duration\":3,\"color\":{\"aM\":0}},{\"tweenEasing\":0,\"duration\":9},{\"tweenEasing\":null,\"duration\":0,\"color\":{\"aM\":0}}],\"name\":\"d1\"}],\"name\":\"newAnimation\",\"ik\":[]}],\"aabb\":{\"width\":41.02340663571537,\"y\":-48.90824737124137,\"height\":50.18868352451116,\"x\":-21.64741087498277},\"skin\":[{\"name\":\"\",\"slot\":[{\"display\":[{\"path\":\"dun/d1\",\"type\":\"image\",\"name\":\"dun/d1\",\"transform\":{\"skY\":71.9013,\"y\":-7.6176,\"skX\":71.9013,\"x\":21.8787}}],\"name\":\"d1\"},{\"display\":[{\"path\":\"dun/d0\",\"type\":\"image\",\"name\":\"dun/d0\",\"transform\":{\"skY\":109.2132,\"y\":8.9913,\"skX\":109.2132,\"x\":20.2186}}],\"name\":\"d0\"}]}],\"type\":\"Armature\",\"name\":\"yishang\",\"defaultActions\":[{\"gotoAndPlay\":\"newAnimation\"}],\"bone\":[{\"name\":\"root\",\"transform\":{}},{\"length\":36,\"transform\":{\"skY\":-109.2132,\"y\":-1.85695,\"skX\":-109.2132,\"x\":-2.71085},\"parent\":\"root\",\"name\":\"d0\"},{\"length\":41.5,\"transform\":{\"skY\":-71.9013,\"y\":-0.55695,\"skX\":-71.9013,\"x\":-0.95345},\"parent\":\"root\",\"name\":\"d1\"}],\"slot\":[{\"name\":\"d0\",\"parent\":\"d0\",\"color\":{}},{\"z\":1,\"name\":\"d1\",\"parent\":\"d1\",\"color\":{}}],\"frameRate\":24,\"ik\":[]}],\"frameRate\":24,\"name\":\"dajifankui\",\"version\":\"5.0\",\"isGlobal\":0}"]],0,0,[],[],[]]