[1,["beI4y8v4VAQ4Hdm6yAcSba"],0,[["sp.SkeletonData",["_name","_atlasText","textureNames","_skeletonJson","textures"],-1,3]],[[0,0,1,2,3,4,5]],[[0,"effect015","\r\neffect015.png\r\nsize: 268,93\r\nformat: RGBA8888\r\nfilter: Linear,Linear\r\nrepeat: none\r\nSE-pugong01\r\n  rotate: false\r\n  xy: 115, 7\r\n  size: 80, 84\r\n  orig: 81, 86\r\n  offset: 0, 1\r\n  index: -1\r\nSE-pugong02\r\n  rotate: true\r\n  xy: 197, 26\r\n  size: 65, 69\r\n  orig: 65, 69\r\n  offset: 0, 0\r\n  index: -1\r\nSE-pugong03\r\n  rotate: false\r\n  xy: 2, 6\r\n  size: 111, 85\r\n  orig: 224, 196\r\n  offset: 59, 57\r\n  index: -1\r\nSE-pugong04\r\n  rotate: false\r\n  xy: 2, 3\r\n  size: 1, 1\r\n  orig: 1, 1\r\n  offset: 0, 0\r\n  index: -1\r\nSE-pugong05\r\n  rotate: false\r\n  xy: 197, 2\r\n  size: 21, 22\r\n  orig: 224, 196\r\n  offset: 88, 86\r\n  index: -1\r\n",["effect015.png"],{"skeleton":{"hash":"7baSzTZGka1vkcnA/OJ0TR0L5GA","spine":"3.8.99","fps":24,"images":"D:\\Work\\植物大战僵尸2娘化版\\动画\\娘化版\\工程文件\\特效","audio":"D:\\Work\\植物大战僵尸2娘化版\\动画\\娘化版\\工程文件\\特效"},"bones":[{"name":"root"},{"name":"SE-pugong01","parent":"root"}],"slots":[{"name":"SE-pugong01","bone":"SE-pugong01","attachment":"SE-pugong03"}],"skins":[{"name":"default","attachments":{"SE-pugong01":{"SE-pugong01":{"x":12.32,"y":3.85,"scaleX":2,"scaleY":2,"width":81,"height":86},"SE-pugong02":{"x":12.32,"y":3.85,"scaleX":2,"scaleY":2,"width":65,"height":69},"SE-pugong03":{"x":12.32,"y":3.85,"width":224,"height":196},"SE-pugong04":{"x":12.32,"y":3.85,"width":224,"height":196},"SE-pugong05":{"x":12.32,"y":3.85,"width":224,"height":196}}}}],"animations":{"newAnimation":{"slots":{"SE-pugong01":{"color":[{"color":"ffffffff","curve":"stepped"},{"time":0.375,"color":"ffffff00"}],"attachment":[{"name":"SE-pugong01"},{"time":0.0833,"name":"SE-pugong02"},{"time":0.1667,"name":"SE-pugong03"},{"time":0.2083,"name":null},{"time":0.25,"name":"SE-pugong03"},{"time":0.2917,"name":null},{"time":0.3333,"name":"SE-pugong03"}]}},"bones":{"SE-pugong01":{"scale":[{"x":0.5,"y":0.5},{"time":0.0833},{"time":0.1667,"x":2,"y":2},{"time":0.25,"x":4,"y":4}]}}}}},[0]]],0,0,[0],[-1],[0]]