{"paths":{"0":["plant",1],"1":["plant",0],"2":["price",0],"3":["lottery",0],"4":["bullet",0],"5":["level",0],"6":["sign",0],"7":["shop",0],"8":["guide",0],"9":["zombie",0]},"types":["cc.TextAsset","cc.Asset"],"uuids":["ccNZJK1D1Kb6y/A7E4wAxT","0c2mr3v5NOMLg0+0kWnAAx","10x4AkwBpNg6ZpKBJTXK/F","2d7jJKM/pDh7L3VksM8L0W","352x1eelJJZKdxmJSA0b3O","51HooS/uRJ77XZ4TRLvP6m","6881t5LtVAeZCnQAmVNQtX","a3jO7M2b1KdK4z++HwWE9y","c54pIZ9vxBmIuGTwSjR/nh","dd9ikBlMBBOKhdUOkswQl+"],"scenes":{},"redirect":[],"deps":[],"packs":{},"name":"Data","importBase":"import","nativeBase":"native","debug":false,"isZip":false,"encrypted":false,"versions":{"import":[1,"ed2cc",2,"830c1",3,"b1ef2",4,"59ba6",5,"4c991",6,"27dc0",7,"48ea8",8,"7037e",0,"4e7f2",9,"d8d40"],"native":[0,"43abe"]}}