[1,0,0,[["cc.JsonAsset",["_name","json"],1]],[[0,0,1,3]],[[0,"plantData",{"1":{"1":"1","id":1,"name":"豌豆射手","attributeIds":"1,6,8,9","composegFormula":"","Column4":"0，10，-10，0","camp":1,"profession":1,"rareType":1,"bulletType":1,"bulletPath":0,"bulletImageName":"01_wandousheshou","attackType":1,"aniName":"01_wandousheshou","attackSpeed":3,"bulletSpeed":3000,"shooterPos":"37,25","iconName":"z001"},"2":{"2":"2","id":2,"name":"菜问","attributeIds":"","composegFormula":"","Column4":"","camp":1,"profession":4,"rareType":4,"bulletType":1,"bulletPath":0,"bulletImageName":"07_caiwen","attackType":0,"aniName":"07_caiwen","attackSpeed":1,"bulletSpeed":1000,"shooterPos":"0,0","iconName":"z002"},"3":{"3":"3","id":3,"name":"寒冰豌豆射手","attributeIds":"","composegFormula":"","Column4":"","camp":2,"profession":4,"rareType":4,"bulletType":1,"bulletPath":0,"bulletImageName":"05_hanbingsheshou","attackType":0,"aniName":"05_hanbingsheshou","attackSpeed":1,"bulletSpeed":1000,"shooterPos":"37,25","iconName":"z003"},"4":{"4":"4","id":4,"name":"卷心菜投手","attributeIds":"1,6,8,9","composegFormula":"","Column4":"0，10，-10，0","camp":2,"profession":2,"rareType":2,"bulletType":1,"bulletPath":1,"bulletImageName":"02_juanxincai","attackType":1,"aniName":"02_juanxincai","attackSpeed":1.5,"bulletSpeed":500,"shooterPos":"0,55","iconName":"z004"},"5":{"5":"5","id":5,"name":"回旋镖射手","attributeIds":"","composegFormula":"","Column4":"","camp":3,"profession":4,"rareType":4,"bulletType":1,"bulletPath":3,"bulletImageName":"09_huixuanbiao","attackType":0,"aniName":"09_huixuanbiaosheshou","attackSpeed":1,"bulletSpeed":800,"shooterPos":"10,50","iconName":"z005"},"6":{"6":"6","id":6,"name":"闪电芦苇","attributeIds":"","composegFormula":"","Column4":"","camp":0,"profession":0,"rareType":0,"bulletType":1,"bulletPath":0,"bulletImageName":"","attackType":0,"aniName":"","attackSpeed":0,"bulletSpeed":0,"shooterPos":"","iconName":"z006"},"7":{"7":"7","id":7,"name":"大喷菇","attributeIds":"","composegFormula":"","Column4":"","camp":4,"profession":4,"rareType":4,"bulletType":1,"bulletPath":0,"bulletImageName":"08_dapengu","attackType":0,"aniName":"08_dapengu","attackSpeed":1,"bulletSpeed":800,"shooterPos":"30,30","iconName":"z007"},"8":{"8":"8","id":8,"name":"强酸柠檬","attributeIds":"","composegFormula":"","Column4":"","camp":0,"profession":0,"rareType":0,"bulletType":1,"bulletPath":0,"bulletImageName":"","attackType":0,"aniName":"","attackSpeed":0,"bulletSpeed":0,"shooterPos":"","iconName":"z008"},"9":{"9":"9","id":9,"name":"路灯笼","attributeIds":"","composegFormula":"","Column4":"","camp":0,"profession":0,"rareType":0,"bulletType":1,"bulletPath":0,"bulletImageName":"","attackType":0,"aniName":"","attackSpeed":0,"bulletSpeed":0,"shooterPos":"","iconName":"z009"},"10":{"10":"10","id":10,"name":"向日葵","attributeIds":"","composegFormula":"","Column4":"","camp":3,"profession":3,"rareType":2,"bulletType":0,"bulletPath":1,"bulletImageName":"00_xiangrikui","attackType":1,"aniName":"00_xiangrikui","attackSpeed":0,"bulletSpeed":0,"shooterPos":"0,0","iconName":"z010"},"11":{"11":"11","id":11,"name":"火焰豌豆射手","attributeIds":"","composegFormula":"","Column4":"","camp":5,"profession":4,"rareType":4,"bulletType":1,"bulletPath":0,"bulletImageName":"06_huoyansheshou","attackType":0,"aniName":"06_huoyansheshou","attackSpeed":1,"bulletSpeed":1000,"shooterPos":"37,25","iconName":"z011"},"12":{"12":"12","id":12,"name":"阳光菇","attributeIds":"","composegFormula":"","Column4":"","camp":0,"profession":0,"rareType":0,"bulletType":1,"bulletPath":0,"bulletImageName":"","attackType":0,"aniName":"","attackSpeed":0,"bulletSpeed":0,"shooterPos":"","iconName":"z012"},"13":{"13":"13","id":13,"name":"猫尾草","attributeIds":"","composegFormula":"","Column4":"","camp":4,"profession":4,"rareType":3,"bulletType":1,"bulletPath":2,"bulletImageName":"03_maoweicao","attackType":1,"aniName":"03_maoweicao","attackSpeed":2,"bulletSpeed":1000,"shooterPos":"0,50","iconName":"z013"},"14":{"14":"14","id":14,"name":"红针花","attributeIds":"","composegFormula":"","Column4":"","camp":0,"profession":0,"rareType":0,"bulletType":1,"bulletPath":0,"bulletImageName":"","attackType":0,"aniName":"","attackSpeed":0,"bulletSpeed":0,"shooterPos":"","iconName":"z014"},"15":{"15":"15","id":15,"name":"冰西瓜投手","attributeIds":"1,6,8,9","composegFormula":"","Column4":"0，10，-10，0","camp":5,"profession":1,"rareType":4,"bulletType":1,"bulletPath":1,"bulletImageName":"04_xiguatoushou","attackType":1,"aniName":"04_xiguatoushou","attackSpeed":1,"bulletSpeed":500,"shooterPos":"0,40","iconName":"z015"},"16":{"16":"16","id":16,"name":"激光豆","attributeIds":"","composegFormula":"","Column4":"","camp":0,"profession":0,"rareType":0,"bulletType":0,"bulletPath":0,"bulletImageName":"","attackType":0,"aniName":"","attackSpeed":0,"bulletSpeed":0,"shooterPos":"","iconName":"z016"},"17":{"17":"17","id":17,"name":"火柴花拳手","attributeIds":"","composegFormula":"","Column4":"","camp":0,"profession":0,"rareType":0,"bulletType":0,"bulletPath":0,"bulletImageName":"","attackType":0,"aniName":"","attackSpeed":0,"bulletSpeed":0,"shooterPos":"","iconName":"z017"},"18":{"18":"18","id":18,"name":"变身茄子","attributeIds":"","composegFormula":"","Column4":"","camp":0,"profession":0,"rareType":0,"bulletType":0,"bulletPath":0,"bulletImageName":"","attackType":0,"aniName":"","attackSpeed":0,"bulletSpeed":0,"shooterPos":"","iconName":"z018"},"19":{"19":"19","id":19,"name":"毒影菇","attributeIds":"","composegFormula":"","Column4":"","camp":0,"profession":0,"rareType":0,"bulletType":0,"bulletPath":0,"bulletImageName":"","attackType":0,"aniName":"","attackSpeed":0,"bulletSpeed":0,"shooterPos":"","iconName":"z019"},"20":{"20":"20","id":20,"name":"超能花菜","attributeIds":"","composegFormula":"","Column4":"","camp":0,"profession":0,"rareType":0,"bulletType":0,"bulletPath":0,"bulletImageName":"","attackType":0,"aniName":"","attackSpeed":0,"bulletSpeed":0,"shooterPos":"","iconName":"z020"},"21":{"21":"21","id":21,"name":"暗影射手","attributeIds":"","composegFormula":"","Column4":"","camp":0,"profession":0,"rareType":0,"bulletType":0,"bulletPath":0,"bulletImageName":"","attackType":0,"aniName":"","attackSpeed":0,"bulletSpeed":0,"shooterPos":"","iconName":"z021"},"22":{"22":"22","id":22,"name":"电流醋栗","attributeIds":"","composegFormula":"","Column4":"","camp":0,"profession":0,"rareType":0,"bulletType":0,"bulletPath":0,"bulletImageName":"","attackType":0,"aniName":"","attackSpeed":0,"bulletSpeed":0,"shooterPos":"","iconName":"z022"},"23":{"23":"23","id":23,"name":"幽暮投手","attributeIds":"","composegFormula":"","Column4":"","camp":0,"profession":0,"rareType":0,"bulletType":0,"bulletPath":0,"bulletImageName":"","attackType":0,"aniName":"","attackSpeed":0,"bulletSpeed":0,"shooterPos":"","iconName":"z023"},"24":{"24":"24","id":24,"name":"机枪豌豆","attributeIds":"","composegFormula":"","Column4":"","camp":0,"profession":0,"rareType":0,"bulletType":0,"bulletPath":0,"bulletImageName":"","attackType":0,"aniName":"","attackSpeed":0,"bulletSpeed":0,"shooterPos":"","iconName":"z024"},"25":{"25":"25","id":25,"name":"玫瑰剑客","attributeIds":"","composegFormula":"","Column4":"","camp":0,"profession":0,"rareType":0,"bulletType":0,"bulletPath":0,"bulletImageName":"","attackType":0,"aniName":"","attackSpeed":0,"bulletSpeed":0,"shooterPos":"","iconName":"z025"},"26":{"26":"26","id":26,"name":"火焰花女王","attributeIds":"","composegFormula":"","Column4":"","camp":0,"profession":0,"rareType":0,"bulletType":0,"bulletPath":0,"bulletImageName":"","attackType":0,"aniName":"","attackSpeed":0,"bulletSpeed":0,"shooterPos":"","iconName":"z026"},"27":{"27":"27","id":27,"name":"冰仙子","attributeIds":"","composegFormula":"","Column4":"","camp":0,"profession":0,"rareType":0,"bulletType":0,"bulletPath":0,"bulletImageName":"","attackType":0,"aniName":"","attackSpeed":0,"bulletSpeed":0,"shooterPos":"","iconName":"z027"},"28":{"28":"28","id":28,"name":"魔术菇","attributeIds":"","composegFormula":"","Column4":"","camp":0,"profession":0,"rareType":0,"bulletType":0,"bulletPath":0,"bulletImageName":"","attackType":0,"aniName":"","attackSpeed":0,"bulletSpeed":0,"shooterPos":"","iconName":"z028"},"29":{"29":"29","id":29,"name":"雷电龙草","attributeIds":"","composegFormula":"","Column4":"","camp":0,"profession":0,"rareType":0,"bulletType":0,"bulletPath":0,"bulletImageName":"","attackType":0,"aniName":"","attackSpeed":0,"bulletSpeed":0,"shooterPos":"","iconName":"z029"},"30":{"30":"30","id":30,"name":"熊果臼炮","attributeIds":"","composegFormula":"","Column4":"","camp":0,"profession":0,"rareType":0,"bulletType":0,"bulletPath":0,"bulletImageName":"","attackType":0,"aniName":"","attackSpeed":0,"bulletSpeed":0,"shooterPos":"","iconName":"z030"}}]],0,0,[],[],[]]