[1,["ecpdLyjvZBwrvm+cedCcQy","9b8z0xoylDcqNoRyzmyHXS","a7/TB/6NJBTqae2oST6ctK"],["node","scene","_parent","_spriteFrame","_textureSetter"],[["cc.Node",["_name","_id","_components","_contentSize","_children","_color","_trs","_parent"],1,9,5,2,5,7,1],"cc.SpriteFrame",["cc.SceneAsset",["_name","asyncLoadAssets"],1],["cc.Canvas",["node","_designResolution"],3,1,5],["cc.Widget",["_alignFlags","node"],2,1],["9413871xNFBToZ3vxq0NNjH",["node"],3,1],["cc.Scene",["_name","_active","_children","_anchorPoint","_trs"],1,2,5,7],["cc.Camera",["_clearFlags","_depth","node"],1,1],["cc.Sprite",["node","_materials","_spriteFrame"],3,1,3,6]],[[0,0,7,2,3,2],[4,0,1,2],[2,0,1,3],[0,0,1,4,2,5,3,6,3],[3,0,1,1],[5,0,1],[6,0,1,2,3,4,3],[7,0,1,2,3],[8,0,1,2,1]],[[[[2,"MainScene",null],[3,"Canvas","a286bbGknJLZpRpxROV6M94",[-4,-5,-6],[[4,-1,[5,1334,750]],[1,45,-2],[5,-3]],[4,4294769916],[5,1334,750],[667,375,0,0,0,0,1,1,1,1]],[6,"New Node",false,[1],[0,0,0],[0,0,0,0,0,0,1,1,1,1]],[0,"Main Camera",1,[[7,7,-1,-7]],[5,1334,750]],[0,"Bg",1,[[8,-8,[0],1]],[5,1930,750]],[0,"UI",1,[[1,45,-9]],[5,1334,750]]],0,[0,0,1,0,0,1,0,0,1,0,-1,3,0,-2,4,0,-3,5,0,0,3,0,0,4,0,0,5,0,1,2,1,2,2,9],[0,0],[-1,3],[0,1]],[[{"name":"Bg2","rect":[0,0,1930,750],"offset":[0,0],"originalSize":[1930,750],"capInsets":[0,0,0,0]}],[1],0,[0],[4],[2]]]]