[1,["1ed7c1957","1c3ff388b","a3iYnv2BVEyYl+Krx2Nweq","ecpdLyjvZBwrvm+cedCcQy","c8RfotawFCaLtS47/PGEAX","aeFg9gvhJIn5t8oxqynBjz","35AO3MFPRCNbXlg/RKjaVg","1eBiv11qpAa4eOzzOpTaXG","45XTrWQFFCjZn27WLQcC/0","beyn31eGNEnbiSdHSdWfMk","44RKtK3bdPoLUF99prefwN","356vc7/DhCIYpc17blU26A","e1M6zDmO9AmrFwl+RwjeyU"],["_textureSetter","root","hole","node","data","_spriteFrame"],["cc.SpriteFrame",["cc.PrefabInfo",["fileId","root","asset"],2,1,1],["cc.Prefab",["_name"],2],["cc.Node",["_name","_children","_components","_prefab"],2,2,9,4],["cc.Node",["_name","_parent","_components","_prefab","_contentSize"],2,1,2,4,5],["e1c4f49UvxH+oX3UHpxrfA2",["node","hole","holeFrames"],3,1,1,3],["cc.Sprite",["node","_materials"],3,1,3]],[[2,0,2],[3,0,1,2,3,2],[4,0,1,2,3,4,2],[5,0,1,2,1],[1,1,2,1],[1,0,1,2,2],[6,0,1,1]],[[[{"name":"day_water_hole_1","rect":[252,131,166,99],"offset":[0,0],"originalSize":[166,99],"capInsets":[0,0,0,0]}],[0],0,[0],[0],[0]],[[{"name":"ninght_grass_hole_2","rect":[834,778,124,93],"offset":[0,0],"originalSize":[124,93],"rotated":1,"capInsets":[0,0,0,0]}],[0],0,[0],[0],[1]],[[{"name":"day_roof_hole_1","rect":[834,908,113,140],"offset":[-0.5,0],"originalSize":[122,148],"rotated":1,"capInsets":[0,0,0,0]}],[0],0,[0],[0],[1]],[[{"name":"ninght_water_hole_2","rect":[3,334,157,99],"offset":[0,0],"originalSize":[157,99],"capInsets":[0,0,0,0]}],[0],0,[0],[0],[0]],[[{"name":"day_water_hole_2","rect":[418,326,157,99],"offset":[0,0],"originalSize":[157,99],"capInsets":[0,0,0,0]}],[0],0,[0],[0],[0]],[[[0,"DoomHoleEffect"],[1,"DoomHoleEffect",[-4],[[3,-3,-2,[1,2,3,4,5,6,7,8,9,10]]],[4,-1,0]],[2,"hole",1,[-5],[5,"41DmPF/h1FSJ/LmawE2Ja4",1,0],[5,131,104]],[6,2,[0]]],0,[0,1,1,0,2,3,0,3,1,0,-1,2,0,-1,3,0,4,1,5],[0,0,0,0,0,0,0,0,0,0,0,3],[-1,-1,-2,-3,-4,-5,-6,-7,-8,-9,-10,5],[3,2,4,5,6,7,8,9,10,11,12,2]],[[{"name":"day_grass_hole_1","rect":[248,359,131,104],"offset":[0,0],"originalSize":[131,104],"capInsets":[0,0,0,0]}],[0],0,[0],[0],[0]],[[{"name":"ninght_grass_hole_1","rect":[3,439,131,104],"offset":[0,0],"originalSize":[131,104],"capInsets":[0,0,0,0]}],[0],0,[0],[0],[0]],[[{"name":"ninght_water_hole_1","rect":[424,221,166,99],"offset":[0,0],"originalSize":[166,99],"capInsets":[0,0,0,0]}],[0],0,[0],[0],[0]],[[{"name":"day_grass_hole_2","rect":[594,548,124,93],"offset":[0,0],"originalSize":[124,93],"capInsets":[0,0,0,0]}],[0],0,[0],[0],[0]],[[{"name":"day_roof_hole_2","rect":[333,598,111,124],"offset":[0,0],"originalSize":[111,124],"capInsets":[0,0,0,0]}],[0],0,[0],[0],[0]]]]