[1,["1c3ff388b","21k1a2VMZI5Y0IlBjClpCv","ecpdLyjvZBwrvm+cedCcQy","f6MRpHcbNMxJQgV58ofSE+","1e7CDQkCFK5r0p3OKFEDR7","15H04luF5O2p2leK0Rdgxx","a5RDPR5BBKPaleQ6EX3IbN"],["_textureSetter","root","wordSprite","node","data","_spriteFrame"],["cc.SpriteFrame",["cc.PrefabInfo",["fileId","root","asset"],2,1,1],["cc.Prefab",["_name"],2],["cc.Node",["_name","_children","_components","_prefab"],2,2,9,4],["cc.Node",["_name","_parent","_components","_prefab","_contentSize"],2,1,2,4,5],["dfe58WKdXhPIIN3qd6gO7l7",["node","wordSprite","wordFrames"],3,1,1,3],["cc.Sprite",["_sizeMode","_isTrimmedMode","node","_materials"],1,1,3]],[[2,0,2],[3,0,1,2,3,2],[4,0,1,2,3,4,2],[5,0,1,2,1],[1,1,2,1],[1,0,1,2,2],[6,0,1,2,3,3]],[[[{"name":"large_wave","rect":[3,3,564,66],"offset":[0,0],"originalSize":[572,74],"capInsets":[0,0,0,0]}],[0],0,[0],[0],[0]],[[{"name":"plant","rect":[194,534,170,63],"offset":[0,0],"originalSize":[178,71],"rotated":1,"capInsets":[0,0,0,0]}],[0],0,[0],[0],[0]],[[{"name":"ready","rect":[900,534,121,64],"offset":[0,0],"originalSize":[129,72],"capInsets":[0,0,0,0]}],[0],0,[0],[0],[0]],[[{"name":"last_wave","rect":[3,781,235,67],"offset":[0,0],"originalSize":[243,75],"rotated":1,"capInsets":[0,0,0,0]}],[0],0,[0],[0],[0]],[[[0,"WordEffect"],[1,"WordEffect",[-4],[[3,-3,-2,[1,2,3,4,5]]],[4,-1,0]],[2,"ready",1,[-5],[5,"7bZbEp49RP8K58dTWYO6qu",1,0],[5,183,76]],[6,2,false,2,[0]]],0,[0,1,1,0,2,3,0,3,1,0,-1,2,0,-1,3,0,4,1,5],[0,0,0,0,0,0,3],[-1,-1,-2,-3,-4,-5,5],[2,1,3,4,5,6,1]],[[{"name":"place","rect":[120,710,176,65],"offset":[0,0],"originalSize":[184,73],"capInsets":[0,0,0,0]}],[0],0,[0],[0],[0]]]]