[1,["1e70b2473","1d18c5455"],["_textureSetter"],["cc.SpriteFrame"],0,[[[{"name":"coin2","rect":[680,238,101,84],"offset":[0,0],"originalSize":[101,84],"capInsets":[0,0,0,0]}],[0],0,[0],[0],[0]],[[{"name":"card_slot_2","rect":[830,72,136,75],"offset":[0,0],"originalSize":[136,75],"capInsets":[0,0,0,0]}],[0],0,[0],[0],[0]],[[{"name":"coin1","rect":[583,713,99,79],"offset":[0,0],"originalSize":[99,79],"rotated":1,"capInsets":[0,0,0,0]}],[0],0,[0],[0],[1]],[[{"name":"42","rect":[910,711,128,68],"offset":[0,0],"originalSize":[128,68],"rotated":1,"capInsets":[0,0,0,0]}],[0],0,[0],[0],[1]],[[{"name":"23","rect":[78,63,66,98],"offset":[0,0],"originalSize":[66,98],"rotated":1,"capInsets":[0,0,0,0]}],[0],0,[0],[0],[0]],[[{"name":"22","rect":[3,302,92,85],"offset":[0,0],"originalSize":[92,85],"rotated":1,"capInsets":[0,0,0,0]}],[0],0,[0],[0],[0]],[[{"name":"coin3","rect":[123,413,114,101],"offset":[0,0],"originalSize":[114,101],"capInsets":[0,0,0,0]}],[0],0,[0],[0],[0]],[[{"name":"monthSign_3","rect":[711,71,113,75],"offset":[0,0],"originalSize":[113,75],"capInsets":[10,10,10,10]}],[0],0,[0],[0],[0]]]]