[1,["57+0CNp6pKi6zHAAGvZlUF"],0,[["sp.SkeletonData",["_name","_atlasText","textureNames","_skeletonJson","textures"],-1,3]],[[0,0,1,2,3,4,5]],[[0,"effect012","\r\neffect012.png\r\nsize: 637,212\r\nformat: RGBA8888\r\nfilter: Linear,Linear\r\nrepeat: none\r\n27/yan\r\n  rotate: false\r\n  xy: 2, 7\r\n  size: 296, 203\r\n  orig: 341, 226\r\n  offset: 24, 12\r\n  index: -1\r\nbing/0\r\n  rotate: false\r\n  xy: 573, 42\r\n  size: 62, 62\r\n  orig: 106, 107\r\n  offset: 26, 17\r\n  index: -1\r\nbing/1\r\n  rotate: false\r\n  xy: 408, 105\r\n  size: 106, 105\r\n  orig: 106, 107\r\n  offset: 0, 0\r\n  index: -1\r\nbing/2\r\n  rotate: false\r\n  xy: 300, 103\r\n  size: 106, 107\r\n  orig: 106, 107\r\n  offset: 0, 0\r\n  index: -1\r\nbing/3\r\n  rotate: true\r\n  xy: 516, 106\r\n  size: 104, 107\r\n  orig: 106, 107\r\n  offset: 2, 0\r\n  index: -1\r\nbing/4\r\n  rotate: true\r\n  xy: 300, 2\r\n  size: 99, 101\r\n  orig: 106, 107\r\n  offset: 3, 2\r\n  index: -1\r\nbing/5\r\n  rotate: true\r\n  xy: 403, 8\r\n  size: 93, 91\r\n  orig: 106, 107\r\n  offset: 8, 7\r\n  index: -1\r\nbing/6\r\n  rotate: true\r\n  xy: 496, 13\r\n  size: 90, 75\r\n  orig: 106, 107\r\n  offset: 10, 21\r\n  index: -1\r\n",["effect012.png"],{"skeleton":{"hash":"86akUrtbctLBLA06BTvjAKMTIrA","spine":"3.8.99","fps":24,"images":"D:/Work/植物大战僵尸2娘化版/动画/娘化版/打击特效/龙骨导出的spine资源/library","audio":"D:\\Work\\植物大战僵尸2娘化版\\动画\\娘化版\\打击特效\\龙骨导出的spine资源"},"bones":[{"name":"root"},{"name":"yan","parent":"root"},{"name":"0","parent":"root","x":-4.7,"y":-12.7}],"slots":[{"name":"yan","bone":"yan","attachment":"27/yan","blend":"additive"},{"name":"0","bone":"0","attachment":"bing/1","blend":"additive"}],"skins":[{"name":"default","attachments":{"0":{"bing/0":{"x":4.7,"y":12.7,"width":106,"height":107},"bing/1":{"x":4.7,"y":12.7,"width":106,"height":107},"bing/2":{"x":4.7,"y":12.7,"width":106,"height":107},"bing/3":{"x":4.7,"y":12.7,"width":106,"height":107},"bing/4":{"x":4.7,"y":12.7,"width":106,"height":107},"bing/5":{"x":4.7,"y":12.7,"width":106,"height":107},"bing/6":{"x":4.7,"y":12.7,"width":106,"height":107}},"yan":{"27/yan":{"width":341,"height":226}}}}],"animations":{"newAnimation":{"slots":{"0":{"color":[{"color":"ffffff00"},{"time":0.0833,"color":"ffffff99"},{"time":0.5417,"color":"ffffffff"},{"time":0.6667,"color":"ffffff00"}],"attachment":[{"name":"bing/0"},{"time":0.0833,"name":"bing/1"},{"time":0.1667,"name":"bing/2"},{"time":0.25,"name":"bing/3"},{"time":0.3333,"name":"bing/4"},{"time":0.4167,"name":"bing/5"},{"time":0.5417,"name":"bing/6"}]},"yan":{"color":[{"color":"ffffff00"},{"time":0.125,"color":"ffffffff"},{"time":0.5833,"color":"ffffff00"}]}},"bones":{"0":{"scale":[{"curve":"stepped"},{"time":0.0833,"x":1.5,"y":1.5},{"time":0.6667,"x":3,"y":3}]},"yan":{"translate":[{"time":0.125},{"time":0.5833,"y":14.26}],"scale":[{"x":0.2,"y":0.2},{"time":0.125},{"time":0.6667,"x":1.2,"y":1.2}]}}}}},[0]]],0,0,[0],[-1],[0]]