[1,["7a/QZLET9IDreTiBfRn2PD","ecpdLyjvZBwrvm+cedCcQy","84WjY4soVFj4YxO7wrMnO/","e6FSqB/ChG/4fIsi6o4Wyw"],["node","root","body","animation","data","_N$skeletonData"],[["cc.Node",["_name","_components","_prefab","_trs","_children","_parent","_contentSize"],2,9,4,7,2,1,5],["cc.Node",["_name","_groupIndex","_parent","_components","_prefab","_contentSize","_trs"],1,1,2,4,5,7],["cc.PrefabInfo",["fileId","root","asset"],2,1,1],["cc.Prefab",["_name"],2],["9a409nTfSpAAr41TDJZfv8e",["needShadow","node","animation","body"],2,1,1,1],["sp.Skeleton",["defaultSkin","defaultAnimation","_preCacheMode","_animationName","node","_materials"],-1,1,3],["261d4+Q1HdGA5w3tjdBw83c",["node","spineAnimation"],3,1,1],["cc.Label",["_string","_fontSize","_lineHeight","_N$horizontalAlign","_N$verticalAlign","node","_materials"],-2,1,3],["cc.BoxCollider",["node","_offset","_size"],3,1,5,5],["96c396uvMtPhLUJFoRD9JmK",["node","body"],3,1,1],["sp.SkeletonData",["_name","_atlasText","textureNames","_skeletonJson","textures"],-1,3]],[[2,0,1,2,2],[3,0,2],[0,0,4,1,2,3,2],[0,0,5,1,2,6,3,2],[1,0,2,3,4,5,6,2],[1,0,1,2,3,4,3],[4,0,1,2,3,2],[2,1,2,1],[5,0,1,2,3,4,5,5],[6,0,1,1],[7,0,1,2,3,4,5,6,6],[8,0,1,2,1],[9,0,1,1],[10,0,1,2,3,4,5]],[[[[1,"CoffeeBean"],[2,"CoffeeBean",[-5,-6,-7],[[6,false,-4,-3,-2]],[7,-1,0],[-494,-293,0,0,0,0,1,1,1,1]],[4,"weapon1",1,[-8,-9],[0,"feQFSgk7BMeKKpD5166qTX",1,0],[5,84.41,130.69],[0,30,0,0,0,0,1,-0.7,0.7,-1]],[5,"bodyC",5,1,[-10,-11],[0,"27wCQv8z5KsJBE5wwP9J0G",1,0]],[8,"default","daiji",0,"daiji",2,[0]],[9,2,4],[3,"New Label",1,[[10,"咖啡豆",30,35,1,1,-12,[1]]],[0,"d7UxEYdGhECJUJIpX6A5x6",1,0],[5,90,44.1],[0,30,0,0,0,0,1,1,1,1]],[11,3,[0,0,80],[5,100,160]],[12,3,7]],0,[0,1,1,0,2,8,0,3,5,0,0,1,0,-1,2,0,-2,6,0,-3,3,0,-1,4,0,-2,5,0,-1,7,0,-2,8,0,0,6,0,4,1,12],[0,0,4],[-1,-1,5],[0,1,2]],[[[13,"weapon19","\nweapon19.png\nsize: 512,256\nformat: RGBA8888\nfilter: Linear,Linear\nrepeat: none\nGlow05\n  rotate: false\n  xy: 166, 59\n  size: 55, 55\n  orig: 63, 63\n  offset: 4, 4\n  index: -1\ntianxian\n  rotate: false\n  xy: 166, 116\n  size: 54, 69\n  orig: 54, 69\n  offset: 0, 0\n  index: -1\nyanjing0\n  rotate: false\n  xy: 178, 2\n  size: 53, 55\n  orig: 53, 55\n  offset: 0, 0\n  index: -1\nyanjing1\n  rotate: false\n  xy: 166, 187\n  size: 64, 66\n  orig: 64, 66\n  offset: 0, 0\n  index: -1\nyanpi1\n  rotate: false\n  xy: 101, 8\n  size: 51, 37\n  orig: 51, 37\n  offset: 0, 0\n  index: -1\nyanpi11\n  rotate: true\n  xy: 232, 200\n  size: 53, 46\n  orig: 53, 46\n  offset: 0, 0\n  index: -1\nyanpi2\n  rotate: false\n  xy: 222, 130\n  size: 53, 55\n  orig: 53, 55\n  offset: 0, 0\n  index: -1\n嘴1\n  rotate: true\n  xy: 154, 6\n  size: 39, 22\n  orig: 39, 22\n  offset: 0, 0\n  index: -1\n嘴2\n  rotate: true\n  xy: 223, 97\n  size: 31, 22\n  orig: 32, 23\n  offset: 0, 1\n  index: -1\n眉\n  rotate: false\n  xy: 2, 18\n  size: 97, 27\n  orig: 97, 27\n  offset: 0, 0\n  index: -1\n身体\n  rotate: false\n  xy: 2, 47\n  size: 162, 206\n  orig: 162, 206\n  offset: 0, 0\n  index: -1\n",["weapon19.png"],{"skeleton":{"hash":"8n5IrSDXU90QEpwD5OnPS368qNs","spine":"3.8.99","x":-42.5,"y":-2.31,"width":84.41,"height":130.69},"bones":[{"name":"root","x":-0.29,"y":-2.31,"scaleX":-0.2613,"scaleY":0.2614},{"name":"Glow05","parent":"root","x":34.45,"y":297.48},{"name":"bone","parent":"root","x":41,"y":-2.3},{"name":"Glow051","parent":"root","x":-39.27,"y":197.66},{"name":"Glow0511","parent":"root","x":-39.27,"y":197.66},{"name":"身体","parent":"bone","length":385,"rotation":106.89,"x":0.7,"y":14},{"name":"tianxian","parent":"身体","length":121,"rotation":17.28,"x":392.59,"y":1.42},{"name":"嘴1","parent":"身体","x":218.06,"y":-40.6},{"name":"眉","parent":"身体","x":323.15,"y":-91.52},{"name":"yanjing0","parent":"身体","x":297.22,"y":-22.72},{"name":"yanpi11","parent":"yanjing0","rotation":-106.89,"x":45.23,"y":-6.01,"scaleX":1.04},{"name":"yanpi1","parent":"yanjing0","rotation":-106.89,"x":20.33,"y":-85.22}],"slots":[{"name":"tianxian","bone":"tianxian","attachment":"tianxian"},{"name":"身体","bone":"身体","attachment":"身体"},{"name":"嘴1","bone":"嘴1","attachment":"嘴2"},{"name":"yanpi1","bone":"yanpi1","attachment":"yanpi11"},{"name":"yanjing0","bone":"yanjing0","attachment":"yanjing0"},{"name":"yanpi11","bone":"yanpi11","attachment":"yanpi11"},{"name":"yanjing01","bone":"yanjing0","attachment":"yanjing0"},{"name":"眉","bone":"眉","attachment":"眉"},{"name":"Glow05","bone":"Glow05","color":"36f2ffff","attachment":"Glow05","blend":"additive"},{"name":"Glow051","bone":"Glow051","color":"36f2ffff","attachment":"Glow05"},{"name":"Glow0511","bone":"Glow0511","color":"36f2ffff","attachment":"Glow05"},{"name":"Glow052","bone":"Glow05","color":"36f2ffff","attachment":"Glow05","blend":"additive"}],"skins":[{"name":"default","attachments":{"Glow05":{"Glow05":{"width":125,"height":125}},"Glow051":{"Glow05":{"x":4.9,"y":17.49,"width":125,"height":125}},"Glow052":{"Glow05":{"width":125,"height":125}},"Glow0511":{"Glow05":{"x":4.9,"y":17.49,"width":125,"height":125}},"tianxian":{"tianxian":{"x":54.31,"y":1.57,"rotation":-124.17,"width":108,"height":138}},"yanjing0":{"yanjing0":{"x":-16.73,"y":-78.18,"rotation":-108.89,"width":106,"height":109},"yanjing1":{"x":-24,"y":-77,"rotation":-109,"width":127,"height":131}},"yanjing01":{"yanjing0":{"x":3,"rotation":-106.89,"width":106,"height":109},"yanjing1":{"x":3,"rotation":-106.89,"width":127,"height":131}},"yanpi1":{"yanpi1":{"x":4.32,"y":-23.5,"width":102,"height":73},"yanpi2":{"x":2.53,"y":-42.12,"width":106,"height":109},"yanpi11":{"x":2.63,"y":-32.06,"rotation":-10.47,"width":106,"height":91}},"yanpi11":{"yanpi1":{"x":4.32,"y":-23.5,"width":102,"height":73},"yanpi2":{"x":2.53,"y":-42.12,"width":106,"height":109},"yanpi11":{"x":6.9,"y":-32.06,"rotation":-8.64,"width":106,"height":91}},"嘴1":{"嘴1":{"x":-9.49,"y":8.84,"rotation":-106.89,"width":78,"height":43},"嘴2":{"x":-5.68,"y":2.46,"scaleY":0.8,"rotation":-106.89,"width":64,"height":46}},"眉":{"眉":{"x":11.98,"y":11.93,"rotation":-106.89,"width":194,"height":53}},"身体":{"身体":{"x":197.56,"y":-16.4,"rotation":-106.89,"width":323,"height":411}}}}],"events":{"gongji":{}},"animations":{"daiji":{"slots":{"Glow05":{"color":[{"color":"36f2ff00"}]},"Glow051":{"color":[{"color":"36f2ff00"}]},"Glow052":{"color":[{"color":"36f2ff00"}]},"Glow0511":{"color":[{"color":"36f2ff00"}]},"yanpi1":{"attachment":[{"name":null},{"time":0.5417,"name":"yanpi11"},{"time":0.5833,"name":"yanpi2"},{"time":0.7083,"name":"yanpi1"},{"time":0.75,"name":null},{"time":0.9167,"name":"yanpi11"},{"time":0.9583,"name":"yanpi2"},{"time":1.0417,"name":"yanpi1"},{"time":1.0833,"name":null}]},"yanpi11":{"attachment":[{"name":null},{"time":0.5417,"name":"yanpi11"},{"time":0.5833,"name":"yanpi2"},{"time":0.7083,"name":"yanpi1"},{"time":0.75,"name":null},{"time":0.9167,"name":"yanpi11"},{"time":0.9583,"name":"yanpi2"},{"time":1.0417,"name":"yanpi1"},{"time":1.0833,"name":null}]},"嘴1":{"attachment":[{"name":"嘴1"}]}},"bones":{"身体":{"scale":[{},{"time":0.6667,"x":1.1},{"time":1.3333}]},"tianxian":{"rotate":[{"angle":8.12},{"time":0.2083,"angle":14.74},{"time":0.8333,"angle":0.12},{"time":1.3333,"angle":8.12}]}},"drawOrder":[{"offsets":[{"slot":"yanpi1","offset":2},{"slot":"yanpi11","offset":1}]}]},"gongji":{"slots":{"Glow05":{"color":[{"color":"ffffff00"},{"time":0.125,"color":"36f2ff00"},{"time":0.2083,"color":"36f2ffff","curve":"stepped"},{"time":0.3333,"color":"36f2ffff"},{"time":0.5833,"color":"36f2ff00"}]},"Glow051":{"color":[{"color":"ffffff00"},{"time":0.125,"color":"36f2ff00"},{"time":0.2083,"color":"36f2ffff","curve":"stepped"},{"time":0.5,"color":"36f2ffff"},{"time":0.6667,"color":"36f2ff00"}]},"Glow052":{"color":[{"color":"ffffff00"},{"time":0.125,"color":"36f2ff00"},{"time":0.2083,"color":"36f2ffff","curve":"stepped"},{"time":0.3333,"color":"36f2ffff"},{"time":0.5833,"color":"36f2ff00"}]},"Glow0511":{"color":[{"color":"ffffff00"},{"time":0.125,"color":"36f2ff00"},{"time":0.2083,"color":"36f2ffff"},{"time":0.6667,"color":"36f2ff00"}]},"yanjing0":{"attachment":[{"time":0.2083,"name":"yanjing1"},{"time":0.5417,"name":"yanjing0"}]},"yanjing01":{"attachment":[{"time":0.2083,"name":"yanjing1"},{"time":0.5417,"name":"yanjing0"}]},"yanpi1":{"attachment":[{"name":null}]},"yanpi11":{"attachment":[{"name":null}]}},"bones":{"Glow05":{"translate":[{"x":-50.14,"y":12.72}],"scale":[{},{"time":0.125,"y":0.5},{"time":0.2083,"x":6},{"time":0.5833,"x":7,"y":0.5}]},"Glow051":{"translate":[{"x":-50.14,"y":12.72},{"time":0.125,"x":42.17,"y":65.3},{"time":0.2083,"x":-50.34,"y":25.74},{"time":0.6667,"x":-89.88,"y":-10.42}],"scale":[{},{"time":0.125,"x":0.5,"y":0.5},{"time":0.2083,"x":1.5,"y":1.5},{"time":0.6667,"x":2,"y":2}]},"Glow0511":{"translate":[{"x":-50.14,"y":12.72},{"time":0.125,"x":114.9,"y":105.38},{"time":0.2083,"x":137.38,"y":124.4},{"time":0.3333,"x":173.31,"y":121.9},{"time":0.6667,"x":205.07,"y":111.74}],"scale":[{},{"time":0.125,"x":0.5,"y":0.5},{"time":0.2083}]},"身体":{"rotate":[{},{"time":0.125,"angle":-6.02},{"time":0.2083,"angle":6.85},{"time":0.4167,"angle":8.66},{"time":0.5417}],"scale":[{},{"time":0.125,"x":0.95,"y":1.05},{"time":0.2083,"x":1.1,"y":0.95,"curve":"stepped"},{"time":0.4167,"x":1.1,"y":0.95},{"time":0.5417}]},"眉":{"translate":[{},{"time":0.125,"x":-0.65,"y":1.22},{"time":0.2083,"x":-11.38,"y":5.9,"curve":"stepped"},{"time":0.4167,"x":-11.38,"y":5.9},{"time":0.5417}],"scale":[{},{"time":0.2083,"x":1.2,"y":1.1},{"time":0.5417}]},"tianxian":{"rotate":[{"angle":8.12},{"time":0.125,"angle":-16.67},{"time":0.2083,"angle":21.39},{"time":0.4167,"angle":31.21},{"time":0.5417,"angle":8.12}]},"嘴1":{"rotate":[{},{"time":0.2083,"angle":-3.29},{"time":0.5417}],"scale":[{},{"time":0.125,"x":0.95,"y":0.5},{"time":0.2083,"y":1.5,"curve":"stepped"},{"time":0.4167,"y":1.5},{"time":0.5417}]}},"events":[{"time":0.25,"name":"gongji"}]},"gongji2":{"slots":{"Glow05":{"color":[{"color":"ffffff00"},{"time":0.0417,"color":"36f2ff00"},{"time":0.0833,"color":"36f2ffff"},{"time":0.125,"color":"ffffff00"}]},"Glow051":{"color":[{"color":"ffffff00"},{"time":0.0417,"color":"36f2ff00"},{"time":0.0833,"color":"36f2ffff"},{"time":0.125,"color":"ffffff00"}]},"Glow052":{"color":[{"color":"ffffff00"},{"time":0.0417,"color":"36f2ff00"},{"time":0.0833,"color":"36f2ffff"},{"time":0.125,"color":"ffffff00"}]},"Glow0511":{"color":[{"color":"ffffff00"},{"time":0.0417,"color":"36f2ff00"},{"time":0.0833,"color":"36f2ffff"},{"time":0.125,"color":"ffffff00"}]},"yanjing0":{"attachment":[{"time":0.0833,"name":"yanjing1"},{"time":0.125,"name":"yanjing0"}]},"yanjing01":{"attachment":[{"time":0.0833,"name":"yanjing1"},{"time":0.125,"name":"yanjing0"}]},"yanpi1":{"attachment":[{"name":null}]},"yanpi11":{"attachment":[{"name":null}]}},"bones":{"Glow05":{"translate":[{"x":-50.14,"y":12.72}],"scale":[{},{"time":0.0417,"y":0.5},{"time":0.0833,"x":6},{"time":0.125}]},"Glow051":{"translate":[{"x":-50.14,"y":12.72},{"time":0.0417,"x":42.17,"y":65.3},{"time":0.0833,"x":-50.34,"y":25.74},{"time":0.125,"x":-50.14,"y":12.72}],"scale":[{},{"time":0.0417,"x":0.5,"y":0.5},{"time":0.0833,"x":1.5,"y":1.5},{"time":0.125}]},"Glow0511":{"translate":[{"x":-50.14,"y":12.72},{"time":0.0417,"x":114.9,"y":105.38},{"time":0.0833,"x":137.38,"y":124.4},{"time":0.125,"x":-50.14,"y":12.72}],"scale":[{},{"time":0.0417,"x":0.5,"y":0.5},{"time":0.0833}]},"身体":{"rotate":[{},{"time":0.0417,"angle":-6.02},{"time":0.0833,"angle":6.85},{"time":0.125}],"scale":[{},{"time":0.0417,"x":0.95,"y":1.05},{"time":0.0833,"x":1.1,"y":0.95},{"time":0.125}]},"眉":{"translate":[{},{"time":0.0417,"x":-0.65,"y":1.22},{"time":0.0833,"x":-11.38,"y":5.9},{"time":0.125}],"scale":[{},{"time":0.0417,"x":1.12,"y":1.06,"curve":0.25,"c3":0.75},{"time":0.0833,"x":1.2,"y":1.1},{"time":0.125}]},"tianxian":{"rotate":[{"angle":8.12},{"time":0.0417,"angle":-16.67},{"time":0.0833,"angle":21.39},{"time":0.125,"angle":8.12}]},"嘴1":{"rotate":[{},{"time":0.0417,"angle":-1.97,"curve":0.25,"c3":0.75},{"time":0.0833,"angle":-3.29},{"time":0.125}],"scale":[{},{"time":0.0417,"x":0.95,"y":0.5},{"time":0.0833,"y":1.5},{"time":0.125}]}},"events":[{"time":0.0833,"name":"gongji"}]}}},[0]]],0,0,[0],[-1],[3]]]]