[1,["e78zSuw79McLrXpFaoDTIu","7a/QZLET9IDreTiBfRn2PD","572lexgbJCkoPD/Td9v1KX"],["root","body","animation","node","data","_N$skeletonData"],[["cc.Node",["_name","_groupIndex","_parent","_components","_prefab","_contentSize"],1,1,2,4,5],["cc.PrefabInfo",["fileId","root","asset"],2,1,1],["sp.SkeletonData",["_name","_atlasText","textureNames","_skeletonJson","textures"],-1,3],["cc.Prefab",["_name"],2],["cc.Node",["_name","_children","_components","_prefab","_trs"],2,2,12,4,7],["6b830Fm1MRJB7qJldotUMJd",["needShadow","node","animation","body"],2,1,1,1],["cc.BoxCollider",["node","_size"],3,1,5],["96c396uvMtPhLUJFoRD9JmK",["node","body"],3,1,1],["sp.Skeleton",["defaultSkin","defaultAnimation","_preCacheMode","_animationName","node","_materials"],-1,1,3],["261d4+Q1HdGA5w3tjdBw83c",["node","spineAnimation"],3,1,1]],[[1,0,1,2,2],[2,0,1,2,3,4,5],[3,0,2],[4,0,1,2,3,4,2],[0,0,1,2,3,4,3],[0,0,2,3,4,5,2],[5,0,1,2,3,2],[1,1,2,1],[6,0,1,1],[7,0,1,1],[8,0,1,2,3,4,5,5],[9,0,1,1]],[[[[1,"17_plant","\n17_plant.png\nsize: 256,128\nformat: RGBA8888\nfilter: Linear,Linear\nrepeat: none\nbody\n  rotate: false\n  xy: 2, 2\n  size: 127, 92\n  orig: 127, 93\n  offset: 0, 1\n  index: -1\neye1\n  rotate: false\n  xy: 2, 96\n  size: 40, 25\n  orig: 40, 25\n  offset: 0, 0\n  index: -1\neye2\n  rotate: false\n  xy: 44, 96\n  size: 40, 25\n  orig: 40, 25\n  offset: 0, 0\n  index: -1\neye3\n  rotate: false\n  xy: 86, 96\n  size: 40, 25\n  orig: 40, 25\n  offset: 0, 0\n  index: -1\n",["17_plant.png"],{"skeleton":{"hash":"gSpvuKuVNtDPeNOVgG9OA3wJ9kk","spine":"3.8.99","x":-53,"y":-38.87,"width":106,"height":77.63},"bones":[{"name":"root"},{"name":"plant","parent":"root","scaleX":0.125,"scaleY":0.125}],"slots":[{"name":"body","bone":"plant","attachment":"body"},{"name":"eye3","bone":"plant"},{"name":"eye2","bone":"plant"},{"name":"eye1","bone":"plant","attachment":"eye1"}],"skins":[{"name":"default","attachments":{"body":{"body":{"y":-0.5,"width":848,"height":621}},"eye1":{"eye1":{"x":212,"y":-179,"width":264,"height":166},"eye2":{"x":212,"y":-179,"width":265,"height":166},"eye3":{"x":212,"y":-179,"width":266,"height":166}}}}],"animations":{"idle":{},"idle_eye":{"slots":{"eye1":{"attachment":[{"time":0.0667,"name":"eye2"},{"time":0.1333,"name":"eye3"},{"time":0.2,"name":"eye2"},{"time":0.2667,"name":"eye1"}]}}}}},[0]]],0,0,[0],[-1],[0]],[[[2,"LilyPad"],[3,"LilyPad",[-6,-7],[[-2,[6,false,-5,-4,-3]],1,4],[7,-1,0],[-494,-293,0,0,0,0,1,1,1,1]],[4,"bodyC",5,1,[-8,-9],[0,"04AU4cfj5JH6mskrDyzSIR",1,0]],[8,2,[5,100,80]],[9,2,3],[5,"17_plant",1,[-10],[0,"3aaQSEZL1H1YMzAQ1HA4FY",1,0],[5,106,77.63]],[10,"default","idle",0,"idle",5,[0]],[11,1,6]],0,[0,0,1,0,-1,7,0,1,4,0,2,7,0,3,1,0,-1,2,0,-2,5,0,-1,3,0,-2,4,0,-1,6,0,4,1,10],[0,6],[-1,5],[1,2]]]]