[1,0,0,[["dragonBones.DragonBonesAsset",["_name","_dragonBonesJson"],1]],[[0,0,1,3]],[[0,"PuTongJiangShi_ske","{\"frameRate\":24,\"name\":\"PuTongJiangShi\",\"version\":\"5.5\",\"compatibleVersion\":\"5.5\",\"armature\":[{\"type\":\"Armature\",\"frameRate\":24,\"name\":\"JiangShi\",\"aabb\":{\"x\":-32.24,\"y\":-103.62,\"width\":69.55,\"height\":109.39},\"bone\":[{\"name\":\"root\"},{\"name\":\"bone1\",\"parent\":\"root\"},{\"length\":3.5000000000000004,\"name\":\"bone_ikTarget_left\",\"parent\":\"bone1\",\"transform\":{\"x\":27.264202000000004,\"y\":-6.2151950000000005,\"skX\":31.0009,\"skY\":31.0009}},{\"length\":3.5000000000000004,\"name\":\"bone_ikTarget_right\",\"parent\":\"bone1\",\"transform\":{\"x\":-2.020732,\"y\":-3.4536390000000003,\"skX\":145.812,\"skY\":145.812}},{\"length\":3.5000000000000004,\"name\":\"臂膀1\",\"parent\":\"bone1\",\"transform\":{\"x\":12.956755000000001,\"y\":-45.087700000000005,\"skX\":165.8879,\"skY\":165.8879}},{\"name\":\"bone_ikTarget1\",\"parent\":\"bone_ikTarget_left\",\"transform\":{\"x\":-14.157269000000001,\"y\":15.866389000000002,\"skX\":-31.0821,\"skY\":-31.0821}},{\"length\":3.5000000000000004,\"name\":\"腰\",\"parent\":\"臂膀1\",\"transform\":{\"x\":0.181342,\"y\":-1.095549,\"skX\":-75.8133,\"skY\":-75.8133}},{\"length\":13.090000000000002,\"name\":\"身体\",\"parent\":\"臂膀1\",\"transform\":{\"x\":0.09287600000000001,\"y\":0.815906,\"skX\":89.5615,\"skY\":89.5615}},{\"name\":\"bone_ikTarget\",\"parent\":\"bone_ikTarget_right\",\"transform\":{\"x\":-10.982622000000001,\"y\":-6.572713,\"skX\":-145.812,\"skY\":-145.812}},{\"length\":24.360000000000003,\"name\":\"大腿1\",\"parent\":\"腰\",\"transform\":{\"x\":-1.6680020000000002,\"y\":-6.920837000000001,\"skX\":5.3483,\"skY\":5.3483}},{\"length\":20.720000000000002,\"name\":\"身体1\",\"parent\":\"身体\",\"transform\":{\"x\":13.197401000000001,\"y\":0.075852,\"skX\":-15.7378,\"skY\":-15.7378}},{\"length\":17.5,\"name\":\"大腿2\",\"parent\":\"腰\",\"transform\":{\"x\":2.6243700000000003,\"y\":7.588091000000001,\"skX\":1.5856,\"skY\":1.5856}},{\"length\":11.830000000000002,\"name\":\"领带1\",\"parent\":\"身体1\",\"transform\":{\"x\":10.302488000000002,\"y\":-6.028869,\"skX\":-144.3379,\"skY\":-144.3379}},{\"length\":18.970000000000002,\"name\":\"臂膀2\",\"parent\":\"身体1\",\"transform\":{\"x\":16.887514000000003,\"y\":-4.103932,\"skX\":-146.3062,\"skY\":-146.3062}},{\"length\":17.430000000000003,\"name\":\"脚_1\",\"parent\":\"大腿1\",\"transform\":{\"x\":24.317202,\"y\":-0.93786,\"skX\":-35.2053,\"skY\":-35.2053}},{\"length\":20.090000000000003,\"name\":\"头\",\"parent\":\"身体1\",\"transform\":{\"x\":21.101549000000002,\"y\":-2.9631840000000005,\"skX\":-15.9821,\"skY\":-15.9821}},{\"length\":21.560000000000002,\"name\":\"脚2\",\"parent\":\"大腿2\",\"transform\":{\"x\":17.517850000000003,\"skX\":17.2008,\"skY\":17.2008}},{\"length\":20.37,\"name\":\"臂膀11\",\"parent\":\"身体1\",\"transform\":{\"x\":11.001795000000001,\"y\":5.376140000000001,\"skX\":-148.0237,\"skY\":-148.0237}},{\"length\":14.070000000000002,\"name\":\"bone\",\"parent\":\"头\",\"transform\":{\"x\":-0.031304000000000005,\"y\":-6.95352,\"skX\":-78.5998,\"skY\":-78.5998}},{\"length\":18.200000000000003,\"name\":\"手臂2\",\"parent\":\"臂膀2\",\"transform\":{\"x\":19.031607000000005,\"skX\":9.257,\"skY\":9.257}},{\"length\":12.81,\"name\":\"脚21\",\"parent\":\"脚2\",\"transform\":{\"x\":21.588679000000003,\"skX\":-112.2686,\"skY\":-112.2686}},{\"length\":17.64,\"name\":\"手臂1\",\"parent\":\"臂膀11\",\"transform\":{\"x\":20.438369,\"skX\":11.878,\"skY\":11.878}},{\"length\":1.4000000000000001,\"name\":\"眼睛2_\",\"parent\":\"头\",\"transform\":{\"x\":6.667941000000001,\"y\":3.0757930000000004,\"skX\":41.2302,\"skY\":41.2302}},{\"length\":12.81,\"name\":\"领带2\",\"parent\":\"领带1\",\"transform\":{\"x\":11.847066,\"skX\":-0.7037,\"skY\":-0.7037}},{\"length\":1.4000000000000001,\"name\":\"眼睛1_\",\"parent\":\"头\",\"transform\":{\"x\":20.296157000000004,\"y\":-12.581387000000001,\"skX\":41.6663,\"skY\":41.6663}},{\"length\":6.0200000000000005,\"name\":\"脚_11\",\"parent\":\"脚_1\",\"transform\":{\"x\":16.997953000000003,\"y\":0.344617,\"skX\":87.9852,\"skY\":87.9852}},{\"length\":13.790000000000001,\"name\":\"手2\",\"parent\":\"手臂2\",\"transform\":{\"x\":18.233978000000004,\"skX\":-1.4698,\"skY\":-1.4698}},{\"length\":15.750000000000002,\"name\":\"大腿21\",\"parent\":\"手臂1\",\"transform\":{\"x\":17.681804,\"skX\":-19.5498,\"skY\":-19.5498}},{\"length\":15.05,\"name\":\"脚_12\",\"parent\":\"脚_11\",\"transform\":{\"x\":6.024697000000001,\"skX\":19.0967,\"skY\":19.0967}}],\"slot\":[{\"name\":\"手2\",\"parent\":\"手2\"},{\"name\":\"手臂2\",\"parent\":\"手臂2\"},{\"name\":\"臂膀2\",\"parent\":\"臂膀2\"},{\"name\":\"脚2\",\"parent\":\"脚2\"},{\"name\":\"大腿2\",\"parent\":\"大腿2\"},{\"name\":\"腰\",\"parent\":\"腰\"},{\"name\":\"脚_1\",\"parent\":\"脚_1\"},{\"name\":\"大腿1\",\"parent\":\"大腿1\"},{\"name\":\"身体\",\"parent\":\"身体\"},{\"name\":\"领带\",\"parent\":\"领带1\"},{\"name\":\"头\",\"parent\":\"头\"},{\"name\":\"眼睛2_\",\"parent\":\"眼睛2_\"},{\"name\":\"眼睛1_\",\"parent\":\"眼睛1_\"},{\"name\":\"手1\",\"parent\":\"大腿21\"},{\"name\":\"手臂1\",\"parent\":\"手臂1\"},{\"name\":\"臂膀1\",\"parent\":\"臂膀11\"}],\"ik\":[{\"bendPositive\":false,\"chain\":1,\"name\":\"bone_ik1\",\"bone\":\"脚_1\",\"target\":\"bone_ikTarget_left\"},{\"chain\":1,\"name\":\"bone_ik\",\"bone\":\"脚2\",\"target\":\"bone_ikTarget_right\"},{\"name\":\"bone_ik2\",\"bone\":\"脚21\",\"target\":\"bone_ikTarget\"},{\"name\":\"bone_ik3\",\"bone\":\"脚_12\",\"target\":\"bone_ikTarget1\"}],\"skin\":[{\"slot\":[{\"name\":\"眼睛2_\",\"display\":[{\"name\":\"眼睛2_\",\"transform\":{\"x\":0.35,\"y\":0.06,\"skX\":95.04,\"skY\":95.04},\"path\":\"眼睛2\"}]},{\"name\":\"大腿2\",\"display\":[{\"name\":\"大腿2\",\"transform\":{\"x\":9.48,\"y\":-0.31,\"skX\":-91.66,\"skY\":-91.66}}]},{\"name\":\"手1\",\"display\":[{\"name\":\"手1\",\"transform\":{\"x\":7.29,\"y\":-1.78,\"skX\":-84.02,\"skY\":-84.02}}]},{\"name\":\"脚_1\",\"display\":[{\"type\":\"mesh\",\"name\":\"脚_1\",\"width\":32,\"height\":26,\"vertices\":[18.87,-22.74,22.65,-20.99,26.43,-12.17,31.12,-14.83,33.36,-13.29,34.34,-9.58,34.27,-8.46,33.01,-9.79,31.96,-10.49,31.82,-8.6,33.08,-6.92,32.52,-6.29,31.96,-5.87,32.94,-1.39,32.17,-1.88,31.89,0.5,9.13,3.93,2.83,3.23,2.27,-0.55,2.55,-1.95,3.39,-2.16,5.91,-6.29,12.98,-8.18,17.68,-7.34,17.61,-8.95,18.94,-9.37,16.49,-12.52,19.57,-12.8,21.11,-12.1,21.67,-12.52,16.77,-20.78,17.68,-22.39,20.69,-21.9,9.67,-7.3,4.59,-4.13,20.55,-5.69,22.19,-2.98,21.16,2.11,26.98,1.23,32.44,-3.68,33.87,-11.36,14.98,3.04,12.22,3.46,16.75,-4.65,18.27,-1.44,16.83,2.77,7.04,-0.19,13.3,-0.38],\"uvs\":[0.51133,0,0.63399,0.06545,0.75163,0.39529,0.8976,0.29581,0.97146,0.34712,0.99782,0.49215,0.99564,0.53403,0.95643,0.48429,0.92375,0.45812,0.91939,0.5288,0.95861,0.59162,0.94118,0.61518,0.92375,0.63089,0.97048,0.81832,0.93028,0.7801,0.92832,0.87723,0.21351,0.99738,0.01351,0.97683,0,0.82984,0.00871,0.77749,0.03486,0.76963,0.11329,0.60445,0.33333,0.5445,0.4793,0.57592,0.47712,0.51571,0.51852,0.5,0.44227,0.3822,0.53813,0.37173,0.58606,0.39791,0.60349,0.3822,0.44346,0.09411,0.45871,0.02605,0.57953,0.01637,0.2149,0.55824,0.05971,0.68211,0.56874,0.63796,0.61972,0.73914,0.59084,0.90534,0.77036,0.89772,0.96278,0.71809,1,0.42565,0.43582,0.97411,0.33068,1,0.461,0.67919,0.50795,0.78992,0.48211,0.95357,0.14336,0.83691,0.3561,0.84516],\"triangles\":[39,14,13,7,6,5,4,8,40,8,7,40,7,5,40,3,8,4,12,14,39,9,11,10,3,2,8,9,12,11,36,38,12,12,38,14,14,38,15,9,2,12,2,36,12,2,9,8,29,28,2,28,35,2,35,36,2,1,29,2,36,37,38,25,35,28,44,37,36,32,30,1,35,44,36,25,23,35,0,30,32,43,44,35,27,25,28,44,45,37,31,30,0,23,43,35,24,23,25,26,25,27,47,45,44,47,41,45,43,47,44,22,43,23,22,47,43,47,42,41,16,42,47,46,16,47,22,33,47,33,46,47,21,34,46,21,46,33,46,17,16,20,18,46,18,17,46,34,20,46,19,18,20,1,29,30],\"weights\":[1,14,1,1,14,1,3,14,0.834489,25,0.125061,28,0.040451,2,14,0.607278,25,0.392722,2,14,0.539804,25,0.460196,2,14,0.524039,25,0.475961,3,14,0.458547,25,0.408789,28,0.132664,3,14,0.460821,25,0.416942,28,0.122237,3,14,0.471687,25,0.414518,28,0.113795,3,14,0.483623,25,0.419926,28,0.096451,3,14,0.478838,25,0.407628,28,0.113534,3,14,0.48892,25,0.405566,28,0.105514,3,14,0.499343,25,0.403359,28,0.097298,3,14,0.435796,25,0.380226,28,0.183979,3,14,0.447101,25,0.383409,28,0.16949,3,14,0.407802,25,0.364985,28,0.227213,1,28,1,1,28,1,1,28,1,1,28,1,1,28,1,1,28,1,3,14,0.192318,28,0.555014,25,0.252668,3,14,0.185281,28,0.470851,25,0.343868,3,14,0.313062,28,0.370572,25,0.316366,3,14,0.404784,28,0.300202,25,0.295014,3,14,0.58211,28,0.21727,25,0.20062,3,14,0.794614,25,0.10882,28,0.096565,3,14,0.854323,25,0.082132,28,0.063545,3,14,0.923618,25,0.044435,28,0.031947,1,14,1,1,14,1,1,14,1,2,28,0.786277,25,0.213723,1,28,1,3,14,0.085334,28,0.461763,25,0.452903,3,14,0.004321,25,0.58323,28,0.412449,3,14,0.114397,28,0.464413,25,0.421189,3,14,0.293593,25,0.371482,28,0.334925,3,14,0.472426,25,0.393527,28,0.134047,2,14,0.522274,25,0.477726,2,28,0.793309,25,0.206691,2,28,0.869865,25,0.130135,3,14,0.047174,28,0.773837,25,0.178988,3,14,0.009365,28,0.92422,25,0.066416,3,14,0.080639,28,0.66135,25,0.258011,1,28,1,2,28,0.988317,25,0.011683],\"slotPose\":[1,0,0,1,0,0],\"bonePose\":[14,0.496708,0.867918,-0.867918,0.496708,18.606576,-21.343,25,-0.849918,0.526914,-0.526914,-0.849918,26.7505,-6.419,28,-0.975533,0.219855,-0.219855,-0.975533,21.63,-3.2445],\"edges\":[2,3,3,4,5,6,7,8,8,9,9,10,10,11,11,12,13,14,14,15,16,17,17,18,18,19,19,20,22,23,24,25,26,27,27,28,28,29,29,30,30,31,31,0,0,32,32,1,1,2,25,26,23,24,21,33,33,22,20,34,34,21,15,38,38,37,12,39,39,13,6,7,4,40,40,5,41,42,42,16,37,45,45,41],\"userEdges\":[23,35,35,36,36,37,22,43,43,44,44,45,20,46,46,47,47,44]}]},{\"name\":\"臂膀1\",\"display\":[{\"type\":\"mesh\",\"name\":\"臂膀1\",\"width\":10,\"height\":28,\"vertices\":[2.77,-64.74,5.7,-72.44,10.56,-72.44,13.13,-68.38,2.76,-51.6,7.78,-52.99,13.12,-51.08,13.12,-48.13,9.35,-44.09,4.89,-44.09,2.76,-45.64,7.64,-48.45,7.19,-44.09,2.76,-48.29,7.95,-57.7,8.02,-64.96,8.59,-72.44,13.13,-64.9,2.76,-57.5,13.13,-57.6],\"uvs\":[0,0.27185,0.28345,0,0.7527,0,1,0.14333,0,0.73531,0.48446,0.6863,1,0.75358,1,0.85778,0.63547,1,0.20541,1,0,0.94556,0.47027,0.84642,0.42703,1,0,0.8521,0.50068,0.52025,0.50709,0.26395,0.5625,0,1,0.26617,0,0.52704,1,0.52358],\"triangles\":[5,11,6,2,16,3,16,15,3,5,6,19,14,5,19,3,15,17,14,19,17,15,14,17,6,11,7,11,8,7,1,15,16,11,12,8,1,0,15,15,0,14,0,18,14,9,12,11,4,11,5,18,5,14,10,9,11,13,10,11,4,13,11,18,4,5],\"weights\":[1,17,1,1,17,1,1,17,1,1,17,1,2,17,0.85,21,0.15,2,17,0.88,21,0.12,2,17,0.84,21,0.16,1,21,1,1,21,1,1,21,1,1,21,1,2,17,0.008612,21,0.991388,1,21,1,2,21,0.85,17,0.15,2,17,0.999393,21,0.000607,1,17,1,1,17,1,1,17,1,1,17,1,1,17,1],\"slotPose\":[1,0,0,1,0,0],\"bonePose\":[17,-0.029454,0.999566,-0.999566,-0.029454,8.519,-70.861,21,-0.234563,0.972101,-0.972101,-0.234563,7.917,-50.4315],\"edges\":[6,7,9,10,7,8,8,12,12,9,10,13,13,4,1,16,16,2,3,17,4,18,18,0,17,19,19,6,2,3,0,1],\"userEdges\":[4,5,5,6,13,11,11,7,18,14,14,19]}]},{\"name\":\"身体\",\"display\":[{\"type\":\"mesh\",\"name\":\"身体\",\"width\":34,\"height\":45,\"vertices\":[-0.17,-77.69,11.24,-72.86,29.29,-46.89,26.07,-44.37,24.18,-41.64,22.22,-41.99,22.71,-39.96,20.75,-36.46,17.74,-39.75,18.44,-37.02,11.51,-32.68,8.99,-41.92,6.05,-40.87,5.21,-43.04,4.3,-41.15,2.55,-41.71,0.94,-39.54,-1.23,-38.7,-1.44,-38.84,-1.3,-41.57,-4.79,-70.76,-2.9,-76.5,16.68,-65.03,23.49,-55.25,5.73,-75.2,-3.49,-59.84,-1.84,-46.11,4.53,-66.94,12.41,-53.07,1.81,-40.71,-2.65,-52.86,8.42,-60.09,-3.81,-73.74,8.68,-73.95,2.98,-76.36,14.08,-68.78,25.83,-51.87,15.45,-45.49],\"uvs\":[0.13525,0,0.46926,0.10714,0.99795,0.68323,0.90369,0.73913,0.84836,0.79969,0.79098,0.79193,0.80533,0.83696,0.74795,0.9146,0.65984,0.84161,0.68033,0.90217,0.47746,0.99845,0.40369,0.79348,0.31762,0.81677,0.29303,0.76863,0.26639,0.81056,0.21783,0.8021,0.16803,0.84627,0.13586,0.86196,0.09488,0.86607,0.10246,0.80124,0,0.15373,0.05533,0.0264,0.66204,0.27074,0.82788,0.49792,0.32582,0.02094,0,0.33019,0.08653,0.70059,0.27295,0.23851,0.50369,0.5462,0.19827,0.82656,0.044,0.51851,0.38695,0.39052,0.01016,0.08022,0.41264,0.0607,0.23292,0.00078,0.57552,0.18811,0.8867,0.57617,0.59252,0.71427],\"triangles\":[36,3,2,37,5,36,36,5,3,5,4,3,23,37,36,22,28,23,28,37,23,5,8,6,8,7,6,37,8,5,31,28,22,8,10,9,37,11,8,11,10,8,35,31,22,27,31,35,28,11,37,13,11,28,1,27,35,26,13,28,30,26,28,31,30,28,33,27,1,24,27,33,13,12,11,34,27,24,27,25,31,25,30,31,32,20,27,34,0,27,15,14,13,26,15,13,20,25,27,26,19,15,19,29,15,19,16,29,19,17,16,19,18,17,32,21,27,0,21,27],\"weights\":[1,10,1,1,10,1,1,7,1,1,7,1,1,7,1,1,7,1,1,7,1,1,7,1,1,7,1,1,7,1,1,7,1,1,7,1,1,7,1,1,7,1,1,7,1,1,7,1,1,7,1,1,7,1,1,7,1,1,7,1,1,10,1,1,10,1,2,7,0.48469,10,0.51531,1,7,1,1,10,1,2,7,0.39941,10,0.60059,1,7,1,2,7,0.000022,10,0.999978,2,7,0.942387,10,0.057613,1,7,1,2,7,0.510594,10,0.489406,2,7,0.005746,10,0.994254,1,10,1,1,10,1,1,10,1,2,7,0.395638,10,0.604362,1,7,1,1,7,1],\"slotPose\":[1,0,0,1,0,0],\"bonePose\":[7,-0.251236,-0.967926,0.967926,-0.251236,12.667741,-45.856335,10,-0.504353,-0.863498,0.863498,-0.504353,9.4255,-58.6495],\"edges\":[2,3,3,4,4,5,6,7,7,8,9,10,10,11,11,12,12,13,14,15,16,17,17,18,18,19,21,0,22,23,25,20,19,26,8,9,5,6,15,29,29,16,13,14,26,30,30,25,20,32,32,21,24,33,33,1,0,34,34,24,1,35,35,22,23,36,36,2],\"userEdges\":[21,27,27,31,31,28,30,31,31,22,25,27,28,37,37,8,11,37,37,36]}]},{\"name\":\"手臂2\",\"display\":[{\"name\":\"手臂2\",\"transform\":{\"x\":9.46,\"y\":0.97,\"skX\":-102.66,\"skY\":-102.66}}]},{\"name\":\"头\",\"display\":[{\"type\":\"mesh\",\"name\":\"头\",\"width\":43,\"height\":46,\"vertices\":[-21.91,-60.17,-31.71,-75.44,-32.59,-86.78,-32.59,-95.24,-25.63,-106.11,4.18,-106.11,11.37,-92.35,11.37,-76.46,7.17,-77.6,0.36,-70.69,-2.53,-64.4,-9.74,-60.05,-17.99,-75.12,-7.17,-74.09,-27.01,-68.11,-17.79,-68.63,-7.99,-68.21,-17.37,-60.13,-16.65,-84.92,-11.5,-95.44,-7.06,-106.11,0.36,-83.89,11.37,-83.68],\"uvs\":[0.24275,0.99742,0.0199,0.66603,0,0.41976,0,0.23617,0.15828,0,0.83623,0,1,0.29886,1,0.64377,0.9043,0.619,0.74944,0.76915,0.68376,0.90562,0.51959,1.00008,0.33193,0.67282,0.57818,0.69516,0.12682,0.82502,0.33662,0.81386,0.55947,0.82282,0.34609,0.99841,0.36242,0.46013,0.4797,0.23171,0.58057,0,0.74944,0.48247,1,0.48696],\"triangles\":[6,21,22,21,8,22,22,8,7,20,19,5,21,9,8,13,9,21,16,10,9,13,16,9,18,13,21,19,18,21,16,11,10,18,12,13,15,16,13,12,15,13,4,19,20,15,11,16,15,17,11,3,18,19,4,3,19,15,0,17,1,12,18,2,1,18,3,2,18,12,14,15,14,0,15,1,14,12,21,19,6,5,19,6],\"weights\":[1,18,1,1,15,1,1,15,1,1,15,1,1,15,1,1,15,1,1,15,1,1,15,1,1,15,1,1,15,1,2,15,0.369635,18,0.630365,1,18,1,1,15,1,1,15,1,1,18,1,1,18,1,2,15,0.057934,18,0.942066,1,18,1,1,15,1,1,15,1,1,15,1,1,15,1,1,15,1],\"slotPose\":[1,0,0,1,0,0],\"bonePose\":[15,-0.722612,-0.691254,0.691254,-0.722612,-3.775826,-75.376152,18,-0.820448,0.571722,-0.571722,-0.820448,-8.559852,-70.329818],\"edges\":[1,2,2,3,3,4,5,6,7,8,8,9,9,10,10,11,0,14,11,17,17,0,4,20,20,5,6,22,22,7,14,1],\"userEdges\":[1,12,12,13,13,9,14,15,15,16,16,10,15,17,12,18,18,19,19,20,2,18,18,21,21,22,3,19,19,6,12,15,13,16]}]},{\"name\":\"脚2\",\"display\":[{\"type\":\"mesh\",\"name\":\"脚2\",\"width\":26,\"height\":28,\"vertices\":[3.61,-27.22,7.25,-26.03,8.3,-22.95,5.15,-10.14,6.06,-9.86,8.51,-10.07,11.1,-9.72,15.23,-7.62,16.84,-4.89,17.12,-4.82,17.68,-4.68,17.96,-2.72,17.89,-2.23,17.96,-2.02,17.68,-0.83,17.75,-0.76,17.47,0.08,8.71,1.06,6.68,0.85,6.47,0.92,-0.81,-0.2,-4.17,0.01,-6.97,-0.13,-7.46,-3.98,-8.65,-3.56,-8.37,-5.24,-8.51,-6.36,-6.41,-8.04,-7.04,-9.3,-5.71,-10.98,-5.21,-11.33,1.51,-26.24,-2.28,-17.84,-4.13,-13.75,-0.35,-22.12,6.62,-16.15,7.43,-19.42,5.7,-12.38,7.76,-24.52,5.54,-26.59,-7.19,-1.94,13.84,0.48,13.2,-8.73],\"uvs\":[0.45932,0,0.59134,0.02506,0.64449,0.18568,0.51706,0.60247,0.55118,0.61235,0.64304,0.60494,0.74016,0.61728,0.91837,0.71185,0.95538,0.78765,0.96588,0.79012,0.98688,0.79506,0.99738,0.8642,0.99475,0.88148,0.99738,0.88889,0.98688,0.93086,0.9895,0.93333,0.98438,0.96815,0.65092,0.99753,0.5748,0.99012,0.56693,0.99259,0.30643,0.96198,0.16798,0.96049,0.06299,0.96321,0.04462,0.81975,0,0.83457,0.0105,0.77531,0.00525,0.7358,0.08399,0.67654,0.04396,0.64136,0.09528,0.57284,0.12861,0.56049,0.38058,0.03457,0.18913,0.29745,0.13381,0.47015,0.2898,0.11947,0.55068,0.39051,0.58592,0.27145,0.52877,0.52983,0.64069,0.10287,0.53725,0,0.04256,0.89183,0.84631,0.98896,0.83963,0.64112],\"triangles\":[12,14,13,8,12,11,9,8,11,10,9,11,14,16,15,41,14,12,8,41,12,14,41,16,7,41,8,42,6,7,6,17,7,17,41,7,5,17,6,5,18,17,4,18,5,4,3,19,3,20,19,4,19,18,0,31,36,0,36,2,1,39,38,39,0,38,0,2,38,31,34,36,32,35,36,34,32,36,27,20,3,32,33,37,32,37,35,30,27,3,30,3,37,33,30,37,27,23,21,27,21,20,29,27,30,23,40,21,25,23,27,40,22,21,26,25,27,28,27,29,25,24,23],\"weights\":[1,16,1,1,16,1,1,16,1,2,20,0.351015,16,0.648985,2,20,0.46738,16,0.53262,2,20,0.628706,16,0.371294,2,20,0.778033,16,0.221967,1,20,1,1,20,1,1,20,1,1,20,1,1,20,1,1,20,1,1,20,1,1,20,1,1,20,1,1,20,1,2,20,0.838358,16,0.161642,2,20,0.80474,16,0.19526,2,20,0.795749,16,0.204251,2,20,0.526613,16,0.473387,2,20,0.503445,16,0.496555,2,20,0.501918,16,0.498082,2,20,0.500597,16,0.499403,2,20,0.500662,16,0.499338,2,20,0.500113,16,0.499887,2,20,0.497656,16,0.502344,2,20,0.439503,16,0.560497,2,20,0.424949,16,0.575051,2,20,0.33172,16,0.66828,2,20,0.2992,16,0.7008,1,16,1,1,16,1,2,20,0.203321,16,0.796679,1,16,1,2,20,0.100468,16,0.899532,1,16,1,2,20,0.213262,16,0.786738,1,16,1,1,16,1,2,20,0.501529,16,0.498471,1,20,1,2,20,0.858578,16,0.141422],\"slotPose\":[1,0,0,1,0,0],\"bonePose\":[20,0.998232,-0.059441,0.059441,0.998232,-2.03,-3.4265,16,-0.323271,0.946306,-0.946306,-0.323271,4.949,-23.856],\"edges\":[3,4,4,5,5,6,7,8,8,9,10,11,11,12,12,13,13,14,14,15,15,16,17,18,18,19,19,20,20,21,21,22,23,24,24,25,25,26,26,27,27,28,28,29,29,30,31,0,30,33,33,32,32,34,34,31,2,36,36,35,35,37,37,3,1,38,38,2,0,39,39,1,22,40,40,23,16,41,41,17,42,7,9,10,6,42],\"userEdges\":[]}]},{\"name\":\"眼睛1_\",\"display\":[{\"name\":\"眼睛1_\",\"transform\":{\"x\":0.49,\"y\":0.09,\"skX\":94.6,\"skY\":94.6},\"path\":\"眼睛1\"}]},{\"name\":\"腰\",\"display\":[{\"name\":\"腰\",\"transform\":{\"x\":0.34,\"y\":0.13,\"skX\":-90.07,\"skY\":-90.07}}]},{\"name\":\"手臂1\",\"display\":[{\"name\":\"手臂1\",\"transform\":{\"x\":8.9,\"y\":0.45,\"skX\":-103.57,\"skY\":-103.57}}]},{\"name\":\"大腿1\",\"display\":[{\"name\":\"大腿1\",\"transform\":{\"x\":11.65,\"y\":-1.05,\"skX\":-95.42,\"skY\":-95.42}}]},{\"name\":\"手2\",\"display\":[{\"name\":\"手2\",\"transform\":{\"x\":7.07,\"y\":-0.39,\"skX\":-101.19,\"skY\":-101.19}}]},{\"name\":\"领带\",\"display\":[{\"type\":\"mesh\",\"name\":\"领带\",\"width\":11,\"height\":31,\"vertices\":[-1.85,-70.97,1.44,-68.59,0.46,-65.3,3.19,-46.68,0.39,-42.9,-3.4,-39.82,-8.58,-47.87,-2.42,-64.74,-5.01,-69.43,-4.73,-69.92,-3.65,-66.99,-0.25,-69.81,-3.82,-60.89,-5.36,-56.68,-7.05,-52.06,1.08,-61.02,1.77,-56.32,2.48,-51.5,-6.12,-44.06,-1.76,-41.16],\"uvs\":[0.58964,0,0.87337,0.07623,0.79438,0.17735,0.99408,0.7815,0.76953,0.90549,0.4216,0.99776,0,0.73991,0.50296,0.19955,0.28254,0.0454,0.34763,0.02052,0.37423,0.14235,0.72844,0.03225,0.34974,0.30736,0.20719,0.44497,0.07798,0.60139,0.83533,0.31879,0.89445,0.46604,0.9604,0.6237,0.14259,0.87829,0.48638,1],\"triangles\":[6,18,4,14,6,17,17,6,3,6,4,3,13,14,16,16,14,17,2,7,15,15,12,16,12,13,16,11,2,1,11,10,2,10,7,2,7,12,15,0,10,11,5,19,4,18,5,4,9,8,10,9,10,0],\"weights\":[1,10,1,1,10,1,2,10,0.23,12,0.77,2,12,0.339186,23,0.660814,2,12,0.093934,23,0.906066,2,12,0.000504,23,0.999496,2,12,0.35967,23,0.64033,2,10,0.23,12,0.77,1,10,1,1,10,1,1,10,1,1,10,1,2,12,0.918333,23,0.081667,2,12,0.667284,23,0.332716,2,12,0.488297,23,0.511703,2,12,0.93337,23,0.06663,2,12,0.694877,23,0.305123,2,12,0.491817,23,0.508183,2,12,0.107525,23,0.892475,2,12,0.011831,23,0.988169],\"slotPose\":[1,0,0,1,0,0],\"bonePose\":[12,-0.093652,0.995605,-0.995605,-0.093652,-0.9765,-64.505,23,-0.081417,0.99668,-0.99668,-0.081417,-2.086,-52.71,10,-0.504353,-0.863498,0.863498,-0.504353,9.4255,-58.6495],\"edges\":[3,4,8,9,9,0,1,2,7,10,10,8,0,11,11,1,12,7,13,12,6,14,14,13,2,15,15,16,16,17,17,3,5,18,18,6,4,19,19,5],\"userEdges\":[]}]},{\"name\":\"臂膀2\",\"display\":[{\"type\":\"mesh\",\"name\":\"臂膀2\",\"width\":11,\"height\":28,\"vertices\":[-8.92,-47.57,-6.08,-45.07,-2.66,-45.07,0.61,-47.34,2.28,-50.13,1.87,-51.84,2.36,-56.78,2.77,-62.31,2.77,-68.15,2.21,-70.89,0.35,-73.35,-2.21,-73.35,-5.11,-71.26,-6.6,-67.7,-7.56,-63.16,-7.86,-57.11,-7.97,-54.44,-8.92,-52.76,-1.17,-71.04,-1.77,-66.66,-2.21,-62.64,-2.73,-56.78,-3.18,-51.76,-8.92,-49.94,-3.74,-48.72],\"uvs\":[0,0.91188,0.24371,1,0.53593,1,0.81557,0.9198,0.95868,0.82116,0.92365,0.76089,0.96497,0.58614,1,0.39059,1,0.18416,0.9521,0.08725,0.79341,0.00012,0.57425,0.00012,0.32635,0.07413,0.1991,0.2,0.11647,0.3604,0.09132,0.57438,0.08174,0.66881,0,0.72822,0.66317,0.08181,0.61228,0.23676,0.57425,0.37871,0.52964,0.58614,0.49162,0.76349,0,0.82785,0.44371,0.87116],\"triangles\":[21,5,6,20,21,6,20,6,7,19,20,7,9,18,8,18,19,8,19,7,8,21,22,5,10,18,9,5,22,4,22,3,4,22,24,3,24,2,3,11,18,10,15,21,20,12,13,19,12,19,18,11,12,18,16,22,21,13,14,20,14,15,20,13,20,19,24,1,2,15,16,21,16,17,22,23,24,22,17,23,22,0,1,24,23,0,24],\"weights\":[1,19,1,2,13,0.008592,19,0.991408,1,19,1,1,19,1,2,13,0.496051,19,0.503949,2,13,0.85,19,0.15,1,13,1,1,13,1,1,13,1,1,13,1,1,13,1,1,13,1,1,13,1,1,13,1,1,13,1,1,13,1,2,13,0.88,19,0.12,2,13,0.5,19,0.5,1,13,1,1,13,1,1,13,1,1,13,1,2,13,0.83,19,0.17,1,19,1,1,19,1],\"slotPose\":[1,0,0,1,0,0],\"bonePose\":[13,-0.059401,0.998234,-0.998234,-0.059401,-2.6355,-71.162,19,-0.219206,0.975679,-0.975679,-0.219206,-3.766,-52.164],\"edges\":[0,1,1,2,2,3,3,4,4,5,5,6,6,7,7,8,8,9,9,10,10,11,11,12,12,13,13,14,14,15,15,16,16,17,17,23,23,0],\"userEdges\":[]}]}]}],\"animation\":[{\"duration\":60,\"playTimes\":0,\"name\":\"move\",\"bone\":[{\"name\":\"bone_ikTarget_right\",\"translateFrame\":[{\"duration\":14,\"tweenEasing\":0,\"x\":28.06},{\"duration\":11,\"tweenEasing\":0,\"x\":39.05},{\"duration\":15,\"tweenEasing\":0,\"x\":43.12},{\"duration\":5,\"tweenEasing\":0,\"x\":24.64,\"y\":-8.07},{\"duration\":3,\"tweenEasing\":0,\"x\":12.32,\"y\":-11.02},{\"duration\":2,\"tweenEasing\":0,\"x\":4.93,\"y\":-0.19},{\"duration\":10,\"tweenEasing\":0},{\"duration\":0,\"x\":28.06}],\"rotateFrame\":[{\"duration\":25,\"tweenEasing\":0},{\"duration\":15,\"tweenEasing\":0},{\"duration\":5,\"tweenEasing\":0,\"rotate\":24.27},{\"duration\":5,\"tweenEasing\":0,\"rotate\":42.83},{\"duration\":10}]},{\"name\":\"臂膀1\",\"translateFrame\":[{\"duration\":14,\"tweenEasing\":0,\"x\":28.05,\"y\":10.17},{\"duration\":6,\"tweenEasing\":0,\"x\":29.91,\"y\":4.92},{\"duration\":5,\"tweenEasing\":0,\"x\":18.91,\"y\":0.18},{\"duration\":8,\"tweenEasing\":0,\"x\":23.34,\"y\":6.25},{\"duration\":6,\"tweenEasing\":0,\"x\":21.2,\"y\":-0.16},{\"duration\":11,\"tweenEasing\":0,\"x\":11.73,\"y\":-3.33},{\"duration\":10,\"tweenEasing\":0,\"x\":3.68,\"y\":-1.32},{\"duration\":0,\"x\":28.05,\"y\":10.17}],\"rotateFrame\":[{\"duration\":14,\"tweenEasing\":0,\"rotate\":0.97},{\"duration\":11,\"tweenEasing\":0,\"rotate\":3.49},{\"duration\":35,\"tweenEasing\":0,\"rotate\":-23.11},{\"duration\":0,\"rotate\":0.97}]},{\"name\":\"bone_ikTarget_left\",\"translateFrame\":[{\"duration\":14,\"tweenEasing\":0,\"x\":28.06},{\"duration\":6,\"tweenEasing\":0,\"x\":29.06,\"y\":-14.54},{\"duration\":3,\"tweenEasing\":0,\"x\":2.23,\"y\":-16.74},{\"duration\":2,\"tweenEasing\":0,\"x\":-7.54,\"y\":-1.88},{\"duration\":8,\"tweenEasing\":0,\"x\":-11.68},{\"duration\":27,\"tweenEasing\":0,\"x\":-5.8},{\"duration\":0,\"x\":28.06}],\"rotateFrame\":[{\"duration\":14,\"tweenEasing\":0},{\"duration\":3,\"tweenEasing\":0,\"rotate\":-65.68},{\"duration\":3,\"tweenEasing\":0,\"rotate\":-95.02},{\"duration\":3,\"tweenEasing\":0,\"rotate\":-62.71},{\"duration\":2,\"tweenEasing\":0,\"rotate\":18.4},{\"duration\":35,\"tweenEasing\":0,\"rotate\":5.27},{\"duration\":0}]},{\"name\":\"身体\",\"rotateFrame\":[{\"duration\":14,\"tweenEasing\":0,\"rotate\":6.55},{\"duration\":11,\"tweenEasing\":0,\"rotate\":5.14},{\"duration\":15,\"tweenEasing\":0,\"rotate\":19.15},{\"duration\":20,\"tweenEasing\":0,\"rotate\":1.03},{\"duration\":0,\"rotate\":6.55}]},{\"name\":\"大腿1\",\"translateFrame\":[{\"duration\":14,\"tweenEasing\":0},{\"duration\":11,\"tweenEasing\":0},{\"duration\":15,\"tweenEasing\":0,\"x\":2.72,\"y\":11.14},{\"duration\":20,\"tweenEasing\":0,\"x\":2.54,\"y\":2.12},{\"duration\":0}],\"rotateFrame\":[{\"duration\":14,\"tweenEasing\":0,\"rotate\":17.25},{\"duration\":11,\"tweenEasing\":0,\"rotate\":6.31},{\"duration\":35,\"tweenEasing\":0,\"rotate\":65.02},{\"duration\":0,\"rotate\":17.25}]},{\"name\":\"大腿2\",\"translateFrame\":[{\"duration\":25,\"tweenEasing\":0},{\"duration\":25,\"tweenEasing\":0},{\"duration\":10,\"tweenEasing\":0,\"x\":2.12,\"y\":-0.06},{\"duration\":0}],\"rotateFrame\":[{\"duration\":14,\"tweenEasing\":0,\"rotate\":-35.93},{\"duration\":11,\"tweenEasing\":0,\"rotate\":-35.02},{\"duration\":15,\"tweenEasing\":0,\"rotate\":-23.6},{\"duration\":20,\"tweenEasing\":0,\"rotate\":66.74},{\"duration\":0,\"rotate\":-35.93}]},{\"name\":\"身体1\",\"translateFrame\":[{\"duration\":14,\"tweenEasing\":0},{\"duration\":6,\"tweenEasing\":0},{\"duration\":5,\"tweenEasing\":0,\"x\":-2.35,\"y\":0.3},{\"duration\":35}],\"rotateFrame\":[{\"duration\":14,\"tweenEasing\":0,\"rotate\":3.67},{\"duration\":6,\"tweenEasing\":0,\"rotate\":6.36},{\"duration\":5,\"tweenEasing\":0,\"rotate\":-8.49},{\"duration\":15,\"tweenEasing\":0,\"rotate\":-12.43},{\"duration\":20,\"tweenEasing\":0,\"rotate\":19.43},{\"duration\":0,\"rotate\":3.67}]},{\"name\":\"臂膀2\",\"translateFrame\":[{\"duration\":14,\"tweenEasing\":0,\"x\":-6.16,\"y\":0.55},{\"duration\":11,\"tweenEasing\":0,\"x\":-4.4,\"y\":-1.13},{\"duration\":14,\"tweenEasing\":0,\"x\":-5.37,\"y\":5.38},{\"duration\":11,\"tweenEasing\":0,\"x\":-4.49,\"y\":-2.46},{\"duration\":10,\"tweenEasing\":0,\"x\":-4.49,\"y\":-1.71},{\"duration\":0,\"x\":-6.16,\"y\":0.55}],\"rotateFrame\":[{\"duration\":14,\"tweenEasing\":0,\"rotate\":-38.41},{\"duration\":11,\"tweenEasing\":0,\"rotate\":-32.76},{\"duration\":14,\"tweenEasing\":0,\"rotate\":-14.45},{\"duration\":11,\"tweenEasing\":0,\"rotate\":-20.48},{\"duration\":10,\"tweenEasing\":0,\"rotate\":-39.54},{\"duration\":0,\"rotate\":-38.41}]},{\"name\":\"脚_1\",\"rotateFrame\":[{\"duration\":14,\"tweenEasing\":0,\"rotate\":-56.61},{\"duration\":11,\"tweenEasing\":0,\"rotate\":-6.66},{\"duration\":35,\"tweenEasing\":0,\"rotate\":-36.1},{\"duration\":0,\"rotate\":-56.61}]},{\"name\":\"脚2\",\"rotateFrame\":[{\"duration\":14,\"tweenEasing\":0,\"rotate\":68.27},{\"duration\":11,\"tweenEasing\":0,\"rotate\":74.82},{\"duration\":15,\"tweenEasing\":0,\"rotate\":11.77},{\"duration\":20,\"tweenEasing\":0,\"rotate\":-96.72},{\"duration\":0,\"rotate\":68.27}]},{\"name\":\"臂膀11\",\"translateFrame\":[{\"duration\":14,\"tweenEasing\":0,\"x\":-0.7,\"y\":-1.8},{\"duration\":11,\"tweenEasing\":0},{\"duration\":25,\"tweenEasing\":0,\"x\":-0.31,\"y\":0.28},{\"duration\":10,\"tweenEasing\":0,\"x\":1.96,\"y\":-0.21},{\"duration\":0,\"x\":-0.7,\"y\":-1.8}],\"rotateFrame\":[{\"duration\":14,\"tweenEasing\":0,\"rotate\":-33.49},{\"duration\":11,\"tweenEasing\":0,\"rotate\":-34.04},{\"duration\":14,\"tweenEasing\":0,\"rotate\":-14.52},{\"duration\":11,\"tweenEasing\":0,\"rotate\":-18.87},{\"duration\":10,\"tweenEasing\":0,\"rotate\":-13.06},{\"duration\":0,\"rotate\":-33.49}]},{\"name\":\"头\",\"translateFrame\":[{\"duration\":14,\"tweenEasing\":0,\"x\":-2.58,\"y\":-0.18},{\"duration\":6,\"tweenEasing\":0,\"x\":-2.58,\"y\":-0.18},{\"duration\":5,\"tweenEasing\":0,\"x\":-4.35,\"y\":-1.23},{\"duration\":15,\"tweenEasing\":0,\"x\":-2.04,\"y\":2.26},{\"duration\":10,\"tweenEasing\":0,\"x\":-3.4,\"y\":-1.04},{\"duration\":10,\"tweenEasing\":0,\"x\":-1.69,\"y\":-0.54},{\"duration\":0,\"x\":-2.58,\"y\":-0.18}],\"rotateFrame\":[{\"duration\":14,\"tweenEasing\":0,\"rotate\":1.8},{\"duration\":6,\"tweenEasing\":0,\"rotate\":-9.12},{\"duration\":5,\"tweenEasing\":0,\"rotate\":-4.48},{\"duration\":8,\"tweenEasing\":0,\"rotate\":3.59},{\"duration\":7,\"tweenEasing\":0,\"rotate\":4.48},{\"duration\":10,\"tweenEasing\":0,\"rotate\":-8.51},{\"duration\":10,\"tweenEasing\":0,\"rotate\":-17.75},{\"duration\":0,\"rotate\":1.8}]},{\"name\":\"领带1\",\"rotateFrame\":[{\"duration\":8,\"tweenEasing\":0,\"rotate\":2},{\"duration\":7,\"tweenEasing\":0,\"rotate\":-3.8},{\"duration\":7,\"tweenEasing\":0,\"rotate\":-8.41},{\"duration\":8,\"tweenEasing\":0,\"rotate\":10.14},{\"duration\":8,\"tweenEasing\":0,\"rotate\":-3.35},{\"duration\":7,\"tweenEasing\":0,\"rotate\":-14.13},{\"duration\":7,\"tweenEasing\":0,\"rotate\":-16.32},{\"duration\":4,\"tweenEasing\":0,\"rotate\":-10.18},{\"duration\":4,\"tweenEasing\":0,\"rotate\":-16.93},{\"duration\":0,\"rotate\":2}]},{\"name\":\"脚21\",\"rotateFrame\":[{\"duration\":14,\"tweenEasing\":0,\"rotate\":-33.26},{\"duration\":11,\"tweenEasing\":0,\"rotate\":-16.67},{\"duration\":15,\"tweenEasing\":0,\"rotate\":61.93},{\"duration\":20,\"tweenEasing\":0,\"rotate\":49.38},{\"duration\":0,\"rotate\":-33.26}]},{\"name\":\"领带2\",\"rotateFrame\":[{\"duration\":8,\"tweenEasing\":0,\"rotate\":-7.82},{\"duration\":7,\"tweenEasing\":0,\"rotate\":18.95},{\"duration\":7,\"tweenEasing\":0,\"rotate\":19.1},{\"duration\":8,\"tweenEasing\":0,\"rotate\":-11.54},{\"duration\":8,\"tweenEasing\":0,\"rotate\":20.87},{\"duration\":7,\"tweenEasing\":0,\"rotate\":-15.07},{\"duration\":7,\"tweenEasing\":0,\"rotate\":16.14},{\"duration\":4,\"tweenEasing\":0,\"rotate\":-7.62},{\"duration\":4,\"tweenEasing\":0,\"rotate\":7.52},{\"duration\":0,\"rotate\":-7.82}]},{\"name\":\"手臂2\",\"rotateFrame\":[{\"duration\":14,\"tweenEasing\":0,\"rotate\":30.16},{\"duration\":11,\"tweenEasing\":0,\"rotate\":31.3},{\"duration\":14,\"tweenEasing\":0,\"rotate\":19.12},{\"duration\":11,\"tweenEasing\":0,\"rotate\":4.09},{\"duration\":10,\"tweenEasing\":0,\"rotate\":14.71},{\"duration\":0,\"rotate\":30.16}]},{\"name\":\"脚_11\",\"rotateFrame\":[{\"duration\":14,\"tweenEasing\":0,\"rotate\":23.79},{\"duration\":11,\"tweenEasing\":0,\"rotate\":-39.16},{\"duration\":35,\"tweenEasing\":0,\"rotate\":-39.16},{\"duration\":0,\"rotate\":23.79}]},{\"name\":\"手臂1\",\"rotateFrame\":[{\"duration\":14,\"tweenEasing\":0,\"rotate\":27},{\"duration\":6,\"tweenEasing\":0,\"rotate\":52.65},{\"duration\":5,\"tweenEasing\":0,\"rotate\":68.35},{\"duration\":25,\"tweenEasing\":0,\"rotate\":62.76},{\"duration\":10,\"tweenEasing\":0,\"rotate\":2.56},{\"duration\":0,\"rotate\":27}]},{\"name\":\"大腿21\",\"rotateFrame\":[{\"duration\":14,\"tweenEasing\":0,\"rotate\":23.34},{\"duration\":11,\"tweenEasing\":0,\"rotate\":1.76},{\"duration\":14,\"tweenEasing\":0,\"rotate\":6.76},{\"duration\":11,\"tweenEasing\":0,\"rotate\":6.5},{\"duration\":10,\"tweenEasing\":0,\"rotate\":7.3},{\"duration\":0,\"rotate\":23.34}]},{\"name\":\"手2\",\"rotateFrame\":[{\"duration\":14,\"tweenEasing\":0,\"rotate\":16.92},{\"duration\":11,\"tweenEasing\":0,\"rotate\":-29.74},{\"duration\":14,\"tweenEasing\":0,\"rotate\":4.54},{\"duration\":11,\"tweenEasing\":0,\"rotate\":-21.23},{\"duration\":10,\"tweenEasing\":0,\"rotate\":2.5},{\"duration\":0,\"rotate\":16.92}]},{\"name\":\"脚_12\",\"rotateFrame\":[{\"duration\":14,\"tweenEasing\":0,\"rotate\":20.79},{\"duration\":11,\"tweenEasing\":0,\"rotate\":46.12},{\"duration\":35,\"tweenEasing\":0,\"rotate\":48.61},{\"duration\":0,\"rotate\":20.79}]},{\"name\":\"bone\",\"translateFrame\":[{\"duration\":14,\"tweenEasing\":0,\"x\":-1.49,\"y\":-2.5},{\"duration\":11,\"tweenEasing\":0,\"x\":-2.88,\"y\":-1.98},{\"duration\":15,\"tweenEasing\":0},{\"duration\":20,\"tweenEasing\":0,\"x\":-2.13,\"y\":-2.89},{\"duration\":0,\"x\":-1.49,\"y\":-2.5}],\"rotateFrame\":[{\"duration\":25,\"tweenEasing\":0},{\"duration\":15,\"tweenEasing\":0},{\"duration\":20,\"tweenEasing\":0,\"rotate\":-10.61},{\"duration\":0}]},{\"name\":\"bone1\",\"translateFrame\":[{\"duration\":14,\"tweenEasing\":0,\"x\":-33.94},{\"duration\":6,\"tweenEasing\":0,\"x\":-42.68},{\"duration\":5,\"tweenEasing\":0,\"x\":-22.28},{\"duration\":8,\"tweenEasing\":0,\"x\":-26.62},{\"duration\":7,\"tweenEasing\":0,\"x\":-21.7},{\"duration\":10,\"tweenEasing\":0,\"x\":-14.54},{\"duration\":10,\"tweenEasing\":0,\"x\":-14.16},{\"duration\":0,\"x\":-33.94}]}],\"ik\":[{\"name\":\"bone_ik\",\"frame\":[{\"duration\":14,\"tweenEasing\":0},{\"duration\":4,\"tweenEasing\":0},{\"duration\":7,\"tweenEasing\":0,\"bendPositive\":false},{\"duration\":15,\"tweenEasing\":0,\"bendPositive\":false},{\"duration\":10,\"tweenEasing\":0,\"bendPositive\":false},{\"duration\":10,\"tweenEasing\":0},{\"duration\":0}]},{\"name\":\"bone_ik1\",\"frame\":[{\"duration\":25,\"tweenEasing\":0,\"bendPositive\":false},{\"duration\":35,\"tweenEasing\":0,\"bendPositive\":false},{\"duration\":0,\"bendPositive\":false}]},{\"name\":\"bone_ik3\",\"frame\":[{\"duration\":60,\"tweenEasing\":0},{\"duration\":0}]}]}],\"defaultActions\":[{\"gotoAndPlay\":\"move\"}]}]}"]],0,0,[],[],[]]