[1,["ecpdLyjvZBwrvm+cedCcQy","caohSHbS5GEIzmwCrnMGn5","7a/QZLET9IDreTiBfRn2PD","7aKVSYjxdIO5IIx2FT60fw","dfMmHFPAFNmZDOgSb9HCJW","11aX3SpyRCQ5Ea1ipmYGdA","7ePqw7z7xFCp9GjHIZag91","b7+2Y3/ehMH5++mYZDEvYt","a5eMDdha5A8JGI3qKzgEqe","a5Qi1k0ClM2ovGuHRQPO1e","1ezgZnlt5Fxp08YYq27dev","a2MjXRFdtLlYQ5ouAFv/+R","2feRlJ3QNFh5DUZG3E5FSJ","0eTMtHVPxAN7MDG9Tfj3EY","bayVZcpI9LxqhS9TJisqNz","2eYLUKo6tPT57j6FrILgK/","c4x1NSaXdL5qwImDtf0sal","b4Ddtp8PRMPYNCLfFQak7Y","45ogOoLV9BRYGksemesMc2","170ZxH8xxGS5TU5IQ6gANE","1cfVLMD2RMv4InAu/Wgpfl","65ybVT/JhNvbjVcDxJ07U+","5b2E3BaVNNzZPAk8+DkCbZ","cewM4FpAdEJaPkXQrVBDd9","ae5qzrHipBd6AYjAVY/zwQ","98MwefOiNA2anyURvS3Rdp","732/u+vSJEaq1V2HkxsQ4N","377rtSWQVPyIAyPZSpD9il","78TD/JmiZKeL2owSmOQ3V7","9cypXRUjpBI46d8E5fS615","abf4+1kJ9LropfVB0N7jVg","e9grstvMFLgoHhYxka0Pqi","3ca5H/+0VDk5recSnvFCQJ","0drTkSQ4RHq7CsKsY2eDgv"],["node","_N$file","_spriteFrame","_parent","_N$skeletonData","_textureSetter","spineAnimation","root","daveFreeSunNode","davePowerNode","scroll","PlantOnHideBtn","PlantOnShowBtn","ResOnHideBtn","ResOnShowBtn","PlantContent","ResContent","GardenGiftItem","PlayPucketGiftItem","DaveGiftItem","BeginGiftItem","data","PlantGiftPre"],[["cc.Node",["_name","_active","_opacity","_prefab","_contentSize","_parent","_components","_trs","_children","_color","_eulerAngles","_anchorPoint"],0,4,5,1,9,7,2,5,5,5],"cc.SpriteFrame",["cc.Widget",["_alignFlags","_originalWidth","_originalHeight","_left","_right","_bottom","_top","node"],-4,1],["sp.Skeleton",["defaultSkin","_preCacheMode","_animationName","_N$enableBatch","defaultAnimation","node","_materials","_N$skeletonData"],-2,1,3,6],["cc.Node",["_name","_children","_components","_prefab","_contentSize","_parent","_anchorPoint","_trs"],2,2,12,4,5,1,5,7],["cc.Sprite",["_sizeMode","_type","_isTrimmedMode","node","_materials","_spriteFrame"],0,1,3,6],["cc.PrefabInfo",["fileId","root","asset"],2,1,1],["cc.Layout",["_N$layoutType","_N$paddingLeft","_N$paddingRight","_N$paddingTop","_N$spacingX","_N$spacingY","_resize","node","_layoutSize"],-4,1,5],["cc.ClickEvent",["_componentId","handler","customEventData","target"],0,1],["cc.Label",["_string","_fontSize","_isSystemFontUsed","_lineHeight","_N$horizontalAlign","_N$verticalAlign","node","_materials","_N$file"],-3,1,3,6],["cc.Prefab",["_name"],2],["cc.Node",["_name","_parent","_children","_prefab","_trs","_eulerAngles"],2,1,12,4,7,5],["cc.Node",["_name","_parent","_children","_components","_prefab"],2,1,9,9,4],["cc.BlockInputEvents",["node"],3,1],["bc5dc2EWZNPwLCCVXzeqoqV",["node","BeginGiftItem","DaveGiftItem","PlayPucketGiftItem","GardenGiftItem","ResContent","PlantContent","ResOnShowBtn","ResOnHideBtn","PlantOnShowBtn","PlantOnHideBtn","scroll","skeData","plantImg","davePowerNode","daveFreeSunNode","PlantGiftPre"],3,1,1,1,1,1,1,1,1,1,1,1,1,3,3,1,1,6],["cc.Mask",["_N$alphaThreshold","node","_materials"],2,1,3],["cc.Button",["_N$transition","node","clickEvents"],2,1,9],["261d4+Q1HdGA5w3tjdBw83c",["node","spineAnimation"],3,1,1],["cc.LabelOutline",["_width","node","_color"],2,1,5],["cc.ScrollView",["vertical","brake","bounceDuration","_N$horizontalScrollBar","_N$verticalScrollBar","node","_N$content"],-2,1,1]],[[6,0,1,2,2],[9,0,1,3,2,6,7,8,5],[18,0,1,2,2],[5,3,4,5,1],[0,0,5,6,3,4,7,2],[0,0,5,6,3,9,4,7,2],[0,0,5,8,6,3,4,7,2],[16,0,1,2,2],[5,1,0,2,3,4,5,4],[0,0,8,6,3,4,7,2],[0,0,6,3,9,4,7,10,2],[0,0,5,6,3,9,4,7,10,2],[0,0,5,8,3,4,7,2],[0,0,5,8,3,2],[0,0,1,5,6,3,4,7,3],[5,0,3,4,5,2],[8,0,1,2,3,4],[9,0,1,2,4,5,6,7,8,6],[3,0,4,1,2,3,5,6,7,6],[0,0,5,8,3,4,7,10,2],[0,0,5,6,3,4,2],[8,0,1,3,3],[17,0,1,1],[0,0,1,8,6,3,4,7,3],[0,0,8,6,3,2],[0,0,5,3,2],[0,0,5,6,3,9,4,2],[4,0,1,2,3,2],[12,0,1,2,3,4,2],[2,0,3,4,5,1,2,7,7],[2,0,1,2,7,4],[3,0,4,1,2,3,5,6,6],[10,0,2],[0,0,8,6,3,4,11,2],[0,0,5,8,6,3,4,11,2],[0,0,1,5,8,6,3,4,7,3],[0,0,5,3,4,2],[0,0,1,5,6,3,4,11,7,3],[0,0,2,5,6,3,9,4,3],[0,0,5,8,3,7,10,2],[0,0,1,5,8,3,4,7,3],[4,0,5,1,2,3,4,6,7,2],[4,0,1,2,3,4,2],[11,0,1,2,3,4,5,2],[2,0,7,2],[2,0,3,4,6,5,1,2,7,8],[13,0,1],[14,0,1,2,3,4,5,6,7,8,9,10,11,12,13,14,15,16,1],[6,1,2,1],[7,0,1,2,3,4,5,7,8,7],[7,6,0,1,2,3,4,5,7,8,8],[15,0,1,2,2],[3,0,1,5,6,7,3],[3,0,1,2,3,5,6,5],[19,0,1,2,3,4,5,6,6]],[[[{"name":"gardengift","rect":[0,0,236,300],"offset":[0,0],"originalSize":[236,300],"capInsets":[0,0,0,0]}],[1],0,[0],[5],[9]],[[{"name":"playgift","rect":[0,0,236,300],"offset":[0,0],"originalSize":[236,300],"capInsets":[0,0,0,0]}],[1],0,[0],[5],[10]],[[[32,"GiftView"],[9,"GiftView",[-18,-19],[[44,45,-2],[46,-3],[47,-17,-16,-15,-14,-13,-12,-11,-10,-9,-8,-7,-6,[121,122,123,124,125,126],[127],-5,-4,120]],[48,-1,0],[5,1280,720],[640,360,0,0,0,0,1,1,1,1]],[9,"giftItem",[-21,-22,-23,-24,-25,-26,-27],[[3,-20,[31],32]],[0,"45rufvOIdO8bn9kFHYEqZH",1,0],[5,236,300],[-263.5,-170,0,0,0,0,1,1,1,1]],[9,"giftItem",[-29,-30,-31,-32,-33,-34,-35],[[3,-28,[58],59]],[0,"00N1WDagJPEa7H/Ae532EE",1,0],[5,236,300],[-2.5,-170,0,0,0,0,1,1,1,0]],[33,"content",[2,3,-38,-39],[[49,3,15,15,20,25,10,-36,[5,793,462]],[29,13,-0.30000000000001137,-43.80000000000001,-0.1999999999999318,880,420,-37]],[0,"9fvfzdCOFEeqcHrxfdRHZF",1,0],[5,793,462],[0,0.5,1]],[6,"giftItem",4,[-41,-42,-43,-44,-45],[[3,-40,[74],75]],[0,"d2sG8oFw9LcIAhv2ktpc0H",1,0],[5,236,300],[258.5,-170,0,0,0,0,1,1,1,0]],[6,"giftItem",4,[-47,-48,-49,-50,-51],[[3,-46,[93],94]],[0,"48u4gNgYBBzJkAGL+MsoGp",1,0],[5,236,300],[-263.5,-480,0,0,0,0,1,1,1,0]],[6,"board",1,[-53,-54,-55,-56,-57],[[8,1,0,false,-52,[118],119]],[0,"79if67nshKTrN/ovWVOpFz",1,0],[5,824.4,561.5],[37.721,3.5,0,0,0,0,1,1,1,1]],[41,"New ScrollView",7,[-61],[[-58,[45,45,16,16,78.64999999999999,21.049999999999983,880,420,-59],[8,1,0,false,-60,[96],97]],1,4,4],[0,"7bSjmjb4VGxqeqZ65zvDpr",1,0],[5,792.4,461.80000000000007],[0,0.5,1],[0,202.10000000000002,0,0,0,0,1,1,1,1]],[34,"view",8,[4,-64],[[51,0,-62,[95]],[30,45,880,420,-63]],[0,"a1IJ4i8cxOea8AmkqkZ4tL",1,0],[5,792.4,461.80000000000007],[0,0.5,1]],[6,"btn_5",2,[-67,-68],[[3,-65,[27],28],[7,3,-66,[[16,"bc5dc2EWZNPwLCCVXzeqoqV","clickVideoBtn","0",1]]]],[0,"0cu0WoD6dLZpd5MFDAMHBr",1,0],[5,186,67],[0,-243.976,0,0,0,0,1,1,1,0]],[6,"btn_5",3,[-71,-72],[[3,-69,[54],55],[7,3,-70,[[16,"bc5dc2EWZNPwLCCVXzeqoqV","clickVideoBtn","1",1]]]],[0,"32HaM0mHhMDKoZ27dE4KWv",1,0],[5,186,67],[0,-243.976,0,0,0,0,1,1,1,0]],[6,"btn_5",5,[-75,-76],[[3,-73,[70],71],[7,3,-74,[[16,"bc5dc2EWZNPwLCCVXzeqoqV","clickVideoBtn","2",1]]]],[0,"8fEvWWoW9G2L6X1ff+X+Il",1,0],[5,186,67],[0,-243.976,0,0,0,0,1,1,1,0]],[6,"btn_5",6,[-79,-80],[[3,-77,[89],90],[7,3,-78,[[16,"bc5dc2EWZNPwLCCVXzeqoqV","clickVideoBtn","3",1]]]],[0,"44VJ9fOY5NkKyKAXfdNb2c",1,0],[5,186,67],[0,-243.976,0,0,0,0,1,1,1,0]],[9,"resShow",[-82,-83],[[8,1,0,false,-81,[102],103]],[0,"19Ka+nMTpKKo8QpQ9NgGrE",1,0],[5,220.8,75.5],[-1.3,0.3,0,0,0,0,1,1,1,1]],[23,"resHide",false,[-86],[[8,1,0,false,-84,[106],107],[7,3,-85,[[21,"bc5dc2EWZNPwLCCVXzeqoqV","clickShowResBtn",1]]]],[0,"6c9t+xBSBMwrvnVujZ7BLH",1,0],[5,198.8,75.5],[-12.3,0.3,0,0,0,0,1,1,1,0]],[23,"plantShow",false,[-88,-89],[[8,1,0,false,-87,[112],113]],[0,"a7exKz4ZJDrYgbDgKl59y/",1,0],[5,220.8,75.5],[-1.3,0.3,0,0,0,0,1,1,1,1]],[9,"plantHide",[-92],[[8,1,0,false,-90,[116],117],[7,3,-91,[[21,"bc5dc2EWZNPwLCCVXzeqoqV","clickShowPlantBtn",1]]]],[0,"6bflzfeXlKsZzZskY6Kivx",1,0],[5,198.8,75.5],[-12.3,0.3,0,0,0,0,1,1,1,0]],[27,"cherry_bomb",[-96],[[-93,[22,-95,-94]],1,4],[0,"198iK3sU1EBbvNAlaTj6Bq",1,0]],[35,"powerIcon",false,3,[-98],[[3,-97,[39],40]],[0,"aamFDRJutJFqWcq96WfLhr",1,0],[5,81,82],[29.887,-57.906,0,0,0,0,1,1,1,1]],[27,"cherry_bomb",[-102],[[-99,[22,-101,-100]],1,4],[0,"8f4cCH0QFJr4w3sY4kCIZg",1,0]],[19,"free_sun_btn",3,[-103,-104],[0,"97U0SSQUlO25mqWJx2rxc4",1,0],[5,100,100],[22.405,-53.533,0,0,0,-0.12192997437186266,0.9925387052149034,0.8,0.8,0.8],[1,0,0,-14.007]],[43,"New Node",6,[[-105,[36,"gold_hole_1",-106,[0,"fbhDtvpk1MtroCLX6j5GzM",1,0],[5,53,44.1]],-107],1,4,1],[0,"795SHRXZNA1pTLnLf1mGts",1,0],[-11.269,-19.971,0,0,0,0.16016545589512243,0.9870901816642224,1,1,1],[1,0,0,18.433]],[42,"cherry_bomb",[-111],[[-108,[22,-110,-109]],1,4],[0,"b3ZzjUbZlLp4iCvnA3f7sd",1,0],[5,70.00001525878906,102]],[37,"content",false,9,[[50,1,1,30,15,30,25,10,-112,[5,928,462]],[29,13,0.19999999999998863,-43.80000000000001,-0.1999999999999318,880,420,-113]],[0,"0eJSg8u9lPJoRQIqYq8rxO",1,0],[5,928,462],[0,0,1],[-396,0,0,0,0,0,1,1,1,1]],[38,"mask",177,1,[[15,0,-114,[0],1],[30,45,100,100,-115]],[0,"2eDfL0T9xOqa7Wx7Tvdjk2",1,0],[4,4278190080],[5,1280,720]],[4,"btn_close",7,[[15,0,-116,[2],3],[7,3,-117,[[21,"bc5dc2EWZNPwLCCVXzeqoqV","close",1]]]],[0,"32Rgi6xVVMjIMcCYtjVQJU",1,0],[5,36.4,34],[398.4,273.789,0,0,0,0,1,2,2,0]],[5,"title",7,[[1,"福利礼包",62,65,false,-118,[4],5],[2,2,-119,[4,4278190080]]],[0,"05nZqpB1xPB4hl5E/EemIl",1,0],[4,4282891513],[5,252,85.9],[-18.334,229.79,0,0,0,0,1,1,1,1]],[24,"auto_pick",[-121],[[18,"default","2ui_idle",0,"2ui_idle",true,-120,[8],9]],[0,"76+/qQAPBAOpm5U749xoaD",1,0]],[10,"text",[[1,"+1",37,37,false,-122,[6],7],[2,2,-123,[4,4278190080]]],[0,"d6wIQelLpEGab8e2lWPgNe",1,0],[4,4283692543],[5,39.3,50.62],[-41.139,-43.275,0,0,0,0.2567364100944095,0.966481461659682,1,1,1],[1,0,0,29.753]],[39,"New Node",2,[-124,-125],[0,"92yi+rSkpJjboS+xuaRYJO",1,0],[-48.683,35.539,0,0,0,0.16016545589512243,0.9870901816642224,1,1,1],[1,0,0,18.433]],[11,"text",30,[[1,"1000",20,20,false,-126,[12],13],[2,2,-127,[4,4278190080]]],[0,"c4nLCl1tlFdo79CoqfrIoa",1,0],[4,4283692543],[5,46.24,29.2],[4.506,-35.798,0,0,0,0.04689724267181702,0.9988997190057572,1,1,1],[1,0,0,5.376]],[10,"text",[[1,"+1",30,30,false,-128,[14],15],[2,2,-129,[4,4278190080]]],[0,"5dkupNei1HmI4dQp3rR8Rg",1,0],[4,4283692543],[5,32.620000000000005,41.8],[45.15,-38.302,0,0,0,-0.18223552549214747,0.9832549075639546,1,1,1],[1,0,0,-21]],[19,"free_sun_btn",2,[-130,-131],[0,"9crqaI3c9P5rbPwn02tjVB",1,0],[5,100,100],[41.798,18.703,0,0,0,-0.12192997437186266,0.9925387052149034,0.8,0.8,0.8],[1,0,0,-14.007]],[28,"free_sun",33,[[25,"New Node",-133,[0,"61YRcRITRK2L8jUKHm4/Sw",1,0]]],[[18,"default","1ui_idle",0,"1ui_idle",true,-132,[17],18]],[0,"5faOu6DNJINZUUFt+FWPqW",1,0]],[11,"text",33,[[1,"+1",30,30,false,-134,[19],20],[2,2,-135,[4,4278190080]]],[0,"4c5T0U+n9I37hKJfn0hBoX",1,0],[4,4283692543],[5,32.620000000000005,41.8],[60.502,-20.476,0,0,0,-0.06098756683585237,0.9981385258026275,1.25,1.25,1.25],[1,0,0,-6.993]],[4,"buy_text",2,[[1,"可购买1/1",20,20,false,-136,[21],22],[2,2,-137,[4,4278190080]]],[0,"160En30CVP0LRe3tDa75En",1,0],[5,98.16,29.2],[0,-182.665,0,0,0,0,1,1,1,1]],[14,"buy_over",false,2,[[1,"今日次数已用完",30,30,false,-138,[29],30],[2,2,-139,[4,4278190080]]],[0,"e7ZQ2fEApG9ZMprMn3Zlv1",1,0],[5,214,41.8],[0,-245.148,0,0,0,0,1,1,1,1]],[24,"auto_pick",[-141],[[18,"default","2ui_1",0,"2ui_1",true,-140,[35],36]],[0,"bdHV8e8FJIyZtiysNN2ibJ",1,0]],[10,"text",[[1,"+1",37,37,false,-142,[33],34],[2,2,-143,[4,4278190080]]],[0,"dczJ0GfpRA3IgJm1KvSuW3",1,0],[4,4283692543],[5,39.3,50.62],[-41.139,-43.275,0,0,0,0.2567364100944095,0.966481461659682,1,1,1],[1,0,0,29.753]],[11,"text",19,[[1,"+10",37,37,false,-144,[37],38],[2,2,-145,[4,4278190080]]],[0,"7dvbHkU4RGzrC5SstqcoZh",1,0],[4,4283692543],[5,60.98,50.62],[18.022,-29.688,0,0,0,-0.10406847354254534,0.9945701346886123,1,1,1],[1,0,0,-11.947]],[10,"text",[[1,"+3",30,30,false,-146,[41],42],[2,2,-147,[4,4278190080]]],[0,"e96NGENktGooZBZ1D4QSU2",1,0],[4,4283692543],[5,42.07,41.8],[45.15,-38.302,0,0,0,-0.18223552549214747,0.9832549075639546,1,1,1],[1,0,0,-21]],[28,"free_sun",21,[[25,"New Node",-149,[0,"f7rEv0UplLDo69rMD8M944",1,0]]],[[18,"default","1ui_1",0,"1ui_1",true,-148,[44],45]],[0,"42Mwbyxx5GRri8bOM4R47g",1,0]],[11,"text",21,[[1,"+1",30,30,false,-150,[46],47],[2,2,-151,[4,4278190080]]],[0,"fb0Cn6ng9Ck736ozTp3lBy",1,0],[4,4283692543],[5,32.620000000000005,41.8],[60.502,-20.476,0,0,0,-0.06098756683585237,0.9981385258026275,1.25,1.25,1.25],[1,0,0,-6.993]],[4,"buy_text",3,[[1,"可购买1/1",20,20,false,-152,[48],49],[2,2,-153,[4,4278190080]]],[0,"79cpxRn69JxrL85sng9lWJ",1,0],[5,98.16,29.2],[0,-182.665,0,0,0,0,1,1,1,1]],[14,"buy_over",false,3,[[1,"今日次数已用完",30,30,false,-154,[56],57],[2,2,-155,[4,4278190080]]],[0,"c03/J5xmdGvLCDpSyhE+yc",1,0],[5,214,41.8],[0,-245.148,0,0,0,0,1,1,1,1]],[5,"text",5,[[1,"+3",42,42,false,-156,[60],61],[2,2,-157,[4,4278190080]]],[0,"43ST1CSHhNXpyEKA2zItHE",1,0],[4,4283692543],[5,57.3,56.92],[0,-100.985,0,0,0,0,1,1,1,0.7]],[4,"buy_text",5,[[1,"可购买1/1",20,20,false,-158,[64],65],[2,2,-159,[4,4278190080]]],[0,"5eZlw6Nv9P2772wcMGj/6Q",1,0],[5,98.16,29.2],[0,-182.665,0,0,0,0,1,1,1,1]],[14,"buy_over",false,5,[[1,"今日次数已用完",30,30,false,-160,[72],73],[2,2,-161,[4,4278190080]]],[0,"01zSVLkI9IvqPY/R5GCmw2",1,0],[5,214,41.8],[0,-245.148,0,0,0,0,1,1,1,1]],[11,"text",22,[[1,"+10",37,37,false,-162,[78],79],[2,2,-163,[4,4278190080]]],[0,"cdFvX8mOZNt7HbWm1EPT6n",1,0],[4,4283692543],[5,60.98,50.62],[-48.058,4.744,0,0,0,-0.17569319006148829,0.9844449720355211,1,1,1],[1,0,0,-20.238]],[10,"text",[[1,"+5",37,37,false,-164,[80],81],[2,2,-165,[4,4278190080]]],[0,"1frXYExGNMMJzyfV8xO8Ij",1,0],[4,4283692543],[5,52.1,50.62],[29.023,29.262,0,0,0,0.23421747324338416,0.9721842290571703,1,1,1],[1,0,0,27.091]],[4,"buy_text",6,[[1,"可购买1/1",20,20,false,-166,[83],84],[2,2,-167,[4,4278190080]]],[0,"8dfZhYHeRBVrz6+b/fmgD2",1,0],[5,98.16,29.2],[0,-182.665,0,0,0,0,1,1,1,1]],[14,"buy_over",false,6,[[1,"今日次数已用完",30,30,false,-168,[91],92],[2,2,-169,[4,4278190080]]],[0,"4fj29e7JlJHZejjeRwEfpH",1,0],[5,214,41.8],[0,-245.148,0,0,0,0,1,1,1,1]],[12,"res",7,[14,15],[0,"f607LOzo1JDIdYQ+Yr1zQD",1,0],[5,219.8,71.5],[-505.7,154.1,0,0,0,0,1,1,1,0]],[5,"txt",14,[[17,"资源",36,false,1,1,-170,[100],101],[2,3,-171,[4,4278202957]]],[0,"3bKJb8ekRPkKZQVqHfAtFS",1,0],[4,4284072191],[5,78,56.4],[-8.909,0,0,0,0,0,1,1,1,1]],[12,"plant",7,[16,17],[0,"f75h/SlJ5IfZITrFRn5j/O",1,0],[5,219.8,71.5],[-505.7,52.506,0,0,0,0,1,1,1,0]],[5,"txt",16,[[17,"植物",36,false,1,1,-172,[110],111],[2,3,-173,[4,4278202957]]],[0,"ccnfZztVlF1LgDlSlBR1so",1,0],[4,4284072191],[5,78,56.4],[-8.909,0,0,0,0,0,1,1,1,1]],[12,"auto_pick_btn",2,[28],[0,"eaH/LHu2ZJdK/K0N1kER/9",1,0],[5,100,100],[-45.778,-42.697,0,0,0,0,1,0.7,0.7,0.7]],[13,"New Node",28,[29],[0,"f4subEP41I6r4pKKYe1men",1,0]],[20,"gold_hole_1",30,[[15,0,-174,[10],11]],[0,"d1ph+3UKtDCKlNkPtiplhR",1,0],[5,53,44.1]],[12,"cherry_bomb_btn",2,[18],[0,"08zA0L2OZPNLujdXpnYiZf",1,0],[5,100,100],[33.23,-70.309,0,0,0,0,1,0.9,0.9,1]],[13,"New Node",18,[32],[0,"5dg0NIRA1Of5Zrfmi2cL0t",1,0]],[31,"default","3ui_idle1",0,"3ui_idle1",true,18,[16]],[4,"ad_icon",10,[[3,-175,[23],24]],[0,"0fcqGwgG5B06u7Y6hSIRz9",1,0],[5,35,26],[-59.243,0,0,0,0,0,1,1,1,1]],[5,"text",10,[[1,"立即领取",28,28,false,-176,[25],26]],[0,"24H56dz3pH6ZW6ncawnvE7",1,0],[4,4285072899],[5,112,35.28],[19.664,-2.739,0,0,0,0,1,1,1,1]],[12,"auto_pick_btn",3,[38],[0,"95M1ZkWABHubz8t2lj1xsj",1,0],[5,100,100],[-43.635,24.813,0,0,0,0,1,0.7,0.7,0.7]],[13,"New Node",38,[39],[0,"3fQNXw9H5LT6gEqRkrmOuz",1,0]],[40,"cherry_bomb_btn",false,3,[20],[0,"d1urBK6KpKSIO2SZaxh91Y",1,0],[5,100,100],[33.23,-70.309,0,0,0,0,1,0.9,0.9,1]],[13,"New Node",20,[41],[0,"b3EVjjTvFFi4dF7ctuh4S0",1,0]],[31,"default","3ui_idle1",0,"3ui_idle1",true,20,[43]],[4,"ad_icon",11,[[3,-177,[50],51]],[0,"acxVA9viNEOIgWwSUVAmAk",1,0],[5,35,26],[-59.243,0,0,0,0,0,1,1,1,1]],[5,"text",11,[[1,"立即领取",28,28,false,-178,[52],53]],[0,"8cFcV4nLpEiYH00Ywxdr7m",1,0],[4,4285072899],[5,112,35.28],[19.664,-2.739,0,0,0,0,1,1,1,1]],[20,"playticket",5,[[15,2,-179,[62],63]],[0,"4dnf2XPm9BAJD+CFcVMr+6",1,0],[5,182,123]],[4,"ad_icon",12,[[3,-180,[66],67]],[0,"05+0C7dv5L3IOIPkEwztMT",1,0],[5,35,26],[-59.243,0,0,0,0,0,1,1,1,1]],[5,"text",12,[[1,"立即领取",28,28,false,-181,[68],69]],[0,"537n1uCMlGCqkL8bYhNQs0",1,0],[4,4285072899],[5,112,35.28],[19.664,-2.739,0,0,0,0,1,1,1,1]],[20,"28FX_pr2",22,[[52,"default",0,-182,[76],77]],[0,"03tHAu7rVFla04Eqsnh7/J",1,0],[5,91.00001525878906,84]],[19,"cherry_bomb_btn",6,[23],[0,"a5UXu1A5dFrLHBusFmwVSK",1,0],[5,100,100],[19.06,-84.479,0,0,0,-0.2334453638559054,0.9723699203976766,1,1,1],[1,0,0,-27]],[13,"New Node",23,[50],[0,"b5hv1XyUVGa5J1n4ZVpv5F",1,0]],[53,"default",0,"3ui_idle1",true,23,[82]],[4,"ad_icon",13,[[3,-183,[85],86]],[0,"b7jc8X18dOtp+rZ+iPVf4q",1,0],[5,35,26],[-59.243,0,0,0,0,0,1,1,1,1]],[5,"text",13,[[1,"立即领取",28,28,false,-184,[87],88]],[0,"816L+msmxG47DJ4Nrr3nC5",1,0],[4,4285072899],[5,112,35.28],[19.664,-2.739,0,0,0,0,1,1,1,1]],[54,false,0.75,0.23,null,null,8,4],[4,"rank_arrow",14,[[3,-185,[98],99]],[0,"58Y6jwV+lHv4hC/49gwQ5T",1,0],[5,21,35],[83.726,1.263,0,0,0,0,1,1,1,1]],[26,"txt",15,[[17,"资源",36,false,1,1,-186,[104],105]],[0,"52pHkLV/dFL59XAJugY0LU",1,0],[4,4278200380],[5,72,50.4]],[4,"rank_arrow",16,[[3,-187,[108],109]],[0,"5aUW9Y0xJP26FTwRkXXHRV",1,0],[5,21,35],[83.726,1.263,0,0,0,0,1,1,1,1]],[26,"txt",17,[[17,"植物",36,false,1,1,-188,[114],115]],[0,"2ea66OAmJAyJHkoBehHfr3",1,0],[4,4278200380],[5,72,50.4]]],0,[0,7,1,0,0,1,0,0,1,0,8,21,0,9,19,0,10,81,0,11,17,0,12,16,0,13,15,0,14,14,0,15,24,0,16,4,0,17,6,0,18,5,0,19,3,0,20,2,0,0,1,0,-1,25,0,-2,7,0,0,2,0,-1,57,0,-2,30,0,-3,60,0,-4,33,0,-5,36,0,-6,10,0,-7,37,0,0,3,0,-1,65,0,-2,19,0,-3,67,0,-4,21,0,-5,44,0,-6,11,0,-7,45,0,0,4,0,0,4,0,-3,5,0,-4,6,0,0,5,0,-1,46,0,-2,72,0,-3,47,0,-4,12,0,-5,48,0,0,6,0,-1,22,0,-2,76,0,-3,51,0,-4,13,0,-5,52,0,0,7,0,-1,26,0,-2,27,0,-3,8,0,-4,53,0,-5,55,0,-1,81,0,0,8,0,0,8,0,-1,9,0,0,9,0,0,9,0,-2,24,0,0,10,0,0,10,0,-1,63,0,-2,64,0,0,11,0,0,11,0,-1,70,0,-2,71,0,0,12,0,0,12,0,-1,73,0,-2,74,0,0,13,0,0,13,0,-1,79,0,-2,80,0,0,14,0,-1,82,0,-2,54,0,0,15,0,0,15,0,-1,83,0,0,16,0,-1,84,0,-2,56,0,0,17,0,0,17,0,-1,85,0,-1,62,0,6,62,0,0,18,0,-1,61,0,0,19,0,-1,40,0,-1,69,0,6,69,0,0,20,0,-1,68,0,-1,42,0,-2,43,0,-1,75,0,3,22,0,-3,49,0,-1,78,0,6,78,0,0,23,0,-1,77,0,0,24,0,0,24,0,0,25,0,0,25,0,0,26,0,0,26,0,0,27,0,0,27,0,0,28,0,-1,58,0,0,29,0,0,29,0,-1,59,0,-2,31,0,0,31,0,0,31,0,0,32,0,0,32,0,-1,34,0,-2,35,0,0,34,0,3,34,0,0,35,0,0,35,0,0,36,0,0,36,0,0,37,0,0,37,0,0,38,0,-1,66,0,0,39,0,0,39,0,0,40,0,0,40,0,0,41,0,0,41,0,0,42,0,3,42,0,0,43,0,0,43,0,0,44,0,0,44,0,0,45,0,0,45,0,0,46,0,0,46,0,0,47,0,0,47,0,0,48,0,0,48,0,0,49,0,0,49,0,0,50,0,0,50,0,0,51,0,0,51,0,0,52,0,0,52,0,0,54,0,0,54,0,0,56,0,0,56,0,0,59,0,0,63,0,0,64,0,0,70,0,0,71,0,0,72,0,0,73,0,0,74,0,0,75,0,0,79,0,0,80,0,0,82,0,0,83,0,0,84,0,0,85,0,21,1,2,3,4,3,3,4,4,3,9,14,3,53,15,3,53,16,3,55,17,3,55,18,3,60,20,3,67,23,3,76,28,3,57,29,3,58,32,3,61,38,3,65,39,3,66,41,3,68,50,3,77,188],[0,0,0,0,0,0,0,0,0,0,0,0,0,0,0,0,0,0,0,0,0,0,0,0,0,0,0,0,0,0,0,0,0,0,0,0,0,0,0,0,0,0,0,0,0,0,0,0,0,0,0,0,0,0,0,0,0,0,0,0,0,0,0,0,0,0,0,0,0,0,0,0,0,0,0,0,0,0,0,0,0,0,0,0,0,0,0,0,0,0,0,0,0,0,0,0,0,0,0,0,0,0,0,0,0,0,0,0,0,0,0,0,0,0,0,0,0,0,0,0,0,0,0,0,0,0,0,0,62,69,78],[-1,2,-1,2,-1,1,-1,1,-1,4,-1,2,-1,1,-1,1,-1,-1,4,-1,1,-1,1,-1,2,-1,1,-1,2,-1,1,-1,2,-1,1,-1,4,-1,1,-1,2,-1,1,-1,-1,4,-1,1,-1,1,-1,2,-1,1,-1,2,-1,1,-1,2,-1,1,-1,2,-1,1,-1,2,-1,1,-1,2,-1,1,-1,2,-1,4,-1,1,-1,1,-1,-1,1,-1,2,-1,1,-1,2,-1,1,-1,2,-1,-1,2,-1,2,-1,1,-1,2,-1,1,-1,2,-1,2,-1,1,-1,2,-1,1,-1,2,-1,2,22,-1,-2,-3,-4,-5,-6,-1,4,4,4],[0,11,0,12,0,1,0,1,2,3,0,13,0,1,0,1,2,2,3,0,1,0,1,0,4,0,1,0,5,0,1,0,14,0,1,2,3,0,1,0,15,0,1,2,2,3,0,1,0,1,0,4,0,1,0,5,0,1,0,16,0,1,0,17,0,1,0,4,0,1,0,5,0,1,0,18,2,19,0,1,0,1,2,0,1,0,4,0,1,0,5,0,1,0,20,0,0,21,0,6,0,1,0,7,0,1,0,8,0,6,0,1,0,7,0,1,0,8,0,22,23,24,25,26,27,28,29,30,3,3,31]],[[{"name":"begingift","rect":[0,0,236,300],"offset":[0,0],"originalSize":[236,300],"capInsets":[0,0,0,0]}],[1],0,[0],[5],[32]],[[{"name":"davegift","rect":[0,0,236,300],"offset":[0,0],"originalSize":[236,300],"capInsets":[0,0,0,0]}],[1],0,[0],[5],[33]]]]