[1,["ecpdLyjvZBwrvm+cedCcQy","caohSHbS5GEIzmwCrnMGn5","64IAHuwOJCoJnLhhQ/vaak","93vpLh/gxPBbDk75enOPTU","37q9ssi/pPraicXQhdEjQC","8bTJbJxeRNupvQhP4MKZRt","1e70b2473","12aabfc9a","8a/9+cFQZDG7GexhCXurWh","1d18c5455","16572be7f","4cBDbTA1ZANbLccea8eDX0","d997nR+RFAn4BwOB0k/brD","9emp0+r0dOyoekFQSk4xfF","1978bf0a0","d2ZGoXsvxNPpYQeg0dj6Iw","44bksLkvhJmYIid3e+Yv+b","63JgSoN8ZGyYpSIuLOLZV2","6cs1ju++BA2pnJ/Nf4qpTd","1c2bpTWrpAGpEcm2IoLWY6","e3LPDqESZIYo1enoUPcfK2","22ES5yN35Pt5ILmikNVh8n","76lcNMP7FNkJZxa1tM5tXx","85fn2+i6ZL6rt4mGKCEbGG","d1H3JDV3dAFbRv2qWbYq3J","71e1tMvDxLNptaIiIqy1JZ","54lXWZYt1BuLEEf+SoCl4z","f95p5TB0dMTpR3+jdqkG9e","73OV9d1eRKZ6kjSy/Kihh4","8eh7o3lfxCxpXBJHKbfPe4","83OP+r/XdJF6oni5Kxf9Gg","42eFfq/lxN1787lfcI1EGc","f15WfMeOZOlasoK3BUSrdP","ebGIrDIKxAd7f2g70sj3Kd","0fws9GItxD/Ju818uaiA52","49+F2NaXxKJqo/eS8jW3hG","30ORVfjrhLVpiObaJiG9tT","e3ovpAIvlJpINq4CsOYyAZ","b5nNSsFgVBzYqhDXC9+NNd","dcMNdZ6/VHHI34Ljcxq19i","8ciOgH+/VCxrzLJxELb1JG","02Emgoz1hMza5NPXtEiqF+","96BpblhtFKZIFb9zZqfUrc","160jK7m35As7Nve1iqtlvr","089+TCoEVCn5ZhWKQHRcWv","3bckvHjwdEH69fby2gKnHL","13gP8iunJHborOF+4wyOMW","b2gJfSbhBPxo9sexPqweJR","35ym4GdvJB1aZkWGhaFHKT","39L/2PjZBOFafIAVK7JIg8","407AxcCwVHIpPNL1vUFaTI","f26sTuyh5OS61yrFH4x/R1","f75poy+Z9Hs6Elif+BzL81","e9i4L/jV5HlqjZ1OTc37tQ","68Lg1YzHFDWbuDs6hjZGWL","6diHoWarNMup+ZhWArrNMw","a4vsgF6cZAPoOAI1wOYmcR","baFmbDcsNAU411mHzdykyD","d5unwK7PpPoouwXYZc/DKX","07skdVw0JKbZMxA9Q1QJw5","41FUhoHQ5B0I/NemmyXVvV","a0axd7YH9D5oTjFSKU+qFW","57USXCd+BPcaZcLF/gy2br","d2JbDcoo9PnY4hYzsQthsF","75qryiWPdBkq4tlFxGuL1E","c8q34xztpO8JG8bmwPYGxY","89RFCcOIxK4L1Ao7OoEfuI","17f27iUmlPz5et+IhQpUFd","54TTd88OFPRZ3jxdXV19t3"],["node","_spriteFrame","_textureSetter","_N$file","tipNode","_parent","widget","root","welfareTaskTips","welfareTaskNode","targetAppIdNode","anniversaryBtn","btnContent","passScene","xyTipNode","giftBtn","spiderTaskNode","weekTwoTaskNode","creativeModeNode","weekTwoTipNode","welfareArrow","welfareMask","creativeTip","invivateNode","gameClubNode","recordNode","addToDeskNode","sideBarNode","achUI","gameClubBtn","shareGiftBtn","monthSignBtn","signBtn","achBtn","shopBtn","gardenBtn","guanKaDescLab","leafNode","challengeBtn","challengeNode","closeEyeNode","xyBtn","xyNode","adventureBtn","adventureNode","target","shareRewardNode","bt_label","data"],["cc.SpriteFrame",["cc.Node",["_name","_active","_prefab","_contentSize","_components","_trs","_parent","_children","_eulerAngles","_anchorPoint","_color"],1,4,5,9,7,1,2,5,5,5],["cc.Label",["_string","_fontSize","_lineHeight","_isSystemFontUsed","_N$horizontalAlign","_N$verticalAlign","_N$cacheMode","node","_materials","_N$file"],-4,1,3,6],["cc.Sprite",["_sizeMode","_type","node","_materials","_spriteFrame"],1,1,3,6],["cc.Node",["_name","_parent","_components","_prefab","_contentSize","_trs","_children"],2,1,12,4,5,7,2],["cc.Widget",["_alignFlags","_left","_bottom","node"],0,1],["cc.PrefabInfo",["fileId","root","asset"],2,1,1],["cc.Layout",["_N$layoutType","_N$spacingX","_N$paddingLeft","_N$paddingTop","_N$spacingY","node","_layoutSize"],-2,1,5],["cc.Button",["_N$transition","node","clickEvents"],2,1,9],["cc.ClickEvent",["_componentId","handler","customEventData","target"],0,1],["cc.Prefab",["_name"],2],["cc.Node",["_name","_parent","_components","_prefab","_contentSize","_trs"],2,1,2,4,5,7],["ca117f9f6FOXbZyu8xg7+mB",["node","adventureNode","adventureBtn","xyNode","xyBtn","closeEyeNode","challengeNode","challengeBtn","leafNode","guanKaDescLab","gardenBtn","shopBtn","achBtn","signBtn","monthSignBtn","shareGiftBtn","gameClubBtn","achUI","sideBarNode","addToDeskNode","recordNode","gameClubNode","invivateNode","carouselImgArr","creativeTip","welfareMask","welfareArrow","weekTwoTipNode","creativeModeNode","weekTwoTaskNode","spiderTaskNode","giftBtn","xyTipNode","passScene","btnContent","anniversaryBtn","targetAppIdNode","welfareTaskNode","welfareTaskTips"],3,1,1,1,1,1,1,1,1,1,1,1,1,1,1,1,1,1,1,1,1,1,1,1,2,1,1,1,1,1,1,1,1,1,1,1,1,1,1,1],["42313kvA4BFtrzlzDcwp0vx",["leftOffset","node","widget"],2,1,1],["4c598GgxydIZ4J/snCF5xab",["btnPos","node","bt_label","shareRewardNode"],2,1,1,1],["0c8c7sXsaRMZ4adaa2ij6aR",["type","node","tipNode"],2,1,1],["cc.Mask",["node","_materials"],3,1,3],["cc.BlockInputEvents",["node"],3,1],["cc.LabelOutline",["_width","node","_color"],2,1,5]],[[6,0,1,2,2],[3,2,3,4,1],[1,0,6,4,2,3,5,2],[1,0,6,7,4,2,3,5,2],[1,0,6,4,2,3,2],[9,0,1,3,3],[8,0,1,2,2],[18,0,1,2,2],[2,0,1,2,3,4,5,6,7,8,9,8],[1,0,1,6,7,4,2,3,5,3],[3,0,2,3,4,2],[15,0,1,2,2],[1,0,1,6,4,2,3,3],[1,0,1,6,4,2,3,5,3],[5,0,3,2],[8,1,2,1],[1,0,7,4,2,3,5,2],[1,0,6,7,2,3,5,8,2],[3,1,0,2,3,4,3],[1,0,6,7,4,2,3,2],[1,0,6,7,4,2,3,5,8,2],[4,0,1,6,2,3,4,5,2],[5,0,1,2,3,4],[13,0,1,2,2],[9,0,1,2,3,4],[16,0,1,1],[17,0,1],[10,0,2],[1,0,7,4,2,3,9,5,2],[1,0,6,7,2,3,5,2],[1,0,7,4,2,3,9,2],[1,0,4,2,3,5,2],[1,0,7,4,2,3,5,8,2],[1,0,6,7,2,3,9,5,2],[1,0,6,4,2,10,3,5,2],[1,0,6,2,3,5,8,2],[4,0,1,2,3,4,5,2],[11,0,1,2,3,4,5,2],[12,0,1,2,3,4,5,6,7,8,9,10,11,12,13,14,15,16,17,18,19,20,21,22,23,24,25,26,27,28,29,30,31,32,33,34,35,36,37,38,1],[6,1,2,1],[7,0,1,5,3],[7,0,2,3,1,4,5,6,6],[14,0,1,2,3,2],[2,0,1,2,3,4,5,7,8,9,7],[2,0,1,2,3,4,5,7,8,7],[2,0,1,2,3,4,5,6,7,8,8]],[[[{"name":"home_shop","rect":[916,349,74,104],"offset":[0,0],"originalSize":[74,104],"rotated":1,"capInsets":[0,0,0,0]}],[0],0,[0],[2],[7]],[[{"name":"gift_icon","rect":[0,0,86,90],"offset":[0,0],"originalSize":[86,90],"capInsets":[0,0,0,0]}],[0],0,[0],[2],[12]],[[{"name":"byte_7","rect":[910,933,88,88],"offset":[0,0],"originalSize":[88,88],"capInsets":[0,0,0,0]}],[0],0,[0],[2],[9]],[[{"name":"home_challenge2S","rect":[0,0,304,158],"offset":[-0.5,0.5],"originalSize":[305,159],"capInsets":[0,0,0,0]}],[0],0,[0],[2],[13]],[[{"name":"byte_6","rect":[743,487,95,77],"offset":[0,0],"originalSize":[95,77],"rotated":1,"capInsets":[0,0,0,0]}],[0],0,[0],[2],[10]],[[{"name":"WelfareTaskBt3","rect":[243,222,95,99],"offset":[0,0],"originalSize":[95,99],"rotated":1,"capInsets":[0,0,0,0]}],[0],0,[0],[2],[14]],[[{"name":"passScene","rect":[0,0,1680,720],"offset":[0,0],"originalSize":[1680,720],"capInsets":[0,0,0,0]}],[0],0,[0],[2],[15]],[[{"name":"home_auto2","rect":[269,466,144,106],"offset":[0,0],"originalSize":[144,106],"capInsets":[0,0,0,0]}],[0],0,[0],[2],[9]],[[{"name":"game_club","rect":[869,330,101,113],"offset":[0,0],"originalSize":[101,113],"rotated":1,"capInsets":[0,0,0,0]}],[0],0,[0],[2],[6]],[[{"name":"byte_8","rect":[838,3,63,71],"offset":[0,0],"originalSize":[63,71],"rotated":1,"capInsets":[0,0,0,0]}],[0],0,[0],[2],[6]],[[{"name":"home_challenge2","rect":[0,0,303,159],"offset":[-1,0],"originalSize":[305,159],"capInsets":[0,0,0,0]}],[0],0,[0],[2],[16]],[[{"name":"home_auto1","rect":[243,419,144,106],"offset":[0,0],"originalSize":[144,106],"capInsets":[0,0,0,0]}],[0],0,[0],[2],[6]],[[{"name":"sign_btn","rect":[487,232,83,87],"offset":[0,0],"originalSize":[83,87],"rotated":1,"capInsets":[0,0,0,0]}],[0],0,[0],[2],[6]],[[{"name":"recruitImg27","rect":[2,2,32,50],"offset":[-0.5,0.5],"originalSize":[37,55],"capInsets":[0,0,0,0]}],[0],0,[0],[2],[17]],[[{"name":"btn","rect":[0,0,109,96],"offset":[0,0],"originalSize":[109,96],"capInsets":[0,0,0,0]}],[0],0,[0],[2],[18]],[[{"name":"home_welfare","rect":[459,148,114,77],"offset":[0,0],"originalSize":[114,77],"capInsets":[0,0,0,0]}],[0],0,[0],[2],[6]],[[{"name":"home_bg","rect":[0,0,1680,720],"offset":[0,0],"originalSize":[1680,720],"capInsets":[0,0,0,0]}],[0],0,[0],[2],[19]],[[{"name":"home_garden1","rect":[761,698,187,184],"offset":[0,0],"originalSize":[187,184],"capInsets":[0,0,0,0]}],[0],0,[0],[2],[6]],[[{"name":"home_xy2","rect":[0,0,351,158],"offset":[0,0],"originalSize":[351,158],"capInsets":[0,0,0,0]}],[0],0,[0],[2],[20]],[[{"name":"home_leaf","rect":[604,977,54,43],"offset":[1,-0.5],"originalSize":[56,44],"capInsets":[0,0,0,0]}],[0],0,[0],[2],[9]],[[{"name":"home_achieve","rect":[261,69,69,99],"offset":[0,0],"originalSize":[69,99],"rotated":1,"capInsets":[0,0,0,0]}],[0],0,[0],[2],[6]],[[{"name":"home_maoxian2","rect":[0,2,394,221],"offset":[-0.5,-1],"originalSize":[395,223],"capInsets":[0,0,0,0]}],[0],0,[0],[2],[21]],[[{"name":"plantSkinView_6","rect":[0,0,101,117],"offset":[0,0],"originalSize":[101,117],"capInsets":[0,0,0,0]}],[0],0,[0],[2],[22]],[[{"name":"recruitImg28","rect":[0,0,162,83],"offset":[0,0],"originalSize":[162,83],"capInsets":[21,20,22,20]}],[0],0,[0],[2],[23]],[[{"name":"share_btn","rect":[916,763,102,99],"offset":[0,0],"originalSize":[102,99],"capInsets":[0,0,0,0]}],[0],0,[0],[2],[7]],[[{"name":"save_btn","rect":[916,259,105,84],"offset":[0,0],"originalSize":[105,84],"capInsets":[0,0,0,0]}],[0],0,[0],[2],[7]],[[{"name":"recruitImg13","rect":[0,0,99,93],"offset":[0,0],"originalSize":[99,93],"capInsets":[0,0,0,0]}],[0],0,[0],[2],[24]],[[{"name":"home_close","rect":[366,69,92,69],"offset":[0,0],"originalSize":[92,69],"capInsets":[0,0,0,0]}],[0],0,[0],[2],[6]],[[{"name":"home_help","rect":[94,312,89,129],"offset":[0,0],"originalSize":[89,129],"rotated":1,"capInsets":[0,0,0,0]}],[0],0,[0],[2],[6]],[[{"name":"gift6","rect":[202,853,131,101],"offset":[0,0],"originalSize":[131,101],"capInsets":[0,0,0,0]}],[0],0,[0],[2],[10]],[[{"name":"home_xy2S","rect":[0,0,350,153],"offset":[-0.5,2.5],"originalSize":[351,158],"capInsets":[0,0,0,0]}],[0],0,[0],[2],[25]],[[{"name":"home_maoxian2S","rect":[0,1,394,218],"offset":[-0.5,1.5],"originalSize":[395,223],"capInsets":[0,0,0,0]}],[0],0,[0],[2],[26]],[[{"name":"targetIcon","rect":[3,3,512,512],"offset":[0,0],"originalSize":[512,512],"capInsets":[0,0,0,0]}],[0],0,[0],[2],[10]],[[{"name":"targetIcon2","rect":[767,3,250,250],"offset":[0,0],"originalSize":[250,250],"capInsets":[0,0,0,0]}],[0],0,[0],[2],[7]],[[[27,"HomeView"],[16,"HomeView",[-44,-45,-46,-47,-48,-49],[[14,45,-2],[38,-43,-42,-41,-40,-39,-38,-37,-36,-35,-34,-33,-32,-31,-30,-29,-28,-27,-26,-25,-24,-23,-22,-21,[-18,-19,-20],-17,-16,-15,-14,-13,-12,-11,-10,-9,-8,-7,-6,-5,-4,-3]],[39,-1,0],[5,1280,720],[640,360,0,0,0,0,1,1,1,1]],[19,"main",1,[-51,-52,-53,-54,-55,-56,-57,-58,-59,-60,-61,-62,-63,-64,-65,-66],[[14,45,-50]],[0,"59XQBgkldP+7Cgx6B+oG59",1,0],[5,1280,720]],[21,"horiLayout",2,[-71,-72,-73,-74,-75,-76,-77],[[-67,[23,50,-69,-68],[40,1,20,-70]],1,4,4],[0,"14khoM4uJPhax7i4t/yOSQ",1,0],[5,700,150],[-276,-275,0,0,0,0,1,1,1,1]],[21,"layout",2,[-81,-82,-83,-84,-85,-86,-87,-88],[[-78,[23,50,-80,-79]],1,4],[0,"11rmYmkotI2bayXM4+Ez9j",1,0],[5,343,150],[-454.5,-275,0,0,0,0,1,1,1,1]],[28,"content",[-91,-92,-93,-94,-95,-96,-97],[[18,1,0,-89,[259],260],[41,3,30,40,15,15,-90,[5,500,280]]],[0,"b2SQZOX2VAQ56UCYgIxnhj",1,0],[5,500,280],[0,0,0.5],[0,0,0,0,0,0,1,1,1,0]],[3,"record_btn",4,[-104,-105,-106],[[1,-98,[133],134],[6,3,-100,[[5,"4c598GgxydIZ4J/snCF5xab","onClick",-99]]],[42,1,-103,-102,-101]],[0,"906fcrJORFtqqn0bWojtHu",1,0],[5,101,98],[-118,439,0,0,0,0,1,1,1,0]],[3,"achieve",3,[-111,-112,-113],[[1,-107,[56],57],[6,3,-108,[[5,"ca117f9f6FOXbZyu8xg7+mB","clickAchieve",1]]],[11,3,-110,-109]],[0,"c3U9rZY0lKbJlGF5CHkN5Y",1,0],[5,101,98],[-178.5,0,0,0,0,0,1,1,1,0]],[3,"anniversary_btn",4,[-118,-119,-120],[[1,-114,[149],150],[6,3,-115,[[5,"ca117f9f6FOXbZyu8xg7+mB","clickAnniversaryBtn",1]]],[11,12,-117,-116]],[0,"d97PJ+595EzZRc8LVWkJcs",1,0],[5,101,98],[-121,430.259,0,0,0,0,1,1,1,0]],[3,"sign",5,[-125,-126,-127],[[1,-121,[185],186],[6,3,-122,[[5,"ca117f9f6FOXbZyu8xg7+mB","clickSign",1]]],[11,1,-124,-123]],[0,"fbPWsOu+pDMZ7syP3vva5b",1,0],[5,101,98],[80.5,51,0,0,0,0,1,1,1,0]],[3,"monthSign",5,[-132,-133,-134],[[1,-128,[197],198],[6,3,-129,[[5,"ca117f9f6FOXbZyu8xg7+mB","clickMonthSign",1]]],[11,2,-131,-130]],[0,"b16nP0ogtBpYpfp6omrk8C",1,0],[5,101,98],[196.5,51,0,0,0,0,1,1,1,0]],[3,"share_gift",5,[-139,-140,-141],[[1,-135,[209],210],[6,3,-136,[[5,"ca117f9f6FOXbZyu8xg7+mB","clickShareGift",1]]],[11,8,-138,-137]],[0,"2baI/3js9NsbwRjjG2w2JV",1,0],[5,101,98],[312.5,51,0,0,0,0,1,1,1,0]],[3,"yaoqingyouli",5,[-146,-147,-148],[[1,-142,[221],222],[6,3,-143,[[5,"ca117f9f6FOXbZyu8xg7+mB","clickInvitation",1]]],[11,6,-145,-144]],[0,"11sXfVEcJDprOJGQMgGnRJ",1,0],[5,101,98],[428.5,51,0,0,0,0,1,1,1,0]],[9,"task",false,5,[-153,-154,-155],[[1,-149,[233],234],[6,3,-150,[[5,"ca117f9f6FOXbZyu8xg7+mB","clickTasks",1]]],[11,9,-152,-151]],[0,"047tB+681E2KNhFfh+SShZ",1,0],[5,101,98],[196.5,-62,0,0,0,0,1,1,1,0]],[3,"gift_btn",5,[-160,-161,-162],[[1,-156,[245],246],[6,3,-157,[[5,"ca117f9f6FOXbZyu8xg7+mB","clickGift",1]]],[11,8,-159,-158]],[0,"eaI4fdVLFHnIKpXfpntqlq",1,0],[5,101,98],[80.5,-62,0,0,0,0,1,1,1,0]],[9,"xySpidertask",false,5,[-167,-168,-169],[[1,-163,[257],258],[6,3,-164,[[5,"ca117f9f6FOXbZyu8xg7+mB","clickSpiderTasks",1]]],[11,11,-166,-165]],[0,"5f1WFFxS5ORKG6A02AD3GK",1,0],[5,101,98],[312.5,-62,0,0,0,0,1,1,1,0]],[20,"homeAutoContent",2,[-171,-172,-173,-174],[[25,-170,[33]]],[0,"b1JaWlbAdOur8AV0bn7COz",1,0],[5,150,200],[-188.56,-103.574,0,0,0,0.15643446504023087,0.9876883405951378,1,1,1],[1,0,0,18]],[3,"plantSkin",3,[-179,-180,-181],[[1,-175,[76],77],[6,3,-176,[[5,"ca117f9f6FOXbZyu8xg7+mB","clickPlantSkin",1]]],[11,13,-178,-177]],[0,"5dA2r0kPdEtpZO8Pw3WeCl",1,0],[5,101,98],[63.5,0,0,0,0,0,1,1,1,0]],[3,"addToDesk",3,[-184,-185,-186],[[1,-182,[96],97],[6,3,-183,[[5,"ca117f9f6FOXbZyu8xg7+mB","clickAddToDesk",1]]]],[0,"cdmPxX4k5J5q+XvbHPc4Nm",1,0],[5,101,98],[305.5,4,0,0,0,0,1,1,1,0]],[3,"WelfareTaskBtn",3,[-189,-190,-191],[[1,-187,[108],109],[6,3,-188,[[5,"ca117f9f6FOXbZyu8xg7+mB","clickWelfareTaskBtn",1]]]],[0,"3dlT4YEktD+7FoJycY6BTo",1,0],[5,101,98],[426.5,4,0,0,0,0,1,1,1,0]],[3,"game_club",4,[-196],[[1,-192,[122],123],[6,3,-193,[[5,"ca117f9f6FOXbZyu8xg7+mB","clickGameClub",1]]],[11,5,-195,-194]],[0,"6cqe0IbwhH5Z4Hw0gIcHjo",1,0],[5,101,113],[-118,439,0,0,0,0,1,1,1,0]],[3,"turntable_btn",4,[-201,-202,-203],[[1,-197,[161],162],[6,3,-198,[[5,"ca117f9f6FOXbZyu8xg7+mB","clickTurntableBtn",1]]],[11,14,-200,-199]],[0,"f3tqq1EbhIYoSONvnEqZaM",1,0],[5,101,98],[-121,293.197,0,0,0,0,1,1,1,0]],[3,"welfare",4,[-208,-209,-210],[[1,-204,[173],174],[6,3,-205,[[5,"ca117f9f6FOXbZyu8xg7+mB","clickWelfareBtn",1]]],[11,7,-207,-206]],[0,"fcVfc+L51A0KTdtasayYws",1,0],[5,101,98],[-121,159.855,0,0,0,0,1,1,1,0]],[3,"shop",3,[-213,-214],[[1,-211,[64],65],[6,3,-212,[[5,"ca117f9f6FOXbZyu8xg7+mB","clickShop",1]]]],[0,"7expPXOFNLv4m5HS8XvvtH",1,0],[5,101,98],[-57.5,0,0,0,0,0,1,1,1,0]],[3,"sidebarBtn",3,[-217,-218],[[1,-215,[84],85],[6,3,-216,[[5,"ca117f9f6FOXbZyu8xg7+mB","clickSidebar",1]]]],[0,"95zzlJpURMqoij8NlBsCOC",1,0],[5,101,98],[184.5,0,0,0,0,0,1,1,1,0]],[3,"home_garden1",2,[-221,-222],[[1,-219,[270],271],[15,-220,[[5,"ca117f9f6FOXbZyu8xg7+mB","clickGarden",1]]]],[0,"ee0+WBgk5Od56iSUcZ4J/H",1,0],[5,187,184],[314.795,-251.039,0,0,0,0,1,1,1,1]],[3,"help",3,[-225,-226],[[1,-223,[44],45],[6,3,-224,[[5,"ca117f9f6FOXbZyu8xg7+mB","clickHelp",1]]]],[0,"272Z76NJhBQJQI1m2ClT20",1,0],[5,101,98],[-299.5,0,0,0,0,0,1,1,1,0]],[3,"save_btn",4,[-229,-230],[[1,-227,[116],117],[6,3,-228,[[5,"ca117f9f6FOXbZyu8xg7+mB","clickSave",1]]]],[0,"dbAAhYsppHIpjkxLsxH02C",1,0],[5,101,98],[-118,559,0,0,0,0,1,1,1,0]],[19,"home_auto1",16,[-232],[[10,0,-231,[19],20]],[0,"d0ppep/cRP2oSUL5/Xz4zZ",1,0],[5,144,106]],[3,"home_auto3",16,[-234],[[10,0,-233,[27],28]],[0,"04orTk7LdJsr/032zddPF9",1,0],[5,150,110],[150,0,0,0,0,0,1,1,1,1]],[3,"home_auto4",16,[-236],[[10,0,-235,[31],32]],[0,"3cgIoGSQ5Mx4n4gzq/EDRK",1,0],[5,150,110],[300,0,0,0,0,0,1,1,1,1]],[16,"red",[-238],[[1,-237,[36],37]],[0,"1aLn4XlAVLGIGxAtdfsKUS",1,0],[5,63,75],[81.82,103.307,0,0,0,0,1,0.75,0.75,1]],[9,"red",false,7,[-240],[[1,-239,[54],55]],[0,"0b/hhMsXhJRY+47DdZjy/d",1,0],[5,63,75],[33.473,59.583,0,0,0,0,1,0.75,0.75,1]],[9,"red",false,17,[-242],[[1,-241,[74],75]],[0,"cdqAWLP45Li7YS3l5EvEB3",1,0],[5,63,75],[35.12,59.583,0,0,0,0,1,0.75,0.75,1]],[20,"welfareTip",19,[-244],[[1,-243,[106],107]],[0,"c1k1iyvWFGvar169KFPINU",1,0],[5,63,75],[48.061,62.681,0,0,0,0.026176948307873153,0.9996573249755573,0.75,0.75,0.75],[1,0,0,3]],[9,"red",false,20,[-246],[[1,-245,[120],121]],[0,"0dM+aQ7IZKv7VRO1mPV5aO",1,0],[5,63,75],[43.236,48.425,0,0,0,0,1,0.75,0.75,1]],[3,"byte_9",6,[-248],[[18,1,0,-247,[131],132]],[0,"25b5iF/j9P6YssN9PNJhOV",1,0],[5,85,75],[36.171,49.713,0,0,0,0,1,1,1,1]],[29,"targetIcon",4,[-249,-250],[0,"9axduneP1HZbX29LlDTZsx",1,0],[5,100,100],[-118,439,0,0,0,0,1,1,1,1]],[9,"red",false,8,[-252],[[1,-251,[147],148]],[0,"23FzBnT+hNuZ8uYSusXaCs",1,0],[5,63,75],[43.236,48.425,0,0,0,0,1,0.75,0.75,1]],[9,"red",false,21,[-254],[[1,-253,[159],160]],[0,"8ekq4r5EhO/qpZF7PUZQMS",1,0],[5,63,75],[43.236,48.425,0,0,0,0,1,0.75,0.75,1]],[9,"red",false,22,[-256],[[1,-255,[171],172]],[0,"39XPeST+9I4IQr/hpi5vfD",1,0],[5,63,75],[43.236,48.425,0,0,0,0,1,0.75,0.75,1]],[30,"mask",[5],[[25,-257,[261]]],[0,"e2W09lF2BGipPJF/AmE8tw",1,0],[5,500,280],[0,0,0.5]],[9,"red",false,9,[-259],[[1,-258,[183],184]],[0,"a4Yu8G3SNG56VQACKkym/m",1,0],[5,63,75],[43.236,48.425,0,0,0,0,1,0.75,0.75,1]],[9,"red",false,10,[-261],[[1,-260,[195],196]],[0,"91MBnzDCJD9ooyV7BSYG5k",1,0],[5,63,75],[43.236,48.425,0,0,0,0,1,0.75,0.75,1]],[9,"red",false,11,[-263],[[1,-262,[207],208]],[0,"48+YPdeP5J/bQ0vmiKC3qu",1,0],[5,63,75],[43.236,48.425,0,0,0,0,1,0.75,0.75,1]],[9,"red",false,12,[-265],[[1,-264,[219],220]],[0,"c4cG5PbuJNMLNrHZPh+sVM",1,0],[5,63,75],[43.236,48.425,0,0,0,0,1,0.75,0.75,1]],[9,"red",false,13,[-267],[[1,-266,[231],232]],[0,"2d9yYoT4RDd7WwQKp6a5Kr",1,0],[5,63,75],[43.236,48.425,0,0,0,0,1,0.75,0.75,1]],[9,"red",false,14,[-269],[[1,-268,[243],244]],[0,"ed67UCQvRK3q4rijLOyh/Y",1,0],[5,63,75],[43.236,48.425,0,0,0,0,1,0.75,0.75,1]],[9,"red",false,15,[-271],[[1,-270,[255],256]],[0,"52yzJLXwpO9prd3FyCdqjM",1,0],[5,63,75],[43.236,48.425,0,0,0,0,1,0.75,0.75,1]],[31,"recruitImg27",[[1,-272,[262],263],[15,-273,[[5,"ca117f9f6FOXbZyu8xg7+mB","clickWelfareArr",1]]]],[0,"e2imzphlxDXoExN7ent8zM",1,0],[5,32,50],[10.142,0,0,0,0,0,1,1,1,1]],[16,"weekTwotip",[-275],[[1,-274,[276],277]],[0,"06hu8r3+pCiI0+rzj+TRn8",1,0],[5,63,75],[129.823,57.957,0,0,0,0,1,0.75,0.75,0.75]],[32,"xyFirsttip",[-277],[[1,-276,[280],281]],[0,"23fC3bxW1K1IxueAIlWgUq",1,0],[5,63,75],[107.27392,58,0,0,0,0.026176948307873153,0.9996573249755573,0.75,0.75,0.75],[1,0,0,3]],[13,"passScene",false,1,[[10,2,-278,[284],285],[14,8,-279]],[0,"29opyU7J9IAYdY9zdRfB8T",1,0],[5,1680,720],[200,0,0,0,0,0,1,1,1,1]],[4,"bg",1,[[1,-280,[0],1],[26,-281]],[0,"f6wCcSTC1EFKK+VJ35CGn+",1,0],[5,1680,720]],[12,"bg2",false,1,[[1,-282,[2],3],[26,-283]],[0,"dcZHQrE4pJ05j5QvGK0+w7",1,0],[5,1680,720]],[13,"home_maoxianS",false,2,[[1,-284,[10],11]],[0,"8czg0LmhRG2bxdz+XLgilH",1,0],[5,400,221],[166.42,160,0,0,0,0,1,1,1,1]],[13,"home_xyS",false,2,[[1,-285,[12],13]],[0,"7fL4TBDIBF7Jai0YsE/25C",1,0],[5,350,153],[160,15,0,0,0,0,1,1,1,1]],[13,"home_challengeS",false,2,[[1,-286,[14],15]],[0,"4bQwD8QkdBbJBAcWA+/Na8",1,0],[5,304,161],[139.477,-96,0,0,0,0,1,1,1,1]],[9,"home_auto2",false,16,[-288],[[10,0,-287,[23],24]],[0,"b1hUTQxGBMsKb2zB8yYpnN",1,0],[5,144,106],[150,0,0,0,0,0,1,1,1,1]],[3,"home_icon1",26,[-290],[[1,-289,[42],43]],[0,"25H3CKc0RHU7RY2XL/VAVx",1,0],[5,97,36],[0,-35,0,0,0,0,1,1,1,1]],[4,"New Label",59,[[8,"设置",25,28,false,1,1,2,-291,[40],41],[7,2,-292,[4,4278190080]]],[0,"3eNdSm6MlCA6KaMa5j+mLd",1,0],[5,54,32]],[3,"home_icon",7,[-294],[[1,-293,[50],51]],[0,"37R+KvOZNJCYiWN0ZszPm6",1,0],[5,97,36],[0,-35,0,0,0,0,1,1,1,1]],[4,"New Label",61,[[8,"成就",25,28,false,1,1,2,-295,[48],49],[7,2,-296,[4,4278190080]]],[0,"0dqpsjNRRH2aYp+IH9g8fr",1,0],[5,54,32]],[3,"home_icon",23,[-298],[[1,-297,[62],63]],[0,"45coFTq0tGUJTcmCyZkrq6",1,0],[5,97,36],[0,-35,0,0,0,0,1,1,1,1]],[4,"New Label",63,[[8,"商店",25,28,false,1,1,2,-299,[60],61],[7,2,-300,[4,4278190080]]],[0,"97smcIduxBuIKXn6yy5C3i",1,0],[5,54,32]],[3,"home_icon",17,[-302],[[10,0,-301,[70],71]],[0,"b94A9X6/9Gs6hln5qaBXo6",1,0],[5,105,36],[0,-35,0,0,0,0,1,1,1,1]],[4,"New Label",65,[[8,"植物装扮",25,28,false,1,1,2,-303,[68],69],[7,2,-304,[4,4278190080]]],[0,"62Cs70A2FH5JAHYwYSoXI2",1,0],[5,104,32]],[3,"home_icon",24,[-306],[[1,-305,[82],83]],[0,"6dpm18n7dN8Z01XTlncK2+",1,0],[5,97,36],[0,-35,0,0,0,0,1,1,1,1]],[4,"New Label",67,[[8,"入口奖励",22,28,false,1,1,2,-307,[80],81],[7,2,-308,[4,4278190080]]],[0,"5c1j8ZVehHdoxgn5Ggjj3n",1,0],[5,92,32]],[3,"home_icon",18,[-310],[[1,-309,[90],91]],[0,"d8q1o22GZHfLeqIwenc9dG",1,0],[5,97,36],[0,-35,0,0,0,0,1,1,1,1]],[4,"New Label",69,[[8,"添加桌面",22,28,false,1,1,2,-311,[88],89],[7,2,-312,[4,4278190080]]],[0,"4eh8hdtTBCfq8Q3lK9shPy",1,0],[5,92,32]],[3,"byte_9",18,[-314],[[1,-313,[94],95]],[0,"f5TcLtI3dKHIZt3EW3nTTS",1,0],[5,63,75],[52.71,92.242,0,0,0,0,1,1,1,1]],[3,"home_icon",19,[-316],[[1,-315,[102],103]],[0,"afoxBrdZ1HlqojLzSZ3aWF",1,0],[5,97,36],[0,-35,0,0,0,0,1,1,1,1]],[4,"New Label",72,[[8,"福利任务",22,28,false,1,1,2,-317,[100],101],[7,2,-318,[4,4278190080]]],[0,"cd0Y6Mym1Dp7H1js8ZOgVk",1,0],[5,92,32]],[3,"home_icon",27,[-320],[[1,-319,[114],115]],[0,"8dC7+D3Z5NlpFdXUcLKykV",1,0],[5,97,36],[0,-33,0,0,0,0,1,1,1,1]],[4,"New Label",74,[[8,"游戏存档",22,28,false,1,1,2,-321,[112],113],[7,2,-322,[4,4278190080]]],[0,"9aG5r1ispIT4rPnsQa+17Q",1,0],[5,92,32]],[3,"home_icon",6,[-324],[[1,-323,[127],128]],[0,"e2WKnh/cVFAKKcYuYRsR7B",1,0],[5,97,36],[0,-35,0,0,0,0,1,1,1,1]],[36,"New Label",76,[[-325,[7,2,-326,[4,4278190080]]],1,4],[0,"8dtOv3h2dNKYBT7jhf/hDq",1,0],[5,48,32],[0,-1.181,0,0,0,0,1,1,1,1]],[4,"icon1",37,[[10,0,-327,[135],136],[15,-328,[[24,"ca117f9f6FOXbZyu8xg7+mB","clickTargetApp","1",1]]]],[0,"a0ZKyNDTdGqK4YH52IgTr/",1,0],[5,100,100]],[4,"icon2",37,[[10,0,-329,[137],138],[15,-330,[[24,"ca117f9f6FOXbZyu8xg7+mB","clickTargetApp","2",1]]]],[0,"ab2yDNJZhDCYYjPQzZfna1",1,0],[5,100,100]],[3,"home_icon",8,[-332],[[10,0,-331,[143],144]],[0,"cdHYrupMVFCaPZtc8rOV7Z",1,0],[5,97,50],[0,-41.846,0,0,0,0,1,1,1,1]],[4,"New Label",80,[[8,"11周年\n庆典",20,20,false,1,1,2,-333,[141],142],[7,2,-334,[4,4278190080]]],[0,"f0XlOjdXpF/q1EGWOFSP1V",1,0],[5,58.16,44]],[3,"home_icon",21,[-336],[[10,2,-335,[155],156]],[0,"e88hphNrBAepjn9AglDRXn",1,0],[5,97,36],[0,-41.846,0,0,0,0,1,1,1,1]],[4,"New Label",82,[[8,"幸运轮盘",20,20,false,1,1,2,-337,[153],154],[7,2,-338,[4,4278190080]]],[0,"1frNd5HxFARpLC99T4oCJj",1,0],[5,84,24]],[3,"home_icon",22,[-340],[[1,-339,[167],168]],[0,"e5gHB7+v1IMY/f7zLugxTz",1,0],[5,97,36],[0,-35,0,0,0,0,1,1,1,1]],[4,"New Label",84,[[8,"福利",25,28,false,1,1,2,-341,[165],166],[7,2,-342,[4,4278190080]]],[0,"4awmdBcMZPBoePKPu7esg9",1,0],[5,54,32]],[33,"welfareContent",4,[41,49],[0,"f9+SZ0xhhCXKyeJfPAOFgE",1,0],[5,430,160],[0,0,0.5],[-53.786,166.795,0,0,0,0,1,1,1,0]],[3,"home_icon",9,[-344],[[1,-343,[179],180]],[0,"57FTFxHFhFgYXhpChVpKM1",1,0],[5,97,36],[0,-35,0,0,0,0,1,1,1,1]],[4,"New Label",87,[[8,"签到",25,28,false,1,1,2,-345,[177],178],[7,2,-346,[4,4278190080]]],[0,"6aGTrufwhFDruZgHbEoUQ6",1,0],[5,54,32]],[3,"home_icon",10,[-348],[[1,-347,[191],192]],[0,"e0PYwRg8BDzJ0/X/0Bf0Vw",1,0],[5,97,36],[0,-35,0,0,0,0,1,1,1,1]],[4,"New Label",89,[[8,"月签到",25,28,false,1,1,2,-349,[189],190],[7,2,-350,[4,4278190080]]],[0,"53aERPqLFGTJGicpoN3K4C",1,0],[5,79,32]],[3,"home_icon",11,[-352],[[1,-351,[203],204]],[0,"cajnmeS7JIW7PAETAheCXb",1,0],[5,97,36],[0,-35,0,0,0,0,1,1,1,1]],[4,"New Label",91,[[8,"分享有礼",22,28,false,1,1,2,-353,[201],202],[7,2,-354,[4,4278190080]]],[0,"3cVqyAkaFDSbzXXsZh4eDK",1,0],[5,92,32]],[3,"home_icon",12,[-356],[[1,-355,[215],216]],[0,"228BwM9mFF1rPbhB1L/jSF",1,0],[5,97,36],[0,-35,0,0,0,0,1,1,1,1]],[4,"New Label",93,[[8,"邀请有礼",25,28,false,1,1,2,-357,[213],214],[7,2,-358,[4,4278190080]]],[0,"51IuJ8yFZPir3jbUr0mJgW",1,0],[5,104,32]],[3,"home_icon",13,[-360],[[1,-359,[227],228]],[0,"27tVDZoQRMRZY1gAuJSj8m",1,0],[5,97,36],[0,-35,0,0,0,0,1,1,1,1]],[4,"New Label",95,[[8,"冲关挑战",25,28,false,1,1,2,-361,[225],226],[7,2,-362,[4,4278190080]]],[0,"ddxzQ2mqdD462Cvry9zwKV",1,0],[5,104,32]],[3,"home_icon",14,[-364],[[1,-363,[239],240]],[0,"65MyiwlLlMUruKMW3VXTU8",1,0],[5,97,36],[0,-35,0,0,0,0,1,1,1,1]],[4,"New Label",97,[[8,"福利礼包",22,28,false,1,1,2,-365,[237],238],[7,2,-366,[4,4278190080]]],[0,"6cNJsM87hDuonazA3RrRdi",1,0],[5,92,32]],[3,"home_icon",15,[-368],[[18,1,0,-367,[251],252]],[0,"9b2cLeM9NB2rNQQ69k5cOZ",1,0],[5,97,36],[0,-31.163,0,0,0,0,1,1,1,1]],[4,"New Label",99,[[8,"西游挑战",22,22,false,1,1,2,-369,[249],250],[7,2,-370,[4,4278190080]]],[0,"00Ty4+1zNCVZ/1QoUAeuA0",1,0],[5,92,26]],[34,"New Label",25,[[43,"休闲\n花园",35,35,false,1,1,-371,[264],265],[7,2,-372,[4,4278190080]]],[0,"d62oPxecRMwr9rwFnWFu44",1,0],[4,4290904063],[5,74,83.1],[20.256,-41.972,0,0,0,0,1,1,1,1]],[9,"red",false,25,[-374],[[1,-373,[268],269]],[0,"9a46sDRipGYrZdR4zLQT8y",1,0],[5,63,75],[61.776,98.563,0,0,0,0,1,1,1,1]],[2,"home_close",2,[[1,-375,[272],273]],[0,"3aq024qn1Kj76lAiQzobd1",1,0],[5,92,69],[-107.279,82.888,0,0,0,0,1,1,1,1]],[17,"adventureBtn",2,[50],[0,"22PF3Ido1Jfr7IOq01I7Fi",1,0],[5,350,95],[150.205,149.411,0,0,0,-0.043619387365336,0.9990482215818578,1,1,1],[1,0,0,-5]],[17,"xyBtn",2,[51],[0,"61lez+X+VP+pp/XOEClkFu",1,0],[5,310,80],[152.5,26.792,0,0,0,-0.0697564737441253,0.9975640502598242,1,1,1],[1,0,0,-8]],[2,"home_leaf",1,[[1,-376,[282],283]],[0,"d8if+TPjRGOIclsENzFJfB",1,0],[5,54,43],[0,503.744,0,0,0,0,1,1,1,1]],[4,"layer_achieve",1,[[14,45,-377]],[0,"6a47nQ02dIdL2mSKWfH8aN",1,0],[5,1280,720]],[2,"home_maoxian",2,[[1,-378,[4],5]],[0,"8a0GBkIwtLqJfcpLkhyQNm",1,0],[5,394,221],[166.42,160,0,0,0,0,1,1,1,1]],[2,"home_xy",2,[[1,-379,[6],7]],[0,"92cThyK1JBhYAGzsNjJt+Z",1,0],[5,351,158],[160,15,0,0,0,0,1,1,1,1]],[2,"home_challenge",2,[[1,-380,[8],9]],[0,"10rMfRXfBN1ImTvwl1vWOt",1,0],[5,303,159],[139.477,-96,0,0,0,0,1,1,1,1]],[37,"guanKaDesc",2,[-381],[0,"f7264kMElElo+JJ4ObFx0F",1,0],[5,53.38,45.2],[151.284,226.002,0,0,0,0,1,1,1,1]],[44,"白天\n关卡3",20,20,false,1,1,111,[16]],[12,"lv_imgLock",false,28,[[1,-382,[17],18]],[0,"90XNDS7QVJ67t9V91YRIK1",1,0],[5,58,74]],[12,"lv_imgLock",false,58,[[1,-383,[21],22]],[0,"81F5fo2o5PirKsgr10HeMq",1,0],[5,58,74]],[12,"lv_imgLock",false,29,[[1,-384,[25],26]],[0,"fbUO6RfSdM4Ldg7Bgm/0PV",1,0],[5,58,74]],[12,"lv_imgLock",false,30,[[1,-385,[29],30]],[0,"31PdLoa2dN/ILBwRY9qogp",1,0],[5,58,74]],[17,"creativeModeTip",2,[31],[0,"36yOEm0j1HLJ4lZXU/+8Iq",1,0],[5,150,200],[-189,-104,0,0,0,0.15643446504023087,0.9876883405951378,1,1,1],[1,0,0,18]],[2,"redTip",31,[[1,-386,[34],35]],[0,"dek8RPfeRKzLwawyuOJKzo",1,0],[5,38,52],[3.459,6.918,0,0,0,0,1,1,1,1]],[2,"home_help",26,[[1,-387,[38],39]],[0,"112ItTRPROMKO+aK+AghGF",1,0],[5,89,129],[-7.059,37.648,0,0,0,0,1,1,1,1]],[2,"home_achieve",7,[[1,-388,[46],47]],[0,"aeYkYCpipGH4NwG9HBT9FK",1,0],[5,69,99],[0,20.778,0,0,0,0,1,1,1,1]],[2,"redTip",32,[[1,-389,[52],53]],[0,"656+DOvMNGzZg8Ge1iKNWc",1,0],[5,38,52],[3.459,6.918,0,0,0,0,1,1,1,1]],[2,"home_shop",23,[[1,-390,[58],59]],[0,"425HRyi/1H0ZkUZYdIVOwX",1,0],[5,74,104],[7.142,17.142,0,0,0,0,1,1,1,1]],[2,"home_shop",17,[[1,-391,[66],67]],[0,"26rdwp5RtA0I3kCBXcSoUO",1,0],[5,101,117],[1.629,28.169,0,0,0,0,1,1,1,1]],[2,"redTip",33,[[1,-392,[72],73]],[0,"00SPy+uuVL2agiHSICssWA",1,0],[5,38,52],[3.459,6.918,0,0,0,0,1,1,1,1]],[2,"home_shop",24,[[1,-393,[78],79]],[0,"facf1fMj9E1a5cPrjH6LoA",1,0],[5,95,99],[1.142,18.142,0,0,0,0,1,1,1,1]],[2,"home_shop",18,[[1,-394,[86],87]],[0,"41a8xZPcVGEoCDQyGSaZcd",1,0],[5,88,88],[1.142,18.142,0,0,0,0,1,1,1,1]],[2,"byte_8",71,[[1,-395,[92],93]],[0,"e06c6fZPdAO6Gs3GelPoR9",1,0],[5,63,71],[0,18.119,0,0,0,0,1,1,1,1]],[2,"home_shop",19,[[10,2,-396,[98],99]],[0,"71p/LK8SFO/6vhIVj2QwtQ",1,0],[5,95,77],[0,14.822,0,0,0,0,1,1,1,1]],[2,"tip",34,[[1,-397,[104],105]],[0,"c1XFcWUANIk41MA5NepbBQ",1,0],[5,38,52],[3.459,6.918,0,0,0,0,1,1,1,1]],[22,12,14,10,3],[2,"save_btn",27,[[1,-398,[110],111]],[0,"b1I6H6zf9JHpA9swlIL0m7",1,0],[5,105,84],[0,20,0,0,0,0,1,1,1,1]],[2,"redTip",35,[[1,-399,[118],119]],[0,"547+2cD9RMqYPySG90y5PU",1,0],[5,38,52],[3.459,6.918,0,0,0,0,1,1,1,1]],[2,"sign_btn",6,[[1,-400,[124],125]],[0,"87kCKXmhVGvrrUmphno/cI",1,0],[5,79,73],[3.543,12.914,0,0,0,0,1,1,1,1]],[45,"录屏",22,28,false,1,1,2,77,[126]],[2,"byte_8",36,[[1,-401,[129],130]],[0,"34j51jkIZK0rPjOo6yn65n",1,0],[5,94,55],[-0.871,5.057,0,0,0,0,1,1,1,1]],[2,"gift6",8,[[1,-402,[139],140]],[0,"a1WDag4NpJH6qFECtl23oG",1,0],[5,131,101],[-0.123,20.774,0,0,0,0,1,1,1,1]],[2,"redTip",38,[[1,-403,[145],146]],[0,"ebZqv0861AF5eatH1OS7xh",1,0],[5,38,52],[3.459,6.918,0,0,0,0,1,1,1,1]],[2,"gift6",21,[[10,2,-404,[151],152]],[0,"c99FF0ubVAiYKnuvikG+d2",1,0],[5,109,96],[-0.123,15.103,0,0,0,0,1,1,1,1]],[2,"redTip",39,[[1,-405,[157],158]],[0,"419pGk0FNCBq53Zonyyw6/",1,0],[5,38,52],[3.459,6.918,0,0,0,0,1,1,1,1]],[2,"sign_btn",22,[[1,-406,[163],164]],[0,"7cNTL+F0BPS5c2PfZ1tqFd",1,0],[5,114,77],[0,20,0,0,0,0,1,1,1,1]],[2,"redTip",40,[[1,-407,[169],170]],[0,"626piMcPlAMr297dx5ZBxW",1,0],[5,38,52],[3.459,6.918,0,0,0,0,1,1,1,1]],[2,"sign_btn",9,[[1,-408,[175],176]],[0,"8ekAiBAg5MH5GvXsDkPK9A",1,0],[5,83,87],[0,20,0,0,0,0,1,1,1,1]],[2,"redTip",42,[[1,-409,[181],182]],[0,"9e0KI8F1VJrrtOYQciLag1",1,0],[5,38,52],[3.459,6.918,0,0,0,0,1,1,1,1]],[2,"sign_btn",10,[[1,-410,[187],188]],[0,"dabNInhY9IrKXTv14xgRR+",1,0],[5,83,87],[0,20,0,0,0,0,1,1,1,1]],[2,"redTip",43,[[1,-411,[193],194]],[0,"ebrxFxy6lPGoMEQoO18bLf",1,0],[5,38,52],[3.459,6.918,0,0,0,0,1,1,1,1]],[2,"sign_btn",11,[[1,-412,[199],200]],[0,"f4oYPGOupE56fft2zM9I2e",1,0],[5,102,99],[0,20,0,0,0,0,1,1,1,1]],[2,"redTip",44,[[1,-413,[205],206]],[0,"f7Jgk9khlA9Z1b6GnxOzGO",1,0],[5,38,52],[3.459,6.918,0,0,0,0,1,1,1,1]],[2,"sign_btn",12,[[1,-414,[211],212]],[0,"57ATgL4b1OVpcIUuocof2Y",1,0],[5,99,93],[0,5.721,0,0,0,0,1,1,1,1]],[2,"redTip",45,[[1,-415,[217],218]],[0,"d37LeN1+pCaJST6Yobnu3e",1,0],[5,38,52],[3.459,6.918,0,0,0,0,1,1,1,1]],[2,"sign_btn",13,[[1,-416,[223],224]],[0,"7c3YFfjLZLcJUus2M0Wt1f",1,0],[5,113,97],[0,5.721,0,0,0,0,1,1,1,1]],[2,"redTip",46,[[1,-417,[229],230]],[0,"a6Hq+2vuNIu6NlUyf8zagD",1,0],[5,38,52],[3.459,6.918,0,0,0,0,1,1,1,1]],[2,"home_shop",14,[[10,2,-418,[235],236]],[0,"ecz14cgWNEo4iMwqGRBRaP",1,0],[5,86,90],[7.142,17.142,0,0,0,0,1,1,1,1]],[2,"redTip",47,[[1,-419,[241],242]],[0,"f8AG9zcqJNIKy8X/JTkIrW",1,0],[5,38,52],[3.459,6.918,0,0,0,0,1,1,1,1]],[2,"sign_btn",15,[[1,-420,[247],248]],[0,"c41/sDC0hF+os56bB/4jYG",1,0],[5,116,102],[2.938,11.598,0,0,0,0,1,1,1,1]],[2,"redTip",48,[[1,-421,[253],254]],[0,"9aaeqv2rJDMKwIfs7eU36+",1,0],[5,38,52],[3.459,6.918,0,0,0,0,1,1,1,1]],[22,12,14,10,4],[2,"redTip",102,[[1,-422,[266],267]],[0,"edWdgjn49I/KzvWb9am8Fr",1,0],[5,32,45],[-0.432,8.863,0,0,0,0,1,1,1,1]],[2,"tip",50,[[1,-423,[274],275]],[0,"1bSgPo1ThHU6Fh06RunsBv",1,0],[5,38,52],[3.459,6.918,0,0,0,0,1,1,1,1]],[2,"tip",51,[[1,-424,[278],279]],[0,"4a1ayb2PJGJJedOnkuTJKT",1,0],[5,38,52],[3.459,6.918,0,0,0,0,1,1,1,1]],[35,"challengeBtn",2,[0,"04SAby5i9Pv5iaqPHJoJXv",1,0],[5,300,80],[139.408,-85.228,0,0,0,-0.0697564737441253,0.9975640502598242,1,1,1],[1,0,0,-8]]],0,[0,7,1,0,0,1,0,8,34,0,9,19,0,10,37,0,11,8,0,12,5,0,13,52,0,14,51,0,15,14,0,16,15,0,17,13,0,18,16,0,19,50,0,20,49,0,21,41,0,22,31,0,-1,28,0,-2,29,0,-3,30,0,23,12,0,24,20,0,25,6,0,26,18,0,27,24,0,28,107,0,29,20,0,30,11,0,31,10,0,32,9,0,33,7,0,34,23,0,35,25,0,36,112,0,37,106,0,38,160,0,39,57,0,40,103,0,41,105,0,42,56,0,43,104,0,44,55,0,0,1,0,-1,53,0,-2,54,0,-3,2,0,-4,106,0,-5,107,0,-6,52,0,0,2,0,-1,108,0,-2,109,0,-3,110,0,-4,55,0,-5,56,0,-6,57,0,-7,111,0,-8,16,0,-9,117,0,-10,3,0,-11,4,0,-12,25,0,-13,103,0,-14,104,0,-15,105,0,-16,160,0,-1,130,0,6,130,0,0,3,0,0,3,0,-1,26,0,-2,7,0,-3,23,0,-4,17,0,-5,24,0,-6,18,0,-7,19,0,-1,156,0,6,156,0,0,4,0,-1,27,0,-2,20,0,-3,6,0,-4,37,0,-5,8,0,-6,21,0,-7,22,0,-8,86,0,0,5,0,0,5,0,-1,9,0,-2,10,0,-3,11,0,-4,12,0,-5,13,0,-6,14,0,-7,15,0,0,6,0,45,6,0,0,6,0,46,36,0,47,134,0,0,6,0,-1,133,0,-2,76,0,-3,36,0,0,7,0,0,7,0,4,32,0,0,7,0,-1,120,0,-2,61,0,-3,32,0,0,8,0,0,8,0,4,38,0,0,8,0,-1,136,0,-2,80,0,-3,38,0,0,9,0,0,9,0,4,42,0,0,9,0,-1,142,0,-2,87,0,-3,42,0,0,10,0,0,10,0,4,43,0,0,10,0,-1,144,0,-2,89,0,-3,43,0,0,11,0,0,11,0,4,44,0,0,11,0,-1,146,0,-2,91,0,-3,44,0,0,12,0,0,12,0,4,45,0,0,12,0,-1,148,0,-2,93,0,-3,45,0,0,13,0,0,13,0,4,46,0,0,13,0,-1,150,0,-2,95,0,-3,46,0,0,14,0,0,14,0,4,47,0,0,14,0,-1,152,0,-2,97,0,-3,47,0,0,15,0,0,15,0,4,48,0,0,15,0,-1,154,0,-2,99,0,-3,48,0,0,16,0,-1,28,0,-2,58,0,-3,29,0,-4,30,0,0,17,0,0,17,0,4,33,0,0,17,0,-1,123,0,-2,65,0,-3,33,0,0,18,0,0,18,0,-1,126,0,-2,69,0,-3,71,0,0,19,0,0,19,0,-1,128,0,-2,72,0,-3,34,0,0,20,0,0,20,0,4,35,0,0,20,0,-1,35,0,0,21,0,0,21,0,4,39,0,0,21,0,-1,138,0,-2,82,0,-3,39,0,0,22,0,0,22,0,4,40,0,0,22,0,-1,140,0,-2,84,0,-3,40,0,0,23,0,0,23,0,-1,122,0,-2,63,0,0,24,0,0,24,0,-1,125,0,-2,67,0,0,25,0,0,25,0,-1,101,0,-2,102,0,0,26,0,0,26,0,-1,119,0,-2,59,0,0,27,0,0,27,0,-1,131,0,-2,74,0,0,28,0,-1,113,0,0,29,0,-1,115,0,0,30,0,-1,116,0,0,31,0,-1,118,0,0,32,0,-1,121,0,0,33,0,-1,124,0,0,34,0,-1,129,0,0,35,0,-1,132,0,0,36,0,-1,135,0,-1,78,0,-2,79,0,0,38,0,-1,137,0,0,39,0,-1,139,0,0,40,0,-1,141,0,0,41,0,0,42,0,-1,143,0,0,43,0,-1,145,0,0,44,0,-1,147,0,0,45,0,-1,149,0,0,46,0,-1,151,0,0,47,0,-1,153,0,0,48,0,-1,155,0,0,49,0,0,49,0,0,50,0,-1,158,0,0,51,0,-1,159,0,0,52,0,0,52,0,0,53,0,0,53,0,0,54,0,0,54,0,0,55,0,0,56,0,0,57,0,0,58,0,-1,114,0,0,59,0,-1,60,0,0,60,0,0,60,0,0,61,0,-1,62,0,0,62,0,0,62,0,0,63,0,-1,64,0,0,64,0,0,64,0,0,65,0,-1,66,0,0,66,0,0,66,0,0,67,0,-1,68,0,0,68,0,0,68,0,0,69,0,-1,70,0,0,70,0,0,70,0,0,71,0,-1,127,0,0,72,0,-1,73,0,0,73,0,0,73,0,0,74,0,-1,75,0,0,75,0,0,75,0,0,76,0,-1,77,0,-1,134,0,0,77,0,0,78,0,0,78,0,0,79,0,0,79,0,0,80,0,-1,81,0,0,81,0,0,81,0,0,82,0,-1,83,0,0,83,0,0,83,0,0,84,0,-1,85,0,0,85,0,0,85,0,0,87,0,-1,88,0,0,88,0,0,88,0,0,89,0,-1,90,0,0,90,0,0,90,0,0,91,0,-1,92,0,0,92,0,0,92,0,0,93,0,-1,94,0,0,94,0,0,94,0,0,95,0,-1,96,0,0,96,0,0,96,0,0,97,0,-1,98,0,0,98,0,0,98,0,0,99,0,-1,100,0,0,100,0,0,100,0,0,101,0,0,101,0,0,102,0,-1,157,0,0,103,0,0,106,0,0,107,0,0,108,0,0,109,0,0,110,0,-1,112,0,0,113,0,0,114,0,0,115,0,0,116,0,0,118,0,0,119,0,0,120,0,0,121,0,0,122,0,0,123,0,0,124,0,0,125,0,0,126,0,0,127,0,0,128,0,0,129,0,0,131,0,0,132,0,0,133,0,0,135,0,0,136,0,0,137,0,0,138,0,0,139,0,0,140,0,0,141,0,0,142,0,0,143,0,0,144,0,0,145,0,0,146,0,0,147,0,0,148,0,0,149,0,0,150,0,0,151,0,0,152,0,0,153,0,0,154,0,0,155,0,0,157,0,0,158,0,0,159,0,48,1,5,5,41,31,5,117,41,5,86,49,5,86,50,5,104,51,5,105,424],[0,0,0,0,0,0,0,0,0,0,0,0,0,0,0,0,0,0,0,0,0,0,0,0,0,0,0,0,0,0,0,0,0,0,0,0,0,0,0,0,0,0,0,0,0,0,0,0,0,0,0,0,0,0,0,0,0,0,0,0,0,0,0,0,0,0,0,0,0,0,0,0,0,0,0,0,0,0,0,0,0,0,0,0,0,0,0,0,0,0,0,0,0,0,0,0,0,0,0,0,0,0,0,0,0,0,0,0,0,0,0,0,0,0,0,0,0,0,0,0,0,0,0,0,0,0,0,0,0,0,0,0,0,0,0,0,0,0,0,0,0,0,0,0,0,0,0,0,0,0,0,0,0,0,0,0,0,0,0,0,0,0,0,0,0,0,0,0,0,0,0,0,0,0,0,0,0,0,0,0,0,0,0,0,0,0,0,0,0,0,0,0,0,0,0,0,0,0,0,0,0,0,0,0,0,0,0,0,0,0,0,0,0,0,0,0,0,0,0,0,0,0,0,0,0,0,0,0,0,0,0,0,0,0,0,0,0,0,0,0,0,0,0,0,0,0,0,0,0,0,0,0,0,0,0,0,0,0,0,0,0,0,0,0,0,0,0,0,0,0,0,0,0,0,0,0,0,0,0,0,0,0,0,0,0,0,112,134],[-1,1,-1,1,-1,1,-1,1,-1,1,-1,1,-1,1,-1,1,-1,-1,1,-1,1,-1,1,-1,1,-1,1,-1,1,-1,1,-1,1,-1,-1,1,-1,1,-1,1,-1,3,-1,1,-1,1,-1,1,-1,3,-1,1,-1,1,-1,1,-1,1,-1,1,-1,3,-1,1,-1,1,-1,1,-1,3,-1,1,-1,1,-1,1,-1,1,-1,1,-1,3,-1,1,-1,1,-1,1,-1,3,-1,1,-1,1,-1,1,-1,1,-1,1,-1,3,-1,1,-1,1,-1,1,-1,1,-1,1,-1,3,-1,1,-1,1,-1,1,-1,1,-1,1,-1,1,-1,-1,1,-1,1,-1,1,-1,1,-1,1,-1,1,-1,1,-1,3,-1,1,-1,1,-1,1,-1,1,-1,1,-1,3,-1,1,-1,1,-1,1,-1,1,-1,1,-1,3,-1,1,-1,1,-1,1,-1,1,-1,1,-1,3,-1,1,-1,1,-1,1,-1,1,-1,1,-1,3,-1,1,-1,1,-1,1,-1,1,-1,1,-1,3,-1,1,-1,1,-1,1,-1,1,-1,1,-1,3,-1,1,-1,1,-1,1,-1,1,-1,1,-1,3,-1,1,-1,1,-1,1,-1,1,-1,1,-1,3,-1,1,-1,1,-1,1,-1,1,-1,1,-1,3,-1,1,-1,1,-1,1,-1,1,-1,1,-1,-1,1,-1,3,-1,1,-1,1,-1,1,-1,1,-1,1,-1,1,-1,1,-1,1,-1,1,-1,1,3,3],[0,27,0,28,0,29,0,30,0,31,0,32,0,33,0,34,0,0,8,0,35,0,8,0,36,0,8,0,37,0,8,0,38,0,0,5,0,2,0,39,0,1,0,3,0,4,0,40,0,1,0,3,0,5,0,2,0,4,0,41,0,1,0,3,0,4,0,42,0,1,0,3,0,5,0,2,0,4,0,43,0,1,0,3,0,4,0,44,0,1,0,3,0,45,0,2,0,4,0,46,0,1,0,3,0,5,0,2,0,4,0,47,0,1,0,3,0,4,0,5,0,2,0,48,0,49,0,0,3,0,50,0,2,0,4,0,51,0,52,0,53,0,1,0,3,0,5,0,2,0,4,0,54,0,1,0,3,0,5,0,2,0,4,0,55,0,1,0,3,0,5,0,2,0,4,0,11,0,1,0,3,0,5,0,2,0,4,0,11,0,1,0,3,0,5,0,2,0,4,0,56,0,1,0,3,0,5,0,2,0,4,0,57,0,1,0,3,0,5,0,2,0,4,0,58,0,1,0,3,0,5,0,2,0,4,0,59,0,1,0,3,0,5,0,2,0,4,0,60,0,1,0,3,0,5,0,2,0,4,0,61,0,0,62,0,1,0,63,0,2,0,64,0,65,0,5,0,2,0,5,0,2,0,66,0,67,1,1]],[[{"name":"home_znbg","rect":[0,0,1680,720],"offset":[0,0],"originalSize":[1680,720],"capInsets":[0,0,0,0]}],[0],0,[0],[2],[68]]]]