[1,["ecpdLyjvZBwrvm+cedCcQy","4ffbBgVYBKn7aNLVi0ySru","3a62HoPJFCHJSt+iZfgs5N","c3U4WTJzFMEqqJGP7VbppE","1bp3JlRI5EvY9SG3sAf8P4","a7R2cqp4NJb5H0cKQiERd2","a9MOllB2VB475XFstE7JW0"],["node","_textureSetter","_spriteFrame","root","roofCar","poolCar","lawnCar","data"],["cc.SpriteFrame",["cc.Node",["_name","_groupIndex","_active","_components","_prefab","_trs","_parent","_contentSize","_children"],0,9,4,7,1,5,2],["cc.PrefabInfo",["fileId","root","asset"],2,1,1],["cc.Prefab",["_name"],2],["cc.BoxCollider",["node","_offset","_size"],3,1,5,5],["5a52ePJqmdPd7fMu7FAbLQM",["node","lawnCar","poolCar","roofCar"],3,1,1,1,1],["cc.Sprite",["node","_materials","_spriteFrame"],3,1,3,6]],[[2,0,1,2,2],[6,0,1,2,1],[1,0,2,1,6,3,4,7,5,4],[3,0,2],[1,0,1,8,3,4,5,3],[1,0,1,6,3,4,7,5,3],[4,0,1,2,1],[5,0,1,2,3,1],[2,1,2,1]],[[[{"name":"LawnCleaner","rect":[0,0,81,72],"offset":[0,0],"originalSize":[81,72],"capInsets":[0,0,0,0]}],[0],0,[0],[1],[1]],[[{"name":"icon_poolcleaner","rect":[1,0,46,63],"offset":[0.5,0.5],"originalSize":[47,64],"capInsets":[0,0,0,0]}],[0],0,[0],[1],[2]],[[{"name":"icon_roofcleaner","rect":[0,0,56,42],"offset":[0,0.5],"originalSize":[56,43],"capInsets":[0,0,0,0]}],[0],0,[0],[1],[3]],[[[3,"CleanerCar"],[4,"CleanerCar",4,[-7,-8,-9],[[6,-2,[0,0,-15],[5,50,50]],[7,-6,-5,-4,-3]],[8,-1,0],[-52,244,0,0,0,0,1,1,1,1]],[5,"LawnCleaner",4,1,[[1,-10,[0],1]],[0,"57KlRg/yVDYp/pxSw8RzBV",1,0],[5,81,72],[0,0,0,0,0,0,1,1,1,1.4]],[2,"icon_poolcleaner",false,4,1,[[1,-11,[2],3]],[0,"45tyJ62cRLsozMJOtSCKE7",1,0],[5,46,63],[14,7,0,0,0,0,1,1.4,1.4,1]],[2,"icon_roofcleaner",false,4,1,[[1,-12,[4],5]],[0,"d42Hg0+bhHRLa26PfDq2t7",1,0],[5,56,42],[11,-10,0,0,0,0,1,1.4,1.4,1]]],0,[0,3,1,0,0,1,0,4,4,0,5,3,0,6,2,0,0,1,0,-1,2,0,-2,3,0,-3,4,0,0,2,0,0,3,0,0,4,0,7,1,12],[0,0,0,0,0,0],[-1,2,-1,2,-1,2],[0,4,0,5,0,6]]]]