[1,["ecpdLyjvZBwrvm+cedCcQy","2aKJYU6u9G55yvfDap1e83","1bdda1f81","ebwHR7n1VCVZE1KVe3zsZw","77ao5MeUpNcKbbXEb/z1P4","bfhrjbUAdPTIozM00l3UkP","d34yQfg5FLQKGk/ldVLZp2","b39lXuqvFKBZFv+8sr9eaN","1a1OV6Ex9K3bwsux0oIOqM","21YQCh38JC0p3uHD5IvuB3","5aalEjxDdKdrNa7bJxf8La","2b7dbpFudEIKLJQ+wQLCHj","41h23UWCFA2LzhkavM30Uq"],["node","_spriteFrame","_textureSetter","root","videoIcon","videoTrial","unselectTag","mask","priceLabel","cardIcon","cardBoard","swIcon","voidBoard","data"],[["cc.Node",["_name","_active","_opacity","_prefab","_contentSize","_components","_parent","_anchorPoint","_trs","_children","_color"],0,4,5,9,1,5,7,2,5],["cc.Sprite",["_sizeMode","_isTrimmedMode","_type","node","_materials","_spriteFrame"],0,1,3,6],["cc.Node",["_name","_parent","_components","_prefab","_contentSize","_anchorPoint","_trs","_children","_color"],2,1,2,4,5,5,7,2,5],"cc.SpriteFrame",["cc.PrefabInfo",["fileId","root","asset"],2,1,1],["cc.Prefab",["_name"],2],["d4c9aa5gwhP3pERHLKMrPqN",["node","voidBoard","swIcon","cardBoard","cardBoardFrames","cardIcon","priceLabel","mask","unselectTag","videoTrial","videoIcon"],3,1,1,1,1,3,1,1,1,1,1,1],["cc.Button",["node","clickEvents"],3,1,9],["cc.ClickEvent",["_componentId","handler"],1],["cc.Label",["_string","_fontSize","_lineHeight","_N$horizontalAlign","_N$verticalAlign","_N$overflow","node","_materials"],-3,1,3]],[[4,0,1,2,2],[0,0,6,5,3,4,8,2],[1,3,4,5,1],[1,0,1,3,4,5,3],[5,0,2],[0,0,9,5,3,4,7,8,2],[0,0,6,9,5,3,4,7,2],[0,0,6,9,3,4,7,2],[0,0,1,6,5,3,4,8,3],[0,0,6,9,5,3,4,8,2],[0,0,2,6,5,3,10,4,7,3],[0,0,6,5,3,4,7,2],[0,0,6,5,3,4,7,8,2],[2,0,1,7,2,3,4,5,2],[2,0,1,2,3,4,5,6,2],[2,0,1,2,3,8,4,5,6,2],[6,0,1,2,3,4,5,6,7,8,9,10,1],[4,1,2,1],[7,0,1,1],[8,0,1,3],[1,2,0,1,3,4,5,4],[1,0,3,4,5,2],[1,0,1,3,4,3],[1,3,4,1],[1,0,3,4,2],[9,0,1,2,3,4,5,6,7,7]],[[[[4,"BagPlantCard"],[5,"BagPlantCard",[-12,-13,-14],[[16,-11,-10,-9,-8,[16,17,18,19,20],-7,-6,-5,-4,-3,-2]],[17,-1,0],[5,136,75],[0,0,0.5],[-285,-42.5,0,0,0,0,1,1,1,1]],[13,"card_slot_1",1,[-16,-17,-18,-19],[-15],[0,"2cmnw+rLZF96ZetNddn9Ww",1,0],[5,136,75],[0,0,0.5]],[6,"videoTrait",1,[-21,-22],[[18,-20,[[19,"d4c9aa5gwhP3pERHLKMrPqN","clickVideoUnlockBtn"]]]],[0,"a2zKXBBgRHkZ8Znvnm4T4a",1,0],[5,136,73],[0,0,0.5]],[7,"Card",2,[-23,-24],[0,"dcTLyc9MFCM413YTUCiPTp",1,0],[5,136,75],[0,0,0.5]],[8,"swIcon",false,4,[[2,-25,[1],2]],[0,"61dJN/tq1AVZs3uSqNAMp7",1,0],[5,41,22],[26.987,-18.717,0,0,0,0,1,1,1,1]],[9,"plant_price_bg",2,[-27],[[3,2,false,-26,[4],5]],[0,"97tIyV9g5FvYQRzdfWJwpT",1,0],[5,56,31],[101,-14.7,0,0,0,0,1,1,1,1]],[10,"mask",200,2,[[3,2,false,-28,[6],7]],[0,"80XE7bn4lNXrrs+41yOVvm",1,0],[4,4278190080],[5,136,75],[0,0,0.5]],[1,"card_selected",2,[[2,-29,[8],9]],[0,"bcpEg/kA1EZZ3buadoI8ng",1,0],[5,101,49],[65,0,0,0,0,0,1,1,1,1]],[11,"void_slot_7",1,[[20,1,0,false,-30,[11],12]],[0,"66NxbAwhJNpb5qeVp6wcOD",1,0],[5,136,75],[0,0,0.5]],[1,"ad_icon",3,[[21,0,-31,[14],15]],[0,"cfZlxw9bBFlIDjtqeCAi1C",1,0],[5,22.5,16.7],[71.068,-14.723,0,0,0,0,1,1,1,1]],[14,"Icon",4,[-32],[0,"92BUt2CCtNBLV6sDnFMBRI",1,0],[5,128,68],[0,0,0.5],[0,4,0,0,0,0,1,1,1,1]],[22,0,false,11,[0]],[15,"price",6,[-33],[0,"00RuwymqRJO5cea0aU4bvS",1,0],[4,4278190080],[5,51,42.84],[0,1,0.5],[28,-1,0,0,0,0,1,1,1,1]],[25,"250+",30,34,1,1,2,13,[3]],[23,2,[10]],[12,"icon",3,[[24,2,-34,[13]]],[0,"d9eoAdSzpLhb9kQbqcIDQW",1,0],[5,101,41],[0,0,0.5],[41.487,-17.97,0,0,0,0,1,1,1,1]]],0,[0,3,1,0,4,10,0,5,3,0,6,8,0,7,7,0,8,14,0,9,12,0,10,15,0,11,5,0,12,9,0,0,1,0,-1,2,0,-2,9,0,-3,3,0,-1,15,0,-1,4,0,-2,6,0,-3,7,0,-4,8,0,0,3,0,-1,16,0,-2,10,0,-1,11,0,-2,5,0,0,5,0,0,6,0,-1,13,0,0,7,0,0,8,0,0,9,0,0,10,0,-1,12,0,-1,14,0,0,16,0,13,1,34],[0,0,0,0,0,0,0,0,0,0,0,0,0,0,0,0,0,0,0,0,0,15],[-1,-1,1,-1,-1,1,-1,1,-1,1,-1,-1,1,-1,-1,1,-1,-2,-3,-4,-5,1],[0,0,3,0,0,4,0,5,0,6,0,0,7,0,0,8,9,1,10,11,12,1]],[[{"name":"void_slot","rect":[168,633,34,39],"offset":[0,0],"originalSize":[34,39],"rotated":1,"capInsets":[13,15,13,15]}],[3],0,[0],[2],[2]],[[{"name":"card_selected","rect":[662,703,101,49],"offset":[0,0],"originalSize":[101,49],"capInsets":[0,0,0,0]}],[3],0,[0],[2],[2]]]]