[1,["7a/QZLET9IDreTiBfRn2PD","2fRwe+UcxH+oQhK7K3QjoQ","1fyzyTZXFMrqjAPFW8iv60"],["root","spine","node","data","_N$skeletonData"],[["cc.PrefabInfo",["fileId","root","asset"],2,1,1],["cc.Prefab",["_name"],2],["cc.Node",["_name","_children","_components","_prefab"],2,2,9,4],["cc.Node",["_name","_parent","_components","_prefab","_contentSize"],2,1,2,4,5],["b2afbvP8rxKZpOCQLPbuZGR",["aniName","node","spine"],2,1,1],["sp.Skeleton",["defaultSkin","defaultAnimation","_preCacheMode","_animationName","node","_materials"],-1,1,3],["261d4+Q1HdGA5w3tjdBw83c",["node","spineAnimation"],3,1,1],["sp.SkeletonData",["_name","_atlasText","textureNames","_skeletonJson","textures"],-1,3]],[[1,0,2],[2,0,1,2,3,2],[3,0,1,2,3,4,2],[4,0,1,2,2],[0,1,2,1],[0,0,1,2,2],[5,0,1,2,3,4,5,5],[6,0,1,1],[7,0,1,2,3,4,5]],[[[[0,"ImpAshesEffect"],[1,"ImpAshesEffect",[-4],[[3,"death",-3,-2]],[4,-1,0]],[2,"20FX_Cinders",1,[-5,-6],[5,"bc3sBgnb5My7feU4w8+r7H",1,0],[5,55.42,96.33]],[6,"default","death",0,"death",2,[0]],[7,2,3]],0,[0,0,1,0,1,4,0,2,1,0,-1,2,0,-1,3,0,-2,4,0,3,1,6],[0,3],[-1,4],[0,1]],[[[8,"21FX_Cinders","\n21FX_Cinders.png\nsize: 512,128\nformat: RGBA8888\nfilter: Linear,Linear\nrepeat: none\nbody1\n  rotate: false\n  xy: 2, 30\n  size: 67, 94\n  orig: 68, 94\n  offset: 0, 0\n  index: -1\nbody2\n  rotate: false\n  xy: 71, 33\n  size: 63, 91\n  orig: 68, 92\n  offset: 5, 0\n  index: -1\nbody3\n  rotate: false\n  xy: 136, 54\n  size: 61, 70\n  orig: 62, 71\n  offset: 1, 1\n  index: -1\nbody4\n  rotate: true\n  xy: 146, 3\n  size: 49, 63\n  orig: 54, 64\n  offset: 1, 1\n  index: -1\nbody5\n  rotate: true\n  xy: 199, 64\n  size: 60, 54\n  orig: 62, 56\n  offset: 1, 1\n  index: -1\nbody6\n  rotate: true\n  xy: 255, 72\n  size: 52, 41\n  orig: 53, 43\n  offset: 0, 1\n  index: -1\nd1\n  rotate: true\n  xy: 266, 17\n  size: 53, 34\n  orig: 54, 34\n  offset: 0, 0\n  index: -1\nd2\n  rotate: false\n  xy: 90, 15\n  size: 54, 16\n  orig: 54, 16\n  offset: 0, 0\n  index: -1\neye1\n  rotate: false\n  xy: 46, 3\n  size: 42, 25\n  orig: 42, 30\n  offset: 0, 1\n  index: -1\neye2\n  rotate: false\n  xy: 2, 2\n  size: 42, 26\n  orig: 42, 26\n  offset: 0, 0\n  index: -1\nhead\n  rotate: false\n  xy: 211, 4\n  size: 53, 58\n  orig: 55, 59\n  offset: 0, 0\n  index: -1\nhui1\n  rotate: true\n  xy: 90, 7\n  size: 6, 51\n  orig: 6, 51\n  offset: 0, 0\n  index: -1\n",["21FX_Cinders.png"],{"skeleton":{"hash":"qrx30Z21yvC3/UMxblOG5jBcjd4","spine":"3.8.99","x":-35.08,"y":-0.62,"width":55.42,"height":96.33},"bones":[{"name":"root"},{"name":"21FX_Cinders","parent":"root","x":-0.52,"y":3.46,"scaleX":0.163,"scaleY":0.163},{"name":"d1","parent":"21FX_Cinders"},{"name":"d2","parent":"21FX_Cinders"},{"name":"head","parent":"21FX_Cinders","length":105.06,"rotation":90,"x":2.9,"y":362.08},{"name":"hui1","parent":"21FX_Cinders","x":15.01,"y":211.05},{"name":"body1","parent":"21FX_Cinders"},{"name":"d3","parent":"21FX_Cinders"},{"name":"d4","parent":"21FX_Cinders"},{"name":"d5","parent":"21FX_Cinders"},{"name":"d6","parent":"21FX_Cinders"}],"slots":[{"name":"body1","bone":"body1","attachment":"body1"},{"name":"hui1","bone":"hui1"},{"name":"d2","bone":"d2"},{"name":"d5","bone":"d5"},{"name":"d4","bone":"d4"},{"name":"d1","bone":"d1"},{"name":"d6","bone":"d6"},{"name":"d3","bone":"d3"},{"name":"head","bone":"head","attachment":"head"},{"name":"eye1","bone":"head"}],"skins":[{"name":"default","attachments":{"body1":{"body1":{"x":-42,"y":209,"width":340,"height":468},"body2":{"x":-42,"y":213,"width":340,"height":462},"body3":{"x":-27,"y":264.5,"width":310,"height":357},"body4":{"x":-2,"y":284,"width":272,"height":318},"body5":{"x":-27.5,"y":303,"width":309,"height":282},"body6":{"x":2,"y":336.5,"width":264,"height":215}},"d1":{"d1":{"y":75.5,"width":268,"height":171}},"d2":{"d2":{"x":-5.5,"width":271,"height":82}},"d3":{"d1":{"y":75.5,"width":268,"height":171}},"d4":{"d2":{"x":-5.5,"width":271,"height":82}},"d5":{"d2":{"x":-5.5,"width":271,"height":82}},"d6":{"d1":{"y":75.5,"width":268,"height":171}},"eye1":{"eye1":{"x":53.92,"y":100.9,"rotation":-90,"width":212,"height":148},"eye2":{"x":44.92,"y":100.9,"rotation":-90,"width":212,"height":130}},"head":{"head":{"x":56.92,"y":68.4,"rotation":-90,"width":277,"height":294}},"hui1":{"hui1":{"x":1.49,"y":-32.05,"width":31,"height":256}}}}],"animations":{"death":{"slots":{"body1":{"attachment":[{"time":0.8,"name":"body2"},{"time":0.8667,"name":"body3"},{"time":0.9333,"name":"body4"},{"time":1,"name":"body5"},{"time":1.0667,"name":"body6"},{"time":1.1333,"name":null}]},"d1":{"attachment":[{"time":0.8,"name":"d1"},{"time":2.5,"name":null}]},"d2":{"attachment":[{"time":0.8,"name":"d2"},{"time":2.5,"name":null}]},"d3":{"attachment":[{"time":0.9333,"name":"d1"},{"time":2.5,"name":null}]},"d4":{"attachment":[{"time":0.9333,"name":"d2"},{"time":2.5,"name":null}]},"d5":{"attachment":[{"time":0.8,"name":"d2"},{"time":2.5,"name":null}]},"d6":{"attachment":[{"time":0.8,"name":"d1"},{"time":2.5,"name":null}]},"eye1":{"attachment":[{"time":0.0667,"name":"eye1"},{"time":0.1333,"name":"eye2"},{"time":0.2,"name":"eye1"},{"time":0.2667,"name":null},{"time":0.3333,"name":"eye1"},{"time":0.4,"name":"eye2"},{"time":0.4667,"name":"eye1"},{"time":0.5333,"name":null}]},"head":{"attachment":[{"time":2.5,"name":null}]},"hui1":{"attachment":[{"time":0.8667,"name":"hui1"},{"time":1.4,"name":null}]}},"bones":{"head":{"rotate":[{"time":1.9333,"angle":-28.11}],"translate":[{"time":1.9333,"x":-22.23,"y":-325.54},{"time":2,"x":-23.27,"y":-332.81},{"time":2.0667,"x":-18.08,"y":-281.94},{"time":2.2,"x":-22.23,"y":-325.54}],"scale":[{"time":1.9333},{"time":2,"x":0.924,"y":1.032},{"time":2.0667,"x":1.039},{"time":2.2}]},"d2":{"translate":[{"time":0.8,"x":44.09,"y":-3.97},{"time":0.9333,"x":42.69,"y":-6.42}],"scale":[{"time":0.8,"x":0.455,"y":0.424},{"time":0.9333,"x":0.664,"y":0.582}]},"d1":{"translate":[{"time":0.8,"x":38.78,"y":-3.31},{"time":0.9333,"x":41.23,"y":-5.06}],"scale":[{"time":0.8,"x":0.31,"y":0.129},{"time":0.9333,"x":0.609,"y":0.292}]},"d3":{"translate":[{"time":0.9333,"x":40,"y":-4.18},{"time":1.0667,"x":15.68,"y":-2.96},{"time":1.2667,"x":-1.33,"y":-2.46}],"scale":[{"time":0.9333,"x":0.46,"y":0.21},{"time":1.0667,"x":0.652,"y":0.376},{"time":1.2667,"x":1.009,"y":0.602}],"shear":[{"time":0.9333},{"time":1.0667,"y":6.55},{"time":1.2667,"y":3.82}]},"d4":{"translate":[{"time":0.9333,"x":43.39,"y":-6.24},{"time":1.0667,"x":11.19,"y":-1.87},{"time":1.2667,"x":-5.82,"y":-1.37}],"scale":[{"time":0.9333,"x":0.663,"y":0.503},{"time":1.0667,"x":0.717,"y":0.582},{"time":1.2667,"x":1.066,"y":0.879}]},"d5":{"translate":[{"time":0.8,"x":-39.24,"y":12.4},{"time":0.9333,"x":-40.64,"y":9.95}],"scale":[{"time":0.8,"x":0.4,"y":0.359},{"time":0.9333,"x":0.609,"y":0.517}]},"d6":{"translate":[{"time":0.8,"x":-44.55,"y":13.06},{"time":0.9333,"x":-42.1,"y":11.31}],"scale":[{"time":0.8,"x":0.273,"y":0.116},{"time":0.9333,"x":0.572,"y":0.279}]},"hui1":{"translate":[{"time":0.8667,"x":23.96,"y":74.39},{"time":1.2,"x":-25.3},{"time":1.3333,"x":-21,"y":-100.13}],"scale":[{"time":0.8667,"x":2.97,"y":1.913},{"time":1.2},{"time":1.3333,"y":0.784}]}}}}},[0]]],0,0,[0],[-1],[2]]]]