[1,["70+GUkoKlJWYCyq8+VN1yF","e3Na6WdjJK9LpgWa8SaKIQ","03jJv3cKREZ40sIUK67qvQ"],["_parent","root","body","animation","headNode","node","data","_N$skeletonData"],[["cc.Node",["_name","_prefab","_children","_parent","_components"],2,4,2,1,9],["cc.Node",["_name","_groupIndex","_prefab","_children","_parent","_components","_trs"],1,4,12,1,2,7],["cc.PrefabInfo",["fileId","root","asset"],2,1,1],["sp.SkeletonData",["_name","_atlasText","textureNames","_skeletonJson","textures"],-1,3],["cc.Prefab",["_name"],2],["cc.Node",["_name","_parent","_children","_components","_prefab","_contentSize"],2,1,2,2,4,5],["cc.Node",["_name","_parent","_children","_prefab"],2,1,9,4],["d1e17eiULxA2714SgSPTN3g",["equipDeathAniName","attackAniName","deathAniName","moveAniName","idleAniName","node","headNode","headOffset","animation","body","shadowOffset"],-2,1,1,5,1,1,5],["sp.Skeleton",["defaultSkin","defaultAnimation","_preCacheMode","_animationName","node","_materials"],-1,1,3],["261d4+Q1HdGA5w3tjdBw83c",["activeFlash","node","spineAnimation"],2,1,1],["cc.BoxCollider",["node","_offset","_size"],3,1,5,5],["b1abdSI13NE76lu3aJ+NI5X",["node","body"],3,1,1]],[[2,0,1,2,2],[0,0,3,1,2],[0,0,3,2,1,2],[6,0,1,2,3,2],[1,0,3,2,2],[3,0,1,2,3,4,5],[4,0,2],[0,0,2,4,1,2],[0,0,2,1,2],[1,0,1,4,5,2,6,3],[5,0,1,2,3,4,5,2],[7,0,1,2,3,4,5,6,7,8,9,10,6],[2,1,2,1],[8,0,1,2,3,4,5,5],[9,0,1,2,2],[10,0,1,2,1],[11,0,1,1]],[[[[5,"Zombie_paper","\nZombie_paper.png\nsize: 512,128\nformat: RGBA8888\nfilter: Linear,Linear\nrepeat: none\nbaozhi1\n  rotate: true\n  xy: 77, 29\n  size: 97, 64\n  orig: 98, 64\n  offset: 0, 0\n  index: -1\nbaozhi2\n  rotate: true\n  xy: 2, 28\n  size: 98, 73\n  orig: 98, 73\n  offset: 0, 0\n  index: -1\nbaozhi3\n  rotate: false\n  xy: 143, 53\n  size: 73, 73\n  orig: 73, 73\n  offset: 0, 0\n  index: -1\nkua\n  rotate: true\n  xy: 225, 4\n  size: 47, 26\n  orig: 47, 26\n  offset: 0, 0\n  index: -1\nshenti\n  rotate: false\n  xy: 218, 63\n  size: 58, 63\n  orig: 58, 63\n  offset: 0, 0\n  index: -1\nshetou\n  rotate: false\n  xy: 143, 29\n  size: 13, 22\n  orig: 13, 22\n  offset: 0, 0\n  index: -1\ntou1\n  rotate: false\n  xy: 253, 9\n  size: 62, 52\n  orig: 62, 52\n  offset: 0, 0\n  index: -1\ntou2\n  rotate: true\n  xy: 278, 64\n  size: 62, 52\n  orig: 62, 52\n  offset: 0, 0\n  index: -1\ntou3\n  rotate: false\n  xy: 161, 2\n  size: 62, 49\n  orig: 62, 49\n  offset: 0, 0\n  index: -1\ntoufa\n  rotate: true\n  xy: 332, 79\n  size: 47, 21\n  orig: 47, 21\n  offset: 0, 0\n  index: -1\nwenhao\n  rotate: false\n  xy: 338, 18\n  size: 33, 44\n  orig: 33, 44\n  offset: 0, 0\n  index: -1\nxiaba\n  rotate: false\n  xy: 380, 66\n  size: 33, 23\n  orig: 33, 23\n  offset: 0, 0\n  index: -1\nyanjing\n  rotate: true\n  xy: 317, 12\n  size: 50, 19\n  orig: 50, 19\n  offset: 0, 0\n  index: -1\nyanzhu\n  rotate: false\n  xy: 239, 57\n  size: 3, 4\n  orig: 4, 4\n  offset: 1, 0\n  index: -1\nyoudabi\n  rotate: true\n  xy: 2, 2\n  size: 24, 29\n  orig: 24, 29\n  offset: 0, 0\n  index: -1\nyoudatui\n  rotate: true\n  xy: 332, 64\n  size: 13, 18\n  orig: 13, 18\n  offset: 0, 0\n  index: -1\nyoujiao\n  rotate: true\n  xy: 423, 95\n  size: 31, 19\n  orig: 31, 19\n  offset: 0, 0\n  index: -1\nyoukutou\n  rotate: true\n  xy: 139, 2\n  size: 25, 20\n  orig: 25, 20\n  offset: 0, 0\n  index: -1\nyoukutounei\n  rotate: false\n  xy: 352, 65\n  size: 22, 12\n  orig: 22, 12\n  offset: 0, 0\n  index: -1\nyoushou\n  rotate: true\n  xy: 360, 4\n  size: 12, 19\n  orig: 12, 20\n  offset: 0, 1\n  index: -1\nyoushou1\n  rotate: true\n  xy: 63, 2\n  size: 24, 26\n  orig: 24, 26\n  offset: 0, 0\n  index: -1\nyouxiaobi\n  rotate: true\n  xy: 397, 31\n  size: 33, 22\n  orig: 34, 23\n  offset: 0, 0\n  index: -1\nyouxiaotui\n  rotate: false\n  xy: 415, 68\n  size: 26, 23\n  orig: 26, 23\n  offset: 0, 0\n  index: -1\nyouxiuzi\n  rotate: false\n  xy: 421, 45\n  size: 11, 21\n  orig: 11, 21\n  offset: 0, 0\n  index: -1\nyouzhangxin\n  rotate: true\n  xy: 381, 3\n  size: 17, 16\n  orig: 17, 16\n  offset: 0, 0\n  index: -1\nzuodabi\n  rotate: false\n  xy: 391, 93\n  size: 30, 33\n  orig: 30, 33\n  offset: 0, 0\n  index: -1\nzuodatui\n  rotate: true\n  xy: 218, 53\n  size: 8, 19\n  orig: 10, 19\n  offset: 2, 0\n  index: -1\nzuojiao\n  rotate: true\n  xy: 373, 22\n  size: 41, 22\n  orig: 41, 22\n  offset: 0, 0\n  index: -1\nzuokutou\n  rotate: false\n  xy: 91, 2\n  size: 23, 25\n  orig: 23, 25\n  offset: 0, 0\n  index: -1\nzuokutounei\n  rotate: false\n  xy: 355, 79\n  size: 23, 10\n  orig: 23, 10\n  offset: 0, 0\n  index: -1\nzuoshou\n  rotate: true\n  xy: 116, 2\n  size: 25, 21\n  orig: 25, 22\n  offset: 0, 0\n  index: -1\nzuoshou1\n  rotate: false\n  xy: 399, 3\n  size: 29, 26\n  orig: 29, 26\n  offset: 0, 0\n  index: -1\nzuoxiaobi\n  rotate: false\n  xy: 355, 91\n  size: 34, 35\n  orig: 34, 35\n  offset: 0, 0\n  index: -1\nzuoxiaotui\n  rotate: true\n  xy: 33, 2\n  size: 24, 28\n  orig: 24, 28\n  offset: 0, 0\n  index: -1\nzuoxiuzi\n  rotate: true\n  xy: 338, 4\n  size: 12, 20\n  orig: 12, 20\n  offset: 0, 0\n  index: -1\n",["Zombie_paper.png"],{"skeleton":{"hash":"cH5ocs9I86E5sHrf/HudSrqrkms","spine":"3.8.99","x":-79.79,"y":-0.96,"width":124.65,"height":184.53,"images":"./images/","audio":"F:/私活/植物大战僵尸动作/第二关/第二大关"},"bones":[{"name":"root","scaleX":0.6,"scaleY":0.6},{"name":"kua","parent":"root","x":29.63,"y":90.07,"color":"ffeb3cff"},{"name":"zuokutou","parent":"kua","x":21.01,"y":10.99,"color":"00a6ffff"},{"name":"zuodatui","parent":"zuokutou","length":38.99,"rotation":-104.1,"x":-0.57,"y":-1.9,"color":"00a6ffff"},{"name":"zuoxiaotui","parent":"zuodatui","length":40.21,"rotation":47.34,"x":39.2,"y":-0.04,"color":"00a6ffff"},{"name":"shenti","parent":"kua","length":89.19,"rotation":118.35,"x":-2.38,"y":3.38},{"name":"zuodabi","parent":"shenti","length":49.5,"rotation":-161.78,"x":79.52,"y":-17.27,"color":"00a6ffff"},{"name":"zuoxiaobi","parent":"zuodabi","length":43.15,"rotation":-93.39,"x":48.09,"y":-1.78,"color":"00a6ffff"},{"name":"zuoshou","parent":"zuoxiaobi","length":29.21,"rotation":-31.14,"x":43.41,"y":-1.13,"color":"00a6ffff"},{"name":"youdabi","parent":"shenti","length":40.08,"rotation":119.74,"x":87.92,"y":12.49,"color":"33b721ff"},{"name":"youxiaobi","parent":"youdabi","length":29.22,"rotation":-49.18,"x":39.27,"y":-0.51,"color":"32b720ff"},{"name":"baozhi3","parent":"zuoshou","length":79.85,"rotation":-29.2,"x":29.29,"y":0.42,"scaleX":1.1,"color":"00a6ffff"},{"name":"youshou","parent":"baozhi3","rotation":30.98,"x":82.28,"y":0.09,"color":"32b720ff"},{"name":"youshou2","parent":"youshou","length":20,"rotation":-8.74,"x":-24.67,"y":4.26,"color":"ff3f00ff"},{"name":"tou1","parent":"shenti","length":69.75,"rotation":-2.29,"x":89.21,"y":0.05},{"name":"xiaba","parent":"tou1","x":16.47,"y":17.21},{"name":"shetou","parent":"xiaba","x":-0.39,"y":8.2},{"name":"shetou2","parent":"shetou","length":15.76,"rotation":154.35,"x":-0.83,"y":0.4},{"name":"shetou3","parent":"shetou2","length":12.22,"rotation":17.68,"x":15.87},{"name":"toufa","parent":"tou1","x":48.21,"y":-24.43},{"name":"toufa2","parent":"toufa","length":30.8,"rotation":41.58,"x":0.81,"y":-0.17},{"name":"toufa4","parent":"toufa2","length":22.62,"rotation":33.17,"x":30.92,"y":-0.82},{"name":"toufa3","parent":"toufa4","length":15.87,"rotation":36.77,"x":23.89,"y":0.17},{"name":"wenhao","parent":"tou1","rotation":-22.98,"x":106.83,"y":-2.37,"color":"ffc41dff"},{"name":"youkutou","parent":"kua","x":-21.63,"y":9.85,"color":"32b720ff"},{"name":"youdatui","parent":"youkutou","length":39.76,"rotation":-77.37,"x":0.42,"y":-3.39,"color":"32b720ff"},{"name":"youxiaotui","parent":"youdatui","length":41.91,"rotation":-60.93,"x":39.51,"y":-1.3,"color":"32b720ff"},{"name":"zuo","parent":"root","length":30,"rotation":-154.7,"x":62.81,"y":26.4,"color":"00a6ffff"},{"name":"you","parent":"root","length":30,"x":-16.44,"y":28.62,"color":"32b720ff"},{"name":"yanjing","parent":"tou1","rotation":99.92,"x":34.09,"y":28.41},{"name":"yanzhuR","parent":"tou1","x":49.6,"y":39.93},{"name":"yanzhuL","parent":"tou1","x":36.93,"y":-6.8},{"name":"baozhi5","parent":"baozhi3","x":35.7,"y":12,"color":"00a6ffff"},{"name":"youdabi2","parent":"shenti","length":40.08,"rotation":119.74,"x":87.92,"y":12.49,"color":"c21fffff"},{"name":"youxiaobi2","parent":"youdabi2","length":29.22,"rotation":-49.18,"x":39.27,"y":-0.51,"color":"df1dffff"},{"name":"youxiaobi4","parent":"youxiaobi2","length":35.31,"rotation":-3.29,"x":32.09,"y":-0.09,"color":"de1cffff"}],"slots":[{"name":"youkutounei","bone":"youkutou","attachment":"youkutounei"},{"name":"youxiuzi","bone":"youxiaobi","attachment":"youxiuzi"},{"name":"youxiuzi2","bone":"youxiaobi2","attachment":"youxiuzi"},{"name":"youxiaobi3","bone":"youxiaobi4","attachment":"youshou1"},{"name":"youzhangxin","bone":"youshou2","attachment":"youzhangxin"},{"name":"youshou1","bone":"youshou2","color":"ffffff00","attachment":"youshou1"},{"name":"youdabi","bone":"youdabi","attachment":"youdabi"},{"name":"youdabi2","bone":"youdabi2","attachment":"youdabi"},{"name":"youxiaobi","bone":"youxiaobi","attachment":"youxiaobi"},{"name":"youxiaobi2","bone":"youxiaobi2","attachment":"youxiaobi"},{"name":"youdatui","bone":"youdatui","attachment":"youdatui"},{"name":"youxiaotui","bone":"youxiaotui","attachment":"youxiaotui"},{"name":"youjiao","bone":"you","attachment":"youjiao"},{"name":"youkutou","bone":"youkutou","attachment":"youkutou"},{"name":"zuokutounei","bone":"zuokutou","attachment":"zuokutounei"},{"name":"zuodatui","bone":"zuodatui","attachment":"zuodatui"},{"name":"zuoxiaotui","bone":"zuoxiaotui","attachment":"zuoxiaotui"},{"name":"zuojiao","bone":"zuo","attachment":"zuojiao"},{"name":"zuokutou","bone":"zuokutou","attachment":"zuokutou"},{"name":"kua","bone":"kua","attachment":"kua"},{"name":"zuoshou1","bone":"zuoshou","attachment":"zuoshou1"},{"name":"shenti","bone":"shenti","attachment":"shenti"},{"name":"zuoxiuzi","bone":"zuoxiaobi","attachment":"zuoxiuzi"},{"name":"zuodabi","bone":"zuodabi","attachment":"zuodabi"},{"name":"xiaba","bone":"xiaba","attachment":"xiaba"},{"name":"tou1","bone":"tou1","attachment":"tou1"},{"name":"yanzhu","bone":"yanzhuR","attachment":"yanzhu"},{"name":"yanzhu2","bone":"yanzhuL","attachment":"yanzhu"},{"name":"shetou","bone":"shetou"},{"name":"yanjing","bone":"yanjing","attachment":"yanjing"},{"name":"toufa","bone":"toufa3","attachment":"toufa"},{"name":"wenhao","bone":"wenhao","color":"ffffff00","attachment":"wenhao"},{"name":"shetoua","bone":"shetou3","attachment":"shetou"},{"name":"baozhi3","bone":"baozhi5","attachment":"baozhi3"},{"name":"youshou","bone":"youshou","attachment":"youshou"},{"name":"zuoshou2","bone":"zuoshou","attachment":"zuoshou2"},{"name":"zuoxiaobi","bone":"zuoxiaobi","attachment":"zuoxiaobi"}],"ik":[{"name":"you","order":1,"target":"you","bendPositive":false,"bones":["youdatui","youxiaotui"]},{"name":"youshou","order":2,"target":"youshou2","bendPositive":false,"bones":["youdabi","youxiaobi"]},{"name":"zuo","target":"zuo","bones":["zuodatui","zuoxiaotui"]}],"skins":[{"name":"biaoqing1-1","attachments":{"baozhi3":{"baozhi3":{"x":-5.66,"y":-25.79,"rotation":-162.85,"width":122,"height":121}},"kua":{"kua":{"x":-4.86,"y":12.33,"width":78,"height":44}},"shenti":{"shenti":{"x":45.52,"y":-9.25,"rotation":-118.35,"width":96,"height":105}},"tou1":{"tou1":{"x":43.36,"y":2.25,"rotation":-116.06,"width":104,"height":87}},"toufa":{"toufa":{"type":"mesh","hull":21,"width":78,"height":35,"uvs":[0.39837,0,0.53173,0.02668,0.68216,0.05677,0.84933,0.25289,0.98729,0.41474,0.98865,0.66276,0.92079,0.80003,0.79672,0.80205,0.64867,0.66736,0.48167,0.51542,0.3019,0.5175,0.24129,0.74284,0.17948,0.97262,0.12695,0.97205,0.07146,0.86273,0.01239,0.74637,0.0109,0.57492,0.08047,0.38614,0.15128,0.19404,0.26264,0.09613,0.37196,0],"triangles":[6,7,3,7,8,3,6,4,5,6,3,4,8,9,2,8,2,3,2,9,1,9,10,0,10,20,0,17,18,10,18,19,10,10,19,20,9,0,1,12,13,11,13,14,11,17,11,14,14,15,16,14,16,17,11,17,10],"vertices":[1,21,3.29,-10.9,1,2,21,-6.76,-8.04,0.81793,20,29.66,-11.25,0.18207,2,21,-18.08,-4.8,0.21722,20,18.41,-14.74,0.78278,2,21,-29.6,4.39,0.00896,20,3.74,-13.35,0.99104,2,20,-8.37,-12.2,0.91964,19,2.65,-14.86,0.08036,2,20,-11.77,-4.22,0.59291,19,-5.19,-11.14,0.40709,2,20,-8.7,2.24,0.15745,19,-7.18,-4.27,0.84255,2,20,0.22,5.99,0.09378,19,-2.99,4.45,0.90622,2,20,12.69,6.02,0.99325,19,6.31,12.75,0.00675,2,21,0.29,8.03,0.00932,20,26.76,6.06,0.99068,3,22,-4.68,10.13,0.03446,21,14.07,5.48,0.9517,20,39.7,11.46,0.01384,2,22,4.33,11.96,0.57155,21,20.2,12.34,0.42845,2,22,13.52,13.82,0.88866,21,26.44,19.33,0.11134,2,22,16.27,10.78,0.92057,21,30.46,18.55,0.07943,2,22,16.36,5.01,0.97291,21,34,13.97,0.02709,2,22,16.46,-1.14,1,21,37.76,9.11,0,1,22,12.11,-5.28,1,2,22,3.57,-5.73,0.98257,21,30.18,-2.28,0.01743,2,22,-5.12,-6.18,0.20195,21,23.49,-7.85,0.79805,1,21,14.32,-9.58,1,1,21,5.31,-11.29,1],"edges":[0,40,8,10,10,12,12,14,18,20,24,26,30,32,20,22,22,24,14,16,16,18,4,6,6,8,0,2,2,4,36,38,38,40,32,34,34,36,26,28,28,30]}},"wenhao":{"wenhao":{"rotation":-93.08,"width":55,"height":74}},"xiaba":{"xiaba":{"x":-4.78,"y":1.09,"rotation":-116.06,"width":55,"height":38}},"yanjing":{"yanjing":{"x":-10.65,"y":7.33,"rotation":144.02,"width":83,"height":32}},"yanzhu":{"yanzhu":{"x":0.02,"y":0.49,"rotation":-116.06,"width":7,"height":7}},"yanzhu2":{"yanzhu":{"x":0.02,"y":0.49,"rotation":-116.06,"width":7,"height":7}},"youdabi":{"youdabi":{"x":20.2,"y":-1.25,"rotation":121.91,"width":40,"height":48}},"youdabi2":{"youdabi":{"x":20.2,"y":-1.25,"rotation":121.91,"width":40,"height":48}},"youdatui":{"youdatui":{"x":21.88,"y":-3.53,"rotation":77.37,"width":22,"height":30}},"youjiao":{"youjiao":{"x":12.7,"y":-2.22,"width":51,"height":32}},"youkutou":{"youkutou":{"x":0.76,"y":-14.52,"width":42,"height":34}},"youkutounei":{"youkutounei":{"x":2.26,"y":-25.52,"width":37,"height":20}},"youshou":{"youshou":{"x":-1.83,"y":0.05,"rotation":-162.69,"width":20,"height":33}},"youshou1":{"youshou1":{"x":22.74,"y":-8.39,"rotation":-177.43,"width":40,"height":44}},"youxiaobi":{"youxiaobi":{"x":13.6,"y":0.81,"rotation":177.42,"width":56,"height":38}},"youxiaobi2":{"youxiaobi":{"x":13.6,"y":0.81,"rotation":177.42,"width":56,"height":38}},"youxiaobi3":{"youshou1":{"x":16.57,"y":-5.53,"rotation":-171.32,"width":40,"height":44}},"youxiaotui":{"youxiaotui":{"x":17.56,"y":0.13,"rotation":138.31,"width":44,"height":39}},"youxiuzi":{"youxiuzi":{"x":37.14,"y":1.25,"rotation":177.42,"width":19,"height":35}},"youxiuzi2":{"youxiuzi":{"x":37.14,"y":1.25,"rotation":177.42,"width":19,"height":35}},"youzhangxin":{"youzhangxin":{"x":15.87,"y":-0.13,"rotation":-177.34,"width":29,"height":27}},"zuodabi":{"zuodabi":{"x":23.3,"y":3.15,"rotation":43.42,"width":50,"height":55}},"zuodatui":{"zuodatui":{"x":26.65,"y":-4.44,"rotation":104.1,"width":17,"height":32}},"zuojiao":{"zuojiao":{"x":24.21,"y":-0.38,"rotation":154.7,"width":68,"height":36}},"zuokutou":{"zuokutou":{"x":-2.37,"y":-15.16,"width":39,"height":41}},"zuokutounei":{"zuokutounei":{"x":-2.87,"y":-27.66,"width":38,"height":16}},"zuoshou1":{"zuoshou1":{"x":16.99,"y":-5.17,"rotation":167.95,"width":49,"height":43}},"zuoshou2":{"zuoshou2":{"name":"zuoshou","x":14.57,"y":1.38,"rotation":167.95,"width":41,"height":37}},"zuoxiaobi":{"zuoxiaobi":{"x":25.01,"y":3.1,"rotation":136.81,"width":57,"height":59}},"zuoxiaotui":{"zuoxiaotui":{"x":17.17,"y":-2.54,"rotation":56.76,"width":40,"height":46}},"zuoxiuzi":{"zuoxiuzi":{"x":48.56,"y":-3.23,"rotation":136.81,"width":20,"height":34}}}},{"name":"biaoqing1-2","attachments":{"baozhi3":{"baozhi3":{"name":"baozhi2","x":-25.53,"y":-31.92,"rotation":-162.85,"width":164,"height":121}},"kua":{"kua":{"x":-4.86,"y":12.33,"width":78,"height":44}},"shenti":{"shenti":{"x":45.52,"y":-9.25,"rotation":-118.35,"width":96,"height":105}},"tou1":{"tou1":{"x":43.36,"y":2.25,"rotation":-116.06,"width":104,"height":87}},"toufa":{"toufa":{"type":"linkedmesh","skin":"biaoqing1-1","parent":"toufa","width":78,"height":35}},"wenhao":{"wenhao":{"rotation":-93.08,"width":55,"height":74}},"xiaba":{"xiaba":{"x":-4.78,"y":1.09,"rotation":-116.06,"width":55,"height":38}},"yanjing":{"yanjing":{"x":-10.65,"y":7.33,"rotation":144.02,"width":83,"height":32}},"yanzhu":{"yanzhu":{"x":0.02,"y":0.49,"rotation":-116.06,"width":7,"height":7}},"yanzhu2":{"yanzhu":{"x":0.02,"y":0.49,"rotation":-116.06,"width":7,"height":7}},"youdabi":{"youdabi":{"x":20.2,"y":-1.25,"rotation":121.91,"width":40,"height":48}},"youdabi2":{"youdabi":{"x":20.2,"y":-1.25,"rotation":121.91,"width":40,"height":48}},"youdatui":{"youdatui":{"x":21.88,"y":-3.53,"rotation":77.37,"width":22,"height":30}},"youjiao":{"youjiao":{"x":12.7,"y":-2.22,"width":51,"height":32}},"youkutou":{"youkutou":{"x":0.76,"y":-14.52,"width":42,"height":34}},"youkutounei":{"youkutounei":{"x":2.26,"y":-25.52,"width":37,"height":20}},"youshou":{"youshou":{"x":-1.83,"y":0.05,"rotation":-162.69,"width":20,"height":33}},"youshou1":{"youshou1":{"x":22.74,"y":-8.39,"rotation":-177.43,"width":40,"height":44}},"youxiaobi":{"youxiaobi":{"x":13.6,"y":0.81,"rotation":177.42,"width":56,"height":38}},"youxiaobi2":{"youxiaobi":{"x":13.6,"y":0.81,"rotation":177.42,"width":56,"height":38}},"youxiaobi3":{"youshou1":{"x":16.57,"y":-5.53,"rotation":-171.32,"width":40,"height":44}},"youxiaotui":{"youxiaotui":{"x":17.56,"y":0.13,"rotation":138.31,"width":44,"height":39}},"youxiuzi":{"youxiuzi":{"x":37.14,"y":1.25,"rotation":177.42,"width":19,"height":35}},"youxiuzi2":{"youxiuzi":{"x":37.14,"y":1.25,"rotation":177.42,"width":19,"height":35}},"youzhangxin":{"youzhangxin":{"x":15.87,"y":-0.13,"rotation":-177.34,"width":29,"height":27}},"zuodabi":{"zuodabi":{"x":23.3,"y":3.15,"rotation":43.42,"width":50,"height":55}},"zuodatui":{"zuodatui":{"x":26.65,"y":-4.44,"rotation":104.1,"width":17,"height":32}},"zuojiao":{"zuojiao":{"x":24.21,"y":-0.38,"rotation":154.7,"width":68,"height":36}},"zuokutou":{"zuokutou":{"x":-2.37,"y":-15.16,"width":39,"height":41}},"zuokutounei":{"zuokutounei":{"x":-2.87,"y":-27.66,"width":38,"height":16}},"zuoshou1":{"zuoshou1":{"x":16.99,"y":-5.17,"rotation":167.95,"width":49,"height":43}},"zuoshou2":{"zuoshou2":{"name":"zuoshou","x":14.57,"y":1.38,"rotation":167.95,"width":41,"height":37}},"zuoxiaobi":{"zuoxiaobi":{"x":25.01,"y":3.1,"rotation":136.81,"width":57,"height":59}},"zuoxiaotui":{"zuoxiaotui":{"x":17.17,"y":-2.54,"rotation":56.76,"width":40,"height":46}},"zuoxiuzi":{"zuoxiuzi":{"x":48.56,"y":-3.23,"rotation":136.81,"width":20,"height":34}}}},{"name":"biaoqing1-3","attachments":{"baozhi3":{"baozhi3":{"name":"baozhi1","x":-28.96,"y":-26.42,"rotation":-162.85,"width":164,"height":107}},"kua":{"kua":{"x":-4.86,"y":12.33,"width":78,"height":44}},"shenti":{"shenti":{"x":45.52,"y":-9.25,"rotation":-118.35,"width":96,"height":105}},"tou1":{"tou1":{"x":43.36,"y":2.25,"rotation":-116.06,"width":104,"height":87}},"toufa":{"toufa":{"type":"linkedmesh","skin":"biaoqing1-1","parent":"toufa","width":78,"height":35}},"wenhao":{"wenhao":{"rotation":-93.08,"width":55,"height":74}},"xiaba":{"xiaba":{"x":-4.78,"y":1.09,"rotation":-116.06,"width":55,"height":38}},"yanjing":{"yanjing":{"x":-10.65,"y":7.33,"rotation":144.02,"width":83,"height":32}},"yanzhu":{"yanzhu":{"x":0.02,"y":0.49,"rotation":-116.06,"width":7,"height":7}},"yanzhu2":{"yanzhu":{"x":0.02,"y":0.49,"rotation":-116.06,"width":7,"height":7}},"youdabi":{"youdabi":{"x":20.2,"y":-1.25,"rotation":121.91,"width":40,"height":48}},"youdabi2":{"youdabi":{"x":20.2,"y":-1.25,"rotation":121.91,"width":40,"height":48}},"youdatui":{"youdatui":{"x":21.88,"y":-3.53,"rotation":77.37,"width":22,"height":30}},"youjiao":{"youjiao":{"x":12.7,"y":-2.22,"width":51,"height":32}},"youkutou":{"youkutou":{"x":0.76,"y":-14.52,"width":42,"height":34}},"youkutounei":{"youkutounei":{"x":2.26,"y":-25.52,"width":37,"height":20}},"youshou":{"youshou":{"x":-1.83,"y":0.05,"rotation":-162.69,"width":20,"height":33}},"youshou1":{"youshou1":{"x":22.74,"y":-8.39,"rotation":-177.43,"width":40,"height":44}},"youxiaobi":{"youxiaobi":{"x":13.6,"y":0.81,"rotation":177.42,"width":56,"height":38}},"youxiaobi2":{"youxiaobi":{"x":13.6,"y":0.81,"rotation":177.42,"width":56,"height":38}},"youxiaobi3":{"youshou1":{"x":16.57,"y":-5.53,"rotation":-171.32,"width":40,"height":44}},"youxiaotui":{"youxiaotui":{"x":17.56,"y":0.13,"rotation":138.31,"width":44,"height":39}},"youxiuzi":{"youxiuzi":{"x":37.14,"y":1.25,"rotation":177.42,"width":19,"height":35}},"youxiuzi2":{"youxiuzi":{"x":37.14,"y":1.25,"rotation":177.42,"width":19,"height":35}},"youzhangxin":{"youzhangxin":{"x":15.87,"y":-0.13,"rotation":-177.34,"width":29,"height":27}},"zuodabi":{"zuodabi":{"x":23.3,"y":3.15,"rotation":43.42,"width":50,"height":55}},"zuodatui":{"zuodatui":{"x":26.65,"y":-4.44,"rotation":104.1,"width":17,"height":32}},"zuojiao":{"zuojiao":{"x":24.21,"y":-0.38,"rotation":154.7,"width":68,"height":36}},"zuokutou":{"zuokutou":{"x":-2.37,"y":-15.16,"width":39,"height":41}},"zuokutounei":{"zuokutounei":{"x":-2.87,"y":-27.66,"width":38,"height":16}},"zuoshou1":{"zuoshou1":{"x":16.99,"y":-5.17,"rotation":167.95,"width":49,"height":43}},"zuoshou2":{"zuoshou2":{"name":"zuoshou","x":14.57,"y":1.38,"rotation":167.95,"width":41,"height":37}},"zuoxiaobi":{"zuoxiaobi":{"x":25.01,"y":3.1,"rotation":136.81,"width":57,"height":59}},"zuoxiaotui":{"zuoxiaotui":{"x":17.17,"y":-2.54,"rotation":56.76,"width":40,"height":46}},"zuoxiuzi":{"zuoxiuzi":{"x":48.56,"y":-3.23,"rotation":136.81,"width":20,"height":34}}}},{"name":"biaoqing1_0","attachments":{"kua":{"kua":{"x":-4.86,"y":12.33,"width":78,"height":44}},"shenti":{"shenti":{"x":45.52,"y":-9.25,"rotation":-118.35,"width":96,"height":105}},"tou1":{"tou1":{"name":"tou2","x":43.36,"y":2.25,"rotation":-116.06,"width":104,"height":87}},"toufa":{"toufa":{"type":"mesh","hull":21,"width":78,"height":35,"uvs":[0.39837,0,0.53173,0.02668,0.68216,0.05677,0.84933,0.25289,0.98729,0.41474,0.98865,0.66276,0.92079,0.80003,0.79672,0.80205,0.64867,0.66736,0.48167,0.51542,0.3019,0.5175,0.24129,0.74284,0.17948,0.97262,0.12695,0.97205,0.07146,0.86273,0.01239,0.74637,0.0109,0.57492,0.08047,0.38614,0.15128,0.19404,0.26264,0.09613,0.37196,0],"triangles":[6,7,3,2,9,1,8,2,3,8,9,2,6,3,4,6,4,5,7,8,3,9,0,1,10,19,20,18,19,10,17,18,10,10,20,0,9,10,0,11,17,10,14,16,17,14,15,16,17,11,14,13,14,11,12,13,11],"vertices":[1,21,3.29,-10.9,1,2,21,-6.76,-8.04,0.81793,20,29.66,-11.25,0.18207,2,21,-18.08,-4.8,0.21722,20,18.41,-14.74,0.78278,2,21,-29.6,4.39,0.00896,20,3.74,-13.35,0.99104,2,20,-8.37,-12.2,0.91964,19,2.65,-14.86,0.08036,2,20,-11.77,-4.22,0.59291,19,-5.19,-11.14,0.40709,2,20,-8.7,2.24,0.15745,19,-7.18,-4.27,0.84255,2,20,0.22,5.99,0.09378,19,-2.99,4.45,0.90622,2,20,12.69,6.02,0.99325,19,6.31,12.75,0.00675,2,21,0.29,8.03,0.00932,20,26.76,6.06,0.99068,3,22,-4.68,10.13,0.03446,21,14.07,5.48,0.9517,20,39.7,11.46,0.01384,2,22,4.33,11.96,0.57155,21,20.2,12.34,0.42845,2,22,13.52,13.82,0.88866,21,26.44,19.33,0.11134,2,22,16.27,10.78,0.92057,21,30.46,18.55,0.07943,2,22,16.36,5.01,0.97291,21,34,13.97,0.02709,2,22,16.46,-1.14,1,21,37.76,9.11,0,1,22,12.11,-5.28,1,2,22,3.57,-5.73,0.98257,21,30.18,-2.28,0.01743,2,22,-5.12,-6.18,0.20195,21,23.49,-7.85,0.79805,1,21,14.32,-9.58,1,1,21,5.31,-11.29,1],"edges":[0,40,8,10,10,12,12,14,18,20,24,26,30,32,20,22,22,24,14,16,16,18,4,6,6,8,0,2,2,4,36,38,38,40,32,34,34,36,26,28,28,30]}},"wenhao":{"wenhao":{"rotation":-93.08,"width":55,"height":74}},"xiaba":{"xiaba":{"x":-4.78,"y":1.09,"rotation":-116.06,"width":55,"height":38}},"yanjing":{"yanjing":{"x":-10.65,"y":7.33,"rotation":144.02,"width":83,"height":32}},"yanzhu":{"yanzhu":{"x":0.02,"y":0.49,"rotation":-116.06,"width":7,"height":7}},"yanzhu2":{"yanzhu":{"x":0.02,"y":0.49,"rotation":-116.06,"width":7,"height":7}},"youdabi2":{"youdabi":{"x":20.2,"y":-1.25,"rotation":121.91,"width":40,"height":48}},"youdatui":{"youdatui":{"x":21.88,"y":-3.53,"rotation":77.37,"width":22,"height":30}},"youjiao":{"youjiao":{"x":12.7,"y":-2.22,"width":51,"height":32}},"youkutou":{"youkutou":{"x":0.76,"y":-14.52,"width":42,"height":34}},"youkutounei":{"youkutounei":{"x":2.26,"y":-25.52,"width":37,"height":20}},"youshou1":{"youshou1":{"x":22.74,"y":-8.39,"rotation":-177.43,"width":40,"height":44}},"youxiaobi2":{"youxiaobi":{"x":13.6,"y":0.81,"rotation":177.42,"width":56,"height":38}},"youxiaobi3":{"youshou1":{"x":16.57,"y":-5.53,"rotation":-171.32,"width":40,"height":44}},"youxiaotui":{"youxiaotui":{"x":17.56,"y":0.13,"rotation":138.31,"width":44,"height":39}},"youxiuzi2":{"youxiuzi":{"x":37.14,"y":1.25,"rotation":177.42,"width":19,"height":35}},"zuodabi":{"zuodabi":{"x":23.3,"y":3.15,"rotation":43.42,"width":50,"height":55}},"zuodatui":{"zuodatui":{"x":26.65,"y":-4.44,"rotation":104.1,"width":17,"height":32}},"zuojiao":{"zuojiao":{"x":24.21,"y":-0.38,"rotation":154.7,"width":68,"height":36}},"zuokutou":{"zuokutou":{"x":-2.37,"y":-15.16,"width":39,"height":41}},"zuokutounei":{"zuokutounei":{"x":-2.87,"y":-27.66,"width":38,"height":16}},"zuoshou1":{"zuoshou1":{"x":16.99,"y":-5.17,"rotation":167.95,"width":49,"height":43}},"zuoxiaobi":{"zuoxiaobi":{"x":25.01,"y":3.1,"rotation":136.81,"width":57,"height":59}},"zuoxiaotui":{"zuoxiaotui":{"x":17.17,"y":-2.54,"rotation":56.76,"width":40,"height":46}},"zuoxiuzi":{"zuoxiuzi":{"x":48.56,"y":-3.23,"rotation":136.81,"width":20,"height":34}}}},{"name":"biaoqing2-1","attachments":{"baozhi3":{"baozhi3":{"x":-5.66,"y":-25.79,"rotation":-162.85,"width":122,"height":121}},"kua":{"kua":{"x":-4.86,"y":12.33,"width":78,"height":44}},"shenti":{"shenti":{"x":45.52,"y":-9.25,"rotation":-118.35,"width":96,"height":105}},"shetoua":{"shetou":{"type":"mesh","hull":13,"width":22,"height":36,"uvs":[0.77335,0.02693,0.77407,0.2208,0.95517,0.55554,0.95511,0.8347,0.8635,0.91739,0.73107,0.97267,0.31775,0.97292,0.12068,0.85269,0.04491,0.66824,0.04491,0.4106,0.09972,0.25053,0.18522,0.10436,0.4951,0.02713],"triangles":[6,7,5,4,5,3,3,5,7,7,8,2,3,7,2,2,8,9,2,9,1,10,1,9,10,11,1,11,12,1,12,0,1],"vertices":[2,16,-2.22,-5.64,0.57739,17,-1.36,6.05,0.42261,2,16,-8.49,-2.59,0.0689,17,5.62,6.01,0.9311,2,17,17.7,9.91,0.47831,18,4.75,8.89,0.52169,2,17,27.75,9.84,0.01139,18,14.3,5.77,0.98861,2,17,30.71,7.8,0.00015,18,16.5,2.93,0.99985,2,17,32.68,4.87,0,18,17.49,-0.46,1,1,18,14.68,-9.11,1,2,17,28.26,-8.53,0,18,9.21,-11.88,1,2,17,21.61,-10.14,0.00914,18,2.39,-11.41,0.99086,2,17,12.33,-10.08,0.45128,18,-6.43,-8.53,0.54872,2,17,6.58,-8.83,0.8251,18,-11.53,-5.59,0.1749,3,16,0.97,7.21,0.00933,17,1.33,-6.91,0.95717,18,-15.95,-2.17,0.0335,2,16,0.47,-0.14,0.85832,17,-1.4,-0.07,0.14168],"edges":[0,24,0,2,2,4,4,6,6,8,8,10,10,12,12,14,14,16,16,18,18,20,20,22,22,24]}},"tou1":{"tou1":{"name":"tou3","x":43.36,"y":2.25,"rotation":-116.06,"width":103,"height":81}},"toufa":{"toufa":{"type":"linkedmesh","skin":"biaoqing1-1","parent":"toufa","width":78,"height":35}},"wenhao":{"wenhao":{"rotation":-93.08,"width":55,"height":74}},"xiaba":{"xiaba":{"x":-4.78,"y":1.09,"rotation":-116.06,"width":55,"height":38}},"yanjing":{"yanjing":{"x":-10.65,"y":7.33,"rotation":144.02,"width":83,"height":32}},"yanzhu":{"yanzhu":{"x":0.02,"y":0.49,"rotation":-116.06,"width":7,"height":7}},"yanzhu2":{"yanzhu":{"x":0.02,"y":0.49,"rotation":-116.06,"width":7,"height":7}},"youdabi":{"youdabi":{"x":20.2,"y":-1.25,"rotation":121.91,"width":40,"height":48}},"youdabi2":{"youdabi":{"x":20.2,"y":-1.25,"rotation":121.91,"width":40,"height":48}},"youdatui":{"youdatui":{"x":21.88,"y":-3.53,"rotation":77.37,"width":22,"height":30}},"youjiao":{"youjiao":{"x":12.7,"y":-2.22,"width":51,"height":32}},"youkutou":{"youkutou":{"x":0.76,"y":-14.52,"width":42,"height":34}},"youkutounei":{"youkutounei":{"x":2.26,"y":-25.52,"width":37,"height":20}},"youshou":{"youshou":{"x":-1.83,"y":0.05,"rotation":-162.69,"width":20,"height":33}},"youshou1":{"youshou1":{"x":22.74,"y":-8.39,"rotation":-177.43,"width":40,"height":44}},"youxiaobi":{"youxiaobi":{"x":13.6,"y":0.81,"rotation":177.42,"width":56,"height":38}},"youxiaobi2":{"youxiaobi":{"x":13.6,"y":0.81,"rotation":177.42,"width":56,"height":38}},"youxiaobi3":{"youshou1":{"x":16.57,"y":-5.53,"rotation":-171.32,"width":40,"height":44}},"youxiaotui":{"youxiaotui":{"x":17.56,"y":0.13,"rotation":138.31,"width":44,"height":39}},"youxiuzi":{"youxiuzi":{"x":37.14,"y":1.25,"rotation":177.42,"width":19,"height":35}},"youxiuzi2":{"youxiuzi":{"x":37.14,"y":1.25,"rotation":177.42,"width":19,"height":35}},"youzhangxin":{"youzhangxin":{"x":15.87,"y":-0.13,"rotation":-177.34,"width":29,"height":27}},"zuodabi":{"zuodabi":{"x":23.3,"y":3.15,"rotation":43.42,"width":50,"height":55}},"zuodatui":{"zuodatui":{"x":26.65,"y":-4.44,"rotation":104.1,"width":17,"height":32}},"zuojiao":{"zuojiao":{"x":24.21,"y":-0.38,"rotation":154.7,"width":68,"height":36}},"zuokutou":{"zuokutou":{"x":-2.37,"y":-15.16,"width":39,"height":41}},"zuokutounei":{"zuokutounei":{"x":-2.87,"y":-27.66,"width":38,"height":16}},"zuoshou1":{"zuoshou1":{"x":16.99,"y":-5.17,"rotation":167.95,"width":49,"height":43}},"zuoshou2":{"zuoshou2":{"name":"zuoshou","x":14.57,"y":1.38,"rotation":167.95,"width":41,"height":37}},"zuoxiaobi":{"zuoxiaobi":{"x":25.01,"y":3.1,"rotation":136.81,"width":57,"height":59}},"zuoxiaotui":{"zuoxiaotui":{"x":17.17,"y":-2.54,"rotation":56.76,"width":40,"height":46}},"zuoxiuzi":{"zuoxiuzi":{"x":48.56,"y":-3.23,"rotation":136.81,"width":20,"height":34}}}},{"name":"biaoqing2-2","attachments":{"baozhi3":{"baozhi3":{"name":"baozhi2","x":-25.53,"y":-31.92,"rotation":-162.85,"width":164,"height":121}},"kua":{"kua":{"x":-4.86,"y":12.33,"width":78,"height":44}},"shenti":{"shenti":{"x":45.52,"y":-9.25,"rotation":-118.35,"width":96,"height":105}},"shetoua":{"shetou":{"type":"mesh","hull":14,"width":22,"height":36,"uvs":[0.78005,0.23369,0.95549,0.55626,0.95527,0.83371,0.86524,0.91699,0.72723,0.97258,0.36273,0.97263,0.27178,0.94485,0.12089,0.85208,0.04436,0.67007,0.04486,0.41692,0.08587,0.28523,0.18378,0.10485,0.4998,0.02714,0.77334,0.02726],"triangles":[4,5,2,3,4,2,6,2,5,2,6,7,7,8,1,1,8,9,2,7,1,9,0,1,10,0,9,10,11,0,0,12,13,0,11,12],"vertices":[3,16,-8.97,-2.49,0.04017,17,6.09,6.14,0.95983,18,-7.46,8.82,0,2,17,17.73,9.91,0.54142,18,4.78,8.88,0.45858,2,17,27.72,9.83,0.01864,18,14.27,5.77,0.98136,2,17,30.7,7.83,0.00096,18,16.51,2.96,0.99904,1,18,17.47,-0.55,1,1,18,14.98,-8.17,1,1,18,13.4,-9.76,1,1,18,9.2,-11.88,1,1,18,2.45,-11.45,1,2,17,12.57,-10.09,0.23071,18,-6.21,-8.61,0.76929,2,17,7.83,-9.15,0.63308,18,-10.44,-6.28,0.36692,2,17,1.35,-6.95,0.94381,18,-15.94,-2.21,0.05619,1,16,0.42,-0.22,1,3,16,-2.23,-5.62,0.32714,17,-1.35,6.04,0.67285,18,-14.57,10.98,0],"edges":[0,26,0,2,2,4,4,6,6,8,8,10,10,12,12,14,14,16,16,18,18,20,20,22,22,24,24,26]}},"tou1":{"tou1":{"name":"tou3","x":43.36,"y":2.25,"rotation":-116.06,"width":103,"height":81}},"toufa":{"toufa":{"type":"linkedmesh","skin":"biaoqing1-1","parent":"toufa","width":78,"height":35}},"wenhao":{"wenhao":{"rotation":-93.08,"width":55,"height":74}},"xiaba":{"xiaba":{"x":-4.78,"y":1.09,"rotation":-116.06,"width":55,"height":38}},"yanjing":{"yanjing":{"x":-10.65,"y":7.33,"rotation":144.02,"width":83,"height":32}},"yanzhu":{"yanzhu":{"x":0.02,"y":0.49,"rotation":-116.06,"width":7,"height":7}},"yanzhu2":{"yanzhu":{"x":0.02,"y":0.49,"rotation":-116.06,"width":7,"height":7}},"youdabi":{"youdabi":{"x":20.2,"y":-1.25,"rotation":121.91,"width":40,"height":48}},"youdabi2":{"youdabi":{"x":20.2,"y":-1.25,"rotation":121.91,"width":40,"height":48}},"youdatui":{"youdatui":{"x":21.88,"y":-3.53,"rotation":77.37,"width":22,"height":30}},"youjiao":{"youjiao":{"x":12.7,"y":-2.22,"width":51,"height":32}},"youkutou":{"youkutou":{"x":0.76,"y":-14.52,"width":42,"height":34}},"youkutounei":{"youkutounei":{"x":2.26,"y":-25.52,"width":37,"height":20}},"youshou":{"youshou":{"x":-1.83,"y":0.05,"rotation":-162.69,"width":20,"height":33}},"youshou1":{"youshou1":{"x":22.74,"y":-8.39,"rotation":-177.43,"width":40,"height":44}},"youxiaobi":{"youxiaobi":{"x":13.6,"y":0.81,"rotation":177.42,"width":56,"height":38}},"youxiaobi2":{"youxiaobi":{"x":13.6,"y":0.81,"rotation":177.42,"width":56,"height":38}},"youxiaobi3":{"youshou1":{"x":16.57,"y":-5.53,"rotation":-171.32,"width":40,"height":44}},"youxiaotui":{"youxiaotui":{"x":17.56,"y":0.13,"rotation":138.31,"width":44,"height":39}},"youxiuzi":{"youxiuzi":{"x":37.14,"y":1.25,"rotation":177.42,"width":19,"height":35}},"youxiuzi2":{"youxiuzi":{"x":37.14,"y":1.25,"rotation":177.42,"width":19,"height":35}},"youzhangxin":{"youzhangxin":{"x":15.87,"y":-0.13,"rotation":-177.34,"width":29,"height":27}},"zuodabi":{"zuodabi":{"x":23.3,"y":3.15,"rotation":43.42,"width":50,"height":55}},"zuodatui":{"zuodatui":{"x":26.65,"y":-4.44,"rotation":104.1,"width":17,"height":32}},"zuojiao":{"zuojiao":{"x":24.21,"y":-0.38,"rotation":154.7,"width":68,"height":36}},"zuokutou":{"zuokutou":{"x":-2.37,"y":-15.16,"width":39,"height":41}},"zuokutounei":{"zuokutounei":{"x":-2.87,"y":-27.66,"width":38,"height":16}},"zuoshou1":{"zuoshou1":{"x":16.99,"y":-5.17,"rotation":167.95,"width":49,"height":43}},"zuoshou2":{"zuoshou2":{"name":"zuoshou","x":14.57,"y":1.38,"rotation":167.95,"width":41,"height":37}},"zuoxiaobi":{"zuoxiaobi":{"x":25.01,"y":3.1,"rotation":136.81,"width":57,"height":59}},"zuoxiaotui":{"zuoxiaotui":{"x":17.17,"y":-2.54,"rotation":56.76,"width":40,"height":46}},"zuoxiuzi":{"zuoxiuzi":{"x":48.56,"y":-3.23,"rotation":136.81,"width":20,"height":34}}}},{"name":"biaoqing2-3","attachments":{"baozhi3":{"baozhi3":{"name":"baozhi1","x":-28.96,"y":-26.42,"rotation":-162.85,"width":164,"height":107}},"kua":{"kua":{"x":-4.86,"y":12.33,"width":78,"height":44}},"shenti":{"shenti":{"x":45.52,"y":-9.25,"rotation":-118.35,"width":96,"height":105}},"shetoua":{"shetou":{"type":"mesh","hull":14,"width":22,"height":36,"uvs":[0.5004,0.02647,0.77336,0.02729,0.77437,0.22254,0.95513,0.55387,0.95558,0.83292,0.85984,0.92072,0.72759,0.97268,0.3595,0.97264,0.27368,0.9458,0.12187,0.85284,0.04493,0.67051,0.04471,0.41452,0.09002,0.27715,0.18432,0.1049],"triangles":[5,6,4,4,6,7,4,7,8,4,8,9,9,10,3,9,3,4,3,10,11,2,11,12,3,11,2,12,13,2,2,0,1,2,13,0],"vertices":[1,16,0.44,-0.24,1,2,16,-2.23,-5.62,0.16455,17,-1.34,6.04,0.83545,2,16,-8.55,-2.55,0.00578,17,5.69,6.01,0.99422,2,17,17.64,9.9,0.44288,18,4.69,8.89,0.55712,2,17,27.69,9.84,0.01165,18,14.25,5.78,0.98835,2,17,30.83,7.71,0.00029,18,16.6,2.8,0.99971,1,18,17.47,-0.55,1,1,18,14.96,-8.24,1,1,18,13.45,-9.74,1,1,18,9.23,-11.87,1,1,18,2.47,-11.44,1,2,17,12.48,-10.09,0.30134,18,-6.29,-8.59,0.69866,2,17,7.54,-9.06,0.69826,18,-10.69,-6.1,0.30174,3,16,0.95,7.25,0.00176,17,1.36,-6.94,0.95133,18,-15.94,-2.21,0.04691],"edges":[0,26,0,2,2,4,4,6,6,8,8,10,10,12,12,14,14,16,16,18,18,20,20,22,22,24,24,26]}},"tou1":{"tou1":{"name":"tou3","x":43.36,"y":2.25,"rotation":-116.06,"width":103,"height":81}},"toufa":{"toufa":{"type":"linkedmesh","skin":"biaoqing1-1","parent":"toufa","width":78,"height":35}},"wenhao":{"wenhao":{"rotation":-93.08,"width":55,"height":74}},"xiaba":{"xiaba":{"x":-4.78,"y":1.09,"rotation":-116.06,"width":55,"height":38}},"yanjing":{"yanjing":{"x":-10.65,"y":7.33,"rotation":144.02,"width":83,"height":32}},"yanzhu":{"yanzhu":{"x":0.02,"y":0.49,"rotation":-116.06,"width":7,"height":7}},"yanzhu2":{"yanzhu":{"x":0.02,"y":0.49,"rotation":-116.06,"width":7,"height":7}},"youdabi":{"youdabi":{"x":20.2,"y":-1.25,"rotation":121.91,"width":40,"height":48}},"youdabi2":{"youdabi":{"x":20.2,"y":-1.25,"rotation":121.91,"width":40,"height":48}},"youdatui":{"youdatui":{"x":21.88,"y":-3.53,"rotation":77.37,"width":22,"height":30}},"youjiao":{"youjiao":{"x":12.7,"y":-2.22,"width":51,"height":32}},"youkutou":{"youkutou":{"x":0.76,"y":-14.52,"width":42,"height":34}},"youkutounei":{"youkutounei":{"x":2.26,"y":-25.52,"width":37,"height":20}},"youshou":{"youshou":{"x":-1.83,"y":0.05,"rotation":-162.69,"width":20,"height":33}},"youshou1":{"youshou1":{"x":22.74,"y":-8.39,"rotation":-177.43,"width":40,"height":44}},"youxiaobi":{"youxiaobi":{"x":13.6,"y":0.81,"rotation":177.42,"width":56,"height":38}},"youxiaobi2":{"youxiaobi":{"x":13.6,"y":0.81,"rotation":177.42,"width":56,"height":38}},"youxiaobi3":{"youshou1":{"x":16.57,"y":-5.53,"rotation":-171.32,"width":40,"height":44}},"youxiaotui":{"youxiaotui":{"x":17.56,"y":0.13,"rotation":138.31,"width":44,"height":39}},"youxiuzi":{"youxiuzi":{"x":37.14,"y":1.25,"rotation":177.42,"width":19,"height":35}},"youxiuzi2":{"youxiuzi":{"x":37.14,"y":1.25,"rotation":177.42,"width":19,"height":35}},"youzhangxin":{"youzhangxin":{"x":15.87,"y":-0.13,"rotation":-177.34,"width":29,"height":27}},"zuodabi":{"zuodabi":{"x":23.3,"y":3.15,"rotation":43.42,"width":50,"height":55}},"zuodatui":{"zuodatui":{"x":26.65,"y":-4.44,"rotation":104.1,"width":17,"height":32}},"zuojiao":{"zuojiao":{"x":24.21,"y":-0.38,"rotation":154.7,"width":68,"height":36}},"zuokutou":{"zuokutou":{"x":-2.37,"y":-15.16,"width":39,"height":41}},"zuokutounei":{"zuokutounei":{"x":-2.87,"y":-27.66,"width":38,"height":16}},"zuoshou1":{"zuoshou1":{"x":16.99,"y":-5.17,"rotation":167.95,"width":49,"height":43}},"zuoshou2":{"zuoshou2":{"name":"zuoshou","x":14.57,"y":1.38,"rotation":167.95,"width":41,"height":37}},"zuoxiaobi":{"zuoxiaobi":{"x":25.01,"y":3.1,"rotation":136.81,"width":57,"height":59}},"zuoxiaotui":{"zuoxiaotui":{"x":17.17,"y":-2.54,"rotation":56.76,"width":40,"height":46}},"zuoxiuzi":{"zuoxiuzi":{"x":48.56,"y":-3.23,"rotation":136.81,"width":20,"height":34}}}},{"name":"biaoqing2_0","attachments":{"kua":{"kua":{"x":-4.86,"y":12.33,"width":78,"height":44}},"shenti":{"shenti":{"x":45.52,"y":-9.25,"rotation":-118.35,"width":96,"height":105}},"shetoua":{"shetou":{"type":"mesh","hull":14,"width":22,"height":36,"uvs":[0.4993,0.0275,0.77371,0.02714,0.7741,0.22351,0.95552,0.55634,0.95546,0.83609,0.86845,0.9152,0.72824,0.97274,0.36326,0.97274,0.27354,0.94562,0.11957,0.85163,0.04493,0.66806,0.04436,0.41742,0.0897,0.27825,0.18444,0.10432],"triangles":[6,7,4,5,6,4,8,4,7,3,4,8,9,10,3,3,8,9,3,10,11,3,11,2,12,2,11,12,13,2,13,0,2,0,1,2],"vertices":[1,16,0.42,-0.2,1,2,16,-2.22,-5.63,0.31771,17,-1.35,6.04,0.68229,3,16,-8.58,-2.53,0.02709,17,5.72,6,0.97279,18,-7.85,8.8,0.00012,2,17,17.73,9.91,0.3221,18,4.78,8.88,0.6779,2,17,27.8,9.83,0.00347,18,14.35,5.75,0.99653,1,18,16.46,3.04,1,1,18,17.47,-0.53,1,1,18,14.98,-8.17,1,1,18,13.44,-9.74,1,1,18,9.17,-11.91,1,2,17,21.6,-10.16,0.00811,18,2.38,-11.42,0.99189,2,17,12.58,-10.1,0.45443,18,-6.2,-8.63,0.54557,2,17,7.58,-9.07,0.80307,18,-10.66,-6.12,0.19693,2,17,1.33,-6.94,0.97941,18,-15.96,-2.2,0.02059],"edges":[0,26,0,2,2,4,4,6,6,8,8,10,10,12,12,14,14,16,16,18,18,20,20,22,22,24,24,26]}},"tou1":{"tou1":{"name":"tou2","x":43.36,"y":2.25,"rotation":-116.06,"width":104,"height":87}},"toufa":{"toufa":{"type":"linkedmesh","skin":"biaoqing1_0","parent":"toufa","width":78,"height":35}},"wenhao":{"wenhao":{"rotation":-93.08,"width":55,"height":74}},"xiaba":{"xiaba":{"x":-4.78,"y":1.09,"rotation":-116.06,"width":55,"height":38}},"yanjing":{"yanjing":{"x":-10.65,"y":7.33,"rotation":144.02,"width":83,"height":32}},"yanzhu":{"yanzhu":{"x":0.02,"y":0.49,"rotation":-116.06,"width":7,"height":7}},"yanzhu2":{"yanzhu":{"x":0.02,"y":0.49,"rotation":-116.06,"width":7,"height":7}},"youdabi2":{"youdabi":{"x":20.2,"y":-1.25,"rotation":121.91,"width":40,"height":48}},"youdatui":{"youdatui":{"x":21.88,"y":-3.53,"rotation":77.37,"width":22,"height":30}},"youjiao":{"youjiao":{"x":12.7,"y":-2.22,"width":51,"height":32}},"youkutou":{"youkutou":{"x":0.76,"y":-14.52,"width":42,"height":34}},"youkutounei":{"youkutounei":{"x":2.26,"y":-25.52,"width":37,"height":20}},"youshou1":{"youshou1":{"x":22.74,"y":-8.39,"rotation":-177.43,"width":40,"height":44}},"youxiaobi2":{"youxiaobi":{"x":13.6,"y":0.81,"rotation":177.42,"width":56,"height":38}},"youxiaobi3":{"youshou1":{"x":16.57,"y":-5.53,"rotation":-171.32,"width":40,"height":44}},"youxiaotui":{"youxiaotui":{"x":17.56,"y":0.13,"rotation":138.31,"width":44,"height":39}},"youxiuzi2":{"youxiuzi":{"x":37.14,"y":1.25,"rotation":177.42,"width":19,"height":35}},"zuodabi":{"zuodabi":{"x":23.3,"y":3.15,"rotation":43.42,"width":50,"height":55}},"zuodatui":{"zuodatui":{"x":26.65,"y":-4.44,"rotation":104.1,"width":17,"height":32}},"zuojiao":{"zuojiao":{"x":24.21,"y":-0.38,"rotation":154.7,"width":68,"height":36}},"zuokutou":{"zuokutou":{"x":-2.37,"y":-15.16,"width":39,"height":41}},"zuokutounei":{"zuokutounei":{"x":-2.87,"y":-27.66,"width":38,"height":16}},"zuoshou1":{"zuoshou1":{"x":16.99,"y":-5.17,"rotation":167.95,"width":49,"height":43}},"zuoxiaobi":{"zuoxiaobi":{"x":25.01,"y":3.1,"rotation":136.81,"width":57,"height":59}},"zuoxiaotui":{"zuoxiaotui":{"x":17.17,"y":-2.54,"rotation":56.76,"width":40,"height":46}},"zuoxiuzi":{"zuoxiuzi":{"x":48.56,"y":-3.23,"rotation":136.81,"width":20,"height":34}}}},{"name":"hongyan","attachments":{"tou1":{"tou1":{"name":"tou2","x":43.36,"y":2.25,"rotation":-116.06,"width":104,"height":87}},"toufa":{"toufa":{"type":"linkedmesh","skin":"biaoqing1_0","parent":"toufa","width":78,"height":35}},"wenhao":{"wenhao":{"x":0.5,"rotation":-93.08,"width":55,"height":74}},"xiaba":{"xiaba":{"x":-4.78,"y":1.09,"rotation":-116.06,"width":55,"height":38}},"yanjing":{"yanjing":{"x":-10.65,"y":7.33,"rotation":144.02,"width":83,"height":32}},"yanzhu":{"yanzhu":{"x":0.02,"y":0.49,"rotation":-116.06,"width":7,"height":7}},"yanzhu2":{"yanzhu":{"x":0.02,"y":0.49,"rotation":-116.06,"width":7,"height":7}}}}],"animations":{"attack":{"bones":{"zuoxiaotui":{"rotate":[{"angle":-4.31}]},"zuodatui":{"rotate":[{"angle":2.27}]},"youxiaotui":{"rotate":[{"angle":4.21}]},"youdatui":{"rotate":[{"angle":-2.56}]},"zuoxiaobi":{"rotate":[{},{"time":0.2667,"angle":-42.57,"curve":0.313,"c3":0.648,"c4":0.35},{"time":0.3,"angle":-18.54,"curve":0.305,"c2":0.18,"c3":0.642,"c4":0.53},{"time":0.3667,"angle":40.91,"curve":0.32,"c2":0.29,"c3":0.757},{"time":0.8}]},"zuodabi":{"rotate":[{},{"time":0.2667,"angle":45.32,"curve":0.284,"c3":0.625,"c4":0.38},{"time":0.3667,"angle":2.15,"curve":0.307,"c2":0.25,"c3":0.651,"c4":0.62},{"time":0.4333,"angle":12.6,"curve":0.372,"c2":0.48,"c3":0.752},{"time":0.8}]},"youdabi":{"translate":[{"time":0.3333},{"time":0.5,"x":-12.81,"y":3.74},{"time":0.8}]},"yanjing":{"rotate":[{},{"time":0.2667,"angle":-3.29},{"time":0.3333,"angle":8.92},{"time":0.4,"angle":6.7},{"time":0.5333}],"translate":[{},{"time":0.2667,"x":-2.83,"y":0.77,"curve":0.299,"c3":0.636,"c4":0.36},{"time":0.3333,"x":-0.27,"y":-0.92,"curve":0.298,"c2":0.2,"c3":0.756},{"time":0.8}]},"shetou3":{"rotate":[{},{"time":0.2667,"angle":14.33},{"time":0.4,"angle":-23.65},{"time":0.5333,"angle":14.33},{"time":0.6667,"angle":-20.42},{"time":0.8}]},"shetou2":{"rotate":[{},{"time":0.2667,"angle":14.33},{"time":0.4,"angle":-23.65},{"time":0.5333,"angle":14.33},{"time":0.6667,"angle":-20.42},{"time":0.8}]},"xiaba":{"translate":[{"x":-0.65,"y":2.52,"curve":0.317,"c3":0.651,"c4":0.35},{"time":0.2667,"x":-7.25,"y":4.33,"curve":0.301,"c2":0.16,"c3":0.638,"c4":0.51},{"time":0.5,"x":4.13,"y":-0.59,"curve":"stepped"},{"time":0.6333,"x":4.13,"y":-0.59,"curve":0.314,"c2":0.27,"c3":0.652,"c4":0.62},{"time":0.8,"x":-0.65,"y":2.52}]},"toufa2":{"rotate":[{"time":0.2667},{"time":0.3333,"angle":-33.67},{"time":0.4333,"angle":11.11},{"time":0.5667}]},"tou1":{"scale":[{"time":0.2667},{"time":0.3667,"x":1.1},{"time":0.5}]},"shenti":{"rotate":[{"angle":2.89,"curve":0.309,"c3":0.644,"c4":0.35},{"time":0.2667,"angle":-14.52,"curve":0.283,"c2":0.14,"c3":0.754},{"time":0.3667,"angle":14.25,"curve":0.309,"c3":0.644,"c4":0.35},{"time":0.8,"angle":2.89}]},"kua":{"translate":[{},{"time":0.2667,"y":5.22,"curve":0.284,"c3":0.625,"c4":0.38},{"time":0.3667,"y":-13.77,"curve":0.307,"c2":0.25,"c3":0.651,"c4":0.62},{"time":0.5,"x":-4.37,"y":0.76,"curve":0.372,"c2":0.48,"c3":0.752},{"time":0.8}]},"baozhi3":{"rotate":[{"time":0.2667},{"time":0.3667,"angle":-25.74,"curve":0.25,"c3":0.75},{"time":0.8}]},"youxiaobi2":{"rotate":[{"angle":-13.67,"curve":0.25,"c3":0.625,"c4":0.5},{"time":0.2667,"angle":-49.82},{"time":0.3667,"angle":39.57},{"time":0.4333,"angle":46.75},{"time":0.8,"angle":-13.67}]},"youdabi2":{"rotate":[{"angle":10.81},{"time":0.2667,"angle":19},{"time":0.3667,"angle":44.11},{"time":0.4333,"angle":23.92},{"time":0.8,"angle":10.81}],"translate":[{"time":0.2667},{"time":0.3667,"x":-2.56,"y":1.15},{"time":0.4333,"x":-7.68,"y":2.15},{"time":0.8}]},"youxiaobi4":{"rotate":[{},{"time":0.2667,"angle":-26.28},{"time":0.8}]}},"drawOrder":[{"offsets":[{"slot":"youkutounei","offset":4},{"slot":"youxiuzi","offset":4},{"slot":"youdabi","offset":3},{"slot":"youdabi2","offset":-5},{"slot":"youxiaobi2","offset":-6},{"slot":"zuoshou1","offset":10}]},{"time":0.8,"offsets":[{"slot":"youkutounei","offset":4},{"slot":"youxiuzi","offset":4},{"slot":"youdabi2","offset":-5},{"slot":"youxiaobi2","offset":-6}]}]},"die":{"slots":{"baozhi3":{"attachment":[{"name":null}]},"youdabi":{"attachment":[{"name":null}]},"youshou":{"attachment":[{"name":null}]},"youshou1":{"attachment":[{"name":null}]},"youxiaobi":{"color":[{"color":"ffffff00"}]},"youxiuzi":{"attachment":[{"name":null}]},"youzhangxin":{"attachment":[{"name":null}]},"zuoshou2":{"attachment":[{"name":null}]}},"bones":{"zuo":{"rotate":[{},{"time":0.2667,"angle":10.44},{"time":0.5333,"angle":111.36},{"time":0.6667,"angle":170.8},{"time":0.7,"angle":168.67},{"time":0.9333,"angle":138.11}],"translate":[{},{"time":0.2667,"y":9.29},{"time":0.5333,"x":-12.07,"y":59.53},{"time":0.6667,"x":-63.81,"y":112.27},{"time":0.7,"x":-101.85,"y":129.55},{"time":0.8,"x":-43.48,"y":93.59},{"time":0.9333,"x":-44,"y":0.51},{"time":1.0333,"x":-41.91,"y":19.09},{"time":1.2,"x":-44,"y":0.51}]},"you":{"rotate":[{"time":0.2667},{"time":0.6667,"angle":84.53}],"translate":[{"time":0.5333},{"time":0.6667,"x":49.62,"y":32.94},{"time":0.7,"x":22.67,"y":66.5},{"time":0.8,"x":46.03,"y":35.48},{"time":0.9333,"x":36.92,"y":-16.84},{"time":1.0333,"x":36.92,"y":-7.75},{"time":1.2,"x":36.92,"y":-16.84}]},"zuoxiaotui":{"rotate":[{"angle":-4.31},{"time":1.2,"angle":-47.4}]},"zuodatui":{"rotate":[{"angle":2.27},{"time":1.2,"angle":-13.4}]},"youxiaotui":{"rotate":[{"angle":4.21},{"time":1.2,"angle":9.74}]},"youdatui":{"rotate":[{"angle":-2.56},{"time":1.2,"angle":5.63}]},"zuoxiaobi":{"rotate":[{},{"time":0.2667,"angle":67.78},{"time":0.5333,"angle":72.22},{"time":0.6667,"angle":78.1},{"time":0.7333,"angle":45.12},{"time":1.2,"angle":101.6}]},"zuodabi":{"rotate":[{},{"time":0.2667,"angle":-33.31},{"time":0.5333,"angle":39.47},{"time":0.6667,"angle":-5.29},{"time":0.7333,"angle":4.37},{"time":0.9333,"angle":-49.86},{"time":1.0333,"angle":-43.36},{"time":1.2,"angle":-57.62}]},"youshou":{"translate":[{},{"time":0.2667,"x":-75.63,"y":22.68}]},"youxiaobi":{"rotate":[{},{"time":1.2,"angle":48.44}]},"youdabi":{"rotate":[{},{"time":1.2,"angle":56.51}]},"yanjing":{"rotate":[{"time":0.7},{"time":0.8,"angle":-17.53},{"time":0.9333,"angle":-29.21}],"translate":[{"time":0.7},{"time":0.8,"x":0.46,"y":-4.83},{"time":0.9333,"x":-0.43,"y":7.26}]},"shetou3":{"rotate":[{},{"time":0.2667,"angle":-17.4},{"time":0.6333,"angle":25.39},{"time":0.8333,"angle":-11.33},{"time":1.2}]},"shetou2":{"rotate":[{},{"time":0.2667,"angle":-17.4},{"time":0.6333,"angle":25.39},{"time":0.8333,"angle":-11.33},{"time":1.2}]},"xiaba":{"translate":[{"x":-0.65,"y":2.52}]},"toufa2":{"rotate":[{"time":0.3333},{"time":0.6333,"angle":-46.18},{"time":0.8,"angle":33.63},{"time":0.9333,"angle":3.9},{"time":1.2,"angle":13.74}]},"tou1":{"rotate":[{"curve":0.289,"c3":0.628,"c4":0.38},{"time":0.2667,"angle":-8.18,"curve":0.32,"c2":0.28,"c3":0.655,"c4":0.62},{"time":0.4,"angle":-26.36,"curve":0.319,"c2":0.29,"c3":0.657,"c4":0.63},{"time":0.6667,"angle":2.75,"curve":0.332,"c2":0.33,"c3":0.666,"c4":0.66},{"time":0.7333,"angle":-13.24}]},"shenti":{"rotate":[{"angle":2.89,"curve":0.25,"c3":0.75},{"time":0.2667,"angle":-26.73},{"time":0.5667,"angle":-25.59},{"time":0.7667,"angle":-18.5},{"time":1.2,"angle":-13.33}]},"kua":{"rotate":[{},{"time":0.5333,"angle":28.61},{"time":0.6667,"angle":79.2},{"time":0.7,"angle":97.58},{"time":0.9333,"angle":87.09}],"translate":[{},{"time":0.2667,"x":-16.9,"y":11.7},{"time":0.5333,"x":-58.46,"y":11.7},{"time":0.7,"x":-74.04,"y":-22.28},{"time":0.9333,"x":-74.04,"y":-42.1},{"time":1.0333,"x":-74.04,"y":-39.42},{"time":1.2,"x":-74.04,"y":-42.1}]},"youshou2":{"rotate":[{},{"time":0.1333,"angle":44.53},{"time":0.2667,"angle":86.33}],"translate":[{},{"time":0.1333,"x":-4.16,"y":3.62},{"time":0.2667,"x":-10.58,"y":-13.52},{"time":0.5333,"x":-34.58,"y":-26.29}]},"youxiaobi2":{"rotate":[{},{"time":0.2667,"angle":44.22}]},"youdabi2":{"rotate":[{},{"time":0.2667,"angle":47.34},{"time":0.5333,"angle":91.08},{"time":0.6667,"angle":69.55}]}},"drawOrder":[{"offsets":[{"slot":"youkutounei","offset":4},{"slot":"youxiuzi","offset":4},{"slot":"youdabi","offset":3},{"slot":"youdabi2","offset":-5},{"slot":"youxiaobi2","offset":-6},{"slot":"zuoshou1","offset":10}]}]},"drop":{"slots":{"baozhi3":{"color":[{"time":0.1,"color":"ffffffff"},{"time":0.2667,"color":"ffffff00"}]},"wenhao":{"color":[{"color":"ffffff00"},{"time":0.1667,"color":"ffffffff","curve":"stepped"},{"time":0.6667,"color":"ffffffff"},{"time":0.8,"color":"ffffff00"}]},"youdabi":{"color":[{"color":"ffffff00"}]},"youshou":{"attachment":[{"name":null}]},"youxiaobi":{"color":[{"color":"ffffff00"}]},"youxiuzi":{"color":[{"color":"ffffff00"}]},"youzhangxin":{"attachment":[{"name":null}]},"zuoshou1":{"attachment":[{"name":null},{"time":0.1,"name":"zuoshou1"}]},"zuoshou2":{"attachment":[{"time":0.1,"name":null}]}},"bones":{"zuoxiaotui":{"rotate":[{"angle":-4.31}]},"zuodatui":{"rotate":[{"angle":2.27}]},"youxiaotui":{"rotate":[{"angle":4.21}]},"youdatui":{"rotate":[{"angle":-2.56}]},"xiaba":{"translate":[{"x":-0.65,"y":2.52,"curve":"stepped"},{"time":0.1333,"x":-0.65,"y":2.52,"curve":0.318,"c2":0.21,"c3":0.652,"c4":0.55},{"time":0.3667,"x":-7.15,"y":3.18}]},"wenhao":{"scale":[{"x":0.2,"y":0.2},{"time":0.1667,"x":1.1,"y":1.1},{"time":0.3,"curve":"stepped"},{"time":0.5333},{"time":0.6667,"x":1.1,"y":1.1},{"time":0.8,"x":0.2,"y":0.2}]},"toufa2":{"rotate":[{"time":0.2,"curve":0.25,"c3":0.75},{"time":0.3667,"angle":-24.57,"curve":0.247,"c3":0.729,"c4":0.91},{"time":0.7667,"angle":-23.43,"curve":0.348,"c2":0.66,"c3":0.682},{"time":0.8,"angle":-24.57}]},"tou1":{"shear":[{"time":0.2,"curve":0.25,"c3":0.75},{"time":0.4,"x":2,"y":3}]},"shenti":{"rotate":[{"angle":2.89}]},"baozhi5":{"translate":[{"curve":0.25,"c3":0.75},{"time":0.2667,"x":-18.63,"y":73.28}]}},"drawOrder":[{"offsets":[{"slot":"youkutounei","offset":4},{"slot":"youxiuzi","offset":4},{"slot":"youdabi","offset":3},{"slot":"youdabi2","offset":-5},{"slot":"youxiaobi2","offset":-6},{"slot":"zuoshou1","offset":10}]}]},"idle":{"bones":{"zuoxiaotui":{"rotate":[{"angle":-4.31}]},"zuodatui":{"rotate":[{"angle":2.27}]},"youxiaotui":{"rotate":[{"angle":4.21}]},"youdatui":{"rotate":[{"angle":-2.56}]},"zuoxiaobi":{"rotate":[{},{"time":0.8,"angle":-5.22},{"time":1.6}]},"zuodabi":{"rotate":[{},{"time":0.8,"angle":7.65},{"time":1.6}]},"youxiaobi":{"rotate":[{},{"time":0.8,"angle":-4.44},{"time":1.6}]},"youdabi":{"rotate":[{},{"time":0.8,"angle":7.7},{"time":1.6}]},"yanjing":{"rotate":[{"time":0.8},{"time":1.0667,"angle":1.37},{"time":1.6}],"translate":[{"time":0.8},{"time":1.0667,"x":1.83,"y":-0.68},{"time":1.6}]},"shetou3":{"rotate":[{"angle":-6.72},{"time":0.8,"angle":2.56},{"time":1.6,"angle":-6.72}]},"shetou2":{"rotate":[{"angle":-6.72},{"time":0.8,"angle":2.56},{"time":1.6,"angle":-6.72}]},"xiaba":{"translate":[{"x":-0.65,"y":2.52,"curve":0.26,"c3":0.618,"c4":0.44},{"time":0.8,"x":0.56,"y":2.05,"curve":0.329,"c2":0.32,"c3":0.664,"c4":0.66},{"time":1.0667,"x":2.99,"y":1.24,"curve":0.382,"c2":0.57,"c3":0.735},{"time":1.6,"x":-0.65,"y":2.52}]},"toufa3":{"rotate":[{"time":0.8},{"time":1.0667,"angle":-5.65},{"time":1.6}]},"toufa4":{"rotate":[{"time":0.8},{"time":1.0667,"angle":-5.65},{"time":1.6}]},"toufa2":{"rotate":[{"time":0.8},{"time":1.0667,"angle":-5.65},{"time":1.6}]},"tou1":{"rotate":[{"curve":0.25,"c3":0.75},{"time":0.8,"angle":-3.41,"curve":0.25,"c3":0.75},{"time":1.6}],"translate":[{},{"time":0.8,"x":-2.52,"y":1.07},{"time":1.6}]},"shenti":{"rotate":[{"angle":2.89,"curve":0.25,"c3":0.75},{"time":0.8,"angle":-5.28,"curve":0.25,"c3":0.75},{"time":1.6,"angle":2.89}]},"kua":{"translate":[{},{"time":0.8,"y":4.61},{"time":1.6}]},"baozhi3":{"rotate":[{},{"time":0.8,"angle":4.71},{"time":1.6}],"translate":[{},{"time":0.8,"x":-1.16,"y":-1.24},{"time":1.6}]},"youxiaobi2":{"rotate":[{},{"time":0.8,"angle":-4.44},{"time":1.6}]},"youdabi2":{"rotate":[{},{"time":0.8,"angle":7.7},{"time":1.6}]},"youxiaobi4":{"translate":[{"x":-4.56,"y":0.95}]}},"drawOrder":[{"offsets":[{"slot":"youkutounei","offset":4},{"slot":"youxiuzi","offset":4},{"slot":"youdabi","offset":3},{"slot":"youdabi2","offset":-5},{"slot":"youxiaobi2","offset":-6},{"slot":"zuoshou1","offset":10}]}]},"walk":{"bones":{"zuo":{"rotate":[{},{"time":0.1667,"angle":22.49},{"time":0.6333,"angle":8.41},{"time":0.8,"angle":-2.65},{"time":1.6}],"translate":[{},{"time":0.1667,"x":-9.78,"y":12.9},{"time":0.6333,"x":-43.4,"y":4.14},{"time":0.8,"x":-38.34,"y":-1.38},{"time":1.6}]},"you":{"rotate":[{"time":0.2667},{"time":0.6333,"angle":33.29},{"time":0.7667,"angle":41.31},{"time":1.2667,"angle":-11.61,"curve":0.258,"c3":0.619,"c4":0.45},{"time":1.4}],"translate":[{},{"time":0.1333,"x":14.8},{"time":0.6333,"x":62.06},{"time":0.7667,"x":66.59},{"time":1.2667,"x":18.17,"y":2.27,"curve":0.25,"c3":0.75},{"time":1.4,"x":5.26},{"time":1.6}]},"zuoxiaotui":{"rotate":[{"angle":-4.31}]},"zuodatui":{"rotate":[{"angle":2.27}]},"zuokutou":{"translate":[{},{"time":0.8,"x":-0.52,"y":-0.52},{"time":1.6}]},"youxiaotui":{"rotate":[{"angle":4.21}]},"youdatui":{"rotate":[{"angle":-2.56}]},"zuoxiaobi":{"rotate":[{"angle":-3.76,"curve":0.246,"c3":0.717,"c4":0.86},{"time":0.4,"angle":19.04,"curve":0.337,"c2":0.36,"c3":0.67,"c4":0.69},{"time":0.8,"angle":12.32,"curve":0.333,"c2":0.33,"c3":0.667,"c4":0.67},{"time":1.2,"angle":26.52,"curve":0.25,"c3":0.75},{"time":1.6,"angle":-3.76}]},"zuodabi":{"rotate":[{"angle":-0.72,"curve":0.246,"c3":0.717,"c4":0.86},{"time":0.4,"angle":-7.09,"curve":0.356,"c2":0.65,"c3":0.691},{"time":0.8,"angle":-11.42,"curve":0.246,"c3":0.717,"c4":0.86},{"time":1.2,"angle":-8.26,"curve":0.25,"c3":0.75},{"time":1.6,"angle":-0.72}]},"youxiaobi":{"rotate":[{"angle":-9.89}]},"youdabi":{"rotate":[{"angle":-6.37,"curve":0.25,"c3":0.75},{"time":0.4,"angle":5.69,"curve":0.25,"c3":0.625,"c4":0.5},{"time":0.8,"angle":-15.03,"curve":0.25,"c3":0.75},{"time":1.2,"angle":1.32,"curve":0.25,"c3":0.75},{"time":1.6,"angle":-6.37}],"translate":[{"x":-6.12,"y":-4.88},{"time":0.4,"x":-7.8,"y":2.57},{"time":1.2,"x":-19.13,"y":4.67},{"time":1.6,"x":-6.12,"y":-4.88}],"scale":[{"x":1.2}]},"yanjing":{"rotate":[{"time":0.5667,"curve":0.284,"c3":0.625,"c4":0.38},{"time":0.6667,"angle":-3.16,"curve":0.32,"c2":0.29,"c3":0.757},{"time":0.8,"curve":"stepped"},{"time":1.3667,"curve":0.284,"c3":0.625,"c4":0.38},{"time":1.4667,"angle":-3.16,"curve":0.32,"c2":0.29,"c3":0.757},{"time":1.6}]},"shetou3":{"rotate":[{"angle":-10.31},{"time":0.4,"angle":16.88},{"time":0.8,"angle":-10.31},{"time":1.2,"angle":16.88},{"time":1.6,"angle":-10.31}]},"shetou2":{"rotate":[{"angle":-10.31},{"time":0.4,"angle":16.88},{"time":0.8,"angle":-10.31},{"time":1.2,"angle":16.88},{"time":1.6,"angle":-10.31}]},"xiaba":{"translate":[{"x":-0.65,"y":2.52}]},"toufa4":{"rotate":[{"time":0.4333,"curve":0.295,"c3":0.633,"c4":0.37},{"time":0.6,"angle":-8.64,"curve":0.303,"c2":0.22,"c3":0.756},{"time":0.9}]},"toufa2":{"rotate":[{},{"time":0.1,"angle":4.19},{"time":0.2667,"curve":"stepped"},{"time":0.4,"curve":0.298,"c3":0.634,"c4":0.37},{"time":0.5333,"angle":-9.75,"curve":0.3,"c2":0.21,"c3":0.756},{"time":0.8},{"time":0.9,"angle":4.57},{"time":1.2,"curve":0.298,"c3":0.634,"c4":0.37},{"time":1.3333,"angle":-9.75,"curve":0.3,"c2":0.21,"c3":0.756},{"time":1.6}]},"tou1":{"rotate":[{"angle":-1.79,"curve":0.333,"c2":0.33,"c3":0.667,"c4":0.67},{"time":0.0667,"curve":0.25,"c3":0.75},{"time":0.4667,"angle":-3.19,"curve":0.314,"c2":0.27,"c3":0.658,"c4":0.64},{"time":0.9,"curve":0.276,"c3":0.621,"c4":0.4},{"time":1.2667,"angle":-3.19,"curve":0.314,"c2":0.27,"c3":0.658,"c4":0.64},{"time":1.6,"angle":-1.79}]},"shenti":{"rotate":[{"angle":5.32,"curve":0.25,"c3":0.75},{"time":0.4,"angle":-17.82,"curve":0.346,"c2":0.38,"c3":0.693,"c4":0.75},{"time":0.6,"angle":-2.73,"curve":0.34,"c2":0.36,"c3":0.673,"c4":0.7},{"time":0.8,"angle":5.32,"curve":0.25,"c3":0.75},{"time":1.2,"angle":-17.82,"curve":0.343,"c2":0.36,"c3":0.686,"c4":0.73},{"time":1.4,"angle":-4.69,"curve":0.379,"c2":0.6,"c3":0.724},{"time":1.6,"angle":5.32}]},"kua":{"translate":[{},{"time":0.4,"y":5.51},{"time":0.8},{"time":1.2,"y":5.51},{"time":1.6}]},"baozhi3":{"rotate":[{"angle":1.15}]},"youxiaobi2":{"rotate":[{"angle":-9.89,"curve":0.276,"c3":0.621,"c4":0.4},{"time":0.8,"angle":1.86,"curve":0.314,"c2":0.27,"c3":0.657,"c4":0.64},{"time":1.6,"angle":-9.89}]},"youdabi2":{"rotate":[{"angle":15.52,"curve":0.25,"c3":0.75},{"time":0.4,"angle":29.07,"curve":0.25,"c3":0.625,"c4":0.5},{"time":0.8,"angle":19.38,"curve":0.25,"c3":0.75},{"time":1.2,"angle":31.13,"curve":0.25,"c3":0.75},{"time":1.6,"angle":15.52}],"translate":[{"x":-6.12,"y":-4.88},{"time":0.4,"x":-7.8,"y":2.57},{"time":1.2,"x":-19.13,"y":4.67},{"time":1.6,"x":-6.12,"y":-4.88}]},"youshou2":{"translate":[{"x":-2.48,"y":5.34},{"time":0.4,"x":-6.68,"y":5.86},{"time":0.8,"x":-2.48,"y":5.34},{"time":1.2,"x":-6.68,"y":5.86},{"time":1.6,"x":-2.48,"y":5.34}]}},"drawOrder":[{"offsets":[{"slot":"youkutounei","offset":4},{"slot":"youxiuzi","offset":4},{"slot":"youdabi","offset":3},{"slot":"youdabi2","offset":-5},{"slot":"youxiaobi2","offset":-6},{"slot":"zuoshou1","offset":10}]}]}}},[0]]],0,0,[0],[-1],[0]],[[[6,"NewspaperZombie"],[7,"NewspaperZombie",[-6,-7],[[11,"drop",["attack"],["die"],["walk"],["idle"],-5,-4,[0,14,9],-3,-2,[0,14,6]]],[12,-1,0]],[4,"ATTACHED_NODE:tou1",[[-8,-9,[1,"ATTACHED_NODE:wenhao",-10,[0,"afsP/6ZtBA24knccrce+Av",1,0]],[1,"ATTACHED_NODE:yanjing",-11,[0,"d9kMi1ew1AXYdzBA50erM+",1,0]],[1,"ATTACHED_NODE:yanzhuR",-12,[0,"08UWe/IGtHLakLBXXkfufi",1,0]],[1,"ATTACHED_NODE:yanzhuL",-13,[0,"38+CC78CpMjbY1IRLWACNG",1,0]]],1,1,4,4,4,4],[0,"38U+5xvCRPEqIv+UPui483",1,0]],[8,"ATTACHED_NODE:shenti",[-14,-15,2,-16],[0,"e6pUJCOLxJd4+i6LEvbUGq",1,0]],[10,"Zombie_paper",1,[-19],[-17,-18],[0,"f6hdTG1MdP8KMDqu1q85aO",1,0],[5,124.65,184.53]],[4,"ATTACHED_NODE:root",[[-20,[1,"ATTACHED_NODE:zuo",-21,[0,"06zRDrmEZI+an6H+W9NLa7",1,0]],[1,"ATTACHED_NODE:you",-22,[0,"43Ji+imDZJXbTeewceOfxk",1,0]]],1,4,4],[0,"66w/8ygwhDLJlSNRp6QLiZ",1,0]],[2,"ATTACHED_NODE:kua",5,[-23,3,-24],[0,"5dg9FetrZFTLCZP66kUWbA",1,0]],[4,"ATTACHED_NODE:baozhi3",[[-25,[1,"ATTACHED_NODE:baozhi5",-26,[0,"d7Oy6N64pB84+FapgzdbDn",1,0]]],1,4],[0,"7cjQJM9wVEC4DnqKKrS8oR",1,0]],[9,"BodyC",2,1,[-27,-28],[0,"13nPZ4u7xF04iearWSduy+",1,0],[-8,0,0,0,0,0,1,1,1,1]],[2,"ATTACHED_NODE_TREE",4,[5],[0,"1d7OanjelBuZcBeOig6j4i",1,0]],[2,"ATTACHED_NODE:zuokutou",6,[-29],[0,"8ddU8diYBFzoOIVY9+HWQX",1,0]],[3,"ATTACHED_NODE:zuodatui",10,[[1,"ATTACHED_NODE:zuoxiaotui",-30,[0,"c3wEWciftIbIxFbK5MUVhN",1,0]]],[0,"19N3imDCBA/7P0JKHJND92",1,0]],[2,"ATTACHED_NODE:zuodabi",3,[-31],[0,"beGoewUfFJ6qtW9P1hRA1h",1,0]],[2,"ATTACHED_NODE:zuoxiaobi",12,[-32],[0,"19GBwpaFBBmLWjOyBIrjb7",1,0]],[2,"ATTACHED_NODE:zuoshou",13,[7],[0,"8dEa0PInNMzoO/Vypi6x/L",1,0]],[3,"ATTACHED_NODE:youshou",7,[[1,"ATTACHED_NODE:youshou2",-33,[0,"37k4Q3yblNXZhAMkiOKXFC",1,0]]],[0,"e1dpN22dxG156kp8WQC2NN",1,0]],[3,"ATTACHED_NODE:youdabi",3,[[1,"ATTACHED_NODE:youxiaobi",-34,[0,"44g+vOIcxNr41oPpy3NN+Q",1,0]]],[0,"dbcTbHt2JN+a6oHIo+nsz1",1,0]],[2,"ATTACHED_NODE:xiaba",2,[-35],[0,"6cxEvjMDZBC7/bXR/sh0SW",1,0]],[2,"ATTACHED_NODE:shetou",17,[-36],[0,"caXMo9jPpLpYQ3+/upe5Pd",1,0]],[3,"ATTACHED_NODE:shetou2",18,[[1,"ATTACHED_NODE:shetou3",-37,[0,"0fXMESeb1NZL4H03dwXini",1,0]]],[0,"ae81z5ux1EhI6ovz847C42",1,0]],[2,"ATTACHED_NODE:toufa",2,[-38],[0,"ceOeI8qc1CwZmm4D2N1j6m",1,0]],[2,"ATTACHED_NODE:toufa2",20,[-39],[0,"4d9/dAXUxOPKO2u8OYDqqJ",1,0]],[2,"ATTACHED_NODE:toufa4",21,[-40],[0,"99+RSm3wNCdobs2FhM070t",1,0]],[2,"ATTACHED_NODE:toufa3",22,[-41],[0,"1def1TSLZCVohct5tpXFTk",1,0]],[1,"head",23,[0,"61ie5amOhHBq5QzNnXa72s",1,0]],[2,"ATTACHED_NODE:youdabi2",3,[-42],[0,"c0MZ3U7apLYr38maOjHAjV",1,0]],[3,"ATTACHED_NODE:youxiaobi2",25,[[1,"ATTACHED_NODE:youxiaobi4",-43,[0,"159HO++TVK0oW9QbIM23U1",1,0]]],[0,"f3YS410fVDtbPuiOl8uk5r",1,0]],[2,"ATTACHED_NODE:youkutou",6,[-44],[0,"431dJdDWZID6zJir+Px7uX",1,0]],[3,"ATTACHED_NODE:youdatui",27,[[1,"ATTACHED_NODE:youxiaotui",-45,[0,"86I3uI3dlGsoARbdfp+RZU",1,0]]],[0,"885PJxvnlKirxjvY/WyGek",1,0]],[13,"biaoqing1_0","idle",0,"idle",4,[0]],[14,true,4,29],[15,8,[0,20,75],[5,60,150]],[16,8,31]],0,[0,1,1,0,2,32,0,3,30,0,4,24,0,5,1,0,-1,4,0,-2,8,0,-1,17,0,-2,20,0,0,2,0,0,2,0,0,2,0,0,2,0,-1,12,0,-2,16,0,-4,25,0,-1,29,0,-2,30,0,-1,9,0,-1,6,0,0,5,0,0,5,0,-1,10,0,-3,27,0,-1,15,0,0,7,0,-1,31,0,-2,32,0,-1,11,0,0,11,0,-1,13,0,-1,14,0,0,15,0,0,16,0,-1,18,0,-1,19,0,0,19,0,-1,21,0,-1,22,0,-1,23,0,-1,24,0,-1,26,0,0,26,0,-1,28,0,0,28,0,6,1,2,0,3,3,0,6,5,0,9,7,0,14,45],[0,29],[-1,7],[1,2]]]]