[1,["ecpdLyjvZBwrvm+cedCcQy","83vgAsjqRI856mvW+o5oGR","6dmPNYfdxFDLgi27dLx1lJ","cdDBex0+ZEJJPpnhlaQ0tS","18QXgOkdVN87vDYuGz2cbO","20aVw90wZAOoG4CykRnNWk","0fzbQSrtRPQK9dx4Blt8zm","9ebFJt9JNJpIPTvY/5hmwL","16YUn5lLVNnaIZtD8MyMNT","b0Mrv5PsFNBK8haFlqi0w0","74so6z+ZZBr5+rArdp22wq","b2bujnIlZKUrrMLzwIVp++","40fKTTluBND4bAOPjADP/0","416fsVcvNJVrMBJAJ+4XSP","31x7soOzpIhrqCveFQQKF7","44dGgHtHdLkYCAb6hHEtrt"],["node","_spriteFrame","_textureSetter","root","titleLabel","rewardNum","data","_parent"],[["cc.Node",["_name","_opacity","_prefab","_contentSize","_components","_parent","_children","_trs","_color"],1,4,5,9,1,2,7,5],"cc.SpriteFrame",["cc.Sprite",["_sizeMode","_type","node","_materials","_spriteFrame"],1,1,3,6],["cc.Node",["_name","_parent","_components","_prefab","_contentSize","_trs","_color"],2,1,12,4,5,7,5],["cc.Widget",["_alignFlags","_originalWidth","_originalHeight","_left","_right","node"],-2,1],["cc.PrefabInfo",["fileId","root","asset"],2,1,1],["cc.Label",["_string","_fontSize","_N$horizontalAlign","_N$verticalAlign","_lineHeight","_styleFlags","_N$overflow","node","_materials"],-4,1,3],["cc.Prefab",["_name"],2],["dfb1fnoMEdDOaZ8Rh4r1ykK",["node","rewardNum","titleLabel"],3,1,1,1],["cc.Button",["_N$transition","node","clickEvents"],2,1,9],["cc.ClickEvent",["_componentId","handler","target"],1,1],["cc.BlockInputEvents",["node"],3,1],["cc.LabelOutline",["node","_color"],3,1,5]],[[5,0,1,2,2],[2,2,3,4,1],[0,0,5,4,2,3,7,2],[2,1,0,2,3,4,3],[0,0,5,6,4,2,3,7,2],[12,0,1,1],[0,0,5,4,2,3,2],[9,0,1,2,2],[10,0,1,2,3],[6,0,1,2,3,7,8,5],[7,0,2],[0,0,6,4,2,3,7,2],[0,0,6,4,2,3,2],[0,0,5,6,2,3,7,2],[0,0,1,5,4,2,8,3,3],[3,0,1,2,3,4,5,2],[3,0,1,2,3,6,4,5,2],[4,0,1,2,5,4],[4,0,3,4,1,2,5,6],[8,0,1,2,1],[5,1,2,1],[2,0,2,3,4,2],[11,0,1],[6,0,1,4,5,2,3,6,7,8,8]],[[[{"name":"f001","rect":[0,0,223,54],"offset":[0,0],"originalSize":[223,54],"capInsets":[0,0,0,0]}],[1],0,[0],[2],[2]],[[{"name":"f004","rect":[0,0,106,54],"offset":[0,0.5],"originalSize":[106,55],"capInsets":[0,0,0,0]}],[1],0,[0],[2],[3]],[[{"name":"f002","rect":[0,0,144,85],"offset":[0,0],"originalSize":[144,85],"capInsets":[0,0,0,0]}],[1],0,[0],[2],[4]],[[{"name":"f003","rect":[0,0,418,315],"offset":[0,0],"originalSize":[418,315],"capInsets":[0,0,0,0]}],[1],0,[0],[2],[5]],[[[10,"SharePanelUI"],[11,"SharePanelUI",[-6,-7],[[17,45,900,600,-2],[19,-5,-4,-3]],[20,-1,0],[5,1334,750],[667,375,0,0,0,0,1,1,1,1]],[12,"Bg",[-9,-10,-11,-12,-13],[[3,1,0,-8,[23],24]],[0,"16BQKYZ0ZDQ60jheoNaRyT",1,0],[5,530,330]],[4,"ShareBtn",2,[-16,-17],[[3,1,0,-14,[13],14],[7,1,-15,[[8,"dfb1fnoMEdDOaZ8Rh4r1ykK","onClickShareBtn",1]]]],[0,"6dPZBsczhI1r36NC61xpMN",1,0],[5,200,70],[1.273,-290.83,0,0,0,0,1,1,1,1]],[13,"f001",2,[-18,-19,-20,-21],[0,"c2oWYz7lNMgZ+hmszOKi9S",1,0],[5,223,54],[0,178.853,0,0,0,0,1,1,1,1]],[14,"New Sprite(Splash)",144,1,[[21,0,-22,[0],1],[18,45,-183,-183,100,100,-23],[22,-24]],[0,"3a8PGO8MdNAIGXHWjKx9Nf",1,0],[4,4278190080],[5,1700,750]],[4,"Panel",1,[2],[[3,1,0,-25,[25],26]],[0,"c55DDjSXROpbADXq2DQUeI",1,0],[5,550,350],[6.865,67.895,0,0,0,0,1,1.2,1.2,1]],[15,"Title",2,[[-26,[5,-27,[4,4278190080]]],1,4],[0,"8dVXOweTJAGbNBzR2frqIb",1,0],[5,402,69.8],[0,-121.949,0,0,0,0,1,1,1,1]],[2,"CloseBtn",2,[[3,1,2,-28,[5],6],[7,1,-29,[[8,"dfb1fnoMEdDOaZ8Rh4r1ykK","onClickClose",1]]]],[0,"0f0XdA6yhLZItercYtsu8O",1,0],[5,65,65],[257.319,170.482,0,0,0,0,1,1,1,1]],[2,"New Label",3,[[9,"我要上热搜",30,1,1,-30,[7]],[5,-31,[4,4278190087]]],[0,"b0t6vIpLRD5rTn2Dv8xzGL",1,0],[5,152,52.4],[0,3.166,0,0,0,0,1,1,1,1]],[4,"f004",3,[-33],[[1,-32,[11],12]],[0,"c9oTwnrYRKq4TR/2BcS07z",1,0],[5,106,54],[6.815,73.405,0,0,0,0,1,1.2,1.2,0.8]],[4,"a033",10,[-35],[[1,-34,[9],10]],[0,"b8hDSGcaBNjapqJZ9RloJf",1,0],[5,53,55],[-29.937,5.69,0,0,0,0,1,0.6,0.6,0.66667]],[16,"New Label copy",11,[[-36,[5,-37,[4,4278190087]]],1,4],[0,"bf7O96YexNlZ2KDTd5w2OL",1,0],[4,4278255590],[5,72.06,52.4],[77.684,0.835,0,0,0,0,1,1.25,1.25,1.25]],[2,"f003",2,[[1,-38,[2],3]],[0,"6fbIO1DOVHZZobNwY1o+5V",1,0],[5,418,315],[0,24.642,0,0,0,0,1,0.7,0.7,1]],[23,"你的厨艺惊人，治好了我的精神内耗！",30,30,1,1,1,3,7,[4]],[9,"X100",30,1,1,12,[8]],[6,"a120",4,[[3,1,0,-39,[15],16]],[0,"48v7PGnOhKn7RzCBssFhB8",1,0],[5,300,71]],[2,"f002",4,[[1,-40,[17],18]],[0,"53cFGKQp5NDoN6k8ScsDhi",1,0],[5,144,85],[-140.366,17.214,0,0,0,0,1,1,1,1]],[2,"f002 copy",4,[[1,-41,[19],20]],[0,"2fNxRHvAFDe77hFAu9OEx+",1,0],[5,144,85],[139.392,17.214,0,0,0,0,1,-1,1,1]],[6,"f001",4,[[1,-42,[21],22]],[0,"d5idUl5GBM6IcVufAfqRtJ",1,0],[5,223,54]]],0,[0,3,1,0,0,1,0,4,14,0,5,15,0,0,1,0,-1,5,0,-2,6,0,0,2,0,-1,13,0,-2,7,0,-3,8,0,-4,3,0,-5,4,0,0,3,0,0,3,0,-1,9,0,-2,10,0,-1,16,0,-2,17,0,-3,18,0,-4,19,0,0,5,0,0,5,0,0,5,0,0,6,0,-1,14,0,0,7,0,0,8,0,0,8,0,0,9,0,0,9,0,0,10,0,-1,11,0,0,11,0,-1,12,0,-1,15,0,0,12,0,0,13,0,0,16,0,0,17,0,0,18,0,0,19,0,6,1,2,7,6,42],[0,0,0,0,0,0,0,0,0,0,0,0,0,0,0,0,0,0,0,0,0,0,0,0,0,0,0],[-1,1,-1,1,-1,-1,1,-1,-1,-1,1,-1,1,-1,1,-1,1,-1,1,-1,1,-1,1,-1,1,-1,1],[0,6,0,7,0,0,8,0,0,0,9,0,10,0,11,0,12,0,1,0,1,0,13,0,14,0,15]]]]