[1,["91hawFYnpPZ7de0MVVjF78","e3Na6WdjJK9LpgWa8SaKIQ","a302UKmCNHLqA3ccPtM45g","b92Vs+sdhIXYYtmGG0Hdiy","ecpdLyjvZBwrvm+cedCcQy","7d+Asi9NFChJfUjx3yxOGb","e2vQfRo4lOuZ4e46xL3Igb"],["_parent","node","root","data","_textureSetter","shootNode","body","animation","headNode","spineAnimation","bulletPrefab","_N$skeletonData","_spriteFrame"],[["cc.Node",["_name","_groupIndex","_prefab","_children","_components","_parent","_contentSize","_trs"],1,4,2,9,1,5,7],["cc.Node",["_name","_groupIndex","_prefab","_children","_parent","_components","_trs"],1,4,9,1,2,7],["cc.Node",["_name","_children","_prefab","_parent"],2,12,4,1],["cc.PrefabInfo",["fileId","root","asset"],2,1,1],"cc.SpriteFrame",["cc.Prefab",["_name"],2],["cc.Node",["_name","_parent","_children","_components","_prefab","_contentSize","_trs"],2,1,2,2,4,5,7],["b8c45xHmH5BNaHGZppu8KLF",["needShadow","attackAniName","deathAniName","moveAniName","idleAniName","node","headNode","headOffset","animation","body","shootNode","bulletPrefab"],-2,1,1,5,1,1,1,6],["261d4+Q1HdGA5w3tjdBw83c",["activeFlash","node"],2,1],["sp.Skeleton",["defaultSkin","defaultAnimation","_preCacheMode","_animationName","node","_materials"],-1,1,3],["cc.BoxCollider",["node","_size"],3,1,5],["b1abdSI13NE76lu3aJ+NI5X",["node","body"],3,1,1],["cc.CircleCollider",["_radius","node"],2,1],["fee5cYvFCdESpVzGX06894o",["throwMaxHeight","node"],2,1],["cc.Sprite",["node","_materials","_spriteFrame"],3,1,3,6],["sp.SkeletonData",["_name","_atlasText","textureNames","_skeletonJson","textures"],-1,3]],[[3,0,1,2,2],[0,0,5,2,2],[1,0,4,3,2,2],[0,0,5,3,2,2],[5,0,2],[0,0,3,2,2],[2,0,1,2,2],[2,0,3,1,2,2],[3,1,2,1],[0,0,3,4,2,2],[0,0,1,3,4,2,3],[0,0,1,5,4,2,6,7,3],[1,0,3,2,2],[1,0,1,4,5,2,6,3],[6,0,1,2,3,4,5,6,2],[7,0,1,2,3,4,5,6,7,8,9,10,11,6],[8,0,1,2],[9,0,1,2,3,4,5,5],[10,0,1,1],[11,0,1,1],[12,0,1,2],[13,0,1,2],[14,0,1,2,1],[15,0,1,2,3,4,5]],[[[{"name":"catapult_bullet","rect":[0,0,27,27],"offset":[0,0],"originalSize":[27,27],"capInsets":[0,0,0,0]}],[4],0,[0],[4],[0]],[[[4,"CatapultZombie"],[9,"CatapultZombie",[-7,-8],[[15,false,["attack"],["die"],["move"],["idle"],-6,-5,[0,-18,44],-4,-3,-2,1]],[8,-1,0]],[12,"ATTACHED_NODE:baozha",[[1,"ATTACHED_NODE:ganpo2",-9,[0,"d5GOXSWlNIpKeX76LTGgfY",1,0]],[1,"ATTACHED_NODE:lingjian1",-10,[0,"d1+5/mPFdD74t4zIIyMCl8",1,0]],[1,"ATTACHED_NODE:lingjian2",-11,[0,"3cGacue9JB+YhCW8LuAxu2",1,0]],[1,"ATTACHED_NODE:lingjian4",-12,[0,"18cPFCuNNC/65v4O++jIQi",1,0]],[1,"ATTACHED_NODE:lingjian6",-13,[0,"297G411TVH9bIOU/bZWzH7",1,0]],[1,"ATTACHED_NODE:lingjian3",-14,[0,"afpz8oOqhPNoPBK8jWIuA2",1,0]],[1,"ATTACHED_NODE:yan",-15,[0,"a4yke/9t5JO4pmffR9Qtxb",1,0]],[1,"ATTACHED_NODE:lingjian5",-16,[0,"56VZ3PfWdD0aBGijCuFkJS",1,0]],[1,"ATTACHED_NODE:yan4",-17,[0,"e9p+R2T+hMCoAnfKIkmp+3",1,0]],[1,"ATTACHED_NODE:yan5",-18,[0,"e6RGNXSihBFZ3LPNSSh87l",1,0]],[1,"ATTACHED_NODE:yan6",-19,[0,"2636ePjQRFbJloquYdWl7O",1,0]],[1,"ATTACHED_NODE:yan7",-20,[0,"d6VgCOe6hBHZmwW7x4qp4T",1,0]],[1,"ATTACHED_NODE:yan8",-21,[0,"1eQ209YCVFH5gL1hrrEQSP",1,0]],[1,"ATTACHED_NODE:yan9",-22,[0,"22wUdQTcpG+p0rxN1YdK5j",1,0]],[1,"ATTACHED_NODE:yan10",-23,[0,"28mFXTv4pJ+ZjRpUqOVJOl",1,0]],[1,"ATTACHED_NODE:yan11",-24,[0,"51q7wWLgpI7IQa/UtWjzAa",1,0]],[1,"ATTACHED_NODE:yan12",-25,[0,"3efYrSCuBEQKHF4m9dO3HY",1,0]],[1,"ATTACHED_NODE:yan13",-26,[0,"57IC+1lXNDaJbmhTRy3EIP",1,0]]],[0,"81sqPM6Z9AHL4GWq2Xrh7A",1,0]],[6,"ATTACHED_NODE:zong",[[-27,[1,"ATTACHED_NODE:lunqian",-28,[0,"02lkfryAVCEYUsDk+JFzrH",1,0]],-29,-30,[1,"ATTACHED_NODE:yan2",-31,[0,"825ayzw4lJULg1HxvYOybW",1,0]],[1,"ATTACHED_NODE:yan3",-32,[0,"f8J1aqfMZEp7hSVlYw6T0W",1,0]],[1,"ATTACHED_NODE:yan1",-33,[0,"22tro5jKhKgpw/rpy+IACO",1,0]],-34,[1,"ATTACHED_NODE:zuo",-35,[0,"509O63quFLq7w+BVT0O4c+",1,0]],[1,"ATTACHED_NODE:you",-36,[0,"c5lMiaVz1Dwbsrcz22IL0P",1,0]],[1,"ATTACHED_NODE:zuoshou2",-37,[0,"eaYyLrIYZEV5O4q7c4c2W9",1,0]]],1,4,1,1,4,4,4,1,4,4,4],[0,"1e5hIax4RODp7+L6eLVSBM",1,0]],[7,"ATTACHED_NODE:che",3,[[[1,"ATTACHED_NODE:yancong",-38,[0,"786Vbte9ZLQIXeGxFLRZQW",1,0]],[1,"ATTACHED_NODE:peijian",-39,[0,"e0spWsx0ZCwaLlaa6/K79l",1,0]],[1,"ATTACHED_NODE:lankuangzhe",-40,[0,"84WpEJU65LkI05kjHXKiGr",1,0]],[1,"ATTACHED_NODE:tanhuang",-41,[0,"42KL2AEuFAq7HXu993DJSb",1,0]],-42,[1,"ATTACHED_NODE:tanhuang2",-43,[0,"70JgSCPoNL/7mgdsNULiuk",1,0]],[1,"ATTACHED_NODE:lvban",-44,[0,"39Fej+Qu5M5qi51IGumY8O",1,0]],[1,"ATTACHED_NODE:qiu1",-45,[0,"5a+DeeqiJF9pkCYs4nKvVA",1,0]],[1,"ATTACHED_NODE:qiu3",-46,[0,"12mTTqTJlK9rTUPdtr2PK4",1,0]],[1,"ATTACHED_NODE:qiu2",-47,[0,"4ft/nwmDZPGYb31VzJIU2P",1,0]],[1,"ATTACHED_NODE:qiu4",-48,[0,"f26Nj7wGBChLksnA6lJUPv",1,0]]],4,4,4,4,1,4,4,4,4,4,4],[0,"2dGxZGrIxLu75YiaLAPjG8",1,0]],[6,"ATTACHED_NODE:tou",[[[1,"ATTACHED_NODE:xiaba",-49,[0,"24f+OtIvxPGKvqQCdnQOc4",1,0]],-50,-51,-52],4,1,1,1],[0,"72dOwByR1Owavi10eLSycK",1,0]],[14,"Zombie_catapult",1,[-55],[-53,-54],[0,"ef8e/Jj6dNtJq35rCmtk61",1,0],[5,205.29,174.16],[45,0,0,0,0,0,1,1,1,1]],[3,"ATTACHED_NODE:jjuese",3,[-56,-57,-58],[0,"62fPWpRwpEtqhZKsVSuUVs",1,0]],[5,"ATTACHED_NODE:shenti2",[5,-59,-60],[0,"f7bQjwXixO3LyibAlUwU+u",1,0]],[5,"ATTACHED_NODE:root",[3,2],[0,"2bgVXSDihI95eaixGaaeR3",1,0]],[7,"ATTACHED_NODE:shenti",7,[[8,[1,"ATTACHED_NODE:koudai",-61,[0,"cfSPpStARALZu1ifp/YKP4",1,0]]],1,4],[0,"3fd5lu2f9IoaW5qL4L2qFk",1,0]],[13,"BodyC",2,1,[-62,-63],[0,"few823pZ1KRr2K+20zWJYY",1,0],[70,70,0,0,0,0,1,1,1,-1]],[3,"ATTACHED_NODE_TREE",6,[9],[0,"9ck8/Oi2lD/aXPR0qLC5/h",1,0]],[3,"ATTACHED_NODE:ganpo",4,[-64],[0,"6fWNPZ9yFNEK/fqilwFcKe",1,0]],[3,"ATTACHED_NODE:qiu0",13,[-65],[0,"a8nI+HAHNP9qS9nZG7Veuj",1,0]],[1,"shoot_node",14,[0,"2eRecQJKxK4Li7KVfUP9uZ",1,0]],[2,"ATTACHED_NODE:lunzi",3,[[1,"ATTACHED_NODE:lunzi3",-66,[0,"fdy8TQVAFGlYOeGOcylKWs",1,0]]],[0,"e2UeBc/7VI8b1nZFoVsdy9",1,0]],[2,"ATTACHED_NODE:zuodatui",7,[[1,"ATTACHED_NODE:zuoxiaotui",-67,[0,"bfAiw6LwFNWK0GxP2exqWo",1,0]]],[0,"5aGPDdh2RI5Z6wD+isjNm4",1,0]],[2,"ATTACHED_NODE:zuoyan",5,[[1,"ATTACHED_NODE:zuotong",-68,[0,"8fcE/E23JBuIWJe61qPeWH",1,0]]],[0,"dcliSkPJJHspF7hR2kJ+I+",1,0]],[2,"ATTACHED_NODE:youyan",5,[[1,"ATTACHED_NODE:youtong",-69,[0,"2dtH1vaZpHFJvVjYYwoM4C",1,0]]],[0,"b95ivF5N5MiafOAxcPzuQk",1,0]],[1,"head",5,[0,"dcK9+r6jlOFYT/V4PtlUGy",1,0]],[2,"ATTACHED_NODE:zuodabi",8,[[1,"ATTACHED_NODE:zuoxiaobi",-70,[0,"cao1MHiFpL+rTTehFu5krD",1,0]]],[0,"a6w7mrs9JE9aXkJ9ut0/n/",1,0]],[2,"ATTACHED_NODE:youdabi",8,[[1,"ATTACHED_NODE:youxiaobi",-71,[0,"2aMYzy2kVJhI39aV0oZOu5",1,0]]],[0,"1aImJHsiJN3aQhJXMemKoP",1,0]],[2,"ATTACHED_NODE:youdatui",7,[[1,"ATTACHED_NODE:youxiaotui",-72,[0,"d2VHCcwEtEvqJNGB+DczaC",1,0]]],[0,"b8vPi5TMRJda64rLknm+Ri",1,0]],[2,"ATTACHED_NODE:youshou2",3,[[1,"ATTACHED_NODE:cheba",-73,[0,"9aoqFrUpxDIYfss6meqqgK",1,0]]],[0,"01mpN1e11IU6PmXEF3A1FM",1,0]],[16,true,6],[17,"che1","idle",0,"idle",6,[0]],[18,11,[5,140,140]],[19,11,27]],0,[0,2,1,0,5,15,0,6,28,0,7,25,0,8,20,0,1,1,0,-1,6,0,-2,11,0,0,2,0,0,2,0,0,2,0,0,2,0,0,2,0,0,2,0,0,2,0,0,2,0,0,2,0,0,2,0,0,2,0,0,2,0,0,2,0,0,2,0,0,2,0,0,2,0,0,2,0,0,2,0,-1,4,0,0,3,0,-3,16,0,-4,7,0,0,3,0,0,3,0,0,3,0,-8,24,0,0,3,0,0,3,0,0,3,0,0,4,0,0,4,0,0,4,0,0,4,0,-5,13,0,0,4,0,0,4,0,0,4,0,0,4,0,0,4,0,0,4,0,0,5,0,-2,18,0,-3,19,0,-4,20,0,-1,25,0,-2,26,0,-1,12,0,-1,17,0,-2,10,0,-3,23,0,-2,21,0,-3,22,0,0,10,0,-1,27,0,-2,28,0,-1,14,0,-1,15,0,0,16,0,0,17,0,0,18,0,0,19,0,0,21,0,0,22,0,0,23,0,0,24,0,3,1,2,0,9,3,0,9,5,0,8,8,0,10,9,0,12,25,9,26,73],[0,0,26],[-1,10,11],[1,2,3]],[[[4,"CatapultBullet"],[10,"CatapultBullet",8,[-4],[[20,20,-2],[21,200,-3]],[8,-1,0]],[11,"catapult_bullet",8,1,[[22,-5,[0],1]],[0,"ddXn3HrKFLTZyXwkuoIPWo",1,0],[5,27,27],[0,0,0,0,0,0,1,1.15,1.15,1]]],0,[0,2,1,0,1,1,0,1,1,0,-1,2,0,1,2,0,3,1,5],[0,0],[-1,12],[4,5]],[[[23,"Zombie_catapult","\nZombie_catapult.png\nsize: 1024,128\nformat: RGBA8888\nfilter: Linear,Linear\nrepeat: none\nche\n  rotate: false\n  xy: 86, 38\n  size: 168, 88\n  orig: 168, 88\n  offset: 0, 0\n  index: -1\ncheba\n  rotate: true\n  xy: 836, 4\n  size: 13, 18\n  orig: 13, 18\n  offset: 0, 0\n  index: -1\ngan\n  rotate: false\n  xy: 256, 40\n  size: 190, 86\n  orig: 190, 86\n  offset: 0, 0\n  index: -1\nganpo\n  rotate: false\n  xy: 520, 50\n  size: 190, 76\n  orig: 190, 83\n  offset: 0, 7\n  index: -1\nkoudai\n  rotate: true\n  xy: 808, 4\n  size: 13, 26\n  orig: 13, 26\n  offset: 0, 0\n  index: -1\nkuangzhe\n  rotate: true\n  xy: 429, 8\n  size: 30, 16\n  orig: 30, 17\n  offset: 0, 1\n  index: -1\nlankuang\n  rotate: false\n  xy: 609, 7\n  size: 65, 41\n  orig: 65, 41\n  offset: 0, 0\n  index: -1\nlankuangzhe\n  rotate: false\n  xy: 676, 7\n  size: 65, 41\n  orig: 65, 41\n  offset: 0, 0\n  index: -1\nlianjie\n  rotate: false\n  xy: 376, 8\n  size: 51, 30\n  orig: 52, 33\n  offset: 0, 0\n  index: -1\nlingjian1\n  rotate: false\n  xy: 824, 19\n  size: 28, 29\n  orig: 28, 29\n  offset: 0, 0\n  index: -1\nlingjian2\n  rotate: false\n  xy: 854, 22\n  size: 25, 26\n  orig: 25, 26\n  offset: 0, 0\n  index: -1\nlingjian3\n  rotate: true\n  xy: 712, 50\n  size: 20, 22\n  orig: 20, 23\n  offset: 0, 1\n  index: -1\nlingjian4\n  rotate: false\n  xy: 736, 50\n  size: 18, 20\n  orig: 18, 20\n  offset: 0, 0\n  index: -1\nlingjian5\n  rotate: true\n  xy: 881, 24\n  size: 26, 9\n  orig: 26, 9\n  offset: 0, 0\n  index: -1\nlingjian6\n  rotate: false\n  xy: 803, 50\n  size: 25, 21\n  orig: 26, 21\n  offset: 0, 0\n  index: -1\nlunhou\n  rotate: true\n  xy: 712, 72\n  size: 54, 51\n  orig: 54, 51\n  offset: 0, 0\n  index: -1\nlunqian\n  rotate: true\n  xy: 819, 75\n  size: 51, 50\n  orig: 51, 50\n  offset: 0, 0\n  index: -1\nlunzi\n  rotate: false\n  xy: 447, 9\n  size: 29, 29\n  orig: 29, 29\n  offset: 0, 0\n  index: -1\nlunzi0\n  rotate: false\n  xy: 793, 19\n  size: 29, 29\n  orig: 29, 29\n  offset: 0, 0\n  index: -1\nlvban\n  rotate: true\n  xy: 33, 4\n  size: 31, 58\n  orig: 32, 58\n  offset: 0, 0\n  index: -1\nlvban2\n  rotate: true\n  xy: 194, 5\n  size: 31, 57\n  orig: 31, 57\n  offset: 0, 0\n  index: -1\npeijian\n  rotate: false\n  xy: 756, 50\n  size: 16, 20\n  orig: 16, 20\n  offset: 0, 0\n  index: -1\nqiu\n  rotate: false\n  xy: 253, 5\n  size: 31, 31\n  orig: 43, 31\n  offset: 12, 0\n  index: -1\nshenti\n  rotate: false\n  xy: 2, 37\n  size: 82, 89\n  orig: 82, 89\n  offset: 0, 0\n  index: -1\ntanhuang\n  rotate: true\n  xy: 875, 4\n  size: 16, 24\n  orig: 16, 24\n  offset: 0, 0\n  index: -1\ntou\n  rotate: false\n  xy: 765, 73\n  size: 52, 53\n  orig: 52, 53\n  offset: 0, 0\n  index: -1\nxiaba\n  rotate: true\n  xy: 853, 50\n  size: 23, 13\n  orig: 23, 13\n  offset: 0, 0\n  index: -1\nyan\n  rotate: true\n  xy: 448, 47\n  size: 79, 70\n  orig: 79, 70\n  offset: 0, 0\n  index: -1\nyan1\n  rotate: true\n  xy: 570, 3\n  size: 45, 37\n  orig: 83, 46\n  offset: 1, 2\n  index: -1\nyan2\n  rotate: false\n  xy: 868, 52\n  size: 21, 21\n  orig: 27, 24\n  offset: 5, 1\n  index: -1\nyan3\n  rotate: true\n  xy: 793, 3\n  size: 14, 13\n  orig: 16, 14\n  offset: 1, 0\n  index: -1\nyancong\n  rotate: true\n  xy: 743, 8\n  size: 40, 48\n  orig: 40, 48\n  offset: 0, 0\n  index: -1\nyoudabi\n  rotate: false\n  xy: 317, 7\n  size: 30, 31\n  orig: 33, 32\n  offset: 2, 1\n  index: -1\nyoudatui\n  rotate: true\n  xy: 2, 3\n  size: 32, 29\n  orig: 33, 30\n  offset: 0, 0\n  index: -1\nyoujiao\n  rotate: true\n  xy: 168, 2\n  size: 34, 24\n  orig: 34, 24\n  offset: 0, 0\n  index: -1\nyoushou\n  rotate: true\n  xy: 830, 50\n  size: 23, 21\n  orig: 23, 21\n  offset: 0, 0\n  index: -1\nyoutong\n  rotate: false\n  xy: 317, 2\n  size: 3, 3\n  orig: 3, 3\n  offset: 0, 0\n  index: -1\nyouxiaobi\n  rotate: true\n  xy: 286, 3\n  size: 35, 29\n  orig: 35, 30\n  offset: 0, 0\n  index: -1\nyouxiaotui\n  rotate: true\n  xy: 349, 7\n  size: 31, 25\n  orig: 31, 26\n  offset: 0, 0\n  index: -1\nyouyan\n  rotate: false\n  xy: 891, 63\n  size: 13, 13\n  orig: 13, 13\n  offset: 0, 0\n  index: -1\nzuodabi\n  rotate: true\n  xy: 521, 2\n  size: 46, 47\n  orig: 46, 47\n  offset: 0, 0\n  index: -1\nzuodatui\n  rotate: false\n  xy: 478, 2\n  size: 41, 43\n  orig: 41, 45\n  offset: 0, 1\n  index: -1\nzuojiao\n  rotate: true\n  xy: 871, 78\n  size: 48, 24\n  orig: 48, 24\n  offset: 0, 0\n  index: -1\nzuoshou\n  rotate: false\n  xy: 774, 50\n  size: 27, 21\n  orig: 27, 21\n  offset: 0, 0\n  index: -1\nzuotong\n  rotate: false\n  xy: 376, 2\n  size: 4, 4\n  orig: 4, 4\n  offset: 0, 0\n  index: -1\nzuoxiaobi\n  rotate: true\n  xy: 93, 2\n  size: 34, 36\n  orig: 36, 36\n  offset: 1, 0\n  index: -1\nzuoxiaotui\n  rotate: true\n  xy: 131, 2\n  size: 34, 35\n  orig: 36, 35\n  offset: 2, 0\n  index: -1\nzuoyan\n  rotate: true\n  xy: 856, 2\n  size: 18, 17\n  orig: 18, 17\n  offset: 0, 0\n  index: -1\n",["Zombie_catapult.png"],{"skeleton":{"hash":"wQ1sjx3vU5APzLEIo6eeSmsLoZI","spine":"3.8.99","x":-90.59,"y":-2.09,"width":205.29,"height":174.16,"images":"./images/","audio":"E:/植物大战僵尸动作/第五关/Zombie_catapult"},"bones":[{"name":"root","scaleX":0.5,"scaleY":0.5},{"name":"zong","parent":"root","y":28.68},{"name":"che","parent":"zong","x":0.53,"y":24.66},{"name":"yancong","parent":"che","length":36.01,"rotation":55.49,"x":-39.13,"y":31.53},{"name":"peijian","parent":"che","x":39.92,"y":-16.11},{"name":"lunqian","parent":"zong","x":114.54,"y":17.34},{"name":"lankuangzhe","parent":"che","x":60.17,"y":43.16},{"name":"tanhuang","parent":"che","x":-117.76,"y":28.49},{"name":"ganpo","parent":"che","length":219.16,"rotation":25.43,"x":-71.82,"y":104.15},{"name":"tanhuang2","parent":"che","length":33.52,"rotation":102.66,"x":-119.24,"y":31.08},{"name":"lunzi","parent":"zong","x":-92.66,"y":8.12},{"name":"lvban","parent":"che","x":-151.35,"y":11.34},{"name":"baozha","parent":"root","x":-5.42,"y":120.19},{"name":"ganpo2","parent":"baozha","length":273.1,"rotation":25.65,"x":-123.79,"y":29.41},{"name":"lingjian1","parent":"baozha","x":-24.71,"y":19.96},{"name":"lingjian2","parent":"baozha","x":-28.15,"y":27.09},{"name":"lingjian4","parent":"baozha","x":10.77,"y":-7.44},{"name":"lingjian6","parent":"baozha","x":-56.13,"y":22.22},{"name":"lingjian3","parent":"baozha","x":2.43,"y":7.16},{"name":"yan","parent":"baozha","x":-24.73,"y":-2.73},{"name":"lingjian5","parent":"baozha","x":-134.31,"y":-39.94},{"name":"jjuese","parent":"zong","x":67.39,"y":136.95},{"name":"yan2","parent":"zong","x":22.31,"y":136.79},{"name":"yan3","parent":"zong","x":46.17,"y":152.06},{"name":"yan1","parent":"zong","x":6.99,"y":103.7},{"name":"zuodatui","parent":"jjuese","length":56.93,"rotation":-94.25,"x":18.24,"y":11.42},{"name":"zuoxiaotui","parent":"zuodatui","length":37.54,"rotation":4.25,"x":58.33,"y":0.1},{"name":"shenti","parent":"jjuese","length":59.45,"rotation":122.07,"x":-0.06,"y":2.5},{"name":"shenti2","parent":"shenti","length":48.82,"rotation":0.25,"x":60.4,"y":0.22},{"name":"tou","parent":"shenti2","length":77.7,"rotation":4.37,"x":48.67,"y":4.82},{"name":"zuodabi","parent":"shenti2","length":63.64,"rotation":138.77,"x":6.14,"y":-38.72},{"name":"zuoxiaobi","parent":"zuodabi","length":43.26,"rotation":-15.43,"x":63.79,"y":-0.93},{"name":"youdabi","parent":"shenti2","length":43.49,"rotation":100.49,"x":32.66,"y":29.96},{"name":"youxiaobi","parent":"youdabi","length":44.96,"rotation":-24.57,"x":44.53,"y":-0.96},{"name":"youshou2","parent":"zong","x":-86.22,"y":170.53,"color":"ff3f00ff"},{"name":"cheba","parent":"youshou2","length":28.11,"rotation":-46.96,"x":-21.23,"y":-5.94},{"name":"xiaba","parent":"tou","x":14.76,"y":34.54},{"name":"koudai","parent":"shenti","length":35.69,"rotation":158.42,"x":-11.14,"y":-56.97},{"name":"zuoyan","parent":"tou","x":37.62,"y":-4.75},{"name":"youyan","parent":"tou","x":60.01,"y":32.3},{"name":"youtong","parent":"youyan","x":3.68,"y":-1.85},{"name":"zuotong","parent":"zuoyan","x":-2.79,"y":-3.88},{"name":"youdatui","parent":"jjuese","length":35.01,"rotation":-94.01,"x":-45.16,"y":-15.33},{"name":"youxiaotui","parent":"youdatui","length":23.98,"rotation":6.5,"x":35.52,"y":-0.29},{"name":"zuo","parent":"zong","x":66.68,"y":46.63,"color":"ff3f00ff"},{"name":"you","parent":"zong","x":21.52,"y":58.47,"color":"ff3f00ff"},{"name":"qiu1","parent":"che","x":36.83,"y":78.53},{"name":"qiu0","parent":"ganpo","x":262.23,"y":-80.54},{"name":"zuoshou2","parent":"zong","length":20,"rotation":151.9,"x":1.57,"y":134.59,"color":"ff3f00ff"},{"name":"qiu3","parent":"che","x":90.42,"y":64.47},{"name":"qiu2","parent":"che","x":75.67,"y":87.82},{"name":"qiu4","parent":"che","x":54.06,"y":60.03},{"name":"lunzi3","parent":"lunzi","x":6.03,"y":5.16},{"name":"yan4","parent":"baozha","rotation":31.21,"x":117.26,"y":124.96,"scaleX":0.5,"scaleY":0.5},{"name":"yan5","parent":"baozha","x":47.15,"y":38.02},{"name":"yan6","parent":"baozha","x":10.1,"y":41.04,"scaleX":1.2,"scaleY":1.2},{"name":"yan7","parent":"baozha","rotation":58.89,"x":-66.25,"y":0.22,"scaleX":1.2,"scaleY":1.2},{"name":"yan8","parent":"baozha","rotation":31.21,"x":-114.64,"y":121.93,"scaleX":0.6,"scaleY":0.6},{"name":"yan9","parent":"baozha","rotation":31.21,"x":-193.26,"y":59.94,"scaleX":0.5,"scaleY":0.5},{"name":"yan10","parent":"baozha","rotation":31.21,"x":-36.77,"y":-121.5,"scaleX":0.4,"scaleY":0.4},{"name":"yan11","parent":"baozha","rotation":31.21,"x":106.87,"y":-51.95,"scaleX":0.5,"scaleY":0.5},{"name":"yan12","parent":"baozha","rotation":31.21,"x":-104.05,"y":-101.09,"scaleX":0.5,"scaleY":0.5},{"name":"yan13","parent":"baozha","rotation":58.89,"x":2.48,"y":0.22,"scaleX":1.4,"scaleY":1.4}],"slots":[{"name":"youjiao","bone":"you","attachment":"youjiao"},{"name":"youxiaotui","bone":"youxiaotui","attachment":"youxiaotui"},{"name":"youdatui","bone":"youdatui","attachment":"youdatui"},{"name":"cheba","bone":"cheba","attachment":"cheba"},{"name":"youshou","bone":"youshou2","attachment":"youshou"},{"name":"youxiaobi","bone":"youxiaobi","attachment":"youxiaobi"},{"name":"youdabi","bone":"youdabi","attachment":"youdabi"},{"name":"shenti","bone":"shenti","attachment":"shenti"},{"name":"zuojiao","bone":"zuo","attachment":"zuojiao"},{"name":"zuoxiaotui","bone":"zuoxiaotui","attachment":"zuoxiaotui"},{"name":"zuodatui","bone":"zuodatui","attachment":"zuodatui"},{"name":"koudai","bone":"koudai","attachment":"koudai"},{"name":"zuoshou","bone":"zuoshou2","attachment":"zuoshou"},{"name":"zuoxiaobi","bone":"zuoxiaobi","attachment":"zuoxiaobi"},{"name":"zuodabi","bone":"zuodabi","attachment":"zuodabi"},{"name":"tou","bone":"tou","attachment":"tou"},{"name":"zuoyan","bone":"zuoyan","attachment":"zuoyan"},{"name":"zuotong","bone":"zuotong","attachment":"zuotong"},{"name":"youyan","bone":"youyan","attachment":"youyan"},{"name":"youtong","bone":"youtong","attachment":"youtong"},{"name":"xiaba","bone":"xiaba","attachment":"xiaba"},{"name":"che","bone":"che","attachment":"che"},{"name":"lvban","bone":"lvban","attachment":"lvban"},{"name":"tanhuang","bone":"tanhuang2","attachment":"tanhuang"},{"name":"gan","bone":"ganpo","attachment":"gan"},{"name":"ganpo","bone":"ganpo2"},{"name":"qiu0","bone":"qiu0","attachment":"qiu"},{"name":"kuangzhe","bone":"ganpo","attachment":"kuangzhe"},{"name":"lianjie","bone":"che","attachment":"lianjie"},{"name":"lankuang","bone":"lankuangzhe","attachment":"lankuang"},{"name":"qiu","bone":"qiu1","attachment":"qiu"},{"name":"qiu2","bone":"qiu2","attachment":"qiu"},{"name":"qiu3","bone":"qiu3","attachment":"qiu"},{"name":"qiu4","bone":"qiu4","attachment":"qiu"},{"name":"lankuangzhe","bone":"lankuangzhe","attachment":"lankuangzhe"},{"name":"peijian","bone":"peijian","attachment":"peijian"},{"name":"yancong","bone":"yancong","attachment":"yancong"},{"name":"lunhou","bone":"zong","attachment":"lunhou"},{"name":"lunqian","bone":"lunqian","attachment":"lunqian"},{"name":"lingjian6","bone":"lingjian6"},{"name":"lingjian5","bone":"lingjian5"},{"name":"lingjian4","bone":"lingjian4"},{"name":"lingjian3","bone":"lingjian3"},{"name":"lingjian2","bone":"lingjian2"},{"name":"lingjian1","bone":"lingjian1"},{"name":"yan1","bone":"yan1"},{"name":"yan2","bone":"yan2"},{"name":"yan3","bone":"yan3"},{"name":"yan","bone":"yan"},{"name":"yan4","bone":"yan4"},{"name":"yan27","bone":"yan12"},{"name":"yan23","bone":"yan11"},{"name":"yan19","bone":"yan10"},{"name":"yan15","bone":"yan9"},{"name":"yan10","bone":"yan8"},{"name":"yan8","bone":"yan4"},{"name":"yan28","bone":"yan12"},{"name":"yan24","bone":"yan11"},{"name":"yan20","bone":"yan10"},{"name":"yan16","bone":"yan9"},{"name":"yan11","bone":"yan8"},{"name":"yan9","bone":"yan4"},{"name":"yan29","bone":"yan12"},{"name":"yan25","bone":"yan11"},{"name":"yan21","bone":"yan10"},{"name":"yan17","bone":"yan9"},{"name":"yan13","bone":"yan4"},{"name":"yan30","bone":"yan12"},{"name":"yan26","bone":"yan11"},{"name":"yan22","bone":"yan10"},{"name":"yan18","bone":"yan9"},{"name":"yan12","bone":"yan8"},{"name":"yan14","bone":"yan8"},{"name":"yan5","bone":"yan5"},{"name":"yan6","bone":"yan6"},{"name":"yan7","bone":"yan7"},{"name":"yan31","bone":"yan13"},{"name":"lunzi","bone":"lunzi","attachment":"lunzi"},{"name":"lunzi0","bone":"lunzi3","attachment":"lunzi0"}],"ik":[{"name":"you","order":1,"target":"you","bones":["youdatui","youxiaotui"]},{"name":"youshou","order":2,"target":"youshou2","bendPositive":false,"bones":["youdabi","youxiaobi"]},{"name":"zuo","target":"zuo","bones":["zuodatui","zuoxiaotui"]},{"name":"zuoshou","order":3,"target":"zuoshou2","bendPositive":false,"bones":["zuodabi","zuoxiaobi"]}],"skins":[{"name":"che1","attachments":{"che":{"che":{"x":-5.83,"y":55.52,"width":336,"height":176}},"cheba":{"cheba":{"x":13.57,"y":0.06,"rotation":56.58,"width":26,"height":35}},"gan":{"gan":{"x":107.02,"y":-30.15,"rotation":-25.43,"width":379,"height":171}},"ganpo":{"ganpo":{"x":167.8,"y":-27.98,"rotation":-25.65,"width":379,"height":166}},"koudai":{"koudai":{"x":16.94,"y":-1.31,"rotation":79.51,"width":25,"height":51}},"kuangzhe":{"kuangzhe":{"x":249.16,"y":-93.1,"rotation":-25.43,"width":60,"height":33}},"lankuang":{"lankuang":{"x":6.61,"y":14.22,"width":129,"height":82}},"lankuangzhe":{"lankuangzhe":{"x":6.61,"y":13.72,"width":129,"height":81}},"lianjie":{"lianjie":{"x":-47.22,"y":88.87,"width":103,"height":65}},"lingjian1":{"lingjian1":{"x":1,"y":-1.59,"width":56,"height":57}},"lingjian2":{"lingjian2":{"x":2.41,"y":2.73,"width":49,"height":52}},"lingjian3":{"lingjian3":{"x":1.74,"y":-3.55,"width":39,"height":46}},"lingjian4":{"lingjian4":{"x":-0.72,"y":0.47,"width":36,"height":40}},"lingjian5":{"lingjian5":{"x":1.71,"y":-1.85,"width":52,"height":17}},"lingjian6":{"lingjian6":{"x":7.74,"y":0.18,"width":51,"height":42}},"lunhou":{"lunhou":{"x":110.55,"y":18.14,"width":108,"height":102}},"lunqian":{"lunqian":{"width":101,"height":100}},"lunzi":{"lunzi":{"x":2.29,"y":4.85,"rotation":-63.61,"width":58,"height":57}},"lunzi0":{"lunzi0":{"width":58,"height":57}},"lvban":{"lvban":{"x":1.63,"y":9.54,"width":64,"height":115}},"peijian":{"peijian":{"x":0.36,"y":0.49,"width":32,"height":40}},"qiu":{"qiu":{"x":-11.84,"y":-6.19,"width":85,"height":61}},"qiu0":{"qiu":{"x":-12.23,"y":5.09,"rotation":-25.43,"width":85,"height":61}},"qiu2":{"qiu":{"x":-11.84,"y":-6.19,"width":85,"height":61}},"qiu3":{"qiu":{"x":-11.84,"y":-6.19,"width":85,"height":61}},"qiu4":{"qiu":{"x":-11.84,"y":-6.19,"width":85,"height":61}},"shenti":{"shenti":{"type":"mesh","hull":22,"width":164,"height":177,"uvs":[0.40993,0.0051,0.41478,0.00968,0.63338,0.10838,0.732,0.16964,0.809,0.24056,0.93558,0.41476,0.99412,0.61104,0.99495,0.66921,0.95478,0.75522,0.76757,0.89852,0.58368,0.99482,0.44897,0.99487,0.28068,0.96047,0.14083,0.83175,0.08596,0.73046,0.07306,0.59818,0.07326,0.57692,0.00584,0.45179,0.00597,0.27456,0.04048,0.15,0.11884,0.06491,0.25097,0.0056],"triangles":[20,18,19,21,16,18,17,18,16,21,14,16,15,16,14,18,20,21,21,0,1,1,14,21,2,14,1,4,13,14,6,9,5,8,6,7,4,12,13,14,3,4,9,4,5,8,9,6,3,14,2,4,11,12,4,9,11,10,11,9],"vertices":[2,27,129.65,-40.77,0.1279,28,69.08,-41.29,0.8721,2,27,128.54,-41.01,0.13235,28,67.97,-41.53,0.86765,2,27,94.7,-62.12,0.56906,28,34.04,-62.48,0.43094,2,27,76.93,-70.07,0.78258,28,16.23,-70.36,0.21742,2,27,59.59,-74.1,0.91131,28,-1.13,-74.32,0.08869,2,27,22.44,-75.32,0.99951,28,-38.29,-75.37,0.00049,2,21,61.46,26.77,0.02109,27,-12.1,-65.01,0.97891,2,21,61.59,16.47,0.04614,27,-20.9,-59.66,0.95386,2,21,55,1.25,0.12738,27,-30.3,-45.99,0.87262,3,21,24.3,-24.12,0.7825,27,-35.49,-6.51,0.21738,28,-95.91,-6.31,0.00012,2,21,-5.86,-41.16,0.96005,28,-94.2,28.29,0.03995,3,21,-27.95,-41.17,0.84891,27,-22.2,46.83,0.02874,28,-82.39,46.96,0.12235,3,21,-55.55,-35.08,0.62197,27,-2.38,66.98,0.08556,28,-62.49,67.03,0.29247,3,21,-78.48,-12.3,0.35885,27,29.1,74.32,0.09064,28,-30.97,74.23,0.55051,3,21,-87.48,5.63,0.23231,27,49.07,72.42,0.05753,28,-11.01,72.25,0.71016,3,21,-89.6,29.04,0.10437,27,70.03,61.78,0.01295,28,9.9,61.52,0.88268,3,21,-89.57,32.81,0.08417,27,73.21,59.76,0.00707,28,13.07,59.48,0.90876,2,21,-100.62,54.95,0.01936,28,37.7,56.99,0.98064,2,21,-100.6,86.32,0.00075,28,64.19,40.2,0.99925,1,28,79.8,23.63,1,2,27,146.03,5.3,0.00015,28,85.66,4.71,0.99985,2,27,143.42,-18.63,0.02269,28,82.94,-19.21,0.97731],"edges":[0,42,0,2,2,4,4,6,6,8,8,10,10,12,12,14,14,16,16,18,18,20,20,22,22,24,24,26,26,28,28,30,30,32,32,34,34,36,36,38,38,40,40,42]}},"tanhuang":{"tanhuang":{"x":18.68,"y":1.94,"rotation":-102.66,"width":31,"height":47}},"tou":{"tou":{"x":38.88,"y":0.92,"rotation":-122.92,"width":103,"height":105}},"xiaba":{"xiaba":{"x":1.67,"y":-3,"rotation":-122.92,"width":46,"height":26}},"yan":{"yan":{"x":1.49,"y":9.22,"width":157,"height":139}},"yan1":{"yan1":{"x":24.78,"y":12.92,"width":165,"height":92}},"yan2":{"yan2":{"x":-4.04,"y":-1.67,"width":54,"height":47}},"yan3":{"yan3":{"x":0.1,"y":1.06,"width":32,"height":27}},"yan4":{"yan":{"x":1.49,"y":9.22,"width":157,"height":139}},"yan5":{"yan":{"x":1.49,"y":9.22,"width":157,"height":139}},"yan6":{"yan":{"x":1.49,"y":9.22,"width":157,"height":139}},"yan7":{"yan":{"x":1.49,"y":9.22,"width":157,"height":139}},"yan8":{"yan":{"x":1.49,"y":9.22,"width":157,"height":139}},"yan9":{"yan":{"x":1.49,"y":9.22,"width":157,"height":139}},"yan10":{"yan":{"x":1.49,"y":9.22,"width":157,"height":139}},"yan11":{"yan":{"x":1.49,"y":9.22,"width":157,"height":139}},"yan12":{"yan":{"x":1.49,"y":9.22,"width":157,"height":139}},"yan13":{"yan":{"x":1.49,"y":9.22,"width":157,"height":139}},"yan14":{"yan":{"x":1.49,"y":9.22,"width":157,"height":139}},"yan15":{"yan":{"x":1.49,"y":9.22,"width":157,"height":139}},"yan16":{"yan":{"x":1.49,"y":9.22,"width":157,"height":139}},"yan17":{"yan":{"x":1.49,"y":9.22,"width":157,"height":139}},"yan18":{"yan":{"x":1.49,"y":9.22,"width":157,"height":139}},"yan19":{"yan":{"x":1.49,"y":9.22,"width":157,"height":139}},"yan20":{"yan":{"x":1.49,"y":9.22,"width":157,"height":139}},"yan21":{"yan":{"x":1.49,"y":9.22,"width":157,"height":139}},"yan22":{"yan":{"x":1.49,"y":9.22,"width":157,"height":139}},"yan23":{"yan":{"x":1.49,"y":9.22,"width":157,"height":139}},"yan24":{"yan":{"x":1.49,"y":9.22,"width":157,"height":139}},"yan25":{"yan":{"x":1.49,"y":9.22,"width":157,"height":139}},"yan26":{"yan":{"x":1.49,"y":9.22,"width":157,"height":139}},"yan27":{"yan":{"x":1.49,"y":9.22,"width":157,"height":139}},"yan28":{"yan":{"x":1.49,"y":9.22,"width":157,"height":139}},"yan29":{"yan":{"x":1.49,"y":9.22,"width":157,"height":139}},"yan30":{"yan":{"x":1.49,"y":9.22,"width":157,"height":139}},"yan31":{"yan":{"x":1.49,"y":9.22,"width":157,"height":139}},"yancong":{"yancong":{"x":23.75,"y":-4.8,"rotation":-55.49,"width":80,"height":96}},"youdabi":{"youdabi":{"x":23.13,"y":0.04,"rotation":137.19,"width":66,"height":63}},"youdatui":{"youdatui":{"x":16.2,"y":1.21,"rotation":94.01,"width":65,"height":59}},"youjiao":{"youjiao":{"x":4.29,"y":-4.6,"width":68,"height":48}},"youshou":{"youshou":{"x":-14.77,"y":-0.41,"rotation":9.62,"width":45,"height":41}},"youtong":{"youtong":{"x":-0.38,"y":-0.08,"rotation":-122.92,"width":5,"height":6}},"youxiaobi":{"youxiaobi":{"x":15.36,"y":1.45,"rotation":161.75,"width":69,"height":59}},"youxiaotui":{"youxiaotui":{"x":14.88,"y":0.71,"rotation":87.51,"width":62,"height":51}},"youyan":{"youyan":{"x":1.2,"y":-0.57,"rotation":-122.92,"width":25,"height":25}},"zuodabi":{"zuodabi":{"x":34.8,"y":4.23,"rotation":98.91,"width":91,"height":93}},"zuodatui":{"zuodatui":{"x":27.15,"y":5.71,"rotation":94.25,"width":81,"height":90}},"zuojiao":{"zuojiao":{"x":-8.99,"y":10.47,"width":95,"height":48}},"zuoshou":{"zuoshou":{"x":10.74,"y":11.64,"rotation":168.74,"width":53,"height":42}},"zuotong":{"zuotong":{"x":0.3,"y":0.07,"rotation":-122.92,"width":7,"height":7}},"zuoxiaobi":{"zuoxiaobi":{"x":17.83,"y":7.06,"rotation":114.34,"width":72,"height":71}},"zuoxiaotui":{"zuoxiaotui":{"x":21.32,"y":4.4,"rotation":90,"width":72,"height":70}},"zuoyan":{"zuoyan":{"x":-0.99,"y":-2.4,"rotation":-122.92,"width":35,"height":34}}}},{"name":"che1_1","attachments":{"che":{"che":{"x":-5.83,"y":55.52,"width":336,"height":176}},"cheba":{"cheba":{"x":13.57,"y":0.06,"rotation":56.58,"width":26,"height":35}},"gan":{"gan":{"x":107.02,"y":-30.15,"rotation":-25.43,"width":379,"height":171}},"ganpo":{"ganpo":{"x":167.8,"y":-27.98,"rotation":-25.65,"width":379,"height":166}},"koudai":{"koudai":{"x":16.94,"y":-1.31,"rotation":79.51,"width":25,"height":51}},"kuangzhe":{"kuangzhe":{"x":249.16,"y":-93.1,"rotation":-25.43,"width":60,"height":33}},"lankuang":{"lankuang":{"x":6.61,"y":14.22,"width":129,"height":82}},"lankuangzhe":{"lankuangzhe":{"x":6.61,"y":13.72,"width":129,"height":81}},"lianjie":{"lianjie":{"x":-47.22,"y":88.87,"width":103,"height":65}},"lingjian1":{"lingjian1":{"x":1,"y":-1.59,"width":56,"height":57}},"lingjian2":{"lingjian2":{"x":2.41,"y":2.73,"width":49,"height":52}},"lingjian3":{"lingjian3":{"x":1.74,"y":-3.55,"width":39,"height":46}},"lingjian4":{"lingjian4":{"x":-0.72,"y":0.47,"width":36,"height":40}},"lingjian5":{"lingjian5":{"x":1.71,"y":-1.85,"width":52,"height":17}},"lingjian6":{"lingjian6":{"x":7.74,"y":0.18,"width":51,"height":42}},"lunhou":{"lunhou":{"x":110.55,"y":18.14,"width":108,"height":102}},"lunqian":{"lunqian":{"width":101,"height":100}},"lunzi":{"lunzi":{"x":2.29,"y":4.85,"rotation":-63.61,"width":58,"height":57}},"lunzi0":{"lunzi0":{"width":58,"height":57}},"lvban":{"lvban":{"x":1.63,"y":9.54,"width":64,"height":115}},"peijian":{"peijian":{"x":0.36,"y":0.49,"width":32,"height":40}},"qiu0":{"qiu":{"x":-12.23,"y":5.09,"rotation":-25.43,"width":85,"height":61}},"shenti":{"shenti":{"type":"mesh","hull":22,"width":164,"height":177,"uvs":[0.40993,0.0051,0.41478,0.00968,0.63338,0.10838,0.732,0.16964,0.809,0.24056,0.93558,0.41476,0.99412,0.61104,0.99495,0.66921,0.95478,0.75522,0.76757,0.89852,0.58368,0.99482,0.44897,0.99487,0.28068,0.96047,0.14083,0.83175,0.08596,0.73046,0.07306,0.59818,0.07326,0.57692,0.00584,0.45179,0.00597,0.27456,0.04048,0.15,0.11884,0.06491,0.25097,0.0056],"triangles":[20,18,19,21,16,18,17,18,16,21,14,16,15,16,14,18,20,21,21,0,1,1,14,21,2,14,1,4,13,14,6,9,5,8,6,7,4,12,13,14,3,4,9,4,5,8,9,6,3,14,2,4,11,12,4,9,11,10,11,9],"vertices":[2,27,129.65,-40.77,0.1279,28,69.08,-41.29,0.8721,2,27,128.54,-41.01,0.13235,28,67.97,-41.53,0.86765,2,27,94.7,-62.12,0.56906,28,34.04,-62.48,0.43094,2,27,76.93,-70.07,0.78258,28,16.23,-70.36,0.21742,2,27,59.59,-74.1,0.91131,28,-1.13,-74.32,0.08869,2,27,22.44,-75.32,0.99951,28,-38.29,-75.37,0.00049,2,21,61.46,26.77,0.02109,27,-12.1,-65.01,0.97891,2,21,61.59,16.47,0.04614,27,-20.9,-59.66,0.95386,2,21,55,1.25,0.12738,27,-30.3,-45.99,0.87262,3,21,24.3,-24.12,0.7825,27,-35.49,-6.51,0.21738,28,-95.91,-6.31,0.00012,2,21,-5.86,-41.16,0.96005,28,-94.2,28.29,0.03995,3,21,-27.95,-41.17,0.84891,27,-22.2,46.83,0.02874,28,-82.39,46.96,0.12235,3,21,-55.55,-35.08,0.62197,27,-2.38,66.98,0.08556,28,-62.49,67.03,0.29247,3,21,-78.48,-12.3,0.35885,27,29.1,74.32,0.09064,28,-30.97,74.23,0.55051,3,21,-87.48,5.63,0.23231,27,49.07,72.42,0.05753,28,-11.01,72.25,0.71016,3,21,-89.6,29.04,0.10437,27,70.03,61.78,0.01295,28,9.9,61.52,0.88268,3,21,-89.57,32.81,0.08417,27,73.21,59.76,0.00707,28,13.07,59.48,0.90876,2,21,-100.62,54.95,0.01936,28,37.7,56.99,0.98064,2,21,-100.6,86.32,0.00075,28,64.19,40.2,0.99925,1,28,79.8,23.63,1,2,27,146.03,5.3,0.00015,28,85.66,4.71,0.99985,2,27,143.42,-18.63,0.02269,28,82.94,-19.21,0.97731],"edges":[0,42,0,2,2,4,4,6,6,8,8,10,10,12,12,14,14,16,16,18,18,20,20,22,22,24,24,26,26,28,28,30,30,32,32,34,34,36,36,38,38,40,40,42]}},"tanhuang":{"tanhuang":{"x":18.68,"y":1.94,"rotation":-102.66,"width":31,"height":47}},"tou":{"tou":{"x":38.88,"y":0.92,"rotation":-122.92,"width":103,"height":105}},"xiaba":{"xiaba":{"x":1.67,"y":-3,"rotation":-122.92,"width":46,"height":26}},"yan":{"yan":{"x":1.49,"y":9.22,"width":157,"height":139}},"yan1":{"yan1":{"x":24.78,"y":12.92,"width":165,"height":92}},"yan2":{"yan2":{"x":-4.04,"y":-1.67,"width":54,"height":47}},"yan3":{"yan3":{"x":0.1,"y":1.06,"width":32,"height":27}},"yan4":{"yan":{"x":1.49,"y":9.22,"width":157,"height":139}},"yan5":{"yan":{"x":1.49,"y":9.22,"width":157,"height":139}},"yan6":{"yan":{"x":1.49,"y":9.22,"width":157,"height":139}},"yan7":{"yan":{"x":1.49,"y":9.22,"width":157,"height":139}},"yan8":{"yan":{"x":1.49,"y":9.22,"width":157,"height":139}},"yan9":{"yan":{"x":1.49,"y":9.22,"width":157,"height":139}},"yan10":{"yan":{"x":1.49,"y":9.22,"width":157,"height":139}},"yan11":{"yan":{"x":1.49,"y":9.22,"width":157,"height":139}},"yan12":{"yan":{"x":1.49,"y":9.22,"width":157,"height":139}},"yan13":{"yan":{"x":1.49,"y":9.22,"width":157,"height":139}},"yan14":{"yan":{"x":1.49,"y":9.22,"width":157,"height":139}},"yan15":{"yan":{"x":1.49,"y":9.22,"width":157,"height":139}},"yan16":{"yan":{"x":1.49,"y":9.22,"width":157,"height":139}},"yan17":{"yan":{"x":1.49,"y":9.22,"width":157,"height":139}},"yan18":{"yan":{"x":1.49,"y":9.22,"width":157,"height":139}},"yan19":{"yan":{"x":1.49,"y":9.22,"width":157,"height":139}},"yan20":{"yan":{"x":1.49,"y":9.22,"width":157,"height":139}},"yan21":{"yan":{"x":1.49,"y":9.22,"width":157,"height":139}},"yan22":{"yan":{"x":1.49,"y":9.22,"width":157,"height":139}},"yan23":{"yan":{"x":1.49,"y":9.22,"width":157,"height":139}},"yan24":{"yan":{"x":1.49,"y":9.22,"width":157,"height":139}},"yan25":{"yan":{"x":1.49,"y":9.22,"width":157,"height":139}},"yan26":{"yan":{"x":1.49,"y":9.22,"width":157,"height":139}},"yan27":{"yan":{"x":1.49,"y":9.22,"width":157,"height":139}},"yan28":{"yan":{"x":1.49,"y":9.22,"width":157,"height":139}},"yan29":{"yan":{"x":1.49,"y":9.22,"width":157,"height":139}},"yan30":{"yan":{"x":1.49,"y":9.22,"width":157,"height":139}},"yan31":{"yan":{"x":1.49,"y":9.22,"width":157,"height":139}},"yancong":{"yancong":{"x":23.75,"y":-4.8,"rotation":-55.49,"width":80,"height":96}},"youdabi":{"youdabi":{"x":23.13,"y":0.04,"rotation":137.19,"width":66,"height":63}},"youdatui":{"youdatui":{"x":16.2,"y":1.21,"rotation":94.01,"width":65,"height":59}},"youjiao":{"youjiao":{"x":4.29,"y":-4.6,"width":68,"height":48}},"youshou":{"youshou":{"x":-14.77,"y":-0.41,"rotation":9.62,"width":45,"height":41}},"youtong":{"youtong":{"x":-0.38,"y":-0.08,"rotation":-122.92,"width":5,"height":6}},"youxiaobi":{"youxiaobi":{"x":15.36,"y":1.45,"rotation":161.75,"width":69,"height":59}},"youxiaotui":{"youxiaotui":{"x":14.88,"y":0.71,"rotation":87.51,"width":62,"height":51}},"youyan":{"youyan":{"x":1.2,"y":-0.57,"rotation":-122.92,"width":25,"height":25}},"zuodabi":{"zuodabi":{"x":34.8,"y":4.23,"rotation":98.91,"width":91,"height":93}},"zuodatui":{"zuodatui":{"x":27.15,"y":5.71,"rotation":94.25,"width":81,"height":90}},"zuojiao":{"zuojiao":{"x":-8.99,"y":10.47,"width":95,"height":48}},"zuoshou":{"zuoshou":{"x":10.74,"y":11.64,"rotation":168.74,"width":53,"height":42}},"zuotong":{"zuotong":{"x":0.3,"y":0.07,"rotation":-122.92,"width":7,"height":7}},"zuoxiaobi":{"zuoxiaobi":{"x":17.83,"y":7.06,"rotation":114.34,"width":72,"height":71}},"zuoxiaotui":{"zuoxiaotui":{"x":21.32,"y":4.4,"rotation":90,"width":72,"height":70}},"zuoyan":{"zuoyan":{"x":-0.99,"y":-2.4,"rotation":-122.92,"width":35,"height":34}}}},{"name":"che2","attachments":{"che":{"che":{"x":-5.83,"y":55.52,"width":336,"height":176}},"cheba":{"cheba":{"x":13.57,"y":0.06,"rotation":56.58,"width":26,"height":35}},"gan":{"gan":{"name":"ganpo","x":107.02,"y":-30.15,"rotation":-25.43,"width":379,"height":166}},"ganpo":{"ganpo":{"x":167.8,"y":-27.98,"rotation":-25.65,"width":379,"height":166}},"koudai":{"koudai":{"x":16.94,"y":-1.31,"rotation":79.51,"width":25,"height":51}},"kuangzhe":{"kuangzhe":{"x":249.16,"y":-93.1,"rotation":-25.43,"width":60,"height":33}},"lankuang":{"lankuang":{"x":6.61,"y":14.22,"width":129,"height":82}},"lankuangzhe":{"lankuangzhe":{"x":6.61,"y":13.72,"width":129,"height":81}},"lianjie":{"lianjie":{"x":-47.22,"y":88.87,"width":103,"height":65}},"lingjian1":{"lingjian1":{"x":1,"y":-1.59,"width":56,"height":57}},"lingjian2":{"lingjian2":{"x":2.41,"y":2.73,"width":49,"height":52}},"lingjian3":{"lingjian3":{"x":1.74,"y":-3.55,"width":39,"height":46}},"lingjian4":{"lingjian4":{"x":-0.72,"y":0.47,"width":36,"height":40}},"lingjian5":{"lingjian5":{"x":1.71,"y":-1.85,"width":52,"height":17}},"lingjian6":{"lingjian6":{"x":7.74,"y":0.18,"width":51,"height":42}},"lunhou":{"lunhou":{"x":110.55,"y":18.14,"width":108,"height":102}},"lunqian":{"lunqian":{"width":101,"height":100}},"lunzi":{"lunzi":{"x":2.29,"y":4.85,"rotation":-63.61,"width":58,"height":57}},"lunzi0":{"lunzi0":{"width":58,"height":57}},"lvban":{"lvban":{"name":"lvban2","x":1.63,"y":9.54,"width":61,"height":113}},"peijian":{"peijian":{"x":0.36,"y":0.49,"width":32,"height":40}},"qiu":{"qiu":{"x":-11.84,"y":-6.19,"width":85,"height":61}},"qiu0":{"qiu":{"x":-12.23,"y":5.09,"rotation":-25.43,"width":85,"height":61}},"qiu2":{"qiu":{"x":-11.84,"y":-6.19,"width":85,"height":61}},"qiu3":{"qiu":{"x":-11.84,"y":-6.19,"width":85,"height":61}},"qiu4":{"qiu":{"x":-11.84,"y":-6.19,"width":85,"height":61}},"shenti":{"shenti":{"type":"mesh","hull":22,"width":164,"height":177,"uvs":[0.40993,0.0051,0.41478,0.00968,0.63338,0.10838,0.732,0.16964,0.809,0.24056,0.93558,0.41476,0.99412,0.61104,0.99495,0.66921,0.95478,0.75522,0.76757,0.89852,0.58368,0.99482,0.44897,0.99487,0.28068,0.96047,0.14083,0.83175,0.08596,0.73046,0.07306,0.59818,0.07326,0.57692,0.00584,0.45179,0.00597,0.27456,0.04048,0.15,0.11884,0.06491,0.25097,0.0056],"triangles":[20,18,19,21,16,18,17,18,16,21,14,16,15,16,14,18,20,21,21,0,1,1,14,21,2,14,1,4,13,14,6,9,5,8,6,7,4,12,13,14,3,4,9,4,5,8,9,6,3,14,2,4,11,12,4,9,11,10,11,9],"vertices":[2,27,129.65,-40.77,0.1279,28,69.08,-41.29,0.8721,2,27,128.54,-41.01,0.13235,28,67.97,-41.53,0.86765,2,27,94.7,-62.12,0.56906,28,34.04,-62.48,0.43094,2,27,76.93,-70.07,0.78258,28,16.23,-70.36,0.21742,2,27,59.59,-74.1,0.91131,28,-1.13,-74.32,0.08869,2,27,22.44,-75.32,0.99951,28,-38.29,-75.37,0.00049,2,21,61.46,26.77,0.02109,27,-12.1,-65.01,0.97891,2,21,61.59,16.47,0.04614,27,-20.9,-59.66,0.95386,2,21,55,1.25,0.12738,27,-30.3,-45.99,0.87262,3,21,24.3,-24.12,0.7825,27,-35.49,-6.51,0.21738,28,-95.91,-6.31,0.00012,2,21,-5.86,-41.16,0.96005,28,-94.2,28.29,0.03995,3,21,-27.95,-41.17,0.84891,27,-22.2,46.83,0.02874,28,-82.39,46.96,0.12235,3,21,-55.55,-35.08,0.62197,27,-2.38,66.98,0.08556,28,-62.49,67.03,0.29247,3,21,-78.48,-12.3,0.35885,27,29.1,74.32,0.09064,28,-30.97,74.23,0.55051,3,21,-87.48,5.63,0.23231,27,49.07,72.42,0.05753,28,-11.01,72.25,0.71016,3,21,-89.6,29.04,0.10437,27,70.03,61.78,0.01295,28,9.9,61.52,0.88268,3,21,-89.57,32.81,0.08417,27,73.21,59.76,0.00707,28,13.07,59.48,0.90876,2,21,-100.62,54.95,0.01936,28,37.7,56.99,0.98064,2,21,-100.6,86.32,0.00075,28,64.19,40.2,0.99925,1,28,79.8,23.63,1,2,27,146.03,5.3,0.00015,28,85.66,4.71,0.99985,2,27,143.42,-18.63,0.02269,28,82.94,-19.21,0.97731],"edges":[0,42,0,2,2,4,4,6,6,8,8,10,10,12,12,14,14,16,16,18,18,20,20,22,22,24,24,26,26,28,28,30,30,32,32,34,34,36,36,38,38,40,40,42]}},"tanhuang":{"tanhuang":{"x":18.68,"y":1.94,"rotation":-102.66,"width":31,"height":47}},"tou":{"tou":{"x":38.88,"y":0.92,"rotation":-122.92,"width":103,"height":105}},"xiaba":{"xiaba":{"x":1.67,"y":-3,"rotation":-122.92,"width":46,"height":26}},"yan":{"yan":{"x":1.49,"y":9.22,"width":157,"height":139}},"yan1":{"yan1":{"x":24.78,"y":12.92,"width":165,"height":92}},"yan2":{"yan2":{"x":-4.04,"y":-1.67,"width":54,"height":47}},"yan3":{"yan3":{"x":0.1,"y":1.06,"width":32,"height":27}},"yan4":{"yan":{"x":1.49,"y":9.22,"width":157,"height":139}},"yan5":{"yan":{"x":1.49,"y":9.22,"width":157,"height":139}},"yan6":{"yan":{"x":1.49,"y":9.22,"width":157,"height":139}},"yan7":{"yan":{"x":1.49,"y":9.22,"width":157,"height":139}},"yan8":{"yan":{"x":1.49,"y":9.22,"width":157,"height":139}},"yan9":{"yan":{"x":1.49,"y":9.22,"width":157,"height":139}},"yan10":{"yan":{"x":1.49,"y":9.22,"width":157,"height":139}},"yan11":{"yan":{"x":1.49,"y":9.22,"width":157,"height":139}},"yan12":{"yan":{"x":1.49,"y":9.22,"width":157,"height":139}},"yan13":{"yan":{"x":1.49,"y":9.22,"width":157,"height":139}},"yan14":{"yan":{"x":1.49,"y":9.22,"width":157,"height":139}},"yan15":{"yan":{"x":1.49,"y":9.22,"width":157,"height":139}},"yan16":{"yan":{"x":1.49,"y":9.22,"width":157,"height":139}},"yan17":{"yan":{"x":1.49,"y":9.22,"width":157,"height":139}},"yan18":{"yan":{"x":1.49,"y":9.22,"width":157,"height":139}},"yan19":{"yan":{"x":1.49,"y":9.22,"width":157,"height":139}},"yan20":{"yan":{"x":1.49,"y":9.22,"width":157,"height":139}},"yan21":{"yan":{"x":1.49,"y":9.22,"width":157,"height":139}},"yan22":{"yan":{"x":1.49,"y":9.22,"width":157,"height":139}},"yan23":{"yan":{"x":1.49,"y":9.22,"width":157,"height":139}},"yan24":{"yan":{"x":1.49,"y":9.22,"width":157,"height":139}},"yan25":{"yan":{"x":1.49,"y":9.22,"width":157,"height":139}},"yan26":{"yan":{"x":1.49,"y":9.22,"width":157,"height":139}},"yan27":{"yan":{"x":1.49,"y":9.22,"width":157,"height":139}},"yan28":{"yan":{"x":1.49,"y":9.22,"width":157,"height":139}},"yan29":{"yan":{"x":1.49,"y":9.22,"width":157,"height":139}},"yan30":{"yan":{"x":1.49,"y":9.22,"width":157,"height":139}},"yan31":{"yan":{"x":1.49,"y":9.22,"width":157,"height":139}},"yancong":{"yancong":{"x":23.75,"y":-4.8,"rotation":-55.49,"width":80,"height":96}},"youdabi":{"youdabi":{"x":23.13,"y":0.04,"rotation":137.19,"width":66,"height":63}},"youdatui":{"youdatui":{"x":16.2,"y":1.21,"rotation":94.01,"width":65,"height":59}},"youjiao":{"youjiao":{"x":4.29,"y":-4.6,"width":68,"height":48}},"youshou":{"youshou":{"x":-14.77,"y":-0.41,"rotation":9.62,"width":45,"height":41}},"youtong":{"youtong":{"x":-0.38,"y":-0.08,"rotation":-122.92,"width":5,"height":6}},"youxiaobi":{"youxiaobi":{"x":15.36,"y":1.45,"rotation":161.75,"width":69,"height":59}},"youxiaotui":{"youxiaotui":{"x":14.88,"y":0.71,"rotation":87.51,"width":62,"height":51}},"youyan":{"youyan":{"x":1.2,"y":-0.57,"rotation":-122.92,"width":25,"height":25}},"zuodabi":{"zuodabi":{"x":34.8,"y":4.23,"rotation":98.91,"width":91,"height":93}},"zuodatui":{"zuodatui":{"x":27.15,"y":5.71,"rotation":94.25,"width":81,"height":90}},"zuojiao":{"zuojiao":{"x":-8.99,"y":10.47,"width":95,"height":48}},"zuoshou":{"zuoshou":{"x":10.74,"y":11.64,"rotation":168.74,"width":53,"height":42}},"zuotong":{"zuotong":{"x":0.3,"y":0.07,"rotation":-122.92,"width":7,"height":7}},"zuoxiaobi":{"zuoxiaobi":{"x":17.83,"y":7.06,"rotation":114.34,"width":72,"height":71}},"zuoxiaotui":{"zuoxiaotui":{"x":21.32,"y":4.4,"rotation":90,"width":72,"height":70}},"zuoyan":{"zuoyan":{"x":-0.99,"y":-2.4,"rotation":-122.92,"width":35,"height":34}}}},{"name":"che2_1","attachments":{"che":{"che":{"x":-5.83,"y":55.52,"width":336,"height":176}},"cheba":{"cheba":{"x":13.57,"y":0.06,"rotation":56.58,"width":26,"height":35}},"gan":{"gan":{"name":"ganpo","x":107.02,"y":-30.15,"rotation":-25.43,"width":379,"height":166}},"ganpo":{"ganpo":{"x":167.8,"y":-27.98,"rotation":-25.65,"width":379,"height":166}},"koudai":{"koudai":{"x":16.94,"y":-1.31,"rotation":79.51,"width":25,"height":51}},"kuangzhe":{"kuangzhe":{"x":249.16,"y":-93.1,"rotation":-25.43,"width":60,"height":33}},"lankuang":{"lankuang":{"x":6.61,"y":14.22,"width":129,"height":82}},"lankuangzhe":{"lankuangzhe":{"x":6.61,"y":13.72,"width":129,"height":81}},"lianjie":{"lianjie":{"x":-47.22,"y":88.87,"width":103,"height":65}},"lingjian1":{"lingjian1":{"x":1,"y":-1.59,"width":56,"height":57}},"lingjian2":{"lingjian2":{"x":2.41,"y":2.73,"width":49,"height":52}},"lingjian3":{"lingjian3":{"x":1.74,"y":-3.55,"width":39,"height":46}},"lingjian4":{"lingjian4":{"x":-0.72,"y":0.47,"width":36,"height":40}},"lingjian5":{"lingjian5":{"x":1.71,"y":-1.85,"width":52,"height":17}},"lingjian6":{"lingjian6":{"x":7.74,"y":0.18,"width":51,"height":42}},"lunhou":{"lunhou":{"x":110.55,"y":18.14,"width":108,"height":102}},"lunqian":{"lunqian":{"width":101,"height":100}},"lunzi":{"lunzi":{"x":2.29,"y":4.85,"rotation":-63.61,"width":58,"height":57}},"lunzi0":{"lunzi0":{"width":58,"height":57}},"lvban":{"lvban":{"name":"lvban2","x":1.63,"y":9.54,"width":61,"height":113}},"peijian":{"peijian":{"x":0.36,"y":0.49,"width":32,"height":40}},"qiu0":{"qiu":{"x":-12.23,"y":5.09,"rotation":-25.43,"width":85,"height":61}},"shenti":{"shenti":{"type":"mesh","hull":22,"width":164,"height":177,"uvs":[0.40993,0.0051,0.41478,0.00968,0.63338,0.10838,0.732,0.16964,0.809,0.24056,0.93558,0.41476,0.99412,0.61104,0.99495,0.66921,0.95478,0.75522,0.76757,0.89852,0.58368,0.99482,0.44897,0.99487,0.28068,0.96047,0.14083,0.83175,0.08596,0.73046,0.07306,0.59818,0.07326,0.57692,0.00584,0.45179,0.00597,0.27456,0.04048,0.15,0.11884,0.06491,0.25097,0.0056],"triangles":[20,18,19,21,16,18,17,18,16,21,14,16,15,16,14,18,20,21,21,0,1,1,14,21,2,14,1,4,13,14,6,9,5,8,6,7,4,12,13,14,3,4,9,4,5,8,9,6,3,14,2,4,11,12,4,9,11,10,11,9],"vertices":[2,27,129.65,-40.77,0.1279,28,69.08,-41.29,0.8721,2,27,128.54,-41.01,0.13235,28,67.97,-41.53,0.86765,2,27,94.7,-62.12,0.56906,28,34.04,-62.48,0.43094,2,27,76.93,-70.07,0.78258,28,16.23,-70.36,0.21742,2,27,59.59,-74.1,0.91131,28,-1.13,-74.32,0.08869,2,27,22.44,-75.32,0.99951,28,-38.29,-75.37,0.00049,2,21,61.46,26.77,0.02109,27,-12.1,-65.01,0.97891,2,21,61.59,16.47,0.04614,27,-20.9,-59.66,0.95386,2,21,55,1.25,0.12738,27,-30.3,-45.99,0.87262,3,21,24.3,-24.12,0.7825,27,-35.49,-6.51,0.21738,28,-95.91,-6.31,0.00012,2,21,-5.86,-41.16,0.96005,28,-94.2,28.29,0.03995,3,21,-27.95,-41.17,0.84891,27,-22.2,46.83,0.02874,28,-82.39,46.96,0.12235,3,21,-55.55,-35.08,0.62197,27,-2.38,66.98,0.08556,28,-62.49,67.03,0.29247,3,21,-78.48,-12.3,0.35885,27,29.1,74.32,0.09064,28,-30.97,74.23,0.55051,3,21,-87.48,5.63,0.23231,27,49.07,72.42,0.05753,28,-11.01,72.25,0.71016,3,21,-89.6,29.04,0.10437,27,70.03,61.78,0.01295,28,9.9,61.52,0.88268,3,21,-89.57,32.81,0.08417,27,73.21,59.76,0.00707,28,13.07,59.48,0.90876,2,21,-100.62,54.95,0.01936,28,37.7,56.99,0.98064,2,21,-100.6,86.32,0.00075,28,64.19,40.2,0.99925,1,28,79.8,23.63,1,2,27,146.03,5.3,0.00015,28,85.66,4.71,0.99985,2,27,143.42,-18.63,0.02269,28,82.94,-19.21,0.97731],"edges":[0,42,0,2,2,4,4,6,6,8,8,10,10,12,12,14,14,16,16,18,18,20,20,22,22,24,24,26,26,28,28,30,30,32,32,34,34,36,36,38,38,40,40,42]}},"tanhuang":{"tanhuang":{"x":18.68,"y":1.94,"rotation":-102.66,"width":31,"height":47}},"tou":{"tou":{"x":38.88,"y":0.92,"rotation":-122.92,"width":103,"height":105}},"xiaba":{"xiaba":{"x":1.67,"y":-3,"rotation":-122.92,"width":46,"height":26}},"yan":{"yan":{"x":1.49,"y":9.22,"width":157,"height":139}},"yan1":{"yan1":{"x":24.78,"y":12.92,"width":165,"height":92}},"yan2":{"yan2":{"x":-4.04,"y":-1.67,"width":54,"height":47}},"yan3":{"yan3":{"x":0.1,"y":1.06,"width":32,"height":27}},"yan4":{"yan":{"x":1.49,"y":9.22,"width":157,"height":139}},"yan5":{"yan":{"x":1.49,"y":9.22,"width":157,"height":139}},"yan6":{"yan":{"x":1.49,"y":9.22,"width":157,"height":139}},"yan7":{"yan":{"x":1.49,"y":9.22,"width":157,"height":139}},"yan8":{"yan":{"x":1.49,"y":9.22,"width":157,"height":139}},"yan9":{"yan":{"x":1.49,"y":9.22,"width":157,"height":139}},"yan10":{"yan":{"x":1.49,"y":9.22,"width":157,"height":139}},"yan11":{"yan":{"x":1.49,"y":9.22,"width":157,"height":139}},"yan12":{"yan":{"x":1.49,"y":9.22,"width":157,"height":139}},"yan13":{"yan":{"x":1.49,"y":9.22,"width":157,"height":139}},"yan14":{"yan":{"x":1.49,"y":9.22,"width":157,"height":139}},"yan15":{"yan":{"x":1.49,"y":9.22,"width":157,"height":139}},"yan16":{"yan":{"x":1.49,"y":9.22,"width":157,"height":139}},"yan17":{"yan":{"x":1.49,"y":9.22,"width":157,"height":139}},"yan18":{"yan":{"x":1.49,"y":9.22,"width":157,"height":139}},"yan19":{"yan":{"x":1.49,"y":9.22,"width":157,"height":139}},"yan20":{"yan":{"x":1.49,"y":9.22,"width":157,"height":139}},"yan21":{"yan":{"x":1.49,"y":9.22,"width":157,"height":139}},"yan22":{"yan":{"x":1.49,"y":9.22,"width":157,"height":139}},"yan23":{"yan":{"x":1.49,"y":9.22,"width":157,"height":139}},"yan24":{"yan":{"x":1.49,"y":9.22,"width":157,"height":139}},"yan25":{"yan":{"x":1.49,"y":9.22,"width":157,"height":139}},"yan26":{"yan":{"x":1.49,"y":9.22,"width":157,"height":139}},"yan27":{"yan":{"x":1.49,"y":9.22,"width":157,"height":139}},"yan28":{"yan":{"x":1.49,"y":9.22,"width":157,"height":139}},"yan29":{"yan":{"x":1.49,"y":9.22,"width":157,"height":139}},"yan30":{"yan":{"x":1.49,"y":9.22,"width":157,"height":139}},"yan31":{"yan":{"x":1.49,"y":9.22,"width":157,"height":139}},"yancong":{"yancong":{"x":23.75,"y":-4.8,"rotation":-55.49,"width":80,"height":96}},"youdabi":{"youdabi":{"x":23.13,"y":0.04,"rotation":137.19,"width":66,"height":63}},"youdatui":{"youdatui":{"x":16.2,"y":1.21,"rotation":94.01,"width":65,"height":59}},"youjiao":{"youjiao":{"x":4.29,"y":-4.6,"width":68,"height":48}},"youshou":{"youshou":{"x":-14.77,"y":-0.41,"rotation":9.62,"width":45,"height":41}},"youtong":{"youtong":{"x":-0.38,"y":-0.08,"rotation":-122.92,"width":5,"height":6}},"youxiaobi":{"youxiaobi":{"x":15.36,"y":1.45,"rotation":161.75,"width":69,"height":59}},"youxiaotui":{"youxiaotui":{"x":14.88,"y":0.71,"rotation":87.51,"width":62,"height":51}},"youyan":{"youyan":{"x":1.2,"y":-0.57,"rotation":-122.92,"width":25,"height":25}},"zuodabi":{"zuodabi":{"x":34.8,"y":4.23,"rotation":98.91,"width":91,"height":93}},"zuodatui":{"zuodatui":{"x":27.15,"y":5.71,"rotation":94.25,"width":81,"height":90}},"zuojiao":{"zuojiao":{"x":-8.99,"y":10.47,"width":95,"height":48}},"zuoshou":{"zuoshou":{"x":10.74,"y":11.64,"rotation":168.74,"width":53,"height":42}},"zuotong":{"zuotong":{"x":0.3,"y":0.07,"rotation":-122.92,"width":7,"height":7}},"zuoxiaobi":{"zuoxiaobi":{"x":17.83,"y":7.06,"rotation":114.34,"width":72,"height":71}},"zuoxiaotui":{"zuoxiaotui":{"x":21.32,"y":4.4,"rotation":90,"width":72,"height":70}},"zuoyan":{"zuoyan":{"x":-0.99,"y":-2.4,"rotation":-122.92,"width":35,"height":34}}}}],"events":{"attack":{}},"animations":{"attack":{"slots":{"qiu0":{"attachment":[{"time":0.5667,"name":null}]},"yan1":{"color":[{"color":"ffffff00"},{"time":0.1,"color":"ffffffff","curve":"stepped"},{"time":0.2,"color":"ffffffff"},{"time":0.3,"color":"ffffff00"},{"time":0.3667,"color":"ffffff00"},{"time":0.4667,"color":"ffffffff","curve":"stepped"},{"time":0.5667,"color":"ffffffff"},{"time":0.6667,"color":"ffffff00"},{"time":0.7333,"color":"ffffff00"},{"time":0.8333,"color":"ffffffff","curve":"stepped"},{"time":0.9333,"color":"ffffffff"},{"time":1.0333,"color":"ffffff00"}],"attachment":[{"name":"yan1"}]},"yan2":{"color":[{"color":"ffffff00","curve":"stepped"},{"time":0.0667,"color":"ffffff00"},{"time":0.1333,"color":"ffffffff","curve":"stepped"},{"time":0.2667,"color":"ffffffff"},{"time":0.3333,"color":"ffffff00"},{"time":0.3667,"color":"ffffff00","curve":"stepped"},{"time":0.4333,"color":"ffffff00"},{"time":0.5,"color":"ffffffff","curve":"stepped"},{"time":0.6333,"color":"ffffffff"},{"time":0.7,"color":"ffffff00"},{"time":0.7333,"color":"ffffff00","curve":"stepped"},{"time":0.8,"color":"ffffff00"},{"time":0.8667,"color":"ffffffff","curve":"stepped"},{"time":1,"color":"ffffffff"},{"time":1.0333,"color":"ffffff00"}],"attachment":[{"name":"yan2"}]},"yan3":{"color":[{"time":0.0667,"color":"ffffffff"},{"time":0.1333,"color":"ffffff00"},{"time":0.1667,"color":"ffffff00"},{"time":0.2667,"color":"ffffffff","curve":"stepped"},{"time":0.4333,"color":"ffffffff"},{"time":0.5,"color":"ffffff00"},{"time":0.5333,"color":"ffffff00"},{"time":0.6333,"color":"ffffffff","curve":"stepped"},{"time":0.8,"color":"ffffffff"},{"time":0.8667,"color":"ffffff00"},{"time":0.9,"color":"ffffff00"},{"time":1,"color":"ffffffff"}]}},"bones":{"lunzi":{"translate":[{"x":0.99,"y":-5.44}]},"zong":{"rotate":[{"time":0.5333},{"time":0.7,"angle":6.38},{"time":0.8}],"translate":[{"y":-6.43},{"time":0.5333,"y":-3.94},{"time":0.7,"y":1.97},{"time":0.8,"y":-6.43}]},"che":{"translate":[{"y":6.43}]},"jjuese":{"translate":[{"y":6.43}]},"yan2":{"translate":[{"y":6.43},{"time":0.0667,"x":-25.91,"y":-32.18},{"time":0.3333,"x":32.19,"y":18.65},{"time":0.3667,"y":6.43},{"time":0.4333,"x":-25.91,"y":-32.18},{"time":0.7,"x":32.19,"y":18.65},{"time":0.7333,"y":6.43},{"time":0.8,"x":-25.91,"y":-32.18},{"time":1.0333,"x":32.19,"y":18.65}],"scale":[{},{"time":0.0667,"x":0.4,"y":0.4},{"time":0.3333,"curve":"stepped"},{"time":0.3667},{"time":0.4333,"x":0.4,"y":0.4},{"time":0.7,"curve":"stepped"},{"time":0.7333},{"time":0.8,"x":0.4,"y":0.4},{"time":1.0333}]},"yan3":{"translate":[{"x":-15.06,"y":-20.43},{"time":0.1333,"x":15.47,"y":0.73},{"time":0.1667,"x":-45.58,"y":-41.59},{"time":0.3333,"x":-15.06,"y":-20.43,"curve":"stepped"},{"time":0.3667,"x":-15.06,"y":-20.43},{"time":0.5,"x":15.47,"y":0.73},{"time":0.5333,"x":-45.58,"y":-41.59},{"time":0.7,"x":-15.06,"y":-20.43,"curve":"stepped"},{"time":0.7333,"x":-15.06,"y":-20.43},{"time":0.8667,"x":15.47,"y":0.73},{"time":0.9,"x":-45.58,"y":-41.59},{"time":1.0333,"x":-15.06,"y":-20.43}]},"yan1":{"translate":[{"y":6.43},{"time":0.3,"x":66.99,"y":71.79},{"time":0.3667,"y":6.43},{"time":0.6667,"x":66.99,"y":71.79},{"time":0.7333,"y":6.43},{"time":1.0333,"x":66.99,"y":71.79}],"scale":[{"x":0.5,"y":0.5},{"time":0.3,"x":1.2,"y":1.2},{"time":0.3667,"x":0.5,"y":0.5},{"time":0.6667,"x":1.2,"y":1.2},{"time":0.7333,"x":0.5,"y":0.5},{"time":1.0333,"x":1.2,"y":1.2}]},"zuo":{"translate":[{"y":6.43}]},"you":{"translate":[{"y":6.43}]},"yancong":{"translate":[{"y":-1.44},{"time":0.0333,"y":1.21},{"time":0.1,"y":-1.44},{"time":0.1333,"y":1.21},{"time":0.1667,"y":-1.44},{"time":0.2333,"y":1.21},{"time":0.2667,"y":-1.44},{"time":0.3333,"y":1.21},{"time":0.3667,"y":-1.44},{"time":0.4,"y":1.21},{"time":0.4667,"y":-1.44},{"time":0.5333,"y":1.21},{"time":0.6,"y":-1.44},{"time":0.6333,"y":1.21},{"time":0.7,"y":-1.44},{"time":0.7333,"y":1.21},{"time":0.7667,"y":-1.44},{"time":0.8,"y":1.21,"curve":"stepped"},{"time":0.8333,"y":1.21},{"time":0.8667,"y":-1.44},{"time":0.9,"y":1.21},{"time":0.9333,"y":-1.44},{"time":0.9667,"y":1.21},{"time":1.0333,"y":-1.44}]},"tanhuang2":{"scale":[{},{"time":0.5333,"x":1.5},{"time":0.5667,"x":0.5},{"time":1.0333}]},"qiu1":{"translate":[{"y":-1.95,"curve":"stepped"},{"time":0.6667,"y":-1.95},{"time":0.7333,"x":0.49,"y":4.68},{"time":0.8667,"y":-1.95}]},"peijian":{"rotate":[{"angle":-4.8}],"translate":[{"time":0.6},{"time":0.6667,"x":-0.4,"y":3.09},{"time":0.7333,"y":-1.95},{"time":1.0333}]},"lvban":{"translate":[{"time":0.6},{"time":0.7,"x":-0.64,"y":-8.96},{"time":0.8,"y":-6.43},{"time":1.0333}]},"ganpo":{"rotate":[{},{"time":0.5333,"angle":-16.95},{"time":0.5667,"angle":29.66,"curve":"stepped"},{"time":0.7333,"angle":29.66},{"time":1.0333}],"translate":[{"time":0.5333},{"time":0.5667,"x":-4.77,"y":13.51},{"time":1.0333}]},"shenti":{"rotate":[{"angle":0.16}]},"shenti2":{"rotate":[{"angle":0.79}]},"tou":{"rotate":[{"angle":-1.81,"curve":"stepped"},{"time":0.5667,"angle":-1.81},{"time":0.6667,"angle":-21.18},{"time":0.8,"angle":-1.81}]},"qiu3":{"translate":[{"y":-1.95,"curve":"stepped"},{"time":0.6333,"y":-1.95},{"time":0.7667,"x":0.3,"y":6.03},{"time":0.8333,"y":-1.95}]},"qiu2":{"translate":[{"time":0.6},{"time":0.7333,"x":0.97,"y":13.01},{"time":0.8333}]},"qiu4":{"translate":[{"y":-1.95,"curve":"stepped"},{"time":0.6667,"y":-1.95},{"time":0.7667,"x":0.79,"y":8.66},{"time":0.8667,"y":-1.95}]},"youshou2":{"translate":[{"x":-2.24},{"time":0.0667,"x":1.02,"y":-22.6},{"time":0.1333,"x":17.36,"y":-28.64},{"time":0.2,"x":41.98,"y":-28.64},{"time":0.2667,"x":52.42,"y":-7.01},{"time":0.3333,"x":35.26,"y":1.94},{"time":0.4,"x":10.65,"y":11.64},{"time":0.4667,"x":6.92,"y":4.93},{"time":0.5333,"x":-2.24}]},"zuoshou2":{"rotate":[{"angle":39.99}],"translate":[{},{"time":0.5333,"x":0.67},{"time":0.6667,"x":-17.37,"y":2},{"time":0.7333}]},"koudai":{"rotate":[{"time":0.5667},{"time":0.6667,"angle":10.65},{"time":0.7667}]}},"events":[{"time":0.5667,"name":"attack"}]},"die":{"slots":{"che":{"color":[{"color":"ffffff00"}]},"cheba":{"color":[{"color":"ffffff00"}]},"gan":{"color":[{"color":"ffffff00"}]},"ganpo":{"color":[{"color":"ffffff00"},{"time":0.0667,"color":"ffffffff","curve":"stepped"},{"time":0.2,"color":"ffffffff"},{"time":0.4,"color":"ffffff00"}],"attachment":[{"name":"ganpo"}]},"koudai":{"color":[{"color":"ffffff00"}]},"kuangzhe":{"color":[{"color":"ffffff00"}]},"lankuang":{"color":[{"color":"ffffff00"}]},"lankuangzhe":{"color":[{"color":"ffffff00"}]},"lianjie":{"color":[{"color":"ffffff00"}]},"lingjian1":{"color":[{"color":"ffffff00"},{"time":0.0667,"color":"ffffffff","curve":"stepped"},{"time":0.1333,"color":"ffffffff"},{"time":0.4,"color":"ffffff00"}],"attachment":[{"name":"lingjian1"}]},"lingjian2":{"color":[{"color":"ffffff00"},{"time":0.1,"color":"ffffffff","curve":"stepped"},{"time":0.2,"color":"ffffffff"},{"time":0.4,"color":"ffffff00"}],"attachment":[{"name":"lingjian2"}]},"lingjian3":{"color":[{"color":"ffffff00"},{"time":0.1333,"color":"ffffffff"},{"time":0.4,"color":"ffffff00"}],"attachment":[{"name":"lingjian3"}]},"lingjian4":{"color":[{"color":"ffffff00"},{"time":0.1,"color":"ffffffff","curve":"stepped"},{"time":0.2,"color":"ffffffff"},{"time":0.4,"color":"ffffff00"}],"attachment":[{"name":"lingjian4"}]},"lingjian5":{"color":[{"color":"ffffff00"},{"time":0.1,"color":"ffffffff","curve":"stepped"},{"time":0.2667,"color":"ffffffff"},{"time":0.4,"color":"ffffff00"}],"attachment":[{"name":"lingjian5"}]},"lingjian6":{"color":[{"color":"ffffff00"},{"time":0.1,"color":"ffffffff","curve":"stepped"},{"time":0.2333,"color":"ffffffff"},{"time":0.4,"color":"ffffff00"}],"attachment":[{"name":"lingjian6"}]},"lunhou":{"color":[{"color":"ffffff00"}]},"lunqian":{"color":[{"color":"ffffff00"}]},"lunzi":{"color":[{"color":"ffffff00"}]},"lunzi0":{"color":[{"color":"ffffff00"}]},"lvban":{"color":[{"color":"ffffff00"}]},"peijian":{"color":[{"color":"ffffff00"}]},"qiu":{"color":[{"color":"ffffff00"}]},"qiu0":{"color":[{"color":"ffffff00"}]},"qiu2":{"color":[{"color":"ffffff00"}]},"qiu3":{"color":[{"color":"ffffff00"}]},"qiu4":{"color":[{"color":"ffffff00"}]},"shenti":{"color":[{"color":"ffffff00"}]},"tanhuang":{"color":[{"color":"ffffff00"}]},"tou":{"color":[{"color":"ffffff00"}]},"xiaba":{"color":[{"color":"ffffff00"}]},"yan":{"color":[{"color":"ffffff00"},{"time":0.0667,"color":"91837aff"},{"time":0.2667,"color":"8a7d72ff"},{"time":0.3333,"color":"ffffff00"}],"attachment":[{"name":"yan"}]},"yan1":{"color":[{"color":"ffffff00"}],"attachment":[{"name":"yan1"}]},"yan2":{"color":[{"color":"ffffff00"}],"attachment":[{"name":"yan2"}]},"yan3":{"color":[{"color":"ffffff00"}]},"yan4":{"color":[{"color":"ffffff00","curve":"stepped"},{"time":0.0333,"color":"ffffff00"},{"time":0.1,"color":"91837aff","curve":"stepped"},{"time":0.3,"color":"91837aff"},{"time":0.3667,"color":"ffffff00"}],"attachment":[{"name":"yan"}]},"yan5":{"color":[{"color":"ffffff00","curve":"stepped"},{"time":0.0333,"color":"ffffff00"},{"time":0.1,"color":"91837aff","curve":"stepped"},{"time":0.3,"color":"91837aff"},{"time":0.3667,"color":"ffffff00"}],"attachment":[{"name":"yan"}]},"yan6":{"color":[{"color":"ffffff00","curve":"stepped"},{"time":0.0333,"color":"ffffff00"},{"time":0.1,"color":"91837aff","curve":"stepped"},{"time":0.3,"color":"91837aff"},{"time":0.3667,"color":"ffffff00"}],"attachment":[{"name":"yan"}]},"yan7":{"color":[{"color":"ffffff00","curve":"stepped"},{"time":0.0333,"color":"ffffff00"},{"time":0.1,"color":"91837aff","curve":"stepped"},{"time":0.3,"color":"91837aff"},{"time":0.3667,"color":"ffffff00"}],"attachment":[{"name":"yan"}]},"yan8":{"color":[{"color":"ffffff00","curve":"stepped"},{"time":0.0333,"color":"ffffff00"},{"time":0.1,"color":"91837aff","curve":"stepped"},{"time":0.3,"color":"91837aff"},{"time":0.3667,"color":"ffffff00"}]},"yan9":{"color":[{"color":"ffffff00","curve":"stepped"},{"time":0.0333,"color":"ffffff00"},{"time":0.1,"color":"91837aff","curve":"stepped"},{"time":0.3,"color":"91837aff"},{"time":0.3667,"color":"ffffff00"}]},"yan10":{"color":[{"color":"ffffff00","curve":"stepped"},{"time":0.0333,"color":"ffffff00"},{"time":0.1,"color":"91837aff","curve":"stepped"},{"time":0.3,"color":"91837aff"},{"time":0.3667,"color":"ffffff00"}],"attachment":[{"name":"yan"}]},"yan11":{"color":[{"color":"ffffff00","curve":"stepped"},{"time":0.0333,"color":"ffffff00"},{"time":0.1,"color":"91837aff","curve":"stepped"},{"time":0.3,"color":"91837aff"},{"time":0.3667,"color":"ffffff00"}]},"yan12":{"color":[{"color":"ffffff00","curve":"stepped"},{"time":0.0333,"color":"ffffff00"},{"time":0.1,"color":"91837aff","curve":"stepped"},{"time":0.3,"color":"91837aff"},{"time":0.3667,"color":"ffffff00"}]},"yan13":{"color":[{"color":"ffffff00","curve":"stepped"},{"time":0.0333,"color":"ffffff00"},{"time":0.1,"color":"91837aff","curve":"stepped"},{"time":0.3,"color":"91837aff"},{"time":0.3667,"color":"ffffff00"}]},"yan14":{"color":[{"color":"ffffff00","curve":"stepped"},{"time":0.0333,"color":"ffffff00"},{"time":0.1,"color":"91837aff","curve":"stepped"},{"time":0.3,"color":"91837aff"},{"time":0.3667,"color":"ffffff00"}]},"yan15":{"color":[{"color":"ffffff00","curve":"stepped"},{"time":0.0333,"color":"ffffff00"},{"time":0.1,"color":"91837aff","curve":"stepped"},{"time":0.3,"color":"91837aff"},{"time":0.3667,"color":"ffffff00"}],"attachment":[{"name":"yan"}]},"yan16":{"color":[{"color":"ffffff00","curve":"stepped"},{"time":0.0333,"color":"ffffff00"},{"time":0.1,"color":"91837aff","curve":"stepped"},{"time":0.3,"color":"91837aff"},{"time":0.3667,"color":"ffffff00"}]},"yan17":{"color":[{"color":"ffffff00","curve":"stepped"},{"time":0.0333,"color":"ffffff00"},{"time":0.1,"color":"91837aff","curve":"stepped"},{"time":0.3,"color":"91837aff"},{"time":0.3667,"color":"ffffff00"}]},"yan18":{"color":[{"color":"ffffff00","curve":"stepped"},{"time":0.0333,"color":"ffffff00"},{"time":0.1,"color":"91837aff","curve":"stepped"},{"time":0.3,"color":"91837aff"},{"time":0.3667,"color":"ffffff00"}]},"yan19":{"color":[{"color":"ffffff00","curve":"stepped"},{"time":0.0333,"color":"ffffff00"},{"time":0.1,"color":"91837aff","curve":"stepped"},{"time":0.3,"color":"91837aff"},{"time":0.3667,"color":"ffffff00"}],"attachment":[{"name":"yan"}]},"yan20":{"color":[{"color":"ffffff00","curve":"stepped"},{"time":0.0333,"color":"ffffff00"},{"time":0.1,"color":"91837aff","curve":"stepped"},{"time":0.3,"color":"91837aff"},{"time":0.3667,"color":"ffffff00"}]},"yan21":{"color":[{"color":"ffffff00","curve":"stepped"},{"time":0.0333,"color":"ffffff00"},{"time":0.1,"color":"91837aff","curve":"stepped"},{"time":0.3,"color":"91837aff"},{"time":0.3667,"color":"ffffff00"}]},"yan22":{"color":[{"color":"ffffff00","curve":"stepped"},{"time":0.0333,"color":"ffffff00"},{"time":0.1,"color":"91837aff","curve":"stepped"},{"time":0.3,"color":"91837aff"},{"time":0.3667,"color":"ffffff00"}]},"yan23":{"color":[{"color":"ffffff00","curve":"stepped"},{"time":0.0333,"color":"ffffff00"},{"time":0.1,"color":"91837aff","curve":"stepped"},{"time":0.3,"color":"91837aff"},{"time":0.3667,"color":"ffffff00"}],"attachment":[{"name":"yan"}]},"yan24":{"color":[{"color":"ffffff00","curve":"stepped"},{"time":0.0333,"color":"ffffff00"},{"time":0.1,"color":"91837aff","curve":"stepped"},{"time":0.3,"color":"91837aff"},{"time":0.3667,"color":"ffffff00"}]},"yan25":{"color":[{"color":"ffffff00","curve":"stepped"},{"time":0.0333,"color":"ffffff00"},{"time":0.1,"color":"91837aff","curve":"stepped"},{"time":0.3,"color":"91837aff"},{"time":0.3667,"color":"ffffff00"}]},"yan26":{"color":[{"color":"ffffff00","curve":"stepped"},{"time":0.0333,"color":"ffffff00"},{"time":0.1,"color":"91837aff","curve":"stepped"},{"time":0.3,"color":"91837aff"},{"time":0.3667,"color":"ffffff00"}]},"yan27":{"color":[{"color":"ffffff00","curve":"stepped"},{"time":0.0333,"color":"ffffff00"},{"time":0.1,"color":"91837aff","curve":"stepped"},{"time":0.3,"color":"91837aff"},{"time":0.3667,"color":"ffffff00"}],"attachment":[{"name":"yan"}]},"yan28":{"color":[{"color":"ffffff00","curve":"stepped"},{"time":0.0333,"color":"ffffff00"},{"time":0.1,"color":"91837aff","curve":"stepped"},{"time":0.3,"color":"91837aff"},{"time":0.3667,"color":"ffffff00"}]},"yan29":{"color":[{"color":"ffffff00","curve":"stepped"},{"time":0.0333,"color":"ffffff00"},{"time":0.1,"color":"91837aff","curve":"stepped"},{"time":0.3,"color":"91837aff"},{"time":0.3667,"color":"ffffff00"}]},"yan30":{"color":[{"color":"ffffff00","curve":"stepped"},{"time":0.0333,"color":"ffffff00"},{"time":0.1,"color":"91837aff","curve":"stepped"},{"time":0.3,"color":"91837aff"},{"time":0.3667,"color":"ffffff00"}]},"yan31":{"color":[{"color":"ffffff00","curve":"stepped"},{"time":0.0333,"color":"ffffff00"},{"time":0.1,"color":"91837aff","curve":"stepped"},{"time":0.3,"color":"91837aff"},{"time":0.3667,"color":"ffffff00"}],"attachment":[{"name":"yan"}]},"yancong":{"color":[{"color":"ffffff00"}]},"youdabi":{"color":[{"color":"ffffff00"}]},"youdatui":{"color":[{"color":"ffffff00"}]},"youjiao":{"color":[{"color":"ffffff00"}]},"youshou":{"color":[{"color":"ffffff00"}]},"youtong":{"color":[{"color":"ffffff00"}]},"youxiaobi":{"color":[{"color":"ffffff00"}]},"youxiaotui":{"color":[{"color":"ffffff00"}]},"youyan":{"color":[{"color":"ffffff00"}]},"zuodabi":{"color":[{"color":"ffffff00"}]},"zuodatui":{"color":[{"color":"ffffff00"}]},"zuojiao":{"color":[{"color":"ffffff00"}]},"zuoshou":{"color":[{"color":"ffffff00"}]},"zuotong":{"color":[{"color":"ffffff00"}]},"zuoxiaobi":{"color":[{"color":"ffffff00"}]},"zuoxiaotui":{"color":[{"color":"ffffff00"}]},"zuoyan":{"color":[{"color":"ffffff00"}]}},"bones":{"lunzi":{"translate":[{"x":0.99,"y":-5.44}]},"zong":{"translate":[{"y":-6.43}]},"che":{"translate":[{"y":6.43}]},"jjuese":{"rotate":[{},{"time":0.2,"angle":3.76},{"time":0.4}],"translate":[{"y":6.43}]},"yan2":{"translate":[{"y":6.43}]},"yan3":{"translate":[{"x":-15.06,"y":-20.43}]},"yan1":{"translate":[{"y":6.43}],"scale":[{"x":0.5,"y":0.5}]},"zuo":{"translate":[{"y":6.43}]},"you":{"translate":[{"y":6.43}]},"yancong":{"translate":[{"y":-1.44}]},"qiu1":{"translate":[{"y":-1.95}]},"shenti":{"rotate":[{"angle":0.16}]},"shenti2":{"rotate":[{"angle":0.79},{"time":0.0667,"angle":-0.32},{"time":0.2667,"angle":2.5},{"time":0.4,"angle":0.79}]},"tou":{"rotate":[{"angle":-1.81}]},"qiu3":{"translate":[{"y":-1.95}]},"qiu4":{"translate":[{"y":-1.95}]},"ganpo2":{"rotate":[{"angle":-18.3}],"translate":[{},{"time":0.0667,"x":3.5,"y":153.91},{"time":0.2,"x":18.39,"y":212.21},{"time":0.4,"x":151.58,"y":58.3}]},"lingjian6":{"translate":[{},{"time":0.1,"x":-80.45,"y":95.79},{"time":0.2333,"x":-104.33,"y":18.24},{"time":0.4,"x":-136.43,"y":-84.48}]},"lingjian5":{"rotate":[{},{"time":0.4,"angle":-90}],"translate":[{"x":217.57,"y":88.16},{"time":0.1,"x":292.93,"y":113.76},{"time":0.2667,"x":338.44,"y":27.02},{"time":0.4,"x":373.99,"y":-17.06}]},"lingjian4":{"translate":[{"x":-72.01,"y":93.19},{"time":0.1,"x":-227.33,"y":138.38},{"time":0.2,"x":-280.99,"y":59.3},{"time":0.4,"x":-306.4,"y":-72.01}]},"lingjian3":{"translate":[{"x":-43.05,"y":105.78},{"time":0.1333,"x":-12.3,"y":228.78},{"time":0.2667,"x":46.74,"y":194.34},{"time":0.4,"x":86.1,"y":18.45}]},"lingjian2":{"rotate":[{},{"time":0.4,"angle":-90}],"translate":[{},{"time":0.1,"x":79.38,"y":166.11},{"time":0.2,"x":102.9,"y":161.7},{"time":0.4,"x":183.75,"y":10.29}]},"lingjian1":{"translate":[{"time":0.0667,"x":-31.48,"y":144.58},{"time":0.1333,"x":-122.57,"y":181.72},{"time":0.3333,"x":-189.42,"y":53.62},{"time":0.4,"x":-224.94,"y":-37.93}]},"yan":{"translate":[{"time":0.0667,"x":18.41,"y":-35.15},{"time":0.3333,"x":18.41,"y":-53.57}],"scale":[{"x":0.3,"y":0.3},{"time":0.0667,"x":1.2,"y":1.2},{"time":0.3333,"x":0.4,"y":0.4}]},"yan4":{"rotate":[{"time":0.0333},{"time":0.3667,"angle":30}],"scale":[{"x":0.3,"y":0.3,"curve":"stepped"},{"time":0.0333,"x":0.3,"y":0.3},{"time":0.1,"x":1.2,"y":1.2},{"time":0.3667,"x":0.4,"y":0.4}]},"yan5":{"rotate":[{"time":0.0333,"angle":-60},{"time":0.3667}],"scale":[{"x":0.3,"y":0.3,"curve":"stepped"},{"time":0.0333,"x":0.3,"y":0.3},{"time":0.1,"x":1.2,"y":1.2},{"time":0.3667,"x":0.4,"y":0.4}]},"yan6":{"rotate":[{},{"time":0.3667,"angle":-40}],"translate":[{},{"time":0.3667,"x":14.52,"y":23.23}],"scale":[{"x":0.3,"y":0.3,"curve":"stepped"},{"time":0.0333,"x":0.3,"y":0.3},{"time":0.1,"x":1.2,"y":1.2},{"time":0.3667,"x":0.4,"y":0.4}]},"yan7":{"rotate":[{"time":0.0333},{"time":0.3667,"angle":-58.89}],"scale":[{"x":0.3,"y":0.3,"curve":"stepped"},{"time":0.0333,"x":0.3,"y":0.3},{"time":0.1,"x":1.2,"y":1.2},{"time":0.3667,"x":0.4,"y":0.4}]},"yan8":{"rotate":[{"time":0.0333},{"time":0.3667,"angle":30}],"scale":[{"x":0.3,"y":0.3,"curve":"stepped"},{"time":0.0333,"x":0.3,"y":0.3},{"time":0.1,"x":1.2,"y":1.2},{"time":0.3667,"x":0.4,"y":0.4}]},"yan9":{"rotate":[{"time":0.0333},{"time":0.3667,"angle":30}],"scale":[{"x":0.3,"y":0.3,"curve":"stepped"},{"time":0.0333,"x":0.3,"y":0.3},{"time":0.1,"x":1.2,"y":1.2},{"time":0.3667,"x":0.4,"y":0.4}]},"yan10":{"rotate":[{"time":0.0333},{"time":0.3667,"angle":30}],"scale":[{"x":0.3,"y":0.3,"curve":"stepped"},{"time":0.0333,"x":0.3,"y":0.3},{"time":0.1,"x":1.2,"y":1.2},{"time":0.3667,"x":0.4,"y":0.4}]},"yan11":{"rotate":[{"time":0.0333},{"time":0.3667,"angle":30}],"scale":[{"x":0.3,"y":0.3,"curve":"stepped"},{"time":0.0333,"x":0.3,"y":0.3},{"time":0.1,"x":1.2,"y":1.2},{"time":0.3667,"x":0.4,"y":0.4}]},"yan12":{"rotate":[{"time":0.0333},{"time":0.3667,"angle":30}],"scale":[{"x":0.3,"y":0.3,"curve":"stepped"},{"time":0.0333,"x":0.3,"y":0.3},{"time":0.1,"x":1.2,"y":1.2},{"time":0.3667,"x":0.4,"y":0.4}]},"yan13":{"rotate":[{"time":0.0333},{"time":0.3667,"angle":-58.89}],"scale":[{"x":0.3,"y":0.3,"curve":"stepped"},{"time":0.0333,"x":0.3,"y":0.3},{"time":0.1,"x":1.2,"y":1.2},{"time":0.3667,"x":0.4,"y":0.4}]}},"drawOrder":[{"offsets":[{"slot":"yan10","offset":-15}]}]},"idle":{"slots":{"yan1":{"color":[{"color":"ffffff00"},{"time":0.1,"color":"ffffffff","curve":"stepped"},{"time":0.2333,"color":"ffffffff"},{"time":0.3333,"color":"ffffff00"}],"attachment":[{"name":"yan1"}]},"yan2":{"color":[{"color":"ffffff00","curve":"stepped"},{"time":0.0667,"color":"ffffff00"},{"time":0.1667,"color":"ffffffff","curve":"stepped"},{"time":0.3,"color":"ffffffff"},{"time":0.4,"color":"ffffff00"}],"attachment":[{"name":"yan2"}]},"yan3":{"color":[{"time":0.0667,"color":"ffffffff"},{"time":0.1667,"color":"ffffff00"},{"time":0.2,"color":"ffffff00"},{"time":0.3,"color":"ffffffff"}]}},"bones":{"lunzi":{"translate":[{"x":0.99,"y":-5.44}]},"zong":{"translate":[{"y":-6.43}]},"che":{"translate":[{"y":6.43},{"time":0.0333,"x":-0.53,"y":7.09},{"time":0.0667,"y":6.58},{"time":0.1,"x":-0.53,"y":7.59},{"time":0.1333,"y":6.43},{"time":0.1667,"x":0.12,"y":7.09},{"time":0.2,"y":9.6},{"time":0.2333,"x":-1.53,"y":7.59},{"time":0.2667,"x":0.07,"y":6.43},{"time":0.3,"y":7.69},{"time":0.3333,"x":-1.73,"y":9.6},{"time":0.3667,"y":7.59},{"time":0.4,"y":6.43}]},"jjuese":{"rotate":[{},{"time":0.2,"angle":3.76},{"time":0.4}],"translate":[{"y":6.43}]},"yan2":{"translate":[{"y":6.43},{"time":0.0667,"x":-25.91,"y":-32.18},{"time":0.4,"x":32.19,"y":18.65}],"scale":[{},{"time":0.0667,"x":0.4,"y":0.4},{"time":0.4}]},"yan3":{"translate":[{"x":-15.06,"y":-20.43},{"time":0.1667,"x":15.47,"y":0.73},{"time":0.2,"x":-45.58,"y":-41.59},{"time":0.4,"x":-15.06,"y":-20.43}]},"yan1":{"translate":[{"y":6.43},{"time":0.3333,"x":66.99,"y":71.79}],"scale":[{"x":0.5,"y":0.5},{"time":0.3333,"x":1.2,"y":1.2}]},"zuo":{"translate":[{"y":6.43}]},"you":{"translate":[{"y":6.43}]},"yancong":{"translate":[{"y":-1.44},{"time":0.0333},{"time":0.0667,"y":-1.44},{"time":0.1},{"time":0.1333,"y":-1.44},{"time":0.1667},{"time":0.2,"y":-1.44},{"time":0.2333},{"time":0.2667,"y":-1.44},{"time":0.3},{"time":0.3333,"y":-1.44},{"time":0.3667},{"time":0.4,"y":-1.44}]},"tanhuang2":{"scale":[{},{"time":0.0667,"x":1.1},{"time":0.1333},{"time":0.2,"x":1.1},{"time":0.2667},{"time":0.3333,"x":1.1},{"time":0.4}]},"qiu1":{"translate":[{"y":-1.95},{"time":0.0333},{"time":0.1,"y":-3.9},{"time":0.1667},{"time":0.2333,"y":-3.9},{"time":0.3},{"time":0.3667,"y":-3.9},{"time":0.4,"y":-1.95}]},"ganpo":{"rotate":[{},{"time":0.0667,"angle":1.76},{"time":0.1333,"angle":-0.67},{"time":0.2,"angle":1.76},{"time":0.2667,"angle":-0.45},{"time":0.3333,"angle":1.76},{"time":0.4}]},"shenti":{"rotate":[{"angle":0.16},{"time":0.0333},{"time":0.2333,"angle":0.98},{"time":0.4,"angle":0.16}]},"shenti2":{"rotate":[{"angle":0.79},{"time":0.0667,"angle":-0.32},{"time":0.2667,"angle":2.5},{"time":0.4,"angle":0.79}]},"tou":{"rotate":[{"angle":-1.81},{"time":0.1,"angle":-5.27},{"time":0.3,"angle":0.53},{"time":0.4,"angle":-1.81}]},"xiaba":{"translate":[{},{"time":0.2,"x":-2.06,"y":1.54},{"time":0.4}]},"qiu3":{"translate":[{"y":-1.95},{"time":0.0333},{"time":0.1,"y":-3.9},{"time":0.1667},{"time":0.2333,"y":-3.9},{"time":0.3},{"time":0.3667,"y":-3.9},{"time":0.4,"y":-1.95}]},"qiu2":{"translate":[{},{"time":0.0333,"y":-1.95},{"time":0.0667,"y":-3.9},{"time":0.1333},{"time":0.2,"y":-3.9},{"time":0.2667},{"time":0.3333,"y":-3.9},{"time":0.3667,"y":-1.95},{"time":0.4}]},"qiu4":{"translate":[{"y":-1.95},{"time":0.0333},{"time":0.1,"y":-3.9},{"time":0.1667},{"time":0.2333,"y":-3.9},{"time":0.3},{"time":0.3667,"y":-3.9},{"time":0.4,"y":-1.95}]}}},"jump":{"slots":{"yan1":{"color":[{"color":"ffffff00"},{"time":0.1333,"color":"ffffffff","curve":"stepped"},{"time":0.2667,"color":"ffffffff"},{"time":0.4,"color":"ffffff00"}],"attachment":[{"name":"yan1"}]},"yan2":{"color":[{"color":"ffffff00","curve":"stepped"},{"time":0.1,"color":"ffffff00"},{"time":0.1667,"color":"ffffffff","curve":"stepped"},{"time":0.3667,"color":"ffffffff"},{"time":0.4667,"color":"ffffff00"}],"attachment":[{"name":"yan2"}]},"yan3":{"color":[{"time":0.1,"color":"ffffffff"},{"time":0.1667,"color":"ffffff00"},{"time":0.2333,"color":"ffffff00"},{"time":0.3667,"color":"ffffffff"}],"attachment":[{"time":0.1,"name":"yan3"}]}},"bones":{"lunzi":{"translate":[{"x":0.99,"y":-5.44}],"scale":[{"time":0.2667},{"time":0.3333,"y":0.8},{"time":0.4667}]},"zong":{"rotate":[{},{"time":0.0667,"angle":-10.92},{"time":0.2667,"angle":4.99},{"time":0.3333,"angle":5.05},{"time":0.4667}],"translate":[{"y":-6.43},{"time":0.0667,"x":5.21,"y":48.74},{"time":0.2667,"x":1.88,"y":6.32},{"time":0.3333,"x":3.19,"y":-4.34},{"time":0.4667,"y":-6.43}]},"che":{"translate":[{"y":6.43},{"time":0.0333,"x":-0.53,"y":7.09},{"time":0.0667,"y":6.58},{"time":0.1,"x":-0.53,"y":7.59},{"time":0.1333,"y":6.43},{"time":0.1667,"x":0.12,"y":7.09},{"time":0.2,"y":9.6},{"time":0.2333,"x":-1.53,"y":7.59},{"time":0.2667,"x":0.07,"y":6.43},{"time":0.3,"y":7.69},{"time":0.3333,"x":-1.73,"y":9.6},{"time":0.3667,"y":7.59},{"time":0.4,"y":6.43}]},"jjuese":{"rotate":[{},{"time":0.2,"angle":3.76},{"time":0.4}],"translate":[{"y":6.43}]},"yan2":{"translate":[{"y":6.43},{"time":0.1,"x":-25.91,"y":-32.18},{"time":0.4667,"x":32.19,"y":18.65}],"scale":[{},{"time":0.1,"x":0.4,"y":0.4},{"time":0.4667}]},"yan3":{"translate":[{"x":-15.06,"y":-20.43},{"time":0.1667,"x":15.47,"y":0.73},{"time":0.2333,"x":-45.58,"y":-41.59},{"time":0.4667,"x":-15.06,"y":-20.43}]},"yan1":{"translate":[{"y":6.43},{"time":0.4,"x":66.99,"y":71.79},{"time":0.4667,"y":6.43}],"scale":[{"x":0.5,"y":0.5},{"time":0.4,"x":1.2,"y":1.2},{"time":0.4667}]},"zuo":{"translate":[{"y":6.43}]},"you":{"translate":[{"y":6.43}]},"yancong":{"translate":[{"y":-1.44},{"time":0.0333,"x":-0.5,"y":5.21},{"time":0.0667,"y":-1.44},{"time":0.1,"x":-0.43,"y":2.96},{"time":0.1333,"y":-1.44},{"time":0.1667,"x":-0.15,"y":2.98},{"time":0.2,"y":-1.44},{"time":0.2333,"x":0.27,"y":6.72},{"time":0.2667,"y":-1.44},{"time":0.3,"x":0.33,"y":3.72},{"time":0.3333,"y":-1.44},{"time":0.3667,"x":0.2,"y":2.98},{"time":0.4,"y":-1.44},{"time":0.4333,"x":0.07,"y":1.55},{"time":0.4667,"y":-1.44}]},"tanhuang2":{"scale":[{},{"time":0.0667,"x":1.1},{"time":0.1333},{"time":0.2,"x":1.1},{"time":0.2667},{"time":0.3333,"x":1.1},{"time":0.4}]},"qiu1":{"translate":[{"y":-1.95},{"time":0.0333,"x":-0.48,"y":4.98},{"time":0.1,"y":-3.9},{"time":0.1667,"x":-0.22,"y":4.28},{"time":0.2333,"y":-3.9},{"time":0.3,"x":0.31,"y":3.56},{"time":0.3667,"y":-3.9},{"time":0.4,"x":0.13,"y":0.91},{"time":0.4667,"y":-1.95}]},"ganpo":{"rotate":[{},{"time":0.0667,"angle":-7.92},{"time":0.1333,"angle":-0.67},{"time":0.2,"angle":2.28},{"time":0.2667,"angle":7.99},{"time":0.3333,"angle":-4.51},{"time":0.4,"angle":9.83},{"time":0.4667}]},"shenti":{"rotate":[{"angle":0.16},{"time":0.0333},{"time":0.2333,"angle":0.98},{"time":0.4,"angle":0.16}]},"shenti2":{"rotate":[{"angle":0.79},{"time":0.0667,"angle":-0.32},{"time":0.2667,"angle":2.5},{"time":0.4,"angle":0.79}]},"tou":{"rotate":[{"angle":-1.81},{"time":0.1,"angle":-5.27},{"time":0.3,"angle":0.53},{"time":0.4,"angle":-1.81}]},"xiaba":{"translate":[{},{"time":0.2,"x":-2.06,"y":1.54},{"time":0.4}]},"qiu3":{"translate":[{"y":-1.95},{"time":0.0333,"x":-0.27,"y":2.84},{"time":0.1,"y":-3.9},{"time":0.1667,"x":-0.18,"y":3.57},{"time":0.2333,"y":-3.9},{"time":0.3,"x":0.25,"y":2.85},{"time":0.3667,"y":-3.9},{"time":0.4,"x":0.09,"y":0.19},{"time":0.4667,"y":-1.95}]},"qiu2":{"translate":[{},{"time":0.0333,"x":-0.41,"y":2.31},{"time":0.0667,"y":-3.9},{"time":0.1333,"x":-0.41,"y":2.31},{"time":0.2,"y":-3.9},{"time":0.2667,"x":-0.41,"y":2.31},{"time":0.3333,"y":-3.9},{"time":0.3667,"x":-0.41,"y":2.31},{"time":0.4}]},"qiu4":{"translate":[{"y":-1.95},{"time":0.0333,"x":-0.68,"y":7.11},{"time":0.1,"y":-3.9},{"time":0.1667,"x":-0.18,"y":3.57},{"time":0.2333,"y":-3.9},{"time":0.3,"x":0.62,"y":7.11},{"time":0.3667,"y":-3.9},{"time":0.4,"x":0.44,"y":8.04},{"time":0.4667,"y":-1.95}]}}},"move":{"slots":{"yan1":{"color":[{"color":"ffffff00"},{"time":0.1,"color":"ffffffff","curve":"stepped"},{"time":0.2333,"color":"ffffffff"},{"time":0.3333,"color":"ffffff00"},{"time":0.4,"color":"ffffff00"},{"time":0.5,"color":"ffffffff","curve":"stepped"},{"time":0.6333,"color":"ffffffff"},{"time":0.7333,"color":"ffffff00"}],"attachment":[{"name":"yan1"}]},"yan2":{"color":[{"color":"ffffff00","curve":"stepped"},{"time":0.0667,"color":"ffffff00"},{"time":0.1333,"color":"ffffffff","curve":"stepped"},{"time":0.3,"color":"ffffffff"},{"time":0.3667,"color":"ffffff00"},{"time":0.4,"color":"ffffff00","curve":"stepped"},{"time":0.4667,"color":"ffffff00"},{"time":0.5333,"color":"ffffffff","curve":"stepped"},{"time":0.7,"color":"ffffffff"},{"time":0.7667,"color":"ffffff00"}],"attachment":[{"name":"yan2"}]},"yan3":{"color":[{"time":0.0667,"color":"ffffffff"},{"time":0.1333,"color":"ffffff00"},{"time":0.1667,"color":"ffffff00"},{"time":0.3,"color":"ffffffff","curve":"stepped"},{"time":0.4667,"color":"ffffffff"},{"time":0.5333,"color":"ffffff00"},{"time":0.5667,"color":"ffffff00"},{"time":0.7,"color":"ffffffff"}]}},"bones":{"lunzi":{"translate":[{"x":0.99,"y":1.6}]},"zong":{"translate":[{"y":-6.43}]},"che":{"translate":[{"y":6.43},{"time":0.2,"y":9.09},{"time":0.4,"y":6.43},{"time":0.6,"y":9.09},{"time":0.8,"y":6.43}]},"jjuese":{"rotate":[{},{"time":0.2,"angle":3.76},{"time":0.4},{"time":0.6,"angle":3.76},{"time":0.8}],"translate":[{"y":6.43}]},"yan2":{"translate":[{"y":6.43},{"time":0.0667,"x":-25.91,"y":-32.18},{"time":0.3667,"x":32.19,"y":18.65},{"time":0.4,"y":6.43},{"time":0.4667,"x":-25.91,"y":-32.18},{"time":0.7667,"x":32.19,"y":18.65},{"time":0.8,"y":6.43}],"scale":[{},{"time":0.0667,"x":0.4,"y":0.4},{"time":0.3667,"curve":"stepped"},{"time":0.4},{"time":0.4667,"x":0.4,"y":0.4},{"time":0.7667}]},"yan3":{"translate":[{"x":-15.06,"y":-20.43},{"time":0.1333,"x":15.47,"y":0.73},{"time":0.1667,"x":-45.58,"y":-41.59},{"time":0.3667,"x":-15.06,"y":-20.43,"curve":"stepped"},{"time":0.4,"x":-15.06,"y":-20.43},{"time":0.5333,"x":15.47,"y":0.73},{"time":0.5667,"x":-45.58,"y":-41.59},{"time":0.7667,"x":-15.06,"y":-20.43},{"time":0.8,"y":6.43}]},"yan1":{"translate":[{"y":6.43},{"time":0.3333,"x":66.99,"y":71.79},{"time":0.4,"y":6.43},{"time":0.7333,"x":66.99,"y":71.79},{"time":0.8,"y":6.43}],"scale":[{"x":0.5,"y":0.5},{"time":0.3333,"x":1.2,"y":1.2},{"time":0.4,"x":0.5,"y":0.5},{"time":0.7333,"x":1.2,"y":1.2},{"time":0.8}]},"zuo":{"translate":[{"y":6.43}]},"you":{"translate":[{"y":6.43}]},"yancong":{"translate":[{"y":-1.44},{"time":0.0333,"y":1.21},{"time":0.1,"y":-1.44},{"time":0.1333,"y":1.21},{"time":0.1667,"y":-1.44},{"time":0.2333,"y":1.21},{"time":0.2667,"y":-1.44},{"time":0.3333,"y":1.21},{"time":0.3667,"y":-1.44},{"time":0.4,"y":1.21},{"time":0.4667,"y":-1.44},{"time":0.5333,"y":1.21},{"time":0.6,"y":-1.44},{"time":0.6333,"y":1.21},{"time":0.7,"y":-1.44},{"time":0.7333,"y":1.21},{"time":0.7667,"y":-1.44},{"time":0.8,"y":1.21}]},"tanhuang2":{"scale":[{},{"time":0.2,"x":1.1},{"time":0.2333},{"time":0.6,"x":1.1},{"time":0.6333}]},"qiu1":{"translate":[{"y":-0.6,"curve":0.25,"c3":0.75},{"time":0.0333,"y":-1.95},{"time":0.1,"y":0.74},{"time":0.1667,"y":-1.95},{"time":0.2333,"y":0.74},{"time":0.3,"y":-1.95},{"time":0.3667,"y":0.74},{"time":0.4333,"y":-1.95},{"time":0.5,"y":0.74},{"time":0.5667,"y":-1.95},{"time":0.6333,"y":0.74},{"time":0.7,"y":-1.95},{"time":0.7667,"y":0.74},{"time":0.8,"y":-0.6}]},"lvban":{"translate":[{},{"time":0.0667,"x":-1.36,"y":4.77},{"time":0.1333},{"time":0.2,"x":-1.36,"y":4.77},{"time":0.2667},{"time":0.3333,"x":-1.36,"y":4.77},{"time":0.4},{"time":0.4667,"x":-1.36,"y":4.77},{"time":0.5333},{"time":0.6,"x":-1.36,"y":4.77},{"time":0.6667},{"time":0.7333,"x":-1.36,"y":4.77},{"time":0.8}]},"lunqian":{"rotate":[{},{"time":0.2,"angle":90},{"time":0.4,"angle":180},{"time":0.6,"angle":-90},{"time":0.8}]},"ganpo":{"rotate":[{},{"time":0.1667,"angle":-1.66},{"time":0.2333,"angle":1.14},{"time":0.4},{"time":0.5667,"angle":-1.66},{"time":0.6333,"angle":1.14},{"time":0.8}]},"shenti":{"rotate":[{"angle":0.16},{"time":0.0333},{"time":0.2333,"angle":0.98},{"time":0.4,"angle":0.16},{"time":0.4333},{"time":0.6333,"angle":0.98},{"time":0.8,"angle":0.16}]},"shenti2":{"rotate":[{"angle":0.79},{"time":0.0667,"angle":-0.32},{"time":0.2667,"angle":2.5},{"time":0.4,"angle":0.79},{"time":0.4667,"angle":-0.32},{"time":0.6667,"angle":2.5},{"time":0.8,"angle":0.79}]},"tou":{"rotate":[{"angle":-1.81},{"time":0.1,"angle":-5.27},{"time":0.3,"angle":0.53},{"time":0.4,"angle":-1.81},{"time":0.5,"angle":-5.27},{"time":0.7,"angle":0.53},{"time":0.8,"angle":-1.81}]},"qiu3":{"translate":[{"y":-0.6,"curve":0.25,"c3":0.75},{"time":0.0333,"y":-1.95},{"time":0.1,"y":0.74},{"time":0.1667,"y":-1.95},{"time":0.2333,"y":0.74},{"time":0.3,"y":-1.95},{"time":0.3667,"y":0.74},{"time":0.4333,"y":-1.95},{"time":0.5,"y":0.74},{"time":0.5667,"y":-1.95},{"time":0.6333,"y":0.74},{"time":0.7,"y":-1.95},{"time":0.7667,"y":0.74},{"time":0.8,"y":-0.6}]},"qiu2":{"translate":[{"y":-1.95},{"time":0.0667,"y":0.74},{"time":0.1333,"y":-1.95},{"time":0.2,"y":0.74},{"time":0.2667,"y":-1.95},{"time":0.3333,"y":0.74},{"time":0.4,"y":-1.95},{"time":0.4667,"y":0.74},{"time":0.5333,"y":-1.95},{"time":0.6,"y":0.74},{"time":0.6667,"y":-1.95},{"time":0.7333,"y":0.74},{"time":0.8,"y":-1.95}]},"qiu4":{"translate":[{"y":-1.95},{"time":0.0667,"y":0.74},{"time":0.1333,"y":-1.95},{"time":0.2,"y":0.74},{"time":0.2667,"y":-1.95},{"time":0.3333,"y":0.74},{"time":0.4,"y":-1.95},{"time":0.4667,"y":0.74},{"time":0.5333,"y":-1.95},{"time":0.6,"y":0.74},{"time":0.6667,"y":-1.95},{"time":0.7333,"y":0.74},{"time":0.8,"y":-1.95}]},"lunzi3":{"rotate":[{},{"time":0.2,"angle":90},{"time":0.4,"angle":180},{"time":0.6,"angle":-90},{"time":0.8}]},"koudai":{"rotate":[{},{"time":0.4,"angle":9.71},{"time":0.8}]}}}}},[0]]],0,0,[0],[-1],[6]]]]