[1,["66kT8yYWVJa5uS7N5IcNUz","76rRlxVn1GoJx8HWB5XaaM","caWP9FxNpKUIgEpL1SzNF7","04Pp5R0hNIjYM+BlfXK4W2","ecpdLyjvZBwrvm+cedCcQy","darcfjqJ9OMpVHytdGac/5","eeyq21o+tOxYhj/uZuTX1w","60BqJDn51PUJpNWBIs8jw+","7fNS+ijmpBz6ZMJiraQyG+","feclHZzPlNkp8kZVR4/uOb","d1A2hk7ppJhbLAPiSenwUb","97DrwH0XNL0Zd7sPLBIAGE","ac7dzFhitLZqGPT92B4lmb","0bjKPm9+hLH71KGarSttu9","f03Djwxw9EtKkXdI/lJFTT","f5/pCQ021HMJg0FCvmmmAx","287PiLCf5IMJNqP42cUfVJ","4b7/m4JVRJ2ImVfCkde1yi","53d6PmlupCpZDlWG/60lQS","c9BPUAP3xKHanWJs9VLd4V","e3Tc7/v9dBBbyIxfS+QuPw","c3okghjLNM6YvInVjTYg5W","0avYky6IxEBKWw5AcII/El","6bHOaKoxVOE4DN9kC5w8Xm","7037spmD9HJ7VuglXlk5B2"],["_textureSetter","node","root","ani","data"],["cc.SpriteFrame",["cc.PrefabInfo",["fileId","root","asset"],2,1,1],["cc.Prefab",["_name"],2],["cc.Node",["_name","_children","_components","_prefab"],2,2,9,4],["cc.Node",["_name","_parent","_components","_prefab","_contentSize"],2,1,12,4,5],["7c9ef+mNP5N/ZWOKV0x/u2L",["node","ani"],3,1,1],["cc.Sprite",["node","_materials"],3,1,3],["2f54fyh8VpKBaCciEDVPkHC",["duration","node","spriteFrames"],2,1,3]],[[2,0,2],[3,0,1,2,3,2],[4,0,1,2,3,4,2],[5,0,1,1],[1,1,2,1],[1,0,1,2,2],[6,0,1,1],[7,0,1,2,2]],[[[{"name":"06FX_9","rect":[18,8,316,297],"offset":[3,1],"originalSize":[346,315],"capInsets":[0,0,0,0]}],[0],0,[0],[0],[0]],[[{"name":"06FX_12","rect":[107,117,149,59],"offset":[8.5,11],"originalSize":[346,315],"capInsets":[0,0,0,0]}],[0],0,[0],[0],[1]],[[{"name":"06FX_3","rect":[50,49,237,240],"offset":[-4.5,-11.5],"originalSize":[346,315],"capInsets":[0,0,0,0]}],[0],0,[0],[0],[2]],[[{"name":"06FX_4","rect":[31,41,282,264],"offset":[-1,-15.5],"originalSize":[346,315],"capInsets":[0,0,0,0]}],[0],0,[0],[0],[3]],[[[0,"CherryBoomEffect"],[1,"CherryBoomEffect",[-4],[[3,-3,-2]],[4,-1,0]],[2,"boom",1,[[[6,-5,[0]],-6],4,1],[5,"dd7xg+yFhL9rDJu5TGLswM",1,0],[5,153,165]],[7,0.04,2,[1,2,3,4,5,6,7,8,9,10,11,12]]],0,[0,2,1,0,3,3,0,1,1,0,-1,2,0,1,2,0,-2,3,0,4,1,6],[0,0,0,0,0,0,0,0,0,0,0,0,0],[-1,-1,-2,-3,-4,-5,-6,-7,-8,-9,-10,-11,-12],[4,5,6,7,8,9,10,11,12,13,14,15,16]],[[{"name":"06FX_7","rect":[2,0,342,313],"offset":[0,1],"originalSize":[346,315],"capInsets":[0,0,0,0]}],[0],0,[0],[0],[17]],[[{"name":"06FX_8","rect":[10,0,331,307],"offset":[2.5,4],"originalSize":[346,315],"capInsets":[0,0,0,0]}],[0],0,[0],[0],[18]],[[{"name":"06FX_6","rect":[0,4,346,311],"offset":[0,-2],"originalSize":[346,315],"capInsets":[0,0,0,0]}],[0],0,[0],[0],[19]],[[{"name":"06FX_1","rect":[97,76,153,165],"offset":[0.5,-1],"originalSize":[346,315],"capInsets":[0,0,0,0]}],[0],0,[0],[0],[20]],[[{"name":"06FX_2","rect":[84,67,175,199],"offset":[-1.5,-9],"originalSize":[346,315],"capInsets":[0,0,0,0]}],[0],0,[0],[0],[21]],[[{"name":"06FX_10","rect":[25,19,303,248],"offset":[3.5,14.5],"originalSize":[346,315],"capInsets":[0,0,0,0]}],[0],0,[0],[0],[22]],[[{"name":"06FX_11","rect":[51,58,247,196],"offset":[1.5,1.5],"originalSize":[346,315],"capInsets":[0,0,0,0]}],[0],0,[0],[0],[23]],[[{"name":"06FX_5","rect":[23,20,309,293],"offset":[4.5,-9],"originalSize":[346,315],"capInsets":[0,0,0,0]}],[0],0,[0],[0],[24]]]]