[1,["7a/QZLET9IDreTiBfRn2PD","c8ZzIonapJQp0krYBtkwVy","67ubQlgW9DMJduE/2Ke2Sq"],["root","spine","node","data","_N$skeletonData"],[["cc.PrefabInfo",["fileId","root","asset"],2,1,1],["cc.Prefab",["_name"],2],["cc.Node",["_name","_children","_components","_prefab"],2,2,9,4],["cc.Node",["_name","_parent","_components","_prefab","_contentSize","_trs"],2,1,2,4,5,7],["b2afbvP8rxKZpOCQLPbuZGR",["aniName","node","spine"],2,1,1],["sp.Skeleton",["defaultSkin","defaultAnimation","_preCacheMode","_animationName","node","_materials"],-1,1,3],["261d4+Q1HdGA5w3tjdBw83c",["node","spineAnimation"],3,1,1],["sp.SkeletonData",["_name","_atlasText","textureNames","_skeletonJson","textures"],-1,3]],[[1,0,2],[2,0,1,2,3,2],[3,0,1,2,3,4,5,2],[4,0,1,2,2],[0,1,2,1],[0,0,1,2,2],[5,0,1,2,3,4,5,5],[6,0,1,1],[7,0,1,2,3,4,5]],[[[[0,"ZomboniAshesEffect"],[1,"ZomboniAshesEffect",[-4],[[3,"death",-3,-2]],[4,-1,0]],[2,"20FX_Cinders",1,[-5,-6],[5,"bc3sBgnb5My7feU4w8+r7H",1,0],[5,200.65,199.27],[40,0,0,0,0,0,1,1,1,1]],[6,"default","death",0,"death",2,[0]],[7,2,3]],0,[0,0,1,0,1,4,0,2,1,0,-1,2,0,-1,3,0,-2,4,0,3,1,6],[0,3],[-1,4],[0,1]],[[[8,"24FX_Ginders","\n24FX_Ginders.png\nsize: 1024,512\nformat: RGBA8888\nfilter: Linear,Linear\nrepeat: none\ncar1\n  rotate: false\n  xy: 2, 302\n  size: 291, 208\n  orig: 291, 208\n  offset: 0, 0\n  index: -1\ncar10\n  rotate: false\n  xy: 187, 63\n  size: 97, 97\n  orig: 98, 97\n  offset: 1, 0\n  index: -1\ncar11\n  rotate: true\n  xy: 836, 8\n  size: 44, 50\n  orig: 46, 51\n  offset: 1, 1\n  index: -1\ncar12\n  rotate: false\n  xy: 187, 2\n  size: 36, 28\n  orig: 37, 29\n  offset: 1, 1\n  index: -1\ncar2\n  rotate: false\n  xy: 295, 303\n  size: 290, 207\n  orig: 291, 208\n  offset: 1, 1\n  index: -1\ncar3\n  rotate: true\n  xy: 587, 220\n  size: 290, 183\n  orig: 291, 184\n  offset: 1, 1\n  index: -1\ncar4\n  rotate: true\n  xy: 295, 11\n  size: 290, 173\n  orig: 291, 173\n  offset: 1, 0\n  index: -1\ncar5\n  rotate: true\n  xy: 2, 17\n  size: 283, 183\n  orig: 284, 183\n  offset: 1, 0\n  index: -1\ncar6\n  rotate: false\n  xy: 586, 54\n  size: 251, 164\n  orig: 252, 165\n  offset: 1, 1\n  index: -1\ncar7\n  rotate: true\n  xy: 772, 292\n  size: 218, 146\n  orig: 219, 147\n  offset: 1, 1\n  index: -1\ncar8\n  rotate: true\n  xy: 470, 135\n  size: 166, 114\n  orig: 167, 115\n  offset: 1, 1\n  index: -1\ncar9\n  rotate: true\n  xy: 187, 162\n  size: 138, 104\n  orig: 138, 105\n  offset: 0, 1\n  index: -1\ndi1\n  rotate: true\n  xy: 839, 195\n  size: 95, 61\n  orig: 96, 61\n  offset: 0, 0\n  index: -1\ndi2\n  rotate: false\n  xy: 187, 32\n  size: 100, 29\n  orig: 100, 29\n  offset: 0, 0\n  index: -1\ndi6\n  rotate: false\n  xy: 568, 30\n  size: 266, 22\n  orig: 267, 22\n  offset: 0, 0\n  index: -1\neye1\n  rotate: true\n  xy: 772, 225\n  size: 65, 33\n  orig: 66, 33\n  offset: 1, 0\n  index: -1\neye2\n  rotate: false\n  xy: 839, 160\n  size: 65, 33\n  orig: 66, 33\n  offset: 1, 0\n  index: -1\nhead\n  rotate: true\n  xy: 470, 27\n  size: 106, 96\n  orig: 107, 97\n  offset: 1, 1\n  index: -1\nhui1\n  rotate: true\n  xy: 568, 8\n  size: 20, 98\n  orig: 20, 98\n  offset: 0, 0\n  index: -1\n",["24FX_Ginders.png"],{"skeleton":{"hash":"K4XpbkmzUEjA2iLAYHyy9ulPolA","spine":"3.8.99","x":-71.34,"y":-0.73,"width":200.65,"height":199.27},"bones":[{"name":"root"},{"name":"24FX_Ginders","parent":"root","x":25.54,"y":5.76,"scaleX":0.138,"scaleY":0.138},{"name":"di1","parent":"24FX_Ginders","x":-465.99,"y":45.1},{"name":"di2","parent":"24FX_Ginders","x":-497.93,"y":31.94},{"name":"di6","parent":"24FX_Ginders"},{"name":"car1","parent":"24FX_Ginders"},{"name":"head","parent":"car1","length":242.93,"rotation":90,"x":455.22,"y":1011.12},{"name":"hui1","parent":"24FX_Ginders","x":118.38,"y":341.98},{"name":"hui2","parent":"24FX_Ginders","x":118.38,"y":341.98},{"name":"di3","parent":"24FX_Ginders","x":-465.99,"y":45.1},{"name":"di4","parent":"24FX_Ginders","x":-465.99,"y":45.1},{"name":"di5","parent":"24FX_Ginders","x":-465.99,"y":45.1}],"slots":[{"name":"car1","bone":"car1","attachment":"car1"},{"name":"di6","bone":"di6"},{"name":"di1","bone":"di1"},{"name":"di5","bone":"di5"},{"name":"di3","bone":"di3"},{"name":"di4","bone":"di4"},{"name":"di2","bone":"di2"},{"name":"hui1","bone":"hui1"},{"name":"hui2","bone":"hui2"},{"name":"head","bone":"head","attachment":"head"},{"name":"eye1","bone":"head"}],"skins":[{"name":"default","attachments":{"car1":{"car1":{"type":"mesh","hull":6,"uvs":[1,0.85451,1,1,0,1,0,0.85233,0,0,1,0],"triangles":[3,4,5,3,5,0,2,3,0,2,0,1],"vertices":[752,104.31,752,-47,-702,-47,-702,106.57,-702,993,752,993]},"car2":{"x":25.5,"y":473,"width":1453,"height":1040},"car3":{"x":25.5,"y":533.5,"width":1453,"height":919},"car4":{"x":25.5,"y":560,"width":1453,"height":866},"car5":{"x":42,"y":535,"width":1420,"height":916},"car6":{"x":121,"y":581.5,"width":1262,"height":823},"car7":{"x":205,"y":625.5,"width":1094,"height":735},"car8":{"x":334,"y":706,"width":836,"height":574},"car9":{"x":401.5,"y":730,"width":689,"height":526},"car10":{"x":446,"y":751.5,"width":492,"height":483},"car11":{"x":441,"y":865,"width":232,"height":256},"car12":{"x":426,"y":937.5,"width":186,"height":145}},"di1":{"di1":{"x":11.49,"y":110.4,"width":479,"height":303}},"di2":{"di2":{"x":-7.57,"y":-6.44,"width":499,"height":145}},"di3":{"di1":{"x":11.49,"y":110.4,"width":479,"height":303}},"di4":{"di1":{"x":11.49,"y":110.4,"width":479,"height":303}},"di5":{"di1":{"x":11.49,"y":110.4,"width":479,"height":303}},"di6":{"di6":{"x":-83,"y":8.5,"width":1336,"height":111}},"eye1":{"eye1":{"x":116.88,"y":112.72,"rotation":-90,"width":329,"height":164},"eye2":{"x":116.88,"y":112.72,"rotation":-90,"width":329,"height":164}},"head":{"head":{"x":144.38,"y":10.72,"rotation":-90,"width":533,"height":483}},"hui1":{"hui1":{"x":-6.38,"y":-36.98,"width":102,"height":490}},"hui2":{"hui1":{"x":-6.38,"y":-36.98,"width":102,"height":490}}}}],"animations":{"death":{"slots":{"car1":{"attachment":[{"time":1.6667,"name":"car2"},{"time":1.7333,"name":"car3"},{"time":1.8,"name":"car4"},{"time":1.8667,"name":"car5"},{"time":1.9333,"name":"car6"},{"time":2,"name":"car7"},{"time":2.0667,"name":"car8"},{"time":2.1333,"name":"car9"},{"time":2.2,"name":"car10"},{"time":2.2667,"name":"car11"},{"time":2.3333,"name":"car12"},{"time":2.4,"name":null}]},"di1":{"attachment":[{"time":1.6667,"name":"di1"}]},"di2":{"attachment":[{"time":2.0667,"name":"di2"}]},"di3":{"attachment":[{"time":1.6667,"name":"di1"}]},"di4":{"attachment":[{"time":1.6667,"name":"di1"}]},"di5":{"attachment":[{"time":1.6667,"name":"di1"}]},"di6":{"attachment":[{"time":1.6667,"name":"di6"}]},"eye1":{"attachment":[{"time":0.7333,"name":"eye1"},{"time":0.8,"name":"eye2"},{"time":0.8667,"name":"eye1"},{"time":0.9333,"name":null},{"time":1,"name":"eye1"},{"time":1.0667,"name":"eye2"},{"time":1.1333,"name":"eye1"},{"time":1.2,"name":null}]},"hui1":{"attachment":[{"time":1.7333,"name":"hui1"},{"time":2.4,"name":null}]},"hui2":{"attachment":[{"time":1.7333,"name":"hui1"},{"time":2.2,"name":null}]}},"bones":{"head":{"rotate":[{"time":2.6667},{"time":2.8,"angle":-25.06},{"time":2.9333,"angle":-22.05},{"time":3.1333,"angle":9.23},{"time":3.2667,"angle":30.86}],"translate":[{"time":2.6667},{"time":2.8,"x":-40.7,"y":-552.9},{"time":2.9333,"x":-46.37,"y":-567.07},{"time":3.1333,"x":-154.06,"y":-456.54},{"time":3.2667,"x":-220.25,"y":-686.18},{"time":3.4,"x":-224.43,"y":-715.44},{"time":3.5333,"x":-220.25,"y":-686.18}],"scale":[{"time":2.8},{"time":2.9333,"x":0.897,"y":1.026},{"time":3.1333,"curve":"stepped"},{"time":3.2667},{"time":3.4,"x":0.928,"y":1.05},{"time":3.5333}]},"car1":{"rotate":[{"time":3.8333}],"translate":[{"time":1.6,"y":-10,"curve":"stepped"},{"time":1.6667,"y":-30}]},"di6":{"translate":[{"time":1.6667,"y":-20}]},"hui1":{"translate":[{"time":1.7333,"x":-595.98,"y":100.14},{"time":1.9333,"x":-304.65,"y":119.58},{"time":2.1333,"x":365.79,"y":104.48},{"time":2.3333,"x":365.79,"y":-67.66}],"scale":[{"time":1.7333,"x":2.457,"y":1.44},{"time":1.9333,"x":2.178,"y":1.559},{"time":2.1333,"x":1.452,"y":1.559},{"time":2.3333,"x":0.456,"y":0.659}]},"hui2":{"translate":[{"time":1.7333,"x":262.74,"y":109.64},{"time":1.9333,"x":277.51,"y":-6.07},{"time":2.1333,"x":277.51,"y":-173.49}],"scale":[{"time":1.7333,"x":2.087,"y":1.643},{"time":1.9333,"x":1.248,"y":1.135},{"time":2.1333,"x":0.576,"y":0.408}]},"di1":{"translate":[{"time":1.6667,"x":-7.51,"y":-35.45},{"time":1.8,"x":17.7,"y":-35.45},{"time":1.9333,"x":178.62,"y":-35.45},{"time":2.1333,"x":823.42,"y":-35.45}],"scale":[{"time":1.6667,"x":0.895,"y":0.819},{"time":1.8,"x":1.181,"y":1.113},{"time":1.9333,"x":1.961,"y":1.479},{"time":2.1333,"x":3.617,"y":1.635},{"time":2.3333,"x":3.768,"y":1.87}],"shear":[{"time":1.8},{"time":1.9333,"y":-9.07}]},"di3":{"translate":[{"time":1.6667,"x":250.76,"y":-44.77},{"time":1.8,"x":283.38,"y":-44.77}],"scale":[{"time":1.6667,"x":0.459,"y":0.363},{"time":1.8,"x":0.628,"y":0.45,"curve":"stepped"},{"time":1.9333,"x":0.628,"y":0.45},{"time":2.3333,"x":0.93,"y":0.45}]},"di4":{"translate":[{"time":1.6667,"x":549.28,"y":-36.31},{"time":1.8,"x":510.72,"y":-36.31}],"scale":[{"time":1.6667,"x":0.577,"y":0.774},{"time":1.8,"x":0.894,"y":0.804},{"time":1.9333,"x":0.982,"y":1.018},{"time":2.1333,"x":1.189,"y":1.018},{"time":2.3333,"x":1.476,"y":1.018}]},"di5":{"translate":[{"time":1.6667,"x":839.54,"y":-46.53}],"scale":[{"time":1.6667,"x":0.897,"y":0.716},{"time":1.8,"x":1.048,"y":0.837},{"time":1.9333,"x":1.244,"y":1.04}]},"di2":{"translate":[{"time":2.0667,"x":1156.48,"y":-33.28},{"time":2.1333,"x":1349.92,"y":-37.44}],"scale":[{"time":2.0667},{"time":2.1333,"x":1.728}]}},"deform":{"default":{"car1":{"car1":[{"time":1.6,"offset":3,"vertices":[10.17191,-0.00001,10.17191]}]}}}}}},[0]]],0,0,[0],[-1],[2]]]]