[1,["36TCKf6ANHpI4JPF8SK+4a","e3Na6WdjJK9LpgWa8SaKIQ","42609N9p5ArJ/HNaicXL7e"],["_parent","root","body","animation","headNode","node","data","_N$skeletonData"],[["cc.Node",["_name","_prefab","_children","_parent","_components","_contentSize","_anchorPoint"],2,4,2,1,9,5,5],["cc.Node",["_name","_groupIndex","_prefab","_children","_parent","_components"],1,4,12,1,2],["cc.PrefabInfo",["fileId","root","asset"],2,1,1],["sp.SkeletonData",["_name","_atlasText","textureNames","_skeletonJson","textures"],-1,3],["cc.Prefab",["_name"],2],["cc.Node",["_name","_parent","_children","_components","_prefab","_contentSize"],2,1,2,2,4,5],["cc.Node",["_name","_parent","_children","_prefab"],2,1,9,4],["20bc9UOvSlIXarlMuYUaqFr",["attackAniName","deathAniName","moveAniName","idleAniName","node","headNode","headOffset","animation","body","shadowOffset"],-1,1,1,5,1,1,5],["sp.Skeleton",["defaultSkin","defaultAnimation","_preCacheMode","_animationName","node","_materials"],-1,1,3],["261d4+Q1HdGA5w3tjdBw83c",["activeFlash","node","spineAnimation"],2,1,1],["cc.BoxCollider",["node","_offset","_size"],3,1,5,5],["b1abdSI13NE76lu3aJ+NI5X",["node","body"],3,1,1]],[[2,0,1,2,2],[0,0,3,1,2],[0,0,3,2,1,2],[6,0,1,2,3,2],[1,0,3,2,2],[3,0,1,2,3,4,5],[4,0,2],[0,0,2,4,1,5,6,2],[1,0,1,4,5,2,3],[5,0,1,2,3,4,5,2],[7,0,1,2,3,4,5,6,7,8,9,5],[2,1,2,1],[8,0,1,2,3,4,5,5],[9,0,1,2,2],[10,0,1,2,1],[11,0,1,1]],[[[[5,"Zombie_Jackson","\nZombie_Jackson.png\nsize: 256,128\nformat: RGBA8888\nfilter: Linear,Linear\nrepeat: none\nkua\n  rotate: false\n  xy: 2, 2\n  size: 37, 35\n  orig: 38, 38\n  offset: 0, 3\n  index: -1\nsehnti\n  rotate: true\n  xy: 2, 39\n  size: 87, 58\n  orig: 87, 58\n  offset: 0, 0\n  index: -1\nshetou\n  rotate: true\n  xy: 62, 39\n  size: 13, 22\n  orig: 13, 22\n  offset: 0, 0\n  index: -1\ntongkong\n  rotate: true\n  xy: 142, 82\n  size: 3, 4\n  orig: 4, 4\n  offset: 0, 0\n  index: -1\ntou1\n  rotate: false\n  xy: 89, 3\n  size: 64, 49\n  orig: 64, 49\n  offset: 0, 0\n  index: -1\ntoufa\n  rotate: true\n  xy: 62, 54\n  size: 72, 48\n  orig: 72, 48\n  offset: 0, 0\n  index: -1\nxiaba\n  rotate: true\n  xy: 41, 2\n  size: 35, 23\n  orig: 35, 23\n  offset: 0, 0\n  index: -1\nyoudabi\n  rotate: false\n  xy: 180, 20\n  size: 19, 34\n  orig: 19, 34\n  offset: 0, 0\n  index: -1\nyoudatui\n  rotate: false\n  xy: 155, 15\n  size: 23, 37\n  orig: 23, 37\n  offset: 0, 0\n  index: -1\nyoujiao\n  rotate: true\n  xy: 198, 90\n  size: 36, 19\n  orig: 36, 19\n  offset: 0, 0\n  index: -1\nyoushou\n  rotate: false\n  xy: 201, 31\n  size: 20, 25\n  orig: 20, 25\n  offset: 0, 0\n  index: -1\nyoushou1\n  rotate: true\n  xy: 176, 56\n  size: 31, 21\n  orig: 31, 22\n  offset: 0, 0\n  index: -1\nyouxiaobi\n  rotate: true\n  xy: 180, 2\n  size: 16, 23\n  orig: 16, 23\n  offset: 0, 0\n  index: -1\nyouxiaotui\n  rotate: false\n  xy: 66, 2\n  size: 21, 35\n  orig: 21, 41\n  offset: 0, 6\n  index: -1\nyouxiedian\n  rotate: true\n  xy: 221, 11\n  size: 18, 14\n  orig: 18, 14\n  offset: 0, 0\n  index: -1\nzuodabi\n  rotate: false\n  xy: 148, 54\n  size: 26, 31\n  orig: 26, 31\n  offset: 0, 0\n  index: -1\nzuodabi1\n  rotate: true\n  xy: 112, 54\n  size: 26, 34\n  orig: 26, 34\n  offset: 0, 0\n  index: -1\nzuodatui\n  rotate: false\n  xy: 142, 87\n  size: 19, 39\n  orig: 19, 39\n  offset: 0, 0\n  index: -1\nzuojiao\n  rotate: true\n  xy: 112, 82\n  size: 44, 28\n  orig: 44, 28\n  offset: 0, 0\n  index: -1\nzuoshou1\n  rotate: true\n  xy: 199, 58\n  size: 30, 27\n  orig: 30, 27\n  offset: 0, 0\n  index: -1\nzuoxiaobi\n  rotate: false\n  xy: 219, 97\n  size: 17, 29\n  orig: 17, 29\n  offset: 0, 0\n  index: -1\nzuoxiaotui\n  rotate: false\n  xy: 163, 89\n  size: 33, 37\n  orig: 33, 37\n  offset: 0, 0\n  index: -1\nzuoxiedian\n  rotate: true\n  xy: 205, 9\n  size: 20, 14\n  orig: 20, 14\n  offset: 0, 0\n  index: -1\n",["Zombie_Jackson.png"],{"skeleton":{"hash":"d52BIM0Y8vzuSr6UASKS9hYvO6I","spine":"3.8.99","x":-52.59,"y":-0.98,"width":118.63,"height":162.99,"images":"./images/","audio":"F:/私活/植物大战僵尸动作/第二关/第二大关/Zombie_Jackson"},"bones":[{"name":"root","rotation":0.25,"scaleX":0.5,"scaleY":0.5},{"name":"kua","parent":"root","rotation":-0.05,"x":45.74,"y":141.82,"color":"ffda27ff"},{"name":"zuodatui","parent":"kua","x":16.45,"y":0.97,"color":"8aea19ff"},{"name":"zuodatui2","parent":"zuodatui","length":58.8,"rotation":-84.26,"x":1.07,"y":-2.17,"color":"8aea18ff"},{"name":"zuoxiaotui","parent":"zuodatui2","length":59.06,"rotation":35.79,"x":58.41,"y":-0.32,"color":"8aea18ff"},{"name":"youdatui","parent":"kua","x":-12.44,"y":-1.8},{"name":"youdatui2","parent":"youdatui","length":54.17,"rotation":-114.51,"x":-0.74,"y":-3.25},{"name":"youxiaotui","parent":"youdatui2","length":50.96,"rotation":14.16,"x":52.06,"y":-0.01},{"name":"sehnti","parent":"kua","length":92.32,"rotation":129.63,"x":-2.85,"y":5.27,"color":"ff7928ff"},{"name":"tou1","parent":"sehnti","length":80.35,"rotation":-10.6,"x":92.35,"y":-0.28},{"name":"toufa","parent":"tou1","length":10,"rotation":-36.38,"x":65.29,"y":-20.37},{"name":"xiaba","parent":"tou1","x":10.21,"y":19.93},{"name":"tongkong","parent":"tou1","x":28,"y":-9.81},{"name":"zuodabi","parent":"sehnti","length":48.03,"rotation":-242.23,"x":39.26,"y":-30.55,"color":"8aea18ff"},{"name":"zuoxiaobi","parent":"zuodabi","length":39.36,"rotation":11.05,"x":48.97,"y":-0.63,"color":"8aea18ff"},{"name":"zuoshou1","parent":"zuoxiaobi","length":38.89,"rotation":24.89,"x":39.78,"y":0.24,"color":"8aea18ff"},{"name":"youdabi","parent":"sehnti","length":48.53,"rotation":-221.22,"x":87.38,"y":16.23,"color":"1fb4ffff"},{"name":"youxiaobi","parent":"youdabi","length":35.79,"rotation":-4.13,"x":48.91,"y":-0.37,"color":"1eb4ffff"},{"name":"youshou","parent":"youxiaobi","length":33.37,"rotation":3.52,"x":35.75,"y":0.38,"color":"1eb4ffff"},{"name":"zuo","parent":"root","length":40,"rotation":-149.4,"x":107.99,"y":37.57,"color":"8aea18ff"},{"name":"you","parent":"root","length":30,"rotation":-160.27,"x":0.7,"y":44.42,"color":"ff3f00ff"},{"name":"shetou","parent":"xiaba","x":-1.51,"y":9.51},{"name":"shetou2","parent":"shetou","length":16.12,"rotation":148.28,"x":-0.85,"y":0.68},{"name":"shetou3","parent":"shetou2","length":15.62,"rotation":12.16,"x":16.11,"y":0.17},{"name":"tongkong2","parent":"tou1","x":50.67,"y":41.48}],"slots":[{"name":"youdabi","bone":"youdabi","attachment":"youdabi"},{"name":"youxiaobi","bone":"youxiaobi","attachment":"youxiaobi"},{"name":"youshou","bone":"youshou","attachment":"youshou"},{"name":"youshou1","bone":"youshou","attachment":"youshou1"},{"name":"youdatui","bone":"youdatui2","attachment":"youdatui"},{"name":"youxiedian","bone":"you","attachment":"youxiedian"},{"name":"youxiaotui","bone":"youxiaotui","attachment":"youxiaotui"},{"name":"youjiao","bone":"you","attachment":"youjiao"},{"name":"kua","bone":"kua","attachment":"kua"},{"name":"zuodatui","bone":"zuodatui2","attachment":"zuodatui"},{"name":"zuoxiedian","bone":"zuo","attachment":"zuoxiedian"},{"name":"zuoxiaotui","bone":"zuoxiaotui","attachment":"zuoxiaotui"},{"name":"zuojiao","bone":"zuo","attachment":"zuojiao"},{"name":"sehnti","bone":"sehnti","attachment":"sehnti"},{"name":"zuodabi1","bone":"zuodabi","attachment":"zuodabi1"},{"name":"zuodabi","bone":"zuodabi","attachment":"zuodabi"},{"name":"zuoxiaobi","bone":"zuoxiaobi","attachment":"zuoxiaobi"},{"name":"zuoshou1","bone":"zuoshou1","attachment":"zuoshou1"},{"name":"xiaba","bone":"xiaba","attachment":"xiaba"},{"name":"shetou","bone":"shetou","attachment":"shetou"},{"name":"tou1","bone":"tou1","attachment":"tou1"},{"name":"tongkong","bone":"tongkong","attachment":"tongkong"},{"name":"tongkong2","bone":"tongkong2","attachment":"tongkong"},{"name":"toufa","bone":"toufa","attachment":"toufa"}],"ik":[{"name":"you","order":1,"target":"you","softness":3,"bones":["youdatui2","youxiaotui"]},{"name":"zuo","target":"zuo","softness":3,"bones":["zuodatui2","zuoxiaotui"]}],"skins":[{"name":"biaoqing1","attachments":{"kua":{"kua":{"type":"mesh","hull":12,"width":75,"height":76,"uvs":[0,0.4474,0.01957,0.76351,0.22491,0.79593,0.51648,0.90535,0.80395,0.83645,0.97232,0.65814,0.96411,0.47172,0.76288,0.10698,0.54112,0,0.27419,0,0.08939,0.14751,0.01957,0.30151],"triangles":[11,2,0,2,1,0,10,8,11,2,11,8,9,8,10,7,2,8,7,3,2,4,6,5,7,6,3,4,3,6],"vertices":[-37.68,9.98,-36.2,-14.04,-20.79,-16.49,1.08,-24.79,22.64,-19.53,35.25,-5.97,34.62,8.2,19.51,35.9,2.87,44.02,-17.15,44,-31,32.78,-36.23,21.07],"edges":[0,2,2,4,4,6,6,8,8,10,10,12,12,14,14,16,16,18,18,20,20,22,0,22]}},"sehnti":{"sehnti":{"x":58.86,"y":16.6,"rotation":-129.63,"width":173,"height":116}},"tongkong":{"tongkong":{"x":-0.2,"y":0.26,"rotation":-119.03,"width":8,"height":7}},"tongkong2":{"tongkong":{"x":-22.88,"y":-51.02,"rotation":-119.03,"width":8,"height":7}},"tou1":{"tou1":{"x":42.46,"y":-1.67,"rotation":-119.03,"width":128,"height":97}},"toufa":{"toufa":{"x":-9.31,"y":1.59,"rotation":-82.65,"width":143,"height":95}},"xiaba":{"xiaba":{"x":-8.21,"y":0.28,"rotation":-119.03,"width":69,"height":45}},"youdabi":{"youdabi":{"x":23.77,"y":-1.93,"rotation":91.59,"width":38,"height":67}},"youdatui":{"youdatui":{"x":25.83,"y":1.95,"rotation":109.99,"width":45,"height":74}},"youjiao":{"youjiao":{"x":18.72,"y":2.94,"rotation":160.27,"width":72,"height":37}},"youshou":{"youshou":{"x":16.76,"y":-1.04,"rotation":92.2,"width":40,"height":50}},"youshou1":{"youshou1":{"x":19.42,"y":-4.71,"rotation":135.09,"width":62,"height":43}},"youxiaobi":{"youxiaobi":{"x":17.77,"y":1.41,"rotation":95.72,"width":31,"height":45}},"youxiaotui":{"youxiaotui":{"type":"mesh","hull":12,"width":41,"height":82,"uvs":[0.63539,0,0.91593,0.05173,1,0.16083,1,0.25953,1,0.67255,0.59383,0.84139,0.21459,0.831,0,0.75047,0,0.5115,0.19381,0.41539,0.31329,0.26992,0.40681,0.02835],"triangles":[2,0,1,3,10,2,6,7,8,10,11,0,0,2,10,3,9,10,9,5,6,3,4,9,6,8,9,4,5,9],"vertices":[-9.31,-5.08,-8.15,7.12,-0.38,12.74,7.45,14.81,40.19,23.46,57.83,10.9,60.98,-4.36,56.84,-14.55,37.9,-19.55,28.25,-13.88,15.46,-12.2,-4.67,-13.55],"edges":[0,2,2,4,4,6,6,8,8,10,10,12,12,14,14,16,16,18,18,20,20,22,0,22]}},"youxiedian":{"youxiedian":{"x":-1.6,"y":-0.4,"rotation":160.27,"width":36,"height":27}},"zuodabi":{"zuodabi":{"x":20.83,"y":-1.96,"rotation":112.61,"width":51,"height":61}},"zuodabi1":{"zuodabi1":{"x":24.06,"y":-0.61,"rotation":112.61,"width":51,"height":68}},"zuodatui":{"zuodatui":{"type":"mesh","hull":12,"width":38,"height":77,"uvs":[0.52233,0,0.73917,0,0.92349,0.10161,1,0.47348,1,0.82395,0.86928,0.94701,0.5657,1,0.29465,0.98179,0.23502,0.85338,0,0.37984,0.00191,0.25143,0.23502,0.08823],"triangles":[3,9,2,11,9,10,11,0,9,9,3,8,0,1,2,2,9,0,4,8,3,5,8,4,6,7,8,5,6,8],"vertices":[-10.83,3.94,-9.87,12.13,-1.28,18.17,27.49,17.71,54.3,14.56,63.13,8.52,65.83,-3.42,63.24,-13.48,53.15,-14.58,15.89,-19.19,6.08,-17.96,-5.36,-7.69],"edges":[0,2,2,4,4,6,6,8,8,10,10,12,12,14,14,16,16,18,18,20,20,22,0,22]}},"zuojiao":{"zuojiao":{"x":22.95,"y":0.64,"rotation":149.4,"width":87,"height":55}},"zuoshou1":{"zuoshou1":{"x":19.24,"y":-1.15,"rotation":76.66,"width":59,"height":54}},"zuoxiaobi":{"zuoxiaobi":{"x":17.83,"y":2.72,"rotation":101.55,"width":34,"height":58}},"zuoxiaotui":{"zuoxiaotui":{"type":"mesh","hull":10,"width":66,"height":73,"uvs":[0.06179,0.1034,0.01028,0.22217,0.0077,0.35025,0.6027,1,0.88603,1,1,0.85792,1,0.60874,0.4971,0.17792,0.4121,0.04751,0.26785,0],"triangles":[3,7,6,5,3,6,0,9,8,8,7,0,7,1,0,7,2,1,3,2,7,4,3,5],"vertices":[-14.44,-0.18,-10.26,-8.34,-3.37,-14.67,58.17,-16.72,70.57,-2.72,67.8,9.79,54.18,21.85,8.63,17.85,-2.22,19.96,-11.13,15.14],"edges":[0,2,2,4,4,6,6,8,8,10,10,12,12,14,14,16,16,18,0,18]}},"zuoxiedian":{"zuoxiedian":{"x":1.97,"y":-4.38,"rotation":149.4,"width":40,"height":27}}}},{"name":"biaoqing2","attachments":{"kua":{"kua":{"type":"mesh","hull":12,"width":75,"height":76,"uvs":[0,0.4474,0.01957,0.76351,0.22491,0.79593,0.51648,0.90535,0.80395,0.83645,0.97232,0.65814,0.96411,0.47172,0.76288,0.10698,0.54112,0,0.27419,0,0.08939,0.14751,0.01957,0.30151],"triangles":[11,2,0,2,1,0,10,8,11,2,11,8,9,8,10,7,2,8,7,3,2,4,6,5,7,6,3,4,3,6],"vertices":[-37.68,9.98,-36.2,-14.04,-20.79,-16.49,1.08,-24.79,22.64,-19.53,35.25,-5.97,34.62,8.2,19.51,35.9,2.87,44.02,-17.15,44,-31,32.78,-36.23,21.07],"edges":[0,2,2,4,4,6,6,8,8,10,10,12,12,14,14,16,16,18,18,20,20,22,0,22]}},"sehnti":{"sehnti":{"x":58.86,"y":16.6,"rotation":-129.63,"width":173,"height":116}},"shetou":{"shetou":{"type":"mesh","hull":16,"width":25,"height":44,"uvs":[0.72175,0.02113,0.80058,0.0678,0.80054,0.33397,0.96223,0.63854,0.96052,0.77345,0.92016,0.84158,0.71732,0.95658,0.60185,0.97753,0.40054,0.97769,0.23973,0.93215,0.11802,0.86299,0.03926,0.77291,0.03952,0.37193,0.10917,0.23827,0.21831,0.11522,0.60003,0.02242],"triangles":[3,4,10,12,3,11,10,4,9,10,11,3,9,4,7,4,5,7,5,6,7,8,9,7,14,15,2,13,14,2,12,13,2,12,2,3,1,15,0,2,15,1],"vertices":[2,21,1.17,-8.44,0.86999,22,-6.51,6.69,0.13001,3,21,-1.58,-9.17,0.76593,22,-4.55,8.75,0.23344,23,-18.39,12.74,0.00062,3,21,-11.83,-3.49,0.01636,22,7.14,9.31,0.75313,23,-6.84,10.82,0.2305,2,22,20.34,13.99,0.01652,23,7.05,12.61,0.98348,1,23,12.89,11.6,1,1,23,15.69,10.11,1,1,23,19.85,4.28,1,1,23,20.28,1.28,1,2,22,35.91,0.68,0.00416,23,19.47,-3.68,0.99584,2,22,34.1,-3.44,0.03645,23,16.83,-7.32,0.96355,2,22,31.21,-6.62,0.1199,23,13.33,-9.82,0.8801,2,22,27.34,-8.78,0.27019,23,9.1,-11.12,0.72981,1,22,9.72,-9.61,1,2,21,0.23,9.59,0.00957,22,3.76,-8.15,0.99043,2,21,3.65,4.58,0.28129,22,-1.77,-5.69,0.71871,2,21,2.6,-5.75,0.95074,22,-6.31,3.65,0.04926],"edges":[0,30,0,2,2,4,4,6,6,8,8,10,10,12,12,14,14,16,16,18,18,20,20,22,22,24,24,26,26,28,28,30]}},"tongkong":{"tongkong":{"x":-0.2,"y":0.26,"rotation":-119.03,"width":8,"height":7}},"tongkong2":{"tongkong":{"rotation":-119.03,"width":8,"height":7}},"tou1":{"tou1":{"x":42.46,"y":-1.67,"rotation":-119.03,"width":128,"height":97}},"toufa":{"toufa":{"x":-9.31,"y":1.59,"rotation":-82.65,"width":143,"height":95}},"xiaba":{"xiaba":{"x":-8.21,"y":0.28,"rotation":-119.03,"width":69,"height":45}},"youdabi":{"youdabi":{"x":23.77,"y":-1.93,"rotation":91.59,"width":38,"height":67}},"youdatui":{"youdatui":{"x":25.83,"y":1.95,"rotation":109.99,"width":45,"height":74}},"youjiao":{"youjiao":{"x":18.72,"y":2.94,"rotation":160.27,"width":72,"height":37}},"youshou":{"youshou":{"x":16.76,"y":-1.04,"rotation":92.2,"width":40,"height":50}},"youshou1":{"youshou1":{"x":19.42,"y":-4.71,"rotation":135.09,"width":62,"height":43}},"youxiaobi":{"youxiaobi":{"x":17.77,"y":1.41,"rotation":95.72,"width":31,"height":45}},"youxiaotui":{"youxiaotui":{"type":"mesh","hull":12,"width":41,"height":82,"uvs":[0.63539,0,0.91593,0.05173,1,0.16083,1,0.25953,1,0.67255,0.59383,0.84139,0.21459,0.831,0,0.75047,0,0.5115,0.19381,0.41539,0.31329,0.26992,0.40681,0.02835],"triangles":[2,0,1,3,10,2,6,7,8,10,11,0,0,2,10,3,9,10,9,5,6,3,4,9,6,8,9,4,5,9],"vertices":[-9.31,-5.08,-8.15,7.12,-0.38,12.74,7.45,14.81,40.19,23.46,57.83,10.9,60.98,-4.36,56.84,-14.55,37.9,-19.55,28.25,-13.88,15.46,-12.2,-4.67,-13.55],"edges":[0,2,2,4,4,6,6,8,8,10,10,12,12,14,14,16,16,18,18,20,20,22,0,22]}},"youxiedian":{"youxiedian":{"x":-1.6,"y":-0.4,"rotation":160.27,"width":36,"height":27}},"zuodabi":{"zuodabi":{"x":20.83,"y":-1.96,"rotation":112.61,"width":51,"height":61}},"zuodabi1":{"zuodabi1":{"x":24.06,"y":-0.61,"rotation":112.61,"width":51,"height":68}},"zuodatui":{"zuodatui":{"type":"mesh","hull":12,"width":38,"height":77,"uvs":[0.52233,0,0.73917,0,0.92349,0.10161,1,0.47348,1,0.82395,0.86928,0.94701,0.5657,1,0.29465,0.98179,0.23502,0.85338,0,0.37984,0.00191,0.25143,0.23502,0.08823],"triangles":[3,9,2,11,9,10,11,0,9,9,3,8,0,1,2,2,9,0,4,8,3,5,8,4,6,7,8,5,6,8],"vertices":[-10.83,3.94,-9.87,12.13,-1.28,18.17,27.49,17.71,54.3,14.56,63.13,8.52,65.83,-3.42,63.24,-13.48,53.15,-14.58,15.89,-19.19,6.08,-17.96,-5.36,-7.69],"edges":[0,2,2,4,4,6,6,8,8,10,10,12,12,14,14,16,16,18,18,20,20,22,0,22]}},"zuojiao":{"zuojiao":{"x":22.95,"y":0.64,"rotation":149.4,"width":87,"height":55}},"zuoshou1":{"zuoshou1":{"x":19.24,"y":-1.15,"rotation":76.66,"width":59,"height":54}},"zuoxiaobi":{"zuoxiaobi":{"x":17.83,"y":2.72,"rotation":101.55,"width":34,"height":58}},"zuoxiaotui":{"zuoxiaotui":{"type":"mesh","hull":10,"width":66,"height":73,"uvs":[0.06179,0.1034,0.01028,0.22217,0.0077,0.35025,0.6027,1,0.88603,1,1,0.85792,1,0.60874,0.4971,0.17792,0.4121,0.04751,0.26785,0],"triangles":[3,7,6,5,3,6,0,9,8,8,7,0,7,1,0,7,2,1,3,2,7,4,3,5],"vertices":[-14.44,-0.18,-10.26,-8.34,-3.37,-14.67,58.17,-16.72,70.57,-2.72,67.8,9.79,54.18,21.85,8.63,17.85,-2.22,19.96,-11.13,15.14],"edges":[0,2,2,4,4,6,6,8,8,10,10,12,12,14,14,16,16,18,0,18]}},"zuoxiedian":{"zuoxiedian":{"x":1.97,"y":-4.38,"rotation":149.4,"width":40,"height":27}}}}],"animations":{"attack":{"slots":{"youshou1":{"attachment":[{"name":null}]}},"bones":{"kua":{"rotate":[{"angle":-16.47}],"translate":[{"x":-63.94,"y":12.89,"curve":0.321,"c3":0.655,"c4":0.34},{"time":0.2333,"x":-61.27,"y":14.33,"curve":0.327,"c2":0.26,"c3":0.661,"c4":0.6},{"time":0.3667,"x":-57.76,"y":5.28,"curve":0.33,"c2":0.31,"c3":0.664,"c4":0.64},{"time":0.4333,"x":-58.14,"y":-5.87,"curve":0.307,"c2":0.19,"c3":0.643,"c4":0.54},{"time":0.7667,"x":-61.27,"y":14.33,"curve":0.327,"c2":0.26,"c3":0.661,"c4":0.6},{"time":0.9,"x":-57.76,"y":5.28,"curve":0.33,"c2":0.31,"c3":0.664,"c4":0.64},{"time":0.9667,"x":-58.12,"y":-1.91,"curve":0.307,"c2":0.19,"c3":0.643,"c4":0.54},{"time":1.0667,"x":-63.94,"y":12.89}]},"zuo":{"translate":[{"x":-91.15,"y":0.39}]},"you":{"translate":[{"x":-22.28,"y":11.64}]},"zuoxiaotui":{"rotate":[{"angle":-2.19}]},"zuodatui2":{"rotate":[{"angle":0.88}]},"youxiaotui":{"rotate":[{"angle":22.88}]},"youdatui2":{"rotate":[{"angle":-12.94}]},"zuoshou1":{"rotate":[{"angle":-35.26},{"time":0.2333,"angle":-23.61},{"time":0.3667,"angle":-60.36},{"time":0.4333,"angle":-9.82},{"time":1.0667,"angle":-35.26}]},"zuoxiaobi":{"rotate":[{"angle":-36.04},{"time":0.3667,"angle":-49.74},{"time":1.0667,"angle":-36.04}]},"zuodabi":{"rotate":[{"angle":31.77},{"time":0.2333,"angle":-44.06},{"time":0.4333,"angle":-29.06},{"time":0.7667,"angle":37.26},{"time":1.0667,"angle":31.77}],"translate":[{"x":15,"y":2.68}]},"youshou":{"rotate":[{"angle":15.11}]},"youxiaobi":{"rotate":[{"angle":-1.21}]},"youdabi":{"rotate":[{"angle":12.98},{"time":0.7667,"angle":-95.09},{"time":1.0667,"angle":12.98}],"translate":[{"x":-11.77,"y":5.19}]},"shetou3":{"rotate":[{"angle":-24.66},{"time":0.2667,"angle":12.19},{"time":0.5333,"angle":-24.66},{"time":0.8,"angle":12.19},{"time":1.0667,"angle":-24.66}]},"shetou2":{"rotate":[{"angle":-24.66},{"time":0.2667,"angle":12.19},{"time":0.5333,"angle":-24.66},{"time":0.8,"angle":12.19},{"time":1.0667,"angle":-24.66}]},"xiaba":{"translate":[{"x":2.55,"y":0.35,"curve":"stepped"},{"time":0.3667,"x":2.55,"y":0.35},{"time":0.4333,"x":6.01,"y":-2.38},{"time":1.0667,"x":2.55,"y":0.35}]},"tou1":{"rotate":[{"angle":20.34},{"time":0.2333,"angle":13.26},{"time":0.3667,"angle":9.13},{"time":0.4333,"angle":21.71},{"time":0.7667,"angle":13.26},{"time":0.9,"angle":9.13},{"time":0.9667,"angle":21.71},{"time":1.0667,"angle":20.34}]},"sehnti":{"rotate":[{"angle":-3.41,"curve":0.322,"c3":0.656,"c4":0.34},{"time":0.2333,"angle":-25.12,"curve":0.33,"c2":0.29,"c3":0.663,"c4":0.62},{"time":0.3667,"angle":2.1,"curve":0.33,"c2":0.31,"c3":0.664,"c4":0.64},{"time":0.4333,"angle":3.8,"curve":0.307,"c2":0.19,"c3":0.643,"c4":0.54},{"time":0.7667,"angle":-25.12,"curve":0.327,"c2":0.25,"c3":0.66,"c4":0.59},{"time":0.9,"angle":2.1,"curve":0.33,"c2":0.31,"c3":0.664,"c4":0.64},{"time":0.9667,"angle":3.8,"curve":0.307,"c2":0.19,"c3":0.643,"c4":0.54},{"time":1.0667,"angle":-3.41}]}},"deform":{"biaoqing1":{"youxiaotui":{"youxiaotui":[{"offset":2,"vertices":[0.7388,0.9819,-1.36207,-1.70857]},{"time":0.3333,"offset":2,"vertices":[2.23599,2.69308,5.82932,0.12822]},{"time":0.4333,"offset":2,"vertices":[9.33345,5.62829,7.98673,0.67925]},{"time":0.5333,"offset":2,"vertices":[4.41459,6.72749,6.87614,0.17118]},{"time":0.7667,"offset":2,"vertices":[-0.70289,1.49847,1.8146,-2.3278]},{"time":1.0667,"offset":2,"vertices":[0.7388,0.9819,-1.36207,-1.70857]}]},"zuoxiaotui":{"zuoxiaotui":[{"vertices":[-0.05751,-4.24191,2.37311,-3.66271,0,0,0,0,0,0,0,0,0,0,0,0,2.735,-2.16383,1.79589,-2.64389]},{"time":0.2667,"vertices":[1.35421,-1.52986,2.37311,-3.66271,0,0,0,0,0,0,0,0,0,0,0.38353,-0.85878,3.6067,-3.65562,3.61281,-3.46704]},{"time":0.4333,"vertices":[2.23654,0.16517,2.37311,-3.66271,0,0,0,0,0,0,0,0,0,0,5.90596,-1.2775,9.93019,0.17158,11.33282,4.37597]},{"time":0.4667,"vertices":[2.41301,0.50418,2.37311,-3.66271,0,0,0,0,0,0,0,0,0,0,3.67221,-1.77259,8.37929,0.51847,10.63027,4.14599]},{"time":0.5333,"vertices":[2.76594,1.18219,2.37311,-3.66271,0,0,0,0,0,0,0,0,0,0,0.76707,-1.71755,6.55323,-0.20342,8.70814,2.18529]},{"time":0.7667,"vertices":[0.22191,-3.44663,2.37311,-3.66271,0,0,0,0,0,0,0,0,0,0,-0.1001,-2.4104,3.18933,-4.89128,2.60406,-4.48692]},{"time":0.8,"vertices":[1.35421,-1.52986,2.37311,-3.66271,0,0,0,0,0,0,0,0,0,0,0.38353,-0.85878,3.67026,-3.10719,3.57319,-2.89441]},{"time":0.9667,"vertices":[2.28454,-0.94026,2.37311,-3.66271,0,0,0,0,0,0,0,0,0,0,4.13709,-0.54188,7.7809,2.65254,9.4217,2.47252]},{"time":1.0667,"vertices":[-0.05751,-4.24191,2.37311,-3.66271,0,0,0,0,0,0,0,0,0,0,0,0,2.735,-2.16383,1.79589,-2.64389]}]}},"biaoqing2":{"kua":{"kua":[{"offset":2,"vertices":[5.68256,-2.47499]}]},"youxiaotui":{"youxiaotui":[{"offset":2,"vertices":[0.75842,0.956]},{"time":0.3333,"offset":2,"vertices":[3.25959,4.12816,2.95642,0.8017]},{"time":0.4333,"offset":2,"vertices":[9.6335,10.17332,6.57856,0.67749,1.83302,0.44722]},{"time":0.7333,"offset":2,"vertices":[1.53561,-0.52351,3.57867,-2.33528,3.08142,-2.16881]},{"time":1.0667,"offset":2,"vertices":[0.75842,0.956]}]},"zuoxiaotui":{"zuoxiaotui":[{"vertices":[-1.57528,-1.27871,0,0,0,0,0,0,0,0,0,0,0,0,0,0,0,0,-2.03262,-0.81488]},{"time":0.2333,"vertices":[-2.50128,-3.10457,-1.02592,-1.16743,0,0,0,0,0,0,0,0,0,0,4.45939,-2.97386,4.01583,-4.94349,0.49238,-3.18517]},{"time":0.3667,"vertices":[0.476,0.21671,-0.34197,-0.38914,0,0,0,0,0,0,0,0,0,0,8.92939,-1.50982,10.99731,-4.55703,6.43883,1.08767]},{"time":0.4333,"vertices":[1.96464,1.87735,0,0,0,0,0,0,0,0,0,0,0,0,11.16438,-0.77781,14.48805,-4.3638,11.73096,4.23958]},{"time":0.8,"vertices":[-1.02704,-2.34226,-0.79324,-1.21253,0,0,0,0,0,0,0,0,0,0,4.70079,-0.3275,5.98556,-3.30375,0.84817,-1.96364]},{"time":0.9,"vertices":[-0.34541,-0.26034,-0.49577,-0.75783,0,0,0,0,0,0,0,0,0,0,2.938,-0.20469,5.886,-1.25988,5.0876,3.81935]},{"time":0.9667,"vertices":[1.24025,3.02429,-0.29746,-0.4547,0,0,0,0,0,0,0,0,0,0,3.54898,-0.78866,8.60318,-0.26125,9.1911,5.05683]},{"time":1.0333,"vertices":[-0.63677,0.15563,-0.09915,-0.15157,0,0,0,0,0,0,0,0,0,0,1.18299,-0.26289,2.86773,-0.08709,3.76445,3.1072]},{"time":1.0667,"vertices":[-1.57528,-1.27871,0,0,0,0,0,0,0,0,0,0,0,0,0,0,0,0,-2.03262,-0.81488]}]}}},"drawOrder":[{"offsets":[{"slot":"zuoxiaobi","offset":3},{"slot":"zuoshou1","offset":3}]}]},"dance":{"slots":{"youshou1":{"attachment":[{"name":null}]}},"bones":{"kua":{"rotate":[{"angle":-16.47},{"time":0.2333,"angle":-16.86,"curve":"stepped"},{"time":0.6,"angle":-16.86},{"time":0.8,"angle":-16.47,"curve":"stepped"},{"time":0.8333,"angle":-16.47},{"time":1.0667,"angle":-16.86,"curve":"stepped"},{"time":1.4333,"angle":-16.86},{"time":1.6333,"angle":-16.47,"curve":"stepped"},{"time":1.6667,"angle":-16.47},{"time":1.9,"angle":-16.86,"curve":"stepped"},{"time":2.2667,"angle":-16.86},{"time":2.4667,"angle":-16.47,"curve":"stepped"},{"time":2.5,"angle":-16.47},{"time":2.7333,"angle":-16.86}],"translate":[{"x":-46.14,"y":19.89,"curve":0.308,"c3":0.643,"c4":0.35},{"time":0.1,"x":-65.52,"y":12.82,"curve":0.31,"c2":0.22,"c3":0.646,"c4":0.56},{"time":0.2333,"x":-48.79,"y":19.74,"curve":0.284,"c3":0.625,"c4":0.38},{"time":0.8,"x":-48.79,"y":19.88,"curve":"stepped"},{"time":0.8333,"x":-48.79,"y":19.88,"curve":0.308,"c3":0.643,"c4":0.35},{"time":0.9333,"x":-48.76,"y":12.89,"curve":0.31,"c2":0.22,"c3":0.646,"c4":0.56},{"time":1.0667,"x":-48.79,"y":19.74,"curve":0.284,"c3":0.625,"c4":0.38},{"time":1.6333,"x":-48.79,"y":19.88,"curve":"stepped"},{"time":1.6667,"x":-48.79,"y":19.88,"curve":0.308,"c3":0.643,"c4":0.35},{"time":1.7667,"x":-48.76,"y":12.89,"curve":0.31,"c2":0.22,"c3":0.646,"c4":0.56},{"time":1.9,"x":-48.79,"y":19.74,"curve":0.284,"c3":0.625,"c4":0.38},{"time":2.4667,"x":-48.79,"y":19.88,"curve":"stepped"},{"time":2.5,"x":-48.79,"y":19.88,"curve":0.308,"c3":0.643,"c4":0.35},{"time":2.6,"x":-48.76,"y":12.89,"curve":0.31,"c2":0.22,"c3":0.646,"c4":0.56},{"time":2.7333,"x":-48.79,"y":19.74}]},"zuo":{"translate":[{"x":-88.5,"y":0.41},{"time":0.1,"x":-89.26,"y":0.4,"curve":0.25,"c3":0.75},{"time":0.2333,"x":-91.15,"y":0.39}]},"you":{"translate":[{"x":-9.94,"y":8.41,"curve":0.255,"c3":0.62,"c4":0.47},{"time":0.1,"x":-25.18,"y":25.89,"curve":0.367,"c2":0.46,"c3":0.754},{"time":0.2333,"x":-50.14,"y":51.48,"curve":"stepped"},{"time":0.6,"x":-50.14,"y":51.48,"curve":0.25,"c3":0.75},{"time":0.8333,"x":-12.59,"y":8.4,"curve":0.25,"c3":0.75},{"time":1.0667,"x":-50.14,"y":51.48,"curve":"stepped"},{"time":1.4333,"x":-50.14,"y":51.48,"curve":0.25,"c3":0.75},{"time":1.6667,"x":-12.59,"y":8.4,"curve":0.25,"c3":0.75},{"time":1.9,"x":-50.14,"y":51.48,"curve":"stepped"},{"time":2.2667,"x":-50.14,"y":51.48,"curve":0.25,"c3":0.75},{"time":2.5,"x":-12.59,"y":8.4,"curve":0.25,"c3":0.75},{"time":2.7333,"x":-50.14,"y":51.48}]},"zuoxiaotui":{"rotate":[{"angle":-36.1},{"time":0.2333,"angle":-2.19,"curve":"stepped"},{"time":0.6,"angle":-2.19},{"time":0.8333,"angle":-36.1},{"time":1.0667,"angle":-2.19,"curve":"stepped"},{"time":1.4333,"angle":-2.19},{"time":1.6667,"angle":-36.1},{"time":1.9,"angle":-2.19,"curve":"stepped"},{"time":2.2667,"angle":-2.19},{"time":2.5,"angle":-36.1},{"time":2.7333,"angle":-2.19,"curve":"stepped"},{"time":2.9333,"angle":-2.19},{"time":3.0667,"angle":-32.36}]},"zuodatui2":{"rotate":[{"angle":12.76},{"time":0.2333,"angle":0.88,"curve":"stepped"},{"time":0.6,"angle":0.88},{"time":0.8333,"angle":12.76},{"time":1.0667,"angle":0.88,"curve":"stepped"},{"time":1.4333,"angle":0.88},{"time":1.6667,"angle":12.76},{"time":1.9,"angle":0.88,"curve":"stepped"},{"time":2.2667,"angle":0.88},{"time":2.5,"angle":12.76},{"time":2.7333,"angle":0.88,"curve":"stepped"},{"time":2.9333,"angle":0.88},{"time":3.0667,"angle":11.29}]},"youxiaotui":{"rotate":[{"angle":-14.16},{"time":0.2333,"angle":22.88,"curve":"stepped"},{"time":0.6,"angle":22.88},{"time":0.8333,"angle":-14.16},{"time":1.0667,"angle":22.88,"curve":"stepped"},{"time":1.4333,"angle":22.88},{"time":1.6667,"angle":-14.16},{"time":1.9,"angle":22.88,"curve":"stepped"},{"time":2.2667,"angle":22.88},{"time":2.5,"angle":-14.16},{"time":2.7333,"angle":22.88,"curve":"stepped"},{"time":2.9333,"angle":22.88},{"time":3.0667,"angle":76.71}]},"youdatui2":{"rotate":[{"angle":43.81},{"time":0.2333,"angle":-12.94,"curve":"stepped"},{"time":0.6,"angle":-12.94},{"time":0.8333,"angle":43.81},{"time":1.0667,"angle":-12.94,"curve":"stepped"},{"time":1.4333,"angle":-12.94},{"time":1.6667,"angle":43.81},{"time":1.9,"angle":-12.94,"curve":"stepped"},{"time":2.2667,"angle":-12.94},{"time":2.5,"angle":43.81},{"time":2.7333,"angle":-12.94,"curve":"stepped"},{"time":2.9333,"angle":-12.94},{"time":3.0667,"angle":-29.94}]},"zuoshou1":{"rotate":[{"angle":28.8}]},"zuoxiaobi":{"rotate":[{"angle":-36.04},{"time":0.2333,"angle":-58.32,"curve":"stepped"},{"time":0.6,"angle":-58.32},{"time":0.8333,"angle":-36.04},{"time":1.0667,"angle":-58.32,"curve":"stepped"},{"time":1.4333,"angle":-58.32},{"time":1.6667,"angle":-36.04},{"time":1.9,"angle":-58.32,"curve":"stepped"},{"time":2.2667,"angle":-58.32},{"time":2.5,"angle":-36.04},{"time":2.7333,"angle":-58.32}]},"zuodabi":{"rotate":[{"angle":31.77},{"time":0.1333,"angle":-34.49},{"time":0.2333,"angle":-72.72,"curve":"stepped"},{"time":0.6,"angle":-72.72},{"time":0.7333,"angle":-34.49},{"time":0.8333,"angle":31.77},{"time":0.9667,"angle":-34.49},{"time":1.0667,"angle":-72.72,"curve":"stepped"},{"time":1.4333,"angle":-72.72},{"time":1.5667,"angle":-34.49},{"time":1.6667,"angle":31.77},{"time":1.8,"angle":-34.49},{"time":1.9,"angle":-72.72,"curve":"stepped"},{"time":2.2667,"angle":-72.72},{"time":2.4,"angle":-34.49},{"time":2.5,"angle":31.77},{"time":2.6333,"angle":-34.49},{"time":2.7333,"angle":-72.72}],"translate":[{"x":14.99,"y":10.75},{"time":0.2333,"x":11.91,"y":14.7,"curve":"stepped"},{"time":0.6,"x":11.91,"y":14.7},{"time":0.8333,"x":14.99,"y":10.75},{"time":1.0667,"x":11.91,"y":14.7,"curve":"stepped"},{"time":1.4333,"x":11.91,"y":14.7},{"time":1.6667,"x":14.99,"y":10.75},{"time":1.9,"x":11.91,"y":14.7,"curve":"stepped"},{"time":2.2667,"x":11.91,"y":14.7},{"time":2.5,"x":14.99,"y":10.75},{"time":2.7333,"x":11.91,"y":14.7}]},"youshou":{"rotate":[{"angle":15.11}]},"youxiaobi":{"rotate":[{"angle":-1.21},{"time":0.2333,"angle":-45.67,"curve":"stepped"},{"time":0.6,"angle":-45.67},{"time":0.8333,"angle":-1.21},{"time":1.0667,"angle":-45.67,"curve":"stepped"},{"time":1.4333,"angle":-45.67},{"time":1.6667,"angle":-1.21},{"time":1.9,"angle":-45.67,"curve":"stepped"},{"time":2.2667,"angle":-45.67},{"time":2.5,"angle":-1.21},{"time":2.7333,"angle":-45.67}]},"youdabi":{"rotate":[{"angle":12.98},{"time":0.2333,"angle":-73.48,"curve":"stepped"},{"time":0.6,"angle":-73.48},{"time":0.8333,"angle":12.98},{"time":1.0667,"angle":-73.48,"curve":"stepped"},{"time":1.4333,"angle":-73.48},{"time":1.6667,"angle":12.98},{"time":1.9,"angle":-73.48,"curve":"stepped"},{"time":2.2667,"angle":-73.48},{"time":2.5,"angle":12.98},{"time":2.7333,"angle":-73.48}],"translate":[{"x":-11.77,"y":5.19},{"time":0.2333,"x":0.38,"y":-2.25,"curve":"stepped"},{"time":0.6,"x":0.38,"y":-2.25},{"time":0.8333,"x":-11.77,"y":5.19},{"time":1.0667,"x":0.38,"y":-2.25,"curve":"stepped"},{"time":1.4333,"x":0.38,"y":-2.25},{"time":1.6667,"x":-11.77,"y":5.19},{"time":1.9,"x":0.38,"y":-2.25,"curve":"stepped"},{"time":2.2667,"x":0.38,"y":-2.25},{"time":2.5,"x":-11.77,"y":5.19},{"time":2.7333,"x":0.38,"y":-2.25}]},"shetou3":{"rotate":[{"angle":6.41},{"time":0.2333,"angle":-25.52},{"time":0.4333,"angle":6.41},{"time":0.6,"angle":-13.61},{"time":0.8,"angle":6.41,"curve":"stepped"},{"time":0.8333,"angle":6.41},{"time":1.0667,"angle":-25.52},{"time":1.2667,"angle":6.41},{"time":1.4333,"angle":-13.61},{"time":1.6333,"angle":6.41,"curve":"stepped"},{"time":1.6667,"angle":6.41},{"time":1.9,"angle":-25.52},{"time":2.1,"angle":6.41},{"time":2.2667,"angle":-13.61},{"time":2.4667,"angle":6.41,"curve":"stepped"},{"time":2.5,"angle":6.41},{"time":2.7333,"angle":-25.52},{"time":2.9333,"angle":6.41},{"time":3.0667,"angle":-13.61}]},"shetou2":{"rotate":[{"angle":6.41},{"time":0.2333,"angle":-25.52},{"time":0.4333,"angle":6.41},{"time":0.6,"angle":-13.61},{"time":0.8,"angle":6.41,"curve":"stepped"},{"time":0.8333,"angle":6.41},{"time":1.0667,"angle":-25.52},{"time":1.2667,"angle":6.41},{"time":1.4333,"angle":-13.61},{"time":1.6333,"angle":6.41,"curve":"stepped"},{"time":1.6667,"angle":6.41},{"time":1.9,"angle":-25.52},{"time":2.1,"angle":6.41},{"time":2.2667,"angle":-13.61},{"time":2.4667,"angle":6.41,"curve":"stepped"},{"time":2.5,"angle":6.41},{"time":2.7333,"angle":-25.52},{"time":2.9333,"angle":6.41},{"time":3.0667,"angle":-13.61}]},"xiaba":{"translate":[{"x":2.55,"y":0.35}]},"tou1":{"rotate":[{"angle":20.34}]},"sehnti":{"rotate":[{"angle":-17.42,"curve":0.284,"c3":0.625,"c4":0.38},{"time":0.2333,"angle":-20.48,"curve":"stepped"},{"time":0.6,"angle":-20.48,"curve":0.284,"c3":0.625,"c4":0.38},{"time":0.8333,"angle":-17.42,"curve":0.284,"c3":0.625,"c4":0.38},{"time":1.0667,"angle":-20.48,"curve":"stepped"},{"time":1.4333,"angle":-20.48,"curve":0.284,"c3":0.625,"c4":0.38},{"time":1.6667,"angle":-17.42,"curve":0.284,"c3":0.625,"c4":0.38},{"time":1.9,"angle":-20.48,"curve":"stepped"},{"time":2.2667,"angle":-20.48,"curve":0.284,"c3":0.625,"c4":0.38},{"time":2.5,"angle":-17.42,"curve":0.284,"c3":0.625,"c4":0.38},{"time":2.7333,"angle":-20.48}]},"root":{"translate":[{"time":2.5},{"time":3.0667,"y":-0.63}],"scale":[{"x":-1,"curve":"stepped"},{"time":0.8,"x":-1,"curve":"stepped"},{"time":0.8333,"curve":"stepped"},{"time":1.6333,"x":-1,"curve":"stepped"},{"time":2.4667,"x":-1,"curve":"stepped"},{"time":2.5}]}},"deform":{"biaoqing1":{"kua":{"kua":[{"time":0.2333,"offset":2,"vertices":[3.57963,8.12759,-1.98076,-1.02446]}]},"youxiaotui":{"youxiaotui":[{"vertices":[0.69831,-4.43195,-3.0883,-5.27455,-1.41814,-2.77108]},{"time":0.1333,"vertices":[-0.41968,0.3327,5.16514,5.42846,4.11011,0.21399,0.00666,-0.89948,0,0,0,0,0,0,0,0,0,0,0,0,0,0,0.02435,-0.29281]},{"time":0.2333,"curve":"stepped","vertices":[2.29967,-2.62247,8.4563,2.6588,8.40577,-2.58794,0.01332,-1.79895,0,0,0,0,0,0,0,0,0,0,0,0,0,0,0.04871,-0.58562]},{"time":0.6,"vertices":[2.29967,-2.62247,8.4563,2.6588,8.40577,-2.58794,0.01332,-1.79895,0,0,0,0,0,0,0,0,0,0,0,0,0,0,0.04871,-0.58562]},{"time":0.7333,"vertices":[2.71492,-1.93614,5.82693,0.14701,3.49382,-2.67951,0.00666,-0.89948,0,0,0,0,0,0,0,0,0,0,0,0,0,0,0.02435,-0.29281]},{"time":0.8333,"vertices":[0.69831,-4.43195,-3.0883,-5.27455,-1.41814,-2.77108]},{"time":0.9667,"vertices":[-0.41968,0.3327,5.16514,5.42846,4.11011,0.21399,0.00666,-0.89948,0,0,0,0,0,0,0,0,0,0,0,0,0,0,0.02435,-0.29281]},{"time":1.0667,"curve":"stepped","vertices":[2.29967,-2.62247,8.4563,2.6588,8.40577,-2.58794,0.01332,-1.79895,0,0,0,0,0,0,0,0,0,0,0,0,0,0,0.04871,-0.58562]},{"time":1.4333,"vertices":[2.29967,-2.62247,8.4563,2.6588,8.40577,-2.58794,0.01332,-1.79895,0,0,0,0,0,0,0,0,0,0,0,0,0,0,0.04871,-0.58562]},{"time":1.5667,"vertices":[2.71492,-1.93614,5.82693,0.14701,3.49382,-2.67951,0.00666,-0.89948,0,0,0,0,0,0,0,0,0,0,0,0,0,0,0.02435,-0.29281]},{"time":1.6667,"vertices":[0.69831,-4.43195,-3.0883,-5.27455,-1.41814,-2.77108]},{"time":1.8,"vertices":[-0.41968,0.3327,5.16514,5.42846,4.11011,0.21399,0.00666,-0.89948,0,0,0,0,0,0,0,0,0,0,0,0,0,0,0.02435,-0.29281]},{"time":1.9,"curve":"stepped","vertices":[2.29967,-2.62247,8.4563,2.6588,8.40577,-2.58794,0.01332,-1.79895,0,0,0,0,0,0,0,0,0,0,0,0,0,0,0.04871,-0.58562]},{"time":2.2667,"vertices":[2.29967,-2.62247,8.4563,2.6588,8.40577,-2.58794,0.01332,-1.79895,0,0,0,0,0,0,0,0,0,0,0,0,0,0,0.04871,-0.58562]},{"time":2.4,"vertices":[2.71492,-1.93614,5.82693,0.14701,3.49382,-2.67951,0.00666,-0.89948,0,0,0,0,0,0,0,0,0,0,0,0,0,0,0.02435,-0.29281]},{"time":2.5,"vertices":[0.69831,-4.43195,-3.0883,-5.27455,-1.41814,-2.77108]},{"time":2.6333,"vertices":[-0.41968,0.3327,5.16514,5.42846,4.11011,0.21399,0.00666,-0.89948,0,0,0,0,0,0,0,0,0,0,0,0,0,0,0.02435,-0.29281]},{"time":2.7333,"vertices":[2.29967,-2.62247,8.4563,2.6588,8.40577,-2.58794,0.01332,-1.79895,0,0,0,0,0,0,0,0,0,0,0,0,0,0,0.04871,-0.58562]}]},"zuoxiaotui":{"zuoxiaotui":[{"vertices":[-3.84231,-11.12168,0.80193,-6.0868,0,0,0,0,0,0,0,0,0,0,0,0,-1.60382,-5.36215,-6.38274,-9.7311]},{"time":0.2333,"curve":"stepped","vertices":[-3.84231,-11.12168,0.80193,-6.0868,0,0,0,0,0,0,0,0,0,0,0,0,-1.39165,-4.16457,-5.64906,-8.37887]},{"time":0.6,"vertices":[-3.84231,-11.12168,0.80193,-6.0868,0,0,0,0,0,0,0,0,0,0,0,0,-1.39165,-4.16457,-5.64906,-8.37887]},{"time":0.8333,"vertices":[-3.84231,-11.12168,0.80193,-6.0868,0,0,0,0,0,0,0,0,0,0,0,0,-1.60382,-5.36215,-6.38274,-9.7311]},{"time":1.0667,"curve":"stepped","vertices":[-3.84231,-11.12168,0.80193,-6.0868,0,0,0,0,0,0,0,0,0,0,0,0,-1.39165,-4.16457,-5.64906,-8.37887]},{"time":1.4333,"vertices":[-3.84231,-11.12168,0.80193,-6.0868,0,0,0,0,0,0,0,0,0,0,0,0,-1.39165,-4.16457,-5.64906,-8.37887]},{"time":1.6667,"vertices":[-3.84231,-11.12168,0.80193,-6.0868,0,0,0,0,0,0,0,0,0,0,0,0,-1.60382,-5.36215,-6.38274,-9.7311]},{"time":1.9,"curve":"stepped","vertices":[-3.84231,-11.12168,0.80193,-6.0868,0,0,0,0,0,0,0,0,0,0,0,0,-1.39165,-4.16457,-5.64906,-8.37887]},{"time":2.2667,"vertices":[-3.84231,-11.12168,0.80193,-6.0868,0,0,0,0,0,0,0,0,0,0,0,0,-1.39165,-4.16457,-5.64906,-8.37887]},{"time":2.5,"vertices":[-3.84231,-11.12168,0.80193,-6.0868,0,0,0,0,0,0,0,0,0,0,0,0,-1.60382,-5.36215,-6.38274,-9.7311]},{"time":2.7333,"vertices":[-3.84231,-11.12168,0.80193,-6.0868,0,0,0,0,0,0,0,0,0,0,0,0,-1.39165,-4.16457,-5.64906,-8.37887]}]}},"biaoqing2":{"kua":{"kua":[{"offset":2,"curve":0.25,"c3":0.75,"vertices":[1.08781,8.61513]},{"time":0.2333,"offset":2,"vertices":[-8.2417,11.7571]}]},"youxiaotui":{"youxiaotui":[{"vertices":[0.01595,-6.80131,-1.96141,-5.03046,-0.16039,-3.63047,1.4809,-2.27944]},{"time":0.0333,"vertices":[1.23411,-3.39367,0.94945,-3.44158,1.91763,-3.18205,3.01601,-1.8296,0,0,0,0,0,0,0,0,0,0,0,0,0,0,-0.42748,-0.13031]},{"time":0.0667,"vertices":[2.64254,-1.18827,3.8603,-1.8527,3.99564,-2.73363,4.55111,-1.37975,0,0,0,0,0,0,0,0,0,0,0,0,0,0,-0.85495,-0.26062]},{"time":0.1,"vertices":[3.101,-1.45907,6.77116,-0.26383,6.07366,-2.2852,6.08621,-0.9299,0,0,0,0,0,0,0,0,0,0,0,0,0,0,-1.28243,-0.39093]},{"time":0.1333,"vertices":[0.22323,0.33407,7.07268,0.17032,8.15167,-1.83678,7.62132,-0.48006,0,0,0,0,0,0,0,0,0,0,0,0,0,0,-1.70991,-0.52124]},{"time":0.2333,"vertices":[0.73047,0.38696,8.71344,-0.40281,8.15167,-1.83678,7.62132,-0.48006,0,0,0,0,0,0,0,0,0,0,0,0,0,0,-1.70991,-0.52124]},{"time":0.4333,"vertices":[1.33517,-0.67142,8.71344,-0.40281,8.15167,-1.83678,7.62132,-0.48006,0,0,0,0,0,0,0,0,0,0,0,0,0,0,-2.25282,-1.34837]},{"time":0.5667,"vertices":[3.37005,-2.14845,7.18069,-1.99769,7.74309,-2.58209,7.62132,-0.48006,0,0,0,0,0,0,0,0,0,0,0,0,0,0,-2.25282,-1.34837]},{"time":0.6667,"vertices":[3.12272,-2.31724,6.03113,-3.19384,7.43666,-3.14107,7.62132,-0.48006,0,0,0,0,0,0,0,0,0,0,0,0,0,0,-2.25282,-1.34837]},{"time":0.7333,"vertices":[3.84009,-0.97148,5.42205,-2.63204,6.69636,-4.85022,7.62132,-0.48006,0,0,0,0,0,0,0,0,0,0,0,0,0,0,-2.25282,-1.34837]},{"time":0.7667,"vertices":[2.61006,-2.40961,4.96021,-3.71038,5.9924,-5.24565,7.62132,-0.48006,0,0,0,0,0,0,0,0,0,0,0,0,0,0,-0.84539,0.99839]},{"time":0.8,"vertices":[0.9842,-4.1181,4.49837,-4.78872,7.02808,-3.88638,7.62132,-0.48006,0,0,0,0,0,0,0,0,0,0,0,0,0,0,-1.7901,-1.58596]},{"time":0.8333,"vertices":[0.01595,-6.80131,-1.96141,-5.03046,-0.16039,-3.63047,1.4809,-2.27944]},{"time":0.8667,"vertices":[1.23411,-3.39367,0.94945,-3.44158,1.91763,-3.18205,3.01601,-1.8296,0,0,0,0,0,0,0,0,0,0,0,0,0,0,-0.42748,-0.13031]},{"time":0.9,"vertices":[2.64254,-1.18827,3.8603,-1.8527,3.99564,-2.73363,4.55111,-1.37975,0,0,0,0,0,0,0,0,0,0,0,0,0,0,-0.85495,-0.26062]},{"time":0.9333,"vertices":[3.101,-1.45907,6.77116,-0.26383,6.07366,-2.2852,6.08621,-0.9299,0,0,0,0,0,0,0,0,0,0,0,0,0,0,-1.28243,-0.39093]},{"time":0.9667,"vertices":[0.22323,0.33407,7.07268,0.17032,8.15167,-1.83678,7.62132,-0.48006,0,0,0,0,0,0,0,0,0,0,0,0,0,0,-1.70991,-0.52124]},{"time":1.0667,"vertices":[0.73047,0.38696,8.71344,-0.40281,8.15167,-1.83678,7.62132,-0.48006,0,0,0,0,0,0,0,0,0,0,0,0,0,0,-1.70991,-0.52124]},{"time":1.2667,"vertices":[1.33517,-0.67142,8.71344,-0.40281,8.15167,-1.83678,7.62132,-0.48006,0,0,0,0,0,0,0,0,0,0,0,0,0,0,-2.25282,-1.34837]},{"time":1.4,"vertices":[3.37005,-2.14845,7.18069,-1.99769,7.74309,-2.58209,7.62132,-0.48006,0,0,0,0,0,0,0,0,0,0,0,0,0,0,-2.25282,-1.34837]},{"time":1.5,"vertices":[3.12272,-2.31724,6.03113,-3.19384,7.43666,-3.14107,7.62132,-0.48006,0,0,0,0,0,0,0,0,0,0,0,0,0,0,-2.25282,-1.34837]},{"time":1.5667,"vertices":[3.84009,-0.97148,5.42205,-2.63204,6.69636,-4.85022,7.62132,-0.48006,0,0,0,0,0,0,0,0,0,0,0,0,0,0,-2.25282,-1.34837]},{"time":1.6,"vertices":[2.61006,-2.40961,4.96021,-3.71038,5.9924,-5.24565,7.62132,-0.48006,0,0,0,0,0,0,0,0,0,0,0,0,0,0,-0.84539,0.99839]},{"time":1.6333,"vertices":[0.9842,-4.1181,4.49837,-4.78872,7.02808,-3.88638,7.62132,-0.48006,0,0,0,0,0,0,0,0,0,0,0,0,0,0,-1.7901,-1.58596]},{"time":1.6667,"vertices":[0.01595,-6.80131,-1.96141,-5.03046,-0.16039,-3.63047,1.4809,-2.27944]},{"time":1.7,"vertices":[1.23411,-3.39367,0.94945,-3.44158,1.91763,-3.18205,3.01601,-1.8296,0,0,0,0,0,0,0,0,0,0,0,0,0,0,-0.42748,-0.13031]},{"time":1.7333,"vertices":[2.64254,-1.18827,3.8603,-1.8527,3.99564,-2.73363,4.55111,-1.37975,0,0,0,0,0,0,0,0,0,0,0,0,0,0,-0.85495,-0.26062]},{"time":1.7667,"vertices":[3.101,-1.45907,6.77116,-0.26383,6.07366,-2.2852,6.08621,-0.9299,0,0,0,0,0,0,0,0,0,0,0,0,0,0,-1.28243,-0.39093]},{"time":1.8,"vertices":[0.22323,0.33407,7.07268,0.17032,8.15167,-1.83678,7.62132,-0.48006,0,0,0,0,0,0,0,0,0,0,0,0,0,0,-1.70991,-0.52124]},{"time":1.9,"vertices":[0.73047,0.38696,8.71344,-0.40281,8.15167,-1.83678,7.62132,-0.48006,0,0,0,0,0,0,0,0,0,0,0,0,0,0,-1.70991,-0.52124]},{"time":2.1,"vertices":[1.33517,-0.67142,8.71344,-0.40281,8.15167,-1.83678,7.62132,-0.48006,0,0,0,0,0,0,0,0,0,0,0,0,0,0,-2.25282,-1.34837]},{"time":2.2333,"vertices":[3.37005,-2.14845,7.18069,-1.99769,7.74309,-2.58209,7.62132,-0.48006,0,0,0,0,0,0,0,0,0,0,0,0,0,0,-2.25282,-1.34837]},{"time":2.3333,"vertices":[3.12272,-2.31724,6.03113,-3.19384,7.43666,-3.14107,7.62132,-0.48006,0,0,0,0,0,0,0,0,0,0,0,0,0,0,-2.25282,-1.34837]},{"time":2.4,"vertices":[3.84009,-0.97148,5.42205,-2.63204,6.69636,-4.85022,7.62132,-0.48006,0,0,0,0,0,0,0,0,0,0,0,0,0,0,-2.25282,-1.34837]},{"time":2.4333,"vertices":[2.61006,-2.40961,4.96021,-3.71038,5.9924,-5.24565,7.62132,-0.48006,0,0,0,0,0,0,0,0,0,0,0,0,0,0,-0.84539,0.99839]},{"time":2.4667,"vertices":[0.9842,-4.1181,4.49837,-4.78872,7.02808,-3.88638,7.62132,-0.48006,0,0,0,0,0,0,0,0,0,0,0,0,0,0,-1.7901,-1.58596]},{"time":2.5,"vertices":[0.01595,-6.80131,-1.96141,-5.03046,-0.16039,-3.63047,1.4809,-2.27944]},{"time":2.5333,"vertices":[1.23411,-3.39367,0.94945,-3.44158,1.91763,-3.18205,3.01601,-1.8296,0,0,0,0,0,0,0,0,0,0,0,0,0,0,-0.42748,-0.13031]},{"time":2.5667,"vertices":[2.64254,-1.18827,3.8603,-1.8527,3.99564,-2.73363,4.55111,-1.37975,0,0,0,0,0,0,0,0,0,0,0,0,0,0,-0.85495,-0.26062]},{"time":2.6,"vertices":[3.101,-1.45907,6.77116,-0.26383,6.07366,-2.2852,6.08621,-0.9299,0,0,0,0,0,0,0,0,0,0,0,0,0,0,-1.28243,-0.39093]},{"time":2.6333,"vertices":[0.22323,0.33407,7.07268,0.17032,8.15167,-1.83678,7.62132,-0.48006,0,0,0,0,0,0,0,0,0,0,0,0,0,0,-1.70991,-0.52124]},{"time":2.7333,"vertices":[0.73047,0.38696,8.71344,-0.40281,8.15167,-1.83678,7.62132,-0.48006,0,0,0,0,0,0,0,0,0,0,0,0,0,0,-1.70991,-0.52124]},{"time":2.9333,"vertices":[1.33517,-0.67142,8.71344,-0.40281,8.15167,-1.83678,7.62132,-0.48006,0,0,0,0,0,0,0,0,0,0,0,0,0,0,-2.25282,-1.34837]},{"time":3.0667,"vertices":[3.37005,-2.14845,7.18069,-1.99769,7.74309,-2.58209,7.62132,-0.48006,0,0,0,0,0,0,0,0,0,0,0,0,0,0,-2.25282,-1.34837]}]},"zuoxiaotui":{"zuoxiaotui":[{"vertices":[-4.61015,-6.52448,-1.16975,-2.63024,1.13367,1.44898,0,0,0,0,0,0,0,0,0,0,-1.26546,-4.24136,-5.97179,-5.34499]},{"time":0.1333,"vertices":[-2.04817,-1.34984,0.37029,-2.40198,0,0,0,0,0,0,0,0,0,0,0,0,2.54587,-2.10974,-2.18781,0.70413]},{"time":0.2333,"vertices":[-3.51691,-6.90303,-1.77667,-4.13942,0,0,0,0,0,0,0,0,0,0,0,0,-0.8648,-4.38935,-7.11823,-4.94507]},{"time":0.8,"vertices":[-3.78046,-7.29472,-1.58711,-4.18714,0,0,0,0,0,0,0,0,0,0,0,0,-0.03391,-5.20743,-5.98122,-4.80317]},{"time":0.8333,"vertices":[-4.61015,-6.52448,-1.16975,-2.63024,1.13367,1.44898,0,0,0,0,0,0,0,0,0,0,-1.26546,-4.24136,-5.97179,-5.34499]},{"time":0.9667,"vertices":[-2.04817,-1.34984,0.37029,-2.40198,0,0,0,0,0,0,0,0,0,0,0,0,2.54587,-2.10974,-2.18781,0.70413]},{"time":1.0667,"vertices":[-3.51691,-6.90303,-1.77667,-4.13942,0,0,0,0,0,0,0,0,0,0,0,0,-0.8648,-4.38935,-7.11823,-4.94507]},{"time":1.6333,"vertices":[-3.78046,-7.29472,-1.58711,-4.18714,0,0,0,0,0,0,0,0,0,0,0,0,-0.03391,-5.20743,-5.98122,-4.80317]},{"time":1.6667,"vertices":[-4.61015,-6.52448,-1.16975,-2.63024,1.13367,1.44898,0,0,0,0,0,0,0,0,0,0,-1.26546,-4.24136,-5.97179,-5.34499]},{"time":1.8,"vertices":[-2.04817,-1.34984,0.37029,-2.40198,0,0,0,0,0,0,0,0,0,0,0,0,2.54587,-2.10974,-2.18781,0.70413]},{"time":1.9,"vertices":[-3.51691,-6.90303,-1.77667,-4.13942,0,0,0,0,0,0,0,0,0,0,0,0,-0.8648,-4.38935,-7.11823,-4.94507]},{"time":2.4667,"vertices":[-3.78046,-7.29472,-1.58711,-4.18714,0,0,0,0,0,0,0,0,0,0,0,0,-0.03391,-5.20743,-5.98122,-4.80317]},{"time":2.5,"vertices":[-4.61015,-6.52448,-1.16975,-2.63024,1.13367,1.44898,0,0,0,0,0,0,0,0,0,0,-1.26546,-4.24136,-5.97179,-5.34499]},{"time":2.6333,"vertices":[-2.04817,-1.34984,0.37029,-2.40198,0,0,0,0,0,0,0,0,0,0,0,0,2.54587,-2.10974,-2.18781,0.70413]},{"time":2.7333,"vertices":[-3.51691,-6.90303,-1.77667,-4.13942,0,0,0,0,0,0,0,0,0,0,0,0,-0.8648,-4.38935,-7.11823,-4.94507]},{"time":3.0667,"vertices":[-3.78046,-7.29472,-1.58711,-4.18714,0,0,0,0,0,0,0,0,0,0,0,0,-0.03391,-5.20743,-5.98122,-4.80317]}]}}},"drawOrder":[{"offsets":[{"slot":"zuodabi1","offset":8},{"slot":"zuodabi","offset":8},{"slot":"zuoxiaobi","offset":4},{"slot":"zuoshou1","offset":4}]}]},"die":{"slots":{"youshou1":{"attachment":[{"name":null}]}},"bones":{"kua":{"rotate":[{"angle":-16.47,"curve":"stepped"},{"time":0.2,"angle":-16.47},{"time":0.3667,"angle":-6.73},{"time":0.5333,"angle":-16.47},{"time":0.7,"angle":-26.38},{"time":0.7667,"angle":-61.49},{"time":0.9333,"angle":-111.98}],"translate":[{"x":-63.94,"y":12.89,"curve":0.321,"c3":0.655,"c4":0.34},{"time":0.1333,"x":-48.78,"y":21.89,"curve":0.284,"c3":0.625,"c4":0.38},{"time":0.2,"x":-48.78,"y":20.31,"curve":0.284,"c3":0.625,"c4":0.38},{"time":0.3667,"x":-61.25,"y":20.99},{"time":0.5333,"x":-48.75,"y":27.17,"curve":0.284,"c3":0.625,"c4":0.38},{"time":0.7,"x":-27.73,"y":25.52},{"time":0.7667,"x":32.87,"y":-16.34},{"time":0.8333,"x":51.15,"y":-44.02},{"time":0.9333,"x":55.64,"y":-68.76},{"time":1,"x":55.6,"y":-79.63},{"time":1.0667,"x":55.62,"y":-73.42},{"time":1.1667,"x":55.55,"y":-90.49}]},"zuo":{"rotate":[{},{"time":0.1333,"angle":10.85,"curve":"stepped"},{"time":0.5333,"angle":10.85},{"time":0.7667,"angle":-25.03},{"time":0.8333,"angle":-54.25},{"time":0.9333,"angle":-115.39},{"time":1,"angle":-88.84}],"translate":[{"x":-91.15,"y":0.39},{"time":0.1333,"x":-98.66,"y":6.54,"curve":"stepped"},{"time":0.5333,"x":-98.66,"y":6.54},{"time":0.7667,"x":-97.07,"y":5.58},{"time":0.9333,"x":-103.61,"y":58.9},{"time":1,"x":-115.55,"y":16.57},{"time":1.0667,"x":-115.5,"y":28.99},{"time":1.1667,"x":-115.62,"y":1.83}]},"you":{"rotate":[{},{"time":0.1333,"angle":17.59,"curve":"stepped"},{"time":0.5333,"angle":17.59},{"time":0.7667,"angle":-22.18},{"time":0.8333,"angle":-58.55},{"time":0.9333,"angle":-106.25},{"time":1,"angle":-102.43}],"translate":[{"x":-22.28,"y":11.64},{"time":0.1333,"x":-4.09,"y":16.18,"curve":"stepped"},{"time":0.5333,"x":-4.09,"y":16.18},{"time":0.7667,"x":1.13,"y":19.12},{"time":0.9333,"x":16,"y":87.62},{"time":1,"x":-4.05,"y":24.24},{"time":1.0667,"x":-4,"y":36.65},{"time":1.1667,"x":-4.12,"y":9.49}]},"zuoxiaotui":{"rotate":[{"angle":-2.19,"curve":"stepped"},{"time":0.5333,"angle":-2.19},{"time":1,"angle":-20.45}]},"zuodatui2":{"rotate":[{"angle":0.88,"curve":"stepped"},{"time":0.5333,"angle":0.88},{"time":1,"angle":3.19}]},"zuodatui":{"translate":[{},{"time":0.1333,"x":2.33,"y":4.2},{"time":0.2,"x":-1.61,"y":5.53},{"time":0.5333},{"time":0.7667,"x":2.87,"y":19.07},{"time":1,"x":1.35,"y":16.29}]},"youxiaotui":{"rotate":[{"angle":22.88,"curve":"stepped"},{"time":0.5333,"angle":22.88},{"time":1,"angle":-14.16}]},"youdatui2":{"rotate":[{"angle":-12.94,"curve":"stepped"},{"time":0.5333,"angle":-12.94},{"time":1,"angle":52.81}]},"youdatui":{"translate":[{"time":0.2},{"time":0.3333,"x":-5.31,"y":1.05},{"time":0.5333},{"time":0.7,"x":-7.98,"y":8.92},{"time":0.7667,"x":-9.1,"y":14.83},{"time":1}]},"zuoshou1":{"rotate":[{"angle":-35.26},{"time":0.1333,"angle":-9.73}]},"zuoxiaobi":{"rotate":[{"angle":-36.04},{"time":0.1333,"angle":-18.68,"curve":"stepped"},{"time":0.5333,"angle":-18.68},{"time":0.7667,"angle":-30.15},{"time":0.9333,"angle":-31.65},{"time":1,"angle":-41.96,"curve":"stepped"},{"time":1.0667,"angle":-41.96},{"time":1.1667,"angle":-30.15}]},"zuodabi":{"rotate":[{"angle":31.77},{"time":0.1333,"angle":59.7,"curve":"stepped"},{"time":0.5333,"angle":59.7},{"time":0.7667,"angle":31.25},{"time":0.9333,"angle":42.63},{"time":1,"angle":81.13,"curve":"stepped"},{"time":1.0667,"angle":81.13},{"time":1.1667,"angle":89.81}],"translate":[{"x":15,"y":2.68},{"time":0.1333,"x":14.99,"y":10.75}]},"youshou":{"rotate":[{"angle":15.11}]},"youxiaobi":{"rotate":[{"angle":-1.21,"curve":"stepped"},{"time":0.5333,"angle":-1.21},{"time":1,"angle":-19.13,"curve":"stepped"},{"time":1.0667,"angle":-19.13},{"time":1.1667,"angle":-1.21}]},"youdabi":{"rotate":[{"angle":12.98},{"time":0.1333,"angle":32.93,"curve":"stepped"},{"time":0.5333,"angle":32.93},{"time":0.7667,"angle":15.01},{"time":0.9333,"angle":7.28},{"time":1,"angle":39.74,"curve":"stepped"},{"time":1.0667,"angle":39.74},{"time":1.1667,"angle":54.25}],"translate":[{"x":-11.77,"y":5.19}]},"shetou3":{"rotate":[{"angle":-13.61,"curve":"stepped"},{"time":0.1333,"angle":-13.61},{"time":0.2,"angle":-28.43},{"time":0.5333,"angle":5.05},{"time":1,"angle":-37.1},{"time":1.0667,"angle":-27.96},{"time":1.1667,"angle":2.44}]},"shetou2":{"rotate":[{"angle":-13.61,"curve":"stepped"},{"time":0.1333,"angle":-13.61},{"time":0.2,"angle":-28.43},{"time":0.5333,"angle":5.05},{"time":1,"angle":-37.1},{"time":1.0667,"angle":-27.96},{"time":1.1667,"angle":2.44}]},"xiaba":{"translate":[{"x":2.55,"y":0.35}]},"tou1":{"rotate":[{"angle":20.34}]},"sehnti":{"rotate":[{"angle":-3.41,"curve":0.322,"c3":0.656,"c4":0.34},{"time":0.1333,"angle":-22.91}]}},"deform":{"biaoqing1":{"youxiaotui":{"youxiaotui":[{"offset":2,"vertices":[0.7388,0.9819,-1.36207,-1.70857]},{"time":0.1333,"offset":2,"vertices":[-2.71054,-3.16353,-1.36207,-1.70857]}]},"zuoxiaotui":{"zuoxiaotui":[{"vertices":[-0.05751,-4.24191,2.37311,-3.66271,0,0,0,0,0,0,0,0,0,0,0,0,2.735,-2.16383,1.79589,-2.64389]},{"time":0.1333,"vertices":[-0.87306,-10.89888,0.81999,-5.87267,0,0,0,0,0,0,0,0,0,0,0,0,-0.96549,-6.06706,-3.89386,-10.0353]}]}},"biaoqing2":{"kua":{"kua":[{"offset":2,"vertices":[-1.10135,2.36005]},{"time":0.1,"offset":2,"curve":0.25,"c3":0.75,"vertices":[1.96377,5.1613]},{"time":0.5333,"offset":2,"curve":0.25,"c3":0.75,"vertices":[6.20982,6.40048]},{"time":1.1667,"offset":2,"vertices":[8.18139,3.75751]}]},"youxiaotui":{"youxiaotui":[{"time":1,"vertices":[2.13792,-4.66036,-2.17756,-2.32946,-3.59124,-4.46805]},{"time":1.0667,"vertices":[1.91333,-4.83514,-2.6823,-4.55257,-4.65321,-2.91689]},{"time":1.1667,"vertices":[2.95347,-4.62065,-2.76595,-6.64519,-3.84256,-3.17579,0,0,0,0,0,0,0,0,0,0,0,0,0,0,0,0,-1.63091,-0.21547]}]},"zuoxiaotui":{"zuoxiaotui":[{"vertices":[-1.15648,-2.27271,0,0,0,0,0,0,0,0,0,0,0,0,0,0,0,0,-0.53968,-1.0606]},{"time":0.6667,"vertices":[-1.44933,-11.21375,0.71748,-5.54984,0,0,0,0,0,0,0,0,0,0,0,0,-1.93333,-5.49057,-7.79068,-9.69485]},{"time":0.7333,"vertices":[-2.85717,-8.87043,0.72801,-5.63101,0,0,0,0,0,0,0,0,0,0,0,0,-1.2982,-4.03538,-7.2304,-5.50167]},{"time":0.8,"vertices":[-1.83959,0.08045,1.21189,-1.84113,0,0,0,0,0,0,0,0,0,0,0,0,-0.04948,1.27593,-1.55215,2.2242]},{"time":0.8667,"vertices":[0.21235,-0.90823,1.78008,0.18759,0,0,0,0,0,0,0,0,0,0,0,0,0.62886,2.56732,-0.47158,6.29512]},{"time":0.9333,"vertices":[-0.28672,-3.28578,2.48296,-1.82892,0,0,0,0,0,0,0,0,0,0,0,0,-2.96834,-2.59183,-5.69353,-2.22698]},{"time":1.1667,"vertices":[-1.15648,-2.27271,0,0,0,0,0,0,0,0,0,0,0,0,0,0,0,0,-0.53968,-1.0606]}]}}},"drawOrder":[{"offsets":[{"slot":"zuodabi1","offset":8},{"slot":"zuodabi","offset":8},{"slot":"zuoxiaobi","offset":4},{"slot":"zuoshou1","offset":4}]}]},"idel":{"slots":{"youshou1":{"attachment":[{"name":null}]}},"bones":{"kua":{"rotate":[{"angle":0.15}],"translate":[{"x":-25.59,"y":0.11,"curve":0.25,"c3":0.75},{"time":0.8,"x":-13.26,"y":-6.5,"curve":0.25,"c3":0.75},{"time":1.6,"x":-25.59,"y":0.11}]},"zuo":{"translate":[{"x":-25.59,"y":0.11},{"time":0.8,"x":-26.03,"y":0.11,"curve":0.25,"c3":0.75},{"time":1.6,"x":-25.59,"y":0.11}]},"you":{"translate":[{"x":-25.59,"y":0.11},{"time":0.8,"x":-26.03,"y":0.11,"curve":0.25,"c3":0.75},{"time":1.6,"x":-25.59,"y":0.11}]},"zuoxiaotui":{"rotate":[{"angle":-2.19}]},"zuodatui2":{"rotate":[{"angle":0.88}]},"youxiaotui":{"rotate":[{"angle":22.88}]},"youdatui2":{"rotate":[{"angle":-12.94}]},"zuodabi":{"rotate":[{},{"time":0.8,"angle":8.9},{"time":1.6}]},"shetou3":{"rotate":[{"angle":-13.61},{"time":0.8,"angle":-0.69},{"time":1.6,"angle":-13.61}]},"shetou2":{"rotate":[{"angle":-13.61},{"time":0.8,"angle":-0.69},{"time":1.6,"angle":-13.61}]},"tou1":{"rotate":[{"angle":-4.52},{"time":0.8,"angle":5.11},{"time":1.6,"angle":-4.52}]},"sehnti":{"rotate":[{"curve":0.25,"c3":0.75},{"time":0.8,"angle":5.22,"curve":0.25,"c3":0.75},{"time":1.6}]}},"deform":{"biaoqing2":{"youxiaotui":{"youxiaotui":[{"offset":2,"vertices":[0.1435,-0.42883]},{"time":0.8,"offset":2,"vertices":[1.72655,3.23301,3.3642,-0.7347,-0.45293,-1.23825]},{"time":1.6,"offset":2,"vertices":[0.1435,-0.42883]}]},"zuoxiaotui":{"zuoxiaotui":[{"offset":16,"vertices":[-0.74394,-0.8692,-0.77522,-0.46587]},{"time":0.8,"offset":16,"vertices":[2.59576,1.80062,2.85069,2.38724]},{"time":1.6,"offset":16,"vertices":[-0.74394,-0.8692,-0.77522,-0.46587]}]}}}},"pose":{"slots":{"youshou":{"attachment":[{"time":0.2667,"name":null}]},"youshou1":{"attachment":[{"time":0.2,"name":null},{"time":0.2667,"name":"youshou1"}]}},"bones":{"kua":{"rotate":[{"angle":0.15},{"time":0.2,"angle":-13.38,"curve":0.25,"c3":0.75},{"time":0.2667,"angle":-18.22}],"translate":[{"x":-79.15,"y":7.48},{"time":0.2,"x":-68.5,"y":15.73},{"time":0.2667,"x":-78.27,"y":8.33},{"time":0.4,"x":-78.27,"y":8.33}]},"zuo":{"rotate":[{},{"time":0.2,"angle":45.41},{"time":0.2667,"angle":50.51}],"translate":[{"x":-90,"y":0.39},{"time":0.2,"x":-109.38,"y":24.68},{"time":0.2667,"x":-117.67,"y":27.36},{"time":0.4,"x":-117.67,"y":27.36}]},"you":{"rotate":[{},{"time":0.2,"angle":63.83},{"time":0.2667,"angle":85.27}],"translate":[{"x":-24.81,"y":0.11},{"time":0.2,"x":-45.27,"y":28.27},{"time":0.2667,"x":-65.83,"y":31.01},{"time":0.4,"x":-65.83,"y":31.01}]},"zuoxiaotui":{"rotate":[{"angle":-2.19}]},"zuodatui2":{"rotate":[{"angle":0.88}]},"youxiaotui":{"rotate":[{"angle":22.88}]},"youdatui2":{"rotate":[{"angle":-12.94}]},"zuoshou1":{"rotate":[{},{"time":0.2,"angle":-47.17},{"time":0.2667,"angle":-2.47}]},"zuodabi":{"rotate":[{"angle":10.53},{"time":0.2667,"angle":34.17}]},"youshou":{"rotate":[{"time":0.2},{"time":0.2667,"angle":-44.85}]},"youxiaobi":{"rotate":[{"curve":0.25,"c3":0.75},{"time":0.0667,"angle":10.4,"curve":0.25,"c3":0.75},{"time":0.2667,"angle":4.26}]},"youdabi":{"rotate":[{"curve":0.25,"c3":0.75},{"time":0.2667,"angle":-100.5}],"translate":[{"time":0.1667},{"time":0.2667,"x":-0.3,"y":15.06}]},"shetou3":{"rotate":[{},{"time":0.2667,"angle":-14.52},{"time":0.4}]},"shetou2":{"rotate":[{},{"time":0.2667,"angle":-14.52},{"time":0.4}]},"tou1":{"rotate":[{},{"time":0.2667,"angle":11.85}]},"sehnti":{"translate":[{"time":0.2},{"time":0.2667,"x":1.76,"y":-5.42}]}},"deform":{"biaoqing1":{"youxiaotui":{"youxiaotui":[{"offset":8,"vertices":[0.4714,0.59448]},{"time":0.2,"offset":2,"vertices":[3.45863,4.87666,6.64922,0.28151]},{"time":0.2667,"vertices":[1.61327,-2.78522,9.97778,7.15761,6.64922,0.28151]}]},"zuoxiaotui":{"zuoxiaotui":[{"vertices":[-3.67734,-6.61691,-0.79128,-2.39251,0,0,0,0,0,0,0,0,0,0,0,0,-0.7548,-3.02603,-4.89181,-5.90447]},{"time":0.0667,"vertices":[-2.45156,-4.41127,-0.52752,-1.59501,0,0,0,0,0,0,0,0,0,0,0,0,4.77672,-0.32569,3.88887,1.49521]},{"time":0.1333,"vertices":[-1.22578,-2.20564,-0.26376,-0.7975,0,0,0,0,0,0,0,0,0,0,0,0,9.84421,1.60114,8.31699,3.50295]},{"time":0.2,"offset":16,"vertices":[2.00272,-0.90513]},{"time":0.2333,"vertices":[2.81366,-2.04931,0,0,0,0,0,0,0,0,0,0,0,0,5.07246,0.1236,9.5021,-1.54802,10.70073,1.5682]},{"time":0.2667,"vertices":[2.27977,-0.0035,0,0,0,0,0,0,0,0,0,0,0,0,10.14492,0.24719,17.00148,-2.19091,17.60547,1.93923]}]}},"biaoqing2":{"youxiaotui":{"youxiaotui":[{"offset":2,"vertices":[0.35944,0.97595]},{"time":0.2667,"offset":2,"vertices":[9.49249,1.58213,9.39555,-0.74139,4.59844,-1.35579]}]},"zuoxiaotui":{"zuoxiaotui":[{"offset":14,"vertices":[-1.57068,-1.81071,-1.41697,-4.25876,-2.35042,-4.345]},{"time":0.2667,"vertices":[1.43855,2.95551,0,0,0,0,0,0,0,0,0,0,0,0,13.99365,-0.64884,16.47088,3.36781,19.05368,9.31772]}]}}}},"walk":{"slots":{"youshou1":{"attachment":[{"name":null}]}},"bones":{"kua":{"rotate":[{"angle":0.15},{"time":0.1333,"angle":3.93},{"time":0.7333,"angle":-12.68},{"time":1,"angle":6.08},{"time":1.3667,"angle":-12.68},{"time":1.6,"angle":0.15}],"translate":[{"x":-25.59,"y":0.11},{"time":0.1333,"x":-25.65,"y":-14.63},{"time":0.2333,"x":-25.62,"y":-5.81},{"time":0.6333,"x":-25.58,"y":2.79},{"time":0.7333,"x":-25.56,"y":6.34},{"time":0.8667,"x":-25.61,"y":-4.2},{"time":1,"x":-25.66,"y":-17.12},{"time":1.1,"x":-25.6,"y":-2.12},{"time":1.3667,"x":-25.56,"y":6.34},{"time":1.6,"x":-25.59,"y":0.11}]},"zuo":{"translate":[{"x":-25.59,"y":0.11,"curve":"stepped"},{"time":0.1333,"x":-25.59,"y":0.11,"curve":0.303,"c2":0.18,"c3":0.641,"c4":0.54},{"time":0.3667,"x":-69.83,"y":0.3,"curve":0.31,"c2":0.26,"c3":0.658,"c4":0.64},{"time":0.8667,"x":-125.43,"y":0.54,"curve":"stepped"},{"time":1,"x":-125.43,"y":0.54,"curve":0.378,"c2":0.52,"c3":0.747},{"time":1.6,"x":-25.59,"y":0.11}]},"you":{"rotate":[{"time":0.1333},{"time":0.3667,"angle":3.8},{"time":0.8667,"angle":13.55},{"time":1.6}],"translate":[{"x":-25.59,"y":0.11,"curve":"stepped"},{"time":0.3667,"x":-25.59,"y":0.11},{"time":0.8667,"x":65.52,"y":5.13,"curve":"stepped"},{"time":1,"x":65.52,"y":5.13,"curve":0.342,"c2":0.36,"c3":0.68,"c4":0.71},{"time":1.2333,"x":30.5,"y":2.45,"curve":0.381,"c2":0.59,"c3":0.728},{"time":1.6,"x":-24.51,"y":0.11}]},"zuoxiaotui":{"rotate":[{"angle":-2.19},{"time":0.6333,"angle":8.2},{"time":1.6,"angle":-2.19}]},"zuodatui2":{"rotate":[{"angle":0.88},{"time":0.6333,"angle":-42.07},{"time":1.6,"angle":0.88}]},"zuodatui":{"translate":[{"time":1},{"time":1.1,"x":1.02,"y":15.99},{"time":1.2333,"x":1.01,"y":16.05},{"time":1.6}]},"youxiaotui":{"rotate":[{"angle":22.88},{"time":0.6333,"angle":-14.16},{"time":1.6,"angle":22.88}]},"youdatui2":{"rotate":[{"angle":-12.94},{"time":0.6333,"angle":40.65},{"time":1.6,"angle":-12.94}]},"youdatui":{"translate":[{"time":0.1333},{"time":0.2333,"x":-8.17,"y":-2.1},{"time":0.3667,"x":-0.18,"y":11.14},{"time":0.6333,"x":3.31,"y":5.99},{"time":0.7333,"x":5.63,"y":-0.4},{"time":0.8667,"x":1.56,"y":0.35},{"time":1.6}]},"zuoxiaobi":{"rotate":[{"angle":-18.88}]},"zuodabi":{"rotate":[{"angle":15.95}],"translate":[{"time":1.2667},{"time":1.4333,"x":4.62,"y":-3.26},{"time":1.6}]},"youshou":{"rotate":[{},{"time":0.8333,"angle":-61.42},{"time":0.9333,"angle":16.27},{"time":1.6}]},"youdabi":{"scale":[{"time":0.1333},{"time":0.8333,"x":0.9},{"time":0.9333,"x":1.1},{"time":1.0333}]},"shetou3":{"rotate":[{},{"time":0.6333,"angle":-9.64},{"time":1.6}]},"shetou2":{"rotate":[{},{"time":0.6333,"angle":-9.64},{"time":1.6}]},"xiaba":{"translate":[{"x":1.88,"y":2.67},{"time":0.1333,"x":3.04,"y":-1.64},{"time":0.7333,"x":-6.08,"y":3.98},{"time":0.8667,"x":4.3,"y":-2.64},{"time":1.6,"x":1.88,"y":2.67}]},"tou1":{"rotate":[{"time":0.6333},{"time":0.8667,"angle":6.76},{"time":1.6}]}},"deform":{"biaoqing1":{"youxiaotui":{"youxiaotui":[{"offset":2,"vertices":[0.21251,0.42623]},{"time":0.1333,"vertices":[-2.63319,5.41133,6.16229,11.56343,4.99416,-2.59589,0.5268,-1.32011,-3.74464,0.92694,-3.35361,0.83015,-3.22314,0.79785,-3.25355,0.80538,-3.58724,0.88798,-3.79552,0.93954,-4.04432,1.00113,-4.41739,1.09347]},{"time":0.2,"vertices":[-2.72629,2.13725,0.82676,6.90337,4.99416,-2.59589,0.5268,-1.32011,-3.74464,0.92694,-3.35361,0.83015,-3.22314,0.79785,-3.25355,0.80538,-3.58724,0.88798,-3.79552,0.93954,-4.04432,1.00113,-3.87611,0.0225]},{"time":0.7333,"vertices":[-3.55621,-1.29832,-6.52258,-3.77928,0.82554,-5.91027,0.5268,-1.32011,-3.74464,0.92694,-3.35361,0.83015,-3.22314,0.79785,-3.25355,0.80538,-3.58724,0.88798,-3.79552,0.93954,-4.04432,1.00113,-3.87611,0.0225]},{"time":1,"vertices":[-2.41929,-0.11557,0.57859,5.59637,2.23668,-4.51327,0.5268,-1.32011,-3.74464,0.92694,-3.35361,0.83015,-3.22314,0.79785,-3.25355,0.80538,-3.58724,0.88798,-3.79552,0.93954,-4.04432,1.00113,-3.87611,0.0225]},{"time":1.6,"offset":2,"vertices":[0.21251,0.42623]}]},"zuodatui":{"zuodatui":[{"offset":4,"vertices":[-0.04189,-0.34245]}]},"zuoxiaotui":{"zuoxiaotui":[{"vertices":[-1.45662,-1.70176,0,0,0,0,0,0,0,0,0,0,0,0,0,0,0.82355,-0.16547,-1.09246,-1.27633]},{"time":0.1,"vertices":[0.27352,0.98181,0,0,0,0,0,0,0,0,0,0,0,0,0,0,3.91827,1.67595,3.23262,4.82226]},{"time":0.1333,"vertices":[0.85023,1.87633,0,0,0,0,0,0,0,0,0,0,0,0,0,0,7.81633,3.43493,6.90802,7.77885]},{"time":0.5,"vertices":[0.2657,0.58635,0,0,0,0,0,0,0,0,0,0,0,0,0,0,3.99311,1.89595,5.74913,8.44796]},{"time":0.6333,"offset":16,"vertices":[0.82355,-0.16547,2.35892,6.0284]},{"time":0.7333,"vertices":[-0.64899,-0.98813,-0.58332,-0.69202,0,0,0,0,0,0,0,0,0,0,0,0,0.29531,-0.88677,-1.84549,-0.74346]},{"time":0.7667,"vertices":[-0.48674,-0.7411,-0.43749,-0.51901,0,0,0,0,0,0,0,0,0,0,0,0,0.42737,-0.70644,-0.58054,1.73878]},{"time":0.8333,"vertices":[-0.81124,-1.23517,-0.72915,-0.86502,0,0,0,0,0,0,0,0,0,0,0,0,0.16325,-1.06709,-0.86511,0.95552]},{"time":1,"vertices":[-1.62248,-2.47033,-1.45829,-1.73005,0,0,0,0,0,0,0,0,0,0,0,0,-0.49705,-1.96872,2.92276,1.67412]},{"time":1.1,"vertices":[-2.59596,-3.95253,-2.33327,-2.76808,0,0,0,0,0,0,0,0,0,0,0,0,-1.28941,-3.05067,-3.84415,-6.28032]},{"time":1.1333,"vertices":[-2.27147,-3.45847,-2.04161,-2.42207,0,0,0,0,0,0,0,0,0,0,0,0,1.60664,1.55845,1.03079,1.16548]},{"time":1.2333,"vertices":[-4.07059,-7.02846,-0.60774,-6.27798,0,0,0,0,0,0,0,0,0,0,0,0,-0.6588,-3.97259,-3.76628,-6.42387]},{"time":1.2667,"vertices":[-3.33327,-5.4905,-1.4705,-4.52303,0,0,0,0,0,0,0,0,0,0,0,0,-0.9741,-3.51163,-3.23404,-4.53983]},{"time":1.5,"vertices":[-0.68023,-7.53728,0.74921,-4.19196,0,0,0,0,0,0,0,0,0,0,0,0,-0.64665,-4.73159,-3.34017,-5.98387]},{"time":1.6,"vertices":[-1.45662,-1.70176,0,0,0,0,0,0,0,0,0,0,0,0,0,0,0.82355,-0.16547,-1.09246,-1.27633]}]}},"biaoqing2":{"youxiaotui":{"youxiaotui":[{"offset":1,"vertices":[-0.524]},{"time":0.1333,"vertices":[0.7299,-1.09456,3.10286,2.71058,8.55032,0.85977]},{"time":0.2,"vertices":[2.60445,-1.91359,2.96182,2.58737,2.79439,-3.02149,2.07162,-0.93112]},{"time":0.2333,"vertices":[1.61715,-4.44474,2.8913,2.52577,7.96734,0.80115]},{"time":0.6333,"vertices":[1.14402,-3.29721,-1.53533,-3.05898,4.91209,-0.07349]},{"time":0.6667,"vertices":[1.10459,-3.20158,-1.48239,-2.9535,-0.41625,-2.52479]},{"time":1.6,"offset":1,"vertices":[-0.524]}]},"zuoxiaotui":{"zuoxiaotui":[{"vertices":[-2.06252,-1.9729,-0.49186,-1.44814,0,0,0,0,0,0,0,0,0,0,0,0,0,0,-1.52336,-2.08424]},{"time":0.1667,"vertices":[-1.69047,2.65127,0.85004,-0.25911,1.63668,0.42768,0,0,0,0,0,0,0,0,5.75676,0.42673,6.95572,0.78799,4.08232,4.05143]},{"time":0.3333,"vertices":[-1.69047,2.65127,0.85004,-0.25911,1.63668,0.42768,0,0,0,0,0,0,0,0,5.75676,0.42673,8.61911,1.02402,7.21244,5.90967]},{"time":0.5,"vertices":[-1.69047,2.65127,0.85004,-0.25911,1.63668,0.42768,0,0,0,0,0,0,0,0,5.75676,0.42673,10.16573,-3.03366,5.44636,5.77755]},{"time":0.6333,"vertices":[-1.69047,2.65127,0.85004,-0.25911,1.63668,0.42768,0,0,0,0,0,0,0,0,5.75676,0.42673,10.16573,-3.03366,0.78973,5.59221]},{"time":0.7333,"vertices":[-1.69047,2.65127,0.85004,-0.25911,1.63668,0.42768,0,0,0,0,0,0,0,0,2.90931,-3.08249,4.49297,-5.027,-2.29775,0.65127]},{"time":1,"vertices":[1.32935,-2.35158,2.80013,-4.16211,1.63668,0.42768,0,0,0,0,0,0,0,0,3.93689,-2.65216,5.43861,-2.9079,1.95722,2.79764]},{"time":1.0667,"vertices":[-0.38397,-6.1073,3.28765,-5.13786,1.63668,0.42768,0,0,0,0,0,0,0,0,4.19378,-2.54458,3.49693,-5.16107,-1.76699,-1.00263]},{"time":1.1,"vertices":[-1.02183,-11.75941,3.53142,-5.62573,1.63668,0.42768,0,0,0,0,0,0,0,0,4.32223,-2.49079,-3.12096,-6.33813,-5.40857,-8.69923]},{"time":1.1333,"vertices":[-0.708,-11.08901,3.53142,-5.62573,1.63668,0.42768,0,0,0,0,0,0,0,0,4.32223,-2.49079,-0.40566,-7.97228,-5.40857,-8.69923]},{"time":1.6,"vertices":[-2.06252,-1.9729,-0.49186,-1.44814,0,0,0,0,0,0,0,0,0,0,0,0,0,0,-1.52336,-2.08424]}]}}}},"walk1":{"slots":{"youshou1":{"attachment":[{"name":null}]}},"bones":{"kua":{"rotate":[{"angle":-27.55}],"translate":[{"x":-48.85,"y":4.98,"curve":0.284,"c3":0.625,"c4":0.38},{"time":0.2667,"x":-48.82,"y":12.37,"curve":"stepped"},{"time":0.4,"x":-48.82,"y":12.37,"curve":0.32,"c2":0.29,"c3":0.757},{"time":0.6667,"x":-48.85,"y":4.98,"curve":0.284,"c3":0.625,"c4":0.38},{"time":0.9333,"x":-48.82,"y":12.37,"curve":"stepped"},{"time":1.0667,"x":-48.82,"y":12.37,"curve":0.32,"c2":0.29,"c3":0.757},{"time":1.3333,"x":-48.85,"y":4.98}]},"zuo":{"rotate":[{"time":0.4},{"time":0.9333,"angle":4.21,"curve":"stepped"},{"time":1.0667,"angle":4.21},{"time":1.3333}],"translate":[{"x":-128.41,"y":0.56},{"time":0.2667,"x":-77.81,"y":0.02,"curve":"stepped"},{"time":0.4,"x":-77.81,"y":0.02},{"time":0.6667,"x":-45.93,"y":1.5},{"time":0.9333,"x":-121.6,"y":47.29,"curve":"stepped"},{"time":1.0667,"x":-121.6,"y":47.29},{"time":1.3333,"x":-128.41,"y":0.56}]},"you":{"rotate":[{"time":0.4},{"time":0.9333,"angle":8.44,"curve":"stepped"},{"time":1.0667,"angle":8.44},{"time":1.3333}],"translate":[{"x":34.6,"y":8.19},{"time":0.2667,"x":-49.28,"y":41.18,"curve":"stepped"},{"time":0.4,"x":-49.28,"y":41.18},{"time":0.6667,"x":-30.93,"y":8.71},{"time":0.9333,"x":37.8,"y":10.77,"curve":"stepped"},{"time":1.0667,"x":37.8,"y":10.77},{"time":1.3333,"x":34.6,"y":8.19}]},"zuoxiaotui":{"rotate":[{"angle":-2.19},{"time":0.2667,"angle":21.35,"curve":"stepped"},{"time":0.4,"angle":21.35},{"time":0.9333,"angle":76.31,"curve":"stepped"},{"time":1.0667,"angle":76.31},{"time":1.3333,"angle":-2.19}]},"zuodatui2":{"rotate":[{"angle":0.88},{"time":0.2667,"angle":-8.89,"curve":"stepped"},{"time":0.4,"angle":-8.89},{"time":0.9333,"angle":-57.5,"curve":"stepped"},{"time":1.0667,"angle":-57.5},{"time":1.3333,"angle":0.88}]},"youxiaotui":{"rotate":[{"angle":22.88},{"time":0.2667,"angle":79.82,"curve":"stepped"},{"time":0.4,"angle":79.82},{"time":0.9333,"angle":-14.16,"curve":"stepped"},{"time":1.0667,"angle":-14.16},{"time":1.3333,"angle":22.88}]},"youdatui2":{"rotate":[{"angle":-12.94},{"time":0.2667,"angle":-20.81,"curve":"stepped"},{"time":0.4,"angle":-20.81},{"time":0.9333,"angle":83.29,"curve":"stepped"},{"time":1.0667,"angle":83.29},{"time":1.3333,"angle":-12.94}]},"youdatui":{"translate":[{},{"time":0.2667,"x":4.42,"y":1.05,"curve":"stepped"},{"time":0.4,"x":4.42,"y":1.05,"curve":0.25,"c3":0.75},{"time":0.9333,"x":15.48,"y":3.66,"curve":"stepped"},{"time":1.0667,"x":15.48,"y":3.66},{"time":1.3333}]},"zuoshou1":{"rotate":[{"angle":28.8}]},"zuoxiaobi":{"rotate":[{"angle":-58.32}]},"zuodabi":{"rotate":[{"angle":-72.72},{"time":0.2667,"angle":-77.38,"curve":"stepped"},{"time":0.4,"angle":-77.38},{"time":0.6667,"angle":-72.72},{"time":0.9333,"angle":-77.38,"curve":"stepped"},{"time":1.0667,"angle":-77.38},{"time":1.3333,"angle":-72.72}],"translate":[{"x":11.91,"y":14.7}]},"youshou":{"rotate":[{"angle":15.11}]},"youxiaobi":{"rotate":[{"angle":-45.67}]},"youdabi":{"rotate":[{"angle":-73.48},{"time":0.2667,"angle":-78.91,"curve":"stepped"},{"time":0.4,"angle":-78.91},{"time":0.6667,"angle":-73.48},{"time":0.9333,"angle":-78.91,"curve":"stepped"},{"time":1.0667,"angle":-78.91},{"time":1.3333,"angle":-73.48}],"translate":[{"x":0.38,"y":-2.25}]},"shetou3":{"rotate":[{"angle":9.35},{"time":0.2667,"angle":18.73},{"time":0.4,"angle":8.75},{"time":0.6667,"angle":0.19},{"time":0.9333,"angle":18.73},{"time":1.0667,"angle":7.55},{"time":1.3333,"angle":9.35}]},"shetou2":{"rotate":[{"angle":9.35},{"time":0.2667,"angle":18.73},{"time":0.4,"angle":8.75},{"time":0.6667,"angle":0.19},{"time":0.9333,"angle":18.73},{"time":1.0667,"angle":7.55},{"time":1.3333,"angle":9.35}]},"xiaba":{"translate":[{"x":-4.23,"y":0.21}]},"toufa":{"translate":[{"time":0.5},{"time":0.6,"x":1.71,"y":-1.92},{"time":0.7,"curve":"stepped"},{"time":1.1333},{"time":1.2333,"x":1.71,"y":-1.92},{"time":1.3333}],"scale":[{"time":0.5},{"time":0.6,"x":1.1},{"time":0.7,"curve":"stepped"},{"time":1.1333},{"time":1.2333,"x":1.1},{"time":1.3333}]},"tou1":{"rotate":[{"angle":8.05}]},"sehnti":{"rotate":[{"angle":-20.48}],"translate":[{"time":0.4},{"time":0.5333,"x":-1.55,"y":3},{"time":0.6667}]}},"deform":{"biaoqing1":{"kua":{"kua":[{"offset":2,"vertices":[3.57963,8.12759,-1.98076,-1.02446]},{"time":0.4667,"offset":2,"vertices":[-0.88038,6.07213,-1.03839,-4.3028]},{"time":0.6667,"offset":2,"vertices":[2.73748,6.88095,-1.25586,-3.54626]},{"time":1.3333,"offset":2,"vertices":[3.57963,8.12759,-1.98076,-1.02446]}]},"youxiaotui":{"youxiaotui":[{"vertices":[-1.11336,-4.64737,-1.02972,-3.6858,-1.42017,-3.58197,0.01332,-1.79895,0,0,0,0,0,0,0,0,0,0,0,0,0,0,0.04871,-0.58562]},{"time":0.1667,"offset":2,"vertices":[7.95613,4.08429,8.35765,2.0892,1.31373,0.50395,0,0,0,0,0,0,0,0,0,0,0,0,0,0,-0.03701,-0.79391]},{"time":0.3333,"offset":2,"vertices":[4.55862,5.58253,9.63892,2.02511,2.62746,1.00791,0,0,0,0,0,0,0,0,0,0,0,0,0,0,-0.12273,-1.0022]},{"time":0.4,"vertices":[2.30649,-1.51601,6.81226,4.62801,8.12223,1.36215,2.61142,0.68068,0,0,0,0,0,0,0,0,0,0,0,0,0,0,-0.12273,-1.0022]},{"time":0.6667,"offset":2,"vertices":[-1.8473,-0.87522,2.05546,-1.28967,2.54726,-0.62824,0,0,0,0,0,0,0,0,0,0,0,0,0,0,-0.12273,-1.0022]},{"time":1,"vertices":[1.66974,-4.4582,-4.2498,-4.18274,1.83953,-3.83188,2.54726,-0.62824,0,0,0,0,0,0,0,0,0,0,0,0,0,0,-0.12273,-1.0022]},{"time":1.3333,"vertices":[-1.11336,-4.64737,-1.02972,-3.6858,-1.42017,-3.58197,0.01332,-1.79895,0,0,0,0,0,0,0,0,0,0,0,0,0,0,0.04871,-0.58562]}]},"zuoxiaotui":{"zuoxiaotui":[{"offset":16,"vertices":[4.12215,0.98505,5.10384,2.97285]},{"time":0.3333,"offset":16,"vertices":[0.30378,-1.45048,-0.4952,-2.2128]},{"time":0.6667,"vertices":[-4.02852,-4.59349,-0.98598,-1.88271,0.69178,1.10538,0,0,0,0,0,0,0,0,0,0,0.31425,-2.3484,-2.70816,-3.31537]},{"time":0.7667,"vertices":[2.68826,0.07044,0.0335,-0.5976,0.97213,0.80671,0,0,0,0,0,0,0,0,9.85856,-2.34595,12.17449,-1.14499,12.34738,2.54162]},{"time":0.8333,"vertices":[3.19257,0.33476,0.71316,0.25914,1.15902,0.60759,0,0,0,0,0,0,0,0,16.43093,-3.90992,20.08131,-0.34272,19.16968,5.6443]},{"time":1,"vertices":[3.30602,3.29471,0.94279,0.55376,1.62626,0.1098,0,0,0,0,0,0,0,0,19.02347,0.86138,25.11699,-0.30024,23.89389,5.36436]},{"time":1.1667,"vertices":[3.03823,1.86553,0.47139,0.27688,0.81313,0.0549,0,0,0,0,0,0,0,0,9.51174,0.43069,18.02242,-0.39529,18.81962,5.35614]},{"time":1.3333,"offset":16,"vertices":[4.12215,0.98505,5.10384,2.97285]}]}},"biaoqing2":{"kua":{"kua":[{"offset":2,"vertices":[5.92642,5.5826]}]},"youxiaotui":{"youxiaotui":[{"vertices":[0.30749,-3.14984,-2.332,-5.22947,-0.51472,-3.62654,-0.60867,-4.13333,0,0,0,0,0,0,0,0,0,0,0,0,0,0,1.99358,0.57426]},{"time":0.2667,"curve":"stepped","vertices":[3.44656,-3.85111,5.70628,-2.32674,9.44825,-1.52887,-0.60867,-4.13333,0,0,0,0,0,0,0,0,0,0,0,0,0,0,1.99358,0.57426]},{"time":0.4,"vertices":[3.44656,-3.85111,5.70628,-2.32674,9.44825,-1.52887,-0.60867,-4.13333,0,0,0,0,0,0,0,0,0,0,0,0,0,0,1.99358,0.57426]},{"time":1.3333,"vertices":[0.30749,-3.14984,-2.332,-5.22947,-0.51472,-3.62654,-0.60867,-4.13333,0,0,0,0,0,0,0,0,0,0,0,0,0,0,1.99358,0.57426]}]},"zuoxiaotui":{"zuoxiaotui":[{"vertices":[0.30357,1.16348,0,0,0,0,0,0,0,0,0,0,0,0,0,0,2.97562,0.9049,4.0295,3.85254]},{"time":0.2667,"vertices":[-0.65784,-2.55032,-0.78406,-0.23549,0,0,0,0,0,0,0,0,0,0,0,0,1.67851,-3.87268,1.1579,-1.8123]},{"time":0.6667,"vertices":[2.16896,-3.37241,-1.96016,-0.58871,0,0,0,0,0,0,0,0,0,0,0,0,2.55667,-5.54742,2.13519,-5.71776]},{"time":0.9333,"curve":"stepped","vertices":[2.8562,4.06037,-1.96016,-0.58871,0,0,0,0,0,0,0,0,0,0,18.88508,-2.38312,24.00269,-2.93382,25.71379,6.5286]},{"time":1.0667,"vertices":[2.8562,4.06037,-1.96016,-0.58871,0,0,0,0,0,0,0,0,0,0,18.88508,-2.38312,24.00269,-2.93382,25.71379,6.5286]},{"time":1.1667,"vertices":[3.62551,4.12002,-0.81673,-0.2453,0,0,0,0,0,0,0,0,0,0,9.06663,-1.1316,14.83652,-0.83665,18.38607,3.82521]},{"time":1.3333,"vertices":[0.30357,1.16348,0,0,0,0,0,0,0,0,0,0,0,0,0,0,2.97562,0.9049,4.0295,3.85254]}]}}},"drawOrder":[{"offsets":[{"slot":"zuodabi1","offset":8},{"slot":"zuodabi","offset":8},{"slot":"zuoxiaobi","offset":4},{"slot":"zuoshou1","offset":4}]}]}}},[0]]],0,0,[0],[-1],[0]],[[[6,"DancingZombie"],[7,"DancingZombie",[-6,-7],[[10,["attack"],["die"],["walk"],["walk"],-5,-4,[0,-15,11],-3,-2,[0,6,6]]],[11,-1,0],[5,200,200],[0,0.5,0]],[4,"ATTACHED_NODE:tou1",[[-8,-9,[1,"ATTACHED_NODE:tongkong",-10,[0,"c8oYfrrOtIioQRnBRhVcIt",1,0]],[1,"ATTACHED_NODE:tongkong2",-11,[0,"61FNLrcj5MAaStFIm5x1fp",1,0]]],1,1,4,4],[0,"15/7C9Tf9Oq6SMTmsW5erW",1,0]],[9,"Zombie_Jackson",1,[-14],[-12,-13],[0,"24Ou437e5I3rg1YIZFptcI",1,0],[5,118.63,162.99]],[4,"ATTACHED_NODE:root",[[-15,[1,"ATTACHED_NODE:zuo",-16,[0,"9dcDHMS5tH05Dk/eRgR1be",1,0]],[1,"ATTACHED_NODE:you",-17,[0,"d7QaLWVKBC8pAxLMc/bmFG",1,0]]],1,4,4],[0,"53BvOjd5lEmISbYMnip1rB",1,0]],[2,"ATTACHED_NODE:kua",4,[-18,-19,-20],[0,"b1MwvEW2VN7ox/28ZTmGIn",1,0]],[2,"ATTACHED_NODE:sehnti",5,[2,-21,-22],[0,"88fWoioKVDapFCCq4VSOM5",1,0]],[8,"BodyC",2,1,[-23,-24],[0,"deW4O36qdKNLtSeizNuVaM",1,0]],[2,"ATTACHED_NODE_TREE",3,[4],[0,"0eRIw6JTFAm6cajUnDnFM6",1,0]],[2,"ATTACHED_NODE:zuodatui",5,[-25],[0,"d6q7dGJ/1Lc7oBDnjq/alg",1,0]],[3,"ATTACHED_NODE:zuodatui2",9,[[1,"ATTACHED_NODE:zuoxiaotui",-26,[0,"71BVu4HV5K2IhlJiEjjzqg",1,0]]],[0,"97FyKehrROxa5h6HJKuUqp",1,0]],[2,"ATTACHED_NODE:youdatui",5,[-27],[0,"537PC69o1LhIPOZFW547Oq",1,0]],[3,"ATTACHED_NODE:youdatui2",11,[[1,"ATTACHED_NODE:youxiaotui",-28,[0,"dc1LzPTWtL/5Jzld1O3CVY",1,0]]],[0,"88nOl5+qlO567YmFZ/ZFBk",1,0]],[2,"ATTACHED_NODE:toufa",2,[-29],[0,"6eaKhi6PtCvINJRaG4i8oQ",1,0]],[1,"head",13,[0,"11cfLe3atEwqAAZWkD59fb",1,0]],[2,"ATTACHED_NODE:xiaba",2,[-30],[0,"0e98LAnS5AM5mEDLXaqnIc",1,0]],[2,"ATTACHED_NODE:shetou",15,[-31],[0,"1axHqbBLlP0oa7Rd+hCZUp",1,0]],[3,"ATTACHED_NODE:shetou2",16,[[1,"ATTACHED_NODE:shetou3",-32,[0,"831b41KmFKBqHFPNydfvyL",1,0]]],[0,"80pwDhBSJHBIN+wBHbAbcr",1,0]],[2,"ATTACHED_NODE:zuodabi",6,[-33],[0,"ac4WUh3HhPdruHKFC66V62",1,0]],[3,"ATTACHED_NODE:zuoxiaobi",18,[[1,"ATTACHED_NODE:zuoshou1",-34,[0,"776suKlUhCtoVjAm0LE4Qk",1,0]]],[0,"e0ACljv9FOk6yks6oZX6uq",1,0]],[2,"ATTACHED_NODE:youdabi",6,[-35],[0,"1e6O4poqNGt7Ifcjkm4J1j",1,0]],[3,"ATTACHED_NODE:youxiaobi",20,[[1,"ATTACHED_NODE:youshou",-36,[0,"c2WCa+8MxJz6ZeHxEjoRmb",1,0]]],[0,"14KQc9LDdCiLY6jGo9tjik",1,0]],[12,"biaoqing1","walk",0,"walk",3,[0]],[13,true,3,22],[14,7,[0,20,75],[5,60,150]],[15,7,24]],0,[0,1,1,0,2,25,0,3,23,0,4,14,0,5,1,0,-1,3,0,-2,7,0,-1,13,0,-2,15,0,0,2,0,0,2,0,-1,22,0,-2,23,0,-1,8,0,-1,5,0,0,4,0,0,4,0,-1,9,0,-2,11,0,-3,6,0,-2,18,0,-3,20,0,-1,24,0,-2,25,0,-1,10,0,0,10,0,-1,12,0,0,12,0,-1,14,0,-1,16,0,-1,17,0,0,17,0,-1,19,0,0,19,0,-1,21,0,0,21,0,6,1,2,0,6,4,0,8,36],[0,22],[-1,7],[1,2]]]]