[1,["ecpdLyjvZBwrvm+cedCcQy","af3FuThF1PLqyklrmWmoJ5","b4QG/os+BIf7dfkky1sbYO","caohSHbS5GEIzmwCrnMGn5","5bheaowv9Nv4sUQJHivr8k","d2HzctZYVKFZNemh8T+vQj","38dOBwXiVHb7PPGPv0RV7c","2dWAEFP49NEobZ2F/7L9Wp","33FJJx5OxGh5E4lIp/S93j","c036O10y1LyqxOFVVVsQiU","1a6o2jYNVJc7cWE+W7Gpzc","f0Yeq8anJGlprYHStNP1S0","40Zk4FNwpGE79FvUYF0AEK","59bT8itbJIfZvwR0zTPRp1","d1TuX35AdDt6fRbiUZ2kHk","6dVUIIngRPUa6H8SIUjOKJ","682+qfN+lAgI8zFUpstBig","ecENREnotJVYObcum8D+gy","51hov/j3pAHJ9QkDmkuLLx","d4iVypi0xDgLmxmVrZ0DXn","8cHmAmtohCW4Wnfx+Qb1l+","cavc9j4QRNqpxv+KB1O/L2","e0j9kuQMVIQa0uA/A0UWhV","4ac3Syd+VI870FLYayAsi/","589Fg8iHxLPaReMqOr+lDe","797lNXqilF/K2w473zZx8E","0bKQNwxAdDpZNIDiZf3WaF","f8rF+5RY1IBJ1XHbHwxY9G","37q9ssi/pPraicXQhdEjQC","bdVjnsMjVLKLb/9vMLOvNG","44eMg2QEdD5LtGlsG16Hih","b4r3ZMdMFA/ZqwEYmJ6Gfc","9cCRW0HWJHDKe/4WLE+vPK","63kt7+d8xAOoUp0QGLbHky","084yNFbCpEk55Gpqak0TlG","19DJDlaMhNoInDK+n2BEqm","e1mvXq5HhD2bvnUzuHlv/f","27Fu0H1lZJ759hggec0CN0","bfcz4YbhxEW4H0QWRNy5iD","709GmFyypFB6rGcu4dPy2N","89DpB16aRLA7R1H7tIlk1h","51mY4G475Mor3k3z/7LmL5"],["_spriteFrame","node","_N$file","_textureSetter","_parent","target","root","scrollViewContent","scrollView","starCount","wdBtn","wyBtn","ycBtn","ywBtn","btBtn","backBtn","data"],["cc.SpriteFrame",["cc.Node",["_name","_opacity","_prefab","_contentSize","_components","_parent","_children","_trs","_anchorPoint"],1,4,5,9,1,2,7,5],["cc.Sprite",["_sizeMode","_type","_isTrimmedMode","node","_materials","_spriteFrame"],0,1,3,6],["cc.Node",["_name","_active","_parent","_components","_prefab","_contentSize","_trs","_color"],1,1,2,4,5,7,5],["cc.Widget",["_alignFlags","_left","_right","node"],0,1],["cc.Label",["_string","_fontSize","_lineHeight","_N$horizontalAlign","_N$verticalAlign","_isSystemFontUsed","node","_materials","_N$file"],-3,1,3,6],["cc.Node",["_name","_parent","_components","_prefab","_contentSize","_trs","_children"],2,1,12,4,5,7,2],["cc.PrefabInfo",["fileId","root","asset"],2,1,1],["cc.Button",["_N$transition","node","clickEvents"],2,1,9],["cc.Prefab",["_name"],2],["cc.BlockInputEvents",["node"],3,1],["bba8c5B9RRFXqNBbFGtKCA0",["node","chapterBtnNode","chapterSpriteNode","backBtn","btBtn","ywBtn","ycBtn","wyBtn","wdBtn","starCount","partItem","scrollView","scrollViewContent"],3,1,2,2,1,1,1,1,1,1,1,2,1,1],["cc.Layout",["_resize","_N$layoutType","_N$paddingLeft","_N$paddingRight","_N$spacingX","node","_layoutSize"],-2,1,5],["cc.ClickEvent",["_componentId","handler","target"],1,1],["cc.Mask",["_N$alphaThreshold","node","_materials"],2,1,3],["cc.LabelOutline",["_width","node","_color"],2,1,5],["94d58qmgwFH+bfrpPdKMuF1",["node","guankaImg","guanKaName","guanKaPlant","lockNode","passNode","guanKaMaskNode","startGameNode","loseStar","winStarArr","zombieImg"],3,1,1,1,1,1,1,1,1,2,2,1],["cc.ScrollView",["vertical","inertia","elastic","bounceDuration","_N$horizontalScrollBar","_N$verticalScrollBar","node","scrollEvents","_N$content"],-3,1,9,1]],[[7,0,1,2,2],[3,0,2,3,4,5,6,2],[2,3,4,5,1],[2,0,3,4,2],[2,3,4,1],[1,0,5,4,2,3,7,2],[13,0,1,2,3],[1,0,5,6,4,2,3,7,2],[15,0,1,2,2],[1,0,5,4,2,3,2],[6,0,1,6,2,3,4,5,2],[8,1,2,1],[8,0,1,2,2],[1,0,6,4,2,3,2],[1,0,1,5,4,2,3,3],[6,0,1,2,3,4,5,2],[3,0,2,3,4,7,5,2],[3,0,1,2,3,4,5,6,3],[2,0,3,4,5,2],[5,0,1,2,5,3,4,6,7,8,7],[5,0,1,2,5,3,4,6,7,7],[16,0,1,2,3,4,5,6,7,8,9,10,1],[1,0,5,2,3,7,2],[1,0,5,6,4,2,3,2],[9,0,2],[1,0,6,4,2,3,7,2],[1,0,6,4,2,3,8,7,2],[1,0,5,6,2,3,2],[4,0,3,2],[4,0,1,3,3],[4,0,1,2,3,4],[10,0,1],[11,0,1,2,3,4,5,6,7,8,9,10,11,12,1],[7,1,2,1],[12,0,1,2,3,4,5,6,6],[2,1,0,2,3,4,5,4],[2,1,0,3,4,3],[14,0,1,2,2],[5,0,1,2,3,4,6,7,6],[17,0,1,2,3,4,5,6,7,8,7]],[[[{"name":"lv_imgWd1","rect":[0,0,109,84],"offset":[0,0],"originalSize":[109,84],"capInsets":[0,0,0,0]}],[0],0,[0],[3],[13]],[[{"name":"zw016","rect":[7,11,82,78],"offset":[0,-2],"originalSize":[96,96],"capInsets":[0,0,0,0]}],[0],0,[0],[3],[14]],[[{"name":"lv_imgNolock","rect":[0,0,245,348],"offset":[0,0],"originalSize":[245,348],"capInsets":[0,0,0,0]}],[0],0,[0],[3],[15]],[[{"name":"lv_imgSta","rect":[0,0,151,57],"offset":[0,0],"originalSize":[151,57],"capInsets":[0,0,0,0]}],[0],0,[0],[3],[16]],[[{"name":"lv_imgKuang2","rect":[0,0,96,96],"offset":[0,0],"originalSize":[96,96],"capInsets":[0,0,0,0]}],[0],0,[0],[3],[17]],[[{"name":"15","rect":[0,0,241,241],"offset":[0,0],"originalSize":[241,241],"capInsets":[0,0,0,0]}],[0],0,[0],[3],[18]],[[[24,"PartSelectView"],[25,"PartSelectView",[-34,-35,-36,-37],[[28,45,-2],[31,-3],[32,-33,[-28,-29,-30,-31,-32],[-23,-24,-25,-26,-27],-22,-21,-20,-19,-18,-17,-16,[-6,-7,-8,-9,-10,-11,-12,-13,-14,-15],-5,-4]],[33,-1,0],[5,1280,720],[640,360,0,0,0,0,1,1,1,1]],[26,"content",[-39,-40,-41,-42,-43,-44,-45,-46,-47,-48],[[34,1,1,520,520,50,-38,[5,3940,400]]],[0,"b8yQZ//RNEeYduDFiAaoox",1,0],[5,3940,400],[0,0.5,1],[0,200,0,0,0,0,1,1,1,1]],[13,"lv_imgKuang",[-50,-51,-52,-53,-54,-55,-56,-57,-58,-59,-60,-61],[[2,-49,[38],39]],[0,"2e0o6QZ85NNa2X2+epQnKl",1,0],[5,245,348]],[13,"lv_imgKuang",[-63,-64,-65,-66,-67,-68,-69,-70,-71,-72,-73,-74],[[2,-62,[62],63]],[0,"c0ZsLDA21Mwo2Xw0+pdzGL",1,0],[5,245,348]],[13,"lv_imgKuang",[-76,-77,-78,-79,-80,-81,-82,-83,-84,-85,-86,-87],[[2,-75,[86],87]],[0,"4dW3oZrUtKf5/OBFobi/0a",1,0],[5,245,348]],[13,"lv_imgKuang",[-89,-90,-91,-92,-93,-94,-95,-96,-97,-98,-99,-100],[[2,-88,[110],111]],[0,"5aNuAPXxRMCZgq4GAi1Bgo",1,0],[5,245,348]],[13,"lv_imgKuang",[-102,-103,-104,-105,-106,-107,-108,-109,-110,-111,-112,-113],[[2,-101,[134],135]],[0,"367Gh5uo5Por/AID7B46Y9",1,0],[5,245,348]],[13,"lv_imgKuang",[-115,-116,-117,-118,-119,-120,-121,-122,-123,-124,-125,-126],[[2,-114,[158],159]],[0,"4a662Ze3tMRoCRNQXyljI3",1,0],[5,245,348]],[13,"lv_imgKuang",[-128,-129,-130,-131,-132,-133,-134,-135,-136,-137,-138,-139],[[2,-127,[182],183]],[0,"472KGRKudG3blusUq7mUTg",1,0],[5,245,348]],[13,"lv_imgKuang",[-141,-142,-143,-144,-145,-146,-147,-148,-149,-150,-151,-152],[[2,-140,[206],207]],[0,"08yLVgwbtNFKekA8683l7W",1,0],[5,245,348]],[13,"lv_imgKuang",[-154,-155,-156,-157,-158,-159,-160,-161,-162,-163,-164,-165],[[2,-153,[230],231]],[0,"ef6uqW365FLKBXu2GRn1Pj",1,0],[5,245,348]],[13,"lv_imgKuang",[-167,-168,-169,-170,-171,-172,-173,-174,-175,-176,-177,-178],[[2,-166,[254],255]],[0,"efL3926A9OqL6pIPGA8lYa",1,0],[5,245,348]],[27,"main",1,[-179,-180,-181,-182,-183,-184,-185,-186,-187,-188,-189,-190],[0,"46q052JMxGwqyccEjqrYMF",1,0],[5,1280,720]],[10,"GuanKaItemView1",2,[3],[[-191,[11,-193,[[6,"94d58qmgwFH+bfrpPdKMuF1","clickStartBtn",-192]]]],1,4],[0,"a0n7H/R0JEaa11JH68l4gK",1,0],[5,245,348],[-1327.5,-190,0,0,0,0,1,1,1,1]],[10,"GuanKaItemView2",2,[4],[[-194,[11,-196,[[6,"94d58qmgwFH+bfrpPdKMuF1","clickStartBtn",-195]]]],1,4],[0,"d4Ace31aVAYpc/jNZO4oXk",1,0],[5,245,348],[-1032.5,-190,0,0,0,0,1,1,1,1]],[10,"GuanKaItemView3",2,[5],[[-197,[11,-199,[[6,"94d58qmgwFH+bfrpPdKMuF1","clickStartBtn",-198]]]],1,4],[0,"e9ETU643VDq5GlvgtjE03D",1,0],[5,245,348],[-737.5,-190,0,0,0,0,1,1,1,1]],[10,"GuanKaItemView4",2,[6],[[-200,[11,-202,[[6,"94d58qmgwFH+bfrpPdKMuF1","clickStartBtn",-201]]]],1,4],[0,"369L+YU7hAP4A24C6vBnTe",1,0],[5,245,348],[-442.5,-190,0,0,0,0,1,1,1,1]],[10,"GuanKaItemView5",2,[7],[[-203,[11,-205,[[6,"94d58qmgwFH+bfrpPdKMuF1","clickStartBtn",-204]]]],1,4],[0,"aasF29tYRNbasb17GF+Osp",1,0],[5,245,348],[-147.5,-190,0,0,0,0,1,1,1,1]],[10,"GuanKaItemView6",2,[8],[[-206,[11,-208,[[6,"94d58qmgwFH+bfrpPdKMuF1","clickStartBtn",-207]]]],1,4],[0,"a5whU448hOWadyjw8Rsvi2",1,0],[5,245,348],[147.5,-190,0,0,0,0,1,1,1,1]],[10,"GuanKaItemView7",2,[9],[[-209,[11,-211,[[6,"94d58qmgwFH+bfrpPdKMuF1","clickStartBtn",-210]]]],1,4],[0,"37aTlWt1xAVoLnGxfP4C1i",1,0],[5,245,348],[442.5,-190,0,0,0,0,1,1,1,1]],[10,"GuanKaItemView8",2,[10],[[-212,[11,-214,[[6,"94d58qmgwFH+bfrpPdKMuF1","clickStartBtn",-213]]]],1,4],[0,"57EmWNNYBOkLlZZ1JNp6yn",1,0],[5,245,348],[737.5,-190,0,0,0,0,1,1,1,1]],[10,"GuanKaItemView9",2,[11],[[-215,[11,-217,[[6,"94d58qmgwFH+bfrpPdKMuF1","clickStartBtn",-216]]]],1,4],[0,"c5HVt8FgpEZ6NCy8wWYp/A",1,0],[5,245,348],[1032.5,-190,0,0,0,0,1,1,1,1]],[10,"GuanKaItemView10",2,[12],[[-218,[11,-220,[[6,"94d58qmgwFH+bfrpPdKMuF1","clickStartBtn",-219]]]],1,4],[0,"76swIr28lN8rCg+qnbNfRD",1,0],[5,245,348],[1327.5,-190,0,0,0,0,1,1,1,1]],[7,"lv_imgFh",1,[-224],[[2,-221,[260],261],[29,8,40.5,-222],[12,3,-223,[[6,"bba8c5B9RRFXqNBbFGtKCA0","clickback",1]]]],[0,"fb6BrAeFJNca7q4DQitxN1",1,0],[5,101,98],[-549,-298,0,0,0,0,1,1,1,0]],[7,"lv_imgKuang2",3,[-226,-227,-228],[[2,-225,[21],22]],[0,"1fYf0O3+5PuoxaMSh2BY8y",1,0],[5,96,96],[0,-100.076,0,0,0,0,1,1,1,1]],[7,"lv_imgSta",3,[-231],[[2,-229,[33],34],[12,3,-230,[[6,"94d58qmgwFH+bfrpPdKMuF1","clickStartBtn",14]]]],[0,"16vdAzgtBDNqiKeuVK4DvO",1,0],[5,151,57],[0,-188.908,0,0,0,0,1,1,1,0]],[7,"lv_imgKuang2",4,[-233,-234,-235],[[2,-232,[45],46]],[0,"e3yLBKUwxJnKN3NTxAIRbT",1,0],[5,96,96],[0,-100.076,0,0,0,0,1,1,1,1]],[7,"lv_imgSta",4,[-238],[[2,-236,[57],58],[12,3,-237,[[6,"94d58qmgwFH+bfrpPdKMuF1","clickStartBtn",15]]]],[0,"abErdEztVAjLALBEeb/dvW",1,0],[5,151,57],[0,-188.908,0,0,0,0,1,1,1,0]],[7,"lv_imgKuang2",5,[-240,-241,-242],[[2,-239,[69],70]],[0,"03Fs8GFL5KobVvCEk6YpYG",1,0],[5,96,96],[0,-100.076,0,0,0,0,1,1,1,1]],[7,"lv_imgSta",5,[-245],[[2,-243,[81],82],[12,3,-244,[[6,"94d58qmgwFH+bfrpPdKMuF1","clickStartBtn",16]]]],[0,"4e6XEHgkdHDJZHG9WsnJYR",1,0],[5,151,57],[0,-188.908,0,0,0,0,1,1,1,0]],[7,"lv_imgKuang2",6,[-247,-248,-249],[[2,-246,[93],94]],[0,"c455tb/IZFwYNCRMvhQaeH",1,0],[5,96,96],[0,-100.076,0,0,0,0,1,1,1,1]],[7,"lv_imgSta",6,[-252],[[2,-250,[105],106],[12,3,-251,[[6,"94d58qmgwFH+bfrpPdKMuF1","clickStartBtn",17]]]],[0,"98WSkS+IRKBavMEilUoDCg",1,0],[5,151,57],[0,-188.908,0,0,0,0,1,1,1,0]],[7,"lv_imgKuang2",7,[-254,-255,-256],[[2,-253,[117],118]],[0,"71bgJeBlpBMZEOEztV/MQH",1,0],[5,96,96],[0,-100.076,0,0,0,0,1,1,1,1]],[7,"lv_imgSta",7,[-259],[[2,-257,[129],130],[12,3,-258,[[6,"94d58qmgwFH+bfrpPdKMuF1","clickStartBtn",18]]]],[0,"ffh+D/47lM24ixQR/ivQrH",1,0],[5,151,57],[0,-188.908,0,0,0,0,1,1,1,0]],[7,"lv_imgKuang2",8,[-261,-262,-263],[[2,-260,[141],142]],[0,"83aQ2ZoEtJaaETHrAHf22H",1,0],[5,96,96],[0,-100.076,0,0,0,0,1,1,1,1]],[7,"lv_imgSta",8,[-266],[[2,-264,[153],154],[12,3,-265,[[6,"94d58qmgwFH+bfrpPdKMuF1","clickStartBtn",19]]]],[0,"aaWa9XeRBMvp9dacYmzi6x",1,0],[5,151,57],[0,-188.908,0,0,0,0,1,1,1,0]],[7,"lv_imgKuang2",9,[-268,-269,-270],[[2,-267,[165],166]],[0,"2csXVPNHxHqo1+OFkAaADb",1,0],[5,96,96],[0,-100.076,0,0,0,0,1,1,1,1]],[7,"lv_imgSta",9,[-273],[[2,-271,[177],178],[12,3,-272,[[6,"94d58qmgwFH+bfrpPdKMuF1","clickStartBtn",20]]]],[0,"a1oU07Lf9PWbitRo6dSAE5",1,0],[5,151,57],[0,-188.908,0,0,0,0,1,1,1,0]],[7,"lv_imgKuang2",10,[-275,-276,-277],[[2,-274,[189],190]],[0,"d5NFZ2SspOEYdEmD4TSS20",1,0],[5,96,96],[0,-100.076,0,0,0,0,1,1,1,1]],[7,"lv_imgSta",10,[-280],[[2,-278,[201],202],[12,3,-279,[[6,"94d58qmgwFH+bfrpPdKMuF1","clickStartBtn",21]]]],[0,"34OvSSk2BJ6Jb0/O32hVad",1,0],[5,151,57],[0,-188.908,0,0,0,0,1,1,1,0]],[7,"lv_imgKuang2",11,[-282,-283,-284],[[2,-281,[213],214]],[0,"30M9qJNKdFJrUrS0JsgQj9",1,0],[5,96,96],[0,-100.076,0,0,0,0,1,1,1,1]],[7,"lv_imgSta",11,[-287],[[2,-285,[225],226],[12,3,-286,[[6,"94d58qmgwFH+bfrpPdKMuF1","clickStartBtn",22]]]],[0,"0bkyt8CTxEaoPTemfeauSL",1,0],[5,151,57],[0,-188.908,0,0,0,0,1,1,1,0]],[7,"lv_imgKuang2",12,[-289,-290,-291],[[2,-288,[237],238]],[0,"c5EjKFnklOe5ItW/jxRWEF",1,0],[5,96,96],[0,-100.076,0,0,0,0,1,1,1,1]],[7,"lv_imgSta",12,[-294],[[2,-292,[249],250],[12,3,-293,[[6,"94d58qmgwFH+bfrpPdKMuF1","clickStartBtn",23]]]],[0,"94W1uZYcJI+5nZsV0Oj3Ua",1,0],[5,151,57],[0,-188.908,0,0,0,0,1,1,1,0]],[7,"star_bg",1,[-297,-298],[[35,1,0,false,-295,[265],266],[30,32,53.5,15,-296]],[0,"3cazbB9XpFrbb0jRTMcWB7",1,0],[5,249,68],[500.5,-301,0,0,0,0,1,1,1,1]],[5,"lv_imgBt1",13,[[2,-299,[6],7]],[0,"d7TiknditFpL5+77AYYAcB",1,0],[5,132,102],[-316,-213,0,0,0,0,1,1,1,1]],[5,"lv_imgHy1",13,[[2,-300,[8],9]],[0,"49dNa6aABKB7MMPuTKiWyG",1,0],[5,148,71],[-176,-205,0,0,0,0,1,1,1,1]],[5,"lv_imgYc1",13,[[2,-301,[10],11]],[0,"50qCv/aARHP79RyZylYsNQ",1,0],[5,138,69],[-51,-153,0,0,0,0,1,1,1,1]],[5,"lv_imgWy1",13,[[2,-302,[12],13]],[0,"5ckN6c6nZO9JPGeIwulz8s",1,0],[5,121,94],[77,-178,0,0,0,0,1,1,1,1]],[5,"lv_imgWd1",13,[[2,-303,[14],15]],[0,"e2+umzzadKD53eROSeYn3O",1,0],[5,109,84],[206,-175,0,0,0,0,1,1,1,1]],[10,"New ScrollView",13,[-306],[[[36,1,0,-304,[257]],-305],4,1],[0,"109YiVfRxIh57CfL5FuUbI",1,0],[5,1280,500],[0,660,0,0,0,0,1,1,1,1]],[23,"lv_bg1",1,[-308],[[2,-307,[2],3]],[0,"5cAl62xsRD26rTkdkoM6rM",1,0],[5,1680,720]],[5,"lv_handbk",13,[[2,-309,[4],5],[11,-310,[[6,"bba8c5B9RRFXqNBbFGtKCA0","clickHandBookBtn",1]]]],[0,"b0pB9FfSBPO5f/80m97OBK",1,0],[5,140,163],[298,-265,0,0,0,0,1,1,1,1]],[23,"view",51,[2],[[37,0,-311,[256]]],[0,"c2dvM+TIBFKbpdBIKdbH9s",1,0],[5,1280,500]],[5,"select",25,[[18,0,-312,[17],18]],[0,"dfBob4KENBZ7nZ8pdtwjno",1,0],[5,51,43.2],[46.102,-26.987,0,0,0,0,1,1,1,1]],[5,"lv_imgLock",25,[[2,-313,[19],20]],[0,"e9oMyFdiNIVLAaiBfDbAeC",1,0],[5,26,34],[44.978,-31.485,0,0,0,0,1,1,1,1]],[15,"guankaLab",3,[[-314,[8,3,-315,[4,4278190080]]],1,4],[0,"2a3MGk2dVAwLMqDyJeTgSl",1,0],[5,76.62,43.8],[0,-28.111,0,0,0,0,1,1,1,1]],[14,"lv_imgNolock",100,3,[[2,-316,[29],30]],[0,"18et5WKgNC57jH82QurXia",1,0],[5,245,348]],[9,"New Label",26,[[19,"开始游戏",30,30,false,1,1,-317,[31],32],[8,3,-318,[4,4278190080]]],[0,"0cA9ren4BA6IB3FMtIPdMs",1,0],[5,126,43.8]],[5,"select",27,[[18,0,-319,[41],42]],[0,"06/ctp+MhKZ7k9bPPXdXg6",1,0],[5,51,43.2],[46.102,-26.987,0,0,0,0,1,1,1,1]],[5,"lv_imgLock",27,[[2,-320,[43],44]],[0,"85zZd0VlxE2ot1SuaCaM5N",1,0],[5,26,34],[44.978,-31.485,0,0,0,0,1,1,1,1]],[15,"guankaLab",4,[[-321,[8,3,-322,[4,4278190080]]],1,4],[0,"d92POtAbRB/ZS9sLqVmGmy",1,0],[5,76.62,43.8],[0,-28.111,0,0,0,0,1,1,1,1]],[14,"lv_imgNolock",100,4,[[2,-323,[53],54]],[0,"41Y9yXjelOeJrnmz+/ERug",1,0],[5,245,348]],[9,"New Label",28,[[19,"开始游戏",30,30,false,1,1,-324,[55],56],[8,3,-325,[4,4278190080]]],[0,"f9kcfLnvNFqJDb4GWL/CoN",1,0],[5,126,43.8]],[5,"select",29,[[18,0,-326,[65],66]],[0,"31E6tm8UJMy5gvR+Yy8yzC",1,0],[5,51,43.2],[46.102,-26.987,0,0,0,0,1,1,1,1]],[5,"lv_imgLock",29,[[2,-327,[67],68]],[0,"24R00BFItI4Z2xlGdzi+mC",1,0],[5,26,34],[44.978,-31.485,0,0,0,0,1,1,1,1]],[15,"guankaLab",5,[[-328,[8,3,-329,[4,4278190080]]],1,4],[0,"b1l4QGaZVMA6qCesXnvY6Q",1,0],[5,76.62,43.8],[0,-28.111,0,0,0,0,1,1,1,1]],[14,"lv_imgNolock",100,5,[[2,-330,[77],78]],[0,"28pQGSGeBO25J5dFZTv5Yj",1,0],[5,245,348]],[9,"New Label",30,[[19,"开始游戏",30,30,false,1,1,-331,[79],80],[8,3,-332,[4,4278190080]]],[0,"6agIBNRChLQaV2TEZMvM8N",1,0],[5,126,43.8]],[5,"select",31,[[18,0,-333,[89],90]],[0,"3bH1inJG5IvZ2xSHXzVYKi",1,0],[5,51,43.2],[46.102,-26.987,0,0,0,0,1,1,1,1]],[5,"lv_imgLock",31,[[2,-334,[91],92]],[0,"d6XnvoROxHipjVoa+GQuyG",1,0],[5,26,34],[44.978,-31.485,0,0,0,0,1,1,1,1]],[15,"guankaLab",6,[[-335,[8,3,-336,[4,4278190080]]],1,4],[0,"8fsKTWDLJCi7reNuxgdfrE",1,0],[5,76.62,43.8],[0,-28.111,0,0,0,0,1,1,1,1]],[14,"lv_imgNolock",100,6,[[2,-337,[101],102]],[0,"8fMjdcf6VIpJbOA6wQphxc",1,0],[5,245,348]],[9,"New Label",32,[[19,"开始游戏",30,30,false,1,1,-338,[103],104],[8,3,-339,[4,4278190080]]],[0,"69IrBxu3FBGJ4Wqht6YuS4",1,0],[5,126,43.8]],[5,"select",33,[[18,0,-340,[113],114]],[0,"05yIiqj3tALZHy6/WDY5t9",1,0],[5,51,43.2],[46.102,-26.987,0,0,0,0,1,1,1,1]],[5,"lv_imgLock",33,[[2,-341,[115],116]],[0,"69P+McFShPC4BiP8FjAVFa",1,0],[5,26,34],[44.978,-31.485,0,0,0,0,1,1,1,1]],[15,"guankaLab",7,[[-342,[8,3,-343,[4,4278190080]]],1,4],[0,"70/1wPTL9KA5OYToeOTubM",1,0],[5,76.62,43.8],[0,-28.111,0,0,0,0,1,1,1,1]],[14,"lv_imgNolock",100,7,[[2,-344,[125],126]],[0,"1awnEfKXBLBqdISz4PPGsw",1,0],[5,245,348]],[9,"New Label",34,[[19,"开始游戏",30,30,false,1,1,-345,[127],128],[8,3,-346,[4,4278190080]]],[0,"01OdT21uRJi5m4xczvtIsp",1,0],[5,126,43.8]],[5,"select",35,[[18,0,-347,[137],138]],[0,"7cCc9//CBP86/zF1wLijVB",1,0],[5,51,43.2],[46.102,-26.987,0,0,0,0,1,1,1,1]],[5,"lv_imgLock",35,[[2,-348,[139],140]],[0,"34hVSRtitFFoCXTDCEiNOI",1,0],[5,26,34],[44.978,-31.485,0,0,0,0,1,1,1,1]],[15,"guankaLab",8,[[-349,[8,3,-350,[4,4278190080]]],1,4],[0,"b19aKYdzJHDKwNGHI3Mab7",1,0],[5,76.62,43.8],[0,-28.111,0,0,0,0,1,1,1,1]],[14,"lv_imgNolock",100,8,[[2,-351,[149],150]],[0,"94tR4ANH9P+arty4BRK5oa",1,0],[5,245,348]],[9,"New Label",36,[[19,"开始游戏",30,30,false,1,1,-352,[151],152],[8,3,-353,[4,4278190080]]],[0,"f4hm/KtJBHA4NVlgCA50Jb",1,0],[5,126,43.8]],[5,"select",37,[[18,0,-354,[161],162]],[0,"994JnTIN9BQbGIyqgLUk3u",1,0],[5,51,43.2],[46.102,-26.987,0,0,0,0,1,1,1,1]],[5,"lv_imgLock",37,[[2,-355,[163],164]],[0,"85+Lao0NBAp6KxjJyhHUWw",1,0],[5,26,34],[44.978,-31.485,0,0,0,0,1,1,1,1]],[15,"guankaLab",9,[[-356,[8,3,-357,[4,4278190080]]],1,4],[0,"7ec4H27xFN8JP5tTG1fR9G",1,0],[5,76.62,43.8],[0,-28.111,0,0,0,0,1,1,1,1]],[14,"lv_imgNolock",100,9,[[2,-358,[173],174]],[0,"45J95zsdlPZ6hFZibORHPw",1,0],[5,245,348]],[9,"New Label",38,[[19,"开始游戏",30,30,false,1,1,-359,[175],176],[8,3,-360,[4,4278190080]]],[0,"d4bXUIn81AkZW5tUiBHpEJ",1,0],[5,126,43.8]],[5,"select",39,[[18,0,-361,[185],186]],[0,"073qzWc5tECq0ieUyfLgpU",1,0],[5,51,43.2],[46.102,-26.987,0,0,0,0,1,1,1,1]],[5,"lv_imgLock",39,[[2,-362,[187],188]],[0,"269BZVnHdGKo5YDZjdKH3O",1,0],[5,26,34],[44.978,-31.485,0,0,0,0,1,1,1,1]],[15,"guankaLab",10,[[-363,[8,3,-364,[4,4278190080]]],1,4],[0,"3fXifxwARPlKgCH7n579SZ",1,0],[5,76.62,43.8],[0,-28.111,0,0,0,0,1,1,1,1]],[14,"lv_imgNolock",100,10,[[2,-365,[197],198]],[0,"4a2GDIl4FFvLpwXoTj8ICt",1,0],[5,245,348]],[9,"New Label",40,[[19,"开始游戏",30,30,false,1,1,-366,[199],200],[8,3,-367,[4,4278190080]]],[0,"6c8vAs7GNPb7uvbPlo4iPT",1,0],[5,126,43.8]],[5,"select",41,[[18,0,-368,[209],210]],[0,"9do4ijW89PR4OrqYqfLwhw",1,0],[5,51,43.2],[46.102,-26.987,0,0,0,0,1,1,1,1]],[5,"lv_imgLock",41,[[2,-369,[211],212]],[0,"5eL1wDqQ9By7rty8Dz8x2D",1,0],[5,26,34],[44.978,-31.485,0,0,0,0,1,1,1,1]],[15,"guankaLab",11,[[-370,[8,3,-371,[4,4278190080]]],1,4],[0,"3duwYJMitM060Nlr7gntTM",1,0],[5,76.62,43.8],[0,-28.111,0,0,0,0,1,1,1,1]],[14,"lv_imgNolock",100,11,[[2,-372,[221],222]],[0,"1a7QGojklH0bN5GZfwW+/n",1,0],[5,245,348]],[9,"New Label",42,[[19,"开始游戏",30,30,false,1,1,-373,[223],224],[8,3,-374,[4,4278190080]]],[0,"3aVEvkPL1NPo/iLx2xONA5",1,0],[5,126,43.8]],[5,"select",43,[[18,0,-375,[233],234]],[0,"0173jAg2BE/I3OFkQCWYlE",1,0],[5,51,43.2],[46.102,-26.987,0,0,0,0,1,1,1,1]],[5,"lv_imgLock",43,[[2,-376,[235],236]],[0,"2301TREUFA2YD1dm7x6gCr",1,0],[5,26,34],[44.978,-31.485,0,0,0,0,1,1,1,1]],[15,"guankaLab",12,[[-377,[8,3,-378,[4,4278190080]]],1,4],[0,"6fFNNzO3xCaaDCHOqtXhlf",1,0],[5,76.62,43.8],[0,-28.111,0,0,0,0,1,1,1,1]],[14,"lv_imgNolock",100,12,[[2,-379,[245],246]],[0,"09y3hu1plC0YuxTbfc9j2u",1,0],[5,245,348]],[9,"New Label",44,[[19,"开始游戏",30,30,false,1,1,-380,[247],248],[8,3,-381,[4,4278190080]]],[0,"01/YLZUktGPatlTJkUBzy6",1,0],[5,126,43.8]],[5,"lv_imgSelect",52,[[2,-382,[0],1]],[0,"ccTQEnoJpGvpvrfpNoSFKO",1,0],[5,1612,332],[-50,-194,0,0,0,0,1,1,1,1]],[22,"lv_imgBtNode",13,[0,"ebZzjhoH5KXKXWLuJdzl3S",1,0],[5,132,102],[-316,-213,0,0,0,0,1,1,1,1]],[22,"lv_imgHyBtnNode",13,[0,"dcqwJIuXlFE4cOzotHrfTZ",1,0],[5,148,71],[-176,-205,0,0,0,0,1,1,1,1]],[22,"lv_imgYcBtnNode",13,[0,"555v6UA7hAqoD9JC6x63Lg",1,0],[5,138,69],[-51,-153,0,0,0,0,1,1,1,1]],[22,"lv_imgWyBtnNode",13,[0,"96H1hkmExBIa/2K/jdeurn",1,0],[5,121,94],[77,-178,0,0,0,0,1,1,1,1]],[22,"lv_imgWdBtnNode",13,[0,"c2yuaHUdlAALm18TQtF9fL",1,0],[5,109,84],[206,-175,0,0,0,0,1,1,1,1]],[16,"zw002",25,[-383],[0,"83tmKxzT1ICoviNvry48FP",1,0],[4,4278190080],[5,82,78]],[4,111,[16]],[17,"lv_img1",false,3,[-384],[0,"f0YzGoUVBBWY6MZ/djWVFY",1,0],[5,200,152],[0,77.022,0,0,0,0,1,1,1,1]],[4,113,[23]],[1,"zombieImg",3,[-385],[0,"bffXx1PY9NFK4pPkNZ6f34",1,0],[5,241,241],[25,65,0,0,0,0,1,0.5,0.5,1]],[4,115,[24]],[1,"star_black",3,[-386],[0,"7fvFTZz2FEKZ3/fksCHAdn",1,0],[5,36.8,33.28],[-70,25.984,0,0,0,0,1,1,1,1]],[3,0,117,[25]],[1,"star_black",3,[-387],[0,"c5MwZ2jqdICY2KBQaFR+/7",1,0],[5,36.8,33.28],[-33.2,25.984,0,0,0,0,1,1,1,1]],[3,0,119,[26]],[1,"star_black",3,[-388],[0,"cbkIutkENNc73fM23Ldzfa",1,0],[5,36.8,33.28],[3.6,25.984,0,0,0,0,1,1,1,1]],[3,0,121,[27]],[20,"关卡1",30,30,false,1,1,57,[28]],[1,"star_win",3,[-389],[0,"40iUKcgzFBn60UyRAjL2B3",1,0],[5,36.8,33.28],[-70,25.984,0,0,0,0,1,1,1,1]],[3,0,124,[35]],[1,"star_win",3,[-390],[0,"aaceGD781Dg5ZR1TjwJXDd",1,0],[5,36.8,33.28],[-33.2,25.984,0,0,0,0,1,1,1,1]],[3,0,126,[36]],[1,"star_win",3,[-391],[0,"a3v8r/ZW5LMb2q6CWg0Qud",1,0],[5,36.8,33.28],[3.6,25.984,0,0,0,0,1,1,1,1]],[3,0,128,[37]],[21,14,114,123,112,56,55,58,26,[118,120,122],[125,127,129],116],[16,"zw002",27,[-392],[0,"aaKc9huJtG3qPT1/gSwU0F",1,0],[4,4278190080],[5,82,78]],[4,131,[40]],[17,"lv_img1",false,4,[-393],[0,"bfXQMIKt1Kdps9k/OHmlGj",1,0],[5,200,152],[0,77.022,0,0,0,0,1,1,1,1]],[4,133,[47]],[1,"zombieImg",4,[-394],[0,"90HlvVHuhNNILxza+MYfz1",1,0],[5,241,241],[25,65,0,0,0,0,1,0.5,0.5,1]],[4,135,[48]],[1,"star_black",4,[-395],[0,"25pgiprE5GM4pchMyBqE0Y",1,0],[5,36.8,33.28],[-70,25.984,0,0,0,0,1,1,1,1]],[3,0,137,[49]],[1,"star_black",4,[-396],[0,"82tZ55ct1PpZ0gaqsHDG1F",1,0],[5,36.8,33.28],[-33.2,25.984,0,0,0,0,1,1,1,1]],[3,0,139,[50]],[1,"star_black",4,[-397],[0,"f9CKKNhjJEx7Wp6dwJIIYp",1,0],[5,36.8,33.28],[3.6,25.984,0,0,0,0,1,1,1,1]],[3,0,141,[51]],[20,"关卡1",30,30,false,1,1,62,[52]],[1,"star_win",4,[-398],[0,"d2nuXzqGlFR6psjOnHfzbK",1,0],[5,36.8,33.28],[-70,25.984,0,0,0,0,1,1,1,1]],[3,0,144,[59]],[1,"star_win",4,[-399],[0,"94xLayMphKSZjn4Kbe0+7+",1,0],[5,36.8,33.28],[-33.2,25.984,0,0,0,0,1,1,1,1]],[3,0,146,[60]],[1,"star_win",4,[-400],[0,"f4NHMh+sBPU6rm3nYkbAy6",1,0],[5,36.8,33.28],[3.6,25.984,0,0,0,0,1,1,1,1]],[3,0,148,[61]],[21,15,134,143,132,61,60,63,28,[138,140,142],[145,147,149],136],[16,"zw002",29,[-401],[0,"13dF1P/ANHArNYB/RieggX",1,0],[4,4278190080],[5,82,78]],[4,151,[64]],[17,"lv_img1",false,5,[-402],[0,"e8HMNsuLBIMoT+ChceKkUE",1,0],[5,200,152],[0,77.022,0,0,0,0,1,1,1,1]],[4,153,[71]],[1,"zombieImg",5,[-403],[0,"8a3vgGmO9JULw/2FezLlz9",1,0],[5,241,241],[25,65,0,0,0,0,1,0.5,0.5,1]],[4,155,[72]],[1,"star_black",5,[-404],[0,"e59NIgUsdPJpTF57VUKNi3",1,0],[5,36.8,33.28],[-70,25.984,0,0,0,0,1,1,1,1]],[3,0,157,[73]],[1,"star_black",5,[-405],[0,"62XLl0ho1KAaapNJP1MYvv",1,0],[5,36.8,33.28],[-33.2,25.984,0,0,0,0,1,1,1,1]],[3,0,159,[74]],[1,"star_black",5,[-406],[0,"a4vvys68NAVIaH9ke5olsi",1,0],[5,36.8,33.28],[3.6,25.984,0,0,0,0,1,1,1,1]],[3,0,161,[75]],[20,"关卡1",30,30,false,1,1,67,[76]],[1,"star_win",5,[-407],[0,"20wbm6/jFEZ6vVDF47QYh9",1,0],[5,36.8,33.28],[-70,25.984,0,0,0,0,1,1,1,1]],[3,0,164,[83]],[1,"star_win",5,[-408],[0,"c6PggabwBIT5DlgyqPDIzz",1,0],[5,36.8,33.28],[-33.2,25.984,0,0,0,0,1,1,1,1]],[3,0,166,[84]],[1,"star_win",5,[-409],[0,"a4W5+yZ9RAWozMmq0s6jjR",1,0],[5,36.8,33.28],[3.6,25.984,0,0,0,0,1,1,1,1]],[3,0,168,[85]],[21,16,154,163,152,66,65,68,30,[158,160,162],[165,167,169],156],[16,"zw002",31,[-410],[0,"3bTTiSfHtGvYK9PERnaRKZ",1,0],[4,4278190080],[5,82,78]],[4,171,[88]],[17,"lv_img1",false,6,[-411],[0,"84+NUd2EhI5qEFHXAYjkeN",1,0],[5,200,152],[0,77.022,0,0,0,0,1,1,1,1]],[4,173,[95]],[1,"zombieImg",6,[-412],[0,"85g5KP0NxEH5h9oHp2XSg2",1,0],[5,241,241],[25,65,0,0,0,0,1,0.5,0.5,1]],[4,175,[96]],[1,"star_black",6,[-413],[0,"06sTL5dmZBvIwKhCjCc2g5",1,0],[5,36.8,33.28],[-70,25.984,0,0,0,0,1,1,1,1]],[3,0,177,[97]],[1,"star_black",6,[-414],[0,"62pACrNwBPh6psfvsfcVjz",1,0],[5,36.8,33.28],[-33.2,25.984,0,0,0,0,1,1,1,1]],[3,0,179,[98]],[1,"star_black",6,[-415],[0,"0frsZBVsZNPIIQW5cWQYlV",1,0],[5,36.8,33.28],[3.6,25.984,0,0,0,0,1,1,1,1]],[3,0,181,[99]],[20,"关卡1",30,30,false,1,1,72,[100]],[1,"star_win",6,[-416],[0,"c3yU/lTIlIirSZtPf7rREg",1,0],[5,36.8,33.28],[-70,25.984,0,0,0,0,1,1,1,1]],[3,0,184,[107]],[1,"star_win",6,[-417],[0,"676SqMp2dMYrfw6FFeeHuz",1,0],[5,36.8,33.28],[-33.2,25.984,0,0,0,0,1,1,1,1]],[3,0,186,[108]],[1,"star_win",6,[-418],[0,"71Q7vhPiBDMoE3qtYWbbFp",1,0],[5,36.8,33.28],[3.6,25.984,0,0,0,0,1,1,1,1]],[3,0,188,[109]],[21,17,174,183,172,71,70,73,32,[178,180,182],[185,187,189],176],[16,"zw002",33,[-419],[0,"9cXzPKEsVMMrj4fHEqLoQ9",1,0],[4,4278190080],[5,82,78]],[4,191,[112]],[17,"lv_img1",false,7,[-420],[0,"a9+uZHPnxOr5Yj6S0qLk/7",1,0],[5,200,152],[0,77.022,0,0,0,0,1,1,1,1]],[4,193,[119]],[1,"zombieImg",7,[-421],[0,"eeLQv2Ym5Kf7PEr3J11ROx",1,0],[5,241,241],[25,65,0,0,0,0,1,0.5,0.5,1]],[4,195,[120]],[1,"star_black",7,[-422],[0,"c6QOUPkyxBobOC354BXRMU",1,0],[5,36.8,33.28],[-70,25.984,0,0,0,0,1,1,1,1]],[3,0,197,[121]],[1,"star_black",7,[-423],[0,"31o/zgd+ZPkoU5bGjaUoZ1",1,0],[5,36.8,33.28],[-33.2,25.984,0,0,0,0,1,1,1,1]],[3,0,199,[122]],[1,"star_black",7,[-424],[0,"e7dYxTI0ZI37GP2y5NhU6j",1,0],[5,36.8,33.28],[3.6,25.984,0,0,0,0,1,1,1,1]],[3,0,201,[123]],[20,"关卡1",30,30,false,1,1,77,[124]],[1,"star_win",7,[-425],[0,"88xoklBRNOArhNQQSEKhyP",1,0],[5,36.8,33.28],[-70,25.984,0,0,0,0,1,1,1,1]],[3,0,204,[131]],[1,"star_win",7,[-426],[0,"6boBg9adVAqrrZfMjd5bPb",1,0],[5,36.8,33.28],[-33.2,25.984,0,0,0,0,1,1,1,1]],[3,0,206,[132]],[1,"star_win",7,[-427],[0,"d1eiLYPydOPb1ZEQEYU8pJ",1,0],[5,36.8,33.28],[3.6,25.984,0,0,0,0,1,1,1,1]],[3,0,208,[133]],[21,18,194,203,192,76,75,78,34,[198,200,202],[205,207,209],196],[16,"zw002",35,[-428],[0,"1fszb6JGhHp7jRZ44JKo3Z",1,0],[4,4278190080],[5,82,78]],[4,211,[136]],[17,"lv_img1",false,8,[-429],[0,"a4p8ZNrJxB/plcTEF+dKVj",1,0],[5,200,152],[0,77.022,0,0,0,0,1,1,1,1]],[4,213,[143]],[1,"zombieImg",8,[-430],[0,"94R9GLrStDZqV99A01GWGW",1,0],[5,241,241],[25,65,0,0,0,0,1,0.5,0.5,1]],[4,215,[144]],[1,"star_black",8,[-431],[0,"a6xvjlrzVKY5I99ix1aeJY",1,0],[5,36.8,33.28],[-70,25.984,0,0,0,0,1,1,1,1]],[3,0,217,[145]],[1,"star_black",8,[-432],[0,"b8II2iDtlA76p++Nikyu7A",1,0],[5,36.8,33.28],[-33.2,25.984,0,0,0,0,1,1,1,1]],[3,0,219,[146]],[1,"star_black",8,[-433],[0,"25f2mUv01M0quHczYf5pzK",1,0],[5,36.8,33.28],[3.6,25.984,0,0,0,0,1,1,1,1]],[3,0,221,[147]],[20,"关卡1",30,30,false,1,1,82,[148]],[1,"star_win",8,[-434],[0,"9276TElslBi7+Mup09yDkN",1,0],[5,36.8,33.28],[-70,25.984,0,0,0,0,1,1,1,1]],[3,0,224,[155]],[1,"star_win",8,[-435],[0,"62Bt+/cNhBeK1VOi9abTbz",1,0],[5,36.8,33.28],[-33.2,25.984,0,0,0,0,1,1,1,1]],[3,0,226,[156]],[1,"star_win",8,[-436],[0,"caI/xmufdFjYG0dSilv7K4",1,0],[5,36.8,33.28],[3.6,25.984,0,0,0,0,1,1,1,1]],[3,0,228,[157]],[21,19,214,223,212,81,80,83,36,[218,220,222],[225,227,229],216],[16,"zw002",37,[-437],[0,"95o4uqLmdKq7lBA4dRPfik",1,0],[4,4278190080],[5,82,78]],[4,231,[160]],[17,"lv_img1",false,9,[-438],[0,"45AiPD6k9GPLal5SHuK1tt",1,0],[5,200,152],[0,77.022,0,0,0,0,1,1,1,1]],[4,233,[167]],[1,"zombieImg",9,[-439],[0,"63MvX2VYFCgohMX4jn4ds+",1,0],[5,241,241],[25,65,0,0,0,0,1,0.5,0.5,1]],[4,235,[168]],[1,"star_black",9,[-440],[0,"d9k7KX6ytL0rbQDMZ6U8vh",1,0],[5,36.8,33.28],[-70,25.984,0,0,0,0,1,1,1,1]],[3,0,237,[169]],[1,"star_black",9,[-441],[0,"09kztiY5VB5LSyV+MVO+m9",1,0],[5,36.8,33.28],[-33.2,25.984,0,0,0,0,1,1,1,1]],[3,0,239,[170]],[1,"star_black",9,[-442],[0,"fas9vMtjhLvpXUtabco/gK",1,0],[5,36.8,33.28],[3.6,25.984,0,0,0,0,1,1,1,1]],[3,0,241,[171]],[20,"关卡1",30,30,false,1,1,87,[172]],[1,"star_win",9,[-443],[0,"75n+FJ59NFLppdddSkBgRh",1,0],[5,36.8,33.28],[-70,25.984,0,0,0,0,1,1,1,1]],[3,0,244,[179]],[1,"star_win",9,[-444],[0,"01ZYLS4npFCKMAVqhD/3/W",1,0],[5,36.8,33.28],[-33.2,25.984,0,0,0,0,1,1,1,1]],[3,0,246,[180]],[1,"star_win",9,[-445],[0,"997Wnydm9K3IVNieEZ3lL9",1,0],[5,36.8,33.28],[3.6,25.984,0,0,0,0,1,1,1,1]],[3,0,248,[181]],[21,20,234,243,232,86,85,88,38,[238,240,242],[245,247,249],236],[16,"zw002",39,[-446],[0,"f6/xb6CbFBxIXxDPzRakUE",1,0],[4,4278190080],[5,82,78]],[4,251,[184]],[17,"lv_img1",false,10,[-447],[0,"09d3hb6TdEIJoSOfAdxhPC",1,0],[5,200,152],[0,77.022,0,0,0,0,1,1,1,1]],[4,253,[191]],[1,"zombieImg",10,[-448],[0,"66FmsLyJ9PSLxX70W6cdVY",1,0],[5,241,241],[25,65,0,0,0,0,1,0.5,0.5,1]],[4,255,[192]],[1,"star_black",10,[-449],[0,"7ex9M+rZREa7Jdm+jy1HZM",1,0],[5,36.8,33.28],[-70,25.984,0,0,0,0,1,1,1,1]],[3,0,257,[193]],[1,"star_black",10,[-450],[0,"abqPhsjKVI1KyW9igKYRxH",1,0],[5,36.8,33.28],[-33.2,25.984,0,0,0,0,1,1,1,1]],[3,0,259,[194]],[1,"star_black",10,[-451],[0,"cd1Sd4DF5GJKL0PycVeiQI",1,0],[5,36.8,33.28],[3.6,25.984,0,0,0,0,1,1,1,1]],[3,0,261,[195]],[20,"关卡1",30,30,false,1,1,92,[196]],[1,"star_win",10,[-452],[0,"c39RGeuaVGObSO5xXWbJyP",1,0],[5,36.8,33.28],[-70,25.984,0,0,0,0,1,1,1,1]],[3,0,264,[203]],[1,"star_win",10,[-453],[0,"daY1swQaJDBamjulxZ4yvb",1,0],[5,36.8,33.28],[-33.2,25.984,0,0,0,0,1,1,1,1]],[3,0,266,[204]],[1,"star_win",10,[-454],[0,"e5WAB4hzFKh6RtRAI2l8gH",1,0],[5,36.8,33.28],[3.6,25.984,0,0,0,0,1,1,1,1]],[3,0,268,[205]],[21,21,254,263,252,91,90,93,40,[258,260,262],[265,267,269],256],[16,"zw002",41,[-455],[0,"66GKcor4xFPbvDjLzNnLHd",1,0],[4,4278190080],[5,82,78]],[4,271,[208]],[17,"lv_img1",false,11,[-456],[0,"b0UdInz19Kc6wk6UpF5OpZ",1,0],[5,200,152],[0,77.022,0,0,0,0,1,1,1,1]],[4,273,[215]],[1,"zombieImg",11,[-457],[0,"6fwkGoGphACqqEB5OxmXQT",1,0],[5,241,241],[25,65,0,0,0,0,1,0.5,0.5,1]],[4,275,[216]],[1,"star_black",11,[-458],[0,"00ynFusMNIYqSXx0juEo5C",1,0],[5,36.8,33.28],[-70,25.984,0,0,0,0,1,1,1,1]],[3,0,277,[217]],[1,"star_black",11,[-459],[0,"effy64ZtFN45Yy1Bkqqr63",1,0],[5,36.8,33.28],[-33.2,25.984,0,0,0,0,1,1,1,1]],[3,0,279,[218]],[1,"star_black",11,[-460],[0,"e1Ue6lFc5HlphFq5iUG5wp",1,0],[5,36.8,33.28],[3.6,25.984,0,0,0,0,1,1,1,1]],[3,0,281,[219]],[20,"关卡1",30,30,false,1,1,97,[220]],[1,"star_win",11,[-461],[0,"6aYuC62PZJjpLCyxOop/+g",1,0],[5,36.8,33.28],[-70,25.984,0,0,0,0,1,1,1,1]],[3,0,284,[227]],[1,"star_win",11,[-462],[0,"dezd5seGFIsosAVO6+e9fh",1,0],[5,36.8,33.28],[-33.2,25.984,0,0,0,0,1,1,1,1]],[3,0,286,[228]],[1,"star_win",11,[-463],[0,"2565DIeF9ABKh6PXs/HtO3",1,0],[5,36.8,33.28],[3.6,25.984,0,0,0,0,1,1,1,1]],[3,0,288,[229]],[21,22,274,283,272,96,95,98,42,[278,280,282],[285,287,289],276],[16,"zw002",43,[-464],[0,"5adOBGbWJBKLHj7VsCPf2h",1,0],[4,4278190080],[5,82,78]],[4,291,[232]],[17,"lv_img1",false,12,[-465],[0,"8aNH0K/P5Ml6NXgzCoyR3q",1,0],[5,200,152],[0,77.022,0,0,0,0,1,1,1,1]],[4,293,[239]],[1,"zombieImg",12,[-466],[0,"85SlCwBVhHrp+jpm4aUTDt",1,0],[5,241,241],[25,65,0,0,0,0,1,0.5,0.5,1]],[4,295,[240]],[1,"star_black",12,[-467],[0,"e9NQnzn2VLSrsv9QTJGjkC",1,0],[5,36.8,33.28],[-70,25.984,0,0,0,0,1,1,1,1]],[3,0,297,[241]],[1,"star_black",12,[-468],[0,"bdKK01PzxC1aRbPMD1Ct4H",1,0],[5,36.8,33.28],[-33.2,25.984,0,0,0,0,1,1,1,1]],[3,0,299,[242]],[1,"star_black",12,[-469],[0,"47WmxOA5dO4JXvcFNL4Bur",1,0],[5,36.8,33.28],[3.6,25.984,0,0,0,0,1,1,1,1]],[3,0,301,[243]],[20,"关卡1",30,30,false,1,1,102,[244]],[1,"star_win",12,[-470],[0,"e077owZv5PHZ7ecNYVKbni",1,0],[5,36.8,33.28],[-70,25.984,0,0,0,0,1,1,1,1]],[3,0,304,[251]],[1,"star_win",12,[-471],[0,"c9ucp2zPtJ54eHp/Xlrixe",1,0],[5,36.8,33.28],[-33.2,25.984,0,0,0,0,1,1,1,1]],[3,0,306,[252]],[1,"star_win",12,[-472],[0,"55MCxrOl5H5KyMt/9hYgt8",1,0],[5,36.8,33.28],[3.6,25.984,0,0,0,0,1,1,1,1]],[3,0,308,[253]],[21,23,294,303,292,101,100,103,44,[298,300,302],[305,307,309],296],[39,false,false,false,0.1,null,null,51,[[6,"bba8c5B9RRFXqNBbFGtKCA0","scrollEvent",1]],2],[9,"lv_imgJt",24,[[2,-473,[258],259]],[0,"a5bfebbStJQKl7GC/RxxEV",1,0],[5,81,63]],[5,"win_star",45,[[2,-474,[262],263]],[0,"2bcp8cNPZEAKbj0ho6z4UY",1,0],[5,115,104],[-110,-1,0,0,0,0,1,0.79,0.79,1]],[1,"star_count",45,[-475],[0,"bdOMmZBSNOfLatndDif75/",1,0],[5,107.05,47.88],[15,0,0,0,0,0,1,1,1,1]],[38,"0/1234",35,38,1,1,314,[264]]],0,[0,6,1,0,1,1,0,1,1,0,7,2,0,8,311,0,-1,130,0,-2,150,0,-3,170,0,-4,190,0,-5,210,0,-6,230,0,-7,250,0,-8,270,0,-9,290,0,-10,310,0,9,315,0,10,50,0,11,49,0,12,48,0,13,47,0,14,46,0,15,24,0,-1,46,0,-2,47,0,-3,48,0,-4,49,0,-5,50,0,-1,106,0,-2,107,0,-3,108,0,-4,109,0,-5,110,0,1,1,0,-1,52,0,-2,13,0,-3,24,0,-4,45,0,1,2,0,-1,14,0,-2,15,0,-3,16,0,-4,17,0,-5,18,0,-6,19,0,-7,20,0,-8,21,0,-9,22,0,-10,23,0,1,3,0,-1,25,0,-2,113,0,-3,115,0,-4,117,0,-5,119,0,-6,121,0,-7,57,0,-8,58,0,-9,26,0,-10,124,0,-11,126,0,-12,128,0,1,4,0,-1,27,0,-2,133,0,-3,135,0,-4,137,0,-5,139,0,-6,141,0,-7,62,0,-8,63,0,-9,28,0,-10,144,0,-11,146,0,-12,148,0,1,5,0,-1,29,0,-2,153,0,-3,155,0,-4,157,0,-5,159,0,-6,161,0,-7,67,0,-8,68,0,-9,30,0,-10,164,0,-11,166,0,-12,168,0,1,6,0,-1,31,0,-2,173,0,-3,175,0,-4,177,0,-5,179,0,-6,181,0,-7,72,0,-8,73,0,-9,32,0,-10,184,0,-11,186,0,-12,188,0,1,7,0,-1,33,0,-2,193,0,-3,195,0,-4,197,0,-5,199,0,-6,201,0,-7,77,0,-8,78,0,-9,34,0,-10,204,0,-11,206,0,-12,208,0,1,8,0,-1,35,0,-2,213,0,-3,215,0,-4,217,0,-5,219,0,-6,221,0,-7,82,0,-8,83,0,-9,36,0,-10,224,0,-11,226,0,-12,228,0,1,9,0,-1,37,0,-2,233,0,-3,235,0,-4,237,0,-5,239,0,-6,241,0,-7,87,0,-8,88,0,-9,38,0,-10,244,0,-11,246,0,-12,248,0,1,10,0,-1,39,0,-2,253,0,-3,255,0,-4,257,0,-5,259,0,-6,261,0,-7,92,0,-8,93,0,-9,40,0,-10,264,0,-11,266,0,-12,268,0,1,11,0,-1,41,0,-2,273,0,-3,275,0,-4,277,0,-5,279,0,-6,281,0,-7,97,0,-8,98,0,-9,42,0,-10,284,0,-11,286,0,-12,288,0,1,12,0,-1,43,0,-2,293,0,-3,295,0,-4,297,0,-5,299,0,-6,301,0,-7,102,0,-8,103,0,-9,44,0,-10,304,0,-11,306,0,-12,308,0,-1,53,0,-2,46,0,-3,106,0,-4,47,0,-5,107,0,-6,48,0,-7,108,0,-8,49,0,-9,109,0,-10,50,0,-11,110,0,-12,51,0,-1,130,0,5,14,0,1,14,0,-1,150,0,5,15,0,1,15,0,-1,170,0,5,16,0,1,16,0,-1,190,0,5,17,0,1,17,0,-1,210,0,5,18,0,1,18,0,-1,230,0,5,19,0,1,19,0,-1,250,0,5,20,0,1,20,0,-1,270,0,5,21,0,1,21,0,-1,290,0,5,22,0,1,22,0,-1,310,0,5,23,0,1,23,0,1,24,0,1,24,0,1,24,0,-1,312,0,1,25,0,-1,111,0,-2,55,0,-3,56,0,1,26,0,1,26,0,-1,59,0,1,27,0,-1,131,0,-2,60,0,-3,61,0,1,28,0,1,28,0,-1,64,0,1,29,0,-1,151,0,-2,65,0,-3,66,0,1,30,0,1,30,0,-1,69,0,1,31,0,-1,171,0,-2,70,0,-3,71,0,1,32,0,1,32,0,-1,74,0,1,33,0,-1,191,0,-2,75,0,-3,76,0,1,34,0,1,34,0,-1,79,0,1,35,0,-1,211,0,-2,80,0,-3,81,0,1,36,0,1,36,0,-1,84,0,1,37,0,-1,231,0,-2,85,0,-3,86,0,1,38,0,1,38,0,-1,89,0,1,39,0,-1,251,0,-2,90,0,-3,91,0,1,40,0,1,40,0,-1,94,0,1,41,0,-1,271,0,-2,95,0,-3,96,0,1,42,0,1,42,0,-1,99,0,1,43,0,-1,291,0,-2,100,0,-3,101,0,1,44,0,1,44,0,-1,104,0,1,45,0,1,45,0,-1,313,0,-2,314,0,1,46,0,1,47,0,1,48,0,1,49,0,1,50,0,1,51,0,-2,311,0,-1,54,0,1,52,0,-1,105,0,1,53,0,1,53,0,1,54,0,1,55,0,1,56,0,-1,123,0,1,57,0,1,58,0,1,59,0,1,59,0,1,60,0,1,61,0,-1,143,0,1,62,0,1,63,0,1,64,0,1,64,0,1,65,0,1,66,0,-1,163,0,1,67,0,1,68,0,1,69,0,1,69,0,1,70,0,1,71,0,-1,183,0,1,72,0,1,73,0,1,74,0,1,74,0,1,75,0,1,76,0,-1,203,0,1,77,0,1,78,0,1,79,0,1,79,0,1,80,0,1,81,0,-1,223,0,1,82,0,1,83,0,1,84,0,1,84,0,1,85,0,1,86,0,-1,243,0,1,87,0,1,88,0,1,89,0,1,89,0,1,90,0,1,91,0,-1,263,0,1,92,0,1,93,0,1,94,0,1,94,0,1,95,0,1,96,0,-1,283,0,1,97,0,1,98,0,1,99,0,1,99,0,1,100,0,1,101,0,-1,303,0,1,102,0,1,103,0,1,104,0,1,104,0,1,105,0,-1,112,0,-1,114,0,-1,116,0,-1,118,0,-1,120,0,-1,122,0,-1,125,0,-1,127,0,-1,129,0,-1,132,0,-1,134,0,-1,136,0,-1,138,0,-1,140,0,-1,142,0,-1,145,0,-1,147,0,-1,149,0,-1,152,0,-1,154,0,-1,156,0,-1,158,0,-1,160,0,-1,162,0,-1,165,0,-1,167,0,-1,169,0,-1,172,0,-1,174,0,-1,176,0,-1,178,0,-1,180,0,-1,182,0,-1,185,0,-1,187,0,-1,189,0,-1,192,0,-1,194,0,-1,196,0,-1,198,0,-1,200,0,-1,202,0,-1,205,0,-1,207,0,-1,209,0,-1,212,0,-1,214,0,-1,216,0,-1,218,0,-1,220,0,-1,222,0,-1,225,0,-1,227,0,-1,229,0,-1,232,0,-1,234,0,-1,236,0,-1,238,0,-1,240,0,-1,242,0,-1,245,0,-1,247,0,-1,249,0,-1,252,0,-1,254,0,-1,256,0,-1,258,0,-1,260,0,-1,262,0,-1,265,0,-1,267,0,-1,269,0,-1,272,0,-1,274,0,-1,276,0,-1,278,0,-1,280,0,-1,282,0,-1,285,0,-1,287,0,-1,289,0,-1,292,0,-1,294,0,-1,296,0,-1,298,0,-1,300,0,-1,302,0,-1,305,0,-1,307,0,-1,309,0,1,312,0,1,313,0,-1,315,0,16,1,2,4,54,3,4,14,4,4,15,5,4,16,6,4,17,7,4,18,8,4,19,9,4,20,10,4,21,11,4,22,12,4,23,475],[0,0,0,0,0,0,0,0,0,0,0,0,0,0,0,0,0,0,0,0,0,0,0,0,0,0,0,0,0,0,0,0,0,0,0,0,0,0,0,0,0,0,0,0,0,0,0,0,0,0,0,0,0,0,0,0,0,0,0,0,0,0,0,0,0,0,0,0,0,0,0,0,0,0,0,0,0,0,0,0,0,0,0,0,0,0,0,0,0,0,0,0,0,0,0,0,0,0,0,0,0,0,0,0,0,0,0,0,0,0,0,0,0,0,0,0,0,0,0,0,0,0,0,0,0,0,0,0,0,0,0,0,0,0,0,0,0,0,0,0,0,0,0,0,0,0,0,0,0,0,0,0,0,0,0,0,0,0,0,0,0,0,0,0,0,0,0,0,0,0,0,0,0,0,0,0,0,0,0,0,0,0,0,0,0,0,0,0,0,0,0,0,0,0,0,0,0,0,0,0,0,0,0,0,0,0,0,0,0,0,0,0,0,0,0,0,0,0,0,0,0,0,0,0,0,0,0,0,0,0,0,0,0,0,0,0,0,0,0,0,0,0,0,0,0,0,0,0,0,0,0,0,0,0,0,0,0,0,0,0,0,0,0,0,0,0,0,112,114,116,118,120,122,123,125,127,129,132,134,136,138,140,142,143,145,147,149,152,154,156,158,160,162,163,165,167,169,172,174,176,178,180,182,183,185,187,189,192,194,196,198,200,202,203,205,207,209,212,214,216,218,220,222,223,225,227,229,232,234,236,238,240,242,243,245,247,249,252,254,256,258,260,262,263,265,267,269,272,274,276,278,280,282,283,285,287,289,292,294,296,298,300,302,303,305,307,309],[-1,0,-1,0,-1,0,-1,0,-1,0,-1,0,-1,0,-1,0,-1,-1,0,-1,0,-1,0,-1,-1,-1,-1,-1,-1,-1,0,-1,2,-1,0,-1,-1,-1,-1,0,-1,-1,0,-1,0,-1,0,-1,-1,-1,-1,-1,-1,-1,0,-1,2,-1,0,-1,-1,-1,-1,0,-1,-1,0,-1,0,-1,0,-1,-1,-1,-1,-1,-1,-1,0,-1,2,-1,0,-1,-1,-1,-1,0,-1,-1,0,-1,0,-1,0,-1,-1,-1,-1,-1,-1,-1,0,-1,2,-1,0,-1,-1,-1,-1,0,-1,-1,0,-1,0,-1,0,-1,-1,-1,-1,-1,-1,-1,0,-1,2,-1,0,-1,-1,-1,-1,0,-1,-1,0,-1,0,-1,0,-1,-1,-1,-1,-1,-1,-1,0,-1,2,-1,0,-1,-1,-1,-1,0,-1,-1,0,-1,0,-1,0,-1,-1,-1,-1,-1,-1,-1,0,-1,2,-1,0,-1,-1,-1,-1,0,-1,-1,0,-1,0,-1,0,-1,-1,-1,-1,-1,-1,-1,0,-1,2,-1,0,-1,-1,-1,-1,0,-1,-1,0,-1,0,-1,0,-1,-1,-1,-1,-1,-1,-1,0,-1,2,-1,0,-1,-1,-1,-1,0,-1,-1,0,-1,0,-1,0,-1,-1,-1,-1,-1,-1,-1,0,-1,2,-1,0,-1,-1,-1,-1,0,-1,-1,-1,0,-1,0,-1,0,-1,-1,0,0,0,0,0,0,0,2,0,0,0,0,0,0,0,0,0,2,0,0,0,0,0,0,0,0,0,2,0,0,0,0,0,0,0,0,0,2,0,0,0,0,0,0,0,0,0,2,0,0,0,0,0,0,0,0,0,2,0,0,0,0,0,0,0,0,0,2,0,0,0,0,0,0,0,0,0,2,0,0,0,0,0,0,0,0,0,2,0,0,0,0,0,0,0,0,0,2,0,0,0],[0,19,0,20,0,21,0,22,0,23,0,24,0,25,0,26,0,0,4,0,5,0,6,0,0,0,0,0,0,0,7,0,3,0,8,0,0,0,0,9,0,0,4,0,5,0,6,0,0,0,0,0,0,0,7,0,3,0,8,0,0,0,0,9,0,0,4,0,5,0,6,0,0,0,0,0,0,0,7,0,3,0,8,0,0,0,0,9,0,0,4,0,5,0,6,0,0,0,0,0,0,0,7,0,3,0,8,0,0,0,0,9,0,0,4,0,5,0,6,0,0,0,0,0,0,0,7,0,3,0,8,0,0,0,0,9,0,0,4,0,5,0,6,0,0,0,0,0,0,0,7,0,3,0,8,0,0,0,0,9,0,0,4,0,5,0,6,0,0,0,0,0,0,0,7,0,3,0,8,0,0,0,0,9,0,0,4,0,5,0,6,0,0,0,0,0,0,0,7,0,3,0,8,0,0,0,0,9,0,0,4,0,5,0,6,0,0,0,0,0,0,0,7,0,3,0,8,0,0,0,0,9,0,0,4,0,5,0,6,0,0,0,0,0,0,0,7,0,3,0,8,0,0,0,0,9,0,0,0,27,0,28,0,1,0,0,29,10,11,12,2,2,2,3,1,1,1,10,11,12,2,2,2,3,1,1,1,10,11,12,2,2,2,3,1,1,1,10,11,12,2,2,2,3,1,1,1,10,11,12,2,2,2,3,1,1,1,10,11,12,2,2,2,3,1,1,1,10,11,12,2,2,2,3,1,1,1,10,11,12,2,2,2,3,1,1,1,10,11,12,2,2,2,3,1,1,1,10,11,12,2,2,2,3,1,1,1]],[[{"name":"lv_imgHy1","rect":[0,0,148,71],"offset":[0,0],"originalSize":[148,71],"capInsets":[0,0,0,0]}],[0],0,[0],[3],[30]],[[{"name":"lv_imgYc1","rect":[0,0,138,69],"offset":[0,0],"originalSize":[138,69],"capInsets":[0,0,0,0]}],[0],0,[0],[3],[31]],[[{"name":"lv_imgWy1","rect":[0,0,121,94],"offset":[0,0],"originalSize":[121,94],"capInsets":[0,0,0,0]}],[0],0,[0],[3],[32]],[[{"name":"lv_bg2","rect":[0,0,1680,720],"offset":[0,0],"originalSize":[1680,720],"capInsets":[0,0,0,0]}],[0],0,[0],[3],[33]],[[{"name":"star_bg","rect":[0,0,99,68],"offset":[0,0],"originalSize":[99,68],"capInsets":[40,0,40,0]}],[0],0,[0],[3],[34]],[[{"name":"lv_imgKuang","rect":[0,0,245,348],"offset":[0,0],"originalSize":[245,348],"capInsets":[0,0,0,0]}],[0],0,[0],[3],[35]],[[{"name":"lv_handbk","rect":[0,0,140,163],"offset":[0,0],"originalSize":[140,163],"capInsets":[0,0,0,0]}],[0],0,[0],[3],[36]],[[{"name":"lv_imgLock","rect":[0,0,26,34],"offset":[0,0],"originalSize":[26,34],"capInsets":[0,0,0,0]}],[0],0,[0],[3],[37]],[[{"name":"lv_imgSelect","rect":[0,0,1612,332],"offset":[0,0],"originalSize":[1612,332],"capInsets":[0,0,0,0]}],[0],0,[0],[3],[38]],[[{"name":"lv_imgBt1","rect":[0,0,132,102],"offset":[0,0],"originalSize":[132,102],"capInsets":[0,0,0,0]}],[0],0,[0],[3],[39]],[[{"name":"lv_img4","rect":[0,0,200,152],"offset":[0,0],"originalSize":[200,152],"capInsets":[0,0,0,0]}],[0],0,[0],[3],[40]],[[{"name":"lv_imgJt","rect":[0,0,81,63],"offset":[0,0],"originalSize":[81,63],"capInsets":[0,0,0,0]}],[0],0,[0],[3],[41]]]]