[1,["ecpdLyjvZBwrvm+cedCcQy","1978bf0a0","37q9ssi/pPraicXQhdEjQC","caohSHbS5GEIzmwCrnMGn5","2eYLUKo6tPT57j6FrILgK/","daGgnEQ0RCXox4dDyaMr5b","19e3e59c0","fdMUAIC9ZIKLIU8S4t9qKN","139Svkz+VHGYAEzdW1F+aF","f8rF+5RY1IBJ1XHbHwxY9G","7c4lp9GGdGO46i9MD8WKZY","93vpLh/gxPBbDk75enOPTU","1ck1Yi/LlB8JKzBOWUtWiJ","f5gSJkRdNF1ryMpsXVaTpb","f0enFH5oRIHaJNlrQsZN5S","479wdvnKhNyJtU3c5+oJ5f","d79rlIWWNKCrcMkSyYG8rY","25BIiFw2pIX4V2GUUh4UPW","fdnV7B3clMOIgW1fh2yCrz","1dmSRRSopMGY1v6SgwATng","d0S+eewr1IN6hqfXXfNg1m","a2MjXRFdtLlYQ5ouAFv/+R","bdVjnsMjVLKLb/9vMLOvNG","494Qa1B+xAhZkQ/YAmuISP"],["node","_spriteFrame","_textureSetter","_N$file","root","content","rankWidget","scrollView","coinCount","trophyCount","vaseBtn","vaseNode","zombieBtn","zombieNode","getPowerLeftLab","powerAni","powerLab","data","_parent","itemPrefab"],[["cc.Node",["_name","_active","_prefab","_components","_contentSize","_parent","_trs","_children","_color"],1,4,9,5,1,7,2,5],"cc.SpriteFrame",["cc.Label",["_lineHeight","_N$horizontalAlign","_N$verticalAlign","_string","_fontSize","_isSystemFontUsed","_N$cacheMode","_styleFlags","node","_materials","_N$file"],-5,1,3,6],["cc.Node",["_name","_parent","_components","_prefab","_contentSize","_trs","_anchorPoint","_children","_color"],2,1,2,4,5,7,5,2,5],["cc.Widget",["_alignFlags","_left","_right","alignMode","node"],-1,1],["cc.Sprite",["_sizeMode","_type","_isTrimmedMode","node","_materials","_spriteFrame"],0,1,3,6],["cc.Node",["_name","_parent","_components","_prefab","_contentSize","_trs","_children","_color","_anchorPoint"],2,1,12,4,5,7,2,5,5],["cc.PrefabInfo",["fileId","root","asset"],2,1,1],["cc.Button",["_N$transition","node","clickEvents"],2,1,9],["cc.Prefab",["_name"],2],["cc.BlockInputEvents",["node"],3,1],["df561IB41BNuI3UzRT3y9Of",["node","zombieNode","zombieBtn","vaseNode","vaseBtn","trophyCount","coinCount","scrollView","rankWidget","content","itemPrefab"],3,1,1,1,1,1,1,1,1,1,1,6],["ecd83JmX5VOKoHPwQkk0m/P",["node","powerLab","powerAni","getPowerLeftLab"],3,1,1,1,1],["cc.ClickEvent",["_componentId","handler","target"],1,1],["cc.Layout",["_resize","_N$layoutType","_N$paddingLeft","_N$paddingRight","_N$spacingX","node","_layoutSize"],-2,1,5],["cc.LabelOutline",["_width","node","_color"],2,1,5],["cc.ScrollView",["vertical","brake","bounceDuration","_N$horizontalScrollBar","_N$verticalScrollBar","node","_N$content"],-2,1,1]],[[7,0,1,2,2],[5,3,4,5,1],[0,0,5,3,2,4,6,2],[0,0,5,7,3,2,4,6,2],[13,0,1,2,3],[15,0,1,2,2],[0,0,5,3,2,4,2],[0,0,5,2,4,6,2],[4,0,4,2],[4,3,0,1,4,4],[5,1,0,2,3,4,5,4],[5,0,3,4,5,2],[8,0,1,2,2],[2,3,4,0,1,2,8,9,6],[9,0,2],[0,0,7,3,2,4,6,2],[0,0,5,7,2,2],[0,0,5,7,3,2,6,2],[0,0,3,2,4,2],[0,0,5,7,3,2,8,4,6,2],[0,0,1,5,7,3,2,4,6,3],[0,0,5,3,2,8,4,6,2],[6,0,1,6,2,3,4,5,2],[6,0,1,2,3,7,4,8,5,2],[3,0,1,7,2,3,4,5,2],[3,0,1,2,3,8,4,6,5,2],[3,0,1,2,3,4,6,5,2],[3,0,1,2,3,4,5,2],[4,0,1,2,4,4],[4,0,2,4,3],[10,0,1],[11,0,1,2,3,4,5,6,7,8,9,10,1],[7,1,2,1],[12,0,1,2,3,1],[8,1,2,1],[14,0,1,2,3,4,5,6,6],[2,3,4,0,5,1,2,6,8,9,10,8],[2,3,4,0,5,1,2,8,9,10,7],[2,3,0,7,1,2,8,9,6],[2,4,0,1,2,8,9,5],[16,0,1,2,3,4,5,6,6]],[[[{"name":"puzzle_bg","rect":[0,0,1612,330],"offset":[0,0],"originalSize":[1612,330],"capInsets":[0,0,0,0]}],[1],0,[0],[2],[5]],[[{"name":"btn_zombie","rect":[3,3,165,172],"offset":[0.5,-0.5],"originalSize":[168,173],"rotated":1,"capInsets":[0,0,0,0]}],[1],0,[0],[2],[1]],[[{"name":"btn_vase","rect":[806,701,170,172],"offset":[0,-2.5],"originalSize":[170,177],"capInsets":[0,0,0,0]}],[1],0,[0],[2],[6]],[[[14,"PuzzleView"],[15,"PuzzleView",[-14,-15,-16,-17,-18,-19,-20,-21,-22],[[8,45,-2],[30,-3],[31,-13,-12,-11,-10,-9,-8,-7,-6,-5,-4,48]],[32,-1,0],[5,1280,720],[640,360,0,0,0,0,1,1,1,1]],[16,"btn",1,[-23,-24,-25,-26,-27,-28,-29],[0,"7dN1hVmMFCiZbzTWCh3B+f",1,0]],[3,"power_bg",1,[-36,-37,-38,-39],[[10,1,0,false,-30,[46],47],[28,32,53.5,15,-31],[33,-35,-34,-33,-32]],[0,"7cwwGmgFdKUrq6ulqrbkfI",1,0],[5,249,68],[500.5,-194,0,0,0,0,1,1,1,1]],[22,"btn_rank",1,[-43,-44],[[[1,-40,[14],15],[12,3,-41,[[4,"df561IB41BNuI3UzRT3y9Of","clickRankBtn",1]]],-42],4,4,1],[0,"87UNct+u5JE6F9XrxcsCzF",1,0],[5,101,98],[351,-291,0,0,0,0,1,1,1,0]],[3,"btn_back",1,[-48],[[1,-45,[6],7],[9,0,8,40.5,-46],[12,3,-47,[[4,"df561IB41BNuI3UzRT3y9Of","clickBack",1]]]],[0,"6bDlfSLjJL9rm+sPtbuF/E",1,0],[5,101,98],[-549,-298,0,0,0,0,1,1,1,0]],[3,"coin_node",1,[-51,-52],[[10,1,0,false,-49,[22],23],[9,0,8,174,-50]],[0,"04OFoXQBRBiaLFzihzoL2X",1,0],[5,290,60],[-321,-313,0,0,0,0,1,1,1,1]],[17,"trophy_node",1,[-54,-55],[[8,32,-53]],[0,"65Aqd6Il9H9bD+AQ0CoC6A",1,0],[640,0,0,0,0,0,1,1,1,1]],[18,"content",[[35,1,1,40,40,25,-56,[5,4375,400]]],[0,"cdjEGNN85GT4JeSE/w/ypP",1,0],[5,4375,400]],[19,"countdownBg",3,[-58,-59],[[11,0,-57,[39],40]],[0,"97hDe/tf9IgoQErfZdjX/s",1,0],[4,4278190080],[5,80,25],[-63.125,-28.842,0,0,0,0,1,1,1,1]],[20,"powerIcon",false,3,[-61],[[11,0,-60,[44],45]],[0,"02KLTDBpZGxYTz4xyA4U1P",1,0],[5,72.9,73.8],[-5.954,0,0,0,0,0,1,0.85,0.85,0.9]],[3,"rank_icon",4,[-63],[[1,-62,[12],13]],[0,"1fK+JCCyxJ2alxnqwL7gv4",1,0],[5,97,36],[0,-35,0,0,0,0,1,1,1,1]],[2,"New Label",11,[[36,"排行榜",24,28,false,1,1,2,-64,[10],11],[5,2,-65,[4,4278190080]]],[0,"97e35c4chPH6PQJFWdLUSq",1,0],[5,76,32],[-1,0,0,0,0,0,1,1,1,1]],[23,"trophy_count",7,[[-66,[5,2,-67,[4,4278190080]]],1,4],[0,"18WFBnochBfIVRg1v2YGTn",1,0],[4,4278298111],[5,81.85,59.44],[0,1,0.5],[-137,-302,0,0,0,0,1,1,1,1]],[24,"ScrollView",1,[8],[-68],[0,"06Z0WXtnxAjYxip8ImxIAb",1,0],[5,1280,400],[0,180,0,0,0,0,1,1,1,1]],[2,"vase",2,[[1,-69,[28],29]],[0,"ffK3EkFxVErovdnu0+KGgx",1,0],[5,170,172],[202,-180,0,0,0,0,1,1,1,1]],[2,"zombie",2,[[1,-70,[32],33]],[0,"0eoWHYwuZKkJ86m+0c8tBg",1,0],[5,165,172],[-114,-178,0,0,0,0,1,1,1,1]],[2,"power_icon",3,[[1,-71,[34],35],[34,-72,[[4,"df561IB41BNuI3UzRT3y9Of","clickPower",1]]]],[0,"52XTkweKFEXbPcbFMx4nWw",1,0],[5,81,82],[-110,-1,0,0,0,0,1,1,1,1]],[21,"title",10,[[37,"-2",30,32,false,1,1,-73,[42],43],[5,2,-74,[4,4278190080]]],[0,"5eDjjw0WFA+Yf8MmIeEFmg",1,0],[4,4284081919],[5,40.99,44.32],[53.511,0,0,0,0,0,1,1.3,1.3,1]],[6,"lv_bg1",1,[[1,-75,[0],1]],[0,"7dTHDJvMRFwZofzZf8Z735",1,0],[5,1680,720]],[2,"puzzle_bg",1,[[1,-76,[2],3]],[0,"88i4cQ0iNFc4BF9YC6lcKr",1,0],[5,1612,330],[0,-195,0,0,0,0,1,1,1,1]],[6,"lv_imgJt",5,[[1,-77,[4],5]],[0,"ddJsdakslONLyAH0+BvYwa",1,0],[5,81,63]],[2,"rank",4,[[1,-78,[8],9]],[0,"b0kPBHbCRHf4nc+7ZZwbeE",1,0],[5,90,80],[-3.8579999999999997,14.142,0,0,0,0,1,1,1,1]],[29,32,238.5,4],[2,"trophy",7,[[1,-79,[16],17]],[0,"e9wzg3qfVBbJPJZhMVhbqj",1,0],[5,168,137],[-77,-297,0,0,0,0,1,0.54,0.54,0.54]],[38,"0/57",44,1,1,1,13,[18]],[2,"coin_icon",6,[[1,-80,[19],20]],[0,"d9hjD6svpKrLQH47+CZ9xs",1,0],[5,65,73],[-99,5,0,0,0,0,1,1,1,1]],[25,"coin_count",6,[-81],[0,"833EoOBhxGu7vVlkegLQju",1,0],[4,4283689900],[5,153.21,40.32],[0,1,0.5],[123,1,0,0,0,0,1,1,1,1]],[13,"123,123456",29,32,1,1,27,[21]],[40,false,0.75,0.23,null,null,14,8],[2,"no_open_2",2,[[1,-82,[24],25]],[0,"0a0OgTV+lGPbRvWDjAobBf",1,0],[5,97,107],[38,-146,0,0,0,0,1,1,1,1]],[2,"vase_txt",2,[[1,-83,[26],27]],[0,"8aZOT74y1MTLlOYw8IRwSf",1,0],[5,120,101],[198,-178,0,0,0,0,1,1,1,1]],[7,"btn_vase",2,[0,"906L74+PNPHqNYxv8Xts+3",1,0],[5,170,172],[202,-180,0,0,0,0,1,1,1,1]],[2,"zombie_txt",2,[[1,-84,[30],31]],[0,"63YJylcKVHhJrYmOy7tds9",1,0],[5,113,115],[-106,-182,0,0,0,0,1,1,1,1]],[7,"btn_zombie",2,[0,"6deMS2J2FHaIbGZLa4tNtj",1,0],[5,168,173],[-114,-178,0,0,0,0,1,1,1,1]],[2,"power_add",9,[[1,-85,[36],37]],[0,"ad+HO9tGVNqoa++6ejQ6i0",1,0],[5,30,30],[-46.352,1.393,0,0,0,0,1,1,1,1]],[26,"power_left",9,[-86],[0,"dds25i5FdNhoFUyy/tLTTI",1,0],[5,0,25.2],[0,1,0.5],[24.352,1.062,0,0,0,0,1,1,1,1]],[39,20,20,1,1,36,[38]],[27,"power_lab",3,[-87],[0,"8eIpJB6M9MVqh33dKHvVpC",1,0],[5,87.59,47.88],[-4,0,0,0,0,0,1,1,1,1]],[13,"15/20",35,38,1,1,38,[41]]],0,[0,4,1,0,0,1,0,0,1,0,5,8,0,6,23,0,7,29,0,8,28,0,9,25,0,10,32,0,11,15,0,12,34,0,13,16,0,0,1,0,-1,19,0,-2,20,0,-3,5,0,-4,4,0,-5,7,0,-6,6,0,-7,14,0,-8,2,0,-9,3,0,-1,30,0,-2,31,0,-3,15,0,-4,32,0,-5,33,0,-6,16,0,-7,34,0,0,3,0,0,3,0,14,37,0,15,10,0,16,39,0,0,3,0,-1,17,0,-2,9,0,-3,38,0,-4,10,0,0,4,0,0,4,0,-3,23,0,-1,22,0,-2,11,0,0,5,0,0,5,0,0,5,0,-1,21,0,0,6,0,0,6,0,-1,26,0,-2,27,0,0,7,0,-1,24,0,-2,13,0,0,8,0,0,9,0,-1,35,0,-2,36,0,0,10,0,-1,18,0,0,11,0,-1,12,0,0,12,0,0,12,0,-1,25,0,0,13,0,-1,29,0,0,15,0,0,16,0,0,17,0,0,17,0,0,18,0,0,18,0,0,19,0,0,20,0,0,21,0,0,22,0,0,24,0,0,26,0,-1,28,0,0,30,0,0,31,0,0,33,0,0,35,0,-1,37,0,-1,39,0,17,1,8,18,14,87],[0,0,0,0,0,0,0,0,0,0,0,0,0,0,0,0,0,0,0,0,0,0,0,0,0,0,0,0,0,0,0,0,0,0,0,0,0,0,0,0,0,0,0,0,0,0,0,0,0],[-1,1,-1,1,-1,1,-1,1,-1,1,-1,3,-1,1,-1,1,-1,1,-1,-1,1,-1,-1,1,-1,1,-1,1,-1,1,-1,1,-1,1,-1,1,-1,1,-1,-1,1,-1,-1,3,-1,1,-1,1,19],[0,7,0,8,0,9,0,2,0,10,0,3,0,11,0,2,0,12,0,0,13,0,0,14,0,15,0,16,0,17,0,18,0,19,0,4,0,20,0,0,21,0,0,3,0,4,0,22,23]],[[{"name":"vase_txt","rect":[181,113,120,101],"offset":[0,0],"originalSize":[120,101],"capInsets":[0,0,0,0]}],[1],0,[0],[2],[1]],[[{"name":"zombie_txt","rect":[314,3,113,115],"offset":[0,0],"originalSize":[113,115],"rotated":1,"capInsets":[0,0,0,0]}],[1],0,[0],[2],[1]]]]