[1,["0bvcGnwwRJy7Jobu7PNQTY"],0,[["sp.SkeletonData",["_name","_atlasText","textureNames","_skeletonJson","textures"],-1,3]],[[0,0,1,2,3,4,5]],[[0,"munaiyijs","\r\nmunaiyijs.png\r\nsize: 419,1045\r\nformat: RGBA8888\r\nfilter: Linear,Linear\r\nrepeat: none\r\nimages/2tietong1\r\n  rotate: true\r\n  xy: 112, 6\r\n  size: 56, 75\r\n  orig: 59, 75\r\n  offset: 3, 0\r\n  index: -1\r\nimages/3tietong1\r\n  rotate: true\r\n  xy: 112, 6\r\n  size: 56, 75\r\n  orig: 59, 75\r\n  offset: 3, 0\r\n  index: -1\r\nimages/2tietong2\r\n  rotate: true\r\n  xy: 201, 404\r\n  size: 197, 162\r\n  orig: 197, 162\r\n  offset: 0, 0\r\n  index: -1\r\nimages/3tietong2\r\n  rotate: false\r\n  xy: 2, 318\r\n  size: 197, 162\r\n  orig: 197, 162\r\n  offset: 0, 0\r\n  index: -1\r\nimages/luzhang\r\n  rotate: false\r\n  xy: 2, 840\r\n  size: 208, 203\r\n  orig: 208, 203\r\n  offset: 0, 0\r\n  index: -1\r\nimages/luzhang2\r\n  rotate: false\r\n  xy: 2, 646\r\n  size: 206, 192\r\n  orig: 206, 194\r\n  offset: 0, 0\r\n  index: -1\r\nimages/luzhang3\r\n  rotate: true\r\n  xy: 212, 826\r\n  size: 217, 192\r\n  orig: 217, 194\r\n  offset: 0, 0\r\n  index: -1\r\nimages/tietong1\r\n  rotate: false\r\n  xy: 112, 64\r\n  size: 68, 75\r\n  orig: 68, 75\r\n  offset: 0, 0\r\n  index: -1\r\nimages/tietong2\r\n  rotate: false\r\n  xy: 2, 482\r\n  size: 197, 162\r\n  orig: 197, 162\r\n  offset: 0, 0\r\n  index: -1\r\nimages/大腿1\r\n  rotate: false\r\n  xy: 323, 58\r\n  size: 55, 105\r\n  orig: 55, 105\r\n  offset: 0, 0\r\n  index: -1\r\nimages/大腿2\r\n  rotate: false\r\n  xy: 374, 607\r\n  size: 43, 98\r\n  orig: 43, 98\r\n  offset: 0, 0\r\n  index: -1\r\nimages/头\r\n  rotate: true\r\n  xy: 2, 141\r\n  size: 175, 180\r\n  orig: 175, 180\r\n  offset: 0, 0\r\n  index: -1\r\nimages/手1\r\n  rotate: false\r\n  xy: 333, 165\r\n  size: 72, 100\r\n  orig: 72, 100\r\n  offset: 0, 0\r\n  index: -1\r\nimages/手2\r\n  rotate: false\r\n  xy: 189, 2\r\n  size: 66, 70\r\n  orig: 66, 72\r\n  offset: 0, 0\r\n  index: -1\r\nimages/手臂1\r\n  rotate: false\r\n  xy: 374, 522\r\n  size: 41, 83\r\n  orig: 41, 83\r\n  offset: 0, 0\r\n  index: -1\r\nimages/手臂2\r\n  rotate: false\r\n  xy: 380, 84\r\n  size: 33, 79\r\n  orig: 33, 79\r\n  offset: 0, 0\r\n  index: -1\r\nimages/眼睛1\r\n  rotate: false\r\n  xy: 182, 74\r\n  size: 44, 44\r\n  orig: 44, 44\r\n  offset: 0, 0\r\n  index: -1\r\nimages/眼睛2\r\n  rotate: false\r\n  xy: 257, 54\r\n  size: 64, 64\r\n  orig: 64, 64\r\n  offset: 0, 0\r\n  index: -1\r\nimages/绷带\r\n  rotate: true\r\n  xy: 210, 603\r\n  size: 221, 162\r\n  orig: 221, 162\r\n  offset: 0, 0\r\n  index: -1\r\nimages/脚2\r\n  rotate: false\r\n  xy: 2, 20\r\n  size: 108, 119\r\n  orig: 108, 119\r\n  offset: 0, 0\r\n  index: -1\r\nimages/脚_1\r\n  rotate: false\r\n  xy: 184, 120\r\n  size: 137, 112\r\n  orig: 137, 112\r\n  offset: 0, 0\r\n  index: -1\r\nimages/臂膀1\r\n  rotate: false\r\n  xy: 374, 707\r\n  size: 41, 117\r\n  orig: 41, 117\r\n  offset: 0, 0\r\n  index: -1\r\nimages/臂膀2\r\n  rotate: false\r\n  xy: 365, 402\r\n  size: 51, 118\r\n  orig: 54, 118\r\n  offset: 1, 0\r\n  index: -1\r\nimages/身体\r\n  rotate: false\r\n  xy: 201, 234\r\n  size: 130, 168\r\n  orig: 130, 168\r\n  offset: 0, 0\r\n  index: -1\r\nimages/领带\r\n  rotate: false\r\n  xy: 333, 267\r\n  size: 67, 133\r\n  orig: 67, 133\r\n  offset: 0, 0\r\n  index: -1\r\n",["munaiyijs.png"],{"skeleton":{"hash":"43lJBjcMoyonxE/Ozysx+pQ6D8A","spine":"3.8.99","x":-41.38,"y":119.15,"width":65.7,"height":63.93},"bones":[{"name":"root","scaleX":0.1,"scaleY":0.1},{"name":"bone1","parent":"root"},{"name":"bone_ikTarget_left","parent":"bone1","length":50,"rotation":-31,"x":411.98,"y":80.03},{"name":"臂膀1","parent":"bone1","length":50,"rotation":-165.89,"x":213.1,"y":644.11},{"name":"bone_ikTarget_right","parent":"bone1","length":50,"rotation":-145.81,"x":-0.65,"y":49.34},{"name":"bone_ikTarget","parent":"bone_ikTarget_right","rotation":145.81,"x":-156.89,"y":93.9},{"name":"脚_11","parent":"bone_ikTarget_left","length":86,"rotation":-130.12,"x":-6.98,"y":-13.4},{"name":"腰","parent":"臂膀1","length":50,"rotation":75.81,"x":2.59,"y":15.65},{"name":"大腿1","parent":"臂膀1","length":286,"rotation":71.15,"x":-75.86,"y":57.71},{"name":"身体","parent":"臂膀1","length":187,"rotation":-89.56,"x":1.33,"y":-11.66},{"name":"bone_ikTarget1","parent":"bone_ikTarget_left","rotation":31.08,"x":-220.4,"y":-225.29},{"name":"大腿2","parent":"臂膀1","length":250,"rotation":74.23,"x":116.67,"y":25.48},{"name":"身体1","parent":"身体","length":296,"rotation":15.74,"x":188.53,"y":-1.08},{"name":"脚2","parent":"大腿2","length":308,"rotation":-17.2,"x":250.26},{"name":"脚_1","parent":"大腿1","length":268,"rotation":34.93,"x":295.69,"y":1.18},{"name":"脚_12","parent":"脚_11","length":215,"rotation":-7.11,"x":87.16,"y":-0.17},{"name":"脚21","parent":"脚2","length":183,"rotation":88.04,"x":308.41},{"name":"臂膀2","parent":"身体1","length":271,"rotation":146.31,"x":255.37,"y":82.81},{"name":"头","parent":"身体1","length":287,"rotation":15.98,"x":315.57,"y":66.51},{"name":"臂膀11","parent":"身体1","length":291,"rotation":148.02,"x":164.6,"y":-83.26},{"name":"领带1","parent":"身体1","length":130,"rotation":150.33,"x":135.52,"y":48.14},{"name":"眼睛2_","parent":"头","length":20,"rotation":-41.23,"x":100.92,"y":-78.37},{"name":"眼睛1_","parent":"头","length":20,"rotation":-41.67,"x":299.95,"y":147.36},{"name":"领带2","parent":"领带1","length":168,"rotation":-1.21,"x":128.33,"y":0.44},{"name":"bone","parent":"头","length":201,"rotation":78.6,"x":-0.45,"y":99.34},{"name":"手臂1","parent":"臂膀11","length":252,"rotation":-11.88,"x":291.98},{"name":"手臂2","parent":"臂膀2","length":260,"rotation":-9.26,"x":271.88},{"name":"大腿21","parent":"手臂1","length":225,"rotation":19.55,"x":252.6},{"name":"手2","parent":"手臂2","length":197,"rotation":1.47,"x":250.41,"y":-10.56},{"name":"maozi","parent":"头","length":172.75,"rotation":-71.12,"x":242.95,"y":-162.51},{"name":"maozi2","parent":"maozi","x":136.7,"y":-213.88}],"slots":[{"name":"手2","bone":"手2","attachment":"手2"},{"name":"手臂2","bone":"手臂2","attachment":"手臂2"},{"name":"臂膀2","bone":"臂膀2","attachment":"臂膀2"},{"name":"脚2","bone":"脚2","attachment":"脚2"},{"name":"大腿2","bone":"大腿2","attachment":"大腿2"},{"name":"腰","bone":"腰"},{"name":"脚_1","bone":"脚_1","attachment":"脚_1"},{"name":"身体","bone":"身体","attachment":"身体"},{"name":"大腿1","bone":"大腿1","attachment":"大腿1"},{"name":"领带","bone":"领带1","attachment":"领带"},{"name":"头","bone":"头","attachment":"头"},{"name":"眼睛2_","bone":"眼睛2_","attachment":"眼睛2_"},{"name":"眼睛1_","bone":"眼睛1_","attachment":"眼睛1_"},{"name":"绷带","bone":"头","attachment":"绷带"},{"name":"luzhang","bone":"maozi","attachment":"luzhang"},{"name":"luzhang2","bone":"maozi","attachment":"luzhang2"},{"name":"luzhang3","bone":"maozi","attachment":"luzhang2"},{"name":"手1","bone":"大腿21","attachment":"手1"},{"name":"手臂1","bone":"手臂1","attachment":"手臂1"},{"name":"臂膀1","bone":"臂膀11","attachment":"臂膀1"},{"name":"tietong2","bone":"maozi","attachment":"tietong2"},{"name":"tietong4","bone":"maozi","attachment":"tietong3"},{"name":"tietong5","bone":"maozi","attachment":"tietong3"},{"name":"tietong1","bone":"maozi2","attachment":"tietong1"},{"name":"tietong3","bone":"maozi2","attachment":"tietong2"},{"name":"tietong6","bone":"maozi2","attachment":"tietong2"}],"ik":[{"name":"bone_ik","order":1,"target":"bone_ikTarget_right","bendPositive":false,"bones":["大腿2","脚2"]},{"name":"bone_ik1","target":"bone_ikTarget_left","bones":["大腿1","脚_1"]},{"name":"bone_ik2","order":3,"target":"bone_ikTarget","bones":["脚21"]},{"name":"bone_ik3","order":2,"target":"bone_ikTarget1","bones":["脚_12"]}],"skins":[{"name":"luzhang/luzhang1","attachments":{"luzhang":{"luzhang":{"path":"images/luzhang","x":240.13,"y":68.02,"rotation":-65.15,"width":693,"height":676}}}},{"name":"luzhang/luzhang2","attachments":{"luzhang2":{"luzhang2":{"path":"images/luzhang2","x":229.21,"y":59.68,"rotation":-65.15,"width":688,"height":646}}}},{"name":"luzhang/luzhang3","attachments":{"luzhang3":{"luzhang2":{"path":"images/luzhang3","x":238.06,"y":44.11,"rotation":-65.15,"width":723,"height":646}}}},{"name":"munaiyijs","attachments":{"大腿1":{"大腿1":{"path":"images/大腿1","x":159.7,"y":12.42,"rotation":94.75,"width":183,"height":349}},"大腿2":{"大腿2":{"path":"images/大腿2","x":135.46,"y":4.48,"rotation":91.66,"width":144,"height":327}},"头":{"头":{"type":"mesh","path":"images/头","hull":19,"uvs":[0.01755,0.63264,0.2363,1,0.55051,1,0.71935,0.91561,0.79743,0.77003,0.92945,0.64967,1,0.51436,1,0.30952,0.87312,0.06469,0.68682,0.00008,0.36207,0.00008,0.11729,0.12371,0,0.299,0,0.38556,0.07397,0.48272,0.06453,0.71154,0.14521,0.67499,0.33733,0.65504,0.54375,0.66898,0.69503,0.70687,0.13242,0.82555,0.22902,0.79853,0.32714,0.79452,0.4661,0.78058,0.58673,0.76864,0.69914,0.77666,0.10325,0.77656,0.2208,0.77265,0.33527,0.77265,0.46199,0.75729,0.52466,0.7633,0.57397,0.74728,0.3744,0.45045,0.72072,0.45687,0.17329,0.89418,0.31267,0.8992,0.51447,0.8901,0.66447,0.84485],"triangles":[25,37,3,37,2,3,36,2,37,24,36,37,36,35,2,35,1,2,23,35,36,21,35,22,34,1,35,21,34,35,20,34,21,22,35,23,27,20,21,28,22,23,36,23,24,27,21,22,8,33,7,7,33,6,33,5,6,9,33,8,19,4,5,33,19,5,10,32,9,9,32,33,19,25,4,25,3,4,18,19,33,32,18,33,19,24,25,31,24,19,18,31,19,32,17,18,31,30,24,18,30,31,10,11,32,29,30,18,17,29,18,29,23,30,17,28,29,29,28,23,14,16,17,11,12,32,12,14,32,14,17,32,27,28,17,16,27,17,27,22,28,12,13,14,16,26,27,26,20,27,14,0,16,15,26,16,0,15,16,24,37,25,30,23,24],"vertices":[1,18,295.29,240.04,1,1,24,217.38,-8.52,1,1,24,66.83,96.39,1,2,18,-118.04,79.21,0.3367,24,-42.97,111.29,0.6633,2,18,-90.71,-15.32,0.73397,24,-130.24,65.82,0.26603,1,18,-96.58,-120.72,1,1,18,-70.37,-207.8,1,1,18,14.45,-296.46,1,1,18,169.4,-351.18,1,1,18,274.78,-303.94,1,1,18,411.82,-172.84,1,1,18,463.93,-20.52,1,1,18,440.85,102.71,1,1,18,405.01,140.18,1,1,18,333.56,152.37,1,1,18,242.8,255.22,1,1,18,223.89,206.84,1,1,18,151.07,120.64,1,1,18,58.19,43.35,1,2,18,-21.35,-1.32,0.97318,24,-102.8,0.59,0.02682,1,24,207.41,-128.94,1,1,24,151.87,-109.96,1,1,24,103.49,-79.17,1,2,18,44.75,123,0.06819,24,32.13,-39.62,0.93181,1,18,-1.22,69.14,1,2,18,-51.98,27.22,0.69389,24,-80.87,36.26,0.30611,1,18,199.53,267.74,1,1,18,151.54,218.59,1,1,18,103.24,172.38,1,1,18,56.12,114.58,1,1,18,27.19,91.88,1,1,18,13.01,65.04,1,1,18,220.14,17.12,1,1,18,71.33,-119.9,1,1,24,211.33,-81.56,1,1,24,146.27,-32.56,1,2,18,-21.01,150.88,0.0252,24,46.46,30.35,0.9748,2,18,-65.58,70.74,0.25435,24,-40.91,58.2,0.74565]}},"手1":{"手1":{"path":"images/手1","x":104.2,"y":25.43,"rotation":84.02,"width":239,"height":332}},"手2":{"手2":{"path":"images/手2","x":100.96,"y":5.6,"rotation":101.19,"width":219,"height":240}},"手臂1":{"手臂1":{"path":"images/手臂1","x":127.1,"y":-6.47,"rotation":103.57,"width":137,"height":278}},"手臂2":{"手臂2":{"path":"images/手臂2","x":135.12,"y":-13.92,"rotation":102.66,"width":111,"height":263}},"眼睛1_":{"眼睛1_":{"path":"images/眼睛1","x":6.99,"y":-1.27,"rotation":-94.6,"width":147,"height":147}},"眼睛2_":{"眼睛2_":{"path":"images/眼睛2","x":4.96,"y":-0.84,"rotation":-95.04,"width":213,"height":213}},"绷带":{"绷带":{"path":"images/绷带","x":212.67,"y":-114.36,"rotation":-136.27,"width":737,"height":539}},"脚2":{"脚2":{"type":"mesh","path":"images/脚2","hull":44,"uvs":[0.45707,0,0.5964,0.01304,0.65249,0.17772,0.51801,0.60506,0.55402,0.61519,0.65096,0.6076,0.75347,0.62025,0.94155,0.71721,0.98061,0.79493,0.99169,0.79746,1,0.80253,1,0.87342,1,0.89114,1,0.89874,1,0.94177,1,0.9443,1,0.98,0.65928,1,0.57894,1,0.57064,1,0.29571,0.97368,0.14959,0.97215,0.03878,0.97494,0.01939,0.82784,0,0.84304,0,0.78228,0,0.74177,0.06094,0.68101,0.01869,0.64494,0.07286,0.57468,0.10803,0.56202,0.37396,0.02279,0.17191,0.29232,0.11352,0.46939,0.27815,0.10984,0.55349,0.38774,0.59068,0.26566,0.53036,0.53059,0.64848,0.09282,0.53931,0,0.01722,0.90175,0.8655,1,0.85845,0.64469,0.18341,0.77092,0.34707,0.74228,0.60064,0.78232,0.41098,0.98684],"triangles":[27,43,44,27,44,3,3,44,4,45,44,4,25,24,23,40,22,21,27,23,43,23,21,43,23,40,21,43,21,20,43,20,44,44,20,46,44,46,45,46,19,45,4,45,5,19,18,45,5,45,6,45,18,17,45,17,41,6,45,42,42,45,7,45,41,8,7,45,8,41,16,14,8,41,12,41,14,12,14,16,15,12,14,13,10,9,11,9,8,11,8,12,11,30,3,27,28,27,29,26,25,27,25,23,27,29,27,30,33,30,37,30,3,37,32,37,35,32,33,37,34,32,36,32,35,36,31,34,36,1,39,38,39,0,38,0,36,2,38,0,2,0,31,36],"vertices":[1,13,-39.33,-33.72,1,1,13,-40.05,20.98,1,1,13,-3.26,49.4,1,2,13,184.46,65.97,0.64899,16,108.02,89.71,0.35102,2,13,184.04,79.57,0.53262,16,120.76,84.94,0.46738,2,13,169.89,111.72,0.37129,16,155.88,85.86,0.62871,2,13,162.66,148.35,0.22197,16,192.52,78.67,0.77803,1,16,249.63,45.21,1,1,16,270.27,4.91,1,1,16,274.2,3.68,1,1,16,282.07,1.21,1,1,16,284.4,-26.98,1,1,16,282.98,-33.91,1,1,16,283.8,-36.96,1,1,16,278.8,-53.7,1,1,16,279.74,-54.75,1,1,16,275.03,-66.5,1,2,13,319.38,165.96,0.16164,16,149.42,-73.04,0.83836,2,13,325.92,137.54,0.19526,16,120.65,-68.32,0.80474,2,13,327.83,135.03,0.20425,16,117.6,-69.14,0.79575,2,13,346.31,31.44,0.47339,16,14.73,-46.99,0.52661,2,13,364.67,-13.01,0.49656,16,-33.36,-47.13,0.50345,2,13,375.71,-51.51,0.49808,16,-73.17,-42.76,0.50192,2,13,325.92,-75.92,0.4994,16,-76.89,12.56,0.5006,2,13,337.09,-90.06,0.49934,16,-94.22,7.58,0.50066,2,13,313.09,-94.04,0.49989,16,-88.8,31.3,0.50011,2,13,298.6,-101.1,0.50234,16,-89.84,47.39,0.49766,2,13,266.19,-80.47,0.5605,16,-58.47,69.57,0.4395,2,13,252.06,-94.81,0.57505,16,-66.38,88.07,0.42495,2,13,223.21,-84.58,0.66828,16,-45.99,110.9,0.33172,2,13,216.21,-79.58,0.7008,16,-38.7,115.47,0.2992,1,13,-16.38,-57.59,1,1,13,114.68,-69.98,1,2,13,178.55,-76.01,0.79668,16,-21.13,148.98,0.20332,1,13,47.9,-63.66,1,2,13,96.4,58.2,0.89953,16,134.2,174.14,0.10047,1,13,48.53,53.98,1,2,13,151.66,63.08,0.78674,16,117.77,121.15,0.21326,1,13,-22,34.92,1,1,13,-39.71,-4.7,1,2,13,352.34,-62.96,0.49847,16,-74.91,-16.8,0.50153,1,16,223.02,-69.21,1,2,13,166.44,181.39,0.14142,16,221.67,62.64,0.85858,1,16,-17.95,32.78,1,1,16,41.71,40.54,1,1,16,133.64,18.04,1,1,16,57.86,-56.28,1]}},"脚_1":{"脚_1":{"type":"mesh","path":"images/脚_1","hull":27,"uvs":[0,0.82769,0.06718,0.79126,0.17899,0.61761,0.18348,0.57272,0.36597,0.53629,0.50744,0.55874,0.56882,0.56156,0.5872,0.50269,0.53709,0.40457,0.63742,0.39341,0.49147,0.11599,0.49147,0.02917,0.5302,0,0.61444,0,0.69672,0.0543,0.80164,0.38199,0.84726,0.43266,0.99989,0.40175,0.97024,0.74086,0.99989,0.81089,0.99551,0.89772,0.68304,0.90054,0.53479,0.96223,0.39562,1,0.10372,1,0,0.94261,0.77429,0.63723,0.80842,0.55027,0.98304,0.59443,0.62823,0.69879,0.48917,0.73804,0.28392,0.78011],"triangles":[11,10,12,8,7,9,12,10,13,13,10,14,10,9,14,15,9,27,9,7,27,7,26,27,15,27,16,14,9,15,27,26,28,16,27,28,16,28,17,18,20,19,6,5,29,7,6,26,6,29,26,29,21,26,26,18,28,26,21,18,18,21,20,30,5,29,1,25,24,0,25,1,1,24,31,2,1,31,3,2,4,31,24,23,2,31,4,4,31,30,4,30,5,31,23,30,30,23,22,30,22,29,29,22,21],"vertices":[1,15,283.82,-26.62,1,1,15,251,-33.59,1,1,15,187.74,-86.34,1,1,15,182.31,-102.26,1,3,15,97.9,-98.44,0.53661,6,172.13,-109.96,0.2665,14,126.97,-162.51,0.19688,3,15,36.34,-77.01,0.43652,6,113.69,-81.08,0.35265,14,166.68,-110.82,0.21082,3,15,9.1,-70.23,0.38041,6,87.5,-70.98,0.37221,14,181.69,-87.09,0.24738,3,15,-3.61,-89.94,0.26778,6,72.45,-88.97,0.2741,14,166.98,-68.83,0.45812,3,15,11.32,-130.37,0.18406,6,82.26,-130.93,0.18248,14,123.91,-70.27,0.63346,3,15,-34.41,-125.03,0.04386,6,37.54,-119.97,0.05124,14,143.38,-28.55,0.9049,1,14,20.63,-34.34,1,1,14,-7.29,-18.1,1,1,14,-7.77,2.65,1,1,14,11.58,35.94,1,1,14,47.94,58.29,1,3,15,-108.74,-113.8,0.05008,6,-34.82,-99.64,0.11137,14,177.43,38.46,0.83854,3,15,-125.28,-91.08,0.06729,6,-48.43,-75.04,0.20239,14,204.2,47.02,0.73032,2,6,-118.13,-63.29,0.41594,14,229.32,113.09,0.58406,3,15,-156.78,32.66,0.10588,6,-64.37,51.64,0.39873,14,331.56,37.97,0.49539,3,15,-164.71,60.93,0.14621,6,-68.74,80.68,0.40141,14,360.89,36.6,0.45238,3,15,-156.13,92.13,0.18626,6,-56.36,110.58,0.39737,14,387.81,18.63,0.41638,3,15,-16.15,63.89,0.4269,6,79.05,65.23,0.43571,14,316.94,-105.35,0.13739,3,15,54.86,72.47,0.55861,6,150.57,64.95,0.34969,14,302.73,-175.45,0.0917,2,15,120,73.18,0.78907,6,215.3,57.6,0.21093,1,15,250.57,45.84,1,1,15,292.58,15.23,1,3,15,-77.04,-23.44,0.01971,6,7.82,-13.89,0.66284,14,253.22,-20.07,0.31745,3,15,-98.94,-51.9,0.0071,6,-17.44,-39.42,0.04768,14,233.1,9.68,0.94522,3,15,-173.68,-19.46,0.09342,6,-87.59,2.01,0.37171,14,287.41,70.41,0.53487,3,15,-7.01,-14.7,0.41511,6,78.38,-13.88,0.57107,14,239.47,-89.28,0.01382,3,15,58.18,-13.44,0.94643,6,143.24,-20.7,0.04613,14,220.15,-151.56,0.00744,2,15,153.19,-17.35,0.98769,6,237.03,-36.34,0.01231]}},"臂膀1":{"臂膀1":{"type":"mesh","path":"images/臂膀1","hull":16,"uvs":[0,0.26368,0.2626,0,0.77703,0,1,0.13056,0,0.74374,0.48296,0.69297,1,0.76266,1,0.87059,0.64852,1,0.17704,1,0,0.96151,0.46741,0.85882,0.42,1,0,0.86471,0.50075,0.52098,0.50777,0.2555,0.56852,0,1,0.2578,0,0.52801,1,0.52442],"triangles":[4,13,11,13,10,11,10,9,11,9,12,11,11,12,8,11,8,7,6,11,7,18,4,5,18,5,14,4,11,5,0,18,14,15,0,14,1,0,15,1,15,16,15,14,17,14,19,17,3,15,17,14,5,19,5,6,19,16,15,3,2,16,3,5,11,6],"vertices":[1,19,89.86,-79.59,1,1,19,-21.42,-40.9,1,1,19,-23.47,28.52,1,1,19,33.48,66.82,1,2,19,277.48,-74.06,0.85,25,1.06,-75.46,0.15,2,19,255.53,-2.97,0.88,25,-35.06,-10.41,0.12,2,19,280.52,74.09,0.84,25,-26.46,70.15,0.16,1,25,14.56,80.05,1,1,25,83.21,41.11,1,1,25,98.14,-20.76,1,1,25,83.83,-55.48,1,2,19,320.41,-3.16,0.00861,25,28.48,2.76,0.99139,1,25,90.44,11.13,1,2,19,324.76,-72.67,0.15,25,47.04,-64.36,0.85,2,19,188.24,-2.56,0.99939,25,-100.99,-23.85,0.00061,1,19,84.45,-4.66,1,1,19,-22.64,0.38,1,1,19,83.2,68.28,1,1,19,193.17,-76.54,1,1,19,187.41,71.35,1]}},"臂膀2":{"臂膀2":{"type":"mesh","path":"images/臂膀2","hull":19,"uvs":[0.03352,0.92449,0.26089,1,0.53352,1,0.79441,0.93265,0.92793,0.83099,0.89525,0.76888,0.9338,0.58878,0.96648,0.38724,0.96648,0.17449,0.92179,0.07461,0.77374,0,0.56927,0,0.33799,0.06109,0.21927,0.19082,0.14218,0.35613,0.11872,0.57666,0.10978,0.67398,0.03352,0.73521,0.65223,0.06901,0.60475,0.2287,0.56927,0.375,0.52765,0.58878,0.49218,0.77156,0.03352,0.83789,0.44748,0.88252],"triangles":[16,17,22,15,16,21,13,20,19,14,15,20,13,14,20,16,22,21,11,12,18,12,19,18,12,13,19,15,21,20,11,18,10,5,22,4,10,18,9,21,22,5,19,7,8,18,19,8,9,18,8,19,20,7,20,6,7,20,21,6,21,5,6,23,0,24,0,1,24,17,23,22,23,24,22,24,1,2,24,2,3,22,24,3,22,3,4],"vertices":[1,26,80.24,-57.51,1,2,26,106.05,-10,0.99141,17,374.94,-26.93,0.00859,1,26,95.35,37.62,1,1,26,53.5,76.08,1,2,26,9.38,90.66,0.50395,17,295.73,87.97,0.49605,2,26,-13.09,79.62,0.15,17,271.77,80.69,0.85,1,17,200.88,83.38,1,1,17,121.67,84.53,1,1,17,38.42,79.57,1,1,17,-0.18,69.26,1,1,17,-33.75,40.72,1,1,17,-31.57,4.18,1,1,17,0.73,-35.37,1,1,17,52.75,-53.56,1,1,17,118.26,-63.49,1,1,17,204.81,-62.54,1,2,26,-18.57,-65.72,0.12,17,242.98,-61.88,0.88,2,26,7.84,-73.78,0.5,17,267.75,-74.08,0.5,1,17,0.49,20.97,1,1,17,63.48,16.2,1,1,17,121.11,13.27,1,1,17,205.2,10.81,1,2,26,3.75,9.45,0.17,17,277.1,8.73,0.83,1,26,47.11,-64.95,1,1,26,47.94,11.18,1]}},"身体":{"身体":{"type":"mesh","path":"images/身体","hull":22,"uvs":[0.27425,0.93631,0.18995,0.86413,0.16132,0.69884,0.11293,0.56762,0,0.4364,0,0.22397,0.06051,0.08023,0.22587,0,0.45577,0,0.64134,0.04902,0.80266,0.25206,0.90751,0.56449,0.9597,0.69571,0.99988,0.7873,0.94423,0.96869,0.83891,1,0.33072,0.18023,0.44365,0.38014,0.54861,0.63014,0.859,0.41996,0.62413,0.80206,0.65751,0.90501,0.4549,1,0.65785,1,0.18194,0.77279,0.591,0.71958,0.93156,0.64258,1,0.89989],"triangles":[6,5,16,7,6,16,5,4,16,4,3,17,16,4,17,7,16,8,16,17,9,8,16,9,9,17,10,10,17,19,24,1,25,25,1,20,3,2,18,17,3,18,2,24,18,18,24,25,17,18,19,18,25,11,19,18,11,11,25,26,25,20,26,0,1,20,20,0,21,22,0,21,21,22,23,21,23,15,26,20,12,12,20,13,13,21,27,21,15,27,15,14,27,20,21,13],"vertices":[1,7,80.2,-143.11,1,2,7,24.35,-183.33,0.50471,9,-4.57,185.01,0.49529,2,7,-52.49,-192.18,0.43321,9,72.02,174.17,0.56678,2,9,148.28,176.02,0.515,12,9.29,181.39,0.485,1,12,97.29,186.62,1,1,12,199.83,126.73,1,1,12,256,63.58,1,1,12,258.66,-20.89,1,1,12,208.45,-106.86,1,1,12,144.22,-162.39,1,2,9,243.99,-157.36,0.49428,12,10.99,-165.46,0.50572,2,7,-128.01,130.82,0.42523,9,63.54,-157.43,0.57477,2,7,-54.68,148.42,0.49435,9,-11.86,-155.94,0.50565,1,7,9.94,171,1,1,7,88.49,171.1,1,1,7,115.48,101.44,1,2,9,334.19,30.34,0.00378,12,148.72,-9.26,0.99621,2,9,213.74,11.09,0.02755,12,27.56,4.88,0.97245,3,7,-91.11,-24.53,0.00054,9,67.05,2.21,0.99913,12,-116.03,36.12,0.00033,2,9,147.01,-157.4,0.51359,12,-82.37,-139.19,0.48641,2,7,-5.6,6.98,0.88278,9,-23.64,-6.69,0.11722,1,7,62.48,22.82,1,1,7,97.2,-25.27,1,1,7,106.86,41.7,1,2,7,-24.55,-188.97,0.4663,9,44.18,178.12,0.5337,3,7,-41.13,-6.12,0.00517,9,14.05,-2.99,0.99453,12,-168.46,45.49,0.00029,2,7,-84.37,141.29,0.47503,9,18.67,-156.54,0.52497,1,7,54.14,171.06,1]}},"领带":{"领带":{"type":"mesh","path":"images/领带","hull":20,"uvs":[0.17613,0.82602,0.35811,0.32885,0.14955,0.28767,0,0.16957,0,0.0914,0.24527,0.02353,0.51351,0,0.83131,0.00204,1,0.03247,0.97072,0.15057,0.83311,0.26176,0.67793,0.30554,0.76419,0.44016,0.85113,0.56946,0.95766,0.72014,1,0.81606,0.55338,1,0.20565,0.74535,0.25634,0.60689,0.31535,0.44566,0.29797,0.17172,0.70856,0.13156,0.51329,0.2319,0.48446,0.07364],"triangles":[3,2,20,4,3,20,5,4,20,20,2,1,5,20,23,5,23,6,20,1,22,23,20,22,22,1,11,23,22,21,6,23,21,6,21,7,22,11,10,21,22,10,21,10,9,7,9,8,7,21,9,1,19,12,11,1,12,19,18,13,12,19,13,17,0,16,18,17,14,13,18,14,17,16,14,14,16,15],"vertices":[2,23,93.44,-82.86,0.68913,20,220,-84.37,0.31087,2,20,0.7,-41.62,0.51,12,155.52,84.65,0.49,1,12,194.59,115.45,1,1,12,256.41,117.79,1,1,12,286.24,100.37,1,1,12,284.69,38.22,1,1,12,263.63,-18.45,1,1,12,227.27,-78.91,1,1,12,196.77,-104.47,1,1,12,154.97,-72.53,1,1,12,127.94,-21.36,1,2,20,-8.84,29.48,0.51,12,128.61,18.15,0.49,2,23,-78.45,45.91,0.21801,20,50.86,48,0.78199,2,23,-21.51,65.81,0.48125,20,108.21,66.68,0.51875,2,23,44.84,90.15,0.55321,20,175.06,89.62,0.44679,2,23,87.14,99.99,0.63485,20,217.56,98.56,0.36515,2,23,169.47,1.69,0.99982,20,297.79,-1.45,0.00018,2,23,57.72,-76.67,0.60376,20,184.41,-77.43,0.39624,2,23,-3.6,-66.05,0.49524,20,123.34,-65.53,0.50476,2,23,-74.99,-53.7,0.23885,20,52.22,-51.66,0.76116,1,12,222.23,61.15,1,1,12,191.58,-26.51,1,1,12,175.15,33.29,1,1,12,238.78,3.54,1]}}}},{"name":"tietong/tietong1","attachments":{"tietong1":{"tietong1":{"path":"images/tietong1","x":-71.59,"y":-36.47,"rotation":-65.15,"width":228,"height":249}},"tietong2":{"tietong2":{"path":"images/tietong2","x":193.22,"y":54.41,"rotation":-65.15,"width":657,"height":541}}}},{"name":"tietong/tietong2","attachments":{"tietong3":{"tietong2":{"path":"images/2tietong1","x":-74.21,"y":-30.81,"rotation":-65.15,"width":196,"height":249}},"tietong4":{"tietong3":{"path":"images/2tietong2","x":193.22,"y":54.41,"rotation":-65.15,"width":657,"height":541}}}},{"name":"tietong/tietong3","attachments":{"tietong5":{"tietong3":{"path":"images/3tietong2","x":193.22,"y":54.41,"rotation":-65.15,"width":657,"height":541}},"tietong6":{"tietong2":{"path":"images/3tietong1","x":-74.54,"y":-30.1,"rotation":-65.15,"width":196,"height":249}}}}],"animations":{"death":{"slots":{"luzhang":{"color":[{"color":"ffffff00"}]},"luzhang2":{"color":[{"color":"ffffff00"}]},"luzhang3":{"color":[{"color":"ffffff00"}]},"tietong1":{"color":[{"color":"ffffff00"}]},"tietong2":{"color":[{"color":"ffffff00"}]},"tietong3":{"color":[{"color":"ffffff00"}]},"tietong4":{"color":[{"color":"ffffff00"}]},"tietong5":{"color":[{"color":"ffffff00"}]},"tietong6":{"color":[{"color":"ffffff00"}]}},"bones":{"手2":{"rotate":[{},{"time":0.2083,"angle":-5.13},{"time":0.375,"angle":-29.27},{"time":0.625,"angle":-0.44}]},"手臂2":{"rotate":[{},{"time":0.2083,"angle":-5.89},{"time":0.375,"angle":-65.04},{"time":0.4583,"angle":-16.7},{"time":0.625,"angle":-72.4}]},"臂膀2":{"rotate":[{},{"time":0.2083,"angle":-5.13},{"time":0.375,"angle":16.77},{"time":0.4583,"angle":1.94},{"time":0.625,"angle":5.08}]},"脚2":{"rotate":[{},{"time":0.2083,"angle":-12.7},{"time":0.375,"angle":-87.09},{"time":0.625,"angle":147.07}]},"大腿2":{"rotate":[{},{"time":0.2083,"angle":36.63},{"time":0.375,"angle":28.07},{"time":0.625,"angle":130.42}],"translate":[{"time":0.2083,"curve":0,"c2":0.19,"c3":0.662,"c4":0.85},{"time":0.375,"x":17.82,"y":2.45,"curve":0,"c2":0.19,"c3":0.662,"c4":0.85},{"time":0.625,"x":60.03,"y":1.75}],"scale":[{"time":0.2083,"curve":0,"c2":0.19,"c3":0.662,"c4":0.85},{"time":0.375,"x":0.917,"y":0.917}]},"脚_1":{"rotate":[{},{"time":0.2083,"angle":44.38},{"time":0.375,"angle":98.9},{"time":0.625,"angle":122.49}]},"身体":{"rotate":[{},{"time":0.2083,"angle":-1.14},{"time":0.375,"angle":0.49},{"time":0.625,"angle":21.83}]},"大腿1":{"rotate":[{},{"time":0.2083,"angle":10.03},{"time":0.375,"angle":16.53},{"time":0.625,"angle":-33.28}]},"头":{"rotate":[{},{"time":0.2083,"angle":18.25},{"time":0.375,"angle":-39.19},{"time":0.625,"angle":-3.38},{"time":0.7917,"angle":54.97},{"time":0.9583,"angle":45.29},{"time":1.0417,"angle":54.64},{"time":1.125,"angle":45.29},{"time":1.25,"angle":47.41}],"translate":[{"time":0.7917},{"time":0.9583,"x":-9.64,"y":22.21},{"time":1.0417,"x":-70.46,"y":162.33},{"time":1.125,"x":-121.27,"y":150.17},{"time":1.25,"x":-108.8,"y":151.27}]},"大腿21":{"rotate":[{},{"time":0.2083,"angle":-18.65,"curve":"stepped"},{"time":0.375,"angle":-18.65},{"time":0.625,"angle":-59.18}]},"手臂1":{"rotate":[{},{"time":0.2083,"angle":-14.02},{"time":0.375,"angle":-78.46},{"time":0.625,"angle":-42.01}]},"臂膀11":{"rotate":[{},{"time":0.2083,"angle":-21.57},{"time":0.375,"angle":47.44},{"time":0.625,"angle":-3.34}]},"bone_ikTarget_left":{"rotate":[{"time":0.2083},{"time":0.2917,"angle":51.86},{"time":0.375,"angle":142.42}],"translate":[{},{"time":0.2083,"x":236.38},{"time":0.2917,"x":239.01,"y":115.44},{"time":0.375,"x":-120.29}]},"臂膀1":{"rotate":[{},{"time":0.2083,"angle":-33.53},{"time":0.375,"angle":-21.95},{"time":0.625,"angle":-15.78}],"translate":[{},{"time":0.2083,"x":65.62,"y":-100.65},{"time":0.375,"x":-50.41,"y":-346.48},{"time":0.4583,"x":-88.29,"y":-291.68},{"time":0.625,"x":18.09,"y":-379.84}]},"bone_ikTarget_right":{"translate":[{"time":0.2083},{"time":0.375,"x":260.98}]},"脚_11":{"rotate":[{"time":0.2083},{"time":0.2917,"angle":59.28},{"time":0.375,"angle":72.24}]},"身体1":{"rotate":[{},{"time":0.2083,"angle":-5.94},{"time":0.375,"angle":8.87},{"time":0.625,"angle":30.2}]},"脚_12":{"rotate":[{"angle":0.11},{"time":0.2083,"angle":-49.81},{"time":0.375,"angle":-109.38},{"time":0.625,"angle":-3.48}]},"脚21":{"rotate":[{},{"time":0.2083,"angle":23.43},{"time":0.375,"angle":74.67},{"time":0.625,"angle":-108.65}]},"bone":{"rotate":[{},{"time":0.2083,"angle":24.21}]},"领带1":{"rotate":[{"curve":0,"c2":0.25,"c3":0.363,"c4":0.59},{"time":0.2083,"angle":-15.47,"curve":0.254,"c2":0.3,"c3":0.595,"c4":0.64},{"time":0.375,"angle":22.73,"curve":0.31,"c2":0.32,"c3":0.645,"c4":0.66},{"time":0.4583,"curve":0.304,"c2":0.33,"c3":0.642,"c4":0.66},{"time":0.625,"angle":-37.75,"curve":0.332,"c2":0.43,"c3":0.731,"c4":0.85},{"time":0.9167,"angle":-20.54,"curve":0.332,"c2":0.43,"c3":0.731,"c4":0.85},{"time":1.25,"angle":-31.66}]},"领带2":{"rotate":[{"curve":0,"c2":0.25,"c3":0.363,"c4":0.59},{"time":0.2083,"angle":-8.46,"curve":0.254,"c2":0.3,"c3":0.595,"c4":0.64},{"time":0.375,"angle":13.77,"curve":0.31,"c2":0.32,"c3":0.645,"c4":0.66},{"time":0.4583,"curve":0.304,"c2":0.33,"c3":0.642,"c4":0.66},{"time":0.625,"angle":7.17,"curve":0.332,"c2":0.43,"c3":0.731,"c4":0.85},{"time":0.9167,"angle":-8.6,"curve":0.332,"c2":0.43,"c3":0.731,"c4":0.85},{"time":1.25}]}}},"kenyao":{"bones":{"臂膀1":{"rotate":[{},{"time":0.4167,"angle":7.13},{"time":0.8333}],"translate":[{},{"time":0.4167,"x":74.65,"y":-64.91},{"time":0.8333,"x":20.65},{"time":1}]},"身体":{"rotate":[{"time":0.0833},{"time":0.5,"angle":7.43},{"time":0.9167}]},"身体1":{"rotate":[{"time":0.1667},{"time":0.5833,"angle":7.43},{"time":1}]},"脚_12":{"rotate":[{"angle":0.11}]},"臂膀11":{"rotate":[{"angle":-4.78},{"time":0.5,"angle":15.11},{"time":1,"angle":-4.78}]},"臂膀2":{"rotate":[{"angle":-24.01},{"time":0.25,"angle":-35.5},{"time":0.75,"angle":-12.52},{"time":1,"angle":-24.01}],"translate":[{"x":-77.62,"y":-80.24}]},"头":{"rotate":[{"angle":-10.16},{"time":0.1667,"angle":-19.37},{"time":0.3333,"angle":8.27},{"time":0.6667,"angle":26.33},{"time":1,"angle":-10.16}]},"bone":{"rotate":[{"angle":11.16},{"time":0.1667,"angle":16.91},{"time":0.3333,"angle":-17.54},{"time":0.6667,"angle":2.1},{"time":1,"angle":11.16}],"translate":[{"x":-60.07,"y":20.11},{"time":0.1667,"x":-51.28,"y":75.12},{"time":0.3333,"x":55.58,"y":98.68},{"time":0.5833,"x":39.59,"y":-17.88},{"time":0.6667,"x":63.76,"y":-33.03},{"time":1,"x":-60.07,"y":20.11}]},"手臂1":{"rotate":[{"angle":-64.26},{"time":0.0833,"angle":-59.47},{"time":0.5833,"angle":-88.23},{"time":1,"angle":-64.26}]},"手臂2":{"rotate":[{"angle":-74.71},{"time":0.3333,"angle":-57.03},{"time":0.8333,"angle":-83.56},{"time":1,"angle":-74.71}]},"maozi":{"rotate":[{"curve":0,"c2":0.19,"c3":0.662,"c4":0.85},{"time":0.1667,"angle":-2.32,"curve":0,"c2":0.22,"c3":0.381,"c4":0.58},{"time":0.25,"angle":-7.78,"curve":0.255,"c2":0.3,"c3":0.607,"c4":0.65},{"time":0.375,"angle":0.96,"curve":0,"c2":0.2,"c3":0.41,"c4":0.58},{"time":0.5,"angle":2.09,"curve":0.31,"c2":0.33,"c3":0.646,"c4":0.66},{"time":0.6667,"angle":-5.96,"curve":0.367,"c2":0.45,"c3":0.714,"c4":0.8},{"time":0.8333,"angle":-10.26,"curve":0,"c2":0.19,"c3":0.662,"c4":0.85},{"time":1}]},"领带1":{"rotate":[{"curve":0,"c2":0.21,"c3":0.399,"c4":0.58},{"time":0.2917,"angle":10.16,"curve":0.269,"c2":0.33,"c3":0.64,"c4":0.7},{"time":0.6667,"angle":-21.81,"curve":0.365,"c2":0.45,"c3":0.722,"c4":0.82},{"time":1}]},"领带2":{"rotate":[{"curve":0,"c2":0.21,"c3":0.399,"c4":0.58},{"time":0.2917,"angle":10.16,"curve":0.269,"c2":0.33,"c3":0.64,"c4":0.7},{"time":0.6667,"angle":-12.74,"curve":0.365,"c2":0.45,"c3":0.722,"c4":0.82},{"time":1}]},"maozi2":{"rotate":[{"curve":0,"c2":0.19,"c3":0.662,"c4":0.85},{"time":0.25,"angle":20.43,"curve":0,"c2":0.19,"c3":0.662,"c4":0.85},{"time":0.5,"angle":-6.43,"curve":0,"c2":0.19,"c3":0.662,"c4":0.85},{"time":0.7917,"angle":-16.05,"curve":0,"c2":0.19,"c3":0.662,"c4":0.85},{"time":1}]}},"deform":{"munaiyijs":{"头":{"头":[{"time":0.3333,"curve":0,"c2":0.19,"c3":0.662,"c4":0.85},{"time":0.6667,"offset":50,"curve":0,"c2":0.19,"c3":0.662,"c4":0.85,"vertices":[19.34137,47.06808,-56.17589,12.83734,3.59686,57.51437,14.50174,0.35193,0,0,0,0,0,0,0,0,0,0,0,0,1.87186,-3.56311,0,0,0,0,0,0,0,0,0,0,-7.83275,-0.11194,-1.37439,7.71243]},{"time":1}]}}}},"zou":{"bones":{"bone_ikTarget_right":{"rotate":[{"time":1.0417},{"time":1.6667,"angle":-24.27},{"time":1.875,"angle":-42.83},{"time":2.0833}],"translate":[{"x":115},{"time":0.5833,"x":557.9},{"time":1.0417,"x":616.07},{"time":1.6667,"x":352.04,"y":115.31},{"time":1.875,"x":176.02,"y":157.39},{"time":2,"x":70.41,"y":2.68},{"time":2.0833},{"time":2.5,"x":115}]},"臂膀1":{"rotate":[{"angle":-11.4},{"time":0.5833,"angle":-0.1},{"time":1.0417,"angle":23.11},{"time":2.5,"angle":-11.4}],"translate":[{"x":7.27,"y":-133.3},{"time":0.5833,"x":300.25,"y":-70.32},{"time":0.8333,"x":270.08,"y":-2.6},{"time":1.0417,"x":333.41,"y":-89.22},{"time":1.375,"x":251.48,"y":2.34},{"time":1.625,"x":167.59,"y":23.08},{"time":2.0833,"x":52.64,"y":18.88},{"time":2.5,"x":7.27,"y":-133.3}]},"bone_ikTarget_left":{"rotate":[{},{"time":0.5833,"angle":65.68},{"time":0.7083,"angle":95.02},{"time":0.8333,"angle":43.45},{"time":0.9583,"angle":-18.4},{"time":1.0417,"angle":-5.27},{"time":2.5}],"translate":[{"x":115},{"time":0.5833,"x":415.16,"y":207.69},{"time":0.8333,"x":173.35,"y":239.13},{"time":0.9583,"x":-96.95,"y":65.92},{"time":1.0417,"x":-71.72},{"time":1.375,"x":36.46},{"time":2.5,"x":115}]},"bone_ikTarget1":{"translate":[{"x":42.38,"y":25.46},{"time":0.5833,"curve":"stepped"},{"time":1.0417},{"time":2.5,"x":42.38,"y":25.46}]},"身体":{"rotate":[{},{"time":0.5833,"angle":-5.14},{"time":1.0417,"angle":-19.15},{"time":1.6667,"angle":-1.03},{"time":2.5}]},"大腿1":{"rotate":[{"angle":19.83},{"time":0.5833,"angle":-6.31},{"time":1.0417,"angle":-65.02},{"time":2.5,"angle":19.83}],"translate":[{},{"time":0.5833,"x":-36.14,"y":0.03},{"time":0.8333,"x":-7.75,"y":46.54},{"time":0.9583,"x":6.39,"y":13.47},{"time":1.0417,"x":15.22,"y":23.39},{"time":1.375,"x":9.13,"y":31.11},{"time":1.6667,"x":10.86,"y":4.1},{"time":2.5}]},"大腿2":{"rotate":[{"angle":38.96},{"time":0.5833,"angle":35.02},{"time":1.0417,"angle":23.6},{"time":1.6667,"angle":-66.74},{"time":2.5,"angle":38.96}],"translate":[{"x":21.25,"y":4.31},{"time":0.5833,"curve":"stepped"},{"time":1.0417},{"time":2.0833,"x":30.34,"y":0.85},{"time":2.5,"x":21.25,"y":4.31}]},"身体1":{"rotate":[{},{"time":0.5833,"angle":-6.36},{"time":0.8333,"angle":8.49},{"time":1.0417,"angle":12.43},{"time":1.6667,"angle":-19.43},{"time":2.5}],"translate":[{"time":0.5833},{"time":0.8333,"x":-33.6,"y":-4.29},{"time":1.0417}]},"臂膀2":{"rotate":[{"angle":36.27},{"time":0.5833,"angle":32.33},{"time":1.0417,"angle":11.73},{"time":1.625,"angle":46.74},{"time":2.0833,"angle":17.64},{"time":2.5,"angle":36.27}],"translate":[{"x":-49.05,"y":-4.36},{"time":0.5833,"x":-78.77,"y":-10.69},{"time":1.0417,"x":-40.44,"y":-65.56},{"time":1.625,"x":-64.09,"y":35.13},{"time":2.0833,"x":-42.68,"y":-22.9},{"time":2.5,"x":-49.05,"y":-4.36}]},"脚_1":{"rotate":[{"angle":8.31},{"time":0.5833,"angle":6.66},{"time":1.0417,"angle":36.1},{"time":2.5,"angle":8.31}]},"脚2":{"rotate":[{"angle":-27.65},{"time":0.5833,"angle":-74.82},{"time":1.0417,"angle":-11.77},{"time":1.6667,"angle":96.72},{"time":2.5,"angle":-27.65}]},"臂膀11":{"rotate":[{"angle":42.77},{"time":0.5833,"angle":17.24},{"time":1.0417,"angle":-18.44},{"time":1.625,"angle":-3.9},{"time":2.0833,"angle":24.64},{"time":2.5,"angle":42.77}],"translate":[{"time":0.5833},{"time":1.0417,"x":-5.11,"y":-52.21},{"time":2.0833,"x":-28.66,"y":43.14},{"time":2.5}]},"头":{"rotate":[{"angle":-5.16},{"time":0.5833,"angle":9.12},{"time":0.8333,"angle":4.48},{"time":1.0417,"angle":8.56},{"time":1.375,"angle":8.95},{"time":1.6667,"angle":8.51},{"time":2.0833,"angle":-2.36},{"time":2.5,"angle":-5.16}],"translate":[{"x":-85.15,"y":29.13},{"time":0.5833,"x":-36.84,"y":2.51},{"time":0.8333,"x":-62.08,"y":17.58},{"time":1.0417,"x":-29.11,"y":-32.23},{"time":1.375,"x":-39.48,"y":-7.11,"curve":0,"c2":0.19,"c3":0.662,"c4":0.85},{"time":1.6667,"x":-48.56,"y":14.87},{"time":2.0833,"x":-24.21,"y":7.65},{"time":2.5,"x":-85.15,"y":29.13}]},"领带1":{"rotate":[{"angle":14.48},{"time":0.3333,"angle":-6.5},{"time":0.625,"angle":-6.31},{"time":0.9167,"angle":-6.16},{"time":1.25,"angle":6.8},{"time":1.5833,"angle":-12.85},{"time":1.875,"angle":-7.82},{"time":2.1667,"angle":1.04},{"time":2.3333,"angle":16.93},{"time":2.5,"angle":14.48}]},"脚21":{"rotate":[{"angle":0.09},{"time":0.5833,"angle":16.67},{"time":1.0417,"angle":-61.93},{"time":1.6667,"angle":-49.38},{"time":2.5,"angle":0.09}]},"领带2":{"rotate":[{},{"time":0.3333,"angle":22.26},{"time":0.625,"angle":-16.14},{"time":0.9167,"angle":-9.02},{"time":1.25,"angle":10.78},{"time":1.5833,"angle":20.43},{"time":1.875,"angle":-23.05},{"time":2.1667,"angle":4.92},{"time":2.3333,"angle":-7.52},{"time":2.5}]},"手臂2":{"rotate":[{"angle":-50.97},{"time":0.5833,"angle":-6.59},{"time":1.0417,"angle":-4.54},{"time":1.625,"angle":-66.33},{"time":2.0833,"angle":-33.06},{"time":2.5,"angle":-50.97}]},"脚_11":{"rotate":[{},{"time":0.5833,"angle":39.16},{"time":0.8333,"angle":-19.57},{"time":1.0417,"angle":38.12},{"time":2.5}]},"手臂1":{"rotate":[{"angle":-57.67},{"time":0.5833,"angle":-16.9},{"time":1.0417,"angle":-24.41},{"time":1.625,"angle":-18.32},{"time":2.0833,"angle":-53.01},{"time":2.5,"angle":-57.67}]},"大腿21":{"rotate":[{"angle":-37.74},{"time":0.5833,"angle":18.53},{"time":1.0417,"angle":-3.09},{"time":2.0833,"angle":-46.36},{"time":2.5,"angle":-37.74}]},"手2":{"rotate":[{"angle":-21.73},{"time":0.5833,"angle":-34.08},{"time":1.0417,"angle":-4.54},{"time":1.625,"angle":44.67},{"time":2.0833,"angle":29.05},{"time":2.5,"angle":-21.73}]},"脚_12":{"rotate":[{"angle":-22.79}]},"bone":{"rotate":[{"time":1.0417},{"time":1.6667,"angle":10.61},{"time":2.5}],"translate":[{},{"time":0.5833,"x":-41.17,"y":28.33},{"time":1.0417},{"time":1.6667,"x":-30.38,"y":41.29},{"time":2.5}]},"bone1":{"translate":[{"x":-94.8},{"time":0.5,"x":-363.11},{"time":0.5833,"x":-407.83},{"time":0.8333,"x":-367},{"time":1.0417,"x":-360.81},{"time":2.0833,"x":-101.03},{"time":2.5,"x":-94.8}]},"maozi":{"rotate":[{"curve":0,"c2":0.18,"c3":0.465,"c4":0.62},{"time":0.2917,"angle":-5.5,"curve":0.348,"c2":0.44,"c3":0.73,"c4":0.84},{"time":0.5417,"angle":0.87,"curve":0,"c2":0.18,"c3":0.457,"c4":0.61},{"time":0.8333,"angle":6.92,"curve":0.343,"c2":0.44,"c3":0.73,"c4":0.84},{"time":1.0833,"angle":11.08,"curve":0,"c2":0.19,"c3":0.662,"c4":0.85},{"time":1.375,"angle":5.39,"curve":0.322,"c2":0.42,"c3":0.73,"c4":0.85},{"time":1.75,"angle":-6.04,"curve":0,"c2":0.19,"c3":0.426,"c4":0.59},{"time":2.125,"angle":8.09,"curve":0.313,"c2":0.42,"c3":0.73,"c4":0.85},{"time":2.5}]},"maozi2":{"rotate":[{"curve":0,"c2":0.19,"c3":0.662,"c4":0.85},{"time":0.4167,"angle":-8.39,"curve":0,"c2":0.18,"c3":0.455,"c4":0.61},{"time":0.8333,"angle":12.99,"curve":0.341,"c2":0.44,"c3":0.73,"c4":0.85},{"time":1.375,"angle":-35.68,"curve":0,"c2":0.19,"c3":0.662,"c4":0.85},{"time":1.75,"angle":14.52,"curve":0,"c2":0.19,"c3":0.662,"c4":0.85},{"time":2.125,"angle":-5.76,"curve":0,"c2":0.19,"c3":0.662,"c4":0.85},{"time":2.5}]}}},"zou2":{"slots":{"luzhang":{"color":[{"time":0.2083,"color":"ffffffff","curve":0,"c2":0.19,"c3":0.662,"c4":0.85},{"time":0.2917,"color":"ffffff00"}]},"luzhang2":{"color":[{"time":0.2083,"color":"ffffffff","curve":0,"c2":0.19,"c3":0.662,"c4":0.85},{"time":0.2917,"color":"ffffff00"}]},"luzhang3":{"color":[{"time":0.2083,"color":"ffffffff","curve":0,"c2":0.19,"c3":0.662,"c4":0.85},{"time":0.2917,"color":"ffffff00"}]},"tietong1":{"color":[{"time":0.2083,"color":"ffffffff","curve":0,"c2":0.19,"c3":0.662,"c4":0.85},{"time":0.2917,"color":"ffffff00"}]},"tietong2":{"color":[{"time":0.2083,"color":"ffffffff","curve":0,"c2":0.19,"c3":0.662,"c4":0.85},{"time":0.2917,"color":"ffffff00"}]},"tietong3":{"color":[{"time":0.2083,"color":"ffffffff","curve":0,"c2":0.19,"c3":0.662,"c4":0.85},{"time":0.2917,"color":"ffffff00"}]},"tietong4":{"color":[{"time":0.2083,"color":"ffffffff","curve":0,"c2":0.19,"c3":0.662,"c4":0.85},{"time":0.2917,"color":"ffffff00"}]},"tietong5":{"color":[{"time":0.2083,"color":"ffffffff","curve":0,"c2":0.19,"c3":0.662,"c4":0.85},{"time":0.2917,"color":"ffffff00"}]},"tietong6":{"color":[{"time":0.2083,"color":"ffffffff","curve":0,"c2":0.19,"c3":0.662,"c4":0.85},{"time":0.2917,"color":"ffffff00"}]}},"bones":{"bone_ikTarget_right":{"translate":[{"x":115}]},"臂膀1":{"rotate":[{"angle":-11.4}],"translate":[{"x":7.27,"y":-133.3}]},"bone_ikTarget_left":{"translate":[{"x":115}]},"bone_ikTarget1":{"translate":[{"x":42.38,"y":25.46}]},"大腿1":{"rotate":[{"angle":19.83}]},"大腿2":{"rotate":[{"angle":38.96}],"translate":[{"x":21.25,"y":4.31}]},"臂膀2":{"rotate":[{"angle":36.27}],"translate":[{"x":-49.05,"y":-4.36}]},"脚_1":{"rotate":[{"angle":8.31}]},"脚2":{"rotate":[{"angle":-27.65}]},"臂膀11":{"rotate":[{"angle":42.77}]},"头":{"rotate":[{"angle":-5.16}],"translate":[{"x":-85.15,"y":29.13}]},"领带1":{"rotate":[{"angle":14.48}]},"脚21":{"rotate":[{"angle":0.09}]},"手臂2":{"rotate":[{"angle":-50.97}]},"手臂1":{"rotate":[{"angle":-57.67}]},"大腿21":{"rotate":[{"angle":-37.74}]},"手2":{"rotate":[{"angle":-21.73}]},"脚_12":{"rotate":[{"angle":-22.79}]},"bone1":{"translate":[{"x":-94.8}]},"maozi":{"rotate":[{"curve":0,"c2":0.18,"c3":0.465,"c4":0.62},{"time":0.0833,"angle":-12.27,"curve":0.269,"c3":0.819,"c4":0.25},{"time":0.25,"angle":-70.75}],"translate":[{"curve":0,"c2":0.19,"c3":0.662,"c4":0.85},{"time":0.0833,"x":-40.82,"y":-192.96,"curve":0.269,"c3":0.819,"c4":0.25},{"time":0.25,"x":-1217.2,"y":-200.44}]},"maozi2":{"rotate":[{"curve":0,"c2":0.19,"c3":0.662,"c4":0.85},{"time":0.25,"angle":-70.18}]}}}}},[0]]],0,0,[0],[-1],[0]]