[1,["1dqCMSFC9AK5vSz5fR3kIh"],0,[["sp.SkeletonData",["_name","_atlasText","textureNames","_skeletonJson","textures"],-1,3]],[[0,0,1,2,3,4,5]],[[0,"huo _FX","\r\nhuo _FX.png\r\nsize: 209,280\r\nformat: RGBA8888\r\nfilter: Linear,Linear\r\nrepeat: none\r\nimages/huo1\r\n  rotate: false\r\n  xy: 2, 154\r\n  size: 135, 124\r\n  orig: 151, 125\r\n  offset: 6, 1\r\n  index: -1\r\nimages/huo2\r\n  rotate: true\r\n  xy: 2, 7\r\n  size: 145, 99\r\n  orig: 151, 125\r\n  offset: 4, 4\r\n  index: -1\r\nimages/huo3\r\n  rotate: true\r\n  xy: 139, 139\r\n  size: 139, 68\r\n  orig: 151, 125\r\n  offset: 6, 29\r\n  index: -1\r\nimages/huo4\r\n  rotate: true\r\n  xy: 103, 2\r\n  size: 135, 62\r\n  orig: 151, 125\r\n  offset: 8, 42\r\n  index: -1\r\nimages/huo5\r\n  rotate: true\r\n  xy: 167, 9\r\n  size: 128, 36\r\n  orig: 151, 125\r\n  offset: 13, 72\r\n  index: -1\r\n",["huo _FX.png"],{"skeleton":{"hash":"vunfB81TLZgYPaOoTfVq0bD6IKg","spine":"3.8.99"},"bones":[{"name":"root"},{"name":"images/huo1","parent":"root","x":1,"y":26.3}],"slots":[{"name":"images/huo1","bone":"images/huo1"}],"skins":[{"name":"default","attachments":{"images/huo1":{"images/huo1":{"x":1,"y":1,"width":151,"height":125},"images/huo2":{"x":1,"y":1,"width":151,"height":125},"images/huo3":{"x":1,"y":1,"width":151,"height":125},"images/huo4":{"x":1,"y":1,"width":151,"height":125},"images/huo5":{"x":1,"y":1,"width":151,"height":125}}}}],"animations":{"newAnimation":{"slots":{"images/huo1":{"attachment":[{"time":0.0667,"name":"images/huo1"},{"time":0.1333,"name":"images/huo2"},{"time":0.2,"name":"images/huo3"},{"time":0.2667,"name":"images/huo4"},{"time":0.3333,"name":"images/huo5"},{"time":0.4,"name":null}]}}}}},[0]]],0,0,[0],[-1],[0]]