[1,["30foMzWtpKoJj16YehtNoJ"],0,[["sp.SkeletonData",["_name","_atlasText","textureNames","_skeletonJson","textures"],-1,3]],[[0,0,1,2,3,4,5]],[[0,"n07_dapengu","\r\nn07_dapengu.png\r\nsize: 388,126\r\nformat: RGBA8888\r\nfilter: Linear,Linear\r\nrepeat: none\r\ndapengu/gu\r\n  rotate: false\r\n  xy: 84, 5\r\n  size: 9, 10\r\n  orig: 9, 10\r\n  offset: 0, 0\r\n  index: -1\r\ndapengu/meimao1\r\n  rotate: false\r\n  xy: 2, 3\r\n  size: 28, 12\r\n  orig: 28, 12\r\n  offset: 0, 0\r\n  index: -1\r\ndapengu/meimao2\r\n  rotate: true\r\n  xy: 56, 2\r\n  size: 13, 16\r\n  orig: 13, 16\r\n  offset: 0, 0\r\n  index: -1\r\ndapengu/shenti\r\n  rotate: true\r\n  xy: 151, 8\r\n  size: 116, 95\r\n  orig: 116, 95\r\n  offset: 0, 0\r\n  index: -1\r\ndapengu/tou\r\n  rotate: false\r\n  xy: 2, 17\r\n  size: 147, 107\r\n  orig: 147, 107\r\n  offset: 0, 0\r\n  index: -1\r\ndapengu/youyan\r\n  rotate: false\r\n  xy: 248, 14\r\n  size: 14, 19\r\n  orig: 14, 19\r\n  offset: 0, 0\r\n  index: -1\r\ndapengu/youyan1\r\n  rotate: true\r\n  xy: 95, 3\r\n  size: 12, 6\r\n  orig: 12, 6\r\n  offset: 0, 0\r\n  index: -1\r\ndapengu/zui\r\n  rotate: false\r\n  xy: 32, 2\r\n  size: 22, 13\r\n  orig: 22, 13\r\n  offset: 0, 0\r\n  index: -1\r\ndapengu/zui0\r\n  rotate: false\r\n  xy: 339, 74\r\n  size: 47, 50\r\n  orig: 47, 50\r\n  offset: 0, 0\r\n  index: -1\r\ndapengu/zui1\r\n  rotate: false\r\n  xy: 339, 22\r\n  size: 47, 50\r\n  orig: 47, 50\r\n  offset: 0, 0\r\n  index: -1\r\ndapengu/zuoyan\r\n  rotate: false\r\n  xy: 74, 2\r\n  size: 8, 13\r\n  orig: 8, 13\r\n  offset: 0, 0\r\n  index: -1\r\ndapengu/zuoyan1\r\n  rotate: false\r\n  xy: 103, 7\r\n  size: 8, 8\r\n  orig: 8, 8\r\n  offset: 0, 0\r\n  index: -1\r\nqipao\r\n  rotate: false\r\n  xy: 248, 35\r\n  size: 89, 89\r\n  orig: 89, 89\r\n  offset: 0, 0\r\n  index: -1\r\n",["n07_dapengu.png"],{"skeleton":{"hash":"abumItpqR+coi6QbDsC+4BxBQMw","spine":"3.8.99","x":-38.88,"y":-1.59,"width":83.9,"height":73.21},"bones":[{"name":"root","x":-3.13,"y":-1.33,"scaleX":0.1436,"scaleY":0.1436},{"name":"bone","parent":"root","x":1.4,"y":-0.48},{"name":"qipao","parent":"root","length":2,"rotation":90,"x":272.83,"y":304.48,"scaleX":0.2,"scaleY":0.2},{"name":"qipao3","parent":"root","length":2,"rotation":90,"x":272.83,"y":304.48,"scaleX":0.2,"scaleY":0.2},{"name":"qipao1","parent":"root","length":2,"rotation":90,"x":272.83,"y":304.48,"scaleX":0.2,"scaleY":0.2},{"name":"qipao2","parent":"root","length":2,"rotation":90,"x":272.83,"y":304.48,"scaleX":0.2,"scaleY":0.2},{"name":"qipao11","parent":"root","length":2,"rotation":90,"x":272.83,"y":304.48,"scaleX":0.2,"scaleY":0.2},{"name":"qipao4","parent":"root","length":2,"rotation":90,"x":272.83,"y":304.48,"scaleX":0.2,"scaleY":0.2},{"name":"qipao23","parent":"root","length":2,"rotation":90,"x":272.83,"y":304.48,"scaleX":0.2,"scaleY":0.2},{"name":"qipao2111","parent":"root","length":2,"rotation":90,"x":272.83,"y":304.48,"scaleX":0.2,"scaleY":0.2},{"name":"qipao51","parent":"root","length":2,"rotation":90,"x":272.83,"y":304.48,"scaleX":0.2,"scaleY":0.2},{"name":"qipao6","parent":"root","length":2,"rotation":90,"x":272.83,"y":304.48,"scaleX":0.2,"scaleY":0.2},{"name":"qipao211","parent":"root","length":2,"rotation":90,"x":272.83,"y":304.48,"scaleX":0.2,"scaleY":0.2},{"name":"qipao5","parent":"root","length":2,"rotation":90,"x":272.83,"y":304.48,"scaleX":0.2,"scaleY":0.2},{"name":"qipao21","parent":"root","length":2,"rotation":90,"x":272.83,"y":304.48,"scaleX":0.2,"scaleY":0.2},{"name":"qipao41","parent":"root","length":2,"rotation":90,"x":272.83,"y":304.48,"scaleX":0.2,"scaleY":0.2},{"name":"qipao61","parent":"root","length":2,"rotation":90,"x":272.83,"y":304.48,"scaleX":0.2,"scaleY":0.2},{"name":"qipao22","parent":"root","length":2,"rotation":90,"x":272.83,"y":304.48,"scaleX":0.2,"scaleY":0.2},{"name":"shenti","parent":"bone","x":1.45,"y":14.12},{"name":"shenti1","parent":"shenti","length":78,"rotation":88.97,"x":-2.85,"y":12.05},{"name":"zuoyan","parent":"shenti1","x":96.12,"y":-176.36},{"name":"meimao2","parent":"shenti1","length":51,"rotation":-33.34,"x":99.17,"y":-159.5},{"name":"meimao1","parent":"shenti1","length":72,"rotation":66.87,"x":85.54,"y":-116.09},{"name":"gu","parent":"shenti1","rotation":1.03,"x":28.5,"y":-89.1},{"name":"shenti2","parent":"shenti1","length":100,"rotation":0.63,"x":83.21,"y":0.09},{"name":"youyan","parent":"shenti1","rotation":43.54,"x":72.59,"y":-82.71},{"name":"zui","parent":"shenti1","x":47.87,"y":-140.27},{"name":"shenti3","parent":"shenti2","length":88,"rotation":0.4,"x":100.95},{"name":"tou","parent":"shenti3","rotation":-90,"x":-36.72,"y":-2.34},{"name":"tou1","parent":"tou","x":41.1,"y":142.5},{"name":"zui0","parent":"tou","length":1,"rotation":56.73,"x":181.16,"y":138.97},{"name":"zui01","parent":"zui0","length":45,"rotation":-56.03,"x":3.98,"y":-6.06},{"name":"zui02","parent":"zui01","length":45,"rotation":-0.69,"x":47.71,"y":0.48},{"name":"zui03","parent":"zui02","length":36,"rotation":-4.82,"x":53.4,"y":-1.05}],"slots":[{"name":"qipao","bone":"qipao","attachment":"qipao"},{"name":"shenti","bone":"shenti3","attachment":"dapengu/shenti"},{"name":"gu","bone":"gu","attachment":"dapengu/gu"},{"name":"zui","bone":"zui","attachment":"dapengu/zui"},{"name":"zuoyan","bone":"zuoyan","attachment":"dapengu/zuoyan"},{"name":"youyan","bone":"youyan","attachment":"dapengu/youyan"},{"name":"meimao2","bone":"meimao2","attachment":"dapengu/meimao2"},{"name":"meimao1","bone":"meimao1","attachment":"dapengu/meimao1"},{"name":"tou","bone":"tou1","attachment":"dapengu/tou"},{"name":"zui0","bone":"zui03","attachment":"dapengu/zui2"},{"name":"qipao1","bone":"qipao1","attachment":"qipao"},{"name":"qipao2","bone":"qipao2","attachment":"qipao"},{"name":"qipao3","bone":"qipao3","attachment":"qipao"},{"name":"qipao11","bone":"qipao11","attachment":"qipao"},{"name":"qipao4","bone":"qipao4","attachment":"qipao"},{"name":"qipao21","bone":"qipao21","attachment":"qipao"},{"name":"qipao5","bone":"qipao5","attachment":"qipao"},{"name":"qipao22","bone":"qipao22","attachment":"qipao"},{"name":"qipao211","bone":"qipao211","attachment":"qipao"},{"name":"qipao51","bone":"qipao51","attachment":"qipao"},{"name":"qipao6","bone":"qipao6","attachment":"qipao"},{"name":"qipao41","bone":"qipao41","attachment":"qipao"},{"name":"qipao61","bone":"qipao61","attachment":"qipao"},{"name":"qipao23","bone":"qipao23","attachment":"qipao"},{"name":"qipao2111","bone":"qipao2111","attachment":"qipao"}],"skins":[{"name":"default","attachments":{"gu":{"dapengu/gu":{"rotation":-90,"width":30,"height":34}},"meimao1":{"dapengu/meimao1":{"x":45.27,"y":5.95,"rotation":-155.84,"width":93,"height":40}},"meimao2":{"dapengu/meimao2":{"x":28.35,"y":-5.58,"rotation":-55.63,"width":43,"height":52}},"qipao":{"qipao":{"x":12.57,"y":4.54,"rotation":-90,"width":296,"height":296}},"qipao1":{"qipao":{"x":12.57,"y":4.54,"rotation":-90,"width":296,"height":296}},"qipao2":{"qipao":{"x":12.57,"y":4.54,"rotation":-90,"width":296,"height":296}},"qipao3":{"qipao":{"x":12.57,"y":4.54,"rotation":-90,"width":296,"height":296}},"qipao4":{"qipao":{"x":12.57,"y":4.54,"rotation":-90,"width":296,"height":296}},"qipao5":{"qipao":{"x":12.57,"y":4.54,"rotation":-90,"width":296,"height":296}},"qipao6":{"qipao":{"x":12.57,"y":4.54,"rotation":-90,"width":296,"height":296}},"qipao11":{"qipao":{"x":12.57,"y":4.54,"rotation":-90,"width":296,"height":296}},"qipao21":{"qipao":{"x":12.57,"y":4.54,"rotation":-90,"width":296,"height":296}},"qipao22":{"qipao":{"x":12.57,"y":4.54,"rotation":-90,"width":296,"height":296}},"qipao23":{"qipao":{"x":12.57,"y":4.54,"rotation":-90,"width":296,"height":296}},"qipao41":{"qipao":{"x":12.57,"y":4.54,"rotation":-90,"width":296,"height":296}},"qipao51":{"qipao":{"x":12.57,"y":4.54,"rotation":-90,"width":296,"height":296}},"qipao61":{"qipao":{"x":12.57,"y":4.54,"rotation":-90,"width":296,"height":296}},"qipao211":{"qipao":{"x":12.57,"y":4.54,"rotation":-90,"width":296,"height":296}},"qipao2111":{"qipao":{"x":12.57,"y":4.54,"rotation":-90,"width":296,"height":296}},"shenti":{"dapengu/shenti":{"type":"mesh","hull":38,"uvs":[0.51589,1,0.63928,0.99399,0.74212,0.96994,0.84793,0.9318,0.92261,0.88481,0.9646,0.83339,0.9885,0.76772,1,0.68972,1,0.60538,0.99276,0.5106,0.97313,0.41835,0.93979,0.34114,0.90078,0.25601,0.85724,0.18054,0.80517,0.11756,0.73553,0.06076,0.66886,0.02263,0.61602,0.00665,0.56964,0,0.50891,0,0.43643,0,0.35039,0.01297,0.25762,0.05649,0.17364,0.12563,0.10401,0.2144,0.0562,0.31899,0.02506,0.42991,0.00917,0.51598,0,0.57896,0,0.65079,0,0.72785,0.01214,0.79177,0.0469,0.85206,0.10556,0.90712,0.18514,0.95237,0.27649,0.98339,0.37778,1,0.45452,1],"triangles":[12,1,11,18,19,15,19,0,15,15,0,14,14,0,13,13,0,12,17,18,15,20,37,19,16,17,15,22,23,37,20,22,37,24,25,23,21,22,20,9,2,8,10,11,9,11,2,9,8,3,7,3,6,7,4,5,6,3,4,6,30,31,32,2,3,8,1,2,11,0,1,12,19,37,0,25,36,37,23,25,37,25,26,36,26,35,36,26,27,35,27,34,35,27,28,34,28,29,34,29,33,34,30,32,33,29,30,33],"vertices":[1,18,17.16,-15.39,1,1,18,64.91,-13.49,1,1,18,104.71,-5.89,1,3,18,145.66,6.16,0.7,19,-3.23,-148.59,0.18,24,-88.07,-147.72,0.12,3,18,174.56,21.01,0.35319,19,12.13,-177.22,0.34762,24,-73.02,-176.52,0.29919,2,18,190.81,37.26,0.49681,19,28.67,-193.18,0.50318,1,19,49.58,-202.05,1,1,19,74.31,-206.06,1,1,24,15.49,-205.86,1,1,24,45.42,-202.85,1,2,24,74.51,-195.05,0.50455,27,-27.79,-194.86,0.49545,2,24,98.82,-181.98,0.50003,27,-3.39,-181.96,0.49997,2,24,125.62,-166.69,0.49467,27,23.51,-166.86,0.50533,2,24,149.35,-149.68,0.47534,27,47.36,-150.01,0.52466,2,24,169.11,-129.39,0.43938,27,67.26,-129.86,0.56062,2,24,186.87,-102.32,0.37023,27,85.21,-102.91,0.62977,2,24,198.74,-76.43,0.27895,27,97.26,-77.11,0.72105,2,24,203.65,-55.95,0.19754,27,102.31,-56.66,0.80246,2,24,205.63,-37.99,0.12304,27,104.41,-38.71,0.87696,2,24,205.46,-14.49,0.0423,27,104.41,-15.21,0.9577,2,24,205.27,13.56,0.03709,27,104.41,12.84,0.96291,2,24,200.94,46.83,0.15553,27,100.31,46.14,0.84447,2,24,186.94,82.64,0.31872,27,86.56,82.04,0.68128,2,24,164.86,114.99,0.42947,27,64.71,114.54,0.57053,2,24,136.63,141.74,0.48296,27,36.66,141.49,0.51704,3,19,184.9,161.23,0.25492,24,103.45,160.01,0.3724,27,3.61,159.99,0.37268,3,19,149.64,172.65,0.30068,24,68.32,171.82,0.35586,27,-31.44,172.04,0.34346,3,19,122.34,178.31,0.33031,24,41.08,177.78,0.35282,27,-58.64,178.19,0.31687,3,19,102.38,181.5,0.34758,24,21.15,181.19,0.35506,27,-78.54,181.74,0.29737,2,19,79.68,181.1,0.49983,24,-1.55,181.03,0.50017,3,18,-182.49,70.61,0.3012,19,55.33,180.66,0.35334,24,-25.9,180.86,0.34545,3,18,-177.79,50.41,0.31857,19,35.22,175.6,0.35282,24,-46.06,176.02,0.32861,3,18,-164.34,31.36,0.3352,19,16.41,161.81,0.35835,24,-65.02,162.44,0.30645,3,18,-141.64,13.96,0.8,19,-0.58,138.8,0.12,24,-82.26,139.62,0.08,1,18,-110.84,-0.34,1,1,18,-75.49,-10.14,1,1,18,-36.29,-15.39,1,1,18,-6.59,-15.44,1]}},"tou":{"dapengu/tou":{"type":"mesh","hull":37,"uvs":[0.49031,1,0.57673,1,0.65265,0.98361,0.7349,0.94916,0.81429,0.89818,0.87204,0.843,0.92541,0.77423,0.96673,0.69356,0.99398,0.60756,1,0.54342,1,0.43571,0.98214,0.34692,0.9549,0.27745,0.91347,0.20784,0.85949,0.14202,0.78061,0.07493,0.68429,0.02717,0.61776,0.0063,0.56765,0,0.5001,0,0.43214,0,0.3549,0.01218,0.27112,0.04734,0.18296,0.10182,0.1098,0.17437,0.05276,0.2542,0.01786,0.34468,0,0.42605,0,0.53067,0,0.5972,0.02837,0.68838,0.07459,0.77801,0.13612,0.8549,0.2101,0.91849,0.29612,0.96709,0.37327,0.99034,0.42398,1,0.86367,0.31766,0.76786,0.19931,0.62541,0.13348,0.49265,0.11275,0.34337,0.15225,0.20653,0.26121,0.1148,0.44357,0.14622,0.65771,0.30102,0.81191,0.52276,0.82872,0.735,0.77046,0.87602,0.59203,0.75827,0.36653,0.62816,0.2895,0.50357,0.28012,0.35714,0.33642,0.25031,0.47172,0.29959,0.63712,0.49265,0.68026,0.73092,0.60323,0.66929,0.48306,0.50082,0.49427,0.39133,0.49805],"triangles":[37,49,48,14,38,37,49,56,48,56,47,48,38,49,37,57,56,49,16,39,38,50,49,38,39,50,38,50,57,49,56,55,47,57,55,56,58,55,57,50,58,57,51,58,50,18,40,39,40,51,39,39,51,50,52,59,58,59,55,58,52,58,51,40,41,51,41,52,51,59,54,55,52,53,59,53,54,59,41,42,52,42,53,52,53,44,54,42,43,53,43,44,53,48,8,9,11,37,10,37,48,10,48,9,10,48,7,8,12,37,11,48,6,7,13,37,12,47,5,48,48,5,6,14,37,13,47,4,5,15,38,14,47,3,4,16,38,15,47,2,3,46,2,47,55,46,47,46,1,2,17,39,16,17,18,39,19,40,18,46,0,1,35,36,46,45,35,46,36,0,46,55,45,46,20,40,19,54,45,55,20,41,40,21,41,20,45,34,35,22,41,21,22,42,41,23,42,22,32,33,45,44,32,45,33,34,45,44,45,54,31,32,44,25,43,42,23,24,42,24,25,42,25,26,43,29,30,44,43,28,44,28,29,44,30,31,44,26,27,43,27,28,43],"vertices":[1,28,-13.08,-22.1,1,1,28,29.27,-22.1,1,1,28,66.47,-16.25,1,1,28,106.77,-3.95,1,1,28,145.67,14.25,1,1,28,173.97,33.95,1,1,28,200.12,58.5,1,1,28,220.37,87.3,1,1,28,233.72,118,1,1,28,236.67,140.9,1,1,28,236.72,179.35,1,1,28,227.92,211.05,1,1,28,214.57,235.85,1,1,28,194.27,260.7,1,1,28,167.82,284.2,1,1,28,129.17,308.15,1,1,28,81.97,325.2,1,1,28,49.37,332.65,1,1,28,24.82,334.9,1,1,28,-8.28,334.9,1,1,28,-41.58,334.9,1,1,28,-79.43,330.55,1,1,28,-120.48,318,1,1,28,-163.68,298.55,1,1,28,-199.53,272.65,1,1,28,-227.48,244.15,1,1,28,-244.58,211.85,1,1,28,-253.38,182.8,1,1,28,-253.38,145.45,1,1,28,-253.38,121.7,1,1,28,-239.43,89.15,1,1,28,-216.78,57.15,1,1,28,-186.63,29.7,1,1,28,-150.38,7,1,1,28,-108.23,-10.35,1,1,28,-70.43,-18.65,1,1,28,-45.58,-22.1,1,2,28,169.87,221.5,0.22655,29,128.77,79,0.77345,2,28,122.92,263.75,0.20171,29,81.82,121.25,0.79829,2,28,53.12,287.25,0.19822,29,12.02,144.75,0.80178,2,28,-11.93,294.65,0.2299,29,-53.03,152.15,0.7701,2,28,-85.08,280.55,0.28926,29,-126.18,138.05,0.71074,2,28,-152.13,241.65,0.36648,29,-193.23,99.15,0.63352,2,28,-197.08,176.55,0.45262,29,-238.18,34.05,0.54738,2,28,-181.68,100.1,0.54448,29,-222.78,-42.4,0.45552,2,28,-105.83,45.05,0.70148,29,-146.93,-97.45,0.29852,2,28,2.82,39.05,0.88815,29,-38.28,-103.45,0.11185,2,28,106.82,59.85,0.42654,29,65.72,-82.65,0.57346,2,28,175.92,123.55,0.28628,29,134.82,-18.95,0.71372,2,28,118.22,204.05,0.14898,29,77.12,61.55,0.85102,2,28,54.47,231.55,0.12534,29,13.37,89.05,0.87466,2,28,-6.58,234.9,0.16372,29,-47.68,92.4,0.83628,2,28,-78.33,214.8,0.27159,29,-119.43,72.3,0.72841,2,28,-130.68,166.5,0.40175,29,-171.78,24,0.59825,2,28,-106.53,107.45,0.50142,29,-147.63,-35.05,0.49858,2,28,-11.93,92.05,0.38346,29,-53.03,-50.45,0.61654,2,28,104.82,119.55,0.1536,29,63.72,-22.95,0.84641,2,28,74.62,162.45,0.04544,29,33.52,19.95,0.95456,2,28,-7.93,158.45,0.09553,29,-49.03,15.95,0.90447,2,28,-61.58,157.1,0.2742,29,-102.68,14.6,0.7258]}},"youyan":{"dapengu/youyan":{"x":1.72,"y":2.68,"rotation":-132.51,"width":45,"height":62},"dapengu/youyan1":{"rotation":-139.01,"width":40,"height":20}},"zui":{"dapengu/zui":{"x":-11.34,"y":2.04,"rotation":-88.97,"width":73,"height":43}},"zui0":{"dapengu/zui0":{"type":"mesh","hull":39,"uvs":[0.2193,0.89581,0.26297,0.84311,0.31361,0.82515,0.33797,0.82515,0.3693,0.86617,0.42848,0.93054,0.50696,0.98323,0.5731,1,0.70918,1,0.80475,0.96527,0.88671,0.89581,0.94272,0.81677,0.97911,0.73114,1,0.6485,1,0.5003,1,0.35689,0.95823,0.22665,0.90253,0.12425,0.84494,0.05509,0.75095,0,0.6462,0,0.52785,0,0.42658,0.0518,0.3693,0.11257,0.33797,0.16228,0.32753,0.19192,0.2943,0.18353,0.23861,0.16557,0.19146,0.13234,0.13924,0.15359,0.08354,0.21467,0.02753,0.31228,0,0.40419,0,0.5,0,0.59581,0,0.66497,0.0538,0.75719,0.11994,0.83443,0.17911,0.87904],"triangles":[3,12,13,16,25,15,3,13,14,25,3,14,15,25,14,3,11,12,4,10,11,17,25,16,7,8,10,5,7,10,8,9,10,18,20,17,3,4,11,4,5,10,20,25,17,23,25,20,19,20,18,22,23,20,5,6,7,21,22,20,24,25,23,25,33,3,33,2,3,33,34,2,32,33,25,31,32,25,34,36,2,26,31,25,27,30,26,30,31,26,36,1,2,34,35,36,36,37,1,29,30,27,38,0,1,37,38,1,28,29,27],"vertices":[2,30,-41.9,-59.09,0.49,31,18.35,-67.68,0.51,4,30,-30.76,-60.03,0.2539,31,25.35,-58.96,0.33229,32,-21.64,-59.7,0.28646,33,-69.85,-64.74,0.12734,4,30,-23.86,-65.07,0.21863,31,33.39,-56.06,0.33422,32,-13.64,-56.7,0.30881,33,-62.13,-61.08,0.13834,4,30,-21.75,-68.29,0.20375,31,37.24,-56.1,0.33252,32,-9.79,-56.7,0.31612,33,-58.3,-60.76,0.14761,4,30,-24.76,-76.19,0.19702,31,42.1,-63.01,0.31845,32,-4.84,-63.55,0.31128,33,-52.79,-67.17,0.17325,4,30,-28.62,-89.9,0.18589,31,51.32,-73.87,0.30101,32,4.51,-74.3,0.29974,33,-42.57,-77.1,0.21335,4,30,-29.17,-105.1,0.17097,31,63.62,-82.82,0.28225,32,16.91,-83.1,0.29454,33,-29.47,-84.82,0.25224,4,30,-25.78,-115.37,0.15691,31,74.03,-85.75,0.26755,32,27.36,-85.9,0.29718,33,-18.83,-86.74,0.27836,4,30,-13.98,-133.34,0.12936,31,95.53,-86.01,0.2337,32,48.86,-85.9,0.31453,33,2.6,-84.93,0.3224,4,30,-0.85,-142.79,0.10797,31,110.7,-80.39,0.20422,32,63.96,-80.1,0.3249,33,17.16,-77.88,0.36291,4,30,15.95,-147.25,0.08346,31,123.79,-68.95,0.16679,32,76.91,-68.5,0.32016,33,29.09,-65.24,0.42959,4,30,31.85,-147.4,0.06059,31,132.8,-55.85,0.12692,32,85.76,-55.3,0.29121,33,36.8,-51.34,0.52128,4,30,46.96,-144.37,0.03857,31,138.72,-41.62,0.08419,32,91.51,-41,0.23031,33,41.33,-36.61,0.64693,4,30,60.3,-139.55,0.01959,31,142.18,-27.86,0.04406,32,94.81,-27.2,0.13984,33,43.46,-22.58,0.79651,4,30,81,-125.97,0.00147,31,142.48,-3.12,0.00344,32,94.81,-2.45,0.01315,33,41.38,2.08,0.98194,4,30,101.02,-112.83,0.02262,31,142.77,20.83,0.05147,32,94.81,21.5,0.17474,33,39.37,25.95,0.75117,4,30,115.58,-95.38,0.05218,31,136.43,42.66,0.11394,32,88.21,43.25,0.31031,33,30.97,47.07,0.52357,4,30,125.05,-78.64,0.07747,31,127.84,59.86,0.16,32,79.41,60.35,0.3463,33,20.76,63.37,0.41623,4,30,129.71,-64.7,0.09697,31,118.88,71.52,0.19032,32,70.31,71.9,0.34634,33,10.73,74.11,0.36637,4,30,129.26,-47.24,0.11876,31,104.14,80.9,0.22091,32,55.46,81.1,0.33179,33,-4.84,82.03,0.32854,4,30,120.18,-33.4,0.13595,31,87.59,81.1,0.24817,32,38.91,81.1,0.31662,33,-21.33,80.64,0.29927,4,30,109.92,-17.77,0.16399,31,68.89,81.33,0.27796,32,20.21,81.1,0.30364,33,-39.97,79.07,0.25441,4,30,93.91,-9.13,0.18528,31,52.79,72.87,0.30066,32,4.21,72.45,0.30762,33,-55.19,69.11,0.20644,4,30,80.46,-7.14,0.19602,31,43.62,62.83,0.31602,32,-4.84,62.3,0.31949,33,-63.35,58.24,0.16847,4,30,70.8,-7.55,0.2003,31,38.57,54.59,0.33131,32,-9.79,54,0.32781,33,-67.59,49.55,0.14058,4,30,65.76,-8.89,0.1979,31,36.86,49.66,0.34286,32,-11.44,49.05,0.33331,33,-68.82,44.48,0.12594,4,30,64.05,-3.73,0.2239,31,31.63,51.12,0.34173,32,-16.69,50.45,0.31629,33,-74.17,45.43,0.11807,4,30,61.73,5.27,0.26829,31,22.86,54.23,0.33899,32,-25.49,53.45,0.28429,33,-83.19,47.69,0.10844,2,30,62.28,14.55,0.5,31,15.48,59.87,0.5,1,30,54.79,19.5,1,1,30,41.43,21.26,1,1,30,22.95,19.71,1,1,30,7.73,14.93,1,1,30,-5.65,6.15,1,1,30,-19.03,-2.63,1,1,30,-28.68,-8.97,1,1,30,-36.89,-24.52,1,1,30,-41.95,-40.34,1,1,30,-43.04,-52.24,1]},"dapengu/zui2":{"type":"mesh","path":"dapengu/zui1","hull":39,"uvs":[0.2193,0.89581,0.26297,0.84311,0.31361,0.82515,0.33797,0.82515,0.3693,0.86617,0.42848,0.93054,0.50696,0.98323,0.5731,1,0.70918,1,0.80475,0.96527,0.88671,0.89581,0.94272,0.81677,0.97911,0.73114,1,0.6485,1,0.5003,1,0.35689,0.95823,0.22665,0.90253,0.12425,0.84494,0.05509,0.75095,0,0.6462,0,0.52785,0,0.42658,0.0518,0.3693,0.11257,0.33797,0.16228,0.32753,0.19192,0.2943,0.18353,0.23861,0.16557,0.19146,0.13234,0.13924,0.15359,0.08354,0.21467,0.02753,0.31228,0,0.40419,0,0.5,0,0.59581,0,0.66497,0.0538,0.75719,0.11994,0.83443,0.17911,0.87904],"triangles":[3,12,13,16,25,15,3,13,14,25,3,14,15,25,14,3,11,12,4,10,11,17,25,16,7,8,10,5,7,10,8,9,10,18,20,17,3,4,11,4,5,10,20,25,17,23,25,20,19,20,18,22,23,20,5,6,7,21,22,20,24,25,23,25,33,3,33,2,3,33,34,2,32,33,25,31,32,25,34,36,2,26,31,25,27,30,26,30,31,26,36,1,2,34,35,36,36,37,1,29,30,27,38,0,1,37,38,1,28,29,27],"vertices":[2,30,-41.9,-59.09,0.49,31,18.35,-67.68,0.51,4,30,-30.76,-60.03,0.2539,31,25.35,-58.96,0.33229,32,-21.64,-59.7,0.28646,33,-69.85,-64.74,0.12734,4,30,-23.86,-65.07,0.21863,31,33.39,-56.06,0.33422,32,-13.64,-56.7,0.30881,33,-62.13,-61.08,0.13834,4,30,-21.75,-68.29,0.20375,31,37.24,-56.1,0.33252,32,-9.79,-56.7,0.31612,33,-58.3,-60.76,0.14761,4,30,-24.76,-76.19,0.19702,31,42.1,-63.01,0.31845,32,-4.84,-63.55,0.31128,33,-52.79,-67.17,0.17325,4,30,-28.62,-89.9,0.18589,31,51.32,-73.87,0.30101,32,4.51,-74.3,0.29974,33,-42.57,-77.1,0.21335,4,30,-29.17,-105.1,0.17097,31,63.62,-82.82,0.28225,32,16.91,-83.1,0.29454,33,-29.47,-84.82,0.25224,4,30,-25.78,-115.37,0.15691,31,74.03,-85.75,0.26755,32,27.36,-85.9,0.29718,33,-18.83,-86.74,0.27836,4,30,-13.98,-133.34,0.12936,31,95.53,-86.01,0.2337,32,48.86,-85.9,0.31453,33,2.6,-84.93,0.3224,4,30,-0.85,-142.79,0.10797,31,110.7,-80.39,0.20422,32,63.96,-80.1,0.3249,33,17.16,-77.88,0.36291,4,30,15.95,-147.25,0.08346,31,123.79,-68.95,0.16679,32,76.91,-68.5,0.32016,33,29.09,-65.24,0.42959,4,30,31.85,-147.4,0.06059,31,132.8,-55.85,0.12692,32,85.76,-55.3,0.29121,33,36.8,-51.34,0.52128,4,30,46.96,-144.37,0.03857,31,138.72,-41.62,0.08419,32,91.51,-41,0.23031,33,41.33,-36.61,0.64693,4,30,60.3,-139.55,0.01959,31,142.18,-27.86,0.04406,32,94.81,-27.2,0.13984,33,43.46,-22.58,0.79651,4,30,81,-125.97,0.00147,31,142.48,-3.12,0.00344,32,94.81,-2.45,0.01315,33,41.38,2.08,0.98194,4,30,101.02,-112.83,0.02262,31,142.77,20.83,0.05147,32,94.81,21.5,0.17474,33,39.37,25.95,0.75117,4,30,115.58,-95.38,0.05218,31,136.43,42.66,0.11394,32,88.21,43.25,0.31031,33,30.97,47.07,0.52357,4,30,125.05,-78.64,0.07747,31,127.84,59.86,0.16,32,79.41,60.35,0.3463,33,20.76,63.37,0.41623,4,30,129.71,-64.7,0.09697,31,118.88,71.52,0.19032,32,70.31,71.9,0.34634,33,10.73,74.11,0.36637,4,30,129.26,-47.24,0.11876,31,104.14,80.9,0.22091,32,55.46,81.1,0.33179,33,-4.84,82.03,0.32854,4,30,120.18,-33.4,0.13595,31,87.59,81.1,0.24817,32,38.91,81.1,0.31662,33,-21.33,80.64,0.29927,4,30,109.92,-17.77,0.16399,31,68.89,81.33,0.27796,32,20.21,81.1,0.30364,33,-39.97,79.07,0.25441,4,30,93.91,-9.13,0.18528,31,52.79,72.87,0.30066,32,4.21,72.45,0.30762,33,-55.19,69.11,0.20644,4,30,80.46,-7.14,0.19602,31,43.62,62.83,0.31602,32,-4.84,62.3,0.31949,33,-63.35,58.24,0.16847,4,30,70.8,-7.55,0.2003,31,38.57,54.59,0.33131,32,-9.79,54,0.32781,33,-67.59,49.55,0.14058,4,30,65.76,-8.89,0.1979,31,36.86,49.66,0.34286,32,-11.44,49.05,0.33331,33,-68.82,44.48,0.12594,4,30,64.05,-3.73,0.2239,31,31.63,51.12,0.34173,32,-16.69,50.45,0.31629,33,-74.17,45.43,0.11807,4,30,61.73,5.27,0.26829,31,22.86,54.23,0.33899,32,-25.49,53.45,0.28429,33,-83.19,47.69,0.10844,2,30,62.28,14.55,0.5,31,15.48,59.87,0.5,1,30,54.79,19.5,1,1,30,41.43,21.26,1,1,30,22.95,19.71,1,1,30,7.73,14.93,1,1,30,-5.65,6.15,1,1,30,-19.03,-2.63,1,1,30,-28.68,-8.97,1,1,30,-36.89,-24.52,1,1,30,-41.95,-40.34,1,1,30,-43.04,-52.24,1]}},"zuoyan":{"dapengu/zuoyan":{"x":0.58,"y":1.2,"rotation":-88.97,"width":27,"height":42},"dapengu/zuoyan1":{"rotation":-101.19,"width":27,"height":27}}}}],"events":{"gongji":{}},"animations":{"daiji":{"slots":{"qipao":{"color":[{"color":"ffffff00"}]},"qipao1":{"color":[{"color":"ffffff00"}]},"qipao2":{"color":[{"color":"ffffff00"}]},"qipao3":{"color":[{"color":"ffffff00"}]},"qipao4":{"color":[{"color":"ffffff00"}]},"qipao5":{"color":[{"color":"ffffff00"}]},"qipao6":{"color":[{"color":"ffffff00"}]},"qipao11":{"color":[{"color":"ffffff00"}]},"qipao21":{"color":[{"color":"ffffff00"}]},"qipao22":{"color":[{"color":"ffffff00"}]},"qipao23":{"color":[{"color":"ffffff00"}]},"qipao41":{"color":[{"color":"ffffff00"}]},"qipao51":{"color":[{"color":"ffffff00"}]},"qipao61":{"color":[{"color":"ffffff00"}]},"qipao211":{"color":[{"color":"ffffff00"}]},"qipao2111":{"color":[{"color":"ffffff00"}]}},"bones":{"shenti1":{"rotate":[{"angle":4.72},{"time":1,"angle":-6.39},{"time":2,"angle":4.72}]},"shenti2":{"rotate":[{"angle":2.87},{"time":0.1667,"angle":4.72},{"time":1.1667,"angle":-6.39},{"time":2,"angle":2.87}]},"shenti3":{"rotate":[{"angle":1.02},{"time":0.3333,"angle":4.72},{"time":1.3333,"angle":-6.39},{"time":2,"angle":1.02}]},"tou":{"translate":[{},{"time":1,"x":-10.26,"y":-3.56},{"time":2}],"scale":[{"y":1.05},{"time":1,"x":0.95},{"time":2,"y":1.05}]},"tou1":{"translate":[{"x":-0.02,"y":54.66},{"time":0.3333,"x":-15.67,"y":54.27},{"time":1,"x":11.21,"y":-61.46},{"time":2,"x":-0.02,"y":54.66}]},"zui01":{"rotate":[{"angle":6.5},{"time":1,"angle":-10.67},{"time":2,"angle":6.5}]},"zui02":{"rotate":[{"angle":3.64},{"time":0.1667,"angle":6.5},{"time":1.1667,"angle":-10.67},{"time":2,"angle":3.64}]},"zui03":{"rotate":[{"angle":0.78},{"time":0.3333,"angle":6.5},{"time":1.3333,"angle":-10.67},{"time":2,"angle":0.78}]}}},"gongji":{"slots":{"qipao":{"color":[{"color":"ffffff00","curve":"stepped"},{"time":0.25,"color":"ffffff00"},{"time":0.3333,"color":"ffffffff"},{"time":0.5,"color":"ffffff00"}]},"qipao1":{"color":[{"color":"ffffff00","curve":"stepped"},{"time":0.375,"color":"ffffff00"},{"time":0.4583,"color":"ffffffff"},{"time":0.625,"color":"ffffff00"}]},"qipao2":{"color":[{"color":"ffffff00","curve":"stepped"},{"time":0.375,"color":"ffffff00"},{"time":0.4583,"color":"ffffffff"},{"time":0.6667,"color":"ffffff00"}]},"qipao3":{"color":[{"color":"ffffff00","curve":"stepped"},{"time":0.3333,"color":"ffffff00"},{"time":0.375,"color":"ffffffff"},{"time":0.5417,"color":"ffffff00"}]},"qipao4":{"color":[{"color":"ffffff00","curve":"stepped"},{"time":0.4583,"color":"ffffff00"},{"time":0.5,"color":"ffffffff"},{"time":0.6667,"color":"ffffff00"}]},"qipao5":{"color":[{"color":"ffffff00","curve":"stepped"},{"time":0.3333,"color":"ffffff00"},{"time":0.375,"color":"ffffffff"},{"time":0.5417,"color":"ffffff00"}]},"qipao6":{"color":[{"color":"ffffff00","curve":"stepped"},{"time":0.7083,"color":"ffffff00"},{"time":0.75,"color":"ffffffff"},{"time":0.9167,"color":"ffffff00"}]},"qipao11":{"color":[{"color":"ffffff00","curve":"stepped"},{"time":0.4583,"color":"ffffff00"},{"time":0.5,"color":"ffffffff"},{"time":0.6667,"color":"ffffff00"}]},"qipao21":{"color":[{"color":"ffffff00","curve":"stepped"},{"time":0.5417,"color":"ffffff00"},{"time":0.625,"color":"ffffffff"},{"time":0.8333,"color":"ffffff00"}]},"qipao22":{"color":[{"color":"ffffff00","curve":"stepped"},{"time":0.375,"color":"ffffff00"},{"time":0.4583,"color":"ffffffff"},{"time":0.6667,"color":"ffffff00"}]},"qipao23":{"color":[{"color":"ffffff00","curve":"stepped"},{"time":0.8333,"color":"ffffff00"},{"time":0.875,"color":"ffffffff"},{"time":1,"color":"ffffff00"}]},"qipao41":{"color":[{"color":"ffffff00","curve":"stepped"},{"time":0.6667,"color":"ffffff00"},{"time":0.7083,"color":"ffffffff"},{"time":0.875,"color":"ffffff00"}]},"qipao51":{"color":[{"color":"ffffff00","curve":"stepped"},{"time":0.75,"color":"ffffff00"},{"time":0.8333,"color":"ffffffff"},{"time":1,"color":"ffffff00"}]},"qipao61":{"color":[{"color":"ffffff00","curve":"stepped"},{"time":0.8333,"color":"ffffff00"},{"time":0.9167,"color":"ffffffff"},{"time":1,"color":"ffffff00"}]},"qipao211":{"color":[{"color":"ffffff00","curve":"stepped"},{"time":0.625,"color":"ffffff00"},{"time":0.7083,"color":"ffffffff"},{"time":0.9167,"color":"ffffff00"}]},"qipao2111":{"color":[{"color":"ffffff00","curve":"stepped"},{"time":0.75,"color":"ffffff00"},{"time":0.7917,"color":"ffffffff"},{"time":1,"color":"ffffff00"}]},"youyan":{"attachment":[{"time":0.3333,"name":"dapengu/youyan1"},{"time":1.25,"name":"dapengu/youyan"}]},"zuoyan":{"attachment":[{"time":0.3333,"name":"dapengu/zuoyan1"},{"time":1.25,"name":"dapengu/zuoyan"}]}},"bones":{"zuoyan":{"translate":[{"time":0.1667},{"time":0.3333,"x":-14.66,"y":12.06,"curve":"stepped"},{"time":1,"x":-14.66,"y":12.06},{"time":1.25}]},"youyan":{"translate":[{"time":0.1667},{"time":0.3333,"x":-2.95,"y":-28.41,"curve":"stepped"},{"time":1,"x":-2.95,"y":-28.41},{"time":1.25}]},"qipao":{"translate":[{"y":2.18,"curve":"stepped"},{"time":0.25,"y":2.18},{"time":0.3333,"x":221.3,"y":-122},{"time":0.5,"x":1701.38,"y":-122}],"scale":[{"curve":"stepped"},{"time":0.3333,"x":3,"y":3},{"time":0.375,"x":1.5,"y":3},{"time":0.5,"y":5}]},"qipao1":{"translate":[{"y":2.18,"curve":"stepped"},{"time":0.375,"y":2.18},{"time":0.4583,"x":221.3,"y":-122},{"time":0.625,"x":1689.39,"y":-231.51}],"scale":[{"curve":"stepped"},{"time":0.4583,"x":3,"y":3},{"time":0.625,"x":2.5,"y":2.5}]},"qipao2":{"translate":[{"y":2.18},{"time":0.375,"y":-101.16},{"time":0.4583,"x":210.85,"y":-189.46},{"time":0.6667,"x":1001.34,"y":-1.37}],"scale":[{"curve":"stepped"},{"time":0.4583,"y":3.25},{"time":0.6667,"y":5}]},"qipao3":{"translate":[{"y":2.18,"curve":"stepped"},{"time":0.3333,"y":2.18},{"time":0.375,"x":233.35,"y":-151.72},{"time":0.5417,"x":1097.04,"y":-169.4}],"scale":[{"curve":"stepped"},{"time":0.375,"x":3,"y":3,"curve":"stepped"},{"time":0.4167,"x":3,"y":3},{"time":0.5417}]},"qipao11":{"translate":[{"y":2.18},{"time":0.4583,"x":-7.41,"y":-107.03},{"time":0.5,"x":465.76,"y":-122},{"time":0.6667,"x":1561.54,"y":-138.25}],"scale":[{"time":0.4583},{"time":0.5,"x":4,"y":4},{"time":0.5417,"x":2.5,"y":3},{"time":0.6667,"x":3,"y":5}]},"qipao4":{"translate":[{"y":2.18},{"time":0.4583,"x":10.35,"y":-109.75},{"time":0.5,"x":112.51,"y":-171.59},{"time":0.6667,"x":1430.68,"y":-241.85}],"scale":[{"curve":"stepped"},{"time":0.4583,"x":2,"y":2},{"time":0.5,"x":3,"y":3},{"time":0.5417,"x":1.5,"y":3},{"time":0.6667,"y":5}]},"qipao21":{"translate":[{"y":2.18},{"time":0.5417,"y":-68.26},{"time":0.625,"x":221.3,"y":-122},{"time":0.8333,"x":1174.62,"y":3.49}],"scale":[{"curve":"stepped"},{"time":0.5417,"x":2.5,"y":2.5},{"time":0.625,"x":4,"y":4},{"time":0.8333}]},"qipao5":{"translate":[{"y":2.18,"curve":"stepped"},{"time":0.3333,"y":2.18},{"time":0.375,"x":462.22,"y":-33.9},{"time":0.5417,"x":2040.64,"y":-72.56}],"scale":[{"curve":"stepped"},{"time":0.375,"x":4,"y":6},{"time":0.4167,"y":6},{"time":0.5417,"x":2,"y":6}]},"qipao22":{"translate":[{"y":2.18,"curve":"stepped"},{"time":0.375,"y":2.18},{"time":0.4583,"x":75.42,"y":-122},{"time":0.6667,"x":1180.35,"y":144.31}],"scale":[{"curve":"stepped"},{"time":0.4583,"x":3,"y":3},{"time":0.6667,"x":4,"y":4}]},"qipao211":{"translate":[{"y":2.18},{"time":0.625,"y":-104.93},{"time":0.7083,"x":221.3,"y":-122},{"time":0.9167,"x":1001.34,"y":-1.37}],"scale":[{"curve":"stepped"},{"time":0.7083,"x":3,"y":3},{"time":0.9167,"x":2.5,"y":5}]},"qipao51":{"translate":[{"y":2.18},{"time":0.75,"y":-90.55},{"time":0.8333,"x":319.44,"y":-126.09},{"time":1,"x":1513.9,"y":-46.17}],"scale":[{"curve":"stepped"},{"time":0.8333,"y":2},{"time":1,"y":5}]},"qipao6":{"translate":[{"y":2.18},{"time":0.7083,"x":9.59,"y":-85.85},{"time":0.75,"x":221.3,"y":-122},{"time":0.9167,"x":1483.05,"y":-122}],"scale":[{"curve":"stepped"},{"time":0.7083,"y":2.5},{"time":0.75,"x":1.5,"y":3.5},{"time":0.7917,"x":1.5,"y":3},{"time":0.9167,"y":5}]},"qipao41":{"translate":[{"y":2.18},{"time":0.6667,"x":36.72,"y":-112.22},{"time":0.7083,"x":221.3,"y":-122},{"time":0.875,"x":1376.49,"y":-122}],"scale":[{"curve":"stepped"},{"time":0.7083,"x":3,"y":3},{"time":0.75,"x":1.5,"y":5},{"time":0.875,"y":5}]},"qipao61":{"translate":[{"y":2.18},{"time":0.8333,"x":9.59,"y":-85.85},{"time":0.9167,"x":93.28,"y":-122},{"time":1,"x":1173.08,"y":-122}],"scale":[{"curve":"stepped"},{"time":0.9167,"x":1.5,"y":3},{"time":1,"y":5}]},"qipao23":{"translate":[{"y":2.18},{"time":0.8333,"y":-101.16},{"time":0.875,"x":221.3,"y":-122},{"time":0.9167,"x":434.69,"y":-189.46},{"time":1,"x":1926.93,"y":-187.24}],"scale":[{"curve":"stepped"},{"time":0.875,"x":3},{"time":0.9167,"x":5,"y":5},{"time":1,"y":5}]},"qipao2111":{"translate":[{"y":2.18},{"time":0.75,"y":-184.48},{"time":0.7917,"x":221.3,"y":-174.48},{"time":1,"x":1928.34,"y":-164.48}],"scale":[{"curve":"stepped"},{"time":0.7917,"x":5,"y":5},{"time":0.8333,"x":3,"y":3},{"time":1,"x":2.5,"y":5}]},"shenti1":{"rotate":[{"angle":4.72},{"time":0.1667,"angle":8.83},{"time":0.3333,"angle":-7.46,"curve":"stepped"},{"time":1,"angle":-7.46},{"time":1.25,"angle":4.72}],"scale":[{},{"time":0.0833,"x":0.95},{"time":0.1667,"x":1.1},{"time":1.25}]},"meimao1":{"translate":[{"time":0.1667},{"time":0.3333,"x":-9.01,"y":-16.32,"curve":"stepped"},{"time":1,"x":-9.01,"y":-16.32},{"time":1.25}]},"meimao2":{"translate":[{"time":0.1667},{"time":0.3333,"x":-13.27,"y":8.08,"curve":"stepped"},{"time":1,"x":-13.27,"y":8.08},{"time":1.25}]},"shenti2":{"rotate":[{"angle":2.87},{"time":0.1667,"angle":6.98},{"time":0.3333,"angle":-9.31,"curve":"stepped"},{"time":1,"angle":-9.31},{"time":1.25,"angle":2.87}],"scale":[{},{"time":0.0833,"x":0.95},{"time":0.1667,"x":1.1},{"time":1.25}]},"zui":{"translate":[{"time":0.1667},{"time":0.3333,"x":12.22,"y":-1.72,"curve":"stepped"},{"time":1,"x":12.22,"y":-1.72},{"time":1.25}]},"gu":{"translate":[{"time":0.1667},{"time":1,"x":-1.02,"y":12.94},{"time":1.25}],"scale":[{"time":0.1667},{"time":0.3333,"x":1.5,"y":1.5},{"time":1,"x":2,"y":2},{"time":1.25}]},"shenti3":{"rotate":[{"angle":1.02},{"time":0.1667,"angle":5.13},{"time":0.3333,"angle":-11.16,"curve":"stepped"},{"time":1,"angle":-11.16},{"time":1.25,"angle":1.02}],"scale":[{},{"time":0.0833,"x":0.95},{"time":0.1667,"x":1.1},{"time":1.25}]},"tou":{"rotate":[{"time":0.1667},{"time":0.3333,"angle":14.04},{"time":1,"angle":15.51},{"time":1.0417,"angle":5.96},{"time":1.125,"angle":16.59},{"time":1.25}],"translate":[{"time":0.1667},{"time":0.3333,"x":-19.54,"y":-12.38},{"time":1.25}],"scale":[{"y":1.05,"curve":"stepped"},{"time":0.0833,"y":1.05},{"time":0.1667,"x":1.2,"y":1.2},{"time":0.3333,"y":0.5},{"time":1,"x":0.9,"y":0.5},{"time":1.0833,"x":0.9,"y":1.1},{"time":1.25,"y":1.05}]},"tou1":{"translate":[{"x":-0.02,"y":54.66,"curve":"stepped"},{"time":0.1667,"x":-0.02,"y":54.66},{"time":0.3333,"x":15.09,"y":-24.96},{"time":1,"x":1.44,"y":-40.43},{"time":1.0833,"x":-2.88,"y":53.48},{"time":1.25,"x":-0.02,"y":54.66}]},"zui01":{"rotate":[{"angle":6.5,"curve":"stepped"},{"time":0.3333,"angle":6.5},{"time":0.375,"angle":11.84},{"time":0.4583,"angle":-1.79},{"time":0.5,"angle":6.5},{"time":0.5417,"angle":11.84},{"time":0.625,"angle":-1.79},{"time":0.6667,"angle":6.5},{"time":0.7083,"angle":11.84},{"time":0.75,"angle":-1.79},{"time":0.8333,"angle":6.5},{"time":0.875,"angle":11.84},{"time":0.9167,"angle":-1.79},{"time":1,"angle":6.5},{"time":1.0417,"angle":-25.34},{"time":1.125,"angle":25.37},{"time":1.25,"angle":6.5}],"translate":[{},{"time":0.1667,"x":8.24,"y":11.03},{"time":1.25}],"scale":[{},{"time":0.1667,"y":1.2},{"time":1.25}]},"zui02":{"rotate":[{"angle":3.64,"curve":"stepped"},{"time":0.3333,"angle":3.64},{"time":0.375,"angle":8.98},{"time":0.4583,"angle":-4.66},{"time":0.5,"angle":3.64},{"time":0.5417,"angle":8.98},{"time":0.625,"angle":-4.66},{"time":0.6667,"angle":3.64},{"time":0.7083,"angle":8.98},{"time":0.75,"angle":-4.66},{"time":0.8333,"angle":3.64},{"time":0.875,"angle":8.98},{"time":0.9167,"angle":-4.66},{"time":1,"angle":3.64},{"time":1.0417,"angle":-28.2},{"time":1.125,"angle":22.51},{"time":1.25,"angle":3.64}],"scale":[{},{"time":0.1667,"x":1.2,"y":1.5},{"time":1.0833,"x":0.8,"y":0.6},{"time":1.25}]},"zui03":{"rotate":[{"angle":0.78,"curve":"stepped"},{"time":0.3333,"angle":0.78},{"time":0.375,"angle":6.12},{"time":0.4583,"angle":-7.52},{"time":0.5,"angle":0.78},{"time":0.5417,"angle":6.12},{"time":0.625,"angle":-7.52},{"time":0.6667,"angle":0.78},{"time":0.7083,"angle":6.12},{"time":0.75,"angle":-7.52},{"time":0.8333,"angle":0.78},{"time":0.875,"angle":6.12},{"time":0.9167,"angle":-7.52},{"time":1,"angle":0.78},{"time":1.0417,"angle":-11.34},{"time":1.125,"angle":4.8},{"time":1.25,"angle":0.78}]}},"events":[{"time":0.5,"name":"gongji"},{"time":0.7083,"name":"gongji"},{"time":0.9167,"name":"gongji"}]}}},[0]]],0,0,[0],[-1],[0]]