[1,["ecpdLyjvZBwrvm+cedCcQy","47FELZgoVNuIBj7CE2cVol","39cgJS8CxP6rw7vrSioUZK","1c9lp1xvJLjICsa47znIwN"],["node","_spriteFrame","root","spiderNode","data","poolPrefab","_textureSetter"],[["cc.Node",["_name","_components","_prefab","_children","_parent","_contentSize","_trs"],2,9,4,2,1,5,7],["cc.PrefabInfo",["fileId","root","asset"],2,1,1],"cc.SpriteFrame",["cc.Prefab",["_name"],2],["8c24dm1vyFAkaeNEP9Im6oe",["node","spiderNode","poolPrefab"],3,1,1,6],["cc.Sprite",["_sizeMode","node","_materials","_spriteFrame"],2,1,3,6]],[[1,0,1,2,2],[5,0,1,2,3,2],[3,0,2],[0,0,3,1,2,2],[0,0,4,3,1,2,5,2],[0,0,4,1,2,5,6,2],[4,0,1,2,1],[1,1,2,1]],[[[[2,"XySpiderWebEffect"],[3,"XySpiderWebEffect",[-4],[[6,-3,-2,4]],[7,-1,0]],[4,"spiderWeb",1,[-6],[[1,0,-5,[2],3]],[0,"ddcGNtrzNO151XlbZ17ijl",1,0],[5,114.21,110.16]],[5,"spiderWeb",2,[[1,0,-7,[0],1]],[0,"195hrDc71NwYAPc0U4xgnZ",1,0],[5,98.7,95.2],[0,0,0,0,0,0,1,1,1,0.8]]],0,[0,2,1,0,3,2,0,0,1,0,-1,2,0,0,2,0,-1,3,0,0,3,0,4,1,7],[0,0,0,0,0],[-1,1,-1,1,5],[0,1,0,1,2]],[[{"name":"spiderWeb","rect":[0,0,141,136],"offset":[0,0],"originalSize":[141,136],"capInsets":[0,0,0,0]}],[2],0,[0],[6],[3]]]]