[1,["ecpdLyjvZBwrvm+cedCcQy","4dC+ZAHlxNQ5HT7+kOQ0ad","0c33xvjapJiYkA1rS8haWS","d8arANpXhCpKxA1PMc39st"],["node","root","charmEffectNode","data","_spriteFrame","poolPrefab","_textureSetter"],[["cc.Node",["_name","_components","_prefab","_children","_parent","_contentSize"],2,9,4,2,1,5],["cc.PrefabInfo",["fileId","root","asset"],2,1,1],"cc.SpriteFrame",["cc.Prefab",["_name"],2],["9dd7bDDLDJHG6jKizghw54F",["node","charmEffectNode","poolPrefab"],3,1,1,6],["cc.Sprite",["_sizeMode","node","_materials","_spriteFrame"],2,1,3,6]],[[3,0,2],[0,0,3,1,2,2],[0,0,4,1,2,5,2],[4,0,1,2,1],[1,1,2,1],[1,0,1,2,2],[5,0,1,2,3,2]],[[[[0,"xyCharmEffect"],[1,"xyCharmEffect",[-4],[[3,-3,-2,2]],[4,-1,0]],[2,"charmEffect",1,[[6,0,-5,[0],1]],[5,"ddcGNtrzNO151XlbZ17ijl",1,0],[5,114.21,110.16]]],0,[0,1,1,0,2,2,0,0,1,0,-1,2,0,0,2,0,3,1,5],[0,0,0],[-1,4,5],[0,1,2]],[[{"name":"charmProp","rect":[3,2,95,80],"offset":[0,0.5],"originalSize":[101,85],"capInsets":[0,0,0,0]}],[2],0,[0],[6],[3]]]]