[1,["63dCiI3/pCb4TaXR9v9SQd"],0,[["sp.SkeletonData",["_name","_atlasText","textureNames","_skeletonJson","textures"],-1,3]],[[0,0,1,2,3,4,5]],[[0,"01js","\n01js.png\nsize: 2048,512\nformat: RGBA8888\nfilter: Linear,Linear\nrepeat: none\nimages/2tietong\n  rotate: true\n  xy: 727, 134\n  size: 187, 170\n  orig: 187, 170\n  offset: 0, 0\n  index: -1\nimages/2tietong2\n  rotate: true\n  xy: 121, 79\n  size: 212, 118\n  orig: 212, 119\n  offset: 0, 0\n  index: -1\nimages/2tietong3\n  rotate: false\n  xy: 67, 2\n  size: 63, 74\n  orig: 63, 75\n  offset: 0, 1\n  index: -1\nimages/3tietong\n  rotate: true\n  xy: 896, 323\n  size: 187, 170\n  orig: 187, 170\n  offset: 0, 0\n  index: -1\nimages/3tietong2\n  rotate: true\n  xy: 241, 93\n  size: 207, 142\n  orig: 207, 143\n  offset: 0, 0\n  index: -1\nimages/3tietong3\n  rotate: true\n  xy: 450, 2\n  size: 90, 28\n  orig: 91, 28\n  offset: 1, 0\n  index: -1\nimages/hudeijie\n  rotate: true\n  xy: 990, 22\n  size: 112, 170\n  orig: 112, 170\n  offset: 0, 0\n  index: -1\nimages/luzhang\n  rotate: true\n  xy: 182, 302\n  size: 208, 202\n  orig: 208, 202\n  offset: 0, 0\n  index: -1\nimages/luzhang2\n  rotate: true\n  xy: 385, 94\n  size: 206, 192\n  orig: 206, 194\n  offset: 0, 0\n  index: -1\nimages/luzhang3\n  rotate: true\n  xy: 2, 293\n  size: 217, 178\n  orig: 217, 179\n  offset: 0, 0\n  index: -1\nimages/tietong\n  rotate: true\n  xy: 724, 323\n  size: 187, 170\n  orig: 187, 170\n  offset: 0, 0\n  index: -1\nimages/tietong2\n  rotate: true\n  xy: 2, 78\n  size: 213, 117\n  orig: 213, 118\n  offset: 0, 0\n  index: -1\nimages/tietong3\n  rotate: false\n  xy: 2, 2\n  size: 63, 74\n  orig: 63, 75\n  offset: 0, 1\n  index: -1\nimages/tongqian\n  rotate: true\n  xy: 899, 136\n  size: 185, 163\n  orig: 185, 163\n  offset: 0, 0\n  index: -1\nimages/xie1\n  rotate: false\n  xy: 302, 5\n  size: 146, 86\n  orig: 146, 86\n  offset: 0, 0\n  index: -1\nimages/xie2\n  rotate: true\n  xy: 1068, 401\n  size: 109, 60\n  orig: 109, 60\n  offset: 0, 0\n  index: -1\nimages/year_手臂1\n  rotate: true\n  xy: 1127, 195\n  size: 51, 85\n  orig: 51, 86\n  offset: 0, 1\n  index: -1\nimages/year_手臂2\n  rotate: true\n  xy: 480, 6\n  size: 86, 50\n  orig: 86, 50\n  offset: 0, 0\n  index: -1\nimages/year_臂膀1\n  rotate: false\n  xy: 892, 10\n  size: 44, 122\n  orig: 44, 122\n  offset: 0, 0\n  index: -1\nimages/year_身体\n  rotate: false\n  xy: 579, 122\n  size: 146, 193\n  orig: 146, 193\n  offset: 0, 0\n  index: -1\nimages/大腿1\n  rotate: false\n  xy: 1064, 187\n  size: 61, 134\n  orig: 61, 134\n  offset: 0, 0\n  index: -1\nimages/大腿2\n  rotate: true\n  xy: 1110, 142\n  size: 43, 98\n  orig: 43, 98\n  offset: 0, 0\n  index: -1\nimages/头\n  rotate: false\n  xy: 386, 313\n  size: 188, 197\n  orig: 188, 197\n  offset: 0, 0\n  index: -1\nimages/手1\n  rotate: true\n  xy: 132, 5\n  size: 72, 100\n  orig: 72, 100\n  offset: 0, 0\n  index: -1\nimages/手2\n  rotate: false\n  xy: 234, 7\n  size: 66, 70\n  orig: 66, 72\n  offset: 0, 0\n  index: -1\nimages/手臂1\n  rotate: false\n  xy: 1127, 248\n  size: 51, 85\n  orig: 51, 86\n  offset: 0, 1\n  index: -1\nimages/手臂2\n  rotate: false\n  xy: 532, 7\n  size: 56, 85\n  orig: 56, 85\n  offset: 0, 0\n  index: -1\nimages/眼睛1\n  rotate: false\n  xy: 1064, 141\n  size: 44, 44\n  orig: 44, 44\n  offset: 0, 0\n  index: -1\nimages/眼睛2\n  rotate: false\n  xy: 1068, 335\n  size: 64, 64\n  orig: 64, 64\n  offset: 0, 0\n  index: -1\nimages/脚\n  rotate: false\n  xy: 590, 5\n  size: 138, 115\n  orig: 138, 115\n  offset: 0, 0\n  index: 1\nimages/脚2\n  rotate: false\n  xy: 730, 10\n  size: 114, 122\n  orig: 114, 122\n  offset: 0, 0\n  index: -1\nimages/腰\n  rotate: true\n  xy: 1130, 410\n  size: 100, 62\n  orig: 100, 62\n  offset: 0, 0\n  index: -1\nimages/臂膀1\n  rotate: false\n  xy: 846, 10\n  size: 44, 122\n  orig: 44, 122\n  offset: 0, 0\n  index: -1\nimages/臂膀2\n  rotate: false\n  xy: 938, 13\n  size: 50, 121\n  orig: 50, 121\n  offset: 0, 0\n  index: -1\nimages/身体\n  rotate: false\n  xy: 576, 317\n  size: 146, 193\n  orig: 146, 193\n  offset: 0, 0\n  index: -1\nimages/领带\n  rotate: false\n  xy: 1162, 6\n  size: 51, 134\n  orig: 51, 134\n  offset: 0, 0\n  index: -1\n",["01js.png"],{"skeleton":{"hash":"o16ePFI58PpWfQZP8Z9BTz9QG9Q","spine":"3.8.99","x":-53.59,"y":-6,"width":100.14,"height":157.59},"bones":[{"name":"root","scaleX":-0.1,"scaleY":0.1},{"name":"bone1","parent":"root"},{"name":"bone_ikTarget_left","parent":"bone1","rotation":-31,"x":389.49,"y":88.79},{"name":"bone_ikTarget_right","parent":"bone1","rotation":-145.81,"x":-28.87,"y":49.34},{"name":"臂膀1","parent":"bone1","rotation":-165.89,"x":185.1,"y":644.11},{"name":"bone_ikTarget1","parent":"bone_ikTarget_left","rotation":31.08,"x":-202.25,"y":-226.66},{"name":"腰","parent":"臂膀1","rotation":75.81,"x":2.59,"y":15.65},{"name":"身体","parent":"臂膀1","length":187,"rotation":-89.56,"x":1.33,"y":-11.66},{"name":"bone_ikTarget","parent":"bone_ikTarget_right","rotation":145.81,"x":-156.89,"y":93.9},{"name":"身体1","parent":"身体","length":296,"rotation":15.74,"x":188.53,"y":-1.08},{"name":"大腿1","parent":"腰","length":348,"rotation":-5.35,"x":-23.83,"y":98.87},{"name":"大腿2","parent":"腰","length":250,"rotation":-1.59,"x":37.49,"y":-108.4},{"name":"头","parent":"身体1","length":287,"rotation":15.98,"x":301.45,"y":42.33},{"name":"臂膀2","parent":"身体1","length":271,"rotation":146.31,"x":241.25,"y":58.63},{"name":"脚_1","parent":"大腿1","length":249,"rotation":35.21,"x":347.39,"y":13.4},{"name":"臂膀11","parent":"身体1","length":291,"rotation":148.02,"x":157.17,"y":-76.8},{"name":"脚2","parent":"大腿2","length":308,"rotation":-17.2,"x":250.26},{"name":"领带1","parent":"身体1","length":169,"rotation":144.34,"x":147.18,"y":86.13},{"name":"bone","parent":"头","length":201,"rotation":78.6,"x":-0.45,"y":99.34},{"name":"手臂1","parent":"臂膀11","length":252,"rotation":-11.88,"x":291.98},{"name":"手臂2","parent":"臂膀2","length":260,"rotation":-9.26,"x":271.88},{"name":"脚21","parent":"脚2","length":183,"rotation":112.27,"x":308.41},{"name":"领带2","parent":"领带1","length":183,"rotation":0.7,"x":169.24},{"name":"眼睛2_","parent":"头","length":20,"rotation":-41.23,"x":95.26,"y":-43.94},{"name":"1 daoju","parent":"头","length":105,"rotation":-79.96,"x":254.85,"y":-130.41},{"name":"眼睛1_","parent":"头","length":20,"rotation":-41.67,"x":289.95,"y":179.73},{"name":"脚_11","parent":"脚_1","length":86,"rotation":-87.99,"x":242.83,"y":-4.92},{"name":"手2","parent":"手臂2","length":197,"rotation":1.47,"x":260.49},{"name":"大腿21","parent":"手臂1","length":225,"rotation":19.55,"x":252.6},{"name":"脚_12","parent":"脚_11","length":215,"rotation":-19.1,"x":86.07},{"name":"头_2","parent":"1 daoju","length":93.28,"rotation":178.83,"x":81.2,"y":-198.89,"scaleX":0.9335,"scaleY":0.9482,"shearX":-5.8},{"name":"头_3","parent":"头_2","length":76.45,"rotation":-0.84,"x":234.93,"y":-474.47},{"name":"身体2","parent":"身体1","x":47.05,"y":-144.77},{"name":"身体3","parent":"身体2","length":271.77,"rotation":-33.51,"x":33.29,"y":7.18},{"name":"身体4","parent":"身体2","length":257.65,"rotation":-115.01,"x":-46.86,"y":-15.78},{"name":"身体5","parent":"身体2","length":66.4,"rotation":-176.37,"x":-48.86,"y":12.45},{"name":"身体5b","parent":"身体5","length":66.4,"x":66.4},{"name":"身体5c","parent":"身体5b","length":66.4,"x":66.4}],"slots":[{"name":"手2","bone":"手2","attachment":"手2"},{"name":"手臂2","bone":"手臂2","attachment":"手臂2"},{"name":"臂膀2","bone":"臂膀2","attachment":"臂膀2"},{"name":"脚2","bone":"脚2","attachment":"脚2"},{"name":"xie2","bone":"脚21","attachment":"xie2"},{"name":"大腿2","bone":"大腿2","attachment":"大腿2"},{"name":"腰","bone":"腰","attachment":"腰"},{"name":"脚_1","bone":"脚_1","attachment":"脚_1"},{"name":"大腿1","bone":"大腿1","attachment":"大腿1"},{"name":"身体","bone":"身体","attachment":"身体"},{"name":"领带","bone":"领带1","attachment":"领带"},{"name":"头","bone":"头","attachment":"头"},{"name":"眼睛2_","bone":"眼睛2_","attachment":"眼睛2_"},{"name":"眼睛1_","bone":"眼睛1_","attachment":"眼睛1_"},{"name":"luzhang3","bone":"1 daoju","attachment":"luzhang3"},{"name":"luzhang2","bone":"1 daoju","attachment":"luzhang2"},{"name":"luzhang","bone":"1 daoju","attachment":"luzhang"},{"name":"luzhang4","bone":"1 daoju","attachment":"luzhang2"},{"name":"luzhang5","bone":"1 daoju","attachment":"luzhang3"},{"name":"手1","bone":"大腿21","attachment":"手1"},{"name":"手臂1","bone":"手臂1","attachment":"手臂1"},{"name":"臂膀1","bone":"臂膀11","attachment":"臂膀1"},{"name":"tietong8","bone":"头_3","attachment":"tietong4"},{"name":"tietong9","bone":"头_3","attachment":"tietong5"},{"name":"tietong3","bone":"头_3","attachment":"tietong3"},{"name":"tietong12","bone":"头_3","attachment":"tietong4"},{"name":"tietong13","bone":"头_3","attachment":"tietong4"},{"name":"tietong4","bone":"1 daoju","attachment":"tietong2"},{"name":"tietong5","bone":"1 daoju","attachment":"tietong3"},{"name":"tietong","bone":"1 daoju","attachment":"tietong"},{"name":"tietong10","bone":"1 daoju","attachment":"tietong2"},{"name":"tongqian","bone":"1 daoju","attachment":"tongqian2"},{"name":"tongqian2","bone":"1 daoju","attachment":"tongqian2"},{"name":"tietong15","bone":"1 daoju","attachment":"tietong2"},{"name":"tongqian3","bone":"1 daoju","attachment":"tongqian3"},{"name":"tietong6","bone":"头_2","attachment":"tietong3"},{"name":"tietong7","bone":"头_2","attachment":"tietong4"},{"name":"tietong2","bone":"头_2","attachment":"tietong2"},{"name":"tietong11","bone":"头_2","attachment":"tietong3"},{"name":"tietong14","bone":"头_2","attachment":"tietong3"},{"name":"hudeijie","bone":"身体1","attachment":"hudeijie3"},{"name":"xie1","bone":"脚_11","attachment":"xie1"}],"ik":[{"name":"bone_ik","order":1,"target":"bone_ikTarget_right","bendPositive":false,"bones":["大腿2","脚2"]},{"name":"bone_ik1","target":"bone_ikTarget_left","bones":["大腿1","脚_1"]},{"name":"bone_ik2","order":2,"target":"bone_ikTarget","bones":["脚21"]},{"name":"bone_ik3","order":3,"target":"bone_ikTarget1","bones":["脚_12"]}],"skins":[{"name":"js","attachments":{"大腿1":{"大腿1":{"path":"images/大腿1","x":166.41,"y":14.99,"rotation":95.42,"width":204,"height":446}},"大腿2":{"大腿2":{"path":"images/大腿2","x":135.46,"y":4.48,"rotation":91.66,"width":144,"height":327}},"头":{"头":{"type":"mesh","path":"images/头","hull":59,"uvs":[0.18707,0,0.21346,0.00549,0.23744,0.02894,0.20557,0.1115,0.22269,0.13658,0.43083,0.08479,0.61964,0.09384,0.61482,0.05652,0.6212,0.05778,0.63945,0.0985,0.72514,0.11977,0.74167,0.04865,0.74486,0.05589,0.74616,0.09329,0.83184,0.08683,0.88364,0.11162,0.80317,0.10092,0.76799,0.14389,0.87122,0.21588,0.91088,0.34225,0.97495,0.38868,0.92971,0.37786,0.93033,0.56286,0.96319,0.55944,1,0.58567,1,0.58981,0.9976,0.59048,0.95244,0.57602,0.90844,0.58805,0.85885,0.66513,0.73675,0.77429,0.70672,0.82058,0.66242,0.90776,0.61181,0.93413,0.48538,1,0.39898,1,0.24423,0.98999,0.24128,0.94069,0.1782,0.91963,0.17742,0.86961,0.21821,0.83382,0.20281,0.80492,0.17321,0.74936,0.08376,0.74666,0.06502,0.71773,0.03166,0.66622,0.08076,0.56752,0.07279,0.51307,0,0.42363,0,0.416,0.01895,0.28959,0.02971,0.2579,0.0368,0.22645,0.11313,0.22635,0.17011,0.18211,0.12885,0.08793,0.18677,0.10439,0.21335,0.03216,0.1646,0,0.35069,0.79775,0.49113,0.78498,0.57999,0.77403,0.61629,0.84333,0.26279,0.65641,0.5561,0.71477],"triangles":[62,61,31,32,62,31,37,38,39,62,60,61,33,62,32,37,39,40,35,36,37,35,59,60,35,37,59,33,60,62,34,35,60,33,34,60,60,64,61,59,41,63,57,0,1,57,1,2,58,0,57,6,7,8,12,10,11,6,8,9,16,13,14,3,56,57,3,57,2,16,14,15,13,10,12,17,13,16,10,13,17,54,55,56,54,56,3,54,3,4,20,21,19,53,48,49,53,51,52,53,50,51,50,53,49,47,48,53,63,46,47,27,22,23,26,27,23,18,19,17,28,19,21,28,21,22,28,22,27,24,26,23,25,26,24,5,54,4,63,54,5,47,53,54,54,63,47,9,17,19,28,29,19,44,45,46,64,63,5,6,64,5,9,64,6,9,19,64,17,9,10,29,64,19,63,44,46,42,43,44,63,42,44,29,30,64,41,42,63,30,61,64,60,63,64,40,41,59,59,63,60,31,61,30,37,40,59],"vertices":[1,12,516.03,-114.04,1,1,12,501.55,-122.89,1,1,12,480.01,-122.15,1,1,12,456.92,-69.06,1,1,12,437.74,-64.56,1,1,12,366.84,-179.54,1,1,12,277.04,-257.2,1,1,12,296.21,-272.85,1,1,12,292.74,-275.02,1,1,12,265.93,-263.58,1,1,12,217.37,-290.67,1,1,12,242.22,-331.66,1,1,12,237.48,-329.6,1,1,12,219.88,-312.38,1,1,12,183.93,-352.65,1,1,12,149.15,-363.35,1,1,12,190.54,-333.5,1,1,12,186.96,-297.8,1,1,12,107.36,-308.38,1,1,12,31.89,-265.51,1,1,12,-18.3,-271.24,1,1,12,7.15,-256.75,1,1,12,-77.28,-169.05,1,1,12,-90.63,-184.94,1,1,12,-119.27,-188.45,1,1,12,-121.15,-186.48,1,1,12,-120.37,-185.12,1,1,12,-93.3,-172.39,1,1,12,-78.8,-147.57,1,2,12,-91.36,-89.4,0.99913,18,-202.98,51.81,0.00087,2,12,-85.59,15.51,0.76866,18,-99,66.9,0.23134,2,12,-93.02,50.56,0.61623,18,-66.11,81.11,0.38377,2,12,-112.57,111.24,0.22217,18,-10.49,112.26,0.77783,2,12,-101.6,145.75,0.01303,18,25.5,108.33,0.98697,1,18,115.43,98.49,1,1,18,159.94,67.47,1,1,18,235.91,6.5,1,2,12,63.57,309.72,0.00624,18,218.88,-21.17,0.99376,2,12,101.78,327.08,0.02041,18,243.46,-55.19,0.97959,2,12,124.88,303.64,0.03615,18,225.04,-82.48,0.96385,2,12,122.65,268.91,0.59032,18,190.56,-87.15,0.40968,2,12,142.79,261.85,0.66366,18,187.62,-108.28,0.33634,2,12,181.48,248.29,0.87033,18,181.97,-148.9,0.12967,2,12,223.31,285.83,0.83708,18,227.05,-182.48,0.16292,1,12,244.97,280.21,1,1,12,283.54,270.2,1,1,12,306.15,201.96,1,1,12,334.53,179.53,1,1,12,408.24,168.6,1,1,12,411.72,164.97,1,2,12,460.61,96.63,0.99101,18,88.48,-452.5,0.00899,2,12,470.14,76.89,0.99541,18,71.02,-465.74,0.00459,2,12,481.23,58.86,0.99714,18,55.54,-480.17,0.00286,2,12,446.64,25.68,0.99875,18,16.17,-452.82,0.00125,1,12,440.9,-20.09,1,1,12,502.46,-46.96,1,1,12,468.69,-64.27,1,1,12,489.48,-110.16,1,1,12,526.23,-104.29,1,2,12,78.94,194.25,0.9119,18,108.74,-59.06,0.0881,2,12,21.01,127.21,0.51132,18,31.57,-15.52,0.48868,2,12,-14.34,83.44,0.53068,18,-18.33,10.47,0.46932,2,12,-62.33,100.63,0.32761,18,-10.96,60.92,0.67239,1,12,183.11,165.21,1,1,12,23.46,65.63,1]}},"手1":{"手1":{"path":"images/手1","x":104.2,"y":25.43,"rotation":84.02,"width":239,"height":332}},"手2":{"手2":{"path":"images/手2","x":100.96,"y":5.6,"rotation":101.19,"width":219,"height":240}},"手臂1":{"手臂1":{"path":"images/手臂1","x":127.1,"y":-6.47,"rotation":103.57,"width":169,"height":285}},"手臂2":{"手臂2":{"path":"images/手臂2","x":135.12,"y":-13.92,"rotation":102.66,"width":185,"height":283}},"眼睛1_":{"眼睛1_":{"path":"images/眼睛1","x":6.99,"y":-1.27,"rotation":-94.6,"width":147,"height":147}},"眼睛2_":{"眼睛2_":{"path":"images/眼睛2","x":4.96,"y":-0.84,"rotation":-95.04,"width":213,"height":213}},"脚2":{"脚2":{"type":"mesh","path":"images/脚2","hull":43,"uvs":[0.45932,0,0.59134,0.02506,0.64449,0.18568,0.51706,0.60247,0.55118,0.61235,0.64304,0.60494,0.74016,0.61728,0.91837,0.71185,0.95538,0.78765,0.96588,0.79012,0.98688,0.79506,0.99738,0.8642,0.99475,0.88148,0.99738,0.88889,0.98688,0.93086,0.9895,0.93333,0.98438,0.96815,0.65092,0.99753,0.5748,0.99012,0.56693,0.99259,0.30643,0.96198,0.16798,0.96049,0.06299,0.96321,0.04462,0.81975,0,0.83457,0.0105,0.77531,0.00525,0.7358,0.08399,0.67654,0.04396,0.64136,0.09528,0.57284,0.12861,0.56049,0.38058,0.03457,0.18913,0.29745,0.13381,0.47015,0.2898,0.11947,0.55068,0.39051,0.58592,0.27145,0.52877,0.52983,0.64069,0.10287,0.53725,0,0.04256,0.89183,0.84631,0.98896,0.83963,0.64112],"triangles":[12,14,13,8,12,11,9,8,11,10,9,11,14,16,15,41,14,12,8,41,12,14,41,16,7,41,8,42,6,7,6,17,7,17,41,7,5,17,6,5,18,17,4,18,5,4,3,19,3,20,19,4,19,18,23,40,21,40,22,21,25,24,23,0,31,36,0,36,2,1,39,38,39,0,38,0,2,38,31,34,36,32,35,36,34,32,36,27,20,3,32,33,37,32,37,35,30,27,3,30,3,37,33,30,37,27,23,21,27,21,20,29,27,30,25,23,27,26,25,27,28,27,29],"vertices":[1,16,-39.33,-33.72,1,1,16,-40.05,20.98,1,1,16,-3.26,49.4,1,2,16,184.46,65.97,0.64899,21,108.02,89.71,0.35102,2,16,184.04,79.57,0.53262,21,120.76,84.94,0.46738,2,16,169.89,111.72,0.37129,21,155.88,85.86,0.62871,2,16,162.66,148.35,0.22197,21,192.52,78.67,0.77803,1,21,249.63,45.21,1,1,21,270.27,4.91,1,1,21,274.2,3.68,1,1,21,282.07,1.21,1,1,21,284.4,-26.98,1,1,21,282.98,-33.91,1,1,21,283.8,-36.96,1,1,21,278.8,-53.7,1,1,21,279.74,-54.75,1,1,21,275.03,-66.5,1,2,16,319.38,165.96,0.16164,21,149.42,-73.04,0.83836,2,16,325.92,137.54,0.19526,21,120.65,-68.32,0.80474,2,16,327.83,135.03,0.20425,21,117.6,-69.14,0.79575,2,16,346.31,31.44,0.47339,21,14.73,-46.99,0.52661,2,16,364.67,-13.01,0.49656,21,-33.36,-47.13,0.50345,2,16,375.71,-51.51,0.49808,21,-73.17,-42.76,0.50192,2,16,325.92,-75.92,0.4994,21,-76.89,12.56,0.5006,2,16,337.09,-90.06,0.49934,21,-94.22,7.58,0.50066,2,16,313.09,-94.04,0.49989,21,-88.8,31.3,0.50011,2,16,298.6,-101.1,0.50234,21,-89.84,47.39,0.49766,2,16,266.19,-80.47,0.5605,21,-58.47,69.57,0.4395,2,16,252.06,-94.81,0.57505,21,-66.38,88.07,0.42495,2,16,223.21,-84.58,0.66828,21,-45.99,110.9,0.33172,2,16,216.21,-79.58,0.7008,21,-38.7,115.47,0.2992,1,16,-16.38,-57.59,1,1,16,114.68,-69.98,1,2,16,178.55,-76.01,0.79668,21,-21.13,148.98,0.20332,1,16,47.9,-63.66,1,2,16,96.4,58.2,0.89953,21,134.2,174.14,0.10047,1,16,48.53,53.98,1,2,16,151.66,63.08,0.78674,21,117.77,121.15,0.21326,1,16,-22,34.92,1,1,16,-39.71,-4.7,1,2,16,352.34,-62.96,0.49847,21,-74.91,-16.8,0.50153,1,21,223.02,-69.21,1,2,16,166.44,181.39,0.14142,21,221.67,62.64,0.85858]}},"脚_1":{"脚_1":{"type":"mesh","path":"images/脚_1","hull":42,"uvs":[0.51133,0,0.63399,0.06545,0.75163,0.39529,0.8976,0.29581,0.97146,0.34712,0.99782,0.49215,0.99564,0.53403,0.95643,0.48429,0.92375,0.45812,0.91939,0.5288,0.95861,0.59162,0.94118,0.61518,0.92375,0.63089,0.97048,0.81832,0.93028,0.7801,0.92832,0.87723,0.21351,0.99738,0.01351,0.97683,0,0.82984,0.00871,0.77749,0.03486,0.76963,0.11329,0.60445,0.33333,0.5445,0.4793,0.57592,0.47712,0.51571,0.51852,0.5,0.44227,0.3822,0.53813,0.37173,0.58606,0.39791,0.60349,0.3822,0.44346,0.09411,0.45871,0.02605,0.57953,0.01637,0.2149,0.55824,0.05971,0.68211,0.56874,0.63796,0.61972,0.73914,0.59084,0.90534,0.77036,0.89772,0.96278,0.71809,1,0.42565,0.43582,0.97411,0.33068,1,0.461,0.67919,0.50795,0.78992,0.48211,0.95357,0.14336,0.83691,0.3561,0.84516],"triangles":[44,37,36,35,44,36,25,23,35,43,44,35,44,45,37,23,43,35,24,23,25,47,45,44,47,41,45,43,47,44,22,43,23,22,47,43,47,42,41,16,42,47,46,16,47,22,33,47,33,46,47,21,34,46,21,46,33,46,17,16,20,18,46,18,17,46,34,20,46,19,18,20,36,38,12,35,36,2,36,37,38,39,14,13,7,6,5,4,8,40,8,7,40,7,5,40,3,8,4,12,14,39,9,11,10,3,2,8,9,12,11,12,38,14,14,38,15,9,2,12,2,36,12,2,9,8,29,28,2,28,35,2,1,29,2,25,35,28,32,30,1,0,30,32,27,25,28,31,30,0,26,25,27,1,29,30],"vertices":[1,14,-15.54,13.15,1,1,14,32.98,47.6,1,3,14,169.16,31.88,0.83449,26,-39.37,-72.33,0.12506,29,-94.87,-109.39,0.04045,2,14,169.46,108.91,0.60728,26,-116.34,-69.32,0.39272,2,14,204.45,125.75,0.5398,26,-131.94,-33.76,0.4602,2,14,257.4,111.58,0.52404,26,-115.92,18.66,0.47596,3,14,270.79,102.76,0.45855,26,-106.64,31.73,0.40879,29,-192.48,-33.06,0.13266,3,14,245.36,96.58,0.46082,26,-101.35,6.1,0.41694,29,-179.1,-55.55,0.12224,3,14,229.23,88.52,0.47169,26,-93.87,-10.31,0.41452,29,-166.66,-68.61,0.11379,3,14,251.67,73.38,0.48362,26,-77.94,11.59,0.41993,29,-158.77,-42.71,0.09645,3,14,281.44,77.08,0.47884,26,-80.59,41.47,0.40763,29,-171.06,-15.34,0.11353,3,14,285.28,65.67,0.48892,26,-69.05,44.9,0.40557,29,-161.27,-8.32,0.10551,3,14,286.51,55.74,0.49934,26,-59.09,45.79,0.40336,29,-152.15,-4.22,0.0973,3,14,349.01,36.1,0.4358,26,-37.27,107.56,0.38023,29,-151.74,61.29,0.18398,3,14,337.47,30.03,0.4471,26,-31.61,95.81,0.38341,29,-142.55,52.04,0.16949,3,14,364.99,9.67,0.4078,26,-10.29,122.6,0.36498,29,-131.17,84.33,0.22721,1,29,196.65,60.68,1,1,29,282.25,31.14,1,1,29,278.18,-23.3,1,1,29,269.88,-41.93,1,1,29,257.52,-42.22,1,1,29,209.43,-91.86,1,3,14,123.26,-163.07,0.19232,26,153.85,-125.05,0.25267,29,104.96,-96,0.55501,3,14,166.96,-110.88,0.18528,26,103.23,-79.55,0.34387,29,42.24,-69.56,0.47085,3,14,146.5,-100.33,0.31306,26,91.96,-99.63,0.31637,29,38.16,-92.22,0.37057,3,14,150.73,-80.86,0.40478,26,72.65,-94.71,0.29501,29,18.31,-93.89,0.3002,3,14,94.29,-88.88,0.58211,26,78.68,-151.4,0.20062,29,42.56,-145.49,0.21727,3,14,112.67,-48.71,0.79461,26,39.18,-131.62,0.10882,29,-1.25,-139.71,0.09657,3,14,132.28,-34.58,0.85432,26,25.75,-111.53,0.08213,29,-20.51,-125.12,0.06355,3,14,131.04,-24.65,0.92362,26,15.79,-112.41,0.04443,29,-29.63,-129.22,0.03195,1,14,-6.14,-26.8,1,1,14,-19.65,-4.09,1,1,14,7.94,29.83,1,2,26,200.72,-139.23,0.21372,29,153.9,-94.06,0.78628,1,29,234.66,-65.8,1,3,14,207.92,-87.03,0.08533,26,80.82,-37.78,0.4529,29,7.41,-37.41,0.46176,3,14,253.08,-85.91,0.00432,26,81.3,7.4,0.58323,29,-6.92,5.44,0.41245,3,14,308.96,-134.72,0.1144,26,132.04,61.53,0.42119,29,23.31,73.19,0.46441,3,14,339.38,-56.34,0.29359,26,54.78,94.68,0.37148,29,-60.54,79.24,0.33492,3,14,317.15,46.11,0.47243,26,-48.39,76.07,0.39353,29,-151.94,27.9,0.13405,2,14,232.02,118.37,0.52227,26,-123.6,-6.47,0.47773,2,26,214.12,26.32,0.20669,29,112.4,66.76,0.79331,2,26,250.83,10.56,0.13013,29,152.24,63.88,0.86987,3,14,193.76,-141.51,0.04717,26,134.78,-53.84,0.17899,29,63.65,-34.94,0.77384,3,14,244.41,-145.48,0.00936,26,140.52,-3.36,0.06642,29,52.56,14.64,0.92422,3,14,286.3,-193.11,0.08064,26,189.6,36.83,0.25801,29,85.79,68.68,0.66135,1,29,212.92,-3.25,1,2,26,208.77,-28,0.01168,29,125.11,13.69,0.98832]}},"腰":{"腰":{"path":"images/腰","x":4.88,"y":-1.89,"rotation":90.07,"width":332,"height":207}},"臂膀1":{"臂膀1":{"type":"mesh","path":"images/臂膀1","hull":16,"uvs":[0,0.27185,0.28345,0,0.7527,0,1,0.14333,0,0.73531,0.48446,0.6863,1,0.75358,1,0.85778,0.63547,1,0.20541,1,0,0.94556,0.47027,0.84642,0.42703,1,0,0.8521,0.50068,0.52025,0.50709,0.26395,0.5625,0,1,0.26617,0,0.52704,1,0.52358],"triangles":[6,11,7,11,8,7,11,12,8,9,12,11,10,9,11,13,10,11,4,13,11,5,11,6,2,16,3,16,15,3,5,6,19,14,5,19,3,15,17,14,19,17,15,14,17,1,15,16,1,0,15,15,0,14,0,18,14,4,11,5,18,5,14,18,4,5],"vertices":[1,15,89.86,-79.59,1,1,15,-21.42,-40.9,1,1,15,-23.47,28.52,1,1,15,33.48,66.82,1,2,15,277.48,-74.06,0.85,19,1.06,-75.46,0.15,2,15,255.53,-2.97,0.88,19,-35.06,-10.41,0.12,2,15,280.52,74.09,0.84,19,-26.46,70.15,0.16,1,19,14.56,80.05,1,1,19,83.21,41.11,1,1,19,98.14,-20.76,1,1,19,83.83,-55.48,1,2,15,320.41,-3.16,0.00861,19,28.48,2.76,0.99139,1,19,90.44,11.13,1,2,15,324.76,-72.67,0.15,19,47.04,-64.36,0.85,2,15,188.24,-2.56,0.99939,19,-100.99,-23.85,0.00061,1,15,84.45,-4.66,1,1,15,-22.64,0.38,1,1,15,83.2,68.28,1,1,15,193.17,-76.54,1,1,15,187.41,71.35,1]}},"臂膀2":{"臂膀2":{"type":"mesh","path":"images/臂膀2","hull":19,"uvs":[0,0.91188,0.24371,1,0.53593,1,0.81557,0.9198,0.95868,0.82116,0.92365,0.76089,0.96497,0.58614,1,0.39059,1,0.18416,0.9521,0.08725,0.79341,0.00012,0.57425,0.00012,0.32635,0.07413,0.1991,0.2,0.11647,0.3604,0.09132,0.57438,0.08174,0.66881,0,0.72822,0.66317,0.08181,0.61228,0.23676,0.57425,0.37871,0.52964,0.58614,0.49162,0.76349,0,0.82785,0.44371,0.87116],"triangles":[21,5,6,20,21,6,20,6,7,19,20,7,9,18,8,18,19,8,19,7,8,21,22,5,10,18,9,5,22,4,11,18,10,15,21,20,12,13,19,12,19,18,11,12,18,16,22,21,13,14,20,14,15,20,13,20,19,15,16,21,16,17,22,22,3,4,22,24,3,24,2,3,24,1,2,23,24,22,17,23,22,0,1,24,23,0,24],"vertices":[1,20,80.24,-57.51,1,2,20,106.05,-10,0.99141,13,374.94,-26.93,0.00859,1,20,95.35,37.62,1,1,20,53.5,76.08,1,2,20,9.38,90.66,0.50395,13,295.73,87.97,0.49605,2,20,-13.09,79.62,0.15,13,271.77,80.69,0.85,1,13,200.88,83.38,1,1,13,121.67,84.53,1,1,13,38.42,79.57,1,1,13,-0.18,69.26,1,1,13,-33.75,40.72,1,1,13,-31.57,4.18,1,1,13,0.73,-35.37,1,1,13,52.75,-53.56,1,1,13,118.26,-63.49,1,1,13,204.81,-62.54,1,2,20,-18.57,-65.72,0.12,13,242.98,-61.88,0.88,2,20,7.84,-73.78,0.5,13,267.75,-74.08,0.5,1,13,0.49,20.97,1,1,13,63.48,16.2,1,1,13,121.11,13.27,1,1,13,205.2,10.81,1,2,20,3.75,9.45,0.17,13,277.1,8.73,0.83,1,20,47.11,-64.95,1,1,20,47.94,11.18,1]}},"身体":{"身体":{"type":"mesh","path":"images/身体","hull":34,"uvs":[0.13525,0,0.46926,0.10714,0.99795,0.68323,0.90369,0.73913,0.84836,0.79969,0.79098,0.79193,0.80533,0.83696,0.74795,0.9146,0.65984,0.84161,0.68033,0.90217,0.47746,0.99845,0.40369,0.79348,0.31762,0.81677,0.29303,0.76863,0.26639,0.81056,0.21783,0.8021,0.16803,0.84627,0.13586,0.86196,0.09488,0.86607,0.10246,0.80124,0,0.15373,0.05533,0.0264,0.66204,0.27074,0.82788,0.49792,0.32582,0.02094,0,0.33019,0.08653,0.70059,0.27295,0.23851,0.50369,0.5462,0.19827,0.82656,0.044,0.51851,0.38695,0.39052,0.01016,0.08022,0.41264,0.0607,0.23292,0.00078,0.57552,0.18811,0.8867,0.57617,0.59252,0.71427],"triangles":[36,3,2,37,5,36,36,5,3,5,4,3,23,37,36,22,28,23,28,37,23,5,8,6,8,7,6,37,8,5,8,10,9,37,11,8,11,10,8,28,11,37,13,11,28,26,13,28,30,26,28,13,12,11,15,14,13,26,15,13,26,19,15,19,29,15,19,16,29,19,17,16,19,18,17,31,28,22,35,31,22,27,31,35,1,27,35,31,30,28,33,27,1,24,27,33,34,27,24,27,25,31,25,30,31,32,20,27,34,0,27,20,25,27,32,21,27,0,21,27],"vertices":[1,9,304.1,-18.79,1,1,9,162.31,-124.74,1,1,7,-45.32,-233.64,1,1,7,-68.61,-180.07,1,1,7,-99.58,-144.14,1,1,7,-87.7,-118.29,1,1,7,-117.53,-117.78,1,1,7,-158.89,-78.12,1,1,7,-102.6,-48.31,1,1,7,-142.86,-48.19,1,1,7,-178,63.21,1,1,7,-41.19,64.9,1,1,7,-45.15,109.32,1,1,7,-12.13,113.15,1,1,7,-35,132.51,1,1,7,-20.98,154.7,1,1,7,-45.2,184.75,1,1,7,-49.03,217.77,1,1,7,-46.34,220.17,1,1,7,-9.1,208.44,1,1,9,251.9,88.13,1,1,9,309.09,23.46,1,2,9,26.43,-135.5,0.51531,7,250.72,-124.33,0.48469,1,7,91.04,-183.29,1,1,9,230.78,-73.59,1,2,9,107.77,150.66,0.60059,7,251.4,173.16,0.39941,1,7,55.6,199.67,1,2,9,137.58,0.65,0.99998,7,320.78,36.86,0.00002,2,9,-90.31,3.36,0.05761,7,100.69,-22.35,0.94239,1,7,-32.14,168.55,1,2,9,15.61,190.64,0.48941,7,151.85,186.64,0.51059,2,9,24.98,1.99,0.99425,7,212.04,7.61,0.00575,1,9,281.57,54.58,1,1,9,194.08,-101,1,1,9,264.94,-48.05,1,2,9,91.45,-130.35,0.60436,7,311.91,-101.74,0.39564,1,7,35.92,-203.65,1,1,7,-14.96,-37.11,1]}},"领带":{"领带":{"type":"mesh","path":"images/领带","hull":20,"uvs":[0.58964,0,0.87337,0.07623,0.79438,0.17735,0.99408,0.7815,0.76953,0.90549,0.4216,0.99776,0,0.73991,0.50296,0.19955,0.28254,0.0454,0.34763,0.02052,0.37423,0.14235,0.72844,0.03225,0.34974,0.30736,0.20719,0.44497,0.07798,0.60139,0.83533,0.31879,0.89445,0.46604,0.9604,0.6237,0.14259,0.87829,0.48638,1],"triangles":[6,18,4,14,6,17,17,6,3,6,4,3,5,19,4,18,5,4,13,14,16,16,14,17,2,7,15,15,12,16,12,13,16,10,7,2,7,12,15,11,2,1,11,10,2,0,10,11,9,8,10,9,10,0],"vertices":[1,9,233.31,50.35,1,1,9,180.25,26.91,1,2,9,146.73,62.71,0.23,17,-13.28,19.29,0.77,2,17,247.89,83.03,0.33919,22,79.66,82.06,0.66081,2,17,305.4,48.26,0.09393,22,136.74,46.59,0.90607,2,17,354.27,-1.38,0.0005,22,184.99,-3.65,0.9995,2,17,246.7,-85.82,0.35967,22,76.4,-86.77,0.64033,2,9,160.5,102.15,0.23,17,-1.48,-20.78,0.77,1,9,237.01,100.3,1,1,9,241.04,93.32,1,1,9,197.1,101.27,1,1,9,207.36,38.89,1,2,17,55.19,-35.63,0.91833,22,-114.48,-34.22,0.08167,2,17,117.21,-51.89,0.66728,22,-52.66,-51.25,0.33272,2,17,185.14,-69.69,0.4883,22,15.04,-69.88,0.5117,2,17,46.79,33.95,0.93337,22,-122.03,35.45,0.06663,2,17,112.69,50.03,0.69488,22,-55.94,50.72,0.30512,2,17,180.31,66.54,0.49182,22,11.88,66.4,0.50818,2,17,297.65,-45.83,0.10752,22,127.83,-47.4,0.89248,2,17,333.12,20.11,0.01183,22,164.11,18.09,0.98817]}}}},{"name":"js-year1","attachments":{"xie1":{"xie1":{"type":"mesh","path":"images/xie1","hull":22,"uvs":[0.53229,0.43003,0.53436,0.35683,0.4738,0.3139,0.48003,0.00909,0.66036,0,0.87079,0,1,0.09683,1,0.39807,0.94325,0.43846,0.95019,0.67548,0.94424,0.90268,0.68836,0.89595,0.62786,0.88585,0.52769,0.96158,0.37059,1,0.08991,1,0,0.96326,0,0.69063,0.14149,0.45502,0.2853,0.35741,0.37852,0.38939,0.45787,0.3978],"triangles":[1,3,4,2,3,1,8,5,6,7,8,6,1,8,0,4,5,8,4,8,1,8,11,0,11,8,9,10,11,9,0,11,12,13,21,0,13,0,12,15,16,17,18,15,17,14,19,20,14,20,21,14,21,13,18,19,14,15,18,14],"vertices":[3,29,23.87,-64.1,0.61078,26,87.79,-68.38,0.15711,14,177.58,-95.06,0.23211,3,29,18.23,-84.36,0.23845,26,75.86,-85.7,0.1582,14,159.85,-83.75,0.60335,3,29,44.25,-102.92,0.11423,26,94.44,-111.71,0.08132,14,134.5,-103.23,0.80445,3,29,21.89,-187.54,0.01084,26,45.77,-184.47,0.00147,14,60.09,-57.15,0.98769,1,14,101.44,20.37,1,1,14,152.35,109.32,1,1,14,207.72,150.13,1,1,14,282.76,107.18,1,1,14,279.09,77.44,1,2,26,-48.06,98.73,0.04009,14,339.81,46.58,0.95991,3,29,-141.66,112.67,0,26,-11.24,152.62,0.12566,14,394.96,11.68,0.87434,3,29,-20.58,83.15,0.28951,26,93.65,85.32,0.48399,14,331.39,-95.52,0.2265,3,29,7.5,73.79,0.64179,26,117.16,67.33,0.28338,14,314.24,-119.65,0.07483,3,29,59.89,84.16,0.98284,26,170.08,60.1,0.01568,14,308.87,-172.78,0.00148,1,29,136.94,77.94,1,1,29,270.22,47.62,1,1,29,310.58,27.63,1,1,29,293.23,-48.66,1,1,29,211.04,-99.32,1,1,29,136.54,-111.1,1,2,29,94.3,-92.08,0.99725,14,130.26,-154.26,0.00275,3,29,57.16,-81.16,0.95363,26,113.72,-95.34,0.01282,14,151.55,-121.93,0.03356]}},"xie2":{"xie2":{"type":"mesh","path":"images/xie2","hull":15,"uvs":[0.06132,0.42513,0,0.38493,0,0.07138,0.07913,0,0.33733,0,0.56103,0.01309,0.58886,0.24021,0.77027,0.18594,0.95724,0.37554,1,0.64287,1,1,0.52764,1,0.31284,1,0,0.95441,0,0.69914],"triangles":[10,11,9,7,9,11,7,11,6,7,8,9,11,12,6,6,12,4,6,4,5,12,14,0,12,0,4,4,0,3,12,13,14,3,0,2,0,1,2],"vertices":[2,16,277.46,-76.85,1,21,-59.39,57.76,0,2,16,277.01,-100.52,1,21,-81.13,67.15,0,2,16,217.37,-120.9,0.99999,21,-77.38,130.06,0.00001,2,16,194.51,-98.36,0.99999,21,-47.86,142.67,0.00001,2,16,164.21,-9.66,0.99991,21,45.7,137.1,0.00009,2,16,140.45,68.03,0.77403,21,126.61,129.65,0.22597,2,16,180.39,92.35,0.40304,21,133.98,83.48,0.59696,2,16,148.78,151.14,0.04756,21,200.36,90.45,0.95244,2,16,162.9,227.69,0.00038,21,265.85,48.38,0.99962,1,21,278.15,-6.18,1,1,21,273.88,-77.84,1,1,21,102.72,-67.65,1,2,16,357.29,46.91,0.02123,21,24.88,-63.01,0.97877,2,16,385.33,-63.52,0.89023,21,-87.93,-47.12,0.10977,2,16,336.78,-80.11,0.97891,21,-84.88,4.1,0.02109]}},"大腿1":{"大腿1":{"path":"images/大腿1","x":166.41,"y":14.99,"rotation":95.42,"width":204,"height":446}},"大腿2":{"大腿2":{"path":"images/大腿2","x":135.46,"y":4.48,"rotation":91.66,"width":144,"height":327}},"头":{"头":{"type":"linkedmesh","path":"images/头","skin":"js","parent":"头"}},"手1":{"手1":{"path":"images/手1","x":104.2,"y":25.43,"rotation":84.02,"width":239,"height":332}},"手2":{"手2":{"path":"images/手2","x":100.96,"y":5.6,"rotation":101.19,"width":219,"height":240}},"手臂1":{"手臂1":{"path":"images/year_手臂1","x":127.1,"y":-6.47,"rotation":103.57,"width":169,"height":285}},"手臂2":{"手臂2":{"path":"images/year_手臂2","x":132.39,"y":13.08,"rotation":173.06,"width":288,"height":165}},"眼睛1_":{"眼睛1_":{"path":"images/眼睛1","x":6.99,"y":-1.27,"rotation":-94.6,"width":147,"height":147}},"眼睛2_":{"眼睛2_":{"path":"images/眼睛2","x":4.96,"y":-0.84,"rotation":-95.04,"width":213,"height":213}},"脚2":{"脚2":{"type":"mesh","path":"images/脚2","hull":8,"uvs":[0.0799,0.5343,0.25732,0.06444,0.39585,0,0.63525,0,0.69845,0.11817,0.54168,0.5926,0.49224,0.78737,0.09608,0.66276],"triangles":[2,4,1,4,2,3,5,1,4,0,1,5,7,0,5,6,7,5],"vertices":[212.16,-100.56,10.24,-98.11,-31.52,-56.59,-61.01,29.72,-23.5,67.97,177.64,73.56,258.37,81.24,259.41,-77.91]}},"脚_1":{"脚_1":{"type":"mesh","path":"images/脚_1","hull":6,"uvs":[0.4096,0.05991,0.45485,0,0.58647,0,0.67285,0.07474,0.78905,0.53932,0.66051,0.55786],"triangles":[2,0,1,5,3,4,2,3,0,5,0,3],"vertices":[-20.25,-40.33,-29.56,-11.35,0.45,41.09,44.92,61.32,225.44,19.46,202.28,-35.26]}},"腰":{"腰":{"path":"images/腰","x":4.88,"y":-1.89,"rotation":90.07,"width":332,"height":207}},"臂膀1":{"臂膀1":{"type":"linkedmesh","path":"images/year_臂膀1","skin":"js","parent":"臂膀1"}},"臂膀2":{"臂膀2":{"name":"臂膀3","type":"mesh","path":"images/year_臂膀1","hull":4,"uvs":[1,1,0,1,0,0,1,0],"triangles":[1,2,3,1,3,0],"vertices":[375.39,72.37,368.38,-75.46,-36.16,-56.29,-29.16,91.54]}},"身体":{"身体":{"type":"linkedmesh","path":"images/year_身体","skin":"js","parent":"身体"}},"领带":{"领带":{"type":"linkedmesh","path":"images/领带","skin":"js","parent":"领带"}}}},{"name":"js-year2","attachments":{"hudeijie":{"hudeijie3":{"type":"mesh","path":"images/hudeijie","hull":31,"uvs":[0.09849,0.49832,0,0.39915,0,0.19651,0.11966,0,0.36554,0,0.6163,0,0.65213,0.13615,0.56745,0.31508,0.40299,0.45305,0.30041,0.48969,0.32364,0.52214,0.33119,0.54711,0.44972,0.47649,0.66415,0.38947,0.97229,0.38857,1,0.61782,0.9639,0.79288,0.69733,0.8693,0.56459,0.82593,0.4315,0.76527,0.35976,0.71688,0.37129,0.72858,0.40575,0.76355,0.53787,0.8467,0.65654,0.90562,0.5082,0.96453,0.46682,1,0.34346,1,0.19902,0.83843,0.17725,0.59471,0.13118,0.54406,0.12111,0.4788,0.16468,0.44887,0.20305,0.43848,0.26444,0.46739,0.32565,0.58414,0.30737,0.60425,0.24826,0.62595,0.20604,0.60596,0.27614,0.65233,0.31083,0.68835,0.27757,0.73062],"triangles":[32,1,33,34,33,8,31,1,32,9,34,8,0,1,31,34,30,31,0,31,30,11,29,10,31,32,34,34,32,33,9,30,34,10,30,9,11,38,29,30,10,29,11,35,38,36,38,35,37,38,36,39,37,36,12,35,11,20,36,35,29,38,41,37,41,38,25,23,24,25,27,23,23,27,28,26,27,25,41,28,29,22,23,28,41,22,28,40,20,21,41,39,40,41,40,21,22,41,21,36,20,39,40,39,20,20,35,12,20,12,19,13,14,15,15,12,13,12,18,19,12,15,18,16,18,15,39,41,37,17,18,16,6,7,4,6,4,5,33,1,2,4,2,3,7,2,4,2,7,33,8,33,7],"vertices":[1,32,33.02,31.2,1,1,33,34.34,66.88,1,1,33,146.66,89.06,1,1,33,264.26,66.67,1,1,33,282.08,-23.54,1,1,33,300.25,-115.55,1,1,33,227.38,-143.6,1,1,33,122.07,-132.12,1,1,33,33.67,-86.89,1,1,32,8.83,-40.5,1,1,32,-11.44,-41.57,1,1,32,-25.55,-38.82,1,1,34,54.29,70.98,1,1,34,132.1,123.84,1,1,34,247.19,129.73,1,1,34,263.6,0.84,1,1,34,254.74,-98.6,1,1,34,157.17,-146.39,1,1,34,106.43,-124.23,1,1,34,55.11,-92.32,1,1,34,27.03,-66.27,1,1,35,78.74,21.24,1,3,34,45.44,-91.8,0.00401,36,35.75,24.17,0.96631,37,-30.65,24.17,0.02969,2,36,99.62,48.03,0.01059,37,33.22,48.03,0.98941,1,37,82.58,73.36,1,1,37,88.22,8.91,1,1,37,99.46,-13.78,1,2,36,145.66,-55.26,0.00159,37,79.26,-55.26,0.99841,1,36,39.94,-63.86,1,1,32,-28.55,24.66,1,1,32,4.46,29.72,1,1,32,40,19.19,1,1,32,49.45,-2.31,1,1,32,49.43,-17.81,1,1,32,25.59,-32.84,1,1,32,-44.12,-28.95,1,1,32,-52.03,-18.31,1,1,32,-54.97,6.8,1,1,32,-38.52,17.11,1,1,34,-5.92,-31.3,1,1,35,48.4,10.86,1,3,34,-3.32,-75.46,0.02883,35,64.43,-10.78,0.68259,36,-1.97,-10.78,0.28858]}},"xie1":{"xie1":{"type":"linkedmesh","path":"images/xie1","skin":"js-year1","parent":"xie1"}},"xie2":{"xie2":{"type":"linkedmesh","path":"images/xie2","skin":"js-year1","parent":"xie2"}},"大腿1":{"大腿1":{"path":"images/大腿1","x":166.41,"y":14.99,"rotation":95.42,"width":204,"height":446}},"大腿2":{"大腿2":{"path":"images/大腿2","x":135.46,"y":4.48,"rotation":91.66,"width":144,"height":327}},"头":{"头":{"type":"linkedmesh","path":"images/头","skin":"js","parent":"头"}},"手1":{"手1":{"path":"images/手1","x":104.2,"y":25.43,"rotation":84.02,"width":239,"height":332}},"手2":{"手2":{"path":"images/手2","x":100.96,"y":5.6,"rotation":101.19,"width":219,"height":240}},"手臂1":{"手臂1":{"path":"images/year_手臂1","x":127.1,"y":-6.47,"rotation":103.57,"width":169,"height":285}},"手臂2":{"手臂2":{"path":"images/year_手臂2","x":132.39,"y":13.08,"rotation":173.06,"width":288,"height":165}},"眼睛1_":{"眼睛1_":{"path":"images/眼睛1","x":6.99,"y":-1.27,"rotation":-94.6,"width":147,"height":147}},"眼睛2_":{"眼睛2_":{"path":"images/眼睛2","x":4.96,"y":-0.84,"rotation":-95.04,"width":213,"height":213}},"脚2":{"脚2":{"type":"linkedmesh","path":"images/脚2","skin":"js-year1","parent":"脚2"}},"脚_1":{"脚_1":{"type":"linkedmesh","path":"images/脚_1","skin":"js-year1","parent":"脚_1"}},"腰":{"腰":{"path":"images/腰","x":4.88,"y":-1.89,"rotation":90.07,"width":332,"height":207}},"臂膀1":{"臂膀1":{"type":"linkedmesh","path":"images/year_臂膀1","skin":"js","parent":"臂膀1"}},"臂膀2":{"臂膀2":{"name":"臂膀3","type":"linkedmesh","path":"images/year_臂膀1","skin":"js-year1","parent":"臂膀2"}},"身体":{"身体":{"type":"linkedmesh","path":"images/year_身体","skin":"js","parent":"身体"}},"领带":{"领带":{"type":"linkedmesh","path":"images/领带","skin":"js","parent":"领带"}}}},{"name":"luzhang/luzhang-1","attachments":{"luzhang":{"luzhang":{"path":"images/luzhang","x":204.7,"y":94.46,"rotation":-56.31,"width":693,"height":672}}}},{"name":"luzhang/luzhang-1-year1","attachments":{"luzhang":{"luzhang":{"path":"images/luzhang","x":204.7,"y":94.46,"rotation":-56.31,"width":693,"height":672}}}},{"name":"luzhang/luzhang-2","attachments":{"luzhang4":{"luzhang2":{"path":"images/luzhang2","x":196.37,"y":88.92,"rotation":-56.31,"width":688,"height":646}}}},{"name":"luzhang/luzhang-2-year1","attachments":{"luzhang4":{"luzhang2":{"path":"images/luzhang2","x":196.37,"y":88.92,"rotation":-56.31,"width":688,"height":646}}}},{"name":"luzhang/luzhang-3","attachments":{"luzhang5":{"luzhang3":{"path":"images/luzhang3","x":189.61,"y":60.21,"rotation":-56.31,"width":723,"height":596}}}},{"name":"luzhang/luzhang-3-year1","attachments":{"luzhang5":{"luzhang3":{"path":"images/luzhang3","x":189.61,"y":60.21,"rotation":-56.31,"width":723,"height":596}}}},{"name":"tietong/tietong-1","attachments":{"tietong":{"tietong":{"path":"images/tietong","x":154.25,"y":150.52,"rotation":-56.31,"width":623,"height":567}},"tietong2":{"tietong2":{"path":"images/tietong2","x":212.79,"y":-265.17,"rotation":124.86,"width":709,"height":394}},"tietong3":{"tietong3":{"path":"images/tietong3","x":32.18,"y":-44.18,"rotation":125.71,"width":209,"height":249}}}},{"name":"tietong/tietong-1-year2","attachments":{"tietong":{"tietong":{"path":"images/tietong","x":154.25,"y":150.52,"rotation":-56.31,"width":623,"height":567}},"tietong2":{"tietong2":{"path":"images/tietong2","x":212.79,"y":-265.17,"rotation":124.86,"width":709,"height":394}},"tietong3":{"tietong3":{"path":"images/tietong3","x":32.18,"y":-44.18,"rotation":125.71,"width":209,"height":249}},"tongqian":{"tongqian2":{"name":"tongqian","type":"mesh","path":"images/tongqian","hull":18,"uvs":[0.11381,0.21572,0.02302,0.15458,0.04579,0.08214,0.07161,0,0.29667,0.14439,0.61381,0,0.97954,0,1,0.58692,0.98977,0.72667,0.44117,0.63496,0.88619,0.93388,0.85677,1,0.51406,1,0.11827,0.66874,0,0.42126,0,0.37689,0.03853,0.29585,0.04664,0.24661,0.26031,0.29735,0.12741,0.62946,0.25049,0.29188,0.09306,0.37051,0.1411,0.42591,0.20255,0.44168,0.24868,0.17681,0.16018,0.21555],"triangles":[3,25,2,4,24,3,2,0,1,3,24,25,25,0,2,18,20,24,25,24,20,0,25,20,4,18,24,0,16,17,21,0,20,21,16,0,15,16,21,14,15,21,22,21,20,23,22,20,23,20,18,22,14,21,19,22,23,19,14,22,5,18,4,9,18,5,23,18,9,19,23,9,13,14,19,7,5,6,7,9,5,8,9,7,12,9,10,13,19,9,12,13,9,11,12,10],"vertices":[150.79,399.73,147.29,464.72,187.75,474.81,233.63,486.25,245.54,327.3,419.2,207.9,544.37,20.14,286.69,-166.82,220.16,-203.58,73.76,105.63,91.27,-212.7,51.38,-217.48,-65.91,-41.54,-51.98,261.24,19.14,396.36,39.15,409.7,88.89,414.28,113.87,424.92,164.11,299.98,-31.14,268.36,163.22,306.66,73.88,363.84,65.34,322.53,79.26,286.24,214.49,342.19,166.74,375.97]}}}},{"name":"tietong/tietong-2","attachments":{"tietong10":{"tietong2":{"path":"images/2tietong","x":154.25,"y":150.52,"rotation":-56.31,"width":623,"height":567}},"tietong11":{"tietong3":{"path":"images/2tietong2","x":213.3,"y":-262.33,"rotation":124.86,"width":708,"height":397}},"tietong12":{"tietong4":{"path":"images/2tietong3","x":32.64,"y":-41.33,"rotation":125.71,"width":209,"height":249}}}},{"name":"tietong/tietong-2-year2","attachments":{"tietong10":{"tietong2":{"path":"images/2tietong","x":154.25,"y":150.52,"rotation":-56.31,"width":623,"height":567}},"tietong11":{"tietong3":{"path":"images/2tietong2","x":213.3,"y":-262.33,"rotation":124.86,"width":708,"height":397}},"tietong12":{"tietong4":{"path":"images/2tietong3","x":32.64,"y":-41.33,"rotation":125.71,"width":209,"height":249}},"tongqian2":{"tongqian2":{"name":"tongqian","type":"mesh","path":"images/tongqian","hull":18,"uvs":[0.11381,0.21572,0.02302,0.15458,0.04579,0.08214,0.07161,0,0.29667,0.14439,0.61381,0,0.97954,0,1,0.58692,0.98977,0.72667,0.44117,0.63496,0.88619,0.93388,0.85677,1,0.51406,1,0.11827,0.66874,0,0.42126,0,0.37689,0.03853,0.29585,0.04664,0.24661,0.26031,0.29735,0.12741,0.62946,0.25049,0.29188,0.09306,0.37051,0.1411,0.42591,0.20255,0.44168,0.24868,0.17681,0.16018,0.21555],"triangles":[3,25,2,4,24,3,2,0,1,3,24,25,25,0,2,18,20,24,25,24,20,0,25,20,4,18,24,0,16,17,21,0,20,21,16,0,15,16,21,14,15,21,22,21,20,23,22,20,23,20,18,22,14,21,19,22,23,19,14,22,5,18,4,9,18,5,23,18,9,19,23,9,13,14,19,7,5,6,7,9,5,8,9,7,12,9,10,13,19,9,12,13,9,11,12,10],"vertices":[150.79,399.73,147.29,464.72,187.75,474.81,233.63,486.25,245.54,327.3,419.2,207.9,544.37,20.14,286.69,-166.82,220.16,-203.58,73.76,105.63,91.27,-212.7,51.38,-217.48,-65.91,-41.54,-52.96,236.74,18.61,390.24,64.36,381.12,95.54,392.18,125.67,415.87,174.15,278.51,-31.23,252.92,165.58,292.88,90.9,317.69,66.12,313.66,76.1,267.92,214.49,342.19,166.74,375.97]}}}},{"name":"tietong/tietong-3","attachments":{"tietong13":{"tietong4":{"path":"images/3tietong3","x":-115.02,"y":-90.46,"rotation":125.71,"width":303,"height":94}},"tietong14":{"tietong3":{"path":"images/3tietong2","x":94.99,"y":-344.39,"rotation":124.86,"width":691,"height":478}},"tietong15":{"tietong2":{"path":"images/3tietong","x":154.25,"y":150.52,"rotation":-56.31,"width":623,"height":567}}}},{"name":"tietong/tietong-3-year2","attachments":{"tietong13":{"tietong4":{"path":"images/3tietong3","x":-115.02,"y":-90.46,"rotation":125.71,"width":303,"height":94}},"tietong14":{"tietong3":{"path":"images/3tietong2","x":94.99,"y":-344.39,"rotation":124.86,"width":691,"height":478}},"tietong15":{"tietong2":{"path":"images/3tietong","x":154.19,"y":150.24,"rotation":-56.31,"width":623,"height":567}},"tongqian3":{"tongqian3":{"name":"tongqian","type":"mesh","path":"images/tongqian","hull":18,"uvs":[0.11381,0.21572,0.02302,0.15458,0.04579,0.08214,0.07161,0,0.29667,0.14439,0.61381,0,0.97954,0,1,0.58692,0.98977,0.72667,0.44117,0.63496,0.88619,0.93388,0.85677,1,0.51406,1,0.11827,0.66874,0,0.42126,0,0.37689,0.03853,0.29585,0.04664,0.24661,0.26031,0.29735,0.12741,0.62946,0.25049,0.29188,0.09306,0.37051,0.1411,0.42591,0.20255,0.44168,0.24868,0.17681,0.16018,0.21555],"triangles":[3,25,2,4,24,3,2,0,1,3,24,25,25,0,2,18,20,24,25,24,20,0,25,20,4,18,24,0,16,17,21,0,20,21,16,0,15,16,21,14,15,21,22,21,20,23,22,20,23,20,18,22,14,21,19,22,23,19,14,22,5,18,4,9,18,5,23,18,9,19,23,9,13,14,19,7,5,6,7,9,5,8,9,7,12,9,10,13,19,9,12,13,9,11,12,10],"vertices":[158.26,376.03,148.41,432.71,203.43,413.22,241.51,423.19,282.53,293.99,419.2,207.9,544.37,20.14,286.69,-166.82,220.16,-203.58,73.76,105.63,91.27,-212.7,51.38,-217.48,-65.91,-41.54,-52.96,236.74,18.61,390.24,64.36,381.12,95.54,392.18,125.67,415.87,173.19,252.77,-31.23,252.92,166.13,272.52,90.9,317.69,66.12,313.66,76.1,267.92,234.06,317.33,181.03,343.75]}}}}],"animations":{"daiji":{"bones":{"臂膀1":{"translate":[{"x":2.67,"y":-10.68,"curve":0,"c2":0.19,"c3":0.662,"c4":0.85},{"time":0.8333,"x":-18.24,"y":10.86,"curve":0,"c2":0.19,"c3":0.662,"c4":0.85},{"time":1.875,"x":2.67,"y":-10.68}]},"身体":{"translate":[{"x":1.85,"y":-8.42,"curve":0.34,"c2":0.36,"c3":0.673,"c4":0.69},{"time":0.25,"x":-0.23,"y":-0.92,"curve":0.364,"c2":0.43,"c3":0.705,"c4":0.78},{"time":1.0833,"x":9.64,"y":-36.46,"curve":0.349,"c2":0.38,"c3":0.684,"c4":0.72},{"time":1.875,"x":1.85,"y":-8.42}],"scale":[{"x":0.998,"y":1.002}]},"身体1":{"rotate":[{"angle":0.69,"curve":0.354,"c2":0.4,"c3":0.69,"c4":0.74},{"time":0.5,"angle":0.39,"curve":0.363,"c2":0.45,"c3":0.724,"c4":0.83},{"time":1.3333,"angle":1.1,"curve":0.347,"c2":0.38,"c3":0.683,"c4":0.71},{"time":1.875,"angle":0.69}],"translate":[{"x":8.66,"y":1.05,"curve":0.354,"c2":0.4,"c3":0.69,"c4":0.74},{"time":0.5,"x":2.49,"y":-1.21,"curve":0.363,"c2":0.45,"c3":0.724,"c4":0.83},{"time":1.3333,"x":17.06,"y":4.12,"curve":0.347,"c2":0.38,"c3":0.683,"c4":0.71},{"time":1.875,"x":8.66,"y":1.05}],"scale":[{"x":1.004,"y":0.996}]},"头":{"rotate":[{"angle":3.32,"curve":0.365,"c2":0.44,"c3":0.706,"c4":0.78},{"time":0.6667,"angle":0.56,"curve":0.337,"c2":0.43,"c3":0.731,"c4":0.85},{"time":1.5,"angle":5.3,"curve":0.34,"c2":0.36,"c3":0.676,"c4":0.7},{"time":1.875,"angle":3.32}],"translate":[{"x":3.81,"y":3.54,"curve":0.365,"c2":0.44,"c3":0.706,"c4":0.78},{"time":0.6667,"x":-2.56,"y":0.75,"curve":0.337,"c2":0.43,"c3":0.731,"c4":0.85},{"time":1.5,"x":8.37,"y":5.54,"curve":0.34,"c2":0.36,"c3":0.676,"c4":0.7},{"time":1.875,"x":3.81,"y":3.54}]},"臂膀2":{"rotate":[{"angle":0.26,"curve":0.364,"c2":0.43,"c3":0.705,"c4":0.78},{"time":0.1667,"curve":0,"c2":0.19,"c3":0.662,"c4":0.85},{"time":1,"angle":2.8,"curve":0,"c2":0.18,"c3":0.572,"c4":0.73},{"time":1.875,"angle":0.26}]},"臂膀11":{"rotate":[{"angle":-0.07,"curve":0.36,"c2":0.42,"c3":0.697,"c4":0.76},{"time":0.125,"curve":0,"c2":0.19,"c3":0.662,"c4":0.85},{"time":0.9583,"angle":-1.15,"curve":0,"c2":0.18,"c3":0.592,"c4":0.76},{"time":1.875,"angle":-0.07}]},"脚2":{"rotate":[{}]},"领带1":{"rotate":[{"angle":0.2,"curve":0.353,"c2":0.4,"c3":0.689,"c4":0.74},{"time":0.0833,"curve":0,"c2":0.19,"c3":0.662,"c4":0.85},{"time":0.9167,"angle":4.63,"curve":0,"c2":0.19,"c3":0.614,"c4":0.79},{"time":1.875,"angle":0.2}]},"bone":{"rotate":[{"angle":-0.92,"curve":0.337,"c2":0.43,"c3":0.731,"c4":0.85},{"time":0.5,"angle":-7.08,"curve":0,"c2":0.19,"c3":0.662,"c4":0.85},{"time":1.3333,"angle":2.23,"curve":0,"c2":0.18,"c3":0.449,"c4":0.6},{"time":1.875,"angle":-0.92}],"translate":[{"x":4.55,"y":-5.68,"curve":0.337,"c2":0.43,"c3":0.731,"c4":0.85},{"time":0.5,"x":13.41,"y":-14.33,"curve":0,"c2":0.19,"c3":0.662,"c4":0.85},{"time":1.3333,"x":-9.54,"y":16.32,"curve":0,"c2":0.18,"c3":0.449,"c4":0.6},{"time":1.875,"x":4.55,"y":-5.68}]},"手臂1":{"rotate":[{"angle":-0.11,"curve":0.364,"c2":0.43,"c3":0.705,"c4":0.78},{"time":0.1667,"curve":0,"c2":0.19,"c3":0.662,"c4":0.85},{"time":1,"angle":-1.15,"curve":0,"c2":0.18,"c3":0.572,"c4":0.73},{"time":1.875,"angle":-0.11}]},"手臂2":{"rotate":[{"angle":0.5,"curve":0.366,"c2":0.45,"c3":0.721,"c4":0.82},{"time":0.2917,"curve":0,"c2":0.19,"c3":0.662,"c4":0.85},{"time":1.125,"angle":2.8,"curve":0,"c2":0.18,"c3":0.519,"c4":0.67},{"time":1.875,"angle":0.5}]},"领带2":{"rotate":[{"angle":-0.46,"curve":0.367,"c2":0.45,"c3":0.716,"c4":0.81},{"time":0.25,"curve":0,"c2":0.19,"c3":0.662,"c4":0.85},{"time":1.0833,"angle":-3.17,"curve":0,"c2":0.18,"c3":0.535,"c4":0.69},{"time":1.875,"angle":-0.46}]},"1 daoju":{"rotate":[{"angle":1.88,"curve":0.283,"c2":0.39,"c3":0.726,"c4":0.86},{"time":0.6667,"curve":0,"c2":0.19,"c3":0.662,"c4":0.85},{"time":1.5,"angle":3.78,"curve":0,"c2":0.2,"c3":0.406,"c4":0.58},{"time":1.875,"angle":1.88}]},"手2":{"rotate":[{"angle":-1.3,"curve":0.353,"c2":0.45,"c3":0.729,"c4":0.84},{"time":0.4167,"curve":0,"c2":0.19,"c3":0.662,"c4":0.85},{"time":1.25,"angle":-4.76,"curve":0,"c2":0.18,"c3":0.475,"c4":0.62},{"time":1.875,"angle":-1.3}]},"大腿21":{"rotate":[{"angle":-1.03,"curve":0.363,"c2":0.45,"c3":0.724,"c4":0.83},{"time":0.3333,"curve":0,"c2":0.19,"c3":0.662,"c4":0.85},{"time":1.1667,"angle":-4.95,"curve":0,"c2":0.18,"c3":0.503,"c4":0.65},{"time":1.875,"angle":-1.03}]},"脚_12":{"rotate":[{"angle":0.11}]},"身体3":{"rotate":[{"angle":-2.58,"curve":0.1,"c2":0.26,"c3":0.687,"c4":0.86},{"time":0.875,"curve":0,"c2":0.19,"c3":0.662,"c4":0.85},{"time":1.7917,"angle":-3.16,"curve":0,"c2":0.28,"c3":0.348,"c4":0.62},{"time":1.875,"angle":-2.58}]},"身体4":{"rotate":[{"angle":2.41,"curve":0.278,"c2":0.39,"c3":0.725,"c4":0.86},{"time":0.625,"curve":0,"c2":0.19,"c3":0.662,"c4":0.85},{"time":1.5417,"angle":4.74,"curve":0,"c2":0.2,"c3":0.403,"c4":0.58},{"time":1.875,"angle":2.41}]},"身体5":{"rotate":[{"curve":0,"c2":0.19,"c3":0.662,"c4":0.85},{"time":0.9167,"angle":-2.11,"curve":0,"c2":0.19,"c3":0.662,"c4":0.85},{"time":1.875}]},"身体5b":{"rotate":[{"angle":-0.64,"curve":0.347,"c2":0.44,"c3":0.73,"c4":0.84},{"time":0.4167,"curve":0,"c2":0.19,"c3":0.662,"c4":0.85},{"time":1.3333,"angle":-2.11,"curve":0,"c2":0.18,"c3":0.463,"c4":0.61},{"time":1.875,"angle":-0.64}]},"身体5c":{"rotate":[{"angle":-1.59,"curve":0.14,"c2":0.29,"c3":0.697,"c4":0.86},{"time":0.8333,"curve":0,"c2":0.19,"c3":0.662,"c4":0.85},{"time":1.75,"angle":-2.11,"curve":0,"c2":0.26,"c3":0.356,"c4":0.6},{"time":1.875,"angle":-1.59}]}}},"death":{"slots":{"hudeijie":{"color":[{"time":1.125,"color":"ffffffff","curve":0,"c2":0.19,"c3":0.662,"c4":0.85},{"time":1.25,"color":"ffffff00"}]},"luzhang":{"color":[{"color":"ffffff00"}]},"luzhang4":{"color":[{"color":"ffffff00"}]},"luzhang5":{"color":[{"color":"ffffff00"}]},"tietong":{"color":[{"color":"ffffff00"}]},"tietong2":{"color":[{"color":"ffffff00"}]},"tietong3":{"color":[{"color":"ffffff00"}]},"tietong6":{"color":[{"color":"ffffff00"}]},"tietong7":{"color":[{"color":"ffffff00"}]},"tietong8":{"color":[{"color":"ffffff00"}]},"tietong9":{"color":[{"color":"ffffff00"}]},"tietong10":{"color":[{"color":"ffffff00"}]},"tietong11":{"color":[{"color":"ffffff00"}]},"tietong12":{"color":[{"color":"ffffff00"}]},"tietong13":{"color":[{"color":"ffffff00"}]},"tietong14":{"color":[{"color":"ffffff00"}]},"tietong15":{"color":[{"color":"ffffff00"}]},"tongqian":{"color":[{"color":"ffffff00"}]},"tongqian2":{"color":[{"color":"ffffff00"}]},"tongqian3":{"color":[{"color":"ffffff00"}]},"xie1":{"color":[{"time":1.125,"color":"ffffffff","curve":0,"c2":0.19,"c3":0.662,"c4":0.85},{"time":1.25,"color":"ffffff00"}]},"xie2":{"color":[{"time":1.125,"color":"ffffffff","curve":0,"c2":0.19,"c3":0.662,"c4":0.85},{"time":1.25,"color":"ffffff00"}]},"大腿1":{"color":[{"time":1.125,"color":"ffffffff","curve":0,"c2":0.19,"c3":0.662,"c4":0.85},{"time":1.25,"color":"ffffff00"}]},"大腿2":{"color":[{"time":1.125,"color":"ffffffff","curve":0,"c2":0.19,"c3":0.662,"c4":0.85},{"time":1.25,"color":"ffffff00"}]},"头":{"color":[{"time":1.125,"color":"ffffffff","curve":0,"c2":0.19,"c3":0.662,"c4":0.85},{"time":1.25,"color":"ffffff00"}]},"手1":{"color":[{"time":1.125,"color":"ffffffff","curve":0,"c2":0.19,"c3":0.662,"c4":0.85},{"time":1.25,"color":"ffffff00"}]},"手2":{"color":[{"time":1.125,"color":"ffffffff","curve":0,"c2":0.19,"c3":0.662,"c4":0.85},{"time":1.25,"color":"ffffff00"}]},"手臂1":{"color":[{"time":1.125,"color":"ffffffff","curve":0,"c2":0.19,"c3":0.662,"c4":0.85},{"time":1.25,"color":"ffffff00"}]},"手臂2":{"color":[{"time":1.125,"color":"ffffffff","curve":0,"c2":0.19,"c3":0.662,"c4":0.85},{"time":1.25,"color":"ffffff00"}]},"眼睛1_":{"color":[{"time":1.125,"color":"ffffffff","curve":0,"c2":0.19,"c3":0.662,"c4":0.85},{"time":1.25,"color":"ffffff00"}]},"眼睛2_":{"color":[{"time":1.125,"color":"ffffffff","curve":0,"c2":0.19,"c3":0.662,"c4":0.85},{"time":1.25,"color":"ffffff00"}]},"脚2":{"color":[{"time":1.125,"color":"ffffffff","curve":0,"c2":0.19,"c3":0.662,"c4":0.85},{"time":1.25,"color":"ffffff00"}]},"脚_1":{"color":[{"time":1.125,"color":"ffffffff","curve":0,"c2":0.19,"c3":0.662,"c4":0.85},{"time":1.25,"color":"ffffff00"}]},"腰":{"color":[{"time":1.125,"color":"ffffffff","curve":0,"c2":0.19,"c3":0.662,"c4":0.85},{"time":1.25,"color":"ffffff00"}]},"臂膀1":{"color":[{"time":1.125,"color":"ffffffff","curve":0,"c2":0.19,"c3":0.662,"c4":0.85},{"time":1.25,"color":"ffffff00"}]},"臂膀2":{"color":[{"time":1.125,"color":"ffffffff","curve":0,"c2":0.19,"c3":0.662,"c4":0.85},{"time":1.25,"color":"ffffff00"}]},"身体":{"color":[{"time":1.125,"color":"ffffffff","curve":0,"c2":0.19,"c3":0.662,"c4":0.85},{"time":1.25,"color":"ffffff00"}]},"领带":{"color":[{"time":1.125,"color":"ffffffff","curve":0,"c2":0.19,"c3":0.662,"c4":0.85},{"time":1.25,"color":"ffffff00"}]}},"bones":{"手2":{"rotate":[{},{"time":0.2083,"angle":-5.13},{"time":0.375,"angle":-29.27},{"time":0.625,"angle":-0.44}]},"手臂2":{"rotate":[{},{"time":0.2083,"angle":-5.89},{"time":0.375,"angle":-65.04},{"time":0.4583,"angle":-16.7},{"time":0.625,"angle":-72.4}]},"臂膀2":{"rotate":[{},{"time":0.2083,"angle":-5.13},{"time":0.375,"angle":16.77},{"time":0.4583,"angle":1.94},{"time":0.625,"angle":5.08}]},"脚2":{"rotate":[{},{"time":0.2083,"angle":-12.7},{"time":0.375,"angle":-87.09},{"time":0.625,"angle":147.07}]},"大腿2":{"rotate":[{},{"time":0.2083,"angle":5.02},{"time":0.375,"angle":28.07},{"time":0.625,"angle":-22.75}]},"脚_1":{"rotate":[{},{"time":0.2083,"angle":44.38},{"time":0.375,"angle":98.9},{"time":0.625,"angle":122.49}]},"大腿1":{"rotate":[{},{"time":0.2083,"angle":10.03},{"time":0.375,"angle":16.53},{"time":0.625,"angle":-33.28}]},"身体":{"rotate":[{},{"time":0.2083,"angle":-1.14},{"time":0.375,"angle":0.49},{"time":0.625,"angle":21.83}]},"头":{"rotate":[{},{"time":0.2083,"angle":18.25},{"time":0.375,"angle":-39.19},{"time":0.625,"angle":-3.38},{"time":0.7917,"angle":54.97},{"time":0.9583,"angle":45.29},{"time":1.0417,"angle":54.64},{"time":1.125,"angle":45.29},{"time":1.25,"angle":47.41}],"translate":[{"time":0.7917},{"time":0.9583,"x":-9.64,"y":22.21},{"time":1.0417,"x":-70.46,"y":162.33},{"time":1.125,"x":-121.27,"y":150.17},{"time":1.25,"x":-108.8,"y":151.27}]},"大腿21":{"rotate":[{},{"time":0.2083,"angle":-18.65,"curve":"stepped"},{"time":0.375,"angle":-18.65},{"time":0.625,"angle":-59.18}]},"手臂1":{"rotate":[{},{"time":0.2083,"angle":-14.02},{"time":0.375,"angle":-78.46},{"time":0.625,"angle":-42.01}],"translate":[{"x":6.62,"y":0.2}]},"臂膀11":{"rotate":[{},{"time":0.2083,"angle":-21.57},{"time":0.375,"angle":47.44},{"time":0.625,"angle":-3.34}]},"bone_ikTarget_left":{"rotate":[{"time":0.2083},{"time":0.2917,"angle":51.86},{"time":0.375,"angle":142.42}],"translate":[{},{"time":0.2083,"x":236.38},{"time":0.2917,"x":239.01,"y":115.44},{"time":0.375,"x":-120.29}]},"bone_ikTarget_right":{"translate":[{"time":0.2083},{"time":0.375,"x":260.98}]},"臂膀1":{"rotate":[{},{"time":0.2083,"angle":-33.53},{"time":0.375,"angle":-21.95},{"time":0.625,"angle":-15.78}],"translate":[{},{"time":0.2083,"x":65.62,"y":-100.65},{"time":0.375,"x":-50.41,"y":-346.48},{"time":0.4583,"x":-88.29,"y":-291.68},{"time":0.625,"x":18.09,"y":-379.84}]},"身体1":{"rotate":[{},{"time":0.2083,"angle":-5.94},{"time":0.375,"angle":8.87},{"time":0.625,"angle":30.2}]},"bone":{"rotate":[{},{"time":0.2083,"angle":24.21}]},"脚21":{"rotate":[{},{"time":0.2083,"angle":23.43},{"time":0.375,"angle":74.67},{"time":0.625,"angle":-108.65}]},"脚_11":{"rotate":[{"time":0.2083},{"time":0.2917,"angle":59.28},{"time":0.375,"angle":72.24}]},"脚_12":{"rotate":[{"angle":0.11},{"time":0.2083,"angle":-49.81},{"time":0.375,"angle":-109.38},{"time":0.625,"angle":-3.48}]},"身体4":{"rotate":[{"curve":0,"c2":0.19,"c3":0.662,"c4":0.85},{"time":0.2083,"angle":-7.73,"curve":0,"c2":0.19,"c3":0.662,"c4":0.85},{"time":0.375,"angle":13.56,"curve":0,"c2":0.19,"c3":0.662,"c4":0.85},{"time":0.625,"angle":11.72,"curve":0,"c2":0.19,"c3":0.662,"c4":0.85},{"time":0.9167,"angle":1.2,"curve":0.135,"c2":0.28,"c3":0.696,"c4":0.86},{"time":1.25}]},"身体3":{"rotate":[{"curve":0,"c2":0.19,"c3":0.662,"c4":0.85},{"time":0.2083,"angle":17.57,"curve":0,"c2":0.19,"c3":0.662,"c4":0.85},{"time":0.375,"angle":-20.02,"curve":0,"c2":0.19,"c3":0.662,"c4":0.85},{"time":0.625,"angle":3.51,"curve":0,"c2":0.19,"c3":0.662,"c4":0.85},{"time":0.9167,"angle":-0.96,"curve":0.135,"c2":0.28,"c3":0.696,"c4":0.86},{"time":1.25}]},"身体5":{"rotate":[{"curve":0,"c2":0.19,"c3":0.662,"c4":0.85},{"time":0.2083,"angle":11.28,"curve":0,"c2":0.19,"c3":0.662,"c4":0.85},{"time":0.375,"angle":9.83,"curve":0,"c2":0.19,"c3":0.662,"c4":0.85},{"time":0.625,"angle":-17.06,"curve":0,"c2":0.18,"c3":0.465,"c4":0.62},{"time":0.7917,"angle":-5.15,"curve":0.348,"c2":0.44,"c3":0.73,"c4":0.84},{"time":1,"angle":1.21,"curve":0,"c2":0.19,"c3":0.662,"c4":0.85},{"time":1.25}]},"身体5b":{"rotate":[{"time":0.375,"curve":0,"c2":0.19,"c3":0.662,"c4":0.85},{"time":0.625,"angle":-7.49,"curve":0,"c2":0.18,"c3":0.465,"c4":0.62},{"time":0.7917,"angle":-8.99,"curve":0.331,"c2":0.38,"c3":0.681,"c4":0.73},{"time":0.9167,"angle":-5.54,"curve":0.365,"c2":0.44,"c3":0.707,"c4":0.78},{"time":1,"angle":1.21,"curve":0,"c2":0.19,"c3":0.662,"c4":0.85},{"time":1.25}]},"身体5c":{"rotate":[{"time":0.375,"curve":0,"c2":0.19,"c3":0.662,"c4":0.85},{"time":0.625,"angle":-7.49,"curve":0,"c2":0.18,"c3":0.465,"c4":0.62},{"time":0.7917,"angle":-8.99,"curve":0.348,"c2":0.44,"c3":0.73,"c4":0.84},{"time":0.9167,"angle":1.21,"curve":0,"c2":0.22,"c3":0.381,"c4":0.58},{"time":1,"angle":-9.18,"curve":0.227,"c2":0.35,"c3":0.716,"c4":0.86},{"time":1.25}]}}},"kenyao":{"bones":{"臂膀1":{"rotate":[{},{"time":0.4167,"angle":7.13},{"time":0.8333}],"translate":[{},{"time":0.4167,"x":74.65,"y":-64.91},{"time":0.8333,"x":20.65},{"time":1}]},"身体":{"rotate":[{"time":0.0833},{"time":0.5,"angle":7.43},{"time":0.9167}]},"身体1":{"rotate":[{"time":0.1667},{"time":0.5833,"angle":7.43},{"time":1}]},"头":{"rotate":[{"angle":-10.16},{"time":0.1667,"angle":-19.37},{"time":0.3333,"angle":8.27},{"time":0.6667,"angle":26.33},{"time":1,"angle":-10.16}]},"臂膀2":{"rotate":[{"angle":-24.01},{"time":0.25,"angle":-35.5},{"time":0.75,"angle":-12.52},{"time":1,"angle":-24.01}],"translate":[{"x":-77.62,"y":-80.24}]},"臂膀11":{"rotate":[{"angle":-4.78},{"time":0.5,"angle":15.11},{"time":1,"angle":-4.78}]},"手臂1":{"rotate":[{"angle":-64.26},{"time":0.0833,"angle":-59.47,"curve":0.25,"c3":0.75},{"time":0.5833,"angle":-88.23,"curve":0.25,"c3":0.75},{"time":1,"angle":-64.26}]},"手臂2":{"rotate":[{"angle":-74.71},{"time":0.3333,"angle":-57.03},{"time":0.8333,"angle":-83.56},{"time":1,"angle":-74.71}]},"bone":{"rotate":[{"angle":11.16},{"time":0.1667,"angle":16.91},{"time":0.3333,"angle":-17.54},{"time":0.6667,"angle":2.1},{"time":1,"angle":11.16}],"translate":[{"x":-60.07,"y":20.11},{"time":0.1667,"x":-51.28,"y":75.12},{"time":0.3333,"x":55.58,"y":98.68},{"time":0.5833,"x":39.59,"y":-17.88},{"time":0.6667,"x":63.76,"y":-33.03},{"time":1,"x":-60.07,"y":20.11}]},"脚_12":{"rotate":[{"angle":0.11}]},"1 daoju":{"rotate":[{"curve":0,"c2":0.25,"c3":0.363,"c4":0.59},{"time":0.1667,"angle":3.97,"curve":0.241,"c2":0.3,"c3":0.586,"c4":0.64},{"time":0.3333,"curve":0.3,"c2":0.32,"c3":0.638,"c4":0.66},{"time":0.5,"angle":13.08,"curve":0.31,"c2":0.34,"c3":0.655,"c4":0.69},{"time":0.75,"angle":-5.24,"curve":0.362,"c2":0.45,"c3":0.725,"c4":0.83},{"time":1}]},"头_2":{"rotate":[{"curve":0,"c2":0.25,"c3":0.363,"c4":0.59},{"time":0.1667,"angle":1.87,"curve":0.241,"c2":0.3,"c3":0.586,"c4":0.64},{"time":0.3333}],"scale":[{"curve":0,"c2":0.25,"c3":0.363,"c4":0.59},{"time":0.1667,"x":1.026,"curve":0.241,"c2":0.3,"c3":0.586,"c4":0.64},{"time":0.3333,"x":0.857,"curve":0.292,"c2":0.32,"c3":0.634,"c4":0.66},{"time":0.5,"x":1.069,"curve":0.317,"c2":0.36,"c3":0.666,"c4":0.71},{"time":0.75,"x":0.917,"curve":0.367,"c2":0.45,"c3":0.717,"c4":0.81},{"time":1}]},"身体3":{"rotate":[{"angle":-4.41,"curve":0.306,"c2":0.41,"c3":0.729,"c4":0.86},{"time":0.2917,"curve":0,"c2":0.19,"c3":0.662,"c4":0.85},{"time":0.7917,"angle":-10,"curve":0,"c2":0.19,"c3":0.42,"c4":0.58},{"time":1,"angle":-4.41}]},"身体4":{"rotate":[{"curve":0,"c2":0.19,"c3":0.662,"c4":0.85},{"time":0.5,"angle":7.82,"curve":0,"c2":0.19,"c3":0.662,"c4":0.85},{"time":1}]},"身体5":{"rotate":[{"curve":0,"c2":0.19,"c3":0.662,"c4":0.85},{"time":0.5,"angle":-6.15,"curve":0,"c2":0.19,"c3":0.662,"c4":0.85},{"time":1}]},"身体5b":{"rotate":[{"curve":0,"c2":0.19,"c3":0.662,"c4":0.85},{"time":0.5,"angle":-6.15,"curve":0,"c2":0.19,"c3":0.662,"c4":0.85},{"time":1}]},"身体5c":{"rotate":[{"curve":0,"c2":0.19,"c3":0.662,"c4":0.85},{"time":0.5,"angle":-6.15,"curve":0,"c2":0.19,"c3":0.662,"c4":0.85},{"time":1}]}}},"zou":{"bones":{"bone_ikTarget_right":{"rotate":[{"time":1.0417},{"time":1.6667,"angle":-24.27},{"time":1.875,"angle":-42.83},{"time":2.0833}],"translate":[{"x":115},{"time":0.5833,"x":557.9},{"time":1.0417,"x":616.07},{"time":1.6667,"x":352.04,"y":115.31},{"time":1.875,"x":176.02,"y":157.39},{"time":2,"x":70.41,"y":2.68},{"time":2.0833},{"time":2.5,"x":115}]},"臂膀1":{"rotate":[{"angle":-11.4},{"time":0.5833,"angle":0.82},{"time":1.0417,"angle":23.11},{"time":2.5,"angle":-11.4}],"translate":[{"x":7.27,"y":-133.3},{"time":0.5833,"x":300.25,"y":-70.32},{"time":0.8333,"x":270.08,"y":-2.6},{"time":1.0417,"x":333.41,"y":-89.22},{"time":1.375,"x":302.8,"y":2.34},{"time":1.6667,"x":167.59,"y":47.52},{"time":2.0833,"x":52.64,"y":18.88},{"time":2.5,"x":7.27,"y":-133.3}]},"bone_ikTarget_left":{"rotate":[{},{"time":0.5833,"angle":65.68},{"time":0.7083,"angle":95.02},{"time":0.8333,"angle":62.71},{"time":0.9583,"angle":-18.4},{"time":1.0417,"angle":-5.27},{"time":2.5}],"translate":[{"x":115},{"time":0.5833,"x":415.16,"y":207.69},{"time":0.8333,"x":31.85,"y":239.13},{"time":0.9583,"x":-107.78,"y":26.92},{"time":1.0417,"x":-166.81},{"time":1.375,"x":-82.87},{"time":2.5,"x":115}]},"身体":{"rotate":[{},{"time":0.5833,"angle":-5.14},{"time":1.0417,"angle":-19.15},{"time":1.6667,"angle":-1.03},{"time":2.5}]},"大腿1":{"rotate":[{"angle":19.83},{"time":0.5833,"angle":-6.31},{"time":1.0417,"angle":-65.02},{"time":2.5,"angle":19.83}],"translate":[{"time":0.5833},{"time":1.0417,"x":38.79,"y":-159.19},{"time":1.6667,"x":36.33,"y":-30.27},{"time":2.5}]},"大腿2":{"rotate":[{"angle":38.96},{"time":0.5833,"angle":35.02},{"time":1.0417,"angle":23.6},{"time":1.6667,"angle":-66.74},{"time":2.5,"angle":38.96}],"translate":[{"x":21.25,"y":4.31},{"time":0.5833,"curve":"stepped"},{"time":1.0417},{"time":2.0833,"x":30.34,"y":0.85},{"time":2.5,"x":21.25,"y":4.31}]},"身体1":{"rotate":[{},{"time":0.5833,"angle":-6.36},{"time":0.8333,"angle":8.49},{"time":1.0417,"angle":12.43},{"time":1.6667,"angle":-19.43},{"time":2.5}],"translate":[{"time":0.5833},{"time":0.8333,"x":-33.6,"y":-4.29},{"time":1.0417}]},"臂膀2":{"rotate":[{"angle":19.01},{"time":0.5833,"angle":20.5},{"time":1.0417,"angle":-35.89},{"time":1.6667,"angle":12.34},{"time":2.0833,"angle":17.89},{"time":2.5,"angle":19.01}],"translate":[{"x":-49.05,"y":-4.36},{"time":0.5833,"x":-8.2,"y":65.31},{"time":1.0417,"x":-76.72,"y":-76.91},{"time":1.6667,"x":-64.09,"y":35.13},{"time":2.0833},{"time":2.5,"x":-49.05,"y":-4.36}]},"脚_1":{"rotate":[{"angle":8.31},{"time":0.5833,"angle":6.66},{"time":1.0417,"angle":36.1},{"time":2.5,"angle":8.31}]},"脚2":{"rotate":[{"angle":-27.65},{"time":0.5833,"angle":-74.82},{"time":1.0417,"angle":-11.77},{"time":1.6667,"angle":96.72},{"time":2.5,"angle":-27.65}]},"臂膀11":{"rotate":[{"angle":17},{"time":0.5833,"angle":-3.37},{"time":1.0417,"angle":6.12},{"time":1.6667,"angle":31.29},{"time":2.0833,"angle":17.11},{"time":2.5,"angle":17}],"translate":[{"time":0.5833},{"time":1.0417,"x":-15.8,"y":-2.48},{"time":1.6667,"x":-23.62,"y":25.27},{"time":2.0833,"x":-28.66,"y":43.14},{"time":2.5}]},"头":{"rotate":[{"angle":16.55},{"time":0.5833,"angle":9.12},{"time":0.8333,"angle":4.48},{"time":1.0417,"angle":-3.59},{"time":1.375,"angle":-4.48},{"time":1.6667,"angle":8.51},{"time":2.0833,"angle":17.75},{"time":2.5,"angle":16.55}],"translate":[{"x":-85.15,"y":29.13},{"time":0.5833,"x":-36.84,"y":2.51},{"time":0.8333,"x":-62.08,"y":17.58},{"time":1.0417,"x":-29.11,"y":-32.23},{"time":1.375,"x":-39.48,"y":-7.11,"curve":0,"c2":0.19,"c3":0.662,"c4":0.85},{"time":1.6667,"x":-48.56,"y":14.87},{"time":2.0833,"x":-24.21,"y":7.65},{"time":2.5,"x":-85.15,"y":29.13}]},"领带1":{"rotate":[{"angle":14.48},{"time":0.3333,"angle":3.8},{"time":0.625,"angle":8.41},{"time":0.9167,"angle":-10.14},{"time":1.25,"angle":3.35},{"time":1.5833,"angle":14.13},{"time":1.875,"angle":16.32},{"time":2.1667,"angle":10.18},{"time":2.3333,"angle":16.93},{"time":2.5,"angle":14.48}]},"脚21":{"rotate":[{"angle":0.09},{"time":0.5833,"angle":16.67},{"time":1.0417,"angle":-61.93},{"time":1.6667,"angle":-49.38},{"time":2.5,"angle":0.09}]},"领带2":{"rotate":[{},{"time":0.3333,"angle":-18.95},{"time":0.625,"angle":-19.1},{"time":0.9167,"angle":11.54},{"time":1.25,"angle":-20.87},{"time":1.5833,"angle":15.07},{"time":1.875,"angle":-16.14},{"time":2.1667,"angle":7.62},{"time":2.3333,"angle":-7.52},{"time":2.5}]},"手臂2":{"rotate":[{"angle":-13.56},{"time":0.5833,"angle":-4.03},{"time":1.0417,"angle":-4.54},{"time":1.6667,"angle":-29.47},{"time":2.0833,"angle":-33.06},{"time":2.5,"angle":-13.56}]},"脚_11":{"rotate":[{},{"time":0.5833,"angle":39.16,"curve":"stepped"},{"time":1.0417,"angle":39.16},{"time":2.5}]},"手臂1":{"rotate":[{"angle":-15.43},{"time":0.5833,"angle":-16},{"time":1.0417,"angle":-50.89},{"time":2.0833,"angle":-2.56},{"time":2.5,"angle":-15.43}]},"大腿21":{"rotate":[{"angle":-37.74},{"time":0.5833,"angle":18.53},{"time":1.0417,"angle":-17.24},{"time":2.0833,"angle":-46.36},{"time":2.5,"angle":-37.74}]},"手2":{"rotate":[{"angle":-29.02},{"time":0.5833,"angle":0.29},{"time":1.0417,"angle":-4.54},{"time":1.6667,"angle":44.67},{"time":2.0833,"angle":29.05},{"time":2.5,"angle":-29.02}]},"脚_12":{"rotate":[{"angle":-22.79},{"time":0.5833,"angle":-46.12},{"time":1.0417,"angle":-48.61},{"time":2.5,"angle":-22.79}]},"bone":{"rotate":[{"time":1.0417},{"time":1.6667,"angle":10.61},{"time":2.5}],"translate":[{},{"time":0.5833,"x":-41.17,"y":28.33},{"time":1.0417},{"time":1.6667,"x":-30.38,"y":41.29},{"time":2.5}]},"bone1":{"translate":[{"x":-93.36},{"time":0.5833,"x":-465.32},{"time":0.8333,"x":-350.35},{"time":1.0417,"x":-320.44},{"time":1.375,"x":-294.96},{"time":1.6667,"x":-149.37},{"time":2.0833,"x":-93.36}]},"bone_ikTarget":{"translate":[{"time":1.875,"curve":0,"c2":0.19,"c3":0.662,"c4":0.85},{"time":2,"x":-10.03,"y":-32.7,"curve":0,"c2":0.19,"c3":0.662,"c4":0.85},{"time":2.5}]},"1 daoju":{"rotate":[{"curve":0,"c2":0.23,"c3":0.377,"c4":0.58},{"time":0.5833,"angle":-8.26,"curve":0.288,"c2":0.32,"c3":0.625,"c4":0.65},{"time":0.8333,"angle":-10.99,"curve":0.31,"c2":0.33,"c3":0.645,"c4":0.66},{"time":1.125,"angle":-0.39,"curve":0.315,"c2":0.33,"c3":0.651,"c4":0.67},{"time":1.375,"angle":5.39,"curve":0.326,"c2":0.34,"c3":0.663,"c4":0.68},{"time":1.9583,"angle":-10.79,"curve":0.34,"c2":0.37,"c3":0.68,"c4":0.72},{"time":2.25,"angle":-7.3,"curve":0.365,"c2":0.44,"c3":0.706,"c4":0.78},{"time":2.5}]},"头_2":{"scale":[{"curve":0,"c2":0.23,"c3":0.377,"c4":0.58},{"time":0.5833,"x":1.035,"y":1.049,"curve":0.288,"c2":0.32,"c3":0.625,"c4":0.65},{"time":0.8333,"x":0.98,"y":0.912,"curve":0.309,"c2":0.33,"c3":0.644,"c4":0.66},{"time":1.1667,"x":1.035,"y":1.049,"curve":0.288,"c2":0.32,"c3":0.625,"c4":0.65},{"time":1.5,"x":1.022,"y":1.017,"curve":0.327,"c2":0.33,"c3":0.661,"c4":0.67},{"time":1.9583,"curve":0.347,"c2":0.38,"c3":0.684,"c4":0.72},{"time":2.2083,"x":1.035,"y":1.049,"curve":0.288,"c2":0.32,"c3":0.625,"c4":0.65},{"time":2.5}],"shear":[{"curve":0,"c2":0.23,"c3":0.377,"c4":0.58},{"time":0.5833,"x":9.32,"curve":0.288,"c2":0.32,"c3":0.625,"c4":0.65},{"time":0.8333,"x":-7.26,"curve":0.309,"c2":0.33,"c3":0.644,"c4":0.66},{"time":1.1667,"x":9.32,"curve":0.288,"c2":0.32,"c3":0.625,"c4":0.65},{"time":1.5,"x":5.36,"curve":0.327,"c2":0.33,"c3":0.661,"c4":0.67},{"time":1.9583,"curve":0.347,"c2":0.38,"c3":0.684,"c4":0.72},{"time":2.2083,"x":9.32,"curve":0.288,"c2":0.32,"c3":0.625,"c4":0.65},{"time":2.5}]},"身体4":{"rotate":[{"angle":-2.3,"curve":0.376,"c2":0.61,"c3":0.718},{"time":0.125,"curve":0,"c2":0.19,"c3":0.662,"c4":0.85},{"time":0.7083,"angle":-15.77,"curve":0.25,"c3":0.625,"c4":0.5},{"time":1,"angle":-13.16,"curve":0.375,"c2":0.5,"c3":0.75},{"time":1.375,"angle":10.67,"curve":0.25,"c3":0.75},{"time":2.0417,"angle":-15.77,"curve":0.243,"c3":0.676,"c4":0.7},{"time":2.5,"angle":-2.3}]},"身体3":{"rotate":[{"angle":-4.57,"curve":0.382,"c2":0.56,"c3":0.738},{"time":0.2083,"curve":0,"c2":0.19,"c3":0.662,"c4":0.85},{"time":0.7917,"angle":-14.57,"curve":0.25,"c3":0.625,"c4":0.5},{"time":1.0833,"angle":-13.53,"curve":0.375,"c2":0.5,"c3":0.75},{"time":1.4583,"angle":8.74,"curve":0.25,"c3":0.75},{"time":2.125,"angle":-14.57,"curve":0.244,"c3":0.644,"c4":0.58},{"time":2.5,"angle":-4.57}]},"身体5":{"rotate":[{"curve":0.25,"c3":0.75},{"time":0.5833,"angle":9.66,"curve":0.25,"c3":0.75},{"time":1.25,"angle":-13.15,"curve":0.25,"c3":0.75},{"time":1.6667,"angle":9.66,"curve":0.25,"c3":0.75},{"time":2.5}]}}},"zou2":{"slots":{"luzhang":{"color":[{"time":0.2083,"color":"ffffffff","curve":0,"c2":0.19,"c3":0.662,"c4":0.85},{"time":0.2917,"color":"ffffff00"}]},"luzhang2":{"color":[{"time":0.2083,"color":"ffffffff","curve":0,"c2":0.19,"c3":0.662,"c4":0.85},{"time":0.2917,"color":"ffffff00"}]},"luzhang3":{"color":[{"time":0.2083,"color":"ffffffff","curve":0,"c2":0.19,"c3":0.662,"c4":0.85},{"time":0.2917,"color":"ffffff00"}]},"luzhang4":{"color":[{"time":0.2083,"color":"ffffffff","curve":0,"c2":0.19,"c3":0.662,"c4":0.85},{"time":0.2917,"color":"ffffff00"}]},"luzhang5":{"color":[{"time":0.2083,"color":"ffffffff","curve":0,"c2":0.19,"c3":0.662,"c4":0.85},{"time":0.2917,"color":"ffffff00"}]},"tietong":{"color":[{"time":0.2083,"color":"ffffffff","curve":0,"c2":0.19,"c3":0.662,"c4":0.85},{"time":0.2917,"color":"ffffff00"}]},"tietong2":{"color":[{"time":0.2083,"color":"ffffffff","curve":0,"c2":0.19,"c3":0.662,"c4":0.85},{"time":0.2917,"color":"ffffff00"}]},"tietong3":{"color":[{"time":0.2083,"color":"ffffffff","curve":0,"c2":0.19,"c3":0.662,"c4":0.85},{"time":0.2917,"color":"ffffff00"}]},"tietong4":{"color":[{"time":0.2083,"color":"ffffffff","curve":0,"c2":0.19,"c3":0.662,"c4":0.85},{"time":0.2917,"color":"ffffff00"}]},"tietong5":{"color":[{"time":0.2083,"color":"ffffffff","curve":0,"c2":0.19,"c3":0.662,"c4":0.85},{"time":0.2917,"color":"ffffff00"}]},"tietong10":{"color":[{"time":0.2083,"color":"ffffffff","curve":0,"c2":0.19,"c3":0.662,"c4":0.85},{"time":0.2917,"color":"ffffff00"}]},"tietong11":{"color":[{"time":0.2083,"color":"ffffffff","curve":0,"c2":0.19,"c3":0.662,"c4":0.85},{"time":0.2917,"color":"ffffff00"}]},"tietong12":{"color":[{"time":0.2083,"color":"ffffffff","curve":0,"c2":0.19,"c3":0.662,"c4":0.85},{"time":0.2917,"color":"ffffff00"}]},"tietong13":{"color":[{"time":0.2083,"color":"ffffffff","curve":0,"c2":0.19,"c3":0.662,"c4":0.85},{"time":0.2917,"color":"ffffff00"}]},"tietong14":{"color":[{"time":0.2083,"color":"ffffffff","curve":0,"c2":0.19,"c3":0.662,"c4":0.85},{"time":0.2917,"color":"ffffff00"}]},"tietong15":{"color":[{"time":0.2083,"color":"ffffffff","curve":0,"c2":0.19,"c3":0.662,"c4":0.85},{"time":0.2917,"color":"ffffff00"}]},"tongqian":{"color":[{"time":0.2083,"color":"ffffffff","curve":0,"c2":0.19,"c3":0.662,"c4":0.85},{"time":0.2917,"color":"ffffff00"}]},"tongqian2":{"color":[{"time":0.2083,"color":"ffffffff","curve":0,"c2":0.19,"c3":0.662,"c4":0.85},{"time":0.2917,"color":"ffffff00"}]},"tongqian3":{"color":[{"time":0.2083,"color":"ffffffff","curve":0,"c2":0.19,"c3":0.662,"c4":0.85},{"time":0.2917,"color":"ffffff00"}]}},"bones":{"bone_ikTarget_right":{"translate":[{"x":115}]},"臂膀1":{"rotate":[{"angle":-11.4}],"translate":[{"x":7.27,"y":-133.3}]},"bone_ikTarget_left":{"translate":[{"x":115}]},"大腿1":{"rotate":[{"angle":19.83}]},"大腿2":{"rotate":[{"angle":38.96}],"translate":[{"x":21.25,"y":4.31}]},"臂膀2":{"rotate":[{"angle":19.01}],"translate":[{"x":-49.05,"y":-4.36}]},"脚_1":{"rotate":[{"angle":8.31}]},"脚2":{"rotate":[{"angle":-27.65}]},"臂膀11":{"rotate":[{"angle":17}]},"头":{"rotate":[{"angle":16.55}],"translate":[{"x":-85.15,"y":29.13}]},"领带1":{"rotate":[{"angle":14.48}]},"脚21":{"rotate":[{"angle":0.09}]},"手臂2":{"rotate":[{"angle":-13.56}]},"手臂1":{"rotate":[{"angle":-15.43}]},"大腿21":{"rotate":[{"angle":-37.74}]},"手2":{"rotate":[{"angle":-29.02}]},"脚_12":{"rotate":[{"angle":-22.79}]},"bone1":{"translate":[{"x":-93.36}]},"1 daoju":{"rotate":[{"curve":0,"c2":0.23,"c3":0.377,"c4":0.58},{"time":0.0833,"angle":-19.94,"curve":0.27,"c2":0.03,"c3":0.884,"c4":0.53},{"time":0.25,"angle":-92.17}],"translate":[{"curve":0,"c2":0.23,"c3":0.377,"c4":0.58},{"time":0.0833,"x":10.77,"y":-206.79,"curve":0.27,"c2":0.03,"c3":0.884,"c4":0.53},{"time":0.25,"x":-1292.78,"y":118.47}]}}}}},[0]]],0,0,[0],[-1],[0]]