[1,["ecpdLyjvZBwrvm+cedCcQy","caohSHbS5GEIzmwCrnMGn5","7a/QZLET9IDreTiBfRn2PD","ebwHR7n1VCVZE1KVe3zsZw","5aalEjxDdKdrNa7bJxf8La","f5gSJkRdNF1ryMpsXVaTpb","7c1bx9f/JG478BwSLJbRom","7aKVSYjxdIO5IIx2FT60fw","9fDVKsCC5NCaziXVModEAo","6b7V77AdRGNK9sTj93Szpg","a2MjXRFdtLlYQ5ouAFv/+R","c4CGt6V2BEELgWlQZ2tLBZ","61gmdS5rFPHr+LE2zChh66","1eMUvYAAFPYLs8Qcd3/Y9y","b2YyBjW6tF2ajRnrtLeZ5w","836UZ9bM1LRZGK5PQS5mxD","8ag51aR45GhLsxPqVtaE1j","1a1OV6Ex9K3bwsux0oIOqM"],["node","_spriteFrame","_parent","_N$file","root","_N$skeletonData","_textureSetter","cancelBtn","title","data"],[["cc.Node",["_name","_active","_opacity","_prefab","_components","_contentSize","_trs","_parent","_children","_anchorPoint","_color"],0,4,9,5,7,1,2,5,5],["cc.Sprite",["_sizeMode","_type","_isTrimmedMode","_enabled","node","_materials","_spriteFrame"],-1,1,3,6],["cc.Node",["_name","_components","_prefab","_trs","_contentSize","_parent","_children","_color","_anchorPoint"],2,2,4,7,5,1,2,5,5],["cc.PrefabInfo",["fileId","root","asset"],2,1,1],["cc.Label",["_fontSize","_lineHeight","_isSystemFontUsed","_N$horizontalAlign","_N$verticalAlign","_string","_N$overflow","node","_materials","_N$file"],-4,1,3,6],["cc.Widget",["_alignFlags","_originalWidth","_originalHeight","node"],0,1],["cc.LabelOutline",["_width","_enabled","node","_color"],1,1,5],"cc.SpriteFrame",["cc.Prefab",["_name"],2],["cc.Node",["_name","_parent","_components","_prefab","_color","_contentSize","_trs"],2,1,12,4,5,5,7],["cc.BlockInputEvents",["node"],3,1],["ac701j067FJ/ZhV+w0N6Xxd",["node","items","title","cancelBtn"],3,1,2,1,1],["cc.Layout",["_resize","_N$layoutType","_N$spacingX","node","_layoutSize"],0,1,5],["cc.Button",["_N$transition","node","clickEvents"],2,1,9],["cc.ClickEvent",["_componentId","handler","target"],1,1],["sp.Skeleton",["defaultSkin","defaultAnimation","_preCacheMode","_animationName","node","_materials"],-1,1,3],["261d4+Q1HdGA5w3tjdBw83c",["node","spineAnimation"],3,1,1],["88504bcAuVIU6o/+NgxpLtt",["node","proIcon","propAni","plantCardNode","plantIcon","propName","shopItemIcon","swIcon"],3,1,1,1,1,1,1,1,1]],[[3,0,1,2,2],[0,0,7,4,3,5,6,2],[3,0,1,2],[1,4,5,6,1],[2,0,5,1,2,4,3,2],[1,4,5,1],[4,5,0,1,2,3,4,7,8,7],[0,0,1,8,4,3,5,9,6,3],[2,0,6,1,2,4,3,2],[2,0,5,1,2,3,2],[2,0,5,1,2,4,8,3,2],[9,0,1,2,3,4,5,6,2],[1,0,2,4,5,3],[6,1,0,2,3,3],[15,0,1,2,3,4,5,5],[16,0,1,1],[17,0,1,2,3,4,5,6,7,1],[0,0,7,8,4,3,5,6,2],[1,1,0,2,4,5,6,4],[1,0,4,5,6,2],[1,1,0,4,5,6,3],[13,0,1,2,2],[14,0,1,2,3],[6,0,2,3,2],[4,5,0,1,2,3,4,7,8,9,7],[8,0,2],[0,0,8,4,3,5,6,2],[0,0,7,8,3,6,2],[0,0,2,7,4,3,10,5,3],[0,0,7,4,3,10,5,6,2],[0,0,7,4,3,5,9,6,2],[2,0,5,1,2,7,4,3,2],[5,0,3,2],[5,0,1,2,3,4],[10,0,1],[11,0,1,2,3,1],[3,1,2,1],[1,3,1,0,2,4,5,6,5],[12,0,1,2,3,4,4],[4,0,1,2,3,4,6,7,8,9,7]],[[[{"name":"box","rect":[3,4,166,132],"offset":[0,-2],"originalSize":[172,136],"capInsets":[0,0,0,0]}],[7],0,[0],[6],[9]],[[[25,"VideoGiftView"],[26,"VideoGiftView",[-11,-12],[[32,45,-2],[34,-3],[35,-10,[-6,-7,-8,-9],-5,-4]],[36,-1,0],[5,1280,720],[640,360,0,0,0,0,1,1,1,1]],[27,"Resboard",1,[-13,-14,-15,-16,-17,-18,-19,-20,-21,-22,-23],[0,"2d9zQ5hDdN8pFUVtNqCaI1",1,0],[0,102.584,0,0,0,0,1,1,1,1]],[7,"PlantCard",false,[-26,-27],[[3,-25,[21],22]],[2,"8csondVTVO0ruJpDv36dqk",-24],[5,136,75],[0,0.5,0],[0,-47.499,0,0,0,0,1,1.2,1.2,1]],[7,"PlantCard",false,[-30,-31],[[3,-29,[30],31]],[2,"8csondVTVO0ruJpDv36dqk",-28],[5,136,75],[0,0.5,0],[0,-47.499,0,0,0,0,1,1.2,1.2,1]],[7,"PlantCard",false,[-34,-35],[[3,-33,[39],40]],[2,"8csondVTVO0ruJpDv36dqk",-32],[5,136,75],[0,0.5,0],[0,-47.499,0,0,0,0,1,1.2,1.2,1]],[7,"PlantCard",false,[-38,-39],[[3,-37,[48],49]],[2,"8csondVTVO0ruJpDv36dqk",-36],[5,136,75],[0,0.5,0],[0,-47.499,0,0,0,0,1,1.2,1.2,1]],[8,"rewardItem1",[-41,-42,-43,3,-44],[-40],[0,"eaVjimYApDC4WJZXX5JAe1",1,0],[5,200,100],[-139,50,0,0,0,0,1,0.7,0.7,1]],[8,"rewardItem2",[-46,-47,-48,4,-49],[-45],[0,"6cqb9HrjBE+Z8O6T0E0Cra",1,0],[5,200,100],[71,50,0,0,0,0,1,0.7,0.7,1]],[8,"rewardItem3",[-51,-52,-53,5,-54],[-50],[0,"97h4FsYuJOganvMUNi7GQY",1,0],[5,200,100],[-139,-50,0,0,0,0,1,0.7,0.7,1]],[8,"rewardItem4",[-56,-57,-58,6,-59],[-55],[0,"c5mXd3ZORAiK6YNknhgB+K",1,0],[5,200,100],[71,-50,0,0,0,0,1,0.7,0.7,1]],[17,"content",2,[7,8,9,10],[[38,1,3,10,-60,[5,478,200]]],[0,"fbCsKoPsJLcaG0HFUoZFNz",1,0],[5,478,200],[47.26,-2,0,0,0,0,1,1,1,1]],[17,"btn_video",2,[-63,-64],[[18,1,0,false,-61,[57],58],[21,3,-62,[[22,"ac701j067FJ/ZhV+w0N6Xxd","showVideo",1]]]],[0,"50/8OLkpxKlaCru1KMgt/Z",1,0],[5,216,70],[0,-168.46,0,0,0,0,1,1,1,0]],[17,"btn_back",2,[-67],[[37,false,1,0,false,-65,[61],62],[21,3,-66,[[22,"ac701j067FJ/ZhV+w0N6Xxd","clickClose",1]]]],[0,"bczSbqMglHgZT4LdEPLK+B",1,0],[5,216,70],[0,-256.038,0,0,0,0,1,1,1,0]],[28,"mask",177,1,[[19,0,-68,[0],1],[33,45,100,100,-69]],[0,"1bP986vNlGX6TVQVJSrFtC",1,0],[4,4278190080],[5,1280,720]],[9,"27FX_ui",7,[-70,-71],[0,"53rC0iJ8FN3rYArgtV0FqN",1,0],[0,-1.999,0,0,0,0,1,1,1,1]],[1,"swIcon",3,[[3,-72,[19],20]],[2,"630N1HmqFFdYbV6ENBZr5E",3],[5,41,22],[-40,20,0,0,0,0,1,1,1,1]],[11,"txt",7,[[-73,[13,false,2,-74,[4,4278190080]]],1,4],[0,"36kfjc+zJANLRS8XFdXp7d",1,0],[4,4283965449],[5,165.44,35.28],[143.826,-5.734,0,0,0,0,1,1,1,1]],[9,"27FX_ui",8,[-75,-76],[0,"f8pgioTaREA7dL8LT6DhAy",1,0],[0,-1.999,0,0,0,0,1,1,1,1]],[1,"swIcon",4,[[3,-77,[28],29]],[2,"0aow7wz8dPfaJt7LSvfc0l",4],[5,41,22],[-40,20,0,0,0,0,1,1,1,1]],[11,"txt",8,[[-78,[13,false,2,-79,[4,4278190080]]],1,4],[0,"d556avgQlMk7RwjTqRRhOG",1,0],[4,4283965449],[5,165.44,35.28],[143.826,-5.734,0,0,0,0,1,1,1,1]],[9,"27FX_ui",9,[-80,-81],[0,"b3kzY4UkhKqoN1w0PyDXdG",1,0],[0,-1.999,0,0,0,0,1,1,1,1]],[1,"swIcon",5,[[3,-82,[37],38]],[2,"42Q2Szo1RJ5ZuWK5PjElmg",5],[5,41,22],[-40,20,0,0,0,0,1,1,1,1]],[11,"txt",9,[[-83,[13,false,2,-84,[4,4278190080]]],1,4],[0,"b4lvLBr+5NhpyFTXcchboW",1,0],[4,4283965449],[5,165.44,35.28],[143.826,-5.734,0,0,0,0,1,1,1,1]],[9,"27FX_ui",10,[-85,-86],[0,"e2VdQi/5xPJaD48YocMbkw",1,0],[0,-1.999,0,0,0,0,1,1,1,1]],[1,"swIcon",6,[[3,-87,[46],47]],[2,"631EcxeaZPhZHP/iRLn1DZ",6],[5,41,22],[-40,20,0,0,0,0,1,1,1,1]],[11,"txt",10,[[-88,[13,false,2,-89,[4,4278190080]]],1,4],[0,"0eY6vk0KFCBIsw8h2/FjA7",1,0],[4,4283965449],[5,165.44,35.28],[143.826,-5.734,0,0,0,0,1,1,1,1]],[29,"txt",12,[[24,"立即领取",30,34,false,1,1,-90,[53],54],[23,2,-91,[4,4278330370]]],[0,"5f8JO7XpZLAbOxfBApDgtv",1,0],[4,4279746326],[5,124,46.84],[19.715,4,0,0,0,0,1,1,1,1]],[1,"txt",13,[[24,"返回",30,34,false,1,1,-92,[59],60],[23,2,-93,[4,4278330370]]],[0,"9bROnqYCJNg6i4NyYbx2Rv",1,0],[5,64,46.84],[-3,4,0,0,0,0,1,1,1,1]],[30,"common_pop_view_3",2,[[18,1,0,false,-94,[2],3]],[0,"baMcr1o31EM6c1AJLu/ACf",1,0],[5,739,225],[0,0.5,1],[1,122,0,0,0,0,1,1,1,1]],[1,"common_pop_view_2",2,[[18,1,0,false,-95,[4],5]],[0,"6fW6aIiR5On413NKowynn2",1,0],[5,745,100],[0,137,0,0,0,0,1,1,1,1]],[1,"common_pop_view_4",2,[[20,1,0,-96,[6],7]],[0,"34GblGvxlLZbyhBiMm8CBT",1,0],[5,750,125],[0,-162.238,0,0,0,0,1,1,1,1]],[1,"common_pop_view_1",2,[[3,-97,[8],9]],[0,"149IfkzEFNfYpxaIv7s4EN",1,0],[5,121,69],[2,193,0,0,0,0,1,1,1,1]],[1,"zombie_desc_bg",2,[[20,1,0,-98,[10],11]],[0,"89GDfMm11JV7V0sBms9YNX",1,0],[5,664,209.5],[2,-4.7,0,0,0,0,1,1,1,1]],[31,"tittle",2,[-99],[0,"b8oyrcYtNE6IlrjEubTTLC",1,0],[4,4284081919],[5,120,51.66],[0,123.643,0,0,0,0,1,1,1,1]],[6,"礼包名称",30,41,false,1,1,34,[12]],[1,"box",2,[[3,-100,[13],14]],[0,"63+dmY2X1D/4pB5wrQp2Xo",1,0],[5,166,132],[-224.62,4.435,0,0,0,0,1,1,1,1]],[4,"icon",7,[-101],[0,"655loCnppLJ64BRhUrHCYX",1,0],[5,65,73],[0,-1.999,0,0,0,0,1,1,1,1]],[5,37,[15]],[4,"shopitem",7,[-102],[0,"96yVnZn6BJzJbphNOZ5l8g",1,0],[5,88,81],[0,-4.499,0,0,0,0,1,1,1,1]],[5,39,[16]],[14,"default","1ui_1",0,"1ui_1",15,[17]],[15,15,41],[10,"Icon",3,[-103],[2,"dcoXiNMopDd69+VrjIxC+X",3],[5,128,68],[0,0.5,0],[0,4,0,0,0,0,1,1,1,1]],[12,0,false,43,[18]],[6,"硬币x1000",35,28,false,1,1,17,[23]],[16,7,38,42,3,44,45,40,16],[4,"icon",8,[-104],[0,"17nVv8VKpEXYtyiJ1hPQzt",1,0],[5,65,73],[0,-1.999,0,0,0,0,1,1,1,1]],[5,47,[24]],[4,"shopitem",8,[-105],[0,"58mmLV9rxF375bGR0hhvKh",1,0],[5,88,81],[0,-4.499,0,0,0,0,1,1,1,1]],[5,49,[25]],[14,"default","1ui_1",0,"1ui_1",18,[26]],[15,18,51],[10,"Icon",4,[-106],[2,"dcoXiNMopDd69+VrjIxC+X",4],[5,128,68],[0,0.5,0],[0,4,0,0,0,0,1,1,1,1]],[12,0,false,53,[27]],[6,"硬币x1000",35,28,false,1,1,20,[32]],[16,8,48,52,4,54,55,50,19],[4,"icon",9,[-107],[0,"2b5yH5Kr1FXrzsc13Ajz0p",1,0],[5,65,73],[0,-1.999,0,0,0,0,1,1,1,1]],[5,57,[33]],[4,"shopitem",9,[-108],[0,"0cHnmeOlVI8pQ7dx5GF2ou",1,0],[5,88,81],[0,-4.499,0,0,0,0,1,1,1,1]],[5,59,[34]],[14,"default","1ui_1",0,"1ui_1",21,[35]],[15,21,61],[10,"Icon",5,[-109],[2,"dcoXiNMopDd69+VrjIxC+X",5],[5,128,68],[0,0.5,0],[0,4,0,0,0,0,1,1,1,1]],[12,0,false,63,[36]],[6,"硬币x1000",35,28,false,1,1,23,[41]],[16,9,58,62,5,64,65,60,22],[4,"icon",10,[-110],[0,"22lMxDlLhPKJ6WUuzH8glk",1,0],[5,65,73],[0,-1.999,0,0,0,0,1,1,1,1]],[5,67,[42]],[4,"shopitem",10,[-111],[0,"50tIg1L/pAOpV3vi7LJLNM",1,0],[5,88,81],[0,-4.499,0,0,0,0,1,1,1,1]],[5,69,[43]],[14,"default","1ui_1",0,"1ui_1",24,[44]],[15,24,71],[10,"Icon",6,[-112],[2,"dcoXiNMopDd69+VrjIxC+X",6],[5,128,68],[0,0.5,0],[0,4,0,0,0,0,1,1,1,1]],[12,0,false,73,[45]],[6,"硬币x1000",35,28,false,1,1,26,[50]],[16,10,68,72,6,74,75,70,25],[1,"tip",2,[[39,25,25,false,1,1,3,-113,[51],52]],[0,"daopDeNExF74NBnUkJnokl",1,0],[5,410,31.5],[0,-75.079,0,0,0,0,1,1,1,1]],[1,"ad_icon",12,[[19,0,-114,[55],56]],[0,"29he96p7JALoIGlFsn0SGg",1,0],[5,31,23.1],[-64.936,3.036,0,0,0,0,1,1,1,1]]],0,[0,4,1,0,0,1,0,0,1,0,7,13,0,8,35,0,-1,46,0,-2,56,0,-3,66,0,-4,76,0,0,1,0,-1,14,0,-2,2,0,-1,29,0,-2,30,0,-3,31,0,-4,32,0,-5,33,0,-6,34,0,-7,36,0,-8,11,0,-9,77,0,-10,12,0,-11,13,0,4,3,0,0,3,0,-1,43,0,-2,16,0,4,4,0,0,4,0,-1,53,0,-2,19,0,4,5,0,0,5,0,-1,63,0,-2,22,0,4,6,0,0,6,0,-1,73,0,-2,25,0,-1,46,0,-1,37,0,-2,39,0,-3,15,0,-5,17,0,-1,56,0,-1,47,0,-2,49,0,-3,18,0,-5,20,0,-1,66,0,-1,57,0,-2,59,0,-3,21,0,-5,23,0,-1,76,0,-1,67,0,-2,69,0,-3,24,0,-5,26,0,0,11,0,0,12,0,0,12,0,-1,27,0,-2,78,0,0,13,0,0,13,0,-1,28,0,0,14,0,0,14,0,-1,41,0,-2,42,0,0,16,0,-1,45,0,0,17,0,-1,51,0,-2,52,0,0,19,0,-1,55,0,0,20,0,-1,61,0,-2,62,0,0,22,0,-1,65,0,0,23,0,-1,71,0,-2,72,0,0,25,0,-1,75,0,0,26,0,0,27,0,0,27,0,0,28,0,0,28,0,0,29,0,0,30,0,0,31,0,0,32,0,0,33,0,-1,35,0,0,36,0,-1,38,0,-1,40,0,-1,44,0,-1,48,0,-1,50,0,-1,54,0,-1,58,0,-1,60,0,-1,64,0,-1,68,0,-1,70,0,-1,74,0,0,77,0,0,78,0,9,1,3,2,7,4,2,8,5,2,9,6,2,10,7,2,11,8,2,11,9,2,11,10,2,11,114],[0,0,0,0,0,0,0,0,0,0,0,0,0,0,0,0,0,0,0,0,0,0,0,0,0,0,0,0,0,0,0,0,0,0,0,0,0,0,0,0,0,0,0,0,0,0,0,0,0,0,0,0,0,0,0,0,0,0,0,0,0,0,0,35,38,40,41,45,48,50,51,55,58,60,61,65,68,70,71,75],[-1,1,-1,1,-1,1,-1,1,-1,1,-1,1,-1,-1,1,-1,-1,-1,-1,-1,1,-1,1,-1,-1,-1,-1,-1,-1,1,-1,1,-1,-1,-1,-1,-1,-1,1,-1,1,-1,-1,-1,-1,-1,-1,1,-1,1,-1,-1,3,-1,3,-1,1,-1,1,-1,3,-1,1,3,1,1,5,3,1,1,5,3,1,1,5,3,1,1,5,3],[0,10,0,11,0,12,0,13,0,14,0,15,0,0,16,0,0,2,0,0,3,0,4,0,0,0,2,0,0,3,0,4,0,0,0,2,0,0,3,0,4,0,0,0,2,0,0,3,0,4,0,0,1,0,1,0,17,0,8,0,1,0,8,1,5,6,7,1,5,6,7,1,5,6,7,1,5,6,7,1]]]]