[1,["195aHhsexDAbz/fads8ptj"],["_texture"],[["dragonBones.DragonBonesAtlasAsset",["_name","_atlasJson"],1]],[[0,0,1,3]],[[0,"06_huoyansheshou_tex","{\"width\":128,\"imagePath\":\"06_huoyansheshou_tex.png\",\"name\":\"06_huoyansheshou\",\"SubTexture\":[{\"width\":16,\"y\":84,\"height\":12,\"name\":\"01wandousheshou/jiaoye2\",\"x\":58},{\"width\":16,\"y\":69,\"height\":13,\"name\":\"01wandousheshou/jiaoye3\",\"x\":58},{\"width\":17,\"y\":1,\"height\":36,\"name\":\"01wandousheshou/shenti\",\"x\":107},{\"width\":10,\"y\":84,\"height\":10,\"name\":\"01wandousheshou/qiu\",\"x\":101},{\"frameY\":-6,\"y\":78,\"frameWidth\":44,\"frameHeight\":54,\"width\":24,\"height\":30,\"name\":\"01wandousheshou/huo/h3\",\"frameX\":-8,\"x\":1},{\"frameY\":-11,\"y\":100,\"frameWidth\":44,\"frameHeight\":54,\"width\":28,\"height\":25,\"name\":\"01wandousheshou/huo/h5\",\"frameX\":-3,\"x\":27},{\"frameY\":-8,\"y\":36,\"frameWidth\":44,\"frameHeight\":54,\"width\":25,\"height\":31,\"name\":\"01wandousheshou/huo/h6\",\"frameX\":-7,\"x\":52},{\"frameY\":-8,\"y\":69,\"frameWidth\":44,\"frameHeight\":54,\"width\":26,\"height\":29,\"name\":\"01wandousheshou/huo/h2\",\"frameX\":-8,\"x\":30},{\"frameY\":-11,\"y\":100,\"frameWidth\":44,\"frameHeight\":54,\"width\":25,\"height\":24,\"name\":\"01wandousheshou/huo/h4\",\"frameX\":-7,\"x\":57},{\"frameY\":-5,\"y\":1,\"frameWidth\":44,\"frameHeight\":54,\"width\":25,\"height\":33,\"name\":\"01wandousheshou/huo/h1\",\"frameX\":-8,\"x\":52},{\"frameY\":-6,\"y\":47,\"frameWidth\":44,\"frameHeight\":54,\"width\":27,\"height\":29,\"name\":\"01wandousheshou/huo/h0\",\"frameX\":-6,\"x\":1},{\"width\":49,\"y\":1,\"height\":44,\"name\":\"01wandousheshou/tou\",\"x\":1},{\"width\":20,\"y\":100,\"height\":22,\"name\":\"01wandousheshou/sai\",\"x\":84},{\"width\":23,\"y\":84,\"height\":8,\"name\":\"01wandousheshou/yandi\",\"x\":76},{\"width\":23,\"y\":94,\"height\":4,\"name\":\"01wandousheshou/eye2\",\"x\":76},{\"width\":19,\"y\":47,\"height\":13,\"name\":\"01wandousheshou/eye\",\"x\":30},{\"width\":23,\"y\":110,\"height\":17,\"name\":\"01wandousheshou/jiaoye0\",\"x\":1},{\"width\":25,\"y\":67,\"height\":15,\"name\":\"01wandousheshou/jiaoye1\",\"x\":79},{\"width\":26,\"y\":34,\"height\":31,\"name\":\"01wandousheshou/mouth1\",\"x\":79},{\"width\":26,\"y\":1,\"height\":31,\"name\":\"01wandousheshou/mouth2\",\"x\":79}],\"height\":128}"]],0,0,[0],[0],[0]]