[1,["4bNTDUZYtLnbL0YvOrK35+"],0,[["sp.SkeletonData",["_name","_atlasText","textureNames","_skeletonJson","textures"],-1,3]],[[0,0,1,2,3,4,5]],[[0,"Zombie_ladder","\nZombie_ladder.png\nsize: 1024,128\nformat: RGBA8888\nfilter: Linear,Linear\nrepeat: none\nchuizi\n  rotate: false\n  xy: 353, 14\n  size: 32, 43\n  orig: 32, 43\n  offset: 0, 0\n  index: -1\nkua\n  rotate: true\n  xy: 387, 17\n  size: 41, 39\n  orig: 41, 39\n  offset: 0, 0\n  index: -1\nshenti\n  rotate: false\n  xy: 325, 59\n  size: 58, 67\n  orig: 58, 67\n  offset: 0, 0\n  index: -1\ntizi0\n  rotate: false\n  xy: 82, 13\n  size: 71, 113\n  orig: 71, 113\n  offset: 0, 0\n  index: -1\ntizi1\n  rotate: false\n  xy: 237, 21\n  size: 86, 105\n  orig: 86, 105\n  offset: 0, 0\n  index: -1\ntizi2\n  rotate: false\n  xy: 2, 13\n  size: 78, 113\n  orig: 78, 113\n  offset: 0, 0\n  index: -1\ntizi3\n  rotate: false\n  xy: 155, 15\n  size: 80, 111\n  orig: 80, 111\n  offset: 0, 0\n  index: -1\ntou\n  rotate: true\n  xy: 385, 60\n  size: 66, 61\n  orig: 66, 61\n  offset: 0, 0\n  index: -1\nxiaba\n  rotate: false\n  xy: 503, 61\n  size: 26, 30\n  orig: 27, 30\n  offset: 0, 0\n  index: -1\nyoudabi\n  rotate: false\n  xy: 494, 2\n  size: 19, 24\n  orig: 19, 24\n  offset: 0, 0\n  index: -1\nyoudatui\n  rotate: false\n  xy: 482, 93\n  size: 23, 33\n  orig: 23, 33\n  offset: 0, 0\n  index: -1\nyoujiao\n  rotate: true\n  xy: 491, 28\n  size: 31, 22\n  orig: 31, 22\n  offset: 0, 0\n  index: -1\nyoushou1\n  rotate: false\n  xy: 515, 9\n  size: 19, 23\n  orig: 19, 23\n  offset: 0, 0\n  index: -1\nyoushou2\n  rotate: false\n  xy: 529, 96\n  size: 25, 30\n  orig: 26, 30\n  offset: 1, 0\n  index: -1\nyoutongkong\n  rotate: false\n  xy: 2, 7\n  size: 4, 4\n  orig: 4, 4\n  offset: 0, 0\n  index: -1\nyouxiaobi\n  rotate: true\n  xy: 480, 61\n  size: 27, 21\n  orig: 27, 21\n  offset: 0, 0\n  index: -1\nyouxiaotui\n  rotate: true\n  xy: 459, 22\n  size: 36, 30\n  orig: 36, 30\n  offset: 0, 0\n  index: -1\nyouyan\n  rotate: true\n  xy: 237, 3\n  size: 16, 15\n  orig: 16, 15\n  offset: 0, 0\n  index: -1\nzuodabi\n  rotate: true\n  xy: 459, 2\n  size: 18, 33\n  orig: 18, 33\n  offset: 0, 0\n  index: -1\nzuodatui\n  rotate: false\n  xy: 507, 95\n  size: 20, 31\n  orig: 20, 31\n  offset: 0, 0\n  index: -1\nzuojiao\n  rotate: true\n  xy: 325, 11\n  size: 46, 26\n  orig: 46, 26\n  offset: 0, 0\n  index: -1\nzuoshou\n  rotate: false\n  xy: 448, 60\n  size: 30, 28\n  orig: 30, 28\n  offset: 0, 0\n  index: -1\nzuoshou1\n  rotate: true\n  xy: 515, 34\n  size: 25, 22\n  orig: 25, 22\n  offset: 0, 0\n  index: -1\nzuotongkong\n  rotate: false\n  xy: 8, 7\n  size: 4, 4\n  orig: 5, 4\n  offset: 0, 0\n  index: -1\nzuoxiaobi\n  rotate: true\n  xy: 428, 18\n  size: 40, 29\n  orig: 40, 29\n  offset: 0, 0\n  index: -1\nzuoxiaotui\n  rotate: true\n  xy: 448, 90\n  size: 36, 32\n  orig: 36, 32\n  offset: 0, 0\n  index: -1\nzuoyan\n  rotate: false\n  xy: 536, 11\n  size: 21, 21\n  orig: 21, 21\n  offset: 0, 0\n  index: -1\n",["Zombie_ladder.png"],{"skeleton":{"hash":"+f2mDxxtxKoB8wCjzbTBXbCfw8g","spine":"3.8.99","x":-76.61,"y":2.03,"width":79.5,"height":110.5,"images":"./images/","audio":"F:/Zombie0316/第五关/Zombie_ladder"},"bones":[{"name":"root","scaleX":0.5,"scaleY":0.5},{"name":"kua","parent":"root","x":31.91,"y":127.3},{"name":"zuodatui","parent":"kua","length":43.55,"rotation":-87.66,"x":13.74,"y":-11.64},{"name":"zuoxiaotui","parent":"zuodatui","length":35.35,"rotation":30.35,"x":44.47,"y":0.85},{"name":"youdatui","parent":"kua","length":45.56,"rotation":-77.05,"x":-28,"y":-2.76},{"name":"youxiaotui","parent":"youdatui","length":37.52,"rotation":-33.75,"x":46.76,"y":-0.73},{"name":"shenti","parent":"kua","length":65.01,"rotation":118.1,"x":-5.85,"y":7.75},{"name":"shenti2","parent":"shenti","length":33.7,"rotation":5.13,"x":66.3,"y":-0.69},{"name":"tou","parent":"shenti2","length":83.3,"rotation":3.71,"x":35.5,"y":1.72},{"name":"zuoyan","parent":"tou","x":28.03,"y":8.13},{"name":"zuotongkong","parent":"zuoyan","x":1.34,"y":-6.39},{"name":"youyan","parent":"tou","x":48.58,"y":52.4},{"name":"youtongkong","parent":"youyan","x":6.15,"y":-0.04},{"name":"xiaba","parent":"tou","x":-7.54,"y":36.11},{"name":"zuodabi","parent":"shenti","length":48.71,"rotation":146.71,"x":66.31,"y":-20.2},{"name":"zuoxiaobi","parent":"zuodabi","length":54.59,"rotation":-65.95,"x":47.83,"y":-0.71},{"name":"youdabi","parent":"shenti","length":39.02,"rotation":127.83,"x":80.93,"y":32.26},{"name":"youxiaobi","parent":"youdabi","length":34.13,"rotation":-35.94,"x":42.18,"y":-1.49},{"name":"chuizi","parent":"kua","length":52.02,"rotation":-71.05,"x":30.74,"y":2.96},{"name":"zuojiao","parent":"root","length":30,"rotation":-149.1,"x":67.83,"y":39.62,"color":"ff3f00ff"},{"name":"youjiao","parent":"root","length":30,"rotation":-25.23,"x":-0.31,"y":41.83,"color":"ff3f00ff"},{"name":"tizi2","parent":"kua","rotation":116.82,"x":-117.3,"y":-6.13,"color":"ffc407ff"},{"name":"zuodabi2","parent":"shenti","length":48.71,"rotation":169.03,"x":64.41,"y":-19.18,"color":"68ff22ff"},{"name":"zuoxiaobi2","parent":"zuodabi2","length":54.59,"rotation":-38.67,"x":47.83,"y":-0.71,"color":"5eff3aff"},{"name":"zuoshou2","parent":"zuoxiaobi2","length":39.93,"rotation":-2.31,"x":56.41,"y":-0.14,"color":"5eff3aff"},{"name":"youdabi2","parent":"shenti","length":39.02,"rotation":169.55,"x":80.93,"y":32.26,"color":"45b2ffff"},{"name":"youxiaobi2","parent":"youdabi2","length":34.13,"rotation":-35.94,"x":42.18,"y":-1.49,"color":"45b2ffff"},{"name":"youshou2","parent":"youxiaobi2","length":20,"x":35.65,"y":-0.81,"scaleX":0.8,"scaleY":0.8,"color":"45b2ffff"},{"name":"zuoshou3","parent":"tizi2","length":30,"rotation":77.51,"x":-9.21,"y":-34.21,"color":"ff3f00ff"},{"name":"youshou","parent":"tizi2","rotation":-120.21,"x":17.89,"y":-0.14,"color":"ff3f00ff"},{"name":"tizi1","parent":"tizi2","length":150.67,"rotation":2.75,"x":-78.96,"y":-4.58,"color":"ffc407ff"},{"name":"tizi3","parent":"root","length":150.67,"rotation":119.57,"x":-45.67,"y":52.77,"color":"ffc407ff"}],"slots":[{"name":"youjiao","bone":"youjiao","attachment":"youjiao"},{"name":"youshou4","bone":"youshou2"},{"name":"youxiaotui","bone":"youxiaotui","attachment":"youxiaotui"},{"name":"youxiaobi","bone":"youxiaobi","attachment":"youxiaobi"},{"name":"youxiaobi2","bone":"youxiaobi2"},{"name":"youdabi","bone":"youdabi","attachment":"youdabi"},{"name":"youdabi2","bone":"youdabi2"},{"name":"youdatui","bone":"youdatui","attachment":"youdatui"},{"name":"youshou1","bone":"youshou","attachment":"youshou1"},{"name":"kua","bone":"kua","attachment":"kua"},{"name":"shenti","bone":"shenti","attachment":"shenti"},{"name":"xiaba","bone":"xiaba","attachment":"xiaba"},{"name":"tou","bone":"tou","attachment":"tou"},{"name":"youyan","bone":"youyan","attachment":"youyan"},{"name":"zuoyan","bone":"zuoyan","attachment":"zuoyan"},{"name":"zuotongkong","bone":"zuotongkong","attachment":"zuotongkong"},{"name":"youtongkong","bone":"youtongkong","attachment":"youtongkong"},{"name":"tizi0","bone":"tizi2"},{"name":"zuojiao","bone":"zuojiao","attachment":"zuojiao"},{"name":"zuoxiaotui","bone":"zuoxiaotui","attachment":"zuoxiaotui"},{"name":"zuodatui","bone":"zuodatui","attachment":"zuodatui"},{"name":"tizi1","bone":"tizi1","attachment":"tizi1"},{"name":"tizi2","bone":"tizi3","attachment":"tizi1"},{"name":"chuizi","bone":"chuizi","attachment":"chuizi"},{"name":"zuoshou","bone":"zuoshou3","attachment":"zuoshou"},{"name":"zuoshou2","bone":"zuoshou2"},{"name":"zuoxiaobi","bone":"zuoxiaobi","attachment":"zuoxiaobi"},{"name":"zuoxiaobi2","bone":"zuoxiaobi2"},{"name":"zuodabi","bone":"zuodabi","attachment":"zuodabi"},{"name":"zuodabi2","bone":"zuodabi2"}],"ik":[{"name":"youjiao","order":1,"target":"youjiao","bendPositive":false,"bones":["youdatui","youxiaotui"]},{"name":"youshou","order":2,"target":"youshou","bendPositive":false,"bones":["youdabi","youxiaobi"]},{"name":"zuojiao","target":"zuojiao","bones":["zuodatui","zuoxiaotui"]},{"name":"zuoshou3","order":3,"target":"zuoshou3","bendPositive":false,"bones":["zuodabi","zuoxiaobi"]}],"skins":[{"name":"tizi1_1","attachments":{"chuizi":{"chuizi":{"x":20.68,"y":-4.54,"rotation":71.05,"width":63,"height":85}},"kua":{"kua":{"x":-2.84,"y":6.93,"width":81,"height":77}},"shenti":{"shenti":{"type":"mesh","hull":32,"width":116,"height":134,"uvs":[0,0.16647,0.05217,0.09689,0.11341,0.04387,0.21293,0,0.33158,0,0.42345,0.03724,0.51531,0.09357,0.60334,0.17309,0.67607,0.24268,0.75645,0.31889,0.84065,0.40835,0.90955,0.4945,0.96313,0.58065,1,0.62703,1,0.70324,0.92486,0.75626,0.82917,0.84572,0.73731,0.90205,0.63396,0.95175,0.52679,0.9882,0.45407,1,0.32776,1,0.23207,1,0.10193,1,0.09045,0.89542,0.09045,0.79933,0.08662,0.6933,0.07131,0.58065,0.06748,0.51106,0.04834,0.4448,0,0.36859,0,0.2725],"triangles":[31,0,1,29,30,31,31,2,29,1,2,31,6,28,29,6,26,27,27,28,6,15,12,13,15,11,12,14,15,13,26,7,25,2,3,4,5,2,4,29,2,5,6,29,5,9,10,25,16,10,11,16,11,15,10,24,25,6,7,26,8,25,7,9,25,8,24,10,18,16,17,10,17,18,10,19,24,18,22,23,24,24,21,22,24,20,21,19,20,24],"vertices":[114.16,32.56,119.54,22.83,122.46,13.22,122.21,0.27,115.72,-11.88,106.3,-18.93,94.62,-24.77,80.42,-28.76,68.22,-31.81,54.82,-35.23,39.64,-38.2,25.69,-39.81,12.58,-39.86,5.09,-40.7,-3.92,-35.89,-6.08,-24.86,-11.43,-9.42,-13.07,3.53,-13.3,17.25,-11.75,30.51,-9.18,38.7,-2.28,51.63,2.95,61.42,10.06,74.73,23.05,69.31,34.41,63.25,47.15,56.95,61.31,51.4,69.74,47.4,78.62,45.18,90.27,45.32,101.63,39.25],"edges":[0,2,2,4,4,6,6,8,8,10,10,12,12,14,14,16,16,18,18,20,20,22,22,24,24,26,26,28,28,30,30,32,32,34,34,36,36,38,38,40,40,42,42,44,44,46,46,48,48,50,50,52,52,54,54,56,56,58,58,60,60,62,0,62]}},"tizi0":{"tizi0":{"x":11.96,"y":-19.55,"rotation":-116.82,"width":141,"height":225}},"tizi1":{"tizi1":{"x":67.57,"y":-6.1,"rotation":-119.57,"width":171,"height":210}},"tou":{"tou":{"x":42.39,"y":3.76,"rotation":-126.94,"width":131,"height":121}},"xiaba":{"xiaba":{"x":10.96,"y":-4.31,"rotation":-126.94,"width":53,"height":59}},"youdabi":{"youdabi":{"x":17.7,"y":0.88,"rotation":114.08,"width":37,"height":48}},"youdabi2":{"youdabi":{"x":17.7,"y":0.88,"rotation":114.08,"width":37,"height":48}},"youdatui":{"youdatui":{"x":22.37,"y":2.2,"rotation":77.05,"width":45,"height":65}},"youjiao":{"youjiao":{"x":10.83,"y":-3.31,"rotation":25.23,"width":61,"height":43}},"youshou1":{"youshou1":{"x":-16.91,"y":-7.79,"rotation":10.03,"width":37,"height":45}},"youshou4":{"youshou2":{"x":22.53,"y":4.37,"rotation":99.25,"width":51,"height":59}},"youtongkong":{"youtongkong":{"x":-0.68,"y":0.18,"rotation":-126.94,"width":7,"height":7}},"youxiaobi":{"youxiaobi":{"x":23.37,"y":3.01,"rotation":150.02,"width":53,"height":42}},"youxiaobi2":{"youxiaobi":{"x":23.37,"y":3.01,"rotation":150.02,"width":53,"height":42}},"youxiaotui":{"youxiaotui":{"x":18.98,"y":-4.68,"rotation":110.79,"width":72,"height":60}},"youyan":{"youyan":{"x":0.87,"y":-0.15,"rotation":-126.94,"width":31,"height":30}},"zuodabi":{"zuodabi":{"x":24.4,"y":1.14,"rotation":95.19,"width":36,"height":66}},"zuodabi2":{"zuodabi":{"x":24.4,"y":1.14,"rotation":95.19,"width":36,"height":66}},"zuodatui":{"zuodatui":{"x":24.49,"y":0.92,"rotation":87.66,"width":40,"height":61}},"zuojiao":{"zuojiao":{"x":19.54,"y":3.91,"rotation":149.1,"width":91,"height":51}},"zuoshou":{"zuoshou":{"x":14.47,"y":-1.51,"rotation":-173.71,"width":60,"height":56}},"zuoshou2":{"zuoshou1":{"x":8.91,"y":-4.46,"scaleX":1.2,"scaleY":1.2,"rotation":175.66,"width":49,"height":43}},"zuotongkong":{"zuotongkong":{"x":-0.69,"y":-2.07,"rotation":-126.94,"width":10,"height":8}},"zuoxiaobi":{"zuoxiaobi":{"x":25.36,"y":3.65,"rotation":161.15,"width":79,"height":57}},"zuoxiaobi2":{"zuoxiaobi":{"x":25.36,"y":3.65,"rotation":161.15,"width":79,"height":57}},"zuoxiaotui":{"zuoxiaotui":{"x":17.22,"y":8.26,"rotation":57.31,"width":72,"height":63}},"zuoyan":{"zuoyan":{"x":1.65,"y":-5.46,"rotation":-126.94,"width":42,"height":42}}}},{"name":"tizi1_2","attachments":{"chuizi":{"chuizi":{"x":20.68,"y":-4.54,"rotation":71.05,"width":63,"height":85}},"kua":{"kua":{"x":-2.84,"y":6.93,"width":81,"height":77}},"shenti":{"shenti":{"type":"mesh","hull":32,"width":116,"height":134,"uvs":[0,0.16647,0.05217,0.09689,0.11341,0.04387,0.21293,0,0.33158,0,0.42345,0.03724,0.51531,0.09357,0.60334,0.17309,0.67607,0.24268,0.75645,0.31889,0.84065,0.40835,0.90955,0.4945,0.96313,0.58065,1,0.62703,1,0.70324,0.92486,0.75626,0.82917,0.84572,0.73731,0.90205,0.63396,0.95175,0.52679,0.9882,0.45407,1,0.32776,1,0.23207,1,0.10193,1,0.09045,0.89542,0.09045,0.79933,0.08662,0.6933,0.07131,0.58065,0.06748,0.51106,0.04834,0.4448,0,0.36859,0,0.2725],"triangles":[31,0,1,29,30,31,31,2,29,1,2,31,6,28,29,6,26,27,27,28,6,15,12,13,15,11,12,14,15,13,26,7,25,2,3,4,5,2,4,29,2,5,6,29,5,9,10,25,16,10,11,16,11,15,10,24,25,6,7,26,8,25,7,9,25,8,24,10,18,16,17,10,17,18,10,19,24,18,22,23,24,24,21,22,24,20,21,19,20,24],"vertices":[114.16,32.56,119.54,22.83,122.46,13.22,122.21,0.27,115.72,-11.88,106.3,-18.93,94.62,-24.77,80.42,-28.76,68.22,-31.81,54.82,-35.23,39.64,-38.2,25.69,-39.81,12.58,-39.86,5.09,-40.7,-3.92,-35.89,-6.08,-24.86,-11.43,-9.42,-13.07,3.53,-13.3,17.25,-11.75,30.51,-9.18,38.7,-2.28,51.63,2.95,61.42,10.06,74.73,23.05,69.31,34.41,63.25,47.15,56.95,61.31,51.4,69.74,47.4,78.62,45.18,90.27,45.32,101.63,39.25],"edges":[0,2,2,4,4,6,6,8,8,10,10,12,12,14,14,16,16,18,18,20,20,22,22,24,24,26,26,28,28,30,30,32,32,34,34,36,36,38,38,40,40,42,42,44,44,46,46,48,48,50,50,52,52,54,54,56,56,58,58,60,60,62,0,62]}},"tizi0":{"tizi0":{"x":11.96,"y":-19.55,"rotation":-116.82,"width":141,"height":225}},"tizi1":{"tizi1":{"name":"tizi2","x":67.57,"y":-6.1,"rotation":-119.57,"width":156,"height":226}},"tou":{"tou":{"x":42.39,"y":3.76,"rotation":-126.94,"width":131,"height":121}},"xiaba":{"xiaba":{"x":10.96,"y":-4.31,"rotation":-126.94,"width":53,"height":59}},"youdabi":{"youdabi":{"x":17.7,"y":0.88,"rotation":114.08,"width":37,"height":48}},"youdabi2":{"youdabi":{"x":17.7,"y":0.88,"rotation":114.08,"width":37,"height":48}},"youdatui":{"youdatui":{"x":22.37,"y":2.2,"rotation":77.05,"width":45,"height":65}},"youjiao":{"youjiao":{"x":10.83,"y":-3.31,"rotation":25.23,"width":61,"height":43}},"youshou1":{"youshou1":{"x":-16.91,"y":-7.79,"rotation":10.03,"width":37,"height":45}},"youshou4":{"youshou2":{"x":22.53,"y":4.37,"rotation":99.25,"width":51,"height":59}},"youtongkong":{"youtongkong":{"x":-0.68,"y":0.18,"rotation":-126.94,"width":7,"height":7}},"youxiaobi":{"youxiaobi":{"x":23.37,"y":3.01,"rotation":150.02,"width":53,"height":42}},"youxiaobi2":{"youxiaobi":{"x":23.37,"y":3.01,"rotation":150.02,"width":53,"height":42}},"youxiaotui":{"youxiaotui":{"x":18.98,"y":-4.68,"rotation":110.79,"width":72,"height":60}},"youyan":{"youyan":{"x":0.87,"y":-0.15,"rotation":-126.94,"width":31,"height":30}},"zuodabi":{"zuodabi":{"x":24.4,"y":1.14,"rotation":95.19,"width":36,"height":66}},"zuodabi2":{"zuodabi":{"x":24.4,"y":1.14,"rotation":95.19,"width":36,"height":66}},"zuodatui":{"zuodatui":{"x":24.49,"y":0.92,"rotation":87.66,"width":40,"height":61}},"zuojiao":{"zuojiao":{"x":19.54,"y":3.91,"rotation":149.1,"width":91,"height":51}},"zuoshou":{"zuoshou":{"x":14.47,"y":-1.51,"rotation":-173.71,"width":60,"height":56}},"zuoshou2":{"zuoshou1":{"x":8.91,"y":-4.46,"scaleX":1.2,"scaleY":1.2,"rotation":175.66,"width":49,"height":43}},"zuotongkong":{"zuotongkong":{"x":-0.69,"y":-2.07,"rotation":-126.94,"width":10,"height":8}},"zuoxiaobi":{"zuoxiaobi":{"x":25.36,"y":3.65,"rotation":161.15,"width":79,"height":57}},"zuoxiaobi2":{"zuoxiaobi":{"x":25.36,"y":3.65,"rotation":161.15,"width":79,"height":57}},"zuoxiaotui":{"zuoxiaotui":{"x":17.22,"y":8.26,"rotation":57.31,"width":72,"height":63}},"zuoyan":{"zuoyan":{"x":1.65,"y":-5.46,"rotation":-126.94,"width":42,"height":42}}}},{"name":"tizi1_3","attachments":{"chuizi":{"chuizi":{"x":20.68,"y":-4.54,"rotation":71.05,"width":63,"height":85}},"kua":{"kua":{"x":-2.84,"y":6.93,"width":81,"height":77}},"shenti":{"shenti":{"type":"mesh","hull":32,"width":116,"height":134,"uvs":[0,0.16647,0.05217,0.09689,0.11341,0.04387,0.21293,0,0.33158,0,0.42345,0.03724,0.51531,0.09357,0.60334,0.17309,0.67607,0.24268,0.75645,0.31889,0.84065,0.40835,0.90955,0.4945,0.96313,0.58065,1,0.62703,1,0.70324,0.92486,0.75626,0.82917,0.84572,0.73731,0.90205,0.63396,0.95175,0.52679,0.9882,0.45407,1,0.32776,1,0.23207,1,0.10193,1,0.09045,0.89542,0.09045,0.79933,0.08662,0.6933,0.07131,0.58065,0.06748,0.51106,0.04834,0.4448,0,0.36859,0,0.2725],"triangles":[31,0,1,29,30,31,31,2,29,1,2,31,6,28,29,6,26,27,27,28,6,15,12,13,15,11,12,14,15,13,26,7,25,2,3,4,5,2,4,29,2,5,6,29,5,9,10,25,16,10,11,16,11,15,10,24,25,6,7,26,8,25,7,9,25,8,24,10,18,16,17,10,17,18,10,19,24,18,22,23,24,24,21,22,24,20,21,19,20,24],"vertices":[114.16,32.56,119.54,22.83,122.46,13.22,122.21,0.27,115.72,-11.88,106.3,-18.93,94.62,-24.77,80.42,-28.76,68.22,-31.81,54.82,-35.23,39.64,-38.2,25.69,-39.81,12.58,-39.86,5.09,-40.7,-3.92,-35.89,-6.08,-24.86,-11.43,-9.42,-13.07,3.53,-13.3,17.25,-11.75,30.51,-9.18,38.7,-2.28,51.63,2.95,61.42,10.06,74.73,23.05,69.31,34.41,63.25,47.15,56.95,61.31,51.4,69.74,47.4,78.62,45.18,90.27,45.32,101.63,39.25],"edges":[0,2,2,4,4,6,6,8,8,10,10,12,12,14,14,16,16,18,18,20,20,22,22,24,24,26,26,28,28,30,30,32,32,34,34,36,36,38,38,40,40,42,42,44,44,46,46,48,48,50,50,52,52,54,54,56,56,58,58,60,60,62,0,62]}},"tizi0":{"tizi0":{"x":11.96,"y":-19.55,"rotation":-116.82,"width":141,"height":225}},"tizi1":{"tizi1":{"name":"tizi3","x":67.57,"y":-6.1,"rotation":-119.57,"width":159,"height":221}},"tou":{"tou":{"x":42.39,"y":3.76,"rotation":-126.94,"width":131,"height":121}},"xiaba":{"xiaba":{"x":10.96,"y":-4.31,"rotation":-126.94,"width":53,"height":59}},"youdabi":{"youdabi":{"x":17.7,"y":0.88,"rotation":114.08,"width":37,"height":48}},"youdabi2":{"youdabi":{"x":17.7,"y":0.88,"rotation":114.08,"width":37,"height":48}},"youdatui":{"youdatui":{"x":22.37,"y":2.2,"rotation":77.05,"width":45,"height":65}},"youjiao":{"youjiao":{"x":10.83,"y":-3.31,"rotation":25.23,"width":61,"height":43}},"youshou1":{"youshou1":{"x":-16.91,"y":-7.79,"rotation":10.03,"width":37,"height":45}},"youshou4":{"youshou2":{"x":22.53,"y":4.37,"rotation":99.25,"width":51,"height":59}},"youtongkong":{"youtongkong":{"x":-0.68,"y":0.18,"rotation":-126.94,"width":7,"height":7}},"youxiaobi":{"youxiaobi":{"x":23.37,"y":3.01,"rotation":150.02,"width":53,"height":42}},"youxiaobi2":{"youxiaobi":{"x":23.37,"y":3.01,"rotation":150.02,"width":53,"height":42}},"youxiaotui":{"youxiaotui":{"x":18.98,"y":-4.68,"rotation":110.79,"width":72,"height":60}},"youyan":{"youyan":{"x":0.87,"y":-0.15,"rotation":-126.94,"width":31,"height":30}},"zuodabi":{"zuodabi":{"x":24.4,"y":1.14,"rotation":95.19,"width":36,"height":66}},"zuodabi2":{"zuodabi":{"x":24.4,"y":1.14,"rotation":95.19,"width":36,"height":66}},"zuodatui":{"zuodatui":{"x":24.49,"y":0.92,"rotation":87.66,"width":40,"height":61}},"zuojiao":{"zuojiao":{"x":19.54,"y":3.91,"rotation":149.1,"width":91,"height":51}},"zuoshou":{"zuoshou":{"x":14.47,"y":-1.51,"rotation":-173.71,"width":60,"height":56}},"zuoshou2":{"zuoshou1":{"x":8.91,"y":-4.46,"scaleX":1.2,"scaleY":1.2,"rotation":175.66,"width":49,"height":43}},"zuotongkong":{"zuotongkong":{"x":-0.69,"y":-2.07,"rotation":-126.94,"width":10,"height":8}},"zuoxiaobi":{"zuoxiaobi":{"x":25.36,"y":3.65,"rotation":161.15,"width":79,"height":57}},"zuoxiaobi2":{"zuoxiaobi":{"x":25.36,"y":3.65,"rotation":161.15,"width":79,"height":57}},"zuoxiaotui":{"zuoxiaotui":{"x":17.22,"y":8.26,"rotation":57.31,"width":72,"height":63}},"zuoyan":{"zuoyan":{"x":1.65,"y":-5.46,"rotation":-126.94,"width":42,"height":42}}}},{"name":"tizi0_1","attachments":{"tizi2":{"tizi1":{"x":67.57,"y":-6.1,"rotation":-119.57,"width":171,"height":210}}}},{"name":"tizi0_2","attachments":{"tizi2":{"tizi1":{"name":"tizi2","x":67.57,"y":-6.1,"rotation":-119.57,"width":156,"height":226}}}},{"name":"tizi0_3","attachments":{"tizi2":{"tizi1":{"name":"tizi3","x":67.57,"y":-6.1,"rotation":-119.57,"width":159,"height":221}}}}],"animations":{"attack1":{"bones":{"zuojiao":{"rotate":[{},{"time":0.2667,"angle":11.57,"curve":0.25,"c3":0.75},{"time":0.3667}],"translate":[{},{"time":0.2667,"y":9.1,"curve":0.25,"c3":0.75},{"time":0.3667}]},"youjiao":{"rotate":[{},{"time":0.2667,"angle":-17.57,"curve":0.25,"c3":0.75},{"time":0.3667}],"translate":[{},{"time":0.2667,"y":7.53,"curve":0.25,"c3":0.75},{"time":0.3667}]},"zuoxiaotui":{"rotate":[{"angle":-14.88}]},"zuodatui":{"rotate":[{"angle":6.46}]},"youxiaotui":{"rotate":[{"angle":11.28}]},"youdatui":{"rotate":[{"angle":-5.4}]},"xiaba":{"translate":[{},{"time":0.2667,"x":8.51,"y":-0.37,"curve":0.276,"c3":0.621,"c4":0.4},{"time":0.4,"x":-3.74,"y":3.42,"curve":0.333,"c2":0.33,"c3":0.758},{"time":0.8}]},"tou":{"rotate":[{"angle":-9.18},{"time":0.2667,"angle":-20.76,"curve":0.286,"c3":0.626,"c4":0.38},{"time":0.3667,"angle":-6.02,"curve":0.317,"c2":0.27,"c3":0.757},{"time":0.8,"angle":-9.18}]},"shenti2":{"rotate":[{},{"time":0.2667,"angle":-11.58,"curve":0.286,"c3":0.626,"c4":0.38},{"time":0.3667,"angle":3.16,"curve":0.306,"c2":0.24,"c3":0.65,"c4":0.61},{"time":0.5,"angle":12.45,"curve":0.368,"c2":0.47,"c3":0.753},{"time":0.8}]},"shenti":{"rotate":[{},{"time":0.2667,"angle":-11.58,"curve":0.286,"c3":0.626,"c4":0.38},{"time":0.3667,"angle":3.16,"curve":0.306,"c2":0.24,"c3":0.65,"c4":0.61},{"time":0.5,"angle":12.45,"curve":0.368,"c2":0.47,"c3":0.753},{"time":0.8}]},"chuizi":{"rotate":[{},{"time":0.2667,"angle":-13.98,"curve":0.276,"c3":0.621,"c4":0.4},{"time":0.4,"angle":28.09,"curve":0.312,"c2":0.27,"c3":0.667,"c4":0.67},{"time":0.6,"angle":-1.23,"curve":0.382,"c2":0.56,"c3":0.74},{"time":0.8}]},"kua":{"translate":[{"y":-1.75},{"time":0.2667,"y":8.53,"curve":0.286,"c3":0.626,"c4":0.38},{"time":0.3667,"x":-20.87,"y":-2.45,"curve":0.317,"c2":0.27,"c3":0.757},{"time":0.8,"y":-1.75}]},"tizi2":{"rotate":[{"angle":-8.11},{"time":0.2667,"angle":-11.66,"curve":0.25,"c3":0.75},{"time":0.3667,"angle":32.5,"curve":0.268,"c3":0.618,"c4":0.42},{"time":0.5,"angle":34.71,"curve":0.346,"c2":0.38,"c3":0.757},{"time":0.8,"angle":-8.11}],"translate":[{"x":4.83,"y":8.79},{"time":0.2667,"x":42.09,"y":57.14,"curve":0.286,"c3":0.626,"c4":0.38},{"time":0.3667,"x":54.06,"y":-37.84,"curve":0.306,"c2":0.24,"c3":0.65,"c4":0.61},{"time":0.5,"x":55.24,"y":-46.41,"curve":0.368,"c2":0.47,"c3":0.753},{"time":0.8,"x":4.83,"y":8.79}]}}},"attack2":{"slots":{"tizi1":{"attachment":[{"name":null}]},"youdabi":{"attachment":[{"name":null}]},"youdabi2":{"attachment":[{"name":"youdabi"}]},"youshou1":{"attachment":[{"name":null}]},"youshou4":{"attachment":[{"name":"youshou2"}]},"youxiaobi":{"attachment":[{"name":null}]},"youxiaobi2":{"attachment":[{"name":"youxiaobi"}]},"zuodabi":{"attachment":[{"name":null}]},"zuodabi2":{"attachment":[{"name":"zuodabi"}]},"zuoshou":{"attachment":[{"name":null}]},"zuoshou2":{"attachment":[{"name":"zuoshou1"}]},"zuoxiaobi":{"attachment":[{"name":null}]},"zuoxiaobi2":{"attachment":[{"name":"zuoxiaobi"}]}},"bones":{"zuojiao":{"rotate":[{},{"time":0.2667,"angle":14.41,"curve":0.25,"c3":0.75},{"time":0.4}],"translate":[{},{"time":0.2667,"y":8.2,"curve":0.25,"c3":0.75},{"time":0.4}]},"youjiao":{"rotate":[{},{"time":0.2667,"angle":-16.76,"curve":0.25,"c3":0.75},{"time":0.4}],"translate":[{},{"time":0.2667,"x":3.38,"y":10.61,"curve":0.25,"c3":0.75},{"time":0.4}]},"zuoxiaotui":{"rotate":[{"angle":-14.88}]},"zuodatui":{"rotate":[{"angle":6.46}]},"youxiaotui":{"rotate":[{"angle":11.28}]},"youdatui":{"rotate":[{"angle":-5.4}]},"xiaba":{"translate":[{},{"time":0.3667,"x":-9.8,"y":5.75,"curve":0.25,"c3":0.75},{"time":0.5,"x":9.97,"y":-2.07,"curve":0.25,"c3":0.75},{"time":0.6,"x":-5.46,"y":4.18,"curve":0.25,"c3":0.75},{"time":0.7667}]},"shenti2":{"rotate":[{},{"time":0.2667,"angle":-10.48,"curve":0.25,"c3":0.75},{"time":0.3667,"angle":4.15,"curve":0.25,"c3":0.75},{"time":0.5,"angle":7.79,"curve":0.25,"c3":0.75},{"time":0.7667}]},"shenti":{"rotate":[{},{"time":0.2667,"angle":-10.48,"curve":0.25,"c3":0.75},{"time":0.3667,"angle":4.15,"curve":0.25,"c3":0.75},{"time":0.5,"angle":7.79,"curve":0.25,"c3":0.75},{"time":0.7667}]},"chuizi":{"rotate":[{"time":0.3333,"curve":0.253,"c3":0.622,"c4":0.48},{"time":0.4667,"angle":26.22,"curve":0.335,"c2":0.34,"c3":0.673,"c4":0.69},{"time":0.5667,"angle":6.38,"curve":0.382,"c2":0.56,"c3":0.738},{"time":0.7667}]},"kua":{"rotate":[{},{"time":0.2667,"angle":-10.48,"curve":0.25,"c3":0.75},{"time":0.3667,"angle":1.2,"curve":0.25,"c3":0.75},{"time":0.7667}],"translate":[{"y":-1.75},{"time":0.2667,"y":12.51,"curve":0.25,"c3":0.75},{"time":0.3667,"x":-17.43,"y":7.75,"curve":0.25,"c3":0.75},{"time":0.5,"x":-25.35,"y":-14.43,"curve":0.25,"c3":0.75},{"time":0.7667,"y":-1.75}]},"tizi2":{"rotate":[{"angle":-0.92}],"translate":[{"x":-3.97}]},"zuoshou2":{"rotate":[{"angle":23.84}]},"zuoxiaobi2":{"rotate":[{"angle":22.81}]},"zuodabi2":{"rotate":[{"angle":-14.53},{"time":0.2667,"angle":4.53,"curve":0.25,"c3":0.75},{"time":0.3667,"angle":10.98,"curve":0.25,"c3":0.75},{"time":0.5,"angle":54.88,"curve":0.25,"c3":0.75},{"time":0.7667,"angle":-14.53}],"translate":[{"x":6.63}]},"youshou2":{"rotate":[{"angle":-2.19}]},"youxiaobi2":{"rotate":[{"angle":36.82}]},"youdabi2":{"rotate":[{"angle":-17.65},{"time":0.2667,"angle":2.36,"curve":0.25,"c3":0.75},{"time":0.3667,"angle":16.87,"curve":0.25,"c3":0.75},{"time":0.5,"angle":74.4,"curve":0.25,"c3":0.75},{"time":0.7667,"angle":-17.65}]}}},"die":{"slots":{"tizi1":{"attachment":[{"name":null}]},"youdabi":{"attachment":[{"name":null}]},"youdabi2":{"attachment":[{"name":"youdabi"}]},"youshou1":{"attachment":[{"name":null}]},"youshou4":{"attachment":[{"name":"youshou2"}]},"youxiaobi":{"attachment":[{"name":null}]},"youxiaobi2":{"attachment":[{"name":"youxiaobi"}]},"zuodabi":{"attachment":[{"name":null}]},"zuodabi2":{"attachment":[{"name":"zuodabi"}]},"zuoshou":{"attachment":[{"name":null}]},"zuoshou2":{"attachment":[{"name":"zuoshou1"}]},"zuoxiaobi":{"attachment":[{"name":null}]},"zuoxiaobi2":{"attachment":[{"name":"zuoxiaobi"}]}},"bones":{"zuojiao":{"rotate":[{},{"time":0.3667,"angle":40.58,"curve":0.25,"c3":0.75},{"time":0.6667,"angle":155.72,"curve":0.25,"c3":0.75},{"time":0.7667,"angle":-146.9,"curve":0.25,"c3":0.75},{"time":1,"angle":134.74}],"translate":[{},{"time":0.3667,"y":26.57,"curve":0.25,"c3":0.75},{"time":0.6667,"x":-66.42,"y":112.08,"curve":0.25,"c3":0.75},{"time":0.7667,"x":-147.47,"y":125.25,"curve":0.25,"c3":0.75},{"time":0.8333,"x":-171.79,"y":120.34,"curve":0.258,"c3":0.619,"c4":0.45},{"time":0.9,"x":-128.73,"y":96.3,"curve":0.363,"c2":0.44,"c3":0.755},{"time":1,"x":-94.79,"y":-3.43,"curve":0.25,"c3":0.75},{"time":1.0667,"x":-94.79,"y":15.82,"curve":0.25,"c3":0.75},{"time":1.1333,"x":-94.79,"y":-12.21}]},"youjiao":{"rotate":[{"time":0.3333},{"time":0.6667,"angle":89.81,"curve":0.25,"c3":0.75},{"time":0.7667,"angle":149.9,"curve":0.25,"c3":0.75},{"time":1,"angle":107.09}],"translate":[{"time":0.3333},{"time":0.4667,"x":-2.75,"y":2.11,"curve":0.25,"c3":0.75},{"time":0.6667,"x":-20.81,"y":36.53,"curve":0.25,"c3":0.75},{"time":0.7667,"x":-34.81,"y":67.81,"curve":0.25,"c3":0.75},{"time":0.8333,"x":-58.11,"y":64.07,"curve":0.258,"c3":0.619,"c4":0.45},{"time":0.9,"x":-26.38,"y":43.76,"curve":0.363,"c2":0.44,"c3":0.755},{"time":1,"x":-9.67,"y":-19.2}]},"zuoxiaotui":{"rotate":[{"angle":-14.88}]},"zuodatui":{"rotate":[{"angle":6.46}]},"youxiaotui":{"rotate":[{"angle":11.28}]},"youdatui":{"rotate":[{"angle":-5.4}],"translate":[{},{"time":0.6667,"x":-2.42,"y":-6.58}]},"zuodabi":{"rotate":[{},{"time":0.8333,"angle":-31.64}]},"tou":{"rotate":[{"time":0.6},{"time":0.7333,"angle":-36.22,"curve":0.25,"c3":0.75},{"time":1.1333,"angle":-13.92}]},"shenti2":{"rotate":[{},{"time":0.3,"angle":-2.01,"curve":0.246,"c3":0.633,"c4":0.54},{"time":0.4333,"angle":-0.29,"curve":0.38,"c2":0.53,"c3":0.745},{"time":0.5333,"angle":-10.02,"curve":0.254,"c3":0.621,"c4":0.47},{"time":0.8,"angle":-4.48,"curve":0.369,"c2":0.47,"c3":0.753},{"time":1.1333,"angle":-15.97}]},"shenti":{"rotate":[{},{"time":0.3,"angle":-2.01,"curve":0.246,"c3":0.633,"c4":0.54},{"time":0.4333,"angle":-15.77,"curve":0.38,"c2":0.53,"c3":0.745},{"time":0.5333,"angle":-7.03,"curve":0.254,"c3":0.621,"c4":0.47},{"time":0.8,"angle":-1.49,"curve":0.369,"c2":0.47,"c3":0.753},{"time":1.1333,"angle":-12.98}]},"chuizi":{"rotate":[{},{"time":0.3333,"angle":-34.01,"curve":0.25,"c3":0.75},{"time":0.8,"angle":89.14,"curve":0.25,"c3":0.75},{"time":0.9333,"angle":-46.6,"curve":0.25,"c3":0.75},{"time":1.1333,"angle":-26.53}]},"kua":{"rotate":[{},{"time":0.6667,"angle":37.53,"curve":0.25,"c3":0.75},{"time":0.7333,"angle":87.99}],"translate":[{"y":-1.75},{"time":0.3,"y":6.55,"curve":0.25,"c3":0.75},{"time":0.5333,"x":-70.57,"y":4.06,"curve":0.25,"c3":0.75},{"time":0.6667,"x":-124.53,"y":-15.87,"curve":0.25,"c3":0.75},{"time":0.7333,"x":-146.82,"y":-43.22,"curve":0.25,"c3":0.625,"c4":0.5},{"time":0.9,"x":-146.82,"y":-62.1,"curve":"stepped"},{"time":1,"x":-146.82,"y":-62.1,"curve":0.334,"c2":0.34,"c3":0.668,"c4":0.67},{"time":1.0667,"x":-146.82,"y":-65.6,"curve":0.336,"c2":0.34,"c3":0.67,"c4":0.68},{"time":1.1333,"x":-146.82,"y":-77.84}]},"tizi2":{"rotate":[{"angle":-0.92}],"translate":[{"x":-3.97}]},"zuoshou2":{"rotate":[{"angle":23.84}]},"zuoxiaobi2":{"rotate":[{"angle":22.81,"curve":0.345,"c2":0.5,"c3":0.679,"c4":0.83},{"time":0.6667,"angle":44.35,"curve":0.336,"c2":0.41,"c3":0.669,"c4":0.74},{"time":0.8333,"angle":-53.52,"curve":"stepped"},{"time":0.9333,"angle":-53.52,"curve":0.265,"c3":0.618,"c4":0.43},{"time":1.0333,"angle":-63.2,"curve":0.382,"c2":0.57,"c3":0.735},{"time":1.1333,"angle":-53.52}]},"zuodabi2":{"rotate":[{"angle":-14.53},{"time":0.3,"angle":-24.52,"curve":0.243,"c3":0.653,"c4":0.62},{"time":0.6667,"angle":43.4,"curve":0.347,"c2":0.38,"c3":0.683,"c4":0.73},{"time":0.7333,"angle":-38.76,"curve":0.374,"c2":0.62,"c3":0.714},{"time":0.8333,"angle":-78.58}],"translate":[{"x":6.63},{"time":1.1333,"x":6.63,"y":15.02}]},"youshou2":{"rotate":[{"angle":-2.19}]},"youxiaobi2":{"rotate":[{"angle":-22.27,"curve":0.35,"c2":0.65,"c3":0.684},{"time":0.3,"angle":41.38}]},"youdabi2":{"rotate":[{"angle":-38.18},{"time":0.3,"angle":14.48,"curve":0.25,"c3":0.75},{"time":0.6667,"angle":73.03,"curve":0.25,"c3":0.75},{"time":0.7333,"angle":-10.08,"curve":0.25,"c3":0.75},{"time":0.9333,"angle":10.44}]}}},"fall":{"slots":{"tizi2":{"color":[{"color":"ffffffff"},{"time":0.3333,"color":"ffffff00"}]}},"bones":{"zuoxiaotui":{"rotate":[{"angle":-14.88}]},"zuodatui":{"rotate":[{"angle":6.46}]},"youxiaotui":{"rotate":[{"angle":11.28}]},"youdatui":{"rotate":[{"angle":-5.4}]},"xiaba":{"translate":[{},{"time":0.2,"x":3.12,"y":-1.96,"curve":0.243,"c3":0.649,"c4":0.6},{"time":0.6,"x":-2.65,"y":1.95,"curve":0.382,"c2":0.57,"c3":0.735},{"time":0.8}]},"tou":{"rotate":[{"angle":-9.18},{"time":0.3,"angle":-12.43,"curve":0.242,"c3":0.663,"c4":0.65},{"time":0.6667,"angle":-5.92,"curve":0.38,"c2":0.59,"c3":0.727},{"time":0.8,"angle":-9.18}]},"shenti2":{"rotate":[{},{"time":0.2,"angle":-2.34,"curve":0.243,"c3":0.649,"c4":0.6},{"time":0.6,"angle":2.83,"curve":0.382,"c2":0.57,"c3":0.735},{"time":0.8}]},"shenti":{"rotate":[{},{"time":0.2,"angle":-2.34,"curve":0.243,"c3":0.649,"c4":0.6},{"time":0.6,"angle":2.83,"curve":0.382,"c2":0.57,"c3":0.735},{"time":0.8}]},"chuizi":{"rotate":[{},{"time":0.2,"angle":-4.93,"curve":0.258,"c3":0.619,"c4":0.45},{"time":0.3667,"angle":4.74,"curve":0.33,"c2":0.32,"c3":0.67,"c4":0.68},{"time":0.6,"angle":-7.35,"curve":0.381,"c2":0.55,"c3":0.742},{"time":0.8}]},"kua":{"translate":[{"y":-1.75},{"time":0.2,"y":0.52,"curve":0.245,"c3":0.639,"c4":0.56},{"time":0.5667,"y":-2.47,"curve":0.382,"c2":0.55,"c3":0.741},{"time":0.8,"y":-1.75}]},"tizi2":{"rotate":[{"angle":-8.11,"curve":"stepped"},{"time":0.2,"angle":-8.11},{"time":0.4,"angle":-6.7},{"time":0.6,"angle":0.22},{"time":0.8,"angle":-8.11}],"translate":[{"x":4.83,"y":8.79},{"time":0.2,"x":7.23,"y":15.28},{"time":0.4,"x":3.63,"y":4.8},{"time":0.6,"x":2.48,"y":-2.06},{"time":0.8,"x":4.83,"y":8.79}]},"tizi3":{"rotate":[{},{"time":0.3333,"angle":-99.8}],"translate":[{},{"time":0.1,"x":32.79,"y":16.29},{"time":0.3333,"x":67.82,"y":0.88}]}}},"idle1":{"bones":{"zuoxiaotui":{"rotate":[{"angle":-14.88}]},"zuodatui":{"rotate":[{"angle":6.46}]},"youxiaotui":{"rotate":[{"angle":11.28}]},"youdatui":{"rotate":[{"angle":-5.4}]},"xiaba":{"translate":[{},{"time":0.2,"x":3.12,"y":-1.96,"curve":0.243,"c3":0.649,"c4":0.6},{"time":0.6,"x":-2.65,"y":1.95,"curve":0.382,"c2":0.57,"c3":0.735},{"time":0.8}]},"tou":{"rotate":[{"angle":-9.18},{"time":0.3,"angle":-12.43,"curve":0.242,"c3":0.663,"c4":0.65},{"time":0.6667,"angle":-5.92,"curve":0.38,"c2":0.59,"c3":0.727},{"time":0.8,"angle":-9.18}]},"shenti2":{"rotate":[{},{"time":0.2,"angle":-2.34,"curve":0.243,"c3":0.649,"c4":0.6},{"time":0.6,"angle":2.83,"curve":0.382,"c2":0.57,"c3":0.735},{"time":0.8}]},"shenti":{"rotate":[{},{"time":0.2,"angle":-2.34,"curve":0.243,"c3":0.649,"c4":0.6},{"time":0.6,"angle":2.83,"curve":0.382,"c2":0.57,"c3":0.735},{"time":0.8}]},"chuizi":{"rotate":[{},{"time":0.2,"angle":-4.93,"curve":0.258,"c3":0.619,"c4":0.45},{"time":0.3667,"angle":4.74,"curve":0.33,"c2":0.32,"c3":0.67,"c4":0.68},{"time":0.6,"angle":-7.35,"curve":0.381,"c2":0.55,"c3":0.742},{"time":0.8}]},"kua":{"translate":[{"y":-1.75},{"time":0.2,"y":0.52,"curve":0.245,"c3":0.639,"c4":0.56},{"time":0.5667,"y":-2.47,"curve":0.382,"c2":0.55,"c3":0.741},{"time":0.8,"y":-1.75}]},"tizi2":{"rotate":[{"angle":-8.11,"curve":"stepped"},{"time":0.2,"angle":-8.11},{"time":0.4,"angle":-6.7},{"time":0.6,"angle":0.22},{"time":0.8,"angle":-8.11}],"translate":[{"x":4.83,"y":8.79},{"time":0.2,"x":7.23,"y":15.28},{"time":0.4,"x":3.63,"y":4.8},{"time":0.6,"x":2.48,"y":-2.06},{"time":0.8,"x":4.83,"y":8.79}]}}},"move1":{"bones":{"zuojiao":{"translate":[{},{"time":0.4333,"x":-58.56},{"time":1.5333}]},"youjiao":{"rotate":[{},{"time":0.4333,"angle":39.19},{"time":0.7667,"angle":61.23},{"time":1.1333,"angle":51.75,"curve":0.25,"c3":0.75},{"time":1.2333,"angle":13.21},{"time":1.3667,"angle":5.18},{"time":1.5333}],"translate":[{},{"time":0.4333,"x":51.85,"y":12.2},{"time":0.7667,"x":62.97,"y":8.87},{"time":1.2333,"x":-28.41,"y":3.47},{"time":1.5333}]},"zuoxiaotui":{"rotate":[{"angle":-14.88}]},"zuodatui":{"rotate":[{"angle":6.46}],"translate":[{},{"time":0.4333,"x":-17.8,"y":11.47},{"time":1.5333}]},"youxiaotui":{"rotate":[{"angle":11.28}]},"youdatui":{"rotate":[{"angle":-5.4}]},"zuoxiaobi":{"rotate":[{},{"time":0.5,"angle":38.17},{"time":1.3667,"angle":6.81},{"time":1.5333}]},"zuodabi":{"rotate":[{},{"time":0.5,"angle":-17.79},{"time":0.7,"angle":-32.25},{"time":1.1333,"angle":-3.73},{"time":1.5333}]},"tou":{"rotate":[{"angle":-9.18}]},"shenti2":{"rotate":[{},{"time":0.4667,"angle":-9.36},{"time":0.7333,"angle":4.21},{"time":1.1,"angle":-8.07},{"time":1.4,"angle":1.95},{"time":1.5333}]},"shenti":{"rotate":[{},{"time":0.4667,"angle":-9.36},{"time":0.7333,"angle":4.21},{"time":1.1,"angle":-8.07},{"time":1.4,"angle":1.95},{"time":1.5333}]},"kua":{"rotate":[{},{"time":0.4667,"angle":-9.36},{"time":0.7333,"angle":4.21},{"time":1.1,"angle":-8.07},{"time":1.4,"angle":1.95},{"time":1.5333}],"translate":[{"y":-1.75},{"time":0.3667,"y":3.51,"curve":0.25,"c3":0.75},{"time":0.7667,"y":-1.75},{"time":1.1667,"y":3.51,"curve":0.25,"c3":0.75},{"time":1.5333,"y":-1.75}]},"tizi2":{"rotate":[{"angle":-8.11},{"time":0.4667,"angle":16.6},{"time":0.8,"angle":0.79},{"time":1.0667,"angle":-1.91},{"time":1.2667,"angle":-1.25},{"time":1.4333,"angle":-10.73},{"time":1.5333,"angle":-8.11}],"translate":[{"x":4.83,"y":8.79},{"time":0.4667,"x":17.51,"y":-18.36},{"time":0.8,"x":-6.09,"y":-1.47},{"time":1.0667,"x":3.66,"y":8.96,"curve":0.25,"c3":0.75},{"time":1.2667,"x":6.14,"y":-5.46},{"time":1.4333,"x":-6.28,"y":15.53},{"time":1.5333,"x":4.83,"y":8.79}]},"zuoxiaobi2":{"rotate":[{},{"time":0.5,"angle":38.17},{"time":1.3667,"angle":6.81},{"time":1.5333}]},"zuodabi2":{"rotate":[{},{"time":0.5,"angle":-17.79},{"time":0.7,"angle":-32.25},{"time":1.1333,"angle":-3.73},{"time":1.5333}]}}},"move2":{"slots":{"tizi1":{"attachment":[{"name":null}]},"youdabi":{"attachment":[{"name":null}]},"youdabi2":{"attachment":[{"name":"youdabi"}]},"youshou1":{"attachment":[{"name":null}]},"youshou4":{"attachment":[{"name":"youshou2"}]},"youxiaobi":{"attachment":[{"name":null}]},"youxiaobi2":{"attachment":[{"name":"youxiaobi"}]},"zuodabi":{"attachment":[{"name":null}]},"zuodabi2":{"attachment":[{"name":"zuodabi"}]},"zuoshou":{"attachment":[{"name":null}]},"zuoshou2":{"attachment":[{"name":"zuoshou1"}]},"zuoxiaobi":{"attachment":[{"name":null}]},"zuoxiaobi2":{"attachment":[{"name":"zuoxiaobi"}]}},"bones":{"zuojiao":{"rotate":[{},{"time":0.4333,"angle":6.33,"curve":0.25,"c3":0.75},{"time":1.5333}],"translate":[{},{"time":0.4333,"x":-58.56,"y":1.91},{"time":1.5333}]},"youjiao":{"rotate":[{},{"time":0.4333,"angle":39.19},{"time":0.7667,"angle":61.23},{"time":1.2333,"angle":50.52},{"time":1.3667,"angle":5.18},{"time":1.5333}],"translate":[{},{"time":0.4333,"x":51.85,"y":12.2},{"time":0.7667,"x":62.97,"y":8.87},{"time":1.2333,"x":-28.41,"y":3.47},{"time":1.5333}]},"zuoxiaotui":{"rotate":[{"angle":-14.88}]},"zuodatui":{"rotate":[{"angle":6.46}],"translate":[{},{"time":0.4333,"x":-17.8,"y":11.47},{"time":1.5333}]},"youxiaotui":{"rotate":[{"angle":11.28}]},"youdatui":{"rotate":[{"angle":-5.4}]},"zuoxiaobi":{"rotate":[{},{"time":0.5,"angle":38.17},{"time":1.3667,"angle":6.81},{"time":1.5333}]},"zuodabi":{"rotate":[{},{"time":0.5,"angle":-17.79},{"time":0.7,"angle":-32.25},{"time":1.1333,"angle":-3.73},{"time":1.5333}]},"shenti2":{"rotate":[{},{"time":0.4667,"angle":-9.36},{"time":0.7333,"angle":4.21},{"time":1.1,"angle":-8.07},{"time":1.4,"angle":1.95},{"time":1.5333}]},"shenti":{"rotate":[{},{"time":0.4667,"angle":-9.36},{"time":0.7333,"angle":4.21},{"time":1.1,"angle":-8.07},{"time":1.4,"angle":1.95},{"time":1.5333}]},"kua":{"rotate":[{},{"time":0.4667,"angle":-9.36},{"time":0.7333,"angle":4.21},{"time":1.1,"angle":-8.07},{"time":1.4,"angle":1.95},{"time":1.5333}],"translate":[{"y":-1.75},{"time":0.3667,"y":3.51,"curve":0.25,"c3":0.75},{"time":0.7667,"y":-1.75},{"time":1.1667,"y":3.51,"curve":0.25,"c3":0.75},{"time":1.5333}]},"tizi2":{"rotate":[{"angle":-0.92},{"time":0.4667,"angle":16.6},{"time":0.8,"angle":0.79},{"time":1.0667,"angle":10.79},{"time":1.2333,"angle":6.81},{"time":1.4,"angle":0.52},{"time":1.5333,"angle":-0.92}],"translate":[{"x":-3.97},{"time":0.4667,"x":17.51,"y":-18.36},{"time":0.8,"x":-6.09,"y":-1.47},{"time":1.0667,"x":3.35,"y":-2.69},{"time":1.2333,"x":-2.66,"y":-1.73},{"time":1.4,"x":4.36,"y":1.5},{"time":1.5333,"x":-3.97}]},"zuoshou2":{"rotate":[{"angle":23.84,"curve":0.355,"c2":0.42,"c3":0.692,"c4":0.77},{"time":0.1333,"angle":5.77},{"time":0.6,"angle":18.57,"curve":0.271,"c3":0.619,"c4":0.41},{"time":0.9,"angle":5.58,"curve":0.317,"c2":0.28,"c3":0.672,"c4":0.68},{"time":1.3,"angle":-8.38,"curve":0.338,"c2":0.35,"c3":0.672,"c4":0.69},{"time":1.3667,"angle":23.84}]},"zuoxiaobi2":{"rotate":[{"angle":22.81,"curve":0.351,"c2":0.65,"c3":0.686},{"time":0.0667,"angle":21.97},{"time":0.5333,"angle":40.54,"curve":0.271,"c3":0.619,"c4":0.41},{"time":0.8333,"angle":27.55,"curve":0.317,"c2":0.28,"c3":0.672,"c4":0.68},{"time":1.2333,"angle":13.59,"curve":0.338,"c2":0.35,"c3":0.672,"c4":0.69},{"time":1.3,"angle":13.56,"curve":0.355,"c2":0.42,"c3":0.692,"c4":0.77},{"time":1.4667,"angle":24.88,"curve":0.347,"c2":0.43,"c3":0.682,"c4":0.77},{"time":1.5333,"angle":22.81}],"scale":[{"time":1,"curve":0.349,"c2":0.65,"c3":0.683},{"time":1.2333,"x":0.9,"curve":0.25,"c3":0.75},{"time":1.3}]},"zuodabi2":{"rotate":[{"angle":-14.53},{"time":0.4667,"angle":4.04,"curve":0.271,"c3":0.619,"c4":0.41},{"time":0.7667,"angle":-8.95,"curve":0.317,"c2":0.28,"c3":0.672,"c4":0.68},{"time":1.1667,"angle":-22.91,"curve":0.338,"c2":0.35,"c3":0.672,"c4":0.69},{"time":1.2333,"angle":-22.95,"curve":0.355,"c2":0.42,"c3":0.692,"c4":0.77},{"time":1.4,"angle":-11.63,"curve":0.364,"c2":0.64,"c3":0.701},{"time":1.5333,"angle":-14.53}],"translate":[{"x":6.63}]},"youshou2":{"rotate":[{"angle":-2.19,"curve":0.363,"c2":0.64,"c3":0.699},{"time":0.1333},{"time":0.5333,"angle":-13.14,"curve":0.288,"c3":0.628,"c4":0.38},{"time":0.7333,"angle":3.04,"curve":0.314,"c2":0.26,"c3":0.651,"c4":0.61},{"time":0.9,"angle":-6.14,"curve":0.323,"c2":0.3,"c3":0.665,"c4":0.66},{"time":1.1667,"angle":6.19,"curve":0.339,"c2":0.35,"c3":0.674,"c4":0.69},{"time":1.3,"angle":12.14,"curve":0.358,"c2":0.43,"c3":0.699,"c4":0.79},{"time":1.5333,"angle":-2.19}]},"youxiaobi2":{"rotate":[{"angle":36.82,"curve":0.35,"c2":0.65,"c3":0.684},{"time":0.0667,"angle":37.45},{"time":0.4667,"angle":24.3,"curve":0.288,"c3":0.628,"c4":0.38},{"time":0.6667,"angle":40.49,"curve":0.314,"c2":0.26,"c3":0.651,"c4":0.61},{"time":0.8333,"angle":31.31,"curve":0.323,"c2":0.3,"c3":0.665,"c4":0.66},{"time":1.1,"angle":43.64,"curve":0.339,"c2":0.35,"c3":0.674,"c4":0.69},{"time":1.2333,"angle":49.58,"curve":0.358,"c2":0.43,"c3":0.699,"c4":0.79},{"time":1.4667,"angle":35.26,"curve":0.347,"c2":0.43,"c3":0.681,"c4":0.77},{"time":1.5333,"angle":36.82}]},"youdabi2":{"rotate":[{"angle":-17.65},{"time":0.4,"angle":-30.79,"curve":0.288,"c3":0.628,"c4":0.38},{"time":0.6,"angle":-14.61,"curve":0.314,"c2":0.26,"c3":0.651,"c4":0.61},{"time":0.7667,"angle":-23.79,"curve":0.323,"c2":0.3,"c3":0.665,"c4":0.66},{"time":1.0333,"angle":-11.46,"curve":0.339,"c2":0.35,"c3":0.674,"c4":0.69},{"time":1.1667,"angle":-5.51,"curve":0.358,"c2":0.43,"c3":0.699,"c4":0.79},{"time":1.4,"angle":-19.84,"curve":0.363,"c2":0.64,"c3":0.699},{"time":1.5333,"angle":-17.65}]}}},"put":{"slots":{"tizi0":{"attachment":[{"time":0.2667,"name":"tizi0"},{"time":0.3,"name":null}]},"tizi1":{"attachment":[{"time":0.2667,"name":null},{"time":0.3,"name":"tizi1"}]},"youshou1":{"attachment":[{"time":0.2667,"name":null}]}},"bones":{"zuojiao":{"rotate":[{},{"time":0.2,"angle":20.25,"curve":0.25,"c3":0.75},{"time":0.3}],"translate":[{},{"time":0.2,"y":11.07,"curve":0.25,"c3":0.75},{"time":0.3}]},"zuoxiaotui":{"rotate":[{"angle":-14.88}]},"zuodatui":{"rotate":[{"angle":6.46}]},"youxiaotui":{"rotate":[{"angle":11.28}]},"youdatui":{"rotate":[{"angle":-5.4}]},"tou":{"rotate":[{"angle":-9.18}]},"shenti2":{"rotate":[{},{"time":0.2,"angle":-19.39,"curve":0.25,"c3":0.75},{"time":0.3667,"angle":-6.48}]},"shenti":{"rotate":[{},{"time":0.2,"angle":-19.39,"curve":0.25,"c3":0.75},{"time":0.3667,"angle":-6.48}]},"chuizi":{"rotate":[{},{"time":0.2,"angle":-26.32,"curve":0.25,"c3":0.75},{"time":0.3,"angle":0.13,"curve":0.25,"c3":0.75},{"time":0.3667,"angle":-25.82}]},"kua":{"rotate":[{},{"time":0.3,"angle":10.67,"curve":0.25,"c3":0.75},{"time":0.3667,"angle":23.48}],"translate":[{"y":-1.75},{"time":0.2,"x":17.69,"y":10.71,"curve":0.245,"c3":0.637,"c4":0.56},{"time":0.3,"x":6.72,"y":-3.93,"curve":0.381,"c2":0.55,"c3":0.742},{"time":0.3667,"x":4.65,"y":-6.7}]},"tizi2":{"rotate":[{"angle":-8.11},{"time":0.2,"angle":-63.19,"curve":0.25,"c3":0.75},{"time":0.2667,"angle":-62.76,"curve":0.265,"c3":0.618,"c4":0.43},{"time":0.3,"angle":-62.27,"curve":0.351,"c2":0.4,"c3":0.757},{"time":0.3667,"angle":-47.01}],"translate":[{"x":4.83,"y":8.79},{"time":0.2,"x":14.71,"y":147.14,"curve":0.25,"c3":0.75},{"time":0.2667,"x":-20.46,"y":109.59,"curve":0.265,"c3":0.618,"c4":0.43},{"time":0.3,"x":-10.46,"y":121.08,"curve":0.351,"c2":0.4,"c3":0.757},{"time":0.3667,"x":-16.69,"y":76.63}]},"tizi1":{"rotate":[{"time":0.3,"angle":13.04}],"translate":[{"time":0.2333,"x":2.55,"y":-8.15,"curve":0.25,"c3":0.75},{"time":0.3,"x":-3.58,"y":-31.07}],"scale":[{"time":0.2,"curve":0.25,"c3":0.75},{"time":0.2333,"y":0.8,"curve":0.25,"c3":0.75},{"time":0.3,"y":-0.8}]}}}}},[0]]],0,0,[0],[-1],[0]]