[1,["27Ey1iiHhH+LjQQcf7pjLx","e3Na6WdjJK9LpgWa8SaKIQ","5f2jC/ottIhJSMESyEZ6s+"],["root","body","animation","node","data","_N$skeletonData"],[["cc.Node",["_name","_groupIndex","_parent","_components","_prefab","_contentSize","_trs"],1,1,2,4,5,7],["cc.PrefabInfo",["fileId","root","asset"],2,1,1],["sp.SkeletonData",["_name","_atlasText","textureNames","_skeletonJson","textures"],-1,3],["cc.Prefab",["_name"],2],["cc.Node",["_name","_children","_components","_prefab","_trs"],2,2,9,4,7],["81fc9M/dexOrq+atyCuJ59k",["shadowScale","node","animation","body"],2,1,1,1],["cc.BoxCollider",["node","_offset","_size"],3,1,5,5],["96c396uvMtPhLUJFoRD9JmK",["node","body"],3,1,1],["sp.Skeleton",["defaultSkin","defaultAnimation","_preCacheMode","_animationName","node","_materials"],-1,1,3],["261d4+Q1HdGA5w3tjdBw83c",["activeFlash","node","spineAnimation"],2,1,1]],[[1,0,1,2,2],[2,0,1,2,3,4,5],[3,0,2],[4,0,1,2,3,4,2],[0,0,1,2,3,4,3],[0,0,2,3,4,5,6,2],[5,0,1,2,3,2],[1,1,2,1],[6,0,1,2,1],[7,0,1,1],[8,0,1,2,3,4,5,5],[9,0,1,2,2]],[[[[1,"18_plant","\n18_plant.png\nsize: 256,256\nformat: RGBA8888\nfilter: Linear,Linear\nrepeat: none\nbody\n  rotate: false\n  xy: 2, 30\n  size: 126, 136\n  orig: 128, 138\n  offset: 1, 1\n  index: -1\neye1\n  rotate: false\n  xy: 130, 162\n  size: 4, 4\n  orig: 6, 6\n  offset: 1, 1\n  index: -1\neye2\n  rotate: false\n  xy: 130, 156\n  size: 4, 4\n  orig: 6, 6\n  offset: 1, 1\n  index: -1\neye3\n  rotate: false\n  xy: 100, 10\n  size: 41, 18\n  orig: 43, 20\n  offset: 1, 1\n  index: -1\neyebrow\n  rotate: false\n  xy: 47, 7\n  size: 51, 21\n  orig: 53, 23\n  offset: 1, 1\n  index: -1\nhair\n  rotate: false\n  xy: 2, 2\n  size: 43, 26\n  orig: 45, 27\n  offset: 1, 1\n  index: -1\n",["18_plant.png"],{"skeleton":{"hash":"tuYusS2cDabVYFQ5ytLole82cEQ","spine":"3.8.99","x":-44.8,"y":-5.46,"width":89.6,"height":105},"bones":[{"name":"root"},{"name":"plant","parent":"root","scaleX":0.14,"scaleY":0.14},{"name":"body","parent":"plant","length":356.69,"rotation":90},{"name":"eye3","parent":"body","x":385.53,"y":-3.16},{"name":"eye1","parent":"eye3","x":23.61,"y":60.99,"scaleX":0.14,"scaleY":0.14,"transform":"noScale"},{"name":"eye2","parent":"eye3","x":21.84,"y":-63.66,"scaleX":0.14,"scaleY":0.14,"transform":"noScale"},{"name":"hair","parent":"body","length":174.47,"rotation":-73.64,"x":625.3,"y":37.49},{"name":"eyebrow","parent":"body","rotation":-90,"x":424.71,"y":-1.83,"scaleX":0.14,"scaleY":0.14,"transform":"noScale"}],"slots":[{"name":"hair","bone":"hair","attachment":"hair"},{"name":"body","bone":"body","attachment":"body"},{"name":"eye3","bone":"eye3","attachment":"eye3"},{"name":"eye2","bone":"eye2","attachment":"eye2"},{"name":"eye1","bone":"eye1","attachment":"eye1"},{"name":"eyebrow","bone":"eyebrow","attachment":"eyebrow"}],"skins":[{"name":"default","attachments":{"body":{"body":{"x":305.5,"rotation":-90,"width":640,"height":689}},"eye1":{"eye1":{"x":0.36,"y":-0.83,"rotation":-90,"width":30,"height":31}},"eye2":{"eye2":{"x":0.13,"y":-0.18,"rotation":-90,"width":28,"height":29}},"eye3":{"eye3":{"x":26.47,"y":-0.34,"rotation":-90,"width":213,"height":100}},"eyebrow":{"eyebrow":{"x":-6.33,"y":23.29,"width":263,"height":116}},"hair":{"hair":{"x":79.96,"y":-4.51,"rotation":-16.36,"width":223,"height":135}}}}],"animations":{"idle":{"bones":{"body":{"translate":[{"time":0.3},{"time":0.6667,"y":-5.74},{"time":1}],"scale":[{},{"time":0.3,"x":1.097,"y":0.937},{"time":0.6667,"x":0.925,"y":1.038},{"time":1}],"shear":[{},{"time":0.3,"x":-0.94},{"time":0.6667}]},"hair":{"rotate":[{},{"time":0.3,"angle":-16.65},{"time":0.6667,"angle":16.62},{"time":1}]}}},"idle_eye":{"bones":{"body":{"translate":[{"time":0.3333},{"time":0.6667,"y":-5.74},{"time":1}],"scale":[{},{"time":0.3333,"x":1.097,"y":0.937},{"time":0.6667,"x":0.925,"y":1.038},{"time":1}],"shear":[{},{"time":0.3333,"x":-0.94},{"time":0.6667}]},"hair":{"rotate":[{},{"time":0.3333,"angle":-16.65},{"time":0.6667,"angle":16.62},{"time":1}]},"eyebrow":{"translate":[{"time":0.5667,"curve":0.226,"c2":0.32,"c3":0.75},{"time":0.6667,"x":-38.81,"curve":0.694,"c2":0.26,"c3":0.919,"c4":0.69},{"time":0.7667}],"scale":[{"time":0.5667,"curve":0.226,"c2":0.32,"c3":0.75},{"time":0.6667,"x":1.1,"y":1.378,"curve":0.694,"c2":0.26,"c3":0.919,"c4":0.69},{"time":0.7667}]}}},"jumpdown":{"bones":{"body":{"translate":[{},{"time":0.0667,"y":-2.84},{"time":0.1333,"x":-15.48,"y":-23.92}],"scale":[{"x":1.218,"y":0.924},{"time":0.0667,"x":1.008,"y":1.021},{"time":0.1333,"x":0.537,"y":1.397}],"shear":[{"x":-0.31}]},"hair":{"rotate":[{"angle":-23.3},{"time":0.0667,"angle":8.96},{"time":0.1,"angle":-0.53},{"time":0.1333,"angle":-40.32}],"translate":[{"x":8.09,"y":-23.05},{"time":0.0667,"x":4.74,"y":-12.12},{"time":0.1,"x":5.69,"y":-6.58},{"time":0.1333,"x":8.09,"y":-23.05}]},"eyebrow":{"rotate":[{"time":0.0667},{"time":0.1333,"angle":0.15}],"translate":[{"x":54.21,"y":0.39},{"time":0.0667,"x":-2.89,"y":0.08},{"time":0.1333,"x":-21.21,"y":0.23}],"scale":[{"y":1.235},{"time":0.0667,"y":1.096},{"time":0.1333,"x":1.446,"y":0.552}]}}},"jumpup1":{"bones":{"body":{"translate":[{},{"time":0.2333,"y":-13.14},{"time":0.4,"y":-3.29},{"time":0.5333}],"scale":[{},{"time":0.2333,"x":0.665,"y":1.246},{"time":0.4,"y":1.016},{"time":0.5333,"x":1.218,"y":0.924}],"shear":[{"time":0.4},{"time":0.5333,"x":-0.31}]},"hair":{"rotate":[{},{"time":0.2333,"angle":-25.17},{"time":0.4,"angle":-22.53},{"time":0.5333,"angle":-23.3}],"translate":[{"time":0.2333},{"time":0.4,"x":4.93,"y":-19.4},{"time":0.5333,"x":8.09,"y":-23.05}]},"eyebrow":{"translate":[{},{"time":0.2333,"x":-24.84,"y":5.46},{"time":0.4,"x":33.03},{"time":0.5333,"x":54.21,"y":0.39}],"scale":[{},{"time":0.2333,"x":1.259,"y":0.637},{"time":0.4},{"time":0.5333,"y":1.235}]}}},"jumpup2":{"bones":{"body":{"scale":[{"x":1.218,"y":0.924}],"shear":[{"x":-0.31}]},"hair":{"rotate":[{"angle":-23.3}],"translate":[{"x":8.09,"y":-23.05}]},"eyebrow":{"translate":[{"x":54.21,"y":0.39}],"scale":[{"y":1.235}]}}},"lookleft":{"bones":{"eye1":{"translate":[{},{"time":0.3333,"y":24.88,"curve":"stepped"},{"time":0.4667,"y":24.88},{"time":0.8}]},"eye2":{"translate":[{},{"time":0.3333,"y":19.35,"curve":"stepped"},{"time":0.4667,"y":19.35},{"time":0.8}]},"eyebrow":{"translate":[{},{"time":0.3333,"x":7.37,"y":-2.76,"curve":"stepped"},{"time":0.4667,"x":7.37,"y":-2.76},{"time":0.8}],"scale":[{},{"time":0.3333,"x":1.014,"curve":"stepped"},{"time":0.4667,"x":1.014},{"time":0.8}],"shear":[{},{"time":0.3333,"x":-12.59,"curve":"stepped"},{"time":0.4667,"x":-12.59},{"time":0.8}]}}},"lookright":{"bones":{"eye1":{"translate":[{},{"time":0.3333,"x":-3.61,"y":-17.31,"curve":"stepped"},{"time":0.4667,"x":-3.61,"y":-17.31},{"time":0.8}]},"eye2":{"translate":[{},{"time":0.3333,"x":1.44,"y":-16.59,"curve":"stepped"},{"time":0.4667,"x":1.44,"y":-16.59},{"time":0.8}]},"eyebrow":{"translate":[{},{"time":0.3333,"x":2.89,"y":2.16,"curve":"stepped"},{"time":0.4667,"x":2.89,"y":2.16},{"time":0.8}],"scale":[{},{"time":0.3333,"x":1.031,"curve":"stepped"},{"time":0.4667,"x":1.031},{"time":0.8}],"shear":[{},{"time":0.3333,"x":15.32,"curve":"stepped"},{"time":0.4667,"x":15.32},{"time":0.8}]}}}}},[0]]],0,0,[0],[-1],[0]],[[[2,"Squash"],[3,"Squash",[-5,-6],[[6,1.3,-4,-3,-2]],[7,-1,0],[-494,-293,0,0,0,0,1,1,1,1]],[4,"bodyC",5,1,[-7,-8],[0,"24mPV6/o1CD50QVngVKagA",1,0]],[5,"18_plant",1,[-9,-10],[0,"47MnMlmktC2oPBUVFvrBDx",1,0],[5,89.6,105],[0,-5,0,0,0,0,1,1,1,1]],[8,2,[0,0,40],[5,80,100]],[9,2,4],[10,"default","idle",0,"idle",3,[0]],[11,true,3,6]],0,[0,0,1,0,1,5,0,2,7,0,3,1,0,-1,2,0,-2,3,0,-1,4,0,-2,5,0,-1,6,0,-2,7,0,4,1,10],[0,6],[-1,5],[1,2]]]]