[1,["ecpdLyjvZBwrvm+cedCcQy","caohSHbS5GEIzmwCrnMGn5","60TB3suhBBxa2lwMkdXc/i","a6QYXZDqxA76tHNJcm+H3z","9fDVKsCC5NCaziXVModEAo","a2MjXRFdtLlYQ5ouAFv/+R","c4CGt6V2BEELgWlQZ2tLBZ","61gmdS5rFPHr+LE2zChh66","1eMUvYAAFPYLs8Qcd3/Y9y","b2YyBjW6tF2ajRnrtLeZ5w","5bheaowv9Nv4sUQJHivr8k","c7rbMTUM1IR7XSs8jEkSEU","75jzip5w5CVIBycLLAkRik","cenOQDpQ5DqJNhFbOKfYPd","b3Y49mY6BJ470Y9y34ITRK"],["node","_spriteFrame","_N$file","_textureSetter","root","version","vibrateSelect","musicTag","musicTxt","soundTag","soundTxt","data"],[["cc.Node",["_name","_opacity","_prefab","_components","_contentSize","_parent","_trs","_children","_color","_anchorPoint"],1,4,9,5,1,7,2,5,5],["cc.Sprite",["_sizeMode","_type","_isTrimmedMode","node","_materials","_spriteFrame"],0,1,3,6],["cc.Label",["_string","_fontSize","_N$horizontalAlign","_N$verticalAlign","_isSystemFontUsed","_lineHeight","node","_materials","_N$file"],-3,1,3,6],"cc.SpriteFrame",["cc.Widget",["_alignFlags","_originalWidth","_originalHeight","node"],0,1],["cc.PrefabInfo",["fileId","root","asset"],2,1,1],["cc.Button",["_N$transition","node","clickEvents"],2,1,9],["cc.Prefab",["_name"],2],["cc.Node",["_name","_parent","_components","_prefab","_color","_contentSize","_anchorPoint","_trs"],2,1,2,4,5,5,5,7],["cc.BlockInputEvents",["node"],3,1],["d0d58cuEPJPcoHhY3EJvkOz",["node","soundTxt","soundTag","musicTxt","musicTag","vibrateSelect","version"],3,1,1,1,1,1,1,1],["cc.ClickEvent",["_componentId","handler","target"],1,1],["cc.LabelOutline",["_width","node","_color"],2,1,5]],[[5,0,1,2,2],[0,0,5,3,2,4,6,2],[1,3,4,5,1],[0,0,5,7,2,2],[1,1,0,2,3,4,5,4],[0,0,5,7,3,2,4,6,2],[0,0,5,3,2,8,4,6,2],[8,0,1,2,3,4,5,6,7,2],[11,0,1,2,3],[2,0,1,5,4,2,3,6,7,8,7],[6,0,1,2,2],[2,0,1,4,2,3,6,7,6],[12,0,1,2,2],[7,0,2],[0,0,7,3,2,4,6,2],[0,0,1,5,3,2,8,4,3],[0,0,5,3,2,4,9,6,2],[0,0,5,3,2,8,4,9,6,2],[4,0,3,2],[4,0,1,2,3,4],[9,0,1],[10,0,1,2,3,4,5,6,1],[5,1,2,1],[1,0,3,4,5,2],[1,1,0,3,4,5,3],[6,1,2,1],[2,0,1,4,2,3,6,7,8,6],[2,0,1,5,2,3,6,7,6]],[[[[13,"OptionView"],[14,"OptionView",[-11,-12],[[18,45,-2],[20,-3],[21,-10,-9,-8,-7,-6,-5,-4]],[22,-1,0],[5,1280,720],[640,360,0,0,0,0,1,1,1,1]],[3,"board",1,[-13,-14,-15,-16,-17,-18,-19,-20,-21,-22],[0,"a8XHvJhixGvrv0Phq3qQPz",1,0]],[3,"music",2,[-23,-24,-25],[0,"0b+RB9eENDmJxaODDSdKVh",1,0]],[3,"sound",2,[-26,-27,-28],[0,"b0Ix7YiK9JsYhjXslipdrm",1,0]],[3,"vibrate",2,[-29,-30,-31],[0,"d6waMs8dpFWaZq4CpoT9tu",1,0]],[5,"checkBox",5,[-34],[[2,-32,[26],27],[25,-33,[[8,"d0d58cuEPJPcoHhY3EJvkOz","clickVibrate",1]]]],[0,"bbIp8xn1hOC55o10D7Ibmn",1,0],[5,116,94],[-19,-82,0,0,0,0,1,1,1,1]],[5,"btn_back",2,[-37],[[4,1,0,false,-35,[31],32],[10,3,-36,[[8,"d0d58cuEPJPcoHhY3EJvkOz","clickBackGame",1]]]],[0,"ebYCMNQy5HR7JWUQu+yaPh",1,0],[5,248,70],[-204,-211,0,0,0,0,1,1,1,0]],[5,"btn_re_start",2,[-40],[[4,1,0,false,-38,[35],36],[10,3,-39,[[8,"d0d58cuEPJPcoHhY3EJvkOz","clickRestart",1]]]],[0,"73anOK2TBMVKKe13xaRJjm",1,0],[5,248,70],[204,-211,0,0,0,0,1,1,1,0]],[15,"mask",177,1,[[23,0,-41,[0],1],[19,45,100,100,-42]],[0,"41NwSKuNZBOqNM5ujCssx8",1,0],[4,4278190080],[5,1280,720]],[1,"pro_tag",3,[[2,-43,[15],16]],[0,"8f1BQ4n8FM7K5q9585p+/i",1,0],[5,50,57],[193,95,0,0,0,0,1,1,1,1]],[1,"pro_tag",4,[[2,-44,[20],21]],[0,"90RFuQOZBEbZKfcZhHVlYS",1,0],[5,50,57],[193,20,0,0,0,0,1,1,1,1]],[1,"select",6,[[2,-45,[24],25]],[0,"68iSKDW1RNIK7N7hEdYvau",1,0],[5,85,72],[6,7,0,0,0,0,1,1,1,1]],[6,"txt",7,[[9,"返回游戏",30,34,false,1,1,-46,[29],30],[12,2,-47,[4,4278330370]]],[0,"62iEzP3ilHLbpXnIrW+fcf",1,0],[4,4279746326],[5,124,46.84],[-3,4,0,0,0,0,1,1,1,1]],[6,"txt",8,[[9,"重新开始",30,34,false,1,1,-48,[33],34],[12,2,-49,[4,4278330370]]],[0,"9bsRrR3apM8Z1fga54ZXyB",1,0],[4,4279746326],[5,124,46.84],[-3,4,0,0,0,0,1,1,1,1]],[16,"common_pop_view_3",2,[[4,1,0,false,-50,[2],3]],[0,"50Ut4lmUlChpOp9UPFR5Bh",1,0],[5,864,268],[0,0.5,1],[1,122,0,0,0,0,1,1,1,1]],[1,"common_pop_view_2",2,[[4,1,0,false,-51,[4],5]],[0,"37Ifr8M/FDqbQjvGjRbMig",1,0],[5,870,100],[0,172,0,0,0,0,1,1,1,1]],[1,"common_pop_view_4",2,[[24,1,0,-52,[6],7]],[0,"512p1r9QZMgIrk2zz/eX+x",1,0],[5,872,125],[0,-205,0,0,0,0,1,1,1,1]],[1,"common_pop_view_1",2,[[2,-53,[8],9]],[0,"47eodf7q5DzJTBP462+srz",1,0],[5,121,70],[2,237,0,0,0,0,1,1,1,1]],[6,"tip",2,[[9,"选项",30,33,false,1,1,-54,[10],11]],[0,"34j19ZPTZGzpoBMdGUqkNn",1,0],[4,4284081919],[5,60,41.58],[0,160,0,0,0,0,1,1,1,1]],[7,"txt",3,[-55],[0,"8ea6jfQuRO3rYVblSEhMQ2",1,0],[4,4291467413],[5,175,50.4],[0,0,0.5],[-286,95,0,0,0,0,1,1,1,1]],[11,"音量：音乐",35,false,1,1,20,[12]],[1,"pro_bg",3,[[2,-56,[13],14]],[0,"b3fPM7gEdGnK2OR00DHWKV",1,0],[5,368,17],[104,95,0,0,0,0,1,1,1,1]],[7,"txt",4,[-57],[0,"d68J0rVG9Hb4QPecEhzN/a",1,0],[4,4291467413],[5,175,50.4],[0,0,0.5],[-286,18,0,0,0,0,1,1,1,1]],[11,"音量：音效",35,false,1,1,23,[17]],[1,"pro_bg",4,[[2,-58,[18],19]],[0,"53bI43tANPTKG3LN9CzWwT",1,0],[5,368,17],[104,20,0,0,0,0,1,1,1,1]],[17,"txt",5,[[26,"震动",35,false,1,1,-59,[22],23]],[0,"73qIxczvVFEZ72PbhWcZAM",1,0],[4,4291467413],[5,70,50.4],[0,0,0.5],[-180,-54,0,0,0,0,1,1,1,1]],[7,"version",5,[-60],[0,"07J8vE1W1JT4XqDG0iPLot",1,0],[4,4291467413],[5,66.72,42.84],[0,1,0.5],[-108,-105,0,0,0,0,1,1,1,1]],[27,"1.0.0",30,34,1,1,27,[28]]],0,[0,4,1,0,0,1,0,0,1,0,5,28,0,6,12,0,7,10,0,8,21,0,9,11,0,10,24,0,0,1,0,-1,9,0,-2,2,0,-1,15,0,-2,16,0,-3,17,0,-4,18,0,-5,19,0,-6,3,0,-7,4,0,-8,5,0,-9,7,0,-10,8,0,-1,20,0,-2,22,0,-3,10,0,-1,23,0,-2,25,0,-3,11,0,-1,26,0,-2,6,0,-3,27,0,0,6,0,0,6,0,-1,12,0,0,7,0,0,7,0,-1,13,0,0,8,0,0,8,0,-1,14,0,0,9,0,0,9,0,0,10,0,0,11,0,0,12,0,0,13,0,0,13,0,0,14,0,0,14,0,0,15,0,0,16,0,0,17,0,0,18,0,0,19,0,-1,21,0,0,22,0,-1,24,0,0,25,0,0,26,0,-1,28,0,11,1,60],[0,0,0,0,0,0,0,0,0,0,0,0,0,0,0,0,0,0,0,0,0,0,0,0,0,0,0,0,0,0,0,0,0,0,0,0,0,21,24],[-1,1,-1,1,-1,1,-1,1,-1,1,-1,2,-1,-1,1,-1,1,-1,-1,1,-1,1,-1,2,-1,1,-1,1,-1,-1,2,-1,1,-1,2,-1,1,2,2],[0,5,0,6,0,7,0,8,0,9,0,1,0,0,2,0,3,0,0,2,0,3,0,1,0,10,0,11,0,0,1,0,4,0,1,0,4,1,1]],[[{"name":"pro_bg","rect":[0,0,368,17],"offset":[0,0],"originalSize":[368,17],"capInsets":[0,0,0,0]}],[3],0,[0],[3],[12]],[[{"name":"pro_tag","rect":[2,2,50,57],"offset":[0,0],"originalSize":[54,61],"capInsets":[0,0,0,0]}],[3],0,[0],[3],[13]],[[{"name":"checkBox","rect":[0,0,116,94],"offset":[-1.5,1],"originalSize":[119,96],"capInsets":[0,0,0,0]}],[3],0,[0],[3],[14]]]]