[1,["7a/QZLET9IDreTiBfRn2PD","4evGnZei5G4JelRZhdS8LE","b38n2CTa9J35zfubLv8gmR"],["root","spine","node","data","_N$skeletonData"],[["cc.PrefabInfo",["fileId","root","asset"],2,1,1],["cc.Prefab",["_name"],2],["cc.Node",["_name","_children","_components","_prefab"],2,2,9,4],["cc.Node",["_name","_parent","_components","_prefab","_contentSize","_trs"],2,1,2,4,5,7],["b2afbvP8rxKZpOCQLPbuZGR",["aniName","node","spine"],2,1,1],["sp.Skeleton",["defaultSkin","defaultAnimation","_preCacheMode","_animationName","node","_materials"],-1,1,3],["261d4+Q1HdGA5w3tjdBw83c",["node","spineAnimation"],3,1,1],["sp.SkeletonData",["_name","_atlasText","textureNames","_skeletonJson","textures"],-1,3]],[[1,0,2],[2,0,1,2,3,2],[3,0,1,2,3,4,5,2],[4,0,1,2,2],[0,1,2,1],[0,0,1,2,2],[5,0,1,2,3,4,5,5],[6,0,1,1],[7,0,1,2,3,4,5]],[[[[0,"DiggerAshesEffect"],[1,"DiggerAshesEffect",[-4],[[3,"death1",-3,-2]],[4,-1,0]],[2,"20FX_Cinders",1,[-5,-6],[5,"bc3sBgnb5My7feU4w8+r7H",1,0],[5,95.37,136.15],[-2,10,0,0,0,0,1,1,1,1]],[6,"default","death2",0,"death2",2,[0]],[7,2,3]],0,[0,0,1,0,1,4,0,2,1,0,-1,2,0,-1,3,0,-2,4,0,3,1,6],[0,3],[-1,4],[0,1]],[[[8,"23FX_Ginders","\n23FX_Ginders.png\nsize: 1024,256\nformat: RGBA8888\nfilter: Linear,Linear\nrepeat: none\nbody1\n  rotate: false\n  xy: 52, 111\n  size: 92, 143\n  orig: 92, 143\n  offset: 0, 0\n  index: -1\nbody2\n  rotate: false\n  xy: 146, 115\n  size: 91, 139\n  orig: 92, 140\n  offset: 1, 1\n  index: -1\nbody3\n  rotate: false\n  xy: 239, 115\n  size: 91, 139\n  orig: 92, 140\n  offset: 1, 1\n  index: -1\nbody4\n  rotate: false\n  xy: 332, 115\n  size: 91, 139\n  orig: 93, 140\n  offset: 2, 1\n  index: -1\nbody5\n  rotate: true\n  xy: 102, 10\n  size: 99, 137\n  orig: 100, 139\n  offset: 1, 1\n  index: -1\nbody6\n  rotate: true\n  xy: 241, 18\n  size: 95, 137\n  orig: 97, 139\n  offset: 1, 1\n  index: -1\nbody7\n  rotate: true\n  xy: 380, 23\n  size: 90, 137\n  orig: 96, 139\n  offset: 1, 1\n  index: -1\nbody8\n  rotate: false\n  xy: 425, 117\n  size: 89, 137\n  orig: 91, 139\n  offset: 1, 1\n  index: -1\nbody9\n  rotate: false\n  xy: 516, 142\n  size: 89, 112\n  orig: 91, 113\n  offset: 1, 1\n  index: -1\ndi1\n  rotate: true\n  xy: 519, 44\n  size: 69, 44\n  orig: 69, 44\n  offset: 0, 0\n  index: -1\ndi2\n  rotate: true\n  xy: 2, 83\n  size: 171, 48\n  orig: 171, 49\n  offset: 0, 1\n  index: -1\neye1\n  rotate: false\n  xy: 52, 84\n  size: 48, 25\n  orig: 49, 25\n  offset: 1, 0\n  index: -1\neye2\n  rotate: false\n  xy: 516, 115\n  size: 48, 25\n  orig: 49, 25\n  offset: 1, 0\n  index: -1\nhand1\n  rotate: false\n  xy: 241, 2\n  size: 13, 14\n  orig: 14, 16\n  offset: 1, 1\n  index: -1\nhand2\n  rotate: true\n  xy: 68, 3\n  size: 11, 14\n  orig: 11, 16\n  offset: 0, 1\n  index: -1\nhead\n  rotate: true\n  xy: 2, 12\n  size: 69, 64\n  orig: 70, 64\n  offset: 1, 0\n  index: -1\nhui1\n  rotate: true\n  xy: 2, 3\n  size: 7, 63\n  orig: 7, 63\n  offset: 0, 0\n  index: -1\npr1\n  rotate: false\n  xy: 68, 16\n  size: 32, 66\n  orig: 34, 69\n  offset: 2, 3\n  index: -1\n",["23FX_Ginders.png"],{"skeleton":{"hash":"Jr3eIfLAJ3MVYCB46ODAsMb+LFo","spine":"3.8.99","x":-58.13,"y":-10.24,"width":95.37,"height":136.15},"bones":[{"name":"root","x":-1.66,"y":-2.72,"scaleX":0.1534,"scaleY":0.1534},{"name":"23FX_Ginders","parent":"root"},{"name":"di1","parent":"23FX_Ginders"},{"name":"di2","parent":"23FX_Ginders"},{"name":"pr1","parent":"23FX_Ginders","length":100,"rotation":148,"x":-225.23,"y":296.86},{"name":"hui1","parent":"23FX_Ginders","x":-57.07,"y":181.06},{"name":"head","parent":"23FX_Ginders","length":154.38,"rotation":90,"x":-87.12,"y":605.64,"scaleX":1.0802,"scaleY":1.0802},{"name":"di3","parent":"23FX_Ginders"},{"name":"di4","parent":"23FX_Ginders"},{"name":"di5","parent":"23FX_Ginders"}],"slots":[{"name":"body1","bone":"23FX_Ginders","attachment":"body1"},{"name":"pr1","bone":"pr1","attachment":"pr1"},{"name":"di1","bone":"di1"},{"name":"di3","bone":"di3"},{"name":"di5","bone":"di5"},{"name":"di2","bone":"di2"},{"name":"di4","bone":"di4"},{"name":"hui1","bone":"hui1"},{"name":"head","bone":"head","attachment":"head"},{"name":"eye1","bone":"head"},{"name":"hand1","bone":"23FX_Ginders","attachment":"hand1"}],"skins":[{"name":"default","attachments":{"body1":{"body1":{"x":24,"y":308.5,"width":459,"height":715},"body2":{"x":24.07,"y":317,"width":459,"height":698},"body3":{"x":24.5,"y":317,"width":459,"height":698},"body4":{"x":21.5,"y":317,"width":466,"height":698},"body5":{"x":3,"y":318,"width":498,"height":696},"body6":{"x":-4.5,"y":318.5,"width":483,"height":695},"body7":{"x":-6.5,"y":318,"width":479,"height":696},"body8":{"x":-18,"y":318,"width":456,"height":696},"body9":{"x":-18.5,"y":384,"width":455,"height":564}},"di1":{"di1":{"y":88.34,"width":343,"height":220}},"di2":{"di2":{"y":30.27,"width":857,"height":245}},"di3":{"di1":{"y":88.34,"width":343,"height":220}},"di4":{"di2":{"y":30.27,"width":857,"height":245}},"di5":{"di1":{"y":88.34,"width":343,"height":220}},"eye1":{"eye1":{"x":55.36,"y":74.38,"rotation":-90,"width":245,"height":124},"eye2":{"x":55.36,"y":74.38,"rotation":-90,"width":245,"height":124}},"hand1":{"hand1":{"x":-211,"y":276,"width":70,"height":82},"hand2":{"x":-202.21,"y":278,"width":54,"height":78}},"head":{"head":{"x":56.36,"y":61.88,"rotation":-90,"width":352,"height":318}},"hui1":{"hui1":{"x":-0.43,"y":9.94,"width":37,"height":316}},"pr1":{"pr1":{"x":45.51,"y":37.11,"rotation":-148,"width":169,"height":343}}}}],"animations":{"death1":{"slots":{"body1":{"attachment":[{"time":1.3333,"name":"body2"},{"time":1.4,"name":"body3"},{"time":1.4667,"name":"body4"},{"time":1.5333,"name":"body5"},{"time":1.6,"name":"body6"},{"time":1.6667,"name":"body7"},{"time":1.7333,"name":"body8"},{"time":1.8,"name":"body9"},{"time":1.8667,"name":null},{"time":2.6667,"name":null}]},"di1":{"attachment":[{"time":1.2667,"name":"di1"}]},"di2":{"attachment":[{"time":1.2667,"name":"di2"}]},"di3":{"attachment":[{"time":1.2667,"name":"di1"}]},"di4":{"attachment":[{"time":1.5333,"name":"di2"}]},"di5":{"attachment":[{"time":1.5333,"name":"di1"}]},"eye1":{"attachment":[{"time":0.6667,"name":"eye1"},{"time":0.7333,"name":"eye2"},{"time":0.8,"name":"eye1"},{"time":0.8667,"name":null},{"time":0.9333,"name":"eye1"},{"time":1,"name":"eye2"},{"time":1.0667,"name":"eye1"},{"time":1.1333,"name":null}]},"hand1":{"attachment":[{"time":1.3667,"name":"hand2"},{"time":1.4667,"name":null}]}},"bones":{"head":{"rotate":[{"time":2},{"time":2.1333,"angle":-20.62,"curve":"stepped"},{"time":2.2,"angle":-20.62},{"time":2.3333,"angle":-23.3},{"time":2.4,"angle":-20.62}],"translate":[{"time":2},{"time":2.1333,"x":-12.36,"y":-524.76,"curve":"stepped"},{"time":2.2,"x":-12.36,"y":-524.76},{"time":2.3333,"x":-22,"y":-475.76},{"time":2.4,"x":-12.36,"y":-524.76}],"scale":[{"time":2.1333},{"time":2.2,"x":0.882,"y":1.036},{"time":2.3333,"x":1.039,"y":0.971},{"time":2.4}]},"di2":{"translate":[{"time":1.2667,"x":15.47,"y":23.66},{"time":1.8667,"x":-13.84,"y":0.18}],"scale":[{"time":1.2667,"x":0.44,"y":0.232},{"time":1.8667,"x":0.706,"y":0.573}]},"di1":{"translate":[{"time":1.2667,"x":131.04,"y":22.54},{"time":1.4,"x":93.77,"y":27.2},{"time":1.5333,"x":29.4,"y":31.86},{"time":1.8667,"x":-3.64,"y":29.32}],"scale":[{"time":1.2667,"x":0.262,"y":0.262},{"time":1.4,"x":0.76,"y":0.602},{"time":1.5333,"x":1.259,"y":0.884},{"time":1.8667,"x":1.539,"y":1.063}],"shear":[{"time":1.5333},{"time":1.8667,"y":2.14}]},"di3":{"translate":[{"time":1.2667,"x":-80.31,"y":28.18},{"time":1.5333,"x":7,"y":28.61}],"scale":[{"time":1.2667,"x":0.419,"y":0.419},{"time":1.5333,"x":0.888,"y":0.888}],"shear":[{"time":1.2667},{"time":1.4,"y":1.25},{"time":1.5333,"y":-8.96}]},"pr1":{"rotate":[{"time":1.3333},{"time":1.5333,"angle":108.07},{"time":1.6667,"angle":116.57}],"translate":[{"time":1.3333},{"time":1.5333,"x":-58.35,"y":-184.51},{"time":1.6667,"x":-61.5,"y":-222.36}],"scale":[{"time":1.3333},{"time":1.5333,"x":0.697,"y":1.074},{"time":1.6667,"x":0.448,"y":1.074}]},"di5":{"translate":[{"time":1.5333,"x":-299.56,"y":59.94}],"scale":[{"time":1.5333,"x":0.492,"y":0.317},{"time":1.6667,"x":0.605,"y":0.361}]},"di4":{"translate":[{"time":1.5333,"x":-283.54,"y":35.91},{"time":1.6667,"x":-283.54,"y":32.91}],"scale":[{"time":1.5333,"x":0.381,"y":0.272},{"time":1.6667,"x":0.452,"y":0.31}]}}},"death2":{"slots":{"body1":{"attachment":[{"time":1.3333,"name":"body2"},{"time":1.4,"name":"body3"},{"time":1.4667,"name":"body4"},{"time":1.5333,"name":"body5"},{"time":1.6,"name":"body6"},{"time":1.6667,"name":"body7"},{"time":1.7333,"name":"body8"},{"time":1.8,"name":"body9"},{"time":1.8667,"name":null},{"time":2.6667,"name":null}]},"di1":{"attachment":[{"time":1.2667,"name":"di1"}]},"di2":{"attachment":[{"time":1.2667,"name":"di2"}]},"di3":{"attachment":[{"time":1.2667,"name":"di1"}]},"eye1":{"attachment":[{"time":0.6667,"name":"eye1"},{"time":0.7333,"name":"eye2"},{"time":0.8,"name":"eye1"},{"time":0.8667,"name":null},{"time":0.9333,"name":"eye1"},{"time":1,"name":"eye2"},{"time":1.0667,"name":"eye1"},{"time":1.1333,"name":null}]},"hand1":{"attachment":[{"name":null}]},"pr1":{"attachment":[{"name":null}]}},"bones":{"head":{"rotate":[{"time":2},{"time":2.1333,"angle":-20.62,"curve":"stepped"},{"time":2.2,"angle":-20.62},{"time":2.3333,"angle":-23.3},{"time":2.4,"angle":-20.62}],"translate":[{"time":2},{"time":2.1333,"x":-18.88,"y":-498.69},{"time":2.2,"x":-12.36,"y":-524.76},{"time":2.3333,"x":-22,"y":-475.76},{"time":2.4,"x":-12.36,"y":-524.76}],"scale":[{"time":2.1333},{"time":2.2,"x":0.882,"y":1.036},{"time":2.3333,"x":1.039,"y":0.971},{"time":2.4}]},"di2":{"translate":[{"time":1.2667,"x":15.47,"y":23.66},{"time":1.8667,"x":-13.84,"y":0.18}],"scale":[{"time":1.2667,"x":0.44,"y":0.232},{"time":1.8667,"x":0.706,"y":0.573}]},"di1":{"translate":[{"time":1.2667,"x":131.04,"y":22.54},{"time":1.4,"x":93.77,"y":27.2},{"time":1.5333,"x":29.4,"y":31.86},{"time":1.8667,"x":-3.64,"y":29.32}],"scale":[{"time":1.2667,"x":0.262,"y":0.262},{"time":1.4,"x":0.76,"y":0.602},{"time":1.5333,"x":1.259,"y":0.884},{"time":1.8667,"x":1.539,"y":1.063}],"shear":[{"time":1.5333},{"time":1.8667,"y":2.14}]},"di3":{"translate":[{"time":1.2667,"x":-80.31,"y":28.18},{"time":1.5333,"x":7,"y":28.61}],"scale":[{"time":1.2667,"x":0.419,"y":0.419},{"time":1.5333,"x":0.888,"y":0.888}],"shear":[{"time":1.2667},{"time":1.4,"y":1.25},{"time":1.5333,"y":-8.96}]}}}}},[0]]],0,0,[0],[-1],[2]]]]