[1,["52e1npZQZAU7kH/dhCzmFE"],0,[["sp.SkeletonData",["_name","_atlasText","textureNames","_skeletonJson","textures"],-1,3]],[[0,0,1,2,3,4,5]],[[0,"n04_caiwen","\r\nn04_caiwen.png\r\nsize: 251,269\r\nformat: RGBA8888\r\nfilter: Linear,Linear\r\nrepeat: none\r\ncaiwen/eye0\r\n  rotate: true\r\n  xy: 214, 128\r\n  size: 49, 13\r\n  orig: 56, 13\r\n  offset: 3, 0\r\n  index: -1\r\ncaiwen/eye1\r\n  rotate: false\r\n  xy: 229, 148\r\n  size: 20, 29\r\n  orig: 20, 29\r\n  offset: 0, 0\r\n  index: -1\r\ncaiwen/guang/0\r\n  rotate: false\r\n  xy: 203, 179\r\n  size: 35, 18\r\n  orig: 81, 53\r\n  offset: 1, 14\r\n  index: -1\r\ncaiwen/guang/1\r\n  rotate: true\r\n  xy: 131, 2\r\n  size: 27, 39\r\n  orig: 81, 53\r\n  offset: 28, 5\r\n  index: -1\r\ncaiwen/guang/2\r\n  rotate: true\r\n  xy: 203, 199\r\n  size: 68, 45\r\n  orig: 81, 53\r\n  offset: 8, 4\r\n  index: -1\r\ncaiwen/guang/3\r\n  rotate: true\r\n  xy: 194, 2\r\n  size: 52, 45\r\n  orig: 81, 53\r\n  offset: 24, 4\r\n  index: -1\r\ncaiwen/guang/4\r\n  rotate: true\r\n  xy: 160, 111\r\n  size: 51, 52\r\n  orig: 81, 53\r\n  offset: 23, 1\r\n  index: -1\r\ncaiwen/guang/5\r\n  rotate: true\r\n  xy: 194, 56\r\n  size: 53, 51\r\n  orig: 81, 53\r\n  offset: 21, 1\r\n  index: -1\r\ncaiwen/quanfeng\r\n  rotate: true\r\n  xy: 105, 111\r\n  size: 156, 53\r\n  orig: 157, 56\r\n  offset: 0, 2\r\n  index: -1\r\ncaiwen/shenti0\r\n  rotate: false\r\n  xy: 2, 117\r\n  size: 101, 150\r\n  orig: 101, 150\r\n  offset: 0, 0\r\n  index: -1\r\ncaiwen/toufa0\r\n  rotate: true\r\n  xy: 84, 2\r\n  size: 107, 45\r\n  orig: 107, 45\r\n  offset: 0, 0\r\n  index: -1\r\ncaiwen/toufa1\r\n  rotate: true\r\n  xy: 160, 164\r\n  size: 103, 41\r\n  orig: 103, 41\r\n  offset: 0, 0\r\n  index: -1\r\ncaiwen/yanpi1\r\n  rotate: false\r\n  xy: 172, 16\r\n  size: 15, 13\r\n  orig: 15, 13\r\n  offset: 0, 0\r\n  index: -1\r\ncaiwen/youshou\r\n  rotate: true\r\n  xy: 131, 31\r\n  size: 78, 61\r\n  orig: 78, 61\r\n  offset: 0, 0\r\n  index: -1\r\ncaiwen/zui\r\n  rotate: false\r\n  xy: 214, 111\r\n  size: 34, 15\r\n  orig: 34, 15\r\n  offset: 0, 0\r\n  index: -1\r\ncaiwen/zuoshou\r\n  rotate: false\r\n  xy: 2, 13\r\n  size: 80, 102\r\n  orig: 80, 102\r\n  offset: 0, 0\r\n  index: -1\r\n",["n04_caiwen.png"],{"skeleton":{"hash":"Buy3Yq++gl61b/GdicBUJjYFpZg","spine":"3.8.99","x":-47.71,"y":-2.84,"width":177.4,"height":80.71},"bones":[{"name":"root","x":1.03,"y":-1.55,"scaleX":0.1614,"scaleY":0.1614},{"name":"shenti0","parent":"root","x":-1.85,"y":3.19},{"name":"0","parent":"root","x":522.8,"y":154.26,"scaleX":2,"scaleY":2},{"name":"quanfeng","parent":"root","length":358,"rotation":-167.52,"x":120.53,"y":164.18},{"name":"youshou","parent":"shenti0","rotation":-180,"x":-48.55,"y":7.1},{"name":"shenti01","parent":"shenti0","length":86,"rotation":89.2,"x":0.05,"y":14.8},{"name":"zuoshou","parent":"shenti0","length":1,"x":50.85,"y":11},{"name":"zuoshou1","parent":"zuoshou","length":74,"rotation":12.13,"x":7.75,"y":-2.35},{"name":"shenti02","parent":"shenti01","length":98,"rotation":0.1,"x":89.75,"y":0.65},{"name":"youshou1","parent":"youshou","length":56,"rotation":-1.92,"x":8.35},{"name":"caiwen/eye1","parent":"shenti02","x":114.38,"y":-40.05},{"name":"zui","parent":"shenti02","rotation":-89.3,"x":50.2,"y":-7.74},{"name":"shenti03","parent":"shenti02","length":93,"rotation":2.17,"x":98.66,"y":0.01},{"name":"caiwen/eye11","parent":"shenti02","x":110.51,"y":27.12,"scaleY":-1},{"name":"eye0","parent":"shenti02","x":97.3,"y":-6.02},{"name":"zuoshou2","parent":"zuoshou1","length":70,"rotation":17.51,"x":75.57,"y":1.34},{"name":"youshou2","parent":"youshou1","length":56,"rotation":-7.65,"x":56.08,"y":-0.03},{"name":"toufa1","parent":"shenti03","x":40.15,"y":7.2},{"name":"youshou3","parent":"youshou2","length":60,"rotation":-14.26,"x":57.58,"y":0.12},{"name":"toufa0","parent":"shenti03","x":91.57,"y":30.98},{"name":"yanpi1","parent":"caiwen/eye1","rotation":0.7,"x":6,"y":4.53},{"name":"yanpi11","parent":"caiwen/eye11","rotation":0.7,"x":6,"y":4.53},{"name":"shenti04","parent":"shenti03","length":58,"rotation":2.01,"x":101.24,"y":2.11},{"name":"zuoshou3","parent":"zuoshou2","length":72,"rotation":15.75,"x":73.49,"y":0.35},{"name":"toufa01","parent":"toufa0","length":66,"rotation":64.84,"x":15.33,"y":18.76},{"name":"toufa11","parent":"toufa1","length":56,"rotation":53.22,"x":8.8,"y":29.28},{"name":"zuoshou4","parent":"zuoshou3","length":78,"rotation":21.76,"x":75.35,"y":0.79},{"name":"youshou4","parent":"youshou3","length":85,"rotation":-49.4,"x":64.74,"y":-0.43},{"name":"shenti05","parent":"shenti04","length":82,"rotation":-48.47,"x":61.1,"y":-8.41},{"name":"shenti06","parent":"shenti04","length":114,"rotation":25.62,"x":70.58,"y":1.63},{"name":"shenti07","parent":"shenti04","length":137,"rotation":83.82,"x":63.34,"y":8.58},{"name":"toufa03","parent":"toufa0","length":49,"rotation":-47,"x":22.35,"y":-41.18},{"name":"toufa12","parent":"toufa1","length":46,"rotation":-61.78,"x":15.96,"y":-5.76},{"name":"toufa13","parent":"toufa11","length":55,"rotation":29.26,"x":55.57,"y":-0.65},{"name":"zuoshou5","parent":"zuoshou4","length":93,"rotation":62.96,"x":80.35,"y":1.68},{"name":"toufa02","parent":"toufa01","length":77,"rotation":19.02,"x":72.74,"y":-1.76},{"name":"toufa04","parent":"toufa03","length":60,"rotation":3.44,"x":55.91,"y":2.57},{"name":"toufa15","parent":"toufa12","length":37,"rotation":2.34,"x":49.64,"y":1.29},{"name":"toufa14","parent":"toufa13","length":55,"rotation":14.14,"x":57.19,"y":-0.22},{"name":"toufa16","parent":"toufa15","length":52,"rotation":-14.6,"x":40.06,"y":-0.35}],"slots":[{"name":"youshou","bone":"youshou4","attachment":"caiwen/youshou"},{"name":"zuoshou","bone":"zuoshou5","attachment":"caiwen/zuoshou"},{"name":"toufa1","bone":"toufa16","attachment":"caiwen/toufa1"},{"name":"toufa0","bone":"toufa04","attachment":"caiwen/toufa0"},{"name":"shenti0","bone":"shenti07","attachment":"caiwen/shenti0"},{"name":"zui","bone":"zui","attachment":"caiwen/zui"},{"name":"eye0","bone":"eye0","attachment":"caiwen/eye0"},{"name":"caiwen/eye1","bone":"caiwen/eye1","attachment":"caiwen/eye1"},{"name":"yanpi1","bone":"yanpi1"},{"name":"caiwen/eye11","bone":"caiwen/eye11"},{"name":"yanpi11","bone":"yanpi11"},{"name":"quanfeng","bone":"quanfeng","attachment":"caiwen/quanfeng"},{"name":"0","bone":"0","attachment":"caiwen/guang/0"}],"skins":[{"name":"default","attachments":{"0":{"caiwen/guang/0":{"x":1.6,"y":27.15,"width":271,"height":177},"caiwen/guang/1":{"x":1.6,"y":27.15,"width":271,"height":177},"caiwen/guang/2":{"x":1.6,"y":27.15,"width":271,"height":177},"caiwen/guang/3":{"x":1.6,"y":27.15,"width":271,"height":177},"caiwen/guang/4":{"x":1.6,"y":27.15,"width":271,"height":177},"caiwen/guang/5":{"x":1.6,"y":27.15,"width":271,"height":177}},"caiwen/eye1":{"caiwen/eye1":{"x":-6.79,"y":0.78,"rotation":-89.3,"width":65,"height":97}},"caiwen/eye11":{"caiwen/eye1":{"x":-6.79,"y":0.78,"rotation":-89.3,"width":65,"height":97}},"eye0":{"caiwen/eye0":{"rotation":-89.3,"width":185,"height":43}},"quanfeng":{"caiwen/quanfeng":{"x":156.2,"y":-18.25,"rotation":167.52,"width":522,"height":187}},"shenti0":{"caiwen/shenti0":{"type":"mesh","hull":105,"uvs":[0.59896,1,0.70595,1,0.80714,0.9836,0.88304,0.9495,0.9439,0.9064,0.98765,0.852,1,0.8078,1,0.7216,1,0.6762,0.97753,0.6082,0.93363,0.5288,0.8814,0.4585,0.82574,0.3995,0.77679,0.3439,0.74464,0.3053,0.75551,0.3185,0.75938,0.2943,0.78423,0.2769,0.81979,0.2618,0.86057,0.2458,0.87961,0.2268,0.89226,0.1978,0.8869,0.1562,0.87187,0.1206,0.84747,0.0974,0.81384,0.0826,0.79107,0.082,0.76667,0.0869,0.75789,0.0934,0.74762,0.0954,0.74092,0.0895,0.73363,0.0715,0.71667,0.0555,0.70193,0.0493,0.68542,0.048,0.67381,0.0342,0.6494,0.0192,0.62753,0.0081,0.60714,0.0022,0.58616,0,0.55893,0,0.5247,0,0.50327,0.0051,0.48824,0.0109,0.4817,0.0185,0.4619,0.0116,0.43259,0.0054,0.4006,0,0.37262,0,0.33586,0,0.3067,0,0.28185,0.0051,0.2564,0.0123,0.23051,0.0238,0.21994,0.0332,0.19226,0.0355,0.15774,0.0434,0.12812,0.0567,0.10714,0.0721,0.09985,0.0826,0.09494,0.0907,0.07693,0.0973,0.05119,0.1084,0.03363,0.1192,0.02336,0.1333,0.01905,0.1513,0.02976,0.1606,0.01071,0.1686,0.00104,0.1804,0,0.1951,0,0.2184,0,0.2406,0.01027,0.2576,0.03363,0.2691,0.06577,0.2727,0.10417,0.2782,0.12857,0.2864,0.13973,0.3076,0.16756,0.3263,0.21815,0.3299,0.27262,0.3322,0.32366,0.3377,0.36801,0.3436,0.39137,0.3476,0.3811,0.3675,0.36414,0.3953,0.34464,0.4221,0.32173,0.4519,0.30223,0.4781,0.27455,0.5098,0.24345,0.5428,0.2064,0.587,0.17768,0.6233,0.1442,0.6773,0.13006,0.7146,0.12515,0.7532,0.13586,0.798,0.1558,0.8374,0.19092,0.8726,0.23318,0.9017,0.29256,0.9341,0.3506,0.9586,0.41726,0.9825,0.49702,1,0.54821,1],"triangles":[64,65,66,68,69,66,67,68,66,71,72,73,71,73,74,70,71,74,64,66,63,63,66,62,62,66,61,69,70,66,66,70,74,66,74,75,58,59,57,61,66,60,77,78,79,76,77,79,59,60,56,57,59,56,66,75,76,60,66,76,76,79,80,60,76,54,54,76,80,54,80,81,56,60,55,53,54,52,55,60,54,50,51,49,52,54,51,51,54,49,47,48,46,43,44,42,45,46,44,49,54,48,42,44,41,46,48,44,41,44,40,54,81,44,48,54,44,81,82,44,38,39,37,37,39,36,36,40,34,39,40,36,82,83,44,40,44,34,44,83,30,35,36,34,33,34,32,32,34,31,31,34,30,34,44,30,30,14,29,30,83,14,29,14,16,27,28,26,29,16,17,26,28,24,25,26,24,29,17,18,24,28,23,28,29,22,23,28,22,18,19,20,18,20,21,22,18,21,29,18,22,14,83,15,83,84,13,15,83,13,13,85,12,84,85,13,85,86,12,87,88,11,12,87,11,86,87,12,88,89,10,11,88,10,10,89,9,89,90,9,94,95,96,9,7,8,90,91,7,9,90,7,96,97,98,94,96,99,96,98,99,93,94,99,92,93,99,92,99,100,91,92,101,92,100,101,3,4,6,4,5,6,102,103,104,101,102,104,1,2,3,91,101,104,91,104,0,0,1,6,7,0,6,1,3,6,91,0,7],"vertices":[1,1,1.1,-11.16,1,1,1,37.05,-11.16,1,1,1,71.05,-2.96,1,3,1,96.55,14.09,0.38908,5,0.63,-96.5,0.39778,8,-89.28,-97,0.21314,1,5,22.47,-116.65,1,1,5,49.87,-130.97,1,4,1,135.85,84.94,0.21779,5,72.02,-134.81,0.30763,8,-17.95,-135.43,0.29955,12,-121.65,-130.93,0.17503,4,1,135.85,128.04,0.16028,5,115.12,-134.21,0.29616,8,25.14,-134.9,0.30693,12,-78.56,-132.04,0.23663,3,5,137.82,-133.89,0.31921,8,47.84,-134.62,0.36305,12,-55.87,-132.62,0.31774,4,5,171.71,-125.87,0.21732,8,81.75,-126.66,0.31413,12,-21.68,-125.94,0.3086,22,-127.33,-123.67,0.15995,4,5,211.2,-110.57,0.14773,8,121.26,-111.42,0.31812,12,18.38,-112.21,0.32738,22,-86.81,-111.35,0.20677,3,8,156.2,-93.45,0.29,12,53.97,-95.56,0.41,22,-50.66,-95.96,0.3,3,8,185.46,-74.39,0.19,12,83.93,-77.62,0.44,22,-20.08,-79.08,0.37,2,12,112.15,-61.89,0.48,22,8.66,-64.34,0.52,4,12,131.71,-51.58,0.21725,22,28.58,-54.73,0.30169,28,13.11,-55.06,0.29814,29,-62.24,-32.66,0.18292,2,12,125.02,-55.06,0.44,22,21.77,-57.97,0.56,4,12,137.09,-56.67,0.1939,22,33.77,-60,0.27764,28,20.5,-54.67,0.3345,29,-59.84,-39.66,0.19396,4,22,41.95,-68.87,0.24066,28,32.56,-54.42,0.3854,29,-56.29,-51.19,0.19714,30,-79.3,12.92,0.1768,4,22,48.76,-81.25,0.2132,28,46.34,-57.53,0.42525,29,-55.51,-65.3,0.19161,30,-90.88,4.81,0.16994,4,22,55.92,-95.41,0.19288,28,61.69,-61.56,0.4633,29,-55.17,-81.16,0.18229,30,-104.19,-3.82,0.16153,4,22,65.01,-102.37,0.17203,28,72.93,-59.37,0.5139,29,-49.98,-91.38,0.16698,30,-110.13,-13.62,0.1471,4,22,79.23,-107.49,0.1376,28,86.19,-52.12,0.60419,29,-39.38,-102.14,0.13786,30,-113.69,-28.3,0.12035,4,22,100.1,-106.95,0.08998,28,99.62,-36.14,0.73528,29,-20.33,-110.68,0.09388,30,-110.91,-48.99,0.08086,4,22,118.17,-102.99,0.06318,28,108.64,-19.98,0.81061,29,-2.32,-114.92,0.06805,30,-105.02,-66.53,0.05816,4,22,130.25,-95.51,0.05165,28,111.04,-5.98,0.84236,29,11.81,-113.39,0.05761,30,-96.28,-77.73,0.04837,4,22,138.32,-84.68,0.0466,28,108.29,7.24,0.85376,29,23.77,-107.11,0.05532,30,-84.64,-84.59,0.04432,4,22,139.08,-77.06,0.0422,28,103.09,12.86,0.86522,29,27.75,-100.57,0.0522,30,-76.99,-84.53,0.04039,4,22,137.13,-68.73,0.03759,28,95.56,16.93,0.87771,29,29.59,-92.22,0.04855,30,-68.91,-81.69,0.03615,4,22,134.07,-65.58,0.03225,28,91.17,16.72,0.89481,29,28.19,-88.06,0.04196,30,-66.12,-78.31,0.03098,4,22,133.28,-62.08,0.035,28,88.03,18.45,0.88468,29,28.99,-84.56,0.04661,30,-62.72,-77.14,0.03371,4,22,136.36,-60.01,0.04617,28,88.52,22.13,0.84531,29,32.66,-84.02,0.06371,30,-60.33,-79.98,0.04481,4,22,145.49,-58.11,0.07093,28,93.15,30.22,0.75402,29,41.72,-86.26,0.10517,30,-57.46,-88.86,0.06988,4,22,153.82,-52.91,0.09546,28,94.78,39.91,0.65129,29,51.48,-85.17,0.15768,30,-51.39,-96.58,0.09556,4,22,157.21,-48.15,0.10747,28,93.47,45.6,0.59114,29,56.6,-82.35,0.19275,30,-46.3,-99.44,0.10863,4,22,158.2,-42.65,0.11619,28,90.01,49.99,0.53769,29,59.86,-77.81,0.22757,30,-40.72,-99.83,0.11854,4,22,165.32,-39.18,0.12498,28,92.13,57.62,0.47659,29,67.79,-77.76,0.2698,30,-36.5,-106.54,0.12863,4,22,173.3,-31.45,0.13157,28,91.63,68.72,0.39024,29,78.33,-74.24,0.34097,30,-27.95,-113.64,0.13722,4,22,179.29,-24.45,0.13107,28,90.36,77.85,0.32734,29,86.75,-70.51,0.40354,30,-20.35,-118.84,0.13804,4,22,182.65,-17.79,0.12655,28,87.6,84.78,0.27795,29,92.66,-65.96,0.46112,30,-13.37,-121.46,0.13438,4,22,184.17,-10.82,0.1186,28,83.4,90.54,0.23197,29,97.05,-60.34,0.52245,30,-6.27,-122.22,0.12698,4,22,184.73,-1.68,0.1036,28,76.93,97.01,0.17682,29,101.5,-52.34,0.6074,30,2.87,-121.79,0.11218,4,22,185.42,9.8,0.07861,28,68.79,105.14,0.11615,29,107.09,-42.29,0.7179,30,14.35,-121.25,0.08734,4,22,183.31,17.14,0.05973,28,61.9,108.43,0.08127,29,108.36,-34.76,0.7908,30,21.43,-118.36,0.0682,4,22,180.72,22.35,0.04536,28,56.28,109.95,0.05839,29,108.28,-28.94,0.84307,30,26.33,-115.22,0.05317,4,22,177.06,24.78,0.03732,28,52.04,108.82,0.04662,29,106.03,-25.17,0.87152,30,28.35,-111.32,0.04454,4,22,180.91,31.21,0.02514,28,49.77,115.96,0.03007,29,112.27,-21.03,0.91393,30,35.16,-114.45,0.03086,4,22,184.6,40.85,0.01231,28,45,125.12,0.01391,29,119.77,-13.93,0.95789,30,45.14,-117.08,0.01589,4,22,187.95,51.42,0.01049,28,39.31,134.63,0.01131,29,127.36,-5.85,0.96379,30,56.01,-119.27,0.01441,4,22,188.52,60.8,0.01495,28,32.66,141.27,0.01553,29,131.93,2.37,0.94758,30,65.4,-118.83,0.02194,4,22,189.26,73.13,0.02951,28,23.93,150.01,0.02961,29,137.93,13.16,0.89324,30,77.73,-118.24,0.04765,4,22,189.86,82.91,0.04451,28,17,156.94,0.04385,29,142.69,21.72,0.83379,30,87.52,-117.78,0.07785,4,22,187.82,91.4,0.05705,28,9.29,161.04,0.05545,29,144.53,30.26,0.77845,30,95.74,-114.84,0.10905,4,22,184.74,100.15,0.06989,28,0.7,164.54,0.06736,29,145.54,39.48,0.71429,30,104.11,-110.84,0.14845,4,22,179.53,109.18,0.08218,28,-9.52,166.62,0.07874,29,144.74,49.88,0.63893,30,112.53,-104.68,0.20015,4,22,175.05,113.01,0.08716,28,-15.35,165.81,0.08322,29,142.36,55.27,0.59803,30,115.85,-99.82,0.23158,4,22,174.47,122.37,0.09524,28,-22.74,171.57,0.09074,29,145.87,63.95,0.53234,30,125.09,-98.23,0.28168,4,22,171.22,134.18,0.101,28,-33.74,176.98,0.09591,29,148.06,76.01,0.44876,30,136.49,-93.74,0.35433,4,22,165.19,144.52,0.10121,28,-45.47,179.32,0.09574,29,147.09,87.94,0.37117,30,146.11,-86.62,0.43189,4,22,157.93,152.02,0.0975,28,-55.9,178.86,0.0919,29,143.79,97.84,0.3085,30,152.79,-78.6,0.5021,4,22,152.84,154.78,0.09369,28,-61.35,176.88,0.08808,29,140.39,102.53,0.27541,30,154.99,-73.24,0.54282,4,22,148.9,156.68,0.09019,28,-65.38,175.18,0.08464,29,137.65,105.94,0.25112,30,156.45,-69.11,0.57404,4,22,145.97,162.91,0.08725,28,-71.99,177.12,0.08182,29,137.71,112.84,0.22499,30,162.33,-65.53,0.60594,4,22,140.95,171.88,0.08311,28,-82.03,179.32,0.07785,29,137.06,123.09,0.19302,30,170.71,-59.58,0.64602,3,22,135.92,178.1,0.08595,29,135.21,130.87,0.18479,30,176.35,-53.91,0.72926,3,22,129.09,181.97,0.07952,29,130.73,137.32,0.15861,30,179.46,-46.7,0.76187,3,22,120.19,183.96,0.07024,29,123.57,142.96,0.12902,30,180.48,-37.64,0.80074,4,22,115.33,180.65,0.05833,28,-105.58,165.95,0.05416,29,117.76,142.07,0.10374,30,176.67,-33.17,0.78376,3,22,111.73,187.28,0.06403,29,117.37,149.61,0.10854,30,182.87,-28.87,0.82743,3,22,106.04,190.88,0.06274,29,113.8,155.32,0.10076,30,185.84,-22.82,0.83649,3,22,98.72,191.68,0.05832,29,107.54,159.2,0.08836,30,185.84,-15.46,0.85331,3,22,87.09,192.38,0.05398,29,97.36,164.86,0.07518,30,185.29,-3.83,0.87084,3,22,76.01,193.05,0.05434,29,87.66,170.26,0.07047,30,184.76,7.26,0.87519,4,22,67.32,190.12,0.05041,28,-144.5,136.29,0.04629,29,78.56,171.37,0.06219,30,180.91,15.59,0.84111,4,22,61.11,182.64,0.04446,28,-143.02,126.67,0.04064,29,69.72,167.31,0.05299,30,172.8,20.96,0.8619,4,22,58.66,171.97,0.03382,28,-136.66,117.76,0.03073,29,62.89,158.75,0.03968,30,161.93,22.25,0.89577,4,22,55.13,159.26,0.02668,28,-129.48,106.7,0.02404,29,54.22,148.81,0.03056,30,148.91,24.38,0.91873,4,22,50.54,151.32,0.03168,28,-126.58,98,0.0283,29,46.65,143.64,0.03515,30,140.53,28.09,0.90486,4,12,135.76,151.63,0.04989,22,39.73,148.22,0.05636,29,35.56,145.51,0.05848,30,136.28,38.5,0.83527,4,12,126.17,142.52,0.07877,22,29.83,139.45,0.08673,29,22.85,141.89,0.08378,30,126.5,47.4,0.75072,4,12,123.94,125.57,0.0973,22,27.01,122.59,0.10829,29,13.01,127.91,0.09948,30,109.43,48.39,0.69494,4,12,122.32,107.31,0.11995,22,24.75,104.39,0.13621,29,3.11,112.47,0.11734,30,91.1,48.68,0.62651,4,12,119.13,90.24,0.15389,22,20.97,87.44,0.17763,29,-7.63,98.82,0.13825,30,73.84,50.61,0.53023,4,12,115.8,75.42,0.19307,22,17.12,72.75,0.22646,29,-17.45,87.24,0.15142,30,58.81,52.85,0.42905,4,12,113.6,67.62,0.21909,22,14.65,65.03,0.25886,29,-23.02,81.35,0.15317,30,50.88,54.48,0.36887,2,12,103.75,71.32,0.46,22,4.93,69.08,0.54,2,12,90,77.38,0.47,22,-8.6,75.61,0.53,3,8,172.19,87.11,0.21,12,76.77,84.27,0.41,22,-21.58,82.96,0.38,3,8,157.19,94.63,0.26,12,62.07,92.34,0.4,22,-35.99,91.55,0.34,3,8,144.01,101.02,0.3,12,49.14,99.23,0.39,22,-48.67,98.88,0.31,3,8,128.05,110.13,0.34,12,33.53,108.93,0.38,22,-63.92,109.12,0.28,3,8,111.43,120.37,0.36,12,17.31,119.8,0.39,22,-79.76,120.55,0.25,4,5,178.7,133.35,0.2029,8,89.17,132.55,0.3046,12,-4.47,132.81,0.30308,22,-101.07,134.31,0.18941,4,5,160.42,142.75,0.23462,8,70.91,141.98,0.30162,12,-22.37,142.92,0.29056,22,-118.6,145.04,0.17321,3,5,133.26,153.62,0.32425,8,43.77,152.9,0.35831,12,-49.07,154.85,0.31744,3,5,114.55,158.11,0.34523,8,25.07,157.42,0.35963,12,-67.59,160.08,0.29515,4,1,-158.1,112.24,0.19711,5,95.23,159.49,0.29032,8,5.75,158.83,0.29372,12,-86.84,162.22,0.21885,4,1,-154.5,89.84,0.22266,5,72.88,155.58,0.29382,8,-16.61,154.96,0.29282,12,-109.33,159.2,0.19069,3,1,-147.8,70.14,0.29722,5,53.28,148.61,0.36021,8,-36.22,148.02,0.34257,1,5,35.84,136.56,1,1,5,21.49,122.16,1,1,5,5.57,101.99,1,3,1,-82.35,9.54,0.40986,5,-6.41,82.32,0.41317,8,-96.02,81.83,0.17698,1,1,-59.95,-2.41,1,1,1,-33.15,-11.16,1,1,1,-15.95,-11.16,1]}},"toufa0":{"caiwen/toufa0":{"type":"mesh","hull":60,"uvs":[0.39888,1,0.37486,0.93289,0.33855,0.90067,0.30573,0.89597,0.26453,0.90537,0.22612,0.93993,0.19344,0.97685,0.16173,0.98154,0.14064,0.97215,0.12626,0.92852,0.10223,0.91913,0.07626,0.93758,0.04469,0.92852,0.0169,0.88691,0.00237,0.81779,0.00014,0.74631,0.00014,0.63557,0.00014,0.51074,0.01187,0.45302,0.0169,0.37013,0.02933,0.30101,0.06299,0.24329,0.08687,0.18087,0.13506,0.13456,0.18282,0.12081,0.21411,0.06879,0.25712,0.02919,0.30894,0.01544,0.35503,0.03826,0.42779,0.03826,0.63003,0.03523,0.6655,0,0.71411,0,0.75768,0,0.77472,0.01846,0.80698,0,0.84679,0,0.88729,0.02752,0.9176,0.10201,0.92388,0.17047,0.94413,0.22819,0.94916,0.27215,0.94609,0.31779,0.97011,0.31309,0.98841,0.35101,1,0.42248,1,0.51342,1,0.57987,0.98394,0.66846,0.96941,0.71342,0.94092,0.74128,0.90559,0.76376,0.86508,0.8245,0.83729,0.87013,0.80251,0.91141,0.73617,0.92651,0.66899,0.94195,0.60908,0.96208,0.54344,0.97953,0.4852,1],"triangles":[31,30,32,33,32,34,32,55,34,35,34,39,36,35,39,37,36,39,38,37,39,40,39,42,39,34,42,40,42,41,34,52,42,52,51,42,43,42,44,50,49,48,51,50,42,46,48,47,44,42,45,42,46,45,42,50,46,50,48,46,14,13,12,15,11,10,15,14,11,14,12,11,20,19,21,17,16,18,9,8,7,16,15,10,19,18,21,9,6,5,9,7,6,22,21,23,18,16,9,16,10,9,23,21,24,21,18,9,24,21,4,21,5,4,21,9,5,27,26,28,26,24,28,24,3,28,24,4,3,25,24,26,3,2,28,28,2,29,2,1,29,1,0,59,29,59,58,29,1,59,29,58,30,58,57,30,30,57,56,30,56,55,55,54,53,32,30,55,34,55,52,55,53,52],"vertices":[1,19,-12.8,51.56,1,4,19,-2.58,59.91,0.177,24,29.62,33.71,0.56013,35,-29.21,47.59,0.20416,31,-90.94,50.71,0.0587,4,19,2.55,72.78,0.12077,24,43.45,34.54,0.53693,35,-15.86,43.86,0.29443,31,-96.85,63.24,0.04787,4,19,3.55,84.51,0.10118,24,54.49,38.62,0.48535,35,-4.09,44.12,0.36866,31,-104.75,71.97,0.04482,4,19,2.53,99.29,0.09345,24,67.44,45.83,0.43845,35,10.49,46.72,0.4223,31,-116.25,81.31,0.0458,4,19,-2.27,113.16,0.10013,24,77.96,56.07,0.39026,35,23.78,52.98,0.45711,31,-129.67,87.26,0.05251,4,19,-7.47,125,0.10759,24,86.46,65.81,0.35522,35,34.99,59.41,0.47801,31,-141.88,91.53,0.05918,4,19,-7.88,136.37,0.10304,24,96.57,71.01,0.32161,35,46.25,61.04,0.51608,31,-150.47,98.98,0.05927,4,19,-6.29,143.88,0.09634,24,104.05,72.77,0.29634,35,53.89,60.26,0.55035,31,-154.88,105.27,0.05698,4,19,0.34,148.86,0.0806,24,111.38,68.88,0.2625,35,59.55,54.2,0.60809,31,-154,113.52,0.0488,4,19,1.96,157.42,0.07463,24,119.81,71.06,0.2328,35,68.23,53.5,0.64617,31,-159.15,120.54,0.0464,3,19,-0.55,166.79,0.0805,24,127.22,77.31,0.23026,35,77.28,57,0.68924,3,19,1.09,178.05,0.0757,24,138.11,80.62,0.20511,35,88.65,56.58,0.71919,3,19,7.54,187.84,0.06652,24,149.72,78.94,0.17755,35,99.07,51.21,0.75593,3,19,17.97,192.77,0.05341,24,158.62,71.6,0.14608,35,105.1,41.37,0.80051,3,19,28.64,193.3,0.04057,24,163.63,62.17,0.11562,35,106.76,30.82,0.84381,3,19,45.13,192.88,0.02673,24,170.26,47.06,0.08016,35,108.11,14.37,0.89311,2,24,177.74,30.03,0.07477,35,109.62,-4.16,0.92523,2,24,177.35,20.47,0.07373,35,106.14,-13.08,0.92627,2,24,180.66,8.44,0.09921,35,105.35,-25.53,0.90079,2,24,180.73,-2.78,0.12727,35,101.76,-36.16,0.87273,3,19,102.99,168.89,0.04636,24,173.15,-15.5,0.15476,35,90.45,-45.72,0.79888,3,19,112.07,160.11,0.06043,24,169.06,-27.45,0.20288,35,82.69,-55.68,0.73669,3,19,118.52,142.69,0.07732,24,156.04,-40.71,0.27246,35,66.06,-63.97,0.65022,4,19,120.14,125.54,0.0821,24,141.21,-49.46,0.30595,35,49.18,-67.4,0.54561,31,-55.24,185.22,0.06635,4,19,127.6,114.15,0.09608,24,134.06,-61.05,0.33685,35,38.65,-76.04,0.48706,31,-41.82,182.91,0.08,4,19,133.1,98.6,0.11019,24,122.33,-72.65,0.35775,35,23.78,-83.18,0.43701,31,-26.7,176.33,0.09506,4,19,134.68,80,0.12338,24,106.17,-81.98,0.36327,35,5.46,-86.73,0.40247,31,-12.02,164.8,0.11089,4,19,130.86,63.6,0.13298,24,89.7,-85.5,0.35763,35,-11.26,-84.69,0.38566,31,-2.63,150.82,0.12372,4,19,130.19,37.56,0.16404,24,65.84,-95.97,0.32703,35,-37.22,-86.82,0.33756,31,15.96,132.57,0.17137,4,19,128.79,-34.83,0.13325,24,-0.27,-125.48,0.15065,31,67.95,82.17,0.33352,36,16.79,78.74,0.38258,4,19,133.72,-47.66,0.11367,24,-9.79,-135.39,0.12432,31,80.69,77.02,0.33021,36,29.2,72.83,0.4318,4,19,133.27,-65.06,0.08509,24,-25.72,-142.38,0.0894,31,93.11,64.84,0.30435,36,40.86,59.92,0.52117,4,19,132.87,-80.65,0.06094,24,-40,-148.66,0.06213,31,104.24,53.91,0.24713,36,51.32,48.35,0.62981,4,19,129.97,-86.68,0.04947,24,-46.7,-148.59,0.04977,31,106.67,47.67,0.21567,36,53.37,41.98,0.6851,4,19,132.42,-98.3,0.03571,24,-56.17,-155.75,0.03543,31,116.84,41.54,0.1535,36,63.15,35.25,0.77536,4,19,132.06,-112.54,0.02207,24,-69.21,-161.48,0.02153,31,127,31.56,0.09385,36,72.7,24.68,0.86255,4,19,127.59,-126.93,0.0141,24,-84.14,-163.55,0.0135,31,134.48,18.48,0.05972,36,79.38,11.17,0.91268,4,19,116.21,-137.49,0.01032,24,-98.54,-157.75,0.00967,31,134.45,2.96,0.04574,36,78.42,-4.32,0.93427,4,19,105.96,-139.48,0.00967,24,-104.7,-149.31,0.00892,31,128.91,-5.9,0.04622,36,72.36,-12.83,0.93519,4,19,97.18,-146.51,0.0195,24,-114.79,-144.35,0.01772,31,128.06,-17.11,0.09211,36,70.84,-23.98,0.87068,4,19,90.58,-148.14,0.02564,24,-119.07,-139.08,0.02306,31,124.76,-23.05,0.1233,36,67.19,-29.7,0.82799,4,19,83.81,-146.87,0.03081,24,-120.8,-132.41,0.02742,31,119.21,-27.13,0.1555,36,61.4,-33.44,0.78627,4,19,84.29,-155.48,0.03871,24,-128.39,-136.51,0.03448,31,125.84,-32.66,0.17373,36,67.69,-39.36,0.75308,4,19,78.48,-161.89,0.05062,24,-136.66,-133.96,0.04474,31,126.55,-41.28,0.21229,36,67.89,-48,0.69235,4,19,67.73,-165.76,0.06532,24,-144.74,-125.88,0.05692,31,122.05,-51.78,0.26123,36,62.77,-58.22,0.61652,4,19,54.18,-165.42,0.08052,24,-150.19,-113.47,0.06885,31,112.56,-61.45,0.31211,36,52.71,-67.31,0.53853,4,19,44.28,-165.17,0.09181,24,-154.17,-104.41,0.07744,31,105.63,-68.52,0.33976,36,45.37,-73.94,0.491,4,19,31.24,-159.08,0.10342,24,-154.21,-90.01,0.08526,31,92.28,-73.91,0.37053,36,31.72,-78.53,0.4408,4,19,24.67,-153.71,0.10847,24,-152.14,-81.79,0.08812,31,83.87,-75.05,0.38386,36,23.26,-79.16,0.41955,4,19,20.78,-143.41,0.10727,24,-144.47,-73.89,0.08555,31,73.69,-70.87,0.39997,36,13.34,-74.37,0.40722,4,19,17.76,-130.68,0.10365,24,-134.23,-65.73,0.0807,31,62.31,-64.4,0.41687,36,2.38,-67.23,0.39879,4,19,9.08,-115.95,0.11485,24,-124.59,-51.62,0.08542,31,45.62,-60.7,0.42165,36,-14.06,-62.54,0.37808,1,19,2.54,-105.83,1,1,19,-3.29,-93.23,1,1,19,-4.94,-69.43,1,1,19,-6.62,-45.33,1,1,19,-9.07,-23.81,1,1,19,-11.07,-0.25,1,1,19,-13.59,20.67,1]}},"toufa1":{"caiwen/toufa1":{"type":"mesh","hull":56,"uvs":[0.35787,1,0.34023,0.925,0.30656,0.88623,0.27055,0.88261,0.23615,0.90435,0.1914,0.9337,0.15627,0.95,0.12974,0.94638,0.11808,0.89891,0.1019,0.87717,0.07405,0.87536,0.04111,0.88804,0.01618,0.8663,0.00656,0.82428,0,0.78768,0,0.69312,0,0.60906,0.02201,0.53442,0.04985,0.47065,0.07843,0.43261,0.09169,0.42681,0.08878,0.37246,0.09679,0.29565,0.11662,0.24819,0.14592,0.2192,0.17085,0.21196,0.18994,0.21014,0.19504,0.1442,0.21035,0.07681,0.24125,0.04203,0.27493,0.02029,0.3035,0.02572,0.3395,0.02572,0.37901,0.03478,0.62332,0,0.78017,0,0.82711,0,0.85058,0.05507,0.87259,0.11993,0.89023,0.21123,0.89679,0.24203,0.91953,0.25326,0.95466,0.27754,0.98338,0.32826,1,0.425,1,0.50145,1,0.55797,0.9812,0.64022,0.96064,0.71486,0.943,0.74203,0.89679,0.76413,0.86093,0.79312,0.83673,0.83514,0.82128,0.88623,0.80583,0.94819,0.79927,1],"triangles":[36,35,37,37,35,38,38,35,39,39,35,40,51,50,40,41,50,47,50,49,47,49,48,47,40,50,41,43,42,44,42,45,44,45,47,46,42,41,45,41,47,45,13,12,11,13,11,10,15,14,10,14,13,10,16,15,17,8,7,6,19,18,20,17,15,10,18,17,9,17,10,9,22,21,23,20,18,9,8,6,5,23,20,24,21,20,23,24,20,25,28,27,29,20,8,5,25,20,26,20,9,8,20,5,4,27,26,29,26,20,3,20,4,3,30,26,31,29,26,30,32,2,33,31,26,32,26,2,32,26,3,2,2,1,33,33,1,34,0,55,54,1,0,34,34,54,53,34,0,54,34,53,52,35,52,40,35,34,52,52,51,40],"vertices":[1,17,-4.56,76.51,1,1,17,5.95,82.29,1,4,17,11.59,93.7,0.05289,33,16.07,33.39,0.42285,25,53.27,36.33,0.35713,38,-31.67,42.64,0.16714,4,17,12.4,106.04,0.04471,33,28.4,34.2,0.43577,25,63.63,43.06,0.2664,38,-19.51,40.41,0.25311,4,17,9.71,117.91,0.04353,33,39.82,38.42,0.41265,25,71.53,52.33,0.20445,38,-7.41,41.72,0.33938,4,17,6.05,133.36,0.04299,33,54.66,44.07,0.3945,25,81.71,64.51,0.15886,38,8.36,43.57,0.40365,4,17,4.11,145.46,0.04172,33,66.4,47.58,0.36908,25,90.25,73.31,0.13493,38,20.61,44.1,0.45427,4,17,4.84,154.54,0.03825,33,75.51,48.04,0.33514,25,97.96,78.16,0.11618,38,29.55,42.32,0.51043,4,17,11.49,158.38,0.02863,33,80.17,41.95,0.30161,25,105.01,75.13,0.08971,38,32.59,35.28,0.58005,4,17,14.63,163.85,0.0238,33,86.01,39.55,0.25502,25,111.27,75.89,0.07308,38,37.66,31.53,0.64809,4,17,15.13,173.39,0.02131,33,95.53,40.31,0.19752,25,119.21,81.21,0.06095,38,47.08,29.94,0.72023,4,17,13.67,184.73,0.02057,33,106.58,43.24,0.15577,25,127.42,89.17,0.05408,38,58.51,30.08,0.76958,4,17,16.88,193.2,0.01745,33,115.4,41.16,0.12282,25,136.13,91.66,0.04427,38,66.56,25.91,0.81546,4,17,22.77,196.35,0.01288,33,119.3,35.74,0.093,25,142.18,88.83,0.03285,38,69.01,19.7,0.86127,3,33,122.07,30.95,0.07392,25,146.93,86.01,0.02574,38,70.52,14.38,0.90034,3,33,123.44,17.98,0.03605,25,154.48,75.36,0.01174,38,68.69,1.46,0.95222,3,33,124.67,6.44,0.0471,25,161.18,65.9,0.01497,38,67.06,-10.02,0.93793,3,33,118.24,-4.6,0.0836,25,160.97,53.13,0.02428,38,58.13,-19.16,0.89212,4,17,71.17,180.26,0.01444,33,109.68,-14.36,0.16975,25,158.27,40.43,0.04486,38,47.44,-26.53,0.77095,4,33,100.48,-20.61,0.24877,25,153.3,30.48,0.05966,38,37,-30.35,0.67366,32,-126.68,136.32,0.01791,4,33,96.04,-21.89,0.27646,25,150.05,27.2,0.0624,38,32.38,-30.5,0.64309,32,-122.34,134.76,0.01806,4,33,97.83,-29.24,0.31297,25,155.21,21.65,0.08163,38,32.32,-38.06,0.58091,32,-119.49,141.77,0.02448,4,33,96.21,-40.07,0.35391,25,159.09,11.42,0.10869,38,28.1,-48.17,0.50389,32,-111.85,149.62,0.03351,4,33,90.14,-47.3,0.37803,25,157.33,2.14,0.12778,38,20.45,-53.7,0.45516,32,-102.7,151.94,0.03902,4,33,80.57,-52.34,0.39184,25,151.44,-6.93,0.14519,38,9.94,-56.25,0.42022,32,-91.99,150.44,0.04276,4,33,72.17,-54.23,0.39317,25,145.04,-12.69,0.15729,38,1.33,-56.03,0.40521,32,-84.07,147.07,0.04433,4,33,65.68,-55.17,0.38893,25,139.84,-16.68,0.16809,38,-5.19,-55.36,0.39728,32,-78.25,144.05,0.04571,4,33,64.9,-64.41,0.37342,25,143.67,-25.12,0.19064,38,-8.2,-64.12,0.3794,32,-72.22,151.09,0.05654,4,33,60.66,-74.21,0.35601,25,144.76,-35.74,0.21536,38,-14.71,-72.59,0.35943,32,-63.06,156.57,0.06921,4,33,50.63,-80.1,0.33858,25,138.88,-45.79,0.24226,38,-25.88,-75.85,0.33818,32,-51.47,155.49,0.08098,4,33,39.46,-84.3,0.32589,25,131.19,-54.91,0.26713,38,-37.73,-77.2,0.31365,32,-39.95,152.37,0.09333,4,33,29.63,-84.59,0.32117,25,122.76,-59.96,0.28535,38,-47.33,-75.08,0.29173,32,-31.81,146.87,0.10176,4,33,17.35,-85.89,0.31779,25,112.69,-67.1,0.30383,38,-59.56,-73.34,0.26264,32,-21.08,140.75,0.11574,4,33,3.75,-86.07,0.31931,25,100.91,-73.91,0.31628,38,-72.8,-70.2,0.23132,32,-9.93,132.96,0.13308,4,25,35.3,-126.27,0.16084,32,65.25,95.63,0.2695,37,19.46,93.62,0.29258,39,-43.63,85.74,0.27708,4,17,129.7,-71.82,0.08117,32,111.99,68.98,0.19576,37,65.07,65.09,0.35509,39,7.71,69.63,0.36799,4,17,129.29,-87.91,0.07049,32,125.98,61.01,0.17029,37,78.72,56.55,0.34894,39,23.07,64.81,0.41028,4,17,121.48,-95.77,0.05794,32,129.21,50.42,0.14648,37,81.52,45.83,0.33963,39,28.47,55.14,0.45595,4,17,112.34,-103.09,0.04444,32,131.34,38.91,0.11746,37,83.17,34.24,0.31269,39,32.99,44.34,0.52541,4,17,99.59,-108.81,0.0276,32,130.35,24.96,0.0776,37,81.62,20.35,0.24971,39,34.99,30.51,0.64509,4,17,95.29,-110.95,0.02186,32,130.2,20.16,0.06237,37,81.27,15.56,0.21236,39,35.87,25.78,0.70341,4,17,93.54,-118.71,0.01671,32,136.21,14.95,0.04566,37,87.06,10.1,0.14639,39,42.85,21.97,0.79123,4,17,89.88,-130.67,0.00837,32,145.02,6.07,0.02139,37,95.5,0.87,0.06151,39,53.34,15.16,0.90873,4,17,82.63,-140.34,0.00382,32,150.11,-4.89,0.00932,37,100.14,-10.28,0.02474,39,60.64,5.53,0.96212,4,17,69.14,-145.7,0.00653,32,148.45,-19.31,0.01563,37,97.89,-24.63,0.03937,39,62.08,-8.91,0.93847,4,17,58.59,-145.43,0.01438,32,143.23,-28.48,0.03445,37,92.3,-33.57,0.0845,39,58.92,-18.98,0.86666,4,17,50.8,-145.23,0.02387,32,139.36,-35.25,0.05673,37,88.16,-40.18,0.13352,39,56.59,-26.42,0.78588,4,17,39.62,-138.49,0.03899,32,128.14,-41.92,0.09514,37,76.67,-46.38,0.21719,39,47.03,-35.32,0.64868,4,17,29.5,-131.18,0.05403,32,116.91,-47.37,0.1343,37,65.23,-51.38,0.28422,39,37.22,-43.03,0.52745,4,17,25.9,-125.04,0.05887,32,109.8,-47.64,0.15141,37,58.11,-51.35,0.31142,39,30.33,-44.8,0.47829,4,17,23.26,-109.11,0.0601,32,94.52,-42.44,0.18002,37,43.06,-45.53,0.35461,39,14.29,-42.96,0.40527,1,17,19.58,-96.71,1,1,17,13.99,-88.27,1,1,17,7.08,-82.79,1,1,17,-1.33,-77.27,1,1,17,-8.42,-74.84,1]}},"yanpi1":{"caiwen/yanpi1":{"x":8.07,"y":-5.28,"scaleX":1.15,"rotation":-90,"width":51,"height":42}},"yanpi11":{"caiwen/yanpi1":{"x":8.07,"y":-5.28,"scaleX":1.15,"rotation":-90,"width":51,"height":42}},"youshou":{"caiwen/youshou":{"type":"mesh","hull":62,"uvs":[1,0.96502,1,0.94187,0.98142,0.92217,0.9454,0.91527,0.89406,0.90591,0.80421,0.89433,0.71954,0.88153,0.60785,0.85271,0.51686,0.81552,0.42337,0.75887,0.35307,0.69532,0.3251,0.67463,0.31667,0.66601,0.32356,0.64655,0.34808,0.57315,0.37739,0.48966,0.39943,0.43054,0.41954,0.36232,0.42184,0.29483,0.41513,0.2266,0.39751,0.15764,0.37107,0.08744,0.34042,0.04212,0.31226,0.01675,0.27835,0.01798,0.25249,0.03768,0.24195,0.04458,0.2249,0.02906,0.21054,0.01207,0.18889,0,0.16456,0,0.13831,0.01453,0.11628,0.04901,0.09732,0.09433,0.08429,0.14286,0.0749,0.19261,0.07395,0.23374,0.06245,0.24704,0.04808,0.29113,0.0295,0.34212,0.01226,0.39507,0,0.4431,0,0.50246,0,0.56946,0.00632,0.61059,0.02318,0.66305,0.05709,0.71946,0.09981,0.7734,0.14444,0.81355,0.20096,0.84852,0.27548,0.88547,0.34483,0.91355,0.41801,0.93892,0.4954,0.95985,0.57375,0.98128,0.64119,0.99458,0.70402,1,0.77759,1,0.85307,1,0.92778,1,0.9841,1,1,0.98374],"triangles":[37,38,36,31,32,27,30,31,27,28,30,27,29,30,28,27,33,26,32,33,27,41,42,40,33,34,26,48,49,12,47,48,12,46,47,12,44,45,13,45,46,13,46,12,13,34,35,26,43,44,13,42,43,13,42,13,14,23,24,22,35,36,26,40,42,14,24,25,22,49,50,11,12,49,11,39,40,14,36,38,15,38,39,15,39,14,15,25,26,21,22,25,21,11,50,10,21,26,20,36,15,16,26,36,19,20,26,19,18,16,17,36,16,18,19,36,18,50,51,10,10,51,9,51,52,9,9,52,8,52,53,8,8,54,7,8,53,54,7,54,55,7,55,6,55,56,6,6,56,57,6,57,5,5,57,58,5,58,4,4,58,59,4,59,3,3,60,2,3,59,60,2,60,0,1,2,0,60,61,0],"vertices":[1,4,-9.4,2.16,1,1,4,-9.4,-2.54,1,1,4,-4.55,-6.54,1,4,4,4.85,-7.94,0.45866,9,-3.23,-8.05,0.52732,16,-57.72,-15.86,0.01108,18,-107.81,-43.89,0.00293,4,4,18.25,-9.84,0.16678,9,10.22,-9.5,0.79377,16,-44.19,-15.5,0.03269,18,-94.78,-40.22,0.00676,4,4,41.7,-12.19,0.05065,9,33.74,-11.07,0.78032,16,-20.67,-13.92,0.1539,18,-72.38,-32.89,0.01512,4,4,63.8,-14.79,0.01849,9,55.91,-12.93,0.47439,16,1.55,-12.81,0.48314,18,-51.12,-26.34,0.02398,4,9,85.24,-17.8,0.11511,16,31.27,-13.73,0.71531,18,-22.09,-19.91,0.15254,27,-41.71,-78.61,0.01704,4,9,109.23,-24.55,0.04001,16,55.94,-17.23,0.46318,18,2.69,-17.22,0.46354,27,-27.63,-58.05,0.03327,4,9,134,-35.23,0.02904,16,81.92,-24.51,0.1672,18,29.65,-17.88,0.66524,27,-9.58,-38,0.13852,4,9,152.77,-47.51,0.02089,16,102.15,-34.18,0.07359,18,51.65,-22.27,0.48947,27,8.06,-24.15,0.41606,4,9,160.21,-51.46,0.01443,16,110.05,-37.11,0.04533,18,60.03,-23.16,0.36322,27,14.19,-18.38,0.57702,4,9,162.47,-53.14,0.01268,16,112.51,-38.47,0.03841,18,62.75,-23.87,0.31089,27,16.5,-16.77,0.63801,4,9,160.8,-57.15,0.01706,16,111.39,-42.66,0.04974,18,62.7,-28.21,0.3027,27,19.76,-19.64,0.6305,4,9,154.9,-72.25,0.03618,16,107.56,-58.42,0.08941,18,62.86,-44.43,0.27386,27,32.18,-30.06,0.60055,4,9,147.82,-89.45,0.0611,16,102.83,-76.41,0.125,18,62.71,-63.02,0.25228,27,46.21,-42.28,0.56162,4,9,142.48,-101.63,0.07906,16,99.16,-89.2,0.14339,18,62.3,-76.32,0.24146,27,56.04,-51.25,0.53608,4,9,137.69,-115.65,0.09478,16,96.28,-103.73,0.15347,18,63.09,-91.12,0.22863,27,67.78,-60.27,0.52312,4,9,137.55,-129.36,0.09776,16,97.97,-117.34,0.14722,18,68.08,-103.89,0.21054,27,80.73,-64.8,0.54448,4,9,139.76,-143.15,0.09584,16,102,-130.7,0.13732,18,75.28,-115.85,0.19307,27,94.49,-67.12,0.57376,4,9,144.83,-156.99,0.09272,16,108.86,-143.74,0.1286,18,85.14,-126.8,0.18052,27,109.22,-66.75,0.59817,4,9,152.2,-171,0.09093,16,118.04,-156.65,0.12331,18,97.21,-137.05,0.17358,27,124.86,-64.26,0.61218,3,16,127.45,-164.39,0.13015,18,108.25,-142.23,0.18539,27,135.98,-59.25,0.68446,3,16,135.56,-168.24,0.12524,18,117.05,-143.97,0.18087,27,143.03,-53.7,0.69389,3,16,144.24,-166.53,0.11441,18,125.05,-140.17,0.17019,27,145.34,-45.16,0.7154,3,16,150.23,-161.46,0.10227,18,129.6,-133.78,0.15718,27,143.46,-37.54,0.74055,3,16,152.71,-159.62,0.09783,18,131.55,-131.39,0.15225,27,142.91,-34.5,0.74991,3,16,157.62,-161.99,0.09889,18,136.9,-132.47,0.15412,27,147.21,-31.15,0.74699,3,16,161.9,-164.77,0.10141,18,141.72,-134.11,0.15772,27,151.6,-28.55,0.74087,2,18,147.88,-134.07,0.17761,27,155.57,-23.85,0.8224,2,18,153.69,-131.5,0.17574,27,157.41,-17.77,0.82426,2,18,158.76,-126.04,0.16937,27,156.56,-10.36,0.83063,2,18,161.19,-117.31,0.15588,27,151.52,-2.84,0.84412,3,16,188.26,-143.39,0.07374,18,162,-106.9,0.12854,27,144.13,4.56,0.79772,3,16,189.97,-133.11,0.06203,18,161.13,-96.51,0.11321,27,135.68,10.65,0.82476,3,16,190.71,-122.74,0.05108,18,159.29,-86.28,0.09804,27,126.72,15.91,0.85087,3,16,189.57,-114.47,0.04199,18,156.15,-78.54,0.08428,27,118.8,18.56,0.87373,3,16,192.08,-111.31,0.04285,18,157.8,-74.86,0.0873,27,117.08,22.21,0.86985,3,16,194.29,-101.86,0.04157,18,157.62,-65.16,0.08903,27,109.59,28.39,0.8694,3,16,197.35,-90.84,0.04671,18,157.87,-53.73,0.10577,27,101.08,36.02,0.84752,3,16,200,-79.5,0.05758,18,157.64,-42.08,0.1378,27,92.09,43.43,0.80462,3,16,201.53,-69.35,0.07041,18,156.63,-31.87,0.17676,27,83.67,49.3,0.75283,3,16,199.53,-57.47,0.08143,18,151.76,-20.85,0.21982,27,72.14,52.78,0.69874,3,16,197.27,-44.06,0.09324,18,146.27,-8.41,0.27177,27,59.12,56.71,0.63499,4,9,243.8,-61.67,0.04851,16,194.25,-36.1,0.09283,18,141.39,-1.44,0.28607,27,50.64,57.53,0.57259,4,9,239.04,-51.18,0.04748,16,188.15,-26.33,0.09447,18,133.06,6.53,0.31879,27,39.18,56.39,0.53927,4,9,229.82,-40.03,0.04243,16,177.51,-16.51,0.08977,18,120.34,13.43,0.35333,27,25.66,51.22,0.51447,4,9,218.31,-29.46,0.0349,16,164.7,-7.56,0.07999,18,105.71,18.94,0.38795,27,11.96,43.71,0.49716,4,9,206.39,-21.7,0.02627,16,151.86,-1.46,0.06598,18,91.76,21.69,0.41001,27,0.79,34.91,0.49774,4,9,191.41,-15.1,0.01697,16,136.13,3.09,0.049,18,75.4,22.22,0.43108,27,-10.26,22.83,0.50294,4,9,171.72,-8.25,0.0172,16,115.71,7.25,0.064,18,54.58,21.22,0.51405,27,-23.05,6.37,0.40475,4,9,153.44,-3.16,0.02492,16,96.91,9.86,0.13378,18,35.72,19.12,0.64784,27,-33.73,-9.31,0.19345,4,9,134.18,1.35,0.02685,16,77.22,11.76,0.27886,18,16.17,16.12,0.63196,27,-44.17,-26.12,0.06233,4,9,113.85,4.92,0.0225,16,56.59,12.59,0.47716,18,-4.03,11.84,0.4848,27,-54.07,-44.23,0.01554,4,9,93.27,8.58,0.08732,16,35.71,13.48,0.7024,18,-24.49,7.56,0.19437,27,-64.14,-62.56,0.01591,4,4,84.25,8.16,0.01653,9,75.58,10.69,0.23789,16,17.9,13.22,0.67774,18,-41.68,2.92,0.06784,4,4,67.85,9.26,0.01393,9,59.16,11.24,0.47887,16,1.55,11.58,0.48723,18,-57.13,-2.7,0.01997,4,4,48.65,9.26,0.03352,9,39.97,10.6,0.7314,16,-17.39,8.39,0.22063,18,-74.69,-10.46,0.01445,4,4,28.95,9.26,0.08996,9,20.28,9.94,0.84058,16,-36.81,5.11,0.06017,18,-92.71,-18.42,0.0093,4,4,9.45,9.26,0.3229,9,0.79,9.29,0.65474,16,-56.04,1.87,0.01798,18,-110.55,-26.3,0.00438,1,4,-5.25,9.26,1,4,4,-9.4,5.96,0.72308,9,-17.94,5.36,0.2555,16,-74.08,-4.52,0.01626,18,-126.46,-36.93,0.00516]}},"zui":{"caiwen/zui":{"x":-6.15,"y":-19.31,"width":114,"height":49}},"zuoshou":{"caiwen/zuoshou":{"type":"mesh","hull":80,"uvs":[0.00225,0.97375,0.00187,0.95265,0.01966,0.93422,0.05449,0.92729,0.10712,0.92153,0.17959,0.90855,0.25524,0.89174,0.32528,0.87065,0.40712,0.83687,0.47846,0.79882,0.54251,0.75,0.59813,0.70295,0.64176,0.65605,0.67266,0.62168,0.68801,0.60192,0.70075,0.58791,0.6824,0.58894,0.64457,0.58894,0.58914,0.57419,0.55225,0.5469,0.52509,0.51047,0.48933,0.46401,0.4515,0.41652,0.41292,0.36504,0.38296,0.3267,0.35618,0.29204,0.33502,0.26224,0.32996,0.23451,0.33408,0.19204,0.34757,0.14469,0.37434,0.10162,0.4133,0.05988,0.46217,0.0267,0.51199,0.01091,0.55393,0.01003,0.59419,0.02271,0.61592,0.03097,0.64345,0.02035,0.68464,0.00029,0.72322,0.00029,0.75768,0.00029,0.78951,0.01844,0.81873,0.04513,0.83652,0.07109,0.85524,0.10516,0.8706,0.14159,0.87697,0.16608,0.8794,0.17404,0.89213,0.1851,0.92191,0.21652,0.95243,0.2556,0.97584,0.291,0.99157,0.3205,1,0.34956,1,0.37935,1,0.41106,1,0.43348,0.98764,0.4823,0.97322,0.52507,0.95412,0.5649,0.93202,0.60029,0.90356,0.64307,0.87004,0.6795,0.82715,0.71593,0.7839,0.74543,0.74494,0.77006,0.69569,0.80147,0.63745,0.8326,0.5824,0.86106,0.52547,0.89041,0.4661,0.91313,0.39438,0.93466,0.33446,0.95295,0.27622,0.96799,0.21479,0.98142,0.15824,0.99071,0.10693,0.99941,0.06067,1,0.02004,1,0.00262,0.98481],"triangles":[27,26,25,34,33,35,33,32,35,28,27,25,32,31,35,35,31,36,31,30,36,38,37,39,30,29,36,40,39,41,29,28,36,28,25,36,25,24,36,39,37,42,41,39,42,42,37,43,37,36,44,43,37,44,44,36,45,45,36,46,46,36,47,24,23,36,36,23,47,23,22,47,22,21,49,48,22,49,47,22,48,49,21,50,50,21,51,52,54,53,52,51,54,51,21,54,20,16,15,15,14,62,15,62,61,15,61,60,15,60,59,15,59,58,15,58,57,15,55,54,21,20,54,20,15,54,15,56,55,15,57,56,11,10,66,10,67,66,11,66,65,12,11,65,19,18,17,12,65,64,19,17,16,20,19,16,13,12,64,13,64,63,14,13,63,14,63,62,7,71,8,8,71,70,8,70,69,9,8,69,9,69,68,10,9,68,10,68,67,4,76,75,4,75,5,5,75,74,6,74,73,5,74,6,6,73,72,7,6,72,7,72,71,0,79,78,0,78,77,3,0,77,2,0,3,1,0,2,3,77,76,4,3,76],"vertices":[1,6,-12.74,-6.8,1,1,6,-12.87,0.35,1,1,6,-8.15,6.62,1,1,6,1.14,9.01,1,4,6,15.18,11.01,0.28343,7,10.07,11.5,0.69082,15,-59.41,29.39,0.02081,23,-120.03,64.02,0.00494,4,6,34.52,15.49,0.08708,7,29.92,11.81,0.85003,15,-40.38,23.72,0.05411,23,-103.26,53.4,0.00878,4,6,54.69,21.28,0.04022,7,50.86,13.23,0.76657,15,-19.99,18.77,0.17842,23,-84.97,43.11,0.01478,4,6,73.36,28.5,0.02048,7,70.63,16.37,0.46238,15,-0.19,15.82,0.49528,23,-66.72,34.89,0.02186,4,6,95.17,40.04,0.01607,7,94.38,23.07,0.17767,15,24.47,15.06,0.74202,23,-43.19,27.46,0.06424,4,7,115.67,31.76,0.07289,15,47.39,16.95,0.6972,23,-20.61,23.06,0.20928,26,-80.87,56.25,0.02062,4,7,135.82,44.43,0.04106,15,70.43,22.96,0.45117,23,3.19,22.6,0.4659,26,-58.94,47,0.04187,4,7,153.64,56.98,0.03445,15,91.19,29.57,0.24966,23,24.97,23.32,0.60746,26,-38.44,39.6,0.10844,4,15,109.15,37.7,0.13535,23,44.46,26.27,0.57919,26,-19.24,35.11,0.24925,34,-15.5,103.91,0.03621,4,15,122.06,43.79,0.08638,23,58.53,28.63,0.48745,26,-5.3,32.09,0.37778,34,-11.85,90.11,0.04839,4,15,128.92,47.62,0.07139,23,66.18,30.46,0.44172,26,2.48,30.95,0.4277,34,-9.33,82.67,0.05918,4,15,134.21,50.08,0.06112,23,71.94,31.39,0.41127,26,8.18,29.68,0.46,34,-7.87,77.02,0.06762,4,15,129.77,52.19,0.07913,23,68.23,34.62,0.41565,26,5.93,34.06,0.42959,34,-4.99,81,0.07564,4,15,120.97,57.15,0.12159,23,61.11,41.78,0.40842,26,1.97,43.35,0.37948,34,1.48,88.75,0.09051,4,15,110.53,68.77,0.17984,23,54.22,55.8,0.36803,26,0.77,58.92,0.33009,34,14.81,96.9,0.12203,4,15,106.49,81.67,0.19802,23,53.83,69.31,0.32982,26,5.42,71.61,0.30897,34,28.23,98.53,0.16319,4,15,106.24,95.99,0.19291,23,57.48,83.16,0.29365,26,13.94,83.12,0.29391,34,42.35,96.18,0.21953,4,15,105.66,114.39,0.18036,23,61.91,101.04,0.25367,26,24.68,98.08,0.26918,34,60.56,93.4,0.2968,4,15,104.76,133.38,0.16388,23,66.2,119.55,0.21785,26,35.53,113.69,0.24091,34,79.39,90.83,0.37736,4,15,104.36,153.64,0.14362,23,71.32,139.16,0.18381,26,47.55,130,0.21062,34,99.39,87.55,0.46195,4,15,103.78,168.89,0.1326,23,74.89,154,0.1658,26,56.37,142.45,0.19383,34,114.49,85.35,0.50777,4,15,103.31,182.63,0.12647,23,78.18,167.35,0.15542,26,64.37,153.64,0.18465,34,128.09,83.31,0.53346,4,15,103.35,194.21,0.12315,23,81.36,178.48,0.1497,26,71.45,162.8,0.18043,34,139.46,81.16,0.54672,3,23,87.07,186.06,0.16106,26,79.57,167.72,0.19949,34,147.54,76.18,0.63945,3,23,98.06,195.44,0.14641,26,93.25,172.36,0.19011,34,157.89,66.1,0.66348,2,26,109.43,175.34,0.20976,34,167.89,53.04,0.79024,2,26,125.66,174.48,0.19851,34,174.51,38.19,0.80149,2,26,142.75,170.46,0.18985,34,178.7,21.14,0.81015,2,26,158.23,162.87,0.18346,34,178.97,3.91,0.81654,2,26,168.36,152.73,0.17639,34,174.55,-9.72,0.82361,2,26,173.03,142.55,0.16755,34,167.6,-18.51,0.83245,2,26,173.28,130.97,0.1526,34,157.4,-24,0.8474,2,26,172.99,124.54,0.14431,34,151.54,-26.66,0.85569,2,26,179.18,119.18,0.15255,34,149.59,-34.61,0.84746,2,26,189.74,111.73,0.17359,34,147.75,-47.41,0.82641,2,26,193.78,102.25,0.18392,34,141.14,-55.31,0.81608,2,26,197.39,93.79,0.19757,34,135.25,-62.37,0.80243,2,26,195.06,83.56,0.20235,34,125.08,-64.95,0.79765,2,26,189.8,72.84,0.20702,34,113.13,-65.14,0.79298,3,23,221.73,129.23,0.07632,26,183.57,65.02,0.19424,34,103.33,-63.14,0.72943,3,23,217.06,117.55,0.07348,26,174.9,55.9,0.2047,34,91.27,-59.57,0.72182,3,23,211.19,105.93,0.06992,26,165.14,47.28,0.21764,34,79.16,-54.79,0.71244,3,23,206.51,98.87,0.06582,26,158.17,42.46,0.22285,34,71.7,-50.78,0.71133,3,23,205.05,96.5,0.06453,26,155.94,40.8,0.22525,34,69.21,-49.55,0.71021,3,23,204.79,91.45,0.06586,26,153.83,36.21,0.24247,34,64.16,-49.75,0.69167,3,23,202.85,78.3,0.06672,26,147.15,24.71,0.28772,34,50.88,-49.03,0.64556,3,23,199.2,63.18,0.0642,26,138.15,12.03,0.34412,34,35.49,-46.78,0.59168,3,23,195.1,50.29,0.05943,26,129.57,1.57,0.39488,34,22.27,-43.89,0.54569,4,15,246.37,90.93,0.02119,23,190.97,40.26,0.05288,26,122.01,-6.21,0.42224,34,11.91,-40.7,0.5037,4,15,243.49,81.23,0.01741,23,185.57,31.71,0.04596,26,113.83,-12.15,0.44644,34,2.9,-36.1,0.49019,4,15,238.53,72.43,0.01315,23,178.41,24.59,0.03709,26,104.53,-16.1,0.45902,34,-4.85,-29.63,0.49075,4,15,233.25,63.07,0.01076,23,170.79,17.01,0.0328,26,94.65,-20.32,0.47765,34,-13.1,-22.74,0.47878,4,15,229.52,56.45,0.01093,23,165.4,11.65,0.03532,26,87.66,-23.3,0.49186,34,-18.93,-17.86,0.46189,4,15,218.51,43.66,0.01536,23,151.33,2.33,0.05841,26,71.14,-26.75,0.51425,34,-29.51,-4.72,0.41198,4,15,208.04,32.92,0.02327,23,138.34,-5.17,0.10583,26,56.29,-28.89,0.56132,34,-38.16,7.53,0.30958,4,15,196.97,23.65,0.03064,23,125.17,-11.08,0.17329,26,41.87,-29.5,0.58764,34,-45.26,20.1,0.20843,4,15,185.94,16.1,0.03491,23,112.5,-15.36,0.25492,26,28.52,-28.77,0.57782,34,-50.69,32.32,0.13235,4,15,172.2,7.2,0.03696,23,96.87,-20.19,0.37815,26,12.2,-27.47,0.51428,34,-56.94,47.45,0.07061,4,15,158.34,0.83,0.0354,23,81.79,-22.56,0.45701,26,-2.67,-24.08,0.47102,34,-60.68,62.24,0.03657,4,15,142.3,-4.3,0.05259,23,64.97,-23.14,0.51508,26,-18.52,-18.38,0.40522,34,-62.81,78.94,0.0271,4,15,127.33,-7.34,0.09093,23,49.73,-22.01,0.62722,26,-32.25,-11.68,0.25822,34,-63.08,94.22,0.02362,4,7,187.3,26.63,0.02141,15,114.16,-9.5,0.14212,23,36.47,-20.52,0.6889,26,-44,-5.38,0.14757,4,7,172.24,18.91,0.02298,15,97.48,-12.33,0.25358,23,19.65,-18.71,0.65739,26,-58.96,2.54,0.06604,4,7,154.85,11.8,0.0178,15,78.75,-13.88,0.44152,23,1.2,-15.12,0.52001,26,-74.76,12.71,0.02067,4,7,138.48,5.39,0.03255,15,61.21,-15.07,0.60048,23,-16,-11.5,0.35093,26,-89.4,22.45,0.01604,4,7,121.55,-1.21,0.08604,15,43.08,-16.27,0.73557,23,-33.78,-7.74,0.16214,26,-104.51,32.53,0.01625,4,6,111.02,14.25,0.01389,7,104.45,-5.48,0.17851,15,25.49,-15.2,0.74045,23,-50.42,-1.93,0.06715,4,6,91.9,6.88,0.00949,7,84.21,-8.67,0.43967,15,5.23,-12.14,0.53446,23,-69.09,6.5,0.01638,4,6,75.93,0.61,0.01452,7,67.28,-11.44,0.62328,15,-11.75,-9.7,0.35114,23,-84.77,13.47,0.01106,4,6,60.4,-4.55,0.03846,7,51.01,-13.22,0.78093,15,-27.8,-6.5,0.16737,23,-99.35,20.9,0.01324,4,6,44.02,-9.17,0.08625,7,34.03,-14.29,0.81707,15,-44.32,-2.41,0.08466,23,-114.14,29.32,0.01201,4,6,28.93,-12.38,0.16917,7,18.6,-14.26,0.7766,15,-59.03,2.26,0.04525,23,-127.02,37.81,0.00899,4,6,15.24,-15.39,0.30794,7,4.58,-14.32,0.6601,15,-72.41,6.42,0.02561,23,-138.78,45.44,0.00635,1,6,2.89,-15.64,1,1,6,-7.96,-15.68,1,1,6,-12.63,-10.55,1]}}}}],"events":{"gongji":{}},"animations":{"daiji":{"slots":{"0":{"color":[{"color":"ffffff00"}]},"caiwen/eye1":{"color":[{"time":0.4167,"color":"ffffffff"},{"time":0.5,"color":"ffffff00","curve":"stepped"},{"time":1.4583,"color":"ffffff00"},{"time":1.5417,"color":"ffffffff"}]},"caiwen/eye11":{"color":[{"color":"ffffff00","curve":"stepped"},{"time":0.4167,"color":"ffffff00"},{"time":0.5,"color":"ffffffff","curve":"stepped"},{"time":1.4167,"color":"ffffffff"},{"time":1.5417,"color":"ffffff00"}],"attachment":[{"name":"caiwen/eye1"}]},"quanfeng":{"color":[{"color":"ffffff00"}]}},"bones":{"caiwen/eye1":{"translate":[{"x":-2.49,"y":-5.93,"curve":"stepped"},{"time":0.25,"x":-2.49,"y":-5.93},{"time":0.4167,"x":-10.18,"y":0.67},{"time":2,"x":-2.49,"y":-5.93}],"scale":[{"time":0.25},{"time":0.4167,"x":0.1},{"time":0.5,"x":0.2,"curve":"stepped"},{"time":1.4583,"x":0.2},{"time":1.5417}]},"caiwen/eye11":{"translate":[{"x":0.11,"y":10.49},{"time":0.5,"x":0.15,"y":13.82},{"time":1.25,"x":0.11,"y":10.49},{"time":1.4167,"x":-8.76,"y":12.83},{"time":1.5417,"x":0.11,"y":10.49}],"scale":[{},{"time":0.4167,"x":0.2},{"time":0.5,"curve":"stepped"},{"time":1.25},{"time":1.4167,"x":0.1},{"time":1.5417,"x":0.2},{"time":2}]},"shenti01":{"rotate":[{"angle":5.03},{"time":0.5,"angle":-0.6},{"time":1,"angle":8.04},{"time":1.5417,"angle":-0.6},{"time":2,"angle":5.03}],"scale":[{"x":0.85,"y":1.15},{"time":0.25,"x":1.05},{"time":0.5,"x":0.9,"y":1.15},{"time":0.75,"x":1.05},{"time":1,"x":0.85,"y":1.15},{"time":1.2917,"x":1.05},{"time":1.5417,"x":0.9,"y":1.15},{"time":1.8333,"x":1.05},{"time":2,"x":0.85,"y":1.15}]},"zuoshou1":{"rotate":[{"angle":-3.35},{"time":0.5,"angle":2.41},{"time":1,"angle":-3.35},{"time":1.5417,"angle":2.41},{"time":2,"angle":-3.35}]},"shenti02":{"rotate":[{"angle":1.51},{"time":0.5,"angle":-4.23},{"time":1,"angle":4.52},{"time":1.5417,"angle":-4.23},{"time":2,"angle":1.51}]},"youshou1":{"rotate":[{"angle":11.47},{"time":0.2917,"angle":-3.94},{"time":0.7083,"angle":9.27},{"time":1,"angle":-3.94},{"time":1.375,"angle":11.47},{"time":1.6667,"angle":-3.94},{"time":2,"angle":11.47}],"scale":[{"x":1.1},{"time":0.2917,"x":1.15},{"time":0.7083,"x":1.1},{"time":1,"x":1.15},{"time":1.375,"x":1.1},{"time":1.6667,"x":1.15},{"time":2,"x":1.1}]},"eye0":{"translate":[{"x":2.82,"y":-5.14,"curve":"stepped"},{"time":0.375,"x":2.82,"y":-5.14},{"time":0.5,"x":0.79,"y":11.42,"curve":"stepped"},{"time":1.4167,"x":0.79,"y":11.42},{"time":1.5417,"x":2.11,"y":-9.43},{"time":2,"x":2.82,"y":-5.14}],"scale":[{},{"time":0.375,"x":0.3},{"time":0.5,"curve":"stepped"},{"time":1},{"time":1.4167,"x":0.3},{"time":1.5417}]},"shenti03":{"rotate":[{"angle":1.51},{"time":0.5,"angle":-4.23},{"time":1,"angle":4.52},{"time":1.5417,"angle":-4.23},{"time":2,"angle":1.51}]},"zuoshou2":{"rotate":[{"angle":-5.56},{"time":0.1667,"angle":-7.29},{"time":0.6667,"angle":-1.53},{"time":1,"angle":-5.56},{"time":1.2083,"angle":-7.29},{"time":1.7083,"angle":-1.53},{"time":2,"angle":-5.56}],"scale":[{"x":1.02}]},"youshou2":{"rotate":[{"angle":0.2},{"time":0.0833,"angle":4.82},{"time":0.4167,"angle":-10.6},{"time":0.7083,"angle":0.2},{"time":0.7917,"angle":4.82},{"time":1.1667,"angle":-10.6},{"time":1.375,"angle":0.2},{"time":1.4583,"angle":4.82},{"time":1.8333,"angle":-10.6},{"time":2,"angle":0.2}],"scale":[{"time":0.0417},{"time":0.4167,"x":1.1},{"time":0.75},{"time":1.125,"x":1.1},{"time":1.375,"curve":"stepped"},{"time":1.4167},{"time":1.75,"x":1.1},{"time":2}]},"zuoshou3":{"rotate":[{"angle":-3.83},{"time":0.2917,"angle":-7.29},{"time":0.7917,"angle":-1.53},{"time":1,"angle":-3.83},{"time":1.375,"angle":-7.29},{"time":1.875,"angle":-1.53},{"time":2,"angle":-3.83}],"scale":[{"x":1.04}]},"shenti04":{"rotate":[{"angle":-3.01}]},"youshou3":{"rotate":[{"angle":-11.08},{"time":0.2083,"angle":-1.83},{"time":0.5,"angle":-17.25},{"time":0.7083,"angle":-11.08},{"time":0.875,"angle":-1.83},{"time":1.25,"angle":-17.25},{"time":1.375,"angle":-11.08},{"time":1.5,"angle":-1.83},{"time":1.9167,"angle":-17.25},{"time":2,"angle":-11.08}],"scale":[{"time":0.1667},{"time":0.4583,"x":1.15},{"time":0.7917},{"time":1.2083,"x":1.15},{"time":1.375,"curve":"stepped"},{"time":1.4583},{"time":1.875,"x":1.15},{"time":2}]},"shenti07":{"rotate":[{"angle":15.01},{"time":0.5,"angle":-20.85},{"time":1,"angle":18.23},{"time":1.5417,"angle":-20.85},{"time":2,"angle":18.23}]},"shenti05":{"rotate":[{"angle":6.51},{"time":0.1667,"angle":18.23},{"time":0.6667,"angle":-20.85},{"time":1,"angle":6.51},{"time":1.2083,"angle":18.23},{"time":1.7083,"angle":-20.85},{"time":2,"angle":18.23}]},"shenti06":{"rotate":[{"angle":-5.22},{"time":0.2917,"angle":6.11},{"time":0.7917,"angle":-20.85},{"time":1,"angle":-5.22},{"time":1.375,"angle":4.15},{"time":1.875,"angle":-20.85},{"time":2,"angle":18.23}]},"zuoshou4":{"rotate":[{"angle":9.62,"curve":"stepped"},{"time":1,"angle":9.62},{"time":1.5},{"time":2,"angle":9.62}],"translate":[{},{"time":0.5,"x":1.09,"y":29.22},{"time":1},{"time":1.5417,"x":1.09,"y":29.22},{"time":2}],"scale":[{"x":1.03}]},"youshou4":{"rotate":[{"angle":-19.18},{"time":0.2917,"angle":-5.3},{"time":0.6667,"angle":-20.72},{"time":0.7083,"angle":-19.18},{"time":0.9583,"angle":-5.3},{"time":1.375,"angle":-19.18},{"time":1.625,"angle":-5.3},{"time":2,"angle":-19.18}],"scale":[{"time":0.2083},{"time":0.5,"x":1.05},{"time":0.875},{"time":1.25,"x":1.05},{"time":1.375,"curve":"stepped"},{"time":1.5},{"time":1.9167,"x":1.05},{"time":2}]},"toufa12":{"rotate":[{"angle":10.01},{"time":0.5,"angle":-7.28},{"time":1,"angle":10.01},{"time":1.5417,"angle":-7.28},{"time":2,"angle":10.01}]},"toufa11":{"rotate":[{"angle":6.7},{"time":0.0833,"angle":8.89},{"time":0.625,"angle":-2.02},{"time":1,"angle":6.7},{"time":1.1667,"angle":8.89},{"time":1.6667,"angle":-2.02},{"time":2,"angle":6.7}]},"toufa01":{"rotate":[{"angle":11.26},{"time":0.5,"angle":-7.78},{"time":1,"angle":11.26},{"time":1.5417,"angle":-7.78},{"time":2,"angle":11.26}]},"toufa03":{"rotate":[{"angle":32.97},{"time":0.5,"angle":-29.06},{"time":1,"angle":32.97},{"time":1.5417,"angle":-15.93},{"time":2,"angle":32.97}]},"toufa13":{"rotate":[{"angle":1.91},{"time":0.2083,"angle":19.67},{"time":0.7083,"angle":-8.54},{"time":1,"angle":1.91},{"time":1.25,"angle":19.67},{"time":1.75,"angle":-8.54},{"time":2,"angle":1.91}]},"toufa02":{"rotate":[{"angle":5.55},{"time":0.1667,"angle":30.47},{"time":0.6667,"angle":-7.78},{"time":1,"angle":5.55},{"time":1.2083,"angle":30.47},{"time":1.7083,"angle":-7.78},{"time":2,"angle":5.55}]},"zuoshou5":{"rotate":[{"angle":-13.62}]},"toufa04":{"rotate":[{"angle":4.13},{"time":0.1667,"angle":12.72},{"time":0.6667,"angle":-15.93},{"time":1,"angle":4.13},{"time":1.2083,"angle":12.72},{"time":1.7083,"angle":-15.93},{"time":2,"angle":4.13}]},"toufa15":{"rotate":[{"angle":-0.36},{"time":0.2917,"angle":27.96},{"time":0.7917,"angle":-7.28},{"time":1,"angle":-0.36},{"time":1.375,"angle":27.96},{"time":1.875,"angle":-7.28},{"time":2,"angle":-0.36}]},"toufa14":{"rotate":[{"angle":-5.06},{"time":0.4167,"angle":8.89},{"time":0.9167,"angle":-8.54},{"time":1,"angle":-5.06},{"time":1.4583,"angle":8.89},{"time":1.9583,"angle":-8.54},{"time":2,"angle":-5.06}]},"toufa16":{"rotate":[{"angle":-7.28},{"time":0.5,"angle":10.01},{"time":1,"angle":-7.28},{"time":1.5417,"angle":10.01},{"time":2,"angle":-7.28}]}},"deform":{"default":{"shenti0":{"caiwen/shenti0":[{"offset":2,"vertices":[0.8,5.5,2.55,6.35,-5.91659,-1.86778,-1.95,5.89,-4.97,1.94,0,0,0,0,0,0,0,0,0,0,0,0,0,0,0,0,0,0,0,0,0,0,0,0,0,0,0,0,0,0,0,0,0,0,0,0,0,0,0,0,0,0,0,0,0,0,0,0,0,0,0,0,0,0,0,0,0,0,0,0,0,0,0,0,0,0,0,0,0,0,0,0,0,0,0,0,0,0,0,0,0,0,0,0,0,0,0,0,0,0,0,0,0,0,0,0,0,0,0,0,0,0,0,0,0,0,0,0,0,0,0,0,0,0,0,0,0,0,0,0,0,0,0,0,0,0,0,0,0,0,0,0,0,0,0,0,0,0,0,0,0,0,0,0,0,0,0,0,0,0,0,0,0,0,0,0,0,0,0,0,0,0,0,0,0,0,0,0,0,0,0,0,0,0,-6.73,2.4,-6.25876,-3.44687,-5.03088,5.07378,-6.63,-1.79,-3.85,-4.75,-9.62,-0.54,-5.52524,-2.61858,-5.13,-6.06,-8.56757,-2.61877,-3.72,-8.15,-10.85,-8.3,-3.52617,8.23572]},{"time":0.25,"offset":12,"vertices":[-2.35,0.12,0,0,0,0,0,0,0,0,0,0,0,0,0,0,0,0,0,0,0,0,0,0,0,0,0,0,0,0,0,0,0,0,0,0,0,0,0,0,0,0,0,0,0,0,0,0,0,0,0,0,0,0,0,0,0,0,0,0,0,0,0,0,0,0,0,0,0,0,0,0,0,0,0,0,0,0,0,0,0,0,0,0,0,0,0,0,0,0,0,0,0,0,0,0,0,0,0,0,0,0,0,0,0,0,0,0,0,0,0,0,0,0,0,0,0,0,0,0,0,0,0,0,0,0,0,0,0,0,0,0,0,0,0,0,0,0,0,0,0,0,0,0,0,0,0,0,0,0,0,0,0,0,0,0,0,0,0,0,0,0,0,0,0,0,0,0,0,0,0,0,0,0,0,0,0,0,0,0,0,0,0,0,0,0,0,0,0,0,-1.48199,0.67783,-1.49,-0.66,-7.05,-1.55,0.5143,1.54636]},{"time":0.5,"offset":6,"vertices":[10.12,-6.14,11.99,-7.01,10.12,-5.66,14.47,-3.37,14.05,-8.54,7.21,-1.63,6.15,0.68,6.62,-3.74,-1.81367,-7.166,0,0,0,0,0,0,0,0,0,0,0,0,0,0,0,0,0,0,0,0,0,0,0,0,0,0,0,0,0,0,0,0,0,0,0,0,0,0,0,0,0,0,0,0,0,0,0,0,0,0,0,0,0,0,0,0,0,0,0,0,0,0,0,0,0,0,0,0,0,0,0,0,0,0,0,0,0,0,0,0,0,0,0,0,0,0,0,0,0,0,0,0,0,0,0,0,0,0,0,0,0,0,0,0,0,0,0,0,0,0,0,0,0,0,0,0,0,0,0,0,0,0,0,0,0,0,0,0,0,0,0,0,0,0,0,0,0,0,0,0,0,0,0,0,0,0,0,0,0,0,0,0,0,0,0,0,0,0,0,0,0,0,0,0,0,0,0,0,0,0,0,0,0,0,0,0,0,0,-1.48199,0.67783,-1.49,-0.66,-7.05,-1.55,0.5143,1.54636]},{"time":0.75,"offset":12,"vertices":[-2.35,0.12,0,0,0,0,0,0,0,0,0,0,0,0,0,0,0,0,0,0,0,0,0,0,0,0,0,0,0,0,0,0,0,0,0,0,0,0,0,0,0,0,0,0,0,0,0,0,0,0,0,0,0,0,0,0,0,0,0,0,0,0,0,0,0,0,0,0,0,0,0,0,0,0,0,0,0,0,0,0,0,0,0,0,0,0,0,0,0,0,0,0,0,0,0,0,0,0,0,0,0,0,0,0,0,0,0,0,0,0,0,0,0,0,0,0,0,0,0,0,0,0,0,0,0,0,0,0,0,0,0,0,0,0,0,0,0,0,0,0,0,0,0,0,0,0,0,0,0,0,0,0,0,0,0,0,0,0,0,0,0,0,0,0,0,0,0,0,0,0,0,0,0,0,0,0,0,0,0,0,0,0,0,0,0,0,0,0,0,0,-1.48199,0.67783,-1.49,-0.66,-7.05,-1.55,0.5143,1.54636]},{"time":1,"offset":2,"vertices":[0.8,5.5,2.55,6.35,-5.91659,-1.86778,-1.95,5.89,-4.97,1.94,0,0,0,0,0,0,0,0,0,0,0,0,0,0,0,0,0,0,0,0,0,0,0,0,0,0,0,0,0,0,0,0,0,0,0,0,0,0,0,0,0,0,0,0,0,0,0,0,0,0,0,0,0,0,0,0,0,0,0,0,0,0,0,0,0,0,0,0,0,0,0,0,0,0,0,0,0,0,0,0,0,0,0,0,0,0,0,0,0,0,0,0,0,0,0,0,0,0,0,0,0,0,0,0,0,0,0,0,0,0,0,0,0,0,0,0,0,0,0,0,0,0,0,0,0,0,0,0,0,0,0,0,0,0,0,0,0,0,0,0,0,0,0,0,0,0,0,0,0,0,0,0,0,0,0,0,0,0,0,0,0,0,0,0,0,0,0,0,0,0,0,0,0,0,-6.73,2.4,-6.25876,-3.44687,-5.03088,5.07378,-6.63,-1.79,-3.85,-4.75,-9.62,-0.54,-5.52524,-2.61858,-5.13,-6.06,-8.56757,-2.61877,-3.72,-8.15,-10.85,-8.3,-3.52617,8.23572]},{"time":1.2917,"offset":12,"vertices":[-2.35,0.12,0,0,0,0,0,0,0,0,0,0,0,0,0,0,0,0,0,0,0,0,0,0,0,0,0,0,0,0,0,0,0,0,0,0,0,0,0,0,0,0,0,0,0,0,0,0,0,0,0,0,0,0,0,0,0,0,0,0,0,0,0,0,0,0,0,0,0,0,0,0,0,0,0,0,0,0,0,0,0,0,0,0,0,0,0,0,0,0,0,0,0,0,0,0,0,0,0,0,0,0,0,0,0,0,0,0,0,0,0,0,0,0,0,0,0,0,0,0,0,0,0,0,0,0,0,0,0,0,0,0,0,0,0,0,0,0,0,0,0,0,0,0,0,0,0,0,0,0,0,0,0,0,0,0,0,0,0,0,0,0,0,0,0,0,0,0,0,0,0,0,0,0,0,0,0,0,0,0,0,0,0,0,0,0,0,0,0,0,-1.48199,0.67783,-1.49,-0.66,-7.05,-1.55,0.5143,1.54636]},{"time":1.5417,"offset":6,"vertices":[10.12,-6.14,11.99,-7.01,10.12,-5.66,14.47,-3.37,14.05,-8.54,7.21,-1.63,6.15,0.68,6.62,-3.74,-1.81367,-7.166,0,0,0,0,0,0,0,0,0,0,0,0,0,0,0,0,0,0,0,0,0,0,0,0,0,0,0,0,0,0,0,0,0,0,0,0,0,0,0,0,0,0,0,0,0,0,0,0,0,0,0,0,0,0,0,0,0,0,0,0,0,0,0,0,0,0,0,0,0,0,0,0,0,0,0,0,0,0,0,0,0,0,0,0,0,0,0,0,0,0,0,0,0,0,0,0,0,0,0,0,0,0,0,0,0,0,0,0,0,0,0,0,0,0,0,0,0,0,0,0,0,0,0,0,0,0,0,0,0,0,0,0,0,0,0,0,0,0,0,0,0,0,0,0,0,0,0,0,0,0,0,0,0,0,0,0,0,0,0,0,0,0,0,0,0,0,0,0,0,0,0,0,0,0,0,0,0,0,-1.48199,0.67783,-1.49,-0.66,-7.05,-1.55,0.5143,1.54636]},{"time":1.8333,"offset":12,"vertices":[-2.35,0.12,0,0,0,0,0,0,0,0,0,0,0,0,0,0,0,0,0,0,0,0,0,0,0,0,0,0,0,0,0,0,0,0,0,0,0,0,0,0,0,0,0,0,0,0,0,0,0,0,0,0,0,0,0,0,0,0,0,0,0,0,0,0,0,0,0,0,0,0,0,0,0,0,0,0,0,0,0,0,0,0,0,0,0,0,0,0,0,0,0,0,0,0,0,0,0,0,0,0,0,0,0,0,0,0,0,0,0,0,0,0,0,0,0,0,0,0,0,0,0,0,0,0,0,0,0,0,0,0,0,0,0,0,0,0,0,0,0,0,0,0,0,0,0,0,0,0,0,0,0,0,0,0,0,0,0,0,0,0,0,0,0,0,0,0,0,0,0,0,0,0,0,0,0,0,0,0,0,0,0,0,0,0,0,0,0,0,0,0,-1.48199,0.67783,-1.49,-0.66,-7.05,-1.55,0.5143,1.54636]},{"time":2,"offset":2,"vertices":[0.8,5.5,2.55,6.35,-5.91659,-1.86778,-1.95,5.89,-4.97,1.94,0,0,0,0,0,0,0,0,0,0,0,0,0,0,0,0,0,0,0,0,0,0,0,0,0,0,0,0,0,0,0,0,0,0,0,0,0,0,0,0,0,0,0,0,0,0,0,0,0,0,0,0,0,0,0,0,0,0,0,0,0,0,0,0,0,0,0,0,0,0,0,0,0,0,0,0,0,0,0,0,0,0,0,0,0,0,0,0,0,0,0,0,0,0,0,0,0,0,0,0,0,0,0,0,0,0,0,0,0,0,0,0,0,0,0,0,0,0,0,0,0,0,0,0,0,0,0,0,0,0,0,0,0,0,0,0,0,0,0,0,0,0,0,0,0,0,0,0,0,0,0,0,0,0,0,0,0,0,0,0,0,0,0,0,0,0,0,0,0,0,0,0,0,0,-6.73,2.4,-6.25876,-3.44687,-5.03088,5.07378,-6.63,-1.79,-3.85,-4.75,-9.62,-0.54,-5.52524,-2.61858,-5.13,-6.06,-8.56757,-2.61877,-3.72,-8.15,-10.85,-8.3,-3.52617,8.23572]}]}}},"drawOrder":[{"offsets":[{"slot":"youshou","offset":2},{"slot":"zuoshou","offset":2}]}]},"gongji":{"slots":{"0":{"color":[{"color":"ffffff00","curve":"stepped"},{"time":0.0833,"color":"ffffff00"},{"time":0.1667,"color":"ffffffff","curve":"stepped"},{"time":0.3333,"color":"ffffffff"},{"time":0.4167,"color":"ffffff00"}],"attachment":[{"time":0.2083,"name":"caiwen/guang/1"},{"time":0.25,"name":"caiwen/guang/2"},{"time":0.2917,"name":"caiwen/guang/3"},{"time":0.3333,"name":"caiwen/guang/4"},{"time":0.375,"name":"caiwen/guang/5"}]},"caiwen/eye11":{"color":[{"color":"ffffff00"}],"attachment":[{"name":"caiwen/eye1"}]},"quanfeng":{"color":[{"color":"ffffff00","curve":"stepped"},{"time":0.0833,"color":"ffffff00"},{"time":0.125,"color":"ffffffff","curve":"stepped"},{"time":0.2917,"color":"ffffffff"},{"time":0.4167,"color":"ffffff00"}]}},"bones":{"0":{"translate":[{"x":310.59,"y":13.44}],"scale":[{"curve":"stepped"},{"time":0.0833,"x":0.5,"y":0.5},{"time":0.1667,"x":1.5,"y":1.5}]},"caiwen/eye11":{"translate":[{"x":0.11,"y":10.49}]},"quanfeng":{"rotate":[{"time":0.0833},{"time":0.1667,"angle":-9.26},{"time":0.2917,"angle":-10.61}],"translate":[{"curve":"stepped"},{"time":0.0833,"x":-282.87,"y":-66.48},{"time":0.125,"x":29.8,"y":-33.24},{"time":0.1667,"x":322.75,"y":20.98},{"time":0.2917,"x":420.16,"y":-17.55}]},"youshou":{"rotate":[{"time":0.0833},{"time":0.1667,"angle":-150.38},{"time":0.2083,"angle":-163.22},{"time":0.2917,"angle":-160.95},{"time":0.4167}],"translate":[{"time":0.0833},{"time":0.125,"x":-25.14,"y":123.4,"curve":"stepped"},{"time":0.2917,"x":-25.14,"y":123.4},{"time":0.4167}]},"shenti01":{"rotate":[{"angle":5.03},{"time":0.0833,"angle":11.19},{"time":0.1667,"angle":-7.12,"curve":"stepped"},{"time":0.2917,"angle":-7.12},{"time":0.4167,"angle":5.03}],"scale":[{"x":0.85,"y":1.15}]},"zuoshou1":{"rotate":[{"angle":-3.35,"curve":"stepped"},{"time":0.0833,"angle":-3.35},{"time":0.2083,"angle":8.61},{"time":0.2917,"angle":8.52},{"time":0.4167,"angle":-3.35}]},"shenti02":{"rotate":[{"angle":1.51},{"time":0.0833,"angle":7.68},{"time":0.1667,"angle":-10.63},{"time":0.2083,"angle":-3.98},{"time":0.2917,"angle":-10.63},{"time":0.4167,"angle":1.51}]},"youshou1":{"rotate":[{"angle":11.47,"curve":"stepped"},{"time":0.0833,"angle":11.47},{"time":0.125,"angle":100.87},{"time":0.1667,"angle":174.68},{"time":0.2083,"angle":178.83},{"time":0.2917,"angle":177.08},{"time":0.4167,"angle":11.47}],"scale":[{"x":1.1,"curve":"stepped"},{"time":0.0833,"x":1.1},{"time":0.125,"x":-1,"y":-1},{"time":0.1667,"x":-2,"y":-1,"curve":"stepped"},{"time":0.2917,"x":-2,"y":-1},{"time":0.375,"x":-2},{"time":0.4167,"x":1.1}]},"eye0":{"translate":[{"x":2.82,"y":-5.14}]},"shenti03":{"rotate":[{"angle":1.51},{"time":0.0833,"angle":7.68},{"time":0.1667,"angle":-10.63,"curve":"stepped"},{"time":0.2917,"angle":-10.63},{"time":0.4167,"angle":1.51}]},"zuoshou2":{"rotate":[{"angle":-5.56,"curve":"stepped"},{"time":0.0833,"angle":-5.56},{"time":0.2083,"angle":6.4},{"time":0.2917,"angle":6.31},{"time":0.4167,"angle":-5.56}],"scale":[{"x":1.02}]},"youshou2":{"rotate":[{"angle":0.2,"curve":"stepped"},{"time":0.0833,"angle":0.2},{"time":0.1667,"angle":-3.16,"curve":"stepped"},{"time":0.2917,"angle":-3.16},{"time":0.4167,"angle":0.2}],"scale":[{},{"time":0.0833,"x":1.1},{"time":0.1667,"x":1.3,"curve":"stepped"},{"time":0.2917,"x":1.3},{"time":0.4167}]},"zuoshou3":{"rotate":[{"angle":-3.83,"curve":"stepped"},{"time":0.0833,"angle":-3.83},{"time":0.2083,"angle":8.13},{"time":0.2917,"angle":8.03},{"time":0.4167,"angle":-3.83}],"scale":[{"x":1.04}]},"shenti04":{"rotate":[{"angle":-3.01},{"time":0.0833,"angle":3.15},{"time":0.1667,"angle":-15.16,"curve":"stepped"},{"time":0.2917,"angle":-15.16},{"time":0.4167,"angle":-3.01}]},"youshou3":{"rotate":[{"angle":-11.08,"curve":"stepped"},{"time":0.0833,"angle":-11.08},{"time":0.1667,"angle":-7.06,"curve":"stepped"},{"time":0.2917,"angle":-7.06},{"time":0.4167,"angle":-11.08}],"scale":[{},{"time":0.0833,"x":1.1},{"time":0.1667,"x":1.2,"curve":"stepped"},{"time":0.2917,"x":1.2},{"time":0.4167}]},"shenti07":{"rotate":[{"angle":15.01},{"time":0.0833,"angle":18.17},{"time":0.1667,"angle":-25.46},{"time":0.2083,"angle":-55.89},{"time":0.2917,"angle":-25.46},{"time":0.4167,"angle":15.01}]},"shenti05":{"rotate":[{"angle":6.51},{"time":0.0833,"angle":9.66},{"time":0.1667,"angle":-8.65},{"time":0.2083,"angle":-35.37},{"time":0.2917,"angle":-8.65},{"time":0.4167,"angle":6.51}]},"shenti06":{"rotate":[{"angle":-5.22},{"time":0.0833,"angle":-2.06},{"time":0.1667,"angle":-34.87},{"time":0.2083,"angle":-57.01},{"time":0.2917,"angle":-34.87},{"time":0.4167,"angle":-5.22}]},"zuoshou4":{"rotate":[{"angle":9.62},{"time":0.0833},{"time":0.2083,"angle":11.96},{"time":0.2917,"angle":11.87},{"time":0.4167,"angle":9.62}],"scale":[{"x":1.03}]},"youshou4":{"rotate":[{"angle":-19.18,"curve":"stepped"},{"time":0.0833,"angle":-19.18},{"time":0.1667,"angle":28.03,"curve":"stepped"},{"time":0.2917,"angle":28.03},{"time":0.4167,"angle":-19.18}],"scale":[{},{"time":0.0833,"x":1.1},{"time":0.4167}]},"toufa12":{"rotate":[{"angle":10.01}]},"toufa11":{"rotate":[{"angle":6.7,"curve":"stepped"},{"time":0.0833,"angle":6.7},{"time":0.1667,"angle":-13.17,"curve":"stepped"},{"time":0.2917,"angle":-13.17},{"time":0.4167,"angle":6.7}]},"toufa01":{"rotate":[{"angle":11.26,"curve":"stepped"},{"time":0.0833,"angle":11.26},{"time":0.1667,"angle":-40.84},{"time":0.2083,"angle":-52.71},{"time":0.2917,"angle":-40.84},{"time":0.4167,"angle":11.26}]},"toufa03":{"rotate":[{"angle":32.97,"curve":"stepped"},{"time":0.0833,"angle":32.97},{"time":0.2083,"angle":-10.71},{"time":0.2917,"angle":32.97}]},"toufa13":{"rotate":[{"angle":1.91,"curve":"stepped"},{"time":0.0833,"angle":1.91},{"time":0.1667,"angle":-32.04},{"time":0.2083,"angle":-45.97},{"time":0.2917,"angle":-32.04},{"time":0.4167,"angle":1.91}]},"toufa02":{"rotate":[{"angle":5.55,"curve":"stepped"},{"time":0.0833,"angle":5.55},{"time":0.1667,"angle":-34.14,"curve":"stepped"},{"time":0.2917,"angle":-34.14},{"time":0.4167,"angle":5.55}]},"zuoshou5":{"rotate":[{"curve":"stepped"},{"time":0.2083,"angle":11.96},{"time":0.2917,"angle":11.87}]},"toufa04":{"rotate":[{"angle":4.13}]},"toufa15":{"rotate":[{"angle":-0.36,"curve":"stepped"},{"time":0.0833,"angle":-0.36},{"time":0.1667,"angle":-28.33,"curve":"stepped"},{"time":0.2917,"angle":-28.33},{"time":0.4167,"angle":-0.36}]},"toufa14":{"rotate":[{"angle":-5.06,"curve":"stepped"},{"time":0.0833,"angle":-5.06},{"time":0.1667,"angle":-24.93,"curve":"stepped"},{"time":0.2917,"angle":-24.93},{"time":0.4167,"angle":-5.06}]},"toufa16":{"rotate":[{"angle":-7.28,"curve":"stepped"},{"time":0.0833,"angle":-7.28},{"time":0.1667,"angle":-36.1,"curve":"stepped"},{"time":0.2917,"angle":-36.1},{"time":0.4167,"angle":-7.28}]},"caiwen/eye1":{"translate":[{"x":-2.49,"y":-5.93}]}},"deform":{"default":{"shenti0":{"caiwen/shenti0":[{"offset":2,"vertices":[0.8,5.5,2.55,6.35,-5.91659,-1.86778,-1.95,5.89,-4.97,1.94,0,0,0,0,0,0,0,0,0,0,0,0,0,0,0,0,0,0,0,0,0,0,0,0,0,0,0,0,0,0,0,0,0,0,0,0,0,0,0,0,0,0,0,0,0,0,0,0,0,0,0,0,0,0,0,0,0,0,0,0,0,0,0,0,0,0,0,0,0,0,0,0,0,0,0,0,0,0,0,0,0,0,0,0,0,0,0,0,0,0,0,0,0,0,0,0,0,0,0,0,0,0,0,0,0,0,0,0,0,0,0,0,0,0,0,0,0,0,0,0,0,0,0,0,0,0,0,0,0,0,0,0,0,0,0,0,0,0,0,0,0,0,0,0,0,0,0,0,0,0,0,0,0,0,0,0,0,0,0,0,0,0,0,0,0,0,0,0,0,0,0,0,0,0,-6.73,2.4,-6.25876,-3.44687,-5.03088,5.07378,-6.63,-1.79,-3.85,-4.75,-9.62,-0.54,-5.52524,-2.61858,-5.13,-6.06,-8.56757,-2.61877,-3.72,-8.15,-10.85,-8.3,-3.52617,8.23572]}]}}},"drawOrder":[{"offsets":[{"slot":"youshou","offset":2},{"slot":"zuoshou","offset":2}]},{"time":0.125,"offsets":[{"slot":"youshou","offset":10},{"slot":"zuoshou","offset":1}]},{"time":0.4167,"offsets":[{"slot":"youshou","offset":2},{"slot":"zuoshou","offset":2}]}],"events":[{"time":0.25,"name":"gongji"},{"time":0.2917,"name":"gongji"},{"time":0.3333,"name":"gongji"}]},"gongji_2":{"slots":{"0":{"color":[{"color":"ffffff00","curve":"stepped"},{"time":0.125,"color":"ffffff00"},{"time":0.1667,"color":"ffffffff","curve":"stepped"},{"time":0.375,"color":"ffffffff"},{"time":0.4167,"color":"ffffff00"}],"attachment":[{"time":0.2083,"name":"caiwen/guang/1"},{"time":0.25,"name":"caiwen/guang/2"},{"time":0.2917,"name":"caiwen/guang/3"},{"time":0.3333,"name":"caiwen/guang/4"},{"time":0.375,"name":"caiwen/guang/5"}]},"caiwen/eye11":{"color":[{"color":"ffffff00"}],"attachment":[{"name":"caiwen/eye1"}]},"quanfeng":{"color":[{"color":"ffffff00","curve":"stepped"},{"time":0.0833,"color":"ffffff00"},{"time":0.25,"color":"ffffffff"},{"time":0.4167,"color":"ffffff00"}]}},"bones":{"0":{"rotate":[{"curve":"stepped"},{"time":0.1667,"angle":57.19}],"translate":[{"x":310.59,"y":13.44},{"time":0.1667,"x":162.68,"y":734.04}],"scale":[{"curve":"stepped"},{"time":0.1667,"x":1.5,"y":1.5},{"time":0.375,"x":2,"y":2}]},"caiwen/eye11":{"translate":[{"x":0.11,"y":10.49}]},"quanfeng":{"rotate":[{"curve":"stepped"},{"time":0.0833,"angle":65.72},{"time":0.25,"angle":43.85}],"translate":[{"curve":"stepped"},{"time":0.0833,"x":94.61,"y":65.18},{"time":0.25,"x":348.9,"y":440.07}],"scale":[{"time":0.0833},{"time":0.25,"x":1.5,"y":-1.5}]},"shenti01":{"rotate":[{"angle":5.03},{"time":0.125,"angle":-13.38,"curve":"stepped"},{"time":0.375,"angle":-13.38},{"time":0.4167,"angle":5.03}],"scale":[{"x":0.85,"y":1.15},{"time":0.0833,"x":0.8,"y":1.15},{"time":0.1667,"x":1.7,"y":1.15},{"time":0.25,"x":1.5,"y":1.15},{"time":0.3333,"x":1.7,"y":1.15},{"time":0.375,"x":1.3,"y":1.15},{"time":0.4167,"x":0.85,"y":1.15}]},"zuoshou1":{"rotate":[{"angle":-3.35},{"time":0.0833,"angle":-18.03},{"time":0.1667,"angle":28.35,"curve":"stepped"},{"time":0.375,"angle":28.35},{"time":0.4167,"angle":-3.35}],"scale":[{"time":0.0833},{"time":0.1667,"x":1.63},{"time":0.375,"x":1.6},{"time":0.4167}]},"shenti02":{"rotate":[{"angle":1.51}]},"youshou1":{"rotate":[{"angle":11.47,"curve":"stepped"},{"time":0.0833,"angle":11.47},{"time":0.1667,"angle":-0.58,"curve":"stepped"},{"time":0.375,"angle":-0.58},{"time":0.4167,"angle":11.47}],"scale":[{"x":1.1}]},"eye0":{"translate":[{"x":2.82,"y":-5.14}]},"shenti03":{"rotate":[{"angle":1.51}]},"zuoshou2":{"rotate":[{"angle":-5.56},{"time":0.0833,"angle":-9.17},{"time":0.1667,"angle":-9.58,"curve":"stepped"},{"time":0.375,"angle":-9.58},{"time":0.4167,"angle":-5.56}],"scale":[{"x":1.02,"curve":"stepped"},{"time":0.0833,"x":1.02},{"time":0.1667,"x":1.4,"curve":"stepped"},{"time":0.375,"x":1.4},{"time":0.4167,"x":1.02}]},"youshou2":{"rotate":[{"angle":0.2,"curve":"stepped"},{"time":0.0833,"angle":0.2},{"time":0.1667,"angle":-11.86,"curve":"stepped"},{"time":0.375,"angle":-11.86},{"time":0.4167,"angle":0.2}]},"zuoshou3":{"rotate":[{"angle":-3.83},{"time":0.0833,"angle":73.03},{"time":0.1667,"angle":-7.85,"curve":"stepped"},{"time":0.375,"angle":-7.85},{"time":0.4167,"angle":-3.83}],"scale":[{"x":1.04,"curve":"stepped"},{"time":0.0833,"x":1.04},{"time":0.1667,"x":1.5,"curve":"stepped"},{"time":0.375,"x":1.5},{"time":0.4167,"x":1.04}]},"shenti04":{"rotate":[{"angle":-3.01}]},"youshou3":{"rotate":[{"angle":-11.08,"curve":"stepped"},{"time":0.0833,"angle":-11.08},{"time":0.1667,"angle":-23.14,"curve":"stepped"},{"time":0.375,"angle":-23.14},{"time":0.4167,"angle":-11.08}]},"shenti07":{"rotate":[{"angle":15.01}]},"shenti05":{"rotate":[{"angle":6.51}]},"shenti06":{"rotate":[{"angle":-5.22}]},"zuoshou4":{"rotate":[{"angle":9.62,"curve":"stepped"},{"time":0.0833,"angle":9.62},{"time":0.1667,"angle":5.61,"curve":"stepped"},{"time":0.375,"angle":5.61},{"time":0.4167,"angle":9.62}],"scale":[{"x":1.03,"curve":"stepped"},{"time":0.0833,"x":1.03},{"time":0.1667,"x":1.4,"curve":"stepped"},{"time":0.375,"x":1.4},{"time":0.4167,"x":1.03}]},"youshou4":{"rotate":[{"angle":-19.18,"curve":"stepped"},{"time":0.0833,"angle":-19.18},{"time":0.1667,"angle":-31.23,"curve":"stepped"},{"time":0.375,"angle":-31.23},{"time":0.4167,"angle":-19.18}]},"toufa12":{"rotate":[{"angle":10.01}]},"toufa11":{"rotate":[{"angle":6.7}]},"toufa01":{"rotate":[{"angle":11.26}]},"toufa03":{"rotate":[{"angle":32.97}]},"toufa13":{"rotate":[{"angle":1.91}]},"toufa02":{"rotate":[{"angle":5.55}]},"zuoshou5":{"rotate":[{"curve":"stepped"},{"time":0.1667,"angle":13.21}],"scale":[{},{"time":0.1667,"y":0.5},{"time":0.4167}]},"toufa04":{"rotate":[{"angle":4.13}]},"toufa15":{"rotate":[{"angle":-0.36}]},"toufa14":{"rotate":[{"angle":-5.06}]},"toufa16":{"rotate":[{"angle":-7.28}]},"caiwen/eye1":{"translate":[{"x":-2.49,"y":-5.93}]}},"deform":{"default":{"shenti0":{"caiwen/shenti0":[{"offset":2,"vertices":[0.8,5.5,2.55,6.35,-5.91659,-1.86778,-1.95,5.89,-4.97,1.94,0,0,0,0,0,0,0,0,0,0,0,0,0,0,0,0,0,0,0,0,0,0,0,0,0,0,0,0,0,0,0,0,0,0,0,0,0,0,0,0,0,0,0,0,0,0,0,0,0,0,0,0,0,0,0,0,0,0,0,0,0,0,0,0,0,0,0,0,0,0,0,0,0,0,0,0,0,0,0,0,0,0,0,0,0,0,0,0,0,0,0,0,0,0,0,0,0,0,0,0,0,0,0,0,0,0,0,0,0,0,0,0,0,0,0,0,0,0,0,0,0,0,0,0,0,0,0,0,0,0,0,0,0,0,0,0,0,0,0,0,0,0,0,0,0,0,0,0,0,0,0,0,0,0,0,0,0,0,0,0,0,0,0,0,0,0,0,0,0,0,0,0,0,0,-6.73,2.4,-6.25876,-3.44687,-5.03088,5.07378,-6.63,-1.79,-3.85,-4.75,-9.62,-0.54,-5.52524,-2.61858,-5.13,-6.06,-8.56757,-2.61877,-3.72,-8.15,-10.85,-8.3,-3.52617,8.23572]}]},"zuoshou":{"caiwen/zuoshou":[{"curve":"stepped"},{"time":0.0833,"offset":16,"vertices":[-0.53,1.43,-0.21755,1.50946,0.24665,1.50498,0.64584,1.38155]}]}}},"drawOrder":[{"offsets":[{"slot":"youshou","offset":2},{"slot":"zuoshou","offset":2}]}]}}},[0]]],0,0,[0],[-1],[0]]