[1,["7a/QZLET9IDreTiBfRn2PD","e7O+CtWEpDh7ErVRt2SHTd","c8k6jdXppGK4QeloHFM1lo"],["root","ani","node","data","_N$skeletonData"],[["cc.PrefabInfo",["fileId","root","asset"],2,1,1],["cc.Prefab",["_name"],2],["cc.Node",["_name","_children","_components","_prefab"],2,2,9,4],["cc.Node",["_name","_parent","_components","_prefab","_contentSize","_trs"],2,1,2,4,5,7],["753510nhkhGFaxmGbSPNYE+",["node","ani"],3,1,1],["sp.Skeleton",["defaultSkin","defaultAnimation","_preCacheMode","_animationName","node","_materials"],-1,1,3],["261d4+Q1HdGA5w3tjdBw83c",["node","spineAnimation"],3,1,1],["sp.SkeletonData",["_name","_atlasText","textureNames","_skeletonJson","textures"],-1,3]],[[1,0,2],[2,0,1,2,3,2],[3,0,1,2,3,4,5,2],[4,0,1,1],[0,1,2,1],[0,0,1,2,2],[5,0,1,2,3,4,5,5],[6,0,1,1],[7,0,1,2,3,4,5]],[[[[0,"PlanternEffect"],[1,"PlanternEffect",[-4],[[3,-3,-2]],[4,-1,0]],[2,"26FX",1,[-5,-6],[5,"46P/mj4AVN5YbOK5AZxNaS",1,0],[5,287.31,286.94],[0,39,0,0,0,0,1,1,1,1]],[6,"default","idle",0,"idle",2,[0]],[7,2,3]],0,[0,0,1,0,1,4,0,2,1,0,-1,2,0,-1,3,0,-2,4,0,3,1,6],[0,3],[-1,4],[0,1]],[[[8,"26FX","\n26FX.png\nsize: 512,512\nformat: RGBA8888\nfilter: Linear,Linear\nrepeat: none\n26FX1\n  rotate: false\n  xy: 2, 2\n  size: 278, 276\n  orig: 278, 278\n  offset: 0, 0\n  index: -1\n",["26FX.png"],{"skeleton":{"hash":"f6zih/SRbWAf4IY/HhrdpcHgnUE","spine":"3.8.99","x":-143,"y":-144.01,"width":287.31,"height":286.94},"bones":[{"name":"root"},{"name":"26FX","parent":"root"},{"name":"1","parent":"26FX"},{"name":"26FX1","parent":"1"},{"name":"26FX2","parent":"1","rotation":45.03,"scaleX":0.9168,"scaleY":0.9168},{"name":"26FX3","parent":"1","rotation":57.29,"scaleX":0.9983,"scaleY":0.9983},{"name":"26FX4","parent":"1","rotation":-61.48},{"name":"26FX5","parent":"1","rotation":-112.24,"scaleX":0.838,"scaleY":1.1319},{"name":"2","parent":"26FX"},{"name":"26FX6","parent":"2"},{"name":"26FX7","parent":"2","rotation":45.03,"scaleX":0.9168,"scaleY":0.9168},{"name":"26FX8","parent":"2","rotation":57.29,"scaleX":0.9983,"scaleY":0.9983},{"name":"26FX9","parent":"2","rotation":-61.48},{"name":"26FX10","parent":"2","rotation":-112.24,"scaleX":0.838,"scaleY":1.1319},{"name":"3","parent":"26FX"},{"name":"26FX11","parent":"3"},{"name":"26FX12","parent":"3","rotation":45.03,"scaleX":0.9168,"scaleY":0.9168},{"name":"26FX13","parent":"3","rotation":57.29,"scaleX":0.9983,"scaleY":0.9983},{"name":"26FX14","parent":"3","rotation":-61.48},{"name":"26FX15","parent":"3","rotation":-112.24,"scaleX":0.838,"scaleY":1.1319}],"slots":[{"name":"26FX1","bone":"26FX1","attachment":"26FX1"},{"name":"26FX11","bone":"26FX11","attachment":"26FX1"},{"name":"26FX6","bone":"26FX6","attachment":"26FX1"},{"name":"26FX5","bone":"26FX5","attachment":"26FX1"},{"name":"26FX15","bone":"26FX15","attachment":"26FX1"},{"name":"26FX10","bone":"26FX10","attachment":"26FX1"},{"name":"26FX4","bone":"26FX4","attachment":"26FX1"},{"name":"26FX14","bone":"26FX14","attachment":"26FX1"},{"name":"26FX9","bone":"26FX9","attachment":"26FX1"},{"name":"26FX3","bone":"26FX3","attachment":"26FX1"},{"name":"26FX13","bone":"26FX13","attachment":"26FX1"},{"name":"26FX8","bone":"26FX8","attachment":"26FX1"},{"name":"26FX2","bone":"26FX2","attachment":"26FX1"},{"name":"26FX12","bone":"26FX12","attachment":"26FX1"},{"name":"26FX7","bone":"26FX7","attachment":"26FX1"}],"skins":[{"name":"default","attachments":{"26FX1":{"26FX1":{"y":-1,"width":278,"height":278}},"26FX2":{"26FX1":{"y":-1,"width":278,"height":278}},"26FX3":{"26FX1":{"y":-1,"width":278,"height":278}},"26FX4":{"26FX1":{"y":-1,"width":278,"height":278}},"26FX5":{"26FX1":{"y":-1,"width":278,"height":278}},"26FX6":{"26FX1":{"y":-1,"width":278,"height":278}},"26FX7":{"26FX1":{"y":-1,"width":278,"height":278}},"26FX8":{"26FX1":{"y":-1,"width":278,"height":278}},"26FX9":{"26FX1":{"y":-1,"width":278,"height":278}},"26FX10":{"26FX1":{"y":-1,"width":278,"height":278}},"26FX11":{"26FX1":{"y":-1,"width":278,"height":278}},"26FX12":{"26FX1":{"y":-1,"width":278,"height":278}},"26FX13":{"26FX1":{"y":-1,"width":278,"height":278}},"26FX14":{"26FX1":{"y":-1,"width":278,"height":278}},"26FX15":{"26FX1":{"y":-1,"width":278,"height":278}}}}],"animations":{"idle":{"slots":{"26FX1":{"color":[{"color":"ffffffff"},{"time":1.6667,"color":"ffffff39"},{"time":3.3333,"color":"ffffffff"}]},"26FX2":{"color":[{"color":"ffffffff"},{"time":1.3667,"color":"ffffff39"},{"time":3.3333,"color":"ffffffff"}]},"26FX3":{"color":[{"color":"ffffff9a"},{"time":1.9,"color":"ffffff39"},{"time":3.3333,"color":"ffffff9a"}]},"26FX4":{"color":[{"color":"ffffff96"},{"time":1.3667,"color":"ffffff39"},{"time":3.3333,"color":"ffffff96"}]},"26FX5":{"color":[{"color":"ffffffcc"},{"time":1.9,"color":"ffffff39"},{"time":3.3333,"color":"ffffffcc"}]},"26FX6":{"color":[{"color":"ffffff98"},{"time":0.8667,"color":"ffffffff"},{"time":2.5333,"color":"ffffff39"},{"time":3.3333,"color":"ffffff98"}]},"26FX7":{"color":[{"color":"ffffffa8"},{"time":0.8667,"color":"ffffffff"},{"time":2.2333,"color":"ffffff39"},{"time":3.3333,"color":"ffffffa8"}]},"26FX8":{"color":[{"color":"ffffff60"},{"time":0.8667,"color":"ffffff9a"},{"time":2.7667,"color":"ffffff39"},{"time":3.3333,"color":"ffffff60"}]},"26FX9":{"color":[{"color":"ffffff6d"},{"time":0.8667,"color":"ffffff96"},{"time":2.2333,"color":"ffffff39"},{"time":3.3333,"color":"ffffff6d"}]},"26FX10":{"color":[{"color":"ffffff73"},{"time":0.8667,"color":"ffffffcc"},{"time":2.7667,"color":"ffffff39"},{"time":3.3333,"color":"ffffff73"}]},"26FX11":{"color":[{"color":"ffffff9c"},{"time":0.8333,"color":"ffffff39"},{"time":2.5,"color":"ffffffff"},{"time":3.3333,"color":"ffffff9c"}]},"26FX12":{"color":[{"color":"ffffff86"},{"time":0.5333,"color":"ffffff39"},{"time":2.5,"color":"ffffffff"},{"time":3.3333,"color":"ffffff86"}]},"26FX13":{"color":[{"color":"ffffff70"},{"time":1.0667,"color":"ffffff39"},{"time":2.5,"color":"ffffff9a"},{"time":3.3333,"color":"ffffff70"}]},"26FX14":{"color":[{"color":"ffffff5e"},{"time":0.5333,"color":"ffffff39"},{"time":2.5,"color":"ffffff96"},{"time":3.3333,"color":"ffffff5e"}]},"26FX15":{"color":[{"color":"ffffff8c"},{"time":1.0667,"color":"ffffff39"},{"time":2.5,"color":"ffffffcc"},{"time":3.3333,"color":"ffffff8c"}]}},"bones":{"2":{"rotate":[{"angle":-52.58}],"scale":[{"x":1.141,"y":1.141}]},"3":{"rotate":[{"angle":86.01}],"scale":[{"x":0.925,"y":0.925}]},"26FX1":{"scale":[{"x":1.085,"y":1.065},{"time":1.6667,"x":0.982,"y":0.982},{"time":3.3333,"x":1.085,"y":1.065}],"shear":[{"y":-4.2},{"time":1.6667},{"time":3.3333,"y":-4.2}]},"26FX2":{"scale":[{"x":1.085,"y":1.065},{"time":1.3667,"x":0.982,"y":0.982},{"time":3.3333,"x":1.085,"y":1.065}],"shear":[{"y":-4.2},{"time":1.3667,"y":4.07},{"time":3.3333,"y":-4.2}]},"26FX3":{"scale":[{"x":1.085,"y":1.065},{"time":1.9,"x":0.864,"y":0.864},{"time":3.3333,"x":1.085,"y":1.065}],"shear":[{"y":-4.2}]},"26FX4":{"scale":[{"x":1.085,"y":1.065},{"time":1.3667,"x":1.029,"y":1.029},{"time":3.3333,"x":1.085,"y":1.065}],"shear":[{"y":-4.2},{"time":1.3667,"x":4.02,"y":1.82},{"time":3.3333,"y":-4.2}]},"26FX5":{"scale":[{"x":1.085,"y":1.065},{"time":1.9,"x":1.132,"y":1.132},{"time":3.3333,"x":1.085,"y":1.065}],"shear":[{"y":-4.2},{"time":1.9},{"time":3.3333,"y":-4.2}]},"26FX6":{"scale":[{"x":1.032,"y":1.022},{"time":0.8667,"x":1.085,"y":1.065},{"time":2.5333,"x":0.982,"y":0.982},{"time":3.3333,"x":1.032,"y":1.022}],"shear":[{"y":-2.01},{"time":0.8667,"y":-4.2},{"time":2.5333},{"time":3.3333,"y":-2.01}]},"26FX7":{"scale":[{"x":1.04,"y":1.029},{"time":0.8667,"x":1.085,"y":1.065},{"time":2.2333,"x":0.982,"y":0.982},{"time":3.3333,"x":1.04,"y":1.029}],"shear":[{"y":-0.56},{"time":0.8667,"y":-4.2},{"time":2.2333,"y":4.07},{"time":3.3333,"y":-0.56}]},"26FX8":{"scale":[{"x":0.952,"y":0.944},{"time":0.8667,"x":1.085,"y":1.065},{"time":2.7667,"x":0.864,"y":0.864},{"time":3.3333,"x":0.952,"y":0.944}],"shear":[{"y":-4.2}]},"26FX9":{"scale":[{"x":1.06,"y":1.049},{"time":0.8667,"x":1.085,"y":1.065},{"time":2.2333,"x":1.029,"y":1.029},{"time":3.3333,"x":1.06,"y":1.049}],"shear":[{"x":1.77,"y":-1.55},{"time":0.8667,"y":-4.2},{"time":2.2333,"x":4.02,"y":1.82},{"time":3.3333,"x":1.77,"y":-1.55}]},"26FX10":{"scale":[{"x":1.113,"y":1.105},{"time":0.8667,"x":1.085,"y":1.065},{"time":2.7667,"x":1.132,"y":1.132},{"time":3.3333,"x":1.113,"y":1.105}],"shear":[{"y":-1.66},{"time":0.8667,"y":-4.2},{"time":2.7667},{"time":3.3333,"y":-1.66}]},"26FX11":{"scale":[{"x":1.034,"y":1.024},{"time":0.8333,"x":0.982,"y":0.982},{"time":2.5,"x":1.085,"y":1.065},{"time":3.3333,"x":1.034,"y":1.024}],"shear":[{"y":-2.1},{"time":0.8333},{"time":2.5,"y":-4.2},{"time":3.3333,"y":-2.1}]},"26FX12":{"scale":[{"x":1.022,"y":1.014},{"time":0.5333,"x":0.982,"y":0.982},{"time":2.5,"x":1.085,"y":1.065},{"time":3.3333,"x":1.022,"y":1.014}],"shear":[{"y":0.84},{"time":0.5333,"y":4.07},{"time":2.5,"y":-4.2},{"time":3.3333,"y":0.84}]},"26FX13":{"scale":[{"x":0.988,"y":0.977},{"time":1.0667,"x":0.864,"y":0.864},{"time":2.5,"x":1.085,"y":1.065},{"time":3.3333,"x":0.988,"y":0.977}],"shear":[{"y":-4.2}]},"26FX14":{"scale":[{"x":1.051,"y":1.043},{"time":0.5333,"x":1.029,"y":1.029},{"time":2.5,"x":1.085,"y":1.065},{"time":3.3333,"x":1.051,"y":1.043}],"shear":[{"x":2.45,"y":-0.53},{"time":0.5333,"x":4.02,"y":1.82},{"time":2.5,"y":-4.2},{"time":3.3333,"x":2.45,"y":-0.53}]},"26FX15":{"scale":[{"x":1.106,"y":1.094},{"time":1.0667,"x":1.132,"y":1.132},{"time":2.5,"x":1.085,"y":1.065},{"time":3.3333,"x":1.106,"y":1.094}],"shear":[{"y":-2.36},{"time":1.0667},{"time":2.5,"y":-4.2},{"time":3.3333,"y":-2.36}]}}}}},[0]]],0,0,[0],[-1],[2]]]]