[1,["b2axfc3iRCzrgn2l3YPS0i","d608qFRoFHwbXd0Dap056i","12urBxAcBGOIEWhk2XNxF9"],["_textureSetter"],["cc.SpriteFrame"],0,[[[{"name":"mask","rect":[0,0,25,35],"offset":[0,0],"originalSize":[25,35],"capInsets":[0,0,0,0]}],[0],0,[0],[0],[0]],[[{"name":"default_scrollbar_vertical","rect":[0,0,15,30],"offset":[0,0],"originalSize":[15,30],"capInsets":[4,10,4,10]}],[0],0,[0],[0],[1]],[[{"name":"info_bg","rect":[0,0,246,236],"offset":[0,0],"originalSize":[246,236],"capInsets":[0,0,0,0]}],[0],0,[0],[0],[2]]]]