[1,["9f3EQx6ABH6rHxxL740nAI"],0,[["sp.SkeletonData",["_name","_atlasText","textureNames","_skeletonJson","textures"],-1,3]],[[0,0,1,2,3,4,5]],[[0,"weapon1","\nweapon1.png\nsize: 1024,256\nformat: RGBA8888\nfilter: Linear,Linear\nrepeat: none\neye\n  rotate: false\n  xy: 278, 2\n  size: 107, 71\n  orig: 107, 71\n  offset: 0, 0\n  index: -1\neye2\n  rotate: false\n  xy: 571, 7\n  size: 128, 20\n  orig: 128, 20\n  offset: 0, 0\n  index: -1\njiaoye0\n  rotate: true\n  xy: 876, 8\n  size: 127, 97\n  orig: 128, 97\n  offset: 0, 0\n  index: -1\njiaoye1\n  rotate: false\n  xy: 566, 77\n  size: 141, 82\n  orig: 141, 82\n  offset: 0, 0\n  index: -1\njiaoye2\n  rotate: false\n  xy: 387, 6\n  size: 93, 67\n  orig: 93, 67\n  offset: 0, 0\n  index: -1\njiaoye3\n  rotate: false\n  xy: 482, 2\n  size: 87, 71\n  orig: 87, 71\n  offset: 0, 0\n  index: -1\nmouth1\n  rotate: false\n  xy: 278, 75\n  size: 142, 173\n  orig: 142, 173\n  offset: 0, 0\n  index: -1\nmouth2\n  rotate: false\n  xy: 422, 75\n  size: 142, 173\n  orig: 142, 173\n  offset: 0, 0\n  index: -1\nqiu\n  rotate: false\n  xy: 701, 17\n  size: 58, 58\n  orig: 58, 58\n  offset: 0, 0\n  index: -1\nsai\n  rotate: true\n  xy: 876, 137\n  size: 111, 120\n  orig: 111, 120\n  offset: 0, 0\n  index: -1\nshenti\n  rotate: true\n  xy: 566, 161\n  size: 87, 200\n  orig: 93, 200\n  offset: 6, 0\n  index: -1\ntou\n  rotate: false\n  xy: 2, 4\n  size: 274, 244\n  orig: 274, 244\n  offset: 0, 0\n  index: -1\ntouye\n  rotate: false\n  xy: 761, 36\n  size: 113, 123\n  orig: 113, 123\n  offset: 0, 0\n  index: -1\nyandi\n  rotate: false\n  xy: 571, 29\n  size: 126, 46\n  orig: 126, 46\n  offset: 0, 0\n  index: -1\n",["weapon1.png"],{"skeleton":{"hash":"NPd9JJyA7SdTHjIOwmzDvwZKzIE","spine":"3.8.99","x":-73.33,"y":-8.74,"width":126.7,"height":129.75},"bones":[{"name":"root","rotation":-0.13,"x":0.96,"y":-1.47,"scaleX":-0.145,"scaleY":0.145},{"name":"bone","parent":"root","length":1,"x":0.14,"y":0.6},{"name":"jiaoye1","parent":"bone","length":246,"rotation":-6.34,"x":-4.73,"y":56.82},{"name":"jiaoye0","parent":"bone","length":223,"rotation":-171,"x":-20.72,"y":52.6},{"name":"jiaoye3","parent":"bone","length":142,"rotation":41.86,"x":-32.34,"y":52.26},{"name":"jiaoye2","parent":"bone","length":188,"rotation":148.11,"x":-43.77,"y":71.23},{"name":"shenti","parent":"bone","x":-9.87,"y":76},{"name":"qiu","parent":"bone","x":-22.43,"y":108.02},{"name":"tou","parent":"bone","length":176,"rotation":71.79,"x":-35.46,"y":383.2},{"name":"mouth1","parent":"tou","length":268,"rotation":-75.56,"x":273.38,"y":-173.5},{"name":"shenti1","parent":"shenti","length":63,"rotation":114.65,"x":-4.05,"y":6.4},{"name":"touye","parent":"tou","rotation":108.21,"x":310.04,"y":227.46},{"name":"eye","parent":"tou","length":210,"rotation":-52.91,"x":288.6,"y":31.54},{"name":"yandi","parent":"tou","x":298.29,"y":43.57},{"name":"sai","parent":"tou","x":167.38,"y":-64.93},{"name":"shenti2","parent":"shenti1","length":61,"rotation":-8.78,"x":63.05},{"name":"touye1","parent":"touye","length":66,"rotation":-36.66,"x":13.55,"y":-6.45},{"name":"shenti3","parent":"shenti2","length":73,"rotation":-10.87,"x":61.96},{"name":"touye2","parent":"touye1","length":83,"rotation":67.2,"x":69.96,"y":3.65},{"name":"touye3","parent":"touye2","length":68,"rotation":41.34,"x":85.31,"y":0.94},{"name":"shenti4","parent":"shenti3","length":66,"rotation":-15.69,"x":77.47,"y":0.24},{"name":"touye4","parent":"touye3","length":80,"rotation":21.92,"x":74.47,"y":-0.4}],"slots":[{"name":"jiaoye2","bone":"jiaoye2","attachment":"jiaoye2"},{"name":"jiaoye3","bone":"jiaoye3","attachment":"jiaoye3"},{"name":"shenti","bone":"shenti4","attachment":"shenti"},{"name":"qiu","bone":"qiu","color":"ffffff00","attachment":"qiu"},{"name":"touye","bone":"touye4","attachment":"touye"},{"name":"tou","bone":"tou","attachment":"tou"},{"name":"sai","bone":"sai","color":"ffffff00","attachment":"sai"},{"name":"yandi","bone":"yandi","color":"ffffff00","attachment":"yandi"},{"name":"eye2","bone":"yandi","color":"ffffff00","attachment":"eye2"},{"name":"eye","bone":"eye","attachment":"eye"},{"name":"jiaoye0","bone":"jiaoye0","attachment":"jiaoye0"},{"name":"jiaoye1","bone":"jiaoye1","attachment":"jiaoye1"},{"name":"mouth1","bone":"mouth1","attachment":"mouth1"}],"skins":[{"name":"default","attachments":{"eye":{"eye":{"x":104.35,"y":-9.55,"rotation":-18.87,"width":213,"height":141}},"eye2":{"eye2":{"x":44.03,"y":-94.72,"rotation":-71.79,"width":256,"height":40}},"jiaoye0":{"jiaoye0":{"x":109.93,"y":-11.06,"rotation":171,"width":255,"height":193}},"jiaoye1":{"jiaoye1":{"x":120.29,"y":5.88,"rotation":6.34,"width":281,"height":163}},"jiaoye2":{"jiaoye2":{"x":101,"y":-3.26,"rotation":-148.11,"width":185,"height":134}},"jiaoye3":{"jiaoye3":{"x":69.21,"y":6.48,"rotation":-41.86,"width":173,"height":141}},"mouth1":{"mouth1":{"x":156.56,"y":1.55,"rotation":3.78,"width":284,"height":345},"mouth2":{"x":156.36,"y":4.54,"rotation":3.78,"width":284,"height":345}},"qiu":{"qiu":{"x":-1.09,"y":-1.67,"width":116,"height":116}},"sai":{"sai":{"x":0.96,"y":1.81,"rotation":-71.79,"width":222,"height":240}},"shenti":{"shenti":{"type":"mesh","hull":44,"uvs":[0.24355,0.27475,0.16371,0.2395,0.09167,0.18738,0.06909,0.12288,0.10887,0.06487,0.18656,0.02788,0.30215,0.00138,0.44624,0,0.6586,0,0.81801,0.03562,0.92419,0.08413,0.98683,0.13013,1,0.1715,1,0.23062,0.96962,0.26937,0.89194,0.31175,0.78011,0.33187,0.68522,0.34087,0.6586,0.34,0.63978,0.38587,0.62849,0.44138,0.62849,0.497,0.64167,0.56225,0.67016,0.63187,0.71962,0.7015,0.76882,0.76588,0.8371,0.84,0.91102,0.90088,0.91855,0.938,0.87876,0.97675,0.80108,1,0.68548,1,0.61909,0.99963,0.5414,0.974,0.46747,0.9255,0.41425,0.87088,0.34409,0.80025,0.29113,0.73075,0.24167,0.66387,0.20753,0.60013,0.19059,0.53575,0.19059,0.46263,0.20403,0.38938,0.22688,0.32325],"triangles":[33,32,31,33,31,26,31,30,27,26,31,27,27,29,28,30,29,27,36,35,25,35,34,26,25,35,26,34,33,26,38,37,23,37,36,24,23,37,24,24,36,25,41,40,21,20,41,21,40,39,22,21,40,22,39,38,22,22,38,23,4,3,5,42,41,20,3,2,5,43,42,19,42,20,19,0,43,18,43,19,18,2,1,6,5,2,6,6,1,7,1,0,7,18,17,16,8,18,9,7,0,18,8,7,18,9,18,10,16,15,14,16,14,13,12,16,13,11,10,12,18,16,12,10,18,12],"vertices":[4,20,53.65,44.81,0.66301,17,141.24,28.87,0.24247,15,206.11,1.71,0.0632,10,267,-29.76,0.03131,4,20,64.75,62.02,0.60288,17,156.58,42.43,0.2639,15,223.73,12.14,0.08706,10,286.01,-22.15,0.04616,4,20,82.75,79.05,0.56928,17,178.52,53.96,0.26464,15,247.46,19.33,0.10578,10,310.55,-18.67,0.06031,4,20,107.33,87.96,0.55678,17,204.59,55.89,0.25729,15,273.42,16.31,0.11586,10,335.75,-25.61,0.07007,4,20,131.5,84.99,0.55847,17,227.05,46.5,0.24832,15,293.71,2.84,0.11871,10,353.75,-42.02,0.0745,4,20,148.72,73.54,0.56785,17,240.54,30.81,0.23973,15,303.99,-15.1,0.11736,10,361.17,-61.32,0.07507,4,20,163.12,54.38,0.58002,17,249.22,8.47,0.23088,15,308.31,-38.68,0.11469,10,361.84,-85.28,0.07441,4,20,168.68,28.16,0.59872,17,247.48,-18.28,0.22054,15,301.55,-64.62,0.1094,10,351.21,-109.89,0.07134,4,20,176.01,-10.66,0.58947,17,244.03,-57.63,0.22107,15,290.75,-102.62,0.11373,10,334.73,-145.79,0.07573,4,20,167.46,-42.45,0.57855,17,227.2,-85.92,0.22458,15,268.88,-127.23,0.11781,10,309.36,-166.77,0.07907,4,20,152.06,-65.45,0.56363,17,206.15,-103.9,0.23099,15,244.82,-140.92,0.12282,10,283.49,-176.63,0.08255,4,20,136.14,-80.31,0.54558,17,186.81,-113.9,0.23927,15,223.94,-147.09,0.12875,10,261.91,-179.54,0.0864,4,20,120.33,-85.79,0.53767,17,170.1,-114.9,0.245,15,207.35,-144.92,0.13071,10,245.85,-174.87,0.08662,4,20,97.09,-90.18,0.51637,17,146.54,-112.84,0.259,15,184.6,-138.45,0.13641,10,224.35,-165,0.08822,4,20,80.81,-87.5,0.50412,17,131.6,-105.85,0.27123,15,171.24,-128.77,0.13818,10,212.62,-153.4,0.08647,4,20,61.48,-76.44,0.49679,17,115.97,-89.98,0.292,15,158.88,-110.24,0.13359,10,203.25,-133.2,0.07761,4,20,49.71,-57.5,0.54236,17,109.77,-68.56,0.29631,15,156.83,-88.03,0.10591,10,204.61,-110.93,0.05542,4,20,42.9,-40.82,0.61972,17,107.72,-50.66,0.27384,15,158.2,-70.07,0.07195,10,208.7,-93.39,0.03449,4,20,42.32,-35.89,0.65833,17,108.5,-45.76,0.2529,15,159.89,-65.4,0.06036,10,211.08,-89.04,0.02842,4,20,23.64,-35.86,0.544,17,90.53,-40.67,0.35665,15,143.2,-57.02,0.06992,10,195.86,-78.2,0.02944,4,20,1.44,-37.91,0.41906,17,68.59,-36.64,0.44857,15,122.42,-48.92,0.09772,10,176.56,-67.03,0.03464,4,20,-20.43,-42.04,0.27539,17,46.43,-34.7,0.49954,15,101.02,-42.84,0.17512,10,156.34,-57.75,0.04995,4,20,-45.62,-49.29,0.12382,17,20.22,-34.87,0.45936,15,75.24,-38.05,0.33832,10,131.6,-49.09,0.0785,4,20,-72,-59.66,0.06126,17,-7.99,-37.72,0.36034,15,47,-35.53,0.42425,10,104.08,-42.29,0.15415,4,17,-36.54,-44.45,0.17125,15,17.7,-36.76,0.41953,10,74.93,-39.03,0.3404,6,0.17,90.78,0.06882,4,17,-62.99,-51.32,0.08587,15,-9.57,-38.52,0.35978,10,47.71,-36.61,0.42298,6,9.32,65.03,0.13137,4,17,-93.63,-61.39,0.04641,15,-41.57,-42.63,0.16412,10,15.46,-35.78,0.45439,6,22.02,35.38,0.33507,4,17,-119.09,-72.96,0.03357,15,-68.75,-49.19,0.09164,10,-12.4,-38.12,0.40745,6,35.77,11.03,0.46734,1,6,37.17,-3.82,1,1,6,29.77,-19.32,1,1,6,15.32,-28.62,1,1,6,-6.18,-28.62,1,1,6,-18.53,-28.47,1,4,17,-142.23,-1.92,0.03097,15,-78.08,24.94,0.09328,10,-10.31,36.56,0.43428,6,-32.98,-18.22,0.44147,4,17,-121.7,10.09,0.0493,15,-55.65,32.86,0.17601,10,13.06,40.97,0.43815,6,-46.73,1.18,0.33655,4,17,-99.07,18.04,0.07083,15,-31.93,36.4,0.30637,10,37.05,40.85,0.43055,6,-56.63,23.03,0.19225,4,17,-69.79,28.58,0.11838,15,-1.19,41.23,0.39588,10,68.17,40.93,0.39577,6,-69.68,51.28,0.08997,4,17,-41.24,35.96,0.25145,15,28.25,43.1,0.40542,10,97.54,38.28,0.28326,6,-79.53,79.08,0.05986,4,20,-99.36,16.28,0.07656,17,-13.79,42.8,0.38402,15,56.49,44.63,0.3898,10,125.69,35.48,0.14962,4,20,-75.48,27.25,0.13586,17,12.17,46.9,0.39793,15,82.76,43.76,0.36644,10,151.51,30.62,0.09977,4,20,-50.77,35.12,0.2531,17,38.09,47.79,0.4224,15,108.39,39.75,0.25218,10,176.23,22.74,0.07232,4,20,-22.02,40.55,0.4055,17,67.23,45.24,0.42193,15,136.52,31.75,0.12865,10,202.81,10.54,0.04392,4,20,7.23,43.53,0.47168,17,96.2,40.19,0.41495,15,164.02,21.33,0.08073,10,228.4,-3.96,0.03264,4,20,34.01,44.26,0.57914,17,122.18,33.65,0.31942,15,188.3,10,0.06956,10,250.67,-18.85,0.03188]}},"tou":{"tou":{"x":231.95,"y":-11.67,"rotation":-71.79,"width":548,"height":487}},"touye":{"touye":{"type":"mesh","hull":30,"uvs":[1,0.31204,1,0.39612,0.94111,0.44653,0.84422,0.42735,0.79444,0.36735,0.75,0.2951,0.73689,0.36245,0.72911,0.4249,0.56422,0.51633,0.44911,0.59082,0.34444,0.70612,0.28956,0.81653,0.27644,0.91265,0.27911,1,0.18778,1,0.096,0.90061,0.02267,0.77102,0,0.66531,0,0.52347,0,0.37694,0,0.3,0.062,0.1702,0.15867,0.07408,0.26089,0.02367,0.34711,0,0.49111,0,0.62178,0,0.73444,0.05735,0.84711,0.14143,0.94111,0.23755],"triangles":[15,14,12,16,15,11,15,12,11,14,13,12,17,16,10,16,11,10,18,17,10,18,10,9,19,18,9,21,19,9,20,19,21,21,9,8,25,24,8,24,23,8,22,21,8,23,22,8,8,7,6,26,25,5,27,26,5,25,8,5,8,6,5,27,5,28,5,4,29,28,5,29,4,3,0,3,1,0,29,4,0,3,2,1],"vertices":[1,11,-19.73,0.87,1,1,11,-19.73,21.47,1,1,11,-6.48,33.82,1,1,11,15.32,29.12,1,1,11,26.52,14.42,1,4,11,36.52,-3.28,0.15048,16,16.53,16.26,0.76517,18,-9.08,54.14,0.06711,19,-35.73,102.29,0.01723,4,11,39.47,13.22,0.30174,16,9.05,31.26,0.5351,18,1.84,66.86,0.11695,19,-19.13,104.62,0.04622,4,11,41.22,28.52,0.34701,16,1.32,44.57,0.43879,18,11.12,79.14,0.13917,19,-4.05,107.72,0.07503,4,16,17.7,84.69,0.24289,18,54.46,79.59,0.27502,19,28.78,79.43,0.27614,21,-12.59,91.11,0.20595,4,16,27.58,114.8,0.10244,18,86.04,82.15,0.19975,19,54.19,60.49,0.36887,21,3.91,64.06,0.32894,4,16,29.6,151.52,0.03659,18,120.67,94.52,0.08114,19,88.36,46.9,0.32128,21,30.54,38.7,0.56099,4,16,23.36,180.59,0.01553,18,145.05,111.54,0.03109,19,117.91,43.58,0.11538,21,56.72,24.59,0.83799,4,16,11.67,201.25,0.00922,18,159.56,130.33,0.01635,19,141.21,48.11,0.04868,21,80.02,20.09,0.92574,4,16,-1.59,218.06,0.01565,18,169.91,149.07,0.02499,19,161.36,55.34,0.06317,21,101.41,19.27,0.8962,4,16,14.89,230.33,0.0072,18,187.61,138.63,0.01267,19,167.76,35.81,0.03402,21,100.06,-1.23,0.94611,4,16,45.99,223.12,0.00758,18,193.03,107.16,0.01599,19,151.04,8.6,0.05413,21,74.4,-20.23,0.92229,4,16,78.19,207.51,0.01941,18,191.11,71.43,0.04995,19,126,-16.96,0.2297,21,41.63,-34.6,0.70093,4,16,97.74,189.77,0.02116,18,182.35,46.53,0.06509,19,102.97,-29.86,0.37042,21,15.45,-37.97,0.54333,4,16,118.49,161.9,0.02483,18,164.69,16.6,0.10349,19,69.95,-40.67,0.43379,21,-19.23,-35.68,0.4379,4,16,139.93,133.1,0.0483,18,146.45,-14.32,0.26461,19,35.83,-51.84,0.4166,21,-55.05,-33.31,0.27049,4,16,151.18,117.98,0.06194,18,136.88,-30.56,0.34189,19,17.92,-57.71,0.39385,21,-73.86,-32.06,0.20232,4,16,158.98,84.14,0.08255,18,108.71,-50.86,0.3998,19,-16.65,-54.35,0.40187,21,-104.67,-16.04,0.11578,4,16,155.59,52.26,0.13343,18,78.01,-60.09,0.39754,19,-45.79,-41,0.37994,21,-126.73,7.22,0.08909,4,16,144.52,28.62,0.20675,18,51.92,-59.05,0.41421,19,-64.69,-22.99,0.3064,21,-137.53,30.98,0.07265,4,11,127.17,-75.58,0.05886,16,132.42,12.39,0.28221,18,32.27,-54.19,0.4388,19,-76.24,-6.36,0.22013,4,11,94.77,-75.58,0.0457,16,106.43,-6.96,0.39902,18,4.36,-37.73,0.47186,19,-86.32,24.43,0.08343,4,11,65.37,-75.58,0.04247,16,82.85,-24.51,0.47944,18,-20.96,-22.79,0.44232,19,-95.47,52.37,0.03576,4,11,40.02,-61.53,0.08145,16,54.12,-28.38,0.54487,18,-35.66,2.19,0.3437,19,-90,80.84,0.02998,4,11,14.67,-40.93,0.2341,16,21.49,-26.99,0.60748,18,-47.03,32.81,0.13454,19,-78.31,111.34,0.02388,1,11,-6.48,-17.38,1]}},"yandi":{"yandi":{"x":43.84,"y":-91.62,"rotation":-71.79,"width":252,"height":92}}}}],"events":{"gongji":{}},"animations":{"daiji":{"bones":{"jiaoye1":{"rotate":[{"time":0.25},{"time":0.5,"angle":5.13},{"time":1}]},"jiaoye0":{"rotate":[{"time":0.1667},{"time":0.4167,"angle":-7.77},{"time":1}]},"jiaoye3":{"rotate":[{"time":0.4167},{"time":0.6667,"angle":7.8},{"time":1}]},"jiaoye2":{"rotate":[{"time":0.3333},{"time":0.5833,"angle":-4.44},{"time":1}]},"tou":{"translate":[{"x":-45.17,"y":3.61},{"time":0.25,"x":5.87,"y":-32.11},{"time":0.5,"x":69.7,"y":-5.13},{"time":0.75,"x":5.87,"y":-32.11},{"time":1,"x":-45.17,"y":3.61}]},"mouth1":{"translate":[{},{"time":0.5,"x":-12.25,"y":37.21},{"time":1}],"scale":[{},{"time":0.5,"x":1.15,"y":1.05},{"time":1}]},"shenti1":{"rotate":[{"angle":2.85},{"time":0.5,"angle":-7.3},{"time":1,"angle":2.85}]},"eye":{"translate":[{},{"time":0.5,"x":4.71,"y":-14.32},{"time":1}]},"shenti2":{"rotate":[{"angle":2.85},{"time":0.5,"angle":-2.42},{"time":1,"angle":2.85}],"scale":[{},{"time":0.25,"x":0.9},{"time":0.5},{"time":0.75,"x":0.9},{"time":1}]},"touye1":{"rotate":[{},{"time":0.25,"angle":-8.76},{"time":0.5,"angle":3.6},{"time":0.75,"angle":-8.76},{"time":1}]},"shenti3":{"rotate":[{"angle":2.85},{"time":0.5,"angle":-2.42},{"time":1,"angle":2.85}],"scale":[{},{"time":0.2917,"x":0.9},{"time":0.5417},{"time":0.7917,"x":0.9},{"time":1}]},"touye2":{"rotate":[{"angle":-0.88},{"time":0.0833},{"time":0.3333,"angle":-7.07},{"time":0.5833,"angle":3.6},{"time":0.8333,"angle":-7.07},{"time":1,"angle":-0.88}]},"touye3":{"rotate":[{"angle":-1.76},{"time":0.1667},{"time":0.4167,"angle":-2.64},{"time":0.6667,"angle":3.6},{"time":0.9167,"angle":-2.64},{"time":1,"angle":-1.76}]},"shenti4":{"rotate":[{"angle":2.85},{"time":0.5,"angle":-2.42},{"time":1,"angle":2.85}]},"touye4":{"rotate":[{"angle":-2.64},{"time":0.25,"angle":-4.23},{"time":0.5,"angle":-2.64},{"time":0.75,"angle":-4.23},{"time":1,"angle":-2.64}]}}},"gongji":{"slots":{"eye":{"attachment":[{"time":0.25,"name":null},{"time":0.3333,"name":"eye"}]},"eye2":{"color":[{"color":"ffffff00"},{"time":0.25,"color":"ffffffff"}],"attachment":[{"time":0.375,"name":null},{"time":0.6667,"name":"eye2"}]},"mouth1":{"attachment":[{"time":0.0833,"name":"mouth2"},{"time":0.3333,"name":"mouth1"}]},"qiu":{"color":[{"color":"ffffff00"},{"time":0.125,"color":"ffffffff"},{"time":0.25,"color":"ffffff00"}]},"sai":{"color":[{"time":0.1667,"color":"ffffff00"},{"time":0.2917,"color":"ffffffff"},{"time":0.3333,"color":"ffffff00"}]},"yandi":{"color":[{"color":"ffffff00"},{"time":0.25,"color":"ffffffff"}],"attachment":[{"time":0.375,"name":null},{"time":0.6667,"name":"yandi"}]}},"bones":{"qiu":{"translate":[{},{"time":0.0417,"x":-14.41,"y":32.62},{"time":0.0833,"x":-39.98,"y":73.49},{"time":0.125,"x":-61.52,"y":134.89},{"time":0.1667,"x":-73.02,"y":228.45},{"time":0.2083,"x":-70.55,"y":322.93},{"time":0.25,"x":8.79,"y":412.26},{"time":0.6667}]},"mouth1":{"translate":[{},{"time":0.25,"x":-11.25,"y":34.18},{"time":0.4167}],"scale":[{},{"time":0.25,"x":0.8,"y":0.8},{"time":0.3333,"x":1.15,"y":1.15},{"time":0.4167}]},"sai":{"scale":[{"x":0.5,"y":0.5,"curve":"stepped"},{"time":0.1667,"x":0.5,"y":0.5},{"time":0.2917}]},"eye":{"rotate":[{},{"time":0.25,"angle":-9.17},{"time":0.6667}],"translate":[{},{"time":0.25,"x":11.51,"y":3.79},{"time":0.6667}],"scale":[{},{"time":0.25,"y":0.2},{"time":0.3333},{"time":0.375,"x":1.05,"y":1.05},{"time":0.6667}]},"jiaoye1":{"translate":[{},{"time":0.25,"x":-6.06},{"time":0.3333}],"scale":[{},{"time":0.25,"x":0.9,"y":0.9},{"time":0.3333,"x":1.1,"y":1.1},{"time":0.6667}]},"jiaoye0":{"translate":[{},{"time":0.25,"x":5.25},{"time":0.3333}],"scale":[{},{"time":0.25,"x":0.9,"y":0.9},{"time":0.3333,"x":1.1,"y":1.1},{"time":0.6667}]},"jiaoye3":{"scale":[{},{"time":0.25,"x":0.9,"y":0.9},{"time":0.375,"x":1.1,"y":1.1},{"time":0.6667}]},"jiaoye2":{"rotate":[{},{"time":0.375,"angle":-4.49},{"time":0.6667}],"scale":[{},{"time":0.25,"x":0.9,"y":0.9},{"time":0.375,"x":1.1,"y":1.1},{"time":0.6667}]},"tou":{"translate":[{"x":-45.17,"y":3.61},{"time":0.25,"x":-119.01,"y":35.4},{"time":0.375,"x":93,"y":-5.34},{"time":0.6667,"x":-45.17,"y":3.61}],"scale":[{"time":0.25},{"time":0.375,"x":1.05,"y":1.05},{"time":0.6667}]},"shenti1":{"rotate":[{"angle":2.85},{"time":0.25,"angle":4.71},{"time":0.3333,"angle":-4.49},{"time":0.6667,"angle":2.85}],"scale":[{},{"time":0.25,"x":1.05},{"time":0.6667}]},"shenti2":{"rotate":[{"angle":2.85},{"time":0.25,"angle":4.71},{"time":0.3333,"angle":-4.49},{"time":0.6667,"angle":2.85}],"scale":[{},{"time":0.25,"x":1.1},{"time":0.6667}]},"touye1":{"rotate":[{},{"time":0.25,"angle":5.59},{"time":0.3333,"angle":-9.61},{"time":0.6667}]},"shenti3":{"rotate":[{"angle":2.85},{"time":0.25,"angle":4.71},{"time":0.3333,"angle":-4.49},{"time":0.6667,"angle":2.85}],"scale":[{},{"time":0.25,"x":1.05},{"time":0.6667}]},"touye2":{"rotate":[{},{"time":0.25,"angle":5.59},{"time":0.3333,"angle":-11.43},{"time":0.6667}]},"touye3":{"rotate":[{},{"time":0.25,"angle":5.59},{"time":0.3333,"angle":-9.61},{"time":0.6667}]},"shenti4":{"rotate":[{"angle":2.85},{"time":0.25,"angle":4.71},{"time":0.3333,"angle":-4.49},{"time":0.6667,"angle":2.85}]},"touye4":{"rotate":[{},{"time":0.25,"angle":5.59},{"time":0.3333,"angle":-9.61},{"time":0.6667}]}},"events":[{"time":0.3333,"name":"gongji"}]},"gongji2":{"slots":{"mouth1":{"attachment":[{"time":0.0417,"name":"mouth2"},{"time":0.0833,"name":"mouth1"}]},"qiu":{"color":[{"color":"ffffffff"},{"time":0.0833,"color":"ffffff00"},{"time":0.125,"color":"ffffffff"}]}},"bones":{"qiu":{"translate":[{"x":-35.59,"y":58.91},{"time":0.0417,"x":-88.9,"y":225.06},{"time":0.0833,"x":7.03,"y":329.81,"curve":0.25,"c3":0.75},{"time":0.125,"x":-35.59,"y":58.91}]},"mouth1":{"translate":[{"x":-5.62,"y":17.09,"curve":0.25,"c3":0.75},{"time":0.0417,"x":-11.25,"y":34.18},{"time":0.0833,"x":-5.62,"y":17.09}],"scale":[{"x":0.9,"y":0.9,"curve":0.25,"c3":0.75},{"time":0.0417,"x":0.8,"y":0.8},{"time":0.0833,"x":1.15,"y":1.15},{"time":0.125,"x":0.9,"y":0.9}]},"sai":{"scale":[{"x":0.5,"y":0.5,"curve":0.25,"c3":0.75},{"time":0.0833,"curve":0.25,"c3":0.75},{"time":0.125,"x":0.5,"y":0.5}]},"eye":{"rotate":[{"angle":-4.58,"curve":0.25,"c3":0.75},{"time":0.0417,"angle":-9.17},{"time":0.0833,"angle":-7.34,"curve":0.25,"c3":0.75},{"time":0.125,"angle":-4.58}],"translate":[{"x":5.76,"y":1.89,"curve":0.25,"c3":0.75},{"time":0.0417,"x":11.51,"y":3.79},{"time":0.0833,"x":9.21,"y":3.03,"curve":0.25,"c3":0.75},{"time":0.125,"x":5.76,"y":1.89}]},"jiaoye1":{"translate":[{"x":-3.03,"curve":0.25,"c3":0.75},{"time":0.0417,"x":-6.06},{"time":0.0833},{"time":0.125,"x":-3.03}],"scale":[{"x":0.95,"y":0.95,"curve":0.25,"c3":0.75},{"time":0.0417,"x":0.9,"y":0.9},{"time":0.0833,"x":1.1,"y":1.1},{"time":0.125,"x":0.95,"y":0.95}]},"jiaoye0":{"translate":[{"x":2.63,"curve":0.25,"c3":0.75},{"time":0.0417,"x":5.25},{"time":0.0833},{"time":0.125,"x":2.63}],"scale":[{"x":0.95,"y":0.95,"curve":0.25,"c3":0.75},{"time":0.0417,"x":0.9,"y":0.9},{"time":0.0833,"x":1.1,"y":1.1},{"time":0.125,"x":0.95,"y":0.95}]},"jiaoye3":{"scale":[{"x":0.95,"y":0.95,"curve":0.25,"c3":0.75},{"time":0.0417,"x":0.9,"y":0.9},{"time":0.0833,"x":1.033,"y":1.033,"curve":0.25,"c3":0.75},{"time":0.125,"x":0.95,"y":0.95}]},"jiaoye2":{"rotate":[{"angle":-1.5,"curve":0.242,"c3":0.667,"c4":0.67},{"time":0.0833,"angle":-3.94,"curve":0.379,"c2":0.6,"c3":0.724},{"time":0.125,"angle":-1.5}],"scale":[{"x":0.95,"y":0.95,"curve":0.25,"c3":0.75},{"time":0.0417,"x":0.9,"y":0.9},{"time":0.0833,"x":1.033,"y":1.033,"curve":0.25,"c3":0.75},{"time":0.125,"x":0.95,"y":0.95}]},"tou":{"translate":[{"x":-82.09,"y":19.51,"curve":0.25,"c3":0.75},{"time":0.0417,"x":-119.01,"y":35.4},{"time":0.0833,"x":22.33,"y":8.24,"curve":0.25,"c3":0.75},{"time":0.125,"x":-82.09,"y":19.51}],"scale":[{"time":0.0417},{"time":0.0833,"x":1.033,"y":1.033,"curve":0.25,"c3":0.75},{"time":0.125}]},"shenti1":{"rotate":[{"angle":3.78,"curve":0.25,"c3":0.75},{"time":0.0417,"angle":4.71},{"time":0.0833,"angle":-4.49},{"time":0.125,"angle":3.78}],"scale":[{"x":1.025,"curve":0.25,"c3":0.75},{"time":0.0417,"x":1.05},{"time":0.0833,"x":1.04,"curve":0.25,"c3":0.75},{"time":0.125,"x":1.025}]},"shenti2":{"rotate":[{"angle":3.78,"curve":0.25,"c3":0.75},{"time":0.0417,"angle":4.71},{"time":0.0833,"angle":-4.49},{"time":0.125,"angle":3.78}],"scale":[{"x":1.05,"curve":0.25,"c3":0.75},{"time":0.0417,"x":1.1},{"time":0.0833,"x":1.08,"curve":0.25,"c3":0.75},{"time":0.125,"x":1.05}]},"touye1":{"rotate":[{"angle":2.8,"curve":0.25,"c3":0.75},{"time":0.0417,"angle":5.59},{"time":0.0833,"angle":-9.61},{"time":0.125,"angle":2.8}]},"shenti3":{"rotate":[{"angle":3.78,"curve":0.25,"c3":0.75},{"time":0.0417,"angle":4.71},{"time":0.0833,"angle":-4.49},{"time":0.125,"angle":3.78}],"scale":[{"x":1.025,"curve":0.25,"c3":0.75},{"time":0.0417,"x":1.05},{"time":0.0833,"x":1.04,"curve":0.25,"c3":0.75},{"time":0.125,"x":1.025}]},"touye2":{"rotate":[{"angle":2.79,"curve":0.25,"c3":0.75},{"time":0.0417,"angle":5.59},{"time":0.0833,"angle":-11.43},{"time":0.125,"angle":2.79}]},"touye3":{"rotate":[{"angle":2.8,"curve":0.25,"c3":0.75},{"time":0.0417,"angle":5.59},{"time":0.0833,"angle":-9.61},{"time":0.125,"angle":2.8}]},"shenti4":{"rotate":[{"angle":3.78,"curve":0.25,"c3":0.75},{"time":0.0417,"angle":4.71},{"time":0.0833,"angle":-4.49},{"time":0.125,"angle":3.78}]},"touye4":{"rotate":[{"angle":2.8,"curve":0.25,"c3":0.75},{"time":0.0417,"angle":5.59},{"time":0.0833,"angle":-9.61},{"time":0.125,"angle":2.8}]}},"events":[{"time":0.0833,"name":"gongji"}]}}},[0]]],0,0,[0],[-1],[0]]