[1,["9863p6roNAnKE2oXVKkGud"],["_texture"],[["dragonBones.DragonBonesAtlasAsset",["_name","_atlasJson"],1]],[[0,0,1,3]],[[0,"zidan_tex","{\"width\":256,\"SubTexture\":[{\"width\":57,\"y\":1,\"height\":58,\"name\":\"yangguang\",\"x\":1},{\"width\":28,\"y\":198,\"height\":26,\"name\":\"wandouzidan\",\"x\":142},{\"frameY\":0,\"y\":181,\"frameWidth\":43,\"frameHeight\":43,\"width\":38,\"height\":43,\"name\":\"03juanxincai\",\"frameX\":-3,\"x\":1},{\"width\":22,\"y\":200,\"height\":13,\"name\":\"maoweicaozidan\",\"x\":94},{\"frameY\":-1,\"y\":61,\"frameWidth\":45,\"frameHeight\":45,\"width\":40,\"height\":45,\"name\":\"04xigua\",\"frameX\":-3,\"x\":53},{\"width\":48,\"y\":148,\"height\":31,\"name\":\"hanbing\",\"x\":108},{\"frameY\":-1,\"y\":148,\"frameWidth\":57,\"frameHeight\":34,\"width\":53,\"height\":31,\"name\":\"huoyanzidan/5\",\"frameX\":0,\"x\":1},{\"frameY\":0,\"y\":113,\"frameWidth\":56,\"frameHeight\":33,\"width\":56,\"height\":33,\"name\":\"huoyanzidan/2\",\"frameX\":0,\"x\":1},{\"frameY\":0,\"y\":181,\"frameWidth\":55,\"frameHeight\":33,\"width\":51,\"height\":31,\"name\":\"huoyanzidan/1\",\"frameX\":-2,\"x\":41},{\"frameY\":-4,\"y\":148,\"frameWidth\":57,\"frameHeight\":33,\"width\":53,\"height\":28,\"name\":\"huoyanzidan/3\",\"frameX\":-4,\"x\":158},{\"frameY\":0,\"y\":148,\"frameWidth\":57,\"frameHeight\":34,\"width\":50,\"height\":31,\"name\":\"huoyanzidan/4\",\"frameX\":-4,\"x\":56},{\"frameY\":-2,\"y\":181,\"frameWidth\":50,\"frameHeight\":20,\"width\":46,\"height\":17,\"name\":\"huixuan/h03\",\"frameX\":-2,\"x\":94},{\"width\":50,\"y\":32,\"height\":20,\"name\":\"huixuan/h01\",\"x\":60},{\"frameY\":-2,\"y\":178,\"frameWidth\":50,\"frameHeight\":20,\"width\":46,\"height\":18,\"name\":\"huixuan/h00\",\"frameX\":-2,\"x\":208},{\"frameY\":-2,\"y\":178,\"frameWidth\":50,\"frameHeight\":20,\"width\":48,\"height\":18,\"name\":\"huixuan/h02\",\"frameX\":0,\"x\":158},{\"width\":50,\"y\":61,\"height\":50,\"name\":\"qipao\",\"x\":1},{\"width\":59,\"y\":1,\"height\":29,\"name\":\"0\",\"x\":60}],\"height\":256,\"name\":\"zidan\",\"imagePath\":\"zidan_tex.png\"}"]],0,0,[0],[0],[0]]