[1,0,0,[["dragonBones.DragonBonesAsset",["_name","_dragonBonesJson"],1]],[[0,0,1,3]],[[0,"07_caiwen_ske","{\"frameRate\":24,\"name\":\"07_caiwen\",\"version\":\"5.5\",\"compatibleVersion\":\"5.5\",\"armature\":[{\"type\":\"Armature\",\"frameRate\":24,\"name\":\"Armature\",\"aabb\":{\"x\":-59.8,\"y\":-104.14,\"width\":178.98,\"height\":105.93},\"bone\":[{\"name\":\"root\"},{\"name\":\"shenti0\",\"parent\":\"root\",\"transform\":{\"x\":-0.333,\"y\":-0.5744}},{\"name\":\"0\",\"parent\":\"root\",\"transform\":{\"x\":94.1039,\"y\":-27.7661,\"scX\":2,\"scY\":2}},{\"length\":64,\"name\":\"quanfeng\",\"parent\":\"root\",\"transform\":{\"x\":21.6954,\"y\":-29.552,\"skX\":167.5188,\"skY\":167.5188}},{\"name\":\"youshou\",\"parent\":\"shenti0\",\"transform\":{\"x\":-8.739,\"y\":-1.278,\"skX\":180,\"skY\":180}},{\"length\":15,\"name\":\"shenti01\",\"parent\":\"shenti0\",\"transform\":{\"x\":0.009,\"y\":-2.664,\"skX\":-89.202,\"skY\":-89.202}},{\"name\":\"zuoshou\",\"parent\":\"shenti0\",\"transform\":{\"x\":9.153,\"y\":-1.98}},{\"length\":13,\"name\":\"zuoshou1\",\"parent\":\"zuoshou\",\"transform\":{\"x\":1.395,\"y\":0.423,\"skX\":-12.1348,\"skY\":-12.1348}},{\"length\":17,\"name\":\"shenti02\",\"parent\":\"shenti01\",\"transform\":{\"x\":16.1549,\"y\":-0.117,\"skX\":-0.0968,\"skY\":-0.0968}},{\"length\":10,\"name\":\"youshou1\",\"parent\":\"youshou\",\"transform\":{\"x\":1.503,\"skX\":1.9159,\"skY\":1.9159}},{\"name\":\"caiwen/eye1\",\"parent\":\"shenti02\",\"transform\":{\"x\":20.5893,\"y\":7.2096}},{\"name\":\"zui\",\"parent\":\"shenti02\",\"transform\":{\"x\":9.0357,\"y\":1.3925,\"skX\":89.2988,\"skY\":89.2988}},{\"length\":16,\"name\":\"shenti03\",\"parent\":\"shenti02\",\"transform\":{\"x\":17.7583,\"y\":-0.0013,\"skX\":-2.1653,\"skY\":-2.1653}},{\"name\":\"caiwen/eye11\",\"parent\":\"shenti02\",\"transform\":{\"x\":19.8913,\"y\":-4.882,\"scY\":-1}},{\"name\":\"eye0\",\"parent\":\"shenti02\",\"transform\":{\"x\":17.5146,\"y\":1.0839}},{\"length\":12,\"name\":\"zuoshou2\",\"parent\":\"zuoshou1\",\"transform\":{\"x\":13.6028,\"y\":-0.2419,\"skX\":-17.5091,\"skY\":-17.5091}},{\"length\":10,\"name\":\"youshou2\",\"parent\":\"youshou1\",\"transform\":{\"x\":10.0948,\"y\":0.0045,\"skX\":7.6542,\"skY\":7.6542}},{\"name\":\"toufa1\",\"parent\":\"shenti03\",\"transform\":{\"x\":7.2262,\"y\":-1.2957}},{\"length\":10,\"name\":\"youshou3\",\"parent\":\"youshou2\",\"transform\":{\"x\":10.3645,\"y\":-0.0224,\"skX\":14.2616,\"skY\":14.2616}},{\"name\":\"toufa0\",\"parent\":\"shenti03\",\"transform\":{\"x\":16.4829,\"y\":-5.5761}},{\"name\":\"yanpi1\",\"parent\":\"caiwen/eye1\",\"transform\":{\"x\":1.0793,\"y\":-0.815,\"skX\":-0.7012,\"skY\":-0.7012}},{\"name\":\"yanpi11\",\"parent\":\"caiwen/eye11\",\"transform\":{\"x\":1.0793,\"y\":-0.815,\"skX\":-0.7012,\"skY\":-0.7012}},{\"length\":10,\"name\":\"shenti04\",\"parent\":\"shenti03\",\"transform\":{\"x\":18.2227,\"y\":-0.3805,\"skX\":-2.0056,\"skY\":-2.0056}},{\"length\":12,\"name\":\"zuoshou3\",\"parent\":\"zuoshou2\",\"transform\":{\"x\":13.2282,\"y\":-0.0624,\"skX\":-15.7474,\"skY\":-15.7474}},{\"length\":11,\"name\":\"toufa01\",\"parent\":\"toufa0\",\"transform\":{\"x\":2.7602,\"y\":-3.3776,\"skX\":-64.8371,\"skY\":-64.8371}},{\"length\":10,\"name\":\"toufa11\",\"parent\":\"toufa1\",\"transform\":{\"x\":1.5842,\"y\":-5.2712,\"skX\":-53.2244,\"skY\":-53.2244}},{\"length\":14,\"name\":\"zuoshou4\",\"parent\":\"zuoshou3\",\"transform\":{\"x\":13.5629,\"y\":-0.1428,\"skX\":-21.7609,\"skY\":-21.7609}},{\"length\":15,\"name\":\"youshou4\",\"parent\":\"youshou3\",\"transform\":{\"x\":11.6537,\"y\":0.0769,\"skX\":49.3985,\"skY\":49.3985}},{\"length\":14,\"name\":\"shenti05\",\"parent\":\"shenti04\",\"transform\":{\"x\":10.9985,\"y\":1.5144,\"skX\":48.4697,\"skY\":48.4697}},{\"length\":20,\"name\":\"shenti06\",\"parent\":\"shenti04\",\"transform\":{\"x\":12.7041,\"y\":-0.2937,\"skX\":-25.6165,\"skY\":-25.6165}},{\"length\":24,\"name\":\"shenti07\",\"parent\":\"shenti04\",\"transform\":{\"x\":11.4004,\"y\":-1.5449,\"skX\":-83.8179,\"skY\":-83.8179}},{\"length\":8,\"name\":\"toufa03\",\"parent\":\"toufa0\",\"transform\":{\"x\":4.0239,\"y\":7.4132,\"skX\":46.998,\"skY\":46.998}},{\"length\":8,\"name\":\"toufa12\",\"parent\":\"toufa1\",\"transform\":{\"x\":2.8724,\"y\":1.0367,\"skX\":61.7796,\"skY\":61.7796}},{\"length\":9,\"name\":\"toufa13\",\"parent\":\"toufa11\",\"transform\":{\"x\":10.0022,\"y\":0.1173,\"skX\":-29.2589,\"skY\":-29.2589}},{\"length\":16,\"name\":\"zuoshou5\",\"parent\":\"zuoshou4\",\"transform\":{\"x\":14.4633,\"y\":-0.3026,\"skX\":-62.9623,\"skY\":-62.9623}},{\"length\":13,\"name\":\"toufa02\",\"parent\":\"toufa01\",\"transform\":{\"x\":13.0936,\"y\":0.3171,\"skX\":-19.0207,\"skY\":-19.0207}},{\"length\":10,\"name\":\"toufa04\",\"parent\":\"toufa03\",\"transform\":{\"x\":10.0639,\"y\":-0.4629,\"skX\":-3.4368,\"skY\":-3.4368}},{\"length\":6,\"name\":\"toufa15\",\"parent\":\"toufa12\",\"transform\":{\"x\":8.9343,\"y\":-0.2322,\"skX\":-2.3449,\"skY\":-2.3449}},{\"length\":9,\"name\":\"toufa14\",\"parent\":\"toufa13\",\"transform\":{\"x\":10.2946,\"y\":0.0397,\"skX\":-14.1386,\"skY\":-14.1386}},{\"length\":9,\"name\":\"toufa16\",\"parent\":\"toufa15\",\"transform\":{\"x\":7.2112,\"y\":0.0631,\"skX\":14.6033,\"skY\":14.6033}}],\"slot\":[{\"name\":\"youshou\",\"parent\":\"youshou4\"},{\"name\":\"zuoshou\",\"parent\":\"zuoshou5\"},{\"name\":\"toufa1\",\"parent\":\"toufa16\"},{\"name\":\"toufa0\",\"parent\":\"toufa04\"},{\"name\":\"shenti0\",\"parent\":\"shenti07\"},{\"name\":\"zui\",\"parent\":\"zui\"},{\"name\":\"eye0\",\"parent\":\"eye0\"},{\"name\":\"caiwen/eye1\",\"parent\":\"caiwen/eye1\"},{\"displayIndex\":-1,\"name\":\"yanpi1\",\"parent\":\"yanpi1\"},{\"displayIndex\":-1,\"name\":\"caiwen/eye11\",\"parent\":\"caiwen/eye11\"},{\"displayIndex\":-1,\"name\":\"yanpi11\",\"parent\":\"yanpi11\"},{\"name\":\"quanfeng\",\"parent\":\"quanfeng\"},{\"name\":\"0\",\"parent\":\"0\"}],\"skin\":[{\"slot\":[{\"name\":\"eye0\",\"display\":[{\"name\":\"caiwen/eye0\",\"transform\":{\"skX\":89.3,\"skY\":89.3}}]},{\"name\":\"shenti0\",\"display\":[{\"type\":\"mesh\",\"name\":\"caiwen/shenti0\",\"width\":60,\"height\":90,\"vertices\":[-0.14,-8.03,6.34,-8.03,12.46,-9.51,17.05,-12.58,20.73,-16.45,23.37,-21.35,24.12,-25.33,24.12,-33.09,24.12,-37.17,22.76,-43.29,20.11,-50.44,16.95,-56.76,13.58,-62.07,10.62,-67.08,8.68,-70.55,9.33,-69.37,9.57,-71.54,11.07,-73.11,13.22,-74.47,15.69,-75.91,16.84,-77.62,17.6,-80.23,17.28,-83.97,16.37,-87.18,14.9,-89.26,12.86,-90.6,11.48,-90.65,10.01,-90.21,9.48,-89.62,8.86,-89.44,8.45,-89.98,8.01,-91.59,6.98,-93.03,6.09,-93.59,5.09,-93.71,4.39,-94.95,2.92,-96.3,1.59,-97.3,0.36,-97.83,-0.91,-98.03,-2.56,-98.03,-4.63,-98.03,-5.92,-97.57,-6.83,-97.05,-7.23,-96.37,-8.42,-96.99,-10.2,-97.54,-12.13,-98.03,-13.82,-98.03,-16.05,-98.03,-17.81,-98.03,-19.31,-97.57,-20.85,-96.92,-22.42,-95.89,-23.06,-95.04,-24.73,-94.83,-26.82,-94.12,-28.61,-92.93,-29.88,-91.54,-30.32,-90.6,-30.62,-89.87,-31.71,-89.27,-33.26,-88.27,-34.33,-87.3,-34.95,-86.03,-35.21,-84.41,-34.56,-83.58,-35.71,-82.86,-36.3,-81.79,-36.36,-80.47,-36.36,-78.37,-36.36,-76.38,-35.74,-74.85,-34.33,-73.81,-32.38,-73.49,-30.06,-72.99,-28.58,-72.25,-27.91,-70.35,-26.23,-68.66,-23.17,-68.34,-19.87,-68.13,-16.78,-67.64,-14.1,-67.11,-12.69,-66.75,-13.31,-64.96,-14.34,-62.45,-15.52,-60.04,-16.9,-57.36,-18.08,-55,-19.75,-52.15,-21.64,-49.18,-23.88,-45.2,-25.61,-41.93,-27.64,-37.07,-28.49,-33.72,-28.79,-30.24,-28.14,-26.21,-26.94,-22.66,-24.81,-19.5,-22.26,-16.88,-18.67,-13.96,-15.16,-11.76,-11.12,-9.61,-6.3,-8.03,-3.2,-8.03],\"uvs\":[0.59896,1,0.70595,1,0.80714,0.9836,0.88304,0.9495,0.9439,0.9064,0.98765,0.852,1,0.8078,1,0.7216,1,0.6762,0.97753,0.6082,0.93363,0.5288,0.8814,0.4585,0.82574,0.3995,0.77679,0.3439,0.74464,0.3053,0.75551,0.3185,0.75938,0.2943,0.78423,0.2769,0.81979,0.2618,0.86057,0.2458,0.87961,0.2268,0.89226,0.1978,0.8869,0.1562,0.87187,0.1206,0.84747,0.0974,0.81384,0.0826,0.79107,0.082,0.76667,0.0869,0.75789,0.0934,0.74762,0.0954,0.74092,0.0895,0.73363,0.0715,0.71667,0.0555,0.70193,0.0493,0.68542,0.048,0.67381,0.0342,0.6494,0.0192,0.62753,0.0081,0.60714,0.0022,0.58616,0,0.55893,0,0.5247,0,0.50327,0.0051,0.48824,0.0109,0.4817,0.0185,0.4619,0.0116,0.43259,0.0054,0.4006,0,0.37262,0,0.33586,0,0.3067,0,0.28185,0.0051,0.2564,0.0123,0.23051,0.0238,0.21994,0.0332,0.19226,0.0355,0.15774,0.0434,0.12812,0.0567,0.10714,0.0721,0.09985,0.0826,0.09494,0.0907,0.07693,0.0973,0.05119,0.1084,0.03363,0.1192,0.02336,0.1333,0.01905,0.1513,0.02976,0.1606,0.01071,0.1686,0.00104,0.1804,0,0.1951,0,0.2184,0,0.2406,0.01027,0.2576,0.03363,0.2691,0.06577,0.2727,0.10417,0.2782,0.12857,0.2864,0.13973,0.3076,0.16756,0.3263,0.21815,0.3299,0.27262,0.3322,0.32366,0.3377,0.36801,0.3436,0.39137,0.3476,0.3811,0.3675,0.36414,0.3953,0.34464,0.4221,0.32173,0.4519,0.30223,0.4781,0.27455,0.5098,0.24345,0.5428,0.2064,0.587,0.17768,0.6233,0.1442,0.6773,0.13006,0.7146,0.12515,0.7532,0.13586,0.798,0.1558,0.8374,0.19092,0.8726,0.23318,0.9017,0.29256,0.9341,0.3506,0.9586,0.41726,0.9825,0.49702,1,0.54821,1],\"triangles\":[90,91,9,3,4,6,1,3,6,4,5,6,0,1,6,9,91,7,91,0,7,0,6,7,9,7,8,91,104,0,10,89,9,89,90,9,91,101,104,1,2,3,11,88,10,88,89,10,91,92,101,92,100,101,101,102,104,86,87,12,12,87,11,87,88,11,29,18,22,22,18,21,18,20,21,23,28,22,28,29,22,18,19,20,24,28,23,29,17,18,25,28,24,92,93,99,92,99,100,84,85,13,13,85,12,85,86,12,26,28,25,27,28,26,29,16,17,44,83,30,30,83,29,29,83,14,29,14,16,15,83,13,83,84,13,34,44,30,83,15,14,32,30,31,93,94,99,32,34,30,96,98,99,94,96,99,102,103,104,34,32,33,82,83,44,39,40,36,36,40,34,40,44,34,36,34,35,38,39,37,37,39,36,94,95,96,81,82,44,96,97,98,48,54,44,54,81,44,41,44,40,46,48,44,42,44,41,54,80,81,49,54,48,45,46,44,43,44,42,54,76,80,47,48,46,60,76,54,51,54,49,52,54,51,76,79,80,50,51,49,60,66,76,66,75,76,55,60,54,53,54,52,56,60,55,57,59,56,59,60,56,76,77,79,61,66,60,58,59,57,77,78,79,66,74,75,66,69,74,62,66,61,69,71,74,63,66,62,64,66,63,71,73,74,67,68,66,68,69,66,71,72,73,65,66,64],\"weights\":[1,1,1,1,1,1,1,1,1,3,1,0.389085,5,0.397779,8,0.213136,1,5,1,1,5,1,4,1,0.217791,5,0.307626,8,0.299552,12,0.175031,4,1,0.16028,8,0.306928,5,0.296161,12,0.236631,3,8,0.363047,5,0.319212,12,0.317741,4,8,0.314135,12,0.308598,5,0.217317,22,0.15995,4,12,0.32738,8,0.318124,22,0.206766,5,0.14773,3,12,0.41,22,0.3,8,0.29,3,12,0.44,22,0.37,8,0.19,2,22,0.52,12,0.48,4,22,0.301692,28,0.298141,12,0.217251,29,0.182916,2,22,0.56,12,0.44,4,28,0.334501,22,0.277636,29,0.193961,12,0.193901,4,28,0.385399,22,0.240663,29,0.19714,30,0.176798,4,28,0.425252,22,0.2132,29,0.191613,30,0.169935,4,28,0.463299,22,0.192879,29,0.182288,30,0.161534,4,28,0.513903,22,0.172026,29,0.166975,30,0.147096,4,28,0.604192,29,0.137858,22,0.1376,30,0.12035,4,28,0.73528,29,0.093879,22,0.089977,30,0.080864,4,28,0.810608,29,0.068046,22,0.063183,30,0.058163,4,28,0.842363,29,0.057612,22,0.051649,30,0.048375,4,28,0.853759,29,0.055321,22,0.046596,30,0.044323,4,28,0.865219,29,0.052197,22,0.042196,30,0.040389,4,28,0.877714,29,0.048553,22,0.037586,30,0.036147,4,28,0.894811,29,0.041959,22,0.032254,30,0.030976,4,28,0.884676,29,0.046609,22,0.035003,30,0.033712,4,28,0.845311,29,0.063707,22,0.046172,30,0.04481,4,28,0.754015,29,0.105168,22,0.070934,30,0.069883,4,28,0.651289,29,0.157683,30,0.095563,22,0.095465,4,28,0.591142,29,0.192753,30,0.108633,22,0.107472,4,28,0.537694,29,0.227571,30,0.118542,22,0.116193,4,28,0.476593,29,0.269796,30,0.128632,22,0.124979,4,28,0.390238,29,0.340975,30,0.13722,22,0.131567,4,29,0.403545,28,0.327343,30,0.138039,22,0.131073,4,29,0.461115,28,0.277955,30,0.134375,22,0.126554,4,29,0.522445,28,0.231972,30,0.126983,22,0.118601,4,29,0.607402,28,0.176822,30,0.112181,22,0.103595,4,29,0.717897,28,0.11615,30,0.08734,22,0.078614,4,29,0.790802,28,0.081269,30,0.068203,22,0.059726,4,29,0.843071,28,0.058395,30,0.05317,22,0.045364,4,29,0.871524,28,0.046616,30,0.04454,22,0.03732,4,29,0.913932,30,0.030861,28,0.030066,22,0.02514,4,29,0.957886,30,0.01589,28,0.013915,22,0.012309,4,29,0.963791,30,0.014407,28,0.011308,22,0.010494,4,29,0.947585,30,0.021944,28,0.015525,22,0.014946,4,29,0.89324,30,0.047648,28,0.029606,22,0.029506,4,29,0.833786,30,0.07785,22,0.044515,28,0.043849,4,29,0.778446,30,0.109047,22,0.057053,28,0.055454,4,29,0.714291,30,0.148452,22,0.069892,28,0.067365,4,29,0.638929,30,0.20015,22,0.082177,28,0.078744,4,29,0.598033,30,0.231584,22,0.087165,28,0.083217,4,29,0.532338,30,0.28168,22,0.095243,28,0.090739,4,29,0.448762,30,0.354329,22,0.100999,28,0.09591,4,30,0.431885,29,0.371166,22,0.101206,28,0.095744,4,30,0.502096,29,0.308504,22,0.097502,28,0.091898,4,30,0.542819,29,0.27541,22,0.093688,28,0.088084,4,30,0.574044,29,0.251124,22,0.090193,28,0.084639,4,30,0.605937,29,0.224988,22,0.087254,28,0.081821,4,30,0.646019,29,0.193018,22,0.083109,28,0.077855,3,30,0.729261,29,0.184788,22,0.085952,3,30,0.761865,29,0.158613,22,0.079522,3,30,0.800744,29,0.129021,22,0.070236,4,30,0.783762,29,0.103741,22,0.058333,28,0.054165,3,30,0.827434,29,0.108537,22,0.064029,3,30,0.836493,29,0.100765,22,0.062742,3,30,0.853313,29,0.088364,22,0.058323,3,30,0.870842,29,0.075182,22,0.053976,3,30,0.875192,29,0.070471,22,0.054337,4,30,0.841109,29,0.062191,22,0.050408,28,0.046292,4,30,0.861904,29,0.052994,22,0.04446,28,0.040642,4,30,0.895771,29,0.039683,22,0.033816,28,0.03073,4,30,0.918727,29,0.030556,22,0.026679,28,0.024038,4,30,0.904864,29,0.035155,22,0.031677,28,0.028304,4,30,0.835272,29,0.058478,22,0.056363,12,0.049887,4,30,0.750723,22,0.086732,29,0.083778,12,0.078766,4,30,0.694935,22,0.10829,29,0.099476,12,0.097298,4,30,0.626507,22,0.136206,12,0.119948,29,0.11734,4,30,0.530233,22,0.17763,12,0.15389,29,0.138246,4,30,0.429046,22,0.226464,12,0.193066,29,0.151424,4,30,0.368874,22,0.258862,12,0.21909,29,0.153174,2,22,0.54,12,0.46,2,22,0.53,12,0.47,3,12,0.41,22,0.38,8,0.21,3,12,0.4,22,0.34,8,0.26,3,12,0.39,22,0.31,8,0.3,3,12,0.38,8,0.34,22,0.28,3,12,0.39,8,0.36,22,0.25,4,8,0.3046,12,0.303083,5,0.202903,22,0.189414,4,8,0.301624,12,0.290555,5,0.234616,22,0.173205,3,8,0.358312,5,0.32425,12,0.317438,3,8,0.359625,5,0.345227,12,0.295149,4,1,0.197105,8,0.293719,5,0.290323,12,0.218853,4,1,0.222659,5,0.293824,8,0.292823,12,0.190694,3,1,0.297219,5,0.360214,8,0.342568,1,5,1,1,5,1,1,5,1,3,1,0.409855,5,0.413168,8,0.176977,1,1,1,1,1,1,1,1,1],\"slotPose\":[1,0,0,1,0,0],\"bonePose\":[1,1,0,0,1,-0.333,-10.035,5,0.013928,-0.999903,0.999903,0.013928,-0.324,-12.699,8,0.012238,-0.999925,0.999925,0.012238,-0.216,-28.854,12,-0.025551,-0.999674,0.999674,-0.025551,0,-46.611,22,-0.060521,-0.998167,0.998167,-0.060521,-0.846,-64.818,28,0.707107,-0.707107,0.707107,0.707107,0,-75.888,29,-0.486125,-0.873889,0.873889,-0.486125,-1.908,-77.481,30,-0.99888,-0.047323,0.047323,-0.99888,-3.078,-76.104],\"edges\":[0,1,1,2,2,3,3,4,4,5,5,6,6,7,7,8,8,9,9,10,10,11,11,12,12,13,13,15,15,14,14,16,16,17,17,18,18,19,19,20,20,21,21,22,22,23,23,24,24,25,25,26,26,27,27,28,28,29,29,30,30,31,31,32,32,33,33,34,34,35,35,36,36,37,37,38,38,39,39,40,40,41,41,42,42,43,43,44,44,45,45,46,46,47,47,48,48,49,49,50,50,51,51,52,52,53,53,54,54,55,55,56,56,57,57,58,58,59,59,60,60,61,61,62,62,63,63,64,64,65,65,66,66,67,67,68,68,69,69,70,70,71,71,72,72,73,73,74,74,75,75,76,76,77,77,78,78,79,79,80,80,81,81,82,82,83,83,84,84,85,85,86,86,87,87,88,88,89,89,90,90,91,91,92,92,93,93,94,94,95,95,96,96,97,97,98,98,99,99,100,100,101,101,102,102,103,103,104,104,0],\"userEdges\":[]}]},{\"name\":\"quanfeng\",\"display\":[{\"name\":\"caiwen/quanfeng\",\"transform\":{\"x\":28.12,\"y\":3.28,\"skX\":-167.52,\"skY\":-167.52}}]},{\"name\":\"toufa1\",\"display\":[{\"type\":\"mesh\",\"name\":\"caiwen/toufa1\",\"width\":62,\"height\":25,\"vertices\":[-85.96,-52.63,-87.04,-54.49,-89.12,-55.46,-91.35,-55.55,-93.47,-55.01,-96.23,-54.28,-98.4,-53.87,-100.04,-53.96,-100.76,-55.14,-101.76,-55.68,-103.48,-55.73,-105.51,-55.41,-107.05,-55.95,-107.64,-57,-108.05,-57.9,-108.05,-60.25,-108.05,-62.34,-106.69,-64.2,-104.97,-65.78,-103.21,-66.72,-102.39,-66.87,-102.57,-68.22,-102.07,-70.13,-100.85,-71.3,-99.04,-72.02,-97.5,-72.2,-96.32,-72.25,-96.01,-73.89,-95.06,-75.56,-93.15,-76.43,-91.08,-76.97,-89.31,-76.83,-87.09,-76.83,-84.65,-76.61,-69.57,-77.47,-59.88,-77.47,-56.98,-77.47,-55.54,-76.1,-54.18,-74.49,-53.09,-72.22,-52.68,-71.46,-51.28,-71.18,-49.11,-70.58,-47.34,-69.32,-46.31,-66.91,-46.31,-65.01,-46.31,-63.61,-47.47,-61.57,-48.74,-59.71,-49.83,-59.04,-52.68,-58.49,-54.9,-57.77,-56.39,-56.73,-57.34,-55.46,-58.3,-53.92,-58.7,-52.63],\"uvs\":[0.36016,0.98,0.34281,0.908,0.30968,0.87078,0.27425,0.86731,0.24041,0.88818,0.19638,0.91635,0.16181,0.932,0.13571,0.92852,0.12424,0.88295,0.10832,0.86208,0.08092,0.86035,0.04851,0.87252,0.02398,0.85165,0.01452,0.81131,0.00806,0.77617,0.00806,0.6854,0.00806,0.6047,0.02972,0.53304,0.05711,0.47182,0.08523,0.43531,0.09828,0.42974,0.09541,0.37756,0.10329,0.30382,0.1228,0.25826,0.15163,0.23043,0.17616,0.22348,0.19494,0.22173,0.19996,0.15843,0.21502,0.09374,0.24542,0.06035,0.27856,0.03948,0.30667,0.04469,0.34209,0.04469,0.38096,0.05339,0.62133,0.02,0.77565,0.02,0.82183,0.02,0.84493,0.07287,0.86658,0.13513,0.88394,0.22278,0.89039,0.25235,0.91276,0.26313,0.94733,0.28644,0.97558,0.33513,0.99194,0.428,0.99194,0.50139,0.99194,0.55565,0.97344,0.63461,0.95321,0.70627,0.93585,0.73235,0.89039,0.75356,0.85511,0.7814,0.8313,0.82173,0.8161,0.87078,0.8009,0.93026,0.79444,0.98],\"triangles\":[41,47,45,42,41,45,45,47,46,42,45,44,43,42,44,40,50,41,49,48,47,50,49,47,41,50,47,40,51,50,52,51,40,35,34,52,35,52,40,35,40,39,38,35,39,52,34,53,37,35,38,36,35,37,34,54,53,1,0,34,34,0,54,54,0,55,33,1,34,26,3,2,26,2,32,31,26,32,32,2,33,2,1,33,20,4,3,26,20,3,29,26,30,30,26,31,27,26,29,20,5,4,25,20,26,20,8,5,28,27,29,20,9,8,20,25,24,21,20,23,23,20,24,8,6,5,20,18,9,22,21,23,18,20,19,17,10,9,18,17,9,8,7,6,17,15,10,16,15,17,14,13,10,15,14,10,13,11,10,13,12,11],\"weights\":[1,17,1,1,17,1,4,17,0.052887,33,0.422845,25,0.357127,38,0.167142,4,17,0.04471,33,0.435772,25,0.266404,38,0.253115,4,17,0.043526,33,0.412648,38,0.339382,25,0.204445,4,17,0.042993,38,0.403647,33,0.394498,25,0.158863,4,17,0.041721,38,0.454268,33,0.369078,25,0.134933,4,17,0.038247,38,0.510431,33,0.33514,25,0.116182,4,17,0.028629,38,0.580055,33,0.301606,25,0.089711,4,17,0.023805,38,0.648093,33,0.255024,25,0.073079,4,17,0.021307,38,0.720229,33,0.197517,25,0.060947,4,17,0.02057,38,0.769581,33,0.155773,25,0.054076,4,17,0.017447,38,0.815461,33,0.122822,25,0.04427,4,17,0.01288,38,0.861267,33,0.092999,25,0.032854,3,38,0.900342,33,0.073916,25,0.025742,3,38,0.952215,33,0.036046,25,0.011739,3,38,0.937928,33,0.047105,25,0.014967,3,38,0.892116,33,0.083599,25,0.024285,4,17,0.014443,38,0.770947,33,0.169753,25,0.044857,4,38,0.673656,33,0.24877,25,0.059662,32,0.017912,4,38,0.643091,33,0.276457,25,0.062396,32,0.018056,4,38,0.580915,33,0.312975,25,0.081628,32,0.024483,4,38,0.503895,33,0.353906,25,0.108692,32,0.033507,4,38,0.455162,33,0.37803,25,0.127783,32,0.039024,4,38,0.420217,33,0.391836,25,0.145192,32,0.042755,4,38,0.40521,33,0.393169,25,0.157288,32,0.044333,4,38,0.397276,33,0.388929,25,0.16809,32,0.045705,4,38,0.379404,33,0.373416,25,0.190642,32,0.056538,4,38,0.359428,33,0.356005,25,0.215356,32,0.069211,4,33,0.338585,38,0.338176,25,0.242264,32,0.080975,4,33,0.325889,38,0.313652,25,0.267131,32,0.093328,4,33,0.321168,38,0.291727,25,0.285349,32,0.101756,4,33,0.317794,25,0.303831,38,0.26264,32,0.115735,4,33,0.319313,25,0.316284,38,0.231319,32,0.133084,4,37,0.29258,39,0.277083,32,0.269501,25,0.160837,4,17,0.081168,39,0.367987,37,0.355087,32,0.195758,4,17,0.070493,39,0.41028,37,0.348935,32,0.170292,4,17,0.057942,39,0.455952,37,0.33963,32,0.146477,4,17,0.044442,39,0.52541,37,0.312685,32,0.117463,4,17,0.027598,39,0.645086,37,0.249712,32,0.077603,4,17,0.021859,39,0.703412,37,0.212355,32,0.062374,4,17,0.016715,39,0.79123,37,0.146391,32,0.045664,4,17,0.00837,39,0.908733,37,0.061505,32,0.021392,4,17,0.003818,39,0.962117,37,0.024744,32,0.009321,4,17,0.006531,39,0.938469,37,0.039373,32,0.015627,4,17,0.014384,39,0.86666,37,0.084504,32,0.034451,4,17,0.02387,39,0.785877,37,0.133521,32,0.056733,4,17,0.038994,39,0.648676,37,0.21719,32,0.09514,4,17,0.054029,39,0.527454,37,0.284221,32,0.134295,4,17,0.058873,39,0.478295,37,0.311422,32,0.15141,4,17,0.060099,39,0.405269,37,0.354608,32,0.180024,1,17,1,1,17,1,1,17,1,1,17,1,1,17,1],\"slotPose\":[1,0,0,1,0,0],\"bonePose\":[17,-0.025551,-0.999674,0.999674,-0.025551,-72.203849,-53.801785,25,-0.816021,-0.578022,0.578022,-0.816021,-77.513849,-55.250785,33,-0.994425,-0.105442,0.105442,-0.994425,-85.608,-61.128,38,-0.990058,0.140659,-0.140659,-0.990058,-95.841,-62.253,32,0.868765,-0.495224,0.495224,0.868765,-71.240849,-56.699785,37,0.847775,-0.530356,0.530356,0.847775,-63.594,-61.326,39,0.954103,-0.299477,0.299477,0.954103,-57.447,-65.097],\"edges\":[0,1,1,2,2,3,3,4,4,5,5,6,6,7,7,8,8,9,9,10,10,11,11,12,12,13,13,14,14,15,15,16,16,17,17,18,18,19,19,20,20,21,21,22,22,23,23,24,24,25,25,26,26,27,27,28,28,29,29,30,30,31,31,32,32,33,33,34,34,35,35,36,36,37,37,38,38,39,39,40,40,41,41,42,42,43,43,44,44,45,45,46,46,47,47,48,48,49,49,50,50,51,51,52,52,53,53,54,54,55,55,0],\"userEdges\":[]}]},{\"name\":\"caiwen/eye11\",\"display\":[{\"name\":\"caiwen/eye1\",\"transform\":{\"x\":-1.22,\"y\":-0.14,\"skX\":89.3,\"skY\":89.3}}]},{\"name\":\"youshou\",\"display\":[{\"type\":\"mesh\",\"name\":\"caiwen/youshou\",\"width\":47,\"height\":37,\"vertices\":[-7.38,-10.93,-7.38,-11.77,-8.25,-12.49,-9.94,-12.75,-12.36,-13.09,-16.58,-13.51,-20.56,-13.98,-25.8,-15.03,-30.08,-16.39,-34.47,-18.46,-37.77,-20.78,-39.09,-21.54,-39.48,-21.85,-39.16,-22.57,-38.01,-25.25,-36.63,-28.3,-35.59,-30.46,-34.65,-32.95,-34.54,-35.42,-34.86,-37.91,-35.68,-40.43,-36.93,-42.99,-38.37,-44.65,-39.69,-45.58,-41.28,-45.53,-42.5,-44.81,-42.99,-44.56,-43.79,-45.13,-44.47,-45.75,-45.49,-46.19,-46.63,-46.19,-47.86,-45.66,-48.9,-44.4,-49.79,-42.74,-50.4,-40.97,-50.84,-39.15,-50.89,-37.65,-51.43,-37.16,-52.1,-35.55,-52.97,-33.69,-53.78,-31.75,-54.36,-30,-54.36,-27.83,-54.36,-25.38,-54.06,-23.88,-53.27,-21.96,-51.68,-19.9,-49.67,-17.93,-47.57,-16.46,-44.92,-15.19,-41.42,-13.83,-38.16,-12.81,-34.72,-11.88,-31.09,-11.12,-27.41,-10.33,-24.24,-9.85,-21.28,-9.65,-17.83,-9.65,-14.28,-9.65,-10.77,-9.65,-8.13,-9.65,-7.38,-10.24],\"uvs\":[0.98936,0.95245,0.98936,0.92993,0.97118,0.91076,0.93592,0.90405,0.88568,0.89494,0.79774,0.88367,0.71487,0.87122,0.60556,0.84318,0.5165,0.80699,0.425,0.75187,0.3562,0.69004,0.32882,0.66991,0.32057,0.66152,0.32731,0.64259,0.35131,0.57117,0.38,0.48994,0.40157,0.43242,0.42125,0.36604,0.4235,0.30038,0.41694,0.23399,0.39969,0.16689,0.37381,0.09859,0.34382,0.0545,0.31625,0.02981,0.28307,0.03101,0.25776,0.05018,0.24744,0.05689,0.23075,0.04179,0.2167,0.02526,0.19551,0.01351,0.1717,0.01351,0.14601,0.02765,0.12444,0.0612,0.10589,0.10529,0.09313,0.15251,0.08394,0.20092,0.08301,0.24094,0.07176,0.25388,0.0577,0.29678,0.03951,0.34639,0.02264,0.39791,0.01064,0.44464,0.01064,0.50239,0.01064,0.56758,0.01682,0.6076,0.03333,0.65864,0.06651,0.71353,0.10832,0.76601,0.15201,0.80508,0.20732,0.8391,0.28026,0.87505,0.34813,0.90237,0.41975,0.92706,0.4955,0.94742,0.57218,0.96827,0.63819,0.98121,0.69968,0.98649,0.77168,0.98649,0.84556,0.98649,0.91868,0.98649,0.9738,0.98649,0.98936,0.97067],\"triangles\":[61,0,60,60,0,2,3,60,2,0,1,2,3,59,60,4,59,3,4,58,59,5,58,4,5,57,58,6,57,5,6,56,57,7,55,6,6,55,56,7,54,55,53,54,7,8,53,7,9,52,8,8,52,53,51,52,9,10,51,9,19,36,18,36,16,18,19,20,18,18,20,17,20,21,17,19,18,17,21,19,17,18,16,17,50,51,10,21,26,19,26,36,19,36,38,15,36,15,16,11,50,10,39,14,15,38,39,15,22,25,21,25,26,21,24,25,22,12,49,11,49,50,11,39,40,14,40,42,14,35,36,26,23,24,22,42,13,14,43,12,13,42,43,13,34,35,26,45,46,12,44,45,12,43,44,12,46,47,12,47,48,12,48,49,12,33,34,26,42,40,41,32,33,27,27,33,26,29,30,28,28,30,27,30,31,27,31,32,27,37,38,36],\"weights\":[1,4,1,1,4,1,1,4,1,4,4,0.458662,9,0.527324,16,0.011083,18,0.002931,4,4,0.166776,9,0.793766,16,0.032695,18,0.006763,4,4,0.05065,9,0.780325,16,0.153901,18,0.015124,4,4,0.018486,16,0.483141,9,0.474393,18,0.02398,4,16,0.715314,18,0.152544,9,0.115108,27,0.017035,4,18,0.463541,16,0.463179,9,0.040011,27,0.033269,4,18,0.665242,16,0.167196,27,0.138519,9,0.029043,4,18,0.48947,27,0.41606,16,0.073585,9,0.020885,4,27,0.577023,18,0.363224,16,0.045328,9,0.014425,4,27,0.638014,18,0.310891,16,0.038415,9,0.01268,4,27,0.630502,18,0.302696,16,0.049737,9,0.017065,4,27,0.600549,18,0.273859,16,0.089407,9,0.036184,4,27,0.561622,18,0.25228,16,0.125002,9,0.061096,4,27,0.536081,18,0.241463,16,0.143393,9,0.079063,4,27,0.523122,18,0.228627,16,0.15347,9,0.094781,4,27,0.544482,18,0.210542,16,0.147217,9,0.097759,4,27,0.57376,18,0.193074,16,0.137323,9,0.095844,4,27,0.598167,18,0.180517,16,0.128601,9,0.092715,4,27,0.612179,18,0.173576,16,0.123313,9,0.090932,3,27,0.684459,18,0.185386,16,0.130155,3,27,0.693895,18,0.180868,16,0.125237,3,27,0.715399,18,0.170188,16,0.114412,3,27,0.740549,18,0.157176,16,0.102275,3,27,0.749912,18,0.152253,16,0.097835,3,27,0.74699,18,0.154124,16,0.098886,3,27,0.740872,18,0.157722,16,0.101406,2,27,0.822395,18,0.177605,2,27,0.82426,18,0.17574,2,27,0.830632,18,0.169368,2,27,0.844122,18,0.155878,3,27,0.797721,18,0.128535,16,0.073745,3,27,0.824764,18,0.113207,16,0.062029,3,27,0.850874,18,0.098043,16,0.051082,3,27,0.873731,18,0.084284,16,0.041985,3,27,0.869847,18,0.087302,16,0.042851,3,27,0.8694,18,0.089026,16,0.041573,3,27,0.847522,18,0.105773,16,0.046705,3,27,0.804621,18,0.137799,16,0.05758,3,27,0.752828,18,0.176757,16,0.070415,3,27,0.698741,18,0.219825,16,0.081434,3,27,0.63499,18,0.27177,16,0.09324,4,27,0.572588,18,0.28607,16,0.092832,9,0.04851,4,27,0.539272,18,0.318786,16,0.094465,9,0.047477,4,27,0.514471,18,0.353331,16,0.089767,9,0.042432,4,27,0.497156,18,0.387946,16,0.079995,9,0.034903,4,27,0.497744,18,0.410008,16,0.065983,9,0.026266,4,27,0.502944,18,0.431085,16,0.048998,9,0.016973,4,18,0.514048,27,0.404752,16,0.064001,9,0.0172,4,18,0.647844,27,0.193454,16,0.133779,9,0.024924,4,18,0.631961,16,0.278863,27,0.062331,9,0.026846,4,18,0.484796,16,0.477159,9,0.022502,27,0.015543,4,16,0.702399,18,0.194368,9,0.087323,27,0.015909,4,4,0.016532,16,0.677741,9,0.237888,18,0.06784,4,4,0.013928,16,0.487232,9,0.478873,18,0.019967,4,4,0.033519,9,0.731398,16,0.220631,18,0.014452,4,4,0.089955,9,0.840577,16,0.060167,18,0.009301,4,4,0.322903,9,0.654743,16,0.017977,18,0.004377,1,4,1,4,4,0.723078,9,0.255499,16,0.016262,18,0.005161],\"slotPose\":[1,0,0,1,0,0],\"bonePose\":[4,-1,0,0,-1,-9.072,-11.313,9,-0.999441,-0.033432,0.033432,-0.999441,-10.575,-11.313,16,-0.986083,-0.166253,0.166253,-0.986083,-20.664,-11.655,18,-0.914737,-0.40405,0.40405,-0.914737,-30.888,-13.356,27,-0.288529,-0.957471,0.957471,-0.288529,-41.517,-18.135],\"edges\":[0,1,1,2,2,3,3,4,4,5,5,6,6,7,7,8,8,9,9,10,10,11,11,12,12,13,13,14,14,15,15,16,16,17,17,18,18,19,19,20,20,21,21,22,22,23,23,24,24,25,25,26,26,27,27,28,28,29,29,30,30,31,31,32,32,33,33,34,34,35,35,36,36,37,37,38,38,39,39,40,40,41,41,42,42,43,43,44,44,45,45,46,46,47,47,48,48,49,49,50,50,51,51,52,52,53,53,54,54,55,55,56,56,57,57,58,58,59,59,60,60,61,61,0],\"userEdges\":[]}]},{\"name\":\"caiwen/eye1\",\"display\":[{\"name\":\"caiwen/eye1\",\"transform\":{\"x\":-1.22,\"y\":-0.14,\"skX\":89.3,\"skY\":89.3}}]},{\"name\":\"zui\",\"display\":[{\"name\":\"caiwen/zui\",\"transform\":{\"x\":-1.11,\"y\":3.48}}]},{\"name\":\"0\",\"display\":[{\"name\":\"caiwen/guang/0\",\"transform\":{\"x\":0.29,\"y\":-4.89}},{\"name\":\"caiwen/guang/5\",\"transform\":{\"x\":0.29,\"y\":-4.89}},{\"name\":\"caiwen/guang/4\",\"transform\":{\"x\":0.29,\"y\":-4.89}},{\"name\":\"caiwen/guang/3\",\"transform\":{\"x\":0.29,\"y\":-4.89}},{\"name\":\"caiwen/guang/2\",\"transform\":{\"x\":0.29,\"y\":-4.89}},{\"name\":\"caiwen/guang/1\",\"transform\":{\"x\":0.29,\"y\":-4.89}}]},{\"name\":\"toufa0\",\"display\":[{\"type\":\"mesh\",\"name\":\"caiwen/toufa0\",\"width\":64,\"height\":27,\"vertices\":[-133.39,-60.41,-134.93,-62.21,-137.27,-63.07,-139.39,-63.2,-142.04,-62.95,-144.52,-62.02,-146.62,-61.03,-148.67,-60.91,-150.03,-61.16,-150.95,-62.33,-152.5,-62.58,-154.18,-62.08,-156.21,-62.33,-158,-63.44,-158.94,-65.3,-159.08,-67.21,-159.08,-70.18,-159.08,-73.53,-158.32,-75.08,-158,-77.3,-157.2,-79.16,-155.03,-80.7,-153.49,-82.38,-150.39,-83.62,-147.31,-83.99,-145.29,-85.38,-142.52,-86.45,-139.18,-86.82,-136.21,-86.2,-131.52,-86.2,-118.49,-86.28,-116.21,-87.23,-113.07,-87.23,-110.26,-87.23,-109.17,-86.73,-107.09,-87.23,-104.52,-87.23,-101.91,-86.49,-99.96,-84.49,-99.55,-82.66,-98.25,-81.11,-97.93,-79.93,-98.12,-78.71,-96.58,-78.83,-95.4,-77.82,-94.65,-75.9,-94.65,-73.46,-94.65,-71.68,-95.69,-69.3,-96.62,-68.1,-98.46,-67.35,-100.73,-66.75,-103.34,-65.12,-105.14,-63.89,-107.38,-62.79,-111.65,-62.38,-115.98,-61.97,-119.84,-61.43,-124.07,-60.96,-127.82,-60.41],\"uvs\":[0.39888,0.98148,0.37486,0.91686,0.33855,0.88583,0.30573,0.8813,0.26453,0.89036,0.22612,0.92364,0.19344,0.95919,0.16173,0.96371,0.14064,0.95466,0.12626,0.91265,0.10223,0.90361,0.07626,0.92137,0.04469,0.91265,0.0169,0.87258,0.00237,0.80602,0.00014,0.73719,0.00014,0.63055,0.00014,0.51034,0.01187,0.45476,0.0169,0.37494,0.02933,0.30838,0.06299,0.2528,0.08687,0.19269,0.13506,0.14809,0.18282,0.13485,0.21411,0.08476,0.25712,0.04663,0.30894,0.03339,0.35503,0.05536,0.42779,0.05536,0.63003,0.05244,0.6655,0.01852,0.71411,0.01852,0.75768,0.01852,0.77472,0.03629,0.80698,0.01852,0.84679,0.01852,0.88729,0.04502,0.9176,0.11675,0.92388,0.18267,0.94413,0.23826,0.94916,0.28059,0.94609,0.32454,0.97011,0.32001,0.98841,0.35653,1,0.42535,1,0.51292,1,0.57691,0.98394,0.66222,0.96941,0.70552,0.94092,0.73234,0.90559,0.75399,0.86508,0.81248,0.83729,0.85642,0.80251,0.89617,0.73617,0.91071,0.66899,0.92558,0.60908,0.94497,0.54344,0.96177,0.4852,0.98148],\"triangles\":[48,47,46,50,48,46,42,50,46,42,46,45,42,45,44,43,42,44,42,51,50,50,49,48,52,51,42,39,34,42,34,52,42,42,41,40,39,42,40,34,55,53,34,53,52,38,37,39,37,36,39,36,35,39,35,34,39,32,55,34,32,30,55,55,54,53,30,56,55,33,32,34,31,30,32,30,57,56,58,57,30,29,58,30,29,1,59,29,59,58,2,1,29,28,2,29,3,2,28,1,0,59,25,24,26,26,24,3,24,4,3,27,26,28,26,3,28,24,5,4,21,9,24,24,9,5,21,18,9,23,21,24,18,16,10,18,10,9,22,21,23,9,7,6,9,6,5,16,18,17,19,18,21,16,15,10,9,8,7,20,19,21,14,12,11,15,14,11,15,11,10,14,13,12],\"weights\":[1,19,1,4,19,0.177005,24,0.560131,35,0.20416,31,0.058705,4,19,0.120766,24,0.536933,35,0.294432,31,0.047868,4,19,0.10118,24,0.485345,35,0.36866,31,0.044816,4,19,0.093445,24,0.438451,35,0.422301,31,0.045802,4,19,0.100127,35,0.457108,24,0.390257,31,0.052509,4,19,0.107591,35,0.478006,24,0.355219,31,0.059184,4,19,0.103038,35,0.516082,24,0.321614,31,0.059266,4,19,0.096338,35,0.550348,24,0.296338,31,0.056977,4,19,0.080602,35,0.608094,24,0.262504,31,0.048799,4,19,0.074627,35,0.646172,24,0.232798,31,0.046404,3,19,0.080503,35,0.689238,24,0.230259,3,19,0.075697,35,0.719192,24,0.205111,3,19,0.066519,35,0.755934,24,0.177547,3,19,0.053408,35,0.800514,24,0.146078,3,19,0.040566,35,0.843811,24,0.115624,3,19,0.026731,35,0.893111,24,0.080158,2,35,0.925231,24,0.074769,2,35,0.926269,24,0.073731,2,35,0.900789,24,0.099211,2,35,0.87273,24,0.12727,3,19,0.046359,35,0.798882,24,0.154759,3,19,0.060426,35,0.736695,24,0.20288,3,19,0.077319,35,0.65022,24,0.272461,4,19,0.082096,35,0.545606,24,0.305948,31,0.06635,4,19,0.096083,35,0.487065,24,0.336854,31,0.079998,4,19,0.110187,35,0.437007,24,0.357748,31,0.095058,4,19,0.123379,35,0.402469,24,0.363266,31,0.110886,4,19,0.132982,35,0.385665,24,0.357629,31,0.123724,4,19,0.164036,35,0.337563,24,0.327028,31,0.171373,4,19,0.13325,36,0.382579,31,0.333524,24,0.150647,4,19,0.113673,36,0.4318,31,0.330211,24,0.124315,4,19,0.085092,36,0.521165,31,0.304348,24,0.089395,4,19,0.060939,36,0.629808,31,0.247128,24,0.062125,4,19,0.04947,36,0.685095,31,0.215667,24,0.049768,4,19,0.035712,36,0.775358,31,0.153498,24,0.035432,4,19,0.022074,36,0.86255,31,0.093846,24,0.02153,4,19,0.014101,36,0.912682,31,0.059716,24,0.013501,4,19,0.010317,36,0.934272,31,0.045744,24,0.009666,4,19,0.009671,36,0.935186,31,0.04622,24,0.008923,4,19,0.019498,36,0.870675,31,0.092109,24,0.017718,4,19,0.025641,36,0.827991,31,0.123304,24,0.023064,4,19,0.030807,36,0.786267,31,0.155504,24,0.027423,4,19,0.03871,36,0.753081,31,0.173729,24,0.03448,4,19,0.050621,36,0.692352,31,0.212289,24,0.044738,4,19,0.065324,36,0.61652,31,0.261231,24,0.056925,4,19,0.080518,36,0.538526,31,0.312105,24,0.068852,4,19,0.091809,36,0.490996,31,0.339759,24,0.077436,4,19,0.10342,36,0.440797,31,0.370526,24,0.085256,4,19,0.108475,36,0.419546,31,0.383863,24,0.088117,4,19,0.107271,36,0.407216,31,0.399966,24,0.085548,4,19,0.103648,31,0.416866,36,0.398791,24,0.080695,4,19,0.114848,31,0.421655,36,0.378077,24,0.085419,1,19,1,1,19,1,1,19,1,1,19,1,1,19,1,1,19,1,1,19,1],\"slotPose\":[1,0,0,1,0,0],\"bonePose\":[19,-0.025551,-0.999674,0.999674,-0.025551,-124.164,-62.946,24,-0.915671,-0.401928,0.401928,-0.915671,-127.611,-65.619,35,-0.996669,-0.081557,0.081557,-0.996669,-139.473,-71.172,31,0.713665,-0.700487,0.700487,0.713665,-116.856,-67.158,36,0.67039,-0.742009,0.742009,0.67039,-109.998,-74.538],\"edges\":[0,1,1,2,2,3,3,4,4,5,5,6,6,7,7,8,8,9,9,10,10,11,11,12,12,13,13,14,14,15,15,16,16,17,17,18,18,19,19,20,20,21,21,22,22,23,23,24,24,25,25,26,26,27,27,28,28,29,29,30,30,31,31,32,32,33,33,34,34,35,35,36,36,37,37,38,38,39,39,40,40,41,41,42,42,43,43,44,44,45,45,46,46,47,47,48,48,49,49,50,50,51,51,52,52,53,53,54,54,55,55,56,56,57,57,58,58,59,59,0],\"userEdges\":[]}]},{\"name\":\"yanpi11\",\"display\":[{\"name\":\"caiwen/yanpi1\",\"transform\":{\"x\":1.45,\"y\":0.95,\"skX\":90,\"skY\":90,\"scX\":1.15}}]},{\"name\":\"zuoshou\",\"display\":[{\"type\":\"mesh\",\"name\":\"caiwen/zuoshou\",\"width\":48,\"height\":61,\"vertices\":[6.53,-10.79,6.5,-12.08,7.35,-13.2,9.03,-13.64,11.56,-14,15.03,-14.8,18.67,-15.85,22.02,-17.14,25.95,-19.22,29.37,-21.56,32.43,-24.54,35.1,-27.44,37.18,-30.3,38.66,-32.41,39.4,-33.61,40,-34.48,39.12,-34.4,37.3,-34.39,34.63,-35.28,32.85,-36.95,31.54,-39.16,29.81,-41.99,27.98,-44.88,26.12,-48.01,24.66,-50.34,23.37,-52.46,22.34,-54.27,22.09,-55.96,22.28,-58.55,22.91,-61.45,24.19,-64.08,26.05,-66.64,28.39,-68.67,30.79,-69.64,32.8,-69.71,34.74,-68.93,35.78,-68.44,37.1,-69.09,39.08,-70.32,40.94,-70.33,42.59,-70.34,44.12,-69.24,45.54,-67.62,46.39,-66.03,47.3,-63.96,48.05,-61.74,48.37,-60.25,48.48,-59.76,49.1,-59.08,50.54,-57.18,52.01,-54.79,53.15,-52.64,53.92,-50.84,54.32,-49.07,54.33,-47.25,54.34,-45.32,54.34,-43.95,53.77,-40.97,53.08,-38.36,52.17,-35.93,51.11,-33.76,49.76,-31.15,48.15,-28.92,46.1,-26.68,44.03,-24.87,42.17,-23.36,39.8,-21.43,37.02,-19.52,34.38,-17.78,31.65,-15.98,28.8,-14.58,25.36,-13.26,22.48,-12.12,19.69,-11.19,16.74,-10.36,14.02,-9.79,11.56,-9.25,9.34,-9.2,7.38,-9.19,6.55,-10.12],\"uvs\":[0.00225,0.97375,0.00187,0.95265,0.01966,0.93422,0.05449,0.92729,0.10712,0.92153,0.17959,0.90855,0.25524,0.89174,0.32528,0.87065,0.40712,0.83687,0.47846,0.79882,0.54251,0.75,0.59813,0.70295,0.64176,0.65605,0.67266,0.62168,0.68801,0.60192,0.70075,0.58791,0.6824,0.58894,0.64457,0.58894,0.58914,0.57419,0.55225,0.5469,0.52509,0.51047,0.48933,0.46401,0.4515,0.41652,0.41292,0.36504,0.38296,0.3267,0.35618,0.29204,0.33502,0.26224,0.32996,0.23451,0.33408,0.19204,0.34757,0.14469,0.37434,0.10162,0.4133,0.05988,0.46217,0.0267,0.51199,0.01091,0.55393,0.01003,0.59419,0.02271,0.61592,0.03097,0.64345,0.02035,0.68464,0.00029,0.72322,0.00029,0.75768,0.00029,0.78951,0.01844,0.81873,0.04513,0.83652,0.07109,0.85524,0.10516,0.8706,0.14159,0.87697,0.16608,0.8794,0.17404,0.89213,0.1851,0.92191,0.21652,0.95243,0.2556,0.97584,0.291,0.99157,0.3205,1,0.34956,1,0.37935,1,0.41106,1,0.43348,0.98764,0.4823,0.97322,0.52507,0.95412,0.5649,0.93202,0.60029,0.90356,0.64307,0.87004,0.6795,0.82715,0.71593,0.7839,0.74543,0.74494,0.77006,0.69569,0.80147,0.63745,0.8326,0.5824,0.86106,0.52547,0.89041,0.4661,0.91313,0.39438,0.93466,0.33446,0.95295,0.27622,0.96799,0.21479,0.98142,0.15824,0.99071,0.10693,0.99941,0.06067,1,0.02004,1,0.00262,0.98481],\"triangles\":[15,57,56,15,56,55,20,15,54,51,21,54,21,20,54,52,51,54,15,55,54,52,54,53,50,21,51,15,58,57,49,21,50,58,15,59,15,60,59,22,48,47,48,22,49,22,21,49,15,61,60,15,62,61,36,23,47,23,22,47,15,63,62,45,36,46,36,47,46,44,36,45,24,23,36,15,14,63,14,13,63,43,37,44,37,36,44,20,16,15,42,37,43,13,64,63,20,19,16,13,12,64,41,39,42,39,37,42,25,24,36,28,25,36,29,28,36,19,17,16,40,39,41,12,65,64,30,29,36,19,18,17,38,37,39,12,11,65,11,66,65,31,30,36,10,67,66,11,10,66,35,31,36,28,27,25,33,32,35,32,31,35,10,68,67,34,33,35,10,9,68,9,69,68,27,26,25,9,8,69,8,70,69,8,71,70,7,71,8,7,72,71,6,72,7,6,73,72,5,74,6,6,74,73,5,75,74,4,75,5,4,76,75,4,3,76,3,77,76,0,2,1,0,78,77,0,77,3,2,0,3,79,78,0],\"weights\":[1,6,1,1,6,1,1,6,1,1,6,1,4,6,0.283435,7,0.690818,15,0.020808,23,0.004939,4,6,0.087075,7,0.850031,15,0.05411,23,0.008784,4,6,0.040223,7,0.766575,15,0.178424,23,0.014779,4,6,0.020483,15,0.49528,7,0.462379,23,0.021859,4,6,0.016073,15,0.742017,7,0.177673,23,0.064238,4,15,0.697203,23,0.209279,7,0.072894,26,0.020624,4,23,0.4659,15,0.451169,26,0.04187,7,0.041061,4,23,0.60746,15,0.249657,26,0.108436,7,0.034448,4,23,0.579194,26,0.249249,15,0.135346,34,0.036211,4,23,0.487453,26,0.377781,15,0.086381,34,0.048386,4,23,0.441723,26,0.427705,15,0.07139,34,0.059183,4,26,0.459998,23,0.411266,34,0.067619,15,0.061117,4,26,0.429589,23,0.415648,15,0.079127,34,0.075636,4,23,0.408418,26,0.379481,15,0.121591,34,0.090511,4,23,0.368032,26,0.330093,15,0.17984,34,0.122035,4,23,0.329821,26,0.30897,15,0.19802,34,0.16319,4,26,0.293913,23,0.293648,34,0.219529,15,0.19291,4,34,0.296795,26,0.269181,23,0.253665,15,0.180359,4,34,0.377362,26,0.240909,23,0.217846,15,0.163883,4,34,0.461949,26,0.210622,23,0.183813,15,0.143616,4,34,0.507768,26,0.193828,23,0.165805,15,0.132599,4,34,0.533458,26,0.184654,23,0.155422,15,0.126466,4,34,0.546725,26,0.180427,23,0.149699,15,0.123149,3,34,0.639451,26,0.199492,23,0.161057,3,34,0.663479,26,0.190111,23,0.146411,2,34,0.790241,26,0.209759,2,34,0.801487,26,0.198513,2,34,0.810152,26,0.189848,2,34,0.816537,26,0.183463,2,34,0.823609,26,0.176391,2,34,0.832449,26,0.167551,2,34,0.847398,26,0.152602,2,34,0.855688,26,0.144312,2,34,0.847455,26,0.152545,2,34,0.826408,26,0.173592,2,34,0.816084,26,0.183916,2,34,0.802435,26,0.197565,2,34,0.797649,26,0.202351,2,34,0.792982,26,0.207018,3,34,0.729432,26,0.194244,23,0.076324,3,34,0.721823,26,0.2047,23,0.073478,3,34,0.712439,26,0.217642,23,0.069918,3,34,0.711333,26,0.222849,23,0.065818,3,34,0.710215,26,0.22525,23,0.064535,3,34,0.691671,26,0.242473,23,0.065856,3,34,0.645555,26,0.287722,23,0.066724,3,34,0.591681,26,0.344123,23,0.064196,3,34,0.54569,26,0.394877,23,0.059433,4,34,0.503695,26,0.422238,23,0.052881,15,0.021187,4,34,0.490191,26,0.446437,23,0.045958,15,0.017413,4,34,0.49075,26,0.459018,23,0.037086,15,0.013146,4,34,0.478783,26,0.477652,23,0.032803,15,0.010762,4,26,0.491862,34,0.461894,23,0.035317,15,0.010927,4,26,0.514248,34,0.411981,23,0.058414,15,0.015357,4,26,0.561323,34,0.309577,23,0.105832,15,0.023269,4,26,0.587636,34,0.208433,23,0.173286,15,0.030645,4,26,0.577816,23,0.254921,34,0.132353,15,0.03491,4,26,0.514283,23,0.378152,34,0.070608,15,0.036958,4,26,0.471015,23,0.457012,34,0.036568,15,0.035404,4,23,0.515083,26,0.405219,15,0.052594,34,0.027105,4,23,0.627224,26,0.258222,15,0.090932,34,0.023623,4,23,0.688901,26,0.147571,15,0.142118,7,0.02141,4,23,0.657394,15,0.253584,26,0.066044,7,0.022978,4,23,0.520007,15,0.441521,26,0.020669,7,0.017803,4,15,0.600478,23,0.350928,7,0.032554,26,0.01604,4,15,0.735571,23,0.162136,7,0.086044,26,0.016249,4,6,0.013887,15,0.740446,7,0.178514,23,0.067153,4,6,0.009492,15,0.534463,7,0.439667,23,0.016378,4,6,0.01452,7,0.623276,15,0.351141,23,0.011064,4,6,0.038458,7,0.780932,15,0.167369,23,0.01324,4,6,0.086252,7,0.817071,15,0.084664,23,0.012013,4,6,0.169165,7,0.776601,15,0.045246,23,0.008989,4,6,0.307941,7,0.660098,15,0.025613,23,0.006348,1,6,1,1,6,1,1,6,1],\"slotPose\":[1,0,0,1,0,0],\"bonePose\":[6,1,0,0,1,8.82,-12.015,7,0.977656,-0.210213,0.210213,0.977656,10.215,-11.592,15,0.869116,-0.494608,0.494608,0.869116,23.463,-14.688,23,0.702261,-0.711919,0.711919,0.702261,34.929,-21.285,26,0.388285,-0.921539,0.921539,0.388285,44.352,-31.041,34,-0.644316,-0.764759,0.764759,-0.644316,49.689,-44.487],\"edges\":[0,1,1,2,2,3,3,4,4,5,5,6,6,7,7,8,8,9,9,10,10,11,11,12,12,13,13,14,14,15,15,16,16,17,17,18,18,19,19,20,20,21,21,22,22,23,23,24,24,25,25,26,26,27,27,28,28,29,29,30,30,31,31,32,32,33,33,34,34,35,35,36,36,37,37,38,38,39,39,40,40,41,41,42,42,43,43,44,44,45,45,46,46,47,47,48,48,49,49,50,50,51,51,52,52,53,53,54,54,55,55,56,56,57,57,58,58,59,59,60,60,61,61,62,62,63,63,64,64,65,65,66,66,67,67,68,68,69,69,70,70,71,71,72,72,73,73,74,74,75,75,76,76,77,77,78,78,79,79,0],\"userEdges\":[]}]},{\"name\":\"yanpi1\",\"display\":[{\"name\":\"caiwen/yanpi1\",\"transform\":{\"x\":1.45,\"y\":0.95,\"skX\":90,\"skY\":90,\"scX\":1.15}}]}]}],\"animation\":[{\"duration\":48,\"playTimes\":0,\"name\":\"daiji\",\"bone\":[{\"name\":\"shenti01\",\"rotateFrame\":[{\"duration\":6,\"tweenEasing\":0,\"rotate\":-5.03},{\"duration\":6,\"tweenEasing\":0,\"rotate\":-2.21},{\"duration\":6,\"tweenEasing\":0,\"rotate\":0.6},{\"duration\":6,\"tweenEasing\":0,\"rotate\":-3.72},{\"duration\":7,\"tweenEasing\":0,\"rotate\":-8.04},{\"duration\":6,\"tweenEasing\":0,\"rotate\":-3.39},{\"duration\":7,\"tweenEasing\":0,\"rotate\":0.6},{\"duration\":4,\"tweenEasing\":0,\"rotate\":-2.98},{\"duration\":0,\"rotate\":-5.03}],\"scaleFrame\":[{\"duration\":6,\"tweenEasing\":0,\"x\":0.85,\"y\":1.15},{\"duration\":6,\"tweenEasing\":0,\"x\":1.05},{\"duration\":6,\"tweenEasing\":0,\"x\":0.9,\"y\":1.15},{\"duration\":6,\"tweenEasing\":0,\"x\":1.05},{\"duration\":7,\"tweenEasing\":0,\"x\":0.85,\"y\":1.15},{\"duration\":6,\"tweenEasing\":0,\"x\":1.05},{\"duration\":7,\"tweenEasing\":0,\"x\":0.9,\"y\":1.15},{\"duration\":4,\"tweenEasing\":0,\"x\":1.05},{\"duration\":0,\"x\":0.85,\"y\":1.15}]},{\"name\":\"zuoshou1\",\"rotateFrame\":[{\"duration\":12,\"tweenEasing\":0,\"rotate\":3.35},{\"duration\":12,\"tweenEasing\":0,\"rotate\":-2.41},{\"duration\":13,\"tweenEasing\":0,\"rotate\":3.35},{\"duration\":11,\"tweenEasing\":0,\"rotate\":-2.41},{\"duration\":0,\"rotate\":3.35}]},{\"name\":\"shenti02\",\"rotateFrame\":[{\"duration\":12,\"tweenEasing\":0,\"rotate\":-1.51},{\"duration\":12,\"tweenEasing\":0,\"rotate\":4.23},{\"duration\":13,\"tweenEasing\":0,\"rotate\":-4.52},{\"duration\":11,\"tweenEasing\":0,\"rotate\":4.23},{\"duration\":0,\"rotate\":-1.51}]},{\"name\":\"youshou1\",\"rotateFrame\":[{\"duration\":7,\"tweenEasing\":0,\"rotate\":-11.47},{\"duration\":10,\"tweenEasing\":0,\"rotate\":3.94},{\"duration\":7,\"tweenEasing\":0,\"rotate\":-9.27},{\"duration\":9,\"tweenEasing\":0,\"rotate\":3.94},{\"duration\":7,\"tweenEasing\":0,\"rotate\":-11.47},{\"duration\":8,\"tweenEasing\":0,\"rotate\":3.94},{\"duration\":0,\"rotate\":-11.47}],\"scaleFrame\":[{\"duration\":7,\"tweenEasing\":0,\"x\":1.1},{\"duration\":10,\"tweenEasing\":0,\"x\":1.15},{\"duration\":7,\"tweenEasing\":0,\"x\":1.1},{\"duration\":9,\"tweenEasing\":0,\"x\":1.15},{\"duration\":7,\"tweenEasing\":0,\"x\":1.1},{\"duration\":8,\"tweenEasing\":0,\"x\":1.15},{\"duration\":0,\"x\":1.1}]},{\"name\":\"eye0\",\"translateFrame\":[{\"duration\":9,\"tweenEasing\":0,\"x\":0.51,\"y\":0.92},{\"duration\":3,\"tweenEasing\":0,\"x\":0.51,\"y\":0.92},{\"duration\":22,\"tweenEasing\":0,\"x\":0.14,\"y\":-2.06},{\"duration\":3,\"tweenEasing\":0,\"x\":0.14,\"y\":-2.06},{\"duration\":11,\"tweenEasing\":0,\"x\":0.38,\"y\":1.7},{\"duration\":0,\"x\":0.51,\"y\":0.92}],\"scaleFrame\":[{\"duration\":9,\"tweenEasing\":0},{\"duration\":3,\"tweenEasing\":0,\"x\":0.3},{\"duration\":12,\"tweenEasing\":0},{\"duration\":10,\"tweenEasing\":0},{\"duration\":3,\"tweenEasing\":0,\"x\":0.3},{\"duration\":11}]},{\"name\":\"shenti03\",\"rotateFrame\":[{\"duration\":12,\"tweenEasing\":0,\"rotate\":-1.51},{\"duration\":12,\"tweenEasing\":0,\"rotate\":4.23},{\"duration\":13,\"tweenEasing\":0,\"rotate\":-4.52},{\"duration\":11,\"tweenEasing\":0,\"rotate\":4.23},{\"duration\":0,\"rotate\":-1.51}]},{\"name\":\"zuoshou2\",\"rotateFrame\":[{\"duration\":4,\"tweenEasing\":0,\"rotate\":5.56},{\"duration\":12,\"tweenEasing\":0,\"rotate\":7.29},{\"duration\":8,\"tweenEasing\":0,\"rotate\":1.53},{\"duration\":5,\"tweenEasing\":0,\"rotate\":5.56},{\"duration\":12,\"tweenEasing\":0,\"rotate\":7.29},{\"duration\":7,\"tweenEasing\":0,\"rotate\":1.53},{\"duration\":0,\"rotate\":5.56}],\"scaleFrame\":[{\"duration\":48,\"x\":1.02}]},{\"name\":\"youshou2\",\"rotateFrame\":[{\"tweenEasing\":0,\"rotate\":-0.2},{\"tweenEasing\":0,\"rotate\":-2.51},{\"duration\":8,\"tweenEasing\":0,\"rotate\":-4.82},{\"duration\":7,\"tweenEasing\":0,\"rotate\":10.6},{\"tweenEasing\":0,\"rotate\":-0.2},{\"tweenEasing\":0,\"rotate\":-2.51},{\"duration\":8,\"tweenEasing\":0,\"rotate\":-4.82},{\"tweenEasing\":0,\"rotate\":8.88},{\"duration\":5,\"tweenEasing\":0,\"rotate\":10.6},{\"tweenEasing\":0,\"rotate\":-0.2},{\"tweenEasing\":0,\"rotate\":-2.51},{\"duration\":7,\"tweenEasing\":0,\"rotate\":-4.82},{\"duration\":2,\"tweenEasing\":0,\"rotate\":7.17},{\"duration\":4,\"tweenEasing\":0,\"rotate\":10.6},{\"duration\":0,\"rotate\":-0.2}],\"scaleFrame\":[{\"tweenEasing\":0},{\"tweenEasing\":0},{\"duration\":8,\"tweenEasing\":0,\"x\":1.01},{\"duration\":7,\"tweenEasing\":0,\"x\":1.1},{\"tweenEasing\":0,\"x\":1.01},{\"tweenEasing\":0},{\"duration\":8,\"tweenEasing\":0,\"x\":1.01},{\"tweenEasing\":0,\"x\":1.1},{\"duration\":5,\"tweenEasing\":0,\"x\":1.08},{\"tweenEasing\":0},{\"tweenEasing\":0},{\"duration\":7,\"tweenEasing\":0,\"x\":1.01},{\"duration\":2,\"tweenEasing\":0,\"x\":1.1},{\"duration\":4,\"tweenEasing\":0,\"x\":1.07},{\"duration\":0}]},{\"name\":\"zuoshou3\",\"rotateFrame\":[{\"duration\":7,\"tweenEasing\":0,\"rotate\":3.83},{\"duration\":12,\"tweenEasing\":0,\"rotate\":7.29},{\"duration\":5,\"tweenEasing\":0,\"rotate\":1.53},{\"duration\":9,\"tweenEasing\":0,\"rotate\":3.83},{\"duration\":12,\"tweenEasing\":0,\"rotate\":7.29},{\"duration\":3,\"tweenEasing\":0,\"rotate\":1.53},{\"duration\":0,\"rotate\":3.83}],\"scaleFrame\":[{\"duration\":48,\"x\":1.04}]},{\"name\":\"shenti04\",\"rotateFrame\":[{\"duration\":48,\"rotate\":3.01}]},{\"name\":\"youshou3\",\"rotateFrame\":[{\"duration\":4,\"tweenEasing\":0,\"rotate\":11.08},{\"tweenEasing\":0,\"rotate\":3.68},{\"duration\":6,\"tweenEasing\":0,\"rotate\":1.83},{\"tweenEasing\":0,\"rotate\":15.04},{\"duration\":5,\"tweenEasing\":0,\"rotate\":17.25},{\"duration\":2,\"tweenEasing\":0,\"rotate\":11.08},{\"duration\":2,\"tweenEasing\":0,\"rotate\":6.46},{\"duration\":8,\"tweenEasing\":0,\"rotate\":1.83},{\"tweenEasing\":0,\"rotate\":15.53},{\"duration\":3,\"tweenEasing\":0,\"rotate\":17.25},{\"duration\":2,\"tweenEasing\":0,\"rotate\":11.08},{\"tweenEasing\":0,\"rotate\":4.91},{\"duration\":9,\"tweenEasing\":0,\"rotate\":1.83},{\"tweenEasing\":0,\"rotate\":15.71},{\"duration\":2,\"tweenEasing\":0,\"rotate\":17.25},{\"duration\":0,\"rotate\":11.08}],\"scaleFrame\":[{\"duration\":4,\"tweenEasing\":0},{\"tweenEasing\":0},{\"duration\":6,\"tweenEasing\":0,\"x\":1.02},{\"tweenEasing\":0,\"x\":1.15},{\"duration\":5,\"tweenEasing\":0,\"x\":1.13},{\"duration\":2,\"tweenEasing\":0,\"x\":1.04},{\"duration\":2,\"tweenEasing\":0},{\"duration\":8,\"tweenEasing\":0,\"x\":1.03},{\"tweenEasing\":0,\"x\":1.15},{\"duration\":3,\"tweenEasing\":0,\"x\":1.11},{\"duration\":2,\"tweenEasing\":0},{\"tweenEasing\":0},{\"duration\":9,\"tweenEasing\":0,\"x\":1.01},{\"tweenEasing\":0,\"x\":1.15},{\"duration\":2,\"tweenEasing\":0,\"x\":1.1},{\"duration\":0}]},{\"name\":\"shenti07\",\"rotateFrame\":[{\"duration\":12,\"tweenEasing\":0,\"rotate\":-15.01},{\"duration\":12,\"tweenEasing\":0,\"rotate\":20.85},{\"duration\":13,\"tweenEasing\":0,\"rotate\":-18.23},{\"duration\":11,\"tweenEasing\":0,\"rotate\":20.85},{\"duration\":0,\"rotate\":-18.23}]},{\"name\":\"shenti05\",\"rotateFrame\":[{\"duration\":4,\"tweenEasing\":0,\"rotate\":-6.51},{\"duration\":12,\"tweenEasing\":0,\"rotate\":-18.23},{\"duration\":8,\"tweenEasing\":0,\"rotate\":20.85},{\"duration\":5,\"tweenEasing\":0,\"rotate\":-6.51},{\"duration\":12,\"tweenEasing\":0,\"rotate\":-18.23},{\"duration\":7,\"tweenEasing\":0,\"rotate\":20.85},{\"duration\":0,\"rotate\":-18.23}]},{\"name\":\"shenti06\",\"rotateFrame\":[{\"duration\":7,\"tweenEasing\":0,\"rotate\":5.22},{\"duration\":12,\"tweenEasing\":0,\"rotate\":-6.11},{\"duration\":5,\"tweenEasing\":0,\"rotate\":20.85},{\"duration\":9,\"tweenEasing\":0,\"rotate\":5.22},{\"duration\":12,\"tweenEasing\":0,\"rotate\":-4.15},{\"duration\":3,\"tweenEasing\":0,\"rotate\":20.85},{\"duration\":0,\"rotate\":-18.23}]},{\"name\":\"zuoshou4\",\"translateFrame\":[{\"duration\":12,\"tweenEasing\":0},{\"duration\":12,\"tweenEasing\":0,\"x\":0.2,\"y\":-5.26},{\"duration\":12,\"tweenEasing\":0},{\"tweenEasing\":0,\"x\":0.18,\"y\":-4.86},{\"duration\":11,\"tweenEasing\":0,\"x\":0.2,\"y\":-5.26},{\"duration\":0}],\"rotateFrame\":[{\"duration\":24,\"tweenEasing\":0,\"rotate\":-9.62},{\"duration\":12,\"tweenEasing\":0,\"rotate\":-9.62},{\"tweenEasing\":0},{\"duration\":11,\"tweenEasing\":0,\"rotate\":-0.8},{\"duration\":0,\"rotate\":-9.62}],\"scaleFrame\":[{\"duration\":48,\"x\":1.03}]},{\"name\":\"youshou4\",\"rotateFrame\":[{\"duration\":5,\"tweenEasing\":0,\"rotate\":19.18},{\"duration\":2,\"tweenEasing\":0,\"rotate\":9.27},{\"duration\":5,\"tweenEasing\":0,\"rotate\":5.3},{\"duration\":4,\"tweenEasing\":0,\"rotate\":13.87},{\"tweenEasing\":0,\"rotate\":20.72},{\"duration\":4,\"tweenEasing\":0,\"rotate\":19.18},{\"duration\":2,\"tweenEasing\":0,\"rotate\":9.93},{\"duration\":7,\"tweenEasing\":0,\"rotate\":5.3},{\"duration\":3,\"tweenEasing\":0,\"rotate\":15.01},{\"duration\":3,\"tweenEasing\":0,\"rotate\":19.18},{\"duration\":3,\"tweenEasing\":0,\"rotate\":12.24},{\"duration\":7,\"tweenEasing\":0,\"rotate\":5.3},{\"duration\":2,\"tweenEasing\":0,\"rotate\":16.09},{\"duration\":0,\"rotate\":19.18}],\"scaleFrame\":[{\"duration\":5,\"tweenEasing\":0},{\"duration\":2,\"tweenEasing\":0},{\"duration\":5,\"tweenEasing\":0,\"x\":1.01},{\"duration\":4,\"tweenEasing\":0,\"x\":1.05},{\"tweenEasing\":0,\"x\":1.03},{\"duration\":4,\"tweenEasing\":0,\"x\":1.02},{\"duration\":2,\"tweenEasing\":0},{\"duration\":7,\"tweenEasing\":0,\"x\":1.01},{\"duration\":3,\"tweenEasing\":0,\"x\":1.05},{\"duration\":3,\"tweenEasing\":0},{\"duration\":3,\"tweenEasing\":0},{\"duration\":7,\"tweenEasing\":0,\"x\":1.01},{\"duration\":2,\"tweenEasing\":0,\"x\":1.05},{\"duration\":0}]},{\"name\":\"toufa12\",\"rotateFrame\":[{\"duration\":12,\"tweenEasing\":0,\"rotate\":-10.01},{\"duration\":12,\"tweenEasing\":0,\"rotate\":7.28},{\"duration\":13,\"tweenEasing\":0,\"rotate\":-10.01},{\"duration\":11,\"tweenEasing\":0,\"rotate\":7.28},{\"duration\":0,\"rotate\":-10.01}]},{\"name\":\"toufa11\",\"rotateFrame\":[{\"duration\":2,\"tweenEasing\":0,\"rotate\":-6.7},{\"duration\":13,\"tweenEasing\":0,\"rotate\":-8.89},{\"duration\":9,\"tweenEasing\":0,\"rotate\":2.02},{\"duration\":4,\"tweenEasing\":0,\"rotate\":-6.7},{\"duration\":12,\"tweenEasing\":0,\"rotate\":-8.89},{\"duration\":8,\"tweenEasing\":0,\"rotate\":2.02},{\"duration\":0,\"rotate\":-6.7}]},{\"name\":\"toufa01\",\"rotateFrame\":[{\"duration\":12,\"tweenEasing\":0,\"rotate\":-11.26},{\"duration\":12,\"tweenEasing\":0,\"rotate\":7.78},{\"duration\":13,\"tweenEasing\":0,\"rotate\":-11.26},{\"duration\":11,\"tweenEasing\":0,\"rotate\":7.78},{\"duration\":0,\"rotate\":-11.26}]},{\"name\":\"toufa03\",\"rotateFrame\":[{\"duration\":12,\"tweenEasing\":0,\"rotate\":-32.97},{\"duration\":12,\"tweenEasing\":0,\"rotate\":29.06},{\"duration\":13,\"tweenEasing\":0,\"rotate\":-32.97},{\"duration\":11,\"tweenEasing\":0,\"rotate\":15.93},{\"duration\":0,\"rotate\":-32.97}]},{\"name\":\"toufa13\",\"rotateFrame\":[{\"duration\":5,\"tweenEasing\":0,\"rotate\":-1.91},{\"duration\":12,\"tweenEasing\":0,\"rotate\":-19.67},{\"duration\":7,\"tweenEasing\":0,\"rotate\":8.54},{\"duration\":6,\"tweenEasing\":0,\"rotate\":-1.91},{\"duration\":12,\"tweenEasing\":0,\"rotate\":-19.67},{\"duration\":6,\"tweenEasing\":0,\"rotate\":8.54},{\"duration\":0,\"rotate\":-1.91}]},{\"name\":\"toufa02\",\"rotateFrame\":[{\"duration\":4,\"tweenEasing\":0,\"rotate\":-5.55},{\"duration\":12,\"tweenEasing\":0,\"rotate\":-30.47},{\"duration\":8,\"tweenEasing\":0,\"rotate\":7.78},{\"duration\":5,\"tweenEasing\":0,\"rotate\":-5.55},{\"duration\":12,\"tweenEasing\":0,\"rotate\":-30.47},{\"duration\":7,\"tweenEasing\":0,\"rotate\":7.78},{\"duration\":0,\"rotate\":-5.55}]},{\"name\":\"zuoshou5\",\"rotateFrame\":[{\"duration\":48,\"rotate\":13.62}]},{\"name\":\"toufa04\",\"rotateFrame\":[{\"duration\":4,\"tweenEasing\":0,\"rotate\":-4.13},{\"duration\":12,\"tweenEasing\":0,\"rotate\":-12.72},{\"duration\":8,\"tweenEasing\":0,\"rotate\":15.93},{\"duration\":5,\"tweenEasing\":0,\"rotate\":-4.13},{\"duration\":12,\"tweenEasing\":0,\"rotate\":-12.72},{\"duration\":7,\"tweenEasing\":0,\"rotate\":15.93},{\"duration\":0,\"rotate\":-4.13}]},{\"name\":\"toufa15\",\"rotateFrame\":[{\"duration\":7,\"tweenEasing\":0,\"rotate\":0.36},{\"duration\":12,\"tweenEasing\":0,\"rotate\":-27.96},{\"duration\":5,\"tweenEasing\":0,\"rotate\":7.28},{\"duration\":9,\"tweenEasing\":0,\"rotate\":0.36},{\"duration\":12,\"tweenEasing\":0,\"rotate\":-27.96},{\"duration\":3,\"tweenEasing\":0,\"rotate\":7.28},{\"duration\":0,\"rotate\":0.36}]},{\"name\":\"toufa14\",\"rotateFrame\":[{\"duration\":10,\"tweenEasing\":0,\"rotate\":5.06},{\"duration\":12,\"tweenEasing\":0,\"rotate\":-8.89},{\"duration\":2,\"tweenEasing\":0,\"rotate\":8.54},{\"duration\":11,\"tweenEasing\":0,\"rotate\":5.06},{\"duration\":12,\"tweenEasing\":0,\"rotate\":-8.89},{\"tweenEasing\":0,\"rotate\":8.54},{\"duration\":0,\"rotate\":5.06}]},{\"name\":\"toufa16\",\"rotateFrame\":[{\"duration\":12,\"tweenEasing\":0,\"rotate\":7.28},{\"duration\":12,\"tweenEasing\":0,\"rotate\":-10.01},{\"duration\":13,\"tweenEasing\":0,\"rotate\":7.28},{\"duration\":11,\"tweenEasing\":0,\"rotate\":-10.01},{\"duration\":0,\"rotate\":7.28}]},{\"name\":\"caiwen/eye1\",\"translateFrame\":[{\"duration\":6,\"tweenEasing\":0,\"x\":-0.45,\"y\":1.07},{\"duration\":4,\"tweenEasing\":0,\"x\":-0.45,\"y\":1.07},{\"duration\":2,\"tweenEasing\":0,\"x\":-1.83,\"y\":-0.12},{\"duration\":23,\"tweenEasing\":0,\"x\":-1.76,\"y\":-0.06},{\"duration\":2,\"tweenEasing\":0,\"x\":-0.92,\"y\":0.66},{\"duration\":11,\"tweenEasing\":0,\"x\":-0.85,\"y\":0.72},{\"duration\":0,\"x\":-0.45,\"y\":1.07}],\"scaleFrame\":[{\"duration\":6,\"tweenEasing\":0},{\"duration\":4,\"tweenEasing\":0},{\"duration\":2,\"tweenEasing\":0,\"x\":0.1},{\"duration\":23,\"tweenEasing\":0,\"x\":0.2},{\"duration\":2,\"tweenEasing\":0,\"x\":0.2},{\"duration\":11}]},{\"name\":\"caiwen/eye11\",\"translateFrame\":[{\"duration\":10,\"tweenEasing\":0,\"x\":0.02,\"y\":-1.89},{\"duration\":2,\"tweenEasing\":0,\"x\":0.03,\"y\":-2.39},{\"duration\":18,\"tweenEasing\":0,\"x\":0.03,\"y\":-2.49},{\"duration\":4,\"tweenEasing\":0,\"x\":0.02,\"y\":-1.89},{\"duration\":3,\"tweenEasing\":0,\"x\":-1.58,\"y\":-2.31},{\"duration\":11,\"x\":0.02,\"y\":-1.89}],\"scaleFrame\":[{\"duration\":10,\"tweenEasing\":0},{\"duration\":2,\"tweenEasing\":0,\"x\":0.2},{\"duration\":18,\"tweenEasing\":0},{\"duration\":4,\"tweenEasing\":0},{\"duration\":3,\"tweenEasing\":0,\"x\":0.1},{\"duration\":11,\"tweenEasing\":0,\"x\":0.2},{\"duration\":0}]}],\"slot\":[{\"name\":\"caiwen/eye1\",\"colorFrame\":[{\"duration\":10,\"tweenEasing\":0},{\"duration\":2,\"tweenEasing\":0},{\"duration\":23,\"tweenEasing\":0,\"value\":{\"aM\":0}},{\"duration\":2,\"tweenEasing\":0,\"value\":{\"aM\":0}},{\"duration\":11}]},{\"name\":\"caiwen/eye11\",\"displayFrame\":[{\"duration\":48}],\"colorFrame\":[{\"duration\":10,\"tweenEasing\":0,\"value\":{\"aM\":0}},{\"duration\":2,\"tweenEasing\":0,\"value\":{\"aM\":0}},{\"duration\":22,\"tweenEasing\":0},{\"duration\":3,\"tweenEasing\":0},{\"duration\":11,\"value\":{\"aM\":0}}]},{\"name\":\"quanfeng\",\"colorFrame\":[{\"duration\":48,\"value\":{\"aM\":0}}]},{\"name\":\"0\",\"colorFrame\":[{\"duration\":48,\"value\":{\"aM\":0}}]}],\"ffd\":[{\"name\":\"caiwen/shenti0\",\"slot\":\"shenti0\",\"frame\":[{\"duration\":6,\"tweenEasing\":0,\"offset\":2,\"vertices\":[0.14,-0.99,0.46,-1.14,0,0,-0.35,-1.06,-0.89,-0.35,0,0,0,0,0,0,0,0,0,0,0,0,0,0,0,0,0,0,0,0,0,0,0,0,0,0,0,0,0,0,0,0,0,0,0,0,0,0,0,0,0,0,0,0,0,0,0,0,0,0,0,0,0,0,0,0,0,0,0,0,0,0,0,0,0,0,0,0,0,0,0,0,0,0,0,0,0,0,0,0,0,0,0,0,0,0,0,0,0,0,0,0,0,0,0,0,0,0,0,0,0,0,0,0,0,0,0,0,0,0,0,0,0,0,0,0,0,0,0,0,0,0,0,0,0,0,0,0,0,0,0,0,0,0,0,0,0,0,0,0,0,0,0,0,0,0,0,0,0,0,0,0,0,0,0,0,0,0,0,0,0,0,0,0,0,0,0,0,0,0,0,0,0,0,0,0,0,0,-1.21,-0.43,-1.19,0.32,-1.73,0.1,0,0,-0.69,0.85,-0.92,1.09,-0.67,1.47,-1.95,1.49]},{\"duration\":6,\"tweenEasing\":0,\"offset\":12,\"vertices\":[-0.42,-0.02,0,0,0,0,0,0,0,0,0,0,0,0,0,0,0,0,0,0,0,0,0,0,0,0,0,0,0,0,0,0,0,0,0,0,0,0,0,0,0,0,0,0,0,0,0,0,0,0,0,0,0,0,0,0,0,0,0,0,0,0,0,0,0,0,0,0,0,0,0,0,0,0,0,0,0,0,0,0,0,0,0,0,0,0,0,0,0,0,0,0,0,0,0,0,0,0,0,0,0,0,0,0,0,0,0,0,0,0,0,0,0,0,0,0,0,0,0,0,0,0,0,0,0,0,0,0,0,0,0,0,0,0,0,0,0,0,0,0,0,0,0,0,0,0,0,0,0,0,0,0,0,0,0,0,0,0,0,0,0,0,0,0,0,0,0,0,0,0,0,0,0,0,0,0,0,0,0,0,0,0,0,0,0,0,0,0,0,0,-0.27,0.12,-1.27,0.28]},{\"duration\":6,\"tweenEasing\":0,\"offset\":6,\"vertices\":[1.82,1.11,2.16,1.26,1.82,1.02,2.6,0.61,2.53,1.54,1.3,0.29,1.11,-0.12,1.19,0.67,0,0,0,0,0,0,0,0,0,0,0,0,0,0,0,0,0,0,0,0,0,0,0,0,0,0,0,0,0,0,0,0,0,0,0,0,0,0,0,0,0,0,0,0,0,0,0,0,0,0,0,0,0,0,0,0,0,0,0,0,0,0,0,0,0,0,0,0,0,0,0,0,0,0,0,0,0,0,0,0,0,0,0,0,0,0,0,0,0,0,0,0,0,0,0,0,0,0,0,0,0,0,0,0,0,0,0,0,0,0,0,0,0,0,0,0,0,0,0,0,0,0,0,0,0,0,0,0,0,0,0,0,0,0,0,0,0,0,0,0,0,0,0,0,0,0,0,0,0,0,0,0,0,0,0,0,0,0,0,0,0,0,0,0,0,0,0,0,0,0,0,0,0,0,0,0,0,0,0,0,-0.27,0.12,-1.27,0.28]},{\"duration\":6,\"tweenEasing\":0,\"offset\":12,\"vertices\":[-0.42,-0.02,0,0,0,0,0,0,0,0,0,0,0,0,0,0,0,0,0,0,0,0,0,0,0,0,0,0,0,0,0,0,0,0,0,0,0,0,0,0,0,0,0,0,0,0,0,0,0,0,0,0,0,0,0,0,0,0,0,0,0,0,0,0,0,0,0,0,0,0,0,0,0,0,0,0,0,0,0,0,0,0,0,0,0,0,0,0,0,0,0,0,0,0,0,0,0,0,0,0,0,0,0,0,0,0,0,0,0,0,0,0,0,0,0,0,0,0,0,0,0,0,0,0,0,0,0,0,0,0,0,0,0,0,0,0,0,0,0,0,0,0,0,0,0,0,0,0,0,0,0,0,0,0,0,0,0,0,0,0,0,0,0,0,0,0,0,0,0,0,0,0,0,0,0,0,0,0,0,0,0,0,0,0,0,0,0,0,0,0,-0.27,0.12,-1.27,0.28]},{\"duration\":7,\"tweenEasing\":0,\"offset\":2,\"vertices\":[0.14,-0.99,0.46,-1.14,0,0,-0.35,-1.06,-0.89,-0.35,0,0,0,0,0,0,0,0,0,0,0,0,0,0,0,0,0,0,0,0,0,0,0,0,0,0,0,0,0,0,0,0,0,0,0,0,0,0,0,0,0,0,0,0,0,0,0,0,0,0,0,0,0,0,0,0,0,0,0,0,0,0,0,0,0,0,0,0,0,0,0,0,0,0,0,0,0,0,0,0,0,0,0,0,0,0,0,0,0,0,0,0,0,0,0,0,0,0,0,0,0,0,0,0,0,0,0,0,0,0,0,0,0,0,0,0,0,0,0,0,0,0,0,0,0,0,0,0,0,0,0,0,0,0,0,0,0,0,0,0,0,0,0,0,0,0,0,0,0,0,0,0,0,0,0,0,0,0,0,0,0,0,0,0,0,0,0,0,0,0,0,0,0,0,0,0,0,0,-1.21,-0.43,-1.19,0.32,-1.73,0.1,0,0,-0.69,0.85,-0.92,1.09,-0.67,1.47,-1.95,1.49]},{\"duration\":6,\"tweenEasing\":0,\"offset\":12,\"vertices\":[-0.42,-0.02,0,0,0,0,0,0,0,0,0,0,0,0,0,0,0,0,0,0,0,0,0,0,0,0,0,0,0,0,0,0,0,0,0,0,0,0,0,0,0,0,0,0,0,0,0,0,0,0,0,0,0,0,0,0,0,0,0,0,0,0,0,0,0,0,0,0,0,0,0,0,0,0,0,0,0,0,0,0,0,0,0,0,0,0,0,0,0,0,0,0,0,0,0,0,0,0,0,0,0,0,0,0,0,0,0,0,0,0,0,0,0,0,0,0,0,0,0,0,0,0,0,0,0,0,0,0,0,0,0,0,0,0,0,0,0,0,0,0,0,0,0,0,0,0,0,0,0,0,0,0,0,0,0,0,0,0,0,0,0,0,0,0,0,0,0,0,0,0,0,0,0,0,0,0,0,0,0,0,0,0,0,0,0,0,0,0,0,0,-0.27,0.12,-1.27,0.28]},{\"duration\":7,\"tweenEasing\":0,\"offset\":6,\"vertices\":[1.82,1.11,2.16,1.26,1.82,1.02,2.6,0.61,2.53,1.54,1.3,0.29,1.11,-0.12,1.19,0.67,0,0,0,0,0,0,0,0,0,0,0,0,0,0,0,0,0,0,0,0,0,0,0,0,0,0,0,0,0,0,0,0,0,0,0,0,0,0,0,0,0,0,0,0,0,0,0,0,0,0,0,0,0,0,0,0,0,0,0,0,0,0,0,0,0,0,0,0,0,0,0,0,0,0,0,0,0,0,0,0,0,0,0,0,0,0,0,0,0,0,0,0,0,0,0,0,0,0,0,0,0,0,0,0,0,0,0,0,0,0,0,0,0,0,0,0,0,0,0,0,0,0,0,0,0,0,0,0,0,0,0,0,0,0,0,0,0,0,0,0,0,0,0,0,0,0,0,0,0,0,0,0,0,0,0,0,0,0,0,0,0,0,0,0,0,0,0,0,0,0,0,0,0,0,0,0,0,0,0,0,-0.27,0.12,-1.27,0.28]},{\"duration\":4,\"tweenEasing\":0,\"offset\":12,\"vertices\":[-0.42,-0.02,0,0,0,0,0,0,0,0,0,0,0,0,0,0,0,0,0,0,0,0,0,0,0,0,0,0,0,0,0,0,0,0,0,0,0,0,0,0,0,0,0,0,0,0,0,0,0,0,0,0,0,0,0,0,0,0,0,0,0,0,0,0,0,0,0,0,0,0,0,0,0,0,0,0,0,0,0,0,0,0,0,0,0,0,0,0,0,0,0,0,0,0,0,0,0,0,0,0,0,0,0,0,0,0,0,0,0,0,0,0,0,0,0,0,0,0,0,0,0,0,0,0,0,0,0,0,0,0,0,0,0,0,0,0,0,0,0,0,0,0,0,0,0,0,0,0,0,0,0,0,0,0,0,0,0,0,0,0,0,0,0,0,0,0,0,0,0,0,0,0,0,0,0,0,0,0,0,0,0,0,0,0,0,0,0,0,0,0,-0.27,0.12,-1.27,0.28]},{\"duration\":0,\"offset\":2,\"vertices\":[0.14,-0.99,0.46,-1.14,0,0,-0.35,-1.06,-0.89,-0.35,0,0,0,0,0,0,0,0,0,0,0,0,0,0,0,0,0,0,0,0,0,0,0,0,0,0,0,0,0,0,0,0,0,0,0,0,0,0,0,0,0,0,0,0,0,0,0,0,0,0,0,0,0,0,0,0,0,0,0,0,0,0,0,0,0,0,0,0,0,0,0,0,0,0,0,0,0,0,0,0,0,0,0,0,0,0,0,0,0,0,0,0,0,0,0,0,0,0,0,0,0,0,0,0,0,0,0,0,0,0,0,0,0,0,0,0,0,0,0,0,0,0,0,0,0,0,0,0,0,0,0,0,0,0,0,0,0,0,0,0,0,0,0,0,0,0,0,0,0,0,0,0,0,0,0,0,0,0,0,0,0,0,0,0,0,0,0,0,0,0,0,0,0,0,0,0,0,0,-1.21,-0.43,-1.19,0.32,-1.73,0.1,0,0,-0.69,0.85,-0.92,1.09,-0.67,1.47,-1.95,1.49]}]}],\"zOrder\":{\"frame\":[{\"duration\":48,\"zOrder\":[0,2,1,2]}]}},{\"duration\":10,\"playTimes\":0,\"name\":\"gongji\",\"frame\":[{\"duration\":7},{\"duration\":0,\"events\":[{\"name\":\"gongji\"}]}],\"bone\":[{\"name\":\"youshou\",\"translateFrame\":[{\"duration\":2,\"tweenEasing\":0},{\"tweenEasing\":0},{\"duration\":4,\"tweenEasing\":0,\"x\":-4.52,\"y\":-22.21},{\"duration\":3,\"tweenEasing\":0,\"x\":-4.52,\"y\":-22.21},{\"duration\":0}],\"rotateFrame\":[{\"duration\":2,\"tweenEasing\":0},{\"tweenEasing\":0},{\"tweenEasing\":0,\"rotate\":75.19},{\"tweenEasing\":0,\"rotate\":150.38},{\"duration\":2,\"tweenEasing\":0,\"rotate\":163.22},{\"duration\":3,\"tweenEasing\":0,\"rotate\":160.95},{\"duration\":0}]},{\"name\":\"shenti01\",\"rotateFrame\":[{\"duration\":2,\"tweenEasing\":0,\"rotate\":-5.03},{\"duration\":2,\"tweenEasing\":0,\"rotate\":-11.19},{\"duration\":3,\"tweenEasing\":0,\"rotate\":7.12},{\"duration\":3,\"tweenEasing\":0,\"rotate\":7.12},{\"duration\":0,\"rotate\":-5.03}],\"scaleFrame\":[{\"duration\":10,\"x\":0.85,\"y\":1.15}]},{\"name\":\"zuoshou1\",\"rotateFrame\":[{\"duration\":2,\"tweenEasing\":0,\"rotate\":3.35},{\"duration\":3,\"tweenEasing\":0,\"rotate\":3.35},{\"duration\":2,\"tweenEasing\":0,\"rotate\":-8.61},{\"duration\":3,\"tweenEasing\":0,\"rotate\":-8.52},{\"duration\":0,\"rotate\":3.35}]},{\"name\":\"shenti02\",\"rotateFrame\":[{\"duration\":2,\"tweenEasing\":0,\"rotate\":-1.51},{\"duration\":2,\"tweenEasing\":0,\"rotate\":-7.68},{\"tweenEasing\":0,\"rotate\":10.63},{\"duration\":2,\"tweenEasing\":0,\"rotate\":3.98},{\"duration\":3,\"tweenEasing\":0,\"rotate\":10.63},{\"duration\":0,\"rotate\":-1.51}]},{\"name\":\"youshou1\",\"rotateFrame\":[{\"duration\":2,\"tweenEasing\":0,\"rotate\":-11.47},{\"tweenEasing\":0,\"rotate\":-11.47},{\"tweenEasing\":0,\"rotate\":-100.87},{\"tweenEasing\":0,\"rotate\":-174.68},{\"duration\":2,\"tweenEasing\":0,\"rotate\":-178.83},{\"duration\":2,\"tweenEasing\":0,\"rotate\":-177.08},{\"tweenEasing\":0,\"rotate\":-66.67},{\"duration\":0,\"rotate\":-11.47}],\"scaleFrame\":[{\"duration\":2,\"tweenEasing\":0,\"x\":1.1},{\"tweenEasing\":0,\"x\":1.1},{\"tweenEasing\":0,\"x\":-1,\"y\":-1},{\"duration\":3,\"tweenEasing\":0,\"x\":-2,\"y\":-1},{\"duration\":2,\"tweenEasing\":0,\"x\":-2,\"y\":-1},{\"tweenEasing\":0,\"x\":-2},{\"duration\":0,\"x\":1.1}]},{\"name\":\"eye0\",\"translateFrame\":[{\"duration\":10,\"x\":0.51,\"y\":0.92}]},{\"name\":\"shenti03\",\"rotateFrame\":[{\"duration\":2,\"tweenEasing\":0,\"rotate\":-1.51},{\"duration\":2,\"tweenEasing\":0,\"rotate\":-7.68},{\"duration\":3,\"tweenEasing\":0,\"rotate\":10.63},{\"duration\":3,\"tweenEasing\":0,\"rotate\":10.63},{\"duration\":0,\"rotate\":-1.51}]},{\"name\":\"zuoshou2\",\"rotateFrame\":[{\"duration\":2,\"tweenEasing\":0,\"rotate\":5.56},{\"duration\":3,\"tweenEasing\":0,\"rotate\":5.56},{\"duration\":2,\"tweenEasing\":0,\"rotate\":-6.4},{\"duration\":3,\"tweenEasing\":0,\"rotate\":-6.31},{\"duration\":0,\"rotate\":5.56}],\"scaleFrame\":[{\"duration\":10,\"x\":1.02}]},{\"name\":\"youshou2\",\"rotateFrame\":[{\"duration\":2,\"tweenEasing\":0,\"rotate\":-0.2},{\"duration\":2,\"tweenEasing\":0,\"rotate\":-0.2},{\"duration\":3,\"tweenEasing\":0,\"rotate\":3.16},{\"duration\":3,\"tweenEasing\":0,\"rotate\":3.16},{\"duration\":0,\"rotate\":-0.2}],\"scaleFrame\":[{\"duration\":2,\"tweenEasing\":0},{\"duration\":2,\"tweenEasing\":0,\"x\":1.1},{\"duration\":3,\"tweenEasing\":0,\"x\":1.3},{\"duration\":3,\"tweenEasing\":0,\"x\":1.3},{\"duration\":0}]},{\"name\":\"zuoshou3\",\"rotateFrame\":[{\"duration\":2,\"tweenEasing\":0,\"rotate\":3.83},{\"duration\":3,\"tweenEasing\":0,\"rotate\":3.83},{\"duration\":2,\"tweenEasing\":0,\"rotate\":-8.13},{\"duration\":3,\"tweenEasing\":0,\"rotate\":-8.03},{\"duration\":0,\"rotate\":3.83}],\"scaleFrame\":[{\"duration\":10,\"x\":1.04}]},{\"name\":\"shenti04\",\"rotateFrame\":[{\"duration\":2,\"tweenEasing\":0,\"rotate\":3.01},{\"duration\":2,\"tweenEasing\":0,\"rotate\":-3.15},{\"duration\":3,\"tweenEasing\":0,\"rotate\":15.16},{\"duration\":3,\"tweenEasing\":0,\"rotate\":15.16},{\"duration\":0,\"rotate\":3.01}]},{\"name\":\"youshou3\",\"rotateFrame\":[{\"duration\":2,\"tweenEasing\":0,\"rotate\":11.08},{\"duration\":2,\"tweenEasing\":0,\"rotate\":11.08},{\"duration\":3,\"tweenEasing\":0,\"rotate\":7.06},{\"duration\":3,\"tweenEasing\":0,\"rotate\":7.06},{\"duration\":0,\"rotate\":11.08}],\"scaleFrame\":[{\"duration\":2,\"tweenEasing\":0},{\"duration\":2,\"tweenEasing\":0,\"x\":1.1},{\"duration\":3,\"tweenEasing\":0,\"x\":1.2},{\"duration\":3,\"tweenEasing\":0,\"x\":1.2},{\"duration\":0}]},{\"name\":\"shenti07\",\"rotateFrame\":[{\"duration\":2,\"tweenEasing\":0,\"rotate\":-15.01},{\"duration\":2,\"tweenEasing\":0,\"rotate\":-18.17},{\"tweenEasing\":0,\"rotate\":25.46},{\"duration\":2,\"tweenEasing\":0,\"rotate\":55.89},{\"duration\":3,\"tweenEasing\":0,\"rotate\":25.46},{\"duration\":0,\"rotate\":-15.01}]},{\"name\":\"shenti05\",\"rotateFrame\":[{\"duration\":2,\"tweenEasing\":0,\"rotate\":-6.51},{\"duration\":2,\"tweenEasing\":0,\"rotate\":-9.66},{\"tweenEasing\":0,\"rotate\":8.65},{\"duration\":2,\"tweenEasing\":0,\"rotate\":35.37},{\"duration\":3,\"tweenEasing\":0,\"rotate\":8.65},{\"duration\":0,\"rotate\":-6.51}]},{\"name\":\"shenti06\",\"rotateFrame\":[{\"duration\":2,\"tweenEasing\":0,\"rotate\":5.22},{\"duration\":2,\"tweenEasing\":0,\"rotate\":2.06},{\"tweenEasing\":0,\"rotate\":34.87},{\"duration\":2,\"tweenEasing\":0,\"rotate\":57.01},{\"duration\":3,\"tweenEasing\":0,\"rotate\":34.87},{\"duration\":0,\"rotate\":5.22}]},{\"name\":\"zuoshou4\",\"rotateFrame\":[{\"duration\":2,\"tweenEasing\":0,\"rotate\":-9.62},{\"duration\":3,\"tweenEasing\":0},{\"duration\":2,\"tweenEasing\":0,\"rotate\":-11.96},{\"duration\":3,\"tweenEasing\":0,\"rotate\":-11.87},{\"duration\":0,\"rotate\":-9.62}],\"scaleFrame\":[{\"duration\":10,\"x\":1.03}]},{\"name\":\"youshou4\",\"rotateFrame\":[{\"duration\":2,\"tweenEasing\":0,\"rotate\":19.18},{\"duration\":2,\"tweenEasing\":0,\"rotate\":19.18},{\"duration\":3,\"tweenEasing\":0,\"rotate\":-28.03},{\"duration\":3,\"tweenEasing\":0,\"rotate\":-28.03},{\"duration\":0,\"rotate\":19.18}],\"scaleFrame\":[{\"duration\":2,\"tweenEasing\":0},{\"duration\":2,\"tweenEasing\":0,\"x\":1.1},{\"duration\":3,\"tweenEasing\":0,\"x\":1.07},{\"duration\":3,\"tweenEasing\":0,\"x\":1.04},{\"duration\":0}]},{\"name\":\"toufa12\",\"rotateFrame\":[{\"duration\":10,\"rotate\":-10.01}]},{\"name\":\"toufa11\",\"rotateFrame\":[{\"duration\":2,\"tweenEasing\":0,\"rotate\":-6.7},{\"duration\":2,\"tweenEasing\":0,\"rotate\":-6.7},{\"duration\":3,\"tweenEasing\":0,\"rotate\":13.17},{\"duration\":3,\"tweenEasing\":0,\"rotate\":13.17},{\"duration\":0,\"rotate\":-6.7}]},{\"name\":\"toufa01\",\"rotateFrame\":[{\"duration\":2,\"tweenEasing\":0,\"rotate\":-11.26},{\"duration\":2,\"tweenEasing\":0,\"rotate\":-11.26},{\"tweenEasing\":0,\"rotate\":40.84},{\"duration\":2,\"tweenEasing\":0,\"rotate\":52.71},{\"duration\":3,\"tweenEasing\":0,\"rotate\":40.84},{\"duration\":0,\"rotate\":-11.26}]},{\"name\":\"toufa03\",\"rotateFrame\":[{\"duration\":2,\"tweenEasing\":0,\"rotate\":-32.97},{\"duration\":3,\"tweenEasing\":0,\"rotate\":-32.97},{\"duration\":2,\"tweenEasing\":0,\"rotate\":10.71},{\"duration\":3,\"rotate\":-32.97}]},{\"name\":\"toufa13\",\"rotateFrame\":[{\"duration\":2,\"tweenEasing\":0,\"rotate\":-1.91},{\"duration\":2,\"tweenEasing\":0,\"rotate\":-1.91},{\"tweenEasing\":0,\"rotate\":32.04},{\"duration\":2,\"tweenEasing\":0,\"rotate\":45.97},{\"duration\":3,\"tweenEasing\":0,\"rotate\":32.04},{\"duration\":0,\"rotate\":-1.91}]},{\"name\":\"toufa02\",\"rotateFrame\":[{\"duration\":2,\"tweenEasing\":0,\"rotate\":-5.55},{\"duration\":2,\"tweenEasing\":0,\"rotate\":-5.55},{\"duration\":3,\"tweenEasing\":0,\"rotate\":34.14},{\"duration\":3,\"tweenEasing\":0,\"rotate\":34.14},{\"duration\":0,\"rotate\":-5.55}]},{\"name\":\"zuoshou5\",\"rotateFrame\":[{\"duration\":5,\"tweenEasing\":0},{\"duration\":2,\"tweenEasing\":0,\"rotate\":-11.96},{\"duration\":3,\"rotate\":-11.87}]},{\"name\":\"toufa04\",\"rotateFrame\":[{\"duration\":10,\"rotate\":-4.13}]},{\"name\":\"toufa15\",\"rotateFrame\":[{\"duration\":2,\"tweenEasing\":0,\"rotate\":0.36},{\"duration\":2,\"tweenEasing\":0,\"rotate\":0.36},{\"duration\":3,\"tweenEasing\":0,\"rotate\":28.33},{\"duration\":3,\"tweenEasing\":0,\"rotate\":28.33},{\"duration\":0,\"rotate\":0.36}]},{\"name\":\"toufa14\",\"rotateFrame\":[{\"duration\":2,\"tweenEasing\":0,\"rotate\":5.06},{\"duration\":2,\"tweenEasing\":0,\"rotate\":5.06},{\"duration\":3,\"tweenEasing\":0,\"rotate\":24.93},{\"duration\":3,\"tweenEasing\":0,\"rotate\":24.93},{\"duration\":0,\"rotate\":5.06}]},{\"name\":\"toufa16\",\"rotateFrame\":[{\"duration\":2,\"tweenEasing\":0,\"rotate\":7.28},{\"duration\":2,\"tweenEasing\":0,\"rotate\":7.28},{\"duration\":3,\"tweenEasing\":0,\"rotate\":36.1},{\"duration\":3,\"tweenEasing\":0,\"rotate\":36.1},{\"duration\":0,\"rotate\":7.28}]},{\"name\":\"caiwen/eye1\",\"translateFrame\":[{\"duration\":10,\"x\":-0.45,\"y\":1.07}]},{\"name\":\"caiwen/eye11\",\"translateFrame\":[{\"duration\":10,\"x\":0.02,\"y\":-1.89}]},{\"name\":\"quanfeng\",\"translateFrame\":[{\"duration\":2},{\"tweenEasing\":0,\"x\":-50.92,\"y\":11.97},{\"tweenEasing\":0,\"x\":5.36,\"y\":5.98},{\"duration\":3,\"tweenEasing\":0,\"x\":58.1,\"y\":-3.78},{\"duration\":3,\"x\":75.63,\"y\":3.16}],\"rotateFrame\":[{\"duration\":2},{\"tweenEasing\":0},{\"tweenEasing\":0,\"rotate\":4.63},{\"duration\":3,\"tweenEasing\":0,\"rotate\":9.26},{\"duration\":3,\"rotate\":10.61}]},{\"name\":\"0\",\"translateFrame\":[{\"duration\":10,\"x\":55.91,\"y\":-2.42}],\"scaleFrame\":[{\"duration\":2,\"tweenEasing\":0},{\"duration\":2,\"tweenEasing\":0,\"x\":0.5,\"y\":0.5},{\"duration\":6,\"x\":1.5,\"y\":1.5}]}],\"slot\":[{\"name\":\"caiwen/eye11\",\"displayFrame\":[{\"duration\":10}],\"colorFrame\":[{\"duration\":10,\"value\":{\"aM\":0}}]},{\"name\":\"quanfeng\",\"colorFrame\":[{\"duration\":2,\"tweenEasing\":0,\"value\":{\"aM\":0}},{\"tweenEasing\":0,\"value\":{\"aM\":0}},{\"duration\":4,\"tweenEasing\":0},{\"duration\":3,\"tweenEasing\":0},{\"duration\":0,\"value\":{\"aM\":0}}]},{\"name\":\"0\",\"displayFrame\":[{\"duration\":5},{\"value\":5},{\"value\":4},{\"value\":3},{\"value\":2},{\"value\":1}],\"colorFrame\":[{\"duration\":2,\"tweenEasing\":0,\"value\":{\"aM\":0}},{\"duration\":2,\"tweenEasing\":0,\"value\":{\"aM\":0}},{\"duration\":4,\"tweenEasing\":0},{\"tweenEasing\":0},{\"tweenEasing\":0,\"value\":{\"aM\":50}},{\"duration\":0,\"value\":{\"aM\":0}}]}],\"ffd\":[{\"name\":\"caiwen/shenti0\",\"slot\":\"shenti0\",\"frame\":[{\"duration\":10,\"offset\":2,\"vertices\":[0.14,-0.99,0.46,-1.14,0,0,-0.35,-1.06,-0.89,-0.35,0,0,0,0,0,0,0,0,0,0,0,0,0,0,0,0,0,0,0,0,0,0,0,0,0,0,0,0,0,0,0,0,0,0,0,0,0,0,0,0,0,0,0,0,0,0,0,0,0,0,0,0,0,0,0,0,0,0,0,0,0,0,0,0,0,0,0,0,0,0,0,0,0,0,0,0,0,0,0,0,0,0,0,0,0,0,0,0,0,0,0,0,0,0,0,0,0,0,0,0,0,0,0,0,0,0,0,0,0,0,0,0,0,0,0,0,0,0,0,0,0,0,0,0,0,0,0,0,0,0,0,0,0,0,0,0,0,0,0,0,0,0,0,0,0,0,0,0,0,0,0,0,0,0,0,0,0,0,0,0,0,0,0,0,0,0,0,0,0,0,0,0,0,0,0,0,0,0,-1.21,-0.43,-1.19,0.32,-1.73,0.1,0,0,-0.69,0.85,-0.92,1.09,-0.67,1.47,-1.95,1.49]}]}],\"zOrder\":{\"frame\":[{\"duration\":3,\"zOrder\":[0,2,1,2]},{\"duration\":7,\"zOrder\":[0,10,1,1]},{\"duration\":0,\"zOrder\":[0,2,1,2]}]}},{\"duration\":10,\"playTimes\":0,\"name\":\"gongji_2\",\"bone\":[{\"name\":\"shenti01\",\"rotateFrame\":[{\"duration\":2,\"tweenEasing\":0,\"rotate\":-5.03},{\"tweenEasing\":0,\"rotate\":7.24},{\"duration\":6,\"tweenEasing\":0,\"rotate\":13.38},{\"tweenEasing\":0,\"rotate\":13.38},{\"duration\":0,\"rotate\":-5.03}],\"scaleFrame\":[{\"duration\":2,\"tweenEasing\":0,\"x\":0.85,\"y\":1.15},{\"tweenEasing\":0,\"x\":0.8,\"y\":1.15},{\"tweenEasing\":0,\"x\":1.25,\"y\":1.15},{\"duration\":2,\"tweenEasing\":0,\"x\":1.7,\"y\":1.15},{\"duration\":2,\"tweenEasing\":0,\"x\":1.5,\"y\":1.15},{\"tweenEasing\":0,\"x\":1.7,\"y\":1.15},{\"tweenEasing\":0,\"x\":1.3,\"y\":1.15},{\"duration\":0,\"x\":0.85,\"y\":1.15}]},{\"name\":\"zuoshou1\",\"rotateFrame\":[{\"duration\":2,\"tweenEasing\":0,\"rotate\":3.35},{\"duration\":2,\"tweenEasing\":0,\"rotate\":18.03},{\"duration\":5,\"tweenEasing\":0,\"rotate\":-28.35},{\"tweenEasing\":0,\"rotate\":-28.35},{\"duration\":0,\"rotate\":3.35}],\"scaleFrame\":[{\"duration\":2,\"tweenEasing\":0},{\"duration\":2,\"tweenEasing\":0},{\"duration\":5,\"tweenEasing\":0,\"x\":1.63},{\"tweenEasing\":0,\"x\":1.6},{\"duration\":0}]},{\"name\":\"shenti02\",\"rotateFrame\":[{\"duration\":10,\"rotate\":-1.51}]},{\"name\":\"youshou1\",\"rotateFrame\":[{\"duration\":2,\"tweenEasing\":0,\"rotate\":-11.47},{\"duration\":2,\"tweenEasing\":0,\"rotate\":-11.47},{\"duration\":5,\"tweenEasing\":0,\"rotate\":0.58},{\"tweenEasing\":0,\"rotate\":0.58},{\"duration\":0,\"rotate\":-11.47}],\"scaleFrame\":[{\"duration\":10,\"x\":1.1}]},{\"name\":\"eye0\",\"translateFrame\":[{\"duration\":10,\"x\":0.51,\"y\":0.92}]},{\"name\":\"shenti03\",\"rotateFrame\":[{\"duration\":10,\"rotate\":-1.51}]},{\"name\":\"zuoshou2\",\"rotateFrame\":[{\"duration\":2,\"tweenEasing\":0,\"rotate\":5.56},{\"duration\":2,\"tweenEasing\":0,\"rotate\":9.17},{\"duration\":5,\"tweenEasing\":0,\"rotate\":9.58},{\"tweenEasing\":0,\"rotate\":9.58},{\"duration\":0,\"rotate\":5.56}],\"scaleFrame\":[{\"duration\":2,\"tweenEasing\":0,\"x\":1.02},{\"duration\":2,\"tweenEasing\":0,\"x\":1.02},{\"duration\":5,\"tweenEasing\":0,\"x\":1.4},{\"tweenEasing\":0,\"x\":1.4},{\"duration\":0,\"x\":1.02}]},{\"name\":\"youshou2\",\"rotateFrame\":[{\"duration\":2,\"tweenEasing\":0,\"rotate\":-0.2},{\"duration\":2,\"tweenEasing\":0,\"rotate\":-0.2},{\"duration\":5,\"tweenEasing\":0,\"rotate\":11.86},{\"tweenEasing\":0,\"rotate\":11.86},{\"duration\":0,\"rotate\":-0.2}]},{\"name\":\"zuoshou3\",\"rotateFrame\":[{\"duration\":2,\"tweenEasing\":0,\"rotate\":3.83},{\"duration\":2,\"tweenEasing\":0,\"rotate\":-73.03},{\"duration\":5,\"tweenEasing\":0,\"rotate\":7.85},{\"tweenEasing\":0,\"rotate\":7.85},{\"duration\":0,\"rotate\":3.83}],\"scaleFrame\":[{\"duration\":2,\"tweenEasing\":0,\"x\":1.04},{\"duration\":2,\"tweenEasing\":0,\"x\":1.04},{\"duration\":5,\"tweenEasing\":0,\"x\":1.5},{\"tweenEasing\":0,\"x\":1.5},{\"duration\":0,\"x\":1.04}]},{\"name\":\"shenti04\",\"rotateFrame\":[{\"duration\":10,\"rotate\":3.01}]},{\"name\":\"youshou3\",\"rotateFrame\":[{\"duration\":2,\"tweenEasing\":0,\"rotate\":11.08},{\"duration\":2,\"tweenEasing\":0,\"rotate\":11.08},{\"duration\":5,\"tweenEasing\":0,\"rotate\":23.14},{\"tweenEasing\":0,\"rotate\":23.14},{\"duration\":0,\"rotate\":11.08}]},{\"name\":\"shenti07\",\"rotateFrame\":[{\"duration\":10,\"rotate\":-15.01}]},{\"name\":\"shenti05\",\"rotateFrame\":[{\"duration\":10,\"rotate\":-6.51}]},{\"name\":\"shenti06\",\"rotateFrame\":[{\"duration\":10,\"rotate\":5.22}]},{\"name\":\"zuoshou4\",\"rotateFrame\":[{\"duration\":2,\"tweenEasing\":0,\"rotate\":-9.62},{\"duration\":2,\"tweenEasing\":0,\"rotate\":-9.62},{\"duration\":5,\"tweenEasing\":0,\"rotate\":-5.61},{\"tweenEasing\":0,\"rotate\":-5.61},{\"duration\":0,\"rotate\":-9.62}],\"scaleFrame\":[{\"duration\":2,\"tweenEasing\":0,\"x\":1.03},{\"duration\":2,\"tweenEasing\":0,\"x\":1.03},{\"duration\":5,\"tweenEasing\":0,\"x\":1.4},{\"tweenEasing\":0,\"x\":1.4},{\"duration\":0,\"x\":1.03}]},{\"name\":\"youshou4\",\"rotateFrame\":[{\"duration\":2,\"tweenEasing\":0,\"rotate\":19.18},{\"duration\":2,\"tweenEasing\":0,\"rotate\":19.18},{\"duration\":5,\"tweenEasing\":0,\"rotate\":31.23},{\"tweenEasing\":0,\"rotate\":31.23},{\"duration\":0,\"rotate\":19.18}]},{\"name\":\"toufa12\",\"rotateFrame\":[{\"duration\":10,\"rotate\":-10.01}]},{\"name\":\"toufa11\",\"rotateFrame\":[{\"duration\":10,\"rotate\":-6.7}]},{\"name\":\"toufa01\",\"rotateFrame\":[{\"duration\":10,\"rotate\":-11.26}]},{\"name\":\"toufa03\",\"rotateFrame\":[{\"duration\":10,\"rotate\":-32.97}]},{\"name\":\"toufa13\",\"rotateFrame\":[{\"duration\":10,\"rotate\":-1.91}]},{\"name\":\"toufa02\",\"rotateFrame\":[{\"duration\":10,\"rotate\":-5.55}]},{\"name\":\"zuoshou5\",\"rotateFrame\":[{\"duration\":4,\"tweenEasing\":0},{\"duration\":6,\"rotate\":-13.21}],\"scaleFrame\":[{\"duration\":4,\"tweenEasing\":0},{\"duration\":5,\"tweenEasing\":0,\"y\":0.5},{\"y\":0.92},{\"duration\":0}]},{\"name\":\"toufa04\",\"rotateFrame\":[{\"duration\":10,\"rotate\":-4.13}]},{\"name\":\"toufa15\",\"rotateFrame\":[{\"duration\":10,\"rotate\":0.36}]},{\"name\":\"toufa14\",\"rotateFrame\":[{\"duration\":10,\"rotate\":5.06}]},{\"name\":\"toufa16\",\"rotateFrame\":[{\"duration\":10,\"rotate\":7.28}]},{\"name\":\"caiwen/eye1\",\"translateFrame\":[{\"duration\":10,\"x\":-0.45,\"y\":1.07}]},{\"name\":\"caiwen/eye11\",\"translateFrame\":[{\"duration\":10,\"x\":0.02,\"y\":-1.89}]},{\"name\":\"quanfeng\",\"translateFrame\":[{\"duration\":2},{\"duration\":4,\"tweenEasing\":0,\"x\":17.03,\"y\":-11.73},{\"duration\":4,\"x\":62.8,\"y\":-79.21}],\"rotateFrame\":[{\"duration\":2},{\"duration\":4,\"tweenEasing\":0,\"rotate\":-65.72},{\"duration\":4,\"rotate\":-43.85}],\"scaleFrame\":[{\"duration\":2},{\"duration\":4,\"tweenEasing\":0},{\"duration\":4,\"x\":1.5,\"y\":-1.5}]},{\"name\":\"0\",\"translateFrame\":[{\"duration\":4,\"tweenEasing\":0,\"x\":55.91,\"y\":-2.42},{\"duration\":6,\"x\":29.28,\"y\":-132.13}],\"rotateFrame\":[{\"duration\":4,\"tweenEasing\":0},{\"duration\":6,\"rotate\":-57.19}],\"scaleFrame\":[{\"duration\":4,\"tweenEasing\":0},{\"duration\":5,\"tweenEasing\":0,\"x\":1.5,\"y\":1.5},{\"x\":2,\"y\":2}]}],\"slot\":[{\"name\":\"caiwen/eye11\",\"displayFrame\":[{\"duration\":10}],\"colorFrame\":[{\"duration\":10,\"value\":{\"aM\":0}}]},{\"name\":\"quanfeng\",\"colorFrame\":[{\"duration\":2,\"tweenEasing\":0,\"value\":{\"aM\":0}},{\"duration\":4,\"tweenEasing\":0,\"value\":{\"aM\":0}},{\"duration\":4,\"tweenEasing\":0},{\"duration\":0,\"value\":{\"aM\":0}}]},{\"name\":\"0\",\"displayFrame\":[{\"duration\":5},{\"value\":5},{\"value\":4},{\"value\":3},{\"value\":2},{\"value\":1}],\"colorFrame\":[{\"duration\":3,\"tweenEasing\":0,\"value\":{\"aM\":0}},{\"tweenEasing\":0,\"value\":{\"aM\":0}},{\"duration\":5,\"tweenEasing\":0},{\"tweenEasing\":0},{\"duration\":0,\"value\":{\"aM\":0}}]}],\"ffd\":[{\"name\":\"caiwen/zuoshou\",\"slot\":\"zuoshou\",\"frame\":[{\"duration\":2},{\"duration\":8,\"offset\":16,\"vertices\":[-0.09,-0.26]}]},{\"name\":\"caiwen/shenti0\",\"slot\":\"shenti0\",\"frame\":[{\"duration\":10,\"offset\":2,\"vertices\":[0.14,-0.99,0.46,-1.14,0,0,-0.35,-1.06,-0.89,-0.35,0,0,0,0,0,0,0,0,0,0,0,0,0,0,0,0,0,0,0,0,0,0,0,0,0,0,0,0,0,0,0,0,0,0,0,0,0,0,0,0,0,0,0,0,0,0,0,0,0,0,0,0,0,0,0,0,0,0,0,0,0,0,0,0,0,0,0,0,0,0,0,0,0,0,0,0,0,0,0,0,0,0,0,0,0,0,0,0,0,0,0,0,0,0,0,0,0,0,0,0,0,0,0,0,0,0,0,0,0,0,0,0,0,0,0,0,0,0,0,0,0,0,0,0,0,0,0,0,0,0,0,0,0,0,0,0,0,0,0,0,0,0,0,0,0,0,0,0,0,0,0,0,0,0,0,0,0,0,0,0,0,0,0,0,0,0,0,0,0,0,0,0,0,0,0,0,0,0,-1.21,-0.43,-1.19,0.32,-1.73,0.1,0,0,-0.69,0.85,-0.92,1.09,-0.67,1.47,-1.95,1.49]}]}],\"zOrder\":{\"frame\":[{\"duration\":10,\"zOrder\":[0,2,1,2]}]}}],\"defaultActions\":[{\"gotoAndPlay\":\"daiji\"}]}]}"]],0,0,[],[],[]]