[1,["9dXhBmxYtOFrS2Y3wWWq0E"],["_texture"],[["dragonBones.DragonBonesAtlasAsset",["_name","_atlasJson"],1]],[[0,0,1,3]],[[0,"05_hanbingsheshou_tex","{\"width\":128,\"imagePath\":\"05_hanbingsheshou_tex.png\",\"name\":\"05_hanbingsheshou\",\"SubTexture\":[{\"width\":17,\"y\":102,\"height\":12,\"name\":\"01wandousheshou/jiaoye2\",\"x\":44},{\"width\":16,\"y\":102,\"height\":13,\"name\":\"01wandousheshou/jiaoye3\",\"x\":26},{\"width\":17,\"y\":47,\"height\":36,\"name\":\"01wandousheshou/shenti\",\"x\":29},{\"width\":10,\"y\":117,\"height\":10,\"name\":\"01wandousheshou/qiu\",\"x\":26},{\"width\":41,\"y\":1,\"height\":48,\"name\":\"01wandousheshou/touye\",\"x\":52},{\"width\":49,\"y\":1,\"height\":44,\"name\":\"01wandousheshou/tou\",\"x\":1},{\"width\":20,\"y\":80,\"height\":22,\"name\":\"01wandousheshou/sai\",\"x\":1},{\"width\":23,\"y\":116,\"height\":8,\"name\":\"01wandousheshou/yandi\",\"x\":44},{\"width\":19,\"y\":69,\"height\":13,\"name\":\"01wandousheshou/eye\",\"x\":48},{\"width\":23,\"y\":104,\"height\":17,\"name\":\"01wandousheshou/jiaoye0\",\"x\":1},{\"width\":25,\"y\":85,\"height\":15,\"name\":\"01wandousheshou/jiaoye1\",\"x\":23},{\"width\":26,\"y\":1,\"height\":31,\"name\":\"01wandousheshou/mouth2\",\"x\":95},{\"width\":26,\"y\":47,\"height\":31,\"name\":\"01wandousheshou/mouth1\",\"x\":1},{\"frameY\":-1,\"y\":51,\"frameWidth\":19,\"frameHeight\":17,\"width\":19,\"height\":16,\"name\":\"01wandousheshou/fog0\",\"frameX\":0,\"x\":48}],\"height\":128}"]],0,0,[0],[0],[0]]