[1,["e3Na6WdjJK9LpgWa8SaKIQ","9ahEGSFp9I4ZF0+E07xbaD","11UsZmTOVAVaXjz0HonGfZ"],["root","body","animation","node","data","_N$skeletonData"],[["cc.Node",["_name","_groupIndex","_parent","_components","_prefab","_contentSize","_trs"],1,1,2,4,5,7],["cc.PrefabInfo",["fileId","root","asset"],2,1,1],["cc.Prefab",["_name"],2],["cc.Node",["_name","_children","_components","_prefab","_trs"],2,2,9,4,7],["9a409nTfSpAAr41TDJZfv8e",["needShadow","node","animation","body"],2,1,1,1],["cc.BoxCollider",["node","_offset","_size"],3,1,5,5],["96c396uvMtPhLUJFoRD9JmK",["node","body"],3,1,1],["sp.Skeleton",["defaultSkin","defaultAnimation","_preCacheMode","_animationName","node","_materials"],-1,1,3],["261d4+Q1HdGA5w3tjdBw83c",["activeFlash","node","spineAnimation"],2,1,1],["sp.SkeletonData",["_name","_atlasText","textureNames","_skeletonJson","textures"],-1,3]],[[1,0,1,2,2],[2,0,2],[3,0,1,2,3,4,2],[0,0,1,2,3,4,3],[0,0,2,3,4,5,6,2],[4,0,1,2,3,2],[1,1,2,1],[5,0,1,2,1],[6,0,1,1],[7,0,1,2,3,4,5,5],[8,0,1,2,2],[9,0,1,2,3,4,5]],[[[[1,"CoffeeBean"],[2,"CoffeeBean",[-5,-6],[[5,false,-4,-3,-2]],[6,-1,0],[-494,-293,0,0,0,0,1,1,1,1]],[3,"bodyC",5,1,[-7,-8],[0,"27wCQv8z5KsJBE5wwP9J0G",1,0]],[4,"36_plant",1,[-9,-10],[0,"77z1/a/+5BCaooGwmOalun",1,0],[5,43.67,59.62],[0,25,0,0,0,0,1,1,1,1]],[7,2,[0,0,40],[5,50,80]],[8,2,4],[9,"default","idle",0,"idle",3,[0]],[10,true,3,6]],0,[0,0,1,0,1,5,0,2,7,0,3,1,0,-1,2,0,-2,3,0,-1,4,0,-2,5,0,-1,6,0,-2,7,0,4,1,10],[0,6],[-1,5],[0,1]],[[[11,"36_plant","\n36_plant.png\nsize: 128,128\nformat: RGBA8888\nfilter: Linear,Linear\nrepeat: none\nbody\n  rotate: false\n  xy: 2, 30\n  size: 75, 95\n  orig: 75, 95\n  offset: 0, 0\n  index: -1\neye1\n  rotate: true\n  xy: 79, 72\n  size: 53, 36\n  orig: 53, 36\n  offset: 0, 0\n  index: -1\nfx10\n  rotate: true\n  xy: 88, 42\n  size: 7, 14\n  orig: 8, 24\n  offset: 0, 6\n  index: -1\nfx11\n  rotate: true\n  xy: 88, 35\n  size: 5, 12\n  orig: 8, 24\n  offset: 2, 4\n  index: -1\nfx12\n  rotate: false\n  xy: 96, 22\n  size: 4, 11\n  orig: 8, 24\n  offset: 3, 2\n  index: -1\nfx13\n  rotate: false\n  xy: 102, 31\n  size: 2, 9\n  orig: 8, 24\n  offset: 4, 0\n  index: -1\nfx6\n  rotate: true\n  xy: 94, 52\n  size: 8, 12\n  orig: 8, 24\n  offset: 0, 11\n  index: -1\nfx7\n  rotate: true\n  xy: 94, 62\n  size: 8, 13\n  orig: 8, 24\n  offset: 0, 10\n  index: -1\nfx8\n  rotate: true\n  xy: 79, 23\n  size: 8, 15\n  orig: 8, 24\n  offset: 0, 8\n  index: -1\nfx9\n  rotate: false\n  xy: 79, 33\n  size: 7, 16\n  orig: 8, 24\n  offset: 0, 7\n  index: -1\nleaf\n  rotate: false\n  xy: 2, 2\n  size: 28, 26\n  orig: 28, 27\n  offset: 0, 1\n  index: -1\nmouth\n  rotate: true\n  xy: 79, 51\n  size: 19, 13\n  orig: 19, 13\n  offset: 0, 0\n  index: -1\n",["36_plant.png"],{"skeleton":{"hash":"uiqbSxIXBn5crjgKTRfZym0VYr4","spine":"3.8.99","x":-22.88,"y":-0.33,"width":43.67,"height":59.62},"bones":[{"name":"root"},{"name":"plant","parent":"root","scaleX":0.11,"scaleY":0.11},{"name":"body","parent":"plant","length":210.18,"rotation":90,"y":12},{"name":"mouth","parent":"body","x":198.59,"y":-9.42},{"name":"eye1","parent":"body","x":304.25,"y":10.54},{"name":"leaf","parent":"body","length":122.15,"rotation":35.22,"x":418.81,"y":103.15},{"name":"fx1","parent":"plant","x":-8.7,"y":-48.64,"scaleX":9.9973,"scaleY":9.9973}],"slots":[{"name":"leaf","bone":"leaf","attachment":"leaf"},{"name":"body","bone":"body","dark":"000000","attachment":"body"},{"name":"mouth","bone":"mouth","dark":"000000","attachment":"mouth"},{"name":"eye1","bone":"eye1","dark":"000000","attachment":"eye1"},{"name":"fx1","bone":"fx1"}],"skins":[{"name":"default","attachments":{"body":{"body":{"x":223,"y":-1.5,"rotation":-90,"width":375,"height":476}},"eye1":{"eye1":{"x":-14.75,"y":13.96,"rotation":-90,"width":265,"height":181}},"fx1":{"fx6":{"width":41,"height":120},"fx7":{"width":41,"height":120},"fx8":{"width":41,"height":120},"fx9":{"width":41,"height":120},"fx10":{"width":41,"height":120},"fx11":{"width":41,"height":120},"fx12":{"width":41,"height":120},"fx13":{"width":41,"height":120}},"leaf":{"leaf":{"x":51.94,"y":4.77,"rotation":-125.22,"width":142,"height":137}},"mouth":{"mouth":{"x":-1.59,"y":0.92,"rotation":-90,"width":95,"height":64}}}}],"animations":{"death":{"slots":{"body":{"twoColor":[{"time":0.0667,"light":"ffffffff","dark":"000000"},{"time":0.4,"light":"281909ff","dark":"241a07"}],"attachment":[{"time":0.4667,"name":null}]},"eye1":{"twoColor":[{"time":0.0667,"light":"ffffffff","dark":"000000"},{"time":0.4,"light":"281909ff","dark":"241a07"}],"attachment":[{"time":0.4667,"name":null}]},"fx1":{"attachment":[{"time":0.4667,"name":"fx6"},{"time":0.5333,"name":"fx7"},{"time":0.6,"name":"fx8"},{"time":0.6667,"name":"fx9"},{"time":0.7333,"name":"fx10"},{"time":0.8,"name":"fx11"},{"time":0.8667,"name":"fx12"},{"time":0.9333,"name":"fx13"},{"time":1,"name":null}]},"leaf":{"attachment":[{"time":0.5333,"name":null}]},"mouth":{"twoColor":[{"time":0.0667,"light":"ffffffff","dark":"000000"},{"time":0.4,"light":"281909ff","dark":"241a07"}],"attachment":[{"time":0.4667,"name":null}]}},"bones":{"body":{"translate":[{"time":0.0667},{"time":0.4,"y":-5.75}]},"leaf":{"translate":[{"time":0.0667},{"time":0.4667,"x":3.71,"y":-5.57}],"scale":[{"time":0.0667},{"time":0.4667,"x":0.298,"y":0.298}]}}},"idle":{"bones":{"body":{"translate":[{},{"time":0.2667,"y":-41.75},{"time":0.5333}]},"leaf":{"rotate":[{},{"time":0.1333,"angle":-5.53},{"time":0.2667,"angle":-3.77},{"time":0.4,"angle":4.86},{"time":0.5333}],"translate":[{},{"time":0.1333,"x":-0.54,"y":0.54},{"time":0.2667,"x":-1.08,"y":1.08},{"time":0.4,"x":-8.63,"y":-2.7},{"time":0.5333}],"scale":[{},{"time":0.1333,"x":1.175,"y":0.924},{"time":0.2667,"x":1.098,"y":0.92},{"time":0.4,"x":0.99,"y":0.981},{"time":0.5333}]}}}}},[0]]],0,0,[0],[-1],[2]]]]