[1,["8bkM5IIrlDaokl+GYRe5HW"],0,[["sp.SkeletonData",["_name","_atlasText","textureNames","_skeletonJson","textures"],-1,3]],[[0,0,1,2,3,4,5]],[[0,"effect024","\r\neffect024.png\r\nsize: 47,36\r\nformat: RGBA8888\r\nfilter: Linear,Linear\r\nrepeat: none\r\nM001\r\n  rotate: false\r\n  xy: 2, 19\r\n  size: 18, 15\r\n  orig: 18, 15\r\n  offset: 0, 0\r\n  index: -1\r\nM002\r\n  rotate: false\r\n  xy: 32, 3\r\n  size: 12, 12\r\n  orig: 12, 12\r\n  offset: 0, 0\r\n  index: -1\r\nM003\r\n  rotate: false\r\n  xy: 22, 17\r\n  size: 16, 17\r\n  orig: 16, 17\r\n  offset: 0, 0\r\n  index: -1\r\nM004\r\n  rotate: true\r\n  xy: 2, 2\r\n  size: 15, 13\r\n  orig: 15, 13\r\n  offset: 0, 0\r\n  index: -1\r\nM005\r\n  rotate: true\r\n  xy: 17, 3\r\n  size: 12, 13\r\n  orig: 12, 13\r\n  offset: 0, 0\r\n  index: -1\r\nM006\r\n  rotate: false\r\n  xy: 40, 29\r\n  size: 5, 5\r\n  orig: 5, 5\r\n  offset: 0, 0\r\n  index: -1\r\n",["effect024.png"],{"skeleton":{"hash":"5v6Ufe3O3c5WmLNuko/32Uu3dBU","spine":"3.8.99","x":-44,"y":-42,"width":90,"height":86,"images":"./images/","audio":""},"bones":[{"name":"root","scaleX":0.1,"scaleY":0.1},{"name":"root_1","parent":"root"},{"name":"root-1","parent":"root_1"},{"name":"M2","parent":"root-1"},{"name":"M1-2","parent":"M2"},{"name":"M1-3","parent":"M2"},{"name":"M1-4","parent":"M2"},{"name":"M1-5","parent":"M2"},{"name":"M1-6","parent":"M2"},{"name":"M1-7","parent":"M2"},{"name":"M3","parent":"root-1"},{"name":"M1-8","parent":"M3"},{"name":"M1-9","parent":"M3"},{"name":"M1-10","parent":"M3"},{"name":"M1-11","parent":"M3"},{"name":"M1-12","parent":"M3"},{"name":"M1-13","parent":"M3"},{"name":"M4","parent":"root-1"},{"name":"M1-14","parent":"M4"},{"name":"M1-15","parent":"M4"},{"name":"M1-16","parent":"M4"},{"name":"M1-17","parent":"M4"},{"name":"M1-18","parent":"M4"},{"name":"M1-19","parent":"M4"},{"name":"M5","parent":"root-1"},{"name":"M1-20","parent":"M5"},{"name":"M1-21","parent":"M5"},{"name":"M1-22","parent":"M5"},{"name":"M1-23","parent":"M5"},{"name":"M1-24","parent":"M5"},{"name":"M1-25","parent":"M5"},{"name":"M6","parent":"root-1"},{"name":"M1-26","parent":"M6"},{"name":"M1-27","parent":"M6"},{"name":"M1-28","parent":"M6"},{"name":"M1-29","parent":"M6"},{"name":"M1-30","parent":"M6"},{"name":"M1-31","parent":"M6"},{"name":"M7","parent":"root-1"},{"name":"M1-32","parent":"M7"},{"name":"M1-33","parent":"M7"},{"name":"M1-34","parent":"M7"},{"name":"M1-35","parent":"M7"},{"name":"M1-36","parent":"M7"},{"name":"M1-37","parent":"M7"},{"name":"M8","parent":"root-1"},{"name":"M1-38","parent":"M8"},{"name":"M1-39","parent":"M8"},{"name":"M1-40","parent":"M8"},{"name":"M1-41","parent":"M8"},{"name":"M1-42","parent":"M8"},{"name":"M1-43","parent":"M8"},{"name":"M9","parent":"root-1"},{"name":"M1-44","parent":"M9"},{"name":"M1-45","parent":"M9"},{"name":"M1-46","parent":"M9"},{"name":"M1-47","parent":"M9"},{"name":"M1-48","parent":"M9"},{"name":"M1-49","parent":"M9"},{"name":"M10","parent":"root-1"},{"name":"M1-50","parent":"M10"},{"name":"M1-51","parent":"M10"},{"name":"M1-52","parent":"M10"},{"name":"M1-53","parent":"M10"},{"name":"M1-54","parent":"M10"},{"name":"M1-55","parent":"M10"},{"name":"M11","parent":"root-1"},{"name":"M1-56","parent":"M11"},{"name":"M1-57","parent":"M11"},{"name":"M1-58","parent":"M11"},{"name":"M1-59","parent":"M11"},{"name":"M1-60","parent":"M11"},{"name":"M1-61","parent":"M11"}],"slots":[{"name":"M2","bone":"M1-2","attachment":"M001"},{"name":"M8","bone":"M1-8","attachment":"M001"},{"name":"M14","bone":"M1-14","attachment":"M001"},{"name":"M20","bone":"M1-20","attachment":"M001"},{"name":"M26","bone":"M1-26","attachment":"M001"},{"name":"M32","bone":"M1-32","attachment":"M001"},{"name":"M38","bone":"M1-38","attachment":"M001"},{"name":"M44","bone":"M1-44","attachment":"M001"},{"name":"M50","bone":"M1-50","attachment":"M001"},{"name":"M56","bone":"M1-56","attachment":"M001"},{"name":"M3","bone":"M1-3","attachment":"M002"},{"name":"M9","bone":"M1-9","attachment":"M002"},{"name":"M15","bone":"M1-15","attachment":"M002"},{"name":"M21","bone":"M1-21","attachment":"M002"},{"name":"M27","bone":"M1-27","attachment":"M002"},{"name":"M33","bone":"M1-33","attachment":"M002"},{"name":"M39","bone":"M1-39","attachment":"M002"},{"name":"M45","bone":"M1-45","attachment":"M002"},{"name":"M51","bone":"M1-51","attachment":"M002"},{"name":"M57","bone":"M1-57","attachment":"M002"},{"name":"M4","bone":"M1-4","attachment":"M003"},{"name":"M10","bone":"M1-10","attachment":"M003"},{"name":"M16","bone":"M1-16","attachment":"M003"},{"name":"M22","bone":"M1-22","attachment":"M003"},{"name":"M28","bone":"M1-28","attachment":"M003"},{"name":"M34","bone":"M1-34","attachment":"M003"},{"name":"M40","bone":"M1-40","attachment":"M003"},{"name":"M46","bone":"M1-46","attachment":"M003"},{"name":"M52","bone":"M1-52","attachment":"M003"},{"name":"M58","bone":"M1-58","attachment":"M003"},{"name":"M5","bone":"M1-5","attachment":"M004"},{"name":"M11","bone":"M1-11","attachment":"M004"},{"name":"M17","bone":"M1-17","attachment":"M004"},{"name":"M23","bone":"M1-23","attachment":"M004"},{"name":"M29","bone":"M1-29","attachment":"M004"},{"name":"M35","bone":"M1-35","attachment":"M004"},{"name":"M41","bone":"M1-41","attachment":"M004"},{"name":"M47","bone":"M1-47","attachment":"M004"},{"name":"M53","bone":"M1-53","attachment":"M004"},{"name":"M59","bone":"M1-59","attachment":"M004"},{"name":"M6","bone":"M1-6","attachment":"M005"},{"name":"M12","bone":"M1-12","attachment":"M005"},{"name":"M18","bone":"M1-18","attachment":"M005"},{"name":"M24","bone":"M1-24","attachment":"M005"},{"name":"M30","bone":"M1-30","attachment":"M005"},{"name":"M36","bone":"M1-36","attachment":"M005"},{"name":"M42","bone":"M1-42","attachment":"M005"},{"name":"M48","bone":"M1-48","attachment":"M005"},{"name":"M54","bone":"M1-54","attachment":"M005"},{"name":"M60","bone":"M1-60","attachment":"M005"},{"name":"M7","bone":"M1-7","attachment":"M006"},{"name":"M13","bone":"M1-13","attachment":"M006"},{"name":"M19","bone":"M1-19","attachment":"M006"},{"name":"M25","bone":"M1-25","attachment":"M006"},{"name":"M31","bone":"M1-31","attachment":"M006"},{"name":"M37","bone":"M1-37","attachment":"M006"},{"name":"M43","bone":"M1-43","attachment":"M006"},{"name":"M49","bone":"M1-49","attachment":"M006"},{"name":"M55","bone":"M1-55","attachment":"M006"},{"name":"M61","bone":"M1-61","attachment":"M006"}],"skins":[{"name":"default","attachments":{"M2":{"M001":{"x":1,"y":1,"width":90,"height":75},"M002":{"x":1,"y":1,"width":59,"height":59},"M003":{"x":1,"y":1,"width":79,"height":86},"M004":{"x":1,"y":1,"width":75,"height":64},"M005":{"x":1,"y":1,"width":62,"height":66},"M006":{"x":1,"y":1,"width":24,"height":23}},"M3":{"M001":{"x":1,"y":1,"width":90,"height":75},"M002":{"x":1,"y":1,"width":59,"height":59},"M003":{"x":1,"y":1,"width":79,"height":86},"M004":{"x":1,"y":1,"width":75,"height":64},"M005":{"x":1,"y":1,"width":62,"height":66},"M006":{"x":1,"y":1,"width":24,"height":23}},"M4":{"M001":{"x":1,"y":1,"width":90,"height":75},"M002":{"x":1,"y":1,"width":59,"height":59},"M003":{"x":1,"y":1,"width":79,"height":86},"M004":{"x":1,"y":1,"width":75,"height":64},"M005":{"x":1,"y":1,"width":62,"height":66},"M006":{"x":1,"y":1,"width":24,"height":23}},"M5":{"M001":{"x":1,"y":1,"width":90,"height":75},"M002":{"x":1,"y":1,"width":59,"height":59},"M003":{"x":1,"y":1,"width":79,"height":86},"M004":{"x":1,"y":1,"width":75,"height":64},"M005":{"x":1,"y":1,"width":62,"height":66},"M006":{"x":1,"y":1,"width":24,"height":23}},"M6":{"M001":{"x":1,"y":1,"width":90,"height":75},"M002":{"x":1,"y":1,"width":59,"height":59},"M003":{"x":1,"y":1,"width":79,"height":86},"M004":{"x":1,"y":1,"width":75,"height":64},"M005":{"x":1,"y":1,"width":62,"height":66},"M006":{"x":1,"y":1,"width":24,"height":23}},"M7":{"M001":{"x":1,"y":1,"width":90,"height":75},"M002":{"x":1,"y":1,"width":59,"height":59},"M003":{"x":1,"y":1,"width":79,"height":86},"M004":{"x":1,"y":1,"width":75,"height":64},"M005":{"x":1,"y":1,"width":62,"height":66},"M006":{"x":1,"y":1,"width":24,"height":23}},"M8":{"M001":{"x":1,"y":1,"width":90,"height":75},"M002":{"x":1,"y":1,"width":59,"height":59},"M003":{"x":1,"y":1,"width":79,"height":86},"M004":{"x":1,"y":1,"width":75,"height":64},"M005":{"x":1,"y":1,"width":62,"height":66},"M006":{"x":1,"y":1,"width":24,"height":23}},"M9":{"M001":{"x":1,"y":1,"width":90,"height":75},"M002":{"x":1,"y":1,"width":59,"height":59},"M003":{"x":1,"y":1,"width":79,"height":86},"M004":{"x":1,"y":1,"width":75,"height":64},"M005":{"x":1,"y":1,"width":62,"height":66},"M006":{"x":1,"y":1,"width":24,"height":23}},"M10":{"M001":{"x":1,"y":1,"width":90,"height":75},"M002":{"x":1,"y":1,"width":59,"height":59},"M003":{"x":1,"y":1,"width":79,"height":86},"M004":{"x":1,"y":1,"width":75,"height":64},"M005":{"x":1,"y":1,"width":62,"height":66},"M006":{"x":1,"y":1,"width":24,"height":23}},"M11":{"M001":{"x":1,"y":1,"width":90,"height":75},"M002":{"x":1,"y":1,"width":59,"height":59},"M003":{"x":1,"y":1,"width":79,"height":86},"M004":{"x":1,"y":1,"width":75,"height":64},"M005":{"x":1,"y":1,"width":62,"height":66},"M006":{"x":1,"y":1,"width":24,"height":23}},"M12":{"M001":{"x":1,"y":1,"width":90,"height":75},"M002":{"x":1,"y":1,"width":59,"height":59},"M003":{"x":1,"y":1,"width":79,"height":86},"M004":{"x":1,"y":1,"width":75,"height":64},"M005":{"x":1,"y":1,"width":62,"height":66},"M006":{"x":1,"y":1,"width":24,"height":23}},"M13":{"M001":{"x":1,"y":1,"width":90,"height":75},"M002":{"x":1,"y":1,"width":59,"height":59},"M003":{"x":1,"y":1,"width":79,"height":86},"M004":{"x":1,"y":1,"width":75,"height":64},"M005":{"x":1,"y":1,"width":62,"height":66},"M006":{"x":1,"y":1,"width":24,"height":23}},"M14":{"M001":{"x":1,"y":1,"width":90,"height":75},"M002":{"x":1,"y":1,"width":59,"height":59},"M003":{"x":1,"y":1,"width":79,"height":86},"M004":{"x":1,"y":1,"width":75,"height":64},"M005":{"x":1,"y":1,"width":62,"height":66},"M006":{"x":1,"y":1,"width":24,"height":23}},"M15":{"M001":{"x":1,"y":1,"width":90,"height":75},"M002":{"x":1,"y":1,"width":59,"height":59},"M003":{"x":1,"y":1,"width":79,"height":86},"M004":{"x":1,"y":1,"width":75,"height":64},"M005":{"x":1,"y":1,"width":62,"height":66},"M006":{"x":1,"y":1,"width":24,"height":23}},"M16":{"M001":{"x":1,"y":1,"width":90,"height":75},"M002":{"x":1,"y":1,"width":59,"height":59},"M003":{"x":1,"y":1,"width":79,"height":86},"M004":{"x":1,"y":1,"width":75,"height":64},"M005":{"x":1,"y":1,"width":62,"height":66},"M006":{"x":1,"y":1,"width":24,"height":23}},"M17":{"M001":{"x":1,"y":1,"width":90,"height":75},"M002":{"x":1,"y":1,"width":59,"height":59},"M003":{"x":1,"y":1,"width":79,"height":86},"M004":{"x":1,"y":1,"width":75,"height":64},"M005":{"x":1,"y":1,"width":62,"height":66},"M006":{"x":1,"y":1,"width":24,"height":23}},"M18":{"M001":{"x":1,"y":1,"width":90,"height":75},"M002":{"x":1,"y":1,"width":59,"height":59},"M003":{"x":1,"y":1,"width":79,"height":86},"M004":{"x":1,"y":1,"width":75,"height":64},"M005":{"x":1,"y":1,"width":62,"height":66},"M006":{"x":1,"y":1,"width":24,"height":23}},"M19":{"M001":{"x":1,"y":1,"width":90,"height":75},"M002":{"x":1,"y":1,"width":59,"height":59},"M003":{"x":1,"y":1,"width":79,"height":86},"M004":{"x":1,"y":1,"width":75,"height":64},"M005":{"x":1,"y":1,"width":62,"height":66},"M006":{"x":1,"y":1,"width":24,"height":23}},"M20":{"M001":{"x":1,"y":1,"width":90,"height":75},"M002":{"x":1,"y":1,"width":59,"height":59},"M003":{"x":1,"y":1,"width":79,"height":86},"M004":{"x":1,"y":1,"width":75,"height":64},"M005":{"x":1,"y":1,"width":62,"height":66},"M006":{"x":1,"y":1,"width":24,"height":23}},"M21":{"M001":{"x":1,"y":1,"width":90,"height":75},"M002":{"x":1,"y":1,"width":59,"height":59},"M003":{"x":1,"y":1,"width":79,"height":86},"M004":{"x":1,"y":1,"width":75,"height":64},"M005":{"x":1,"y":1,"width":62,"height":66},"M006":{"x":1,"y":1,"width":24,"height":23}},"M22":{"M001":{"x":1,"y":1,"width":90,"height":75},"M002":{"x":1,"y":1,"width":59,"height":59},"M003":{"x":1,"y":1,"width":79,"height":86},"M004":{"x":1,"y":1,"width":75,"height":64},"M005":{"x":1,"y":1,"width":62,"height":66},"M006":{"x":1,"y":1,"width":24,"height":23}},"M23":{"M001":{"x":1,"y":1,"width":90,"height":75},"M002":{"x":1,"y":1,"width":59,"height":59},"M003":{"x":1,"y":1,"width":79,"height":86},"M004":{"x":1,"y":1,"width":75,"height":64},"M005":{"x":1,"y":1,"width":62,"height":66},"M006":{"x":1,"y":1,"width":24,"height":23}},"M24":{"M001":{"x":1,"y":1,"width":90,"height":75},"M002":{"x":1,"y":1,"width":59,"height":59},"M003":{"x":1,"y":1,"width":79,"height":86},"M004":{"x":1,"y":1,"width":75,"height":64},"M005":{"x":1,"y":1,"width":62,"height":66},"M006":{"x":1,"y":1,"width":24,"height":23}},"M25":{"M001":{"x":1,"y":1,"width":90,"height":75},"M002":{"x":1,"y":1,"width":59,"height":59},"M003":{"x":1,"y":1,"width":79,"height":86},"M004":{"x":1,"y":1,"width":75,"height":64},"M005":{"x":1,"y":1,"width":62,"height":66},"M006":{"x":1,"y":1,"width":24,"height":23}},"M26":{"M001":{"x":1,"y":1,"width":90,"height":75},"M002":{"x":1,"y":1,"width":59,"height":59},"M003":{"x":1,"y":1,"width":79,"height":86},"M004":{"x":1,"y":1,"width":75,"height":64},"M005":{"x":1,"y":1,"width":62,"height":66},"M006":{"x":1,"y":1,"width":24,"height":23}},"M27":{"M001":{"x":1,"y":1,"width":90,"height":75},"M002":{"x":1,"y":1,"width":59,"height":59},"M003":{"x":1,"y":1,"width":79,"height":86},"M004":{"x":1,"y":1,"width":75,"height":64},"M005":{"x":1,"y":1,"width":62,"height":66},"M006":{"x":1,"y":1,"width":24,"height":23}},"M28":{"M001":{"x":1,"y":1,"width":90,"height":75},"M002":{"x":1,"y":1,"width":59,"height":59},"M003":{"x":1,"y":1,"width":79,"height":86},"M004":{"x":1,"y":1,"width":75,"height":64},"M005":{"x":1,"y":1,"width":62,"height":66},"M006":{"x":1,"y":1,"width":24,"height":23}},"M29":{"M001":{"x":1,"y":1,"width":90,"height":75},"M002":{"x":1,"y":1,"width":59,"height":59},"M003":{"x":1,"y":1,"width":79,"height":86},"M004":{"x":1,"y":1,"width":75,"height":64},"M005":{"x":1,"y":1,"width":62,"height":66},"M006":{"x":1,"y":1,"width":24,"height":23}},"M30":{"M001":{"x":1,"y":1,"width":90,"height":75},"M002":{"x":1,"y":1,"width":59,"height":59},"M003":{"x":1,"y":1,"width":79,"height":86},"M004":{"x":1,"y":1,"width":75,"height":64},"M005":{"x":1,"y":1,"width":62,"height":66},"M006":{"x":1,"y":1,"width":24,"height":23}},"M31":{"M001":{"x":1,"y":1,"width":90,"height":75},"M002":{"x":1,"y":1,"width":59,"height":59},"M003":{"x":1,"y":1,"width":79,"height":86},"M004":{"x":1,"y":1,"width":75,"height":64},"M005":{"x":1,"y":1,"width":62,"height":66},"M006":{"x":1,"y":1,"width":24,"height":23}},"M32":{"M001":{"x":1,"y":1,"width":90,"height":75},"M002":{"x":1,"y":1,"width":59,"height":59},"M003":{"x":1,"y":1,"width":79,"height":86},"M004":{"x":1,"y":1,"width":75,"height":64},"M005":{"x":1,"y":1,"width":62,"height":66},"M006":{"x":1,"y":1,"width":24,"height":23}},"M33":{"M001":{"x":1,"y":1,"width":90,"height":75},"M002":{"x":1,"y":1,"width":59,"height":59},"M003":{"x":1,"y":1,"width":79,"height":86},"M004":{"x":1,"y":1,"width":75,"height":64},"M005":{"x":1,"y":1,"width":62,"height":66},"M006":{"x":1,"y":1,"width":24,"height":23}},"M34":{"M001":{"x":1,"y":1,"width":90,"height":75},"M002":{"x":1,"y":1,"width":59,"height":59},"M003":{"x":1,"y":1,"width":79,"height":86},"M004":{"x":1,"y":1,"width":75,"height":64},"M005":{"x":1,"y":1,"width":62,"height":66},"M006":{"x":1,"y":1,"width":24,"height":23}},"M35":{"M001":{"x":1,"y":1,"width":90,"height":75},"M002":{"x":1,"y":1,"width":59,"height":59},"M003":{"x":1,"y":1,"width":79,"height":86},"M004":{"x":1,"y":1,"width":75,"height":64},"M005":{"x":1,"y":1,"width":62,"height":66},"M006":{"x":1,"y":1,"width":24,"height":23}},"M36":{"M001":{"x":1,"y":1,"width":90,"height":75},"M002":{"x":1,"y":1,"width":59,"height":59},"M003":{"x":1,"y":1,"width":79,"height":86},"M004":{"x":1,"y":1,"width":75,"height":64},"M005":{"x":1,"y":1,"width":62,"height":66},"M006":{"x":1,"y":1,"width":24,"height":23}},"M37":{"M001":{"x":1,"y":1,"width":90,"height":75},"M002":{"x":1,"y":1,"width":59,"height":59},"M003":{"x":1,"y":1,"width":79,"height":86},"M004":{"x":1,"y":1,"width":75,"height":64},"M005":{"x":1,"y":1,"width":62,"height":66},"M006":{"x":1,"y":1,"width":24,"height":23}},"M38":{"M001":{"x":1,"y":1,"width":90,"height":75},"M002":{"x":1,"y":1,"width":59,"height":59},"M003":{"x":1,"y":1,"width":79,"height":86},"M004":{"x":1,"y":1,"width":75,"height":64},"M005":{"x":1,"y":1,"width":62,"height":66},"M006":{"x":1,"y":1,"width":24,"height":23}},"M39":{"M001":{"x":1,"y":1,"width":90,"height":75},"M002":{"x":1,"y":1,"width":59,"height":59},"M003":{"x":1,"y":1,"width":79,"height":86},"M004":{"x":1,"y":1,"width":75,"height":64},"M005":{"x":1,"y":1,"width":62,"height":66},"M006":{"x":1,"y":1,"width":24,"height":23}},"M40":{"M001":{"x":1,"y":1,"width":90,"height":75},"M002":{"x":1,"y":1,"width":59,"height":59},"M003":{"x":1,"y":1,"width":79,"height":86},"M004":{"x":1,"y":1,"width":75,"height":64},"M005":{"x":1,"y":1,"width":62,"height":66},"M006":{"x":1,"y":1,"width":24,"height":23}},"M41":{"M001":{"x":1,"y":1,"width":90,"height":75},"M002":{"x":1,"y":1,"width":59,"height":59},"M003":{"x":1,"y":1,"width":79,"height":86},"M004":{"x":1,"y":1,"width":75,"height":64},"M005":{"x":1,"y":1,"width":62,"height":66},"M006":{"x":1,"y":1,"width":24,"height":23}},"M42":{"M001":{"x":1,"y":1,"width":90,"height":75},"M002":{"x":1,"y":1,"width":59,"height":59},"M003":{"x":1,"y":1,"width":79,"height":86},"M004":{"x":1,"y":1,"width":75,"height":64},"M005":{"x":1,"y":1,"width":62,"height":66},"M006":{"x":1,"y":1,"width":24,"height":23}},"M43":{"M001":{"x":1,"y":1,"width":90,"height":75},"M002":{"x":1,"y":1,"width":59,"height":59},"M003":{"x":1,"y":1,"width":79,"height":86},"M004":{"x":1,"y":1,"width":75,"height":64},"M005":{"x":1,"y":1,"width":62,"height":66},"M006":{"x":1,"y":1,"width":24,"height":23}},"M44":{"M001":{"x":1,"y":1,"width":90,"height":75},"M002":{"x":1,"y":1,"width":59,"height":59},"M003":{"x":1,"y":1,"width":79,"height":86},"M004":{"x":1,"y":1,"width":75,"height":64},"M005":{"x":1,"y":1,"width":62,"height":66},"M006":{"x":1,"y":1,"width":24,"height":23}},"M45":{"M001":{"x":1,"y":1,"width":90,"height":75},"M002":{"x":1,"y":1,"width":59,"height":59},"M003":{"x":1,"y":1,"width":79,"height":86},"M004":{"x":1,"y":1,"width":75,"height":64},"M005":{"x":1,"y":1,"width":62,"height":66},"M006":{"x":1,"y":1,"width":24,"height":23}},"M46":{"M001":{"x":1,"y":1,"width":90,"height":75},"M002":{"x":1,"y":1,"width":59,"height":59},"M003":{"x":1,"y":1,"width":79,"height":86},"M004":{"x":1,"y":1,"width":75,"height":64},"M005":{"x":1,"y":1,"width":62,"height":66},"M006":{"x":1,"y":1,"width":24,"height":23}},"M47":{"M001":{"x":1,"y":1,"width":90,"height":75},"M002":{"x":1,"y":1,"width":59,"height":59},"M003":{"x":1,"y":1,"width":79,"height":86},"M004":{"x":1,"y":1,"width":75,"height":64},"M005":{"x":1,"y":1,"width":62,"height":66},"M006":{"x":1,"y":1,"width":24,"height":23}},"M48":{"M001":{"x":1,"y":1,"width":90,"height":75},"M002":{"x":1,"y":1,"width":59,"height":59},"M003":{"x":1,"y":1,"width":79,"height":86},"M004":{"x":1,"y":1,"width":75,"height":64},"M005":{"x":1,"y":1,"width":62,"height":66},"M006":{"x":1,"y":1,"width":24,"height":23}},"M49":{"M001":{"x":1,"y":1,"width":90,"height":75},"M002":{"x":1,"y":1,"width":59,"height":59},"M003":{"x":1,"y":1,"width":79,"height":86},"M004":{"x":1,"y":1,"width":75,"height":64},"M005":{"x":1,"y":1,"width":62,"height":66},"M006":{"x":1,"y":1,"width":24,"height":23}},"M50":{"M001":{"x":1,"y":1,"width":90,"height":75},"M002":{"x":1,"y":1,"width":59,"height":59},"M003":{"x":1,"y":1,"width":79,"height":86},"M004":{"x":1,"y":1,"width":75,"height":64},"M005":{"x":1,"y":1,"width":62,"height":66},"M006":{"x":1,"y":1,"width":24,"height":23}},"M51":{"M001":{"x":1,"y":1,"width":90,"height":75},"M002":{"x":1,"y":1,"width":59,"height":59},"M003":{"x":1,"y":1,"width":79,"height":86},"M004":{"x":1,"y":1,"width":75,"height":64},"M005":{"x":1,"y":1,"width":62,"height":66},"M006":{"x":1,"y":1,"width":24,"height":23}},"M52":{"M001":{"x":1,"y":1,"width":90,"height":75},"M002":{"x":1,"y":1,"width":59,"height":59},"M003":{"x":1,"y":1,"width":79,"height":86},"M004":{"x":1,"y":1,"width":75,"height":64},"M005":{"x":1,"y":1,"width":62,"height":66},"M006":{"x":1,"y":1,"width":24,"height":23}},"M53":{"M001":{"x":1,"y":1,"width":90,"height":75},"M002":{"x":1,"y":1,"width":59,"height":59},"M003":{"x":1,"y":1,"width":79,"height":86},"M004":{"x":1,"y":1,"width":75,"height":64},"M005":{"x":1,"y":1,"width":62,"height":66},"M006":{"x":1,"y":1,"width":24,"height":23}},"M54":{"M001":{"x":1,"y":1,"width":90,"height":75},"M002":{"x":1,"y":1,"width":59,"height":59},"M003":{"x":1,"y":1,"width":79,"height":86},"M004":{"x":1,"y":1,"width":75,"height":64},"M005":{"x":1,"y":1,"width":62,"height":66},"M006":{"x":1,"y":1,"width":24,"height":23}},"M55":{"M001":{"x":1,"y":1,"width":90,"height":75},"M002":{"x":1,"y":1,"width":59,"height":59},"M003":{"x":1,"y":1,"width":79,"height":86},"M004":{"x":1,"y":1,"width":75,"height":64},"M005":{"x":1,"y":1,"width":62,"height":66},"M006":{"x":1,"y":1,"width":24,"height":23}},"M56":{"M001":{"x":1,"y":1,"width":90,"height":75},"M002":{"x":1,"y":1,"width":59,"height":59},"M003":{"x":1,"y":1,"width":79,"height":86},"M004":{"x":1,"y":1,"width":75,"height":64},"M005":{"x":1,"y":1,"width":62,"height":66},"M006":{"x":1,"y":1,"width":24,"height":23}},"M57":{"M001":{"x":1,"y":1,"width":90,"height":75},"M002":{"x":1,"y":1,"width":59,"height":59},"M003":{"x":1,"y":1,"width":79,"height":86},"M004":{"x":1,"y":1,"width":75,"height":64},"M005":{"x":1,"y":1,"width":62,"height":66},"M006":{"x":1,"y":1,"width":24,"height":23}},"M58":{"M001":{"x":1,"y":1,"width":90,"height":75},"M002":{"x":1,"y":1,"width":59,"height":59},"M003":{"x":1,"y":1,"width":79,"height":86},"M004":{"x":1,"y":1,"width":75,"height":64},"M005":{"x":1,"y":1,"width":62,"height":66},"M006":{"x":1,"y":1,"width":24,"height":23}},"M59":{"M001":{"x":1,"y":1,"width":90,"height":75},"M002":{"x":1,"y":1,"width":59,"height":59},"M003":{"x":1,"y":1,"width":79,"height":86},"M004":{"x":1,"y":1,"width":75,"height":64},"M005":{"x":1,"y":1,"width":62,"height":66},"M006":{"x":1,"y":1,"width":24,"height":23}},"M60":{"M001":{"x":1,"y":1,"width":90,"height":75},"M002":{"x":1,"y":1,"width":59,"height":59},"M003":{"x":1,"y":1,"width":79,"height":86},"M004":{"x":1,"y":1,"width":75,"height":64},"M005":{"x":1,"y":1,"width":62,"height":66},"M006":{"x":1,"y":1,"width":24,"height":23}},"M61":{"M001":{"x":1,"y":1,"width":90,"height":75},"M002":{"x":1,"y":1,"width":59,"height":59},"M003":{"x":1,"y":1,"width":79,"height":86},"M004":{"x":1,"y":1,"width":75,"height":64},"M005":{"x":1,"y":1,"width":62,"height":66},"M006":{"x":1,"y":1,"width":24,"height":23}}}}],"animations":{"newAnimation":{"slots":{"M2":{"color":[{"color":"ffffff00","curve":"stepped"},{"time":0.0667,"color":"ffffffc4"},{"time":0.1,"color":"ffffffff","curve":"stepped"},{"time":0.2,"color":"ffffffff"},{"time":0.2667,"color":"ffffff5c"},{"time":0.3333,"color":"ffffff00"}]},"M3":{"color":[{"color":"ffffff00","curve":"stepped"},{"time":0.0667,"color":"ffffffc4"},{"time":0.1,"color":"ffffffff","curve":"stepped"},{"time":0.2,"color":"ffffffff"},{"time":0.2667,"color":"ffffff5c","curve":"stepped"},{"time":0.3333,"color":"ffffff5c"},{"time":0.4,"color":"ffffff00"}]},"M4":{"color":[{"color":"ffffff00","curve":"stepped"},{"time":0.0667,"color":"ffffffc4"},{"time":0.1,"color":"ffffffff","curve":"stepped"},{"time":0.2,"color":"ffffffff"},{"time":0.2667,"color":"ffffff5c","curve":"stepped"},{"time":0.3333,"color":"ffffff5c"},{"time":0.4,"color":"ffffff00"}]},"M5":{"color":[{"color":"ffffff00","curve":"stepped"},{"time":0.0667,"color":"ffffffc4"},{"time":0.1,"color":"ffffffff","curve":"stepped"},{"time":0.2,"color":"ffffffff"},{"time":0.2667,"color":"ffffff5c"},{"time":0.3333,"color":"ffffff00"}]},"M6":{"color":[{"color":"ffffff00","curve":"stepped"},{"time":0.0667,"color":"ffffffc4"},{"time":0.1,"color":"ffffffff","curve":"stepped"},{"time":0.2,"color":"ffffffff"},{"time":0.2667,"color":"ffffff5c","curve":"stepped"},{"time":0.3333,"color":"ffffff5c"},{"time":0.4,"color":"ffffff00"}]},"M7":{"color":[{"color":"ffffff00","curve":"stepped"},{"time":0.0667,"color":"ffffffc4"},{"time":0.1,"color":"ffffffff","curve":"stepped"},{"time":0.2,"color":"ffffffff"},{"time":0.2667,"color":"ffffff5c","curve":"stepped"},{"time":0.3333,"color":"ffffff5c"},{"time":0.4,"color":"ffffff00"}]},"M8":{"color":[{"color":"ffffff00","curve":"stepped"},{"time":0.0667,"color":"ffffffc4"},{"time":0.1,"color":"ffffffff","curve":"stepped"},{"time":0.2,"color":"ffffffff"},{"time":0.2667,"color":"ffffff5c","curve":"stepped"},{"time":0.3333,"color":"ffffff5c"},{"time":0.4,"color":"ffffff00"}]},"M9":{"color":[{"color":"ffffff00","curve":"stepped"},{"time":0.0667,"color":"ffffffc4"},{"time":0.1,"color":"ffffffff","curve":"stepped"},{"time":0.2,"color":"ffffffff"},{"time":0.2667,"color":"ffffff5c","curve":"stepped"},{"time":0.3333,"color":"ffffff5c"},{"time":0.4,"color":"ffffff00"}]},"M10":{"color":[{"color":"ffffff00","curve":"stepped"},{"time":0.0667,"color":"ffffffc4"},{"time":0.1,"color":"ffffffff","curve":"stepped"},{"time":0.2,"color":"ffffffff"},{"time":0.2667,"color":"ffffff5c"},{"time":0.3333,"color":"ffffff00"}]},"M11":{"color":[{"color":"ffffff00","curve":"stepped"},{"time":0.0667,"color":"ffffffc4"},{"time":0.1,"color":"ffffffff","curve":"stepped"},{"time":0.2,"color":"ffffffff"},{"time":0.2667,"color":"ffffff5c"},{"time":0.3333,"color":"ffffff00"}]},"M12":{"color":[{"color":"ffffff00","curve":"stepped"},{"time":0.0667,"color":"ffffffc4"},{"time":0.1,"color":"ffffffff","curve":"stepped"},{"time":0.2,"color":"ffffffff"},{"time":0.2667,"color":"ffffff5c","curve":"stepped"},{"time":0.3333,"color":"ffffff5c"},{"time":0.4,"color":"ffffff00"}]},"M13":{"color":[{"color":"ffffff00","curve":"stepped"},{"time":0.0667,"color":"ffffffc4"},{"time":0.1,"color":"ffffffff","curve":"stepped"},{"time":0.2,"color":"ffffffff"},{"time":0.2667,"color":"ffffff5c","curve":"stepped"},{"time":0.3333,"color":"ffffff5c"},{"time":0.4,"color":"ffffff00"}]},"M14":{"color":[{"color":"ffffff00","curve":"stepped"},{"time":0.0667,"color":"ffffffc4"},{"time":0.1,"color":"ffffffff","curve":"stepped"},{"time":0.2,"color":"ffffffff"},{"time":0.2667,"color":"ffffff5c"},{"time":0.3333,"color":"ffffff00"}]},"M15":{"color":[{"color":"ffffff00","curve":"stepped"},{"time":0.0667,"color":"ffffffc4"},{"time":0.1,"color":"ffffffff","curve":"stepped"},{"time":0.2,"color":"ffffffff"},{"time":0.2667,"color":"ffffff5c","curve":"stepped"},{"time":0.3333,"color":"ffffff5c"},{"time":0.4,"color":"ffffff00"}]},"M16":{"color":[{"color":"ffffff00","curve":"stepped"},{"time":0.0667,"color":"ffffffc4"},{"time":0.1,"color":"ffffffff","curve":"stepped"},{"time":0.2,"color":"ffffffff"},{"time":0.2667,"color":"ffffff5c"},{"time":0.3333,"color":"ffffff00"}]},"M17":{"color":[{"color":"ffffff00","curve":"stepped"},{"time":0.0667,"color":"ffffffc4"},{"time":0.1,"color":"ffffffff","curve":"stepped"},{"time":0.2,"color":"ffffffff"},{"time":0.2667,"color":"ffffff5c"},{"time":0.3333,"color":"ffffff00"}]},"M18":{"color":[{"color":"ffffff00","curve":"stepped"},{"time":0.0667,"color":"ffffffc4"},{"time":0.1,"color":"ffffffff","curve":"stepped"},{"time":0.2,"color":"ffffffff"},{"time":0.2667,"color":"ffffff5c"},{"time":0.3333,"color":"ffffff00"}]},"M19":{"color":[{"color":"ffffff00","curve":"stepped"},{"time":0.0667,"color":"ffffffc4"},{"time":0.1,"color":"ffffffff","curve":"stepped"},{"time":0.2,"color":"ffffffff"},{"time":0.2667,"color":"ffffff5c","curve":"stepped"},{"time":0.3333,"color":"ffffff5c"},{"time":0.4,"color":"ffffff00"}]},"M20":{"color":[{"color":"ffffff00","curve":"stepped"},{"time":0.0667,"color":"ffffffc4"},{"time":0.1,"color":"ffffffff","curve":"stepped"},{"time":0.2,"color":"ffffffff"},{"time":0.2667,"color":"ffffff5c","curve":"stepped"},{"time":0.3333,"color":"ffffff5c"},{"time":0.4,"color":"ffffff00"}]},"M21":{"color":[{"color":"ffffff00","curve":"stepped"},{"time":0.0667,"color":"ffffffc4"},{"time":0.1,"color":"ffffffff","curve":"stepped"},{"time":0.2,"color":"ffffffff"},{"time":0.2667,"color":"ffffff5c"},{"time":0.3333,"color":"ffffff00"}]},"M22":{"color":[{"color":"ffffff00","curve":"stepped"},{"time":0.0667,"color":"ffffffc4"},{"time":0.1,"color":"ffffffff","curve":"stepped"},{"time":0.2,"color":"ffffffff"},{"time":0.2667,"color":"ffffff5c"},{"time":0.3333,"color":"ffffff00"}]},"M23":{"color":[{"color":"ffffff00","curve":"stepped"},{"time":0.0667,"color":"ffffffc4"},{"time":0.1,"color":"ffffffff","curve":"stepped"},{"time":0.2,"color":"ffffffff"},{"time":0.2667,"color":"ffffff5c","curve":"stepped"},{"time":0.3333,"color":"ffffff5c"},{"time":0.4,"color":"ffffff00"}]},"M24":{"color":[{"color":"ffffff00","curve":"stepped"},{"time":0.0667,"color":"ffffffc4"},{"time":0.1,"color":"ffffffff","curve":"stepped"},{"time":0.2,"color":"ffffffff"},{"time":0.2667,"color":"ffffff5c"},{"time":0.3333,"color":"ffffff00"}]},"M25":{"color":[{"color":"ffffff00","curve":"stepped"},{"time":0.0667,"color":"ffffffc4"},{"time":0.1,"color":"ffffffff","curve":"stepped"},{"time":0.2,"color":"ffffffff"},{"time":0.2667,"color":"ffffff5c","curve":"stepped"},{"time":0.3333,"color":"ffffff5c"},{"time":0.4,"color":"ffffff00"}]},"M26":{"color":[{"color":"ffffff00","curve":"stepped"},{"time":0.0667,"color":"ffffffc4"},{"time":0.1,"color":"ffffffff","curve":"stepped"},{"time":0.2,"color":"ffffffff"},{"time":0.2667,"color":"ffffff5c","curve":"stepped"},{"time":0.3333,"color":"ffffff5c"},{"time":0.4,"color":"ffffff00"}]},"M27":{"color":[{"color":"ffffff00","curve":"stepped"},{"time":0.0667,"color":"ffffffc4"},{"time":0.1,"color":"ffffffff","curve":"stepped"},{"time":0.2,"color":"ffffffff"},{"time":0.2667,"color":"ffffff5c","curve":"stepped"},{"time":0.3333,"color":"ffffff5c"},{"time":0.4,"color":"ffffff00"}]},"M28":{"color":[{"color":"ffffff00","curve":"stepped"},{"time":0.0667,"color":"ffffffc4"},{"time":0.1,"color":"ffffffff","curve":"stepped"},{"time":0.2,"color":"ffffffff"},{"time":0.2667,"color":"ffffff5c"},{"time":0.3333,"color":"ffffff00"}]},"M29":{"color":[{"color":"ffffff00","curve":"stepped"},{"time":0.0667,"color":"ffffffc4"},{"time":0.1,"color":"ffffffff","curve":"stepped"},{"time":0.2,"color":"ffffffff"},{"time":0.2667,"color":"ffffff5c"},{"time":0.3333,"color":"ffffff00"}]},"M30":{"color":[{"color":"ffffff00","curve":"stepped"},{"time":0.0667,"color":"ffffffc4"},{"time":0.1,"color":"ffffffff","curve":"stepped"},{"time":0.2,"color":"ffffffff"},{"time":0.2667,"color":"ffffff5c"},{"time":0.3333,"color":"ffffff00"}]},"M31":{"color":[{"color":"ffffff00","curve":"stepped"},{"time":0.0667,"color":"ffffffc4"},{"time":0.1,"color":"ffffffff","curve":"stepped"},{"time":0.2,"color":"ffffffff"},{"time":0.2667,"color":"ffffff5c","curve":"stepped"},{"time":0.3333,"color":"ffffff5c"},{"time":0.4,"color":"ffffff00"}]},"M32":{"color":[{"color":"ffffff00","curve":"stepped"},{"time":0.0667,"color":"ffffffc4"},{"time":0.1,"color":"ffffffff","curve":"stepped"},{"time":0.2,"color":"ffffffff"},{"time":0.2667,"color":"ffffff5c"},{"time":0.3333,"color":"ffffff00"}]},"M33":{"color":[{"color":"ffffff00","curve":"stepped"},{"time":0.0667,"color":"ffffffc4"},{"time":0.1,"color":"ffffffff","curve":"stepped"},{"time":0.2,"color":"ffffffff"},{"time":0.2667,"color":"ffffff5c"},{"time":0.3333,"color":"ffffff00"}]},"M34":{"color":[{"color":"ffffff00","curve":"stepped"},{"time":0.0667,"color":"ffffffc4"},{"time":0.1,"color":"ffffffff","curve":"stepped"},{"time":0.2,"color":"ffffffff"},{"time":0.2667,"color":"ffffff5c","curve":"stepped"},{"time":0.3333,"color":"ffffff5c"},{"time":0.4,"color":"ffffff00"}]},"M35":{"color":[{"color":"ffffff00","curve":"stepped"},{"time":0.0667,"color":"ffffffc4"},{"time":0.1,"color":"ffffffff","curve":"stepped"},{"time":0.2,"color":"ffffffff"},{"time":0.2667,"color":"ffffff5c"},{"time":0.3333,"color":"ffffff00"}]},"M36":{"color":[{"color":"ffffff00","curve":"stepped"},{"time":0.0667,"color":"ffffffc4"},{"time":0.1,"color":"ffffffff","curve":"stepped"},{"time":0.2,"color":"ffffffff"},{"time":0.2667,"color":"ffffff5c","curve":"stepped"},{"time":0.3333,"color":"ffffff5c"},{"time":0.4,"color":"ffffff00"}]},"M37":{"color":[{"color":"ffffff00","curve":"stepped"},{"time":0.0667,"color":"ffffffc4"},{"time":0.1,"color":"ffffffff","curve":"stepped"},{"time":0.2,"color":"ffffffff"},{"time":0.2667,"color":"ffffff5c"},{"time":0.3333,"color":"ffffff00"}]},"M38":{"color":[{"color":"ffffff00","curve":"stepped"},{"time":0.0667,"color":"ffffffc4"},{"time":0.1,"color":"ffffffff","curve":"stepped"},{"time":0.2,"color":"ffffffff"},{"time":0.2667,"color":"ffffff5c"},{"time":0.3333,"color":"ffffff00"}]},"M39":{"color":[{"color":"ffffff00","curve":"stepped"},{"time":0.0667,"color":"ffffffc4"},{"time":0.1,"color":"ffffffff","curve":"stepped"},{"time":0.2,"color":"ffffffff"},{"time":0.2667,"color":"ffffff5c","curve":"stepped"},{"time":0.3333,"color":"ffffff5c"},{"time":0.4,"color":"ffffff00"}]},"M40":{"color":[{"color":"ffffff00","curve":"stepped"},{"time":0.0667,"color":"ffffffc4"},{"time":0.1,"color":"ffffffff","curve":"stepped"},{"time":0.2,"color":"ffffffff"},{"time":0.2667,"color":"ffffff5c"},{"time":0.3333,"color":"ffffff00"}]},"M41":{"color":[{"color":"ffffff00","curve":"stepped"},{"time":0.0667,"color":"ffffffc4"},{"time":0.1,"color":"ffffffff","curve":"stepped"},{"time":0.2,"color":"ffffffff"},{"time":0.2667,"color":"ffffff5c"},{"time":0.3333,"color":"ffffff00"}]},"M42":{"color":[{"color":"ffffff00","curve":"stepped"},{"time":0.0667,"color":"ffffffc4"},{"time":0.1,"color":"ffffffff","curve":"stepped"},{"time":0.2,"color":"ffffffff"},{"time":0.2667,"color":"ffffff5c","curve":"stepped"},{"time":0.3333,"color":"ffffff5c"},{"time":0.4,"color":"ffffff00"}]},"M43":{"color":[{"color":"ffffff00","curve":"stepped"},{"time":0.0667,"color":"ffffffc4"},{"time":0.1,"color":"ffffffff","curve":"stepped"},{"time":0.2,"color":"ffffffff"},{"time":0.2667,"color":"ffffff5c","curve":"stepped"},{"time":0.3333,"color":"ffffff5c"},{"time":0.4,"color":"ffffff00"}]},"M44":{"color":[{"color":"ffffff00","curve":"stepped"},{"time":0.0667,"color":"ffffffc4"},{"time":0.1,"color":"ffffffff","curve":"stepped"},{"time":0.2,"color":"ffffffff"},{"time":0.2667,"color":"ffffff5c"},{"time":0.3333,"color":"ffffff00"}]},"M45":{"color":[{"color":"ffffff00","curve":"stepped"},{"time":0.0667,"color":"ffffffc4"},{"time":0.1,"color":"ffffffff","curve":"stepped"},{"time":0.2,"color":"ffffffff"},{"time":0.2667,"color":"ffffff5c"},{"time":0.3333,"color":"ffffff00"}]},"M46":{"color":[{"color":"ffffff00","curve":"stepped"},{"time":0.0667,"color":"ffffffc4"},{"time":0.1,"color":"ffffffff","curve":"stepped"},{"time":0.2,"color":"ffffffff"},{"time":0.2667,"color":"ffffff5c"},{"time":0.3333,"color":"ffffff00"}]},"M47":{"color":[{"color":"ffffff00","curve":"stepped"},{"time":0.0667,"color":"ffffffc4"},{"time":0.1,"color":"ffffffff","curve":"stepped"},{"time":0.2,"color":"ffffffff"},{"time":0.2667,"color":"ffffff5c"},{"time":0.3333,"color":"ffffff00"}]},"M48":{"color":[{"color":"ffffff00","curve":"stepped"},{"time":0.0667,"color":"ffffffc4"},{"time":0.1,"color":"ffffffff","curve":"stepped"},{"time":0.2,"color":"ffffffff"},{"time":0.2667,"color":"ffffff5c"},{"time":0.3333,"color":"ffffff00"}]},"M49":{"color":[{"color":"ffffff00","curve":"stepped"},{"time":0.0667,"color":"ffffffc4"},{"time":0.1,"color":"ffffffff","curve":"stepped"},{"time":0.2,"color":"ffffffff"},{"time":0.2667,"color":"ffffff5c","curve":"stepped"},{"time":0.3333,"color":"ffffff5c"},{"time":0.4,"color":"ffffff00"}]},"M50":{"color":[{"color":"ffffff00","curve":"stepped"},{"time":0.0667,"color":"ffffffc4"},{"time":0.1,"color":"ffffffff","curve":"stepped"},{"time":0.2,"color":"ffffffff"},{"time":0.2667,"color":"ffffff5c"},{"time":0.3333,"color":"ffffff00"}]},"M51":{"color":[{"color":"ffffff00","curve":"stepped"},{"time":0.0667,"color":"ffffffc4"},{"time":0.1,"color":"ffffffff","curve":"stepped"},{"time":0.2,"color":"ffffffff"},{"time":0.2667,"color":"ffffff5c"},{"time":0.3333,"color":"ffffff00"}]},"M52":{"color":[{"color":"ffffff00","curve":"stepped"},{"time":0.0667,"color":"ffffffc4"},{"time":0.1,"color":"ffffffff","curve":"stepped"},{"time":0.2,"color":"ffffffff"},{"time":0.2667,"color":"ffffff5c"},{"time":0.3333,"color":"ffffff00"}]},"M53":{"color":[{"color":"ffffff00","curve":"stepped"},{"time":0.0667,"color":"ffffffc4"},{"time":0.1,"color":"ffffffff","curve":"stepped"},{"time":0.2,"color":"ffffffff"},{"time":0.2667,"color":"ffffff5c"},{"time":0.3333,"color":"ffffff00"}]},"M54":{"color":[{"color":"ffffff00","curve":"stepped"},{"time":0.0667,"color":"ffffffc4"},{"time":0.1,"color":"ffffffff","curve":"stepped"},{"time":0.2,"color":"ffffffff"},{"time":0.2667,"color":"ffffff5c"},{"time":0.3333,"color":"ffffff00"}]},"M55":{"color":[{"color":"ffffff00","curve":"stepped"},{"time":0.0667,"color":"ffffffc4"},{"time":0.1,"color":"ffffffff","curve":"stepped"},{"time":0.2,"color":"ffffffff"},{"time":0.2667,"color":"ffffff5c","curve":"stepped"},{"time":0.3333,"color":"ffffff5c"},{"time":0.4,"color":"ffffff00"}]},"M56":{"color":[{"color":"ffffff00","curve":"stepped"},{"time":0.0667,"color":"ffffffc4"},{"time":0.1,"color":"ffffffff","curve":"stepped"},{"time":0.2,"color":"ffffffff"},{"time":0.2667,"color":"ffffff5c"},{"time":0.3333,"color":"ffffff00"}]},"M57":{"color":[{"color":"ffffff00","curve":"stepped"},{"time":0.0667,"color":"ffffffc4"},{"time":0.1,"color":"ffffffff","curve":"stepped"},{"time":0.2,"color":"ffffffff"},{"time":0.2667,"color":"ffffff5c"},{"time":0.3333,"color":"ffffff00"}]},"M58":{"color":[{"color":"ffffff00","curve":"stepped"},{"time":0.0667,"color":"ffffffc4"},{"time":0.1,"color":"ffffffff","curve":"stepped"},{"time":0.2,"color":"ffffffff"},{"time":0.2667,"color":"ffffff5c"},{"time":0.3333,"color":"ffffff00"}]},"M59":{"color":[{"color":"ffffff00","curve":"stepped"},{"time":0.0667,"color":"ffffffc4"},{"time":0.1,"color":"ffffffff","curve":"stepped"},{"time":0.2,"color":"ffffffff"},{"time":0.2667,"color":"ffffff5c"},{"time":0.3333,"color":"ffffff00"}]},"M60":{"color":[{"color":"ffffff00","curve":"stepped"},{"time":0.0667,"color":"ffffffc4"},{"time":0.1,"color":"ffffffff","curve":"stepped"},{"time":0.2,"color":"ffffffff"},{"time":0.2667,"color":"ffffff5c"},{"time":0.3333,"color":"ffffff00"}]},"M61":{"color":[{"color":"ffffff00","curve":"stepped"},{"time":0.0667,"color":"ffffffc4"},{"time":0.1,"color":"ffffffff","curve":"stepped"},{"time":0.2,"color":"ffffffff"},{"time":0.2667,"color":"ffffff5c"},{"time":0.3333,"color":"ffffff00"}]}},"bones":{"M1-2":{"rotate":[{"time":0.0667,"angle":28.84},{"time":0.1333,"angle":64.97},{"time":0.2,"angle":93.76}],"translate":[{"time":0.0667,"x":21.09,"y":163.57},{"time":0.1333,"y":484.24},{"time":0.2,"x":-253.36,"y":104.25},{"time":0.2667,"x":58.1,"y":1093.07}],"scale":[{"time":0.0667,"x":0.526,"y":0.526},{"time":0.1333}]},"M1-3":{"rotate":[{"time":0.0667,"angle":31.44},{"time":0.1333,"angle":69.99},{"time":0.2,"angle":100.83}],"translate":[{"time":0.0667,"x":-2.36,"y":-189.54},{"time":0.1333,"x":94.57,"y":-546.83},{"time":0.2,"x":83.73,"y":-834.93},{"time":0.2667,"x":216.53,"y":-822.48},{"time":0.3333,"x":342.87,"y":-1278.19}]},"M1-4":{"rotate":[{"time":0.0667,"angle":34.73},{"time":0.1333,"angle":75.96},{"time":0.2,"angle":109.01}],"translate":[{"time":0.0667,"x":-237.52,"y":0.43},{"time":0.1333,"x":-519.5,"y":0.95},{"time":0.2,"x":-745.51,"y":1.36},{"time":0.2667,"x":-1291.25,"y":307.92},{"time":0.3333,"x":-1525.87,"y":569.62}],"scale":[{"time":0.0667,"x":0.768,"y":0.768},{"time":0.1333}]},"M1-5":{"rotate":[{"time":0.0667,"angle":34.73},{"time":0.1333,"angle":75.96},{"time":0.2,"angle":109.01}],"translate":[{"time":0.0667,"x":273.81,"y":0.43},{"time":0.1333,"x":437.99,"y":-8.62},{"time":0.2,"x":567.67,"y":-125.76},{"time":0.2667,"x":1136.7,"y":201.44},{"time":0.3333,"x":1574.36,"y":246.56}],"scale":[{"time":0.1333},{"time":0.2,"x":1.936,"y":1.936},{"time":0.2667}]},"M1-6":{"rotate":[{"time":0.0667,"angle":31.51},{"time":0.1333,"angle":70.02},{"time":0.2,"angle":100.85}],"translate":[{"time":0.0667,"x":-174.58,"y":184.95},{"time":0.1333,"x":-265.4,"y":385.61},{"time":0.2,"x":-413.44,"y":789.66},{"time":0.2667,"x":-560.68,"y":996.76},{"time":0.3333,"x":-569.7,"y":1470.52}],"scale":[{"time":0.1333},{"time":0.2,"x":2.27,"y":2.27},{"time":0.2667}]},"M1-7":{"rotate":[{"time":0.0667,"angle":31.51},{"time":0.1333,"angle":70.02},{"time":0.2,"angle":100.85}],"translate":[{"time":0.0667,"x":198.52,"y":188.94},{"time":0.1333,"x":441.21,"y":419.91},{"time":0.2,"x":635.42,"y":604.75},{"time":0.2667,"x":855.37,"y":691.9},{"time":0.3333,"x":1026.83,"y":872.38}]},"M1-8":{"rotate":[{"time":0.0667,"angle":28.84},{"time":0.1333,"angle":64.97},{"time":0.2,"angle":93.76}],"translate":[{"time":0.0667,"y":214.97},{"time":0.1333,"x":-199.26,"y":363.93},{"time":0.2,"x":-356.38,"y":1482.58},{"time":0.2667,"x":-254.62,"y":2118.86},{"time":0.3333,"x":-7.48,"y":2679.21}],"scale":[{"time":0.1333},{"time":0.2,"x":1.631,"y":1.631},{"time":0.2667}]},"M1-9":{"rotate":[{"time":0.0667,"angle":31.44},{"time":0.1333,"angle":69.99},{"time":0.2,"angle":100.83}],"translate":[{"time":0.0667,"x":-151.73,"y":-136.12},{"time":0.1333,"x":-849.42,"y":623.94},{"time":0.2,"x":-1669.12,"y":-418.44},{"time":0.2667,"x":-1360.2,"y":-1009.83},{"time":0.3333,"x":-1746.05,"y":-1471.86}]},"M1-10":{"rotate":[{"time":0.0667,"angle":34.73},{"time":0.1333,"angle":75.96},{"time":0.2,"angle":109.01}],"translate":[{"time":0.0667,"x":-237.52,"y":0.43},{"time":0.1333,"x":-1059.75,"y":-307.65},{"time":0.2,"x":-1520.06,"y":-497.33},{"time":0.2667,"x":-1501.41,"y":-562.14}],"scale":[{"time":0.1333},{"time":0.2,"x":2.934,"y":2.934},{"time":0.2667}]},"M1-11":{"rotate":[{"time":0.0667,"angle":34.73},{"time":0.1333,"angle":75.96},{"time":0.2,"angle":109.01}],"translate":[{"time":0.0667,"x":273.81,"y":0.43},{"time":0.1333,"x":966.92,"y":151.09},{"time":0.2,"x":1413.34,"y":351.52},{"time":0.2667,"x":1576.3,"y":-277.76}],"scale":[{"time":0.1333},{"time":0.2,"x":2.174,"y":2.174},{"time":0.2667}]},"M1-12":{"rotate":[{"time":0.0667,"angle":31.51},{"time":0.1333,"angle":70.02},{"time":0.2,"angle":100.85}],"translate":[{"time":0.0667,"x":-174.58,"y":184.95},{"time":0.1333,"x":-672.69,"y":428.57},{"time":0.2,"x":-1216.8,"y":171.88},{"time":0.2667,"x":-1813.43,"y":-359.81},{"time":0.3333,"x":-2403.6,"y":-982.09}]},"M1-13":{"rotate":[{"time":0.0667,"angle":31.51},{"time":0.1333,"angle":70.02},{"time":0.2,"angle":100.85}],"translate":[{"time":0.0667,"x":198.52,"y":188.94},{"time":0.1333,"x":706.19,"y":273.88},{"time":0.2,"x":1112.45,"y":341.85},{"time":0.2667,"x":867.02,"y":154.77},{"time":0.3333,"x":2362.1,"y":346.33}]},"M1-14":{"rotate":[{"time":0.0667,"angle":28.84},{"time":0.1333,"angle":64.97},{"time":0.2,"angle":93.76}],"translate":[{"time":0.0667,"y":214.97},{"time":0.1333,"x":-58.64,"y":507.13},{"time":0.2,"x":106.57,"y":411.07},{"time":0.2667,"x":-131.27,"y":856.8}],"scale":[{"time":0.0667,"x":0.641,"y":0.641},{"time":0.1333},{"time":0.2,"x":1.109,"y":1.109},{"time":0.2667}]},"M1-15":{"rotate":[{"time":0.0667,"angle":31.44},{"time":0.1333,"angle":69.99},{"time":0.2,"angle":100.83}],"translate":[{"time":0.0667,"x":-2.36,"y":-189.54},{"time":0.1333,"x":-53.09,"y":-505.02},{"time":0.2,"x":-211.36,"y":-344.46},{"time":0.2667,"x":-173.16,"y":-747.01},{"time":0.3333,"x":-365.74,"y":-1027.12}],"scale":[{"time":0.1333},{"time":0.2,"x":1.687,"y":1.687},{"time":0.2667}]},"M1-16":{"rotate":[{"time":0.0667,"angle":34.73},{"time":0.1333,"angle":75.96},{"time":0.2,"angle":109.01}],"translate":[{"time":0.0667,"x":-241.81,"y":59.98},{"time":0.1333,"x":-542.37,"y":45.67},{"time":0.2,"x":-399.37,"y":178.52},{"time":0.2667,"x":-907.32,"y":223.39}],"scale":[{"time":0.0667,"x":0.575,"y":0.575},{"time":0.1333},{"time":0.2,"x":-1.512,"y":-1.512},{"time":0.2667}]},"M1-17":{"rotate":[{"time":0.0667,"angle":34.73},{"time":0.1333,"angle":75.96},{"time":0.2,"angle":109.01}],"translate":[{"time":0.0667,"x":273.81,"y":0.43},{"time":0.1333,"x":243.69,"y":-38.25},{"time":0.2,"x":298.68,"y":-303.86},{"time":0.2667,"x":671.3,"y":169.86}],"scale":[{"time":0.0667,"x":0.808,"y":0.808},{"time":0.1333}]},"M1-18":{"rotate":[{"time":0.0667,"angle":31.51},{"time":0.1333,"angle":70.02},{"time":0.2,"angle":100.85}],"translate":[{"time":0.0667,"x":-174.58,"y":184.95},{"time":0.1333,"x":-388,"y":411.04},{"time":0.2,"x":-558.79,"y":591.98},{"time":0.2667,"x":-669.29,"y":758.14}]},"M1-19":{"rotate":[{"time":0.0667,"angle":31.51},{"time":0.1333,"angle":70.02},{"time":0.2,"angle":100.85}],"translate":[{"time":0.0667,"x":198.52,"y":188.94},{"time":0.1333,"x":-241.06,"y":54.26},{"time":0.2,"x":635.42,"y":604.75},{"time":0.2667,"x":701.2,"y":781.81},{"time":0.3333,"x":898.96,"y":893.6}]},"M1-20":{"rotate":[{"time":0.0667,"angle":28.84},{"time":0.1333,"angle":64.97},{"time":0.2,"angle":93.76}],"translate":[{"time":0.0667,"y":214.97},{"time":0.1333,"x":-22.24,"y":521.58},{"time":0.2,"x":165.73,"y":592.24},{"time":0.2667,"x":-124.91,"y":1144.74},{"time":0.3333,"x":-221.58,"y":1389.73}],"scale":[{"time":0.0667,"x":0.444,"y":0.444},{"time":0.1333}]},"M1-21":{"rotate":[{"time":0.0667,"angle":31.44},{"time":0.1333,"angle":69.99},{"time":0.2,"angle":100.83}],"translate":[{"time":0.0667,"x":-2.36,"y":-189.54},{"time":0.1333,"x":-5.25,"y":-421.25},{"time":0.2,"x":175.68,"y":-889.5},{"time":0.2667,"x":-145.25,"y":-990.48}]},"M1-22":{"rotate":[{"time":0.0667,"angle":34.73},{"time":0.1333,"angle":75.96},{"time":0.2,"angle":109.01}],"translate":[{"time":0.0667,"x":-237.52,"y":0.43},{"time":0.1333,"x":-595.43,"y":-34.47},{"time":0.2,"x":-882.3,"y":-62.44}],"scale":[{"time":0.0667,"x":0.645,"y":0.645},{"time":0.1333},{"time":0.2,"x":-1.87,"y":-1.87},{"time":0.2667}]},"M1-23":{"rotate":[{"time":0.0667,"angle":34.73},{"time":0.1333,"angle":75.96},{"time":0.2,"angle":109.01}],"translate":[{"time":0.0667,"x":273.81,"y":0.43},{"time":0.1333,"x":424.78,"y":-56.32},{"time":0.2,"x":540.4,"y":570.89},{"time":0.2667,"x":796.27,"y":241.31},{"time":0.3333,"x":1591.68,"y":193.71}]},"M1-24":{"rotate":[{"time":0.0667,"angle":31.51},{"time":0.1333,"angle":70.02},{"time":0.2,"angle":100.85}],"translate":[{"time":0.0667,"x":-264.28,"y":181.29},{"time":0.1333,"x":-188.56,"y":569.86},{"time":0.2,"x":-297.04,"y":261.28},{"time":0.2667,"x":-573.15,"y":793.78}],"scale":[{"time":0.0667,"x":0.495,"y":0.495},{"time":0.1333}]},"M1-25":{"rotate":[{"time":0.0667,"angle":31.51},{"time":0.1333,"angle":70.02},{"time":0.2,"angle":100.85}],"translate":[{"time":0.0667,"x":198.52,"y":188.94},{"time":0.1333,"x":441.21,"y":419.91},{"time":0.2,"x":812.85,"y":564.96},{"time":0.2667,"x":963.09,"y":655.01},{"time":0.3333,"x":1504.46,"y":732.64}],"scale":[{"time":0.1333},{"time":0.2,"x":-2.997,"y":-2.997},{"time":0.2667}]},"M1-26":{"rotate":[{"time":0.0667,"angle":28.84},{"time":0.1333,"angle":64.97},{"time":0.2,"angle":93.76}],"translate":[{"time":0.0667,"x":37.92,"y":288.14},{"time":0.1333,"x":-113.13,"y":604.48},{"time":0.2,"x":-134.49,"y":663.15},{"time":0.2667,"x":-182.47,"y":841.44},{"time":0.3333,"x":-271.29,"y":974.86}],"scale":[{"time":0.0667,"x":0.329,"y":0.329},{"time":0.1333}]},"M1-27":{"rotate":[{"time":0.0667,"angle":31.44},{"time":0.1333,"angle":69.99},{"time":0.2,"angle":100.83}],"translate":[{"time":0.0667,"x":-2.36,"y":-189.54},{"time":0.1333,"x":-5.25,"y":-421.25},{"time":0.2,"x":-7.57,"y":-606.68},{"time":0.2667,"x":15.54,"y":-783.04},{"time":0.3333,"x":-40.2,"y":-1060.83}],"scale":[{"time":0.1333},{"time":0.2,"x":-1.029,"y":-1.029},{"time":0.2667}]},"M1-28":{"rotate":[{"time":0.0667,"angle":34.73},{"time":0.1333,"angle":75.96},{"time":0.2,"angle":109.01}],"translate":[{"time":0.0667,"x":-237.52,"y":0.43},{"time":0.1333,"x":-98.99,"y":127.42},{"time":0.2,"x":-809.35,"y":-20.16},{"time":0.2667,"x":-899.3,"y":-89.26}],"scale":[{"time":0.0667,"x":0.509,"y":0.509},{"time":0.1333}]},"M1-29":{"rotate":[{"time":0.0667,"angle":34.73},{"time":0.1333,"angle":75.96},{"time":0.2,"angle":109.01}],"translate":[{"time":0.0667,"x":273.81,"y":0.43},{"time":0.1333,"x":464.29,"y":-229.68},{"time":0.2,"x":354.55,"y":-335.93},{"time":0.2667,"x":-158.54,"y":-481.79}],"scale":[{"time":0.0667,"x":0.673,"y":0.673},{"time":0.1333}]},"M1-30":{"rotate":[{"time":0.0667,"angle":31.51},{"time":0.1333,"angle":70.02},{"time":0.2,"angle":100.85}],"translate":[{"time":0.0667,"x":-127.72,"y":-174.7},{"time":0.1333,"x":-137.29,"y":292.66},{"time":0.2,"x":-632.79,"y":108.2},{"time":0.2667,"x":-558.79,"y":591.98}]},"M1-31":{"rotate":[{"time":0.0667,"angle":31.51},{"time":0.1333,"angle":70.02},{"time":0.2,"angle":100.85}],"translate":[{"time":0.0667,"x":198.52,"y":188.94},{"time":0.1333,"x":441.21,"y":419.91},{"time":0.2,"x":635.42,"y":604.75},{"time":0.2667,"x":843.07,"y":566.6},{"time":0.3333,"x":959.14,"y":854.85}]},"M1-32":{"rotate":[{"time":0.0667,"angle":28.84},{"time":0.1333,"angle":64.97},{"time":0.2,"angle":93.76}],"translate":[{"time":0.0667,"y":214.97},{"time":0.1333,"x":-146.15,"y":671.83},{"time":0.2,"x":-262.63,"y":1035.9},{"time":0.2667,"x":-288.66,"y":1292.21}],"scale":[{"time":0.0667,"x":0.579,"y":0.579},{"time":0.1333}]},"M1-33":{"rotate":[{"time":0.0667,"angle":31.44},{"time":0.1333,"angle":69.99},{"time":0.2,"angle":100.83}],"translate":[{"time":0.0667,"x":-2.36,"y":-189.54},{"time":0.1333,"x":-80.38,"y":-599.86},{"time":0.2,"x":-84.29,"y":-988.19},{"time":0.2667,"x":-11.09,"y":-1264.79}]},"M1-34":{"rotate":[{"time":0.0667,"angle":34.73},{"time":0.1333,"angle":75.96},{"time":0.2,"angle":109.01}],"translate":[{"time":0.0667,"x":-237.52,"y":0.43},{"time":0.1333,"x":-646.59,"y":8.44},{"time":0.2,"x":-974.47,"y":14.85},{"time":0.2667,"x":-310.72,"y":281.44},{"time":0.3333,"x":-294.24,"y":1008.22}]},"M1-35":{"rotate":[{"time":0.0667,"angle":34.73},{"time":0.1333,"angle":75.96},{"time":0.2,"angle":109.01}],"translate":[{"time":0.0667,"x":273.81,"y":0.43},{"time":0.1333,"x":598.87,"y":0.95},{"time":0.2,"x":859.41,"y":1.36},{"time":0.2667,"x":969.99,"y":-40.22}],"scale":[{"time":0.1333},{"time":0.2,"x":-1.325,"y":-1.325},{"time":0.2667}]},"M1-36":{"rotate":[{"time":0.0667,"angle":31.51},{"time":0.1333,"angle":70.02},{"time":0.2,"angle":100.85}],"translate":[{"time":0.0667,"x":-174.58,"y":184.95},{"time":0.1333,"x":-250.91,"y":292.12},{"time":0.2,"x":-784.41,"y":617.87},{"time":0.2667,"x":-996.31,"y":652.81},{"time":0.3333,"x":-1390,"y":684.5}]},"M1-37":{"rotate":[{"time":0.0667,"angle":31.51},{"time":0.1333,"angle":70.02},{"time":0.2,"angle":100.85}],"translate":[{"time":0.0667,"x":198.52,"y":188.94},{"time":0.1333,"x":441.21,"y":419.91},{"time":0.2,"x":635.42,"y":604.75},{"time":0.2667,"x":660.07,"y":663.35}]},"M1-38":{"rotate":[{"time":0.0667,"angle":28.84},{"time":0.1333,"angle":64.97},{"time":0.2,"angle":93.76}],"translate":[{"time":0.0667,"y":214.97},{"time":0.1333,"x":-508.47,"y":587.78},{"time":0.2,"x":-486.47,"y":894.63},{"time":0.2667,"x":-415.44,"y":1174.89}]},"M1-39":{"rotate":[{"time":0.0667,"angle":31.44},{"time":0.1333,"angle":69.99},{"time":0.2,"angle":100.83}],"translate":[{"time":0.0667,"x":-2.36,"y":-189.54},{"time":0.1333,"x":-146.74,"y":-724.04},{"time":0.2,"x":42.78,"y":-1476.5},{"time":0.2667,"x":381.59,"y":-1299.86},{"time":0.3333,"x":1072.77,"y":-1987.83}]},"M1-40":{"rotate":[{"time":0.0667,"angle":34.73},{"time":0.1333,"angle":75.96},{"time":0.2,"angle":109.01}],"translate":[{"time":0.0667,"x":-237.52,"y":0.43},{"time":0.1333,"x":-680.75,"y":212.83},{"time":0.2,"x":-1036,"y":383.08},{"time":0.2667,"x":-1249.03,"y":554.6}]},"M1-41":{"rotate":[{"time":0.0667,"angle":34.73},{"time":0.1333,"angle":75.96},{"time":0.2,"angle":109.01}],"translate":[{"time":0.0667,"x":273.81,"y":0.43},{"time":0.1333,"x":680.38,"y":-349.38},{"time":0.2,"x":859.41,"y":1.36},{"time":0.2667,"x":386.04,"y":1385.3}],"scale":[{"time":0.1333},{"time":0.2,"x":2.918,"y":2.918},{"time":0.2667}]},"M1-42":{"rotate":[{"time":0.0667,"angle":31.51},{"time":0.1333,"angle":70.02},{"time":0.2,"angle":100.85}],"translate":[{"time":0.0667,"x":-174.58,"y":184.95},{"time":0.1333,"x":-345.47,"y":217.71},{"time":0.2,"x":-851.64,"y":626.16},{"time":0.2667,"x":-1030.51,"y":753.09},{"time":0.3333,"x":-1421.99,"y":1047.87}],"scale":[{"time":0.1333},{"time":0.2,"x":2.642,"y":2.642},{"time":0.2667}]},"M1-43":{"rotate":[{"time":0.0667,"angle":31.51},{"time":0.1333,"angle":70.02},{"time":0.2,"angle":100.85}],"translate":[{"time":0.0667,"x":198.52,"y":188.94},{"time":0.1333,"x":740.55,"y":597.51},{"time":0.2,"x":784.29,"y":751.44},{"time":0.2667,"x":559.4,"y":984.62},{"time":0.3333,"x":923.37,"y":1316.68}],"scale":[{"time":0.0667,"x":1.104,"y":1.104},{"time":0.1333}]},"M1-44":{"rotate":[{"time":0.0667,"angle":28.84},{"time":0.1333,"angle":64.97},{"time":0.2,"angle":93.76}],"translate":[{"time":0.0667,"y":214.97},{"time":0.1333,"x":21.54,"y":457.55},{"time":0.2,"x":12.03,"y":761.51},{"time":0.2667,"x":122.98,"y":803.75}],"scale":[{"time":0.0667,"x":0.612,"y":0.612},{"time":0.1333},{"time":0.2,"x":1.788,"y":1.788},{"time":0.2667}]},"M1-45":{"rotate":[{"time":0.0667,"angle":31.44},{"time":0.1333,"angle":69.99},{"time":0.2,"angle":100.83}],"translate":[{"time":0.0667,"x":-2.36,"y":-189.54},{"time":0.1333,"x":-33.45,"y":-455.52},{"time":0.2,"x":-7.57,"y":-606.68},{"time":0.2667,"x":-86.63,"y":-666.56}]},"M1-46":{"rotate":[{"time":0.0667,"angle":34.73},{"time":0.1333,"angle":75.96},{"time":0.2,"angle":109.01}],"translate":[{"time":0.0667,"x":-181.36,"y":-59.04},{"time":0.1333,"x":-354.58,"y":224.43},{"time":0.2,"x":-329.35,"y":346.3},{"time":0.2667,"x":-530.37,"y":357.86},{"time":0.3333,"x":-595.97,"y":505.55}],"scale":[{"time":0.0667,"x":0.581,"y":0.581},{"time":0.1333}]},"M1-47":{"rotate":[{"time":0.0667,"angle":34.73},{"time":0.1333,"angle":75.96},{"time":0.2,"angle":109.01}],"translate":[{"time":0.0667,"x":223.44,"y":-97.21},{"time":0.1333,"x":533.71,"y":32.12},{"time":0.2,"x":653.95,"y":100.09},{"time":0.2667,"x":438.17,"y":294.24}],"scale":[{"time":0.0667,"x":0.545,"y":0.545},{"time":0.1333},{"time":0.2,"x":1.598,"y":1.598},{"time":0.2667}]},"M1-48":{"rotate":[{"time":0.0667,"angle":31.51},{"time":0.1333,"angle":70.02},{"time":0.2,"angle":100.85}],"translate":[{"time":0.0667,"x":-271.42,"y":168.63},{"time":0.1333,"x":-123.16,"y":174.98},{"time":0.2,"x":-558.79,"y":591.98},{"time":0.2667,"x":-527.06,"y":649.43}],"scale":[{"time":0.0667,"x":0.552,"y":0.552},{"time":0.1333},{"time":0.2,"x":1.395,"y":1.395},{"time":0.2667}]},"M1-49":{"rotate":[{"time":0.0667,"angle":31.51},{"time":0.1333,"angle":70.02},{"time":0.2,"angle":100.85}],"translate":[{"time":0.0667,"x":198.52,"y":188.94},{"time":0.1333,"x":441.21,"y":419.91},{"time":0.2,"x":126.4,"y":276.56},{"time":0.2667,"x":635.42,"y":604.75},{"time":0.3333,"x":754.15,"y":890.78}]},"M1-50":{"rotate":[{"time":0.0667,"angle":28.84},{"time":0.1333,"angle":64.97},{"time":0.2,"angle":93.76}],"translate":[{"time":0.0667,"y":214.97},{"time":0.1333,"x":101.83,"y":291.52},{"time":0.2,"x":156.11,"y":668.97},{"time":0.2667,"x":125.06,"y":799}],"scale":[{"time":0.0667,"x":0.497,"y":0.497},{"time":0.1333}]},"M1-51":{"rotate":[{"time":0.0667,"angle":31.44},{"time":0.1333,"angle":69.99},{"time":0.2,"angle":100.83}],"translate":[{"time":0.0667,"x":-2.36,"y":-189.54},{"time":0.1333,"x":-28.1,"y":-461.87},{"time":0.2,"x":-10.84,"y":-616.49},{"time":0.2667,"x":-10.84,"y":-737.56}],"scale":[{"time":0.0667,"x":0.674,"y":0.674},{"time":0.1333},{"time":0.2,"x":1.63,"y":1.63},{"time":0.2667}]},"M1-52":{"rotate":[{"time":0.0667,"angle":34.73},{"time":0.1333,"angle":75.96},{"time":0.2,"angle":109.01}],"translate":[{"time":0.0667,"x":-237.52,"y":0.43},{"time":0.1333,"x":-567.85,"y":36.57},{"time":0.2,"x":-832.61,"y":65.54},{"time":0.2667,"x":-458.33,"y":57.69},{"time":0.3333,"x":-828.3,"y":-212.67}],"scale":[{"time":0.0667,"x":0.54,"y":0.54},{"time":0.1333},{"time":0.2,"x":1.626,"y":1.626},{"time":0.2667}]},"M1-53":{"rotate":[{"time":0.0667,"angle":34.73},{"time":0.1333,"angle":75.96},{"time":0.2,"angle":109.01}],"translate":[{"time":0.0667,"x":273.81,"y":0.43},{"time":0.1333,"x":370.38,"y":-189.46},{"time":0.2,"x":-213.5,"y":-276.8},{"time":0.2667,"x":100.55,"y":-230.49},{"time":0.3333,"x":559.42,"y":-268.33}]},"M1-54":{"rotate":[{"time":0.0667,"angle":31.51},{"time":0.1333,"angle":70.02},{"time":0.2,"angle":100.85}],"translate":[{"time":0.0667,"x":-174.58,"y":184.95},{"time":0.1333,"x":-233.13,"y":141.93},{"time":0.2,"x":-558.79,"y":591.98},{"time":0.2667,"x":-623.38,"y":484}]},"M1-55":{"rotate":[{"time":0.0667,"angle":31.51},{"time":0.1333,"angle":70.02},{"time":0.2,"angle":100.85}],"translate":[{"time":0.0667,"x":198.52,"y":188.94},{"time":0.1333,"x":-68.75,"y":-23.82},{"time":0.2,"x":635.42,"y":604.75},{"time":0.2667,"x":-65.17,"y":669.28},{"time":0.3333,"x":59.34,"y":875.61}]},"M1-56":{"rotate":[{"time":0.0667,"angle":28.84},{"time":0.1333,"angle":64.97},{"time":0.2,"angle":93.76}],"translate":[{"time":0.0667,"y":214.97},{"time":0.1333,"x":6.44,"y":377.98},{"time":0.2,"x":137.9,"y":525.32},{"time":0.2667,"x":261.45,"y":1001.77}],"scale":[{"time":0.0667,"x":0.656,"y":0.656},{"time":0.1333}]},"M1-57":{"rotate":[{"time":0.0667,"angle":31.44},{"time":0.1333,"angle":69.99},{"time":0.2,"angle":100.83}],"translate":[{"time":0.0667,"x":-2.36,"y":-189.54},{"time":0.1333,"x":181.51,"y":-443.79},{"time":0.2,"x":-140.37,"y":-756.08},{"time":0.2667,"x":-339.57,"y":-619.13}]},"M1-58":{"rotate":[{"time":0.0667,"angle":34.73},{"time":0.1333,"angle":75.96},{"time":0.2,"angle":109.01}],"translate":[{"time":0.0667,"x":-237.52,"y":0.43},{"time":0.1333,"x":-519.5,"y":0.95},{"time":0.2,"x":-745.51,"y":1.36},{"time":0.2667,"x":-1365.87,"y":-71.37}],"scale":[{"time":0.0667,"x":0.617,"y":0.617},{"time":0.1333}]},"M1-59":{"rotate":[{"time":0.0667,"angle":34.73},{"time":0.1333,"angle":75.96},{"time":0.2,"angle":109.01}],"translate":[{"time":0.0667,"x":273.81,"y":0.43},{"time":0.1333,"x":598.87,"y":0.95},{"time":0.2,"x":859.41,"y":1.36},{"time":0.2667,"x":1087.66,"y":125.86}]},"M1-60":{"rotate":[{"time":0.0667,"angle":31.51},{"time":0.1333,"angle":70.02},{"time":0.2,"angle":100.85}],"translate":[{"time":0.0667,"x":-174.58,"y":184.95},{"time":0.1333,"x":-388,"y":411.04},{"time":0.2,"x":-558.79,"y":591.98},{"time":0.2667,"x":-672.83,"y":919.43}]},"M1-61":{"rotate":[{"time":0.0667,"angle":31.51},{"time":0.1333,"angle":70.02},{"time":0.2,"angle":100.85}],"translate":[{"time":0.0667,"x":198.52,"y":188.94},{"time":0.1333,"x":441.21,"y":419.91},{"time":0.2,"x":635.42,"y":604.75},{"time":0.2667,"x":-89.91,"y":-443.92}]},"M3":{"rotate":[{"angle":24.54}],"scale":[{"x":0.567,"y":0.567}]},"M5":{"rotate":[{"angle":114.23}],"scale":[{"x":0.909,"y":0.909}]},"M4":{"rotate":[{"angle":57.71}],"scale":[{"x":1.213,"y":1.213}]},"M6":{"rotate":[{"angle":153.78}],"scale":[{"x":1.306,"y":1.306}]},"M7":{"rotate":[{"angle":-157.19}],"scale":[{"x":0.914,"y":0.914}]},"M8":{"rotate":[{"angle":-116.14}],"scale":[{"x":0.754,"y":0.754}]},"M9":{"rotate":[{"angle":-33.2}],"scale":[{"x":1.216,"y":1.216}]},"M10":{"scale":[{"x":1.268,"y":1.268}]}}}}},[0]]],0,0,[0],[-1],[0]]