[1,["aakGae+2FAFbkMFi9uKKHq"],0,[["sp.SkeletonData",["_name","_atlasText","textureNames","_skeletonJson","textures"],-1,3]],[[0,0,1,2,3,4,5]],[[0,"n09_bingxianzi","\r\nn09_bingxianzi.png\r\nsize: 649,142\r\nformat: RGBA8888\r\nfilter: Linear,Linear\r\nrepeat: none\r\n27_bingxianzi/diguang\r\n  rotate: false\r\n  xy: 575, 73\r\n  size: 66, 67\r\n  orig: 68, 69\r\n  offset: 1, 1\r\n  index: -1\r\n27_bingxianzi/guang2\r\n  rotate: false\r\n  xy: 253, 4\r\n  size: 40, 34\r\n  orig: 40, 34\r\n  offset: 0, 0\r\n  index: -1\r\n27_bingxianzi/shuguang\r\n  rotate: false\r\n  xy: 510, 57\r\n  size: 63, 83\r\n  orig: 65, 87\r\n  offset: 1, 0\r\n  index: -1\r\n27_bingxianzi/yan\r\n  rotate: true\r\n  xy: 442, 57\r\n  size: 83, 66\r\n  orig: 85, 66\r\n  offset: 1, 0\r\n  index: -1\r\n27_bingxianzi/冰\r\n  rotate: false\r\n  xy: 168, 2\r\n  size: 83, 36\r\n  orig: 83, 36\r\n  offset: 0, 0\r\n  index: -1\r\n27_bingxianzi/冰_0\r\n  rotate: false\r\n  xy: 624, 48\r\n  size: 23, 23\r\n  orig: 23, 23\r\n  offset: 0, 0\r\n  index: -1\r\n27_bingxianzi/叶1\r\n  rotate: false\r\n  xy: 445, 3\r\n  size: 69, 52\r\n  orig: 69, 52\r\n  offset: 0, 0\r\n  index: -1\r\n27_bingxianzi/叶22\r\n  rotate: false\r\n  xy: 295, 3\r\n  size: 59, 42\r\n  orig: 59, 42\r\n  offset: 0, 0\r\n  index: -1\r\n27_bingxianzi/嘴\r\n  rotate: true\r\n  xy: 2, 2\r\n  size: 6, 9\r\n  orig: 6, 9\r\n  offset: 0, 0\r\n  index: -1\r\n27_bingxianzi/嘴2\r\n  rotate: false\r\n  xy: 516, 3\r\n  size: 13, 18\r\n  orig: 13, 18\r\n  offset: 0, 0\r\n  index: -1\r\n27_bingxianzi/头\r\n  rotate: true\r\n  xy: 168, 40\r\n  size: 100, 95\r\n  orig: 100, 95\r\n  offset: 0, 0\r\n  index: -1\r\n27_bingxianzi/头发\r\n  rotate: false\r\n  xy: 355, 53\r\n  size: 85, 87\r\n  orig: 85, 87\r\n  offset: 0, 0\r\n  index: -1\r\n27_bingxianzi/球\r\n  rotate: false\r\n  xy: 356, 7\r\n  size: 44, 44\r\n  orig: 44, 44\r\n  offset: 0, 0\r\n  index: -1\r\n27_bingxianzi/球0\r\n  rotate: false\r\n  xy: 402, 10\r\n  size: 41, 41\r\n  orig: 41, 41\r\n  offset: 0, 0\r\n  index: -1\r\n27_bingxianzi/球1\r\n  rotate: false\r\n  xy: 516, 23\r\n  size: 32, 32\r\n  orig: 32, 32\r\n  offset: 0, 0\r\n  index: -1\r\n27_bingxianzi/球2\r\n  rotate: false\r\n  xy: 572, 28\r\n  size: 27, 27\r\n  orig: 27, 27\r\n  offset: 0, 0\r\n  index: -1\r\n27_bingxianzi/球3\r\n  rotate: false\r\n  xy: 603, 14\r\n  size: 25, 25\r\n  orig: 25, 25\r\n  offset: 0, 0\r\n  index: -1\r\n27_bingxianzi/眼睛1\r\n  rotate: false\r\n  xy: 572, 4\r\n  size: 29, 22\r\n  orig: 29, 22\r\n  offset: 0, 0\r\n  index: -1\r\n27_bingxianzi/眼睛_2\r\n  rotate: false\r\n  xy: 601, 41\r\n  size: 21, 30\r\n  orig: 21, 30\r\n  offset: 0, 0\r\n  index: -1\r\n27_bingxianzi/茎\r\n  rotate: false\r\n  xy: 550, 9\r\n  size: 20, 46\r\n  orig: 20, 46\r\n  offset: 0, 0\r\n  index: -1\r\nArmature_gongji_0\r\n  rotate: true\r\n  xy: 2, 10\r\n  size: 130, 164\r\n  orig: 132, 166\r\n  offset: 1, 1\r\n  index: -1\r\nguang\r\n  rotate: true\r\n  xy: 265, 47\r\n  size: 93, 88\r\n  orig: 98, 92\r\n  offset: 2, 1\r\n  index: -1\r\n",["n09_bingxianzi.png"],{"skeleton":{"hash":"khjz7Dy5h+HklO8oBfgP/pbYJXs","spine":"3.8.99","x":-41.78,"y":-41.73,"width":92.36,"height":122.12},"bones":[{"name":"root","x":-2.98,"y":2.32,"scaleX":0.1651,"scaleY":0.1651},{"name":"冰","parent":"root","rotation":90,"y":-15.51},{"name":"球","parent":"root","length":1,"rotation":26.57,"x":186.9,"y":188.59},{"name":"球4","parent":"root","x":232.89,"y":274.7,"scaleX":0.6,"scaleY":0.6},{"name":"球41","parent":"root","x":176.92,"y":314.96,"scaleX":0.6,"scaleY":0.6},{"name":"guang","parent":"root","x":186.29,"y":188.78},{"name":"球4112","parent":"root","x":176.92,"y":314.96,"scaleX":0.6,"scaleY":0.6},{"name":"球411","parent":"root","x":176.92,"y":314.96,"scaleX":0.6,"scaleY":0.6},{"name":"球42","parent":"root","x":232.89,"y":274.7,"scaleX":0.6,"scaleY":0.6},{"name":"球4111","parent":"root","x":176.92,"y":314.96,"scaleX":0.6,"scaleY":0.6},{"name":"guang1","parent":"root","x":186.29,"y":188.78,"scaleY":0.5},{"name":"Armature_gongji_0","parent":"root","x":14.35,"y":9.27},{"name":"guang2","parent":"root","length":51,"rotation":90,"x":53.8,"y":4.04},{"name":"球43","parent":"root","x":232.89,"y":274.7,"scaleX":0.6,"scaleY":0.6},{"name":"球412","parent":"root","x":176.92,"y":314.96,"scaleX":0.6,"scaleY":0.6},{"name":"shuguang","parent":"root","length":266,"rotation":90,"x":17.8,"y":16.7},{"name":"yan","parent":"root","length":1,"rotation":-90,"x":11.17,"y":41.86,"scaleX":0.6,"scaleY":1.2},{"name":"diguang","parent":"root","length":2,"rotation":90,"x":15.62,"y":9.99,"scaleX":0.3},{"name":"diguang1","parent":"diguang","length":2},{"name":"球0","parent":"球","rotation":-26.57},{"name":"茎","parent":"冰","x":43.8,"y":4.06},{"name":"guang11","parent":"guang1"},{"name":"茎1","parent":"茎","length":52,"rotation":-23.57,"x":3.9,"y":-0.05},{"name":"茎2","parent":"茎1","length":42,"rotation":13.46,"x":52.75,"y":-0.5},{"name":"茎3","parent":"茎2","length":34,"rotation":15.82,"x":43.43,"y":0.53},{"name":"叶22","parent":"茎3","x":19.04,"y":-7.74},{"name":"叶1","parent":"茎3","x":26.26,"y":3.16},{"name":"头","parent":"茎3","length":347,"rotation":30.74,"x":40.24,"y":12.22},{"name":"嘴2","parent":"头","x":21.47,"y":-37.49},{"name":"球3","parent":"头","x":267.8,"y":-98.35},{"name":"叶11","parent":"叶1","length":60,"rotation":-76.1,"x":-0.73,"y":-7.31},{"name":"球1","parent":"头","x":248.98,"y":-35.46},{"name":"球2","parent":"头","x":259.75,"y":35.84},{"name":"眼睛1","parent":"头","length":48,"rotation":-96.12,"x":64.68,"y":17.8},{"name":"叶221","parent":"叶22","length":55,"rotation":-69.12,"x":1.09,"y":-5.18},{"name":"头发","parent":"头","rotation":-126.45,"x":244.51,"y":-36.38},{"name":"头发3","parent":"头发","length":120,"rotation":-59.02,"x":64,"y":6.5},{"name":"头发4","parent":"头发","length":109,"rotation":-15.09,"x":62.2,"y":28.45},{"name":"叶222","parent":"叶221","length":56,"rotation":-8.01,"x":58.41,"y":-0.38},{"name":"头发2","parent":"头发","length":167,"rotation":-94.28,"y":-31.45},{"name":"叶12","parent":"叶11","length":63,"rotation":33.37,"x":61.86,"y":1.42},{"name":"头发1","parent":"头发","length":106,"rotation":-117.13,"x":-50.4,"y":-62.85},{"name":"叶13","parent":"叶12","length":57,"rotation":-9.96,"x":66.52,"y":-1.69},{"name":"叶223","parent":"叶222","length":51,"rotation":-50.47,"x":60.24,"y":0.01},{"name":"叶224","parent":"叶223","length":55,"rotation":-60.11,"x":52.78,"y":-2.67},{"name":"叶14","parent":"叶13","length":54,"rotation":-37.61,"x":60.58,"y":-1.48}],"slots":[{"name":"冰_0","bone":"冰","attachment":"27_bingxianzi/冰_0"},{"name":"叶22","bone":"叶224","attachment":"27_bingxianzi/叶22"},{"name":"茎","bone":"茎3","attachment":"27_bingxianzi/茎"},{"name":"冰","bone":"冰","attachment":"27_bingxianzi/冰"},{"name":"头","bone":"头","attachment":"27_bingxianzi/头"},{"name":"嘴2","bone":"嘴2","attachment":"27_bingxianzi/嘴2"},{"name":"眼睛_2","bone":"眼睛1","attachment":"27_bingxianzi/眼睛_2"},{"name":"眼睛1","bone":"眼睛1","attachment":"27_bingxianzi/眼睛1"},{"name":"球","bone":"球","attachment":"27_bingxianzi/球"},{"name":"球4","bone":"球4","attachment":"27_bingxianzi/球"},{"name":"guang","bone":"guang","attachment":"guang"},{"name":"叶1","bone":"叶14","attachment":"27_bingxianzi/叶1"},{"name":"头发","bone":"头发4","attachment":"27_bingxianzi/头发"},{"name":"球3","bone":"球3","attachment":"27_bingxianzi/球3"},{"name":"球2","bone":"球2","attachment":"27_bingxianzi/球2"},{"name":"球1","bone":"球1","attachment":"27_bingxianzi/球1"},{"name":"guang11","bone":"guang11","attachment":"guang","blend":"additive"},{"name":"球41","bone":"球41","attachment":"27_bingxianzi/球"},{"name":"球411","bone":"球411","attachment":"27_bingxianzi/球"},{"name":"球42","bone":"球42","attachment":"27_bingxianzi/球"},{"name":"球4111","bone":"球4111","attachment":"27_bingxianzi/球"},{"name":"球43","bone":"球43","attachment":"27_bingxianzi/球"},{"name":"球412","bone":"球412","attachment":"27_bingxianzi/球"},{"name":"球4112","bone":"球4112","attachment":"27_bingxianzi/球"},{"name":"球0","bone":"球0","attachment":"27_bingxianzi/球0"},{"name":"shuguang","bone":"shuguang","color":"ffffff00","attachment":"27_bingxianzi/shuguang"},{"name":"diguang1","bone":"diguang1","color":"ffffff00","attachment":"27_bingxianzi/diguang"},{"name":"yan","bone":"yan","attachment":"27_bingxianzi/yan"},{"name":"Armature_gongji_0","bone":"Armature_gongji_0","attachment":"Armature_gongji_0","blend":"additive"},{"name":"guang2","bone":"guang2","attachment":"27_bingxianzi/guang2"}],"skins":[{"name":"default","attachments":{"Armature_gongji_0":{"Armature_gongji_0":{"width":440,"height":552}},"diguang1":{"27_bingxianzi/diguang":{"rotation":-90,"width":228,"height":229}},"guang":{"guang":{"x":-15.45,"y":-7.06,"rotation":90,"width":328,"height":307}},"guang2":{"27_bingxianzi/guang2":{"x":24.45,"y":0.89,"rotation":-90,"width":133,"height":113}},"guang11":{"guang":{"x":-15.45,"y":-7.06,"rotation":90,"width":328,"height":307}},"shuguang":{"27_bingxianzi/shuguang":{"x":122.87,"y":6.26,"rotation":-90,"width":217,"height":290}},"yan":{"27_bingxianzi/yan":{"rotation":90,"width":284,"height":220}},"冰":{"27_bingxianzi/冰":{"x":44.5,"y":-15.65,"rotation":-90,"width":278,"height":121}},"冰_0":{"27_bingxianzi/冰_0":{"x":72,"y":-48.15,"rotation":-90,"width":75,"height":76}},"叶1":{"27_bingxianzi/叶1":{"type":"mesh","hull":35,"uvs":[0,0.82936,0.05801,0.77616,0.11883,0.70058,0.17273,0.59651,0.22641,0.47384,0.27662,0.35552,0.34004,0.23983,0.40801,0.1375,0.5013,0.04767,0.63485,0.00436,0.75801,0,0.86797,0.02703,0.94545,0.09419,0.98377,0.16802,1,0.25145,0.99935,0.3093,0.93831,0.33169,0.88463,0.33663,0.8487,0.3125,0.81645,0.37674,0.7855,0.44709,0.73896,0.53547,0.69589,0.60436,0.65411,0.67122,0.59805,0.75,0.54307,0.8189,0.48939,0.87209,0.41883,0.93459,0.34004,0.96977,0.26364,0.99971,0.16797,0.99971,0.09524,0.99971,0.04848,0.97645,0.01753,0.92471,0.00087,0.88459],"triangles":[9,20,19,10,9,18,9,19,18,10,18,11,11,18,12,12,18,13,18,17,13,17,16,13,14,16,15,13,16,14,6,23,22,7,22,21,7,6,22,8,21,20,8,7,21,9,8,20,4,26,25,5,4,24,4,25,24,5,24,23,6,5,23,2,30,29,2,29,28,3,2,28,3,27,26,3,28,27,4,3,26,0,34,1,34,33,1,1,32,31,33,32,1,1,31,30,2,1,30],"vertices":[1,26,3.88,6.69,1,1,26,11.66,-7.56,1,4,26,23.19,-22.83,0.22615,30,20.81,19.5,0.63036,40,-24.34,37.68,0.11907,42,-96.31,23.05,0.02443,4,26,39.77,-37,0.15893,30,38.55,32.18,0.4529,40,-2.55,38.52,0.31476,42,-74.99,27.65,0.07341,4,26,59.53,-51.44,0.11197,30,57.31,47.89,0.30217,40,21.76,41.32,0.40601,42,-51.53,34.61,0.17986,4,30,75.07,63.17,0.19196,40,44.99,44.31,0.41244,42,-29.17,41.58,0.31389,45,-97.37,-20.66,0.08171,4,30,95.55,77,0.11138,40,69.7,44.59,0.39405,42,-4.88,46.13,0.37229,45,-80.91,-2.23,0.12228,4,30,116.24,88.3,0.08129,40,93.21,42.65,0.32625,42,18.61,48.29,0.38219,45,-63.62,13.81,0.21026,4,30,141.73,95.62,0.05221,40,118.52,34.74,0.19261,42,44.9,44.88,0.41018,45,-40.71,27.16,0.345,4,30,173.29,92.29,0.02312,40,143.04,14.59,0.07456,42,72.54,29.28,0.44916,45,-9.3,31.67,0.45316,4,30,200.34,83.44,0.01919,40,160.77,-7.67,0.0532,42,93.85,10.42,0.34879,45,19.1,29.73,0.57881,4,30,222.71,70.54,0.01324,40,172.34,-30.75,0.03228,42,109.25,-10.31,0.1468,45,43.95,22.71,0.80768,4,30,235.69,53.65,0.00384,40,173.9,-52,0.00863,42,114.46,-30.97,0.03039,45,60.68,9.52,0.95714,4,30,239.77,38.72,0.00612,40,169.09,-66.71,0.01318,42,112.26,-46.29,0.03982,45,68.29,-3.96,0.94088,4,30,238.48,23.94,0.0165,40,159.89,-78.34,0.03446,42,105.22,-59.34,0.09151,45,70.67,-18.6,0.85754,4,30,235,14.62,0.02679,40,151.85,-84.21,0.05512,42,98.32,-66.51,0.13473,45,69.58,-28.49,0.78337,4,30,220.43,15.72,0.02763,40,140.29,-75.27,0.06168,42,85.38,-59.71,0.16426,45,55.18,-30.99,0.74643,4,30,208.46,19.09,0.02887,40,132.14,-65.88,0.0709,42,75.74,-51.87,0.21262,45,42.76,-30.67,0.68761,4,30,202.03,25.78,0.02222,40,130.46,-56.76,0.05958,42,72.5,-43.17,0.22006,45,34.89,-25.75,0.69814,4,30,191.31,17.87,0.03915,40,117.15,-57.46,0.11028,42,59.51,-46.17,0.32159,45,26.43,-36.05,0.52898,4,30,180.51,8.87,0.06186,40,103.19,-59.04,0.17711,42,46.03,-50.14,0.35936,45,18.17,-47.42,0.40166,4,30,165.28,-1.84,0.09523,40,84.58,-59.6,0.26276,42,27.8,-53.91,0.36323,45,6.03,-61.54,0.27878,4,30,151.93,-9.66,0.12799,40,69.13,-58.79,0.31299,42,12.44,-55.79,0.35137,45,-4.99,-72.4,0.20766,4,30,138.98,-17.25,0.17168,40,54.13,-58.01,0.33342,42,-2.46,-57.61,0.33742,45,-15.68,-82.94,0.15749,4,30,122.24,-25.67,0.24547,40,35.52,-55.83,0.35694,42,-21.17,-58.69,0.28584,45,-29.85,-95.21,0.11175,4,30,106.29,-32.57,0.32862,40,18.41,-52.82,0.37737,42,-38.54,-58.68,0.21362,45,-43.61,-105.81,0.0804,4,26,-14.68,-105.07,0.08071,30,91.54,-37.03,0.38397,40,3.64,-48.43,0.38733,42,-53.85,-56.91,0.14799,4,26,-23.75,-87.78,0.09468,30,72.58,-41.68,0.41307,40,-14.76,-41.89,0.39702,42,-73.1,-53.65,0.09523,4,26,-27.96,-69.07,0.12933,30,53.41,-41.27,0.42161,40,-30.55,-31,0.37921,42,-90.53,-45.66,0.06985,4,26,-31.33,-51,0.2017,30,35.05,-40.2,0.44716,40,-45.28,-20,0.29485,42,-106.95,-37.38,0.05629,4,26,-29.13,-29.01,0.31522,30,14.23,-32.78,0.49579,40,-58.59,-2.36,0.15496,42,-123.11,-22.3,0.03403,2,26,-27.46,-12.29,0.47,30,-1.59,-27.14,0.53,2,26,-22.4,-1.94,0.76,30,-10.42,-19.75,0.24,1,26,-12.84,4.29,1,1,26,-5.59,7.43,1]}},"叶22":{"27_bingxianzi/叶22":{"type":"mesh","hull":32,"uvs":[0,0.61809,0.05178,0.4695,0.11548,0.34291,0.18503,0.23511,0.26599,0.13546,0.35482,0.05461,0.45127,0.01135,0.54213,0,0.64822,0.00035,0.74873,0.03546,0.82995,0.10816,0.89924,0.21383,0.95736,0.34007,0.99391,0.4695,1,0.57801,0.98807,0.73688,0.94949,0.85816,0.90127,0.95,0.86853,1,0.80482,1,0.75838,0.91241,0.72792,0.80355,0.71269,0.74433,0.70939,0.69539,0.68096,0.71844,0.60152,0.76915,0.49239,0.80993,0.40761,0.82128,0.28426,0.79504,0.18299,0.75887,0.0802,0.70709,0,0.66525],"triangles":[7,25,24,7,24,23,20,19,17,19,18,17,21,20,16,20,17,16,11,23,12,23,22,15,22,21,15,21,16,15,12,23,13,23,15,14,13,23,14,8,7,23,8,23,9,10,23,11,9,23,10,5,4,26,7,6,25,6,5,25,5,26,25,3,2,28,3,28,27,4,3,27,4,27,26,0,31,30,1,0,30,1,30,29,2,1,29,2,29,28],"vertices":[1,25,0.69,11.41,1,1,25,20.52,-0.83,1,4,25,37.03,-15.09,0.27534,34,22.06,30.05,0.48759,38,-40.23,25.07,0.196,43,-83.29,-61.53,0.04107,4,25,50.79,-30.23,0.1686,34,41.12,37.51,0.41868,38,-22.4,35.12,0.33964,43,-79.68,-41.39,0.07308,4,25,63.19,-47.5,0.11508,34,61.67,42.94,0.38092,38,-2.8,43.35,0.38112,43,-73.56,-21.03,0.12288,4,25,72.79,-66.05,0.09222,34,82.42,45.3,0.31775,38,17.42,48.58,0.37753,43,-64.72,-2.11,0.2125,4,34,102.14,42.25,0.22327,38,37.37,48.31,0.38343,43,-51.81,13.11,0.31331,44,-65.8,-82.81,0.07999,4,34,118.87,35.67,0.14158,38,54.85,44.12,0.3892,43,-37.46,23.92,0.38359,44,-68.03,-64.98,0.08562,4,34,137.53,26.27,0.09019,38,74.64,37.42,0.38719,43,-19.69,34.92,0.42108,44,-68.7,-44.09,0.10154,4,34,153.02,12.98,0.07265,38,91.83,26.42,0.35841,43,-0.26,41.18,0.41893,44,-64.45,-24.13,0.15001,4,34,162.74,-3.34,0.06042,38,103.73,11.6,0.29092,43,18.74,40.92,0.41917,44,-54.76,-7.78,0.2295,4,34,168.28,-22.78,0.042,38,111.92,-6.87,0.17661,43,38.2,35.48,0.44532,44,-40.35,6.38,0.33608,4,34,170.55,-43.82,0.02341,38,117.11,-27.39,0.07974,43,57.33,26.42,0.4845,44,-22.96,18.44,0.41235,4,34,168.82,-63.36,0.01937,38,118.12,-46.98,0.0542,43,73.08,14.73,0.46667,44,-4.97,26.27,0.45975,4,34,163.05,-77.58,0.02268,38,114.38,-61.87,0.05546,43,82.18,2.37,0.41032,44,10.28,28.01,0.51153,4,34,150.92,-96.56,0.0258,38,105.01,-82.35,0.05204,43,92.02,-17.89,0.23863,44,32.75,26.44,0.68354,4,34,136.47,-108.45,0.01751,38,92.36,-96.14,0.03049,43,94.6,-36.43,0.09981,44,50.1,19.44,0.85219,4,34,122.18,-115.78,0.00935,38,79.23,-105.39,0.01438,43,93.37,-52.44,0.03685,44,63.38,10.4,0.93941,4,34,113.24,-119.24,0.01382,38,70.86,-110.06,0.01974,43,91.65,-61.88,0.04442,44,70.7,4.2,0.92202,4,34,102.01,-113.62,0.01965,38,58.96,-106.06,0.02639,43,80.99,-68.51,0.05314,44,71.13,-8.35,0.90082,4,34,99.38,-98.44,0.02517,38,54.24,-91.39,0.03514,43,66.67,-62.81,0.07004,44,59.06,-17.92,0.86965,4,34,100.89,-82.03,0.04878,38,53.44,-74.93,0.07676,43,53.47,-52.95,0.15342,44,43.93,-24.45,0.72104,4,34,101.94,-73.22,0.06278,38,53.26,-66.06,0.10883,43,46.51,-47.44,0.21106,44,35.69,-27.74,0.61733,4,34,104.45,-66.76,0.06531,38,54.84,-59.31,0.12813,43,42.31,-41.93,0.2565,44,28.82,-28.63,0.55006,4,34,97.98,-67.16,0.09094,38,48.5,-60.61,0.15739,43,39.27,-47.64,0.25475,44,32.26,-34.12,0.49692,4,34,80.79,-66.55,0.17504,38,31.38,-62.4,0.22897,43,29.76,-61.98,0.23212,44,39.95,-49.51,0.36387,4,34,58.99,-62.07,0.29038,38,9.17,-61,0.30185,43,14.54,-78.22,0.1836,44,46.45,-70.79,0.22416,4,25,-35.81,-65.64,0.19245,34,43.34,-56.02,0.34288,38,-7.17,-57.2,0.32386,44,48.63,-87.43,0.14081,4,25,-29.71,-41.83,0.27346,34,23.27,-41.84,0.41131,38,-29.02,-45.95,0.24379,43,-21.38,-98.1,0.07144,1,25,-22.65,-22.49,1,1,25,-13.37,-3.06,1,1,25,-5.93,12.07,1]}},"嘴2":{"27_bingxianzi/嘴":{"x":-16.87,"y":-5.75,"rotation":-126.45,"width":19,"height":31},"27_bingxianzi/嘴2":{"x":-4.37,"y":-5.66,"rotation":-126.45,"width":42,"height":61}},"头":{"27_bingxianzi/头":{"type":"mesh","hull":4,"uvs":[0,0,1,0,0,1,1,1],"triangles":[1,0,3,0,2,3],"vertices":[382.65,20.02,185.4,-247.03,127.67,208.36,-69.58,-58.69]}},"头发":{"27_bingxianzi/头发":{"type":"mesh","hull":30,"uvs":[0.14078,0.3433,0,0.83866,0,0.87096,0.01649,0.86838,0.20372,0.63282,0.21011,0.62543,0.22216,0.63076,0.24131,0.63247,0.25833,0.62663,0.26649,0.62113,0.2695,0.63282,0.32713,1,0.35266,1,0.57411,0.43643,0.57908,0.4201,0.59628,0.43385,0.84344,0.61667,0.85762,0.60739,0.78227,0.2811,0.77908,0.26993,0.79645,0.26821,0.99982,0.26323,0.99982,0.24296,0.76312,0.11048,0.75496,0.10636,0.75089,0.09278,0.73901,0.0512,0.70762,0.01667,0.66915,0,0.60266,0],"triangles":[27,28,25,26,27,25,25,29,24,19,14,18,24,14,19,23,24,19,23,19,20,23,20,22,20,21,22,14,15,18,18,15,17,15,16,17,10,12,13,10,11,12,9,10,13,1,2,3,0,1,4,0,4,5,5,8,9,5,6,8,6,7,8,1,3,4,0,5,9,0,9,13,0,13,14,0,14,29,28,29,25,29,14,24],"vertices":[1,35,-71.18,-25.34,1,2,41,122.49,-5.2,0.97113,39,145.92,-100.28,0.02887,2,41,130.85,-0.91,0.94128,39,155.3,-99.58,0.05872,2,41,128.06,2.89,0.94798,39,154.2,-95,0.05202,4,35,-53.43,-109.59,0.01958,41,42.98,18.62,0.83991,39,81.91,-47.46,0.12921,36,39.09,-160.43,0.01131,4,35,-51.63,-107.44,0.0214,41,40.24,19.24,0.82162,39,79.63,-45.82,0.14478,36,38.18,-157.78,0.01221,4,35,-48.23,-108.99,0.02744,41,40.07,22.97,0.73883,39,80.92,-42.32,0.21765,36,41.26,-155.66,0.01609,4,35,-42.83,-109.49,0.03403,41,38.06,28.01,0.59989,39,81.02,-36.89,0.34553,36,44.46,-151.29,0.02055,4,35,-38.03,-107.79,0.03656,41,34.35,31.5,0.48145,39,78.96,-32.23,0.45967,36,45.48,-146.3,0.02232,4,35,-35.73,-106.19,0.03682,41,31.88,32.82,0.42924,39,77.2,-30.06,0.51149,36,45.29,-143.51,0.02245,4,35,-34.88,-109.59,0.03556,41,34.52,35.13,0.38123,39,80.52,-28.96,0.5607,36,48.64,-144.53,0.02251,3,41,122.2,98.31,0.03639,39,185.86,-4.79,0.95337,36,148.62,-185.59,0.01024,3,41,118.92,104.72,0.02948,39,185.33,2.39,0.96064,36,152.32,-179.41,0.00988,4,35,51.02,-52.44,0.14546,39,17.13,52.44,0.28314,36,43.85,-41.46,0.45277,37,10.27,-81.01,0.11863,4,35,52.42,-47.69,0.14017,39,12.29,53.48,0.24611,36,40.5,-37.82,0.49205,37,10.38,-76.06,0.12167,4,35,57.27,-51.69,0.11965,39,15.91,58.62,0.20726,36,46.43,-35.72,0.558,37,16.11,-78.66,0.11508,4,35,126.97,-104.89,0.00269,39,63.77,132.09,0.00418,36,127.91,-3.34,0.98732,37,97.25,-111.88,0.00582,4,35,130.97,-102.19,0.00218,39,60.78,135.88,0.00326,36,127.66,1.48,0.98943,37,100.41,-108.23,0.00514,4,35,109.72,-7.24,0.02601,39,-32.32,107.61,0.02491,36,35.31,32.13,0.30469,37,55.17,-22.09,0.6444,4,35,108.82,-3.99,0.02221,39,-35.5,106.47,0.02091,36,32.06,33.03,0.24145,37,53.46,-19.18,0.71543,4,35,113.72,-3.49,0.0186,39,-36.36,111.32,0.01755,36,34.16,37.49,0.17131,37,58.06,-17.42,0.79254,4,35,171.07,-2.04,0.0006,39,-42.08,168.4,0.00058,36,62.43,87.4,0.0023,37,113.05,-1.09,0.99652,4,35,171.07,3.86,0.00093,39,-47.96,167.96,0.0009,36,57.37,90.44,0.00334,37,111.52,4.6,0.99483,4,35,104.32,42.41,0.03656,39,-81.43,98.52,0.02838,36,-10.04,53.05,0.15905,37,37.03,24.45,0.77601,4,35,102.02,43.61,0.03873,39,-82.46,96.14,0.02972,36,-12.25,51.7,0.16892,37,34.5,25,0.76263,4,35,100.87,47.56,0.04732,39,-86.31,94.7,0.03584,36,-16.23,52.74,0.19325,37,32.36,28.52,0.72359,4,35,97.52,59.66,0.07411,39,-98.13,90.46,0.05438,36,-28.33,56.1,0.24526,37,25.98,39.33,0.62624,4,35,88.67,69.71,0.09716,39,-107.49,80.88,0.0683,36,-41.5,53.68,0.26846,37,14.81,46.73,0.56608,1,35,77.82,74.56,1,1,35,59.07,74.56,1]}},"球":{"27_bingxianzi/球":{"rotation":-26.57,"width":147,"height":147}},"球0":{"27_bingxianzi/球0":{"width":136,"height":136}},"球1":{"27_bingxianzi/球1":{"x":-3.54,"y":2.85,"rotation":-126.45,"width":105,"height":106}},"球2":{"27_bingxianzi/球2":{"x":0.32,"y":-4.04,"rotation":-126.45,"width":90,"height":89}},"球3":{"27_bingxianzi/球3":{"x":-2.41,"y":4.38,"rotation":-126.45,"width":82,"height":83}},"球4":{"27_bingxianzi/球":{"scaleX":0.2,"scaleY":0.2,"width":147,"height":147}},"球41":{"27_bingxianzi/球":{"scaleX":0.2,"scaleY":0.2,"width":147,"height":147}},"球42":{"27_bingxianzi/球":{"scaleX":0.2,"scaleY":0.2,"width":147,"height":147}},"球43":{"27_bingxianzi/球":{"scaleX":0.2,"scaleY":0.2,"width":147,"height":147}},"球411":{"27_bingxianzi/球":{"scaleX":0.2,"scaleY":0.2,"width":147,"height":147}},"球412":{"27_bingxianzi/球":{"scaleX":0.2,"scaleY":0.2,"width":147,"height":147}},"球4111":{"27_bingxianzi/球":{"scaleX":0.2,"scaleY":0.2,"width":147,"height":147}},"球4112":{"27_bingxianzi/球":{"scaleX":0.2,"scaleY":0.2,"width":147,"height":147}},"眼睛1":{"27_bingxianzi/眼睛1":{"x":13.89,"y":13.25,"rotation":-30.33,"width":98,"height":74}},"眼睛_2":{"27_bingxianzi/眼睛_2":{"x":131.9,"y":11.98,"rotation":-30.33,"width":69,"height":101}},"茎":{"27_bingxianzi/茎":{"type":"mesh","hull":24,"uvs":[0.00074,1,0.39632,1,0.75515,1,0.80147,0.94318,0.8625,0.82825,0.91912,0.70844,0.96912,0.59026,1,0.46753,1,0.3224,0.97647,0.20617,0.94412,0.09416,0.88676,0.01883,0.83015,0,0.65882,0,0.54485,0.03117,0.59485,0.11006,0.62647,0.20617,0.62647,0.31623,0.59118,0.42955,0.49118,0.53961,0.36985,0.64675,0.25221,0.76656,0.12721,0.85487,0,0.9289],"triangles":[14,15,13,12,15,11,13,15,12,11,15,10,15,16,10,9,17,8,16,17,9,10,16,9,19,5,6,18,6,7,8,18,7,17,18,8,18,19,6,20,21,4,20,4,5,19,20,5,23,0,1,22,23,1,21,22,1,1,2,3,21,1,3,21,3,4],"vertices":[1,20,-4.8,26.42,1,1,20,-4.8,-0.48,1,1,20,-4.8,-24.88,1,1,20,3.95,-28.03,1,4,20,21.65,-32.18,0.17415,22,29.12,-22.35,0.52431,23,-28.07,-15.75,0.25283,24,-73.23,3.83,0.04871,4,20,40.1,-36.03,0.05342,22,47.57,-18.51,0.45343,23,-9.23,-16.3,0.44236,24,-55.26,-1.84,0.05079,4,20,58.3,-39.43,0.02827,22,65.61,-14.35,0.35825,23,9.28,-16.46,0.51721,24,-37.49,-7.03,0.09627,4,20,77.2,-41.58,0.0175,22,83.79,-8.76,0.12372,23,28.27,-15.26,0.57803,24,-18.89,-11.05,0.28075,4,20,99.55,-41.53,0.00762,22,104.26,0.22,0.03246,23,50.26,-11.29,0.45327,24,3.35,-13.23,0.50665,4,20,117.45,-39.93,0.00895,22,120.02,8.84,0.02925,23,67.6,-6.57,0.19704,24,21.32,-13.42,0.76476,4,20,134.7,-37.73,0.0076,22,134.96,17.76,0.02068,23,84.2,-1.38,0.08348,24,38.7,-12.95,0.88824,4,20,146.3,-33.83,0.00525,22,144.03,25.97,0.01294,23,94.93,4.5,0.04192,24,50.63,-10.22,0.9399,4,20,149.2,-29.98,0.0044,22,145.15,30.66,0.0106,23,97.11,8.8,0.03272,24,53.9,-6.68,0.95229,4,20,149.2,-18.33,0.00449,22,140.49,41.34,0.01063,23,95.07,20.27,0.03141,24,55.06,4.92,0.95348,4,20,144.4,-10.58,0.00857,22,132.99,46.52,0.02058,23,88.98,27.05,0.06109,24,51.06,13.1,0.90977,4,20,132.25,-13.98,0.00618,22,123.21,38.55,0.01666,23,77.62,21.57,0.063,24,38.63,10.93,0.91416,4,20,117.45,-16.13,0.00639,22,110.51,30.66,0.02058,23,63.43,16.86,0.12082,24,23.69,10.26,0.85221,4,20,100.5,-16.13,0.00794,22,94.97,23.88,0.03404,23,46.74,13.89,0.38209,24,6.82,11.95,0.57593,4,20,83.05,-13.73,0.01471,22,78.02,19.11,0.10005,23,29.14,13.19,0.59929,24,-10.3,16.07,0.28595,4,20,66.1,-6.93,0.03252,22,59.76,18.56,0.35483,23,11.26,16.91,0.50243,24,-26.49,24.53,0.11022,4,20,49.6,1.32,0.07739,22,41.34,19.53,0.49957,23,-6.43,22.13,0.35853,24,-42.09,34.38,0.06451,4,20,31.15,9.32,0.21118,22,21.23,19.48,0.58803,23,-26,26.77,0.16027,24,-59.65,44.17,0.04052,4,20,17.55,17.82,0.38219,22,5.37,21.84,0.50134,23,-40.88,32.75,0.08713,24,-72.34,53.99,0.02935,1,20,6.15,26.47,1]}}}}],"events":{"gongji":{}},"animations":{"daiji":{"slots":{"Armature_gongji_0":{"color":[{"color":"ffffff00"}]},"guang":{"color":[{"color":"ffffff00"},{"time":0.3333,"color":"e3faff99"},{"time":0.8333,"color":"45e5ff00"},{"time":1.3333,"color":"ffffff00"}]},"guang2":{"color":[{"color":"ffffff00"}]},"guang11":{"color":[{"color":"45e5ff00","curve":"stepped"},{"time":0.4167,"color":"45e5ff00"},{"time":1,"color":"45e5ff7f"},{"time":1.3333,"color":"45e5ff00"}]},"yan":{"color":[{"color":"ffffff00"}]},"球4":{"color":[{"color":"ffffff00"},{"time":0.3333,"color":"ffffffff"},{"time":0.75,"color":"ffffff00"}]},"球41":{"color":[{"color":"ffffff00","curve":"stepped"},{"time":0.1667,"color":"ffffff00"},{"time":0.5,"color":"ffffffff"},{"time":0.8333,"color":"ffffff00"}]},"球42":{"color":[{"color":"ffffff00"},{"time":0.3333,"color":"ffffffff"},{"time":0.6667,"color":"ffffff00"}]},"球43":{"color":[{"color":"ffffffff"},{"time":0.5,"color":"ffffff00","curve":"stepped"},{"time":1,"color":"ffffff00"},{"time":1.3333,"color":"ffffffff"}]},"球411":{"color":[{"color":"ffffff00","curve":"stepped"},{"time":0.3333,"color":"ffffff00"},{"time":0.6667,"color":"ffffffff"},{"time":1,"color":"ffffff00"}]},"球412":{"color":[{"color":"ffffff00","curve":"stepped"},{"time":0.1667,"color":"ffffff00"},{"time":0.5,"color":"ffffffff"},{"time":0.8333,"color":"ffffff00"}]},"球4111":{"color":[{"color":"ffffff00","curve":"stepped"},{"time":0.5833,"color":"ffffff00"},{"time":0.8333,"color":"ffffffff"},{"time":1.1667,"color":"ffffff00"}]},"球4112":{"color":[{"color":"ffffff00","curve":"stepped"},{"time":0.4167,"color":"ffffff00"},{"time":0.9167,"color":"ffffffff"},{"time":1.25,"color":"ffffff00"}]}},"bones":{"guang":{"rotate":[{},{"time":0.8333,"angle":-120},{"time":1.3333}],"translate":[{"x":17.38}],"scale":[{"x":1.5,"y":1.5},{"time":0.8333,"x":0.6,"y":0.6},{"time":1.3333,"x":1.5,"y":1.5}]},"guang11":{"rotate":[{"angle":-120},{"time":0.4167},{"time":1.3333,"angle":-120}],"translate":[{"x":17.38}],"scale":[{"x":0.6,"y":0.6},{"time":0.4167},{"time":1.3333,"x":0.6,"y":0.6}]},"球4":{"translate":[{"x":134.26,"y":-33.2},{"time":0.75,"x":-20.04,"y":-68.88}],"scale":[{"x":1.67,"y":1.67},{"time":0.75,"x":0.67,"y":0.67}]},"球41":{"translate":[{"x":44.62,"y":2.47},{"time":0.1667,"x":39.95,"y":18.32},{"time":0.8333,"x":28.1,"y":-120.25}],"scale":[{"x":1.33,"y":1.33},{"time":0.1667,"x":1.67,"y":1.67},{"time":0.8333,"x":0.67,"y":0.67}]},"球411":{"translate":[{"x":130.26,"y":-121.7},{"time":0.3333,"x":106.2,"y":-121.64},{"time":1,"x":28.1,"y":-120.25}],"scale":[{"x":1.33,"y":1.33},{"time":0.3333,"x":2,"y":2},{"time":1,"x":0.67,"y":0.67}]},"球42":{"translate":[{"x":81.73,"y":-157.39},{"time":0.6667,"x":-20.04,"y":-68.88}],"scale":[{"x":1.33,"y":1.33},{"time":0.6667,"x":0.67,"y":0.67}]},"球4111":{"translate":[{"x":130.26,"y":-121.7},{"time":0.5833,"x":88.05,"y":-237.88},{"time":1.1667,"x":28.1,"y":-120.25}],"scale":[{"x":1.33,"y":1.33},{"time":0.5833,"x":1.67,"y":1.67},{"time":1.1667,"x":0.67,"y":0.67}]},"球43":{"translate":[{"x":43.4,"y":-11.54},{"time":0.5,"x":-20.04,"y":-68.88},{"time":1,"x":74.59,"y":21.58},{"time":1.3333,"x":43.4,"y":-11.54}],"scale":[{},{"time":0.5,"x":0.67,"y":0.67},{"time":1,"x":1.33,"y":1.33},{"time":1.3333}]},"球412":{"translate":[{"x":44.62,"y":2.47},{"time":0.1667,"x":-44.28,"y":-67.2},{"time":0.8333,"x":28.1,"y":-120.25}],"scale":[{"x":1.33,"y":1.33,"curve":"stepped"},{"time":0.1667,"x":1.33,"y":1.33},{"time":0.8333,"x":0.67,"y":0.67}]},"球4112":{"translate":[{"x":-33.97,"y":-270.2},{"time":0.4167,"x":-21.9,"y":-238.53},{"time":1.25,"x":28.1,"y":-120.25}],"scale":[{"x":1.33,"y":1.33},{"time":0.4167,"x":2,"y":2},{"time":1.25,"x":0.67,"y":0.67}]},"眼睛1":{"scale":[{"time":0.6667},{"time":0.7083,"y":0.2},{"time":0.8333}]},"球":{"translate":[{"x":17.1}],"scale":[{},{"time":0.6667,"x":1.2,"y":1.2},{"time":1.3333}]},"茎":{"scale":[{},{"time":0.6667,"x":1.05},{"time":1.3333}]},"茎1":{"rotate":[{"angle":-2.01},{"time":0.6667,"angle":1.27},{"time":1.3333,"angle":-2.01}]},"茎2":{"rotate":[{"angle":-1.19},{"time":0.1667,"angle":-2.01},{"time":0.8333,"angle":1.27},{"time":1.3333,"angle":-1.19}]},"茎3":{"rotate":[{"angle":-0.37},{"time":0.3333,"angle":-2.01},{"time":1,"angle":1.27},{"time":1.3333,"angle":-0.37}]},"头":{"rotate":[{"angle":-5.75},{"time":0.6667,"angle":-0.52},{"time":1.3333,"angle":-5.75}]},"叶1":{"rotate":[{},{"time":0.6667,"angle":-40.28},{"time":1.3333}]},"叶221":{"rotate":[{"angle":-34.66},{"time":0.3333,"angle":-66.62},{"time":0.6667,"angle":-15.53},{"time":1,"angle":-9.82},{"time":1.3333,"angle":-34.66}],"scale":[{"x":0.9,"curve":"stepped"},{"time":0.3333,"x":0.9},{"time":0.6667,"x":1.2},{"time":1,"x":1.3},{"time":1.3333,"x":0.9}]},"叶11":{"rotate":[{"angle":7.86},{"time":0.3333,"angle":1.51},{"time":0.6667,"angle":-7.12},{"time":1,"angle":-31.15},{"time":1.3333,"angle":7.86}],"scale":[{"x":0.9},{"time":0.3333,"x":1.15},{"time":0.6667},{"time":1,"x":0.7},{"time":1.3333,"x":0.9}]},"球1":{"translate":[{},{"time":0.6667,"x":-5.15,"y":12.41},{"time":1.3333}]},"球3":{"translate":[{},{"time":0.7083,"x":-5.81,"y":8.75},{"time":1.3333}]},"球2":{"translate":[{},{"time":0.7083,"x":-1.98,"y":7.55},{"time":1.3333}]},"头发4":{"rotate":[{},{"time":0.6667,"angle":-9.82},{"time":1.3333}]},"头发1":{"rotate":[{"angle":7.82},{"time":0.6667,"angle":-9.82},{"time":1.3333,"angle":7.82}]},"头发3":{"rotate":[{"angle":-1.23},{"time":0.6667,"angle":-9.82},{"time":1.3333,"angle":-1.23}]},"叶222":{"rotate":[{"angle":53.94},{"time":0.3333,"angle":106.58},{"time":0.6667,"angle":44.86},{"time":1,"angle":4.95},{"time":1.3333,"angle":53.94}]},"头发2":{"rotate":[{"angle":-2.45},{"time":0.6667,"angle":-9.82},{"time":1.3333,"angle":-2.45}]},"叶12":{"rotate":[{},{"time":0.3333,"angle":-15.89},{"time":0.6667,"angle":33.63},{"time":1,"angle":75.51},{"time":1.3333}],"scale":[{"time":0.6667},{"time":1,"x":0.8},{"time":1.3333}]},"叶223":{"rotate":[{"angle":17.05},{"time":0.3333,"angle":39.18},{"time":0.6667,"angle":55.99},{"time":1,"angle":53.28},{"time":1.3333,"angle":17.05}]},"叶13":{"rotate":[{},{"time":0.3333,"angle":31.31},{"time":0.6667,"angle":-45.69},{"time":1,"angle":-53.55},{"time":1.3333}]},"叶14":{"rotate":[{},{"time":0.3333,"angle":-23.57},{"time":0.6667,"angle":-61.35},{"time":1,"angle":-29.9},{"time":1.1667,"angle":16.32},{"time":1.3333}]},"叶224":{"rotate":[{},{"time":0.3333,"angle":-21.71},{"time":1.3333}]},"guang1":{"translate":[{"x":17.38}],"scale":[{"y":0.8},{"time":0.4167,"x":1.2,"y":1.2},{"time":0.75,"x":1.5,"y":1.05},{"time":1.3333,"y":0.8}]}},"deform":{"default":{"叶1":{"27_bingxianzi/叶1":[{"offset":52,"vertices":[-1.56336,0.3441,-1.1163,1.14733,-1.29802,0.93686,-1.6,-0.05]},{"time":0.3333,"offset":44,"vertices":[4.22,-1.31,1.31,0.48,3.35226,-2.87867,3.17,0.96,0.21111,0.87495,0.65759,0.61456,0.54132,0.71906,-0.01,0.9]},{"time":0.6667,"offset":44,"vertices":[8.43,-2.63,2.62,0.97,6.69141,-5.76253,6.33,1.92]},{"time":1,"offset":2,"vertices":[0.28,-5.65,-5.59,1.94,-9.82,9.27,-6.68,5.1,-4.93124,-3.27026,0,0,0,0,0,0,0,0,0,0,0,0,0,0,0,0,0,0,0,0,0,0,0,0,0,0,0,0,0,0,0,0,14.75,0.15,8.57,0.16,13.59567,-5.72206,12.29,1.62,-0.58656,0.12782,-0.41954,0.42941,-0.48752,0.35033,-0.6,-0.02]},{"time":1.3333,"offset":52,"vertices":[-1.56336,0.3441,-1.1163,1.14733,-1.29802,0.93686,-1.6,-0.05]}]},"叶22":{"27_bingxianzi/叶22":[{"offset":52,"vertices":[-12.5,-5.2,-11.65361,-6.89084,2.1,5.67,10.54706,-8.4882]},{"time":0.3333,"offset":52,"vertices":[-12.5,-5.2,9.26,18.19,17.97,8.92,3.86,13.85]},{"time":0.6667,"offset":2,"vertices":[-0.65,-6.51,6.28,-10.22,8.53,-11.2,8.29,-10.09,3.81,-6.64,3.33,-1.53,2.54,-2.19,1.08,-1.82,0.06,-0.2,2.96,3.13,-1.86965,3.8811,2.11,2.4,-4.28588,0.43565,0,0,0,0,0,0,0,0,0,0,0,0,0,0,0,0,0,0,0,0,0,0,0,0,-12.5,-5.2,-0.12,3.26,3.62,8.21,0.54,3.64]},{"time":1,"offset":12,"vertices":[0.91,1.55,0.48,0.37,0.54,-0.91,0.03,-0.1,0,0,0,0,0,0,0,0,0,0,0,0,0,0,0,0,1.50524,-1.57507,1.71,-1.35,4.03,-4.39,0.66287,2.07536,0,0,0,0,0,0,0,0,-12.5,-5.2,-0.06,1.63,2.86,6.94,0.27,1.82]},{"time":1.3333,"offset":52,"vertices":[-12.5,-5.2,-11.65361,-6.89084,2.1,5.67,10.54706,-8.4882]}]}}},"drawOrder":[{"offsets":[{"slot":"球0","offset":-15}]}]},"gongji":{"slots":{"Armature_gongji_0":{"color":[{"color":"ffffffff"},{"time":0.25,"color":"ffffff00","curve":"stepped"},{"time":0.4167,"color":"ffffff00"},{"time":0.5,"color":"ffffff61"},{"time":0.6667,"color":"ffffff00"}]},"diguang1":{"color":[{"time":0.1667,"color":"ffffff00"},{"time":0.2083,"color":"ffffffff","curve":"stepped"},{"time":0.4167,"color":"ffffffff"},{"time":0.5833,"color":"ffffff00"}]},"guang":{"color":[{"color":"ffffff00"}]},"guang2":{"color":[{"color":"ffffff00","curve":"stepped"},{"time":0.125,"color":"ffffff00"},{"time":0.2083,"color":"ffffffff","curve":"stepped"},{"time":0.2917,"color":"ffffffff"},{"time":0.3333,"color":"ffffff00"}]},"guang11":{"color":[{"color":"45e5ff00"}]},"shuguang":{"color":[{"time":0.1667,"color":"ffffff00"},{"time":0.2083,"color":"ffffffff"},{"time":0.4583,"color":"ffffffa6"},{"time":0.6667,"color":"ffffff00"}]},"yan":{"color":[{"color":"ffffff00","curve":"stepped"},{"time":0.1667,"color":"ffffff00"},{"time":0.2083,"color":"ffffffff"},{"time":0.4167,"color":"ffffffba"},{"time":0.6667,"color":"ffffff00"}]},"嘴2":{"attachment":[{"name":"27_bingxianzi/嘴"},{"time":0.2083,"name":"27_bingxianzi/嘴2"},{"time":0.5417,"name":"27_bingxianzi/嘴"}]},"球":{"color":[{"color":"ffffff00"}]},"球0":{"color":[{"color":"ffffff00"}]},"球4":{"color":[{"color":"ffffff00"}]},"球41":{"color":[{"color":"ffffff00"}]},"球42":{"color":[{"color":"ffffff00"}]},"球43":{"color":[{"color":"ffffff00"}]},"球411":{"color":[{"color":"ffffff00"}]},"球412":{"color":[{"color":"ffffff00"}]},"球4111":{"color":[{"color":"ffffff00"}]},"球4112":{"color":[{"color":"ffffff00"}]}},"bones":{"嘴2":{"scale":[{"time":0.0417},{"time":0.1667,"x":0.5,"y":0.5},{"time":0.2083,"x":1.2,"y":1.2},{"time":0.5417}]},"球":{"translate":[{"x":17.1}]},"guang":{"translate":[{"x":17.38}],"scale":[{"x":1.5,"y":1.5}]},"guang11":{"rotate":[{"angle":-120}],"translate":[{"x":17.38}],"scale":[{"x":0.6,"y":0.6}]},"球4":{"translate":[{"x":134.26,"y":-33.2}],"scale":[{"x":1.67,"y":1.67}]},"球41":{"translate":[{"x":44.62,"y":2.47}],"scale":[{"x":1.33,"y":1.33}]},"球411":{"translate":[{"x":130.26,"y":-121.7}],"scale":[{"x":1.33,"y":1.33}]},"球42":{"translate":[{"x":81.73,"y":-157.39}],"scale":[{"x":1.33,"y":1.33}]},"球4111":{"translate":[{"x":130.26,"y":-121.7}],"scale":[{"x":1.33,"y":1.33}]},"球412":{"translate":[{"x":44.62,"y":2.47}],"scale":[{"x":1.33,"y":1.33}]},"球4112":{"translate":[{"x":-33.97,"y":-270.2}],"scale":[{"x":1.33,"y":1.33}]},"shuguang":{"scale":[{"time":0.1667},{"time":0.2083,"x":3,"y":3},{"time":0.375,"x":3.5,"y":3.5},{"time":0.6667,"x":2,"y":2}]},"diguang1":{"rotate":[{"time":0.1667},{"time":0.5833,"angle":-30}]},"yan":{"scale":[{"time":0.0417},{"time":0.1667,"x":1.08,"y":1.08},{"time":0.6667,"x":2.5,"y":2.5}]},"Armature_gongji_0":{"translate":[{"x":3.09,"y":216.23}],"scale":[{"time":0.4167},{"time":0.6667,"x":1.2,"y":1.2}]},"guang2":{"rotate":[{"angle":-0.34}],"translate":[{"x":-214.89,"y":140.69},{"time":0.125,"x":52.13,"y":140.12},{"time":0.2083,"x":49.35,"y":140.12},{"time":0.3333,"x":45.18,"y":140.12}],"scale":[{"time":0.125},{"time":0.2083,"x":5},{"time":0.3333,"x":8,"y":0.5},{"time":0.4583,"x":15}]},"眼睛1":{"scale":[{"time":0.1667},{"time":0.2083,"y":0.2},{"time":0.2917}]},"茎1":{"rotate":[{"angle":-2.01,"curve":"stepped"},{"time":0.0417,"angle":-2.01},{"time":0.1667,"angle":-6.85},{"time":0.2083,"angle":4.03},{"time":0.5417,"angle":-2.01}]},"茎2":{"rotate":[{"angle":-1.19,"curve":"stepped"},{"time":0.0417,"angle":-1.19},{"time":0.1667,"angle":-6.03},{"time":0.2083,"angle":4.85},{"time":0.5417,"angle":-1.19}]},"茎3":{"rotate":[{"angle":-0.37,"curve":"stepped"},{"time":0.0417,"angle":-0.37},{"time":0.1667,"angle":-5.21},{"time":0.2083,"angle":5.67},{"time":0.5417,"angle":-0.37}]},"头":{"rotate":[{"angle":-5.75,"curve":"stepped"},{"time":0.0417,"angle":-5.75},{"time":0.1667,"angle":-25.86},{"time":0.2083,"angle":14.9},{"time":0.375,"angle":23.71},{"time":0.5417,"angle":-5.75}]},"叶22":{"rotate":[{"time":0.0417},{"time":0.1667,"angle":27.3},{"time":0.2083,"angle":-26.94},{"time":0.5417}]},"叶1":{"rotate":[{"time":0.0417},{"time":0.1667,"angle":-7.33},{"time":0.2083,"angle":8.71},{"time":0.375,"angle":18.76},{"time":0.5417}],"translate":[{"time":0.1667},{"time":0.2083,"x":-15.4,"y":-3.67},{"time":0.5417}],"scale":[{"time":0.1667},{"time":0.2083,"x":-1,"y":-1,"curve":"stepped"},{"time":0.375,"x":-1,"y":-1},{"time":0.4583,"x":-1,"y":0},{"time":0.5417}]},"叶221":{"rotate":[{"angle":-34.66,"curve":"stepped"},{"time":0.0417,"angle":-34.66},{"time":0.1667,"angle":-0.62},{"time":0.2083,"angle":-42.3},{"time":0.5417,"angle":-34.66}],"scale":[{"x":0.9,"curve":"stepped"},{"time":0.0417,"x":0.9},{"time":0.1667,"x":0.23,"y":0.24},{"time":0.2083,"curve":"stepped"},{"time":0.375},{"time":0.5417,"x":0.9}]},"叶11":{"rotate":[{"angle":7.86,"curve":"stepped"},{"time":0.0417,"angle":7.86},{"time":0.1667,"angle":-26.49},{"time":0.2083,"angle":-3.35,"curve":"stepped"},{"time":0.375,"angle":-3.35},{"time":0.5417,"angle":7.86}],"scale":[{"x":0.9}]},"球1":{"translate":[{"time":0.1667},{"time":0.25,"x":4.49,"y":11.12},{"time":0.5417}]},"球3":{"translate":[{"time":0.1667},{"time":0.25,"x":-3.25,"y":10.55},{"time":0.5417}]},"球2":{"translate":[{"time":0.1667},{"time":0.25,"x":8.82,"y":8.94},{"time":0.5417}]},"头发1":{"rotate":[{"angle":7.82}]},"头发3":{"rotate":[{"angle":-1.23}]},"叶222":{"rotate":[{"angle":53.94,"curve":"stepped"},{"time":0.0417,"angle":53.94},{"time":0.1667,"angle":52.57},{"time":0.2083,"angle":21.44},{"time":0.375,"angle":26.58},{"time":0.5417,"angle":53.94}],"scale":[{"time":0.0417},{"time":0.1667,"x":0.5},{"time":0.2083}]},"头发2":{"rotate":[{"angle":-2.45}]},"叶223":{"rotate":[{"angle":47.98,"curve":"stepped"},{"time":0.0417,"angle":47.98},{"time":0.1667,"angle":56.75},{"time":0.2083,"angle":2.67,"curve":"stepped"},{"time":0.375,"angle":2.67},{"time":0.5417,"angle":17.05}]},"叶13":{"scale":[{"time":0.0417},{"time":0.1667,"x":0.5},{"time":0.5417}]},"叶224":{"rotate":[{"angle":100.94,"curve":"stepped"},{"time":0.0417,"angle":100.94},{"time":0.1667,"angle":97.1},{"time":0.2083,"angle":44.23},{"time":0.5417}]},"guang1":{"translate":[{"x":17.38}],"scale":[{"y":0.8}]},"diguang":{"scale":[{"time":0.1667},{"time":0.2083,"x":2,"y":2},{"time":0.5833,"x":2.67,"y":2.66}]}},"deform":{"default":{"叶1":{"27_bingxianzi/叶1":[{"offset":52,"vertices":[-1.56336,0.3441,-1.1163,1.14733,-1.29802,0.93686,-1.6,-0.05]}]},"叶22":{"27_bingxianzi/叶22":[{"offset":52,"vertices":[-12.5,-5.2,-11.65361,-6.89084,2.1,5.67,10.54706,-8.4882]}]}}},"drawOrder":[{"offsets":[{"slot":"shuguang","offset":-25},{"slot":"guang2","offset":-17}]}],"events":[{"time":0.2083,"name":"gongji"}]}}},[0]]],0,0,[0],[-1],[0]]