[1,["a6LDbYOARDT4YRI9encCa4"],0,[["sp.SkeletonData",["_name","_atlasText","textureNames","_skeletonJson","textures"],-1,3]],[[0,0,1,2,3,4,5]],[[0,"n02_xiangrikui","\r\nn02_xiangrikui.png\r\nsize: 444,198\r\nformat: RGBA8888\r\nfilter: Linear,Linear\r\nrepeat: none\r\n00_xiangrikui/eye\r\n  rotate: true\r\n  xy: 406, 36\r\n  size: 59, 29\r\n  orig: 59, 29\r\n  offset: 0, 0\r\n  index: -1\r\n00_xiangrikui/guang\r\n  rotate: false\r\n  xy: 2, 2\r\n  size: 223, 194\r\n  orig: 229, 200\r\n  offset: 3, 3\r\n  index: -1\r\n00_xiangrikui/mouth\r\n  rotate: false\r\n  xy: 307, 29\r\n  size: 87, 17\r\n  orig: 87, 17\r\n  offset: 0, 0\r\n  index: -1\r\n00_xiangrikui/mouth2\r\n  rotate: false\r\n  xy: 307, 8\r\n  size: 60, 19\r\n  orig: 60, 19\r\n  offset: 0, 0\r\n  index: -1\r\n00_xiangrikui/shenti\r\n  rotate: true\r\n  xy: 396, 14\r\n  size: 20, 46\r\n  orig: 20, 46\r\n  offset: 0, 0\r\n  index: -1\r\n00_xiangrikui/tou\r\n  rotate: false\r\n  xy: 227, 48\r\n  size: 177, 148\r\n  orig: 177, 148\r\n  offset: 0, 0\r\n  index: -1\r\n00_xiangrikui/yezi\r\n  rotate: true\r\n  xy: 406, 97\r\n  size: 99, 36\r\n  orig: 99, 36\r\n  offset: 0, 0\r\n  index: -1\r\n00_xiangrikui/yezi2\r\n  rotate: false\r\n  xy: 227, 26\r\n  size: 78, 20\r\n  orig: 78, 20\r\n  offset: 0, 0\r\n  index: -1\r\n00_xiangrikui/youye\r\n  rotate: false\r\n  xy: 227, 5\r\n  size: 23, 19\r\n  orig: 23, 19\r\n  offset: 0, 0\r\n  index: -1\r\n00_xiangrikui/zuoye\r\n  rotate: true\r\n  xy: 369, 3\r\n  size: 24, 19\r\n  orig: 24, 19\r\n  offset: 0, 0\r\n  index: -1\r\n",["n02_xiangrikui.png"],{"skeleton":{"hash":"i8ckSMm2mrSqSK64BeKi7mOXLxY","spine":"3.8.99","x":-34.06,"y":-4.16,"width":73.6,"height":85.28,"fps":24,"images":"./library/","audio":"D:/Work/植物大战僵尸2娘化版/动画/娘化版/普通植物/龙骨导出的spine资源/n02_xiangrikui"},"bones":[{"name":"root","x":0.46,"y":-7.38,"scaleX":0.0834,"scaleY":0.0834},{"name":"yezi","parent":"root","x":-3.95,"y":99.16},{"name":"tou","parent":"root","length":478,"rotation":90.02,"x":-19.44,"y":414.4},{"name":"shenti","parent":"root","length":224,"rotation":100.35,"x":0.9,"y":164.7},{"name":"youye","parent":"shenti","length":121,"rotation":-81.98,"x":80.24,"y":-8.91},{"name":"zuoye","parent":"shenti","length":126,"rotation":53.69,"x":85.14,"y":27.05},{"name":"bone","parent":"tou","length":2,"rotation":0.98,"x":242.31,"y":-72.82},{"name":"eye","parent":"bone","rotation":-180,"x":54.75,"y":2.04},{"name":"mouth2","parent":"bone","x":-107.95,"y":-18.11}],"slots":[{"name":"yezi2","bone":"yezi","attachment":"00_xiangrikui/yezi2"},{"name":"yezi","bone":"yezi","attachment":"00_xiangrikui/yezi"},{"name":"youye","bone":"youye","attachment":"00_xiangrikui/youye"},{"name":"shenti","bone":"shenti","attachment":"00_xiangrikui/shenti"},{"name":"zuoye","bone":"zuoye","attachment":"00_xiangrikui/zuoye"},{"name":"tou","bone":"tou","attachment":"00_xiangrikui/tou"},{"name":"00_xiangrikui/mouth","bone":"mouth2","attachment":"00_xiangrikui/mouth"},{"name":"mouth2","bone":"mouth2","attachment":"00_xiangrikui/mouth2"},{"name":"eye","bone":"eye","attachment":"00_xiangrikui/eye"},{"name":"guang","bone":"tou","color":"ffeb9e75","blend":"additive"}],"skins":[{"name":"default","attachments":{"00_xiangrikui/mouth":{"00_xiangrikui/mouth":{"x":27.44,"y":12.71,"rotation":-90,"width":434,"height":87}},"eye":{"00_xiangrikui/eye":{"x":2.76,"y":-0.56,"rotation":90,"width":296,"height":144}},"guang":{"00_xiangrikui/guang":{"x":277.33,"y":-46.93,"rotation":-90.02,"width":1143,"height":1000}},"mouth2":{"00_xiangrikui/mouth2":{"type":"mesh","hull":25,"width":300,"height":97,"uvs":[0,0.19588,0.07483,0.37423,0.17,0.61392,0.27533,0.80773,0.39817,0.96289,0.46333,1,0.6565,1,0.76667,0.84639,0.8545,0.62165,0.92717,0.38969,0.97483,0.21134,1,0.07887,1,0,0.94467,0.00979,0.8695,0.12526,0.78683,0.19588,0.674,0.28041,0.56867,0.34278,0.4835,0.35825,0.37567,0.34278,0.28283,0.27268,0.185,0.22629,0.10983,0.16443,0.05967,0.10206,0.002,0.0634],"triangles":[13,10,11,13,11,12,13,14,10,14,9,10,14,15,9,15,8,9,15,16,8,16,7,8,16,6,7,17,5,6,17,6,16,18,5,17,4,5,18,19,4,18,19,3,4,20,3,19,2,3,20,21,2,20,1,2,21,22,1,21,23,1,22,23,0,1,24,0,23],"vertices":[13.94,155.71,-3.36,133.26,-26.61,104.71,-45.41,73.11,-60.46,36.26,-64.06,16.71,-64.06,-41.24,-49.16,-74.29,-27.36,-100.64,-4.86,-122.44,12.44,-136.74,25.29,-144.29,32.94,-144.29,31.99,-127.69,20.79,-105.14,13.94,-80.34,5.74,-46.49,-0.31,-14.89,-1.81,10.66,-0.31,43.01,6.49,70.86,10.99,100.21,16.99,122.76,23.04,137.81,26.79,155.11],"edges":[0,2,2,4,4,6,6,8,8,10,10,12,12,14,14,16,16,18,18,20,20,22,22,24,24,26,26,28,28,30,30,32,32,34,34,36,36,38,38,40,40,42,42,44,44,46,46,48,48,0]}},"shenti":{"00_xiangrikui/shenti":{"x":115.2,"y":2.36,"rotation":-100.35,"width":101,"height":232}},"tou":{"00_xiangrikui/tou":{"x":277.83,"y":-46.93,"rotation":-90.02,"width":883,"height":739}},"yezi":{"00_xiangrikui/yezi":{"x":-7.66,"y":29.94,"width":496,"height":181}},"yezi2":{"00_xiangrikui/yezi2":{"x":-32.66,"y":99.94,"width":392,"height":99}},"youye":{"00_xiangrikui/youye":{"x":63.37,"y":-5.01,"rotation":-36.12,"width":114,"height":93}},"zuoye":{"00_xiangrikui/zuoye":{"x":62.69,"y":6.03,"rotation":-147.51,"width":119,"height":97}}}}],"events":{"shengchan":{}},"animations":{"daiji":{"slots":{"guang":{"color":[{"color":"ffffff00"}],"attachment":[{"name":"00_xiangrikui/guang"}]},"mouth2":{"attachment":[{"name":null}]}},"bones":{"tou":{"rotate":[{},{"time":0.375,"angle":-0.12},{"time":0.6667,"angle":-1.13},{"time":1,"angle":-0.12},{"time":1.3333}],"translate":[{"x":1.11,"y":-24.4},{"time":0.375,"x":25.07,"y":17.19},{"time":0.6667,"x":54.72,"y":-37.25},{"time":1,"x":25.07,"y":17.19},{"time":1.3333,"x":1.11,"y":-24.4}]},"yezi":{"scale":[{},{"time":0.3333,"y":1.05},{"time":0.6667},{"time":1,"y":1.05},{"time":1.3333}]},"shenti":{"rotate":[{"angle":-3.38},{"time":0.3333,"angle":-6.82},{"time":0.6667,"angle":-14.86},{"time":1,"angle":-6.4},{"time":1.3333,"angle":-3.38}],"scale":[{},{"time":0.3333,"x":1.1},{"time":0.6667},{"time":1,"x":1.1},{"time":1.3333}]},"youye":{"rotate":[{"angle":8.91},{"time":0.6667,"angle":-0.3},{"time":1.3333,"angle":8.91}]},"zuoye":{"rotate":[{"angle":12.66},{"time":0.6667,"angle":10.27},{"time":1.3333,"angle":12.66}]},"bone":{"translate":[{"x":-1.1,"y":10.02},{"time":0.3333,"x":6.96,"y":-0.93},{"time":0.6667,"x":1.38,"y":-12.56},{"time":1,"x":6.96,"y":-0.93},{"time":1.3333,"x":-1.1,"y":10.02}],"scale":[{},{"time":0.6667,"y":0.98},{"time":1.3333}]}}},"shengchan":{"slots":{"guang":{"color":[{"color":"ffffff00","curve":"stepped"},{"time":0.3333,"color":"ffffff00"},{"time":0.5,"color":"ffffff1a"},{"time":0.6667,"color":"ffffff99"},{"time":1.0833,"color":"ffffff00"}],"attachment":[{"name":"00_xiangrikui/guang"}]}},"bones":{"tou":{"translate":[{"x":1.11,"y":-24.4},{"time":0.3333,"x":-0.56,"y":-82.1},{"time":0.5,"x":-0.56,"y":-103.24},{"time":0.6667,"x":-0.56,"y":26.82},{"time":1.375,"x":1.11,"y":-24.4}],"scale":[{},{"time":0.3333,"x":0.95,"y":1.04,"curve":"stepped"},{"time":0.5,"x":0.95,"y":1.04},{"time":0.6667,"x":1.1,"y":0.96},{"time":0.9167}]},"yezi":{"scale":[{},{"time":0.5417,"x":0.95,"y":0.95},{"time":0.7083,"x":1.05,"y":1.05},{"time":1.375}]},"shenti":{"rotate":[{"angle":-3.38}],"translate":[{},{"time":0.5,"y":-15.46},{"time":0.6667,"y":0.5},{"time":1.375}],"scale":[{},{"time":0.5,"x":0.8},{"time":0.6667,"x":1.2},{"time":1.375}]},"youye":{"rotate":[{"angle":8.91},{"time":0.4167,"angle":13.33},{"time":0.6667,"angle":-7.33},{"time":1.375,"angle":8.91}]},"zuoye":{"rotate":[{"angle":12.66},{"time":0.4167,"angle":-5.76},{"time":0.6667,"angle":22.87},{"time":1.375,"angle":12.66}]},"bone":{"translate":[{"x":-1.1,"y":10.02}]},"eye":{"translate":[{"time":0.5},{"time":0.6667,"x":13.86,"y":-0.24},{"time":1}],"scale":[{"time":0.5},{"time":0.6667,"x":1.1,"y":1.05},{"time":1}]}},"deform":{"default":{"mouth2":{"00_xiangrikui/mouth2":[{"offset":2,"vertices":[13.03005,10.63,19.60999,-7.34001,30.09003,0.62999,38.39002,8.27999,40.41003,-0.5,50.17003,-22.17999,44.20004,-16.51997,31.67005,-9.54998,22.83011,-3.24998,12.18006,-0.40999,0.00002,0.00002,0,-0.00002,0.00001,0.00001,0.00002,0.00001,0,0.00002,0.00001,0.00001,0.00006,0,0,0,0.00006,0,0.00007,-0.00002,0.00007,-0.00001,0.00007,-0.00001,-1.83998,2.53]},{"time":0.4583,"offset":12,"vertices":[-0.83997,-1.23999]},{"time":0.625,"offset":2,"vertices":[-0.20995,11.31,-0.80001,19.23999,-7.58997,15.83999,-13.26997,16.11,-17.47997,-1.17,-15.02997,-17.12999,-15.05997,-16.59997,-14.86995,-13.27998,-4.18989,-10.72997,-1.87994,-6.08998]},{"time":1.375,"offset":2,"vertices":[13.03005,10.63,19.60999,-7.34001,30.09003,0.62999,38.39002,8.27999,40.41003,-0.5,50.17003,-22.17999,44.20004,-16.51997,31.67005,-9.54998,22.83011,-3.24998,12.18006,-0.40999,0.00002,0.00002,0,-0.00002,0.00001,0.00001,0.00002,0.00001,0,0.00002,0.00001,0.00001,0.00006,0,0,0,0.00006,0,0.00007,-0.00002,0.00007,-0.00001,0.00007,-0.00001,-1.83998,2.53]}]}}},"drawOrder":[{"offsets":[{"slot":"shenti","offset":-2}]}],"events":[{"time":0.6667,"name":"shengchan"}]}}},[0]]],0,0,[0],[-1],[0]]