[1,["ecpdLyjvZBwrvm+cedCcQy","0bu7keygNAqqFECsVFADM1","674uXgfftA3Y7fZ+hnymoO","2bzXRL1JxPgK/z8DfwDNu0","50ppfyFaRPLKW1HmSderhV","61pJ+SdhtIq5WSCD1g5G/Z","e3Na6WdjJK9LpgWa8SaKIQ","5f6VFeQKFJ2qeM+/G/mHYN","aaupILn8NEQ6Afbsuq05OA","b8Y/ukkCFEVbqbMkusEyvU"],["_parent","node","root","data","_textureSetter","_spriteFrame","shootNode","body","animation","spineAnimation","cornBulletPrefab","butterBulletPrefab","_N$skeletonData"],[["cc.Node",["_name","_groupIndex","_prefab","_parent","_children","_components","_contentSize"],1,4,1,2,9,5],["cc.Node",["_name","_groupIndex","_prefab","_children","_parent","_components"],1,4,12,1,2],"cc.SpriteFrame",["cc.Node",["_name","_children","_components","_prefab","_trs","_parent","_contentSize"],2,2,12,4,7,1,5],["cc.PrefabInfo",["fileId","root","asset"],2,1,1],["261d4+Q1HdGA5w3tjdBw83c",["activeFlash","node","spineAnimation"],2,1,1],["cc.Prefab",["_name"],2],["cc.Node",["_name","_parent","_children","_prefab"],2,1,9,4],["cc.CircleCollider",["_radius","node"],2,1],["fee5cYvFCdESpVzGX06894o",["node"],3,1],["cc.Sprite",["node","_materials","_spriteFrame"],3,1,3,6],["sp.SkeletonData",["_name","_atlasText","textureNames","_skeletonJson","textures"],-1,3],["a554b9cVXhM/bC6YEkbOSS+",["node","animation","body","shootNode","cornBulletPrefab","butterBulletPrefab"],3,1,1,1,1,6,6],["sp.Skeleton",["defaultSkin","defaultAnimation","_preCacheMode","_animationName","node","_materials"],-1,1,3],["cc.BoxCollider",["node","_offset","_size"],3,1,5,5],["96c396uvMtPhLUJFoRD9JmK",["node","body"],3,1,1]],[[4,0,1,2,2],[0,0,3,2,2],[0,0,3,4,2,2],[6,0,2],[4,1,2,1],[0,0,1,4,5,2,3],[0,0,3,5,2,6,2],[7,0,1,2,3,2],[8,0,1,2],[9,0,1],[10,0,1,2,1],[3,0,1,2,3,4,2],[3,0,5,1,2,3,6,2],[1,0,3,2,2],[1,0,4,3,2,2],[1,0,1,4,5,2,3],[11,0,1,2,3,4,5],[12,0,1,2,3,4,5,1],[5,1,2,1],[5,0,1,2,2],[13,0,1,2,3,4,5,5],[14,0,1,2,1],[15,0,1,1]],[[[{"name":"corn_bullet","rect":[0,0,20,22],"offset":[0,0],"originalSize":[20,22],"capInsets":[0,0,0,0]}],[2],0,[0],[4],[1]],[[{"name":"butter_bullet","rect":[0,0,39,43],"offset":[-0.5,0],"originalSize":[40,43],"capInsets":[0,0,0,0]}],[2],0,[0],[4],[2]],[[[3,"CornBullet"],[5,"CornBullet",1,[-4],[[8,20,-2],[9,-3]],[4,-1,0]],[6,"corn_bullet",1,[[10,-5,[0],1]],[0,"82v9G9UWBOmbH/Xaba+b5G",1,0],[5,20,22]]],0,[0,2,1,0,1,1,0,1,1,0,-1,2,0,1,2,0,3,1,5],[0,0],[-1,5],[0,3]],[[[3,"ButterBullet"],[5,"ButterBullet",1,[-4],[[8,25,-2],[9,-3]],[4,-1,0]],[6,"butter_bullet",1,[[10,-5,[0],1]],[0,"7czpbIVqhHQ4xHfg1DJz7M",1,0],[5,39,43]]],0,[0,2,1,0,1,1,0,1,1,0,-1,2,0,1,2,0,3,1,5],[0,0],[-1,5],[0,4]],[[[16,"35_plant","\n35_plant.png\nsize: 512,128\nformat: RGBA8888\nfilter: Linear,Linear\nrepeat: none\nbasket1\n  rotate: true\n  xy: 273, 42\n  size: 84, 41\n  orig: 86, 47\n  offset: 1, 0\n  index: -1\nbasket2\n  rotate: true\n  xy: 227, 42\n  size: 84, 44\n  orig: 84, 46\n  offset: 0, 1\n  index: -1\neye1\n  rotate: true\n  xy: 172, 6\n  size: 22, 14\n  orig: 24, 15\n  offset: 1, 0\n  index: -1\neye2\n  rotate: true\n  xy: 188, 6\n  size: 22, 8\n  orig: 23, 11\n  offset: 1, 2\n  index: -1\neye3\n  rotate: true\n  xy: 368, 21\n  size: 22, 5\n  orig: 24, 11\n  offset: 1, 3\n  index: -1\neyebrow1\n  rotate: false\n  xy: 316, 42\n  size: 31, 13\n  orig: 32, 14\n  offset: 0, 1\n  index: -1\neyebrow2\n  rotate: false\n  xy: 349, 45\n  size: 21, 10\n  orig: 23, 12\n  offset: 1, 1\n  index: -1\nhead\n  rotate: false\n  xy: 2, 4\n  size: 101, 122\n  orig: 102, 123\n  offset: 1, 1\n  index: -1\nleaf1\n  rotate: false\n  xy: 198, 2\n  size: 82, 33\n  orig: 82, 33\n  offset: 0, 0\n  index: -1\nleaf2\n  rotate: false\n  xy: 304, 7\n  size: 62, 33\n  orig: 62, 33\n  offset: 0, 0\n  index: -1\nleaf3\n  rotate: true\n  xy: 316, 57\n  size: 69, 30\n  orig: 70, 31\n  offset: 1, 0\n  index: -1\nleaf4\n  rotate: false\n  xy: 105, 6\n  size: 65, 22\n  orig: 65, 24\n  offset: 0, 1\n  index: -1\nleaf5\n  rotate: false\n  xy: 348, 57\n  size: 43, 20\n  orig: 44, 22\n  offset: 1, 1\n  index: -1\nleaf6\n  rotate: true\n  xy: 282, 3\n  size: 37, 20\n  orig: 39, 20\n  offset: 1, 0\n  index: -1\npr1\n  rotate: false\n  xy: 348, 79\n  size: 45, 47\n  orig: 46, 48\n  offset: 0, 1\n  index: -1\npr2\n  rotate: false\n  xy: 105, 30\n  size: 88, 96\n  orig: 88, 98\n  offset: 0, 1\n  index: -1\nstem\n  rotate: true\n  xy: 195, 37\n  size: 89, 30\n  orig: 89, 31\n  offset: 0, 1\n  index: -1\n",["35_plant.png"],{"skeleton":{"hash":"UBjwNLxi6teNItmoF7t9hUMJjh4","spine":"3.8.99","x":-74.8,"y":-8.7,"width":119.1,"height":89.4},"bones":[{"name":"root"},{"name":"plant","parent":"root","scaleX":0.1,"scaleY":0.1},{"name":"head","parent":"plant","length":355.12,"rotation":90,"x":75,"y":10},{"name":"eye1","parent":"head","x":217.49,"y":-40.31},{"name":"eyebrow1","parent":"head","x":280.07,"y":52.07},{"name":"eyebrow2","parent":"head","x":281.26,"y":-108.85},{"name":"leaf1","parent":"plant","length":261.35,"rotation":-175.38,"x":10.51,"y":-9.66},{"name":"leaf2","parent":"leaf1","length":155.17,"rotation":-16.04,"x":264.77,"y":2.16},{"name":"leaf3","parent":"plant","length":178.58,"rotation":-23.78,"x":66.33,"y":27.55},{"name":"leaf4","parent":"leaf3","length":93.02,"rotation":38.9,"x":176.68,"y":-1.72},{"name":"leaf6","parent":"plant","length":185.76,"rotation":162.51,"x":-155.34,"y":76.9},{"name":"leaf5","parent":"plant","length":199.81,"rotation":15.5,"x":154.51,"y":66.38},{"name":"leaf7","parent":"plant","length":241.98,"rotation":171.73,"x":-153.72,"y":40.5},{"name":"leaf8","parent":"plant","length":270.77,"rotation":13.83,"x":130.24,"y":10.56},{"name":"stem","parent":"head","length":143.13,"rotation":132.71,"x":573.33,"y":49.12,"scaleX":0.1,"scaleY":0.1,"transform":"onlyTranslation"},{"name":"stem2","parent":"stem","length":172.95,"rotation":-152.72,"x":139.7,"y":-0.14,"scaleX":0.1,"scaleY":0.1,"transform":"onlyTranslation"},{"name":"stem3","parent":"stem2","length":109.86,"rotation":177.12,"x":170.79,"y":1.11,"scaleX":0.1,"scaleY":0.1,"transform":"onlyTranslation"},{"name":"basket1","parent":"stem3","length":257.1,"rotation":-171.13,"x":115.02,"y":1.37,"scaleX":0.1,"scaleY":0.1,"transform":"onlyTranslation"},{"name":"pr2","parent":"basket1","rotation":-171.13,"x":174.15,"y":-24.71,"scaleX":0.1,"scaleY":0.1,"transform":"onlyTranslation"}],"slots":[{"name":"leaf6","bone":"leaf6","attachment":"leaf6"},{"name":"leaf5","bone":"leaf5","attachment":"leaf5"},{"name":"head","bone":"head","attachment":"head"},{"name":"basket2","bone":"basket1","attachment":"basket2"},{"name":"pr1","bone":"pr2","attachment":"pr1"},{"name":"pr2","bone":"pr2"},{"name":"basket1","bone":"basket1","attachment":"basket1"},{"name":"stem","bone":"stem","attachment":"stem"},{"name":"leaf4","bone":"leaf7","attachment":"leaf4"},{"name":"leaf3","bone":"leaf8","attachment":"leaf3"},{"name":"leaf2","bone":"leaf3","attachment":"leaf2"},{"name":"leaf1","bone":"leaf1","attachment":"leaf1"},{"name":"eye1","bone":"eye1","attachment":"eye1"},{"name":"eyebrow2","bone":"eyebrow2","attachment":"eyebrow2"},{"name":"eyebrow1","bone":"eyebrow1","attachment":"eyebrow1"}],"skins":[{"name":"default","attachments":{"basket1":{"basket1":{"x":192.86,"y":-22.3,"rotation":171.13,"width":428,"height":235}},"basket2":{"basket2":{"x":193.17,"y":-75.48,"rotation":171.13,"width":421,"height":232}},"eye1":{"eye1":{"x":-0.49,"y":5.81,"rotation":-90,"width":119,"height":76},"eye2":{"x":-1.49,"y":6.81,"rotation":-90,"width":117,"height":54},"eye3":{"x":-1.49,"y":5.31,"rotation":-90,"width":120,"height":54}},"eyebrow1":{"eyebrow1":{"x":0.43,"y":4.93,"rotation":-90,"width":158,"height":69}},"eyebrow2":{"eyebrow2":{"x":2.74,"y":1.85,"rotation":-90,"width":116,"height":58}},"head":{"head":{"x":293,"y":75,"rotation":-90,"width":510,"height":614}},"leaf1":{"leaf1":{"type":"mesh","hull":21,"uvs":[0.01566,0.33371,0.10155,0.33718,0.09135,0.56499,0.14114,0.64335,0.19922,0.64796,0.27021,0.55577,0.42787,0.26996,0.63385,0,0.77306,0.02093,0.93348,0.26756,1,0.51879,0.98787,0.74236,0.84036,0.81842,0.60527,0.72162,0.45038,0.94058,0.32223,0.99129,0.2623,0.99129,0.18486,0.97976,0.08897,0.96132,0.02075,0.86452,0.00415,0.57871,0.30471,0.77463,0.16457,0.79307,0.04933,0.71009,0.52598,0.5234],"triangles":[16,21,15,15,21,14,21,16,22,18,22,17,21,22,4,22,16,17,19,23,18,22,23,3,3,23,2,23,22,18,19,20,23,22,3,4,4,5,21,23,20,2,20,0,2,2,0,1,14,24,13,14,21,24,12,13,8,13,7,8,11,12,10,12,8,9,21,6,24,21,5,6,10,12,9,13,24,7,24,6,7],"vertices":[1,7,131.13,-46.33,1,1,7,96.5,-52.75,1,1,7,93.2,-15.3,1,1,7,70.64,-6.75,1,2,6,307.12,-21.18,0.01189,7,47.15,-10.73,0.98811,2,6,276.89,-33.91,0.51455,7,21.62,-31.31,0.48545,1,6,208.69,-75.43,1,1,6,120.95,-112.76,1,1,6,64.33,-104.75,1,1,6,2.03,-59.14,1,1,6,-21.84,-15.87,1,1,6,-13.94,20.27,1,1,6,47.35,27.84,1,1,6,142.15,4.26,1,2,6,208.34,34.94,0.95908,7,-63.29,15.91,0.04092,2,6,261.38,39,0.22329,7,-13.44,34.47,0.77671,2,6,285.87,37.02,0.00628,7,10.65,39.34,0.99372,1,7,42.14,43.78,1,1,7,81.28,48.6,1,1,7,111.84,38.58,1,1,7,127.79,-6.01,1,1,7,0.64,1.06,1,1,7,56.36,15.41,1,1,7,105.37,11.44,1,1,6,171.94,-30.76,1]}},"leaf2":{"leaf2":{"type":"mesh","hull":21,"uvs":[0.75846,0.56662,0.83087,0.60327,0.82105,0.44978,0.7376,0.33065,0.77441,0.25963,0.94746,0.25963,1,0.51163,0.99655,0.7476,0.90205,0.89651,0.8186,0.96065,0.70937,1,0.6075,0.98356,0.4946,0.90796,0.21232,0.61702,0.05891,0.66054,0,0.39938,0.081,0.11531,0.38414,0,0.60505,0,0.68605,0.33982,0.71919,0.46353,0.702,0.75218,0.81123,0.72698,0.92414,0.59182,0.52773,0.59869],"triangles":[9,10,21,10,11,21,21,22,9,9,22,8,8,22,23,8,23,7,23,22,1,21,0,22,7,23,6,22,0,1,1,2,23,6,23,5,23,2,5,3,4,2,2,4,5,21,11,24,11,12,24,12,13,24,21,20,0,21,24,20,14,15,13,15,16,13,13,17,24,13,16,17,24,19,20,24,18,19,24,17,18],"vertices":[2,8,182.33,33.3,0.4072,9,26.39,23.7,0.5928,2,8,205.18,36.75,0.00902,9,46.34,12.04,0.99098,1,9,50.03,37.28,1,1,9,30.34,62.96,1,1,9,44.35,71.32,1,1,9,95.8,57.41,1,1,9,100.57,13.05,1,1,9,89.39,-24.26,1,1,9,54.88,-40.38,1,1,9,27.3,-43.89,1,1,9,-6.87,-41.38,1,2,8,167.52,-48.41,0.20304,9,-36.45,-30.58,0.79696,2,8,130.67,-51.01,0.73038,9,-66.76,-9.46,0.26962,1,8,31.75,-42.13,1,1,8,-8.59,-67.76,1,1,8,-42.57,-35.64,1,1,8,-38.64,17.31,1,1,8,39.13,72.37,1,1,8,101.4,99.8,1,2,8,146.83,58.55,0.99489,9,14.62,65.65,0.00511,2,8,164.4,43.99,0.88827,9,19.15,43.28,0.11173,2,8,178.76,-1.73,0.30475,9,1.61,-1.32,0.69525,1,9,35.17,-6.08,1,1,9,74.56,6.37,1,2,8,119.43,-0.2,0.99984,9,-43.6,37.13,0.00016]}},"leaf3":{"leaf3":{"x":142.85,"y":-0.21,"rotation":-13.83,"width":348,"height":153}},"leaf4":{"leaf4":{"x":128.71,"y":-11.12,"rotation":-171.73,"width":327,"height":118}},"leaf5":{"leaf5":{"x":106.09,"y":6.5,"rotation":-15.5,"width":220,"height":110}},"leaf6":{"leaf6":{"x":82.21,"y":-2.51,"rotation":-162.51,"width":196,"height":98}},"pr1":{"pr1":{"x":25.94,"y":-84.24,"rotation":171.13,"width":231,"height":238},"pr2":{"x":25.56,"y":-206.65,"rotation":171.13,"width":442,"height":492}},"stem":{"stem":{"type":"mesh","hull":30,"uvs":[0.85259,0.77326,0.84437,0.89415,0.88465,0.95692,0.97672,0.9639,1,0.85695,0.98741,0.74071,0.80375,0.11361,0.75093,0.03512,0.7147,0.00702,0.69064,0.01769,0.65365,0.09673,0.39552,0.51985,0.36263,0.5431,0.32564,0.55472,0.14478,0.53148,0.12999,0.4966,0.08888,0.31527,0,0.47336,0.00668,0.84533,0.06422,0.93832,0.12999,0.84068,0.13821,0.76628,0.15712,0.77791,0.3503,0.81976,0.38483,0.81046,0.42593,0.75699,0.669,0.38966,0.69777,0.35479,0.73641,0.39664,0.84493,0.70119,0.71422,0.1688,0.36812,0.68492,0.11904,0.66864],"triangles":[2,0,5,1,0,2,3,2,5,4,3,5,15,17,16,32,17,15,20,32,21,18,17,32,19,18,32,20,19,32,32,15,14,13,12,31,22,21,32,22,14,13,22,32,14,23,13,31,23,31,24,22,13,23,30,8,7,27,30,28,30,9,8,10,9,30,27,10,30,26,10,27,26,11,10,31,12,11,25,11,26,31,11,25,24,31,25,30,7,6,28,30,6,5,29,6,28,6,29,0,29,5],"vertices":[2,14,28.73,17.47,0.66667,2,582.6,81.45,0.33333,2,14,17.26,33.03,0.33333,2,563.62,85.1,0.66667,1,2,553.76,67.22,1,1,2,552.67,26.34,1,2,14,-25.32,-21.71,0.33333,2,569.46,16,0.66667,3,14,-8.11,-29.98,0.56467,15,-68.08,134.55,0.102,2,587.71,21.59,0.33333,2,14,119.54,-36.84,0.79224,15,-40.74,9.67,0.20776,2,14,144.5,-27.97,0.64098,15,-25.55,-12.04,0.35902,2,14,158.66,-19.14,0.49297,15,-13.28,-23.33,0.50703,2,14,164.67,-10.15,0.4,15,-3.01,-26.74,0.6,2,14,166.69,10.33,0.25,15,17.27,-23.24,0.75,1,15,149.58,-16.74,1,2,15,164.23,-20.19,0.57742,16,5.03,-21.71,0.42258,3,15,179.67,-26.09,0.24409,16,21.34,-19.06,0.72473,17,-95.88,-0.93,0.03118,3,15,249.36,-66.15,0.02494,16,101.72,-18.67,0.81899,17,-17.1,-16.92,0.15607,2,16,108.56,-23.81,0.56617,17,-11.46,-23.34,0.43383,1,17,2.19,-54.28,1,1,17,45.01,-35.85,1,1,17,51.08,22.31,1,1,17,28.09,40.68,1,1,17,-3.13,30.03,1,2,16,102.79,18.29,0.54404,17,-8.53,19.06,0.45596,2,16,94.31,19.69,0.81044,17,-16.55,22.15,0.18956,3,15,189.01,15.91,0.00015,16,8.31,21.94,0.95558,17,-100.28,41.87,0.04426,2,15,174.72,21.64,0.15772,16,-6.92,19.71,0.84228,1,15,154.65,22.54,1,1,15,32.3,20.76,1,2,14,123.63,23.42,0.46879,15,18.43,21.75,0.53121,2,14,107.17,15.27,0.78551,15,6.2,35.45,0.21449,2,14,39.36,12.3,0.98525,15,-14.7,100.03,0.01475,2,14,140.14,-1.75,0.14921,15,-1.44,-0.85,0.85079,2,15,172.27,0.72,0.52179,16,1.48,0.4,0.47821,2,16,112.06,3.41,0.40263,17,-2.49,2.6,0.59737]}}}}],"events":{"attack":{}},"animations":{"attack1":{"slots":{"eye1":{"attachment":[{"time":0.4667,"name":"eye2"},{"time":0.5333,"name":"eye3"},{"time":1.1,"name":"eye1"}]},"pr1":{"attachment":[{"time":0.4333,"name":null},{"time":1.3333,"name":"pr1"}]}},"bones":{"head":{"translate":[{"time":1.3333},{"time":1.5,"x":5.08},{"time":2.1333,"x":2.72},{"time":2.3,"x":3.9},{"time":2.9}],"scale":[{"time":0.3},{"time":0.3333,"x":1.003},{"time":0.4333,"x":1.014,"curve":"stepped"},{"time":1.1,"x":1.014},{"time":1.3333},{"time":1.5,"x":0.981,"y":1.02},{"time":2.1333,"x":0.939,"y":1.041},{"time":2.3,"x":0.952,"y":1.055},{"time":2.9}],"shear":[{},{"time":0.2333,"x":9.84},{"time":0.3,"x":5.98},{"time":0.3333,"x":2.57},{"time":0.4333,"x":-7.63},{"time":0.5333,"x":-8.63},{"time":0.8,"x":-7.13},{"time":1.1,"x":-7.68},{"time":1.3333}]},"eye1":{"translate":[{"time":0.5333},{"time":0.6333,"y":10.67},{"time":0.8,"curve":"stepped"},{"time":1.3333},{"time":1.5,"x":2.55,"y":2.08},{"time":2.1333,"x":-4.71,"y":-6.02},{"time":2.3,"x":-6.3,"y":-1.98},{"time":2.9}],"scale":[{"time":1.3333},{"time":1.5,"x":1.019,"y":0.978},{"time":2.1333}]},"eyebrow1":{"rotate":[{},{"time":0.2333,"angle":7.82},{"time":0.3,"angle":-7.54},{"time":0.3333,"angle":-13.72},{"time":0.4333,"angle":-32.25},{"time":0.5333,"angle":-37.5,"curve":"stepped"},{"time":0.8,"angle":-37.5},{"time":1.1,"angle":-13.26},{"time":1.3333},{"time":1.5,"angle":22.5},{"time":2.1333,"angle":18.69},{"time":2.3}],"translate":[{},{"time":0.2333,"x":30.58,"y":-11.78},{"time":0.3,"x":15.69,"y":-21.39},{"time":0.3333,"x":4.23,"y":-19.59},{"time":0.4333,"x":-30.15,"y":-14.16},{"time":0.5333,"x":-42.54,"y":-19.29},{"time":0.6333,"x":-42.54,"y":-8.62},{"time":0.8,"x":-42.54,"y":-19.29},{"time":1.1,"x":-22.24,"y":6.41},{"time":1.3333},{"time":1.5,"x":11.4,"y":4.55},{"time":2.1333,"x":-7.8,"y":1.25},{"time":2.3,"x":-14.44,"y":1.25},{"time":2.9}],"scale":[{"time":1.3333},{"time":1.5,"x":1.019,"y":0.978},{"time":2.1333}]},"eyebrow2":{"rotate":[{},{"time":0.2333,"angle":-9.65},{"time":0.3,"angle":12.49},{"time":0.3333,"angle":17.49},{"time":0.4333,"angle":32.49},{"time":0.5333,"angle":44.14,"curve":"stepped"},{"time":0.8,"angle":44.14},{"time":1.1,"angle":16.16},{"time":1.3333},{"time":1.5,"angle":-20.46},{"time":2.1333,"angle":-14.35},{"time":2.3}],"translate":[{},{"time":0.2333,"x":35.9,"y":-28.41},{"time":0.3,"x":20.91,"y":-9.46},{"time":0.3333,"x":9.15,"y":-6.21},{"time":0.4333,"x":-26.13,"y":3.55},{"time":0.5333,"x":-36.9,"y":12.71},{"time":0.6333,"x":-36.9,"y":23.38},{"time":0.8,"x":-36.9,"y":12.71},{"time":1.1,"x":-17.45,"y":24.7},{"time":1.3333},{"time":1.5,"x":15.35,"y":8.03},{"time":2.1333,"x":-5.58,"y":3.75},{"time":2.3,"x":-14.44,"y":1.25},{"time":2.9}],"scale":[{"time":1.3333},{"time":1.5,"x":1.019,"y":0.978},{"time":2.1333}]},"leaf1":{"rotate":[{"time":1.3333},{"time":1.6,"angle":-1.63},{"time":2.1333},{"time":2.3667,"angle":1.31},{"time":2.9}],"translate":[{},{"time":0.2333,"y":10.24},{"time":0.3},{"time":0.3333,"y":-0.39},{"time":0.4333,"y":-1.55,"curve":"stepped"},{"time":1.1,"y":-1.55},{"time":1.3333},{"time":1.6,"y":10.6},{"time":2.1333},{"time":2.3667,"y":-3.3},{"time":2.9}],"scale":[{},{"time":0.2333,"x":0.916,"y":1.054},{"time":0.3},{"time":0.3333,"x":1.034,"y":0.981},{"time":0.4333,"x":1.136,"y":0.926,"curve":"stepped"},{"time":1.1,"x":1.136,"y":0.926},{"time":1.3333},{"time":1.6,"x":0.926},{"time":2.1333,"x":1.055},{"time":2.3667,"x":1.095,"y":0.941},{"time":2.9}]},"leaf2":{"rotate":[{},{"time":0.2333,"angle":-7.17},{"time":0.3},{"time":0.3333,"angle":0.88},{"time":0.4333,"angle":3.5,"curve":"stepped"},{"time":1.1,"angle":3.5},{"time":1.3333},{"time":1.6,"angle":-18.07},{"time":2.1333},{"time":2.3667,"angle":10.94},{"time":2.9}],"scale":[{},{"time":0.2333,"x":1.005,"y":1.005},{"time":0.3}]},"leaf3":{"rotate":[{"time":0.3},{"time":0.3333,"angle":0.52},{"time":0.4333,"angle":2.1,"curve":"stepped"},{"time":1.1,"angle":2.1},{"time":1.3333},{"time":1.6,"angle":2.22},{"time":2.1333},{"time":2.3667,"angle":-1.49},{"time":2.9}],"translate":[{},{"time":0.2333,"y":10.24},{"time":0.3},{"time":0.3333,"y":-0.39},{"time":0.4333,"y":-1.55,"curve":"stepped"},{"time":1.1,"y":-1.55},{"time":1.3333},{"time":1.6,"y":10.6},{"time":2.1333},{"time":2.3667,"y":-3.3},{"time":2.9}],"scale":[{},{"time":0.2333,"x":0.916,"y":1.054},{"time":0.3},{"time":0.3333,"x":1.039,"y":0.981},{"time":0.4333,"x":1.154,"y":0.926,"curve":"stepped"},{"time":1.1,"x":1.154,"y":0.926},{"time":1.3333},{"time":1.6,"x":0.95},{"time":2.1333,"x":1.055},{"time":2.3667,"x":1.131,"y":0.941},{"time":2.9}]},"leaf4":{"rotate":[{},{"time":0.2333,"angle":7.14},{"time":0.3},{"time":0.3333,"angle":0.41},{"time":0.4333,"angle":1.64,"curve":"stepped"},{"time":1.1,"angle":1.64},{"time":1.3333},{"time":1.6,"angle":12.12},{"time":2.1333},{"time":2.3667,"angle":-4.79},{"time":2.9}]},"leaf6":{"rotate":[{},{"time":0.2333,"angle":-8.04},{"time":0.3},{"time":0.3333,"angle":0.73},{"time":0.4333,"angle":2.93,"curve":"stepped"},{"time":1.1,"angle":2.93},{"time":1.3333},{"time":1.6,"angle":-6.79},{"time":2.1333},{"time":2.3667,"angle":6.88},{"time":2.9}],"translate":[{},{"time":0.2333,"y":10.24},{"time":0.3},{"time":0.3333,"y":-0.39},{"time":0.4333,"y":-1.55,"curve":"stepped"},{"time":1.1,"y":-1.55},{"time":1.3333},{"time":1.6,"x":1.14,"y":15.96},{"time":2.1333},{"time":2.3667,"y":-3.3},{"time":2.9}],"scale":[{},{"time":0.2333,"x":0.916,"y":1.054},{"time":0.3},{"time":0.3333,"x":1.034,"y":0.981},{"time":0.4333,"x":1.136,"y":0.926,"curve":"stepped"},{"time":1.1,"x":1.136,"y":0.926},{"time":1.3333},{"time":1.6,"x":0.947},{"time":2.1333,"x":1.055},{"time":2.3667,"x":1.17,"y":0.941},{"time":2.9}]},"leaf5":{"rotate":[{},{"time":0.2333,"angle":2.38},{"time":0.3},{"time":0.3333,"angle":-0.99},{"time":0.4333,"angle":-3.95,"curve":"stepped"},{"time":1.1,"angle":-3.95},{"time":1.3333},{"time":1.6,"angle":6.03},{"time":2.1333},{"time":2.3667,"angle":-3.31},{"time":2.9}],"translate":[{},{"time":0.2333,"x":-6.4,"y":19.2},{"time":0.3},{"time":0.3333,"y":-0.39},{"time":0.4333,"y":-1.55,"curve":"stepped"},{"time":1.1,"y":-1.55},{"time":1.3333},{"time":1.6,"y":9.12},{"time":2.1333},{"time":2.3667,"y":-8.8},{"time":2.9}],"scale":[{},{"time":0.2333,"x":0.916,"y":1.054},{"time":0.3},{"time":0.3333,"x":1.034,"y":0.981},{"time":0.4333,"x":1.136,"y":0.926,"curve":"stepped"},{"time":1.1,"x":1.136,"y":0.926},{"time":1.3333},{"time":1.6,"x":0.96,"y":1.02},{"time":2.1333,"x":1.055},{"time":2.3667,"x":1.107,"y":0.941},{"time":2.9}]},"leaf7":{"rotate":[{},{"time":0.2333,"angle":-5.56},{"time":0.3},{"time":0.3333,"angle":0.49},{"time":0.4333,"angle":1.95,"curve":"stepped"},{"time":1.1,"angle":1.95},{"time":1.3333},{"time":1.6,"angle":-6.11},{"time":2.1333},{"time":2.3667,"angle":1.31},{"time":2.9}],"translate":[{},{"time":0.2333,"y":10.24},{"time":0.3},{"time":0.3333,"y":-0.39},{"time":0.4333,"y":-1.55,"curve":"stepped"},{"time":1.1,"y":-1.55},{"time":1.3333},{"time":1.6,"x":1.14,"y":15.96},{"time":2.1333},{"time":2.3667,"y":-6.6},{"time":2.9}],"scale":[{},{"time":0.2333,"x":0.916,"y":1.054},{"time":0.3},{"time":0.3333,"x":1.034,"y":0.981},{"time":0.4333,"x":1.136,"y":0.926,"curve":"stepped"},{"time":1.1,"x":1.136,"y":0.926},{"time":1.3333},{"time":1.6,"x":0.903},{"time":2.1333,"x":1.055},{"time":2.3667,"x":1.14,"y":0.941},{"time":2.9}]},"leaf8":{"rotate":[{},{"time":0.2333,"angle":5.53},{"time":0.3},{"time":0.3333,"angle":-0.38},{"time":0.4333,"angle":-1.51,"curve":"stepped"},{"time":1.1,"angle":-1.51},{"time":1.3333},{"time":1.6,"angle":3.89},{"time":2.1333},{"time":2.3667,"angle":-4.64},{"time":2.9}],"translate":[{},{"time":0.2333,"y":10.24},{"time":0.3},{"time":0.3333,"y":-0.39},{"time":0.4333,"y":-1.55,"curve":"stepped"},{"time":1.1,"y":-1.55},{"time":1.3333},{"time":1.6,"y":9.12},{"time":2.1333},{"time":2.3667,"y":-5.5},{"time":2.9}],"scale":[{},{"time":0.2333,"x":0.916,"y":1.054},{"time":0.3},{"time":0.3333,"x":1.034,"y":0.981},{"time":0.4333,"x":1.136,"y":0.926,"curve":"stepped"},{"time":1.1,"x":1.136,"y":0.926},{"time":1.3333},{"time":1.6,"x":0.915},{"time":2.1333,"x":1.055},{"time":2.3667,"x":1.156,"y":0.941},{"time":2.9}]},"stem":{"rotate":[{},{"time":0.2333,"angle":26.24,"curve":"stepped"},{"time":0.3,"angle":26.24},{"time":0.3333,"angle":13.79},{"time":0.3667,"angle":-5.5},{"time":0.4,"angle":-26.15},{"time":0.4333,"angle":-42.7},{"time":0.5333,"angle":-45.12},{"time":0.8,"angle":-43.93},{"time":1.1,"angle":-46.45},{"time":1.2333,"angle":-27.37},{"time":1.3333},{"time":1.5,"angle":-2.01},{"time":2.1333,"angle":-5.32},{"time":2.3,"angle":2.43},{"time":2.9}],"translate":[{"time":0.2333},{"time":0.3,"x":4.95,"y":19.16},{"time":0.3333,"x":8.6,"y":18.07},{"time":0.3667,"x":5.73,"y":12.05},{"time":0.4,"x":2.87,"y":6.02},{"time":0.4333,"curve":"stepped"},{"time":1.3333},{"time":1.5,"x":10.81,"y":4.61},{"time":2.1333}],"scale":[{"time":1.3333},{"time":1.5,"x":1.019,"y":0.978},{"time":2.1333}]},"stem2":{"rotate":[{},{"time":0.2333,"angle":28.12},{"time":0.3,"angle":26.99},{"time":0.3333,"angle":-8.71},{"time":0.3667,"angle":-37.56},{"time":0.4,"angle":-82.76},{"time":0.4333,"angle":-115.82},{"time":0.5333,"angle":-121.46},{"time":0.8,"angle":-115.15},{"time":1.1,"angle":-117.52},{"time":1.2333,"angle":-58.76},{"time":1.3333},{"time":1.5,"angle":-4.07},{"time":2.1333,"angle":10.28},{"time":2.3,"angle":8.15},{"time":2.9}],"translate":[{"time":0.2333},{"time":0.3,"x":4.06,"y":13.42},{"time":0.3333,"x":5.27,"y":8.83},{"time":0.3667,"x":11.2,"y":0.66},{"time":0.4,"x":7.7,"y":-0.36},{"time":0.4333,"x":8.91,"y":-4.95,"curve":"stepped"},{"time":1.1,"x":8.91,"y":-4.95},{"time":1.1333,"x":0.6,"y":-4.79},{"time":1.1667,"x":-2.66,"y":-6.11},{"time":1.2333,"x":3.38,"y":-2.8},{"time":1.3333}],"scale":[{"time":1.2333},{"time":1.2667,"x":0.833},{"time":1.3,"x":0.864},{"time":1.3333}]},"stem3":{"rotate":[{},{"time":0.2333,"angle":51.3,"curve":"stepped"},{"time":0.3,"angle":51.3},{"time":0.3333,"angle":41.93},{"time":0.3667,"angle":-0.88},{"time":0.4,"angle":-39.4},{"time":0.4333,"angle":-86.49},{"time":0.5333,"angle":-107.9},{"time":0.8,"angle":-85.57},{"time":1.1,"angle":-95.96},{"time":1.2333,"angle":-41.94},{"time":1.3,"angle":-6.49},{"time":1.3333},{"time":1.5,"angle":-8.18},{"time":2.1333,"angle":8.11},{"time":2.3,"angle":26.09},{"time":2.9}],"translate":[{"time":0.2333},{"time":0.3,"x":1,"y":0.72},{"time":0.3333,"x":0.75,"y":0.54},{"time":0.3667,"x":0.5,"y":0.36},{"time":0.4,"x":22.28,"y":7.6},{"time":0.4333},{"time":0.5333,"x":2.79,"y":0.2,"curve":"stepped"},{"time":1.1,"x":2.79,"y":0.2},{"time":1.1333,"x":-28.57,"y":5.88},{"time":1.1667,"x":-30.97,"y":7.74},{"time":1.2333,"x":2.83,"y":0.37},{"time":1.3333}],"scale":[{"time":1.2333},{"time":1.2667,"x":0.899},{"time":1.3,"x":0.844},{"time":1.3333}]},"basket1":{"rotate":[{},{"time":0.2333,"angle":35.89},{"time":0.3,"angle":43.61},{"time":0.3333,"angle":36.42},{"time":0.3667,"angle":1.89},{"time":0.4,"angle":-42.11},{"time":0.4333,"angle":-88.89},{"time":0.5333,"angle":-107.9},{"time":0.8,"angle":-90.31},{"time":1.1,"angle":-98.96},{"time":1.2333,"angle":-47.49},{"time":1.3333},{"time":1.5,"angle":-12.33},{"time":2.1333,"angle":18.74,"curve":"stepped"},{"time":2.3,"angle":18.74},{"time":2.9}],"translate":[{"time":0.2333},{"time":0.3,"x":-3.07,"y":-7.66},{"time":0.3333,"x":-4.2,"y":-12.77},{"time":0.3667,"x":0.58,"y":5.19},{"time":0.4,"x":3.37,"y":-0.65},{"time":0.4333,"x":-4.95,"y":0.05,"curve":"stepped"},{"time":1.1,"x":-4.95,"y":0.05},{"time":1.1333,"x":-18.01,"y":4.75},{"time":1.2333,"x":-18.28,"y":9.98},{"time":1.3333}]},"pr2":{"rotate":[{},{"time":0.2333,"angle":46.18},{"time":0.3,"angle":54},{"time":0.3333,"angle":40.37},{"time":0.3667,"angle":26.85},{"time":0.4,"angle":-23.36},{"time":0.4333,"angle":-99.19,"curve":"stepped"},{"time":1.1,"angle":-99.19},{"time":1.2333,"angle":-49.59},{"time":1.3333},{"time":1.5,"angle":-32},{"time":2.1333,"angle":2.13},{"time":2.3,"angle":23.2},{"time":2.9}],"translate":[{"time":0.2333},{"time":0.3,"x":-2.63,"y":-6.67},{"time":0.3333,"x":-7.54,"y":-9.13},{"time":0.3667,"x":-62.88,"y":18.46},{"time":0.4,"x":-82.78,"y":-75.67},{"time":0.4333,"curve":"stepped"},{"time":1.3333},{"time":1.5,"x":13.21,"y":-8.11},{"time":2.1333,"x":14.97,"y":2.24},{"time":2.3,"x":9,"y":-6.63},{"time":2.9}]}},"events":[{"time":0.4333,"name":"attack"}]},"attack2":{"slots":{"eye1":{"attachment":[{"time":0.5,"name":"eye2"},{"time":0.5333,"name":"eye3"},{"time":1.1,"name":"eye1"}]},"pr1":{"attachment":[{"name":"pr2"},{"time":0.4333,"name":null},{"time":1.3333,"name":"pr2"}]}},"bones":{"head":{"translate":[{"time":1.3333},{"time":1.5,"x":5.08},{"time":2.1333,"x":2.72},{"time":2.3,"x":3.9},{"time":2.9}],"scale":[{"time":0.3},{"time":0.3333,"x":1.003},{"time":0.4333,"x":1.014,"curve":"stepped"},{"time":1.1,"x":1.014},{"time":1.3333},{"time":1.5,"x":0.981,"y":1.02},{"time":2.1333,"x":0.939,"y":1.041},{"time":2.3,"x":0.952,"y":1.055},{"time":2.9}],"shear":[{},{"time":0.2,"x":9.84},{"time":0.3,"x":5.98},{"time":0.3333,"x":2.57},{"time":0.4333,"x":-7.63},{"time":0.5333,"x":-8.63},{"time":0.8,"x":-7.13},{"time":1.1,"x":-7.68},{"time":1.3333}]},"eye1":{"translate":[{"time":0.5333},{"time":0.6,"y":10.67},{"time":0.8,"curve":"stepped"},{"time":1.3333},{"time":1.5,"x":2.55,"y":2.08},{"time":2.1333,"x":-4.71,"y":-6.02},{"time":2.3,"x":-6.3,"y":-1.98},{"time":2.9}],"scale":[{"time":1.3333},{"time":1.5,"x":1.019,"y":0.978},{"time":2.1333}]},"eyebrow1":{"rotate":[{},{"time":0.2,"angle":7.82},{"time":0.3,"angle":-7.54},{"time":0.3333,"angle":-13.72},{"time":0.4333,"angle":-32.25},{"time":0.5333,"angle":-37.5,"curve":"stepped"},{"time":0.8,"angle":-37.5},{"time":1.1,"angle":-13.26},{"time":1.3333},{"time":1.5,"angle":22.5},{"time":2.1333,"angle":18.69},{"time":2.3}],"translate":[{},{"time":0.2,"x":30.58,"y":-11.78},{"time":0.3,"x":15.69,"y":-21.39},{"time":0.3333,"x":4.23,"y":-19.59},{"time":0.4333,"x":-30.15,"y":-14.16},{"time":0.5333,"x":-42.54,"y":-19.29},{"time":0.6,"x":-42.54,"y":-8.62},{"time":0.8,"x":-42.54,"y":-19.29},{"time":1.1,"x":-22.24,"y":6.41},{"time":1.3333},{"time":1.5,"x":11.4,"y":4.55},{"time":2.1333,"x":-7.8,"y":1.25},{"time":2.3,"x":-14.44,"y":1.25},{"time":2.9}],"scale":[{"time":1.3333},{"time":1.5,"x":1.019,"y":0.978},{"time":2.1333}]},"eyebrow2":{"rotate":[{},{"time":0.2,"angle":-9.65},{"time":0.3,"angle":12.49},{"time":0.3333,"angle":17.49},{"time":0.4333,"angle":32.49},{"time":0.5333,"angle":44.14,"curve":"stepped"},{"time":0.8,"angle":44.14},{"time":1.1,"angle":16.16},{"time":1.3333},{"time":1.5,"angle":-20.46},{"time":2.1333,"angle":-14.35},{"time":2.3}],"translate":[{},{"time":0.2,"x":35.9,"y":-28.41},{"time":0.3,"x":20.91,"y":-9.46},{"time":0.3333,"x":9.15,"y":-6.21},{"time":0.4333,"x":-26.13,"y":3.55},{"time":0.5333,"x":-36.9,"y":12.71},{"time":0.6,"x":-36.9,"y":23.38},{"time":0.8,"x":-36.9,"y":12.71},{"time":1.1,"x":-17.45,"y":24.7},{"time":1.3333},{"time":1.5,"x":15.35,"y":8.03},{"time":2.1333,"x":-5.58,"y":3.75},{"time":2.3,"x":-14.44,"y":1.25},{"time":2.9}],"scale":[{"time":1.3333},{"time":1.5,"x":1.019,"y":0.978},{"time":2.1333}]},"leaf1":{"rotate":[{"time":1.3333},{"time":1.6,"angle":-1.63},{"time":2.1333},{"time":2.3667,"angle":1.31},{"time":2.9}],"translate":[{},{"time":0.2,"y":10.24},{"time":0.3},{"time":0.3333,"y":-0.39},{"time":0.4333,"y":-1.55,"curve":"stepped"},{"time":1.1,"y":-1.55},{"time":1.3333},{"time":1.6,"y":10.6},{"time":2.1333},{"time":2.3667,"y":-3.3},{"time":2.9}],"scale":[{},{"time":0.2,"x":0.916,"y":1.054},{"time":0.3},{"time":0.3333,"x":1.034,"y":0.981},{"time":0.4333,"x":1.136,"y":0.926,"curve":"stepped"},{"time":1.1,"x":1.136,"y":0.926},{"time":1.3333},{"time":1.6,"x":0.926},{"time":2.1333,"x":1.055},{"time":2.3667,"x":1.095,"y":0.941},{"time":2.9}]},"leaf2":{"rotate":[{},{"time":0.2,"angle":-7.17},{"time":0.3},{"time":0.3333,"angle":0.88},{"time":0.4333,"angle":3.5,"curve":"stepped"},{"time":1.1,"angle":3.5},{"time":1.3333},{"time":1.6,"angle":-18.07},{"time":2.1333},{"time":2.3667,"angle":10.94},{"time":2.9}],"scale":[{},{"time":0.2,"x":1.005,"y":1.005},{"time":0.3}]},"leaf3":{"rotate":[{"time":0.3},{"time":0.3333,"angle":0.52},{"time":0.4333,"angle":2.1,"curve":"stepped"},{"time":1.1,"angle":2.1},{"time":1.3333},{"time":1.6,"angle":2.22},{"time":2.1333},{"time":2.3667,"angle":-1.49},{"time":2.9}],"translate":[{},{"time":0.2,"y":10.24},{"time":0.3},{"time":0.3333,"y":-0.39},{"time":0.4333,"y":-1.55,"curve":"stepped"},{"time":1.1,"y":-1.55},{"time":1.3333},{"time":1.6,"y":10.6},{"time":2.1333},{"time":2.3667,"y":-3.3},{"time":2.9}],"scale":[{},{"time":0.2,"x":0.916,"y":1.054},{"time":0.3},{"time":0.3333,"x":1.039,"y":0.981},{"time":0.4333,"x":1.154,"y":0.926,"curve":"stepped"},{"time":1.1,"x":1.154,"y":0.926},{"time":1.3333},{"time":1.6,"x":0.95},{"time":2.1333,"x":1.055},{"time":2.3667,"x":1.131,"y":0.941},{"time":2.9}]},"leaf4":{"rotate":[{},{"time":0.2,"angle":7.14},{"time":0.3},{"time":0.3333,"angle":0.41},{"time":0.4333,"angle":1.64,"curve":"stepped"},{"time":1.1,"angle":1.64},{"time":1.3333},{"time":1.6,"angle":12.12},{"time":2.1333},{"time":2.3667,"angle":-4.79},{"time":2.9}]},"leaf6":{"rotate":[{},{"time":0.2,"angle":-8.04},{"time":0.3},{"time":0.3333,"angle":0.73},{"time":0.4333,"angle":2.93,"curve":"stepped"},{"time":1.1,"angle":2.93},{"time":1.3333},{"time":1.6,"angle":-6.79},{"time":2.1333},{"time":2.3667,"angle":6.88},{"time":2.9}],"translate":[{},{"time":0.2,"y":10.24},{"time":0.3},{"time":0.3333,"y":-0.39},{"time":0.4333,"y":-1.55,"curve":"stepped"},{"time":1.1,"y":-1.55},{"time":1.3333},{"time":1.6,"x":1.14,"y":15.96},{"time":2.1333},{"time":2.3667,"y":-3.3},{"time":2.9}],"scale":[{},{"time":0.2,"x":0.916,"y":1.054},{"time":0.3},{"time":0.3333,"x":1.034,"y":0.981},{"time":0.4333,"x":1.136,"y":0.926,"curve":"stepped"},{"time":1.1,"x":1.136,"y":0.926},{"time":1.3333},{"time":1.6,"x":0.947},{"time":2.1333,"x":1.055},{"time":2.3667,"x":1.17,"y":0.941},{"time":2.9}]},"leaf5":{"rotate":[{},{"time":0.2,"angle":2.38},{"time":0.3},{"time":0.3333,"angle":-0.99},{"time":0.4333,"angle":-3.95,"curve":"stepped"},{"time":1.1,"angle":-3.95},{"time":1.3333},{"time":1.6,"angle":6.03},{"time":2.1333},{"time":2.3667,"angle":-3.31},{"time":2.9}],"translate":[{},{"time":0.2,"x":-6.4,"y":19.2},{"time":0.3},{"time":0.3333,"y":-0.39},{"time":0.4333,"y":-1.55,"curve":"stepped"},{"time":1.1,"y":-1.55},{"time":1.3333},{"time":1.6,"y":9.12},{"time":2.1333},{"time":2.3667,"y":-8.8},{"time":2.9}],"scale":[{},{"time":0.2,"x":0.916,"y":1.054},{"time":0.3},{"time":0.3333,"x":1.034,"y":0.981},{"time":0.4333,"x":1.136,"y":0.926,"curve":"stepped"},{"time":1.1,"x":1.136,"y":0.926},{"time":1.3333},{"time":1.6,"x":0.96,"y":1.02},{"time":2.1333,"x":1.055},{"time":2.3667,"x":1.107,"y":0.941},{"time":2.9}]},"leaf7":{"rotate":[{},{"time":0.2,"angle":-5.56},{"time":0.3},{"time":0.3333,"angle":0.49},{"time":0.4333,"angle":1.95,"curve":"stepped"},{"time":1.1,"angle":1.95},{"time":1.3333},{"time":1.6,"angle":-6.11},{"time":2.1333},{"time":2.3667,"angle":1.31},{"time":2.9}],"translate":[{},{"time":0.2,"y":10.24},{"time":0.3},{"time":0.3333,"y":-0.39},{"time":0.4333,"y":-1.55,"curve":"stepped"},{"time":1.1,"y":-1.55},{"time":1.3333},{"time":1.6,"x":1.14,"y":15.96},{"time":2.1333},{"time":2.3667,"y":-6.6},{"time":2.9}],"scale":[{},{"time":0.2,"x":0.916,"y":1.054},{"time":0.3},{"time":0.3333,"x":1.034,"y":0.981},{"time":0.4333,"x":1.136,"y":0.926,"curve":"stepped"},{"time":1.1,"x":1.136,"y":0.926},{"time":1.3333},{"time":1.6,"x":0.903},{"time":2.1333,"x":1.055},{"time":2.3667,"x":1.14,"y":0.941},{"time":2.9}]},"leaf8":{"rotate":[{},{"time":0.2,"angle":5.53},{"time":0.3},{"time":0.3333,"angle":-0.38},{"time":0.4333,"angle":-1.51,"curve":"stepped"},{"time":1.1,"angle":-1.51},{"time":1.3333},{"time":1.6,"angle":3.89},{"time":2.1333},{"time":2.3667,"angle":-4.64},{"time":2.9}],"translate":[{},{"time":0.2,"y":10.24},{"time":0.3},{"time":0.3333,"y":-0.39},{"time":0.4333,"y":-1.55,"curve":"stepped"},{"time":1.1,"y":-1.55},{"time":1.3333},{"time":1.6,"y":9.12},{"time":2.1333},{"time":2.3667,"y":-5.5},{"time":2.9}],"scale":[{},{"time":0.2,"x":0.916,"y":1.054},{"time":0.3},{"time":0.3333,"x":1.034,"y":0.981},{"time":0.4333,"x":1.136,"y":0.926,"curve":"stepped"},{"time":1.1,"x":1.136,"y":0.926},{"time":1.3333},{"time":1.6,"x":0.915},{"time":2.1333,"x":1.055},{"time":2.3667,"x":1.156,"y":0.941},{"time":2.9}]},"stem":{"rotate":[{},{"time":0.2,"angle":26.24,"curve":"stepped"},{"time":0.3,"angle":26.24},{"time":0.3333,"angle":13.79},{"time":0.3667,"angle":-5.5},{"time":0.4,"angle":-26.15},{"time":0.4333,"angle":-42.7},{"time":0.5333,"angle":-45.12},{"time":0.8,"angle":-43.93},{"time":1.1,"angle":-46.45},{"time":1.2333,"angle":-27.37},{"time":1.3333},{"time":1.5,"angle":-2.01},{"time":2.1333,"angle":-5.32},{"time":2.3,"angle":2.43},{"time":2.9}],"translate":[{"time":0.2},{"time":0.3,"x":4.95,"y":19.16},{"time":0.3333,"x":8.6,"y":18.07},{"time":0.3667,"x":5.73,"y":12.05},{"time":0.4,"x":2.87,"y":6.02},{"time":0.4333,"curve":"stepped"},{"time":1.3333},{"time":1.5,"x":10.81,"y":4.61},{"time":2.1333}],"scale":[{"time":1.3333},{"time":1.5,"x":1.019,"y":0.978},{"time":2.1333}]},"stem2":{"rotate":[{},{"time":0.2,"angle":28.12},{"time":0.3,"angle":26.99},{"time":0.3333,"angle":-8.71},{"time":0.3667,"angle":-37.56},{"time":0.4,"angle":-82.76},{"time":0.4333,"angle":-115.82},{"time":0.5333,"angle":-121.46},{"time":0.8,"angle":-115.15},{"time":1.1,"angle":-117.52},{"time":1.2333,"angle":-58.76},{"time":1.3333},{"time":1.5,"angle":-4.07},{"time":2.1333,"angle":10.28},{"time":2.3,"angle":8.15},{"time":2.9}],"translate":[{"time":0.2},{"time":0.3,"x":4.06,"y":13.42},{"time":0.3333,"x":5.27,"y":8.83},{"time":0.3667,"x":11.2,"y":0.66},{"time":0.4,"x":7.7,"y":-0.36},{"time":0.4333,"x":8.91,"y":-4.95,"curve":"stepped"},{"time":1.1,"x":8.91,"y":-4.95},{"time":1.1333,"x":0.6,"y":-4.79},{"time":1.1667,"x":-2.66,"y":-6.11},{"time":1.2333,"x":3.38,"y":-2.8},{"time":1.3333}],"scale":[{"time":1.2333},{"time":1.2667,"x":0.833},{"time":1.3,"x":0.864},{"time":1.3333}]},"stem3":{"rotate":[{},{"time":0.2,"angle":51.3,"curve":"stepped"},{"time":0.3,"angle":51.3},{"time":0.3333,"angle":41.93},{"time":0.3667,"angle":-0.88},{"time":0.4,"angle":-39.4},{"time":0.4333,"angle":-86.49},{"time":0.5333,"angle":-107.9},{"time":0.8,"angle":-85.57},{"time":1.1,"angle":-95.96},{"time":1.2333,"angle":-41.94},{"time":1.3,"angle":-6.49},{"time":1.3333},{"time":1.5,"angle":-8.18},{"time":2.1333,"angle":8.11},{"time":2.3,"angle":26.09},{"time":2.9}],"translate":[{"time":0.2},{"time":0.3,"x":1,"y":0.72},{"time":0.3333,"x":0.75,"y":0.54},{"time":0.3667,"x":0.5,"y":0.36},{"time":0.4,"x":22.28,"y":7.6},{"time":0.4333},{"time":0.5333,"x":2.79,"y":0.2,"curve":"stepped"},{"time":1.1,"x":2.79,"y":0.2},{"time":1.1333,"x":-28.57,"y":5.88},{"time":1.1667,"x":-30.97,"y":7.74},{"time":1.2333,"x":2.83,"y":0.37},{"time":1.3333}],"scale":[{"time":1.2333},{"time":1.2667,"x":0.899},{"time":1.3,"x":0.844},{"time":1.3333}]},"basket1":{"rotate":[{},{"time":0.2,"angle":35.89},{"time":0.3,"angle":43.61},{"time":0.3333,"angle":36.42},{"time":0.3667,"angle":1.89},{"time":0.4,"angle":-42.11},{"time":0.4333,"angle":-88.89},{"time":0.5333,"angle":-107.9},{"time":0.8,"angle":-90.31},{"time":1.1,"angle":-98.96},{"time":1.2333,"angle":-47.49},{"time":1.3333},{"time":1.5,"angle":-12.33},{"time":2.1333,"angle":18.74,"curve":"stepped"},{"time":2.3,"angle":18.74},{"time":2.9}],"translate":[{"time":0.2},{"time":0.3,"x":-3.07,"y":-7.66},{"time":0.3333,"x":-4.2,"y":-12.77},{"time":0.3667,"x":0.58,"y":5.19},{"time":0.4,"x":3.37,"y":-0.65},{"time":0.4333,"x":-4.95,"y":0.05,"curve":"stepped"},{"time":1.1,"x":-4.95,"y":0.05},{"time":1.1333,"x":-18.01,"y":4.75},{"time":1.2333,"x":-18.28,"y":9.98},{"time":1.3333}]},"pr2":{"rotate":[{},{"time":0.2,"angle":44.77},{"time":0.3,"angle":63.61},{"time":0.3333,"angle":36.18},{"time":0.3667,"angle":-12.43},{"time":0.4,"angle":-62.13},{"time":0.4333,"angle":-99.19,"curve":"stepped"},{"time":1.1,"angle":-99.19},{"time":1.2333,"angle":-49.59},{"time":1.3333,"curve":"stepped"},{"time":1.5},{"time":2.1333,"angle":-1.73,"curve":"stepped"},{"time":2.3,"angle":-1.73},{"time":2.9}],"translate":[{},{"time":0.2,"x":-24.94,"y":-2.18},{"time":0.3,"x":-37.49,"y":-9.97},{"time":0.3333,"x":-5.48,"y":-13.3},{"time":0.3667,"x":32.62,"y":40.72},{"time":0.4,"x":-9.81,"y":-77.06},{"time":0.4333,"curve":"stepped"},{"time":1.3333},{"time":1.5,"x":-14.11,"y":11.09},{"time":2.1333,"x":54.86,"y":11.66},{"time":2.3,"x":52.04,"y":3.05},{"time":2.9}]}},"events":[{"time":0.4333,"name":"attack"}]},"idle1":{"bones":{"head":{"translate":[{},{"time":0.1333,"x":5.08},{"time":0.6,"x":2.72},{"time":0.7333,"x":3.9},{"time":1.2}],"scale":[{},{"time":0.1333,"x":0.981,"y":1.02},{"time":0.6,"x":0.939,"y":1.041},{"time":0.7333,"x":0.952,"y":1.055},{"time":1.2}]},"eye1":{"translate":[{},{"time":0.1333,"x":2.55,"y":2.08},{"time":0.6,"x":-4.71,"y":-6.02},{"time":0.7333,"x":-6.3,"y":-1.98},{"time":1.2}],"scale":[{},{"time":0.1333,"x":1.019,"y":0.978},{"time":0.6}]},"eyebrow1":{"rotate":[{},{"time":0.1333,"angle":22.5},{"time":0.6,"angle":18.69},{"time":0.7333}],"translate":[{},{"time":0.1333,"x":11.4,"y":4.55},{"time":0.6,"x":-7.8,"y":1.25},{"time":0.7333,"x":-14.44,"y":1.25},{"time":1.2}],"scale":[{},{"time":0.1333,"x":1.019,"y":0.978},{"time":0.6}]},"eyebrow2":{"rotate":[{},{"time":0.1333,"angle":-20.46},{"time":0.6,"angle":-14.35},{"time":0.7333}],"translate":[{},{"time":0.1333,"x":15.35,"y":8.03},{"time":0.6,"x":-5.58,"y":3.75},{"time":0.7333,"x":-14.44,"y":1.25},{"time":1.2}],"scale":[{},{"time":0.1333,"x":1.019,"y":0.978},{"time":0.6}]},"leaf1":{"rotate":[{},{"time":0.2,"angle":-1.63},{"time":0.6},{"time":0.8,"angle":1.31},{"time":1.2}],"translate":[{},{"time":0.2,"y":10.6},{"time":0.6},{"time":0.8,"y":-3.3},{"time":1.2}],"scale":[{},{"time":0.2,"x":0.926},{"time":0.6,"x":1.055},{"time":0.8,"x":1.095,"y":0.941},{"time":1.2}]},"leaf2":{"rotate":[{},{"time":0.2,"angle":-18.07},{"time":0.6},{"time":0.8,"angle":10.94},{"time":1.2}]},"leaf3":{"rotate":[{},{"time":0.2,"angle":2.22},{"time":0.6},{"time":0.8,"angle":-1.49},{"time":1.2}],"translate":[{},{"time":0.2,"y":10.6},{"time":0.6},{"time":0.8,"y":-3.3},{"time":1.2}],"scale":[{},{"time":0.2,"x":0.95},{"time":0.6,"x":1.055},{"time":0.8,"x":1.131,"y":0.941},{"time":1.2}]},"leaf4":{"rotate":[{},{"time":0.2,"angle":12.12},{"time":0.6},{"time":0.8,"angle":-4.79},{"time":1.2}]},"leaf6":{"rotate":[{},{"time":0.2,"angle":-6.79},{"time":0.6},{"time":0.8,"angle":6.88},{"time":1.2}],"translate":[{},{"time":0.2,"x":1.14,"y":15.96},{"time":0.6},{"time":0.8,"y":-3.3},{"time":1.2}],"scale":[{},{"time":0.2,"x":0.947},{"time":0.6,"x":1.055},{"time":0.8,"x":1.17,"y":0.941},{"time":1.2}]},"leaf5":{"rotate":[{},{"time":0.2,"angle":6.03},{"time":0.6},{"time":0.8,"angle":-3.31},{"time":1.2}],"translate":[{},{"time":0.2,"y":9.12},{"time":0.6},{"time":0.8,"y":-8.8},{"time":1.2}],"scale":[{},{"time":0.2,"x":0.96,"y":1.02},{"time":0.6,"x":1.055},{"time":0.8,"x":1.107,"y":0.941},{"time":1.2}]},"leaf7":{"rotate":[{},{"time":0.2,"angle":-6.11},{"time":0.6},{"time":0.8,"angle":1.31},{"time":1.2}],"translate":[{},{"time":0.2,"x":1.14,"y":15.96},{"time":0.6},{"time":0.8,"y":-6.6},{"time":1.2}],"scale":[{},{"time":0.2,"x":0.903},{"time":0.6,"x":1.055},{"time":0.8,"x":1.14,"y":0.941},{"time":1.2}]},"leaf8":{"rotate":[{},{"time":0.2,"angle":3.89},{"time":0.6},{"time":0.8,"angle":-4.64},{"time":1.2}],"translate":[{},{"time":0.2,"y":9.12},{"time":0.6},{"time":0.8,"y":-5.5},{"time":1.2}],"scale":[{},{"time":0.2,"x":0.915},{"time":0.6,"x":1.055},{"time":0.8,"x":1.156,"y":0.941},{"time":1.2}]},"stem":{"rotate":[{},{"time":0.1333,"angle":-2.01},{"time":0.6,"angle":-5.32},{"time":0.7333,"angle":2.43},{"time":1.2}],"translate":[{},{"time":0.1333,"x":10.81,"y":4.61},{"time":0.6}],"scale":[{},{"time":0.1333,"x":1.019,"y":0.978},{"time":0.6}]},"stem2":{"rotate":[{},{"time":0.1333,"angle":-4.07},{"time":0.6,"angle":10.28},{"time":0.7333,"angle":8.15},{"time":1.2}]},"stem3":{"rotate":[{},{"time":0.1333,"angle":-8.18},{"time":0.6,"angle":8.11},{"time":0.7333,"angle":26.09},{"time":1.2}]},"basket1":{"rotate":[{},{"time":0.1333,"angle":-12.33},{"time":0.6,"angle":18.74,"curve":"stepped"},{"time":0.7333,"angle":18.74},{"time":1.2}]},"pr2":{"rotate":[{},{"time":0.1333,"angle":-32},{"time":0.6,"angle":2.13},{"time":0.7333,"angle":23.2},{"time":1.2}],"translate":[{},{"time":0.1333,"x":13.21,"y":-8.11},{"time":0.6,"x":14.97,"y":2.24},{"time":0.7333,"x":9,"y":-6.63},{"time":1.2}]}}},"idle1_eye":{"slots":{"eye1":{"attachment":[{"time":0.5333,"name":"eye2"},{"time":0.6,"name":"eye3"},{"time":0.6667,"name":"eye2"},{"time":0.7333,"name":"eye1"}]}},"bones":{"head":{"translate":[{},{"time":0.1333,"x":5.08},{"time":0.6,"x":2.72},{"time":0.7333,"x":3.9},{"time":1.2}],"scale":[{},{"time":0.1333,"x":0.981,"y":1.02},{"time":0.6,"x":0.939,"y":1.041},{"time":0.7333,"x":0.952,"y":1.055},{"time":1.2}]},"eye1":{"translate":[{},{"time":0.1333,"x":2.55,"y":2.08},{"time":0.6,"x":-4.71,"y":-6.02},{"time":0.7333,"x":-6.3,"y":-1.98},{"time":1.2}],"scale":[{},{"time":0.1333,"x":1.019,"y":0.978},{"time":0.6}]},"eyebrow1":{"rotate":[{},{"time":0.1333,"angle":22.5},{"time":0.6,"angle":18.69},{"time":0.7333}],"translate":[{},{"time":0.1333,"x":11.4,"y":4.55},{"time":0.6,"x":-7.8,"y":1.25},{"time":0.7333,"x":-14.44,"y":1.25},{"time":1.2}],"scale":[{},{"time":0.1333,"x":1.019,"y":0.978},{"time":0.6}]},"eyebrow2":{"rotate":[{},{"time":0.1333,"angle":-20.46},{"time":0.6,"angle":-14.35},{"time":0.7333}],"translate":[{},{"time":0.1333,"x":15.35,"y":8.03},{"time":0.6,"x":-5.58,"y":3.75},{"time":0.7333,"x":-14.44,"y":1.25},{"time":1.2}],"scale":[{},{"time":0.1333,"x":1.019,"y":0.978},{"time":0.6}]},"leaf1":{"rotate":[{},{"time":0.2,"angle":-1.63},{"time":0.6},{"time":0.8,"angle":1.31},{"time":1.2}],"translate":[{},{"time":0.2,"y":10.6},{"time":0.6},{"time":0.8,"y":-3.3},{"time":1.2}],"scale":[{},{"time":0.2,"x":0.926},{"time":0.6,"x":1.055},{"time":0.8,"x":1.095,"y":0.941},{"time":1.2}]},"leaf2":{"rotate":[{},{"time":0.2,"angle":-18.07},{"time":0.6},{"time":0.8,"angle":10.94},{"time":1.2}]},"leaf3":{"rotate":[{},{"time":0.2,"angle":2.22},{"time":0.6},{"time":0.8,"angle":-1.49},{"time":1.2}],"translate":[{},{"time":0.2,"y":10.6},{"time":0.6},{"time":0.8,"y":-3.3},{"time":1.2}],"scale":[{},{"time":0.2,"x":0.95},{"time":0.6,"x":1.055},{"time":0.8,"x":1.131,"y":0.941},{"time":1.2}]},"leaf4":{"rotate":[{},{"time":0.2,"angle":12.12},{"time":0.6},{"time":0.8,"angle":-4.79},{"time":1.2}]},"leaf6":{"rotate":[{},{"time":0.2,"angle":-6.79},{"time":0.6},{"time":0.8,"angle":6.88},{"time":1.2}],"translate":[{},{"time":0.2,"x":1.14,"y":15.96},{"time":0.6},{"time":0.8,"y":-3.3},{"time":1.2}],"scale":[{},{"time":0.2,"x":0.947},{"time":0.6,"x":1.055},{"time":0.8,"x":1.17,"y":0.941},{"time":1.2}]},"leaf5":{"rotate":[{},{"time":0.2,"angle":6.03},{"time":0.6},{"time":0.8,"angle":-3.31},{"time":1.2}],"translate":[{},{"time":0.2,"y":9.12},{"time":0.6},{"time":0.8,"y":-8.8},{"time":1.2}],"scale":[{},{"time":0.2,"x":0.96,"y":1.02},{"time":0.6,"x":1.055},{"time":0.8,"x":1.107,"y":0.941},{"time":1.2}]},"leaf7":{"rotate":[{},{"time":0.2,"angle":-6.11},{"time":0.6},{"time":0.8,"angle":1.31},{"time":1.2}],"translate":[{},{"time":0.2,"x":1.14,"y":15.96},{"time":0.6},{"time":0.8,"y":-6.6},{"time":1.2}],"scale":[{},{"time":0.2,"x":0.903},{"time":0.6,"x":1.055},{"time":0.8,"x":1.14,"y":0.941},{"time":1.2}]},"leaf8":{"rotate":[{},{"time":0.2,"angle":3.89},{"time":0.6},{"time":0.8,"angle":-4.64},{"time":1.2}],"translate":[{},{"time":0.2,"y":9.12},{"time":0.6},{"time":0.8,"y":-5.5},{"time":1.2}],"scale":[{},{"time":0.2,"x":0.915},{"time":0.6,"x":1.055},{"time":0.8,"x":1.156,"y":0.941},{"time":1.2}]},"stem":{"rotate":[{},{"time":0.1333,"angle":-2.01},{"time":0.6,"angle":-5.32},{"time":0.7333,"angle":2.43},{"time":1.2}],"translate":[{},{"time":0.1333,"x":10.81,"y":4.61},{"time":0.6}],"scale":[{},{"time":0.1333,"x":1.019,"y":0.978},{"time":0.6}]},"stem2":{"rotate":[{},{"time":0.1333,"angle":-4.07},{"time":0.6,"angle":10.28},{"time":0.7333,"angle":8.15},{"time":1.2}]},"stem3":{"rotate":[{},{"time":0.1333,"angle":-8.18},{"time":0.6,"angle":8.11},{"time":0.7333,"angle":26.09},{"time":1.2}]},"basket1":{"rotate":[{},{"time":0.1333,"angle":-12.33},{"time":0.6,"angle":18.74,"curve":"stepped"},{"time":0.7333,"angle":18.74},{"time":1.2}]},"pr2":{"rotate":[{},{"time":0.1333,"angle":-32},{"time":0.6,"angle":2.13},{"time":0.7333,"angle":23.2},{"time":1.2}],"translate":[{},{"time":0.1333,"x":13.21,"y":-8.11},{"time":0.6,"x":14.97,"y":2.24},{"time":0.7333,"x":9,"y":-6.63},{"time":1.2}]}}},"idle2":{"slots":{"pr1":{"attachment":[{"name":"pr2"}]}},"bones":{"head":{"translate":[{},{"time":0.1333,"x":5.08},{"time":0.6,"x":2.72},{"time":0.7333,"x":3.9},{"time":1.2}],"scale":[{},{"time":0.1333,"x":0.981,"y":1.02},{"time":0.6,"x":0.939,"y":1.041},{"time":0.7333,"x":0.952,"y":1.055},{"time":1.2}]},"eye1":{"translate":[{},{"time":0.1333,"x":2.55,"y":2.08},{"time":0.6,"x":-4.71,"y":-6.02},{"time":0.7333,"x":-6.3,"y":-1.98},{"time":1.2}],"scale":[{},{"time":0.1333,"x":1.019,"y":0.978},{"time":0.6}]},"eyebrow1":{"rotate":[{},{"time":0.1333,"angle":22.5},{"time":0.6,"angle":18.69},{"time":0.7333}],"translate":[{},{"time":0.1333,"x":11.4,"y":4.55},{"time":0.6,"x":-7.8,"y":1.25},{"time":0.7333,"x":-14.44,"y":1.25},{"time":1.2}],"scale":[{},{"time":0.1333,"x":1.019,"y":0.978},{"time":0.6}]},"eyebrow2":{"rotate":[{},{"time":0.1333,"angle":-20.46},{"time":0.6,"angle":-14.35},{"time":0.7333}],"translate":[{},{"time":0.1333,"x":15.35,"y":8.03},{"time":0.6,"x":-5.58,"y":3.75},{"time":0.7333,"x":-14.44,"y":1.25},{"time":1.2}],"scale":[{},{"time":0.1333,"x":1.019,"y":0.978},{"time":0.6}]},"leaf1":{"rotate":[{},{"time":0.2,"angle":-1.63},{"time":0.6},{"time":0.8,"angle":1.31},{"time":1.2}],"translate":[{},{"time":0.2,"y":10.6},{"time":0.6},{"time":0.8,"y":-3.3},{"time":1.2}],"scale":[{},{"time":0.2,"x":0.926},{"time":0.6,"x":1.055},{"time":0.8,"x":1.095,"y":0.941},{"time":1.2}]},"leaf2":{"rotate":[{},{"time":0.2,"angle":-18.07},{"time":0.6},{"time":0.8,"angle":10.94},{"time":1.2}]},"leaf3":{"rotate":[{},{"time":0.2,"angle":2.22},{"time":0.6},{"time":0.8,"angle":-1.49},{"time":1.2}],"translate":[{},{"time":0.2,"y":10.6},{"time":0.6},{"time":0.8,"y":-3.3},{"time":1.2}],"scale":[{},{"time":0.2,"x":0.95},{"time":0.6,"x":1.055},{"time":0.8,"x":1.131,"y":0.941},{"time":1.2}]},"leaf4":{"rotate":[{},{"time":0.2,"angle":12.12},{"time":0.6},{"time":0.8,"angle":-4.79},{"time":1.2}]},"leaf6":{"rotate":[{},{"time":0.2,"angle":-6.79},{"time":0.6},{"time":0.8,"angle":6.88},{"time":1.2}],"translate":[{},{"time":0.2,"x":1.14,"y":15.96},{"time":0.6},{"time":0.8,"y":-3.3},{"time":1.2}],"scale":[{},{"time":0.2,"x":0.947},{"time":0.6,"x":1.055},{"time":0.8,"x":1.17,"y":0.941},{"time":1.2}]},"leaf5":{"rotate":[{},{"time":0.2,"angle":6.03},{"time":0.6},{"time":0.8,"angle":-3.31},{"time":1.2}],"translate":[{},{"time":0.2,"y":9.12},{"time":0.6},{"time":0.8,"y":-8.8},{"time":1.2}],"scale":[{},{"time":0.2,"x":0.96,"y":1.02},{"time":0.6,"x":1.055},{"time":0.8,"x":1.107,"y":0.941},{"time":1.2}]},"leaf7":{"rotate":[{},{"time":0.2,"angle":-6.11},{"time":0.6},{"time":0.8,"angle":1.31},{"time":1.2}],"translate":[{},{"time":0.2,"x":1.14,"y":15.96},{"time":0.6},{"time":0.8,"y":-6.6},{"time":1.2}],"scale":[{},{"time":0.2,"x":0.903},{"time":0.6,"x":1.055},{"time":0.8,"x":1.14,"y":0.941},{"time":1.2}]},"leaf8":{"rotate":[{},{"time":0.2,"angle":3.89},{"time":0.6},{"time":0.8,"angle":-4.64},{"time":1.2}],"translate":[{},{"time":0.2,"y":9.12},{"time":0.6},{"time":0.8,"y":-5.5},{"time":1.2}],"scale":[{},{"time":0.2,"x":0.915},{"time":0.6,"x":1.055},{"time":0.8,"x":1.156,"y":0.941},{"time":1.2}]},"stem":{"rotate":[{},{"time":0.1333,"angle":-2.01},{"time":0.6,"angle":-5.32},{"time":0.7333,"angle":2.43},{"time":1.2}],"translate":[{},{"time":0.1333,"x":10.81,"y":4.61},{"time":0.6}],"scale":[{},{"time":0.1333,"x":1.019,"y":0.978},{"time":0.6}]},"stem2":{"rotate":[{},{"time":0.1333,"angle":-4.07},{"time":0.6,"angle":10.28},{"time":0.7333,"angle":8.15},{"time":1.2}]},"stem3":{"rotate":[{},{"time":0.1333,"angle":-8.18},{"time":0.6,"angle":8.11},{"time":0.7333,"angle":26.09},{"time":1.2}]},"basket1":{"rotate":[{},{"time":0.1333,"angle":-12.33},{"time":0.6,"angle":18.74,"curve":"stepped"},{"time":0.7333,"angle":18.74},{"time":1.2}]},"pr2":{"rotate":[{"time":0.1333},{"time":0.6,"angle":-1.73,"curve":"stepped"},{"time":0.7333,"angle":-1.73},{"time":1.2}],"translate":[{},{"time":0.1333,"x":-14.11,"y":11.09},{"time":0.6,"x":54.86,"y":11.66},{"time":0.7333,"x":52.04,"y":3.05},{"time":1.2}]}}},"idle2_eye":{"slots":{"eye1":{"attachment":[{"time":0.5333,"name":"eye2"},{"time":0.6,"name":"eye3"},{"time":0.6667,"name":"eye2"},{"time":0.7333,"name":"eye1"}]},"pr1":{"attachment":[{"name":"pr2"}]}},"bones":{"head":{"translate":[{},{"time":0.1333,"x":5.08},{"time":0.6,"x":2.72},{"time":0.7333,"x":3.9},{"time":1.2}],"scale":[{},{"time":0.1333,"x":0.981,"y":1.02},{"time":0.6,"x":0.939,"y":1.041},{"time":0.7333,"x":0.952,"y":1.055},{"time":1.2}]},"eye1":{"translate":[{},{"time":0.1333,"x":2.55,"y":2.08},{"time":0.6,"x":-4.71,"y":-6.02},{"time":0.7333,"x":-6.3,"y":-1.98},{"time":1.2}],"scale":[{},{"time":0.1333,"x":1.019,"y":0.978},{"time":0.6}]},"eyebrow1":{"rotate":[{},{"time":0.1333,"angle":22.5},{"time":0.6,"angle":18.69},{"time":0.7333}],"translate":[{},{"time":0.1333,"x":11.4,"y":4.55},{"time":0.6,"x":-7.8,"y":1.25},{"time":0.7333,"x":-14.44,"y":1.25},{"time":1.2}],"scale":[{},{"time":0.1333,"x":1.019,"y":0.978},{"time":0.6}]},"eyebrow2":{"rotate":[{},{"time":0.1333,"angle":-20.46},{"time":0.6,"angle":-14.35},{"time":0.7333}],"translate":[{},{"time":0.1333,"x":15.35,"y":8.03},{"time":0.6,"x":-5.58,"y":3.75},{"time":0.7333,"x":-14.44,"y":1.25},{"time":1.2}],"scale":[{},{"time":0.1333,"x":1.019,"y":0.978},{"time":0.6}]},"leaf1":{"rotate":[{},{"time":0.2,"angle":-1.63},{"time":0.6},{"time":0.8,"angle":1.31},{"time":1.2}],"translate":[{},{"time":0.2,"y":10.6},{"time":0.6},{"time":0.8,"y":-3.3},{"time":1.2}],"scale":[{},{"time":0.2,"x":0.926},{"time":0.6,"x":1.055},{"time":0.8,"x":1.095,"y":0.941},{"time":1.2}]},"leaf2":{"rotate":[{},{"time":0.2,"angle":-18.07},{"time":0.6},{"time":0.8,"angle":10.94},{"time":1.2}]},"leaf3":{"rotate":[{},{"time":0.2,"angle":2.22},{"time":0.6},{"time":0.8,"angle":-1.49},{"time":1.2}],"translate":[{},{"time":0.2,"y":10.6},{"time":0.6},{"time":0.8,"y":-3.3},{"time":1.2}],"scale":[{},{"time":0.2,"x":0.95},{"time":0.6,"x":1.055},{"time":0.8,"x":1.131,"y":0.941},{"time":1.2}]},"leaf4":{"rotate":[{},{"time":0.2,"angle":12.12},{"time":0.6},{"time":0.8,"angle":-4.79},{"time":1.2}]},"leaf6":{"rotate":[{},{"time":0.2,"angle":-6.79},{"time":0.6},{"time":0.8,"angle":6.88},{"time":1.2}],"translate":[{},{"time":0.2,"x":1.14,"y":15.96},{"time":0.6},{"time":0.8,"y":-3.3},{"time":1.2}],"scale":[{},{"time":0.2,"x":0.947},{"time":0.6,"x":1.055},{"time":0.8,"x":1.17,"y":0.941},{"time":1.2}]},"leaf5":{"rotate":[{},{"time":0.2,"angle":6.03},{"time":0.6},{"time":0.8,"angle":-3.31},{"time":1.2}],"translate":[{},{"time":0.2,"y":9.12},{"time":0.6},{"time":0.8,"y":-8.8},{"time":1.2}],"scale":[{},{"time":0.2,"x":0.96,"y":1.02},{"time":0.6,"x":1.055},{"time":0.8,"x":1.107,"y":0.941},{"time":1.2}]},"leaf7":{"rotate":[{},{"time":0.2,"angle":-6.11},{"time":0.6},{"time":0.8,"angle":1.31},{"time":1.2}],"translate":[{},{"time":0.2,"x":1.14,"y":15.96},{"time":0.6},{"time":0.8,"y":-6.6},{"time":1.2}],"scale":[{},{"time":0.2,"x":0.903},{"time":0.6,"x":1.055},{"time":0.8,"x":1.14,"y":0.941},{"time":1.2}]},"leaf8":{"rotate":[{},{"time":0.2,"angle":3.89},{"time":0.6},{"time":0.8,"angle":-4.64},{"time":1.2}],"translate":[{},{"time":0.2,"y":9.12},{"time":0.6},{"time":0.8,"y":-5.5},{"time":1.2}],"scale":[{},{"time":0.2,"x":0.915},{"time":0.6,"x":1.055},{"time":0.8,"x":1.156,"y":0.941},{"time":1.2}]},"stem":{"rotate":[{},{"time":0.1333,"angle":-2.01},{"time":0.6,"angle":-5.32},{"time":0.7333,"angle":2.43},{"time":1.2}],"translate":[{},{"time":0.1333,"x":10.81,"y":4.61},{"time":0.6}],"scale":[{},{"time":0.1333,"x":1.019,"y":0.978},{"time":0.6}]},"stem2":{"rotate":[{},{"time":0.1333,"angle":-4.07},{"time":0.6,"angle":10.28},{"time":0.7333,"angle":8.15},{"time":1.2}]},"stem3":{"rotate":[{},{"time":0.1333,"angle":-8.18},{"time":0.6,"angle":8.11},{"time":0.7333,"angle":26.09},{"time":1.2}]},"basket1":{"rotate":[{},{"time":0.1333,"angle":-12.33},{"time":0.6,"angle":18.74,"curve":"stepped"},{"time":0.7333,"angle":18.74},{"time":1.2}]},"pr2":{"rotate":[{"time":0.1333},{"time":0.6,"angle":-1.73,"curve":"stepped"},{"time":0.7333,"angle":-1.73},{"time":1.2}],"translate":[{},{"time":0.1333,"x":-14.11,"y":11.09},{"time":0.6,"x":54.86,"y":11.66},{"time":0.7333,"x":52.04,"y":3.05},{"time":1.2}]}}}}},[0]]],0,0,[0],[-1],[5]],[[[3,"KernelPult"],[11,"KernelPult",[-7,-8],[[-2,[17,-6,-5,-4,-3,1,2]],1,4],[4,-1,0],[-494,-293,0,0,0,0,1,1,1,1]],[13,"ATTACHED_NODE:plant",[[-9,-10,-11,[1,"ATTACHED_NODE:leaf6",-12,[0,"7aeB6eERVJ25d+isikG08I",1,0]],[1,"ATTACHED_NODE:leaf5",-13,[0,"cedp+Ht9BEM5zBhr56NTLQ",1,0]],[1,"ATTACHED_NODE:leaf7",-14,[0,"61bg81jltKDpZ1V8zd7Kln",1,0]],[1,"ATTACHED_NODE:leaf8",-15,[0,"88XLzKD2ZG/rUZ1AxRXtsE",1,0]]],1,1,1,4,4,4,4],[0,"07emMWPEpH2p/cROZRuvCU",1,0]],[14,"ATTACHED_NODE:head",2,[[[1,"ATTACHED_NODE:eye1",-16,[0,"41XLzIgVZNvJp3GoPV5fmj",1,0]],[1,"ATTACHED_NODE:eyebrow1",-17,[0,"c4PgcKSmpAyp7SB6HFOL0L",1,0]],[1,"ATTACHED_NODE:eyebrow2",-18,[0,"6bNn1ICC1BqpI4qvhNr8fX",1,0]],-19],4,4,4,1],[0,"52z1la9LRCuLMBhf7h3tI6",1,0]],[12,"35_plant",1,[-23],[[-20,[18,-22,-21]],1,4],[0,"79h0Jbf1hIuqQyV/4+SuTw",1,0],[5,119.1,89.4]],[15,"bodyC",5,1,[-24,-25],[0,"22rmoohLJCZY7Y1qo0nIrW",1,0]],[20,"default","idle1",0,"idle1",4,[0]],[21,5,[0,0,70],[5,90,140]],[22,5,7],[2,"ATTACHED_NODE_TREE",4,[-26],[0,"ff1d6gBSNMaoEm6kpXCm77",1,0]],[2,"ATTACHED_NODE:root",9,[2],[0,"33aJIrxYVAXIdCNe8pc/3A",1,0]],[2,"ATTACHED_NODE:stem",3,[-27],[0,"71WYYCmvlKf4LhU1kVbcYO",1,0]],[2,"ATTACHED_NODE:stem2",11,[-28],[0,"9bZSWawJ1F1aGOg4OyvBKD",1,0]],[2,"ATTACHED_NODE:stem3",12,[-29],[0,"723faaPQpIxpIysLx4tSpo",1,0]],[2,"ATTACHED_NODE:basket1",13,[-30],[0,"a5HQ4QerlN65/m7K9mfQfo",1,0]],[2,"ATTACHED_NODE:pr2",14,[-31],[0,"3d2zdER6RI0rOSmRrma78Q",1,0]],[1,"shoot_node",15,[0,"1eF32DH6pLxIBRPV1ePmxG",1,0]],[7,"ATTACHED_NODE:leaf1",2,[[1,"ATTACHED_NODE:leaf2",-32,[0,"60ESTeX6JBxp8Bx8SA/n7f",1,0]]],[0,"c0JUJjeHdKgpRk2eMrUI9I",1,0]],[7,"ATTACHED_NODE:leaf3",2,[[1,"ATTACHED_NODE:leaf4",-33,[0,"dcWB1TDSdJ+56Gkkbzu1XM",1,0]]],[0,"47HwnfemxINqKY/KRAQ8Hc",1,0]],[19,true,1,6]],0,[0,2,1,0,-1,19,0,6,16,0,7,8,0,8,19,0,1,1,0,-1,5,0,-2,4,0,-1,3,0,-2,17,0,-3,18,0,0,2,0,0,2,0,0,2,0,0,2,0,0,3,0,0,3,0,0,3,0,-4,11,0,-1,6,0,9,6,0,1,4,0,-1,9,0,-1,7,0,-2,8,0,-1,10,0,-1,12,0,-1,13,0,-1,14,0,-1,15,0,-1,16,0,0,17,0,0,18,0,3,1,2,0,10,33],[0,0,0,6],[-1,10,11,12],[6,7,8,9]]]]