[1,["ecpdLyjvZBwrvm+cedCcQy","17137b20b","caohSHbS5GEIzmwCrnMGn5","0bIppsCbZAwJS+ELvOGSmD","384w4kV5JAurVtdLwsxF79","dfMmHFPAFNmZDOgSb9HCJW","cbC0p6bqRKaJHjyTGPnqE6","5bheaowv9Nv4sUQJHivr8k","adA+FXCkFBXrRNKyNxMdL+","f2XvZH93FKv7taXROFI7e8","3fa1/fw9FPHZmcNBCajxTi","5dvkMBgihETqWWN1R4C2lE","f2hvBIUDtN36519KJd+0MI","a2MjXRFdtLlYQ5ouAFv/+R","2dpCw2mG5G1Y6jj2fagc0k","faUENlvPJJD4WyZq7maajf","7a/QZLET9IDreTiBfRn2PD","35Ou37lD1P0IV0qNKU+AdM","a0JhcgmwRFdI9k6Fle+c4h","3fYGaidm5HvpYpAeycWdsp","1aoDS53YdDMrWjn4R7FyzT","34ECLuyFZGbJO0VoKj5Ogj","1aPphroLlGh6N5oqybiDqA","c7EOtFnplD4q/bPx99wvXT","a3sujpFYpKjKrD9YRTbhP3","f0enFH5oRIHaJNlrQsZN5S","2feRlJ3QNFh5DUZG3E5FSJ","79g74LS1BJaLT68/a4HiaZ","cbrXaMihRNg5wv3EMgyemO","ed985iGVRPnYGpWMu0k1aB","0fX6YXVxxJj46Pt0ptmH0A","b5FYl8uU5M16jB/22Q61EM","f9DwF10M5NGLF1TrMa6Wbo"],["node","_spriteFrame","_textureSetter","_N$file","root","_parent","critAddValue","critAddLevel","sunReduceValue","sunReduceLevel","cdReduceValue","cdReduceLevel","recAllBtn","data","_N$skeletonData"],["cc.SpriteFrame",["cc.Node",["_name","_opacity","_prefab","_components","_contentSize","_parent","_trs","_children","_color","_eulerAngles"],1,4,9,5,1,7,2,5,5],["cc.Sprite",["_sizeMode","_type","_isTrimmedMode","node","_materials","_spriteFrame"],0,1,3,6],["cc.PrefabInfo",["fileId","root","asset"],2,1,1],["cc.Label",["_string","_fontSize","_isSystemFontUsed","_N$horizontalAlign","_N$verticalAlign","_lineHeight","node","_materials","_N$file"],-3,1,3,6],["cc.Node",["_name","_parent","_components","_prefab","_contentSize","_trs","_children"],2,1,2,4,5,7,2],["cc.Widget",["_alignFlags","_originalWidth","_originalHeight","node"],0,1],["cc.Prefab",["_name"],2],["cc.BlockInputEvents",["node"],3,1],["52932bAw+lI3Z1YxI198yHJ",["node","recAllBtn","recBtn","cdReduceLevel","cdReduceLevelFrames","cdReduceValue","sunReduceLevel","sunReduceLevelFrames","sunReduceValue","critAddLevel","critAddLevelFrames","critAddValue","cardBoards","boradFrames","recNodes"],3,1,1,2,1,3,1,1,3,1,1,3,1,2,3,2],["cc.Button",["_N$transition","node","clickEvents"],2,1,9],["cc.ClickEvent",["_componentId","handler","target"],1,1],["7ff46OJBOxMo526UYe9FYB3",["node"],3,1],["cc.LabelOutline",["_width","node","_color"],2,1,5],["sp.Skeleton",["defaultSkin","defaultAnimation","_preCacheMode","_animationName","node","_materials","_N$skeletonData"],-1,1,3,6]],[[3,0,1,2,2],[2,3,4,5,1],[1,0,5,3,2,4,6,2],[1,0,5,7,3,2,4,6,2],[1,0,5,3,2,8,4,6,2],[5,0,1,2,3,4,5,2],[2,0,3,4,5,2],[2,3,4,1],[4,0,1,5,2,3,4,6,7,8,7],[2,1,0,2,3,4,5,4],[10,0,1,2,2],[11,0,1,2,3],[4,0,1,2,3,4,6,7,8,6],[13,0,1,2,2],[1,0,3,2,4,6,9,2],[1,0,1,5,3,2,8,4,3],[3,0,1,2],[12,0,1],[1,0,5,7,2,2],[1,0,5,3,2,4,2],[5,0,1,6,2,3,4,5,2],[4,0,1,5,2,3,4,6,7,7],[7,0,2],[1,0,7,3,2,4,6,2],[6,0,3,2],[6,0,1,2,3,4],[8,0,1],[9,0,1,2,3,4,5,6,7,8,9,10,11,12,13,14,1],[3,1,2,1],[14,0,1,2,3,4,5,6,5]],[[[{"name":"treasure_bg1","rect":[3,540,210,267],"offset":[0,0],"originalSize":[210,267],"rotated":1,"capInsets":[0,0,0,0]}],[0],0,[0],[2],[1]],[[{"name":"sun_reduce3","rect":[259,972,39,27],"offset":[0,0],"originalSize":[43,31],"rotated":1,"capInsets":[0,0,0,0]}],[0],0,[0],[2],[1]],[[{"name":"sun_reduce_tag","rect":[118,404,97,123],"offset":[0,0],"originalSize":[97,123],"capInsets":[0,0,0,0]}],[0],0,[0],[2],[1]],[[{"name":"cd_reduce_tag","rect":[118,3,117,112],"offset":[0,0],"originalSize":[117,112],"rotated":1,"capInsets":[0,0,0,0]}],[0],0,[0],[2],[1]],[[{"name":"sun_reduce_tittle","rect":[3,972,122,27],"offset":[0,0],"originalSize":[126,31],"capInsets":[0,0,0,0]}],[0],0,[0],[2],[1]],[[{"name":"cd_reduce_tittle","rect":[292,516,119,26],"offset":[0,0],"originalSize":[123,30],"rotated":1,"capInsets":[0,0,0,0]}],[0],0,[0],[2],[1]],[[{"name":"crit_add2","rect":[292,766,39,27],"offset":[0,0],"originalSize":[43,31],"capInsets":[0,0,0,0]}],[0],0,[0],[2],[1]],[[{"name":"treasure_bg2","rect":[3,756,210,267],"offset":[0,0],"originalSize":[210,267],"rotated":1,"capInsets":[0,0,0,0]}],[0],0,[0],[2],[1]],[[{"name":"cd_reduce1","rect":[292,943,37,28],"offset":[0,0],"originalSize":[41,32],"capInsets":[0,0,0,0]}],[0],0,[0],[2],[1]],[[[22,"DaveTreasureView"],[23,"DaveTreasureView",[-21,-22,-23,-24,-25,-26,-27,-28,-29],[[24,45,-2],[26,-3],[27,-20,-19,[-16,-17,-18],-15,[91,92,93],-14,-13,[94,95,96],-12,-11,[97,98,99],-10,[-7,-8,-9],[100,101,102],[-4,-5,-6]]],[28,-1,0],[5,1280,720],[640,360,0,0,0,0,1,1,1,1]],[20,"cd_reduce",1,[-31,-32,-33,-34,-35,-36],[-30],[0,"cb3aMYStJLqZ8fbaGOUihi",1,0],[5,210,267],[-121,-4,0,0,0,0,1,1,1,1]],[20,"sun_reduce",1,[-38,-39,-40,-41,-42,-43],[-37],[0,"a2MmKllllNUpb/C1jI8QDu",1,0],[5,210,267],[161,-4,0,0,0,0,1,1,1,1]],[20,"crit_add",1,[-45,-46,-47,-48,-49,-50],[-44],[0,"2d+QFsgS9PNpVXWchmPz6+",1,0],[5,210,267],[448,-4,0,0,0,0,1,1,1,1]],[3,"dialog_board_1",1,[-52,-53,-54,-55],[[9,1,0,false,-51,[10],11]],[0,"ac9cS5GttMz7OLdl6sspnG",1,0],[5,372,210],[-426,222,0,0,0,0,1,1,1,1]],[3,"btn_rec",2,[-58,-59],[[9,1,0,false,-56,[28],29],[10,3,-57,[[11,"52932bAw+lI3Z1YxI198yHJ","clickRecCdReduce",1]]]],[0,"452EwZ6YJNDrDjPG5ME9aQ",1,0],[5,228.8,66.8],[0,-187.4,0,0,0,0,1,1,1,0]],[3,"btn_rec",3,[-62,-63],[[9,1,0,false,-60,[49],50],[10,3,-61,[[11,"52932bAw+lI3Z1YxI198yHJ","clickRecSunReduce",1]]]],[0,"92EiUWb/tGvqxquzuZyYZ/",1,0],[5,228.8,66.8],[0,-187.4,0,0,0,0,1,1,1,0]],[3,"btn_rec",4,[-66,-67],[[9,1,0,false,-64,[70],71],[10,3,-65,[[11,"52932bAw+lI3Z1YxI198yHJ","clickCritAdd",1]]]],[0,"42fkZ4HuNCtqESU+dLKlKa",1,0],[5,228.8,66.8],[0,-187.4,0,0,0,0,1,1,1,0]],[3,"btn_rec_all",1,[-70,-71],[[9,1,0,false,-68,[87],88],[10,3,-69,[[11,"52932bAw+lI3Z1YxI198yHJ","clickRecAll",1]]]],[0,"2acZTDTi1F9rvWgQ+vAvYl",1,0],[5,294,90],[164,-230,0,0,0,0,1,1,1,0]],[18,"rec_node",2,[-72,-73,-74],[0,"f2PKMSIBBIooM17S2rZMw3",1,0]],[18,"rec_node",3,[-75,-76,-77],[0,"c0OB+FP4hEtZHtIxFEPooe",1,0]],[18,"rec_node",4,[-78,-79,-80],[0,"d6N3XhrY9NoZVjnMrSR5iV",1,0]],[14,"adTickIcon",[[6,0,-82,[22],23],[17,-83]],[16,"80j1MrgZFEXavy31Ru3orp",-81],[5,44.1,36.5],[-2.1,-0.7,0,0,0,0.13917310096006544,0.9902680687415704,1,1,1],[1,0,0,16]],[14,"adTickIcon",[[6,0,-85,[43],44],[17,-86]],[16,"97Vp8BFFtGAqWr8I1i7edx",-84],[5,44.1,36.5],[-2.1,-0.7,0,0,0,0.13917310096006544,0.9902680687415704,1,1,1],[1,0,0,16]],[14,"adTickIcon",[[6,0,-88,[64],65],[17,-89]],[16,"0bANZL4CVD2bacIyx6oPpt",-87],[5,44.1,36.5],[-2.1,-0.7,0,0,0,0.13917310096006544,0.9902680687415704,1,1,1],[1,0,0,16]],[14,"adTickIcon",[[6,0,-91,[83],84],[17,-92]],[16,"7eVp1KkxVFII8ZL/DIsnHG",-90],[5,44.1,36.5],[-2.1,-0.7,0,0,0,0.13917310096006544,0.9902680687415704,1,1,1],[1,0,0,16]],[15,"mask",177,1,[[6,0,-93,[0],1],[25,45,100,100,-94]],[0,"1bP986vNlGX6TVQVJSrFtC",1,0],[4,4278190080],[5,1280,720]],[3,"dave_treasure_tittle",1,[-96],[[1,-95,[16],17]],[0,"e8rpCLwyFCU4K4QyWYtsG/",1,0],[5,407,85],[151,204,0,0,0,0,1,1,1,1]],[2,"tittle",18,[[8,"神秘宝藏",28,35,false,1,1,-97,[14],15],[13,3,-98,[4,4280506800]]],[0,"b1tfOcJlFE37FYU/85Z5eo",1,0],[5,118,50.1],[0,9.883,0,0,0,0,1,1.5,1.5,1]],[3,"ad_icon",6,[13],[[1,-99,[24],25]],[0,"dcywivxlhLbLIeRLxYg1w/",1,0],[5,35,26],[-49,0,0,0,0,0,1,1,1,1]],[2,"rec",10,[[12,"已领取",35,false,1,1,-100,[36],37],[13,2,-101,[4,4278190080]]],[0,"d6V2x4+Z1InrnFkCgs9LzJ",1,0],[5,109,54.4],[0,-150,0,0,0,0,1,1,1,1]],[3,"ad_icon",7,[14],[[1,-102,[45],46]],[0,"3dng2zx8lHQK2o09rzEXc8",1,0],[5,35,26],[-49,0,0,0,0,0,1,1,1,1]],[2,"rec",11,[[12,"已领取",35,false,1,1,-103,[57],58],[13,2,-104,[4,4278190080]]],[0,"29vChhgApD95RqqjysvxpO",1,0],[5,109,54.4],[0,-150,0,0,0,0,1,1,1,1]],[3,"ad_icon",8,[15],[[1,-105,[66],67]],[0,"admghSE1lLdLhCCZszcYrA",1,0],[5,35,26],[-49,0,0,0,0,0,1,1,1,1]],[2,"rec",12,[[12,"已领取",35,false,1,1,-106,[78],79],[13,2,-107,[4,4278190080]]],[0,"22aAcQ89xEfoWED7aeO0Uy",1,0],[5,109,54.4],[0,-150,0,0,0,0,1,1,1,1]],[4,"txt",9,[[12,"全部领取",36,false,1,1,-108,[81],82],[13,3,-109,[4,4278208621]]],[0,"95IVeFG2lPu5Vx3OHJ6KhC",1,0],[4,4284081919],[5,150,56.4],[20,0,0,0,0,0,1,1,1,1]],[3,"ad_icon",9,[16],[[1,-110,[85],86]],[0,"0abu3VAwBMNojeBLiFxon+",1,0],[5,35,26],[-79,-1,0,0,0,0,1,1,1,1]],[2,"btn_close",1,[[6,2,-111,[89],90],[10,3,-112,[[11,"52932bAw+lI3Z1YxI198yHJ","clickClose",1]]]],[0,"6eb5GGaDlD+p9ySOtMCyK2",1,0],[5,72,72],[484,199,0,0,0,0,1,1,1,0]],[2,"dialog_board_2",5,[[1,-113,[2],3]],[0,"97y+SCSftEKKYrst5R+Ore",1,0],[5,60,41],[108,-122,0,0,0,0,1,1,1,1]],[4,"tip",5,[[12,"哇！哇！哇！\n",34,false,1,1,-114,[4],5]],[0,"64JO1Uo5BPKJdciCfTKGII",1,0],[4,4278190080],[5,204,90.4],[6,30,0,0,0,0,1,1,1,1]],[4,"tip_2",5,[[8,"我为你提供了……\n",30,35,false,1,1,-115,[6],7]],[0,"a9Q/CniuBE7KJKc7hkEV1K",1,0],[4,4278190080],[5,240,79.1],[-22,-22,0,0,0,0,1,1,1,1]],[4,"tip_3",5,[[8,"无敌的宝藏！",30,35,false,1,1,-116,[8],9]],[0,"f6lUH5QDlHl7BYS8tlpFTo",1,0],[4,4278190080],[5,180,44.1],[80,-41,0,0,0,0,1,1,1,1]],[2,"Dave",1,[[29,"default","1idle1_eye",0,"1idle1_eye",-117,[12],13]],[0,"55R+NTfHpKqLR9esa3+fQ9",1,0],[5,439,793.114990234375],[-436,-113,0,0,0,0,1,0.6,0.6,1.1]],[2,"cd_reduce_tittle",2,[[1,-118,[18],19]],[0,"bekKkkjitHnrjhwyXPsamE",1,0],[5,119,26],[-19,83,0,0,0,0,1,1,1,1]],[5,"cd_reduce3",2,[-119],[0,"93cMW8HShBJK7o6EGjinUB",1,0],[5,37,28],[60,82,0,0,0,0,1,0.8,0.8,1]],[7,35,[20]],[5,"value",2,[-120],[0,"c7AA/cxlpH5oBIrQ+Xif5i",1,0],[5,131.67,32.76],[0,-89,0,0,0,0,1,1,1,1]],[21,"冷却时间-15%",21,26,false,1,1,37,[21]],[4,"txt",6,[[8,"领取",38,38,false,1,1,-121,[26],27]],[0,"d2wVeqF6VOZI3YZXhDPdP7",1,0],[4,4285150504],[5,76,47.88],[20,0,0,0,0,0,1,1,1,1]],[2,"cd_reduce_tag",2,[[1,-122,[30],31]],[0,"e6iEkEzjhJA4Z+K79J9oSn",1,0],[5,117,112],[-4,-4,0,0,0,0,1,1,1,1]],[15,"treasure_bg2",155,10,[[1,-123,[32],33]],[0,"25Ik5BWzlF+Zud+HoyLAbe",1,0],[4,4278190080],[5,210,267]],[19,"select",10,[[1,-124,[34],35]],[0,"ebD/6FLRdMYpl/X0kFMio9",1,0],[5,85,72]],[7,2,[38]],[2,"sun_reduce_tittle",3,[[1,-125,[39],40]],[0,"5cbuJ0eqBDf4xUcFWIt8re",1,0],[5,122,27],[-18,81,0,0,0,0,1,1,1,1]],[5,"sun_reduce1",3,[-126],[0,"a1l0t6QM5CvbYQS5ReWbvd",1,0],[5,39,27],[63,82,0,0,0,0,1,0.8,0.8,1]],[7,45,[41]],[5,"value",3,[-127],[0,"22eIHFuThKnbaxNphkxokX",1,0],[5,131.67,32.76],[3,-89,0,0,0,0,1,1,1,1]],[21,"阳光消耗-15%",21,26,false,1,1,47,[42]],[4,"txt",7,[[8,"领取",38,38,false,1,1,-128,[47],48]],[0,"d3o0QsddRCxbOsMLyhGdcd",1,0],[4,4285150504],[5,76,47.88],[20,0,0,0,0,0,1,1,1,1]],[2,"sun_reduce_tag",3,[[1,-129,[51],52]],[0,"13V6ztAfJLpLMt5e/E56Lu",1,0],[5,97,123],[1,-1,0,0,0,0,1,1,1,1]],[15,"treasure_bg2",155,11,[[1,-130,[53],54]],[0,"d5ibjdW6NMRZEjSj2J50mD",1,0],[4,4278190080],[5,210,267]],[19,"select",11,[[1,-131,[55],56]],[0,"a0pof8y0ZPrIjrUPPxW9h2",1,0],[5,85,72]],[7,3,[59]],[2,"crit_add_tittle",4,[[1,-132,[60],61]],[0,"0as5XRoHNFjZXnfaMDZPan",1,0],[5,122,27],[-20,82,0,0,0,0,1,1,1,1]],[5,"crit_add2",4,[-133],[0,"d0ELLzLfxHq59ORmabe+C0",1,0],[5,39,27],[60,82,0,0,0,0,1,0.8,0.8,1]],[7,55,[62]],[5,"value",4,[-134],[0,"3c9rhYiB9HUY+VqFf9NSzo",1,0],[5,131.71,32.76],[0,-89,0,0,0,0,1,1,1,1]],[21,"植物暴击+15%",21,26,false,1,1,57,[63]],[4,"txt",8,[[8,"领取",38,38,false,1,1,-135,[68],69]],[0,"c4I8TBcE1CsYIkoIAY5l9s",1,0],[4,4285150504],[5,76,47.88],[20,0,0,0,0,0,1,1,1,1]],[2,"crit_add_tag",4,[[1,-136,[72],73]],[0,"a4sSyZl/RNn7xULnYR7QTv",1,0],[5,111,106],[3,-7,0,0,0,0,1,1,1,1]],[15,"treasure_bg2",155,12,[[1,-137,[74],75]],[0,"c8RzmZtoZK1YUXmbF/8/Si",1,0],[4,4278190080],[5,210,267]],[19,"select",12,[[1,-138,[76],77]],[0,"47zHftS3ZPSopVxC/65tV0",1,0],[5,85,72]],[7,4,[80]]],0,[0,4,1,0,0,1,0,0,1,0,-1,10,0,-2,11,0,-3,12,0,-1,43,0,-2,53,0,-3,63,0,6,58,0,7,56,0,8,48,0,9,46,0,10,38,0,11,36,0,-1,6,0,-2,7,0,-3,8,0,12,9,0,0,1,0,-1,17,0,-2,5,0,-3,33,0,-4,18,0,-5,2,0,-6,3,0,-7,4,0,-8,9,0,-9,28,0,-1,43,0,-1,34,0,-2,35,0,-3,37,0,-4,6,0,-5,40,0,-6,10,0,-1,53,0,-1,44,0,-2,45,0,-3,47,0,-4,7,0,-5,50,0,-6,11,0,-1,63,0,-1,54,0,-2,55,0,-3,57,0,-4,8,0,-5,60,0,-6,12,0,0,5,0,-1,29,0,-2,30,0,-3,31,0,-4,32,0,0,6,0,0,6,0,-1,20,0,-2,39,0,0,7,0,0,7,0,-1,22,0,-2,49,0,0,8,0,0,8,0,-1,24,0,-2,59,0,0,9,0,0,9,0,-1,26,0,-2,27,0,-1,41,0,-2,42,0,-3,21,0,-1,51,0,-2,52,0,-3,23,0,-1,61,0,-2,62,0,-3,25,0,4,13,0,0,13,0,0,13,0,4,14,0,0,14,0,0,14,0,4,15,0,0,15,0,0,15,0,4,16,0,0,16,0,0,16,0,0,17,0,0,17,0,0,18,0,-1,19,0,0,19,0,0,19,0,0,20,0,0,21,0,0,21,0,0,22,0,0,23,0,0,23,0,0,24,0,0,25,0,0,25,0,0,26,0,0,26,0,0,27,0,0,28,0,0,28,0,0,29,0,0,30,0,0,31,0,0,32,0,0,33,0,0,34,0,-1,36,0,-1,38,0,0,39,0,0,40,0,0,41,0,0,42,0,0,44,0,-1,46,0,-1,48,0,0,49,0,0,50,0,0,51,0,0,52,0,0,54,0,-1,56,0,-1,58,0,0,59,0,0,60,0,0,61,0,0,62,0,13,1,13,5,20,14,5,22,15,5,24,16,5,27,138],[0,0,0,0,0,0,0,0,0,0,0,0,0,0,0,0,0,0,0,0,0,0,0,0,0,0,0,0,0,0,0,0,0,0,0,0,0,0,0,0,0,0,0,0,0,0,0,0,0,0,0,0,0,0,0,0,0,0,0,0,0,0,0,0,0,0,0,0,0,0,0,0,0,0,0,0,0,0,0,0,0,0,0,0,0,0,0,0,0,0,0,0,0,0,0,0,0,0,0,0,0,0,0,36,38,43,46,48,53,56,58,63],[-1,1,-1,1,-1,3,-1,3,-1,3,-1,1,-1,14,-1,3,-1,1,-1,1,-1,-1,-1,1,-1,1,-1,3,-1,1,-1,1,-1,1,-1,1,-1,3,-1,-1,1,-1,-1,-1,1,-1,1,-1,3,-1,1,-1,1,-1,1,-1,1,-1,3,-1,-1,1,-1,-1,-1,1,-1,1,-1,3,-1,1,-1,1,-1,1,-1,1,-1,3,-1,-1,3,-1,1,-1,1,-1,1,-1,1,-1,-2,-3,-1,-2,-3,-1,-2,-3,-1,-2,-3,1,3,1,1,3,1,1,3,1],[0,13,0,14,0,2,0,2,0,2,0,15,16,17,0,2,0,18,0,19,0,0,0,4,0,5,0,2,0,6,0,20,0,3,0,7,0,2,0,0,21,0,0,0,4,0,5,0,2,0,6,0,22,0,3,0,7,0,2,0,0,23,0,0,0,4,0,5,0,2,0,6,0,24,0,3,0,7,0,2,0,0,2,0,4,0,5,0,25,0,26,27,28,8,9,29,30,31,10,32,3,11,12,8,2,11,9,2,12,10,2,3]],[[{"name":"crit_add_tag","rect":[221,404,111,106],"offset":[0,0],"originalSize":[111,106],"capInsets":[0,0,0,0]}],[0],0,[0],[2],[1]],[[{"name":"cd_reduce3","rect":[309,898,37,28],"offset":[0,0],"originalSize":[41,32],"rotated":1,"capInsets":[0,0,0,0]}],[0],0,[0],[2],[1]],[[{"name":"crit_add1","rect":[276,799,39,27],"offset":[0,0],"originalSize":[43,31],"capInsets":[0,0,0,0]}],[0],0,[0],[2],[1]],[[{"name":"crit_add_tittle","rect":[292,3,122,27],"offset":[0,0],"originalSize":[126,31],"rotated":1,"capInsets":[0,0,0,0]}],[0],0,[0],[2],[1]],[[{"name":"cd_reduce2","rect":[292,977,37,28],"offset":[0,0],"originalSize":[41,32],"rotated":1,"capInsets":[0,0,0,0]}],[0],0,[0],[2],[1]],[[{"name":"sun_reduce2","rect":[276,832,39,27],"offset":[0,0],"originalSize":[43,31],"capInsets":[0,0,0,0]}],[0],0,[0],[2],[1]],[[{"name":"sun_reduce1","rect":[276,865,39,27],"offset":[0,0],"originalSize":[43,31],"capInsets":[0,0,0,0]}],[0],0,[0],[2],[1]],[[{"name":"treasure_bg3","rect":[118,131,210,267],"offset":[0,0],"originalSize":[210,267],"capInsets":[0,0,0,0]}],[0],0,[0],[2],[1]],[[{"name":"crit_add3","rect":[276,898,39,27],"offset":[0,0],"originalSize":[43,31],"rotated":1,"capInsets":[0,0,0,0]}],[0],0,[0],[2],[1]]]]