[1,["ecpdLyjvZBwrvm+cedCcQy","caohSHbS5GEIzmwCrnMGn5","63Xhl1adlILooHaFKpcTGA","0eTMtHVPxAN7MDG9Tfj3EY","a2MjXRFdtLlYQ5ouAFv/+R","c1YDdWVANKrKUseu/BJmfj","7a/QZLET9IDreTiBfRn2PD","e0NBxb7j9AFKStdB+dsEgm","7aKVSYjxdIO5IIx2FT60fw","1a9v13WN9DAr/9kjEwnsLW","2aKJYU6u9G55yvfDap1e83","5aalEjxDdKdrNa7bJxf8La","21YQCh38JC0p3uHD5IvuB3","2b7dbpFudEIKLJQ+wQLCHj","41h23UWCFA2LzhkavM30Uq","22rMoykslEepe/P33a815A","f9IF8u0wZLmoJ/LOkVEZ9E","384w4kV5JAurVtdLwsxF79","dfMmHFPAFNmZDOgSb9HCJW","2dr2ieCYBIS7S+tFw9b9/l","2feRlJ3QNFh5DUZG3E5FSJ"],["node","_spriteFrame","_N$file","_N$skeletonData","root","_textureSetter","adRecBtnTxt","getAllBtn","recBtn","adRecBtn","data","_parent"],[["cc.Node",["_name","_active","_opacity","_prefab","_components","_contentSize","_parent","_trs","_children","_color","_anchorPoint","_eulerAngles"],0,4,9,5,1,7,2,5,5,5],["cc.Label",["_string","_fontSize","_N$horizontalAlign","_N$verticalAlign","_isSystemFontUsed","_lineHeight","_styleFlags","node","_materials","_N$file"],-4,1,3,6],["cc.Sprite",["_sizeMode","_isTrimmedMode","node","_materials","_spriteFrame"],1,1,3,6],["cc.Node",["_name","_parent","_components","_prefab","_trs","_children","_contentSize","_anchorPoint"],2,1,2,4,7,2,5,5],["cc.PrefabInfo",["fileId","root","asset"],2,1,1],["cc.Node",["_name","_parent","_components","_prefab","_contentSize","_trs","_color"],2,1,12,4,5,7,5],["cc.Widget",["_alignFlags","_originalWidth","_originalHeight","node"],0,1],["cc.Button",["_N$transition","node","clickEvents"],2,1,9],["07009t8FXVPd5/j6Z3klToj",["node","recedNode","coinIcon","coinFrames","propAni","propName","propCount","plantCardNode","plantIcon","cardBoardFrames"],3,1,1,1,3,1,1,1,1,1,3],"cc.SpriteFrame",["cc.Prefab",["_name"],2],["cc.BlockInputEvents",["node"],3,1],["9f77dOqf6JEWLFQaxF7d/9e",["node","adRecBtn","recBtn","getAllBtn","adRecBtnTxt","items"],3,1,1,1,1,1,2],["cc.ClickEvent",["_componentId","handler","target"],1,1],["7ff46OJBOxMo526UYe9FYB3",["node"],3,1],["cc.LabelOutline",["_width","node","_color"],2,1,5],["sp.Skeleton",["defaultSkin","defaultAnimation","_preCacheMode","_animationName","node","_materials"],-1,1,3],["261d4+Q1HdGA5w3tjdBw83c",["node","spineAnimation"],3,1,1]],[[4,0,1,2,2],[15,0,1,2,2],[2,2,3,4,1],[2,0,2,3,4,2],[3,0,1,2,3,6,7,4,2],[5,0,1,2,3,4,5,2],[1,0,1,5,2,3,7,8,6],[0,0,1,6,8,3,3],[0,0,2,6,4,3,9,5,7,3],[0,0,6,4,3,5,2],[3,0,1,5,2,3,4,2],[3,0,1,2,3,4,2],[5,0,1,2,3,6,4,5,2],[2,2,3,1],[1,0,1,5,4,2,3,7,8,7],[16,0,1,2,3,4,5,5],[17,0,1,1],[0,0,6,4,3,9,5,7,2],[1,0,1,5,6,2,3,7,8,7],[4,0,1,2],[8,0,1,2,3,4,5,6,1],[0,0,6,4,3,5,7,2],[13,0,1,2,3],[0,0,6,8,4,3,5,7,2],[7,1,2,1],[0,0,1,6,8,4,3,5,7,3],[2,0,1,2,3,3],[1,0,1,4,2,3,7,8,9,6],[8,0,1,2,3,4,7,8,5,6,9,1],[10,0,2],[0,0,8,4,3,5,7,2],[0,0,6,8,4,3,5,10,7,2],[0,0,1,6,8,4,3,5,10,7,3],[0,0,4,3,5,7,11,2],[0,0,2,6,4,3,9,5,3],[6,0,3,2],[6,0,1,2,3,4],[11,0,1],[12,0,1,2,3,4,5,1],[4,1,2,1],[7,0,1,2,2],[14,0,1],[1,0,1,4,2,3,7,8,6]],[[[{"name":"sign_board","rect":[0,0,864,584],"offset":[0,0],"originalSize":[864,584],"capInsets":[0,0,0,0]}],[9],0,[0],[5],[16]],[[[29,"SignView"],[30,"SignView",[-16,-17,-18,-19,-20,-21],[[35,45,-2],[37,-3],[38,-15,-14,-13,-12,-11,[-4,-5,-6,-7,-8,-9,-10]]],[39,-1,0],[5,1280,720],[640,360,0,0,0,0,1,1,1,1]],[23,"sign_board",1,[-23,-24,-25,-26,-27,-28,-29],[[2,-22,[115],116]],[0,"f6o+uuMe1AMIJyrJRxxQfh",1,0],[5,864,584],[-16,68,0,0,0,0,1,1,1,1]],[10,"reward_2",2,[-31,-32,-33,-34,-35,-36,-37],[-30],[0,"c7n7QVTy5L4LyjAbeiHzgj",1,0],[-89,23,0,0,0,0,1,1,1,1]],[10,"reward_7",2,[-39,-40,-41,-42,-43,-44,-45],[-38],[0,"649LRyQY9NNL29J+kQR9W2",1,0],[172.842,-166,0,0,0,0,1,1,1,1]],[10,"reward_1",2,[-47,-48,-49,-50,-51,-52],[-46],[0,"66GOSfs/ZIs5ytPxg8jBgR",1,0],[-263,23,0,0,0,0,1,1,1,1]],[10,"reward_3",2,[-54,-55,-56,-57,-58,-59],[-53],[0,"d85wZQ+gVDKKK+hRNOEARR",1,0],[89,23,0,0,0,0,1,1,1,1]],[10,"reward_4",2,[-61,-62,-63,-64,-65,-66],[-60],[0,"94L3DWS0JGwp58tkhvBc3R",1,0],[269,23,0,0,0,0,1,1,1,1]],[10,"reward_5",2,[-68,-69,-70,-71,-72,-73],[-67],[0,"8fKwZYJCdBBLYFwpwGtOSZ",1,0],[-263,-167,0,0,0,0,1,1,1,1]],[10,"reward_6",2,[-75,-76,-77,-78,-79,-80],[-74],[0,"e03VgUx0hCDoezwJCV9EX8",1,0],[-89,-166,0,0,0,0,1,1,1,1]],[23,"ad_rec_btn",1,[-83,-84],[[2,-81,[7],8],[24,-82,[[22,"9f77dOqf6JEWLFQaxF7d/9e","clickAdRec",1]]]],[0,"b4xrX63m5MNIPtybbcQexY",1,0],[5,312,123],[0,-277,0,0,0,0,1,1,1,1]],[31,"PlantCard",3,[-87],[[3,2,-86,[30],31]],[19,"e58Ge1BhJNb7My+67ar7qs",-85],[5,136,75],[0,0.5,0],[0,-31.227,0,0,0,0,1,1,1,1.2]],[32,"PlantCard",false,4,[-90],[[2,-89,[98],99]],[19,"cenktWZY1AY5xeyB/SbuvR",-88],[5,136,75],[0,0.5,0],[0,-50,0,0,0,0,1,1.2,1.2,1]],[25,"rec_btn",false,1,[-93],[[2,-91,[11],12],[24,-92,[[22,"9f77dOqf6JEWLFQaxF7d/9e","clickRec",1]]]],[0,"5a/yyB4ldCO56SsV5ttg9f",1,0],[5,312,123],[206,-277,0,0,0,0,1,1,1,1]],[25,"ad_getAll",false,1,[-96],[[2,-94,[121],122],[24,-95,[[22,"9f77dOqf6JEWLFQaxF7d/9e","getAll",1]]]],[0,"42ISrW3VtLBb4DLGuFvE1p",1,0],[5,312,123],[0,-277,0,0,0,0,1,1,1,1]],[33,"adTickIcon",[[3,0,-98,[3],4],[41,-99]],[19,"b6Lu6XTxpN0Ywi/GaFZene",-97],[5,57.4,47.4],[-0.881,-1.276,0,0,0,0.13917310096006544,0.9902680687415704,0.66667,0.72727,0.66667],[1,0,0,16]],[7,"rec_node",false,5,[-100,-101],[0,"c97sH2mNdJzqS2TrPVEgg7",1,0]],[7,"rec_node",false,3,[-102,-103],[0,"f8zXbD7/tAtppMNleBMygk",1,0]],[7,"rec_node",false,6,[-104,-105],[0,"9cAy0YCRRKOZrYXEqsvkaC",1,0]],[7,"rec_node",false,7,[-106,-107],[0,"9aaIy4NvhLgJhftFusATO7",1,0]],[7,"rec_node",false,8,[-108,-109],[0,"1fcB+nwCZBCr2n0qEn7ufT",1,0]],[7,"rec_node",false,9,[-110,-111],[0,"ffESroDW5A34FyQ5yFb7KJ",1,0]],[7,"rec_node",false,4,[-112,-113],[0,"c7MaJ4iR5BSpH6MGwAeca9",1,0]],[34,"mask",177,1,[[3,0,-114,[0],1],[36,45,100,100,-115]],[0,"2eDfL0T9xOqa7Wx7Tvdjk2",1,0],[4,4278190080],[5,1280,720]],[5,"txt",10,[[-116,[1,2,-117,[4,4278190080]]],1,4],[0,"9dUPlxzVxFC7M8dSqc6mXH",1,0],[5,152,54.4],[20,-10,0,0,0,0,1,1,1,1]],[23,"ad_icon",10,[15],[[2,-118,[5],6]],[0,"99/1Y+DydPvqqM1fLXUlds",1,0],[5,35,26],[-84,-10,0,0,0,0,1,1.2,1.1,1]],[21,"txt",13,[[27,"立即领取",37,false,1,1,-119,[9],10],[1,2,-120,[4,4278190080]]],[0,"15zTU+0KhGo7K1z+tGzVxx",1,0],[5,152,54.4],[-10,-10,0,0,0,0,1,1,1,1]],[5,"rewardname",5,[[-121,[1,2,-122,[4,4278190080]]],1,4],[0,"b0gtA9tUVP+IYboij8iq/7",1,0],[5,42.58,46.84],[0,-56,0,0,0,0,1,1,1,1]],[11,"27FX_ui",5,[-123,-124],[0,"36ijY7/VhPrpqr8mXbwgO6",1,0],[0,13,0,0,0,0,1,1,1,1]],[12,"rewardCount",5,[[-125,[1,2,-126,[4,4278208621]]],1,4],[0,"2dwYBVvV1MApF68ZqDBWHw",1,0],[4,4284081919],[5,37.8,49.36],[52.336,-27.134,0,0,0,0,1,1,1,1]],[5,"rewardname",3,[[-127,[1,2,-128,[4,4278190080]]],1,4],[0,"e45sarMrpDXL/Tb2uUk3D0",1,0],[5,42.58,46.84],[0,-56,0,0,0,0,1,1,1,1]],[11,"27FX_ui",3,[-129,-130],[0,"1bmOoD5zxG87Nujd34ZAMO",1,0],[0,13,0,0,0,0,1,1,1,1]],[12,"rewardCount",3,[[-131,[1,2,-132,[4,4278208621]]],1,4],[0,"12lobBTiFBu7aO2K3HlwMc",1,0],[4,4284081919],[5,37.8,49.36],[52.336,-27.134,0,0,0,0,1,1,1,1]],[5,"rewardname",6,[[-133,[1,2,-134,[4,4278190080]]],1,4],[0,"82+woqAFNLdpaO/GoPgR2q",1,0],[5,61.63,46.84],[0,-56,0,0,0,0,1,1,1,1]],[11,"27FX_ui",6,[-135,-136],[0,"aeLGotmXFDpIL+PreNy9yl",1,0],[0,13,0,0,0,0,1,1,1,1]],[12,"rewardCount",6,[[-137,[1,2,-138,[4,4278208621]]],1,4],[0,"63dwhcAzZJio7uWs2eJaf0",1,0],[4,4284081919],[5,37.8,49.36],[52.336,-27.134,0,0,0,0,1,1,1,1]],[5,"rewardname",7,[[-139,[1,2,-140,[4,4278190080]]],1,4],[0,"c1DjyjTSxBUqLHyiNkX4uH",1,0],[5,108,46.84],[0,-56,0,0,0,0,1,1,1,1]],[11,"27FX_ui",7,[-141,-142],[0,"bdcquQQ19GKJBd9Nn+24bI",1,0],[0,13,0,0,0,0,1,1,1,1]],[12,"rewardCount",7,[[-143,[1,2,-144,[4,4278208621]]],1,4],[0,"db2qOZ0IdKPKGsufuj3sk2",1,0],[4,4284081919],[5,37.8,49.36],[52.336,-27.134,0,0,0,0,1,1,1,1]],[5,"rewardname",8,[[-145,[1,2,-146,[4,4278190080]]],1,4],[0,"74BxjnX69L+LAk72sjfT3C",1,0],[5,60.16,46.84],[0,-56,0,0,0,0,1,1,1,1]],[11,"27FX_ui",8,[-147,-148],[0,"b0SckwyTJLfaf7TBbH3zMU",1,0],[0,13,0,0,0,0,1,1,1,1]],[12,"rewardCount",8,[[-149,[1,2,-150,[4,4278208621]]],1,4],[0,"d2lhu3HO9MVZYtZdxOsYTG",1,0],[4,4284081919],[5,37.8,49.36],[52.336,-27.134,0,0,0,0,1,1,1,1]],[5,"rewardname",9,[[-151,[1,2,-152,[4,4278190080]]],1,4],[0,"57Jzs7U5BKLqEy+YBAp3dO",1,0],[5,108,46.84],[0,-57,0,0,0,0,1,1,1,1]],[11,"27FX_ui",9,[-153,-154],[0,"ebEkuXdN9FJoD0EpQSNE7O",1,0],[0,13,0,0,0,0,1,1,1,1]],[12,"rewardCount",9,[[-155,[1,2,-156,[4,4278208621]]],1,4],[0,"0fcs/zZnRDKovNQEvFPNOw",1,0],[4,4284081919],[5,37.8,49.36],[52.336,-27.134,0,0,0,0,1,1,1,1]],[11,"27FX_ui",4,[-157,-158],[0,"bf4Akmw2pDeYmyWrKYZmTh",1,0],[0,4,0,0,0,0,1,1,1,1]],[5,"rewardname",4,[[-159,[1,2,-160,[4,4278190080]]],1,4],[0,"78S5UcYu5AL5RlRh8farzF",1,0],[5,108,46.84],[-3,-60,0,0,0,0,1,1,1,1]],[12,"rewardCount",4,[[-161,[1,2,-162,[4,4278208621]]],1,4],[0,"87Zoc87nRKIokriUk5SLzA",1,0],[4,4284081919],[5,37.8,49.36],[58.336,-31.134,0,0,0,0,1,1,1,1]],[21,"btn_close",1,[[3,2,-163,[117],118],[40,3,-164,[[22,"9f77dOqf6JEWLFQaxF7d/9e","clickClose",1]]]],[0,"f4rIlOPClKDL+DmaAL+WfI",1,0],[5,72,72],[385.038,257.644,0,0,0,0,1,0.8,0.8,0]],[21,"txt",14,[[27,"一键签到",37,false,1,1,-165,[119],120],[1,2,-166,[4,4278190080]]],[0,"c1x48I3dBGgL8sMwQUJZH/",1,0],[5,152,54.4],[0,-10,0,0,0,0,1,1,1,1]],[42,"立即领取",37,false,1,1,24,[2]],[17,"day",5,[[18,"1",30,34,1,1,1,-167,[13]]],[0,"63I8DLqzpGcKHzv1nyxJV/",1,0],[4,4278328466],[5,16.68,42.84],[-52,78,0,0,0,0,1,1,1,1]],[4,"coin1",5,[-168],[0,"b3xTDmaNlNcp1eDEwsZIx7",1,0],[5,99,79],[0,0.5,0],[0,-40,0,0,0,0,1,1,1,1]],[13,52,[14]],[14,"50",30,34,false,1,1,27,[15]],[15,"default","1ui_1",0,"1ui_1",28,[16]],[16,28,55],[6,"x5",32,36,1,1,29,[17]],[8,"mask",177,16,[[3,0,-169,[18],19]],[0,"0c2dqkB61Klp4pk51vyLzT",1,0],[4,4278190080],[5,164.5,177.5],[2,6.5,0,0,0,0,1,1,1,1]],[9,"achieve_picked",16,[[2,-170,[20],21]],[0,"a2LRbyuRVHxI6WJzCANHoX",1,0],[5,169,73]],[20,5,16,53,[22,23,24],56,54,57],[17,"day",3,[[18,"2",30,34,1,1,1,-171,[25]]],[0,"9cN4Xg8SRGhKnvU7FdbLXB",1,0],[4,4278328466],[5,16.68,42.84],[-52,78,0,0,0,0,1,1,1,1]],[4,"coin1",3,[-172],[0,"24cZa2A9lHs723/l64rggW",1,0],[5,99,79],[0,0.5,0],[0,-40,0,0,0,0,1,1,1,1]],[13,62,[26]],[14,"50",30,34,false,1,1,30,[27]],[15,"default","1ui_1",0,"1ui_1",31,[28]],[16,31,65],[4,"Icon",11,[-173],[19,"dcoXiNMopDd69+VrjIxC+X",11],[5,120,66],[0,0.5,0],[-3.41,8.055,0,0,0,0,1,1,1,1]],[26,2,false,67,[29]],[6,"x5",32,36,1,1,32,[32]],[8,"mask",177,17,[[3,0,-174,[33],34]],[0,"31R7r9SDxAdI5WgnuKNK/W",1,0],[4,4278190080],[5,164.5,177.5],[1,6.5,0,0,0,0,1,1,1,1]],[9,"achieve_picked",17,[[2,-175,[35],36]],[0,"8dMiiBdZZGHINM9ntt5Aiy",1,0],[5,169,73]],[28,3,17,63,[37,38,39],66,11,68,64,69,[40,41,42,43,44,45]],[17,"day",6,[[18,"3",30,34,1,1,1,-176,[46]]],[0,"58TU6TOJBB65qrl9hznkGw",1,0],[4,4278328466],[5,16.68,42.84],[-56,78,0,0,0,0,1,1,1,1]],[4,"coin1",6,[-177],[0,"4d4ToPn0VMiK2vv15cso2a",1,0],[5,101,84],[0,0.5,0],[0,-40,0,0,0,0,1,1,1,1]],[13,74,[47]],[14,"250",30,34,false,1,1,33,[48]],[15,"default","1ui_1",0,"1ui_1",34,[49]],[16,34,77],[6,"x5",32,36,1,1,35,[50]],[8,"mask",177,18,[[3,0,-178,[51],52]],[0,"2fdH5fobFCtLXNl2JozUSt",1,0],[4,4278190080],[5,164.5,177.5],[-3,6.5,0,0,0,0,1,1,1,1]],[9,"achieve_picked",18,[[2,-179,[53],54]],[0,"fdIat4rQNKxarD7UPoWzEn",1,0],[5,169,73]],[20,6,18,75,[55,56,57],78,76,79],[17,"day",7,[[18,"4",30,34,1,1,1,-180,[58]]],[0,"6emlw/wPFEuYn+gdbInFNB",1,0],[4,4278328466],[5,16.68,42.84],[-62,79,0,0,0,0,1,1,1,1]],[4,"coin1",7,[-181],[0,"b9aCMj365NoJWbKcCH2pY6",1,0],[5,101,84],[0,0.5,0],[0,-40,0,0,0,0,1,1,1,1]],[13,84,[59]],[14,"免费阳光",26,34,false,1,1,36,[60]],[15,"default","1ui_1",0,"1ui_1",37,[61]],[16,37,87],[6,"x5",32,36,1,1,38,[62]],[8,"mask",177,19,[[3,0,-182,[63],64]],[0,"84DkCl+15KxJte1ygtRs0O",1,0],[4,4278190080],[5,164.5,177.5],[-9,6.5,0,0,0,0,1,1,1,1]],[9,"achieve_picked",19,[[2,-183,[65],66]],[0,"0dfrvTQ7pKE59yg8OUfL0Y",1,0],[5,169,73]],[20,7,19,85,[67,68,69],88,86,89],[17,"day",8,[[18,"5",30,34,1,1,1,-184,[70]]],[0,"bdAVXgLzFGz5kjIljP7SXn",1,0],[4,4278328466],[5,16.68,42.84],[-52,78,0,0,0,0,1,1,1,1]],[4,"coin1",8,[-185],[0,"ca9k0SO8RACp2cxWpy0Cq3",1,0],[5,114,101],[0,0.5,0],[0,-40,0,0,0,0,1,1,1,1]],[13,94,[71]],[14,"500",30,34,false,1,1,39,[72]],[15,"default","1ui_1",0,"1ui_1",40,[73]],[16,40,97],[6,"x5",32,36,1,1,41,[74]],[8,"mask",177,20,[[3,0,-186,[75],76]],[0,"69TI0FdDlNepetrzJZCqju",1,0],[4,4278190080],[5,164.5,177.5],[2,7.5,0,0,0,0,1,1,1,1]],[9,"achieve_picked",20,[[2,-187,[77],78]],[0,"8dk5w02lRLA6k2ZRntAEcS",1,0],[5,169,73]],[20,8,20,95,[79,80,81],98,96,99],[17,"day",9,[[18,"6",30,34,1,1,1,-188,[82]]],[0,"afgaQIryxKKZByktIhaC4F",1,0],[4,4278328466],[5,16.68,42.84],[-53,79,0,0,0,0,1,1,1,1]],[4,"coin1",9,[-189],[0,"3eyEWbSQRBc48wV416BH68",1,0],[5,101,84],[0,0.5,0],[0,-40,0,0,0,0,1,1,1,1]],[13,104,[83]],[14,"自动拾取",26,34,false,1,1,42,[84]],[15,"default","3ui_1",0,"3ui_1",43,[85]],[16,43,107],[6,"x5",32,36,1,1,44,[86]],[8,"mask",177,21,[[3,0,-190,[87],88]],[0,"03kTXHu0ROFL41b1JVacb8",1,0],[4,4278190080],[5,164.5,177.5],[1,6.5,0,0,0,0,1,1,1,1]],[9,"achieve_picked",21,[[2,-191,[89],90]],[0,"60y5SXK3tAY5idzhVTEwGk",1,0],[5,169,73]],[20,9,21,105,[91,92,93],108,106,109],[21,"day",4,[[6,"第7天",25,30,1,1,-192,[94]]],[0,"41nFSsbjBDdJZz5fVwvNCR",1,0],[5,63.9,37.8],[-2,71,0,0,0,0,1,1,1,1]],[4,"coin1",4,[-193],[0,"0caJLEumZJe64+rDA5kYrK",1,0],[5,99,79],[0,0.5,0],[0,-49,0,0,0,0,1,1,1,1]],[13,114,[95]],[15,"default","1ui_1",0,"1ui_1",45,[96]],[16,45,116],[4,"Icon",12,[-194],[19,"dcoXiNMopDd69+VrjIxC+X",12],[5,128,68],[0,0.5,0],[0,4,0,0,0,0,1,1,1,1]],[26,0,false,118,[97]],[14,"西瓜投手",26,34,false,1,1,46,[100]],[6,"x5",32,36,1,1,47,[101]],[8,"mask",177,22,[[3,0,-195,[102],103]],[0,"a8CJZ8XopI+ayBtgSJNDBV",1,0],[4,4278190080],[5,340,177.5],[0.5,6.5,0,0,0,0,1,1,1,1]],[9,"achieve_picked",22,[[2,-196,[104],105]],[0,"e129qCax1FpIOM90hCymeH",1,0],[5,169,73]],[28,4,22,115,[106,107,108],117,12,119,120,121,[109,110,111,112,113,114]]],0,[0,4,1,0,0,1,0,0,1,0,-1,60,0,-2,72,0,-3,82,0,-4,92,0,-5,102,0,-6,112,0,-7,124,0,6,50,0,7,14,0,8,13,0,9,10,0,0,1,0,-1,23,0,-2,10,0,-3,13,0,-4,2,0,-5,48,0,-6,14,0,0,2,0,-1,5,0,-2,3,0,-3,6,0,-4,7,0,-5,8,0,-6,9,0,-7,4,0,-1,72,0,-1,61,0,-2,62,0,-3,30,0,-4,31,0,-5,11,0,-6,32,0,-7,17,0,-1,124,0,-1,113,0,-2,114,0,-3,45,0,-4,12,0,-5,46,0,-6,47,0,-7,22,0,-1,60,0,-1,51,0,-2,52,0,-3,27,0,-4,28,0,-5,29,0,-6,16,0,-1,82,0,-1,73,0,-2,74,0,-3,33,0,-4,34,0,-5,35,0,-6,18,0,-1,92,0,-1,83,0,-2,84,0,-3,36,0,-4,37,0,-5,38,0,-6,19,0,-1,102,0,-1,93,0,-2,94,0,-3,39,0,-4,40,0,-5,41,0,-6,20,0,-1,112,0,-1,103,0,-2,104,0,-3,42,0,-4,43,0,-5,44,0,-6,21,0,0,10,0,0,10,0,-1,24,0,-2,25,0,4,11,0,0,11,0,-1,67,0,4,12,0,0,12,0,-1,118,0,0,13,0,0,13,0,-1,26,0,0,14,0,0,14,0,-1,49,0,4,15,0,0,15,0,0,15,0,-1,58,0,-2,59,0,-1,70,0,-2,71,0,-1,80,0,-2,81,0,-1,90,0,-2,91,0,-1,100,0,-2,101,0,-1,110,0,-2,111,0,-1,122,0,-2,123,0,0,23,0,0,23,0,-1,50,0,0,24,0,0,25,0,0,26,0,0,26,0,-1,54,0,0,27,0,-1,55,0,-2,56,0,-1,57,0,0,29,0,-1,64,0,0,30,0,-1,65,0,-2,66,0,-1,69,0,0,32,0,-1,76,0,0,33,0,-1,77,0,-2,78,0,-1,79,0,0,35,0,-1,86,0,0,36,0,-1,87,0,-2,88,0,-1,89,0,0,38,0,-1,96,0,0,39,0,-1,97,0,-2,98,0,-1,99,0,0,41,0,-1,106,0,0,42,0,-1,107,0,-2,108,0,-1,109,0,0,44,0,-1,116,0,-2,117,0,-1,120,0,0,46,0,-1,121,0,0,47,0,0,48,0,0,48,0,0,49,0,0,49,0,0,51,0,-1,53,0,0,58,0,0,59,0,0,61,0,-1,63,0,-1,68,0,0,70,0,0,71,0,0,73,0,-1,75,0,0,80,0,0,81,0,0,83,0,-1,85,0,0,90,0,0,91,0,0,93,0,-1,95,0,0,100,0,0,101,0,0,103,0,-1,105,0,0,110,0,0,111,0,0,113,0,-1,115,0,-1,119,0,0,122,0,0,123,0,10,1,15,11,25,196],[0,0,0,0,0,0,0,0,0,0,0,0,0,0,0,0,0,0,0,0,0,0,0,0,0,0,0,0,0,0,0,0,0,0,0,0,0,0,0,0,0,0,0,0,0,0,0,0,0,0,0,0,0,0,0,0,0,0,0,0,0,0,0,0,0,0,0,0,0,0,0,0,0,0,0,0,0,0,0,0,0,0,0,0,0,0,0,0,0,0,0,0,0,0,0,0,0,0,0,0,0,0,0,0,0,0,0,0,0,0,0,0,0,0,0,0,0,0,0,0,0,0,0,50,53,54,55,63,64,65,75,76,77,85,86,87,95,96,97,105,106,107,115,116,120],[-1,1,-1,-1,1,-1,1,-1,1,-1,2,-1,1,-1,-1,-1,-1,-1,-1,1,-1,1,-1,-2,-3,-1,-1,-1,-1,-1,-1,1,-1,-1,1,-1,1,-1,-2,-3,-1,-2,-3,-4,-5,-6,-1,-1,-1,-1,-1,-1,1,-1,1,-1,-2,-3,-1,-1,-1,-1,-1,-1,1,-1,1,-1,-2,-3,-1,-1,-1,-1,-1,-1,1,-1,1,-1,-2,-3,-1,-1,-1,-1,-1,-1,1,-1,1,-1,-2,-3,-1,-1,-1,-1,-1,1,-1,-1,-1,1,-1,1,-1,-2,-3,-1,-2,-3,-4,-5,-6,-1,1,-1,1,-1,2,-1,1,2,1,2,3,1,2,3,1,2,3,1,2,3,1,2,3,1,2,3,1,3,2],[0,4,0,0,17,0,18,0,9,0,1,0,9,0,0,0,6,0,0,4,0,7,2,3,5,0,0,0,6,0,0,10,0,0,4,0,7,2,3,5,12,10,11,13,14,15,0,0,0,6,0,0,4,0,7,2,3,5,0,0,0,6,0,0,4,0,7,2,3,5,0,0,0,6,0,0,4,0,7,2,3,5,0,0,0,6,0,0,4,0,7,2,3,5,0,0,6,0,0,11,0,0,0,4,0,7,2,3,5,12,10,11,13,14,15,0,19,0,20,0,1,0,9,1,2,1,8,2,1,8,3,1,8,3,1,8,5,1,8,3,1,8,2,8,1]]]]