[1,["62RUMfB6ZFvLTz+fwnMa5k"],0,[["sp.SkeletonData",["_name","_atlasText","textureNames","_skeletonJson","textures"],-1,3]],[[0,0,1,2,3,4,5]],[[0,"n03_maoweicao","\r\nn03_maoweicao.png\r\nsize: 189,267\r\nformat: RGBA8888\r\nfilter: Linear,Linear\r\nrepeat: none\r\n03_maoweicao/eye0\r\n  rotate: false\r\n  xy: 134, 69\r\n  size: 50, 28\r\n  orig: 50, 28\r\n  offset: 0, 0\r\n  index: -1\r\n03_maoweicao/eye1\r\n  rotate: false\r\n  xy: 134, 99\r\n  size: 51, 28\r\n  orig: 51, 28\r\n  offset: 0, 0\r\n  index: -1\r\n03_maoweicao/lian\r\n  rotate: false\r\n  xy: 2, 2\r\n  size: 94, 78\r\n  orig: 94, 78\r\n  offset: 0, 0\r\n  index: -1\r\n03_maoweicao/meimao\r\n  rotate: false\r\n  xy: 120, 9\r\n  size: 47, 14\r\n  orig: 47, 14\r\n  offset: 0, 0\r\n  index: -1\r\n03_maoweicao/tou\r\n  rotate: false\r\n  xy: 2, 82\r\n  size: 130, 112\r\n  orig: 130, 112\r\n  offset: 0, 0\r\n  index: -1\r\n03_maoweicao/weiba\r\n  rotate: true\r\n  xy: 2, 196\r\n  size: 69, 151\r\n  orig: 69, 151\r\n  offset: 0, 0\r\n  index: -1\r\n03_maoweicao/weibajian\r\n  rotate: false\r\n  xy: 98, 3\r\n  size: 20, 20\r\n  orig: 20, 20\r\n  offset: 0, 0\r\n  index: -1\r\n03_maoweicao/yezi0\r\n  rotate: false\r\n  xy: 98, 25\r\n  size: 85, 42\r\n  orig: 85, 42\r\n  offset: 0, 0\r\n  index: -1\r\n03_maoweicao/yezi1\r\n  rotate: true\r\n  xy: 155, 129\r\n  size: 63, 30\r\n  orig: 63, 30\r\n  offset: 0, 0\r\n  index: -1\r\n03_maoweicao/yezi2\r\n  rotate: true\r\n  xy: 155, 194\r\n  size: 71, 32\r\n  orig: 71, 32\r\n  offset: 0, 0\r\n  index: -1\r\n03_maoweicao/zui\r\n  rotate: true\r\n  xy: 134, 168\r\n  size: 26, 19\r\n  orig: 26, 19\r\n  offset: 0, 0\r\n  index: -1\r\n",["n03_maoweicao.png"],{"skeleton":{"hash":"+q2d/TjbuxeGX1UxmrbFvaXNre4","spine":"3.8.99","x":-46.35,"y":-8.72,"width":89.29,"height":96.61,"fps":24,"images":"./library/","audio":"D:/Work/植物大战僵尸2娘化版/动画/娘化版/普通植物/龙骨导出的spine资源/n03_maoweicao"},"bones":[{"name":"root","x":0.5,"y":6.06,"scaleX":0.0987,"scaleY":0.0987},{"name":"bone","parent":"root","x":47.43,"y":-0.88},{"name":"lian","parent":"bone","length":491,"rotation":90,"x":-1.38,"y":30.98},{"name":"yezi2","parent":"bone","length":283,"rotation":176.2,"x":-92.53,"y":47.88},{"name":"yezi1","parent":"bone","length":282,"rotation":-6.11,"x":83.17,"y":31.88},{"name":"yezi0","parent":"bone","length":169,"rotation":-91.27,"x":11.77,"y":41.28},{"name":"weiba","parent":"bone","x":-215.23,"y":96.75},{"name":"weiba1","parent":"weiba","length":92,"rotation":166.59,"x":-8.55,"y":2.1},{"name":"eye0","parent":"lian","length":240,"rotation":-75.52,"x":172.93,"y":-57.79},{"name":"zui","parent":"lian","x":155.9,"y":-225.4},{"name":"meimao","parent":"lian","x":323.1,"y":-160.6},{"name":"eye1","parent":"lian","x":166.2,"y":-50.55},{"name":"weiba2","parent":"weiba1","length":90,"rotation":-29.68,"x":94.37,"y":1.52},{"name":"weiba3","parent":"weiba2","length":83,"rotation":-21.98,"x":90.98},{"name":"weiba4","parent":"weiba3","length":82,"rotation":-21.95,"x":86.21,"y":2.44},{"name":"weiba5","parent":"weiba4","length":384,"rotation":-22.18,"x":88.94,"y":-2.48}],"slots":[{"name":"weiba","bone":"weiba5","attachment":"03_maoweicao/weiba"},{"name":"yezi2","bone":"yezi2","attachment":"03_maoweicao/yezi2"},{"name":"yezi1","bone":"yezi1","attachment":"03_maoweicao/yezi1"},{"name":"lian","bone":"lian","attachment":"03_maoweicao/lian"},{"name":"meimao","bone":"meimao","attachment":"03_maoweicao/meimao"},{"name":"tou","bone":"lian","attachment":"03_maoweicao/tou"},{"name":"zui","bone":"zui","attachment":"03_maoweicao/zui"},{"name":"eye1","bone":"eye1","color":"ffffff00","attachment":"03_maoweicao/eye1"},{"name":"eye0","bone":"eye0","attachment":"03_maoweicao/eye0"},{"name":"yezi0","bone":"yezi0","attachment":"03_maoweicao/yezi0"},{"name":"weibajian","bone":"weiba5","attachment":"03_maoweicao/weibajian"}],"skins":[{"name":"default","attachments":{"eye0":{"03_maoweicao/eye0":{"x":118.78,"y":-3.57,"rotation":-14.48,"width":249,"height":140}},"eye1":{"03_maoweicao/eye1":{"x":31.89,"y":-120.4,"rotation":-90,"width":256,"height":140}},"lian":{"03_maoweicao/lian":{"x":175.09,"y":-105.45,"rotation":-90,"width":471,"height":390}},"meimao":{"03_maoweicao/meimao":{"x":3.49,"y":13.65,"rotation":-90,"width":236,"height":72}},"tou":{"03_maoweicao/tou":{"x":284.09,"y":1.05,"rotation":-90,"width":652,"height":560}},"weiba":{"03_maoweicao/weiba":{"type":"mesh","hull":52,"width":344,"height":754,"uvs":[0.97209,0.98097,0.97529,0.96718,0.95887,0.95186,0.90974,0.94251,0.84419,0.93395,0.77776,0.92493,0.70567,0.9122,0.6327,0.8939,0.56468,0.87036,0.5064,0.84231,0.45887,0.81578,0.42035,0.78137,0.39331,0.74847,0.37529,0.71558,0.36788,0.68753,0.36875,0.66658,0.41962,0.67029,0.50814,0.66353,0.5811,0.62692,0.63605,0.61757,0.77413,0.5246,0.86017,0.46936,0.95785,0.37613,1,0.3124,1,0.12261,0.87413,0,0.71366,0,0.43692,0.02182,0.27209,0.07076,0.16977,0.12155,0.09753,0.21499,0.0327,0.28057,0,0.35179,0,0.43435,0,0.54788,0,0.59025,0.06279,0.62639,0.12776,0.64237,0.18605,0.65716,0.19157,0.68601,0.20276,0.72202,0.22122,0.75802,0.25218,0.79635,0.29419,0.83362,0.33852,0.86678,0.39666,0.90338,0.46948,0.93667,0.55596,0.96313,0.66206,0.98574,0.77195,0.99973,0.86337,1,0.94608,1],"triangles":[29,30,28,27,28,24,26,27,24,25,26,24,30,22,23,28,30,23,24,28,23,30,31,21,30,21,22,31,32,21,32,33,20,32,20,21,33,18,20,18,19,20,33,34,18,16,17,18,34,36,37,34,35,36,34,15,18,34,37,38,34,38,15,15,16,18,13,41,12,14,40,13,40,41,13,38,39,15,15,39,14,39,40,14,10,44,9,11,43,10,43,44,10,12,42,11,42,43,11,41,42,12,8,46,7,46,47,7,45,46,8,9,45,8,44,45,9,4,50,3,4,49,50,5,49,4,48,49,5,6,48,5,47,48,6,7,47,6,2,3,0,2,0,1,50,51,0,3,50,0],"vertices":[1,6,27.35,-6.36,1,1,6,28.45,4.04,1,1,6,22.8,15.59,1,4,6,5.9,22.64,0.51752,7,-9.29,-23.33,0.44918,12,-77.76,-72.92,0.02492,13,-129.18,-130.79,0.00838,4,6,-16.65,29.09,0.32333,7,14.14,-24.38,0.61144,12,-56.88,-62.23,0.05111,13,-113.82,-113.06,0.01411,4,6,-39.5,35.89,0.16144,7,37.94,-25.69,0.69674,12,-35.55,-51.58,0.11718,13,-98.02,-95.2,0.02463,4,6,-64.3,45.49,0.08267,7,64.29,-29.28,0.59823,12,-10.88,-41.65,0.27675,13,-78.86,-76.76,0.04235,4,6,-89.4,59.29,0.04807,7,91.91,-36.89,0.40665,12,16.88,-34.59,0.46255,13,-55.77,-59.82,0.08272,4,7,118.78,-48.73,0.18778,12,46.09,-31.57,0.58274,13,-29.81,-46.08,0.19278,14,-89.48,-88.36,0.03671,4,7,143.19,-64.65,0.07778,12,75.18,-33.32,0.4766,13,-2.18,-36.81,0.38907,14,-67.32,-69.44,0.05655,4,7,163.73,-80.32,0.04216,12,100.79,-36.76,0.33323,13,22.85,-30.42,0.52863,14,-46.49,-54.15,0.09598,4,12,128.19,-46.66,0.13964,13,51.97,-29.34,0.58993,14,-19.89,-42.27,0.23262,15,-85.76,-77.93,0.03781,4,12,151.92,-58.42,0.06474,13,78.37,-31.36,0.4772,14,5.36,-34.28,0.3994,15,-65.39,-60.99,0.05867,4,12,173.39,-72.3,0.03983,13,103.48,-36.19,0.28067,14,30.45,-29.37,0.56242,15,-44.01,-46.98,0.11708,4,12,189.7,-86,0.02723,13,123.73,-42.79,0.13528,14,51.71,-27.93,0.60538,15,-24.88,-37.62,0.23211,4,12,200.27,-97.75,0.02028,13,137.93,-49.72,0.08023,14,67.47,-29.05,0.52201,15,-9.85,-32.71,0.37748,4,12,185.58,-107.65,0.04528,13,128.02,-64.41,0.15197,14,63.76,-46.38,0.43629,15,-6.75,-50.16,0.36645,4,12,166.82,-132.18,0.08976,13,119.81,-94.18,0.20521,14,67.27,-77.06,0.35335,15,8.08,-77.24,0.35169,4,12,167.35,-169.48,0.09881,13,134.26,-128.57,0.179,14,93.53,-103.56,0.31586,15,42.4,-91.87,0.40633,4,12,158.36,-187.54,0.11541,13,132.68,-148.68,0.18712,14,99.58,-122.8,0.29881,15,55.27,-107.4,0.39866,4,12,171.55,-271.18,0.10714,13,176.23,-221.3,0.14899,14,167.12,-173.88,0.22924,15,137.09,-129.21,0.51462,4,12,178.38,-321.82,0.10364,13,201.52,-265.7,0.13637,14,207.17,-205.61,0.19922,15,186.16,-143.47,0.56077,4,12,201.86,-396.12,0.08818,13,251.11,-325.8,0.11115,14,275.62,-242.83,0.15488,15,263.59,-152.1,0.64579,3,13,288.57,-359.21,0.10022,14,322.85,-259.81,0.13677,15,313.74,-149.99,0.76301,1,15,448.89,-102.95,1,1,15,521.96,-31.66,1,1,15,503.82,20.47,1,1,15,456.98,104.97,1,1,15,403.49,146.39,1,2,14,481.43,17.92,0.14861,15,355.75,167.04,0.85139,3,13,486.03,-108.64,0.11381,14,412.36,46.4,0.17817,15,281.05,167.35,0.70802,3,13,450.59,-67.58,0.13581,14,364.14,71.24,0.22404,15,227.01,172.15,0.64014,4,12,455.05,-184.44,0.08686,13,406.64,-34.74,0.13714,14,311.1,85.27,0.24314,15,172.6,165.12,0.53287,4,12,412.52,-138.98,0.08282,13,350.19,-8.5,0.14294,14,248.93,88.51,0.28611,15,113.81,144.66,0.48813,4,12,354.05,-76.46,0.07368,13,272.56,27.58,0.15174,14,163.45,92.97,0.36446,15,32.97,116.51,0.41013,4,12,332.23,-53.13,0.07092,13,243.59,41.05,0.15875,14,131.54,94.63,0.38225,15,2.79,106.01,0.38808,4,12,297.84,-47.98,0.05358,13,209.77,32.95,0.14208,14,103.21,74.48,0.40648,15,-15.84,76.65,0.39786,4,12,273.28,-54.45,0.03457,13,189.43,17.76,0.10856,14,90.01,52.79,0.44332,15,-19.87,51.58,0.41354,4,12,251.02,-60,0.0191,13,170.86,4.28,0.07289,14,77.83,33.34,0.50721,15,-23.81,28.98,0.4008,4,12,234.78,-45.41,0.02662,13,150.34,11.72,0.13119,14,56.01,32.58,0.57733,15,-43.73,20.04,0.26486,4,12,213.42,-28.21,0.03359,13,124.1,19.67,0.25936,14,28.7,30.15,0.59234,15,-68.1,7.48,0.1147,4,12,190.24,-12.72,0.03278,13,96.8,25.36,0.40146,14,1.25,25.22,0.52617,15,-91.66,-7.45,0.03958,4,12,162.72,1.11,0.07573,13,66.1,27.88,0.51502,14,-28.16,16.09,0.38075,15,-115.45,-27.01,0.02849,4,7,215.72,-54.1,0.0241,12,132.97,11.76,0.22135,13,34.53,26.63,0.61961,14,-56.97,3.12,0.13495,4,7,195.09,-33.32,0.02287,12,104.76,19.6,0.44572,13,5.43,23.33,0.49285,14,-82.73,-10.81,0.03856,4,7,169.24,-11.11,0.06214,12,71.3,26.1,0.55532,13,-28.03,16.83,0.35399,14,-111.34,-29.34,0.02854,4,7,139.05,7.5,0.21077,12,35.86,27.32,0.64087,13,-61.35,4.7,0.1264,14,-137.71,-53.05,0.02197,4,6,-115.8,7.09,0.01832,7,105.48,20.01,0.42335,12,0.5,21.57,0.52983,13,-91.98,-13.87,0.0285,4,6,-79.3,-9.96,0.07311,7,66.03,28.13,0.58991,12,-37.8,9.09,0.30896,13,-122.82,-39.78,0.02802,4,6,-41.5,-20.51,0.25508,7,26.81,29.63,0.62245,12,-72.62,-9.03,0.10211,13,-148.32,-69.62,0.02036,4,6,-10.05,-20.71,0.48041,7,-3.83,22.54,0.48722,12,-95.72,-30.36,0.02525,13,-161.76,-98.05,0.00712,1,6,18.4,-20.71,1],"edges":[0,2,2,4,4,6,6,8,8,10,10,12,12,14,14,16,16,18,18,20,20,22,22,24,24,26,26,28,28,30,30,32,32,34,34,36,36,38,38,40,40,42,42,44,44,46,46,48,48,50,50,52,52,54,54,56,56,58,58,60,60,62,62,64,64,66,66,68,68,70,70,72,72,74,74,76,76,78,78,80,80,82,82,84,84,86,86,88,88,90,90,92,92,94,94,96,96,98,98,100,100,102,102,0]}},"weibajian":{"03_maoweicao/weibajian":{"x":451.41,"y":3.79,"rotation":-70.81,"width":102,"height":102}},"yezi0":{"03_maoweicao/yezi0":{"x":86.68,"y":-20.28,"rotation":91.27,"width":426,"height":208}},"yezi1":{"03_maoweicao/yezi1":{"x":142.55,"y":-3.17,"rotation":6.11,"width":316,"height":149}},"yezi2":{"03_maoweicao/yezi2":{"x":133.45,"y":-11.36,"rotation":-176.2,"width":355,"height":158}},"zui":{"03_maoweicao/zui":{"x":-33.31,"y":20.95,"rotation":-90,"width":129,"height":97}}}}],"events":{"gongji":{}},"animations":{"daiji":{"slots":{"eye1":{"color":[{"color":"ffffffff"}]}},"bones":{"lian":{"scale":[{"x":0.95,"y":1.05},{"time":0.5833,"x":1.05,"y":0.95},{"time":1.25,"x":0.95,"y":1.05}]},"yezi2":{"rotate":[{"angle":12.82},{"time":0.6667,"angle":7.62},{"time":1.25,"angle":12.82}]},"yezi1":{"rotate":[{},{"time":0.5833,"angle":5.9},{"time":1.25}]},"yezi0":{"translate":[{},{"time":0.6667,"y":14.22},{"time":1.25}]},"weiba1":{"rotate":[{"angle":-5.99},{"time":0.625,"angle":0.06},{"time":1.25,"angle":-5.99}]},"weiba2":{"rotate":[{"angle":-3.15},{"time":0.125,"angle":-4.36},{"time":0.75,"angle":1.69},{"time":1.25,"angle":-3.15}]},"weiba3":{"rotate":[{"angle":-0.31},{"time":0.25,"angle":-2.73},{"time":0.875,"angle":3.32},{"time":1.25,"angle":-0.31}]},"weiba4":{"rotate":[{"angle":2.53},{"time":0.375,"angle":-1.1},{"time":1,"angle":4.95},{"time":1.25,"angle":2.53}]},"weiba5":{"rotate":[{"angle":5.37},{"time":0.5,"angle":0.53},{"time":1.125,"angle":6.58},{"time":1.25,"angle":5.37}]}}},"gongji":{"slots":{"eye1":{"color":[{"color":"ffffffff"},{"time":0.2083,"color":"ffffff00"},{"time":0.2917,"color":"ffffffff"},{"time":0.375,"color":"ffffff00"},{"time":0.5417,"color":"ffffffff"}]},"weibajian":{"attachment":[{"time":0.2917,"name":null},{"time":0.5417,"name":"03_maoweicao/weibajian"}]}},"bones":{"eye1":{"translate":[{},{"time":0.2917,"x":-28.23,"y":-19.07},{"time":0.5417}]},"weiba5":{"rotate":[{"angle":5.37},{"time":0.2083,"angle":9.51},{"time":0.2917,"angle":0.22},{"time":0.375,"angle":-13.3},{"time":0.5417,"angle":5.37}]},"lian":{"rotate":[{},{"time":0.2083,"angle":16.47},{"time":0.2917,"angle":-19.05},{"time":0.375,"angle":-16.36},{"time":0.5417}],"scale":[{"x":0.95,"y":1.05},{"time":0.2083,"x":1.05,"y":0.9},{"time":0.2917,"x":1.15,"y":0.95},{"time":0.375,"x":0.9,"y":1.05},{"time":0.5417,"x":0.95,"y":1.05}]},"yezi2":{"rotate":[{"angle":12.82,"curve":"stepped"},{"time":0.25,"angle":12.82},{"time":0.3333,"angle":6.57},{"time":0.5417,"angle":12.82}],"scale":[{},{"time":0.25,"x":0.9,"y":0.9},{"time":0.3333,"x":1.1,"y":1.1},{"time":0.5417}]},"yezi1":{"rotate":[{},{"time":0.2083,"angle":6.82},{"time":0.2917,"angle":-1.93},{"time":0.5417}],"scale":[{},{"time":0.2083,"x":0.9,"y":0.9},{"time":0.2917,"x":1.05,"y":1.05},{"time":0.5417}]},"yezi0":{"rotate":[{"time":0.2083},{"time":0.2917,"angle":-11.13},{"time":0.5417}],"translate":[{"time":0.2083},{"time":0.2917,"y":34.67},{"time":0.5417}],"scale":[{},{"time":0.2083,"x":0.9,"y":0.9},{"time":0.2917,"x":1.05,"y":1.05},{"time":0.5417}]},"weiba":{"translate":[{},{"time":0.2917,"x":3.26},{"time":0.5417}]},"weiba1":{"rotate":[{"angle":-5.99},{"time":0.2083,"angle":7.32},{"time":0.2917,"angle":-43.31},{"time":0.5417,"angle":-5.99}],"scale":[{},{"time":0.2083,"y":1.2},{"time":0.5417}]},"eye0":{"translate":[{"time":0.2083},{"time":0.2917,"x":-24.46,"y":-21.29},{"time":0.5417}],"scale":[{"time":0.2083},{"time":0.2917,"y":0.01},{"time":0.5417}]},"zui":{"translate":[{"time":0.2083},{"time":0.2917,"x":-20.23,"y":-22.2},{"time":0.5417}],"scale":[{"time":0.2083},{"time":0.2917,"y":0.8},{"time":0.5417}]},"meimao":{"translate":[{"time":0.2083},{"time":0.2917,"x":-118.03,"y":-40.75},{"time":0.5417}]},"weiba2":{"rotate":[{"angle":-3.15},{"time":0.2083,"angle":14.91},{"time":0.2917,"angle":12.59},{"time":0.5417,"angle":-3.15}],"translate":[{},{"time":0.2917,"x":34.41,"y":-17.6},{"time":0.5417}],"scale":[{},{"time":0.2917,"y":1.1},{"time":0.5417}]},"weiba3":{"rotate":[{"angle":-0.31},{"time":0.2083,"angle":6.25},{"time":0.2917,"angle":-0.97},{"time":0.5417,"angle":-0.31}],"translate":[{},{"time":0.2917,"x":7.93,"y":-0.05},{"time":0.5417}],"scale":[{},{"time":0.2917,"y":1.1},{"time":0.5417}]},"weiba4":{"rotate":[{"angle":2.53},{"time":0.2083,"angle":7.88},{"time":0.2917,"angle":-8.28},{"time":0.5417,"angle":2.53}],"translate":[{},{"time":0.2917,"x":44.06,"y":0.93},{"time":0.5417}]}},"drawOrder":[{"time":0.2917,"offsets":[{"slot":"meimao","offset":4}]}],"events":[{"time":0.2917,"name":"gongji"}]}}},[0]]],0,0,[0],[-1],[0]]