[1,["1fB5STv5ZAl7fvZmlTJmFn","7a/QZLET9IDreTiBfRn2PD","184UbtL8hNK4EDvNBkH+Bh"],["root","node","data","_N$skeletonData"],[["sp.SkeletonData",["_name","_atlasText","textureNames","_skeletonJson","textures"],-1,3],["cc.Prefab",["_name"],2],["cc.Node",["_name","_components","_prefab","_contentSize","_trs"],2,9,4,5,7],["sp.Skeleton",["defaultSkin","defaultAnimation","_preCacheMode","_animationName","node","_materials","_N$skeletonData"],-1,1,3,6],["cc.PrefabInfo",["root","asset"],3,1,1]],[[0,0,1,2,3,4,5],[1,0,2],[2,0,1,2,3,4,2],[3,0,1,2,3,4,5,6,5],[4,0,1,1]],[[[[0,"jssiwang","\r\njssiwang.png\r\nsize: 1805,1796\r\nformat: RGBA8888\r\nfilter: Linear,Linear\r\nrepeat: none\r\nfx1\r\n  rotate: false\r\n  xy: 1085, 347\r\n  size: 247, 185\r\n  orig: 394, 232\r\n  offset: 67, 13\r\n  index: -1\r\nfx2\r\n  rotate: false\r\n  xy: 1063, 534\r\n  size: 291, 196\r\n  orig: 394, 232\r\n  offset: 40, 16\r\n  index: -1\r\nfx3\r\n  rotate: false\r\n  xy: 723, 531\r\n  size: 338, 175\r\n  orig: 394, 232\r\n  offset: 23, 42\r\n  index: -1\r\nfx4\r\n  rotate: true\r\n  xy: 1376, 730\r\n  size: 369, 174\r\n  orig: 394, 232\r\n  offset: 10, 32\r\n  index: -1\r\nhei_fx1\r\n  rotate: false\r\n  xy: 1552, 756\r\n  size: 240, 356\r\n  orig: 449, 559\r\n  offset: 118, 28\r\n  index: -1\r\nhei_fx10\r\n  rotate: true\r\n  xy: 1048, 1101\r\n  size: 329, 365\r\n  orig: 449, 559\r\n  offset: 83, 19\r\n  index: -1\r\nhei_fx11\r\n  rotate: false\r\n  xy: 723, 708\r\n  size: 334, 366\r\n  orig: 449, 559\r\n  offset: 82, 19\r\n  index: -1\r\nhei_fx12\r\n  rotate: false\r\n  xy: 2, 1026\r\n  size: 347, 392\r\n  orig: 449, 559\r\n  offset: 79, 18\r\n  index: -1\r\nhei_fx13\r\n  rotate: false\r\n  xy: 351, 1046\r\n  size: 345, 372\r\n  orig: 449, 559\r\n  offset: 74, 15\r\n  index: -1\r\nhei_fx14\r\n  rotate: false\r\n  xy: 367, 313\r\n  size: 345, 364\r\n  orig: 449, 559\r\n  offset: 73, 16\r\n  index: -1\r\nhei_fx15\r\n  rotate: false\r\n  xy: 698, 1076\r\n  size: 348, 357\r\n  orig: 449, 559\r\n  offset: 71, 16\r\n  index: -1\r\nhei_fx16\r\n  rotate: true\r\n  xy: 374, 1442\r\n  size: 352, 383\r\n  orig: 449, 559\r\n  offset: 68, 14\r\n  index: -1\r\nhei_fx17\r\n  rotate: false\r\n  xy: 2, 653\r\n  size: 354, 371\r\n  orig: 449, 559\r\n  offset: 66, 14\r\n  index: -1\r\nhei_fx18\r\n  rotate: true\r\n  xy: 2, 284\r\n  size: 367, 363\r\n  orig: 449, 559\r\n  offset: 58, 14\r\n  index: -1\r\nhei_fx19\r\n  rotate: false\r\n  xy: 1135, 1432\r\n  size: 369, 362\r\n  orig: 449, 559\r\n  offset: 57, 15\r\n  index: -1\r\nhei_fx2\r\n  rotate: true\r\n  xy: 2, 2\r\n  size: 280, 364\r\n  orig: 449, 559\r\n  offset: 114, 20\r\n  index: -1\r\nhei_fx20\r\n  rotate: true\r\n  xy: 358, 679\r\n  size: 365, 363\r\n  orig: 449, 559\r\n  offset: 58, 14\r\n  index: -1\r\nhei_fx21\r\n  rotate: false\r\n  xy: 714, 347\r\n  size: 369, 182\r\n  orig: 449, 559\r\n  offset: 56, 14\r\n  index: -1\r\nhei_fx22\r\n  rotate: false\r\n  xy: 2, 1420\r\n  size: 370, 374\r\n  orig: 449, 559\r\n  offset: 55, 15\r\n  index: -1\r\nhei_fx23\r\n  rotate: false\r\n  xy: 759, 1435\r\n  size: 374, 359\r\n  orig: 449, 559\r\n  offset: 52, 18\r\n  index: -1\r\nhei_fx3\r\n  rotate: false\r\n  xy: 1356, 363\r\n  size: 288, 365\r\n  orig: 449, 559\r\n  offset: 113, 19\r\n  index: -1\r\nhei_fx4\r\n  rotate: true\r\n  xy: 1110, 54\r\n  size: 291, 367\r\n  orig: 449, 559\r\n  offset: 112, 17\r\n  index: -1\r\nhei_fx5\r\n  rotate: true\r\n  xy: 739, 52\r\n  size: 293, 369\r\n  orig: 449, 559\r\n  offset: 108, 15\r\n  index: -1\r\nhei_fx6\r\n  rotate: true\r\n  xy: 1415, 1114\r\n  size: 315, 366\r\n  orig: 449, 559\r\n  offset: 87, 18\r\n  index: -1\r\nhei_fx7\r\n  rotate: true\r\n  xy: 368, 6\r\n  size: 305, 369\r\n  orig: 449, 559\r\n  offset: 103, 15\r\n  index: -1\r\nhei_fx8\r\n  rotate: false\r\n  xy: 1506, 1431\r\n  size: 297, 363\r\n  orig: 449, 559\r\n  offset: 108, 21\r\n  index: -1\r\nhei_fx9\r\n  rotate: false\r\n  xy: 1059, 732\r\n  size: 315, 367\r\n  orig: 449, 559\r\n  offset: 95, 17\r\n  index: -1\r\ntou\r\n  rotate: false\r\n  xy: 1479, 161\r\n  size: 190, 200\r\n  orig: 190, 200\r\n  offset: 0, 0\r\n  index: -1\r\nyanjing\r\n  rotate: false\r\n  xy: 1646, 687\r\n  size: 145, 67\r\n  orig: 145, 67\r\n  offset: 0, 0\r\n  index: -1\r\nyanjing1\r\n  rotate: false\r\n  xy: 1646, 619\r\n  size: 144, 66\r\n  orig: 144, 66\r\n  offset: 0, 0\r\n  index: -1\r\nyanjing2\r\n  rotate: false\r\n  xy: 1479, 91\r\n  size: 146, 68\r\n  orig: 146, 68\r\n  offset: 0, 0\r\n  index: -1\r\n",["jssiwang.png"],{"skeleton":{"hash":"W2MjRU/fKdj/q7euo+40aYH+vgk","spine":"3.8.99","x":-88.34,"y":-18.65,"width":149.5,"height":186.4},"bones":[{"name":"root","scaleX":0.1,"scaleY":0.1},{"name":"hei_fx1","parent":"root","x":8.51,"y":-115.62},{"name":"hei_fx2","parent":"hei_fx1","x":-258.13,"y":1142.49},{"name":"fx1","parent":"root","x":68.47,"y":-355.71},{"name":"fx2","parent":"root","x":68.47,"y":-355.71}],"slots":[{"name":"hei_fx1","bone":"hei_fx1","attachment":"hei_fx1"},{"name":"tou","bone":"hei_fx2","attachment":"tou"},{"name":"yanjing","bone":"hei_fx2","attachment":"yanjing"},{"name":"fx1","bone":"fx1"},{"name":"fx2","bone":"fx2"}],"skins":[{"name":"default","attachments":{"fx1":{"fx1":{"x":-58.47,"y":365.71,"width":1314,"height":772},"fx2":{"x":-58.47,"y":365.71,"width":1314,"height":772},"fx3":{"x":-58.47,"y":365.71,"width":1314,"height":772},"fx4":{"x":-58.47,"y":365.71,"width":1314,"height":772}},"fx2":{"fx1":{"x":-58.47,"y":365.71,"width":1314,"height":772},"fx2":{"x":-58.47,"y":365.71,"width":1314,"height":772},"fx3":{"x":-58.47,"y":365.71,"width":1314,"height":772},"fx4":{"x":-58.47,"y":365.71,"width":1314,"height":772}},"hei_fx1":{"hei_fx1":{"x":-144.41,"y":861.16,"width":1495,"height":1864},"hei_fx2":{"x":-144.41,"y":861.16,"width":1495,"height":1864},"hei_fx3":{"x":-144.41,"y":861.16,"width":1495,"height":1864},"hei_fx4":{"x":-144.41,"y":861.16,"width":1495,"height":1864},"hei_fx5":{"x":-144.41,"y":861.16,"width":1495,"height":1864},"hei_fx6":{"x":-144.41,"y":861.16,"width":1495,"height":1864},"hei_fx7":{"x":-144.41,"y":861.16,"width":1495,"height":1864},"hei_fx8":{"x":-144.41,"y":861.16,"width":1495,"height":1864},"hei_fx9":{"x":-144.41,"y":861.16,"width":1495,"height":1864},"hei_fx10":{"x":-144.41,"y":861.16,"width":1495,"height":1864},"hei_fx11":{"x":-144.41,"y":861.16,"width":1495,"height":1864},"hei_fx12":{"x":-144.41,"y":861.16,"width":1495,"height":1864},"hei_fx13":{"x":-144.41,"y":861.16,"width":1495,"height":1864},"hei_fx14":{"x":-144.41,"y":861.16,"width":1495,"height":1864},"hei_fx15":{"x":-144.41,"y":861.16,"width":1495,"height":1864},"hei_fx16":{"x":-144.41,"y":861.16,"width":1495,"height":1864},"hei_fx17":{"x":-144.41,"y":861.16,"width":1495,"height":1864},"hei_fx18":{"x":-144.41,"y":861.16,"width":1495,"height":1864},"hei_fx19":{"x":-144.41,"y":861.16,"width":1495,"height":1864},"hei_fx20":{"x":-144.41,"y":861.16,"width":1495,"height":1864},"hei_fx21":{"x":-144.41,"y":861.16,"width":1495,"height":1864},"hei_fx22":{"x":-144.41,"y":861.16,"width":1495,"height":1864},"hei_fx23":{"x":-144.41,"y":861.16,"width":1495,"height":1864}},"tou":{"tou":{"x":-179.33,"y":97.09,"width":634,"height":667}},"yanjing":{"yanjing":{"x":-247.83,"y":91.59,"width":483,"height":222},"yanjing1":{"x":-247.83,"y":91.59,"width":481,"height":220},"yanjing2":{"x":-247.83,"y":91.59,"width":485,"height":227}}}}],"animations":{"siwang":{"slots":{"fx1":{"attachment":[{"time":3.2667,"name":"fx1"},{"time":3.3333,"name":"fx2"},{"time":3.4,"name":"fx3"},{"time":3.4667,"name":"fx4"},{"time":3.5333,"name":null}]},"fx2":{"attachment":[{"time":3.3,"name":"fx1"},{"time":3.3667,"name":"fx2"},{"time":3.4333,"name":"fx3"},{"time":3.5,"name":"fx4"},{"time":3.5667,"name":null}]},"hei_fx1":{"color":[{"time":3.8,"color":"ffffffff","curve":0,"c2":0.19,"c3":0.662,"c4":0.85},{"time":3.8667,"color":"ffffff00"}],"attachment":[{"time":1.4,"name":"hei_fx2"},{"time":1.4667,"name":"hei_fx3"},{"time":1.5333,"name":"hei_fx4"},{"time":1.6,"name":"hei_fx5"},{"time":1.6667,"name":"hei_fx6"},{"time":1.7333,"name":"hei_fx7"},{"time":1.8,"name":"hei_fx8"},{"time":1.8667,"name":"hei_fx9"},{"time":1.9333,"name":"hei_fx10"},{"time":2,"name":"hei_fx11"},{"time":2.0667,"name":"hei_fx12"},{"time":2.1333,"name":"hei_fx13"},{"time":2.2,"name":"hei_fx14"},{"time":2.2667,"name":"hei_fx15"},{"time":2.3333,"name":"hei_fx16"},{"time":2.4,"name":"hei_fx17"},{"time":2.4667,"name":"hei_fx18"},{"time":2.5333,"name":"hei_fx19"},{"time":2.6,"name":"hei_fx20"},{"time":2.6667,"name":"hei_fx21"},{"time":2.7333,"name":"hei_fx22"},{"time":2.8333,"name":"hei_fx23"}]},"tou":{"color":[{"time":3.8,"color":"ffffffff","curve":0,"c2":0.19,"c3":0.662,"c4":0.85},{"time":3.8667,"color":"ffffff00"}]},"yanjing":{"color":[{"time":3.8,"color":"ffffffff","curve":0,"c2":0.19,"c3":0.662,"c4":0.85},{"time":3.8667,"color":"ffffff00"}],"attachment":[{"time":0.6667,"name":"yanjing1"},{"time":0.7333,"name":"yanjing2"},{"time":0.8,"name":"yanjing1"},{"time":0.8333,"name":"yanjing"},{"time":0.9667,"name":"yanjing1"},{"time":1.0333,"name":"yanjing2"},{"time":1.1,"name":"yanjing1"},{"time":1.1333,"name":"yanjing"},{"time":3.2,"name":"yanjing1"},{"time":3.2667,"name":"yanjing2"},{"time":3.3333,"name":"yanjing1"},{"time":3.3667,"name":"yanjing"}]}},"bones":{"hei_fx2":{"rotate":[{"time":3.1333,"curve":0.229,"c3":0.849,"c4":0.09},{"time":3.2667,"angle":-16.34,"curve":0,"c2":0.19,"c3":0.662,"c4":0.85},{"time":3.3667,"angle":-11.84,"curve":0.229,"c3":0.794,"c4":0.51},{"time":3.4667,"angle":-6.29,"curve":"stepped"},{"time":3.5667,"angle":-6.29,"curve":0.229,"c3":0.835,"c4":0.33},{"time":3.6667,"angle":-4.26,"curve":0.244,"c2":0.61,"c3":0.519},{"time":3.8,"angle":-1.32}],"translate":[{"time":3.1333,"curve":0.229,"c3":0.849,"c4":0.09},{"time":3.2667,"x":-45.78,"y":-974.27,"curve":0,"c2":0.19,"c3":0.662,"c4":0.85},{"time":3.3667,"x":-45.78,"y":-830.5,"curve":0.229,"c3":0.794,"c4":0.51},{"time":3.4667,"x":-47.23,"y":-918.71,"curve":0,"c2":0.19,"c3":0.662,"c4":0.85},{"time":3.5667,"x":-45.78,"y":-780.5,"curve":0.229,"c3":0.835,"c4":0.33},{"time":3.6667,"x":-86.18,"y":-886.56,"curve":0.244,"c2":0.61,"c3":0.519},{"time":3.8,"x":-106.34,"y":-856.32}],"scale":[{"time":3.1333,"curve":0.229,"c3":0.849,"c4":0.09},{"time":3.2667,"x":1.029,"y":0.899,"curve":0,"c2":0.19,"c3":0.662,"c4":0.85},{"time":3.3667,"x":0.999,"y":1.027,"curve":0.229,"c3":0.794,"c4":0.51},{"time":3.4667,"x":1.029,"y":0.899,"curve":0,"c2":0.19,"c3":0.662,"c4":0.85},{"time":3.5667,"x":0.999,"y":1.027,"curve":0.229,"c3":0.835,"c4":0.33},{"time":3.6667}]},"fx1":{"translate":[{"time":3.2667,"x":-471.87,"y":327.42}]},"fx2":{"translate":[{"time":3.3,"x":-495.75,"y":395.08}],"scale":[{"time":3.3,"x":0.884,"y":0.884}]}}}}},[0]]],0,0,[0],[-1],[0]],[[[1,"zombieBomb"],[2,"zombieBomb",[[3,"default","siwang",0,"siwang",-2,[0],1]],[4,-1,0],[5,149.5,186.4],[26.249,-54.859,0,0,0,0,1,1,1,1]]],0,[0,0,1,0,1,1,0,2,1,2],[0,0],[-1,3],[1,2]]]]