[1,["7a/QZLET9IDreTiBfRn2PD","e5m30oMGNF54w3FTjol6ru","be+GrouHxKtZBJtI7DQLk/"],["root","spine","node","data","_N$skeletonData"],[["cc.PrefabInfo",["fileId","root","asset"],2,1,1],["cc.Prefab",["_name"],2],["cc.Node",["_name","_children","_components","_prefab"],2,2,9,4],["cc.Node",["_name","_parent","_components","_prefab","_contentSize","_trs"],2,1,2,4,5,7],["b2afbvP8rxKZpOCQLPbuZGR",["aniName","node","spine"],2,1,1],["sp.Skeleton",["defaultSkin","defaultAnimation","_preCacheMode","_animationName","node","_materials"],-1,1,3],["261d4+Q1HdGA5w3tjdBw83c",["node","spineAnimation"],3,1,1],["sp.SkeletonData",["_name","_atlasText","textureNames","_skeletonJson","textures"],-1,3]],[[1,0,2],[2,0,1,2,3,2],[3,0,1,2,3,4,5,2],[4,0,1,2,2],[0,1,2,1],[0,0,1,2,2],[5,0,1,2,3,4,5,5],[6,0,1,1],[7,0,1,2,3,4,5]],[[[[0,"CatapultAshesEffect"],[1,"CatapultAshesEffect",[-4],[[3,"death",-3,-2]],[4,-1,0]],[2,"20FX_Cinders",1,[-5,-6],[5,"bc3sBgnb5My7feU4w8+r7H",1,0],[5,214.4,171.64],[50,0,0,0,0,0,1,1,1,1]],[6,"default","death",0,"death",2,[0]],[7,2,3]],0,[0,0,1,0,1,4,0,2,1,0,-1,2,0,-1,3,0,-2,4,0,3,1,6],[0,3],[-1,4],[0,1]],[[[8,"25_Ginders","\n25_Ginders.png\nsize: 1024,1024\nformat: RGBA8888\nfilter: Linear,Linear\nrepeat: none\nbody1\n  rotate: false\n  xy: 570, 635\n  size: 364, 289\n  orig: 365, 292\n  offset: 0, 1\n  index: -1\nbody2\n  rotate: false\n  xy: 2, 592\n  size: 364, 293\n  orig: 365, 295\n  offset: 0, 0\n  index: -1\nbody3\n  rotate: false\n  xy: 368, 340\n  size: 359, 293\n  orig: 363, 293\n  offset: 3, 0\n  index: -1\nbody4\n  rotate: false\n  xy: 2, 297\n  size: 363, 293\n  orig: 364, 293\n  offset: 1, 0\n  index: -1\nbody5\n  rotate: false\n  xy: 367, 45\n  size: 317, 293\n  orig: 322, 293\n  offset: 1, 0\n  index: -1\nbody6\n  rotate: false\n  xy: 686, 39\n  size: 315, 293\n  orig: 317, 293\n  offset: 1, 0\n  index: -1\nbody7\n  rotate: false\n  xy: 2, 2\n  size: 317, 293\n  orig: 319, 293\n  offset: 1, 0\n  index: -1\nbody8\n  rotate: true\n  xy: 729, 334\n  size: 299, 293\n  orig: 301, 293\n  offset: 1, 0\n  index: -1\ndi1\n  rotate: false\n  xy: 375, 864\n  size: 95, 60\n  orig: 96, 60\n  offset: 0, 0\n  index: -1\ndi2\n  rotate: false\n  xy: 111, 895\n  size: 100, 29\n  orig: 100, 29\n  offset: 0, 0\n  index: -1\neye1\n  rotate: false\n  xy: 213, 887\n  size: 79, 37\n  orig: 82, 38\n  offset: 1, 1\n  index: -1\neye2\n  rotate: false\n  xy: 294, 887\n  size: 79, 37\n  orig: 82, 38\n  offset: 1, 1\n  index: -1\nhead\n  rotate: true\n  xy: 472, 835\n  size: 89, 96\n  orig: 91, 97\n  offset: 1, 1\n  index: -1\nhui1\n  rotate: true\n  xy: 2, 913\n  size: 11, 107\n  orig: 11, 107\n  offset: 0, 0\n  index: -1\n",["25_Ginders.png"],{"skeleton":{"hash":"Tnuq0R0WzUqWrUyLC049EtJF8tk","spine":"3.8.99","x":-96.82,"y":0.81,"width":214.4,"height":171.64},"bones":[{"name":"root"},{"name":"25_Ginders","parent":"root","x":1.39,"y":10.21,"scaleX":0.1175,"scaleY":0.1175},{"name":"head","parent":"25_Ginders","length":295.14,"rotation":90,"x":-89.38,"y":993.14},{"name":"di2","parent":"25_Ginders","x":-332.92,"y":-48.45},{"name":"hui1","parent":"25_Ginders","x":36.6,"y":357.4},{"name":"di1","parent":"25_Ginders","x":-321.45,"y":-49.29},{"name":"di3","parent":"25_Ginders","x":-321.45,"y":-49.29},{"name":"di4","parent":"25_Ginders","x":-332.92,"y":-48.45},{"name":"di5","parent":"25_Ginders","x":-332.92,"y":-48.45},{"name":"di6","parent":"25_Ginders","x":-321.45,"y":-49.29},{"name":"hui2","parent":"25_Ginders","x":36.6,"y":357.4},{"name":"hui3","parent":"25_Ginders","x":36.6,"y":357.4}],"slots":[{"name":"body1","bone":"25_Ginders","attachment":"body1"},{"name":"di1","bone":"di1"},{"name":"di6","bone":"di6"},{"name":"di3","bone":"di3"},{"name":"di2","bone":"di2"},{"name":"di5","bone":"di5"},{"name":"di4","bone":"di4"},{"name":"hui1","bone":"hui1"},{"name":"hui3","bone":"hui3"},{"name":"hui2","bone":"hui2"},{"name":"head","bone":"head"},{"name":"eye1","bone":"head"}],"skins":[{"name":"default","attachments":{"body1":{"body1":{"x":76.5,"y":650.5,"width":1825,"height":1461},"body2":{"x":76.5,"y":638.5,"width":1825,"height":1477},"body3":{"x":81.5,"y":633,"width":1815,"height":1464},"body4":{"x":85,"y":633,"width":1822,"height":1464},"body5":{"x":-21,"y":633,"width":1610,"height":1464},"body6":{"x":-23.5,"y":633,"width":1585,"height":1464},"body7":{"x":-28.5,"y":633,"width":1595,"height":1464},"body8":{"x":16.5,"y":633,"width":1505,"height":1464}},"di1":{"di1":{"x":-10.05,"y":111.79,"width":479,"height":301}},"di2":{"di2":{"x":1.42,"y":8.95,"width":499,"height":145}},"di3":{"di1":{"x":-10.05,"y":111.79,"width":479,"height":301}},"di4":{"di2":{"x":1.42,"y":8.95,"width":499,"height":145}},"di5":{"di2":{"x":1.42,"y":8.95,"width":499,"height":145}},"di6":{"di1":{"x":-10.05,"y":111.79,"width":479,"height":301}},"eye1":{"eye1":{"x":113.86,"y":108.12,"rotation":-90,"width":411,"height":190},"eye2":{"x":113.86,"y":108.12,"rotation":-90,"width":411,"height":190}},"head":{"head":{"x":128.36,"y":86.62,"rotation":-90,"width":454,"height":487}},"hui1":{"hui1":{"x":6.9,"y":-22.4,"width":55,"height":536}},"hui2":{"hui1":{"x":6.9,"y":-22.4,"width":55,"height":536}},"hui3":{"hui1":{"x":6.9,"y":-22.4,"width":55,"height":536}}}}],"animations":{"death":{"slots":{"body1":{"attachment":[{"time":0.6,"name":"body2"},{"time":0.6667,"name":"body3"},{"time":0.7333,"name":"body4"},{"time":0.8,"name":"body5"},{"time":0.8667,"name":"body6"},{"time":0.9333,"name":"body7"},{"time":1,"name":"body8"},{"time":1.0667,"name":null}]},"di1":{"attachment":[{"time":0.6,"name":"di1"}]},"di2":{"attachment":[{"time":0.6,"name":"di2"}]},"di3":{"attachment":[{"time":0.6,"name":"di1"}]},"di4":{"attachment":[{"time":0.6,"name":"di2"}]},"di5":{"attachment":[{"time":0.6667,"name":"di2"}]},"di6":{"attachment":[{"time":0.6667,"name":"di1"}]},"eye1":{"attachment":[{"time":0.0667,"name":"eye1"},{"time":0.1333,"name":"eye2"},{"time":0.2,"name":"eye1"},{"time":0.2667,"name":null},{"time":0.3333,"name":"eye1"},{"time":0.4,"name":"eye2"},{"time":0.4667,"name":"eye1"},{"time":0.5333,"name":null}]},"head":{"attachment":[{"time":1.0667,"name":"head"}]},"hui1":{"attachment":[{"time":0.6,"name":"hui1"},{"time":0.8667,"name":null}]},"hui2":{"attachment":[{"time":0.6,"name":"hui1"},{"time":0.8667,"name":null}]},"hui3":{"attachment":[{"time":0.6667,"name":"hui1"},{"time":1.2667,"name":null}]}},"bones":{"head":{"rotate":[{"time":1.4},{"time":1.5333,"angle":21.7},{"time":1.6667,"angle":21.49},{"time":1.8,"angle":20.01}],"translate":[{"time":1.2667},{"time":1.3333,"y":-637.09},{"time":1.4,"y":-664.62},{"time":1.5333,"x":-62.94,"y":-597.75},{"time":1.6667,"x":-62.94,"y":-821.98},{"time":1.8,"x":-64.91,"y":-800.35}],"scale":[{"time":1.3333},{"time":1.4,"x":0.902,"y":1.06},{"time":1.5333}]},"di1":{"rotate":[{"time":2.0667}],"translate":[{"time":0.6,"x":-26.5,"y":-1.73},{"time":0.8,"x":-28.75,"y":12.9}],"scale":[{"time":0.6,"x":0.648,"y":0.461},{"time":0.8,"x":0.87,"y":0.689}]},"di2":{"translate":[{"time":0.6,"x":-18.43,"y":-15.55},{"time":0.8,"x":-29.68,"y":-13.3}],"scale":[{"time":0.6,"x":0.833,"y":0.688},{"time":0.8,"x":0.964,"y":0.796}]},"di3":{"translate":[{"time":0.6,"x":826.99,"y":14.98},{"time":0.8,"x":846.12,"y":10.48}],"scale":[{"time":0.6,"x":0.742,"y":0.621},{"time":0.8,"x":1.28,"y":0.808}]},"di4":{"translate":[{"time":0.6,"x":817.78,"y":-11.52},{"time":0.8,"x":849.28,"y":-11.52}],"scale":[{"time":0.6,"x":1.069,"y":1.035},{"time":0.8,"x":1.321,"y":1.049}]},"di5":{"translate":[{"time":0.6667,"x":407.92,"y":-20.6},{"time":1.2,"x":354.84,"y":14.79}],"scale":[{"time":0.6667,"x":0.744,"y":0.615},{"time":1.2,"x":2.021,"y":1.773}]},"di6":{"translate":[{"time":0.6667,"x":404.48,"y":4.04},{"time":1.2,"x":363.54,"y":51.59}],"scale":[{"time":0.6667,"x":0.599,"y":0.412},{"time":1.2,"x":1.661,"y":1.695}]},"hui1":{"rotate":[{"time":0.6,"angle":-5.34}],"translate":[{"time":0.6,"x":-402.67,"y":-184.73},{"time":0.8,"x":-402.67,"y":-274.34}],"scale":[{"time":0.6,"x":1.998,"y":0.755},{"time":0.8,"x":0.918,"y":0.271}]},"hui2":{"rotate":[{"time":0.6,"angle":-5.34}],"translate":[{"time":0.6,"x":458.09,"y":-144.77},{"time":0.8,"x":458.09,"y":-264.38}],"scale":[{"time":0.6,"x":1.998,"y":0.842},{"time":0.8,"x":0.918,"y":0.302}]},"hui3":{"rotate":[{"time":0.6667,"angle":-3.1}],"translate":[{"time":0.6667,"x":26.77,"y":32.58},{"time":1.1333,"x":-10.14,"y":-152.04},{"time":1.2,"x":-10.14,"y":-242.2}],"scale":[{"time":0.6667,"x":1.998,"y":1.437},{"time":1.1333,"x":2.538,"y":1.045},{"time":1.2,"x":2.538,"y":0.502}]}}}}},[0]]],0,0,[0],[-1],[2]]]]