[1,["1cXtpYVM9CR412Vqc3WJMK","e3Na6WdjJK9LpgWa8SaKIQ","7a/QZLET9IDreTiBfRn2PD","87x79PsW9LnoTrNdlNEoCn","66xbAXiatABII51FTKmT7F","cf/9oZdvxA7p5Yi+2BY3Mp"],["_N$skeletonData","root","shootNode","sleepAni","body","animation","node","data","bulletPrefab"],[["cc.Node",["_name","_groupIndex","_parent","_components","_prefab","_contentSize","_trs"],1,1,2,4,5,7],["cc.Node",["_name","_prefab","_trs","_children","_components","_parent"],2,4,7,2,12,1],["cc.PrefabInfo",["fileId","root","asset"],2,1,1],["261d4+Q1HdGA5w3tjdBw83c",["activeFlash","node","spineAnimation"],2,1,1],["sp.SkeletonData",["_name","_atlasText","textureNames","_skeletonJson","textures"],-1,3],["cc.Prefab",["_name"],2],["5b53daDLMZBKa9zrcCsOB5E",["node","animation","body","sleepAni","shootNode","bulletPrefab"],3,1,1,1,1,1,6],["cc.BoxCollider",["node","_offset","_size"],3,1,5,5],["96c396uvMtPhLUJFoRD9JmK",["node","body"],3,1,1],["sp.Skeleton",["defaultSkin","defaultAnimation","_preCacheMode","_animationName","node","_materials"],-1,1,3]],[[2,0,1,2,2],[9,0,1,2,3,4,5,5],[4,0,1,2,3,4,5],[5,0,2],[1,0,3,4,1,2,2],[1,0,5,1,2,2],[0,0,1,2,3,4,3],[0,0,2,3,4,5,6,2],[0,0,2,3,4,5,2],[6,0,1,2,3,4,5,1],[2,1,2,1],[7,0,1,2,1],[8,0,1,1],[3,1,2,1],[3,0,1,2,2]],[[[[2,"14_plant","\n14_plant.png\nsize: 256,128\nformat: RGBA8888\nfilter: Linear,Linear\nrepeat: none\nbody\n  rotate: true\n  xy: 2, 4\n  size: 30, 96\n  orig: 30, 96\n  offset: 0, 0\n  index: -1\neye1\n  rotate: false\n  xy: 108, 50\n  size: 11, 16\n  orig: 11, 16\n  offset: 0, 0\n  index: -1\neye2\n  rotate: false\n  xy: 112, 2\n  size: 9, 13\n  orig: 9, 13\n  offset: 0, 0\n  index: -1\neyebrow1\n  rotate: false\n  xy: 119, 40\n  size: 17, 8\n  orig: 17, 8\n  offset: 0, 0\n  index: -1\neyebrow2\n  rotate: true\n  xy: 100, 2\n  size: 13, 10\n  orig: 14, 10\n  offset: 0, 0\n  index: -1\nhead1\n  rotate: true\n  xy: 2, 36\n  size: 87, 68\n  orig: 87, 68\n  offset: 0, 0\n  index: -1\nhead2\n  rotate: true\n  xy: 72, 68\n  size: 55, 46\n  orig: 55, 46\n  offset: 0, 0\n  index: -1\nmouth1\n  rotate: true\n  xy: 72, 50\n  size: 16, 34\n  orig: 16, 34\n  offset: 0, 0\n  index: -1\nmouth2\n  rotate: true\n  xy: 100, 17\n  size: 20, 19\n  orig: 20, 21\n  offset: 0, 2\n  index: -1\nwater1\n  rotate: true\n  xy: 72, 38\n  size: 10, 21\n  orig: 11, 21\n  offset: 0, 0\n  index: -1\nwater2\n  rotate: true\n  xy: 95, 39\n  size: 9, 22\n  orig: 10, 22\n  offset: 1, 0\n  index: -1\n",["14_plant.png"],{"skeleton":{"hash":"K42qQLMmx0A0g8M2fELTpD6Ho84","spine":"3.8.99","x":-37.54,"y":-5.3,"width":58.81,"height":81},"bones":[{"name":"root"},{"name":"plant","parent":"root","scaleX":0.102,"scaleY":0.102},{"name":"body","parent":"plant","length":306.45,"rotation":90,"x":0.79,"y":-12.89},{"name":"mouth2","parent":"plant","length":119.66,"x":14.38,"y":288.01},{"name":"mouth1","parent":"mouth2","length":69.19,"rotation":0.67,"x":123.73,"y":1.63,"scaleX":0.102,"scaleY":0.102,"transform":"noScale"},{"name":"head","parent":"plant","rotation":90,"x":41.17,"y":449.67},{"name":"eye1","parent":"head","x":-30.87,"y":32.93},{"name":"eye2","parent":"head","x":-13.72,"y":-33.61},{"name":"eyebrow1","parent":"head","x":27.44,"y":56.94},{"name":"eyebrow2","parent":"head","x":66.54,"y":-40.47},{"name":"head1","parent":"plant","length":292.77,"rotation":90,"x":-1.83,"y":433.88},{"name":"water1","parent":"plant","x":-65.04,"y":68.65},{"name":"water2","parent":"plant","x":102.84,"y":71.33}],"slots":[{"name":"head2","bone":"head1","attachment":"head2"},{"name":"body","bone":"body","attachment":"body"},{"name":"mouth2","bone":"mouth2","attachment":"mouth2"},{"name":"mouth1","bone":"mouth1","attachment":"mouth1"},{"name":"eye2","bone":"eye2","attachment":"eye2"},{"name":"eye1","bone":"eye1","attachment":"eye1"},{"name":"head1","bone":"head1","attachment":"head1"},{"name":"eyebrow2","bone":"eyebrow2","attachment":"eyebrow2"},{"name":"eyebrow1","bone":"eyebrow1","attachment":"eyebrow1"},{"name":"water2","bone":"water2"},{"name":"water1","bone":"water1"}],"skins":[{"name":"default","attachments":{"body":{"body":{"x":281.89,"y":4.29,"rotation":-90,"width":199,"height":642}},"eye1":{"eye1":{"x":-3.3,"y":1.74,"rotation":-90,"width":71,"height":107}},"eye2":{"eye2":{"x":-2.45,"y":1.28,"rotation":-90,"width":57,"height":87}},"eyebrow1":{"eyebrow1":{"x":-2.11,"y":11.23,"rotation":-90,"width":110,"height":54}},"eyebrow2":{"eyebrow2":{"x":-12.72,"y":-13.36,"rotation":-90,"width":94,"height":67}},"head1":{"head1":{"type":"mesh","hull":28,"uvs":[0.61227,0.01084,0.74465,0.06779,0.85684,0.17845,0.95551,0.33513,0.9992,0.52147,0.96909,0.53521,0.93144,0.55238,0.90033,0.56657,0.85353,0.58791,0.81275,0.60651,0.76948,0.62625,0.73543,0.64983,0.69428,0.67832,0.63949,0.72893,0.56443,0.79825,0.52782,0.83664,0.39855,1,0.39341,1,0.29666,0.90681,0.222,0.81032,0.1873,0.75593,0.0943,0.77677,0,0.68456,0,0.64758,0.02496,0.45939,0.10902,0.24901,0.25156,0.09737,0.42059,0.01084,0.4608,0.67872,0.63397,0.51329,0.81214,0.43057,0.89706,0.37331],"triangles":[31,2,3,30,1,2,30,2,31,29,0,1,29,1,30,31,3,4,5,31,4,6,31,5,7,30,31,6,7,31,8,30,7,30,10,29,8,9,30,9,10,30,11,29,10,12,29,11,27,29,26,29,27,0,13,28,29,28,26,29,25,26,28,20,24,25,20,23,24,23,21,22,12,13,29,20,25,28,20,21,23,14,28,13,19,20,28,15,28,14,18,19,28,18,28,15,16,17,18,15,16,18],"vertices":[308.21,12.9,282.41,-63.49,232.28,-128.22,161.31,-185.15,76.9,-210.36,70.67,-192.99,62.89,-171.27,56.47,-153.31,46.8,-126.31,38.37,-102.78,29.43,-77.81,18.75,-58.17,5.84,-34.42,-17.08,-2.81,-48.49,40.5,-65.88,61.62,-139.88,136.21,-139.88,139.18,-97.66,195,-53.95,238.08,-29.32,258.1,-38.76,311.76,3.02,366.17,19.77,366.17,105.02,351.77,200.32,303.27,269.01,221.02,308.21,123.49,5.66,100.29,80.6,0.37,118.07,-102.43,144.01,-151.43]}},"head2":{"head2":{"type":"mesh","hull":18,"uvs":[0.86278,0.10314,0.97951,0.25933,0.97725,0.37918,0.89941,0.47859,0.80585,0.59806,0.69454,0.70912,0.60024,0.8032,0.50914,0.86555,0.37117,0.95998,0.22862,0.99161,0.11684,0.97865,0.0181,0.83548,0.00928,0.64151,0.03821,0.44456,0.11964,0.25552,0.27591,0.10013,0.46433,0.01253,0.67797,0.0128],"triangles":[1,3,0,2,3,1,3,4,17,3,17,0,4,16,17,16,5,15,4,5,16,6,15,5,14,15,6,7,13,14,7,12,13,11,12,9,7,14,6,7,8,12,9,10,11,12,8,9],"vertices":[145.35,-130.19,97.25,-173.27,60.33,-172.43,29.72,-143.71,-7.08,-109.18,-41.29,-68.11,-70.27,-33.32,-89.47,0.3,-118.55,51.21,-128.29,103.81,-124.3,145.06,-80.21,181.5,-20.46,184.75,40.2,174.08,98.42,144.03,146.28,86.36,173.26,16.84,173.18,-62]}},"mouth1":{"mouth1":{"x":2.86,"y":-2.17,"rotation":-0.67,"width":108,"height":225}},"mouth2":{"mouth2":{"x":52.62,"y":-7.51,"width":130,"height":143}},"water1":{"water1":{"x":-18.46,"y":-3.15,"width":75,"height":141}},"water2":{"water2":{"x":20.16,"y":-9.33,"width":64,"height":144}}}}],"events":{"attack":{}},"animations":{"attack":{"bones":{"head1":{"rotate":[{},{"time":0.3,"angle":6.57},{"time":0.3667,"angle":1.61},{"time":0.4333,"angle":-16.72},{"time":0.5333,"angle":-13.03},{"time":0.7333}],"translate":[{},{"time":0.3,"x":-67.29},{"time":0.3667,"x":-35.88,"y":-4.71},{"time":0.4333,"x":129.09,"y":-28.5},{"time":0.5333,"x":66.21,"y":-30.91},{"time":0.7333},{"time":0.8333,"y":7.71},{"time":1.1,"y":-25.18},{"time":1.2333,"y":-31.59},{"time":1.5333}],"scale":[{},{"time":0.3,"y":0.967},{"time":0.3667,"y":0.974},{"time":0.4333,"y":1.062},{"time":0.5333,"x":1.05,"y":0.882},{"time":0.7333},{"time":0.8333,"x":0.995,"y":1.004},{"time":1.1,"x":0.998,"y":1.014},{"time":1.2333,"x":0.95,"y":1.025},{"time":1.5333}],"shear":[{"time":0.3},{"time":0.3667,"y":1.72},{"time":0.4333,"y":3.93},{"time":0.5333,"y":4.37},{"time":0.7333}]},"body":{"scale":[{"time":0.7333},{"time":1.1,"x":0.885,"y":1.008},{"time":1.5333}],"shear":[{},{"time":0.3,"x":4.57},{"time":0.3667,"x":-1.68},{"time":0.4333,"x":-7.92},{"time":0.7333}]},"mouth2":{"translate":[{},{"time":0.3,"x":-25.25,"y":0.9},{"time":0.3667,"x":20.63,"y":3.59},{"time":0.4333,"x":66.51,"y":6.27},{"time":0.7333},{"time":0.8333,"y":-7.14},{"time":1.1,"y":-25},{"time":1.2333,"y":-18.75},{"time":1.5333}],"scale":[{},{"time":0.3,"x":0.584},{"time":0.3667,"x":0.981,"y":0.81},{"time":0.4333,"x":1.378,"y":0.62},{"time":0.7333}],"shear":[{"time":0.7333},{"time":0.8333,"x":8.02},{"time":1.1},{"time":1.2333,"x":-6.22},{"time":1.5333}]},"mouth1":{"rotate":[{"time":0.7333},{"time":0.8333,"angle":-6.08},{"time":1.1},{"time":1.2333,"angle":3.02},{"time":1.5333}],"translate":[{},{"time":0.3,"x":-4.63},{"time":0.3667,"x":-3.68,"y":-4.05},{"time":0.4333,"x":-2.73,"y":-8.09},{"time":0.7333},{"time":0.8333,"x":0.55,"y":1.22},{"time":1.1},{"time":1.2333,"x":-3.04,"y":-3},{"time":1.5333}],"scale":[{},{"time":0.3,"x":0.787,"y":1.16},{"time":0.3667,"x":0.896,"y":0.942},{"time":0.4333,"x":1.005,"y":0.723},{"time":0.7333,"curve":"stepped"},{"time":1.1},{"time":1.2333,"y":0.965},{"time":1.5333}]},"head":{"translate":[{},{"time":0.3,"x":-25.49,"y":-0.49},{"time":0.3667,"x":21.23,"y":2.33},{"time":0.4333,"x":67.94,"y":5.15},{"time":0.5333,"x":41.95,"y":11.94},{"time":0.7333},{"time":0.8333,"y":-6.73},{"time":1.1,"y":-39.22},{"time":1.2333,"x":-0.58,"y":-32.3},{"time":1.5333}],"scale":[{"time":0.8333},{"time":1.1,"x":0.878},{"time":1.2333,"x":0.909},{"time":1.5333}]},"eyebrow1":{"rotate":[{"time":0.3},{"time":0.3667,"angle":13.36},{"time":0.4333,"angle":-4.05},{"time":0.5333,"angle":-2.7},{"time":0.7333},{"time":0.9,"angle":11.61},{"time":1.1,"angle":16.75},{"time":1.2333,"angle":-8.58},{"time":1.5333}],"translate":[{},{"time":0.3,"x":18.63,"y":24.51},{"time":0.3667,"x":-3.01,"y":50.86},{"time":0.4333,"x":-66.72,"y":-36.03},{"time":0.5333,"x":-73.98,"y":-23.52},{"time":0.7333},{"time":0.9,"x":27.32,"y":0.12},{"time":1.1,"x":-11.08,"y":3.04},{"time":1.2333,"x":-22.95,"y":1.7},{"time":1.5333}]},"eyebrow2":{"rotate":[{"time":0.3},{"time":0.3667,"angle":0.98},{"time":0.4333,"angle":6.51},{"time":0.5333,"angle":4.34},{"time":0.7333},{"time":0.9,"angle":-27.7},{"time":1.1,"angle":-18.01},{"time":1.2333,"angle":-5.92},{"time":1.5333}],"translate":[{},{"time":0.3,"x":24.51,"y":34.31},{"time":0.3667,"x":8.54,"y":62.18},{"time":0.4333,"x":-84,"y":-31.81},{"time":0.5333,"x":-84,"y":-21.71},{"time":0.7333},{"time":0.9,"x":19.65,"y":-8.36},{"time":1.1,"x":-15.92,"y":-10.33},{"time":1.2333,"x":-22.76,"y":-7.75},{"time":1.5333}]}},"events":[{"time":0.4333,"name":"attack"}]},"awoke":{"bones":{"body":{"scale":[{"curve":0.386,"c2":0.39,"c3":0.742,"c4":0.96},{"time":0.1667,"x":0.97,"curve":0.436,"c2":0.34,"c3":0.638,"c4":0.57},{"time":0.3,"x":1.172,"curve":0.22,"c2":0.24,"c3":0.638,"c4":0.76},{"time":0.5}],"shear":[{"curve":0.386,"c2":0.39,"c3":0.742,"c4":0.96},{"time":0.1667,"x":-1.88,"curve":0.436,"c2":0.34,"c3":0.638,"c4":0.57},{"time":0.3,"x":2.58,"curve":0.22,"c2":0.24,"c3":0.638,"c4":0.76},{"time":0.5}]},"mouth2":{"rotate":[{"time":0.1667,"curve":0.413,"c2":0.36,"c3":0.715,"c4":0.67},{"time":0.2333,"angle":-5.98},{"time":0.3333}],"translate":[{"curve":0.386,"c2":0.39,"c3":0.742,"c4":0.96},{"time":0.1667,"x":18.25,"y":-64,"curve":0.4,"c2":0.36,"c3":0.714,"c4":0.68},{"time":0.2333,"x":1.58,"y":27.44},{"time":0.3,"x":-10.75,"y":58.38,"curve":0.25,"c3":0.75},{"time":0.3333,"x":-9.71,"y":35.75,"curve":0.22,"c2":0.24,"c3":0.638,"c4":0.76},{"time":0.5}],"scale":[{"time":0.1667,"curve":0.413,"c2":0.36,"c3":0.715,"c4":0.67},{"time":0.2333,"x":1.048},{"time":0.3333,"x":1.03,"curve":0.22,"c2":0.24,"c3":0.638,"c4":0.76},{"time":0.5}],"shear":[{"curve":0.386,"c2":0.39,"c3":0.742,"c4":0.96},{"time":0.1667,"x":4.36,"curve":0.4,"c2":0.36,"c3":0.714,"c4":0.68},{"time":0.2333,"x":3.58},{"time":0.3333,"x":2.04,"curve":0.22,"c2":0.24,"c3":0.638,"c4":0.76},{"time":0.5}]},"mouth1":{"rotate":[{"curve":0.386,"c2":0.39,"c3":0.742,"c4":0.96},{"time":0.1667,"angle":-5.45,"curve":0.4,"c2":0.36,"c3":0.714,"c4":0.68},{"time":0.2333,"angle":-4.17,"curve":0.332,"c2":0.29,"c3":0.615,"c4":0.59},{"time":0.3333,"angle":-1.67,"curve":0.22,"c2":0.24,"c3":0.638,"c4":0.76},{"time":0.5}],"translate":[{"curve":0.386,"c2":0.39,"c3":0.742,"c4":0.96},{"time":0.1667,"y":-4.24,"curve":0.4,"c2":0.36,"c3":0.714,"c4":0.68},{"time":0.2333,"y":-2.8,"curve":0.332,"c2":0.29,"c3":0.615,"c4":0.59},{"time":0.3333}]},"head":{"translate":[{"curve":0.386,"c2":0.39,"c3":0.742,"c4":0.96},{"time":0.1667,"x":7.14,"y":-41.04,"curve":0.436,"c2":0.34,"c3":0.638,"c4":0.57},{"time":0.3,"x":-12.53,"y":49.49,"curve":0.22,"c2":0.24,"c3":0.638,"c4":0.76},{"time":0.5}]},"eye1":{"translate":[{"x":39.08,"curve":0.386,"c2":0.39,"c3":0.742,"c4":0.96},{"time":0.1667,"x":11.82,"y":-4.09,"curve":0.436,"c2":0.34,"c3":0.638,"c4":0.57},{"time":0.3}],"scale":[{"curve":0.386,"c2":0.39,"c3":0.742,"c4":0.96},{"time":0.1667,"x":1.36,"y":1.36,"curve":0.436,"c2":0.34,"c3":0.638,"c4":0.57},{"time":0.3}]},"eye2":{"translate":[{"curve":0.386,"c2":0.39,"c3":0.742,"c4":0.96},{"time":0.1667,"x":-27.26,"y":-4.09,"curve":0.436,"c2":0.34,"c3":0.638,"c4":0.57},{"time":0.3}],"scale":[{"curve":0.386,"c2":0.39,"c3":0.742,"c4":0.96},{"time":0.1667,"x":1.36,"y":1.36,"curve":0.436,"c2":0.34,"c3":0.638,"c4":0.57},{"time":0.3}]},"eyebrow1":{"rotate":[{"angle":-2.13,"curve":0.386,"c2":0.39,"c3":0.742,"c4":0.96},{"time":0.1667,"angle":12.83,"curve":0.436,"c2":0.34,"c3":0.638,"c4":0.57},{"time":0.3,"angle":28.14,"curve":0.22,"c2":0.24,"c3":0.638,"c4":0.76},{"time":0.5}],"translate":[{"x":-72.42,"y":2.44,"curve":0.386,"c2":0.39,"c3":0.742,"c4":0.96},{"time":0.1667,"x":-83.36,"y":-1.62,"curve":0.436,"c2":0.34,"c3":0.638,"c4":0.57},{"time":0.3,"x":59.86,"y":5.57,"curve":0.22,"c2":0.24,"c3":0.638,"c4":0.76},{"time":0.5}]},"eyebrow2":{"rotate":[{"angle":-30.12,"curve":0.386,"c2":0.39,"c3":0.742,"c4":0.96},{"time":0.1667,"angle":-41.92,"curve":0.436,"c2":0.34,"c3":0.638,"c4":0.57},{"time":0.3,"angle":-24.8,"curve":0.22,"c2":0.24,"c3":0.638,"c4":0.76},{"time":0.5}],"translate":[{"x":-97.65,"y":-26.04,"curve":0.386,"c2":0.39,"c3":0.742,"c4":0.96},{"time":0.1667,"x":-113.88,"y":-32.22,"curve":0.436,"c2":0.34,"c3":0.638,"c4":0.57},{"time":0.3,"x":59.86,"y":5.57,"curve":0.22,"c2":0.24,"c3":0.638,"c4":0.76},{"time":0.5}]},"head1":{"rotate":[{"angle":-19.51,"curve":0.386,"c2":0.39,"c3":0.742,"c4":0.96},{"time":0.1667,"angle":-22.84,"curve":0.436,"c2":0.34,"c3":0.638,"c4":0.57},{"time":0.3,"angle":-0.72,"curve":0.22,"c2":0.24,"c3":0.638,"c4":0.76},{"time":0.5}],"translate":[{"y":-59.63,"curve":0.386,"c2":0.39,"c3":0.742,"c4":0.96},{"time":0.1667,"x":11.1,"y":-135.73,"curve":0.436,"c2":0.34,"c3":0.638,"c4":0.57},{"time":0.3,"x":-22.65,"y":81.7,"curve":0.22,"c2":0.24,"c3":0.638,"c4":0.76},{"time":0.5}],"scale":[{"curve":0.386,"c2":0.39,"c3":0.742,"c4":0.96},{"time":0.1667,"x":0.954,"y":0.991,"curve":0.436,"c2":0.34,"c3":0.638,"c4":0.57},{"time":0.3,"x":1.194,"y":0.938,"curve":0.22,"c2":0.24,"c3":0.638,"c4":0.76},{"time":0.5}],"shear":[{"curve":0.386,"c2":0.39,"c3":0.742,"c4":0.96},{"time":0.1667,"x":-2.48,"curve":0.436,"c2":0.34,"c3":0.638,"c4":0.57},{"time":0.3}]}}},"idle1":{"bones":{"body":{"scale":[{},{"time":0.4667,"x":0.885,"y":1.008},{"time":1}]},"mouth2":{"translate":[{},{"time":0.1333,"y":-7.14},{"time":0.4667,"y":-25},{"time":0.6,"y":-18.75},{"time":1}],"shear":[{},{"time":0.1333,"x":8.02},{"time":0.4667},{"time":0.6,"x":-6.22},{"time":1}]},"mouth1":{"rotate":[{},{"time":0.1333,"angle":-6.08},{"time":0.4667},{"time":0.6,"angle":3.02},{"time":1}],"translate":[{},{"time":0.1333,"x":0.55,"y":1.22},{"time":0.4667},{"time":0.6,"x":-3.04,"y":-3},{"time":1}],"scale":[{"time":0.4667},{"time":0.6,"y":0.965},{"time":1}]},"head":{"translate":[{},{"time":0.1333,"y":-6.73},{"time":0.4667,"y":-39.22},{"time":0.6,"x":-0.58,"y":-32.3},{"time":1}],"scale":[{"time":0.1333},{"time":0.4667,"x":0.878},{"time":0.6,"x":0.909},{"time":1}]},"eyebrow1":{"rotate":[{},{"time":0.2,"angle":11.61},{"time":0.4667,"angle":16.75},{"time":0.6,"angle":-8.58},{"time":1}],"translate":[{},{"time":0.2,"x":27.32,"y":0.12},{"time":0.4667,"x":-11.08,"y":3.04},{"time":0.6,"x":-22.95,"y":1.7},{"time":1}]},"eyebrow2":{"rotate":[{},{"time":0.2,"angle":-27.7},{"time":0.4667,"angle":-18.01},{"time":0.6,"angle":-5.92},{"time":1}],"translate":[{},{"time":0.2,"x":19.65,"y":-8.36},{"time":0.4667,"x":-15.92,"y":-10.33},{"time":0.6,"x":-22.76,"y":-7.75},{"time":1}]},"head1":{"translate":[{},{"time":0.1333,"y":7.71},{"time":0.4667,"y":-25.18},{"time":0.6,"y":-31.59},{"time":1}],"scale":[{},{"time":0.1333,"x":0.995,"y":1.004},{"time":0.4667,"x":0.998,"y":1.014},{"time":0.6,"x":0.95,"y":1.025},{"time":1}]}}},"idle1_eye":{"bones":{"body":{"scale":[{},{"time":0.4667,"x":0.885,"y":1.008},{"time":1}]},"mouth2":{"translate":[{},{"time":0.1333,"y":-7.14},{"time":0.4667,"y":-25},{"time":0.6,"y":-18.75},{"time":1}],"shear":[{},{"time":0.1333,"x":8.02},{"time":0.4667},{"time":0.6,"x":-6.22},{"time":1}]},"mouth1":{"rotate":[{},{"time":0.1333,"angle":-6.08},{"time":0.4667},{"time":0.6,"angle":3.02},{"time":1}],"translate":[{},{"time":0.1333,"x":0.55,"y":1.22},{"time":0.4667},{"time":0.6,"x":-3.04,"y":-3},{"time":1}],"scale":[{"time":0.4667},{"time":0.6,"y":0.965},{"time":1}]},"head":{"translate":[{},{"time":0.1333,"y":-6.73},{"time":0.4667,"y":-39.22},{"time":0.6,"x":-0.58,"y":-32.3},{"time":1}],"scale":[{"time":0.1333},{"time":0.4667,"x":0.878},{"time":0.6,"x":0.909},{"time":1}]},"eye1":{"scale":[{"time":0.2667,"curve":0.25,"c3":0.75},{"time":0.4667,"x":0.19,"curve":"stepped"},{"time":0.6,"x":0.19,"curve":0.25,"c3":0.75},{"time":0.8}]},"eye2":{"scale":[{"time":0.2667,"curve":0.25,"c3":0.75},{"time":0.4667,"x":0.19,"curve":"stepped"},{"time":0.6,"x":0.19,"curve":0.25,"c3":0.75},{"time":0.8}]},"eyebrow1":{"rotate":[{},{"time":0.2,"angle":11.61},{"time":0.4667,"angle":16.75},{"time":0.6,"angle":-8.58},{"time":1}],"translate":[{},{"time":0.2,"x":27.32,"y":0.12},{"time":0.4667,"x":-11.08,"y":3.04},{"time":0.6,"x":-22.95,"y":1.7},{"time":1}]},"eyebrow2":{"rotate":[{},{"time":0.2,"angle":-27.7},{"time":0.4667,"angle":-18.01},{"time":0.6,"angle":-5.92},{"time":1}],"translate":[{},{"time":0.2,"x":19.65,"y":-8.36},{"time":0.4667,"x":-15.92,"y":-10.33},{"time":0.6,"x":-22.76,"y":-7.75},{"time":1}]},"head1":{"translate":[{},{"time":0.1333,"y":7.71},{"time":0.4667,"y":-25.18},{"time":0.6,"y":-31.59},{"time":1}],"scale":[{},{"time":0.1333,"x":0.995,"y":1.004},{"time":0.4667,"x":0.998,"y":1.014},{"time":0.6,"x":0.95,"y":1.025},{"time":1}]}}},"idle2":{"bones":{"body":{"scale":[{},{"time":0.4667,"x":0.885,"y":1.008},{"time":1}]},"mouth2":{"translate":[{},{"time":0.1333,"y":-7.14},{"time":0.4667,"y":-25},{"time":0.6,"y":-18.75},{"time":1}],"shear":[{},{"time":0.1333,"x":8.02},{"time":0.4667},{"time":0.6,"x":-6.22},{"time":1}]},"mouth1":{"rotate":[{},{"time":0.1333,"angle":-6.08},{"time":0.4667},{"time":0.6,"angle":3.02},{"time":1}],"translate":[{},{"time":0.1333,"x":0.55,"y":1.22},{"time":0.4667},{"time":0.6,"x":-3.04,"y":-3},{"time":1}],"scale":[{"time":0.4667},{"time":0.6,"y":0.965},{"time":1}]},"head":{"translate":[{},{"time":0.1333,"y":-6.73},{"time":0.4667,"y":-39.22},{"time":0.6,"x":-0.58,"y":-32.3},{"time":1}],"scale":[{"time":0.1333},{"time":0.4667,"x":0.878},{"time":0.6,"x":0.909},{"time":1}]},"eye1":{"translate":[{"x":39.08}]},"eyebrow1":{"rotate":[{"angle":-2.13},{"time":0.1333,"angle":5.61},{"time":0.4667,"angle":0.38,"curve":"stepped"},{"time":0.6,"angle":0.38},{"time":1,"angle":-2.13}],"translate":[{"x":-72.42,"y":2.44},{"time":0.1333,"x":-40.68,"y":-1.59},{"time":0.4667,"x":-44.03,"y":1.52},{"time":0.6,"x":-62.16,"y":1.52},{"time":1,"x":-72.42,"y":2.44}]},"eyebrow2":{"rotate":[{"angle":-30.12},{"time":0.1333,"angle":-42.84},{"time":0.4667,"angle":-38.11,"curve":"stepped"},{"time":0.6,"angle":-38.11},{"time":1,"angle":-30.12}],"translate":[{"x":-97.65,"y":-26.04},{"time":0.1333,"x":-72.78,"y":-33.38},{"time":0.4667,"x":-74.1,"y":-33.4},{"time":0.6,"x":-92.23,"y":-33.4},{"time":1,"x":-97.65,"y":-26.04}]},"head1":{"rotate":[{"angle":-19.51}],"translate":[{"y":-59.63},{"time":0.1333,"y":-51.92},{"time":0.4667,"y":-84.8},{"time":0.6,"y":-91.22},{"time":1,"y":-59.63}],"scale":[{},{"time":0.1333,"x":0.995,"y":1.004},{"time":0.4667,"x":0.998,"y":1.014},{"time":0.6,"x":0.95,"y":1.025},{"time":1}]}}},"scared1":{"slots":{"mouth1":{"attachment":[{"time":0.5333,"name":null}]},"mouth2":{"attachment":[{"time":0.5333,"name":null}]}},"bones":{"body":{"translate":[{"time":0.3333},{"time":0.5333,"y":-17.25},{"time":0.6667,"y":-22.12},{"time":0.8,"y":-17.25}],"scale":[{},{"time":0.2,"x":1.025},{"time":0.3333,"x":1.037},{"time":0.5333,"x":0.595},{"time":0.6667,"x":0.469},{"time":0.8,"x":0.595}]},"mouth2":{"translate":[{},{"time":0.2,"y":10.88,"curve":"stepped"},{"time":0.3333,"y":10.88},{"time":0.4,"x":-5.65,"y":-85.75},{"time":0.4667,"x":-8.24,"y":-160.98},{"time":0.5333,"x":-16.94,"y":-153.62},{"time":0.6667,"x":-105.76,"y":-189.11},{"time":0.8,"y":-135.62}],"scale":[{},{"time":0.2,"x":0.942,"curve":"stepped"},{"time":0.3333,"x":0.942},{"time":0.5333}],"shear":[{"time":0.2},{"time":0.3333,"x":7.95},{"time":0.4,"x":7.91},{"time":0.4667,"x":13.03},{"time":0.5333}]},"mouth1":{"rotate":[{"time":0.2},{"time":0.3333,"angle":-7.31},{"time":0.4667,"angle":-8.14},{"time":0.5333}],"translate":[{},{"time":0.2,"x":-10.39},{"time":0.3333,"x":-10.39,"y":-5.69},{"time":0.4667,"x":-8.8,"y":-8.87},{"time":0.5333}],"scale":[{"time":0.3333},{"time":0.4667,"x":0.841,"y":0.841},{"time":0.5333}]},"head":{"translate":[{},{"time":0.2,"y":10.88,"curve":"stepped"},{"time":0.3333,"y":10.88},{"time":0.5333,"y":-381.43}]},"eye1":{"rotate":[{"time":0.3333},{"time":0.5333,"angle":-0.65}],"translate":[{"time":0.3333},{"time":0.4,"x":20.2,"y":4.18},{"time":0.5333,"x":0.78,"y":12.55}],"scale":[{},{"time":0.2,"x":1.14,"y":1.14,"curve":"stepped"},{"time":0.3333,"x":1.14,"y":1.14},{"time":0.4,"x":1.194,"y":1.243},{"time":0.5333,"x":1.324,"y":1.471}]},"eye2":{"translate":[{},{"time":0.2,"x":6.79,"y":-8.74,"curve":"stepped"},{"time":0.3333,"x":6.79,"y":-8.74},{"time":0.4,"x":21.32,"y":-7.56},{"time":0.5333,"x":-9.45,"y":-5.22}],"scale":[{},{"time":0.2,"x":1.14,"y":1.14,"curve":"stepped"},{"time":0.3333,"x":1.14,"y":1.14},{"time":0.4,"x":1.207,"y":1.277},{"time":0.5333,"x":1.362,"y":1.575}]},"eyebrow1":{"rotate":[{},{"time":0.2,"angle":27.37,"curve":"stepped"},{"time":0.3333,"angle":27.37},{"time":0.5333,"angle":21.6},{"time":0.6667,"angle":30.07}],"translate":[{},{"time":0.2,"x":60.39,"y":10.78},{"time":0.3333,"x":72.73,"y":10.06},{"time":0.5333,"x":-46.65,"y":15.71},{"time":0.6667,"x":-13.67,"y":15.47},{"time":0.8,"x":27.92,"y":16.29}]},"eyebrow2":{"rotate":[{},{"time":0.2,"angle":-22.15,"curve":"stepped"},{"time":0.3333,"angle":-22.15},{"time":0.5333,"angle":-36.69},{"time":0.6667,"angle":-36.29}],"translate":[{},{"time":0.2,"x":44.22,"y":-6.47},{"time":0.3333,"x":54.37,"y":-5.75},{"time":0.5333,"x":-71.33,"y":-1.54},{"time":0.6667,"x":-35.59,"y":-9.73},{"time":0.8,"x":9.71,"y":-23.31}]},"head1":{"rotate":[{"time":0.3333},{"time":0.5333,"angle":-23.95},{"time":0.6667,"angle":-21.32},{"time":0.8,"angle":-23.95}],"translate":[{},{"time":0.2,"y":38.09},{"time":0.3333,"y":50.6},{"time":0.5333,"x":-27.55,"y":-408.47},{"time":0.6667,"x":-42.76,"y":-430.35},{"time":0.8,"x":-23.31,"y":-375.65}],"scale":[{"time":0.2},{"time":0.3333,"x":1.045,"y":0.986},{"time":0.5333,"x":0.977,"y":1.039},{"time":0.6667,"x":0.855,"y":1.202},{"time":0.8,"x":0.977,"y":1.039}],"shear":[{"time":0.2},{"time":0.3333,"x":1.18},{"time":0.5333,"x":-3.23},{"time":0.6667,"x":-3.23,"y":2.39},{"time":0.8,"x":-3.23}]}},"deform":{"default":{"head1":{"head1":[{"time":0.6667},{"time":0.8,"offset":8,"vertices":[-19.5772,-6.45494,-11.20338,-2.51969,5.09235,1.21677,22.44582,9.37212,35.74126,10.43925,39.94832,11.71463,39.24122,6.66589,23.20184,9.1391,12.33288,5.0013,4.08405,-1.25934,0,0,0,0,0,0,0,0,0,0,0,0,0,0,0,0,0,0,0,0,0,0,0,0,0,0,0,0,0,0,0,0,20.71368,0.11584,-3.37729,1.59164]}]},"head2":{"head2":[{"time":0.6667},{"time":0.8,"vertices":[-10.62973,-39.8999,2.39876,-20.83501,0.02932,-45.08755,14.33444,-34.8347,1.43437,1.45858,10.00151,2.34715,15.81613,2.72663,15.27406,5.60939,19.07282,6.6104,3.64445,4.8504,-9.76807,2.46885]}]}}}},"scared2":{"slots":{"mouth1":{"attachment":[{"time":0.2,"name":null},{"time":0.2667,"name":"mouth1"}]},"mouth2":{"attachment":[{"time":0.2,"name":null},{"time":0.2667,"name":"mouth2"}]}},"bones":{"body":{"translate":[{"y":-17.25,"curve":"stepped"},{"time":0.2,"y":-17.25},{"time":0.4}],"scale":[{"x":0.595,"curve":"stepped"},{"time":0.2,"x":0.595},{"time":0.4,"x":1.03},{"time":0.6}]},"mouth2":{"translate":[{"y":-135.62,"curve":"stepped"},{"time":0.2,"y":-135.62},{"time":0.2667,"x":-4.4,"y":-151.49,"curve":0.25,"c3":0.75},{"time":0.4}],"scale":[{"time":0.2},{"time":0.2667,"x":0.958,"y":0.958,"curve":0.25,"c3":0.75},{"time":0.4}],"shear":[{"time":0.2},{"time":0.2667,"x":5.73,"curve":0.25,"c3":0.75},{"time":0.4,"x":7.2},{"time":0.6}]},"mouth1":{"rotate":[{"time":0.2},{"time":0.2667,"angle":-10.1,"curve":0.25,"c3":0.75},{"time":0.4,"angle":-7.09},{"time":0.6}],"translate":[{"time":0.2},{"time":0.2667,"x":-0.47,"y":2.29,"curve":0.25,"c3":0.75},{"time":0.4,"x":-12.73,"y":6.1},{"time":0.6}],"scale":[{"time":0.2},{"time":0.2667,"x":0.915,"y":0.848,"curve":0.25,"c3":0.75},{"time":0.4,"x":0.892,"y":1.017},{"time":0.6}]},"head":{"translate":[{"y":-381.43,"curve":"stepped"},{"time":0.2,"y":-381.43},{"time":0.4}]},"eye1":{"rotate":[{"angle":-0.65,"curve":"stepped"},{"time":0.2,"angle":-0.65},{"time":0.4}],"translate":[{"x":0.78,"y":12.55,"curve":"stepped"},{"time":0.2,"x":0.78,"y":12.55},{"time":0.4,"x":4.35,"y":-4.35},{"time":0.6}],"scale":[{"x":1.324,"y":1.471,"curve":"stepped"},{"time":0.2,"x":1.324,"y":1.471},{"time":0.4,"x":1.127,"y":1.127},{"time":0.6}]},"eye2":{"translate":[{"x":-9.45,"y":-5.22,"curve":"stepped"},{"time":0.2,"x":-9.45,"y":-5.22},{"time":0.4,"x":10.88,"y":-9.79},{"time":0.6}],"scale":[{"x":1.362,"y":1.575,"curve":"stepped"},{"time":0.2,"x":1.362,"y":1.575},{"time":0.4,"x":1.127,"y":1.127},{"time":0.6}]},"eyebrow1":{"rotate":[{"angle":30.07,"curve":"stepped"},{"time":0.2,"angle":30.07},{"time":0.4,"angle":25.13},{"time":0.6}],"translate":[{"x":27.92,"y":16.29},{"time":0.2,"x":-43.2,"y":11.71},{"time":0.4,"x":80.87,"y":1.11},{"time":0.6}]},"eyebrow2":{"rotate":[{"angle":-36.29,"curve":"stepped"},{"time":0.2,"angle":-36.29},{"time":0.4,"angle":-16.12},{"time":0.6}],"translate":[{"x":9.71,"y":-23.31},{"time":0.2,"x":-72.12,"y":4.98},{"time":0.4,"x":67.58,"y":-1.11},{"time":0.6}]},"head1":{"rotate":[{"angle":-23.95},{"time":0.2,"angle":-23.74},{"time":0.4}],"translate":[{"x":-23.31,"y":-375.65},{"time":0.2,"x":-29.2,"y":-403.88},{"time":0.4,"x":-6.65,"y":50.96},{"time":0.6}],"scale":[{"x":0.977,"y":1.039},{"time":0.2,"x":0.958,"y":1.086},{"time":0.4,"x":1.031},{"time":0.6}],"shear":[{"x":-3.23,"curve":"stepped"},{"time":0.2,"x":-3.23},{"time":0.4}]}},"deform":{"default":{"head1":{"head1":[{"offset":8,"curve":"stepped","vertices":[-19.5772,-6.45494,-11.20338,-2.51969,5.09235,1.21677,22.44582,9.37212,35.74126,10.43925,39.94832,11.71463,39.24122,6.66589,23.20184,9.1391,12.33288,5.0013,4.08405,-1.25934,0,0,0,0,0,0,0,0,0,0,0,0,0,0,0,0,0,0,0,0,0,0,0,0,0,0,0,0,0,0,0,0,20.71368,0.11584,-3.37729,1.59164]},{"time":0.2,"offset":8,"vertices":[-19.5772,-6.45494,-11.20338,-2.51969,5.09235,1.21677,22.44582,9.37212,35.74126,10.43925,39.94832,11.71463,39.24122,6.66589,23.20184,9.1391,12.33288,5.0013,4.08405,-1.25934,0,0,0,0,0,0,0,0,0,0,0,0,0,0,0,0,0,0,0,0,0,0,0,0,0,0,0,0,0,0,0,0,20.71368,0.11584,-3.37729,1.59164]},{"time":0.3333}]},"head2":{"head2":[{"curve":"stepped","vertices":[-10.62973,-39.8999,2.39876,-20.83501,0.02932,-45.08755,14.33444,-34.8347,1.43437,1.45858,10.00151,2.34715,15.81613,2.72663,15.27406,5.60939,19.07282,6.6104,3.64445,4.8504,-9.76807,2.46885]},{"time":0.2,"vertices":[-10.62973,-39.8999,2.39876,-20.83501,0.02932,-45.08755,14.33444,-34.8347,1.43437,1.45858,10.00151,2.34715,15.81613,2.72663,15.27406,5.60939,19.07282,6.6104,3.64445,4.8504,-9.76807,2.46885]},{"time":0.3333}]}}}},"scared_idle":{"slots":{"mouth1":{"attachment":[{"name":null}]},"mouth2":{"attachment":[{"name":null}]},"water1":{"color":[{"color":"ffffffff","curve":0.25,"c3":0.75},{"time":0.2667,"color":"ffffff96","curve":"stepped"},{"time":0.3333,"color":"ffffffff","curve":0.25,"c3":0.75},{"time":0.6,"color":"ffffff96","curve":"stepped"},{"time":0.6667,"color":"ffffffff"}],"attachment":[{"name":"water1"}]},"water2":{"color":[{"color":"ffffffff","curve":0.25,"c3":0.75},{"time":0.2667,"color":"ffffff96","curve":"stepped"},{"time":0.3333,"color":"ffffffff","curve":0.25,"c3":0.75},{"time":0.6,"color":"ffffff96","curve":"stepped"},{"time":0.6667,"color":"ffffffff"}],"attachment":[{"name":"water2"}]}},"bones":{"body":{"translate":[{"y":-17.25}],"scale":[{"x":0.595}]},"mouth2":{"translate":[{"y":-135.62}]},"head":{"translate":[{"y":-381.43}]},"eye1":{"rotate":[{"angle":-0.65}],"translate":[{"x":0.78,"y":12.55},{"time":0.3333,"x":8.73,"y":16.52},{"time":0.6667,"x":0.78,"y":12.55}],"scale":[{"x":1.324,"y":1.471},{"time":0.3333,"x":1.575,"y":1.751},{"time":0.6667,"x":1.324,"y":1.471}]},"eye2":{"translate":[{"x":-9.45,"y":-5.22},{"time":0.3333,"x":-1.51,"y":-7.6},{"time":0.6667,"x":-9.45,"y":-5.22}],"scale":[{"x":1.362,"y":1.575},{"time":0.3333,"x":1.621,"y":1.874},{"time":0.6667,"x":1.362,"y":1.575}]},"eyebrow1":{"rotate":[{"angle":30.07}],"translate":[{"x":27.92,"y":16.29},{"time":0.3333,"x":40.63,"y":16.29},{"time":0.6667,"x":27.92,"y":16.29}]},"eyebrow2":{"rotate":[{"angle":-36.29},{"time":0.3333,"angle":-37.44},{"time":0.6667,"angle":-36.29}],"translate":[{"x":9.71,"y":-23.31},{"time":0.3333,"x":24.79,"y":-23.31},{"time":0.6667,"x":9.71,"y":-23.31}]},"head1":{"rotate":[{"angle":-23.95,"curve":"stepped"},{"time":0.1333,"angle":-23.95},{"time":0.4,"angle":-24.86,"curve":"stepped"},{"time":0.5333,"angle":-24.86},{"time":0.6667,"angle":-23.95}],"translate":[{"x":-23.31,"y":-375.65},{"time":0.1333,"x":-24.94,"y":-388.67},{"time":0.4,"x":-28.02,"y":-354.17},{"time":0.5333,"x":-28.02,"y":-347.84},{"time":0.6667,"x":-23.31,"y":-375.65}],"scale":[{"x":0.977,"y":1.039},{"time":0.1333,"x":0.95,"y":1.07},{"time":0.4,"x":1.015,"y":0.987},{"time":0.5333,"x":1.057,"y":0.961},{"time":0.6667,"x":0.977,"y":1.039}],"shear":[{"x":-3.23,"curve":"stepped"},{"time":0.1333,"x":-3.23},{"time":0.4,"x":-3.23,"y":-2.28},{"time":0.5333,"x":-3.23,"y":-6.05},{"time":0.6667,"x":-3.23}]},"water1":{"translate":[{"x":29.41,"y":-7.84},{"time":0.2667,"x":-107.25,"y":17.06,"curve":"stepped"},{"time":0.3333,"x":29.41,"y":-7.84},{"time":0.6,"x":-107.25,"y":17.06,"curve":"stepped"},{"time":0.6667,"x":29.41,"y":-7.84}],"scale":[{"x":0.581,"y":0.581},{"time":0.2667,"x":1.079,"y":1.079,"curve":"stepped"},{"time":0.3333,"x":0.581,"y":0.581},{"time":0.6,"x":1.079,"y":1.079,"curve":"stepped"},{"time":0.6667,"x":0.581,"y":0.581}]},"water2":{"translate":[{"x":-21.96,"y":-6.67},{"time":0.2667,"x":96.39,"y":24.63,"curve":"stepped"},{"time":0.3333,"x":-21.96,"y":-6.67},{"time":0.6,"x":96.39,"y":24.63,"curve":"stepped"},{"time":0.6667,"x":-21.96,"y":-6.67}],"scale":[{"x":0.581,"y":0.581},{"time":0.2667,"x":1.079,"y":1.079,"curve":"stepped"},{"time":0.3333,"x":0.581,"y":0.581},{"time":0.6,"x":1.079,"y":1.079,"curve":"stepped"},{"time":0.6667,"x":0.581,"y":0.581}]}},"deform":{"default":{"head1":{"head1":[{"offset":8,"vertices":[-19.5772,-6.45494,-11.20338,-2.51969,5.09235,1.21677,22.44582,9.37212,35.74126,10.43925,39.94832,11.71463,39.24122,6.66589,23.20184,9.1391,12.33288,5.0013,4.08405,-1.25934,0,0,0,0,0,0,0,0,0,0,0,0,0,0,0,0,0,0,0,0,0,0,0,0,0,0,0,0,0,0,0,0,20.71368,0.11584,-3.37729,1.59164]}]},"head2":{"head2":[{"vertices":[-10.62973,-39.8999,2.39876,-20.83501,0.02932,-45.08755,14.33444,-34.8347,1.43437,1.45858,10.00151,2.34715,15.81613,2.72663,15.27406,5.60939,19.07282,6.6104,3.64445,4.8504,-9.76807,2.46885]}]}}}}}},[0]]],0,0,[0],[-1],[0]],[[[3,"ScaredyShroom"],[4,"ScaredyShroom",[-8,-9,-10,-11],[[-2,[9,-7,-6,-5,-4,-3,2]],1,4],[10,-1,0],[-494,-293,0,0,0,0,1,1,1,1]],[6,"bodyC",5,1,[-12,-13],[0,"dddovT+DBOLJ54RSoKXIGM",1,0]],[7,"26FX_Z",1,[-14,-15],[0,"b3VhQ2gJVGcI0jBbM8pCqJ",1,0],[5,23.5,32.9],[11,56,0,0,0,0,1,0.5,0.5,1]],[5,"shootNode",1,[0,"ecX/wHR4hJILLFKrRboqk1",1,0],[42,24,0,0,0,0,1,1,1,1]],[11,2,[0,0,40],[5,80,100]],[12,2,5],[8,"14_plant",1,[-16],[0,"45aBKEmBpOIpwum3+QNhgs",1,0],[5,58.81,81]],[1,"default","idle2",0,"idle2",7,[0]],[1,"default","idle",0,"idle",3,[1]],[13,3,9],[14,true,1,8]],0,[0,1,1,0,-1,11,0,2,4,0,3,10,0,4,6,0,5,11,0,6,1,0,-1,4,0,-2,2,0,-3,7,0,-4,3,0,-1,5,0,-2,6,0,-1,9,0,-2,10,0,-1,8,0,7,1,16],[0,0,0,8,9],[-1,-1,8,0,0],[1,2,3,4,5]]]]