[1,["bf/4u3Ix9HgaGiMarICcDX","742mXlMT9PU46v6nL+kreg"],["spriteFrame","_textureSetter"],["cc.SpriteFrame",["cc.BitmapFont",["_name","fontSize","_fntConfig"],0]],[[1,0,1,2,4]],[[[[0,"shop2",32,{"commonHeight":32,"fontSize":32,"atlasName":"2121.doc_0.png","fontDefDictionary":{"48":{"xOffset":0,"yOffset":0,"xAdvance":32,"rect":{"x":0,"y":0,"width":32,"height":41}},"49":{"xOffset":0,"yOffset":0,"xAdvance":32,"rect":{"x":33,"y":0,"width":32,"height":41}},"50":{"xOffset":0,"yOffset":0,"xAdvance":32,"rect":{"x":66,"y":0,"width":32,"height":41}},"51":{"xOffset":0,"yOffset":0,"xAdvance":32,"rect":{"x":99,"y":0,"width":32,"height":41}},"52":{"xOffset":0,"yOffset":0,"xAdvance":32,"rect":{"x":132,"y":0,"width":32,"height":41}},"53":{"xOffset":0,"yOffset":0,"xAdvance":32,"rect":{"x":165,"y":0,"width":32,"height":41}},"54":{"xOffset":0,"yOffset":0,"xAdvance":32,"rect":{"x":198,"y":0,"width":32,"height":41}},"55":{"xOffset":0,"yOffset":0,"xAdvance":32,"rect":{"x":231,"y":0,"width":32,"height":41}},"56":{"xOffset":0,"yOffset":0,"xAdvance":32,"rect":{"x":264,"y":0,"width":32,"height":41}},"57":{"xOffset":0,"yOffset":0,"xAdvance":32,"rect":{"x":297,"y":0,"width":32,"height":41}}},"kerningDict":{}}]],0,0,[0],[0],[0]],[[{"name":"shop2","rect":[1,2,327,38],"offset":[-15.5,19],"originalSize":[360,80],"capInsets":[0,0,0,0]}],[0],0,[0],[1],[1]]]]