[1,["1fB7rfMhdBOI3ODjhs8pBH"],["_effectAsset"],[["cc.EffectAsset",["_name","shaders","techniques"],0],["cc.Material",["_name","_techniqueData"],2,11]],[[0,0,1,2,4],[1,0,1,2]],[[[[0,"flash",[{"hash":615334306,"record":null,"name":"flash|vs|fs","glsl3":{"vert":"\nprecision highp float;\nuniform CCGlobal {\n  mat4 cc_matView;\n  mat4 cc_matViewInv;\n  mat4 cc_matProj;\n  mat4 cc_matProjInv;\n  mat4 cc_matViewProj;\n  mat4 cc_matViewProjInv;\n  vec4 cc_cameraPos;\n  vec4 cc_time;\n  mediump vec4 cc_screenSize;\n  mediump vec4 cc_screenScale;\n};\nuniform CCLocal {\n  mat4 cc_matWorld;\n  mat4 cc_matWorldIT;\n};\nin vec3 a_position;\n#if USE_TEXTURE\n    in vec2 a_uv0;\n    out vec2 v_uv0;\n#endif\nin vec4 a_color;\nout vec4 v_color;\nvoid main () {\n    mat4 mvp;\n    #if CC_USE_MODEL\n        mvp = cc_matViewProj * cc_matWorld;\n    #else\n        mvp = cc_matViewProj;\n    #endif\n    #if USE_TEXTURE\n        v_uv0 = a_uv0;\n    #endif\n    #if USE_TINT\n    #endif\n    v_color = a_color;\n    gl_Position = mvp * vec4(a_position, 1);\n}","frag":"\n  precision highp float;\nuniform CCGlobal {\n  mat4 cc_matView;\n  mat4 cc_matViewInv;\n  mat4 cc_matProj;\n  mat4 cc_matProjInv;\n  mat4 cc_matViewProj;\n  mat4 cc_matViewProjInv;\n  vec4 cc_cameraPos;\n  vec4 cc_time;\n  mediump vec4 cc_screenSize;\n  mediump vec4 cc_screenScale;\n};\n  #if USE_TEXTURE\n      in vec2 v_uv0;\n      uniform sampler2D texture;\n  #endif\n  in vec4 v_color;\n  uniform Constant {\n  vec4 ucolor;\n  float u_rate;\n};\n  vec4 c_SingleColor_main_6(vec4 MainColor, vec4 color)\n{\n  MainColor.rgb = mix(MainColor.rgb, color.rgb,u_rate);\n  return MainColor;\n}\nvec4 c_Output_main_1(vec4 Color) {\n    return Color;\n}\nvoid main()\n{\n    vec4 out_Output_SingleColor_6 = c_SingleColor_main_6(texture2D(texture, v_uv0), vec4(ucolor));\n    gl_FragColor = c_Output_main_1(vec4(out_Output_SingleColor_6));\n}"},"glsl1":{"vert":"\nprecision highp float;\nuniform mat4 cc_matViewProj;\nuniform mat4 cc_matWorld;\nattribute vec3 a_position;\n#if USE_TEXTURE\n    attribute vec2 a_uv0;\n    varying vec2 v_uv0;\n#endif\nattribute vec4 a_color;\nvarying vec4 v_color;\nvoid main () {\n    mat4 mvp;\n    #if CC_USE_MODEL\n        mvp = cc_matViewProj * cc_matWorld;\n    #else\n        mvp = cc_matViewProj;\n    #endif\n    #if USE_TEXTURE\n        v_uv0 = a_uv0;\n    #endif\n    #if USE_TINT\n    #endif\n    v_color = a_color;\n    gl_Position = mvp * vec4(a_position, 1);\n}","frag":"\n  precision highp float;\n  #if USE_TEXTURE\n      varying vec2 v_uv0;\n      uniform sampler2D texture;\n  #endif\n  varying vec4 v_color;\n  uniform vec4 ucolor;\nuniform float u_rate;\n  vec4 c_SingleColor_main_6(vec4 MainColor, vec4 color)\n{\n  MainColor.rgb = mix(MainColor.rgb, color.rgb,u_rate);\n  return MainColor;\n}\nvec4 c_Output_main_1(vec4 Color) {\n    return Color;\n}\nvoid main()\n{\n    vec4 out_Output_SingleColor_6 = c_SingleColor_main_6(texture2D(texture, v_uv0), vec4(ucolor));\n    gl_FragColor = c_Output_main_1(vec4(out_Output_SingleColor_6));\n}"},"builtins":{"globals":{"blocks":[{"name":"CCGlobal","defines":[]}],"samplers":[]},"locals":{"blocks":[{"name":"CCLocal","defines":[]}],"samplers":[]}},"defines":[{"name":"USE_TEXTURE","type":"boolean","defines":[]},{"name":"CC_USE_MODEL","type":"boolean","defines":[]},{"name":"USE_TINT","type":"boolean","defines":[]}],"blocks":[{"name":"Constant","binding":0,"members":[{"name":"ucolor","type":16,"count":1},{"name":"u_rate","type":13,"count":1}],"defines":[]}],"samplers":[{"name":"texture","type":29,"count":1,"binding":30,"defines":["USE_TEXTURE"]}]}],[{"passes":[{"program":"flash|vs|fs","blendState":{"targets":[{"blend":true}]},"rasterizerState":{"cullMode":0},"properties":{"texture":{"value":"white","type":29},"ucolor":{"type":16,"value":[1,1,1,1],"inspector":{"type":"color"}},"u_rate":{"type":13,"value":[1]}}}]}]]],0,0,[],[],[]],[[[1,"flash",[{},"0",11,[{"defines":{"USE_TEXTURE":true}},"props",11,[{"u_rate":0},"ucolor",8,[4,4294967295]]]]]],0,0,[0],[0],[0]]]]