[1,["ecpdLyjvZBwrvm+cedCcQy","16O9CWThtJIpqF+vHewgJo","fbB2NQ8S9HrJg1z1Lz/uWk","b0Mrv5PsFNBK8haFlqi0w0","1als7FkEpPAa7jIWOysKyS","cdrH+tZStKMqCcueU73UOf"],["node","_spriteFrame","root","goldNum","diamondNum","data","_textureSetter"],[["cc.Node",["_name","_prefab","_contentSize","_parent","_children","_components","_trs"],2,4,5,1,2,9,7],["cc.PrefabInfo",["fileId","root","asset"],2,1,1],"cc.SpriteFrame",["cc.Prefab",["_name"],2],["cc.Node",["_name","_parent","_components","_prefab","_contentSize","_trs"],2,1,2,4,5,7],["bd92340t99BSJjLvvOp+cXx",["node","diamondNum","goldNum"],3,1,1,1],["cc.Widget",["_alignFlags","_right","node"],1,1],["cc.Sprite",["node","_materials","_spriteFrame"],3,1,3,6],["cc.Button",["_N$transition","node","clickEvents"],2,1,9],["cc.ClickEvent",["_componentId","handler","target"],1,1],["cc.Label",["_string","_fontSize","_N$horizontalAlign","_N$verticalAlign","_N$overflow","_N$cacheMode","node","_materials"],-3,1,3]],[[1,0,1,2,2],[7,0,1,2,1],[0,0,3,5,1,2,6,2],[0,0,3,4,1,2,6,2],[0,0,3,5,1,2,2],[4,0,1,2,3,4,5,2],[8,0,1,2,2],[9,0,1,2,3],[10,0,1,2,3,4,5,6,7,7],[3,0,2],[0,0,4,5,1,2,6,2],[0,0,3,4,1,2],[5,0,1,2,1],[6,0,1,2,3],[1,1,2,1]],[[[[9,"MoneyPanelUI"],[10,"MoneyPanelUI",[-6,-7,-8],[[12,-4,-3,-2],[13,32,340.669,-5]],[14,-1,0],[5,300,58],[843.331,334.226,0,0,0,0,1,1,1,1]],[3,"Diamond",1,[-9,-10,-11],[0,"59nMUIvTpC552KaGA1KoJ8",1,0],[5,53,55],[-179.929,0,0,0,0,0,1,1,1,1]],[3,"Gold",1,[-12,-13,-14],[0,"66aDWr6WdHh46pCSnuvKmO",1,0],[5,53,55],[39.147,0,0,0,0,0,1,1,1,1]],[2,"a002",2,[[1,-15,[4],5],[6,1,-16,[[7,"bd92340t99BSJjLvvOp+cXx","onClickAddDiamond",1]]]],[0,"d0SoXTKBtD6KvSlMvydlOa",1,0],[5,53,54],[146.145,0,0,0,0,0,1,1,1,1]],[2,"a002 copy",3,[[1,-17,[10],11],[6,1,-18,[[7,"bd92340t99BSJjLvvOp+cXx","onClickAddCoin",1]]]],[0,"7bWccDQwxFmJlD7zpgh7Rc",1,0],[5,53,54],[139.759,0,0,0,0,0,1,1,1,1]],[11,"LabelNum",1,[-19,-20],[0,"abcZ4AUeVCrKMfn5rySGJN",1,0]],[2,"a044",2,[[1,-21,[0],1]],[0,"9dwlhwy2VNmaTX7/Gwuk64",1,0],[5,143,58],[68.053,0,0,0,0,0,1,1,1,1]],[4,"Diamond copy",2,[[1,-22,[2],3]],[0,"b6eccpmZ9A769xiLAo/8cj",1,0],[5,53,55]],[2,"a044",3,[[1,-23,[6],7]],[0,"a9bSzeU05Py6hckAY0JC6B",1,0],[5,143,58],[68.053,0,0,0,0,0,1,1,1,1]],[4,"Diamond copy",3,[[1,-24,[8],9]],[0,"1eNOrK/HdFz6E1+mmevSO8",1,0],[5,47,50]],[5,"Num",6,[-25],[0,"acmD2XsIpOob6cSvC2Jh9v",1,0],[5,80,40],[107.2,0,0,0,0,0,1,1,1,1]],[8,"999999",30,1,1,2,2,11,[12]],[5,"Num",6,[-26],[0,"3d0fspeIlCipo7DMiZ8dss",1,0],[5,80,40],[-111.876,0,0,0,0,0,1,1,1,1]],[8,"999999",30,1,1,2,2,13,[13]]],0,[0,2,1,0,3,12,0,4,14,0,0,1,0,0,1,0,-1,2,0,-2,3,0,-3,6,0,-1,7,0,-2,8,0,-3,4,0,-1,9,0,-2,10,0,-3,5,0,0,4,0,0,4,0,0,5,0,0,5,0,-1,11,0,-2,13,0,0,7,0,0,8,0,0,9,0,0,10,0,-1,12,0,-1,14,0,5,1,26],[0,0,0,0,0,0,0,0,0,0,0,0,0,0],[-1,1,-1,1,-1,1,-1,1,-1,1,-1,1,-1,-1],[0,1,0,3,0,2,0,1,0,4,0,2,0,0]],[[{"name":"a002","rect":[0,0,53,54],"offset":[0,0],"originalSize":[53,54],"capInsets":[0,0,0,0]}],[2],0,[0],[6],[5]]]]