[1,["ecpdLyjvZBwrvm+cedCcQy","7a/QZLET9IDreTiBfRn2PD","30k01a27xCD7BbpK6IovDy","0fzbQSrtRPQK9dx4Blt8zm","42WS8McKxDMJ+CM6dL21YG","43CCj/N1JEn6PtmLfNpKsy","07S45OcrdJmLGpjLdRe9dN","e4eEuly1dPT75/oD2QtX8H","39Km2gox5Cwrx2UPT5DhTz","59eWHzAgxKFrdF5QPqLwK2","92Iwc5aXZJgImTsOrfKcr1","bf51Q6ThlOYLlt+oP/UyBH","84DHkCwbFPzIXGU8f29mkb","96Md++HTxBDIfXDP2Mi7Kn","85xyi+DGtGsbLldfJPWRE0","edD5xNtrZCwKBDC6FQUrKu","dbD8Q7/C5DaIVo0pOJWZ6A","dctlJBqbdBKJoEbcm3axB7","d1asfuXFhGMKwnuNtUeMet","10zinWyshHUbngVKm7pICZ","f90cN9m5FFAIt0Zsd3jjct","bergrheWBJdomkEjF9gV6B","17CQJhmftM4KHp82Mlz6r7","e25LA+ubJGeaksoip6kFWl","f1chjh6YxN/7Wa/lZzt4I6","7fMBEc4EpDr7GLej+8AW8V","78jbHMlBNOg6eL2bO8wwTT","b2bujnIlZKUrrMLzwIVp++","a46O8G9ONM5rFTzHyvOKlU","43vm5Ce5tPgIGqg2u7r0Dy","dfbetlJHFIKJL1I4tjQ51V","10YM0a8RtPM6ieQnlaSJi8","f5fp0NzJ9P7bv9aCk2TESj","1epF1HRXRJMKAI+MRVai9g","80lM38LzNI74PcptioKrhF"],["node","_spriteFrame","_N$skeletonData","_textureSetter","root","_N$file","_parent","signPanel","data"],[["cc.Node",["_name","_active","_opacity","_prefab","_contentSize","_components","_parent","_trs","_children","_color","_anchorPoint"],0,4,5,9,1,7,2,5,5],"cc.SpriteFrame",["cc.Label",["_string","_N$horizontalAlign","_N$verticalAlign","_fontSize","_styleFlags","_N$cacheMode","_lineHeight","_isSystemFontUsed","node","_materials","_N$file"],-5,1,3,6],["cc.Sprite",["_sizeMode","_type","node","_materials","_spriteFrame"],1,1,3,6],["cc.PrefabInfo",["fileId","root","asset"],2,1,1],["cc.ClickEvent",["_componentId","handler","customEventData","target"],0,1],["sp.Skeleton",["defaultSkin","_preCacheMode","_animationName","defaultAnimation","_cacheMode","_N$enableBatch","node","_materials","_N$skeletonData"],-3,1,3,6],["cc.Widget",["_alignFlags","_originalWidth","_originalHeight","node"],0,1],["cc.Prefab",["_name"],2],["57b76O50a5PSYCYRz3a3duT",["node","signPanel"],3,1,1],["cc.Button",["_N$transition","node","clickEvents"],2,1,9],["cc.BlockInputEvents",["node"],3,1],["cc.Layout",["_resize","_N$layoutType","_N$spacingX","node","_layoutSize"],0,1,5],["cc.LabelOutline",["node","_color"],3,1,5],["2ea8bTiIf9D6aZEThZ9EKnt",["node"],3,1]],[[4,0,1,2,2],[3,2,3,4,1],[0,0,6,5,3,4,7,2],[11,0,1],[0,0,6,8,5,3,4,7,2],[7,0,1,2,3,4],[10,0,1,2,2],[13,0,1,1],[0,0,6,5,3,4,2],[0,0,1,6,5,3,4,7,3],[3,0,2,3,4,2],[0,0,2,6,5,3,9,4,3],[0,0,1,6,8,5,3,4,3],[4,0,1,2],[5,0,1,2,3,4],[2,0,3,7,4,1,2,8,9,10,7],[6,0,3,1,4,2,5,6,7,8,7],[0,0,6,5,3,9,4,7,2],[2,0,3,1,2,8,9,5],[3,1,0,2,3,4,3],[6,0,3,1,2,6,7,8,5],[0,0,8,5,3,4,7,2],[5,0,1,3,3],[0,0,8,3,4,2],[0,0,1,6,8,5,3,4,7,3],[5,0,1,3],[2,0,3,1,2,5,8,9,6],[2,0,1,2,8,9,4],[8,0,2],[0,0,8,5,3,7,2],[0,0,8,3,4,7,2],[0,0,1,6,8,5,3,3],[0,0,6,5,3,4,10,7,2],[0,0,6,8,3,4,7,2],[7,0,3,2],[9,0,1,1],[4,1,2,1],[3,2,3,1],[12,0,1,2,3,4,4],[2,0,3,4,1,2,5,8,9,7],[2,0,3,6,4,1,2,8,9,7],[14,0,1],[6,0,1,2,6,7,8,4]],[[[{"name":"q006","rect":[667,133,185,105],"offset":[0,0],"originalSize":[185,105],"capInsets":[0,0,0,0]}],[1],0,[0],[3],[2]],[[{"name":"q004","rect":[1,1,226,301],"offset":[0,0],"originalSize":[226,301],"capInsets":[0,0,0,0]}],[1],0,[0],[3],[2]],[[{"name":"q011","rect":[135,456,99,33],"offset":[0,0],"originalSize":[99,33],"capInsets":[0,0,0,0]}],[1],0,[0],[3],[2]],[[{"name":"q003","rect":[251,304,225,147],"offset":[0,0],"originalSize":[225,147],"capInsets":[0,0,0,0]}],[1],0,[0],[3],[2]],[[{"name":"q018","rect":[478,286,208,283],"offset":[0,0],"originalSize":[208,283],"rotated":1,"capInsets":[0,0,0,0]}],[1],0,[0],[3],[2]],[[{"name":"q012","rect":[251,453,132,39],"offset":[0,0],"originalSize":[132,39],"capInsets":[0,0,0,0]}],[1],0,[0],[3],[2]],[[{"name":"q017","rect":[457,1,208,283],"offset":[0,0],"originalSize":[208,283],"capInsets":[0,0,0,0]}],[1],0,[0],[3],[2]],[[[28,"SignUI"],[29,"SignUI",[-5,-6,-7,-8],[[34,18,-2],[35,-4,-3]],[36,-1,0],[667,375,0,0,0,0,1,1,1,1]],[21,"Day4",[-11,-12,-13,-14,-15,-16,-17],[[1,-9,[73],74],[6,1,-10,[[14,"57b76O50a5PSYCYRz3a3duT","onClickSign","4",1]]]],[0,"112FcglXlBdJCycR8kSMkP",1,0],[5,225,147],[0,-3,0,0,0,0,1,1,1,1]],[21,"Day7",[-20,-21,-22,-23,-24,-25,-26],[[1,-18,[126],127],[6,1,-19,[[14,"57b76O50a5PSYCYRz3a3duT","onClickSign","7",1]]]],[0,"96suCAxMhBmZegd9XuI2or",1,0],[5,226,301],[240,-78.52,0,0,0,0,1,1,1,1]],[30,"RewardSingle",[-27,-28,-29,-30,-31,-32,-33,-34,-35],[0,"3aDuHcTaJPQ5VAEcHtT9FH",1,0],[5,200,200],[0,-55.229,0,0,0,0,1,1.2,1.2,1.2]],[23,"SignPanel",[-36,-37,-38,2,-39,-40,3],[0,"ddbSno+QJNf42pyvkEdEmB",1,0],[5,820,520]],[4,"Day1",5,[-43,-44,-45,-46,-47,-48],[[1,-41,[19],20],[6,1,-42,[[14,"57b76O50a5PSYCYRz3a3duT","onClickSign","1",1]]]],[0,"8e2KYZpihJIY1oftKV5any",1,0],[5,225,147],[-240,150,0,0,0,0,1,1,1,1]],[4,"Day2",5,[-51,-52,-53,-54,-55,-56],[[1,-49,[37],38],[6,1,-50,[[14,"57b76O50a5PSYCYRz3a3duT","onClickSign","2",1]]]],[0,"e95N5NdfJPB4ljs+jBo+LY",1,0],[5,226,301],[-240,-78.52,0,0,0,0,1,1,1,1]],[4,"Day3",5,[-59,-60,-61,-62,-63,-64],[[1,-57,[54],55],[6,1,-58,[[14,"57b76O50a5PSYCYRz3a3duT","onClickSign","3",1]]]],[0,"2dVpD3ETtDZLj7hW71OGAo",1,0],[5,225,147],[0,150,0,0,0,0,1,1,1,1]],[4,"Day5",5,[-67,-68,-69,-70,-71,-72],[[1,-65,[90],91],[6,1,-66,[[14,"57b76O50a5PSYCYRz3a3duT","onClickSign","5",1]]]],[0,"60h0wWL5FLcYZLt3qieBGl",1,0],[5,225,147],[0,-156,0,0,0,0,1,1,1,1]],[4,"Day6",5,[-75,-76,-77,-78,-79,-80],[[1,-73,[107],108],[6,1,-74,[[14,"57b76O50a5PSYCYRz3a3duT","onClickSign","6",1]]]],[0,"f9MuoyW9ZCJ7UCoErFJjB8",1,0],[5,225,147],[240,150,0,0,0,0,1,1,1,1]],[31,"RewardUI",false,1,[-82,-83,-84,4],[[5,45,750,600,-81]],[0,"c036juXSZBMYbkw1bcTtAM",1,0]],[12,"Mask",false,6,[-87,-88],[[5,45,100,100,-85],[3,-86]],[0,"0dcRqPM7xP+L5pxFoX6dVU",1,0],[5,225,147]],[12,"Mask",false,7,[-91,-92],[[5,45,100,100,-89],[3,-90]],[0,"d3SbQ3XERM1qppGgxrIbYd",1,0],[5,226,301]],[12,"Mask",false,8,[-95,-96],[[5,45,100,100,-93],[3,-94]],[0,"42m/ulsBFPYJjyJHQlmf1Y",1,0],[5,224,147]],[12,"Mask",false,2,[-99,-100],[[5,45,100,100,-97],[3,-98]],[0,"49jLtxumlLq6ANdm4XBlMu",1,0],[5,224,147]],[12,"Mask",false,9,[-103,-104],[[5,45,100,100,-101],[3,-102]],[0,"febwAGZDhEhLKZPCJO71De",1,0],[5,224,147]],[12,"Mask",false,10,[-107,-108],[[5,45,100,100,-105],[3,-106]],[0,"e9JASAImVF6buYBHZbphyv",1,0],[5,224,147]],[12,"Mask",false,3,[-111,-112],[[5,45,100,100,-109],[3,-110]],[0,"12vata2H1MQpx5psgUvGlJ",1,0],[5,226,301]],[21,"a007 copy",[-115,-116],[[19,1,0,-113,[140],141],[6,1,-114,[[22,"57b76O50a5PSYCYRz3a3duT","onClickVideoBtn",1]]]],[0,"f66f3xrURNDIWzlZryDaXn",1,0],[5,250,75],[150,0,0,0,0,0,1,1,1,1]],[11,"Mask",140,12,[[10,0,-117,[13],14],[5,45,100,100,-118],[3,-119]],[0,"4bMH8sSyRDGpIOfYUFHnw3",1,0],[4,4278190080],[5,225,147]],[11,"Mask",140,13,[[10,0,-120,[27],28],[5,45,100,100,-121],[3,-122]],[0,"25zd3usphC9avp0UuWwXw/",1,0],[4,4278190080],[5,226,301]],[11,"Mask",140,14,[[10,0,-123,[44],45],[5,45,100,100,-124],[3,-125]],[0,"72um/X4/NEHb98hMCxmcVd",1,0],[4,4278190080],[5,224,147]],[11,"Mask",140,15,[[10,0,-126,[61],62],[5,45,100,100,-127],[3,-128]],[0,"0fIGRCiV1LA5bgWNBpNc51",1,0],[4,4278190080],[5,224,147]],[11,"Mask",140,16,[[10,0,-129,[80],81],[5,45,100,100,-130],[3,-131]],[0,"05wNwv2lBHArfM7zJptXs4",1,0],[4,4278190080],[5,224,147]],[11,"Mask",140,17,[[10,0,-132,[97],98],[5,45,100,100,-133],[3,-134]],[0,"2dlagiTCZK+KfPmy2m0CSY",1,0],[4,4278190080],[5,224,147]],[11,"Mask",140,18,[[10,0,-135,[116],117],[5,45,100,100,-136],[3,-137]],[0,"e5G0qrRl5JioPBP4spqh45",1,0],[4,4278190080],[5,226,301]],[4,"RewardBtnPanel",11,[-139,19],[[38,1,1,100,-138,[5,550,200]]],[0,"f0PjVRbBpI9bdMPYeUbFU0",1,0],[5,550,200],[0,-299.871,0,0,0,0,1,0.8,0.8,1]],[4,"a007",27,[-142],[[19,1,0,-140,[135],136],[6,1,-141,[[22,"57b76O50a5PSYCYRz3a3duT","getReward",1]]]],[0,"a1F3fP0VhHZ6BB57rSqH1F",1,0],[5,200,75],[-175,0,0,0,0,0,1,1,1,1]],[24,"NextBtn",false,4,[-145],[[19,1,0,-143,[154],155],[6,1,-144,[[25,"e9be9EByuFCWrylyRyY0RD7","onClickNextBtn"]]]],[0,"7fFcyUx5lGPIMLIhRjJnuz",1,0],[5,160,75],[-163.997,-167.57,0,0,0,0,1,1,1,1]],[24,"AllBtn",false,4,[-148],[[19,1,0,-146,[157],158],[6,1,-147,[[25,"e9be9EByuFCWrylyRyY0RD7","showAll"]]]],[0,"50wi/UZ/pHqYerXilA4Hw+",1,0],[5,160,75],[169.358,-167.57,0,0,0,0,1,1,1,1]],[2,"Back",1,[[1,-149,[0],1],[6,1,-150,[[22,"57b76O50a5PSYCYRz3a3duT","onClickCloseBtn",1]]]],[0,"930zb6GlZGB4wGbOd/Ih3k",1,0],[5,80,79],[-573.684,295.136,0,0,0,0,1,1,1,1]],[23,"Bg2",[-151,5],[0,"19P8VIB6tM7IfbnSj3Yujs",1,0],[5,820,500]],[4,"q011",6,[-153],[[1,-152,[8],9]],[0,"47Hir5/zJGiauXfjNKgJo0",1,0],[5,99,33],[54.792,-49.656,0,0,0,0,1,1,1,1]],[2,"New Label",6,[[39,"X5000",30,1,1,1,1,-154,[12]],[7,-155,[4,4278190080]]],[0,"76RZfI6hlL/L5FDCs9XGvV",1,0],[5,88.75,52.4],[0,47.718,0,0,0,0,1,0.9,0.9,1]],[9,"Tip",false,6,[[1,-157,[17],18]],[13,"afSE6CjwRFdp5o0/Vq9lDL",-156],[5,33,33],[107.467,66.869,0,0,0,0,1,1,1,1]],[9,"Tip",false,7,[[1,-159,[31],32]],[13,"51jNzJvSBP+IfJjBMhIRNy",-158],[5,33,33],[107.467,140.902,0,0,0,0,1,1,1,1]],[4,"q011 copy",7,[-161],[[1,-160,[35],36]],[0,"b21VMh/gVLRYTNNWXKLxiT",1,0],[5,132,39],[36.921,-120.199,0,0,0,0,1,1,1,1]],[2,"New Label",8,[[26,"X100",30,1,1,1,-162,[43]],[7,-163,[4,4278190080]]],[0,"afM1xLPldE2YrJex6OKSUX",1,0],[5,72.06,52.4],[0,47.718,0,0,0,0,1,1,1,1]],[9,"Tip",false,8,[[1,-165,[48],49]],[13,"ddN3xAgtJGNpTRykX/BHT3",-164],[5,33,33],[107.467,66.869,0,0,0,0,1,1,1,1]],[4,"q011 copy",8,[-167],[[1,-166,[52],53]],[0,"a4Gtk/rN9PAYyxIv3tROj6",1,0],[5,99,33],[55,-49.656,0,0,0,0,1,1,1,1]],[2,"New Label",2,[[18,"X10",30,1,1,-168,[60]],[7,-169,[4,4278190080]]],[0,"324vI0KXtM04DIynx09lYE",1,0],[5,55.38,52.4],[-3.669,53.833,0,0,0,0,1,1,1,1]],[9,"Tip",false,2,[[1,-171,[67],68]],[13,"7dLVYppOtCzq0SfgjBfDAO",-170],[5,33,33],[107.467,66.869,0,0,0,0,1,1,1,1]],[4,"q011 copy",2,[-173],[[1,-172,[71],72]],[0,"27JB7fTbZICYWoGcWB6NyR",1,0],[5,99,33],[55,-50,0,0,0,0,1,1,1,1]],[2,"New Label",9,[[18,"X15000",30,1,1,-174,[79]],[7,-175,[4,4278190080]]],[0,"4dQ3IWFr9BXbjjxC0hDkbB",1,0],[5,105.43,52.4],[0,47.718,0,0,0,0,1,1,1,1]],[9,"Tip",false,9,[[1,-177,[84],85]],[13,"8abSQKtaxEsqGJpKxVLQPb",-176],[5,33,33],[107.467,66.869,0,0,0,0,1,1,1,1]],[4,"q011 copy",9,[-179],[[1,-178,[88],89]],[0,"50ENIqqqVIlbRyGhJxAAOm",1,0],[5,99,33],[55,-50,0,0,0,0,1,1,1,1]],[2,"New Label",10,[[26,"X300",30,1,1,1,-180,[96]],[7,-181,[4,4278190080]]],[0,"3d7PUSMhVB/aCG5mG5hhaU",1,0],[5,72.06,52.4],[0,47.718,0,0,0,0,1,1,1,1]],[9,"Tip",false,10,[[1,-183,[101],102]],[13,"30pDptjT5AIqRMxknxfVO2",-182],[5,33,33],[107.467,66.869,0,0,0,0,1,1,1,1]],[4,"q011 copy",10,[-185],[[1,-184,[105],106]],[0,"969WA9/kpDWYtoWDagFufL",1,0],[5,99,33],[55,-50,0,0,0,0,1,1,1,1]],[9,"Tip",false,3,[[1,-187,[120],121]],[13,"22ZpPeLwdDa6uX4IDIrSFY",-186],[5,33,33],[107.467,142.096,0,0,0,0,1,1,1,1]],[4,"q011 copy",3,[-189],[[1,-188,[124],125]],[0,"2dASCeDJVJEYwRM4AZTstt",1,0],[5,132,37],[37.602,-121.955,0,0,0,0,1,1,1,1]],[11,"Mask",200,11,[[10,0,-190,[128],129],[3,-191]],[0,"04zmkquvRG2q0zBdqFTQfj",1,0],[4,4278190080],[5,1700,750]],[4,"Title",11,[-193],[[1,-192,[132],133]],[0,"f4EdenOvVIWJvagjQjKIcN",1,0],[5,674,199],[0,202.838,0,0,0,0,1,0.8,0.8,1]],[2,"New Label",28,[[27,"领取",1,1,-194,[134]],[7,-195,[4,4278190080]]],[0,"5eiGKmWVtO/aHAd4N+LU1W",1,0],[5,82,52.4],[0,4.969,0,0,0,0,1,1,1,1]],[2,"New Label",19,[[27,"双倍领取",1,1,-196,[137]],[7,-197,[4,4278190080]]],[0,"d0n2n95sVGcqWYMGPR4LzZ",1,0],[5,162,52.4],[26.825,4.969,0,0,0,0,1,1,1,1]],[2,"video",19,[[1,-198,[138],139],[41,-199]],[0,"94HEPSx51MH7neyixIlhtC",1,0],[5,80,57],[-84.538,1.831,0,0,0,0,1,0.5,0.5,1]],[32,"Num",4,[[40,"X2",50,50,1,1,1,-200,[152]],[7,-201,[4,4278190080]]],[0,"1bX2xmmZFBfqOEJatc7Pxo",1,0],[5,63.16,65],[0,1,0.5],[105.026,-71.487,0,0,0,0,1,1,1,1]],[2,"New Label",29,[[18,"领取",30,1,1,-202,[153]],[7,-203,[4,4278190080]]],[0,"4fvIo3ZShC/56zD31r4AI+",1,0],[5,62,52.4],[0,3.482,0,0,0,0,1,1,1,1]],[2,"New Label copy",30,[[18,"全部领取",30,1,1,-204,[156]],[7,-205,[4,4278190080]]],[0,"d3j3jHvwpDA63Pi6hg/TLY",1,0],[5,122,52.4],[0,3.482,0,0,0,0,1,1,1,1]],[9,"TipLabel",false,4,[[18,"已有该植物，转换为20个碎片",25,1,1,-206,[159]],[7,-207,[4,4278190080]]],[0,"9aKZhXfchFEoGcQKpDVR86",1,0],[5,329.81,52.4],[0,129.449,0,0,0,0,1,1,1,1]],[8,"New Node",1,[[3,-208]],[0,"fc/OL+dcxI6pLvCpkMpJhO",1,0],[5,1700,750]],[33,"Bg",1,[32],[0,"a4GehvJxhPw5r8YRqZ6Ou9",1,0],[5,850,530],[23.982,-26.403,0,0,0,0,1,0.9,0.9,1]],[2,"Title",32,[[1,-209,[2],3]],[0,"24wM1zREpAiKdP3RR56/u6",1,0],[5,971,602],[0.078,41.249,0,0,0,0,1,1,1,1]],[8,"Spine",6,[[16,"default","newAnimation1",1,1,"newAnimation1",true,-210,[4],5]],[0,"bfjj81+tJK9Yp0+zdqkRz+",1,0],[5,701,305]],[17,"New Label",33,[[15,"第 1 日",18,false,1,1,1,-211,[6],7]],[0,"caNc2F0DJAk49BKbPwbBta",1,0],[4,4278202197],[5,60.37,50.4],[7.412,0.087,0,0,0,0,1,1,1,1]],[2,"a034",6,[[1,-212,[10],11]],[0,"443+QgeG1Lf6vuCKkUv0FO",1,0],[5,134,130],[-1.908,1.013,0,0,0,0,1,0.7,0.7,1]],[2,"q006",12,[[1,-213,[15],16]],[0,"4aCFA9F1hNmKsvESMkovzG",1,0],[5,185,105],[12.523,0,0,0,0,0,1,1,1,1]],[8,"q017",7,[[1,-214,[21],22]],[0,"5bgbyqLT9Ki7o3OUL1iuXx",1,0],[5,208,283]],[2,"Spine",7,[[16,"default","newAnimation2",1,1,"newAnimation2",true,-215,[23],24]],[0,"58NA004shGSI5uS7PvpFgi",1,0],[5,701,305],[1.194,8.231,0,0,0,0,1,1,1,1]],[2,"New Node",7,[[20,"default","daiji",0,"daiji",-216,[25],26]],[0,"48yp/FYCpFyr2xFmv2XXGt",1,0],[5,75.15,127.19],[0,-68.221,0,0,0,0,1,1.5,1.5,1]],[2,"q006",13,[[1,-217,[29],30]],[0,"1eO0bkvjNM1q4YSivsGTqo",1,0],[5,185,105],[12.523,0,0,0,0,0,1,1,1,1]],[17,"New Label",37,[[15,"第 2 日",18,false,1,1,1,-218,[33],34]],[0,"dbO+qHZ2FIgofzLvYmGWlM",1,0],[4,4280153340],[5,65.43,50.4],[7.412,0.087,0,0,0,0,1,1,1,1]],[8,"Spine",8,[[16,"default","newAnimation1",1,1,"newAnimation1",true,-219,[39],40]],[0,"eaSF8lIjJMIYcbordkD1Mu",1,0],[5,701,305]],[2,"a034",8,[[1,-220,[41],42]],[0,"56Fwl7fopIhKOutr4p325g",1,0],[5,107,88],[-6.205,-8.194,0,0,0,0,1,0.8,0.8,1]],[2,"q006",14,[[1,-221,[46],47]],[0,"fbH5yCfXNPDJAWstAi3IXa",1,0],[5,185,105],[12.523,0,0,0,0,0,1,1,1,1]],[17,"New Label",40,[[15,"第 3 日",18,false,1,1,1,-222,[50],51]],[0,"f10oEzgstOB5ljlooMSy5O",1,0],[4,4278202197],[5,66.04,50.4],[7.412,0.087,0,0,0,0,1,1,1,1]],[8,"Spine",2,[[16,"default","newAnimation1",1,1,"newAnimation1",true,-223,[56],57]],[0,"21IUu72LJIwZXAph9XfNc3",1,0],[5,701,305]],[2,"a034",2,[[1,-224,[58],59]],[0,"faiV1YSo5KzLqDvasQlWK7",1,0],[5,95,100],[-13.597,-11.037,0,0,0,0,1,1,1,1]],[2,"q006",15,[[1,-225,[63],64]],[0,"4ehE+CvsFJxqCbur60lDNL",1,0],[5,185,105],[12.523,0,0,0,0,0,1,1,1,1]],[2,"chip",2,[[1,-226,[65],66]],[0,"19tRpIBVxBzpIFGkqbfVcN",1,0],[5,35,38],[-84.722,-41.508,0,0,0,0,1,1,1,1]],[17,"New Label",43,[[15,"第 4 日",18,false,1,1,1,-227,[69],70]],[0,"1avsr05oBJzrkXIuyEneHS",1,0],[4,4278202197],[5,66.92,50.4],[7.412,0.087,0,0,0,0,1,1,1,1]],[8,"Spine",9,[[16,"default","newAnimation1",1,1,"newAnimation1",true,-228,[75],76]],[0,"56ABBdmxlMWbwxbu/Ey6TB",1,0],[5,701,305]],[2,"a034",9,[[1,-229,[77],78]],[0,"f2cFMxiDZEG6Z3tEXUS3qD",1,0],[5,134,130],[-6.205,-8.194,0,0,0,0,1,0.8,0.8,1]],[2,"q006",16,[[1,-230,[82],83]],[0,"71FTmDLWxK4KrLK/bf9PwJ",1,0],[5,185,105],[12.523,0,0,0,0,0,1,1,1,1]],[17,"New Label",46,[[15,"第 5 日",18,false,1,1,1,-231,[86],87]],[0,"0cMzEcbiFPVbEOZC+kHX85",1,0],[4,4278202197],[5,66.6,50.4],[7.412,0.087,0,0,0,0,1,1,1,1]],[8,"Spine",10,[[16,"default","newAnimation1",1,1,"newAnimation1",true,-232,[92],93]],[0,"b7kk+B30ZMM4mN+MPSYUy+",1,0],[5,701,305]],[2,"a034",10,[[1,-233,[94],95]],[0,"e8C+aBGBxE+YWS/bfpnGVi",1,0],[5,107,88],[-6.205,-8.194,0,0,0,0,1,0.8,0.8,1]],[2,"q006",17,[[1,-234,[99],100]],[0,"6bErhHmkNG/IcvKd2q/1EG",1,0],[5,185,105],[12.523,0,0,0,0,0,1,1,1,1]],[17,"New Label",49,[[15,"第 6 日",18,false,1,1,1,-235,[103],104]],[0,"eb1UIh66RLDq4FSpW/pWgU",1,0],[4,4278202197],[5,66.31,50.4],[7.412,0.087,0,0,0,0,1,1,1,1]],[8,"q018",3,[[1,-236,[109],110]],[0,"88wMgTSiZM5YDaOdRc8SFF",1,0],[5,208,283]],[2,"q015",3,[[37,-237,[111]]],[0,"903z1OdStK6qOnGKiwqLv6",1,0],[5,226,301],[-2.842170943040401e-14,-4.263256414560601e-14,0,0,0,0,1,1,1,1]],[2,"Spine",3,[[16,"default","newAnimation3",1,1,"newAnimation3",true,-238,[112],113]],[0,"e3dwCsvRlMrJ0JuFBvj438",1,0],[5,701,305],[0.45,-0.869,0,0,0,0,1,1,1,1]],[2,"New Node",3,[[20,"default","daiji",0,"daiji",-239,[114],115]],[0,"f0UygpxU9Gho3MnxTILHfv",1,0],[5,82.2,157.77],[0,-68.221,0,0,0,0,1,1.5,1.5,1]],[2,"q006",18,[[1,-240,[118],119]],[0,"f74BDs1yhNk57RLDZLClPY",1,0],[5,185,105],[12.523,0,0,0,0,0,1,1,1,1]],[2,"New Label",51,[[15,"第 7 日",18,false,1,1,1,-241,[122],123]],[0,"52ywwQtGFJwKAGoZ4wZAnb",1,0],[5,64.19,50.4],[7.412,0.087,0,0,0,0,1,1,1,1]],[2,"Plant",53,[[20,"default","daiji",0,"daiji",-242,[130],131]],[0,"dbUD42ZLhDj4M4Dk4DjLZH",1,0],[5,90.49,123.63],[-242.244,-59.84,0,0,0,0,1,1.5,1.5,1]],[8,"New Node",4,[[20,"default","FX",0,"FX",-243,[142],143]],[0,"22vmOAjzlOfqv7U1v/JKY6",1,0],[5,349.88,348.97]],[8,"Bg",4,[[10,0,-244,[144],145]],[0,"ce+BF8UhtLuLtM2RO/4WG+",1,0],[5,200,200]],[2,"PlantIcon",4,[[1,-245,[146],147]],[0,"13SCipqahLk7Kr27IpuWsT",1,0],[5,73,100],[0,0,0,0,0,0,1,1.7,1.7,1]],[9,"PlantAni",false,4,[[42,"default",0,"daiji",-246,[148],149]],[0,"29X9jZsahBIai117NvIPPQ",1,0],[5,111.79,97.85],[-1.808,-76.382,0,0,0,0,1,2,2,1]],[2,"Chip",4,[[1,-247,[150],151]],[0,"d7Bix0fYpCbZ9h40v1RFIF",1,0],[5,35,38],[-67.925,-64.718,0,0,0,0,1,1.5,1.5,1]]],0,[0,4,1,0,0,1,0,7,5,0,0,1,0,-1,61,0,-2,31,0,-3,62,0,-4,11,0,0,2,0,0,2,0,-1,77,0,-2,78,0,-3,41,0,-4,15,0,-5,80,0,-6,42,0,-7,43,0,0,3,0,0,3,0,-1,90,0,-2,91,0,-3,92,0,-4,93,0,-5,18,0,-6,50,0,-7,51,0,-1,97,0,-2,98,0,-3,99,0,-4,100,0,-5,101,0,-6,57,0,-7,29,0,-8,30,0,-9,60,0,-1,6,0,-2,7,0,-3,8,0,-5,9,0,-6,10,0,0,6,0,0,6,0,-1,64,0,-2,33,0,-3,66,0,-4,34,0,-5,12,0,-6,35,0,0,7,0,0,7,0,-1,68,0,-2,69,0,-3,70,0,-4,13,0,-5,36,0,-6,37,0,0,8,0,0,8,0,-1,73,0,-2,74,0,-3,38,0,-4,14,0,-5,39,0,-6,40,0,0,9,0,0,9,0,-1,82,0,-2,83,0,-3,44,0,-4,16,0,-5,45,0,-6,46,0,0,10,0,0,10,0,-1,86,0,-2,87,0,-3,47,0,-4,17,0,-5,48,0,-6,49,0,0,11,0,-1,52,0,-2,53,0,-3,27,0,0,12,0,0,12,0,-1,20,0,-2,67,0,0,13,0,0,13,0,-1,21,0,-2,71,0,0,14,0,0,14,0,-1,22,0,-2,75,0,0,15,0,0,15,0,-1,23,0,-2,79,0,0,16,0,0,16,0,-1,24,0,-2,84,0,0,17,0,0,17,0,-1,25,0,-2,88,0,0,18,0,0,18,0,-1,26,0,-2,94,0,0,19,0,0,19,0,-1,55,0,-2,56,0,0,20,0,0,20,0,0,20,0,0,21,0,0,21,0,0,21,0,0,22,0,0,22,0,0,22,0,0,23,0,0,23,0,0,23,0,0,24,0,0,24,0,0,24,0,0,25,0,0,25,0,0,25,0,0,26,0,0,26,0,0,26,0,0,27,0,-1,28,0,0,28,0,0,28,0,-1,54,0,0,29,0,0,29,0,-1,58,0,0,30,0,0,30,0,-1,59,0,0,31,0,0,31,0,-1,63,0,0,33,0,-1,65,0,0,34,0,0,34,0,4,35,0,0,35,0,4,36,0,0,36,0,0,37,0,-1,72,0,0,38,0,0,38,0,4,39,0,0,39,0,0,40,0,-1,76,0,0,41,0,0,41,0,4,42,0,0,42,0,0,43,0,-1,81,0,0,44,0,0,44,0,4,45,0,0,45,0,0,46,0,-1,85,0,0,47,0,0,47,0,4,48,0,0,48,0,0,49,0,-1,89,0,4,50,0,0,50,0,0,51,0,-1,95,0,0,52,0,0,52,0,0,53,0,-1,96,0,0,54,0,0,54,0,0,55,0,0,55,0,0,56,0,0,56,0,0,57,0,0,57,0,0,58,0,0,58,0,0,59,0,0,59,0,0,60,0,0,60,0,0,61,0,0,63,0,0,64,0,0,65,0,0,66,0,0,67,0,0,68,0,0,69,0,0,70,0,0,71,0,0,72,0,0,73,0,0,74,0,0,75,0,0,76,0,0,77,0,0,78,0,0,79,0,0,80,0,0,81,0,0,82,0,0,83,0,0,84,0,0,85,0,0,86,0,0,87,0,0,88,0,0,89,0,0,90,0,0,91,0,0,92,0,0,93,0,0,94,0,0,95,0,0,96,0,0,97,0,0,98,0,0,99,0,0,100,0,0,101,0,8,1,2,6,5,3,6,5,4,6,11,5,6,32,19,6,27,32,6,62,247],[0,0,0,0,0,0,0,0,0,0,0,0,0,0,0,0,0,0,0,0,0,0,0,0,0,0,0,0,0,0,0,0,0,0,0,0,0,0,0,0,0,0,0,0,0,0,0,0,0,0,0,0,0,0,0,0,0,0,0,0,0,0,0,0,0,0,0,0,0,0,0,0,0,0,0,0,0,0,0,0,0,0,0,0,0,0,0,0,0,0,0,0,0,0,0,0,0,0,0,0,0,0,0,0,0,0,0,0,0,0,0,0,0,0,0,0,0,0,0,0,0,0,0,0,0,0,0,0,0,0,0,0,0,0,0,0,0,0,0,0,0,0,0,0,0,0,0,0,0,0,0,0,0,0,0,0,0,0,0,0],[-1,1,-1,1,-1,2,-1,5,-1,1,-1,1,-1,-1,1,-1,1,-1,1,-1,1,-1,1,-1,2,-1,2,-1,1,-1,1,-1,1,-1,5,-1,1,-1,1,-1,2,-1,1,-1,-1,1,-1,1,-1,1,-1,5,-1,1,-1,1,-1,2,-1,1,-1,-1,1,-1,1,-1,1,-1,1,-1,5,-1,1,-1,1,-1,2,-1,1,-1,-1,1,-1,1,-1,1,-1,5,-1,1,-1,1,-1,2,-1,1,-1,-1,1,-1,1,-1,1,-1,5,-1,1,-1,1,-1,1,-1,-1,2,-1,2,-1,1,-1,1,-1,1,-1,5,-1,1,-1,1,-1,1,-1,2,-1,1,-1,-1,1,-1,-1,1,-1,1,-1,2,-1,1,-1,1,-1,2,-1,1,-1,-1,-1,1,-1,-1,1,-1],[0,14,0,15,1,4,0,5,0,8,0,10,0,0,3,0,6,0,7,0,9,0,16,1,4,1,17,0,3,0,6,0,7,0,5,0,18,0,19,1,4,0,11,0,0,3,0,6,0,7,0,5,0,8,0,9,1,4,0,20,0,0,3,0,6,0,12,0,7,0,5,0,8,0,9,1,4,0,10,0,0,3,0,6,0,7,0,5,0,8,0,9,1,4,0,11,0,0,3,0,6,0,7,0,5,0,8,0,9,0,21,0,1,4,1,22,0,3,0,6,0,7,0,5,0,23,0,24,0,3,1,25,0,26,0,0,27,0,0,28,0,29,1,30,0,31,0,32,1,33,0,12,0,0,0,13,0,0,13,0]],[[{"name":"q008","rect":[1,456,132,37],"offset":[0,0],"originalSize":[132,37],"capInsets":[0,0,0,0]}],[1],0,[0],[3],[2]],[[{"name":"q001","rect":[0,1,971,602],"offset":[0,-0.5],"originalSize":[971,603],"capInsets":[0,0,0,0]}],[1],0,[0],[3],[34]],[[{"name":"q005","rect":[229,1,226,301],"offset":[0,0],"originalSize":[226,301],"capInsets":[0,0,0,0]}],[1],0,[0],[3],[2]]]]