[1,["cffQGH/bREZb+IqhXxPNyL","b84aKfxOFNCIR1inaM9IyD","ecpdLyjvZBwrvm+cedCcQy","deBRs2Y4JBLp2+vU5I7goV","45b6dZMCJJQJ/qvQW4t3FK"],["node","root","data","_N$skeletonData","_spriteFrame"],[["cc.Node",["_name","_groupIndex","_active","_components","_prefab","_contentSize","_parent","_trs","_children","_anchorPoint"],0,9,4,5,1,7,2,5],["cc.PrefabInfo",["fileId","root","asset"],2,1,1],["cc.Prefab",["_name"],2],["cc.BoxCollider",["tag","node","_size"],2,1,5],["ab0e0mu27xEP7JXCR2RqiMe",["node"],3,1],["cc.Sprite",["node","_materials","_spriteFrame"],3,1,3,6],["sp.Skeleton",["defaultSkin","_preCacheMode","premultipliedAlpha","_animationName","_N$enableBatch","node","_materials","_N$skeletonData"],-2,1,3,6],["sp.SkeletonData",["_name","_atlasText","textureNames","_skeletonJson","textures"],-1,3]],[[2,0,2],[0,0,1,8,3,4,5,3],[0,0,2,6,3,4,5,7,3],[0,0,1,6,3,4,5,9,7,3],[3,0,1,2,2],[4,0,1],[1,1,2,1],[1,0,1,2],[1,0,1,2,2],[5,0,1,2,1],[6,0,1,2,3,4,5,6,7,6],[7,0,1,2,3,4,5]],[[[[0,"zombie_1"],[1,"zombie_1",2,[-4,-5],[[4,3,-2,[5,80,90]],[5,-3]],[6,-1,0],[5,80,120]],[2,"huangyou",false,1,[[9,-7,[2],3]],[7,"9bPIzTW/ROOLZJneiVDWEE",-6],[5,98,83],[-17,76,0,0,0,0,1,0.7,0.7,1]],[3,"zombie",2,1,[[10,"default",0,false,"death",true,-8,[0],1]],[8,"a0YTTUqcVOPajXsK49eLWr",1,0],[5,156.9,204.37],[0,0.5,0],[0,-60,0,0,0,0,1,1,1,1]]],0,[0,1,1,0,0,1,0,0,1,0,-1,3,0,-2,2,0,1,2,0,0,2,0,0,3,0,2,1,8],[0,0,0,0],[-1,3,-1,4],[0,1,2,3]],[[[11,"p03","\r\np03.png\r\nsize: 648,226\r\nformat: RGBA8888\r\nfilter: Linear,Linear\r\nrepeat: none\r\n大腿1\r\n  rotate: true\r\n  xy: 512, 2\r\n  size: 41, 89\r\n  orig: 41, 89\r\n  offset: 0, 0\r\n  index: -1\r\n大腿2\r\n  rotate: false\r\n  xy: 616, 159\r\n  size: 29, 65\r\n  orig: 29, 65\r\n  offset: 0, 0\r\n  index: -1\r\n头\r\n  rotate: true\r\n  xy: 296, 98\r\n  size: 126, 132\r\n  orig: 126, 132\r\n  offset: 0, 0\r\n  index: -1\r\n手1\r\n  rotate: true\r\n  xy: 512, 45\r\n  size: 48, 66\r\n  orig: 48, 66\r\n  offset: 0, 0\r\n  index: -1\r\n手2\r\n  rotate: true\r\n  xy: 2, 10\r\n  size: 214, 292\r\n  orig: 214, 292\r\n  offset: 0, 0\r\n  index: -1\r\n手臂1\r\n  rotate: false\r\n  xy: 530, 100\r\n  size: 34, 56\r\n  orig: 34, 57\r\n  offset: 0, 1\r\n  index: -1\r\n手臂2\r\n  rotate: false\r\n  xy: 390, 39\r\n  size: 37, 57\r\n  orig: 37, 57\r\n  offset: 0, 0\r\n  index: -1\r\n眼睛1\r\n  rotate: false\r\n  xy: 390, 8\r\n  size: 29, 29\r\n  orig: 29, 29\r\n  offset: 0, 0\r\n  index: -1\r\n眼睛2\r\n  rotate: false\r\n  xy: 603, 7\r\n  size: 43, 43\r\n  orig: 43, 43\r\n  offset: 0, 0\r\n  index: -1\r\n脚2\r\n  rotate: true\r\n  xy: 429, 17\r\n  size: 76, 81\r\n  orig: 76, 81\r\n  offset: 0, 0\r\n  index: -1\r\n脚_1\r\n  rotate: false\r\n  xy: 296, 20\r\n  size: 92, 76\r\n  orig: 92, 76\r\n  offset: 0, 0\r\n  index: -1\r\n腰\r\n  rotate: true\r\n  xy: 530, 158\r\n  size: 66, 41\r\n  orig: 66, 41\r\n  offset: 0, 0\r\n  index: -1\r\n臂膀1\r\n  rotate: false\r\n  xy: 615, 52\r\n  size: 30, 81\r\n  orig: 30, 81\r\n  offset: 0, 0\r\n  index: -1\r\n臂膀2\r\n  rotate: false\r\n  xy: 580, 52\r\n  size: 33, 81\r\n  orig: 33, 81\r\n  offset: 0, 0\r\n  index: -1\r\n身体\r\n  rotate: false\r\n  xy: 430, 95\r\n  size: 98, 129\r\n  orig: 98, 129\r\n  offset: 0, 0\r\n  index: -1\r\n领带\r\n  rotate: false\r\n  xy: 580, 135\r\n  size: 34, 89\r\n  orig: 34, 89\r\n  offset: 0, 0\r\n  index: -1\r\n",["p03.png"],{"skeleton":{"hash":"McSgZ6cUKqDtn2f0trLGZO7grp4","spine":"3.8.99","x":-107.85,"y":-5.64,"width":156.9,"height":204.37},"bones":[{"name":"root","scaleX":0.1,"scaleY":0.1},{"name":"bone1","parent":"root"},{"name":"臂膀1","parent":"bone1","length":50,"rotation":-165.89,"x":185.1,"y":644.11},{"name":"bone_ikTarget_left","parent":"bone1","length":50,"rotation":-31,"x":389.49,"y":88.79},{"name":"bone_ikTarget_right","parent":"bone1","length":50,"rotation":-145.81,"x":-28.87,"y":49.34},{"name":"腰","parent":"臂膀1","length":50,"rotation":75.81,"x":2.59,"y":15.65},{"name":"bone_ikTarget1","parent":"bone_ikTarget_left","rotation":31.08,"x":-202.25,"y":-226.66},{"name":"身体","parent":"臂膀1","length":187,"rotation":-89.56,"x":1.33,"y":-11.66},{"name":"bone_ikTarget","parent":"bone_ikTarget_right","rotation":145.81,"x":-156.89,"y":93.9},{"name":"大腿1","parent":"腰","length":348,"rotation":-5.35,"x":-23.83,"y":98.87},{"name":"大腿2","parent":"腰","length":250,"rotation":-1.59,"x":37.49,"y":-108.4},{"name":"身体1","parent":"身体","length":296,"rotation":15.74,"x":188.53,"y":-1.08},{"name":"臂膀2","parent":"身体1","length":271,"rotation":117.89,"x":208.98,"y":42.2},{"name":"头","parent":"身体1","length":287,"rotation":15.98,"x":301.45,"y":42.33},{"name":"领带1","parent":"身体1","length":169,"rotation":144.34,"x":147.18,"y":86.13},{"name":"脚2","parent":"大腿2","length":308,"rotation":-17.2,"x":250.26},{"name":"臂膀11","parent":"身体1","length":291,"rotation":148.02,"x":157.17,"y":-76.8},{"name":"脚_1","parent":"大腿1","length":249,"rotation":35.21,"x":347.39,"y":13.4},{"name":"bone","parent":"头","length":201,"rotation":78.6,"x":-0.45,"y":99.34},{"name":"脚_11","parent":"脚_1","length":86,"rotation":-87.99,"x":242.83,"y":-4.92},{"name":"脚21","parent":"脚2","length":183,"rotation":112.27,"x":308.41},{"name":"领带2","parent":"领带1","length":183,"rotation":0.7,"x":169.24},{"name":"眼睛2_","parent":"头","length":20,"rotation":-41.23,"x":95.26,"y":-43.94},{"name":"手臂2","parent":"臂膀2","length":260,"rotation":-48.44,"x":271.88},{"name":"眼睛1_","parent":"头","length":20,"rotation":-41.67,"x":289.95,"y":179.73},{"name":"手臂1","parent":"臂膀11","length":252,"rotation":-11.88,"x":291.98},{"name":"手2","parent":"手臂2","length":197,"rotation":14.67,"x":260.49},{"name":"大腿21","parent":"手臂1","length":225,"rotation":19.55,"x":252.6},{"name":"脚_12","parent":"脚_11","length":215,"rotation":-19.1,"x":86.07},{"name":"手21","parent":"手2","length":233,"rotation":-169.45,"x":108.47,"y":-705.4},{"name":"手22","parent":"手21","length":283,"rotation":-14.15,"x":233.21},{"name":"手23","parent":"手22","length":277,"rotation":5.58,"x":283.63}],"slots":[{"name":"手2","bone":"手23","attachment":"手2"},{"name":"手臂2","bone":"手臂2","attachment":"手臂2"},{"name":"臂膀2","bone":"臂膀2","attachment":"臂膀2"},{"name":"脚2","bone":"脚2","attachment":"脚2"},{"name":"大腿2","bone":"大腿2","attachment":"大腿2"},{"name":"腰","bone":"腰","attachment":"腰"},{"name":"脚_1","bone":"脚_1","attachment":"脚_1"},{"name":"大腿1","bone":"大腿1","attachment":"大腿1"},{"name":"身体","bone":"身体","attachment":"身体"},{"name":"领带","bone":"领带1","attachment":"领带"},{"name":"头","bone":"头","attachment":"头"},{"name":"眼睛2_","bone":"眼睛2_","attachment":"眼睛2_"},{"name":"眼睛1_","bone":"眼睛1_","attachment":"眼睛1_"},{"name":"手1","bone":"大腿21","attachment":"手1"},{"name":"手臂1","bone":"手臂1","attachment":"手臂1"},{"name":"臂膀1","bone":"臂膀11","attachment":"臂膀1"}],"ik":[{"name":"bone_ik","order":1,"target":"bone_ikTarget_right","bendPositive":false,"bones":["大腿2","脚2"]},{"name":"bone_ik1","target":"bone_ikTarget_left","bones":["大腿1","脚_1"]},{"name":"bone_ik2","order":2,"target":"bone_ikTarget","bones":["脚21"]},{"name":"bone_ik3","order":3,"target":"bone_ikTarget1","bones":["脚_12"]}],"skins":[{"name":"default","attachments":{"大腿1":{"大腿1":{"x":166.41,"y":14.99,"rotation":95.42,"width":204,"height":446}},"大腿2":{"大腿2":{"x":135.46,"y":4.48,"rotation":91.66,"width":144,"height":327}},"头":{"头":{"type":"mesh","hull":16,"uvs":[0.24275,0.99742,0.0199,0.66603,0,0.41976,0,0.23617,0.15828,0,0.83623,0,1,0.29886,1,0.64377,0.9043,0.619,0.74944,0.76915,0.68376,0.90562,0.51959,1,0.33193,0.67282,0.57818,0.69516,0.12682,0.82502,0.33662,0.81386,0.55947,0.82282,0.34609,0.99841,0.36242,0.46013,0.4797,0.23171,0.58057,0,0.74944,0.48247,1,0.48696],"triangles":[6,21,22,21,8,22,22,8,7,20,19,5,21,9,8,13,9,21,13,16,9,18,13,21,19,18,21,18,12,13,12,15,13,4,19,20,3,18,19,4,3,19,1,12,18,2,1,18,3,2,18,1,14,12,21,19,6,5,19,6,16,10,9,16,11,10,15,16,13,15,11,16,15,17,11,15,0,17,12,14,15,14,0,15],"vertices":[1,18,239.47,9.97,1,1,13,288.97,275.22,1,1,13,410.02,166.77,1,1,13,493.52,79.47,1,1,13,529.11,-101.53,1,1,13,221.46,-395.83,1,1,13,11.2,-324.83,1,1,13,-145.68,-160.83,1,1,13,-90.98,-131.06,1,1,13,-89,7.56,1,2,18,-22.29,118.76,0.63037,13,-121.27,100.96,0.36963,1,18,97.83,110.8,1,1,13,144.28,143,1,1,13,22.37,46.72,1,1,18,234.35,-124.72,1,1,18,122.05,-55.42,1,2,18,10.6,29.44,0.94207,13,-27.21,115.54,0.05793,1,18,186.59,47.61,1,1,13,227.18,28.64,1,1,13,277.86,-130.88,1,1,13,337.48,-284.85,1,1,13,41.39,-128.75,1,1,13,-74.35,-235.39,1]}},"手1":{"手1":{"x":104.2,"y":25.43,"rotation":84.02,"width":239,"height":332}},"手2":{"手2":{"type":"mesh","hull":22,"uvs":[0,0.22086,0.45257,1,0.65965,1,0.61362,0.87123,0.55611,0.79805,0.50816,0.79664,0.36245,0.59812,0.11129,0.16592,0.025,0.18144,0.77518,0,1,0.40285,0.44384,0.10027,0.68702,0.50095,0.50169,0.53404,0.85853,0.47482,0.84987,0.08828,0.93812,0.25521,0.17916,0.28271,0.28144,0.45871,0.43562,0.41007,0.3318,0.24237,0.25112,0.13764,0.51287,0.19451,0.61351,0.35396,0.76986,0.30464,0.68319,0.1495,0.60976,0.06815,0.08046,0.34471,0.36967,0.85729,0.40364,0.80215],"triangles":[22,23,25,19,13,23,23,13,12,26,22,25,20,19,22,11,22,26,22,19,23,11,20,22,21,20,11,16,24,10,24,14,10,15,25,16,25,24,16,23,12,24,24,12,14,9,25,15,25,23,24,26,25,9,3,1,2,5,28,3,28,1,3,4,5,3,6,29,5,19,18,13,29,28,5,18,6,13,20,18,19,17,18,20,18,27,6,17,27,18,21,17,20,7,17,21,7,0,17,0,27,17,8,0,7,6,27,29],"vertices":[1,26,246.2,-1081.93,1,1,26,184.89,153.23,1,1,26,-23.38,230.09,1,1,26,-42.17,36.63,1,1,26,-21.32,-84.96,1,1,26,26.19,-104.68,1,1,26,72.38,-430.68,1,1,26,106.51,-1115.87,1,1,26,201.13,-1126.64,1,3,31,253.67,357.94,0.50309,30,501.26,380.93,0.33441,29,812.41,246.78,0.16251,4,26,-667.5,-461.51,0.06288,31,254.2,-277.68,0.53704,30,563.64,-251.63,0.29146,29,718.21,-381.82,0.10862,3,31,-130.5,356.82,0.30041,30,119.02,342.43,0.36983,29,432.36,302.93,0.32976,4,26,-279.82,-445.36,0.10558,31,-133.82,-280.45,0.3025,30,177.74,-292.14,0.34224,29,334.11,-326.73,0.24968,4,26,-100.05,-466.76,0.11997,31,-312.74,-252.85,0.16904,30,-3.02,-282.09,0.34356,29,161.3,-272.78,0.36743,4,26,-488.85,-415.44,0.09418,31,74.06,-317.57,0.38434,30,388.24,-308.85,0.36407,29,534.13,-394.42,0.15741,3,31,279.02,208.35,0.67486,30,541.05,234.51,0.24095,29,815.18,95.08,0.08419,4,26,-679.89,-686.7,0.00288,31,274.35,-53.06,0.95438,30,561.84,-26.11,0.03426,29,771.61,-162.71,0.00849,1,26,97.28,-930.72,1,1,26,83.38,-651.7,1,4,26,-96.25,-661.08,0.00781,31,-309.82,-58.51,0.03506,30,-19.03,-88.38,0.42646,29,193.15,-81.05,0.53067,4,26,-76.62,-929.32,0.01755,31,-320.19,210.24,0.10401,30,-55.5,178.09,0.43856,29,222.95,186.25,0.43989,3,31,-342.38,384.51,0.19811,30,-94.55,349.37,0.40088,29,226.97,361.88,0.401,4,26,-282.91,-927.66,0.01644,31,-114.07,201.47,0.28855,30,150.49,189.41,0.4311,29,425.45,146.86,0.26391,4,26,-303.53,-671.92,0.00538,31,-102.3,-54.84,0.21723,30,187.15,-64.53,0.70284,29,398.9,-108.34,0.07454,4,26,-485.7,-681.45,0.0029,31,80.09,-51.6,0.76158,30,368.36,-43.56,0.2208,29,579.74,-132.32,0.01472,3,31,79.8,193.21,0.47893,30,344.25,200.06,0.40841,29,615.93,109.8,0.11266,3,31,51.88,332.93,0.39735,30,302.87,336.4,0.38785,29,609.14,252.12,0.2148,1,26,227.88,-882.42,1,1,26,196.12,-73,1,1,26,134.1,-135.93,1]}},"手臂1":{"手臂1":{"x":127.1,"y":-6.47,"rotation":103.57,"width":169,"height":285}},"手臂2":{"手臂2":{"x":135.12,"y":-13.92,"rotation":102.66,"width":185,"height":283}},"眼睛1_":{"眼睛1_":{"path":"眼睛1","x":6.99,"y":-1.27,"rotation":-94.6,"width":147,"height":147}},"眼睛2_":{"眼睛2_":{"path":"眼睛2","x":4.96,"y":-0.84,"rotation":-95.04,"width":213,"height":213}},"脚2":{"脚2":{"type":"mesh","hull":43,"uvs":[0.45932,0,0.59134,0.02506,0.64449,0.18568,0.51706,0.60247,0.55118,0.61235,0.64304,0.60494,0.74016,0.61728,0.91837,0.71185,0.95538,0.78765,0.96588,0.79012,0.98688,0.79506,0.99738,0.8642,0.99475,0.88148,0.99738,0.88889,0.98688,0.93086,0.9895,0.93333,0.98438,0.96815,0.65092,0.99753,0.5748,0.99012,0.56693,0.99259,0.30643,0.96198,0.16798,0.96049,0.06299,0.96321,0.04462,0.81975,0,0.83457,0.0105,0.77531,0.00525,0.7358,0.08399,0.67654,0.04396,0.64136,0.09528,0.57284,0.12861,0.56049,0.38058,0.03457,0.18913,0.29745,0.13381,0.47015,0.2898,0.11947,0.55068,0.39051,0.58592,0.27145,0.52877,0.52983,0.64069,0.10287,0.53725,0,0.04256,0.89183,0.84631,0.98896,0.83963,0.64112],"triangles":[12,14,13,8,12,11,9,8,11,10,9,11,14,16,15,41,14,12,8,41,12,14,41,16,7,41,8,42,6,7,6,17,7,17,41,7,5,17,6,5,18,17,4,18,5,4,3,19,3,20,19,4,19,18,23,40,21,40,22,21,25,24,23,0,31,36,0,36,2,1,39,38,39,0,38,0,2,38,31,34,36,32,35,36,34,32,36,27,20,3,32,33,37,32,37,35,30,27,3,30,3,37,33,30,37,27,23,21,27,21,20,29,27,30,25,23,27,26,25,27,28,27,29],"vertices":[1,15,-39.33,-33.72,1,1,15,-40.05,20.98,1,1,15,-3.26,49.4,1,2,15,184.46,65.97,0.64899,20,108.02,89.71,0.35102,2,15,184.04,79.57,0.53262,20,120.76,84.94,0.46738,2,15,169.89,111.72,0.37129,20,155.88,85.86,0.62871,2,15,162.66,148.35,0.22197,20,192.52,78.67,0.77803,1,20,249.63,45.21,1,1,20,270.27,4.91,1,1,20,274.2,3.68,1,1,20,282.07,1.21,1,1,20,284.4,-26.98,1,1,20,282.98,-33.91,1,1,20,283.8,-36.96,1,1,20,278.8,-53.7,1,1,20,279.74,-54.75,1,1,20,275.03,-66.5,1,2,15,319.38,165.96,0.16164,20,149.42,-73.04,0.83836,2,15,325.92,137.54,0.19526,20,120.65,-68.32,0.80474,2,15,327.83,135.03,0.20425,20,117.6,-69.14,0.79575,2,15,346.31,31.44,0.47339,20,14.73,-46.99,0.52661,2,15,364.67,-13.01,0.49656,20,-33.36,-47.13,0.50345,2,15,375.71,-51.51,0.49808,20,-73.17,-42.76,0.50192,2,15,325.92,-75.92,0.4994,20,-76.89,12.56,0.5006,2,15,337.09,-90.06,0.49934,20,-94.22,7.58,0.50066,2,15,313.09,-94.04,0.49989,20,-88.8,31.3,0.50011,2,15,298.6,-101.1,0.50234,20,-89.84,47.39,0.49766,2,15,266.19,-80.47,0.5605,20,-58.47,69.57,0.4395,2,15,252.06,-94.81,0.57505,20,-66.38,88.07,0.42495,2,15,223.21,-84.58,0.66828,20,-45.99,110.9,0.33172,2,15,216.21,-79.58,0.7008,20,-38.7,115.47,0.2992,1,15,-16.38,-57.59,1,1,15,114.68,-69.98,1,2,15,178.55,-76.01,0.79668,20,-21.13,148.98,0.20332,1,15,47.9,-63.66,1,2,15,96.4,58.2,0.89953,20,134.2,174.14,0.10047,1,15,48.53,53.98,1,2,15,151.66,63.08,0.78674,20,117.77,121.15,0.21326,1,15,-22,34.92,1,1,15,-39.71,-4.7,1,2,15,352.34,-62.96,0.49847,20,-74.91,-16.8,0.50153,1,20,223.02,-69.21,1,2,15,166.44,181.39,0.14142,20,221.67,62.64,0.85858]}},"脚_1":{"脚_1":{"type":"mesh","hull":42,"uvs":[0.51133,0,0.63399,0.06545,0.75163,0.39529,0.8976,0.29581,0.97146,0.34712,0.99782,0.49215,0.99564,0.53403,0.95643,0.48429,0.92375,0.45812,0.91939,0.5288,0.95861,0.59162,0.94118,0.61518,0.92375,0.63089,0.97048,0.81832,0.93028,0.7801,0.92832,0.87723,0.21351,0.99738,0.01351,0.97683,0,0.82984,0.00871,0.77749,0.03486,0.76963,0.11329,0.60445,0.33333,0.5445,0.4793,0.57592,0.47712,0.51571,0.51852,0.5,0.44227,0.3822,0.53813,0.37173,0.58606,0.39791,0.60349,0.3822,0.44346,0.09411,0.45871,0.02605,0.57953,0.01637,0.2149,0.55824,0.05971,0.68211,0.56874,0.63796,0.61972,0.73914,0.59084,0.90534,0.77036,0.89772,0.96278,0.71809,1,0.42565,0.43582,0.97411,0.33068,1,0.461,0.67919,0.50795,0.78992,0.48211,0.95357,0.14336,0.83691,0.3561,0.84516],"triangles":[44,37,36,35,44,36,25,23,35,43,44,35,44,45,37,23,43,35,24,23,25,47,45,44,47,41,45,43,47,44,22,43,23,22,47,43,47,42,41,16,42,47,46,16,47,22,33,47,33,46,47,21,34,46,21,46,33,46,17,16,20,18,46,18,17,46,34,20,46,19,18,20,36,38,12,35,36,2,36,37,38,39,14,13,7,6,5,4,8,40,8,7,40,7,5,40,3,8,4,12,14,39,9,11,10,3,2,8,9,12,11,12,38,14,14,38,15,9,2,12,2,36,12,2,9,8,29,28,2,28,35,2,1,29,2,25,35,28,32,30,1,0,30,32,27,25,28,31,30,0,26,25,27,1,29,30],"vertices":[1,17,-15.54,13.15,1,1,17,32.98,47.6,1,3,17,169.16,31.88,0.83449,19,-39.37,-72.33,0.12506,28,-94.87,-109.39,0.04045,2,17,169.46,108.91,0.60728,19,-116.34,-69.32,0.39272,2,17,204.45,125.75,0.5398,19,-131.94,-33.76,0.4602,2,17,257.4,111.58,0.52404,19,-115.92,18.66,0.47596,3,17,270.79,102.76,0.45855,19,-106.64,31.73,0.40879,28,-192.48,-33.06,0.13266,3,17,245.36,96.58,0.46082,19,-101.35,6.1,0.41694,28,-179.1,-55.55,0.12224,3,17,229.23,88.52,0.47169,19,-93.87,-10.31,0.41452,28,-166.66,-68.61,0.11379,3,17,251.67,73.38,0.48362,19,-77.94,11.59,0.41993,28,-158.77,-42.71,0.09645,3,17,281.44,77.08,0.47884,19,-80.59,41.47,0.40763,28,-171.06,-15.34,0.11353,3,17,285.28,65.67,0.48892,19,-69.05,44.9,0.40557,28,-161.27,-8.32,0.10551,3,17,286.51,55.74,0.49934,19,-59.09,45.79,0.40336,28,-152.15,-4.22,0.0973,3,17,349.01,36.1,0.4358,19,-37.27,107.56,0.38023,28,-151.74,61.29,0.18398,3,17,337.47,30.03,0.4471,19,-31.61,95.81,0.38341,28,-142.55,52.04,0.16949,3,17,364.99,9.67,0.4078,19,-10.29,122.6,0.36498,28,-131.17,84.33,0.22721,1,28,196.65,60.68,1,1,28,282.25,31.14,1,1,28,278.18,-23.3,1,1,28,269.88,-41.93,1,1,28,257.52,-42.22,1,1,28,209.43,-91.86,1,3,17,123.26,-163.07,0.19232,19,153.85,-125.05,0.25267,28,104.96,-96,0.55501,3,17,166.96,-110.88,0.18528,19,103.23,-79.55,0.34387,28,42.24,-69.56,0.47085,3,17,146.5,-100.33,0.31306,19,91.96,-99.63,0.31637,28,38.16,-92.22,0.37057,3,17,150.73,-80.86,0.40478,19,72.65,-94.71,0.29501,28,18.31,-93.89,0.3002,3,17,94.29,-88.88,0.58211,19,78.68,-151.4,0.20062,28,42.56,-145.49,0.21727,3,17,112.67,-48.71,0.79461,19,39.18,-131.62,0.10882,28,-1.25,-139.71,0.09657,3,17,132.28,-34.58,0.85432,19,25.75,-111.53,0.08213,28,-20.51,-125.12,0.06355,3,17,131.04,-24.65,0.92362,19,15.79,-112.41,0.04443,28,-29.63,-129.22,0.03195,1,17,-6.14,-26.8,1,1,17,-19.65,-4.09,1,1,17,7.94,29.83,1,2,19,200.72,-139.23,0.21372,28,153.9,-94.06,0.78628,1,28,234.66,-65.8,1,3,17,207.92,-87.03,0.08533,19,80.82,-37.78,0.4529,28,7.41,-37.41,0.46176,3,17,253.08,-85.91,0.00432,19,81.3,7.4,0.58323,28,-6.92,5.44,0.41245,3,17,308.96,-134.72,0.1144,19,132.04,61.53,0.42119,28,23.31,73.19,0.46441,3,17,339.38,-56.34,0.29359,19,54.78,94.68,0.37148,28,-60.54,79.24,0.33492,3,17,317.15,46.11,0.47243,19,-48.39,76.07,0.39353,28,-151.94,27.9,0.13405,2,17,232.02,118.37,0.52227,19,-123.6,-6.47,0.47773,2,19,214.12,26.32,0.20669,28,112.4,66.76,0.79331,2,19,250.83,10.56,0.13013,28,152.24,63.88,0.86987,3,17,193.76,-141.51,0.04717,19,134.78,-53.84,0.17899,28,63.65,-34.94,0.77384,3,17,244.41,-145.48,0.00936,19,140.52,-3.36,0.06642,28,52.56,14.64,0.92422,3,17,286.3,-193.11,0.08064,19,189.6,36.83,0.25801,28,85.79,68.68,0.66135,1,28,212.92,-3.25,1,2,19,208.77,-28,0.01168,28,125.11,13.69,0.98832]}},"腰":{"腰":{"x":4.88,"y":-1.89,"rotation":90.07,"width":332,"height":207}},"臂膀1":{"臂膀1":{"type":"mesh","hull":16,"uvs":[0,0.27185,0.28345,0,0.7527,0,1,0.14333,0,0.73531,0.48446,0.6863,1,0.75358,1,0.85778,0.63547,1,0.20541,1,0,0.94556,0.47027,0.84642,0.42703,1,0,0.8521,0.50068,0.52025,0.50709,0.26395,0.5625,0,1,0.26617,0,0.52704,1,0.52358],"triangles":[6,11,7,11,8,7,11,12,8,9,12,11,10,9,11,13,10,11,4,13,11,5,11,6,2,16,3,16,15,3,5,6,19,14,5,19,3,15,17,14,19,17,15,14,17,1,15,16,1,0,15,15,0,14,0,18,14,4,11,5,18,5,14,18,4,5],"vertices":[1,16,89.86,-79.59,1,1,16,-21.42,-40.9,1,1,16,-23.47,28.52,1,1,16,33.48,66.82,1,2,16,277.48,-74.06,0.85,25,1.06,-75.46,0.15,2,16,255.53,-2.97,0.88,25,-35.06,-10.41,0.12,2,16,280.52,74.09,0.84,25,-26.46,70.15,0.16,1,25,14.56,80.05,1,1,25,83.21,41.11,1,1,25,98.14,-20.76,1,1,25,83.83,-55.48,1,2,16,320.41,-3.16,0.00861,25,28.48,2.76,0.99139,1,25,90.44,11.13,1,2,16,324.76,-72.67,0.15,25,47.04,-64.36,0.85,2,16,188.24,-2.56,0.99939,25,-100.99,-23.85,0.00061,1,16,84.45,-4.66,1,1,16,-22.64,0.38,1,1,16,83.2,68.28,1,1,16,193.17,-76.54,1,1,16,187.41,71.35,1]}},"臂膀2":{"臂膀2":{"type":"mesh","hull":19,"uvs":[0,0.91188,0.24371,1,0.53593,1,0.81557,0.9198,0.95868,0.82116,0.92365,0.76089,0.96497,0.58614,1,0.39059,1,0.18416,0.9521,0.08725,0.79341,0.00012,0.57425,0.00012,0.32635,0.07413,0.1991,0.2,0.11647,0.3604,0.09132,0.57438,0.08174,0.66881,0,0.72822,0.66317,0.08181,0.61228,0.23676,0.57425,0.37871,0.52964,0.58614,0.49162,0.76349,0,0.82785,0.44371,0.87116],"triangles":[21,5,6,20,21,6,20,6,7,19,20,7,9,18,8,18,19,8,19,7,8,21,22,5,10,18,9,5,22,4,11,18,10,15,21,20,12,13,19,12,19,18,11,12,18,16,22,21,13,14,20,14,15,20,13,20,19,15,16,21,16,17,22,22,3,4,22,24,3,24,2,3,24,1,2,23,24,22,17,23,22,0,1,24,23,0,24],"vertices":[1,23,80.24,-57.51,1,2,23,106.05,-10,0.99141,12,374.94,-26.93,0.00859,1,23,95.35,37.62,1,1,23,53.5,76.08,1,2,23,9.38,90.66,0.50395,12,295.73,87.97,0.49605,2,23,-13.09,79.62,0.15,12,271.77,80.69,0.85,1,12,200.88,83.38,1,1,12,121.67,84.53,1,1,12,38.42,79.57,1,1,12,-0.18,69.26,1,1,12,-33.75,40.72,1,1,12,-31.57,4.18,1,1,12,0.73,-35.37,1,1,12,52.75,-53.56,1,1,12,118.26,-63.49,1,1,12,204.81,-62.54,1,2,23,-18.57,-65.72,0.12,12,242.98,-61.88,0.88,2,23,7.84,-73.78,0.5,12,267.75,-74.08,0.5,1,12,0.49,20.97,1,1,12,63.48,16.2,1,1,12,121.11,13.27,1,1,12,205.2,10.81,1,2,23,3.75,9.45,0.17,12,277.1,8.73,0.83,1,23,47.11,-64.95,1,1,23,47.94,11.18,1]}},"身体":{"身体":{"type":"mesh","hull":34,"uvs":[0.13525,0,0.46926,0.10714,0.99795,0.68323,0.90369,0.73913,0.84836,0.79969,0.79098,0.79193,0.80533,0.83696,0.74795,0.9146,0.65984,0.84161,0.68033,0.90217,0.47746,0.99845,0.40369,0.79348,0.31762,0.81677,0.29303,0.76863,0.26639,0.81056,0.21783,0.8021,0.16803,0.84627,0.13586,0.86196,0.09488,0.86607,0.10246,0.80124,0,0.15373,0.05533,0.0264,0.66204,0.27074,0.82788,0.49792,0.32582,0.02094,0,0.33019,0.08653,0.70059,0.27295,0.23851,0.50369,0.5462,0.19827,0.82656,0.044,0.51851,0.38695,0.39052,0.01016,0.08022,0.41264,0.0607,0.23292,0.00078,0.57552,0.18811,0.8867,0.57617,0.59252,0.71427],"triangles":[36,3,2,37,5,36,36,5,3,5,4,3,23,37,36,22,28,23,28,37,23,5,8,6,8,7,6,37,8,5,8,10,9,37,11,8,11,10,8,28,11,37,13,11,28,26,13,28,30,26,28,13,12,11,15,14,13,26,15,13,26,19,15,19,29,15,19,16,29,19,17,16,19,18,17,31,28,22,35,31,22,27,31,35,1,27,35,31,30,28,33,27,1,24,27,33,34,27,24,27,25,31,25,30,31,32,20,27,34,0,27,20,25,27,32,21,27,0,21,27],"vertices":[1,11,304.1,-18.79,1,1,11,162.31,-124.74,1,1,7,-45.32,-233.64,1,1,7,-68.61,-180.07,1,1,7,-99.58,-144.14,1,1,7,-87.7,-118.29,1,1,7,-117.53,-117.78,1,1,7,-158.89,-78.12,1,1,7,-102.6,-48.31,1,1,7,-142.86,-48.19,1,1,7,-178,63.21,1,1,7,-41.19,64.9,1,1,7,-45.15,109.32,1,1,7,-12.13,113.15,1,1,7,-35,132.51,1,1,7,-20.98,154.7,1,1,7,-45.2,184.75,1,1,7,-49.03,217.77,1,1,7,-46.34,220.17,1,1,7,-9.1,208.44,1,1,11,251.9,88.13,1,1,11,309.09,23.46,1,2,11,26.43,-135.5,0.51531,7,250.72,-124.33,0.48469,1,7,91.04,-183.29,1,1,11,230.78,-73.59,1,2,11,107.77,150.66,0.60059,7,251.4,173.16,0.39941,1,7,55.6,199.67,1,2,11,137.58,0.65,0.99998,7,320.78,36.86,0.00002,2,11,-90.31,3.36,0.05761,7,100.69,-22.35,0.94239,1,7,-32.14,168.55,1,2,11,15.61,190.64,0.48941,7,151.85,186.64,0.51059,2,11,24.98,1.99,0.99425,7,212.04,7.61,0.00575,1,11,281.57,54.58,1,1,11,194.08,-101,1,1,11,264.94,-48.05,1,2,11,91.45,-130.35,0.60436,7,311.91,-101.74,0.39564,1,7,35.92,-203.65,1,1,7,-14.96,-37.11,1]}},"领带":{"领带":{"type":"mesh","hull":20,"uvs":[0.58964,0,0.87337,0.07623,0.79438,0.17735,0.99408,0.7815,0.76953,0.90549,0.4216,0.99776,0,0.73991,0.50296,0.19955,0.28254,0.0454,0.34763,0.02052,0.37423,0.14235,0.72844,0.03225,0.34974,0.30736,0.20719,0.44497,0.07798,0.60139,0.83533,0.31879,0.89445,0.46604,0.9604,0.6237,0.14259,0.87829,0.48638,1],"triangles":[6,18,4,14,6,17,17,6,3,6,4,3,5,19,4,18,5,4,13,14,16,16,14,17,2,7,15,15,12,16,12,13,16,10,7,2,7,12,15,11,2,1,11,10,2,0,10,11,9,8,10,9,10,0],"vertices":[1,11,233.31,50.35,1,1,11,180.25,26.91,1,2,11,146.73,62.71,0.23,14,-13.28,19.29,0.77,2,14,247.89,83.03,0.33919,21,79.66,82.06,0.66081,2,14,305.4,48.26,0.09393,21,136.74,46.59,0.90607,2,14,354.27,-1.38,0.0005,21,184.99,-3.65,0.9995,2,14,246.7,-85.82,0.35967,21,76.4,-86.77,0.64033,2,11,160.5,102.15,0.23,14,-1.48,-20.78,0.77,1,11,237.01,100.3,1,1,11,241.04,93.32,1,1,11,197.1,101.27,1,1,11,207.36,38.89,1,2,14,55.19,-35.63,0.91833,21,-114.48,-34.22,0.08167,2,14,117.21,-51.89,0.66728,21,-52.66,-51.25,0.33272,2,14,185.14,-69.69,0.4883,21,15.04,-69.88,0.5117,2,14,46.79,33.95,0.93337,21,-122.03,35.45,0.06663,2,14,112.69,50.03,0.69488,21,-55.94,50.72,0.30512,2,14,180.31,66.54,0.49182,21,11.88,66.4,0.50818,2,14,297.65,-45.83,0.10752,21,127.83,-47.4,0.89248,2,14,333.12,20.11,0.01183,21,164.11,18.09,0.98817]}}}}],"animations":{"death":{"slots":{"大腿1":{"color":[{"color":"ffffffff"},{"time":0.2083,"color":"000000ff","curve":"stepped"},{"time":1.25,"color":"000000ff"},{"time":1.6667,"color":"00000000"}]},"大腿2":{"color":[{"color":"ffffffff"},{"time":0.2083,"color":"000000ff","curve":"stepped"},{"time":1.25,"color":"000000ff"},{"time":1.6667,"color":"00000000"}]},"头":{"color":[{"color":"ffffffff"},{"time":0.2083,"color":"000000ff","curve":"stepped"},{"time":1.25,"color":"000000ff"},{"time":1.6667,"color":"00000000"}]},"手1":{"color":[{"color":"ffffffff"},{"time":0.2083,"color":"000000ff","curve":"stepped"},{"time":1.25,"color":"000000ff"},{"time":1.6667,"color":"00000000"}]},"手2":{"color":[{"time":1.25,"color":"ffffffff"},{"time":1.6667,"color":"ffffff00"}]},"手臂1":{"color":[{"color":"ffffffff"},{"time":0.2083,"color":"000000ff","curve":"stepped"},{"time":1.25,"color":"000000ff"},{"time":1.6667,"color":"00000000"}]},"手臂2":{"color":[{"color":"ffffffff"},{"time":0.2083,"color":"000000ff","curve":"stepped"},{"time":1.25,"color":"000000ff"},{"time":1.6667,"color":"00000000"}]},"眼睛1_":{"color":[{"time":1.25,"color":"ffffffff"},{"time":1.6667,"color":"ffffff00"}]},"眼睛2_":{"color":[{"time":1.25,"color":"ffffffff"},{"time":1.6667,"color":"ffffff00"}]},"脚2":{"color":[{"color":"ffffffff"},{"time":0.2083,"color":"000000ff","curve":"stepped"},{"time":1.25,"color":"000000ff"},{"time":1.6667,"color":"00000000"}]},"脚_1":{"color":[{"color":"ffffffff"},{"time":0.2083,"color":"000000ff","curve":"stepped"},{"time":1.25,"color":"000000ff"},{"time":1.6667,"color":"00000000"}]},"腰":{"color":[{"color":"ffffffff"},{"time":0.2083,"color":"000000ff","curve":"stepped"},{"time":1.25,"color":"000000ff"},{"time":1.6667,"color":"00000000"}]},"臂膀1":{"color":[{"color":"ffffffff"},{"time":0.2083,"color":"000000ff","curve":"stepped"},{"time":1.25,"color":"000000ff"},{"time":1.6667,"color":"00000000"}]},"臂膀2":{"color":[{"color":"ffffffff"},{"time":0.2083,"color":"000000ff","curve":"stepped"},{"time":1.25,"color":"000000ff"},{"time":1.6667,"color":"00000000"}]},"身体":{"color":[{"color":"ffffffff"},{"time":0.2083,"color":"000000ff","curve":"stepped"},{"time":1.25,"color":"000000ff"},{"time":1.6667,"color":"00000000"}]},"领带":{"color":[{"color":"ffffffff"},{"time":0.2083,"color":"000000ff","curve":"stepped"},{"time":1.25,"color":"000000ff"},{"time":1.6667,"color":"00000000"}]}},"bones":{"手臂2":{"rotate":[{},{"time":0.2083,"angle":-5.89},{"time":0.375,"angle":-65.04},{"time":0.4583,"angle":-16.7},{"time":0.625,"angle":-72.4}]},"臂膀2":{"rotate":[{},{"time":0.2083,"angle":-5.13},{"time":0.375,"angle":16.77},{"time":0.4583,"angle":1.94},{"time":0.625,"angle":5.08}]},"脚2":{"rotate":[{},{"time":0.2083,"angle":-12.7},{"time":0.375,"angle":-87.09},{"time":0.625,"angle":147.07}]},"大腿2":{"rotate":[{},{"time":0.2083,"angle":5.02},{"time":0.375,"angle":28.07},{"time":0.625,"angle":-22.75}]},"脚_1":{"rotate":[{},{"time":0.2083,"angle":44.38},{"time":0.375,"angle":98.9},{"time":0.625,"angle":122.49}]},"大腿1":{"rotate":[{},{"time":0.2083,"angle":10.03},{"time":0.375,"angle":16.53},{"time":0.625,"angle":-33.28}]},"身体":{"rotate":[{},{"time":0.2083,"angle":-1.14},{"time":0.375,"angle":0.49},{"time":0.625,"angle":21.83}]},"头":{"rotate":[{},{"time":0.2083,"angle":18.25},{"time":0.375,"angle":-39.19},{"time":0.625,"angle":-3.38},{"time":0.7917,"angle":54.97},{"time":0.9583,"angle":45.29},{"time":1.0417,"angle":54.64},{"time":1.125,"angle":45.29},{"time":1.25,"angle":47.41}],"translate":[{"time":0.7917},{"time":0.9583,"x":-9.64,"y":22.21},{"time":1.0417,"x":-70.46,"y":162.33},{"time":1.125,"x":-121.27,"y":150.17},{"time":1.25,"x":-108.8,"y":151.27}]},"大腿21":{"rotate":[{},{"time":0.2083,"angle":-18.65,"curve":"stepped"},{"time":0.375,"angle":-18.65},{"time":0.625,"angle":-59.18}]},"手臂1":{"rotate":[{},{"time":0.2083,"angle":-14.02},{"time":0.375,"angle":-78.46},{"time":0.625,"angle":-42.01}]},"臂膀11":{"rotate":[{},{"time":0.2083,"angle":-21.57},{"time":0.375,"angle":47.44},{"time":0.625,"angle":-3.34}]},"臂膀1":{"rotate":[{},{"time":0.2083,"angle":-33.53},{"time":0.375,"angle":-21.95},{"time":0.625,"angle":-15.78}],"translate":[{},{"time":0.2083,"x":65.62,"y":-100.65},{"time":0.375,"x":-50.41,"y":-346.48},{"time":0.4583,"x":-88.29,"y":-291.68},{"time":0.625,"x":18.09,"y":-379.84}]},"bone_ikTarget_left":{"rotate":[{"time":0.2083},{"time":0.2917,"angle":51.86},{"time":0.375,"angle":142.42}],"translate":[{},{"time":0.2083,"x":236.38},{"time":0.2917,"x":239.01,"y":115.44},{"time":0.375,"x":-120.29}]},"bone_ikTarget_right":{"translate":[{"time":0.2083},{"time":0.375,"x":260.98}]},"身体1":{"rotate":[{},{"time":0.2083,"angle":-5.94},{"time":0.375,"angle":8.87},{"time":0.625,"angle":30.2}]},"脚_11":{"rotate":[{"time":0.2083},{"time":0.2917,"angle":59.28},{"time":0.375,"angle":72.24}]},"脚21":{"rotate":[{},{"time":0.2083,"angle":23.43},{"time":0.375,"angle":74.67},{"time":0.625,"angle":-108.65}]},"bone":{"rotate":[{},{"time":0.2083,"angle":24.21}]},"手2":{"rotate":[{},{"time":0.2083,"angle":28.31},{"time":0.375,"angle":-29.27},{"time":0.4583,"angle":-35.51},{"time":0.625,"angle":16.73},{"time":1.25,"angle":-0.44}]},"脚_12":{"rotate":[{"angle":0.11},{"time":0.2083,"angle":-49.81},{"time":0.375,"angle":-109.38},{"time":0.625,"angle":-3.48}]}}},"kenyao":{"bones":{"臂膀1":{"rotate":[{},{"time":0.4167,"angle":7.13},{"time":0.8333}],"translate":[{},{"time":0.4167,"x":74.65,"y":-64.91},{"time":0.8333,"x":20.65},{"time":1}]},"身体":{"rotate":[{"time":0.0833},{"time":0.5,"angle":7.43},{"time":0.9167}]},"身体1":{"rotate":[{"time":0.1667},{"time":0.5833,"angle":7.43},{"time":1}]},"臂膀2":{"rotate":[{"angle":-24.01},{"time":0.25,"angle":-35.5},{"time":0.75,"angle":-12.52},{"time":1,"angle":-24.01}],"translate":[{"x":-77.62,"y":-80.24}]},"头":{"rotate":[{"angle":-10.16},{"time":0.1667,"angle":-19.37},{"time":0.3333,"angle":8.27},{"time":0.6667,"angle":26.33},{"time":1,"angle":-10.16}]},"臂膀11":{"rotate":[{"angle":-4.78},{"time":0.5,"angle":15.11},{"time":1,"angle":-4.78}]},"手臂1":{"rotate":[{"angle":-64.26},{"time":0.0833,"angle":-59.47},{"time":0.5833,"angle":-88.23},{"time":1,"angle":-64.26}]},"手臂2":{"rotate":[{"angle":-12.2},{"time":0.3333,"angle":-24.83},{"time":0.8333,"angle":-8.39},{"time":1,"angle":-12.2}]},"bone":{"rotate":[{"angle":11.16},{"time":0.1667,"angle":16.91},{"time":0.3333,"angle":-17.54},{"time":0.6667,"angle":2.1},{"time":1,"angle":11.16}],"translate":[{"x":-60.07,"y":20.11},{"time":0.1667,"x":-51.28,"y":75.12},{"time":0.3333,"x":55.58,"y":98.68},{"time":0.5833,"x":39.59,"y":-17.88},{"time":0.6667,"x":63.76,"y":-33.03},{"time":1,"x":-60.07,"y":20.11}]},"脚_12":{"rotate":[{"angle":0.11}]}}},"move":{"bones":{"bone_ikTarget_right":{"rotate":[{"time":1.0417},{"time":1.6667,"angle":-24.27},{"time":1.875,"angle":-42.83},{"time":2.0833}],"translate":[{"x":115},{"time":0.5833,"x":557.9},{"time":1.0417,"x":616.07},{"time":1.6667,"x":352.04,"y":115.31},{"time":1.875,"x":176.02,"y":157.39},{"time":2,"x":70.41,"y":2.68},{"time":2.0833},{"time":2.5,"x":115}]},"臂膀1":{"rotate":[{"angle":-11.4},{"time":0.5833,"angle":1.1},{"time":1.0417,"angle":23.11},{"time":2.5,"angle":-11.4}],"translate":[{"x":136.21,"y":-133.3},{"time":0.5833,"x":482.57,"y":-70.32},{"time":0.8333,"x":338.95,"y":-2.6},{"time":1.0417,"x":333.41,"y":-89.22},{"time":1.375,"x":302.8,"y":2.34},{"time":1.625,"x":167.59,"y":47.52},{"time":2.0833,"x":52.64,"y":18.88},{"time":2.5,"x":136.21,"y":-133.3}]},"bone_ikTarget_left":{"rotate":[{},{"time":0.5833,"angle":65.68},{"time":0.7083,"angle":95.02},{"time":0.8333,"angle":62.71},{"time":0.9583,"angle":-18.4},{"time":1.0417,"angle":-5.27},{"time":2.5}],"translate":[{"x":115},{"time":0.5833,"x":415.16,"y":207.69},{"time":0.8333,"x":31.85,"y":239.13},{"time":0.9583,"x":-107.78,"y":26.92},{"time":1.0417,"x":-166.81},{"time":1.375,"x":-82.87},{"time":2.5,"x":115}]},"身体":{"rotate":[{},{"time":0.5833,"angle":-5.14},{"time":1.0417,"angle":-19.15},{"time":1.6667,"angle":-1.03},{"time":2.5}]},"大腿1":{"rotate":[{"angle":19.83},{"time":0.5833,"angle":-6.31},{"time":1.0417,"angle":-65.02},{"time":2.5,"angle":19.83}],"translate":[{"time":0.5833},{"time":1.0417,"x":38.79,"y":-159.19},{"time":1.6667,"x":36.33,"y":-30.27},{"time":2.5}]},"大腿2":{"rotate":[{"angle":38.96},{"time":0.5833,"angle":35.02},{"time":1.0417,"angle":23.6},{"time":1.6667,"angle":-66.74},{"time":2.5,"angle":38.96}],"translate":[{"x":21.25,"y":4.31},{"time":0.5833,"curve":"stepped"},{"time":1.0417},{"time":2.0833,"x":30.34,"y":0.85},{"time":2.5,"x":21.25,"y":4.31}]},"身体1":{"rotate":[{},{"time":0.5833,"angle":-6.36},{"time":0.8333,"angle":8.49},{"time":1.0417,"angle":12.43},{"time":1.6667,"angle":-19.43},{"time":2.5}],"translate":[{"time":0.5833},{"time":0.8333,"x":-33.6,"y":-4.29},{"time":1.0417}]},"臂膀2":{"rotate":[{"angle":-36.86},{"time":0.5833,"angle":-23.7},{"time":1.0417,"angle":-38.82},{"time":1.625,"angle":-10.03},{"time":2.0833,"angle":-9.12},{"time":2.5,"angle":-36.86}],"translate":[{"x":-74.05,"y":29.3},{"time":0.5833,"x":30.1,"y":33.54},{"time":1.0417,"x":-40.82,"y":-27.06},{"time":1.625,"x":-64.96,"y":32.75},{"time":2.0833},{"time":2.5,"x":-74.05,"y":29.3}]},"脚_1":{"rotate":[{"angle":8.31},{"time":0.5833,"angle":6.66},{"time":1.0417,"angle":36.1},{"time":2.5,"angle":8.31}]},"脚2":{"rotate":[{"angle":-27.65},{"time":0.5833,"angle":-74.82},{"time":1.0417,"angle":-11.77},{"time":1.6667,"angle":96.72},{"time":2.5,"angle":-27.65}]},"臂膀11":{"rotate":[{"angle":35.12},{"time":0.5833,"angle":60.14},{"time":1.0417,"angle":28.56},{"time":1.625,"angle":32.96},{"time":2.0833,"angle":23.44},{"time":2.5,"angle":35.12}],"translate":[{"time":0.5833},{"time":1.0417,"x":-5.11,"y":-52.21},{"time":2.0833,"x":-28.66,"y":43.14},{"time":2.5}]},"头":{"rotate":[{"angle":16.55},{"time":0.5833,"angle":9.12},{"time":0.8333,"angle":4.48},{"time":1.0417,"angle":-3.59},{"time":1.375,"angle":-4.48},{"time":1.6667,"angle":8.51},{"time":2.0833,"angle":17.75},{"time":2.5,"angle":16.55}],"translate":[{"x":-85.15,"y":29.13},{"time":0.5833,"x":-36.84,"y":2.51},{"time":0.8333,"x":-62.08,"y":17.58},{"time":1.0417,"x":-29.11,"y":-32.23},{"time":1.6667,"x":-48.56,"y":14.87},{"time":2.0833,"x":-24.21,"y":7.65},{"time":2.5,"x":-85.15,"y":29.13}]},"领带1":{"rotate":[{"angle":14.48},{"time":0.3333,"angle":3.8},{"time":0.625,"angle":8.41},{"time":0.9167,"angle":-10.14},{"time":1.25,"angle":3.35},{"time":1.5833,"angle":14.13},{"time":1.875,"angle":16.32},{"time":2.1667,"angle":10.18},{"time":2.3333,"angle":16.93},{"time":2.5,"angle":14.48}]},"脚21":{"rotate":[{"angle":0.09},{"time":0.5833,"angle":16.67},{"time":1.0417,"angle":-61.93},{"time":1.6667,"angle":-49.38},{"time":2.5,"angle":0.09}]},"领带2":{"rotate":[{},{"time":0.3333,"angle":-18.95},{"time":0.625,"angle":-19.1},{"time":0.9167,"angle":11.54},{"time":1.25,"angle":-20.87},{"time":1.5833,"angle":15.07},{"time":1.875,"angle":-16.14},{"time":2.1667,"angle":7.62},{"time":2.3333,"angle":-7.52},{"time":2.5}]},"手臂2":{"rotate":[{"angle":36.15},{"time":0.5833,"angle":0.12},{"time":1.0417,"angle":9.37},{"time":1.625,"angle":-4.81},{"time":2.0833,"angle":-1.81},{"time":2.5,"angle":36.15}]},"脚_11":{"rotate":[{},{"time":0.5833,"angle":39.16,"curve":"stepped"},{"time":1.0417,"angle":39.16},{"time":2.5}]},"手臂1":{"rotate":[{"angle":-60.48},{"time":0.5833,"angle":-71.9},{"time":1.0417,"angle":-34.74},{"time":1.625,"angle":-32.41},{"time":2.0833,"angle":-45.13},{"time":2.5,"angle":-60.48}]},"大腿21":{"rotate":[{"angle":-37.74},{"time":0.5833,"angle":-28.49},{"time":1.0417,"angle":-49.18},{"time":1.625,"angle":-35.4},{"time":2.0833,"angle":-46.36},{"time":2.5,"angle":-37.74}]},"手2":{"rotate":[{"angle":-6.3},{"time":0.5833,"angle":-4.06},{"time":1.0417,"angle":-4.54},{"time":1.625,"angle":6.3},{"time":2.0833,"angle":10.35},{"time":2.5,"angle":-6.3}]},"脚_12":{"rotate":[{"angle":-22.79},{"time":0.5833,"angle":-46.12},{"time":1.0417,"angle":-48.61},{"time":2.5,"angle":-22.79}]},"bone":{"rotate":[{"time":1.0417},{"time":1.6667,"angle":10.61},{"time":2.5}],"translate":[{},{"time":0.5833,"x":-41.17,"y":28.33},{"time":1.0417},{"time":1.6667,"x":-30.38,"y":41.29},{"time":2.5}]},"手21":{"rotate":[{"angle":10.98},{"time":0.1667,"angle":-8.18},{"time":0.625,"angle":10.98},{"time":1.0833,"angle":-8.18},{"time":1.5833,"angle":4.99},{"time":2.0417,"angle":-8.18},{"time":2.5,"angle":10.98}]},"手22":{"rotate":[{"angle":5.75},{"time":0.2917,"angle":-8.18},{"time":0.75,"angle":10.98},{"time":1.2083,"angle":-8.18},{"time":1.7083,"angle":10.98},{"time":2.1667,"angle":-8.18},{"time":2.5,"angle":5.75}]},"手23":{"rotate":[{"angle":0.53},{"time":0.4167,"angle":-8.18},{"time":0.875,"angle":10.98},{"time":1.3333,"angle":-8.18},{"time":1.8333,"angle":10.98},{"time":2.2917,"angle":-8.18},{"time":2.5,"angle":0.53}]},"bone1":{"translate":[{"x":-200.89},{"time":0.5833,"x":-455.22},{"time":0.8333,"x":-346.04},{"time":1.0417,"x":-355.07},{"time":1.375,"x":-236.35},{"time":1.6667,"x":-182.49},{"time":2.0833,"x":-130.2},{"time":2.5,"x":-200.89}]}}}}},[0]]],0,0,[0],[-1],[4]]]]