[1,["9cIO3jIJRJI6Es1nY6sP0y","ecpdLyjvZBwrvm+cedCcQy","09ESwEGKpA7bINqM1GihpX"],["_textureSetter","root","node","data","_spriteFrame"],["cc.SpriteFrame",["cc.Prefab",["_name"],2],["cc.Node",["_name","_components","_prefab","_contentSize","_trs"],2,9,4,5,7],["cc.Sprite",["node","_materials","_spriteFrame"],3,1,3,6],["cc.PrefabInfo",["root","asset"],3,1,1]],[[1,0,2],[2,0,1,2,3,4,2],[3,0,1,2,1],[4,0,1,1]],[[[{"name":"a083","rect":[0,0,57,57],"offset":[0,0],"originalSize":[57,57],"capInsets":[0,0,0,0]}],[0],0,[0],[0],[0]],[[[0,"Chess"],[1,"Chess",[[2,-2,[0],1]],[3,-1,0],[5,57,57],[0,4,0,0,0,0,1,1,1,1]]],0,[0,1,1,0,2,1,0,3,1,2],[0,0],[-1,4],[1,2]]]]