[1,["7a/QZLET9IDreTiBfRn2PD","1fgODaXo1Nrpt4dgeja6r8","40p/yAAcZOt79+AAiRQlcc","deNPwFzR5H/KhfIJh0tGbY","54+3ERr5ZC2bklh4xbWlsX"],["node","_N$skeletonData","root","data"],[["cc.Node",["_name","_groupIndex","_active","_components","_prefab","_trs","_contentSize","_parent","_children","_anchorPoint"],0,9,4,7,5,1,2,5],["cc.PrefabInfo",["fileId","root","asset"],2,1,1],["sp.Skeleton",["defaultSkin","_preCacheMode","_animationName","_N$enableBatch","defaultAnimation","loop","_playTimes","node","_materials","_N$skeletonData"],-4,1,3,6],["sp.SkeletonData",["_name","_atlasText","textureNames","_skeletonJson","textures"],-1,3],["cc.Prefab",["_name"],2],["cc.BoxCollider",["tag","node","_offset","_size"],2,1,5,5]],[[1,0,1,2,2],[0,0,2,7,3,4,5,3],[2,0,4,1,5,2,6,7,8,9,7],[3,0,1,2,3,4,5],[4,0,2],[0,0,1,8,3,4,6,9,5,3],[0,0,1,7,3,4,6,5,3],[5,0,1,2,3,2],[1,1,2,1],[2,0,1,2,3,7,8,9,5]],[[[[3,"zaizhong_FX","\r\nzaizhong_FX.png\r\nsize: 219,116\r\nformat: RGBA8888\r\nfilter: Linear,Linear\r\nrepeat: none\r\n1\r\n  rotate: true\r\n  xy: 99, 23\r\n  size: 10, 82\r\n  orig: 10, 82\r\n  offset: 0, 0\r\n  index: -1\r\n2\r\n  rotate: true\r\n  xy: 89, 3\r\n  size: 8, 68\r\n  orig: 8, 68\r\n  offset: 0, 0\r\n  index: -1\r\n3\r\n  rotate: false\r\n  xy: 206, 25\r\n  size: 11, 89\r\n  orig: 11, 89\r\n  offset: 0, 0\r\n  index: -1\r\n4\r\n  rotate: true\r\n  xy: 2, 2\r\n  size: 6, 84\r\n  orig: 6, 84\r\n  offset: 0, 0\r\n  index: -1\r\n5\r\n  rotate: true\r\n  xy: 99, 13\r\n  size: 8, 86\r\n  orig: 8, 86\r\n  offset: 0, 0\r\n  index: -1\r\n6\r\n  rotate: true\r\n  xy: 2, 19\r\n  size: 14, 95\r\n  orig: 14, 95\r\n  offset: 0, 0\r\n  index: -1\r\n7\r\n  rotate: true\r\n  xy: 2, 10\r\n  size: 7, 85\r\n  orig: 7, 85\r\n  offset: 0, 0\r\n  index: -1\r\n8\r\n  rotate: false\r\n  xy: 2, 35\r\n  size: 202, 79\r\n  orig: 202, 79\r\n  offset: 0, 0\r\n  index: -1\r\n",["zaizhong_FX.png"],{"skeleton":{"hash":"sgi6Pcjbk0avhBdH/bhTB6jchZI","spine":"3.8.99"},"bones":[{"name":"root"},{"name":"bone","parent":"root","x":0.09,"y":-114.06},{"name":"8","parent":"bone","x":-0.09,"y":114.06},{"name":"9","parent":"bone","x":-0.09,"y":114.06}],"slots":[{"name":"9","bone":"9","color":"f4e3ab96","blend":"additive"},{"name":"8","bone":"8"},{"name":"7","bone":"bone"},{"name":"6","bone":"bone"},{"name":"5","bone":"bone"},{"name":"4","bone":"bone"},{"name":"3","bone":"bone"},{"name":"2","bone":"bone"},{"name":"1","bone":"bone"}],"skins":[{"name":"default","attachments":{"1":{"1":{"type":"mesh","hull":4,"uvs":[1,1,0,1,0,0,1,0],"triangles":[1,2,3,1,3,0],"vertices":[-36.04,130.19,-46.04,130.19,-46.04,212.19,-36.04,212.19]}},"2":{"2":{"type":"mesh","hull":4,"uvs":[1,1,0,1,0,0,1,0],"triangles":[1,2,3,1,3,0],"vertices":[-23.04,158.19,-31.04,158.19,-31.04,226.19,-23.04,226.19]}},"3":{"3":{"type":"mesh","hull":4,"uvs":[1,1,0,1,0,0,1,0],"triangles":[1,2,3,1,3,0],"vertices":[-6.04,163.19,-17.04,163.19,-17.04,252.19,-6.04,252.19]}},"4":{"4":{"type":"mesh","hull":4,"uvs":[1,1,0,1,0,0,1,0],"triangles":[1,2,3,1,3,0],"vertices":[18.96,147.19,12.96,147.19,12.96,231.19,18.96,231.19]}},"5":{"5":{"type":"mesh","hull":4,"uvs":[1,1,0,1,0,0,1,0],"triangles":[1,2,3,1,3,0],"vertices":[29.96,158.19,21.96,158.19,21.96,244.19,29.96,244.19]}},"6":{"6":{"type":"mesh","hull":4,"uvs":[1,1,0,1,0,0,1,0],"triangles":[1,2,3,1,3,0],"vertices":[41.96,123.19,27.96,123.19,27.96,218.19,41.96,218.19]}},"7":{"7":{"type":"mesh","hull":4,"uvs":[1,1,0,1,0,0,1,0],"triangles":[1,2,3,1,3,0],"vertices":[52.96,133.19,45.96,133.19,45.96,218.19,52.96,218.19]}},"8":{"8":{"type":"mesh","hull":4,"uvs":[1,1,0,1,0,0,1,0],"triangles":[1,2,3,1,3,0],"vertices":[102.06,-36.86,-99.94,-36.86,-99.94,42.14,102.06,42.14]}},"9":{"8":{"type":"mesh","hull":4,"uvs":[1,1,0,1,0,0,1,0],"triangles":[1,2,3,1,3,0],"vertices":[102.06,-36.86,-99.94,-36.86,-99.94,42.14,102.06,42.14]}}}}],"events":{"dazhao":{},"gongji":{}},"animations":{"FX":{"slots":{"1":{"color":[{"time":0.2,"color":"ffffffff","curve":0.366,"c4":0.78},{"time":0.2667,"color":"ffffff00"}],"attachment":[{"time":0.0667,"name":"1"}]},"2":{"color":[{"time":0.1667,"color":"ffffffff","curve":0.366,"c4":0.78},{"time":0.2333,"color":"ffffff00"}],"attachment":[{"time":0.1,"name":"2"}]},"3":{"color":[{"time":0.2667,"color":"ffffffff","curve":0.366,"c4":0.78},{"time":0.3333,"color":"ffffff00"}],"attachment":[{"time":0.1333,"name":"3"}]},"4":{"color":[{"time":0.2,"color":"ffffffff","curve":0.366,"c4":0.78},{"time":0.3,"color":"ffffff00"}],"attachment":[{"time":0.1,"name":"4"}]},"5":{"color":[{"time":0.2,"color":"ffffffff","curve":0.366,"c4":0.78},{"time":0.2667,"color":"ffffff00"}],"attachment":[{"time":0.1333,"name":"5"}]},"6":{"color":[{"time":0.1667,"color":"ffffffff","curve":0.366,"c4":0.78},{"time":0.2667,"color":"ffffff00"}],"attachment":[{"time":0.1,"name":"6"}]},"7":{"color":[{"time":0.1667,"color":"ffffffff","curve":0.366,"c4":0.78},{"time":0.2333,"color":"ffffff00"}],"attachment":[{"time":0.0667,"name":"7"}]},"8":{"color":[{"time":0.1333,"color":"ffffffff","curve":0.366,"c4":0.78},{"time":0.2333,"color":"ffffff00"}],"attachment":[{"time":0.0333,"name":"8"}]},"9":{"color":[{"time":0.0333,"color":"f4e3ab96","curve":"stepped"},{"time":0.1333,"color":"f4e3ab96","curve":0,"c2":0.19,"c3":0.662,"c4":0.85},{"time":0.2,"color":"f4e3ab00"}],"attachment":[{"time":0.0667,"name":"8"}]}},"bones":{"8":{"scale":[{"time":0.0333,"x":0.828,"curve":0,"c2":0.19,"c3":0.662,"c4":0.85},{"time":0.2,"x":1.253}]}},"deform":{"default":{"1":{"1":[{"time":0.0667,"offset":1,"vertices":[-17.78699,0,-17.78699,-0.00001,-80.31094,-0.00001,-80.31094]},{"time":0.1667,"offset":1,"curve":0,"c2":0.21,"c3":0.399,"c4":0.58,"vertices":[-16.25506,0,-16.25506,0,-21.6071,0,-21.6071]},{"time":0.2,"offset":1,"curve":0.271,"c2":0.38,"c3":0.724,"c4":0.86,"vertices":[0.14391,0,0.14391,0,6.33567,0,6.33567]},{"time":0.2667,"offset":1,"vertices":[68.66788,0.00001,68.66788,0.00001,37.09674,0.00001,37.09674]}]},"2":{"2":[{"time":0.1,"offset":1,"vertices":[-46.89297,0,-46.89297,-0.00001,-87.85693,-0.00001,-87.85693]},{"time":0.1667,"offset":1,"curve":0,"c2":0.19,"c3":0.662,"c4":0.85,"vertices":[-52.56338,0,-52.56338,0,-24.91725,0,-24.91725]},{"time":0.2333,"offset":1,"vertices":[33.52626,0,33.52626,0,38.02243,0,38.02243]}]},"3":{"3":[{"time":0.1333,"offset":1,"vertices":[-49.58798,0,-49.58798,-0.00001,-101.33195,-0.00001,-101.33195]},{"time":0.1667,"offset":1,"curve":0,"c2":0.25,"c3":0.363,"c4":0.59,"vertices":[-54.41127,0,-54.41127,-0.00001,-81.1786,-0.00001,-81.1786]},{"time":0.2,"offset":1,"curve":0.241,"c2":0.3,"c3":0.586,"c4":0.64,"vertices":[-53.87172,0,-53.87172,0,-46.03258,0,-46.03258]},{"time":0.2333,"offset":1,"curve":0.272,"c2":0.32,"c3":0.635,"c4":0.69,"vertices":[-44.10936,0,-44.10936,0,-21.78667,0,-21.78667]},{"time":0.3333,"offset":1,"vertices":[33.85686,0,33.85686,0,39.74155,0,39.74155]}]},"4":{"4":[{"time":0.1,"offset":1,"vertices":[-52.28296,0,-52.28296,-0.00001,-80.84995,-0.00001,-80.84995]},{"time":0.3,"offset":1,"vertices":[32.79893,0,32.79893,0,38.35303,0,38.35303]}]},"5":{"5":[{"time":0.1333,"offset":1,"vertices":[-45.81497,0,-45.81497,-0.00001,-86.77896,-0.00001,-86.77896]},{"time":0.1667,"offset":1,"curve":0,"c2":0.26,"c3":0.357,"c4":0.6,"vertices":[-55.77544,0,-55.77544,-0.00001,-65.78037,-0.00001,-65.78037]},{"time":0.2,"offset":1,"curve":0.191,"c2":0.27,"c3":0.553,"c4":0.63,"vertices":[-34.51754,0,-34.51754,0,-16.84309,0,-16.84309]},{"time":0.2667,"offset":1,"vertices":[88.26622,0.00001,88.26622,0,39.21259,0,39.21259]}]},"6":{"6":[{"time":0.1,"offset":1,"vertices":[-23.177,0,-23.177,-0.00001,-56.59497,-0.00001,-56.59497]},{"time":0.2667,"offset":1,"vertices":[31.21205,0,31.21205,0,37.49347,0,37.49347]}]},"7":{"7":[{"time":0.0667,"vertices":[-0.53899,-12.93597,-0.53899,-12.93597,-0.53899,-70.06995,-0.53899,-70.06995]},{"time":0.2333,"offset":1,"vertices":[31.87326,0,31.87326,0,37.49347,0,37.49347]}]},"9":{"8":[{"time":0.0333,"curve":0,"c2":0.19,"c3":0.662,"c4":0.85},{"time":0.1667,"offset":2,"vertices":[-10.31998,0,-10.31997,47.17096,0.00001,47.17096]}]}}}}}},[0]]],0,0,[0],[-1],[1]],[[[4,"plant_1"],[5,"plant_1",1,[-3,-4,-5],[[7,1,-2,[0,0,31.4],[5,78.5,20.9]]],[8,-1,0],[5,90,66],[0,0.5,0],[0,-30,0,0,0,0,1,1,1,1]],[6,"p01",1,1,[[9,"default",0,"gongji",true,-6,[0],1]],[0,"37efQHgb9EdajmcQqudOOa",1,0],[5,81.1,83.13],[-5.51,2.178,0,0,0,0,1,1,1,1]],[1,"Effect",false,1,[[2,"default","newAnimation",0,false,"newAnimation",1,-7,[2],3]],[0,"b4WrByKOVP+JSuW50And0U",1,0],[-6,42,0,0,0,0,1,1,1,1]],[1,"PlantEffect",false,1,[[2,"default","FX",0,false,"FX",1,-8,[4],5]],[0,"98Lj+SfFdEvYOKAc4RXfYf",1,0],[-6,-11.879,0,0,0,0,1,1,1,1]]],0,[0,2,1,0,0,1,0,-1,2,0,-2,3,0,-3,4,0,0,2,0,0,3,0,0,4,0,3,1,8],[0,0,0,0,0,0],[-1,1,-1,1,-1,1],[0,2,0,3,0,4]]]]