[1,["ecpdLyjvZBwrvm+cedCcQy","0fzbQSrtRPQK9dx4Blt8zm","efabQwhUNEd5bQSepG+5sn","b9LuKb3s9PnLSipxOmtWNR"],["node","_spriteFrame","root","data","_textureSetter"],[["cc.Node",["_name","_opacity","_prefab","_contentSize","_trs","_parent","_components","_children","_anchorPoint"],1,4,5,7,1,9,2,5],["cc.PrefabInfo",["fileId","root","asset"],2,1,1],["cc.Sprite",["_type","_sizeMode","_fillRange","node","_materials","_spriteFrame"],0,1,3,6],"cc.SpriteFrame",["cc.Prefab",["_name"],2]],[[1,0,1,2,2],[0,0,1,5,6,2,3,8,4,3],[2,0,1,2,3,4,5,4],[4,0,2],[0,0,1,7,2,3,4,3],[0,0,5,6,2,3,4,2],[1,1,2,1],[2,3,4,5,1]],[[[[3,"card_2"],[4,"card_2",140,[-2,-3,-4],[6,-1,0],[5,90,89],[-243.266,-150.871,0,0,0,0,1,1,1,1]],[1,"col",140,1,[[2,3,0,1,-5,[0],1]],[0,"1dzaaan5pCKpc9obIKbPfA",1,0],[5,81,93],[0,0.055,0.5],[0,0,0,0,0,0,1,9,1,1]],[1,"row",140,1,[[2,3,0,1,-6,[2],3]],[0,"dbZPd8QaVPiqAfArDfvb1G",1,0],[5,80.5,93],[0,0.5,0.1],[0,0,0,0,0,0,1,1,5,1]],[5,"plant",1,[[7,-7,[4],5]],[0,"0ewR71JpRJC6CRBh79UJm+",1,0],[5,90,89],[0,-1.4210854715202004e-14,0,0,0,0,1,1,1,1]]],0,[0,2,1,0,-1,2,0,-2,3,0,-3,4,0,0,2,0,0,3,0,0,4,0,3,1,7],[0,0,0,0,0,0],[-1,1,-1,1,-1,1],[0,1,0,1,0,2]],[[{"name":"p_1","rect":[0,3,90,89],"offset":[-1,-1.5],"originalSize":[92,92],"capInsets":[0,0,0,0]}],[3],0,[0],[4],[3]]]]