[1,["ad8eKC9VNDWoOii152PWXR"],0,[["sp.SkeletonData",["_name","_atlasText","textureNames","_skeletonJson","textures"],-1,3]],[[0,0,1,2,3,4,5]],[[0,"kaiqiu","\r\nkaiqiu.png\r\nsize: 408,171\r\nformat: RGBA8888\r\nfilter: Linear,Linear\r\nrepeat: none\r\nGlow\r\n  rotate: true\r\n  xy: 336, 99\r\n  size: 70, 69\r\n  orig: 78, 70\r\n  offset: 4, 1\r\n  index: -1\r\nguang\r\n  rotate: false\r\n  xy: 2, 80\r\n  size: 89, 89\r\n  orig: 89, 89\r\n  offset: 0, 0\r\n  index: -1\r\n出球/白1\r\n  rotate: false\r\n  xy: 93, 90\r\n  size: 79, 79\r\n  orig: 79, 79\r\n  offset: 0, 0\r\n  index: -1\r\n出球/白2\r\n  rotate: false\r\n  xy: 2, 2\r\n  size: 76, 76\r\n  orig: 76, 76\r\n  offset: 0, 0\r\n  index: -1\r\n出球/紫1\r\n  rotate: false\r\n  xy: 174, 90\r\n  size: 79, 79\r\n  orig: 79, 79\r\n  offset: 0, 0\r\n  index: -1\r\n出球/紫2\r\n  rotate: false\r\n  xy: 174, 12\r\n  size: 76, 76\r\n  orig: 76, 76\r\n  offset: 0, 0\r\n  index: -1\r\n出球/蓝1\r\n  rotate: false\r\n  xy: 255, 90\r\n  size: 79, 79\r\n  orig: 79, 79\r\n  offset: 0, 0\r\n  index: -1\r\n出球/蓝2\r\n  rotate: false\r\n  xy: 252, 12\r\n  size: 76, 76\r\n  orig: 76, 76\r\n  offset: 0, 0\r\n  index: -1\r\n出球/金1\r\n  rotate: false\r\n  xy: 93, 9\r\n  size: 79, 79\r\n  orig: 79, 79\r\n  offset: 0, 0\r\n  index: -1\r\n出球/金2\r\n  rotate: false\r\n  xy: 330, 12\r\n  size: 76, 76\r\n  orig: 76, 76\r\n  offset: 0, 0\r\n  index: -1\r\n",["kaiqiu.png"],{"skeleton":{"hash":"aFmS5RD9wSBv3ZBvYiTU3fUUBKI","spine":"3.8.99","x":-59.8,"y":-259.46,"width":117,"height":314.95,"fps":24,"images":"","audio":"D:/Work/植物大战僵尸2娘化版/动画/娘化版/工程文件/其他特效/引导动画/扭蛋机抽奖"},"bones":[{"name":"root"},{"name":"kaiqiu","parent":"root","y":-214.59,"scaleX":0.5,"scaleY":0.5},{"name":"Glow","parent":"root","x":-1.3,"y":2.99,"scaleX":1.5,"scaleY":1.5},{"name":"白11","parent":"kaiqiu","rotation":90,"x":55.51,"y":52.21,"scaleX":2,"scaleY":2},{"name":"白2","parent":"kaiqiu","rotation":90,"x":-49.82,"y":-57.23,"scaleX":2,"scaleY":2}],"slots":[{"name":"白2","bone":"白2","attachment":"出球/白2"},{"name":"白11","bone":"白11","attachment":"出球/白1"},{"name":"guang","bone":"kaiqiu","color":"ffffff5e","attachment":"guang","blend":"additive"},{"name":"Glow","bone":"Glow","attachment":"Glow","blend":"additive"}],"skins":[{"name":"default","attachments":{"Glow":{"Glow":{"width":78,"height":70}},"guang":{"guang":{"type":"mesh","hull":27,"width":89,"height":89,"uvs":[0.14775,0.11966,0.26517,0.03652,0.3823,0,0.51461,0,0.65618,0.00815,0.79607,0.07612,0.9,0.17837,0.97584,0.29916,1,0.41264,1,0.54298,1,0.61124,0.96994,0.72275,0.91152,0.82275,0.82809,0.90421,0.71657,0.97219,0.60337,1,0.49944,1,0.37275,1,0.25927,0.95702,0.15534,0.88708,0.06826,0.79438,0.02107,0.69242,0,0.61292,0,0.51096,0,0.37303,0.0382,0.25758,0.09663,0.17275],"triangles":[6,3,8,7,6,8,12,11,9,13,12,9,16,13,9,8,3,9,3,16,9,9,11,10,23,16,3,16,15,13,5,3,6,23,19,16,0,23,3,4,3,5,15,14,13,19,18,16,26,23,0,23,21,19,2,1,3,1,0,3,24,23,26,25,24,26,21,20,19,18,17,16,23,22,21],"vertices":[-63.63,66.95,-42.73,81.75,-21.87,88.25,1.67,88.25,26.87,86.79,51.77,74.71,70.27,56.51,83.77,35.01,88.07,14.81,88.07,-8.41,88.07,-20.55,82.73,-40.39,72.33,-58.21,57.47,-72.71,37.61,-84.79,17.47,-89.75,-1.03,-89.75,-23.57,-89.75,-43.79,-82.09,-62.29,-69.65,-77.77,-53.15,-86.19,-35.01,-89.97,-20.85,-89.97,-2.69,-89.97,21.85,-83.13,42.39,-72.73,57.51],"edges":[0,2,2,4,4,6,6,8,8,10,10,12,12,14,14,16,16,18,18,20,20,22,22,24,24,26,26,28,28,30,30,32,32,34,34,36,36,38,38,40,40,42,42,44,44,46,46,48,48,50,50,52,52,0]}},"白2":{"出球/白2":{"x":22.12,"y":-18.16,"rotation":-90,"width":76,"height":76},"出球/紫2":{"x":22.12,"y":-18.16,"rotation":-90,"width":76,"height":76},"出球/蓝2":{"x":22.12,"y":-18.16,"rotation":-90,"width":76,"height":76},"出球/金2":{"x":22.12,"y":-18.16,"rotation":-90,"width":76,"height":76}},"白11":{"出球/白1":{"x":-21.1,"y":22.51,"rotation":-90,"width":79,"height":79},"出球/紫1":{"x":-21.1,"y":22.51,"rotation":-90,"width":79,"height":79},"出球/蓝1":{"x":-21.1,"y":22.51,"rotation":-90,"width":79,"height":79},"出球/金1":{"x":-21.1,"y":22.51,"rotation":-90,"width":79,"height":79}}}}],"animations":{"kaiqiu1":{"slots":{"Glow":{"color":[{"color":"ffffff00","curve":"stepped"},{"time":0.8333,"color":"ffffff00"},{"time":1,"color":"ffffffff"},{"time":1.5,"color":"ffffff00"}]},"guang":{"color":[{"color":"ffffff00","curve":"stepped"},{"time":0.5417,"color":"ffffff00"},{"time":0.7083,"color":"ffffffff"},{"time":1,"color":"ffffff00"}]}},"bones":{"kaiqiu":{"translate":[{},{"time":0.125,"x":-34.18,"y":50.36},{"time":0.3333,"x":-56.03,"y":134.28},{"time":0.4583,"x":-34.76,"y":218.71},{"time":0.5417,"y":275}],"scale":[{},{"time":0.125,"x":1.23,"y":1.23},{"time":0.3333,"x":1.62,"y":1.62},{"time":0.4583,"x":1.85,"y":1.85},{"time":0.5417,"x":2,"y":2},{"time":0.625,"x":1.8,"y":1.8},{"time":0.7083,"x":2,"y":2},{"time":0.7917,"x":1.6,"y":1.6},{"time":0.8333,"x":1.8,"y":1.8},{"time":0.875,"x":1.4,"y":1.4},{"time":0.9167,"x":1.6,"y":1.6},{"time":1,"x":2,"y":2}]},"Glow":{"translate":[{"y":55.67},{"time":0.8333,"y":53.93},{"time":1,"y":24.32}],"scale":[{"time":0.8333},{"time":1,"x":8,"y":8},{"time":1.5,"x":6,"y":6}]},"白11":{"rotate":[{"time":1},{"time":1.1667,"angle":-83.89}],"translate":[{"time":1},{"time":1.1667,"x":103.72,"y":-197.33},{"time":1.3333,"x":97.21,"y":-190.17}],"scale":[{"time":1},{"time":1.1667,"x":0.8,"y":0.8}]},"白2":{"translate":[{"time":1},{"time":1.1667,"x":-79.57,"y":-97.92},{"time":1.3333,"x":-69.81,"y":-92.5}],"scale":[{"time":1},{"time":1.1667,"x":0.8,"y":0.8}]}}},"kaiqiu2":{"slots":{"Glow":{"color":[{"color":"ffffff00","curve":"stepped"},{"time":0.8333,"color":"ffffff00"},{"time":1,"color":"ffffffff"},{"time":1.5,"color":"ffffff00"}]},"guang":{"color":[{"color":"ffffff00","curve":"stepped"},{"time":0.5417,"color":"ffffff00"},{"time":0.7083,"color":"ffffffff"},{"time":1,"color":"ffffff00"}]},"白2":{"attachment":[{"name":"出球/蓝2"}]},"白11":{"attachment":[{"name":"出球/蓝1"}]}},"bones":{"kaiqiu":{"translate":[{},{"time":0.125,"x":-34.18,"y":50.36},{"time":0.3333,"x":-56.03,"y":134.28},{"time":0.4583,"x":-34.76,"y":218.71},{"time":0.5417,"y":275}],"scale":[{},{"time":0.125,"x":1.23,"y":1.23},{"time":0.3333,"x":1.62,"y":1.62},{"time":0.4583,"x":1.85,"y":1.85},{"time":0.5417,"x":2,"y":2},{"time":0.625,"x":1.8,"y":1.8},{"time":0.7083,"x":2,"y":2},{"time":0.7917,"x":1.6,"y":1.6},{"time":0.8333,"x":1.8,"y":1.8},{"time":0.875,"x":1.4,"y":1.4},{"time":0.9167,"x":1.6,"y":1.6},{"time":1,"x":2,"y":2}]},"Glow":{"translate":[{"y":55.67},{"time":0.8333,"y":53.93},{"time":1,"y":24.32}],"scale":[{"time":0.8333},{"time":1,"x":8,"y":8},{"time":1.5,"x":6,"y":6}]},"白11":{"rotate":[{"time":1},{"time":1.1667,"angle":-83.89}],"translate":[{"time":1},{"time":1.1667,"x":103.72,"y":-197.33},{"time":1.3333,"x":97.21,"y":-190.17}],"scale":[{"time":1},{"time":1.1667,"x":0.8,"y":0.8}]},"白2":{"translate":[{"time":1},{"time":1.1667,"x":-79.57,"y":-97.92},{"time":1.3333,"x":-69.81,"y":-92.5}],"scale":[{"time":1},{"time":1.1667,"x":0.8,"y":0.8}]}}},"kaiqiu3":{"slots":{"Glow":{"color":[{"color":"ffffff00","curve":"stepped"},{"time":0.8333,"color":"ffffff00"},{"time":1,"color":"ffffffff"},{"time":1.5,"color":"ffffff00"}]},"guang":{"color":[{"color":"ffffff00","curve":"stepped"},{"time":0.5417,"color":"ffffff00"},{"time":0.7083,"color":"ffffffff"},{"time":1,"color":"ffffff00"}]},"白2":{"attachment":[{"name":"出球/紫2"}]},"白11":{"attachment":[{"name":"出球/紫1"}]}},"bones":{"kaiqiu":{"translate":[{},{"time":0.125,"x":-34.18,"y":50.36},{"time":0.3333,"x":-56.03,"y":134.28},{"time":0.4583,"x":-34.76,"y":218.71},{"time":0.5417,"y":275}],"scale":[{},{"time":0.125,"x":1.23,"y":1.23},{"time":0.3333,"x":1.62,"y":1.62},{"time":0.4583,"x":1.85,"y":1.85},{"time":0.5417,"x":2,"y":2},{"time":0.625,"x":1.8,"y":1.8},{"time":0.7083,"x":2,"y":2},{"time":0.7917,"x":1.6,"y":1.6},{"time":0.8333,"x":1.8,"y":1.8},{"time":0.875,"x":1.4,"y":1.4},{"time":0.9167,"x":1.6,"y":1.6},{"time":1,"x":2,"y":2}]},"Glow":{"translate":[{"y":55.67},{"time":0.8333,"y":53.93},{"time":1,"y":24.32}],"scale":[{"time":0.8333},{"time":1,"x":8,"y":8},{"time":1.5,"x":6,"y":6}]},"白11":{"rotate":[{"time":1},{"time":1.1667,"angle":-83.89}],"translate":[{"time":1},{"time":1.1667,"x":103.72,"y":-197.33},{"time":1.3333,"x":97.21,"y":-190.17}],"scale":[{"time":1},{"time":1.1667,"x":0.8,"y":0.8}]},"白2":{"translate":[{"time":1},{"time":1.1667,"x":-79.57,"y":-97.92},{"time":1.3333,"x":-69.81,"y":-92.5}],"scale":[{"time":1},{"time":1.1667,"x":0.8,"y":0.8}]}}},"kaiqiu4":{"slots":{"Glow":{"color":[{"color":"ffffff00","curve":"stepped"},{"time":0.8333,"color":"ffffff00"},{"time":1,"color":"ffffffff"},{"time":1.5,"color":"ffffff00"}]},"guang":{"color":[{"color":"ffffff00","curve":"stepped"},{"time":0.5417,"color":"ffffff00"},{"time":0.7083,"color":"ffffffff"},{"time":1,"color":"ffffff00"}]},"白2":{"attachment":[{"name":"出球/金2"}]},"白11":{"attachment":[{"name":"出球/金1"}]}},"bones":{"kaiqiu":{"translate":[{},{"time":0.125,"x":-34.18,"y":50.36},{"time":0.3333,"x":-56.03,"y":134.28},{"time":0.4583,"x":-34.76,"y":218.71},{"time":0.5417,"y":275}],"scale":[{},{"time":0.125,"x":1.23,"y":1.23},{"time":0.3333,"x":1.62,"y":1.62},{"time":0.4583,"x":1.85,"y":1.85},{"time":0.5417,"x":2,"y":2},{"time":0.625,"x":1.8,"y":1.8},{"time":0.7083,"x":2,"y":2},{"time":0.7917,"x":1.6,"y":1.6},{"time":0.8333,"x":1.8,"y":1.8},{"time":0.875,"x":1.4,"y":1.4},{"time":0.9167,"x":1.6,"y":1.6},{"time":1,"x":2,"y":2}]},"Glow":{"translate":[{"y":55.67},{"time":0.8333,"y":53.93},{"time":1,"y":24.32}],"scale":[{"time":0.8333},{"time":1,"x":8,"y":8},{"time":1.5,"x":6,"y":6}]},"白11":{"rotate":[{"time":1},{"time":1.1667,"angle":-83.89}],"translate":[{"time":1},{"time":1.1667,"x":103.72,"y":-197.33},{"time":1.3333,"x":97.21,"y":-190.17}],"scale":[{"time":1},{"time":1.1667,"x":0.8,"y":0.8}]},"白2":{"translate":[{"time":1},{"time":1.1667,"x":-79.57,"y":-97.92},{"time":1.3333,"x":-69.81,"y":-92.5}],"scale":[{"time":1},{"time":1.1667,"x":0.8,"y":0.8}]}}}}},[0]]],0,0,[0],[-1],[0]]