[1,0,0,[["cc.AnimationClip",["_name","_duration","sample","wrapMode","curveData"],-1,11]],[[0,0,1,2,3,4,5]],[[0,"01FX01",0.4,30,2,[{},"paths",11,[{},"1FX1",11,[{},"props",11,[{"x":[{"frame":0,"value":-2.527},{"frame":0.26666666666666666,"value":-1.579}],"opacity":[{"frame":0,"value":255},{"frame":0.23333333333333334,"value":255},{"frame":0.4,"value":0}]},"scale",12,[[[{"frame":0},"value",8,[1,0.2,0.16,1]],[{"frame":0.26666666666666666},"value",8,[1,0.383,0.62,1.018]]],11,11]]],"1FX3",11,[{},"props",11,[{"x":[{"frame":0,"value":-2.853},{"frame":0.1,"value":1.253},{"frame":0.26666666666666666,"value":13.099}],"y":[{"frame":0,"value":5.992},{"frame":0.1,"value":14.363},{"frame":0.26666666666666666,"value":-2.379}],"opacity":[{"frame":0,"value":255},{"frame":0.16666666666666666,"value":255},{"frame":0.3,"value":0}]},"scale",12,[[[{"frame":0},"value",8,[1,0.526,0.526,0.526]],[{"frame":0.1},"value",8,[1,0.61,0.61,0.61]],[{"frame":0.26666666666666666},"value",8,[1,0.575,0.575,0.575]]],11,11,11]]],"1FX4",11,[{},"props",11,[{"x":[{"frame":0,"value":-5.597},{"frame":0.1,"value":-3.859},{"frame":0.23333333333333334,"value":-6.229}],"y":[{"frame":0,"value":15.843},{"frame":0.1,"value":27.056},{"frame":0.23333333333333334,"value":6.208}],"opacity":[{"frame":0,"value":255},{"frame":0.16666666666666666,"value":255},{"frame":0.26666666666666666,"value":0}]},"scale",12,[[[{"frame":0},"value",8,[1,0.385,0.385,0.385]],[{"frame":0.1},"value",8,[1,0.442,0.442,0.442]],[{"frame":0.23333333333333334},"value",8,[1,0.401,0.401,0.401]]],11,11,11]]],"1FX5",11,[{},"props",11,[{"x":[{"frame":0,"value":-7.86},{"frame":0.1,"value":-11.967},{"frame":0.3,"value":-16.389}],"y":[{"frame":0,"value":11.228},{"frame":0.1,"value":20.073},{"frame":0.3,"value":3.489}],"opacity":[{"frame":0,"value":255},{"frame":0.2,"value":255},{"frame":0.3333333333333333,"value":0}]},"scale",12,[[[{"frame":0},"value",8,[1,0.422,0.422,0.422]],[{"frame":0.1},"value",8,[1,0.468,0.468,0.468]],[{"frame":0.3},"value",8,[1,0.415,0.415,0.415]]],11,11,11]]],"1FX6",11,[{},"props",11,[{"x":[{"frame":0,"value":4.901},{"frame":0.1,"value":13.717},{"frame":0.26666666666666666,"value":23.353}],"y":[{"frame":0,"value":10.852},{"frame":0.1,"value":16.222},{"frame":0.26666666666666666,"value":-8.101}],"opacity":[{"frame":0,"value":255},{"frame":0.16666666666666666,"value":255},{"frame":0.3,"value":0}]},"scale",12,[[[{"frame":0},"value",8,[1,0.493,0.493,0.493]],[{"frame":0.1},"value",8,[1,0.563,0.563,0.563]],[{"frame":0.26666666666666666},"value",8,[1,0.509,0.509,0.509]]],11,11,11]]],"1FX7",11,[{},"props",11,[{"x":[{"frame":0,"value":11.397},{"frame":0.06666666666666667,"value":15.504},{"frame":0.23333333333333334,"value":22.137}],"y":[{"frame":0,"value":3.527},{"frame":0.06666666666666667,"value":7.949},{"frame":0.23333333333333334,"value":-4.528}],"opacity":[{"frame":0,"value":255},{"frame":0.13333333333333333,"value":255},{"frame":0.26666666666666666,"value":0}]},"scale",12,[[[{"frame":0},"value",8,[1,0.406,0.406,0.406]],[{"frame":0.06666666666666667},"value",8,[1,0.453,0.453,0.453]],[{"frame":0.23333333333333334},"value",8,[1,0.411,0.411,0.411]]],11,11,11]]],"1FX8",11,[{},"props",11,[{"x":[{"frame":0,"value":-16.916},{"frame":0.1,"value":-20.075},{"frame":0.26666666666666666,"value":-26.234}],"y":[{"frame":0,"value":2.077},{"frame":0.1,"value":9.658},{"frame":0.26666666666666666,"value":-5.346}],"opacity":[{"frame":0,"value":255},{"frame":0.2,"value":255},{"frame":0.3,"value":0}]},"scale",12,[[[{"frame":0},"value",8,[1,0.43,0.43,0.43]],[{"frame":0.1},"value",8,[1,0.488,0.488,0.488]],[{"frame":0.26666666666666666},"value",8,[1,0.46,0.46,0.46]]],11,11,11]]],"1FX9",11,[{},"props",11,[{"x":[{"frame":0,"value":-18.916},{"frame":0.1,"value":-21.443},{"frame":0.2,"value":-24.918}],"y":[{"frame":0,"value":-1.035},{"frame":0.1,"value":2.282},{"frame":0.2,"value":-5.142}],"opacity":[{"frame":0,"value":255},{"frame":0.13333333333333333,"value":255},{"frame":0.23333333333333334,"value":0}]},"scale",12,[[[{"frame":0},"value",8,[1,0.241,0.241,0.241]],[{"frame":0.1},"value",8,[1,0.269,0.269,0.269]],[{"frame":0.2},"value",8,[1,0.221,0.221,0.221]]],11,11,11]]]]]]],0,0,[],[],[]]