[1,["aeAmdijRVDe58RejiZ/wEK"],0,[["sp.SkeletonData",["_name","_atlasText","textureNames","_skeletonJson","textures"],-1,3]],[[0,0,1,2,3,4,5]],[[0,"15FX","\n15FX.png\nsize: 256,64\nformat: RGBA8888\nfilter: Linear,Linear\nrepeat: none\n15FX1\n  rotate: true\n  xy: 135, 3\n  size: 13, 11\n  orig: 13, 12\n  offset: 0, 1\n  index: -1\n15FX2\n  rotate: false\n  xy: 111, 2\n  size: 22, 14\n  orig: 22, 15\n  offset: 0, 0\n  index: -1\n15xue1\n  rotate: false\n  xy: 111, 18\n  size: 41, 44\n  orig: 41, 45\n  offset: 0, 1\n  index: -1\n15xue3\n  rotate: false\n  xy: 2, 6\n  size: 61, 56\n  orig: 61, 56\n  offset: 0, 0\n  index: -1\n15xue4\n  rotate: true\n  xy: 65, 14\n  size: 48, 44\n  orig: 50, 46\n  offset: 1, 1\n  index: -1\n",["15FX.png"],{"skeleton":{"hash":"YirGwVDG92PniOWC0krhvt1iszY","spine":"3.8.99"},"bones":[{"name":"root"},{"name":"15FX","parent":"root"},{"name":"15FX1","parent":"15FX","x":-6.16,"y":16.1},{"name":"15FX2","parent":"15FX","rotation":-85.6,"x":-14.35,"y":21},{"name":"15xue","parent":"15FX"},{"name":"15xue1","parent":"15xue","x":175.23,"y":166.5},{"name":"15xue30","parent":"15xue","x":-216.24,"y":213.69},{"name":"15xue60","parent":"15xue","x":-1.02,"y":-116.28},{"name":"15FX3","parent":"15FX","x":19.97,"y":12.84,"scaleX":1.0634,"scaleY":1.7069},{"name":"15FX4","parent":"15FX","rotation":-94.46,"x":7.23,"y":17.74,"scaleX":0.8446,"scaleY":-1.1327},{"name":"15FX5","parent":"15FX","rotation":-176.39,"x":-28.02,"y":18.67,"scaleX":1.2928,"scaleY":1.6076},{"name":"15xue2","parent":"15xue","rotation":-23.22,"x":280.65,"y":82.99},{"name":"15xue3","parent":"15xue","x":51.2,"y":-181.92,"scaleX":0.9356,"scaleY":0.9356},{"name":"15xue4","parent":"15xue","x":-49.81,"y":-242.75,"scaleX":1.0861,"scaleY":1.0861},{"name":"15xue5","parent":"15xue","x":-140.58,"y":-177.21,"scaleX":0.3246,"scaleY":0.3246},{"name":"15xue6","parent":"15xue","x":-274.3,"y":-65.2,"scaleX":0.8121,"scaleY":0.8121},{"name":"15xue7","parent":"15xue","rotation":-34.09,"x":-283.62,"y":-69.05,"scaleX":0.7065,"scaleY":0.7065},{"name":"15xue8","parent":"15xue","x":-145.61,"y":-66.28,"scaleX":0.7644,"scaleY":0.7008},{"name":"15xue9","parent":"15xue","x":-81.13,"y":55.09,"scaleX":0.5635,"scaleY":0.5635},{"name":"15xue10","parent":"15xue","rotation":18.73,"x":-40.35,"y":61.28,"scaleX":0.7157,"scaleY":0.7157},{"name":"15xue11","parent":"15xue","rotation":-17.96,"x":-29.77,"y":165.99,"scaleX":0.4668,"scaleY":0.4668},{"name":"15xue12","parent":"15xue","rotation":18.02,"x":-12.97,"y":205.66,"scaleX":0.4977,"scaleY":0.4977},{"name":"15xue13","parent":"15xue","rotation":-8.76,"x":-177.21,"y":247.63,"scaleX":0.8464,"scaleY":0.8464},{"name":"15xue31","parent":"15xue","rotation":-49.29,"x":-157.44,"y":178.08,"scaleX":1.0354,"scaleY":1.0354},{"name":"15xue32","parent":"15xue","rotation":-64.19,"x":-47.52,"y":176.5,"scaleX":0.5022,"scaleY":0.5022},{"name":"15xue33","parent":"15xue","rotation":-70.88,"x":53.67,"y":96.09,"scaleX":0.6007,"scaleY":0.6007},{"name":"15xue34","parent":"15xue","rotation":-55.78,"x":98,"y":151.49,"scaleX":0.325,"scaleY":0.325},{"name":"15xue35","parent":"15xue","rotation":-66.02,"x":72.08,"y":5.27,"scaleX":0.6314,"scaleY":0.6314},{"name":"15xue36","parent":"15xue","rotation":-30.98,"x":112.31,"y":-11.72,"scaleX":0.4997,"scaleY":0.4997},{"name":"15xue37","parent":"15xue","rotation":-75.53,"x":159.6,"y":-107.46,"scaleX":0.5486,"scaleY":0.5486},{"name":"15xue38","parent":"15xue","rotation":-42.61,"x":208.35,"y":-140.8,"scaleX":0.8365,"scaleY":0.8365},{"name":"15xue39","parent":"15xue","rotation":-47.65,"x":-137.15,"y":-40.61,"scaleX":0.6341,"scaleY":0.6341},{"name":"15xue40","parent":"15xue","rotation":-68.64,"x":-142.61,"y":52.81,"scaleX":0.395,"scaleY":0.395},{"name":"15xue41","parent":"15xue","rotation":-77.75,"x":82.4,"y":-111.98,"scaleX":0.6366,"scaleY":0.6366},{"name":"15xue42","parent":"15xue","rotation":-49.84,"x":78.63,"y":-151.29,"scaleX":0.6151,"scaleY":0.6151},{"name":"15xue14","parent":"15xue","x":144.1,"y":-231.39,"scaleX":0.3823,"scaleY":0.3511},{"name":"15xue61","parent":"15xue","x":6.29,"y":-139.19,"scaleX":0.5139,"scaleY":0.5139},{"name":"15xue62","parent":"15xue","x":153.6,"y":-186.35,"scaleX":0.6894,"scaleY":0.6894},{"name":"15xue63","parent":"15xue","rotation":20.01,"x":162.31,"y":-131.93,"scaleX":0.8511,"scaleY":0.8511},{"name":"15xue64","parent":"15xue","rotation":42.01,"x":187.24,"y":-78.01,"scaleX":0.9318,"scaleY":0.9318},{"name":"15xue65","parent":"15xue","rotation":-22.35,"x":218.15,"y":-57.17,"scaleX":1.0943,"scaleY":1.0943},{"name":"15xue66","parent":"15xue","rotation":19.58,"x":-73.91,"y":-75.62,"scaleX":0.4217,"scaleY":0.4217},{"name":"15xue67","parent":"15xue","rotation":16.14,"x":-98.95,"y":211.63,"scaleX":0.6829,"scaleY":0.6829},{"name":"15xue68","parent":"15xue","x":-0.59,"y":-116.32,"scaleX":1.0515,"scaleY":1.0515}],"slots":[{"name":"15FX1","bone":"15FX1"},{"name":"15FX5","bone":"15FX5"},{"name":"15FX3","bone":"15FX3"},{"name":"15FX2","bone":"15FX2"},{"name":"15FX4","bone":"15FX4"},{"name":"15xue1","bone":"15xue1"},{"name":"15xue2","bone":"15xue2"},{"name":"15xue5","bone":"15xue3"},{"name":"15xue6","bone":"15xue4"},{"name":"15xue28","bone":"15xue14"},{"name":"15xue8","bone":"15xue6"},{"name":"15xue9","bone":"15xue7"},{"name":"15xue10","bone":"15xue8"},{"name":"15xue11","bone":"15xue9"},{"name":"15xue12","bone":"15xue10"},{"name":"15xue13","bone":"15xue11"},{"name":"15xue14","bone":"15xue12"},{"name":"15xue15","bone":"15xue13"},{"name":"15xue7","bone":"15xue5"},{"name":"15xue3","bone":"15xue30"},{"name":"15xue16","bone":"15xue31"},{"name":"15xue17","bone":"15xue32"},{"name":"15xue18","bone":"15xue33"},{"name":"15xue19","bone":"15xue34"},{"name":"15xue20","bone":"15xue35"},{"name":"15xue21","bone":"15xue36"},{"name":"15xue22","bone":"15xue37"},{"name":"15xue23","bone":"15xue38"},{"name":"15xue24","bone":"15xue39"},{"name":"15xue25","bone":"15xue40"},{"name":"15xue26","bone":"15xue41"},{"name":"15xue27","bone":"15xue42"},{"name":"15xue4","bone":"15xue60"},{"name":"15xue29","bone":"15xue61"},{"name":"15xue36","bone":"15xue68"},{"name":"15xue30","bone":"15xue62"},{"name":"15xue31","bone":"15xue63"},{"name":"15xue32","bone":"15xue64"},{"name":"15xue33","bone":"15xue65"},{"name":"15xue34","bone":"15xue66"},{"name":"15xue35","bone":"15xue67"}],"skins":[{"name":"default","attachments":{"15FX1":{"15FX1":{"width":13,"height":12}},"15FX2":{"15FX2":{"width":22,"height":15}},"15FX3":{"15FX1":{"width":13,"height":12}},"15FX4":{"15FX2":{"width":22,"height":15}},"15FX5":{"15FX1":{"width":13,"height":12}},"15xue1":{"15xue1":{"width":41,"height":45}},"15xue2":{"15xue1":{"width":41,"height":45}},"15xue3":{"15xue3":{"width":61,"height":56}},"15xue4":{"15xue4":{"width":50,"height":46}},"15xue5":{"15xue1":{"rotation":-3.91,"width":41,"height":45}},"15xue6":{"15xue1":{"rotation":23.66,"width":41,"height":45}},"15xue7":{"15xue1":{"rotation":23.66,"width":41,"height":45}},"15xue8":{"15xue1":{"rotation":23.66,"width":41,"height":45}},"15xue9":{"15xue1":{"rotation":23.66,"width":41,"height":45}},"15xue10":{"15xue1":{"rotation":23.66,"width":41,"height":45}},"15xue11":{"15xue1":{"rotation":23.66,"width":41,"height":45}},"15xue12":{"15xue1":{"rotation":23.66,"width":41,"height":45}},"15xue13":{"15xue1":{"rotation":23.66,"width":41,"height":45}},"15xue14":{"15xue1":{"rotation":23.66,"width":41,"height":45}},"15xue15":{"15xue1":{"rotation":23.66,"width":41,"height":45}},"15xue16":{"15xue3":{"width":61,"height":56}},"15xue17":{"15xue3":{"width":61,"height":56}},"15xue18":{"15xue3":{"width":61,"height":56}},"15xue19":{"15xue3":{"width":61,"height":56}},"15xue20":{"15xue3":{"width":61,"height":56}},"15xue21":{"15xue3":{"width":61,"height":56}},"15xue22":{"15xue3":{"width":61,"height":56}},"15xue23":{"15xue3":{"width":61,"height":56}},"15xue24":{"15xue3":{"width":61,"height":56}},"15xue25":{"15xue3":{"width":61,"height":56}},"15xue26":{"15xue3":{"width":61,"height":56}},"15xue27":{"15xue3":{"width":61,"height":56}},"15xue28":{"15xue1":{"rotation":23.66,"width":41,"height":45}},"15xue29":{"15xue4":{"width":50,"height":46}},"15xue30":{"15xue4":{"width":50,"height":46}},"15xue31":{"15xue4":{"width":50,"height":46}},"15xue32":{"15xue4":{"width":50,"height":46}},"15xue33":{"15xue4":{"width":50,"height":46}},"15xue34":{"15xue4":{"width":50,"height":46}},"15xue35":{"15xue4":{"width":50,"height":46}},"15xue36":{"15xue4":{"width":50,"height":46}}}}],"animations":{"blow1":{"slots":{"15FX1":{"attachment":[{"name":"15FX1"},{"time":0.4,"name":null}]},"15FX2":{"attachment":[{"name":"15FX2"},{"time":0.4667,"name":null}]},"15FX3":{"attachment":[{"name":"15FX1"},{"time":0.2333,"name":null}]},"15FX4":{"attachment":[{"name":"15FX2"},{"time":0.3333,"name":null}]},"15FX5":{"attachment":[{"name":"15FX1"},{"time":0.2,"name":null}]}},"bones":{"15FX1":{"rotate":[{},{"time":0.1333,"angle":-21.7},{"time":0.3667,"angle":-48.29}],"translate":[{"x":3.47,"y":16.06},{"time":0.1333,"x":10.63,"y":36.02},{"time":0.3667,"x":29.85,"y":12.04}]},"15FX5":{"translate":[{"x":3.65,"y":35.59},{"time":0.1667}]},"15FX3":{"rotate":[{},{"time":0.2,"angle":-65.22}],"translate":[{"x":-9.07,"y":53.89},{"time":0.2,"x":4.69,"y":24.28}]},"15FX2":{"rotate":[{"angle":20.22},{"time":0.1667,"angle":41.52},{"time":0.4333,"angle":118.3}],"translate":[{"x":-1.52,"y":26.26},{"time":0.1667,"x":-20.97,"y":45.71},{"time":0.4333,"x":-36.85,"y":12.36}],"scale":[{},{"time":0.1667,"x":1.016,"y":1.295},{"time":0.4333,"x":0.738,"y":0.738}]},"15FX4":{"rotate":[{"angle":-31.38},{"time":0.1333,"angle":-66.78},{"time":0.3,"angle":-122.94}],"translate":[{"x":14.1,"y":29.29},{"time":0.1333,"x":32.55,"y":37.76},{"time":0.3,"x":46.87,"y":8.25}]}}},"blow2":{"slots":{"15xue1":{"color":[{"time":0.3667,"color":"ffffffff"},{"time":0.5,"color":"ffffff00"}],"attachment":[{"name":"15xue1"}]},"15xue2":{"color":[{"time":0.3667,"color":"ffffffff"},{"time":0.5,"color":"ffffff00"}],"attachment":[{"name":"15xue1"}]},"15xue3":{"color":[{"time":0.3667,"color":"ffffffff"},{"time":0.5,"color":"ffffff00"}],"attachment":[{"name":"15xue3"}]},"15xue4":{"color":[{"time":0.3667,"color":"ffffffff"},{"time":0.5,"color":"ffffff00"}],"attachment":[{"name":"15xue4"}]},"15xue5":{"color":[{"time":0.3667,"color":"ffffffff"},{"time":0.5,"color":"ffffff00"}],"attachment":[{"name":"15xue1"}]},"15xue6":{"color":[{"time":0.3667,"color":"ffffffff"},{"time":0.5,"color":"ffffff00"}],"attachment":[{"name":"15xue1"}]},"15xue7":{"color":[{"time":0.3667,"color":"ffffffff"},{"time":0.5,"color":"ffffff00"}],"attachment":[{"name":"15xue1"}]},"15xue8":{"color":[{"time":0.3667,"color":"ffffffff"},{"time":0.5,"color":"ffffff00"}],"attachment":[{"name":"15xue1"}]},"15xue9":{"color":[{"time":0.3667,"color":"ffffffff"},{"time":0.5,"color":"ffffff00"}],"attachment":[{"name":"15xue1"}]},"15xue10":{"color":[{"time":0.3667,"color":"ffffffff"},{"time":0.5,"color":"ffffff00"}],"attachment":[{"name":"15xue1"}]},"15xue11":{"color":[{"time":0.3667,"color":"ffffffff"},{"time":0.5,"color":"ffffff00"}],"attachment":[{"name":"15xue1"}]},"15xue12":{"color":[{"time":0.3667,"color":"ffffffff"},{"time":0.5,"color":"ffffff00"}],"attachment":[{"name":"15xue1"}]},"15xue13":{"color":[{"time":0.3667,"color":"ffffffff"},{"time":0.5,"color":"ffffff00"}],"attachment":[{"name":"15xue1"}]},"15xue14":{"color":[{"time":0.3667,"color":"ffffffff"},{"time":0.5,"color":"ffffff00"}],"attachment":[{"name":"15xue1"}]},"15xue15":{"color":[{"time":0.3667,"color":"ffffffff"},{"time":0.5,"color":"ffffff00"}],"attachment":[{"name":"15xue1"}]},"15xue16":{"color":[{"time":0.3667,"color":"ffffffff"},{"time":0.5,"color":"ffffff00"}],"attachment":[{"name":"15xue3"}]},"15xue17":{"color":[{"time":0.3667,"color":"ffffffff"},{"time":0.5,"color":"ffffff00"}],"attachment":[{"name":"15xue3"}]},"15xue18":{"color":[{"time":0.3667,"color":"ffffffff"},{"time":0.5,"color":"ffffff00"}],"attachment":[{"name":"15xue3"}]},"15xue19":{"color":[{"time":0.3667,"color":"ffffffff"},{"time":0.5,"color":"ffffff00"}],"attachment":[{"name":"15xue3"}]},"15xue20":{"color":[{"time":0.3667,"color":"ffffffff"},{"time":0.5,"color":"ffffff00"}],"attachment":[{"name":"15xue3"}]},"15xue21":{"color":[{"time":0.3667,"color":"ffffffff"},{"time":0.5,"color":"ffffff00"}],"attachment":[{"name":"15xue3"}]},"15xue22":{"color":[{"time":0.3667,"color":"ffffffff"},{"time":0.5,"color":"ffffff00"}],"attachment":[{"name":"15xue3"}]},"15xue23":{"color":[{"time":0.3667,"color":"ffffffff"},{"time":0.5,"color":"ffffff00"}],"attachment":[{"name":"15xue3"}]},"15xue24":{"color":[{"time":0.3667,"color":"ffffffff"},{"time":0.5,"color":"ffffff00"}],"attachment":[{"name":"15xue3"}]},"15xue25":{"color":[{"time":0.3667,"color":"ffffffff"},{"time":0.5,"color":"ffffff00"}],"attachment":[{"name":"15xue3"}]},"15xue26":{"color":[{"time":0.3667,"color":"ffffffff"},{"time":0.5,"color":"ffffff00"}],"attachment":[{"name":"15xue3"}]},"15xue27":{"color":[{"time":0.3667,"color":"ffffffff"},{"time":0.5,"color":"ffffff00"}],"attachment":[{"name":"15xue3"}]},"15xue28":{"color":[{"time":0.3667,"color":"ffffffff"},{"time":0.5,"color":"ffffff00"}],"attachment":[{"name":"15xue1"}]},"15xue29":{"color":[{"time":0.3667,"color":"ffffffff"},{"time":0.5,"color":"ffffff00"}],"attachment":[{"name":"15xue4"}]},"15xue30":{"color":[{"time":0.3667,"color":"ffffffff"},{"time":0.5,"color":"ffffff00"}],"attachment":[{"name":"15xue4"}]},"15xue31":{"color":[{"time":0.3667,"color":"ffffffff"},{"time":0.5,"color":"ffffff00"}],"attachment":[{"name":"15xue4"}]},"15xue32":{"color":[{"time":0.3667,"color":"ffffffff"},{"time":0.5,"color":"ffffff00"}],"attachment":[{"name":"15xue4"}]},"15xue33":{"color":[{"time":0.3667,"color":"ffffffff"},{"time":0.5,"color":"ffffff00"}],"attachment":[{"name":"15xue4"}]},"15xue34":{"color":[{"time":0.3667,"color":"ffffffff"},{"time":0.5,"color":"ffffff00"}],"attachment":[{"name":"15xue4"}]},"15xue35":{"color":[{"time":0.3667,"color":"ffffffff"},{"time":0.5,"color":"ffffff00"}],"attachment":[{"name":"15xue4"}]},"15xue36":{"color":[{"time":0.3667,"color":"ffffffff"},{"time":0.5,"color":"ffffff00"}],"attachment":[{"name":"15xue4"}]}},"bones":{"15xue1":{"rotate":[{"angle":78.38},{"time":0.4667}],"translate":[{"x":-50.67,"y":-110.85},{"time":0.4667}],"scale":[{"x":0.523,"y":0.523},{"time":0.0667}]},"15xue2":{"rotate":[{"angle":74.01},{"time":0.4667}],"translate":[{"x":-131.67,"y":-87.96},{"time":0.4667}],"scale":[{"x":0.523,"y":0.523},{"time":0.0667}]},"15xue3":{"rotate":[{"angle":47.14},{"time":0.4667}],"translate":[{"x":-7.11,"y":64.03},{"time":0.4667}],"scale":[{"x":0.523,"y":0.523},{"time":0.0667}]},"15xue4":{"rotate":[{"angle":-89.03},{"time":0.4667}],"translate":[{"x":16.09,"y":78.97},{"time":0.4667}],"scale":[{"x":0.523,"y":0.523},{"time":0.0667}]},"15xue14":{"rotate":[{"angle":74.29},{"time":0.4667}],"translate":[{"x":-34.68,"y":61.3},{"time":0.4667}],"scale":[{"x":0.523,"y":0.523},{"time":0.0667}]},"15xue6":{"rotate":[{"angle":-165.15},{"time":0.4667}],"translate":[{"x":61.6,"y":17.6},{"time":0.4667}],"scale":[{"x":0.523,"y":0.523},{"time":0.0667}]},"15xue7":{"rotate":[{"angle":-126.01},{"time":0.4667}],"translate":[{"x":92.89,"y":21.82},{"time":0.4667}],"scale":[{"x":0.523,"y":0.523},{"time":0.0667}]},"15xue8":{"rotate":[{"angle":-138.63},{"time":0.4667}],"translate":[{"x":55.8,"y":28.53},{"time":0.4667}],"scale":[{"x":0.523,"y":0.523},{"time":0.0667}]},"15xue9":{"rotate":[{"angle":-60.92},{"time":0.4667}],"translate":[{"x":77.63,"y":-54.48},{"time":0.4667}],"scale":[{"x":0.523,"y":0.523},{"time":0.0667}]},"15xue10":{"rotate":[{"angle":-77.5},{"time":0.4667}],"translate":[{"x":37.33,"y":-22.77},{"time":0.4667}],"scale":[{"x":0.523,"y":0.523},{"time":0.0667}]},"15xue11":{"rotate":[{"angle":-55.74},{"time":0.4667}],"translate":[{"x":24.73,"y":-79.73},{"time":0.4667}],"scale":[{"x":0.523,"y":0.523},{"time":0.0667}]},"15xue12":{"rotate":[{"angle":-55.32},{"time":0.4667}],"translate":[{"x":20.56,"y":-50.93},{"time":0.4667}],"scale":[{"x":0.523,"y":0.523},{"time":0.0667}]},"15xue13":{"rotate":[{"angle":-72.78},{"time":0.4667}],"translate":[{"x":45.21,"y":-70.03},{"time":0.4667}],"scale":[{"x":0.523,"y":0.523},{"time":0.0667}]},"15xue5":{"rotate":[{"angle":-74.21},{"time":0.4667}],"translate":[{"x":45.32,"y":59.33},{"time":0.4667}],"scale":[{"x":0.523,"y":0.523},{"time":0.0667}]},"15xue30":{"rotate":[{"angle":-68.57},{"time":0.4667}],"translate":[{"x":56.43,"y":-112.52},{"time":0.4667}],"scale":[{"x":0.523,"y":0.523},{"time":0.0667}]},"15xue31":{"rotate":[{"angle":-135.75},{"time":0.4667}],"translate":[{"x":62.77,"y":-97.65},{"time":0.4667}],"scale":[{"x":0.523,"y":0.523},{"time":0.0667}]},"15xue32":{"rotate":[{"angle":-82.2},{"time":0.4667}],"translate":[{"x":19.96,"y":-83.05},{"time":0.4667}],"scale":[{"x":0.523,"y":0.523},{"time":0.0667}]},"15xue33":{"rotate":[{"angle":73.34},{"time":0.4667}],"translate":[{"x":-16.23,"y":-77.19},{"time":0.4667}],"scale":[{"x":0.523,"y":0.523},{"time":0.0667}]},"15xue34":{"rotate":[{"angle":90.22},{"time":0.4667}],"translate":[{"x":-22.53,"y":-56.77},{"time":0.4667}],"scale":[{"x":0.523,"y":0.523},{"time":0.0667}]},"15xue35":{"rotate":[{"angle":81.99},{"time":0.4667}],"translate":[{"x":-43.64,"y":-16.44},{"time":0.4667}],"scale":[{"x":0.523,"y":0.523},{"time":0.0667}]},"15xue36":{"rotate":[{"angle":79.03},{"time":0.4667}],"translate":[{"x":-37.78,"y":-31.68},{"time":0.4667}],"scale":[{"x":0.523,"y":0.523},{"time":0.0667}]},"15xue37":{"rotate":[{"angle":69.2},{"time":0.4667}],"translate":[{"x":-81.21,"y":41.42},{"time":0.4667}],"scale":[{"x":0.523,"y":0.523},{"time":0.0667}]},"15xue38":{"rotate":[{"angle":39.19},{"time":0.4667}],"translate":[{"x":-100.1,"y":28.12},{"time":0.4667}],"scale":[{"x":0.523,"y":0.523},{"time":0.0667}]},"15xue39":{"rotate":[{"angle":-152.58},{"time":0.4667}],"translate":[{"x":78.11,"y":28.68},{"time":0.4667}],"scale":[{"x":0.523,"y":0.523},{"time":0.0667}]},"15xue40":{"rotate":[{"angle":-72.58},{"time":0.4667,"angle":55.73}],"translate":[{"x":54.21,"y":-23.94},{"time":0.4667}],"scale":[{"x":0.523,"y":0.523},{"time":0.0667}]},"15xue41":{"rotate":[{"angle":128.61},{"time":0.4667}],"translate":[{"x":-37.97,"y":82.04},{"time":0.4667}],"scale":[{"x":0.523,"y":0.523},{"time":0.0667}]},"15xue42":{"rotate":[{"angle":114.49},{"time":0.4667}],"translate":[{"x":-39.63,"y":78.54},{"time":0.4667}],"scale":[{"x":0.523,"y":0.523},{"time":0.0667}]},"15xue60":{"rotate":[{"angle":-42.03},{"time":0.4667}],"translate":[{"x":13.09,"y":60.16},{"time":0.4667,"x":-61.42,"y":-20.47}],"scale":[{"x":0.523,"y":0.523},{"time":0.0667}]},"15xue61":{"rotate":[{"angle":122.77},{"time":0.4667}],"translate":[{"x":13.54,"y":51.12},{"time":0.4667}],"scale":[{"x":0.523,"y":0.523},{"time":0.0667}]},"15xue68":{"rotate":[{"angle":48.13},{"time":0.4667}],"translate":[{"x":14.21,"y":80.03},{"time":0.4667}],"scale":[{"x":0.523,"y":0.523},{"time":0.0667}]},"15xue62":{"rotate":[{"angle":78.11},{"time":0.4667}],"translate":[{"x":-38.52,"y":41.96},{"time":0.4667}],"scale":[{"x":0.523,"y":0.523},{"time":0.0667}]},"15xue63":{"rotate":[{"angle":74.43},{"time":0.4667}],"translate":[{"x":-57.26,"y":37.55},{"time":0.4667}],"scale":[{"x":0.523,"y":0.523},{"time":0.0667}]},"15xue64":{"rotate":[{"angle":137.79},{"time":0.4667}],"translate":[{"x":-60.54,"y":19.01},{"time":0.4667}],"scale":[{"x":0.523,"y":0.523},{"time":0.0667}]},"15xue65":{"rotate":[{"angle":83.46},{"time":0.4667}],"translate":[{"x":-76.87,"y":5.76},{"time":0.4667}],"scale":[{"x":0.523,"y":0.523},{"time":0.0667}]},"15xue66":{"rotate":[{"angle":-143.73},{"time":0.4667}],"translate":[{"x":60.93,"y":49.41},{"time":0.4667}],"scale":[{"x":0.523,"y":0.523},{"time":0.0667}]},"15xue67":{"rotate":[{"angle":-109.38},{"time":0.4667}],"translate":[{"x":27.62,"y":-65.77},{"time":0.4667}],"scale":[{"x":0.523,"y":0.523},{"time":0.0667}]}}}}},[0]]],0,0,[0],[-1],[0]]