[1,["ecpdLyjvZBwrvm+cedCcQy","1bd918c32","caohSHbS5GEIzmwCrnMGn5","0bIppsCbZAwJS+ELvOGSmD","dfMmHFPAFNmZDOgSb9HCJW","cbC0p6bqRKaJHjyTGPnqE6","5bheaowv9Nv4sUQJHivr8k","adA+FXCkFBXrRNKyNxMdL+","f2XvZH93FKv7taXROFI7e8","3fa1/fw9FPHZmcNBCajxTi","5dvkMBgihETqWWN1R4C2lE","f2hvBIUDtN36519KJd+0MI","a2MjXRFdtLlYQ5ouAFv/+R","2dpCw2mG5G1Y6jj2fagc0k","faUENlvPJJD4WyZq7maajf","7a/QZLET9IDreTiBfRn2PD","35Ou37lD1P0IV0qNKU+AdM","3a82Lt3K5H16XD+rCBKRab","3fYGaidm5HvpYpAeycWdsp","1aoDS53YdDMrWjn4R7FyzT","34ECLuyFZGbJO0VoKj5Ogj","1aPphroLlGh6N5oqybiDqA","c7EOtFnplD4q/bPx99wvXT","a3sujpFYpKjKrD9YRTbhP3","f0enFH5oRIHaJNlrQsZN5S","2feRlJ3QNFh5DUZG3E5FSJ","79g74LS1BJaLT68/a4HiaZ","cbrXaMihRNg5wv3EMgyemO","ed985iGVRPnYGpWMu0k1aB","0fX6YXVxxJj46Pt0ptmH0A","b5FYl8uU5M16jB/22Q61EM","f9DwF10M5NGLF1TrMa6Wbo"],["node","_spriteFrame","_textureSetter","_N$file","root","critAddValue","critAddLevel","sunReduceValue","sunReduceLevel","cdReduceValue","cdReduceLevel","recAllBtn","data","_N$skeletonData"],["cc.SpriteFrame",["cc.Node",["_name","_opacity","_prefab","_components","_contentSize","_parent","_trs","_children","_color"],1,4,9,5,1,7,2,5],["cc.Sprite",["_sizeMode","_type","_isTrimmedMode","node","_materials","_spriteFrame"],0,1,3,6],["cc.Label",["_string","_isSystemFontUsed","_N$horizontalAlign","_N$verticalAlign","_fontSize","_lineHeight","node","_materials","_N$file"],-3,1,3,6],["cc.Node",["_name","_parent","_components","_prefab","_contentSize","_trs","_children"],2,1,2,4,5,7,2],["cc.Widget",["_alignFlags","_originalWidth","_originalHeight","node"],0,1],["cc.PrefabInfo",["fileId","root","asset"],2,1,1],["cc.Prefab",["_name"],2],["cc.BlockInputEvents",["node"],3,1],["52932bAw+lI3Z1YxI198yHJ",["node","recAllBtn","recBtn","cdReduceLevel","cdReduceLevelFrames","cdReduceValue","sunReduceLevel","sunReduceLevelFrames","sunReduceValue","critAddLevel","critAddLevelFrames","critAddValue","cardBoards","boradFrames","recNodes"],3,1,1,2,1,3,1,1,3,1,1,3,1,2,3,2],["cc.Button",["_N$transition","node","clickEvents"],2,1,9],["cc.ClickEvent",["_componentId","handler","target"],1,1],["cc.LabelOutline",["_width","node","_color"],2,1,5],["sp.Skeleton",["defaultSkin","defaultAnimation","_preCacheMode","_animationName","node","_materials","_N$skeletonData"],-1,1,3,6]],[[6,0,1,2,2],[2,3,4,5,1],[1,0,5,3,2,4,6,2],[1,0,5,3,2,8,4,6,2],[4,0,1,2,3,4,5,2],[2,3,4,1],[1,0,5,7,3,2,4,6,2],[2,1,0,2,3,4,5,4],[10,0,1,2,2],[11,0,1,2,3],[3,0,4,1,2,3,6,7,8,6],[1,0,1,5,3,2,8,4,3],[12,0,1,2,2],[1,0,5,7,2,2],[1,0,5,3,2,4,2],[4,0,1,6,2,3,4,5,2],[3,0,4,5,1,2,3,6,7,7],[3,0,5,1,2,3,6,7,8,6],[2,0,3,4,5,2],[3,0,4,5,1,2,3,6,7,8,7],[7,0,2],[1,0,7,3,2,4,6,2],[5,0,3,2],[5,0,1,2,3,4],[8,0,1],[9,0,1,2,3,4,5,6,7,8,9,10,11,12,13,14,1],[6,1,2,1],[13,0,1,2,3,4,5,6,5]],[[[{"name":"treasure_bg1","rect":[3,549,205,260],"offset":[0,0],"originalSize":[205,260],"capInsets":[0,0,0,0]}],[0],0,[0],[2],[1]],[[{"name":"sun_reduce3","rect":[232,422,41,29],"offset":[0,0],"originalSize":[41,29],"capInsets":[0,0,0,0]}],[0],0,[0],[2],[1]],[[{"name":"sun_reduce_tag","rect":[111,392,92,115],"offset":[0,0],"originalSize":[92,115],"rotated":1,"capInsets":[0,0,0,0]}],[0],0,[0],[2],[1]],[[{"name":"cd_reduce_tag","rect":[111,269,117,111],"offset":[0,0],"originalSize":[117,111],"rotated":1,"capInsets":[0,0,0,0]}],[0],0,[0],[2],[1]],[[{"name":"sun_reduce_tittle","rect":[111,490,124,29],"offset":[0,0],"originalSize":[124,29],"capInsets":[0,0,0,0]}],[0],0,[0],[2],[1]],[[{"name":"dave_treasure_tittle","rect":[3,3,540,102],"offset":[0,0],"originalSize":[540,102],"rotated":1,"capInsets":[0,0,0,0]}],[0],0,[0],[2],[1]],[[{"name":"cd_reduce_tittle","rect":[214,655,121,28],"offset":[0,0],"originalSize":[121,28],"rotated":1,"capInsets":[0,0,0,0]}],[0],0,[0],[2],[1]],[[{"name":"crit_add2","rect":[277,386,41,29],"offset":[0,0],"originalSize":[41,29],"capInsets":[0,0,0,0]}],[0],0,[0],[2],[1]],[[{"name":"treasure_bg2","rect":[3,815,205,260],"offset":[0,0],"originalSize":[205,260],"rotated":1,"capInsets":[0,0,0,0]}],[0],0,[0],[2],[1]],[[{"name":"cd_reduce1","rect":[232,386,39,30],"offset":[0,0],"originalSize":[39,30],"capInsets":[0,0,0,0]}],[0],0,[0],[2],[1]],[[[20,"DaveTreasureView"],[21,"DaveTreasureView",[-21,-22,-23,-24,-25,-26,-27,-28,-29],[[22,45,-2],[24,-3],[25,-20,-19,[-16,-17,-18],-15,[81,82,83],-14,-13,[84,85,86],-12,-11,[87,88,89],-10,[-7,-8,-9],[90,91,92],[-4,-5,-6]]],[26,-1,0],[5,1280,720],[640,360,0,0,0,0,1,1,1,1]],[15,"cd_reduce",1,[-31,-32,-33,-34,-35,-36],[-30],[0,"cb3aMYStJLqZ8fbaGOUihi",1,0],[5,205,260],[-121,-4,0,0,0,0,1,1,1,1]],[15,"sun_reduce",1,[-38,-39,-40,-41,-42,-43],[-37],[0,"a2MmKllllNUpb/C1jI8QDu",1,0],[5,205,260],[161,-4,0,0,0,0,1,1,1,1]],[15,"crit_add",1,[-45,-46,-47,-48,-49,-50],[-44],[0,"2d+QFsgS9PNpVXWchmPz6+",1,0],[5,205,260],[448,-4,0,0,0,0,1,1,1,1]],[6,"dialog_board_1",1,[-52,-53,-54,-55],[[7,1,0,false,-51,[10],11]],[0,"ac9cS5GttMz7OLdl6sspnG",1,0],[5,372,210],[-426,222,0,0,0,0,1,1,1,1]],[6,"btn_rec",2,[-58,-59],[[7,1,0,false,-56,[24],25],[8,3,-57,[[9,"52932bAw+lI3Z1YxI198yHJ","clickRecCdReduce",1]]]],[0,"452EwZ6YJNDrDjPG5ME9aQ",1,0],[5,185,54],[4,-181,0,0,0,0,1,1,1,0]],[6,"btn_rec",3,[-62,-63],[[7,1,0,false,-60,[43],44],[8,3,-61,[[9,"52932bAw+lI3Z1YxI198yHJ","clickRecSunReduce",1]]]],[0,"92EiUWb/tGvqxquzuZyYZ/",1,0],[5,185,54],[4,-181,0,0,0,0,1,1,1,0]],[6,"btn_rec",4,[-66,-67],[[7,1,0,false,-64,[62],63],[8,3,-65,[[9,"52932bAw+lI3Z1YxI198yHJ","clickCritAdd",1]]]],[0,"42fkZ4HuNCtqESU+dLKlKa",1,0],[5,185,54],[4,-181,0,0,0,0,1,1,1,0]],[6,"btn_rec_all",1,[-70,-71],[[7,1,0,false,-68,[77],78],[8,3,-69,[[9,"52932bAw+lI3Z1YxI198yHJ","clickRecAll",1]]]],[0,"2acZTDTi1F9rvWgQ+vAvYl",1,0],[5,294,90],[164,-230,0,0,0,0,1,1,1,0]],[13,"rec_node",2,[-72,-73,-74],[0,"f2PKMSIBBIooM17S2rZMw3",1,0]],[13,"rec_node",3,[-75,-76,-77],[0,"c0OB+FP4hEtZHtIxFEPooe",1,0]],[13,"rec_node",4,[-78,-79,-80],[0,"d6N3XhrY9NoZVjnMrSR5iV",1,0]],[11,"mask",177,1,[[18,0,-81,[0],1],[23,45,100,100,-82]],[0,"1bP986vNlGX6TVQVJSrFtC",1,0],[4,4278190080],[5,1280,720]],[2,"rec",10,[[10,"已领取",35,false,1,1,-83,[32],33],[12,2,-84,[4,4278190080]]],[0,"d6V2x4+Z1InrnFkCgs9LzJ",1,0],[5,109,54.4],[0,-150,0,0,0,0,1,1,1,1]],[2,"rec",11,[[10,"已领取",35,false,1,1,-85,[51],52],[12,2,-86,[4,4278190080]]],[0,"29vChhgApD95RqqjysvxpO",1,0],[5,109,54.4],[0,-150,0,0,0,0,1,1,1,1]],[2,"rec",12,[[10,"已领取",35,false,1,1,-87,[70],71],[12,2,-88,[4,4278190080]]],[0,"22aAcQ89xEfoWED7aeO0Uy",1,0],[5,109,54.4],[0,-150,0,0,0,0,1,1,1,1]],[3,"txt",9,[[10,"全部领取",36,false,1,1,-89,[73],74],[12,3,-90,[4,4278208621]]],[0,"95IVeFG2lPu5Vx3OHJ6KhC",1,0],[4,4284081919],[5,150,56.4],[20,0,0,0,0,0,1,1,1,1]],[2,"btn_close",1,[[18,2,-91,[79],80],[8,3,-92,[[9,"52932bAw+lI3Z1YxI198yHJ","clickClose",1]]]],[0,"6eb5GGaDlD+p9ySOtMCyK2",1,0],[5,88,82],[484,199,0,0,0,0,1,1,1,0]],[2,"dialog_board_2",5,[[1,-93,[2],3]],[0,"97y+SCSftEKKYrst5R+Ore",1,0],[5,60,41],[108,-122,0,0,0,0,1,1,1,1]],[3,"tip",5,[[10,"哇！哇！哇！\n",34,false,1,1,-94,[4],5]],[0,"64JO1Uo5BPKJdciCfTKGII",1,0],[4,4278190080],[5,204,90.4],[6,30,0,0,0,0,1,1,1,1]],[3,"tip_2",5,[[19,"我为你提供了……\n",30,35,false,1,1,-95,[6],7]],[0,"a9Q/CniuBE7KJKc7hkEV1K",1,0],[4,4278190080],[5,240,79.1],[-22,-22,0,0,0,0,1,1,1,1]],[3,"tip_3",5,[[19,"无敌的宝藏！",30,35,false,1,1,-96,[8],9]],[0,"f6lUH5QDlHl7BYS8tlpFTo",1,0],[4,4278190080],[5,180,44.1],[80,-41,0,0,0,0,1,1,1,1]],[2,"Dave",1,[[27,"default","1idle2",0,"1idle2",-97,[12],13]],[0,"55R+NTfHpKqLR9esa3+fQ9",1,0],[5,380.3302917480469,947.750244140625],[-453,-427,0,0,0,0,1,1.1,1.1,1.1]],[2,"dave_treasure_tittle",1,[[1,-98,[14],15]],[0,"e8rpCLwyFCU4K4QyWYtsG/",1,0],[5,540,102],[151,204,0,0,0,0,1,1,1,1]],[2,"cd_reduce_tittle",2,[[1,-99,[16],17]],[0,"bekKkkjitHnrjhwyXPsamE",1,0],[5,121,28],[-19,83,0,0,0,0,1,1,1,1]],[4,"cd_reduce3",2,[-100],[0,"93cMW8HShBJK7o6EGjinUB",1,0],[5,39,30],[60,82,0,0,0,0,1,1,1,1]],[5,26,[18]],[4,"value",2,[-101],[0,"c7AA/cxlpH5oBIrQ+Xif5i",1,0],[5,131.67,32.76],[0,-89,0,0,0,0,1,1,1,1]],[16,"冷却时间-15%",21,26,false,1,1,28,[19]],[2,"ad_icon",6,[[1,-102,[20],21]],[0,"dcywivxlhLbLIeRLxYg1w/",1,0],[5,35,26],[-49,0,0,0,0,0,1,1,1,1]],[3,"txt",6,[[17,"领取",44,false,1,1,-103,[22],23]],[0,"d2wVeqF6VOZI3YZXhDPdP7",1,0],[4,4285150504],[5,80,55.44],[20,1,0,0,0,0,1,1,1,1]],[2,"cd_reduce_tag",2,[[1,-104,[26],27]],[0,"e6iEkEzjhJA4Z+K79J9oSn",1,0],[5,117,111],[-4,-4,0,0,0,0,1,1,1,1]],[11,"treasure_bg2",155,10,[[1,-105,[28],29]],[0,"25Ik5BWzlF+Zud+HoyLAbe",1,0],[4,4278190080],[5,205,260]],[14,"select",10,[[1,-106,[30],31]],[0,"ebD/6FLRdMYpl/X0kFMio9",1,0],[5,85,72]],[5,2,[34]],[2,"sun_reduce_tittle",3,[[1,-107,[35],36]],[0,"5cbuJ0eqBDf4xUcFWIt8re",1,0],[5,124,29],[-18,81,0,0,0,0,1,1,1,1]],[4,"sun_reduce1",3,[-108],[0,"a1l0t6QM5CvbYQS5ReWbvd",1,0],[5,41,29],[63,82,0,0,0,0,1,1,1,1]],[5,37,[37]],[4,"value",3,[-109],[0,"22eIHFuThKnbaxNphkxokX",1,0],[5,131.67,32.76],[3,-89,0,0,0,0,1,1,1,1]],[16,"阳光消耗-15%",21,26,false,1,1,39,[38]],[2,"ad_icon",7,[[1,-110,[39],40]],[0,"3dng2zx8lHQK2o09rzEXc8",1,0],[5,35,26],[-49,0,0,0,0,0,1,1,1,1]],[3,"txt",7,[[17,"领取",44,false,1,1,-111,[41],42]],[0,"d3o0QsddRCxbOsMLyhGdcd",1,0],[4,4285150504],[5,80,55.44],[20,1,0,0,0,0,1,1,1,1]],[2,"sun_reduce_tag",3,[[1,-112,[45],46]],[0,"13V6ztAfJLpLMt5e/E56Lu",1,0],[5,92,115],[1,-1,0,0,0,0,1,1,1,1]],[11,"treasure_bg2",155,11,[[1,-113,[47],48]],[0,"d5ibjdW6NMRZEjSj2J50mD",1,0],[4,4278190080],[5,205,260]],[14,"select",11,[[1,-114,[49],50]],[0,"a0pof8y0ZPrIjrUPPxW9h2",1,0],[5,85,72]],[5,3,[53]],[2,"crit_add_tittle",4,[[1,-115,[54],55]],[0,"0as5XRoHNFjZXnfaMDZPan",1,0],[5,124,29],[-20,82,0,0,0,0,1,1,1,1]],[4,"crit_add2",4,[-116],[0,"d0ELLzLfxHq59ORmabe+C0",1,0],[5,41,29],[60,82,0,0,0,0,1,1,1,1]],[5,48,[56]],[4,"value",4,[-117],[0,"3c9rhYiB9HUY+VqFf9NSzo",1,0],[5,131.71,32.76],[0,-89,0,0,0,0,1,1,1,1]],[16,"植物暴击+15%",21,26,false,1,1,50,[57]],[2,"ad_icon",8,[[1,-118,[58],59]],[0,"admghSE1lLdLhCCZszcYrA",1,0],[5,35,26],[-49,0,0,0,0,0,1,1,1,1]],[3,"txt",8,[[17,"领取",44,false,1,1,-119,[60],61]],[0,"c4I8TBcE1CsYIkoIAY5l9s",1,0],[4,4285150504],[5,80,55.44],[20,1,0,0,0,0,1,1,1,1]],[2,"crit_add_tag",4,[[1,-120,[64],65]],[0,"a4sSyZl/RNn7xULnYR7QTv",1,0],[5,111,106],[3,-7,0,0,0,0,1,1,1,1]],[11,"treasure_bg2",155,12,[[1,-121,[66],67]],[0,"c8RzmZtoZK1YUXmbF/8/Si",1,0],[4,4278190080],[5,205,260]],[14,"select",12,[[1,-122,[68],69]],[0,"47zHftS3ZPSopVxC/65tV0",1,0],[5,85,72]],[5,4,[72]],[2,"ad_icon",9,[[1,-123,[75],76]],[0,"0abu3VAwBMNojeBLiFxon+",1,0],[5,35,26],[-79,-1,0,0,0,0,1,1,1,1]]],0,[0,4,1,0,0,1,0,0,1,0,-1,10,0,-2,11,0,-3,12,0,-1,35,0,-2,46,0,-3,57,0,5,51,0,6,49,0,7,40,0,8,38,0,9,29,0,10,27,0,-1,6,0,-2,7,0,-3,8,0,11,9,0,0,1,0,-1,13,0,-2,5,0,-3,23,0,-4,24,0,-5,2,0,-6,3,0,-7,4,0,-8,9,0,-9,18,0,-1,35,0,-1,25,0,-2,26,0,-3,28,0,-4,6,0,-5,32,0,-6,10,0,-1,46,0,-1,36,0,-2,37,0,-3,39,0,-4,7,0,-5,43,0,-6,11,0,-1,57,0,-1,47,0,-2,48,0,-3,50,0,-4,8,0,-5,54,0,-6,12,0,0,5,0,-1,19,0,-2,20,0,-3,21,0,-4,22,0,0,6,0,0,6,0,-1,30,0,-2,31,0,0,7,0,0,7,0,-1,41,0,-2,42,0,0,8,0,0,8,0,-1,52,0,-2,53,0,0,9,0,0,9,0,-1,17,0,-2,58,0,-1,33,0,-2,34,0,-3,14,0,-1,44,0,-2,45,0,-3,15,0,-1,55,0,-2,56,0,-3,16,0,0,13,0,0,13,0,0,14,0,0,14,0,0,15,0,0,15,0,0,16,0,0,16,0,0,17,0,0,17,0,0,18,0,0,18,0,0,19,0,0,20,0,0,21,0,0,22,0,0,23,0,0,24,0,0,25,0,-1,27,0,-1,29,0,0,30,0,0,31,0,0,32,0,0,33,0,0,34,0,0,36,0,-1,38,0,-1,40,0,0,41,0,0,42,0,0,43,0,0,44,0,0,45,0,0,47,0,-1,49,0,-1,51,0,0,52,0,0,53,0,0,54,0,0,55,0,0,56,0,0,58,0,12,1,123],[0,0,0,0,0,0,0,0,0,0,0,0,0,0,0,0,0,0,0,0,0,0,0,0,0,0,0,0,0,0,0,0,0,0,0,0,0,0,0,0,0,0,0,0,0,0,0,0,0,0,0,0,0,0,0,0,0,0,0,0,0,0,0,0,0,0,0,0,0,0,0,0,0,0,0,0,0,0,0,0,0,0,0,0,0,0,0,0,0,0,0,0,0,27,29,35,38,40,46,49,51,57],[-1,1,-1,1,-1,3,-1,3,-1,3,-1,1,-1,13,-1,1,-1,1,-1,-1,-1,1,-1,3,-1,1,-1,1,-1,1,-1,1,-1,3,-1,-1,1,-1,-1,-1,1,-1,3,-1,1,-1,1,-1,1,-1,1,-1,3,-1,-1,1,-1,-1,-1,1,-1,3,-1,1,-1,1,-1,1,-1,1,-1,3,-1,-1,3,-1,1,-1,1,-1,1,-1,-2,-3,-1,-2,-3,-1,-2,-3,-1,-2,-3,1,3,1,1,3,1,1,3,1],[0,12,0,13,0,2,0,2,0,2,0,14,15,16,0,17,0,18,0,0,0,4,0,2,0,5,0,19,0,3,0,6,0,2,0,0,20,0,0,0,4,0,2,0,5,0,21,0,3,0,6,0,2,0,0,22,0,0,0,4,0,2,0,5,0,23,0,3,0,6,0,2,0,0,2,0,4,0,24,0,25,26,27,7,8,28,29,30,9,31,3,10,11,7,2,10,8,2,11,9,2,3]],[[{"name":"crit_add_tag","rect":[228,269,111,106],"offset":[0,0],"originalSize":[111,106],"rotated":1,"capInsets":[0,0,0,0]}],[0],0,[0],[2],[1]],[[{"name":"cd_reduce3","rect":[248,749,39,30],"offset":[0,0],"originalSize":[39,30],"capInsets":[0,0,0,0]}],[0],0,[0],[2],[1]],[[{"name":"crit_add1","rect":[241,457,41,29],"offset":[0,0],"originalSize":[41,29],"capInsets":[0,0,0,0]}],[0],0,[0],[2],[1]],[[{"name":"crit_add_tittle","rect":[214,525,124,29],"offset":[0,0],"originalSize":[124,29],"rotated":1,"capInsets":[0,0,0,0]}],[0],0,[0],[2],[1]],[[{"name":"cd_reduce2","rect":[249,492,39,30],"offset":[0,0],"originalSize":[39,30],"rotated":1,"capInsets":[0,0,0,0]}],[0],0,[0],[2],[1]],[[{"name":"sun_reduce2","rect":[279,421,41,29],"offset":[0,0],"originalSize":[41,29],"capInsets":[0,0,0,0]}],[0],0,[0],[2],[1]],[[{"name":"sun_reduce1","rect":[248,655,41,29],"offset":[0,0],"originalSize":[41,29],"rotated":1,"capInsets":[0,0,0,0]}],[0],0,[0],[2],[1]],[[{"name":"treasure_bg3","rect":[111,3,205,260],"offset":[0,0],"originalSize":[205,260],"capInsets":[0,0,0,0]}],[0],0,[0],[2],[1]],[[{"name":"crit_add3","rect":[248,702,41,29],"offset":[0,0],"originalSize":[41,29],"rotated":1,"capInsets":[0,0,0,0]}],[0],0,[0],[2],[1]]]]