[1,["ecpdLyjvZBwrvm+cedCcQy","caohSHbS5GEIzmwCrnMGn5","b4skZ29iFH5aXq2feU6ao/","63Xhl1adlILooHaFKpcTGA","7a/QZLET9IDreTiBfRn2PD","63QRRy73ZLV67IpivIcb3s","4cZnglw9dHE5LfPSXQG3iS","c9h7pZwK5K9oS3BmaQ4K1/","a2MjXRFdtLlYQ5ouAFv/+R","15/YKB1bZML7npb31dZP8p","0eTMtHVPxAN7MDG9Tfj3EY","c1YDdWVANKrKUseu/BJmfj","7aKVSYjxdIO5IIx2FT60fw","8d1LpMoTRI35Xs3A5O9i84","5acunu8n5Gm671xvBW1GVl","5bheaowv9Nv4sUQJHivr8k","f0enFH5oRIHaJNlrQsZN5S","90jPED1NlLS4Zr0WRFCUwm","abeY2U37dKX7JSQmiFdYY5","978rGgT1hL5InfrGG55Q7N","88R4HpP6NO/JYf8ywoKXLO","b4jMzNlepK4YAW1zfUAkiZ","b9Q9Xb/LlNtqCzM8O7oioW","b7SHwm1NRPBospADJh3DM+","3bueHrB+RCC4EewjpCfkmA","73oHgM+RFMgJ6A2/OUgZ5T","d74Csmp5lMiasoSRYAGqgJ","30qJ9HWDpHja9JFS3YE/D6","b4NyK4BnlJ9rxk6ps4cBiS","1a1OV6Ex9K3bwsux0oIOqM","f8rF+5RY1IBJ1XHbHwxY9G","37q9ssi/pPraicXQhdEjQC","a7WcqhNdtLA4x6AYZIJzLO","cfTPuSyiJJk5B4HQZYUrb1"],["node","_spriteFrame","_N$file","_parent","_N$skeletonData","_textureSetter","root","videoSF","shareSF","videoBG","shareBG","videoBtn","shareBtn","rightArrow","leftArrow","hammerTip","hammer","hammerShowNode","shareTxt","hammerTag","shareTag","finalRewardRec","finalRewardNoRec","proBar","data"],[["cc.Node",["_name","_active","_opacity","_prefab","_parent","_contentSize","_components","_trs","_children","_color","_anchorPoint"],0,4,1,5,9,7,2,5,5],["cc.Sprite",["_sizeMode","_isTrimmedMode","_type","_fillStart","_fillRange","node","_materials","_spriteFrame"],-2,1,3,6],["cc.Node",["_name","_active","_components","_prefab","_trs","_parent","_contentSize","_children","_anchorPoint"],1,2,4,7,1,5,2,5],["cc.Label",["_string","_fontSize","_N$horizontalAlign","_N$verticalAlign","_isSystemFontUsed","_lineHeight","_N$overflow","node","_materials","_N$file"],-4,1,3,6],"cc.SpriteFrame",["cc.Node",["_name","_parent","_components","_prefab","_contentSize","_trs","_color"],2,1,12,4,5,7,5],["cc.Widget",["_alignFlags","_top","_bottom","_left","node"],-1,1],["cc.PrefabInfo",["fileId","root","asset"],2,1,1],["sp.Skeleton",["defaultSkin","defaultAnimation","_preCacheMode","_animationName","node","_materials","_N$skeletonData"],-1,1,3,6],["cc.Prefab",["_name"],2],["cc.BlockInputEvents",["node"],3,1],["63728q69AlKXoxl35G3xnhW",["node","rewardItems","jars","proBar","finalRewardNoRec","finalRewardRec","shareTag","hammerTag","shareTxt","hammerShowNode","hammer","hammerTip","leftArrow","rightArrow","shareBtn","videoBtn","shareBG","videoBG","shareSF","videoSF"],3,1,2,2,1,1,1,1,1,1,1,1,1,1,1,1,1,1,1,1,1],["cc.Button",["_N$transition","node","clickEvents"],2,1,9],["cc.ClickEvent",["_componentId","handler","target"],1,1],["cc.Mask",["node","_materials"],3,1,3],["cc.LabelOutline",["_width","node","_color"],2,1,5],["6ad9fmS+35NobPzmEvJo8an",["node","jar","jarFrames","headIcon"],3,1,1,3,1],["261d4+Q1HdGA5w3tjdBw83c",["node","spineAnimation"],3,1,1],["eb89604ollH6a3w00CzIq9A",["node","recedNode","coinIcon","coinFrames","propAni","propName","propCount"],3,1,1,1,3,1,1,1]],[[7,0,1,2,2],[1,5,6,7,1],[0,0,4,6,3,5,7,2],[15,0,1,2,2],[0,0,4,6,3,5,2],[1,0,5,6,7,2],[1,5,6,1],[0,0,1,4,8,3,3],[0,0,4,8,6,3,5,2],[2,0,5,2,3,6,8,4,2],[5,0,1,2,3,6,4,5,2],[0,0,4,8,6,3,5,7,2],[0,0,2,4,6,3,9,5,7,3],[2,0,7,2,3,4,2],[2,0,5,7,2,3,4,2],[2,0,5,2,3,4,2],[2,0,5,2,3,6,2],[2,0,1,5,2,3,6,8,4,3],[5,0,1,2,3,4,5,2],[1,0,5,6,2],[14,0,1,1],[3,0,1,5,4,2,3,6,7,8,8],[3,0,1,5,2,3,7,8,6],[8,0,1,2,3,4,5,5],[16,0,1,2,3,1],[17,0,1,1],[18,0,1,2,3,4,5,6,1],[0,0,1,4,6,3,5,7,3],[3,0,1,5,4,2,3,7,8,9,7],[0,0,4,6,3,5,10,7,2],[1,2,0,1,5,6,7,4],[12,0,1,2,2],[13,0,1,2,3],[9,0,2],[0,0,8,6,3,5,7,2],[0,0,4,8,3,7,2],[0,0,4,8,3,2],[0,0,8,3,2],[0,0,4,8,3,5,7,2],[0,0,4,6,3,9,5,7,2],[6,0,1,2,4,4],[6,0,3,4,3],[10,0,1],[11,0,1,2,3,4,5,6,7,8,9,10,11,12,13,14,15,16,17,18,19,1],[7,1,2,1],[1,2,0,3,4,1,5,6,6],[1,0,1,5,6,3],[3,0,1,4,2,3,7,8,9,6],[3,0,1,4,2,3,7,8,6],[8,0,1,2,3,4,5,6,5]],[[[{"name":"share_gift_bg","rect":[0,0,1680,720],"offset":[0,0],"originalSize":[1680,720],"capInsets":[0,0,0,0]}],[4],0,[0],[5],[18]],[[[33,"ShareGiftView"],[34,"ShareGiftView",[-32,-33,-34,-35,-36,-37,-38,-39,-40,-41,-42,-43,-44,-45,-46,-47],[[40,45,1,-1,-2],[42,-3],[43,-31,[-26,-27,-28,-29,-30],[-21,-22,-23,-24,-25],-20,-19,-18,-17,-16,-15,-14,-13,-12,-11,-10,-9,-8,-7,-6,-5,-4]],[44,-1,0],[5,1280,720],[640,359,0,0,0,0,1,1,1,1]],[35,"final_reward_video",1,[-48,-49,-50,-51,-52,-53],[0,"1dUpxs+jdJ46V/0ipuBvDQ",1,0],[-496.256,-147.115,0,0,0,0,1,1,1,1]],[11,"share_btn",1,[-56,-57,-58],[[30,1,0,false,-54,[81],82],[31,3,-55,[[32,"63728q69AlKXoxl35G3xnhW","clcikShare",1]]]],[0,"6eyY41kydER5/M2ECHmdlq",1,0],[5,197,76],[506,-286,0,0,0,0,1,1,1,0]],[11,"video_btn",1,[-61,-62,-63],[[30,1,0,false,-59,[89],90],[31,3,-60,[[32,"63728q69AlKXoxl35G3xnhW","clickVideoBtn",1]]]],[0,"c5NatqvbZHqb21iJev+7SO",1,0],[5,197,76],[506,-286,0,0,0,0,1,1,1,0]],[13,"reward_1",[-65,-66,-67,-68,-69],[-64],[0,"ad9z5UfmlJWpK56bpoMZN4",1,0],[-208,165,0,0,0,0,1,1,1,1]],[13,"reward_2",[-71,-72,-73,-74,-75],[-70],[0,"11DvaeVKRAdpOP0wbO0Omi",1,0],[-98,86,0,0,0,0,1,1,1,1]],[13,"reward_3",[-77,-78,-79,-80,-81],[-76],[0,"38x8gEacFPhqFBm8FO+1yJ",1,0],[12,164,0,0,0,0,1,1,1,1]],[13,"reward_4",[-83,-84,-85,-86,-87],[-82],[0,"99oqVkhYhJ3pW8Z2xZ1Zhq",1,0],[122,87,0,0,0,0,1,1,1,1]],[13,"reward_5",[-89,-90,-91,-92,-93],[-88],[0,"05ePqUrHlEf4D0cBQ6++V/",1,0],[233,164,0,0,0,0,1,1,1,1]],[36,"reward",1,[5,6,7,8,9],[0,"e5omWiySdNLa6Vrjewvgwy",1,0]],[11,"final_reward_share",1,[-95,-96],[[1,-94,[15],16]],[0,"86ZaBuWMhJjL+1A3l5Wtrk",1,0],[5,249,399],[-498,-148,0,0,0,0,1,1,1,1]],[14,"share_pro_jar5",1,[-98,-99,-100],[-97],[0,"76f7nIKUZGwZEcQNnDmweS",1,0],[-308,-285,0,0,0,0,1,1,1,1]],[14,"share_pro_jar4",1,[-102,-103,-104],[-101],[0,"53rEfrMzxOm46rEg2cs1jO",1,0],[-144,-285,0,0,0,0,1,1,1,1]],[14,"share_pro_jar3",1,[-106,-107,-108],[-105],[0,"4cjGMpfyBPwqZqw33CyNHZ",1,0],[18,-285,0,0,0,0,1,1,1,1]],[14,"share_pro_jar2",1,[-110,-111,-112],[-109],[0,"8aDXEweLNOa5E5n7ODacN1",1,0],[175,-285,0,0,0,0,1,1,1,1]],[14,"share_pro_jar1",1,[-114,-115,-116],[-113],[0,"b5NFdO43JNoKM1Noes/y1A",1,0],[336,-285,0,0,0,0,1,1,1,1]],[37,"tip_node",[-117,-118,-119],[0,"85qEZ0UxtEu4TKRJhMxyz6",1,0]],[11,"btn_close",1,[-123],[[1,-120,[156],157],[41,8,40.5,-121],[31,3,-122,[[32,"63728q69AlKXoxl35G3xnhW","clickClose",1]]]],[0,"d56qwVqm9BKa7aRqbjnfoH",1,0],[5,101,98],[-549,298,0,0,0,0,1,1,1,0]],[8,"video_gift_bg",1,[-125],[[1,-124,[4],5]],[0,"04EtC80MROqrMYeAbaQ+5I",1,0],[5,1680,720]],[7,"rec_node",false,11,[-126,-127],[0,"f1zr9W9yhGHohOwqblWlhM",1,0]],[8,"head_mask",12,[-129,-130],[[20,-128,[35]]],[0,"27ExXU9g9ESrdNjc/fId3S",1,0],[5,73,73]],[8,"head_mask",13,[-132,-133],[[20,-131,[44]]],[0,"fa0WpTxtJOOqtvveeGCcR3",1,0],[5,73,73]],[8,"head_mask",14,[-135,-136],[[20,-134,[53]]],[0,"6cKqrwLABFdYawMpMxAbjj",1,0],[5,73,73]],[8,"head_mask",15,[-138,-139],[[20,-137,[62]]],[0,"d0Xohn8EZOkpVtuGXMt/9P",1,0],[5,73,73]],[8,"head_mask",16,[-141,-142],[[20,-140,[71]]],[0,"00l0uwd19NMa5ZB9dQyosO",1,0],[5,73,73]],[7,"rec_node",false,5,[-143,-144],[0,"e1iZ+i9uBDK5DAgUrKb1UU",1,0]],[7,"rec_node",false,6,[-145,-146],[0,"d3djMZzBFFibd0SSRibHrU",1,0]],[7,"rec_node",false,7,[-147,-148],[0,"5ac6zt9tZDUKLgiDWuyIld",1,0]],[7,"rec_node",false,8,[-149,-150],[0,"eeLWYS/MNLG6xpt3uBl9/p",1,0]],[7,"rec_node",false,9,[-151,-152],[0,"06CCJ8AERH361uPdwPJ4Lt",1,0]],[38,"hammer_node",1,[-153,17],[0,"23YyzSMdBFJYnAkwHWLra1",1,0],[5,790,200],[12,-158,0,0,0,0,1,1,1,1]],[4,"share_gift_bg",1,[[1,-154,[0],1]],[0,"76hj5XdS9JAoF5gadPF78J",1,0],[5,1680,720]],[11,"share_pro_bg",1,[-156],[[30,1,0,false,-155,[7],8]],[0,"c2SesNhthP+r2lG2kcApna",1,0],[5,860,47],[18,-285,0,0,0,0,1,1,1,1]],[27,"final_reward_txt",false,11,[[1,-157,[9],10]],[0,"f8jMMfen5DY4n6GSPmSuOx",1,0],[5,141,75],[0,-127,0,0,0,0,1,1,1,1]],[2,"txt",20,[[28,"已领取",30,35,false,1,1,-158,[13],14],[3,2,-159,[4,4278190080]]],[0,"59E7E/TIZLxKL5Mu3SxAyN",1,0],[5,94,48.1],[0,-153,0,0,0,0,1,1,1,1]],[7,"rec_node",false,2,[-160,-161],[0,"76q3cb+cZDN43botEes93z",1,0]],[2,"txt",36,[[28,"已领取",30,35,false,1,1,-162,[29],30],[3,2,-163,[4,4278190080]]],[0,"42YaSftrBLMrM3zscf3Irs",1,0],[5,94,48.1],[0,-153,0,0,0,0,1,1,1,1]],[27,"hammer_big",false,3,[[1,-164,[76],77]],[0,"32/3yAUFNParcOcl4eD4KL",1,0],[5,138,177],[-53,0,0,0,0,0,1,0.4,0.4,1]],[2,"share_tag",3,[[1,-165,[78],79]],[0,"39YXnRasVGd4AkWncAmJ3Q",1,0],[5,38,36],[-43,-1,0,0,0,0,1,1,1,1]],[10,"txt",3,[[-166,[3,2,-167,[4,4278208621]]],1,4],[0,"e7p74W9VhJcpXtOePTVS1H",1,0],[4,4284081919],[5,74,54.4],[21,0,0,0,0,0,1,1,1,1]],[39,"txt",4,[[47,"砸罐子",35,false,1,1,-168,[87],88],[3,2,-169,[4,4278208621]]],[0,"06jlKuzbdJWZ5/BSp8QxHb",1,0],[4,4284081919],[5,109,54.4],[21,0,0,0,0,0,1,1,1,1]],[18,"rewardname",5,[[-170,[3,2,-171,[4,4278190080]]],1,4],[0,"68ordEkIBL3qhcD+h29b+8",1,0],[5,90,46.84],[0,-54,0,0,0,0,1,1,1,1]],[15,"27FX_ui",5,[-172,-173],[0,"16ftIit4lIgbUijCpIApUt",1,0],[-2,-11,0,0,0,0,1,0.6,0.6,1]],[10,"rewardCount",5,[[-174,[3,2,-175,[4,4278208621]]],1,4],[0,"649TmMVNJLT5lD9cr7zLhY",1,0],[4,4284081919],[5,27.24,41.8],[31.336,-31.134,0,0,0,0,1,1,1,1]],[18,"rewardname",6,[[-176,[3,2,-177,[4,4278190080]]],1,4],[0,"79Vo90h3RGC6jXu7d0dWuc",1,0],[5,90,46.84],[0,-54,0,0,0,0,1,1,1,1]],[15,"27FX_ui",6,[-178,-179],[0,"b0i21MJy1M7I9o4nztecjs",1,0],[-2,-11,0,0,0,0,1,0.6,0.6,1]],[10,"rewardCount",6,[[-180,[3,2,-181,[4,4278208621]]],1,4],[0,"e40+91sUVA2KZV33P9id8R",1,0],[4,4284081919],[5,27.24,41.8],[31.336,-31.134,0,0,0,0,1,1,1,1]],[18,"rewardname",7,[[-182,[3,2,-183,[4,4278190080]]],1,4],[0,"09QuArlftFvYHA0mpnIl8y",1,0],[5,90,46.84],[0,-54,0,0,0,0,1,1,1,1]],[15,"27FX_ui",7,[-184,-185],[0,"09niXAEItFOasIQAo8rzvJ",1,0],[-2,-11,0,0,0,0,1,0.6,0.6,1]],[10,"rewardCount",7,[[-186,[3,2,-187,[4,4278208621]]],1,4],[0,"b678Bg0mZFyboYkWSy2fA2",1,0],[4,4284081919],[5,27.24,41.8],[31.336,-31.134,0,0,0,0,1,1,1,1]],[18,"rewardname",8,[[-188,[3,2,-189,[4,4278190080]]],1,4],[0,"c20HJuIvtP5r9C2FsolLID",1,0],[5,90,46.84],[0,-54,0,0,0,0,1,1,1,1]],[15,"27FX_ui",8,[-190,-191],[0,"23WIzqg4xEs7/2ttFAWaY9",1,0],[-2,-11,0,0,0,0,1,0.6,0.6,1]],[10,"rewardCount",8,[[-192,[3,2,-193,[4,4278208621]]],1,4],[0,"0boBCNJktDILlWFEm4WuNv",1,0],[4,4284081919],[5,27.24,41.8],[31.336,-31.134,0,0,0,0,1,1,1,1]],[18,"rewardname",9,[[-194,[3,2,-195,[4,4278190080]]],1,4],[0,"2dCwqVglFL46L6jmRLbWa9",1,0],[5,90,46.84],[0,-54,0,0,0,0,1,1,1,1]],[15,"27FX_ui",9,[-196,-197],[0,"e7UmEqbm5Em6KcSTiLev5w",1,0],[-2,-11,0,0,0,0,1,0.6,0.6,1]],[10,"rewardCount",9,[[-198,[3,2,-199,[4,4278208621]]],1,4],[0,"d9jkhD7TdAZKfyX/cJspnh",1,0],[4,4284081919],[5,27.24,41.8],[31.336,-31.134,0,0,0,0,1,1,1,1]],[29,"hammer_big",31,[[1,-200,[146],147]],[0,"756D6fRdJAkZp2+KrqHcrw",1,0],[5,138,177],[0,1,0],[480,-49,0,0,0,0,1,1,1,1]],[29,"jar_arrow_r",17,[[1,-201,[148],149]],[0,"aaCLIFu9JDpphCxwsq3FME",1,0],[5,225,68],[0,0,0],[19,4,0,0,0,0,1,1,1,1]],[29,"jar_arrow_l",17,[[1,-202,[150],151]],[0,"1e4arxd2xKQ7CqYG0w5qX4",1,0],[5,225,68],[0,0,0],[-81,4,0,0,0,0,1,-1,1,-1]],[2,"tip",17,[[28,"移动锤子至金罐，可砸开金罐",42,46,false,1,1,-203,[152],153],[3,2,-204,[4,4278190080]]],[0,"62eQI9rcVGq5GEXfZOWcGc",1,0],[5,550,61.96],[-32,-50,0,0,0,0,1,1,1,1]],[2,"tip",1,[[28,"所有奖励概率均为20%",25,25,false,1,1,-205,[158],159],[3,2,-206,[4,4278190080]]],[0,"1bvBmQT99JC6lB2zlEhl9v",1,0],[5,249.97,35.5],[18.204,-8.848,0,0,0,0,1,1,1,1]],[2,"title",19,[[1,-207,[2],3]],[0,"53fYLVnShPGIWw2c17arf6",1,0],[5,586,112],[0,281.556,0,0,0,0,1,1,1,1]],[9,"share_pro",33,[-208],[0,"caK/WbeQhE44SDNnZvQtkB",1,0],[5,850,29],[0,1,0.5],[422,0,0,0,0,0,1,1,1,1]],[45,3,0,1,-0.9,false,63,[6]],[2,"select",20,[[1,-209,[11],12]],[0,"ceAty2U11OiJw7UofNOfJe",1,0],[5,85,72],[0,-111,0,0,0,0,1,0.7,0.7,1]],[2,"frame",2,[[1,-210,[17],18]],[0,"35tYUAZJ5D5q/4Jc0iD8mI",1,0],[5,218,331],[0,-37.461,0,0,0,0,1,1,1,1]],[2,"title",2,[[1,-211,[19],20]],[0,"179tNFOC1Eo4wjMozYXfYh",1,0],[5,189,60],[0,177.423,0,0,0,0,1,1,1,1]],[2,"txt",2,[[1,-212,[21],22]],[0,"8dCFG09WFOtbXMiRLMHNCh",1,0],[5,203,59],[0,130.332,0,0,0,0,1,1,1,1]],[2,"42_plant",2,[[49,"default","idle",0,"idle",-213,[23],24]],[0,"d7tJaZccJEbIk+aPYqe0/q",1,0],[5,96.28713989257812,105.96234893798828],[0,-39.137,0,0,0,0,1,1.5,1.5,1]],[27,"final_reward_txt",false,2,[[1,-214,[25],26]],[0,"0a6/9cyvNCm5NSMOZ4RNxH",1,0],[5,141,75],[0,-127,0,0,0,0,1,1,1,1]],[2,"select",36,[[1,-215,[27],28]],[0,"8cHpfMBVdIsItOx5Cc9uvU",1,0],[5,85,72],[0,-111,0,0,0,0,1,0.7,0.7,1]],[9,"jar",12,[-216],[0,"faQNtGbHtEcpzhPZN9bm/5",1,0],[5,150,182],[0,0.5,0],[-2,38,0,0,0,0,1,1,1,1]],[6,72,[31]],[4,"head_bg",21,[[5,0,-217,[32],33]],[0,"58VWlJYwtLi7NMnO/12KK9",1,0],[5,73,73]],[16,"head_icon",21,[-218],[0,"edtK7RSiRPS4bH7pQ1GUx9",1,0],[5,73,73]],[19,0,75,[34]],[4,"share_head_board",12,[[1,-219,[36],37]],[0,"85tRPubKNMcJwxpCF3uONS",1,0],[5,92,92]],[24,12,73,[38,39],76],[9,"jar",13,[-220],[0,"1b3G6JU65CZbXUvx2ZO4eg",1,0],[5,150,182],[0,0.5,0],[-2,38,0,0,0,0,1,1,1,1]],[6,79,[40]],[4,"head_bg",22,[[5,0,-221,[41],42]],[0,"5aiJcRah9E9YIK9dudN8BF",1,0],[5,73,73]],[16,"head_icon",22,[-222],[0,"4cJa6/QyRM24oS1tqjBO13",1,0],[5,73,73]],[19,0,82,[43]],[4,"share_head_board",13,[[1,-223,[45],46]],[0,"5dGT5H6ZdCIaFNxklgXRX/",1,0],[5,92,92]],[24,13,80,[47,48],83],[9,"jar",14,[-224],[0,"19zCrq4FFOzIhHzCyMEOmE",1,0],[5,150,182],[0,0.5,0],[-2,38,0,0,0,0,1,1,1,1]],[6,86,[49]],[4,"head_bg",23,[[5,0,-225,[50],51]],[0,"besNNW+5JDDaheKHPDCKjg",1,0],[5,73,73]],[16,"head_icon",23,[-226],[0,"32yfi0cYJAOaZgkev5JRJk",1,0],[5,73,73]],[19,0,89,[52]],[4,"share_head_board",14,[[1,-227,[54],55]],[0,"59808no3NBD4fMDPWHOmhm",1,0],[5,92,92]],[24,14,87,[56,57],90],[9,"jar",15,[-228],[0,"68tNGaeSpJMZjpvuMMs7jT",1,0],[5,150,182],[0,0.5,0],[-2,38,0,0,0,0,1,1,1,1]],[6,93,[58]],[4,"head_bg",24,[[5,0,-229,[59],60]],[0,"46VoE0b1pDxayugyo3Hjn7",1,0],[5,73,73]],[16,"head_icon",24,[-230],[0,"f97SHJ/w9PXIkS6fd+irFJ",1,0],[5,73,73]],[19,0,96,[61]],[4,"share_head_board",15,[[1,-231,[63],64]],[0,"19GFW2pQtIga6tiqeYRWYd",1,0],[5,92,92]],[24,15,94,[65,66],97],[9,"jar",16,[-232],[0,"cb30OF5tVMEIs8/dkhdCfE",1,0],[5,150,182],[0,0.5,0],[-2,38,0,0,0,0,1,1,1,1]],[46,2,false,100,[67]],[4,"head_bg",25,[[5,0,-233,[68],69]],[0,"82RDtJJ8JGZbfh2wFgwJeD",1,0],[5,73,73]],[16,"head_icon",25,[-234],[0,"9ehJF3191FvYfpQ68qjSlj",1,0],[5,73,73]],[19,0,103,[70]],[4,"share_head_board",16,[[1,-235,[72],73]],[0,"09mSw43+1ED63GYdfuuo6X",1,0],[5,92,92]],[24,16,101,[74,75],104],[48,"分享",35,false,1,1,40,[80]],[27,"hammer_big",false,4,[[1,-236,[83],84]],[0,"fazybBXGlCYqVus6aGrPHa",1,0],[5,138,177],[-53,0,0,0,0,0,1,0.4,0.4,1]],[2,"adIcon",4,[[1,-237,[85],86]],[0,"e7wVUVykpKUJOUPkzsiUJ9",1,0],[5,35,26],[-57.432,-1,0,0,0,0,1,1,1,1]],[17,"coin1",false,5,[-238],[0,"3dxwA9A6FP2rtvnm8gRnxt",1,0],[5,99,79],[0,0.5,0],[0,-40,0,0,0,0,1,0.7,0.7,1]],[6,110,[91]],[21,"自动拾取",30,34,false,1,1,2,42,[92]],[23,"default","1ui_1",0,"1ui_1",43,[93]],[25,43,113],[22,"x5",22,30,1,1,44,[94]],[12,"mask",177,26,[[5,0,-239,[95],96]],[0,"4bh+Fq6CRK0IlTbFxzBixn",1,0],[4,4278190080],[5,92,100],[-1,-22.5,0,0,0,0,1,1,1,1]],[2,"achieve_picked",26,[[1,-240,[97],98]],[0,"36Kdz5sJZP+JBQSPDhMKKK",1,0],[5,150,65],[0,-20,0,0,0,0,1,0.5,0.5,1]],[26,5,26,111,[99,100,101],114,112,115],[17,"coin1",false,6,[-241],[0,"35ShObZjVAbLfhUD4TyKll",1,0],[5,99,79],[0,0.5,0],[0,-40,0,0,0,0,1,0.7,0.7,1]],[6,119,[102]],[21,"自动拾取",30,34,false,1,1,2,45,[103]],[23,"default","1ui_1",0,"1ui_1",46,[104]],[25,46,122],[22,"x5",22,30,1,1,47,[105]],[12,"mask",177,27,[[5,0,-242,[106],107]],[0,"b5JJeQXRhBj7ZE5OSUvVdx",1,0],[4,4278190080],[5,92,100],[-1,-22.5,0,0,0,0,1,1,1,1]],[2,"achieve_picked",27,[[1,-243,[108],109]],[0,"ddBMyItPtBeakbLHrvphQq",1,0],[5,150,65],[0,-20,0,0,0,0,1,0.5,0.5,1]],[26,6,27,120,[110,111,112],123,121,124],[17,"coin1",false,7,[-244],[0,"40uSxCTiNLU5NcUmA6aupw",1,0],[5,99,79],[0,0.5,0],[0,-40,0,0,0,0,1,0.7,0.7,1]],[6,128,[113]],[21,"自动拾取",30,34,false,1,1,2,48,[114]],[23,"default","1ui_1",0,"1ui_1",49,[115]],[25,49,131],[22,"x5",22,30,1,1,50,[116]],[12,"mask",177,28,[[5,0,-245,[117],118]],[0,"b4+RLrqTRKb5uz3XqwVUHz",1,0],[4,4278190080],[5,92,100],[-1,-22.5,0,0,0,0,1,1,1,1]],[2,"achieve_picked",28,[[1,-246,[119],120]],[0,"bbVcXOSDVKVqkCu95DrY4y",1,0],[5,150,65],[0,-20,0,0,0,0,1,0.5,0.5,1]],[26,7,28,129,[121,122,123],132,130,133],[17,"coin1",false,8,[-247],[0,"1d9geqk49GC6HML9Dv6/xx",1,0],[5,99,79],[0,0.5,0],[0,-40,0,0,0,0,1,0.7,0.7,1]],[6,137,[124]],[21,"自动拾取",30,34,false,1,1,2,51,[125]],[23,"default","1ui_1",0,"1ui_1",52,[126]],[25,52,140],[22,"x5",22,30,1,1,53,[127]],[12,"mask",177,29,[[5,0,-248,[128],129]],[0,"9cYOmve/JNGYrtwaFSaQr5",1,0],[4,4278190080],[5,92,100],[-1,-22.5,0,0,0,0,1,1,1,1]],[2,"achieve_picked",29,[[1,-249,[130],131]],[0,"40y153YNxFWLsbWAudMW9m",1,0],[5,150,65],[0,-20,0,0,0,0,1,0.5,0.5,1]],[26,8,29,138,[132,133,134],141,139,142],[17,"coin1",false,9,[-250],[0,"34fwwslCVO579d62g+uZ7K",1,0],[5,99,79],[0,0.5,0],[0,-40,0,0,0,0,1,0.7,0.7,1]],[6,146,[135]],[21,"自动拾取",30,34,false,1,1,2,54,[136]],[23,"default","1ui_1",0,"1ui_1",55,[137]],[25,55,149],[22,"x5",22,30,1,1,56,[138]],[12,"mask",177,30,[[5,0,-251,[139],140]],[0,"ceLP6mU19IEreAP11QKlXh",1,0],[4,4278190080],[5,92,100],[-1,-22.5,0,0,0,0,1,1,1,1]],[2,"achieve_picked",30,[[1,-252,[141],142]],[0,"c00fzQg1BPNqZZkhZQ0fAA",1,0],[5,150,65],[0,-20,0,0,0,0,1,0.5,0.5,1]],[26,9,30,147,[143,144,145],150,148,151],[4,"lv_imgJt",18,[[1,-253,[154],155]],[0,"6ffeR0i1RMspPesjJrnwo8",1,0],[5,81,63]]],0,[0,6,1,0,0,1,0,0,1,0,7,2,0,8,11,0,9,19,0,10,32,0,11,4,0,12,3,0,13,58,0,14,59,0,15,17,0,16,57,0,17,31,0,18,107,0,19,38,0,20,39,0,21,20,0,22,34,0,23,64,0,-1,106,0,-2,99,0,-3,92,0,-4,85,0,-5,78,0,-1,118,0,-2,127,0,-3,136,0,-4,145,0,-5,154,0,0,1,0,-1,32,0,-2,19,0,-3,33,0,-4,11,0,-5,2,0,-6,12,0,-7,13,0,-8,14,0,-9,15,0,-10,16,0,-11,3,0,-12,4,0,-13,10,0,-14,31,0,-15,18,0,-16,61,0,-1,66,0,-2,67,0,-3,68,0,-4,69,0,-5,70,0,-6,36,0,0,3,0,0,3,0,-1,38,0,-2,39,0,-3,40,0,0,4,0,0,4,0,-1,108,0,-2,109,0,-3,41,0,-1,118,0,-1,110,0,-2,42,0,-3,43,0,-4,44,0,-5,26,0,-1,127,0,-1,119,0,-2,45,0,-3,46,0,-4,47,0,-5,27,0,-1,136,0,-1,128,0,-2,48,0,-3,49,0,-4,50,0,-5,28,0,-1,145,0,-1,137,0,-2,51,0,-3,52,0,-4,53,0,-5,29,0,-1,154,0,-1,146,0,-2,54,0,-3,55,0,-4,56,0,-5,30,0,0,11,0,-1,34,0,-2,20,0,-1,78,0,-1,72,0,-2,21,0,-3,77,0,-1,85,0,-1,79,0,-2,22,0,-3,84,0,-1,92,0,-1,86,0,-2,23,0,-3,91,0,-1,99,0,-1,93,0,-2,24,0,-3,98,0,-1,106,0,-1,100,0,-2,25,0,-3,105,0,-1,58,0,-2,59,0,-3,60,0,0,18,0,0,18,0,0,18,0,-1,155,0,0,19,0,-1,62,0,-1,65,0,-2,35,0,0,21,0,-1,74,0,-2,75,0,0,22,0,-1,81,0,-2,82,0,0,23,0,-1,88,0,-2,89,0,0,24,0,-1,95,0,-2,96,0,0,25,0,-1,102,0,-2,103,0,-1,116,0,-2,117,0,-1,125,0,-2,126,0,-1,134,0,-2,135,0,-1,143,0,-2,144,0,-1,152,0,-2,153,0,-1,57,0,0,32,0,0,33,0,-1,63,0,0,34,0,0,35,0,0,35,0,-1,71,0,-2,37,0,0,37,0,0,37,0,0,38,0,0,39,0,-1,107,0,0,40,0,0,41,0,0,41,0,-1,112,0,0,42,0,-1,113,0,-2,114,0,-1,115,0,0,44,0,-1,121,0,0,45,0,-1,122,0,-2,123,0,-1,124,0,0,47,0,-1,130,0,0,48,0,-1,131,0,-2,132,0,-1,133,0,0,50,0,-1,139,0,0,51,0,-1,140,0,-2,141,0,-1,142,0,0,53,0,-1,148,0,0,54,0,-1,149,0,-2,150,0,-1,151,0,0,56,0,0,57,0,0,58,0,0,59,0,0,60,0,0,60,0,0,61,0,0,61,0,0,62,0,-1,64,0,0,65,0,0,66,0,0,67,0,0,68,0,0,69,0,0,70,0,0,71,0,-1,73,0,0,74,0,-1,76,0,0,77,0,-1,80,0,0,81,0,-1,83,0,0,84,0,-1,87,0,0,88,0,-1,90,0,0,91,0,-1,94,0,0,95,0,-1,97,0,0,98,0,-1,101,0,0,102,0,-1,104,0,0,105,0,0,108,0,0,109,0,-1,111,0,0,116,0,0,117,0,-1,120,0,0,125,0,0,126,0,-1,129,0,0,134,0,0,135,0,-1,138,0,0,143,0,0,144,0,-1,147,0,0,152,0,0,153,0,0,155,0,24,1,5,3,10,6,3,10,7,3,10,8,3,10,9,3,10,17,3,31,253],[0,0,0,0,0,0,0,0,0,0,0,0,0,0,0,0,0,0,0,0,0,0,0,0,0,0,0,0,0,0,0,0,0,0,0,0,0,0,0,0,0,0,0,0,0,0,0,0,0,0,0,0,0,0,0,0,0,0,0,0,0,0,0,0,0,0,0,0,0,0,0,0,0,0,0,0,0,0,0,0,0,0,0,0,0,0,0,0,0,0,0,0,0,0,0,0,0,0,0,0,0,0,0,0,0,0,0,0,0,0,0,0,0,0,0,0,0,0,0,0,0,0,0,0,0,0,0,0,0,0,0,0,0,0,0,0,0,0,0,0,0,0,0,0,0,0,0,0,0,0,0,0,0,0,0,0,0,0,0,0,64,73,80,87,94,101,107,111,112,113,120,121,122,129,130,131,138,139,140,147,148,149],[-1,1,-1,1,-1,1,-1,-1,1,-1,1,-1,1,-1,2,-1,1,-1,1,-1,1,-1,1,-1,4,-1,1,-1,1,-1,2,-1,-1,1,-1,-1,-1,1,-1,-2,-1,-1,1,-1,-1,-1,1,-1,-2,-1,-1,1,-1,-1,-1,1,-1,-2,-1,-1,1,-1,-1,-1,1,-1,-2,-1,-1,1,-1,-1,-1,1,-1,-2,-1,1,-1,1,-1,-1,1,-1,1,-1,1,-1,2,-1,1,-1,-1,-1,-1,-1,1,-1,1,-1,-2,-3,-1,-1,-1,-1,-1,1,-1,1,-1,-2,-3,-1,-1,-1,-1,-1,1,-1,1,-1,-2,-3,-1,-1,-1,-1,-1,1,-1,1,-1,-2,-3,-1,-1,-1,-1,-1,1,-1,1,-1,-2,-3,-1,1,-1,1,-1,1,-1,2,-1,1,-1,1,-1,2,1,1,1,1,1,1,2,1,2,4,1,2,4,1,2,4,1,2,4,1,2,4],[0,19,0,20,0,21,0,0,22,0,14,0,15,0,1,0,23,0,24,0,25,0,26,4,27,0,14,0,15,0,1,0,0,5,0,0,0,6,2,7,0,0,5,0,0,0,6,2,7,0,0,5,0,0,0,6,2,7,0,0,5,0,0,0,6,2,7,0,0,5,0,0,0,6,2,7,0,13,0,28,0,0,16,0,13,0,29,0,1,0,16,0,0,4,0,0,8,0,9,3,10,11,0,0,4,0,0,8,0,9,3,10,11,0,0,4,0,0,8,0,9,3,10,11,0,0,4,0,0,8,0,9,3,10,11,0,0,4,0,0,8,0,9,3,10,11,0,13,0,17,0,17,0,1,0,30,0,31,0,1,32,2,2,2,2,2,1,3,1,12,3,1,12,3,1,12,3,1,12,3,1,12]],[[{"name":"zghl_bg2","rect":[0,0,1680,720],"offset":[0,0],"originalSize":[1680,720],"capInsets":[0,0,0,0]}],[4],0,[0],[5],[33]]]]