[1,["17a184afe","172ca2c9c","ecpdLyjvZBwrvm+cedCcQy","92TGenv7FChYPmRD5mkR9e","c5ZHQMhfpBsZXOkNZXTFl1","f87mI16cZJi4+Z7X1Y5rhS","59XPRhGBZGNodT9SZRirRF","b6y8MCiuNMnaL/k9s0iXO8","31KP8DLA1ELZ7hWqvLg0rL","e9oJsqAKFA5bU/ybZqKNwG","a81wfo+rxFTI6YWldOpH+n","39qiPTkf9JjqYR8rK2utz/","8bxUAvVrtMGogBvzbszMER"],["_textureSetter","node","root","bodyC","ani2","ani","data","poolPrefab"],["cc.SpriteFrame",["cc.PrefabInfo",["fileId","root","asset"],2,1,1],["cc.Prefab",["_name"],2],["cc.Node",["_name","_groupIndex","_children","_components","_prefab"],1,2,9,4],["cc.Node",["_name","_groupIndex","_parent","_components","_prefab","_contentSize","_anchorPoint"],1,1,12,4,5,5],["cc.Node",["_name","_groupIndex","_parent","_components","_prefab"],1,1,2,4],["cd034MG3A5C4JMlLDtcjsw/",["node","ani","ani2","bodyC","poolPrefab"],3,1,1,1,1,6],["cc.Sprite",["node","_materials"],3,1,3],["2f54fyh8VpKBaCciEDVPkHC",["duration","loop","node","spriteFrames"],1,1,3],["cc.CircleCollider",["_radius","node","_offset"],2,1,5]],[[1,0,1,2,2],[4,0,1,2,3,4,5,6,3],[7,0,1,1],[8,0,1,2,3,3],[2,0,2],[3,0,1,2,3,4,3],[5,0,1,2,3,4,3],[6,0,1,2,3,4,1],[1,1,2,1],[9,0,1,2,2]],[[[{"name":"B01FX1_2","rect":[3,289,104,186],"offset":[-18,-3.5],"originalSize":[220,199],"rotated":1,"capInsets":[0,0,0,0]}],[0],0,[0],[0],[1]],[[{"name":"B01FX1_5","rect":[3,544,96,184],"offset":[-22,-3.5],"originalSize":[220,199],"capInsets":[0,0,0,0]}],[0],0,[0],[0],[0]],[[{"name":"B01FX2_4","rect":[896,561,167,117],"offset":[18.5,-8],"originalSize":[220,199],"rotated":1,"capInsets":[0,0,0,0]}],[0],0,[0],[0],[0]],[[[4,"YellowBrowPocketEffect"],[5,"YellowBrowPocketEffect",8,[-6,-7,-8],[[7,-5,-4,-3,-2,11]],[8,-1,0]],[1,"ani2",8,1,[[[2,-9,[0]],-10],4,1],[0,"83uQg4kQlKWKMW563DiO5S",1,0],[5,153,165],[0,0.5,0]],[1,"ani",8,1,[[[2,-11,[5]],-12],4,1],[0,"dd7xg+yFhL9rDJu5TGLswM",1,0],[5,153,165],[0,0.5,0]],[3,0.04,true,2,[1,2,3,4]],[3,0.04,true,3,[6,7,8,9,10]],[6,"body",8,1,[-13],[0,"92/0iJCP5NhLFXxWsvf4tP",1,0]],[9,100,6,[0,0,90]]],0,[0,2,1,0,3,7,0,4,4,0,5,5,0,1,1,0,-1,2,0,-2,3,0,-3,6,0,1,2,0,-2,4,0,1,3,0,-2,5,0,-1,7,0,6,1,13],[0,0,0,0,0,0,0,0,0,0,0,0],[-1,-1,-2,-3,-4,-1,-1,-2,-3,-4,-5,7],[2,3,4,5,6,2,7,8,9,10,11,12]],[[{"name":"B01FX2_1","rect":[897,318,152,120],"offset":[18,-7.5],"originalSize":[220,199],"rotated":1,"capInsets":[0,0,0,0]}],[0],0,[0],[0],[0]],[[{"name":"B01FX1_4","rect":[3,194,89,189],"offset":[-21.5,-3],"originalSize":[220,199],"rotated":1,"capInsets":[0,0,0,0]}],[0],0,[0],[0],[1]],[[{"name":"B01FX1_1","rect":[105,650,78,138],"offset":[-32,-27.5],"originalSize":[220,199],"rotated":1,"capInsets":[0,0,0,0]}],[0],0,[0],[0],[0]],[[{"name":"B01FX2_2","rect":[356,422,161,117],"offset":[17.5,-8],"originalSize":[220,199],"capInsets":[0,0,0,0]}],[0],0,[0],[0],[0]],[[{"name":"B01FX1_3","rect":[897,120,122,192],"offset":[-22,-3.5],"originalSize":[220,199],"capInsets":[0,0,0,0]}],[0],0,[0],[0],[0]],[[{"name":"B01FX2_3","rect":[356,298,161,118],"offset":[17.5,-7.5],"originalSize":[220,199],"capInsets":[0,0,0,0]}],[0],0,[0],[0],[0]]]]