[1,["ecpdLyjvZBwrvm+cedCcQy","dfms00gNBGIJkmGcHjVm0H","91aspIThBF1KcN/Qzu5M6m","caohSHbS5GEIzmwCrnMGn5","9fdeCVrwZKN6A6bSd+228j","5e4ev7F8JHQYHW/63hbq41","61FgzcNHpFerWw25QjEsY5","d4Hq6jLzZH8pvQxKYHqWDA","d3YBm4bMdMkZttaDSLLAez","335ZVZ1j9L5YBt93Hz77rz","89sCe83+RFTZwSH1sdBm5m","8cH8Z2m4VMp49R+fCoNg6D","3eYzfIHX9L84XaTk64ts9p","0fvFvDLQBBoLwico/jMOYD","55kWW2Nk1C5Yhcv0rmS7Dg","e7QTsOm/VPequEPUeGlf47","1a3kW4M+dGIopQBVB6amB7","1b0kTwV8pN/6LhXjiBZZ+c","8bTJbJxeRNupvQhP4MKZRt","64IAHuwOJCoJnLhhQ/vaak","e3ovpAIvlJpINq4CsOYyAZ","b5nNSsFgVBzYqhDXC9+NNd","03eoVfncVCIZEXwckyLgAJ","0agU2URVNOh4Du9M+Fe5eE","85sHpUBy9FUp5WGVMlx6Cw","d0okOlfK9NU6MbDi7ePjSi"],["node","_spriteFrame","_textureSetter","_N$file","root","content","flagLab","flagNode","newFlagNode","zJNode","partIcon","partImg","magnifierNode","noItemBg","itemBg","gameName","trophyNode","data"],["cc.SpriteFrame",["cc.Node",["_name","_active","_components","_prefab","_contentSize","_parent","_children","_trs","_anchorPoint"],1,9,4,5,1,2,7,5],["cc.Sprite",["_sizeMode","node","_materials","_spriteFrame"],2,1,3,6],["cc.Node",["_name","_parent","_components","_prefab","_contentSize","_trs","_anchorPoint","_color"],2,1,12,4,5,7,5,5],["cc.Node",["_name","_active","_parent","_components","_prefab","_contentSize","_trs"],1,1,2,4,5,7],["cc.PrefabInfo",["fileId","root","asset"],2,1,1],["cc.Label",["_string","_fontSize","_lineHeight","_isSystemFontUsed","_N$horizontalAlign","_N$verticalAlign","_styleFlags","node","_materials"],-4,1,3],["cc.Prefab",["_name"],2],["2ab8aJzvsROibLgfrzLm9Y9",["node","trophyNode","gameName","itemBg","noItemBg","magnifierNode","partImg","spriteFrameArr","partIcon","topImgFrameArr","zJNode","newFlagNode","flagNode","flagLab","content"],3,1,1,1,1,1,1,1,3,1,3,1,1,1,1,1],["cc.Layout",["_N$layoutType","_N$spacingY","node","_layoutSize"],1,1,5],["cc.Button",["node","clickEvents"],3,1,9],["cc.ClickEvent",["_componentId","handler","target"],1,1],["cc.LabelOutline",["_width","node","_color"],2,1,5]],[[5,0,1,2,2],[2,1,2,3,1],[1,0,5,2,3,4,7,2],[1,0,5,6,2,3,4,7,2],[12,0,1,2,2],[7,0,2],[1,0,6,2,3,4,2],[1,0,5,6,2,3,4,2],[1,0,5,6,2,3,4,8,7,2],[1,0,5,2,3,4,2],[1,0,1,5,2,3,4,7,3],[3,0,1,2,3,4,6,5,2],[3,0,1,2,3,7,4,5,2],[4,0,2,3,4,5,6,2],[4,0,1,2,3,4,5,6,3],[8,0,1,2,3,4,5,6,7,8,9,10,11,12,13,14,1],[5,1,2,1],[2,0,1,2,3,2],[2,0,1,2,2],[2,1,2,1],[9,0,1,2,3,3],[10,0,1,1],[11,0,1,2,3],[6,0,1,2,3,6,4,5,7,8,8],[6,0,1,2,3,4,5,7,8,7]],[[[{"name":"creativeImg_10","rect":[0,0,133,95],"offset":[0,0],"originalSize":[133,95],"capInsets":[0,0,0,0]}],[0],0,[0],[2],[4]],[[{"name":"creativeImg_3","rect":[0,0,72,78],"offset":[0,0],"originalSize":[72,78],"capInsets":[0,0,0,0]}],[0],0,[0],[2],[5]],[[{"name":"creativeImg_1","rect":[0,0,198,197],"offset":[0,0],"originalSize":[198,197],"capInsets":[0,0,0,0]}],[0],0,[0],[2],[6]],[[{"name":"creativeImg_4","rect":[0,0,186,186],"offset":[0,0],"originalSize":[186,186],"capInsets":[0,0,0,0]}],[0],0,[0],[2],[7]],[[{"name":"c_148","rect":[0,27,96,55],"offset":[0,-6.5],"originalSize":[96,96],"capInsets":[0,0,0,0]}],[0],0,[0],[2],[8]],[[{"name":"c_177","rect":[2,12,93,76],"offset":[0.5,-2],"originalSize":[96,96],"capInsets":[0,0,0,0]}],[0],0,[0],[2],[9]],[[{"name":"creativeImg_8","rect":[0,0,133,95],"offset":[0,0],"originalSize":[133,95],"capInsets":[0,0,0,0]}],[0],0,[0],[2],[10]],[[{"name":"creativeImg_9","rect":[0,0,91,36],"offset":[0,0],"originalSize":[91,36],"capInsets":[0,0,0,0]}],[0],0,[0],[2],[11]],[[[5,"creativeModeItem"],[6,"creativeModeItem",[-15,-16,-17],[[15,-14,-13,-12,-11,-10,-9,-8,[20,21,22,23,24,25],-7,[26,27],-6,-5,-4,-3,-2]],[16,-1,0],[5,186,186]],[7,"gameBg",1,[-19,-20,-21,-22,-23,-24],[[1,-18,[14],15]],[0,"cb+aF6FMhMhYtf9p6dvsg+",1,0],[5,198,197]],[8,"New Node",2,[-26,-27],[[20,2,-8,-25,[5,200,50]]],[0,"b5rzqSL0xPIL/KAlWclYFd",1,0],[5,200,50],[0,0.5,1],[0,-34,0,0,0,0,1,1,1,1]],[2,"magnifier",2,[[1,-28,[6],7],[21,-29,[[22,"2ab8aJzvsROibLgfrzLm9Y9","clickMagnifier",1]]]],[0,"68yODXy41OJqQjA39tOcmp",1,0],[5,34,34],[75,76,0,0,0,0,1,1,1,1]],[3,"flag",3,[-31],[[17,0,-30,[11],12]],[0,"a8ds0toJpLY7/xx0oJQQsf",1,0],[5,30,25],[30,-12.5,0,0,0,0,1,1,1,1]],[3,"red",1,[-33],[[1,-32,[18],19]],[0,"43/GsZejtECqR2mzavLnkl",1,0],[5,63,75],[-73.18,81.307,0,0,0,0,1,0.75,0.75,1]],[9,"noGameBg",1,[[1,-34,[0],1]],[0,"9aJoKzjdNO4pptgK/PJy6a",1,0],[5,186,186]],[2,"trophyNode",2,[[1,-35,[4],5]],[0,"30H8j2dctNzYZpmhD4iVPE",1,0],[5,72,78],[-61,58,0,0,0,0,1,1,1,1]],[10,"zjNode",false,2,[[1,-36,[8],9]],[0,"fag79THotFLrewK/WQBKqM",1,0],[5,91,36],[0,-18,0,0,0,0,1,1,1,1]],[11,"flagCount",5,[[-37,[4,2,-38,[4,4278190080]]],1,4],[0,"58kJYaurJHBp7jrbC2g93x",1,0],[5,21.58,48.1],[0,1,0.5],[-20,0,0,0,0,0,1,1,1,1]],[12,"name",3,[[-39,[4,3,-40,[4,4278596427]]],1,4],[0,"72j11fT5JMkrepAbK5uu3R",1,0],[4,4280135167],[5,174,36.239999999999995],[0,-35.12,0,0,0,0,1,1,1,1]],[13,"partImg",2,[-41],[0,"13Xs3aV3lHSZ7/+CgcrBog",1,0],[5,133,95],[0,35,0,0,0,0,1,1,1,1]],[18,0,12,[2]],[14,"partIcon",false,2,[-42],[0,"1ehmITEUpF5Kd3LapeAE1f",1,0],[5,96,55],[0,38,0,0,0,0,1,1,1,1]],[19,14,[3]],[23,"0",30,35,false,1,1,1,10,[10]],[24,"抽奖盒子无尽版",24,24,false,1,1,11,[13]],[2,"redTip",6,[[1,-43,[16],17]],[0,"b9e4et10RBjJHfF5gNY2n1",1,0],[5,38,52],[3.459,6.918,0,0,0,0,1,1,1,1]]],0,[0,4,1,0,5,3,0,6,16,0,7,5,0,8,6,0,9,9,0,10,15,0,11,13,0,12,4,0,13,7,0,14,2,0,15,17,0,16,8,0,0,1,0,-1,7,0,-2,2,0,-3,6,0,0,2,0,-1,12,0,-2,14,0,-3,8,0,-4,4,0,-5,9,0,-6,3,0,0,3,0,-1,5,0,-2,11,0,0,4,0,0,4,0,0,5,0,-1,10,0,0,6,0,-1,18,0,0,7,0,0,8,0,0,9,0,-1,16,0,0,10,0,-1,17,0,0,11,0,-1,13,0,-1,15,0,0,18,0,17,1,43],[0,0,0,0,0,0,0,0,0,0,0,0,0,0,0,0,0,0,0,0,0,0,0,0,0,0,0,0,13,15,16,17],[-1,1,-1,-1,-1,1,-1,1,-1,1,-1,-1,1,-1,-1,1,-1,1,-1,1,-1,-2,-3,-4,-5,-6,-1,-2,1,1,3,3],[0,12,0,0,0,13,0,14,0,15,0,0,16,0,0,17,0,18,0,19,20,21,1,22,23,24,25,2,1,2,3,3]]]]