[1,["c97bJrPqtKebjiSpmzwixn"],["_texture"],[["dragonBones.DragonBonesAtlasAsset",["_name","_atlasJson"],1]],[[0,0,1,3]],[[0,"00_xiangrikui_tex","{\"width\":128,\"SubTexture\":[{\"width\":35,\"y\":136,\"height\":9,\"name\":\"00_xiangrikui/yezi2\",\"x\":82},{\"width\":45,\"y\":93,\"height\":16,\"name\":\"00_xiangrikui/yezi\",\"x\":82},{\"width\":10,\"y\":1,\"height\":8,\"name\":\"00_xiangrikui/youye\",\"x\":105},{\"width\":9,\"y\":147,\"height\":21,\"name\":\"00_xiangrikui/shenti\",\"x\":111},{\"width\":11,\"y\":111,\"height\":9,\"name\":\"00_xiangrikui/zuoye\",\"x\":111},{\"width\":79,\"y\":93,\"height\":67,\"name\":\"00_xiangrikui/tou\",\"x\":1},{\"width\":39,\"y\":126,\"height\":8,\"name\":\"00_xiangrikui/mouth\",\"x\":82},{\"width\":27,\"y\":147,\"height\":9,\"name\":\"00_xiangrikui/mouth2\",\"x\":82},{\"width\":27,\"y\":111,\"height\":13,\"name\":\"00_xiangrikui/eye\",\"x\":82},{\"frameY\":0,\"y\":1,\"frameWidth\":103,\"frameX\":0,\"frameHeight\":90,\"width\":102,\"height\":90,\"name\":\"00_xiangrikui/guang\",\"x\":1}],\"height\":256,\"name\":\"00_xiangrikui\",\"imagePath\":\"00_xiangrikui_tex.png\"}"]],0,0,[0],[0],[0]]