[1,["ecpdLyjvZBwrvm+cedCcQy","caohSHbS5GEIzmwCrnMGn5","37q9ssi/pPraicXQhdEjQC","93vpLh/gxPBbDk75enOPTU","83mwu+yppGurhqKFMXrddq","38ukXTyvJFebDVzNqEDwaw","1c2bpTWrpAGpEcm2IoLWY6","174sAG+JFJp7yAnwDUpQzh","4bGT2sPRRJeLG7TigsenWC","3eJDu/CStCIJciPJDDRxnS","9aqoPMpKtOqIAhoM9SqW0M","34ioHDvIRFsJ8xgEqY3tTj","3f8EszpZpI/rrVam/mpIBV","c3o+mqQQxBi5lMNyAAFpvM","15qQpac7dBxbU7k2vHZAH7","73OV9d1eRKZ6kjSy/Kihh4","3dwxNVXT5CJq2ET4niGk28","80NY+8/Q9HGpgWV/PBSouP","dcMNdZ6/VHHI34Ljcxq19i","78ywDX3l9NObbgmyU09hPy","02Emgoz1hMza5NPXtEiqF+","8ciOgH+/VCxrzLJxELb1JG","75qryiWPdBkq4tlFxGuL1E","c8q34xztpO8JG8bmwPYGxY","89RFCcOIxK4L1Ao7OoEfuI"],["node","_spriteFrame","_textureSetter","_N$file","root","guanKaDescLab","leafNode","challengeBtn","challengeNode","closeEyeNode","adventureBtn","adventureNode","data"],["cc.SpriteFrame",["cc.Node",["_name","_active","_prefab","_contentSize","_components","_parent","_trs","_children","_color"],1,4,5,9,1,7,2,5],["cc.Label",["_string","_fontSize","_lineHeight","_isSystemFontUsed","_N$horizontalAlign","_N$verticalAlign","_N$cacheMode","node","_materials","_N$file"],-4,1,3,6],["cc.Widget",["_alignFlags","_left","_bottom","node"],0,1],["cc.PrefabInfo",["fileId","root","asset"],2,1,1],["cc.Button",["_N$transition","node","clickEvents"],2,1,9],["cc.Prefab",["_name"],2],["cc.Node",["_name","_parent","_components","_prefab","_contentSize","_trs"],2,1,2,4,5,7],["ca117f9f6FOXbZyu8xg7+mB",["node","adventureNode","adventureBtn","closeEyeNode","challengeNode","challengeBtn","leafNode","guanKaDescLab"],3,1,1,1,1,1,1,1,1],["cc.Layout",["_resize","_N$layoutType","_N$spacingX","node","_layoutSize"],0,1,5],["cc.Sprite",["node","_materials","_spriteFrame"],3,1,3,6],["cc.ClickEvent",["_componentId","handler","target"],1,1],["cc.BlockInputEvents",["node"],3,1],["cc.LabelOutline",["_width","node","_color"],2,1,5]],[[4,0,1,2,2],[10,0,1,2,1],[1,0,5,7,4,2,3,6,2],[1,0,5,4,2,3,6,2],[11,0,1,2,3],[1,0,5,4,2,3,2],[13,0,1,2,2],[5,0,1,2,2],[2,0,1,2,3,4,5,6,7,8,9,8],[1,0,1,5,4,2,3,6,3],[3,0,3,2],[5,1,2,1],[6,0,2],[1,0,7,4,2,3,6,2],[1,0,5,7,4,2,3,2],[1,0,5,4,2,8,3,6,2],[1,0,5,2,3,6,2],[7,0,1,2,3,4,5,2],[3,0,1,2,3,4],[8,0,1,2,3,4,5,6,7,1],[4,1,2,1],[9,0,1,2,3,4,4],[12,0,1],[2,0,1,2,3,4,5,7,8,9,7],[2,0,1,2,3,4,5,7,8,7]],[[[{"name":"home_shop","rect":[0,0,74,104],"offset":[0,0],"originalSize":[74,104],"capInsets":[0,0,0,0]}],[0],0,[0],[2],[4]],[[{"name":"home_challenge","rect":[0,0,323,268],"offset":[0,0],"originalSize":[323,268],"capInsets":[0,0,0,0]}],[0],0,[0],[2],[5]],[[{"name":"home_bg","rect":[0,0,1680,720],"offset":[0,0],"originalSize":[1680,720],"capInsets":[0,0,0,0]}],[0],0,[0],[2],[6]],[[{"name":"home_garden1","rect":[0,0,187,184],"offset":[0,0],"originalSize":[187,184],"capInsets":[0,0,0,0]}],[0],0,[0],[2],[7]],[[{"name":"home_icon1","rect":[0,0,97,58],"offset":[0,0],"originalSize":[97,58],"capInsets":[0,0,0,0]}],[0],0,[0],[2],[8]],[[{"name":"home_maoxian","rect":[0,0,391,271],"offset":[0,0],"originalSize":[391,271],"capInsets":[0,0,0,0]}],[0],0,[0],[2],[9]],[[{"name":"home_leaf","rect":[2,1,54,43],"offset":[1,-0.5],"originalSize":[56,44],"capInsets":[0,0,0,0]}],[0],0,[0],[2],[10]],[[{"name":"home_achieve","rect":[0,0,69,99],"offset":[0,0],"originalSize":[69,99],"capInsets":[0,0,0,0]}],[0],0,[0],[2],[11]],[[{"name":"home_icon","rect":[0,0,97,36],"offset":[0,0],"originalSize":[97,36],"capInsets":[0,0,0,0]}],[0],0,[0],[2],[12]],[[{"name":"home_close","rect":[0,0,92,69],"offset":[0,0],"originalSize":[92,69],"capInsets":[0,0,0,0]}],[0],0,[0],[2],[13]],[[{"name":"home_help","rect":[0,0,89,129],"offset":[0,0],"originalSize":[89,129],"capInsets":[0,0,0,0]}],[0],0,[0],[2],[14]],[[[12,"HomeView"],[13,"HomeView",[-11,-12,-13],[[10,45,-2],[19,-10,-9,-8,-7,-6,-5,-4,-3]],[20,-1,0],[5,1280,720],[640,360,0,0,0,0,1,1,1,1]],[14,"main",1,[-15,-16,-17,-18,-19,-20,-21,-22],[[10,45,-14]],[0,"59XQBgkldP+7Cgx6B+oG59",1,0],[5,1280,720]],[2,"layout",2,[-25,-26,-27],[[21,1,1,20,-23,[5,343,150]],[18,12,30,5.639999999999986,-24]],[0,"11rmYmkotI2bayXM4+Ez9j",1,0],[5,343,150],[-438.5,-279.36,0,0,0,0,1,1,1,1]],[2,"help",3,[-30,-31],[[1,-28,[13],14],[7,3,-29,[[4,"ca117f9f6FOXbZyu8xg7+mB","clickHelp",1]]]],[0,"98SNyofH9NT6Vhd6xfNmLE",1,0],[5,101,98],[-121,0,0,0,0,0,1,1,1,0]],[2,"shop",3,[-34,-35],[[1,-32,[21],22],[7,3,-33,[[4,"ca117f9f6FOXbZyu8xg7+mB","clickShop",1]]]],[0,"6e1WiW3gZABIMmwsCyUy+7",1,0],[5,101,98],[0,0,0,0,0,0,1,1,1,0]],[2,"achieve",3,[-38,-39],[[1,-36,[29],30],[7,3,-37,[[4,"ca117f9f6FOXbZyu8xg7+mB","clickAchieve",1]]]],[0,"bfx2qQftVBoZ6JLj0cch40",1,0],[5,101,98],[121,0,0,0,0,0,1,1,1,0]],[2,"home_garden1",2,[-42],[[1,-40,[33],34],[11,-41,[[4,"ca117f9f6FOXbZyu8xg7+mB","clickGarden",1]]]],[0,"ee0+WBgk5Od56iSUcZ4J/H",1,0],[5,187,184],[314.795,-251.039,0,0,0,0,1,1,1,1]],[5,"bg",1,[[1,-43,[0],1],[22,-44]],[0,"f6wCcSTC1EFKK+VJ35CGn+",1,0],[5,1680,720]],[9,"home_challenge",false,2,[[1,-45,[2],3]],[0,"10rMfRXfBN1ImTvwl1vWOt",1,0],[5,323,268],[141.722,-41.264,0,0,0,0,1,1,1,1]],[9,"home_maoxian",false,2,[[1,-46,[4],5]],[0,"8a0GBkIwtLqJfcpLkhyQNm",1,0],[5,391,271],[164,119,0,0,0,0,1,1,1,1]],[2,"home_icon1",4,[-48],[[1,-47,[11],12]],[0,"fbCEeGfd5CuoQtp2iBEJNV",1,0],[5,97,58],[0,-32.856,0,0,0,0,1,1,1,1]],[5,"New Label",11,[[8,"帮助\n和选项",25,25,false,1,1,2,-49,[9],10],[6,2,-50,[4,4278190080]]],[0,"1dCIlpfvJG/7lljNRcsC1B",1,0],[5,79,54]],[2,"home_icon",5,[-52],[[1,-51,[19],20]],[0,"d70xPb9HtGs51jai++X2/X",1,0],[5,97,36],[0,-42,0,0,0,0,1,1,1,1]],[5,"New Label",13,[[8,"商店",25,25,false,1,1,2,-53,[17],18],[6,2,-54,[4,4278190080]]],[0,"69R+mU/TBIdajB+6btz3JU",1,0],[5,54,29]],[2,"home_icon",6,[-56],[[1,-55,[27],28]],[0,"faqa1IW3lPW58qsL9jyaEI",1,0],[5,97,36],[0,-42,0,0,0,0,1,1,1,1]],[5,"New Label",15,[[8,"成就",25,25,false,1,1,2,-57,[25],26],[6,2,-58,[4,4278190080]]],[0,"0bUL41Js9PgY9CZfEpPNfQ",1,0],[5,54,29]],[15,"New Label",7,[[23,"休闲\n花园",35,35,false,1,1,-59,[31],32],[6,2,-60,[4,4278190080]]],[0,"d62oPxecRMwr9rwFnWFu44",1,0],[4,4290904063],[5,74,83.1],[21.916,-47.206,0,0,0,0,1,1,1,1]],[3,"home_close",2,[[1,-61,[35],36]],[0,"3aq024qn1Kj76lAiQzobd1",1,0],[5,92,69],[-108.237,82.354,0,0,0,0,1,1,1,1]],[3,"challengeBtn",2,[[11,-62,[[4,"ca117f9f6FOXbZyu8xg7+mB","clickChallengeBtn",1]]]],[0,"04SAby5i9Pv5iaqPHJoJXv",1,0],[5,300,120],[130,-38,0,0,0,0,1,1,1,1]],[3,"home_leaf",1,[[1,-63,[37],38]],[0,"d8if+TPjRGOIclsENzFJfB",1,0],[5,54,43],[0,503.744,0,0,0,0,1,1,1,1]],[17,"guanKaDesc",2,[-64],[0,"f7264kMElElo+JJ4ObFx0F",1,0],[5,53.38,45.2],[148.045,211.083,0,0,0,0,1,1,1,1]],[24,"白天\n关卡3",20,20,false,1,1,21,[6]],[3,"home_help",4,[[1,-65,[7],8]],[0,"52fvJOCTxL0bEZHvHM8Izd",1,0],[5,89,129],[-7.059,37.648,0,0,0,0,1,1,1,1]],[3,"home_shop",5,[[1,-66,[15],16]],[0,"bdjNaU35JHtK8HAQyfj5YF",1,0],[5,74,104],[7.142,17.142,0,0,0,0,1,1,1,1]],[3,"home_achieve",6,[[1,-67,[23],24]],[0,"e4wdpibVhCn6DBAadA1pcs",1,0],[5,69,99],[0,20.778,0,0,0,0,1,1,1,1]],[16,"adventureBtn",2,[0,"22PF3Ido1Jfr7IOq01I7Fi",1,0],[5,350,150],[151,133,0,0,0,0,1,1,1,1]]],0,[0,4,1,0,0,1,0,5,22,0,6,20,0,7,19,0,8,9,0,9,18,0,10,26,0,11,10,0,0,1,0,-1,8,0,-2,2,0,-3,20,0,0,2,0,-1,9,0,-2,10,0,-3,21,0,-4,3,0,-5,7,0,-6,18,0,-7,26,0,-8,19,0,0,3,0,0,3,0,-1,4,0,-2,5,0,-3,6,0,0,4,0,0,4,0,-1,23,0,-2,11,0,0,5,0,0,5,0,-1,24,0,-2,13,0,0,6,0,0,6,0,-1,25,0,-2,15,0,0,7,0,0,7,0,-1,17,0,0,8,0,0,8,0,0,9,0,0,10,0,0,11,0,-1,12,0,0,12,0,0,12,0,0,13,0,-1,14,0,0,14,0,0,14,0,0,15,0,-1,16,0,0,16,0,0,16,0,0,17,0,0,17,0,0,18,0,0,19,0,0,20,0,-1,22,0,0,23,0,0,24,0,0,25,0,12,1,67],[0,0,0,0,0,0,0,0,0,0,0,0,0,0,0,0,0,0,0,0,0,0,0,0,0,0,0,0,0,0,0,0,0,0,0,0,0,0,0,22],[-1,1,-1,1,-1,1,-1,-1,1,-1,3,-1,1,-1,1,-1,1,-1,3,-1,1,-1,1,-1,1,-1,3,-1,1,-1,1,-1,3,-1,1,-1,1,-1,1,3],[0,15,0,16,0,17,0,0,18,0,1,0,19,0,2,0,20,0,1,0,3,0,2,0,21,0,1,0,3,0,2,0,1,0,22,0,23,0,24,1]]]]