[1,["ecpdLyjvZBwrvm+cedCcQy","0f0fPqLlhMppYQ/j+sNpYl","bfhrjbUAdPTIozM00l3UkP","2aKJYU6u9G55yvfDap1e83","77ao5MeUpNcKbbXEb/z1P4","5aalEjxDdKdrNa7bJxf8La","b39lXuqvFKBZFv+8sr9eaN","caohSHbS5GEIzmwCrnMGn5","cbC0p6bqRKaJHjyTGPnqE6","f1s6Kl8EFBQoMAR+jWfXws","d34yQfg5FLQKGk/ldVLZp2","62GTRe4E1Ee4akLd+6+GU/","65ybVT/JhNvbjVcDxJ07U+","24/V9g/o5KiKeREhL+SJJP","ccA3P6MHpBXbv06/uAfg2O","5b2E3BaVNNzZPAk8+DkCbZ","5c1rJuT9pAKojsNW3gubwH","bfREaIs21DfI99CQ8YpVE3","f0enFH5oRIHaJNlrQsZN5S","a4ei00wGlC0qF6+EKg3rEr","2dt9J28+JF65ivriN819vs","fc3b50XyZK05sprx8g3qDS","deWnQ6O1ZF0pdBYTKy3CUb","05WIzOPHxIgYVHU499VpgB"],["_spriteFrame","node","_textureSetter","_N$file","root","data","unselectTag","mask","priceLabel","cardIcon","cardBoard","guideArrowNode","cardSlotNode","cardSelectList","bagNode","startBtn","cardBag","_parent","_scrollView","cardPrefab"],[["cc.Node",["_name","_active","_opacity","_components","_prefab","_contentSize","_parent","_anchorPoint","_trs","_children","_color"],0,9,4,5,1,5,7,2,5],["cc.Sprite",["_sizeMode","_isTrimmedMode","_type","_fillType","_fillStart","_fillRange","node","_materials","_spriteFrame"],-3,1,3,6],"cc.SpriteFrame",["cc.Node",["_name","_active","_children","_prefab","_contentSize","_parent","_components","_anchorPoint","_trs"],1,2,4,5,1,12,5,7],["cc.Node",["_name","_active","_opacity","_parent","_components","_prefab","_contentSize","_anchorPoint","_trs","_color","_children"],0,1,2,4,5,5,7,5,2],["cc.Label",["_string","_N$horizontalAlign","_N$verticalAlign","_fontSize","_lineHeight","_isSystemFontUsed","node","_materials","_N$file"],-3,1,3,6],["cc.Widget",["_alignFlags","_left","alignMode","_right","_originalHeight","node"],-2,1],["cc.PrefabInfo",["fileId","root","asset"],2,1,1],["cc.Prefab",["_name"],2],["d4c9aa5gwhP3pERHLKMrPqN",["node","cardBoard","cardBoardFrames","cardIcon","priceLabel","mask","unselectTag"],3,1,1,3,1,1,1,1],["2968fkttspIT5a1kZ/KNhdN",["node","cardBag","startBtn","bagNode","cardSelectList","cardSlotNode","cardSlotList","guideArrowNode","cardPrefab"],3,1,1,1,1,1,1,2,1,6],["cc.Layout",["_resize","_N$layoutType","_N$paddingLeft","_N$paddingTop","_N$spacingX","_N$spacingY","node","_layoutSize"],-3,1,5],["cc.Button",["_N$transition","node","clickEvents"],2,1,9],["cc.ClickEvent",["_componentId","handler","target"],1,1],["cc.LabelOutline",["_width","node","_color"],2,1,5],["cc.Mask",["_N$alphaThreshold","node","_materials"],2,1,3],["7c370pfHupJy6vC3j5aNppR",["node","cardBoard","cardBoardFrames","cardIcon","priceLabel","cdStaticMask","cdMask","selectTag","guideMask"],3,1,1,3,1,1,1,1,1,1],["1fd6bOvfHhGU7STqwU/NFaY",["node","cardList"],3,1,2],["cc.Scrollbar",["_N$direction","node","_N$handle"],2,1,1],["cc.ScrollView",["horizontal","brake","bounceDuration","_N$horizontalScrollBar","node","_N$content","_N$verticalScrollBar"],-1,1,1,1]],[[7,0,1,2,2],[0,0,6,3,4,5,8,2],[1,6,7,8,1],[1,0,1,6,7,8,3],[1,2,0,1,6,7,8,4],[0,0,6,9,3,4,5,8,2],[4,0,3,4,5,6,7,8,2],[3,0,5,2,3,4,7,2],[4,0,3,4,5,9,6,7,8,2],[1,0,1,6,7,3],[1,6,7,1],[5,0,3,4,1,2,6,7,6],[3,0,1,5,2,3,3],[0,0,1,2,6,3,4,10,5,7,4],[0,0,1,6,3,4,5,7,3],[4,0,1,3,10,4,5,6,7,8,3],[4,0,1,2,3,4,5,9,6,7,4],[1,2,0,3,4,5,6,7,6],[16,0,1,2,3,4,5,6,7,8,1],[12,0,1,2,2],[13,0,1,2,3],[0,0,6,3,4,10,5,8,2],[6,0,1,5,3],[8,0,2],[3,0,5,2,6,3,4,7,8,2],[7,1,2,1],[5,0,3,4,5,1,2,6,7,8,7],[5,0,5,1,2,6,7,8,5],[14,0,1,2,2],[3,0,2,6,3,4,7,8,2],[3,0,5,2,6,3,4,8,2],[0,0,2,6,3,4,10,5,7,3],[0,0,9,3,4,5,8,2],[0,0,6,9,3,4,7,8,2],[0,0,6,9,3,4,5,7,8,2],[0,0,3,4,5,7,2],[0,0,1,6,3,4,5,3],[0,0,6,9,3,4,5,7,2],[0,0,6,3,4,10,5,2],[0,0,6,3,4,5,7,8,2],[4,0,3,10,4,5,6,7,8,2],[9,0,1,2,3,4,5,6,1],[1,2,0,6,7,3],[1,2,0,1,6,7,4],[6,0,5,2],[6,2,0,1,3,4,5,6],[10,0,1,2,3,4,5,6,7,8,1],[11,0,1,2,3,4,5,6,7,7],[15,0,1,2,2],[17,0,1,1],[18,0,1,2,2],[19,0,1,2,3,4,5,6,5]],[[[{"name":"mask","rect":[0,0,70,29],"offset":[0,0],"originalSize":[70,29],"capInsets":[8,0,8,0]}],[2],0,[0],[2],[9]],[[[23,"BagPlantCard"],[29,"BagPlantCard",[-9,-10,-11,-12],[[-2,[41,-8,-7,[9,10],-6,-5,-4,-3]],1,4],[25,-1,0],[5,136,75],[0,0,0.5],[-285,-42.5,0,0,0,0,1,1,1,1]],[5,"plant_price_bg",1,[-14],[[3,2,false,-13,[2],3]],[0,"8fy1zxT2tMtak0t2A80ix9",1,0],[5,56,31],[101,-14.7,0,0,0,0,1,1,1,1]],[31,"mask",200,1,[[3,2,false,-15,[4],5]],[0,"de0MPYu01IWou4Gr0xe0kG",1,0],[4,4278190080],[5,136,75],[0,0,0.5]],[1,"card_selected",1,[[2,-16,[6],7]],[0,"e4olQDqQpPWLInuKGkB8J5",1,0],[5,101,49],[65,0,0,0,0,0,1,1,1,1]],[7,"Card",1,[-17],[0,"acF1c6kkJLTbYS3s7ZSxBb",1,0],[5,136,75],[0,0,0.5]],[6,"Icon",5,[-18],[0,"772uLgmYZEfKEEebC2bnvD",1,0],[5,128,68],[0,0,0.5],[0,4,0,0,0,0,1,1,1,1]],[9,0,false,6,[0]],[8,"price",2,[-19],[0,"4eMl13JyNAnYo+rXjsvUIx",1,0],[4,4278190080],[5,33.37,42.84],[0,1,0.5],[31,0.7,0,0,0,0,1,1,1,1]],[11,"50",30,34,1,1,8,[1]],[10,1,[8]]],0,[0,4,1,0,-1,10,0,6,4,0,7,3,0,8,9,0,9,7,0,10,10,0,1,1,0,-1,5,0,-2,2,0,-3,3,0,-4,4,0,1,2,0,-1,8,0,1,3,0,1,4,0,-1,6,0,-1,7,0,-1,9,0,5,1,19],[0,0,0,0,0,0,0,0,0,0,0,10],[-1,-1,-1,0,-1,0,-1,0,-1,-1,-2,0],[0,0,0,4,0,2,0,10,0,3,5,3]],[[[23,"PlantSelectView"],[32,"PlantSelectView",[-19,-20,-21],[[44,45,-2],[46,-18,-17,-16,-15,-14,-13,[-4,-5,-6,-7,-8,-9,-10,-11,-12],-3,223]],[25,-1,0],[5,1280,720],[640,360,0,0,0,0,1,1,1,1]],[24,"CardContent",1,[-24,-25,-26,-27,-28,-29,-30,-31,-32,-33],[[[22,8,23,-22],-23],4,1],[0,"c65tkZAQpOFr6WWLZALlUf",1,0],[5,150,660],[0,0,1],[-617,348,0,0,0,0,1,1,1,1]],[33,"CardBgSlot",1,[-35,-36,-37,-38,-39,-40,-41,-42,-43],[[22,8,91,-34]],[0,"8aKUrMPCdIn77zNLOKpJHP",1,0],[0,0.5,1],[-549,348,0,0,0,0,1,1,1,1]],[34,"Plant_select_bg",1,[-46,-47,-48,-49,-50,-51,-52],[[4,1,0,false,-44,[221],222],[22,8,177,-45]],[0,"e7qazJGc5BNJNrIMCzWqeb",1,0],[5,622,610],[0,0.5,1],[-152,345,0,0,0,0,1,1,1,1]],[15,"PlantCard1",false,2,[-55,-56,-57,-58,-59,-60],[-53,-54],[0,"1aPGaEopBELLTRs35GBQG2",1,0],[5,136,75],[0,0,0.5],[0,-36,0,0,0,0,1,1,1,1]],[15,"PlantCard2",false,2,[-63,-64,-65,-66,-67,-68],[-61,-62],[0,"06IGg+/J9Gg6VGCx6cW98r",1,0],[5,136,75],[0,0,0.5],[0,-114,0,0,0,0,1,1,1,1]],[15,"PlantCard3",false,2,[-71,-72,-73,-74,-75,-76],[-69,-70],[0,"20okcGIBJMvrg7xu4KKMBu",1,0],[5,136,75],[0,0,0.5],[0,-192,0,0,0,0,1,1,1,1]],[15,"PlantCard4",false,2,[-79,-80,-81,-82,-83,-84],[-77,-78],[0,"50tEMovSVDz4MYHXZOUTiv",1,0],[5,136,75],[0,0,0.5],[0,-270,0,0,0,0,1,1,1,1]],[15,"PlantCard5",false,2,[-87,-88,-89,-90,-91,-92],[-85,-86],[0,"5duBwC2LpDu7IJKgykZtTY",1,0],[5,136,75],[0,0,0.5],[0,-348,0,0,0,0,1,1,1,1]],[15,"PlantCard6",false,2,[-95,-96,-97,-98,-99,-100],[-93,-94],[0,"470UkKOARNOaVq8HMpROAq",1,0],[5,136,75],[0,0,0.5],[0,-426,0,0,0,0,1,1,1,1]],[15,"PlantCard7",false,2,[-103,-104,-105,-106,-107,-108],[-101,-102],[0,"b2OxDbsBBKZKe1PRJXS3UZ",1,0],[5,136,75],[0,0,0.5],[0,-504,0,0,0,0,1,1,1,1]],[15,"PlantCard8",false,2,[-111,-112,-113,-114,-115,-116],[-109,-110],[0,"96O4fmyv1Pupdp2IxtOexI",1,0],[5,136,75],[0,0,0.5],[0,-582,0,0,0,0,1,1,1,1]],[15,"PlantCard9",false,2,[-119,-120,-121,-122,-123,-124],[-117,-118],[0,"27WKrpHu9K+5+LmLGkha0S",1,0],[5,136,75],[0,0,0.5],[0,-660,0,0,0,0,1,1,1,1]],[12,"selected",false,5,[-125,-126,-127,-128],[0,"8auRLvHy1NvIQsVIbp9faQ",1,0]],[12,"selected",false,6,[-129,-130,-131,-132],[0,"42bxiV+wBDu6A2YvMw9g/y",1,0]],[12,"selected",false,7,[-133,-134,-135,-136],[0,"7c122ctx1AnbCqdzmD7+wY",1,0]],[12,"selected",false,8,[-137,-138,-139,-140],[0,"4bwnbL/t9M0LKt2d6Q/oGq",1,0]],[12,"selected",false,9,[-141,-142,-143,-144],[0,"7dkU1gsLRDt7P0rb81Ao4B",1,0]],[12,"selected",false,10,[-145,-146,-147,-148],[0,"c0N+CaYHJGq79QU6SljxRY",1,0]],[12,"selected",false,11,[-149,-150,-151,-152],[0,"c2gYYWr1dB+LlpP09pWQ+r",1,0]],[12,"selected",false,12,[-153,-154,-155,-156],[0,"e3npDg03hH4qFtvV11QH4g",1,0]],[12,"selected",false,13,[-157,-158,-159,-160],[0,"fa3F6xeYFPa5JBuAqOCRcE",1,0]],[40,"BagContent",4,[-162,-163,-164],[-161],[0,"16sk3cCXlNrY20uwAMbuN5",1,0],[5,580,530],[0,0.5,1],[0,-56,0,0,0,0,1,1,1,1]],[24,"scrollBar",23,[-167],[[-165,[45,0,37,350.07654921020657,2,237,-166]],1,4],[0,"41wCw2fo9HFp8GS5hpIqes",1,0],[5,15,530],[0,1,0.5],[288,-265,0,0,0,0,1,1,1,1]],[35,"content",[[47,1,3,5,5,4,4,-168,[5,580,90]]],[0,"7cBaM2iT1FkL8tQy2x3W6X",1,0],[5,580,90],[0,0.5,1]],[5,"btn_handbook",4,[-171],[[4,1,0,false,-169,[210],211],[19,3,-170,[[20,"2968fkttspIT5a1kZ/KNhdN","clickHandBook",1]]]],[0,"37Vhm60XdO6IfR6np3KjfK",1,0],[5,185,54],[-204,-657,0,0,0,0,1,1,1,0]],[30,"btn_start",4,[-174],[[-172,[19,3,-173,[[20,"2968fkttspIT5a1kZ/KNhdN","clickStart",1]]]],1,4],[0,"63gl45Hg5M6a7SBx2G2BrU",1,0],[5,196,74],[3,-656,0,0,0,0,1,1,1,0]],[5,"btn_shop",4,[-177],[[4,1,0,false,-175,[217],218],[19,3,-176,[[20,"2968fkttspIT5a1kZ/KNhdN","clickShop",1]]]],[0,"baK4JC19ZASIhFMERhx1OZ",1,0],[5,185,54],[211,-657,0,0,0,0,1,1,1,0]],[1,"void_slot_1",3,[[4,1,0,false,-178,[0],1]],[0,"fcYkHrCKRKMY0eNYBI2xV0",1,0],[5,136,75],[0,-36,0,0,0,0,1,1,1,1]],[1,"void_slot_2",3,[[4,1,0,false,-179,[2],3]],[0,"95T+kRRDpLnZo7pLqRgyBB",1,0],[5,136,75],[0,-114,0,0,0,0,1,1,1,1]],[1,"void_slot_3",3,[[4,1,0,false,-180,[4],5]],[0,"f7lu//fI5P/ajNzZPP4xTF",1,0],[5,136,75],[0,-192,0,0,0,0,1,1,1,1]],[1,"void_slot_4",3,[[4,1,0,false,-181,[6],7]],[0,"57afDmMAxP8rHULL+7FJHI",1,0],[5,136,75],[0,-270,0,0,0,0,1,1,1,1]],[1,"void_slot_5",3,[[4,1,0,false,-182,[8],9]],[0,"878MG/IgtEY5uC5sk6z8m7",1,0],[5,136,75],[0,-348,0,0,0,0,1,1,1,1]],[1,"void_slot_6",3,[[4,1,0,false,-183,[10],11]],[0,"e3Xc2mqn9GdZasuAvp1urK",1,0],[5,136,75],[0,-426,0,0,0,0,1,1,1,1]],[1,"void_slot_7",3,[[4,1,0,false,-184,[12],13]],[0,"b0+yOQc1xNn6hAdNSpsdRW",1,0],[5,136,75],[0,-504,0,0,0,0,1,1,1,1]],[1,"void_slot_8",3,[[4,1,0,false,-185,[14],15]],[0,"1fPP6hK9xLkpuLJAQB36Mr",1,0],[5,136,75],[0,-582,0,0,0,0,1,1,1,1]],[1,"void_slot_9",3,[[4,1,0,false,-186,[16],17]],[0,"c7Xwd1n65NFZ/w2Vk4vn3h",1,0],[5,136,75],[0,-660,0,0,0,0,1,1,1,1]],[5,"plant_price_bg",5,[-188],[[3,2,false,-187,[20],21]],[0,"34/1JcMYtIloSlbFYc/yoB",1,0],[5,56,31],[101,-14.7,0,0,0,0,1,1,1,1]],[13,"mask",false,122,5,[[3,2,false,-189,[22],23]],[0,"a3xq23Wz5DNLJOAm/J+asx",1,0],[4,4278190080],[5,136,75],[0,0,0.5]],[14,"guidemask",false,5,[[3,2,false,-190,[25],26]],[0,"ba05DAwOVPvr/v+ERVm6Nt",1,0],[5,136,75],[0,0,0.5]],[5,"plant_price_bg",6,[-192],[[3,2,false,-191,[40],41]],[0,"97CYSoaPdC7ZipBdtn2FOn",1,0],[5,56,31],[101,-14.7,0,0,0,0,1,1,1,1]],[13,"mask",false,122,6,[[3,2,false,-193,[42],43]],[0,"a4naJXmRVJooTGOw5OJJiu",1,0],[4,4278190080],[5,136,75],[0,0,0.5]],[14,"guidemask",false,6,[[3,2,false,-194,[45],46]],[0,"58YY/q2WBORZmxfpKZbIQS",1,0],[5,136,75],[0,0,0.5]],[5,"plant_price_bg",7,[-196],[[3,2,false,-195,[60],61]],[0,"0aJGr1JE5EhqHIocTCVPE7",1,0],[5,56,31],[101,-14.7,0,0,0,0,1,1,1,1]],[13,"mask",false,122,7,[[3,2,false,-197,[62],63]],[0,"fblZNM1gpFkrktD1wZAKo7",1,0],[4,4278190080],[5,136,75],[0,0,0.5]],[14,"guidemask",false,7,[[3,2,false,-198,[65],66]],[0,"7cs7gtfYRIvpbJQSxQ4Tp7",1,0],[5,136,75],[0,0,0.5]],[5,"plant_price_bg",8,[-200],[[3,2,false,-199,[80],81]],[0,"5a7Na1spJCtqtzUA9qe4Um",1,0],[5,56,31],[101,-14.7,0,0,0,0,1,1,1,1]],[13,"mask",false,122,8,[[3,2,false,-201,[82],83]],[0,"f9oZ3jN1pNO4EAzzi5cVcS",1,0],[4,4278190080],[5,136,75],[0,0,0.5]],[14,"guidemask",false,8,[[3,2,false,-202,[85],86]],[0,"54xqfmDGVPqKQbeUHoa+8G",1,0],[5,136,75],[0,0,0.5]],[5,"plant_price_bg",9,[-204],[[3,2,false,-203,[100],101]],[0,"a1sz/FGppB44Lyv8UePzTh",1,0],[5,56,31],[101,-14.7,0,0,0,0,1,1,1,1]],[13,"mask",false,122,9,[[3,2,false,-205,[102],103]],[0,"821ffytpdOz4Ky5tXIlj4B",1,0],[4,4278190080],[5,136,75],[0,0,0.5]],[14,"guidemask",false,9,[[3,2,false,-206,[105],106]],[0,"11Y45cI+hHprnyxoiamly5",1,0],[5,136,75],[0,0,0.5]],[5,"plant_price_bg",10,[-208],[[3,2,false,-207,[120],121]],[0,"f50bjDLMNLi499mEcg008d",1,0],[5,56,31],[101,-14.7,0,0,0,0,1,1,1,1]],[13,"mask",false,122,10,[[3,2,false,-209,[122],123]],[0,"0a/E3GLQtCBYFKVyKSEYy5",1,0],[4,4278190080],[5,136,75],[0,0,0.5]],[14,"guidemask",false,10,[[3,2,false,-210,[125],126]],[0,"36z+RCk1dPH4k28ndy4NEI",1,0],[5,136,75],[0,0,0.5]],[5,"plant_price_bg",11,[-212],[[3,2,false,-211,[140],141]],[0,"89qnAPcXJFxook7SNN7bpV",1,0],[5,56,31],[101,-14.7,0,0,0,0,1,1,1,1]],[13,"mask",false,122,11,[[3,2,false,-213,[142],143]],[0,"2ap4XaRrdJDYn77bJgpuNs",1,0],[4,4278190080],[5,136,75],[0,0,0.5]],[14,"guidemask",false,11,[[3,2,false,-214,[145],146]],[0,"f4IjOq9cdMU4g8QT3tn2NA",1,0],[5,136,75],[0,0,0.5]],[5,"plant_price_bg",12,[-216],[[3,2,false,-215,[160],161]],[0,"c2EW4PhbVN1bIjo5FiSBF+",1,0],[5,56,31],[101,-14.7,0,0,0,0,1,1,1,1]],[13,"mask",false,122,12,[[3,2,false,-217,[162],163]],[0,"e16ethql1PGIY0+IOcLJ/v",1,0],[4,4278190080],[5,136,75],[0,0,0.5]],[14,"guidemask",false,12,[[3,2,false,-218,[165],166]],[0,"44lFeQT0ZBIbtSvFHiNEel",1,0],[5,136,75],[0,0,0.5]],[5,"plant_price_bg",13,[-220],[[3,2,false,-219,[180],181]],[0,"d4Xk3uuc5Jo4Ensj5iYXqA",1,0],[5,56,31],[101,-14.7,0,0,0,0,1,1,1,1]],[13,"mask",false,122,13,[[3,2,false,-221,[182],183]],[0,"e4KZ+rUPZIob3mM2vWhqfk",1,0],[4,4278190080],[5,136,75],[0,0,0.5]],[14,"guidemask",false,13,[[3,2,false,-222,[185],186]],[0,"7cEHApJolGHYuj9zY8Uuyk",1,0],[5,136,75],[0,0,0.5]],[36,"arrow",false,2,[[2,-223,[198],199]],[0,"c43DVRjHNEyKZQUkR0cq1E",1,0],[5,45,52]],[21,"tittle",4,[[26,"选择你的植物吧！",32,36,false,1,1,-224,[202],203],[28,3,-225,[4,4278208621]]],[0,"e6QrB9/SxMEbQ5s+uvsojO",1,0],[4,4284081919],[5,262,51.36],[2,-27,0,0,0,0,1,1,1,1]],[37,"view",23,[25],[[48,0,-226,[205]]],[0,"dez6F59WVDc7yagmaD1O31",1,0],[5,580,530],[0,0.5,1]],[38,"txt",27,[[26,"开始游戏",34,36,false,1,1,-227,[212],213],[28,3,-228,[4,4278208621]]],[0,"c10vaoBvdLcoBsFZibHJ6y",1,0],[4,4284081919],[5,142,51.36]],[1,"btn_pause",4,[[2,-229,[219],220],[19,3,-230,[[20,"2968fkttspIT5a1kZ/KNhdN","clickMenu",1]]]],[0,"29TOy7JvlKZabk/N7tsmTI",1,0],[5,85,81],[544,-38,0,0,0,0,1,1,1,0]],[7,"Card",5,[-231],[0,"4easSx/c1FKIGFUX69fJoa",1,0],[5,136,75],[0,0,0.5]],[6,"Icon",70,[-232],[0,"77ddo7N6BFL6LDY967p03L",1,0],[5,128,68],[0,0,0.5],[0,4,0,0,0,0,1,1,1,1]],[9,0,false,71,[18]],[8,"price",38,[-233],[0,"28BB1h1pBJUrQojI1ttAC3",1,0],[4,4278190080],[5,33.37,42.84],[0,1,0.5],[31,0.7,0,0,0,0,1,1,1,1]],[11,"50",30,34,1,1,73,[19]],[16,"cd-mask",false,122,5,[-234],[0,"cdNm/MPo1GzriQ9d/JXdap",1,0],[4,4278190080],[5,136,75],[0,0,0.5]],[17,3,0,1,1,-1,75,[24]],[1,"select_light",14,[[2,-235,[27],28]],[0,"67uUxaDRlJzIMR0M6WPCSX",1,0],[5,81,64],[23,23,0,0,0,0,1,1,1,1]],[1,"select_light copy",14,[[2,-236,[29],30]],[0,"bds3qxErxBgYzHOxY/PeWj",1,0],[5,81,64],[113,23,0,0,0,0,1,-1,1,1]],[1,"select_light copy",14,[[2,-237,[31],32]],[0,"4cSdLJ+kFGK4Wlrc9H1T80",1,0],[5,81,64],[113,-23,0,0,0,0,1,-1,-1,1]],[1,"select_light copy",14,[[2,-238,[33],34]],[0,"3eSVLgSQ9JcrQ9REC5vPTg",1,0],[5,81,64],[23,-23,0,0,0,0,1,1,-1,1]],[10,5,[35]],[18,5,81,[36,37],72,74,39,76,14,40],[7,"Card",6,[-239],[0,"73vntLCI1L5r7UAZm9tnDB",1,0],[5,136,75],[0,0,0.5]],[6,"Icon",83,[-240],[0,"96QGuiTidEjLYrbQSCOHRy",1,0],[5,128,68],[0,0,0.5],[0,4,0,0,0,0,1,1,1,1]],[9,0,false,84,[38]],[8,"price",41,[-241],[0,"2f7+VLukJPb40auw+B0CbR",1,0],[4,4278190080],[5,33.37,42.84],[0,1,0.5],[31,0.7,0,0,0,0,1,1,1,1]],[11,"50",30,34,1,1,86,[39]],[16,"cd-mask",false,122,6,[-242],[0,"4a2GPUzx1COL8C0zp7u0VM",1,0],[4,4278190080],[5,136,75],[0,0,0.5]],[17,3,0,1,1,-1,88,[44]],[1,"select_light",15,[[2,-243,[47],48]],[0,"9e/2PCbbdA2bJ0JgOHP7Vg",1,0],[5,81,64],[23,23,0,0,0,0,1,1,1,1]],[1,"select_light copy",15,[[2,-244,[49],50]],[0,"c8j9J6eMhL55WwfB76ZlVe",1,0],[5,81,64],[113,23,0,0,0,0,1,-1,1,1]],[1,"select_light copy",15,[[2,-245,[51],52]],[0,"7dcEJiWz1ETLq/VckOQSa+",1,0],[5,81,64],[113,-23,0,0,0,0,1,-1,-1,1]],[1,"select_light copy",15,[[2,-246,[53],54]],[0,"38EzuM3+FAxZql4XlEmf6K",1,0],[5,81,64],[23,-23,0,0,0,0,1,1,-1,1]],[10,6,[55]],[18,6,94,[56,57],85,87,42,89,15,43],[7,"Card",7,[-247],[0,"90mwNq3C1FFKKaQTVp5rkd",1,0],[5,136,75],[0,0,0.5]],[6,"Icon",96,[-248],[0,"d3jq4UuzFNZ6opqFQ7twSZ",1,0],[5,128,68],[0,0,0.5],[0,4,0,0,0,0,1,1,1,1]],[9,0,false,97,[58]],[8,"price",44,[-249],[0,"cfIZPLt1xDTZfSGWFmMIpy",1,0],[4,4278190080],[5,33.37,42.84],[0,1,0.5],[31,0.7,0,0,0,0,1,1,1,1]],[11,"50",30,34,1,1,99,[59]],[16,"cd-mask",false,122,7,[-250],[0,"e6AbD/oHRITItLfynjfpVB",1,0],[4,4278190080],[5,136,75],[0,0,0.5]],[17,3,0,1,1,-1,101,[64]],[1,"select_light",16,[[2,-251,[67],68]],[0,"e2V6PlwZJFMq+7LOBlM9+m",1,0],[5,81,64],[23,23,0,0,0,0,1,1,1,1]],[1,"select_light copy",16,[[2,-252,[69],70]],[0,"d73XNGHjVEZot0YLxue1XC",1,0],[5,81,64],[113,23,0,0,0,0,1,-1,1,1]],[1,"select_light copy",16,[[2,-253,[71],72]],[0,"a1NH6DXrRAH7jYLF/fUeZh",1,0],[5,81,64],[113,-23,0,0,0,0,1,-1,-1,1]],[1,"select_light copy",16,[[2,-254,[73],74]],[0,"2cVwVtLTxGH4Y/oUh+JeBC",1,0],[5,81,64],[23,-23,0,0,0,0,1,1,-1,1]],[10,7,[75]],[18,7,107,[76,77],98,100,45,102,16,46],[7,"Card",8,[-255],[0,"2ew0Bn/fNDNIxjwXhhXnHh",1,0],[5,136,75],[0,0,0.5]],[6,"Icon",109,[-256],[0,"93rjnaWPhOBL5/a9xtgWNQ",1,0],[5,128,68],[0,0,0.5],[0,4,0,0,0,0,1,1,1,1]],[9,0,false,110,[78]],[8,"price",47,[-257],[0,"c5smDjNKNM5KYXlxZl7qP/",1,0],[4,4278190080],[5,33.37,42.84],[0,1,0.5],[31,0.7,0,0,0,0,1,1,1,1]],[11,"50",30,34,1,1,112,[79]],[16,"cd-mask",false,122,8,[-258],[0,"cakS678AJEJ5l9Yekgwx+N",1,0],[4,4278190080],[5,136,75],[0,0,0.5]],[17,3,0,1,1,-1,114,[84]],[1,"select_light",17,[[2,-259,[87],88]],[0,"b6v2JbuQFGa7z0ow/kGjyn",1,0],[5,81,64],[23,23,0,0,0,0,1,1,1,1]],[1,"select_light copy",17,[[2,-260,[89],90]],[0,"acPXMlpqNPxqeCEP8klpD1",1,0],[5,81,64],[113,23,0,0,0,0,1,-1,1,1]],[1,"select_light copy",17,[[2,-261,[91],92]],[0,"26OxzAOJNInoTGY9XQcVtF",1,0],[5,81,64],[113,-23,0,0,0,0,1,-1,-1,1]],[1,"select_light copy",17,[[2,-262,[93],94]],[0,"46tjPmUv5GMowRBJL4KKvj",1,0],[5,81,64],[23,-23,0,0,0,0,1,1,-1,1]],[10,8,[95]],[18,8,120,[96,97],111,113,48,115,17,49],[7,"Card",9,[-263],[0,"14PmAi7M9Mu6sHTcMLOXIM",1,0],[5,136,75],[0,0,0.5]],[6,"Icon",122,[-264],[0,"85lyBYicxLJq48VZgkmBuk",1,0],[5,128,68],[0,0,0.5],[0,4,0,0,0,0,1,1,1,1]],[9,0,false,123,[98]],[8,"price",50,[-265],[0,"12ZGDUaoREm4qMq/SjU0ik",1,0],[4,4278190080],[5,33.37,42.84],[0,1,0.5],[31,0.7,0,0,0,0,1,1,1,1]],[11,"50",30,34,1,1,125,[99]],[16,"cd-mask",false,122,9,[-266],[0,"49Kp7mYCNAGL/nu9JfAkIE",1,0],[4,4278190080],[5,136,75],[0,0,0.5]],[17,3,0,1,1,-1,127,[104]],[1,"select_light",18,[[2,-267,[107],108]],[0,"d6C7sSowxAqIiZBD0I52ZQ",1,0],[5,81,64],[23,23,0,0,0,0,1,1,1,1]],[1,"select_light copy",18,[[2,-268,[109],110]],[0,"f44VfL3/BKSbHZ5wtBQXe5",1,0],[5,81,64],[113,23,0,0,0,0,1,-1,1,1]],[1,"select_light copy",18,[[2,-269,[111],112]],[0,"6cTRWSBgVFeYYK7SKlxvJ8",1,0],[5,81,64],[113,-23,0,0,0,0,1,-1,-1,1]],[1,"select_light copy",18,[[2,-270,[113],114]],[0,"ee2PaWsXVL3ayzv5UnZ/jA",1,0],[5,81,64],[23,-23,0,0,0,0,1,1,-1,1]],[10,9,[115]],[18,9,133,[116,117],124,126,51,128,18,52],[7,"Card",10,[-271],[0,"37axhyvp1EG7WBHdjYO3Pr",1,0],[5,136,75],[0,0,0.5]],[6,"Icon",135,[-272],[0,"31TlcnDoFLrZ8thpXiIDry",1,0],[5,128,68],[0,0,0.5],[0,4,0,0,0,0,1,1,1,1]],[9,0,false,136,[118]],[8,"price",53,[-273],[0,"5aRB57tX9M1LIeQBvf4yFo",1,0],[4,4278190080],[5,33.37,42.84],[0,1,0.5],[31,0.7,0,0,0,0,1,1,1,1]],[11,"50",30,34,1,1,138,[119]],[16,"cd-mask",false,122,10,[-274],[0,"29kWEEomNHnqtA+GYs8I7J",1,0],[4,4278190080],[5,136,75],[0,0,0.5]],[17,3,0,1,1,-1,140,[124]],[1,"select_light",19,[[2,-275,[127],128]],[0,"dd57k73E5Hjpjhb6dsQvVk",1,0],[5,81,64],[23,23,0,0,0,0,1,1,1,1]],[1,"select_light copy",19,[[2,-276,[129],130]],[0,"81hoeFT1xCFrPxD4zs8HNi",1,0],[5,81,64],[113,23,0,0,0,0,1,-1,1,1]],[1,"select_light copy",19,[[2,-277,[131],132]],[0,"5752LwzYJB67F8rqXok5Go",1,0],[5,81,64],[113,-23,0,0,0,0,1,-1,-1,1]],[1,"select_light copy",19,[[2,-278,[133],134]],[0,"485+8TqE1L4qAyJRIJIg4r",1,0],[5,81,64],[23,-23,0,0,0,0,1,1,-1,1]],[10,10,[135]],[18,10,146,[136,137],137,139,54,141,19,55],[7,"Card",11,[-279],[0,"b0eRNK84NK07KrUElM1Ssn",1,0],[5,136,75],[0,0,0.5]],[6,"Icon",148,[-280],[0,"e2NBX1tRNIlZY9LW/6yXuQ",1,0],[5,128,68],[0,0,0.5],[0,4,0,0,0,0,1,1,1,1]],[9,0,false,149,[138]],[8,"price",56,[-281],[0,"24XjyjTQ5JtrFS3DLQx8WV",1,0],[4,4278190080],[5,33.37,42.84],[0,1,0.5],[31,0.7,0,0,0,0,1,1,1,1]],[11,"50",30,34,1,1,151,[139]],[16,"cd-mask",false,122,11,[-282],[0,"b54oGCk3JJ9Z9Ni6qIGuLa",1,0],[4,4278190080],[5,136,75],[0,0,0.5]],[17,3,0,1,1,-1,153,[144]],[1,"select_light",20,[[2,-283,[147],148]],[0,"1dhrzfbDFF5bxYJ+Mx9ez7",1,0],[5,81,64],[23,23,0,0,0,0,1,1,1,1]],[1,"select_light copy",20,[[2,-284,[149],150]],[0,"b2wKUhUjtJead8RG+KTJIr",1,0],[5,81,64],[113,23,0,0,0,0,1,-1,1,1]],[1,"select_light copy",20,[[2,-285,[151],152]],[0,"5bS36A6tRK1aVDOuVDYe1w",1,0],[5,81,64],[113,-23,0,0,0,0,1,-1,-1,1]],[1,"select_light copy",20,[[2,-286,[153],154]],[0,"f0MIkthIJOzbJFF3tSHG7B",1,0],[5,81,64],[23,-23,0,0,0,0,1,1,-1,1]],[10,11,[155]],[18,11,159,[156,157],150,152,57,154,20,58],[7,"Card",12,[-287],[0,"5cSAbdYzxMTaNaDcC3G253",1,0],[5,136,75],[0,0,0.5]],[6,"Icon",161,[-288],[0,"3bmm3zLqdE86uJHOdEXDq4",1,0],[5,128,68],[0,0,0.5],[0,4,0,0,0,0,1,1,1,1]],[9,0,false,162,[158]],[8,"price",59,[-289],[0,"d399/sEqNBkJvrctTlm8Pe",1,0],[4,4278190080],[5,33.37,42.84],[0,1,0.5],[31,0.7,0,0,0,0,1,1,1,1]],[11,"50",30,34,1,1,164,[159]],[16,"cd-mask",false,122,12,[-290],[0,"912Ikl6ohAz6xsFoGHrasn",1,0],[4,4278190080],[5,136,75],[0,0,0.5]],[17,3,0,1,1,-1,166,[164]],[1,"select_light",21,[[2,-291,[167],168]],[0,"43szJnw/VFmasrlcOwvqhh",1,0],[5,81,64],[23,23,0,0,0,0,1,1,1,1]],[1,"select_light copy",21,[[2,-292,[169],170]],[0,"9fFUCahvhDzrg1uc5GyEbh",1,0],[5,81,64],[113,23,0,0,0,0,1,-1,1,1]],[1,"select_light copy",21,[[2,-293,[171],172]],[0,"00AgP2qJ1EKal5tLpJzyUB",1,0],[5,81,64],[113,-23,0,0,0,0,1,-1,-1,1]],[1,"select_light copy",21,[[2,-294,[173],174]],[0,"72TEhtIFRKVYHLaBlmAiMf",1,0],[5,81,64],[23,-23,0,0,0,0,1,1,-1,1]],[10,12,[175]],[18,12,172,[176,177],163,165,60,167,21,61],[7,"Card",13,[-295],[0,"5doZB8bUZG8ILNxLmD0k42",1,0],[5,136,75],[0,0,0.5]],[6,"Icon",174,[-296],[0,"2cWnFG5z1M6bOLgU1xjwnW",1,0],[5,128,68],[0,0,0.5],[0,4,0,0,0,0,1,1,1,1]],[9,0,false,175,[178]],[8,"price",62,[-297],[0,"ddSN0Gz5NAIryx52WzyIAt",1,0],[4,4278190080],[5,33.37,42.84],[0,1,0.5],[31,0.7,0,0,0,0,1,1,1,1]],[11,"50",30,34,1,1,177,[179]],[16,"cd-mask",false,122,13,[-298],[0,"14DvI3+RFF1p7Z21VyiqGq",1,0],[4,4278190080],[5,136,75],[0,0,0.5]],[17,3,0,1,1,-1,179,[184]],[1,"select_light",22,[[2,-299,[187],188]],[0,"b8nSmyVd5Dr5c91QoQZ0sU",1,0],[5,81,64],[23,23,0,0,0,0,1,1,1,1]],[1,"select_light copy",22,[[2,-300,[189],190]],[0,"91NvTtKPhEj6DwIVKBvHq0",1,0],[5,81,64],[113,23,0,0,0,0,1,-1,1,1]],[1,"select_light copy",22,[[2,-301,[191],192]],[0,"5cQjSu2aFIvZ2Uw6b/7VH7",1,0],[5,81,64],[113,-23,0,0,0,0,1,-1,-1,1]],[1,"select_light copy",22,[[2,-302,[193],194]],[0,"8cFJ7nGelKT7w8NAeV8rjB",1,0],[5,81,64],[23,-23,0,0,0,0,1,1,-1,1]],[10,13,[195]],[18,13,185,[196,197],176,178,63,180,22,64],[49,2,[82,95,108,121,134,147,160,173,186]],[39,"select_bg",4,[[4,1,0,false,-303,[200],201]],[0,"11fjKIKotOzon7zk9JzCPQ",1,0],[5,583,542],[0,0.5,1],[0,-50,0,0,0,0,1,1,1,1]],[6,"bar",24,[-304],[0,"4dt+VEUTdMYoLUUK6flPUG",1,0],[5,13,50],[0,1,0],[-1,0,0,0,0,0,1,1,1,1]],[42,1,0,189,[204]],[50,1,24,190],[51,false,0.75,0.23,null,23,25,191],[1,"mask",23,[[4,1,0,false,-305,[206],207]],[0,"60AxCNmTxLj5nfp3qtbtgT",1,0],[5,580,29],[0,-517,0,0,0,0,1,1,1,1]],[21,"txt",26,[[27,"图鉴",false,1,1,-306,[208],209]],[0,"e5whS/O7lNa7nPzoWewLm5",1,0],[4,4285150504],[5,80,50.4],[-1,0,0,0,0,0,1,1,1,1]],[43,1,0,false,27,[214]],[21,"txt",28,[[27,"商店",false,1,1,-307,[215],216]],[0,"ebA/ZyfXhBo5gJS6bAuLRG",1,0],[4,4285150504],[5,80,50.4],[-1,0,0,0,0,0,1,1,1,1]]],0,[0,4,1,0,1,1,0,11,65,0,-1,29,0,-2,30,0,-3,31,0,-4,32,0,-5,33,0,-6,34,0,-7,35,0,-8,36,0,-9,37,0,12,3,0,13,187,0,14,4,0,15,195,0,16,25,0,1,1,0,-1,3,0,-2,2,0,-3,4,0,1,2,0,-2,187,0,-1,5,0,-2,6,0,-3,7,0,-4,8,0,-5,9,0,-6,10,0,-7,11,0,-8,12,0,-9,13,0,-10,65,0,1,3,0,-1,29,0,-2,30,0,-3,31,0,-4,32,0,-5,33,0,-6,34,0,-7,35,0,-8,36,0,-9,37,0,1,4,0,1,4,0,-1,188,0,-2,66,0,-3,23,0,-4,26,0,-5,27,0,-6,28,0,-7,69,0,-1,81,0,-2,82,0,-1,70,0,-2,38,0,-3,39,0,-4,75,0,-5,40,0,-6,14,0,-1,94,0,-2,95,0,-1,83,0,-2,41,0,-3,42,0,-4,88,0,-5,43,0,-6,15,0,-1,107,0,-2,108,0,-1,96,0,-2,44,0,-3,45,0,-4,101,0,-5,46,0,-6,16,0,-1,120,0,-2,121,0,-1,109,0,-2,47,0,-3,48,0,-4,114,0,-5,49,0,-6,17,0,-1,133,0,-2,134,0,-1,122,0,-2,50,0,-3,51,0,-4,127,0,-5,52,0,-6,18,0,-1,146,0,-2,147,0,-1,135,0,-2,53,0,-3,54,0,-4,140,0,-5,55,0,-6,19,0,-1,159,0,-2,160,0,-1,148,0,-2,56,0,-3,57,0,-4,153,0,-5,58,0,-6,20,0,-1,172,0,-2,173,0,-1,161,0,-2,59,0,-3,60,0,-4,166,0,-5,61,0,-6,21,0,-1,185,0,-2,186,0,-1,174,0,-2,62,0,-3,63,0,-4,179,0,-5,64,0,-6,22,0,-1,77,0,-2,78,0,-3,79,0,-4,80,0,-1,90,0,-2,91,0,-3,92,0,-4,93,0,-1,103,0,-2,104,0,-3,105,0,-4,106,0,-1,116,0,-2,117,0,-3,118,0,-4,119,0,-1,129,0,-2,130,0,-3,131,0,-4,132,0,-1,142,0,-2,143,0,-3,144,0,-4,145,0,-1,155,0,-2,156,0,-3,157,0,-4,158,0,-1,168,0,-2,169,0,-3,170,0,-4,171,0,-1,181,0,-2,182,0,-3,183,0,-4,184,0,-1,192,0,-1,24,0,-2,67,0,-3,193,0,-1,191,0,1,24,0,-1,189,0,1,25,0,1,26,0,1,26,0,-1,194,0,-1,195,0,1,27,0,-1,68,0,1,28,0,1,28,0,-1,196,0,1,29,0,1,30,0,1,31,0,1,32,0,1,33,0,1,34,0,1,35,0,1,36,0,1,37,0,1,38,0,-1,73,0,1,39,0,1,40,0,1,41,0,-1,86,0,1,42,0,1,43,0,1,44,0,-1,99,0,1,45,0,1,46,0,1,47,0,-1,112,0,1,48,0,1,49,0,1,50,0,-1,125,0,1,51,0,1,52,0,1,53,0,-1,138,0,1,54,0,1,55,0,1,56,0,-1,151,0,1,57,0,1,58,0,1,59,0,-1,164,0,1,60,0,1,61,0,1,62,0,-1,177,0,1,63,0,1,64,0,1,65,0,1,66,0,1,66,0,1,67,0,1,68,0,1,68,0,1,69,0,1,69,0,-1,71,0,-1,72,0,-1,74,0,-1,76,0,1,77,0,1,78,0,1,79,0,1,80,0,-1,84,0,-1,85,0,-1,87,0,-1,89,0,1,90,0,1,91,0,1,92,0,1,93,0,-1,97,0,-1,98,0,-1,100,0,-1,102,0,1,103,0,1,104,0,1,105,0,1,106,0,-1,110,0,-1,111,0,-1,113,0,-1,115,0,1,116,0,1,117,0,1,118,0,1,119,0,-1,123,0,-1,124,0,-1,126,0,-1,128,0,1,129,0,1,130,0,1,131,0,1,132,0,-1,136,0,-1,137,0,-1,139,0,-1,141,0,1,142,0,1,143,0,1,144,0,1,145,0,-1,149,0,-1,150,0,-1,152,0,-1,154,0,1,155,0,1,156,0,1,157,0,1,158,0,-1,162,0,-1,163,0,-1,165,0,-1,167,0,1,168,0,1,169,0,1,170,0,1,171,0,-1,175,0,-1,176,0,-1,178,0,-1,180,0,1,181,0,1,182,0,1,183,0,1,184,0,1,188,0,-1,190,0,1,193,0,1,194,0,1,196,0,5,1,25,17,67,191,18,192,307],[0,0,0,0,0,0,0,0,0,0,0,0,0,0,0,0,0,0,0,0,0,0,0,0,0,0,0,0,0,0,0,0,0,0,0,0,0,0,0,0,0,0,0,0,0,0,0,0,0,0,0,0,0,0,0,0,0,0,0,0,0,0,0,0,0,0,0,0,0,0,0,0,0,0,0,0,0,0,0,0,0,0,0,0,0,0,0,0,0,0,0,0,0,0,0,0,0,0,0,0,0,0,0,0,0,0,0,0,0,0,0,0,0,0,0,0,0,0,0,0,0,0,0,0,0,0,0,0,0,0,0,0,0,0,0,0,0,0,0,0,0,0,0,0,0,0,0,0,0,0,0,0,0,0,0,0,0,0,0,0,0,0,0,0,0,0,0,0,0,0,0,0,0,0,0,0,0,0,0,0,0,0,0,0,0,0,0,0,0,0,0,0,0,0,0,0,0,0,0,0,0,0,0,0,0,0,0,0,0,0,0,0,0,0,0,0,0,0,0,0,0,0,0,0,76,81,89,94,102,107,115,120,128,133,141,146,154,159,167,172,180,185,190,195],[-1,0,-1,0,-1,0,-1,0,-1,0,-1,0,-1,0,-1,0,-1,0,-1,-1,-1,0,-1,0,-1,-1,0,-1,0,-1,0,-1,0,-1,0,-1,-1,-2,-1,-1,-1,0,-1,0,-1,-1,0,-1,0,-1,0,-1,0,-1,0,-1,-1,-2,-1,-1,-1,0,-1,0,-1,-1,0,-1,0,-1,0,-1,0,-1,0,-1,-1,-2,-1,-1,-1,0,-1,0,-1,-1,0,-1,0,-1,0,-1,0,-1,0,-1,-1,-2,-1,-1,-1,0,-1,0,-1,-1,0,-1,0,-1,0,-1,0,-1,0,-1,-1,-2,-1,-1,-1,0,-1,0,-1,-1,0,-1,0,-1,0,-1,0,-1,0,-1,-1,-2,-1,-1,-1,0,-1,0,-1,-1,0,-1,0,-1,0,-1,0,-1,0,-1,-1,-2,-1,-1,-1,0,-1,0,-1,-1,0,-1,0,-1,0,-1,0,-1,0,-1,-1,-2,-1,-1,-1,0,-1,0,-1,-1,0,-1,0,-1,0,-1,0,-1,0,-1,-1,-2,-1,0,-1,0,-1,3,-1,-1,-1,0,-1,3,-1,0,-1,3,-1,-1,3,-1,0,-1,0,-1,0,19,0,0,0,0,0,0,0,0,0,0,0,0,0,0,0,0,0,0,0,0],[0,6,0,6,0,6,0,6,0,6,0,6,0,6,0,6,0,6,0,0,0,4,0,2,0,0,2,0,1,0,1,0,1,0,1,0,3,5,0,0,0,4,0,2,0,0,2,0,1,0,1,0,1,0,1,0,3,5,0,0,0,4,0,2,0,0,2,0,1,0,1,0,1,0,1,0,3,5,0,0,0,4,0,2,0,0,2,0,1,0,1,0,1,0,1,0,3,5,0,0,0,4,0,2,0,0,2,0,1,0,1,0,1,0,1,0,3,5,0,0,0,4,0,2,0,0,2,0,1,0,1,0,1,0,1,0,3,5,0,0,0,4,0,2,0,0,2,0,1,0,1,0,1,0,1,0,3,5,0,0,0,4,0,2,0,0,2,0,1,0,1,0,1,0,1,0,3,5,0,0,0,4,0,2,0,0,2,0,1,0,1,0,1,0,1,0,3,5,0,11,0,12,0,7,0,0,0,13,0,7,0,8,0,7,0,0,7,0,8,0,14,0,15,16,2,3,2,3,2,3,2,3,2,3,2,3,2,3,2,3,2,3,17,18]],[[{"name":"void_slot","rect":[0,0,34,39],"offset":[0,0],"originalSize":[34,39],"capInsets":[13,15,13,15]}],[2],0,[0],[2],[19]],[[{"name":"scroll_bar","rect":[0,0,13,28],"offset":[0,0],"originalSize":[13,28],"capInsets":[0,10,0,10]}],[2],0,[0],[2],[20]],[[{"name":"slot_mask","rect":[0,0,136,75],"offset":[0,0],"originalSize":[136,75],"capInsets":[0,0,0,0]}],[2],0,[0],[2],[21]],[[{"name":"btn_pause","rect":[0,0,85,81],"offset":[0,0],"originalSize":[85,81],"capInsets":[0,0,0,0]}],[2],0,[0],[2],[22]],[[{"name":"card_selected","rect":[0,0,101,49],"offset":[0,0],"originalSize":[101,49],"capInsets":[0,0,0,0]}],[2],0,[0],[2],[23]]]]