[1,["39qhdqRFVCg4BfzpYdt9do","e3Na6WdjJK9LpgWa8SaKIQ","83K0zlAGtKUpTPeVgvMvr8"],["root","body","animation","node","data","_N$skeletonData"],[["cc.Node",["_name","_groupIndex","_parent","_components","_prefab","_contentSize"],1,1,2,4,5],["cc.PrefabInfo",["fileId","root","asset"],2,1,1],["sp.SkeletonData",["_name","_atlasText","textureNames","_skeletonJson","textures"],-1,3],["cc.Prefab",["_name"],2],["cc.Node",["_name","_children","_components","_prefab","_trs"],2,2,12,4,7],["a41fdxYsaxBIZPWmsxhOAdl",["node","animation","body","shadowOffset"],3,1,1,1,5],["cc.BoxCollider",["node","_offset","_size"],3,1,5,5],["96c396uvMtPhLUJFoRD9JmK",["node","body"],3,1,1],["sp.Skeleton",["defaultSkin","defaultAnimation","_preCacheMode","_animationName","node","_materials"],-1,1,3],["261d4+Q1HdGA5w3tjdBw83c",["activeFlash","node","spineAnimation"],2,1,1]],[[1,0,1,2,2],[2,0,1,2,3,4,5],[3,0,2],[4,0,1,2,3,4,2],[0,0,1,2,3,4,3],[0,0,2,3,4,5,2],[5,0,1,2,3,1],[1,1,2,1],[6,0,1,2,1],[7,0,1,1],[8,0,1,2,3,4,5,5],[9,0,1,2,2]],[[[[1,"07_plant","\n07_plant.png\nsize: 512,64\nformat: RGBA8888\nfilter: Linear,Linear\nrepeat: none\narm1\n  rotate: false\n  xy: 268, 28\n  size: 20, 34\n  orig: 20, 34\n  offset: 0, 0\n  index: -1\nbody\n  rotate: false\n  xy: 54, 10\n  size: 30, 52\n  orig: 30, 53\n  offset: 0, 0\n  index: -1\nc1\n  rotate: false\n  xy: 338, 44\n  size: 15, 18\n  orig: 15, 18\n  offset: 0, 0\n  index: -1\nc2\n  rotate: true\n  xy: 348, 24\n  size: 18, 15\n  orig: 18, 15\n  offset: 0, 0\n  index: -1\nc3\n  rotate: true\n  xy: 331, 11\n  size: 20, 15\n  orig: 20, 15\n  offset: 0, 0\n  index: -1\nc4\n  rotate: false\n  xy: 182, 2\n  size: 18, 13\n  orig: 18, 13\n  offset: 0, 0\n  index: -1\nhand1\n  rotate: false\n  xy: 281, 2\n  size: 24, 24\n  orig: 24, 24\n  offset: 0, 0\n  index: -1\nhead1\n  rotate: false\n  xy: 182, 17\n  size: 63, 45\n  orig: 63, 45\n  offset: 0, 0\n  index: -1\nhead2\n  rotate: false\n  xy: 86, 11\n  size: 73, 51\n  orig: 73, 52\n  offset: 0, 0\n  index: -1\nhead3\n  rotate: true\n  xy: 2, 5\n  size: 57, 50\n  orig: 57, 50\n  offset: 0, 0\n  index: -1\nleaf1\n  rotate: false\n  xy: 202, 2\n  size: 18, 13\n  orig: 18, 13\n  offset: 0, 0\n  index: -1\nleaf2\n  rotate: true\n  xy: 161, 5\n  size: 9, 17\n  orig: 9, 17\n  offset: 0, 0\n  index: -1\nleaf3\n  rotate: true\n  xy: 355, 46\n  size: 16, 15\n  orig: 17, 15\n  offset: 0, 0\n  index: -1\nleaf4\n  rotate: false\n  xy: 222, 2\n  size: 14, 13\n  orig: 14, 13\n  offset: 0, 0\n  index: -1\nleaf5\n  rotate: true\n  xy: 247, 21\n  size: 41, 19\n  orig: 41, 19\n  offset: 0, 0\n  index: -1\nleaf6\n  rotate: true\n  xy: 161, 16\n  size: 46, 19\n  orig: 46, 19\n  offset: 0, 0\n  index: -1\nleaf7\n  rotate: false\n  xy: 247, 2\n  size: 32, 17\n  orig: 32, 17\n  offset: 0, 0\n  index: -1\nleaf8\n  rotate: true\n  xy: 320, 33\n  size: 29, 16\n  orig: 29, 16\n  offset: 0, 0\n  index: -1\ntongue\n  rotate: false\n  xy: 290, 31\n  size: 28, 31\n  orig: 28, 32\n  offset: 0, 1\n  index: -1\n吞咽\n  rotate: true\n  xy: 307, 6\n  size: 23, 22\n  orig: 23, 22\n  offset: 0, 0\n  index: -1\n",["07_plant.png"],{"skeleton":{"hash":"UExdKc3QZFThVmTVexE3zlrG4hg","spine":"3.8.99","x":-51.2,"y":-11.29,"width":110.3,"height":119.68},"bones":[{"name":"root"},{"name":"plant","parent":"root","scaleX":0.166,"scaleY":0.166},{"name":"body2","parent":"plant","length":95.86,"rotation":90,"x":-26.72,"y":10.22},{"name":"body","parent":"body2","rotation":-90,"x":6.67,"y":14.94},{"name":"body3","parent":"body2","rotation":-90,"x":131.15,"y":85.08},{"name":"body4","parent":"body2","rotation":-90,"x":226,"y":148.31},{"name":"body5","parent":"body2","x":318.48,"y":79.15,"transform":"noRotationOrReflection"},{"name":"吞咽","parent":"body2","x":141.09,"y":80.49},{"name":"leaf6","parent":"plant","length":124.48,"rotation":-156.32,"x":-50.37,"y":26.68},{"name":"leaf7","parent":"leaf6","length":139.76,"rotation":-11.29,"x":124.48},{"name":"leaf5","parent":"plant","length":124.35,"rotation":-22.96,"x":3.14,"y":28.68},{"name":"leaf8","parent":"leaf5","length":112.64,"rotation":14.79,"x":124.35},{"name":"leaf9","parent":"plant","length":194.38,"rotation":-16.62,"x":2.64,"y":45.18},{"name":"leaf11","parent":"plant","length":173.54,"rotation":-158.79,"x":-43.55,"y":53.69},{"name":"head1","parent":"body5","length":373.96,"rotation":31.44,"x":23.32,"y":28.73},{"name":"head2","parent":"body5","length":346.21,"rotation":-32.59,"x":14.76,"y":-5.29},{"name":"head3","parent":"body5","length":281.87,"rotation":-8.38,"x":19.9,"y":10.11},{"name":"head5","parent":"head1","length":88.9,"rotation":138.26,"x":42.41,"y":59.72,"scaleX":0.166,"scaleY":0.166,"transform":"noScale"},{"name":"c3","parent":"head1","length":129.13,"rotation":115.67,"x":105.4,"y":75.44,"scaleX":0.166,"scaleY":0.166,"transform":"noScale"},{"name":"c2","parent":"head1","length":93.64,"rotation":92.87,"x":178.26,"y":100.38,"scaleX":0.166,"scaleY":0.166,"transform":"noScale"},{"name":"c1","parent":"head1","length":95.42,"rotation":74.39,"x":248.33,"y":88.89,"scaleX":0.166,"scaleY":0.166,"transform":"noScale"},{"name":"leaf4","parent":"body5","length":74.35,"rotation":143.02,"x":2.21,"y":51.36},{"name":"leaf3","parent":"body5","length":100.01,"rotation":154.33,"x":-8.27,"y":30.75},{"name":"leaf1","parent":"body5","length":106.28,"rotation":-152.17,"x":-8.97,"y":15.38},{"name":"leaf2","parent":"body5","length":96.51,"rotation":-97.28,"x":-15.96,"y":-7.33},{"name":"arm1","parent":"plant","length":184.14,"rotation":-107.36,"x":149.53,"y":327.39,"transform":"noRotationOrReflection"},{"name":"hand1","parent":"arm1","length":114.58,"rotation":37.19,"x":190.43,"y":3.03},{"name":"tongue","parent":"body5","length":246.1,"rotation":-47.78,"x":117.55,"y":-35.29}],"slots":[{"name":"leaf8","bone":"leaf11","attachment":"leaf8"},{"name":"leaf7","bone":"leaf9","attachment":"leaf7"},{"name":"body","bone":"body2","attachment":"body"},{"name":"吞咽","bone":"吞咽"},{"name":"leaf6","bone":"leaf6","attachment":"leaf6"},{"name":"leaf5","bone":"leaf5","attachment":"leaf5"},{"name":"leaf4","bone":"leaf4","attachment":"leaf4"},{"name":"leaf3","bone":"leaf3","attachment":"leaf3"},{"name":"leaf2","bone":"leaf2","attachment":"leaf2"},{"name":"leaf1","bone":"leaf1","attachment":"leaf1"},{"name":"head3","bone":"head3","attachment":"head3"},{"name":"tongue","bone":"tongue"},{"name":"c4","bone":"head5","attachment":"c4"},{"name":"c3","bone":"c3","attachment":"c3"},{"name":"c2","bone":"c2","attachment":"c2"},{"name":"c1","bone":"c1","attachment":"c1"},{"name":"head2","bone":"head2","attachment":"head2"},{"name":"hand1","bone":"hand1"},{"name":"arm1","bone":"arm1"},{"name":"head1","bone":"head1","attachment":"head1"}],"skins":[{"name":"default","attachments":{"arm1":{"arm1":{"x":91.92,"y":-5.74,"rotation":98.98,"width":133,"height":227}},"body":{"body":{"type":"mesh","hull":42,"uvs":[0.53761,0.02894,0.53669,0.08089,0.459,0.11889,0.3766,0.1592,0.30444,0.1945,0.26885,0.22669,0.21685,0.29761,0.24031,0.38481,0.3128,0.45717,0.36849,0.48835,0.47578,0.53814,0.60021,0.59589,0.70411,0.6441,0.82943,0.70226,0.90524,0.75371,0.97575,0.80156,0.97554,0.86216,0.97535,0.91671,0.87975,0.97418,0.77204,0.99453,0.68351,0.97989,0.62271,0.94377,0.65848,0.90478,0.69688,0.86291,0.72891,0.82799,0.71152,0.80433,0.69393,0.7804,0.58635,0.72962,0.49432,0.68618,0.36673,0.62596,0.22998,0.56141,0.14119,0.50913,0.05808,0.46021,0.03407,0.40007,0.00748,0.33343,0.03274,0.26439,0.05229,0.21096,0.13098,0.15245,0.21933,0.08674,0.31525,0.04932,0.40326,0.01497,0.48245,0.01244],"triangles":[3,4,38,4,37,38,38,39,3,3,39,2,39,40,2,1,40,41,1,2,40,1,41,0,8,31,7,31,32,7,32,33,7,33,34,7,34,6,7,34,35,6,35,36,6,6,36,5,36,37,5,5,37,4,13,26,12,26,27,12,27,28,12,28,11,12,28,29,11,29,10,11,29,9,10,29,30,9,30,8,9,30,31,8,18,19,22,22,19,20,20,21,22,22,23,18,18,23,17,17,23,16,16,23,24,16,24,15,15,24,14,24,25,14,25,26,14,26,13,14],"vertices":[1,6,16.01,8.14,1,2,5,75.1,81.79,0.00046,6,15.82,-10.09,0.99954,2,5,59.75,68.47,0.04244,6,0.47,-23.41,0.95756,2,5,44.71,54.43,0.21363,6,-14.57,-37.45,0.78637,2,5,32.53,42.19,0.46312,6,-26.75,-49.69,0.53688,2,5,27.26,31.01,0.66145,6,-32.02,-60.87,0.33855,3,4,-43.72,101.13,0.00585,5,19.51,6.29,0.93909,6,-39.77,-85.59,0.05506,2,4,-38.42,70.56,0.19204,5,24.81,-24.29,0.80796,2,4,-23.7,45.16,0.56241,5,39.53,-49.69,0.43759,2,4,-12.4,34.21,0.76916,5,50.83,-60.63,0.23084,3,3,-60.76,141.22,0.00214,4,9.38,16.74,0.97896,5,72.61,-78.11,0.01891,2,3,-35.5,120.95,0.10446,4,34.64,-3.53,0.89554,2,3,-14.41,104.03,0.2925,4,55.73,-20.46,0.7075,2,3,11.03,83.61,0.56041,4,81.17,-40.87,0.43959,2,3,26.42,65.56,0.7361,4,96.56,-58.93,0.2639,2,3,40.73,48.76,0.84341,4,110.88,-75.73,0.15659,2,3,40.69,27.49,0.91578,4,110.83,-96.99,0.08422,2,3,40.65,8.34,0.96345,4,110.8,-116.14,0.03655,2,3,21.24,-11.83,0.99681,4,91.39,-136.31,0.00319,1,3,-0.62,-18.97,1,1,3,-18.59,-13.84,1,2,3,-30.93,-1.16,0.99909,4,39.21,-125.64,0.00091,2,3,-23.67,12.53,0.98618,4,46.47,-111.95,0.01382,2,3,-15.88,27.23,0.92974,4,54.27,-97.26,0.07026,2,3,-9.38,39.48,0.81326,4,60.77,-85,0.18674,2,3,-12.91,47.79,0.70408,4,57.24,-76.69,0.29592,2,3,-16.48,56.19,0.59052,4,53.67,-68.3,0.40948,2,3,-38.32,74.01,0.30011,4,31.83,-50.47,0.69989,2,3,-57,89.26,0.12374,4,13.15,-35.22,0.87626,3,3,-82.9,110.4,0.00377,4,-12.75,-14.09,0.9854,5,50.48,-108.93,0.01083,2,4,-40.51,8.57,0.74129,5,22.71,-86.27,0.25871,2,4,-58.54,26.92,0.46349,5,4.69,-67.93,0.53651,2,4,-75.41,44.09,0.25609,5,-12.18,-50.75,0.74391,2,4,-80.28,65.2,0.11527,5,-17.05,-29.64,0.88473,2,4,-85.68,88.59,0.01228,5,-22.45,-6.25,0.98772,2,5,-17.86,17.95,0.94602,6,-77.14,-73.93,0.05398,2,5,-15.02,36.63,0.83178,6,-74.3,-55.25,0.16822,2,5,-1.44,57.02,0.58923,6,-60.72,-34.85,0.41077,2,5,13.34,79.89,0.27031,6,-45.93,-11.98,0.72969,2,5,30.86,92.91,0.07243,6,-28.42,1.03,0.92757,1,6,-11.27,13.04,1,1,6,4.81,13.93,1]}},"c1":{"c1":{"x":33.08,"y":4.1,"rotation":-105.83,"width":100,"height":119}},"c2":{"c2":{"x":26.96,"y":12.1,"rotation":-124.3,"width":120,"height":101}},"c3":{"c3":{"x":38.28,"y":9,"rotation":-147.11,"width":130,"height":100}},"c4":{"c4":{"x":35.23,"y":7.43,"rotation":-169.7,"width":117,"height":87}},"hand1":{"hand1":{"x":40.63,"y":-1.12,"rotation":61.79,"width":158,"height":163}},"head1":{"head1":{"x":190.15,"y":-15.94,"rotation":-31.44,"width":420,"height":298}},"head2":{"head2":{"type":"mesh","hull":20,"uvs":[0.00027,0.31483,0.04138,0.71598,0.21856,0.89176,0.32768,1,0.49598,1,0.72995,1,0.94724,0.68896,1,0.57049,0.99863,0.32315,0.92963,0.20883,0.66095,0.37303,0.5112,0.39589,0.48477,0.53723,0.37706,0.40668,0.27042,0.27742,0.23665,0.15271,0.16177,0.03839,0.07221,0.01969,0.00027,0.06334,0,0.20675,0.03983,0.17631,0.11277,0.14463,0.06635,0.28777,0.17078,0.25374,0.29886,0.51551,0.2311,0.76842,0.47545,0.74516],"triangles":[21,17,16,21,16,15,20,18,17,20,17,21,19,18,20,23,21,15,22,20,21,23,15,14,22,21,23,19,20,22,0,19,22,24,14,13,10,8,7,8,10,9,6,10,7,1,0,22,24,22,23,24,23,14,1,22,24,12,24,13,26,24,12,25,1,24,25,24,26,2,1,25,3,25,26,2,25,3,12,10,26,10,4,26,3,26,4,5,10,6,11,10,12,5,4,10],"vertices":[1,15,-27.73,-30.44,1,1,15,63.47,-135.93,1,1,15,168.74,-140.39,1,1,15,233.57,-143.15,1,1,15,302.63,-99,1,1,15,398.63,-37.62,1,1,15,430.15,109.53,1,1,15,429.85,157.7,1,1,15,383.46,229.03,1,1,15,333.96,244.06,1,1,15,254.14,125.99,1,1,15,196.93,80.09,1,1,15,212.28,32.19,1,1,15,143.9,41.77,1,1,15,76.19,51.26,1,2,15,39.22,78.55,0.17391,14,62.75,-25.42,0.82609,2,15,-12.68,92.04,0.00216,14,52.15,27.15,0.99784,1,14,18.29,55.38,1,2,15,-74.33,42.45,0.02214,14,-19.43,60.84,0.97786,2,15,-47.87,0.81,0.44009,14,-45.28,18.82,0.55991,2,15,-37.16,20.08,0.2327,14,-23.26,17.64,0.7673,1,14,12.73,8.41,1,1,15,-5.63,-5.27,1,1,15,30.92,31.99,1,1,15,131.97,-10.28,1,1,15,151.03,-101.36,1,1,15,246.98,-30.52,1]}},"head3":{"head3":{"x":177.27,"y":-26.77,"rotation":8.38,"width":377,"height":335}},"leaf1":{"leaf1":{"x":49.85,"y":0.91,"rotation":152.17,"width":123,"height":84}},"leaf2":{"leaf2":{"x":41.27,"y":-4.48,"rotation":97.28,"width":59,"height":110}},"leaf3":{"leaf3":{"x":37.33,"y":-8.74,"rotation":-154.33,"width":112,"height":97}},"leaf4":{"leaf4":{"x":34.54,"y":-4.58,"rotation":-143.02,"width":93,"height":87}},"leaf5":{"leaf5":{"type":"mesh","hull":28,"uvs":[0.29873,0.01798,0.37612,0.04566,0.45339,0.07331,0.53754,0.21101,0.61407,0.33623,0.68032,0.44463,0.73806,0.5391,0.80407,0.5968,0.92086,0.66751,0.97328,0.74478,0.98992,0.7944,0.92621,0.77525,0.86887,0.80621,0.78302,0.85257,0.67562,0.91056,0.56752,0.93646,0.46934,0.95999,0.38796,0.96,0.29598,0.96002,0.16231,0.93083,0.14213,0.8381,0.10445,0.95328,0.07715,0.91473,0.03363,0.74592,0.01813,0.622,0.01808,0.38773,0.05402,0.22615,0.20593,0.05742,0.87907,0.70708,0.72463,0.68653,0.57122,0.67968,0.40752,0.57693],"triangles":[30,4,5,29,5,6,29,6,7,30,5,29,28,7,8,11,8,9,28,8,11,11,9,10,12,7,28,12,28,11,13,29,7,13,7,12,14,30,29,14,29,13,15,30,14,15,16,30,31,1,2,31,2,3,20,24,25,30,3,4,31,3,30,20,23,24,20,26,27,26,20,25,22,23,20,31,19,20,21,22,20,30,16,31,31,27,0,1,31,0,17,31,16,27,31,20,31,18,19,17,18,31],"vertices":[1,10,28.5,40.41,1,1,10,49.44,45.55,1,2,10,70.34,50.68,0.99863,11,-39.28,62.79,0.00137,2,10,98.31,43.98,0.91519,11,-13.95,49.17,0.08481,2,10,123.75,37.89,0.51468,11,9.09,36.79,0.48532,2,10,145.76,32.62,0.09149,11,29.03,26.08,0.90851,2,10,164.95,28.03,0.00133,11,46.42,16.73,0.99866,1,11,65.4,12.23,1,1,11,98.44,8.11,1,1,11,114.07,0.68,1,1,11,119.47,-4.76,1,1,11,101.79,-4.9,1,1,11,86.73,-10.94,1,1,11,64.18,-19.98,1,2,10,167.11,-21.08,0.00648,11,35.96,-31.3,0.99352,2,10,140.99,-35.63,0.32954,11,6.99,-38.7,0.67046,2,10,117.26,-48.85,0.81497,11,-19.32,-45.42,0.18503,2,10,96.66,-57.58,0.96906,11,-41.47,-48.6,0.03094,2,10,73.37,-67.45,0.99976,11,-66.51,-52.2,0.00024,1,10,38.11,-78.45,1,1,10,28.51,-70.03,1,1,10,24.54,-87.22,1,1,10,15.77,-85.75,1,1,10,-3.42,-71.14,1,1,10,-13.34,-58.65,1,1,10,-24.68,-31.91,1,1,10,-23.39,-9.61,1,1,10,6.91,25.95,1,1,11,87.76,1.62,1,1,11,45.36,-1.89,1,2,10,129.51,-5.92,0.19697,11,3.48,-7.04,0.80303,1,10,83.08,-11.74,1]}},"leaf6":{"leaf6":{"type":"mesh","hull":29,"uvs":[0.83127,0.11464,0.90056,0.1823,0.96758,0.34184,0.99443,0.48662,0.97426,0.67944,0.91543,0.82349,0.80156,0.9273,0.70191,0.95168,0.59973,0.97669,0.49832,0.95935,0.37478,0.93823,0.26307,0.95535,0.16923,0.96973,0.11046,0.9369,0.05283,0.86874,0.02564,0.80541,0.01165,0.73658,0.0492,0.77173,0.08034,0.79413,0.12332,0.78835,0.1817,0.74571,0.22177,0.68479,0.26027,0.58447,0.30948,0.45624,0.37411,0.28781,0.46913,0.1395,0.59607,0.03875,0.67548,0.03807,0.75216,0.03741,0.15691,0.86756,0.28751,0.82497,0.40909,0.7043,0.5592,0.53749],"triangles":[31,24,32,23,24,31,22,23,31,15,16,17,30,22,31,21,22,30,29,19,20,14,17,18,15,17,14,13,18,19,13,19,29,14,18,13,10,30,31,30,20,21,11,30,10,11,20,30,29,20,11,9,31,32,10,31,9,12,29,11,13,29,12,32,25,26,24,25,32,4,2,3,5,1,2,5,2,4,28,0,32,5,6,0,5,0,1,28,32,27,0,6,32,32,26,27,7,32,6,8,32,7,9,32,8],"vertices":[1,8,0.77,-18.39,1,1,8,-15.07,-1.91,1,1,8,-25.53,25.15,1,1,8,-25.52,45.54,1,1,8,-9.9,65.85,1,1,8,14,75.66,1,1,8,51.18,73.97,1,2,8,80.28,64.65,0.99829,9,-56,54.74,0.00171,2,8,110.11,55.08,0.90635,9,-24.87,51.2,0.09365,2,8,137.54,40.61,0.45569,9,4.86,42.38,0.54431,2,8,170.95,22.98,0.00778,9,41.07,31.63,0.99222,1,9,74.82,26.48,1,1,9,103.18,22.14,1,1,9,119.78,14.16,1,1,9,135.06,1.8,1,1,9,141.4,-7.96,1,1,9,143.66,-17.55,1,1,9,133.45,-10.66,1,1,9,124.8,-5.8,1,1,9,111.83,-3.72,1,1,9,93.26,-5.27,1,1,9,79.64,-10.32,1,2,8,184.61,-32.84,0.00117,9,65.39,-20.44,0.99883,2,8,164.22,-41.96,0.05662,9,47.18,-33.37,0.94338,2,8,137.44,-53.94,0.36343,9,23.26,-50.36,0.63657,2,8,103.21,-59.82,0.8067,9,-9.15,-62.83,0.1933,2,8,62.54,-56.17,0.99274,9,-49.75,-67.21,0.00726,1,8,40.32,-46.52,1,1,8,18.87,-37.21,1,1,9,104.02,8.46,1,1,9,63.94,11.65,1,1,9,24.37,4.4,1,2,8,98.68,-1.77,0.99987,9,-24.96,-6.78,0.00013]}},"leaf7":{"leaf7":{"x":93.7,"y":9,"rotation":16.62,"width":216,"height":114}},"leaf8":{"leaf8":{"x":81.38,"y":-9.91,"rotation":158.79,"width":192,"height":109}},"tongue":{"tongue":{"x":123.39,"y":-8.22,"rotation":47.78,"width":189,"height":211}},"吞咽":{"吞咽":{"x":3.19,"y":7.79,"rotation":-90,"width":150,"height":147}}}}],"events":{"attack":{}},"animations":{"attack":{"slots":{"tongue":{"attachment":[{"name":"tongue"}]}},"bones":{"body2":{"rotate":[{"angle":7.99}]},"body5":{"rotate":[{"angle":-4.13,"curve":"stepped"},{"time":0.1667,"angle":-4.13},{"time":0.3333,"angle":-6.97},{"time":0.4333,"angle":-2.64},{"time":0.5333,"angle":-4.13,"curve":"stepped"},{"time":0.6333,"angle":-4.13},{"time":0.7,"angle":-8.19},{"time":0.8333,"angle":-17.94},{"time":1,"angle":-4.13}],"translate":[{},{"time":0.1667,"x":-9.36,"y":41.15},{"time":0.3333,"x":-14.53,"y":56.46},{"time":0.4333,"x":-33.12,"y":79.6},{"time":0.5333,"x":130.76,"y":-86.94},{"time":0.6333,"x":-24.89,"y":-171.49},{"time":0.7,"x":-40.1,"y":-178.92},{"time":0.8333,"x":77.37,"y":-100.99},{"time":1,"x":4.98,"y":7.23}],"scale":[{"time":0.3333},{"time":0.4333,"x":0.999},{"time":0.5333}]},"head1":{"rotate":[{"angle":5.85},{"time":0.1667,"angle":-14.27},{"time":0.3333,"angle":-16.52,"curve":"stepped"},{"time":0.4333,"angle":-16.52},{"time":0.5333,"angle":15.36},{"time":0.6333,"angle":-21.62,"curve":"stepped"},{"time":0.7,"angle":-21.62},{"time":0.8333,"angle":-20.76},{"time":1,"angle":-16.41}],"translate":[{"x":-0.26,"y":3.56},{"time":0.1667,"x":-10.27,"y":6.84},{"time":0.3333,"x":-23.09,"y":3.63,"curve":"stepped"},{"time":0.4333,"x":-23.09,"y":3.63},{"time":0.5333,"x":-0.26,"y":3.56}],"scale":[{"time":0.4333},{"time":0.5333,"x":1.473,"y":1.058},{"time":0.6333,"x":1.526},{"time":0.7,"x":1.449},{"time":0.8333,"x":1.449,"y":1.091},{"time":1,"x":0.947}]},"head2":{"rotate":[{"angle":-1.76},{"time":0.1667,"angle":17.92,"curve":"stepped"},{"time":0.4333,"angle":17.92},{"time":0.5333,"angle":-20.12},{"time":0.6333,"angle":31.83,"curve":"stepped"},{"time":0.8333,"angle":31.83},{"time":1,"angle":18.8}],"translate":[{},{"time":0.1667,"x":-1.97,"y":-10.88,"curve":"stepped"},{"time":0.4333,"x":-1.97,"y":-10.88},{"time":0.5333}],"scale":[{},{"time":0.1667,"x":0.989},{"time":0.3333,"x":0.976,"curve":"stepped"},{"time":0.4333,"x":0.976},{"time":0.5333,"x":1.154,"y":0.866},{"time":0.6333,"x":1.372,"y":1.347},{"time":0.7,"x":1.333,"y":1.245},{"time":0.8333,"x":1.271,"y":1.245},{"time":1,"x":1.017,"y":1.071}],"shear":[{"time":0.4333},{"time":0.5333,"y":4.6},{"time":0.6333,"x":-10.25,"y":-22.42,"curve":"stepped"},{"time":0.8333,"x":-10.25,"y":-22.42},{"time":1}]},"body":{"rotate":[{"time":0.5333},{"time":0.6333,"angle":-12.79,"curve":"stepped"},{"time":0.8333,"angle":-12.79},{"time":1}]},"body3":{"rotate":[{"time":0.4333},{"time":0.5333,"angle":-21.46},{"time":0.6333,"angle":-19.83},{"time":0.7,"angle":-32.5,"curve":"stepped"},{"time":0.8333,"angle":-32.5},{"time":1}],"translate":[{},{"time":0.1667,"x":3.09,"y":-2.5},{"time":0.3333,"x":-14.07,"y":7.48},{"time":0.4333,"x":-30.8,"y":24.97},{"time":0.5333,"x":49.02,"y":-70.92},{"time":0.6333,"x":-14.15,"y":-78.68},{"time":0.7,"x":-26.8,"y":-93.65},{"time":0.8333,"x":0.29,"y":-81.72},{"time":1}]},"body4":{"rotate":[{"time":0.5333},{"time":0.6333,"angle":-12.98,"curve":"stepped"},{"time":0.8333,"angle":-12.98},{"time":1}],"translate":[{},{"time":0.1667,"x":11.62,"y":22.52},{"time":0.3333,"x":-11.41,"y":60.72},{"time":0.4333,"x":-37.92,"y":87.67},{"time":0.5333,"x":111.72,"y":-95.6},{"time":0.6333,"x":-1.68,"y":-144.54},{"time":0.7,"x":-20.62,"y":-162.32},{"time":0.8333,"x":78.28,"y":-113.26},{"time":1}]},"leaf6":{"rotate":[{},{"time":0.2333,"angle":-5},{"time":0.5,"angle":-4.03},{"time":0.7,"angle":-1.25},{"time":1}],"translate":[{},{"time":0.2333,"x":-0.31,"y":15.66},{"time":0.5,"x":-0.63,"y":31.33},{"time":0.7,"x":-0.31,"y":15.66},{"time":1}]},"leaf7":{"rotate":[{},{"time":0.2333,"angle":13.39},{"time":0.5},{"time":0.7,"angle":-21.91},{"time":1}]},"leaf5":{"rotate":[{"time":0.0667},{"time":0.3333,"angle":6.54},{"time":0.5333,"angle":2.05},{"time":0.8,"angle":-3.16},{"time":1}],"translate":[{"time":0.0667},{"time":0.3333,"x":-1.39,"y":17.04},{"time":0.5333,"x":0.63,"y":6.89},{"time":0.8,"x":0.31,"y":3.45},{"time":1}]},"leaf8":{"rotate":[{"time":0.0667},{"time":0.3333,"angle":-12.92},{"time":0.5333,"angle":17.26},{"time":0.8,"angle":18.3},{"time":1}]},"leaf9":{"rotate":[{},{"time":0.2333,"angle":-2.77},{"time":0.5,"angle":9.1},{"time":0.7,"angle":5.2},{"time":1}],"translate":[{},{"time":0.2333,"x":-8.41,"y":34.64},{"time":0.5,"x":-5.01,"y":8.77},{"time":0.7,"x":-1.69,"y":1.95},{"time":1}]},"leaf11":{"rotate":[{},{"time":0.2333,"angle":-3.38},{"time":0.5,"angle":-13.34},{"time":0.7,"angle":-10.27},{"time":1}],"translate":[{},{"time":0.2333,"x":3.13,"y":9.4},{"time":0.5,"x":6.27,"y":18.8},{"time":0.7,"x":13.7,"y":7.77},{"time":1}]},"head3":{"rotate":[{},{"time":0.1667,"angle":29.01,"curve":"stepped"},{"time":0.4333,"angle":29.01},{"time":0.5333,"angle":-34.5},{"time":0.6333,"angle":19.48}],"translate":[{"x":-8.45,"y":-15.98},{"time":0.1667,"x":-5.09,"y":-21.64,"curve":"stepped"},{"time":0.4333,"x":-5.09,"y":-21.64},{"time":0.5333,"x":43.23,"y":128.36},{"time":0.6333,"x":-4.41,"y":-9.69}],"scale":[{},{"time":0.1667,"y":0.873,"curve":"stepped"},{"time":0.4333,"y":0.873},{"time":0.5333,"x":1.18},{"time":0.6333}]},"head5":{"rotate":[{"angle":-22.7},{"time":0.1667,"angle":-10.35},{"time":0.3333,"angle":-24.43},{"time":0.4333,"angle":-11.42},{"time":0.5333,"angle":-1.41},{"time":0.6333,"angle":-22.7},{"time":0.7,"angle":-45.17,"curve":"stepped"},{"time":0.8333,"angle":-45.17},{"time":1,"angle":-1.13}],"translate":[{"x":-7.22,"y":4.72,"curve":"stepped"},{"time":0.3333,"x":-7.22,"y":4.72},{"time":0.4333,"x":-9.99,"y":0.07},{"time":0.5333,"x":25.93,"y":-22.16},{"time":0.6333,"x":5.92,"y":17.19},{"time":0.7,"x":20.49,"y":14.09,"curve":"stepped"},{"time":0.8333,"x":20.49,"y":14.09},{"time":1,"x":-18.23,"y":-1.95}]},"c3":{"rotate":[{"angle":-11.92},{"time":0.1667,"angle":-5.39},{"time":0.3333,"angle":-15.55},{"time":0.4333,"angle":-2.53},{"time":0.5333,"angle":8.3},{"time":0.6333,"angle":-21.38},{"time":0.7,"angle":-43.85,"curve":"stepped"},{"time":0.8333,"angle":-43.85},{"time":1,"angle":-15.33}],"translate":[{"time":0.3333},{"time":0.4333,"x":-2.76,"y":-4.65},{"time":0.5333,"x":7.2,"y":-34.1},{"time":0.6333},{"time":0.7,"x":14.57,"y":-3.1,"curve":"stepped"},{"time":0.8333,"x":14.57,"y":-3.1},{"time":1,"x":-18.56,"y":-16.02}]},"c2":{"rotate":[{"angle":-16.1},{"time":0.1667,"angle":-10.2},{"time":0.3333,"angle":-16.41},{"time":0.4333,"angle":-3.4},{"time":0.5333,"angle":30.77},{"time":0.6333,"angle":0.11},{"time":0.7,"angle":-22.36,"curve":"stepped"},{"time":0.8333,"angle":-22.36},{"time":1,"angle":-17.67}],"translate":[{"time":0.3333},{"time":0.4333,"x":-2.22,"y":-2.14},{"time":0.5333,"x":-37.24,"y":-22.08},{"time":0.6333},{"time":0.7,"x":14.57,"y":-3.1,"curve":"stepped"},{"time":0.8333,"x":14.57,"y":-3.1},{"time":1,"x":-6.1,"y":-15.15}]},"c1":{"rotate":[{"angle":-9.36,"curve":"stepped"},{"time":0.1667,"angle":-9.36},{"time":0.3333,"angle":-24.84},{"time":0.4333,"angle":-11.82},{"time":0.5333,"angle":40.84},{"time":0.6333,"angle":1.94},{"time":0.7,"angle":-20.53,"curve":"stepped"},{"time":0.8333,"angle":-20.53},{"time":1,"angle":-15.29}],"translate":[{"x":1.22,"y":-2.08,"curve":"stepped"},{"time":0.3333,"x":1.22,"y":-2.08},{"time":0.4333,"x":-5,"y":-2.48},{"time":0.5333,"x":-69.1,"y":5.13},{"time":0.6333,"x":-24.32,"y":-15.56},{"time":0.7,"x":-3.7,"y":-17.66,"curve":"stepped"},{"time":0.8333,"x":-3.7,"y":-17.66},{"time":1,"x":-10.73,"y":-23.65}]},"leaf4":{"rotate":[{"time":0.1667},{"time":0.3333,"angle":-14.32},{"time":0.4333,"angle":-21.85},{"time":0.5333},{"time":0.6333,"angle":18.1},{"time":0.7,"angle":33.37},{"time":0.8333,"angle":0.24},{"time":1}],"translate":[{"x":-0.94,"y":-15.47,"curve":"stepped"},{"time":0.1667,"x":-0.94,"y":-15.47},{"time":0.3333,"x":-24.56,"y":-27.28},{"time":0.4333,"x":-24.31,"y":-22.69},{"time":0.5333,"x":-0.94,"y":-15.47,"curve":"stepped"},{"time":0.7,"x":-0.94,"y":-15.47},{"time":0.8333,"x":-8.28,"y":-5.5},{"time":1,"x":-0.94,"y":-15.47}]},"leaf3":{"rotate":[{},{"time":0.1667,"angle":7.74},{"time":0.3333,"angle":3.99},{"time":0.4333,"angle":-2.21},{"time":0.5333},{"time":0.6333,"angle":14.54},{"time":0.7,"angle":29.81},{"time":0.8333,"angle":-3.94},{"time":1}],"translate":[{"x":-0.94,"y":-15.47,"curve":"stepped"},{"time":0.1667,"x":-0.94,"y":-15.47},{"time":0.3333,"x":-9.55,"y":-28.42,"curve":"stepped"},{"time":0.4333,"x":-9.55,"y":-28.42},{"time":0.5333,"x":-0.94,"y":-15.47,"curve":"stepped"},{"time":0.7,"x":-0.94,"y":-15.47},{"time":0.8333,"x":-1.38,"y":-9.03},{"time":1,"x":-0.94,"y":-15.47}]},"leaf1":{"rotate":[{},{"time":0.1667,"angle":12.95},{"time":0.3333,"angle":25.44,"curve":"stepped"},{"time":0.4333,"angle":25.44},{"time":0.5333},{"time":0.6333,"angle":-10.09},{"time":0.7,"angle":5.19},{"time":0.8333,"angle":-8.97},{"time":1}],"translate":[{"x":-0.94,"y":-15.47}]},"leaf2":{"rotate":[{},{"time":0.1667,"angle":14.36},{"time":0.3333,"angle":21.74,"curve":"stepped"},{"time":0.4333,"angle":21.74},{"time":0.5333},{"time":0.6333,"angle":-25.45},{"time":0.7,"angle":-10.18},{"time":0.8333,"angle":-3.79},{"time":1}],"translate":[{"x":-0.94,"y":-15.47,"curve":"stepped"},{"time":0.1667,"x":-0.94,"y":-15.47},{"time":0.3333,"x":5.65,"y":-26.28,"curve":"stepped"},{"time":0.4333,"x":5.65,"y":-26.28},{"time":0.5333,"x":-0.94,"y":-15.47,"curve":"stepped"},{"time":0.7,"x":-0.94,"y":-15.47},{"time":0.8333,"x":4.04,"y":-13.04},{"time":1,"x":-0.94,"y":-15.47}]},"arm1":{"rotate":[{"time":0.8333},{"time":1,"angle":44.98}],"translate":[{"time":0.8333},{"time":1,"x":-88.48,"y":-6.53}]},"hand1":{"rotate":[{"time":0.8333},{"time":1,"angle":20.49}],"translate":[{"time":0.8333},{"time":1,"x":13.09,"y":6.89}],"scale":[{"time":0.8333},{"time":1,"x":1.161,"y":1.029}]},"tongue":{"rotate":[{"angle":40.99,"curve":"stepped"},{"time":0.4333,"angle":40.99},{"time":0.5333,"angle":47.58},{"time":0.6333,"angle":40.99}],"translate":[{"x":-52.97,"y":-3.28,"curve":"stepped"},{"time":0.4333,"x":-52.97,"y":-3.28},{"time":0.5333,"x":-54.79,"y":86.81},{"time":0.6333,"x":-52.97,"y":-3.28}],"scale":[{"x":0.472,"curve":"stepped"},{"time":0.4333,"x":0.472},{"time":0.5333,"x":1.686,"y":1.857},{"time":0.6333,"x":0.472}]}},"events":[{"time":0.6333,"name":"attack"}]},"eat":{"slots":{"arm1":{"attachment":[{"name":"arm1"},{"time":1.2,"name":null}]},"hand1":{"attachment":[{"name":"hand1"},{"time":1.3333,"name":null}]},"tongue":{"attachment":[{"name":"tongue"}]},"吞咽":{"attachment":[{"time":0.8667,"name":"吞咽"}]}},"bones":{"body2":{"rotate":[{"angle":7.99}]},"body5":{"rotate":[{"angle":-4.13},{"time":0.2,"angle":-31.35},{"time":0.4,"angle":-45.76},{"time":0.6,"angle":-23.59},{"time":0.8,"angle":-4.13},{"time":0.9333,"angle":7.76},{"time":1.0667,"angle":16.92},{"time":1.2,"angle":7.49},{"time":1.4,"angle":-27.67},{"time":1.8,"angle":-4.13}],"translate":[{"x":4.98,"y":7.23},{"time":0.2,"x":137.41,"y":-109.08},{"time":0.4,"x":105.2,"y":-127.6},{"time":0.6,"x":54.26,"y":-85.44},{"time":0.8,"x":13.68,"y":-74.15},{"time":0.9333,"x":-29.35,"y":-73.37},{"time":1.0667,"x":25.47,"y":-81.06},{"time":1.2,"x":-25.38,"y":-64.85},{"time":1.4,"x":66.75,"y":-91.93},{"time":1.8}]},"head1":{"rotate":[{"angle":-16.41},{"time":0.2,"angle":-20.55},{"time":0.4,"angle":-17.24},{"time":0.6,"angle":-10.77},{"time":0.8,"angle":-9.56,"curve":"stepped"},{"time":1.2,"angle":-9.56},{"time":1.4,"angle":-9.2},{"time":1.8,"angle":5.85}],"translate":[{"x":-0.26,"y":3.56}],"scale":[{"x":0.947},{"time":0.2,"x":0.965},{"time":0.4,"x":0.956},{"time":0.6,"x":0.98,"curve":"stepped"},{"time":1.4,"x":0.98},{"time":1.8}]},"head2":{"rotate":[{"angle":18.8},{"time":0.2,"angle":15.88},{"time":0.4,"angle":19.02},{"time":0.6,"angle":25.4,"curve":"stepped"},{"time":1.2,"angle":25.4},{"time":1.4,"angle":26.52},{"time":1.8,"angle":-1.76}],"scale":[{"x":1.017,"y":1.071},{"time":0.2,"x":1.003,"y":1.063},{"time":0.4,"x":1.009,"y":1.059},{"time":0.6,"x":1.059,"y":1.052,"curve":"stepped"},{"time":1.4,"x":1.059,"y":1.052},{"time":1.8}]},"body":{"rotate":[{"time":0.8},{"time":0.9333,"angle":-11.44},{"time":1.0667,"angle":-14.66},{"time":1.2}]},"body3":{"rotate":[{},{"time":0.2,"angle":-22.19},{"time":0.4,"angle":-17.91,"curve":"stepped"},{"time":0.6,"angle":-17.91},{"time":0.8,"angle":-4.11},{"time":0.9333,"angle":-21.21},{"time":1.0667,"angle":-32.66,"curve":"stepped"},{"time":1.2,"angle":-32.66},{"time":1.4,"angle":-20.4},{"time":1.8}],"translate":[{},{"time":0.2,"x":24.33,"y":-76.54},{"time":0.4,"x":28.91,"y":-84.72},{"time":0.6,"x":18.84,"y":-82.9},{"time":0.8,"x":-0.56,"y":-80.95},{"time":0.9333,"x":-32.6,"y":-100.53},{"time":1.0667,"x":-15.62,"y":-105.26},{"time":1.2,"x":-8.95,"y":-72.07},{"time":1.4,"x":-16.35,"y":-96.07},{"time":1.5333,"x":-12.29,"y":-75.43},{"time":1.6667,"x":-12.59,"y":-55.64},{"time":1.8}]},"body4":{"rotate":[{},{"time":0.2,"angle":2.73},{"time":0.4,"angle":-4.8,"curve":"stepped"},{"time":0.6,"angle":-4.8},{"time":0.8,"curve":"stepped"},{"time":0.9333},{"time":1.0667,"angle":-7.56,"curve":"stepped"},{"time":1.4,"angle":-7.56},{"time":1.8}],"translate":[{},{"time":0.2,"x":93.64,"y":-91.85},{"time":0.4,"x":77.86,"y":-101.09},{"time":0.6,"x":38.95,"y":-106.04},{"time":0.8,"x":0.06,"y":-105.35},{"time":0.9333,"x":-53.03,"y":-126.53},{"time":1.0667,"x":-13.59,"y":-168.51},{"time":1.2,"x":-4.48,"y":-96.51},{"time":1.4,"x":52.02,"y":-104},{"time":1.8}]},"吞咽":{"rotate":[{},{"time":0.8667,"angle":-46,"curve":"stepped"},{"time":1.2667,"angle":-46},{"time":1.4,"angle":-75.16,"curve":"stepped"},{"time":1.5333,"angle":-75.16},{"time":1.6667,"angle":-72.56}],"translate":[{},{"time":0.8667,"x":86.06,"y":-58.09},{"time":1,"x":51.13,"y":-93.18},{"time":1.1333,"x":-2.29,"y":-95.17},{"time":1.2667,"x":-47.7,"y":-71.12},{"time":1.4,"x":-68.64,"y":-84.91},{"time":1.5333,"x":-91.54,"y":-85.49},{"time":1.6667,"x":-117.42,"y":-80.59},{"time":1.8,"x":-150.93,"y":-75.89}],"scale":[{},{"time":0.8667,"x":0.63,"y":0.63},{"time":1,"x":0.889,"y":0.889},{"time":1.1333,"x":1.093,"y":1.069},{"time":1.2667,"x":1.364,"y":1.277},{"time":1.4,"x":1.445,"y":1.079},{"time":1.5333,"x":1.001,"y":0.747},{"time":1.6667,"x":0.65,"y":0.559},{"time":1.8,"x":0.616,"y":0.529}],"shear":[{"time":1.2667},{"time":1.4,"y":35.3}]},"leaf6":{"rotate":[{},{"time":0.4667,"angle":-5},{"time":0.8667,"angle":-4.03},{"time":1.3333,"angle":-1.25},{"time":1.8}],"translate":[{},{"time":0.4667,"x":-0.31,"y":15.66},{"time":0.8667,"x":-0.63,"y":31.33},{"time":1.3333,"x":-0.31,"y":15.66},{"time":1.8}]},"leaf7":{"rotate":[{},{"time":0.4667,"angle":13.39},{"time":0.8667},{"time":1.3333,"angle":-21.91},{"time":1.8}]},"leaf5":{"rotate":[{"time":0.1333},{"time":0.6,"angle":6.54},{"time":1.0667,"angle":2.05},{"time":1.4667,"angle":-3.16},{"time":1.8}],"translate":[{"time":0.1333},{"time":0.6,"x":-1.39,"y":17.04},{"time":1.0667,"x":0.63,"y":6.89},{"time":1.4667,"x":0.31,"y":3.45},{"time":1.8}]},"leaf8":{"rotate":[{"time":0.1333},{"time":0.6,"angle":-12.92},{"time":1.0667,"angle":17.26},{"time":1.4667,"angle":18.3},{"time":1.8}]},"leaf9":{"rotate":[{},{"time":0.4667,"angle":-2.77},{"time":0.8667,"angle":9.1},{"time":1.3333,"angle":5.2},{"time":1.8}],"translate":[{},{"time":0.4667,"x":-8.41,"y":34.64},{"time":0.8667,"x":-5.01,"y":8.77},{"time":1.3333,"x":-1.69,"y":1.95},{"time":1.8}]},"leaf11":{"rotate":[{},{"time":0.4667,"angle":-3.38},{"time":0.8667,"angle":-13.34},{"time":1.3333,"angle":-10.27},{"time":1.8}],"translate":[{},{"time":0.4667,"x":3.13,"y":9.4},{"time":0.8667,"x":6.27,"y":18.8},{"time":1.3333,"x":13.7,"y":7.77},{"time":1.8}]},"head3":{"rotate":[{"angle":19.48},{"time":0.2,"angle":17.32},{"time":0.4,"angle":16.23},{"time":0.6,"angle":23.16},{"time":0.8,"angle":26.18,"curve":"stepped"},{"time":1.4,"angle":26.18},{"time":1.8}],"translate":[{"x":-4.41,"y":-9.69},{"time":0.2,"x":-4.86,"y":-10.39},{"time":0.4,"x":-5.08,"y":-10.74},{"time":0.6,"x":-5.51,"y":-11.41},{"time":0.8,"x":-6.05,"y":-12.24,"curve":"stepped"},{"time":1.4,"x":-6.05,"y":-12.24},{"time":1.8,"x":-8.45,"y":-15.98}]},"head5":{"rotate":[{"angle":-1.13},{"time":0.2,"angle":-12.42},{"time":0.4,"angle":-4.73},{"time":0.6,"angle":-7.02},{"time":0.8,"angle":-1.82,"curve":"stepped"},{"time":0.9333,"angle":-1.82},{"time":1.0667,"angle":24.87},{"time":1.2,"angle":4.11},{"time":1.4,"angle":-2.86},{"time":1.8,"angle":-22.7}],"translate":[{"x":-18.23,"y":-1.95},{"time":0.2,"x":-15.27,"y":-1.15},{"time":0.4,"x":-16.39,"y":-0.84},{"time":0.6,"x":-15.22,"y":-0.13},{"time":0.8,"x":-21.95,"y":-0.95,"curve":"stepped"},{"time":0.9333,"x":-21.95,"y":-0.95},{"time":1.0667,"x":-13.96,"y":-10.79},{"time":1.2,"x":-6.07,"y":-4.58},{"time":1.4,"x":-13.28,"y":-13.27},{"time":1.8,"x":-7.22,"y":4.72}]},"c3":{"rotate":[{"angle":-15.33},{"time":0.2,"angle":-19.01},{"time":0.4,"angle":-10.35},{"time":0.6,"angle":-10.13},{"time":0.8,"angle":-5.86,"curve":"stepped"},{"time":0.9333,"angle":-5.86},{"time":1.0667,"angle":25.71},{"time":1.2,"angle":7.39},{"time":1.4,"angle":-12.63},{"time":1.8,"angle":-11.92}],"translate":[{"x":-18.56,"y":-16.02},{"time":0.2,"x":-16.5,"y":-14.24},{"time":0.4,"x":-15.46,"y":-13.35},{"time":0.6,"x":-13.5,"y":-11.65},{"time":0.8,"x":-19.21,"y":-11.22,"curve":"stepped"},{"time":0.9333,"x":-19.21,"y":-11.22},{"time":1.0667,"x":-9.75,"y":-19.23},{"time":1.2,"x":-1.12,"y":-12.1},{"time":1.4,"x":-22.7,"y":-16.71},{"time":1.8}]},"c2":{"rotate":[{"angle":-17.67},{"time":0.2,"angle":-27.67},{"time":0.4,"angle":-13},{"time":0.6,"angle":-12.98},{"time":0.8,"angle":-8.96,"curve":"stepped"},{"time":0.9333,"angle":-8.96},{"time":1.0667,"angle":22.26},{"time":1.2,"angle":3.76},{"time":1.4,"angle":-18.35},{"time":1.8,"angle":-16.1}],"translate":[{"x":-6.1,"y":-15.15},{"time":0.2,"x":-5.42,"y":-13.46},{"time":0.4,"x":-5.08,"y":-12.62},{"time":0.6,"x":-4.44,"y":-11.01},{"time":0.8,"x":-11.81,"y":-10.7,"curve":"stepped"},{"time":0.9333,"x":-11.81,"y":-10.7},{"time":1.0667,"x":-4.78,"y":-18.88},{"time":1.2,"x":2.62,"y":-11.84},{"time":1.4,"x":-20.32,"y":-12.96},{"time":1.8}]},"c1":{"rotate":[{"angle":-15.29},{"time":0.2,"angle":-23.58},{"time":0.4,"angle":-9.9},{"time":0.6,"angle":-9.41},{"time":0.8,"angle":-4.8,"curve":"stepped"},{"time":0.9333,"angle":-4.8},{"time":1.0667,"angle":27.27},{"time":1.2,"angle":9.2},{"time":1.4,"angle":-10.71},{"time":1.8,"angle":-9.36}],"translate":[{"x":-10.73,"y":-23.65},{"time":0.2,"x":-9.4,"y":-21.26},{"time":0.4,"x":-8.74,"y":-20.05},{"time":0.6,"x":-7.47,"y":-17.77},{"time":0.8,"x":-14.07,"y":-16.6,"curve":"stepped"},{"time":0.9333,"x":-14.07,"y":-16.6},{"time":1.0667,"x":-5.9,"y":-23.52},{"time":1.2,"x":2.08,"y":-15.85},{"time":1.4,"x":-21.5,"y":-9.08},{"time":1.8,"x":1.22,"y":-2.08}]},"leaf4":{"rotate":[{},{"time":0.2,"angle":42.01},{"time":0.4,"angle":26.83},{"time":0.6,"angle":38.51},{"time":0.8,"angle":51.79},{"time":0.9333,"angle":29.44},{"time":1.0667,"angle":58.81},{"time":1.2,"angle":39.86},{"time":1.4,"angle":54.73},{"time":1.8}],"translate":[{"x":-0.94,"y":-15.47,"curve":"stepped"},{"time":0.4,"x":-0.94,"y":-15.47},{"time":0.6,"x":2.1,"y":-18.84},{"time":0.8,"x":0.02,"y":-18.37,"curve":"stepped"},{"time":0.9333,"x":0.02,"y":-18.37},{"time":1.0667,"x":8.73,"y":-38.74},{"time":1.2,"x":10.26,"y":-27.1,"curve":"stepped"},{"time":1.4,"x":10.26,"y":-27.1},{"time":1.8,"x":-0.94,"y":-15.47}]},"leaf3":{"rotate":[{},{"time":0.2,"angle":42.98},{"time":0.4,"angle":26.83},{"time":0.6,"angle":38.51},{"time":0.8,"angle":51.79},{"time":0.9333,"angle":43.15},{"time":1.0667,"angle":51.16},{"time":1.2,"angle":37.68},{"time":1.4,"angle":47.8},{"time":1.8}],"translate":[{"x":-0.94,"y":-15.47,"curve":"stepped"},{"time":0.4,"x":-0.94,"y":-15.47},{"time":0.6,"x":2.1,"y":-18.84},{"time":0.8,"x":0.02,"y":-18.37,"curve":"stepped"},{"time":0.9333,"x":0.02,"y":-18.37},{"time":1.0667,"x":14.11,"y":-50.55},{"time":1.2,"x":15.65,"y":-38.9,"curve":"stepped"},{"time":1.4,"x":15.65,"y":-38.9},{"time":1.8,"x":-0.94,"y":-15.47}]},"leaf1":{"rotate":[{},{"time":0.2,"angle":27.78},{"time":0.4,"angle":26.83},{"time":0.6,"angle":38.51},{"time":0.8,"angle":34.64},{"time":0.9333,"angle":28.25},{"time":1.0667,"angle":27.8},{"time":1.2,"angle":11.34},{"time":1.4,"angle":28.38},{"time":1.8}],"translate":[{"x":-0.94,"y":-15.47,"curve":"stepped"},{"time":0.4,"x":-0.94,"y":-15.47},{"time":0.6,"x":2.1,"y":-18.84},{"time":0.8,"x":11.16,"y":-28.71,"curve":"stepped"},{"time":0.9333,"x":11.16,"y":-28.71},{"time":1.0667,"x":34.2,"y":-43.5,"curve":"stepped"},{"time":1.4,"x":34.2,"y":-43.5},{"time":1.8,"x":-0.94,"y":-15.47}]},"leaf2":{"rotate":[{},{"time":0.2,"angle":29.45},{"time":0.4,"angle":26.83},{"time":0.6,"angle":38.51},{"time":0.8,"angle":34.64},{"time":0.9333,"angle":31},{"time":1.0667,"angle":17.68},{"time":1.2,"angle":6.15},{"time":1.4,"angle":30.32},{"time":1.8}],"translate":[{"x":-0.94,"y":-15.47,"curve":"stepped"},{"time":0.4,"x":-0.94,"y":-15.47},{"time":0.6,"x":10.18,"y":-30.17},{"time":0.8,"x":11.16,"y":-28.71,"curve":"stepped"},{"time":0.9333,"x":11.16,"y":-28.71},{"time":1.0667,"x":34.2,"y":-43.5,"curve":"stepped"},{"time":1.4,"x":34.2,"y":-43.5},{"time":1.8,"x":-0.94,"y":-15.47}]},"arm1":{"rotate":[{"angle":44.98},{"time":0.2,"angle":23.5},{"time":0.4,"angle":6.36},{"time":0.6,"angle":32.19},{"time":0.8,"angle":26.71},{"time":0.9333,"angle":27.87,"curve":"stepped"},{"time":1.0667,"angle":27.87},{"time":1.2,"angle":16.33},{"time":1.4,"angle":7.31},{"time":1.8}],"translate":[{"x":-88.48,"y":-6.53},{"time":0.2,"x":-68.97,"y":93.48},{"time":0.4,"x":-21.67,"y":33.83},{"time":0.6,"x":-29.1,"y":92.12},{"time":0.8,"x":-10.92,"y":161.77},{"time":0.9333,"x":-10.92,"y":169.23},{"time":1.0667,"x":-18.37,"y":243.75},{"time":1.2,"x":-67.08,"y":217.69},{"time":1.4,"x":-14.39,"y":-1.06},{"time":1.8}]},"hand1":{"rotate":[{"angle":20.49},{"time":0.2,"angle":2.79},{"time":0.4,"angle":-14.64},{"time":0.6,"angle":-17.12},{"time":0.8,"angle":-15.78,"curve":"stepped"},{"time":0.9333,"angle":-15.78},{"time":1.0667,"angle":-0.21},{"time":1.2,"angle":6.15},{"time":1.4,"angle":3.33},{"time":1.8}],"translate":[{"x":13.09,"y":6.89},{"time":0.2,"x":12.19,"y":-0.02},{"time":0.4,"x":8.12,"y":-10.8},{"time":0.6,"x":11.65,"y":-12.38},{"time":0.8,"x":8.89,"y":-6.7,"curve":"stepped"},{"time":1.0667,"x":8.89,"y":-6.7},{"time":1.2,"x":3.93,"y":2.07},{"time":1.2667,"x":-99.05,"y":-6.69},{"time":1.4,"x":2.13,"y":1.12},{"time":1.8}],"scale":[{"x":1.161,"y":1.029},{"time":0.2,"x":1.144,"y":1.026},{"time":0.4,"x":1.134,"y":1.024},{"time":0.6,"x":1.117,"y":1.021},{"time":0.8,"x":1.096,"y":1.017,"curve":"stepped"},{"time":1.0667,"x":1.096,"y":1.017},{"time":1.2,"x":1.048,"y":1.009},{"time":1.4,"x":1.026,"y":1.005},{"time":1.8}]},"tongue":{"rotate":[{"angle":40.99,"curve":"stepped"},{"time":1.0667,"angle":40.99},{"time":1.2,"angle":-92.99},{"time":1.4,"angle":-61.04},{"time":1.4667,"angle":-38.58},{"time":1.5333,"angle":-2.23},{"time":1.6,"angle":28.58},{"time":1.8,"angle":40.99}],"translate":[{"x":-52.97,"y":-3.28,"curve":"stepped"},{"time":1.0667,"x":-52.97,"y":-3.28},{"time":1.2,"x":68.1,"y":101.61},{"time":1.4,"x":63.48,"y":50.87},{"time":1.4667,"x":67.39,"y":53.23},{"time":1.5333,"x":39.77,"y":81.27},{"time":1.6,"x":11.75,"y":47.56},{"time":1.8,"x":-52.97,"y":-3.28}],"scale":[{"x":0.472,"curve":"stepped"},{"time":1.4,"x":0.472},{"time":1.4667,"x":0.502},{"time":1.5333,"x":0.702},{"time":1.6,"x":0.853,"y":1.078},{"time":1.8,"x":0.472}]}},"drawOrder":[{"time":1.2,"offsets":[{"slot":"tongue","offset":7}]},{"time":1.6667,"offsets":[{"slot":"tongue","offset":3}]}]},"idle1":{"slots":{"tongue":{"attachment":[{"name":"tongue"}]}},"bones":{"body2":{"rotate":[{"angle":7.99},{"time":0.4,"angle":-14.93},{"time":0.8,"angle":-21.05},{"time":1.2,"angle":-15.37},{"time":1.6,"angle":7.99}],"translate":[{},{"time":0.4,"x":-2.37,"y":-3.56},{"time":0.8,"x":-4.75,"y":-7.12},{"time":1.2,"x":-2.37,"y":-3.56},{"time":1.6}]},"body5":{"rotate":[{"angle":-4.13},{"time":0.4,"angle":-3.79},{"time":0.8,"angle":-15.74},{"time":1.2,"angle":3.55},{"time":1.6,"angle":-4.13}],"translate":[{},{"time":0.2,"x":12.74,"y":10.83},{"time":0.4,"x":6.74,"y":35.66},{"time":0.6,"x":-6.41,"y":12.79},{"time":0.8,"x":-30.62,"y":3.19},{"time":1,"x":-12,"y":13.04},{"time":1.2,"x":-3.97,"y":39.66},{"time":1.4,"x":12.72,"y":15.96},{"time":1.6}]},"head1":{"rotate":[{"angle":5.85},{"time":0.0667,"angle":2.07},{"time":0.2,"angle":2.8},{"time":0.2667,"angle":6.67},{"time":0.4,"angle":1.04},{"time":0.4667,"angle":2.05},{"time":0.6667,"angle":0.86},{"time":0.8,"angle":1.01},{"time":0.8667,"angle":-4.28},{"time":0.9333,"angle":-4.18},{"time":1.0667,"angle":-3.16},{"time":1.1333,"angle":-3.72},{"time":1.2,"angle":-5.68},{"time":1.3333,"angle":0.8},{"time":1.4,"angle":0.87},{"time":1.6,"angle":5.85}],"translate":[{"x":-0.26,"y":3.56},{"time":0.0667,"x":1.71,"y":3.7},{"time":0.2667,"x":-6.81,"y":8.09},{"time":0.4667,"x":-0.26,"y":3.56},{"time":0.6667,"x":0.26,"y":6.22},{"time":0.8667,"x":-0.01,"y":2.46},{"time":0.9333,"x":-1.14,"y":1.39},{"time":1.0667,"x":2.2,"y":0.38},{"time":1.2,"x":-0.04,"y":-1.29},{"time":1.3333,"x":-4.46,"y":2.17},{"time":1.4,"x":-0.89,"y":-1.21},{"time":1.6,"x":-0.26,"y":3.56}],"scale":[{"time":0.6667},{"time":0.8667,"x":1.021},{"time":0.9333,"x":1.032},{"time":1.0667,"x":1.031,"curve":"stepped"},{"time":1.3333,"x":1.031},{"time":1.6}]},"head2":{"rotate":[{"angle":-1.76},{"time":0.0667,"angle":-6.21},{"time":0.2,"angle":2.15},{"time":0.2667,"angle":9.84},{"time":0.4,"angle":2.31},{"time":0.4667,"angle":2.58},{"time":0.5333,"angle":3.54},{"time":0.6667,"angle":-0.54},{"time":0.8667,"angle":-4.08},{"time":0.9333,"angle":-1.7},{"time":1.0667,"angle":0.31},{"time":1.1333,"angle":-1.08},{"time":1.2,"angle":-2.37},{"time":1.3333,"angle":4.83},{"time":1.4,"angle":0.91},{"time":1.5333,"angle":-3.29},{"time":1.6,"angle":-1.76}],"translate":[{"time":0.0667},{"time":0.2,"x":-4.89,"y":-1.59},{"time":0.2667,"curve":"stepped"},{"time":0.9333},{"time":1.0667,"x":2.15,"y":-3.8},{"time":1.3333,"x":0.9,"y":-1.87},{"time":1.5333,"x":-2.27,"y":-0.59},{"time":1.6}],"scale":[{},{"time":0.0667,"x":0.992,"y":0.989},{"time":0.2667,"x":0.993,"y":1.026},{"time":0.4667,"x":1.029,"y":1.048},{"time":0.6667,"x":1.004,"y":1.026},{"time":0.8667,"x":1.029},{"time":0.9333,"x":1.036,"y":0.991},{"time":1.0667,"x":1.024,"y":1.03},{"time":1.1333,"x":1.026,"y":1.036},{"time":1.3333,"x":0.992,"y":1.055},{"time":1.6}],"shear":[{"time":0.8667},{"time":0.9333,"y":0.89},{"time":1.0667}]},"body3":{"translate":[{},{"time":0.4,"x":11.22,"y":9.92},{"time":0.4667,"x":5.42,"y":-3.13},{"time":0.8,"curve":"stepped"},{"time":1.2},{"time":1.3333,"x":10.31,"y":-2.61},{"time":1.6}]},"body4":{"translate":[{},{"time":0.4,"x":10.63,"y":21.9},{"time":0.4667,"x":-6.21,"y":9.83},{"time":0.8},{"time":0.9333,"x":-4.61,"y":-5.63},{"time":1.2,"x":-8.69,"y":22.54},{"time":1.3333,"x":11.84,"y":17.37},{"time":1.6}]},"leaf6":{"rotate":[{},{"time":0.4,"angle":-5},{"time":0.8,"angle":-4.03},{"time":1.2,"angle":-1.25},{"time":1.6}],"translate":[{},{"time":0.4,"x":-0.31,"y":15.66},{"time":0.8,"x":-0.63,"y":31.33},{"time":1.2,"x":-0.31,"y":15.66},{"time":1.6}]},"leaf7":{"rotate":[{},{"time":0.4,"angle":13.39},{"time":0.8},{"time":1.2,"angle":-21.91},{"time":1.6}]},"leaf5":{"rotate":[{},{"time":0.4,"angle":6.54},{"time":0.8,"angle":6.07},{"time":1.2,"angle":-3.16},{"time":1.6}],"translate":[{},{"time":0.4,"x":0.31,"y":3.45},{"time":0.8,"x":0.63,"y":6.89},{"time":1.2,"x":0.31,"y":3.45},{"time":1.6}]},"leaf8":{"rotate":[{},{"time":0.4,"angle":-12.92},{"time":0.8,"angle":6.07},{"time":1.2,"angle":18.3},{"time":1.6}]},"leaf9":{"rotate":[{},{"time":0.4,"angle":-2.77},{"time":0.8,"angle":9.1},{"time":1.2,"angle":5.2},{"time":1.6}],"translate":[{},{"time":0.4,"x":-0.77,"y":22.75},{"time":0.8,"x":-5.01,"y":8.77},{"time":1.2,"x":-1.69,"y":1.95},{"time":1.6}]},"leaf11":{"rotate":[{},{"time":0.4,"angle":-3.38},{"time":0.8,"angle":-13.34},{"time":1.2,"angle":-10.27},{"time":1.6}],"translate":[{},{"time":0.4,"x":3.13,"y":9.4},{"time":0.8,"x":6.27,"y":18.8},{"time":1.2,"x":13.7,"y":7.77},{"time":1.6}]},"head3":{"rotate":[{},{"time":0.0667,"angle":-4.86},{"time":0.2667,"angle":7.24},{"time":0.4667,"angle":7.64},{"time":0.6667,"angle":7.24},{"time":0.8667,"angle":1},{"time":0.9333,"angle":2.26},{"time":1.0667,"angle":8.54},{"time":1.3333,"angle":7.39},{"time":1.6}],"translate":[{"x":-8.45,"y":-15.98},{"time":0.0667,"x":-4.36,"y":-14.46},{"time":0.2667,"x":-2.88,"y":22.9},{"time":0.4667,"x":-8.8,"y":-13.73},{"time":0.6667,"x":-17.74,"y":-18.06},{"time":0.8667,"x":-16.42,"y":-18.12},{"time":0.9333,"x":-17,"y":-13.76},{"time":1.0667,"x":-15.3,"y":-33.82},{"time":1.3333,"x":-16.52,"y":19.1},{"time":1.6,"x":-8.45,"y":-15.98}],"scale":[{"time":0.8667},{"time":0.9333,"y":0.839},{"time":1.0667}]},"head5":{"rotate":[{"angle":-22.7},{"time":0.0667,"angle":7.9},{"time":0.2,"angle":7.59},{"time":0.2667,"angle":-4.9},{"time":0.3333,"angle":1.18},{"time":0.4667,"angle":4.73},{"time":0.6667,"angle":-9.03},{"time":0.8667,"angle":-26.56},{"time":0.9333,"angle":-11.05},{"time":1.0667,"angle":2.44},{"time":1.3333,"angle":-5.83},{"time":1.6,"angle":-22.7}],"translate":[{"x":-7.22,"y":4.72},{"time":0.0667,"x":4.04,"y":0.54},{"time":0.2667,"x":1.12,"y":1.86},{"time":0.4667,"x":-0.59,"y":2.63},{"time":0.6667,"x":1.12,"y":1.86},{"time":0.8667,"x":6.05,"y":0.54},{"time":0.9333,"x":1.12,"y":1.86},{"time":1.0667,"x":-0.59,"y":2.63,"curve":"stepped"},{"time":1.3333,"x":-0.59,"y":2.63},{"time":1.6,"x":-7.22,"y":4.72}]},"c3":{"rotate":[{"angle":-11.92},{"time":0.0667,"angle":13.57},{"time":0.2,"angle":10.94},{"time":0.2667,"angle":-2.71},{"time":0.3333,"angle":2.7},{"time":0.4667,"angle":4.89},{"time":0.6667,"angle":-6.84},{"time":0.8667,"angle":-15.77},{"time":0.9333,"angle":-8.86},{"time":1.0667,"angle":3.28},{"time":1.3333,"angle":-4.98},{"time":1.6,"angle":-11.92}],"translate":[{},{"time":0.0667,"x":-1.46,"y":0.15},{"time":0.2667,"x":3.66,"y":-1.27},{"time":0.4667,"x":6.64,"y":-2.09},{"time":0.6667,"x":3.66,"y":-1.27},{"time":0.8667,"x":13.27,"y":-4.18},{"time":0.9333,"x":3.66,"y":-1.27},{"time":1.0667,"x":6.64,"y":-2.09,"curve":"stepped"},{"time":1.3333,"x":6.64,"y":-2.09},{"time":1.6}]},"c2":{"rotate":[{"angle":-16.1},{"time":0.0667,"angle":11.44},{"time":0.2,"angle":6.98},{"time":0.2667,"angle":-7.59},{"time":0.3333,"angle":-2.72},{"time":0.4667,"angle":-1.59},{"time":0.6667,"angle":-11.72},{"time":0.8667,"angle":-19.96},{"time":0.9333,"angle":-13.74},{"time":1.0667,"angle":0.16},{"time":1.3333,"angle":-8.11},{"time":1.6,"angle":-16.1}],"translate":[{},{"time":0.0667,"x":6.49,"y":-10.96},{"time":0.2667,"x":6.58,"y":-5.36},{"time":0.4667,"x":6.64,"y":-2.09},{"time":0.6667,"x":6.58,"y":-5.36},{"time":0.8667,"x":13.27,"y":-4.18},{"time":0.9333,"x":6.58,"y":-5.36},{"time":1.0667,"x":6.64,"y":-2.09,"curve":"stepped"},{"time":1.3333,"x":6.64,"y":-2.09},{"time":1.6}]},"c1":{"rotate":[{"angle":-9.36},{"time":0.0667,"angle":7.12},{"time":0.2,"angle":10.61},{"time":0.2667,"angle":0.02},{"time":0.3333,"angle":7.21},{"time":0.4667,"angle":12.97},{"time":0.6667,"angle":-4.11},{"time":0.8667,"angle":-13.21},{"time":0.9333,"angle":-6.13},{"time":1.0667,"angle":7.99},{"time":1.3333,"angle":-0.27},{"time":1.6,"angle":-9.36}],"translate":[{"x":1.22,"y":-2.08},{"time":0.0667,"x":2.25,"y":-26.08},{"time":0.2667,"x":5.79,"y":-12.23},{"time":0.4667,"x":7.85,"y":-4.17},{"time":0.6667,"x":5.79,"y":-12.23},{"time":0.8667,"x":14.49,"y":-6.26},{"time":0.9333,"x":5.79,"y":-12.23},{"time":1.0667,"x":7.85,"y":-4.17,"curve":"stepped"},{"time":1.3333,"x":7.85,"y":-4.17},{"time":1.6,"x":1.22,"y":-2.08}]},"leaf4":{"rotate":[{},{"time":0.2,"angle":-1.91},{"time":0.4,"angle":-3.82},{"time":0.6,"angle":11.35},{"time":0.8,"angle":-7.64},{"time":1,"angle":-19.46},{"time":1.2,"angle":-9.82},{"time":1.4,"angle":-4.91},{"time":1.6}],"translate":[{"x":-0.94,"y":-15.47},{"time":0.2,"x":-16.73,"y":-5.31},{"time":0.4,"x":-4.83,"y":-15.4},{"time":0.6,"x":6.83,"y":-27.99},{"time":0.8,"x":-8.73,"y":-15.34},{"time":1,"x":-6.45,"y":-9.92},{"time":1.2,"x":-4.16,"y":-4.51},{"time":1.4,"x":-2.55,"y":-9.99},{"time":1.6,"x":-0.94,"y":-15.47}]},"leaf3":{"rotate":[{},{"time":0.2,"angle":0.9},{"time":0.4,"angle":1.8},{"time":0.6,"angle":12.4},{"time":0.8,"angle":-7.64},{"time":1,"angle":-10.53},{"time":1.2,"angle":-8.92},{"time":1.4,"angle":-4.46},{"time":1.6}],"translate":[{"x":-0.94,"y":-15.47},{"time":0.2,"x":-10.29,"y":-9.38},{"time":0.4,"x":-4.83,"y":-15.4},{"time":0.6,"x":2.91,"y":-15.46},{"time":0.8,"x":-8.73,"y":-15.34},{"time":1,"x":-6.78,"y":-15.37},{"time":1.2,"x":-4.83,"y":-15.4},{"time":1.4,"x":-2.89,"y":-15.44},{"time":1.6,"x":-0.94,"y":-15.47}]},"leaf1":{"rotate":[{},{"time":0.2,"angle":-4.22},{"time":0.4,"angle":-8.45},{"time":0.6,"angle":-27.37},{"time":0.8,"angle":-7.64},{"time":1,"angle":3.09},{"time":1.2,"angle":-3.82},{"time":1.4,"angle":-1.91},{"time":1.6}],"translate":[{"x":-0.94,"y":-15.47},{"time":0.2,"x":-2.89,"y":-15.44},{"time":0.4,"x":-4.83,"y":-15.4},{"time":0.6,"x":-0.86,"y":-29.32},{"time":0.8,"x":-8.73,"y":-15.34},{"time":1,"x":-6.78,"y":-15.37},{"time":1.2,"x":-4.83,"y":-15.4},{"time":1.4,"x":-2.89,"y":-15.44},{"time":1.6,"x":-0.94,"y":-15.47}]},"leaf2":{"rotate":[{},{"time":0.2,"angle":-1.91},{"time":0.4,"angle":-3.82},{"time":0.6,"angle":-43.9},{"time":0.8,"angle":-7.64},{"time":1,"angle":11.73},{"time":1.2,"angle":2.75},{"time":1.4,"angle":1.37},{"time":1.6}],"translate":[{"x":-0.94,"y":-15.47},{"time":0.2,"x":0.9,"y":-6.74},{"time":0.4,"x":-4.83,"y":-15.4},{"time":0.6,"x":19.63,"y":-20.51},{"time":0.8,"x":-8.73,"y":-15.34},{"time":1,"x":-6.78,"y":-15.37},{"time":1.2,"x":-4.83,"y":-15.4},{"time":1.4,"x":-2.89,"y":-15.44},{"time":1.6,"x":-0.94,"y":-15.47}]},"tongue":{"rotate":[{"angle":40.99,"curve":"stepped"},{"time":0.4667,"angle":40.99},{"time":0.6667,"angle":42.45},{"time":0.8667,"angle":38.54,"curve":"stepped"},{"time":0.9333,"angle":38.54},{"time":1.0667,"angle":41.19},{"time":1.3333,"angle":33.94},{"time":1.6,"angle":40.99}],"translate":[{"x":-52.97,"y":-3.28},{"time":0.0667,"x":-78.11,"y":-21.21},{"time":0.2667,"x":-52.97,"y":-3.28},{"time":0.4667,"x":-31.31,"y":-12.9},{"time":0.6667,"x":-34.83,"y":-18.27,"curve":"stepped"},{"time":0.8667,"x":-34.83,"y":-18.27},{"time":0.9333,"x":-29.27,"y":-15.87},{"time":1.0667,"x":-34.83,"y":-18.27},{"time":1.3333,"x":-43.47,"y":-6.38},{"time":1.6,"x":-52.97,"y":-3.28}],"scale":[{"x":0.472,"curve":"stepped"},{"time":0.2667,"x":0.472},{"time":0.4667,"x":0.533},{"time":0.6667,"x":0.598},{"time":0.8667,"x":0.622,"y":1.11,"curve":"stepped"},{"time":0.9333,"x":0.622,"y":1.11},{"time":1.0667,"x":0.637,"y":1.11},{"time":1.3333,"x":0.472}]}}},"idle2":{"slots":{"arm1":{"attachment":[{"name":"arm1"}]},"hand1":{"attachment":[{"name":"hand1"}]},"tongue":{"attachment":[{"name":"tongue"}]}},"bones":{"body2":{"rotate":[{"angle":7.99}]},"body5":{"rotate":[{"angle":-4.13},{"time":0.2,"angle":-10.04},{"time":0.4,"angle":-12.18},{"time":0.6,"angle":-14.28},{"time":0.8,"angle":-3.92},{"time":1,"angle":-4.13}],"translate":[{"x":4.98,"y":7.23},{"time":0.2,"x":9.2,"y":7.13},{"time":0.4,"x":1.04,"y":12.68},{"time":0.6,"x":18.83,"y":10.06},{"time":0.8,"x":-8.29,"y":23.99},{"time":1,"x":4.98,"y":7.23}]},"head1":{"rotate":[{"angle":-16.41,"curve":"stepped"},{"time":0.6,"angle":-16.41},{"time":0.8,"angle":-23.27},{"time":1,"angle":-16.41}],"translate":[{"x":-0.26,"y":3.56}],"scale":[{"x":0.947,"curve":"stepped"},{"time":0.6,"x":0.947},{"time":0.8,"x":0.989},{"time":1,"x":0.947}]},"head2":{"rotate":[{"angle":18.8},{"time":0.2,"angle":2.89},{"time":0.4,"angle":9.54},{"time":0.6,"angle":15.77},{"time":0.8,"angle":13.84},{"time":1,"angle":18.8}],"translate":[{"time":0.4},{"time":0.6,"x":-2.01,"y":-0.51},{"time":0.8}],"scale":[{"x":1.017,"y":1.071},{"time":0.2,"x":0.975,"y":0.894},{"time":0.4,"x":0.949,"y":0.964},{"time":0.6,"x":0.934,"y":0.964},{"time":0.8,"x":0.947,"y":1.027},{"time":1,"x":1.017,"y":1.071}],"shear":[{},{"time":0.2,"x":8.76,"y":4.01},{"time":0.4},{"time":0.6,"y":8.58},{"time":0.8}]},"body3":{"translate":[{},{"time":0.2,"x":5.54,"y":-15.72},{"time":0.4,"x":4.29,"y":-14.02},{"time":0.6,"x":17.31,"y":-6.18},{"time":0.8,"x":10.59,"y":-7.76},{"time":1}]},"body4":{"translate":[{},{"time":0.2,"x":17.14,"y":-4.07},{"time":0.4,"x":4.29,"y":-14.02},{"time":0.6,"x":24.4,"y":-14.52},{"time":0.8,"x":3.33,"y":-7.48},{"time":1}]},"leaf6":{"rotate":[{},{"time":0.2,"angle":-8.49},{"time":0.4,"angle":-12.22},{"time":0.6,"angle":-7.66},{"time":0.8,"angle":-2.88},{"time":1}],"translate":[{},{"time":0.2,"y":6.45},{"time":0.4,"x":2.15,"y":20.79,"curve":"stepped"},{"time":0.6,"x":2.15,"y":20.79},{"time":0.8,"x":3.58,"y":15.77},{"time":1}]},"leaf7":{"rotate":[{},{"time":0.2,"angle":13.11},{"time":0.4,"angle":15.88},{"time":0.6},{"time":0.7333,"angle":-13.38,"curve":0.25,"c3":0.75},{"time":0.8,"angle":-11.75},{"time":1}]},"leaf5":{"rotate":[{},{"time":0.2,"angle":4.75},{"time":0.4,"angle":4.21},{"time":0.6},{"time":0.8,"angle":-3.75},{"time":1}],"translate":[{},{"time":0.2,"x":0.7,"y":19.08},{"time":0.4,"x":0.7,"y":6.34},{"time":0.6,"y":5.64},{"time":0.8,"x":-1.41,"y":9.16},{"time":1}]},"leaf8":{"rotate":[{},{"time":0.2,"angle":-10.34},{"time":0.4,"angle":11.54},{"time":0.6,"angle":12.19},{"time":0.8,"angle":10.35},{"time":1}]},"leaf9":{"rotate":[{"time":0.4},{"time":0.6,"angle":5.89},{"time":0.8,"angle":7.19},{"time":1}],"translate":[{},{"time":0.2,"x":-13.62,"y":27.24},{"time":0.4,"x":-3.58,"y":34.41},{"time":0.6,"x":-1.43,"y":15.77},{"time":0.8}]},"leaf11":{"rotate":[{},{"time":0.2,"angle":-2.62},{"time":0.4,"angle":-13.67},{"time":0.6,"angle":-18.72},{"time":0.8,"angle":-17},{"time":1}],"translate":[{},{"time":0.2,"y":14.34},{"time":0.4,"x":7.17,"y":4.3},{"time":0.6,"x":7.89,"y":-3.58},{"time":0.8,"x":5.02,"y":-15.77},{"time":1}]},"head3":{"rotate":[{"angle":19.48}],"translate":[{"x":-4.41,"y":-9.69}],"scale":[{},{"time":0.2,"x":1.062},{"time":0.4},{"time":0.6,"x":0.891},{"time":0.8}]},"head5":{"rotate":[{"angle":-1.13,"curve":"stepped"},{"time":0.4,"angle":-1.13},{"time":0.6,"angle":4.82},{"time":0.8,"angle":-1.13}],"translate":[{"x":-18.23,"y":-1.95,"curve":"stepped"},{"time":0.6,"x":-18.23,"y":-1.95},{"time":0.8,"x":-6.07,"y":-0.63},{"time":1,"x":-18.23,"y":-1.95}]},"c3":{"rotate":[{"angle":-15.33,"curve":"stepped"},{"time":0.4,"angle":-15.33},{"time":0.6,"angle":-9.37},{"time":0.8,"angle":-15.33}],"translate":[{"x":-18.56,"y":-16.02,"curve":"stepped"},{"time":0.6,"x":-18.56,"y":-16.02},{"time":0.8,"x":-11.83,"y":-15.73},{"time":1,"x":-18.56,"y":-16.02}]},"c2":{"rotate":[{"angle":-17.67,"curve":"stepped"},{"time":0.4,"angle":-17.67},{"time":0.6,"angle":-11.72},{"time":0.8,"angle":-17.67}],"translate":[{"x":-6.1,"y":-15.15,"curve":"stepped"},{"time":0.4,"x":-6.1,"y":-15.15},{"time":0.6,"x":-9.6,"y":-15.1},{"time":0.8,"x":-4.35,"y":-7.94},{"time":1,"x":-6.1,"y":-15.15}]},"c1":{"rotate":[{"angle":-15.29,"curve":"stepped"},{"time":0.4,"angle":-15.29},{"time":0.6,"angle":-9.34},{"time":0.8,"angle":-15.29}],"translate":[{"x":-10.73,"y":-23.65,"curve":"stepped"},{"time":0.4,"x":-10.73,"y":-23.65},{"time":0.6,"x":-13.52,"y":-22.96},{"time":0.8,"x":-8.98,"y":-16.45},{"time":1,"x":-10.73,"y":-23.65}]},"leaf4":{"rotate":[{},{"time":0.2,"angle":-6.52},{"time":0.4},{"time":0.6,"angle":-9.75},{"time":0.8,"angle":5.95},{"time":1}],"translate":[{"x":-0.94,"y":-15.47}]},"leaf3":{"rotate":[{},{"time":0.2,"angle":-6.52},{"time":0.4},{"time":0.6,"angle":-10.58},{"time":0.8,"angle":3.45},{"time":1}],"translate":[{"x":-0.94,"y":-15.47}]},"leaf1":{"rotate":[{},{"time":0.2,"angle":-12.73},{"time":0.4},{"time":0.6,"angle":2.89},{"time":0.8,"angle":-1.17},{"time":1}],"translate":[{"x":-0.94,"y":-15.47}]},"leaf2":{"rotate":[{},{"time":0.2,"angle":-22.17},{"time":0.4},{"time":0.6,"angle":4.66},{"time":0.8,"angle":-4.29},{"time":1}],"translate":[{"x":-0.94,"y":-15.47}]},"arm1":{"rotate":[{"angle":44.98},{"time":0.2,"angle":19.49},{"time":0.4,"angle":10.4},{"time":0.6,"angle":-7.41},{"time":0.8,"angle":-6.73},{"time":1,"angle":44.98}],"translate":[{"x":-88.48,"y":-6.53},{"time":0.2,"x":-86.36,"y":4.07},{"time":0.4,"x":-102.93,"y":-2.17},{"time":0.6,"x":-80.81,"y":1.14},{"time":0.8,"x":-28.46,"y":37.63},{"time":1,"x":-88.48,"y":-6.53}]},"hand1":{"rotate":[{"angle":20.49},{"time":0.2,"angle":1.64},{"time":0.4,"angle":5.8},{"time":0.6,"angle":-32.36},{"time":0.7,"angle":-44.22,"curve":0.25,"c3":0.75},{"time":0.8,"angle":-32.68},{"time":0.8667,"angle":-32.17,"curve":0.25,"c3":0.75},{"time":1,"angle":20.49}],"translate":[{"x":13.09,"y":6.89,"curve":"stepped"},{"time":0.2,"x":13.09,"y":6.89},{"time":0.4,"x":9.54,"y":-0.07},{"time":0.6,"x":16.81,"y":-9.96},{"time":0.8,"x":13.12,"y":-4.26},{"time":0.8667,"x":13.98,"y":-7.79,"curve":0.25,"c3":0.75},{"time":1,"x":13.09,"y":6.89}],"scale":[{"x":1.161,"y":1.029}]},"tongue":{"rotate":[{"angle":40.99}],"translate":[{"x":-52.97,"y":-3.28}],"scale":[{"x":0.472}]}}}}},[0]]],0,0,[0],[-1],[0]],[[[2,"Chomper"],[3,"Chomper",[-6,-7],[[-2,[6,-5,-4,-3,[0,-20,0]]],1,4],[7,-1,0],[-494,-293,0,0,0,0,1,1,1,1]],[4,"bodyC",5,1,[-8,-9],[0,"c9VuVxERBI2aDgqWvKs9FT",1,0]],[8,2,[0,0,40],[5,80,120]],[9,2,3],[5,"07_plant",1,[-10],[0,"faT2TSJ91AibzN3MEOrVso",1,0],[5,110.3,119.68]],[10,"default","attack",0,"attack",5,[0]],[11,true,1,6]],0,[0,0,1,0,-1,7,0,1,4,0,2,7,0,3,1,0,-1,2,0,-2,5,0,-1,3,0,-2,4,0,-1,6,0,4,1,10],[0,6],[-1,5],[1,2]]]]