[1,["e3Na6WdjJK9LpgWa8SaKIQ","e89+RK/hpLkrr8QXNcAZjX","1cmWZi0dNMo6lRADaIuK3h"],["root","body","animation","node","data","_N$skeletonData"],[["cc.Node",["_name","_groupIndex","_parent","_components","_prefab","_contentSize"],1,1,2,4,5],["cc.PrefabInfo",["fileId","root","asset"],2,1,1],["cc.Prefab",["_name"],2],["cc.Node",["_name","_children","_components","_prefab","_trs"],2,2,12,4,7],["88b4f8lc7lKtpSRmJt/bXt1",["needShadow","node","animation","body"],2,1,1,1],["cc.BoxCollider",["node","_offset","_size"],3,1,5,5],["96c396uvMtPhLUJFoRD9JmK",["node","body"],3,1,1],["sp.Skeleton",["defaultSkin","defaultAnimation","_preCacheMode","_animationName","node","_materials"],-1,1,3],["261d4+Q1HdGA5w3tjdBw83c",["activeFlash","node","spineAnimation"],2,1,1],["sp.SkeletonData",["_name","_atlasText","textureNames","_skeletonJson","textures"],-1,3]],[[1,0,1,2,2],[2,0,2],[3,0,1,2,3,4,2],[0,0,1,2,3,4,3],[0,0,2,3,4,5,2],[4,0,1,2,3,2],[1,1,2,1],[5,0,1,2,1],[6,0,1,1],[7,0,1,2,3,4,5,5],[8,0,1,2,2],[9,0,1,2,3,4,5]],[[[[1,"GraveBuster"],[2,"GraveBuster",[-6,-7],[[-2,[5,false,-5,-4,-3]],1,4],[6,-1,0],[-494,-293,0,0,0,0,1,1,1,1]],[3,"bodyC",5,1,[-8,-9],[0,"b5KLz7KoRB5LOcHEhvKNgA",1,0]],[7,2,[0,0,60],[5,100,120]],[8,2,3],[4,"14_plant",1,[-10],[0,"27JcwKWgBGRosSUA9JlcJm",1,0],[5,135.93,100.81]],[9,"default","idle1",0,"idle1",5,[0]],[10,true,1,6]],0,[0,0,1,0,-1,7,0,1,4,0,2,7,0,3,1,0,-1,2,0,-2,5,0,-1,3,0,-2,4,0,-1,6,0,4,1,10],[0,6],[-1,5],[0,1]],[[[11,"14_plant","\n14_plant.png\nsize: 512,128\nformat: RGBA8888\nfilter: Linear,Linear\nrepeat: none\neye\n  rotate: false\n  xy: 376, 96\n  size: 125, 23\n  orig: 129, 27\n  offset: 2, 2\n  index: -1\nhead\n  rotate: false\n  xy: 2, 11\n  size: 175, 108\n  orig: 179, 112\n  offset: 2, 2\n  index: -1\nleaf1\n  rotate: false\n  xy: 222, 25\n  size: 38, 35\n  orig: 42, 39\n  offset: 2, 2\n  index: -1\nleaf2\n  rotate: true\n  xy: 332, 8\n  size: 21, 28\n  orig: 25, 32\n  offset: 2, 2\n  index: -1\nleaf3\n  rotate: true\n  xy: 262, 6\n  size: 23, 31\n  orig: 27, 35\n  offset: 2, 2\n  index: -1\nleaf4\n  rotate: true\n  xy: 307, 2\n  size: 33, 23\n  orig: 37, 27\n  offset: 2, 2\n  index: -1\nleaf5\n  rotate: false\n  xy: 307, 37\n  size: 38, 23\n  orig: 42, 27\n  offset: 2, 2\n  index: -1\nleaf6\n  rotate: false\n  xy: 179, 62\n  size: 195, 57\n  orig: 199, 61\n  offset: 2, 2\n  index: -1\nleg1\n  rotate: true\n  xy: 376, 55\n  size: 39, 43\n  orig: 43, 47\n  offset: 2, 2\n  index: -1\nleg2\n  rotate: false\n  xy: 462, 55\n  size: 39, 39\n  orig: 43, 43\n  offset: 2, 2\n  index: -1\nleg3\n  rotate: true\n  xy: 179, 25\n  size: 35, 41\n  orig: 39, 45\n  offset: 2, 2\n  index: -1\nleg4\n  rotate: true\n  xy: 262, 31\n  size: 29, 43\n  orig: 33, 47\n  offset: 2, 2\n  index: -1\nleg5\n  rotate: false\n  xy: 421, 53\n  size: 39, 41\n  orig: 43, 45\n  offset: 2, 2\n  index: -1\nleg6\n  rotate: false\n  xy: 462, 6\n  size: 31, 47\n  orig: 35, 51\n  offset: 2, 2\n  index: -1\ns1\n  rotate: true\n  xy: 347, 31\n  size: 29, 26\n  orig: 33, 30\n  offset: 2, 2\n  index: -1\ns2\n  rotate: false\n  xy: 495, 37\n  size: 15, 16\n  orig: 19, 20\n  offset: 2, 2\n  index: -1\ns3\n  rotate: true\n  xy: 375, 28\n  size: 25, 23\n  orig: 29, 27\n  offset: 2, 2\n  index: -1\ns4\n  rotate: true\n  xy: 495, 16\n  size: 19, 12\n  orig: 23, 16\n  offset: 2, 2\n  index: -1\n",["14_plant.png"],{"skeleton":{"hash":"Mme3/UGUkJNpEamni9ziMLkiaWQ","spine":"3.8.99","x":-72.62,"y":-7.98,"width":135.93,"height":100.81},"bones":[{"name":"root"},{"name":"plant","parent":"root","scaleX":0.266,"scaleY":0.266},{"name":"head","parent":"plant","length":77.64,"rotation":90,"x":-15.51,"y":87.94},{"name":"eye","parent":"head","x":104.68,"y":2.59},{"name":"leaf6","parent":"head","x":161.36,"y":-6.13},{"name":"leaf3","parent":"leaf6","length":58.15,"rotation":-10.26,"x":38.57,"y":13.62},{"name":"leaf2","parent":"leaf6","length":60.54,"rotation":23.33,"x":29.85,"y":113.36},{"name":"leaf1","parent":"leaf6","length":60.51,"rotation":46.09,"x":-31.74,"y":198.92},{"name":"leaf4","parent":"leaf6","length":62.23,"rotation":-72.68,"x":12.95,"y":-106.82},{"name":"leaf5","parent":"leaf6","length":69.93,"rotation":-85.98,"x":-43.18,"y":-169.49},{"name":"leg1","parent":"head","length":83.72,"rotation":180,"x":-21.83,"y":29.97},{"name":"leg2","parent":"head","length":68.66,"rotation":180,"x":-20.89,"y":-35.83},{"name":"leg3","parent":"head","length":76.61,"rotation":180,"x":-23.71,"y":-86.59},{"name":"leg4","parent":"head","length":80.48,"rotation":-180,"x":-25.12,"y":-131.24},{"name":"leg5","parent":"head","length":70.04,"rotation":180,"x":-23.24,"y":90.6},{"name":"leg6","parent":"head","length":84.13,"rotation":180,"x":-25.12,"y":127.26},{"name":"s","parent":"plant","y":-206.03},{"name":"s1","parent":"s","x":-57.45,"y":114.29},{"name":"s2","parent":"s","x":-8.74,"y":154.83},{"name":"s4","parent":"s","x":36.77,"y":139.16},{"name":"s3","parent":"s","x":65.12,"y":106.71},{"name":"s5","parent":"s","x":-57.45,"y":114.29},{"name":"s6","parent":"s","x":-57.45,"y":114.29},{"name":"s7","parent":"s","x":-57.45,"y":114.29},{"name":"s8","parent":"s","x":-8.74,"y":154.83}],"slots":[{"name":"leaf6","bone":"leaf6","attachment":"leaf6"},{"name":"leaf5","bone":"leaf5","attachment":"leaf5"},{"name":"leaf4","bone":"leaf4","attachment":"leaf4"},{"name":"leaf3","bone":"leaf3","attachment":"leaf3"},{"name":"leaf2","bone":"leaf2","attachment":"leaf2"},{"name":"leaf1","bone":"leaf1","attachment":"leaf1"},{"name":"head","bone":"head","attachment":"head"},{"name":"leg6","bone":"leg6","attachment":"leg6"},{"name":"leg5","bone":"leg5","attachment":"leg5"},{"name":"leg4","bone":"leg4","attachment":"leg4"},{"name":"leg3","bone":"leg3","attachment":"leg3"},{"name":"leg2","bone":"leg2","attachment":"leg2"},{"name":"leg1","bone":"leg1","attachment":"leg1"},{"name":"eye","bone":"eye","attachment":"eye"},{"name":"s4","bone":"s4"},{"name":"s3","bone":"s3"},{"name":"s2","bone":"s2"},{"name":"s8","bone":"s8"},{"name":"s1","bone":"s1"},{"name":"s6","bone":"s6"},{"name":"s5","bone":"s5"},{"name":"s7","bone":"s7"}],"skins":[{"name":"default","attachments":{"eye":{"eye":{"x":12.38,"y":8.9,"rotation":-90,"width":258,"height":54}},"head":{"head":{"x":43.56,"y":-1.01,"rotation":-90,"width":357,"height":223}},"leaf1":{"leaf1":{"x":29.83,"y":1.73,"rotation":-136.09,"width":84,"height":78}},"leaf2":{"leaf2":{"x":19.39,"y":-6.45,"rotation":-113.33,"width":49,"height":63}},"leaf3":{"leaf3":{"x":27.28,"y":-1.17,"rotation":-79.74,"width":54,"height":69}},"leaf4":{"leaf4":{"x":30.61,"y":2.23,"rotation":-17.32,"width":74,"height":53}},"leaf5":{"leaf5":{"x":36.46,"y":-0.17,"rotation":-4.02,"width":83,"height":53}},"leaf6":{"leaf6":{"x":-12.3,"y":14.12,"rotation":-90,"width":397,"height":122}},"leg1":{"leg1":{"x":40.11,"y":4.48,"rotation":90,"width":86,"height":94}},"leg2":{"leg2":{"x":35.55,"y":0.68,"rotation":90,"width":86,"height":85}},"leg3":{"leg3":{"x":40.23,"y":-1.08,"rotation":90,"width":78,"height":90}},"leg4":{"leg4":{"x":38.32,"y":-3.73,"rotation":90,"width":66,"height":93}},"leg5":{"leg5":{"x":32.2,"y":3.11,"rotation":90,"width":86,"height":89}},"leg6":{"leg6":{"x":42.32,"y":5.77,"rotation":90,"width":70,"height":101}},"s1":{"s1":{"x":2.95,"y":0.21,"width":65,"height":59}},"s2":{"s2":{"x":-2.26,"y":-1.33,"width":38,"height":39}},"s3":{"s3":{"x":-0.62,"y":0.79,"width":57,"height":53}},"s4":{"s4":{"x":-1.77,"y":0.84,"width":46,"height":32}},"s5":{"s1":{"x":2.95,"y":0.21,"width":65,"height":59}},"s6":{"s1":{"x":2.95,"y":0.21,"width":65,"height":59}},"s7":{"s1":{"x":2.95,"y":0.21,"width":65,"height":59}},"s8":{"s2":{"x":-2.26,"y":-1.33,"width":38,"height":39}}}}],"animations":{"idle1":{"bones":{"head":{"translate":[{},{"time":0.2667,"y":36.52},{"time":0.4},{"time":0.5333,"y":7.48},{"time":0.6667}],"scale":[{},{"time":0.2667,"x":0.901,"y":1.008},{"time":0.4},{"time":0.5333,"x":0.982},{"time":0.6667}]},"leaf3":{"rotate":[{},{"time":0.2667,"angle":-14.48},{"time":0.4},{"time":0.5333,"angle":-7.6},{"time":0.6667}]},"leaf2":{"rotate":[{},{"time":0.2667,"angle":12.72},{"time":0.4},{"time":0.5333,"angle":3.96},{"time":0.6667}]},"leaf1":{"rotate":[{},{"time":0.2667,"angle":13.28},{"time":0.4},{"time":0.5333,"angle":17.85},{"time":0.6667}]},"leaf4":{"rotate":[{},{"time":0.2667,"angle":-19.14},{"time":0.4},{"time":0.5333,"angle":-4.39},{"time":0.6667}]},"leaf5":{"rotate":[{},{"time":0.2667,"angle":-4.81},{"time":0.4},{"time":0.5333,"angle":-8.07},{"time":0.6667}]},"leg1":{"scale":[{},{"time":0.2667,"x":0.909},{"time":0.4,"x":1.231},{"time":0.5333,"x":0.958},{"time":0.6667,"x":1.231}]},"leg2":{"scale":[{},{"time":0.2667,"x":1.014},{"time":0.4,"x":1.16},{"time":0.5333,"x":0.958},{"time":0.6667,"x":1.231}]},"leg3":{"scale":[{},{"time":0.2667,"x":0.909},{"time":0.4,"x":1.231},{"time":0.5333,"x":0.958},{"time":0.6667,"x":1.231}]},"leg4":{"scale":[{},{"time":0.2667,"x":1.014},{"time":0.4,"x":1.16},{"time":0.5333,"x":0.958},{"time":0.6667,"x":1.231}]},"leg5":{"scale":[{},{"time":0.2667,"x":1.014},{"time":0.4,"x":1.16},{"time":0.5333,"x":0.958},{"time":0.6667,"x":1.231}]},"leg6":{"scale":[{},{"time":0.2667,"x":0.909},{"time":0.4,"x":1.231},{"time":0.5333,"x":0.958},{"time":0.6667,"x":1.231}]}}},"idle2":{"slots":{"s1":{"attachment":[{"time":0.0333,"name":"s1"},{"time":0.3,"name":null},{"time":0.3333,"name":"s1"},{"time":0.4333,"name":null},{"time":0.7,"name":"s1"},{"time":0.8333,"name":null},{"time":0.9,"name":"s1"},{"time":1.5333,"name":null},{"time":1.5667,"name":"s1"},{"time":1.6667,"name":null}]},"s2":{"attachment":[{"time":0.0333,"name":"s2"},{"time":0.2,"name":null},{"time":0.2333,"name":"s2"},{"time":1.4333,"name":null},{"time":1.4667,"name":"s2"},{"time":1.8,"name":null}]},"s3":{"attachment":[{"time":0.0333,"name":"s3"},{"time":0.6667,"name":null},{"time":0.7,"name":"s3"},{"time":1.1667,"name":null},{"time":1.2,"name":"s3"},{"time":1.8,"name":null}]},"s4":{"attachment":[{"time":0.0667,"name":"s4"},{"time":0.9667,"name":null},{"time":1,"name":"s4"},{"time":1.2667,"name":null},{"time":1.3,"name":"s4"},{"time":1.8,"name":null}]},"s5":{"attachment":[{"time":0.0667,"name":"s1"},{"time":0.8,"name":null},{"time":0.8333,"name":"s1"},{"time":1.2667,"name":null},{"time":1.3,"name":"s1"},{"time":1.8,"name":null}]},"s6":{"attachment":[{"time":0.1,"name":"s1"},{"time":0.4,"name":null},{"time":0.5,"name":"s1"},{"time":1.6333,"name":null},{"time":1.7333,"name":"s1"},{"time":1.8,"name":null}]},"s7":{"attachment":[{"time":0.1,"name":"s1"},{"time":0.4333,"name":null},{"time":0.5333,"name":"s1"},{"time":0.8667,"name":null},{"time":0.9,"name":"s1"},{"time":1,"name":null},{"time":1.0333,"name":"s1"},{"time":1.2,"name":null},{"time":1.2333,"name":"s1"},{"time":1.6667,"name":null},{"time":1.7667,"name":"s1"},{"time":1.8,"name":null}]},"s8":{"attachment":[{"time":0.1,"name":"s2"},{"time":0.1667,"name":null},{"time":0.3667,"name":"s2"},{"time":1,"name":null},{"time":1.1,"name":"s2"},{"time":1.2667,"name":null},{"time":1.3333,"name":"s2"},{"time":1.4,"name":null},{"time":1.6,"name":"s2"},{"time":1.8,"name":null}]}},"bones":{"head":{"translate":[{"time":0.4},{"time":0.6,"y":-5.38},{"time":0.8,"curve":"stepped"},{"time":1.2},{"time":1.4,"y":-5.38},{"time":1.6}],"scale":[{"time":0.4},{"time":0.6,"x":0.95,"y":1.039},{"time":0.8,"curve":"stepped"},{"time":1.2},{"time":1.4,"x":0.95,"y":1.039},{"time":1.6}]},"eye":{"translate":[{"time":0.2},{"time":0.4,"x":-6.74},{"time":0.6,"curve":"stepped"},{"time":1},{"time":1.2,"x":-6.74},{"time":1.4},{"time":1.6,"x":-6.74},{"time":1.8}]},"leaf3":{"rotate":[{"time":0.4},{"time":0.6,"angle":8.39},{"time":0.8,"angle":-2.15},{"time":1,"angle":3.27},{"time":1.2,"angle":-16.35},{"time":1.4,"angle":0.61},{"time":1.6,"angle":-13.41},{"time":1.8}]},"leaf2":{"rotate":[{"time":0.4},{"time":0.6,"angle":-9.03},{"time":0.8,"angle":2.66},{"time":1,"angle":7.05},{"time":1.2,"angle":22.54},{"time":1.4,"angle":-5.9},{"time":1.6,"angle":16.14},{"time":1.8}]},"leaf1":{"rotate":[{"time":0.4},{"time":0.6,"angle":-9.34},{"time":0.8,"angle":5.03},{"time":1,"angle":12.08},{"time":1.2,"angle":30.28},{"time":1.4,"angle":12.07},{"time":1.6,"angle":-9.38},{"time":1.8}]},"leaf4":{"rotate":[{"time":0.4},{"time":0.6,"angle":12.7},{"time":0.8,"angle":-3.76},{"time":1,"angle":-7.05},{"time":1.2,"angle":-22.86},{"time":1.4,"angle":-0.38},{"time":1.6,"angle":-14.83},{"time":1.8}]},"leaf5":{"rotate":[{"time":0.4},{"time":0.6,"angle":10.98},{"time":0.8,"angle":-3.38},{"time":1,"angle":-6.74},{"time":1.2,"angle":11.8},{"time":1.4,"angle":17.04},{"time":1.6,"angle":-13.79},{"time":1.8}]},"leg1":{"scale":[{"x":1.231,"curve":"stepped"},{"time":0.2,"x":1.231},{"time":0.4,"x":0.832},{"time":0.6,"x":1.231},{"time":0.8,"x":0.832},{"time":1,"x":1.231},{"time":1.2,"x":0.832},{"time":1.4,"x":1.231},{"time":1.6,"x":0.832},{"time":1.8,"x":1.231}]},"leg2":{"scale":[{"x":1.231},{"time":0.2,"x":1.081},{"time":0.4,"x":1.265},{"time":0.6,"x":1.081},{"time":0.8,"x":1.265},{"time":1,"x":1.081},{"time":1.2,"x":1.265},{"time":1.4,"x":1.081},{"time":1.6,"x":1.265},{"time":1.8,"x":1.231}]},"leg3":{"scale":[{"x":1.231,"curve":"stepped"},{"time":0.2,"x":1.231},{"time":0.4,"x":0.832},{"time":0.6,"x":1.231},{"time":0.8,"x":0.832},{"time":1,"x":1.231},{"time":1.2,"x":0.832},{"time":1.4,"x":1.231},{"time":1.6,"x":0.832},{"time":1.8,"x":1.231}]},"leg4":{"scale":[{"x":1.231},{"time":0.2,"x":1.128},{"time":0.4,"x":1.265},{"time":0.6,"x":1.128},{"time":0.8,"x":1.265},{"time":1,"x":1.128},{"time":1.2,"x":1.265},{"time":1.4,"x":1.128},{"time":1.6,"x":1.265},{"time":1.8,"x":1.231}]},"leg5":{"scale":[{"x":1.231},{"time":0.2,"x":1.015},{"time":0.4,"x":1.265},{"time":0.6,"x":1.015},{"time":0.8,"x":1.265},{"time":1,"x":1.015},{"time":1.2,"x":1.265},{"time":1.4,"x":1.015},{"time":1.6,"x":1.265},{"time":1.8,"x":1.231}]},"leg6":{"scale":[{"x":1.231},{"time":0.2,"x":1.081},{"time":0.4,"x":0.943},{"time":0.6,"x":1.081},{"time":0.8,"x":0.943},{"time":1,"x":1.081},{"time":1.2,"x":0.943},{"time":1.4,"x":1.081},{"time":1.6,"x":0.943},{"time":1.8,"x":1.231}]},"s1":{"rotate":[{"time":0.0333,"curve":"stepped"},{"time":0.0667,"angle":-25.87,"curve":"stepped"},{"time":0.1,"angle":-56.41,"curve":"stepped"},{"time":0.1333,"angle":-20.27,"curve":"stepped"},{"time":0.1667,"angle":-20.27,"curve":"stepped"},{"time":0.2,"angle":-43.94,"curve":"stepped"},{"time":0.2333,"angle":-94.99,"curve":"stepped"},{"time":0.7667,"angle":-94.99,"curve":"stepped"},{"time":0.8,"angle":-107.97,"curve":"stepped"},{"time":0.8333,"angle":-94.99,"curve":"stepped"},{"time":0.9,"angle":-94.99,"curve":"stepped"},{"time":0.9333,"angle":-107.44,"curve":"stepped"},{"time":0.9667,"angle":-48.55,"curve":"stepped"},{"time":1,"angle":-77.45,"curve":"stepped"},{"time":1.0667,"angle":-77.45,"curve":"stepped"},{"time":1.1,"angle":-4.6,"curve":"stepped"},{"time":1.1333,"angle":-4.6,"curve":"stepped"},{"time":1.1667,"angle":-76.24,"curve":"stepped"},{"time":1.2667,"angle":-76.24,"curve":"stepped"},{"time":1.3,"angle":-25.87,"curve":"stepped"},{"time":1.3333,"angle":-56.41,"curve":"stepped"},{"time":1.3667,"angle":-20.27,"curve":"stepped"},{"time":1.4,"angle":-20.27,"curve":"stepped"},{"time":1.4333,"angle":-43.94,"curve":"stepped"},{"time":1.4667,"angle":-94.99,"curve":"stepped"},{"time":1.7667,"angle":-94.99,"curve":"stepped"},{"time":1.8}],"translate":[{"curve":"stepped"},{"time":0.0333,"x":128.63,"y":142.55,"curve":"stepped"},{"time":0.0667,"x":156.92,"y":153.37,"curve":"stepped"},{"time":0.1,"x":133.34,"y":164.94,"curve":"stepped"},{"time":0.1333,"x":134.69,"y":81.24,"curve":"stepped"},{"time":0.1667,"x":150.48,"y":125.12,"curve":"stepped"},{"time":0.2,"x":162.12,"y":136.32,"curve":"stepped"},{"time":0.2333,"x":181.27,"y":126.75,"curve":"stepped"},{"time":0.2667,"x":144.4,"y":73.19,"curve":"stepped"},{"time":0.3,"x":258.25,"y":49.92,"curve":"stepped"},{"time":0.3333,"x":110.63,"y":100.8,"curve":"stepped"},{"time":0.3667,"x":50.69,"y":89.47,"curve":"stepped"},{"time":0.4,"x":69.09,"y":90.85,"curve":"stepped"},{"time":0.4333,"x":50.69,"y":89.47,"curve":"stepped"},{"time":0.6667,"x":50.69,"y":89.47,"curve":"stepped"},{"time":0.7,"x":188.68,"y":140.99,"curve":"stepped"},{"time":0.7333,"x":196.09,"y":182.78,"curve":"stepped"},{"time":0.7667,"x":206.04,"y":211.54,"curve":"stepped"},{"time":0.8,"x":209.92,"y":215.42,"curve":"stepped"},{"time":0.8333,"x":50.69,"y":89.47,"curve":"stepped"},{"time":0.8667,"x":50.69,"y":89.47,"curve":"stepped"},{"time":0.9,"x":2.68,"y":108.14,"curve":"stepped"},{"time":0.9333,"x":27.87,"y":125.22,"curve":"stepped"},{"time":0.9667,"x":64.64,"y":131.04,"curve":"stepped"},{"time":1,"x":-12.53,"y":101.63,"curve":"stepped"},{"time":1.0333,"x":-22.05,"y":90.2,"curve":"stepped"},{"time":1.0667,"x":-22.05,"y":90.2,"curve":"stepped"},{"time":1.1,"x":80.67,"y":100.76,"curve":"stepped"},{"time":1.1333,"x":98.91,"y":83,"curve":"stepped"},{"time":1.1667,"x":43.61,"y":81.98,"curve":"stepped"},{"time":1.2,"x":78.51,"y":75.33,"curve":"stepped"},{"time":1.2333,"x":89.29,"y":79.21,"curve":"stepped"},{"time":1.2667,"x":89.29,"y":79.21,"curve":"stepped"},{"time":1.3,"x":156.92,"y":153.37,"curve":"stepped"},{"time":1.3333,"x":133.34,"y":164.94,"curve":"stepped"},{"time":1.3667,"x":134.69,"y":81.24,"curve":"stepped"},{"time":1.4,"x":150.48,"y":125.12,"curve":"stepped"},{"time":1.4333,"x":162.12,"y":136.32,"curve":"stepped"},{"time":1.4667,"x":181.27,"y":126.75,"curve":"stepped"},{"time":1.5,"x":144.4,"y":73.19,"curve":"stepped"},{"time":1.5333,"x":258.25,"y":49.92,"curve":"stepped"},{"time":1.5667,"x":110.63,"y":100.8,"curve":"stepped"},{"time":1.6,"x":50.69,"y":89.47,"curve":"stepped"},{"time":1.6333,"x":69.09,"y":90.85,"curve":"stepped"},{"time":1.6667,"x":50.69,"y":89.47,"curve":"stepped"},{"time":1.7667,"x":50.69,"y":89.47,"curve":"stepped"},{"time":1.8}],"scale":[{"curve":"stepped"},{"time":0.0333,"x":0.884,"y":0.884,"curve":"stepped"},{"time":0.1,"x":0.884,"y":0.884,"curve":"stepped"},{"time":0.1333,"x":0.689,"y":0.689,"curve":"stepped"},{"time":0.1667,"x":0.955,"y":0.955,"curve":"stepped"},{"time":0.2,"x":0.834,"y":0.834,"curve":"stepped"},{"time":0.2333,"x":0.834,"y":0.834,"curve":"stepped"},{"time":0.2667,"x":0.379,"y":0.379,"curve":"stepped"},{"time":0.3,"x":0.379,"y":0.379,"curve":"stepped"},{"time":0.3333,"x":0.459,"y":0.459,"curve":"stepped"},{"time":0.6667,"x":0.459,"y":0.459,"curve":"stepped"},{"time":0.7,"x":0.659,"y":0.659,"curve":"stepped"},{"time":0.7333,"x":0.659,"y":0.659,"curve":"stepped"},{"time":0.7667,"x":0.856,"y":0.856,"curve":"stepped"},{"time":0.8,"x":0.78,"y":0.78,"curve":"stepped"},{"time":0.8333,"x":0.459,"y":0.459,"curve":"stepped"},{"time":0.8667,"x":0.459,"y":0.459,"curve":"stepped"},{"time":0.9,"x":0.805,"y":0.805,"curve":"stepped"},{"time":0.9333,"x":0.805,"y":0.805,"curve":"stepped"},{"time":0.9667,"x":0.887,"y":0.686,"curve":"stepped"},{"time":1,"x":0.887,"y":0.845,"curve":"stepped"},{"time":1.0667,"x":0.887,"y":0.845,"curve":"stepped"},{"time":1.1,"x":0.516,"y":0.492,"curve":"stepped"},{"time":1.1333,"x":0.516,"y":0.492,"curve":"stepped"},{"time":1.1667,"x":0.937,"y":1.026,"curve":"stepped"},{"time":1.2,"x":0.45,"y":0.493,"curve":"stepped"},{"time":1.2667,"x":0.45,"y":0.493,"curve":"stepped"},{"time":1.3,"x":0.884,"y":0.884,"curve":"stepped"},{"time":1.3333,"x":0.884,"y":0.884,"curve":"stepped"},{"time":1.3667,"x":0.689,"y":0.689,"curve":"stepped"},{"time":1.4,"x":0.955,"y":0.955,"curve":"stepped"},{"time":1.4333,"x":0.834,"y":0.834,"curve":"stepped"},{"time":1.4667,"x":0.834,"y":0.834,"curve":"stepped"},{"time":1.5,"x":0.379,"y":0.379,"curve":"stepped"},{"time":1.5333,"x":0.379,"y":0.379,"curve":"stepped"},{"time":1.5667,"x":0.459,"y":0.459,"curve":"stepped"},{"time":1.7667,"x":0.459,"y":0.459,"curve":"stepped"},{"time":1.8}]},"s2":{"rotate":[{"curve":"stepped"},{"time":0.0333,"angle":140.94,"curve":"stepped"},{"time":0.0667,"angle":109.72,"curve":"stepped"},{"time":0.1333,"angle":109.72,"curve":"stepped"},{"time":0.1667,"angle":113.98,"curve":"stepped"},{"time":0.2667,"angle":113.98,"curve":"stepped"},{"time":0.3,"angle":49.63,"curve":"stepped"},{"time":0.3667,"angle":49.63,"curve":"stepped"},{"time":0.4,"angle":6.44,"curve":"stepped"},{"time":0.4333,"angle":49.63,"curve":"stepped"},{"time":0.5333,"angle":49.63,"curve":"stepped"},{"time":0.5667,"angle":114.39,"curve":"stepped"},{"time":0.6,"angle":114.39,"curve":"stepped"},{"time":0.6333,"angle":178.24,"curve":"stepped"},{"time":0.6667,"angle":178.24,"curve":"stepped"},{"time":0.7,"angle":49.63,"curve":"stepped"},{"time":0.7333,"angle":49.63,"curve":"stepped"},{"time":0.7667,"angle":101.57,"curve":"stepped"},{"time":0.8,"angle":63.56,"curve":"stepped"},{"time":0.8333,"angle":49.63,"curve":"stepped"},{"time":0.8667,"angle":67.2,"curve":"stepped"},{"time":0.9,"angle":12.25,"curve":"stepped"},{"time":0.9333,"angle":89.33,"curve":"stepped"},{"time":0.9667,"angle":89.33,"curve":"stepped"},{"time":1,"angle":71.31,"curve":"stepped"},{"time":1.1,"angle":71.31,"curve":"stepped"},{"time":1.1333,"angle":-23.28,"curve":"stepped"},{"time":1.2667,"angle":-23.28,"curve":"stepped"},{"time":1.3,"angle":109.72,"curve":"stepped"},{"time":1.3667,"angle":109.72,"curve":"stepped"},{"time":1.4,"angle":113.98,"curve":"stepped"},{"time":1.5,"angle":113.98,"curve":"stepped"},{"time":1.5333,"angle":49.63,"curve":"stepped"},{"time":1.6,"angle":49.63,"curve":"stepped"},{"time":1.6333,"angle":6.44,"curve":"stepped"},{"time":1.6667,"angle":49.63,"curve":"stepped"},{"time":1.7667,"angle":49.63,"curve":"stepped"},{"time":1.8}],"translate":[{"curve":"stepped"},{"time":0.0333,"x":32.89,"y":69.74,"curve":"stepped"},{"time":0.0667,"x":39.96,"y":90.96,"curve":"stepped"},{"time":0.1,"x":4.36,"y":90.07,"curve":"stepped"},{"time":0.1333,"x":30.46,"y":90.97,"curve":"stepped"},{"time":0.1667,"x":-41.87,"y":110.98,"curve":"stepped"},{"time":0.2,"x":265.89,"y":23.79,"curve":"stepped"},{"time":0.2333,"x":-92.29,"y":36.46,"curve":"stepped"},{"time":0.2667,"x":-117.75,"y":64.56,"curve":"stepped"},{"time":0.3,"x":-132.14,"y":69.66,"curve":"stepped"},{"time":0.3333,"x":-143.39,"y":55.07,"curve":"stepped"},{"time":0.3667,"x":-97.61,"y":48.93,"curve":"stepped"},{"time":0.4,"x":-122.45,"y":53.53,"curve":"stepped"},{"time":0.4333,"x":-78.32,"y":40.43,"curve":"stepped"},{"time":0.4667,"x":-90.72,"y":34.71,"curve":"stepped"},{"time":0.5,"x":-104.29,"y":72.31,"curve":"stepped"},{"time":0.5333,"x":-65.92,"y":59.03,"curve":"stepped"},{"time":0.5667,"x":-85.47,"y":102.92,"curve":"stepped"},{"time":0.6,"x":-85.47,"y":102.92,"curve":"stepped"},{"time":0.6333,"x":-106.63,"y":84.52,"curve":"stepped"},{"time":0.6667,"x":-106.63,"y":84.52,"curve":"stepped"},{"time":0.7,"x":-71.39,"y":34.67,"curve":"stepped"},{"time":0.7333,"x":-95.72,"y":48.96,"curve":"stepped"},{"time":0.7667,"x":-45.05,"y":91.18,"curve":"stepped"},{"time":0.8,"x":-33.02,"y":105.93,"curve":"stepped"},{"time":0.8333,"x":-34.65,"y":123.65,"curve":"stepped"},{"time":0.8667,"x":-52.36,"y":120.33,"curve":"stepped"},{"time":0.9,"x":-29.88,"y":124.91,"curve":"stepped"},{"time":0.9333,"x":-39.7,"y":100.99,"curve":"stepped"},{"time":0.9667,"x":-32.06,"y":100.99,"curve":"stepped"},{"time":1,"x":-74.84,"y":98.7,"curve":"stepped"},{"time":1.0333,"x":-82.84,"y":142.52,"curve":"stepped"},{"time":1.0667,"x":-82.84,"y":142.52,"curve":"stepped"},{"time":1.1,"x":-74.2,"y":134.84,"curve":"stepped"},{"time":1.1333,"x":60.2,"y":105.08,"curve":"stepped"},{"time":1.1667,"x":72.49,"y":117.36,"curve":"stepped"},{"time":1.2,"x":92.43,"y":114.59,"curve":"stepped"},{"time":1.2333,"x":107.41,"y":115.22,"curve":"stepped"},{"time":1.2667,"x":125.01,"y":102.47,"curve":"stepped"},{"time":1.3,"x":39.96,"y":90.96,"curve":"stepped"},{"time":1.3333,"x":4.36,"y":90.07,"curve":"stepped"},{"time":1.3667,"x":30.46,"y":90.97,"curve":"stepped"},{"time":1.4,"x":-41.87,"y":110.98,"curve":"stepped"},{"time":1.4333,"x":265.89,"y":23.79,"curve":"stepped"},{"time":1.4667,"x":-92.29,"y":36.46,"curve":"stepped"},{"time":1.5,"x":-117.75,"y":64.56,"curve":"stepped"},{"time":1.5333,"x":-132.14,"y":69.66,"curve":"stepped"},{"time":1.5667,"x":-143.39,"y":55.07,"curve":"stepped"},{"time":1.6,"x":-97.61,"y":48.93,"curve":"stepped"},{"time":1.6333,"x":-122.45,"y":53.53,"curve":"stepped"},{"time":1.6667,"x":-78.32,"y":40.43,"curve":"stepped"},{"time":1.7,"x":-90.72,"y":34.71,"curve":"stepped"},{"time":1.7333,"x":-104.29,"y":72.31,"curve":"stepped"},{"time":1.7667,"x":-65.92,"y":59.03,"curve":"stepped"},{"time":1.8}],"scale":[{"curve":"stepped"},{"time":0.0333,"x":0.817,"y":0.817,"curve":"stepped"},{"time":0.0667,"x":0.817,"y":0.817,"curve":"stepped"},{"time":0.1,"x":1.051,"y":1.051,"curve":"stepped"},{"time":0.1333,"x":0.829,"y":0.829,"curve":"stepped"},{"time":0.1667,"x":0.498,"y":0.498,"curve":"stepped"},{"time":0.2667,"x":0.498,"y":0.498,"curve":"stepped"},{"time":0.3,"x":0.407,"y":0.407,"curve":"stepped"},{"time":0.3333,"x":0.407,"y":0.407,"curve":"stepped"},{"time":0.3667,"x":0.748,"y":1.169,"curve":"stepped"},{"time":0.4,"x":0.838,"y":1.022,"curve":"stepped"},{"time":0.4333,"x":0.748,"y":0.864,"curve":"stepped"},{"time":0.4667,"x":0.748,"y":0.864,"curve":"stepped"},{"time":0.5,"x":0.794,"y":0.941,"curve":"stepped"},{"time":0.5333,"x":0.867,"y":1.001,"curve":"stepped"},{"time":0.5667,"x":1.004,"y":1.16,"curve":"stepped"},{"time":0.6,"x":1.004,"y":1.16,"curve":"stepped"},{"time":0.6333,"x":0.883,"y":1.02,"curve":"stepped"},{"time":0.6667,"x":0.883,"y":1.02,"curve":"stepped"},{"time":0.7,"x":1.161,"y":1.164,"curve":"stepped"},{"time":0.7333,"x":1.161,"y":1.164,"curve":"stepped"},{"time":0.7667,"x":1.557,"y":1.562,"curve":"stepped"},{"time":0.8,"x":1.557,"y":1.562,"curve":"stepped"},{"time":0.8333,"x":0.748,"y":0.864,"curve":"stepped"},{"time":0.8667,"x":0.95,"y":1.098,"curve":"stepped"},{"time":0.9333,"x":0.95,"y":1.098,"curve":"stepped"},{"time":0.9667,"x":0.547,"y":0.632,"curve":"stepped"},{"time":1,"x":1.163,"y":1.343,"curve":"stepped"},{"time":1.0333,"x":1.062,"y":0.944,"curve":"stepped"},{"time":1.0667,"x":1.062,"y":0.944,"curve":"stepped"},{"time":1.1,"x":0.906,"y":0.651,"curve":"stepped"},{"time":1.1333,"x":1.046,"y":0.752,"curve":"stepped"},{"time":1.2667,"x":1.046,"y":0.752,"curve":"stepped"},{"time":1.3,"x":0.817,"y":0.817,"curve":"stepped"},{"time":1.3333,"x":1.051,"y":1.051,"curve":"stepped"},{"time":1.3667,"x":0.829,"y":0.829,"curve":"stepped"},{"time":1.4,"x":0.498,"y":0.498,"curve":"stepped"},{"time":1.5,"x":0.498,"y":0.498,"curve":"stepped"},{"time":1.5333,"x":0.407,"y":0.407,"curve":"stepped"},{"time":1.5667,"x":0.407,"y":0.407,"curve":"stepped"},{"time":1.6,"x":0.748,"y":1.169,"curve":"stepped"},{"time":1.6333,"x":0.838,"y":1.022,"curve":"stepped"},{"time":1.6667,"x":0.748,"y":0.864,"curve":"stepped"},{"time":1.7,"x":0.748,"y":0.864,"curve":"stepped"},{"time":1.7333,"x":0.794,"y":0.941,"curve":"stepped"},{"time":1.7667,"x":0.867,"y":1.001,"curve":"stepped"},{"time":1.8}]},"s4":{"rotate":[{"time":0.0333,"curve":"stepped"},{"time":0.0667,"angle":-79.1,"curve":"stepped"},{"time":0.2,"angle":-79.1,"curve":"stepped"},{"time":0.2333,"angle":-107.22,"curve":"stepped"},{"time":0.2667,"angle":-107.22,"curve":"stepped"},{"time":0.3,"angle":25.43,"curve":"stepped"},{"time":0.4667,"angle":25.43,"curve":"stepped"},{"time":0.5,"angle":30.09,"curve":"stepped"},{"time":0.5333,"angle":25.43,"curve":"stepped"},{"time":0.7,"angle":25.43,"curve":"stepped"},{"time":0.7333,"angle":65.94,"curve":"stepped"},{"time":0.8,"angle":65.94,"curve":"stepped"},{"time":0.8333,"angle":25.43,"curve":"stepped"},{"time":0.8667,"angle":61.84,"curve":"stepped"},{"time":0.9667,"angle":61.84,"curve":"stepped"},{"time":1,"angle":82.03,"curve":"stepped"},{"time":1.0667,"angle":82.03,"curve":"stepped"},{"time":1.1,"angle":96.23,"curve":"stepped"},{"time":1.2667,"angle":96.23,"curve":"stepped"},{"time":1.3,"angle":-79.1,"curve":"stepped"},{"time":1.4333,"angle":-79.1,"curve":"stepped"},{"time":1.4667,"angle":-107.22,"curve":"stepped"},{"time":1.5,"angle":-107.22,"curve":"stepped"},{"time":1.5333,"angle":25.43,"curve":"stepped"},{"time":1.7,"angle":25.43,"curve":"stepped"},{"time":1.7333,"angle":30.09,"curve":"stepped"},{"time":1.7667,"angle":25.43,"curve":"stepped"},{"time":1.8}],"translate":[{"time":0.0333,"curve":"stepped"},{"time":0.0667,"x":-104.83,"y":50.75,"curve":"stepped"},{"time":0.1,"x":-101.72,"y":88.58,"curve":"stepped"},{"time":0.1333,"x":3.38,"y":71.71,"curve":"stepped"},{"time":0.1667,"x":5.76,"y":86.88,"curve":"stepped"},{"time":0.2,"x":93.68,"y":65.76,"curve":"stepped"},{"time":0.2333,"x":117.85,"y":95.4,"curve":"stepped"},{"time":0.2667,"x":134.09,"y":89.69,"curve":"stepped"},{"time":0.3,"x":27.66,"y":75.83,"curve":"stepped"},{"time":0.3333,"x":-7.36,"y":89.18,"curve":"stepped"},{"time":0.3667,"x":-38.52,"y":108.06,"curve":"stepped"},{"time":0.4,"x":-76.7,"y":97.02,"curve":"stepped"},{"time":0.4333,"x":7.49,"y":110.21,"curve":"stepped"},{"time":0.4667,"x":-8.25,"y":120.7,"curve":"stepped"},{"time":0.5,"x":39.71,"y":138.11,"curve":"stepped"},{"time":0.5333,"x":5.11,"y":70.14,"curve":"stepped"},{"time":0.5667,"x":38.02,"y":90.17,"curve":"stepped"},{"time":0.6,"x":38.02,"y":90.17,"curve":"stepped"},{"time":0.6333,"x":51.82,"y":68.55,"curve":"stepped"},{"time":0.6667,"x":29.28,"y":94.77,"curve":"stepped"},{"time":0.7,"x":-39.44,"y":142.1,"curve":"stepped"},{"time":0.7333,"x":-45.25,"y":114.06,"curve":"stepped"},{"time":0.7667,"x":-186.27,"y":57.1,"curve":"stepped"},{"time":0.8,"x":-188.6,"y":49.73,"curve":"stepped"},{"time":0.8333,"x":-106.63,"y":168.71,"curve":"stepped"},{"time":0.8667,"x":-118.44,"y":168.71,"curve":"stepped"},{"time":0.9,"x":-212.16,"y":115.75,"curve":"stepped"},{"time":0.9333,"x":-187.4,"y":105.5,"curve":"stepped"},{"time":0.9667,"x":-187.4,"y":105.5,"curve":"stepped"},{"time":1,"x":-170.97,"y":94.81,"curve":"stepped"},{"time":1.0333,"x":-211.66,"y":152.49,"curve":"stepped"},{"time":1.0667,"x":-211.66,"y":152.49,"curve":"stepped"},{"time":1.1,"x":1.46,"y":60.81,"curve":"stepped"},{"time":1.1333,"x":27.86,"y":48.33,"curve":"stepped"},{"time":1.1667,"x":24.28,"y":105.16,"curve":"stepped"},{"time":1.2,"x":42.01,"y":116.79,"curve":"stepped"},{"time":1.2333,"x":61.35,"y":93.08,"curve":"stepped"},{"time":1.2667,"x":191.86,"y":33.6,"curve":"stepped"},{"time":1.3,"x":-104.83,"y":50.75,"curve":"stepped"},{"time":1.3333,"x":-101.72,"y":88.58,"curve":"stepped"},{"time":1.3667,"x":3.38,"y":71.71,"curve":"stepped"},{"time":1.4,"x":5.76,"y":86.88,"curve":"stepped"},{"time":1.4333,"x":93.68,"y":65.76,"curve":"stepped"},{"time":1.4667,"x":117.85,"y":95.4,"curve":"stepped"},{"time":1.5,"x":134.09,"y":89.69,"curve":"stepped"},{"time":1.5333,"x":27.66,"y":75.83,"curve":"stepped"},{"time":1.5667,"x":-7.36,"y":89.18,"curve":"stepped"},{"time":1.6,"x":-38.52,"y":108.06,"curve":"stepped"},{"time":1.6333,"x":-76.7,"y":97.02,"curve":"stepped"},{"time":1.6667,"x":7.49,"y":110.21,"curve":"stepped"},{"time":1.7,"x":-8.25,"y":120.7,"curve":"stepped"},{"time":1.7333,"x":39.71,"y":138.11,"curve":"stepped"},{"time":1.7667,"x":5.11,"y":70.14,"curve":"stepped"},{"time":1.8}],"scale":[{"time":0.0667,"curve":"stepped"},{"time":0.1,"x":0.267,"y":0.473,"curve":"stepped"},{"time":0.1333,"x":0.469,"y":0.831,"curve":"stepped"},{"time":0.1667,"x":0.731,"y":1.022,"curve":"stepped"},{"time":0.2,"x":0.634,"y":0.887,"curve":"stepped"},{"time":0.6333,"x":0.634,"y":0.887,"curve":"stepped"},{"time":0.6667,"x":1.149,"y":1.606,"curve":"stepped"},{"time":0.7,"x":1.043,"y":1.458,"curve":"stepped"},{"time":0.7333,"x":1.043,"y":1.458,"curve":"stepped"},{"time":0.7667,"x":0.651,"y":0.91,"curve":"stepped"},{"time":0.8,"x":0.651,"y":0.91,"curve":"stepped"},{"time":0.8333,"x":0.634,"y":0.887,"curve":"stepped"},{"time":0.9667,"x":0.634,"y":0.887,"curve":"stepped"},{"time":1,"x":1.13,"y":2.047,"curve":"stepped"},{"time":1.0667,"x":1.13,"y":2.047,"curve":"stepped"},{"time":1.1,"x":0.667,"y":1.209,"curve":"stepped"},{"time":1.1333,"x":0.488,"y":0.884,"curve":"stepped"},{"time":1.1667,"x":0.698,"y":1.264,"curve":"stepped"},{"time":1.2667,"x":0.698,"y":1.264,"curve":"stepped"},{"time":1.3,"curve":"stepped"},{"time":1.3333,"x":0.267,"y":0.473,"curve":"stepped"},{"time":1.3667,"x":0.469,"y":0.831,"curve":"stepped"},{"time":1.4,"x":0.731,"y":1.022,"curve":"stepped"},{"time":1.4333,"x":0.634,"y":0.887,"curve":"stepped"},{"time":1.7667,"x":0.634,"y":0.887,"curve":"stepped"},{"time":1.8}]},"s3":{"rotate":[{"time":0.0333,"curve":"stepped"},{"time":0.0667,"angle":-10.66,"curve":"stepped"},{"time":0.2333,"angle":-10.66,"curve":"stepped"},{"time":0.2667,"angle":-46.23,"curve":"stepped"},{"time":0.3,"angle":-136.55,"curve":"stepped"},{"time":0.3333,"angle":-23.76,"curve":"stepped"},{"time":0.3667,"angle":-66.58,"curve":"stepped"},{"time":0.4,"angle":-32.61,"curve":"stepped"},{"time":0.4333,"angle":-122.62,"curve":"stepped"},{"time":0.4667,"angle":-153.9,"curve":"stepped"},{"time":0.5,"angle":-66.58,"curve":"stepped"},{"time":0.5333,"angle":131.9,"curve":"stepped"},{"time":0.6,"angle":131.9,"curve":"stepped"},{"time":0.6333,"angle":160.84,"curve":"stepped"},{"time":0.6667,"angle":160.84,"curve":"stepped"},{"time":0.7,"angle":-66.58,"curve":"stepped"},{"time":0.7333,"angle":-66.58,"curve":"stepped"},{"time":0.7667,"angle":-155.79,"curve":"stepped"},{"time":0.8,"angle":-155.79,"curve":"stepped"},{"time":0.8333,"angle":-122.62,"curve":"stepped"},{"time":0.8667,"angle":-139.23,"curve":"stepped"},{"time":0.9,"angle":-177.52,"curve":"stepped"},{"time":0.9333,"angle":162.33,"curve":"stepped"},{"time":0.9667,"angle":-153.61,"curve":"stepped"},{"time":1,"angle":-160.94,"curve":"stepped"},{"time":1.0333,"angle":-124.65,"curve":"stepped"},{"time":1.1,"angle":-124.65,"curve":"stepped"},{"time":1.1333,"angle":-164.01,"curve":"stepped"},{"time":1.1667,"angle":-164.01,"curve":"stepped"},{"time":1.2,"angle":-161.67,"curve":"stepped"},{"time":1.2333,"angle":-64.15,"curve":"stepped"},{"time":1.2667,"angle":-64.15,"curve":"stepped"},{"time":1.3,"angle":-10.66,"curve":"stepped"},{"time":1.4667,"angle":-10.66,"curve":"stepped"},{"time":1.5,"angle":-46.23,"curve":"stepped"},{"time":1.5333,"angle":-136.55,"curve":"stepped"},{"time":1.5667,"angle":-23.76,"curve":"stepped"},{"time":1.6,"angle":-66.58,"curve":"stepped"},{"time":1.6333,"angle":-32.61,"curve":"stepped"},{"time":1.6667,"angle":-122.62,"curve":"stepped"},{"time":1.7,"angle":-153.9,"curve":"stepped"},{"time":1.7333,"angle":-66.58,"curve":"stepped"},{"time":1.7667,"angle":131.9,"curve":"stepped"},{"time":1.8}],"translate":[{"curve":"stepped"},{"time":0.0333,"x":39.12,"y":116.8,"curve":"stepped"},{"time":0.0667,"x":59.09,"y":150.91,"curve":"stepped"},{"time":0.1,"x":88.91,"y":163.37,"curve":"stepped"},{"time":0.1333,"x":32.21,"y":100.37,"curve":"stepped"},{"time":0.1667,"x":66.6,"y":122.14,"curve":"stepped"},{"time":0.2,"x":87.03,"y":159.38,"curve":"stepped"},{"time":0.2333,"x":109.83,"y":188.56,"curve":"stepped"},{"time":0.2667,"x":128.7,"y":183.73,"curve":"stepped"},{"time":0.3,"x":-124.47,"y":94.85,"curve":"stepped"},{"time":0.3333,"x":-123.33,"y":124.95,"curve":"stepped"},{"time":0.3667,"x":-123.33,"y":124.95,"curve":"stepped"},{"time":0.4,"x":-150.93,"y":127.71,"curve":"stepped"},{"time":0.4333,"x":-137.8,"y":121.56,"curve":"stepped"},{"time":0.4667,"x":-129.22,"y":117.26,"curve":"stepped"},{"time":0.5,"x":-133.82,"y":80.59,"curve":"stepped"},{"time":0.5333,"x":-119.68,"y":113.92,"curve":"stepped"},{"time":0.5667,"x":-88.67,"y":119.17,"curve":"stepped"},{"time":0.6,"x":-88.67,"y":119.17,"curve":"stepped"},{"time":0.6333,"x":-81.31,"y":122.39,"curve":"stepped"},{"time":0.6667,"x":-81.31,"y":122.39,"curve":"stepped"},{"time":0.7,"x":-168.87,"y":69.75,"curve":"stepped"},{"time":0.7333,"x":-145.59,"y":116.83,"curve":"stepped"},{"time":0.7667,"x":-154.32,"y":115.86,"curve":"stepped"},{"time":0.8,"x":-138.41,"y":118.57,"curve":"stepped"},{"time":0.8333,"x":-73.12,"y":180.06,"curve":"stepped"},{"time":0.8667,"x":-49.87,"y":185.59,"curve":"stepped"},{"time":0.9,"x":-26.57,"y":176.27,"curve":"stepped"},{"time":0.9333,"x":-33.83,"y":147.67,"curve":"stepped"},{"time":0.9667,"x":-141.36,"y":85.8,"curve":"stepped"},{"time":1,"x":-39.97,"y":122.43,"curve":"stepped"},{"time":1.0333,"x":11.06,"y":131.01,"curve":"stepped"},{"time":1.0667,"x":11.06,"y":131.01,"curve":"stepped"},{"time":1.1,"x":11.54,"y":102.21,"curve":"stepped"},{"time":1.1333,"x":10.58,"y":94.05,"curve":"stepped"},{"time":1.1667,"x":10.58,"y":94.05,"curve":"stepped"},{"time":1.2,"x":44.37,"y":105.69,"curve":"stepped"},{"time":1.2333,"x":20.66,"y":95.08,"curve":"stepped"},{"time":1.2667,"x":20.66,"y":130.89,"curve":"stepped"},{"time":1.3,"x":59.09,"y":150.91,"curve":"stepped"},{"time":1.3333,"x":88.91,"y":163.37,"curve":"stepped"},{"time":1.3667,"x":32.21,"y":100.37,"curve":"stepped"},{"time":1.4,"x":66.6,"y":122.14,"curve":"stepped"},{"time":1.4333,"x":87.03,"y":159.38,"curve":"stepped"},{"time":1.4667,"x":109.83,"y":188.56,"curve":"stepped"},{"time":1.5,"x":128.7,"y":183.73,"curve":"stepped"},{"time":1.5333,"x":-124.47,"y":94.85,"curve":"stepped"},{"time":1.5667,"x":-123.33,"y":124.95,"curve":"stepped"},{"time":1.6,"x":-123.33,"y":124.95,"curve":"stepped"},{"time":1.6333,"x":-150.93,"y":127.71,"curve":"stepped"},{"time":1.6667,"x":-137.8,"y":121.56,"curve":"stepped"},{"time":1.7,"x":-129.22,"y":117.26,"curve":"stepped"},{"time":1.7333,"x":-133.82,"y":80.59,"curve":"stepped"},{"time":1.7667,"x":-119.68,"y":113.92,"curve":"stepped"},{"time":1.8}],"scale":[{"curve":"stepped"},{"time":0.0333,"x":0.767,"y":0.767,"curve":"stepped"},{"time":0.1,"x":0.767,"y":0.767,"curve":"stepped"},{"time":0.1333,"x":0.529,"y":0.529,"curve":"stepped"},{"time":0.1667,"x":0.597,"y":0.597,"curve":"stepped"},{"time":0.2,"x":0.819,"y":0.819,"curve":"stepped"},{"time":0.2333,"x":0.66,"y":0.66,"curve":"stepped"},{"time":0.3667,"x":0.66,"y":0.66,"curve":"stepped"},{"time":0.4,"x":0.943,"y":0.943,"curve":"stepped"},{"time":0.4333,"x":0.85,"y":0.85,"curve":"stepped"},{"time":0.4667,"x":0.85,"y":0.85,"curve":"stepped"},{"time":0.5,"x":0.951,"y":0.951,"curve":"stepped"},{"time":0.5333,"x":1.088,"y":1.088,"curve":"stepped"},{"time":0.5667,"x":1.319,"y":1.045,"curve":"stepped"},{"time":0.6,"x":1.319,"y":1.045,"curve":"stepped"},{"time":0.6333,"x":1.151,"y":0.912,"curve":"stepped"},{"time":0.6667,"x":1.151,"y":0.912,"curve":"stepped"},{"time":0.7,"x":1.235,"y":1.479,"curve":"stepped"},{"time":0.7667,"x":1.235,"y":1.479,"curve":"stepped"},{"time":0.8,"x":0.651,"y":0.78,"curve":"stepped"},{"time":0.8333,"x":0.85,"y":0.85,"curve":"stepped"},{"time":0.8667,"x":0.755,"y":0.755,"curve":"stepped"},{"time":0.9,"x":0.755,"y":0.755,"curve":"stepped"},{"time":0.9333,"x":0.564,"y":0.778,"curve":"stepped"},{"time":0.9667,"x":0.925,"y":1.276,"curve":"stepped"},{"time":1,"x":0.708,"y":0.978,"curve":"stepped"},{"time":1.0333,"x":0.628,"y":0.714,"curve":"stepped"},{"time":1.1,"x":0.628,"y":0.714,"curve":"stepped"},{"time":1.1333,"x":0.446,"y":0.305,"curve":"stepped"},{"time":1.1667,"x":0.446,"y":0.305,"curve":"stepped"},{"time":1.2,"x":0.77,"y":0.526,"curve":"stepped"},{"time":1.2333,"x":0.944,"y":0.644,"curve":"stepped"},{"time":1.2667,"x":0.612,"y":0.418,"curve":"stepped"},{"time":1.3,"x":0.767,"y":0.767,"curve":"stepped"},{"time":1.3333,"x":0.767,"y":0.767,"curve":"stepped"},{"time":1.3667,"x":0.529,"y":0.529,"curve":"stepped"},{"time":1.4,"x":0.597,"y":0.597,"curve":"stepped"},{"time":1.4333,"x":0.819,"y":0.819,"curve":"stepped"},{"time":1.4667,"x":0.66,"y":0.66,"curve":"stepped"},{"time":1.6,"x":0.66,"y":0.66,"curve":"stepped"},{"time":1.6333,"x":0.943,"y":0.943,"curve":"stepped"},{"time":1.6667,"x":0.85,"y":0.85,"curve":"stepped"},{"time":1.7,"x":0.85,"y":0.85,"curve":"stepped"},{"time":1.7333,"x":0.951,"y":0.951,"curve":"stepped"},{"time":1.7667,"x":1.088,"y":1.088,"curve":"stepped"},{"time":1.8}]},"s7":{"rotate":[{"time":0.0667,"curve":"stepped"},{"time":0.1,"angle":179.64,"curve":"stepped"},{"time":0.1333,"angle":179.64,"curve":"stepped"},{"time":0.1667,"angle":-138.33,"curve":"stepped"},{"time":0.2,"angle":-121.06,"curve":"stepped"},{"time":0.2333,"angle":-48.58,"curve":"stepped"},{"time":0.2667,"angle":-48.58,"curve":"stepped"},{"time":0.3,"angle":112.54,"curve":"stepped"},{"time":0.3333,"angle":91.76,"curve":"stepped"},{"time":0.6333,"angle":91.76,"curve":"stepped"},{"time":0.6667,"angle":71.6,"curve":"stepped"},{"time":0.7,"angle":91.76,"curve":"stepped"},{"time":0.8,"angle":91.76,"curve":"stepped"},{"time":0.8333,"angle":54.74,"curve":"stepped"},{"time":0.8667,"angle":54.74,"curve":"stepped"},{"time":0.9,"angle":112.84,"curve":"stepped"},{"time":0.9333,"angle":-165.82,"curve":"stepped"},{"time":1,"angle":-165.82,"curve":"stepped"},{"time":1.0333,"angle":-56.2,"curve":"stepped"},{"time":1.1,"angle":-56.2,"curve":"stepped"},{"time":1.1333,"angle":-103.84,"curve":"stepped"},{"time":1.1667,"angle":-166.72,"curve":"stepped"},{"time":1.2667,"angle":-166.72,"curve":"stepped"},{"time":1.3,"curve":"stepped"},{"time":1.3333,"angle":179.64,"curve":"stepped"},{"time":1.3667,"angle":179.64,"curve":"stepped"},{"time":1.4,"angle":-138.33,"curve":"stepped"},{"time":1.4333,"angle":-121.06,"curve":"stepped"},{"time":1.4667,"angle":-48.58,"curve":"stepped"},{"time":1.5,"angle":-48.58,"curve":"stepped"},{"time":1.5333,"angle":112.54,"curve":"stepped"},{"time":1.5667,"angle":91.76,"curve":"stepped"},{"time":1.7667,"angle":91.76,"curve":"stepped"},{"time":1.8}],"translate":[{"time":0.0667,"curve":"stepped"},{"time":0.1,"x":-5.84,"y":92.19,"curve":"stepped"},{"time":0.1333,"x":-3.78,"y":117.68,"curve":"stepped"},{"time":0.1667,"x":-28.9,"y":161.28,"curve":"stepped"},{"time":0.2,"x":-49.59,"y":176.8,"curve":"stepped"},{"time":0.2333,"x":-75.46,"y":170.92,"curve":"stepped"},{"time":0.2667,"x":-78.98,"y":151.6,"curve":"stepped"},{"time":0.3,"x":-88.72,"y":149.28,"curve":"stepped"},{"time":0.3333,"x":-96.64,"y":135.11,"curve":"stepped"},{"time":0.3667,"x":-72.1,"y":128.97,"curve":"stepped"},{"time":0.4,"x":-89.58,"y":128.05,"curve":"stepped"},{"time":0.4333,"x":-72.1,"y":128.97,"curve":"stepped"},{"time":0.5,"x":-72.1,"y":128.97,"curve":"stepped"},{"time":0.5333,"x":-72.1,"y":106.07,"curve":"stepped"},{"time":0.5667,"x":-27.26,"y":134.69,"curve":"stepped"},{"time":0.6,"x":-27.26,"y":134.69,"curve":"stepped"},{"time":0.6333,"x":4.94,"y":153.09,"curve":"stepped"},{"time":0.6667,"x":21.04,"y":145.73,"curve":"stepped"},{"time":0.7,"x":-41.28,"y":118.85,"curve":"stepped"},{"time":0.7333,"x":-28.58,"y":133.13,"curve":"stepped"},{"time":0.7667,"x":-22.91,"y":133.51,"curve":"stepped"},{"time":0.8,"x":-9.33,"y":145.54,"curve":"stepped"},{"time":0.8333,"x":58.92,"y":125.26,"curve":"stepped"},{"time":0.8667,"x":58.92,"y":125.26,"curve":"stepped"},{"time":0.9,"x":87.87,"y":118.02,"curve":"stepped"},{"time":0.9333,"x":-59.44,"y":149.19,"curve":"stepped"},{"time":0.9667,"x":82.15,"y":118.98,"curve":"stepped"},{"time":1,"x":82.15,"y":118.98,"curve":"stepped"},{"time":1.0333,"x":-34.43,"y":143.75,"curve":"stepped"},{"time":1.0667,"x":-34.43,"y":143.75,"curve":"stepped"},{"time":1.1,"x":-24.35,"y":107.27,"curve":"stepped"},{"time":1.1333,"x":-39.23,"y":113.51,"curve":"stepped"},{"time":1.1667,"x":-61.25,"y":81.76,"curve":"stepped"},{"time":1.2,"x":-61.25,"y":81.76,"curve":"stepped"},{"time":1.2333,"x":-17.74,"y":149.14,"curve":"stepped"},{"time":1.2667,"x":-49.43,"y":155.18,"curve":"stepped"},{"time":1.3,"curve":"stepped"},{"time":1.3333,"x":-5.84,"y":92.19,"curve":"stepped"},{"time":1.3667,"x":-3.78,"y":117.68,"curve":"stepped"},{"time":1.4,"x":-28.9,"y":161.28,"curve":"stepped"},{"time":1.4333,"x":-49.59,"y":176.8,"curve":"stepped"},{"time":1.4667,"x":-75.46,"y":170.92,"curve":"stepped"},{"time":1.5,"x":-78.98,"y":151.6,"curve":"stepped"},{"time":1.5333,"x":-88.72,"y":149.28,"curve":"stepped"},{"time":1.5667,"x":-96.64,"y":135.11,"curve":"stepped"},{"time":1.6,"x":-72.1,"y":128.97,"curve":"stepped"},{"time":1.6333,"x":-89.58,"y":128.05,"curve":"stepped"},{"time":1.6667,"x":-72.1,"y":128.97,"curve":"stepped"},{"time":1.7333,"x":-72.1,"y":128.97,"curve":"stepped"},{"time":1.7667,"x":-72.1,"y":106.07,"curve":"stepped"},{"time":1.8}],"scale":[{"time":0.0667,"curve":"stepped"},{"time":0.1,"x":0.677,"y":0.677,"curve":"stepped"},{"time":0.1333,"x":0.692,"y":0.692,"curve":"stepped"},{"time":0.3,"x":0.692,"y":0.692,"curve":"stepped"},{"time":0.3333,"x":0.64,"y":0.64,"curve":"stepped"},{"time":0.5,"x":0.64,"y":0.64,"curve":"stepped"},{"time":0.5333,"x":0.494,"y":0.582,"curve":"stepped"},{"time":0.6,"x":0.494,"y":0.582,"curve":"stepped"},{"time":0.6333,"x":0.71,"y":0.696,"curve":"stepped"},{"time":0.6667,"x":1.065,"y":0.788,"curve":"stepped"},{"time":0.7,"x":0.927,"y":1.149,"curve":"stepped"},{"time":0.7333,"x":0.668,"y":0.828,"curve":"stepped"},{"time":0.8,"x":0.668,"y":0.828,"curve":"stepped"},{"time":0.8333,"x":0.844,"y":0.844,"curve":"stepped"},{"time":0.8667,"x":0.844,"y":0.844,"curve":"stepped"},{"time":0.9,"x":0.393,"y":0.393,"curve":"stepped"},{"time":0.9333,"x":0.514,"y":0.514,"curve":"stepped"},{"time":0.9667,"x":0.332,"y":0.332,"curve":"stepped"},{"time":1,"x":0.332,"y":0.332,"curve":"stepped"},{"time":1.0333,"x":0.965,"y":1.047,"curve":"stepped"},{"time":1.0667,"x":0.965,"y":1.047,"curve":"stepped"},{"time":1.1,"x":0.765,"y":0.831,"curve":"stepped"},{"time":1.2,"x":0.765,"y":0.831,"curve":"stepped"},{"time":1.2333,"x":0.497,"y":0.539,"curve":"stepped"},{"time":1.2667,"x":0.264,"y":0.286,"curve":"stepped"},{"time":1.3,"curve":"stepped"},{"time":1.3333,"x":0.677,"y":0.677,"curve":"stepped"},{"time":1.3667,"x":0.692,"y":0.692,"curve":"stepped"},{"time":1.5333,"x":0.692,"y":0.692,"curve":"stepped"},{"time":1.5667,"x":0.64,"y":0.64,"curve":"stepped"},{"time":1.7333,"x":0.64,"y":0.64,"curve":"stepped"},{"time":1.7667,"x":0.494,"y":0.582,"curve":"stepped"},{"time":1.8}]},"s8":{"rotate":[{"time":0.0667,"curve":"stepped"},{"time":0.1,"angle":39.46,"curve":"stepped"},{"time":0.1333,"angle":-74.86,"curve":"stepped"},{"time":0.3333,"angle":-74.86,"curve":"stepped"},{"time":0.3667,"angle":-12.45,"curve":"stepped"},{"time":0.4,"angle":-63.94,"curve":"stepped"},{"time":0.4333,"angle":58.89,"curve":"stepped"},{"time":0.4667,"angle":-6.89,"curve":"stepped"},{"time":0.5,"angle":86.82,"curve":"stepped"},{"time":0.5333,"angle":-94.03,"curve":"stepped"},{"time":0.5667,"angle":-101.24,"curve":"stepped"},{"time":0.6,"angle":-101.24,"curve":"stepped"},{"time":0.6333,"angle":-126.42,"curve":"stepped"},{"time":0.6667,"angle":-131.04,"curve":"stepped"},{"time":0.7,"angle":-110.13,"curve":"stepped"},{"time":0.7333,"angle":-69.62,"curve":"stepped"},{"time":0.8,"angle":-69.62,"curve":"stepped"},{"time":0.8333,"angle":141.98,"curve":"stepped"},{"time":0.8667,"angle":141.98,"curve":"stepped"},{"time":0.9,"angle":165.81,"curve":"stepped"},{"time":0.9333,"angle":165.81,"curve":"stepped"},{"time":0.9667,"angle":-167.2,"curve":"stepped"},{"time":1.0667,"angle":-167.2,"curve":"stepped"},{"time":1.1,"angle":-32.09,"curve":"stepped"},{"time":1.1333,"angle":-14.13,"curve":"stepped"},{"time":1.1667,"angle":69.74,"curve":"stepped"},{"time":1.2,"angle":137.45,"curve":"stepped"},{"time":1.2667,"angle":137.45,"curve":"stepped"},{"time":1.3,"curve":"stepped"},{"time":1.3333,"angle":39.46,"curve":"stepped"},{"time":1.3667,"angle":-74.86,"curve":"stepped"},{"time":1.5667,"angle":-74.86,"curve":"stepped"},{"time":1.6,"angle":-12.45,"curve":"stepped"},{"time":1.6333,"angle":-63.94,"curve":"stepped"},{"time":1.6667,"angle":58.89,"curve":"stepped"},{"time":1.7,"angle":-6.89,"curve":"stepped"},{"time":1.7333,"angle":86.82,"curve":"stepped"},{"time":1.7667,"angle":-94.03,"curve":"stepped"},{"time":1.8}],"translate":[{"time":0.0667,"curve":"stepped"},{"time":0.1,"x":47.27,"y":78.78,"curve":"stepped"},{"time":0.1333,"x":90.47,"y":103.08,"curve":"stepped"},{"time":0.1667,"x":234.73,"y":67.63,"curve":"stepped"},{"time":0.2,"x":234.73,"y":67.63,"curve":"stepped"},{"time":0.2333,"x":251.88,"y":66.07,"curve":"stepped"},{"time":0.3333,"x":251.88,"y":66.07,"curve":"stepped"},{"time":0.3667,"x":111.23,"y":75.04,"curve":"stepped"},{"time":0.4,"x":104.79,"y":51.12,"curve":"stepped"},{"time":0.4333,"x":103.06,"y":72.46,"curve":"stepped"},{"time":0.4667,"x":97.33,"y":51.47,"curve":"stepped"},{"time":0.5,"x":130.31,"y":143.72,"curve":"stepped"},{"time":0.5333,"x":180.33,"y":111.09,"curve":"stepped"},{"time":0.5667,"x":221.35,"y":105.85,"curve":"stepped"},{"time":0.6,"x":221.35,"y":105.85,"curve":"stepped"},{"time":0.6333,"x":115.09,"y":53.41,"curve":"stepped"},{"time":0.6667,"x":107.73,"y":71.35,"curve":"stepped"},{"time":0.7,"x":60.17,"y":144.5,"curve":"stepped"},{"time":0.7333,"x":61.75,"y":152.43,"curve":"stepped"},{"time":0.7667,"x":-41.66,"y":104.32,"curve":"stepped"},{"time":0.8,"x":-29.24,"y":115.18,"curve":"stepped"},{"time":0.8333,"x":-20.95,"y":60.51,"curve":"stepped"},{"time":0.8667,"x":-34.24,"y":54.24,"curve":"stepped"},{"time":0.9,"x":-49.48,"y":40.14,"curve":"stepped"},{"time":0.9333,"x":-14.46,"y":64.9,"curve":"stepped"},{"time":0.9667,"x":-43.58,"y":66.72,"curve":"stepped"},{"time":1,"x":-103.94,"y":50.3,"curve":"stepped"},{"time":1.0667,"x":-103.94,"y":50.3,"curve":"stepped"},{"time":1.1,"x":59.74,"y":67.1,"curve":"stepped"},{"time":1.1333,"x":63.1,"y":81.02,"curve":"stepped"},{"time":1.1667,"x":73.85,"y":153.72,"curve":"stepped"},{"time":1.2,"x":83.82,"y":154.83,"curve":"stepped"},{"time":1.2333,"x":82.58,"y":146.09,"curve":"stepped"},{"time":1.2667,"x":82.58,"y":146.09,"curve":"stepped"},{"time":1.3,"curve":"stepped"},{"time":1.3333,"x":47.27,"y":78.78,"curve":"stepped"},{"time":1.3667,"x":90.47,"y":103.08,"curve":"stepped"},{"time":1.4,"x":234.73,"y":67.63,"curve":"stepped"},{"time":1.4333,"x":234.73,"y":67.63,"curve":"stepped"},{"time":1.4667,"x":251.88,"y":66.07,"curve":"stepped"},{"time":1.5667,"x":251.88,"y":66.07,"curve":"stepped"},{"time":1.6,"x":111.23,"y":75.04,"curve":"stepped"},{"time":1.6333,"x":104.79,"y":51.12,"curve":"stepped"},{"time":1.6667,"x":103.06,"y":72.46,"curve":"stepped"},{"time":1.7,"x":97.33,"y":51.47,"curve":"stepped"},{"time":1.7333,"x":130.31,"y":143.72,"curve":"stepped"},{"time":1.7667,"x":180.33,"y":111.09,"curve":"stepped"},{"time":1.8}],"scale":[{"time":0.0667,"curve":"stepped"},{"time":0.1,"x":1.003,"y":1.003,"curve":"stepped"},{"time":0.1333,"x":1.221,"y":1.221,"curve":"stepped"},{"time":0.3333,"x":1.221,"y":1.221,"curve":"stepped"},{"time":0.3667,"x":1.076,"y":1.632,"curve":"stepped"},{"time":0.4,"x":1.251,"y":1.41,"curve":"stepped"},{"time":0.4333,"x":1.329,"y":1.349,"curve":"stepped"},{"time":0.4667,"x":1.329,"y":1.349,"curve":"stepped"},{"time":0.5,"x":0.71,"y":0.972,"curve":"stepped"},{"time":0.5333,"x":0.914,"y":0.929,"curve":"stepped"},{"time":0.6,"x":0.914,"y":0.929,"curve":"stepped"},{"time":0.6333,"x":1.272,"y":1.292,"curve":"stepped"},{"time":0.6667,"x":1.272,"y":1.811,"curve":"stepped"},{"time":0.7,"x":1.44,"y":1.793,"curve":"stepped"},{"time":0.8,"x":1.44,"y":1.793,"curve":"stepped"},{"time":0.8333,"x":1.278,"y":1.298,"curve":"stepped"},{"time":0.8667,"x":0.867,"y":0.88,"curve":"stepped"},{"time":0.9,"x":1.355,"y":1.376,"curve":"stepped"},{"time":0.9333,"x":1.355,"y":1.376,"curve":"stepped"},{"time":0.9667,"x":0.971,"y":0.986,"curve":"stepped"},{"time":1.1,"x":0.971,"y":0.986,"curve":"stepped"},{"time":1.1333,"x":0.818,"y":1.199,"curve":"stepped"},{"time":1.2,"x":0.818,"y":1.199,"curve":"stepped"},{"time":1.2333,"x":0.572,"y":0.839,"curve":"stepped"},{"time":1.2667,"x":0.572,"y":0.839,"curve":"stepped"},{"time":1.3,"curve":"stepped"},{"time":1.3333,"x":1.003,"y":1.003,"curve":"stepped"},{"time":1.3667,"x":1.221,"y":1.221,"curve":"stepped"},{"time":1.5667,"x":1.221,"y":1.221,"curve":"stepped"},{"time":1.6,"x":1.076,"y":1.632,"curve":"stepped"},{"time":1.6333,"x":1.251,"y":1.41,"curve":"stepped"},{"time":1.6667,"x":1.329,"y":1.349,"curve":"stepped"},{"time":1.7,"x":1.329,"y":1.349,"curve":"stepped"},{"time":1.7333,"x":0.71,"y":0.972,"curve":"stepped"},{"time":1.7667,"x":0.914,"y":0.929,"curve":"stepped"},{"time":1.8}]},"s6":{"rotate":[{"time":0.1,"curve":"stepped"},{"time":0.1333,"angle":-52.13,"curve":"stepped"},{"time":0.1667,"angle":-52.13,"curve":"stepped"},{"time":0.2,"angle":-67.88,"curve":"stepped"},{"time":0.2333,"angle":-40.2,"curve":"stepped"},{"time":0.3,"angle":-40.2,"curve":"stepped"},{"time":0.3333,"angle":-14.58,"curve":"stepped"},{"time":0.4667,"angle":-14.58,"curve":"stepped"},{"time":0.5,"angle":-47.62,"curve":"stepped"},{"time":0.5333,"angle":-14.58,"curve":"stepped"},{"time":0.5667,"angle":25.27,"curve":"stepped"},{"time":0.6,"angle":25.27,"curve":"stepped"},{"time":0.6333,"angle":5.27,"curve":"stepped"},{"time":0.6667,"angle":82.08,"curve":"stepped"},{"time":0.7,"angle":132.09,"curve":"stepped"},{"time":0.7333,"angle":160.57,"curve":"stepped"},{"time":0.7667,"angle":160.57,"curve":"stepped"},{"time":0.8,"angle":-178.79,"curve":"stepped"},{"time":0.8333,"angle":-14.58,"curve":"stepped"},{"time":0.8667,"angle":36.81,"curve":"stepped"},{"time":0.9,"angle":14.4,"curve":"stepped"},{"time":0.9333,"angle":21.46,"curve":"stepped"},{"time":0.9667,"angle":-12.6,"curve":"stepped"},{"time":1,"angle":16.09,"curve":"stepped"},{"time":1.0333,"angle":-71.62,"curve":"stepped"},{"time":1.0667,"angle":-71.62,"curve":"stepped"},{"time":1.1,"angle":148.76,"curve":"stepped"},{"time":1.1333,"angle":164.73,"curve":"stepped"},{"time":1.1667,"angle":-160.52,"curve":"stepped"},{"time":1.2,"angle":-141.48,"curve":"stepped"},{"time":1.2333,"angle":-152.07,"curve":"stepped"},{"time":1.2667,"angle":-91.86,"curve":"stepped"},{"time":1.3,"curve":"stepped"},{"time":1.3333,"curve":"stepped"},{"time":1.3667,"angle":-52.13,"curve":"stepped"},{"time":1.4,"angle":-52.13,"curve":"stepped"},{"time":1.4333,"angle":-67.88,"curve":"stepped"},{"time":1.4667,"angle":-40.2,"curve":"stepped"},{"time":1.5333,"angle":-40.2,"curve":"stepped"},{"time":1.5667,"angle":-14.58,"curve":"stepped"},{"time":1.7,"angle":-14.58,"curve":"stepped"},{"time":1.7333,"angle":-47.62,"curve":"stepped"},{"time":1.7667,"angle":-14.58,"curve":"stepped"},{"time":1.8}],"translate":[{"time":0.0667,"curve":"stepped"},{"time":0.1,"x":188.14,"y":127.41,"curve":"stepped"},{"time":0.1333,"x":217.84,"y":135.06,"curve":"stepped"},{"time":0.1667,"x":-4.94,"y":127,"curve":"stepped"},{"time":0.2,"x":-2.79,"y":116.23,"curve":"stepped"},{"time":0.2333,"x":-59.24,"y":133.87,"curve":"stepped"},{"time":0.2667,"x":-13.58,"y":125.09,"curve":"stepped"},{"time":0.3,"x":-20.54,"y":148.75,"curve":"stepped"},{"time":0.3333,"x":-33.04,"y":161.25,"curve":"stepped"},{"time":0.3667,"x":-43.42,"y":143.31,"curve":"stepped"},{"time":0.4667,"x":-43.42,"y":143.31,"curve":"stepped"},{"time":0.5,"x":198.42,"y":126.14,"curve":"stepped"},{"time":0.5333,"x":201.28,"y":174.32,"curve":"stepped"},{"time":0.5667,"x":70.11,"y":60.79,"curve":"stepped"},{"time":0.6,"x":70.11,"y":60.79,"curve":"stepped"},{"time":0.6333,"x":92.65,"y":149.11,"curve":"stepped"},{"time":0.6667,"x":77.01,"y":176.71,"curve":"stepped"},{"time":0.7,"x":-18.12,"y":156.19,"curve":"stepped"},{"time":0.7333,"x":-48.27,"y":122.34,"curve":"stepped"},{"time":0.7667,"x":-45.75,"y":109.21,"curve":"stepped"},{"time":0.8,"x":-51.18,"y":96.41,"curve":"stepped"},{"time":0.8333,"x":-31.88,"y":134.25,"curve":"stepped"},{"time":0.8667,"x":-6.42,"y":138.68,"curve":"stepped"},{"time":0.9,"x":-20.52,"y":152.01,"curve":"stepped"},{"time":0.9333,"x":-33.33,"y":145.18,"curve":"stepped"},{"time":0.9667,"x":-1.42,"y":171.69,"curve":"stepped"},{"time":1,"x":-18.99,"y":166.73,"curve":"stepped"},{"time":1.0333,"x":12.64,"y":102.34,"curve":"stepped"},{"time":1.0667,"x":12.64,"y":102.34,"curve":"stepped"},{"time":1.1,"x":15.52,"y":123.46,"curve":"stepped"},{"time":1.1333,"x":26.56,"y":118.66,"curve":"stepped"},{"time":1.1667,"x":32.19,"y":115.59,"curve":"stepped"},{"time":1.2,"x":-3.27,"y":129.99,"curve":"stepped"},{"time":1.2333,"x":-23.29,"y":122.33,"curve":"stepped"},{"time":1.2667,"x":10.09,"y":95.02,"curve":"stepped"},{"time":1.3,"curve":"stepped"},{"time":1.3333,"x":188.14,"y":127.41,"curve":"stepped"},{"time":1.3667,"x":217.84,"y":135.06,"curve":"stepped"},{"time":1.4,"x":-4.94,"y":127,"curve":"stepped"},{"time":1.4333,"x":-2.79,"y":116.23,"curve":"stepped"},{"time":1.4667,"x":-59.24,"y":133.87,"curve":"stepped"},{"time":1.5,"x":-13.58,"y":125.09,"curve":"stepped"},{"time":1.5333,"x":-20.54,"y":148.75,"curve":"stepped"},{"time":1.5667,"x":-33.04,"y":161.25,"curve":"stepped"},{"time":1.6,"x":-43.42,"y":143.31,"curve":"stepped"},{"time":1.7,"x":-43.42,"y":143.31,"curve":"stepped"},{"time":1.7333,"x":198.42,"y":126.14,"curve":"stepped"},{"time":1.7667,"x":201.28,"y":174.32,"curve":"stepped"},{"time":1.8}],"scale":[{"time":0.0667,"curve":"stepped"},{"time":0.1,"x":0.946,"y":0.946,"curve":"stepped"},{"time":0.1333,"x":0.693,"y":0.693,"curve":"stepped"},{"time":0.1667,"x":0.693,"y":0.693,"curve":"stepped"},{"time":0.2,"x":0.651,"y":0.651,"curve":"stepped"},{"time":0.2333,"x":0.651,"y":0.651,"curve":"stepped"},{"time":0.2667,"x":0.271,"y":0.271,"curve":"stepped"},{"time":0.3,"x":0.408,"y":0.408,"curve":"stepped"},{"time":0.3333,"x":0.37,"y":0.37,"curve":"stepped"},{"time":0.3667,"x":0.275,"y":0.275,"curve":"stepped"},{"time":0.4667,"x":0.275,"y":0.275,"curve":"stepped"},{"time":0.5,"x":0.525,"y":0.525,"curve":"stepped"},{"time":0.5333,"x":0.431,"y":0.431,"curve":"stepped"},{"time":0.5667,"x":0.873,"y":0.873,"curve":"stepped"},{"time":0.6,"x":0.873,"y":0.873,"curve":"stepped"},{"time":0.6333,"x":0.602,"y":0.602,"curve":"stepped"},{"time":0.6667,"x":0.678,"y":0.678,"curve":"stepped"},{"time":0.7,"x":0.839,"y":0.839,"curve":"stepped"},{"time":0.7333,"x":0.839,"y":0.839,"curve":"stepped"},{"time":0.7667,"x":0.941,"y":0.941,"curve":"stepped"},{"time":0.8,"x":0.941,"y":0.941,"curve":"stepped"},{"time":0.8333,"x":0.549,"y":0.549,"curve":"stepped"},{"time":0.8667,"x":0.805,"y":0.482,"curve":"stepped"},{"time":0.9,"x":0.805,"y":0.729,"curve":"stepped"},{"time":0.9333,"x":0.611,"y":0.729,"curve":"stepped"},{"time":0.9667,"x":0.823,"y":0.982,"curve":"stepped"},{"time":1,"x":0.823,"y":0.982,"curve":"stepped"},{"time":1.0333,"x":0.734,"y":0.877,"curve":"stepped"},{"time":1.0667,"x":0.734,"y":0.877,"curve":"stepped"},{"time":1.1,"x":0.867,"y":1.035,"curve":"stepped"},{"time":1.1667,"x":0.867,"y":1.035,"curve":"stepped"},{"time":1.2,"x":1.152,"y":0.865,"curve":"stepped"},{"time":1.2333,"x":0.999,"y":0.765,"curve":"stepped"},{"time":1.2667,"x":0.545,"y":0.417,"curve":"stepped"},{"time":1.3,"curve":"stepped"},{"time":1.3333,"x":0.946,"y":0.946,"curve":"stepped"},{"time":1.3667,"x":0.693,"y":0.693,"curve":"stepped"},{"time":1.4,"x":0.693,"y":0.693,"curve":"stepped"},{"time":1.4333,"x":0.651,"y":0.651,"curve":"stepped"},{"time":1.4667,"x":0.651,"y":0.651,"curve":"stepped"},{"time":1.5,"x":0.271,"y":0.271,"curve":"stepped"},{"time":1.5333,"x":0.408,"y":0.408,"curve":"stepped"},{"time":1.5667,"x":0.37,"y":0.37,"curve":"stepped"},{"time":1.6,"x":0.275,"y":0.275,"curve":"stepped"},{"time":1.7,"x":0.275,"y":0.275,"curve":"stepped"},{"time":1.7333,"x":0.525,"y":0.525,"curve":"stepped"},{"time":1.7667,"x":0.431,"y":0.431,"curve":"stepped"},{"time":1.8}]},"s5":{"rotate":[{"time":0.0333,"curve":"stepped"},{"time":0.0667,"angle":107.9,"curve":"stepped"},{"time":0.1,"angle":107.9,"curve":"stepped"},{"time":0.1333,"angle":26.41,"curve":"stepped"},{"time":0.1667,"angle":-77.09,"curve":"stepped"},{"time":0.2,"angle":-144.76,"curve":"stepped"},{"time":0.2333,"angle":140.56,"curve":"stepped"},{"time":0.2667,"angle":86.66,"curve":"stepped"},{"time":0.3,"angle":31.66,"curve":"stepped"},{"time":0.3333,"angle":31.66,"curve":"stepped"},{"time":0.3667,"angle":47.77,"curve":"stepped"},{"time":0.4,"angle":47.77,"curve":"stepped"},{"time":0.4333,"angle":87.65,"curve":"stepped"},{"time":0.4667,"angle":61.45,"curve":"stepped"},{"time":0.5,"angle":47.77,"curve":"stepped"},{"time":0.5333,"angle":118.26,"curve":"stepped"},{"time":0.5667,"angle":112.34,"curve":"stepped"},{"time":0.6,"angle":112.34,"curve":"stepped"},{"time":0.6333,"angle":79.61,"curve":"stepped"},{"time":0.6667,"angle":92.95,"curve":"stepped"},{"time":0.7,"angle":100.9,"curve":"stepped"},{"time":0.7333,"angle":119.93,"curve":"stepped"},{"time":0.7667,"angle":-126.72,"curve":"stepped"},{"time":0.8,"angle":-126.72,"curve":"stepped"},{"time":0.8333,"angle":87.65,"curve":"stepped"},{"time":0.8667,"angle":87.65,"curve":"stepped"},{"time":0.9,"angle":127.72,"curve":"stepped"},{"time":0.9333,"angle":127.51,"curve":"stepped"},{"time":1,"angle":127.51,"curve":"stepped"},{"time":1.0333,"angle":136.21,"curve":"stepped"},{"time":1.1,"angle":136.21,"curve":"stepped"},{"time":1.1333,"angle":55.66,"curve":"stepped"},{"time":1.1667,"angle":89.75,"curve":"stepped"},{"time":1.2,"angle":54.48,"curve":"stepped"},{"time":1.2333,"angle":43.26,"curve":"stepped"},{"time":1.2667,"angle":43.26,"curve":"stepped"},{"time":1.3,"angle":107.9,"curve":"stepped"},{"time":1.3333,"angle":107.9,"curve":"stepped"},{"time":1.3667,"angle":26.41,"curve":"stepped"},{"time":1.4,"angle":-77.09,"curve":"stepped"},{"time":1.4333,"angle":-144.76,"curve":"stepped"},{"time":1.4667,"angle":140.56,"curve":"stepped"},{"time":1.5,"angle":86.66,"curve":"stepped"},{"time":1.5333,"angle":31.66,"curve":"stepped"},{"time":1.5667,"angle":31.66,"curve":"stepped"},{"time":1.6,"angle":47.77,"curve":"stepped"},{"time":1.6333,"angle":47.77,"curve":"stepped"},{"time":1.6667,"angle":87.65,"curve":"stepped"},{"time":1.7,"angle":61.45,"curve":"stepped"},{"time":1.7333,"angle":47.77,"curve":"stepped"},{"time":1.7667,"angle":118.26,"curve":"stepped"},{"time":1.8}],"translate":[{"time":0.0333,"curve":"stepped"},{"time":0.0667,"x":130.97,"y":111.36,"curve":"stepped"},{"time":0.1,"x":118.51,"y":132.72,"curve":"stepped"},{"time":0.1333,"x":132.01,"y":166.92,"curve":"stepped"},{"time":0.1667,"x":151.67,"y":154.64,"curve":"stepped"},{"time":0.2,"x":163.68,"y":56.71,"curve":"stepped"},{"time":0.2333,"x":159.12,"y":96.38,"curve":"stepped"},{"time":0.2667,"x":159.12,"y":96.38,"curve":"stepped"},{"time":0.3,"x":152.19,"y":80.05,"curve":"stepped"},{"time":0.3333,"x":155.11,"y":106.32,"curve":"stepped"},{"time":0.3667,"x":127.26,"y":109.62,"curve":"stepped"},{"time":0.4,"x":131.4,"y":160.22,"curve":"stepped"},{"time":0.4333,"x":134.14,"y":171.11,"curve":"stepped"},{"time":0.4667,"x":146.55,"y":173.5,"curve":"stepped"},{"time":0.5,"x":147.77,"y":89.59,"curve":"stepped"},{"time":0.5333,"x":148.93,"y":157.75,"curve":"stepped"},{"time":0.5667,"x":96.46,"y":113.87,"curve":"stepped"},{"time":0.6,"x":96.46,"y":113.87,"curve":"stepped"},{"time":0.6333,"x":142,"y":131.81,"curve":"stepped"},{"time":0.6667,"x":155.8,"y":130.89,"curve":"stepped"},{"time":0.7,"x":172.34,"y":118.82,"curve":"stepped"},{"time":0.7333,"x":174.46,"y":99.78,"curve":"stepped"},{"time":0.7667,"x":107.18,"y":169.93,"curve":"stepped"},{"time":0.8,"x":107.18,"y":169.93,"curve":"stepped"},{"time":0.8333,"x":24.55,"y":129.5,"curve":"stepped"},{"time":0.8667,"x":9.79,"y":125.07,"curve":"stepped"},{"time":0.9,"x":15.13,"y":128.88,"curve":"stepped"},{"time":0.9333,"x":48.86,"y":125.46,"curve":"stepped"},{"time":0.9667,"x":88.71,"y":131.83,"curve":"stepped"},{"time":1,"x":66.17,"y":145.2,"curve":"stepped"},{"time":1.0333,"x":55.88,"y":143.29,"curve":"stepped"},{"time":1.0667,"x":55.88,"y":143.29,"curve":"stepped"},{"time":1.1,"x":65.96,"y":138.01,"curve":"stepped"},{"time":1.1333,"x":82.28,"y":127.93,"curve":"stepped"},{"time":1.1667,"x":161.13,"y":136.13,"curve":"stepped"},{"time":1.2,"x":184.95,"y":136.13,"curve":"stepped"},{"time":1.2333,"x":198.75,"y":121.9,"curve":"stepped"},{"time":1.2667,"x":198.75,"y":121.9,"curve":"stepped"},{"time":1.3,"x":130.97,"y":111.36,"curve":"stepped"},{"time":1.3333,"x":118.51,"y":132.72,"curve":"stepped"},{"time":1.3667,"x":132.01,"y":166.92,"curve":"stepped"},{"time":1.4,"x":151.67,"y":154.64,"curve":"stepped"},{"time":1.4333,"x":163.68,"y":56.71,"curve":"stepped"},{"time":1.4667,"x":159.12,"y":96.38,"curve":"stepped"},{"time":1.5,"x":159.12,"y":96.38,"curve":"stepped"},{"time":1.5333,"x":152.19,"y":80.05,"curve":"stepped"},{"time":1.5667,"x":155.11,"y":106.32,"curve":"stepped"},{"time":1.6,"x":127.26,"y":109.62,"curve":"stepped"},{"time":1.6333,"x":131.4,"y":160.22,"curve":"stepped"},{"time":1.6667,"x":134.14,"y":171.11,"curve":"stepped"},{"time":1.7,"x":146.55,"y":173.5,"curve":"stepped"},{"time":1.7333,"x":147.77,"y":89.59,"curve":"stepped"},{"time":1.7667,"x":148.93,"y":157.75,"curve":"stepped"},{"time":1.8}],"scale":[{"time":0.0333,"curve":"stepped"},{"time":0.0667,"x":0.731,"y":0.731,"curve":"stepped"},{"time":0.1,"x":0.962,"y":0.962,"curve":"stepped"},{"time":0.1333,"x":0.811,"y":0.811,"curve":"stepped"},{"time":0.1667,"x":0.811,"y":0.811,"curve":"stepped"},{"time":0.2,"x":0.834,"y":0.834,"curve":"stepped"},{"time":0.2333,"x":0.742,"y":0.742,"curve":"stepped"},{"time":0.3,"x":0.742,"y":0.742,"curve":"stepped"},{"time":0.3333,"x":0.77,"y":0.77,"curve":"stepped"},{"time":0.3667,"x":0.659,"y":0.659,"curve":"stepped"},{"time":0.4667,"x":0.659,"y":0.659,"curve":"stepped"},{"time":0.5,"x":0.478,"y":0.478,"curve":"stepped"},{"time":0.5333,"x":0.48,"y":0.424,"curve":"stepped"},{"time":0.5667,"x":1.018,"y":1.144,"curve":"stepped"},{"time":0.6,"x":1.018,"y":1.144,"curve":"stepped"},{"time":0.6333,"x":0.883,"y":1.257,"curve":"stepped"},{"time":0.6667,"x":0.883,"y":1.257,"curve":"stepped"},{"time":0.7,"x":0.875,"y":0.875,"curve":"stepped"},{"time":0.7333,"x":0.875,"y":0.875,"curve":"stepped"},{"time":0.7667,"x":0.937,"y":0.618,"curve":"stepped"},{"time":0.8,"x":0.937,"y":0.618,"curve":"stepped"},{"time":0.8333,"x":0.659,"y":0.659,"curve":"stepped"},{"time":0.8667,"x":0.659,"y":0.659,"curve":"stepped"},{"time":0.9,"x":0.538,"y":0.538,"curve":"stepped"},{"time":0.9333,"x":0.538,"y":0.538,"curve":"stepped"},{"time":0.9667,"x":0.445,"y":0.445,"curve":"stepped"},{"time":1,"x":0.445,"y":0.445,"curve":"stepped"},{"time":1.0333,"x":0.535,"y":0.535,"curve":"stepped"},{"time":1.0667,"x":0.535,"y":0.535,"curve":"stepped"},{"time":1.1,"x":0.776,"y":0.776,"curve":"stepped"},{"time":1.1333,"x":0.776,"y":0.776,"curve":"stepped"},{"time":1.1667,"x":0.712,"y":0.776,"curve":"stepped"},{"time":1.2,"x":0.712,"y":0.776,"curve":"stepped"},{"time":1.2333,"x":0.549,"y":0.598,"curve":"stepped"},{"time":1.2667,"x":0.549,"y":0.598,"curve":"stepped"},{"time":1.3,"x":0.731,"y":0.731,"curve":"stepped"},{"time":1.3333,"x":0.962,"y":0.962,"curve":"stepped"},{"time":1.3667,"x":0.811,"y":0.811,"curve":"stepped"},{"time":1.4,"x":0.811,"y":0.811,"curve":"stepped"},{"time":1.4333,"x":0.834,"y":0.834,"curve":"stepped"},{"time":1.4667,"x":0.742,"y":0.742,"curve":"stepped"},{"time":1.5333,"x":0.742,"y":0.742,"curve":"stepped"},{"time":1.5667,"x":0.77,"y":0.77,"curve":"stepped"},{"time":1.6,"x":0.659,"y":0.659,"curve":"stepped"},{"time":1.7,"x":0.659,"y":0.659,"curve":"stepped"},{"time":1.7333,"x":0.478,"y":0.478,"curve":"stepped"},{"time":1.7667,"x":0.48,"y":0.424,"curve":"stepped"},{"time":1.8}]}}}}},[0]]],0,0,[0],[-1],[2]]]]