[1,["49Wc0oi/BIeKB+APemwldF"],0,[["sp.SkeletonData",["_name","_atlasText","textureNames","_skeletonJson","textures"],-1,3]],[[0,0,1,2,3,4,5]],[[0,"effect019","\r\neffect019.png\r\nsize: 1453,265\r\nformat: RGBA8888\r\nfilter: Linear,Linear\r\nrepeat: none\r\nbz1\r\n  rotate: true\r\n  xy: 1277, 74\r\n  size: 189, 174\r\n  orig: 205, 188\r\n  offset: 5, 12\r\n  index: -1\r\nbz2\r\n  rotate: true\r\n  xy: 853, 24\r\n  size: 239, 220\r\n  orig: 246, 225\r\n  offset: 3, 4\r\n  index: -1\r\nbz3\r\n  rotate: false\r\n  xy: 569, 10\r\n  size: 282, 253\r\n  orig: 283, 258\r\n  offset: 1, 0\r\n  index: -1\r\nbz4\r\n  rotate: false\r\n  xy: 2, 3\r\n  size: 282, 260\r\n  orig: 284, 260\r\n  offset: 2, 0\r\n  index: -1\r\nbz5\r\n  rotate: false\r\n  xy: 286, 3\r\n  size: 281, 260\r\n  orig: 285, 260\r\n  offset: 2, 0\r\n  index: -1\r\nbz6\r\n  rotate: true\r\n  xy: 1075, 2\r\n  size: 261, 200\r\n  orig: 272, 221\r\n  offset: 2, 6\r\n  index: -1\r\n",["effect019.png"],{"skeleton":{"hash":"M9eu3IVvJw5KrIWv96Y6fd/E3/c","spine":"3.8.99","fps":24,"images":"D:\\Work\\植物大战僵尸2娘化版\\动画\\娘化版\\工程文件\\特效","audio":"D:\\Work\\植物大战僵尸2娘化版\\动画\\娘化版\\工程文件\\特效"},"bones":[{"name":"root"},{"name":"bone32","parent":"root","length":83,"rotation":90}],"slots":[{"name":"bz1","bone":"bone32"}],"skins":[{"name":"default","attachments":{"bz1":{"bz1":{"x":-4.63,"y":6.13,"rotation":-90,"width":205,"height":188},"bz2":{"x":-4.63,"y":6.13,"rotation":-90,"width":246,"height":225},"bz3":{"x":-4.63,"y":6.13,"rotation":-90,"width":283,"height":258},"bz4":{"x":-4.63,"y":6.13,"rotation":-90,"width":284,"height":260},"bz5":{"x":-4.63,"y":6.13,"rotation":-90,"width":285,"height":260},"bz6":{"x":-4.63,"y":6.13,"rotation":-90,"width":272,"height":221}}}}],"animations":{"newAnimation":{"slots":{"bz1":{"color":[{"color":"ffffff00"},{"time":0.0417,"color":"ffffffff","curve":"stepped"},{"time":0.1667,"color":"ffffffff"},{"time":0.2917,"color":"ffffff00"}],"attachment":[{"name":"bz1"},{"time":0.0417,"name":"bz2"},{"time":0.0833,"name":"bz3"},{"time":0.125,"name":"bz4"},{"time":0.1667,"name":"bz5"},{"time":0.2083,"name":"bz6"}]}},"bones":{"bone32":{"scale":[{"x":0.5,"y":0.5},{"time":0.0833},{"time":0.2917,"x":1.1,"y":1.1}]}}}}},[0]]],0,0,[0],[-1],[0]]