[1,["ecpdLyjvZBwrvm+cedCcQy","2aKJYU6u9G55yvfDap1e83","1bdda1f81","ebwHR7n1VCVZE1KVe3zsZw","77ao5MeUpNcKbbXEb/z1P4","bfhrjbUAdPTIozM00l3UkP","d34yQfg5FLQKGk/ldVLZp2","b39lXuqvFKBZFv+8sr9eaN","1a1OV6Ex9K3bwsux0oIOqM","21YQCh38JC0p3uHD5IvuB3","5aalEjxDdKdrNa7bJxf8La","2b7dbpFudEIKLJQ+wQLCHj","41h23UWCFA2LzhkavM30Uq","384w4kV5JAurVtdLwsxF79"],["node","_spriteFrame","root","_textureSetter","videoIcon","videoTrial","unselectTag","mask","priceLabel","cardIcon","cardBoard","swIcon","voidBoard","icon","data"],[["cc.Node",["_name","_active","_opacity","_prefab","_contentSize","_components","_parent","_anchorPoint","_trs","_children","_color"],0,4,5,9,1,5,7,2,5],["cc.Sprite",["_sizeMode","_isTrimmedMode","_type","node","_materials","_spriteFrame"],0,1,3,6],["cc.Node",["_name","_parent","_components","_prefab","_contentSize","_anchorPoint","_trs","_children","_color"],2,1,2,4,5,5,7,2,5],["cc.PrefabInfo",["fileId","root","asset"],2,1,1],"cc.SpriteFrame",["cc.Prefab",["_name"],2],["cc.Node",["_name","_parent","_components","_prefab","_contentSize","_trs","_eulerAngles"],2,1,12,4,5,7,5],["d4c9aa5gwhP3pERHLKMrPqN",["node","voidBoard","swIcon","cardBoard","cardBoardFrames","cardIcon","priceLabel","mask","unselectTag","videoTrial","videoIcon"],3,1,1,1,1,3,1,1,1,1,1,1],["cc.Button",["node","clickEvents"],3,1,9],["cc.ClickEvent",["_componentId","handler"],1],["7ff46OJBOxMo526UYe9FYB3",["node","icon"],3,1,1],["cc.Label",["_string","_fontSize","_lineHeight","_N$horizontalAlign","_N$verticalAlign","_N$overflow","node","_materials"],-3,1,3]],[[3,0,1,2,2],[0,0,6,9,5,3,4,8,2],[1,3,4,5,1],[1,0,1,3,4,5,3],[1,0,3,4,2],[5,0,2],[0,0,9,5,3,4,7,8,2],[0,0,6,9,5,3,4,7,2],[0,0,6,9,3,4,7,2],[0,0,1,6,5,3,4,8,3],[0,0,2,6,5,3,10,4,7,3],[0,0,6,5,3,4,8,2],[0,0,6,5,3,4,7,2],[0,0,6,5,3,4,7,8,2],[2,0,1,7,2,3,4,5,2],[2,0,1,2,3,4,5,6,2],[2,0,1,2,3,8,4,5,6,2],[6,0,1,2,3,4,5,6,2],[7,0,1,2,3,4,5,6,7,8,9,10,1],[3,1,2,1],[3,0,1,2],[8,0,1,1],[9,0,1,3],[1,0,3,4,5,2],[1,2,0,1,3,4,5,4],[1,0,1,3,4,3],[1,3,4,1],[10,0,1,1],[11,0,1,2,3,4,5,6,7,7]],[[[[5,"BagPlantCard"],[6,"BagPlantCard",[-12,-13,-14],[[18,-11,-10,-9,-8,[17,18,19,20,21],-7,-6,-5,-4,-3,-2]],[19,-1,0],[5,136,75],[0,0,0.5],[-285,-42.5,0,0,0,0,1,1,1,1]],[14,"card_slot_1",1,[-16,-17,-18,-19],[-15],[0,"2cmnw+rLZF96ZetNddn9Ww",1,0],[5,136,75],[0,0,0.5]],[7,"videoTrait",1,[-21,-22],[[21,-20,[[22,"d4c9aa5gwhP3pERHLKMrPqN","clickVideoUnlockBtn"]]]],[0,"a2zKXBBgRHkZ8Znvnm4T4a",1,0],[5,136,73],[0,0,0.5]],[1,"ad_icon",3,[-24],[[23,0,-23,[15],16]],[0,"cfZlxw9bBFlIDjtqeCAi1C",1,0],[5,22.5,16.7],[71.068,-14.723,0,0,0,0,1,1,1,1]],[17,"adTickIcon",4,[[-26,[27,-28,-27]],1,4],[20,"a2aNET2VxB8ZHf7maCOkwA",-25],[5,32.37,26.69],[-0.573,-0.412,0,0,0,0.13917310096006544,0.9902680687415704,0.8,0.8,0.8],[1,0,0,16]],[8,"Card",2,[-29,-30],[0,"dcTLyc9MFCM413YTUCiPTp",1,0],[5,136,75],[0,0,0.5]],[9,"swIcon",false,6,[[2,-31,[1],2]],[0,"61dJN/tq1AVZs3uSqNAMp7",1,0],[5,41,22],[26.987,-18.717,0,0,0,0,1,1,1,1]],[1,"plant_price_bg",2,[-33],[[3,2,false,-32,[4],5]],[0,"97tIyV9g5FvYQRzdfWJwpT",1,0],[5,57,31],[101,-14.7,0,0,0,0,1,1,1,1]],[10,"mask",200,2,[[3,2,false,-34,[6],7]],[0,"80XE7bn4lNXrrs+41yOVvm",1,0],[4,4278190080],[5,136,75],[0,0,0.5]],[11,"card_selected",2,[[2,-35,[8],9]],[0,"bcpEg/kA1EZZ3buadoI8ng",1,0],[5,101,49],[65,0,0,0,0,0,1,1,1,1]],[12,"void_slot_7",1,[[24,1,0,false,-36,[11],12]],[0,"66NxbAwhJNpb5qeVp6wcOD",1,0],[5,136,75],[0,0,0.5]],[15,"Icon",6,[-37],[0,"92BUt2CCtNBLV6sDnFMBRI",1,0],[5,128,68],[0,0,0.5],[6,4,0,0,0,0,1,1,1,1]],[25,0,false,12,[0]],[16,"price",8,[-38],[0,"00RuwymqRJO5cea0aU4bvS",1,0],[4,4278190080],[5,51,42.84],[0,1,0.5],[28,-1,0,0,0,0,1,1,1,1]],[28,"250+",30,34,1,1,2,14,[3]],[26,2,[10]],[13,"icon",3,[[4,2,-39,[13]]],[0,"d9eoAdSzpLhb9kQbqcIDQW",1,0],[5,101,41],[0,0,0.5],[41.487,-17.97,0,0,0,0,1,1,1,1]],[4,0,5,[14]]],0,[0,2,1,0,4,4,0,5,3,0,6,10,0,7,9,0,8,15,0,9,13,0,10,16,0,11,7,0,12,11,0,0,1,0,-1,2,0,-2,11,0,-3,3,0,-1,16,0,-1,6,0,-2,8,0,-3,9,0,-4,10,0,0,3,0,-1,17,0,-2,4,0,0,4,0,-1,5,0,2,5,0,-1,18,0,13,18,0,0,5,0,-1,12,0,-2,7,0,0,7,0,0,8,0,-1,14,0,0,9,0,0,10,0,0,11,0,-1,13,0,-1,15,0,0,17,0,14,1,39],[0,0,0,0,0,0,0,0,0,0,0,0,0,0,0,0,0,0,0,0,0,0,16,18],[-1,-1,1,-1,-1,1,-1,1,-1,1,-1,-1,1,-1,-1,-1,1,-1,-2,-3,-4,-5,1,1],[0,0,3,0,0,4,0,5,0,6,0,0,7,0,0,0,8,9,1,10,11,12,1,13]],[[{"name":"void_slot","rect":[854,651,34,39],"offset":[0,0],"originalSize":[34,39],"rotated":1,"capInsets":[13,15,13,15]}],[4],0,[0],[3],[2]],[[{"name":"card_selected","rect":[214,734,101,49],"offset":[0,0],"originalSize":[101,49],"rotated":1,"capInsets":[0,0,0,0]}],[4],0,[0],[3],[2]]]]