[1,["ecpdLyjvZBwrvm+cedCcQy","1c3ff388b","1ed7c1957","bdveMmzXdDGLdiooOYCYe1","38nktVRZZMHoxl25i2Ef+L","12+d1hlbZIQKJigK2wunll"],["node","_textureSetter","_spriteFrame","root","waterLight3","waterLight2","waterLight1","data"],["cc.SpriteFrame",["cc.Node",["_name","_components","_prefab","_children","_parent","_contentSize"],2,9,4,2,1,5],["cc.PrefabInfo",["fileId","root","asset"],2,1,1],["cc.Prefab",["_name"],2],["02c0fxAip5MbqgSRlsznf+Y",["node","waterLight1","waterLight2","waterLight3"],3,1,1,1,1],["cc.Sprite",["node","_materials","_spriteFrame"],3,1,3,6]],[[1,0,4,1,2,5,2],[2,0,1,2,2],[5,0,1,2,1],[3,0,2],[1,0,3,1,2,2],[4,0,1,2,3,1],[2,1,2,1]],[[[{"name":"water3","rect":[552,533,9,7],"offset":[0,0],"originalSize":[9,7],"rotated":1,"capInsets":[0,0,0,0]}],[0],0,[0],[1],[1]],[[{"name":"water2","rect":[321,866,12,10],"offset":[0,0],"originalSize":[12,10],"capInsets":[0,0,0,0]}],[0],0,[0],[1],[1]],[[{"name":"water1","rect":[596,221,32,21],"offset":[0,0],"originalSize":[32,21],"rotated":1,"capInsets":[0,0,0,0]}],[0],0,[0],[1],[2]],[[[3,"WaterLightEffect"],[4,"WaterLightEffect",[-6,-7,-8],[[5,-5,-4,-3,-2]],[6,-1,0]],[0,"water1",1,[[2,-9,[0],1]],[1,"d5D+xLJHRLeoFBGxUUPUqX",1,0],[5,32,21]],[0,"water2",1,[[2,-10,[2],3]],[1,"108aZtLj9GKIHvREuQNnyk",1,0],[5,12,10]],[0,"water3",1,[[2,-11,[4],5]],[1,"2aPPryAGRNx6WeMJ4II7y1",1,0],[5,9,7]]],0,[0,3,1,0,4,4,0,5,3,0,6,2,0,0,1,0,-1,2,0,-2,3,0,-3,4,0,0,2,0,0,3,0,0,4,0,7,1,11],[0,0,0,0,0,0],[-1,2,-1,2,-1,2],[0,3,0,4,0,5]]]]