[1,["ffjGrFFIBEzrjt31wQJP75"],0,[["sp.SkeletonData",["_name","_atlasText","textureNames","_skeletonJson","textures"],-1,3]],[[0,0,1,2,3,4,5]],[[0,"effect011","\r\neffect011.png\r\nsize: 449,601\r\nformat: RGBA8888\r\nfilter: Linear,Linear\r\nrepeat: none\r\nbingxianzi/b1\r\n  rotate: false\r\n  xy: 2, 12\r\n  size: 165, 129\r\n  orig: 232, 239\r\n  offset: 45, 16\r\n  index: -1\r\nbingxianzi/b2\r\n  rotate: false\r\n  xy: 234, 185\r\n  size: 204, 189\r\n  orig: 232, 239\r\n  offset: 15, 10\r\n  index: -1\r\nbingxianzi/b3\r\n  rotate: true\r\n  xy: 234, 376\r\n  size: 223, 213\r\n  orig: 232, 239\r\n  offset: 4, 0\r\n  index: -1\r\nbingxianzi/b4\r\n  rotate: false\r\n  xy: 2, 370\r\n  size: 230, 229\r\n  orig: 232, 239\r\n  offset: 2, 10\r\n  index: -1\r\nbingxianzi/b5\r\n  rotate: false\r\n  xy: 2, 143\r\n  size: 227, 225\r\n  orig: 232, 239\r\n  offset: 3, 10\r\n  index: -1\r\nliang\r\n  rotate: false\r\n  xy: 231, 2\r\n  size: 181, 181\r\n  orig: 205, 206\r\n  offset: 12, 12\r\n  index: -1\r\n",["effect011.png"],{"skeleton":{"hash":"FeSb/VYBDusy7HjJVj/0cM4OPEY","spine":"3.8.99","fps":24,"images":"D:/Work/植物大战僵尸2娘化版/动画/娘化版/打击特效/龙骨导出的spine资源/library","audio":"D:\\Work\\植物大战僵尸2娘化版\\动画\\娘化版\\打击特效\\龙骨导出的spine资源"},"bones":[{"name":"root"},{"name":"b1","parent":"root","rotation":0.07},{"name":"bone","parent":"root","y":52.1}],"slots":[{"name":"b1","bone":"b1","attachment":"bingxianzi/b2"},{"name":"liang","bone":"bone","attachment":"liang","blend":"additive"}],"skins":[{"name":"default","attachments":{"b1":{"bingxianzi/b1":{"x":-1.09,"y":89,"rotation":-0.07,"width":232,"height":239},"bingxianzi/b2":{"x":-1.09,"y":89,"rotation":-0.07,"width":232,"height":239},"bingxianzi/b3":{"x":-1.09,"y":89,"rotation":-0.07,"width":232,"height":239},"bingxianzi/b4":{"x":-1.09,"y":89,"rotation":-0.07,"width":232,"height":239},"bingxianzi/b5":{"x":-1.09,"y":89,"rotation":-0.07,"width":232,"height":239}},"liang":{"liang":{"width":205,"height":206}}}}],"animations":{"newAnimation":{"slots":{"b1":{"color":[{"color":"ffffff00"},{"time":0.1667,"color":"ffffffff"},{"time":0.25,"color":"ffffff00"}],"attachment":[{"name":"bingxianzi/b1"},{"time":0.0417,"name":"bingxianzi/b2"},{"time":0.0833,"name":"bingxianzi/b3"},{"time":0.125,"name":"bingxianzi/b4"},{"time":0.1667,"name":"bingxianzi/b5"}]},"liang":{"color":[{"color":"ffffff00"},{"time":0.0833,"color":"ffffffff"},{"time":0.25,"color":"ff303000"}]}},"bones":{"b1":{"scale":[{"x":0.5,"y":0.5},{"time":0.0833,"y":1.5},{"time":0.25,"x":1.5,"y":2}]},"bone":{"scale":[{"curve":"stepped"},{"time":0.0833,"x":2,"y":2},{"time":0.25,"x":3,"y":3}]}}}}},[0]]],0,0,[0],[-1],[0]]