[1,["e3Na6WdjJK9LpgWa8SaKIQ","ecpdLyjvZBwrvm+cedCcQy","8c1lDROztJDb9d/IopUyH3","2f6DvuapRMw41YkctBuhQ9"],["root","mask","body","animation","node","data","_N$skeletonData"],[["cc.Node",["_name","_groupIndex","_parent","_components","_prefab","_trs","_contentSize"],1,1,2,4,7,5],["cc.PrefabInfo",["fileId","root","asset"],2,1,1],["cc.Prefab",["_name"],2],["cc.Node",["_name","_children","_components","_prefab","_contentSize","_anchorPoint"],2,2,12,4,5,5],["17264xFfYRMaY/c70hgyGYu",["attackAniName","deathAniName","idleAniName","aniName","node","animation","body","shadowOffset","mask"],-1,1,1,1,5,1],["sp.Skeleton",["defaultSkin","defaultAnimation","_preCacheMode","_animationName","node","_materials"],-1,1,3],["261d4+Q1HdGA5w3tjdBw83c",["activeFlash","node","spineAnimation"],2,1,1],["cc.BoxCollider",["node","_offset","_size"],3,1,5,5],["b1abdSI13NE76lu3aJ+NI5X",["node","body"],3,1,1],["cc.Mask",["node","_materials"],3,1,3],["sp.SkeletonData",["_name","_atlasText","textureNames","_skeletonJson","textures"],-1,3]],[[1,0,1,2,2],[2,0,2],[3,0,1,2,3,4,5,2],[0,0,2,3,4,6,5,2],[0,0,1,2,3,4,5,3],[4,0,1,2,3,4,5,6,7,8,5],[1,1,2,1],[5,0,1,2,3,4,5,5],[6,0,1,2,2],[7,0,1,2,1],[8,0,1,1],[9,0,1,1],[10,0,1,2,3,4,5]],[[[[1,"SnorkelZombie"],[2,"SnorkelZombie",[-7,-8],[[[5,["attack"],["die"],["idle"],["daiji","zou","kenyao","death"],-5,-4,-3,[0,0,6],-2],-6],4,1],[6,-1,0],[5,200,200],[0,0.5,0]],[3,"Zombie_snorkle",1,[-9,-10],[0,"51tgcpcv1L8pnypqZBGAKB",1,0],[5,91.86,192.33],[0,20,0,0,0,0,1,1,1,1]],[4,"BodyC",2,1,[-11,-12],[0,"9dz/ZDn1dN2I4UOCVi2bf4",1,0],[-10,20,0,0,0,0,1,1,1,1]],[7,"biaoqing1","jump",0,"jump",2,[0]],[8,true,2,4],[9,3,[0,0,50],[5,60,100]],[10,3,6],[11,1,[1]]],0,[0,0,1,0,1,8,0,2,7,0,3,5,0,4,1,0,-2,8,0,-1,2,0,-2,3,0,-1,4,0,-2,5,0,-1,6,0,-2,7,0,5,1,12],[0,0,4],[-1,-1,6],[0,1,2]],[[[12,"Zombie_snorkle","\nZombie_snorkle.png\nsize: 1024,64\nformat: RGBA8888\nfilter: Linear,Linear\nrepeat: none\nchidongxiguan\n  rotate: false\n  xy: 434, 15\n  size: 43, 47\n  orig: 43, 47\n  offset: 0, 0\n  index: -1\nguanzi\n  rotate: true\n  xy: 524, 7\n  size: 24, 33\n  orig: 24, 33\n  offset: 0, 0\n  index: -1\nkua\n  rotate: true\n  xy: 311, 5\n  size: 34, 29\n  orig: 34, 29\n  offset: 0, 0\n  index: -1\nshenti\n  rotate: false\n  xy: 479, 19\n  size: 42, 43\n  orig: 42, 43\n  offset: 0, 0\n  index: -1\nshetou\n  rotate: true\n  xy: 443, 2\n  size: 11, 19\n  orig: 11, 19\n  offset: 0, 0\n  index: -1\ntou1\n  rotate: true\n  xy: 342, 14\n  size: 48, 44\n  orig: 49, 44\n  offset: 1, 0\n  index: -1\ntou2\n  rotate: true\n  xy: 388, 15\n  size: 47, 44\n  orig: 48, 44\n  offset: 0, 0\n  index: -1\nwave1\n  rotate: false\n  xy: 2, 37\n  size: 137, 25\n  orig: 140, 25\n  offset: 2, 0\n  index: -1\nwave2\n  rotate: false\n  xy: 2, 13\n  size: 140, 22\n  orig: 140, 25\n  offset: 0, 0\n  index: -1\nwave3\n  rotate: false\n  xy: 141, 40\n  size: 137, 22\n  orig: 140, 25\n  offset: 3, 0\n  index: -1\nxiaba\n  rotate: false\n  xy: 280, 41\n  size: 31, 21\n  orig: 31, 21\n  offset: 0, 0\n  index: -1\nxiyang\n  rotate: false\n  xy: 268, 12\n  size: 41, 26\n  orig: 41, 26\n  offset: 0, 0\n  index: -1\nyanchi\n  rotate: false\n  xy: 51, 4\n  size: 18, 7\n  orig: 18, 7\n  offset: 0, 0\n  index: -1\nyanzhao\n  rotate: false\n  xy: 215, 8\n  size: 51, 30\n  orig: 51, 30\n  offset: 0, 0\n  index: -1\nyoudabi\n  rotate: true\n  xy: 418, 2\n  size: 11, 23\n  orig: 11, 23\n  offset: 0, 0\n  index: -1\nyoudatui\n  rotate: true\n  xy: 28, 3\n  size: 8, 21\n  orig: 8, 21\n  offset: 0, 0\n  index: -1\nyoujiao\n  rotate: false\n  xy: 479, 3\n  size: 29, 14\n  orig: 29, 14\n  offset: 0, 0\n  index: -1\nyoukutou\n  rotate: false\n  xy: 582, 39\n  size: 22, 23\n  orig: 22, 23\n  offset: 0, 0\n  index: -1\nyouqiqiu\n  rotate: false\n  xy: 553, 33\n  size: 27, 29\n  orig: 27, 29\n  offset: 0, 0\n  index: -1\nyoushou\n  rotate: false\n  xy: 608, 18\n  size: 20, 22\n  orig: 20, 24\n  offset: 0, 0\n  index: -1\nyouxiaobi\n  rotate: true\n  xy: 368, 2\n  size: 10, 22\n  orig: 10, 29\n  offset: 0, 7\n  index: -1\nyouxiaotui\n  rotate: false\n  xy: 630, 17\n  size: 16, 23\n  orig: 16, 23\n  offset: 0, 0\n  index: -1\nyouyan\n  rotate: false\n  xy: 510, 5\n  size: 12, 12\n  orig: 12, 12\n  offset: 0, 0\n  index: -1\nyouyanzhu\n  rotate: false\n  xy: 71, 7\n  size: 4, 4\n  orig: 4, 4\n  offset: 0, 0\n  index: -1\nzuodabi\n  rotate: true\n  xy: 2, 2\n  size: 9, 24\n  orig: 9, 24\n  offset: 0, 0\n  index: -1\nzuodatui\n  rotate: true\n  xy: 342, 2\n  size: 10, 24\n  orig: 10, 24\n  offset: 0, 0\n  index: -1\nzuojiao\n  rotate: false\n  xy: 144, 3\n  size: 69, 35\n  orig: 69, 35\n  offset: 0, 0\n  index: -1\nzuokutou\n  rotate: false\n  xy: 606, 42\n  size: 24, 20\n  orig: 24, 20\n  offset: 0, 0\n  index: -1\nzuoqiqiu\n  rotate: true\n  xy: 523, 33\n  size: 29, 28\n  orig: 29, 28\n  offset: 0, 0\n  index: -1\nzuoshou\n  rotate: false\n  xy: 584, 15\n  size: 22, 22\n  orig: 22, 22\n  offset: 0, 0\n  index: -1\nzuoshou2\n  rotate: false\n  xy: 559, 7\n  size: 23, 24\n  orig: 23, 24\n  offset: 0, 0\n  index: -1\nzuoxiaobi\n  rotate: true\n  xy: 392, 2\n  size: 11, 24\n  orig: 11, 24\n  offset: 0, 0\n  index: -1\nzuoxiaotui\n  rotate: true\n  xy: 313, 42\n  size: 20, 27\n  orig: 20, 27\n  offset: 0, 0\n  index: -1\nzuoyan\n  rotate: false\n  xy: 632, 44\n  size: 17, 18\n  orig: 18, 18\n  offset: 1, 0\n  index: -1\nzuoyanzhu\n  rotate: false\n  xy: 77, 7\n  size: 4, 4\n  orig: 4, 4\n  offset: 0, 0\n  index: -1\n",["Zombie_snorkle.png"],{"skeleton":{"hash":"c46K4zW2JyGraIn97BHlplJkpEk","spine":"3.8.99","x":-55.34,"y":-50.6,"width":91.86,"height":192.33,"images":"./images/","audio":"F:/Zombie03052150/第三关/Zombie_snorkle"},"bones":[{"name":"root","scaleX":0.5,"scaleY":0.5},{"name":"zong","parent":"root","x":-0.9,"y":-21.96},{"name":"kua","parent":"zong","x":9.5,"y":144.19,"color":"ffc20bff"},{"name":"zuokutou","parent":"kua","x":5.5,"y":-22.6,"color":"65e532ff"},{"name":"zuodatui","parent":"zuokutou","length":35.71,"rotation":-97.85,"x":0.73,"y":-0.98,"color":"16af72ff"},{"name":"zuoxiaotui","parent":"zuodatui","length":50.05,"rotation":39.3,"x":36.07,"y":1.03,"color":"16af72ff"},{"name":"youkutou","parent":"kua","x":-21.34,"y":-15.28,"color":"9252ffff"},{"name":"youdatui","parent":"youkutou","length":33.69,"rotation":-88.34,"x":-3.42,"y":-13.18,"color":"7f41fcff"},{"name":"youxiaotui","parent":"youdatui","length":39.73,"rotation":-27.12,"x":33.67,"y":-0.49,"color":"7e40fcff"},{"name":"shenti","parent":"kua","length":40.08,"rotation":118.03,"x":-2.16,"y":2.39,"color":"ff9527ff"},{"name":"shenti2","parent":"shenti","length":37.33,"rotation":3.29,"x":40.99,"y":-0.1,"color":"ff9526ff"},{"name":"tou2","parent":"shenti2","length":71.06,"rotation":-0.97,"x":38.38,"y":-0.01},{"name":"xiaba","parent":"tou2","x":14.07,"y":16.66},{"name":"zuoyan","parent":"tou2","x":26.11,"y":-4.11},{"name":"zuoyanzhu","parent":"zuoyan","x":0.18,"y":-2.58},{"name":"chidongxiguan","parent":"tou2","length":52.22,"rotation":-65.34,"x":59.95,"y":55.77},{"name":"xiyang","parent":"tou2","x":15.37,"y":42.21},{"name":"yanzhao","parent":"tou2","x":13.83,"y":-32.2},{"name":"youyan","parent":"tou2","x":45.86,"y":36.52},{"name":"youyanzhu","parent":"youyan","x":3.03,"y":1.31},{"name":"yanchi","parent":"xiaba","x":-1.61,"y":23.79},{"name":"shetou","parent":"xiaba","x":-4.11,"y":12.2},{"name":"shetou3","parent":"shetou","length":15.46,"rotation":149.65,"x":-0.97,"y":0.57},{"name":"shetou4","parent":"shetou3","length":12.32,"rotation":6.75,"x":15.94},{"name":"zuoqiqiu","parent":"shenti2","x":1.93,"y":-22.69},{"name":"zuodabi","parent":"zuoqiqiu","length":39.6,"rotation":-87.34,"x":-5.81,"y":2.37,"transform":"noRotationOrReflection","color":"65e532ff"},{"name":"zuoxiaobi","parent":"zuodabi","length":34.87,"rotation":-11.01,"x":40.07,"y":-1.4,"color":"65e532ff"},{"name":"zuoshou","parent":"zuoxiaobi","length":33.43,"rotation":18.65,"x":35.81,"y":-0.09,"color":"65e532ff"},{"name":"youqiqiu","parent":"shenti2","x":22.36,"y":15.18},{"name":"youdabi","parent":"youqiqiu","length":34.6,"rotation":-77.72,"x":-2.96,"y":0.45,"transform":"noRotationOrReflection","color":"128dffff"},{"name":"youxiaobi","parent":"youdabi","length":33.73,"rotation":-17.76,"x":34.9,"y":-0.77,"color":"118cffff"},{"name":"youshou","parent":"youxiaobi","length":24.61,"rotation":4.41,"x":34.21,"y":-0.19,"color":"118cffff"},{"name":"zuojiao","parent":"zong","length":53.33,"rotation":-158.9,"x":48.88,"y":42.48,"color":"16af72ff"},{"name":"zuojiao3","parent":"zuojiao","length":44.1,"rotation":2.98,"x":54.85,"y":0.44,"color":"65e532ff"},{"name":"youjiao","parent":"zong","length":30,"rotation":-11.45,"x":-36.78,"y":47.25,"color":"7e40fcff"},{"name":"wave1","parent":"root","x":4.05,"y":-90.44,"scaleX":0.5,"scaleY":0.8}],"slots":[{"name":"rootcaijain","bone":"root","attachment":"rootcaijain"},{"name":"youqiqiu","bone":"youqiqiu","attachment":"youqiqiu"},{"name":"youdabi","bone":"youdabi","attachment":"youdabi"},{"name":"youxiaobi","bone":"youxiaobi","attachment":"youxiaobi"},{"name":"youshou","bone":"youshou","attachment":"youshou"},{"name":"youjiao","bone":"youjiao","attachment":"youjiao"},{"name":"youdatui","bone":"youdatui","attachment":"youdatui"},{"name":"youxiaotui","bone":"youxiaotui","attachment":"youxiaotui"},{"name":"zuodatui","bone":"zuodatui","attachment":"zuodatui"},{"name":"zuojiao","bone":"zuojiao3","attachment":"zuojiao"},{"name":"zuoxiaotui","bone":"zuoxiaotui","attachment":"zuoxiaotui"},{"name":"youkutou","bone":"youkutou","attachment":"youkutou"},{"name":"kua","bone":"kua","attachment":"kua"},{"name":"zuokutou","bone":"zuokutou","attachment":"zuokutou"},{"name":"shenti","bone":"shenti","attachment":"shenti"},{"name":"guanzi","bone":"xiyang","attachment":"guanzi"},{"name":"xiaba","bone":"xiaba","attachment":"xiaba"},{"name":"chidongxiguan","bone":"chidongxiguan"},{"name":"tou1","bone":"tou2","attachment":"tou1"},{"name":"zuoyan","bone":"zuoyan","attachment":"zuoyan"},{"name":"youyan","bone":"youyan","attachment":"youyan"},{"name":"zuoyanzhu","bone":"zuoyanzhu","attachment":"zuoyanzhu"},{"name":"youyanzhu","bone":"youyanzhu","attachment":"youyanzhu"},{"name":"shetou","bone":"shetou3","attachment":"shetou"},{"name":"yanchi","bone":"yanchi","attachment":"yanchi"},{"name":"yanzhao","bone":"yanzhao","attachment":"yanzhao"},{"name":"zuoshou","bone":"zuoshou","attachment":"zuoshou"},{"name":"zuodabi","bone":"zuodabi","attachment":"zuodabi"},{"name":"zuoxiaobi","bone":"zuoxiaobi","attachment":"zuoxiaobi"},{"name":"zuoqiqiu","bone":"zuoqiqiu","attachment":"zuoqiqiu"},{"name":"xiyang","bone":"xiyang","attachment":"xiyang"},{"name":"wave1","bone":"wave1","color":"ffffff00","attachment":"wave1"}],"ik":[{"name":"youjiao","order":1,"target":"youjiao","bendPositive":false,"bones":["youdatui","youxiaotui"]},{"name":"zuojiao","target":"zuojiao","bones":["zuodatui","zuoxiaotui"]}],"skins":[{"name":"default","attachments":{"rootcaijain":{"rootcaijain":{"type":"clipping","end":"xiyang","vertexCount":9,"color":"ce3a3aff","vertices":[-348.62,-88.91,-37.81,-88.91,-18.91,-88.91,-0.01,-88.91,19.31,-88.91,39.05,-88.91,299.05,-88.91,295.52,602.43,-351.98,600.89]}},"wave1":{"wave1":{"x":-1.56,"y":11.56,"width":279,"height":50},"wave2":{"x":-1.56,"y":11.56,"width":279,"height":50},"wave3":{"x":-1.56,"y":11.56,"width":279,"height":50}}}},{"name":"biaoqing1","attachments":{"chidongxiguan":{"chidongxiguan":{"x":34.02,"y":-15,"rotation":-55.01,"width":85,"height":94}},"guanzi":{"guanzi":{"x":57.68,"y":-29.91,"rotation":-120.35,"width":47,"height":66}},"kua":{"kua":{"type":"mesh","hull":12,"width":68,"height":58,"uvs":[0.23427,0.01693,0.57315,0.01685,0.78207,0.13907,0.98521,0.44361,0.98593,0.68769,0.90221,0.98295,0.5421,0.98311,0.35227,0.90837,0.06009,0.71325,0.014,0.6537,0.01451,0.39514,0.11736,0.15546],"triangles":[7,8,10,9,10,8,1,11,0,7,1,2,6,7,2,3,6,2,7,11,1,7,10,11,3,4,6,5,6,4],"vertices":[-20.06,26.26,2.99,26.26,17.19,19.18,31.01,1.51,31.05,-12.64,25.36,-29.77,0.87,-29.78,-12.03,-25.44,-31.9,-14.13,-35.04,-10.67,-35,4.32,-28.01,18.23],"edges":[0,22,0,2,2,4,4,6,6,8,8,10,10,12,12,14,14,16,16,18,18,20,20,22]}},"shenti":{"shenti":{"type":"mesh","hull":26,"width":83,"height":86,"uvs":[0.6271,1,0.83465,0.9716,0.96532,0.90483,1,0.81952,1,0.73726,0.92243,0.64145,0.90506,0.59114,0.87775,0.52407,0.84301,0.29652,0.77848,0.13124,0.68913,0.04261,0.55014,0.02345,0.46576,0,0.28209,0,0.14559,0.0498,0,0.17196,0,0.2534,0,0.36838,0.04135,0.46898,0.09098,0.56959,0.14559,0.65103,0.18282,0.70133,0.22253,0.766,0.2672,0.85224,0.27465,0.93847,0.3491,0.9744],"triangles":[16,15,14,18,17,16,14,18,16,13,19,18,14,13,18,12,20,19,19,13,12,11,22,12,11,9,22,10,9,11,8,22,9,12,21,20,12,22,21,7,23,22,24,23,25,8,7,22,6,23,7,5,23,6,5,1,23,23,0,25,1,0,23,5,4,3,3,1,5,1,3,2],"vertices":[2,2,-9.94,-4.76,0.08234,9,-2.66,10.23,0.91766,2,2,7.29,-2.32,0.9979,9,-8.6,-6.13,0.0021,2,2,18.13,3.42,0.82767,9,-8.62,-18.4,0.17233,3,2,21.01,10.76,0.69279,9,-3.5,-24.39,0.30683,10,-45.81,-21.69,0.00038,3,2,21.01,17.83,0.56535,9,2.74,-27.71,0.42998,10,-39.76,-25.37,0.00467,3,2,14.57,26.07,0.29875,9,13.04,-25.9,0.65602,10,-29.38,-24.15,0.04524,3,2,13.13,30.4,0.18932,9,17.54,-26.66,0.71605,10,-24.93,-25.17,0.09462,3,2,10.87,36.17,0.09372,9,23.7,-27.37,0.70359,10,-18.83,-26.23,0.20269,3,2,7.98,55.74,0.0045,9,42.33,-34.02,0.31388,10,-0.61,-33.94,0.68162,2,9,57.39,-35.97,0.10227,10,14.32,-36.75,0.89773,2,9,67.6,-33.01,0.03969,10,24.69,-34.38,0.96031,2,9,74.48,-23.6,0.00676,10,32.09,-25.38,0.99324,2,9,79.55,-18.37,0.00022,10,37.45,-20.44,0.99978,1,10,45.38,-7.42,1,2,9,88.26,7.1,0.00023,10,47.61,4.49,0.99977,2,9,84.66,22.71,0.02282,10,44.91,20.27,0.97718,2,9,78.48,26,0.05164,10,38.93,23.91,0.94836,2,9,69.75,30.65,0.13777,10,30.48,29.05,0.86223,2,9,60.5,31.68,0.27605,10,21.3,30.61,0.72395,2,9,50.93,32.11,0.49344,10,11.77,31.59,0.50656,2,9,42.61,31.4,0.70392,10,3.43,31.36,0.29608,2,9,37.34,30.71,0.82876,10,-1.87,30.97,0.17124,2,9,30.89,30.41,0.93665,10,-8.33,31.04,0.06335,2,9,22.6,30.62,0.99282,10,-16.6,31.73,0.00718,2,9,15.76,33.56,0.99998,10,-23.25,35.06,0.00002,1,9,10.13,29.56,1],"edges":[0,2,2,4,4,6,6,8,8,10,10,12,12,14,14,16,16,18,18,20,20,22,22,24,24,26,26,28,28,30,30,32,32,34,34,36,36,38,38,40,40,42,42,44,44,46,46,48,48,50,0,50]}},"tou1":{"tou1":{"x":40.6,"y":1.4,"rotation":-120.35,"width":98,"height":87}},"xiaba":{"xiaba":{"x":-9,"y":3.22,"rotation":-120.35,"width":62,"height":41}},"xiyang":{"xiyang":{"x":1.03,"y":-8.91,"rotation":-120.35,"width":82,"height":51}},"yanchi":{"yanchi":{"x":-2.01,"y":-10.39,"rotation":-120.35,"width":35,"height":14}},"yanzhao":{"yanzhao":{"x":16.17,"y":40.96,"rotation":-120.35,"width":102,"height":59}},"youdabi":{"youdabi":{"x":15.4,"y":1.03,"rotation":77.72,"width":21,"height":46}},"youdatui":{"youdatui":{"x":16.81,"y":-0.21,"rotation":88.34,"width":15,"height":41}},"youjiao":{"youjiao":{"x":20.49,"y":-1.96,"width":58,"height":28}},"youkutou":{"youkutou":{"type":"mesh","hull":13,"width":43,"height":46,"uvs":[0.00124,0.90322,0.38345,1,0.63289,1,1,0.86185,1,0.77159,0.90245,0.47824,0.83406,0.2225,0.66106,0.0495,0.52427,0,0.31103,0,0.17022,0.09087,0.05355,0.45567,0,0.77911],"triangles":[2,1,5,1,0,12,6,5,10,8,6,9,7,6,8,6,10,9,5,4,2,5,11,10,1,11,5,1,12,11,3,2,4],"vertices":[-21.59,-30.03,-5.16,-34.48,5.57,-34.48,21.36,-28.13,21.36,-23.98,17.16,-10.48,14.22,1.28,6.78,9.24,0.9,11.52,-8.27,11.52,-14.32,7.34,-19.34,-9.44,-21.64,-24.32],"edges":[0,2,2,4,4,6,6,8,8,10,10,12,12,14,14,16,16,18,18,20,20,22,22,24,0,24]}},"youqiqiu":{"youqiqiu":{"x":10.71,"y":5.27,"rotation":-121.32,"width":54,"height":58}},"youshou":{"youshou":{"x":12.98,"y":2.3,"rotation":91.07,"width":39,"height":47}},"youxiaobi":{"youxiaobi":{"x":21.55,"y":1.17,"rotation":95.48,"width":20,"height":58}},"youxiaotui":{"youxiaotui":{"x":17.91,"y":1.09,"rotation":115.46,"width":32,"height":46}},"youyan":{"youyan":{"x":1.74,"y":-0.41,"rotation":-120.35,"width":23,"height":24}},"youyanzhu":{"youyanzhu":{"x":-0.28,"y":0.01,"rotation":-120.35,"width":7,"height":8}},"zuodabi":{"zuodabi":{"x":18.66,"y":0.31,"rotation":87.34,"width":17,"height":48}},"zuodatui":{"zuodatui":{"x":16.13,"y":1.5,"rotation":97.85,"width":19,"height":48}},"zuojiao":{"zuojiao":{"type":"mesh","hull":30,"width":138,"height":70,"uvs":[0.82807,0.00564,0.95027,0.0862,0.97692,0.11107,0.993,0.14253,0.99299,0.2427,0.96097,0.30631,0.8582,0.39962,0.7445,0.50287,0.66454,0.57548,0.58968,0.63735,0.48047,0.7276,0.34308,0.86412,0.23768,0.98601,0.20851,0.98687,0.23079,0.75239,0.14319,0.61491,0.04899,0.61466,0.05015,0.58593,0.10679,0.45004,0.10837,0.37156,0.06599,0.32352,0.00583,0.30009,0.00631,0.26497,0.05595,0.21534,0.16921,0.15141,0.32739,0.09928,0.40604,0.08531,0.50279,0.08512,0.53748,0.04181,0.7051,0.01557],"triangles":[4,2,3,4,5,1,4,1,2,6,0,1,6,1,5,6,7,29,6,29,0,8,28,29,8,29,7,27,28,8,9,27,8,10,26,27,10,27,9,19,20,23,22,23,20,21,22,20,24,19,23,25,15,19,18,19,15,17,18,15,16,17,15,24,25,19,14,15,25,25,26,10,14,25,10,11,14,10,12,14,11,13,14,12],"vertices":[1,32,-2.63,-8.74,1,1,32,-17.68,0.74,1,1,32,-20.83,3.31,1,1,32,-22.47,5.97,1,1,32,-20.8,12.78,1,1,32,-15.46,16.06,1,1,32,-0.13,19.04,1,2,33,-36.84,23.85,0.01808,32,16.83,22.34,0.98192,2,33,-24.81,25.54,0.11562,32,28.75,24.66,0.88438,2,33,-13.67,26.72,0.35304,32,39.82,26.42,0.64696,2,33,2.58,28.44,0.83475,32,55.95,28.99,0.16525,2,33,23.49,32.15,0.99992,32,76.64,33.77,0.00008,1,33,39.87,36.14,1,1,33,43.75,35.04,1,1,33,36.08,20.21,1,1,33,44.9,7.51,1,1,33,57.34,3.76,1,1,33,56.61,1.88,1,1,33,46.39,-4.98,1,1,33,44.61,-10.18,1,1,33,49.24,-15.08,1,1,33,56.72,-19.04,1,1,33,55.95,-21.38,1,1,33,48.39,-22.74,1,2,33,32.14,-22.53,0.99581,32,88.12,-20.38,0.00419,2,33,10.18,-19.75,0.75163,32,66.05,-18.75,0.24837,2,33,-0.5,-17.57,0.32362,32,55.27,-17.13,0.67638,2,33,-13.29,-13.75,0.0018,32,42.3,-13.97,0.9982,1,32,36.93,-15.79,1,1,32,14.02,-12.08,1],"edges":[0,58,0,2,2,4,4,6,6,8,8,10,20,22,22,24,24,26,26,28,28,30,30,32,32,34,34,36,36,38,38,40,40,42,42,44,44,46,46,48,48,50,50,52,52,54,54,56,56,58,14,16,16,18,18,20,10,12,12,14]}},"zuokutou":{"zuokutou":{"type":"mesh","hull":14,"width":47,"height":40,"uvs":[0.09046,0.14845,0,0.6543,0,0.87325,0.06476,0.911,0.41495,1,0.74907,0.90722,1,0.81662,1,0.69205,0.95148,0.42025,0.94184,0.1862,0.89686,0.09182,0.7298,0,0.3282,0,0.16114,0.0654],"triangles":[5,8,7,3,2,1,12,11,8,9,11,10,8,11,9,6,5,7,1,4,3,5,12,8,0,13,12,0,12,1,5,4,12,12,4,1],"vertices":[-17.23,-1.1,-21.48,-21.33,-21.48,-30.09,-18.44,-31.6,-1.98,-35.16,13.72,-31.45,25.52,-27.83,25.52,-22.84,23.24,-11.97,22.78,-2.61,20.67,1.16,12.82,4.84,-6.06,4.84,-13.91,2.22],"edges":[0,2,2,4,4,6,6,8,8,10,10,12,12,14,14,16,16,18,18,20,20,22,22,24,24,26,0,26]}},"zuoqiqiu":{"zuoqiqiu":{"x":3.63,"y":1.36,"rotation":-121.32,"width":58,"height":55}},"zuoshou":{"zuoshou":{"x":15.81,"y":-3.1,"rotation":79.7,"width":43,"height":44},"zuoshou2":{"x":18.37,"y":-4.04,"rotation":106.39,"width":45,"height":48}},"zuoxiaobi":{"zuoxiaobi":{"x":14.95,"y":1.68,"rotation":98.34,"width":21,"height":47}},"zuoxiaotui":{"zuoxiaotui":{"x":23.69,"y":-0.2,"rotation":58.56,"width":39,"height":54}},"zuoyan":{"zuoyan":{"x":0.16,"y":-1.16,"rotation":-120.35,"width":36,"height":35}},"zuoyanzhu":{"zuoyanzhu":{"x":-0.09,"y":0.3,"rotation":-120.35,"width":8,"height":8}}}},{"name":"biaoqing2","attachments":{"chidongxiguan":{"chidongxiguan":{"x":34.02,"y":-15,"rotation":-55.01,"width":85,"height":94}},"guanzi":{"guanzi":{"x":57.68,"y":-29.91,"rotation":-120.35,"width":47,"height":66}},"kua":{"kua":{"x":-1.99,"y":-1.76,"width":68,"height":58}},"shenti":{"shenti":{"type":"mesh","hull":26,"width":83,"height":86,"uvs":[0.6271,1,0.83465,0.9716,0.96532,0.90483,1,0.81952,1,0.73726,0.92243,0.64145,0.90506,0.59114,0.87775,0.52407,0.84301,0.29652,0.77848,0.13124,0.68913,0.04261,0.55014,0.02345,0.46576,0,0.28209,0,0.14559,0.0498,0,0.17196,0,0.2534,0,0.36838,0.04135,0.46898,0.09098,0.56959,0.14559,0.65103,0.18282,0.70133,0.22253,0.766,0.2672,0.85224,0.27465,0.93847,0.3491,0.9744],"triangles":[16,15,14,18,17,16,14,18,16,13,19,18,14,13,18,12,20,19,19,13,12,11,22,12,11,9,22,10,9,11,8,22,9,12,21,20,12,22,21,7,23,22,24,23,25,8,7,22,6,23,7,5,23,6,5,1,23,23,0,25,1,0,23,5,4,3,3,1,5,1,3,2],"vertices":[2,2,-9.94,-4.76,0.08234,9,-2.66,10.23,0.91766,2,2,7.29,-2.32,0.9979,9,-8.6,-6.13,0.0021,2,2,18.13,3.42,0.82767,9,-8.62,-18.4,0.17233,3,2,21.01,10.76,0.69279,9,-3.5,-24.39,0.30683,10,-45.81,-21.69,0.00038,3,2,21.01,17.83,0.56535,9,2.74,-27.71,0.42998,10,-39.76,-25.37,0.00467,3,2,14.57,26.07,0.29875,9,13.04,-25.9,0.65602,10,-29.38,-24.15,0.04524,3,2,13.13,30.4,0.18932,9,17.54,-26.66,0.71605,10,-24.93,-25.17,0.09462,3,2,10.87,36.17,0.09372,9,23.7,-27.37,0.70359,10,-18.83,-26.23,0.20269,3,2,7.98,55.74,0.0045,9,42.33,-34.02,0.31388,10,-0.61,-33.94,0.68162,2,9,57.39,-35.97,0.10227,10,14.32,-36.75,0.89773,2,9,67.6,-33.01,0.03969,10,24.69,-34.38,0.96031,2,9,74.48,-23.6,0.00676,10,32.09,-25.38,0.99324,2,9,79.55,-18.37,0.00022,10,37.45,-20.44,0.99978,1,10,45.38,-7.42,1,2,9,88.26,7.1,0.00023,10,47.61,4.49,0.99977,2,9,84.66,22.71,0.02282,10,44.91,20.27,0.97718,2,9,78.48,26,0.05164,10,38.93,23.91,0.94836,2,9,69.75,30.65,0.13777,10,30.48,29.05,0.86223,2,9,60.5,31.68,0.27605,10,21.3,30.61,0.72395,2,9,50.93,32.11,0.49344,10,11.77,31.59,0.50656,2,9,42.61,31.4,0.70392,10,3.43,31.36,0.29608,2,9,37.34,30.71,0.82876,10,-1.87,30.97,0.17124,2,9,30.89,30.41,0.93665,10,-8.33,31.04,0.06335,2,9,22.6,30.62,0.99282,10,-16.6,31.73,0.00718,2,9,15.76,33.56,0.99998,10,-23.25,35.06,0.00002,1,9,10.13,29.56,1],"edges":[0,2,2,4,4,6,6,8,8,10,10,12,12,14,14,16,16,18,18,20,20,22,22,24,24,26,26,28,28,30,30,32,32,34,34,36,36,38,38,40,40,42,42,44,44,46,46,48,48,50,0,50]}},"shetou":{"shetou":{"x":13.06,"y":1.21,"rotation":90,"width":22,"height":38}},"tou1":{"tou1":{"name":"tou2","x":40.08,"y":0.51,"rotation":-120.35,"width":96,"height":88}},"xiaba":{"xiaba":{"x":-9,"y":3.22,"rotation":-120.35,"width":62,"height":41}},"xiyang":{"xiyang":{"x":1.03,"y":-8.91,"rotation":-120.35,"width":82,"height":51}},"yanchi":{"yanchi":{"x":-2.01,"y":-10.39,"rotation":-120.35,"width":35,"height":14}},"yanzhao":{"yanzhao":{"x":16.17,"y":40.96,"rotation":-120.35,"width":102,"height":59}},"youdabi":{"youdabi":{"x":15.4,"y":1.03,"rotation":77.72,"width":21,"height":46}},"youdatui":{"youdatui":{"x":16.81,"y":-0.21,"rotation":88.34,"width":15,"height":41}},"youjiao":{"youjiao":{"x":22.31,"y":-1.59,"width":58,"height":28}},"youkutou":{"youkutou":{"type":"mesh","hull":13,"width":43,"height":46,"uvs":[0.00124,0.90322,0.38345,1,0.63289,1,1,0.86185,1,0.77159,0.90245,0.47824,0.83406,0.2225,0.66106,0.0495,0.52427,0,0.31103,0,0.17022,0.09087,0.05355,0.45567,0,0.77911],"triangles":[2,1,5,1,0,12,6,5,10,8,6,9,7,6,8,6,10,9,5,4,2,5,11,10,1,11,5,1,12,11,3,2,4],"vertices":[-21.59,-30.03,-5.16,-34.48,5.57,-34.48,21.36,-28.13,21.36,-23.98,17.16,-10.48,14.22,1.28,6.78,9.24,0.9,11.52,-8.27,11.52,-14.32,7.34,-19.34,-9.44,-21.64,-24.32],"edges":[0,2,2,4,4,6,6,8,8,10,10,12,12,14,14,16,16,18,18,20,20,22,22,24,0,24]}},"youqiqiu":{"youqiqiu":{"x":10.71,"y":5.27,"rotation":-121.32,"width":54,"height":58}},"youshou":{"youshou":{"x":12.98,"y":2.3,"rotation":91.07,"width":39,"height":47}},"youxiaobi":{"youxiaobi":{"x":21.55,"y":1.17,"rotation":95.48,"width":20,"height":58}},"youxiaotui":{"youxiaotui":{"x":17.91,"y":1.09,"rotation":115.46,"width":32,"height":46}},"zuodabi":{"zuodabi":{"x":18.66,"y":0.31,"rotation":87.34,"width":17,"height":48}},"zuodatui":{"zuodatui":{"x":16.13,"y":1.5,"rotation":97.85,"width":19,"height":48}},"zuojiao":{"zuojiao":{"type":"mesh","hull":30,"width":138,"height":70,"uvs":[0.82807,0.00564,0.95027,0.0862,0.97692,0.11107,0.993,0.14253,0.99299,0.2427,0.96097,0.30631,0.8582,0.39962,0.7445,0.50287,0.66454,0.57548,0.58968,0.63735,0.48047,0.7276,0.34308,0.86412,0.23768,0.98601,0.20851,0.98687,0.23079,0.75239,0.14319,0.61491,0.04899,0.61466,0.05015,0.58593,0.10679,0.45004,0.10837,0.37156,0.06599,0.32352,0.00583,0.30009,0.00631,0.26497,0.05595,0.21534,0.16921,0.15141,0.32739,0.09928,0.40604,0.08531,0.50279,0.08512,0.53748,0.04181,0.7051,0.01557],"triangles":[4,2,3,4,5,1,4,1,2,6,0,1,6,1,5,6,7,29,6,29,0,8,28,29,8,29,7,27,28,8,9,27,8,10,26,27,10,27,9,19,20,23,22,23,20,21,22,20,24,19,23,25,15,19,18,19,15,17,18,15,16,17,15,24,25,19,14,15,25,25,26,10,14,25,10,11,14,10,12,14,11,13,14,12],"vertices":[1,32,-2.63,-8.74,1,1,32,-17.68,0.74,1,1,32,-20.83,3.31,1,1,32,-22.47,5.97,1,1,32,-20.8,12.78,1,1,32,-15.46,16.06,1,1,32,-0.13,19.04,1,2,33,-36.84,23.85,0.01808,32,16.83,22.34,0.98192,2,33,-24.81,25.54,0.11562,32,28.75,24.66,0.88438,2,33,-13.67,26.72,0.35304,32,39.82,26.42,0.64696,2,33,2.58,28.44,0.83475,32,55.95,28.99,0.16525,2,33,23.49,32.15,0.99992,32,76.64,33.77,0.00008,1,33,39.87,36.14,1,1,33,43.75,35.04,1,1,33,36.08,20.21,1,1,33,44.9,7.51,1,1,33,57.34,3.76,1,1,33,56.61,1.88,1,1,33,46.39,-4.98,1,1,33,44.61,-10.18,1,1,33,49.24,-15.08,1,1,33,56.72,-19.04,1,1,33,55.95,-21.38,1,1,33,48.39,-22.74,1,2,33,32.14,-22.53,0.99581,32,88.12,-20.38,0.00419,2,33,10.18,-19.75,0.75163,32,66.05,-18.75,0.24837,2,33,-0.5,-17.57,0.32362,32,55.27,-17.13,0.67638,2,33,-13.29,-13.75,0.0018,32,42.3,-13.97,0.9982,1,32,36.93,-15.79,1,1,32,14.02,-12.08,1],"edges":[0,58,0,2,2,4,4,6,6,8,8,10,20,22,22,24,24,26,26,28,28,30,30,32,32,34,34,36,36,38,38,40,40,42,42,44,44,46,46,48,48,50,50,52,52,54,54,56,56,58,14,16,16,18,18,20,10,12,12,14]}},"zuokutou":{"zuokutou":{"type":"mesh","hull":14,"width":47,"height":40,"uvs":[0.09046,0.14845,0,0.6543,0,0.87325,0.06476,0.911,0.41495,1,0.74907,0.90722,1,0.81662,1,0.69205,0.95148,0.42025,0.94184,0.1862,0.89686,0.09182,0.7298,0,0.3282,0,0.16114,0.0654],"triangles":[5,8,7,3,2,1,12,11,8,9,11,10,8,11,9,6,5,7,1,4,3,5,12,8,0,13,12,0,12,1,5,4,12,12,4,1],"vertices":[-17.23,-1.1,-21.48,-21.33,-21.48,-30.09,-18.44,-31.6,-1.98,-35.16,13.72,-31.45,25.52,-27.83,25.52,-22.84,23.24,-11.97,22.78,-2.61,20.67,1.16,12.82,4.84,-6.06,4.84,-13.91,2.22],"edges":[0,2,2,4,4,6,6,8,8,10,10,12,12,14,14,16,16,18,18,20,20,22,22,24,24,26,0,26]}},"zuoqiqiu":{"zuoqiqiu":{"x":3.63,"y":1.36,"rotation":-121.32,"width":58,"height":55}},"zuoshou":{"zuoshou":{"x":15.81,"y":-3.1,"rotation":79.7,"width":43,"height":44},"zuoshou2":{"x":18.37,"y":-4.04,"rotation":106.39,"width":45,"height":48}},"zuoxiaobi":{"zuoxiaobi":{"x":14.95,"y":1.68,"rotation":98.34,"width":21,"height":47}},"zuoxiaotui":{"zuoxiaotui":{"x":23.69,"y":-0.2,"rotation":58.56,"width":39,"height":54}}}}],"events":{"shuihua":{}},"animations":{"attack":{"slots":{"chidongxiguan":{"attachment":[{"name":"chidongxiguan"}]},"guanzi":{"attachment":[{"name":null}]},"wave1":{"color":[{"color":"ffffffff"}],"attachment":[{"name":"wave2"},{"time":0.1333,"name":"wave3"},{"time":0.2667,"name":"wave2"},{"time":0.4,"name":"wave3"},{"time":0.5333,"name":"wave2"},{"time":0.6667,"name":"wave3"},{"time":0.8,"name":"wave2"},{"time":0.9333,"name":"wave3"},{"time":1.0667,"name":"wave2"},{"time":1.2,"name":"wave3"},{"time":1.3333,"name":"wave2"}]},"xiyang":{"attachment":[{"name":null}]},"zuoshou":{"attachment":[{"time":0.3,"name":"zuoshou2"},{"time":0.4333,"name":"zuoshou"}]}},"bones":{"zuojiao":{"rotate":[{"angle":0.24}],"translate":[{"y":-123.95}]},"zuojiao3":{"rotate":[{"angle":0.24}]},"youjiao":{"rotate":[{"angle":0.24}],"translate":[{"y":-123.95}]},"zuoxiaotui":{"rotate":[{"angle":-17.79}]},"zuodatui":{"rotate":[{"angle":17.65}]},"zuokutou":{"rotate":[{"angle":0.24}]},"youxiaotui":{"rotate":[{"angle":2.14}]},"youdatui":{"rotate":[{"angle":-5.19}]},"youkutou":{"rotate":[{"angle":0.24}]},"zuoshou":{"rotate":[{"angle":0.24},{"time":0.3,"angle":-4.3},{"time":0.4333,"angle":29.84},{"time":1.3333,"angle":0.24}]},"zuoxiaobi":{"rotate":[{"angle":-0.89},{"time":0.3,"angle":-79.95},{"time":0.4333,"angle":-89.56},{"time":0.5667,"angle":-71.68},{"time":1.3333,"angle":-0.89}]},"zuodabi":{"rotate":[{"angle":0.81,"curve":0.256,"c3":0.619,"c4":0.46},{"time":0.3,"angle":-60.41},{"time":0.4333,"angle":-40.41},{"time":0.8333,"angle":-6.79},{"time":1.3333,"angle":0.81}]},"zuoqiqiu":{"rotate":[{"angle":0.24},{"time":0.3667,"angle":-30.79},{"time":0.8333,"angle":0.24}]},"youshou":{"rotate":[{"angle":0.24}]},"youxiaobi":{"rotate":[{"angle":2.02,"curve":"stepped"},{"time":0.5667,"angle":2.02},{"time":0.8333,"angle":-76.63},{"time":1,"angle":-67.09},{"time":1.3333,"angle":2.02}]},"youdabi":{"rotate":[{"angle":-2.1,"curve":"stepped"},{"time":0.5667,"angle":-2.1},{"time":0.8333,"angle":-61.3},{"time":1,"angle":-64.4},{"time":1.3333,"angle":-2.1}]},"youqiqiu":{"rotate":[{"angle":0.24}]},"zuoyanzhu":{"rotate":[{"angle":0.24}]},"zuoyan":{"rotate":[{"angle":0.24}]},"youyanzhu":{"rotate":[{"angle":0.24}]},"youyan":{"rotate":[{"angle":0.24}]},"yanzhao":{"rotate":[{"angle":0.24}]},"xiyang":{"rotate":[{"angle":0.24}]},"yanchi":{"rotate":[{"angle":0.24}]},"shetou4":{"rotate":[{"angle":0.24}]},"shetou3":{"rotate":[{"angle":0.24}]},"shetou":{"rotate":[{"angle":0.24}]},"xiaba":{"rotate":[{"angle":0.24},{"time":0.3,"angle":5.04},{"time":1.3333,"angle":0.24}],"translate":[{},{"time":0.3,"x":-5.45,"y":2.65},{"time":0.4333,"curve":"stepped"},{"time":0.5667},{"time":0.8333,"x":-9.05,"y":4.19},{"time":1}]},"chidongxiguan":{"rotate":[{"angle":0.24}]},"tou2":{"rotate":[{"angle":0.24},{"time":0.3,"angle":-6.28},{"time":0.3667,"angle":9.72},{"time":0.5667,"angle":10.72},{"time":0.9,"angle":-6.28},{"time":0.9667,"angle":9.72},{"time":1.1333,"angle":10.72},{"time":1.3333,"angle":0.24}]},"shenti2":{"rotate":[{"angle":-1.55,"curve":0.331,"c2":0.33,"c3":0.665,"c4":0.66},{"time":0.0333,"angle":-2.72,"curve":0.313,"c3":0.647,"c4":0.35},{"time":0.3333,"angle":-11.34,"curve":0.323,"c2":0.26,"c3":0.657,"c4":0.6},{"time":0.4667,"angle":6.03,"curve":0.298,"c2":0.2,"c3":0.64,"c4":0.56},{"time":0.9,"angle":-11.34,"curve":0.323,"c2":0.26,"c3":0.657,"c4":0.6},{"time":1.0333,"angle":6.03,"curve":0.301,"c2":0.2,"c3":0.641,"c4":0.56},{"time":1.3333,"angle":-1.55}]},"shenti":{"rotate":[{"angle":-11.58},{"time":0.3,"angle":-20.21},{"time":0.4333,"angle":-2.7},{"time":0.8333,"angle":-20.21},{"time":1,"angle":-2.7},{"time":1.3333,"angle":-11.58}]},"kua":{"rotate":[{"angle":0.24}],"translate":[{"y":-124.46}]},"wave1":{"translate":[{"x":-16.14,"y":90.43}]},"zong":{"translate":[{"y":-6.9}]}},"deform":{"default":{"rootcaijain":{"rootcaijain":[{"offset":1,"vertices":[89.20403,-21.645,99.49393,-26.19197,92.82988,-0.24499,87.09988,9.24701,89.1969,8.33198,100.64592,0,89.20403]}]}}}},"die":{"slots":{"chidongxiguan":{"attachment":[{"name":"chidongxiguan"}]},"guanzi":{"attachment":[{"name":null}]},"wave1":{"color":[{"color":"ffffffff","curve":"stepped"},{"time":1.3333,"color":"ffffffff"},{"time":1.4667,"color":"ffffff00"}],"attachment":[{"name":"wave2"},{"time":0.1333,"name":"wave3"},{"time":0.2667,"name":"wave2"},{"time":0.4,"name":"wave3"},{"time":0.5333,"name":"wave2"},{"time":0.6667,"name":"wave3"},{"time":0.8,"name":"wave2"},{"time":0.9333,"name":"wave3"},{"time":1.0667,"name":"wave2"},{"time":1.2,"name":"wave3"},{"time":1.3333,"name":"wave2"},{"time":1.4667,"name":"wave3"}]},"xiyang":{"attachment":[{"name":null}]}},"bones":{"zuojiao":{"rotate":[{"angle":0.24}],"translate":[{"y":-123.95}]},"zuojiao3":{"rotate":[{"angle":0.24}]},"youjiao":{"rotate":[{"angle":0.24}],"translate":[{"y":-123.95}]},"zuoxiaotui":{"rotate":[{"angle":-17.79}]},"zuodatui":{"rotate":[{"angle":17.65}]},"zuokutou":{"rotate":[{"angle":0.24}]},"youxiaotui":{"rotate":[{"angle":2.14}]},"youdatui":{"rotate":[{"angle":-5.19}]},"youkutou":{"rotate":[{"angle":0.24}]},"zuoshou":{"rotate":[{"angle":0.24}]},"zuoxiaobi":{"rotate":[{"angle":-0.89}]},"zuodabi":{"rotate":[{"angle":0.81}]},"zuoqiqiu":{"rotate":[{"angle":0.24}]},"youshou":{"rotate":[{"angle":0.24}]},"youxiaobi":{"rotate":[{"angle":2.02}]},"youdabi":{"rotate":[{"angle":-2.1}]},"youqiqiu":{"rotate":[{"angle":0.24}]},"zuoyanzhu":{"rotate":[{"angle":0.24}]},"zuoyan":{"rotate":[{"angle":0.24}]},"youyanzhu":{"rotate":[{"angle":0.24}]},"youyan":{"rotate":[{"angle":0.24}]},"yanzhao":{"rotate":[{"angle":0.24}]},"xiyang":{"rotate":[{"angle":0.24}]},"yanchi":{"rotate":[{"angle":0.24}]},"shetou4":{"rotate":[{"angle":0.24}]},"shetou3":{"rotate":[{"angle":0.24}]},"shetou":{"rotate":[{"angle":0.24}]},"xiaba":{"rotate":[{"angle":0.24}]},"chidongxiguan":{"rotate":[{"angle":0.24}]},"tou2":{"rotate":[{"angle":0.24}]},"shenti2":{"rotate":[{"angle":-1.55,"curve":0.331,"c2":0.33,"c3":0.665,"c4":0.66},{"time":0.3333,"angle":-19.9},{"time":0.5333,"angle":-2.51},{"time":1,"angle":-16.62},{"time":1.2,"angle":0.86}]},"shenti":{"rotate":[{"angle":-11.58},{"time":0.3333,"angle":-29.94},{"time":0.5333,"angle":-12.54},{"time":1,"angle":-26.65}]},"kua":{"rotate":[{"angle":0.24}],"translate":[{"y":-124.46}]},"wave1":{"translate":[{"x":-16.14,"y":90.43}],"scale":[{"time":1.3333},{"time":1.4667,"x":0.2,"y":0.25}]},"zong":{"translate":[{"y":-6.9,"curve":0.25,"c3":0.75},{"time":0.3333,"y":4,"curve":0.25,"c3":0.75},{"time":0.5333,"y":-37.71,"curve":0.25,"c3":0.75},{"time":0.7333,"y":-29.48,"curve":0.25,"c3":0.75},{"time":0.9333,"y":-75.35,"curve":0.25,"c3":0.75},{"time":1.2,"y":-54.33,"curve":0.25,"c3":0.75},{"time":1.5,"y":-175.4}]}},"deform":{"default":{"rootcaijain":{"rootcaijain":[{"offset":1,"vertices":[89.20403,-21.645,99.49393,-26.19197,92.82988,-0.24499,87.09988,9.24701,89.1969,8.33198,100.64592,0,89.20403]}]}}}},"down":{"slots":{"chidongxiguan":{"attachment":[{"name":"chidongxiguan"},{"time":0.3,"name":null}]},"guanzi":{"attachment":[{"name":null},{"time":0.3,"name":"guanzi"}]},"wave1":{"color":[{"color":"ffffffff"}],"attachment":[{"name":"wave2"},{"time":0.1333,"name":"wave3"},{"time":0.2667,"name":"wave2"},{"time":0.4,"name":"wave3"},{"time":0.5333,"name":"wave2"},{"time":0.6667,"name":"wave3"},{"time":0.8,"name":"wave2"}]},"xiyang":{"attachment":[{"name":null},{"time":0.3,"name":"xiyang"}]}},"bones":{"zong":{"translate":[{"y":-6.9},{"time":0.3,"y":2.15},{"time":0.8,"y":-201.39}]},"shenti":{"rotate":[{"angle":-11.58,"curve":"stepped"},{"time":0.3,"angle":-11.58},{"time":0.8,"angle":-27.78}]},"wave1":{"translate":[{"x":-16.14,"y":90.43}]},"zuoxiaobi":{"rotate":[{"angle":-0.89,"curve":"stepped"},{"time":0.3,"angle":-0.89},{"time":0.8}]},"zuodabi":{"rotate":[{"angle":0.81,"curve":"stepped"},{"time":0.3,"angle":0.81,"curve":0.256,"c3":0.619,"c4":0.46},{"time":0.8}]},"kua":{"rotate":[{"angle":0.24,"curve":"stepped"},{"time":0.3,"angle":0.24},{"time":0.8}],"translate":[{"x":1.08,"y":-124.46,"curve":"stepped"},{"time":0.3,"x":1.08,"y":-124.46},{"time":0.8}]},"chidongxiguan":{"rotate":[{"angle":0.24,"curve":"stepped"},{"time":0.3,"angle":0.24},{"time":0.8}]},"xiyang":{"rotate":[{"angle":0.24,"curve":"stepped"},{"time":0.3,"angle":0.24},{"time":0.8}]},"youjiao":{"rotate":[{"angle":0.24,"curve":"stepped"},{"time":0.3,"angle":0.24},{"time":0.8}],"translate":[{"x":1.08,"y":-123.95,"curve":"stepped"},{"time":0.3,"x":1.08,"y":-123.95},{"time":0.8}]},"zuoqiqiu":{"rotate":[{"angle":0.24,"curve":"stepped"},{"time":0.3,"angle":0.24},{"time":0.8}]},"shetou4":{"rotate":[{"angle":0.24,"curve":"stepped"},{"time":0.3,"angle":0.24},{"time":0.8}]},"yanzhao":{"rotate":[{"angle":0.24,"curve":"stepped"},{"time":0.3,"angle":0.24},{"time":0.8}]},"zuodatui":{"rotate":[{"angle":17.65}]},"youxiaobi":{"rotate":[{"angle":2.02,"curve":"stepped"},{"time":0.3,"angle":2.02},{"time":0.8}]},"youyanzhu":{"rotate":[{"angle":0.24,"curve":"stepped"},{"time":0.3,"angle":0.24},{"time":0.8}]},"zuojiao":{"rotate":[{"angle":0.24,"curve":"stepped"},{"time":0.3,"angle":0.24},{"time":0.8}],"translate":[{"x":1.08,"y":-123.95,"curve":"stepped"},{"time":0.3,"x":1.08,"y":-123.95},{"time":0.8}]},"youdabi":{"rotate":[{"angle":-2.1,"curve":"stepped"},{"time":0.3,"angle":-2.1,"curve":0.25,"c3":0.75},{"time":0.8}]},"youyan":{"rotate":[{"angle":0.24,"curve":"stepped"},{"time":0.3,"angle":0.24},{"time":0.8}]},"shetou":{"rotate":[{"angle":0.24,"curve":"stepped"},{"time":0.3,"angle":0.24},{"time":0.8}]},"youdatui":{"rotate":[{"angle":-5.19}]},"youkutou":{"rotate":[{"angle":0.24,"curve":"stepped"},{"time":0.3,"angle":0.24},{"time":0.8}]},"shetou3":{"rotate":[{"angle":0.24,"curve":"stepped"},{"time":0.3,"angle":0.24},{"time":0.8}]},"xiaba":{"rotate":[{"angle":0.24,"curve":"stepped"},{"time":0.3,"angle":0.24},{"time":0.8}]},"zuoshou":{"rotate":[{"angle":0.24,"curve":"stepped"},{"time":0.3,"angle":0.24},{"time":0.8}]},"youxiaotui":{"rotate":[{"angle":2.14}]},"zuoxiaotui":{"rotate":[{"angle":-17.79}]},"tou2":{"rotate":[{"angle":0.24,"curve":"stepped"},{"time":0.3,"angle":0.24},{"time":0.8}]},"zuoyan":{"rotate":[{"angle":0.24,"curve":"stepped"},{"time":0.3,"angle":0.24},{"time":0.8}]},"zuokutou":{"rotate":[{"angle":0.24,"curve":"stepped"},{"time":0.3,"angle":0.24},{"time":0.8}]},"shenti2":{"rotate":[{"angle":-1.55,"curve":"stepped"},{"time":0.3,"angle":-1.55,"curve":0.331,"c2":0.33,"c3":0.665,"c4":0.66},{"time":0.8}]},"youqiqiu":{"rotate":[{"angle":0.24,"curve":"stepped"},{"time":0.3,"angle":0.24},{"time":0.8}]},"youshou":{"rotate":[{"angle":0.24,"curve":"stepped"},{"time":0.3,"angle":0.24},{"time":0.8}]},"zuojiao3":{"rotate":[{"angle":0.24,"curve":"stepped"},{"time":0.3,"angle":0.24},{"time":0.8}]},"yanchi":{"rotate":[{"angle":0.24,"curve":"stepped"},{"time":0.3,"angle":0.24},{"time":0.8}]},"zuoyanzhu":{"rotate":[{"angle":0.24,"curve":"stepped"},{"time":0.3,"angle":0.24},{"time":0.8}]}},"deform":{"default":{"rootcaijain":{"rootcaijain":[{"offset":1,"curve":"stepped","vertices":[89.20403,-21.645,99.49393,-26.19197,92.82988,-0.24499,87.09988,9.24701,89.1969,8.33198,100.64592,0,89.20403]},{"time":0.3,"offset":1,"vertices":[89.20403,-21.645,99.49393,-26.19197,92.82988,-0.24499,87.09988,9.24701,89.1969,8.33198,100.64592,0,89.20403]},{"time":0.8,"offset":1,"vertices":[89.20403,0,88.8149,-0.97999,87.09988,-0.24499,87.09988,1.225,88.8149,-0.24499,93.95991,0,89.20403]}]}}}},"idle":{"bones":{"zuojiao":{"rotate":[{"angle":0.24}]},"zuojiao3":{"rotate":[{"angle":0.24}]},"youjiao":{"rotate":[{"angle":0.24}]},"zuoxiaotui":{"rotate":[{"angle":-17.79}]},"zuodatui":{"rotate":[{"angle":17.65}]},"zuokutou":{"rotate":[{"angle":0.24}]},"youxiaotui":{"rotate":[{"angle":2.14}]},"youdatui":{"rotate":[{"angle":-5.19}]},"youkutou":{"rotate":[{"angle":0.24}]},"zuoshou":{"rotate":[{"angle":0.24}]},"zuoxiaobi":{"rotate":[{"angle":-0.89},{"time":0.1333,"angle":-1.51},{"time":0.8,"angle":1.6},{"time":1.3333,"angle":-0.89}]},"zuodabi":{"rotate":[{"angle":0.81,"curve":0.25,"c3":0.75},{"time":0.6667,"angle":-2.36,"curve":0.25,"c3":0.625,"c4":0.5},{"time":1,"angle":-1.2,"curve":0.375,"c2":0.5,"c3":0.75},{"time":1.3333,"angle":0.81}]},"zuoqiqiu":{"rotate":[{"angle":0.24}]},"youshou":{"rotate":[{"angle":0.24}]},"youxiaobi":{"rotate":[{"angle":2.02},{"time":0.1333,"angle":3.32},{"time":0.8,"angle":-3.2},{"time":1.3333,"angle":2.02}]},"youdabi":{"rotate":[{"angle":-2.1,"curve":0.25,"c3":0.75},{"time":0.6667,"angle":-9.12,"curve":0.25,"c3":0.75},{"time":1.3333,"angle":-2.1}]},"youqiqiu":{"rotate":[{"angle":0.24}]},"zuoyanzhu":{"rotate":[{"angle":0.24}]},"zuoyan":{"rotate":[{"angle":0.24}]},"youyanzhu":{"rotate":[{"angle":0.24}]},"youyan":{"rotate":[{"angle":0.24}]},"yanzhao":{"rotate":[{"angle":0.24}]},"xiyang":{"rotate":[{"angle":0.24}]},"yanchi":{"rotate":[{"angle":0.24}]},"shetou4":{"rotate":[{"angle":0.24}]},"shetou3":{"rotate":[{"angle":0.24}]},"shetou":{"rotate":[{"angle":0.24}]},"xiaba":{"rotate":[{"angle":0.24}]},"chidongxiguan":{"rotate":[{"angle":0.24}]},"tou2":{"rotate":[{"angle":0.24},{"time":0.2333,"angle":-3.23},{"time":0.5,"angle":0.24},{"time":0.8333,"angle":4.69},{"time":1.3333,"angle":0.24}]},"shenti2":{"rotate":[{"angle":0.99,"curve":0.25,"c3":0.75},{"time":0.1333,"angle":0.24,"curve":0.25,"c3":0.75},{"time":0.6333,"angle":3.27,"curve":0.25,"c3":0.75},{"time":0.9,"angle":7.25,"curve":0.25,"c3":0.75},{"time":1.3333,"angle":0.99}]},"shenti":{"rotate":[{"angle":0.24},{"time":0.6667,"angle":4.02},{"time":1.3333,"angle":0.24}]},"kua":{"rotate":[{"angle":0.24}],"translate":[{"y":-0.52},{"time":0.1667,"y":0.25},{"time":0.6667,"y":-8.1},{"time":0.8333,"y":-9.63},{"time":1.3333,"y":-0.52}]}}},"jump":{"slots":{"wave1":{"color":[{"time":0.8,"color":"ffffffff"}],"attachment":[{"time":0.8,"name":"wave2"}]}},"bones":{"zuojiao":{"rotate":[{"angle":14.97},{"time":0.1333,"angle":43.55},{"time":0.2667,"angle":-7.46},{"time":0.4667,"angle":-19.35},{"time":0.6333,"angle":-40.91},{"time":0.8,"angle":-35.21}],"translate":[{"y":10.88},{"time":0.2667,"x":-46.04,"y":31.99},{"time":0.3667,"x":-46.04,"y":37.02},{"time":0.4667,"x":-46.04,"y":36.75}]},"zuojiao3":{"rotate":[{"angle":-35.05},{"time":0.1,"angle":-9.19},{"time":0.2667,"angle":11.02},{"time":0.4667,"angle":-25.57},{"time":0.6667,"angle":-32.17},{"time":0.8,"angle":-9.19}]},"youjiao":{"rotate":[{"angle":0.24},{"time":0.1333,"angle":-31.2}],"translate":[{},{"time":0.1,"x":40.26},{"time":0.1333,"x":53.31,"y":12.51},{"time":0.2667,"x":-24.99,"y":33.46},{"time":0.4667,"x":-24.99,"y":55.68},{"time":0.6333,"x":-1.01,"y":48.74}]},"zuoxiaotui":{"rotate":[{"angle":63.8},{"time":0.4667,"angle":66.16,"curve":"stepped"},{"time":0.6333,"angle":66.16},{"time":0.8,"angle":-37.65}]},"zuodatui":{"rotate":[{"angle":-14.56},{"time":0.4667,"angle":-9.84,"curve":"stepped"},{"time":0.6333,"angle":-9.84},{"time":0.8,"angle":2.83}]},"zuokutou":{"rotate":[{"angle":0.24,"curve":"stepped"},{"time":0.1333,"angle":0.24},{"time":0.2667,"angle":-49.99},{"time":0.3667,"angle":-68.6,"curve":"stepped"},{"time":0.4667,"angle":-68.6},{"time":0.6333,"angle":-13.65}]},"youxiaotui":{"rotate":[{"angle":-76.19},{"time":0.4667,"angle":-68.43,"curve":"stepped"},{"time":0.6333,"angle":-68.43},{"time":0.8,"angle":-20.62}],"translate":[{},{"time":0.2667,"x":2.74,"y":4.91}]},"youdatui":{"rotate":[{"angle":33.12},{"time":0.4667,"angle":69.74,"curve":"stepped"},{"time":0.6333,"angle":69.74},{"time":0.8,"angle":38.61}]},"youkutou":{"rotate":[{"angle":0.24,"curve":"stepped"},{"time":0.1333,"angle":0.24},{"time":0.2667,"angle":-63.4},{"time":0.3667,"angle":-80.46,"curve":"stepped"},{"time":0.4667,"angle":-80.46},{"time":0.6333,"angle":-40.44}]},"zuoshou":{"rotate":[{"angle":34.09}]},"zuoxiaobi":{"rotate":[{"angle":-80.56},{"time":0.1,"angle":-41.87},{"time":0.1333,"angle":3.72},{"time":0.2667,"angle":-89.67},{"time":0.3667,"angle":-103.39},{"time":0.4667,"angle":-118.66},{"time":0.6333,"angle":-72.33}]},"zuodabi":{"rotate":[{"angle":101.6,"curve":0.243,"c3":0.649,"c4":0.6},{"time":0.1,"angle":51.64,"curve":0.382,"c2":0.57,"c3":0.735},{"time":0.1333,"angle":22.68},{"time":0.2667,"angle":72.26},{"time":0.3667,"angle":81.18},{"time":0.4667,"angle":88.52}]},"zuoqiqiu":{"rotate":[{"angle":26.47},{"time":0.1,"angle":20.91},{"time":0.1333,"angle":-5.06,"curve":"stepped"},{"time":0.4667,"angle":-5.06},{"time":0.6333,"angle":65.34}]},"youshou":{"rotate":[{"angle":0.24}]},"youxiaobi":{"rotate":[{"angle":-68.46}]},"youdabi":{"rotate":[{"angle":76.5,"curve":"stepped"},{"time":0.4667,"angle":76.5},{"time":0.6333,"angle":113.87},{"time":0.7333,"angle":132.38},{"time":0.8,"angle":76.5}]},"youqiqiu":{"rotate":[{"angle":21.58},{"time":0.1333,"angle":-9.96}]},"zuoyanzhu":{"rotate":[{"angle":0.24}]},"zuoyan":{"rotate":[{"angle":0.24}]},"youyanzhu":{"rotate":[{"angle":0.24}]},"youyan":{"rotate":[{"angle":0.24}]},"yanzhao":{"rotate":[{"angle":0.24}]},"xiyang":{"rotate":[{"angle":0.24}]},"yanchi":{"rotate":[{"angle":0.24}]},"shetou4":{"rotate":[{"angle":0.24}]},"shetou3":{"rotate":[{"angle":0.24}]},"shetou":{"rotate":[{"angle":0.24}]},"xiaba":{"rotate":[{"angle":0.24}]},"chidongxiguan":{"rotate":[{"angle":0.24}]},"tou2":{"rotate":[{"angle":-15.66},{"time":0.1333,"angle":-40.71},{"time":0.2667,"angle":-11.57},{"time":0.4667,"angle":7.72},{"time":0.6333,"angle":-11.57},{"time":0.8,"angle":6.39}]},"shenti2":{"rotate":[{"angle":11.88,"curve":0.25,"c3":0.75},{"time":0.1,"angle":-4.69},{"time":0.2667,"angle":29.58},{"time":0.4667,"angle":33.26},{"time":0.6333,"angle":29.58},{"time":0.7333,"angle":5.73},{"time":0.8,"angle":-5.89}]},"shenti":{"rotate":[{"angle":11.12},{"time":0.1,"angle":-5.44,"curve":"stepped"},{"time":0.2667,"angle":-5.44},{"time":0.3667,"angle":6.76,"curve":"stepped"},{"time":0.4667,"angle":6.76},{"time":0.6333,"angle":-22.96},{"time":0.7333,"angle":-34.14},{"time":0.8,"angle":-37.36}],"translate":[{"time":0.6333},{"time":0.8,"x":0.25}]},"kua":{"rotate":[{"angle":0.24},{"time":0.2667,"angle":9.04}],"translate":[{"x":-3.89,"y":-25.75},{"time":0.1,"x":-3.89,"y":8.52},{"time":0.1333,"x":-3.89,"y":10.7,"curve":"stepped"},{"time":0.4667,"x":-3.89,"y":10.7},{"time":0.6333,"x":-3.89,"y":45.93}]},"zong":{"translate":[{},{"time":0.1,"x":-7.03,"y":34.11},{"time":0.1333,"x":-10.54,"y":52.15},{"time":0.2667,"x":-10.54,"y":82.9},{"time":0.5,"x":-10.54,"y":89.82},{"time":0.6667,"x":-10.54,"y":45.36},{"time":0.8,"y":-250.73}]},"wave1":{"translate":[{"time":0.8,"x":-16.14,"y":90.43}]}},"deform":{"default":{"rootcaijain":{"rootcaijain":[{"offset":12,"curve":"stepped","vertices":[-0.70297,-0.703]},{"time":0.4667,"offset":12,"vertices":[-0.70297,-0.703]},{"time":0.6667,"offset":1,"vertices":[89.20403,0,88.8149,-0.97999,87.09988,-0.24499,87.09988,1.225,88.8149,-0.24499,93.95991,0,89.20403]}]}}},"events":[{"time":0.7,"name":"shuihua"}]},"move":{"bones":{"zuojiao":{"rotate":[{"angle":0.24},{"time":0.2,"angle":-22.01},{"time":0.3,"angle":-33.13},{"time":0.4,"angle":-45.78},{"time":0.6,"angle":-14.4},{"time":1,"angle":41.38},{"time":1.1,"angle":17.59},{"time":1.2,"angle":0.24}],"translate":[{"x":-6.28,"y":12.56},{"time":0.2,"x":-48.29,"y":14.29},{"time":0.3,"x":-81.55,"y":23.25},{"time":0.4,"x":-77.23,"y":15.76},{"time":0.5,"x":-63.77,"y":6.2,"curve":"stepped"},{"time":0.6,"x":-63.77,"y":6.2},{"time":0.8,"x":-4.92,"y":7.9},{"time":0.9,"x":1.38,"y":20.38},{"time":1,"x":18.32,"y":52.68},{"time":1.2,"x":-6.28,"y":12.56}]},"zuojiao3":{"rotate":[{"angle":0.24},{"time":0.1667,"angle":7.15},{"time":0.3,"angle":0.24},{"time":0.4,"angle":-26.22},{"time":0.5,"angle":-21.25},{"time":0.6,"angle":0.24},{"time":0.8,"angle":-23.02},{"time":0.9,"angle":-2.98},{"time":1.2,"angle":0.24}]},"youjiao":{"rotate":[{"angle":0.24},{"time":0.3,"angle":19.95},{"time":0.4333,"angle":28.01},{"time":0.6,"angle":6.92},{"time":0.8,"angle":-13.5},{"time":0.9,"angle":-37.93},{"time":1.0333,"angle":-11.76},{"time":1.2,"angle":0.24}],"translate":[{},{"time":0.2,"x":55.35,"y":4.28},{"time":0.3,"x":80.79,"y":16.42},{"time":0.4333,"x":75.76,"y":9.43},{"time":0.6,"x":36.03,"y":7.85},{"time":0.8,"x":-5.92,"y":16.52},{"time":0.9,"x":-20.47,"y":28.76},{"time":1.0333,"x":-22.19,"y":6.83},{"time":1.2}]},"zuoxiaotui":{"rotate":[{"angle":-14.24}]},"zuodatui":{"rotate":[{"angle":15.16}],"translate":[{"x":-5.42,"y":0.04}]},"zuokutou":{"rotate":[{"angle":0.24},{"time":0.3,"angle":-42.22},{"time":0.6,"angle":-34.85},{"time":0.8,"angle":-9.47},{"time":0.9,"angle":13.98},{"time":1.2,"angle":0.24}],"translate":[{},{"time":0.3,"x":-6.15,"y":0.07},{"time":0.8,"x":-1.27,"y":1.12},{"time":0.9,"x":-0.29,"y":1.33},{"time":1.2}]},"youxiaotui":{"rotate":[{"angle":-1.7}]},"youdatui":{"rotate":[{"angle":-3.87}],"translate":[{"x":5.42,"y":-0.04},{"time":0.9,"x":4.39,"y":4.24},{"time":1.0333,"x":4.23,"y":-11},{"time":1.2,"x":5.42,"y":-0.04}]},"youkutou":{"rotate":[{"angle":0.24},{"time":0.3,"angle":36.16},{"time":1.0333,"angle":-24.96},{"time":1.2,"angle":0.24}],"translate":[{},{"time":0.3,"x":19.42,"y":-4.6},{"time":0.6,"x":-0.1,"y":6.44},{"time":1.2}]},"zuoshou":{"rotate":[{"angle":0.24,"curve":0.25,"c3":0.75},{"time":0.3,"angle":33.51,"curve":0.25,"c3":0.75},{"time":0.6,"angle":-6.32,"curve":0.25,"c3":0.75},{"time":1.2,"angle":0.24}]},"zuoxiaobi":{"rotate":[{"angle":-5.93,"curve":0.25,"c3":0.75},{"time":0.2,"angle":-5.41,"curve":0.25,"c3":0.75},{"time":0.3333,"angle":-11.05,"curve":0.269,"c3":0.618,"c4":0.42},{"time":0.4333,"angle":-3.97,"curve":0.345,"c2":0.37,"c3":0.757},{"time":0.6667,"angle":-34.65,"curve":0.243,"c3":0.674,"c4":0.69},{"time":0.9,"angle":-25.26,"curve":0.377,"c2":0.61,"c3":0.72},{"time":0.9667,"angle":-39.94,"curve":0.25,"c3":0.75},{"time":1.2,"angle":-5.93}]},"zuodabi":{"rotate":[{"angle":-22.12,"curve":0.29,"c3":0.629,"c4":0.37},{"time":0.2,"angle":15.11,"curve":0.321,"c2":0.28,"c3":0.655,"c4":0.62},{"time":0.3333,"angle":63.52,"curve":0.314,"c2":0.27,"c3":0.657,"c4":0.64},{"time":0.8,"angle":-34.94,"curve":0.341,"c2":0.36,"c3":0.675,"c4":0.7},{"time":0.9,"angle":-56.93,"curve":0.379,"c2":0.6,"c3":0.724},{"time":1.2,"angle":-22.12}]},"zuoqiqiu":{"rotate":[{"angle":0.24},{"time":0.3,"angle":59.29},{"time":0.6,"angle":-1.8},{"time":0.9,"angle":-38.82},{"time":1.2,"angle":0.24}]},"youshou":{"rotate":[{"angle":0.24}]},"youxiaobi":{"rotate":[{"angle":-22.22},{"time":0.6,"angle":-16.51},{"time":1.2,"angle":-22.22}]},"youdabi":{"rotate":[{"angle":18.1,"curve":0.276,"c3":0.621,"c4":0.4},{"time":0.3,"angle":-41.59,"curve":0.312,"c2":0.27,"c3":0.672,"c4":0.68},{"time":0.8,"angle":39.24,"curve":0.341,"c2":0.36,"c3":0.675,"c4":0.7},{"time":0.9,"angle":59.99,"curve":0.379,"c2":0.6,"c3":0.724},{"time":1.2,"angle":18.1}]},"youqiqiu":{"rotate":[{"angle":0.24},{"time":0.3,"angle":-31.05},{"time":0.6,"angle":-2.99},{"time":0.9,"angle":16.87},{"time":1.2,"angle":0.24}]},"zuoyanzhu":{"rotate":[{"angle":0.24}]},"zuoyan":{"rotate":[{"angle":0.24}]},"youyanzhu":{"rotate":[{"angle":0.24}]},"youyan":{"rotate":[{"angle":0.24}]},"yanzhao":{"rotate":[{"angle":0.24}]},"xiyang":{"rotate":[{"angle":0.24}]},"yanchi":{"rotate":[{"angle":0.24}]},"shetou4":{"rotate":[{"angle":0.24}]},"shetou3":{"rotate":[{"angle":0.24}]},"shetou":{"rotate":[{"angle":0.24}]},"xiaba":{"rotate":[{"angle":0.24}]},"chidongxiguan":{"rotate":[{"angle":0.24}]},"tou2":{"rotate":[{"angle":0.24}]},"shenti2":{"rotate":[{"angle":-1.79,"curve":0.332,"c2":0.33,"c3":0.666,"c4":0.67},{"time":0.0667,"angle":0.99,"curve":0.25,"c3":0.75},{"time":0.3667,"angle":-10.84,"curve":0.314,"c2":0.27,"c3":0.657,"c4":0.64},{"time":0.6667,"angle":4.58,"curve":0.375,"c2":0.5,"c3":0.75},{"time":0.9667,"angle":-10.84,"curve":0.317,"c2":0.28,"c3":0.656,"c4":0.63},{"time":1.2,"angle":-1.79}]},"shenti":{"rotate":[{"angle":0.24},{"time":0.3,"angle":-11.11},{"time":0.6,"angle":3.83},{"time":0.9,"angle":-11.11},{"time":1.2,"angle":0.24}]},"kua":{"rotate":[{"angle":0.24}],"translate":[{"y":-4.75},{"time":0.3,"y":14.88},{"time":0.6,"y":-4.75},{"time":0.9,"y":14.88},{"time":1.2,"y":-4.75}]},"zong":{"translate":[{"time":0.1667,"curve":0.25,"c3":0.75},{"time":0.3333,"y":29.54,"curve":0.25,"c3":0.75},{"time":0.5,"curve":"stepped"},{"time":0.7667,"curve":0.25,"c3":0.75},{"time":0.9,"y":29.54,"curve":0.25,"c3":0.75},{"time":1.0333}]}},"deform":{"biaoqing1":{"kua":{"kua":[{"offset":18,"vertices":[-0.38993,0.98663]},{"time":0.3,"offset":16,"vertices":[2.84062,-2.26117,-0.38993,0.98663]},{"time":0.6333,"offset":16,"vertices":[0.15058,0.15001,-0.38993,0.98663]},{"time":1.2,"offset":18,"vertices":[-0.38993,0.98663]}]},"youkutou":{"youkutou":[{"offset":20,"vertices":[-1.27993,0.01064]},{"time":0.3,"offset":18,"vertices":[-4.7811,14.65518,-6.98122,24.74058,-7.01555,32.91971,-2.74461,-2.42923]},{"time":0.5,"offset":18,"vertices":[-1.76411,11.90555,-1.15914,18.65014,-0.90654,19.72136,-2.74461,-2.42923]},{"time":0.6333,"offset":18,"vertices":[-1.76411,11.90555,3.51717,9.68478,4.61645,11.10413,-2.74461,-2.42923]},{"time":1.2,"offset":20,"vertices":[-1.27993,0.01064]}]},"zuokutou":{"zuokutou":[{},{"time":0.3,"offset":18,"vertices":[1.42398,13.71093,-0.42826,9.60239,1.46112,16.62976]},{"time":0.6,"offset":16,"vertices":[0.50732,0.12812,2.55802,9.74016,-1.75679,14.19281,-1.06779,20.59338]},{"time":0.9,"offset":16,"vertices":[1.01464,0.25625,2.1924,5.74572,5.1374,9.80029,7.99191,14.35912]},{"time":1.2}]}}}},"move2":{"slots":{"wave1":{"color":[{"color":"ffffffff"}],"attachment":[{"name":"wave2"},{"time":0.1333,"name":"wave3"},{"time":0.2667,"name":"wave2"},{"time":0.4,"name":"wave3"},{"time":0.5333,"name":"wave2"},{"time":0.6667,"name":"wave3"},{"time":0.8,"name":"wave2"}]}},"bones":{"zong":{"translate":[{"y":-201.39},{"time":0.4,"y":-212.58},{"time":0.8,"y":-201.39}]},"shenti":{"rotate":[{"angle":-27.78}],"translate":[{"x":0.25}]},"wave1":{"translate":[{"x":-16.14,"y":90.43}]}},"deform":{"default":{"rootcaijain":{"rootcaijain":[{"offset":1,"vertices":[89.20403,0,88.8149,-0.97999,87.09988,-0.24499,87.09988,1.225,88.8149,-0.24499,93.95991,0,89.20403]}]}}}},"up":{"slots":{"chidongxiguan":{"attachment":[{"time":0.5,"name":"chidongxiguan"}]},"guanzi":{"attachment":[{"time":0.5,"name":null}]},"wave1":{"color":[{"color":"ffffffff"}],"attachment":[{"name":"wave2"},{"time":0.1333,"name":"wave3"},{"time":0.2667,"name":"wave2"},{"time":0.4,"name":"wave3"},{"time":0.5333,"name":"wave2"},{"time":0.6667,"name":"wave3"},{"time":0.8,"name":"wave2"}]},"xiyang":{"attachment":[{"time":0.5,"name":null}]}},"bones":{"zong":{"translate":[{"y":-201.39},{"time":0.5,"y":2.15},{"time":0.8,"y":-6.9}]},"shenti":{"rotate":[{"angle":-27.78},{"time":0.5,"angle":-11.58}]},"wave1":{"translate":[{"x":-16.14,"y":90.43}]},"zuoxiaobi":{"rotate":[{},{"time":0.5,"angle":-0.89}]},"zuodabi":{"rotate":[{},{"time":0.5,"angle":0.81}]},"kua":{"rotate":[{},{"time":0.5,"angle":0.24}],"translate":[{},{"time":0.5,"x":1.08,"y":-124.46}]},"chidongxiguan":{"rotate":[{},{"time":0.5,"angle":0.24}]},"xiyang":{"rotate":[{},{"time":0.5,"angle":0.24}]},"youjiao":{"rotate":[{},{"time":0.5,"angle":0.24}],"translate":[{},{"time":0.5,"x":1.08,"y":-123.95}]},"zuoqiqiu":{"rotate":[{},{"time":0.5,"angle":0.24}]},"shetou4":{"rotate":[{},{"time":0.5,"angle":0.24}]},"yanzhao":{"rotate":[{},{"time":0.5,"angle":0.24}]},"zuodatui":{"rotate":[{"angle":17.65}]},"youxiaobi":{"rotate":[{},{"time":0.5,"angle":2.02}]},"youyanzhu":{"rotate":[{},{"time":0.5,"angle":0.24}]},"zuojiao":{"rotate":[{},{"time":0.5,"angle":0.24}],"translate":[{},{"time":0.5,"x":1.08,"y":-123.95}]},"youdabi":{"rotate":[{},{"time":0.5,"angle":-2.1}]},"youyan":{"rotate":[{},{"time":0.5,"angle":0.24}]},"shetou":{"rotate":[{},{"time":0.5,"angle":0.24}]},"youdatui":{"rotate":[{"angle":-5.19}]},"youkutou":{"rotate":[{},{"time":0.5,"angle":0.24}]},"shetou3":{"rotate":[{},{"time":0.5,"angle":0.24}]},"xiaba":{"rotate":[{},{"time":0.5,"angle":0.24}]},"zuoshou":{"rotate":[{},{"time":0.5,"angle":0.24}]},"youxiaotui":{"rotate":[{"angle":2.14}]},"zuoxiaotui":{"rotate":[{"angle":-17.79}]},"tou2":{"rotate":[{},{"time":0.5,"angle":0.24}]},"zuoyan":{"rotate":[{},{"time":0.5,"angle":0.24}]},"zuokutou":{"rotate":[{},{"time":0.5,"angle":0.24}]},"shenti2":{"rotate":[{},{"time":0.5,"angle":-1.55}]},"youqiqiu":{"rotate":[{},{"time":0.5,"angle":0.24}]},"youshou":{"rotate":[{},{"time":0.5,"angle":0.24}]},"zuojiao3":{"rotate":[{},{"time":0.5,"angle":0.24}]},"yanchi":{"rotate":[{},{"time":0.5,"angle":0.24}]},"zuoyanzhu":{"rotate":[{},{"time":0.5,"angle":0.24}]}},"deform":{"default":{"rootcaijain":{"rootcaijain":[{"offset":1,"vertices":[89.20403,0,88.8149,-0.97999,87.09988,-0.24499,87.09988,1.225,88.8149,-0.24499,93.95991,0,89.20403]},{"time":0.5,"offset":1,"vertices":[89.20403,-21.645,99.49393,-26.19197,92.82988,-0.24499,87.09988,9.24701,89.1969,8.33198,100.64592,0,89.20403]}]}}}}}},[0]]],0,0,[0],[-1],[3]]]]