[1,["e3Na6WdjJK9LpgWa8SaKIQ","aenPBBq2NCYqQmmczfgQ0L","588iM9BuBM6rbK7sCgjqBL"],["root","body","animation","node","data","_N$skeletonData"],[["cc.Node",["_name","_groupIndex","_parent","_components","_prefab","_contentSize"],1,1,2,4,5],["cc.PrefabInfo",["fileId","root","asset"],2,1,1],["cc.Prefab",["_name"],2],["cc.Node",["_name","_children","_components","_prefab"],2,2,9,4],["9caderigZRMC6ujgVCOQMwS",["equipDeathAniName","attackAniName","deathAniName","moveAniName","idleAniName","aniName","node","animation","body","shadowOffset"],-3,1,1,1,5],["sp.Skeleton",["defaultSkin","defaultAnimation","_preCacheMode","_animationName","node","_materials"],-1,1,3],["261d4+Q1HdGA5w3tjdBw83c",["activeFlash","node","spineAnimation"],2,1,1],["cc.BoxCollider",["node","_offset","_size"],3,1,5,5],["b1abdSI13NE76lu3aJ+NI5X",["node","body"],3,1,1],["sp.SkeletonData",["_name","_atlasText","textureNames","_skeletonJson","textures"],-1,3]],[[1,0,1,2,2],[2,0,2],[3,0,1,2,3,2],[0,0,2,3,4,5,2],[0,0,1,2,3,4,3],[4,0,1,2,3,4,5,6,7,8,9,7],[1,1,2,1],[5,0,1,2,3,4,5,5],[6,0,1,2,2],[7,0,1,2,1],[8,0,1,1],[9,0,1,2,3,4,5]],[[[[1,"BalloonZombie"],[2,"BalloonZombie",[-5,-6],[[5,"bao",["attack"],["die"],["move1"],["idle"],["daiji","zou","kenyao","death"],-4,-3,-2,[0,14,6]]],[6,-1,0]],[3,"Zombie_balloon",1,[-7,-8],[0,"75PstmffZBQomkhpt3p1Uf",1,0],[5,103.69,164.5]],[4,"BodyC",2,1,[-9,-10],[0,"afuywBk+5DV6WyjnL4nUB7",1,0]],[7,"default","move1",0,"move1",2,[0]],[8,true,2,4],[9,3,[0,0,90],[5,60,180]],[10,3,6]],0,[0,0,1,0,1,7,0,2,5,0,3,1,0,-1,2,0,-2,3,0,-1,4,0,-2,5,0,-1,6,0,-2,7,0,4,1,10],[0,4],[-1,5],[0,1]],[[[11,"Zombie_balloon","\nZombie_balloon.png\nsize: 512,128\nformat: RGBA8888\nfilter: Linear,Linear\nrepeat: none\nbaozha1\n  rotate: false\n  xy: 2, 16\n  size: 90, 110\n  orig: 91, 110\n  offset: 0, 0\n  index: -1\nbaozha2\n  rotate: true\n  xy: 94, 35\n  size: 91, 149\n  orig: 92, 149\n  offset: 0, 0\n  index: -1\nkua\n  rotate: true\n  xy: 245, 35\n  size: 35, 32\n  orig: 35, 32\n  offset: 0, 0\n  index: -1\nmaozi\n  rotate: true\n  xy: 130, 2\n  size: 31, 17\n  orig: 31, 17\n  offset: 0, 0\n  index: -1\nqiqiu\n  rotate: false\n  xy: 296, 75\n  size: 51, 51\n  orig: 51, 51\n  offset: 0, 0\n  index: -1\nqiqiuzui\n  rotate: false\n  xy: 366, 89\n  size: 14, 15\n  orig: 14, 15\n  offset: 0, 0\n  index: -1\nsheng\n  rotate: false\n  xy: 75, 3\n  size: 6, 11\n  orig: 6, 11\n  offset: 0, 0\n  index: -1\nshenti\n  rotate: false\n  xy: 334, 2\n  size: 41, 47\n  orig: 41, 47\n  offset: 0, 0\n  index: -1\ntou\n  rotate: false\n  xy: 245, 72\n  size: 49, 54\n  orig: 49, 54\n  offset: 0, 0\n  index: -1\ntoufa\n  rotate: false\n  xy: 279, 37\n  size: 22, 33\n  orig: 22, 34\n  offset: 0, 1\n  index: -1\nxiaba\n  rotate: true\n  xy: 219, 6\n  size: 27, 15\n  orig: 28, 16\n  offset: 0, 0\n  index: -1\nyaodai\n  rotate: false\n  xy: 321, 51\n  size: 22, 22\n  orig: 22, 22\n  offset: 0, 0\n  index: -1\nyoudabi\n  rotate: true\n  xy: 2, 3\n  size: 11, 25\n  orig: 11, 25\n  offset: 0, 0\n  index: -1\nyoudatui\n  rotate: false\n  xy: 303, 41\n  size: 16, 32\n  orig: 16, 32\n  offset: 0, 0\n  index: -1\nyoujiao\n  rotate: false\n  xy: 149, 4\n  size: 23, 29\n  orig: 23, 29\n  offset: 0, 0\n  index: -1\nyoushou\n  rotate: false\n  xy: 366, 106\n  size: 17, 20\n  orig: 17, 20\n  offset: 0, 0\n  index: -1\nyouxiaobi\n  rotate: true\n  xy: 29, 3\n  size: 11, 21\n  orig: 11, 22\n  offset: 0, 0\n  index: -1\nyouxiaotui\n  rotate: false\n  xy: 191, 6\n  size: 26, 27\n  orig: 26, 31\n  offset: 0, 4\n  index: -1\nyouyan\n  rotate: true\n  xy: 83, 4\n  size: 4, 3\n  orig: 4, 3\n  offset: 0, 0\n  index: -1\nyouyanzhu\n  rotate: true\n  xy: 368, 72\n  size: 15, 14\n  orig: 15, 14\n  offset: 0, 0\n  index: -1\nzhu1\n  rotate: true\n  xy: 174, 4\n  size: 29, 15\n  orig: 29, 15\n  offset: 0, 0\n  index: -1\nzhu2\n  rotate: true\n  xy: 317, 7\n  size: 32, 15\n  orig: 32, 15\n  offset: 0, 0\n  index: -1\nzuoatui\n  rotate: false\n  xy: 298, 3\n  size: 17, 32\n  orig: 17, 39\n  offset: 0, 2\n  index: -1\nzuodabi\n  rotate: false\n  xy: 349, 88\n  size: 15, 38\n  orig: 15, 38\n  offset: 0, 0\n  index: -1\nzuojiao\n  rotate: true\n  xy: 94, 2\n  size: 31, 34\n  orig: 31, 34\n  offset: 0, 0\n  index: -1\nzuoshou\n  rotate: false\n  xy: 236, 7\n  size: 25, 26\n  orig: 25, 26\n  offset: 0, 0\n  index: -1\nzuoxiaobi\n  rotate: true\n  xy: 52, 3\n  size: 11, 21\n  orig: 11, 24\n  offset: 0, 0\n  index: -1\nzuoxiaotui\n  rotate: true\n  xy: 263, 8\n  size: 25, 33\n  orig: 26, 33\n  offset: 1, 0\n  index: -1\nzuoyan\n  rotate: false\n  xy: 83, 10\n  size: 4, 4\n  orig: 5, 4\n  offset: 0, 0\n  index: -1\nzuoyanzhu\n  rotate: true\n  xy: 345, 51\n  size: 22, 21\n  orig: 22, 21\n  offset: 0, 0\n  index: -1\n",["Zombie_balloon.png"],{"skeleton":{"hash":"C3Rp7beOEIjS/l/Il4wLn5CDVyc","spine":"3.8.99","x":-53.72,"y":13.29,"width":103.69,"height":164.5,"images":"./images/","audio":"F:/Zombie03052150/第四关/Zombie_balloon"},"bones":[{"name":"root","scaleX":0.5,"scaleY":0.5},{"name":"kua","parent":"root","x":44.16,"y":184.47},{"name":"zuoatui","parent":"kua","length":46.01,"rotation":-88.21,"x":12.45,"y":-4.79},{"name":"zuoxiaotui","parent":"zuoatui","length":42.87,"rotation":16.44,"x":46.93,"y":-0.99},{"name":"youdatui","parent":"kua","length":48.86,"rotation":-89.44,"x":-21.08,"y":-5.27},{"name":"youxiaotui","parent":"youdatui","length":33.2,"rotation":26,"x":50.28,"y":-1.93},{"name":"shenti","parent":"kua","length":40.05,"rotation":-168.01,"x":-10.2,"y":7.69},{"name":"shenti2","parent":"shenti","length":19.63,"rotation":18.71,"x":40.97,"y":0.43},{"name":"zuodabi2","parent":"shenti2","length":59.63,"rotation":58.15,"x":6.72,"y":14.5},{"name":"zuoxiaobi","parent":"zuodabi2","length":35.91,"rotation":-3.68,"x":60.28,"y":-0.16},{"name":"zuoshou","parent":"zuoxiaobi","length":33.51,"rotation":-2.08,"x":36.92,"y":0.08},{"name":"youdabi","parent":"shenti2","length":41.54,"rotation":55.49,"x":42.72,"y":12.61},{"name":"youxiaobi","parent":"youdabi","length":34.04,"rotation":-3.44,"x":42.48,"y":-0.25},{"name":"youshou","parent":"youxiaobi","length":20.99,"rotation":1.38,"x":34.99,"y":-0.19},{"name":"tou","parent":"shenti2","length":55.51,"rotation":-80.8,"x":22.41,"y":0.48},{"name":"maozi","parent":"tou","x":64.29,"y":-7.02},{"name":"zhu1","parent":"maozi","x":15.9,"y":-7.77},{"name":"sheng","parent":"kua","length":11.14,"rotation":91.53,"x":-22.62,"y":48.66},{"name":"qiqiuzui","parent":"sheng","length":20.52,"rotation":-0.9,"x":12.93,"y":-0.34},{"name":"qiqiu","parent":"qiqiuzui","length":77.94,"rotation":2.49,"x":21.48,"y":-0.46},{"name":"toufa","parent":"tou","length":24.83,"rotation":-76.92,"x":35.94,"y":-29.4},{"name":"zuoyanzhu","parent":"tou","x":12.56,"y":19.56},{"name":"zuoyan","parent":"zuoyanzhu","x":-1.23,"y":-5.15},{"name":"youyanzhu","parent":"tou","x":40.54,"y":54.63},{"name":"youyan","parent":"youyanzhu","x":1.85,"y":-3.55},{"name":"xiaba","parent":"tou","x":-11.81,"y":50.1},{"name":"zuojiao","parent":"root","length":20,"rotation":-132.14,"x":73.63,"y":92.36,"color":"ff3f00ff"},{"name":"youjiao","parent":"root","length":20,"rotation":-106.44,"x":39.68,"y":96.95,"color":"ff3f00ff"},{"name":"maozi2","parent":"root","rotation":129.9,"x":-60.91,"y":225.2},{"name":"zhu2","parent":"maozi2","x":15.9,"y":-7.77}],"slots":[{"name":"sheng","bone":"sheng","attachment":"sheng"},{"name":"qiqiuzui","bone":"qiqiuzui","attachment":"qiqiuzui"},{"name":"qiqiu","bone":"qiqiu","attachment":"qiqiu"},{"name":"youshou","bone":"youshou","attachment":"youshou"},{"name":"youdabi","bone":"youdabi","attachment":"youdabi"},{"name":"youxiaobi","bone":"youxiaobi","attachment":"youxiaobi"},{"name":"youjiao","bone":"youjiao","attachment":"youjiao"},{"name":"youxiaotui","bone":"youxiaotui","attachment":"youxiaotui"},{"name":"youdatui","bone":"youdatui","attachment":"youdatui"},{"name":"kua","bone":"kua","attachment":"kua"},{"name":"zuojiao","bone":"zuojiao","attachment":"zuojiao"},{"name":"zuoxiaotui","bone":"zuoxiaotui","attachment":"zuoxiaotui"},{"name":"zuoatui","bone":"zuoatui","attachment":"zuoatui"},{"name":"yaodai","bone":"kua","attachment":"yaodai"},{"name":"shenti","bone":"shenti","attachment":"shenti"},{"name":"tou","bone":"tou","attachment":"tou"},{"name":"toufa","bone":"toufa","attachment":"toufa"},{"name":"youyanzhu","bone":"youyanzhu","attachment":"youyanzhu"},{"name":"zuoyanzhu","bone":"zuoyanzhu","attachment":"zuoyanzhu"},{"name":"zuoyan","bone":"zuoyan","attachment":"zuoyan"},{"name":"youyan","bone":"youyan","attachment":"youyan"},{"name":"xiaba","bone":"xiaba","attachment":"xiaba"},{"name":"maozi","bone":"maozi","attachment":"maozi"},{"name":"maozi2","bone":"maozi2","attachment":"maozi"},{"name":"zhu1","bone":"zhu1","attachment":"zhu2"},{"name":"zhu2","bone":"zhu2","attachment":"zhu2"},{"name":"zuoshou","bone":"zuoshou","attachment":"zuoshou"},{"name":"zuodabi","bone":"zuodabi2","attachment":"zuodabi"},{"name":"zuoxiaobi","bone":"zuoxiaobi","attachment":"zuoxiaobi"}],"ik":[{"name":"youjiao","order":1,"target":"youjiao","bones":["youdatui","youxiaotui"]},{"name":"zuojiao","target":"zuojiao","bones":["zuoatui","zuoxiaotui"]}],"skins":[{"name":"default","attachments":{"kua":{"kua":{"x":-5.6,"y":1.61,"width":70,"height":63}},"maozi":{"maozi":{"x":-3.85,"y":2.6,"rotation":-129.9,"width":62,"height":34}},"maozi2":{"maozi":{"x":-3.85,"y":2.6,"rotation":-129.9,"width":62,"height":34}},"qiqiu":{"baozha1":{"x":37.16,"y":1.18,"rotation":-93.12,"width":182,"height":219},"baozha2":{"x":37.15,"y":1.18,"rotation":-93.12,"width":184,"height":298},"qiqiu":{"x":37.16,"y":1.18,"rotation":-93.12,"width":102,"height":102}},"qiqiuzui":{"qiqiuzui":{"x":9.02,"y":0.38,"rotation":-90.62,"width":27,"height":29}},"sheng":{"sheng":{"x":7.46,"y":0.28,"rotation":-91.53,"width":11,"height":22}},"shenti":{"shenti":{"type":"mesh","hull":26,"width":82,"height":93,"uvs":[0,0.70328,0,0.51361,0.07664,0.35765,0.17703,0.24384,0.29654,0.15111,0.42562,0.07946,0.55469,0.03309,0.6981,0,0.84152,0,1,0,1,0.11739,1,0.25227,1,0.37872,1,0.4841,1,0.58948,1,0.70328,0.96103,0.82973,0.85586,0.85924,0.6742,0.86767,0.55947,0.89718,0.43518,0.9309,0.32523,0.98148,0.25352,1,0.07664,1,0.01927,0.91825,0,0.83395],"triangles":[8,9,10,8,10,11,7,8,11,12,7,11,12,13,7,18,0,1,18,13,14,14,15,17,25,0,20,15,16,17,6,13,5,13,4,5,18,4,13,3,4,18,2,3,18,2,18,1,7,13,6,14,17,18,18,19,0,24,25,22,0,19,20,20,21,25,22,23,24,25,21,22],"vertices":[77.55,7.03,73.88,-10.23,64.72,-23.11,54.47,-31.75,43.09,-38.15,31.36,-42.47,20.11,-44.49,7.96,-45.05,-3.54,-42.61,-16.25,-39.91,-13.98,-29.23,-11.38,-16.96,-8.93,-5.46,-6.9,4.13,-4.86,13.72,-2.66,24.07,2.91,34.91,11.92,35.8,26.65,33.47,36.42,34.2,47.04,35.15,56.84,37.88,62.95,38.34,77.14,35.33,80.16,26.91,80.07,18.92],"edges":[0,2,2,4,4,6,6,8,8,10,10,12,12,14,14,16,16,18,18,20,20,22,22,24,24,26,26,28,28,30,30,32,32,34,34,36,36,38,38,40,40,42,42,44,44,46,46,48,48,50,0,50]}},"tou":{"tou":{"x":28.09,"y":20.03,"rotation":-129.9,"width":98,"height":107}},"toufa":{"toufa":{"x":1.32,"y":-10.43,"rotation":-52.98,"width":44,"height":68}},"xiaba":{"xiaba":{"x":2.17,"y":-3.35,"rotation":-129.9,"width":55,"height":31}},"yaodai":{"yaodai":{"x":-5.6,"y":0.61,"width":44,"height":43}},"youdabi":{"youdabi":{"x":19.96,"y":1.22,"rotation":93.81,"width":22,"height":50}},"youdatui":{"youdatui":{"x":23.61,"y":-1.25,"rotation":89.44,"width":31,"height":64}},"youjiao":{"youjiao":{"x":19.19,"y":1.89,"rotation":106.44,"width":45,"height":57}},"youshou":{"youshou":{"x":11.97,"y":0.29,"rotation":95.88,"width":33,"height":40}},"youxiaobi":{"youxiaobi":{"x":16.26,"y":0.01,"rotation":97.25,"width":22,"height":43}},"youxiaotui":{"youxiaotui":{"x":15.68,"y":2.68,"rotation":63.43,"width":51,"height":61}},"youyan":{"youyan":{"x":0.67,"y":0.1,"rotation":-129.9,"width":7,"height":6}},"youyanzhu":{"youyanzhu":{"x":1.24,"y":-1.08,"rotation":-129.9,"width":29,"height":27}},"zhu1":{"zhu1":{"rotation":-129.9,"width":58,"height":30},"zhu2":{"rotation":-129.9,"width":63,"height":30}},"zhu2":{"zhu1":{"rotation":-129.9,"width":58,"height":30},"zhu2":{"rotation":-129.9,"width":63,"height":30}},"zuoatui":{"zuoatui":{"x":21.14,"y":0.79,"rotation":88.21,"width":33,"height":78}},"zuodabi":{"zuodabi":{"x":30.26,"y":0.08,"rotation":91.15,"width":29,"height":75}},"zuojiao":{"zuojiao":{"x":10.96,"y":0.38,"rotation":132.14,"width":62,"height":68}},"zuoshou":{"zuoshou":{"x":17.52,"y":2.49,"rotation":96.91,"width":50,"height":52}},"zuoxiaobi":{"zuoxiaobi":{"x":15.49,"y":0.65,"rotation":94.83,"width":22,"height":48}},"zuoxiaotui":{"zuoxiaotui":{"x":25.74,"y":5.7,"rotation":71.77,"width":52,"height":65}},"zuoyan":{"zuoyan":{"x":-0.09,"y":-0.5,"rotation":-129.9,"width":9,"height":7}},"zuoyanzhu":{"zuoyanzhu":{"x":0.48,"y":-1.94,"rotation":-129.9,"width":43,"height":41}}}}],"animations":{"attack":{"slots":{"maozi2":{"attachment":[{"name":null}]},"qiqiu":{"attachment":[{"name":null}]},"qiqiuzui":{"attachment":[{"name":null}]},"sheng":{"attachment":[{"name":null}]},"zhu1":{"attachment":[{"name":"zhu1"},{"time":0.0667,"name":"zhu2"},{"time":0.1333,"name":"zhu1"},{"time":0.2,"name":"zhu2"},{"time":0.2667,"name":"zhu1"},{"time":0.3333,"name":"zhu2"},{"time":0.4,"name":"zhu1"},{"time":0.4667,"name":"zhu2"},{"time":0.5333,"name":"zhu1"},{"time":0.6,"name":"zhu2"},{"time":0.6667,"name":"zhu1"},{"time":0.7333,"name":"zhu2"},{"time":0.8,"name":"zhu1"}]},"zhu2":{"attachment":[{"name":null}]}},"bones":{"zuojiao":{"rotate":[{"angle":-27.54}],"translate":[{"x":-9.44,"y":-65.55}]},"youjiao":{"rotate":[{"angle":-46.71}],"translate":[{"x":-8.09,"y":-56.91}]},"zuoxiaotui":{"rotate":[{"angle":32.23}]},"zuoatui":{"rotate":[{"angle":-25.1}]},"youxiaotui":{"rotate":[{"angle":21.26}]},"youdatui":{"rotate":[{"angle":-19.54}]},"zuoshou":{"rotate":[{"time":0.2667,"curve":0.256,"c3":0.619,"c4":0.46},{"time":0.3333,"angle":30.07,"curve":0.365,"c2":0.45,"c3":0.754},{"time":0.8}]},"zuoxiaobi":{"rotate":[{"angle":-65.59,"curve":0.265,"c3":0.618,"c4":0.43},{"time":0.2667,"angle":-94.76,"curve":0.324,"c2":0.31,"c3":0.67,"c4":0.68},{"time":0.5,"angle":-12.35,"curve":0.353,"c2":0.4,"c3":0.693,"c4":0.76},{"time":0.6667,"angle":-16.8,"curve":0.371,"c2":0.62,"c3":0.71},{"time":0.8,"angle":-65.59}]},"zuodabi2":{"rotate":[{"angle":22.53},{"time":0.2667,"angle":27.2,"curve":0.25,"c3":0.75},{"time":0.6667,"angle":34.21,"curve":0.25,"c3":0.75},{"time":0.8,"angle":22.53}]},"youshou":{"rotate":[{"time":0.4,"curve":0.336,"c2":0.34,"c3":0.671,"c4":0.68},{"time":0.5,"angle":-17,"curve":0.353,"c2":0.4,"c3":0.693,"c4":0.76},{"time":0.6667,"angle":17.41,"curve":0.371,"c2":0.62,"c3":0.71},{"time":0.8}]},"youxiaobi":{"rotate":[{"angle":-68.08,"curve":0.25,"c3":0.75},{"time":0.0667,"angle":-51.93,"curve":0.291,"c2":0.16,"c3":0.635,"c4":0.54},{"time":0.2667,"angle":-42.81,"curve":0.324,"c2":0.31,"c3":0.67,"c4":0.68},{"time":0.5,"angle":-79.28,"curve":0.366,"c2":0.46,"c3":0.713,"c4":0.85},{"time":0.7333,"angle":-95.42,"curve":0.356,"c2":0.65,"c3":0.691},{"time":0.8,"angle":-68.08}]},"youdabi":{"rotate":[{"angle":24.77},{"time":0.1,"angle":25.35,"curve":0.25,"c3":0.75},{"time":0.2667,"angle":21.01,"curve":0.254,"c3":0.62,"c4":0.47},{"time":0.5,"angle":37.12,"curve":0.35,"c2":0.39,"c3":0.714,"c4":0.83},{"time":0.7333,"angle":22.74,"curve":0.364,"c2":0.64,"c3":0.701},{"time":0.8,"angle":24.77}],"translate":[{"x":-9.12,"y":7.8}]},"xiaba":{"translate":[{"x":-0.07,"y":-3.04,"curve":0.276,"c3":0.621,"c4":0.4},{"time":0.2,"x":-6.74,"y":4.34,"curve":0.318,"c2":0.28,"c3":0.656,"c4":0.63},{"time":0.3333,"x":8.14,"y":-2.12,"curve":0.365,"c2":0.45,"c3":0.754},{"time":0.6,"x":-6.74,"y":4.34,"curve":0.318,"c2":0.28,"c3":0.656,"c4":0.63},{"time":0.7333,"x":8.14,"y":-2.12,"curve":0.365,"c2":0.45,"c3":0.754},{"time":0.8,"x":-0.07,"y":-3.04}]},"maozi":{"rotate":[{"angle":11.08}],"translate":[{"x":6.41,"y":10.49}]},"tou":{"rotate":[{"angle":45.85}],"translate":[{"x":7.5,"y":-5.86}]},"shenti2":{"rotate":[{"angle":0.4,"curve":0.346,"c2":0.66,"c3":0.68},{"time":0.0333,"curve":0.25,"c3":0.75},{"time":0.2333,"angle":-7.89,"curve":0.318,"c2":0.28,"c3":0.656,"c4":0.63},{"time":0.3667,"angle":1.71,"curve":0.331,"c2":0.33,"c3":0.666,"c4":0.66},{"time":0.4333,"angle":2.43,"curve":0.343,"c2":0.36,"c3":0.686,"c4":0.73},{"time":0.6333,"angle":-7.35,"curve":0.36,"c2":0.46,"c3":0.698,"c4":0.81},{"time":0.7667,"angle":1.44,"curve":0.344,"c2":0.44,"c3":0.678,"c4":0.77},{"time":0.8,"angle":0.4}]},"shenti":{"rotate":[{"angle":-48.42,"curve":0.346,"c2":0.66,"c3":0.68},{"time":0.0333,"angle":-48.82,"curve":0.25,"c3":0.75},{"time":0.2333,"angle":-56.71,"curve":0.318,"c2":0.28,"c3":0.656,"c4":0.63},{"time":0.3667,"angle":-47.11,"curve":0.331,"c2":0.33,"c3":0.666,"c4":0.66},{"time":0.4333,"angle":-46.4,"curve":0.343,"c2":0.36,"c3":0.686,"c4":0.73},{"time":0.6333,"angle":-56.17,"curve":0.36,"c2":0.46,"c3":0.698,"c4":0.81},{"time":0.7667,"angle":-47.38,"curve":0.344,"c2":0.44,"c3":0.678,"c4":0.77},{"time":0.8,"angle":-48.42}]},"kua":{"rotate":[{"angle":-14.23}],"translate":[{"x":30.24,"y":-65.47},{"time":0.2,"x":33.75,"y":-65.47},{"time":0.3,"x":25.64,"y":-65.47},{"time":0.6,"x":33.75,"y":-65.47},{"time":0.7,"x":25.64,"y":-65.47},{"time":0.8,"x":30.24,"y":-65.47}]},"maozi2":{"rotate":[{"angle":-22.78}],"translate":[{"x":71.07,"y":11.25}]}}},"bao":{"slots":{"maozi":{"attachment":[{"name":null},{"time":1.8333,"name":"maozi"}]},"maozi2":{"attachment":[{"time":1.8333,"name":null}]},"qiqiu":{"attachment":[{"name":"baozha1"},{"time":0.0667,"name":null},{"time":0.1,"name":"baozha2"},{"time":0.1333,"name":null}]},"qiqiuzui":{"attachment":[{"time":0.0333,"name":null}]},"sheng":{"attachment":[{"time":0.0333,"name":null}]},"zhu1":{"attachment":[{"name":null}]},"zhu2":{"attachment":[{"name":"zhu1"},{"time":0.0667,"name":"zhu2"},{"time":0.1333,"name":"zhu1"},{"time":0.2,"name":"zhu2"},{"time":0.2667,"name":"zhu1"},{"time":0.3333,"name":"zhu2"},{"time":0.4,"name":"zhu1"},{"time":0.4667,"name":"zhu2"},{"time":0.5333,"name":"zhu1"},{"time":0.6,"name":"zhu2"},{"time":0.6667,"name":"zhu1"},{"time":0.7333,"name":"zhu2"},{"time":0.8,"name":"zhu1"},{"time":0.8667,"name":"zhu2"},{"time":0.9333,"name":"zhu1"},{"time":1,"name":"zhu2"},{"time":1.0667,"name":"zhu1"},{"time":1.1333,"name":"zhu2"},{"time":1.2,"name":"zhu1"},{"time":1.2667,"name":"zhu2"},{"time":1.3333,"name":"zhu1"},{"time":1.4,"name":"zhu2"},{"time":1.4667,"name":"zhu1"},{"time":1.5333,"name":"zhu2"},{"time":1.6,"name":"zhu1"},{"time":1.6667,"name":"zhu2"},{"time":1.7333,"name":"zhu1"},{"time":1.8,"name":"zhu2"},{"time":1.8667,"name":"zhu1"}]}},"bones":{"zuojiao":{"rotate":[{"time":0.2333},{"time":0.3333,"angle":-27.54}],"translate":[{"time":0.1},{"time":0.2,"y":-50.97},{"time":0.2333,"y":-57.82},{"time":0.3333,"x":-9.44,"y":-65.55}]},"youjiao":{"rotate":[{"time":0.2333},{"time":0.3333,"angle":-46.71}],"translate":[{"y":2.71},{"time":0.1},{"time":0.2333,"y":-51.12},{"time":0.3333,"x":-8.09,"y":-56.91}]},"zuoxiaotui":{"rotate":[{"angle":-1.85}]},"zuoatui":{"rotate":[{"angle":2.9}]},"youxiaotui":{"rotate":[{"angle":-28.2}]},"youdatui":{"rotate":[{"angle":13.04}],"translate":[{},{"time":0.8333,"x":7.86,"y":-11.88,"curve":"stepped"},{"time":1.3333,"x":7.86,"y":-11.88,"curve":0.363,"c2":0.44,"c3":0.755},{"time":1.8667}]},"zuoxiaobi":{"rotate":[{},{"time":0.3333,"angle":-57.64},{"time":0.6667,"angle":-23.54},{"time":1,"angle":4.51},{"time":1.1667,"angle":-49.51},{"time":1.4,"angle":-65.59,"curve":0.25,"c3":0.625,"c4":0.5},{"time":1.6333,"angle":-52.73,"curve":0.375,"c2":0.5,"c3":0.75},{"time":1.8667,"angle":-65.59}]},"zuodabi2":{"rotate":[{},{"time":0.3333,"angle":-20.55},{"time":0.4667,"angle":-69.03},{"time":0.5333,"angle":-26.72},{"time":0.6,"angle":-6.53},{"time":0.6667,"angle":-10.16},{"time":1,"angle":71.96},{"time":1.0667,"angle":49.19},{"time":1.1667,"angle":35.06},{"time":1.2333,"angle":17.93},{"time":1.3,"angle":3.46},{"time":1.8667,"angle":22.53}]},"youxiaobi":{"rotate":[{},{"time":0.3333,"angle":-83.05},{"time":0.5333,"angle":-60.08},{"time":0.6667,"angle":-47.59},{"time":1,"angle":10.63},{"time":1.1667,"angle":-40.37},{"time":1.4,"angle":-60.12,"curve":0.25,"c3":0.75},{"time":1.6333,"angle":-46.68,"curve":0.25,"c3":0.75},{"time":1.8667,"angle":-58.37}]},"youdabi":{"rotate":[{},{"time":0.3333,"angle":-9.35},{"time":0.4667,"angle":-35.4},{"time":0.5333,"angle":-25.81},{"time":0.6,"angle":1.24},{"time":0.6667,"angle":-7.42},{"time":1,"angle":77.79},{"time":1.0667,"angle":44.9},{"time":1.1667,"angle":13.77},{"time":1.2333,"angle":-1.72},{"time":1.8667,"angle":10.16}],"translate":[{"time":0.6},{"time":0.6667,"x":9.91,"y":7.8},{"time":1,"x":-9.12,"y":7.8}]},"xiaba":{"translate":[{"x":-0.07,"y":-3.04}]},"maozi":{"rotate":[{"time":0.1},{"time":0.3333,"angle":13.21},{"time":0.4667,"angle":-19.72},{"time":0.5333,"angle":-42.96},{"time":1.0667,"angle":63.53},{"time":1.8667,"angle":11.08}],"translate":[{"time":0.1},{"time":0.3333,"x":16.54,"y":21.43},{"time":0.4667,"x":44.62,"y":-16.57},{"time":0.5333,"x":44.62,"y":-85.03},{"time":1.0667,"x":-16.61,"y":123.28},{"time":1.8667,"x":6.41,"y":10.49}]},"tou":{"rotate":[{},{"time":0.1,"angle":8.71},{"time":0.3333,"angle":29.03},{"time":1.8667,"angle":45.85}],"translate":[{},{"time":1.8667,"x":7.5,"y":-5.86}]},"shenti":{"rotate":[{"time":0.1},{"time":0.3333,"angle":-48.82}]},"kua":{"rotate":[{},{"time":0.3333,"angle":5.41},{"time":0.4667,"angle":30.32},{"time":0.5333,"angle":56.83},{"time":0.6,"angle":44.86},{"time":0.6667,"angle":42.99},{"time":1,"angle":-33.22},{"time":1.0667,"angle":-43.2},{"time":1.1667,"angle":-53.98},{"time":1.2333,"angle":-57.48},{"time":1.3,"angle":-53.3},{"time":1.3333,"angle":-32.39},{"time":1.4,"angle":-21.05},{"time":1.4667,"angle":-10.17},{"time":1.5333,"angle":3.37},{"time":1.6,"angle":7.95},{"time":1.6667,"angle":8.9},{"time":1.8667,"angle":-14.23}],"translate":[{"time":0.1},{"time":0.2333,"y":-55.65},{"time":0.3333,"y":-75.14},{"time":0.4667,"y":-71.28,"curve":"stepped"},{"time":1,"y":-71.28},{"time":1.0667,"x":30.24,"y":-65.47}]},"maozi2":{"rotate":[{},{"time":0.3,"angle":-12.09},{"time":0.7,"angle":-5.56},{"time":0.8333,"angle":-8.85},{"time":0.9667,"angle":-39.01},{"time":1.2,"angle":-1.84,"curve":0.243,"c3":0.68,"c4":0.71},{"time":1.7333,"angle":-14.14,"curve":0.375,"c2":0.62,"c3":0.716},{"time":1.8667,"angle":-22.78}],"translate":[{},{"time":0.0333,"x":-3.82},{"time":0.1333,"x":-3.82,"y":0.64},{"time":0.3,"x":-10.18,"y":-12.72},{"time":0.7,"x":-10.18,"y":-33.71},{"time":0.8333,"x":6.1,"y":-15.55},{"time":0.9667,"x":69.95,"y":21.38},{"time":1.2,"x":38.32,"y":63.88,"curve":0.25,"c3":0.75},{"time":1.3,"x":38.32,"y":81.67,"curve":0.25,"c3":0.75},{"time":1.7333,"x":44.58,"y":-11.24,"curve":0.25,"c3":0.75},{"time":1.8667,"x":71.07,"y":11.25}]}}},"die":{"slots":{"maozi":{"attachment":[{"time":0.1,"name":null}]},"maozi2":{"attachment":[{"name":null},{"time":0.1,"name":"maozi"}]},"qiqiu":{"attachment":[{"name":null}]},"qiqiuzui":{"attachment":[{"name":null}]},"sheng":{"attachment":[{"name":null}]},"zhu1":{"attachment":[{"name":"zhu1"},{"time":0.1,"name":null}]},"zhu2":{"attachment":[{"name":null},{"time":0.1,"name":"zhu2"},{"time":0.1667,"name":"zhu1"},{"time":0.2333,"name":"zhu2"},{"time":0.3,"name":"zhu1"},{"time":0.3667,"name":"zhu2"},{"time":0.4333,"name":"zhu1"},{"time":0.5,"name":"zhu2"},{"time":0.5667,"name":"zhu1"},{"time":0.6333,"name":"zhu2"},{"time":0.7,"name":"zhu1"},{"time":0.7667,"name":"zhu2"},{"time":0.8333,"name":"zhu1"},{"time":0.9,"name":"zhu2"},{"time":0.9667,"name":"zhu1"}]}},"bones":{"zuojiao":{"rotate":[{"angle":-27.54,"curve":"stepped"},{"time":0.3333,"angle":-27.54,"curve":0.25,"c3":0.75},{"time":0.5,"angle":-70.96,"curve":0.25,"c3":0.75},{"time":0.7333,"angle":-126.23}],"translate":[{"x":-9.44,"y":-65.55,"curve":"stepped"},{"time":0.5,"x":-9.44,"y":-65.55,"curve":0.25,"c3":0.75},{"time":0.6,"x":-46.75,"y":-39.11,"curve":0.246,"c3":0.633,"c4":0.54},{"time":0.7333,"x":-46.75,"y":-59.19,"curve":0.38,"c2":0.53,"c3":0.745},{"time":0.8333,"x":-46.75,"y":-30.34,"curve":0.25,"c3":0.75},{"time":0.9667,"x":-46.75,"y":-63.59}]},"youjiao":{"rotate":[{"angle":-46.71,"curve":0.25,"c3":0.75},{"time":0.5,"angle":-89.44,"curve":0.25,"c3":0.75},{"time":0.7333,"angle":-109.91}],"translate":[{"x":-8.09,"y":-56.91,"curve":"stepped"},{"time":0.4333,"x":-8.09,"y":-56.91,"curve":0.25,"c3":0.75},{"time":0.5,"x":-8.09,"y":-42.15,"curve":0.25,"c3":0.75},{"time":0.6,"x":-4.29,"y":-7.88,"curve":0.25,"c3":0.75},{"time":0.7333,"x":16.32,"y":-56.28,"curve":0.25,"c3":0.75},{"time":0.8333,"x":24.57,"y":-42.51,"curve":0.25,"c3":0.75},{"time":0.9667,"x":16.32,"y":-46.63}]},"zuoxiaotui":{"rotate":[{"angle":32.23}]},"zuoatui":{"rotate":[{"angle":-25.1}],"translate":[{"curve":0.25,"c3":0.75},{"time":0.6,"x":-9.26,"y":-9.29,"curve":0.25,"c3":0.75},{"time":0.7333,"x":-0.75,"y":5.95}]},"youxiaotui":{"rotate":[{"angle":21.26}]},"youdatui":{"rotate":[{"angle":-19.54}]},"zuoxiaobi":{"rotate":[{"angle":-65.59,"curve":0.307,"c3":0.642,"c4":0.35},{"time":0.2,"angle":-80.55,"curve":0.293,"c2":0.17,"c3":0.636,"c4":0.54},{"time":0.7333,"angle":-2.64,"curve":0.25,"c3":0.75},{"time":0.8333,"angle":-24.69,"curve":0.25,"c3":0.75},{"time":0.9667,"angle":-2.64}]},"zuodabi2":{"rotate":[{"angle":22.53},{"time":0.2,"angle":47.4,"curve":0.25,"c3":0.75},{"time":0.5,"angle":-10.94,"curve":0.276,"c3":0.621,"c4":0.4},{"time":0.6333,"angle":-7.96,"curve":0.333,"c2":0.33,"c3":0.758},{"time":0.7333,"angle":-93.25,"curve":0.25,"c3":0.75},{"time":0.8333,"angle":-77.61,"curve":0.25,"c3":0.75},{"time":0.9667,"angle":-93.25}],"translate":[{"curve":0.25,"c3":0.75},{"time":0.7333,"x":-4.19,"y":-19.98}]},"youxiaobi":{"rotate":[{"angle":-68.08,"curve":0.243,"c3":0.685,"c4":0.73},{"time":0.6,"angle":-24.5,"curve":0.373,"c2":0.62,"c3":0.713},{"time":0.7333,"angle":-19.09}]},"youdabi":{"rotate":[{"angle":24.77},{"time":0.6,"angle":21.81,"curve":0.25,"c3":0.75},{"time":0.7333,"angle":-77.07}],"translate":[{"x":-9.12,"y":7.8}]},"xiaba":{"translate":[{"x":-0.07,"y":-3.04}]},"maozi":{"rotate":[{"angle":11.08}],"translate":[{"x":6.41,"y":10.49}]},"tou":{"rotate":[{"angle":45.85,"curve":0.25,"c3":0.75},{"time":0.2,"angle":77.08}],"translate":[{"x":7.5,"y":-5.86}]},"shenti2":{"rotate":[{"angle":0.4}]},"shenti":{"rotate":[{"angle":-48.42}]},"kua":{"rotate":[{"angle":-14.23},{"time":0.2,"angle":37.41,"curve":0.25,"c3":0.75},{"time":0.5,"angle":-34.17,"curve":0.25,"c3":0.75},{"time":0.6,"angle":-52.52,"curve":0.25,"c3":0.75},{"time":0.7333,"angle":-150.83}],"translate":[{"x":30.24,"y":-65.47},{"time":0.5,"x":65.84,"y":-89.78,"curve":0.25,"c3":0.75},{"time":0.6,"x":81.9,"y":-143.75,"curve":0.246,"c3":0.633,"c4":0.54},{"time":0.7333,"x":81.9,"y":-138.07,"curve":0.38,"c2":0.53,"c3":0.745},{"time":0.8333,"x":81.9,"y":-134.2,"curve":0.25,"c3":0.75},{"time":0.9667,"x":81.9,"y":-138.07}]},"maozi2":{"rotate":[{"angle":-22.78,"curve":0.375,"c2":0.62,"c3":0.716},{"time":0.1,"angle":15.91,"curve":0.25,"c3":0.75},{"time":0.2333,"angle":-15.9,"curve":0.25,"c3":0.75},{"time":0.5333,"angle":5.76,"curve":0.25,"c3":0.75},{"time":0.7667,"angle":-33.87,"curve":0.25,"c3":0.75},{"time":0.9667,"angle":-13.49}],"translate":[{"x":71.07,"y":11.25,"curve":0.25,"c3":0.75},{"time":0.1,"x":31.54,"y":-13.27,"curve":0.25,"c3":0.75},{"time":0.2333,"x":31.54,"y":-43.29,"curve":0.25,"c3":0.75},{"time":0.4333,"x":85.59,"y":30.06,"curve":0.25,"c3":0.75},{"time":0.9667,"x":195.5,"y":-148.1}]}}},"idle":{"slots":{"maozi2":{"attachment":[{"name":null}]},"zhu1":{"attachment":[{"name":"zhu1"},{"time":0.0667,"name":"zhu2"},{"time":0.1333,"name":"zhu1"},{"time":0.2,"name":"zhu2"},{"time":0.2667,"name":"zhu1"},{"time":0.3333,"name":"zhu2"},{"time":0.4,"name":"zhu1"},{"time":0.4667,"name":"zhu2"},{"time":0.5333,"name":"zhu1"},{"time":0.6,"name":"zhu2"},{"time":0.6667,"name":"zhu1"},{"time":0.7333,"name":"zhu2"},{"time":0.8,"name":"zhu1"}]},"zhu2":{"attachment":[{"name":null}]}},"bones":{"zuojiao":{"rotate":[{},{"time":0.2333,"angle":17.48},{"time":0.8}],"translate":[{},{"time":0.2333,"x":20.69,"y":-8.55},{"time":0.4667,"x":-0.73,"y":-30.05},{"time":0.6,"y":-27.59},{"time":0.8}]},"youjiao":{"translate":[{"y":2.71},{"time":0.2333,"x":-9.18,"y":-10.37},{"time":0.4667,"x":-3.65,"y":-28.66},{"time":0.6,"y":-27.59},{"time":0.8,"y":2.71}]},"zuoxiaotui":{"rotate":[{"angle":-1.85}]},"zuoatui":{"rotate":[{"angle":2.9}]},"youxiaotui":{"rotate":[{"angle":-28.2}]},"youdatui":{"rotate":[{"angle":13.04}]},"zuoxiaobi":{"rotate":[{},{"time":0.2333,"angle":-9.39},{"time":0.5,"angle":3.33},{"time":0.6667,"angle":12.76},{"time":0.8}]},"zuodabi2":{"translate":[{},{"time":0.2333,"x":0.62,"y":-0.37},{"time":0.8}]},"youxiaobi":{"rotate":[{},{"time":0.3333,"angle":-10.7},{"time":0.8}]},"youdabi":{"rotate":[{},{"time":0.2333,"angle":-6.65},{"time":0.5,"angle":4.15},{"time":0.8}],"translate":[{},{"time":0.2333,"x":6.1,"y":-3.62},{"time":0.8}]},"xiaba":{"translate":[{"x":-0.07,"y":-3.04},{"time":0.6333,"x":-5.39,"y":6.02},{"time":0.8,"x":-0.07,"y":-3.04}]},"tou":{"rotate":[{},{"time":0.2667,"angle":-9.94},{"time":0.6333,"angle":8.25},{"time":0.8}]},"qiqiu":{"translate":[{},{"time":0.2333,"x":8.61,"y":-0.09},{"time":0.6,"x":-1.79,"y":0.02},{"time":0.8}],"scale":[{},{"time":0.2333,"x":1.2},{"time":0.6,"y":1.1},{"time":0.8}]},"qiqiuzui":{"translate":[{},{"time":0.2333,"x":0.03},{"time":0.6,"x":13.98,"y":-0.37},{"time":0.8}],"scale":[{},{"time":0.2333,"x":1.1},{"time":0.8}]},"kua":{"translate":[{},{"time":0.4667,"y":-30.49,"curve":"stepped"},{"time":0.6,"y":-30.49},{"time":0.8}]}}},"move1":{"slots":{"maozi2":{"attachment":[{"name":null}]},"zhu1":{"attachment":[{"name":"zhu1"},{"time":0.0667,"name":"zhu2"},{"time":0.1333,"name":"zhu1"},{"time":0.2,"name":"zhu2"},{"time":0.3333,"name":"zhu1"},{"time":0.4,"name":"zhu2"},{"time":0.4667,"name":"zhu1"},{"time":0.5333,"name":"zhu2"},{"time":0.6,"name":"zhu1"},{"time":0.6667,"name":"zhu2"},{"time":0.7333,"name":"zhu1"},{"time":0.8,"name":"zhu2"},{"time":0.8667,"name":"zhu1"},{"time":0.9333,"name":"zhu2"},{"time":1,"name":"zhu1"}]},"zhu2":{"attachment":[{"name":null}]}},"bones":{"zuojiao":{"rotate":[{},{"time":0.3333,"angle":18.83,"curve":0.253,"c3":0.621,"c4":0.48},{"time":0.6333,"angle":-29.5,"curve":0.34,"c2":0.35,"c3":0.687,"c4":0.73},{"time":0.8333,"angle":7.6,"curve":0.379,"c2":0.6,"c3":0.724},{"time":1}],"translate":[{},{"time":0.3333,"x":15.32,"y":8.59},{"time":0.6333,"x":-40.01,"y":-0.22},{"time":0.8333,"x":9.6,"y":8.53},{"time":1}]},"youjiao":{"rotate":[{"time":0.3333},{"time":0.6333,"angle":-21},{"time":1}],"translate":[{"y":3.6},{"time":0.3333,"x":12.5,"y":2.71},{"time":0.6333,"x":-37.29,"y":6.51},{"time":0.8333,"x":14.48,"y":8.25},{"time":1,"y":3.6}]},"zuoxiaotui":{"rotate":[{"angle":-1.85}]},"zuoatui":{"rotate":[{"angle":2.9}]},"youxiaotui":{"rotate":[{"angle":-28.2}]},"youdatui":{"rotate":[{"angle":13.04}]},"zuodabi2":{"rotate":[{},{"time":0.3333,"angle":6.06},{"time":0.6333,"angle":-8.56},{"time":0.8333,"angle":11.32},{"time":1}]},"youdabi":{"rotate":[{},{"time":0.3333,"angle":-0.07},{"time":0.6333,"angle":-8.58},{"time":0.8333,"angle":18.93},{"time":1}]},"xiaba":{"translate":[{"x":-0.07,"y":-3.04}]},"qiqiuzui":{"rotate":[{},{"time":0.3333,"angle":-22.67},{"time":0.6333,"angle":0.67},{"time":1}],"scale":[{},{"time":0.3333,"x":1.1},{"time":1}]},"sheng":{"rotate":[{},{"time":0.3333,"angle":44.39},{"time":0.5667,"angle":-3.32},{"time":0.6333,"angle":-10.23},{"time":0.7333,"angle":-1.81},{"time":1}],"scale":[{},{"time":0.3333,"x":1.2,"curve":"stepped"},{"time":0.7333,"x":1.2},{"time":1}]},"kua":{"rotate":[{"curve":0.25,"c3":0.75},{"time":0.3333,"angle":4.49,"curve":0.25,"c3":0.75},{"time":0.6333,"angle":-3.57,"curve":0.25,"c3":0.75},{"time":0.8333,"angle":1.71},{"time":1}]},"zhu2":{"translate":[{},{"time":0.2333,"x":11.08,"y":28.16,"curve":0.25,"c3":0.75},{"time":0.3333,"x":22.17,"y":40.09,"curve":0.294,"c3":0.631,"c4":0.37},{"time":0.4333,"x":31.15,"y":49.68,"curve":0.306,"c2":0.23,"c3":0.646,"c4":0.59},{"time":0.5667,"x":44.83,"y":55.11,"curve":0.328,"c2":0.32,"c3":0.663,"c4":0.66},{"time":0.6333,"x":49.27,"y":51.4,"curve":0.34,"c2":0.35,"c3":0.687,"c4":0.73},{"time":0.8333,"x":29.07,"y":46.45,"curve":0.348,"c2":0.39,"c3":0.683,"c4":0.73},{"time":0.9,"x":34.3,"y":48.59,"curve":0.369,"c2":0.63,"c3":0.706},{"time":1}]}}},"move2":{"slots":{"maozi":{"attachment":[{"time":0.5,"name":null},{"time":0.7667,"name":"maozi"},{"time":1.0333,"name":null},{"time":1.3333,"name":"maozi"}]},"maozi2":{"attachment":[{"name":null},{"time":0.5,"name":"maozi"},{"time":0.7667,"name":null},{"time":1.0333,"name":"maozi"},{"time":1.3333,"name":null}]},"qiqiu":{"attachment":[{"name":null}]},"qiqiuzui":{"attachment":[{"name":null}]},"sheng":{"attachment":[{"name":null}]},"zhu1":{"attachment":[{"name":"zhu1"},{"time":0.0667,"name":"zhu2"},{"time":0.1333,"name":"zhu1"},{"time":0.2,"name":"zhu2"},{"time":0.2667,"name":"zhu1"},{"time":0.3333,"name":"zhu2"},{"time":0.4,"name":"zhu1"},{"time":0.5,"name":null},{"time":0.7667,"name":"zhu1"},{"time":0.9,"name":"zhu2"},{"time":0.9667,"name":"zhu1"},{"time":1.0333,"name":null},{"time":1.3333,"name":"zhu1"}]},"zhu2":{"attachment":[{"name":null},{"time":0.5,"name":"zhu1"},{"time":0.5667,"name":"zhu2"},{"time":0.6333,"name":"zhu1"},{"time":0.7,"name":"zhu2"},{"time":0.7667,"name":null},{"time":1.0333,"name":"zhu1"},{"time":1.1,"name":"zhu2"},{"time":1.1667,"name":"zhu1"},{"time":1.2333,"name":"zhu2"},{"time":1.3,"name":"zhu1"},{"time":1.3333,"name":null}]}},"bones":{"zuojiao":{"rotate":[{"angle":-42.29,"curve":0.25,"c3":0.75},{"time":0.5,"angle":-17.91,"curve":0.25,"c3":0.75},{"time":0.6667,"angle":-37.28,"curve":0.243,"c3":0.68,"c4":0.71},{"time":1.2,"angle":-9.55,"curve":0.375,"c2":0.62,"c3":0.716},{"time":1.3333,"angle":-42.29}],"translate":[{"x":-16.88,"y":-65.55,"curve":0.245,"c3":0.705,"c4":0.81},{"time":0.5,"x":-42.65,"y":-59.35,"curve":0.363,"c2":0.64,"c3":0.699},{"time":0.5667,"x":-44.65,"y":-65.55,"curve":0.25,"c3":0.75},{"time":0.6667,"x":-44.65,"y":-67.41,"curve":0.243,"c3":0.68,"c4":0.71},{"time":1.2,"x":-2.23,"y":-57.73,"curve":0.375,"c2":0.62,"c3":0.716},{"time":1.3333,"x":-16.88,"y":-65.55}]},"youjiao":{"rotate":[{"angle":-46.71,"curve":0.25,"c3":0.75},{"time":0.5667,"angle":-33.3,"curve":0.25,"c3":0.75},{"time":0.6667,"angle":0.07,"curve":0.259,"c3":0.618,"c4":0.45},{"time":0.8333,"angle":19.69,"curve":0.36,"c2":0.43,"c3":0.755},{"time":1.1,"angle":-40.45,"curve":0.25,"c3":0.75},{"time":1.3333,"angle":-46.71}],"translate":[{"x":-8.09,"y":-56.91,"curve":0.245,"c3":0.705,"c4":0.81},{"time":0.5,"x":45.68,"y":-41.11,"curve":0.363,"c2":0.64,"c3":0.699},{"time":0.5667,"x":48.92,"y":-41.7,"curve":0.243,"c3":0.649,"c4":0.6},{"time":0.6667,"x":48.92,"y":-37.65,"curve":0.382,"c2":0.57,"c3":0.735},{"time":0.7333,"x":44.05,"y":-34.96,"curve":0.303,"c2":0.23,"c3":0.645,"c4":0.59},{"time":0.8333,"x":28.55,"y":-32.22,"curve":0.35,"c2":0.39,"c3":0.729,"c4":0.88},{"time":1.1,"x":-6.26,"y":-45.64,"curve":0.25,"c3":0.75},{"time":1.3333,"x":-8.09,"y":-56.91}]},"zuoxiaotui":{"rotate":[{"angle":32.23}]},"zuoatui":{"rotate":[{"angle":-25.1}],"scale":[{"curve":0.25,"c3":0.75},{"time":0.5,"x":1.14,"curve":"stepped"},{"time":0.6667,"x":1.14,"curve":0.25,"c3":0.75},{"time":1.3333}]},"youxiaotui":{"rotate":[{"angle":21.26}]},"youdatui":{"rotate":[{"angle":-19.54}],"scale":[{"curve":0.258,"c3":0.619,"c4":0.45},{"time":0.5333,"x":1.2,"curve":0.331,"c2":0.33,"c3":0.672,"c4":0.68},{"time":0.8333}]},"zuoshou":{"rotate":[{"curve":0.304,"c3":0.639,"c4":0.36},{"time":0.3333,"angle":53.86,"curve":0.313,"c2":0.24,"c3":0.649,"c4":0.58},{"time":0.6667,"angle":64.19,"curve":0.312,"c2":0.26,"c3":0.652,"c4":0.62},{"time":1.3333}]},"zuoxiaobi":{"rotate":[{"angle":-65.59,"curve":0.29,"c3":0.629,"c4":0.38},{"time":0.6667,"angle":-88.76,"curve":0.317,"c2":0.27,"c3":0.653,"c4":0.61},{"time":1.1,"angle":-47.94,"curve":0.331,"c2":0.32,"c3":0.664,"c4":0.66},{"time":1.2,"angle":-26.81,"curve":0.33,"c2":0.32,"c3":0.664,"c4":0.66},{"time":1.3333,"angle":-65.59}]},"zuodabi2":{"rotate":[{"angle":22.53},{"time":0.3333,"angle":58.09,"curve":0.25,"c3":0.75},{"time":0.6667,"angle":62.44,"curve":0.244,"c3":0.646,"c4":0.59},{"time":1.1,"angle":2.79,"curve":0.348,"c2":0.38,"c3":0.685,"c4":0.73},{"time":1.2,"angle":-0.7,"curve":0.375,"c2":0.62,"c3":0.716},{"time":1.3333,"angle":22.53}],"translate":[{"curve":0.253,"c3":0.621,"c4":0.48},{"time":0.6,"x":4.64,"y":-16.02,"curve":0.346,"c2":0.38,"c3":0.701,"c4":0.78},{"time":1.1,"x":0.86,"y":-2.95,"curve":0.372,"c2":0.62,"c3":0.711},{"time":1.3333}]},"youxiaobi":{"rotate":[{"angle":-68.08,"curve":0.258,"c3":0.619,"c4":0.45},{"time":0.5333,"angle":-19.75,"curve":0.331,"c2":0.33,"c3":0.665,"c4":0.66},{"time":0.6,"angle":-45.26,"curve":0.333,"c2":0.33,"c3":0.666,"c4":0.67},{"time":0.6667,"angle":-36.4,"curve":0.347,"c2":0.38,"c3":0.694,"c4":0.76},{"time":1.0667,"angle":-47.43,"curve":0.337,"c2":0.35,"c3":0.671,"c4":0.68},{"time":1.3333,"angle":-68.08}]},"youdabi":{"rotate":[{"angle":24.77},{"time":0.5333,"angle":-15.84,"curve":0.309,"c3":0.644,"c4":0.35},{"time":0.6,"angle":22.08,"curve":0.316,"c2":0.23,"c3":0.65,"c4":0.57},{"time":0.6667,"angle":23.41,"curve":0.295,"c2":0.21,"c3":0.667,"c4":0.67},{"time":1.0667,"angle":76.61,"curve":0.382,"c2":0.57,"c3":0.735},{"time":1.3333,"angle":24.77}],"translate":[{"x":-9.12,"y":7.8}]},"xiaba":{"translate":[{"x":4.27,"y":-2.93,"curve":0.327,"c2":0.31,"c3":0.661,"c4":0.64},{"time":0.5,"x":-4.46,"y":2.87,"curve":0.332,"c2":0.33,"c3":0.665,"c4":0.66},{"time":0.6,"x":4.27,"y":-2.93,"curve":0.327,"c2":0.31,"c3":0.661,"c4":0.64},{"time":0.7333,"x":-4.46,"y":2.87,"curve":"stepped"},{"time":1.0333,"x":-4.46,"y":2.87,"curve":0.332,"c2":0.33,"c3":0.665,"c4":0.66},{"time":1.3333,"x":4.27,"y":-2.93}]},"maozi":{"rotate":[{"angle":11.08}],"translate":[{"x":6.41,"y":10.49}]},"tou":{"rotate":[{"angle":45.85,"curve":0.26,"c3":0.618,"c4":0.44},{"time":0.5,"angle":44.78,"curve":0.332,"c2":0.33,"c3":0.665,"c4":0.66},{"time":0.6667,"angle":51.99,"curve":0.375,"c2":0.5,"c3":0.75},{"time":0.9,"angle":34.83,"curve":0.33,"c2":0.32,"c3":0.665,"c4":0.66},{"time":1.0333,"angle":48.96,"curve":0.33,"c2":0.32,"c3":0.665,"c4":0.66},{"time":1.1667,"angle":51.99,"curve":0.375,"c2":0.5,"c3":0.75},{"time":1.3333,"angle":45.85}],"translate":[{"x":7.5,"y":-5.86}]},"shenti2":{"rotate":[{"angle":0.4,"curve":0.338,"c2":0.41,"c3":0.671,"c4":0.74},{"time":0.5,"angle":-10.08,"curve":0.335,"c2":0.37,"c3":0.668,"c4":0.7},{"time":0.6667,"angle":1.56,"curve":0.34,"c2":0.66,"c3":0.673},{"time":1.0667,"angle":-10.08,"curve":0.335,"c2":0.37,"c3":0.668,"c4":0.7},{"time":1.2333,"angle":1.56,"curve":0.34,"c2":0.66,"c3":0.673},{"time":1.3333,"angle":0.4}]},"shenti":{"rotate":[{"angle":-48.42,"curve":0.338,"c2":0.41,"c3":0.671,"c4":0.74},{"time":0.5,"angle":-58.91,"curve":0.335,"c2":0.37,"c3":0.668,"c4":0.7},{"time":0.6667,"angle":-47.26,"curve":0.34,"c2":0.66,"c3":0.673},{"time":1.0667,"angle":-58.91,"curve":0.335,"c2":0.37,"c3":0.668,"c4":0.7},{"time":1.2333,"angle":-47.26,"curve":0.34,"c2":0.66,"c3":0.673},{"time":1.3333,"angle":-48.42}]},"kua":{"rotate":[{"angle":-14.23}],"translate":[{"x":9.32,"y":-68.81,"curve":0.276,"c3":0.621,"c4":0.4},{"time":0.5,"x":9.32,"y":-53.37,"curve":0.284,"c3":0.625,"c4":0.38},{"time":0.6333,"x":9.32,"y":-69.28,"curve":0.314,"c2":0.27,"c3":0.662,"c4":0.65},{"time":0.8333,"x":2.67,"y":-64.64,"curve":0.38,"c2":0.54,"c3":0.744},{"time":1.1,"x":9.32,"y":-53.37,"curve":0.284,"c3":0.625,"c4":0.38},{"time":1.2333,"x":9.32,"y":-69.28,"curve":0.314,"c2":0.27,"c3":0.662,"c4":0.65},{"time":1.3333,"x":9.32,"y":-68.81}]},"maozi2":{"rotate":[{"angle":-22.78,"curve":0.353,"c2":0.43,"c3":0.689,"c4":0.78},{"time":0.7333,"angle":-12.53,"curve":0.355,"c2":0.58,"c3":0.689,"c4":0.93},{"time":1.2667,"angle":-9.9,"curve":"stepped"},{"time":1.3,"angle":-4.29,"curve":"stepped"},{"time":1.3333,"angle":-22.78}],"translate":[{"x":71.07,"y":11.25,"curve":0.26,"c3":0.618,"c4":0.44},{"time":0.5,"x":67.81,"y":49.36,"curve":0.329,"c2":0.32,"c3":0.664,"c4":0.66},{"time":0.6667,"x":36.63,"y":35.77,"curve":0.334,"c2":0.33,"c3":0.667,"c4":0.67},{"time":0.7333,"x":40.08,"y":27.34,"curve":0.346,"c2":0.38,"c3":0.688,"c4":0.74},{"time":1.0333,"x":60.02,"y":48.16,"curve":0.354,"c2":0.43,"c3":0.69,"c4":0.78},{"time":1.2,"x":38.88,"y":53.57,"curve":0.346,"c2":0.43,"c3":0.679,"c4":0.77},{"time":1.2667,"x":28.47,"y":19.37,"curve":"stepped"},{"time":1.3,"x":25.46,"y":15.81,"curve":"stepped"},{"time":1.3333,"x":71.07,"y":11.25}]}}}}},[0]]],0,0,[0],[-1],[2]]]]