[1,["c3K/fn8E9I7YIP4hj9Qalj"],["_texture"],[["dragonBones.DragonBonesAtlasAsset",["_name","_atlasJson"],1]],[[0,0,1,3]],[[0,"QiZiJiangShi_tex","{\"width\":256,\"SubTexture\":[{\"width\":75,\"y\":1,\"height\":102,\"name\":\"手2\",\"x\":1},{\"width\":13,\"y\":96,\"height\":20,\"name\":\"手臂2\",\"x\":241},{\"width\":12,\"y\":96,\"height\":28,\"name\":\"臂膀2\",\"x\":190},{\"width\":27,\"y\":96,\"height\":28,\"name\":\"脚2\",\"x\":112},{\"width\":10,\"y\":49,\"height\":23,\"name\":\"大腿2\",\"x\":114},{\"width\":23,\"y\":96,\"height\":14,\"name\":\"腰\",\"x\":204},{\"width\":32,\"y\":96,\"height\":27,\"name\":\"脚_1\",\"x\":78},{\"width\":14,\"y\":96,\"height\":31,\"name\":\"大腿1\",\"x\":141},{\"width\":34,\"y\":49,\"height\":45,\"name\":\"身体\",\"x\":78},{\"width\":12,\"y\":96,\"height\":31,\"name\":\"领带\",\"x\":176},{\"width\":44,\"y\":1,\"height\":46,\"name\":\"头\",\"x\":78},{\"width\":15,\"y\":112,\"height\":15,\"name\":\"眼睛2\",\"x\":204},{\"width\":10,\"y\":105,\"height\":10,\"name\":\"眼睛1\",\"x\":15},{\"width\":17,\"y\":96,\"height\":23,\"name\":\"手1\",\"x\":157},{\"width\":12,\"y\":105,\"height\":20,\"name\":\"手臂1\",\"x\":1},{\"width\":10,\"y\":96,\"height\":28,\"name\":\"臂膀1\",\"x\":229}],\"height\":128,\"name\":\"QiZiJiangShi\",\"imagePath\":\"QiZiJiangShi_tex.png\"}"]],0,0,[0],[0],[0]]