[1,["3fAlv0jM1BXICSMBwLE4H/"],0,[["sp.SkeletonData",["_name","_atlasText","textureNames","_skeletonJson","textures"],-1,3]],[[0,0,1,2,3,4,5]],[[0,"effect013","\r\neffect013.png\r\nsize: 272,776\r\nformat: RGBA8888\r\nfilter: Linear,Linear\r\nrepeat: none\r\n29/10\r\n  rotate: false\r\n  xy: 2, 640\r\n  size: 148, 134\r\n  orig: 152, 138\r\n  offset: 2, 2\r\n  index: -1\r\n29/6\r\n  rotate: true\r\n  xy: 152, 660\r\n  size: 114, 116\r\n  orig: 120, 120\r\n  offset: 3, 2\r\n  index: -1\r\n29/7\r\n  rotate: false\r\n  xy: 2, 372\r\n  size: 146, 132\r\n  orig: 148, 134\r\n  offset: 1, 1\r\n  index: -1\r\n29/8\r\n  rotate: false\r\n  xy: 2, 506\r\n  size: 148, 132\r\n  orig: 150, 135\r\n  offset: 0, 2\r\n  index: -1\r\n29/9\r\n  rotate: false\r\n  xy: 2, 238\r\n  size: 142, 132\r\n  orig: 150, 135\r\n  offset: 6, 2\r\n  index: -1\r\ndian/dian1\r\n  rotate: true\r\n  xy: 2, 145\r\n  size: 91, 106\r\n  orig: 135, 135\r\n  offset: 13, 18\r\n  index: -1\r\ndian/dian2\r\n  rotate: true\r\n  xy: 2, 46\r\n  size: 97, 101\r\n  orig: 135, 135\r\n  offset: 6, 18\r\n  index: -1\r\ndian/dian3\r\n  rotate: false\r\n  xy: 150, 374\r\n  size: 120, 96\r\n  orig: 135, 135\r\n  offset: 2, 21\r\n  index: -1\r\ndian/dian4\r\n  rotate: false\r\n  xy: 150, 282\r\n  size: 120, 90\r\n  orig: 135, 135\r\n  offset: 3, 23\r\n  index: -1\r\ndian/dian5\r\n  rotate: false\r\n  xy: 146, 196\r\n  size: 113, 84\r\n  orig: 135, 135\r\n  offset: 10, 25\r\n  index: -1\r\ndian/dian6\r\n  rotate: false\r\n  xy: 152, 568\r\n  size: 116, 90\r\n  orig: 135, 135\r\n  offset: 10, 29\r\n  index: -1\r\ndian/dian7\r\n  rotate: false\r\n  xy: 152, 472\r\n  size: 115, 94\r\n  orig: 135, 135\r\n  offset: 5, 23\r\n  index: -1\r\ndian/dian8\r\n  rotate: false\r\n  xy: 110, 101\r\n  size: 102, 93\r\n  orig: 135, 135\r\n  offset: 10, 23\r\n  index: -1\r\ndian/dian9\r\n  rotate: true\r\n  xy: 105, 2\r\n  size: 97, 101\r\n  orig: 135, 135\r\n  offset: 13, 14\r\n  index: -1\r\n",["effect013.png"],{"skeleton":{"hash":"ctAv+lfaceYkJx1DaKyQGb1IvM0","spine":"3.8.99","fps":24,"images":"D:/Work/植物大战僵尸2娘化版/动画/娘化版/打击特效/龙骨导出的spine资源/library","audio":"D:\\Work\\植物大战僵尸2娘化版\\动画\\娘化版\\打击特效\\龙骨导出的spine资源"},"bones":[{"name":"root"},{"name":"6","parent":"root"},{"name":"dian1","parent":"root","rotation":90,"x":1.85,"y":83.55}],"slots":[{"name":"6","bone":"6","attachment":"29/8","blend":"additive"},{"name":"dian1","bone":"dian1","attachment":"dian/dian2"}],"skins":[{"name":"default","attachments":{"6":{"29/6":{"width":120,"height":120},"29/7":{"width":148,"height":134},"29/8":{"width":150,"height":135},"29/9":{"width":150,"height":135},"29/10":{"width":152,"height":138}},"dian1":{"dian/dian1":{"x":-83.55,"y":1.85,"rotation":-90,"width":135,"height":135},"dian/dian2":{"x":-83.55,"y":1.85,"rotation":-90,"width":135,"height":135},"dian/dian3":{"x":-83.55,"y":1.85,"rotation":-90,"width":135,"height":135},"dian/dian4":{"x":-83.55,"y":1.85,"rotation":-90,"width":135,"height":135},"dian/dian5":{"x":-83.55,"y":1.85,"rotation":-90,"width":135,"height":135},"dian/dian6":{"x":-83.55,"y":1.85,"rotation":-90,"width":135,"height":135},"dian/dian7":{"x":-83.55,"y":1.85,"rotation":-90,"width":135,"height":135},"dian/dian8":{"x":-83.55,"y":1.85,"rotation":-90,"width":135,"height":135},"dian/dian9":{"x":-83.55,"y":1.85,"rotation":-90,"width":135,"height":135}}}}],"animations":{"newAnimation":{"slots":{"6":{"color":[{"color":"ffffffff","curve":"stepped"},{"time":0.4167,"color":"ffffff00"}],"attachment":[{"name":"29/6"},{"time":0.0833,"name":"29/7"},{"time":0.1667,"name":"29/8"},{"time":0.25,"name":"29/9"},{"time":0.3333,"name":"29/10"}]},"dian1":{"color":[{"time":0.4167,"color":"ffffffff"},{"time":0.6667,"color":"ffffff00"}],"attachment":[{"name":"dian/dian1"},{"time":0.0417,"name":null},{"time":0.0833,"name":"dian/dian2"},{"time":0.125,"name":null},{"time":0.1667,"name":"dian/dian3"},{"time":0.2083,"name":null},{"time":0.25,"name":"dian/dian4"},{"time":0.2917,"name":null},{"time":0.3333,"name":"dian/dian5"},{"time":0.375,"name":null},{"time":0.4167,"name":"dian/dian6"},{"time":0.4583,"name":null},{"time":0.5,"name":"dian/dian7"},{"time":0.5421,"name":null},{"time":0.5838,"name":"dian/dian8"},{"time":0.6255,"name":null},{"time":0.6672,"name":"dian/dian9"}]}},"bones":{"6":{"scale":[{"x":0.5,"y":0.5},{"time":0.0833},{"time":0.4167,"x":1.5,"y":1.5}]}}}}},[0]]],0,0,[0],[-1],[0]]