[1,["ecpdLyjvZBwrvm+cedCcQy","caohSHbS5GEIzmwCrnMGn5","7a/QZLET9IDreTiBfRn2PD","deJKeer0BMDoQY/Nlfb6go","7aKVSYjxdIO5IIx2FT60fw","93uihtDFJIlrWiOWScXgjl","53JSMvyEJJDZeGzXxa+ohl","99xvwuQzJNaboCPUZnKMky","d1xkfSNSlMLL5UR9YX2zD2","51TjwA0ktJkJImYXxllPP5","e3Na6WdjJK9LpgWa8SaKIQ","0eTMtHVPxAN7MDG9Tfj3EY","e8E3LT56VCJqX8HJnDDdD9","85fiUjb8FEc4+5MjrGiBAz","7ePqw7z7xFCp9GjHIZag91","b7+2Y3/ehMH5++mYZDEvYt","a5eMDdha5A8JGI3qKzgEqe","a2MjXRFdtLlYQ5ouAFv/+R","2feRlJ3QNFh5DUZG3E5FSJ","9fDVKsCC5NCaziXVModEAo","71xnMCoNdJrbgOVHY8ifWd","aaUeQxHhROlriGY/EIWppv","e7/IJ1rCNI26118NIf20qu","d2cMWULrNN+q/lpx1uD9aY","1f6zrUAuZF6qTxJDYqwfQ5","11aX3SpyRCQ5Ea1ipmYGdA","c3boAm8vRHJKgHKzFnmnP0","612aZd5lFDO4ia6s63b+SB","65ybVT/JhNvbjVcDxJ07U+","f3amAVMNVMQZ1WrVK2gLIQ","d7cPiO3Q5IJoE39XF6BwTr","732/u+vSJEaq1V2HkxsQ4N","3eL0f1iNdNNLCa5swxxbxP","e1uaHHtFBMiJw8ZAMfnqOv","63F7Fm2qxOq5ep77+bKM89","5b2E3BaVNNzZPAk8+DkCbZ","c4CGt6V2BEELgWlQZ2tLBZ","61gmdS5rFPHr+LE2zChh66","1eMUvYAAFPYLs8Qcd3/Y9y","b2YyBjW6tF2ajRnrtLeZ5w","f8Fx3jykxPeag1ixYFaUML","7caMV3iDJOrb+7IKQ20jf1","efCzwfmBJMn5jU3nfAwy3L","70HlJpPExE3Ky6QfVIm2VL","09RfwIEj1PQ4pYksyIiWHH","5dUn23rwBAE7XP0LZ3I3bp","60UcQCjEJAWYIQ8Po0LIMb","47yAPCOTBI46vT3RPnbGOA"],["node","_spriteFrame","_N$file","_parent","_N$skeletonData","root","_textureSetter","getBtn","progressTxt","progress","spineAnimation","arrowTips","jumpGameBtn","reward3","reward2","rewardView","data"],[["cc.Node",["_name","_active","_opacity","_prefab","_parent","_contentSize","_trs","_children","_components","_color","_eulerAngles","_anchorPoint"],0,4,1,5,7,2,9,5,5,5],"cc.SpriteFrame",["cc.Sprite",["_sizeMode","_type","_isTrimmedMode","node","_materials","_spriteFrame"],0,1,3,6],["cc.Label",["_string","_fontSize","_isSystemFontUsed","_lineHeight","_N$horizontalAlign","_N$verticalAlign","node","_materials","_N$file"],-3,1,3,6],["cc.Node",["_name","_active","_components","_prefab","_parent","_children","_contentSize","_trs"],1,12,4,1,2,5,7],["cc.Widget",["_alignFlags","_originalWidth","_originalHeight","_left","_right","_top","_bottom","node"],-4,1],["cc.PrefabInfo",["fileId","root","asset"],2,1,1],["sp.Skeleton",["defaultSkin","_preCacheMode","_animationName","defaultAnimation","_N$enableBatch","node","_materials","_N$skeletonData"],-2,1,3,6],["cc.ClickEvent",["_componentId","handler","customEventData","target"],0,1],["cc.Prefab",["_name"],2],["cc.Node",["_name","_parent","_children","_components","_prefab"],2,1,9,9,4],["cc.Node",["_name","_parent","_components","_prefab","_contentSize","_anchorPoint","_trs"],2,1,2,4,5,5,7],["df1aaODa3hMxqf1fW+eOghN",["node","rewardView","reward2","reward3","jumpGameBtn","arrowTips","gameBanner","gameTag","SJHHitem","ZWDZZitem","TTPTLitem"],3,1,1,1,1,1,1,2,2,2,2,2],["cc.BlockInputEvents",["node"],3,1],["9c17343P9ZM8rNnD4hKt24Q",["taskID","node","progress","progressTxt","getBtn"],2,1,1,1,1],["cc.Button",["_N$transition","node","clickEvents"],2,1,9],["cc.Layout",["_N$layoutType","_N$spacingY","node","_layoutSize"],1,1,5],["261d4+Q1HdGA5w3tjdBw83c",["node","spineAnimation"],3,1,1],["cc.LabelOutline",["_width","node","_color"],2,1,5],["cc.ProgressBar",["_N$totalLength","_N$progress","node","_N$barSprite"],1,1,1]],[[6,0,1,2],[18,0,1,2,2],[3,0,1,3,2,6,7,8,5],[6,0,1,2,2],[2,3,4,5,1],[0,0,4,8,3,5,6,2],[0,0,4,7,8,3,5,6,2],[0,0,4,8,3,9,5,6,2],[2,1,0,3,4,5,3],[2,0,3,4,5,2],[15,0,1,2,2],[0,0,4,8,3,5,2],[0,0,4,8,3,9,5,2],[0,0,1,4,7,8,3,5,6,3],[2,1,0,2,3,4,5,4],[7,0,3,1,2,4,5,6,7,6],[0,0,7,8,3,5,6,2],[0,0,4,7,3,5,6,2],[0,0,4,7,3,6,2],[4,0,1,4,5,2,3,6,7,3],[4,0,4,2,3,6,7,2],[11,0,1,2,3,4,5,6,2],[2,1,0,3,4,3],[14,0,1,2,3,4,2],[8,0,1,2,3,4],[3,0,1,3,2,6,7,5],[7,0,1,2,5,6,4],[19,0,1,2,3,3],[8,0,1,3,3],[0,0,4,7,3,2],[0,0,4,8,3,9,5,6,10,2],[0,0,8,3,9,5,6,10,2],[3,0,1,2,4,5,6,7,8,6],[0,0,1,4,8,3,5,6,3],[0,0,1,4,7,3,3],[0,0,4,7,3,5,6,10,2],[0,0,4,3,2],[0,0,1,4,7,3,6,10,3],[0,0,7,8,3,2],[4,0,5,2,3,2],[10,0,1,2,3,4,2],[13,0,1],[17,0,1,1],[3,0,1,3,2,4,5,6,7,8,7],[7,0,3,1,2,4,5,6,6],[0,0,1,7,3,5,6,3],[0,0,2,4,8,3,9,5,3],[0,0,4,8,3,5,11,6,2],[5,0,7,2],[5,0,1,2,7,4],[9,0,2],[0,0,1,4,7,8,3,5,3],[0,0,4,7,8,3,5,11,6,2],[0,0,1,4,7,3,6,3],[0,0,4,7,3,5,2],[12,0,1,2,3,4,5,6,7,8,9,10,1],[5,0,3,4,5,6,1,2,7,8],[6,1,2,1],[16,0,1,2,3,3]],[[[{"name":"gameBanner3","rect":[0,0,603,228],"offset":[0,0],"originalSize":[603,228],"capInsets":[0,0,0,0]}],[1],0,[0],[6],[20]],[[[50,"WelfareTaskView"],[16,"WelfareTaskView",[-25,-26,-27,-28,-29,-30],[[55,-22,-21,-20,-19,-18,-17,[-14,-15,-16],[-11,-12,-13],[-8,-9,-10],[-5,-6,-7],[-2,-3,-4]],[48,45,-23],[41,-24]],[57,-1,0],[5,1280,720],[640,360,0,0,0,0,1,1,1,1]],[16,"reward1",[-37,-38,-39,-40,-41,-42],[[4,-32,[60],61],[23,"id1",-36,-35,-34,-33]],[0,"2cyTqNHgVBbLHN5GeWXnxT",-31],[5,202,256],[-270,23,0,0,0,0,1,1,1,1]],[16,"reward1",[-49,-50,-51,-52,-53,-54],[[4,-44,[140],141],[23,"id1",-48,-47,-46,-45]],[0,"2cyTqNHgVBbLHN5GeWXnxT",-43],[5,202,256],[-270,23,0,0,0,0,1,1,1,1]],[16,"reward1",[-61,-62,-63,-64,-65,-66],[[4,-56,[224],225],[23,"id1",-60,-59,-58,-57]],[0,"2cyTqNHgVBbLHN5GeWXnxT",-55],[5,202,256],[-270,23,0,0,0,0,1,1,1,1]],[16,"reward2",[-73,-74,-75,-76,-77,-78,-79,-80],[[4,-68,[163],164],[23,"id2",-72,-71,-70,-69]],[0,"85Pyjmxo5G75hAovs7pCaG",-67],[5,202,256],[-8,23,0,0,0,0,1,1,1,1]],[16,"reward3",[-87,-88,-89,-90,-91,-92,-93,-94],[[4,-82,[186],187],[23,"id3",-86,-85,-84,-83]],[0,"82x4jrUjRNG5eOD5Gzy5BG",-81],[5,202,256],[254,23,0,0,0,0,1,1,1,1]],[16,"reward2",[-101,-102,-103,-104,-105,-106,-107,-108],[[4,-96,[247],248],[23,"id2",-100,-99,-98,-97]],[0,"85Pyjmxo5G75hAovs7pCaG",-95],[5,202,256],[-8,23,0,0,0,0,1,1,1,1]],[16,"reward3",[-115,-116,-117,-118,-119,-120,-121,-122],[[4,-110,[270],271],[23,"id3",-114,-113,-112,-111]],[0,"82x4jrUjRNG5eOD5Gzy5BG",-109],[5,202,256],[254,23,0,0,0,0,1,1,1,1]],[16,"reward2",[-129,-130,-131,-132,-133,-134,-135],[[4,-124,[81],82],[23,"id2",-128,-127,-126,-125]],[0,"85Pyjmxo5G75hAovs7pCaG",-123],[5,202,256],[-8,23,0,0,0,0,1,1,1,1]],[16,"reward3",[-142,-143,-144,-145,-146,-147,-148],[[4,-137,[102],103],[23,"id3",-141,-140,-139,-138]],[0,"82x4jrUjRNG5eOD5Gzy5BG",-136],[5,202,256],[254,23,0,0,0,0,1,1,1,1]],[51,"CommonRewardView",false,1,[-152,-153,-154],[[48,45,-150],[41,-151]],[0,"65leFNsL5LJIXgDXiV6bdx",-149],[5,1280,720]],[6,"board",1,[-156,-157,-158,-159,-160,-161],[[14,1,0,false,-155,[272],273]],[3,"79if67nshKTrN/ovWVOpFz",1,0],[5,847.6,496.8],[-4.2,52.6,0,0,0,0,1,1,1,1]],[29,"board",11,[-162,-163,-164,-165,-166,-167],[0,"2d9zQ5hDdN8pFUVtNqCaI1",11]],[17,"gameBanner",1,[-168,-169,-170,-171,-172],[3,"c2SnWszMNAHqQw/+8DXx0z",1,0],[5,603,228],[-1,-228.287,0,0,0,0,1,1,1,1]],[45,"reward2",false,[-174],[0,"00/b8QjkdIcbIZC6Q0Nq8J",-173],[5,202,256],[0,24.295,0,0,0,0,1,1,1,1]],[45,"reward3",false,[-176],[0,"68s5nvOLVF1691HnNXZoNF",-175],[5,202,256],[0,23,0,0,0,0,1,1,1,1]],[6,"btn_5",14,[-179],[[4,-177,[12],13],[10,3,-178,[[28,"df1aaODa3hMxqf1fW+eOghN","clickJumpGameBtn",1]]]],[3,"7bvf40SCZCKI4a6oyIFpPA",1,0],[5,186,67],[165.359,-57.373,0,0,0,0,1,1,1,0]],[18,"item",2,[-180,-181,-182,-183],[0,"0aY5b2ME5EZ46cLuafBX5S",2],[0.5,106.53,0,0,0,0,1,1,1,1]],[19,"progressBar",false,2,[-186,-187],[[[8,1,0,-184,[54],55],-185],4,1],[0,"12qws7qAVIaaiNfQ2iL/bk",2],[5,240,28],[0,-197.1,0,0,0,0,1,1,1,1]],[13,"get",false,2,[-190],[[8,1,0,-188,[58],59],[10,3,-189,[[28,"9c17343P9ZM8rNnD4hKt24Q","getReward",2]]]],[0,"89XsHowQdKlIvdqjWm2DNx",2],[5,133.3,56.6],[0,-198.4,0,0,0,0,1,1,1,0]],[19,"progressBar",false,9,[-193,-194],[[[8,1,0,-191,[75],76],-192],4,1],[0,"12qws7qAVIaaiNfQ2iL/bk",9],[5,240,28],[0,-197.1,0,0,0,0,1,1,1,1]],[13,"get",false,9,[-197],[[8,1,0,-195,[79],80],[10,3,-196,[[28,"9c17343P9ZM8rNnD4hKt24Q","getReward",9]]]],[0,"89XsHowQdKlIvdqjWm2DNx",9],[5,133.3,56.6],[0,-198.4,0,0,0,0,1,1,1,0]],[19,"progressBar",false,10,[-200,-201],[[[8,1,0,-198,[96],97],-199],4,1],[0,"12qws7qAVIaaiNfQ2iL/bk",10],[5,240,28],[0,-197.1,0,0,0,0,1,1,1,1]],[13,"get",false,10,[-204],[[8,1,0,-202,[100],101],[10,3,-203,[[28,"9c17343P9ZM8rNnD4hKt24Q","getReward",10]]]],[0,"89XsHowQdKlIvdqjWm2DNx",10],[5,133.3,56.6],[0,-198.4,0,0,0,0,1,1,1,0]],[18,"item",3,[-205,-206,-207,-208],[0,"0aY5b2ME5EZ46cLuafBX5S",3],[0.5,106.53,0,0,0,0,1,1,1,1]],[19,"progressBar",false,3,[-211,-212],[[[8,1,0,-209,[134],135],-210],4,1],[0,"12qws7qAVIaaiNfQ2iL/bk",3],[5,240,28],[0,-197.1,0,0,0,0,1,1,1,1]],[13,"get",false,3,[-215],[[8,1,0,-213,[138],139],[10,3,-214,[[24,"9c17343P9ZM8rNnD4hKt24Q","getReward","0",3]]]],[0,"89XsHowQdKlIvdqjWm2DNx",3],[5,133.3,56.6],[0,-198.4,0,0,0,0,1,1,1,0]],[19,"progressBar",false,5,[-218,-219],[[[8,1,0,-216,[157],158],-217],4,1],[0,"12qws7qAVIaaiNfQ2iL/bk",5],[5,240,28],[0,-197.1,0,0,0,0,1,1,1,1]],[13,"get",false,5,[-222],[[8,1,0,-220,[161],162],[10,3,-221,[[24,"9c17343P9ZM8rNnD4hKt24Q","getReward","1",5]]]],[0,"89XsHowQdKlIvdqjWm2DNx",5],[5,133.3,56.6],[0,-198.4,0,0,0,0,1,1,1,0]],[19,"progressBar",false,6,[-225,-226],[[[8,1,0,-223,[180],181],-224],4,1],[0,"12qws7qAVIaaiNfQ2iL/bk",6],[5,240,28],[0,-197.1,0,0,0,0,1,1,1,1]],[13,"get",false,6,[-229],[[8,1,0,-227,[184],185],[10,3,-228,[[24,"9c17343P9ZM8rNnD4hKt24Q","getReward","2",6]]]],[0,"89XsHowQdKlIvdqjWm2DNx",6],[5,133.3,56.6],[0,-198.4,0,0,0,0,1,1,1,0]],[18,"item",4,[-230,-231,-232,-233],[0,"0aY5b2ME5EZ46cLuafBX5S",4],[0.5,106.53,0,0,0,0,1,1,1,1]],[19,"progressBar",false,4,[-236,-237],[[[8,1,0,-234,[218],219],-235],4,1],[0,"12qws7qAVIaaiNfQ2iL/bk",4],[5,240,28],[0,-197.1,0,0,0,0,1,1,1,1]],[13,"get",false,4,[-240],[[8,1,0,-238,[222],223],[10,3,-239,[[24,"9c17343P9ZM8rNnD4hKt24Q","getReward","0",4]]]],[0,"89XsHowQdKlIvdqjWm2DNx",4],[5,133.3,56.6],[0,-198.4,0,0,0,0,1,1,1,0]],[19,"progressBar",false,7,[-243,-244],[[[8,1,0,-241,[241],242],-242],4,1],[0,"12qws7qAVIaaiNfQ2iL/bk",7],[5,240,28],[0,-197.1,0,0,0,0,1,1,1,1]],[13,"get",false,7,[-247],[[8,1,0,-245,[245],246],[10,3,-246,[[24,"9c17343P9ZM8rNnD4hKt24Q","getReward","1",7]]]],[0,"89XsHowQdKlIvdqjWm2DNx",7],[5,133.3,56.6],[0,-198.4,0,0,0,0,1,1,1,0]],[19,"progressBar",false,8,[-250,-251],[[[8,1,0,-248,[264],265],-249],4,1],[0,"12qws7qAVIaaiNfQ2iL/bk",8],[5,240,28],[0,-197.1,0,0,0,0,1,1,1,1]],[13,"get",false,8,[-254],[[8,1,0,-252,[268],269],[10,3,-253,[[24,"9c17343P9ZM8rNnD4hKt24Q","getReward","2",8]]]],[0,"89XsHowQdKlIvdqjWm2DNx",8],[5,133.3,56.6],[0,-198.4,0,0,0,0,1,1,1,0]],[52,"gameTag",1,[-256,-257,-258],[[58,2,30,-255,[5,0,600]]],[3,"d1ZX0obFFKdKGI6QJWg3xn",1,0],[5,0,600],[0,0.5,1],[0,220.824,0,0,0,0,1,1,1,1]],[53,"arrow",false,14,[-259,-260],[3,"c2F9azbj9HF48qmb9C69tt",1,0],[93.482,-62.131,0,0,0,0,1,1,1,1]],[34,"SJHH",false,12,[2,9,10],[3,"d42N+ESbxG0YqvDV8tFPj8",1,0]],[39,"cherry_bomb",[-264],[[-261,[42,-263,-262]],1,4],[0,"b031QoXsBPf59pjACgHWkG",2]],[34,"ZWDZZ",false,12,[3,5,6],[3,"bbxdDwXi1IYIH0hQmq98MR",1,0]],[39,"cherry_bomb",[-268],[[-265,[42,-267,-266]],1,4],[0,"b031QoXsBPf59pjACgHWkG",3]],[34,"TTPTL",false,12,[4,7,8],[3,"70i3ytYpxNML0DDYtkxfr3",1,0]],[39,"cherry_bomb",[-272],[[-269,[42,-271,-270]],1,4],[0,"b031QoXsBPf59pjACgHWkG",4]],[17,"sjhh_tag",39,[-273,-274],[3,"14d9hUnAJOqp3rTxN1bnd8",1,0],[5,219.8,71.5],[-506.895,-35.75,0,0,0,0,1,1,1,1]],[6,"show",47,[-276,-277],[[14,1,0,false,-275,[278],279]],[3,"faTW0ClQ1LrI8AB7r59Wzu",1,0],[5,220.8,75.5],[-1.3,0.3,0,0,0,0,1,1,1,1]],[13,"hide",false,47,[-280],[[14,1,0,false,-278,[282],283],[10,3,-279,[[24,"df1aaODa3hMxqf1fW+eOghN","clickTag","0",1]]]],[3,"68FfDDMEdEW7rVesI7kNx7",1,0],[5,198.8,75.5],[-12.3,0.3,0,0,0,0,1,1,1,0]],[17,"ttptl_tag",39,[-281,-282],[3,"e0PsYXIV9LpKHWrngQERMg",1,0],[5,219.8,71.5],[-506.895,-137.25,0,0,0,0,1,1,1,1]],[13,"show",false,50,[-284,-285],[[14,1,0,false,-283,[288],289]],[3,"35KVbaY3pKU4pFuTNmsWSr",1,0],[5,220.8,75.5],[-1.3,0.3,0,0,0,0,1,1,1,1]],[6,"hide",50,[-288],[[14,1,0,false,-286,[292],293],[10,3,-287,[[24,"df1aaODa3hMxqf1fW+eOghN","clickTag","2",1]]]],[3,"961rJmaBJHT576SqZhevJw",1,0],[5,198.8,75.5],[-12.3,0.3,0,0,0,0,1,1,1,0]],[17,"zwdzz_tag",39,[-289,-290],[3,"f5kzOgq0ZFhYKIQxuK057T",1,0],[5,219.8,71.5],[-506.895,-238.75,0,0,0,0,1,1,1,1]],[13,"show",false,53,[-292,-293],[[14,1,0,false,-291,[298],299]],[3,"b0qWLRxe1EPb7pnEvfuaNh",1,0],[5,220.8,75.5],[-1.3,0.3,0,0,0,0,1,1,1,1]],[6,"hide",53,[-296],[[14,1,0,false,-294,[302],303],[10,3,-295,[[24,"df1aaODa3hMxqf1fW+eOghN","clickTag","1",1]]]],[3,"c0HxuG9CxGNodVnN80DYZX",1,0],[5,198.8,75.5],[-12.3,0.3,0,0,0,0,1,1,1,0]],[46,"mask",177,11,[[9,0,-297,[304],305],[49,45,100,100,-298],[41,-299]],[0,"1bP986vNlGX6TVQVJSrFtC",11],[4,4278190080],[5,1280,720]],[6,"btn_ok",15,[-302],[[14,1,0,false,-300,[318],319],[10,3,-301,[[28,"df1aaODa3hMxqf1fW+eOghN","clickToUseBtn",1]]]],[0,"13aufMBi1BR5tTNoVuwVpK",15],[5,216,70],[0,-194.577,0,0,0,0,1,1,1,0]],[6,"btn_ok",16,[-305],[[14,1,0,false,-303,[322],323],[10,3,-304,[[28,"df1aaODa3hMxqf1fW+eOghN","closeRewardView",1]]]],[0,"2433nrbslF9ot7WVu5oRDk",16],[5,216,70],[0,-193.937,0,0,0,0,1,1,1,0]],[46,"mask",177,1,[[9,0,-306,[0],1],[49,45,100,100,-307]],[3,"2eDfL0T9xOqa7Wx7Tvdjk2",1,0],[4,4278190080],[5,1280,720]],[11,"sjhhbg",14,[[4,-308,[4],5]],[3,"4a5hmwNfFD8oR0h5WUVAbV",1,0],[5,603,228]],[11,"zwdzzbg",14,[[4,-309,[6],7]],[3,"5fJCFUao9DV592lJ8rxx5n",1,0],[5,603,228]],[11,"ttptlbg",14,[[4,-310,[8],9]],[3,"f4jzP4fXlCVJsUphEp7Sms",1,0],[5,603,228]],[5,"btn_close",12,[[9,0,-311,[18],19],[10,3,-312,[[28,"df1aaODa3hMxqf1fW+eOghN","close",1]]]],[3,"32Rgi6xVVMjIMcCYtjVQJU",1,0],[5,36.4,34],[414.959,246.348,0,0,0,0,1,2,2,0]],[7,"title",12,[[2,"福利任务",48,65,false,-313,[20],21],[1,2,-314,[4,4278190080]]],[3,"05nZqpB1xPB4hl5E/EemIl",1,0],[4,4282891513],[5,196,85.9],[-7.487,194.795,0,0,0,0,1,1,1,1]],[47,"bg",12,[[56,45,13.04999999999999,11.450000000000017,68.99999999999999,22.19999999999999,880,420,-315],[14,1,0,false,-316,[22],23]],[3,"7bSjmjb4VGxqeqZ65zvDpr",1,0],[5,823.1,405.6],[0,0.5,1],[0.8000000000000114,179.4,0,0,0,0,1,1,1,1]],[6,"plantSkinView_2",2,[-318],[[9,0,-317,[26],27]],[0,"85MqCglIVMi7hhxZKeJdOp",2],[5,227.3,55.96],[0.5,106.53,0,0,0,0,1,1,1,1]],[12,"buy_text",66,[[2,"资源礼包",33,30,false,-319,[24],25],[1,2,-320,[4,4278190080]]],[0,"d7Y7ccdbZHdpOc77EV6hQ9",2],[4,4284081919],[5,136,41.8]],[6,"bubble",18,[-322],[[4,-321,[32],33]],[0,"fc2N6fYFxGYpeAkVymwRje",2],[5,103,102],[16.892,-73.299,0,0,0,0,1,0.9,0.9,1]],[35,"free_sun_btn",68,[-323,-324],[0,"cdO2KaTJpE3J9qxqB3FJnR",2],[5,100,100],[0.4407,-1.236,0,0,0,-0.12192997437186266,0.9925387052149034,0.8,0.8,0.8],[1,0,0,-14.007]],[40,"free_sun",69,[[36,"New Node",-326,[0,"c88AyzwL9MKYIUBvDJsmEZ",2]]],[[15,"default","1ui_idle",0,"1ui_idle",true,-325,[28],29]],[0,"37O7EA92ZNDICYklDYDLtT",2]],[30,"text",69,[[2,"+1",30,30,false,-327,[30],31],[1,2,-328,[4,4278190080]]],[0,"92N4bzxHxBg7VBa6lhO0qp",2],[4,4283692543],[5,32.620000000000005,41.8],[60.502,-20.476,0,0,0,-0.06098756683585237,0.9981385258026275,1.25,1.25,1.25],[1,0,0,-6.993]],[37,"New Node",false,18,[-329,-330],[0,"92R+4a2flGs6sd6fd8edbu",2],[-49.183,-70.991,0,0,0,0.16016545589512243,0.9870901816642224,1,1,1],[1,0,0,18.433]],[30,"text",72,[[2,"1000",20,20,false,-331,[36],37],[1,2,-332,[4,4278190080]]],[0,"a8OSX0zeZJUaXDrpeYuC8R",2],[4,4283692543],[5,46.24,29.2],[4.506,-35.798,0,0,0,0.04689724267181702,0.9988997190057572,1,1,1],[1,0,0,5.376]],[6,"bubble",18,[-334],[[4,-333,[42],43]],[0,"3em1pDBmZBordufxoGbFT8",2],[5,103,102],[-45.898,-121.728,0,0,0,0,1,0.75,0.75,1]],[38,"auto_pick",[-336],[[15,"default","2ui_idle",0,"2ui_idle",true,-335,[40],41]],[0,"56AwEMbSpLRZ5BPHdF17sg",2]],[31,"text",[[2,"+1",37,37,false,-337,[38],39],[1,2,-338,[4,4278190080]]],[0,"78V15FTERHcK24EtUpUs/A",2],[4,4283692543],[5,39.3,50.62],[-41.139,-43.275,0,0,0,0.2567364100944095,0.966481461659682,1,1,1],[1,0,0,29.753]],[6,"bubble",18,[-340],[[4,-339,[47],48]],[0,"51krsp9F1M77P2FAAYZDEM",2],[5,103,102],[29.643,-157.969,0,0,0,0,1,1,1,1]],[31,"text",[[2,"+1",30,30,false,-341,[44],45],[1,2,-342,[4,4278190080]]],[0,"e4GK5TWshDvoZH4+5GbleS",2],[4,4283692543],[5,32.620000000000005,41.8],[45.15,-38.302,0,0,0,-0.18223552549214747,0.9832549075639546,1,1,1],[1,0,0,-21]],[20,"progressTxt",19,[[-343,[1,2,-344,[4,4278190080]]],1,4],[0,"20yCWFxTlIS6RvxdHNQZIR",2],[5,64,41.8],[-2.229,-9.314,0,0,0,0,1,1,1,1]],[5,"txt",20,[[2,"领取",30,30,false,-345,[56],57],[1,2,-346,[4,4278190080]]],[0,"c6TGi/IUdAZr8xo80y1uyE",2],[5,64,41.8],[1.554,-1.554,0,0,0,0,1,1,1,1]],[6,"plantSkinView_2",9,[-348],[[9,0,-347,[64],65]],[0,"85MqCglIVMi7hhxZKeJdOp",9],[5,227.3,55.96],[0.5,106.53,0,0,0,0,1,1,1,1]],[12,"buy_text",81,[[2,"新皮肤",33,30,false,-349,[62],63],[1,2,-350,[4,4278190080]]],[0,"d7Y7ccdbZHdpOc77EV6hQ9",9],[4,4284081919],[5,103,41.8]],[20,"progressTxt",21,[[-351,[1,2,-352,[4,4278190080]]],1,4],[0,"20yCWFxTlIS6RvxdHNQZIR",9],[5,64,41.8],[-2.229,-9.314,0,0,0,0,1,1,1,1]],[5,"txt",22,[[2,"领取",30,30,false,-353,[77],78],[1,2,-354,[4,4278190080]]],[0,"c6TGi/IUdAZr8xo80y1uyE",9],[5,64,41.8],[1.554,-1.554,0,0,0,0,1,1,1,1]],[6,"plantSkinView_2",10,[-356],[[9,0,-355,[85],86]],[0,"85MqCglIVMi7hhxZKeJdOp",10],[5,227.3,55.96],[0.5,106.53,0,0,0,0,1,1,1,1]],[12,"buy_text",85,[[2,"新植物",33,30,false,-357,[83],84],[1,2,-358,[4,4278190080]]],[0,"d7Y7ccdbZHdpOc77EV6hQ9",10],[4,4284081919],[5,103,41.8]],[20,"progressTxt",23,[[-359,[1,2,-360,[4,4278190080]]],1,4],[0,"20yCWFxTlIS6RvxdHNQZIR",10],[5,64,41.8],[-2.229,-9.314,0,0,0,0,1,1,1,1]],[5,"txt",24,[[2,"领取",30,30,false,-361,[98],99],[1,2,-362,[4,4278190080]]],[0,"c6TGi/IUdAZr8xo80y1uyE",10],[5,64,41.8],[1.554,-1.554,0,0,0,0,1,1,1,1]],[6,"plantSkinView_2",3,[-364],[[9,0,-363,[106],107]],[0,"85MqCglIVMi7hhxZKeJdOp",3],[5,227.3,55.96],[0.5,106.53,0,0,0,0,1,1,1,1]],[12,"buy_text",89,[[2,"资源礼包",33,30,false,-365,[104],105],[1,2,-366,[4,4278190080]]],[0,"d7Y7ccdbZHdpOc77EV6hQ9",3],[4,4284081919],[5,136,41.8]],[6,"bubble",25,[-368],[[4,-367,[112],113]],[0,"fc2N6fYFxGYpeAkVymwRje",3],[5,103,102],[16.892,-73.299,0,0,0,0,1,0.9,0.9,1]],[35,"free_sun_btn",91,[-369,-370],[0,"cdO2KaTJpE3J9qxqB3FJnR",3],[5,100,100],[0.4407,-1.236,0,0,0,-0.12192997437186266,0.9925387052149034,0.8,0.8,0.8],[1,0,0,-14.007]],[40,"free_sun",92,[[36,"New Node",-372,[0,"c88AyzwL9MKYIUBvDJsmEZ",3]]],[[15,"default","1ui_idle",0,"1ui_idle",true,-371,[108],109]],[0,"37O7EA92ZNDICYklDYDLtT",3]],[30,"text",92,[[2,"+1",30,30,false,-373,[110],111],[1,2,-374,[4,4278190080]]],[0,"92N4bzxHxBg7VBa6lhO0qp",3],[4,4283692543],[5,32.620000000000005,41.8],[60.502,-20.476,0,0,0,-0.06098756683585237,0.9981385258026275,1.25,1.25,1.25],[1,0,0,-6.993]],[37,"New Node",false,25,[-375,-376],[0,"92R+4a2flGs6sd6fd8edbu",3],[-49.183,-70.991,0,0,0,0.16016545589512243,0.9870901816642224,1,1,1],[1,0,0,18.433]],[30,"text",95,[[2,"1000",20,20,false,-377,[116],117],[1,2,-378,[4,4278190080]]],[0,"a8OSX0zeZJUaXDrpeYuC8R",3],[4,4283692543],[5,46.24,29.2],[4.506,-35.798,0,0,0,0.04689724267181702,0.9988997190057572,1,1,1],[1,0,0,5.376]],[6,"bubble",25,[-380],[[4,-379,[122],123]],[0,"3em1pDBmZBordufxoGbFT8",3],[5,103,102],[-45.898,-121.728,0,0,0,0,1,0.75,0.75,1]],[38,"auto_pick",[-382],[[15,"default","2ui_idle",0,"2ui_idle",true,-381,[120],121]],[0,"56AwEMbSpLRZ5BPHdF17sg",3]],[31,"text",[[2,"+1",37,37,false,-383,[118],119],[1,2,-384,[4,4278190080]]],[0,"78V15FTERHcK24EtUpUs/A",3],[4,4283692543],[5,39.3,50.62],[-41.139,-43.275,0,0,0,0.2567364100944095,0.966481461659682,1,1,1],[1,0,0,29.753]],[6,"bubble",25,[-386],[[4,-385,[127],128]],[0,"51krsp9F1M77P2FAAYZDEM",3],[5,103,102],[29.643,-157.969,0,0,0,0,1,1,1,1]],[31,"text",[[2,"+1",30,30,false,-387,[124],125],[1,2,-388,[4,4278190080]]],[0,"e4GK5TWshDvoZH4+5GbleS",3],[4,4283692543],[5,32.620000000000005,41.8],[45.15,-38.302,0,0,0,-0.18223552549214747,0.9832549075639546,1,1,1],[1,0,0,-21]],[20,"progressTxt",26,[[-389,[1,2,-390,[4,4278190080]]],1,4],[0,"20yCWFxTlIS6RvxdHNQZIR",3],[5,64,41.8],[-2.229,-9.314,0,0,0,0,1,1,1,1]],[5,"txt",27,[[2,"领取",30,30,false,-391,[136],137],[1,2,-392,[4,4278190080]]],[0,"c6TGi/IUdAZr8xo80y1uyE",3],[5,64,41.8],[1.554,-1.554,0,0,0,0,1,1,1,1]],[6,"plantSkinView_2",5,[-394],[[9,0,-393,[144],145]],[0,"85MqCglIVMi7hhxZKeJdOp",5],[5,227.3,55.96],[0.5,106.53,0,0,0,0,1,1,1,1]],[12,"buy_text",104,[[2,"新皮肤",33,30,false,-395,[142],143],[1,2,-396,[4,4278190080]]],[0,"d7Y7ccdbZHdpOc77EV6hQ9",5],[4,4284081919],[5,103,41.8]],[7,"nameTxt",5,[[2,"观音猫尾草",30,30,false,-397,[151],152],[1,2,-398,[4,4278190080]]],[0,"64C4iVfwdFfrTf8BobtxB4",5],[4,4284934399],[5,154,41.8],[0,-91.367,0,0,0,0,1,1,1,1]],[20,"progressTxt",28,[[-399,[1,2,-400,[4,4278190080]]],1,4],[0,"20yCWFxTlIS6RvxdHNQZIR",5],[5,64,41.8],[-2.229,-9.314,0,0,0,0,1,1,1,1]],[5,"txt",29,[[2,"领取",30,30,false,-401,[159],160],[1,2,-402,[4,4278190080]]],[0,"c6TGi/IUdAZr8xo80y1uyE",5],[5,64,41.8],[1.554,-1.554,0,0,0,0,1,1,1,1]],[6,"plantSkinView_2",6,[-404],[[9,0,-403,[167],168]],[0,"85MqCglIVMi7hhxZKeJdOp",6],[5,227.3,55.96],[0.5,106.53,0,0,0,0,1,1,1,1]],[12,"buy_text",109,[[2,"新植物",33,30,false,-405,[165],166],[1,2,-406,[4,4278190080]]],[0,"d7Y7ccdbZHdpOc77EV6hQ9",6],[4,4284081919],[5,103,41.8]],[7,"nameTxt",6,[[2,"激光豆",30,30,false,-407,[172],173],[1,2,-408,[4,4278190080]]],[0,"7e563/hsZIoI6ujCz9r//V",6],[4,4284934399],[5,94,41.8],[0,-91.367,0,0,0,0,1,1,1,1]],[20,"progressTxt",30,[[-409,[1,2,-410,[4,4278190080]]],1,4],[0,"20yCWFxTlIS6RvxdHNQZIR",6],[5,64,41.8],[-2.229,-9.314,0,0,0,0,1,1,1,1]],[5,"txt",31,[[2,"领取",30,30,false,-411,[182],183],[1,2,-412,[4,4278190080]]],[0,"c6TGi/IUdAZr8xo80y1uyE",6],[5,64,41.8],[1.554,-1.554,0,0,0,0,1,1,1,1]],[6,"plantSkinView_2",4,[-414],[[9,0,-413,[190],191]],[0,"85MqCglIVMi7hhxZKeJdOp",4],[5,227.3,55.96],[0.5,106.53,0,0,0,0,1,1,1,1]],[12,"buy_text",114,[[2,"资源礼包",33,30,false,-415,[188],189],[1,2,-416,[4,4278190080]]],[0,"d7Y7ccdbZHdpOc77EV6hQ9",4],[4,4284081919],[5,136,41.8]],[6,"bubble",32,[-418],[[4,-417,[196],197]],[0,"fc2N6fYFxGYpeAkVymwRje",4],[5,103,102],[16.892,-73.299,0,0,0,0,1,0.9,0.9,1]],[35,"free_sun_btn",116,[-419,-420],[0,"cdO2KaTJpE3J9qxqB3FJnR",4],[5,100,100],[0.4407,-1.236,0,0,0,-0.12192997437186266,0.9925387052149034,0.8,0.8,0.8],[1,0,0,-14.007]],[40,"free_sun",117,[[36,"New Node",-422,[0,"c88AyzwL9MKYIUBvDJsmEZ",4]]],[[15,"default","1ui_idle",0,"1ui_idle",true,-421,[192],193]],[0,"37O7EA92ZNDICYklDYDLtT",4]],[30,"text",117,[[2,"+1",30,30,false,-423,[194],195],[1,2,-424,[4,4278190080]]],[0,"92N4bzxHxBg7VBa6lhO0qp",4],[4,4283692543],[5,32.620000000000005,41.8],[60.502,-20.476,0,0,0,-0.06098756683585237,0.9981385258026275,1.25,1.25,1.25],[1,0,0,-6.993]],[37,"New Node",false,32,[-425,-426],[0,"92R+4a2flGs6sd6fd8edbu",4],[-49.183,-70.991,0,0,0,0.16016545589512243,0.9870901816642224,1,1,1],[1,0,0,18.433]],[30,"text",120,[[2,"1000",20,20,false,-427,[200],201],[1,2,-428,[4,4278190080]]],[0,"a8OSX0zeZJUaXDrpeYuC8R",4],[4,4283692543],[5,46.24,29.2],[4.506,-35.798,0,0,0,0.04689724267181702,0.9988997190057572,1,1,1],[1,0,0,5.376]],[6,"bubble",32,[-430],[[4,-429,[206],207]],[0,"3em1pDBmZBordufxoGbFT8",4],[5,103,102],[-45.898,-121.728,0,0,0,0,1,0.75,0.75,1]],[38,"auto_pick",[-432],[[15,"default","2ui_idle",0,"2ui_idle",true,-431,[204],205]],[0,"56AwEMbSpLRZ5BPHdF17sg",4]],[31,"text",[[2,"+1",37,37,false,-433,[202],203],[1,2,-434,[4,4278190080]]],[0,"78V15FTERHcK24EtUpUs/A",4],[4,4283692543],[5,39.3,50.62],[-41.139,-43.275,0,0,0,0.2567364100944095,0.966481461659682,1,1,1],[1,0,0,29.753]],[6,"bubble",32,[-436],[[4,-435,[211],212]],[0,"51krsp9F1M77P2FAAYZDEM",4],[5,103,102],[29.643,-157.969,0,0,0,0,1,1,1,1]],[31,"text",[[2,"+1",30,30,false,-437,[208],209],[1,2,-438,[4,4278190080]]],[0,"e4GK5TWshDvoZH4+5GbleS",4],[4,4283692543],[5,32.620000000000005,41.8],[45.15,-38.302,0,0,0,-0.18223552549214747,0.9832549075639546,1,1,1],[1,0,0,-21]],[20,"progressTxt",33,[[-439,[1,2,-440,[4,4278190080]]],1,4],[0,"20yCWFxTlIS6RvxdHNQZIR",4],[5,64,41.8],[-2.229,-9.314,0,0,0,0,1,1,1,1]],[5,"txt",34,[[2,"领取",30,30,false,-441,[220],221],[1,2,-442,[4,4278190080]]],[0,"c6TGi/IUdAZr8xo80y1uyE",4],[5,64,41.8],[1.554,-1.554,0,0,0,0,1,1,1,1]],[6,"plantSkinView_2",7,[-444],[[9,0,-443,[228],229]],[0,"85MqCglIVMi7hhxZKeJdOp",7],[5,227.3,55.96],[0.5,106.53,0,0,0,0,1,1,1,1]],[12,"buy_text",129,[[2,"新皮肤",33,30,false,-445,[226],227],[1,2,-446,[4,4278190080]]],[0,"d7Y7ccdbZHdpOc77EV6hQ9",7],[4,4284081919],[5,103,41.8]],[7,"nameTxt",7,[[2,"风婆三叶草",30,30,false,-447,[235],236],[1,2,-448,[4,4278190080]]],[0,"64C4iVfwdFfrTf8BobtxB4",7],[4,4284934399],[5,154,41.8],[0,-91.367,0,0,0,0,1,1,1,1]],[20,"progressTxt",35,[[-449,[1,2,-450,[4,4278190080]]],1,4],[0,"20yCWFxTlIS6RvxdHNQZIR",7],[5,64,41.8],[-2.229,-9.314,0,0,0,0,1,1,1,1]],[5,"txt",36,[[2,"领取",30,30,false,-451,[243],244],[1,2,-452,[4,4278190080]]],[0,"c6TGi/IUdAZr8xo80y1uyE",7],[5,64,41.8],[1.554,-1.554,0,0,0,0,1,1,1,1]],[6,"plantSkinView_2",8,[-454],[[9,0,-453,[251],252]],[0,"85MqCglIVMi7hhxZKeJdOp",8],[5,227.3,55.96],[0.5,106.53,0,0,0,0,1,1,1,1]],[12,"buy_text",134,[[2,"新植物",33,30,false,-455,[249],250],[1,2,-456,[4,4278190080]]],[0,"d7Y7ccdbZHdpOc77EV6hQ9",8],[4,4284081919],[5,103,41.8]],[7,"nameTxt",8,[[2,"火龙草",30,30,false,-457,[256],257],[1,2,-458,[4,4278190080]]],[0,"7e563/hsZIoI6ujCz9r//V",8],[4,4284934399],[5,94,41.8],[0,-91.367,0,0,0,0,1,1,1,1]],[20,"progressTxt",37,[[-459,[1,2,-460,[4,4278190080]]],1,4],[0,"20yCWFxTlIS6RvxdHNQZIR",8],[5,64,41.8],[-2.229,-9.314,0,0,0,0,1,1,1,1]],[5,"txt",38,[[2,"领取",30,30,false,-461,[266],267],[1,2,-462,[4,4278190080]]],[0,"c6TGi/IUdAZr8xo80y1uyE",8],[5,64,41.8],[1.554,-1.554,0,0,0,0,1,1,1,1]],[7,"txt",48,[[32,"四季合合",36,false,1,1,-463,[276],277],[1,3,-464,[4,4278202957]]],[3,"57Da3qGjtKpY96uI7HQT8x",1,0],[4,4284072191],[5,150,56.4],[-8.909,0,0,0,0,0,1,1,1,1]],[7,"txt",51,[[32,"天天铺铁路",32,false,1,1,-465,[286],287],[1,3,-466,[4,4278202957]]],[3,"79YfhzjLtKw7+6s6uHy+Ma",1,0],[4,4284072191],[5,166,56.4],[-8.909,0,0,0,0,0,1,1,1,1]],[7,"txt",54,[[32,"植物大作战",32,false,1,1,-467,[296],297],[1,3,-468,[4,4278202957]]],[3,"25kdEvkHlNRbdysipc2kl/",1,0],[4,4284072191],[5,166,56.4],[-8.909,0,0,0,0,0,1,1,1,1]],[54,"content",13,[15,16],[0,"fbCsKoPsJLcaG0HFUoZFNz",11],[5,414,200]],[7,"txt",57,[[43,"立即使用",30,34,false,1,1,-469,[316],317],[1,2,-470,[4,4278330370]]],[0,"7az2pwK/9EqpcTvQwDnjj0",15],[4,4279746326],[5,124,46.84],[-3,4,0,0,0,0,1,1,1,1]],[7,"txt",58,[[43,"确认",30,34,false,1,1,-471,[320],321],[1,2,-472,[4,4278330370]]],[0,"a09lJUbeRAFbp+mvk6recj",16],[4,4279746326],[5,64,46.84],[-3,4,0,0,0,0,1,1,1,1]],[5,"btn_close",11,[[9,0,-473,[324],325],[10,3,-474,[[28,"df1aaODa3hMxqf1fW+eOghN","closeRewardView",1]]]],[0,"10LP1EjjtBWo0v7a6jj1kP",11],[5,36.4,34],[351.551,267.151,0,0,0,0,1,2,2,0]],[5,"rank_grass",1,[[9,0,-475,[2],3]],[3,"71+POizXJKprOTOc0wXE8X",1,0],[5,848,46],[-7.2,304.884,0,0,0,0,1,1,1,1]],[12,"text",17,[[2,"立即前往",30,28,false,-476,[10],11]],[3,"30Z9qy4UxJ8qptd83uUITj",1,0],[4,4285072899],[5,120,35.28]],[5,"djwq",40,[[4,-477,[14],15]],[3,"fdppD1p5RFcaFjKR/pqvQp",1,0],[5,74,23],[0,-23.871,0,0,0,0,1,1,1,1]],[5,"sjhh_arrow",40,[[4,-478,[16],17]],[3,"desofYfl5OSZvm+VY49qyB",1,0],[5,70,63],[0,16.437,0,0,0,0,1,1,1,1]],[11,"gold_hole_1",72,[[9,0,-479,[34],35]],[0,"bc1CdLkSpNGYXBnh23jDg7",2],[5,53,44.1]],[17,"auto_pick_btn",74,[75],[0,"54Ma/K0zZFY5HmaaDq9zX3",2],[5,100,100],[-0.4173,-0.1782,0,0,0,0,1,0.7,0.7,0.7]],[29,"New Node",75,[76],[0,"a0rRxBOwpD2ZvS2BSxgY0G",2]],[17,"cherry_bomb_btn",77,[42],[0,"e6+4DjQ51I34frPshyZuGD",2],[5,100,100],[0,0,0,0,0,0,1,0.8,0.8,0.9]],[29,"New Node",42,[78],[0,"1evW4y7ahLjY/6tdbO4e5F",2]],[44,"default","3ui_idle1",0,"3ui_idle1",true,42,[46]],[11,"spine",2,[[26,"skin1",0,"idle",-480,[49]]],[0,"78IJpCZ75Kv4JET1WmEk83",2],[5,126.36000061035156,68.04000854492188]],[7,"buy_text",2,[[2,"四季合合等级达到5级",23,30,false,-481,[50],51]],[0,"90J2zFlMlBU5Fn41Ukgpgf",2],[4,4284081919],[5,223.1,37.8],[0,-152.381,0,0,0,0,1,1,1,1]],[21,"bar",19,[-482],[0,"bci37V451E1aJpgPVJv811",2],[5,120,23.4],[0,0,0.5],[-118.45,0,0,0,0,0,1,1,1,1]],[22,1,0,158,[52]],[25,"已领取",20,30,false,79,[53]],[27,240,0.5,19,159],[18,"item",9,[-483],[0,"0aY5b2ME5EZ46cLuafBX5S",9],[0.5,106.53,0,0,0,0,1,1,1,1]],[5,"24_plant",162,[[15,"skin2_1","idle",0,"idle",true,-484,[66],67]],[0,"c7giDwixVFqrrFitghVXf0",9],[5,103.58099365234375,198.5875244140625],[0.803,-191.535,0,0,0,0,1,0.8,0.8,0.8]],[11,"spine",9,[[26,"skin1",0,"idle",-485,[68]]],[0,"78IJpCZ75Kv4JET1WmEk83",9],[5,126.36000061035156,68.04000854492188]],[5,"rewardName3",9,[[4,-486,[69],70]],[0,"28Ko4AwkZBnpHLzOS7GVGk",9],[5,167,33],[0,-91.67,0,0,0,0,1,1,1,1]],[7,"buy_text",9,[[2,"四季合合等级达到10级",23,30,false,-487,[71],72]],[0,"90J2zFlMlBU5Fn41Ukgpgf",9],[4,4284081919],[5,228.62,37.8],[0,-152.381,0,0,0,0,1,1,1,1]],[21,"bar",21,[-488],[0,"bci37V451E1aJpgPVJv811",9],[5,120,23.4],[0,0,0.5],[-118.45,0,0,0,0,0,1,1,1,1]],[22,1,0,167,[73]],[25,"已领取",20,30,false,83,[74]],[27,240,0.5,21,168],[18,"item",10,[-489],[0,"0aY5b2ME5EZ46cLuafBX5S",10],[0.5,106.53,0,0,0,0,1,1,1,1]],[5,"24_plant",171,[[15,"default","idle",0,"idle",true,-490,[87],88]],[0,"c7giDwixVFqrrFitghVXf0",10],[5,136.4259490966797,100.33556365966797],[0.803,-163.371,0,0,0,0,1,1,1,0.8]],[11,"spine",10,[[26,"skin1",0,"idle",-491,[89]]],[0,"78IJpCZ75Kv4JET1WmEk83",10],[5,126.36000061035156,68.04000854492188]],[5,"rewardName3",10,[[4,-492,[90],91]],[0,"28Ko4AwkZBnpHLzOS7GVGk",10],[5,66,34],[0,-91.67,0,0,0,0,1,1,1,1]],[7,"buy_text",10,[[2,"四季合合等级达到15级",23,30,false,-493,[92],93]],[0,"90J2zFlMlBU5Fn41Ukgpgf",10],[4,4284081919],[5,231.24,37.8],[0,-152.381,0,0,0,0,1,1,1,1]],[21,"bar",23,[-494],[0,"bci37V451E1aJpgPVJv811",10],[5,120,23.4],[0,0,0.5],[-118.45,0,0,0,0,0,1,1,1,1]],[22,1,0,176,[94]],[25,"已领取",20,30,false,87,[95]],[27,240,0.5,23,177],[11,"gold_hole_1",95,[[9,0,-495,[114],115]],[0,"bc1CdLkSpNGYXBnh23jDg7",3],[5,53,44.1]],[17,"auto_pick_btn",97,[98],[0,"54Ma/K0zZFY5HmaaDq9zX3",3],[5,100,100],[-0.4173,-0.1782,0,0,0,0,1,0.7,0.7,0.7]],[29,"New Node",98,[99],[0,"a0rRxBOwpD2ZvS2BSxgY0G",3]],[17,"cherry_bomb_btn",100,[44],[0,"e6+4DjQ51I34frPshyZuGD",3],[5,100,100],[0,0,0,0,0,0,1,0.8,0.8,0.9]],[29,"New Node",44,[101],[0,"1evW4y7ahLjY/6tdbO4e5F",3]],[44,"default","3ui_idle1",0,"3ui_idle1",true,44,[126]],[11,"spine",3,[[26,"skin1",0,"idle",-496,[129]]],[0,"78IJpCZ75Kv4JET1WmEk83",3],[5,126.36000061035156,68.04000854492188]],[7,"buy_text",3,[[2,"植物大作战通过5关",23,30,false,-497,[130],131]],[0,"90J2zFlMlBU5Fn41Ukgpgf",3],[4,4284081919],[5,200.1,37.8],[0,-152.381,0,0,0,0,1,1,1,1]],[21,"bar",26,[-498],[0,"bci37V451E1aJpgPVJv811",3],[5,120,23.4],[0,0,0.5],[-118.45,0,0,0,0,0,1,1,1,1]],[22,1,0,188,[132]],[25,"已领取",20,30,false,102,[133]],[27,240,0.5,26,189],[18,"item",5,[-499],[0,"0aY5b2ME5EZ46cLuafBX5S",5],[0.5,106.53,0,0,0,0,1,1,1,1]],[5,"24_plant",192,[[15,"skin2","idle",0,"idle",true,-500,[146],147]],[0,"c7giDwixVFqrrFitghVXf0",5],[5,112.66801452636719,143.66400146484375],[0.803,-145.926,0,0,0,0,1,0.8,0.8,0.8]],[11,"spine",5,[[26,"skin1",0,"idle",-501,[148]]],[0,"78IJpCZ75Kv4JET1WmEk83",5],[5,126.36000061035156,68.04000854492188]],[33,"rewardName3",false,5,[[4,-502,[149],150]],[0,"28Ko4AwkZBnpHLzOS7GVGk",5],[5,167,33],[0,-91.67,0,0,0,0,1,1,1,1]],[7,"buy_text",5,[[2,"植物大作战通过15关",23,30,false,-503,[153],154]],[0,"90J2zFlMlBU5Fn41Ukgpgf",5],[4,4284081919],[5,208.24,37.8],[0,-152.381,0,0,0,0,1,1,1,1]],[21,"bar",28,[-504],[0,"bci37V451E1aJpgPVJv811",5],[5,120,23.4],[0,0,0.5],[-118.45,0,0,0,0,0,1,1,1,1]],[22,1,0,197,[155]],[25,"已领取",20,30,false,107,[156]],[27,240,0.5,28,198],[18,"item",6,[-505],[0,"0aY5b2ME5EZ46cLuafBX5S",6],[0.5,106.53,0,0,0,0,1,1,1,1]],[5,"24_plant",201,[[15,"default","idle",0,"idle",true,-506,[169],170]],[0,"c7giDwixVFqrrFitghVXf0",6],[5,78.73992919921875,93.61995697021484],[0.803,-136.562,0,0,0,0,1,1,1,0.8]],[11,"spine",6,[[26,"skin1",0,"idle",-507,[171]]],[0,"78IJpCZ75Kv4JET1WmEk83",6],[5,126.36000061035156,68.04000854492188]],[33,"rewardName3",false,6,[[4,-508,[174],175]],[0,"28Ko4AwkZBnpHLzOS7GVGk",6],[5,66,34],[0,-91.67,0,0,0,0,1,1,1,1]],[7,"buy_text",6,[[2,"植物大作战通过40关",23,30,false,-509,[176],177]],[0,"90J2zFlMlBU5Fn41Ukgpgf",6],[4,4284081919],[5,213.99,37.8],[0,-152.381,0,0,0,0,1,1,1,1]],[21,"bar",30,[-510],[0,"bci37V451E1aJpgPVJv811",6],[5,120,23.4],[0,0,0.5],[-118.45,0,0,0,0,0,1,1,1,1]],[22,1,0,206,[178]],[25,"已领取",20,30,false,112,[179]],[27,240,0.5,30,207],[11,"gold_hole_1",120,[[9,0,-511,[198],199]],[0,"bc1CdLkSpNGYXBnh23jDg7",4],[5,53,44.1]],[17,"auto_pick_btn",122,[123],[0,"54Ma/K0zZFY5HmaaDq9zX3",4],[5,100,100],[-0.4173,-0.1782,0,0,0,0,1,0.7,0.7,0.7]],[29,"New Node",123,[124],[0,"a0rRxBOwpD2ZvS2BSxgY0G",4]],[17,"cherry_bomb_btn",125,[46],[0,"e6+4DjQ51I34frPshyZuGD",4],[5,100,100],[0,0,0,0,0,0,1,0.8,0.8,0.9]],[29,"New Node",46,[126],[0,"1evW4y7ahLjY/6tdbO4e5F",4]],[44,"default","3ui_idle1",0,"3ui_idle1",true,46,[210]],[11,"spine",4,[[26,"skin1",0,"idle",-512,[213]]],[0,"78IJpCZ75Kv4JET1WmEk83",4],[5,126.36000061035156,68.04000854492188]],[7,"buy_text",4,[[2,"天天铺铁路达成30星",23,30,false,-513,[214],215]],[0,"90J2zFlMlBU5Fn41Ukgpgf",4],[4,4284081919],[5,212.86,37.8],[0,-152.381,0,0,0,0,1,1,1,1]],[21,"bar",33,[-514],[0,"bci37V451E1aJpgPVJv811",4],[5,120,23.4],[0,0,0.5],[-118.45,0,0,0,0,0,1,1,1,1]],[22,1,0,218,[216]],[25,"已领取",20,30,false,127,[217]],[27,240,0.5,33,219],[18,"item",7,[-515],[0,"0aY5b2ME5EZ46cLuafBX5S",7],[0.5,106.53,0,0,0,0,1,1,1,1]],[5,"24_plant",222,[[15,"skin2","idle",0,"idle",true,-516,[230],231]],[0,"c7giDwixVFqrrFitghVXf0",7],[5,134.19000244140625,136.36135864257812],[0.803,-145.926,0,0,0,0,1,0.8,0.8,0.8]],[11,"spine",7,[[26,"skin1",0,"idle",-517,[232]]],[0,"78IJpCZ75Kv4JET1WmEk83",7],[5,126.36000061035156,68.04000854492188]],[33,"rewardName3",false,7,[[4,-518,[233],234]],[0,"28Ko4AwkZBnpHLzOS7GVGk",7],[5,167,33],[0,-91.67,0,0,0,0,1,1,1,1]],[7,"buy_text",7,[[2,"天天铺铁路达成120星",23,30,false,-519,[237],238]],[0,"90J2zFlMlBU5Fn41Ukgpgf",7],[4,4284081919],[5,220.22,37.8],[0,-152.381,0,0,0,0,1,1,1,1]],[21,"bar",35,[-520],[0,"bci37V451E1aJpgPVJv811",7],[5,120,23.4],[0,0,0.5],[-118.45,0,0,0,0,0,1,1,1,1]],[22,1,0,227,[239]],[25,"已领取",20,30,false,132,[240]],[27,240,0.5,35,228],[18,"item",8,[-521],[0,"0aY5b2ME5EZ46cLuafBX5S",8],[0.5,106.53,0,0,0,0,1,1,1,1]],[5,"24_plant",231,[[15,"default","idle",0,"idle",true,-522,[253],254]],[0,"c7giDwixVFqrrFitghVXf0",8],[5,96.73001098632812,120.02001190185547],[0.803,-155.948,0,0,0,0,1,1,1,0.8]],[11,"spine",8,[[26,"skin1",0,"idle",-523,[255]]],[0,"78IJpCZ75Kv4JET1WmEk83",8],[5,126.36000061035156,68.04000854492188]],[33,"rewardName3",false,8,[[4,-524,[258],259]],[0,"28Ko4AwkZBnpHLzOS7GVGk",8],[5,66,34],[0,-91.67,0,0,0,0,1,1,1,1]],[7,"buy_text",8,[[2,"天天铺铁路达成200星",23,30,false,-525,[260],261]],[0,"90J2zFlMlBU5Fn41Ukgpgf",8],[4,4284081919],[5,225.56,37.8],[0,-152.381,0,0,0,0,1,1,1,1]],[21,"bar",37,[-526],[0,"bci37V451E1aJpgPVJv811",8],[5,120,23.4],[0,0,0.5],[-118.45,0,0,0,0,0,1,1,1,1]],[22,1,0,236,[262]],[25,"已领取",20,30,false,137,[263]],[27,240,0.5,37,237],[5,"rank_arrow",48,[[4,-527,[274],275]],[3,"9cvHdwyVtEQJD6eNeEzAM4",1,0],[5,21,35],[83.726,1.263,0,0,0,0,1,1,1,1]],[12,"txt",49,[[32,"四季合合",36,false,1,1,-528,[280],281]],[3,"20nZAbC2dLfpN72FR/3knq",1,0],[4,4278200380],[5,144,50.4]],[5,"rank_arrow",51,[[4,-529,[284],285]],[3,"efTeQlx9ZFXZU+Qqo3aQVg",1,0],[5,21,35],[83.726,1.263,0,0,0,0,1,1,1,1]],[12,"txt",52,[[32,"天天铺铁路",32,false,1,1,-530,[290],291]],[3,"32YqYntaxOW5TO52fEEKka",1,0],[4,4278200380],[5,160,50.4]],[5,"rank_arrow",54,[[4,-531,[294],295]],[3,"adMif6Op1HEK0NADStN2Sm",1,0],[5,21,35],[83.726,1.263,0,0,0,0,1,1,1,1]],[12,"txt",55,[[32,"植物大作战",32,false,1,1,-532,[300],301]],[3,"80eZ7r5QdNqIoHTs3R3zw0",1,0],[4,4278200380],[5,160,50.4]],[47,"common_pop_view_3",13,[[14,1,0,false,-533,[306],307]],[0,"baMcr1o31EM6c1AJLu/ACf",11],[5,739,225],[0,0.5,1],[1,122,0,0,0,0,1,1,1,1]],[5,"common_pop_view_2",13,[[14,1,0,false,-534,[308],309]],[0,"6fW6aIiR5On413NKowynn2",11],[5,745,202],[0,188,0,0,0,0,1,1,1,1]],[5,"common_pop_view_4",13,[[8,1,0,-535,[310],311]],[0,"34GblGvxlLZbyhBiMm8CBT",11],[5,750,125],[0,-162.238,0,0,0,0,1,1,1,1]],[5,"common_pop_view_1",13,[[4,-536,[312],313]],[0,"149IfkzEFNfYpxaIv7s4EN",11],[5,121,69],[2,290.485,0,0,0,0,1,1,1,1]],[7,"tittle",13,[[43,"你已经获得",38,41,false,1,1,-537,[314],315]],[0,"b8oyrcYtNE6IlrjEubTTLC",11],[4,4284081919],[5,190,51.66],[0,190.487,0,0,0,0,1,1,1,1]]],0,[0,5,1,0,-1,4,0,-2,7,0,-3,8,0,-1,3,0,-2,5,0,-3,6,0,-1,2,0,-2,9,0,-3,10,0,-1,47,0,-2,53,0,-3,50,0,-1,60,0,-2,61,0,-3,62,0,11,40,0,12,17,0,13,16,0,14,15,0,15,11,0,0,1,0,0,1,0,0,1,0,-1,59,0,-2,146,0,-3,14,0,-4,12,0,-5,39,0,-6,11,0,5,2,0,0,2,0,7,20,0,8,160,0,9,161,0,0,2,0,-1,66,0,-2,18,0,-3,156,0,-4,157,0,-5,19,0,-6,20,0,5,3,0,0,3,0,7,27,0,8,190,0,9,191,0,0,3,0,-1,89,0,-2,25,0,-3,186,0,-4,187,0,-5,26,0,-6,27,0,5,4,0,0,4,0,7,34,0,8,220,0,9,221,0,0,4,0,-1,114,0,-2,32,0,-3,216,0,-4,217,0,-5,33,0,-6,34,0,5,5,0,0,5,0,7,29,0,8,199,0,9,200,0,0,5,0,-1,104,0,-2,192,0,-3,194,0,-4,195,0,-5,106,0,-6,196,0,-7,28,0,-8,29,0,5,6,0,0,6,0,7,31,0,8,208,0,9,209,0,0,6,0,-1,109,0,-2,201,0,-3,203,0,-4,111,0,-5,204,0,-6,205,0,-7,30,0,-8,31,0,5,7,0,0,7,0,7,36,0,8,229,0,9,230,0,0,7,0,-1,129,0,-2,222,0,-3,224,0,-4,225,0,-5,131,0,-6,226,0,-7,35,0,-8,36,0,5,8,0,0,8,0,7,38,0,8,238,0,9,239,0,0,8,0,-1,134,0,-2,231,0,-3,233,0,-4,136,0,-5,234,0,-6,235,0,-7,37,0,-8,38,0,5,9,0,0,9,0,7,22,0,8,169,0,9,170,0,0,9,0,-1,81,0,-2,162,0,-3,164,0,-4,165,0,-5,166,0,-6,21,0,-7,22,0,5,10,0,0,10,0,7,24,0,8,178,0,9,179,0,0,10,0,-1,85,0,-2,171,0,-3,173,0,-4,174,0,-5,175,0,-6,23,0,-7,24,0,5,11,0,0,11,0,0,11,0,-1,56,0,-2,13,0,-3,145,0,0,12,0,-1,63,0,-2,64,0,-3,65,0,-4,41,0,-5,43,0,-6,45,0,-1,246,0,-2,247,0,-3,248,0,-4,249,0,-5,250,0,-6,142,0,-1,60,0,-2,61,0,-3,62,0,-4,17,0,-5,40,0,5,15,0,-1,57,0,5,16,0,-1,58,0,0,17,0,0,17,0,-1,147,0,-1,68,0,-2,72,0,-3,74,0,-4,77,0,0,19,0,-2,161,0,-1,158,0,-2,79,0,0,20,0,0,20,0,-1,80,0,0,21,0,-2,170,0,-1,167,0,-2,83,0,0,22,0,0,22,0,-1,84,0,0,23,0,-2,179,0,-1,176,0,-2,87,0,0,24,0,0,24,0,-1,88,0,-1,91,0,-2,95,0,-3,97,0,-4,100,0,0,26,0,-2,191,0,-1,188,0,-2,102,0,0,27,0,0,27,0,-1,103,0,0,28,0,-2,200,0,-1,197,0,-2,107,0,0,29,0,0,29,0,-1,108,0,0,30,0,-2,209,0,-1,206,0,-2,112,0,0,31,0,0,31,0,-1,113,0,-1,116,0,-2,120,0,-3,122,0,-4,125,0,0,33,0,-2,221,0,-1,218,0,-2,127,0,0,34,0,0,34,0,-1,128,0,0,35,0,-2,230,0,-1,227,0,-2,132,0,0,36,0,0,36,0,-1,133,0,0,37,0,-2,239,0,-1,236,0,-2,137,0,0,38,0,0,38,0,-1,138,0,0,39,0,-1,47,0,-2,50,0,-3,53,0,-1,148,0,-2,149,0,-1,155,0,10,155,0,0,42,0,-1,154,0,-1,185,0,10,185,0,0,44,0,-1,184,0,-1,215,0,10,215,0,0,46,0,-1,214,0,-1,48,0,-2,49,0,0,48,0,-1,240,0,-2,139,0,0,49,0,0,49,0,-1,241,0,-1,51,0,-2,52,0,0,51,0,-1,242,0,-2,140,0,0,52,0,0,52,0,-1,243,0,-1,54,0,-2,55,0,0,54,0,-1,244,0,-2,141,0,0,55,0,0,55,0,-1,245,0,0,56,0,0,56,0,0,56,0,0,57,0,0,57,0,-1,143,0,0,58,0,0,58,0,-1,144,0,0,59,0,0,59,0,0,60,0,0,61,0,0,62,0,0,63,0,0,63,0,0,64,0,0,64,0,0,65,0,0,65,0,0,66,0,-1,67,0,0,67,0,0,67,0,0,68,0,-1,69,0,-1,70,0,-2,71,0,0,70,0,3,70,0,0,71,0,0,71,0,-1,150,0,-2,73,0,0,73,0,0,73,0,0,74,0,-1,151,0,0,75,0,-1,152,0,0,76,0,0,76,0,0,77,0,-1,153,0,0,78,0,0,78,0,-1,160,0,0,79,0,0,80,0,0,80,0,0,81,0,-1,82,0,0,82,0,0,82,0,-1,169,0,0,83,0,0,84,0,0,84,0,0,85,0,-1,86,0,0,86,0,0,86,0,-1,178,0,0,87,0,0,88,0,0,88,0,0,89,0,-1,90,0,0,90,0,0,90,0,0,91,0,-1,92,0,-1,93,0,-2,94,0,0,93,0,3,93,0,0,94,0,0,94,0,-1,180,0,-2,96,0,0,96,0,0,96,0,0,97,0,-1,181,0,0,98,0,-1,182,0,0,99,0,0,99,0,0,100,0,-1,183,0,0,101,0,0,101,0,-1,190,0,0,102,0,0,103,0,0,103,0,0,104,0,-1,105,0,0,105,0,0,105,0,0,106,0,0,106,0,-1,199,0,0,107,0,0,108,0,0,108,0,0,109,0,-1,110,0,0,110,0,0,110,0,0,111,0,0,111,0,-1,208,0,0,112,0,0,113,0,0,113,0,0,114,0,-1,115,0,0,115,0,0,115,0,0,116,0,-1,117,0,-1,118,0,-2,119,0,0,118,0,3,118,0,0,119,0,0,119,0,-1,210,0,-2,121,0,0,121,0,0,121,0,0,122,0,-1,211,0,0,123,0,-1,212,0,0,124,0,0,124,0,0,125,0,-1,213,0,0,126,0,0,126,0,-1,220,0,0,127,0,0,128,0,0,128,0,0,129,0,-1,130,0,0,130,0,0,130,0,0,131,0,0,131,0,-1,229,0,0,132,0,0,133,0,0,133,0,0,134,0,-1,135,0,0,135,0,0,135,0,0,136,0,0,136,0,-1,238,0,0,137,0,0,138,0,0,138,0,0,139,0,0,139,0,0,140,0,0,140,0,0,141,0,0,141,0,0,143,0,0,143,0,0,144,0,0,144,0,0,145,0,0,145,0,0,146,0,0,147,0,0,148,0,0,149,0,0,150,0,0,156,0,0,157,0,-1,159,0,-1,163,0,0,163,0,0,164,0,0,165,0,0,166,0,-1,168,0,-1,172,0,0,172,0,0,173,0,0,174,0,0,175,0,-1,177,0,0,180,0,0,186,0,0,187,0,-1,189,0,-1,193,0,0,193,0,0,194,0,0,195,0,0,196,0,-1,198,0,-1,202,0,0,202,0,0,203,0,0,204,0,0,205,0,-1,207,0,0,210,0,0,216,0,0,217,0,-1,219,0,-1,223,0,0,223,0,0,224,0,0,225,0,0,226,0,-1,228,0,-1,232,0,0,232,0,0,233,0,0,234,0,0,235,0,-1,237,0,0,240,0,0,241,0,0,242,0,0,243,0,0,244,0,0,245,0,0,246,0,0,247,0,0,248,0,0,249,0,0,250,0,16,1,2,3,41,3,3,43,4,3,45,5,3,43,6,3,43,7,3,45,8,3,45,9,3,41,10,3,41,15,3,142,16,3,142,42,3,153,44,3,183,46,3,213,75,3,151,76,3,152,78,3,154,98,3,181,99,3,182,101,3,184,123,3,211,124,3,212,126,3,214,537],[0,0,0,0,0,0,0,0,0,0,0,0,0,0,0,0,0,0,0,0,0,0,0,0,0,0,0,0,0,0,0,0,0,0,0,0,0,0,0,0,0,0,0,0,0,0,0,0,0,0,0,0,0,0,0,0,0,0,0,0,0,0,0,0,0,0,0,0,0,0,0,0,0,0,0,0,0,0,0,0,0,0,0,0,0,0,0,0,0,0,0,0,0,0,0,0,0,0,0,0,0,0,0,0,0,0,0,0,0,0,0,0,0,0,0,0,0,0,0,0,0,0,0,0,0,0,0,0,0,0,0,0,0,0,0,0,0,0,0,0,0,0,0,0,0,0,0,0,0,0,0,0,0,0,0,0,0,0,0,0,0,0,0,0,0,0,0,0,0,0,0,0,0,0,0,0,0,0,0,0,0,0,0,0,0,0,0,0,0,0,0,0,0,0,0,0,0,0,0,0,0,0,0,0,0,0,0,0,0,0,0,0,0,0,0,0,0,0,0,0,0,0,0,0,0,0,0,0,0,0,0,0,0,0,0,0,0,0,0,0,0,0,0,0,0,0,0,0,0,0,0,0,0,0,0,0,0,0,0,0,0,0,0,0,0,0,0,0,0,0,0,0,0,0,0,0,0,0,0,0,0,0,0,0,0,0,0,0,0,0,0,0,0,0,0,0,0,0,0,0,0,0,0,0,0,0,0,0,0,0,0,0,0,0,0,0,0,0,0,0,0,0,0,0,0,0,155,159,160,168,169,177,178,185,189,190,198,199,207,208,215,219,220,228,229,237,238],[-1,1,-1,1,-1,1,-1,1,-1,1,-1,2,-1,1,-1,1,-1,1,-1,1,-1,2,-1,1,-1,2,-1,1,-1,4,-1,2,-1,1,-1,1,-1,2,-1,2,-1,4,-1,1,-1,2,-1,-1,1,-1,-1,2,-1,-1,-1,1,-1,2,-1,1,-1,1,-1,2,-1,1,-1,4,-1,-1,1,-1,2,-1,-1,-1,1,-1,2,-1,1,-1,1,-1,2,-1,1,-1,4,-1,-1,1,-1,2,-1,-1,-1,1,-1,2,-1,1,-1,1,-1,2,-1,1,-1,4,-1,2,-1,1,-1,1,-1,2,-1,2,-1,4,-1,1,-1,2,-1,-1,1,-1,-1,2,-1,-1,-1,1,-1,2,-1,1,-1,1,-1,2,-1,1,-1,4,-1,-1,1,-1,2,-1,2,-1,-1,-1,1,-1,2,-1,1,-1,1,-1,2,-1,1,-1,4,-1,-1,2,-1,1,-1,2,-1,-1,-1,1,-1,2,-1,1,-1,1,-1,2,-1,1,-1,4,-1,2,-1,1,-1,1,-1,2,-1,2,-1,4,-1,1,-1,2,-1,-1,1,-1,-1,2,-1,-1,-1,1,-1,2,-1,1,-1,1,-1,2,-1,1,-1,4,-1,-1,1,-1,2,-1,2,-1,-1,-1,1,-1,2,-1,1,-1,1,-1,2,-1,1,-1,4,-1,-1,2,-1,1,-1,2,-1,-1,-1,1,-1,2,-1,1,-1,1,-1,1,-1,1,-1,2,-1,1,-1,2,-1,1,-1,1,-1,2,-1,1,-1,2,-1,1,-1,1,-1,2,-1,1,-1,2,-1,1,-1,1,-1,1,-1,1,-1,1,-1,1,-1,2,-1,2,-1,1,-1,2,-1,1,-1,1,4,1,2,1,2,1,2,4,1,2,1,2,1,2,4,1,2,1,2,1,2],[0,17,0,21,0,22,0,23,0,24,0,1,0,25,0,26,0,27,0,18,0,1,0,28,0,1,0,3,2,4,0,1,0,5,0,11,0,1,0,1,2,4,0,5,0,1,2,0,5,2,0,1,0,0,0,6,0,1,0,7,0,8,0,1,0,3,10,29,2,0,12,0,1,0,0,0,6,0,1,0,7,0,8,0,1,0,3,10,30,2,0,13,0,1,0,0,0,6,0,1,0,7,0,8,0,1,0,3,2,4,0,1,0,5,0,11,0,1,0,1,2,4,0,5,0,1,2,0,5,2,0,1,0,0,0,6,0,1,0,7,0,8,0,1,0,3,10,31,2,0,12,0,1,0,1,0,0,0,6,0,1,0,7,0,8,0,1,0,3,10,32,2,0,1,0,13,0,1,0,0,0,6,0,1,0,7,0,8,0,1,0,3,2,4,0,1,0,5,0,11,0,1,0,1,2,4,0,5,0,1,2,0,5,2,0,1,0,0,0,6,0,1,0,7,0,8,0,1,0,3,10,33,2,0,12,0,1,0,1,0,0,0,6,0,1,0,7,0,8,0,1,0,3,10,34,2,0,1,0,13,0,1,0,0,0,6,0,1,0,7,0,8,0,35,0,14,0,1,0,15,0,1,0,16,0,14,0,1,0,15,0,1,0,16,0,14,0,1,0,15,0,1,0,16,0,17,0,36,0,37,0,38,0,39,0,1,0,1,0,19,0,1,0,19,0,18,4,9,1,9,1,9,1,4,9,1,9,1,9,1,4,9,1,9,1,9,1]],[[{"name":"progress","rect":[3,3,62,22],"offset":[0,0],"originalSize":[68,28],"capInsets":[28,10,31,9]}],[1],0,[0],[6],[40]],[[{"name":"progressBG","rect":[0,0,68,28],"offset":[0,0],"originalSize":[68,28],"capInsets":[33,14,33,13]}],[1],0,[0],[6],[41]],[[{"name":"sjhh_arrow","rect":[2,2,70,63],"offset":[-0.5,0.5],"originalSize":[75,68],"capInsets":[0,0,0,0]}],[1],0,[0],[6],[42]],[[{"name":"rewardName3","rect":[0,0,66,34],"offset":[0,0],"originalSize":[66,34],"capInsets":[0,0,0,0]}],[1],0,[0],[6],[43]],[[{"name":"djwq","rect":[2,2,74,23],"offset":[0,0],"originalSize":[78,27],"capInsets":[0,0,0,0]}],[1],0,[0],[6],[44]],[[{"name":"gameBanner2","rect":[0,0,603,228],"offset":[0,0],"originalSize":[603,228],"capInsets":[0,0,0,0]}],[1],0,[0],[6],[45]],[[{"name":"gameBanner","rect":[0,0,603,228],"offset":[0,0],"originalSize":[603,228],"capInsets":[0,0,0,0]}],[1],0,[0],[6],[46]],[[{"name":"rewardName2","rect":[0,0,167,33],"offset":[0,0],"originalSize":[167,33],"capInsets":[0,0,0,0]}],[1],0,[0],[6],[47]]]]