[1,["ecpdLyjvZBwrvm+cedCcQy","caohSHbS5GEIzmwCrnMGn5","1cHqVh0d9J1ZtFz3/k34GA","e2yEtDUlZLnqfn+5stM0sC","b4HZdEmcBGpaHgPzqaEDzw","ebvr8r80pHO5i38SwSw6HH","c9hlwL2MtBwYIL4t8LHCk7","7eWwmD6lxFx7jIxuf01Pkx","74j50eeX1MlpG77cAQ+mYV","a2MjXRFdtLlYQ5ouAFv/+R","55hKuP6bZHobg0R7ESepO8","bfSDBsij1FgJInHxxQ1pLJ","57Qs+B9qxHhralXy4Kxop4","c3PycBlHhLYqCQX8MRgmlC","fcdW3Y6wBD0Juu4L9Ui47I","a0Hu7mh1lL0YjxYgfU8hv0","7cNLm0QxZO7ogCwRFKozET","06rrWA8sJJw4HzdzAgID1+"],["node","_textureSetter","_spriteFrame","_N$file","root","paperSprite","data"],["cc.SpriteFrame",["cc.Node",["_name","_opacity","_components","_prefab","_contentSize","_trs","_parent","_children","_color"],1,9,4,5,7,1,2,5],["cc.Sprite",["_sizeMode","_type","_isTrimmedMode","node","_materials","_spriteFrame"],0,1,3,6],["cc.Widget",["_alignFlags","_originalWidth","_originalHeight","node"],0,1],["cc.PrefabInfo",["fileId","root","asset"],2,1,1],["cc.Label",["_string","_lineHeight","_isSystemFontUsed","_N$horizontalAlign","_N$verticalAlign","_fontSize","node","_materials","_N$file"],-3,1,3,6],["cc.Prefab",["_name"],2],["cc.Node",["_name","_parent","_components","_prefab","_contentSize"],2,1,2,4,5],["cc.BlockInputEvents",["node"],3,1],["5ab46dVn0lIiL0A+HFwDcq9",["node","paperSprite","paperFrames"],3,1,1,3],["cc.Button",["_N$transition","node","clickEvents"],2,1,9],["cc.ClickEvent",["_componentId","handler","target"],1,1],["cc.LabelOutline",["_width","node","_color"],2,1,5]],[[4,0,1,2,2],[1,0,6,7,2,3,4,5,2],[1,0,6,2,3,8,4,5,2],[12,0,1,2,2],[6,0,2],[1,0,7,2,3,4,5,2],[1,0,1,6,2,3,8,4,3],[7,0,1,2,3,4,2],[3,0,3,2],[3,0,1,2,3,4],[8,0,1],[9,0,1,2,1],[4,1,2,1],[2,1,0,2,3,4,5,4],[2,0,3,4,5,2],[2,3,4,5,1],[2,3,4,1],[10,0,1,2,2],[11,0,1,2,3],[5,0,1,2,3,4,6,7,8,6],[5,0,5,1,2,3,4,6,7,8,7]],[[[{"name":"paper_5","rect":[0,0,578,338],"offset":[0,0],"originalSize":[578,338],"capInsets":[0,0,0,0]}],[0],0,[0],[1],[3]],[[{"name":"paper_bg","rect":[1,0,738,489],"offset":[0,0.5],"originalSize":[740,490],"capInsets":[0,0,0,0]}],[0],0,[0],[1],[4]],[[{"name":"paper_1","rect":[0,0,539,346],"offset":[0,0],"originalSize":[539,346],"capInsets":[0,0,0,0]}],[0],0,[0],[1],[5]],[[{"name":"paper_6","rect":[0,0,505,290],"offset":[0,0],"originalSize":[505,290],"capInsets":[0,0,0,0]}],[0],0,[0],[1],[6]],[[{"name":"paper_4","rect":[0,0,531,348],"offset":[0,0],"originalSize":[531,348],"capInsets":[0,0,0,0]}],[0],0,[0],[1],[7]],[[{"name":"paper_2","rect":[0,0,521,332],"offset":[0,0],"originalSize":[521,332],"capInsets":[0,0,0,0]}],[0],0,[0],[1],[8]],[[[4,"CGPaperView"],[5,"CGPaperView",[-6,-7,-8,-9],[[8,45,-2],[10,-3],[11,-5,-4,[11,12,13,14,15,16]]],[12,-1,0],[5,1280,720],[640,360,0,0,0,0,1,1,1,1]],[1,"btn_next_part",1,[-12],[[13,1,0,false,-10,[9],10],[17,3,-11,[[18,"5ab46dVn0lIiL0A+HFwDcq9","clickNext",1]]]],[0,"317oV7NDhMwp/8qF0uiVIb",1,0],[5,350,91],[0,-277,0,0,0,0,1,1,1,0]],[6,"mask",177,1,[[14,0,-13,[0],1],[9,45,100,100,-14]],[0,"53uWjQSEtIdYv0gy3qzZQb",1,0],[4,4278190080],[5,1280,720]],[2,"tittle",1,[[19,"你发现了张纸条",44,false,1,1,-15,[2],3],[3,3,-16,[4,4278208621]]],[0,"876He1lS9IOIC3O/5XNJo9",1,0],[4,4284081919],[5,286,61.44],[0,285,0,0,0,0,1,1,1,1]],[1,"paper_bg",1,[-18],[[15,-17,[5],6]],[0,"52akNtl7tGgbDnjP4LBmxr",1,0],[5,738,489],[3,23,0,0,0,0,1,1,1,1]],[2,"txt",2,[[20,"继续",42,46,false,1,1,-19,[7],8],[3,2,-20,[4,4278596427]]],[0,"69oOoB5rtGdZE2ji/RlZh2",1,0],[4,4280135167],[5,88,61.96],[9,2,0,0,0,0,1,1,1,1]],[7,"paper_1",5,[-21],[0,"6aqeXzQ+5NBK/q4ahYBiMg",1,0],[5,578,338]],[16,7,[4]]],0,[0,4,1,0,0,1,0,0,1,0,5,8,0,0,1,0,-1,3,0,-2,4,0,-3,5,0,-4,2,0,0,2,0,0,2,0,-1,6,0,0,3,0,0,3,0,0,4,0,0,4,0,0,5,0,-1,7,0,0,6,0,0,6,0,-1,8,0,6,1,21],[0,0,0,0,0,0,0,0,0,0,0,0,0,0,0,0,0,8],[-1,2,-1,3,-1,-1,2,-1,3,-1,2,-1,-2,-3,-4,-5,-6,2],[0,9,0,1,0,0,10,0,1,0,11,12,13,14,15,2,16,2]],[[{"name":"paper_3","rect":[0,0,516,345],"offset":[0,0],"originalSize":[516,345],"capInsets":[0,0,0,0]}],[0],0,[0],[1],[17]]]]