[1,["ecpdLyjvZBwrvm+cedCcQy","caohSHbS5GEIzmwCrnMGn5","63Xhl1adlILooHaFKpcTGA","0eTMtHVPxAN7MDG9Tfj3EY","a2MjXRFdtLlYQ5ouAFv/+R","c1YDdWVANKrKUseu/BJmfj","7a/QZLET9IDreTiBfRn2PD","15/YKB1bZML7npb31dZP8p","7aKVSYjxdIO5IIx2FT60fw","1a9v13WN9DAr/9kjEwnsLW","5aalEjxDdKdrNa7bJxf8La","1e70b2473","dfMmHFPAFNmZDOgSb9HCJW","87ONANNiRIY57bUV0gmrU1","2dr2ieCYBIS7S+tFw9b9/l","2feRlJ3QNFh5DUZG3E5FSJ","68J8oyAQdFUrqy37MXmbtE","90AErWL21A4ZPvtxQ3XG8G"],["node","_spriteFrame","_N$file","_N$skeletonData","root","_textureSetter","videoToggle","adRecBtnTxt","getAllBtn","recBtn","adRecBtn","data","_parent","_normalMaterial"],[["cc.Node",["_name","_active","_opacity","_objFlags","_prefab","_components","_contentSize","_parent","_trs","_children","_color","_anchorPoint"],-1,4,9,5,1,7,2,5,5],["cc.Node",["_name","_objFlags","_components","_prefab","_trs","_parent","_children","_contentSize","_anchorPoint"],1,2,4,7,1,2,5,5],["cc.Label",["_string","_fontSize","_N$horizontalAlign","_N$verticalAlign","_isSystemFontUsed","_lineHeight","_styleFlags","node","_materials","_N$file"],-4,1,3,6],["cc.Sprite",["_sizeMode","_isTrimmedMode","node","_materials","_spriteFrame"],1,1,3,6],["cc.PrefabInfo",["fileId","root","asset"],2,1,1],["cc.Node",["_name","_parent","_components","_prefab","_contentSize","_trs","_color"],2,1,12,4,5,7,5],["cc.Widget",["_alignFlags","_originalWidth","_originalHeight","node"],0,1],["cc.Button",["_N$transition","node","clickEvents"],2,1,9],["07009t8FXVPd5/j6Z3klToj",["node","recedNode","coinIcon","coinFrames","propAni","propName","propCount","plantCardNode","plantIcon"],3,1,1,1,3,1,1,1,1,1],"cc.SpriteFrame",["cc.Prefab",["_name"],2],["cc.BlockInputEvents",["node"],3,1],["71924mu0dJHn6S4MJyhYsD+",["node","adRecBtn","recBtn","getAllBtn","adRecBtnTxt","videoToggle","items"],3,1,1,1,1,1,1,2],["cc.ClickEvent",["_componentId","handler","target"],1,1],["cc.LabelOutline",["_width","node","_color"],2,1,5],["sp.Skeleton",["defaultSkin","defaultAnimation","_preCacheMode","_animationName","node","_materials"],-1,1,3],["261d4+Q1HdGA5w3tjdBw83c",["node","spineAnimation"],3,1,1],["cc.Toggle",["_N$transition","node","_N$normalColor","_N$target","checkMark","checkEvents"],2,1,5,1,1,9]],[[4,0,1,2,2],[14,0,1,2,2],[3,2,3,4,1],[1,0,5,2,3,7,8,4,2],[3,0,2,3,4,2],[5,0,1,2,3,4,5,2],[2,0,1,5,2,3,7,8,6],[0,0,1,7,9,4,3],[0,0,2,7,5,4,10,6,8,3],[0,0,7,5,4,6,2],[1,0,5,2,3,4,2],[5,0,1,2,3,6,4,5,2],[3,2,3,1],[2,0,1,5,4,2,3,7,8,7],[15,0,1,2,3,4,5,5],[16,0,1,1],[0,0,7,5,4,10,6,8,2],[1,0,5,6,2,3,4,2],[2,0,1,5,6,2,3,7,8,7],[0,0,7,5,4,6,8,2],[13,0,1,2,3],[8,0,1,2,3,4,5,6,1],[0,0,7,9,5,4,6,8,2],[4,0,1,2],[3,0,1,2,3,3],[7,1,2,1],[0,0,1,7,9,5,4,6,11,8,3],[2,0,1,4,2,3,7,8,9,6],[8,0,1,2,3,4,7,8,5,6,1],[10,0,2],[0,0,9,5,4,6,8,2],[0,0,2,7,5,4,10,6,3],[0,0,3,7,5,4,6,8,3],[0,0,7,5,4,6,11,8,2],[0,0,1,7,5,4,6,8,3],[1,0,6,2,3,4,2],[1,0,5,6,2,3,7,4,2],[1,0,1,5,2,3,7,3],[6,0,3,2],[6,0,1,2,3,4],[11,0,1],[12,0,1,2,3,4,5,6,1],[4,1,2,1],[7,0,1,2,2],[2,0,1,5,4,2,3,7,8,9,7],[2,0,1,4,2,3,7,8,6],[17,0,1,2,3,4,5,2]],[[[{"name":"day2","rect":[578,698,164,177],"offset":[0,0],"originalSize":[164,177],"rotated":1,"capInsets":[0,0,0,0]}],[9],0,[0],[5],[11]],[[[29,"AliSignView"],[30,"AliSignView",[-17,-18,-19,-20,-21,-22,-23],[[38,45,-2],[40,-3],[41,-16,-15,-14,-13,-12,-11,[-4,-5,-6,-7,-8,-9,-10]]],[42,-1,0],[5,1280,720],[640,360,0,0,0,0,1,1,1,1]],[35,"reward_2",[-25,-26,-27,-28,-29,-30,-31,-32],[-24],[0,"c7n7QVTy5L4LyjAbeiHzgj",1,0],[-89,23,0,0,0,0,1,1,1,1]],[22,"sign_board",1,[-34,2,-35,-36,-37,-38,-39],[[2,-33,[107],108]],[0,"f6o+uuMe1AMIJyrJRxxQfh",1,0],[5,858,582],[-16,68,0,0,0,0,1,1,1,1]],[17,"reward_7",3,[-41,-42,-43,-44,-45,-46,-47],[-40],[0,"649LRyQY9NNL29J+kQR9W2",1,0],[172.842,-166,0,0,0,0,1,1,1,1]],[17,"reward_1",3,[-49,-50,-51,-52,-53,-54],[-48],[0,"66GOSfs/ZIs5ytPxg8jBgR",1,0],[-263,23,0,0,0,0,1,1,1,1]],[17,"reward_3",3,[-56,-57,-58,-59,-60,-61],[-55],[0,"d85wZQ+gVDKKK+hRNOEARR",1,0],[89,23,0,0,0,0,1,1,1,1]],[17,"reward_4",3,[-63,-64,-65,-66,-67,-68],[-62],[0,"94L3DWS0JGwp58tkhvBc3R",1,0],[269,23,0,0,0,0,1,1,1,1]],[17,"reward_5",3,[-70,-71,-72,-73,-74,-75],[-69],[0,"8fKwZYJCdBBLYFwpwGtOSZ",1,0],[-263,-167,0,0,0,0,1,1,1,1]],[17,"reward_6",3,[-77,-78,-79,-80,-81,-82],[-76],[0,"e03VgUx0hCDoezwJCV9EX8",1,0],[-89,-166,0,0,0,0,1,1,1,1]],[22,"ad_rec_btn",1,[-85,-86],[[2,-83,[9],10],[25,-84,[[20,"71924mu0dJHn6S4MJyhYsD+","clickAdRec",1]]]],[0,"b4xrX63m5MNIPtybbcQexY",1,0],[5,312,123],[0,-277,0,0,0,0,1,1,1,1]],[26,"PlantCard",false,2,[-89],[[2,-88,[35],36]],[23,"7fXiZXeaJDTYKso1r/iDQi",-87],[5,136,75],[0,0.5,0],[0,-40,0,0,0,0,1,1.2,1.2,1.2]],[26,"PlantCard",false,4,[-92],[[2,-91,[96],97]],[23,"cenktWZY1AY5xeyB/SbuvR",-90],[5,136,75],[0,0.5,0],[0,-40,0,0,0,0,1,1.2,1.2,1]],[22,"getAll_btn",1,[-95],[[2,-93,[4],5],[25,-94,[[20,"71924mu0dJHn6S4MJyhYsD+","getAll",1]]]],[0,"2eBJWGHCtLzpOlWKZxxP5Z",1,0],[5,312,123],[0,-277,0,0,0,0,1,1,1,1]],[22,"rec_btn",1,[-98],[[2,-96,[13],14],[25,-97,[[20,"71924mu0dJHn6S4MJyhYsD+","clickRec",1]]]],[0,"5a/yyB4ldCO56SsV5ttg9f",1,0],[5,312,123],[0,-277,0,0,0,0,1,1,1,1]],[36,"toggle",1,[-100,-101,-102],[-99],[0,"82DK9I1cNEz7y5J/k6i5Wa",1,0],[5,28,28],[202.313,-289.806,0,0,0,0,1,1,1,1]],[7,"rec_node",false,5,[-103,-104],[0,"c97sH2mNdJzqS2TrPVEgg7",1,0]],[7,"rec_node",false,2,[-105,-106],[0,"f8zXbD7/tAtppMNleBMygk",1,0]],[7,"rec_node",false,6,[-107,-108],[0,"9cAy0YCRRKOZrYXEqsvkaC",1,0]],[7,"rec_node",false,7,[-109,-110],[0,"9aaIy4NvhLgJhftFusATO7",1,0]],[7,"rec_node",false,8,[-111,-112],[0,"1fcB+nwCZBCr2n0qEn7ufT",1,0]],[7,"rec_node",false,9,[-113,-114],[0,"ffESroDW5A34FyQ5yFb7KJ",1,0]],[7,"rec_node",false,4,[-115,-116],[0,"c7MaJ4iR5BSpH6MGwAeca9",1,0]],[31,"mask",177,1,[[4,0,-117,[0],1],[39,45,100,100,-118]],[0,"2eDfL0T9xOqa7Wx7Tvdjk2",1,0],[4,4278190080],[5,1280,720]],[19,"txt",13,[[27,"立即领取",37,false,1,1,-119,[2],3],[1,2,-120,[4,4278190080]]],[0,"0fQjBOSTNHLJClN74EOCnR",1,0],[5,152,54.4],[0,-10,0,0,0,0,1,1,1,1]],[5,"txt",10,[[-121,[1,2,-122,[4,4278190080]]],1,4],[0,"9dUPlxzVxFC7M8dSqc6mXH",1,0],[5,152,54.4],[0,-10,0,0,0,0,1,1,1,1]],[19,"txt",14,[[27,"立即领取",37,false,1,1,-123,[11],12],[1,2,-124,[4,4278190080]]],[0,"15zTU+0KhGo7K1z+tGzVxx",1,0],[5,152,54.4],[0,-10,0,0,0,0,1,1,1,1]],[5,"rewardname",5,[[-125,[1,2,-126,[4,4278190080]]],1,4],[0,"b0gtA9tUVP+IYboij8iq/7",1,0],[5,42.58,46.84],[0,-56,0,0,0,0,1,1,1,1]],[10,"27FX_ui",5,[-127,-128],[0,"36ijY7/VhPrpqr8mXbwgO6",1,0],[0,13,0,0,0,0,1,1,1,1]],[11,"rewardCount",5,[[-129,[1,2,-130,[4,4278208621]]],1,4],[0,"2dwYBVvV1MApF68ZqDBWHw",1,0],[4,4284081919],[5,37.8,49.36],[52.336,-27.134,0,0,0,0,1,1,1,1]],[5,"rewardname",2,[[-131,[1,2,-132,[4,4278190080]]],1,4],[0,"e45sarMrpDXL/Tb2uUk3D0",1,0],[5,42.58,46.84],[0,-56,0,0,0,0,1,1,1,1]],[10,"27FX_ui",2,[-133,-134],[0,"1bmOoD5zxG87Nujd34ZAMO",1,0],[0,13,0,0,0,0,1,1,1,1]],[11,"rewardCount",2,[[-135,[1,2,-136,[4,4278208621]]],1,4],[0,"12lobBTiFBu7aO2K3HlwMc",1,0],[4,4284081919],[5,37.8,49.36],[52.336,-27.134,0,0,0,0,1,1,1,1]],[5,"rewardname",6,[[-137,[1,2,-138,[4,4278190080]]],1,4],[0,"82+woqAFNLdpaO/GoPgR2q",1,0],[5,61.63,46.84],[0,-56,0,0,0,0,1,1,1,1]],[10,"27FX_ui",6,[-139,-140],[0,"aeLGotmXFDpIL+PreNy9yl",1,0],[0,13,0,0,0,0,1,1,1,1]],[11,"rewardCount",6,[[-141,[1,2,-142,[4,4278208621]]],1,4],[0,"63dwhcAzZJio7uWs2eJaf0",1,0],[4,4284081919],[5,37.8,49.36],[52.336,-27.134,0,0,0,0,1,1,1,1]],[5,"rewardname",7,[[-143,[1,2,-144,[4,4278190080]]],1,4],[0,"c1DjyjTSxBUqLHyiNkX4uH",1,0],[5,108,46.84],[0,-56,0,0,0,0,1,1,1,1]],[10,"27FX_ui",7,[-145,-146],[0,"bdcquQQ19GKJBd9Nn+24bI",1,0],[0,13,0,0,0,0,1,1,1,1]],[11,"rewardCount",7,[[-147,[1,2,-148,[4,4278208621]]],1,4],[0,"db2qOZ0IdKPKGsufuj3sk2",1,0],[4,4284081919],[5,37.8,49.36],[52.336,-27.134,0,0,0,0,1,1,1,1]],[5,"rewardname",8,[[-149,[1,2,-150,[4,4278190080]]],1,4],[0,"74BxjnX69L+LAk72sjfT3C",1,0],[5,60.16,46.84],[0,-56,0,0,0,0,1,1,1,1]],[10,"27FX_ui",8,[-151,-152],[0,"b0SckwyTJLfaf7TBbH3zMU",1,0],[0,13,0,0,0,0,1,1,1,1]],[11,"rewardCount",8,[[-153,[1,2,-154,[4,4278208621]]],1,4],[0,"d2lhu3HO9MVZYtZdxOsYTG",1,0],[4,4284081919],[5,37.8,49.36],[52.336,-27.134,0,0,0,0,1,1,1,1]],[5,"rewardname",9,[[-155,[1,2,-156,[4,4278190080]]],1,4],[0,"57Jzs7U5BKLqEy+YBAp3dO",1,0],[5,108,46.84],[0,-57,0,0,0,0,1,1,1,1]],[10,"27FX_ui",9,[-157,-158],[0,"ebEkuXdN9FJoD0EpQSNE7O",1,0],[0,13,0,0,0,0,1,1,1,1]],[11,"rewardCount",9,[[-159,[1,2,-160,[4,4278208621]]],1,4],[0,"0fcs/zZnRDKovNQEvFPNOw",1,0],[4,4284081919],[5,37.8,49.36],[52.336,-27.134,0,0,0,0,1,1,1,1]],[10,"27FX_ui",4,[-161,-162],[0,"bf4Akmw2pDeYmyWrKYZmTh",1,0],[0,4,0,0,0,0,1,1,1,1]],[5,"rewardname",4,[[-163,[1,2,-164,[4,4278190080]]],1,4],[0,"78S5UcYu5AL5RlRh8farzF",1,0],[5,108,46.84],[-3,-60,0,0,0,0,1,1,1,1]],[11,"rewardCount",4,[[-165,[1,2,-166,[4,4278208621]]],1,4],[0,"87Zoc87nRKIokriUk5SLzA",1,0],[4,4284081919],[5,37.8,49.36],[58.336,-31.134,0,0,0,0,1,1,1,1]],[19,"btn_close",1,[[4,2,-167,[109],110],[43,3,-168,[[20,"71924mu0dJHn6S4MJyhYsD+","clickClose",1]]]],[0,"f4rIlOPClKDL+DmaAL+WfI",1,0],[5,88,82],[397,304,0,0,0,0,1,0.8,0.8,0]],[32,"Background",512,15,[[2,-169,[111],112]],[0,"a2/9NhiiZJIoUEtRKrkzlw",1,0],[5,28,28],[0,0,0,0,0,0,1,1,1,0]],[33,"txt",15,[[44,"看视频双倍领取",20,30,false,1,1,-170,[114],115],[1,2,-171,[4,4278190080]]],[0,"19IofTyfFF0bctdYxECiZx",1,0],[5,144,41.8],[0,0,0.5],[21.757,0,0,0,0,0,1,1,1,1]],[45,"双倍领取",37,false,1,1,25,[6]],[34,"ad_icon",false,10,[[2,-172,[7],8]],[0,"99/1Y+DydPvqqM1fLXUlds",1,0],[5,35,26],[-84,-10,0,0,0,0,1,1.2,1.1,1]],[16,"day",5,[[18,"1",30,34,1,1,1,-173,[15]]],[0,"63I8DLqzpGcKHzv1nyxJV/",1,0],[4,4278328466],[5,16.68,42.84],[-52,78,0,0,0,0,1,1,1,1]],[3,"coin1",5,[-174],[0,"b3xTDmaNlNcp1eDEwsZIx7",1,0],[5,99,79],[0,0.5,0],[0,-40,0,0,0,0,1,1,1,1]],[12,54,[16]],[13,"50",30,34,false,1,1,27,[17]],[14,"default","1ui_1",0,"1ui_1",28,[18]],[15,28,57],[6,"x5",32,36,1,1,29,[19]],[8,"mask",177,16,[[4,0,-175,[20],21]],[0,"0c2dqkB61Klp4pk51vyLzT",1,0],[4,4278190080],[5,164.5,177.5],[2,6.5,0,0,0,0,1,1,1,1]],[9,"achieve_picked",16,[[2,-176,[22],23]],[0,"a2LRbyuRVHxI6WJzCANHoX",1,0],[5,150,65]],[21,5,16,55,[24,25,26],58,56,59],[19,"day2",2,[[2,-177,[27],28]],[0,"8dIR6LXplESYRC/Em27j5U",1,0],[5,164,177],[0,6.878,0,0,0,0,1,1,1,1]],[16,"day",2,[[18,"2",30,34,1,1,1,-178,[29]]],[0,"9cN4Xg8SRGhKnvU7FdbLXB",1,0],[4,4278328466],[5,16.68,42.84],[-52,78,0,0,0,0,1,1,1,1]],[3,"coin1",2,[-179],[0,"24cZa2A9lHs723/l64rggW",1,0],[5,99,79],[0,0.5,0],[0,-40,0,0,0,0,1,1,1,1]],[12,65,[30]],[13,"50",30,34,false,1,1,30,[31]],[14,"default","1ui_1",0,"1ui_1",31,[32]],[15,31,68],[6,"x5",32,36,1,1,32,[33]],[3,"Icon",11,[-180],[23,"dcoXiNMopDd69+VrjIxC+X",11],[5,128,68],[0,0.5,0],[0,4,0,0,0,0,1,1,1,1]],[24,0,false,71,[34]],[8,"mask",177,17,[[4,0,-181,[37],38]],[0,"31R7r9SDxAdI5WgnuKNK/W",1,0],[4,4278190080],[5,164.5,177.5],[1,6.5,0,0,0,0,1,1,1,1]],[9,"achieve_picked",17,[[2,-182,[39],40]],[0,"8dMiiBdZZGHINM9ntt5Aiy",1,0],[5,150,65]],[28,2,17,66,[41,42,43],69,11,72,67,70],[16,"day",6,[[18,"3",30,34,1,1,1,-183,[44]]],[0,"58TU6TOJBB65qrl9hznkGw",1,0],[4,4278328466],[5,16.68,42.84],[-56,78,0,0,0,0,1,1,1,1]],[3,"coin1",6,[-184],[0,"4d4ToPn0VMiK2vv15cso2a",1,0],[5,101,84],[0,0.5,0],[0,-40,0,0,0,0,1,1,1,1]],[12,77,[45]],[13,"250",30,34,false,1,1,33,[46]],[14,"default","1ui_1",0,"1ui_1",34,[47]],[15,34,80],[6,"x5",32,36,1,1,35,[48]],[8,"mask",177,18,[[4,0,-185,[49],50]],[0,"2fdH5fobFCtLXNl2JozUSt",1,0],[4,4278190080],[5,164.5,177.5],[-3,6.5,0,0,0,0,1,1,1,1]],[9,"achieve_picked",18,[[2,-186,[51],52]],[0,"fdIat4rQNKxarD7UPoWzEn",1,0],[5,150,65]],[21,6,18,78,[53,54,55],81,79,82],[16,"day",7,[[18,"4",30,34,1,1,1,-187,[56]]],[0,"6emlw/wPFEuYn+gdbInFNB",1,0],[4,4278328466],[5,16.68,42.84],[-62,79,0,0,0,0,1,1,1,1]],[3,"coin1",7,[-188],[0,"b9aCMj365NoJWbKcCH2pY6",1,0],[5,101,84],[0,0.5,0],[0,-40,0,0,0,0,1,1,1,1]],[12,87,[57]],[13,"免费阳光",26,34,false,1,1,36,[58]],[14,"default","1ui_1",0,"1ui_1",37,[59]],[15,37,90],[6,"x5",32,36,1,1,38,[60]],[8,"mask",177,19,[[4,0,-189,[61],62]],[0,"84DkCl+15KxJte1ygtRs0O",1,0],[4,4278190080],[5,164.5,177.5],[-9,6.5,0,0,0,0,1,1,1,1]],[9,"achieve_picked",19,[[2,-190,[63],64]],[0,"0dfrvTQ7pKE59yg8OUfL0Y",1,0],[5,150,65]],[21,7,19,88,[65,66,67],91,89,92],[16,"day",8,[[18,"5",30,34,1,1,1,-191,[68]]],[0,"bdAVXgLzFGz5kjIljP7SXn",1,0],[4,4278328466],[5,16.68,42.84],[-52,78,0,0,0,0,1,1,1,1]],[3,"coin1",8,[-192],[0,"ca9k0SO8RACp2cxWpy0Cq3",1,0],[5,114,101],[0,0.5,0],[0,-40,0,0,0,0,1,1,1,1]],[12,97,[69]],[13,"500",30,34,false,1,1,39,[70]],[14,"default","1ui_1",0,"1ui_1",40,[71]],[15,40,100],[6,"x5",32,36,1,1,41,[72]],[8,"mask",177,20,[[4,0,-193,[73],74]],[0,"69TI0FdDlNepetrzJZCqju",1,0],[4,4278190080],[5,164.5,177.5],[2,7.5,0,0,0,0,1,1,1,1]],[9,"achieve_picked",20,[[2,-194,[75],76]],[0,"8dk5w02lRLA6k2ZRntAEcS",1,0],[5,150,65]],[21,8,20,98,[77,78,79],101,99,102],[16,"day",9,[[18,"6",30,34,1,1,1,-195,[80]]],[0,"afgaQIryxKKZByktIhaC4F",1,0],[4,4278328466],[5,16.68,42.84],[-53,79,0,0,0,0,1,1,1,1]],[3,"coin1",9,[-196],[0,"3eyEWbSQRBc48wV416BH68",1,0],[5,101,84],[0,0.5,0],[0,-40,0,0,0,0,1,1,1,1]],[12,107,[81]],[13,"自动拾取",26,34,false,1,1,42,[82]],[14,"default","3ui_1",0,"3ui_1",43,[83]],[15,43,110],[6,"x5",32,36,1,1,44,[84]],[8,"mask",177,21,[[4,0,-197,[85],86]],[0,"03kTXHu0ROFL41b1JVacb8",1,0],[4,4278190080],[5,164.5,177.5],[1,6.5,0,0,0,0,1,1,1,1]],[9,"achieve_picked",21,[[2,-198,[87],88]],[0,"60y5SXK3tAY5idzhVTEwGk",1,0],[5,150,65]],[21,9,21,108,[89,90,91],111,109,112],[19,"day",4,[[6,"第7天",25,30,1,1,-199,[92]]],[0,"41nFSsbjBDdJZz5fVwvNCR",1,0],[5,63.9,37.8],[-2,71,0,0,0,0,1,1,1,1]],[3,"coin1",4,[-200],[0,"0caJLEumZJe64+rDA5kYrK",1,0],[5,99,79],[0,0.5,0],[0,-49,0,0,0,0,1,1,1,1]],[12,117,[93]],[14,"default","1ui_1",0,"1ui_1",45,[94]],[15,45,119],[3,"Icon",12,[-201],[23,"dcoXiNMopDd69+VrjIxC+X",12],[5,128,68],[0,0.5,0],[0,4,0,0,0,0,1,1,1,1]],[24,0,false,121,[95]],[13,"西瓜投手",26,34,false,1,1,46,[98]],[6,"x5",32,36,1,1,47,[99]],[8,"mask",177,22,[[4,0,-202,[100],101]],[0,"a8CJZ8XopI+ayBtgSJNDBV",1,0],[4,4278190080],[5,340,177.5],[0.5,6.5,0,0,0,0,1,1,1,1]],[9,"achieve_picked",22,[[2,-203,[102],103]],[0,"e129qCax1FpIOM90hCymeH",1,0],[5,150,65]],[28,4,22,118,[104,105,106],120,12,122,123,124],[37,"checkmark",512,15,[-204],[0,"82oGNrBX9LnItOVBYtzWz9",1,0],[5,28,28]],[24,2,false,128,[113]],[46,3,15,[4,4292269782],49,129,[[20,"71924mu0dJHn6S4MJyhYsD+","clickToggle",1]]]],0,[0,4,1,0,0,1,0,0,1,0,-1,62,0,-2,75,0,-3,85,0,-4,95,0,-5,105,0,-6,115,0,-7,127,0,6,130,0,7,51,0,8,13,0,9,14,0,10,10,0,0,1,0,-1,23,0,-2,13,0,-3,10,0,-4,14,0,-5,3,0,-6,48,0,-7,15,0,-1,75,0,-1,63,0,-2,64,0,-3,65,0,-4,30,0,-5,31,0,-6,32,0,-7,11,0,-8,17,0,0,3,0,-1,5,0,-3,6,0,-4,7,0,-5,8,0,-6,9,0,-7,4,0,-1,127,0,-1,116,0,-2,117,0,-3,45,0,-4,12,0,-5,46,0,-6,47,0,-7,22,0,-1,62,0,-1,53,0,-2,54,0,-3,27,0,-4,28,0,-5,29,0,-6,16,0,-1,85,0,-1,76,0,-2,77,0,-3,33,0,-4,34,0,-5,35,0,-6,18,0,-1,95,0,-1,86,0,-2,87,0,-3,36,0,-4,37,0,-5,38,0,-6,19,0,-1,105,0,-1,96,0,-2,97,0,-3,39,0,-4,40,0,-5,41,0,-6,20,0,-1,115,0,-1,106,0,-2,107,0,-3,42,0,-4,43,0,-5,44,0,-6,21,0,0,10,0,0,10,0,-1,25,0,-2,52,0,4,11,0,0,11,0,-1,71,0,4,12,0,0,12,0,-1,121,0,0,13,0,0,13,0,-1,24,0,0,14,0,0,14,0,-1,26,0,-1,130,0,-1,49,0,-2,128,0,-3,50,0,-1,60,0,-2,61,0,-1,73,0,-2,74,0,-1,83,0,-2,84,0,-1,93,0,-2,94,0,-1,103,0,-2,104,0,-1,113,0,-2,114,0,-1,125,0,-2,126,0,0,23,0,0,23,0,0,24,0,0,24,0,-1,51,0,0,25,0,0,26,0,0,26,0,-1,56,0,0,27,0,-1,57,0,-2,58,0,-1,59,0,0,29,0,-1,67,0,0,30,0,-1,68,0,-2,69,0,-1,70,0,0,32,0,-1,79,0,0,33,0,-1,80,0,-2,81,0,-1,82,0,0,35,0,-1,89,0,0,36,0,-1,90,0,-2,91,0,-1,92,0,0,38,0,-1,99,0,0,39,0,-1,100,0,-2,101,0,-1,102,0,0,41,0,-1,109,0,0,42,0,-1,110,0,-2,111,0,-1,112,0,0,44,0,-1,119,0,-2,120,0,-1,123,0,0,46,0,-1,124,0,0,47,0,0,48,0,0,48,0,0,49,0,0,50,0,0,50,0,0,52,0,0,53,0,-1,55,0,0,60,0,0,61,0,0,63,0,0,64,0,-1,66,0,-1,72,0,0,73,0,0,74,0,0,76,0,-1,78,0,0,83,0,0,84,0,0,86,0,-1,88,0,0,93,0,0,94,0,0,96,0,-1,98,0,0,103,0,0,104,0,0,106,0,-1,108,0,0,113,0,0,114,0,0,116,0,-1,118,0,-1,122,0,0,125,0,0,126,0,-1,129,0,11,1,2,12,3,204],[0,0,0,0,0,0,0,0,0,0,0,0,0,0,0,0,0,0,0,0,0,0,0,0,0,0,0,0,0,0,0,0,0,0,0,0,0,0,0,0,0,0,0,0,0,0,0,0,0,0,0,0,0,0,0,0,0,0,0,0,0,0,0,0,0,0,0,0,0,0,0,0,0,0,0,0,0,0,0,0,0,0,0,0,0,0,0,0,0,0,0,0,0,0,0,0,0,0,0,0,0,0,0,0,0,0,0,0,0,0,0,0,0,0,0,0,51,55,56,57,66,67,68,78,79,80,88,89,90,98,99,100,108,109,110,118,119,123,129,130],[-1,1,-1,2,-1,1,-1,-1,1,-1,1,-1,2,-1,1,-1,-1,-1,-1,-1,-1,1,-1,1,-1,-2,-3,-1,1,-1,-1,-1,-1,-1,-1,-1,1,-1,1,-1,1,-1,-2,-3,-1,-1,-1,-1,-1,-1,1,-1,1,-1,-2,-3,-1,-1,-1,-1,-1,-1,1,-1,1,-1,-2,-3,-1,-1,-1,-1,-1,-1,1,-1,1,-1,-2,-3,-1,-1,-1,-1,-1,-1,1,-1,1,-1,-2,-3,-1,-1,-1,-1,-1,1,-1,-1,-1,1,-1,1,-1,-2,-3,-1,1,-1,1,-1,1,-1,-1,2,2,1,2,3,1,2,3,1,2,3,1,2,3,1,2,3,1,2,3,1,3,2,1,13],[0,4,0,1,0,9,0,0,12,0,9,0,1,0,9,0,0,0,6,0,0,4,0,7,2,3,5,0,13,0,0,0,6,0,0,0,10,0,4,0,7,2,3,5,0,0,0,6,0,0,4,0,7,2,3,5,0,0,0,6,0,0,4,0,7,2,3,5,0,0,0,6,0,0,4,0,7,2,3,5,0,0,0,6,0,0,4,0,7,2,3,5,0,0,6,0,0,10,0,0,0,4,0,7,2,3,5,0,14,0,15,0,16,0,0,1,1,2,1,8,2,1,8,3,1,8,3,1,8,5,1,8,3,1,8,2,8,1,17,0]]]]