[1,["17a184afe","ecpdLyjvZBwrvm+cedCcQy","172ca2c9c","e1duuzs59OLZyGp9LCsa6l","e3fnU0wpNCta0CrZHns1YE","8cdwP072VLFaUJKxitouFb","3cXpyfz+hErJnITPbeYK23","202eE3uExKdK+tVHwIRjdP","a7gz5IIV1Ggb7RziQfqF6w","c0Fs21Kl9IArSR/4JIMLUR","c5+TSA+T1NwIdvpfkw1oH1","6579YA3F5AbapWfPX3/cvN","f8wdbMbv1EtqOssyOVw2zI","0cDNl62tpOsbgfuoZOT2dn","66/dGVHJ1Js6YmAlqWY6VZ","41QLO39zxMBYNpngI/c06i","0etcV2vmdFTaKm5f+oyFiM","32Y/WClOtH7YM+TMLG7iiq","dfE8tlEX5FeL3AswfmPw+Z","2daTFaa1JJDqE8famImD6e","608eFpzGVOCoKWW5idnAbL","3epL5vUotOw7UjLAFV2nUX","80BVS4hNBLLJcfzJ4IvL0U","7dqVG1oQpG5IbUwncL/ynH","3dc4+OPBJG/LETxZiWHfYs","41iBH9J7lG0opGOv/8OzTk","22XibRbxNBl7MDVJKO90hJ","0d8z+1u0dOlahTQ302r8gk"],["_textureSetter","node","root","data"],["cc.SpriteFrame",["cc.PrefabInfo",["fileId","root","asset"],2,1,1],["cc.Prefab",["_name"],2],["cc.Node",["_name","_children","_components","_prefab"],2,2,9,4],["cc.Node",["_name","_parent","_components","_prefab","_contentSize"],2,1,12,4,5],["3895fHlA39Djo2nQYtZMqsb",["node","anis"],3,1,2],["cc.Sprite",["node","_materials"],3,1,3],["2f54fyh8VpKBaCciEDVPkHC",["duration","node","spriteFrames"],2,1,3]],[[4,0,1,2,3,4,2],[1,0,1,2,2],[6,0,1,1],[7,0,1,2,2],[2,0,2],[3,0,1,2,3,2],[5,0,1,1],[1,1,2,1]],[[[{"name":"18_3water_1","rect":[338,525,7,7],"offset":[0.5,0.5],"originalSize":[50,44],"capInsets":[0,0,0,0]}],[0],0,[0],[0],[0]],[[{"name":"18_3water_15","rect":[366,983,41,35],"offset":[0.5,0.5],"originalSize":[50,44],"capInsets":[0,0,0,0]}],[0],0,[0],[0],[0]],[[{"name":"18_3water_4","rect":[836,826,23,19],"offset":[0.5,0.5],"originalSize":[50,44],"capInsets":[0,0,0,0]}],[0],0,[0],[0],[0]],[[{"name":"18_2water_1","rect":[338,538,7,6],"offset":[-0.5,-4],"originalSize":[50,44],"capInsets":[0,0,0,0]}],[0],0,[0],[0],[0]],[[{"name":"18_3water_14","rect":[52,983,37,35],"offset":[0.5,0.5],"originalSize":[50,44],"rotated":1,"capInsets":[0,0,0,0]}],[0],0,[0],[0],[0]],[[{"name":"18_3water_7","rect":[381,294,35,31],"offset":[0.5,0.5],"originalSize":[50,44],"rotated":1,"capInsets":[0,0,0,0]}],[0],0,[0],[0],[2]],[[{"name":"18_3water_5","rect":[864,436,29,25],"offset":[0.5,0.5],"originalSize":[50,44],"rotated":1,"capInsets":[0,0,0,0]}],[0],0,[0],[0],[0]],[[{"name":"18_1water_4","rect":[979,961,42,34],"offset":[0,0],"originalSize":[50,44],"capInsets":[0,0,0,0]}],[0],0,[0],[0],[0]],[[{"name":"18_3water_12","rect":[413,983,41,35],"offset":[0.5,0.5],"originalSize":[50,44],"capInsets":[0,0,0,0]}],[0],0,[0],[0],[0]],[[{"name":"18_3water_9","rect":[460,982,39,35],"offset":[1.5,0.5],"originalSize":[50,44],"rotated":1,"capInsets":[0,0,0,0]}],[0],0,[0],[0],[0]],[[{"name":"18_3water_3","rect":[676,689,18,17],"offset":[0,0.5],"originalSize":[50,44],"capInsets":[0,0,0,0]}],[0],0,[0],[0],[0]],[[{"name":"18_3water_13","rect":[501,982,41,35],"offset":[0.5,0.5],"originalSize":[50,44],"capInsets":[0,0,0,0]}],[0],0,[0],[0],[0]],[[{"name":"18_3water_8","rect":[93,983,37,31],"offset":[0.5,0.5],"originalSize":[50,44],"rotated":1,"capInsets":[0,0,0,0]}],[0],0,[0],[0],[0]],[[{"name":"18_2water_5","rect":[314,983,46,35],"offset":[-1,0.5],"originalSize":[50,44],"capInsets":[0,0,0,0]}],[0],0,[0],[0],[0]],[[{"name":"18_3water_2","rect":[338,479,13,11],"offset":[0.5,0.5],"originalSize":[50,44],"rotated":1,"capInsets":[0,0,0,0]}],[0],0,[0],[0],[0]],[[{"name":"18_3water_11","rect":[3,983,43,37],"offset":[0.5,0.5],"originalSize":[50,44],"capInsets":[0,0,0,0]}],[0],0,[0],[0],[0]],[[{"name":"18_3water_10","rect":[548,982,41,35],"offset":[0.5,0.5],"originalSize":[50,44],"capInsets":[0,0,0,0]}],[0],0,[0],[0],[0]],[[{"name":"18_1water_3","rect":[859,471,32,24],"offset":[1,-2],"originalSize":[50,44],"capInsets":[0,0,0,0]}],[0],0,[0],[0],[0]],[[{"name":"18_2water_2","rect":[338,441,16,12],"offset":[-1,-1],"originalSize":[50,44],"rotated":1,"capInsets":[0,0,0,0]}],[0],0,[0],[0],[0]],[[[4,"RainEffect"],[5,"RainEffect",[-6,-7,-8],[[6,-5,[-2,-3,-4]]],[7,-1,0]],[0,"rain_1",1,[[[2,-9,[0]],-10],4,1],[1,"dd7xg+yFhL9rDJu5TGLswM",1,0],[5,153,165]],[0,"rain_2",1,[[[2,-11,[5]],-12],4,1],[1,"914MPnlkBCAbwZ7n1mnQhK",1,0],[5,153,165]],[0,"rain_3",1,[[[2,-13,[12]],-14],4,1],[1,"422QzGXlRDJIID5STyC6fM",1,0],[5,153,165]],[3,0.04,2,[1,2,3,4]],[3,0.04,3,[6,7,8,9,10,11]],[3,0.04,4,[13,14,15,16,17,18,19,20,21,22,23,24,25,26,27]]],0,[0,2,1,0,-1,5,0,-2,6,0,-3,7,0,1,1,0,-1,2,0,-2,3,0,-3,4,0,1,2,0,-2,5,0,1,3,0,-2,6,0,1,4,0,-2,7,0,3,1,14],[0,0,0,0,0,0,0,0,0,0,0,0,0,0,0,0,0,0,0,0,0,0,0,0,0,0,0,0],[-1,-1,-2,-3,-4,-1,-1,-2,-3,-4,-5,-6,-1,-1,-2,-3,-4,-5,-6,-7,-8,-9,-10,-11,-12,-13,-14,-15],[1,3,4,5,6,1,7,8,9,10,11,12,1,13,14,15,16,17,18,19,20,21,22,23,24,25,26,27]],[[{"name":"18_2water_3","rect":[864,371,26,22],"offset":[0,-2],"originalSize":[50,44],"capInsets":[0,0,0,0]}],[0],0,[0],[0],[0]],[[{"name":"18_2water_4","rect":[859,528,38,31],"offset":[0,-0.5],"originalSize":[50,44],"rotated":1,"capInsets":[0,0,0,0]}],[0],0,[0],[0],[0]],[[{"name":"18_3water_6","rect":[381,335,35,29],"offset":[0.5,0.5],"originalSize":[50,44],"rotated":1,"capInsets":[0,0,0,0]}],[0],0,[0],[0],[2]],[[{"name":"18_1water_1","rect":[338,498,10,8],"offset":[0,-3],"originalSize":[50,44],"capInsets":[0,0,0,0]}],[0],0,[0],[0],[0]],[[{"name":"18_1water_2","rect":[514,552,19,14],"offset":[-0.5,-2],"originalSize":[50,44],"capInsets":[0,0,0,0]}],[0],0,[0],[0],[0]],[[{"name":"18_2water_6","rect":[836,779,50,41],"offset":[0,0.5],"originalSize":[50,44],"capInsets":[0,0,0,0]}],[0],0,[0],[0],[0]]]]