[1,["ecpdLyjvZBwrvm+cedCcQy","5eTS1OMbtGm7v45VkpgR0h","172ca2c9c"],["root","body","brain","node","data","_spriteFrame","_textureSetter"],[["cc.PrefabInfo",["fileId","root","asset"],2,1,1],"cc.SpriteFrame",["cc.Prefab",["_name"],2],["cc.Node",["_name","_groupIndex","_children","_components","_prefab"],1,2,12,4],["cc.Node",["_name","_groupIndex","_parent","_components","_prefab","_contentSize"],1,1,2,4,5],["c6d3100LY1IzLjVhS/o4FIJ",["node","brain","body"],3,1,1,1],["cc.Sprite",["node","_materials"],3,1,3],["cc.BoxCollider",["node","_size"],3,1,5],["4f0e6uxYcdOJIcW1JqOuhwC",["node","body"],3,1,1]],[[2,0,2],[3,0,1,2,3,4,3],[4,0,1,2,3,4,5,3],[5,0,1,2,1],[0,1,2,1],[0,0,1,2,2],[6,0,1,1],[7,0,1,1],[8,0,1,1]],[[[[0,"Brain"],[1,"Brain",9,[-7],[[-2,[3,-5,-4,-3],-6],1,4,1],[4,-1,0]],[2,"brain",9,1,[-8],[5,"38RRw66YFBmKsfU69JeZzY",1,0],[5,41,40]],[6,2,[0]],[7,1,[5,50,50]],[8,1,4]],0,[0,0,1,0,-1,4,0,1,5,0,2,3,0,3,1,0,-3,5,0,-1,2,0,-1,3,0,4,1,8],[0,3],[-1,5],[0,1]],[[{"name":"brain","rect":[421,190,41,40],"offset":[0,0],"originalSize":[41,40],"capInsets":[0,0,0,0]}],[1],0,[0],[6],[2]]]]