[1,["cd7+Kt69ZAlKdy5DhE7A7t","61OTGYnUFHyoIqiQoviDl/","51Cg7tjo5JBaBPPJ9IRtRZ","fe0SPdKsdPR4vDO2bxKM9e","59QcT81YlE+6ayM16tBW38","d0iqBrJ1JICZna0g/ZKuYs","e3PwYQGxhDErVoBRfrtnei","d98H/YX8dA0pLTBMV+vlOp","4bUoq39q5CsI8tLkgSPQGb","82xdv0o4VI7pRA9JIIQkI6","67VtaQam9HI72+/rqBwWoc","324k2/tEJFgZd/04Z6OFXf","98Oo2tRmlGGrpw3Ghr6YZC"],["_textureSetter"],["cc.SpriteFrame"],0,[[[{"name":"recruitImg7","rect":[0,0,97,40],"offset":[0,0],"originalSize":[97,40],"capInsets":[0,0,0,0]}],[0],0,[0],[0],[0]],[[{"name":"recruitImg3","rect":[0,0,116,134],"offset":[0,0],"originalSize":[116,134],"capInsets":[41,61,45,58]}],[0],0,[0],[0],[1]],[[{"name":"recruitImg16","rect":[0,0,212,654],"offset":[0,0],"originalSize":[212,654],"capInsets":[0,0,0,0]}],[0],0,[0],[0],[2]],[[{"name":"recruitImg10","rect":[0,0,373,89],"offset":[0,0],"originalSize":[373,89],"capInsets":[0,0,0,0]}],[0],0,[0],[0],[3]],[[{"name":"recruitImg8","rect":[0,0,707,265],"offset":[0,0],"originalSize":[707,265],"capInsets":[0,0,0,0]}],[0],0,[0],[0],[4]],[[{"name":"recruitImg21","rect":[0,0,250,259],"offset":[0,0],"originalSize":[250,259],"capInsets":[0,0,0,0]}],[0],0,[0],[0],[5]],[[{"name":"recruitImg23","rect":[0,0,42,84],"offset":[0,0],"originalSize":[42,84],"capInsets":[0,0,0,0]}],[0],0,[0],[0],[6]],[[{"name":"recruitImg24","rect":[0,0,253,189],"offset":[0,0],"originalSize":[253,189],"capInsets":[0,0,0,0]}],[0],0,[0],[0],[7]],[[{"name":"recruitImg4","rect":[0,0,39,31],"offset":[0,0],"originalSize":[39,31],"capInsets":[13,0,12,0]}],[0],0,[0],[0],[8]],[[{"name":"recruitImg22","rect":[0,0,161,91],"offset":[0,0],"originalSize":[161,91],"capInsets":[30,27,29,27]}],[0],0,[0],[0],[9]],[[{"name":"recruitImg5","rect":[0,0,92,92],"offset":[0,0],"originalSize":[92,92],"capInsets":[0,0,0,0]}],[0],0,[0],[0],[10]],[[{"name":"recruitImg2","rect":[0,0,26,43],"offset":[0,0],"originalSize":[26,43],"capInsets":[0,0,0,0]}],[0],0,[0],[0],[11]],[[{"name":"recruitImg26","rect":[0,0,287,359],"offset":[0,0],"originalSize":[287,359],"capInsets":[0,0,0,0]}],[0],0,[0],[0],[12]]]]