[1,["ecpdLyjvZBwrvm+cedCcQy","caohSHbS5GEIzmwCrnMGn5","7dBNaQvgNCUbI86UexKGht","b2uN/qnwhPHYizccBRlyLp","a0K61YrQtDfJXgyqVpGNFT","03Z/F5eJFHt46ThHHPtSH9","36cZlbneJPFrfdM6kK85M4","0bO31Ueg5BLaMJnKTUeIUj","836UZ9bM1LRZGK5PQS5mxD","bfhrjbUAdPTIozM00l3UkP","banXzz+9BBsK2VqAIEakjU","e85aLEeipEqbh/pVgqaJo3","50E8PjseZNEKHSoXHav3Gn","eeDrguTHxLd72PhCp10iFw","99xvwuQzJNaboCPUZnKMky","6808nZxORJco1A2+Uxy7LT","a2MjXRFdtLlYQ5ouAFv/+R","c4CGt6V2BEELgWlQZ2tLBZ","61gmdS5rFPHr+LE2zChh66","1eMUvYAAFPYLs8Qcd3/Y9y","3brZbq0MFB9JnJUIpHHVjj","36q0muWOFHcbO8A5ycxw5x","77W37JNntJzqWHi6ooZobi","2feRlJ3QNFh5DUZG3E5FSJ","3dGRdCCedHb7RAmYRXX3gw","5d+1XYrxtL56fK6ThLnzSk","9f2FznmMVHlZEYkH2gHwwt","05+pJ/ZyhCYod6mKcG/On8","1a1OV6Ex9K3bwsux0oIOqM","3b+wPWTJhBkZBs9L6O6z+N","a20TlIOVROmpJB7IrHW2bu","980+TkRq9AILZ0QJJUwPCY","fb0zqTzd5At42u50ZCmEgc","b4NyK4BnlJ9rxk6ps4cBiS","dfMmHFPAFNmZDOgSb9HCJW","86ENPcYkBNNa/2fC1ExRxG","08Gg/8QdJAAJymQ75bwKB6","75sX9u3MBIOpgqcSlQKWK5"],["node","_spriteFrame","_N$file","_parent","_textureSetter","root","videoReport","redNodeTip","leftDaysLab","sucessInviteLab","tokenCoinLab","reportShareSucNode2","reportShareSucNode1","reportShareLab","reportShareBtn","reportGetBtn","notClickDrawNode","drawGridNode","videoDrawBtn","drawBtn","drawSelectNode","recruitTaskNode","inviteTip","recruitDrawContent","recruitTaskContent","inviteContent","inviteRecordNode","shareBtn","data","inviteRecordItemPre","recruitTaskItemPre","drawItemPre"],[["cc.Node",["_name","_active","_opacity","_prefab","_parent","_components","_contentSize","_trs","_children","_anchorPoint","_color"],0,4,1,9,5,7,2,5,5],["cc.Sprite",["_sizeMode","_type","_isTrimmedMode","node","_materials","_spriteFrame"],0,1,3,6],["cc.Label",["_string","_isSystemFontUsed","_N$horizontalAlign","_N$verticalAlign","_fontSize","_lineHeight","node","_materials","_N$file"],-3,1,3,6],["cc.Button",["_N$transition","node","clickEvents"],2,1,9],["cc.Layout",["_N$layoutType","_N$spacingY","_resize","_N$paddingTop","node","_layoutSize"],-1,1,5],["cc.Node",["_name","_opacity","_parent","_components","_prefab","_contentSize","_trs","_color"],1,1,12,4,5,7,5],["cc.Node",["_name","_active","_parent","_components","_prefab","_contentSize","_trs","_anchorPoint"],1,1,2,4,5,7,5],["cc.Widget",["_alignFlags","_originalWidth","_originalHeight","node"],0,1],["cc.PrefabInfo",["fileId","root","asset"],2,1,1],["cc.ClickEvent",["_componentId","handler","customEventData","target"],0,1],["cc.LabelOutline",["_width","node","_color"],2,1,5],"cc.SpriteFrame",["cc.Prefab",["_name"],2],["cc.BlockInputEvents",["node"],3,1],["bcff22iaiZKjZJRvVwBhVfF",["node","clickBtnNodeArr","viewNodeArr","shareBtn","inviteRecordNode","inviteContent","recruitTaskContent","recruitDrawContent","inviteTip","recruitTaskNode","drawSelectNode","drawBtn","videoDrawBtn","drawGridNode","notClickDrawNode","reportGetBtn","reportShareBtn","reportShareLab","reportShareSucNode1","reportShareSucNode2","tokenCoinLab","sucessInviteLab","leftDaysLab","redNodeTip","videoReport","inviteRecordItemPre","recruitTaskItemPre","drawItemPre"],3,1,2,2,1,1,1,1,1,1,1,1,1,1,1,1,1,1,1,1,1,1,1,1,1,1,6,6,6],["cc.ScrollView",["horizontal","brake","bounceDuration","_N$horizontalScrollBar","_N$verticalScrollBar","node","_N$content"],-2,1,1],["cc.Mask",["_N$alphaThreshold","node","_materials"],2,1,3]],[[8,0,1,2,2],[0,0,4,5,3,6,7,2],[1,3,4,5,1],[1,1,0,3,4,5,3],[10,0,1,2,2],[2,0,4,5,1,2,3,6,7,8,7],[0,0,4,8,5,3,6,7,2],[0,0,4,5,3,10,6,7,2],[2,0,1,2,3,6,7,8,5],[0,0,8,5,3,6,7,2],[1,0,3,4,5,2],[3,0,1,2,2],[9,0,1,2,3,4],[0,0,4,8,5,3,6,9,7,2],[0,0,1,4,5,3,6,7,3],[0,0,1,4,8,3,3],[13,0,1],[3,0,1,2],[2,0,4,5,1,2,3,6,7,7],[0,0,4,8,3,7,2],[0,0,8,3,2],[0,0,5,3,6,9,2],[0,0,4,8,5,3,6,9,2],[0,0,2,4,5,3,6,3],[0,0,2,4,5,3,6,7,3],[1,1,0,2,3,4,5,4],[9,0,1,3,3],[15,0,1,2,3,4,5,6,6],[10,0,1,2],[16,0,1,2,2],[12,0,2],[0,0,1,4,8,5,3,6,7,3],[0,0,4,8,3,2],[0,0,8,5,3,6,9,7,2],[0,0,1,2,4,5,3,6,7,4],[0,0,2,4,5,3,10,6,3],[0,0,1,2,4,5,3,6,4],[0,0,4,5,3,6,2],[0,0,1,4,5,3,10,6,7,3],[0,0,4,5,3,6,9,7,2],[0,0,4,3,2],[5,0,2,3,4,5,6,2],[5,0,1,2,3,4,7,5,6,3],[6,0,2,3,4,5,7,6,2],[6,0,1,2,3,4,5,6,3],[7,0,3,2],[7,0,1,2,3,4],[14,0,1,2,3,4,5,6,7,8,9,10,11,12,13,14,15,16,17,18,19,20,21,22,23,24,25,26,27,1],[8,1,2,1],[1,1,0,3,4,3],[3,1,2,1],[4,2,0,1,4,5,4],[4,0,4,2],[4,0,3,1,4,4],[2,0,4,1,2,3,6,7,8,6],[2,0,1,2,3,6,7,5]],[[[{"name":"recruitImg31","rect":[0,0,109,110],"offset":[0,0],"originalSize":[109,110],"capInsets":[48,47,43,51]}],[11],0,[0],[4],[15]],[[[30,"VideoRecruitView"],[9,"VideoRecruitView",[-35,-36],[[45,45,-2],[16,-3],[47,-34,[-30,-31,-32,-33],[-26,-27,-28,-29],-25,-24,-23,-22,-21,-20,-19,-18,-17,-16,-15,-14,-13,-12,-11,-10,-9,-8,-7,-6,-5,-4,153,154,155]],[48,-1,0],[5,1280,720],[640,360,0,0,0,0,1,1,1,1]],[19,"board",1,[-37,-38,-39,-40,-41,-42,-43,-44,-45,-46,-47,-48,-49,-50,-51],[0,"f2NTIJJulD4bTdX6SLtDto",1,0],[66.808,0,0,0,0,0,1,1,1,1]],[19,"leftDayNode",2,[-52,-53,-54,-55,-56,-57,-58,-59],[0,"0dH0htU3RGfL4njkUKtJYc",1,0],[-203.096,-259.215,0,0,0,0,1,1,1,1]],[9,"zombie_desc_bg",[-61,-62,-63,-64,-65,-66,-67],[[3,1,0,-60,[133],134]],[0,"f3XgvfOUFAxYa1ONVmrVaW",1,0],[5,650,370],[0,67.086,0,0,0,0,1,1,1,1]],[9,"recruitTask",[-70,-71,-72,-73],[[3,1,0,-68,[40],41],[11,3,-69,[[12,"bcff22iaiZKjZJRvVwBhVfF","clickBtn","2",1]]]],[0,"2cBHfPPo1Ky6rQIwR4LQGt",1,0],[5,240,91],[-0.998,-237.5,0,0,0,0,1,1,1,0]],[9,"drawBtn",[-75,-76,-77,-78,-79],[[3,1,0,-74,[92],93]],[0,"8aUxyFcWtLKJnaiFjiQe62",1,0],[5,244.8,145],[-130,19,0,0,0,0,1,1,1,1]],[9,"recruitReport",[-82,-83,-84],[[3,1,0,-80,[22],23],[11,3,-81,[[12,"bcff22iaiZKjZJRvVwBhVfF","clickBtn","0",1]]]],[0,"7eBS29/aZGGpv4HyD5F+pT",1,0],[5,240,91],[-0.998,-45.5,0,0,0,0,1,1,1,0]],[9,"recruitDraw",[-87,-88,-89],[[3,1,0,-85,[30],31],[11,3,-86,[[12,"bcff22iaiZKjZJRvVwBhVfF","clickBtn","3",1]]]],[0,"d2Ux9D9AtHopzK5Nhxjavq",1,0],[5,240,91],[-0.998,-141.5,0,0,0,0,1,1,1,0]],[31,"shareInvitation",false,2,[-92,-93,-94],[[3,1,0,-90,[65],66],[11,3,-91,[[12,"bcff22iaiZKjZJRvVwBhVfF","clickBtn","1",1]]]],[0,"d5YAhC6PxPnLPA5HBMLL0r",1,0],[5,240,91],[-541.337,116.034,0,0,0,0,1,1,1,0]],[20,"shareInvitation",[-95,-96,-97,-98,-99],[0,"17V8qS7VpNkLiE1qAjd8PZ",1,0]],[20,"content",[-100,6,-101,-102],[0,"b5da1Y0QRISZLoYR+LlOKx",1,0]],[6,"videoBtn",11,[-104,-105,-106],[[3,1,0,-103,[100],101]],[0,"1bA9DwIylDtrO7jGNDuC16",1,0],[5,244.8,145],[130,19,0,0,0,0,1,1,1,1]],[32,"recruitReportView",2,[4,-107,-108,-109],[0,"a9J3jqMzBN3YRsL8Ck0jzc",1,0]],[6,"reward2",4,[-111,-112,-113,-114],[[2,-110,[120],121]],[0,"61M4ZUew9Pk4X2VNrml5Ml",1,0],[5,78,78],[-230.253,-125,0,0,0,0,1,1,1,1]],[6,"reward2",4,[-116,-117,-118,-119],[[2,-115,[130],131]],[0,"e8N7LLY+9DyI+A2TYPL4OS",1,0],[5,78,78],[-122.672,-125,0,0,0,0,1,1,1,1]],[6,"reportShare",13,[-122,-123],[[3,1,0,-120,[143],144],[17,3,-121]],[0,"18MOLOrTZC7I0YeHTCCaH7",1,0],[5,200,61],[0,-156.781,0,0,0,0,1,1,1,0]],[6,"videoBtn",13,[-126,-127],[[3,1,0,-124,[149],150],[11,3,-125,[[26,"bcff22iaiZKjZJRvVwBhVfF","clickVideoReport",1]]]],[0,"82RiQur6tPTKmt4Wh6OU56",1,0],[5,200,61],[0,-156.781,0,0,0,0,1,1,1,0]],[13,"layout",2,[7,8,5],[[51,1,2,5,-128,[5,300,283]]],[0,"bdhfFweSlLJawwuNJspiSL",1,0],[5,300,283],[0,0.5,1],[-540.002,264.856,0,0,0,0,1,1,1,1]],[6,"shareBtn",10,[-131],[[3,1,0,-129,[73],74],[17,3,-130]],[0,"68DcOCbHBHkIYhbMhSFSef",1,0],[5,180,60],[-112.627,95.462,0,0,0,0,1,1,1,0]],[21,"content",[[52,2,-132]],[0,"e0hBsVBalALITjeXgzY1qL",1,0],[5,740,455],[0,0.5,1]],[6,"reportGet",13,[-135],[[3,1,0,-133,[137],138],[17,3,-134]],[0,"80yxDoXXlNTJovGjE5itZO",1,0],[5,200,61],[0,-156.781,0,0,0,0,1,1,1,0]],[6,"recruitImg7",3,[-137,-138],[[10,0,-136,[49],50]],[0,"ebSk45FMxF0r47aBxd9zsh",1,0],[5,143.8,40],[160.744,0,0,0,0,0,1,1,1,1]],[21,"content",[[53,2,15,5,-139]],[0,"08s1t4MpxM1Ktkmm0k18d2",1,0],[5,707,170],[0,0.5,1]],[33,"content",[-142],[[49,1,0,-140,[81]],[27,false,0.75,0.23,null,null,-141,20]],[0,"3dkL5KhNhAua8ndkG07kG2",1,0],[5,740,455],[0,0.5,1],[0,256.543,0,0,0,0,1,1,1,1]],[34,"notClick",false,120,6,[[3,1,0,-143,[90],91],[16,-144]],[0,"bcZhkkapFAVoArV52/KWbw",1,0],[5,240.7,145],[-0.959,0,0,0,0,0,1,1,1,1]],[35,"mask",177,1,[[10,0,-145,[0],1],[46,45,100,100,-146]],[0,"1bP986vNlGX6TVQVJSrFtC",1,0],[4,4278190080],[5,1280,720]],[1,"btn_close",2,[[2,-147,[14],15],[50,-148,[[26,"bcff22iaiZKjZJRvVwBhVfF","close",1]]]],[0,"efhYvwG4ZIxL2dkXkZJ3h0",1,0],[5,88,82],[393.24,228.975,0,0,0,0,1,1,1,0.6]],[7,"btnLab",7,[[8,"报告有奖",false,1,1,-149,[18],19],[28,0,-150]],[0,"behpt6Z8RMOKG2sVFHcIEo",1,0],[4,4281607202],[5,160,50.4],[0,2,0,0,0,0,1,1,1,1]],[7,"btnLab",8,[[8,"抽大奖",false,1,1,-151,[26],27],[4,2,-152,[4,4278596427]]],[0,"0cuyCpZU5Mfb7vnAnR2SA4",1,0],[4,4280135167],[5,124,54.4],[0,2,0,0,0,0,1,1,1,1]],[7,"btnLab",5,[[8,"抽奖任务",false,1,1,-153,[34],35],[4,2,-154,[4,4278596427]]],[0,"52wweoMslPYYIxvUzPtUF5",1,0],[4,4280135167],[5,164,54.4],[0,2,0,0,0,0,1,1,1,1]],[1,"redPoint",5,[[2,-155,[38],39]],[0,"9bJAvHunFCcZ7mciNmvcBX",1,0],[5,33,33],[-107.521,30.953,0,0,0,0,1,1,1,1]],[14,"New Label",false,3,[[5,"活动仅剩",25,25,false,1,1,-156,[51],52],[4,2,-157,[4,4278190080]]],[0,"d4PgpDX9NI7ryZFCjgS9TL",1,0],[5,104,35.5],[-49.426,0,0,0,0,0,1,1,1,1]],[14,"New Label",false,3,[[5,"天",25,25,false,1,1,-158,[54],55],[4,2,-159,[4,4278190080]]],[0,"8486Tr6OJGbKDFny0grI+F",1,0],[5,29,35.5],[116.78800000000001,0,0,0,0,0,1,1,1,1]],[41,"sucessActiveLab",3,[[-160,[4,2,-161,[4,4278190080]]],1,4],[0,"c9gwQ3mV9PX67/Awufl2Yl",1,0],[5,20.41,39.28],[499.637,1,0,0,0,0,1,1,1,1]],[7,"btnLab",9,[[8,"分享邀请",false,1,1,-162,[61],62],[4,2,-163,[4,4278596427]]],[0,"78EgKcYFdNbrmw7voZzZmN",1,0],[4,4280135167],[5,164,54.4],[0,2,0,0,0,0,1,1,1,1]],[15,"shareInvitationView",false,2,[10],[0,"d3nmhe031J45fpGGw07Wia",1,0]],[1,"New Label",19,[[5,"立即分享",28,28,false,1,1,-164,[71],72],[4,2,-165,[4,4278190080]]],[0,"22rngjD45P4aPmrTbMHdpP",1,0],[5,116,39.28],[0,1.837,0,0,0,0,1,1,1,1]],[1,"New Label",10,[[5,"每日首次分享可得10代币",20,20,false,1,1,-166,[75],76],[4,2,-167,[4,4278190080]]],[0,"de6hWkpF9CI5+3gXokNuv8",1,0],[5,222.8,29.2],[-101.313,51.871,0,0,0,0,1,1,1,1]],[13,"zombie_desc_bg",10,[-169],[[3,1,0,-168,[78],79]],[0,"eeyjeOABRM447UHTaKflcJ",1,0],[5,707,190],[0,0.5,1],[0,-9.588,0,0,0,0,1,1,1,1]],[22,"New ScrollView",39,[-171],[[27,false,0.75,0.23,null,null,-170,23]],[0,"180RCfwL9IFKgktKWxt2Hy",1,0],[5,707,190],[0,0.5,1]],[13,"view",40,[23],[[29,0,-172,[77]]],[0,"79pU3SNKJIQY2w7wePlPMA",1,0],[5,707,160],[0,0.5,1],[0,-16.034,0,0,0,0,1,1,1,1]],[15,"recruitTaskView",false,2,[24],[0,"ac5N9k0UZI95enMeDZisdx",1,0]],[22,"view",24,[20],[[29,0,-173,[80]]],[0,"6ccCSughNF3L+yvy+DMg5a",1,0],[5,740,455],[0,0.5,1]],[15,"recruitDrawView",false,2,[11],[0,"efint/iH1NyLBhA68X4UJp",1,0]],[7,"New Label",6,[[8,"代币抽奖",false,1,1,-174,[88],89],[4,3,-175,[4,4278208621]]],[0,"05ZGDZp6RO07R4bkh6r+RD",1,0],[4,4278255615],[5,166,56.4],[0,-24.727,0,0,0,0,1,1,1,1]],[7,"New Label",12,[[54,"广告抽奖",32,false,1,1,-176,[96],97],[4,3,-177,[4,4278208621]]],[0,"c70LCQBhBBaLgqMUY65Acz",1,0],[4,4278255615],[5,134,56.4],[9.88,0,0,0,0,0,1,1,1,1]],[36,"notClick",false,120,12,[[3,1,0,-178,[98],99],[16,-179]],[0,"a35I8aPgRLEb/mlaTmvAkE",1,0],[5,400,145]],[1,"drawSelectNode",11,[[2,-180,[102],103]],[0,"d3Z7zckAtAD6tbJFts7TYO",1,0],[5,92,92],[-314.74,165,0,0,0,0,1,1,1,1]],[1,"New Label",4,[[8,"立即领取",false,1,1,-181,[110],111],[4,2,-182,[4,4278190080]]],[0,"48E5pz1PRDfIHP+0+dXN9B",1,0],[5,164,54.4],[-179.503,-53.299,0,0,0,0,1,1,1,1]],[1,"lab",14,[[5,"免费试用\n一天",20,18,false,1,1,-183,[114],115],[4,2,-184,[4,4278190080]]],[0,"bbzW+uUsBJgpDbfHfBwSbo",1,0],[5,84,44.68],[0,-24.063,0,0,0,0,1,1,1,1]],[23,"slot_mask",0,14,[[10,0,-185,[116],117]],[0,"efB3y/BLBIk6Km+XuMLL2I",1,0],[5,78,78]],[24,"select",0,14,[[2,-186,[118],119]],[0,"02nCt39OZIjrIz3JaTt/Qu",1,0],[5,85,72],[0,0,0,0,0,0,1,0.7,0.7,0.7]],[1,"lab",15,[[5,"x100",20,18,false,1,1,-187,[124],125],[4,2,-188,[4,4278190080]]],[0,"b21PKTOn9BhpOWrgwxEmwT",1,0],[5,46.82,26.68],[0,-24.063,0,0,0,0,1,1,1,1]],[42,"shareLab",0,4,[[-189,[28,0,-190]],1,4],[0,"67HDNuMGhLQ7EMLS8Jnkn8",1,0],[4,4285216297],[5,160,50.4],[159.648,-145.548,0,0,0,0,1,1,1,1]],[37,"New Label",21,[[5,"立即领取",30,30,false,1,1,-191,[135],136],[4,2,-192,[4,4278190080]]],[0,"24hhrS+JdDzLHauAaM6+Yy",1,0],[5,124,41.8]],[1,"New Label",16,[[5,"分享",30,30,false,1,1,-193,[139],140],[4,2,-194,[4,4278190080]]],[0,"64Pco/GR1DrJRWSCS92vS6",1,0],[5,64,41.8],[14,0,0,0,0,0,1,1,1,1]],[1,"New Label",17,[[5,"立即领取",30,30,false,1,1,-195,[145],146],[4,2,-196,[4,4278190080]]],[0,"82ST7IsFlGb69aFZ44HzLX",1,0],[5,124,41.8],[21.562,1.493,0,0,0,0,1,1,1,1]],[38,"Tip",false,2,[[8,"完成冒险模式2-1关卡后\n开启活动",false,1,1,-197,[151],152]],[0,"f94CT9DVJJsaCDl6R9aSL6",1,0],[4,4285059315],[5,423.48,90.4],[0,45.444,0,0,0,0,1,1,1,1]],[39,"common_pop_view_3",2,[[25,1,0,false,-198,[2],3]],[0,"44ZeKwQaxEk7MrGgb6NDcA",1,0],[5,820,390],[0,0.5,1],[1,197,0,0,0,0,1,1,1,1]],[1,"common_pop_view_2",2,[[25,1,0,false,-199,[4],5]],[0,"73LWTZXBJK0LQhyoHV8Smh",1,0],[5,827,100],[0,246.638,0,0,0,0,1,1,1,1]],[1,"common_pop_view_4",2,[[3,1,0,-200,[6],7]],[0,"20n238ZXdJl6U31peZsCMh",1,0],[5,827,125],[0,-252.044,0,0,0,0,1,1,1,1]],[1,"recruitImg10",2,[[2,-201,[8],9]],[0,"44EFcOhwFB/KAsmfZ7Bj+/",1,0],[5,373,89],[140.371,306.46,0,0,0,0,1,1,1,1]],[1,"recruitImg16",2,[[2,-202,[10],11]],[0,"c90QgMDXdJLZ5GBK7u7T9b",1,0],[5,212,654],[371.897,-24.349,0,0,0,0,1,1,1,1]],[1,"recruitImg21",2,[[2,-203,[12],13]],[0,"d0XP/p/iBNnaCP0QFMYR7B",1,0],[5,250,259],[-353.851,-226.747,0,0,0,0,1,1,1,1]],[1,"recruitImg23",7,[[2,-204,[16],17]],[0,"b82gJVjUJHJKVbjmwmAsSa",1,0],[5,42,84],[127.762,2,0,0,0,0,1,1,1,1]],[1,"recruitImg2",7,[[2,-205,[20],21]],[0,"2bOyiFlxpBhqfI02kPeSqU",1,0],[5,26,43],[120,0,0,0,0,0,1,1,1,1]],[1,"recruitImg23",8,[[2,-206,[24],25]],[0,"5d+XP0KhRG+5JKGMTzKGGV",1,0],[5,42,84],[127.762,2,0,0,0,0,1,1,1,1]],[1,"recruitImg2",8,[[2,-207,[28],29]],[0,"33IyVfYcFKfrUI0M+mHEjc",1,0],[5,26,43],[120,0,0,0,0,0,1,1,1,1]],[1,"recruitImg23",5,[[2,-208,[32],33]],[0,"08d+WBdhZNhZjf5siRGPli",1,0],[5,42,84],[127.762,2,0,0,0,0,1,1,1,1]],[1,"recruitImg2",5,[[2,-209,[36],37]],[0,"84cSRB+JZLObLjZd1DnQJI",1,0],[5,26,43],[120,0,0,0,0,0,1,1,1,1]],[14,"recruitImg7",false,3,[[2,-210,[42],43]],[0,"3ayiAbtGVDg6pK8cu59Cmd",1,0],[5,97,40],[51.405,0,0,0,0,0,1,1,1,1]],[1,"recruitImg7",3,[[2,-211,[44],45]],[0,"0fcDamdpdMx66iS4PYEhnU",1,0],[5,97,40],[500.678,0,0,0,0,0,1,1,1,1]],[1,"recruitImg6",22,[[2,-212,[46],47]],[0,"6fNGFYaIJJJKMGdgIq0xg5",1,0],[5,56,56],[-66.445,0,0,0,0,0,1,0.8,0.8,1]],[43,"coinCnt",22,[-213],[0,"fdM5i8iK1Az4ZmR5sq8ad9",1,0],[5,55.38,35.28],[0,0,0.5],[-25.22,1,0,0,0,0,1,1,1,1]],[18,"1212",28,28,false,1,1,74,[48]],[44,"leftDaysLab",false,3,[-214],[0,"59j3zjUfhDqL/nVmRBjBFZ",1,0],[5,16.41,35.28],[50.782,1,0,0,0,0,1,1,1,1]],[18,"0",28,28,false,1,1,76,[53]],[1,"New Label",3,[[5,"累计抽奖次数:",25,25,false,1,1,-215,[56],57]],[0,"23I9ukWOxA+Ztya3rNjTjM",1,0],[5,155.57,31.5],[369.677,0,0,0,0,0,1,1,1,1]],[18,"0",28,28,false,1,1,34,[58]],[1,"recruitImg23",9,[[2,-216,[59],60]],[0,"17DPAuQKpCP5cth7gvjSy0",1,0],[5,42,84],[127.762,2,0,0,0,0,1,1,1,1]],[1,"recruitImg2",9,[[2,-217,[63],64]],[0,"9bAT0Mk9pKG4BRmdWq+u6x",1,0],[5,26,43],[120,0,0,0,0,0,1,1,1,1]],[1,"recruitImg8",10,[[2,-218,[67],68]],[0,"9cpl08beVMN4EiQ5pUFTAd",1,0],[5,707,265],[0,163.67,0,0,0,0,1,1,1,1]],[7,"New Label",10,[[5,"邀请记录",30,30,false,1,1,-219,[69],70]],[0,"69w+z9L3dNg69cvBimFy1V",1,0],[4,4284993522],[5,120,37.8],[0,9.58,0,0,0,0,1,1,1,1]],[40,"gridParent",11,[0,"ca0+B93uxJjJt/BuooL+v8",1,0]],[1,"recruitImg4",6,[[3,1,0,-220,[82],83]],[0,"73nPwyrbNBHI1IrlqlyBz7",1,0],[5,120,31],[0,29.202,0,0,0,0,1,1,1,1]],[7,"coinLab",6,[[5,"100",25,25,false,1,1,-221,[84],85]],[0,"d4k6zxszpI4b/inXJWp5Wf",1,0],[4,4278255615],[5,38.15,31.5],[10.349,30.222,0,0,0,0,1,1,1,1]],[1,"recruitImg6",6,[[2,-222,[86],87]],[0,"6c9OjXEKRJZYnnsuMPXhzp",1,0],[5,56,56],[-43.173,28.992,0,0,0,0,1,0.6,0.6,1]],[1,"ad_icon",12,[[2,-223,[94],95]],[0,"00EwNbBmlDEIJRoiImSP78",1,0],[5,35,26],[-76.058,0,0,0,0,0,1,1,1,1]],[1,"recruitImg24",4,[[2,-224,[104],105]],[0,"a3LeOGLiJFb6DuOQttJCuZ",1,0],[5,253,189],[-185.157,71.219,0,0,0,0,1,1,1,1]],[1,"recruitImg26",4,[[2,-225,[106],107]],[0,"10rRh55yBCbL2Yl0/H3Xpq",1,0],[5,287,359],[163.69,16.101,0,0,0,0,1,1.2,1.2,1]],[1,"recruitImg25",4,[[2,-226,[108],109]],[0,"b5LTkNlh5HwKFJGzSSfeBW",1,0],[5,224,256],[144.906,16.101,0,0,0,0,1,1,1,1]],[1,"recruitImg25",14,[[2,-227,[112],113]],[0,"c0GWtOJmBLE4P3nGxSo4VM",1,0],[5,224,256],[0,1,0,0,0,0,1,0.25,0.25,1]],[1,"recruitImg25",15,[[10,0,-228,[122],123]],[0,"e5yo4FXJtJK6mJBzbCD4+X",1,0],[5,226.2,226.2],[0,0,0,0,0,0,1,0.25,0.25,1]],[23,"slot_mask",0,15,[[10,0,-229,[126],127]],[0,"c6QITOQ/lJa76uUE0L+CS8",1,0],[5,78,78]],[24,"select",0,15,[[2,-230,[128],129]],[0,"51NN6PChBG/YUp0mSKzLmR",1,0],[5,85,72],[0,0,0,0,0,0,1,0.7,0.7,0.7]],[55,"分享成功",false,1,1,54,[132]],[1,"share_tag",16,[[2,-231,[141],142]],[0,"0bymGl5nFLHb33Nk89COWZ",1,0],[5,38,36],[-48,0,0,0,0,0,1,1,1,1]],[1,"ad_icon",17,[[2,-232,[147],148]],[0,"70sE0kNxtCZIWz7W6N+/Ch",1,0],[5,35,26],[-61.425,0,0,0,0,0,1,1,1,1]]],0,[0,5,1,0,0,1,0,0,1,0,6,17,0,7,31,0,8,77,0,9,79,0,10,75,0,11,52,0,12,51,0,13,96,0,14,16,0,15,21,0,16,25,0,17,84,0,18,12,0,19,6,0,20,48,0,21,20,0,22,58,0,23,11,0,24,20,0,25,10,0,26,23,0,27,19,0,-1,13,0,-2,36,0,-3,42,0,-4,44,0,-1,7,0,-2,9,0,-3,5,0,-4,8,0,0,1,0,-1,26,0,-2,2,0,-1,59,0,-2,60,0,-3,61,0,-4,62,0,-5,63,0,-6,64,0,-7,27,0,-8,18,0,-9,3,0,-10,9,0,-11,36,0,-12,42,0,-13,44,0,-14,13,0,-15,58,0,-1,71,0,-2,72,0,-3,22,0,-4,32,0,-5,76,0,-6,33,0,-7,78,0,-8,34,0,0,4,0,-1,89,0,-2,90,0,-3,91,0,-4,49,0,-5,14,0,-6,15,0,-7,54,0,0,5,0,0,5,0,-1,69,0,-2,30,0,-3,70,0,-4,31,0,0,6,0,-1,85,0,-2,86,0,-3,87,0,-4,45,0,-5,25,0,0,7,0,0,7,0,-1,65,0,-2,28,0,-3,66,0,0,8,0,0,8,0,-1,67,0,-2,29,0,-3,68,0,0,9,0,0,9,0,-1,80,0,-2,35,0,-3,81,0,-1,82,0,-2,83,0,-3,19,0,-4,38,0,-5,39,0,-1,84,0,-3,12,0,-4,48,0,0,12,0,-1,88,0,-2,46,0,-3,47,0,-2,21,0,-3,16,0,-4,17,0,0,14,0,-1,92,0,-2,50,0,-3,51,0,-4,52,0,0,15,0,-1,93,0,-2,53,0,-3,94,0,-4,95,0,0,16,0,0,16,0,-1,56,0,-2,97,0,0,17,0,0,17,0,-1,57,0,-2,98,0,0,18,0,0,19,0,0,19,0,-1,37,0,0,20,0,0,21,0,0,21,0,-1,55,0,0,22,0,-1,73,0,-2,74,0,0,23,0,0,24,0,0,24,0,-1,43,0,0,25,0,0,25,0,0,26,0,0,26,0,0,27,0,0,27,0,0,28,0,0,28,0,0,29,0,0,29,0,0,30,0,0,30,0,0,31,0,0,32,0,0,32,0,0,33,0,0,33,0,-1,79,0,0,34,0,0,35,0,0,35,0,0,37,0,0,37,0,0,38,0,0,38,0,0,39,0,-1,40,0,0,40,0,-1,41,0,0,41,0,0,43,0,0,45,0,0,45,0,0,46,0,0,46,0,0,47,0,0,47,0,0,48,0,0,49,0,0,49,0,0,50,0,0,50,0,0,51,0,0,52,0,0,53,0,0,53,0,-1,96,0,0,54,0,0,55,0,0,55,0,0,56,0,0,56,0,0,57,0,0,57,0,0,58,0,0,59,0,0,60,0,0,61,0,0,62,0,0,63,0,0,64,0,0,65,0,0,66,0,0,67,0,0,68,0,0,69,0,0,70,0,0,71,0,0,72,0,0,73,0,-1,75,0,-1,77,0,0,78,0,0,80,0,0,81,0,0,82,0,0,83,0,0,85,0,0,86,0,0,87,0,0,88,0,0,89,0,0,90,0,0,91,0,0,92,0,0,93,0,0,94,0,0,95,0,0,97,0,0,98,0,28,1,4,3,13,5,3,18,6,3,11,7,3,18,8,3,18,10,3,36,11,3,44,20,3,43,23,3,41,24,3,42,232],[0,0,0,0,0,0,0,0,0,0,0,0,0,0,0,0,0,0,0,0,0,0,0,0,0,0,0,0,0,0,0,0,0,0,0,0,0,0,0,0,0,0,0,0,0,0,0,0,0,0,0,0,0,0,0,0,0,0,0,0,0,0,0,0,0,0,0,0,0,0,0,0,0,0,0,0,0,0,0,0,0,0,0,0,0,0,0,0,0,0,0,0,0,0,0,0,0,0,0,0,0,0,0,0,0,0,0,0,0,0,0,0,0,0,0,0,0,0,0,0,0,0,0,0,0,0,0,0,0,0,0,0,0,0,0,0,0,0,0,0,0,0,0,0,0,0,0,0,0,0,0,0,0,0,0,0,75,77,79,96],[-1,1,-1,1,-1,1,-1,1,-1,1,-1,1,-1,1,-1,1,-1,1,-1,2,-1,1,-1,1,-1,1,-1,2,-1,1,-1,1,-1,1,-1,2,-1,1,-1,1,-1,1,-1,1,-1,1,-1,1,-1,-1,1,-1,2,-1,-1,2,-1,2,-1,-1,1,-1,2,-1,1,-1,1,-1,1,-1,2,-1,2,-1,1,-1,2,-1,-1,1,-1,-1,-1,1,-1,2,-1,1,-1,2,-1,1,-1,1,-1,1,-1,2,-1,1,-1,1,-1,1,-1,1,-1,1,-1,1,-1,2,-1,1,-1,2,-1,1,-1,1,-1,1,-1,1,-1,2,-1,1,-1,1,-1,1,-1,-1,1,-1,2,-1,1,-1,2,-1,1,-1,1,-1,2,-1,1,-1,1,-1,2,29,30,31,2,2,2,2],[0,16,0,17,0,18,0,19,0,20,0,21,0,22,0,23,0,2,0,1,0,3,0,4,0,2,0,1,0,3,0,4,0,2,0,1,0,3,0,24,0,4,0,5,0,5,0,6,0,0,5,0,1,0,0,1,0,1,0,0,2,0,1,0,3,0,4,0,25,0,1,0,1,0,7,0,1,0,0,8,0,0,0,26,0,1,0,6,0,1,0,9,0,27,0,28,0,1,0,9,0,29,0,30,0,31,0,32,0,10,0,1,0,10,0,1,0,11,0,12,0,13,0,6,0,1,0,11,0,12,0,13,0,0,8,0,1,0,7,0,1,0,33,0,14,0,1,0,34,0,14,0,1,35,36,37,1,1,1,1]]]]