[1,["ecpdLyjvZBwrvm+cedCcQy","a530BmbHNHroJ/GvlOYK3f","26PuDCUtdBOJLHIcARYsP0","2dHi9RnBJOTp4b8a+17+Zi","1c3ff388b","1ed7c1957","47472OeNxNV6u9v0xnQOVl","deAKCBDq9ORrj0DW77K2LR","5d/4Ma7qhMpqz4L9YewWEv"],["node","_spriteFrame","_textureSetter","_parent","root","iceGround2","iceGround","data","poolPrefab"],[["cc.Node",["_name","_prefab","_components","_children","_parent","_contentSize","_trs","_anchorPoint"],2,4,9,2,1,5,7,5],"cc.SpriteFrame",["cc.PrefabInfo",["fileId","root","asset"],2,1,1],["cc.Sprite",["_type","_sizeMode","_isTrimmedMode","node","_materials","_spriteFrame"],0,1,3,6],["cc.Prefab",["_name"],2],["b6d09eU8vpEEqYlH++7vryG",["node","iceGround","iceGround2","poolPrefab"],3,1,1,1,6],["cc.Mask",["node","_materials"],3,1,3]],[[2,0,1,2,2],[3,3,4,5,1],[0,0,4,2,1,5,6,2],[0,0,3,1,6,2],[4,0,2],[0,0,3,2,1,2],[0,0,3,1,2],[0,0,4,3,2,1,5,7,2],[0,0,4,2,1,5,7,6,2],[0,0,4,2,1,5,7,2],[5,0,1,2,3,1],[2,1,2,1],[6,0,1,1],[3,0,1,2,3,4,5,4]],[[[{"name":"ice_star1","rect":[715,549,20,20],"offset":[0,0],"originalSize":[20,20],"capInsets":[0,0,0,0]}],[1],0,[0],[2],[4]],[[{"name":"ice_star2","rect":[385,359,28,26],"offset":[0,0],"originalSize":[28,26],"rotated":1,"capInsets":[0,0,0,0]}],[1],0,[0],[2],[5]],[[{"name":"IceGround1","rect":[356,429,203,98],"offset":[0,0],"originalSize":[203,98],"capInsets":[0,0,0,0]}],[1],0,[0],[2],[4]],[[[4,"IceGround"],[5,"IceGround",[-5,-6],[[10,-4,-3,-2,77]],[11,-1,0]],[6,"star",[-7,-8,-9,-10,-11,-12,-13,-14,-15,-16,-17,-18],[0,"1djowQHStLcpEHDnoRVYgT",1,0]],[3,"star2",[-19,-20,-21,-22,-23,-24,-25,-26,-27,-28,-29,-30],[0,"33Y4gllVZP2ogDeU//bYAw",1,0],[-526,0,0,0,0,0,1,1,1,1]],[3,"star2 copy",[-31,-32,-33,-34,-35,-36,-37,-38,-39,-40,-41,-42],[0,"22QOJnF6RA64jhJBKWACjy",1,0],[-1052,0,0,0,0,0,1,1,1,1]],[7,"mask",1,[-44,2,3,4],[[12,-43,[74]]],[0,"a1Xt94ut1PC5f+lYLV3BIH",1,0],[5,1500,100],[0,1,0]],[8,"IceGround2",1,[[1,-45,[75],76]],[0,"26XDEKJltNP5dsyNW/2Xzj",1,0],[5,33,96],[0,0.5,0],[-100,0,0,0,0,0,1,1,1,1]],[9,"IceGround1",5,[[13,2,0,false,-46,[0],1]],[0,"ecw9gDnOBPLYUni+Ev/Fdo",1,0],[5,2000,98],[0,1,0]],[2,"ice_star1",2,[[1,-47,[2],3]],[0,"e2dJwRS7dMmrjjwyFW7t86",1,0],[5,20,20],[-23,72,0,0,0,0,1,1,1,1]],[2,"ice_star1 copy",2,[[1,-48,[4],5]],[0,"eb0Q/YvetMGaWw2BjSARlH",1,0],[5,20,20],[-352,59,0,0,0,0,1,1,1,1]],[2,"ice_star1 copy",2,[[1,-49,[6],7]],[0,"ecblgZXPdPZa/3GqGBP//u",1,0],[5,20,20],[-167,72,0,0,0,0,1,1,1,1]],[2,"ice_star1 copy",2,[[1,-50,[8],9]],[0,"5bTPEP6kxHm4WnK5yGJwPa",1,0],[5,20,20],[-494,76,0,0,0,0,1,1,1,1]],[2,"ice_star3",2,[[1,-51,[10],11]],[0,"17FAvy005Af5+3XVOUH3R1",1,0],[5,14,13],[-54,21,0,0,0,0,1,1,1,1]],[2,"ice_star3 copy",2,[[1,-52,[12],13]],[0,"3c5pSBmOFETKUQX2ZzTSI4",1,0],[5,14,13],[-86,63,0,0,0,0,1,1,1,1]],[2,"ice_star3 copy",2,[[1,-53,[14],15]],[0,"7832PmashAqLnOb3veoCzI",1,0],[5,14,13],[-116,22,0,0,0,0,1,1,1,1]],[2,"ice_star3 copy",2,[[1,-54,[16],17]],[0,"a9ypHO29pOP53oamu/rh50",1,0],[5,14,13],[-259,68,0,0,0,0,1,1,1,1]],[2,"ice_star3 copy",2,[[1,-55,[18],19]],[0,"39U/RY2ylPUKcaHmCWpP8S",1,0],[5,14,13],[-291,24,0,0,0,0,1,1,1,1]],[2,"ice_star3 copy",2,[[1,-56,[20],21]],[0,"502AHsO21OOaAPD7W7ltRY",1,0],[5,14,13],[-456,56,0,0,0,0,1,1,1,1]],[2,"ice_star2",2,[[1,-57,[22],23]],[0,"57GuOUz65IbpP9mG0JPzW4",1,0],[5,28,26],[-217,23,0,0,0,0,1,1,1,1]],[2,"ice_star2 copy",2,[[1,-58,[24],25]],[0,"e6nZCwFcNNu5O5iNbglYFh",1,0],[5,28,26],[-410,29,0,0,0,0,1,1,1,1]],[2,"ice_star1",3,[[1,-59,[26],27]],[0,"37Ew81r3RMyKV6+Zb5GMx4",1,0],[5,20,20],[-23,72,0,0,0,0,1,1,1,1]],[2,"ice_star1 copy",3,[[1,-60,[28],29]],[0,"9aKmEyNDpBjIKr0F74jSDB",1,0],[5,20,20],[-352,59,0,0,0,0,1,1,1,1]],[2,"ice_star1 copy",3,[[1,-61,[30],31]],[0,"95FfSqo7ZJ+pVJXK8OI2Qf",1,0],[5,20,20],[-167,72,0,0,0,0,1,1,1,1]],[2,"ice_star1 copy",3,[[1,-62,[32],33]],[0,"616d7kHuZKQI3yMbwxBqRu",1,0],[5,20,20],[-494,76,0,0,0,0,1,1,1,1]],[2,"ice_star3",3,[[1,-63,[34],35]],[0,"4cSj+Pq5xANI/DdLKb07QA",1,0],[5,14,13],[-54,21,0,0,0,0,1,1,1,1]],[2,"ice_star3 copy",3,[[1,-64,[36],37]],[0,"e2uwBZ5atHUInyaUbR2HjB",1,0],[5,14,13],[-86,63,0,0,0,0,1,1,1,1]],[2,"ice_star3 copy",3,[[1,-65,[38],39]],[0,"77ARr4yaNGA5en+A+b14SX",1,0],[5,14,13],[-116,22,0,0,0,0,1,1,1,1]],[2,"ice_star3 copy",3,[[1,-66,[40],41]],[0,"53XPgDbnNJS63h299UGDlx",1,0],[5,14,13],[-259,68,0,0,0,0,1,1,1,1]],[2,"ice_star3 copy",3,[[1,-67,[42],43]],[0,"d3jcobIQ1KgZakpGdMU4QK",1,0],[5,14,13],[-291,24,0,0,0,0,1,1,1,1]],[2,"ice_star3 copy",3,[[1,-68,[44],45]],[0,"dc6OBbenhPQreQjkmkUDep",1,0],[5,14,13],[-456,56,0,0,0,0,1,1,1,1]],[2,"ice_star2",3,[[1,-69,[46],47]],[0,"50dnbojZxMN5cwEZyRcVG+",1,0],[5,28,26],[-217,23,0,0,0,0,1,1,1,1]],[2,"ice_star2 copy",3,[[1,-70,[48],49]],[0,"a4e0cCbUFEArGdtxxvq5d6",1,0],[5,28,26],[-410,29,0,0,0,0,1,1,1,1]],[2,"ice_star1",4,[[1,-71,[50],51]],[0,"c2wNgYJvFLWLM3CkT7a91w",1,0],[5,20,20],[-23,72,0,0,0,0,1,1,1,1]],[2,"ice_star1 copy",4,[[1,-72,[52],53]],[0,"cbJdM2mWBFi6hUt0dJ2/HK",1,0],[5,20,20],[-352,59,0,0,0,0,1,1,1,1]],[2,"ice_star1 copy",4,[[1,-73,[54],55]],[0,"8dsB0+u5JNib6eapYFllen",1,0],[5,20,20],[-167,72,0,0,0,0,1,1,1,1]],[2,"ice_star1 copy",4,[[1,-74,[56],57]],[0,"2euEyO+85IVoOl/hBXgJQ3",1,0],[5,20,20],[-494,76,0,0,0,0,1,1,1,1]],[2,"ice_star3",4,[[1,-75,[58],59]],[0,"afwwqreAdD+LTHMadeNnQv",1,0],[5,14,13],[-54,21,0,0,0,0,1,1,1,1]],[2,"ice_star3 copy",4,[[1,-76,[60],61]],[0,"30IeEB/KFLxpWaZ8Pzr6sT",1,0],[5,14,13],[-86,63,0,0,0,0,1,1,1,1]],[2,"ice_star3 copy",4,[[1,-77,[62],63]],[0,"ffqzgipvhLX5g+yNfZsMVn",1,0],[5,14,13],[-116,22,0,0,0,0,1,1,1,1]],[2,"ice_star3 copy",4,[[1,-78,[64],65]],[0,"5eFWlTcrxBCqi+TmYwbfNl",1,0],[5,14,13],[-259,68,0,0,0,0,1,1,1,1]],[2,"ice_star3 copy",4,[[1,-79,[66],67]],[0,"f4uHcdFExMVJSC/GAXyxG2",1,0],[5,14,13],[-291,24,0,0,0,0,1,1,1,1]],[2,"ice_star3 copy",4,[[1,-80,[68],69]],[0,"3ehkjYKw5MKZyPLD5E34EP",1,0],[5,14,13],[-456,56,0,0,0,0,1,1,1,1]],[2,"ice_star2",4,[[1,-81,[70],71]],[0,"62XQjMedlCrr3VH5+TgYgP",1,0],[5,28,26],[-217,23,0,0,0,0,1,1,1,1]],[2,"ice_star2 copy",4,[[1,-82,[72],73]],[0,"01ad9F+B1Cp70gzAXnNv6t",1,0],[5,28,26],[-410,29,0,0,0,0,1,1,1,1]]],0,[0,4,1,0,5,6,0,6,5,0,0,1,0,-1,5,0,-2,6,0,-1,8,0,-2,9,0,-3,10,0,-4,11,0,-5,12,0,-6,13,0,-7,14,0,-8,15,0,-9,16,0,-10,17,0,-11,18,0,-12,19,0,-1,20,0,-2,21,0,-3,22,0,-4,23,0,-5,24,0,-6,25,0,-7,26,0,-8,27,0,-9,28,0,-10,29,0,-11,30,0,-12,31,0,-1,32,0,-2,33,0,-3,34,0,-4,35,0,-5,36,0,-6,37,0,-7,38,0,-8,39,0,-9,40,0,-10,41,0,-11,42,0,-12,43,0,0,5,0,-1,7,0,0,6,0,0,7,0,0,8,0,0,9,0,0,10,0,0,11,0,0,12,0,0,13,0,0,14,0,0,15,0,0,16,0,0,17,0,0,18,0,0,19,0,0,20,0,0,21,0,0,22,0,0,23,0,0,24,0,0,25,0,0,26,0,0,27,0,0,28,0,0,29,0,0,30,0,0,31,0,0,32,0,0,33,0,0,34,0,0,35,0,0,36,0,0,37,0,0,38,0,0,39,0,0,40,0,0,41,0,0,42,0,0,43,0,7,1,2,3,5,3,3,5,4,3,5,82],[0,0,0,0,0,0,0,0,0,0,0,0,0,0,0,0,0,0,0,0,0,0,0,0,0,0,0,0,0,0,0,0,0,0,0,0,0,0,0,0,0,0,0,0,0,0,0,0,0,0,0,0,0,0,0,0,0,0,0,0,0,0,0,0,0,0,0,0,0,0,0,0,0,0,0,0,0,0],[-1,1,-1,1,-1,1,-1,1,-1,1,-1,1,-1,1,-1,1,-1,1,-1,1,-1,1,-1,1,-1,1,-1,1,-1,1,-1,1,-1,1,-1,1,-1,1,-1,1,-1,1,-1,1,-1,1,-1,1,-1,1,-1,1,-1,1,-1,1,-1,1,-1,1,-1,1,-1,1,-1,1,-1,1,-1,1,-1,1,-1,1,-1,-1,1,8],[0,6,0,2,0,2,0,2,0,2,0,1,0,1,0,1,0,1,0,1,0,1,0,3,0,3,0,2,0,2,0,2,0,2,0,1,0,1,0,1,0,1,0,1,0,1,0,3,0,3,0,2,0,2,0,2,0,2,0,1,0,1,0,1,0,1,0,1,0,1,0,3,0,3,0,0,7,8]],[[{"name":"ice_star3","rect":[320,690,14,13],"offset":[0,0],"originalSize":[14,13],"rotated":1,"capInsets":[0,0,0,0]}],[1],0,[0],[2],[4]],[[{"name":"IceGround2","rect":[263,781,33,96],"offset":[0,0],"originalSize":[33,96],"capInsets":[0,0,0,0]}],[1],0,[0],[2],[4]]]]