[1,["ecpdLyjvZBwrvm+cedCcQy","caohSHbS5GEIzmwCrnMGn5","bdOSISB5lKz5r4WyFeQcV7","16572be7f","a2MjXRFdtLlYQ5ouAFv/+R","aaUeQxHhROlriGY/EIWppv","5b2E3BaVNNzZPAk8+DkCbZ","65ybVT/JhNvbjVcDxJ07U+","2feRlJ3QNFh5DUZG3E5FSJ","22zP0WwkpICptxH4eNhIv0","9bDLHjaQpHDrP2dj+A45qq"],["node","_spriteFrame","_N$file","_textureSetter","root","container","t_left_time","data","_parent","prefab_item"],[["cc.Node",["_name","_opacity","_prefab","_components","_contentSize","_trs","_parent","_children","_anchorPoint","_color"],1,4,9,5,7,1,2,5,5],["cc.Sprite",["_sizeMode","_type","_isTrimmedMode","node","_materials","_spriteFrame"],0,1,3,6],["cc.Label",["_string","_fontSize","_lineHeight","_isSystemFontUsed","_N$verticalAlign","_N$horizontalAlign","node","_materials","_N$file"],-3,1,3,6],["cc.Widget",["_alignFlags","_originalWidth","_originalHeight","node"],0,1],["cc.PrefabInfo",["fileId","root","asset"],2,1,1],"cc.SpriteFrame",["cc.Prefab",["_name"],2],["cc.Node",["_name","_parent","_components","_prefab","_color","_contentSize","_anchorPoint","_trs"],2,1,12,4,5,5,5,7],["cc.BlockInputEvents",["node"],3,1],["18792uaQChA84v8ThmwFEKO",["node","t_left_time","container","prefab_item"],3,1,1,1,6],["cc.Layout",["_resize","_N$layoutType","_N$spacingY","node","_layoutSize"],0,1,5],["20f3aEs40NPYZXiSjoceFHQ",["_sizeMode","node","_materials","_spriteFrame"],2,1,3,6],["cc.Button",["_N$transition","node","clickEvents"],2,1,9],["cc.ClickEvent",["_componentId","handler","target"],1,1],["cc.LabelOutline",["_width","node","_color"],2,1,5],["cc.ScrollView",["horizontal","brake","bounceDuration","_N$horizontalScrollBar","_N$verticalScrollBar","node","_N$content"],-2,1,1],["cc.Mask",["_N$alphaThreshold","node","_materials"],2,1,3]],[[4,0,1,2,2],[0,0,6,3,2,4,5,2],[14,0,1,2,2],[1,0,3,4,5,2],[0,0,6,7,3,2,4,5,2],[1,3,4,5,1],[1,1,0,2,3,4,5,4],[2,0,1,2,3,4,6,7,8,6],[6,0,2],[0,0,7,3,2,4,5,2],[0,0,6,7,2,5,2],[0,0,3,2,4,8,5,2],[0,0,1,6,3,2,9,4,3],[0,0,6,3,2,9,4,8,5,2],[0,0,6,3,2,4,8,5,2],[0,0,6,3,2,9,4,5,2],[0,0,6,7,3,2,4,2],[7,0,1,2,3,4,5,6,7,2],[3,0,3,2],[3,0,1,2,3,4],[8,0,1],[9,0,1,2,3,1],[4,1,2,1],[10,0,1,2,3,4,4],[11,0,1,2,3,2],[12,0,1,2,2],[13,0,1,2,3],[2,0,1,2,3,5,4,6,7,8,7],[2,0,1,2,3,4,6,7,6],[15,0,1,2,3,4,5,6,6],[16,0,1,2,2]],[[[{"name":"t_top","rect":[3,968,217,53],"offset":[-0.5,0.5],"originalSize":[218,54],"capInsets":[0,0,0,0]}],[5],0,[0],[3],[3]],[[[8,"tasksView"],[9,"tasksView",[-7,-8],[[18,45,-2],[20,-3],[21,-6,-5,-4,24]],[22,-1,0],[5,1280,720],[640,360,0,0,0,0,1,1,1,1]],[10,"board",1,[-9,-10,-11,-12,-13,-14,-15],[0,"79if67nshKTrN/ovWVOpFz",1,0],[0,-40.334,0,0,0,0,1,1,1,1]],[4,"topPic",2,[-17,-18,-19,-20],[[5,-16,[17],18]],[0,"1e1MrTjwRGDJ8SeIJSL4TY",1,0],[5,758,143],[0,161.12,0,0,0,0,1,1,1,1]],[11,"content",[[23,1,2,10,-21,[5,800,120]],[24,0,-22,[21],22]],[0,"bdrz77ZvFNgp8THHLM48w+",1,0],[5,800,120],[0,0.5,1],[0,162.729,0,0,0,0,1,1,1,1]],[12,"mask",177,1,[[3,0,-23,[0],1],[19,45,100,100,-24]],[0,"2eDfL0T9xOqa7Wx7Tvdjk2",1,0],[4,4278190080],[5,1280,720]],[1,"btn_close",2,[[3,0,-25,[8],9],[25,3,-26,[[26,"18792uaQChA84v8ThmwFEKO","clickClose",1]]]],[0,"32Rgi6xVVMjIMcCYtjVQJU",1,0],[5,39,36],[380.945,257.403,0,0,0,0,1,1.5,1.5,0]],[13,"lab",3,[[7,"活动期间，玩家解锁达到对应关卡即可\n领取对应奖励",25,25,false,1,-27,[12],13],[2,3,-28,[4,4278208621]]],[0,"4aERJOYRlMKbeoURe0BFFr",1,0],[4,4284081919],[5,431,62.5],[0,0,0.5],[-358.669,-27.434,0,0,0,0,1,1,1,1]],[14,"lab copy",3,[[7,"活动剩余时间：",20,25,false,1,-29,[14],15],[2,3,-30,[4,4278190080]]],[0,"c2AVNhZn9DEbXJPKNA6SDR",1,0],[5,146,37.5],[0,0,0.5],[64.148,-42.733,0,0,0,0,1,1,1,1]],[17,"t_left_time",3,[[-31,[2,3,-32,[4,4278596427]]],1,4],[0,"a1CTh12lhPqpt0xlQyMFw8",1,0],[4,4280135167],[5,19.48,37.5],[0,0,0.5],[201.841,-44.124,0,0,0,0,1,1,1,1]],[15,"tittle",2,[[27,"冲关挑战",45,45,false,1,1,-33,[19],20],[2,2,-34,[4,4278596427]]],[0,"30C7NQLWpJcqWho/exjScw",1,0],[4,4280135167],[5,184,60.7],[0,274.897,0,0,0,0,1,1,1,1]],[4,"ScrollView",2,[-36],[[29,false,0.75,0.23,null,null,-35,4]],[0,"a7/zxMj45GU5csGa+ACzvo",1,0],[5,760,335],[0,-82.059,0,0,0,0,1,1,1,1]],[16,"view",11,[4],[[30,0,-37,[23]]],[0,"cbcESJwbpAQYtmTWOkrrwF",1,0],[5,760,335]],[1,"rank_grass",2,[[3,0,-38,[2],3]],[0,"b6gv7Uw+5K/qGLVSLG6JvE",1,0],[5,800,46],[0,313.348,0,0,0,0,1,1,1,1]],[1,"common_board",2,[[6,1,0,false,-39,[4],5]],[0,"19/JuQlb5PAYsVppqHxHTw",1,0],[5,800,590],[0,15.913,0,0,0,0,1,1,1,1]],[1,"common_bg",2,[[6,1,0,false,-40,[6],7]],[0,"2cdY4YBVNJ54Wg0zYgI6Za",1,0],[5,770,495],[0,-8.285,0,0,0,0,1,1,1,1]],[1,"t_top",3,[[5,-41,[10],11]],[0,"edOubEw19O6L6MaWNb+b5Q",1,0],[5,217,53],[-212.799,33.38,0,0,0,0,1,1,1,1]],[28,"0",23,25,false,1,9,[16]]],0,[0,4,1,0,0,1,0,0,1,0,5,4,0,6,17,0,0,1,0,-1,5,0,-2,2,0,-1,13,0,-2,14,0,-3,15,0,-4,6,0,-5,3,0,-6,10,0,-7,11,0,0,3,0,-1,16,0,-2,7,0,-3,8,0,-4,9,0,0,4,0,0,4,0,0,5,0,0,5,0,0,6,0,0,6,0,0,7,0,0,7,0,0,8,0,0,8,0,-1,17,0,0,9,0,0,10,0,0,10,0,0,11,0,-1,12,0,0,12,0,0,13,0,0,14,0,0,15,0,0,16,0,7,1,4,8,12,41],[0,0,0,0,0,0,0,0,0,0,0,0,0,0,0,0,0,0,0,0,0,0,0,0,0,17],[-1,1,-1,1,-1,1,-1,1,-1,1,-1,1,-1,2,-1,2,-1,-1,1,-1,2,-1,1,-1,9,2],[0,4,0,5,0,6,0,7,0,8,0,9,0,1,0,1,0,0,2,0,1,0,2,0,10,1]]]]