[1,["ecpdLyjvZBwrvm+cedCcQy","caohSHbS5GEIzmwCrnMGn5","c0jjWnO2xNFKVaoTmmrPk3","87Z503fhRE4LzCaeiujAHt","7a/QZLET9IDreTiBfRn2PD","eeDrguTHxLd72PhCp10iFw","95+TppsJxOspEESQut1AC3","26ipmoxhtEnY1VpTmYs8Pi","cehPDxlrVNEKM3wxpmcu15","c5FOXmJkRMUrnPeBbhkOLL","7aKVSYjxdIO5IIx2FT60fw","15c82d3d1"],["node","_spriteFrame","_N$file","root","lab_btn","node_task","lab_rewardCnt","img_reward","ani_prop","lab_taskPro","lab_taskName","data","_N$skeletonData","_textureSetter"],[["cc.Sprite",["_sizeMode","_type","node","_materials","_spriteFrame"],1,1,3,6],["cc.Node",["_name","_components","_prefab","_contentSize","_trs","_children","_parent"],2,9,4,5,7,2,1],["cc.Node",["_name","_parent","_components","_prefab","_trs","_contentSize","_color"],2,1,2,4,7,5,5],["cc.Node",["_name","_parent","_components","_prefab","_contentSize","_anchorPoint","_trs","_color"],2,1,12,4,5,5,7,5],["cc.PrefabInfo",["fileId","root","asset"],2,1,1],["cc.Widget",["_alignFlags","_left","_right","node"],0,1],"cc.SpriteFrame",["cc.Prefab",["_name"],2],["8dcf1r70nNEG5jMRMsMYnpk",["node","lab_taskName","lab_taskPro","ani_prop","img_reward","lab_rewardCnt","node_task","lab_btn","sprites_arr","sprites_btns"],3,1,1,1,1,1,1,1,1,3,3],["cc.LabelOutline",["_width","node","_color"],2,1,5],["cc.Label",["_string","_fontSize","_lineHeight","_isSystemFontUsed","_N$horizontalAlign","_N$verticalAlign","node","_materials"],-3,1,3],["sp.Skeleton",["defaultSkin","defaultAnimation","_preCacheMode","_animationName","node","_materials"],-1,1,3],["261d4+Q1HdGA5w3tjdBw83c",["node","spineAnimation"],3,1,1]],[[4,0,1,2,2],[10,0,1,2,3,4,5,6,7,7],[3,0,1,2,3,4,5,6,2],[9,0,1,2,2],[7,0,2],[1,0,5,1,2,3,4,2],[1,0,6,5,1,2,3,4,2],[1,0,6,1,2,3,4,2],[3,0,1,2,3,7,4,5,6,2],[2,0,1,2,3,4,2],[2,0,1,2,3,6,5,4,2],[2,0,1,2,3,5,4,2],[0,1,0,2,3,4,3],[0,0,2,3,4,2],[0,2,3,4,1],[0,2,3,1],[8,0,1,2,3,4,5,6,7,8,9,1],[4,1,2,1],[5,0,1,2,3,4],[5,0,1,3,3],[11,0,1,2,3,4,5,5],[12,0,1,1]],[[[[4,"NewPlayerTaskItem"],[5,"NewPlayerTaskItem",[-11,-12,-13,-14,-15],[[12,1,0,-2,[10],11],[16,-10,-9,-8,-7,-6,-5,-4,-3,[12,13,14],[15,16,17]]],[17,-1,0],[5,580,63],[0,-31.5,0,0,0,0,1,1,1,1]],[6,"normalRewardBg",1,[-17,-18,-19],[[13,0,-16,[8],9]],[0,"934bTk39hLd5ag2mWMTWk/",1,0],[5,55,55],[119.159,0,0,0,0,0,1,1,1,1]],[2,"rewardCnt",2,[[-20,[18,32,34.821,-3.346,-21],[3,2,-22,[4,4278190080]]],1,4,4],[0,"9fUM8ojtxPYYpYq/4ICYc6",1,0],[5,51.18,26.68],[0,1,0.5],[30.846,-18.383,0,0,0,0,1,1,1,2]],[7,"tasknode",1,[[14,-23,[0],1]],[0,"99f9oegXBADqnksMWGRjEM",1,0],[5,91,36],[225.035,0,0,0,0,0,1,1,1,1]],[8,"taskname",1,[[-24,[19,8,15.387999999999977,-25]],1,4],[0,"2eGAeqBblP+Jcvr64A2n0M",1,0],[4,4279309116],[5,161.79,27.72],[0,0,0.5],[-274.612,0,0,0,0,0,1,1,1,1]],[2,"pro",1,[[-26,[3,2,-27,[4,4278190080]]],1,4],[0,"5dBUb/YglNu4uCNyG5Ww/0",1,0],[5,41.58,31.72],[0,1,0.5],[88.075,0,0,0,0,0,1,1,1,1]],[9,"normal27FX_ui",2,[-28,-29],[0,"14SMEaWadAI4flwncCGLiQ",1,0],[0,0,0,0,0,0,1,0.4,0.4,0.725]],[1,"累计登录游戏1天",22,22,false,1,1,5,[2]],[1,"1/1",22,22,false,1,1,6,[3]],[10,"btnlab",1,[-30],[0,"7fw7ff5/pJd7K64TGUeXoh",1,0],[4,4281283673],[5,50,31.5],[226.272,0,0,0,0,0,1,1,1,1]],[1,"前往",25,25,false,1,1,10,[4]],[20,"default","2ui_1",0,"2ui_1",7,[5]],[21,7,12],[11,"propImg",2,[-31],[0,"7664SMtXxESrPSqStJIOL+",1,0],[5,74,74],[2.268,1.844,0,0,0,0,1,0.5,0.5,0.875]],[15,14,[6]],[1,"X500",18,18,false,1,1,3,[7]]],0,[0,3,1,0,0,1,0,4,11,0,5,4,0,6,16,0,7,15,0,8,13,0,9,9,0,10,8,0,0,1,0,-1,4,0,-2,5,0,-3,6,0,-4,10,0,-5,2,0,0,2,0,-1,7,0,-2,14,0,-3,3,0,-1,16,0,0,3,0,0,3,0,0,4,0,-1,8,0,0,5,0,-1,9,0,0,6,0,-1,12,0,-2,13,0,-1,11,0,-1,15,0,11,1,31],[0,0,0,0,0,0,0,0,0,0,0,0,0,0,0,0,0,0,8,9,11,12,15,16],[-1,1,-1,-1,-1,-1,-1,-1,-1,1,-1,1,-1,-2,-3,-1,-2,-3,2,2,2,12,1,2],[0,2,0,0,0,4,0,0,0,5,0,6,7,3,8,2,9,2,1,1,1,10,3,1]],[[{"name":"reward_btn1","rect":[973,226,91,36],"offset":[0,0],"originalSize":[91,36],"rotated":1,"capInsets":[20,0,20,0]}],[6],0,[0],[13],[11]]]]