[1,["ecpdLyjvZBwrvm+cedCcQy","15d049e94","beiV6GRHtNJon3VR01x359","1ck1Yi/LlB8JKzBOWUtWiJ","39tJ4KyalM2bWgqQkpfZz5","a7pt15Sp9BxpZSEJ9UND+y","5bheaowv9Nv4sUQJHivr8k","87fVnLhcdFU7aAJVuz8wA3","25cqWgXEVA+K33/jyp8xId","caohSHbS5GEIzmwCrnMGn5"],["node","_spriteFrame","_textureSetter","root","node_buy2","node_buy1","lab_needTrophy","img_zjPlant","data","_N$file"],[["cc.Node",["_name","_opacity","_components","_prefab","_contentSize","_parent","_trs","_children","_color"],1,9,4,5,1,7,2,5],["cc.Sprite",["_type","_sizeMode","node","_materials","_spriteFrame"],1,1,3,6],["cc.PrefabInfo",["fileId","root","asset"],2,1,1],"cc.SpriteFrame",["cc.Prefab",["_name"],2],["cc.Node",["_name","_parent","_components","_prefab","_contentSize","_anchorPoint","_trs"],2,1,12,4,5,5,7],["cc.Node",["_name","_parent","_components","_prefab","_contentSize","_trs"],2,1,2,4,5,7],["0933fBHE1BDjbA0FAF4nVb6",["node","img_zjPlant","lab_needTrophy","node_buy1","node_buy2"],3,1,1,1,1,1],["cc.LabelOutline",["_width","node","_color"],2,1,5],["cc.Label",["_string","_fontSize","_lineHeight","_isSystemFontUsed","_N$horizontalAlign","_N$verticalAlign","node","_materials"],-3,1,3]],[[2,0,1,2,2],[1,2,3,4,1],[0,0,5,2,3,4,6,2],[1,0,1,2,3,4,3],[4,0,2],[0,0,7,2,3,4,6,2],[0,0,1,5,2,3,8,4,3],[0,0,5,2,3,4,2],[5,0,1,2,3,4,5,6,2],[6,0,1,2,3,4,5,2],[1,2,3,1],[7,0,1,2,3,4,1],[2,1,2,1],[8,0,1,2,2],[9,0,1,2,3,4,5,6,7,7]],[[[{"name":"131","rect":[3,58,104,63],"offset":[-8,-0.5],"originalSize":[120,66],"capInsets":[0,0,0,0]}],[3],0,[0],[2],[1]],[[[4,"TrophyRewardItem"],[5,"TrophyRewardItem",[-8,-9,-10,-11,-12,-13],[[3,1,0,-2,[10],11],[11,-7,-6,-5,-4,-3]],[12,-1,0],[5,190,190],[-455,-95,0,0,0,0,1,1,1,1]],[8,"trophyCnt",1,[[-14,[13,2,-15,[4,4278190080]]],1,4],[0,"5d3kL1h2ZNvJUHBH2y/Eih",1,0],[5,24.07,41.8],[0,0,0.5],[17,-64.28,0,0,0,0,1,1,1,1]],[6,"buy1",70,1,[[3,1,0,-16,[6],7]],[0,"17xcFFs4lA5LX0HTD++3d7",1,0],[4,4278190080],[5,190,190]],[7,"buy2",1,[[1,-17,[8],9]],[0,"f3FOiuLz1DQ4T1NuDtNpXw",1,0],[5,85,72]],[2,"plantBg",1,[[1,-18,[0],1]],[0,"c7l7gN6aBJXbCkc6WihRFh",1,0],[5,151,109],[0,25.928,0,0,0,0,1,1,1,1]],[9,"plantImg",1,[-19],[0,"bc0SAbFRZEfL6JNKa93JC1",1,0],[5,104,63],[0,24.555,0,0,0,0,1,1,1,1]],[10,6,[2]],[14,"3",30,30,false,1,1,2,[3]],[2,"drop_trophy",1,[[1,-20,[4],5]],[0,"c7Dy2PolFAzLo1ar0Ofhdg",1,0],[5,183,169],[-15,-61,0,0,0,0,1,0.25,0.25,1]]],0,[0,3,1,0,0,1,0,4,4,0,5,3,0,6,8,0,7,7,0,0,1,0,-1,5,0,-2,6,0,-3,2,0,-4,9,0,-5,3,0,-6,4,0,-1,8,0,0,2,0,0,3,0,0,4,0,0,5,0,-1,7,0,0,9,0,8,1,20],[0,0,0,0,0,0,0,0,0,0,0,0,7,8],[-1,1,-1,-1,-1,1,-1,1,-1,1,-1,1,1,9],[0,2,0,0,0,3,4,5,0,6,0,7,8,9]]]]