{"paths":{},"types":[],"uuids":["08oos/Q2hMc5B6fcS+S6sJ","19Dvclx1dGbKC+f3ZICRoX","1awGIKlJtDU5N8UZ7Cbn4H","1bRS6cwcNH/bY05djj1LFe","22QtY+Q65AsJhNsP3QqzhI","3cspPp34BJVZ2eWg4z1CjO","5exd7RywJN9bpxLD2zLNUc","613Negw35NUogBTQFD6nhs","6cW4BE23tMJIWI51SKDyJn","778h5V+MFJSoLFfHH1aeli","91PA5fF6hBaouNroCngpKX","92iq2MUv9GyIFB82F3Ey/o","9ePQUWsRxBcoUB8RNIB/n1","b6JBuYQGVJTZBkQDbZP3nI","bePHN5EBVISLaSIC/krPs0","cea3HvBN9BJ4svFVsWbTtB","ce/jhappRJUKn4zwHATrBi","dfNd1eWp1MxoDs4BirR9Xb","e1FQ9CZeBDTo+nubgCFK10","e4en0MBEtFTqgo6nPUSdMf","e9QaEK29RLCags1xew++Rh","faVX/cIgNM85EX1gLOthex","0bsoIV9JVEwbi1FLdsHVea","19SOTEONBHgLM+elyGGdBc","303ZM1d+ZJcY5Txk66hj/A","36c01VmZhDi6wFfsJe8IMw","3fwrasNztE/6XJwu2srHeZ","50v16nTfZLmoWZm1hCSABM","59dUP6nR9F/bMYCyKaYjLE","5alZjFuLdBB5edgrFoMtkV","5dW17dll5IdItBLB4exywf","62GTRe4E1Ee4akLd+6+GU/","66HkcytK5Du7DxZmxc27FA","75qC1bxqBDSr4rJaQTvQ3Q","77OzK+3XFE0q1iyVXM9kVQ","7a/QZLET9IDreTiBfRn2PD","7ctLyvz1tPbYvB6bupdcYI","8dxRnPBvpPV5xQ3dj9429m","915RWSU6xMBr2arxBZnvyk","92/em+qtdJC4nTusSlUl+U","9d8XenLMpE64Z4QRwvADCM","a1U5RdJRFMFL57BdJC9H1X","a2MjXRFdtLlYQ5ouAFv/+R","a6boezNNNAn4DEG7hRwHmT","af3FuThF1PLqyklrmWmoJ5","caohSHbS5GEIzmwCrnMGn5","ccA3P6MHpBXbv06/uAfg2O","d61C/zuQVIGJ7IAWakUXS9","e7+kbQ7SpLHp6v3Rjs84xy","ecpdLyjvZBwrvm+cedCcQy","eej56hZehJ/5Qyitrx6MPk","f0enFH5oRIHaJNlrQsZN5S","f5gSJkRdNF1ryMpsXVaTpb","f566Uuaz9HJb5jwkxeZHAQ","fdqK1WUYRCi7Do7Af1b5gq"],"scenes":{"db://assets/pza/loading/loading.fire":3,"db://assets/pza/Scene/main.fire":5},"redirect":[31,0,35,1,41,1,42,0,44,0,45,0,46,0,47,0,49,1,51,0,52,0],"deps":["resources","internal"],"packs":{"0b83f0da0":[22,24,25,5,26,27,28,33,34,36,38,39,40,50,54],"0d625ac6f":[23,3,29,30,32,37,43,48,53],"0ef6eb0d3":[0,1,2,4,6,7,8,9,10,11,12,13,14,15,16,17,18,19,20,21]},"name":"main","importBase":"import","nativeBase":"native","debug":false,"isZip":false,"encrypted":false,"versions":{"import":["0b83f0da0","6597a","0d625ac6f","49f2e","0ef6eb0d3","48974"],"native":[0,"1e3c0",1,"89c1a",2,"b4f95",4,"4f492",6,"bd0af",7,"4ad4a",8,"8c07d",9,"81978",10,"f5692",11,"90918",12,"14bd7",13,"6b77c",14,"2d8b8",15,"9fbb9",16,"f7623",17,"6e42f",18,"8ddd8",19,"51d4e",20,"423b9",21,"8a1cd"]}}