[1,["1bc/n2A29IYaKs4ODnEsUg"],["_texture"],[["dragonBones.DragonBonesAtlasAsset",["_name","_atlasJson"],1]],[[0,0,1,3]],[[0,"dajifankui_tex","{\"width\":1024,\"SubTexture\":[{\"frameY\":-12,\"y\":106,\"frameWidth\":80,\"frameHeight\":80,\"width\":65,\"height\":58,\"name\":\"jizhong/09-003\",\"frameX\":-9,\"x\":247},{\"frameY\":-25,\"y\":476,\"frameWidth\":80,\"frameHeight\":80,\"width\":46,\"height\":34,\"name\":\"jizhong/09-011\",\"frameX\":-17,\"x\":806},{\"frameY\":-25,\"y\":476,\"frameWidth\":80,\"frameHeight\":80,\"width\":46,\"height\":34,\"name\":\"jizhong/09-012\",\"frameX\":-17,\"x\":758},{\"frameY\":-28,\"y\":362,\"frameWidth\":80,\"frameHeight\":80,\"width\":29,\"height\":26,\"name\":\"jizhong/09-001\",\"frameX\":-26,\"x\":345},{\"frameY\":-11,\"y\":1,\"frameWidth\":80,\"frameHeight\":80,\"width\":51,\"height\":53,\"name\":\"jizhong/09-004\",\"frameX\":-15,\"x\":176},{\"frameY\":-16,\"y\":52,\"frameWidth\":80,\"frameHeight\":80,\"width\":51,\"height\":48,\"name\":\"jizhong/09-005\",\"frameX\":-15,\"x\":966},{\"frameY\":-25,\"y\":473,\"frameWidth\":80,\"frameHeight\":80,\"width\":46,\"height\":35,\"name\":\"jizhong/09-013\",\"frameX\":-17,\"x\":975},{\"frameY\":-16,\"y\":1,\"frameWidth\":80,\"frameHeight\":80,\"width\":52,\"height\":49,\"name\":\"jizhong/09-006\",\"frameX\":-15,\"x\":966},{\"frameY\":-15,\"y\":54,\"frameWidth\":80,\"frameHeight\":80,\"width\":51,\"height\":50,\"name\":\"jizhong/09-007\",\"frameX\":-15,\"x\":286},{\"frameY\":-15,\"y\":1,\"frameWidth\":80,\"frameHeight\":80,\"width\":52,\"height\":51,\"name\":\"jizhong/09-008\",\"frameX\":-15,\"x\":229},{\"frameY\":-25,\"y\":473,\"frameWidth\":80,\"frameHeight\":80,\"width\":46,\"height\":35,\"name\":\"jizhong/09-014\",\"frameX\":-17,\"x\":927},{\"frameY\":-4,\"y\":287,\"frameWidth\":80,\"frameHeight\":80,\"width\":80,\"height\":73,\"name\":\"jizhong/09-002\",\"frameX\":-1,\"x\":345},{\"frameY\":-20,\"y\":102,\"frameWidth\":80,\"frameHeight\":80,\"width\":53,\"height\":46,\"name\":\"jizhong/09-009\",\"frameX\":-15,\"x\":966},{\"frameY\":-20,\"y\":56,\"frameWidth\":80,\"frameHeight\":80,\"width\":53,\"height\":48,\"name\":\"jizhong/09-010\",\"frameX\":-14,\"x\":169},{\"frameY\":-27,\"y\":478,\"frameWidth\":80,\"frameHeight\":80,\"width\":46,\"height\":31,\"name\":\"jizhong/09-015\",\"frameX\":-17,\"x\":630},{\"width\":43,\"y\":473,\"height\":38,\"name\":\"021\",\"x\":882},{\"frameY\":-2,\"y\":381,\"frameWidth\":43,\"frameHeight\":38,\"width\":30,\"height\":35,\"name\":\"020\",\"frameX\":-7,\"x\":992},{\"frameY\":-2,\"y\":1,\"frameWidth\":72,\"frameHeight\":55,\"width\":68,\"height\":52,\"name\":\"04xgs2\",\"frameX\":-2,\"x\":106},{\"frameY\":-7,\"y\":163,\"frameWidth\":72,\"frameHeight\":55,\"width\":49,\"height\":42,\"name\":\"04xgs0\",\"frameX\":-12,\"x\":173},{\"frameY\":-4,\"y\":55,\"frameWidth\":72,\"frameHeight\":55,\"width\":61,\"height\":47,\"name\":\"04xgs1\",\"frameX\":-6,\"x\":106},{\"width\":72,\"y\":106,\"height\":55,\"name\":\"04xgs3\",\"x\":173},{\"frameY\":0,\"y\":402,\"frameWidth\":89,\"frameHeight\":90,\"width\":87,\"height\":90,\"name\":\"bing/3\",\"frameX\":-2,\"x\":459},{\"frameY\":-10,\"y\":72,\"frameWidth\":89,\"frameHeight\":90,\"width\":74,\"height\":62,\"name\":\"bing/6\",\"frameX\":-9,\"x\":347},{\"frameY\":-2,\"y\":402,\"frameWidth\":89,\"frameHeight\":90,\"width\":89,\"height\":88,\"name\":\"bing/1\",\"frameX\":0,\"x\":368},{\"frameY\":-4,\"y\":393,\"frameWidth\":89,\"frameHeight\":90,\"width\":82,\"height\":83,\"name\":\"bing/4\",\"frameX\":-3,\"x\":630},{\"frameY\":-24,\"y\":1,\"frameWidth\":89,\"frameHeight\":90,\"width\":51,\"height\":51,\"name\":\"bing/0\",\"frameX\":-23,\"x\":283},{\"frameY\":-1,\"y\":402,\"frameWidth\":89,\"frameHeight\":90,\"width\":89,\"height\":89,\"name\":\"bing/2\",\"frameX\":0,\"x\":277},{\"frameY\":-8,\"y\":209,\"frameWidth\":89,\"frameHeight\":90,\"width\":77,\"height\":76,\"name\":\"bing/5\",\"frameX\":-8,\"x\":268},{\"width\":24,\"y\":476,\"height\":29,\"name\":\"hanbing0\",\"x\":854},{\"width\":15,\"y\":176,\"height\":16,\"name\":\"hanbing1\",\"x\":156},{\"width\":42,\"y\":471,\"height\":39,\"name\":\"huozidan/图层_1\",\"x\":714},{\"width\":24,\"y\":367,\"height\":23,\"name\":\"huozidan/图层_2\",\"x\":295},{\"width\":25,\"y\":367,\"height\":26,\"name\":\"huozidan/图层_3\",\"x\":268},{\"width\":20,\"y\":367,\"height\":18,\"name\":\"huozidan/图层_4\",\"x\":321},{\"width\":103,\"y\":1,\"height\":103,\"name\":\"liang\",\"x\":1},{\"frameY\":-2,\"y\":251,\"frameWidth\":50,\"frameHeight\":50,\"width\":46,\"height\":46,\"name\":\"yun\",\"frameX\":-3,\"x\":966},{\"frameY\":-6,\"y\":342,\"frameWidth\":50,\"frameHeight\":50,\"width\":37,\"height\":37,\"name\":\"yun1\",\"frameX\":-7,\"x\":966},{\"width\":5,\"y\":194,\"height\":5,\"name\":\"xing\",\"x\":156},{\"width\":7,\"y\":287,\"height\":7,\"name\":\"xing1\",\"x\":180},{\"frameY\":-14,\"y\":304,\"frameWidth\":113,\"frameHeight\":113,\"width\":93,\"height\":96,\"name\":\"04\",\"frameX\":-5,\"x\":1},{\"frameY\":-16,\"y\":209,\"frameWidth\":113,\"frameHeight\":113,\"width\":98,\"height\":93,\"name\":\"06\",\"frameX\":-2,\"x\":1},{\"frameY\":-10,\"y\":402,\"frameWidth\":113,\"frameHeight\":113,\"width\":89,\"height\":95,\"name\":\"02\",\"frameX\":-13,\"x\":96},{\"frameY\":-14,\"y\":1,\"frameWidth\":113,\"frameHeight\":113,\"width\":72,\"height\":69,\"name\":\"08\",\"frameX\":-23,\"x\":347},{\"frameY\":-14,\"y\":176,\"frameWidth\":113,\"frameHeight\":113,\"width\":50,\"height\":31,\"name\":\"09\",\"frameX\":-43,\"x\":104},{\"frameY\":-12,\"y\":402,\"frameWidth\":113,\"frameHeight\":113,\"width\":88,\"height\":94,\"name\":\"03\",\"frameX\":-8,\"x\":187},{\"frameY\":-14,\"y\":1,\"frameWidth\":113,\"frameHeight\":113,\"width\":71,\"height\":82,\"name\":\"01\",\"frameX\":-26,\"x\":427},{\"frameY\":-13,\"y\":402,\"frameWidth\":113,\"frameHeight\":113,\"width\":93,\"height\":95,\"name\":\"05\",\"frameX\":-4,\"x\":1},{\"frameY\":-15,\"y\":287,\"frameWidth\":113,\"frameHeight\":113,\"width\":76,\"height\":80,\"name\":\"07\",\"frameX\":-19,\"x\":190},{\"width\":41,\"y\":432,\"height\":26,\"name\":\"jiansu\",\"x\":966},{\"frameY\":-2,\"y\":393,\"frameWidth\":86,\"frameHeight\":82,\"width\":82,\"height\":78,\"name\":\"daji/3\",\"frameX\":-2,\"x\":882},{\"frameY\":-4,\"y\":201,\"frameWidth\":56,\"frameHeight\":56,\"width\":48,\"height\":48,\"name\":\"daji/4\",\"frameX\":-4,\"x\":966},{\"frameY\":-2,\"y\":304,\"frameWidth\":89,\"frameHeight\":91,\"width\":84,\"height\":87,\"name\":\"daji/2\",\"frameX\":-3,\"x\":630},{\"frameY\":-2,\"y\":106,\"frameWidth\":73,\"frameHeight\":72,\"width\":67,\"height\":68,\"name\":\"daji/0\",\"frameX\":-3,\"x\":104},{\"frameY\":-3,\"y\":393,\"frameWidth\":85,\"frameHeight\":87,\"width\":79,\"height\":81,\"name\":\"daji/1\",\"frameX\":-3,\"x\":801},{\"width\":49,\"y\":150,\"height\":49,\"name\":\"b/b10\",\"x\":966},{\"width\":55,\"y\":54,\"height\":48,\"name\":\"b/b11\",\"x\":229},{\"width\":45,\"y\":299,\"height\":41,\"name\":\"b/b9\",\"x\":966},{\"width\":31,\"y\":478,\"height\":31,\"name\":\"b/b8\",\"x\":678},{\"frameY\":-1,\"y\":287,\"frameWidth\":77,\"frameHeight\":79,\"width\":75,\"height\":78,\"name\":\"duqi/2\",\"frameX\":0,\"x\":268},{\"frameY\":-8,\"y\":209,\"frameWidth\":87,\"frameHeight\":88,\"width\":77,\"height\":80,\"name\":\"duqi/1\",\"frameX\":-6,\"x\":101},{\"frameY\":-36,\"y\":304,\"frameWidth\":130,\"frameHeight\":144,\"width\":92,\"height\":96,\"name\":\"duqi/3\",\"frameX\":-38,\"x\":96},{\"frameY\":-3,\"y\":393,\"frameWidth\":93,\"frameHeight\":82,\"width\":85,\"height\":76,\"name\":\"duqi/5\",\"frameX\":-4,\"x\":714},{\"frameY\":-3,\"y\":106,\"frameWidth\":109,\"frameHeight\":109,\"width\":101,\"height\":101,\"name\":\"duqi/6\",\"frameX\":-4,\"x\":1},{\"frameY\":-41,\"y\":209,\"frameWidth\":193,\"frameHeight\":180,\"width\":80,\"height\":76,\"name\":\"duqi/4\",\"frameX\":-57,\"x\":180},{\"frameY\":-7,\"y\":402,\"frameWidth\":88,\"frameHeight\":105,\"width\":80,\"height\":93,\"name\":\"duqi/0\",\"frameX\":-1,\"x\":548},{\"frameY\":0,\"y\":106,\"frameWidth\":41,\"frameHeight\":50,\"width\":28,\"height\":50,\"name\":\"dun/d0\",\"frameX\":0,\"x\":314},{\"frameY\":-1,\"y\":381,\"frameWidth\":41,\"frameHeight\":50,\"width\":24,\"height\":49,\"name\":\"dun/d1\",\"frameX\":-17,\"x\":966}],\"height\":512,\"name\":\"dajifankui\",\"imagePath\":\"dajifankui_tex.png\"}"]],0,0,[0],[0],[0]]