[1,["e2LND1f4BLTo/XyMDjD7YN"],0,[["sp.SkeletonData",["_name","_atlasText","textureNames","_skeletonJson","textures"],-1,3]],[[0,0,1,2,3,4,5]],[[0,"20_plant","\n20_plant.png\nsize: 1024,128\nformat: RGBA8888\nfilter: Linear,Linear\nrepeat: none\n6hand1\n  rotate: false\n  xy: 951, 80\n  size: 42, 46\n  orig: 44, 48\n  offset: 1, 1\n  index: -1\n6hand2\n  rotate: false\n  xy: 940, 12\n  size: 55, 55\n  orig: 57, 58\n  offset: 1, 1\n  index: -1\n6hand3\n  rotate: false\n  xy: 830, 50\n  size: 63, 76\n  orig: 65, 78\n  offset: 1, 1\n  index: -1\n6hand4\n  rotate: true\n  xy: 721, 32\n  size: 94, 61\n  orig: 96, 65\n  offset: 1, 2\n  index: -1\n6hand5\n  rotate: true\n  xy: 377, 2\n  size: 24, 31\n  orig: 26, 33\n  offset: 1, 1\n  index: -1\n6hand6\n  rotate: false\n  xy: 895, 69\n  size: 54, 57\n  orig: 58, 59\n  offset: 1, 1\n  index: -1\n6hand7\n  rotate: false\n  xy: 629, 32\n  size: 90, 94\n  orig: 92, 96\n  offset: 1, 1\n  index: -1\n6hand8\n  rotate: false\n  xy: 284, 22\n  size: 91, 104\n  orig: 93, 107\n  offset: 1, 1\n  index: -1\n6hand9\n  rotate: false\n  xy: 377, 28\n  size: 91, 98\n  orig: 93, 100\n  offset: 1, 1\n  index: -1\nbo1\n  rotate: false\n  xy: 410, 3\n  size: 136, 23\n  orig: 138, 26\n  offset: 1, 1\n  index: -1\nbo2\n  rotate: false\n  xy: 625, 7\n  size: 138, 21\n  orig: 140, 23\n  offset: 1, 1\n  index: -1\nbo3\n  rotate: false\n  xy: 765, 9\n  size: 135, 21\n  orig: 137, 23\n  offset: 1, 1\n  index: -1\nbody1\n  rotate: false\n  xy: 143, 18\n  size: 139, 108\n  orig: 142, 113\n  offset: 1, 4\n  index: -1\nbody2\n  rotate: false\n  xy: 2, 12\n  size: 139, 114\n  orig: 141, 116\n  offset: 1, 1\n  index: -1\nbody3\n  rotate: true\n  xy: 517, 30\n  size: 96, 68\n  orig: 98, 70\n  offset: 1, 1\n  index: -1\neye1\n  rotate: true\n  xy: 784, 40\n  size: 86, 44\n  orig: 91, 49\n  offset: 2, 2\n  index: -1\neye2\n  rotate: true\n  xy: 470, 28\n  size: 98, 45\n  orig: 104, 50\n  offset: 3, 2\n  index: -1\neye3\n  rotate: true\n  xy: 587, 30\n  size: 96, 40\n  orig: 102, 45\n  offset: 3, 2\n  index: -1\nhand1\n  rotate: true\n  xy: 997, 86\n  size: 40, 21\n  orig: 42, 23\n  offset: 1, 1\n  index: -1\nhand2\n  rotate: true\n  xy: 284, 4\n  size: 16, 20\n  orig: 18, 22\n  offset: 1, 1\n  index: -1\nhand3\n  rotate: true\n  xy: 604, 6\n  size: 22, 19\n  orig: 24, 21\n  offset: 1, 1\n  index: -1\nhand4\n  rotate: false\n  xy: 895, 37\n  size: 43, 30\n  orig: 45, 32\n  offset: 1, 1\n  index: -1\nhand5\n  rotate: true\n  xy: 997, 45\n  size: 39, 21\n  orig: 41, 23\n  offset: 1, 1\n  index: -1\nhand6\n  rotate: false\n  xy: 582, 5\n  size: 20, 23\n  orig: 22, 25\n  offset: 1, 1\n  index: -1\nhand7\n  rotate: true\n  xy: 548, 5\n  size: 23, 32\n  orig: 25, 34\n  offset: 1, 1\n  index: -1\n",["20_plant.png"],{"skeleton":{"hash":"QbWN6qXtYis7GZo5cd0CPEiJqFE","spine":"3.8.99","x":-62.37,"y":-6.3,"width":112.14,"height":87.99},"bones":[{"name":"root"},{"name":"plant","parent":"root","scaleX":0.21,"scaleY":0.21},{"name":"body3","parent":"plant","length":167.53,"rotation":90},{"name":"eye1","parent":"body3","x":67.37,"y":-13.68},{"name":"hand1","parent":"body3","length":103,"rotation":78.59,"x":210.89,"y":172.21},{"name":"hand2","parent":"body3","length":51.76,"rotation":37.18,"x":234.11,"y":140.15},{"name":"hand3","parent":"body3","length":53.09,"rotation":60,"x":295.73,"y":82.8},{"name":"hand4","parent":"body3","length":99.48,"rotation":24.49,"x":292.89,"y":30.18},{"name":"hand5","parent":"body3","length":92.42,"rotation":-56.72,"x":323.77,"y":-47.32},{"name":"hand6","parent":"body3","length":67.4,"rotation":-53.29,"x":262.24,"y":-82.19},{"name":"hand7","parent":"body3","length":85.32,"rotation":-53.13,"x":188.77,"y":-162.77},{"name":"bo1","parent":"plant","y":19.05},{"name":"a1hand1","parent":"plant","x":142.76,"y":-117.61,"scaleX":1.2381,"scaleY":1.2381},{"name":"a1hand2","parent":"plant","x":142.76,"y":-117.61,"scaleX":1.2381,"scaleY":1.2381}],"slots":[{"name":"plant1","bone":"plant","attachment":"plant1"},{"name":"body3","bone":"body3","attachment":"body3"},{"name":"eye1","bone":"eye1","attachment":"eye1"},{"name":"body2","bone":"body3"},{"name":"body1","bone":"body3","attachment":"body1"},{"name":"hand7","bone":"hand7","attachment":"hand7"},{"name":"hand6","bone":"hand6","attachment":"hand6"},{"name":"hand5","bone":"hand5","attachment":"hand5"},{"name":"hand4","bone":"hand4","attachment":"hand4"},{"name":"hand3","bone":"hand3","attachment":"hand3"},{"name":"hand2","bone":"hand2","attachment":"hand2"},{"name":"hand1","bone":"hand1","attachment":"hand1"},{"name":"6hand4","bone":"a1hand1"},{"name":"6hand3","bone":"a1hand1"},{"name":"6hand2","bone":"a1hand1"},{"name":"6hand1","bone":"a1hand1"},{"name":"6hand9","bone":"a1hand2"},{"name":"6hand8","bone":"a1hand2"},{"name":"6hand7","bone":"a1hand2"},{"name":"6hand6","bone":"a1hand2"},{"name":"6hand5","bone":"a1hand2"},{"name":"bo1","bone":"bo1","attachment":"bo1"}],"skins":[{"name":"default","attachments":{"6hand1":{"6hand1":{"x":263.14,"y":160.93,"width":148,"height":159}},"6hand2":{"6hand2":{"x":283.64,"y":197.43,"width":189,"height":192}},"6hand3":{"6hand3":{"x":220.64,"y":193.93,"width":215,"height":259}},"6hand4":{"6hand4":{"x":133.64,"y":236.43,"width":321,"height":216}},"6hand5":{"6hand5":{"x":13.14,"y":47.43,"width":86,"height":110}},"6hand6":{"6hand6":{"x":68.14,"y":87.93,"width":194,"height":195}},"6hand7":{"6hand7":{"x":111.64,"y":146.93,"width":307,"height":321}},"6hand8":{"6hand8":{"x":111.14,"y":165.43,"width":310,"height":358}},"6hand9":{"6hand9":{"x":111.14,"y":153.43,"width":310,"height":334}},"bo1":{"bo1":{"x":6.5,"y":14.5,"width":459,"height":85},"bo2":{"x":8.76,"y":4.98,"width":468,"height":75},"bo3":{"x":9,"y":14.5,"width":458,"height":75}},"body1":{"body1":{"x":158,"y":-0.5,"rotation":-90,"width":473,"height":376}},"body2":{"body2":{"x":153.5,"y":1.5,"rotation":-90,"width":469,"height":385}},"body3":{"body3":{"x":102,"y":-5.5,"rotation":-90,"width":327,"height":232}},"eye1":{"eye1":{"x":27.13,"y":2.68,"rotation":-90,"width":304,"height":163},"eye2":{"x":19.13,"y":-6.82,"rotation":-90,"width":345,"height":167},"eye3":{"x":14.63,"y":2.18,"rotation":-90,"width":339,"height":150}},"hand1":{"hand1":{"x":56.79,"y":-4.46,"rotation":-168.59,"width":140,"height":77}},"hand2":{"hand2":{"x":25.28,"y":-6.19,"rotation":-127.18,"width":61,"height":72}},"hand3":{"hand3":{"x":27.91,"y":-0.94,"rotation":-150,"width":81,"height":69}},"hand4":{"hand4":{"x":61.13,"y":30.19,"rotation":-114.49,"width":150,"height":106}},"hand5":{"hand5":{"x":47.49,"y":-8.17,"rotation":-33.28,"width":135,"height":76}},"hand6":{"hand6":{"x":30.29,"y":5.81,"rotation":-36.71,"width":72,"height":84}},"hand7":{"hand7":{"x":43.42,"y":15.85,"rotation":-36.87,"width":84,"height":113}},"plant1":{"plant1":{"type":"clipping","end":"body3","vertexCount":13,"vertices":[-333.19,99.15,-198.44,49.78,-109.99,36.41,-51.87,22.52,13.96,15.84,92.64,15.84,163.1,32.81,232.71,48.75,393.31,213.93,254.25,480.47,-165.31,545.8,-401.17,491.02,-463.39,155.8]}}}}],"animations":{"attack1_1":{"slots":{"6hand5":{"attachment":[{"name":"6hand5"},{"time":0.0667,"name":null}]},"6hand6":{"attachment":[{"time":0.0667,"name":"6hand6"},{"time":0.1333,"name":null}]},"6hand7":{"attachment":[{"time":0.1333,"name":"6hand7"},{"time":0.2,"name":null}]},"6hand8":{"attachment":[{"time":0.2,"name":"6hand8"},{"time":0.2667,"name":null}]},"6hand9":{"attachment":[{"time":0.2667,"name":"6hand9"}]},"bo1":{"attachment":[{"name":null}]},"body1":{"attachment":[{"name":null}]},"body3":{"attachment":[{"name":null}]},"eye1":{"attachment":[{"name":null}]},"hand1":{"attachment":[{"name":null}]},"hand2":{"attachment":[{"name":null}]},"hand3":{"attachment":[{"name":null}]},"hand4":{"attachment":[{"name":null}]},"hand5":{"attachment":[{"name":null}]},"hand6":{"attachment":[{"name":null}]},"hand7":{"attachment":[{"name":null}]}}},"attack1_2":{"slots":{"6hand1":{"attachment":[{"name":"6hand1"},{"time":0.0667,"name":null}]},"6hand2":{"attachment":[{"time":0.0667,"name":"6hand2"},{"time":0.1333,"name":null}]},"6hand3":{"attachment":[{"time":0.1333,"name":"6hand3"},{"time":0.2,"name":null}]},"6hand4":{"attachment":[{"time":0.2,"name":"6hand4"},{"time":0.2667,"name":null}]},"bo1":{"attachment":[{"name":null}]},"body1":{"attachment":[{"name":null}]},"body3":{"attachment":[{"name":null}]},"eye1":{"attachment":[{"name":null}]},"hand1":{"attachment":[{"name":null}]},"hand2":{"attachment":[{"name":null}]},"hand3":{"attachment":[{"name":null}]},"hand4":{"attachment":[{"name":null}]},"hand5":{"attachment":[{"name":null}]},"hand6":{"attachment":[{"name":null}]},"hand7":{"attachment":[{"name":null}]}}},"attack2":{"slots":{"6hand9":{"attachment":[{"name":"6hand9"}]},"bo1":{"attachment":[{"name":null}]},"body1":{"attachment":[{"name":null}]},"body3":{"attachment":[{"name":null}]},"eye1":{"attachment":[{"name":null}]},"hand1":{"attachment":[{"name":null}]},"hand2":{"attachment":[{"name":null}]},"hand3":{"attachment":[{"name":null}]},"hand4":{"attachment":[{"name":null}]},"hand5":{"attachment":[{"name":null}]},"hand6":{"attachment":[{"name":null}]},"hand7":{"attachment":[{"name":null}]}}},"idle1":{"slots":{"bo1":{"attachment":[{"time":0.0667,"name":"bo2"},{"time":0.1333,"name":"bo3"},{"time":0.2,"name":"bo1"},{"time":0.2667,"name":"bo2"},{"time":0.3333,"name":"bo3"},{"time":0.4,"name":"bo1"},{"time":0.4667,"name":"bo2"},{"time":0.5333,"name":"bo3"},{"time":0.6,"name":"bo1"},{"time":0.6667,"name":"bo2"},{"time":0.7333,"name":"bo3"},{"time":0.8,"name":"bo1"},{"time":0.8667,"name":"bo2"},{"time":0.9333,"name":"bo3"},{"time":1,"name":"bo1"},{"time":1.0667,"name":"bo2"},{"time":1.1333,"name":"bo3"},{"time":1.2,"name":"bo1"},{"time":1.2667,"name":"bo2"},{"time":1.3333,"name":"bo3"},{"time":1.4,"name":"bo1"}]}},"bones":{"body3":{"scale":[{},{"time":0.6667,"x":0.92,"y":1.004},{"time":1.4}]},"hand1":{"rotate":[{"time":0.2},{"time":0.5333,"angle":5.53,"curve":0.258,"c3":0.619,"c4":0.45},{"time":0.8667,"angle":3.68},{"time":1.4}],"translate":[{"time":0.2},{"time":0.5333,"x":-2.21,"y":-1.77,"curve":0.258,"c3":0.619,"c4":0.45},{"time":0.8667,"x":-2.82,"y":-1.77},{"time":1.4}],"scale":[{"time":0.2},{"time":0.5333,"x":0.975,"curve":0.258,"c3":0.619,"c4":0.45},{"time":0.8667,"x":0.979,"y":0.979},{"time":1.4}],"shear":[{},{"time":0.2,"x":-5.6},{"time":0.5333,"x":9.06,"curve":0.258,"c3":0.619,"c4":0.45},{"time":0.8667,"x":13.52},{"time":1.4}]},"hand2":{"scale":[{},{"time":0.2,"x":1.033,"y":0.987},{"time":0.5333,"x":0.849,"curve":0.37,"c2":0.25,"c3":0.8,"c4":0.55},{"time":0.8667,"x":0.856,"y":1.015},{"time":1.4}],"shear":[{"time":0.2},{"time":0.5333,"x":14.49,"y":1.72,"curve":0.37,"c2":0.25,"c3":0.8,"c4":0.55},{"time":0.8667,"x":20.02,"y":1.72},{"time":1.4}]},"hand3":{"scale":[{},{"time":0.1333,"y":1.015},{"time":0.6667,"x":0.968,"y":0.986,"curve":"stepped"},{"time":0.8,"x":0.968,"y":0.986},{"time":1.4}],"shear":[{},{"time":0.1333,"x":-6.53},{"time":0.6667,"x":18.71},{"time":0.8,"x":22.33},{"time":1.4}]},"hand4":{"rotate":[{},{"time":0.1333,"angle":-4.84},{"time":0.6667,"angle":5.14},{"time":0.8,"angle":7.24},{"time":1.4}],"translate":[{},{"time":0.1333,"x":-2.15,"y":-0.35},{"time":0.6667,"x":-3.45,"curve":"stepped"},{"time":0.8,"x":-3.45},{"time":1.4}],"scale":[{},{"time":0.1333,"x":1.066},{"time":0.6667,"x":0.977,"y":1.017,"curve":"stepped"},{"time":0.8,"x":0.977,"y":1.017},{"time":1.4}],"shear":[{},{"time":0.1333,"x":-2.31},{"time":0.6667,"y":3.9,"curve":"stepped"},{"time":0.8,"y":3.9},{"time":1.4}]},"hand5":{"rotate":[{},{"time":0.2,"angle":9.81},{"time":0.6667,"angle":-8.24},{"time":0.8667,"angle":-11.29},{"time":1.4}],"translate":[{},{"time":0.2,"x":-1.09,"y":2.13},{"time":0.6667,"x":-3.48,"y":3.26},{"time":0.8667,"x":-4.38,"y":2.84},{"time":1.4}],"scale":[{},{"time":0.2,"x":1.032},{"time":0.6667,"x":0.926,"y":0.976},{"time":0.8667,"x":0.907,"y":0.976},{"time":1.4}],"shear":[{},{"time":0.2,"x":4.71},{"time":0.6667},{"time":0.8667,"x":-4.33},{"time":1.4}]},"hand6":{"rotate":[{},{"time":0.2,"angle":4.2},{"time":0.6667,"angle":-5.44},{"time":0.8667,"angle":-8.19},{"time":1.4}],"translate":[{"time":0.2},{"time":0.6667,"x":-1.49,"y":2.96},{"time":0.8667,"x":-1.25,"y":3.64},{"time":1.4}],"scale":[{"time":0.2},{"time":0.6667,"x":0.958,"curve":"stepped"},{"time":0.8667,"x":0.958},{"time":1.4}],"shear":[{},{"time":0.2,"x":2.72},{"time":0.6667,"x":-5.7},{"time":0.8667,"x":-8.88},{"time":1.4}]},"hand7":{"rotate":[{},{"time":0.2667,"angle":9.19},{"time":0.6667,"angle":-4.11},{"time":0.9333,"angle":-6.7},{"time":1.4}],"translate":[{"time":0.6667},{"time":0.9333,"x":-0.33,"y":2.19},{"time":1.4}],"scale":[{},{"time":0.2667,"x":1.165},{"time":0.6667,"x":0.89},{"time":0.9333,"x":0.88},{"time":1.4}],"shear":[{},{"time":0.2667,"y":-14.57},{"time":0.6667,"x":-5.68},{"time":0.9333,"x":-7.46},{"time":1.4}]}}},"idle1_eye":{"slots":{"bo1":{"attachment":[{"time":0.0667,"name":"bo2"},{"time":0.1333,"name":"bo3"},{"time":0.2,"name":"bo1"},{"time":0.2667,"name":"bo2"},{"time":0.3333,"name":"bo3"},{"time":0.4,"name":"bo1"},{"time":0.4667,"name":"bo2"},{"time":0.5333,"name":"bo3"},{"time":0.6,"name":"bo1"},{"time":0.6667,"name":"bo2"},{"time":0.7333,"name":"bo3"},{"time":0.8,"name":"bo1"},{"time":0.8667,"name":"bo2"},{"time":0.9333,"name":"bo3"},{"time":1,"name":"bo1"},{"time":1.0667,"name":"bo2"},{"time":1.1333,"name":"bo3"},{"time":1.2,"name":"bo1"},{"time":1.2667,"name":"bo2"},{"time":1.3333,"name":"bo3"},{"time":1.4,"name":"bo1"}]},"eye1":{"attachment":[{"time":0.6,"name":"eye2"},{"time":0.6667,"name":"eye3"},{"time":0.7333,"name":"eye2"},{"time":0.8,"name":"eye1"}]}},"bones":{"body3":{"scale":[{},{"time":0.6667,"x":0.92,"y":1.004},{"time":1.4}]},"hand1":{"rotate":[{"time":0.2},{"time":0.5333,"angle":5.53,"curve":0.258,"c3":0.619,"c4":0.45},{"time":0.8667,"angle":3.68},{"time":1.4}],"translate":[{"time":0.2},{"time":0.5333,"x":-2.21,"y":-1.77,"curve":0.258,"c3":0.619,"c4":0.45},{"time":0.8667,"x":-2.82,"y":-1.77},{"time":1.4}],"scale":[{"time":0.2},{"time":0.5333,"x":0.975,"curve":0.258,"c3":0.619,"c4":0.45},{"time":0.8667,"x":0.979,"y":0.979},{"time":1.4}],"shear":[{},{"time":0.2,"x":-5.6},{"time":0.5333,"x":9.06,"curve":0.258,"c3":0.619,"c4":0.45},{"time":0.8667,"x":13.52},{"time":1.4}]},"hand2":{"scale":[{},{"time":0.2,"x":1.033,"y":0.987},{"time":0.5333,"x":0.849,"curve":0.37,"c2":0.25,"c3":0.8,"c4":0.55},{"time":0.8667,"x":0.856,"y":1.015},{"time":1.4}],"shear":[{"time":0.2},{"time":0.5333,"x":14.49,"y":1.72,"curve":0.37,"c2":0.25,"c3":0.8,"c4":0.55},{"time":0.8667,"x":20.02,"y":1.72},{"time":1.4}]},"hand3":{"scale":[{},{"time":0.1333,"y":1.015},{"time":0.6667,"x":0.968,"y":0.986,"curve":"stepped"},{"time":0.8,"x":0.968,"y":0.986},{"time":1.4}],"shear":[{},{"time":0.1333,"x":-6.53},{"time":0.6667,"x":18.71},{"time":0.8,"x":22.33},{"time":1.4}]},"hand4":{"rotate":[{},{"time":0.1333,"angle":-4.84},{"time":0.6667,"angle":5.14},{"time":0.8,"angle":7.24},{"time":1.4}],"translate":[{},{"time":0.1333,"x":-2.15,"y":-0.35},{"time":0.6667,"x":-3.45,"curve":"stepped"},{"time":0.8,"x":-3.45},{"time":1.4}],"scale":[{},{"time":0.1333,"x":1.066},{"time":0.6667,"x":0.977,"y":1.017,"curve":"stepped"},{"time":0.8,"x":0.977,"y":1.017},{"time":1.4}],"shear":[{},{"time":0.1333,"x":-2.31},{"time":0.6667,"y":3.9,"curve":"stepped"},{"time":0.8,"y":3.9},{"time":1.4}]},"hand5":{"rotate":[{},{"time":0.2,"angle":9.81},{"time":0.6667,"angle":-8.24},{"time":0.8667,"angle":-11.29},{"time":1.4}],"translate":[{},{"time":0.2,"x":-1.09,"y":2.13},{"time":0.6667,"x":-3.48,"y":3.26},{"time":0.8667,"x":-4.38,"y":2.84},{"time":1.4}],"scale":[{},{"time":0.2,"x":1.032},{"time":0.6667,"x":0.926,"y":0.976},{"time":0.8667,"x":0.907,"y":0.976},{"time":1.4}],"shear":[{},{"time":0.2,"x":4.71},{"time":0.6667},{"time":0.8667,"x":-4.33},{"time":1.4}]},"hand6":{"rotate":[{},{"time":0.2,"angle":4.2},{"time":0.6667,"angle":-5.44},{"time":0.8667,"angle":-8.19},{"time":1.4}],"translate":[{"time":0.2},{"time":0.6667,"x":-1.49,"y":2.96},{"time":0.8667,"x":-1.25,"y":3.64},{"time":1.4}],"scale":[{"time":0.2},{"time":0.6667,"x":0.958,"curve":"stepped"},{"time":0.8667,"x":0.958},{"time":1.4}],"shear":[{},{"time":0.2,"x":2.72},{"time":0.6667,"x":-5.7},{"time":0.8667,"x":-8.88},{"time":1.4}]},"hand7":{"rotate":[{},{"time":0.2667,"angle":9.19},{"time":0.6667,"angle":-4.11},{"time":0.9333,"angle":-6.7},{"time":1.4}],"translate":[{"time":0.6667},{"time":0.9333,"x":-0.33,"y":2.19},{"time":1.4}],"scale":[{},{"time":0.2667,"x":1.165},{"time":0.6667,"x":0.89},{"time":0.9333,"x":0.88},{"time":1.4}],"shear":[{},{"time":0.2667,"y":-14.57},{"time":0.6667,"x":-5.68},{"time":0.9333,"x":-7.46},{"time":1.4}]}}},"idle2":{"slots":{"bo1":{"attachment":[{"name":null}]},"body1":{"attachment":[{"name":null}]},"body2":{"attachment":[{"name":"body2"}]},"plant1":{"attachment":[{"name":null}]}},"bones":{"body3":{"scale":[{},{"time":0.6667,"x":0.92,"y":1.004},{"time":1.4}]},"hand1":{"rotate":[{"time":0.2},{"time":0.5333,"angle":5.53,"curve":0.258,"c3":0.619,"c4":0.45},{"time":0.8667,"angle":3.68},{"time":1.4}],"translate":[{"time":0.2},{"time":0.5333,"x":-2.21,"y":-1.77,"curve":0.258,"c3":0.619,"c4":0.45},{"time":0.8667,"x":-2.82,"y":-1.77},{"time":1.4}],"scale":[{"time":0.2},{"time":0.5333,"x":0.975,"curve":0.258,"c3":0.619,"c4":0.45},{"time":0.8667,"x":0.979,"y":0.979},{"time":1.4}],"shear":[{},{"time":0.2,"x":-5.6},{"time":0.5333,"x":9.06,"curve":0.258,"c3":0.619,"c4":0.45},{"time":0.8667,"x":13.52},{"time":1.4}]},"hand2":{"scale":[{},{"time":0.2,"x":1.033,"y":0.987},{"time":0.5333,"x":0.849,"curve":0.37,"c2":0.25,"c3":0.8,"c4":0.55},{"time":0.8667,"x":0.856,"y":1.015},{"time":1.4}],"shear":[{"time":0.2},{"time":0.5333,"x":14.49,"y":1.72,"curve":0.37,"c2":0.25,"c3":0.8,"c4":0.55},{"time":0.8667,"x":20.02,"y":1.72},{"time":1.4}]},"hand3":{"scale":[{},{"time":0.1333,"y":1.015},{"time":0.6667,"x":0.968,"y":0.986,"curve":"stepped"},{"time":0.8,"x":0.968,"y":0.986},{"time":1.4}],"shear":[{},{"time":0.1333,"x":-6.53},{"time":0.6667,"x":18.71},{"time":0.8,"x":22.33},{"time":1.4}]},"hand4":{"rotate":[{},{"time":0.1333,"angle":-4.84},{"time":0.6667,"angle":5.14},{"time":0.8,"angle":7.24},{"time":1.4}],"translate":[{},{"time":0.1333,"x":-2.15,"y":-0.35},{"time":0.6667,"x":-3.45,"curve":"stepped"},{"time":0.8,"x":-3.45},{"time":1.4}],"scale":[{},{"time":0.1333,"x":1.066},{"time":0.6667,"x":0.977,"y":1.017,"curve":"stepped"},{"time":0.8,"x":0.977,"y":1.017},{"time":1.4}],"shear":[{},{"time":0.1333,"x":-2.31},{"time":0.6667,"y":3.9,"curve":"stepped"},{"time":0.8,"y":3.9},{"time":1.4}]},"hand5":{"rotate":[{},{"time":0.2,"angle":9.81},{"time":0.6667,"angle":-8.24},{"time":0.8667,"angle":-11.29},{"time":1.4}],"translate":[{},{"time":0.2,"x":-1.09,"y":2.13},{"time":0.6667,"x":-3.48,"y":3.26},{"time":0.8667,"x":-4.38,"y":2.84},{"time":1.4}],"scale":[{},{"time":0.2,"x":1.032},{"time":0.6667,"x":0.926,"y":0.976},{"time":0.8667,"x":0.907,"y":0.976},{"time":1.4}],"shear":[{},{"time":0.2,"x":4.71},{"time":0.6667},{"time":0.8667,"x":-4.33},{"time":1.4}]},"hand6":{"rotate":[{},{"time":0.2,"angle":4.2},{"time":0.6667,"angle":-5.44},{"time":0.8667,"angle":-8.19},{"time":1.4}],"translate":[{"time":0.2},{"time":0.6667,"x":-1.49,"y":2.96},{"time":0.8667,"x":-1.25,"y":3.64},{"time":1.4}],"scale":[{"time":0.2},{"time":0.6667,"x":0.958,"curve":"stepped"},{"time":0.8667,"x":0.958},{"time":1.4}],"shear":[{},{"time":0.2,"x":2.72},{"time":0.6667,"x":-5.7},{"time":0.8667,"x":-8.88},{"time":1.4}]},"hand7":{"rotate":[{},{"time":0.2667,"angle":9.19},{"time":0.6667,"angle":-4.11},{"time":0.9333,"angle":-6.7},{"time":1.4}],"translate":[{"time":0.6667},{"time":0.9333,"x":-0.33,"y":2.19},{"time":1.4}],"scale":[{},{"time":0.2667,"x":1.165},{"time":0.6667,"x":0.89},{"time":0.9333,"x":0.88},{"time":1.4}],"shear":[{},{"time":0.2667,"y":-14.57},{"time":0.6667,"x":-5.68},{"time":0.9333,"x":-7.46},{"time":1.4}]}}},"idle2_eye":{"slots":{"bo1":{"attachment":[{"name":null}]},"body1":{"attachment":[{"name":null}]},"body2":{"attachment":[{"name":"body2"}]},"eye1":{"attachment":[{"time":0.6,"name":"eye2"},{"time":0.6667,"name":"eye3"},{"time":0.7333,"name":"eye2"},{"time":0.8,"name":"eye1"}]},"plant1":{"attachment":[{"name":null}]}},"bones":{"body3":{"scale":[{},{"time":0.6667,"x":0.92,"y":1.004},{"time":1.4}]},"hand1":{"rotate":[{"time":0.2},{"time":0.5333,"angle":5.53,"curve":0.258,"c3":0.619,"c4":0.45},{"time":0.8667,"angle":3.68},{"time":1.4}],"translate":[{"time":0.2},{"time":0.5333,"x":-2.21,"y":-1.77,"curve":0.258,"c3":0.619,"c4":0.45},{"time":0.8667,"x":-2.82,"y":-1.77},{"time":1.4}],"scale":[{"time":0.2},{"time":0.5333,"x":0.975,"curve":0.258,"c3":0.619,"c4":0.45},{"time":0.8667,"x":0.979,"y":0.979},{"time":1.4}],"shear":[{},{"time":0.2,"x":-5.6},{"time":0.5333,"x":9.06,"curve":0.258,"c3":0.619,"c4":0.45},{"time":0.8667,"x":13.52},{"time":1.4}]},"hand2":{"scale":[{},{"time":0.2,"x":1.033,"y":0.987},{"time":0.5333,"x":0.849,"curve":0.37,"c2":0.25,"c3":0.8,"c4":0.55},{"time":0.8667,"x":0.856,"y":1.015},{"time":1.4}],"shear":[{"time":0.2},{"time":0.5333,"x":14.49,"y":1.72,"curve":0.37,"c2":0.25,"c3":0.8,"c4":0.55},{"time":0.8667,"x":20.02,"y":1.72},{"time":1.4}]},"hand3":{"scale":[{},{"time":0.1333,"y":1.015},{"time":0.6667,"x":0.968,"y":0.986,"curve":"stepped"},{"time":0.8,"x":0.968,"y":0.986},{"time":1.4}],"shear":[{},{"time":0.1333,"x":-6.53},{"time":0.6667,"x":18.71},{"time":0.8,"x":22.33},{"time":1.4}]},"hand4":{"rotate":[{},{"time":0.1333,"angle":-4.84},{"time":0.6667,"angle":5.14},{"time":0.8,"angle":7.24},{"time":1.4}],"translate":[{},{"time":0.1333,"x":-2.15,"y":-0.35},{"time":0.6667,"x":-3.45,"curve":"stepped"},{"time":0.8,"x":-3.45},{"time":1.4}],"scale":[{},{"time":0.1333,"x":1.066},{"time":0.6667,"x":0.977,"y":1.017,"curve":"stepped"},{"time":0.8,"x":0.977,"y":1.017},{"time":1.4}],"shear":[{},{"time":0.1333,"x":-2.31},{"time":0.6667,"y":3.9,"curve":"stepped"},{"time":0.8,"y":3.9},{"time":1.4}]},"hand5":{"rotate":[{},{"time":0.2,"angle":9.81},{"time":0.6667,"angle":-8.24},{"time":0.8667,"angle":-11.29},{"time":1.4}],"translate":[{},{"time":0.2,"x":-1.09,"y":2.13},{"time":0.6667,"x":-3.48,"y":3.26},{"time":0.8667,"x":-4.38,"y":2.84},{"time":1.4}],"scale":[{},{"time":0.2,"x":1.032},{"time":0.6667,"x":0.926,"y":0.976},{"time":0.8667,"x":0.907,"y":0.976},{"time":1.4}],"shear":[{},{"time":0.2,"x":4.71},{"time":0.6667},{"time":0.8667,"x":-4.33},{"time":1.4}]},"hand6":{"rotate":[{},{"time":0.2,"angle":4.2},{"time":0.6667,"angle":-5.44},{"time":0.8667,"angle":-8.19},{"time":1.4}],"translate":[{"time":0.2},{"time":0.6667,"x":-1.49,"y":2.96},{"time":0.8667,"x":-1.25,"y":3.64},{"time":1.4}],"scale":[{"time":0.2},{"time":0.6667,"x":0.958,"curve":"stepped"},{"time":0.8667,"x":0.958},{"time":1.4}],"shear":[{},{"time":0.2,"x":2.72},{"time":0.6667,"x":-5.7},{"time":0.8667,"x":-8.88},{"time":1.4}]},"hand7":{"rotate":[{},{"time":0.2667,"angle":9.19},{"time":0.6667,"angle":-4.11},{"time":0.9333,"angle":-6.7},{"time":1.4}],"translate":[{"time":0.6667},{"time":0.9333,"x":-0.33,"y":2.19},{"time":1.4}],"scale":[{},{"time":0.2667,"x":1.165},{"time":0.6667,"x":0.89},{"time":0.9333,"x":0.88},{"time":1.4}],"shear":[{},{"time":0.2667,"y":-14.57},{"time":0.6667,"x":-5.68},{"time":0.9333,"x":-7.46},{"time":1.4}]}}}}},[0]]],0,0,[0],[-1],[0]]