[1,["7a/QZLET9IDreTiBfRn2PD","f9PiSOoSdNHLG48xiT6VW0","a45mGsGv5Ie7oCVuKCO1Us"],["root","spine","node","data","_N$skeletonData"],[["cc.PrefabInfo",["fileId","root","asset"],2,1,1],["cc.Prefab",["_name"],2],["cc.Node",["_name","_children","_components","_prefab"],2,2,9,4],["cc.Node",["_name","_parent","_components","_prefab"],2,1,2,4],["b2afbvP8rxKZpOCQLPbuZGR",["aniName","node","spine"],2,1,1],["sp.Skeleton",["defaultSkin","defaultAnimation","_preCacheMode","_animationName","node","_materials"],-1,1,3],["261d4+Q1HdGA5w3tjdBw83c",["node","spineAnimation"],3,1,1],["sp.SkeletonData",["_name","_atlasText","textureNames","_skeletonJson","textures"],-1,3]],[[1,0,2],[2,0,1,2,3,2],[3,0,1,2,3,2],[4,0,1,2,2],[0,1,2,1],[0,0,1,2,2],[5,0,1,2,3,4,5,5],[6,0,1,1],[7,0,1,2,3,4,5]],[[[[0,"DoomBoomEffect"],[1,"DoomBoomEffect",[-4],[[3,"blow",-3,-2]],[4,-1,0]],[2,"16FX",1,[-5,-6],[5,"b8kfawV01MQIiDRl+ri5pp",1,0]],[6,"default","blow",0,"blow",2,[0]],[7,2,3]],0,[0,0,1,0,1,4,0,2,1,0,-1,2,0,-1,3,0,-2,4,0,3,1,6],[0,3],[-1,4],[0,1]],[[[8,"16FX","\n16FX.png\nsize: 1024,512\nformat: RGBA8888\nfilter: Linear,Linear\nrepeat: none\ncloud1\n  rotate: true\n  xy: 283, 322\n  size: 158, 153\n  orig: 167, 162\n  offset: 5, 4\n  index: -1\ncloud10\n  rotate: true\n  xy: 373, 2\n  size: 158, 148\n  orig: 168, 157\n  offset: 5, 5\n  index: -1\ncloud11\n  rotate: true\n  xy: 367, 162\n  size: 158, 153\n  orig: 167, 162\n  offset: 5, 4\n  index: -1\ncloud12\n  rotate: false\n  xy: 438, 322\n  size: 151, 158\n  orig: 159, 167\n  offset: 4, 5\n  index: -1\ncloud13\n  rotate: true\n  xy: 812, 174\n  size: 151, 145\n  orig: 160, 153\n  offset: 4, 4\n  index: -1\ncloud2\n  rotate: false\n  xy: 679, 10\n  size: 142, 153\n  orig: 150, 161\n  offset: 4, 4\n  index: -1\ncloud3\n  rotate: false\n  xy: 591, 323\n  size: 154, 157\n  orig: 163, 167\n  offset: 4, 5\n  index: -1\ncloud4\n  rotate: false\n  xy: 523, 3\n  size: 154, 157\n  orig: 163, 167\n  offset: 4, 5\n  index: -1\ncloud5\n  rotate: false\n  xy: 522, 162\n  size: 143, 158\n  orig: 152, 166\n  offset: 4, 4\n  index: -1\ncloud6\n  rotate: false\n  xy: 522, 162\n  size: 143, 158\n  orig: 152, 166\n  offset: 4, 4\n  index: -1\ncloud7\n  rotate: false\n  xy: 747, 327\n  size: 152, 153\n  orig: 162, 162\n  offset: 5, 5\n  index: -1\ncloud8\n  rotate: false\n  xy: 213, 112\n  size: 152, 159\n  orig: 161, 169\n  offset: 4, 5\n  index: -1\ncloud9\n  rotate: true\n  xy: 667, 165\n  size: 156, 143\n  orig: 164, 151\n  offset: 4, 4\n  index: -1\ndong\n  rotate: false\n  xy: 213, 3\n  size: 158, 107\n  orig: 166, 115\n  offset: 4, 4\n  index: -1\nx1\n  rotate: true\n  xy: 2, 2\n  size: 211, 106\n  orig: 220, 115\n  offset: 5, 5\n  index: -1\nx2\n  rotate: true\n  xy: 110, 5\n  size: 208, 101\n  orig: 218, 110\n  offset: 5, 5\n  index: -1\nx3\n  rotate: true\n  xy: 178, 273\n  size: 207, 103\n  orig: 218, 111\n  offset: 4, 4\n  index: -1\nyanzhu\n  rotate: false\n  xy: 2, 215\n  size: 174, 265\n  orig: 184, 285\n  offset: 6, 9\n  index: -1\n",["16FX.png"],{"skeleton":{"hash":"Ek8g4KGS4vGQtBAmYeNXk5T1xEE","spine":"3.8.99"},"bones":[{"name":"root"},{"name":"16FX","parent":"root"},{"name":"dong","parent":"16FX","x":1.96,"y":99.7},{"name":"x1","parent":"16FX","x":9.17,"y":0.11},{"name":"yanzhu","parent":"16FX","length":68.28,"rotation":90},{"name":"cloud1","parent":"16FX","x":-2.96,"y":259.83},{"name":"cloud2","parent":"16FX","x":-8.36,"y":351.09},{"name":"cloud13","parent":"16FX","x":61.54,"y":248.57},{"name":"cloud8","parent":"16FX","x":100.22,"y":268.14},{"name":"cloud3","parent":"16FX","x":-69.87,"y":287.71},{"name":"cloud10","parent":"16FX","x":129.11,"y":329.19},{"name":"cloud9","parent":"16FX","x":46.63,"y":348.76},{"name":"cloud5","parent":"16FX","x":-145.83,"y":306.82},{"name":"cloud12","parent":"16FX","x":-109.01,"y":240.18},{"name":"cloud11","parent":"16FX","x":-59.62,"y":250.44},{"name":"cloud4","parent":"16FX","x":-118.33,"y":300.76},{"name":"cloud6","parent":"16FX","x":-34.92,"y":352.02},{"name":"cloud7","parent":"16FX","x":43.37,"y":305.42}],"slots":[{"name":"yanzhu","bone":"yanzhu","attachment":"yanzhu"},{"name":"x1","bone":"x1","attachment":"x1"},{"name":"cloud13","bone":"cloud13","attachment":"cloud13"},{"name":"cloud12","bone":"cloud12","attachment":"cloud12"},{"name":"cloud11","bone":"cloud11","attachment":"cloud11"},{"name":"cloud10","bone":"cloud10","attachment":"cloud10"},{"name":"cloud9","bone":"cloud9","attachment":"cloud9"},{"name":"cloud8","bone":"cloud8","attachment":"cloud8"},{"name":"cloud7","bone":"cloud7","attachment":"cloud7"},{"name":"cloud6","bone":"cloud6","attachment":"cloud6"},{"name":"cloud5","bone":"cloud5","attachment":"cloud5"},{"name":"cloud4","bone":"cloud4","attachment":"cloud4"},{"name":"cloud3","bone":"cloud3","attachment":"cloud3"},{"name":"cloud2","bone":"cloud2","attachment":"cloud2"},{"name":"cloud1","bone":"cloud1","attachment":"cloud1"},{"name":"dong","bone":"dong","attachment":"dong"}],"skins":[{"name":"default","attachments":{"cloud1":{"cloud1":{"x":0.46,"y":-4.83,"width":167,"height":162}},"cloud2":{"cloud2":{"x":-4.64,"y":-9.59,"width":150,"height":161}},"cloud3":{"cloud3":{"x":-3.63,"y":-7.21,"width":163,"height":167}},"cloud4":{"cloud4":{"x":-2.17,"y":-5.26,"width":163,"height":167}},"cloud5":{"cloud5":{"x":0.83,"y":-3.82,"width":152,"height":166}},"cloud6":{"cloud6":{"x":1.92,"y":-9.02,"width":152,"height":166}},"cloud7":{"cloud7":{"x":-1.37,"y":0.58,"width":162,"height":162}},"cloud8":{"cloud8":{"x":-6.72,"y":-0.64,"width":161,"height":169}},"cloud9":{"cloud9":{"x":1.37,"y":-0.26,"width":164,"height":151}},"cloud10":{"cloud10":{"x":-1.11,"y":-2.69,"width":168,"height":157}},"cloud11":{"cloud11":{"x":-2.88,"y":-2.44,"width":167,"height":162}},"cloud12":{"cloud12":{"x":-2.49,"y":-0.68,"width":159,"height":167}},"cloud13":{"cloud13":{"x":-2.54,"y":-1.07,"width":160,"height":153}},"dong":{"dong":{"x":-6.96,"y":4.8,"width":166,"height":115}},"x1":{"x1":{"x":-10.17,"y":31.39,"width":220,"height":115},"x2":{"x":-12.17,"y":29.89,"width":218,"height":110},"x3":{"x":-9.17,"y":30.39,"width":218,"height":111}},"yanzhu":{"yanzhu":{"x":121.5,"y":-2,"rotation":-90,"width":184,"height":285}}}}],"animations":{"blow":{"slots":{"x1":{"attachment":[{"time":0.0667,"name":"x2"},{"time":0.1333,"name":"x3"},{"time":0.2,"name":"x1"},{"time":0.2667,"name":"x2"},{"time":0.3333,"name":"x3"},{"time":0.4,"name":"x1"},{"time":0.4667,"name":"x2"},{"time":0.5333,"name":"x3"},{"time":0.6,"name":"x1"},{"time":0.6667,"name":"x2"},{"time":0.7333,"name":"x3"},{"time":0.8,"name":"x1"}]}},"bones":{"dong":{"translate":[{"curve":"stepped"},{"time":0.0667,"x":-5,"y":3,"curve":"stepped"},{"time":0.1333,"x":4,"y":-3,"curve":"stepped"},{"time":0.2,"x":5,"y":-11,"curve":"stepped"},{"time":0.2667,"x":3,"curve":"stepped"},{"time":0.3333,"x":-1,"y":10,"curve":"stepped"},{"time":0.4,"curve":"stepped"},{"time":0.4667,"x":3,"y":-2,"curve":"stepped"},{"time":0.5333,"x":-6,"y":3,"curve":"stepped"},{"time":0.6,"x":6,"y":-3,"curve":"stepped"},{"time":0.6667,"curve":"stepped"},{"time":0.7333,"x":-1,"y":10,"curve":"stepped"},{"time":0.8}]},"x1":{"translate":[{"curve":"stepped"},{"time":0.0667,"x":1,"y":4,"curve":"stepped"},{"time":0.1333,"x":-2,"y":5,"curve":"stepped"},{"time":0.2,"x":3,"y":5,"curve":"stepped"},{"time":0.2667,"x":3.5,"y":2.75,"curve":"stepped"},{"time":0.3333,"x":3.5,"y":-5.25,"curve":"stepped"},{"time":0.4,"x":-2,"y":5,"curve":"stepped"},{"time":0.4667,"x":0.42,"y":-9.54,"curve":"stepped"},{"time":0.5333,"x":3.5,"y":8.08,"curve":"stepped"},{"time":0.6,"x":-0.14,"y":6.87,"curve":"stepped"},{"time":0.6667,"x":-2,"y":5,"curve":"stepped"},{"time":0.7333,"x":4.06,"y":3.79,"curve":"stepped"},{"time":0.8}]},"yanzhu":{"scale":[{"curve":"stepped"},{"time":0.0667,"x":1.015,"y":0.993,"curve":"stepped"},{"time":0.1333,"x":1.03,"y":0.986,"curve":"stepped"},{"time":0.2,"x":1.045,"y":0.979,"curve":"stepped"},{"time":0.2667,"x":1.06,"y":0.972,"curve":"stepped"},{"time":0.3333,"x":1.075,"y":0.965,"curve":"stepped"},{"time":0.4,"x":1.091,"y":0.958,"curve":"stepped"},{"time":0.4667,"x":1.106,"y":0.951,"curve":"stepped"},{"time":0.5333,"x":1.121,"y":0.944,"curve":"stepped"},{"time":0.6,"x":1.136,"y":0.937,"curve":"stepped"},{"time":0.6667,"x":1.151,"y":0.93,"curve":"stepped"},{"time":0.7333,"x":1.166,"y":0.923,"curve":"stepped"},{"time":0.8,"x":1.181,"y":0.916}]},"cloud1":{"rotate":[{"curve":"stepped"},{"time":0.0667,"angle":-12.89,"curve":"stepped"},{"time":0.1333,"angle":-25.79,"curve":"stepped"},{"time":0.2,"angle":-38.68,"curve":"stepped"},{"time":0.2667,"angle":-51.57,"curve":"stepped"},{"time":0.3333,"angle":-64.46,"curve":"stepped"},{"time":0.4,"angle":-77.36,"curve":"stepped"},{"time":0.4667,"angle":-90.25,"curve":"stepped"},{"time":0.5333,"angle":-103.14,"curve":"stepped"},{"time":0.6,"angle":-116.03,"curve":"stepped"},{"time":0.6667,"angle":-128.93,"curve":"stepped"},{"time":0.7333,"angle":-141.82,"curve":"stepped"},{"time":0.8,"angle":-154.71}],"translate":[{"y":-76.93,"curve":"stepped"},{"time":0.0667,"y":-66.18,"curve":"stepped"},{"time":0.1333,"y":-55.44,"curve":"stepped"},{"time":0.2,"y":-44.69,"curve":"stepped"},{"time":0.2667,"y":-33.95,"curve":"stepped"},{"time":0.3333,"y":-23.21,"curve":"stepped"},{"time":0.4,"y":-12.46,"curve":"stepped"},{"time":0.4667,"y":-1.72,"curve":"stepped"},{"time":0.5333,"y":9.03,"curve":"stepped"},{"time":0.6,"y":19.77,"curve":"stepped"},{"time":0.6667,"y":30.51,"curve":"stepped"},{"time":0.7333,"y":41.26,"curve":"stepped"},{"time":0.8,"y":52}]},"cloud2":{"rotate":[{"curve":"stepped"},{"time":0.0667,"angle":12.09,"curve":"stepped"},{"time":0.1333,"angle":24.18,"curve":"stepped"},{"time":0.2,"angle":36.27,"curve":"stepped"},{"time":0.2667,"angle":48.36,"curve":"stepped"},{"time":0.3333,"angle":60.44,"curve":"stepped"},{"time":0.4,"angle":72.53,"curve":"stepped"},{"time":0.4667,"angle":84.62,"curve":"stepped"},{"time":0.5333,"angle":96.71,"curve":"stepped"},{"time":0.6,"angle":108.8,"curve":"stepped"},{"time":0.6667,"angle":120.89,"curve":"stepped"},{"time":0.7333,"angle":132.98,"curve":"stepped"},{"time":0.8,"angle":145.07}],"translate":[{"y":-76.92,"curve":"stepped"},{"time":0.0667,"y":-66.18,"curve":"stepped"},{"time":0.1333,"y":-55.44,"curve":"stepped"},{"time":0.2,"y":-44.69,"curve":"stepped"},{"time":0.2667,"y":-33.95,"curve":"stepped"},{"time":0.3333,"y":-23.21,"curve":"stepped"},{"time":0.4,"y":-12.46,"curve":"stepped"},{"time":0.4667,"y":-1.72,"curve":"stepped"},{"time":0.5333,"y":9.03,"curve":"stepped"},{"time":0.6,"y":19.77,"curve":"stepped"},{"time":0.6667,"y":30.51,"curve":"stepped"},{"time":0.7333,"y":41.26,"curve":"stepped"},{"time":0.8,"y":52}]},"cloud13":{"rotate":[{"curve":"stepped"},{"time":0.0667,"angle":10.68,"curve":"stepped"},{"time":0.1333,"angle":21.37,"curve":"stepped"},{"time":0.2,"angle":32.05,"curve":"stepped"},{"time":0.2667,"angle":42.73,"curve":"stepped"},{"time":0.3333,"angle":53.42,"curve":"stepped"},{"time":0.4,"angle":64.1,"curve":"stepped"},{"time":0.4667,"angle":74.79,"curve":"stepped"},{"time":0.5333,"angle":85.47,"curve":"stepped"},{"time":0.6,"angle":96.15,"curve":"stepped"},{"time":0.6667,"angle":106.84,"curve":"stepped"},{"time":0.7333,"angle":117.52,"curve":"stepped"},{"time":0.8,"angle":128.2}],"translate":[{"y":-76.93,"curve":"stepped"},{"time":0.0667,"y":-66.18,"curve":"stepped"},{"time":0.1333,"y":-55.44,"curve":"stepped"},{"time":0.2,"y":-44.69,"curve":"stepped"},{"time":0.2667,"y":-33.95,"curve":"stepped"},{"time":0.3333,"y":-23.21,"curve":"stepped"},{"time":0.4,"y":-12.46,"curve":"stepped"},{"time":0.4667,"y":-1.72,"curve":"stepped"},{"time":0.5333,"y":9.03,"curve":"stepped"},{"time":0.6,"y":19.77,"curve":"stepped"},{"time":0.6667,"y":30.51,"curve":"stepped"},{"time":0.7333,"y":41.26,"curve":"stepped"},{"time":0.8,"y":52}]},"cloud8":{"rotate":[{"curve":"stepped"},{"time":0.0667,"angle":9.88,"curve":"stepped"},{"time":0.1333,"angle":19.76,"curve":"stepped"},{"time":0.2,"angle":29.64,"curve":"stepped"},{"time":0.2667,"angle":39.52,"curve":"stepped"},{"time":0.3333,"angle":49.4,"curve":"stepped"},{"time":0.4,"angle":59.28,"curve":"stepped"},{"time":0.4667,"angle":69.15,"curve":"stepped"},{"time":0.5333,"angle":79.03,"curve":"stepped"},{"time":0.6,"angle":88.91,"curve":"stepped"},{"time":0.6667,"angle":98.79,"curve":"stepped"},{"time":0.7333,"angle":108.67,"curve":"stepped"},{"time":0.8,"angle":118.55}],"translate":[{"y":-76.93,"curve":"stepped"},{"time":0.0667,"y":-66.18,"curve":"stepped"},{"time":0.1333,"y":-55.44,"curve":"stepped"},{"time":0.2,"y":-44.69,"curve":"stepped"},{"time":0.2667,"y":-33.95,"curve":"stepped"},{"time":0.3333,"y":-23.21,"curve":"stepped"},{"time":0.4,"y":-12.46,"curve":"stepped"},{"time":0.4667,"y":-1.72,"curve":"stepped"},{"time":0.5333,"y":9.03,"curve":"stepped"},{"time":0.6,"y":19.77,"curve":"stepped"},{"time":0.6667,"y":30.51,"curve":"stepped"},{"time":0.7333,"y":41.26,"curve":"stepped"},{"time":0.8,"y":52}]},"cloud3":{"rotate":[{"curve":"stepped"},{"time":0.0667,"angle":-12.7,"curve":"stepped"},{"time":0.1333,"angle":-25.4,"curve":"stepped"},{"time":0.2,"angle":-38.1,"curve":"stepped"},{"time":0.2667,"angle":-50.79,"curve":"stepped"},{"time":0.3333,"angle":-63.49,"curve":"stepped"},{"time":0.4,"angle":-76.19,"curve":"stepped"},{"time":0.4667,"angle":-88.89,"curve":"stepped"},{"time":0.5333,"angle":-101.59,"curve":"stepped"},{"time":0.6,"angle":-114.29,"curve":"stepped"},{"time":0.6667,"angle":-126.99,"curve":"stepped"},{"time":0.7333,"angle":-139.68,"curve":"stepped"},{"time":0.8,"angle":-152.38}],"translate":[{"y":-76.93,"curve":"stepped"},{"time":0.0667,"y":-66.18,"curve":"stepped"},{"time":0.1333,"y":-55.44,"curve":"stepped"},{"time":0.2,"y":-44.69,"curve":"stepped"},{"time":0.2667,"y":-33.95,"curve":"stepped"},{"time":0.3333,"y":-23.21,"curve":"stepped"},{"time":0.4,"y":-12.46,"curve":"stepped"},{"time":0.4667,"y":-1.72,"curve":"stepped"},{"time":0.5333,"y":9.03,"curve":"stepped"},{"time":0.6,"y":19.77,"curve":"stepped"},{"time":0.6667,"y":30.51,"curve":"stepped"},{"time":0.7333,"y":41.26,"curve":"stepped"},{"time":0.8,"y":52}]},"cloud10":{"rotate":[{"curve":"stepped"},{"time":0.0667,"angle":-13.76,"curve":"stepped"},{"time":0.1333,"angle":-27.53,"curve":"stepped"},{"time":0.2,"angle":-41.29,"curve":"stepped"},{"time":0.2667,"angle":-55.06,"curve":"stepped"},{"time":0.3333,"angle":-68.82,"curve":"stepped"},{"time":0.4,"angle":-82.59,"curve":"stepped"},{"time":0.4667,"angle":-96.35,"curve":"stepped"},{"time":0.5333,"angle":-110.12,"curve":"stepped"},{"time":0.6,"angle":-123.88,"curve":"stepped"},{"time":0.6667,"angle":-137.65,"curve":"stepped"},{"time":0.7333,"angle":-151.41,"curve":"stepped"},{"time":0.8,"angle":-165.17}],"translate":[{"y":-76.93,"curve":"stepped"},{"time":0.0667,"y":-66.18,"curve":"stepped"},{"time":0.1333,"y":-55.44,"curve":"stepped"},{"time":0.2,"y":-44.69,"curve":"stepped"},{"time":0.2667,"y":-33.95,"curve":"stepped"},{"time":0.3333,"y":-23.21,"curve":"stepped"},{"time":0.4,"y":-12.46,"curve":"stepped"},{"time":0.4667,"y":-1.72,"curve":"stepped"},{"time":0.5333,"y":9.03,"curve":"stepped"},{"time":0.6,"y":19.77,"curve":"stepped"},{"time":0.6667,"y":30.51,"curve":"stepped"},{"time":0.7333,"y":41.26,"curve":"stepped"},{"time":0.8,"y":52}]},"cloud9":{"rotate":[{"curve":"stepped"},{"time":0.0667,"angle":-8.83,"curve":"stepped"},{"time":0.1333,"angle":-17.66,"curve":"stepped"},{"time":0.2,"angle":-26.48,"curve":"stepped"},{"time":0.2667,"angle":-35.31,"curve":"stepped"},{"time":0.3333,"angle":-44.14,"curve":"stepped"},{"time":0.4,"angle":-52.97,"curve":"stepped"},{"time":0.4667,"angle":-61.79,"curve":"stepped"},{"time":0.5333,"angle":-70.62,"curve":"stepped"},{"time":0.6,"angle":-79.45,"curve":"stepped"},{"time":0.6667,"angle":-88.28,"curve":"stepped"},{"time":0.7333,"angle":-97.11,"curve":"stepped"},{"time":0.8,"angle":-105.93}],"translate":[{"y":-76.92,"curve":"stepped"},{"time":0.0667,"y":-66.18,"curve":"stepped"},{"time":0.1333,"y":-55.44,"curve":"stepped"},{"time":0.2,"y":-44.69,"curve":"stepped"},{"time":0.2667,"y":-33.95,"curve":"stepped"},{"time":0.3333,"y":-23.21,"curve":"stepped"},{"time":0.4,"y":-12.46,"curve":"stepped"},{"time":0.4667,"y":-1.72,"curve":"stepped"},{"time":0.5333,"y":9.03,"curve":"stepped"},{"time":0.6,"y":19.77,"curve":"stepped"},{"time":0.6667,"y":30.51,"curve":"stepped"},{"time":0.7333,"y":41.26,"curve":"stepped"},{"time":0.8,"y":52}]},"cloud5":{"rotate":[{"curve":"stepped"},{"time":0.0667,"angle":13.82,"curve":"stepped"},{"time":0.1333,"angle":27.65,"curve":"stepped"},{"time":0.2,"angle":41.47,"curve":"stepped"},{"time":0.2667,"angle":55.3,"curve":"stepped"},{"time":0.3333,"angle":69.12,"curve":"stepped"},{"time":0.4,"angle":82.95,"curve":"stepped"},{"time":0.4667,"angle":96.77,"curve":"stepped"},{"time":0.5333,"angle":110.6,"curve":"stepped"},{"time":0.6,"angle":124.42,"curve":"stepped"},{"time":0.6667,"angle":138.25,"curve":"stepped"},{"time":0.7333,"angle":152.07,"curve":"stepped"},{"time":0.8,"angle":165.9}],"translate":[{"y":-76.92,"curve":"stepped"},{"time":0.0667,"y":-66.18,"curve":"stepped"},{"time":0.1333,"y":-55.44,"curve":"stepped"},{"time":0.2,"y":-44.69,"curve":"stepped"},{"time":0.2667,"y":-33.95,"curve":"stepped"},{"time":0.3333,"y":-23.21,"curve":"stepped"},{"time":0.4,"y":-12.46,"curve":"stepped"},{"time":0.4667,"y":-1.72,"curve":"stepped"},{"time":0.5333,"y":9.03,"curve":"stepped"},{"time":0.6,"y":19.77,"curve":"stepped"},{"time":0.6667,"y":30.51,"curve":"stepped"},{"time":0.7333,"y":41.26,"curve":"stepped"},{"time":0.8,"y":52}]},"cloud12":{"rotate":[{"curve":"stepped"},{"time":0.0667,"angle":-8.88,"curve":"stepped"},{"time":0.1333,"angle":-17.77,"curve":"stepped"},{"time":0.2,"angle":-26.65,"curve":"stepped"},{"time":0.2667,"angle":-35.53,"curve":"stepped"},{"time":0.3333,"angle":-44.42,"curve":"stepped"},{"time":0.4,"angle":-53.3,"curve":"stepped"},{"time":0.4667,"angle":-62.18,"curve":"stepped"},{"time":0.5333,"angle":-71.07,"curve":"stepped"},{"time":0.6,"angle":-79.95,"curve":"stepped"},{"time":0.6667,"angle":-88.83,"curve":"stepped"},{"time":0.7333,"angle":-97.72,"curve":"stepped"},{"time":0.8,"angle":-106.6}],"translate":[{"y":-76.93,"curve":"stepped"},{"time":0.0667,"y":-66.18,"curve":"stepped"},{"time":0.1333,"y":-55.44,"curve":"stepped"},{"time":0.2,"y":-44.69,"curve":"stepped"},{"time":0.2667,"y":-33.95,"curve":"stepped"},{"time":0.3333,"y":-23.21,"curve":"stepped"},{"time":0.4,"y":-12.46,"curve":"stepped"},{"time":0.4667,"y":-1.72,"curve":"stepped"},{"time":0.5333,"y":9.03,"curve":"stepped"},{"time":0.6,"y":19.77,"curve":"stepped"},{"time":0.6667,"y":30.51,"curve":"stepped"},{"time":0.7333,"y":41.26,"curve":"stepped"},{"time":0.8,"y":52}]},"cloud11":{"rotate":[{"curve":"stepped"},{"time":0.0667,"angle":12.52,"curve":"stepped"},{"time":0.1333,"angle":25.04,"curve":"stepped"},{"time":0.2,"angle":37.55,"curve":"stepped"},{"time":0.2667,"angle":50.07,"curve":"stepped"},{"time":0.3333,"angle":62.59,"curve":"stepped"},{"time":0.4,"angle":75.11,"curve":"stepped"},{"time":0.4667,"angle":87.63,"curve":"stepped"},{"time":0.5333,"angle":100.14,"curve":"stepped"},{"time":0.6,"angle":112.66,"curve":"stepped"},{"time":0.6667,"angle":125.18,"curve":"stepped"},{"time":0.7333,"angle":137.7,"curve":"stepped"},{"time":0.8,"angle":150.22}],"translate":[{"y":-76.93,"curve":"stepped"},{"time":0.0667,"y":-66.18,"curve":"stepped"},{"time":0.1333,"y":-55.44,"curve":"stepped"},{"time":0.2,"y":-44.69,"curve":"stepped"},{"time":0.2667,"y":-33.95,"curve":"stepped"},{"time":0.3333,"y":-23.21,"curve":"stepped"},{"time":0.4,"y":-12.46,"curve":"stepped"},{"time":0.4667,"y":-1.72,"curve":"stepped"},{"time":0.5333,"y":9.03,"curve":"stepped"},{"time":0.6,"y":19.77,"curve":"stepped"},{"time":0.6667,"y":30.51,"curve":"stepped"},{"time":0.7333,"y":41.26,"curve":"stepped"},{"time":0.8,"y":52}]},"cloud4":{"rotate":[{"curve":"stepped"},{"time":0.0667,"angle":7.91,"curve":"stepped"},{"time":0.1333,"angle":15.82,"curve":"stepped"},{"time":0.2,"angle":23.72,"curve":"stepped"},{"time":0.2667,"angle":31.63,"curve":"stepped"},{"time":0.3333,"angle":39.54,"curve":"stepped"},{"time":0.4,"angle":47.45,"curve":"stepped"},{"time":0.4667,"angle":55.36,"curve":"stepped"},{"time":0.5333,"angle":63.26,"curve":"stepped"},{"time":0.6,"angle":71.17,"curve":"stepped"},{"time":0.6667,"angle":79.08,"curve":"stepped"},{"time":0.7333,"angle":86.99,"curve":"stepped"},{"time":0.8,"angle":94.9}],"translate":[{"y":-76.93,"curve":"stepped"},{"time":0.0667,"y":-66.18,"curve":"stepped"},{"time":0.1333,"y":-55.44,"curve":"stepped"},{"time":0.2,"y":-44.69,"curve":"stepped"},{"time":0.2667,"y":-33.95,"curve":"stepped"},{"time":0.3333,"y":-23.21,"curve":"stepped"},{"time":0.4,"y":-12.46,"curve":"stepped"},{"time":0.4667,"y":-1.72,"curve":"stepped"},{"time":0.5333,"y":9.03,"curve":"stepped"},{"time":0.6,"y":19.77,"curve":"stepped"},{"time":0.6667,"y":30.51,"curve":"stepped"},{"time":0.7333,"y":41.26,"curve":"stepped"},{"time":0.8,"y":52}]},"cloud6":{"rotate":[{"curve":"stepped"},{"time":0.0667,"angle":-11.21,"curve":"stepped"},{"time":0.1333,"angle":-22.43,"curve":"stepped"},{"time":0.2,"angle":-33.64,"curve":"stepped"},{"time":0.2667,"angle":-44.85,"curve":"stepped"},{"time":0.3333,"angle":-56.07,"curve":"stepped"},{"time":0.4,"angle":-67.28,"curve":"stepped"},{"time":0.4667,"angle":-78.49,"curve":"stepped"},{"time":0.5333,"angle":-89.71,"curve":"stepped"},{"time":0.6,"angle":-100.92,"curve":"stepped"},{"time":0.6667,"angle":-112.13,"curve":"stepped"},{"time":0.7333,"angle":-123.35,"curve":"stepped"},{"time":0.8,"angle":-134.56}],"translate":[{"y":-76.92,"curve":"stepped"},{"time":0.0667,"y":-66.18,"curve":"stepped"},{"time":0.1333,"y":-55.44,"curve":"stepped"},{"time":0.2,"y":-44.69,"curve":"stepped"},{"time":0.2667,"y":-33.95,"curve":"stepped"},{"time":0.3333,"y":-23.21,"curve":"stepped"},{"time":0.4,"y":-12.46,"curve":"stepped"},{"time":0.4667,"y":-1.72,"curve":"stepped"},{"time":0.5333,"y":9.03,"curve":"stepped"},{"time":0.6,"y":19.77,"curve":"stepped"},{"time":0.6667,"y":30.51,"curve":"stepped"},{"time":0.7333,"y":41.26,"curve":"stepped"},{"time":0.8,"y":52}]},"cloud7":{"rotate":[{"curve":"stepped"},{"time":0.0667,"angle":-8.63,"curve":"stepped"},{"time":0.1333,"angle":-17.25,"curve":"stepped"},{"time":0.2,"angle":-25.88,"curve":"stepped"},{"time":0.2667,"angle":-34.51,"curve":"stepped"},{"time":0.3333,"angle":-43.14,"curve":"stepped"},{"time":0.4,"angle":-51.76,"curve":"stepped"},{"time":0.4667,"angle":-60.39,"curve":"stepped"},{"time":0.5333,"angle":-69.02,"curve":"stepped"},{"time":0.6,"angle":-77.65,"curve":"stepped"},{"time":0.6667,"angle":-86.27,"curve":"stepped"},{"time":0.7333,"angle":-94.9,"curve":"stepped"},{"time":0.8,"angle":-103.53}],"translate":[{"y":-76.93,"curve":"stepped"},{"time":0.0667,"y":-66.18,"curve":"stepped"},{"time":0.1333,"y":-55.44,"curve":"stepped"},{"time":0.2,"y":-44.69,"curve":"stepped"},{"time":0.2667,"y":-33.95,"curve":"stepped"},{"time":0.3333,"y":-23.21,"curve":"stepped"},{"time":0.4,"y":-12.46,"curve":"stepped"},{"time":0.4667,"y":-1.72,"curve":"stepped"},{"time":0.5333,"y":9.03,"curve":"stepped"},{"time":0.6,"y":19.77,"curve":"stepped"},{"time":0.6667,"y":30.51,"curve":"stepped"},{"time":0.7333,"y":41.26,"curve":"stepped"},{"time":0.8,"y":52}]}}}}},[0]]],0,0,[0],[-1],[2]]]]