[1,["7a/QZLET9IDreTiBfRn2PD","7f3oKsjhVAVI64LvDZWETf","9cXGAx4WRCl4a4A5ik3yu4","3foxMbxhBIE415X8njdiAj","ecpdLyjvZBwrvm+cedCcQy","108VTdWB9PPaZFwONJEpLI","d81nwOcpNI35bnN7wgJC8z"],["node","root","data","shootHNode","shootNode","body","animation","bulletPrefab","_N$skeletonData","_textureSetter","_spriteFrame"],[["cc.Node",["_name","_prefab","_trs","_children","_components","_parent"],2,4,7,2,12,1],["cc.Node",["_name","_groupIndex","_parent","_components","_prefab","_contentSize","_trs"],1,1,2,4,5,7],["cc.Node",["_name","_groupIndex","_components","_prefab","_children","_parent","_contentSize"],1,9,4,2,1,5],["cc.PrefabInfo",["fileId","root","asset"],2,1,1],["cc.BoxCollider",["node","_size","_offset"],3,1,5,5],"cc.SpriteFrame",["cc.Prefab",["_name"],2],["a5050dcEfVDkIX49vL7JqiK",["shadowScale","node","animation","body","shadowOffset","shootNode","shootHNode","bulletPrefab"],2,1,1,1,5,1,1,6],["96c396uvMtPhLUJFoRD9JmK",["node","body"],3,1,1],["sp.Skeleton",["defaultSkin","defaultAnimation","_preCacheMode","_animationName","node","_materials"],-1,1,3],["261d4+Q1HdGA5w3tjdBw83c",["node","spineAnimation"],3,1,1],["25e84qr2r5CfK0bp6CEXb0Q",["speed","ySpeed","node"],1,1],["cc.Sprite",["node","_materials","_spriteFrame"],3,1,3,6],["sp.SkeletonData",["_name","_atlasText","textureNames","_skeletonJson","textures"],-1,3]],[[3,0,1,2,2],[6,0,2],[0,0,5,1,2,2],[3,1,2,1],[0,0,3,4,1,2,2],[1,0,1,2,3,4,3],[1,0,2,3,4,5,6,2],[2,0,1,4,2,3,3],[2,0,5,2,3,6,2],[7,0,1,2,3,4,5,6,7,2],[4,0,2,1,1],[4,0,1,1],[8,0,1,1],[9,0,1,2,3,4,5,5],[10,0,1,1],[11,0,1,2,3],[12,0,1,2,1],[13,0,1,2,3,4,5]],[[[[1,"Cactus"],[4,"Cactus",[-8,-9,-10,-11],[[[9,1.1,-6,-5,-4,[0,0,5],-3,-2,1],-7],4,1],[3,-1,0],[-494,-293,0,0,0,0,1,1,1,1]],[5,"bodyC",5,1,[-12,-13],[0,"b9YKxYGjdK1qs01gaGmnhU",1,0]],[2,"shoot",1,[0,"57Oq5WT45IxZVRwqBFMiSt",1,0],[60,50,0,0,0,0,1,1,1,1]],[2,"shoot-h",1,[0,"0a7cYXEFVPTLcvQDMY+fUe",1,0],[60,145,0,0,0,0,1,1,1,1]],[10,2,[0,0,60],[5,100,120]],[12,2,5],[6,"27_plant",1,[-14],[0,"8cPl0h2wFAJpti9M2GV16H",1,0],[5,115.78,104.43],[0,5,0,0,0,0,1,1,1,1]],[13,"default","idle1",0,"idle1",7,[0]],[14,1,8]],0,[0,1,1,0,3,4,0,4,3,0,5,6,0,6,9,0,0,1,0,-2,9,0,-1,3,0,-2,4,0,-3,2,0,-4,7,0,-1,5,0,-2,6,0,-1,8,0,2,1,14],[0,0,8],[-1,7,8],[0,1,2]],[[{"name":"spike_bullet","rect":[0,1,38,23],"offset":[-0.5,-0.5],"originalSize":[39,24],"capInsets":[0,0,0,0]}],[5],0,[0],[9],[3]],[[[1,"SpikeBullet"],[7,"SpikeBullet",1,[-4],[[11,-2,[5,40,20]],[15,500,150,-3]],[3,-1,0]],[8,"spike_bullet",1,[[16,-5,[0],1]],[0,"25ekkYpHNE2aPhi+Q4i7db",1,0],[5,38,23]]],0,[0,1,1,0,0,1,0,0,1,0,-1,2,0,0,2,0,2,1,5],[0,0],[-1,10],[4,5]],[[[17,"27_plant","\n27_plant.png\nsize: 1024,128\nformat: RGBA8888\nfilter: Linear,Linear\nrepeat: none\narm1\n  rotate: false\n  xy: 444, 45\n  size: 47, 81\n  orig: 49, 82\n  offset: 1, 0\n  index: -1\narm2\n  rotate: false\n  xy: 382, 41\n  size: 60, 85\n  orig: 75, 103\n  offset: 15, 1\n  index: -1\narm3\n  rotate: true\n  xy: 498, 6\n  size: 43, 50\n  orig: 45, 52\n  offset: 1, 1\n  index: -1\narm4\n  rotate: false\n  xy: 445, 4\n  size: 51, 39\n  orig: 63, 44\n  offset: 1, 0\n  index: -1\nball\n  rotate: false\n  xy: 254, 2\n  size: 27, 21\n  orig: 28, 22\n  offset: 1, 1\n  index: -1\nbody1\n  rotate: true\n  xy: 207, 25\n  size: 101, 125\n  orig: 103, 126\n  offset: 1, 0\n  index: -1\nbody2\n  rotate: true\n  xy: 334, 39\n  size: 87, 46\n  orig: 103, 109\n  offset: 16, 1\n  index: -1\nbody30\n  rotate: true\n  xy: 2, 9\n  size: 117, 203\n  orig: 119, 219\n  offset: 1, 0\n  index: -1\neye1\n  rotate: false\n  xy: 283, 4\n  size: 54, 19\n  orig: 55, 20\n  offset: 1, 0\n  index: -1\neye2\n  rotate: false\n  xy: 389, 20\n  size: 54, 19\n  orig: 55, 21\n  offset: 1, 1\n  index: -1\neye3\n  rotate: false\n  xy: 389, 4\n  size: 53, 14\n  orig: 54, 16\n  offset: 1, 1\n  index: -1\nhair\n  rotate: true\n  xy: 493, 51\n  size: 75, 43\n  orig: 77, 44\n  offset: 1, 0\n  index: -1\nmouth1\n  rotate: true\n  xy: 207, 2\n  size: 21, 45\n  orig: 23, 46\n  offset: 1, 0\n  index: -1\nmouth2\n  rotate: false\n  xy: 339, 9\n  size: 48, 28\n  orig: 49, 28\n  offset: 1, 0\n  index: -1\n",["27_plant.png"],{"skeleton":{"hash":"8OvGkw2OipcBAV1q5iLd7/y3r0c","spine":"3.8.99","x":-66.25,"y":-9.27,"width":115.78,"height":104.43},"bones":[{"name":"root"},{"name":"plant","parent":"root","scaleX":0.122,"scaleY":0.122},{"name":"body2","parent":"plant","length":66.14,"rotation":90,"y":-58.11},{"name":"body1","parent":"plant","length":328.19,"rotation":90},{"name":"eye1","parent":"body1","x":499.03,"y":-23.41},{"name":"hair","parent":"body1","length":86.57,"x":602.39,"y":85.65,"scaleX":0.122,"scaleY":0.122,"transform":"noScale"},{"name":"mouth2","parent":"body1","length":157.96,"rotation":-90,"x":392.24,"y":-23.05,"scaleX":0.122,"scaleY":0.122,"transform":"noScale"},{"name":"mouth1","parent":"mouth2","length":62.97,"x":156.01,"y":3.21,"scaleX":0.122,"scaleY":0.122,"transform":"noScale"},{"name":"arm2","parent":"body1","length":222.36,"rotation":86.8,"x":168.91,"y":165.62,"scaleX":0.122,"scaleY":0.122,"transform":"noScale"},{"name":"arm1","parent":"arm2","length":277.63,"rotation":-83.78,"x":220.18,"y":-1.25,"scaleX":0.122,"scaleY":0.122,"transform":"noScale"},{"name":"arm4","parent":"body1","length":178.82,"rotation":-79.47,"x":118.2,"y":-119.15,"scaleX":0.122,"scaleY":0.122,"transform":"noScale"},{"name":"arm3","parent":"arm4","length":192.88,"rotation":77.12,"x":176.61,"y":0.41,"scaleX":0.122,"scaleY":0.122,"transform":"noScale"},{"name":"ball","parent":"plant","x":-187.92,"y":719.91,"scaleX":0.122,"scaleY":0.122,"transform":"noScale"},{"name":"body3","parent":"plant","length":423.26,"rotation":90,"y":-10}],"slots":[{"name":"arm4","bone":"arm4","attachment":"arm4"},{"name":"arm3","bone":"arm3","attachment":"arm3"},{"name":"body3","bone":"body3"},{"name":"body2","bone":"body2","attachment":"body2"},{"name":"body1","bone":"body1","attachment":"body1"},{"name":"eye1","bone":"eye1","attachment":"eye1"},{"name":"mouth2","bone":"mouth2","attachment":"mouth2"},{"name":"mouth1","bone":"mouth1","attachment":"mouth1"},{"name":"hair","bone":"hair","attachment":"hair"},{"name":"ball","bone":"ball","attachment":"ball"},{"name":"arm2","bone":"arm2","attachment":"arm2"},{"name":"arm1","bone":"arm1","attachment":"arm1"}],"skins":[{"name":"default","attachments":{"arm1":{"arm1":{"x":162.25,"y":27.59,"rotation":-93.03,"width":243,"height":408}},"arm2":{"arm2":{"x":181.71,"y":-108.63,"rotation":-176.8,"width":376,"height":515}},"arm3":{"arm3":{"x":90.56,"y":3.41,"rotation":-87.66,"width":226,"height":261}},"arm4":{"arm4":{"x":132.57,"y":16.35,"rotation":-10.53,"width":317,"height":221}},"ball":{"ball":{"x":-0.58,"y":4.59,"width":141,"height":111}},"body1":{"body1":{"x":307.5,"y":65.5,"rotation":-90,"width":517,"height":631}},"body2":{"body2":{"x":254.11,"y":64,"rotation":-90,"width":516,"height":544}},"body3":{"body30":{"x":483.96,"y":23,"rotation":-90,"width":594,"height":1093}},"eye1":{"eye1":{"x":-1.03,"y":30.91,"rotation":-90,"width":277,"height":100},"eye2":{"x":-6.53,"y":28.91,"rotation":-90,"width":273,"height":107},"eye3":{"x":5.97,"y":26.91,"rotation":-90,"width":269,"height":82}},"hair":{"hair":{"x":7.11,"y":22.85,"rotation":-90,"width":385,"height":221}},"mouth1":{"mouth1":{"x":-3.56,"y":-4.95,"width":115,"height":231}},"mouth2":{"mouth2":{"x":55.45,"y":-0.74,"width":243,"height":139}}}}],"events":{"attack":{}},"animations":{"attack1":{"slots":{"eye1":{"attachment":[{"time":0.5,"name":"eye2"},{"time":0.5667,"name":"eye3"},{"time":0.6333,"name":"eye2"},{"time":0.6667,"name":"eye1"}]}},"bones":{"body2":{"translate":[{"time":0.4},{"time":0.5667,"x":-7.97},{"time":0.8333}],"scale":[{"time":0.4},{"time":0.5667,"x":1.058,"y":0.963},{"time":0.8333}],"shear":[{"time":0.4},{"time":0.5667,"x":-14.46},{"time":0.8333}]},"body1":{"translate":[{},{"time":0.4,"x":8.58},{"time":0.5667,"x":1.57,"y":5.74},{"time":0.8333}],"scale":[{},{"time":0.4,"x":1.011},{"time":0.5667,"x":1.038,"y":0.966},{"time":0.8333},{"time":1.1667,"x":1.055},{"time":1.5333}],"shear":[{},{"time":0.4,"x":9.93},{"time":0.5667,"x":-20.9},{"time":0.8333}]},"hair":{"rotate":[{},{"time":0.1,"angle":-4.34},{"time":0.4,"angle":-7.95},{"time":0.4667,"angle":-0.34},{"time":0.5667,"angle":14.87},{"time":0.8333}],"translate":[{},{"time":0.1,"x":8.7,"y":-36.03},{"time":0.4,"x":6.27,"y":7.23},{"time":0.4667,"x":-7.09,"y":4.61},{"time":0.5667,"x":26.63,"y":-16.53},{"time":0.8333},{"time":1.1667,"x":17.05,"y":1.78},{"time":1.5333}],"scale":[{},{"time":0.1,"x":1.004,"y":1.016},{"time":0.4,"x":1.032},{"time":0.4667,"x":1.013,"y":0.95},{"time":0.5667,"x":0.977,"y":1.053},{"time":0.8333},{"time":1.1667,"x":1.264,"y":0.958},{"time":1.5333}],"shear":[{"time":0.4},{"time":0.4667,"x":3.29},{"time":0.5667}]},"mouth2":{"rotate":[{"time":0.4},{"time":0.5667,"angle":1.84},{"time":0.6667,"angle":1.22},{"time":0.8333}],"translate":[{"time":0.4},{"time":0.5667,"x":4.94,"y":-26.9},{"time":0.6667,"x":3.3,"y":-17.93},{"time":0.8333}],"scale":[{},{"time":0.1333,"x":1.17},{"time":0.4,"x":0.652},{"time":0.5667,"x":1.542,"y":0.821},{"time":0.6667,"x":1.447,"y":0.881},{"time":0.8333},{"time":1.1667,"y":1.045},{"time":1.5333}],"shear":[{"time":0.8333},{"time":1.1667,"x":3.03},{"time":1.5333}]},"mouth1":{"rotate":[{},{"time":0.1333,"angle":1.22},{"time":0.4,"angle":3.26},{"time":0.5667,"angle":-4.1},{"time":0.6667,"angle":-2.73},{"time":0.8333},{"time":1.1667,"angle":4.09},{"time":1.5333}],"translate":[{},{"time":0.1333,"x":0.49,"y":1.92},{"time":0.4,"x":1.31,"y":5.11},{"time":0.5667,"x":-1.87,"y":0.11},{"time":0.6667,"x":-1.24,"y":0.07},{"time":0.8333},{"time":1.1667,"x":3.18,"y":19.12},{"time":1.5333}],"scale":[{},{"time":0.1333,"x":0.945,"y":1.034},{"time":0.4,"x":0.828,"y":1.089},{"time":0.5667,"x":0.765,"y":0.829},{"time":0.6667,"x":0.807,"y":0.848},{"time":0.8333},{"time":1.1667,"x":1.008,"y":1.016},{"time":1.5333}]},"arm1":{"rotate":[{},{"time":0.1,"angle":-3.07},{"time":0.4,"angle":3.72},{"time":0.4667,"angle":11.65},{"time":0.5,"angle":-2.53},{"time":0.5667,"angle":-30.61},{"time":0.6667,"angle":-21.89},{"time":0.8333},{"time":1.1667,"angle":3.77},{"time":1.5333}],"translate":[{},{"time":0.1,"x":-6.56,"y":-3.35},{"time":0.4},{"time":0.4667,"x":-4.32,"y":4.01},{"time":0.5,"x":-18.75,"y":7.04},{"time":0.5667,"x":-35.24,"y":-3.99},{"time":0.6667,"x":-33.8,"y":-2.06},{"time":0.8333}],"scale":[{},{"time":0.1,"x":1.026},{"time":0.4,"x":1.032},{"time":0.4667,"x":1.021},{"time":0.5667,"curve":"stepped"},{"time":0.8333},{"time":1.1667,"x":1.022},{"time":1.5333}]},"arm4":{"rotate":[{"time":0.5667},{"time":0.6667,"angle":-2},{"time":0.8333},{"time":1.1667,"angle":3.23},{"time":1.5333}],"translate":[{},{"time":0.1,"x":2.65,"y":-9.19},{"time":0.4,"y":38.07},{"time":0.4667,"x":0.4,"y":62.49},{"time":0.5667,"x":-4.01,"y":-14.94},{"time":0.6667,"x":-0.89,"y":-15.85},{"time":0.8333}],"scale":[{},{"time":0.1,"x":0.994,"y":0.994},{"time":0.4,"x":0.976,"y":0.976},{"time":0.4667,"x":0.958,"y":0.958},{"time":0.5667,"x":0.92,"y":0.92},{"time":0.6667,"x":0.947,"y":0.947},{"time":0.8333},{"time":1.1667,"y":1.059},{"time":1.5333}]},"arm3":{"rotate":[{},{"time":0.1,"angle":-1.33},{"time":0.4,"angle":7.61},{"time":0.4667,"angle":5.9},{"time":0.5667,"angle":-16.51},{"time":0.6667,"angle":-22.14},{"time":0.8333},{"time":1.1667,"angle":-5.04},{"time":1.5333}],"translate":[{"time":0.4},{"time":0.4667,"x":-2.72,"y":0.52},{"time":0.5667},{"time":0.6667,"x":0.65,"y":-1.99},{"time":0.8333}],"scale":[{},{"time":0.1,"x":0.994,"y":0.994},{"time":0.4,"x":0.976,"y":0.976},{"time":0.4667,"x":0.958,"y":0.958},{"time":0.5667,"x":0.92,"y":0.92},{"time":0.6667,"x":0.947,"y":0.947},{"time":0.8333},{"time":1.1667,"x":1.022},{"time":1.5333}]},"ball":{"rotate":[{"time":0.4},{"time":0.4667,"angle":15.81},{"time":0.5667,"angle":-21.2},{"time":0.8333}],"translate":[{},{"time":0.1333,"x":31.36,"y":9.92},{"time":0.4,"x":-95.77,"y":5.2},{"time":0.4667,"x":-7.05,"y":10.31},{"time":0.5667,"x":499.71,"y":-3.37},{"time":0.8333},{"time":1.1667,"x":5.51,"y":67.82},{"time":1.5333}]},"body3":{"scale":[{"time":0.8333,"curve":0.25,"c3":0.75},{"time":1.1667,"x":0.966},{"time":1.5333}]},"arm2":{"rotate":[{},{"time":0.1,"angle":0.57},{"time":0.4,"angle":2.26},{"time":0.4667,"angle":1.51},{"time":0.5667,"curve":"stepped"},{"time":0.8333,"curve":0.252,"c3":0.622,"c4":0.49},{"time":1.1667,"angle":-6.85,"curve":0.25,"c3":0.75},{"time":1.5333}],"translate":[{"time":0.4},{"time":0.4667,"x":-2.7,"y":4.16},{"time":0.5667},{"time":0.6667,"y":-3.09},{"time":0.8333}],"scale":[{},{"time":0.1,"x":0.915},{"time":0.4},{"time":0.4667,"x":0.963},{"time":0.5667,"x":0.693},{"time":0.6667,"x":0.689},{"time":0.8333,"curve":0.252,"c3":0.622,"c4":0.49},{"time":1.1667,"y":1.092,"curve":0.25,"c3":0.75},{"time":1.5333}]}},"events":[{"time":0.5667,"name":"attack"}]},"attack2":{"slots":{"body3":{"attachment":[{"name":"body30"}]},"eye1":{"attachment":[{"time":0.3,"name":"eye2"},{"time":0.3667,"name":"eye3"},{"time":0.4333,"name":"eye1"}]}},"bones":{"body2":{"translate":[{"time":0.2},{"time":0.2667,"x":1.78},{"time":0.3667,"x":5.34},{"time":0.4333,"x":3.56},{"time":0.6667}],"scale":[{"time":0.2},{"time":0.2667,"y":1.001},{"time":0.3667,"y":1.003},{"time":0.4333,"y":1.002},{"time":0.6667}],"shear":[{"time":0.2},{"time":0.2667,"x":-6.8},{"time":0.3667,"x":-20.39},{"time":0.4333,"x":-13.6},{"time":0.6667}]},"body1":{"translate":[{"y":773.24},{"time":0.2,"x":-127.36,"y":788.59},{"time":0.2667,"x":20.2,"y":784.15},{"time":0.3667,"x":315.32,"y":775.29},{"time":0.4333,"x":171.17,"y":774.61},{"time":0.6667,"y":773.24}],"scale":[{},{"time":0.2,"x":1.025,"y":0.965},{"time":0.2667,"x":1.023,"y":0.977},{"time":0.3667,"x":1.088},{"time":0.4333,"x":1.05},{"time":0.6667}],"shear":[{},{"time":0.2,"x":9.46},{"time":0.2667,"x":-0.49},{"time":0.3667,"x":-20.39},{"time":0.4333,"x":-12.62},{"time":0.6667}]},"hair":{"rotate":[{},{"time":0.2,"angle":-10.72},{"time":0.2667,"angle":3.65},{"time":0.3667,"angle":14.42},{"time":0.4333,"angle":9.37},{"time":0.6667}],"translate":[{},{"time":0.2,"x":-3.46,"y":-29.55},{"time":0.2667,"x":0.71,"y":56.46},{"time":0.3667,"x":13.17,"y":-33.22},{"time":0.4333,"x":11.73,"y":-76.92},{"time":0.6667}],"scale":[{"time":0.2},{"time":0.2667,"x":0.99,"y":0.965},{"time":0.3667,"x":0.969,"y":1.054},{"time":0.4333,"x":0.884,"y":1.036},{"time":0.6667}]},"mouth2":{"translate":[{"time":0.2},{"time":0.2667,"x":-10.24,"y":-13.07},{"time":0.3667,"x":8.5,"y":-38.86},{"time":0.4333,"x":5.66,"y":-25.91},{"time":0.6667}],"scale":[{"time":0.2},{"time":0.2667,"x":1.177,"y":0.946},{"time":0.3667,"x":1.53,"y":0.885},{"time":0.4333,"x":1.301,"y":0.923},{"time":0.6667}],"shear":[{"time":0.2},{"time":0.2667,"x":2.92},{"time":0.3667}]},"mouth1":{"rotate":[{},{"time":0.2,"angle":4.66},{"time":0.2667,"angle":3.11},{"time":0.3667}],"translate":[{},{"time":0.2,"x":-3.47},{"time":0.2667,"x":-4.74},{"time":0.3667,"x":-7.28},{"time":0.4333,"x":-11.2},{"time":0.6667}],"scale":[{},{"time":0.2,"x":0.846,"y":1.061},{"time":0.2667,"x":0.82,"y":0.975},{"time":0.3667,"x":0.768,"y":0.803},{"time":0.4333,"x":0.793,"y":0.869},{"time":0.6667}]},"arm1":{"rotate":[{},{"time":0.2,"angle":6.82},{"time":0.2667,"angle":11.59},{"time":0.3667,"angle":-15.78},{"time":0.4333,"angle":-10.52},{"time":0.6667}],"translate":[{"time":0.2},{"time":0.2667,"x":-1.89,"y":5.72},{"time":0.3667,"x":-46.5,"y":11.67},{"time":0.4333,"x":-31,"y":7.78},{"time":0.6667}]},"arm4":{"rotate":[{},{"time":0.2,"angle":-1.67},{"time":0.2667,"angle":2.36},{"time":0.3667,"angle":-1.5},{"time":0.4333,"angle":-1},{"time":0.6667}],"translate":[{},{"time":0.2,"x":-7.58,"y":-0.26},{"time":0.2667,"x":2.65,"y":44.64},{"time":0.3667,"x":8.26,"y":6.54},{"time":0.4333,"x":3.99,"y":-17.68},{"time":0.6667}],"scale":[{"time":0.2},{"time":0.2667,"x":0.992,"y":0.992},{"time":0.3667,"x":0.977,"y":0.977},{"time":0.4333,"x":0.94,"y":0.94},{"time":0.6667}]},"arm3":{"rotate":[{},{"time":0.2,"angle":6.82},{"time":0.2667,"angle":4.72},{"time":0.3667,"angle":-18.42},{"time":0.4333,"angle":-24.46},{"time":0.6667}],"translate":[{"time":0.2},{"time":0.2667,"x":-3.83,"y":-3.55},{"time":0.3667,"x":3.19,"y":-1.73},{"time":0.4333,"x":2.13,"y":-1.15},{"time":0.6667}],"scale":[{"time":0.2},{"time":0.2667,"x":0.992,"y":0.992},{"time":0.3667,"x":0.977,"y":0.977},{"time":0.4333,"x":0.94,"y":0.94},{"time":0.6667}]},"ball":{"rotate":[{"time":0.2},{"time":0.2667,"angle":15.79},{"time":0.3667,"angle":-23.88},{"time":0.4333,"angle":-15.92},{"time":0.6667}],"translate":[{"y":777.84},{"time":0.2,"x":-185.07,"y":794.13},{"time":0.2667,"x":-62.07,"y":798.19},{"time":0.3667,"x":820.11,"y":811.13},{"time":0.4333,"x":546.74,"y":800.04},{"time":0.6667,"y":777.84}]},"body3":{"translate":[{},{"time":0.2,"x":7.8},{"time":0.2667,"x":12.87},{"time":0.3667,"x":23.02},{"time":0.4333,"x":15.34},{"time":0.6667}],"scale":[{},{"time":0.2,"x":1.025,"y":0.965},{"time":0.2667,"x":1.046,"y":0.977},{"time":0.3667,"x":1.088},{"time":0.4333,"x":1.059},{"time":0.6667}],"shear":[{},{"time":0.2,"x":9.46},{"time":0.2667,"x":-0.49},{"time":0.3667,"x":-20.39},{"time":0.4333,"x":-11.22},{"time":0.6667}]},"arm2":{"rotate":[{"time":0.2},{"time":0.2667,"angle":0.78},{"time":0.3667,"angle":-8.46},{"time":0.4333,"angle":-6.43},{"time":0.6667}],"scale":[{},{"time":0.2,"x":0.86},{"time":0.2667,"x":1.021,"y":0.978},{"time":0.3667,"x":0.624},{"time":0.4333,"x":0.749},{"time":0.6667}]}},"events":[{"time":0.3667,"name":"attack"}]},"idle1":{"bones":{"body1":{"scale":[{},{"time":0.1333,"x":1.012},{"time":0.4667,"x":1.069},{"time":0.6,"x":1.035},{"time":0.9333}]},"hair":{"rotate":[{},{"time":0.1333,"angle":1.89},{"time":0.4667}],"translate":[{},{"time":0.1333,"x":-2.93,"y":7.78},{"time":0.4667},{"time":0.6,"x":21.42,"y":1.78},{"time":0.9333}],"scale":[{},{"time":0.1333,"x":1.045,"y":1.023},{"time":0.4667,"x":1.06},{"time":0.6,"x":1.264,"y":0.958},{"time":0.9333}]},"mouth2":{"scale":[{},{"time":0.1333,"y":1.018},{"time":0.4667,"y":1.063},{"time":0.6,"y":1.045},{"time":0.9333}],"shear":[{},{"time":0.1333,"x":-3.66},{"time":0.4667},{"time":0.6,"x":3.03},{"time":0.9333}]},"mouth1":{"rotate":[{},{"time":0.1333,"angle":-2.04},{"time":0.4667},{"time":0.6,"angle":4.09},{"time":0.9333}],"translate":[{},{"time":0.1333,"x":1.89,"y":-2.66},{"time":0.4667},{"time":0.6,"x":3.18,"y":19.12},{"time":0.9333}],"scale":[{},{"time":0.1333,"x":1.027,"y":1.018},{"time":0.4667,"y":1.063},{"time":0.6,"x":1.008,"y":1.016},{"time":0.9333}]},"arm1":{"rotate":[{},{"time":0.1333,"angle":-0.71},{"time":0.4667,"angle":5.87},{"time":0.6,"angle":3.77},{"time":0.9333}],"scale":[{},{"time":0.1333,"x":1.021},{"time":0.4667,"x":1.016},{"time":0.6,"x":1.022},{"time":0.9333}]},"arm4":{"rotate":[{},{"time":0.1333,"angle":-3.94},{"time":0.4667},{"time":0.6,"angle":3.23},{"time":0.9333}],"scale":[{},{"time":0.1333,"y":1.033},{"time":0.4667,"y":1.116},{"time":0.6,"y":1.059},{"time":0.9333}]},"arm3":{"rotate":[{},{"time":0.1333,"angle":-1.39},{"time":0.4667,"angle":-5.2},{"time":0.6,"angle":-5.04},{"time":0.9333}],"scale":[{},{"time":0.1333,"x":1.021},{"time":0.4667,"x":1.074},{"time":0.6,"x":1.022},{"time":0.9333}]},"ball":{"translate":[{},{"time":0.1333,"x":-7.82,"y":-6.23},{"time":0.4667,"x":-2.25,"y":49.41},{"time":0.6,"x":5.51,"y":67.82},{"time":0.9333}]},"body3":{"scale":[{"time":0.4667},{"time":0.6,"x":0.966},{"time":0.9333}]},"arm2":{"rotate":[{"curve":0.25,"c3":0.75},{"time":0.1333,"angle":4.85},{"time":0.6,"angle":-6.85,"curve":0.25,"c3":0.75},{"time":0.9333}],"scale":[{"time":0.1333},{"time":0.4667,"y":1.116},{"time":0.6,"y":1.092,"curve":0.25,"c3":0.75},{"time":0.9333}]}}},"idle1_eye":{"slots":{"eye1":{"attachment":[{"time":0.5333,"name":"eye2"},{"time":0.6,"name":"eye3"},{"time":0.6667,"name":"eye2"},{"time":0.7333,"name":"eye1"}]}},"bones":{"body1":{"scale":[{},{"time":0.1333,"x":1.012},{"time":0.4667,"x":1.069},{"time":0.6,"x":1.035},{"time":0.9333}]},"hair":{"rotate":[{},{"time":0.1333,"angle":1.89},{"time":0.4667}],"translate":[{},{"time":0.1333,"x":-2.93,"y":7.78},{"time":0.4667},{"time":0.6,"x":21.42,"y":1.78},{"time":0.9333}],"scale":[{},{"time":0.1333,"x":1.045,"y":1.023},{"time":0.4667,"x":1.06},{"time":0.6,"x":1.264,"y":0.958},{"time":0.9333}]},"mouth2":{"scale":[{},{"time":0.1333,"y":1.018},{"time":0.4667,"y":1.063},{"time":0.6,"y":1.045},{"time":0.9333}],"shear":[{},{"time":0.1333,"x":-3.66},{"time":0.4667},{"time":0.6,"x":3.03},{"time":0.9333}]},"mouth1":{"rotate":[{},{"time":0.1333,"angle":-2.04},{"time":0.4667},{"time":0.6,"angle":4.09},{"time":0.9333}],"translate":[{},{"time":0.1333,"x":1.89,"y":-2.66},{"time":0.4667},{"time":0.6,"x":3.18,"y":19.12},{"time":0.9333}],"scale":[{},{"time":0.1333,"x":1.027,"y":1.018},{"time":0.4667,"y":1.063},{"time":0.6,"x":1.008,"y":1.016},{"time":0.9333}]},"arm1":{"rotate":[{},{"time":0.1333,"angle":-0.71},{"time":0.4667,"angle":5.87},{"time":0.6,"angle":3.77},{"time":0.9333}],"scale":[{},{"time":0.1333,"x":1.021},{"time":0.4667,"x":1.016},{"time":0.6,"x":1.022},{"time":0.9333}]},"arm4":{"rotate":[{},{"time":0.1333,"angle":-3.94},{"time":0.4667},{"time":0.6,"angle":3.23},{"time":0.9333}],"scale":[{},{"time":0.1333,"y":1.033},{"time":0.4667,"y":1.116},{"time":0.6,"y":1.059},{"time":0.9333}]},"arm3":{"rotate":[{},{"time":0.1333,"angle":-1.39},{"time":0.4667,"angle":-5.2},{"time":0.6,"angle":-5.04},{"time":0.9333}],"scale":[{},{"time":0.1333,"x":1.021},{"time":0.4667,"x":1.074},{"time":0.6,"x":1.022},{"time":0.9333}]},"ball":{"translate":[{},{"time":0.1333,"x":-7.82,"y":-6.23},{"time":0.4667,"x":-2.25,"y":49.41},{"time":0.6,"x":5.51,"y":67.82},{"time":0.9333}]},"body3":{"scale":[{"time":0.4667},{"time":0.6,"x":0.966},{"time":0.9333}]},"arm2":{"rotate":[{"curve":0.25,"c3":0.75},{"time":0.1333,"angle":4.85},{"time":0.6,"angle":-6.85,"curve":0.25,"c3":0.75},{"time":0.9333}],"scale":[{"time":0.1333},{"time":0.4667,"y":1.116},{"time":0.6,"y":1.092,"curve":0.25,"c3":0.75},{"time":0.9333}]}}},"idle2":{"slots":{"body3":{"attachment":[{"name":"body30"}]}},"bones":{"body1":{"translate":[{"y":773.24},{"time":0.1333,"y":773.87},{"time":0.4667,"y":809.44},{"time":0.6,"x":1.94,"y":759.51},{"time":0.9333,"y":773.24}],"scale":[{},{"time":0.1333,"x":1.016},{"time":0.4667,"x":1.022},{"time":0.6,"x":1.059},{"time":0.9333}]},"hair":{"translate":[{},{"time":0.1333,"x":7.11,"y":9.23},{"time":0.4667,"x":5.13,"y":1.05},{"time":0.6,"x":10.44,"y":0.75},{"time":0.9333}],"scale":[{},{"time":0.1333,"x":1.041},{"time":0.4667,"x":1.04},{"time":0.6,"x":1.086},{"time":0.9333}]},"mouth2":{"shear":[{"time":0.4667},{"time":0.6,"x":2.2},{"time":0.9333}]},"mouth1":{"rotate":[{},{"time":0.1333,"angle":-5.44},{"time":0.4667},{"time":0.6,"angle":4.14},{"time":0.9333}],"translate":[{},{"time":0.1333,"x":2.75,"y":1.38},{"time":0.4667,"x":2.75,"y":-5.51},{"time":0.6,"x":1.97,"y":14.96},{"time":0.9333}],"scale":[{"time":0.4667},{"time":0.6,"y":1.024},{"time":0.9333}]},"arm1":{"rotate":[{},{"time":0.1333,"angle":0.74},{"time":0.4667},{"time":0.6,"angle":-3.58},{"time":0.9333}],"scale":[{},{"time":0.1333,"x":1.013},{"time":0.4667,"x":1.047},{"time":0.6,"x":1.051},{"time":0.9333}]},"arm4":{"rotate":[{},{"time":0.1333,"angle":-1.45},{"time":0.4667},{"time":0.6,"angle":2.02},{"time":0.9333}],"translate":[{},{"time":0.1333,"x":10.46},{"time":0.4667,"x":-3.1,"y":3.06},{"time":0.6,"x":5.17},{"time":0.9333}]},"arm3":{"rotate":[{},{"time":0.1333,"angle":-4.03},{"time":0.4667},{"time":0.6,"angle":4.29},{"time":0.9333}],"scale":[{},{"time":0.1333,"x":1.013},{"time":0.4667,"x":1.046},{"time":0.6,"x":0.996,"y":0.955},{"time":0.9333}]},"ball":{"translate":[{"y":777.84},{"time":0.1333,"x":-6.79,"y":786},{"time":0.4667,"x":-1.05,"y":837.64},{"time":0.6,"x":6.14,"y":828.42},{"time":0.9333,"y":777.84}]},"body3":{"scale":[{},{"time":0.1333,"x":1.006},{"time":0.4667,"x":1.043},{"time":0.6,"x":0.992},{"time":0.9333}]},"arm2":{"rotate":[{},{"time":0.1333,"angle":2.31},{"time":0.4667},{"time":0.6,"angle":-1.28},{"time":0.9333}],"translate":[{},{"time":0.1333,"x":6.52},{"time":0.4667,"x":1.19,"y":-0.93},{"time":0.6,"x":10.99},{"time":0.9333}]}}},"idle2_eye":{"slots":{"body3":{"attachment":[{"name":"body30"}]},"eye1":{"attachment":[{"time":0.5333,"name":"eye2"},{"time":0.6,"name":"eye3"},{"time":0.6667,"name":"eye2"},{"time":0.7333,"name":"eye1"}]}},"bones":{"body1":{"translate":[{"y":773.24},{"time":0.1333,"y":773.87},{"time":0.4667,"y":809.44},{"time":0.6,"x":1.94,"y":759.51},{"time":0.9333,"y":773.24}],"scale":[{},{"time":0.1333,"x":1.016},{"time":0.4667,"x":1.022},{"time":0.6,"x":1.059},{"time":0.9333}]},"hair":{"translate":[{},{"time":0.1333,"x":7.11,"y":9.23},{"time":0.4667,"x":5.13,"y":1.05},{"time":0.6,"x":10.44,"y":0.75},{"time":0.9333}],"scale":[{},{"time":0.1333,"x":1.041},{"time":0.4667,"x":1.04},{"time":0.6,"x":1.086},{"time":0.9333}]},"mouth2":{"shear":[{"time":0.4667},{"time":0.6,"x":2.2},{"time":0.9333}]},"mouth1":{"rotate":[{},{"time":0.1333,"angle":-5.44},{"time":0.4667},{"time":0.6,"angle":4.14},{"time":0.9333}],"translate":[{},{"time":0.1333,"x":2.75,"y":1.38},{"time":0.4667,"x":2.75,"y":-5.51},{"time":0.6,"x":1.97,"y":14.96},{"time":0.9333}],"scale":[{"time":0.4667},{"time":0.6,"y":1.024},{"time":0.9333}]},"arm1":{"rotate":[{},{"time":0.1333,"angle":0.74},{"time":0.4667},{"time":0.6,"angle":-3.58},{"time":0.9333}],"scale":[{},{"time":0.1333,"x":1.013},{"time":0.4667,"x":1.047},{"time":0.6,"x":1.051},{"time":0.9333}]},"arm4":{"rotate":[{},{"time":0.1333,"angle":-1.45},{"time":0.4667},{"time":0.6,"angle":2.02},{"time":0.9333}],"translate":[{},{"time":0.1333,"x":10.46},{"time":0.4667,"x":-3.1,"y":3.06},{"time":0.6,"x":5.17},{"time":0.9333}]},"arm3":{"rotate":[{},{"time":0.1333,"angle":-4.03},{"time":0.4667},{"time":0.6,"angle":4.29},{"time":0.9333}],"scale":[{},{"time":0.1333,"x":1.013},{"time":0.4667,"x":1.046},{"time":0.6,"x":0.996,"y":0.955},{"time":0.9333}]},"ball":{"translate":[{"y":777.84},{"time":0.1333,"x":-6.79,"y":786},{"time":0.4667,"x":-1.05,"y":837.64},{"time":0.6,"x":6.14,"y":828.42},{"time":0.9333,"y":777.84}]},"body3":{"scale":[{},{"time":0.1333,"x":1.006},{"time":0.4667,"x":1.043},{"time":0.6,"x":0.992},{"time":0.9333}]},"arm2":{"rotate":[{},{"time":0.1333,"angle":2.31},{"time":0.4667},{"time":0.6,"angle":-1.28},{"time":0.9333}],"translate":[{},{"time":0.1333,"x":6.52},{"time":0.4667,"x":1.19,"y":-0.93},{"time":0.6,"x":10.99},{"time":0.9333}]}}},"lower":{"slots":{"body3":{"attachment":[{"name":"body30"},{"time":0.5333,"name":null}]}},"bones":{"body2":{"translate":[{"time":0.2667},{"time":0.5333,"x":9.18},{"time":0.8}],"scale":[{"time":0.2667},{"time":0.5333,"y":1.022},{"time":0.8}]},"body1":{"translate":[{"y":773.24,"curve":"stepped"},{"time":0.1333,"y":773.24},{"time":0.2667,"y":242.02},{"time":0.5333,"x":9.18},{"time":0.8}],"scale":[{},{"time":0.1333,"x":1.034},{"time":0.2667,"x":1.019},{"time":0.5333,"x":0.911,"y":1.022},{"time":0.8}]},"hair":{"translate":[{},{"time":0.1333,"x":7.61},{"time":0.2667,"x":6.33},{"time":0.5333,"x":16.13},{"time":0.8}],"scale":[{},{"time":0.1333,"x":1.052},{"time":0.2667,"x":1.02,"y":0.996},{"time":0.5333,"x":1.064},{"time":0.8}]},"mouth1":{"translate":[{},{"time":0.1333,"y":9.51},{"time":0.2667},{"time":0.5333,"x":-0.99,"y":7.93},{"time":0.6667,"x":0.5,"y":-9.92},{"time":0.8}],"scale":[{"time":0.2667},{"time":0.5333,"y":0.954},{"time":0.8}]},"arm1":{"scale":[{},{"time":0.1333,"x":1.042,"y":1.006},{"time":0.2667},{"time":0.5333,"x":0.967,"y":0.967},{"time":0.8}]},"arm4":{"translate":[{"time":0.2667},{"time":0.5333,"x":3.92,"y":-3.5},{"time":0.8}],"scale":[{},{"time":0.1333,"y":1.006},{"time":0.2667},{"time":0.5333,"x":0.946,"y":0.946},{"time":0.8}]},"arm3":{"scale":[{},{"time":0.1333,"x":1.042,"y":1.006},{"time":0.2667},{"time":0.5333,"x":0.946,"y":0.946},{"time":0.8}]},"ball":{"translate":[{"y":777.84},{"time":0.1333,"y":798.82},{"time":0.2667,"y":253.04},{"time":0.5333,"x":10.49,"y":-28.33},{"time":0.8}]},"body3":{"scale":[{},{"time":0.1333,"x":0.984},{"time":0.2667,"x":0.545},{"time":0.5333,"x":0.338}]},"arm2":{"translate":[{"time":0.2667},{"time":0.5333,"x":3.92,"y":15.73},{"time":0.8}],"scale":[{},{"time":0.1333,"y":1.006},{"time":0.2667},{"time":0.5333,"x":0.967,"y":0.967},{"time":0.8}]}}},"rise":{"slots":{"body3":{"attachment":[{"time":0.1333,"name":"body30"}]}},"bones":{"body2":{"translate":[{},{"time":0.2,"x":9.43},{"time":0.4667}],"scale":[{},{"time":0.2,"y":1.04},{"time":0.4667}]},"body1":{"translate":[{},{"time":0.2,"x":9.43},{"time":0.4667,"x":1.89,"y":259.12},{"time":0.5333,"y":418.43},{"time":0.6667,"y":765.42},{"time":0.8,"y":833.65},{"time":0.9333,"y":773.24}],"scale":[{},{"time":0.2,"x":0.903,"y":1.04},{"time":0.5333}]},"hair":{"rotate":[{},{"time":0.0667,"angle":-0.03},{"time":0.2,"angle":-0.08},{"time":0.4667,"curve":"stepped"},{"time":0.5333},{"time":0.6667,"angle":0.97},{"time":0.8,"angle":1.93},{"time":0.9333}],"translate":[{},{"time":0.0667,"x":13.69,"y":1.3},{"time":0.2,"x":23.64,"y":3.91},{"time":0.4667,"x":8.15,"y":2.48},{"time":0.5333,"x":20.7,"y":2.48},{"time":0.6667,"x":11.51,"y":-1.44},{"time":0.8,"x":23.02,"y":-2.88},{"time":0.9333}],"scale":[{},{"time":0.0667,"x":1.067,"y":0.991},{"time":0.2,"x":1.027},{"time":0.4667,"x":1.094,"y":0.951,"curve":"stepped"},{"time":0.5333,"x":1.094,"y":0.951},{"time":0.6667,"x":1.103,"y":0.981},{"time":0.8,"x":1.206,"y":0.961},{"time":0.9333}]},"mouth2":{"scale":[{},{"time":0.0667,"x":0.996},{"time":0.2,"x":0.989},{"time":0.4667}],"shear":[{},{"time":0.0667,"x":2.77},{"time":0.2}]},"mouth1":{"translate":[{},{"time":0.0667,"x":2.47,"y":24.84},{"time":0.2,"x":2.16,"y":14.63},{"time":0.4667,"x":-0.89,"y":-10.72},{"time":0.5333,"x":-1.16,"y":15.97},{"time":0.6667,"x":-0.58,"y":7.99},{"time":0.8}],"scale":[{},{"time":0.0667,"x":0.912,"y":0.948},{"time":0.2,"y":0.919},{"time":0.4667}]},"arm1":{"rotate":[{"time":0.0667},{"time":0.2,"angle":-0.99},{"time":0.4667,"curve":"stepped"},{"time":0.5333},{"time":0.6667,"angle":5.07},{"time":0.8,"angle":2.18},{"time":0.9333}],"translate":[{"time":0.5333},{"time":0.6667,"x":-1.48,"y":-0.2},{"time":0.8,"x":-2.96,"y":-0.41},{"time":0.9333}],"scale":[{"time":0.0667},{"time":0.2,"x":1.032},{"time":0.4667,"curve":"stepped"},{"time":0.5333},{"time":0.6667,"x":0.96},{"time":0.8,"x":1.076},{"time":0.9333}]},"arm4":{"rotate":[{"time":0.0667},{"time":0.2,"angle":-1.94},{"time":0.4667,"curve":"stepped"},{"time":0.5333},{"time":0.6667,"angle":2.33},{"time":0.8,"angle":4.66},{"time":0.9333}],"translate":[{},{"time":0.0667,"x":11.71},{"time":0.2,"x":2.33,"y":2.87},{"time":0.4667,"x":-12.84},{"time":0.5333},{"time":0.6667,"x":1.48},{"time":0.8,"x":-43.26},{"time":0.9333}],"scale":[{"time":0.0667},{"time":0.2,"y":0.896},{"time":0.4667}]},"arm3":{"rotate":[{"time":0.0667},{"time":0.2,"angle":4.34},{"time":0.4667,"curve":"stepped"},{"time":0.5333},{"time":0.6667,"angle":-6.11},{"time":0.8,"angle":-8.27},{"time":0.9333}],"scale":[{"time":0.0667},{"time":0.2,"x":0.928,"y":0.928},{"time":0.4667,"curve":"stepped"},{"time":0.5333},{"time":0.6667,"x":0.967},{"time":0.8,"x":1.092},{"time":0.9333}]},"ball":{"translate":[{},{"time":0.0667,"x":2.24,"y":13.2},{"time":0.2,"x":6.72,"y":-29.75},{"time":0.4667,"x":1.01,"y":260.73},{"time":0.5333,"x":-4.92,"y":434.56},{"time":0.6667,"x":-1.87,"y":773.63},{"time":0.8,"x":15.34,"y":872.78},{"time":0.9333,"y":777.84}]},"body3":{"translate":[{"time":0.5333},{"time":0.8,"y":20.57},{"time":0.9333}],"scale":[{"x":0.338},{"time":0.1333,"x":0.229},{"time":0.2667,"x":0.338},{"time":0.5333,"x":0.563},{"time":0.6667,"x":0.991},{"time":0.8,"x":1.046},{"time":0.9333}]},"arm2":{"rotate":[{"time":0.0667},{"time":0.2,"angle":1.62},{"time":0.4667,"curve":"stepped"},{"time":0.5333},{"time":0.6667,"angle":-2.32},{"time":0.8,"angle":-4.63},{"time":0.9333}],"translate":[{},{"time":0.0667,"x":11.71},{"time":0.2,"x":-0.78,"y":4.3},{"time":0.4667,"x":-12.84},{"time":0.5333},{"time":0.6667,"x":3.72,"y":-0.75},{"time":0.8,"x":-38.79,"y":-1.49},{"time":0.9333}],"scale":[{"time":0.0667},{"time":0.2,"y":0.896},{"time":0.4667}]}}}}},[0]]],0,0,[0],[-1],[6]]]]