[1,["ecpdLyjvZBwrvm+cedCcQy","7bP6/V9hdKZLCHQAccqxuW","653UM4pRJLgq5xikjSnkut"],["node","_spriteFrame","root","data","_textureSetter"],[["cc.Node",["_name","_groupIndex","_components","_prefab","_contentSize","_children","_parent"],1,9,4,5,2,1],["cc.PrefabInfo",["fileId","root"],2,1],"cc.SpriteFrame",["cc.Prefab",["_name"],2],["cc.Sprite",["node","_materials","_spriteFrame"],3,1,3,6],["cc.CircleCollider",["_radius","node","_offset"],2,1,5],["f1903F9oBVLJZ7I6d3YLTfi",["node"],3,1]],[[4,0,1,2,1],[3,0,2],[0,0,1,5,2,3,4,3],[0,0,1,6,2,3,4,3],[5,0,1,2,2],[6,0,1],[1,1,1],[1,0,1,2]],[[[[1,"jianguo"],[2,"jianguo",4,[-5],[[0,-2,[2],3],[4,30,-3,[0,4,-26]],[5,-4]],[6,-1],[5,90,112]],[3,"New Node",4,1,[[0,-6,[0],1]],[7,"f1KTOsqPZBwK90vzur/xww",1],[5,90,112]]],0,[0,2,1,0,0,1,0,0,1,0,0,1,0,-1,2,0,0,2,0,3,1,6],[0,0,0,0],[-1,1,-1,1],[0,1,0,1]],[[{"name":"jianguo","rect":[0,0,90,112],"offset":[0,0],"originalSize":[90,112],"capInsets":[0,0,0,0]}],[2],0,[0],[4],[2]]]]