[1,["e3Na6WdjJK9LpgWa8SaKIQ","eb0njAAs1F1ZXHt+JPCxae","7dMdKDHcZGuJUvximyBlID","3buTGUPa9PjrPLPSfOYImr"],["root","shootNode","body","animation","node","data","bulletPrefab","_N$skeletonData"],[["cc.Node",["_name","_prefab","_trs","_children","_components","_parent"],2,4,7,2,12,1],["cc.Node",["_name","_groupIndex","_parent","_components","_prefab","_contentSize"],1,1,2,4,5],["cc.PrefabInfo",["fileId","root","asset"],2,1,1],["cc.Prefab",["_name"],2],["9c84c/GRQpOC6M8xFkB02aA",["node","animation","body","shadowOffset","shootNode","bulletPrefab"],3,1,1,1,5,1,6],["cc.BoxCollider",["node","_offset","_size"],3,1,5,5],["96c396uvMtPhLUJFoRD9JmK",["node","body"],3,1,1],["sp.Skeleton",["defaultSkin","defaultAnimation","_preCacheMode","_animationName","node","_materials"],-1,1,3],["261d4+Q1HdGA5w3tjdBw83c",["activeFlash","node","spineAnimation"],2,1,1],["sp.SkeletonData",["_name","_atlasText","textureNames","_skeletonJson","textures"],-1,3]],[[2,0,1,2,2],[3,0,2],[0,0,3,4,1,2,2],[0,0,5,1,2,2],[1,0,1,2,3,4,3],[1,0,2,3,4,5,2],[4,0,1,2,3,4,5,1],[2,1,2,1],[5,0,1,2,1],[6,0,1,1],[7,0,1,2,3,4,5,5],[8,0,1,2,2],[9,0,1,2,3,4,5]],[[[[1,"ThreePeater"],[2,"ThreePeater",[-7,-8,-9],[[-2,[6,-6,-5,-4,[0,-6,0],-3,1]],1,4],[7,-1,0],[-494,-293,0,0,0,0,1,1,1,1]],[4,"bodyC",5,1,[-10,-11],[0,"72BtvmM49I0oFC6eXyMGxU",1,0]],[3,"shoot",1,[0,"57Oq5WT45IxZVRwqBFMiSt",1,0],[10,52,0,0,0,0,1,1,1,1]],[8,2,[0,0,30],[5,80,100]],[9,2,4],[5,"19_plant",1,[-12],[0,"bbz//izTlONIbq8/Qwv074",1,0],[5,88.79,99.1]],[10,"default","idle",0,"idle",6,[0]],[11,true,1,7]],0,[0,0,1,0,-1,8,0,1,3,0,2,5,0,3,8,0,4,1,0,-1,3,0,-2,2,0,-3,6,0,-1,4,0,-2,5,0,-1,7,0,5,1,12],[0,0,7],[-1,6,7],[0,1,2]],[[[12,"19_plant","\n19_plant.png\nsize: 256,128\nformat: RGBA8888\nfilter: Linear,Linear\nrepeat: none\n1body\n  rotate: false\n  xy: 49, 60\n  size: 41, 66\n  orig: 41, 66\n  offset: 0, 0\n  index: -1\n1eye1\n  rotate: true\n  xy: 148, 46\n  size: 13, 9\n  orig: 13, 9\n  offset: 0, 0\n  index: -1\n1eye2\n  rotate: true\n  xy: 159, 47\n  size: 13, 6\n  orig: 13, 6\n  offset: 0, 0\n  index: -1\n1eye3\n  rotate: false\n  xy: 2, 3\n  size: 13, 3\n  orig: 13, 4\n  offset: 0, 1\n  index: -1\n1head\n  rotate: true\n  xy: 170, 49\n  size: 37, 33\n  orig: 37, 33\n  offset: 0, 0\n  index: -1\n1leaf1\n  rotate: true\n  xy: 102, 39\n  size: 19, 14\n  orig: 19, 14\n  offset: 0, 0\n  index: -1\n1leaf2\n  rotate: true\n  xy: 112, 61\n  size: 12, 18\n  orig: 12, 18\n  offset: 0, 0\n  index: -1\n1mouth\n  rotate: true\n  xy: 2, 8\n  size: 24, 51\n  orig: 24, 51\n  offset: 0, 0\n  index: -1\n2body\n  rotate: true\n  xy: 92, 75\n  size: 51, 45\n  orig: 51, 45\n  offset: 0, 0\n  index: -1\n2eye1\n  rotate: false\n  xy: 139, 77\n  size: 13, 9\n  orig: 13, 9\n  offset: 0, 0\n  index: -1\n2eye2\n  rotate: true\n  xy: 162, 63\n  size: 13, 6\n  orig: 13, 6\n  offset: 0, 0\n  index: -1\n2eye3\n  rotate: false\n  xy: 17, 3\n  size: 13, 3\n  orig: 13, 4\n  offset: 0, 1\n  index: -1\n2head\n  rotate: true\n  xy: 197, 10\n  size: 37, 33\n  orig: 37, 33\n  offset: 0, 0\n  index: -1\n2leaf1\n  rotate: true\n  xy: 118, 40\n  size: 19, 14\n  orig: 19, 14\n  offset: 0, 0\n  index: -1\n2mouth\n  rotate: true\n  xy: 49, 34\n  size: 24, 51\n  orig: 24, 51\n  offset: 0, 0\n  index: -1\n3body\n  rotate: false\n  xy: 2, 34\n  size: 45, 92\n  orig: 45, 92\n  offset: 0, 0\n  index: -1\n3eye1\n  rotate: true\n  xy: 151, 62\n  size: 13, 9\n  orig: 13, 9\n  offset: 0, 0\n  index: -1\n3eye2\n  rotate: false\n  xy: 154, 78\n  size: 13, 8\n  orig: 13, 8\n  offset: 0, 0\n  index: -1\n3eye3\n  rotate: false\n  xy: 55, 2\n  size: 13, 5\n  orig: 13, 6\n  offset: 0, 1\n  index: -1\n3head\n  rotate: true\n  xy: 139, 88\n  size: 38, 33\n  orig: 38, 33\n  offset: 0, 0\n  index: -1\n3leaf1\n  rotate: false\n  xy: 92, 60\n  size: 18, 13\n  orig: 18, 14\n  offset: 0, 1\n  index: -1\n3leaf2\n  rotate: true\n  xy: 132, 61\n  size: 12, 17\n  orig: 12, 18\n  offset: 0, 1\n  index: -1\n3leaf3\n  rotate: false\n  xy: 134, 43\n  size: 12, 16\n  orig: 12, 17\n  offset: 0, 0\n  index: -1\n3mouth\n  rotate: true\n  xy: 55, 9\n  size: 23, 48\n  orig: 23, 49\n  offset: 0, 1\n  index: -1\nleaf1\n  rotate: false\n  xy: 105, 4\n  size: 51, 33\n  orig: 51, 33\n  offset: 0, 0\n  index: -1\nleaf2\n  rotate: true\n  xy: 158, 3\n  size: 41, 37\n  orig: 41, 38\n  offset: 0, 0\n  index: -1\nleaf3\n  rotate: true\n  xy: 174, 91\n  size: 35, 27\n  orig: 36, 27\n  offset: 0, 0\n  index: -1\nleaf4\n  rotate: true\n  xy: 203, 97\n  size: 29, 25\n  orig: 29, 25\n  offset: 0, 0\n  index: -1\n",["19_plant.png"],{"skeleton":{"hash":"ZMzyhYAG94MAAPYga89/L5yqU5g","spine":"3.8.99","x":-46.04,"y":-11.55,"width":88.79,"height":99.1},"bones":[{"name":"root"},{"name":"plant","parent":"root","scaleX":0.103,"scaleY":0.103},{"name":"leaf1","parent":"plant","length":205.01,"rotation":174.74,"x":-15.93,"y":-3.92},{"name":"leaf2","parent":"leaf1","length":135.85,"rotation":58,"x":204.97,"y":0.42},{"name":"leaf3","parent":"plant","length":208.99,"rotation":31.02,"x":27.7,"y":-16.86},{"name":"leaf4","parent":"leaf3","length":118.27,"rotation":-113.72,"x":208.99},{"name":"leaf5","parent":"plant","length":162.85,"rotation":138.04,"x":-45.82,"y":29.01},{"name":"leaf6","parent":"leaf5","length":82.25,"rotation":68.14,"x":162.85},{"name":"leaf7","parent":"plant","length":141.6,"rotation":46.05,"x":-24.23,"y":45.97},{"name":"leaf8","parent":"leaf7","length":66.8,"rotation":-64.93,"x":141.02,"y":0.01},{"name":"3body","parent":"plant","length":602.26,"rotation":114.06,"x":-45.29,"y":31.3},{"name":"1body","parent":"plant","length":409.19,"rotation":102.69,"x":-36.07,"y":16.44},{"name":"2body","parent":"plant","length":237.12,"rotation":90,"x":-55.08,"y":25.95},{"name":"2head","parent":"2body","length":132.21,"rotation":90,"x":175.8,"y":-154.42,"scaleX":0.103,"scaleY":0.103,"transform":"onlyTranslation"},{"name":"2mouth","parent":"2head","length":148.68,"rotation":-90,"x":72.85,"y":-174.98,"scaleX":0.103,"scaleY":0.103,"transform":"noScale"},{"name":"2eye2","parent":"2head","rotation":-2.82,"x":121.06,"y":-128.86},{"name":"2leaf1","parent":"2head","length":96.17,"rotation":74.71,"x":103.71,"y":12.98},{"name":"1head","parent":"1body","length":176.5,"rotation":90,"x":406.24,"y":-4.28,"scaleX":0.103,"scaleY":0.103,"transform":"onlyTranslation"},{"name":"1leaf1","parent":"1head","length":94.26,"rotation":74.59,"x":100.2,"y":28.8},{"name":"1leaf2","parent":"1head","length":99.54,"rotation":147.43,"x":108.94,"y":37.54},{"name":"1eye1","parent":"1head","x":127.68,"y":-126.94},{"name":"1mouth","parent":"1head","length":157.56,"rotation":-90,"x":79.33,"y":-178.3,"scaleX":0.103,"scaleY":0.103,"transform":"noScale"},{"name":"3head","parent":"3body","length":176.55,"rotation":90,"x":600.54,"y":-1.36,"scaleX":0.103,"scaleY":0.103,"transform":"onlyTranslation"},{"name":"3leaf1","parent":"3head","length":107.73,"rotation":69.21,"x":97.31,"y":52.63},{"name":"3leaf2","parent":"3head","length":98.72,"rotation":145.94,"x":100.72,"y":78},{"name":"3leaf3","parent":"3head","length":88.9,"rotation":159.56,"x":67.78,"y":47.71},{"name":"3eye1","parent":"3head","rotation":1.97,"x":135.93,"y":-94.66},{"name":"3mouth","parent":"3head","length":166.61,"rotation":-90,"x":102.75,"y":-145.24,"scaleX":0.103,"scaleY":0.103,"transform":"noScale"}],"slots":[{"name":"leaf4","bone":"leaf7","attachment":"leaf4"},{"name":"leaf3","bone":"leaf5","attachment":"leaf3"},{"name":"3body","bone":"3body","attachment":"3body"},{"name":"3leaf3","bone":"3leaf3","attachment":"3leaf3"},{"name":"3leaf2","bone":"3leaf2","attachment":"3leaf2"},{"name":"3leaf1","bone":"3leaf1","attachment":"3leaf1"},{"name":"3head","bone":"3head","attachment":"3head"},{"name":"3mouth","bone":"3mouth","attachment":"3mouth"},{"name":"3eye1","bone":"3eye1","attachment":"3eye1"},{"name":"2body","bone":"2body","attachment":"2body"},{"name":"2leaf1","bone":"2leaf1","attachment":"2leaf1"},{"name":"2head","bone":"2head","attachment":"2head"},{"name":"2mouth","bone":"2mouth","attachment":"2mouth"},{"name":"2eye1","bone":"2eye2","attachment":"2eye1"},{"name":"1body","bone":"1body","attachment":"1body"},{"name":"1leaf2","bone":"1leaf2","attachment":"1leaf2"},{"name":"1leaf1","bone":"1leaf1","attachment":"1leaf1"},{"name":"1head","bone":"1head","attachment":"1head"},{"name":"1mouth","bone":"1mouth","attachment":"1mouth"},{"name":"1eye1","bone":"1eye1","attachment":"1eye1"},{"name":"leaf2","bone":"leaf3","attachment":"leaf2"},{"name":"leaf1","bone":"leaf1","attachment":"leaf1"}],"skins":[{"name":"default","attachments":{"1body":{"1body":{"x":217.44,"y":50.41,"rotation":-102.69,"width":274,"height":443}},"1eye1":{"1eye1":{"x":-4.38,"y":4.33,"rotation":-90,"width":85,"height":58},"1eye2":{"x":-2.38,"y":4.33,"rotation":-90,"width":85,"height":40},"1eye3":{"x":-7.38,"y":4.33,"rotation":-90,"width":85,"height":28}},"1head":{"1head":{"x":78.8,"y":-72.61,"rotation":-90,"width":249,"height":221}},"1leaf1":{"1leaf1":{"x":33.9,"y":-7.87,"rotation":-164.59,"width":125,"height":95}},"1leaf2":{"1leaf2":{"x":57.47,"y":7.82,"rotation":122.57,"width":82,"height":122}},"1mouth":{"1mouth":{"x":54.8,"y":-10.03,"width":162,"height":342}},"2body":{"2body":{"x":127.55,"y":-14.58,"rotation":-90,"width":339,"height":297}},"2eye1":{"2eye1":{"x":-2.56,"y":5.07,"rotation":-87.18,"width":86,"height":59},"2eye2":{"x":-1.06,"y":5.15,"rotation":-87.18,"width":86,"height":40},"2eye3":{"x":-5.55,"y":4.93,"rotation":-87.18,"width":86,"height":29}},"2head":{"2head":{"x":74.9,"y":-74.16,"rotation":-90,"width":249,"height":222}},"2leaf1":{"2leaf1":{"x":39.17,"y":0.3,"rotation":-164.71,"width":125,"height":95}},"2mouth":{"2mouth":{"x":59.68,"y":-8.1,"width":162,"height":343}},"3body":{"3body":{"x":314.56,"y":-1.15,"rotation":-114.06,"width":301,"height":610}},"3eye1":{"3eye1":{"x":-4.44,"y":5.9,"rotation":-91.97,"width":86,"height":63},"3eye2":{"x":-1.94,"y":5.82,"rotation":-91.97,"width":86,"height":50},"3eye3":{"x":-4.46,"y":5.4,"rotation":-91.97,"width":85,"height":41}},"3head":{"3head":{"x":74.79,"y":-50.41,"rotation":-90,"width":251,"height":222}},"3leaf1":{"3leaf1":{"x":47.52,"y":1.49,"rotation":-159.21,"width":121,"height":92}},"3leaf2":{"3leaf2":{"x":49.86,"y":8.25,"rotation":124.06,"width":80,"height":118}},"3leaf3":{"3leaf3":{"x":44.71,"y":0.26,"rotation":110.44,"width":80,"height":114}},"3mouth":{"3mouth":{"x":64.67,"y":3.04,"width":152,"height":328}},"leaf1":{"leaf1":{"type":"mesh","hull":32,"uvs":[0.67077,0.08305,0.79076,0.16853,0.89199,0.2468,0.96263,0.36589,0.99263,0.50233,0.98385,0.61231,0.94604,0.74417,0.87154,0.88478,0.78226,0.91764,0.69264,0.93382,0.55106,0.88723,0.37162,0.76891,0.28673,0.73089,0.26992,0.73075,0.18687,0.78401,0.17721,0.87258,0.24907,0.96837,0.23835,0.9771,0.1602,0.97786,0.10868,0.9574,0.06396,0.90531,0.0369,0.84596,0.01161,0.73215,0.01168,0.59945,0.03013,0.47389,0.08342,0.33296,0.10464,0.29893,0.0844,0.23344,0.15971,0.142,0.2224,0.09552,0.36824,0.02225,0.52577,0.02285,0.32967,0.34963,0.21224,0.48413,0.11361,0.66225,0.60443,0.39325],"triangles":[18,15,17,18,19,15,17,15,16,19,20,15,8,9,35,6,7,8,15,20,14,10,35,9,10,11,35,6,8,35,2,35,1,6,35,5,14,20,21,21,34,14,21,22,34,14,34,13,12,32,11,11,32,35,3,35,2,35,3,5,22,23,34,32,31,35,32,30,31,32,12,33,34,33,13,12,13,33,23,24,34,34,24,33,5,3,4,24,25,33,25,26,33,33,26,32,32,28,29,28,32,26,35,0,1,35,31,0,32,29,30,26,27,28],"vertices":[1,2,92.36,-79.6,1,1,2,50.14,-64.69,1,1,2,14.4,-50.76,1,1,2,-11.84,-26.99,1,1,2,-24.7,1.84,1,1,2,-23.95,26.09,1,1,2,-13.83,56.02,1,1,2,8.5,89,1,2,2,37.98,98.94,0.99906,3,-4.93,193.83,0.00094,2,2,67.91,105.26,0.99097,3,16.28,171.79,0.00903,2,2,116.63,99.49,0.9301,3,37.21,127.42,0.0699,2,2,179.58,79.26,0.52911,3,53.42,63.31,0.47089,2,2,209,73.61,0.16288,3,64.21,35.37,0.83712,2,2,214.68,74.1,0.09918,3,67.63,30.81,0.90082,2,2,241.65,88.3,0.00101,3,93.96,15.46,0.99899,1,3,111.38,24.6,1,1,3,113.33,56.69,1,1,3,117.05,54.95,1,1,3,133.23,33.97,1,1,3,140.23,17.35,1,1,3,140.33,-1.62,1,1,3,135.54,-16.79,1,1,3,120.89,-38.7,1,1,3,97.75,-56.27,1,1,3,72.07,-67.94,1,2,2,285.62,-6.85,0.00411,3,36.57,-72.25,0.99589,2,2,279.14,-14.94,0.02,3,26.29,-71.04,0.98,2,2,287.29,-28.59,0.04146,3,19.02,-85.18,0.95854,2,2,263.7,-50.87,0.17208,3,-12.37,-76.98,0.82792,2,2,243.47,-62.95,0.38275,3,-33.34,-66.23,0.61725,2,2,195.71,-83.46,0.87911,3,-76.04,-36.59,0.12089,2,2,142.52,-88.22,0.99949,3,-108.27,5.99,0.00051,2,2,202.16,-10.87,0.81016,3,-11.06,-3.6,0.18984,1,3,36.48,-17.45,1,1,3,87.78,-20.45,1,1,2,108.53,-9.89,1]}},"leaf2":{"leaf2":{"type":"mesh","hull":30,"uvs":[0.75639,0.06388,0.8624,0.14611,0.95543,0.30729,0.99025,0.47499,0.97584,0.62701,0.93186,0.73437,0.84218,0.8284,0.76222,0.82948,0.69439,0.82781,0.7497,0.7611,0.77594,0.70673,0.76646,0.64292,0.74168,0.60208,0.69291,0.61426,0.64053,0.62733,0.57628,0.72253,0.52926,0.79218,0.45353,0.90437,0.31391,0.99238,0.1838,0.97581,0.10303,0.91827,0.05121,0.84435,0.00975,0.72979,0.02069,0.54389,0.06646,0.37752,0.19165,0.19026,0.29209,0.11019,0.38975,0.05771,0.50447,0.02343,0.6398,0.02381,0.78768,0.30617,0.85917,0.50615,0.50468,0.37566,0.84078,0.66963,0.3098,0.59846],"triangles":[17,18,34,34,18,19,34,19,20,20,21,34,17,34,16,21,22,34,8,9,7,7,9,6,9,10,6,10,33,6,6,33,5,16,34,15,5,33,4,22,23,34,15,34,14,10,11,33,4,33,31,33,11,31,11,12,31,13,14,32,4,31,3,14,34,32,12,13,30,12,30,31,30,13,32,30,29,0,30,32,29,23,24,34,24,25,34,34,25,32,32,25,26,31,2,3,31,30,2,26,27,32,27,28,32,32,28,29,30,1,2,30,0,1],"vertices":[2,4,227.65,63.6,0.97913,5,-65.73,-8.5,0.02087,2,4,241.99,30.89,0.74194,5,-41.55,17.79,0.25806,2,4,243.07,-16.97,0.01645,5,1.83,38.02,0.98355,1,5,44.79,42.17,1,1,5,82.14,33.39,1,1,5,107.33,17.97,1,1,5,127.61,-9.49,1,1,5,125.08,-31.34,1,1,5,122.29,-49.78,1,1,5,107.62,-32.57,1,2,4,149.09,-77.45,0.00724,5,95,-23.68,0.99276,2,4,155.12,-62.38,0.08996,5,78.78,-24.23,0.91004,2,4,154.56,-50.08,0.33025,5,67.75,-29.68,0.66975,2,4,141.49,-45.79,0.66381,5,69.08,-43.37,0.33619,2,4,127.46,-41.18,0.87701,5,70.5,-58.08,0.12299,2,4,100,-52.55,0.99173,5,91.96,-78.64,0.00827,2,4,79.91,-60.87,0.99985,5,107.65,-93.69,0.00015,1,4,47.55,-74.26,1,1,4,3.26,-73.41,1,1,4,-25.26,-51.4,1,1,4,-36.85,-27.58,1,1,4,-39.5,-4.33,1,1,4,-34.45,26.18,1,1,4,-7.83,64.62,1,1,4,24.48,93.92,1,1,4,78.21,116.45,1,1,4,112.24,119.44,1,1,4,142.04,116.89,1,1,4,173.51,108,1,1,4,205.35,88.74,1,1,4,203.68,7.05,1,1,5,47.97,5.42,1,1,4,128,32.21,1,2,4,169.17,-78.66,0.00296,5,88.03,-4.81,0.99704,1,4,53.25,11.91,1]}},"leaf3":{"leaf3":{"type":"mesh","hull":26,"uvs":[0.57179,0.06585,0.71105,0.14631,0.84379,0.25779,0.94188,0.40588,0.97909,0.54689,0.97908,0.73719,0.95313,0.80292,0.91125,0.85766,0.80208,0.95191,0.68385,0.97847,0.59442,0.96711,0.49507,0.93506,0.35001,0.84069,0.24437,0.70313,0.19537,0.57525,0.1676,0.49868,0.1403,0.42339,0.10389,0.45534,0.09571,0.55702,0.03257,0.47886,0.01598,0.37965,0.01691,0.27797,0.04944,0.16974,0.12945,0.0823,0.23378,0.02727,0.44192,0.02707,0.14338,0.30497,0.22285,0.25483,0.34575,0.22815,0.55978,0.45251,0.71708,0.62322],"triangles":[8,9,30,30,9,10,7,8,30,30,10,11,30,11,29,7,30,6,11,12,29,12,13,29,6,30,5,5,30,4,29,13,14,29,14,28,27,28,15,30,3,4,30,2,3,30,29,2,28,14,15,18,19,17,15,16,27,27,16,26,19,20,17,17,20,16,29,28,0,29,1,2,29,0,1,0,28,25,16,20,26,20,21,26,21,22,26,27,26,23,26,22,23,27,24,28,27,23,24,28,24,25],"vertices":[2,6,145.48,-56.13,0.99694,7,-58.56,-4.78,0.00306,1,6,111.15,-67.31,1,1,6,74.19,-73.25,1,1,6,38.88,-68.75,1,1,6,15.17,-55.56,1,1,6,-7.99,-29.8,1,1,6,-11.41,-16.79,1,1,6,-10.69,-2.75,1,2,6,-2.92,27.31,0.99998,7,-36.38,164.01,0.00002,2,6,14.69,49.64,0.99539,7,-9.1,155.99,0.00461,2,6,31.83,62.27,0.9807,7,9.01,144.78,0.0193,2,6,53.24,73.67,0.9418,7,27.56,129.16,0.0582,2,6,90.29,83.88,0.80534,7,50.84,98.57,0.19466,2,6,125.65,82,0.57591,7,62.25,65.06,0.42409,2,6,149.85,72.46,0.32847,7,62.41,39.05,0.67153,2,6,164.06,66.5,0.15833,7,62.16,23.64,0.84167,2,6,178.03,60.63,0.0215,7,61.92,8.49,0.9785,2,6,180.56,70.72,0.00051,7,72.23,9.9,0.99949,1,7,82.14,25.65,1,1,7,89.29,6.28,1,1,7,84.85,-11.66,1,1,7,76.49,-28.17,1,1,7,60.88,-42.44,1,1,7,36.84,-48.35,1,2,6,209.75,-7.79,0.01597,7,10.23,-46.43,0.98403,2,6,173.09,-40.8,0.79608,7,-34.05,-24.7,0.20392,1,7,51.76,-10.53,1,1,7,30.83,-10.41,1,1,7,2.55,-1.91,1,1,6,100.55,-1.89,1,1,6,52.06,-3.71,1]}},"leaf4":{"leaf4":{"type":"mesh","hull":26,"uvs":[0.75628,0.08437,0.83404,0.14502,0.92927,0.25724,0.97429,0.36693,0.97435,0.47718,0.95891,0.49105,0.94384,0.48249,0.86596,0.39041,0.8184,0.40762,0.76938,0.42536,0.72812,0.52223,0.67541,0.64596,0.61487,0.74905,0.50942,0.87309,0.41383,0.94291,0.33119,0.97568,0.20154,0.97574,0.13516,0.94656,0.04692,0.8424,0.02018,0.67923,0.02056,0.53393,0.04066,0.40131,0.11047,0.26992,0.23261,0.12735,0.37729,0.04203,0.57812,0.01392,0.84465,0.30874,0.74556,0.21875,0.53738,0.27558,0.32919,0.55737],"triangles":[15,16,29,14,15,29,17,29,16,13,14,29,29,17,18,13,29,12,18,19,29,12,29,11,19,20,29,10,11,28,20,21,29,21,22,29,22,23,29,11,29,28,28,23,24,28,29,23,10,28,9,5,6,4,4,6,3,6,7,3,28,27,9,8,9,26,8,26,7,26,9,27,3,7,2,7,26,2,27,1,26,26,1,2,28,25,27,28,24,25,27,0,1,27,25,0],"vertices":[2,8,175.51,1.2,0.76076,9,13.54,31.75,0.23924,2,8,178.82,-16.57,0.32181,9,31.03,27.22,0.67819,2,8,178.4,-42.64,0.01551,9,54.47,15.78,0.98449,1,9,68.55,1.59,1,1,9,74.42,-15.52,1,1,9,72.32,-18.64,1,1,9,69.1,-18.26,1,2,8,154.15,-48.95,0.00001,9,49.92,-8.86,0.99999,2,8,145.71,-44.27,0.01585,9,42.1,-14.51,0.98415,2,8,137.02,-39.44,0.12959,9,34.04,-20.34,0.87041,2,8,120.02,-44.71,0.50769,9,31.61,-37.97,0.49231,2,8,98.32,-51.43,0.80455,9,28.5,-60.48,0.19545,2,8,78,-54.71,0.92684,9,22.85,-80.27,0.07316,2,8,49.15,-54.1,0.98958,9,10.08,-106.14,0.01042,2,8,28.04,-48.69,0.99935,9,-3.76,-122.97,0.00065,1,8,13.04,-40.88,1,1,8,-4.42,-22.78,1,1,8,-9.91,-10.18,1,1,8,-9.5,13.99,1,1,8,6.17,36.3,1,1,8,23.38,52.79,1,1,8,41.74,65.07,1,1,8,66.65,70.28,1,1,8,99.93,69.45,1,1,8,129.49,58.95,1,1,8,159.85,34.1,1,2,8,160.92,-36.68,0.00447,9,41.67,2.48,0.99553,2,8,158.21,-12.6,0.31502,9,18.71,10.22,0.68498,1,8,123.46,10.01,1,1,8,62.16,7.01,1]}}}}],"events":{"attack":{}},"animations":{"attack":{"slots":{"1eye1":{"attachment":[{"time":0.4333,"name":"1eye2"},{"time":0.4667,"name":"1eye3"},{"time":0.5,"name":"1eye2"},{"time":0.5333,"name":"1eye1"}]},"2eye1":{"attachment":[{"time":0.3667,"name":"2eye2"},{"time":0.4,"name":"2eye3"},{"time":0.4333,"name":"2eye2"},{"time":0.4667,"name":"2eye1"}]},"3eye1":{"attachment":[{"time":0.4,"name":"3eye2"},{"time":0.4333,"name":"3eye3"},{"time":0.4667,"name":"3eye2"},{"time":0.5,"name":"3eye1"}]}},"bones":{"2head":{"rotate":[{},{"time":0.0667,"angle":0.93},{"time":0.1333,"angle":2.31},{"time":0.2667},{"time":0.4,"angle":-2.61},{"time":0.6667,"curve":"stepped"},{"time":0.7667},{"time":0.8667,"angle":0.67},{"time":1.1,"angle":3.37,"curve":"stepped"},{"time":1.2667,"angle":3.37},{"time":1.3333,"angle":2.53},{"time":1.5333}],"translate":[{},{"time":0.0667,"x":2.06,"y":3.45},{"time":0.1333,"x":5.15,"y":8.62},{"time":0.2667,"x":13.68,"y":19.35},{"time":0.4,"x":7.16,"y":7.11},{"time":0.6667},{"time":0.7667,"x":3.31,"y":2.85},{"time":0.8667,"x":4.71,"y":5.02},{"time":1.1,"x":10.32,"y":13.68,"curve":"stepped"},{"time":1.2667,"x":10.32,"y":13.68},{"time":1.3333,"x":7.74,"y":10.26},{"time":1.5333}],"scale":[{},{"time":0.0667,"x":1.015,"y":1.002},{"time":0.1333,"x":1.037,"y":1.004},{"time":0.2667,"x":1.152,"y":0.811},{"time":0.4,"x":0.931,"y":1.335},{"time":0.6667},{"time":0.7667,"x":0.926},{"time":0.8667,"x":0.95},{"time":1.1,"x":1.045},{"time":1.2667,"x":1.098},{"time":1.3333,"x":1.073},{"time":1.5333}],"shear":[{"time":0.1333},{"time":0.2667,"x":-6.71},{"time":0.4,"x":13.09},{"time":0.6667}]},"2mouth":{"rotate":[{},{"time":0.0667,"angle":0.29},{"time":0.1333,"angle":0.73},{"time":0.2667,"angle":-3.12},{"time":0.4,"curve":"stepped"},{"time":0.7667},{"time":0.8667,"angle":-2.23},{"time":1.1},{"time":1.2667,"angle":2.08},{"time":1.3333,"angle":1.56},{"time":1.5333}],"translate":[{},{"time":0.0667,"x":-13.43,"y":1.65},{"time":0.1333,"x":-8.39,"y":1.03},{"time":0.2667,"y":12.41},{"time":0.4,"x":-13.56,"y":3.34},{"time":0.6667,"curve":"stepped"},{"time":0.7667},{"time":0.8667,"x":-5.29,"y":0.06},{"time":1.1,"x":-6.83,"y":0.42},{"time":1.2667,"x":11.04,"y":-2.11},{"time":1.3333,"x":2.1,"y":6.17},{"time":1.5333}],"scale":[{},{"time":0.0667,"y":0.971},{"time":0.1333,"y":1.014},{"time":0.2667,"x":0.813,"y":1.129},{"time":0.4,"x":1.015,"y":0.686},{"time":0.6667},{"time":0.7667,"y":0.976},{"time":0.8667,"x":1.003,"y":0.96},{"time":1.1,"x":1.015,"y":1.015},{"time":1.2667,"x":0.945,"y":1.08},{"time":1.3333,"x":0.982,"y":1.065},{"time":1.5333}],"shear":[{"time":0.2667},{"time":0.4,"y":6.66},{"time":0.6667}]},"2leaf1":{"rotate":[{},{"time":0.0667,"angle":15.51},{"time":0.1333,"angle":6.61},{"time":0.2667,"angle":44.41},{"time":0.4,"angle":-9.81},{"time":0.6667},{"time":0.7667,"angle":30.83},{"time":0.8667,"angle":37.99},{"time":1.1},{"time":1.2667,"angle":-15.64},{"time":1.3333,"angle":-20.63},{"time":1.5333}],"translate":[{"time":0.1333},{"time":0.2667,"x":8.16,"y":-2.13},{"time":0.4,"x":12.88,"y":6.98},{"time":0.6667,"curve":"stepped"},{"time":1.2667},{"time":1.3333,"x":9.95,"y":0.95},{"time":1.5333}]},"1head":{"translate":[{},{"time":0.0667,"x":2.76,"y":-0.62},{"time":0.2,"x":6.9,"y":-1.55},{"time":0.3333,"x":15.17,"y":-13.25},{"time":0.4667,"x":8.37,"y":17.02},{"time":0.7333},{"time":0.7667,"x":1.6,"y":-0.36},{"time":1.1,"x":11.21,"y":-2.52},{"time":1.1667,"x":8.96,"y":-2.02},{"time":1.4}],"scale":[{},{"time":0.0667,"x":1.023},{"time":0.2,"x":1.058},{"time":0.3333,"x":1.14,"y":0.833},{"time":0.4667,"x":0.947,"y":1.333},{"time":0.7333},{"time":0.7667,"x":1.002},{"time":1.1,"x":1.127},{"time":1.1667,"x":1.101},{"time":1.4,"x":0.994},{"time":1.5333}],"shear":[{"time":0.3333},{"time":0.4667,"x":-4.5},{"time":0.7333}]},"1leaf1":{"rotate":[{},{"time":0.0667,"angle":-7.32},{"time":0.2,"angle":-13.14},{"time":0.3333,"angle":33},{"time":0.4667,"curve":"stepped"},{"time":0.7333},{"time":0.9,"angle":27.82},{"time":1.1},{"time":1.1667,"angle":-14.05},{"time":1.4,"angle":10.71},{"time":1.5333}],"translate":[{},{"time":0.0667,"x":2.06},{"time":0.2,"x":5.15},{"time":0.3333,"curve":"stepped"},{"time":1.1},{"time":1.1667,"x":10.31,"y":-2.62},{"time":1.4}],"shear":[{"time":0.7333},{"time":0.9,"y":-0.27},{"time":1.1}]},"1leaf2":{"rotate":[{},{"time":0.0667,"angle":-8.2},{"time":0.2,"angle":-15.35},{"time":0.3333,"angle":12.4},{"time":0.4667,"angle":-42.2},{"time":0.7333},{"time":0.9,"angle":3.45},{"time":1.1},{"time":1.1667,"angle":-28.49},{"time":1.4,"angle":4.92},{"time":1.5333}],"translate":[{},{"time":0.0667,"x":0.95,"y":-0.71},{"time":0.2,"x":2.37,"y":-1.77},{"time":0.3333},{"time":0.4667,"x":-16.37,"y":-15.49},{"time":0.7333},{"time":0.9,"x":-6.97,"y":0.87},{"time":1.1},{"time":1.1667,"x":6.35,"y":-8.74},{"time":1.4}],"shear":[{"time":0.7333},{"time":0.9,"y":-0.27},{"time":1.1}]},"1mouth":{"rotate":[{"time":0.2},{"time":0.3333,"angle":-3.23},{"time":0.4667}],"translate":[{},{"time":0.0667,"x":-5.18},{"time":0.2,"x":-3.24},{"time":0.3333,"y":21.27},{"time":0.4667,"x":-3.9,"y":0.55},{"time":0.7333,"curve":"stepped"},{"time":1.1},{"time":1.1667,"x":12.69,"y":5.24},{"time":1.4},{"time":1.4667,"x":-6.03,"y":2.01},{"time":1.5333}],"scale":[{},{"time":0.0667,"y":1.051},{"time":0.2,"y":1.098},{"time":0.3333,"x":0.792,"y":1.13},{"time":0.4667,"y":0.693},{"time":0.7333},{"time":0.7667,"x":0.985,"y":1.041},{"time":1.1,"x":0.895,"y":1.176},{"time":1.1667,"x":0.929,"y":1.159},{"time":1.4}],"shear":[{"time":0.3333},{"time":0.4667,"y":7.42},{"time":0.7333}]},"3head":{"translate":[{},{"time":0.0667,"x":6.81,"y":-3.04},{"time":0.1667,"x":17.02,"y":-7.6},{"time":0.3,"x":17.04,"y":-7.61},{"time":0.4333,"x":17.03,"y":9.08},{"time":0.7},{"time":0.8,"x":6.81,"y":-3.04},{"time":0.9667,"x":20.43,"y":-9.12},{"time":1.0333,"x":13.62,"y":-6.08},{"time":1.1667},{"time":1.2333,"x":6.81,"y":-3.04},{"time":1.3333,"x":20.43,"y":-9.12},{"time":1.4,"x":13.62,"y":-6.08},{"time":1.5333}],"scale":[{},{"time":0.0667,"x":1.033},{"time":0.1667,"x":1.082},{"time":0.3,"x":1.256,"y":0.812},{"time":0.4333,"x":0.96,"y":1.332},{"time":0.7},{"time":0.8,"x":1.042},{"time":0.9667,"x":1.098},{"time":1.0333,"x":1.07},{"time":1.1667,"x":1.015},{"time":1.2333,"x":1.042},{"time":1.3333,"x":1.098},{"time":1.4,"x":1.065},{"time":1.5333}]},"3leaf1":{"rotate":[{},{"time":0.0667,"angle":6.45},{"time":0.1667,"angle":-3.06},{"time":0.3,"angle":-11.65},{"time":0.4333,"angle":23.6},{"time":0.7},{"time":0.8,"angle":8.35},{"time":0.9667,"angle":-6.23},{"time":1.0333,"angle":-16.04},{"time":1.1667,"angle":9.21},{"time":1.2333,"angle":27.5},{"time":1.3333,"angle":-6.23},{"time":1.4,"angle":-15.19},{"time":1.5333}]},"3leaf2":{"rotate":[{},{"time":0.0667,"angle":0.91},{"time":0.1667,"angle":-9.8},{"time":0.3,"angle":-36.56},{"time":0.4333,"angle":-17.42},{"time":0.7},{"time":0.8,"angle":0.2},{"time":0.9667,"angle":-18.19},{"time":1.0333,"angle":-31.73},{"time":1.1667,"angle":-6.44},{"time":1.2333,"angle":-2.54},{"time":1.3333,"angle":-18.19},{"time":1.4,"angle":-24.33},{"time":1.5333}],"translate":[{"time":0.3},{"time":0.4333,"x":-11.27,"y":-9.31},{"time":0.7,"curve":"stepped"},{"time":1.1667},{"time":1.2333,"x":-6.8,"y":-4.25},{"time":1.3333}]},"3leaf3":{"rotate":[{},{"time":0.0667,"angle":-0.05},{"time":0.1667,"angle":-8.17},{"time":0.3,"angle":-17.02},{"time":0.4333,"angle":-28.9},{"time":0.7},{"time":0.8,"angle":0.32},{"time":0.9667,"angle":-10.88},{"time":1.0333,"angle":-15.86},{"time":1.1667,"angle":-5.7},{"time":1.2333,"angle":2.22},{"time":1.3333,"angle":-10.88},{"time":1.4,"angle":-9.66},{"time":1.5333}],"translate":[{"time":0.3},{"time":0.4333,"x":-15.03,"y":-6.98},{"time":0.7,"curve":"stepped"},{"time":1.1667},{"time":1.2333,"x":-6.8,"y":-0.71},{"time":1.3333}]},"3mouth":{"rotate":[{"time":0.1667},{"time":0.3,"angle":1.5},{"time":0.4333}],"translate":[{},{"time":0.0667,"x":-6.52,"y":3.74},{"time":0.1667,"x":-1.63,"y":0.93},{"time":0.3,"x":-5.75,"y":14.1},{"time":0.4333,"y":-6.45},{"time":0.7},{"time":0.8,"x":-8.96,"y":2.87},{"time":0.9667},{"time":1.0333,"x":3.31,"y":4.25},{"time":1.1667},{"time":1.2333,"x":-5.44},{"time":1.3333}],"scale":[{},{"time":0.0667,"y":0.953},{"time":0.1667,"y":0.974},{"time":0.3,"x":0.778,"y":1.101},{"time":0.4333,"x":1.085,"y":0.718},{"time":0.7},{"time":0.8,"y":0.988},{"time":0.9667,"y":0.967},{"time":1.0333,"y":0.986},{"time":1.1667,"y":1.025},{"time":1.2333,"y":0.971},{"time":1.3333,"y":0.943},{"time":1.4,"y":0.962},{"time":1.5333}]},"leaf2":{"rotate":[{},{"time":0.4,"angle":-9.54},{"time":0.7667,"angle":10.59},{"time":1.1667,"angle":-3.65},{"time":1.5333}],"translate":[{},{"time":0.4,"x":3.89,"y":-7.35},{"time":0.7667,"x":-5.01,"y":11.89},{"time":1.1667,"x":6.16,"y":-7.77},{"time":1.5333}]},"3body":{"scale":[{},{"time":0.2},{"time":0.4,"x":0.916},{"time":0.5667,"x":1.002},{"time":0.7667},{"time":0.9667},{"time":1.1667,"x":0.916},{"time":1.3333,"x":1.002},{"time":1.5333}],"shear":[{},{"time":0.2,"x":-3.58},{"time":0.4,"x":-6.21},{"time":0.5667,"x":-4.19},{"time":0.7667},{"time":0.9667,"x":-3.58},{"time":1.1667,"x":-6.21},{"time":1.3333,"x":-4.19},{"time":1.5333}]},"leaf1":{"scale":[{},{"time":0.7667,"x":1.015,"y":0.908},{"time":1.5333}]},"leaf5":{"rotate":[{},{"time":0.4,"angle":8.99},{"time":0.7667,"angle":17.98},{"time":1.1667,"angle":8.99},{"time":1.5333}],"scale":[{},{"time":0.4,"x":1.032},{"time":0.7667,"x":1.063},{"time":1.1667,"x":1.032},{"time":1.5333}]},"leaf4":{"rotate":[{},{"time":0.4,"angle":15.42},{"time":0.7667,"angle":1.05},{"time":1.1667,"angle":9.1},{"time":1.5333}],"translate":[{},{"time":0.4,"x":9.08,"y":5.38},{"time":0.7667,"x":-1.29,"y":-8.08},{"time":1.1667,"x":11.97,"y":6.02},{"time":1.5333}]},"leaf6":{"rotate":[{},{"time":0.2,"angle":-10.88},{"time":0.4,"angle":-9.41},{"time":0.7667,"angle":18.83},{"time":1.1667,"angle":10.22},{"time":1.5333}],"translate":[{},{"time":0.4,"x":3.72,"y":-4.8},{"time":0.7667},{"time":1.1667,"x":-2.58,"y":4.11},{"time":1.5333}]},"leaf7":{"rotate":[{},{"time":0.4,"angle":-10.44},{"time":0.7667,"angle":-20.89},{"time":1.1667,"angle":-10.44},{"time":1.5333}],"scale":[{},{"time":0.4,"x":1.032},{"time":0.7667,"x":1.063},{"time":1.1667,"x":1.032},{"time":1.5333}]},"1body":{"scale":[{},{"time":0.3333,"x":1.171},{"time":0.6333,"x":0.952},{"time":1.1,"x":1.167},{"time":1.4,"x":0.949,"y":0.996},{"time":1.5333}],"shear":[{},{"time":0.3333,"x":3.4},{"time":0.6333,"x":13.65},{"time":1.1,"x":3.62},{"time":1.4,"x":-0.57,"y":-2.84},{"time":1.5333}]},"2body":{"rotate":[{},{"time":0.3333,"angle":-3.03},{"time":0.7667,"angle":-6.24},{"time":1.1,"angle":-17.66},{"time":1.5333}],"scale":[{},{"time":0.3333,"x":1.176,"y":0.921},{"time":0.7667,"x":1.028,"y":0.937},{"time":1.1,"x":1.176,"y":0.966},{"time":1.5333}],"shear":[{},{"time":0.3333,"x":-6.29,"y":5.16},{"time":0.7667,"x":-12.19,"y":-7.15},{"time":1.1,"x":8.27,"y":16.34},{"time":1.5333}]},"leaf8":{"rotate":[{},{"time":0.2,"angle":30.7},{"time":0.4,"angle":23.21},{"time":0.7667,"angle":-23.36},{"time":1.1667,"angle":-22.57},{"time":1.5333}],"translate":[{},{"time":0.4,"x":4.97,"y":6.11},{"time":0.7667,"x":-1.68,"y":-5.24},{"time":1.1667,"x":-1.32,"y":-5.05},{"time":1.5333}]},"leaf3":{"rotate":[{},{"time":0.7667,"angle":-4.53},{"time":1.1667,"angle":-0.77},{"time":1.5333}],"scale":[{},{"time":0.7667,"x":1.053,"y":0.903},{"time":1.5333}]}},"events":[{"time":0.4,"name":"attack"},{"time":0.4667,"name":"attack"}]},"idle":{"bones":{"leaf1":{"scale":[{},{"time":0.8,"x":1.015,"y":0.908},{"time":1.6}]},"leaf2":{"rotate":[{},{"time":0.4,"angle":-9.54},{"time":0.8,"angle":10.59},{"time":1.2,"angle":-3.65},{"time":1.6}],"translate":[{},{"time":0.4,"x":3.89,"y":-7.35},{"time":0.8,"x":-5.01,"y":11.89},{"time":1.2,"x":6.16,"y":-7.77},{"time":1.6}]},"leaf3":{"rotate":[{},{"time":0.8,"angle":-4.53},{"time":1.2,"angle":-0.77},{"time":1.6}],"scale":[{},{"time":0.8,"x":1.053,"y":0.903},{"time":1.6}]},"leaf4":{"rotate":[{},{"time":0.4,"angle":15.42},{"time":0.8,"angle":1.05},{"time":1.2,"angle":9.1},{"time":1.6}],"translate":[{},{"time":0.4,"x":9.08,"y":5.38},{"time":0.8,"x":-1.29,"y":-8.08},{"time":1.2,"x":11.97,"y":6.02},{"time":1.6}]},"leaf5":{"rotate":[{},{"time":0.4,"angle":8.99},{"time":0.8,"angle":17.98},{"time":1.2,"angle":8.99},{"time":1.6}],"scale":[{},{"time":0.4,"x":1.032},{"time":0.8,"x":1.063},{"time":1.2,"x":1.032},{"time":1.6}]},"leaf6":{"rotate":[{},{"time":0.2,"angle":-10.88},{"time":0.4,"angle":-9.41},{"time":0.8,"angle":18.83},{"time":1.2,"angle":10.22},{"time":1.6}],"translate":[{},{"time":0.4,"x":3.72,"y":-4.8},{"time":0.8},{"time":1.2,"x":-2.58,"y":4.11},{"time":1.6}]},"leaf7":{"rotate":[{},{"time":0.4,"angle":-10.44},{"time":0.8,"angle":-20.89},{"time":1.2,"angle":-10.44},{"time":1.6}],"scale":[{},{"time":0.4,"x":1.032},{"time":0.8,"x":1.063},{"time":1.2,"x":1.032},{"time":1.6}]},"leaf8":{"rotate":[{},{"time":0.2,"angle":30.7},{"time":0.4,"angle":23.21},{"time":0.8,"angle":-23.36},{"time":1.2,"angle":-22.57},{"time":1.6}],"translate":[{},{"time":0.4,"x":4.97,"y":6.11},{"time":0.8,"x":-1.68,"y":-5.24},{"time":1.2,"x":-1.32,"y":-5.05},{"time":1.6}]},"3body":{"scale":[{},{"time":0.2},{"time":0.4,"x":0.916},{"time":0.6,"x":1.002},{"time":0.8},{"time":1},{"time":1.2,"x":0.916},{"time":1.4,"x":1.002},{"time":1.6}],"shear":[{},{"time":0.2,"x":-3.58},{"time":0.4,"x":-6.21},{"time":0.6,"x":-4.19},{"time":0.8},{"time":1,"x":-3.58},{"time":1.2,"x":-6.21},{"time":1.4,"x":-4.19},{"time":1.6}]},"1body":{"scale":[{},{"time":0.3333,"x":1.171},{"time":0.6667,"x":0.952},{"time":1.1333,"x":1.167},{"time":1.4667,"x":0.949,"y":0.996},{"time":1.6}],"shear":[{},{"time":0.3333,"x":3.4},{"time":0.6667,"x":13.65},{"time":1.1333,"x":3.62},{"time":1.4667,"x":-0.57,"y":-2.84},{"time":1.6}]},"2body":{"rotate":[{},{"time":0.3333,"angle":-3.03},{"time":0.8,"angle":-6.24},{"time":1.1333,"angle":-17.66},{"time":1.6}],"scale":[{},{"time":0.3333,"x":1.176,"y":0.921},{"time":0.8,"x":1.028,"y":0.937},{"time":1.1333,"x":1.176,"y":0.966},{"time":1.6}],"shear":[{},{"time":0.3333,"x":-6.29,"y":5.16},{"time":0.8,"x":-12.19,"y":-7.15},{"time":1.1333,"x":8.27,"y":16.34},{"time":1.6}]},"2head":{"rotate":[{},{"time":0.0667,"angle":0.93},{"time":0.3333,"angle":4.63},{"time":0.4,"angle":5.88},{"time":0.5333,"angle":8.37},{"time":0.8},{"time":0.8667,"angle":0.67},{"time":1.1333,"angle":3.37,"curve":"stepped"},{"time":1.3333,"angle":3.37},{"time":1.4,"angle":2.53},{"time":1.6}],"translate":[{},{"time":0.0667,"x":2.06,"y":3.45},{"time":0.3333,"x":10.3,"y":17.24},{"time":0.4,"x":9.08,"y":17.51},{"time":0.5333,"x":6.65,"y":18.04},{"time":0.8,"x":3.31,"y":2.85},{"time":0.8667,"x":4.71,"y":5.02},{"time":1.1333,"x":10.32,"y":13.68,"curve":"stepped"},{"time":1.3333,"x":10.32,"y":13.68},{"time":1.4,"x":7.74,"y":10.26},{"time":1.6}],"scale":[{},{"time":0.0667,"x":1.015,"y":1.002},{"time":0.3333,"x":1.073,"y":1.009},{"time":0.4,"x":1.061,"y":1.007},{"time":0.5333,"x":1.036,"y":1.003},{"time":0.8,"x":0.926},{"time":0.8667,"x":0.95},{"time":1.1333,"x":1.045},{"time":1.3333,"x":1.098},{"time":1.4,"x":1.073},{"time":1.6}]},"2mouth":{"rotate":[{},{"time":0.0667,"angle":0.29},{"time":0.3333,"angle":1.45},{"time":0.4,"angle":2.43},{"time":0.5333,"angle":4.4},{"time":0.8},{"time":0.8667,"angle":-2.23},{"time":1.1333},{"time":1.3333,"angle":2.08},{"time":1.4,"angle":1.56},{"time":1.6}],"translate":[{},{"time":0.0667,"x":-13.43,"y":1.65},{"time":0.3333},{"time":0.4,"x":0.62,"y":-0.6},{"time":0.5333,"x":1.86,"y":-1.8},{"time":0.8},{"time":0.8667,"x":-5.29,"y":0.06},{"time":1.1333,"x":-6.83,"y":0.42},{"time":1.3333,"x":11.04,"y":-2.11},{"time":1.4,"x":2.1,"y":6.17},{"time":1.6}],"scale":[{},{"time":0.0667,"y":0.971},{"time":0.3333,"y":1.086},{"time":0.4,"x":0.994,"y":1.078},{"time":0.5333,"x":0.981,"y":1.06},{"time":0.8,"y":0.976},{"time":0.8667,"x":1.003,"y":0.96},{"time":1.1333,"x":1.015,"y":1.015},{"time":1.3333,"x":0.945,"y":1.08},{"time":1.4,"x":0.982,"y":1.065},{"time":1.6}]},"2leaf1":{"rotate":[{},{"time":0.0667,"angle":15.51},{"time":0.3333,"angle":-8.22},{"time":0.4,"angle":-26.02},{"time":0.5333,"angle":-13.72},{"time":0.8,"angle":30.83},{"time":0.8667,"angle":37.99},{"time":1.1333},{"time":1.3333,"angle":-15.64},{"time":1.4,"angle":-20.63},{"time":1.6}],"translate":[{"time":0.3333},{"time":0.4,"x":4.99,"y":2.33},{"time":0.5333,"curve":"stepped"},{"time":1.3333},{"time":1.4,"x":9.95,"y":0.95},{"time":1.6}]},"1head":{"translate":[{},{"time":0.0667,"x":2.76,"y":-0.62},{"time":0.3333,"x":13.79,"y":-3.1},{"time":0.4,"x":11.03,"y":-2.48},{"time":0.6667},{"time":0.7333,"x":1.6,"y":-0.36},{"time":1.1333,"x":11.21,"y":-2.52},{"time":1.2,"x":8.96,"y":-2.02},{"time":1.4667}],"scale":[{},{"time":0.0667,"x":1.023},{"time":0.3333,"x":1.116},{"time":0.4,"x":1.089},{"time":0.6667,"x":0.982},{"time":0.7333,"x":1.002},{"time":1.1333,"x":1.127},{"time":1.2,"x":1.101},{"time":1.4667,"x":0.994},{"time":1.6}]},"1leaf1":{"rotate":[{},{"time":0.0667,"angle":-7.32},{"time":0.3333,"angle":-22.85},{"time":0.4,"angle":1.59},{"time":0.6667,"angle":1.88},{"time":0.7333,"angle":27.82},{"time":1.1333},{"time":1.2,"angle":-14.05},{"time":1.4667,"angle":10.71},{"time":1.6}],"translate":[{},{"time":0.0667,"x":2.06},{"time":0.3333,"x":10.29},{"time":0.4,"x":8.23},{"time":0.6667,"curve":"stepped"},{"time":1.1333},{"time":1.2,"x":10.31,"y":-2.62},{"time":1.4667}]},"1leaf2":{"rotate":[{},{"time":0.0667,"angle":-8.2},{"time":0.3333,"angle":-27.26},{"time":0.4,"angle":-42.93},{"time":0.6667,"angle":-12.53},{"time":0.7333,"angle":3.45},{"time":1.1333},{"time":1.2,"angle":-28.49},{"time":1.4667,"angle":4.92},{"time":1.6}],"translate":[{},{"time":0.0667,"x":0.95,"y":-0.71},{"time":0.3333,"x":4.75,"y":-3.53},{"time":0.4,"x":3.8,"y":-2.83},{"time":0.6667},{"time":0.7333,"x":-6.97,"y":0.87},{"time":1.1333},{"time":1.2,"x":6.35,"y":-8.74},{"time":1.4667}]},"1mouth":{"translate":[{},{"time":0.0667,"x":-5.18},{"time":0.3333},{"time":0.4,"x":20.28},{"time":0.6667,"curve":"stepped"},{"time":1.1333},{"time":1.2,"x":12.69,"y":5.24},{"time":1.4667},{"time":1.5333,"x":-6.03,"y":2.01},{"time":1.6}],"scale":[{},{"time":0.0667,"y":1.051},{"time":0.3333,"y":1.176},{"time":0.4,"y":1.081},{"time":0.6667},{"time":0.7333,"x":0.985,"y":1.041},{"time":1.1333,"x":0.895,"y":1.176},{"time":1.2,"x":0.929,"y":1.159},{"time":1.4667}]},"3head":{"translate":[{},{"time":0.0667,"x":6.81,"y":-3.04},{"time":0.2,"x":20.43,"y":-9.12},{"time":0.2667,"x":13.62,"y":-6.08},{"time":0.4},{"time":0.4667,"x":6.81,"y":-3.04},{"time":0.6,"x":20.43,"y":-9.12},{"time":0.6667,"x":13.62,"y":-6.08},{"time":0.8,"x":6.81,"y":-3.04},{"time":1,"x":20.43,"y":-9.12},{"time":1.0667,"x":13.62,"y":-6.08},{"time":1.2},{"time":1.2667,"x":6.81,"y":-3.04},{"time":1.4,"x":20.43,"y":-9.12},{"time":1.4667,"x":13.62,"y":-6.08},{"time":1.6}],"scale":[{},{"time":0.0667,"x":1.033},{"time":0.2,"x":1.098},{"time":0.2667,"x":1.07},{"time":0.4,"x":1.015},{"time":0.4667,"x":1.042},{"time":0.6,"x":1.098},{"time":0.6667,"x":1.07},{"time":0.8,"x":1.042},{"time":1,"x":1.098},{"time":1.0667,"x":1.07},{"time":1.2,"x":1.015},{"time":1.2667,"x":1.042},{"time":1.4,"x":1.098},{"time":1.4667,"x":1.065},{"time":1.6}]},"3leaf1":{"rotate":[{},{"time":0.0667,"angle":6.45},{"time":0.2,"angle":-6.23},{"time":0.2667,"angle":-20.34},{"time":0.4,"angle":16.64},{"time":0.4667,"angle":29.14},{"time":0.6,"angle":-6.23},{"time":0.6667,"angle":-14.12},{"time":0.8,"angle":8.35},{"time":1,"angle":-6.23},{"time":1.0667,"angle":-16.04},{"time":1.2,"angle":9.21},{"time":1.2667,"angle":27.5},{"time":1.4,"angle":-6.23},{"time":1.4667,"angle":-15.19},{"time":1.6}]},"3leaf2":{"rotate":[{},{"time":0.0667,"angle":0.91},{"time":0.2,"angle":-13.37},{"time":0.2667,"angle":-27.23},{"time":0.4,"angle":-8.87},{"time":0.4667,"angle":8.33},{"time":0.6,"angle":-18.19},{"time":0.6667,"angle":-18.58},{"time":0.8,"angle":0.2},{"time":1,"angle":-18.19},{"time":1.0667,"angle":-31.73},{"time":1.2,"angle":-6.44},{"time":1.2667,"angle":-2.54},{"time":1.4,"angle":-18.19},{"time":1.4667,"angle":-24.33},{"time":1.6}],"translate":[{"time":0.4},{"time":0.4667,"x":-2.56,"y":-2.14},{"time":0.6,"curve":"stepped"},{"time":1.2},{"time":1.2667,"x":-6.8,"y":-4.25},{"time":1.4}]},"3leaf3":{"rotate":[{},{"time":0.0667,"angle":-0.05},{"time":0.2,"angle":-10.88},{"time":0.2667,"angle":-22.76},{"time":0.4,"angle":-13.29},{"time":0.4667,"angle":0.87},{"time":0.6,"angle":-10.88},{"time":0.6667,"angle":-14.95},{"time":0.8,"angle":0.32},{"time":1,"angle":-10.88},{"time":1.0667,"angle":-15.86},{"time":1.2,"angle":-5.7},{"time":1.2667,"angle":2.22},{"time":1.4,"angle":-10.88},{"time":1.4667,"angle":-9.66},{"time":1.6}],"translate":[{"time":0.4},{"time":0.4667,"x":-4.61,"y":-1.6},{"time":0.6,"curve":"stepped"},{"time":1.2},{"time":1.2667,"x":-6.8,"y":-0.71},{"time":1.4}]},"3mouth":{"translate":[{},{"time":0.0667,"x":-6.52,"y":3.74},{"time":0.2},{"time":0.2667,"x":1.4},{"time":0.4,"x":8.57},{"time":0.4667,"x":-7.15,"y":0.93},{"time":0.6,"curve":"stepped"},{"time":0.6667},{"time":0.8,"x":-8.96,"y":2.87},{"time":1},{"time":1.0667,"x":3.31,"y":4.25},{"time":1.2},{"time":1.2667,"x":-5.44},{"time":1.4}],"scale":[{},{"time":0.0667,"y":0.953},{"time":0.2,"y":0.982},{"time":0.2667,"y":0.996},{"time":0.4,"y":1.025},{"time":0.4667,"y":1.006},{"time":0.6,"y":0.967},{"time":0.6667,"y":0.986},{"time":0.8,"y":0.988},{"time":1,"y":0.967},{"time":1.0667,"y":0.986},{"time":1.2,"y":1.025},{"time":1.2667,"y":0.971},{"time":1.4,"y":0.943},{"time":1.4667,"y":0.962},{"time":1.6}]}}},"idle_eye":{"slots":{"1eye1":{"attachment":[{"time":0.2667,"name":"1eye2"},{"time":0.3333,"name":"1eye3"},{"time":0.4,"name":"1eye2"},{"time":0.4667,"name":"1eye1"}]},"2eye1":{"attachment":[{"time":0.7333,"name":"2eye2"},{"time":0.8,"name":"2eye3"},{"time":0.8667,"name":"2eye2"},{"time":0.9333,"name":"2eye1"}]},"3eye1":{"attachment":[{"time":1.1333,"name":"3eye2"},{"time":1.2,"name":"3eye3"},{"time":1.2667,"name":"3eye2"},{"time":1.3333,"name":"3eye1"}]}},"bones":{"leaf1":{"scale":[{},{"time":0.8,"x":1.015,"y":0.908},{"time":1.6}]},"leaf2":{"rotate":[{},{"time":0.4,"angle":-9.54},{"time":0.8,"angle":10.59},{"time":1.2,"angle":-3.65},{"time":1.6}],"translate":[{},{"time":0.4,"x":3.89,"y":-7.35},{"time":0.8,"x":-5.01,"y":11.89},{"time":1.2,"x":6.16,"y":-7.77},{"time":1.6}]},"leaf3":{"rotate":[{},{"time":0.8,"angle":-4.53},{"time":1.2,"angle":-0.77},{"time":1.6}],"scale":[{},{"time":0.8,"x":1.053,"y":0.903},{"time":1.6}]},"leaf4":{"rotate":[{},{"time":0.4,"angle":15.42},{"time":0.8,"angle":1.05},{"time":1.2,"angle":9.1},{"time":1.6}],"translate":[{},{"time":0.4,"x":9.08,"y":5.38},{"time":0.8,"x":-1.29,"y":-8.08},{"time":1.2,"x":11.97,"y":6.02},{"time":1.6}]},"leaf5":{"rotate":[{},{"time":0.4,"angle":8.99},{"time":0.8,"angle":17.98},{"time":1.2,"angle":8.99},{"time":1.6}],"scale":[{},{"time":0.4,"x":1.032},{"time":0.8,"x":1.063},{"time":1.2,"x":1.032},{"time":1.6}]},"leaf6":{"rotate":[{},{"time":0.2,"angle":-10.88},{"time":0.4,"angle":-9.41},{"time":0.8,"angle":18.83},{"time":1.2,"angle":10.22},{"time":1.6}],"translate":[{},{"time":0.4,"x":3.72,"y":-4.8},{"time":0.8},{"time":1.2,"x":-2.58,"y":4.11},{"time":1.6}]},"leaf7":{"rotate":[{},{"time":0.4,"angle":-10.44},{"time":0.8,"angle":-20.89},{"time":1.2,"angle":-10.44},{"time":1.6}],"scale":[{},{"time":0.4,"x":1.032},{"time":0.8,"x":1.063},{"time":1.2,"x":1.032},{"time":1.6}]},"leaf8":{"rotate":[{},{"time":0.2,"angle":30.7},{"time":0.4,"angle":23.21},{"time":0.8,"angle":-23.36},{"time":1.2,"angle":-22.57},{"time":1.6}],"translate":[{},{"time":0.4,"x":4.97,"y":6.11},{"time":0.8,"x":-1.68,"y":-5.24},{"time":1.2,"x":-1.32,"y":-5.05},{"time":1.6}]},"3body":{"scale":[{},{"time":0.2},{"time":0.4,"x":0.916},{"time":0.6,"x":1.002},{"time":0.8},{"time":1},{"time":1.2,"x":0.916},{"time":1.4,"x":1.002},{"time":1.6}],"shear":[{},{"time":0.2,"x":-3.58},{"time":0.4,"x":-6.21},{"time":0.6,"x":-4.19},{"time":0.8},{"time":1,"x":-3.58},{"time":1.2,"x":-6.21},{"time":1.4,"x":-4.19},{"time":1.6}]},"1body":{"scale":[{},{"time":0.3333,"x":1.171},{"time":0.6667,"x":0.952},{"time":1.1333,"x":1.167},{"time":1.4667,"x":0.949,"y":0.996},{"time":1.6}],"shear":[{},{"time":0.3333,"x":3.4},{"time":0.6667,"x":13.65},{"time":1.1333,"x":3.62},{"time":1.4667,"x":-0.57,"y":-2.84},{"time":1.6}]},"2body":{"rotate":[{},{"time":0.3333,"angle":-3.03},{"time":0.8,"angle":-6.24},{"time":1.1333,"angle":-17.66},{"time":1.6}],"scale":[{},{"time":0.3333,"x":1.176,"y":0.921},{"time":0.8,"x":1.028,"y":0.937},{"time":1.1333,"x":1.176,"y":0.966},{"time":1.6}],"shear":[{},{"time":0.3333,"x":-6.29,"y":5.16},{"time":0.8,"x":-12.19,"y":-7.15},{"time":1.1333,"x":8.27,"y":16.34},{"time":1.6}]},"2head":{"rotate":[{},{"time":0.0667,"angle":0.93},{"time":0.3333,"angle":4.63},{"time":0.4,"angle":5.88},{"time":0.5333,"angle":8.37},{"time":0.8},{"time":0.8667,"angle":0.67},{"time":1.1333,"angle":3.37,"curve":"stepped"},{"time":1.3333,"angle":3.37},{"time":1.4,"angle":2.53},{"time":1.6}],"translate":[{},{"time":0.0667,"x":2.06,"y":3.45},{"time":0.3333,"x":10.3,"y":17.24},{"time":0.4,"x":9.08,"y":17.51},{"time":0.5333,"x":6.65,"y":18.04},{"time":0.8,"x":3.31,"y":2.85},{"time":0.8667,"x":4.71,"y":5.02},{"time":1.1333,"x":10.32,"y":13.68,"curve":"stepped"},{"time":1.3333,"x":10.32,"y":13.68},{"time":1.4,"x":7.74,"y":10.26},{"time":1.6}],"scale":[{},{"time":0.0667,"x":1.015,"y":1.002},{"time":0.3333,"x":1.073,"y":1.009},{"time":0.4,"x":1.061,"y":1.007},{"time":0.5333,"x":1.036,"y":1.003},{"time":0.8,"x":0.926},{"time":0.8667,"x":0.95},{"time":1.1333,"x":1.045},{"time":1.3333,"x":1.098},{"time":1.4,"x":1.073},{"time":1.6}]},"2mouth":{"rotate":[{},{"time":0.0667,"angle":0.29},{"time":0.3333,"angle":1.45},{"time":0.4,"angle":2.43},{"time":0.5333,"angle":4.4},{"time":0.8},{"time":0.8667,"angle":-2.23},{"time":1.1333},{"time":1.3333,"angle":2.08},{"time":1.4,"angle":1.56},{"time":1.6}],"translate":[{},{"time":0.0667,"x":-13.43,"y":1.65},{"time":0.3333},{"time":0.4,"x":0.62,"y":-0.6},{"time":0.5333,"x":1.86,"y":-1.8},{"time":0.8},{"time":0.8667,"x":-5.29,"y":0.06},{"time":1.1333,"x":-6.83,"y":0.42},{"time":1.3333,"x":11.04,"y":-2.11},{"time":1.4,"x":2.1,"y":6.17},{"time":1.6}],"scale":[{},{"time":0.0667,"y":0.971},{"time":0.3333,"y":1.086},{"time":0.4,"x":0.994,"y":1.078},{"time":0.5333,"x":0.981,"y":1.06},{"time":0.8,"y":0.976},{"time":0.8667,"x":1.003,"y":0.96},{"time":1.1333,"x":1.015,"y":1.015},{"time":1.3333,"x":0.945,"y":1.08},{"time":1.4,"x":0.982,"y":1.065},{"time":1.6}]},"2leaf1":{"rotate":[{},{"time":0.0667,"angle":15.51},{"time":0.3333,"angle":-8.22},{"time":0.4,"angle":-26.02},{"time":0.5333,"angle":-13.72},{"time":0.8,"angle":30.83},{"time":0.8667,"angle":37.99},{"time":1.1333},{"time":1.3333,"angle":-15.64},{"time":1.4,"angle":-20.63},{"time":1.6}],"translate":[{"time":0.3333},{"time":0.4,"x":4.99,"y":2.33},{"time":0.5333,"curve":"stepped"},{"time":1.3333},{"time":1.4,"x":9.95,"y":0.95},{"time":1.6}]},"1head":{"translate":[{},{"time":0.0667,"x":2.76,"y":-0.62},{"time":0.3333,"x":13.79,"y":-3.1},{"time":0.4,"x":11.03,"y":-2.48},{"time":0.6667},{"time":0.7333,"x":1.6,"y":-0.36},{"time":1.1333,"x":11.21,"y":-2.52},{"time":1.2,"x":8.96,"y":-2.02},{"time":1.4667}],"scale":[{},{"time":0.0667,"x":1.023},{"time":0.3333,"x":1.116},{"time":0.4,"x":1.089},{"time":0.6667,"x":0.982},{"time":0.7333,"x":1.002},{"time":1.1333,"x":1.127},{"time":1.2,"x":1.101},{"time":1.4667,"x":0.994},{"time":1.6}]},"1leaf1":{"rotate":[{},{"time":0.0667,"angle":-7.32},{"time":0.3333,"angle":-22.85},{"time":0.4,"angle":1.59},{"time":0.6667,"angle":1.88},{"time":0.7333,"angle":27.82},{"time":1.1333},{"time":1.2,"angle":-14.05},{"time":1.4667,"angle":10.71},{"time":1.6}],"translate":[{},{"time":0.0667,"x":2.06},{"time":0.3333,"x":10.29},{"time":0.4,"x":8.23},{"time":0.6667,"curve":"stepped"},{"time":1.1333},{"time":1.2,"x":10.31,"y":-2.62},{"time":1.4667}]},"1leaf2":{"rotate":[{},{"time":0.0667,"angle":-8.2},{"time":0.3333,"angle":-27.26},{"time":0.4,"angle":-42.93},{"time":0.6667,"angle":-12.53},{"time":0.7333,"angle":3.45},{"time":1.1333},{"time":1.2,"angle":-28.49},{"time":1.4667,"angle":4.92},{"time":1.6}],"translate":[{},{"time":0.0667,"x":0.95,"y":-0.71},{"time":0.3333,"x":4.75,"y":-3.53},{"time":0.4,"x":3.8,"y":-2.83},{"time":0.6667},{"time":0.7333,"x":-6.97,"y":0.87},{"time":1.1333},{"time":1.2,"x":6.35,"y":-8.74},{"time":1.4667}]},"1mouth":{"translate":[{},{"time":0.0667,"x":-5.18},{"time":0.3333},{"time":0.4,"x":20.28},{"time":0.6667,"curve":"stepped"},{"time":1.1333},{"time":1.2,"x":12.69,"y":5.24},{"time":1.4667},{"time":1.5333,"x":-6.03,"y":2.01},{"time":1.6}],"scale":[{},{"time":0.0667,"y":1.051},{"time":0.3333,"y":1.176},{"time":0.4,"y":1.081},{"time":0.6667},{"time":0.7333,"x":0.985,"y":1.041},{"time":1.1333,"x":0.895,"y":1.176},{"time":1.2,"x":0.929,"y":1.159},{"time":1.4667}]},"3head":{"translate":[{},{"time":0.0667,"x":6.81,"y":-3.04},{"time":0.2,"x":20.43,"y":-9.12},{"time":0.2667,"x":13.62,"y":-6.08},{"time":0.4},{"time":0.4667,"x":6.81,"y":-3.04},{"time":0.6,"x":20.43,"y":-9.12},{"time":0.6667,"x":13.62,"y":-6.08},{"time":0.8,"x":6.81,"y":-3.04},{"time":1,"x":20.43,"y":-9.12},{"time":1.0667,"x":13.62,"y":-6.08},{"time":1.2},{"time":1.2667,"x":6.81,"y":-3.04},{"time":1.4,"x":20.43,"y":-9.12},{"time":1.4667,"x":13.62,"y":-6.08},{"time":1.6}],"scale":[{},{"time":0.0667,"x":1.033},{"time":0.2,"x":1.098},{"time":0.2667,"x":1.07},{"time":0.4,"x":1.015},{"time":0.4667,"x":1.042},{"time":0.6,"x":1.098},{"time":0.6667,"x":1.07},{"time":0.8,"x":1.042},{"time":1,"x":1.098},{"time":1.0667,"x":1.07},{"time":1.2,"x":1.015},{"time":1.2667,"x":1.042},{"time":1.4,"x":1.098},{"time":1.4667,"x":1.065},{"time":1.6}]},"3leaf1":{"rotate":[{},{"time":0.0667,"angle":6.45},{"time":0.2,"angle":-6.23},{"time":0.2667,"angle":-20.34},{"time":0.4,"angle":16.64},{"time":0.4667,"angle":29.14},{"time":0.6,"angle":-6.23},{"time":0.6667,"angle":-14.12},{"time":0.8,"angle":8.35},{"time":1,"angle":-6.23},{"time":1.0667,"angle":-16.04},{"time":1.2,"angle":9.21},{"time":1.2667,"angle":27.5},{"time":1.4,"angle":-6.23},{"time":1.4667,"angle":-15.19},{"time":1.6}]},"3leaf2":{"rotate":[{},{"time":0.0667,"angle":0.91},{"time":0.2,"angle":-13.37},{"time":0.2667,"angle":-27.23},{"time":0.4,"angle":-8.87},{"time":0.4667,"angle":8.33},{"time":0.6,"angle":-18.19},{"time":0.6667,"angle":-18.58},{"time":0.8,"angle":0.2},{"time":1,"angle":-18.19},{"time":1.0667,"angle":-31.73},{"time":1.2,"angle":-6.44},{"time":1.2667,"angle":-2.54},{"time":1.4,"angle":-18.19},{"time":1.4667,"angle":-24.33},{"time":1.6}],"translate":[{"time":0.4},{"time":0.4667,"x":-2.56,"y":-2.14},{"time":0.6,"curve":"stepped"},{"time":1.2},{"time":1.2667,"x":-6.8,"y":-4.25},{"time":1.4}]},"3leaf3":{"rotate":[{},{"time":0.0667,"angle":-0.05},{"time":0.2,"angle":-10.88},{"time":0.2667,"angle":-22.76},{"time":0.4,"angle":-13.29},{"time":0.4667,"angle":0.87},{"time":0.6,"angle":-10.88},{"time":0.6667,"angle":-14.95},{"time":0.8,"angle":0.32},{"time":1,"angle":-10.88},{"time":1.0667,"angle":-15.86},{"time":1.2,"angle":-5.7},{"time":1.2667,"angle":2.22},{"time":1.4,"angle":-10.88},{"time":1.4667,"angle":-9.66},{"time":1.6}],"translate":[{"time":0.4},{"time":0.4667,"x":-4.61,"y":-1.6},{"time":0.6,"curve":"stepped"},{"time":1.2},{"time":1.2667,"x":-6.8,"y":-0.71},{"time":1.4}]},"3mouth":{"translate":[{},{"time":0.0667,"x":-6.52,"y":3.74},{"time":0.2},{"time":0.2667,"x":1.4},{"time":0.4,"x":8.57},{"time":0.4667,"x":-7.15,"y":0.93},{"time":0.6,"curve":"stepped"},{"time":0.6667},{"time":0.8,"x":-8.96,"y":2.87},{"time":1},{"time":1.0667,"x":3.31,"y":4.25},{"time":1.2},{"time":1.2667,"x":-5.44},{"time":1.4}],"scale":[{},{"time":0.0667,"y":0.953},{"time":0.2,"y":0.982},{"time":0.2667,"y":0.996},{"time":0.4,"y":1.025},{"time":0.4667,"y":1.006},{"time":0.6,"y":0.967},{"time":0.6667,"y":0.986},{"time":0.8,"y":0.988},{"time":1,"y":0.967},{"time":1.0667,"y":0.986},{"time":1.2,"y":1.025},{"time":1.2667,"y":0.971},{"time":1.4,"y":0.943},{"time":1.4667,"y":0.962},{"time":1.6}]}}}}},[0]]],0,0,[0],[-1],[3]]]]