[1,["e3Na6WdjJK9LpgWa8SaKIQ","e4fuJDsHZMna8jR2V7leC3","87s1vYo3tODZx3EDD7ek5O"],["root","body","animation","node","data","_N$skeletonData"],[["cc.Node",["_name","_groupIndex","_parent","_components","_prefab","_contentSize"],1,1,2,4,5],["cc.PrefabInfo",["fileId","root","asset"],2,1,1],["cc.Prefab",["_name"],2],["cc.Node",["_name","_children","_components","_prefab","_trs"],2,2,12,4,7],["f74c6b9TIpBYZF6od1SUQB5",["node","animation","body"],3,1,1,1],["cc.BoxCollider",["node","_offset","_size"],3,1,5,5],["96c396uvMtPhLUJFoRD9JmK",["node","body"],3,1,1],["sp.Skeleton",["defaultSkin","defaultAnimation","_preCacheMode","_animationName","node","_materials"],-1,1,3],["261d4+Q1HdGA5w3tjdBw83c",["activeFlash","node","spineAnimation"],2,1,1],["sp.SkeletonData",["_name","_atlasText","textureNames","_skeletonJson","textures"],-1,3]],[[1,0,1,2,2],[2,0,2],[3,0,1,2,3,4,2],[0,0,1,2,3,4,3],[0,0,2,3,4,5,2],[4,0,1,2,1],[1,1,2,1],[5,0,1,2,1],[6,0,1,1],[7,0,1,2,3,4,5,5],[8,0,1,2,2],[9,0,1,2,3,4,5]],[[[[1,"CherryBomb"],[2,"CherryBomb",[-6,-7],[[-2,[5,-5,-4,-3]],1,4],[6,-1,0],[-494,-293,0,0,0,0,1,1,1,1]],[3,"bodyC",5,1,[-8,-9],[0,"9fSO73myxFyIkSYS1gQMW7",1,0]],[7,2,[0,0,30],[5,110,80]],[8,2,3],[4,"03_plant",1,[-10],[0,"07KaZTp3xP47tzmm9oiSUM",1,0],[5,115.91,91.19]],[9,"default","idle",0,"idle",5,[0]],[10,true,1,6]],0,[0,0,1,0,-1,7,0,1,4,0,2,7,0,3,1,0,-1,2,0,-2,5,0,-1,3,0,-2,4,0,-1,6,0,4,1,10],[0,6],[-1,5],[0,1]],[[[11,"03_plant","\n03_plant.png\nsize: 256,64\nformat: RGBA8888\nfilter: Linear,Linear\nrepeat: none\neye1\n  rotate: true\n  xy: 179, 7\n  size: 15, 11\n  orig: 16, 12\n  offset: 0, 0\n  index: -1\neye2\n  rotate: true\n  xy: 176, 42\n  size: 20, 15\n  orig: 22, 15\n  offset: 1, 0\n  index: -1\neye3\n  rotate: true\n  xy: 179, 24\n  size: 16, 11\n  orig: 17, 12\n  offset: 1, 0\n  index: -1\neye4\n  rotate: true\n  xy: 192, 28\n  size: 12, 10\n  orig: 13, 11\n  offset: 1, 1\n  index: -1\nhead1\n  rotate: true\n  xy: 2, 6\n  size: 56, 50\n  orig: 57, 50\n  offset: 0, 0\n  index: -1\nhead2\n  rotate: true\n  xy: 54, 11\n  size: 51, 46\n  orig: 51, 47\n  offset: 0, 0\n  index: -1\nleaf1\n  rotate: true\n  xy: 142, 5\n  size: 22, 19\n  orig: 22, 19\n  offset: 0, 0\n  index: -1\nleaf2\n  rotate: true\n  xy: 163, 8\n  size: 25, 14\n  orig: 25, 14\n  offset: 0, 0\n  index: -1\nleaf3\n  rotate: false\n  xy: 102, 2\n  size: 38, 22\n  orig: 38, 22\n  offset: 0, 0\n  index: -1\nleaf4\n  rotate: false\n  xy: 139, 29\n  size: 18, 33\n  orig: 18, 35\n  offset: 0, 0\n  index: -1\nleaf5\n  rotate: true\n  xy: 102, 26\n  size: 36, 35\n  orig: 36, 35\n  offset: 0, 0\n  index: -1\nmouth1\n  rotate: true\n  xy: 159, 35\n  size: 27, 15\n  orig: 27, 15\n  offset: 0, 0\n  index: -1\nmouth2\n  rotate: false\n  xy: 193, 51\n  size: 9, 11\n  orig: 9, 11\n  offset: 0, 0\n  index: -1\n",["03_plant.png"],{"skeleton":{"hash":"s88zrrbnJNcX0KBwj3hastDui/4","spine":"3.8.99","x":-59.95,"y":-3.26,"width":115.91,"height":91.19},"bones":[{"name":"root"},{"name":"plant","parent":"root","scaleX":0.166,"scaleY":0.166},{"name":"plant2","parent":"plant","x":-55.88,"y":414.58},{"name":"leaf3","parent":"plant2","length":136.88,"rotation":-159.75,"x":0.68,"y":-0.28},{"name":"leaf4","parent":"leaf3","length":91.61,"rotation":-13.58,"x":136.88},{"name":"leaf2","parent":"plant2","length":88.06,"rotation":18.65,"x":4.47,"y":-1.48},{"name":"leaf5","parent":"leaf2","length":62.89,"rotation":-35.8,"x":88.06},{"name":"leaf1","parent":"plant2","length":87.1,"rotation":109.58,"x":-10.09,"y":-0.76},{"name":"leaf6","parent":"leaf1","length":80.8,"rotation":85.7,"x":86.27,"y":1.75},{"name":"leaf7","parent":"plant","length":209.76,"rotation":-114.41,"x":-86.11,"y":410.52},{"name":"leaf8","parent":"plant","length":275.93,"rotation":-42.2,"x":-62.85,"y":395.72},{"name":"head1","parent":"plant","x":-195.72,"y":140.31},{"name":"eye1","parent":"head1","x":-72.74,"y":24.94},{"name":"eye2","parent":"head1","x":76.2,"y":-6.23},{"name":"mouth1","parent":"head1","x":-32.56,"y":-57.5},{"name":"head2","parent":"plant","x":191.31,"y":143.08},{"name":"eye4","parent":"head2","x":63.73,"y":30.48},{"name":"eye3","parent":"head2","x":-67.89,"y":-13.16},{"name":"mouth2","parent":"head2","x":25.63,"y":-43.64}],"slots":[{"name":"leaf5","bone":"leaf8","attachment":"leaf5"},{"name":"leaf4","bone":"leaf7","attachment":"leaf4"},{"name":"head1","bone":"head1","attachment":"head1"},{"name":"mouth1","bone":"mouth1","attachment":"mouth1"},{"name":"eye2","bone":"eye2","attachment":"eye2"},{"name":"eye1","bone":"eye1","attachment":"eye1"},{"name":"head2","bone":"head2","attachment":"head2"},{"name":"mouth2","bone":"mouth2","attachment":"mouth2"},{"name":"eye4","bone":"eye4","attachment":"eye4"},{"name":"eye3","bone":"eye3","attachment":"eye3"},{"name":"leaf1","bone":"leaf1","attachment":"leaf1"},{"name":"leaf2","bone":"leaf2","attachment":"leaf2"},{"name":"leaf3","bone":"leaf3","attachment":"leaf3"}],"skins":[{"name":"default","attachments":{"eye1":{"eye1":{"x":4.97,"y":7.25,"width":105,"height":81}},"eye2":{"eye2":{"x":-5.98,"y":1.92,"width":149,"height":98}},"eye3":{"eye3":{"x":-1.92,"y":1.08,"width":111,"height":78}},"eye4":{"eye4":{"x":-4.55,"y":-4.57,"width":87,"height":70}},"head1":{"head1":{"type":"mesh","hull":27,"uvs":[0.42148,0.03307,0.48963,0.10105,0.51049,0.13223,0.6258,0.04491,0.73889,0.04479,0.83329,0.08363,0.9076,0.1622,0.96701,0.26075,0.98868,0.38249,0.98628,0.54141,0.95898,0.65553,0.90157,0.76954,0.83217,0.84769,0.78793,0.8861,0.67412,0.95014,0.4971,0.99283,0.30313,0.98045,0.19306,0.93202,0.11402,0.84558,0.05194,0.74318,0.01083,0.60093,0.01018,0.44255,0.02872,0.33068,0.07023,0.21048,0.14875,0.09294,0.23542,0.02735,0.32585,0.00493],"triangles":[7,8,6,2,19,20,1,25,26,1,24,25,0,1,26,6,8,5,9,10,8,22,2,21,21,2,20,2,23,24,2,24,1,2,22,23,3,4,5,8,10,5,18,19,2,3,5,10,11,12,10,10,12,3,16,17,18,12,2,3,13,2,12,18,2,16,13,14,2,2,15,16,14,15,2],"vertices":[-10.38,159.68,15.32,137.04,23.18,126.65,66.65,155.73,109.29,155.77,144.87,142.84,172.89,116.67,195.29,83.86,203.46,43.32,202.55,-9.6,192.26,-47.61,170.62,-85.57,144.45,-111.59,127.77,-124.39,84.87,-145.71,18.13,-159.92,-55,-155.8,-96.49,-139.68,-126.29,-110.89,-149.69,-76.79,-165.19,-29.42,-165.44,23.32,-158.45,60.57,-142.8,100.6,-113.19,139.74,-80.52,161.58,-46.43,169.04]}},"head2":{"head2":{"type":"mesh","hull":24,"uvs":[0.817,0.06783,0.87762,0.13272,0.92283,0.20887,0.96487,0.32009,0.98537,0.43068,0.98543,0.58807,0.94798,0.75126,0.85626,0.87733,0.72986,0.95617,0.60355,0.98807,0.39737,0.98598,0.22274,0.88961,0.10688,0.76279,0.04492,0.63602,0.01737,0.51297,0.01756,0.38281,0.03483,0.2869,0.0958,0.19041,0.19187,0.13821,0.28981,0.13823,0.38998,0.21182,0.42169,0.14604,0.54392,0.01684,0.72223,0.0148],"triangles":[16,20,15,15,20,14,20,13,14,20,17,18,20,18,19,16,17,20,5,7,4,3,21,2,21,3,4,12,13,20,21,22,23,0,21,23,21,0,1,21,1,2,21,4,20,6,7,5,7,20,4,11,12,20,11,20,10,7,8,20,20,9,10,8,9,20],"vertices":[88.65,142.82,109.2,122.64,124.53,98.96,138.78,64.37,145.73,29.97,145.75,-18.97,133.05,-69.73,101.96,-108.93,59.11,-133.45,16.29,-143.37,-53.6,-142.72,-112.8,-112.75,-152.08,-73.31,-173.08,-33.89,-182.42,4.38,-182.36,44.86,-176.5,74.69,-155.83,104.7,-123.27,120.93,-90.06,120.93,-56.11,98.04,-45.36,118.5,-3.92,158.68,56.53,159.31]}},"leaf1":{"leaf1":{"type":"mesh","hull":18,"uvs":[0.51888,0.90298,0.69805,0.98603,0.92949,0.92893,0.97727,0.73169,0.98325,0.44276,0.92501,0.2386,0.79616,0.09744,0.59907,0.00228,0.39451,0.06629,0.20637,0.13896,0.11977,0.25661,0.07199,0.40195,0,0.43482,0.03018,0.56129,0.15411,0.56302,0.32284,0.51976,0.36166,0.63049,0.40347,0.76371,0.7003,0.64245,0.58593,0.2943,0.38713,0.25538,0.23373,0.40369],"triangles":[19,15,20,13,11,14,14,21,15,14,11,21,13,12,11,15,21,20,11,10,21,10,9,21,21,9,20,20,8,19,20,9,8,2,1,18,1,0,18,2,18,3,0,17,18,17,16,18,3,18,4,16,19,18,4,19,5,5,19,6,19,4,18,19,16,15,19,7,6,19,8,7],"vertices":[2,7,14.76,34.31,0.95543,8,27.1,73.75,0.04457,2,7,-3.86,13.17,0.99949,8,4.62,90.73,0.00051,1,7,-8.41,-21.08,1,1,7,12.67,-35.98,1,1,7,46.68,-49,1,1,7,73.76,-49.61,1,1,7,96.83,-37.84,1,2,7,117.77,-14.75,0.92495,8,-14.09,-32.65,0.07505,2,7,120.17,16.09,0.23395,8,16.84,-32.73,0.76605,2,7,120.75,45.04,0.00302,8,45.75,-31.14,0.99698,1,8,61.85,-20.17,1,1,8,73.41,-4.34,1,1,8,84.64,-3.12,1,1,8,84.59,13.42,1,2,7,72.97,70.13,0.00031,8,67.19,18.39,0.99969,2,7,69.85,45.1,0.16641,8,41.99,19.63,0.83359,2,7,54.8,44.43,0.54771,8,40.2,34.58,0.45229,2,7,36.94,44.31,0.80241,8,38.73,52.38,0.19759,1,7,36.81,-1.65,1,1,7,83.74,-0.61,1,2,7,98.09,25.09,0.01389,8,24.16,-10.03,0.98611,2,7,87.98,52.45,0.00122,8,50.69,2.09,0.99878]}},"leaf2":{"leaf2":{"type":"mesh","hull":18,"uvs":[0.13205,0.91996,0.03131,0.77849,0.00058,0.55154,0.10131,0.23617,0.32668,0.02986,0.46831,0.02378,0.60156,0.01807,0.74003,0.10094,0.85765,0.17133,0.94131,0.38649,1,0.72249,0.94643,0.76965,0.90717,0.62817,0.79107,0.61933,0.68863,0.74312,0.54863,0.91112,0.40009,1,0.23278,0.95828,0.58382,0.34978,0.79272,0.4213,0.31968,0.49283],"triangles":[11,12,10,13,14,19,12,9,10,13,19,12,12,19,9,19,14,18,18,7,19,19,8,9,19,7,8,15,16,20,20,16,17,17,0,20,0,1,20,15,18,14,15,20,18,18,20,5,20,4,5,1,2,20,2,3,20,20,3,4,18,6,7,18,5,6],"vertices":[2,5,-0.51,-26.73,0.99993,6,-56.21,-73.49,0.00007,1,5,-11.87,-8.71,1,1,5,-9.75,13.33,1,1,5,15.48,36.43,1,1,5,56.77,43.19,1,2,5,78.96,36.31,0.97916,6,-28.62,24.13,0.02084,2,5,99.84,29.83,0.67139,6,-7.9,31.09,0.32861,2,5,118.84,15.11,0.1158,6,16.12,30.26,0.8842,2,5,134.98,2.61,0.00114,6,36.53,29.56,0.99886,1,6,55.67,14.07,1,1,6,74.28,-13.59,1,1,6,67.2,-20.46,1,1,6,57.09,-9.52,1,2,5,111.03,-34.23,0.02038,6,38.64,-14.33,0.97962,2,5,91.35,-40,0.26931,6,26.06,-30.52,0.73069,2,5,64.49,-47.78,0.72842,6,8.83,-52.54,0.27158,2,5,38.71,-47.99,0.92407,6,-11.96,-67.79,0.07593,2,5,13.98,-35.46,0.99327,6,-39.35,-72.09,0.00673,2,5,87.01,0.91,0.83423,6,-1.38,0.12,0.16577,1,6,33.36,3.73,1,1,5,41.62,1.88,1]}},"leaf3":{"leaf3":{"type":"mesh","hull":16,"uvs":[0.74474,0.02001,0.93231,0.15014,1,0.41258,0.96,0.76178,0.79384,1,0.58991,1,0.45647,0.92011,0.34192,0.93095,0.19464,0.9418,0.0675,0.80082,0,0.63815,0,0.55573,0.11659,0.55573,0.20219,0.3974,0.31423,0.19569,0.51312,0.03519,0.18203,0.69105,0.41108,0.60508,0.64241,0.48004],"triangles":[9,16,8,8,16,7,7,16,17,9,12,16,9,10,12,16,13,17,16,12,13,10,11,12,3,4,18,4,5,18,5,6,18,7,17,6,6,17,18,3,18,2,13,14,17,17,15,18,17,14,15,18,1,2,18,0,1,18,15,0],"vertices":[1,3,21.79,-50.4,1,1,3,-16.41,-15.77,1,1,3,-19.16,26.64,1,1,3,8.3,71.6,1,2,3,60.25,90.01,0.99945,4,-95.62,69.5,0.00055,2,3,109.04,72.01,0.92418,4,-43.97,63.45,0.07582,2,3,136.87,49.13,0.59298,4,-11.55,47.76,0.40702,2,3,164.83,40.53,0.12275,4,17.65,45.96,0.87725,1,4,55.14,43.19,1,1,4,84.91,18.7,1,1,4,99.21,-7.22,1,1,4,97.79,-19.33,1,2,3,199.51,-31.46,0.00292,4,68.27,-15.88,0.99708,2,3,170.92,-45.89,0.16496,4,43.86,-36.61,0.83504,2,3,133.79,-64.01,0.70271,4,12.02,-62.95,0.29729,2,3,77.98,-68.74,0.99494,4,-41.12,-80.65,0.00506,1,4,54.02,5.95,1,1,3,131.59,1.39,1,1,3,69.84,4.44,1]}},"leaf4":{"leaf4":{"x":107.15,"y":-0.11,"rotation":114.41,"width":121,"height":232}},"leaf5":{"leaf5":{"x":133.73,"y":-2.54,"rotation":42.2,"width":243,"height":230}},"mouth1":{"mouth1":{"x":-2.22,"y":-12.31,"width":183,"height":103}},"mouth2":{"mouth2":{"x":-3.44,"y":0.06,"width":61,"height":75}}}}],"animations":{"attack":{"bones":{"plant2":{"translate":[{},{"time":0.2667,"y":17.71},{"time":0.5,"x":12.4,"y":56.67},{"time":0.6667,"x":18.76,"y":94.22},{"time":0.8667,"x":26.07,"y":123.85}]},"leaf3":{"rotate":[{"curve":0.246,"c3":0.633,"c4":0.54},{"time":0.2667,"angle":-7.15,"curve":0.38,"c2":0.53,"c3":0.745},{"time":0.5,"angle":-19.31,"curve":0.25,"c3":0.75},{"time":0.6667,"angle":-26.93,"curve":0.25,"c3":0.75},{"time":0.8667,"angle":-40.2}]},"leaf4":{"rotate":[{"curve":0.246,"c3":0.633,"c4":0.54},{"time":0.2667,"angle":18.53,"curve":0.38,"c2":0.53,"c3":0.745},{"time":0.5,"angle":12.71}]},"leaf2":{"rotate":[{"curve":0.246,"c3":0.633,"c4":0.54},{"time":0.2667,"angle":-15.87,"curve":0.38,"c2":0.53,"c3":0.745},{"time":0.5,"angle":-25.27,"curve":0.25,"c3":0.75},{"time":0.6667,"angle":-36.21,"curve":0.25,"c3":0.75},{"time":0.8667,"angle":-46.45}]},"leaf5":{"rotate":[{"curve":0.246,"c3":0.633,"c4":0.54},{"time":0.2667,"angle":-10.8,"curve":0.38,"c2":0.53,"c3":0.745},{"time":0.5}]},"leaf1":{"rotate":[{"curve":0.246,"c3":0.633,"c4":0.54},{"time":0.2667,"angle":-3.88,"curve":0.38,"c2":0.53,"c3":0.745},{"time":0.5,"angle":-12.74,"curve":0.25,"c3":0.75},{"time":0.6667,"angle":-27.95,"curve":0.25,"c3":0.75},{"time":0.8667,"angle":-36.44}]},"leaf7":{"rotate":[{"time":0.2667},{"time":0.5,"angle":-11.87},{"time":0.6667,"angle":-27.85},{"time":0.8667,"angle":-28.21}],"translate":[{},{"time":0.2667,"x":-11.83,"y":8.19},{"time":0.5,"x":-6.37,"y":14.55},{"time":0.6667,"x":0.91,"y":43.66},{"time":0.8667,"x":5.46,"y":86.42}]},"leaf8":{"rotate":[{"time":0.2667},{"time":0.5,"angle":-8.23},{"time":0.6667,"angle":-11.23},{"time":0.8667,"angle":-25.91}],"translate":[{},{"time":0.2667,"x":2.73,"y":28.2},{"time":0.5,"x":14.55,"y":60.04},{"time":0.6667,"x":0.91,"y":106.43},{"time":0.8667,"x":-0.91,"y":143.72}]},"head1":{"rotate":[{},{"time":0.2667,"angle":-1.25},{"time":0.5,"angle":-2.77},{"time":0.6667,"angle":-4.54}],"translate":[{},{"time":0.2667,"x":-14.6,"y":4.92},{"time":0.5,"x":-35.49,"y":20.89},{"time":0.6667,"x":-47.78,"y":27.04},{"time":0.8667,"x":-69.9,"y":58.99}],"scale":[{},{"time":0.2667,"x":1.204,"y":1.251},{"time":0.5,"x":1.453,"y":1.453},{"time":0.6667,"x":1.653,"y":1.611},{"time":0.8667,"x":1.911,"y":1.837}]},"eye1":{"translate":[{},{"time":0.2667,"x":0.22,"y":2.78},{"time":0.5,"x":-1.69,"y":10.49,"curve":0.25,"c3":0.75},{"time":0.6667,"x":-10.45,"y":17.86,"curve":0.25,"c3":0.75},{"time":0.8667,"x":-23.04,"y":19.63}]},"eye2":{"translate":[{},{"time":0.2667,"x":7.22,"y":6.91},{"time":0.5,"x":9.2,"y":22.79,"curve":0.25,"c3":0.75},{"time":0.6667,"x":4.62,"y":22.79,"curve":0.25,"c3":0.75},{"time":0.8667,"x":8.21,"y":23.63}],"scale":[{"time":0.5,"curve":0.25,"c3":0.75},{"time":0.6667,"x":0.923}]},"mouth1":{"translate":[{},{"time":0.2667,"y":-3.06},{"time":0.5,"x":-1.68,"y":-8.29}],"scale":[{"time":0.5,"curve":0.25,"c3":0.75},{"time":0.6667,"x":1.117,"curve":0.25,"c3":0.75},{"time":0.8667,"x":1.152}]},"head2":{"rotate":[{},{"time":0.2667,"angle":1.14},{"time":0.5,"angle":1.76},{"time":0.6667,"angle":5.73},{"time":0.8667,"angle":11.34}],"translate":[{},{"time":0.2667,"x":20.06,"y":-2.11},{"time":0.5,"x":27.43,"y":0.34},{"time":0.6667,"x":24.98,"y":24.92},{"time":0.8667,"x":31.12,"y":29.84}],"scale":[{},{"time":0.2667,"x":1.164,"y":1.21},{"time":0.5,"x":1.454,"y":1.454},{"time":0.6667,"x":1.752,"y":1.708},{"time":0.8667,"x":2.053,"y":1.935}]},"eye4":{"translate":[{"curve":0.246,"c3":0.633,"c4":0.54},{"time":0.2667,"x":7.36,"curve":0.38,"c2":0.53,"c3":0.745},{"time":0.5,"x":15.16,"y":2.97,"curve":0.25,"c3":0.75},{"time":0.6667,"x":19.3,"y":3.74,"curve":0.25,"c3":0.75},{"time":0.8667,"x":21.58,"y":5.35}]},"eye3":{"translate":[{},{"time":0.2667,"x":-5.75},{"time":0.5,"x":-0.8,"y":-0.31,"curve":0.25,"c3":0.75},{"time":0.6667,"x":-17.12,"y":1.83,"curve":0.25,"c3":0.75},{"time":0.8667,"x":-22.15,"y":1.33}]},"mouth2":{"rotate":[{},{"time":0.2667,"angle":-2.7}],"translate":[{},{"time":0.2667,"x":0.75,"y":-3.16},{"time":0.5,"x":7.71,"y":-6.59}],"scale":[{"time":0.5,"curve":0.25,"c3":0.75},{"time":0.6667,"x":1.148,"curve":0.25,"c3":0.75},{"time":0.8667,"x":1.229}]}},"deform":{"default":{"head1":{"head1":[{"time":0.2667,"curve":0.25,"c3":0.75},{"time":0.5,"offset":6,"vertices":[1.48616,0.51577,-4.4733,0.51573,-9.44708,0.51579,-13.36266,0.51579,-16.49358,0.51575,-17.63542,0.51579,-17.50859,0.51578,-13.07538,0.66052,-5.96054,-1.1432]},{"time":0.6667,"curve":0.25,"c3":0.75,"vertices":[-4.27118,3.20443,-14.90036,15.53012,-11.53896,14.8524,-19.37955,3.17583,-27.45587,3.17584,-34.19638,3.17583,-39.50287,3.17583,-50.61481,0.32711,-50.65085,10.01196,-44.7047,9.74098,-36.75255,5.47896,-11.63803,4.21265,-11.63803,4.21265,-11.63803,4.21265,-11.63803,4.21265,-11.63803,4.21265]},{"time":0.8667,"vertices":[-4.27118,3.20443,-14.90036,15.53012,-11.53896,14.8524,-20.46426,2.83517,-31.85443,3.17595,-41.90155,4.45498,-50.18724,5.65195,-59.81337,5.36336,-55.72276,3.02354,-51.51802,15.32719,-37.26785,5.43637,-20.08777,6.21104,-11.63803,4.21265,-11.63803,4.21265,-11.63803,4.21265,-11.63803,4.21265]}]},"head2":{"head2":[{"time":0.2667,"curve":0.25,"c3":0.75},{"time":0.5,"offset":24,"vertices":[2.64348,1.85879,7.338,4.35937,11.24384,7.9456,11.23663,3.31772,10.56709,-0.09225,8.20396,-3.52296,4.48094,-5.3793,0.68486,-5.37846]},{"time":0.6667,"vertices":[4.77991,7.56071,6.6552,3.3522,5.28888,1.1919,4.43248,0.28877,0,0,0,0,0,0,0,0,-18.35222,-12.42074,-15.49519,-7.81606,-8.75017,0.00002,-0.95427,0.00002,8.32777,2.46045,18.32909,-3.61991,21.89009,-1.15763,25.05232,-1.81973,27.62022,-1.92268,22.19327,-1.59703,16.22566,-1.59695,6.26704,-1.59697,-8.42012,0.00005,-0.70915,12.68029,-3.29829,8.66982,-2.71228,11.04311]}]}}}},"idle":{"bones":{"plant2":{"translate":[{},{"time":0.1333,"x":2.63,"y":7.22},{"time":0.4,"x":7.73,"y":23.2},{"time":0.5333,"x":3.8,"y":17.95},{"time":0.8}]},"leaf3":{"rotate":[{},{"time":0.1333,"angle":-16.82},{"time":0.4,"angle":-4.44},{"time":0.5333,"angle":-3.8},{"time":0.8}]},"leaf4":{"rotate":[{},{"time":0.1333,"angle":-8.6},{"time":0.4,"angle":2.89},{"time":0.5333,"angle":11.93},{"time":0.8}]},"leaf2":{"rotate":[{},{"time":0.1333,"angle":8.7},{"time":0.4,"angle":-21.5},{"time":0.5333,"angle":-22.37},{"time":0.8}]},"leaf5":{"rotate":[{},{"time":0.1333,"angle":12.82},{"time":0.4,"angle":5.79},{"time":0.5333,"angle":-18.93},{"time":0.8}]},"leaf1":{"rotate":[{},{"time":0.1333,"angle":-8.43},{"time":0.4,"angle":1.95},{"time":0.5333,"angle":8.67},{"time":0.8}]},"leaf6":{"rotate":[{},{"time":0.1333,"angle":-19.31},{"time":0.4},{"time":0.5333,"angle":14.2},{"time":0.8}]},"leaf7":{"rotate":[{},{"time":0.2333,"angle":-10.7},{"time":0.8}],"translate":[{},{"time":0.2333,"x":33.72,"y":44.82},{"time":0.8}]},"leaf8":{"rotate":[{},{"time":0.4,"angle":-1.77},{"time":0.8}],"translate":[{},{"time":0.4,"x":8.17,"y":27.78},{"time":0.8}],"scale":[{},{"time":0.4,"y":1.046},{"time":0.8}]},"head1":{"rotate":[{},{"time":0.2333,"angle":-4.52},{"time":0.8}],"translate":[{},{"time":0.2333,"x":-10.02,"y":8.64},{"time":0.8}],"scale":[{},{"time":0.2333,"x":1.292,"y":1.292},{"time":0.8}]},"eye1":{"translate":[{},{"time":0.2333,"x":-4.5,"y":9.33},{"time":0.8}]},"eye2":{"translate":[{},{"time":0.2333,"x":11.87,"y":13.32},{"time":0.8}]},"mouth1":{"translate":[{},{"time":0.2333,"x":-0.28,"y":-3.25},{"time":0.8}]},"head2":{"rotate":[{},{"time":0.4,"angle":3.33},{"time":0.8}],"translate":[{},{"time":0.4,"x":27.07},{"time":0.8}],"scale":[{},{"time":0.4,"x":1.223,"y":1.223},{"time":0.8}]},"eye4":{"translate":[{},{"time":0.4,"x":-9.19,"y":6.79},{"time":0.8}]},"eye3":{"translate":[{},{"time":0.4,"x":-10.07,"y":4.5},{"time":0.8}]},"mouth2":{"rotate":[{},{"time":0.4,"angle":-4},{"time":0.8}],"translate":[{},{"time":0.4,"x":-0.6,"y":-3.62},{"time":0.8}]}}}}},[0]]],0,0,[0],[-1],[2]]]]