[1,["adYctcwIxOUaWaxQ49+sRB"],0,[["sp.SkeletonData",["_name","_atlasText","textureNames","_skeletonJson","textures"],-1,3]],[[0,0,1,2,3,4,5]],[[0,"yindao","\r\nyindao.png\r\nsize: 200,180\r\nformat: RGBA8888\r\nfilter: Linear,Linear\r\nrepeat: none\r\nyindao/finger\r\n  rotate: false\r\n  xy: 93, 67\r\n  size: 105, 111\r\n  orig: 105, 119\r\n  offset: 0, 0\r\n  index: -1\r\nyindao/jiantou0\r\n  rotate: false\r\n  xy: 93, 3\r\n  size: 71, 62\r\n  orig: 72, 64\r\n  offset: 1, 1\r\n  index: -1\r\nyindao/quan0\r\n  rotate: false\r\n  xy: 2, 2\r\n  size: 89, 176\r\n  orig: 92, 183\r\n  offset: 3, 4\r\n  index: -1\r\n",["yindao.png"],{"skeleton":{"hash":"asvVbMEuBqNF+LGzcPASchlgt7U","spine":"3.8.99","x":-106,"y":-121.42,"width":288.86,"height":213.42},"bones":[{"name":"root"},{"name":"quan","parent":"root"},{"name":"jiantou2","parent":"root","x":60.55,"y":55.05},{"name":"jiantou3","parent":"root","x":-64.05,"y":55.05},{"name":"jiantou1","parent":"root","x":-61.55,"y":-52.55},{"name":"jiantou0","parent":"root","x":61.55,"y":-54.05},{"name":"finger","parent":"root","length":120,"rotation":135.28,"x":163.09,"y":-100},{"name":"quan1","parent":"root"}],"slots":[{"name":"jiantou3","bone":"jiantou3","attachment":"yindao/jiantou3"},{"name":"jiantou2","bone":"jiantou2","attachment":"yindao/jiantou2"},{"name":"jiantou1","bone":"jiantou1","attachment":"yindao/jiantou1"},{"name":"jiantou0","bone":"jiantou0","attachment":"yindao/jiantou0"},{"name":"finger","bone":"finger","attachment":"yindao/finger"},{"name":"quan0","bone":"quan","attachment":"yindao/quan0"},{"name":"quan01","bone":"quan","attachment":"yindao/quan0"},{"name":"quan02","bone":"quan1","attachment":"yindao/quan0"},{"name":"quan03","bone":"quan1","attachment":"yindao/quan0"}],"skins":[{"name":"default","attachments":{"finger":{"yindao/finger":{"x":58.36,"y":-3.49,"rotation":-128.91,"width":105,"height":119}},"jiantou0":{"yindao/jiantou0":{"x":8.45,"y":-5.95,"width":72,"height":64}},"jiantou1":{"yindao/jiantou1":{"path":"yindao/jiantou0","x":-8.45,"y":-7.45,"scaleX":-1,"width":72,"height":64}},"jiantou2":{"yindao/jiantou2":{"path":"yindao/jiantou0","x":9.45,"y":4.95,"scaleY":-1,"width":72,"height":64}},"jiantou3":{"yindao/jiantou3":{"path":"yindao/jiantou0","x":-5.95,"y":4.95,"scaleX":-1,"scaleY":-1,"width":72,"height":64}},"quan0":{"yindao/quan0":{"x":-45.9,"width":92,"height":183}},"quan01":{"yindao/quan0":{"x":45.9,"scaleX":-1,"width":92,"height":183}},"quan02":{"yindao/quan0":{"x":-45.9,"width":92,"height":183}},"quan03":{"yindao/quan0":{"x":45.9,"scaleX":-1,"width":92,"height":183}}}}],"animations":{"ruchang":{"slots":{"finger":{"color":[{"color":"ffffff00"},{"time":0.1667,"color":"ffffffff"}]},"jiantou0":{"color":[{"color":"ffffff00"},{"time":0.1667,"color":"ffffffff"}]},"jiantou1":{"color":[{"color":"ffffff00"},{"time":0.1667,"color":"ffffffff"}]},"jiantou2":{"color":[{"color":"ffffff00"},{"time":0.1667,"color":"ffffffff"}]},"jiantou3":{"color":[{"color":"ffffff00"},{"time":0.1667,"color":"ffffffff"}]},"quan02":{"attachment":[{"name":null}]},"quan03":{"attachment":[{"name":null}]}},"bones":{"jiantou3":{"translate":[{"x":-35.95,"y":44.95},{"time":0.1667,"x":34.05,"y":-25.05},{"time":0.2917,"x":-15.95,"y":24.95},{"time":0.4167,"x":4.05,"y":4.95}],"scale":[{"x":1.5,"y":1.5},{"time":0.1667,"x":0.8,"y":0.8},{"time":0.2917,"x":1.1,"y":1.1},{"time":0.4167}]},"jiantou2":{"translate":[{"x":39.45,"y":44.95},{"time":0.1667,"x":-30.55,"y":-25.05},{"time":0.2917,"x":19.45,"y":24.95},{"time":0.4167,"x":-0.55,"y":4.95}],"scale":[{"x":1.5,"y":1.5},{"time":0.1667,"x":0.8,"y":0.8},{"time":0.2917,"x":1.1,"y":1.1},{"time":0.4167}]},"jiantou1":{"translate":[{"x":-38.45,"y":-47.45},{"time":0.1667,"x":31.55,"y":22.55},{"time":0.2917,"x":-18.45,"y":-27.45},{"time":0.4167,"x":1.55,"y":-7.45}],"scale":[{"x":1.5,"y":1.5},{"time":0.1667,"x":0.8,"y":0.8},{"time":0.2917,"x":1.1,"y":1.1},{"time":0.4167}]},"jiantou0":{"translate":[{"x":38.45,"y":-45.95},{"time":0.1667,"x":-31.55,"y":24.05},{"time":0.2917,"x":18.45,"y":-25.95},{"time":0.4167,"x":-1.55,"y":-5.95}],"scale":[{"x":1.5,"y":1.5},{"time":0.1667,"x":0.8,"y":0.8},{"time":0.2917,"x":1.1,"y":1.1},{"time":0.4167}]},"finger":{"translate":[{"x":50,"y":-50},{"time":0.1667,"x":-20,"y":20},{"time":0.2917,"x":10,"y":-10},{"time":0.4167}]},"quan1":{"scale":[{"x":3,"y":3},{"time":0.1667,"x":0.8,"y":0.8},{"time":0.2917,"x":1.1,"y":1.1},{"time":0.4167}]},"quan":{"scale":[{"x":3,"y":3},{"time":0.1667,"x":0.8,"y":0.8},{"time":0.2917,"x":1.1,"y":1.1},{"time":0.4167}]}},"drawOrder":[{"offsets":[{"slot":"quan0","offset":-5},{"slot":"quan01","offset":-5},{"slot":"quan02","offset":-5},{"slot":"quan03","offset":-5}]}]},"xunhuan":{"slots":{"quan02":{"color":[{"color":"ffffff00"},{"time":0.1667,"color":"ffffffff"},{"time":0.5,"color":"ffffff00"}]},"quan03":{"color":[{"color":"ffffff00"},{"time":0.1667,"color":"ffffffff"},{"time":0.5,"color":"ffffff00"}]}},"bones":{"quan1":{"scale":[{"x":0.9,"y":0.9},{"time":0.1667,"x":1.1,"y":1.1},{"time":0.5,"x":1.3,"y":1.3}]},"quan":{"scale":[{},{"time":0.25,"x":0.9,"y":0.9},{"time":0.5}]},"jiantou2":{"translate":[{"x":-0.55,"y":4.95},{"time":0.25,"x":14.45,"y":19.95},{"time":0.5,"x":-0.55,"y":4.95}]},"jiantou3":{"translate":[{"x":4.05,"y":4.95},{"time":0.25,"x":-10.95,"y":19.95},{"time":0.5,"x":4.05,"y":4.95}]},"jiantou1":{"translate":[{"x":1.55,"y":-7.45},{"time":0.25,"x":-13.45,"y":-22.45},{"time":0.5,"x":1.55,"y":-7.45}]},"jiantou0":{"translate":[{"x":-1.55,"y":-5.95},{"time":0.25,"x":13.45,"y":-20.95},{"time":0.5,"x":-1.55,"y":-5.95}]},"finger":{"translate":[{},{"time":0.25,"x":-20,"y":20},{"time":0.5}]}},"drawOrder":[{"offsets":[{"slot":"quan0","offset":-3},{"slot":"quan01","offset":-6},{"slot":"quan02","offset":-4},{"slot":"quan03","offset":-7}]}]}}},[0]]],0,0,[0],[-1],[0]]