[1,0,0,[["cc.JsonAsset",["_name","json"],1]],[[0,0,1,3]],[[0,"campData",{"1":{"1":"1","id":1,"bgColor":"48,154,95","bgIconName":"lvkuang11","edgeColor":"51,255,179"},"2":{"2":"2","id":2,"bgColor":"72,109,202","bgIconName":"lvkuang12","edgeColor":"26,239,252"},"3":{"3":"3","id":3,"bgColor":"231,128,34","bgIconName":"lvkuang13","edgeColor":"255,237,58"},"4":{"4":"4","id":4,"bgColor":"233,146,119","bgIconName":"lvkuang14","edgeColor":"218,62,8"},"5":{"5":"5","id":5,"bgColor":"95,84,159","bgIconName":"lvkuang15","edgeColor":"160,55,244"}}]],0,0,[],[],[]]